{
    "code": "pavingstonesstairs",
    "class": "BlockStairs",
    "variantgroups": [
        {
            "code": "stone",
            "states": [
                "andesite",
                "basalt",
                "granite",
                "peridotite"
            ]
        },
        {
            "code": "soil",
            "states": [
                "verylow",
                "low",
                "medium"
            ]
        },
        { 
            "loadFromProperties": "abstract/horizontalorientation"
        }
    ],
    "attributes": {
		"mapColorCode": "road",
		"canChisel": false,
        "partialAttachable": true,
		"liquidBarrierOnSidesByType": {
		   "*-north": [ 1.0, 0.5, 0.5, 0.5 ],
		   "*-south": [ 0.5, 0.5, 1.0, 0.5 ],
		   "*-west": [ 0.5, 0.5, 0.5, 1.0 ],
		   "*-east": [ 0.5, 1.0, 0.5, 0.5 ]
		}
	},
    "creativeinventory": {
        "general": ["*-notrh"], "morefloors": ["*-north"]
    },
    "blockmatetial": "Stone",
    "resistance": 4,
    "maxStackSize": 16,
    "materialDensity": 2000,
    "walkspeedmultiplier": 1.50,
    "shapeByType": {
        "*-north": {
            "base": "morefloors:block/stairs", "rotateY": 0
        },
        "*-east": {
            "base": "morefloors:block/stairs", "rotateY": 270
        },
        "*-south": {
            "base": "morefloors:block/stairs", "rotateY": 180
        },
        "*-west": {
            "base": "morefloors:block/stairs", "rotateY": 90
        }
    },
    "textures": {
        "up": {
            "base": "morefloors:block/pavingstones/stairs/pavingstones_lowerpart-{stone}_*"
        },
        "up1": {
            "base": "morefloors:block/pavingstones/stairs/pavingstones_upperpart-{stone}_*"
        },
        "down": {
            "base": "game:block/soil/fert{soil}"
        },
        "north": {
            "base": "morefloors:block/pavingstones/stairs/halffert{soil}"
        },
        "north1": {
            "base": "morefloors:block/pavingstones/northsiderock-{stone}-{soil}_*"
        },
        "south": {
            "base": "morefloors:block/pavingstones/sidemortar-{soil}_*"
        },
        "east": {
            "base": "morefloors:block/pavingstones/stairs/quartereast_fert{soil}"
        },
        "east1": {
            "base": "morefloors:block/pavingstones/stairs/sidemortar-{soil}_*"
        },
        "west": {
            "base": "morefloors:block/pavingstones/stairs/quarterwest_fert{soil}"
        },
        "west1": {
            "base": "morefloors:block/pavingstones/stairs/westsiderock_qr-{stone}-{soil}_*" 
        },
        "west2": {
            "base": "morefloors:block/pavingstones/stairs/westsiderock_ql-{stone}-{soil}_*" 
        }
    },
    "collisionSelectionBoxesByType": {
        "*": [ 
            { "x1": 0, "y1": 0, "z1": 0, "x2": 1, "y2": 0.5, "z2": 1 },
            {
                "x1": 0, "y1": 0.5, "z1": 0.5, "x2": 1, "y2": 1, "z2": 1,
                "rotateYByType": {
                    "*-north": 180,
					"*-east": 90,
					"*-south": 0,
					"*-west": 270
                }

            }
        ]
    },
    "sidesolid": {
        "all": false
    },
    "sideopaque": {
        "all": false
    },
    "sounds": {
        "break": "game:effect/stonecrush",
		"walk": "game:walk/stone",
		"byTool": {
			"Pickaxe": { "hit": "game:block/rock-hit-pickaxe", "break": "game:block/rock-break-pickaxe" }
		}
	},
    "heldTpIdleAnimation": "holdbothhandslarge", "heldRightReadyAnimation": "heldblockready", "heldTpUseAnimation": "twohandplaceblock",
	"tpHandTransform": {
		"translation": { "x": -1.23, "y": -0.91, "z": -0.8 },
		"rotation": { "x": -2, "y": 25, "z": -78 },
		"scale": 0.4
	}
}