{
    "code": "pavingstones",
    "variantgroups": [
        {
            "code": "stone",
            "states": [
                "andesite",
                "basalt",
                "granite",
                "peridotite"
            ]
        },
        {
            "code": "soil",
            "states": [
                "verylow",
                "low",
                "medium"
            ]
        },
        {
			"code": "orientation",
			"states": [
				"n",
				"e",
				"s",
				"w"
			]
		}
    ],
    "creativeinventory": {
        "general": ["*-n"], "morefloors": ["*-n"]
    },
    "behaviors": [
		{
			"name": "WrenchOrientable",
			"properties": {
				"baseCode": "morefloors:pavingstones-{stone}-{soil}"
			}
		}
	],
    "blockmatetial": "Stone",
    "texturesByType": {
        "*-n": {
            "up": {
                "base": "morefloors:block/pavingstones/pavingstones-{stone}_*"
            },
            "down": {
                "base": "game:block/soil/fert{soil}"
            },
            "north": {
                "base": "morefloors:block/pavingstones/northsiderock-{stone}-{soil}_*"
            },
            "south": {
                "base": "morefloors:block/pavingstones/sidemortar-{soil}_*"
            },
            "east": {
                "base": "morefloors:block/pavingstones/sidemortar-{soil}_*"
            },
            "west": {
                "base": "morefloors:block/pavingstones/westsiderock-{stone}-{soil}_*"
            }
        },
        "*-e": {
            "up": {
                "base": "morefloors:block/pavingstones/pavingstones-{stone}_*",
                "rotation": 270
            },
            "down": {
                "base": "game:block/soil/fert{soil}",
                "rotation": 270
            },
            "north": {
                "base": "morefloors:block/pavingstones/westsiderock-{stone}-{soil}_*"
            },
            "south": {
                "base": "morefloors:block/pavingstones/sidemortar-{soil}_*"
            },
            "east": {
                "base": "morefloors:block/pavingstones/northsiderock-{stone}-{soil}_*"
            },
            "west": {
                "base": "morefloors:block/pavingstones/sidemortar-{soil}_*"
            }
        },
        "*-s": {
            "up": {
                "base": "morefloors:block/pavingstones/pavingstones-{stone}_*",
                "rotation": 180
            },
            "down": {
                "base": "game:block/soil/fert{soil}",
                "rotation": 180
            },
            "north": {
                "base": "morefloors:block/pavingstones/sidemortar-{soil}_*"
            },
            "south": {
                
                "base":"morefloors:block/pavingstones/northsiderock-{stone}-{soil}_*" 
            },
            "east": {
                "base": "morefloors:block/pavingstones/westsiderock-{stone}-{soil}_*"
            },
            "west": {
                "base": "morefloors:block/pavingstones/sidemortar-{soil}_*"
            }
        },
        "*-w": {
            "up": {
                "base": "morefloors:block/pavingstones/pavingstones-{stone}_*",
                "rotation": 90
            },
            "down": {
                "base": "game:block/soil/fert{soil}",
                "rotation": 90
            },
            "north": {
                "base": "morefloors:block/pavingstones/sidemortar-{soil}_*"
            },
            "south": {
                "base": "morefloors:block/pavingstones/westsiderock-{stone}-{soil}_*"
            },
            "east": {
                "base": "morefloors:block/pavingstones/sidemortar-{soil}_*"
            },
            "west": {
                "base": "morefloors:block/pavingstones/northsiderock-{stone}-{soil}_*"
            }
        }
    },
    "resistance": 4,
    "walkspeedmultiplier": 1.50,
    "attributes": {
        "canChisel": "false",
        "mapColorCode": "road",
        "liquidBarrierOnSides": [
            1.0,
            1.0,
            1.0,
            1.0
        ]
    },
    "sounds": {
        "break": "game:effect/stonecrush",
        "walk": "game:walk/stone*",
        "byTool": {
            "Pickaxe": { "hit": "game:block/rock-hit-pickaxe", "break": "game:block/rock-break-pickaxe" }
        }
    },
    "drops": [
		{
			"type": "block",
			"code": "morefloors:pavingstones-{stone}-{soil}-n"
		}
	],
    "maxStackSize": 16,
    "materialDensity": 2000,
    "heldTpIdleAnimation": "holdbothhandslarge",
    "heldRightReadyAnimation": "heldblockready",
    "heldTpUseAnimation": "twohandplaceblock",
    "tpHandTransform": {
        "translation": {
            "x": -1.23,
            "y": -0.91,
            "z": -0.8
        },
        "rotation": {
            "x": -2,
            "y": 25,
            "z": -78
        },
        "scale": 0.4
    }
}