[
    {
        "op": "addeach",
        "path": "/client/behaviors/-",
        "value": [
            {
                "code": "tameable",
                "treat": [
					{ "code": "bushmeat-raw", "progress": 0.05, "cooldown": 0.5 },
                    { "code": "poultry-raw", "progress": 0.075, "cooldown": 0.6 },
					{ "code": "redmeat-raw", "progress": 0.125, "cooldown": 0.75 },
					{ "code": "grain-*", "progress": 0.025, "cooldown": 0.25 },
					{ "code": "bone", "progress": 0.05, "cooldown": 0.55 }
                ]
            }
        ],
        "file": "feverstonewilds:entities/land/cockatrice-chick.json",
        "dependsOn": [ { "modid": "petai" } ],
        "condition": { "when": "FSWCockatriceEnabled", "isValue": "true" }
    },
    {
        "op": "addeach",
        "path": "/server/behaviors/-",
        "value": [
            { "code": "tameable",
				"tameEntityCode": "feverstonewilds:tame-cockatrice-chick",
                "treat": [
					{ "code": "bushmeat-raw", "progress": 0.05, "cooldown": 0.5 },
                    { "code": "poultry-raw", "progress": 0.075, "cooldown": 0.6 },
					{ "code": "redmeat-raw", "progress": 0.125, "cooldown": 0.75 },
					{ "code": "grain-*", "progress": 0.025, "cooldown": 0.25 },
					{ "code": "bone", "progress": 0.05, "cooldown": 0.55 }
                ]
            }
        ],
        "file": "feverstonewilds:entities/land/cockatrice-chick.json",
        "dependsOn": [ { "modid": "petai" } ],
        "condition": { "when": "FSWCockatriceEnabled", "isValue": "true" }
    },

    {
        "op": "addeach",
        "path": "/client/behaviors/-",
        "value": [
            { "code": "nametag", "showtagonlywhentargeted": true },
            { "code": "receivecommand",
                "availableCommands": [
                    { "commandName": "sit", "commandType": "SIMPLE", "minObedience": 0.2 },
                    { "commandName": "lay", "commandType": "SIMPLE", "minObedience": 0.4 }
                ]
            },
            { "code": "tameable", "size": "small",
                "treat": [
                    { "code": "bone", "progress": 0.1, "cooldown": 1 },
                    { "code": "bushmeat-raw", "progress": 0.15, "cooldown": 2 },
                    { "code": "redmeat-raw", "progress": 0.3, "cooldown": 3 },
                    { "code": "poultry-raw", "progress": 0.3, "cooldown": 3 },
					{ "code": "grain-*", "progress": 0.025, "cooldown": 0.25 },
                    { "code": "petcookie-meat-perfect", "domain": "petai", "progress": 0.8, "cooldown": 3 }
                ]
            }
        ],
        "file": "feverstonewilds:entities/land/tame-cockatrice-chick.json",
        "dependsOn": [ { "modid": "petai" } ],
        "condition": { "when": "FSWTameCockatriceEnabled", "isValue": "true" }
    },
    {
        "op": "addeach",
        "path": "/server/behaviors/-",
        "value": [
            { "code": "nametag", "showtagonlywhentargeted": true },
            { "code": "receivecommand",
                "availableCommands": [
                    { "commandName": "sit", "commandType": "SIMPLE", "minObedience": 0.2 },
                    { "commandName": "lay", "commandType": "SIMPLE", "minObedience": 0.4 }
                ]
            },
            { "code": "tameable", "size": "small",
                "treat": [
                    { "code": "bone", "progress": 0.1, "cooldown": 1 },
                    { "code": "bushmeat-raw", "progress": 0.15, "cooldown": 2 },
                    { "code": "redmeat-raw", "progress": 0.3, "cooldown": 3 },
                    { "code": "poultry-raw", "progress": 0.3, "cooldown": 3 },
					{ "code": "grain-*", "progress": 0.025, "cooldown": 0.25 },
                    { "code": "petcookie-meat-perfect", "domain": "petai", "progress": 0.8, "cooldown": 3 }
                ]
            }
        ],
        "file": "feverstonewilds:entities/land/tame-cockatrice-chick.json",
        "dependsOn": [ { "modid": "petai" } ],
        "condition": { "when": "FSWTameCockatriceEnabled", "isValue": "true" }
    },
    {
        "op": "remove",
        "path": "/server/behaviors/11",
        "file": "feverstonewilds:entities/land/tame-cockatrice-chick.json",
        "dependsOn": [ {"modid": "petai"} ],
        "condition": { "when": "FSWTameCockatriceEnabled", "isValue": "true" }
    },
    {
        "op": "add",
        "path": "/server/behaviors/-",
        "value": { "code": "pettableextended" },
        "file": "feverstonewilds:entities/land/tame-cockatrice-chick.json",
        "dependsOn": [ {"modid": "petai"} ],
        "condition": { "when": "FSWTameCockatriceEnabled", "isValue": "true" }
    },
    {
        "op": "replace",
        "path": "/server/behaviors/8",
        "value": { "code": "raisable", "hoursToGrow": 100,
				"adultEntityCodes": [ "feverstonewilds:tame-cockatrice-male", "feverstonewilds:tame-cockatrice-female" ]  
            },
        "file": "feverstonewilds:entities/land/tame-cockatrice-chick.json",
        "dependsOn": [ {"modid": "petai"} ],
        "condition": { "when": "FSWTameCockatriceEnabled", "isValue": "true" }
    },
    {
        "op": "addeach",
        "path": "/server/behaviors/9/aitasks/0",
        "value": [
                    {
                        "code": "simplecommand",
                        "priority": 3,
                        "minduration": 2000,
                        "maxduration": 10000,
                        "priorityForCancel": 2.9,
                        "animation": "sleep",
                        "command": "sit"
                    },
                    {
                        "code": "simplecommand",
                        "priority": 3,
                        "minduration": 5000,
                        "maxduration": 15000,
                        "priorityForCancel": 2.9,
                        "animation": "sleep",
                        "command": "lay"
                    }
            ],
        "file": "feverstonewilds:entities/land/tame-cockatrice-chick.json",
        "dependsOn": [ {"modid": "petai"} ],
        "condition": { "when": "FSWTameCockatriceEnabled", "isValue": "true" }
    },

    {
        "op": "addeach",
        "path": "/client/behaviors/-",
        "value": [
            { "code": "nametag", "showtagonlywhentargeted": true },
            { "code": "receivecommand",
                "availableCommands": [
                    { "commandName": "sit", "commandType": "SIMPLE", "minObedience": 0.2 },
                    { "commandName": "lay", "commandType": "SIMPLE", "minObedience": 0.2 },
                    { "commandName": "speak", "commandType": "SIMPLE", "minObedience": 0.2 },
                    { "commandName": "followmaster", "commandType": "COMPLEX", "minObedience": 0.6 },
                    { "commandName": "stay", "commandType": "COMPLEX", "minObedience": 0.1 },
                    { "commandName": "NEUTRAL", "commandType": "AGGRESSIONLEVEL", "minObedience": 0 },
                    { "commandName": "PROTECTIVE", "commandType": "AGGRESSIONLEVEL", "minObedience": 0.5 },
                    { "commandName": "AGGRESSIVE", "commandType": "AGGRESSIONLEVEL", "minObedience": 0.7 },
                    { "commandName": "PASSIVE", "commandType": "AGGRESSIONLEVEL", "minObedience": 0.8 }
                ]
            },
            { "code": "tameable",
                "size": "medium",
                "treat": [
                    { "code": "bone", "progress": 0.1, "cooldown": 1 },
                    { "code": "bushmeat-raw", "progress": 0.15, "cooldown": 2 },
                    { "code": "redmeat-raw", "progress": 0.3, "cooldown": 3 },
                    { "code": "poultry-raw", "progress": 0.3, "cooldown": 3 },
                    { "code": "petcookie-meat-perfect", "domain": "petai", "progress": 0.8, "cooldown": 3 },
                    { "code": "grain-*", "progress": 0.2, "cooldown": 2.5 }
                ]
            }
        ],
        "file": "feverstonewilds:entities/land/tame-cockatrice.json",
        "dependsOn": [ { "modid": "petai" } ],
        "condition": { "when": "FSWTameCockatriceEnabled", "isValue": "true" }
    },
    {
        "op": "addeach",
        "path": "/server/behaviors/-",
        "value": [
            { "code": "nametag",  "showtagonlywhentargeted": true  },
            { "code": "tameable",
                "size": "medium",
                "disobediencePerDay": 0.01,
                "treat": [
                    { "code": "bone", "progress": 0.1, "cooldown": 1 },
                    { "code": "bushmeat-raw", "progress": 0.15, "cooldown": 2 },
                    { "code": "redmeat-raw", "progress": 0.3, "cooldown": 3 },
                    { "code": "poultry-raw", "progress": 0.3, "cooldown": 3 },
                    { "code": "petcookie-meat-perfect", "domain": "petai", "progress": 0.8, "cooldown": 3 },
                    { "code": "grain-*", "progress": 0.2, "cooldown": 2.5 }
                ]
            },
            {
                "code": "receivecommand",
                "availableCommands": [
                {
                    "commandName": "sit",
                    "commandType": "SIMPLE",
                    "minObedience": 0.2
                },
                {
                    "commandName": "lay",
                    "commandType": "SIMPLE",
                    "minObedience": 0.2
                },
                {
                    "commandName": "speak",
                    "commandType": "SIMPLE",
                    "minObedience": 0.2
                },
                {
                    "commandName": "followmaster",
                    "commandType": "COMPLEX",
                    "minObedience": 0.4
                },
                {
                    "commandName": "stay",
                    "commandType": "COMPLEX",
                    "minObedience": 0.1
                },
                {
                    "commandName": "NEUTRAL",
                    "commandType": "AGGRESSIONLEVEL",
                    "minObedience": 0
                },
                {
                    "commandName": "PROTECTIVE",
                    "commandType": "AGGRESSIONLEVEL",
                    "minObedience": 0.5
                },
                {
                    "commandName": "AGGRESSIVE",
                    "commandType": "AGGRESSIONLEVEL",
                    "minObedience": 0.4
                },
                {
                    "commandName": "PASSIVE",
                    "commandType": "AGGRESSIONLEVEL",
                    "minObedience": 0.4
                }
                ]
            }
        ],
        "file": "feverstonewilds:entities/land/tame-cockatrice.json",
        "dependsOn": [ { "modid": "petai" } ],
        "condition": { "when": "FSWTameCockatriceEnabled", "isValue": "true" }
    },
    {
        "op": "remove",
        "path": "/server/behaviors/12",
        "file": "feverstonewilds:entities/land/tame-cockatrice.json",
        "dependsOn": [ {"modid": "petai"} ],
        "condition": { "when": "FSWTameCockatriceEnabled", "isValue": "true" }
    },
    {
        "op": "add",
        "path": "/server/behaviors/-",
        "value": { "code": "pettableextended" },
        "file": "feverstonewilds:entities/land/tame-cockatrice.json",
        "dependsOn": [ {"modid": "petai"} ],
        "condition": { "when": "FSWTameCockatriceEnabled", "isValue": "true" }
    },
    {
        "op": "addeach",
        "path": "/server/behaviors/10/aitasks/0",
        "value": [
                    {
                        "code": "petmeleeattack",
                        "entityCodes": [
                        "drifter-*",
                        "wolf-*",
                        "hyena-*",
                        "squirrel-*"
                        ],
                        "isCommandable": true,
                        "priority": 3,
                        "damage": 5,
                        "damageTier": 2,
                        "damageType": "SlashingAttack",
                        "slot": 1,
                        "mincooldown": 1500,
                        "maxcooldown": 1500,
                        "attackDurationMs": 800,
                        "damagePlayerAtMs": 500,
                        "animation": "Attack",
                        "animationSpeed": 2.5,
                        "sound": "game:creature/chicken/rooster-alarm2"
                    },
                    {
                        "code": "petseekentity",
                        "entityCodes": [
                        "drifter-*",
                        "wolf-*",
                        "hyena-*",
                        "squirrel-*"
                        ],
                        "isCommandable": true,
                        "priority": 2.9,
                        "movespeed": 0.045,
                        "seekingRange": 15,
                        "belowTempSeekingRange": 25,
                        "belowTempThreshold": -5,
                        "animation": "Run",
                        "leapAtTarget": true,
                        "leapAnimation": null,
                        "animationSpeed": 2.2,
                        "leapChance": 0.01
                    },
                    {
                        "code": "simplecommand",
                        "priority": 3,
                        "minduration": 2000,
                        "maxduration": 10000,
                        "priorityForCancel": 2.8,
                        "animation": "Sleep",
                        "command": "sit"
                    },
                    {
                        "code": "simplecommand",
                        "priority": 3,
                        "minduration": 5000,
                        "maxduration": 15000,
                        "priorityForCancel": 2.8,
                        "animation": "Sleep",
                        "animationSpeed": 0.8,
                        "command": "lay"
                    },
                    {
                        "code": "followmaster",
                        "priority": 2,
                        "priorityForCancel": 1.9,
                        "command": "followmaster",
                        "movespeed": 0.045,
                        "animationSpeed": 2.2,
                        "maxDistance": 8,
                        "searchRange": 40,
                        "animation": "Run",
                        "allowTeleport": true
                    },
                    {
                        "code": "stay",
                        "priority": 2,
                        "priorityForCancel": 1.9,
                        "command": "stay",
                        "movespeed": 0.006,
                        "maxDistance": 10,
                        "searchRange": 40,
                        "animation": "Walk"
                    },
                    {
                        "code": "seeknest",
                        "priority": 1.56,
                        "duringDayTimeFrames": [
                            { "fromHour": 10, "toHour": 18 },
                            { "fromHour": 1, "toHour": 3 } 
                        ],
                        "movespeed": 0.006,
                        "animation": "Walk"
                    }
            ],
        "file": "feverstonewilds:entities/land/tame-cockatrice.json",
        "dependsOn": [ {"modid": "petai"} ],
        "condition": { "when": "FSWTameCockatriceEnabled", "isValue": "true" }
    }
]