[
    {
        "op": "addeach",
        "path": "/client/behaviors/-",
        "value": [
            { "code": "nametag", "showtagonlywhentargeted": true },
            { "code": "tameable",
				"treat": [
					{ "code": "redmeat-raw", "progress": 0.125, "cooldown": 0.75 },
					{ "code": "bushmeat-raw", "progress": 0.05, "cooldown": 0.5 },
					{ "code": "poultry-raw", "progress": 0.25, "cooldown": 1 }
				]
			},
                { "code": "receivecommand",
                    "availableCommands": [
                        { "commandName": "followmaster", "commandType": "COMPLEX", "minObedience": 0.4 },
                        { "commandName": "stay", "commandType": "COMPLEX", "minObedience": 0.2 }
                    ]
			    }
        ],
        "file": "feverstonewilds:entities/land/direwolf-pup.json",
        "dependsOn": [ { "modid": "petai" } ],
        "condition": { "when": "FSWWildDirewolfEnabled", "isValue": "true" }
    },
    {
        "op": "addeach",
        "path": "/server/behaviors/-",
        "value": [
            { "code": "nametag", "showtagonlywhentargeted": true },
            { "code": "tameable",
				"tameEntityCode": "feverstonewilds:tame-direwolf-pup",
				"treat": [
					{ "code": "redmeat-raw", "progress": 0.125, "cooldown": 0.75 },
					{ "code": "bushmeat-raw", "progress": 0.05, "cooldown": 0.5 },
					{ "code": "poultry-raw", "progress": 0.25, "cooldown": 1 }
				]
			},
                { "code": "receivecommand",
                    "availableCommands": [
                        { "commandName": "followmaster", "commandType": "COMPLEX", "minObedience": 0.4 },
                        { "commandName": "stay", "commandType": "COMPLEX", "minObedience": 0.2 }
                    ]
			    }
        ],
        "file": "feverstonewilds:entities/land/direwolf-pup.json",
        "dependsOn": [ { "modid": "petai" } ],
        "condition": { "when": "FSWWildDirewolfEnabled", "isValue": "true" }
    },
    {
        "op": "remove",
        "path": "/server/behaviors/13",
        "file": "feverstonewilds:entities/land/direwolf-pup.json",
        "dependsOn": [ {"modid": "petai"} ],
        "condition": { "when": "FSWWildDirewolfEnabled", "isValue": "true" }
    },
    {
        "op": "add",
        "path": "/server/behaviors/-",
        "value": { "code": "pettableextended" },
        "file": "feverstonewilds:entities/land/direwolf-pup.json",
        "dependsOn": [ {"modid": "petai"} ],
        "condition": { "when": "FSWWildDirewolfEnabled", "isValue": "true" }
    },

    {
        "op": "addeach",
        "path": "/client/behaviors/-",
        "value": [
            { "code": "nametag", "showtagonlywhentargeted": true },
            { "code": "receivecommand",
                "availableCommands": [
                    { "commandName": "sit", "commandType": "SIMPLE", "minObedience": 0.2 },
                    { "commandName": "lay", "commandType": "SIMPLE", "minObedience": 0.4 },
                    { "commandName": "speak", "commandType": "SIMPLE", "minObedience": 0.6 }
                ]
            },
            { "code": "tameable", "size": "small",
                "treat": [
                    { "code": "bone", "progress": 0.1, "cooldown": 1 },
                    { "code": "bushmeat-raw", "progress": 0.15, "cooldown": 2 },
                    { "code": "redmeat-raw", "progress": 0.3, "cooldown": 3 },
                    { "code": "poultry-raw", "progress": 0.3, "cooldown": 3 },
                    { "code": "petcookie-meat-perfect", "domain": "petai", "progress": 0.8, "cooldown": 3 }
                ]
            }
        ],
        "file": "feverstonewilds:entities/land/tame-direwolf-pup.json",
        "dependsOn": [ { "modid": "petai" } ],
        "condition": { "when": "FSWTameDirewolfEnabled", "isValue": "true" }
    },
    {
        "op": "addeach",
        "path": "/server/behaviors/-",
        "value": [
            { "code": "nametag", "showtagonlywhentargeted": true },
            { "code": "receivecommand",
                "availableCommands": [
                    { "commandName": "sit", "commandType": "SIMPLE", "minObedience": 0.2 },
                    { "commandName": "lay", "commandType": "SIMPLE", "minObedience": 0.4 },
                    { "commandName": "speak", "commandType": "SIMPLE", "minObedience": 0.6 }
                ]
            },
            { "code": "tameable", "size": "small",
                "treat": [
                    { "code": "bone", "progress": 0.1, "cooldown": 1 },
                    { "code": "bushmeat-raw", "progress": 0.15, "cooldown": 2 },
                    { "code": "redmeat-raw", "progress": 0.3, "cooldown": 3 },
                    { "code": "poultry-raw", "progress": 0.3, "cooldown": 3 },
                    { "code": "petcookie-meat-perfect", "domain": "petai", "progress": 0.8, "cooldown": 3 }
                ]
            }
        ],
        "file": "feverstonewilds:entities/land/tame-direwolf-pup.json",
        "dependsOn": [ { "modid": "petai" } ],
        "condition": { "when": "FSWTameDirewolfEnabled", "isValue": "true" }
    },
    {
        "op": "remove",
        "path": "/server/behaviors/11",
        "file": "feverstonewilds:entities/land/tame-direwolf-pup.json",
        "dependsOn": [ {"modid": "petai"} ],
        "condition": { "when": "FSWTameDirewolfEnabled", "isValue": "true" }
    },
    {
        "op": "add",
        "path": "/server/behaviors/-",
        "value": { "code": "pettableextended" },
        "file": "feverstonewilds:entities/land/tame-direwolf-pup.json",
        "dependsOn": [ {"modid": "petai"} ],
        "condition": { "when": "FSWTameDirewolfEnabled", "isValue": "true" }
    },
    {
        "op": "replace",
        "path": "/server/behaviors/8",
        "value": { "code": "raisable", "hoursToGrow": 100,
				"adultEntityCodes": [ "feverstonewilds:tame-direwolf-male", "feverstonewilds:tame-direwolf-female" ]  
            },
        "file": "feverstonewilds:entities/land/tame-direwolf-pup.json",
        "dependsOn": [ {"modid": "petai"} ],
        "condition": { "when": "FSWTameDirewolfEnabled", "isValue": "true" }
    },
    {
        "op": "addeach",
        "path": "/server/behaviors/9/aitasks/0",
        "value": [
                    {
                        "code": "simplecommand",
                        "priority": 3,
                        "minduration": 2000,
                        "maxduration": 10000,
                        "priorityForCancel": 2.9,
                        "animation": "Sit",
                        "command": "sit"
                    },
                    {
                        "code": "simplecommand",
                        "priority": 3,
                        "minduration": 5000,
                        "maxduration": 15000,
                        "priorityForCancel": 2.9,
                        "animation": "Lie",
                        "command": "lay"
                    },
                    {
                        "code": "simplecommand",
                        "priority": 3,
                        "minduration": 2000,
                        "maxduration": 3000,
                        "priorityForCancel": 3.1,
                        "animation": "Howl",
                        "command": "speak",
                        "sound": "game:creature/wolf/pup-bark"
                    }
            ],
        "file": "feverstonewilds:entities/land/tame-direwolf-pup.json",
        "dependsOn": [ {"modid": "petai"} ],
        "condition": { "when": "FSWTameDirewolfEnabled", "isValue": "true" }
    },

    {
        "op": "addeach",
        "path": "/client/behaviors/-",
        "value": [
                { "code": "nametag", "showtagonlywhentargeted": true },
                { "code": "tameable", "size": "medium",
                    "treat": [
                        { "code": "bone", "progress": 0.1, "cooldown": 1 },
                        { "code": "bushmeat-raw", "progress": 0.15, "cooldown": 2 },
                        { "code": "redmeat-raw", "progress": 0.3, "cooldown": 3 },
                        { "code": "poultry-raw", "progress": 0.3, "cooldown": 3 },
                        { "code": "petcookie-meat-perfect", "domain": "petai", "progress": 0.8, "cooldown": 3 }
                    ]
                },
                { "code": "receivecommand",
                    "availableCommands": [
                        { "commandName": "sit", "commandType": "SIMPLE", "minObedience": 0.2 },
                        { "commandName": "lay", "commandType": "SIMPLE", "minObedience": 0.2 },
                        { "commandName": "speak", "commandType": "SIMPLE", "minObedience": 0.2 },
                        { "commandName": "followmaster", "commandType": "COMPLEX", "minObedience": 0.6 },
                        { "commandName": "stay", "commandType": "COMPLEX", "minObedience": 0.1 },
                        { "commandName": "NEUTRAL", "commandType": "AGGRESSIONLEVEL", "minObedience": 0 },
                        { "commandName": "PROTECTIVE", "commandType": "AGGRESSIONLEVEL", "minObedience": 0.5 },
                        { "commandName": "AGGRESSIVE", "commandType": "AGGRESSIONLEVEL", "minObedience": 0.7 },
                        { "commandName": "PASSIVE", "commandType": "AGGRESSIONLEVEL", "minObedience": 0.8 }
                    ]
                }
        ],
        "file": "feverstonewilds:entities/land/tame-direwolf.json",
        "dependsOn": [ { "modid": "petai" } ],
        "condition": { "when": "FSWTameDirewolfEnabled", "isValue": "true" }
    },
    {
        "op": "addeach",
        "path": "/server/behaviors/-",
        "value": [
            { "code": "nametag", "showtagonlywhentargeted": true },
            { "code": "tameable", "size": "medium",
                "treat": [
                    { "code": "bone", "progress": 0.1, "cooldown": 1 },
                    { "code": "bushmeat-raw", "progress": 0.15, "cooldown": 2 },
                    { "code": "redmeat-raw", "progress": 0.3, "cooldown": 3 },
                    { "code": "poultry-raw", "progress": 0.3, "cooldown": 3 },
                    { "code": "petcookie-meat-perfect", "domain": "petai", "progress": 0.8, "cooldown": 3 }
                ]
            },
            { "code": "receivecommand",
                "availableCommands": [
                    { "commandName": "sit", "commandType": "SIMPLE", "minObedience": 0.2 },
                    { "commandName": "lay", "commandType": "SIMPLE", "minObedience": 0.2 },
                    { "commandName": "speak", "commandType": "SIMPLE", "minObedience": 0.2 },
                    { "commandName": "followmaster", "commandType": "COMPLEX", "minObedience": 0.6 },
                    { "commandName": "stay", "commandType": "COMPLEX", "minObedience": 0.1 },
                    { "commandName": "NEUTRAL", "commandType": "AGGRESSIONLEVEL", "minObedience": 0 },
                    { "commandName": "PROTECTIVE", "commandType": "AGGRESSIONLEVEL", "minObedience": 0.5 },
                    { "commandName": "AGGRESSIVE", "commandType": "AGGRESSIONLEVEL", "minObedience": 0.7 },
                    { "commandName": "PASSIVE", "commandType": "AGGRESSIONLEVEL", "minObedience": 0.8 }
                ]
            }
        ],
        "file": "feverstonewilds:entities/land/tame-direwolf.json",
        "dependsOn": [ { "modid": "petai" } ],
        "condition": { "when": "FSWTameDirewolfEnabled", "isValue": "true" }
    },
    {
        "op": "remove",
        "path": "/server/behaviors/11",
        "file": "feverstonewilds:entities/land/tame-direwolf-pup.json",
        "dependsOn": [ {"modid": "petai"} ],
        "condition": { "when": "FSWTameDirewolfEnabled", "isValue": "true" }
    },
    {
        "op": "add",
        "path": "/server/behaviors/-",
        "value": { "code": "pettableextended" },
        "file": "feverstonewilds:entities/land/tame-direwolf-pup.json",
        "dependsOn": [ {"modid": "petai"} ],
        "condition": { "when": "FSWTameDirewolfEnabled", "isValue": "true" }
    },
    {
        "op": "addeach",
        "path": "/server/behaviors/15/aitasks/0",
        "value": [
                    {
                        "code": "petmeleeattack",
                        "entityCodes": [
                            "drifter-*",
                            "feverstonewilds:direwolf-male",
                            "feverstonewilds:direwolf-female",
                            "hyena-*",
                            "squirrel-*"
                        ],
                        "isCommandable": true,
                        "priority": 3,
                        "damage": 8,
                        "damageTier": 2,
                        "damageType": "SlashingAttack",
                        "slot": 1,
                        "mincooldown": 1500,
                        "maxcooldown": 1500,
                        "attackDurationMs": 800,
                        "damagePlayerAtMs": 500,
                        "animation": "Attack",
                        "animationSpeed": 2.5,
                        "sound": "game:creature/wolf/attack"
                    },
                    {
                        "code": "petseekentity",
                        "entityCodes": [
                            "drifter-*",
                            "feverstonewilds:direwolf-male",
                            "feverstonewilds:direwolf-female",
                            "hyena-*",
                            "squirrel-*"
                        ],
                        "isCommandable": true,
                        "priority": 2.9,
                        "movespeed": 0.045,
                        "seekingRange": 15,
                        "belowTempSeekingRange": 25,
                        "belowTempThreshold": -5,
                        "animation": "Run",
                        "leapAtTarget": true,
                        "leapAnimation": null,
                        "animationSpeed": 2.2,
                        "leapChance": 0.01
                    },
                    {
                        "code": "simplecommand",
                        "priority": 3,
                        "minduration": 2000,
                        "maxduration": 10000,
                        "priorityForCancel": 2.8,
                        "animation": "Sit",
                        "command": "sit"
                    },
                    {
                        "code": "simplecommand",
                        "priority": 3,
                        "minduration": 5000,
                        "maxduration": 15000,
                        "priorityForCancel": 2.8,
                        "animation": "Lie",
                        "animationSpeed": 0.8,
                        "command": "lay"
                    },
                    {
                        "code": "simplecommand",
                        "priority": 3,
                        "minduration": 4667,
                        "maxduration": 4667,
                        "priorityForCancel": 3.1,
                        "animation": "Howl",
                        "animationSpeed": 0.5,
                        "command": "speak",
                        "sound": "game:creature/wolf/howl*"
                    },
                    {
                        "code": "followmaster",
                        "priority": 2,
                        "priorityForCancel": 1.9,
                        "command": "followmaster",
                        "movespeed": 0.045,
                        "animationSpeed": 2.2,
                        "maxDistance": 8,
                        "searchRange": 40,
                        "animation": "Run",
                        "allowTeleport": true
                    },
                    {
                        "code": "stay",
                        "priority": 2,
                        "priorityForCancel": 1.9,
                        "command": "stay",
                        "movespeed": 0.006,
                        "maxDistance": 10,
                        "searchRange": 40,
                        "animation": "Walk"
                    },
                    {
                        "code": "seeknest",
                        "priority": 1.56,
                        "duringDayTimeFrames": [
                            { "fromHour": 10, "toHour": 18 },
                            { "fromHour": 1, "toHour": 3 }
                        ],
                        "movespeed": 0.006,
                        "animation": "Walk"
                    }
            ],
        "file": "feverstonewilds:entities/land/tame-direwolf.json",
        "dependsOn": [ {"modid": "petai"} ],
        "condition": { "when": "FSWTameDirewolfEnabled", "isValue": "true" }
    }
]