[
    {
        "__comment": "===Add PetAI Compatible Behaviors===",
        "op": "addeach",
        "path": "/client/behaviors/-",
        "value": [
            { "code": "nametag", "showtagonlywhentargeted": true },
            { "code": "tameable",
                "treat": [
                    { "code": "vegetable-carrot", "progress": 0.10, "cooldown": 0.2 },
                    { "code": "vegetable-cabbage", "progress": 0.03, "cooldown": 0.4 },
                    { "code": "vegetable-turnip", "progress": 0.04, "cooldown": 0.3 },
                    { "code": "carrotbundle", "progress": 0.15, "cooldown": 0.25 },
                    { "code": "drygrassbundle", "progress": 0.075, "cooldown": 0.55 },
                    { "code": "drygrass", "progress": 0.025, "cooldown": 0.25 },
                    { "code": "fruit-pinkapple", "progress": 0.169, "cooldown": 0.55 },
                    { "code": "fruit-redapple", "progress": 0.169, "cooldown": 0.55 },
                    { "code": "fruit-yellowapple", "progress": 0.169, "cooldown": 0.55 },
                    { "code": "grain-flax", "progress": 0.075, "cooldown": 0.45 },
                    { "code": "grain-rye", "progress": 0.075, "cooldown": 0.45 },
                    { "code": "grain-spelt", "progress": 0.075, "cooldown": 0.45 }
                ]
            },
            { "code": "receivecommand",
                    "availableCommands": [
                        { "commandName": "followmaster", "commandType": "COMPLEX", "minObedience": 0.1 },
                        { "commandName": "stay", "commandType": "COMPLEX", "minObedience": 0.3 }
                    ]
            }
        ],
        "file": "feverstonewilds:entities/land/horse.json",
        "dependsOn": [ { "modid": "petai" } ],
        "condition": { "when": "FSWHorseEnabled", "isValue": "true" }
    },
    {
        "op": "addeach",
        "path": "/client/behaviors/-",
        "value": [
            { "code": "nametag", "showtagonlywhentargeted": true },
            { "code": "tameable",
                "treat": [
                    { "code": "vegetable-carrot", "progress": 0.10, "cooldown": 0.2 },
                    { "code": "vegetable-cabbage", "progress": 0.03, "cooldown": 0.4 },
                    { "code": "vegetable-turnip", "progress": 0.04, "cooldown": 0.3 },
                    { "code": "carrotbundle", "progress": 0.15, "cooldown": 0.25 },
                    { "code": "drygrassbundle", "progress": 0.075, "cooldown": 0.55 },
                    { "code": "drygrass", "progress": 0.025, "cooldown": 0.25 },
                    { "code": "fruit-pinkapple", "progress": 0.169, "cooldown": 0.55 },
                    { "code": "fruit-redapple", "progress": 0.169, "cooldown": 0.55 },
                    { "code": "fruit-yellowapple", "progress": 0.169, "cooldown": 0.55 },
                    { "code": "grain-flax", "progress": 0.075, "cooldown": 0.45 },
                    { "code": "grain-rye", "progress": 0.075, "cooldown": 0.45 },
                    { "code": "grain-spelt", "progress": 0.075, "cooldown": 0.45 }
                ]
            },
            { "code": "receivecommand",
                    "availableCommands": [
                        { "commandName": "followmaster", "commandType": "COMPLEX", "minObedience": 0.1 },
                        { "commandName": "stay", "commandType": "COMPLEX", "minObedience": 0.3 }
                    ]
            }
        ],
        "file": "feverstonewilds:entities/land/foal.json",
        "dependsOn": [ { "modid": "petai" } ],
        "condition": { "when": "FSWFoalEnabled", "isValue": "true" }
    },
    {
        "op": "addeach",
        "path": "/server/behaviors/-",
        "value": [
            { "code": "nametag", "showtagonlywhentargeted": true },
            { "code": "tameable",
                "disobediencePerDay": 0.01,
                "tameEntityCode": "feverstonewilds:horse-tamed-{gender}-{type}",
                "treat": [
                    { "code": "vegetable-carrot", "progress": 0.10, "cooldown": 0.2 },
                    { "code": "vegetable-cabbage", "progress": 0.03, "cooldown": 0.4 },
                    { "code": "vegetable-turnip", "progress": 0.04, "cooldown": 0.3 },
                    { "code": "carrotbundle", "progress": 0.15, "cooldown": 0.25 },
                    { "code": "drygrassbundle", "progress": 0.075, "cooldown": 0.55 },
                    { "code": "drygrass", "progress": 0.025, "cooldown": 0.25 },
                    { "code": "fruit-pinkapple", "progress": 0.169, "cooldown": 0.55 },
                    { "code": "fruit-redapple", "progress": 0.169, "cooldown": 0.55 },
                    { "code": "fruit-yellowapple", "progress": 0.169, "cooldown": 0.55 },
                    { "code": "grain-flax", "progress": 0.075, "cooldown": 0.45 },
                    { "code": "grain-rye", "progress": 0.075, "cooldown": 0.45 },
                    { "code": "grain-spelt", "progress": 0.075, "cooldown": 0.45 }
                ]
            },
            { "code": "receivecommand",
                    "availableCommands": [
                        { "commandName": "followmaster", "commandType": "COMPLEX", "minObedience": 0.1 },
                        { "commandName": "stay", "commandType": "COMPLEX", "minObedience": 0.3 }
                    ]
            }
        ],
        "file": "feverstonewilds:entities/land/horse.json",
        "dependsOn": [ { "modid": "petai" } ],
        "condition": { "when": "FSWHorseEnabled", "isValue": "true" }
    },
    {
        "op": "addeach",
        "path": "/server/behaviors/-",
        "value": [
            { "code": "nametag", "showtagonlywhentargeted": true },
            { "code": "tameable",
                "disobediencePerDay": 0.01,
                "tameEntityCode": "feverstonewilds:foal-tamed-{type}",
                "treat": [
                    { "code": "vegetable-carrot", "progress": 0.10, "cooldown": 0.2 },
                    { "code": "vegetable-cabbage", "progress": 0.03, "cooldown": 0.4 },
                    { "code": "vegetable-turnip", "progress": 0.04, "cooldown": 0.3 },
                    { "code": "carrotbundle", "progress": 0.15, "cooldown": 0.25 },
                    { "code": "drygrassbundle", "progress": 0.075, "cooldown": 0.55 },
                    { "code": "drygrass", "progress": 0.025, "cooldown": 0.25 },
                    { "code": "fruit-pinkapple", "progress": 0.169, "cooldown": 0.55 },
                    { "code": "fruit-redapple", "progress": 0.169, "cooldown": 0.55 },
                    { "code": "fruit-yellowapple", "progress": 0.169, "cooldown": 0.55 },
                    { "code": "grain-flax", "progress": 0.075, "cooldown": 0.45 },
                    { "code": "grain-rye", "progress": 0.075, "cooldown": 0.45 },
                    { "code": "grain-spelt", "progress": 0.075, "cooldown": 0.45 }
                ]
            },
            { "code": "receivecommand",
                    "availableCommands": [
                        { "commandName": "followmaster", "commandType": "COMPLEX", "minObedience": 0.1 },
                        { "commandName": "stay", "commandType": "COMPLEX", "minObedience": 0.3 }
                    ]
            }
        ],
        "file": "feverstonewilds:entities/land/foal.json",
        "dependsOn": [ { "modid": "petai" } ],
        "condition": { "when": "FSWFoalEnabled", "isValue": "true" }
    },
    {
        "op": "addeach",
        "path": "/server/behaviors/14/aitasks/0",
        "value": [ 
                {
                    "code": "followmaster",
                    "priority": 2,
                    "priorityForCancel": 1.9,
                    "command": "followmaster",
                    "movespeed": 0.045,
                    "animationSpeed": 2.2,
                    "maxDistance": 8,
                    "searchRange": 40,
                    "animation": "Gallop",
                    "allowTeleport": true
                },
                {
                    "code": "stay",
                    "priority": 2,
                    "priorityForCancel": 1.9,
                    "command": "stay",
                    "movespeed": 0.006,
                    "maxDistance": 5,
                    "searchRange": 20,
                    "animation": "Walk"
                }
            ],
        "file": "feverstonewilds:entities/land/horse.json",
        "dependsOn": [ {"modid": "petai"} ],
        "condition": { "when": "FSWHorseEnabled", "isValue": "true" }
    },
    {
        "op": "addeach",
        "path": "/server/behaviors/11/aitasks/0",
        "value": [ 
                {
                    "code": "followmaster",
                    "priority": 2,
                    "priorityForCancel": 1.9,
                    "command": "followmaster",
                    "movespeed": 0.045,
                    "animationSpeed": 2.2,
                    "maxDistance": 8,
                    "searchRange": 40,
                    "animation": "Gallop",
                    "allowTeleport": true
                },
                {
                    "code": "stay",
                    "priority": 2,
                    "priorityForCancel": 1.9,
                    "command": "stay",
                    "movespeed": 0.006,
                    "maxDistance": 5,
                    "searchRange": 20,
                    "animation": "Walk"
                }
            ],
        "file": "feverstonewilds:entities/land/foal.json",
        "dependsOn": [ {"modid": "petai"} ],
        "condition": { "when": "FSWFoalEnabled", "isValue": "true" }
    },
    {
        "op": "remove",
        "path": "/server/behaviors/19",
        "file": "feverstonewilds:entities/land/horse.json",
        "dependsOn": [ {"modid": "petai"} ],
        "condition": { "when": "FSWHorseEnabled", "isValue": "true" }
    },
    {
        "op": "remove",
        "path": "/server/behaviors/13",
        "file": "feverstonewilds:entities/land/foal.json",
        "dependsOn": [ {"modid": "petai"} ],
        "condition": { "when": "FSWFoalEnabled", "isValue": "true" }
    },
    {
        "op": "add",
        "path": "/server/behaviors/-",
        "value": { "code": "pettableextended" },
        "file": "feverstonewilds:entities/land/horse.json",
        "dependsOn": [ {"modid": "petai"} ],
        "condition": { "when": "FSWHorseEnabled", "isValue": "true" }
    },
    {
        "op": "add",
        "path": "/server/behaviors/-",
        "value": { "code": "pettableextended" },
        "file": "feverstonewilds:entities/land/foal.json",
        "dependsOn": [ {"modid": "petai"} ],
        "condition": { "when": "FSWFoalEnabled", "isValue": "true" }
    },
    {
        "op": "replace",
        "path": "/server/behaviors/10",
        "value": { "code": "raisable", "hoursToGrow": 120,
				"adultEntityCodesByType": { "*-tamed-percheron": ["feverstonewilds:horse-tamed-male-percheron", "feverstonewilds:horse-tamed-female-percheron" ],
                                            "*-tamed-arabian": ["feverstonewilds:horse-tamed-male-arabian", "feverstonewilds:horse-tamed-female-arabian" ],
                                            "*-tamed-donkey": [ "feverstonewilds:horse-tamed-male-donkey", "feverstonewilds:horse-tamed-female-donkey" ],
                                            "*-tamed-shire": [ "feverstonewilds:horse-tamed-male-shire", "feverstonewilds:horse-tamed-female-shire" ],
                                            "*-tamed-quarter": [ "feverstonewilds:horse-tamed-male-quarter", "feverstonewilds:horse-tamed-female-quarter" ],
                                            "*-wild-percheron": ["feverstonewilds:horse-wild-male-percheron", "feverstonewilds:horse-wild-female-percheron" ],
                                            "*-wild-arabian": ["feverstonewilds:horse-wild-male-arabian", "feverstonewilds:horse-wild-female-arabian" ],
                                            "*-wild-donkey": [ "feverstonewilds:horse-wild-male-donkey", "feverstonewilds:horse-wild-female-donkey" ],
                                            "*-wild-shire": [ "feverstonewilds:horse-wild-male-shire", "feverstonewilds:horse-wild-female-shire" ],
                                            "*-wild-quarter": [ "feverstonewilds:horse-wild-male-quarter", "feverstonewilds:horse-wild-female-quarter" ]  }
			},
        "file": "feverstonewilds:entities/land/foal.json",
        "dependsOn": [ {"modid": "petai"} ],
        "condition": { "when": "FSWFoalEnabled", "isValue": "true" }
    }
]