[
    {
        "__comment": "===Add PetAI Compatible Behaviors===",
        "op": "addeach",
        "path": "/client/behaviors/-",
        "value": [
            { "code": "nametag", "showtagonlywhentargeted": true },
            { "code": "tameable",
                "treat": [
                    { "code": "vegetable-carrot", "progress": 0.10, "cooldown": 0.2 },
                    { "code": "vegetable-cabbage", "progress": 0.03, "cooldown": 0.4 },
                    { "code": "vegetable-turnip", "progress": 0.04, "cooldown": 0.3 },
                    { "code": "carrotbundle", "progress": 0.15, "cooldown": 0.25 },
                    { "code": "fruit-pinkapple", "progress": 0.169, "cooldown": 0.55 },
                    { "code": "fruit-redapple", "progress": 0.169, "cooldown": 0.55 },
                    { "code": "fruit-yellowapple", "progress": 0.169, "cooldown": 0.55 },
                    { "code": "grain-flax", "progress": 0.075, "cooldown": 0.45 },
                    { "code": "grain-rye", "progress": 0.075, "cooldown": 0.45 },
                    { "code": "grain-spelt", "progress": 0.075, "cooldown": 0.45 }
                ]
            },
            { "code": "receivecommand",
                "availableCommands": [
                    { "commandName": "stay", "commandType": "COMPLEX", "minObedience": 0.4 },
                    { "commandName": "followmaster", "commandType": "COMPLEX", "minObedience": 0.2 }
                ]
            }
        ],
        "file": "feverstonewilds:entities/land/tame-ostrich.json",
        "dependsOn": [ { "modid": "petai" } ]
    },
    {
        "op": "addeach",
        "path": "/client/behaviors/-",
        "value": [
            { "code": "nametag", "showtagonlywhentargeted": true },
            { "code": "tameable",
                "treat": [
                    { "code": "vegetable-carrot", "progress": 0.10, "cooldown": 0.2 },
                    { "code": "vegetable-cabbage", "progress": 0.03, "cooldown": 0.4 },
                    { "code": "vegetable-turnip", "progress": 0.04, "cooldown": 0.3 },
                    { "code": "carrotbundle", "progress": 0.15, "cooldown": 0.25 },
                    { "code": "fruit-pinkapple", "progress": 0.169, "cooldown": 0.55 },
                    { "code": "fruit-redapple", "progress": 0.169, "cooldown": 0.55 },
                    { "code": "fruit-yellowapple", "progress": 0.169, "cooldown": 0.55 },
                    { "code": "grain-flax", "progress": 0.075, "cooldown": 0.45 },
                    { "code": "grain-rye", "progress": 0.075, "cooldown": 0.45 },
                    { "code": "grain-spelt", "progress": 0.075, "cooldown": 0.45 }
                ]
            }
        ],
        "file": "feverstonewilds:entities/land/ostrich-chick.json",
        "dependsOn": [ { "modid": "petai" } ]
    },
    {
        "op": "addeach",
        "path": "/server/behaviors/-",
        "value": [
            { "code": "nametag", "showtagonlywhentargeted": true },
            { "code": "tameable",
                "disobediencePerDay": 0.005,
                "treat": [
                    { "code": "vegetable-carrot", "progress": 0.10, "cooldown": 0.2 },
                    { "code": "vegetable-cabbage", "progress": 0.03, "cooldown": 0.4 },
                    { "code": "vegetable-turnip", "progress": 0.04, "cooldown": 0.3 },
                    { "code": "carrotbundle", "progress": 0.15, "cooldown": 0.25 },
                    { "code": "fruit-pinkapple", "progress": 0.169, "cooldown": 0.55 },
                    { "code": "fruit-redapple", "progress": 0.169, "cooldown": 0.55 },
                    { "code": "fruit-yellowapple", "progress": 0.169, "cooldown": 0.55 },
                    { "code": "grain-flax", "progress": 0.075, "cooldown": 0.45 },
                    { "code": "grain-rye", "progress": 0.075, "cooldown": 0.45 },
                    { "code": "grain-spelt", "progress": 0.075, "cooldown": 0.45 }
                ]
            },
            { "code": "receivecommand",
                "availableCommands": [
                    { "commandName": "stay", "commandType": "COMPLEX", "minObedience": 0.4 },
                    { "commandName": "followmaster", "commandType": "COMPLEX", "minObedience": 0.2 }
                ]
            }
        ],
        "file": "feverstonewilds:entities/land/tame-ostrich.json",
        "dependsOn": [ { "modid": "petai" } ]
    },
    {
        "op": "addeach",
        "path": "/server/behaviors/-",
        "value": [
            { "code": "nametag", "showtagonlywhentargeted": true },
            { "code": "tameable",
                "disobediencePerDay": 0.005,
                "tameEntityCodes": [ "feverstonewilds:tame-ostrich-male", "feverstonewilds:tame-ostrich-female" ],
                "treat": [
                    { "code": "vegetable-carrot", "progress": 0.10, "cooldown": 0.2 },
                    { "code": "vegetable-cabbage", "progress": 0.03, "cooldown": 0.4 },
                    { "code": "vegetable-turnip", "progress": 0.04, "cooldown": 0.3 },
                    { "code": "carrotbundle", "progress": 0.15, "cooldown": 0.25 },
                    { "code": "fruit-pinkapple", "progress": 0.169, "cooldown": 0.55 },
                    { "code": "fruit-redapple", "progress": 0.169, "cooldown": 0.55 },
                    { "code": "fruit-yellowapple", "progress": 0.169, "cooldown": 0.55 },
                    { "code": "grain-flax", "progress": 0.075, "cooldown": 0.45 },
                    { "code": "grain-rye", "progress": 0.075, "cooldown": 0.45 },
                    { "code": "grain-spelt", "progress": 0.075, "cooldown": 0.45 }
                ]
            }
        ],
        "file": "feverstonewilds:entities/land/ostrich-chick.json",
        "dependsOn": [ { "modid": "petai" } ]
    },
    {
        "op": "addeach",
        "path": "/server/behaviors/16/aitasks/0",
        "value": [ 
                    {
                        "code": "followmaster",
                        "priority": 3,
                        "priorityForCancel": 1.7,
                        "command": "followmaster",
                        "movespeed": 0.045,
                        "animationSpeed": 2.2,
                        "maxDistance": 8,
                        "searchRange": 40,
                        "animation": "run"
                    },
                    {
                        "code": "stay",
                        "priority": 3,
                        "priorityForCancel": 1.7,
                        "command": "stay",
                        "movespeed": 0.006,
                        "maxDistance": 10,
                        "searchRange": 40,
                        "animation": "walk"
                    }
            ],
        "file": "feverstonewilds:entities/land/tame-ostrich.json",
        "dependsOn": [ {"modid": "petai"} ]
    },
    {
        "op": "remove",
        "path": "/server/behaviors/19",
        "file": "feverstonewilds:entities/land/tame-ostrich.json",
        "dependsOn": [ {"modid": "petai"} ]
    },
    {
        "op": "remove",
        "path": "/server/behaviors/10",
        "file": "feverstonewilds:entities/land/ostrich-chick.json",
        "dependsOn": [ {"modid": "petai"} ]
    },
    {
        "op": "add",
        "path": "/server/behaviors/-",
        "value": { "code": "pettableextended" },
        "file": "feverstonewilds:entities/land/tame-ostrich.json",
        "dependsOn": [ {"modid": "petai"} ]
    },
    {
        "op": "add",
        "path": "/server/behaviors/-",
        "value": { "code": "pettableextended" },
        "file": "feverstonewilds:entities/land/ostrich-chick.json",
        "dependsOn": [ {"modid": "petai"} ]
    },
    {
        "op": "replace",
        "path": "/server/behaviors/6",
        "value": { "code": "raisable", "hoursToGrow": 128,
				"adultEntityCodes": [ "feverstonewilds:ostrich-male", "feverstonewilds:ostrich-female" ]  
            },
        "file": "feverstonewilds:entities/land/ostrich-chick.json",
        "dependsOn": [ {"modid": "petai"} ]
    }
]