[
    
    {
        "op": "add",
        "path": "/server/behaviors/9/aitasks/3/entityCodes/0",
        "value": "feverstonewilds:bison-*",
        "file": "game:entities/animal/mammal/bear-adult.json",
        "condition": { "when": "FSWBisonEnabled", "isValue": "true" }
    },
    {
        "op": "add",
        "path": "/server/behaviors/9/aitasks/2/entityCodesByType/*/0",
        "value": "feverstonewilds:bison-*",
        "file": "game:entities/animal/mammal/bear-adult.json",
        "condition": { "when": "FSWBisonEnabled", "isValue": "true" }
    },
    {
        "op": "add",
        "path": "/server/behaviors/9/aitasks/3/entityCodes/0",
        "value": "feverstonewilds:direwolf-*",
        "file": "game:entities/animal/mammal/bear-adult.json",
        "condition": { "when": "FSWWildDirewolfEnabled", "isValue": "true" }
    },
    {
        "op": "add",
        "path": "/server/behaviors/9/aitasks/2/entityCodesByType/*/0",
        "value": "feverstonewilds:direwolf-*",
        "file": "game:entities/animal/mammal/bear-adult.json",
        "condition": { "when": "FSWWildDirewolfEnabled", "isValue": "true" }
    },
    {
        "op": "add",
        "path": "/server/behaviors/9/aitasks/3/entityCodes/0",
        "value": "feverstonewilds:tame-direwolf-*",
        "file": "game:entities/animal/mammal/bear-adult.json",
        "condition": { "when": "FSWTameDirewolfEnabled", "isValue": "true" }
    },
    {
        "op": "add",
        "path": "/server/behaviors/9/aitasks/2/entityCodesByType/*/0",
        "value": "feverstonewilds:tame-direwolf-*",
        "file": "game:entities/animal/mammal/bear-adult.json",
        "condition": { "when": "FSWTameDirewolfEnabled", "isValue": "true" }
    },
    {
        "op": "add",
        "path": "/server/behaviors/9/aitasks/3/entityCodes/0",
        "value": "feverstonewilds:horse-*",
        "file": "game:entities/animal/mammal/bear-adult.json",
        "condition": { "when": "FSWHorseEnabled", "isValue": "true" }
    },
    {
        "op": "add",
        "path": "/server/behaviors/9/aitasks/2/entityCodesByType/*/0",
        "value": "feverstonewilds:horse-*",
        "file": "game:entities/animal/mammal/bear-adult.json",
        "condition": { "when": "FSWHorseEnabled", "isValue": "true" }
    },
 
    {
        "op": "add",
        "path": "/server/behaviors/11/aitasks/1/entityCodes/0",
        "value": "feverstonewilds:bison-calf",
        "file": "game:entities/animal/mammal/hyena-adult.json",
        "condition": { "when": "FSWBisonEnabled", "isValue": "true" }
    },
    {
        "op": "add",
        "path": "/server/behaviors/11/aitasks/3/entityCodes/0",
        "value": "feverstonewilds:bison-calf",
        "file": "game:entities/animal/mammal/hyena-adult.json",
        "condition": { "when": "FSWBisonEnabled", "isValue": "true" }
    },
    {
        "op": "add",
        "path": "/server/behaviors/11/aitasks/1/entityCodes/0",
        "value": "feverstonewilds:ostrich-*",
        "file": "game:entities/animal/mammal/hyena-adult.json",
        "condition": { "when": "FSWOstrichEnabled", "isValue": "true" }
    },
    {
        "op": "add",
        "path": "/server/behaviors/11/aitasks/3/entityCodes/0",
        "value": "feverstonewilds:ostrich-*",
        "file": "game:entities/animal/mammal/hyena-adult.json",
        "condition": { "when": "FSWOstrichEnabled", "isValue": "true" }
    },
    {
        "op": "add",
        "path": "/server/behaviors/11/aitasks/1/entityCodes/0",
        "value": "feverstonewilds:tame-ostrich-*",
        "file": "game:entities/animal/mammal/hyena-adult.json",
        "condition": { "when": "FSWOstrichEnabled", "isValue": "true" }
    },
    {
        "op": "add",
        "path": "/server/behaviors/11/aitasks/3/entityCodes/0",
        "value": "feverstonewilds:tame-ostrich-*",
        "file": "game:entities/animal/mammal/hyena-adult.json",
        "condition": { "when": "FSWOstrichEnabled", "isValue": "true" }
    },
    
    {
        "op": "add",
        "path": "/server/behaviors/10/aitasks/0/entityCodes/0",
        "value": "feverstonewilds:horse-*",
        "file": "game:entities/animal/mammal/wolf-adult.json",
        "condition": { "when": "FSWHorseEnabled", "isValue": "true" }
    },
    {
        "op": "add",
        "path": "/server/behaviors/10/aitasks/1/entityCodes/0",
        "value": "feverstonewilds:horse-*",
        "file": "game:entities/animal/mammal/wolf-adult.json",
        "condition": { "when": "FSWHorseEnabled", "isValue": "true" }
    },
    {
        "op": "add",
        "path": "/server/behaviors/10/aitasks/2/entityCodes/0",
        "value": "feverstonewilds:horse-*",
        "file": "game:entities/animal/mammal/wolf-adult.json",
        "condition": { "when": "FSWHorseEnabled", "isValue": "true" }
    },
    {
        "op": "add",
        "path": "/server/behaviors/10/aitasks/5/entityCodes/0",
        "value": "feverstonewilds:horse-*",
        "file": "game:entities/animal/mammal/wolf-adult.json",
        "condition": { "when": "FSWHorseEnabled", "isValue": "true" }
    },
    {
        "op": "add",
        "path": "/server/behaviors/10/aitasks/0/entityCodes/0",
        "value": "feverstonewilds:foal-*",
        "file": "game:entities/animal/mammal/wolf-adult.json",
        "condition": { "when": "FSWHorseEnabled", "isValue": "true" }
    },
    {
        "op": "add",
        "path": "/server/behaviors/10/aitasks/1/entityCodes/0",
        "value": "feverstonewilds:foal-*",
        "file": "game:entities/animal/mammal/wolf-adult.json",
        "condition": { "when": "FSWHorseEnabled", "isValue": "true" }
    },
    {
        "op": "add",
        "path": "/server/behaviors/10/aitasks/2/entityCodes/0",
        "value": "feverstonewilds:foal-*",
        "file": "game:entities/animal/mammal/wolf-adult.json",
        "condition": { "when": "FSWHorseEnabled", "isValue": "true" }
    },
    {
        "op": "add",
        "path": "/server/behaviors/10/aitasks/5/entityCodes/0",
        "value": "feverstonewilds:foal-*",
        "file": "game:entities/animal/mammal/wolf-adult.json",
        "condition": { "when": "FSWHorseEnabled", "isValue": "true" }
    },
    {
        "op": "add",
        "path": "/server/behaviors/10/aitasks/0/entityCodes/0",
        "value": "feverstonewilds:direwolf-*",
        "file": "game:entities/animal/mammal/wolf-adult.json",
        "condition": { "when": "FSWWildDirewolfEnabled", "isValue": "true" }
    },
    {
        "op": "add",
        "path": "/server/behaviors/10/aitasks/1/entityCodes/0",
        "value": "feverstonewilds:direwolf-*",
        "file": "game:entities/animal/mammal/wolf-adult.json",
        "condition": { "when": "FSWWildDirewolfEnabled", "isValue": "true" }
    },
    {
        "op": "add",
        "path": "/server/behaviors/10/aitasks/2/entityCodes/0",
        "value": "feverstonewilds:direwolf-*",
        "file": "game:entities/animal/mammal/wolf-adult.json",
        "condition": { "when": "FSWWildDirewolfEnabled", "isValue": "true" }
    },
    {
        "op": "add",
        "path": "/server/behaviors/10/aitasks/5/entityCodes/0",
        "value": "feverstonewilds:direwolf-*",
        "file": "game:entities/animal/mammal/wolf-adult.json",
        "condition": { "when": "FSWWildDirewolfEnabled", "isValue": "true" }
    },
    {
        "op": "add",
        "path": "/server/behaviors/10/aitasks/0/entityCodes/0",
        "value": "feverstonewilds:tame-direwolf-*",
        "file": "game:entities/animal/mammal/wolf-adult.json",
        "condition": { "when": "FSWTameDirewolfEnabled", "isValue": "true" }
    },
    {
        "op": "add",
        "path": "/server/behaviors/10/aitasks/1/entityCodes/0",
        "value": "feverstonewilds:tame-direwolf-*",
        "file": "game:entities/animal/mammal/wolf-adult.json",
        "condition": { "when": "FSWTameDirewolfEnabled", "isValue": "true" }
    },
    {
        "op": "add",
        "path": "/server/behaviors/10/aitasks/2/entityCodes/0",
        "value": "feverstonewilds:tame-direwolf-*",
        "file": "game:entities/animal/mammal/wolf-adult.json",
        "condition": { "when": "FSWTameDirewolfEnabled", "isValue": "true" }
    },
    {
        "op": "add",
        "path": "/server/behaviors/10/aitasks/5/entityCodes/0",
        "value": "feverstonewilds:tame-direwolf-*",
        "file": "game:entities/animal/mammal/wolf-adult.json",
        "condition": { "when": "FSWTameDirewolfEnabled", "isValue": "true" }
    },
    {
        "op": "add",
        "path": "/server/behaviors/10/aitasks/0/entityCodes/0",
        "value": "feverstonewilds:bison-*",
        "file": "game:entities/animal/mammal/wolf-adult.json",
        "condition": { "when": "FSWBisonEnabled", "isValue": "true" }
    },
    {
        "op": "add",
        "path": "/server/behaviors/10/aitasks/1/entityCodes/0",
        "value": "feverstonewilds:bison-*",
        "file": "game:entities/animal/mammal/wolf-adult.json",
        "condition": { "when": "FSWBisonEnabled", "isValue": "true" }
    },
    {
        "op": "add",
        "path": "/server/behaviors/10/aitasks/2/entityCodes/0",
        "value": "feverstonewilds:bison-*",
        "file": "game:entities/animal/mammal/wolf-adult.json",
        "condition": { "when": "FSWBisonEnabled", "isValue": "true" }
    },
    {
        "op": "add",
        "path": "/server/behaviors/10/aitasks/5/entityCodes/0",
        "value": "feverstonewilds:bison-*",
        "file": "game:entities/animal/mammal/wolf-adult.json",
        "condition": { "when": "FSWBisonEnabled", "isValue": "true" }
    },
    
    {
        "op": "add",
        "path": "/server/behaviors/11/aitasks/0/entityCodes/0",
        "value": "feverstonewilds:direwolf-*",
        "file": "game:entities/animal/mammal/hare-adult.json",
        "condition": { "when": "FSWWildDirewolfEnabled", "isValue": "true" }
    },
    {
        "op": "add",
        "path": "/server/behaviors/9/aitasks/0/entityCodes/0",
        "value": "feverstonewilds:direwolf-*",
        "file": "game:entities/animal/mammal/hare-baby.json",
        "condition": { "when": "FSWWildDirewolfEnabled", "isValue": "true" }
    },
    {
        "op": "add",
        "path": "/server/behaviors/11/aitasks/0/entityCodes/0",
        "value": "feverstonewilds:tame-direwolf-*",
        "file": "game:entities/animal/mammal/hare-adult.json",
        "condition": { "when": "FSWTameDirewolfEnabled", "isValue": "true" }
    },
    {
        "op": "add",
        "path": "/server/behaviors/9/aitasks/0/entityCodes/0",
        "value": "feverstonewilds:tame-direwolf-*",
        "file": "game:entities/animal/mammal/hare-baby.json",
        "condition": { "when": "FSWTameDirewolfEnCockatriceabled", "isValue": "true" }
    },
    {
        "op": "add",
        "path": "/server/behaviors/11/aitasks/0/entityCodes/0",
        "value": "feverstonewilds:cockatrice",
        "file": "game:entities/animal/mammal/hare-adult.json",
        "condition": { "when": "FSWCockatriceEnabled", "isValue": "true" }
    },
    {
        "op": "add",
        "path": "/server/behaviors/9/aitasks/0/entityCodes/0",
        "value": "feverstonewilds:cockatrice",
        "file": "game:entities/animal/mammal/mammal/hare-baby.json",
        "condition": { "when": "FSWCockatriceEnabled", "isValue": "true" }
    },
    {
        "op": "add",
        "path": "/server/behaviors/11/aitasks/0/entityCodes/0",
        "value": "feverstonewilds:tame-cockatrice",
        "file": "game:entities/animal/mammal/hare-adult.json",
        "condition": { "when": "FSWTameCockatriceEnabled", "isValue": "true" }
    },
    {
        "op": "add",
        "path": "/server/behaviors/9/aitasks/0/entityCodes/0",
        "value": "feverstonewilds:tame-cockatrice",
        "file": "game:entities/animal/mammal/hare-baby.json",
        "condition": { "when": "FSWTameCockatriceEnabled", "isValue": "true" }
    },

    
    {
        "op": "add",
        "path": "/server/behaviors/11/aitasks/2/entityCodes/0",
        "value": "feverstonewilds:direwolf-*",
        "file": "game:entities/animal/bird/chicken-adult.json",
        "condition": { "when": "FSWWildDirewolfEnabled", "isValue": "true" }
    },
    {
        "op": "add",
        "path": "/server/behaviors/10/aitasks/0/entityCodes/0",
        "value": "feverstonewilds:direwolf-*",
        "file": "game:entities/animal/bird/chicken-baby.json",
        "condition": { "when": "FSWWildDirewolfEnabled", "isValue": "true" }
    },
    {
        "op": "add",
        "path": "/server/behaviors/11/aitasks/2/entityCodes/0",
        "value": "feverstonewilds:tame-direwolf-*",
        "file": "game:entities/animal/bird/chicken-adult.json",
        "condition": { "when": "FSWTameDirewolfEnabled", "isValue": "true" }
    },
    {
        "op": "add",
        "path": "/server/behaviors/10/aitasks/0/entityCodes/0",
        "value": "feverstonewilds:tame-direwolf-*",
        "file": "game:entities/animal/bird/chicken-baby.json",
        "condition": { "when": "FSWTameDirewolfEnabled", "isValue": "true" }
    },

    
    {
        "op": "add",
        "path": "/server/behaviors/11/aitasks/3/entityCodes/0",
        "value": "feverstonewilds:direwolf-*",
        "file": "game:entities/animal/mammal/fox-adult.json",
        "condition": { "when": "FSWWildDirewolfEnabled", "isValue": "true" }
    },
    {
        "op": "add",
        "path": "/server/behaviors/11/aitasks/3/entityCodes/0",
        "value": "feverstonewilds:tame-direwolf-*",
        "file": "game:entities/animal/mammal/fox-adult.json",
        "condition": { "when": "FSWTameDirewolfEnabled", "isValue": "true" }
    },
    {
        "op": "add",
        "path": "/server/behaviors/11/aitasks/3/entityCodes/0",
        "value": "feverstonewilds:cockatrice",
        "file": "game:entities/animal/mammal/fox-adult.json",
        "condition": { "when": "FSWCockatriceEnabled", "isValue": "true" }
    },
    {
        "op": "add",
        "path": "/server/behaviors/11/aitasks/3/entityCodes/0",
        "value": "feverstonewilds:tame-cockatrice",
        "file": "game:entities/animal/mammal/fox-adult.json",
        "condition": { "when": "FSWTameCockatriceEnabled", "isValue": "true" }
    },
    {
        "op": "add",
        "path": "/server/behaviors/11/aitasks/0/entityCodes/0",
        "value": "feverstonewilds:direwolf-*",
        "file": "game:entities/animal/mammal/fox-pup.json",
        "condition": { "when": "FSWWildDirewolfEnabled", "isValue": "true" }
    },
    {
        "op": "add",
        "path": "/server/behaviors/11/aitasks/0/entityCodes/0",
        "value": "feverstonewilds:tame-direwolf-*",
        "file": "game:entities/animal/mammal/fox-pup.json",
        "condition": { "when": "FSWTameDirewolfEnabled", "isValue": "true" }
    },
    {
        "op": "add",
        "path": "/server/behaviors/11/aitasks/0/entityCodes/0",
        "value": "feverstonewilds:cockatrice",
        "file": "game:entities/animal/mammal/fox-pup.json",
        "condition": { "when": "FSWCockatriceEnabled", "isValue": "true" }
    },
    {
        "op": "add",
        "path": "/server/behaviors/11/aitasks/0/entityCodes/0",
        "value": "feverstonewilds:tame-cockatrice",
        "file": "game:entities/animal/mammal/fox-pup.json",
        "condition": { "when": "FSWTameCockatriceEnabled", "isValue": "true" }
    },

    
    {
        "op": "add",
        "path": "/server/behaviors/10/aitasks/2/entityCodes/0",
        "value": "feverstonewilds:direwolf-*",
        "file": "game:entities/animal/mammal/raccoon-adult.json",
        "condition": { "when": "FSWWildDirewolfEnabled", "isValue": "true" }
    },
    {
        "op": "add",
        "path": "/server/behaviors/10/aitasks/0/entityCodes/0",
        "value": "feverstonewilds:direwolf-*",
        "file": "game:entities/animal/mammal/raccoon-pup.json",
        "condition": { "when": "FSWWildDirewolfEnabled", "isValue": "true" }
    },
    {
        "op": "add",
        "path": "/server/behaviors/10/aitasks/2/entityCodes/0",
        "value": "feverstonewilds:tame-direwolf-*",
        "file": "game:entities/animal/mammal/raccoon-adult.json",
        "condition": { "when": "FSWTameDirewolfEnabled", "isValue": "true" }
    },
    {
        "op": "add",
        "path": "/server/behaviors/10/aitasks/0/entityCodes/0",
        "value": "feverstonewilds:tame-direwolf-*",
        "file": "game:entities/animal/mammal/raccoon-pup.json",
        "condition": { "when": "FSWTameDirewolfEnabled", "isValue": "true" }
    },
    {
        "op": "add",
        "path": "/server/behaviors/10/aitasks/2/entityCodes/0",
        "value": "feverstonewilds:cockatrice",
        "file": "game:entities/animal/mammal/raccoon-adult.json",
        "condition": { "when": "FSWCockatriceEnabled", "isValue": "true" }
    },
    {
        "op": "add",
        "path": "/server/behaviors/10/aitasks/0/entityCodes/0",
        "value": "feverstonewilds:cockatrice",
        "file": "game:entities/animal/mammal/raccoon-pup.json",
        "condition": { "when": "FSWCockatriceEnabled", "isValue": "true" }
    },
    {
        "op": "add",
        "path": "/server/behaviors/10/aitasks/2/entityCodes/0",
        "value": "feverstonewilds:tame-cockatrice",
        "file": "game:entities/animal/mammal/raccoon-adult.json",
        "condition": { "when": "FSWTameCockatriceEnabled", "isValue": "true" }
    },
    {
        "op": "add",
        "path": "/server/behaviors/10/aitasks/0/entityCodes/0",
        "value": "feverstonewilds:tame-cockatrice",
        "file": "game:entities/animal/mammal/raccoon-pup.json",
        "condition": { "when": "FSWTameCockatriceEnabled", "isValue": "true" }
    }
]