{
	"editor": {
		"backDropShape": "C:/Users/Cal/Desktop/boobold",
		"collapsedPaths": "Root/ArmorUpperTorso,Root/ArmorBelt,Root/ArmorUpperArmR/ArmorUpperArmR2,Root/ArmorLowerLegL/LineDownBackL,Root/ArmorCoatR,Root/LineUpSideR,Root/ArmorCoatL,Root/ArmorUpperLegL/ArmorUpperLegL3,Root/ArmorUpperArmR,Root/ArmorUpperArmL,Root/ArmorUpperLegL/ArmorUpperArmR18,Root/ArmorLowerLegL/ArmorLowerLegWrap6,Root/ArmorLowerArmR,Root/LineDownBackR,Root/ArmorHelmet",
		"allAngles": true,
		"entityTextureMode": true
	},
	"textureWidth": 64,
	"textureHeight": 64,
	"textureSizes": {
	},
	"textures": {
		"vikinglegs": "armor/entity/viking_steel"
	},
	"elements": [
		{
			"name": "ArmorUpperLegR",
			"stepParentName": "UpperFootR",
			"from": [ -0.69, -0.6, -0.3 ],
			"to": [ 4.51, 9.4, 3.9 ],
			"uv": [ 0.5, 38.5 ],
			"rotationOrigin": [ -0.7, -0.6, -0.3 ],
			"faces": {
				"north": { "texture": "#vikinglegs", "uv": [ 0.5, 42.5, 5.5, 52.5 ] },
				"east": { "texture": "#vikinglegs", "uv": [ 5.5, 42.5, 9.5, 52.5 ] },
				"south": { "texture": "#vikinglegs", "uv": [ 9.5, 42.5, 14.5, 52.5 ] },
				"west": { "texture": "#vikinglegs", "uv": [ 14.5, 42.5, 18.5, 52.5 ] },
				"up": { "texture": "#vikinglegs", "uv": [ 0.5, 38.5, 5.5, 42.5 ] },
				"down": { "texture": "#vikinglegs", "uv": [ 5.5, 38.5, 10.5, 42.5 ] }
			},
			"children": [
				{
					"name": "ThighPlateR",
					"from": [ -0.5, 0.3, 0.3 ],
					"to": [ 0.1, 7.3, 3.1 ],
					"uv": [ 28.5, 40.5 ],
					"rotationOrigin": [ -0.5, 0.3, 0.3 ],
					"faces": {
						"north": { "texture": "#vikinglegs", "uv": [ 28.5, 43.0, 29.0, 50.0 ] },
						"east": { "texture": "#vikinglegs", "uv": [ 29.0, 43.0, 31.5, 50.0 ] },
						"south": { "texture": "#vikinglegs", "uv": [ 31.5, 43.0, 32.0, 50.0 ] },
						"west": { "texture": "#vikinglegs", "uv": [ 32.0, 43.0, 34.5, 50.0 ] },
						"up": { "texture": "#vikinglegs", "uv": [ 28.5, 40.5, 29.0, 43.0 ] },
						"down": { "texture": "#vikinglegs", "uv": [ 29.0, 40.5, 29.5, 43.0 ] }
					},
					"children": [
						{
							"name": "ThighPlateR2",
							"from": [ 0.3, -0.3, -0.25 ],
							"to": [ 0.6, 7.2, 3.15 ],
							"uv": [ 21.5, 44.0 ],
							"rotationOrigin": [ 0.3, -0.3, -0.3 ],
							"faces": {
								"north": { "texture": "#vikinglegs", "uv": [ 21.5, 47.0, 22.0, 54.5 ] },
								"east": { "texture": "#vikinglegs", "uv": [ 22.0, 47.0, 25.0, 54.5 ] },
								"south": { "texture": "#vikinglegs", "uv": [ 25.0, 47.0, 25.5, 54.5 ] },
								"west": { "texture": "#vikinglegs", "uv": [ 25.5, 47.0, 28.5, 54.5 ] },
								"up": { "texture": "#vikinglegs", "uv": [ 21.5, 44.0, 22.0, 47.0 ] },
								"down": { "texture": "#vikinglegs", "uv": [ 22.0, 44.0, 22.5, 47.0 ] }
							}
						}
					]
				},
				{
					"name": "ArmorUpperLegWrap5",
					"from": [ -0.03, 0.1, -0.3 ],
					"to": [ 5.27, 1.1, 4.1 ],
					"uv": [ 26.0, 54.5 ],
					"rotationOrigin": [ 0.0, 0.1, -0.3 ],
					"faces": {
						"north": { "texture": "#vikinglegs", "uv": [ 26.0, 58.5, 31.0, 59.5 ] },
						"east": { "texture": "#vikinglegs", "uv": [ 31.0, 58.5, 35.0, 59.5 ] },
						"south": { "texture": "#vikinglegs", "uv": [ 35.0, 58.5, 40.0, 59.5 ] },
						"west": { "texture": "#vikinglegs", "uv": [ 40.0, 58.5, 44.0, 59.5 ] },
						"up": { "texture": "#vikinglegs", "uv": [ 26.0, 54.5, 31.0, 58.5 ] },
						"down": { "texture": "#vikinglegs", "uv": [ 31.0, 54.5, 36.0, 58.5 ] }
					},
					"children": [
						{
							"name": "ArmorUpperLegWrap6",
							"from": [ 0.1, 1.7, 0.0 ],
							"to": [ 5.6, 2.7, 4.4 ],
							"uv": [ 26.0, 54.5 ],
							"rotationOrigin": [ 0.19, 1.7, 0.0 ],
							"rotationZ": 16.0,
							"faces": {
								"north": { "texture": "#vikinglegs", "uv": [ 26.0, 58.5, 31.5, 59.5 ] },
								"east": { "texture": "#vikinglegs", "uv": [ 31.5, 58.5, 35.5, 59.5 ] },
								"south": { "texture": "#vikinglegs", "uv": [ 35.5, 58.5, 41.0, 59.5 ] },
								"west": { "texture": "#vikinglegs", "uv": [ 41.0, 58.5, 45.0, 59.5 ] },
								"up": { "texture": "#vikinglegs", "uv": [ 26.0, 54.5, 31.5, 58.5 ] },
								"down": { "texture": "#vikinglegs", "uv": [ 31.5, 54.5, 37.0, 58.5 ] }
							}
						},
						{
							"name": "ArmorUpperLegWrap7",
							"from": [ -0.1, 4.0, 0.0 ],
							"to": [ 5.2, 5.0, 4.4 ],
							"uv": [ 26.0, 54.5 ],
							"rotationOrigin": [ -0.11, 4.0, 0.0 ],
							"faces": {
								"north": { "texture": "#vikinglegs", "uv": [ 26.0, 58.5, 31.0, 59.5 ] },
								"east": { "texture": "#vikinglegs", "uv": [ 31.0, 58.5, 35.0, 59.5 ] },
								"south": { "texture": "#vikinglegs", "uv": [ 35.0, 58.5, 40.0, 59.5 ] },
								"west": { "texture": "#vikinglegs", "uv": [ 40.0, 58.5, 44.0, 59.5 ] },
								"up": { "texture": "#vikinglegs", "uv": [ 26.0, 54.5, 31.0, 58.5 ] },
								"down": { "texture": "#vikinglegs", "uv": [ 31.0, 54.5, 36.0, 58.5 ] }
							}
						},
						{
							"name": "ArmorUpperLegWrap8",
							"from": [ -0.1, 6.0, 0.0 ],
							"to": [ 5.2, 7.0, 4.4 ],
							"uv": [ 26.0, 54.5 ],
							"rotationOrigin": [ -0.11, 6.0, 0.0 ],
							"rotationZ": -15.0,
							"faces": {
								"north": { "texture": "#vikinglegs", "uv": [ 26.0, 58.5, 31.0, 59.5 ] },
								"east": { "texture": "#vikinglegs", "uv": [ 31.0, 58.5, 35.0, 59.5 ] },
								"south": { "texture": "#vikinglegs", "uv": [ 35.0, 58.5, 40.0, 59.5 ] },
								"west": { "texture": "#vikinglegs", "uv": [ 40.0, 58.5, 44.0, 59.5 ] },
								"up": { "texture": "#vikinglegs", "uv": [ 26.0, 54.5, 31.0, 58.5 ] },
								"down": { "texture": "#vikinglegs", "uv": [ 31.0, 54.5, 36.0, 58.5 ] }
							}
						}
					]
				}
			]
		},
		{
			"name": "ArmorUpperLegL",
			"stepParentName": "UpperFootL",
			"from": [ -0.69, -0.6, -0.7 ],
			"to": [ 4.51, 9.4, 3.5 ],
			"uv": [ 0.5, 38.5 ],
			"rotationOrigin": [ -0.7, -0.6, -0.7 ],
			"faces": {
				"north": { "texture": "#vikinglegs", "uv": [ 0.5, 42.5, 5.5, 52.5 ] },
				"east": { "texture": "#vikinglegs", "uv": [ 5.5, 42.5, 9.5, 52.5 ] },
				"south": { "texture": "#vikinglegs", "uv": [ 9.5, 42.5, 14.5, 52.5 ] },
				"west": { "texture": "#vikinglegs", "uv": [ 14.5, 42.5, 18.5, 52.5 ] },
				"up": { "texture": "#vikinglegs", "uv": [ 0.5, 38.5, 5.5, 42.5 ] },
				"down": { "texture": "#vikinglegs", "uv": [ 5.5, 38.5, 10.5, 42.5 ] }
			},
			"children": [
				{
					"name": "ThighPlateL",
					"from": [ -0.5, 0.3, 1.1 ],
					"to": [ 0.1, 7.3, 3.9 ],
					"uv": [ 34.5, 40.5 ],
					"rotationOrigin": [ -0.5, 0.3, 1.1 ],
					"faces": {
						"north": { "texture": "#vikinglegs", "uv": [ 34.5, 43.0, 35.0, 50.0 ] },
						"east": { "texture": "#vikinglegs", "uv": [ 35.0, 43.0, 37.5, 50.0 ] },
						"south": { "texture": "#vikinglegs", "uv": [ 37.5, 43.0, 38.0, 50.0 ] },
						"west": { "texture": "#vikinglegs", "uv": [ 38.0, 43.0, 40.5, 50.0 ] },
						"up": { "texture": "#vikinglegs", "uv": [ 34.5, 40.5, 35.0, 43.0 ] },
						"down": { "texture": "#vikinglegs", "uv": [ 35.0, 40.5, 35.5, 43.0 ] }
					},
					"children": [
						{
							"name": "ThighPlateL2",
							"from": [ 0.3, -0.3, -0.4 ],
							"to": [ 0.6, 7.3, 3.0 ],
							"uv": [ 21.5, 44.0 ],
							"rotationOrigin": [ 0.3, -0.3, -0.4 ],
							"faces": {
								"north": { "texture": "#vikinglegs", "uv": [ 21.5, 47.0, 22.0, 54.5 ] },
								"east": { "texture": "#vikinglegs", "uv": [ 22.0, 47.0, 25.0, 54.5 ] },
								"south": { "texture": "#vikinglegs", "uv": [ 25.0, 47.0, 25.5, 54.5 ] },
								"west": { "texture": "#vikinglegs", "uv": [ 25.5, 47.0, 28.5, 54.5 ] },
								"up": { "texture": "#vikinglegs", "uv": [ 21.5, 44.0, 22.0, 47.0 ] },
								"down": { "texture": "#vikinglegs", "uv": [ 22.0, 44.0, 22.5, 47.0 ] }
							}
						}
					]
				},
				{
					"name": "ArmorUpperLegWrap1",
					"from": [ -0.02, 0.1, -0.1 ],
					"to": [ 5.28, 1.1, 4.3 ],
					"uv": [ 26.0, 54.5 ],
					"rotationOrigin": [ -0.01, 0.1, -0.1 ],
					"faces": {
						"north": { "texture": "#vikinglegs", "uv": [ 26.0, 58.5, 31.0, 59.5 ] },
						"east": { "texture": "#vikinglegs", "uv": [ 31.0, 58.5, 35.0, 59.5 ] },
						"south": { "texture": "#vikinglegs", "uv": [ 35.0, 58.5, 40.0, 59.5 ] },
						"west": { "texture": "#vikinglegs", "uv": [ 40.0, 58.5, 44.0, 59.5 ] },
						"up": { "texture": "#vikinglegs", "uv": [ 26.0, 54.5, 31.0, 58.5 ] },
						"down": { "texture": "#vikinglegs", "uv": [ 31.0, 54.5, 36.0, 58.5 ] }
					},
					"children": [
						{
							"name": "ArmorUpperLegWrap2",
							"from": [ 0.1, 1.7, 0.0 ],
							"to": [ 5.6, 2.7, 4.4 ],
							"uv": [ 26.0, 54.5 ],
							"rotationOrigin": [ 0.19, 1.7, 0.0 ],
							"rotationZ": 16.0,
							"faces": {
								"north": { "texture": "#vikinglegs", "uv": [ 26.0, 58.5, 31.5, 59.5 ] },
								"east": { "texture": "#vikinglegs", "uv": [ 31.5, 58.5, 35.5, 59.5 ] },
								"south": { "texture": "#vikinglegs", "uv": [ 35.5, 58.5, 41.0, 59.5 ] },
								"west": { "texture": "#vikinglegs", "uv": [ 41.0, 58.5, 45.0, 59.5 ] },
								"up": { "texture": "#vikinglegs", "uv": [ 26.0, 54.5, 31.5, 58.5 ] },
								"down": { "texture": "#vikinglegs", "uv": [ 31.5, 54.5, 37.0, 58.5 ] }
							}
						},
						{
							"name": "ArmorUpperLegWrap3",
							"from": [ -0.1, 4.0, 0.0 ],
							"to": [ 5.2, 5.0, 4.4 ],
							"uv": [ 26.0, 54.5 ],
							"rotationOrigin": [ -0.11, 4.0, 0.0 ],
							"faces": {
								"north": { "texture": "#vikinglegs", "uv": [ 26.0, 58.5, 31.0, 59.5 ] },
								"east": { "texture": "#vikinglegs", "uv": [ 31.0, 58.5, 35.0, 59.5 ] },
								"south": { "texture": "#vikinglegs", "uv": [ 35.0, 58.5, 40.0, 59.5 ] },
								"west": { "texture": "#vikinglegs", "uv": [ 40.0, 58.5, 44.0, 59.5 ] },
								"up": { "texture": "#vikinglegs", "uv": [ 26.0, 54.5, 31.0, 58.5 ] },
								"down": { "texture": "#vikinglegs", "uv": [ 31.0, 54.5, 36.0, 58.5 ] }
							}
						},
						{
							"name": "ArmorUpperLegWrap4",
							"from": [ -0.1, 6.0, 0.0 ],
							"to": [ 5.2, 7.0, 4.4 ],
							"uv": [ 26.0, 54.5 ],
							"rotationOrigin": [ -0.11, 6.0, 0.0 ],
							"rotationZ": -15.0,
							"faces": {
								"north": { "texture": "#vikinglegs", "uv": [ 26.0, 58.5, 31.0, 59.5 ] },
								"east": { "texture": "#vikinglegs", "uv": [ 31.0, 58.5, 35.0, 59.5 ] },
								"south": { "texture": "#vikinglegs", "uv": [ 35.0, 58.5, 40.0, 59.5 ] },
								"west": { "texture": "#vikinglegs", "uv": [ 40.0, 58.5, 44.0, 59.5 ] },
								"up": { "texture": "#vikinglegs", "uv": [ 26.0, 54.5, 31.0, 58.5 ] },
								"down": { "texture": "#vikinglegs", "uv": [ 31.0, 54.5, 36.0, 58.5 ] }
							}
						}
					]
				}
			]
		},
		{
			"name": "ArmorLowerLegR",
			"stepParentName": "LowerFootR",
			"from": [ -0.35, -0.2, -0.25 ],
			"to": [ 4.25, 6.3, 3.25 ],
			"autoUnwrap": false,
			"uv": [ 21.5, 15.5 ],
			"rotationOrigin": [ -0.35, -0.2, -0.25 ],
			"faces": {
				"north": { "texture": "#vikinglegs", "uv": [ 9.5, 42.5, 14.0, 49.0 ] },
				"east": { "texture": "#vikinglegs", "uv": [ 17.5, 39.0, 21.0, 45.5 ] },
				"south": { "texture": "#vikinglegs", "uv": [ 9.5, 42.5, 14.0, 49.0 ] },
				"west": { "texture": "#vikinglegs", "uv": [ 17.5, 42.5, 21.0, 49.0 ] },
				"up": { "texture": "#vikinglegs", "uv": [ 15.5, 39.0, 20.0, 42.5 ] },
				"down": { "texture": "#vikinglegs", "uv": [ 15.5, 39.0, 20.0, 42.5 ] }
			},
			"children": [
				{
					"name": "FootR3",
					"from": [ -0.2, 1.9, -0.2 ],
					"to": [ 4.7, 6.7, 3.7 ],
					"autoUnwrap": false,
					"uv": [ 25.5, 20.0 ],
					"rotationOrigin": [ -0.2, 1.9, -0.2 ],
					"faces": {
						"north": { "texture": "#vikinglegs", "uv": [ 58.0, 42.0, 62.5, 46.5 ] },
						"east": { "texture": "#vikinglegs", "uv": [ 58.5, 43.0, 62.0, 47.5 ] },
						"south": { "texture": "#vikinglegs", "uv": [ 57.0, 41.5, 61.5, 46.0 ] },
						"west": { "texture": "#vikinglegs", "uv": [ 58.5, 42.5, 62.0, 47.0 ] },
						"up": { "texture": "#vikinglegs", "uv": [ 57.5, 43.5, 62.0, 47.0 ] },
						"down": { "texture": "#vikinglegs", "uv": [ 57.5, 42.0, 62.0, 45.5 ] }
					}
				},
				{
					"name": "ArmorLowerLegWrap6",
					"from": [ -0.4255, 1.4813, -0.362 ],
					"to": [ 4.8745, 2.4813, 4.038 ],
					"uv": [ 26.0, 54.5 ],
					"rotationOrigin": [ -0.4355, 1.4807, -0.3597 ],
					"faces": {
						"north": { "texture": "#vikinglegs", "uv": [ 26.0, 58.5, 31.0, 59.5 ] },
						"east": { "texture": "#vikinglegs", "uv": [ 31.0, 58.5, 35.0, 59.5 ] },
						"south": { "texture": "#vikinglegs", "uv": [ 35.0, 58.5, 40.0, 59.5 ] },
						"west": { "texture": "#vikinglegs", "uv": [ 40.0, 58.5, 44.0, 59.5 ] },
						"up": { "texture": "#vikinglegs", "uv": [ 26.0, 54.5, 31.0, 58.5 ] },
						"down": { "texture": "#vikinglegs", "uv": [ 31.0, 54.5, 36.0, 58.5 ] }
					},
					"children": [
						{
							"name": "ArmorLowerLegWrap7",
							"from": [ -0.1, 1.0, 0.0 ],
							"to": [ 5.4, 2.0, 4.4 ],
							"uv": [ 26.0, 54.5 ],
							"rotationOrigin": [ -0.01, 1.0, 0.0 ],
							"rotationX": -6.0,
							"rotationZ": -10.0,
							"faces": {
								"north": { "texture": "#vikinglegs", "uv": [ 26.0, 58.5, 31.5, 59.5 ] },
								"east": { "texture": "#vikinglegs", "uv": [ 31.5, 58.5, 35.5, 59.5 ] },
								"south": { "texture": "#vikinglegs", "uv": [ 35.5, 58.5, 41.0, 59.5 ] },
								"west": { "texture": "#vikinglegs", "uv": [ 41.0, 58.5, 45.0, 59.5 ] },
								"up": { "texture": "#vikinglegs", "uv": [ 26.0, 54.5, 31.5, 58.5 ] },
								"down": { "texture": "#vikinglegs", "uv": [ 31.5, 54.5, 37.0, 58.5 ] }
							}
						},
						{
							"name": "ArmorLowerLegWrap8",
							"from": [ -0.1, 2.8, 0.0 ],
							"to": [ 5.2, 3.8, 4.4 ],
							"uv": [ 26.0, 54.5 ],
							"rotationOrigin": [ -0.11, 2.8, 0.0 ],
							"rotationX": 8.0,
							"faces": {
								"north": { "texture": "#vikinglegs", "uv": [ 26.0, 58.5, 31.0, 59.5 ] },
								"east": { "texture": "#vikinglegs", "uv": [ 31.0, 58.5, 35.0, 59.5 ] },
								"south": { "texture": "#vikinglegs", "uv": [ 35.0, 58.5, 40.0, 59.5 ] },
								"west": { "texture": "#vikinglegs", "uv": [ 40.0, 58.5, 44.0, 59.5 ] },
								"up": { "texture": "#vikinglegs", "uv": [ 26.0, 54.5, 31.0, 58.5 ] },
								"down": { "texture": "#vikinglegs", "uv": [ 31.0, 54.5, 36.0, 58.5 ] }
							}
						},
						{
							"name": "ArmorLowerLegWrap9",
							"from": [ -0.1, 3.8, 0.0 ],
							"to": [ 5.2, 4.8, 4.4 ],
							"uv": [ 26.0, 54.5 ],
							"rotationOrigin": [ -0.11, 3.8, 0.0 ],
							"rotationX": -7.0,
							"rotationZ": -15.0,
							"faces": {
								"north": { "texture": "#vikinglegs", "uv": [ 26.0, 58.5, 31.0, 59.5 ] },
								"east": { "texture": "#vikinglegs", "uv": [ 31.0, 58.5, 35.0, 59.5 ] },
								"south": { "texture": "#vikinglegs", "uv": [ 35.0, 58.5, 40.0, 59.5 ] },
								"west": { "texture": "#vikinglegs", "uv": [ 40.0, 58.5, 44.0, 59.5 ] },
								"up": { "texture": "#vikinglegs", "uv": [ 26.0, 54.5, 31.0, 58.5 ] },
								"down": { "texture": "#vikinglegs", "uv": [ 31.0, 54.5, 36.0, 58.5 ] }
							}
						}
					]
				}
			]
		},
		{
			"name": "ArmorLowerLegR2",
			"stepParentName": "PawL",
			"from": [ -0.35, -0.2, -0.25 ],
			"to": [ 3.65, 8.3, 3.25 ],
			"autoUnwrap": false,
			"uv": [ 21.5, 15.5 ],
			"rotationOrigin": [ -0.35, -0.2, -0.25 ],
			"faces": {
				"north": { "texture": "#vikinglegs", "uv": [ 9.5, 42.5, 13.5, 51.0 ] },
				"east": { "texture": "#vikinglegs", "uv": [ 17.5, 39.0, 21.0, 47.5 ] },
				"south": { "texture": "#vikinglegs", "uv": [ 9.5, 42.5, 13.5, 51.0 ] },
				"west": { "texture": "#vikinglegs", "uv": [ 17.5, 42.5, 21.0, 51.0 ] },
				"up": { "texture": "#vikinglegs", "uv": [ 15.5, 39.0, 19.5, 42.5 ] },
				"down": { "texture": "#vikinglegs", "uv": [ 15.5, 39.0, 19.5, 42.5 ] }
			},
			"children": [
				{
					"name": "FootR4",
					"from": [ -0.2, 1.9, -0.2 ],
					"to": [ 4.1, 7.7, 3.7 ],
					"autoUnwrap": false,
					"uv": [ 25.5, 20.0 ],
					"rotationOrigin": [ -0.2, 1.9, -0.2 ],
					"faces": {
						"north": { "texture": "#vikinglegs", "uv": [ 58.0, 42.0, 62.0, 47.5 ] },
						"east": { "texture": "#vikinglegs", "uv": [ 58.5, 43.0, 62.0, 48.5 ] },
						"south": { "texture": "#vikinglegs", "uv": [ 57.0, 41.5, 61.0, 47.0 ] },
						"west": { "texture": "#vikinglegs", "uv": [ 58.5, 42.5, 62.0, 48.0 ] },
						"up": { "texture": "#vikinglegs", "uv": [ 57.5, 43.5, 61.5, 47.0 ] },
						"down": { "texture": "#vikinglegs", "uv": [ 57.5, 42.0, 61.5, 45.5 ] }
					}
				},
				{
					"name": "ArmorLowerLegWrap16",
					"from": [ -0.4255, 1.4813, -0.362 ],
					"to": [ 4.2745, 2.4813, 4.038 ],
					"uv": [ 26.0, 54.5 ],
					"rotationOrigin": [ -0.4355, 1.4807, -0.3597 ],
					"faces": {
						"north": { "texture": "#vikinglegs", "uv": [ 26.0, 58.5, 30.5, 59.5 ] },
						"east": { "texture": "#vikinglegs", "uv": [ 30.5, 58.5, 34.5, 59.5 ] },
						"south": { "texture": "#vikinglegs", "uv": [ 34.5, 58.5, 39.0, 59.5 ] },
						"west": { "texture": "#vikinglegs", "uv": [ 39.0, 58.5, 43.0, 59.5 ] },
						"up": { "texture": "#vikinglegs", "uv": [ 26.0, 54.5, 30.5, 58.5 ] },
						"down": { "texture": "#vikinglegs", "uv": [ 30.5, 54.5, 35.0, 58.5 ] }
					},
					"children": [
						{
							"name": "ArmorLowerLegWrap17",
							"from": [ -0.1, 1.0, 0.0 ],
							"to": [ 4.7, 2.0, 4.4 ],
							"uv": [ 26.0, 54.5 ],
							"rotationOrigin": [ -0.01, 1.0, 0.0 ],
							"rotationX": -6.0,
							"rotationZ": -10.0,
							"faces": {
								"north": { "texture": "#vikinglegs", "uv": [ 26.0, 58.5, 30.5, 59.5 ] },
								"east": { "texture": "#vikinglegs", "uv": [ 30.5, 58.5, 34.5, 59.5 ] },
								"south": { "texture": "#vikinglegs", "uv": [ 34.5, 58.5, 39.0, 59.5 ] },
								"west": { "texture": "#vikinglegs", "uv": [ 39.0, 58.5, 43.0, 59.5 ] },
								"up": { "texture": "#vikinglegs", "uv": [ 26.0, 54.5, 30.5, 58.5 ] },
								"down": { "texture": "#vikinglegs", "uv": [ 30.5, 54.5, 35.0, 58.5 ] }
							}
						},
						{
							"name": "ArmorLowerLegWrap18",
							"from": [ -0.1, 2.8, 0.0 ],
							"to": [ 4.6, 3.8, 4.4 ],
							"uv": [ 26.0, 54.5 ],
							"rotationOrigin": [ -0.11, 2.8, 0.0 ],
							"rotationX": 8.0,
							"faces": {
								"north": { "texture": "#vikinglegs", "uv": [ 26.0, 58.5, 30.5, 59.5 ] },
								"east": { "texture": "#vikinglegs", "uv": [ 30.5, 58.5, 34.5, 59.5 ] },
								"south": { "texture": "#vikinglegs", "uv": [ 34.5, 58.5, 39.0, 59.5 ] },
								"west": { "texture": "#vikinglegs", "uv": [ 39.0, 58.5, 43.0, 59.5 ] },
								"up": { "texture": "#vikinglegs", "uv": [ 26.0, 54.5, 30.5, 58.5 ] },
								"down": { "texture": "#vikinglegs", "uv": [ 30.5, 54.5, 35.0, 58.5 ] }
							}
						},
						{
							"name": "ArmorLowerLegWrap19",
							"from": [ -0.1, 3.8, 0.0 ],
							"to": [ 4.6, 4.8, 4.4 ],
							"uv": [ 26.0, 54.5 ],
							"rotationOrigin": [ -0.11, 3.8, 0.0 ],
							"rotationX": -7.0,
							"rotationZ": -15.0,
							"faces": {
								"north": { "texture": "#vikinglegs", "uv": [ 26.0, 58.5, 30.5, 59.5 ] },
								"east": { "texture": "#vikinglegs", "uv": [ 30.5, 58.5, 34.5, 59.5 ] },
								"south": { "texture": "#vikinglegs", "uv": [ 34.5, 58.5, 39.0, 59.5 ] },
								"west": { "texture": "#vikinglegs", "uv": [ 39.0, 58.5, 43.0, 59.5 ] },
								"up": { "texture": "#vikinglegs", "uv": [ 26.0, 54.5, 30.5, 58.5 ] },
								"down": { "texture": "#vikinglegs", "uv": [ 30.5, 54.5, 35.0, 58.5 ] }
							}
						},
						{
							"name": "ArmorLowerLegWrap20",
							"from": [ -0.1, 5.0, 0.0 ],
							"to": [ 4.6, 6.0, 4.4 ],
							"uv": [ 26.0, 54.5 ],
							"rotationOrigin": [ -0.11, 5.0, 0.0 ],
							"rotationX": -3.0,
							"faces": {
								"north": { "texture": "#vikinglegs", "uv": [ 26.0, 58.5, 30.5, 59.5 ] },
								"east": { "texture": "#vikinglegs", "uv": [ 30.5, 58.5, 34.5, 59.5 ] },
								"south": { "texture": "#vikinglegs", "uv": [ 34.5, 58.5, 39.0, 59.5 ] },
								"west": { "texture": "#vikinglegs", "uv": [ 39.0, 58.5, 43.0, 59.5 ] },
								"up": { "texture": "#vikinglegs", "uv": [ 26.0, 54.5, 30.5, 58.5 ] },
								"down": { "texture": "#vikinglegs", "uv": [ 30.5, 54.5, 35.0, 58.5 ] }
							}
						}
					]
				},
				{
					"name": "KneePlateR2",
					"from": [ -0.4001, 7.1, -0.5008 ],
					"to": [ 0.1999, 8.6, 3.6992 ],
					"unwrapMode": 4,
					"uv": [ 53.5, 12.5 ],
					"rotationOrigin": [ -0.4001, 7.1, -0.4992 ],
					"rotationZ": 20.0,
					"faces": {
						"north": { "texture": "#vikinglegs", "uv": [ 53.5, 13.0, 54.0, 14.5 ] },
						"east": { "texture": "#vikinglegs", "uv": [ 58.5, 13.0, 62.5, 14.5 ] },
						"south": { "texture": "#vikinglegs", "uv": [ 58.0, 13.0, 58.5, 14.5 ] },
						"west": { "texture": "#vikinglegs", "uv": [ 54.0, 13.0, 58.0, 14.5 ] },
						"up": { "texture": "#vikinglegs", "uv": [ 54.0, 12.5, 58.0, 13.0 ], "rotation": 90 },
						"down": { "texture": "#vikinglegs", "uv": [ 54.0, 14.5, 58.0, 15.0 ], "rotation": 90 }
					},
					"children": [
						{
							"name": "LegRTrim4",
							"from": [ 3.74, -1.42, -0.02 ],
							"to": [ 4.24, 0.08, 4.18 ],
							"unwrapMode": 2,
							"uv": [ 54.5, 12.0 ],
							"rotationOrigin": [ 3.7439, -1.4178, -0.0194 ],
							"rotationZ": -48.0,
							"faces": {
								"north": { "texture": "#vikinglegs", "uv": [ 59.0, 12.5, 59.5, 14.0 ] },
								"east": { "texture": "#vikinglegs", "uv": [ 55.0, 12.5, 59.0, 14.0 ] },
								"south": { "texture": "#vikinglegs", "uv": [ 54.5, 12.5, 55.0, 14.0 ] },
								"west": { "texture": "#vikinglegs", "uv": [ 59.5, 12.5, 63.5, 14.0 ] },
								"up": { "texture": "#vikinglegs", "uv": [ 55.0, 12.0, 59.0, 12.5 ], "rotation": 270 },
								"down": { "texture": "#vikinglegs", "uv": [ 55.0, 14.0, 59.0, 14.5 ], "rotation": 270 }
							}
						},
						{
							"name": "LegRTrim5",
							"from": [ -0.132, -0.0037, 3.1 ],
							"to": [ 4.468, 1.4963, 3.6 ],
							"unwrapMode": 3,
							"uv": [ 53.0, 12.5 ],
							"rotationOrigin": [ -0.132, -0.0037, 3.0988 ],
							"rotationX": 26.3447,
							"rotationY": -10.0426,
							"rotationZ": -15.1452,
							"faces": {
								"north": { "texture": "#vikinglegs", "uv": [ 58.5, 13.0, 63.0, 14.5 ] },
								"east": { "texture": "#vikinglegs", "uv": [ 58.0, 13.0, 58.5, 14.5 ] },
								"south": { "texture": "#vikinglegs", "uv": [ 53.5, 13.0, 58.0, 14.5 ] },
								"west": { "texture": "#vikinglegs", "uv": [ 53.0, 13.0, 53.5, 14.5 ] },
								"up": { "texture": "#vikinglegs", "uv": [ 53.5, 12.5, 58.0, 13.0 ] },
								"down": { "texture": "#vikinglegs", "uv": [ 53.5, 14.5, 58.0, 15.0 ], "rotation": 180 }
							}
						},
						{
							"name": "LegRTrim6",
							"from": [ -0.0373, -0.0894, 0.2016 ],
							"to": [ 4.5627, 1.4106, 0.7016 ],
							"unwrapMode": 1,
							"uv": [ 53.0, 12.0 ],
							"rotationOrigin": [ -0.0373, -0.0894, 0.2016 ],
							"rotationX": -16.7904,
							"rotationY": 3.3598,
							"rotationZ": -17.8029,
							"faces": {
								"north": { "texture": "#vikinglegs", "uv": [ 53.5, 12.5, 58.0, 14.0 ] },
								"east": { "texture": "#vikinglegs", "uv": [ 53.0, 12.5, 53.5, 14.0 ] },
								"south": { "texture": "#vikinglegs", "uv": [ 58.5, 12.5, 63.0, 14.0 ] },
								"west": { "texture": "#vikinglegs", "uv": [ 58.0, 12.5, 58.5, 14.0 ] },
								"up": { "texture": "#vikinglegs", "uv": [ 53.5, 12.0, 58.0, 12.5 ], "rotation": 180 },
								"down": { "texture": "#vikinglegs", "uv": [ 53.5, 14.0, 58.0, 14.5 ] }
							}
						}
					]
				}
			]
		},
		{
			"name": "ArmorLowerLegL",
			"stepParentName": "LowerFootL",
			"from": [ -0.4, -0.05, -0.1 ],
			"to": [ 4.1, 6.45, 3.5 ],
			"autoUnwrap": false,
			"uv": [ 14.5, 13.0 ],
			"rotationOrigin": [ 5.6212, -0.386, 8.2278 ],
			"rotationX": -0.9971,
			"rotationY": -0.2268,
			"rotationZ": 0.0026,
			"faces": {
				"north": { "texture": "#vikinglegs", "uv": [ 0.5, 42.5, 5.0, 49.0 ] },
				"east": { "texture": "#vikinglegs", "uv": [ 17.5, 39.0, 21.0, 45.5 ] },
				"south": { "texture": "#vikinglegs", "uv": [ 0.5, 42.5, 5.0, 49.0 ] },
				"west": { "texture": "#vikinglegs", "uv": [ 17.5, 42.5, 21.0, 49.0 ] },
				"up": { "texture": "#vikinglegs", "uv": [ 15.5, 39.0, 20.0, 42.5 ] },
				"down": { "texture": "#vikinglegs", "uv": [ 15.5, 39.0, 20.0, 42.5 ] }
			},
			"children": [
				{
					"name": "FootL3",
					"from": [ -0.2, 1.9, -0.2 ],
					"to": [ 4.7, 6.7, 3.7 ],
					"autoUnwrap": false,
					"uv": [ 21.5, 31.5 ],
					"rotationOrigin": [ -0.2, 1.9, -0.2 ],
					"faces": {
						"north": { "texture": "#vikinglegs", "uv": [ 58.0, 44.0, 62.5, 48.5 ] },
						"east": { "texture": "#vikinglegs", "uv": [ 57.5, 43.0, 61.0, 47.5 ] },
						"south": { "texture": "#vikinglegs", "uv": [ 56.5, 44.5, 61.0, 49.0 ] },
						"west": { "texture": "#vikinglegs", "uv": [ 56.0, 43.0, 59.5, 47.5 ] },
						"up": { "texture": "#vikinglegs", "uv": [ 57.5, 44.0, 62.0, 47.5 ] },
						"down": { "texture": "#vikinglegs", "uv": [ 55.0, 44.0, 59.5, 47.5 ] }
					}
				},
				{
					"name": "ArmorLowerLegWrap1",
					"from": [ -0.4859, 1.7251, -0.5823 ],
					"to": [ 4.8141, 2.7251, 3.8177 ],
					"uv": [ 26.0, 54.5 ],
					"rotationOrigin": [ -0.4688, 1.7146, -0.5477 ],
					"rotationX": 2.9915,
					"rotationY": 0.6797,
					"rotationZ": -0.0223,
					"faces": {
						"north": { "texture": "#vikinglegs", "uv": [ 26.0, 58.5, 31.0, 59.5 ] },
						"east": { "texture": "#vikinglegs", "uv": [ 31.0, 58.5, 35.0, 59.5 ] },
						"south": { "texture": "#vikinglegs", "uv": [ 35.0, 58.5, 40.0, 59.5 ] },
						"west": { "texture": "#vikinglegs", "uv": [ 40.0, 58.5, 44.0, 59.5 ] },
						"up": { "texture": "#vikinglegs", "uv": [ 26.0, 54.5, 31.0, 58.5 ] },
						"down": { "texture": "#vikinglegs", "uv": [ 31.0, 54.5, 36.0, 58.5 ] }
					},
					"children": [
						{
							"name": "ArmorLowerLegWrap2",
							"from": [ -0.1, 1.7, 0.0 ],
							"to": [ 5.4, 2.7, 4.4 ],
							"uv": [ 26.0, 54.5 ],
							"rotationOrigin": [ -0.01, 1.7, 0.0 ],
							"rotationX": 6.0,
							"rotationZ": -10.0,
							"faces": {
								"north": { "texture": "#vikinglegs", "uv": [ 26.0, 58.5, 31.5, 59.5 ] },
								"east": { "texture": "#vikinglegs", "uv": [ 31.5, 58.5, 35.5, 59.5 ] },
								"south": { "texture": "#vikinglegs", "uv": [ 35.5, 58.5, 41.0, 59.5 ] },
								"west": { "texture": "#vikinglegs", "uv": [ 41.0, 58.5, 45.0, 59.5 ] },
								"up": { "texture": "#vikinglegs", "uv": [ 26.0, 54.5, 31.5, 58.5 ] },
								"down": { "texture": "#vikinglegs", "uv": [ 31.5, 54.5, 37.0, 58.5 ] }
							}
						},
						{
							"name": "ArmorLowerLegWrap3",
							"from": [ -0.1, 2.5, 0.0 ],
							"to": [ 5.2, 3.5, 4.4 ],
							"uv": [ 26.0, 54.5 ],
							"rotationOrigin": [ -0.11, 2.5, 0.0 ],
							"rotationX": -8.0,
							"faces": {
								"north": { "texture": "#vikinglegs", "uv": [ 26.0, 58.5, 31.0, 59.5 ] },
								"east": { "texture": "#vikinglegs", "uv": [ 31.0, 58.5, 35.0, 59.5 ] },
								"south": { "texture": "#vikinglegs", "uv": [ 35.0, 58.5, 40.0, 59.5 ] },
								"west": { "texture": "#vikinglegs", "uv": [ 40.0, 58.5, 44.0, 59.5 ] },
								"up": { "texture": "#vikinglegs", "uv": [ 26.0, 54.5, 31.0, 58.5 ] },
								"down": { "texture": "#vikinglegs", "uv": [ 31.0, 54.5, 36.0, 58.5 ] }
							}
						},
						{
							"name": "ArmorLowerLegWrap4",
							"from": [ -0.1, 4.8, 0.0 ],
							"to": [ 5.2, 5.8, 4.4 ],
							"uv": [ 26.0, 54.5 ],
							"rotationOrigin": [ -0.11, 4.8, 0.0 ],
							"rotationX": 5.0,
							"rotationZ": -15.0,
							"faces": {
								"north": { "texture": "#vikinglegs", "uv": [ 26.0, 58.5, 31.0, 59.5 ] },
								"east": { "texture": "#vikinglegs", "uv": [ 31.0, 58.5, 35.0, 59.5 ] },
								"south": { "texture": "#vikinglegs", "uv": [ 35.0, 58.5, 40.0, 59.5 ] },
								"west": { "texture": "#vikinglegs", "uv": [ 40.0, 58.5, 44.0, 59.5 ] },
								"up": { "texture": "#vikinglegs", "uv": [ 26.0, 54.5, 31.0, 58.5 ] },
								"down": { "texture": "#vikinglegs", "uv": [ 31.0, 54.5, 36.0, 58.5 ] }
							}
						}
					]
				}
			]
		},
		{
			"name": "ArmorLowerLegL2",
			"stepParentName": "PawR",
			"from": [ -0.4, -0.05, -0.1 ],
			"to": [ 3.6, 8.45, 3.5 ],
			"autoUnwrap": false,
			"uv": [ 14.5, 13.0 ],
			"rotationOrigin": [ 5.6212, -0.386, 8.2278 ],
			"rotationX": -0.9971,
			"rotationY": -0.2268,
			"rotationZ": 0.0026,
			"faces": {
				"north": { "texture": "#vikinglegs", "uv": [ 0.5, 42.5, 4.5, 51.0 ] },
				"east": { "texture": "#vikinglegs", "uv": [ 17.5, 39.0, 21.0, 47.5 ] },
				"south": { "texture": "#vikinglegs", "uv": [ 0.5, 42.5, 4.5, 51.0 ] },
				"west": { "texture": "#vikinglegs", "uv": [ 17.5, 42.5, 21.0, 51.0 ] },
				"up": { "texture": "#vikinglegs", "uv": [ 15.5, 39.0, 19.5, 42.5 ] },
				"down": { "texture": "#vikinglegs", "uv": [ 15.5, 39.0, 19.5, 42.5 ] }
			},
			"children": [
				{
					"name": "FootL4",
					"from": [ -0.2, 1.9, -0.2 ],
					"to": [ 4.1, 7.7, 3.7 ],
					"autoUnwrap": false,
					"uv": [ 21.5, 31.5 ],
					"rotationOrigin": [ -0.2, 1.9, -0.2 ],
					"faces": {
						"north": { "texture": "#vikinglegs", "uv": [ 58.0, 44.0, 62.0, 49.5 ] },
						"east": { "texture": "#vikinglegs", "uv": [ 57.5, 43.0, 61.0, 48.5 ] },
						"south": { "texture": "#vikinglegs", "uv": [ 56.5, 44.5, 60.5, 50.0 ] },
						"west": { "texture": "#vikinglegs", "uv": [ 56.0, 43.0, 59.5, 48.5 ] },
						"up": { "texture": "#vikinglegs", "uv": [ 57.5, 44.0, 61.5, 47.5 ] },
						"down": { "texture": "#vikinglegs", "uv": [ 55.0, 44.0, 59.0, 47.5 ] }
					}
				},
				{
					"name": "KneePlateL2",
					"from": [ -0.4, 7.1, -0.2 ],
					"to": [ 0.2, 8.6, 4.0 ],
					"unwrapMode": 4,
					"uv": [ 54.5, 12.5 ],
					"rotationOrigin": [ -0.4, 7.1, -0.2 ],
					"rotationZ": 20.0,
					"faces": {
						"north": { "texture": "#vikinglegs", "uv": [ 54.5, 13.0, 55.0, 14.5 ] },
						"east": { "texture": "#vikinglegs", "uv": [ 59.5, 13.0, 63.5, 14.5 ] },
						"south": { "texture": "#vikinglegs", "uv": [ 59.0, 13.0, 59.5, 14.5 ] },
						"west": { "texture": "#vikinglegs", "uv": [ 55.0, 13.0, 59.0, 14.5 ] },
						"up": { "texture": "#vikinglegs", "uv": [ 55.0, 12.5, 59.0, 13.0 ], "rotation": 90 },
						"down": { "texture": "#vikinglegs", "uv": [ 55.0, 14.5, 59.0, 15.0 ], "rotation": 90 }
					},
					"children": [
						{
							"name": "LegLTrim4",
							"from": [ 3.74, -1.42, -0.02 ],
							"to": [ 4.24, 0.08, 4.18 ],
							"unwrapMode": 2,
							"uv": [ 52.5, 12.0 ],
							"rotationOrigin": [ 3.7439, -1.4178, -0.0194 ],
							"rotationZ": -48.0,
							"faces": {
								"north": { "texture": "#vikinglegs", "uv": [ 57.0, 12.5, 57.5, 14.0 ] },
								"east": { "texture": "#vikinglegs", "uv": [ 53.0, 12.5, 57.0, 14.0 ] },
								"south": { "texture": "#vikinglegs", "uv": [ 52.5, 12.5, 53.0, 14.0 ] },
								"west": { "texture": "#vikinglegs", "uv": [ 57.5, 12.5, 61.5, 14.0 ] },
								"up": { "texture": "#vikinglegs", "uv": [ 53.0, 12.0, 57.0, 12.5 ], "rotation": 270 },
								"down": { "texture": "#vikinglegs", "uv": [ 53.0, 14.0, 57.0, 14.5 ], "rotation": 270 }
							}
						},
						{
							"name": "LegLTrim5",
							"from": [ -0.132, -0.0037, 3.1988 ],
							"to": [ 4.468, 1.4963, 3.6988 ],
							"unwrapMode": 3,
							"uv": [ 52.5, 12.0 ],
							"rotationOrigin": [ -0.132, -0.0037, 3.1988 ],
							"rotationX": 26.3447,
							"rotationY": -10.0426,
							"rotationZ": -15.1452,
							"faces": {
								"north": { "texture": "#vikinglegs", "uv": [ 58.0, 12.5, 62.5, 14.0 ] },
								"east": { "texture": "#vikinglegs", "uv": [ 57.5, 12.5, 58.0, 14.0 ] },
								"south": { "texture": "#vikinglegs", "uv": [ 53.0, 12.5, 57.5, 14.0 ] },
								"west": { "texture": "#vikinglegs", "uv": [ 52.5, 12.5, 53.0, 14.0 ] },
								"up": { "texture": "#vikinglegs", "uv": [ 53.0, 12.0, 57.5, 12.5 ] },
								"down": { "texture": "#vikinglegs", "uv": [ 53.0, 14.0, 57.5, 14.5 ], "rotation": 180 }
							}
						},
						{
							"name": "LegLTrim6",
							"from": [ -0.0373, -0.0894, 0.2016 ],
							"to": [ 4.5627, 1.4106, 0.7016 ],
							"unwrapMode": 1,
							"uv": [ 52.5, 12.0 ],
							"rotationOrigin": [ -0.0373, -0.0894, 0.2016 ],
							"rotationX": -16.7904,
							"rotationY": 3.3598,
							"rotationZ": -17.8029,
							"faces": {
								"north": { "texture": "#vikinglegs", "uv": [ 53.0, 12.5, 57.5, 14.0 ] },
								"east": { "texture": "#vikinglegs", "uv": [ 52.5, 12.5, 53.0, 14.0 ] },
								"south": { "texture": "#vikinglegs", "uv": [ 58.0, 12.5, 62.5, 14.0 ] },
								"west": { "texture": "#vikinglegs", "uv": [ 57.5, 12.5, 58.0, 14.0 ] },
								"up": { "texture": "#vikinglegs", "uv": [ 53.0, 12.0, 57.5, 12.5 ], "rotation": 180 },
								"down": { "texture": "#vikinglegs", "uv": [ 53.0, 14.0, 57.5, 14.5 ] }
							}
						}
					]
				},
				{
					"name": "ArmorLowerLegWrap11",
					"from": [ -0.4859, 1.7251, -0.5823 ],
					"to": [ 4.2141, 2.7251, 3.8177 ],
					"uv": [ 26.0, 54.5 ],
					"rotationOrigin": [ -0.4688, 1.7146, -0.5477 ],
					"rotationX": 2.9915,
					"rotationY": 0.6797,
					"rotationZ": -0.0223,
					"faces": {
						"north": { "texture": "#vikinglegs", "uv": [ 26.0, 58.5, 30.5, 59.5 ] },
						"east": { "texture": "#vikinglegs", "uv": [ 30.5, 58.5, 34.5, 59.5 ] },
						"south": { "texture": "#vikinglegs", "uv": [ 34.5, 58.5, 39.0, 59.5 ] },
						"west": { "texture": "#vikinglegs", "uv": [ 39.0, 58.5, 43.0, 59.5 ] },
						"up": { "texture": "#vikinglegs", "uv": [ 26.0, 54.5, 30.5, 58.5 ] },
						"down": { "texture": "#vikinglegs", "uv": [ 30.5, 54.5, 35.0, 58.5 ] }
					},
					"children": [
						{
							"name": "ArmorLowerLegWrap12",
							"from": [ -0.1, 1.7, 0.0 ],
							"to": [ 4.7, 2.7, 4.4 ],
							"uv": [ 26.0, 54.5 ],
							"rotationOrigin": [ -0.01, 1.7, 0.0 ],
							"rotationX": 6.0,
							"rotationZ": -10.0,
							"faces": {
								"north": { "texture": "#vikinglegs", "uv": [ 26.0, 58.5, 30.5, 59.5 ] },
								"east": { "texture": "#vikinglegs", "uv": [ 30.5, 58.5, 34.5, 59.5 ] },
								"south": { "texture": "#vikinglegs", "uv": [ 34.5, 58.5, 39.0, 59.5 ] },
								"west": { "texture": "#vikinglegs", "uv": [ 39.0, 58.5, 43.0, 59.5 ] },
								"up": { "texture": "#vikinglegs", "uv": [ 26.0, 54.5, 30.5, 58.5 ] },
								"down": { "texture": "#vikinglegs", "uv": [ 30.5, 54.5, 35.0, 58.5 ] }
							}
						},
						{
							"name": "ArmorLowerLegWrap13",
							"from": [ -0.1, 2.5, 0.0 ],
							"to": [ 4.6, 3.5, 4.4 ],
							"uv": [ 26.0, 54.5 ],
							"rotationOrigin": [ -0.11, 2.5, 0.0 ],
							"rotationX": -8.0,
							"faces": {
								"north": { "texture": "#vikinglegs", "uv": [ 26.0, 58.5, 30.5, 59.5 ] },
								"east": { "texture": "#vikinglegs", "uv": [ 30.5, 58.5, 34.5, 59.5 ] },
								"south": { "texture": "#vikinglegs", "uv": [ 34.5, 58.5, 39.0, 59.5 ] },
								"west": { "texture": "#vikinglegs", "uv": [ 39.0, 58.5, 43.0, 59.5 ] },
								"up": { "texture": "#vikinglegs", "uv": [ 26.0, 54.5, 30.5, 58.5 ] },
								"down": { "texture": "#vikinglegs", "uv": [ 30.5, 54.5, 35.0, 58.5 ] }
							}
						},
						{
							"name": "ArmorLowerLegWrap14",
							"from": [ -0.1, 4.8, 0.0 ],
							"to": [ 4.7, 5.8, 4.4 ],
							"uv": [ 26.0, 54.5 ],
							"rotationOrigin": [ -0.11, 4.8, 0.0 ],
							"rotationX": 5.0,
							"rotationZ": -15.0,
							"faces": {
								"north": { "texture": "#vikinglegs", "uv": [ 26.0, 58.5, 30.5, 59.5 ] },
								"east": { "texture": "#vikinglegs", "uv": [ 30.5, 58.5, 34.5, 59.5 ] },
								"south": { "texture": "#vikinglegs", "uv": [ 34.5, 58.5, 39.0, 59.5 ] },
								"west": { "texture": "#vikinglegs", "uv": [ 39.0, 58.5, 43.0, 59.5 ] },
								"up": { "texture": "#vikinglegs", "uv": [ 26.0, 54.5, 30.5, 58.5 ] },
								"down": { "texture": "#vikinglegs", "uv": [ 30.5, 54.5, 35.0, 58.5 ] }
							}
						},
						{
							"name": "ArmorLowerLegWrap15",
							"from": [ -0.1, 5.0, 0.0 ],
							"to": [ 4.6, 6.0, 4.4 ],
							"uv": [ 26.0, 54.5 ],
							"rotationOrigin": [ -0.11, 5.0, 0.0 ],
							"faces": {
								"north": { "texture": "#vikinglegs", "uv": [ 26.0, 58.5, 30.5, 59.5 ] },
								"east": { "texture": "#vikinglegs", "uv": [ 30.5, 58.5, 34.5, 59.5 ] },
								"south": { "texture": "#vikinglegs", "uv": [ 34.5, 58.5, 39.0, 59.5 ] },
								"west": { "texture": "#vikinglegs", "uv": [ 39.0, 58.5, 43.0, 59.5 ] },
								"up": { "texture": "#vikinglegs", "uv": [ 26.0, 54.5, 30.5, 58.5 ] },
								"down": { "texture": "#vikinglegs", "uv": [ 30.5, 54.5, 35.0, 58.5 ] }
							}
						}
					]
				}
			]
		}
	]}