{
	enabled: false,
	code: "transmission",
    class: "BlockTransmission",
	shape: { base: "block/wood/transmission"},
	heldTpIdleAnimation: "holdunderarm",
	creativeinventory: { "confession": ["*"], "general": ["*"] },
	blockmaterial: "Wood",
	replaceable: 900,
	resistance: 1.5,
	lightAbsorption: 1,
	sidesolid: {
		all: true
	},	
	sideopaque: {
		all: false
	},
	sounds: {
		"place": "game:block/planks",
		"hit": "game:block/planks",
		"break": "game:block/planks",
		"walk": "game:walk/wood"
	},
	combustibleProps: {burnTemperature: 600,burnDuration: 16},
	textures: {
        "black": { base: "game:block/black"},
        "iron2": { base: "game:block/metal/sheet-plain/iron2"},
        "sides": { base: "game:block/wood/barrel/sides"},
		"top-empty": { base: "game:block/wood/barrel/top-empty"},
		"top-lid": { base: "game:block/wood/barrel/top-lid"},
		"aged": { base: "game:block/wood/debarked/aged"},
		"generic": { base: "game:block/wood/planks/generic"}
	},
	materialDensity: 400,
	groundTransform: {
		translation: { x: 0, y: 0.07, z: -0 },
		rotation: { x: 0, y: 0, z: -93 },
		origin: { x: 0.5, y: 0, z: 0.5 },
		scale: 3.71
	},
	tpHandTransform: {
		translation: { x: -0.9, y: -0.3, z: -0.6 },
		rotation: { x: 10, y: -6, z: -13 },
		scale: 0.73
	},
	fpHandTransform: {
		translation: { x: -0.4, y: 0.55, z: 1.6 },
		rotation: { x: 13, y: 30, z: 10 },
		scale: 2.16
	},
	guiTransform: {
		translation: { x: 0.8, y: 0, z: 0 },
		rotation: { x: -13, y: 180, z: 0 },
		scaleXyz: { x: -1.3, y: 1.3, z: 1.3 }
	}
}
