{
	"editor": {
		"allAngles": true,
		"entityTextureMode": false
	},
	"textureWidth": 16,
	"textureHeight": 16,
	"textureSizes": {
	},
	"textures": {
	},
	"elements": [
		{
			"name": "Body",
			"from": [ 6.5, 0.5, 8.5 ],
			"to": [ 9.5, 2.5, 11.5 ],
			"rotationOrigin": [ 7.0, 0.0, 9.0 ],
			"rotationY": 90.0,
			"faces": {
				"north": { "texture": "#top", "uv": [ 1.5, 3.0, 4.5, 5.0 ] },
				"east": { "texture": "#top", "uv": [ 6.5, 0.5, 9.5, 2.5 ] },
				"south": { "texture": "#top", "uv": [ 5.0, 2.5, 8.0, 4.5 ] },
				"west": { "texture": "#top", "uv": [ 4.0, 0.0, 7.0, 2.0 ] },
				"up": { "texture": "#top", "uv": [ 0.0, 2.5, 3.0, 5.5 ] },
				"down": { "texture": "#top", "uv": [ 4.5, 2.5, 7.5, 5.5 ] }
			},
			"children": [
				{
					"name": "Dome",
					"from": [ 0.5, 2.0, 0.5 ],
					"to": [ 2.5, 2.5, 2.5 ],
					"rotationOrigin": [ -0.5, 2.0, 0.5 ],
					"faces": {
						"north": { "texture": "#top", "uv": [ 1.5, 13.0, 3.5, 13.5 ] },
						"east": { "texture": "#top", "uv": [ 4.5, 10.5, 6.5, 11.0 ] },
						"south": { "texture": "#top", "uv": [ 8.5, 7.5, 10.5, 8.0 ] },
						"west": { "texture": "#top", "uv": [ 5.5, 12.0, 7.5, 12.5 ] },
						"up": { "texture": "#top", "uv": [ 5.5, 2.0, 7.5, 4.0 ] },
						"down": { "texture": "#0", "uv": [ 9.5, 0.0, 11.5, 2.0 ], "enabled": false }
					},
					"children": [
						{
							"name": "Dome2",
							"from": [ 0.75, 0.5, 0.75 ],
							"to": [ 1.25, 1.0, 1.25 ],
							"rotationOrigin": [ 0.5, 1.0, 1.5 ],
							"faces": {
								"north": { "texture": "#top", "uv": [ 5.5, 9.0, 6.0, 9.5 ] },
								"east": { "texture": "#top", "uv": [ 4.5, 9.5, 5.0, 10.0 ] },
								"south": { "texture": "#top", "uv": [ 5.5, 8.5, 6.0, 9.0 ] },
								"west": { "texture": "#top", "uv": [ 5.5, 12.5, 6.0, 13.0 ] },
								"up": { "texture": "#top", "uv": [ 6.5, 1.0, 7.0, 1.5 ] },
								"down": { "texture": "#0", "uv": [ 0.5, 8.5, 1.0, 9.0 ], "enabled": false }
							}
						}
					]
				},
				{
					"name": "Handle1Top",
					"from": [ -1.0, 1.25, 1.125 ],
					"to": [ 0.0, 1.75, 1.875 ],
					"rotationOrigin": [ -0.5, 2.0, 3.0 ],
					"faces": {
						"north": { "texture": "#top", "uv": [ 3.0, 13.0, 4.0, 13.5 ] },
						"east": { "texture": "#0", "uv": [ 6.0, 4.0, 6.5, 4.5 ], "enabled": false },
						"south": { "texture": "#top", "uv": [ 11.5, 6.5, 12.5, 7.0 ] },
						"west": { "texture": "#top", "uv": [ 14.5, 7.0, 15.0, 7.5 ] },
						"up": { "texture": "#top", "uv": [ 11.0, 0.0, 12.0, 0.5 ] },
						"down": { "texture": "#top", "uv": [ 5.5, 13.0, 6.5, 13.5 ] }
					},
					"children": [
						{
							"name": "Handle1Side",
							"from": [ -0.25, -1.0, 0.0 ],
							"to": [ 0.25, 0.0, 0.75 ],
							"rotationOrigin": [ -1.0, 2.0, 0.5 ],
							"faces": {
								"north": { "texture": "#top", "uv": [ 6.0, 3.0, 6.5, 4.0 ] },
								"east": { "texture": "#top", "uv": [ 6.5, 9.5, 7.0, 10.5 ] },
								"south": { "texture": "#top", "uv": [ 12.0, 10.0, 12.5, 11.0 ] },
								"west": { "texture": "#top", "uv": [ 4.0, 13.0, 4.5, 14.0 ] },
								"up": { "texture": "#top", "uv": [ 1.5, 13.0, 2.0, 13.5 ] },
								"down": { "texture": "#top", "uv": [ 10.5, 0.5, 11.0, 1.0 ] }
							}
						},
						{
							"name": "Handle1Bottom",
							"from": [ 0.25, -1.25, 0.0 ],
							"to": [ 1.0, -0.75, 0.75 ],
							"rotationOrigin": [ 1.0, 1.0, 0.5 ],
							"faces": {
								"north": { "texture": "#top", "uv": [ 6.0, 3.0, 6.5, 3.5 ] },
								"east": { "texture": "#0", "uv": [ 6.5, 9.5, 7.0, 10.0 ], "enabled": false },
								"south": { "texture": "#top", "uv": [ 12.0, 10.0, 12.5, 10.5 ] },
								"west": { "texture": "#top", "uv": [ 4.0, 13.0, 4.5, 13.5 ] },
								"up": { "texture": "#top", "uv": [ 1.5, 13.0, 2.0, 13.5 ] },
								"down": { "texture": "#top", "uv": [ 10.5, 0.5, 11.0, 1.0 ] }
							}
						}
					]
				},
				{
					"name": "Bottom",
					"from": [ 0.5, -0.5, 0.5 ],
					"to": [ 2.5, 0.0, 2.5 ],
					"rotationOrigin": [ 1.5, -2.0, 0.5 ],
					"faces": {
						"north": { "texture": "#top", "uv": [ 1.5, 13.0, 3.5, 13.5 ] },
						"east": { "texture": "#top", "uv": [ 4.5, 10.5, 6.5, 11.0 ] },
						"south": { "texture": "#top", "uv": [ 8.5, 7.5, 10.5, 8.0 ] },
						"west": { "texture": "#top", "uv": [ 5.5, 12.0, 7.5, 12.5 ] },
						"up": { "texture": "#0", "uv": [ 5.5, 2.0, 7.5, 4.0 ], "enabled": false },
						"down": { "texture": "#ceramic", "uv": [ 9.5, 0.0, 11.5, 2.0 ] }
					}
				},
				{
					"name": "Handle2Top",
					"from": [ 3.0, 1.25, -1.125 ],
					"to": [ 4.0, 1.75, -0.375 ],
					"rotationOrigin": [ 3.5, 2.0, 0.375 ],
					"rotationY": 180.0,
					"faces": {
						"north": { "texture": "#top", "uv": [ 3.0, 13.0, 4.0, 13.5 ] },
						"east": { "texture": "#0", "uv": [ 6.0, 4.0, 6.5, 4.5 ], "enabled": false },
						"south": { "texture": "#top", "uv": [ 11.5, 6.5, 12.5, 7.0 ] },
						"west": { "texture": "#top", "uv": [ 14.5, 7.0, 15.0, 7.5 ] },
						"up": { "texture": "#top", "uv": [ 11.0, 0.0, 12.0, 0.5 ] },
						"down": { "texture": "#top", "uv": [ 5.5, 13.0, 6.5, 13.5 ] }
					},
					"children": [
						{
							"name": "Handle2Side",
							"from": [ -0.25, -1.0, 0.0 ],
							"to": [ 0.25, 0.0, 0.75 ],
							"rotationOrigin": [ -1.0, 2.0, 0.5 ],
							"faces": {
								"north": { "texture": "#top", "uv": [ 6.0, 3.0, 6.5, 4.0 ] },
								"east": { "texture": "#top", "uv": [ 6.5, 9.5, 7.0, 10.5 ] },
								"south": { "texture": "#top", "uv": [ 12.0, 10.0, 12.5, 11.0 ] },
								"west": { "texture": "#top", "uv": [ 4.0, 13.0, 4.5, 14.0 ] },
								"up": { "texture": "#top", "uv": [ 1.5, 13.0, 2.0, 13.5 ] },
								"down": { "texture": "#top", "uv": [ 10.5, 0.5, 11.0, 1.0 ] }
							}
						},
						{
							"name": "Handle2Bottom",
							"from": [ 0.25, -1.25, 0.0 ],
							"to": [ 1.0, -0.75, 0.75 ],
							"rotationOrigin": [ 1.0, 1.0, 0.5 ],
							"faces": {
								"north": { "texture": "#top", "uv": [ 6.0, 3.0, 6.5, 3.5 ] },
								"east": { "texture": "#0", "uv": [ 6.5, 9.5, 7.0, 10.0 ], "enabled": false },
								"south": { "texture": "#top", "uv": [ 12.0, 10.0, 12.5, 10.5 ] },
								"west": { "texture": "#top", "uv": [ 4.0, 13.0, 4.5, 13.5 ] },
								"up": { "texture": "#top", "uv": [ 1.5, 13.0, 2.0, 13.5 ] },
								"down": { "texture": "#top", "uv": [ 10.5, 0.5, 11.0, 1.0 ] }
							}
						}
					]
				}
			]
		}
	]}