{
	"code": "smallstonebricks",
	"class": "Block",
	"attributes": {
		"handbook": {
			"groupBy": [ "smallstonebricks-*" ]
		},
		"mapColorCode": "settlement"
	},
	"variantgroups": [ { "code": "rock", "states": [ "andesite", "bauxite", "chalk", "chert", "conglomerate", "limestone", "claystone", "granite", "sandstone", "shale", "basalt", "peridotite", "phyllite", "slate", "kimberlite", "obsidian", "suevite" ] } ],
	"shape": { "base": "game:block/basic/cube" },
	"drawtype": "Cube",
	"blockmaterial": "Stone",
	"creativeinventory": { "general": ["*"], "construction": ["*"] },
	"replaceable": 200,
	"resistance": 4,
	"lightAbsorption": 99,
	"textureWidht": 32,
	"textureHeight": 32,
	"textures": {
		"all": { "base": "bricklayers:block/stone/brick/small/{rock}*" }
	},
	"sounds": {
		"walk": "game:walk/stone",
		"byTool": {
			"Pickaxe": { "hit": "game:block/rock-hit-pickaxe", "break": "game:block/rock-break-pickaxe" }
		}
	},
	"heldTpIdleAnimation": "holdbothhandslarge",
	"heldTpUseAnimation": "twohandplaceblock",
	"tpHandTransform": {
		"translation": { "x": -1.2, "y": -1.1, "z": -0.8 },
		"rotation": { "x": -2, "y": 25, "z": -78 },
		"scale": 0.37
	}
}
