[
	{
		"code": "strongtannin_oak",
		"powerpercraft": 128,
		"attributes": {
			"requirestemp": 200
		},
		"ingredients": [
			{ "type": "block", "code": "game:log-placed-oak-ud",  "quantity": 2 },
			{ "type": "item", "code": "game:waterportion",  "litres": 10 }
		],
		"outputs": [
            { "type": "item", "code": "game:strongtanninportion", "litres": 10 }
        ]
	},
	{
		"code": "strongtannin_acacia",
		"powerpercraft": 128,
		"ingredients": [
			{ "type": "block", "code": "game:log-placed-acacia-ud",  "quantity": 2 },
			{ "type": "item", "code": "game:waterportion",  "litres": 10 }
		],
		"outputs": [
            { "type": "item", "code": "game:strongtanninportion", "litres": 10 }
        ]
	}
]