{
  "possessed": {
    "Enabled": true,
		"Group": "undead",
		"Icon": "skeletons:icons/possessed",
		"GroupIcon": "playermodellib:icons/undead",
		"ShapePath": "skeletons:skeleton",
    "MainTextureCode": "bone-main",
		"ModelSizeFactor": 0.9,
		"ExtraTraits": ["skeletons-fragile", "skeletons-unstable", "skeletons-ghostly", "skeletons-cantswim", "skeletons-barebones", "skeletons-weakbinding"],
		"AvailableClasses": ["skeletons-possessed-oathbreaker", "skeletons-possessed-tortured", "skeletons-possessed-burntlive", "skeletons-possessed-traitor", "skeletons-possessed-inventor"],
		"ExclusiveClasses": ["skeletons-possessed-oathbreaker", "skeletons-possessed-tortured", "skeletons-possessed-burntlive", "skeletons-possessed-traitor", "skeletons-possessed-inventor"],
		"SkipClasses": [],
		"RemoveTags": ["seraph"],
		"AddTags": ["skeleton", "undead"],
		"SizeRange": [0.9, 1.1],
    "MaxCollisionBox": [0.80, 1.99],
    "MinCollisionBox": [0.1, 0.1],
    "ScaleColliderWithSizeHorizontally": true,
    "ScaleColliderWithSizeVertically": true,
    "MaxEyeHeight": 1.95,
    "MinEyeHeight": 0.1,
    "SkinnableParts": [
			{
				"code": "skeleton-bonecolor",
				"type": "texture", 
				"textureTarget": "bone-main",
				"targetSkinParts": ["base", "skeleton-skull", "skeleton-ribcage", "skeleton-jaw", "skeleton-accessories"],
				"overlayTexture": true,
				"textureTemplate": "skeletons:bone/variant-{code}",
				"variants": [
					{ "code": "0" },
					{ "code": "1" },
					{ "code": "2" },
					{ "code": "3" },
					{ "code": "4" },
					{ "code": "5" },
					{ "code": "6" },
					{ "code": "7" },
					{ "code": "8" },
					{ "code": "9" },
					{ "code": "10" },
					{ "code": "11" },
					{ "code": "12" },
					{ "code": "13" },
					{ "code": "14" },
					{ "code": "15" },
					{ "code": "16" },
					{ "code": "17" },
					{ "code": "18" },
					{ "code": "19" },
					{ "code": "20" },
					{ "code": "21" },
					{ "code": "22" }
				]
			},
			{
				"code": "skeleton-skullinside",
				"type": "texture", 
				"textureTarget": "bone-skull-inside",
				"targetSkinParts": ["base", "skeleton-skull", "skeleton-ribcage", "skeleton-jaw"],
				"overlayTexture": true,
				"textureTemplate": "skeletons:bone/variant-{code}",
				"variants": [
					{ "code": "0" },
					{ "code": "1" },
					{ "code": "2" },
					{ "code": "3" },
					{ "code": "4" },
					{ "code": "5" },
					{ "code": "6" },
					{ "code": "7" },
					{ "code": "8" },
					{ "code": "9" },
					{ "code": "10" },
					{ "code": "11" },
					{ "code": "12" },
					{ "code": "13" },
					{ "code": "14" },
					{ "code": "15" },
					{ "code": "16" },
					{ "code": "17" },
					{ "code": "18" },
					{ "code": "19" },
					{ "code": "20" },
					{ "code": "21" },
					{ "code": "22" }
				]
			},
			{
				"code": "skeleton-metalcolor",
				"type": "texture", 
				"textureTarget": "bone-metal",
				"targetSkinParts": ["skeleton-accessories"],
				"overlayTexture": false,
				"colbreak": true,
				"textureTemplate": "skeletons:metal/{code}",
				"variants": [
					{ "code": "iron-rusted" },
					{ "code": "iron" },
					{ "code": "bismuth" },
					{ "code": "bismuthbronze" },
					{ "code": "blackbronze" },
					{ "code": "blistersteel" },
					{ "code": "brass" },
					{ "code": "chromium" },
					{ "code": "copper-tarnished" },
					{ "code": "copper" },
					{ "code": "cupronickel" },
					{ "code": "electrum" },
					{ "code": "gold" },
					{ "code": "lead-tarnished" },
					{ "code": "lead" },
					{ "code": "leadsolder" },
					{ "code": "meteoriciron" },
					{ "code": "molybdochalkos" },
					{ "code": "nickel" },
					{ "code": "platinum" },
					{ "code": "silver" },
					{ "code": "silversolder" },
					{ "code": "stainlesssteel" },
					{ "code": "steel" },
					{ "code": "tin" },
					{ "code": "tinbronze-tarnished" },
					{ "code": "tinbronze" },
					{ "code": "titanium" },
					{ "code": "uranium" },
					{ "code": "zinc" }
				]
			},
			{
				"code": "skeleton-skull",
				"type": "shape",
				"shapeTemplate": { "base": "skeletons:parts/skull/variant-{code}" },
				"variants": [
					{ "code": "0"},
					{ "code": "1"},
					{ "code": "2"},
					{ "code": "3"},
					{ "code": "8"},
					{ "code": "9"},
					{ "code": "10"},
					{ "code": "11"},
					{ "code": "12"},
					{ "code": "13"},
					{ "code": "14"},
					{ "code": "15"},
					{ "code": "16"}
				]
			},
			{
				"code": "skeleton-jaw",
				"type": "shape",
				"shapeTemplate": { "base": "skeletons:parts/jaw/variant-{code}" },
				"variants": [
					{ "code": "0"},
					{ "code": "1"},
					{ "code": "2"},
					{ "code": "3"}
				]
			},
			{
				"code": "skeleton-ribcage",
				"type": "shape",
				"shapeTemplate": { "base": "skeletons:parts/ribcage/variant-{code}" },
				"variants": [
					{ "code": "0"},
					{ "code": "1"},
					{ "code": "2"},
					{ "code": "3"},
					{ "code": "4"},
					{ "code": "5"},
					{ "code": "6"},
					{ "code": "7"}
				]
			},
			{
				"code": "skeleton-accessories",
				"type": "shape",
				"shapeTemplate": { "base": "skeletons:parts/accessories/variant-{code}" },
				"variants": [
					{ "code": "0"},
					{ "code": "1"},
					{ "code": "5"}
				]
			},
			{
				"code": "voicetype",
				"type": "voice", 
				"useDropDown": true,
				"variants": [
					{ "code": "skeleton-xylophone", "sound": "skeletons:sounds/voice/xylophone" },
					{ "code": "skeleton-woodenmallet", "sound": "skeletons:sounds/voice/woodenmallet" },
					{ "code": "skeleton-bonecrunch", "sound": "skeletons:sounds/voice/bonecrunch" }
				]
			},
			{
				"code": "voicepitch",
				"type": "voice",
				"useDropDown": true,
				"variants": [
					{ "code": "verylow" },
					{ "code": "low" },
					{ "code": "medium" },
					{ "code": "high" }
				]
			}
    ]
  }
}