{
	"editor": {
		"backDropShape": "C:/Users/Cal/Desktop/boobold",
		"collapsedPaths": "Root/ArmorHelmet/ArmorHelmet2/Eyehole9,Root/ArmorHelmet/ArmorHelmet2/Eyehole8,Root/ArmorHelmet/ArmorHelmet2/Eyehole12,Root/ArmorHelmet/ArmorHelmet2/Eyehole13,Root/ArmorHelmet/ArmorHelmet2/Eyehole14,Root/ArmorHelmet/ArmorHelmet2/Eyehole15,Root/ArmorHelmet/ArmorHelmet2/Eyehole16,Root/ArmorHelmet/ArmorHelmet2/Eyehole17,Root/ArmorHelmet/ArmorHelmet2/Eyehole18,Root/ArmorHelmet/ArmorHelmet4,Root/ArmorHelmet/ArmorHelmetRim1/ArmorHelmetRim4,Root/ArmorHelmet/ArmorHelmet2/Eyehole2,Root/ArmorHelmet/ArmorHelmet2/Eyehole5,Root/ArmorHelmet/ArmorHelmet2/Eyehole4,Root/ArmorHelmet/ArmorHelmet2/Eyehole7,Root/ArmorHelmet/ArmorHelmet2/Eyehole6",
		"allAngles": true,
		"entityTextureMode": true
	},
	"textureWidth": 64,
	"textureHeight": 64,
	"textureSizes": {
	},
	"textures": {
		"divingsuit": "armour/entity/mk3"
	},
	"elements": [
		{
			"name": "ArmorHelmet",
			"stepParentName": "UpperTorso",
			"from": [ -1.5, 5.0, -0.4 ],
			"to": [ 5.5, 12.0, 6.6 ],
			"autoUnwrap": false,
			"uv": [ 25.5, 25.0 ],
			"rotationOrigin": [ -2.0, 4.6, 0.0 ],
			"faces": {
				"north": { "texture": "#divingsuit", "uv": [ 39.5, 20.5, 45.5, 26.5 ], "autoUv": false, "windMode": [-1,-1,-1,-1], "windData": [1,1,1,1] },
				"east": { "texture": "#divingsuit", "uv": [ 45.5, 20.5, 51.5, 26.5 ], "autoUv": false, "windMode": [-1,-1,-1,-1], "windData": [0,0,0,0] },
				"south": { "texture": "#divingsuit", "uv": [ 27.0, 20.5, 33.0, 26.5 ], "autoUv": false, "windMode": [-1,-1,-1,-1], "windData": [1,1,1,1] },
				"west": { "texture": "#divingsuit", "uv": [ 39.5, 20.5, 45.5, 26.5 ], "autoUv": false, "windMode": [-1,-1,-1,-1], "windData": [1,1,1,1] },
				"up": { "texture": "#divingsuit", "uv": [ 33.5, 20.5, 38.5, 25.5 ], "rotation": 90, "autoUv": false, "windMode": [-1,-1,-1,-1], "windData": [1,1,1,1] },
				"down": { "texture": "#divingsuit", "uv": [ 33.0, 26.5, 39.0, 32.5 ], "autoUv": false, "windMode": [-1,-1,-1,-1], "windData": [1,1,1,1] }
			},
			"children": [
				{
					"name": "ArmorHelmet2",
					"from": [ -0.6, 0.0, 1.0 ],
					"to": [ -0.6, 0.0, 1.0 ],
					"autoUnwrap": false,
					"uv": [ 44.0, 27.0 ],
					"rotationOrigin": [ -0.6, 0.0, 1.0 ],
					"faces": {
						"north": { "texture": "#divingsuit", "uv": [ 33.0, 19.5, 33.5, 20.0 ] },
						"east": { "texture": "#null", "uv": [ 0.5, 5.0, 1.0, 5.5 ], "enabled": false },
						"south": { "texture": "#divingsuit", "uv": [ 38.5, 19.0, 39.0, 19.5 ] },
						"west": { "texture": "#divingsuit", "uv": [ 33.5, 20.0, 38.5, 26.0 ], "autoUv": false },
						"up": { "texture": "#divingsuit", "uv": [ 34.0, 20.5, 34.5, 21.0 ] },
						"down": { "texture": "#divingsuit", "uv": [ 36.5, 20.5, 37.0, 21.0 ] }
					},
					"children": [
						{
							"name": "Eyehole",
							"from": [ 0.0, 5.3, 0.3 ],
							"to": [ 0.2, 6.7, 1.7 ],
							"autoUnwrap": false,
							"uv": [ 36.5, 10.0 ],
							"rotationOrigin": [ 0.0, 5.3, 0.3 ],
							"rotationY": -4.0,
							"faces": {
								"north": { "texture": "#null", "uv": [ 0.0, 1.0, 0.5, 2.0 ], "enabled": false },
								"east": { "texture": "#null", "uv": [ 0.5, 1.0, 1.5, 2.0 ], "enabled": false },
								"south": { "texture": "#null", "uv": [ 1.5, 1.0, 2.0, 2.0 ], "enabled": false },
								"west": { "texture": "#divingsuit", "uv": [ 39.0, 14.5, 40.0, 15.5 ] },
								"up": { "texture": "#null", "uv": [ 0.0, 0.0, 0.5, 1.0 ], "enabled": false },
								"down": { "texture": "#null", "uv": [ 0.5, 0.0, 1.0, 1.0 ], "enabled": false }
							},
							"children": [
								{
									"name": "EyeholeRimB",
									"from": [ -0.2, -0.2, -0.2 ],
									"to": [ 0.1, 0.0, 1.6 ],
									"uv": [ 58.5, 22.5 ],
									"rotationOrigin": [ -0.2, -0.2, -0.2 ],
									"faces": {
										"north": { "texture": "#divingsuit", "uv": [ 58.5, 24.0, 59.0, 24.5 ] },
										"east": { "texture": "#divingsuit", "uv": [ 59.0, 24.0, 60.5, 24.5 ] },
										"south": { "texture": "#divingsuit", "uv": [ 60.5, 24.0, 61.0, 24.5 ] },
										"west": { "texture": "#divingsuit", "uv": [ 61.0, 24.0, 62.5, 24.5 ] },
										"up": { "texture": "#divingsuit", "uv": [ 58.5, 22.5, 59.0, 24.0 ] },
										"down": { "texture": "#divingsuit", "uv": [ 59.0, 22.5, 59.5, 24.0 ] }
									}
								},
								{
									"name": "EyeholeRimR",
									"from": [ -0.2, 0.0, -0.2 ],
									"to": [ 0.1, 1.4, 0.0 ],
									"uv": [ 59.5, 23.0 ],
									"rotationOrigin": [ -0.2, 0.0, -0.2 ],
									"faces": {
										"north": { "texture": "#divingsuit", "uv": [ 59.5, 23.5, 60.0, 24.5 ] },
										"east": { "texture": "#divingsuit", "uv": [ 60.0, 23.5, 60.5, 24.5 ] },
										"south": { "texture": "#divingsuit", "uv": [ 60.5, 23.5, 61.0, 24.5 ] },
										"west": { "texture": "#divingsuit", "uv": [ 61.0, 23.5, 61.5, 24.5 ] },
										"up": { "texture": "#divingsuit", "uv": [ 59.5, 23.0, 60.0, 23.5 ] },
										"down": { "texture": "#divingsuit", "uv": [ 60.0, 23.0, 60.5, 23.5 ] }
									}
								},
								{
									"name": "EyeholeRimL",
									"from": [ -0.2, 0.0, 1.4 ],
									"to": [ 0.1, 1.4, 1.6 ],
									"uv": [ 58.0, 22.0 ],
									"rotationOrigin": [ -0.2, 0.0, 1.4 ],
									"faces": {
										"north": { "texture": "#divingsuit", "uv": [ 58.0, 22.5, 58.5, 23.5 ] },
										"east": { "texture": "#divingsuit", "uv": [ 58.5, 22.5, 59.0, 23.5 ] },
										"south": { "texture": "#divingsuit", "uv": [ 59.0, 22.5, 59.5, 23.5 ] },
										"west": { "texture": "#divingsuit", "uv": [ 59.5, 22.5, 60.0, 23.5 ] },
										"up": { "texture": "#divingsuit", "uv": [ 58.0, 22.0, 58.5, 22.5 ] },
										"down": { "texture": "#divingsuit", "uv": [ 58.5, 22.0, 59.0, 22.5 ] }
									}
								},
								{
									"name": "EyeholeRimT",
									"from": [ -0.2, 1.4, -0.2 ],
									"to": [ 0.1, 1.6, 1.6 ],
									"uv": [ 59.5, 21.0 ],
									"rotationOrigin": [ -0.2, 1.4, -0.2 ],
									"faces": {
										"north": { "texture": "#divingsuit", "uv": [ 59.5, 22.5, 60.0, 23.0 ] },
										"east": { "texture": "#divingsuit", "uv": [ 60.0, 22.5, 61.5, 23.0 ] },
										"south": { "texture": "#divingsuit", "uv": [ 61.5, 22.5, 62.0, 23.0 ] },
										"west": { "texture": "#divingsuit", "uv": [ 62.0, 22.5, 63.5, 23.0 ] },
										"up": { "texture": "#divingsuit", "uv": [ 59.5, 21.0, 60.0, 22.5 ] },
										"down": { "texture": "#divingsuit", "uv": [ 60.0, 21.0, 60.5, 22.5 ] }
									}
								}
							]
						},
						{
							"name": "Eyehole2",
							"from": [ -1.4, 3.0, 0.0 ],
							"to": [ -1.2, 4.4, 1.4 ],
							"autoUnwrap": false,
							"uv": [ 37.0, 11.0 ],
							"rotationOrigin": [ -1.4, 3.0, 0.0 ],
							"rotationY": -4.0,
							"rotationZ": -13.0,
							"faces": {
								"north": { "texture": "#null", "uv": [ 0.0, 1.0, 0.5, 2.0 ], "enabled": false },
								"east": { "texture": "#null", "uv": [ 0.5, 1.0, 1.5, 2.0 ], "enabled": false },
								"south": { "texture": "#null", "uv": [ 1.5, 1.0, 2.0, 2.0 ], "enabled": false },
								"west": { "texture": "#divingsuit", "uv": [ 39.0, 14.5, 40.0, 15.5 ] },
								"up": { "texture": "#null", "uv": [ 0.0, 0.0, 0.5, 1.0 ], "enabled": false },
								"down": { "texture": "#null", "uv": [ 0.5, 0.0, 1.0, 1.0 ], "enabled": false }
							},
							"children": [
								{
									"name": "EyeholeRimB2",
									"from": [ -0.2, -0.2, -0.2 ],
									"to": [ 1.1, 0.0, 1.6 ],
									"uv": [ 58.5, 23.0 ],
									"rotationOrigin": [ -0.2, -0.2, -0.2 ],
									"faces": {
										"north": { "texture": "#divingsuit", "uv": [ 58.5, 24.5, 59.5, 25.0 ] },
										"east": { "texture": "#divingsuit", "uv": [ 59.5, 24.5, 61.0, 25.0 ] },
										"south": { "texture": "#divingsuit", "uv": [ 61.0, 24.5, 62.0, 25.0 ] },
										"west": { "texture": "#divingsuit", "uv": [ 62.0, 24.5, 63.5, 25.0 ] },
										"up": { "texture": "#divingsuit", "uv": [ 58.5, 23.0, 59.5, 24.5 ] },
										"down": { "texture": "#divingsuit", "uv": [ 59.5, 23.0, 60.5, 24.5 ] }
									}
								},
								{
									"name": "EyeholeRimR2",
									"from": [ -0.2, 0.0, -0.2 ],
									"to": [ 1.1, 1.4, 0.0 ],
									"uv": [ 59.0, 22.5 ],
									"rotationOrigin": [ -0.2, 0.0, -0.2 ],
									"faces": {
										"north": { "texture": "#divingsuit", "uv": [ 59.0, 23.0, 60.0, 24.0 ] },
										"east": { "texture": "#divingsuit", "uv": [ 60.0, 23.0, 60.5, 24.0 ] },
										"south": { "texture": "#divingsuit", "uv": [ 60.5, 23.0, 61.5, 24.0 ] },
										"west": { "texture": "#divingsuit", "uv": [ 61.5, 23.0, 62.0, 24.0 ] },
										"up": { "texture": "#divingsuit", "uv": [ 59.0, 22.5, 60.0, 23.0 ] },
										"down": { "texture": "#divingsuit", "uv": [ 60.0, 22.5, 61.0, 23.0 ] }
									}
								},
								{
									"name": "EyeholeRimL2",
									"from": [ -0.2, 0.0, 1.4 ],
									"to": [ 0.1, 1.4, 1.6 ],
									"uv": [ 58.5, 23.0 ],
									"rotationOrigin": [ -0.2, 0.0, 1.4 ],
									"faces": {
										"north": { "texture": "#divingsuit", "uv": [ 58.5, 23.5, 59.0, 24.5 ] },
										"east": { "texture": "#divingsuit", "uv": [ 59.0, 23.5, 59.5, 24.5 ] },
										"south": { "texture": "#divingsuit", "uv": [ 59.5, 23.5, 60.0, 24.5 ] },
										"west": { "texture": "#divingsuit", "uv": [ 60.0, 23.5, 60.5, 24.5 ] },
										"up": { "texture": "#divingsuit", "uv": [ 58.5, 23.0, 59.0, 23.5 ] },
										"down": { "texture": "#divingsuit", "uv": [ 59.0, 23.0, 59.5, 23.5 ] }
									}
								},
								{
									"name": "EyeholeRimT2",
									"from": [ -0.2, 1.4, -0.2 ],
									"to": [ 1.1, 1.6, 1.6 ],
									"uv": [ 57.0, 22.0 ],
									"rotationOrigin": [ -0.2, 1.4, -0.2 ],
									"faces": {
										"north": { "texture": "#divingsuit", "uv": [ 57.0, 23.5, 58.0, 24.0 ] },
										"east": { "texture": "#divingsuit", "uv": [ 58.0, 23.5, 59.5, 24.0 ] },
										"south": { "texture": "#divingsuit", "uv": [ 59.5, 23.5, 60.5, 24.0 ] },
										"west": { "texture": "#divingsuit", "uv": [ 60.5, 23.5, 62.0, 24.0 ] },
										"up": { "texture": "#divingsuit", "uv": [ 57.0, 22.0, 58.0, 23.5 ] },
										"down": { "texture": "#divingsuit", "uv": [ 58.0, 22.0, 59.0, 23.5 ] }
									}
								}
							]
						},
						{
							"name": "Eyehole4",
							"from": [ 1.3, 4.7, -1.8 ],
							"to": [ 1.5, 6.1, -0.4 ],
							"autoUnwrap": false,
							"uv": [ 37.0, 11.5 ],
							"rotationOrigin": [ 1.3, 4.7, -1.8 ],
							"rotationY": -50.0,
							"faces": {
								"north": { "texture": "#null", "uv": [ 0.0, 1.0, 0.5, 2.0 ], "enabled": false },
								"east": { "texture": "#null", "uv": [ 0.5, 1.0, 1.5, 2.0 ], "enabled": false },
								"south": { "texture": "#null", "uv": [ 1.5, 1.0, 2.0, 2.0 ], "enabled": false },
								"west": { "texture": "#divingsuit", "uv": [ 39.0, 14.5, 40.0, 15.5 ] },
								"up": { "texture": "#null", "uv": [ 0.0, 0.0, 0.5, 1.0 ], "enabled": false },
								"down": { "texture": "#null", "uv": [ 0.5, 0.0, 1.0, 1.0 ], "enabled": false }
							},
							"children": [
								{
									"name": "EyeholeRimB4",
									"from": [ -0.2, -0.2, -0.2 ],
									"to": [ 1.1, 0.0, 1.6 ],
									"uv": [ 57.0, 24.0 ],
									"rotationOrigin": [ -0.2, -0.2, -0.2 ],
									"faces": {
										"north": { "texture": "#divingsuit", "uv": [ 57.0, 25.5, 58.0, 26.0 ] },
										"east": { "texture": "#divingsuit", "uv": [ 58.0, 25.5, 59.5, 26.0 ] },
										"south": { "texture": "#divingsuit", "uv": [ 59.5, 25.5, 60.5, 26.0 ] },
										"west": { "texture": "#divingsuit", "uv": [ 60.5, 25.5, 62.0, 26.0 ] },
										"up": { "texture": "#divingsuit", "uv": [ 57.0, 24.0, 58.0, 25.5 ] },
										"down": { "texture": "#divingsuit", "uv": [ 58.0, 24.0, 59.0, 25.5 ] }
									}
								},
								{
									"name": "EyeholeRimR4",
									"from": [ -0.2, 0.0, -0.2 ],
									"to": [ 1.1, 1.4, 0.0 ],
									"uv": [ 59.0, 23.0 ],
									"rotationOrigin": [ -0.2, 0.0, -0.2 ],
									"faces": {
										"north": { "texture": "#divingsuit", "uv": [ 59.0, 23.5, 60.0, 24.5 ] },
										"east": { "texture": "#divingsuit", "uv": [ 60.0, 23.5, 60.5, 24.5 ] },
										"south": { "texture": "#divingsuit", "uv": [ 60.5, 23.5, 61.5, 24.5 ] },
										"west": { "texture": "#divingsuit", "uv": [ 61.5, 23.5, 62.0, 24.5 ] },
										"up": { "texture": "#divingsuit", "uv": [ 59.0, 23.0, 60.0, 23.5 ] },
										"down": { "texture": "#divingsuit", "uv": [ 60.0, 23.0, 61.0, 23.5 ] }
									}
								},
								{
									"name": "EyeholeRimL4",
									"from": [ -0.2, 0.0, 1.4 ],
									"to": [ 1.1, 1.4, 1.6 ],
									"uv": [ 59.0, 21.0 ],
									"rotationOrigin": [ -0.2, 0.0, 1.4 ],
									"faces": {
										"north": { "texture": "#divingsuit", "uv": [ 59.0, 21.5, 60.0, 22.5 ] },
										"east": { "texture": "#divingsuit", "uv": [ 60.0, 21.5, 60.5, 22.5 ] },
										"south": { "texture": "#divingsuit", "uv": [ 60.5, 21.5, 61.5, 22.5 ] },
										"west": { "texture": "#divingsuit", "uv": [ 61.5, 21.5, 62.0, 22.5 ] },
										"up": { "texture": "#divingsuit", "uv": [ 59.0, 21.0, 60.0, 21.5 ] },
										"down": { "texture": "#divingsuit", "uv": [ 60.0, 21.0, 61.0, 21.5 ] }
									}
								},
								{
									"name": "EyeholeRimT4",
									"from": [ -0.2, 1.4, -0.2 ],
									"to": [ 1.1, 1.6, 1.6 ],
									"uv": [ 57.0, 24.0 ],
									"rotationOrigin": [ -0.2, 1.4, -0.2 ],
									"faces": {
										"north": { "texture": "#divingsuit", "uv": [ 57.0, 25.5, 58.0, 26.0 ] },
										"east": { "texture": "#divingsuit", "uv": [ 58.0, 25.5, 59.5, 26.0 ] },
										"south": { "texture": "#divingsuit", "uv": [ 59.5, 25.5, 60.5, 26.0 ] },
										"west": { "texture": "#divingsuit", "uv": [ 60.5, 25.5, 62.0, 26.0 ] },
										"up": { "texture": "#divingsuit", "uv": [ 57.0, 24.0, 58.0, 25.5 ] },
										"down": { "texture": "#divingsuit", "uv": [ 58.0, 24.0, 59.0, 25.5 ] }
									}
								}
							]
						},
						{
							"name": "Eyehole5",
							"from": [ 1.3, 1.7, -1.7 ],
							"to": [ 1.5, 3.1, -0.3 ],
							"autoUnwrap": false,
							"uv": [ 36.5, 11.0 ],
							"rotationOrigin": [ 1.3, 1.7, -1.7 ],
							"rotationY": -50.0,
							"faces": {
								"north": { "texture": "#null", "uv": [ 0.0, 1.0, 0.5, 2.0 ], "enabled": false },
								"east": { "texture": "#null", "uv": [ 0.5, 1.0, 1.5, 2.0 ], "enabled": false },
								"south": { "texture": "#null", "uv": [ 1.5, 1.0, 2.0, 2.0 ], "enabled": false },
								"west": { "texture": "#divingsuit", "uv": [ 39.0, 14.5, 40.0, 15.5 ] },
								"up": { "texture": "#null", "uv": [ 0.0, 0.0, 0.5, 1.0 ], "enabled": false },
								"down": { "texture": "#null", "uv": [ 0.5, 0.0, 1.0, 1.0 ], "enabled": false }
							},
							"children": [
								{
									"name": "EyeholeRimB5",
									"from": [ -0.2, -0.2, -0.2 ],
									"to": [ 1.1, 0.0, 1.6 ],
									"uv": [ 59.0, 21.5 ],
									"rotationOrigin": [ -0.2, -0.2, -0.2 ],
									"faces": {
										"north": { "texture": "#divingsuit", "uv": [ 59.0, 23.0, 60.0, 23.5 ] },
										"east": { "texture": "#divingsuit", "uv": [ 60.0, 23.0, 61.5, 23.5 ] },
										"south": { "texture": "#divingsuit", "uv": [ 61.5, 23.0, 62.5, 23.5 ] },
										"west": { "texture": "#divingsuit", "uv": [ 62.5, 23.0, 64.0, 23.5 ] },
										"up": { "texture": "#divingsuit", "uv": [ 59.0, 21.5, 60.0, 23.0 ] },
										"down": { "texture": "#divingsuit", "uv": [ 60.0, 21.5, 61.0, 23.0 ] }
									}
								},
								{
									"name": "EyeholeRimR5",
									"from": [ -0.2, 0.0, -0.2 ],
									"to": [ 1.1, 1.4, 0.0 ],
									"uv": [ 58.5, 21.5 ],
									"rotationOrigin": [ -0.2, 0.0, -0.2 ],
									"faces": {
										"north": { "texture": "#divingsuit", "uv": [ 58.5, 22.0, 59.5, 23.0 ] },
										"east": { "texture": "#divingsuit", "uv": [ 59.5, 22.0, 60.0, 23.0 ] },
										"south": { "texture": "#divingsuit", "uv": [ 60.0, 22.0, 61.0, 23.0 ] },
										"west": { "texture": "#divingsuit", "uv": [ 61.0, 22.0, 61.5, 23.0 ] },
										"up": { "texture": "#divingsuit", "uv": [ 58.5, 21.5, 59.5, 22.0 ] },
										"down": { "texture": "#divingsuit", "uv": [ 59.5, 21.5, 60.5, 22.0 ] }
									}
								},
								{
									"name": "EyeholeRimL5",
									"from": [ -0.2, 0.0, 1.4 ],
									"to": [ 1.1, 1.4, 1.6 ],
									"uv": [ 59.5, 23.0 ],
									"rotationOrigin": [ -0.2, 0.0, 1.4 ],
									"faces": {
										"north": { "texture": "#divingsuit", "uv": [ 59.5, 23.5, 60.5, 24.5 ] },
										"east": { "texture": "#divingsuit", "uv": [ 60.5, 23.5, 61.0, 24.5 ] },
										"south": { "texture": "#divingsuit", "uv": [ 61.0, 23.5, 62.0, 24.5 ] },
										"west": { "texture": "#divingsuit", "uv": [ 62.0, 23.5, 62.5, 24.5 ] },
										"up": { "texture": "#divingsuit", "uv": [ 59.5, 23.0, 60.5, 23.5 ] },
										"down": { "texture": "#divingsuit", "uv": [ 60.5, 23.0, 61.5, 23.5 ] }
									}
								},
								{
									"name": "EyeholeRimT5",
									"from": [ -0.2, 1.4, -0.2 ],
									"to": [ 1.1, 1.6, 1.6 ],
									"uv": [ 58.0, 21.0 ],
									"rotationOrigin": [ -0.2, 1.4, -0.2 ],
									"faces": {
										"north": { "texture": "#divingsuit", "uv": [ 58.0, 22.5, 59.0, 23.0 ] },
										"east": { "texture": "#divingsuit", "uv": [ 59.0, 22.5, 60.5, 23.0 ] },
										"south": { "texture": "#divingsuit", "uv": [ 60.5, 22.5, 61.5, 23.0 ] },
										"west": { "texture": "#divingsuit", "uv": [ 61.5, 22.5, 63.0, 23.0 ] },
										"up": { "texture": "#divingsuit", "uv": [ 58.0, 21.0, 59.0, 22.5 ] },
										"down": { "texture": "#divingsuit", "uv": [ 59.0, 21.0, 60.0, 22.5 ] }
									}
								}
							]
						},
						{
							"name": "Eyehole6",
							"from": [ 3.5, 5.3, -1.6 ],
							"to": [ 3.7, 6.7, -0.2 ],
							"autoUnwrap": false,
							"uv": [ 37.5, 11.5 ],
							"rotationOrigin": [ 3.5, 5.3, -1.6 ],
							"rotationY": -86.0,
							"faces": {
								"north": { "texture": "#null", "uv": [ 0.0, 1.0, 0.5, 2.0 ], "enabled": false },
								"east": { "texture": "#null", "uv": [ 0.5, 1.0, 1.5, 2.0 ], "enabled": false },
								"south": { "texture": "#null", "uv": [ 1.5, 1.0, 2.0, 2.0 ], "enabled": false },
								"west": { "texture": "#divingsuit", "uv": [ 39.0, 14.5, 40.0, 15.5 ] },
								"up": { "texture": "#null", "uv": [ 0.0, 0.0, 0.5, 1.0 ], "enabled": false },
								"down": { "texture": "#null", "uv": [ 0.5, 0.0, 1.0, 1.0 ], "enabled": false }
							},
							"children": [
								{
									"name": "EyeholeRimB6",
									"from": [ -0.2, -0.2, -0.2 ],
									"to": [ 0.1, 0.0, 1.6 ],
									"uv": [ 58.0, 20.5 ],
									"rotationOrigin": [ -0.2, -0.2, -0.2 ],
									"faces": {
										"north": { "texture": "#divingsuit", "uv": [ 58.0, 22.0, 58.5, 22.5 ] },
										"east": { "texture": "#divingsuit", "uv": [ 58.5, 22.0, 60.0, 22.5 ] },
										"south": { "texture": "#divingsuit", "uv": [ 60.0, 22.0, 60.5, 22.5 ] },
										"west": { "texture": "#divingsuit", "uv": [ 60.5, 22.0, 62.0, 22.5 ] },
										"up": { "texture": "#divingsuit", "uv": [ 58.0, 20.5, 58.5, 22.0 ] },
										"down": { "texture": "#divingsuit", "uv": [ 58.5, 20.5, 59.0, 22.0 ] }
									}
								},
								{
									"name": "EyeholeRimR6",
									"from": [ -0.2, 0.0, -0.2 ],
									"to": [ 0.1, 1.4, 0.0 ],
									"uv": [ 61.5, 21.5 ],
									"rotationOrigin": [ -0.2, 0.0, -0.2 ],
									"faces": {
										"north": { "texture": "#divingsuit", "uv": [ 61.5, 22.0, 62.0, 23.0 ] },
										"east": { "texture": "#divingsuit", "uv": [ 62.0, 22.0, 62.5, 23.0 ] },
										"south": { "texture": "#divingsuit", "uv": [ 62.5, 22.0, 63.0, 23.0 ] },
										"west": { "texture": "#divingsuit", "uv": [ 63.0, 22.0, 63.5, 23.0 ] },
										"up": { "texture": "#divingsuit", "uv": [ 61.5, 21.5, 62.0, 22.0 ] },
										"down": { "texture": "#divingsuit", "uv": [ 62.0, 21.5, 62.5, 22.0 ] }
									}
								},
								{
									"name": "EyeholeRimL6",
									"from": [ -0.2, 0.0, 1.4 ],
									"to": [ 0.1, 1.4, 1.6 ],
									"uv": [ 58.0, 22.0 ],
									"rotationOrigin": [ -0.2, 0.0, 1.4 ],
									"faces": {
										"north": { "texture": "#divingsuit", "uv": [ 58.0, 22.5, 58.5, 23.5 ] },
										"east": { "texture": "#divingsuit", "uv": [ 58.5, 22.5, 59.0, 23.5 ] },
										"south": { "texture": "#divingsuit", "uv": [ 59.0, 22.5, 59.5, 23.5 ] },
										"west": { "texture": "#divingsuit", "uv": [ 59.5, 22.5, 60.0, 23.5 ] },
										"up": { "texture": "#divingsuit", "uv": [ 58.0, 22.0, 58.5, 22.5 ] },
										"down": { "texture": "#divingsuit", "uv": [ 58.5, 22.0, 59.0, 22.5 ] }
									}
								},
								{
									"name": "EyeholeRimT6",
									"from": [ -0.2, 1.4, -0.2 ],
									"to": [ 0.1, 1.6, 1.6 ],
									"uv": [ 57.0, 21.0 ],
									"rotationOrigin": [ -0.2, 1.4, -0.2 ],
									"faces": {
										"north": { "texture": "#divingsuit", "uv": [ 57.0, 22.5, 57.5, 23.0 ] },
										"east": { "texture": "#divingsuit", "uv": [ 57.5, 22.5, 59.0, 23.0 ] },
										"south": { "texture": "#divingsuit", "uv": [ 59.0, 22.5, 59.5, 23.0 ] },
										"west": { "texture": "#divingsuit", "uv": [ 59.5, 22.5, 61.0, 23.0 ] },
										"up": { "texture": "#divingsuit", "uv": [ 57.0, 21.0, 57.5, 22.5 ] },
										"down": { "texture": "#divingsuit", "uv": [ 57.5, 21.0, 58.0, 22.5 ] }
									}
								}
							]
						},
						{
							"name": "Eyehole7",
							"from": [ 3.4, 3.0, -1.6 ],
							"to": [ 3.6, 4.4, -0.2 ],
							"autoUnwrap": false,
							"uv": [ 37.0, 10.5 ],
							"rotationOrigin": [ 3.4, 3.0, -1.6 ],
							"rotationY": -86.0,
							"faces": {
								"north": { "texture": "#null", "uv": [ 0.0, 1.0, 0.5, 2.0 ], "enabled": false },
								"east": { "texture": "#null", "uv": [ 0.5, 1.0, 1.5, 2.0 ], "enabled": false },
								"south": { "texture": "#null", "uv": [ 1.5, 1.0, 2.0, 2.0 ], "enabled": false },
								"west": { "texture": "#divingsuit", "uv": [ 39.0, 14.5, 40.0, 15.5 ] },
								"up": { "texture": "#null", "uv": [ 0.0, 0.0, 0.5, 1.0 ], "enabled": false },
								"down": { "texture": "#null", "uv": [ 0.5, 0.0, 1.0, 1.0 ], "enabled": false }
							},
							"children": [
								{
									"name": "EyeholeRimB7",
									"from": [ -0.2, -0.2, -0.2 ],
									"to": [ 0.1, 0.0, 1.6 ],
									"uv": [ 57.5, 19.5 ],
									"rotationOrigin": [ -0.2, -0.2, -0.2 ],
									"faces": {
										"north": { "texture": "#divingsuit", "uv": [ 57.5, 21.0, 58.0, 21.5 ] },
										"east": { "texture": "#divingsuit", "uv": [ 58.0, 21.0, 59.5, 21.5 ] },
										"south": { "texture": "#divingsuit", "uv": [ 59.5, 21.0, 60.0, 21.5 ] },
										"west": { "texture": "#divingsuit", "uv": [ 60.0, 21.0, 61.5, 21.5 ] },
										"up": { "texture": "#divingsuit", "uv": [ 57.5, 19.5, 58.0, 21.0 ] },
										"down": { "texture": "#divingsuit", "uv": [ 58.0, 19.5, 58.5, 21.0 ] }
									}
								},
								{
									"name": "EyeholeRimR7",
									"from": [ -0.2, 0.0, -0.2 ],
									"to": [ 0.1, 1.4, 0.0 ],
									"uv": [ 57.5, 24.0 ],
									"rotationOrigin": [ -0.2, 0.0, -0.2 ],
									"faces": {
										"north": { "texture": "#divingsuit", "uv": [ 57.5, 24.5, 58.0, 25.5 ] },
										"east": { "texture": "#divingsuit", "uv": [ 58.0, 24.5, 58.5, 25.5 ] },
										"south": { "texture": "#divingsuit", "uv": [ 58.5, 24.5, 59.0, 25.5 ] },
										"west": { "texture": "#divingsuit", "uv": [ 59.0, 24.5, 59.5, 25.5 ] },
										"up": { "texture": "#divingsuit", "uv": [ 57.5, 24.0, 58.0, 24.5 ] },
										"down": { "texture": "#divingsuit", "uv": [ 58.0, 24.0, 58.5, 24.5 ] }
									}
								},
								{
									"name": "EyeholeRimL7",
									"from": [ -0.2, 0.0, 1.4 ],
									"to": [ 0.1, 1.4, 1.6 ],
									"uv": [ 59.5, 21.0 ],
									"rotationOrigin": [ -0.2, 0.0, 1.4 ],
									"faces": {
										"north": { "texture": "#divingsuit", "uv": [ 59.5, 21.5, 60.0, 22.5 ] },
										"east": { "texture": "#divingsuit", "uv": [ 60.0, 21.5, 60.5, 22.5 ] },
										"south": { "texture": "#divingsuit", "uv": [ 60.5, 21.5, 61.0, 22.5 ] },
										"west": { "texture": "#divingsuit", "uv": [ 61.0, 21.5, 61.5, 22.5 ] },
										"up": { "texture": "#divingsuit", "uv": [ 59.5, 21.0, 60.0, 21.5 ] },
										"down": { "texture": "#divingsuit", "uv": [ 60.0, 21.0, 60.5, 21.5 ] }
									}
								},
								{
									"name": "EyeholeRimT7",
									"from": [ -0.2, 1.4, -0.2 ],
									"to": [ 0.1, 1.6, 1.6 ],
									"uv": [ 60.0, 19.5 ],
									"rotationOrigin": [ -0.2, 1.4, -0.2 ],
									"faces": {
										"north": { "texture": "#divingsuit", "uv": [ 60.0, 21.0, 60.5, 21.5 ] },
										"east": { "texture": "#divingsuit", "uv": [ 60.5, 21.0, 62.0, 21.5 ] },
										"south": { "texture": "#divingsuit", "uv": [ 62.0, 21.0, 62.5, 21.5 ] },
										"west": { "texture": "#divingsuit", "uv": [ 62.5, 21.0, 64.0, 21.5 ] },
										"up": { "texture": "#divingsuit", "uv": [ 60.0, 19.5, 60.5, 21.0 ] },
										"down": { "texture": "#divingsuit", "uv": [ 60.5, 19.5, 61.0, 21.0 ] }
									}
								}
							]
						},
						{
							"name": "Eyehole8",
							"from": [ 3.5, 0.7, -1.6 ],
							"to": [ 3.7, 2.1, -0.2 ],
							"autoUnwrap": false,
							"uv": [ 37.5, 11.0 ],
							"rotationOrigin": [ 3.5, 0.7, -1.6 ],
							"rotationY": -86.0,
							"faces": {
								"north": { "texture": "#null", "uv": [ 0.0, 1.0, 0.5, 2.0 ], "enabled": false },
								"east": { "texture": "#null", "uv": [ 0.5, 1.0, 1.5, 2.0 ], "enabled": false },
								"south": { "texture": "#null", "uv": [ 1.5, 1.0, 2.0, 2.0 ], "enabled": false },
								"west": { "texture": "#divingsuit", "uv": [ 39.0, 14.5, 40.0, 15.5 ] },
								"up": { "texture": "#null", "uv": [ 0.0, 0.0, 0.5, 1.0 ], "enabled": false },
								"down": { "texture": "#null", "uv": [ 0.5, 0.0, 1.0, 1.0 ], "enabled": false }
							},
							"children": [
								{
									"name": "EyeholeRimB8",
									"from": [ -0.2, -0.2, -0.2 ],
									"to": [ 0.1, 0.0, 1.6 ],
									"uv": [ 60.0, 20.0 ],
									"rotationOrigin": [ -0.2, -0.2, -0.2 ],
									"faces": {
										"north": { "texture": "#divingsuit", "uv": [ 60.0, 21.5, 60.5, 22.0 ] },
										"east": { "texture": "#divingsuit", "uv": [ 60.5, 21.5, 62.0, 22.0 ] },
										"south": { "texture": "#divingsuit", "uv": [ 62.0, 21.5, 62.5, 22.0 ] },
										"west": { "texture": "#divingsuit", "uv": [ 62.5, 21.5, 64.0, 22.0 ] },
										"up": { "texture": "#divingsuit", "uv": [ 60.0, 20.0, 60.5, 21.5 ] },
										"down": { "texture": "#divingsuit", "uv": [ 60.5, 20.0, 61.0, 21.5 ] }
									}
								},
								{
									"name": "EyeholeRimR8",
									"from": [ -0.2, 0.0, -0.2 ],
									"to": [ 0.1, 1.4, 0.0 ],
									"uv": [ 60.5, 21.5 ],
									"rotationOrigin": [ -0.2, 0.0, -0.2 ],
									"faces": {
										"north": { "texture": "#divingsuit", "uv": [ 60.5, 22.0, 61.0, 23.0 ] },
										"east": { "texture": "#divingsuit", "uv": [ 61.0, 22.0, 61.5, 23.0 ] },
										"south": { "texture": "#divingsuit", "uv": [ 61.5, 22.0, 62.0, 23.0 ] },
										"west": { "texture": "#divingsuit", "uv": [ 62.0, 22.0, 62.5, 23.0 ] },
										"up": { "texture": "#divingsuit", "uv": [ 60.5, 21.5, 61.0, 22.0 ] },
										"down": { "texture": "#divingsuit", "uv": [ 61.0, 21.5, 61.5, 22.0 ] }
									}
								},
								{
									"name": "EyeholeRimL8",
									"from": [ -0.2, 0.0, 1.4 ],
									"to": [ 0.1, 1.4, 1.6 ],
									"uv": [ 60.0, 19.5 ],
									"rotationOrigin": [ -0.2, 0.0, 1.4 ],
									"faces": {
										"north": { "texture": "#divingsuit", "uv": [ 60.0, 20.0, 60.5, 21.0 ] },
										"east": { "texture": "#divingsuit", "uv": [ 60.5, 20.0, 61.0, 21.0 ] },
										"south": { "texture": "#divingsuit", "uv": [ 61.0, 20.0, 61.5, 21.0 ] },
										"west": { "texture": "#divingsuit", "uv": [ 61.5, 20.0, 62.0, 21.0 ] },
										"up": { "texture": "#divingsuit", "uv": [ 60.0, 19.5, 60.5, 20.0 ] },
										"down": { "texture": "#divingsuit", "uv": [ 60.5, 19.5, 61.0, 20.0 ] }
									}
								},
								{
									"name": "EyeholeRimT8",
									"from": [ -0.2, 1.4, -0.2 ],
									"to": [ 0.1, 1.6, 1.6 ],
									"uv": [ 60.0, 24.0 ],
									"rotationOrigin": [ -0.2, 1.4, -0.2 ],
									"faces": {
										"north": { "texture": "#divingsuit", "uv": [ 60.0, 25.5, 60.5, 26.0 ] },
										"east": { "texture": "#divingsuit", "uv": [ 60.5, 25.5, 62.0, 26.0 ] },
										"south": { "texture": "#divingsuit", "uv": [ 62.0, 25.5, 62.5, 26.0 ] },
										"west": { "texture": "#divingsuit", "uv": [ 62.5, 25.5, 64.0, 26.0 ] },
										"up": { "texture": "#divingsuit", "uv": [ 60.0, 24.0, 60.5, 25.5 ] },
										"down": { "texture": "#divingsuit", "uv": [ 60.5, 24.0, 61.0, 25.5 ] }
									}
								}
							]
						},
						{
							"name": "Eyehole9",
							"from": [ 0.0, 5.3, 3.3 ],
							"to": [ 0.2, 6.7, 4.7 ],
							"autoUnwrap": false,
							"uv": [ 38.5, 11.0 ],
							"rotationOrigin": [ 0.0, 5.3, 4.7 ],
							"rotationY": 4.0,
							"faces": {
								"north": { "texture": "#null", "uv": [ 0.0, 1.0, 0.5, 2.0 ], "enabled": false },
								"east": { "texture": "#null", "uv": [ 0.5, 1.0, 1.5, 2.0 ], "enabled": false },
								"south": { "texture": "#null", "uv": [ 1.5, 1.0, 2.0, 2.0 ], "enabled": false },
								"west": { "texture": "#divingsuit", "uv": [ 39.0, 14.5, 40.0, 15.5 ] },
								"up": { "texture": "#null", "uv": [ 0.0, 0.0, 0.5, 1.0 ], "enabled": false },
								"down": { "texture": "#null", "uv": [ 0.5, 0.0, 1.0, 1.0 ], "enabled": false }
							},
							"children": [
								{
									"name": "EyeholeRimB9",
									"from": [ -0.2, -0.2, -0.2 ],
									"to": [ 0.1, 0.0, 1.6 ],
									"uv": [ 57.5, 21.5 ],
									"rotationOrigin": [ -0.2, -0.2, -0.2 ],
									"faces": {
										"north": { "texture": "#divingsuit", "uv": [ 57.5, 23.0, 58.0, 23.5 ] },
										"east": { "texture": "#divingsuit", "uv": [ 58.0, 23.0, 59.5, 23.5 ] },
										"south": { "texture": "#divingsuit", "uv": [ 59.5, 23.0, 60.0, 23.5 ] },
										"west": { "texture": "#divingsuit", "uv": [ 60.0, 23.0, 61.5, 23.5 ] },
										"up": { "texture": "#divingsuit", "uv": [ 57.5, 21.5, 58.0, 23.0 ] },
										"down": { "texture": "#divingsuit", "uv": [ 58.0, 21.5, 58.5, 23.0 ] }
									}
								},
								{
									"name": "EyeholeRimR9",
									"from": [ -0.2, 0.0, -0.2 ],
									"to": [ 0.1, 1.4, 0.0 ],
									"uv": [ 61.0, 25.0 ],
									"rotationOrigin": [ -0.2, 0.0, -0.2 ],
									"faces": {
										"north": { "texture": "#divingsuit", "uv": [ 61.0, 25.5, 61.5, 26.5 ] },
										"east": { "texture": "#divingsuit", "uv": [ 61.5, 25.5, 62.0, 26.5 ] },
										"south": { "texture": "#divingsuit", "uv": [ 62.0, 25.5, 62.5, 26.5 ] },
										"west": { "texture": "#divingsuit", "uv": [ 62.5, 25.5, 63.0, 26.5 ] },
										"up": { "texture": "#divingsuit", "uv": [ 61.0, 25.0, 61.5, 25.5 ] },
										"down": { "texture": "#divingsuit", "uv": [ 61.5, 25.0, 62.0, 25.5 ] }
									}
								},
								{
									"name": "EyeholeRimL9",
									"from": [ -0.2, 0.0, 1.4 ],
									"to": [ 0.1, 1.4, 1.6 ],
									"uv": [ 61.5, 22.0 ],
									"rotationOrigin": [ -0.2, 0.0, 1.4 ],
									"faces": {
										"north": { "texture": "#divingsuit", "uv": [ 61.5, 22.5, 62.0, 23.5 ] },
										"east": { "texture": "#divingsuit", "uv": [ 62.0, 22.5, 62.5, 23.5 ] },
										"south": { "texture": "#divingsuit", "uv": [ 62.5, 22.5, 63.0, 23.5 ] },
										"west": { "texture": "#divingsuit", "uv": [ 63.0, 22.5, 63.5, 23.5 ] },
										"up": { "texture": "#divingsuit", "uv": [ 61.5, 22.0, 62.0, 22.5 ] },
										"down": { "texture": "#divingsuit", "uv": [ 62.0, 22.0, 62.5, 22.5 ] }
									}
								},
								{
									"name": "EyeholeRimT9",
									"from": [ -0.2, 1.4, -0.2 ],
									"to": [ 0.1, 1.6, 1.6 ],
									"uv": [ 59.5, 20.0 ],
									"rotationOrigin": [ -0.2, 1.4, -0.2 ],
									"faces": {
										"north": { "texture": "#divingsuit", "uv": [ 59.5, 21.5, 60.0, 22.0 ] },
										"east": { "texture": "#divingsuit", "uv": [ 60.0, 21.5, 61.5, 22.0 ] },
										"south": { "texture": "#divingsuit", "uv": [ 61.5, 21.5, 62.0, 22.0 ] },
										"west": { "texture": "#divingsuit", "uv": [ 62.0, 21.5, 63.5, 22.0 ] },
										"up": { "texture": "#divingsuit", "uv": [ 59.5, 20.0, 60.0, 21.5 ] },
										"down": { "texture": "#divingsuit", "uv": [ 60.0, 20.0, 60.5, 21.5 ] }
									}
								}
							]
						},
						{
							"name": "Eyehole10",
							"from": [ -1.4, 3.0, 3.5 ],
							"to": [ -1.2, 4.4, 4.9 ],
							"autoUnwrap": false,
							"uv": [ 35.5, 10.5 ],
							"rotationOrigin": [ -1.4, 3.0, 4.9 ],
							"rotationY": 4.0,
							"rotationZ": -13.0,
							"faces": {
								"north": { "texture": "#null", "uv": [ 0.0, 1.0, 0.5, 2.0 ], "enabled": false },
								"east": { "texture": "#null", "uv": [ 0.5, 1.0, 1.5, 2.0 ], "enabled": false },
								"south": { "texture": "#null", "uv": [ 1.5, 1.0, 2.0, 2.0 ], "enabled": false },
								"west": { "texture": "#divingsuit", "uv": [ 39.0, 14.5, 40.0, 15.5 ] },
								"up": { "texture": "#null", "uv": [ 0.0, 0.0, 0.5, 1.0 ], "enabled": false },
								"down": { "texture": "#null", "uv": [ 0.5, 0.0, 1.0, 1.0 ], "enabled": false }
							},
							"children": [
								{
									"name": "EyeholeRimB10",
									"from": [ -0.2, -0.2, -0.2 ],
									"to": [ 1.1, 0.0, 1.6 ],
									"uv": [ 59.0, 23.5 ],
									"rotationOrigin": [ -0.2, -0.2, -0.2 ],
									"faces": {
										"north": { "texture": "#divingsuit", "uv": [ 59.0, 25.0, 60.0, 25.5 ] },
										"east": { "texture": "#divingsuit", "uv": [ 60.0, 25.0, 61.5, 25.5 ] },
										"south": { "texture": "#divingsuit", "uv": [ 61.5, 25.0, 62.5, 25.5 ] },
										"west": { "texture": "#divingsuit", "uv": [ 62.5, 25.0, 64.0, 25.5 ] },
										"up": { "texture": "#divingsuit", "uv": [ 59.0, 23.5, 60.0, 25.0 ] },
										"down": { "texture": "#divingsuit", "uv": [ 60.0, 23.5, 61.0, 25.0 ] }
									}
								},
								{
									"name": "EyeholeRimR10",
									"from": [ -0.2, 0.0, -0.2 ],
									"to": [ 0.1, 1.4, 0.0 ],
									"uv": [ 61.5, 21.0 ],
									"rotationOrigin": [ -0.2, 0.0, -0.2 ],
									"faces": {
										"north": { "texture": "#divingsuit", "uv": [ 61.5, 21.5, 62.0, 22.5 ] },
										"east": { "texture": "#divingsuit", "uv": [ 62.0, 21.5, 62.5, 22.5 ] },
										"south": { "texture": "#divingsuit", "uv": [ 62.5, 21.5, 63.0, 22.5 ] },
										"west": { "texture": "#divingsuit", "uv": [ 63.0, 21.5, 63.5, 22.5 ] },
										"up": { "texture": "#divingsuit", "uv": [ 61.5, 21.0, 62.0, 21.5 ] },
										"down": { "texture": "#divingsuit", "uv": [ 62.0, 21.0, 62.5, 21.5 ] }
									}
								},
								{
									"name": "EyeholeRimL10",
									"from": [ -0.2, 0.0, 1.4 ],
									"to": [ 1.1, 1.4, 1.6 ],
									"uv": [ 61.0, 23.0 ],
									"rotationOrigin": [ -0.2, 0.0, 1.4 ],
									"faces": {
										"north": { "texture": "#divingsuit", "uv": [ 61.0, 23.5, 62.0, 24.5 ] },
										"east": { "texture": "#divingsuit", "uv": [ 62.0, 23.5, 62.5, 24.5 ] },
										"south": { "texture": "#divingsuit", "uv": [ 62.5, 23.5, 63.5, 24.5 ] },
										"west": { "texture": "#divingsuit", "uv": [ 63.5, 23.5, 64.0, 24.5 ] },
										"up": { "texture": "#divingsuit", "uv": [ 61.0, 23.0, 62.0, 23.5 ] },
										"down": { "texture": "#divingsuit", "uv": [ 62.0, 23.0, 63.0, 23.5 ] }
									}
								},
								{
									"name": "EyeholeRimT10",
									"from": [ -0.2, 1.4, -0.2 ],
									"to": [ 1.1, 1.6, 1.6 ],
									"uv": [ 58.0, 22.5 ],
									"rotationOrigin": [ -0.2, 1.4, -0.2 ],
									"faces": {
										"north": { "texture": "#divingsuit", "uv": [ 58.0, 24.0, 59.0, 24.5 ] },
										"east": { "texture": "#divingsuit", "uv": [ 59.0, 24.0, 60.5, 24.5 ] },
										"south": { "texture": "#divingsuit", "uv": [ 60.5, 24.0, 61.5, 24.5 ] },
										"west": { "texture": "#divingsuit", "uv": [ 61.5, 24.0, 63.0, 24.5 ] },
										"up": { "texture": "#divingsuit", "uv": [ 58.0, 22.5, 59.0, 24.0 ] },
										"down": { "texture": "#divingsuit", "uv": [ 59.0, 22.5, 60.0, 24.0 ] }
									}
								}
							]
						},
						{
							"name": "Eyehole12",
							"from": [ 1.3, 4.7, 5.4 ],
							"to": [ 1.5, 6.1, 6.8 ],
							"autoUnwrap": false,
							"uv": [ 36.0, 11.5 ],
							"rotationOrigin": [ 1.3, 4.7, 6.8 ],
							"rotationY": 50.0,
							"faces": {
								"north": { "texture": "#null", "uv": [ 0.0, 1.0, 0.5, 2.0 ], "enabled": false },
								"east": { "texture": "#null", "uv": [ 0.5, 1.0, 1.5, 2.0 ], "enabled": false },
								"south": { "texture": "#null", "uv": [ 1.5, 1.0, 2.0, 2.0 ], "enabled": false },
								"west": { "texture": "#divingsuit", "uv": [ 39.0, 14.5, 40.0, 15.5 ] },
								"up": { "texture": "#null", "uv": [ 0.0, 0.0, 0.5, 1.0 ], "enabled": false },
								"down": { "texture": "#null", "uv": [ 0.5, 0.0, 1.0, 1.0 ], "enabled": false }
							},
							"children": [
								{
									"name": "EyeholeRimB12",
									"from": [ -0.2, -0.2, -0.2 ],
									"to": [ 1.1, 0.0, 1.6 ],
									"uv": [ 57.0, 23.0 ],
									"rotationOrigin": [ -0.2, -0.2, -0.2 ],
									"faces": {
										"north": { "texture": "#divingsuit", "uv": [ 57.0, 24.5, 58.0, 25.0 ] },
										"east": { "texture": "#divingsuit", "uv": [ 58.0, 24.5, 59.5, 25.0 ] },
										"south": { "texture": "#divingsuit", "uv": [ 59.5, 24.5, 60.5, 25.0 ] },
										"west": { "texture": "#divingsuit", "uv": [ 60.5, 24.5, 62.0, 25.0 ] },
										"up": { "texture": "#divingsuit", "uv": [ 57.0, 23.0, 58.0, 24.5 ] },
										"down": { "texture": "#divingsuit", "uv": [ 58.0, 23.0, 59.0, 24.5 ] }
									}
								},
								{
									"name": "EyeholeRimR12",
									"from": [ -0.2, 0.0, -0.2 ],
									"to": [ 1.1, 1.4, 0.0 ],
									"uv": [ 59.5, 23.0 ],
									"rotationOrigin": [ -0.2, 0.0, -0.2 ],
									"faces": {
										"north": { "texture": "#divingsuit", "uv": [ 59.5, 23.5, 60.5, 24.5 ] },
										"east": { "texture": "#divingsuit", "uv": [ 60.5, 23.5, 61.0, 24.5 ] },
										"south": { "texture": "#divingsuit", "uv": [ 61.0, 23.5, 62.0, 24.5 ] },
										"west": { "texture": "#divingsuit", "uv": [ 62.0, 23.5, 62.5, 24.5 ] },
										"up": { "texture": "#divingsuit", "uv": [ 59.5, 23.0, 60.5, 23.5 ] },
										"down": { "texture": "#divingsuit", "uv": [ 60.5, 23.0, 61.5, 23.5 ] }
									}
								},
								{
									"name": "EyeholeRimL12",
									"from": [ -0.2, 0.0, 1.4 ],
									"to": [ 1.1, 1.4, 1.6 ],
									"uv": [ 57.0, 19.5 ],
									"rotationOrigin": [ -0.2, 0.0, 1.4 ],
									"faces": {
										"north": { "texture": "#divingsuit", "uv": [ 57.0, 20.0, 58.0, 21.0 ] },
										"east": { "texture": "#divingsuit", "uv": [ 58.0, 20.0, 58.5, 21.0 ] },
										"south": { "texture": "#divingsuit", "uv": [ 58.5, 20.0, 59.5, 21.0 ] },
										"west": { "texture": "#divingsuit", "uv": [ 59.5, 20.0, 60.0, 21.0 ] },
										"up": { "texture": "#divingsuit", "uv": [ 57.0, 19.5, 58.0, 20.0 ] },
										"down": { "texture": "#divingsuit", "uv": [ 58.0, 19.5, 59.0, 20.0 ] }
									}
								},
								{
									"name": "EyeholeRimT12",
									"from": [ -0.2, 1.4, -0.2 ],
									"to": [ 1.1, 1.6, 1.6 ],
									"uv": [ 57.5, 22.0 ],
									"rotationOrigin": [ -0.2, 1.4, -0.2 ],
									"faces": {
										"north": { "texture": "#divingsuit", "uv": [ 57.5, 23.5, 58.5, 24.0 ] },
										"east": { "texture": "#divingsuit", "uv": [ 58.5, 23.5, 60.0, 24.0 ] },
										"south": { "texture": "#divingsuit", "uv": [ 60.0, 23.5, 61.0, 24.0 ] },
										"west": { "texture": "#divingsuit", "uv": [ 61.0, 23.5, 62.5, 24.0 ] },
										"up": { "texture": "#divingsuit", "uv": [ 57.5, 22.0, 58.5, 23.5 ] },
										"down": { "texture": "#divingsuit", "uv": [ 58.5, 22.0, 59.5, 23.5 ] }
									}
								}
							]
						},
						{
							"name": "Eyehole13",
							"from": [ 1.3, 1.7, 5.4 ],
							"to": [ 1.5, 3.1, 6.8 ],
							"autoUnwrap": false,
							"uv": [ 36.5, 11.0 ],
							"rotationOrigin": [ 1.3, 1.7, 6.8 ],
							"rotationY": 50.0,
							"faces": {
								"north": { "texture": "#null", "uv": [ 0.0, 1.0, 0.5, 2.0 ], "enabled": false },
								"east": { "texture": "#null", "uv": [ 0.5, 1.0, 1.5, 2.0 ], "enabled": false },
								"south": { "texture": "#null", "uv": [ 1.5, 1.0, 2.0, 2.0 ], "enabled": false },
								"west": { "texture": "#divingsuit", "uv": [ 39.0, 14.5, 40.0, 15.5 ] },
								"up": { "texture": "#null", "uv": [ 0.0, 0.0, 0.5, 1.0 ], "enabled": false },
								"down": { "texture": "#null", "uv": [ 0.5, 0.0, 1.0, 1.0 ], "enabled": false }
							},
							"children": [
								{
									"name": "EyeholeRimB13",
									"from": [ -0.2, -0.2, -0.2 ],
									"to": [ 1.1, 0.0, 1.6 ],
									"uv": [ 56.5, 22.0 ],
									"rotationOrigin": [ -0.2, -0.2, -0.2 ],
									"faces": {
										"north": { "texture": "#divingsuit", "uv": [ 56.5, 23.5, 57.5, 24.0 ] },
										"east": { "texture": "#divingsuit", "uv": [ 57.5, 23.5, 59.0, 24.0 ] },
										"south": { "texture": "#divingsuit", "uv": [ 59.0, 23.5, 60.0, 24.0 ] },
										"west": { "texture": "#divingsuit", "uv": [ 60.0, 23.5, 61.5, 24.0 ] },
										"up": { "texture": "#divingsuit", "uv": [ 56.5, 22.0, 57.5, 23.5 ] },
										"down": { "texture": "#divingsuit", "uv": [ 57.5, 22.0, 58.5, 23.5 ] }
									}
								},
								{
									"name": "EyeholeRimR13",
									"from": [ -0.2, 0.0, -0.2 ],
									"to": [ 1.1, 1.4, 0.0 ],
									"uv": [ 57.0, 21.5 ],
									"rotationOrigin": [ -0.2, 0.0, -0.2 ],
									"faces": {
										"north": { "texture": "#divingsuit", "uv": [ 57.0, 22.0, 58.0, 23.0 ] },
										"east": { "texture": "#divingsuit", "uv": [ 58.0, 22.0, 58.5, 23.0 ] },
										"south": { "texture": "#divingsuit", "uv": [ 58.5, 22.0, 59.5, 23.0 ] },
										"west": { "texture": "#divingsuit", "uv": [ 59.5, 22.0, 60.0, 23.0 ] },
										"up": { "texture": "#divingsuit", "uv": [ 57.0, 21.5, 58.0, 22.0 ] },
										"down": { "texture": "#divingsuit", "uv": [ 58.0, 21.5, 59.0, 22.0 ] }
									}
								},
								{
									"name": "EyeholeRimL13",
									"from": [ -0.2, 0.0, 1.4 ],
									"to": [ 1.1, 1.4, 1.6 ],
									"uv": [ 57.5, 19.5 ],
									"rotationOrigin": [ -0.2, 0.0, 1.4 ],
									"faces": {
										"north": { "texture": "#divingsuit", "uv": [ 57.5, 20.0, 58.5, 21.0 ] },
										"east": { "texture": "#divingsuit", "uv": [ 58.5, 20.0, 59.0, 21.0 ] },
										"south": { "texture": "#divingsuit", "uv": [ 59.0, 20.0, 60.0, 21.0 ] },
										"west": { "texture": "#divingsuit", "uv": [ 60.0, 20.0, 60.5, 21.0 ] },
										"up": { "texture": "#divingsuit", "uv": [ 57.5, 19.5, 58.5, 20.0 ] },
										"down": { "texture": "#divingsuit", "uv": [ 58.5, 19.5, 59.5, 20.0 ] }
									}
								},
								{
									"name": "EyeholeRimT13",
									"from": [ -0.2, 1.4, -0.2 ],
									"to": [ 1.1, 1.6, 1.6 ],
									"uv": [ 57.5, 22.0 ],
									"rotationOrigin": [ -0.2, 1.4, -0.2 ],
									"faces": {
										"north": { "texture": "#divingsuit", "uv": [ 57.5, 23.5, 58.5, 24.0 ] },
										"east": { "texture": "#divingsuit", "uv": [ 58.5, 23.5, 60.0, 24.0 ] },
										"south": { "texture": "#divingsuit", "uv": [ 60.0, 23.5, 61.0, 24.0 ] },
										"west": { "texture": "#divingsuit", "uv": [ 61.0, 23.5, 62.5, 24.0 ] },
										"up": { "texture": "#divingsuit", "uv": [ 57.5, 22.0, 58.5, 23.5 ] },
										"down": { "texture": "#divingsuit", "uv": [ 58.5, 22.0, 59.5, 23.5 ] }
									}
								}
							]
						},
						{
							"name": "Eyehole14",
							"from": [ 3.5, 5.3, 5.2 ],
							"to": [ 3.7, 6.7, 6.6 ],
							"autoUnwrap": false,
							"uv": [ 36.5, 11.5 ],
							"rotationOrigin": [ 3.5, 5.3, 6.6 ],
							"rotationY": 86.0,
							"faces": {
								"north": { "texture": "#null", "uv": [ 0.0, 1.0, 0.5, 2.0 ], "enabled": false },
								"east": { "texture": "#null", "uv": [ 0.5, 1.0, 1.5, 2.0 ], "enabled": false },
								"south": { "texture": "#null", "uv": [ 1.5, 1.0, 2.0, 2.0 ], "enabled": false },
								"west": { "texture": "#divingsuit", "uv": [ 39.0, 14.5, 40.0, 15.5 ] },
								"up": { "texture": "#null", "uv": [ 0.0, 0.0, 0.5, 1.0 ], "enabled": false },
								"down": { "texture": "#null", "uv": [ 0.5, 0.0, 1.0, 1.0 ], "enabled": false }
							},
							"children": [
								{
									"name": "EyeholeRimB14",
									"from": [ -0.2, -0.2, -0.2 ],
									"to": [ 0.1, 0.0, 1.6 ],
									"uv": [ 59.0, 22.0 ],
									"rotationOrigin": [ -0.2, -0.2, -0.2 ],
									"faces": {
										"north": { "texture": "#divingsuit", "uv": [ 59.0, 23.5, 59.5, 24.0 ] },
										"east": { "texture": "#divingsuit", "uv": [ 59.5, 23.5, 61.0, 24.0 ] },
										"south": { "texture": "#divingsuit", "uv": [ 61.0, 23.5, 61.5, 24.0 ] },
										"west": { "texture": "#divingsuit", "uv": [ 61.5, 23.5, 63.0, 24.0 ] },
										"up": { "texture": "#divingsuit", "uv": [ 59.0, 22.0, 59.5, 23.5 ] },
										"down": { "texture": "#divingsuit", "uv": [ 59.5, 22.0, 60.0, 23.5 ] }
									}
								},
								{
									"name": "EyeholeRimR14",
									"from": [ -0.2, 0.0, -0.2 ],
									"to": [ 0.1, 1.4, 0.0 ],
									"uv": [ 58.0, 20.5 ],
									"rotationOrigin": [ -0.2, 0.0, -0.2 ],
									"faces": {
										"north": { "texture": "#divingsuit", "uv": [ 58.0, 21.0, 58.5, 22.0 ] },
										"east": { "texture": "#divingsuit", "uv": [ 58.5, 21.0, 59.0, 22.0 ] },
										"south": { "texture": "#divingsuit", "uv": [ 59.0, 21.0, 59.5, 22.0 ] },
										"west": { "texture": "#divingsuit", "uv": [ 59.5, 21.0, 60.0, 22.0 ] },
										"up": { "texture": "#divingsuit", "uv": [ 58.0, 20.5, 58.5, 21.0 ] },
										"down": { "texture": "#divingsuit", "uv": [ 58.5, 20.5, 59.0, 21.0 ] }
									}
								},
								{
									"name": "EyeholeRimL14",
									"from": [ -0.2, 0.0, 1.4 ],
									"to": [ 0.1, 1.4, 1.6 ],
									"uv": [ 57.5, 24.0 ],
									"rotationOrigin": [ -0.2, 0.0, 1.4 ],
									"faces": {
										"north": { "texture": "#divingsuit", "uv": [ 57.5, 24.5, 58.0, 25.5 ] },
										"east": { "texture": "#divingsuit", "uv": [ 58.0, 24.5, 58.5, 25.5 ] },
										"south": { "texture": "#divingsuit", "uv": [ 58.5, 24.5, 59.0, 25.5 ] },
										"west": { "texture": "#divingsuit", "uv": [ 59.0, 24.5, 59.5, 25.5 ] },
										"up": { "texture": "#divingsuit", "uv": [ 57.5, 24.0, 58.0, 24.5 ] },
										"down": { "texture": "#divingsuit", "uv": [ 58.0, 24.0, 58.5, 24.5 ] }
									}
								},
								{
									"name": "EyeholeRimT14",
									"from": [ -0.2, 1.4, -0.2 ],
									"to": [ 0.1, 1.6, 1.6 ],
									"uv": [ 58.0, 21.0 ],
									"rotationOrigin": [ -0.2, 1.4, -0.2 ],
									"faces": {
										"north": { "texture": "#divingsuit", "uv": [ 58.0, 22.5, 58.5, 23.0 ] },
										"east": { "texture": "#divingsuit", "uv": [ 58.5, 22.5, 60.0, 23.0 ] },
										"south": { "texture": "#divingsuit", "uv": [ 60.0, 22.5, 60.5, 23.0 ] },
										"west": { "texture": "#divingsuit", "uv": [ 60.5, 22.5, 62.0, 23.0 ] },
										"up": { "texture": "#divingsuit", "uv": [ 58.0, 21.0, 58.5, 22.5 ] },
										"down": { "texture": "#divingsuit", "uv": [ 58.5, 21.0, 59.0, 22.5 ] }
									}
								}
							]
						},
						{
							"name": "Eyehole15",
							"from": [ 3.4, 3.0, 5.2 ],
							"to": [ 3.6, 4.4, 6.6 ],
							"autoUnwrap": false,
							"uv": [ 36.5, 11.0 ],
							"rotationOrigin": [ 3.4, 3.0, 6.6 ],
							"rotationY": 86.0,
							"faces": {
								"north": { "texture": "#null", "uv": [ 0.0, 1.0, 0.5, 2.0 ], "enabled": false },
								"east": { "texture": "#null", "uv": [ 0.5, 1.0, 1.5, 2.0 ], "enabled": false },
								"south": { "texture": "#null", "uv": [ 1.5, 1.0, 2.0, 2.0 ], "enabled": false },
								"west": { "texture": "#divingsuit", "uv": [ 39.0, 14.5, 40.0, 15.5 ] },
								"up": { "texture": "#null", "uv": [ 0.0, 0.0, 0.5, 1.0 ], "enabled": false },
								"down": { "texture": "#null", "uv": [ 0.5, 0.0, 1.0, 1.0 ], "enabled": false }
							},
							"children": [
								{
									"name": "EyeholeRimB15",
									"from": [ -0.2, -0.2, -0.2 ],
									"to": [ 0.1, 0.0, 1.6 ],
									"uv": [ 60.0, 19.5 ],
									"rotationOrigin": [ -0.2, -0.2, -0.2 ],
									"faces": {
										"north": { "texture": "#divingsuit", "uv": [ 60.0, 21.0, 60.5, 21.5 ] },
										"east": { "texture": "#divingsuit", "uv": [ 60.5, 21.0, 62.0, 21.5 ] },
										"south": { "texture": "#divingsuit", "uv": [ 62.0, 21.0, 62.5, 21.5 ] },
										"west": { "texture": "#divingsuit", "uv": [ 62.5, 21.0, 64.0, 21.5 ] },
										"up": { "texture": "#divingsuit", "uv": [ 60.0, 19.5, 60.5, 21.0 ] },
										"down": { "texture": "#divingsuit", "uv": [ 60.5, 19.5, 61.0, 21.0 ] }
									}
								},
								{
									"name": "EyeholeRimR15",
									"from": [ -0.2, 0.0, -0.2 ],
									"to": [ 0.1, 1.4, 0.0 ],
									"uv": [ 61.0, 20.0 ],
									"rotationOrigin": [ -0.2, 0.0, -0.2 ],
									"faces": {
										"north": { "texture": "#divingsuit", "uv": [ 61.0, 20.5, 61.5, 21.5 ] },
										"east": { "texture": "#divingsuit", "uv": [ 61.5, 20.5, 62.0, 21.5 ] },
										"south": { "texture": "#divingsuit", "uv": [ 62.0, 20.5, 62.5, 21.5 ] },
										"west": { "texture": "#divingsuit", "uv": [ 62.5, 20.5, 63.0, 21.5 ] },
										"up": { "texture": "#divingsuit", "uv": [ 61.0, 20.0, 61.5, 20.5 ] },
										"down": { "texture": "#divingsuit", "uv": [ 61.5, 20.0, 62.0, 20.5 ] }
									}
								},
								{
									"name": "EyeholeRimL15",
									"from": [ -0.2, 0.0, 1.4 ],
									"to": [ 0.1, 1.4, 1.6 ],
									"uv": [ 61.5, 19.5 ],
									"rotationOrigin": [ -0.2, 0.0, 1.4 ],
									"faces": {
										"north": { "texture": "#divingsuit", "uv": [ 61.5, 20.0, 62.0, 21.0 ] },
										"east": { "texture": "#divingsuit", "uv": [ 62.0, 20.0, 62.5, 21.0 ] },
										"south": { "texture": "#divingsuit", "uv": [ 62.5, 20.0, 63.0, 21.0 ] },
										"west": { "texture": "#divingsuit", "uv": [ 63.0, 20.0, 63.5, 21.0 ] },
										"up": { "texture": "#divingsuit", "uv": [ 61.5, 19.5, 62.0, 20.0 ] },
										"down": { "texture": "#divingsuit", "uv": [ 62.0, 19.5, 62.5, 20.0 ] }
									}
								},
								{
									"name": "EyeholeRimT15",
									"from": [ -0.2, 1.4, -0.2 ],
									"to": [ 0.1, 1.6, 1.6 ],
									"uv": [ 57.5, 24.0 ],
									"rotationOrigin": [ -0.2, 1.4, -0.2 ],
									"faces": {
										"north": { "texture": "#divingsuit", "uv": [ 57.5, 25.5, 58.0, 26.0 ] },
										"east": { "texture": "#divingsuit", "uv": [ 58.0, 25.5, 59.5, 26.0 ] },
										"south": { "texture": "#divingsuit", "uv": [ 59.5, 25.5, 60.0, 26.0 ] },
										"west": { "texture": "#divingsuit", "uv": [ 60.0, 25.5, 61.5, 26.0 ] },
										"up": { "texture": "#divingsuit", "uv": [ 57.5, 24.0, 58.0, 25.5 ] },
										"down": { "texture": "#divingsuit", "uv": [ 58.0, 24.0, 58.5, 25.5 ] }
									}
								}
							]
						},
						{
							"name": "Eyehole16",
							"from": [ 3.5, 0.7, 5.2 ],
							"to": [ 3.7, 2.1, 6.6 ],
							"autoUnwrap": false,
							"uv": [ 37.0, 11.5 ],
							"rotationOrigin": [ 3.5, 0.7, 6.6 ],
							"rotationY": 86.0,
							"faces": {
								"north": { "texture": "#null", "uv": [ 0.0, 1.0, 0.5, 2.0 ], "enabled": false },
								"east": { "texture": "#null", "uv": [ 0.5, 1.0, 1.5, 2.0 ], "enabled": false },
								"south": { "texture": "#null", "uv": [ 1.5, 1.0, 2.0, 2.0 ], "enabled": false },
								"west": { "texture": "#divingsuit", "uv": [ 39.0, 14.5, 40.0, 15.5 ] },
								"up": { "texture": "#null", "uv": [ 0.0, 0.0, 0.5, 1.0 ], "enabled": false },
								"down": { "texture": "#null", "uv": [ 0.5, 0.0, 1.0, 1.0 ], "enabled": false }
							},
							"children": [
								{
									"name": "EyeholeRimB16",
									"from": [ -0.2, -0.2, -0.2 ],
									"to": [ 0.1, 0.0, 1.6 ],
									"uv": [ 59.5, 24.0 ],
									"rotationOrigin": [ -0.2, -0.2, -0.2 ],
									"faces": {
										"north": { "texture": "#divingsuit", "uv": [ 59.5, 25.5, 60.0, 26.0 ] },
										"east": { "texture": "#divingsuit", "uv": [ 60.0, 25.5, 61.5, 26.0 ] },
										"south": { "texture": "#divingsuit", "uv": [ 61.5, 25.5, 62.0, 26.0 ] },
										"west": { "texture": "#divingsuit", "uv": [ 62.0, 25.5, 63.5, 26.0 ] },
										"up": { "texture": "#divingsuit", "uv": [ 59.5, 24.0, 60.0, 25.5 ] },
										"down": { "texture": "#divingsuit", "uv": [ 60.0, 24.0, 60.5, 25.5 ] }
									}
								},
								{
									"name": "EyeholeRimR16",
									"from": [ -0.2, 0.0, -0.2 ],
									"to": [ 0.1, 1.4, 0.0 ],
									"uv": [ 59.0, 23.5 ],
									"rotationOrigin": [ -0.2, 0.0, -0.2 ],
									"faces": {
										"north": { "texture": "#divingsuit", "uv": [ 59.0, 24.0, 59.5, 25.0 ] },
										"east": { "texture": "#divingsuit", "uv": [ 59.5, 24.0, 60.0, 25.0 ] },
										"south": { "texture": "#divingsuit", "uv": [ 60.0, 24.0, 60.5, 25.0 ] },
										"west": { "texture": "#divingsuit", "uv": [ 60.5, 24.0, 61.0, 25.0 ] },
										"up": { "texture": "#divingsuit", "uv": [ 59.0, 23.5, 59.5, 24.0 ] },
										"down": { "texture": "#divingsuit", "uv": [ 59.5, 23.5, 60.0, 24.0 ] }
									}
								},
								{
									"name": "EyeholeRimL16",
									"from": [ -0.2, 0.0, 1.4 ],
									"to": [ 0.1, 1.4, 1.6 ],
									"uv": [ 58.0, 20.0 ],
									"rotationOrigin": [ -0.2, 0.0, 1.4 ],
									"faces": {
										"north": { "texture": "#divingsuit", "uv": [ 58.0, 20.5, 58.5, 21.5 ] },
										"east": { "texture": "#divingsuit", "uv": [ 58.5, 20.5, 59.0, 21.5 ] },
										"south": { "texture": "#divingsuit", "uv": [ 59.0, 20.5, 59.5, 21.5 ] },
										"west": { "texture": "#divingsuit", "uv": [ 59.5, 20.5, 60.0, 21.5 ] },
										"up": { "texture": "#divingsuit", "uv": [ 58.0, 20.0, 58.5, 20.5 ] },
										"down": { "texture": "#divingsuit", "uv": [ 58.5, 20.0, 59.0, 20.5 ] }
									}
								},
								{
									"name": "EyeholeRimT16",
									"from": [ -0.2, 1.4, -0.2 ],
									"to": [ 0.1, 1.6, 1.6 ],
									"uv": [ 57.0, 24.5 ],
									"rotationOrigin": [ -0.2, 1.4, -0.2 ],
									"faces": {
										"north": { "texture": "#divingsuit", "uv": [ 57.0, 26.0, 57.5, 26.5 ] },
										"east": { "texture": "#divingsuit", "uv": [ 57.5, 26.0, 59.0, 26.5 ] },
										"south": { "texture": "#divingsuit", "uv": [ 59.0, 26.0, 59.5, 26.5 ] },
										"west": { "texture": "#divingsuit", "uv": [ 59.5, 26.0, 61.0, 26.5 ] },
										"up": { "texture": "#divingsuit", "uv": [ 57.0, 24.5, 57.5, 26.0 ] },
										"down": { "texture": "#divingsuit", "uv": [ 57.5, 24.5, 58.0, 26.0 ] }
									}
								}
							]
						},
						{
							"name": "Eyehole17",
							"from": [ 1.7, 7.2, 4.9 ],
							"to": [ 1.9, 8.6, 6.3 ],
							"autoUnwrap": false,
							"uv": [ 37.5, 11.5 ],
							"rotationOrigin": [ 1.7, 7.2, 6.3 ],
							"rotationY": 60.0,
							"rotationZ": -45.0,
							"faces": {
								"north": { "texture": "#null", "uv": [ 0.0, 1.0, 0.5, 2.0 ], "enabled": false },
								"east": { "texture": "#null", "uv": [ 0.5, 1.0, 1.5, 2.0 ], "enabled": false },
								"south": { "texture": "#null", "uv": [ 1.5, 1.0, 2.0, 2.0 ], "enabled": false },
								"west": { "texture": "#divingsuit", "uv": [ 39.0, 14.5, 40.0, 15.5 ] },
								"up": { "texture": "#null", "uv": [ 0.0, 0.0, 0.5, 1.0 ], "enabled": false },
								"down": { "texture": "#null", "uv": [ 0.5, 0.0, 1.0, 1.0 ], "enabled": false }
							},
							"children": [
								{
									"name": "EyeholeRimB17",
									"from": [ -0.2, -0.2, -0.2 ],
									"to": [ 1.1, 0.0, 1.6 ],
									"uv": [ 58.5, 22.0 ],
									"rotationOrigin": [ -0.2, -0.2, -0.2 ],
									"faces": {
										"north": { "texture": "#divingsuit", "uv": [ 58.5, 23.5, 59.5, 24.0 ] },
										"east": { "texture": "#divingsuit", "uv": [ 59.5, 23.5, 61.0, 24.0 ] },
										"south": { "texture": "#divingsuit", "uv": [ 61.0, 23.5, 62.0, 24.0 ] },
										"west": { "texture": "#divingsuit", "uv": [ 62.0, 23.5, 63.5, 24.0 ] },
										"up": { "texture": "#divingsuit", "uv": [ 58.5, 22.0, 59.5, 23.5 ] },
										"down": { "texture": "#divingsuit", "uv": [ 59.5, 22.0, 60.5, 23.5 ] }
									}
								},
								{
									"name": "EyeholeRimR17",
									"from": [ -0.2, 0.0, -0.2 ],
									"to": [ 1.1, 1.4, 0.0 ],
									"uv": [ 58.5, 20.5 ],
									"rotationOrigin": [ -0.2, 0.0, -0.2 ],
									"faces": {
										"north": { "texture": "#divingsuit", "uv": [ 58.5, 21.0, 59.5, 22.0 ] },
										"east": { "texture": "#divingsuit", "uv": [ 59.5, 21.0, 60.0, 22.0 ] },
										"south": { "texture": "#divingsuit", "uv": [ 60.0, 21.0, 61.0, 22.0 ] },
										"west": { "texture": "#divingsuit", "uv": [ 61.0, 21.0, 61.5, 22.0 ] },
										"up": { "texture": "#divingsuit", "uv": [ 58.5, 20.5, 59.5, 21.0 ] },
										"down": { "texture": "#divingsuit", "uv": [ 59.5, 20.5, 60.5, 21.0 ] }
									}
								},
								{
									"name": "EyeholeRimL17",
									"from": [ -0.2, 0.0, 1.4 ],
									"to": [ 1.1, 1.4, 1.6 ],
									"uv": [ 57.5, 21.0 ],
									"rotationOrigin": [ -0.2, 0.0, 1.4 ],
									"faces": {
										"north": { "texture": "#divingsuit", "uv": [ 57.5, 21.5, 58.5, 22.5 ] },
										"east": { "texture": "#divingsuit", "uv": [ 58.5, 21.5, 59.0, 22.5 ] },
										"south": { "texture": "#divingsuit", "uv": [ 59.0, 21.5, 60.0, 22.5 ] },
										"west": { "texture": "#divingsuit", "uv": [ 60.0, 21.5, 60.5, 22.5 ] },
										"up": { "texture": "#divingsuit", "uv": [ 57.5, 21.0, 58.5, 21.5 ] },
										"down": { "texture": "#divingsuit", "uv": [ 58.5, 21.0, 59.5, 21.5 ] }
									}
								},
								{
									"name": "EyeholeRimT17",
									"from": [ -0.2, 1.4, -0.2 ],
									"to": [ 1.1, 1.6, 1.6 ],
									"uv": [ 57.0, 22.0 ],
									"rotationOrigin": [ -0.2, 1.4, -0.2 ],
									"faces": {
										"north": { "texture": "#divingsuit", "uv": [ 57.0, 23.5, 58.0, 24.0 ] },
										"east": { "texture": "#divingsuit", "uv": [ 58.0, 23.5, 59.5, 24.0 ] },
										"south": { "texture": "#divingsuit", "uv": [ 59.5, 23.5, 60.5, 24.0 ] },
										"west": { "texture": "#divingsuit", "uv": [ 60.5, 23.5, 62.0, 24.0 ] },
										"up": { "texture": "#divingsuit", "uv": [ 57.0, 22.0, 58.0, 23.5 ] },
										"down": { "texture": "#divingsuit", "uv": [ 58.0, 22.0, 59.0, 23.5 ] }
									}
								}
							]
						},
						{
							"name": "Eyehole18",
							"from": [ 1.6, 7.2, -1.3 ],
							"to": [ 1.8, 8.6, 0.1 ],
							"autoUnwrap": false,
							"uv": [ 36.0, 11.0 ],
							"rotationOrigin": [ 1.6, 7.2, -1.3 ],
							"rotationY": -60.0,
							"rotationZ": -45.0,
							"faces": {
								"north": { "texture": "#null", "uv": [ 0.0, 1.0, 0.5, 2.0 ], "enabled": false },
								"east": { "texture": "#null", "uv": [ 0.5, 1.0, 1.5, 2.0 ], "enabled": false },
								"south": { "texture": "#null", "uv": [ 1.5, 1.0, 2.0, 2.0 ], "enabled": false },
								"west": { "texture": "#divingsuit", "uv": [ 39.0, 14.5, 40.0, 15.5 ] },
								"up": { "texture": "#null", "uv": [ 0.0, 0.0, 0.5, 1.0 ], "enabled": false },
								"down": { "texture": "#null", "uv": [ 0.5, 0.0, 1.0, 1.0 ], "enabled": false }
							},
							"children": [
								{
									"name": "EyeholeRimB18",
									"from": [ -0.2, -0.2, -0.2 ],
									"to": [ 1.1, 0.0, 1.6 ],
									"uv": [ 57.0, 21.0 ],
									"rotationOrigin": [ -0.2, -0.2, -0.2 ],
									"faces": {
										"north": { "texture": "#divingsuit", "uv": [ 57.0, 22.5, 58.0, 23.0 ] },
										"east": { "texture": "#divingsuit", "uv": [ 58.0, 22.5, 59.5, 23.0 ] },
										"south": { "texture": "#divingsuit", "uv": [ 59.5, 22.5, 60.5, 23.0 ] },
										"west": { "texture": "#divingsuit", "uv": [ 60.5, 22.5, 62.0, 23.0 ] },
										"up": { "texture": "#divingsuit", "uv": [ 57.0, 21.0, 58.0, 22.5 ] },
										"down": { "texture": "#divingsuit", "uv": [ 58.0, 21.0, 59.0, 22.5 ] }
									}
								},
								{
									"name": "EyeholeRimR18",
									"from": [ -0.2, 0.0, -0.2 ],
									"to": [ 1.1, 1.4, 0.0 ],
									"uv": [ 57.0, 21.0 ],
									"rotationOrigin": [ -0.2, 0.0, -0.2 ],
									"faces": {
										"north": { "texture": "#divingsuit", "uv": [ 57.0, 21.5, 58.0, 22.5 ] },
										"east": { "texture": "#divingsuit", "uv": [ 58.0, 21.5, 58.5, 22.5 ] },
										"south": { "texture": "#divingsuit", "uv": [ 58.5, 21.5, 59.5, 22.5 ] },
										"west": { "texture": "#divingsuit", "uv": [ 59.5, 21.5, 60.0, 22.5 ] },
										"up": { "texture": "#divingsuit", "uv": [ 57.0, 21.0, 58.0, 21.5 ] },
										"down": { "texture": "#divingsuit", "uv": [ 58.0, 21.0, 59.0, 21.5 ] }
									}
								},
								{
									"name": "EyeholeRimL18",
									"from": [ -0.2, 0.0, 1.4 ],
									"to": [ 1.1, 1.4, 1.6 ],
									"uv": [ 57.0, 21.0 ],
									"rotationOrigin": [ -0.2, 0.0, 1.4 ],
									"faces": {
										"north": { "texture": "#divingsuit", "uv": [ 57.0, 21.5, 58.0, 22.5 ] },
										"east": { "texture": "#divingsuit", "uv": [ 58.0, 21.5, 58.5, 22.5 ] },
										"south": { "texture": "#divingsuit", "uv": [ 58.5, 21.5, 59.5, 22.5 ] },
										"west": { "texture": "#divingsuit", "uv": [ 59.5, 21.5, 60.0, 22.5 ] },
										"up": { "texture": "#divingsuit", "uv": [ 57.0, 21.0, 58.0, 21.5 ] },
										"down": { "texture": "#divingsuit", "uv": [ 58.0, 21.0, 59.0, 21.5 ] }
									}
								},
								{
									"name": "EyeholeRimT18",
									"from": [ -0.2, 1.4, -0.2 ],
									"to": [ 1.1, 1.6, 1.6 ],
									"uv": [ 57.0, 21.0 ],
									"rotationOrigin": [ -0.2, 1.4, -0.2 ],
									"faces": {
										"north": { "texture": "#divingsuit", "uv": [ 57.0, 22.5, 58.0, 23.0 ] },
										"east": { "texture": "#divingsuit", "uv": [ 58.0, 22.5, 59.5, 23.0 ] },
										"south": { "texture": "#divingsuit", "uv": [ 59.5, 22.5, 60.5, 23.0 ] },
										"west": { "texture": "#divingsuit", "uv": [ 60.5, 22.5, 62.0, 23.0 ] },
										"up": { "texture": "#divingsuit", "uv": [ 57.0, 21.0, 58.0, 22.5 ] },
										"down": { "texture": "#divingsuit", "uv": [ 58.0, 21.0, 59.0, 22.5 ] }
									}
								}
							]
						}
					]
				},
				{
					"name": "ArmorHelmet3",
					"from": [ 1.0, 0.0, -0.5 ],
					"to": [ 6.0, 7.0, 0.0 ],
					"autoUnwrap": false,
					"uv": [ 40.0, 28.5 ],
					"rotationOrigin": [ 1.0, 0.0, -0.5 ],
					"faces": {
						"north": { "texture": "#divingsuit", "uv": [ 40.5, 20.5, 45.5, 26.5 ], "autoUv": false },
						"east": { "texture": "#divingsuit", "uv": [ 38.5, 19.0, 39.0, 26.0 ] },
						"south": { "texture": "#null", "uv": [ 5.5, 0.5, 10.5, 7.5 ], "enabled": false },
						"west": { "texture": "#divingsuit", "uv": [ 33.0, 19.0, 33.5, 26.0 ] },
						"up": { "texture": "#divingsuit", "uv": [ 33.5, 26.0, 38.5, 26.5 ] },
						"down": { "texture": "#divingsuit", "uv": [ 33.0, 20.0, 38.0, 20.5 ] }
					}
				},
				{
					"name": "ArmorHelmet4",
					"from": [ 7.0, 0.0, 1.0 ],
					"to": [ 7.5, 7.0, 6.0 ],
					"autoUnwrap": false,
					"uv": [ 45.5, 26.5 ],
					"rotationOrigin": [ 7.0, 0.0, 1.0 ],
					"faces": {
						"north": { "texture": "#divingsuit", "uv": [ 38.5, 23.0, 39.0, 30.0 ] },
						"east": { "texture": "#divingsuit", "uv": [ 46.0, 20.5, 51.0, 26.5 ], "autoUv": false },
						"south": { "texture": "#divingsuit", "uv": [ 33.0, 23.5, 33.5, 30.5 ] },
						"west": { "texture": "#null", "uv": [ 6.0, 5.0, 11.0, 12.0 ], "enabled": false },
						"up": { "texture": "#divingsuit", "uv": [ 41.0, 21.5, 41.5, 26.5 ] },
						"down": { "texture": "#divingsuit", "uv": [ 44.5, 21.0, 45.0, 26.0 ] }
					},
					"children": [
						{
							"name": "Handle3",
							"from": [ 0.5, 0.0, 0.5 ],
							"to": [ 1.0, 2.1, 1.7 ],
							"uv": [ 58.5, 21.5 ],
							"rotationOrigin": [ 0.5, 0.0, 0.5 ],
							"faces": {
								"north": { "texture": "#divingsuit", "uv": [ 58.5, 22.5, 59.0, 24.5 ] },
								"east": { "texture": "#divingsuit", "uv": [ 59.0, 22.5, 60.0, 24.5 ] },
								"south": { "texture": "#divingsuit", "uv": [ 60.0, 22.5, 60.5, 24.5 ] },
								"west": { "texture": "#divingsuit", "uv": [ 60.5, 22.5, 61.5, 24.5 ] },
								"up": { "texture": "#divingsuit", "uv": [ 58.5, 21.5, 59.0, 22.5 ] },
								"down": { "texture": "#divingsuit", "uv": [ 59.0, 21.5, 59.5, 22.5 ] }
							}
						},
						{
							"name": "Handle4",
							"from": [ 0.5, 0.0, 3.3 ],
							"to": [ 1.0, 2.1, 4.5 ],
							"uv": [ 58.5, 21.5 ],
							"rotationOrigin": [ 0.5, 0.0, 3.3 ],
							"faces": {
								"north": { "texture": "#divingsuit", "uv": [ 58.5, 22.5, 59.0, 24.5 ] },
								"east": { "texture": "#divingsuit", "uv": [ 59.0, 22.5, 60.0, 24.5 ] },
								"south": { "texture": "#divingsuit", "uv": [ 60.0, 22.5, 60.5, 24.5 ] },
								"west": { "texture": "#divingsuit", "uv": [ 60.5, 22.5, 61.5, 24.5 ] },
								"up": { "texture": "#divingsuit", "uv": [ 58.5, 21.5, 59.0, 22.5 ] },
								"down": { "texture": "#divingsuit", "uv": [ 59.0, 21.5, 59.5, 22.5 ] }
							}
						}
					]
				},
				{
					"name": "ArmorHelmet5",
					"from": [ 1.0, 0.0, 7.0 ],
					"to": [ 6.0, 7.0, 7.5 ],
					"autoUnwrap": false,
					"uv": [ 39.0, 27.5 ],
					"rotationOrigin": [ 1.0, 0.0, 7.0 ],
					"faces": {
						"north": { "texture": "#null", "uv": [ 0.0, 0.5, 5.0, 7.5 ], "enabled": false },
						"east": { "texture": "#divingsuit", "uv": [ 33.0, 19.5, 33.5, 26.5 ] },
						"south": { "texture": "#divingsuit", "uv": [ 27.5, 20.5, 32.5, 26.5 ], "autoUv": false },
						"west": { "texture": "#divingsuit", "uv": [ 38.5, 19.5, 39.0, 26.5 ] },
						"up": { "texture": "#divingsuit", "uv": [ 33.5, 26.0, 38.5, 26.5 ] },
						"down": { "texture": "#divingsuit", "uv": [ 33.5, 20.0, 38.5, 20.5 ] }
					}
				},
				{
					"name": "ArmorHelmetRim1",
					"from": [ -1.2, 0.0, 3.2 ],
					"to": [ 0.0, 7.7, 3.8 ],
					"uv": [ 59.0, 48.5 ],
					"rotationOrigin": [ -1.2, 0.0, 3.2 ],
					"faces": {
						"north": { "texture": "#divingsuit", "uv": [ 59.0, 49.0, 60.0, 56.5 ] },
						"east": { "texture": "#divingsuit", "uv": [ 60.0, 49.0, 60.5, 56.5 ] },
						"south": { "texture": "#divingsuit", "uv": [ 60.5, 49.0, 61.5, 56.5 ] },
						"west": { "texture": "#divingsuit", "uv": [ 61.5, 49.0, 62.0, 56.5 ] },
						"up": { "texture": "#divingsuit", "uv": [ 59.0, 48.5, 60.0, 49.0 ] },
						"down": { "texture": "#divingsuit", "uv": [ 60.0, 48.5, 61.0, 49.0 ] }
					},
					"children": [
						{
							"name": "ArmorHelmetRim2",
							"from": [ 0.3, 6.8, 0.01 ],
							"to": [ 3.4, 7.8, 0.61 ],
							"uv": [ 55.0, 48.5 ],
							"rotationOrigin": [ 0.3, 6.8, 0.0 ],
							"rotationZ": 17.0,
							"faces": {
								"north": { "texture": "#divingsuit", "uv": [ 55.0, 49.0, 58.0, 50.0 ] },
								"east": { "texture": "#divingsuit", "uv": [ 58.0, 49.0, 58.5, 50.0 ] },
								"south": { "texture": "#divingsuit", "uv": [ 58.5, 49.0, 61.5, 50.0 ] },
								"west": { "texture": "#divingsuit", "uv": [ 61.5, 49.0, 62.0, 50.0 ] },
								"up": { "texture": "#divingsuit", "uv": [ 55.0, 48.5, 58.0, 49.0 ] },
								"down": { "texture": "#divingsuit", "uv": [ 58.0, 48.5, 61.0, 49.0 ] }
							}
						},
						{
							"name": "ArmorHelmetRim3",
							"from": [ 2.94, 7.66, 0.0 ],
							"to": [ 6.44, 8.66, 0.6 ],
							"uv": [ 55.0, 53.0 ],
							"rotationOrigin": [ 2.9, 7.65, 0.0 ],
							"rotationZ": -1.0,
							"faces": {
								"north": { "texture": "#divingsuit", "uv": [ 55.0, 53.5, 58.5, 54.5 ] },
								"east": { "texture": "#divingsuit", "uv": [ 58.5, 53.5, 59.0, 54.5 ] },
								"south": { "texture": "#divingsuit", "uv": [ 59.0, 53.5, 62.5, 54.5 ] },
								"west": { "texture": "#divingsuit", "uv": [ 62.5, 53.5, 63.0, 54.5 ] },
								"up": { "texture": "#divingsuit", "uv": [ 55.0, 53.0, 58.5, 53.5 ] },
								"down": { "texture": "#divingsuit", "uv": [ 58.5, 53.0, 62.0, 53.5 ] }
							}
						},
						{
							"name": "ArmorHelmetRim4",
							"from": [ 9.4, 0.0, 0.6 ],
							"to": [ 10.4, 7.7, 1.22 ],
							"uv": [ 57.0, 49.0 ],
							"rotationOrigin": [ 9.4, 0.0, 0.6 ],
							"rotationX": -180.0,
							"rotationZ": -180.0,
							"faces": {
								"north": { "texture": "#divingsuit", "uv": [ 57.0, 49.5, 58.0, 57.0 ] },
								"east": { "texture": "#divingsuit", "uv": [ 58.0, 49.5, 58.5, 57.0 ] },
								"south": { "texture": "#divingsuit", "uv": [ 58.5, 49.5, 59.5, 57.0 ] },
								"west": { "texture": "#divingsuit", "uv": [ 59.5, 49.5, 60.0, 57.0 ] },
								"up": { "texture": "#divingsuit", "uv": [ 57.0, 49.0, 58.0, 49.5 ] },
								"down": { "texture": "#divingsuit", "uv": [ 58.0, 49.0, 59.0, 49.5 ] }
							},
							"children": [
								{
									"name": "ArmorHelmetRim5",
									"from": [ 0.3, 6.8, 0.01 ],
									"to": [ 3.4, 7.8, 0.61 ],
									"uv": [ 54.0, 51.0 ],
									"rotationOrigin": [ 0.3, 6.8, 0.0 ],
									"rotationZ": 16.0,
									"faces": {
										"north": { "texture": "#divingsuit", "uv": [ 54.0, 51.5, 57.0, 52.5 ] },
										"east": { "texture": "#divingsuit", "uv": [ 57.0, 51.5, 57.5, 52.5 ] },
										"south": { "texture": "#divingsuit", "uv": [ 57.5, 51.5, 60.5, 52.5 ] },
										"west": { "texture": "#divingsuit", "uv": [ 60.5, 51.5, 61.0, 52.5 ] },
										"up": { "texture": "#divingsuit", "uv": [ 54.0, 51.0, 57.0, 51.5 ] },
										"down": { "texture": "#divingsuit", "uv": [ 57.0, 51.0, 60.0, 51.5 ] }
									}
								}
							]
						},
						{
							"name": "ArmorHelmetRim11",
							"from": [ 0.1, 0.8, 0.01 ],
							"to": [ 4.2, 2.6, 0.61 ],
							"uv": [ 55.0, 48.5 ],
							"rotationOrigin": [ 0.1, 0.8, 0.0 ],
							"rotationZ": 76.0,
							"faces": {
								"north": { "texture": "#divingsuit", "uv": [ 55.0, 49.0, 59.0, 50.5 ] },
								"east": { "texture": "#divingsuit", "uv": [ 59.0, 49.0, 59.5, 50.5 ] },
								"south": { "texture": "#divingsuit", "uv": [ 59.5, 49.0, 63.5, 50.5 ] },
								"west": { "texture": "#divingsuit", "uv": [ 63.5, 49.0, 64.0, 50.5 ] },
								"up": { "texture": "#divingsuit", "uv": [ 55.0, 48.5, 59.0, 49.0 ] },
								"down": { "texture": "#divingsuit", "uv": [ 59.0, 48.5, 63.0, 49.0 ] }
							}
						}
					]
				},
				{
					"name": "ArmorHelmetRim6",
					"from": [ 3.3, 0.0, 8.2 ],
					"to": [ 4.3, 7.7, 8.82 ],
					"uv": [ 54.0, 50.0 ],
					"rotationOrigin": [ 3.3, 0.0, 8.2 ],
					"rotationY": 90.0,
					"faces": {
						"north": { "texture": "#divingsuit", "uv": [ 54.0, 50.5, 55.0, 58.0 ] },
						"east": { "texture": "#divingsuit", "uv": [ 55.0, 50.5, 55.5, 58.0 ] },
						"south": { "texture": "#divingsuit", "uv": [ 55.5, 50.5, 56.5, 58.0 ] },
						"west": { "texture": "#divingsuit", "uv": [ 56.5, 50.5, 57.0, 58.0 ] },
						"up": { "texture": "#divingsuit", "uv": [ 54.0, 50.0, 55.0, 50.5 ] },
						"down": { "texture": "#divingsuit", "uv": [ 55.0, 50.0, 56.0, 50.5 ] }
					},
					"children": [
						{
							"name": "ArmorHelmetRim7",
							"from": [ 0.3, 6.8, -0.01 ],
							"to": [ 3.4, 7.8, 0.59 ],
							"uv": [ 54.0, 50.5 ],
							"rotationOrigin": [ 0.3, 6.8, 0.0 ],
							"rotationZ": 17.0,
							"faces": {
								"north": { "texture": "#divingsuit", "uv": [ 54.0, 51.0, 57.0, 52.0 ] },
								"east": { "texture": "#divingsuit", "uv": [ 57.0, 51.0, 57.5, 52.0 ] },
								"south": { "texture": "#divingsuit", "uv": [ 57.5, 51.0, 60.5, 52.0 ] },
								"west": { "texture": "#divingsuit", "uv": [ 60.5, 51.0, 61.0, 52.0 ] },
								"up": { "texture": "#divingsuit", "uv": [ 54.0, 50.5, 57.0, 51.0 ] },
								"down": { "texture": "#divingsuit", "uv": [ 57.0, 50.5, 60.0, 51.0 ] }
							}
						},
						{
							"name": "ArmorHelmetRim8",
							"from": [ 2.94, 7.66, -0.01 ],
							"to": [ 6.44, 8.66, 0.61 ],
							"uv": [ 53.5, 49.0 ],
							"rotationOrigin": [ 2.9, 7.65, 0.0 ],
							"rotationZ": -1.0,
							"faces": {
								"north": { "texture": "#divingsuit", "uv": [ 53.5, 49.5, 57.0, 50.5 ] },
								"east": { "texture": "#divingsuit", "uv": [ 57.0, 49.5, 57.5, 50.5 ] },
								"south": { "texture": "#divingsuit", "uv": [ 57.5, 49.5, 61.0, 50.5 ] },
								"west": { "texture": "#divingsuit", "uv": [ 61.0, 49.5, 61.5, 50.5 ] },
								"up": { "texture": "#divingsuit", "uv": [ 53.5, 49.0, 57.0, 49.5 ] },
								"down": { "texture": "#divingsuit", "uv": [ 57.0, 49.0, 60.5, 49.5 ] }
							}
						},
						{
							"name": "ArmorHelmetRim9",
							"from": [ 9.4, 0.0, 0.6 ],
							"to": [ 10.4, 7.7, 1.22 ],
							"uv": [ 60.5, 47.0 ],
							"rotationOrigin": [ 9.4, 0.0, 0.6 ],
							"rotationX": -180.0,
							"rotationZ": -180.0,
							"faces": {
								"north": { "texture": "#divingsuit", "uv": [ 60.5, 47.5, 61.5, 55.0 ] },
								"east": { "texture": "#divingsuit", "uv": [ 61.5, 47.5, 62.0, 55.0 ] },
								"south": { "texture": "#divingsuit", "uv": [ 62.0, 47.5, 63.0, 55.0 ] },
								"west": { "texture": "#divingsuit", "uv": [ 63.0, 47.5, 63.5, 55.0 ] },
								"up": { "texture": "#divingsuit", "uv": [ 60.5, 47.0, 61.5, 47.5 ] },
								"down": { "texture": "#divingsuit", "uv": [ 61.5, 47.0, 62.5, 47.5 ] }
							},
							"children": [
								{
									"name": "ArmorHelmetRim10",
									"from": [ 0.3, 6.8, 0.01 ],
									"to": [ 3.4, 7.8, 0.61 ],
									"uv": [ 53.0, 46.5 ],
									"rotationOrigin": [ 0.3, 6.8, 0.0 ],
									"rotationZ": 16.0,
									"faces": {
										"north": { "texture": "#divingsuit", "uv": [ 53.0, 47.0, 56.0, 48.0 ] },
										"east": { "texture": "#divingsuit", "uv": [ 56.0, 47.0, 56.5, 48.0 ] },
										"south": { "texture": "#divingsuit", "uv": [ 56.5, 47.0, 59.5, 48.0 ] },
										"west": { "texture": "#divingsuit", "uv": [ 59.5, 47.0, 60.0, 48.0 ] },
										"up": { "texture": "#divingsuit", "uv": [ 53.0, 46.5, 56.0, 47.0 ] },
										"down": { "texture": "#divingsuit", "uv": [ 56.0, 46.5, 59.0, 47.0 ] }
									}
								}
							]
						},
						{
							"name": "Handle1",
							"from": [ 0.2, 4.2, 0.5 ],
							"to": [ 0.7, 5.2, 2.5 ],
							"uv": [ 58.5, 21.0 ],
							"rotationOrigin": [ 0.2, 4.2, 0.5 ],
							"faces": {
								"north": { "texture": "#divingsuit", "uv": [ 58.5, 23.0, 59.0, 24.0 ] },
								"east": { "texture": "#divingsuit", "uv": [ 59.0, 23.0, 61.0, 24.0 ] },
								"south": { "texture": "#divingsuit", "uv": [ 61.0, 23.0, 61.5, 24.0 ] },
								"west": { "texture": "#divingsuit", "uv": [ 61.5, 23.0, 63.5, 24.0 ] },
								"up": { "texture": "#divingsuit", "uv": [ 58.5, 21.0, 59.0, 23.0 ] },
								"down": { "texture": "#divingsuit", "uv": [ 59.0, 21.0, 59.5, 23.0 ] }
							}
						},
						{
							"name": "Handle2",
							"from": [ 8.7, 4.2, 0.5 ],
							"to": [ 9.2, 5.2, 2.5 ],
							"uv": [ 59.0, 21.0 ],
							"rotationOrigin": [ 8.7, 4.2, 0.5 ],
							"faces": {
								"north": { "texture": "#divingsuit", "uv": [ 59.0, 23.0, 59.5, 24.0 ] },
								"east": { "texture": "#divingsuit", "uv": [ 59.5, 23.0, 61.5, 24.0 ] },
								"south": { "texture": "#divingsuit", "uv": [ 61.5, 23.0, 62.0, 24.0 ] },
								"west": { "texture": "#divingsuit", "uv": [ 62.0, 23.0, 64.0, 24.0 ] },
								"up": { "texture": "#divingsuit", "uv": [ 59.0, 21.0, 59.5, 23.0 ] },
								"down": { "texture": "#divingsuit", "uv": [ 59.5, 21.0, 60.0, 23.0 ] }
							}
						}
					]
				},
				{
					"name": "TopHead1",
					"from": [ 0.5, 7.0, 0.5 ],
					"to": [ 6.5, 7.5, 6.5 ],
					"autoUnwrap": false,
					"uv": [ 27.0, 0.0 ],
					"rotationOrigin": [ 0.5, 7.0, 0.5 ],
					"faces": {
						"north": { "texture": "#divingsuit", "uv": [ 33.0, 20.0, 39.0, 20.5 ] },
						"east": { "texture": "#divingsuit", "uv": [ 33.0, 25.5, 39.0, 26.0 ] },
						"south": { "texture": "#divingsuit", "uv": [ 33.0, 20.0, 39.0, 20.5 ] },
						"west": { "texture": "#divingsuit", "uv": [ 33.0, 25.5, 39.0, 26.0 ] },
						"up": { "texture": "#divingsuit", "uv": [ 33.0, 20.0, 39.0, 26.0 ] },
						"down": { "texture": "#null", "uv": [ 6.0, 0.0, 12.0, 6.0 ], "enabled": false }
					}
				},
				{
					"name": "TopHead2",
					"from": [ 1.0, 7.5, 1.0 ],
					"to": [ 6.0, 8.0, 6.0 ],
					"autoUnwrap": false,
					"uv": [ 34.0, 14.5 ],
					"rotationOrigin": [ 1.0, 7.5, 1.0 ],
					"faces": {
						"north": { "texture": "#divingsuit", "uv": [ 33.5, 20.0, 38.5, 20.5 ] },
						"east": { "texture": "#divingsuit", "uv": [ 33.5, 25.5, 38.5, 26.0 ] },
						"south": { "texture": "#divingsuit", "uv": [ 33.5, 20.0, 38.5, 20.5 ] },
						"west": { "texture": "#divingsuit", "uv": [ 33.5, 25.5, 38.5, 26.0 ] },
						"up": { "texture": "#divingsuit", "uv": [ 33.5, 20.5, 38.5, 25.5 ] },
						"down": { "texture": "#null", "uv": [ 5.0, 0.0, 10.0, 5.0 ], "enabled": false }
					}
				},
				{
					"name": "ArmorHelmet6",
					"from": [ -0.6, 0.1, 1.0 ],
					"to": [ 0.0, 7.1, 6.0 ],
					"autoUnwrap": false,
					"uv": [ 44.0, 27.0 ],
					"rotationOrigin": [ -0.6, 0.1, 1.0 ],
					"faces": {
						"north": { "texture": "#divingsuit", "uv": [ 33.0, 19.5, 33.5, 26.5 ] },
						"east": { "texture": "#null", "uv": [ 0.5, 5.0, 5.5, 12.0 ], "enabled": false },
						"south": { "texture": "#divingsuit", "uv": [ 38.5, 19.0, 39.0, 26.0 ] },
						"west": { "texture": "#divingsuit", "uv": [ 33.5, 20.0, 38.5, 26.0 ], "autoUv": false },
						"up": { "texture": "#divingsuit", "uv": [ 34.0, 20.5, 34.5, 25.5 ] },
						"down": { "texture": "#divingsuit", "uv": [ 36.5, 20.5, 37.0, 25.5 ] }
					}
				},
				{
					"name": "ArmorHelmet7",
					"from": [ -2.4, 1.4, 1.5 ],
					"to": [ -0.4, 5.0, 5.5 ],
					"autoUnwrap": false,
					"uv": [ 44.0, 27.0 ],
					"rotationOrigin": [ -2.4, 1.4, 1.5 ],
					"rotationZ": -13.0,
					"faces": {
						"north": { "texture": "#divingsuit", "uv": [ 33.0, 19.5, 35.0, 23.0 ] },
						"east": { "texture": "#null", "uv": [ 0.5, 5.0, 4.5, 8.5 ], "enabled": false },
						"south": { "texture": "#divingsuit", "uv": [ 37.5, 20.5, 39.5, 24.0 ] },
						"west": { "texture": "#divingsuit", "uv": [ 33.5, 20.0, 38.5, 26.0 ], "autoUv": false },
						"up": { "texture": "#divingsuit", "uv": [ 34.0, 20.5, 36.0, 24.5 ] },
						"down": { "texture": "#divingsuit", "uv": [ 36.5, 20.5, 38.5, 24.5 ] }
					}
				}
			]
		}
	],
	"animations": [
		{
			"name": "Scythe",
			"code": "scythe",
			"quantityframes": 26,
			"onActivityStopped": "Rewind",
			"onAnimationEnd": "Repeat",
			"keyframes": [
				{
					"frame": 10,
					"elements": {
						"ArmorHelmet": { "offsetX": 0.6, "offsetY": 0.0, "offsetZ": 0.3, "rotationX": 0.0, "rotationY": -10.0, "rotationZ": 0.0 }
					}
				},
				{
					"frame": 16,
					"elements": {
						"ArmorHelmet": { "offsetX": -0.2, "offsetY": 0.0, "offsetZ": -0.7, "rotationX": 0.0, "rotationY": 0.0, "rotationZ": 0.0 }
					}
				}
			]
		},

		{
			"name": "LadderIdle",
			"code": "ladderidle",
			"quantityframes": 20,
			"onActivityStopped": "Rewind",
			"onAnimationEnd": "Repeat",
			"keyframes": [
				{
					"frame": 0,
					"elements": {
						"ArmorHelmet": { "offsetX": 0.6, "offsetY": 0.0, "offsetZ": 0.0 }
					}
				}
			]
		},

		{
			"name": "TwoHandPlaceBlock",
			"code": "twohandplaceblock",
			"quantityframes": 30,
			"onActivityStopped": "Rewind",
			"onAnimationEnd": "Repeat",
			"keyframes": [
				{
					"frame": 3,
					"elements": {
						"ArmorHelmet": { "offsetX": -0.7, "offsetY": 0.0, "offsetZ": 0.0 }
					}
				}
			]
		},

		{
			"name": "Drop",
			"code": "drop",
			"quantityframes": 30,
			"onActivityStopped": "Rewind",
			"onAnimationEnd": "Repeat",
			"keyframes": [
				{
					"frame": 9,
					"elements": {
						"ArmorHelmet": { "offsetX": -0.5, "offsetY": 0.0, "offsetZ": 0.0 }
					}
				}
			]
		},

		{
			"name": "HammerAndChisel",
			"code": "hammerandchisel",
			"quantityframes": 20,
			"onActivityStopped": "Rewind",
			"onAnimationEnd": "Repeat",
			"keyframes": [
				{
					"frame": 19,
					"elements": {
						"ArmorHelmet": { "offsetX": -0.6, "offsetY": 0.0, "offsetZ": 0.0 }
					}
				}
			]
		},

		{
			"name": "SneakWalk",
			"code": "sneakwalk",
			"quantityframes": 40,
			"onActivityStopped": "Rewind",
			"onAnimationEnd": "Repeat",
			"keyframes": [
				{
					"frame": 0,
					"elements": {
						"ArmorHelmet": { "offsetX": 0.4, "offsetY": 0.2, "offsetZ": 0.0, "rotationX": 0.0, "rotationY": 0.0, "rotationZ": -7.0 }
					}
				}
			]
		},

		{
			"name": "SneakIdle",
			"code": "sneakidle",
			"quantityframes": 35,
			"onActivityStopped": "Rewind",
			"onAnimationEnd": "Repeat",
			"keyframes": [
				{
					"frame": 0,
					"elements": {
						"ArmorHelmet": { "offsetX": -0.2, "offsetY": 0.3, "offsetZ": 0.0, "rotationX": 0.0, "rotationY": 0.0, "rotationZ": -9.0 }
					}
				}
			]
		},

	]
}