{
	"editor": {
		"backDropShape": "C:/Users/Cal/Desktop/boobold",
		"collapsedPaths": "Root/LineUpSideL,Root/LineDownBackL,Root/LineUpSideR,Root/LineDownBackR,Root/ArmorLowerLegL/LineDownBackL",
		"allAngles": true,
		"entityTextureMode": true
	},
	"textureWidth": 64,
	"textureHeight": 64,
	"textureSizes": {
	},
	"textures": {
		"gothiclegs": "armor/entity/gothic_steel",
		"line": "block/lines/linered"
	},
	"elements": [
		{
			"name": "ArmorUpperLegR",
			"stepParentName": "UpperFootR",
			"from": [ -0.39, -0.5, -0.1 ],
			"to": [ 4.21, 9.5, 3.7 ],
			"autoUnwrap": false,
			"uv": [ 17.5, 40.5 ],
			"rotationOrigin": [ -0.4, -0.5, -0.1 ],
			"faces": {
				"north": { "texture": "#gothiclegs", "uv": [ 16.0, 40.0, 20.5, 50.0 ] },
				"east": { "texture": "#gothiclegs", "uv": [ 20.5, 40.0, 24.0, 50.0 ] },
				"south": { "texture": "#gothiclegs", "uv": [ 24.0, 40.0, 28.5, 50.0 ] },
				"west": { "texture": "#gothiclegs", "uv": [ 28.5, 40.0, 32.0, 50.0 ] },
				"up": { "texture": "#gothiclegs", "uv": [ 32.0, 4.0, 36.5, 7.5 ] },
				"down": { "texture": "#gothiclegs", "uv": [ 36.5, 4.0, 41.0, 7.5 ] }
			}
		},
		{
			"name": "ArmorUpperLegL",
			"stepParentName": "UpperFootL",
			"from": [ -0.39, -0.5, -0.5 ],
			"to": [ 4.21, 9.5, 3.3 ],
			"autoUnwrap": false,
			"uv": [ 0.0, 40.0 ],
			"rotationOrigin": [ -0.4, -0.5, -0.5 ],
			"faces": {
				"north": { "texture": "#gothiclegs", "uv": [ 0.0, 40.0, 4.5, 50.0 ] },
				"east": { "texture": "#gothiclegs", "uv": [ 4.5, 40.0, 8.0, 50.0 ] },
				"south": { "texture": "#gothiclegs", "uv": [ 8.0, 40.0, 12.5, 50.0 ] },
				"west": { "texture": "#gothiclegs", "uv": [ 12.5, 40.0, 16.0, 50.0 ] },
				"up": { "texture": "#gothiclegs", "uv": [ 32.0, 0.5, 36.5, 4.0 ] },
				"down": { "texture": "#gothiclegs", "uv": [ 36.5, 0.5, 41.0, 4.0 ] }
			}
		},
		{
			"name": "ArmorLowerLegR",
			"stepParentName": "LowerFootR",
			"from": [ -0.25, -0.2, -0.25 ],
			"to": [ 4.25, 6.3, 3.25 ],
			"uv": [ 16.0, 51.0 ],
			"rotationOrigin": [ -0.25, -0.2, -0.25 ],
			"faces": {
				"north": { "texture": "#gothiclegs", "uv": [ 16.0, 54.5, 20.5, 61.0 ] },
				"east": { "texture": "#gothiclegs", "uv": [ 20.5, 54.5, 24.0, 61.0 ] },
				"south": { "texture": "#gothiclegs", "uv": [ 24.0, 54.5, 28.5, 61.0 ] },
				"west": { "texture": "#gothiclegs", "uv": [ 28.5, 54.5, 32.0, 61.0 ] },
				"up": { "texture": "#gothiclegs", "uv": [ 16.0, 51.0, 20.5, 54.5 ] },
				"down": { "texture": "#gothiclegs", "uv": [ 20.5, 51.0, 25.0, 54.5 ] }
			},
			"children": [
				{
					"name": "ArmorKneeR",
					"from": [ -1.1, 4.5, -0.3 ],
					"to": [ 0.9, 7.8, 4.0 ],
					"unwrapMode": 4,
					"uv": [ 32.0, 57.0 ],
					"rotationOrigin": [ -1.1, 4.5, -0.3 ],
					"faces": {
						"north": { "texture": "#gothiclegs", "uv": [ 32.0, 59.0, 34.0, 62.0 ] },
						"east": { "texture": "#gothiclegs", "uv": [ 40.0, 59.0, 44.0, 62.0 ] },
						"south": { "texture": "#gothiclegs", "uv": [ 38.0, 59.0, 40.0, 62.0 ] },
						"west": { "texture": "#gothiclegs", "uv": [ 34.0, 59.0, 38.0, 62.0 ] },
						"up": { "texture": "#gothiclegs", "uv": [ 34.0, 57.0, 38.0, 59.0 ], "rotation": 90 },
						"down": { "texture": "#gothiclegs", "uv": [ 34.0, 62.0, 38.0, 64.0 ], "rotation": 90 }
					},
					"children": [
						{
							"name": "ArmorKneeFrontR",
							"from": [ 0.0, 0.0, 0.5 ],
							"to": [ 2.0, 2.0, 3.5 ],
							"unwrapMode": 4,
							"uv": [ 44.0, 57.5 ],
							"rotationOrigin": [ 0.0, 0.0, 0.5 ],
							"rotationZ": 45.0,
							"faces": {
								"north": { "texture": "#gothiclegs", "uv": [ 44.0, 59.5, 46.0, 61.5 ] },
								"east": { "texture": "#gothiclegs", "uv": [ 51.0, 59.5, 54.0, 61.5 ] },
								"south": { "texture": "#gothiclegs", "uv": [ 49.0, 59.5, 51.0, 61.5 ] },
								"west": { "texture": "#gothiclegs", "uv": [ 46.0, 59.5, 49.0, 61.5 ] },
								"up": { "texture": "#gothiclegs", "uv": [ 46.0, 57.5, 49.0, 59.5 ], "rotation": 90 },
								"down": { "texture": "#gothiclegs", "uv": [ 46.0, 61.5, 49.0, 63.5 ], "rotation": 90 }
							}
						}
					]
				}
			]
		},
		{
			"name": "ArmorLowerLegL",
			"stepParentName": "LowerFootL",
			"from": [ -0.3, -0.05, -0.1 ],
			"to": [ 4.2, 6.45, 3.4 ],
			"uv": [ 0.0, 51.0 ],
			"rotationOrigin": [ 5.7212, -0.386, 8.2278 ],
			"rotationX": -0.9971,
			"rotationY": -0.2268,
			"rotationZ": 0.0026,
			"faces": {
				"north": { "texture": "#gothiclegs", "uv": [ 0.0, 54.5, 4.5, 61.0 ] },
				"east": { "texture": "#gothiclegs", "uv": [ 4.5, 54.5, 8.0, 61.0 ] },
				"south": { "texture": "#gothiclegs", "uv": [ 8.0, 54.5, 12.5, 61.0 ] },
				"west": { "texture": "#gothiclegs", "uv": [ 12.5, 54.5, 16.0, 61.0 ] },
				"up": { "texture": "#gothiclegs", "uv": [ 0.0, 51.0, 4.5, 54.5 ] },
				"down": { "texture": "#gothiclegs", "uv": [ 4.5, 51.0, 9.0, 54.5 ] }
			},
			"children": [
				{
					"name": "ArmorKneeL",
					"from": [ -1.1, 4.5, -0.4 ],
					"to": [ 0.9, 7.8, 3.9 ],
					"unwrapMode": 4,
					"uv": [ 32.0, 57.0 ],
					"rotationOrigin": [ -1.1, 4.5, -0.4 ],
					"faces": {
						"north": { "texture": "#gothiclegs", "uv": [ 32.0, 59.0, 34.0, 62.0 ] },
						"east": { "texture": "#gothiclegs", "uv": [ 40.0, 59.0, 44.0, 62.0 ] },
						"south": { "texture": "#gothiclegs", "uv": [ 38.0, 59.0, 40.0, 62.0 ] },
						"west": { "texture": "#gothiclegs", "uv": [ 34.0, 59.0, 38.0, 62.0 ] },
						"up": { "texture": "#gothiclegs", "uv": [ 34.0, 57.0, 38.0, 59.0 ], "rotation": 90 },
						"down": { "texture": "#gothiclegs", "uv": [ 34.0, 62.0, 38.0, 64.0 ], "rotation": 90 }
					},
					"children": [
						{
							"name": "ArmorKneeFrontL",
							"from": [ 0.0, 0.0, 0.5 ],
							"to": [ 2.0, 2.0, 3.5 ],
							"unwrapMode": 4,
							"uv": [ 44.5, 57.5 ],
							"rotationOrigin": [ 0.0, 0.0, 0.5 ],
							"rotationZ": 45.0,
							"faces": {
								"north": { "texture": "#gothiclegs", "uv": [ 44.5, 59.5, 46.5, 61.5 ] },
								"east": { "texture": "#gothiclegs", "uv": [ 51.5, 59.5, 54.5, 61.5 ] },
								"south": { "texture": "#gothiclegs", "uv": [ 49.5, 59.5, 51.5, 61.5 ] },
								"west": { "texture": "#gothiclegs", "uv": [ 46.5, 59.5, 49.5, 61.5 ] },
								"up": { "texture": "#gothiclegs", "uv": [ 46.5, 57.5, 49.5, 59.5 ], "rotation": 90 },
								"down": { "texture": "#gothiclegs", "uv": [ 46.5, 61.5, 49.5, 63.5 ], "rotation": 90 }
							}
						}
					]
				}
			]
		},
		{
			"name": "LineUpSideL",
			"stepParentName": "ArmorUpperLegL",
			"from": [ 0.4, -1.0, 4.1 ],
			"to": [ 5.4, 8.0, 4.4 ],
			"autoUnwrap": false,
			"uv": [ 17.0, 16.0 ],
			"rotationOrigin": [ 0.4, -1.0, 4.1 ],
			"rotationX": -2.0,
			"rotationZ": 2.0,
			"faces": {
				"north": { "texture": "#line", "uv": [ 9.0, 7.0, 14.0, 16.0 ] },
				"east": { "texture": "#line", "uv": [ 0.0, 6.5, 0.5, 15.5 ] },
				"south": { "texture": "#line", "uv": [ 9.0, 7.0, 14.0, 16.0 ] },
				"west": { "texture": "#line", "uv": [ 0.0, 6.5, 0.5, 15.5 ] },
				"up": { "texture": "#line", "uv": [ 0.0, 22.5, 5.0, 23.0 ] },
				"down": { "texture": "#line", "uv": [ 0.0, 23.0, 5.0, 23.5 ] }
			},
			"children": [
				{
					"name": "LineUpBackL",
					"from": [ 5.0, 0.0, -3.6 ],
					"to": [ 5.2, 9.0, 0.3 ],
					"autoUnwrap": false,
					"uv": [ 26.0, 27.0 ],
					"rotationOrigin": [ 5.0, 0.0, -3.6 ],
					"faces": {
						"north": { "texture": "#line", "uv": [ 0.0, 6.5, 0.5, 15.5 ] },
						"east": { "texture": "#line", "uv": [ 4.0, 7.0, 7.5, 16.0 ] },
						"south": { "texture": "#line", "uv": [ 0.5, 6.5, 1.0, 15.5 ] },
						"west": { "texture": "#line", "uv": [ 8.5, 7.0, 12.0, 16.0 ] },
						"up": { "texture": "#line", "uv": [ 14.0, 20.5, 14.5, 24.0 ] },
						"down": { "texture": "#line", "uv": [ 14.5, 20.5, 15.0, 24.0 ] }
					}
				},
				{
					"name": "LineUpFront1L",
					"from": [ -1.1, 3.55, 0.3 ],
					"to": [ -0.1, 8.95, 0.6 ],
					"uv": [ 3.0, 0.0 ],
					"rotationOrigin": [ -0.1, 3.5, 0.4 ],
					"rotationX": -6.0,
					"rotationY": -51.0,
					"rotationZ": -4.0,
					"faces": {
						"north": { "texture": "#line", "uv": [ 3.0, 0.5, 4.0, 5.5 ] },
						"east": { "texture": "#line", "uv": [ 4.0, 0.5, 4.5, 5.5 ] },
						"south": { "texture": "#line", "uv": [ 4.5, 0.5, 5.5, 5.5 ] },
						"west": { "texture": "#line", "uv": [ 5.5, 0.5, 6.0, 5.5 ] },
						"up": { "texture": "#line", "uv": [ 3.0, 0.0, 4.0, 0.5 ] },
						"down": { "texture": "#line", "uv": [ 4.0, 0.0, 5.0, 0.5 ] }
					}
				},
				{
					"name": "LineUpFront2L",
					"from": [ -0.6, 4.1, -2.5 ],
					"to": [ -0.3, 8.8, -0.4 ],
					"uv": [ 0.0, 16.0 ],
					"rotationOrigin": [ 5.0, 4.1, -2.5 ],
					"rotationX": -2.0,
					"faces": {
						"north": { "texture": "#line", "uv": [ 0.0, 18.0, 0.5, 22.5 ] },
						"east": { "texture": "#line", "uv": [ 0.5, 18.0, 2.5, 22.5 ] },
						"south": { "texture": "#line", "uv": [ 2.5, 18.0, 3.0, 22.5 ] },
						"west": { "texture": "#line", "uv": [ 3.0, 18.0, 5.0, 22.5 ] },
						"up": { "texture": "#line", "uv": [ 0.0, 16.0, 0.5, 18.0 ] },
						"down": { "texture": "#line", "uv": [ 0.5, 16.0, 1.0, 18.0 ] }
					}
				},
				{
					"name": "LineUpFront3L",
					"from": [ -0.7, 6.1, -3.2 ],
					"to": [ -0.4, 9.1, -2.1 ],
					"uv": [ 4.0, 2.5 ],
					"rotationOrigin": [ 4.9, 6.1, -3.2 ],
					"faces": {
						"north": { "texture": "#line", "uv": [ 4.0, 3.5, 4.5, 6.5 ] },
						"east": { "texture": "#line", "uv": [ 4.5, 3.5, 5.5, 6.5 ] },
						"south": { "texture": "#line", "uv": [ 5.5, 3.5, 6.0, 6.5 ] },
						"west": { "texture": "#line", "uv": [ 6.0, 3.5, 7.0, 6.5 ] },
						"up": { "texture": "#line", "uv": [ 4.0, 2.5, 4.5, 3.5 ] },
						"down": { "texture": "#line", "uv": [ 4.5, 2.5, 5.0, 3.5 ] }
					}
				},
				{
					"name": "LineUpFront4L",
					"from": [ -0.71, 4.3, -2.55 ],
					"to": [ -0.39, 6.3, -1.35 ],
					"uv": [ 10.5, 3.5 ],
					"rotationOrigin": [ -0.71, 4.3, -2.55 ],
					"rotationX": -20.0,
					"faces": {
						"north": { "texture": "#line", "uv": [ 10.5, 4.5, 11.0, 6.5 ] },
						"east": { "texture": "#line", "uv": [ 11.0, 4.5, 12.0, 6.5 ] },
						"south": { "texture": "#line", "uv": [ 12.0, 4.5, 12.5, 6.5 ] },
						"west": { "texture": "#line", "uv": [ 12.5, 4.5, 13.5, 6.5 ] },
						"up": { "texture": "#line", "uv": [ 10.5, 3.5, 11.0, 4.5 ] },
						"down": { "texture": "#line", "uv": [ 11.0, 3.5, 11.5, 4.5 ] }
					}
				},
				{
					"name": "LineUpFront5L",
					"from": [ -0.7, 3.3, -0.35 ],
					"to": [ -0.4, 5.5, 0.55 ],
					"uv": [ 8.5, 4.0 ],
					"rotationOrigin": [ -0.7, 3.3, -0.35 ],
					"rotationX": -69.0,
					"faces": {
						"north": { "texture": "#line", "uv": [ 8.5, 4.5, 9.0, 6.5 ] },
						"east": { "texture": "#line", "uv": [ 9.0, 4.5, 9.5, 6.5 ] },
						"south": { "texture": "#line", "uv": [ 9.5, 4.5, 10.0, 6.5 ] },
						"west": { "texture": "#line", "uv": [ 10.0, 4.5, 10.5, 6.5 ] },
						"up": { "texture": "#line", "uv": [ 8.5, 4.0, 9.0, 4.5 ] },
						"down": { "texture": "#line", "uv": [ 9.0, 4.0, 9.5, 4.5 ] }
					}
				},
				{
					"name": "LineUpSideL2",
					"from": [ -0.2, -0.1, -0.05 ],
					"to": [ 0.6, 3.9, 0.35 ],
					"uv": [ 9.5, 0.5 ],
					"rotationOrigin": [ 0.0, 0.0, 0.0 ],
					"rotationZ": 9.0,
					"faces": {
						"north": { "texture": "#line", "uv": [ 9.5, 1.0, 10.0, 5.0 ] },
						"east": { "texture": "#line", "uv": [ 10.0, 1.0, 10.5, 5.0 ] },
						"south": { "texture": "#line", "uv": [ 10.5, 1.0, 11.0, 5.0 ] },
						"west": { "texture": "#line", "uv": [ 11.0, 1.0, 11.5, 5.0 ] },
						"up": { "texture": "#line", "uv": [ 9.5, 0.5, 10.0, 1.0 ] },
						"down": { "texture": "#line", "uv": [ 10.0, 0.5, 10.5, 1.0 ] }
					}
				}
			]
		},
		{
			"name": "LineUpSideR",
			"stepParentName": "ArmorUpperLegR",
			"from": [ 0.4, -1.0, -0.6 ],
			"to": [ 5.4, 8.0, -0.3 ],
			"autoUnwrap": false,
			"uv": [ 20.5, 22.0 ],
			"rotationOrigin": [ 0.3991, -1.0, -0.6 ],
			"rotationX": 2.0,
			"rotationZ": 2.0,
			"faces": {
				"north": { "texture": "#line", "uv": [ 2.0, 7.0, 7.0, 16.0 ] },
				"east": { "texture": "#line", "uv": [ 15.5, 6.5, 16.0, 15.5 ] },
				"south": { "texture": "#line", "uv": [ 2.5, 7.0, 7.5, 16.0 ] },
				"west": { "texture": "#line", "uv": [ 15.0, 6.5, 15.5, 15.5 ] },
				"up": { "texture": "#line", "uv": [ 4.5, 22.5, 9.5, 23.0 ] },
				"down": { "texture": "#line", "uv": [ 4.5, 23.0, 9.5, 23.5 ] }
			},
			"children": [
				{
					"name": "LineUpBackR",
					"from": [ 5.0, 0.0, 0.0 ],
					"to": [ 5.2, 9.0, 3.9 ],
					"autoUnwrap": false,
					"uv": [ 28.0, 13.0 ],
					"rotationOrigin": [ 5.0, 0.0, 0.0 ],
					"faces": {
						"north": { "texture": "#line", "uv": [ 15.0, 6.5, 15.5, 15.5 ] },
						"east": { "texture": "#line", "uv": [ 8.5, 7.0, 12.0, 16.0 ] },
						"south": { "texture": "#line", "uv": [ 15.5, 6.5, 16.0, 15.5 ] },
						"west": { "texture": "#line", "uv": [ 4.0, 7.0, 7.5, 16.0 ] },
						"up": { "texture": "#line", "uv": [ 14.0, 17.0, 14.5, 20.5 ] },
						"down": { "texture": "#line", "uv": [ 14.5, 17.0, 15.0, 20.5 ] }
					}
				},
				{
					"name": "LineUpFront1R",
					"from": [ -0.9, 3.55, -0.3 ],
					"to": [ 0.1, 8.95, 0.0 ],
					"uv": [ 13.0, 0.0 ],
					"rotationOrigin": [ 0.0, 3.5, 0.0 ],
					"rotationX": 6.0,
					"rotationY": 51.0,
					"rotationZ": -4.0,
					"faces": {
						"north": { "texture": "#line", "uv": [ 13.0, 0.5, 14.0, 5.5 ] },
						"east": { "texture": "#line", "uv": [ 14.0, 0.5, 14.5, 5.5 ] },
						"south": { "texture": "#line", "uv": [ 14.5, 0.5, 15.5, 5.5 ] },
						"west": { "texture": "#line", "uv": [ 15.5, 0.5, 16.0, 5.5 ] },
						"up": { "texture": "#line", "uv": [ 13.0, 0.0, 14.0, 0.5 ] },
						"down": { "texture": "#line", "uv": [ 14.0, 0.0, 15.0, 0.5 ] }
					}
				},
				{
					"name": "LineUpFront2R",
					"from": [ -0.6, 4.3, 0.7 ],
					"to": [ -0.3, 9.0, 2.8 ],
					"uv": [ 4.5, 16.0 ],
					"rotationOrigin": [ -0.6, 4.3, 0.7 ],
					"rotationX": 2.0,
					"faces": {
						"north": { "texture": "#line", "uv": [ 4.5, 18.0, 5.0, 22.5 ] },
						"east": { "texture": "#line", "uv": [ 5.0, 18.0, 7.0, 22.5 ] },
						"south": { "texture": "#line", "uv": [ 7.0, 18.0, 7.5, 22.5 ] },
						"west": { "texture": "#line", "uv": [ 7.5, 18.0, 9.5, 22.5 ] },
						"up": { "texture": "#line", "uv": [ 4.5, 16.0, 5.0, 18.0 ] },
						"down": { "texture": "#line", "uv": [ 5.0, 16.0, 5.5, 18.0 ] }
					}
				},
				{
					"name": "LineUpFront3R",
					"from": [ -0.7, 6.1, 2.5 ],
					"to": [ -0.4, 9.1, 3.6 ],
					"uv": [ 11.5, 1.5 ],
					"rotationOrigin": [ -0.7, 6.1, 2.5 ],
					"faces": {
						"north": { "texture": "#line", "uv": [ 11.5, 2.5, 12.0, 5.5 ] },
						"east": { "texture": "#line", "uv": [ 12.0, 2.5, 13.0, 5.5 ] },
						"south": { "texture": "#line", "uv": [ 13.0, 2.5, 13.5, 5.5 ] },
						"west": { "texture": "#line", "uv": [ 13.5, 2.5, 14.5, 5.5 ] },
						"up": { "texture": "#line", "uv": [ 11.5, 1.5, 12.0, 2.5 ] },
						"down": { "texture": "#line", "uv": [ 12.0, 1.5, 12.5, 2.5 ] }
					}
				},
				{
					"name": "LineUpSideR2",
					"from": [ -0.2, -0.1, -0.05 ],
					"to": [ 0.6, 3.9, 0.35 ],
					"uv": [ 7.0, 0.5 ],
					"rotationOrigin": [ -0.2, -0.1, -0.05 ],
					"rotationZ": 9.0,
					"faces": {
						"north": { "texture": "#line", "uv": [ 7.0, 1.0, 7.5, 5.0 ] },
						"east": { "texture": "#line", "uv": [ 7.5, 1.0, 8.0, 5.0 ] },
						"south": { "texture": "#line", "uv": [ 8.0, 1.0, 8.5, 5.0 ] },
						"west": { "texture": "#line", "uv": [ 8.5, 1.0, 9.0, 5.0 ] },
						"up": { "texture": "#line", "uv": [ 7.0, 0.5, 7.5, 1.0 ] },
						"down": { "texture": "#line", "uv": [ 7.5, 0.5, 8.0, 1.0 ] }
					}
				},
				{
					"name": "LineUpFront4R",
					"from": [ -0.71, 4.7, 1.8 ],
					"to": [ -0.39, 6.7, 3.0 ],
					"uv": [ 1.5, 3.5 ],
					"rotationOrigin": [ -0.71, 4.7, 1.85 ],
					"rotationX": 20.0,
					"faces": {
						"north": { "texture": "#line", "uv": [ 1.5, 4.5, 2.0, 6.5 ] },
						"east": { "texture": "#line", "uv": [ 2.0, 4.5, 3.0, 6.5 ] },
						"south": { "texture": "#line", "uv": [ 3.0, 4.5, 3.5, 6.5 ] },
						"west": { "texture": "#line", "uv": [ 3.5, 4.5, 4.5, 6.5 ] },
						"up": { "texture": "#line", "uv": [ 1.5, 3.5, 2.0, 4.5 ] },
						"down": { "texture": "#line", "uv": [ 2.0, 3.5, 2.5, 4.5 ] }
					}
				},
				{
					"name": "LineUpFront5R",
					"from": [ -0.7, 4.1, 0.25 ],
					"to": [ -0.4, 6.5, 1.15 ],
					"uv": [ 14.0, 4.0 ],
					"rotationOrigin": [ -0.7, 4.1, 0.25 ],
					"rotationX": 69.0,
					"faces": {
						"north": { "texture": "#line", "uv": [ 14.0, 4.5, 14.5, 6.5 ] },
						"east": { "texture": "#line", "uv": [ 14.5, 4.5, 15.0, 6.5 ] },
						"south": { "texture": "#line", "uv": [ 15.0, 4.5, 15.5, 6.5 ] },
						"west": { "texture": "#line", "uv": [ 15.5, 4.5, 16.0, 6.5 ] },
						"up": { "texture": "#line", "uv": [ 14.0, 4.0, 14.5, 4.5 ] },
						"down": { "texture": "#line", "uv": [ 14.5, 4.0, 15.0, 4.5 ] }
					}
				}
			]
		},
		{
			"name": "LineDownBackR",
			"stepParentName": "LowerFootR",
			"from": [ 4.86, 2.6994, -0.9 ],
			"to": [ 5.16, 7.6994, 3.0 ],
			"autoUnwrap": false,
			"uv": [ 18.0, 17.0 ],
			"rotationOrigin": [ 4.8053, 2.6994, -0.8964 ],
			"rotationX": 0.9971,
			"rotationY": 0.2268,
			"rotationZ": 0.0026,
			"faces": {
				"north": { "texture": "#line", "uv": [ 8.5, 10.0, 9.0, 15.0 ] },
				"east": { "texture": "#line", "uv": [ 9.5, 10.5, 13.0, 15.5 ] },
				"south": { "texture": "#line", "uv": [ 8.5, 10.0, 9.0, 15.0 ] },
				"west": { "texture": "#line", "uv": [ 9.5, 10.5, 13.0, 15.5 ] },
				"up": { "texture": "#line", "uv": [ 11.0, 17.0, 11.5, 20.5 ] },
				"down": { "texture": "#line", "uv": [ 11.5, 17.0, 12.0, 20.5 ] }
			},
			"children": [
				{
					"name": "LineDownSideR",
					"from": [ -4.0, 0.9, 0.0 ],
					"to": [ 0.0, 5.0, 0.3 ],
					"autoUnwrap": false,
					"uv": [ 17.0, 15.0 ],
					"rotationOrigin": [ 0.0, 0.9, 0.0 ],
					"faces": {
						"north": { "texture": "#line", "uv": [ 10.5, 10.5, 14.5, 14.5 ] },
						"east": { "texture": "#line", "uv": [ 12.0, 17.0, 12.5, 21.0 ] },
						"south": { "texture": "#line", "uv": [ 10.5, 10.5, 14.5, 14.5 ] },
						"west": { "texture": "#line", "uv": [ 12.5, 17.0, 13.0, 21.0 ] },
						"up": { "texture": "#line", "uv": [ 9.5, 23.0, 13.5, 23.5 ] },
						"down": { "texture": "#line", "uv": [ 9.5, 22.5, 13.5, 23.0 ] }
					}
				},
				{
					"name": "LineDownSideR2",
					"from": [ -4.0, -0.2, -0.1 ],
					"to": [ 0.0, 0.9, 0.3 ],
					"unwrapMode": 6,
					"unwrapRotation": 1,
					"uv": [ 12.5, 0.5 ],
					"rotationOrigin": [ 0.0, -0.2, -0.1 ],
					"rotationZ": -10.0,
					"faces": {
						"north": { "texture": "#line", "uv": [ 12.5, 1.5, 13.5, 5.5 ], "rotation": 90 },
						"east": { "texture": "#line", "uv": [ 13.5, 5.5, 14.0, 6.5 ], "rotation": 180 },
						"south": { "texture": "#line", "uv": [ 14.0, 1.5, 15.0, 5.5 ], "rotation": 270 },
						"west": { "texture": "#line", "uv": [ 13.5, 0.5, 14.0, 1.5 ] },
						"up": { "texture": "#line", "uv": [ 15.0, 1.5, 15.5, 5.5 ], "rotation": 270 },
						"down": { "texture": "#line", "uv": [ 13.5, 1.5, 14.0, 5.5 ], "rotation": 90 }
					}
				},
				{
					"name": "LineDownSideR3",
					"from": [ -4.1, 0.4, -0.11 ],
					"to": [ -2.8, 5.6, 0.31 ],
					"uv": [ 11.0, 0.0 ],
					"rotationOrigin": [ -4.1, 0.4, -0.1 ],
					"rotationZ": 15.0,
					"faces": {
						"north": { "texture": "#line", "uv": [ 11.0, 0.5, 12.0, 5.5 ] },
						"east": { "texture": "#line", "uv": [ 12.0, 0.5, 12.5, 5.5 ] },
						"south": { "texture": "#line", "uv": [ 12.5, 0.5, 13.5, 5.5 ] },
						"west": { "texture": "#line", "uv": [ 13.5, 0.5, 14.0, 5.5 ] },
						"up": { "texture": "#line", "uv": [ 11.0, 0.0, 12.0, 0.5 ] },
						"down": { "texture": "#line", "uv": [ 12.0, 0.0, 13.0, 0.5 ] }
					}
				},
				{
					"name": "LineDownBackR2",
					"from": [ 0.0, -1.0, 1.9 ],
					"to": [ 0.3, 0.0, 3.9 ],
					"unwrapMode": 6,
					"uv": [ 11.5, 1.0 ],
					"rotationOrigin": [ -0.05, -1.0, 1.9 ],
					"faces": {
						"north": { "texture": "#line", "uv": [ 12.5, 1.0, 13.0, 2.0 ] },
						"east": { "texture": "#line", "uv": [ 11.5, 2.0, 12.5, 4.0 ], "rotation": 90 },
						"south": { "texture": "#line", "uv": [ 12.5, 4.0, 13.0, 5.0 ], "rotation": 180 },
						"west": { "texture": "#line", "uv": [ 13.0, 2.0, 14.0, 4.0 ], "rotation": 270 },
						"up": { "texture": "#line", "uv": [ 14.0, 2.0, 14.5, 4.0 ] },
						"down": { "texture": "#line", "uv": [ 12.5, 2.0, 13.0, 4.0 ] }
					}
				},
				{
					"name": "LineDownBackR3",
					"from": [ 0.1, -0.2, -0.3 ],
					"to": [ 0.4, 0.8, 2.0 ],
					"unwrapMode": 6,
					"uv": [ 11.5, 1.0 ],
					"rotationOrigin": [ 0.05, -0.2, -0.3 ],
					"rotationX": 19.0,
					"faces": {
						"north": { "texture": "#line", "uv": [ 12.5, 1.0, 13.0, 2.0 ] },
						"east": { "texture": "#line", "uv": [ 11.5, 2.0, 12.5, 4.0 ], "rotation": 90 },
						"south": { "texture": "#line", "uv": [ 12.5, 4.0, 13.0, 5.0 ], "rotation": 180 },
						"west": { "texture": "#line", "uv": [ 13.0, 2.0, 14.0, 4.0 ], "rotation": 270 },
						"up": { "texture": "#line", "uv": [ 14.0, 2.0, 14.5, 4.0 ] },
						"down": { "texture": "#line", "uv": [ 12.5, 2.0, 13.0, 4.0 ] }
					}
				}
			]
		},
		{
			"name": "LineDownBackL",
			"stepParentName": "LowerFootL",
			"from": [ 4.91, 2.7846, -0.15 ],
			"to": [ 5.21, 7.7846, 3.75 ],
			"autoUnwrap": false,
			"uv": [ 19.5, 20.5 ],
			"rotationOrigin": [ 4.905, 2.7846, 3.8451 ],
			"rotationX": -0.9971,
			"rotationY": -0.2268,
			"rotationZ": 0.0026,
			"faces": {
				"north": { "texture": "#line", "uv": [ 7.0, 10.0, 7.5, 15.0 ] },
				"east": { "texture": "#line", "uv": [ 3.0, 10.5, 6.5, 15.5 ] },
				"south": { "texture": "#line", "uv": [ 7.0, 10.0, 7.5, 15.0 ] },
				"west": { "texture": "#line", "uv": [ 3.0, 10.5, 6.5, 15.5 ] },
				"up": { "texture": "#line", "uv": [ 10.5, 17.0, 11.0, 20.5 ] },
				"down": { "texture": "#line", "uv": [ 10.0, 17.0, 10.5, 20.5 ] }
			},
			"children": [
				{
					"name": "LineDownSideL",
					"from": [ -4.0, 0.9, 3.6 ],
					"to": [ 0.0, 5.0, 3.9 ],
					"autoUnwrap": false,
					"uv": [ 27.5, 15.5 ],
					"rotationOrigin": [ 0.0, 0.0, 3.6 ],
					"faces": {
						"north": { "texture": "#line", "uv": [ 1.5, 10.5, 5.5, 14.5 ] },
						"east": { "texture": "#line", "uv": [ 13.0, 17.0, 13.5, 21.0 ] },
						"south": { "texture": "#line", "uv": [ 1.5, 10.5, 5.5, 14.5 ] },
						"west": { "texture": "#line", "uv": [ 13.5, 17.0, 14.0, 21.0 ] },
						"up": { "texture": "#line", "uv": [ 9.5, 23.5, 13.5, 24.0 ] },
						"down": { "texture": "#line", "uv": [ 9.5, 24.0, 13.5, 24.5 ] }
					}
				},
				{
					"name": "LineDownSideL2",
					"from": [ -4.0, -0.2, 3.6 ],
					"to": [ 0.0, 0.9, 4.0 ],
					"unwrapMode": 6,
					"unwrapRotation": 1,
					"uv": [ 1.5, 0.0 ],
					"rotationOrigin": [ 0.0, -0.2, 3.6 ],
					"rotationZ": -10.0,
					"faces": {
						"north": { "texture": "#line", "uv": [ 1.5, 1.0, 2.5, 5.0 ], "rotation": 90 },
						"east": { "texture": "#line", "uv": [ 2.5, 5.0, 3.0, 6.0 ], "rotation": 180 },
						"south": { "texture": "#line", "uv": [ 3.0, 1.0, 4.0, 5.0 ], "rotation": 270 },
						"west": { "texture": "#line", "uv": [ 2.5, 0.0, 3.0, 1.0 ] },
						"up": { "texture": "#line", "uv": [ 4.0, 1.0, 4.5, 5.0 ], "rotation": 270 },
						"down": { "texture": "#line", "uv": [ 2.5, 1.0, 3.0, 5.0 ], "rotation": 90 }
					}
				},
				{
					"name": "LineDownSideL3",
					"from": [ -4.2, 0.5, 3.6 ],
					"to": [ -2.9, 5.7, 4.02 ],
					"uv": [ 0.0, 0.0 ],
					"rotationOrigin": [ -4.2, 0.5, 3.6 ],
					"rotationZ": 15.0,
					"faces": {
						"north": { "texture": "#line", "uv": [ 0.0, 0.5, 1.0, 5.5 ] },
						"east": { "texture": "#line", "uv": [ 1.0, 0.5, 1.5, 5.5 ] },
						"south": { "texture": "#line", "uv": [ 1.5, 0.5, 2.5, 5.5 ] },
						"west": { "texture": "#line", "uv": [ 2.5, 0.5, 3.0, 5.5 ] },
						"up": { "texture": "#line", "uv": [ 0.0, 0.0, 1.0, 0.5 ] },
						"down": { "texture": "#line", "uv": [ 1.0, 0.0, 2.0, 0.5 ] }
					}
				},
				{
					"name": "LineDownBackL2",
					"from": [ 0.0, -1.0, 0.0 ],
					"to": [ 0.3, 0.0, 2.0 ],
					"unwrapMode": 4,
					"unwrapRotation": 1,
					"uv": [ 13.0, 3.0 ],
					"rotationOrigin": [ 0.0, -1.0, 0.0 ],
					"faces": {
						"north": { "texture": "#line", "uv": [ 13.5, 5.5, 14.5, 6.0 ], "rotation": 90 },
						"east": { "texture": "#line", "uv": [ 15.0, 3.5, 16.0, 5.5 ], "rotation": 270 },
						"south": { "texture": "#line", "uv": [ 13.5, 3.0, 14.5, 3.5 ], "rotation": 90 },
						"west": { "texture": "#line", "uv": [ 13.5, 3.5, 14.5, 5.5 ], "rotation": 90 },
						"up": { "texture": "#line", "uv": [ 13.0, 3.5, 13.5, 5.5 ], "rotation": 180 },
						"down": { "texture": "#line", "uv": [ 14.5, 3.5, 15.0, 5.5 ], "rotation": 180 }
					}
				},
				{
					"name": "LineDownBackL3",
					"from": [ 0.1, -1.0, 2.0 ],
					"to": [ 0.4, 0.0, 4.3 ],
					"unwrapMode": 6,
					"uv": [ 4.0, 2.5 ],
					"rotationOrigin": [ 0.1, -1.0, 2.0 ],
					"rotationX": -19.0,
					"faces": {
						"north": { "texture": "#line", "uv": [ 5.0, 2.5, 5.5, 3.5 ] },
						"east": { "texture": "#line", "uv": [ 4.0, 3.5, 5.0, 5.5 ], "rotation": 90 },
						"south": { "texture": "#line", "uv": [ 5.0, 5.5, 5.5, 6.5 ], "rotation": 180 },
						"west": { "texture": "#line", "uv": [ 5.5, 3.5, 6.5, 5.5 ], "rotation": 270 },
						"up": { "texture": "#line", "uv": [ 6.5, 3.5, 7.0, 5.5 ] },
						"down": { "texture": "#line", "uv": [ 5.0, 3.5, 5.5, 5.5 ] }
					}
				}
			]
		},
		{
			"name": "ArmorLowerLegR2",
			"stepParentName": "PawR",
			"from": [ -0.25, -0.4, -0.45 ],
			"to": [ 3.25, 7.3, 3.25 ],
			"uv": [ 3.0, 53.0 ],
			"rotationOrigin": [ -0.25, -0.4, -0.45 ],
			"faces": {
				"north": { "texture": "#gothiclegs", "uv": [ 3.0, 56.5, 6.5, 64.0 ] },
				"east": { "texture": "#gothiclegs", "uv": [ 6.5, 56.5, 10.0, 64.0 ] },
				"south": { "texture": "#gothiclegs", "uv": [ 10.0, 56.5, 13.5, 64.0 ] },
				"west": { "texture": "#gothiclegs", "uv": [ 13.5, 56.5, 17.0, 64.0 ] },
				"up": { "texture": "#gothiclegs", "uv": [ 3.0, 53.0, 6.5, 56.5 ] },
				"down": { "texture": "#gothiclegs", "uv": [ 6.5, 53.0, 10.0, 56.5 ] }
			},
			"children": [
				{
					"name": "ArmorLowerBearLegL",
					"from": [ 0.02, 2.3, -0.25 ],
					"to": [ 4.02, 8.8, 3.75 ],
					"unwrapMode": 4,
					"autoUnwrap": false,
					"uv": [ 15.0, 51.5 ],
					"rotationOrigin": [ 2.218, 9.5, 1.4774 ],
					"rotationX": 0.9971,
					"rotationY": 0.2267,
					"rotationZ": -0.0065,
					"faces": {
						"north": { "texture": "#line", "uv": [ 15.0, 56.0, 19.4, 62.5 ], "autoUv": false },
						"east": { "texture": "#line", "uv": [ 26.0, 56.0, 29.0, 62.5 ], "autoUv": false },
						"south": { "texture": "#line", "uv": [ 22.0, 56.0, 26.5, 62.5 ], "autoUv": false },
						"west": { "texture": "#line", "uv": [ 20.0, 56.0, 24.0, 62.0 ] },
						"up": { "texture": "#line", "uv": [ 19.0, 51.5, 21.7, 56.5 ], "rotation": 90, "autoUv": false },
						"down": { "texture": "#line", "uv": [ 26.0, 51.5, 29.0, 56.1 ], "rotation": 90, "autoUv": false, "windMode": [-1,-1,-1,-1] }
					},
					"children": [
						{
							"name": "KneePlateL",
							"from": [ -0.3, 4.5, -0.1 ],
							"to": [ 0.3, 7.0, 4.1 ],
							"unwrapMode": 4,
							"autoUnwrap": false,
							"uv": [ 0.0, 38.6 ],
							"rotationOrigin": [ 0.2, 4.5, 1.7 ],
							"rotationY": 4.0,
							"rotationZ": 11.0,
							"faces": {
								"north": { "texture": "#line", "uv": [ 0.0, 39.5, 0.5, 42.0 ] },
								"east": { "texture": "#line", "uv": [ 5.0, 39.5, 9.0, 42.0 ] },
								"south": { "texture": "#line", "uv": [ 4.5, 39.5, 5.0, 42.0 ] },
								"west": { "texture": "#line", "uv": [ 0.6, 39.5, 3.9, 42.0 ], "autoUv": false },
								"up": { "texture": "#line", "uv": [ 0.5, 38.5, 4.5, 39.0 ], "rotation": 90 },
								"down": { "texture": "#line", "uv": [ 0.5, 42.0, 4.5, 42.5 ], "rotation": 90 }
							}
						},
						{
							"name": "LegLTrim1",
							"from": [ 3.5, 4.5, -0.1 ],
							"to": [ 4.0, 6.0, 4.1 ],
							"unwrapMode": 2,
							"uv": [ 0.0, 31.0 ],
							"rotationOrigin": [ 3.5, 4.5, 1.7 ],
							"rotationZ": -30.0,
							"faces": {
								"north": { "texture": "#line", "uv": [ 6.0, 34.0, 8.0, 36.0 ] },
								"east": { "texture": "#line", "uv": [ 2.0, 34.0, 6.0, 36.0 ] },
								"south": { "texture": "#line", "uv": [ 0.0, 34.0, 2.0, 36.0 ] },
								"west": { "texture": "#line", "uv": [ 8.0, 34.0, 12.0, 36.0 ] },
								"up": { "texture": "#line", "uv": [ 0.0, 32.0, 4.0, 34.0 ], "rotation": 270 },
								"down": { "texture": "#line", "uv": [ 2.0, 36.0, 6.0, 38.0 ], "rotation": 270 }
							}
						},
						{
							"name": "LegLTrim2",
							"from": [ -0.1, 4.5, 0.0 ],
							"to": [ 4.1, 6.0, 0.5 ],
							"unwrapMode": 1,
							"autoUnwrap": false,
							"uv": [ 21.5, 31.0 ],
							"rotationOrigin": [ 2.0, 4.5, 0.5 ],
							"rotationX": -17.0,
							"faces": {
								"north": { "texture": "#line", "uv": [ 22.0, 32.0, 26.0, 34.0 ] },
								"east": { "texture": "#line", "uv": [ 22.0, 32.0, 24.0, 34.0 ] },
								"south": { "texture": "#line", "uv": [ 14.0, 32.0, 18.0, 34.0 ] },
								"west": { "texture": "#line", "uv": [ 26.0, 32.0, 28.0, 34.0 ] },
								"up": { "texture": "#line", "uv": [ 20.0, 32.0, 24.0, 32.5 ], "rotation": 180 },
								"down": { "texture": "#line", "uv": [ 20.0, 34.0, 24.0, 36.0 ] }
							}
						},
						{
							"name": "LegLTrim3",
							"from": [ -0.1, 4.5, 3.5 ],
							"to": [ 4.1, 6.0, 4.0 ],
							"unwrapMode": 3,
							"uv": [ 14.5, 31.0 ],
							"rotationOrigin": [ 2.0, 4.5, 3.5 ],
							"rotationX": 28.0,
							"faces": {
								"north": { "texture": "#line", "uv": [ 24.0, 34.0, 28.0, 36.0 ] },
								"east": { "texture": "#line", "uv": [ 22.0, 34.0, 24.0, 36.0 ] },
								"south": { "texture": "#line", "uv": [ 18.0, 34.0, 22.0, 36.0 ] },
								"west": { "texture": "#line", "uv": [ 14.0, 34.0, 16.0, 36.0 ] },
								"up": { "texture": "#line", "uv": [ 16.0, 32.0, 20.0, 34.0 ] },
								"down": { "texture": "#line", "uv": [ 18.0, 36.0, 22.0, 38.0 ], "rotation": 180 }
							}
						},
						{
							"name": "LegLTrim4",
							"from": [ 0.0, -0.5, -0.1 ],
							"to": [ 0.5, 0.5, 4.1 ],
							"unwrapMode": 4,
							"uv": [ 9.5, 36.5 ],
							"rotationOrigin": [ 0.5, 0.5, 1.7 ],
							"rotationZ": -30.0,
							"faces": {
								"north": { "texture": "#line", "uv": [ 9.5, 37.0, 10.0, 38.0 ] },
								"east": { "texture": "#line", "uv": [ 14.5, 37.0, 18.5, 38.0 ] },
								"south": { "texture": "#line", "uv": [ 14.0, 37.0, 14.5, 38.0 ] },
								"west": { "texture": "#line", "uv": [ 10.0, 37.0, 14.0, 38.0 ] },
								"up": { "texture": "#line", "uv": [ 10.0, 36.5, 14.0, 37.0 ], "rotation": 90 },
								"down": { "texture": "#line", "uv": [ 10.0, 38.0, 14.0, 38.5 ], "rotation": 90 }
							}
						},
						{
							"name": "LegLTrim5",
							"from": [ -0.1, -0.5, 0.0 ],
							"to": [ 4.1, 0.5, 0.5 ],
							"unwrapMode": 1,
							"uv": [ 6.0, 36.5 ],
							"rotationOrigin": [ 2.0, 0.5, 0.5 ],
							"rotationX": 30.0,
							"faces": {
								"north": { "texture": "#line", "uv": [ 6.5, 37.0, 11.5, 38.0 ] },
								"east": { "texture": "#line", "uv": [ 6.0, 37.0, 6.5, 38.0 ] },
								"south": { "texture": "#line", "uv": [ 12.0, 37.0, 17.0, 38.0 ], "windMode": [-1,-1,-1,-1] },
								"west": { "texture": "#line", "uv": [ 11.5, 37.0, 12.0, 38.0 ] },
								"up": { "texture": "#line", "uv": [ 6.5, 36.5, 11.5, 37.0 ], "rotation": 180 },
								"down": { "texture": "#line", "uv": [ 6.5, 38.0, 11.5, 38.5 ] }
							}
						},
						{
							"name": "LegLTrim6",
							"from": [ -0.1, -0.5, 3.4 ],
							"to": [ 4.1, 0.5, 3.9 ],
							"unwrapMode": 3,
							"uv": [ 11.0, 36.5 ],
							"rotationOrigin": [ 2.0, 0.5, 3.4 ],
							"rotationX": -39.0,
							"faces": {
								"north": { "texture": "#line", "uv": [ 20.0, 40.0, 24.0, 42.0 ] },
								"east": { "texture": "#line", "uv": [ 18.0, 40.0, 20.0, 42.0 ] },
								"south": { "texture": "#line", "uv": [ 14.0, 40.0, 18.0, 42.0 ] },
								"west": { "texture": "#line", "uv": [ 12.0, 40.0, 14.0, 42.0 ] },
								"up": { "texture": "#line", "uv": [ 12.0, 36.0, 16.0, 38.0 ] },
								"down": { "texture": "#line", "uv": [ 14.0, 42.0, 18.0, 44.0 ], "rotation": 180 }
							}
						},
						{
							"name": "LegLTrim7",
							"from": [ 3.5, -0.5, -0.1 ],
							"to": [ 4.0, 0.5, 4.1 ],
							"unwrapMode": 2,
							"uv": [ 1.0, 36.5 ],
							"rotationOrigin": [ 3.5, 0.5, 1.7 ],
							"rotationZ": 36.0,
							"faces": {
								"north": { "texture": "#line", "uv": [ 8.0, 40.0, 10.0, 42.0 ] },
								"east": { "texture": "#line", "uv": [ 4.0, 40.0, 8.0, 42.0 ] },
								"south": { "texture": "#line", "uv": [ 2.0, 40.0, 4.0, 42.0 ] },
								"west": { "texture": "#line", "uv": [ 10.0, 40.0, 14.0, 42.0 ] },
								"up": { "texture": "#line", "uv": [ 2.0, 36.0, 6.0, 38.0 ], "rotation": 270 },
								"down": { "texture": "#line", "uv": [ 4.0, 42.0, 8.0, 44.0 ], "rotation": 270 }
							}
						},
						{
							"name": "ShinPlateL",
							"from": [ -0.3, 0.5, -0.2 ],
							"to": [ 0.7, 5.0, 4.4 ],
							"unwrapMode": 4,
							"autoUnwrap": false,
							"uv": [ 6.0, 42.0 ],
							"rotationOrigin": [ 0.0, 2.5, 2.0 ],
							"rotationY": 5.0,
							"rotationZ": 3.0,
							"faces": {
								"north": { "texture": "#line", "uv": [ 6.0, 42.5, 7.0, 47.0 ] },
								"east": { "texture": "#line", "uv": [ 26.0, 14.0, 30.5, 18.5 ] },
								"south": { "texture": "#line", "uv": [ 11.0, 42.5, 12.0, 47.0 ] },
								"west": { "texture": "#line", "uv": [ 7.5, 42.5, 11.1, 47.0 ], "autoUv": false },
								"up": { "texture": "#line", "uv": [ 7.5, 42.0, 11.1, 43.0 ], "rotation": 90, "autoUv": false },
								"down": { "texture": "#line", "uv": [ 7.0, 47.0, 11.5, 48.0 ], "rotation": 90 }
							}
						},
						{
							"name": "LegBoneL1",
							"from": [ 1.3, 1.0, 3.8 ],
							"to": [ 1.7, 3.0, 4.2 ],
							"uv": [ 2.5, 53.0 ],
							"rotationOrigin": [ 1.5, 2.0, 4.0 ],
							"rotationY": -45.0,
							"faces": {
								"north": { "texture": "#null", "uv": [ 0.0, 0.0, 0.5, 2.0 ], "enabled": false },
								"east": { "texture": "#line", "uv": [ 2.5, 53.5, 3.0, 55.5 ] },
								"south": { "texture": "#line", "uv": [ 3.0, 53.5, 3.5, 55.5 ], "windMode": [-1,-1,-1,-1] },
								"west": { "texture": "#null", "uv": [ 0.0, 0.0, 0.5, 2.0 ], "enabled": false },
								"up": { "texture": "#line", "uv": [ 2.5, 53.0, 3.0, 53.5 ] },
								"down": { "texture": "#line", "uv": [ 3.0, 53.0, 3.5, 53.5 ] }
							}
						},
						{
							"name": "LegBoneL2",
							"from": [ 2.3, 1.4, 3.8 ],
							"to": [ 2.7, 3.4, 4.2 ],
							"uv": [ 0.0, 53.0 ],
							"rotationOrigin": [ 2.5, 2.4, 4.0 ],
							"rotationY": -45.0,
							"faces": {
								"north": { "texture": "#null", "uv": [ 0.0, 0.0, 0.5, 2.0 ], "enabled": false },
								"east": { "texture": "#line", "uv": [ 0.0, 53.5, 0.5, 55.5 ] },
								"south": { "texture": "#line", "uv": [ 0.5, 53.5, 1.0, 55.5 ], "windMode": [-1,-1,-1,-1] },
								"west": { "texture": "#null", "uv": [ 0.0, 0.0, 0.5, 2.0 ], "enabled": false },
								"up": { "texture": "#line", "uv": [ 0.0, 53.0, 0.5, 53.5 ] },
								"down": { "texture": "#line", "uv": [ 0.5, 53.0, 1.0, 53.5 ] }
							}
						},
						{
							"name": "LegBoneL3",
							"from": [ 3.3, 0.6, 3.8 ],
							"to": [ 3.7, 2.6, 4.2 ],
							"uv": [ 1.0, 53.0 ],
							"rotationOrigin": [ 3.5, 1.6, 4.0 ],
							"rotationY": -45.0,
							"faces": {
								"north": { "texture": "#null", "uv": [ 0.0, 0.0, 0.5, 2.0 ], "enabled": false },
								"east": { "texture": "#line", "uv": [ 1.0, 53.5, 1.5, 55.5 ] },
								"south": { "texture": "#line", "uv": [ 1.5, 53.5, 2.0, 55.5 ], "windMode": [-1,-1,-1,-1] },
								"west": { "texture": "#null", "uv": [ 0.0, 0.0, 0.5, 2.0 ], "enabled": false },
								"up": { "texture": "#line", "uv": [ 1.0, 53.0, 1.5, 53.5 ] },
								"down": { "texture": "#line", "uv": [ 1.5, 53.0, 2.0, 53.5 ] }
							}
						},
						{
							"name": "LegFluffL1",
							"from": [ 3.0, 3.0, -0.05 ],
							"to": [ 4.0, 5.0, 4.05 ],
							"unwrapMode": 2,
							"uv": [ 51.5, 44.5 ],
							"rotationOrigin": [ 4.0, 5.0, 1.6 ],
							"rotationZ": 30.0,
							"faces": {
								"north": { "texture": "#line", "uv": [ 58.0, 46.0, 60.0, 48.0 ] },
								"east": { "texture": "#line", "uv": [ 54.0, 46.0, 58.0, 48.0 ] },
								"south": { "texture": "#line", "uv": [ 52.0, 46.0, 54.0, 48.0 ] },
								"west": { "texture": "#null", "uv": [ 60.0, 46.0, 64.0, 48.0 ], "enabled": false },
								"up": { "texture": "#null", "uv": [ 52.0, 44.5, 56.0, 45.5 ], "rotation": 270, "enabled": false },
								"down": { "texture": "#null", "uv": [ 54.0, 48.0, 58.0, 49.0 ], "rotation": 270, "enabled": false }
							}
						},
						{
							"name": "LegFluffL2",
							"from": [ 1.0, 3.0, 3.0 ],
							"to": [ 4.2, 5.0, 4.0 ],
							"unwrapMode": 3,
							"uv": [ 51.5, 44.5 ],
							"rotationOrigin": [ 3.0, 5.0, 4.0 ],
							"rotationX": -25.0,
							"faces": {
								"north": { "texture": "#null", "uv": [ 57.5, 44.5, 60.5, 46.5 ], "enabled": false },
								"east": { "texture": "#line", "uv": [ 56.0, 44.0, 58.0, 46.0 ] },
								"south": { "texture": "#line", "uv": [ 54.0, 44.0, 56.0, 46.0 ] },
								"west": { "texture": "#line", "uv": [ 52.0, 44.0, 54.0, 46.0 ] },
								"up": { "texture": "#null", "uv": [ 51.5, 44.5, 54.5, 45.5 ], "enabled": false },
								"down": { "texture": "#null", "uv": [ 53.5, 46.5, 56.5, 47.5 ], "rotation": 180, "enabled": false }
							}
						},
						{
							"name": "LegFluffL3",
							"from": [ 1.0, 3.0, 0.0 ],
							"to": [ 4.2, 5.0, 1.0 ],
							"unwrapMode": 1,
							"uv": [ 58.0, 40.5 ],
							"rotationOrigin": [ 3.0, 5.0, 0.0 ],
							"rotationX": 25.0,
							"rotationY": -1.0,
							"faces": {
								"north": { "texture": "#line", "uv": [ 60.0, 42.0, 62.0, 44.0 ], "windMode": [-1,-1,-1,-1] },
								"east": { "texture": "#line", "uv": [ 58.0, 42.0, 60.0, 44.0 ] },
								"south": { "texture": "#null", "uv": [ 64.0, 42.0, 67.0, 44.0 ], "enabled": false },
								"west": { "texture": "#line", "uv": [ 62.0, 42.0, 64.0, 44.0 ] },
								"up": { "texture": "#null", "uv": [ 58.0, 40.5, 61.0, 41.5 ], "rotation": 180, "enabled": false },
								"down": { "texture": "#null", "uv": [ 60.0, 44.0, 63.0, 45.0 ], "enabled": false }
							}
						}
					]
				}
			]
		},
		{
			"name": "ArmorLowerLegL2",
			"stepParentName": "PawL",
			"from": [ -0.3, -0.25, -0.3 ],
			"to": [ 3.2, 7.45, 3.4 ],
			"uv": [ 1.0, 53.0 ],
			"rotationOrigin": [ 5.7212, -0.586, 8.0278 ],
			"rotationX": -0.9971,
			"rotationY": -0.2268,
			"rotationZ": 0.0026,
			"faces": {
				"north": { "texture": "#gothiclegs", "uv": [ 1.0, 56.5, 4.5, 64.0 ] },
				"east": { "texture": "#gothiclegs", "uv": [ 4.5, 56.5, 8.0, 64.0 ] },
				"south": { "texture": "#gothiclegs", "uv": [ 8.0, 56.5, 11.5, 64.0 ] },
				"west": { "texture": "#gothiclegs", "uv": [ 11.5, 56.5, 15.0, 64.0 ] },
				"up": { "texture": "#gothiclegs", "uv": [ 1.0, 53.0, 4.5, 56.5 ] },
				"down": { "texture": "#gothiclegs", "uv": [ 4.5, 53.0, 8.0, 56.5 ] }
			},
			"children": [
				{
					"name": "ArmorLowerBearLegR",
					"from": [ -0.05, 2.3, -0.35 ],
					"to": [ 3.95, 8.8, 3.65 ],
					"unwrapMode": 4,
					"autoUnwrap": false,
					"uv": [ 0.0, 51.5 ],
					"rotationOrigin": [ 2.15, 9.5, 1.35 ],
					"faces": {
						"north": { "texture": "#line", "uv": [ 0.0, 56.0, 3.8, 62.5 ], "autoUv": false },
						"east": { "texture": "#line", "uv": [ 11.0, 56.0, 14.1, 62.5 ], "autoUv": false },
						"south": { "texture": "#line", "uv": [ 7.2, 56.0, 11.5, 62.5 ], "autoUv": false },
						"west": { "texture": "#line", "uv": [ 4.0, 56.0, 8.0, 62.0 ] },
						"up": { "texture": "#line", "uv": [ 4.0, 51.4, 7.0, 56.0 ], "rotation": 90, "autoUv": false },
						"down": { "texture": "#line", "uv": [ 11.0, 51.5, 14.1, 56.0 ], "rotation": 90, "autoUv": false, "windMode": [-1,-1,-1,-1] }
					},
					"children": [
						{
							"name": "KneePlateR",
							"from": [ -0.3, 4.5, -0.1 ],
							"to": [ 0.3, 7.0, 4.1 ],
							"unwrapMode": 4,
							"autoUnwrap": false,
							"uv": [ 0.0, 48.5 ],
							"rotationOrigin": [ 0.2, 4.5, 1.7 ],
							"rotationY": -4.0,
							"rotationZ": 11.0,
							"faces": {
								"north": { "texture": "#line", "uv": [ 0.0, 49.0, 0.5, 51.5 ] },
								"east": { "texture": "#line", "uv": [ 4.0, 49.0, 8.0, 51.5 ] },
								"south": { "texture": "#line", "uv": [ 4.5, 49.0, 5.0, 51.5 ] },
								"west": { "texture": "#line", "uv": [ 0.5, 49.5, 4.0, 52.0 ], "autoUv": false },
								"up": { "texture": "#line", "uv": [ 0.5, 48.5, 4.5, 49.0 ], "rotation": 90 },
								"down": { "texture": "#line", "uv": [ 0.5, 51.5, 4.5, 52.0 ], "rotation": 90 }
							}
						},
						{
							"name": "LegRTrim1",
							"from": [ 3.5, 4.5, -0.1 ],
							"to": [ 4.0, 6.0, 4.1 ],
							"unwrapMode": 2,
							"uv": [ 11.5, 31.0 ],
							"rotationOrigin": [ 3.5, 4.5, 1.7 ],
							"rotationZ": -25.0,
							"faces": {
								"north": { "texture": "#line", "uv": [ 18.0, 34.0, 20.0, 36.0 ] },
								"east": { "texture": "#line", "uv": [ 14.0, 34.0, 18.0, 36.0 ] },
								"south": { "texture": "#line", "uv": [ 12.0, 34.0, 14.0, 36.0 ] },
								"west": { "texture": "#line", "uv": [ 20.0, 34.0, 24.0, 36.0 ] },
								"up": { "texture": "#line", "uv": [ 12.0, 32.0, 16.0, 34.0 ], "rotation": 270 },
								"down": { "texture": "#line", "uv": [ 14.0, 36.0, 18.0, 38.0 ], "rotation": 270 }
							}
						},
						{
							"name": "LegRTrim2",
							"from": [ -0.1, 4.5, 0.0 ],
							"to": [ 4.1, 6.0, 0.5 ],
							"unwrapMode": 1,
							"uv": [ 8.5, 31.0 ],
							"rotationOrigin": [ 2.0, 4.5, 0.5 ],
							"rotationX": -33.0,
							"faces": {
								"north": { "texture": "#line", "uv": [ 12.0, 34.0, 16.0, 36.0 ] },
								"east": { "texture": "#line", "uv": [ 8.0, 34.0, 10.0, 36.0 ] },
								"south": { "texture": "#line", "uv": [ 18.0, 34.0, 22.0, 36.0 ] },
								"west": { "texture": "#line", "uv": [ 16.0, 34.0, 18.0, 36.0 ] },
								"up": { "texture": "#line", "uv": [ 10.0, 32.0, 14.0, 34.0 ], "rotation": 180 },
								"down": { "texture": "#line", "uv": [ 12.0, 36.0, 16.0, 38.0 ] }
							}
						},
						{
							"name": "LegRTrim3",
							"from": [ -0.1, 4.5, 3.4 ],
							"to": [ 4.1, 6.0, 3.9 ],
							"unwrapMode": 3,
							"uv": [ 5.0, 31.0 ],
							"rotationOrigin": [ 2.0, 4.5, 3.4 ],
							"rotationX": 14.0,
							"faces": {
								"north": { "texture": "#line", "uv": [ 14.0, 34.0, 18.0, 36.0 ] },
								"east": { "texture": "#line", "uv": [ 12.0, 34.0, 14.0, 36.0 ] },
								"south": { "texture": "#line", "uv": [ 8.0, 34.0, 12.0, 36.0 ] },
								"west": { "texture": "#line", "uv": [ 6.0, 34.0, 8.0, 36.0 ] },
								"up": { "texture": "#line", "uv": [ 6.0, 32.0, 10.0, 34.0 ] },
								"down": { "texture": "#line", "uv": [ 8.0, 36.0, 12.0, 38.0 ], "rotation": 180 }
							}
						},
						{
							"name": "LegRTrim4",
							"from": [ 0.0, -0.5, -0.1 ],
							"to": [ 0.5, 0.5, 4.1 ],
							"unwrapMode": 4,
							"uv": [ 16.5, 36.5 ],
							"rotationOrigin": [ 0.5, 0.5, 1.7 ],
							"rotationZ": -30.0,
							"faces": {
								"north": { "texture": "#line", "uv": [ 16.5, 37.0, 17.0, 38.0 ] },
								"east": { "texture": "#line", "uv": [ 21.5, 37.0, 25.5, 38.0 ] },
								"south": { "texture": "#line", "uv": [ 21.0, 37.0, 21.5, 38.0 ] },
								"west": { "texture": "#line", "uv": [ 17.0, 37.0, 21.0, 38.0 ] },
								"up": { "texture": "#line", "uv": [ 17.0, 36.5, 21.0, 37.0 ], "rotation": 90 },
								"down": { "texture": "#line", "uv": [ 17.0, 38.0, 21.0, 38.5 ], "rotation": 90 }
							}
						},
						{
							"name": "LegRTrim5",
							"from": [ -0.1, -0.5, 0.0 ],
							"to": [ 4.1, 0.5, 0.5 ],
							"unwrapMode": 1,
							"uv": [ 15.0, 36.5 ],
							"rotationOrigin": [ 2.0, 0.5, 0.5 ],
							"rotationX": 30.0,
							"faces": {
								"north": { "texture": "#line", "uv": [ 18.0, 40.0, 22.0, 42.0 ] },
								"east": { "texture": "#line", "uv": [ 16.0, 40.0, 18.0, 42.0 ] },
								"south": { "texture": "#line", "uv": [ 24.0, 40.0, 28.0, 42.0 ] },
								"west": { "texture": "#line", "uv": [ 22.0, 40.0, 24.0, 42.0 ] },
								"up": { "texture": "#line", "uv": [ 16.0, 36.0, 20.0, 38.0 ], "rotation": 180 },
								"down": { "texture": "#line", "uv": [ 18.0, 42.0, 22.0, 44.0 ] }
							}
						},
						{
							"name": "LegRTrim6",
							"from": [ -0.1, -0.5, 3.4 ],
							"to": [ 4.1, 0.5, 3.9 ],
							"unwrapMode": 3,
							"autoUnwrap": false,
							"uv": [ 17.5, 41.0 ],
							"rotationOrigin": [ 2.0, 0.5, 3.4 ],
							"rotationX": -33.0,
							"faces": {
								"north": { "texture": "#line", "uv": [ 14.0, 38.0, 18.0, 40.0 ] },
								"east": { "texture": "#line", "uv": [ 24.0, 38.0, 26.0, 40.0 ] },
								"south": { "texture": "#line", "uv": [ 22.0, 38.0, 26.0, 40.0 ] },
								"west": { "texture": "#line", "uv": [ 22.0, 38.0, 24.0, 40.0 ] },
								"up": { "texture": "#line", "uv": [ 22.0, 36.0, 26.0, 38.0 ] },
								"down": { "texture": "#line", "uv": [ 22.0, 38.0, 26.0, 38.5 ], "rotation": 180 }
							}
						},
						{
							"name": "LegRTrim7",
							"from": [ 3.5, -0.5, -0.1 ],
							"to": [ 4.0, 0.5, 4.1 ],
							"unwrapMode": 2,
							"uv": [ 3.0, 36.5 ],
							"rotationOrigin": [ 3.5, 0.5, 1.7 ],
							"rotationZ": 30.0,
							"faces": {
								"north": { "texture": "#line", "uv": [ 10.0, 40.0, 12.0, 42.0 ] },
								"east": { "texture": "#line", "uv": [ 6.0, 40.0, 10.0, 42.0 ] },
								"south": { "texture": "#line", "uv": [ 4.0, 40.0, 6.0, 42.0 ] },
								"west": { "texture": "#line", "uv": [ 12.0, 40.0, 16.0, 42.0 ] },
								"up": { "texture": "#line", "uv": [ 4.0, 36.0, 8.0, 38.0 ], "rotation": 270 },
								"down": { "texture": "#line", "uv": [ 6.0, 42.0, 10.0, 44.0 ], "rotation": 270 }
							}
						},
						{
							"name": "ShinPlateR",
							"from": [ -0.3, 0.5, -0.2 ],
							"to": [ 0.7, 5.0, 4.2 ],
							"unwrapMode": 4,
							"autoUnwrap": false,
							"uv": [ 0.0, 42.0 ],
							"rotationOrigin": [ 0.0, 2.5, 1.8 ],
							"rotationY": -5.0,
							"rotationZ": 3.0,
							"faces": {
								"north": { "texture": "#line", "uv": [ 0.0, 42.5, 1.0, 47.0 ] },
								"east": { "texture": "#line", "uv": [ 26.0, 14.0, 30.0, 18.5 ] },
								"south": { "texture": "#line", "uv": [ 4.5, 42.5, 5.5, 47.0 ] },
								"west": { "texture": "#line", "uv": [ 1.0, 42.5, 4.5, 46.8 ], "autoUv": false },
								"up": { "texture": "#line", "uv": [ 1.0, 42.0, 4.5, 43.0 ], "rotation": 90, "autoUv": false },
								"down": { "texture": "#line", "uv": [ 1.0, 47.0, 5.0, 48.0 ], "rotation": 90 }
							}
						},
						{
							"name": "LegBoneR1",
							"from": [ 1.3, 1.2, -0.2 ],
							"to": [ 1.7, 3.2, 0.2 ],
							"uv": [ 0.0, 52.5 ],
							"rotationOrigin": [ 1.5, 2.2, 0.0 ],
							"rotationY": -45.0,
							"faces": {
								"north": { "texture": "#line", "uv": [ 0.0, 53.0, 0.5, 55.0 ] },
								"east": { "texture": "#null", "uv": [ 0.0, 0.0, 0.5, 2.0 ], "enabled": false },
								"south": { "texture": "#null", "uv": [ 0.0, 0.0, 0.5, 2.0 ], "enabled": false },
								"west": { "texture": "#line", "uv": [ 0.5, 53.0, 1.0, 55.0 ] },
								"up": { "texture": "#line", "uv": [ 0.0, 52.5, 0.5, 53.0 ] },
								"down": { "texture": "#line", "uv": [ 0.5, 52.5, 1.0, 53.0 ] }
							}
						},
						{
							"name": "LegBoneR2",
							"from": [ 2.3, 1.4, -0.2 ],
							"to": [ 2.7, 3.4, 0.2 ],
							"uv": [ 1.5, 52.5 ],
							"rotationOrigin": [ 2.5, 2.4, 0.0 ],
							"rotationY": -45.0,
							"faces": {
								"north": { "texture": "#line", "uv": [ 1.5, 53.0, 2.0, 55.0 ] },
								"east": { "texture": "#null", "uv": [ 0.0, 0.0, 0.5, 2.0 ], "enabled": false },
								"south": { "texture": "#null", "uv": [ 0.0, 0.0, 0.5, 2.0 ], "enabled": false },
								"west": { "texture": "#line", "uv": [ 2.0, 53.0, 2.5, 55.0 ] },
								"up": { "texture": "#line", "uv": [ 1.5, 52.5, 2.0, 53.0 ] },
								"down": { "texture": "#line", "uv": [ 2.0, 52.5, 2.5, 53.0 ] }
							}
						},
						{
							"name": "LegBoneR3",
							"from": [ 3.3, 0.9, -0.2 ],
							"to": [ 3.7, 2.9, 0.2 ],
							"uv": [ 3.0, 53.0 ],
							"rotationOrigin": [ 3.5, 1.9, 0.0 ],
							"rotationY": -45.0,
							"faces": {
								"north": { "texture": "#line", "uv": [ 3.0, 53.5, 3.5, 55.5 ] },
								"east": { "texture": "#null", "uv": [ 0.0, 0.0, 0.5, 2.0 ], "enabled": false },
								"south": { "texture": "#null", "uv": [ 0.0, 0.0, 0.5, 2.0 ], "enabled": false },
								"west": { "texture": "#line", "uv": [ 3.5, 53.5, 4.0, 55.5 ] },
								"up": { "texture": "#line", "uv": [ 3.0, 53.0, 3.5, 53.5 ] },
								"down": { "texture": "#line", "uv": [ 3.5, 53.0, 4.0, 53.5 ] }
							}
						},
						{
							"name": "LegFluffR1",
							"from": [ 3.0, 3.0, -0.05 ],
							"to": [ 4.0, 5.0, 4.05 ],
							"uv": [ 56.0, 35.0 ],
							"rotationOrigin": [ 4.0, 5.0, 1.9 ],
							"rotationZ": 25.0,
							"faces": {
								"north": { "texture": "#line", "uv": [ 56.0, 36.0, 58.0, 38.0 ] },
								"east": { "texture": "#line", "uv": [ 58.0, 36.0, 62.0, 38.0 ] },
								"south": { "texture": "#line", "uv": [ 62.0, 36.0, 64.0, 38.0 ] },
								"west": { "texture": "#null", "uv": [ 0.0, 0.0, 4.0, 2.0 ], "enabled": false },
								"up": { "texture": "#null", "uv": [ 0.0, 0.0, 1.0, 4.0 ], "enabled": false },
								"down": { "texture": "#null", "uv": [ 0.0, 0.0, 1.0, 4.0 ], "enabled": false }
							}
						},
						{
							"name": "LegFluffR2",
							"from": [ 1.0, 3.0, 0.0 ],
							"to": [ 4.2, 5.0, 1.0 ],
							"unwrapMode": 1,
							"uv": [ 51.5, 44.5 ],
							"rotationOrigin": [ 3.0, 5.0, 0.0 ],
							"rotationX": 28.0,
							"faces": {
								"north": { "texture": "#line", "uv": [ 54.0, 46.0, 56.0, 48.0 ], "windMode": [-1,-1,-1,-1] },
								"east": { "texture": "#line", "uv": [ 52.0, 46.0, 54.0, 48.0 ] },
								"south": { "texture": "#null", "uv": [ 58.0, 46.0, 61.0, 48.0 ], "enabled": false },
								"west": { "texture": "#line", "uv": [ 56.0, 46.0, 58.0, 48.0 ], "windMode": [-1,-1,-1,-1] },
								"up": { "texture": "#null", "uv": [ 52.0, 44.5, 55.0, 45.5 ], "rotation": 180, "enabled": false },
								"down": { "texture": "#null", "uv": [ 54.0, 48.0, 57.0, 49.0 ], "enabled": false }
							}
						},
						{
							"name": "LegFluffR3",
							"from": [ 1.0, 3.0, 3.0 ],
							"to": [ 4.2, 5.0, 4.0 ],
							"unwrapMode": 3,
							"uv": [ 58.0, 44.5 ],
							"rotationOrigin": [ 3.0, 5.0, 4.0 ],
							"rotationX": -22.0,
							"rotationY": 1.0,
							"faces": {
								"north": { "texture": "#null", "uv": [ 64.0, 44.5, 67.0, 46.5 ], "enabled": false },
								"east": { "texture": "#line", "uv": [ 62.0, 44.0, 64.0, 46.0 ] },
								"south": { "texture": "#line", "uv": [ 60.0, 44.0, 62.0, 46.0 ], "windMode": [-1,-1,-1,-1] },
								"west": { "texture": "#line", "uv": [ 58.0, 44.0, 60.0, 46.0 ], "windMode": [-1,-1,-1,-1] },
								"up": { "texture": "#null", "uv": [ 58.0, 44.5, 61.0, 45.5 ], "enabled": false },
								"down": { "texture": "#null", "uv": [ 60.0, 46.5, 63.0, 47.5 ], "rotation": 180, "enabled": false }
							}
						}
					]
				}
			]
		}
	]}