{
    code: "bellbook",
    maxstacksize: 1,
    behaviors: [{name: "BlockBehaviorBook", properties: {lastPage: "5"}}],
    variantgroups: [
		{ code: "page", states: ["0", "1", "2", "3", "4", "5"] },
		{ code: "facing", states: ["north", "east", "south", "west"] }
	],
    attributesByType: {
	"*-0-*": {
		displaycaseable: false,
		shelvable: true,
		bookshelveable: true,
				onshelfTransform: {
						translation: { x: 0.385, y: -0.27, z: 0.22 },
						rotation: { x: 87, y: 0, z: -90 },
						scale: 0.87
		},
				
		
		handbook: {
			include: true,
			excludeByType: {
				"*-east": true,
				"*-west": true,
				"*-south": true
			},
			extraSections: [
				{ title: "confession:bellbook-handbook-help-title", text: "confession:bellbook-handbook-help-text" }
			]
			},
			PageSound: "confession:sounds/block/turnpage",
			PickUpSound: "game:sounds/player/collect1"
		},
		
	"*": {
		displaycaseable: false,
		shelvable: false,
		bookshelveable: false,
		handbook: {
			include: true,
			excludeByType: {
				"*-east": true,
				"*-west": true,
				"*-south": true
				},
				extraSections: [
				{ title: "confession:bellbook-handbook-help-title", text: "confession:bellbook-handbook-help-text" }
			]
		},
		PageSound: "confession:sounds/block/turnpage",
		PickUpSound: "game:sounds/player/collect1"
		}
	},
	texturesByType: { 
		"@*-(0|1)-.*": { 
			"bellbook": {base: "item/books/bellbook/bellbook-page1"}
		},
		"*": {
			"bellbook": {base: "item/books/bellbook/bellbook-page{page}"}
		}
	},
	shapeByType: {
		"*-0-north": { base: "item/bellbook-closed"},
		"*-0-south": { base: "item/bellbook-closed", rotateY: 180 },
		"*-0-west": { base: "item/bellbook-closed", rotateY: 90 },
		"*-0-east": { base: "item/bellbook-closed", rotateY: 270 },
		"*-north": { base: "item/bellbook-open" },
		"*-south": { base: "item/bellbook-open", rotateY: 180 },
		"*-west": { base: "item/bellbook-open", rotateY: 90 },
		"*-east": { base: "item/bellbook-open", rotateY: 270 }
		},  
		sidesolidByType: {
			"*": { all: false}
		},
		lightAbsorption: 0,
		sideopaque: { all: false },
		heldTpIdleAnimation: "holdbothhandslarge",
		creativeinventory: { "confession": ["*-0-north"], "general": ["*-0-north"] },
		blockmaterial: "Cloth",
		combustibleProps: {
			burnTemperature: 300,
			burnDuration: 15
		},
		collisionSelectionBoxesByType: {
			"*-0-*": [{ x1: 0.5189, y1: 0, z1: 0.25, x2: 0.9438, y2: 0.1497, z2: 0.75, rotateYByType: {"*-east": 270,"*-west": 90,"*-south": 180} }],
			"*": [{ x1: 0.5499, y1: 0, z1: 0.25, x2: 0.938, y2: 0.0872, z2: 0.75, rotateYByType: {"*-east": 270,"*-west": 90,"*-south": 180}},{ x1: 0.0877, y1: 0, z1: 0.25, x2: 0.4874, y2: 0.0872, z2: 0.75, rotateYByType: {"*-east": 270,"*-west": 90,"*-south": 180} }]
	
		},

		guiTransformByType: {
		"*": {
				translation: { x: 0.9, y: 0.1, z: 1 },
				rotation: { x: -46, y: 180, z: 0 },
				origin: { x: 0.77, y: 0.11, z: 0.5 },
				scaleXyz: { x: -2.7, y: 2.7, z: 2.7 },
				rotate: "false"
			}
		},
		fpHandTransformByType: {
		"*": {
				translation: { x: -0.38, y: 0, z: -0.19 },
				rotation: { x: 98, y: -38, z: -75 },
				origin: { x: 0.45, y: 0, z: 0.7 },
				scale: 1
			}
		},
		tpHandTransformByType: {
		"*-0-*": {
			translation: { x: -0.38, y: 0, z: -0.19 },
				rotation: { x: 98, y: -38, z: -75 },
				origin: { x: 0.45, y: 0, z: 0.7 },
				scale: 1
			},
		"*": {
				translation: { x: -0.48, y: 0, z: -0.4 },
				rotation: { x: 98, y: -38, z: -75 },
				origin: { x: 0.45, y: 0, z: 0.7 },
				scale: 1

			}
		},
		sounds: {
			place: "game:block/cloth",
			walk: "game:walk/cloth"
		},
		groundTransformByType: {
		"*": {
			translation: { x: 0, y: 0, z: 0 },
			rotation: { x: 0, y: 0, z: 0 },
			origin: { x: 0.41, y: 0, z: 0.5 },
			scale: 4.51
			}
		}	

}