[
	{
	"ingredientPattern": "LSL,_T_",
	"enabled": true,
	"requiresTrait": "clothier",
	"ingredients": {
		"L": { "type": "item", "code": "wool:cloth-wool-white" },
		"S": { "type": "item", "code": "game:sewingkit" },
		"T": { "type": "item", "code": "tailorsdelight:twine-blue", "quantity": 2 }
	},
	"width": 3,
	"height": 2,
	"output": { "type": "item", "code": "game:clothes-hand-tailor-gloves" }
	},

	{
	"ingredientPattern": "GAG,CTC",
	"enabled": true,
	"requiresTrait": "clothier",
	"ingredients": {
		"G": { "type": "item", "code": "wool:cloth-wool-gray" },
		"C": { "type": "item", "code": "wool:cloth-wool-brown" },
		"T": { "type": "item", "code": "wool:twine-wool-gray", "quantity": 4 },
		"A": { "type": "item", "code": "tailorsdelight:needle-*" }
	},
	"width": 3,
	"height": 2,
	"output": { "type": "item", "code": "game:clothes-hand-malefactor-gloves" }
	},
	{
	"ingredientPattern": "GAG,CTC",
	"enabled": true,
	"requiresTrait": "improviser",
	"ingredients": {
		"G": { "type": "item", "code": "wool:cloth-wool-gray" },
		"C": { "type": "item", "code": "wool:cloth-wool-brown" },
		"T": { "type": "item", "code": "wool:twine-wool-gray", "quantity": 6 },
		"A": { "type": "item", "code": "tailorsdelight:needle-*" }
	},
	"recipeGroup": 2,
	"width": 3,
	"height": 2,
	"output": { "type": "item", "code": "game:clothes-hand-malefactor-gloves" }
	},

	{
	"ingredientPattern": "CAC,PTP",
	"enabled": true,
	"requiresTrait": "clothier",
	"ingredients": {
		"C": { "type": "item", "code": "wool:cloth-wool-brown" },
		"P": { "type": "item", "code": "tailorsdelight:leatherbundle-pelt" },
		"T": { "type": "item", "code": "wool:twine-wool-gray", "quantity": 2 },
		"A": { "type": "item", "code": "tailorsdelight:needle-*" }
	},
	"width": 3,
	"height": 2,
	"output": { "type": "item", "code": "game:clothes-hand-hunter-gloves" }
	},
	{
	"ingredientPattern": "CAC,PTP",
	"enabled": true,
	"requiresTrait": "bowyer",
	"ingredients": {
		"C": { "type": "item", "code": "wool:cloth-wool-brown" },
		"P": { "type": "item", "code": "tailorsdelight:leatherbundle-pelt" },
		"T": { "type": "item", "code": "wool:twine-wool-gray", "quantity": 4 },
		"A": { "type": "item", "code": "tailorsdelight:needle-*" }
	},
	"recipeGroup": 2,
	"width": 3,
	"height": 2,
	"output": { "type": "item", "code": "game:clothes-hand-hunter-gloves" }
	},

	{
	"ingredientPattern": "BA,CT",
	"enabled": true,
	"requiresTrait": "clothier",
	"ingredients": {
		"B": { "type": "item", "code": "tailorsdelight:leatherbundle-darkbrown" },
		"C": { "type": "item", "code": "wool:cloth-wool-plain" },
		"T": { "type": "item", "code": "wool:twine-wool-brown" },
		"A": { "type": "item", "code": "tailorsdelight:needle-*" }
	},
	"width": 2,
	"height": 2,
	"output": { "type": "item", "code": "game:clothes-hand-clockmaker-wristguard" }
	},
	{
	"ingredientPattern": "BA,CT",
	"enabled": true,
	"requiresTrait": "tinkerer",
	"ingredients": {
		"B": { "type": "item", "code": "tailorsdelight:leather-darkbrown", "quantity": 3 },
		"C": { "type": "item", "code": "wool:cloth-wool-plain" },
		"T": { "type": "item", "code": "wool:twine-wool-brown", "quantity": 2 },
		"A": { "type": "item", "code": "tailorsdelight:needle-*" }
	},
	"recipeGroup": 2,
	"width": 2,
	"height": 2,
	"output": { "type": "item", "code": "game:clothes-hand-clockmaker-wristguard" }
	}
]
