{
	"editor": {
		"collapsedPaths": "Root/BellQuarter1,Root/MainAxle/CrownCenter,Root/RimCenter/1Rim1/1Rim10/1Rim11/1Rim12/1Rim13/1Rim14,Root/BellQuarter3,Root/BellQuarter2,Root/stator,Root/RimCenter/CrownSocket/CrownH7A,Root/RimCenter/CrownSocket/CrownL2A2,Root/RimCenter/CrownSocket/CrownL4A2,Root/BellQuarter3/CrownSocket3,Root/BellQuarter1/1Rim4A,Root/BellQuarter4,Root/RimCenter/1Rim3.0,Root/BellQuarter1/CrownSocket,Root/RimCenter/CrownSocket/10RimSAVE2,Root/BellQuarter1/1Rim3to4,Root/stator/rope,Root/RimCenter/1Rim1to2,Root/RimCenter/CrownSocket/CrownL8A,Root/BellQuarter1/CrownSocket/CrownH1A,Root/MainAxle/RotorRope1,Root/BellQuarter1/1Rim1B,Root/BellQuarter1/1Rim2,Root/RimCenter/1Rim2to3,Root/BellQuarter1/1Rim3,Root/RimCenter3,Root/RimCenter2,Root/stator/woodnailBig1,Root/RimCenter4,Root/RimCenter/1Rim1A/1Rim2/1Rim3,Root/RimCenter/CrownSocket/CrownH5A,Root/nails,Root/BellQuarter4/CrownSocket4,Root/RimCenter/1Rim2.0,Root/BellQuarter2/CrownSocket2,Root/CrownCenter,Root/OriginMetalNails/metalnail4,Root/OriginMetalNails/metalnail3,Root/BellQuarter1/1Rim1to2,Root/OriginMetalNails/metalnail2,Root/OriginMetalNails/metalnail1,Root/RimCenter/1Rim3to4,Root/RimCenter/CrownSocket/CrownH9A,Root/RimCenter/CrownSocket/10Rim4,Root/metalnails2,Root/RimCenter/1Rim1/1Rim18,Root/RimCenter/1Rim1A,Root/rotor/metal,Root/RimCenter/1Rim2/2Rim2/3Rim2/4Rim2/5Rim2/6Rim2/7Rim2,Root/originPowerchain,Root/1Rim1,Root/Frame,Root/metalnails,Root/OriginMetalNails/metalnail7,Root/originMetal,Root/OriginNails,Root/MainAxle/Roundarch",
		"allAngles": false,
		"entityTextureMode": false
	},
	"textureWidth": 16,
	"textureHeight": 16,
	"textureSizes": {
	},
	"textures": {
		"wood": "C:/Users/Wanja/Pictures/vintage story textures/wood"
	},
	"elements": [
		{
			"name": "originPowerchain",
			"from": [ 0.0, 8.0, 8.0 ],
			"to": [ 0.0, 8.0, 8.0 ],
			"rotationOrigin": [ 0.0, 8.0, 8.0 ],
			"faces": {
			},
			"children": [
				{
					"name": "Cube2",
					"from": [ -1.5, -0.5, -0.5 ],
					"to": [ 6.0, 0.5, 0.5 ],
					"rotationOrigin": [ -1.5, 0.0, 0.0 ],
					"faces": {
						"north": { "texture": "#metal", "uv": [ 0.0, 0.0, 7.5, 1.0 ] },
						"east": { "texture": "#metal", "uv": [ 0.0, 0.0, 1.0, 1.0 ] },
						"south": { "texture": "#metal", "uv": [ 0.0, 0.0, 7.5, 1.0 ] },
						"west": { "texture": "#metal", "uv": [ 0.0, 0.0, 1.0, 1.0 ] },
						"up": { "texture": "#metal", "uv": [ 0.0, 0.0, 7.5, 1.0 ] },
						"down": { "texture": "#metal", "uv": [ 0.0, 0.0, 7.5, 1.0 ] }
					},
					"children": [
						{
							"name": "wheel1",
							"from": [ 5.3, -2.0, -0.55 ],
							"to": [ 7.3, 3.0, 1.55 ],
							"rotationOrigin": [ 5.3, 0.5, 0.5 ],
							"faces": {
								"north": { "texture": "#wood2", "uv": [ 0.0, 0.0, 5.0, 2.0 ], "rotation": 90 },
								"east": { "texture": "#wood2", "uv": [ 0.0, 0.0, 5.0, 2.0 ], "rotation": 90 },
								"south": { "texture": "#wood2", "uv": [ 0.0, 0.0, 5.0, 2.0 ], "rotation": 90 },
								"west": { "texture": "#wood2", "uv": [ 0.0, 0.0, 5.0, 2.0 ], "rotation": 90 },
								"up": { "texture": "#wood2", "uv": [ 0.0, 0.0, 2.0, 2.0 ] },
								"down": { "texture": "#wood2", "uv": [ 0.0, 0.0, 2.0, 2.0 ] }
							}
						},
						{
							"name": "wheel2",
							"from": [ 5.31, -2.0, -0.55 ],
							"to": [ 7.31, 3.0, 1.55 ],
							"rotationOrigin": [ 5.3, 0.5, 0.5 ],
							"rotationX": 45.0,
							"faces": {
								"north": { "texture": "#wood2", "uv": [ 0.0, 0.0, 5.0, 2.0 ], "rotation": 90 },
								"east": { "texture": "#wood2", "uv": [ 0.0, 0.0, 5.0, 2.0 ], "rotation": 90 },
								"south": { "texture": "#wood2", "uv": [ 0.0, 0.0, 5.0, 2.0 ], "rotation": 90 },
								"west": { "texture": "#wood2", "uv": [ 0.0, 0.0, 5.0, 2.0 ], "rotation": 90 },
								"up": { "texture": "#wood2", "uv": [ 0.0, 0.0, 2.0, 2.0 ] },
								"down": { "texture": "#wood2", "uv": [ 0.0, 0.0, 2.0, 2.0 ] }
							}
						},
						{
							"name": "wheel3",
							"from": [ 5.29, -2.0, -0.55 ],
							"to": [ 7.29, 3.0, 1.55 ],
							"rotationOrigin": [ 5.3, 0.5, 0.5 ],
							"rotationX": 90.0,
							"faces": {
								"north": { "texture": "#wood2", "uv": [ 0.0, 0.0, 5.0, 2.0 ], "rotation": 90 },
								"east": { "texture": "#wood2", "uv": [ 0.0, 0.0, 5.0, 2.0 ], "rotation": 90 },
								"south": { "texture": "#wood2", "uv": [ 0.0, 0.0, 5.0, 2.0 ], "rotation": 90 },
								"west": { "texture": "#wood2", "uv": [ 0.0, 0.0, 5.0, 2.0 ], "rotation": 90 },
								"up": { "texture": "#wood2", "uv": [ 0.0, 0.0, 2.0, 2.0 ] },
								"down": { "texture": "#wood2", "uv": [ 0.0, 0.0, 2.0, 2.0 ] }
							}
						},
						{
							"name": "wheel4",
							"from": [ 5.32, -2.0, -0.55 ],
							"to": [ 7.32, 3.0, 1.55 ],
							"rotationOrigin": [ 5.3, 0.5, 0.5 ],
							"rotationX": 135.0,
							"faces": {
								"north": { "texture": "#wood2", "uv": [ 0.0, 0.0, 5.0, 2.0 ], "rotation": 90 },
								"east": { "texture": "#wood2", "uv": [ 0.0, 0.0, 5.0, 2.0 ], "rotation": 90 },
								"south": { "texture": "#wood2", "uv": [ 0.0, 0.0, 5.0, 2.0 ], "rotation": 90 },
								"west": { "texture": "#wood2", "uv": [ 0.0, 0.0, 5.0, 2.0 ], "rotation": 90 },
								"up": { "texture": "#wood2", "uv": [ 0.0, 0.0, 2.0, 2.0 ] },
								"down": { "texture": "#wood2", "uv": [ 0.0, 0.0, 2.0, 2.0 ] }
							}
						}
					]
				},
				{
					"name": "belt1",
					"from": [ 4.0, 2.5, -1.0 ],
					"to": [ 5.6, 2.6, 7.58 ],
					"rotationOrigin": [ 4.0, 2.5, -1.0 ],
					"rotationX": -27.8,
					"faces": {
						"east": { "texture": "#leather", "uv": [ 4.0, 13.0, 12.5, 13.5 ] },
						"west": { "texture": "#leather", "uv": [ 6.5, 12.5, 15.0, 13.0 ] },
						"up": { "texture": "#leather", "uv": [ 10.5, 2.0, 12.0, 10.5 ] },
						"down": { "texture": "#leather", "uv": [ 6.5, 7.0, 8.0, 15.5 ] }
					},
					"children": [
						{
							"name": "belt2",
							"from": [ 0.0, 0.0, 8.6 ],
							"to": [ 1.6, 0.1, 11.5 ],
							"rotationOrigin": [ 0.0, 0.1, 8.6 ],
							"rotationX": 27.8,
							"faces": {
								"east": { "texture": "#leather", "uv": [ 4.5, 9.0, 7.0, 9.5 ] },
								"west": { "texture": "#leather", "uv": [ 6.5, 0.5, 9.0, 1.0 ] },
								"up": { "texture": "#leather", "uv": [ 11.5, 1.5, 13.0, 4.0 ] },
								"down": { "texture": "#leather", "uv": [ 11.5, 6.5, 13.0, 9.0 ] }
							},
							"children": [
								{
									"name": "belt3",
									"from": [ 0.0, 0.0, 2.9 ],
									"to": [ 1.6, 0.1, 5.9 ],
									"rotationOrigin": [ 0.0, 0.1, 2.9 ],
									"rotationX": 45.0,
									"faces": {
										"east": { "texture": "#leather", "uv": [ 12.5, 4.5, 15.5, 5.0 ] },
										"west": { "texture": "#leather", "uv": [ 7.5, 6.5, 10.5, 7.0 ] },
										"up": { "texture": "#leather", "uv": [ 7.5, 12.0, 9.0, 15.0 ] },
										"down": { "texture": "#leather", "uv": [ 4.5, 1.5, 6.0, 4.5 ] }
									},
									"children": [
										{
											"name": "belt4",
											"from": [ 0.0, 0.0, 3.0 ],
											"to": [ 1.6, 0.1, 6.0 ],
											"rotationOrigin": [ 0.0, 0.1, 3.0 ],
											"rotationX": 45.0,
											"faces": {
												"east": { "texture": "#leather", "uv": [ 1.5, 12.5, 4.5, 13.0 ] },
												"west": { "texture": "#leather", "uv": [ 9.5, 10.5, 12.5, 11.0 ] },
												"up": { "texture": "#leather", "uv": [ 12.0, 4.5, 13.5, 7.5 ] },
												"down": { "texture": "#leather", "uv": [ 14.0, 7.0, 15.5, 10.0 ] }
											},
											"children": [
												{
													"name": "belt5",
													"from": [ 0.0, 0.0, 3.0 ],
													"to": [ 1.6, 0.1, 5.9 ],
													"rotationOrigin": [ 0.0, 0.1, 3.0 ],
													"rotationX": 45.0,
													"faces": {
														"east": { "texture": "#leather", "uv": [ 8.0, 13.0, 10.5, 13.5 ] },
														"west": { "texture": "#leather", "uv": [ 5.5, 9.0, 8.0, 9.5 ] },
														"up": { "texture": "#leather", "uv": [ 13.5, 0.5, 15.0, 3.0 ] },
														"down": { "texture": "#leather", "uv": [ 1.0, 1.0, 2.5, 3.5 ] }
													},
													"children": [
														{
															"name": "belt6",
															"from": [ 0.0, 0.0, 2.9 ],
															"to": [ 1.6, 0.1, 11.63 ],
															"rotationOrigin": [ 0.0, 0.1, 2.9 ],
															"rotationX": 31.6,
															"faces": {
																"east": { "texture": "#leather", "uv": [ 4.5, 1.5, 13.0, 2.0 ] },
																"west": { "texture": "#leather", "uv": [ 1.5, 14.5, 10.0, 15.0 ] },
																"up": { "texture": "#leather", "uv": [ 2.0, 1.0, 3.5, 9.5 ] },
																"down": { "texture": "#leather", "uv": [ 0.5, 2.5, 2.0, 11.0 ] }
															},
															"children": [
																{
																	"name": "belt7",
																	"from": [ 0.0, 0.0, 8.7 ],
																	"to": [ 1.6, 0.1, 10.82 ],
																	"rotationOrigin": [ 0.0, 0.1, 8.7 ],
																	"rotationX": 13.4,
																	"faces": {
																		"east": { "texture": "#leather", "uv": [ 5.0, 10.0, 7.0, 10.5 ] },
																		"west": { "texture": "#leather", "uv": [ 2.5, 4.5, 4.5, 5.0 ] },
																		"up": { "texture": "#leather", "uv": [ 5.0, 7.5, 6.5, 9.5 ] },
																		"down": { "texture": "#leather", "uv": [ 3.5, 9.0, 5.0, 11.0 ] }
																	},
																	"children": [
																		{
																			"name": "belt8",
																			"from": [ 0.0, 0.0, 2.1 ],
																			"to": [ 1.6, 0.1, 4.3 ],
																			"rotationOrigin": [ 0.0, 0.1, 2.1 ],
																			"rotationX": 45.0,
																			"faces": {
																				"east": { "texture": "#leather", "uv": [ 10.5, 14.5, 12.5, 15.0 ] },
																				"west": { "texture": "#leather", "uv": [ 10.5, 1.0, 12.5, 1.5 ] },
																				"up": { "texture": "#leather", "uv": [ 12.5, 5.0, 14.0, 7.0 ] },
																				"down": { "texture": "#leather", "uv": [ 8.0, 11.5, 9.5, 13.5 ] }
																			},
																			"children": [
																				{
																					"name": "belt9",
																					"from": [ 0.0, 0.0, 2.2 ],
																					"to": [ 1.6, 0.1, 4.3 ],
																					"rotationOrigin": [ 0.0, 0.1, 2.2 ],
																					"rotationX": 45.0,
																					"faces": {
																						"east": { "texture": "#leather", "uv": [ 3.0, 8.0, 5.0, 8.5 ] },
																						"west": { "texture": "#leather", "uv": [ 12.0, 9.5, 14.0, 10.0 ] },
																						"up": { "texture": "#leather", "uv": [ 0.5, 2.0, 2.0, 4.0 ] },
																						"down": { "texture": "#leather", "uv": [ 4.5, 1.0, 6.0, 3.0 ] }
																					},
																					"children": [
																						{
																							"name": "belt10",
																							"from": [ 0.0, 0.0, 2.1 ],
																							"to": [ 1.6, 0.1, 4.28 ],
																							"rotationOrigin": [ 0.0, 0.1, 2.1 ],
																							"rotationX": 45.4,
																							"faces": {
																								"east": { "texture": "#leather", "uv": [ 9.0, 13.0, 11.0, 13.5 ] },
																								"west": { "texture": "#leather", "uv": [ 12.5, 6.5, 14.5, 7.0 ] },
																								"up": { "texture": "#leather", "uv": [ 11.0, 11.5, 12.5, 13.5 ] },
																								"down": { "texture": "#leather", "uv": [ 3.0, 0.5, 4.5, 2.5 ] }
																							}
																						}
																					]
																				}
																			]
																		}
																	]
																}
															]
														}
													]
												}
											]
										}
									]
								}
							]
						}
					]
				}
			]
		},
		{
			"name": "originFrame",
			"from": [ 0.0, 0.0, 0.0 ],
			"to": [ 0.0, 0.0, 0.0 ],
			"faces": {
			},
			"children": [
				{
					"name": "beam1",
					"from": [ 0.0, 0.01, 0.0 ],
					"to": [ 2.0, 13.0, 2.0 ],
					"faces": {
						"north": { "texture": "#wood", "uv": [ 0.0, 0.0, 12.5, 2.0 ], "rotation": 90 },
						"east": { "texture": "#wood", "uv": [ 0.0, 0.0, 12.5, 2.0 ], "rotation": 90 },
						"south": { "texture": "#wood", "uv": [ 0.0, 0.0, 12.5, 2.0 ], "rotation": 90 },
						"west": { "texture": "#wood", "uv": [ 0.0, 0.0, 12.5, 2.0 ], "rotation": 90 },
						"down": { "texture": "#wood2", "uv": [ 10.5, 12.0, 12.5, 14.0 ] }
					}
				},
				{
					"name": "beam2",
					"from": [ 15.0, 7.51, 0.0 ],
					"to": [ 17.0, 14.0, 2.0 ],
					"rotationOrigin": [ 15.0, 7.5, 0.0 ],
					"faces": {
						"north": { "texture": "#wood", "uv": [ 0.0, 0.0, 6.0, 2.0 ], "rotation": 90 },
						"east": { "texture": "#wood", "uv": [ 0.0, 0.0, 6.0, 2.0 ], "rotation": 90 },
						"south": { "texture": "#wood", "uv": [ 0.0, 0.0, 6.0, 2.0 ], "rotation": 90 },
						"west": { "texture": "#wood", "uv": [ 0.0, 0.0, 6.0, 2.0 ], "rotation": 90 },
						"down": { "texture": "#wood2", "uv": [ 0.5, 5.5, 2.5, 7.5 ] }
					}
				},
				{
					"name": "beam3",
					"from": [ 30.0, 0.01, 0.0 ],
					"to": [ 32.0, 13.0, 2.0 ],
					"rotationOrigin": [ 30.0, 0.0, 0.0 ],
					"faces": {
						"north": { "texture": "#wood", "uv": [ 0.0, 0.0, 12.5, 2.0 ], "rotation": 90 },
						"east": { "texture": "#wood", "uv": [ 0.0, 0.0, 12.5, 2.0 ], "rotation": 90 },
						"south": { "texture": "#wood", "uv": [ 0.0, 0.0, 12.5, 2.0 ], "rotation": 90 },
						"west": { "texture": "#wood", "uv": [ 0.0, 0.0, 12.5, 2.0 ], "rotation": 90 },
						"down": { "texture": "#wood2", "uv": [ 0.0, 5.0, 2.0, 7.0 ] }
					}
				},
				{
					"name": "Cube6",
					"from": [ 2.0, 0.0, 0.01 ],
					"to": [ 15.0, 2.0, 1.01 ],
					"rotationOrigin": [ 2.0, 0.0, 0.0 ],
					"rotationZ": 30.0,
					"faces": {
						"north": { "texture": "#wood", "uv": [ 0.0, 0.0, 13.0, 2.0 ] },
						"south": { "texture": "#wood", "uv": [ 0.0, 0.0, 13.0, 2.0 ] },
						"up": { "texture": "#wood", "uv": [ 1.0, 3.0, 14.0, 4.0 ] },
						"down": { "texture": "#wood2", "uv": [ 2.0, 7.5, 15.0, 8.5 ] }
					},
					"children": [
						{
							"name": "Cube11",
							"from": [ 13.0, 0.0, 0.0 ],
							"to": [ 17.0, 2.0, 1.0 ],
							"rotationOrigin": [ 13.0, 0.0, 0.0 ],
							"faces": {
								"north": { "texture": "#wood", "uv": [ 0.0, 0.0, 4.0, 2.0 ] },
								"south": { "texture": "#wood", "uv": [ 0.0, 0.0, 4.0, 2.0 ] },
								"up": { "texture": "#wood", "uv": [ 1.0, 3.0, 5.0, 4.0 ] },
								"down": { "texture": "#wood2", "uv": [ 2.0, 7.5, 6.0, 8.5 ] }
							}
						}
					]
				},
				{
					"name": "Cube7",
					"from": [ 17.0, 0.0, 0.01 ],
					"to": [ 30.0, 2.0, 1.01 ],
					"rotationOrigin": [ 30.0, 0.0, 0.0 ],
					"rotationZ": -30.0,
					"faces": {
						"north": { "texture": "#wood", "uv": [ 0.0, 0.0, 13.0, 2.0 ] },
						"south": { "texture": "#wood", "uv": [ 0.0, 0.0, 13.0, 2.0 ] },
						"up": { "texture": "#wood", "uv": [ 0.0, 0.0, 13.0, 1.0 ] },
						"down": { "texture": "#wood2", "uv": [ 1.0, 7.5, 14.0, 8.5 ] }
					},
					"children": [
						{
							"name": "Cube8",
							"from": [ -4.0, 0.0, 0.0 ],
							"to": [ 0.0, 2.0, 1.0 ],
							"rotationOrigin": [ 9.0, 0.0, 0.0 ],
							"faces": {
								"north": { "texture": "#wood", "uv": [ 0.0, 0.0, 4.0, 2.0 ] },
								"south": { "texture": "#wood", "uv": [ 0.0, 0.0, 4.0, 2.0 ] },
								"up": { "texture": "#wood", "uv": [ 0.0, 0.0, 4.0, 1.0 ] },
								"down": { "texture": "#wood2", "uv": [ 1.0, 7.5, 5.0, 8.5 ] }
							}
						}
					]
				},
				{
					"name": "beam9",
					"from": [ 0.0, 0.01, 12.0 ],
					"to": [ 2.0, 13.0, 14.0 ],
					"rotationOrigin": [ 0.0, 0.0, 12.0 ],
					"faces": {
						"north": { "texture": "#wood", "uv": [ 0.0, 0.0, 12.5, 2.0 ], "rotation": 90 },
						"east": { "texture": "#wood", "uv": [ 0.0, 0.0, 12.5, 2.0 ], "rotation": 90 },
						"south": { "texture": "#wood", "uv": [ 0.0, 0.0, 12.5, 2.0 ], "rotation": 90 },
						"west": { "texture": "#wood", "uv": [ 0.0, 0.0, 12.5, 2.0 ], "rotation": 90 },
						"down": { "texture": "#wood2", "uv": [ 1.0, 13.0, 3.0, 15.0 ] }
					}
				},
				{
					"name": "Cube9",
					"from": [ 0.0, 0.0, 2.0 ],
					"to": [ 1.0, 2.0, 12.0 ],
					"rotationOrigin": [ 0.0, 0.0, 2.0 ],
					"faces": {
						"east": { "texture": "#wood", "uv": [ 0.0, 0.0, 10.0, 2.0 ] },
						"west": { "texture": "#wood", "uv": [ 0.0, 0.0, 10.0, 2.0 ] },
						"up": { "texture": "#wood", "uv": [ 0.0, 0.0, 10.0, 1.0 ], "rotation": 90 },
						"down": { "texture": "#wood2", "uv": [ 2.0, 7.5, 12.0, 8.5 ], "rotation": 90 }
					}
				},
				{
					"name": "Cube10",
					"from": [ 0.0, 0.0, 20.0 ],
					"to": [ 1.0, 2.0, 30.0 ],
					"rotationOrigin": [ 0.0, 0.0, 20.0 ],
					"faces": {
						"east": { "texture": "#wood", "uv": [ 0.0, 0.0, 10.0, 2.0 ] },
						"west": { "texture": "#wood", "uv": [ 0.0, 0.0, 10.0, 2.0 ] },
						"up": { "texture": "#wood", "uv": [ 0.0, 0.0, 10.0, 1.0 ], "rotation": 90 },
						"down": { "texture": "#wood2", "uv": [ 2.0, 4.0, 12.0, 5.0 ], "rotation": 90 }
					}
				},
				{
					"name": "beam4",
					"from": [ 0.0, 0.01, 30.0 ],
					"to": [ 2.0, 13.0, 32.0 ],
					"rotationOrigin": [ 0.0, 0.0, 30.0 ],
					"faces": {
						"north": { "texture": "#wood", "uv": [ 0.0, 0.0, 12.5, 2.0 ], "rotation": 90 },
						"east": { "texture": "#wood", "uv": [ 0.0, 0.0, 12.5, 2.0 ], "rotation": 90 },
						"south": { "texture": "#wood", "uv": [ 0.0, 0.0, 12.5, 2.0 ], "rotation": 90 },
						"west": { "texture": "#wood", "uv": [ 0.0, 0.0, 12.5, 2.0 ], "rotation": 90 },
						"down": { "texture": "#wood2", "uv": [ 6.5, 3.5, 8.5, 5.5 ] }
					}
				},
				{
					"name": "beam5",
					"from": [ 15.0, 7.51, 30.0 ],
					"to": [ 17.0, 14.0, 32.0 ],
					"rotationOrigin": [ 15.0, 7.5, 30.0 ],
					"faces": {
						"north": { "texture": "#wood", "uv": [ 0.0, 0.0, 6.0, 2.0 ], "rotation": 90 },
						"east": { "texture": "#wood", "uv": [ 0.0, 0.0, 6.0, 2.0 ], "rotation": 90 },
						"south": { "texture": "#wood", "uv": [ 0.0, 0.0, 6.0, 2.0 ], "rotation": 90 },
						"west": { "texture": "#wood", "uv": [ 0.0, 0.0, 6.0, 2.0 ], "rotation": 90 },
						"down": { "texture": "#wood2", "uv": [ 3.5, 7.5, 5.5, 9.5 ] }
					}
				},
				{
					"name": "beam6",
					"from": [ 30.0, 0.01, 30.0 ],
					"to": [ 32.0, 13.0, 32.0 ],
					"rotationOrigin": [ 30.0, 0.0, 30.0 ],
					"faces": {
						"north": { "texture": "#wood", "uv": [ 0.0, 0.0, 12.5, 2.0 ], "rotation": 90 },
						"east": { "texture": "#wood", "uv": [ 0.0, 0.0, 12.5, 2.0 ], "rotation": 90 },
						"south": { "texture": "#wood", "uv": [ 0.0, 0.0, 12.5, 2.0 ], "rotation": 90 },
						"west": { "texture": "#wood", "uv": [ 0.0, 0.0, 12.5, 2.0 ], "rotation": 90 },
						"down": { "texture": "#wood2", "uv": [ 1.5, 12.5, 3.5, 14.5 ] }
					}
				},
				{
					"name": "beam10",
					"from": [ 30.0, 0.01, 18.0 ],
					"to": [ 32.0, 13.0, 20.0 ],
					"rotationOrigin": [ 30.0, 0.0, 18.0 ],
					"faces": {
						"north": { "texture": "#wood", "uv": [ 0.0, 0.0, 12.5, 2.0 ], "rotation": 90 },
						"east": { "texture": "#wood", "uv": [ 0.0, 0.0, 12.5, 2.0 ], "rotation": 90 },
						"south": { "texture": "#wood", "uv": [ 0.0, 0.0, 12.5, 2.0 ], "rotation": 90 },
						"west": { "texture": "#wood", "uv": [ 0.0, 0.0, 12.5, 2.0 ], "rotation": 90 },
						"down": { "texture": "#wood2", "uv": [ 1.0, 13.0, 3.0, 15.0 ] }
					}
				},
				{
					"name": "Cube15",
					"from": [ 2.0, 0.0, 30.99 ],
					"to": [ 15.0, 2.0, 31.99 ],
					"rotationOrigin": [ 2.0, 0.0, 31.0 ],
					"rotationZ": 30.0,
					"faces": {
						"north": { "texture": "#wood", "uv": [ 0.0, 0.0, 13.0, 2.0 ] },
						"south": { "texture": "#wood", "uv": [ 0.0, 0.0, 13.0, 2.0 ] },
						"up": { "texture": "#wood", "uv": [ 0.0, 0.0, 13.0, 1.0 ] },
						"down": { "texture": "#wood2", "uv": [ 1.0, 4.5, 14.0, 5.5 ] }
					},
					"children": [
						{
							"name": "Cube19",
							"from": [ 13.0, 0.0, 0.0 ],
							"to": [ 17.0, 2.0, 1.0 ],
							"rotationOrigin": [ 13.0, 0.0, 0.0 ],
							"faces": {
								"north": { "texture": "#wood", "uv": [ 0.0, 0.0, 4.0, 2.0 ] },
								"south": { "texture": "#wood", "uv": [ 0.0, 0.0, 4.0, 2.0 ] },
								"up": { "texture": "#wood", "uv": [ 0.0, 0.0, 4.0, 1.0 ] },
								"down": { "texture": "#wood2", "uv": [ 1.0, 4.5, 5.0, 5.5 ] }
							}
						}
					]
				},
				{
					"name": "Cube16",
					"from": [ 17.0, 0.0, 30.99 ],
					"to": [ 30.0, 2.0, 31.99 ],
					"rotationOrigin": [ 30.0, 0.0, 32.0 ],
					"rotationZ": -30.0,
					"faces": {
						"north": { "texture": "#wood", "uv": [ 0.0, 0.0, 13.0, 2.0 ] },
						"south": { "texture": "#wood", "uv": [ 0.0, 0.0, 13.0, 2.0 ] },
						"up": { "texture": "#wood", "uv": [ 0.0, 0.0, 13.0, 1.0 ] },
						"down": { "texture": "#wood2", "uv": [ 1.0, 4.5, 14.0, 5.5 ] }
					},
					"children": [
						{
							"name": "Cube20",
							"from": [ -4.0, 0.0, 0.0 ],
							"to": [ 0.0, 2.0, 1.0 ],
							"rotationOrigin": [ 9.0, 0.0, 1.01 ],
							"faces": {
								"north": { "texture": "#wood", "uv": [ 0.0, 0.0, 4.0, 2.0 ] },
								"south": { "texture": "#wood", "uv": [ 0.0, 0.0, 4.0, 2.0 ] },
								"up": { "texture": "#wood", "uv": [ 0.0, 0.0, 4.0, 1.0 ] },
								"down": { "texture": "#wood2", "uv": [ 1.0, 4.5, 5.0, 5.5 ] }
							}
						}
					]
				},
				{
					"name": "Cube17",
					"from": [ 31.0, 0.0, 2.0 ],
					"to": [ 32.0, 2.0, 12.0 ],
					"rotationOrigin": [ 31.0, 0.0, 2.0 ],
					"faces": {
						"east": { "texture": "#wood", "uv": [ 0.0, 0.0, 10.0, 2.0 ] },
						"west": { "texture": "#wood", "uv": [ 0.0, 0.0, 10.0, 2.0 ] },
						"up": { "texture": "#wood", "uv": [ 0.0, 0.0, 10.0, 1.0 ], "rotation": 90 },
						"down": { "texture": "#wood2", "uv": [ 2.0, 8.0, 12.0, 9.0 ], "rotation": 90 }
					}
				},
				{
					"name": "Cube18",
					"from": [ 31.0, 0.0, 20.0 ],
					"to": [ 32.0, 2.0, 30.0 ],
					"rotationOrigin": [ 31.0, 0.0, 20.0 ],
					"faces": {
						"east": { "texture": "#wood", "uv": [ 0.0, 0.0, 10.0, 2.0 ] },
						"west": { "texture": "#wood", "uv": [ 0.0, 0.0, 10.0, 2.0 ] },
						"up": { "texture": "#wood", "uv": [ 0.0, 0.0, 10.0, 1.0 ], "rotation": 90 },
						"down": { "texture": "#wood2", "uv": [ 0.0, 4.5, 10.0, 5.5 ], "rotation": 90 }
					}
				},
				{
					"name": "bigbeam3",
					"from": [ 0.0, 13.0, 0.0 ],
					"to": [ 3.0, 16.0, 16.0 ],
					"rotationOrigin": [ 0.0, 13.0, 0.0 ],
					"faces": {
						"north": { "texture": "#wood2", "uv": [ 0.0, 0.0, 3.0, 3.0 ] },
						"east": { "texture": "#wood", "uv": [ 0.0, 2.5, 16.0, 5.5 ], "windMode": [-1,-1,-1,-1], "windData": [0,1,1,0] },
						"west": { "texture": "#wood", "uv": [ 0.0, 2.5, 16.0, 5.5 ] },
						"up": { "texture": "#wood", "uv": [ 0.0, 3.0, 16.0, 6.0 ], "rotation": 90 },
						"down": { "texture": "#wood", "uv": [ 0.0, 3.0, 16.0, 6.0 ], "rotation": 90 }
					},
					"children": [
						{
							"name": "bigbeam4",
							"from": [ 0.0, 0.0, 16.0 ],
							"to": [ 3.0, 3.0, 32.0 ],
							"rotationOrigin": [ 0.0, 0.0, 16.0 ],
							"faces": {
								"east": { "texture": "#wood", "uv": [ 0.0, 2.5, 16.0, 5.5 ] },
								"south": { "texture": "#wood2", "uv": [ 0.0, 0.0, 3.0, 3.0 ], "windMode": [-1,-1,-1,-1], "windData": [0,0,1,1] },
								"west": { "texture": "#wood", "uv": [ 0.0, 2.5, 16.0, 5.5 ] },
								"up": { "texture": "#wood", "uv": [ 0.0, 3.0, 16.0, 6.0 ], "rotation": 90 },
								"down": { "texture": "#wood", "uv": [ 0.0, 2.5, 16.0, 5.5 ], "rotation": 90 }
							}
						}
					]
				},
				{
					"name": "bigbeam1",
					"from": [ 29.0, 13.0, 0.0 ],
					"to": [ 32.0, 16.0, 16.0 ],
					"rotationOrigin": [ 29.0, 13.0, 0.0 ],
					"faces": {
						"north": { "texture": "#wood2", "uv": [ 0.0, 0.0, 3.0, 3.0 ] },
						"east": { "texture": "#wood", "uv": [ 0.0, 13.0, 16.0, 16.0 ] },
						"west": { "texture": "#wood", "uv": [ 0.0, 13.0, 16.0, 16.0 ] },
						"up": { "texture": "#wood", "uv": [ 0.0, 13.0, 16.0, 16.0 ], "rotation": 90 },
						"down": { "texture": "#wood", "uv": [ 0.0, 13.0, 16.0, 16.0 ], "rotation": 90 }
					},
					"children": [
						{
							"name": "bigbeam2",
							"from": [ 0.0, 0.0, 16.0 ],
							"to": [ 3.0, 3.0, 32.0 ],
							"rotationOrigin": [ 0.0, 0.0, 16.0 ],
							"faces": {
								"east": { "texture": "#wood", "uv": [ 0.0, 13.0, 16.0, 16.0 ] },
								"south": { "texture": "#wood2", "uv": [ 0.0, 0.0, 3.0, 3.0 ] },
								"west": { "texture": "#wood", "uv": [ 0.0, 13.0, 16.0, 16.0 ] },
								"up": { "texture": "#wood", "uv": [ 0.0, 13.0, 16.0, 16.0 ], "rotation": 90 },
								"down": { "texture": "#wood", "uv": [ 0.0, 13.0, 16.0, 16.0 ], "rotation": 90 }
							}
						}
					]
				},
				{
					"name": "Cube23",
					"from": [ 16.0, 14.0, 0.0 ],
					"to": [ 29.0, 16.0, 2.0 ],
					"rotationOrigin": [ 16.0, 14.0, 0.0 ],
					"faces": {
						"north": { "texture": "#wood", "uv": [ 0.0, 0.0, 13.0, 2.0 ] },
						"south": { "texture": "#wood", "uv": [ 0.0, 0.0, 13.0, 2.0 ] },
						"up": { "texture": "#wood", "uv": [ 0.0, 0.0, 13.0, 2.0 ] },
						"down": { "texture": "#wood", "uv": [ 0.0, 0.0, 13.0, 2.0 ] }
					},
					"children": [
						{
							"name": "Cube24",
							"from": [ -13.0, 0.0, 0.0 ],
							"to": [ 0.0, 2.0, 2.0 ],
							"rotationOrigin": [ -13.0, 0.0, 0.0 ],
							"faces": {
								"north": { "texture": "#wood", "uv": [ 0.0, 0.0, 13.0, 2.0 ] },
								"south": { "texture": "#wood", "uv": [ 0.0, 0.0, 13.0, 2.0 ] },
								"up": { "texture": "#wood", "uv": [ 0.0, 0.0, 13.0, 2.0 ] },
								"down": { "texture": "#wood", "uv": [ 0.0, 0.0, 13.0, 2.0 ] }
							}
						}
					]
				},
				{
					"name": "Cube25",
					"from": [ 16.0, 14.0, 30.0 ],
					"to": [ 29.0, 16.0, 32.0 ],
					"rotationOrigin": [ 16.0, 14.0, 30.0 ],
					"faces": {
						"north": { "texture": "#wood", "uv": [ 0.0, 0.0, 13.0, 2.0 ] },
						"south": { "texture": "#wood", "uv": [ 0.0, 0.0, 13.0, 2.0 ] },
						"up": { "texture": "#wood", "uv": [ 0.0, 0.0, 13.0, 2.0 ] },
						"down": { "texture": "#wood", "uv": [ 0.0, 0.0, 13.0, 2.0 ] }
					},
					"children": [
						{
							"name": "Cube26",
							"from": [ -13.0, 0.0, 0.0 ],
							"to": [ 0.0, 2.0, 2.0 ],
							"rotationOrigin": [ -13.0, 0.0, 0.0 ],
							"faces": {
								"north": { "texture": "#wood", "uv": [ 0.0, 0.0, 13.0, 2.0 ] },
								"south": { "texture": "#wood", "uv": [ 0.0, 0.0, 13.0, 2.0 ] },
								"up": { "texture": "#wood", "uv": [ 0.0, 0.0, 13.0, 2.0 ] },
								"down": { "texture": "#wood", "uv": [ 0.0, 0.0, 13.0, 2.0 ] }
							}
						}
					]
				},
				{
					"name": "beam7",
					"from": [ 0.0, 0.01, 18.0 ],
					"to": [ 2.0, 13.0, 20.0 ],
					"rotationOrigin": [ 0.0, 0.0, 18.0 ],
					"faces": {
						"north": { "texture": "#wood", "uv": [ 0.0, 0.0, 12.5, 2.0 ], "rotation": 90 },
						"east": { "texture": "#wood", "uv": [ 0.0, 0.0, 12.5, 2.0 ], "rotation": 90 },
						"south": { "texture": "#wood", "uv": [ 0.0, 0.0, 12.5, 2.0 ], "rotation": 90 },
						"west": { "texture": "#wood", "uv": [ 0.0, 0.0, 12.5, 2.0 ], "rotation": 90 },
						"down": { "texture": "#wood2", "uv": [ 5.5, 5.5, 7.5, 7.5 ] }
					}
				},
				{
					"name": "beam8",
					"from": [ 30.0, 0.01, 12.0 ],
					"to": [ 32.0, 13.0, 14.0 ],
					"rotationOrigin": [ 30.0, 0.0, 12.0 ],
					"faces": {
						"north": { "texture": "#wood", "uv": [ 0.0, 0.0, 12.5, 2.0 ], "rotation": 90 },
						"east": { "texture": "#wood", "uv": [ 0.0, 0.0, 12.5, 2.0 ], "rotation": 90 },
						"south": { "texture": "#wood", "uv": [ 0.0, 0.0, 12.5, 2.0 ], "rotation": 90 },
						"west": { "texture": "#wood", "uv": [ 0.0, 0.0, 12.5, 2.0 ], "rotation": 90 },
						"down": { "texture": "#wood2", "uv": [ 0.5, 6.0, 2.5, 8.0 ] }
					}
				},
				{
					"name": "Cube29",
					"from": [ 30.0, 0.0, 14.0 ],
					"to": [ 32.0, 2.0, 18.0 ],
					"rotationOrigin": [ 30.0, 0.0, 14.0 ],
					"faces": {
						"east": { "texture": "#wood", "uv": [ 0.0, 0.0, 4.0, 2.0 ] },
						"west": { "texture": "#wood", "uv": [ 0.0, 0.0, 4.0, 2.0 ] },
						"up": { "texture": "#wood", "uv": [ 0.0, 0.0, 4.0, 2.0 ], "rotation": 90 },
						"down": { "texture": "#wood", "uv": [ 0.0, 0.0, 4.0, 2.0 ], "rotation": 90 }
					}
				},
				{
					"name": "Cube30",
					"from": [ 0.0, 0.0, 14.0 ],
					"to": [ 2.0, 2.0, 18.0 ],
					"rotationOrigin": [ 0.0, 0.0, 14.0 ],
					"faces": {
						"east": { "texture": "#wood", "uv": [ 0.0, 0.0, 4.0, 2.0 ] },
						"west": { "texture": "#wood", "uv": [ 0.0, 0.0, 4.0, 2.0 ] },
						"up": { "texture": "#wood", "uv": [ 0.0, 0.0, 4.0, 2.0 ], "rotation": 90 },
						"down": { "texture": "#wood", "uv": [ 0.0, 0.0, 4.0, 2.0 ], "rotation": 90 }
					}
				},
				{
					"name": "DiagonalCube1",
					"from": [ 3.0, 14.5, 11.0 ],
					"to": [ 19.0, 15.5, 13.0 ],
					"rotationOrigin": [ 3.0, 14.5, 13.0 ],
					"rotationY": 45.0,
					"faces": {
						"north": { "texture": "#wood2", "uv": [ 0.0, 0.0, 16.0, 1.0 ] },
						"east": { "texture": "#wood2", "uv": [ 0.0, 0.0, 2.0, 1.0 ] },
						"south": { "texture": "#wood2", "uv": [ 0.0, 0.0, 16.0, 1.0 ] },
						"west": { "texture": "#wood2", "uv": [ 0.0, 0.0, 2.0, 1.0 ] },
						"up": { "texture": "#wood2", "uv": [ 0.0, 0.0, 16.0, 2.0 ] },
						"down": { "texture": "#wood2", "uv": [ 0.0, 0.0, 16.0, 2.0 ] }
					}
				},
				{
					"name": "DiagonalCube2",
					"from": [ 3.0, 14.5, 19.0 ],
					"to": [ 19.0, 15.5, 21.0 ],
					"rotationOrigin": [ 3.0, 14.5, 19.0 ],
					"rotationY": -45.0,
					"faces": {
						"north": { "texture": "#wood2", "uv": [ 0.0, 0.0, 16.0, 1.0 ] },
						"east": { "texture": "#wood2", "uv": [ 0.0, 0.0, 2.0, 1.0 ] },
						"south": { "texture": "#wood2", "uv": [ 0.0, 0.0, 16.0, 1.0 ] },
						"west": { "texture": "#wood2", "uv": [ 0.0, 0.0, 2.0, 1.0 ] },
						"up": { "texture": "#wood2", "uv": [ 0.0, 0.0, 16.0, 2.0 ] },
						"down": { "texture": "#wood2", "uv": [ 0.0, 0.0, 16.0, 2.0 ] }
					}
				},
				{
					"name": "DiagonalCube3",
					"from": [ 29.0, 14.5, 17.0 ],
					"to": [ 45.0, 15.5, 19.0 ],
					"rotationOrigin": [ 29.0, 14.5, 19.0 ],
					"rotationY": -135.0,
					"faces": {
						"north": { "texture": "#wood2", "uv": [ 0.0, 0.0, 16.0, 1.0 ] },
						"east": { "texture": "#wood2", "uv": [ 0.0, 0.0, 2.0, 1.0 ] },
						"south": { "texture": "#wood2", "uv": [ 0.0, 0.0, 16.0, 1.0 ] },
						"west": { "texture": "#wood2", "uv": [ 0.0, 0.0, 2.0, 1.0 ] },
						"up": { "texture": "#wood2", "uv": [ 0.0, 0.0, 16.0, 2.0 ] },
						"down": { "texture": "#wood2", "uv": [ 0.0, 0.0, 16.0, 2.0 ] }
					}
				},
				{
					"name": "DiagonalCube4",
					"from": [ 29.0, 14.5, 13.0 ],
					"to": [ 45.0, 15.5, 15.0 ],
					"rotationOrigin": [ 29.0, 14.5, 13.0 ],
					"rotationY": 135.0,
					"faces": {
						"north": { "texture": "#wood2", "uv": [ 0.0, 0.0, 16.0, 1.0 ] },
						"east": { "texture": "#wood2", "uv": [ 0.0, 0.0, 2.0, 1.0 ] },
						"south": { "texture": "#wood2", "uv": [ 0.0, 0.0, 16.0, 1.0 ] },
						"west": { "texture": "#wood2", "uv": [ 0.0, 0.0, 2.0, 1.0 ] },
						"up": { "texture": "#wood2", "uv": [ 0.0, 0.0, 16.0, 2.0 ] },
						"down": { "texture": "#wood2", "uv": [ 0.0, 0.0, 16.0, 2.0 ] }
					}
				},
				{
					"name": "Cube31",
					"from": [ 0.0, 7.0, 14.0 ],
					"to": [ 2.0, 9.0, 18.0 ],
					"rotationOrigin": [ 0.0, 7.0, 14.0 ],
					"faces": {
						"east": { "texture": "#wood", "uv": [ 0.0, 0.0, 4.0, 2.0 ] },
						"west": { "texture": "#wood", "uv": [ 0.0, 0.0, 4.0, 2.0 ] },
						"down": { "texture": "#wood", "uv": [ 0.0, 0.0, 4.0, 2.0 ], "rotation": 90 }
					}
				},
				{
					"name": "Cube32",
					"from": [ 30.0, 7.0, 14.0 ],
					"to": [ 32.0, 9.0, 18.0 ],
					"rotationOrigin": [ 30.0, 7.0, 14.0 ],
					"faces": {
						"east": { "texture": "#wood", "uv": [ 0.0, 0.0, 4.0, 2.0 ] },
						"west": { "texture": "#wood", "uv": [ 0.0, 0.0, 4.0, 2.0 ] },
						"down": { "texture": "#wood", "uv": [ 0.0, 0.0, 4.0, 2.0 ], "rotation": 90 }
					}
				},
				{
					"name": "Cube33",
					"from": [ 1.0, 0.0, 31.0 ],
					"to": [ 2.0, 1.0, 31.5 ],
					"rotationOrigin": [ 1.0, 0.0, 31.0 ],
					"faces": {
						"down": { "texture": "#wood2", "uv": [ 2.0, 13.5, 3.0, 14.0 ] }
					}
				},
				{
					"name": "Cube34",
					"from": [ 15.0, 7.5, 31.0 ],
					"to": [ 17.0, 8.5, 31.5 ],
					"rotationOrigin": [ 15.0, 7.5, 31.0 ],
					"faces": {
						"down": { "texture": "#wood2", "uv": [ 2.0, 13.5, 4.0, 14.0 ] }
					}
				},
				{
					"name": "Cube35",
					"from": [ 30.0, 0.0, 31.0 ],
					"to": [ 31.0, 1.0, 31.5 ],
					"rotationOrigin": [ 30.0, 0.0, 31.0 ],
					"faces": {
						"down": { "texture": "#wood2", "uv": [ 3.5, 5.0, 4.5, 5.5 ] }
					}
				},
				{
					"name": "Cube36",
					"from": [ 31.0, 0.0, 30.0 ],
					"to": [ 31.5, 1.0, 30.9 ],
					"rotationOrigin": [ 31.0, 0.0, 30.0 ],
					"faces": {
						"down": { "texture": "#wood", "uv": [ 11.5, 9.0, 12.0, 9.5 ] }
					}
				},
				{
					"name": "Cube37",
					"from": [ 31.0, 0.0, 19.0 ],
					"to": [ 31.5, 1.0, 19.9 ],
					"rotationOrigin": [ 31.0, 0.0, 19.0 ],
					"faces": {
						"down": { "texture": "#wood", "uv": [ 12.0, 12.5, 12.5, 13.0 ] }
					}
				},
				{
					"name": "Cube38",
					"from": [ 30.5, 0.0, 18.0 ],
					"to": [ 31.5, 1.0, 18.5 ],
					"rotationOrigin": [ 30.5, 0.0, 18.0 ],
					"faces": {
						"down": { "texture": "#wood", "uv": [ 13.0, 5.0, 13.5, 6.0 ], "rotation": 90 }
					}
				},
				{
					"name": "Cube39",
					"from": [ 30.5, 0.0, 13.5 ],
					"to": [ 31.5, 1.0, 14.0 ],
					"rotationOrigin": [ 30.5, 0.0, 13.5 ],
					"faces": {
						"down": { "texture": "#wood", "uv": [ 12.5, 3.5, 13.0, 4.5 ], "rotation": 90 }
					}
				},
				{
					"name": "Cube40",
					"from": [ 31.0, 0.0, 12.0 ],
					"to": [ 31.5, 0.8, 13.0 ],
					"rotationOrigin": [ 31.0, 0.0, 12.0 ],
					"faces": {
						"down": { "texture": "#wood", "uv": [ 11.0, 3.0, 12.0, 3.5 ], "rotation": 90 }
					}
				},
				{
					"name": "Cube41",
					"from": [ 31.0, 0.0, 1.0 ],
					"to": [ 31.5, 0.8, 2.0 ],
					"rotationOrigin": [ 31.0, 0.0, 1.0 ],
					"faces": {
						"down": { "texture": "#wood", "uv": [ 11.0, 3.0, 12.0, 3.5 ], "rotation": 90 }
					}
				},
				{
					"name": "Cube42",
					"from": [ 30.0, 0.0, 0.5 ],
					"to": [ 31.0, 0.8, 1.0 ],
					"rotationOrigin": [ 30.0, 0.0, 0.5 ],
					"faces": {
						"down": { "texture": "#wood", "uv": [ 11.0, 3.0, 11.5, 4.0 ], "rotation": 90 }
					}
				},
				{
					"name": "Cube43",
					"from": [ 15.0, 7.5, 0.5 ],
					"to": [ 17.0, 8.3, 1.0 ],
					"rotationOrigin": [ 15.0, 7.5, 0.5 ],
					"faces": {
						"down": { "texture": "#wood", "uv": [ 6.5, 9.0, 8.5, 9.5 ] }
					}
				},
				{
					"name": "Cube44",
					"from": [ 1.0, 0.0, 0.5 ],
					"to": [ 2.0, 0.8, 1.0 ],
					"rotationOrigin": [ 1.0, 0.0, 0.5 ],
					"faces": {
						"down": { "texture": "#wood", "uv": [ 6.5, 9.0, 7.5, 9.5 ] }
					}
				},
				{
					"name": "Cube45",
					"from": [ 0.5, 0.0, 1.0 ],
					"to": [ 1.0, 0.8, 2.0 ],
					"rotationOrigin": [ 0.5, 0.0, 1.0 ],
					"faces": {
						"down": { "texture": "#wood", "uv": [ 6.5, 9.0, 7.0, 10.0 ] }
					}
				},
				{
					"name": "Cube46",
					"from": [ 0.5, 0.0, 12.0 ],
					"to": [ 1.0, 0.8, 13.0 ],
					"rotationOrigin": [ 0.5, 0.0, 12.0 ],
					"faces": {
						"down": { "texture": "#wood", "uv": [ 6.5, 9.0, 7.0, 10.0 ] }
					}
				},
				{
					"name": "Cube47",
					"from": [ 0.5, 0.0, 13.5 ],
					"to": [ 1.5, 0.8, 14.0 ],
					"rotationOrigin": [ 0.5, 0.0, 13.5 ],
					"faces": {
						"down": { "texture": "#wood", "uv": [ 6.5, 9.0, 7.5, 9.5 ] }
					}
				},
				{
					"name": "Cube48",
					"from": [ 0.5, 0.0, 18.0 ],
					"to": [ 1.5, 0.8, 18.5 ],
					"rotationOrigin": [ 0.5, 0.0, 18.0 ],
					"faces": {
						"down": { "texture": "#wood", "uv": [ 8.0, 6.0, 9.0, 6.5 ] }
					}
				},
				{
					"name": "Cube49",
					"from": [ 0.5, 0.0, 19.0 ],
					"to": [ 1.0, 0.8, 20.0 ],
					"rotationOrigin": [ 0.5, 0.0, 19.0 ],
					"faces": {
						"down": { "texture": "#wood", "uv": [ 8.0, 9.0, 9.0, 9.5 ], "rotation": 90 }
					}
				},
				{
					"name": "Cube50",
					"from": [ 0.5, 0.0, 30.0 ],
					"to": [ 1.0, 0.8, 31.0 ],
					"rotationOrigin": [ 0.5, 0.0, 30.0 ],
					"faces": {
						"down": { "texture": "#wood", "uv": [ 8.0, 9.0, 9.0, 9.5 ], "rotation": 90 }
					}
				}
			]
		},
		{
			"name": "originMetal",
			"from": [ 0.0, 0.0, 0.0 ],
			"to": [ 0.0, 0.0, 0.0 ],
			"faces": {
			},
			"children": [
				{
					"name": "metalW0",
					"from": [ 2.0, 7.0, 0.0 ],
					"to": [ 2.6, 9.0, 14.0 ],
					"rotationOrigin": [ 2.0, 7.0, 0.0 ],
					"faces": {
						"north": { "texture": "#metal", "uv": [ 0.0, 0.0, 0.5, 2.0 ], "windMode": [-1,-1,-1,-1] },
						"east": { "texture": "#metal", "uv": [ 0.0, 5.0, 14.0, 7.0 ] },
						"south": { "texture": "#metal", "uv": [ 0.0, 0.0, 0.5, 2.0 ], "windMode": [-1,-1,-1,-1] },
						"west": { "texture": "#metal", "uv": [ 0.0, 9.0, 14.0, 11.0 ] },
						"up": { "texture": "#metal", "uv": [ 0.0, 10.5, 14.0, 11.0 ], "rotation": 90 },
						"down": { "texture": "#metal", "uv": [ 0.0, 9.5, 14.0, 10.0 ], "rotation": 90 }
					}
				},
				{
					"name": "metalW1",
					"from": [ -0.2, 12.0, 11.8 ],
					"to": [ 2.2, 13.0, 20.2 ],
					"rotationOrigin": [ -0.2, 12.0, 11.8 ],
					"faces": {
						"north": { "texture": "#metal", "uv": [ 0.0, 0.0, 2.0, 1.0 ], "windMode": [-1,-1,-1,-1] },
						"east": { "texture": "#metal", "uv": [ 0.0, 5.0, 8.0, 6.0 ] },
						"south": { "texture": "#metal", "uv": [ 0.0, 0.0, 2.0, 1.0 ], "windMode": [-1,-1,-1,-1] },
						"west": { "texture": "#metal", "uv": [ 0.0, 9.0, 8.0, 10.0 ] },
						"up": { "texture": "#metal", "uv": [ 0.0, 10.5, 8.0, 12.5 ], "rotation": 90 },
						"down": { "texture": "#metal", "uv": [ 0.0, 9.5, 8.0, 11.5 ], "rotation": 90 }
					}
				},
				{
					"name": "metalW2",
					"from": [ -0.2, 9.01, 11.8 ],
					"to": [ 2.2, 10.01, 20.2 ],
					"rotationOrigin": [ -0.2, 9.0, 11.8 ],
					"faces": {
						"north": { "texture": "#metal", "uv": [ 6.5, 2.5, 8.5, 3.5 ] },
						"east": { "texture": "#metal", "uv": [ 0.5, 5.5, 8.5, 6.5 ] },
						"south": { "texture": "#metal", "uv": [ 11.5, 3.0, 13.5, 4.0 ] },
						"west": { "texture": "#metal", "uv": [ 0.0, 3.5, 8.0, 4.5 ] },
						"up": { "texture": "#metal", "uv": [ 0.0, 4.5, 8.0, 6.5 ], "rotation": 90 },
						"down": { "texture": "#metal", "uv": [ 0.0, 6.5, 8.0, 8.5 ], "rotation": 90 }
					}
				},
				{
					"name": "metalW3",
					"from": [ 2.0, 9.0, 14.0 ],
					"to": [ 3.5, 13.0, 18.0 ],
					"rotationOrigin": [ 2.0, 9.0, 14.0 ],
					"faces": {
						"north": { "texture": "#metal", "uv": [ 6.5, 2.5, 8.0, 6.5 ] },
						"east": { "texture": "#metal", "uv": [ 0.5, 5.5, 4.5, 9.5 ] },
						"south": { "texture": "#metal", "uv": [ 11.5, 3.0, 13.0, 7.0 ] },
						"west": { "texture": "#metal", "uv": [ 0.0, 3.5, 4.0, 7.5 ] },
						"up": { "texture": "#metal", "uv": [ 0.0, 4.5, 4.0, 6.0 ], "rotation": 90 },
						"down": { "texture": "#metal", "uv": [ 0.0, 6.5, 4.0, 8.0 ], "rotation": 90 }
					},
					"children": [
						{
							"name": "metalhole1",
							"from": [ 0.01, 1.0, 1.0 ],
							"to": [ 1.51, 3.0, 3.0 ],
							"rotationOrigin": [ 0.0, 1.0, 1.0 ],
							"faces": {
								"east": { "texture": "#black", "uv": [ 0.5, 5.5, 2.5, 7.5 ], "windMode": [-1,-1,-1,-1] }
							}
						}
					]
				},
				{
					"name": "metalE1",
					"from": [ 29.8, 12.0, 11.8 ],
					"to": [ 32.2, 13.0, 20.2 ],
					"rotationOrigin": [ 29.8, 12.0, 11.8 ],
					"faces": {
						"north": { "texture": "#metal", "uv": [ 0.0, 0.0, 2.0, 1.0 ] },
						"east": { "texture": "#metal", "uv": [ 0.0, 5.0, 8.0, 6.0 ] },
						"south": { "texture": "#metal", "uv": [ 0.0, 0.0, 2.0, 1.0 ] },
						"west": { "texture": "#metal", "uv": [ 0.0, 9.0, 8.0, 10.0 ] },
						"up": { "texture": "#metal", "uv": [ 0.0, 10.5, 8.0, 12.5 ], "rotation": 90 },
						"down": { "texture": "#metal", "uv": [ 0.0, 9.5, 8.0, 11.5 ], "rotation": 90 }
					}
				},
				{
					"name": "metalE2",
					"from": [ 29.8, 9.01, 11.8 ],
					"to": [ 32.2, 10.01, 20.2 ],
					"rotationOrigin": [ 29.8, 9.0, 11.8 ],
					"faces": {
						"north": { "texture": "#metal", "uv": [ 6.5, 2.5, 8.5, 3.5 ] },
						"east": { "texture": "#metal", "uv": [ 0.5, 5.5, 8.5, 6.5 ] },
						"south": { "texture": "#metal", "uv": [ 11.5, 3.0, 13.5, 4.0 ] },
						"west": { "texture": "#metal", "uv": [ 0.0, 3.5, 8.0, 4.5 ] },
						"up": { "texture": "#metal", "uv": [ 0.0, 4.5, 8.0, 6.5 ], "rotation": 90 },
						"down": { "texture": "#metal", "uv": [ 0.0, 6.5, 8.0, 8.5 ], "rotation": 90 }
					}
				},
				{
					"name": "metalE3",
					"from": [ 28.5, 9.0, 14.0 ],
					"to": [ 30.0, 13.0, 18.0 ],
					"rotationOrigin": [ 28.5, 9.0, 14.0 ],
					"faces": {
						"north": { "texture": "#metal", "uv": [ 6.5, 2.5, 8.0, 6.5 ] },
						"east": { "texture": "#metal", "uv": [ 0.5, 5.5, 4.5, 9.5 ] },
						"south": { "texture": "#metal", "uv": [ 11.5, 3.0, 13.0, 7.0 ] },
						"west": { "texture": "#metal", "uv": [ 0.0, 3.5, 4.0, 7.5 ] },
						"up": { "texture": "#metal", "uv": [ 0.0, 4.5, 4.0, 6.0 ], "rotation": 90 },
						"down": { "texture": "#metal", "uv": [ 0.0, 6.5, 4.0, 8.0 ], "rotation": 90 }
					},
					"children": [
						{
							"name": "metalhole2",
							"from": [ -0.01, 1.0, 1.0 ],
							"to": [ 1.49, 3.0, 3.0 ],
							"rotationOrigin": [ 0.0, 1.0, 1.0 ],
							"faces": {
								"west": { "texture": "#black", "uv": [ 0.0, 3.5, 2.0, 5.5 ], "windMode": [-1,-1,-1,-1] }
							}
						}
					]
				}
			]
		},
		{
			"name": "OriginNails",
			"from": [ 0.0, 0.0, 0.0 ],
			"to": [ 0.0, 0.0, 0.0 ],
			"faces": {
			},
			"children": [
				{
					"name": "woodnail1",
					"from": [ 1.8, 15.4, 12.2 ],
					"to": [ 2.4, 16.4, 12.8 ],
					"rotationOrigin": [ 2.1, 15.4, 12.5 ],
					"rotationY": 45.0,
					"faces": {
						"north": { "texture": "#wood2", "uv": [ 1.0, 11.5, 1.5, 12.5 ] },
						"east": { "texture": "#wood2", "uv": [ 10.0, 9.0, 10.5, 10.0 ] },
						"south": { "texture": "#wood2", "uv": [ 14.0, 12.5, 14.5, 13.5 ] },
						"west": { "texture": "#wood2", "uv": [ 4.5, 11.5, 5.0, 12.5 ] },
						"up": { "texture": "#wood2", "uv": [ 4.0, 12.5, 4.5, 13.0 ] }
					}
				},
				{
					"name": "woodnail2",
					"from": [ 12.9, 15.4, 1.0 ],
					"to": [ 13.5, 16.4, 1.6 ],
					"rotationOrigin": [ 13.1, 15.4, 1.3 ],
					"rotationY": 32.0,
					"faces": {
						"north": { "texture": "#wood2", "uv": [ 4.5, 5.0, 5.0, 6.0 ] },
						"east": { "texture": "#wood2", "uv": [ 15.0, 14.5, 15.5, 15.5 ] },
						"south": { "texture": "#wood2", "uv": [ 14.0, 1.0, 14.5, 2.0 ] },
						"west": { "texture": "#wood2", "uv": [ 3.5, 0.5, 4.0, 1.5 ] },
						"up": { "texture": "#wood2", "uv": [ 0.5, 14.0, 1.0, 14.5 ] }
					}
				},
				{
					"name": "woodnail3",
					"from": [ 18.5, 15.4, 1.0 ],
					"to": [ 19.1, 16.4, 1.6 ],
					"rotationOrigin": [ 18.7, 15.4, 1.3 ],
					"rotationY": 5.0,
					"faces": {
						"north": { "texture": "#wood2", "uv": [ 3.0, 7.5, 3.5, 8.5 ] },
						"east": { "texture": "#wood2", "uv": [ 3.5, 2.5, 4.0, 3.5 ] },
						"south": { "texture": "#wood2", "uv": [ 1.5, 10.0, 2.0, 11.0 ] },
						"west": { "texture": "#wood2", "uv": [ 8.0, 12.5, 8.5, 13.5 ] },
						"up": { "texture": "#wood2", "uv": [ 13.0, 13.5, 13.5, 14.0 ] }
					}
				},
				{
					"name": "woodnail4",
					"from": [ 1.8, 15.4, 19.5 ],
					"to": [ 2.4, 16.4, 20.1 ],
					"rotationOrigin": [ 2.1, 15.4, 19.8 ],
					"rotationY": 15.0,
					"faces": {
						"north": { "texture": "#wood2", "uv": [ 12.5, 3.5, 13.0, 4.5 ] },
						"east": { "texture": "#wood2", "uv": [ 7.5, 7.5, 8.0, 8.5 ] },
						"south": { "texture": "#wood2", "uv": [ 9.5, 6.5, 10.0, 7.5 ] },
						"west": { "texture": "#wood2", "uv": [ 0.5, 1.5, 1.0, 2.5 ] },
						"up": { "texture": "#wood2", "uv": [ 6.0, 2.5, 6.5, 3.0 ] }
					}
				},
				{
					"name": "woodnail5",
					"from": [ 29.7, 15.4, 12.2 ],
					"to": [ 30.3, 16.4, 12.8 ],
					"rotationOrigin": [ 30.0, 15.4, 12.5 ],
					"rotationY": 11.0,
					"faces": {
						"north": { "texture": "#wood2", "uv": [ 11.5, 14.0, 12.0, 15.0 ] },
						"east": { "texture": "#wood2", "uv": [ 7.0, 6.0, 7.5, 7.0 ] },
						"south": { "texture": "#wood2", "uv": [ 13.5, 11.5, 14.0, 12.5 ] },
						"west": { "texture": "#wood2", "uv": [ 2.0, 11.5, 2.5, 12.5 ] },
						"up": { "texture": "#wood2", "uv": [ 0.0, 13.5, 0.5, 14.0 ] }
					}
				},
				{
					"name": "woodnail6",
					"from": [ 29.8, 15.4, 19.5 ],
					"to": [ 30.4, 16.4, 20.1 ],
					"rotationOrigin": [ 30.1, 15.4, 19.8 ],
					"rotationY": -15.0,
					"faces": {
						"north": { "texture": "#wood2", "uv": [ 6.0, 9.0, 6.5, 10.0 ] },
						"east": { "texture": "#wood2", "uv": [ 13.5, 12.0, 14.0, 13.0 ] },
						"south": { "texture": "#wood2", "uv": [ 8.0, 5.0, 8.5, 6.0 ] },
						"west": { "texture": "#wood2", "uv": [ 1.5, 11.5, 2.0, 12.5 ] },
						"up": { "texture": "#wood2", "uv": [ 5.0, 13.0, 5.5, 13.5 ] }
					}
				},
				{
					"name": "woodnail7",
					"from": [ 18.5, 15.4, 30.7 ],
					"to": [ 19.1, 16.4, 31.3 ],
					"rotationOrigin": [ 18.7, 15.4, 31.0 ],
					"rotationY": 60.0,
					"faces": {
						"north": { "texture": "#wood2", "uv": [ 2.0, 10.0, 2.5, 11.0 ] },
						"east": { "texture": "#wood2", "uv": [ 10.0, 8.5, 10.5, 9.5 ] },
						"south": { "texture": "#wood2", "uv": [ 11.5, 0.0, 12.0, 1.0 ] },
						"west": { "texture": "#wood2", "uv": [ 0.5, 10.5, 1.0, 11.5 ] },
						"up": { "texture": "#wood2", "uv": [ 6.0, 11.5, 6.5, 12.0 ] }
					}
				},
				{
					"name": "woodnail8",
					"from": [ 12.9, 15.4, 30.6 ],
					"to": [ 13.5, 16.4, 31.2 ],
					"rotationOrigin": [ 13.1, 15.4, 30.9 ],
					"rotationY": 1.0,
					"faces": {
						"north": { "texture": "#wood2", "uv": [ 11.5, 11.5, 12.0, 12.5 ] },
						"east": { "texture": "#wood2", "uv": [ 7.5, 12.5, 8.0, 13.5 ] },
						"south": { "texture": "#wood2", "uv": [ 10.0, 1.5, 10.5, 2.5 ] },
						"west": { "texture": "#wood2", "uv": [ 0.0, 5.0, 0.5, 6.0 ] },
						"up": { "texture": "#wood2", "uv": [ 10.0, 12.5, 10.5, 13.0 ] }
					}
				}
			]
		},
		{
			"name": "OriginMetalNails",
			"from": [ 0.0, 0.0, 0.0 ],
			"to": [ 0.0, 0.0, 0.0 ],
			"faces": {
			},
			"children": [
				{
					"name": "metalnail1",
					"from": [ 1.8, 7.5, 0.4 ],
					"to": [ 2.8, 8.5, 1.4 ],
					"rotationOrigin": [ 1.8, 8.0, 0.9 ],
					"rotationX": 10.0,
					"faces": {
						"north": { "texture": "#metal", "uv": [ 4.5, 14.5, 5.5, 15.5 ] },
						"east": { "texture": "#metal", "uv": [ 1.0, 5.0, 2.0, 6.0 ] },
						"south": { "texture": "#metal", "uv": [ 12.5, 14.0, 13.5, 15.0 ] },
						"up": { "texture": "#metal", "uv": [ 7.5, 3.0, 8.5, 4.0 ] },
						"down": { "texture": "#metal", "uv": [ 4.0, 6.0, 5.0, 7.0 ] }
					},
					"children": [
						{
							"name": "metalnailhead1",
							"from": [ 0.3, 0.15, 0.15 ],
							"to": [ 1.3, 0.85, 0.85 ],
							"rotationOrigin": [ 0.3, 0.6, 0.6 ],
							"faces": {
								"north": { "texture": "#metal", "uv": [ 6.5, 0.5, 7.5, 1.0 ] },
								"east": { "texture": "#metal", "uv": [ 11.5, 11.0, 12.0, 11.5 ] },
								"south": { "texture": "#metal", "uv": [ 12.5, 4.5, 13.5, 5.0 ] },
								"up": { "texture": "#metal", "uv": [ 9.5, 10.0, 10.5, 10.5 ] },
								"down": { "texture": "#metal", "uv": [ 6.0, 10.0, 7.0, 10.5 ] }
							}
						}
					]
				},
				{
					"name": "metalnail2",
					"from": [ 1.8, 7.5, 12.4 ],
					"to": [ 2.8, 8.5, 13.4 ],
					"rotationOrigin": [ 1.8, 8.0, 12.9 ],
					"rotationX": 30.0,
					"faces": {
						"north": { "texture": "#metal", "uv": [ 13.0, 7.5, 14.0, 8.5 ] },
						"east": { "texture": "#metal", "uv": [ 8.5, 14.5, 9.5, 15.5 ] },
						"south": { "texture": "#metal", "uv": [ 0.0, 4.0, 1.0, 5.0 ] },
						"up": { "texture": "#metal", "uv": [ 10.0, 9.5, 11.0, 10.5 ] },
						"down": { "texture": "#metal", "uv": [ 8.0, 14.0, 9.0, 15.0 ] }
					},
					"children": [
						{
							"name": "metalnailhead2",
							"from": [ 0.3, 0.15, 0.15 ],
							"to": [ 1.3, 0.85, 0.85 ],
							"rotationOrigin": [ 0.3, 0.6, 0.6 ],
							"faces": {
								"north": { "texture": "#metal", "uv": [ 2.5, 8.5, 3.5, 9.0 ] },
								"east": { "texture": "#metal", "uv": [ 0.0, 4.5, 0.5, 5.0 ] },
								"south": { "texture": "#metal", "uv": [ 12.5, 1.0, 13.5, 1.5 ] },
								"up": { "texture": "#metal", "uv": [ 13.0, 9.0, 14.0, 9.5 ] },
								"down": { "texture": "#metal", "uv": [ 13.0, 0.5, 14.0, 1.0 ] }
							}
						}
					]
				},
				{
					"name": "metalnail3",
					"from": [ 1.2, 0.5, 12.4 ],
					"to": [ 2.2, 1.5, 13.4 ],
					"rotationOrigin": [ 1.2, 1.0, 12.9 ],
					"rotationX": 5.0,
					"faces": {
						"north": { "texture": "#metal", "uv": [ 0.0, 0.5, 1.0, 1.5 ] },
						"east": { "texture": "#metal", "uv": [ 5.0, 5.0, 6.0, 6.0 ] },
						"south": { "texture": "#metal", "uv": [ 2.5, 7.0, 3.5, 8.0 ] },
						"up": { "texture": "#metal", "uv": [ 2.0, 6.5, 3.0, 7.5 ] },
						"down": { "texture": "#metal", "uv": [ 7.0, 14.5, 8.0, 15.5 ] }
					},
					"children": [
						{
							"name": "metalnailhead3",
							"from": [ 0.3, 0.15, 0.15 ],
							"to": [ 1.3, 0.85, 0.85 ],
							"rotationOrigin": [ 0.3, 0.6, 0.6 ],
							"faces": {
								"north": { "texture": "#metal", "uv": [ 3.5, 8.0, 4.5, 8.5 ] },
								"east": { "texture": "#metal", "uv": [ 6.0, 0.0, 6.5, 0.5 ] },
								"south": { "texture": "#metal", "uv": [ 6.0, 13.0, 7.0, 13.5 ] },
								"up": { "texture": "#metal", "uv": [ 14.0, 12.5, 15.0, 13.0 ] },
								"down": { "texture": "#metal", "uv": [ 2.0, 11.0, 3.0, 11.5 ] }
							}
						}
					]
				},
				{
					"name": "metalnail4",
					"from": [ 1.2, 0.5, 18.4 ],
					"to": [ 2.2, 1.5, 19.4 ],
					"rotationOrigin": [ 1.2, 1.0, 18.9 ],
					"rotationX": -8.0,
					"faces": {
						"north": { "texture": "#metal", "uv": [ 12.5, 4.5, 13.5, 5.5 ] },
						"east": { "texture": "#metal", "uv": [ 1.0, 11.5, 2.0, 12.5 ] },
						"south": { "texture": "#metal", "uv": [ 5.0, 3.0, 6.0, 4.0 ] },
						"up": { "texture": "#metal", "uv": [ 1.0, 1.0, 2.0, 2.0 ] },
						"down": { "texture": "#metal", "uv": [ 10.5, 14.0, 11.5, 15.0 ] }
					},
					"children": [
						{
							"name": "metalnailhead4",
							"from": [ 0.3, 0.15, 0.15 ],
							"to": [ 1.3, 0.85, 0.85 ],
							"rotationOrigin": [ 0.3, 0.6, 0.6 ],
							"faces": {
								"north": { "texture": "#metal", "uv": [ 5.0, 10.0, 6.0, 10.5 ] },
								"east": { "texture": "#metal", "uv": [ 5.0, 15.0, 5.5, 15.5 ] },
								"south": { "texture": "#metal", "uv": [ 1.5, 7.5, 2.5, 8.0 ] },
								"up": { "texture": "#metal", "uv": [ 8.0, 15.0, 9.0, 15.5 ] },
								"down": { "texture": "#metal", "uv": [ 4.0, 0.5, 5.0, 1.0 ] }
							}
						}
					]
				},
				{
					"name": "metalnail7",
					"from": [ 30.8, 0.5, 18.6 ],
					"to": [ 31.8, 1.5, 19.6 ],
					"rotationOrigin": [ 30.8, 1.0, 19.1 ],
					"rotationX": 175.0,
					"rotationZ": -180.0,
					"faces": {
						"north": { "texture": "#metal", "uv": [ 13.5, 2.0, 14.5, 3.0 ] },
						"east": { "texture": "#metal", "uv": [ 2.0, 13.0, 3.0, 14.0 ] },
						"south": { "texture": "#metal", "uv": [ 2.5, 11.0, 3.5, 12.0 ] },
						"up": { "texture": "#metal", "uv": [ 0.0, 6.0, 1.0, 7.0 ] },
						"down": { "texture": "#metal", "uv": [ 5.5, 6.0, 6.5, 7.0 ] }
					},
					"children": [
						{
							"name": "metalnailhead7",
							"from": [ 0.3, 0.15, 0.15 ],
							"to": [ 1.3, 0.85, 0.85 ],
							"rotationOrigin": [ 0.3, 0.6, 0.6 ],
							"faces": {
								"north": { "texture": "#metal", "uv": [ 4.5, 12.5, 5.5, 13.0 ] },
								"east": { "texture": "#metal", "uv": [ 3.0, 12.0, 3.5, 12.5 ] },
								"south": { "texture": "#metal", "uv": [ 1.0, 10.0, 2.0, 10.5 ] },
								"up": { "texture": "#metal", "uv": [ 5.5, 4.0, 6.5, 4.5 ] },
								"down": { "texture": "#metal", "uv": [ 14.5, 2.0, 15.5, 2.5 ] }
							}
						}
					]
				},
				{
					"name": "metalnail10",
					"from": [ 16.1, 8.5, 0.7 ],
					"to": [ 17.1, 9.5, 1.7 ],
					"rotationOrigin": [ 16.1, 9.0, 1.2 ],
					"rotationX": 90.0,
					"rotationY": -85.0,
					"rotationZ": 90.0,
					"faces": {
						"north": { "texture": "#metal", "uv": [ 12.5, 3.0, 13.5, 4.0 ] },
						"east": { "texture": "#metal", "uv": [ 2.0, 6.0, 3.0, 7.0 ] },
						"south": { "texture": "#metal", "uv": [ 5.0, 5.5, 6.0, 6.5 ] },
						"up": { "texture": "#metal", "uv": [ 9.0, 7.5, 10.0, 8.5 ] },
						"down": { "texture": "#metal", "uv": [ 8.5, 1.5, 9.5, 2.5 ] }
					},
					"children": [
						{
							"name": "metalnailhead10",
							"from": [ 0.3, 0.15, 0.15 ],
							"to": [ 1.3, 0.85, 0.85 ],
							"rotationOrigin": [ 0.3, 0.6, 0.6 ],
							"faces": {
								"north": { "texture": "#metal", "uv": [ 4.0, 3.0, 5.0, 3.5 ] },
								"east": { "texture": "#metal", "uv": [ 6.0, 4.0, 6.5, 4.5 ] },
								"south": { "texture": "#metal", "uv": [ 2.5, 14.5, 3.5, 15.0 ] },
								"up": { "texture": "#metal", "uv": [ 0.0, 0.0, 1.0, 0.5 ] },
								"down": { "texture": "#metal", "uv": [ 13.0, 7.0, 14.0, 7.5 ] }
							}
						}
					]
				},
				{
					"name": "metalnail9",
					"from": [ 15.9, 8.5, 30.3 ],
					"to": [ 16.9, 9.5, 31.3 ],
					"rotationOrigin": [ 15.9, 9.0, 30.8 ],
					"rotationX": 90.0,
					"rotationY": 85.0,
					"rotationZ": -90.0,
					"faces": {
						"north": { "texture": "#metal", "uv": [ 14.5, 12.5, 15.5, 13.5 ] },
						"east": { "texture": "#metal", "uv": [ 7.0, 3.5, 8.0, 4.5 ] },
						"south": { "texture": "#metal", "uv": [ 6.5, 5.5, 7.5, 6.5 ] },
						"up": { "texture": "#metal", "uv": [ 7.0, 13.0, 8.0, 14.0 ] },
						"down": { "texture": "#metal", "uv": [ 11.5, 5.0, 12.5, 6.0 ] }
					},
					"children": [
						{
							"name": "metalnailhead9",
							"from": [ 0.3, 0.15, 0.15 ],
							"to": [ 1.3, 0.85, 0.85 ],
							"rotationOrigin": [ 0.3, 0.6, 0.6 ],
							"faces": {
								"north": { "texture": "#metal", "uv": [ 11.5, 13.5, 12.5, 14.0 ] },
								"east": { "texture": "#metal", "uv": [ 5.0, 13.0, 5.5, 13.5 ] },
								"south": { "texture": "#metal", "uv": [ 11.5, 10.5, 12.5, 11.0 ] },
								"up": { "texture": "#metal", "uv": [ 4.5, 2.0, 5.5, 2.5 ] },
								"down": { "texture": "#metal", "uv": [ 0.5, 6.0, 1.5, 6.5 ] }
							}
						}
					]
				},
				{
					"name": "metalnail8",
					"from": [ 30.8, 0.5, 12.6 ],
					"to": [ 31.8, 1.5, 13.6 ],
					"rotationOrigin": [ 30.8, 1.0, 13.1 ],
					"rotationX": -172.0,
					"rotationZ": 180.0,
					"faces": {
						"north": { "texture": "#metal", "uv": [ 2.5, 9.5, 3.5, 10.5 ] },
						"east": { "texture": "#metal", "uv": [ 10.5, 3.0, 11.5, 4.0 ] },
						"south": { "texture": "#metal", "uv": [ 4.0, 3.5, 5.0, 4.5 ] },
						"up": { "texture": "#metal", "uv": [ 4.5, 13.0, 5.5, 14.0 ] },
						"down": { "texture": "#metal", "uv": [ 4.0, 3.0, 5.0, 4.0 ] }
					},
					"children": [
						{
							"name": "metalnailhead8",
							"from": [ 0.3, 0.15, 0.15 ],
							"to": [ 1.3, 0.85, 0.85 ],
							"rotationOrigin": [ 0.3, 0.6, 0.6 ],
							"faces": {
								"north": { "texture": "#metal", "uv": [ 5.5, 6.0, 6.5, 6.5 ] },
								"east": { "texture": "#metal", "uv": [ 11.0, 4.5, 11.5, 5.0 ] },
								"south": { "texture": "#metal", "uv": [ 12.0, 10.5, 13.0, 11.0 ] },
								"up": { "texture": "#metal", "uv": [ 12.0, 5.0, 13.0, 5.5 ] },
								"down": { "texture": "#metal", "uv": [ 11.0, 4.0, 12.0, 4.5 ] }
							}
						}
					]
				}
			]
		},
		{
			"name": "Origin4",
			"from": [ 0.0, 0.0, 0.0 ],
			"to": [ 0.0, 0.0, 0.0 ],
			"faces": {
			}
		},
		{
			"name": "Origin5",
			"from": [ 0.0, 0.0, 0.0 ],
			"to": [ 0.0, 0.0, 0.0 ],
			"faces": {
			}
		},
		{
			"name": "Origin6",
			"from": [ 0.0, 0.0, 0.0 ],
			"to": [ 0.0, 0.0, 0.0 ],
			"faces": {
			}
		},
		{
			"name": "Empty",
			"from": [ 0.0, 0.0, 0.0 ],
			"to": [ 0.0, 0.0, 0.0 ],
			"faces": {
				"north": { "texture": "#null", "uv": [ 0.0, 0.0, 0.5, 0.5 ] },
				"east": { "texture": "#null", "uv": [ 0.0, 0.0, 0.5, 0.5 ] },
				"south": { "texture": "#null", "uv": [ 0.0, 0.0, 0.5, 0.5 ] },
				"west": { "texture": "#null", "uv": [ 0.0, 0.0, 0.5, 0.5 ] },
				"up": { "texture": "#null", "uv": [ 0.0, 0.0, 0.5, 0.5 ] },
				"down": { "texture": "#null", "uv": [ 0.0, 0.0, 0.5, 0.5 ] }
			},
			"attachmentpoints": [
				{
					"code": "BellAttachmentFrame",
					"posX": "16.0","posY": "6.0","posZ": "16.0",
					"rotationX": "0.0","rotationY": "0.0","rotationZ": "0.0"
				},
				{
					"code": "RotorAxis",
					"posX": "16.0","posY": "11.0","posZ": "16.0",
					"rotationX": "0.0","rotationY": "0.0","rotationZ": "0.0"
				}
			]
		}
	]}