{
	"editor": {
		"collapsedPaths": "Root/BellQuarter1,Root/MainAxle/CrownCenter,Root/RimCenter/1Rim1/1Rim10/1Rim11/1Rim12/1Rim13/1Rim14,Root/BellQuarter3,Root/BellQuarter2,Root/stator,Root/RimCenter/CrownSocket/CrownH7A,Root/RimCenter/CrownSocket/CrownL2A2,Root/RimCenter/CrownSocket/CrownL4A2,Root/BellQuarter3/CrownSocket3,Root/BellQuarter1/1Rim4A,Root/BellQuarter4,Root/RimCenter/1Rim3.0,Root/BellQuarter1/CrownSocket,Root/RimCenter/CrownSocket/10RimSAVE2,Root/BellQuarter1/1Rim3to4,Root/OriginRotor,Root/stator/rope,Root/RimCenter/1Rim1to2,Root/RimCenter/CrownSocket/CrownL8A,Root/BellQuarter1/CrownSocket/CrownH1A,Root/MainAxle/RotorRope1,Root/BellQuarter1/1Rim1B,Root/BellQuarter1/1Rim2,Root/RimCenter/1Rim2to3,Root/BellQuarter1/1Rim3,Root/RimCenter3,Root/RimCenter2,Root/stator/woodnailBig1,Root/RimCenter4,Root/RimCenter/1Rim1A/1Rim2/1Rim3,Root/RimCenter/CrownSocket/CrownH5A,Root/nails,Root/BellQuarter4/CrownSocket4,Root/RimCenter/1Rim2.0,Root/BellQuarter2/CrownSocket2,Root/CrownCenter,Root/OriginMetalNails/metalnail4,Root/OriginMetalNails/metalnail3,Root/BellQuarter1/1Rim1to2,Root/OriginMetalNails/metalnail2,Root/OriginMetalNails/metalnail1,Root/RimCenter/1Rim3to4,Root/RimCenter/CrownSocket/CrownH9A,Root/RimCenter/CrownSocket/10Rim4,Root/metalnails2,Root/RimCenter/1Rim1/1Rim18,Root/RimCenter/1Rim1A,Root/rotor/metal,Root/RimCenter/1Rim2/2Rim2/3Rim2/4Rim2/5Rim2/6Rim2/7Rim2,Root/1Rim1,Root/Frame,Root/metalnails,Root/OriginMetalNails/metalnail7,Root/originMetal,Root/MainAxle/Roundarch",
		"allAngles": false,
		"entityTextureMode": false
	},
	"textureWidth": 16,
	"textureHeight": 16,
	"textureSizes": {
	},
	"textures": {
	},
	"elements": [
		{
			"name": "OriginRotor",
			"from": [ 0.0, 11.0, 16.0 ],
			"to": [ 0.0, 11.0, 16.0 ],
			"rotationOrigin": [ 0.0, 11.0, 16.0 ],
			"faces": {
			},
			"children": [
				{
					"name": "metalAxle1",
					"from": [ 3.3, -0.9, -0.9 ],
					"to": [ 4.3, 0.9, 0.9 ],
					"rotationOrigin": [ 3.3, -0.9, -0.9 ],
					"faces": {
						"north": { "texture": "#metal", "uv": [ 0.0, 0.0, 1.0, 1.5 ] },
						"south": { "texture": "#metal", "uv": [ 0.0, 0.0, 1.0, 1.5 ] },
						"up": { "texture": "#metal", "uv": [ 0.0, 0.0, 1.0, 1.5 ] },
						"down": { "texture": "#metal", "uv": [ 0.0, 0.0, 1.0, 1.5 ] }
					},
					"children": [
						{
							"name": "cube33",
							"from": [ 0.7, -0.6, -0.6 ],
							"to": [ 12.7, 2.4, 2.4 ],
							"rotationOrigin": [ 0.7, -0.6, -0.6 ],
							"faces": {
								"north": { "texture": "#wood", "uv": [ 0.0, 13.0, 12.0, 16.0 ] },
								"south": { "texture": "#wood", "uv": [ 4.0, 13.0, 16.0, 16.0 ] },
								"west": { "texture": "#wood2", "uv": [ 5.0, 3.0, 8.0, 6.0 ], "windMode": [-1,-1,-1,-1] },
								"up": { "texture": "#wood", "uv": [ 4.0, 0.0, 16.0, 3.0 ] },
								"down": { "texture": "#wood", "uv": [ 0.0, 0.0, 12.0, 3.0 ] }
							},
							"children": [
								{
									"name": "wheel5",
									"from": [ -0.18, -2.0, 0.05 ],
									"to": [ 1.82, 5.0, 2.95 ],
									"rotationOrigin": [ -0.2, 1.5, 1.5 ],
									"faces": {
										"north": { "texture": "#wood2", "uv": [ 0.0, 0.0, 2.0, 7.0 ] },
										"east": { "texture": "#wood2", "uv": [ 0.0, 0.0, 2.5, 7.0 ] },
										"south": { "texture": "#wood2", "uv": [ 0.0, 0.0, 2.0, 7.0 ] },
										"west": { "texture": "#wood2", "uv": [ 0.0, 0.0, 2.5, 7.0 ] },
										"up": { "texture": "#wood2", "uv": [ 0.0, 0.0, 2.0, 2.5 ] },
										"down": { "texture": "#wood2", "uv": [ 0.0, 0.0, 2.0, 2.5 ] }
									}
								},
								{
									"name": "wheel6",
									"from": [ -0.21, -2.0, 0.05 ],
									"to": [ 1.79, 5.0, 2.95 ],
									"rotationOrigin": [ -0.2, 1.5, 1.5 ],
									"rotationX": -45.0,
									"faces": {
										"north": { "texture": "#wood2", "uv": [ 0.0, 0.0, 2.0, 7.0 ] },
										"east": { "texture": "#wood2", "uv": [ 0.0, 0.0, 2.5, 7.0 ] },
										"south": { "texture": "#wood2", "uv": [ 0.0, 0.0, 2.0, 7.0 ] },
										"west": { "texture": "#wood2", "uv": [ 0.0, 0.0, 2.5, 7.0 ] },
										"up": { "texture": "#wood2", "uv": [ 0.0, 0.0, 2.0, 2.5 ] },
										"down": { "texture": "#wood2", "uv": [ 0.0, 0.0, 2.0, 2.5 ] }
									}
								},
								{
									"name": "wheel7",
									"from": [ -0.2, -2.0, 0.05 ],
									"to": [ 1.8, 5.0, 2.95 ],
									"rotationOrigin": [ -0.2, 1.5, 1.5 ],
									"rotationX": 45.0,
									"faces": {
										"north": { "texture": "#wood2", "uv": [ 0.0, 0.0, 2.0, 7.0 ] },
										"east": { "texture": "#wood2", "uv": [ 0.0, 0.0, 2.5, 7.0 ] },
										"south": { "texture": "#wood2", "uv": [ 0.0, 0.0, 2.0, 7.0 ] },
										"west": { "texture": "#wood2", "uv": [ 0.0, 0.0, 2.5, 7.0 ] },
										"up": { "texture": "#wood2", "uv": [ 0.0, 0.0, 2.0, 2.5 ] },
										"down": { "texture": "#wood2", "uv": [ 0.0, 0.0, 2.0, 2.5 ] }
									}
								},
								{
									"name": "wheel8",
									"from": [ -0.18, -2.0, 0.05 ],
									"to": [ 1.82, 5.0, 2.95 ],
									"rotationOrigin": [ -0.2, 1.5, 1.5 ],
									"rotationX": 90.0,
									"faces": {
										"north": { "texture": "#wood2", "uv": [ 0.0, 0.0, 2.0, 7.0 ] },
										"east": { "texture": "#wood2", "uv": [ 0.0, 0.0, 2.5, 7.0 ] },
										"south": { "texture": "#wood2", "uv": [ 0.0, 0.0, 2.0, 7.0 ] },
										"west": { "texture": "#wood2", "uv": [ 0.0, 0.0, 2.5, 7.0 ] },
										"up": { "texture": "#wood2", "uv": [ 0.0, 0.0, 2.0, 2.5 ] },
										"down": { "texture": "#wood2", "uv": [ 0.0, 0.0, 2.0, 2.5 ] }
									}
								}
							]
						}
					]
				},
				{
					"name": "metalAxle2",
					"from": [ 27.8, -0.9, -0.9 ],
					"to": [ 28.8, 0.9, 0.9 ],
					"rotationOrigin": [ 27.8, -0.9, -0.9 ],
					"faces": {
						"north": { "texture": "#metal", "uv": [ 0.0, 0.0, 1.0, 1.5 ] },
						"south": { "texture": "#metal", "uv": [ 0.0, 0.0, 1.0, 1.5 ] },
						"up": { "texture": "#metal", "uv": [ 0.0, 0.0, 1.0, 1.5 ] },
						"down": { "texture": "#metal", "uv": [ 0.0, 0.0, 1.0, 1.5 ] }
					},
					"children": [
						{
							"name": "cube34",
							"from": [ -11.8, -0.6, -0.6 ],
							"to": [ 0.2, 2.4, 2.4 ],
							"rotationOrigin": [ -11.8, -0.6, -0.6 ],
							"faces": {
								"north": { "texture": "#wood", "uv": [ 4.0, 13.0, 16.0, 16.0 ] },
								"east": { "texture": "#wood2", "uv": [ 0.0, 0.0, 3.0, 3.0 ], "windMode": [-1,-1,-1,-1] },
								"south": { "texture": "#wood", "uv": [ 1.5, 13.0, 13.5, 16.0 ] },
								"up": { "texture": "#wood", "uv": [ 0.0, 0.0, 12.0, 3.0 ] },
								"down": { "texture": "#wood", "uv": [ 4.0, 0.0, 16.0, 3.0 ] }
							}
						},
						{
							"name": "cube35",
							"from": [ -17.8, 2.4, -0.6 ],
							"to": [ -5.8, 5.4, 2.4 ],
							"rotationOrigin": [ -17.8, 2.4, -0.6 ],
							"faces": {
								"north": { "texture": "#wood", "uv": [ 3.0, 3.5, 15.0, 6.5 ] },
								"east": { "texture": "#wood2", "uv": [ 0.0, 0.0, 3.0, 3.0 ] },
								"south": { "texture": "#wood", "uv": [ 0.0, 4.0, 12.0, 7.0 ] },
								"west": { "texture": "#wood2", "uv": [ 0.0, 0.0, 3.0, 3.0 ], "windMode": [-1,-1,-1,-1] },
								"up": { "texture": "#wood", "uv": [ 0.5, 5.0, 12.5, 8.0 ] }
							}
						}
					]
				},
				{
					"name": "metal",
					"from": [ 14.8, -1.7, -1.7 ],
					"to": [ 15.6, 4.7, 1.7 ],
					"rotationOrigin": [ 14.8, -1.7, -1.7 ],
					"faces": {
						"north": { "texture": "#metal", "uv": [ 4.5, 7.5, 5.0, 13.5 ] },
						"east": { "texture": "#metal", "uv": [ 1.0, 4.0, 4.0, 10.0 ] },
						"south": { "texture": "#metal", "uv": [ 5.5, 7.0, 6.0, 13.0 ] },
						"west": { "texture": "#metal", "uv": [ 0.5, 1.5, 3.5, 7.5 ] },
						"up": { "texture": "#metal", "uv": [ 10.5, 12.5, 11.0, 15.5 ] },
						"down": { "texture": "#metal", "uv": [ 9.0, 6.0, 9.5, 9.0 ] }
					},
					"children": [
						{
							"name": "metal3",
							"from": [ 0.0, -2.7, 1.1 ],
							"to": [ 0.8, 0.0, 1.3 ],
							"rotationOrigin": [ 0.0, -2.7, 1.1 ],
							"faces": {
								"north": { "texture": "#metal", "uv": [ 7.0, 8.5, 7.5, 11.0 ] },
								"east": { "texture": "#metal", "uv": [ 9.0, 0.0, 9.5, 3.5 ], "autoUv": false },
								"south": { "texture": "#metal", "uv": [ 5.0, 4.5, 5.5, 7.0 ] },
								"west": { "texture": "#metal", "uv": [ 2.0, 8.0, 2.5, 11.5 ], "autoUv": false },
								"down": { "texture": "#metal", "uv": [ 1.0, 10.5, 1.5, 11.0 ] }
							},
							"children": [
								{
									"name": "metal4",
									"from": [ 0.0, 0.0, 1.0 ],
									"to": [ 0.8, 2.7, 1.2 ],
									"rotationOrigin": [ 0.0, 0.0, 1.0 ],
									"faces": {
										"north": { "texture": "#metal", "uv": [ 6.0, 5.0, 6.5, 7.5 ] },
										"east": { "texture": "#metal", "uv": [ 3.5, 2.0, 4.0, 5.5 ], "autoUv": false },
										"south": { "texture": "#metal", "uv": [ 1.0, 10.5, 1.5, 13.0 ] },
										"west": { "texture": "#metal", "uv": [ 5.0, 6.0, 5.5, 9.5 ], "autoUv": false },
										"down": { "texture": "#metal", "uv": [ 1.0, 0.0, 1.5, 0.5 ] }
									}
								},
								{
									"name": "WedgeMetal1",
									"from": [ 0.15, 0.3, -1.0 ],
									"to": [ 0.65, 0.8, 1.7 ],
									"rotationOrigin": [ 0.2, 0.3, -1.0 ],
									"faces": {
										"north": { "texture": "#metal", "uv": [ 7.5, 7.0, 8.0, 7.5 ] },
										"east": { "texture": "#metal", "uv": [ 11.0, 3.5, 13.5, 4.0 ] },
										"south": { "texture": "#metal", "uv": [ 12.0, 8.5, 12.5, 9.0 ] },
										"west": { "texture": "#metal", "uv": [ 13.0, 2.5, 15.5, 3.0 ] },
										"up": { "texture": "#metal", "uv": [ 5.0, 0.0, 5.5, 2.5 ] },
										"down": { "texture": "#metal", "uv": [ 10.5, 6.5, 11.0, 9.0 ] }
									},
									"children": [
										{
											"name": "WedgeMetal2",
											"from": [ -0.01, 0.0, 2.7 ],
											"to": [ 0.49, 0.3, 3.3 ],
											"rotationOrigin": [ 0.05, 0.0, 2.7 ],
											"rotationX": -8.0,
											"faces": {
												"north": { "texture": "#metal", "uv": [ 10.5, 0.0, 11.0, 0.5 ] },
												"east": { "texture": "#metal", "uv": [ 11.5, 12.5, 12.0, 13.0 ] },
												"south": { "texture": "#metal", "uv": [ 2.5, 6.5, 3.0, 7.0 ] },
												"west": { "texture": "#metal", "uv": [ 12.0, 6.5, 12.5, 7.0 ] },
												"up": { "texture": "#metal", "uv": [ 11.5, 14.5, 12.0, 15.0 ] },
												"down": { "texture": "#metal", "uv": [ 6.0, 8.5, 6.5, 9.0 ] }
											}
										},
										{
											"name": "WedgeMetal3",
											"from": [ 0.0, 0.2, 2.7 ],
											"to": [ 0.5, 0.5, 3.3 ],
											"rotationOrigin": [ 0.05, 0.5, 2.7 ],
											"rotationX": 8.0,
											"faces": {
												"north": { "texture": "#metal", "uv": [ 4.5, 2.5, 5.0, 3.0 ] },
												"east": { "texture": "#metal", "uv": [ 6.0, 14.5, 6.5, 15.0 ] },
												"south": { "texture": "#metal", "uv": [ 2.5, 7.5, 3.0, 8.0 ] },
												"west": { "texture": "#metal", "uv": [ 14.5, 6.5, 15.0, 7.0 ] },
												"up": { "texture": "#metal", "uv": [ 4.5, 2.0, 5.0, 2.5 ] },
												"down": { "texture": "#metal", "uv": [ 6.5, 11.5, 7.0, 12.0 ] }
											}
										}
									]
								},
								{
									"name": "WedgeMetal4",
									"from": [ 2.15, 0.3, 2.0 ],
									"to": [ 2.65, 0.8, 4.7 ],
									"rotationOrigin": [ 2.2, 0.3, 2.0 ],
									"rotationX": -180.0,
									"rotationZ": -180.0,
									"faces": {
										"north": { "texture": "#metal", "uv": [ 7.0, 14.5, 7.5, 15.0 ] },
										"east": { "texture": "#metal", "uv": [ 3.5, 14.0, 6.0, 14.5 ] },
										"south": { "texture": "#metal", "uv": [ 3.5, 5.5, 4.0, 6.0 ] },
										"west": { "texture": "#metal", "uv": [ 8.0, 1.0, 10.5, 1.5 ] },
										"up": { "texture": "#metal", "uv": [ 11.0, 2.0, 11.5, 4.5 ] },
										"down": { "texture": "#metal", "uv": [ 6.5, 1.0, 7.0, 3.5 ] }
									},
									"children": [
										{
											"name": "WedgeMetal5",
											"from": [ -0.01, 0.0, 2.7 ],
											"to": [ 0.49, 0.3, 3.3 ],
											"rotationOrigin": [ 0.05, 0.0, 2.7 ],
											"rotationX": -8.0,
											"faces": {
												"north": { "texture": "#metal", "uv": [ 7.5, 6.5, 8.0, 7.0 ] },
												"east": { "texture": "#metal", "uv": [ 5.5, 5.0, 6.0, 5.5 ] },
												"south": { "texture": "#metal", "uv": [ 3.5, 14.5, 4.0, 15.0 ] },
												"west": { "texture": "#metal", "uv": [ 10.0, 2.5, 10.5, 3.0 ] },
												"up": { "texture": "#metal", "uv": [ 7.0, 7.0, 7.5, 7.5 ] },
												"down": { "texture": "#metal", "uv": [ 10.5, 11.0, 11.0, 11.5 ] }
											}
										},
										{
											"name": "WedgeMetal6",
											"from": [ 0.0, 0.2, 2.7 ],
											"to": [ 0.5, 0.5, 3.3 ],
											"rotationOrigin": [ 0.05, 0.5, 2.7 ],
											"rotationX": 8.0,
											"faces": {
												"north": { "texture": "#metal", "uv": [ 1.0, 7.0, 1.5, 7.5 ] },
												"east": { "texture": "#metal", "uv": [ 10.5, 12.0, 11.0, 12.5 ] },
												"south": { "texture": "#metal", "uv": [ 12.0, 6.0, 12.5, 6.5 ] },
												"west": { "texture": "#metal", "uv": [ 13.0, 0.5, 13.5, 1.0 ] },
												"up": { "texture": "#metal", "uv": [ 6.5, 2.0, 7.0, 2.5 ] },
												"down": { "texture": "#metal", "uv": [ 6.0, 0.5, 6.5, 1.0 ] }
											}
										}
									]
								},
								{
									"name": "metal5",
									"from": [ 1.6, 0.0, 0.0 ],
									"to": [ 2.4, 2.7, 0.2 ],
									"rotationOrigin": [ 1.6, 0.0, 0.0 ],
									"faces": {
										"north": { "texture": "#metal", "uv": [ 14.0, 7.5, 14.5, 10.0 ] },
										"east": { "texture": "#metal", "uv": [ 2.0, 10.0, 2.5, 13.5 ], "autoUv": false },
										"south": { "texture": "#metal", "uv": [ 8.0, 9.5, 8.5, 12.0 ] },
										"west": { "texture": "#metal", "uv": [ 6.0, 5.0, 6.5, 8.5 ], "autoUv": false },
										"down": { "texture": "#metal", "uv": [ 9.5, 0.5, 10.0, 1.0 ] }
									}
								},
								{
									"name": "metal6",
									"from": [ 1.6, 0.0, 1.0 ],
									"to": [ 2.4, 2.7, 1.2 ],
									"rotationOrigin": [ 1.6, 0.0, 1.0 ],
									"faces": {
										"north": { "texture": "#metal", "uv": [ 13.0, 9.0, 13.5, 11.5 ] },
										"east": { "texture": "#metal", "uv": [ 5.0, 1.0, 5.5, 4.5 ], "autoUv": false },
										"south": { "texture": "#metal", "uv": [ 9.0, 0.5, 9.5, 3.0 ] },
										"west": { "texture": "#metal", "uv": [ 15.0, 8.5, 15.5, 12.0 ], "autoUv": false },
										"down": { "texture": "#metal", "uv": [ 1.0, 13.5, 1.5, 14.0 ] }
									}
								},
								{
									"name": "metal8",
									"from": [ 0.0, 0.8, 1.15 ],
									"to": [ 2.6, 1.3, 1.65 ],
									"rotationOrigin": [ 0.0, 0.8, 1.65 ],
									"rotationX": 8.0,
									"faces": {
										"north": { "texture": "#metal", "uv": [ 3.5, 3.0, 6.0, 3.5 ] },
										"east": { "texture": "#metal", "uv": [ 13.5, 6.0, 14.0, 6.5 ] },
										"south": { "texture": "#metal", "uv": [ 1.5, 3.5, 4.0, 4.0 ] },
										"west": { "texture": "#metal", "uv": [ 3.5, 1.5, 4.0, 2.0 ] },
										"up": { "texture": "#metal", "uv": [ 8.0, 12.5, 10.5, 13.0 ] },
										"down": { "texture": "#metal", "uv": [ 13.0, 6.0, 15.5, 6.5 ] }
									}
								},
								{
									"name": "metal7",
									"from": [ -0.2, 0.8, -0.5 ],
									"to": [ 2.4, 1.3, 0.0 ],
									"rotationOrigin": [ -0.2, 0.8, -0.5 ],
									"rotationX": -5.0,
									"faces": {
										"north": { "texture": "#metal", "uv": [ 2.5, 9.0, 5.0, 9.5 ] },
										"east": { "texture": "#metal", "uv": [ 2.5, 11.5, 3.0, 12.0 ] },
										"south": { "texture": "#metal", "uv": [ 1.0, 8.0, 3.5, 8.5 ] },
										"west": { "texture": "#metal", "uv": [ 11.5, 5.5, 12.0, 6.0 ] },
										"up": { "texture": "#metal", "uv": [ 5.5, 11.5, 8.0, 12.0 ], "windMode": [-1,-1,-1,-1] },
										"down": { "texture": "#metal", "uv": [ 9.5, 13.0, 12.0, 13.5 ] }
									}
								},
								{
									"name": "CrownCenter",
									"from": [ 0.8, 1.4, 0.2 ],
									"to": [ 1.6, 2.4, 1.0 ],
									"rotationOrigin": [ -6.7, -6.1, -7.3 ],
									"faces": {
										"north": { "texture": "#bell", "uv": [ 8.0, 8.0, 8.5, 9.0 ] },
										"east": { "texture": "#bell", "uv": [ 2.5, 6.5, 3.0, 7.5 ] },
										"south": { "texture": "#bell", "uv": [ 0.5, 3.0, 1.0, 4.0 ] },
										"west": { "texture": "#bell", "uv": [ 1.0, 2.5, 1.5, 3.5 ] },
										"up": { "texture": "#bell", "uv": [ 1.0, 2.5, 1.5, 3.0 ] },
										"down": { "texture": "#bell", "uv": [ 0.5, 2.5, 1.0, 3.0 ] }
									},
									"children": [
										{
											"name": "CrownHook",
											"from": [ -1.4, -2.6, 0.0 ],
											"to": [ -0.6, -1.1, 0.8 ],
											"rotationOrigin": [ 0.4, 0.9, 0.4 ],
											"faces": {
												"north": { "texture": "#bell", "uv": [ 0.0, 1.5, 0.75, 3.0 ] },
												"east": { "texture": "#bell", "uv": [ 0.25, 1.25, 1.0, 2.75 ] },
												"south": { "texture": "#bell", "uv": [ 0.25, 1.5, 1.0, 3.0 ] },
												"west": { "texture": "#bell", "uv": [ 0.25, 2.5, 1.0, 4.0 ] },
												"up": { "texture": "#bell", "uv": [ 0.25, 0.25, 1.0, 1.0 ] },
												"down": { "texture": "#bell", "uv": [ 0.0, 0.0, 0.75, 0.75 ] }
											},
											"children": [
												{
													"name": "CrownHook2",
													"from": [ 0.02, 1.3, 0.01 ],
													"to": [ 0.82, 2.3, 0.81 ],
													"rotationOrigin": [ 0.0, 1.3, 0.0 ],
													"rotationZ": 10.0,
													"faces": {
														"north": { "texture": "#bell", "uv": [ 0.0, 1.5, 0.75, 2.5 ] },
														"east": { "texture": "#bell", "uv": [ 0.25, 1.5, 1.0, 2.5 ] },
														"south": { "texture": "#bell", "uv": [ 0.5, 1.75, 1.25, 2.75 ] },
														"west": { "texture": "#bell", "uv": [ 0.25, 1.25, 1.0, 2.25 ] },
														"up": { "texture": "#bell", "uv": [ 0.25, 1.0, 1.0, 1.75 ] },
														"down": { "texture": "#bell", "uv": [ 0.25, 1.25, 1.0, 2.0 ] }
													},
													"children": [
														{
															"name": "CrownHook3",
															"from": [ 0.0, 1.0, 0.0 ],
															"to": [ 1.8, 1.8, 0.8 ],
															"rotationOrigin": [ 0.0, 1.0, -0.01 ],
															"faces": {
																"north": { "texture": "#bell", "uv": [ 0.0, 0.5, 1.75, 1.25 ] },
																"east": { "texture": "#bell", "uv": [ 1.25, 1.5, 2.0, 2.25 ] },
																"south": { "texture": "#bell", "uv": [ 0.25, 0.5, 2.0, 1.25 ] },
																"west": { "texture": "#bell", "uv": [ 0.5, 1.0, 1.25, 1.75 ] },
																"up": { "texture": "#bell", "uv": [ 0.25, 0.75, 2.0, 1.5 ] },
																"down": { "texture": "#bell", "uv": [ 0.5, 0.75, 2.25, 1.5 ] }
															}
														}
													]
												}
											]
										},
										{
											"name": "CrownHook4",
											"from": [ -1.4, -2.6, 0.0 ],
											"to": [ -0.6, -1.1, 0.8 ],
											"rotationOrigin": [ 0.4, 0.9, 0.4 ],
											"rotationY": 90.0,
											"faces": {
												"north": { "texture": "#bell", "uv": [ 0.0, 1.25, 0.75, 2.75 ] },
												"east": { "texture": "#bell", "uv": [ 0.25, 2.0, 1.0, 3.5 ] },
												"south": { "texture": "#bell", "uv": [ 0.0, 1.75, 0.75, 3.25 ] },
												"west": { "texture": "#bell", "uv": [ 0.25, 1.75, 1.0, 3.25 ] },
												"up": { "texture": "#bell", "uv": [ 0.5, 1.25, 1.25, 2.0 ] },
												"down": { "texture": "#bell", "uv": [ 0.25, 0.5, 1.0, 1.25 ] }
											},
											"children": [
												{
													"name": "CrownHook5",
													"from": [ 0.02, 1.3, 0.01 ],
													"to": [ 0.82, 2.3, 0.81 ],
													"rotationOrigin": [ 0.0, 1.3, 0.0 ],
													"rotationZ": 10.0,
													"faces": {
														"north": { "texture": "#bell", "uv": [ 0.25, 1.5, 1.0, 2.5 ] },
														"east": { "texture": "#bell", "uv": [ 0.25, 1.25, 1.0, 2.25 ] },
														"south": { "texture": "#bell", "uv": [ 0.25, 1.5, 1.0, 2.5 ] },
														"west": { "texture": "#bell", "uv": [ 0.25, 1.75, 1.0, 2.75 ] },
														"up": { "texture": "#bell", "uv": [ 0.0, 1.75, 0.75, 2.5 ] },
														"down": { "texture": "#bell", "uv": [ 0.5, 1.25, 1.25, 2.0 ] }
													},
													"children": [
														{
															"name": "CrownHook6",
															"from": [ 0.0, 1.0, 0.0 ],
															"to": [ 1.8, 1.8, 0.8 ],
															"rotationOrigin": [ 0.0, 1.0, -0.01 ],
															"faces": {
																"north": { "texture": "#bell", "uv": [ 0.25, 0.5, 2.0, 1.25 ] },
																"east": { "texture": "#bell", "uv": [ 9.5, 0.5, 10.25, 1.25 ] },
																"south": { "texture": "#bell", "uv": [ 0.0, 0.5, 1.75, 1.25 ] },
																"west": { "texture": "#bell", "uv": [ 7.5, 6.75, 8.25, 7.5 ] },
																"up": { "texture": "#bell", "uv": [ 0.25, 1.0, 2.0, 1.75 ] },
																"down": { "texture": "#bell", "uv": [ 0.0, 0.0, 1.75, 0.75 ] }
															}
														}
													]
												}
											]
										},
										{
											"name": "CrownHook7",
											"from": [ -1.4, -2.6, 0.0 ],
											"to": [ -0.6, -1.1, 0.8 ],
											"rotationOrigin": [ 0.4, 0.9, 0.4 ],
											"rotationY": 180.0,
											"faces": {
												"north": { "texture": "#bell", "uv": [ 0.0, 0.75, 0.75, 2.25 ] },
												"east": { "texture": "#bell", "uv": [ 0.0, 1.75, 0.75, 3.25 ] },
												"south": { "texture": "#bell", "uv": [ 0.25, 1.5, 1.0, 3.0 ] },
												"west": { "texture": "#bell", "uv": [ 0.0, 1.5, 0.75, 3.0 ] },
												"up": { "texture": "#bell", "uv": [ 0.25, 1.25, 1.0, 2.0 ] },
												"down": { "texture": "#bell", "uv": [ 0.25, 2.5, 1.0, 3.25 ] }
											},
											"children": [
												{
													"name": "CrownHook8",
													"from": [ 0.02, 1.3, 0.01 ],
													"to": [ 0.82, 2.3, 0.81 ],
													"rotationOrigin": [ 0.0, 1.3, 0.0 ],
													"rotationZ": 10.0,
													"faces": {
														"north": { "texture": "#bell", "uv": [ 0.25, 1.5, 1.0, 2.5 ] },
														"east": { "texture": "#bell", "uv": [ 0.25, 1.0, 1.0, 2.0 ] },
														"south": { "texture": "#bell", "uv": [ 0.5, 1.5, 1.25, 2.5 ] },
														"west": { "texture": "#bell", "uv": [ 0.25, 1.0, 1.0, 2.0 ] },
														"up": { "texture": "#bell", "uv": [ 0.25, 1.25, 1.0, 2.0 ] },
														"down": { "texture": "#bell", "uv": [ 0.25, 1.5, 1.0, 2.25 ] }
													},
													"children": [
														{
															"name": "CrownHook9",
															"from": [ 0.0, 1.0, 0.0 ],
															"to": [ 1.8, 1.8, 0.8 ],
															"rotationOrigin": [ 0.0, 1.0, -0.01 ],
															"faces": {
																"north": { "texture": "#bell", "uv": [ 0.25, 1.0, 2.0, 1.75 ] },
																"east": { "texture": "#bell", "uv": [ 0.25, 1.0, 1.0, 1.75 ] },
																"south": { "texture": "#bell", "uv": [ 0.25, 1.25, 2.0, 2.0 ] },
																"west": { "texture": "#bell", "uv": [ 0.25, 1.75, 1.0, 2.5 ] },
																"up": { "texture": "#bell", "uv": [ 0.0, 0.0, 1.75, 0.75 ] },
																"down": { "texture": "#bell", "uv": [ 0.25, 1.25, 2.0, 2.0 ] }
															}
														}
													]
												}
											]
										},
										{
											"name": "CrownHook10",
											"from": [ -1.4, -2.6, 0.0 ],
											"to": [ -0.6, -1.1, 0.8 ],
											"rotationOrigin": [ 0.4, 0.9, 0.4 ],
											"rotationY": -90.0,
											"faces": {
												"north": { "texture": "#bell", "uv": [ 0.0, 2.0, 0.75, 3.5 ] },
												"east": { "texture": "#bell", "uv": [ 0.25, 1.25, 1.0, 2.75 ] },
												"south": { "texture": "#bell", "uv": [ 0.25, 1.75, 1.0, 3.25 ] },
												"west": { "texture": "#bell", "uv": [ 0.0, 1.75, 0.75, 3.25 ] },
												"up": { "texture": "#bell", "uv": [ 0.25, 2.25, 1.0, 3.0 ] },
												"down": { "texture": "#bell", "uv": [ 0.25, 1.75, 1.0, 2.5 ] }
											},
											"children": [
												{
													"name": "CrownHook11",
													"from": [ 0.02, 1.3, 0.01 ],
													"to": [ 0.82, 2.3, 0.81 ],
													"rotationOrigin": [ 0.0, 1.3, 0.0 ],
													"rotationZ": 10.0,
													"faces": {
														"north": { "texture": "#bell", "uv": [ 0.0, 1.25, 0.75, 2.25 ] },
														"east": { "texture": "#bell", "uv": [ 0.25, 1.75, 1.0, 2.75 ] },
														"south": { "texture": "#bell", "uv": [ 0.25, 1.5, 1.0, 2.5 ] },
														"west": { "texture": "#bell", "uv": [ 0.0, 2.0, 0.75, 3.0 ] },
														"up": { "texture": "#bell", "uv": [ 0.75, 1.25, 1.5, 2.0 ] },
														"down": { "texture": "#bell", "uv": [ 1.25, 0.0, 2.0, 0.75 ] }
													},
													"children": [
														{
															"name": "CrownHook12",
															"from": [ 0.0, 1.0, 0.0 ],
															"to": [ 1.8, 1.8, 0.8 ],
															"rotationOrigin": [ 0.0, 1.0, -0.01 ],
															"faces": {
																"north": { "texture": "#bell", "uv": [ 0.25, 1.5, 2.0, 2.25 ] },
																"east": { "texture": "#bell", "uv": [ 0.0, 1.25, 0.75, 2.0 ] },
																"south": { "texture": "#bell", "uv": [ 0.0, 1.5, 1.75, 2.25 ] },
																"west": { "texture": "#bell", "uv": [ 0.25, 1.75, 1.0, 2.5 ] },
																"up": { "texture": "#bell", "uv": [ 0.0, 0.25, 1.75, 1.0 ] },
																"down": { "texture": "#bell", "uv": [ 0.0, 1.5, 1.75, 2.25 ] }
															}
														}
													]
												}
											]
										}
									]
								}
							]
						},
						{
							"name": "metal2",
							"from": [ 1.6, 0.0, 0.0 ],
							"to": [ 2.4, 6.4, 3.4 ],
							"rotationOrigin": [ 1.6, 0.0, 0.0 ],
							"faces": {
								"north": { "texture": "#metal", "uv": [ 11.0, 5.0, 11.5, 11.0 ] },
								"east": { "texture": "#metal", "uv": [ 6.5, 3.5, 9.5, 9.5 ] },
								"south": { "texture": "#metal", "uv": [ 9.5, 4.0, 10.0, 10.0 ] },
								"west": { "texture": "#metal", "uv": [ 1.5, 6.5, 4.5, 12.5 ] },
								"up": { "texture": "#metal", "uv": [ 10.0, 8.5, 10.5, 11.5 ] },
								"down": { "texture": "#metal", "uv": [ 9.5, 5.0, 10.0, 8.0 ] }
							}
						},
						{
							"name": "metal9",
							"from": [ 4.6, 0.0, 0.0 ],
							"to": [ 5.4, 6.4, 3.4 ],
							"rotationOrigin": [ 4.6, 0.0, 0.0 ],
							"faces": {
								"north": { "texture": "#metal", "uv": [ 3.0, 4.5, 3.5, 10.5 ] },
								"east": { "texture": "#metal", "uv": [ 9.0, 4.5, 12.0, 10.5 ] },
								"south": { "texture": "#metal", "uv": [ 8.0, 5.5, 8.5, 11.5 ] },
								"west": { "texture": "#metal", "uv": [ 4.5, 4.0, 7.5, 10.0 ] },
								"up": { "texture": "#metal", "uv": [ 11.5, 3.5, 12.0, 6.5 ] },
								"down": { "texture": "#metal", "uv": [ 1.0, 11.0, 1.5, 14.0 ] }
							}
						},
						{
							"name": "metal10",
							"from": [ -3.4, 0.0, 0.0 ],
							"to": [ -2.6, 6.4, 3.4 ],
							"rotationOrigin": [ -3.4, 0.0, 0.0 ],
							"faces": {
								"north": { "texture": "#metal", "uv": [ 11.0, 5.0, 11.5, 11.0 ] },
								"east": { "texture": "#metal", "uv": [ 5.0, 5.0, 8.0, 11.0 ] },
								"south": { "texture": "#metal", "uv": [ 13.0, 8.0, 13.5, 14.0 ] },
								"west": { "texture": "#metal", "uv": [ 1.5, 6.5, 4.5, 12.5 ] },
								"up": { "texture": "#metal", "uv": [ 10.0, 8.5, 10.5, 11.5 ] },
								"down": { "texture": "#metal", "uv": [ 9.5, 5.0, 10.0, 8.0 ] }
							}
						}
					]
				}
			]
		}
	]}