{
	"editor": {
		"allAngles": false,
		"entityTextureMode": false
	},
	"textureWidth": 16,
	"textureHeight": 16,
	"textureSizes": {
	},
	"textures": {
		"black": "D:/Games/VintagestoryPRE1.20/assets/survival/textures/block/black",
		"iron2": "D:/Games/VintagestoryPRE1.20/assets/survival/textures/block/metal/sheet-plain/iron2",
		"sides": "D:/Games/VintagestoryPRE1.20/assets/survival/textures/block/wood/barrel/sides",
		"top-empty": "D:/Games/VintagestoryPRE1.20/assets/survival/textures/block/wood/barrel/top-empty",
		"top-lid": "D:/Games/VintagestoryPRE1.20/assets/survival/textures/block/wood/barrel/top-lid",
		"aged": "D:/Games/VintagestoryPRE1.20/assets/survival/textures/block/wood/debarked/aged",
		"generic": "D:/Games/VintagestoryPRE1.20/assets/survival/textures/block/wood/planks/generic"
	},
	"elements": [
		{
			"name": "origin",
			"from": [ 0.0, 0.0, 0.0 ],
			"to": [ 0.0, 0.0, 0.0 ],
			"faces": {
			},
			"children": [
				{
					"name": "Hole",
					"from": [ 6.0, -0.11, 6.0 ],
					"to": [ 10.0, 0.89, 10.0 ],
					"rotationOrigin": [ 6.0, -0.1, 6.0 ],
					"faces": {
						"down": { "texture": "#black", "uv": [ 0.0, 0.0, 4.0, 4.0 ] }
					}
				},
				{
					"name": "originWood",
					"from": [ 0.0, 0.0, 0.0 ],
					"to": [ 0.0, 0.0, 0.0 ],
					"faces": {
					},
					"children": [
						{
							"name": "Cube1",
							"from": [ 1.0, 3.91, 1.0 ],
							"to": [ 15.0, 15.88, 15.0 ],
							"rotationOrigin": [ 1.0, 3.9, 1.0 ],
							"faces": {
								"north": { "texture": "#sides", "uv": [ 1.0, 4.5, 15.0, 16.0 ], "autoUv": false },
								"east": { "texture": "#sides", "uv": [ 2.0, 5.0, 16.0, 16.5 ], "autoUv": false },
								"south": { "texture": "#sides", "uv": [ 0.0, 4.5, 14.0, 16.0 ] },
								"west": { "texture": "#sides", "uv": [ 1.5, 4.5, 15.5, 16.0 ] },
								"up": { "texture": "#top-empty", "uv": [ 1.0, 1.0, 15.0, 15.0 ] },
								"down": { "texture": "#top-lid", "uv": [ 1.0, 1.0, 15.0, 15.0 ] }
							}
						},
						{
							"name": "Cube2",
							"from": [ 4.0, -0.1, 4.0 ],
							"to": [ 12.0, 3.9, 12.0 ],
							"rotationOrigin": [ 4.0, -0.1, 4.0 ],
							"faces": {
								"north": { "texture": "#sides", "uv": [ 6.0, 10.0, 14.0, 14.0 ] },
								"east": { "texture": "#sides", "uv": [ 1.0, 10.0, 9.0, 14.0 ] },
								"south": { "texture": "#sides", "uv": [ 7.0, 1.0, 15.0, 5.0 ] },
								"west": { "texture": "#sides", "uv": [ 1.5, 1.0, 9.5, 5.0 ] },
								"down": { "texture": "#top-lid", "uv": [ 4.5, 4.0, 12.5, 12.0 ] }
							}
						},
						{
							"name": "beam1",
							"from": [ 0.1, 3.9, 0.1 ],
							"to": [ 3.1, 15.9, 3.1 ],
							"rotationOrigin": [ 0.1, 3.9, 0.1 ],
							"faces": {
								"north": { "texture": "#aged", "uv": [ 1.5, 3.0, 13.5, 6.0 ], "rotation": 90 },
								"east": { "texture": "#aged", "uv": [ 2.0, 11.0, 14.0, 14.0 ], "rotation": 90 },
								"south": { "texture": "#aged", "uv": [ 3.5, 6.5, 15.5, 9.5 ], "rotation": 90 },
								"west": { "texture": "#aged", "uv": [ 1.0, 8.0, 13.0, 11.0 ], "rotation": 90 },
								"up": { "texture": "#top-lid", "uv": [ 0.0, 0.0, 3.0, 3.0 ] },
								"down": { "texture": "#top-lid", "uv": [ 13.0, 0.0, 16.0, 3.0 ] }
							}
						},
						{
							"name": "beam2",
							"from": [ 12.9, 3.9, 0.1 ],
							"to": [ 15.9, 15.9, 3.1 ],
							"rotationOrigin": [ 12.9, 3.9, 0.1 ],
							"faces": {
								"north": { "texture": "#aged", "uv": [ 3.0, 12.0, 15.0, 15.0 ], "rotation": 90 },
								"east": { "texture": "#aged", "uv": [ 3.5, 8.5, 15.5, 11.5 ], "rotation": 90 },
								"south": { "texture": "#aged", "uv": [ 0.0, 7.0, 12.0, 10.0 ], "rotation": 90 },
								"west": { "texture": "#aged", "uv": [ 2.5, 8.0, 14.5, 11.0 ], "rotation": 90 },
								"up": { "texture": "#top-lid", "uv": [ 13.0, 0.0, 16.0, 3.0 ] },
								"down": { "texture": "#top-lid", "uv": [ 0.0, 0.0, 3.0, 3.0 ] }
							}
						},
						{
							"name": "beam3",
							"from": [ 12.9, 3.9, 12.9 ],
							"to": [ 15.9, 15.9, 15.9 ],
							"rotationOrigin": [ 12.9, 3.9, 12.9 ],
							"faces": {
								"north": { "texture": "#aged", "uv": [ 0.5, 0.5, 12.5, 3.5 ], "rotation": 90 },
								"east": { "texture": "#aged", "uv": [ 0.5, 7.5, 12.5, 10.5 ], "rotation": 90 },
								"south": { "texture": "#aged", "uv": [ 2.5, 2.0, 14.5, 5.0 ], "rotation": 90 },
								"west": { "texture": "#aged", "uv": [ 0.5, 11.0, 12.5, 14.0 ], "rotation": 90 },
								"up": { "texture": "#top-lid", "uv": [ 13.0, 13.0, 16.0, 16.0 ] },
								"down": { "texture": "#top-lid", "uv": [ 0.0, 13.0, 3.0, 16.0 ] }
							}
						},
						{
							"name": "beam4",
							"from": [ 0.1, 3.9, 12.9 ],
							"to": [ 3.1, 15.9, 15.9 ],
							"rotationOrigin": [ 0.1, 3.9, 12.9 ],
							"faces": {
								"north": { "texture": "#aged", "uv": [ 0.5, 2.5, 12.5, 5.5 ], "rotation": 90 },
								"east": { "texture": "#aged", "uv": [ 3.0, 10.5, 15.0, 13.5 ], "rotation": 90 },
								"south": { "texture": "#aged", "uv": [ 2.5, 2.0, 14.5, 5.0 ], "rotation": 90 },
								"west": { "texture": "#aged", "uv": [ 2.0, 7.5, 14.0, 10.5 ], "rotation": 90 },
								"up": { "texture": "#top-lid", "uv": [ 0.0, 13.0, 3.0, 16.0 ] },
								"down": { "texture": "#top-lid", "uv": [ 13.0, 13.0, 16.0, 16.0 ] }
							}
						},
						{
							"name": "AxleNS",
							"from": [ 6.5, 6.5, 0.0 ],
							"to": [ 9.5, 9.5, 16.0 ],
							"rotationOrigin": [ 6.5, 6.5, 0.0 ],
							"faces": {
								"north": { "texture": "#generic", "uv": [ 0.0, 0.0, 3.0, 3.0 ] },
								"east": { "texture": "#aged", "uv": [ 0.0, 0.0, 16.0, 3.0 ] },
								"south": { "texture": "#generic", "uv": [ 0.0, 0.0, 3.0, 3.0 ] },
								"west": { "texture": "#aged", "uv": [ 0.0, 0.0, 16.0, 3.0 ] },
								"up": { "texture": "#aged", "uv": [ 0.0, 0.0, 16.0, 3.0 ], "rotation": 90 },
								"down": { "texture": "#aged", "uv": [ 0.0, 0.0, 16.0, 3.0 ], "rotation": 90 }
							},
							"children": [
								{
									"name": "HoleAxleNS",
									"from": [ 0.7, 0.7, -0.01 ],
									"to": [ 2.3, 2.3, 16.01 ],
									"rotationOrigin": [ 0.7, 0.7, 0.0 ],
									"faces": {
										"north": { "texture": "#black", "uv": [ 0.0, 0.0, 1.5, 1.5 ] },
										"south": { "texture": "#black", "uv": [ 0.0, 0.0, 1.5, 1.5 ] }
									}
								}
							]
						},
						{
							"name": "AxleEW",
							"from": [ 0.0, 6.5, 6.5 ],
							"to": [ 16.0, 9.5, 9.5 ],
							"rotationOrigin": [ 0.0, 6.5, 6.5 ],
							"faces": {
								"north": { "texture": "#aged", "uv": [ 0.0, 0.0, 16.0, 3.0 ] },
								"east": { "texture": "#generic", "uv": [ 0.0, 0.0, 3.0, 3.0 ] },
								"south": { "texture": "#aged", "uv": [ 0.0, 0.0, 16.0, 3.0 ] },
								"west": { "texture": "#generic", "uv": [ 0.0, 0.0, 3.0, 3.0 ] },
								"up": { "texture": "#aged", "uv": [ 0.0, 0.0, 16.0, 3.0 ] },
								"down": { "texture": "#aged", "uv": [ 0.0, 0.0, 16.0, 3.0 ] }
							},
							"children": [
								{
									"name": "HoleAxleEW",
									"from": [ -0.01, 0.7, 0.7 ],
									"to": [ 16.19, 2.3, 2.3 ],
									"rotationOrigin": [ 0.0, 0.7, 0.8 ],
									"faces": {
										"east": { "texture": "#black", "uv": [ 0.0, 0.0, 1.5, 1.5 ], "windMode": [-1,-1,-1,-1] },
										"west": { "texture": "#black", "uv": [ 0.0, 0.0, 1.5, 1.5 ], "windMode": [-1,-1,-1,-1] }
									}
								}
							]
						}
					]
				},
				{
					"name": "originMetal",
					"from": [ 0.0, 0.0, 0.0 ],
					"to": [ 0.0, 0.0, 0.0 ],
					"faces": {
					},
					"children": [
						{
							"name": "BottomNorth",
							"from": [ 0.0, 3.8, 0.0 ],
							"to": [ 16.0, 4.8, 1.0 ],
							"rotationOrigin": [ 0.0, 3.8, 0.0 ],
							"faces": {
								"north": { "texture": "#iron2", "uv": [ 0.0, 7.0, 16.0, 8.0 ] },
								"east": { "texture": "#iron2", "uv": [ 7.5, 8.0, 8.5, 9.0 ] },
								"south": { "texture": "#iron2", "uv": [ 0.0, 5.0, 16.0, 6.0 ] },
								"west": { "texture": "#iron2", "uv": [ 5.5, 6.5, 6.5, 7.5 ] },
								"up": { "texture": "#iron2", "uv": [ 0.0, 9.5, 16.0, 10.5 ] },
								"down": { "texture": "#iron2", "uv": [ 0.0, 7.5, 16.0, 8.5 ] }
							}
						},
						{
							"name": "BottomSouth",
							"from": [ 0.0, 3.8, 15.0 ],
							"to": [ 16.0, 4.8, 16.0 ],
							"rotationOrigin": [ 0.0, 3.8, 15.0 ],
							"faces": {
								"north": { "texture": "#iron2", "uv": [ 0.0, 1.0, 16.0, 2.0 ] },
								"east": { "texture": "#iron2", "uv": [ 7.0, 6.5, 8.0, 7.5 ] },
								"south": { "texture": "#iron2", "uv": [ 0.0, 5.0, 16.0, 6.0 ] },
								"west": { "texture": "#iron2", "uv": [ 14.5, 10.0, 15.5, 11.0 ] },
								"up": { "texture": "#iron2", "uv": [ 0.0, 9.0, 16.0, 10.0 ] },
								"down": { "texture": "#iron2", "uv": [ 0.0, 0.0, 16.0, 1.0 ] }
							}
						},
						{
							"name": "BottomWest",
							"from": [ 0.0, 3.8, 1.0 ],
							"to": [ 1.0, 4.8, 15.0 ],
							"rotationOrigin": [ 0.0, 3.8, 1.0 ],
							"faces": {
								"east": { "texture": "#iron2", "uv": [ 1.0, 9.5, 15.0, 10.5 ] },
								"west": { "texture": "#iron2", "uv": [ 1.0, 10.0, 15.0, 11.0 ] },
								"up": { "texture": "#iron2", "uv": [ 13.5, 1.0, 14.5, 15.0 ] },
								"down": { "texture": "#iron2", "uv": [ 3.0, 0.0, 4.0, 14.0 ] }
							}
						},
						{
							"name": "BottomEast",
							"from": [ 15.0, 3.8, 1.0 ],
							"to": [ 16.0, 4.8, 15.0 ],
							"rotationOrigin": [ 15.0, 3.8, 1.0 ],
							"faces": {
								"east": { "texture": "#iron2", "uv": [ 0.0, 7.0, 14.0, 8.0 ] },
								"west": { "texture": "#iron2", "uv": [ 0.0, 6.5, 14.0, 7.5 ] },
								"up": { "texture": "#iron2", "uv": [ 2.0, 1.5, 3.0, 15.5 ] },
								"down": { "texture": "#iron2", "uv": [ 2.0, 0.5, 3.0, 14.5 ] }
							}
						},
						{
							"name": "TopNorth",
							"from": [ 0.0, 15.0, 0.0 ],
							"to": [ 16.0, 16.0, 1.0 ],
							"rotationOrigin": [ 0.0, 15.0, 0.0 ],
							"faces": {
								"north": { "texture": "#iron2", "uv": [ 0.0, 11.0, 16.0, 12.0 ] },
								"east": { "texture": "#iron2", "uv": [ 7.0, 6.5, 8.0, 7.5 ] },
								"south": { "texture": "#iron2", "uv": [ 0.0, 8.0, 16.0, 9.0 ] },
								"west": { "texture": "#iron2", "uv": [ 8.5, 2.0, 9.5, 3.0 ] },
								"up": { "texture": "#iron2", "uv": [ 0.0, 8.5, 16.0, 9.5 ] },
								"down": { "texture": "#iron2", "uv": [ 0.0, 0.5, 16.0, 1.5 ] }
							}
						},
						{
							"name": "TopSouth",
							"from": [ 0.0, 15.0, 15.0 ],
							"to": [ 16.0, 16.0, 16.0 ],
							"rotationOrigin": [ 0.0, 15.0, 15.0 ],
							"faces": {
								"north": { "texture": "#iron2", "uv": [ 0.0, 12.0, 16.0, 13.0 ] },
								"east": { "texture": "#iron2", "uv": [ 13.5, 12.0, 14.5, 13.0 ] },
								"south": { "texture": "#iron2", "uv": [ 0.0, 12.5, 16.0, 13.5 ] },
								"west": { "texture": "#iron2", "uv": [ 9.5, 1.5, 10.5, 2.5 ] },
								"up": { "texture": "#iron2", "uv": [ 0.0, 14.0, 16.0, 15.0 ] },
								"down": { "texture": "#iron2", "uv": [ 0.0, 1.5, 16.0, 2.5 ] }
							}
						},
						{
							"name": "TopWest",
							"from": [ 0.0, 15.0, 1.0 ],
							"to": [ 1.0, 16.0, 15.0 ],
							"rotationOrigin": [ 0.0, 15.0, 1.0 ],
							"faces": {
								"east": { "texture": "#iron2", "uv": [ 0.0, 2.5, 14.0, 3.5 ] },
								"west": { "texture": "#iron2", "uv": [ 0.0, 13.0, 14.0, 14.0 ] },
								"up": { "texture": "#iron2", "uv": [ 3.0, 1.5, 4.0, 15.5 ] },
								"down": { "texture": "#iron2", "uv": [ 9.0, 0.5, 10.0, 14.5 ] }
							}
						},
						{
							"name": "TopEast",
							"from": [ 15.0, 15.0, 1.0 ],
							"to": [ 16.0, 16.0, 15.0 ],
							"rotationOrigin": [ 15.0, 15.0, 1.0 ],
							"faces": {
								"east": { "texture": "#iron2", "uv": [ 1.0, 9.5, 15.0, 10.5 ] },
								"west": { "texture": "#iron2", "uv": [ 0.0, 13.0, 14.0, 14.0 ] },
								"up": { "texture": "#iron2", "uv": [ 4.0, 0.0, 5.0, 14.0 ] },
								"down": { "texture": "#iron2", "uv": [ 3.0, 1.5, 4.0, 15.5 ] }
							}
						}
					]
				}
			]
		},
		{
			"name": "origin4",
			"from": [ 0.0, 0.0, 0.0 ],
			"to": [ 0.0, 0.0, 0.0 ],
			"faces": {
			}
		},
		{
			"name": "origin5",
			"from": [ 0.0, 0.0, 0.0 ],
			"to": [ 0.0, 0.0, 0.0 ],
			"faces": {
			}
		},
		{
			"name": "origin6",
			"from": [ 0.0, 0.0, 0.0 ],
			"to": [ 0.0, 0.0, 0.0 ],
			"faces": {
			}
		}
	]}