{
  "code": "runestone",
  "classByType": {
    "*-bloodstone": "BlockBloodstoneRM"
  },
  "enabled": true,

  "storageFlags": 131077,

  "variantgroups": [
    {
      "code": "variant",
      "states": [ "bloodstone" ]
    }
  ],
  //"skipVariants": [ "*-" ],


  "attributes": {
    "handbook": {
      "groupByByType": {
        "*-bloodstone": [ "bloodstone" ]
      }
    },
    "shelvable": true,
    "onshelfTransform": {
      "translation": {
        "x": -0,
        "y": -0.375,
        "z": 0
      },
      "scale": 0.25
    },
    "displaycaseable": true,
    "onDisplayTransform": {
      "translation": {
        "x": -0,
        "y": -0.375,
        "z": 0
      },
      "scale": 0.25
    }
  },

  "shapeByType": {
    "*": { "base": "game:block/basic/cube" }
  },
  "texturesByType": {
    "*-bloodstone": {
      "all": { "base": "blocks/resources/bloodstone/bloodstone-normal*" }
    }
  },

  "creativeinventory": {
    "general": [ "*" ],
    "terrain": [ "*" ],
    "rustboundmagic": [ "*" ]
  },

  "drawtype": "json",
  "blockmaterial": "Metal",
  "replaceable": 300,
  "resistance": 4,
  "lightAbsorption": 1,

  "emitSideAo": {
    "all": false
  },

  "sidesolid": { "all": true },
  "sideopaque": { "all": true },

  "heldTpIdleAnimation": "holdbothhandslarge",
  "heldTpUseAnimation": "twohandplaceblock",


  "vertexFlagsByType": {
    "*": {
      "reflective": true,
      "windDataByType": {
        "*": 1
      }
    }
  },
  "sounds": {
    "place": "game:walk/stone",
    "break": "game:walk/stone",
    "hit": "game:walk/stone",
    "walk": "game:walk/stone"
  },

  "tpHandTransform": {
    "translation": {
      "x": -1.23,
      "y": -0.91,
      "z": -0.8
    },
    "rotation": {
      "x": -2,
      "y": 25,
      "z": -78
    },
    "scale": 0.4
  }
}