{
  "code": "enchantedstone",
  "classByType": {
    "*-ornate-*": "BlockEnchantedStoneRM",
    "*-pillar-*": "BlockEnchantedStoneRM"
  },
  "enabled": false,

  "storageFlags": 131077,

  "variantgroups": [
    {
      "code": "variant",
      "states": [ "ornate", "pillar" ]
    },
    {
      "code": "element",
      "loadFromProperties": "rustboundmagic:abstract/elements"
    },
    {
      "code": "rot",
      "states": [ "north", "east", "south", "west", "up", "down" ]
    }
  ],
  "skipVariants": [ "*-fire-*", "*-water-*", "*-wind-*", "*-earth-*", "*-lightning-*", "*-frost-*", "*-nature-*", "*-arcane-*" ],

  "behaviors": [
    {
      "name": "OmniRotatable",
      "properties": {
        "rotateSides": true,
        "facing": "block"
      }
    }
  ],

  "attributes": {
    //"canChisel": false,
    "shelvable": true,
    "onshelfTransform": {
      "translation": {
        "x": -0,
        "y": -0.375,
        "z": 0
      },
      "scale": 0.25
    },
    "displaycaseable": true,
    "onDisplayTransform": {
      "translation": {
        "x": -0,
        "y": -0.375,
        "z": 0
      },
      "scale": 0.25
    },
    "handbook": {
      "groupbyByType": {
        "enchantedstone-*": [ "enchantedstone-*" ]
      }
    }
  },

  "shapeByType": {
    "*-up": {
      "base": "game:block/basic/cube"
    },
    "*-down": {
      "base": "game:block/basic/cube",
      "rotateX": 180
    },
    "*-north": {
      "base": "game:block/basic/cube",
      "rotateX": 90,
      "rotateZ": 180
    },
    "*-south": {
      "base": "game:block/basic/cube",
      "rotateX": 90,
      "rotateZ": 0
    },
    "*-east": {
      "base": "game:block/basic/cube",
      "rotateX": 90,
      "rotateZ": 270
    },
    "*-west": {
      "base": "game:block/basic/cube",
      "rotateX": 90,
      "rotateZ": 90
    }
  },
  "texturesByType": {
    "*": {
      "all": { "base": "blocks/enchantedstone/{element}/enchantedstone-{variant}-side" },

      "up": { "base": "blocks/enchantedstone/{element}/enchantedstone-{variant}-top" },
      "down": { "base": "blocks/enchantedstone/{element}/enchantedstone-{variant}-top" }
    }
  },

  "creativeinventory": {
    "general": [ "*-up" ],
    "terrain": [ "*-up" ],
    "rustboundmagic": [ "*-up" ]
  },

  "drawtype": "json",
  "blockmaterial": "Stone",
  "resistance": 4,
  "lightAbsorption": 99,
  "maxStackSize": 64,
  "materialDensity": 700,

  "heldTpIdleAnimation": "holdbothhandslarge",
  "heldTpUseAnimation": "twohandplaceblock",

  "sidesolid": { "all": true },

  "drops": [
    {
      "type": "block",
      "code": "enchantedstone-{variant}-{element}-up",
      "quantity": { "avg": 1 }
    }
  ],

  "sounds": {
    "walk": "game:walk/stone",
    "byTool": {
      "Pickaxe": {
        "hit": "game:block/rock-hit-pickaxe",
        "break": "game:block/rock-break-pickaxe"
      }
    }
  },

  "tpHandTransform": {
    "translation": {
      "x": -1.23,
      "y": -0.91,
      "z": -0.8
    },
    "rotation": {
      "x": -2,
      "y": 25,
      "z": -78
    },
    "scale": 0.4
  }
}