{
  "code": "netherite",
  "classByType": {
    "*": "BlockNetheriteRM"
  },
  "enabled": true,

  "storageFlags": 131077,

  "variantgroups": [
    {
      "code": "variant",
      "states": [ "rock", "polished", "cobblestone", "ashlar", "engraved", "ornate", "chiseled" ]
    }
  ],
  //"skipVariants": [ "*-ornate" ],

  "attributes": {
    //"canChisel": false,
    "shelvable": true,
    "onshelfTransform": {
      "translation": {
        "x": -0,
        "y": -0.375,
        "z": 0
      },
      "scale": 0.25
    },
    "displaycaseable": true,
    "onDisplayTransform": {
      "translation": {
        "x": -0,
        "y": -0.375,
        "z": 0
      },
      "scale": 0.25
    },
    "handbook": {
      "groupbyByType": {
        "netherite-*": [ "netherite-*" ]
      }//,
      //"extraSections": [
      //  {
      //    "title": "game:Created by",
      //    "text": "rustboundmagic:handbook-thaumicworkbenchonlytier2-text"
      //  }
      //]
    }
  },

  "shapeByType": {
    "*": { "base": "game:block/basic/cube" }
  },
  "texturesByType": {
    "*-rock": {
      "all": { "base": "blocks/resources/netherite/netherite-{variant}*" }
    },
    "*-polished": {
      "all": { "base": "blocks/resources/netherite/netherite-{variant}*" }
    },
    "*-cobblestone": {
      "all": { "base": "blocks/resources/netherite/netherite-{variant}*" }
    },
    "*-ashlar": {
      "all": { "base": "blocks/resources/netherite/netherite-{variant}*" }
    },
    "*-engraved": {
      "all": { "base": "blocks/resources/netherite/netherite-{variant}*" }
    },
    "*-ornate": {
      "all": { "base": "blocks/resources/netherite/netherite-{variant}-side*" },
      "up": { "base": "blocks/resources/netherite/netherite-{variant}-top*" },
      "down": { "base": "blocks/resources/netherite/netherite-{variant}-top*" }
    },
    "*-chiseled": {
      "all": { "base": "blocks/resources/netherite/netherite-{variant}*" }
    }
  },

  "creativeinventory": {
    "general": [ "*" ],
    "terrain": [ "*" ],
    "rustboundmagic": [ "*" ]
  },

  "drawtype": "json",
  "blockmaterial": "Stone",
  "replaceable": 200,
  "resistance": 4,
  "lightAbsorption": 99,
  "maxStackSize": 64,
  "materialDensity": 700,

  "heldTpIdleAnimation": "holdbothhandslarge",
  "heldTpUseAnimation": "twohandplaceblock",

  "sounds": {
    "walk": "game:walk/stone",
    "byTool": {
      "Pickaxe": {
        "hit": "game:block/rock-hit-pickaxe",
        "break": "game:block/rock-break-pickaxe"
      }
    }
  },

  "tpHandTransform": {
    "translation": {
      "x": -1.23,
      "y": -0.91,
      "z": -0.8
    },
    "rotation": {
      "x": -2,
      "y": 25,
      "z": -78
    },
    "scale": 0.4
  }
}