{
	"editor": {
		"allAngles": false,
		"entityTextureMode": false
	},
	"textureWidth": 16,
	"textureHeight": 16,
	"textureSizes": {
	},
	"textures": {
	},
	"elements": [
		{
			"name": "centermount",
			"stepParentName": "BatterySlot",
			"from": [ -3.5, 6.7, -5.5 ],
			"to": [ 2.5, 7.2, 0.5 ],
			"rotationOrigin": [ 3.5, 6.7, -5.5 ],
			"faces": {
			},
			"children": [
				{
					"name": "_moveall",
					"from": [ 0.5, -21.7, 13.5 ],
					"to": [ 0.5, -21.7, 13.5 ],
					"rotationOrigin": [ 0.0, -4.7, 6.0 ],
					"faces": {
						"north": { "texture": "#default", "uv": [ 0.0, 0.0, 0.5, 0.5 ] },
						"east": { "texture": "#default", "uv": [ 0.0, 0.0, 0.5, 0.5 ] },
						"south": { "texture": "#default", "uv": [ 0.0, 0.0, 0.5, 0.5 ] },
						"west": { "texture": "#default", "uv": [ 0.0, 0.0, 0.5, 0.5 ] },
						"up": { "texture": "#default", "uv": [ 0.0, 0.0, 0.5, 0.5 ] },
						"down": { "texture": "#default", "uv": [ 0.0, 0.0, 0.5, 0.5 ] }
					},
					"children": [
						{
							"name": "_chassis",
							"from": [ 0.0, -2.0, 0.0 ],
							"to": [ 0.0, -2.0, 0.0 ],
							"faces": {
								"north": { "texture": "#panel", "uv": [ 9.5, 11.0, 10.0, 11.5 ] },
								"east": { "texture": "#panel", "uv": [ 4.0, 13.0, 4.5, 13.5 ] },
								"south": { "texture": "#panel", "uv": [ 6.0, 4.0, 6.5, 4.5 ] },
								"west": { "texture": "#panel", "uv": [ 10.0, 12.0, 10.5, 12.5 ] },
								"up": { "texture": "#panel", "uv": [ 10.5, 12.0, 11.0, 12.5 ] },
								"down": { "texture": "#panel", "uv": [ 8.5, 4.0, 9.0, 4.5 ] }
							},
							"children": [
								{
									"name": "_assembly-socket",
									"from": [ 0.0, -0.15, 0.0 ],
									"to": [ 0.0, -0.15, 0.0 ],
									"faces": {
										"north": { "texture": "#default", "uv": [ 0.0, 0.0, 0.5, 0.5 ] },
										"east": { "texture": "#default", "uv": [ 0.0, 0.0, 0.5, 0.5 ] },
										"south": { "texture": "#default", "uv": [ 0.0, 0.0, 0.5, 0.5 ] },
										"west": { "texture": "#default", "uv": [ 0.0, 0.0, 0.5, 0.5 ] },
										"up": { "texture": "#default", "uv": [ 0.0, 0.0, 0.5, 0.5 ] },
										"down": { "texture": "#default", "uv": [ 0.0, 0.0, 0.5, 0.5 ] }
									}
								},
								{
									"name": "_hardware-battery",
									"from": [ 6.0, 18.0, -6.0 ],
									"to": [ 6.0, 18.0, -6.0 ],
									"rotationOrigin": [ 6.0, 18.0, -6.0 ],
									"faces": {
										"north": { "texture": "#default", "uv": [ 0.0, 0.0, 0.5, 0.5 ] },
										"east": { "texture": "#default", "uv": [ 0.0, 0.0, 0.5, 0.5 ] },
										"south": { "texture": "#default", "uv": [ 0.0, 0.0, 0.5, 0.5 ] },
										"west": { "texture": "#default", "uv": [ 0.0, 0.0, 0.5, 0.5 ] },
										"up": { "texture": "#default", "uv": [ 0.0, 0.0, 0.5, 0.5 ] },
										"down": { "texture": "#default", "uv": [ 0.0, 0.0, 0.5, 0.5 ] }
									}
								}
							]
						},
						{
							"name": "_moveall1",
							"from": [ 0.0, 0.0, 0.0 ],
							"to": [ 0.0, 0.0, 0.0 ],
							"rotationOrigin": [ 8.0, 0.0, 8.0 ],
							"faces": {
								"north": { "texture": "#default", "uv": [ 0.0, 0.0, 0.5, 0.5 ] },
								"east": { "texture": "#default", "uv": [ 0.0, 0.0, 0.5, 0.5 ] },
								"south": { "texture": "#default", "uv": [ 0.0, 0.0, 0.5, 0.5 ] },
								"west": { "texture": "#default", "uv": [ 0.0, 0.0, 0.5, 0.5 ] },
								"up": { "texture": "#default", "uv": [ 0.0, 0.0, 0.5, 0.5 ] },
								"down": { "texture": "#default", "uv": [ 0.0, 0.0, 0.5, 0.5 ] }
							},
							"children": [
								{
									"name": "_engine-assemblyback",
									"from": [ 0.0, -17.0, 0.0 ],
									"to": [ 0.0, -17.0, 0.0 ],
									"rotationOrigin": [ 0.0, -17.0, 0.0 ],
									"faces": {
										"north": { "texture": "#default", "uv": [ 3.0, 5.0, 3.5, 5.5 ] },
										"east": { "texture": "#default", "uv": [ 4.5, 3.0, 5.0, 3.5 ] },
										"south": { "texture": "#default", "uv": [ 5.5, 0.5, 6.0, 1.0 ] },
										"west": { "texture": "#default", "uv": [ 12.0, 7.0, 12.5, 7.5 ] },
										"up": { "texture": "#default", "uv": [ 4.0, 5.5, 4.5, 6.0 ] },
										"down": { "texture": "#default", "uv": [ 0.0, 7.5, 0.5, 8.0 ] }
									},
									"children": [
										{
											"name": "_tubetank-right",
											"from": [ 4.0, 32.5, -12.0 ],
											"to": [ 4.0, 32.5, -12.0 ],
											"rotationOrigin": [ 5.0, 33.75, -7.0 ],
											"rotationX": -45.0,
											"faces": {
												"north": { "texture": "#default", "uv": [ 6.0, 15.0, 6.5, 15.5 ] },
												"east": { "texture": "#default", "uv": [ 5.5, 7.5, 6.0, 8.0 ] },
												"south": { "texture": "#default", "uv": [ 13.0, 3.0, 13.5, 3.5 ] },
												"west": { "texture": "#default", "uv": [ 4.0, 0.0, 4.5, 0.5 ] },
												"up": { "texture": "#default", "uv": [ 10.5, 11.5, 11.0, 12.0 ] },
												"down": { "texture": "#default", "uv": [ 3.0, 9.5, 3.5, 10.0 ] }
											},
											"children": [
												{
													"name": "tubetank-right-endtube-1-3",
													"from": [ 0.95, 0.95, 4.0 ],
													"to": [ 1.95, 1.55, 4.6 ],
													"rotationOrigin": [ 0.95, 0.95, 4.0 ],
													"rotationX": -90.0,
													"rotationZ": -90.0,
													"faces": {
														"north": { "texture": "#cupronickel1", "uv": [ 0.0, 0.0, 2.0, 1.0 ], "autoUv": false },
														"east": { "texture": "#cupronickel1", "uv": [ 0.0, 0.0, 1.0, 1.0 ], "autoUv": false },
														"south": { "texture": "#cupronickel1", "uv": [ 0.0, 0.0, 2.0, 1.0 ], "autoUv": false },
														"up": { "texture": "#cupronickel1", "uv": [ 0.0, 0.0, 2.0, 1.0 ], "autoUv": false },
														"down": { "texture": "#cupronickel1", "uv": [ 0.0, 0.0, 2.0, 1.0 ], "autoUv": false }
													},
													"children": [
														{
															"name": "tubetank-right-endtube-1-4",
															"from": [ 1.0, -0.01, 0.0 ],
															"to": [ 3.0, 0.59, 0.6 ],
															"rotationOrigin": [ 1.0, 0.0, 0.0 ],
															"rotationY": -45.0,
															"faces": {
																"north": { "texture": "#cupronickel1", "uv": [ 0.0, 0.0, 4.0, 1.0 ], "autoUv": false },
																"east": { "texture": "#cupronickel1", "uv": [ 0.0, 0.0, 1.0, 1.0 ], "autoUv": false },
																"south": { "texture": "#cupronickel1", "uv": [ 0.0, 0.0, 4.0, 1.0 ], "autoUv": false },
																"up": { "texture": "#cupronickel1", "uv": [ 0.0, 0.0, 4.0, 1.0 ], "autoUv": false },
																"down": { "texture": "#cupronickel1", "uv": [ 0.0, 0.0, 4.0, 1.0 ], "autoUv": false }
															},
															"children": [
																{
																	"name": "tubetank-right-endtube-1-5",
																	"from": [ 1.9, 0.0, 0.0 ],
																	"to": [ 2.5, 0.6, 2.8 ],
																	"rotationOrigin": [ 1.9, 0.3, 0.3 ],
																	"rotationX": -147.0,
																	"faces": {
																		"north": { "texture": "#cupronickel1", "uv": [ 0.0, 0.0, 1.0, 1.0 ], "autoUv": false },
																		"east": { "texture": "#cupronickel1", "uv": [ 0.0, 0.0, 5.0, 1.0 ], "autoUv": false },
																		"south": { "texture": "#cupronickel1", "uv": [ 0.0, 0.0, 1.0, 1.0 ], "autoUv": false },
																		"west": { "texture": "#cupronickel1", "uv": [ 0.0, 0.0, 5.0, 1.0 ], "autoUv": false },
																		"up": { "texture": "#cupronickel1", "uv": [ 0.0, 0.0, 1.0, 5.0 ], "autoUv": false },
																		"down": { "texture": "#cupronickel1", "uv": [ 0.0, 0.0, 1.0, 5.0 ], "autoUv": false }
																	}
																}
															]
														}
													]
												}
											]
										},
										{
											"name": "_tubetank-left",
											"from": [ 9.5, 32.5, -12.0 ],
											"to": [ 9.5, 32.5, -12.0 ],
											"rotationOrigin": [ 10.0, 33.75, -7.0 ],
											"rotationX": -45.0,
											"faces": {
												"north": { "texture": "#default", "uv": [ 0.0, 0.0, 0.5, 0.5 ] },
												"east": { "texture": "#default", "uv": [ 0.0, 0.0, 0.5, 0.5 ] },
												"south": { "texture": "#default", "uv": [ 0.0, 0.0, 0.5, 0.5 ] },
												"west": { "texture": "#default", "uv": [ 0.0, 0.0, 0.5, 0.5 ] },
												"up": { "texture": "#default", "uv": [ 0.0, 0.0, 0.5, 0.5 ] },
												"down": { "texture": "#default", "uv": [ 0.0, 0.0, 0.5, 0.5 ] }
											},
											"children": [
												{
													"name": "tubetank-left-endtube-1-3",
													"from": [ 0.95, 0.95, 4.0 ],
													"to": [ 1.95, 1.55, 4.6 ],
													"rotationOrigin": [ 0.95, 0.95, 4.0 ],
													"rotationX": -90.0,
													"rotationZ": -90.0,
													"faces": {
														"north": { "texture": "#cupronickel1", "uv": [ 0.0, 0.0, 2.0, 1.0 ], "autoUv": false },
														"east": { "texture": "#cupronickel1", "uv": [ 0.0, 0.0, 1.0, 1.0 ], "autoUv": false },
														"south": { "texture": "#cupronickel1", "uv": [ 0.0, 0.0, 2.0, 1.0 ], "autoUv": false },
														"up": { "texture": "#cupronickel1", "uv": [ 0.0, 0.0, 2.0, 1.0 ], "autoUv": false },
														"down": { "texture": "#cupronickel1", "uv": [ 0.0, 0.0, 2.0, 1.0 ], "autoUv": false }
													},
													"children": [
														{
															"name": "tubetank-left-endtube-1-4",
															"from": [ 1.0, 0.01, 0.0 ],
															"to": [ 3.0, 0.61, 0.6 ],
															"rotationOrigin": [ 1.0, 0.0, 0.0 ],
															"rotationY": -45.0,
															"faces": {
																"north": { "texture": "#cupronickel1", "uv": [ 0.0, 0.0, 4.0, 1.0 ], "autoUv": false },
																"east": { "texture": "#cupronickel1", "uv": [ 0.0, 0.0, 1.0, 1.0 ], "autoUv": false },
																"south": { "texture": "#cupronickel1", "uv": [ 0.0, 0.0, 4.0, 1.0 ], "autoUv": false },
																"up": { "texture": "#cupronickel1", "uv": [ 0.0, 0.0, 4.0, 1.0 ], "autoUv": false },
																"down": { "texture": "#cupronickel1", "uv": [ 0.0, 0.0, 4.0, 1.0 ], "autoUv": false }
															},
															"children": [
																{
																	"name": "tubetank-left-endtube-1-5",
																	"from": [ 1.9, 0.0, 0.0 ],
																	"to": [ 2.5, 0.6, 2.8 ],
																	"rotationOrigin": [ 1.9, 0.3, 0.3 ],
																	"rotationX": 147.0,
																	"faces": {
																		"north": { "texture": "#cupronickel1", "uv": [ 0.0, 0.0, 1.0, 1.0 ], "autoUv": false },
																		"east": { "texture": "#cupronickel1", "uv": [ 0.0, 0.0, 5.0, 1.0 ], "autoUv": false },
																		"south": { "texture": "#cupronickel1", "uv": [ 0.0, 0.0, 1.0, 1.0 ], "autoUv": false },
																		"west": { "texture": "#cupronickel1", "uv": [ 0.0, 0.0, 5.0, 1.0 ], "autoUv": false },
																		"up": { "texture": "#cupronickel1", "uv": [ 0.0, 0.0, 1.0, 5.0 ], "autoUv": false },
																		"down": { "texture": "#cupronickel1", "uv": [ 0.0, 0.0, 1.0, 5.0 ], "autoUv": false }
																	}
																}
															]
														}
													]
												}
											]
										}
									]
								}
							],
							"attachmentpoints": [
								{
									"code": "basket",
									"posX": "-4.0","posY": "7.0","posZ": "0.0",
									"rotationX": "0.0","rotationY": "0.0","rotationZ": "0.0"
								},
								{
									"code": "Center",
									"posX": "6.0","posY": "0.0","posZ": "0.0",
									"rotationX": "0.0","rotationY": "0.0","rotationZ": "0.0"
								}
							]
						},
						{
							"name": "Cube2403",
							"from": [ 5.65, 17.7, -6.8 ],
							"to": [ 10.35, 18.2, -3.6 ],
							"rotationOrigin": [ 4.4, 17.7, -6.8 ],
							"faces": {
								"north": { "texture": "#gold", "uv": [ 0.0, 0.0, 4.5, 0.5 ] },
								"east": { "texture": "#gold", "uv": [ 0.0, 0.0, 3.0, 0.5 ] },
								"south": { "texture": "#gold", "uv": [ 0.0, 0.0, 4.5, 0.5 ] },
								"west": { "texture": "#gold", "uv": [ 0.0, 0.0, 3.0, 0.5 ] },
								"up": { "texture": "#gold", "uv": [ 0.0, 0.0, 4.5, 3.0 ] },
								"down": { "texture": "#gold", "uv": [ 0.0, 0.0, 4.5, 3.0 ] }
							},
							"children": [
								{
									"name": "Cube2402",
									"from": [ 0.1, -2.0, 0.1 ],
									"to": [ 4.6, 0.0, 3.1 ],
									"rotationOrigin": [ -1.15, -2.0, 0.1 ],
									"faces": {
										"north": { "texture": "#lead", "uv": [ 0.0, 0.0, 4.5, 2.0 ] },
										"east": { "texture": "#lead", "uv": [ 0.0, 0.0, 3.0, 2.0 ] },
										"south": { "texture": "#lead", "uv": [ 0.0, 0.0, 4.5, 2.0 ] },
										"west": { "texture": "#lead", "uv": [ 0.0, 0.0, 3.0, 2.0 ] },
										"up": { "texture": "#lead", "uv": [ 0.0, 0.0, 4.5, 3.0 ] },
										"down": { "texture": "#lead", "uv": [ 0.0, 0.0, 4.5, 3.0 ] }
									}
								},
								{
									"name": "Cube2405",
									"from": [ 3.45, 0.3, 1.3 ],
									"to": [ 4.2, 0.8, 2.05 ],
									"rotationOrigin": [ 2.2, 0.3, 1.3 ],
									"faces": {
										"north": { "texture": "#cupronickel1", "uv": [ 0.0, 0.0, 0.5, 0.5 ] },
										"east": { "texture": "#cupronickel1", "uv": [ 0.0, 0.0, 0.5, 0.5 ] },
										"south": { "texture": "#cupronickel1", "uv": [ 0.0, 0.0, 0.5, 0.5 ] },
										"west": { "texture": "#cupronickel1", "uv": [ 0.0, 0.0, 0.5, 0.5 ] },
										"up": { "texture": "#cupronickel1", "uv": [ 0.0, 0.0, 0.5, 0.5 ] },
										"down": { "texture": "#cupronickel1", "uv": [ 0.0, 0.0, 0.5, 0.5 ] }
									},
									"children": [
										{
											"name": "Cube2404",
											"from": [ -2.95, 0.0, 0.0 ],
											"to": [ -2.2, 0.5, 0.75 ],
											"rotationOrigin": [ -3.9, 0.0, 0.0 ],
											"faces": {
												"north": { "texture": "#cupronickel1", "uv": [ 0.0, 0.0, 0.5, 0.5 ] },
												"east": { "texture": "#cupronickel1", "uv": [ 0.0, 0.0, 0.5, 0.5 ] },
												"south": { "texture": "#cupronickel1", "uv": [ 0.0, 0.0, 0.5, 0.5 ] },
												"west": { "texture": "#cupronickel1", "uv": [ 0.0, 0.0, 0.5, 0.5 ] },
												"up": { "texture": "#cupronickel1", "uv": [ 0.0, 0.0, 0.5, 0.5 ] },
												"down": { "texture": "#cupronickel1", "uv": [ 0.0, 0.0, 0.5, 0.5 ] }
											}
										}
									]
								},
								{
									"name": "batterycell1",
									"from": [ 0.5, -1.7, 0.0 ],
									"to": [ 1.25, -0.2, 3.2 ],
									"rotationOrigin": [ -0.75, -1.5, 0.2 ],
									"faces": {
										"north": { "texture": "#rustyglow", "uv": [ 0.0, 0.0, 0.5, 1.5 ] },
										"east": { "texture": "#rustyglow", "uv": [ 0.0, 0.0, 3.0, 1.5 ] },
										"south": { "texture": "#rustyglow", "uv": [ 0.0, 0.0, 0.5, 1.5 ] },
										"west": { "texture": "#rustyglow", "uv": [ 0.0, 0.0, 3.0, 1.5 ] },
										"up": { "texture": "#rustyglow", "uv": [ 0.0, 0.0, 0.5, 3.0 ] },
										"down": { "texture": "#rustyglow", "uv": [ 0.0, 0.0, 0.5, 3.0 ] }
									}
								},
								{
									"name": "batterycell3607",
									"from": [ 3.5, -1.7, 0.0 ],
									"to": [ 4.25, -0.2, 3.2 ],
									"rotationOrigin": [ 2.25, -1.5, 0.2 ],
									"faces": {
										"north": { "texture": "#rustyglow", "uv": [ 0.0, 0.0, 0.5, 1.5 ] },
										"east": { "texture": "#rustyglow", "uv": [ 0.0, 0.0, 3.0, 1.5 ] },
										"south": { "texture": "#rustyglow", "uv": [ 0.0, 0.0, 0.5, 1.5 ] },
										"west": { "texture": "#rustyglow", "uv": [ 0.0, 0.0, 3.0, 1.5 ] },
										"up": { "texture": "#rustyglow", "uv": [ 0.0, 0.0, 0.5, 3.0 ] },
										"down": { "texture": "#rustyglow", "uv": [ 0.0, 0.0, 0.5, 3.0 ] }
									}
								},
								{
									"name": "batterycell3608",
									"from": [ 1.5, -1.7, 0.0 ],
									"to": [ 2.25, -0.2, 3.2 ],
									"rotationOrigin": [ 0.25, -1.5, 0.2 ],
									"faces": {
										"north": { "texture": "#rustyglow", "uv": [ 0.0, 0.0, 0.5, 1.5 ] },
										"east": { "texture": "#rustyglow", "uv": [ 0.0, 0.0, 3.0, 1.5 ] },
										"south": { "texture": "#rustyglow", "uv": [ 0.0, 0.0, 0.5, 1.5 ] },
										"west": { "texture": "#rustyglow", "uv": [ 0.0, 0.0, 3.0, 1.5 ] },
										"up": { "texture": "#rustyglow", "uv": [ 0.0, 0.0, 0.5, 3.0 ] },
										"down": { "texture": "#rustyglow", "uv": [ 0.0, 0.0, 0.5, 3.0 ] }
									}
								},
								{
									"name": "batterycell3609",
									"from": [ 2.5, -1.7, 0.0 ],
									"to": [ 3.25, -0.2, 3.2 ],
									"rotationOrigin": [ 1.25, -1.5, 0.2 ],
									"faces": {
										"north": { "texture": "#rustyglow", "uv": [ 0.0, 0.0, 0.5, 1.5 ] },
										"east": { "texture": "#rustyglow", "uv": [ 0.0, 0.0, 3.0, 1.5 ] },
										"south": { "texture": "#rustyglow", "uv": [ 0.0, 0.0, 0.5, 1.5 ] },
										"west": { "texture": "#rustyglow", "uv": [ 0.0, 0.0, 3.0, 1.5 ] },
										"up": { "texture": "#rustyglow", "uv": [ 0.0, 0.0, 0.5, 3.0 ] },
										"down": { "texture": "#rustyglow", "uv": [ 0.0, 0.0, 0.5, 3.0 ] }
									}
								},
								{
									"name": "Cube2406",
									"from": [ 1.1, -1.99, 1.1 ],
									"to": [ 3.6, 1.01, 3.1 ],
									"rotationOrigin": [ 2.35, -1.0, 1.1 ],
									"rotationY": 180.0,
									"faces": {
										"north": { "texture": "#lead", "uv": [ 0.0, 0.0, 2.5, 3.0 ] },
										"east": { "texture": "#lead", "uv": [ 0.0, 0.0, 2.0, 3.0 ] },
										"south": { "texture": "#lead", "uv": [ 0.0, 0.0, 2.5, 3.0 ] },
										"west": { "texture": "#lead", "uv": [ 0.0, 0.0, 2.0, 3.0 ] },
										"up": { "texture": "#lead", "uv": [ 0.0, 0.0, 2.5, 2.0 ] },
										"down": { "texture": "#lead", "uv": [ 0.0, 0.0, 2.5, 2.0 ] }
									},
									"children": [
										{
											"name": "batterycell3610",
											"from": [ 0.4, 1.79, 0.9 ],
											"to": [ 2.15, 2.79, 2.1 ],
											"rotationOrigin": [ -0.85, 1.99, 1.1 ],
											"faces": {
												"north": { "texture": "#rustyglow", "uv": [ 0.0, 0.0, 1.5, 1.0 ] },
												"east": { "texture": "#rustyglow", "uv": [ 0.0, 0.0, 1.0, 1.0 ] },
												"south": { "texture": "#rustyglow", "uv": [ 0.0, 0.0, 1.5, 1.0 ] },
												"west": { "texture": "#rustyglow", "uv": [ 0.0, 0.0, 1.0, 1.0 ] },
												"up": { "texture": "#rustyglow", "uv": [ 0.0, 0.0, 1.5, 1.0 ] },
												"down": { "texture": "#rustyglow", "uv": [ 0.0, 0.0, 1.5, 1.0 ] }
											}
										},
										{
											"name": "batterycell3611",
											"from": [ 0.4, 0.29, 0.9 ],
											"to": [ 2.15, 1.29, 2.1 ],
											"rotationOrigin": [ -0.85, 0.49, 1.1 ],
											"faces": {
												"north": { "texture": "#rustyglow", "uv": [ 0.0, 0.0, 1.5, 1.0 ] },
												"east": { "texture": "#rustyglow", "uv": [ 0.0, 0.0, 1.0, 1.0 ] },
												"south": { "texture": "#rustyglow", "uv": [ 0.0, 0.0, 1.5, 1.0 ] },
												"west": { "texture": "#rustyglow", "uv": [ 0.0, 0.0, 1.0, 1.0 ] },
												"up": { "texture": "#rustyglow", "uv": [ 0.0, 0.0, 1.5, 1.0 ] },
												"down": { "texture": "#rustyglow", "uv": [ 0.0, 0.0, 1.5, 1.0 ] }
											}
										},
										{
											"name": "Cube2407",
											"from": [ -0.1, 3.0, -0.1 ],
											"to": [ 2.6, 3.5, 2.1 ],
											"rotationOrigin": [ -1.35, 3.99, -0.1 ],
											"faces": {
												"north": { "texture": "#gold", "uv": [ 0.0, 0.0, 2.5, 0.5 ] },
												"east": { "texture": "#gold", "uv": [ 0.0, 0.0, 2.0, 0.5 ] },
												"south": { "texture": "#gold", "uv": [ 0.0, 0.0, 2.5, 0.5 ] },
												"west": { "texture": "#gold", "uv": [ 0.0, 0.0, 2.0, 0.5 ] },
												"up": { "texture": "#gold", "uv": [ 0.0, 0.0, 2.5, 2.0 ] },
												"down": { "texture": "#gold", "uv": [ 0.0, 0.0, 2.5, 2.0 ] }
											}
										}
									]
								}
							]
						}
					]
				}
			]
		}
	]}