{
	"editor": {
		"allAngles": false,
		"entityTextureMode": false
	},
	"textureWidth": 16,
	"textureHeight": 16,
	"textureSizes": {
	},
	"textures": {
	},
	"elements": [
		{
			"name": "_origin",
			"from": [ 0.0, 0.25, 2.25 ],
			"to": [ 0.0, 0.25, 2.25 ],
			"rotationOrigin": [ 4.0, 0.0, 1.0 ],
			"rotationX": -45.0,
			"faces": {
				"north": { "texture": "#default", "uv": [ 0.0, 0.0, 0.5, 0.5 ], "autoUv": false },
				"east": { "texture": "#default", "uv": [ 0.0, 0.0, 0.5, 0.5 ], "autoUv": false },
				"south": { "texture": "#default", "uv": [ 0.0, 0.0, 0.5, 0.5 ], "autoUv": false },
				"west": { "texture": "#default", "uv": [ 0.0, 0.0, 0.5, 0.5 ], "autoUv": false },
				"up": { "texture": "#default", "uv": [ 0.0, 0.0, 0.5, 0.5 ], "autoUv": false },
				"down": { "texture": "#default", "uv": [ 0.0, 0.0, 0.5, 0.5 ], "autoUv": false }
			},
			"children": [
				{
					"name": "casing-1.1",
					"from": [ 2.5, 0.0, 0.0 ],
					"to": [ 5.5, 0.75, 0.5 ],
					"rotationOrigin": [ 2.5, 0.0, 0.0 ],
					"faces": {
						"north": { "texture": "#frame2", "uv": [ 0.0, 0.0, 6.0, 1.5 ], "autoUv": false },
						"east": { "texture": "#frame2", "uv": [ 0.0, 0.0, 1.0, 1.5 ], "autoUv": false },
						"south": { "texture": "#frame2", "uv": [ 0.0, 0.0, 6.0, 1.5 ], "autoUv": false },
						"west": { "texture": "#frame2", "uv": [ 0.0, 0.0, 1.0, 1.5 ], "autoUv": false },
						"up": { "texture": "#frame2", "uv": [ 0.0, 0.0, 6.0, 1.0 ], "autoUv": false },
						"down": { "texture": "#frame2", "uv": [ 0.0, 0.0, 6.0, 1.0 ], "autoUv": false }
					},
					"children": [
						{
							"name": "casing-1.2",
							"from": [ 3.0, 0.005, 0.0 ],
							"to": [ 3.75, 0.755, 0.5 ],
							"rotationOrigin": [ 3.0, 0.0, 0.0 ],
							"rotationY": -45.0,
							"faces": {
								"north": { "texture": "#frame2", "uv": [ 0.0, 0.0, 1.5, 1.5 ], "autoUv": false },
								"east": { "texture": "#frame2", "uv": [ 0.0, 0.0, 1.0, 1.5 ], "autoUv": false },
								"south": { "texture": "#frame2", "uv": [ 0.0, 0.0, 1.5, 1.5 ], "autoUv": false },
								"west": { "texture": "#frame2", "uv": [ 0.0, 0.0, 1.0, 1.5 ], "autoUv": false },
								"up": { "texture": "#frame2", "uv": [ 0.0, 0.0, 1.5, 1.0 ], "autoUv": false },
								"down": { "texture": "#frame2", "uv": [ 0.0, 0.0, 1.5, 1.0 ], "autoUv": false }
							},
							"children": [
								{
									"name": "casing-1.3",
									"from": [ 0.75, -0.005, 0.0 ],
									"to": [ 2.0, 0.745, 0.5 ],
									"rotationOrigin": [ 0.75, 0.0, 0.0 ],
									"rotationY": -45.0,
									"faces": {
										"north": { "texture": "#frame2", "uv": [ 0.0, 0.0, 2.5, 1.5 ], "autoUv": false },
										"east": { "texture": "#frame2", "uv": [ 0.0, 0.0, 1.0, 1.5 ], "autoUv": false },
										"south": { "texture": "#frame2", "uv": [ 0.0, 0.0, 2.5, 1.5 ], "autoUv": false },
										"west": { "texture": "#frame2", "uv": [ 0.0, 0.0, 1.0, 1.5 ], "autoUv": false },
										"up": { "texture": "#frame2", "uv": [ 0.0, 0.0, 2.5, 1.0 ], "autoUv": false },
										"down": { "texture": "#frame2", "uv": [ 0.0, 0.0, 2.5, 1.0 ], "autoUv": false }
									},
									"children": [
										{
											"name": "casing-1.4",
											"from": [ 1.25, 0.005, 0.0 ],
											"to": [ 2.0, 0.755, 0.5 ],
											"rotationOrigin": [ 1.25, 0.0, 0.0 ],
											"rotationY": -45.0,
											"faces": {
												"north": { "texture": "#frame2", "uv": [ 0.0, 0.0, 1.5, 1.5 ], "autoUv": false },
												"east": { "texture": "#frame2", "uv": [ 0.0, 0.0, 1.0, 1.5 ], "autoUv": false },
												"south": { "texture": "#frame2", "uv": [ 0.0, 0.0, 1.5, 1.5 ], "autoUv": false },
												"west": { "texture": "#frame2", "uv": [ 0.0, 0.0, 1.0, 1.5 ], "autoUv": false },
												"up": { "texture": "#frame2", "uv": [ 0.0, 0.0, 1.5, 1.0 ], "autoUv": false },
												"down": { "texture": "#frame2", "uv": [ 0.0, 0.0, 1.5, 1.0 ], "autoUv": false }
											},
											"children": [
												{
													"name": "casing-1.5",
													"from": [ 0.75, -0.005, 0.0 ],
													"to": [ 3.75, 0.745, 0.5 ],
													"rotationOrigin": [ 0.75, -0.005, 0.0 ],
													"rotationY": -45.0,
													"faces": {
														"north": { "texture": "#frame2", "uv": [ 0.0, 0.0, 6.0, 1.5 ], "autoUv": false },
														"east": { "texture": "#frame2", "uv": [ 0.0, 0.0, 1.0, 1.5 ], "autoUv": false },
														"south": { "texture": "#frame2", "uv": [ 0.0, 0.0, 6.0, 1.5 ], "autoUv": false },
														"west": { "texture": "#frame2", "uv": [ 0.0, 0.0, 1.0, 1.5 ], "autoUv": false },
														"up": { "texture": "#frame2", "uv": [ 0.0, 0.0, 6.0, 1.0 ], "autoUv": false },
														"down": { "texture": "#frame2", "uv": [ 0.0, 0.0, 6.0, 1.0 ], "autoUv": false }
													},
													"children": [
														{
															"name": "casing-1.6",
															"from": [ 3.0, 0.005, 0.0 ],
															"to": [ 3.75, 0.755, 0.5 ],
															"rotationOrigin": [ 3.0, 0.0, 0.0 ],
															"rotationY": -45.0,
															"faces": {
																"north": { "texture": "#frame2", "uv": [ 0.0, 0.0, 1.5, 1.5 ], "autoUv": false },
																"east": { "texture": "#frame2", "uv": [ 0.0, 0.0, 1.0, 1.5 ], "autoUv": false },
																"south": { "texture": "#frame2", "uv": [ 0.0, 0.0, 1.5, 1.5 ], "autoUv": false },
																"west": { "texture": "#frame2", "uv": [ 0.0, 0.0, 1.0, 1.5 ], "autoUv": false },
																"up": { "texture": "#frame2", "uv": [ 0.0, 0.0, 1.5, 1.0 ], "autoUv": false },
																"down": { "texture": "#frame2", "uv": [ 0.0, 0.0, 1.5, 1.0 ], "autoUv": false }
															},
															"children": [
																{
																	"name": "casing-1.7",
																	"from": [ 0.75, -0.005, 0.0 ],
																	"to": [ 2.0, 0.745, 0.5 ],
																	"rotationOrigin": [ 0.75, 0.0, 0.0 ],
																	"rotationY": -45.0,
																	"faces": {
																		"north": { "texture": "#frame2", "uv": [ 0.0, 0.0, 2.5, 1.5 ], "autoUv": false },
																		"east": { "texture": "#frame2", "uv": [ 0.0, 0.0, 1.0, 1.5 ], "autoUv": false },
																		"south": { "texture": "#frame2", "uv": [ 0.0, 0.0, 2.5, 1.5 ], "autoUv": false },
																		"west": { "texture": "#frame2", "uv": [ 0.0, 0.0, 1.0, 1.5 ], "autoUv": false },
																		"up": { "texture": "#frame2", "uv": [ 0.0, 0.0, 2.5, 1.0 ], "autoUv": false },
																		"down": { "texture": "#frame2", "uv": [ 0.0, 0.0, 2.5, 1.0 ], "autoUv": false }
																	},
																	"children": [
																		{
																			"name": "casing-1.8",
																			"from": [ 1.25, 0.005, 0.0 ],
																			"to": [ 2.0, 0.755, 0.5 ],
																			"rotationOrigin": [ 1.25, 0.0, 0.0 ],
																			"rotationY": -45.0,
																			"faces": {
																				"north": { "texture": "#frame2", "uv": [ 0.0, 0.0, 1.5, 1.5 ], "autoUv": false },
																				"east": { "texture": "#frame2", "uv": [ 0.0, 0.0, 1.0, 1.5 ], "autoUv": false },
																				"south": { "texture": "#frame2", "uv": [ 0.0, 0.0, 1.5, 1.5 ], "autoUv": false },
																				"west": { "texture": "#frame2", "uv": [ 0.0, 0.0, 1.0, 1.5 ], "autoUv": false },
																				"up": { "texture": "#frame2", "uv": [ 0.0, 0.0, 1.5, 1.0 ], "autoUv": false },
																				"down": { "texture": "#frame2", "uv": [ 0.0, 0.0, 1.5, 1.0 ], "autoUv": false }
																			}
																		}
																	]
																}
															]
														}
													]
												}
											]
										}
									]
								}
							]
						}
					]
				},
				{
					"name": "bolt-1.1",
					"from": [ 2.375, -0.125, 0.375 ],
					"to": [ 2.5, 0.875, 0.5 ],
					"rotationOrigin": [ 2.0, 0.0, 0.0 ],
					"faces": {
						"north": { "texture": "#rustyglow", "uv": [ 0.0, 0.0, 0.5, 2.0 ], "autoUv": false },
						"east": { "texture": "#rustyglow", "uv": [ 0.0, 0.0, 0.5, 2.0 ], "autoUv": false },
						"south": { "texture": "#rustyglow", "uv": [ 0.0, 0.0, 0.5, 2.0 ], "autoUv": false },
						"west": { "texture": "#rustyglow", "uv": [ 0.0, 0.0, 0.5, 2.0 ], "autoUv": false },
						"up": { "texture": "#rustyglow", "uv": [ 0.0, 0.0, 0.5, 0.5 ], "autoUv": false },
						"down": { "texture": "#rustyglow", "uv": [ 0.0, 0.0, 0.5, 0.5 ], "autoUv": false }
					},
					"children": [
						{
							"name": "bolt-1.2",
							"from": [ 3.125, 0.0, 0.0 ],
							"to": [ 3.25, 1.0, 0.125 ],
							"rotationOrigin": [ 3.125, 0.0, -0.375 ],
							"faces": {
								"north": { "texture": "#rustyglow", "uv": [ 0.0, 0.0, 0.5, 2.0 ], "autoUv": false },
								"east": { "texture": "#rustyglow", "uv": [ 0.0, 0.0, 0.5, 2.0 ], "autoUv": false },
								"south": { "texture": "#rustyglow", "uv": [ 0.0, 0.0, 0.5, 2.0 ], "autoUv": false },
								"west": { "texture": "#rustyglow", "uv": [ 0.0, 0.0, 0.5, 2.0 ], "autoUv": false },
								"up": { "texture": "#rustyglow", "uv": [ 0.0, 0.0, 0.5, 0.5 ], "autoUv": false },
								"down": { "texture": "#rustyglow", "uv": [ 0.0, 0.0, 0.5, 0.5 ], "autoUv": false }
							},
							"children": [
								{
									"name": "bolt-1.3",
									"from": [ -3.125, 0.0, 1.45 ],
									"to": [ -3.0, 1.0, 1.575 ],
									"rotationOrigin": [ -3.5, 0.125, 1.125 ],
									"faces": {
										"north": { "texture": "#rustyglow", "uv": [ 0.0, 0.0, 0.5, 2.0 ], "autoUv": false },
										"east": { "texture": "#rustyglow", "uv": [ 0.0, 0.0, 0.5, 2.0 ], "autoUv": false },
										"south": { "texture": "#rustyglow", "uv": [ 0.0, 0.0, 0.5, 2.0 ], "autoUv": false },
										"west": { "texture": "#rustyglow", "uv": [ 0.0, 0.0, 0.5, 2.0 ], "autoUv": false },
										"up": { "texture": "#rustyglow", "uv": [ 0.0, 0.0, 0.5, 0.5 ], "autoUv": false },
										"down": { "texture": "#rustyglow", "uv": [ 0.0, 0.0, 0.5, 0.5 ], "autoUv": false }
									},
									"children": [
										{
											"name": "bolt-1.4",
											"from": [ 3.125, 0.0, 0.0 ],
											"to": [ 3.25, 1.0, 0.125 ],
											"rotationOrigin": [ 3.125, 0.0, -0.375 ],
											"faces": {
												"north": { "texture": "#rustyglow", "uv": [ 0.0, 0.0, 0.5, 2.0 ], "autoUv": false },
												"east": { "texture": "#rustyglow", "uv": [ 0.0, 0.0, 0.5, 2.0 ], "autoUv": false },
												"south": { "texture": "#rustyglow", "uv": [ 0.0, 0.0, 0.5, 2.0 ], "autoUv": false },
												"west": { "texture": "#rustyglow", "uv": [ 0.0, 0.0, 0.5, 2.0 ], "autoUv": false },
												"up": { "texture": "#rustyglow", "uv": [ 0.0, 0.0, 0.5, 0.5 ], "autoUv": false },
												"down": { "texture": "#rustyglow", "uv": [ 0.0, 0.0, 0.5, 0.5 ], "autoUv": false }
											}
										}
									]
								}
							]
						}
					]
				},
				{
					"name": "connector-1.1",
					"from": [ 2.875, 0.125, -0.125 ],
					"to": [ 5.125, 0.625, 0.375 ],
					"rotationOrigin": [ 2.5, 0.0, -0.5 ],
					"faces": {
						"north": { "texture": "#metal", "uv": [ 0.0, 0.0, 4.5, 1.0 ], "autoUv": false },
						"east": { "texture": "#metal", "uv": [ 0.0, 0.0, 1.0, 1.0 ], "autoUv": false },
						"south": { "texture": "#metal", "uv": [ 0.0, 0.0, 4.5, 1.0 ], "autoUv": false },
						"west": { "texture": "#metal", "uv": [ 0.0, 0.0, 1.0, 1.0 ], "autoUv": false },
						"up": { "texture": "#metal", "uv": [ 0.0, 0.0, 4.5, 1.0 ], "autoUv": false },
						"down": { "texture": "#metal", "uv": [ 0.0, 0.0, 4.5, 1.0 ], "autoUv": false }
					},
					"children": [
						{
							"name": "connector-1.2",
							"from": [ 0.075, 0.1875, -0.5 ],
							"to": [ 2.175, 0.3125, 0.0 ],
							"rotationOrigin": [ -0.375, -0.125, -0.875 ],
							"faces": {
								"north": { "texture": "#connector", "uv": [ 0.0, 0.0, 8.0, 1.0 ], "autoUv": false },
								"east": { "texture": "#connector", "uv": [ 0.0, 0.0, 0.5, 1.0 ], "rotation": 90, "autoUv": false },
								"south": { "texture": "#connector", "uv": [ 0.0, 0.0, 8.0, 1.0 ], "autoUv": false },
								"west": { "texture": "#connector", "uv": [ 0.0, 0.0, 0.5, 1.0 ], "rotation": 90, "autoUv": false },
								"up": { "texture": "#connector", "uv": [ 0.0, 0.0, 8.0, 2.0 ], "autoUv": false },
								"down": { "texture": "#connector", "uv": [ 0.0, 0.0, 8.0, 2.0 ], "autoUv": false }
							},
							"children": [
								{
									"name": "connector-1.3",
									"from": [ 2.925, -0.1875, 4.175 ],
									"to": [ 5.175, 0.3125, 4.675 ],
									"rotationOrigin": [ 2.55, -0.3125, 3.625 ],
									"rotationX": -180.0,
									"rotationZ": -180.0,
									"faces": {
										"north": { "texture": "#metal", "uv": [ 0.0, 0.0, 4.5, 1.0 ], "autoUv": false },
										"east": { "texture": "#metal", "uv": [ 0.0, 0.0, 1.0, 1.0 ], "autoUv": false },
										"south": { "texture": "#metal", "uv": [ 0.0, 0.0, 4.5, 1.0 ], "autoUv": false },
										"west": { "texture": "#metal", "uv": [ 0.0, 0.0, 1.0, 1.0 ], "autoUv": false },
										"up": { "texture": "#metal", "uv": [ 0.0, 0.0, 4.5, 1.0 ], "autoUv": false },
										"down": { "texture": "#metal", "uv": [ 0.0, 0.0, 4.5, 1.0 ], "autoUv": false }
									},
									"children": [
										{
											"name": "connector-1.4",
											"from": [ 3.075, 0.1875, 0.9 ],
											"to": [ 5.175, 0.3125, 1.4 ],
											"rotationOrigin": [ 2.625, -0.125, 0.45 ],
											"rotationX": -180.0,
											"rotationZ": -180.0,
											"faces": {
												"north": { "texture": "#connector", "uv": [ 0.0, 0.0, 8.0, 1.0 ], "autoUv": false },
												"east": { "texture": "#connector", "uv": [ 0.0, 0.0, 0.5, 1.0 ], "rotation": 90, "autoUv": false },
												"south": { "texture": "#connector", "uv": [ 0.0, 0.0, 8.0, 1.0 ], "autoUv": false },
												"west": { "texture": "#connector", "uv": [ 0.0, 0.0, 0.5, 1.0 ], "rotation": 90, "autoUv": false },
												"up": { "texture": "#connector", "uv": [ 0.0, 0.0, 8.0, 2.0 ], "autoUv": false },
												"down": { "texture": "#connector", "uv": [ 0.0, 0.0, 8.0, 2.0 ], "autoUv": false }
											}
										}
									]
								}
							]
						}
					]
				},
				{
					"name": "frame-casing1",
					"from": [ 2.0, 0.125, 2.525 ],
					"to": [ 6.0, 0.625, 3.275 ],
					"rotationOrigin": [ 2.0, 0.0, 2.15 ],
					"faces": {
						"north": { "texture": "#obsidian", "uv": [ 0.0, 0.0, 8.0, 1.0 ], "autoUv": false },
						"east": { "texture": "#obsidian", "uv": [ 0.0, 0.0, 1.5, 1.0 ], "autoUv": false },
						"south": { "texture": "#obsidian", "uv": [ 0.0, 0.0, 8.0, 1.0 ], "autoUv": false },
						"west": { "texture": "#obsidian", "uv": [ 0.0, 0.0, 1.5, 1.0 ], "autoUv": false },
						"up": { "texture": "#obsidian", "uv": [ 0.0, 0.0, 8.0, 1.5 ], "autoUv": false },
						"down": { "texture": "#obsidian", "uv": [ 0.0, 0.0, 8.0, 1.5 ], "autoUv": false }
					},
					"children": [
						{
							"name": "frame-casing30",
							"from": [ 0.0, -0.05, -0.1 ],
							"to": [ 4.0, 0.55, 0.025 ],
							"rotationOrigin": [ 0.0, -0.125, -0.35 ],
							"faces": {
								"north": { "texture": "#rustyglow", "uv": [ 0.0, 0.0, 8.0, 1.0 ], "autoUv": false },
								"east": { "texture": "#rustyglow", "uv": [ 0.0, 0.0, 0.5, 1.0 ], "autoUv": false },
								"south": { "texture": "#rustyglow", "uv": [ 0.0, 0.0, 8.0, 1.0 ], "autoUv": false },
								"west": { "texture": "#rustyglow", "uv": [ 0.0, 0.0, 0.5, 1.0 ], "autoUv": false },
								"up": { "texture": "#rustyglow", "uv": [ 0.0, 0.0, 8.0, 0.5 ], "autoUv": false },
								"down": { "texture": "#rustyglow", "uv": [ 0.0, 0.0, 8.0, 0.5 ], "autoUv": false }
							}
						},
						{
							"name": "frame-casing31",
							"from": [ 0.0, -0.05, 0.75 ],
							"to": [ 4.0, 0.55, 0.875 ],
							"rotationOrigin": [ 0.0, -0.125, 0.65 ],
							"faces": {
								"north": { "texture": "#frame", "uv": [ 0.0, 0.0, 8.0, 1.0 ], "autoUv": false },
								"east": { "texture": "#frame", "uv": [ 0.0, 0.0, 0.5, 1.0 ], "autoUv": false },
								"south": { "texture": "#frame", "uv": [ 0.0, 0.0, 8.0, 1.0 ], "autoUv": false },
								"west": { "texture": "#frame", "uv": [ 0.0, 0.0, 0.5, 1.0 ], "autoUv": false },
								"up": { "texture": "#frame", "uv": [ 0.0, 0.0, 8.0, 0.5 ], "autoUv": false },
								"down": { "texture": "#frame", "uv": [ 0.0, 0.0, 8.0, 0.5 ], "autoUv": false }
							}
						}
					]
				},
				{
					"name": "frame-outercasing1",
					"from": [ 1.0, -0.125, -1.1 ],
					"to": [ 2.0, 0.875, 3.4 ],
					"rotationOrigin": [ 1.0, -0.125, -1.35 ],
					"faces": {
						"north": { "texture": "#frame", "uv": [ 0.0, 0.0, 2.0, 2.0 ], "autoUv": false },
						"east": { "texture": "#frame", "uv": [ 0.0, 0.0, 9.0, 2.0 ], "autoUv": false },
						"south": { "texture": "#frame", "uv": [ 0.0, 0.0, 2.0, 2.0 ], "autoUv": false },
						"west": { "texture": "#frame", "uv": [ 0.0, 0.0, 9.0, 2.0 ], "autoUv": false },
						"up": { "texture": "#frame", "uv": [ 0.0, 0.0, 2.0, 9.0 ], "autoUv": false },
						"down": { "texture": "#frame", "uv": [ 0.0, 0.0, 2.0, 9.0 ], "autoUv": false }
					}
				},
				{
					"name": "frame-outercasing2",
					"from": [ 6.0, -0.125, -1.1 ],
					"to": [ 7.0, 0.875, 3.4 ],
					"rotationOrigin": [ 6.0, -0.125, -1.35 ],
					"faces": {
						"north": { "texture": "#frame", "uv": [ 0.0, 0.0, 2.0, 2.0 ], "autoUv": false },
						"east": { "texture": "#frame", "uv": [ 0.0, 0.0, 9.0, 2.0 ], "autoUv": false },
						"south": { "texture": "#frame", "uv": [ 0.0, 0.0, 2.0, 2.0 ], "autoUv": false },
						"west": { "texture": "#frame", "uv": [ 0.0, 0.0, 9.0, 2.0 ], "autoUv": false },
						"up": { "texture": "#frame", "uv": [ 0.0, 0.0, 2.0, 9.0 ], "autoUv": false },
						"down": { "texture": "#frame", "uv": [ 0.0, 0.0, 2.0, 9.0 ], "autoUv": false }
					}
				},
				{
					"name": "bolt1",
					"from": [ 1.25, -0.25, -0.875 ],
					"to": [ 1.75, 1.0, -0.375 ],
					"rotationOrigin": [ 1.0, -0.5, -1.0 ],
					"faces": {
						"north": { "texture": "#rustyglow", "uv": [ 0.0, 0.0, 1.0, 2.5 ], "autoUv": false },
						"east": { "texture": "#rustyglow", "uv": [ 0.0, 0.0, 1.0, 2.5 ], "autoUv": false },
						"south": { "texture": "#rustyglow", "uv": [ 0.0, 0.0, 1.0, 2.5 ], "autoUv": false },
						"west": { "texture": "#rustyglow", "uv": [ 0.0, 0.0, 1.0, 2.5 ], "autoUv": false },
						"up": { "texture": "#rustyglow", "uv": [ 0.0, 0.0, 1.0, 1.0 ], "autoUv": false },
						"down": { "texture": "#rustyglow", "uv": [ 0.0, 0.0, 1.0, 1.0 ], "autoUv": false }
					},
					"children": [
						{
							"name": "bolt2",
							"from": [ 0.0, 0.0, 3.5 ],
							"to": [ 0.5, 1.25, 4.0 ],
							"rotationOrigin": [ -0.25, -0.25, 3.375 ],
							"faces": {
								"north": { "texture": "#rustyglow", "uv": [ 0.0, 0.0, 1.0, 2.5 ], "autoUv": false },
								"east": { "texture": "#rustyglow", "uv": [ 0.0, 0.0, 1.0, 2.5 ], "autoUv": false },
								"south": { "texture": "#rustyglow", "uv": [ 0.0, 0.0, 1.0, 2.5 ], "autoUv": false },
								"west": { "texture": "#rustyglow", "uv": [ 0.0, 0.0, 1.0, 2.5 ], "autoUv": false },
								"up": { "texture": "#rustyglow", "uv": [ 0.0, 0.0, 1.0, 1.0 ], "autoUv": false },
								"down": { "texture": "#rustyglow", "uv": [ 0.0, 0.0, 1.0, 1.0 ], "autoUv": false }
							}
						}
					]
				},
				{
					"name": "bolt3",
					"from": [ 6.25, -0.25, -0.875 ],
					"to": [ 6.75, 1.0, -0.375 ],
					"rotationOrigin": [ 6.0, -0.5, -1.0 ],
					"faces": {
						"north": { "texture": "#rustyglow", "uv": [ 0.0, 0.0, 1.0, 2.5 ], "autoUv": false },
						"east": { "texture": "#rustyglow", "uv": [ 0.0, 0.0, 1.0, 2.5 ], "autoUv": false },
						"south": { "texture": "#rustyglow", "uv": [ 0.0, 0.0, 1.0, 2.5 ], "autoUv": false },
						"west": { "texture": "#rustyglow", "uv": [ 0.0, 0.0, 1.0, 2.5 ], "autoUv": false },
						"up": { "texture": "#rustyglow", "uv": [ 0.0, 0.0, 1.0, 1.0 ], "autoUv": false },
						"down": { "texture": "#rustyglow", "uv": [ 0.0, 0.0, 1.0, 1.0 ], "autoUv": false }
					},
					"children": [
						{
							"name": "bolt4",
							"from": [ 0.0, 0.0, 3.5 ],
							"to": [ 0.5, 1.25, 4.0 ],
							"rotationOrigin": [ -0.25, -0.25, 3.375 ],
							"faces": {
								"north": { "texture": "#rustyglow", "uv": [ 0.0, 0.0, 1.0, 2.5 ], "autoUv": false },
								"east": { "texture": "#rustyglow", "uv": [ 0.0, 0.0, 1.0, 2.5 ], "autoUv": false },
								"south": { "texture": "#rustyglow", "uv": [ 0.0, 0.0, 1.0, 2.5 ], "autoUv": false },
								"west": { "texture": "#rustyglow", "uv": [ 0.0, 0.0, 1.0, 2.5 ], "autoUv": false },
								"up": { "texture": "#rustyglow", "uv": [ 0.0, 0.0, 1.0, 1.0 ], "autoUv": false },
								"down": { "texture": "#rustyglow", "uv": [ 0.0, 0.0, 1.0, 1.0 ], "autoUv": false }
							}
						}
					]
				},
				{
					"name": "frame-casing32",
					"from": [ 2.0, 0.125, -1.0 ],
					"to": [ 6.0, 0.625, -0.25 ],
					"rotationOrigin": [ 2.0, 0.0, -1.35 ],
					"faces": {
						"north": { "texture": "#obsidian", "uv": [ 0.0, 0.0, 8.0, 1.0 ], "autoUv": false },
						"east": { "texture": "#obsidian", "uv": [ 0.0, 0.0, 1.5, 1.0 ], "autoUv": false },
						"south": { "texture": "#obsidian", "uv": [ 0.0, 0.0, 8.0, 1.0 ], "autoUv": false },
						"west": { "texture": "#obsidian", "uv": [ 0.0, 0.0, 1.5, 1.0 ], "autoUv": false },
						"up": { "texture": "#obsidian", "uv": [ 0.0, 0.0, 8.0, 1.5 ], "autoUv": false },
						"down": { "texture": "#obsidian", "uv": [ 0.0, 0.0, 8.0, 1.5 ], "autoUv": false }
					},
					"children": [
						{
							"name": "frame-casing33",
							"from": [ 0.0, -0.05, -0.1 ],
							"to": [ 4.0, 0.55, 0.025 ],
							"rotationOrigin": [ 0.0, -0.125, -0.35 ],
							"faces": {
								"north": { "texture": "#frame", "uv": [ 0.0, 0.0, 8.0, 1.0 ], "autoUv": false },
								"east": { "texture": "#frame", "uv": [ 0.0, 0.0, 0.5, 1.0 ], "autoUv": false },
								"south": { "texture": "#frame", "uv": [ 0.0, 0.0, 8.0, 1.0 ], "autoUv": false },
								"west": { "texture": "#frame", "uv": [ 0.0, 0.0, 0.5, 1.0 ], "autoUv": false },
								"up": { "texture": "#frame", "uv": [ 0.0, 0.0, 8.0, 0.5 ], "autoUv": false },
								"down": { "texture": "#frame", "uv": [ 0.0, 0.0, 8.0, 0.5 ], "autoUv": false }
							}
						},
						{
							"name": "frame-casing34",
							"from": [ 0.0, -0.05, 0.75 ],
							"to": [ 4.0, 0.55, 0.875 ],
							"rotationOrigin": [ 0.0, -0.125, 0.65 ],
							"faces": {
								"north": { "texture": "#rustyglow", "uv": [ 0.0, 0.0, 8.0, 1.0 ], "autoUv": false },
								"east": { "texture": "#rustyglow", "uv": [ 0.0, 0.0, 0.5, 1.0 ], "autoUv": false },
								"south": { "texture": "#rustyglow", "uv": [ 0.0, 0.0, 8.0, 1.0 ], "autoUv": false },
								"west": { "texture": "#rustyglow", "uv": [ 0.0, 0.0, 0.5, 1.0 ], "autoUv": false },
								"up": { "texture": "#rustyglow", "uv": [ 0.0, 0.0, 8.0, 0.5 ], "autoUv": false },
								"down": { "texture": "#rustyglow", "uv": [ 0.0, 0.0, 8.0, 0.5 ], "autoUv": false }
							}
						}
					]
				},
				{
					"name": "_runewriting",
					"from": [ 0.0, -0.25, -2.85 ],
					"to": [ 0.0, -0.25, -2.85 ],
					"rotationOrigin": [ 0.0, -0.25, -2.85 ],
					"faces": {
						"north": { "texture": "#default", "uv": [ 0.0, 0.0, 0.5, 0.5 ], "autoUv": false },
						"east": { "texture": "#default", "uv": [ 0.0, 0.0, 0.5, 0.5 ], "autoUv": false },
						"south": { "texture": "#default", "uv": [ 0.0, 0.0, 0.5, 0.5 ], "autoUv": false },
						"west": { "texture": "#default", "uv": [ 0.0, 0.0, 0.5, 0.5 ], "autoUv": false },
						"up": { "texture": "#default", "uv": [ 0.0, 0.0, 0.5, 0.5 ], "autoUv": false },
						"down": { "texture": "#default", "uv": [ 0.0, 0.0, 0.5, 0.5 ], "autoUv": false }
					},
					"children": [
						{
							"name": "rune2",
							"from": [ 2.0, 0.37, 5.375 ],
							"to": [ 6.0, 0.88, 6.125 ],
							"rotationOrigin": [ 2.0, 0.25, 5.0 ],
							"faces": {
								"up": { "texture": "#runewriting", "uv": [ 0.0, 0.0, 16.0, 3.0 ], "glow": 255, "autoUv": false, "windMode": [-1,-1,-1,-1] },
								"down": { "texture": "#runewriting", "uv": [ 0.0, 0.0, 16.0, 3.0 ], "glow": 255, "autoUv": false }
							}
						},
						{
							"name": "rune1",
							"from": [ 2.0, 0.37, 1.85 ],
							"to": [ 6.0, 0.88, 2.6 ],
							"rotationOrigin": [ 2.0, 0.25, 1.5 ],
							"faces": {
								"up": { "texture": "#runewriting", "uv": [ 0.0, 0.0, 16.0, 3.0 ], "rotation": 180, "glow": 255, "autoUv": false },
								"down": { "texture": "#runewriting", "uv": [ 0.0, 0.0, 16.0, 3.0 ], "rotation": 180, "glow": 255, "autoUv": false }
							}
						}
					]
				},
				{
					"name": "_origin1",
					"from": [ 0.0, 0.0, 0.0 ],
					"to": [ 0.0, 0.0, 0.0 ],
					"rotationOrigin": [ 4.0, -0.25, 1.15 ],
					"faces": {
						"north": { "texture": "#default", "uv": [ 0.0, 0.0, 0.5, 0.5 ], "autoUv": false },
						"east": { "texture": "#default", "uv": [ 0.0, 0.0, 0.5, 0.5 ], "autoUv": false },
						"south": { "texture": "#default", "uv": [ 0.0, 0.0, 0.5, 0.5 ], "autoUv": false },
						"west": { "texture": "#default", "uv": [ 0.0, 0.0, 0.5, 0.5 ], "autoUv": false },
						"up": { "texture": "#default", "uv": [ 0.0, 0.0, 0.5, 0.5 ], "autoUv": false },
						"down": { "texture": "#default", "uv": [ 0.0, 0.0, 0.5, 0.5 ], "autoUv": false }
					},
					"children": [
						{
							"name": "filament-1.1",
							"from": [ 2.325, 0.325, 1.09 ],
							"to": [ 2.95, 0.45, 1.215 ],
							"rotationOrigin": [ 2.325, 0.3875, 1.1525 ],
							"rotationX": 45.0,
							"faces": {
								"north": { "texture": "#gold", "uv": [ 0.0, 0.0, 1.0, 0.5 ], "autoUv": false },
								"east": { "texture": "#gold", "uv": [ 0.0, 0.0, 0.5, 0.5 ], "autoUv": false },
								"south": { "texture": "#gold", "uv": [ 0.0, 0.0, 1.0, 0.5 ], "autoUv": false },
								"west": { "texture": "#gold", "uv": [ 0.0, 0.0, 0.5, 0.5 ], "autoUv": false },
								"up": { "texture": "#gold", "uv": [ 0.0, 0.0, 1.0, 0.5 ], "autoUv": false },
								"down": { "texture": "#gold", "uv": [ 0.0, 0.0, 1.0, 0.5 ], "autoUv": false }
							},
							"children": [
								{
									"name": "filament-1.2",
									"from": [ 2.75, 0.0, 0.0 ],
									"to": [ 3.375, 0.125, 0.125 ],
									"rotationOrigin": [ 2.5, 0.0625, 0.0625 ],
									"faces": {
										"north": { "texture": "#gold", "uv": [ 0.0, 0.0, 1.0, 0.5 ], "autoUv": false },
										"east": { "texture": "#gold", "uv": [ 0.0, 0.0, 0.5, 0.5 ], "autoUv": false },
										"south": { "texture": "#gold", "uv": [ 0.0, 0.0, 1.0, 0.5 ], "autoUv": false },
										"west": { "texture": "#gold", "uv": [ 0.0, 0.0, 0.5, 0.5 ], "autoUv": false },
										"up": { "texture": "#gold", "uv": [ 0.0, 0.0, 1.0, 0.5 ], "autoUv": false },
										"down": { "texture": "#gold", "uv": [ 0.0, 0.0, 1.0, 0.5 ], "autoUv": false }
									}
								},
								{
									"name": "filament-2.2",
									"from": [ 0.625, 0.25, -0.375 ],
									"to": [ 2.75, 0.75, 0.125 ],
									"rotationOrigin": [ 0.5, 0.5044, 0.4161 ],
									"rotationX": -45.0,
									"faces": {
										"north": { "texture": "#filament", "uv": [ 0.0, 0.0, 4.0, 1.0 ], "glow": 100, "autoUv": false },
										"east": { "texture": "#filament", "uv": [ 0.0, 0.0, 1.0, 1.0 ], "glow": 100, "autoUv": false },
										"south": { "texture": "#filament", "uv": [ 0.0, 0.0, 4.0, 1.0 ], "glow": 100, "autoUv": false },
										"west": { "texture": "#filament", "uv": [ 0.0, 0.0, 1.0, 1.0 ], "glow": 100, "autoUv": false },
										"up": { "texture": "#filament", "uv": [ 0.0, 0.0, 4.0, 1.0 ], "glow": 100, "autoUv": false },
										"down": { "texture": "#filament", "uv": [ 0.0, 0.0, 4.0, 1.0 ], "glow": 100, "autoUv": false }
									},
									"children": [
										{
											"name": "filament-2.1",
											"from": [ -0.005, -0.4116, -0.1795 ],
											"to": [ 2.13, 0.0884, 0.3205 ],
											"rotationOrigin": [ -0.125, -0.1616, 0.6705 ],
											"rotationX": 45.0,
											"faces": {
												"north": { "texture": "#filament", "uv": [ 0.0, 0.0, 4.0, 1.0 ], "glow": 150, "autoUv": false },
												"east": { "texture": "#filament", "uv": [ 0.0, 0.0, 1.0, 1.0 ], "glow": 150, "autoUv": false },
												"south": { "texture": "#filament", "uv": [ 0.0, 0.0, 4.0, 1.0 ], "glow": 150, "autoUv": false },
												"west": { "texture": "#filament", "uv": [ 0.0, 0.0, 1.0, 1.0 ], "glow": 150, "autoUv": false },
												"up": { "texture": "#filament", "uv": [ 0.0, 0.0, 4.0, 1.0 ], "glow": 150, "autoUv": false },
												"down": { "texture": "#filament", "uv": [ 0.0, 0.0, 4.0, 1.0 ], "glow": 150, "autoUv": false }
											}
										}
									]
								}
							]
						}
					]
				}
			]
		}
	]}