{
	"editor": {
		"collapsedPaths": "Root/centermount/_moveall",
		"allAngles": false,
		"entityTextureMode": false
	},
	"textureWidth": 16,
	"textureHeight": 16,
	"textureSizes": {
	},
	"textures": {
	},
	"elements": [
		{
			"name": "centermount",
			"stepParentName": "LockingSlot",
			"from": [ -0.5, 6.0, -0.5 ],
			"to": [ 5.5, 6.5, 5.5 ],
			"rotationOrigin": [ 6.5, 6.0, -0.5 ],
			"faces": {
			},
			"children": [
				{
					"name": "_moveall",
					"from": [ 1.45, -5.85, 0.52 ],
					"to": [ 1.45, -5.85, 0.52 ],
					"rotationOrigin": [ 1.925, -5.6625, 2.025 ],
					"rotationX": -135.0,
					"rotationY": 0.0,
					"rotationZ": 0.0,
					"faces": {
						"north": { "texture": "#default", "uv": [ 0.0, 0.0, 0.5, 0.5 ], "autoUv": false },
						"east": { "texture": "#default", "uv": [ 0.0, 0.0, 0.5, 0.5 ], "autoUv": false },
						"south": { "texture": "#default", "uv": [ 0.0, 0.0, 0.5, 0.5 ], "autoUv": false },
						"west": { "texture": "#default", "uv": [ 0.0, 0.0, 0.5, 0.5 ], "autoUv": false },
						"up": { "texture": "#default", "uv": [ 0.0, 0.0, 0.5, 0.5 ], "autoUv": false },
						"down": { "texture": "#default", "uv": [ 0.0, 0.0, 0.5, 0.5 ], "autoUv": false }
					},
					"children": [
						{
							"name": "Cube16",
							"from": [ -0.375, 0.0, 1.425 ],
							"to": [ 0.9375, 0.375, 2.4281 ],
							"rotationOrigin": [ -0.375, 0.0, 1.2375 ],
							"faces": {
								"north": { "texture": "#framestatic", "uv": [ 0.0, 0.0, 3.5, 1.0 ], "autoUv": false },
								"east": { "texture": "#framestatic", "uv": [ 0.0, 0.0, 2.5, 1.0 ], "autoUv": false },
								"south": { "texture": "#framestatic", "uv": [ 0.0, 0.0, 3.5, 1.0 ], "autoUv": false },
								"west": { "texture": "#framestatic", "uv": [ 0.0, 0.0, 2.5, 1.0 ], "autoUv": false },
								"up": { "texture": "#framestatic", "uv": [ 0.0, 0.0, 3.5, 2.5 ], "autoUv": false },
								"down": { "texture": "#framestatic", "uv": [ 0.0, 0.0, 3.5, 2.5 ], "autoUv": false }
							}
						},
						{
							"name": "_ringhole33",
							"from": [ 0.0, 0.0, 0.0 ],
							"to": [ 0.0, 0.0, 0.0 ],
							"faces": {
								"north": { "texture": "#metalstatic", "uv": [ 0.0, 0.0, 0.5, 0.5 ], "autoUv": false },
								"east": { "texture": "#metalstatic", "uv": [ 0.0, 0.0, 0.5, 0.5 ], "autoUv": false },
								"south": { "texture": "#metalstatic", "uv": [ 0.0, 0.0, 0.5, 0.5 ], "autoUv": false },
								"west": { "texture": "#metalstatic", "uv": [ 0.0, 0.0, 0.5, 0.5 ], "autoUv": false },
								"up": { "texture": "#metalstatic", "uv": [ 0.0, 0.0, 0.5, 0.5 ], "autoUv": false },
								"down": { "texture": "#metalstatic", "uv": [ 0.0, 0.0, 0.5, 0.5 ], "autoUv": false }
							},
							"children": [
								{
									"name": "Cube34",
									"from": [ 0.0, 0.0938, 1.875 ],
									"to": [ 0.1875, 0.2813, 2.1563 ],
									"rotationOrigin": [ 0.1875, 0.0, 1.875 ],
									"rotationY": -45.0,
									"faces": {
										"north": { "texture": "#metalstatic", "uv": [ 0.0, 0.0, 0.5, 0.5 ], "autoUv": false },
										"east": { "texture": "#metalstatic", "uv": [ 0.0, 0.0, 0.5, 0.5 ], "autoUv": false },
										"south": { "texture": "#metalstatic", "uv": [ 0.0, 0.0, 0.5, 0.5 ], "autoUv": false },
										"west": { "texture": "#metalstatic", "uv": [ 0.0, 0.0, 0.5, 0.5 ], "autoUv": false },
										"up": { "texture": "#metalstatic", "uv": [ 0.0, 0.0, 0.5, 0.5 ], "autoUv": false },
										"down": { "texture": "#metalstatic", "uv": [ 0.0, 0.0, 0.5, 0.5 ], "autoUv": false }
									},
									"children": [
										{
											"name": "Cube35",
											"from": [ 0.0, 0.0038, 0.2813 ],
											"to": [ 0.1875, 0.1913, 0.5625 ],
											"rotationOrigin": [ 0.0, 0.0, 0.2813 ],
											"rotationY": 22.5,
											"faces": {
												"north": { "texture": "#metalstatic", "uv": [ 0.0, 0.0, 0.5, 0.5 ], "autoUv": false },
												"east": { "texture": "#metalstatic", "uv": [ 0.0, 0.0, 0.5, 0.5 ], "autoUv": false },
												"south": { "texture": "#metalstatic", "uv": [ 0.0, 0.0, 0.5, 0.5 ], "autoUv": false },
												"west": { "texture": "#metalstatic", "uv": [ 0.0, 0.0, 0.5, 0.5 ], "autoUv": false },
												"up": { "texture": "#metalstatic", "uv": [ 0.0, 0.0, 0.5, 0.5 ], "autoUv": false },
												"down": { "texture": "#metalstatic", "uv": [ 0.0, 0.0, 0.5, 0.5 ], "autoUv": false }
											},
											"children": [
												{
													"name": "Cube36",
													"from": [ 0.0, 0.0, 0.2813 ],
													"to": [ 0.1875, 0.1875, 0.5625 ],
													"rotationOrigin": [ 0.0, 0.0, 0.2813 ],
													"rotationY": 22.5,
													"faces": {
														"north": { "texture": "#metalstatic", "uv": [ 0.0, 0.0, 0.5, 0.5 ], "autoUv": false },
														"east": { "texture": "#metalstatic", "uv": [ 0.0, 0.0, 0.5, 0.5 ], "autoUv": false },
														"south": { "texture": "#metalstatic", "uv": [ 0.0, 0.0, 0.5, 0.5 ], "autoUv": false },
														"west": { "texture": "#metalstatic", "uv": [ 0.0, 0.0, 0.5, 0.5 ], "autoUv": false },
														"up": { "texture": "#metalstatic", "uv": [ 0.0, 0.0, 0.5, 0.5 ], "autoUv": false },
														"down": { "texture": "#metalstatic", "uv": [ 0.0, 0.0, 0.5, 0.5 ], "autoUv": false }
													},
													"children": [
														{
															"name": "Cube37",
															"from": [ 0.0, 0.0038, 0.2813 ],
															"to": [ 0.1875, 0.1913, 0.5625 ],
															"rotationOrigin": [ 0.0, 0.0, 0.2813 ],
															"rotationY": 22.5,
															"faces": {
																"north": { "texture": "#metalstatic", "uv": [ 0.0, 0.0, 0.5, 0.5 ], "autoUv": false },
																"east": { "texture": "#metalstatic", "uv": [ 0.0, 0.0, 0.5, 0.5 ], "autoUv": false },
																"south": { "texture": "#metalstatic", "uv": [ 0.0, 0.0, 0.5, 0.5 ], "autoUv": false },
																"west": { "texture": "#metalstatic", "uv": [ 0.0, 0.0, 0.5, 0.5 ], "autoUv": false },
																"up": { "texture": "#metalstatic", "uv": [ 0.0, 0.0, 0.5, 0.5 ], "autoUv": false },
																"down": { "texture": "#metalstatic", "uv": [ 0.0, 0.0, 0.5, 0.5 ], "autoUv": false }
															},
															"children": [
																{
																	"name": "Cube38",
																	"from": [ 0.0, 0.0, 0.2813 ],
																	"to": [ 0.1875, 0.1875, 0.5625 ],
																	"rotationOrigin": [ 0.0, 0.0, 0.2813 ],
																	"rotationY": 22.5,
																	"faces": {
																		"north": { "texture": "#metalstatic", "uv": [ 0.0, 0.0, 0.5, 0.5 ], "autoUv": false },
																		"east": { "texture": "#metalstatic", "uv": [ 0.0, 0.0, 0.5, 0.5 ], "autoUv": false },
																		"south": { "texture": "#metalstatic", "uv": [ 0.0, 0.0, 0.5, 0.5 ], "autoUv": false },
																		"west": { "texture": "#metalstatic", "uv": [ 0.0, 0.0, 0.5, 0.5 ], "autoUv": false },
																		"up": { "texture": "#metalstatic", "uv": [ 0.0, 0.0, 0.5, 0.5 ], "autoUv": false },
																		"down": { "texture": "#metalstatic", "uv": [ 0.0, 0.0, 0.5, 0.5 ], "autoUv": false }
																	},
																	"children": [
																		{
																			"name": "Cube39",
																			"from": [ 0.0, 0.0038, 0.2813 ],
																			"to": [ 0.1875, 0.1913, 0.7313 ],
																			"rotationOrigin": [ 0.0, 0.0, 0.2813 ],
																			"rotationY": 45.0,
																			"faces": {
																				"north": { "texture": "#metalstatic", "uv": [ 0.0, 0.0, 0.5, 0.5 ], "autoUv": false },
																				"east": { "texture": "#metalstatic", "uv": [ 0.0, 0.0, 1.0, 0.5 ], "autoUv": false },
																				"south": { "texture": "#metalstatic", "uv": [ 0.0, 0.0, 0.5, 0.5 ], "autoUv": false },
																				"west": { "texture": "#metalstatic", "uv": [ 0.0, 0.0, 1.0, 0.5 ], "autoUv": false },
																				"up": { "texture": "#metalstatic", "uv": [ 0.0, 0.0, 0.5, 1.0 ], "autoUv": false },
																				"down": { "texture": "#metalstatic", "uv": [ 0.0, 0.0, 0.5, 1.0 ], "autoUv": false }
																			}
																		}
																	]
																}
															]
														}
													]
												}
											]
										}
									]
								},
								{
									"name": "Cube40",
									"from": [ 0.375, 0.0938, 1.875 ],
									"to": [ 0.5625, 0.2813, 2.1563 ],
									"rotationOrigin": [ 0.375, 0.0, 1.875 ],
									"rotationY": 45.0,
									"faces": {
										"north": { "texture": "#metalstatic", "uv": [ 0.0, 0.0, 0.5, 0.5 ], "autoUv": false },
										"east": { "texture": "#metalstatic", "uv": [ 0.0, 0.0, 0.5, 0.5 ], "autoUv": false },
										"south": { "texture": "#metalstatic", "uv": [ 0.0, 0.0, 0.5, 0.5 ], "autoUv": false },
										"west": { "texture": "#metalstatic", "uv": [ 0.0, 0.0, 0.5, 0.5 ], "autoUv": false },
										"up": { "texture": "#metalstatic", "uv": [ 0.0, 0.0, 0.5, 0.5 ], "autoUv": false },
										"down": { "texture": "#metalstatic", "uv": [ 0.0, 0.0, 0.5, 0.5 ], "autoUv": false }
									},
									"children": [
										{
											"name": "Cube41",
											"from": [ 0.0, 0.0038, 0.2813 ],
											"to": [ 0.1875, 0.1913, 0.5625 ],
											"rotationOrigin": [ 0.1875, 0.0, 0.2813 ],
											"rotationY": -22.5,
											"faces": {
												"north": { "texture": "#metalstatic", "uv": [ 0.0, 0.0, 0.5, 0.5 ], "autoUv": false },
												"east": { "texture": "#metalstatic", "uv": [ 0.0, 0.0, 0.5, 0.5 ], "autoUv": false },
												"south": { "texture": "#metalstatic", "uv": [ 0.0, 0.0, 0.5, 0.5 ], "autoUv": false },
												"west": { "texture": "#metalstatic", "uv": [ 0.0, 0.0, 0.5, 0.5 ], "autoUv": false },
												"up": { "texture": "#metalstatic", "uv": [ 0.0, 0.0, 0.5, 0.5 ], "autoUv": false },
												"down": { "texture": "#metalstatic", "uv": [ 0.0, 0.0, 0.5, 0.5 ], "autoUv": false }
											},
											"children": [
												{
													"name": "Cube42",
													"from": [ 0.0, 0.0, 0.2813 ],
													"to": [ 0.1875, 0.1875, 0.5625 ],
													"rotationOrigin": [ 0.1875, 0.0, 0.2813 ],
													"rotationY": -22.5,
													"faces": {
														"north": { "texture": "#metalstatic", "uv": [ 0.0, 0.0, 0.5, 0.5 ], "autoUv": false },
														"east": { "texture": "#metalstatic", "uv": [ 0.0, 0.0, 0.5, 0.5 ], "autoUv": false },
														"south": { "texture": "#metalstatic", "uv": [ 0.0, 0.0, 0.5, 0.5 ], "autoUv": false },
														"west": { "texture": "#metalstatic", "uv": [ 0.0, 0.0, 0.5, 0.5 ], "autoUv": false },
														"up": { "texture": "#metalstatic", "uv": [ 0.0, 0.0, 0.5, 0.5 ], "autoUv": false },
														"down": { "texture": "#metalstatic", "uv": [ 0.0, 0.0, 0.5, 0.5 ], "autoUv": false }
													},
													"children": [
														{
															"name": "Cube43",
															"from": [ 0.0, 0.0038, 0.2813 ],
															"to": [ 0.1875, 0.1913, 0.5625 ],
															"rotationOrigin": [ 0.1875, 0.0, 0.2813 ],
															"rotationY": -22.5,
															"faces": {
																"north": { "texture": "#metalstatic", "uv": [ 0.0, 0.0, 0.5, 0.5 ], "autoUv": false },
																"east": { "texture": "#metalstatic", "uv": [ 0.0, 0.0, 0.5, 0.5 ], "autoUv": false },
																"south": { "texture": "#metalstatic", "uv": [ 0.0, 0.0, 0.5, 0.5 ], "autoUv": false },
																"west": { "texture": "#metalstatic", "uv": [ 0.0, 0.0, 0.5, 0.5 ], "autoUv": false },
																"up": { "texture": "#metalstatic", "uv": [ 0.0, 0.0, 0.5, 0.5 ], "autoUv": false },
																"down": { "texture": "#metalstatic", "uv": [ 0.0, 0.0, 0.5, 0.5 ], "autoUv": false }
															},
															"children": [
																{
																	"name": "Cube44",
																	"from": [ 0.0, 0.0, 0.2813 ],
																	"to": [ 0.1875, 0.1875, 0.5625 ],
																	"rotationOrigin": [ 0.1875, 0.0, 0.2813 ],
																	"rotationY": -22.5,
																	"faces": {
																		"north": { "texture": "#metalstatic", "uv": [ 0.0, 0.0, 0.5, 0.5 ], "autoUv": false },
																		"east": { "texture": "#metalstatic", "uv": [ 0.0, 0.0, 0.5, 0.5 ], "autoUv": false },
																		"south": { "texture": "#metalstatic", "uv": [ 0.0, 0.0, 0.5, 0.5 ], "autoUv": false },
																		"west": { "texture": "#metalstatic", "uv": [ 0.0, 0.0, 0.5, 0.5 ], "autoUv": false },
																		"up": { "texture": "#metalstatic", "uv": [ 0.0, 0.0, 0.5, 0.5 ], "autoUv": false },
																		"down": { "texture": "#metalstatic", "uv": [ 0.0, 0.0, 0.5, 0.5 ], "autoUv": false }
																	}
																}
															]
														}
													]
												}
											]
										}
									]
								}
							]
						}
					]
				}
			]
		}
	]}