{
	"editor": {
		"allAngles": false,
		"entityTextureMode": false
	},
	"textureWidth": 16,
	"textureHeight": 16,
	"textureSizes": {
	},
	"textures": {
	},
	"elements": [
		{
			"name": "centermount",
			"stepParentName": "IgnitionSlot",
			"from": [ -0.5, 6.0, -0.5 ],
			"to": [ 5.5, 6.5, 5.5 ],
			"rotationOrigin": [ 6.5, 6.0, -0.5 ],
			"faces": {
			},
			"children": [
				{
					"name": "_moveall",
					"from": [ 1.45, -5.7, -0.85 ],
					"to": [ 1.45, -5.7, -0.85 ],
					"rotationOrigin": [ 1.8, -5.55, 1.15 ],
					"rotationX": -45.0,
					"rotationZ": -180.0,
					"faces": {
						"north": { "texture": "#default", "uv": [ 0.0, 0.0, 0.5, 0.5 ], "autoUv": false },
						"east": { "texture": "#default", "uv": [ 0.0, 0.0, 0.5, 0.5 ], "autoUv": false },
						"south": { "texture": "#default", "uv": [ 0.0, 0.0, 0.5, 0.5 ], "autoUv": false },
						"west": { "texture": "#default", "uv": [ 0.0, 0.0, 0.5, 0.5 ], "autoUv": false },
						"up": { "texture": "#default", "uv": [ 0.0, 0.0, 0.5, 0.5 ], "autoUv": false },
						"down": { "texture": "#default", "uv": [ 0.0, 0.0, 0.5, 0.5 ], "autoUv": false }
					},
					"children": [
						{
							"name": "Cube1",
							"from": [ 0.125, 0.125, 0.75 ],
							"to": [ 0.625, 0.375, 2.25 ],
							"rotationOrigin": [ 0.0, 0.0, 0.5 ],
							"faces": {
								"north": { "texture": "#metalstatic", "uv": [ 0.0, 0.0, 1.0, 0.5 ], "autoUv": false },
								"east": { "texture": "#metalstatic", "uv": [ 0.0, 0.0, 3.0, 0.5 ], "autoUv": false },
								"south": { "texture": "#metalstatic", "uv": [ 0.0, 0.0, 1.0, 0.5 ], "autoUv": false },
								"west": { "texture": "#metalstatic", "uv": [ 0.0, 0.0, 3.0, 0.5 ], "autoUv": false },
								"up": { "texture": "#metalstatic", "uv": [ 0.0, 0.0, 1.0, 3.0 ], "autoUv": false },
								"down": { "texture": "#metalstatic", "uv": [ 0.0, 0.0, 1.0, 3.0 ], "autoUv": false }
							}
						},
						{
							"name": "Cube16",
							"from": [ 0.0, 0.0, 2.25 ],
							"to": [ 0.75, 0.5, 2.5875 ],
							"rotationOrigin": [ 0.0, 0.0, 2.0 ],
							"faces": {
								"north": { "texture": "#framestatic", "uv": [ 0.0, 0.0, 1.5, 1.0 ], "autoUv": false },
								"east": { "texture": "#framestatic", "uv": [ 0.0, 0.0, 0.5, 1.0 ], "autoUv": false },
								"south": { "texture": "#framestatic", "uv": [ 0.0, 0.0, 1.5, 1.0 ], "autoUv": false },
								"west": { "texture": "#framestatic", "uv": [ 0.0, 0.0, 0.5, 1.0 ], "autoUv": false },
								"up": { "texture": "#framestatic", "uv": [ 0.0, 0.0, 1.5, 0.5 ], "autoUv": false },
								"down": { "texture": "#framestatic", "uv": [ 0.0, 0.0, 1.5, 0.5 ], "autoUv": false }
							}
						},
						{
							"name": "Cube17",
							"from": [ 0.0, 0.0, 0.25 ],
							"to": [ 1.25, 0.5, 0.75 ],
							"faces": {
								"north": { "texture": "#obsidian", "uv": [ 0.0, 0.0, 2.5, 1.0 ], "autoUv": false },
								"east": { "texture": "#obsidian", "uv": [ 0.0, 0.0, 1.0, 1.0 ], "autoUv": false },
								"south": { "texture": "#obsidian", "uv": [ 0.0, 0.0, 2.5, 1.0 ], "autoUv": false },
								"west": { "texture": "#obsidian", "uv": [ 0.0, 0.0, 1.0, 1.0 ], "autoUv": false },
								"up": { "texture": "#obsidian", "uv": [ 0.0, 0.0, 2.5, 1.0 ], "autoUv": false },
								"down": { "texture": "#obsidian", "uv": [ 0.0, 0.0, 2.5, 1.0 ], "autoUv": false }
							}
						},
						{
							"name": "Cube18",
							"from": [ 0.125, 0.125, 0.2 ],
							"to": [ 1.125, 0.375, 0.7 ],
							"faces": {
								"north": { "texture": "#framestatic", "uv": [ 0.0, 0.0, 2.0, 0.5 ], "autoUv": false },
								"east": { "texture": "#framestatic", "uv": [ 0.0, 0.0, 1.0, 0.5 ], "autoUv": false },
								"south": { "texture": "#framestatic", "uv": [ 0.0, 0.0, 2.0, 0.5 ], "autoUv": false },
								"west": { "texture": "#framestatic", "uv": [ 0.0, 0.0, 1.0, 0.5 ], "autoUv": false },
								"up": { "texture": "#framestatic", "uv": [ 0.0, 0.0, 2.0, 1.0 ], "autoUv": false },
								"down": { "texture": "#framestatic", "uv": [ 0.0, 0.0, 2.0, 1.0 ], "autoUv": false }
							}
						},
						{
							"name": "Cube19",
							"from": [ 0.185, 0.185, 0.0 ],
							"to": [ 1.06, 0.31, 0.25 ],
							"faces": {
								"north": { "texture": "#connector", "uv": [ 0.0, 0.5, 8.0, 1.5 ], "autoUv": false },
								"east": { "texture": "#connector", "uv": [ 0.0, 0.0, 1.5, 1.5 ], "autoUv": false },
								"west": { "texture": "#connector", "uv": [ 0.0, 0.0, 1.5, 1.5 ], "rotation": 180, "autoUv": false },
								"up": { "texture": "#connector", "uv": [ 0.0, 0.0, 8.0, 2.0 ], "rotation": 180, "autoUv": false },
								"down": { "texture": "#connector", "uv": [ 0.0, 0.0, 8.0, 2.0 ], "rotation": 180, "autoUv": false }
							}
						},
						{
							"name": "Cube20",
							"from": [ 0.0, 0.0, 1.375 ],
							"to": [ 1.0, 0.5, 1.625 ],
							"rotationOrigin": [ 0.0, 0.0, 1.0 ],
							"faces": {
								"north": { "texture": "#framestatic", "uv": [ 0.0, 0.0, 2.0, 1.0 ], "autoUv": false },
								"east": { "texture": "#framestatic", "uv": [ 0.0, 0.0, 0.5, 1.0 ], "autoUv": false },
								"south": { "texture": "#framestatic", "uv": [ 0.0, 0.0, 2.0, 1.0 ], "autoUv": false },
								"west": { "texture": "#framestatic", "uv": [ 0.0, 0.0, 0.5, 1.0 ], "autoUv": false },
								"up": { "texture": "#framestatic", "uv": [ 0.0, 0.0, 2.0, 0.5 ], "autoUv": false },
								"down": { "texture": "#framestatic", "uv": [ 0.0, 0.0, 2.0, 0.5 ], "autoUv": false }
							}
						},
						{
							"name": "_ringhole33",
							"from": [ 0.0, 0.0, 0.0 ],
							"to": [ 0.0, 0.0, 0.0 ],
							"faces": {
								"north": { "texture": "#metalstatic", "uv": [ 0.0, 0.0, 0.5, 0.5 ], "autoUv": false },
								"east": { "texture": "#metalstatic", "uv": [ 0.0, 0.0, 0.5, 0.5 ], "autoUv": false },
								"south": { "texture": "#metalstatic", "uv": [ 0.0, 0.0, 0.5, 0.5 ], "autoUv": false },
								"west": { "texture": "#metalstatic", "uv": [ 0.0, 0.0, 0.5, 0.5 ], "autoUv": false },
								"up": { "texture": "#metalstatic", "uv": [ 0.0, 0.0, 0.5, 0.5 ], "autoUv": false },
								"down": { "texture": "#metalstatic", "uv": [ 0.0, 0.0, 0.5, 0.5 ], "autoUv": false }
							},
							"children": [
								{
									"name": "Cube34",
									"from": [ 0.0, 0.125, 2.5 ],
									"to": [ 0.25, 0.375, 2.875 ],
									"rotationOrigin": [ 0.25, 0.0, 2.5 ],
									"rotationY": -45.0,
									"faces": {
										"north": { "texture": "#metalstatic", "uv": [ 0.0, 0.0, 0.5, 0.5 ], "autoUv": false },
										"east": { "texture": "#metalstatic", "uv": [ 0.0, 0.0, 0.5, 0.5 ], "autoUv": false },
										"south": { "texture": "#metalstatic", "uv": [ 0.0, 0.0, 0.5, 0.5 ], "autoUv": false },
										"west": { "texture": "#metalstatic", "uv": [ 0.0, 0.0, 0.5, 0.5 ], "autoUv": false },
										"up": { "texture": "#metalstatic", "uv": [ 0.0, 0.0, 0.5, 0.5 ], "autoUv": false },
										"down": { "texture": "#metalstatic", "uv": [ 0.0, 0.0, 0.5, 0.5 ], "autoUv": false }
									},
									"children": [
										{
											"name": "Cube35",
											"from": [ 0.0, 0.005, 0.375 ],
											"to": [ 0.25, 0.255, 0.75 ],
											"rotationOrigin": [ 0.0, 0.0, 0.375 ],
											"rotationY": 22.5,
											"faces": {
												"north": { "texture": "#metalstatic", "uv": [ 0.0, 0.0, 0.5, 0.5 ], "autoUv": false },
												"east": { "texture": "#metalstatic", "uv": [ 0.0, 0.0, 0.5, 0.5 ], "autoUv": false },
												"south": { "texture": "#metalstatic", "uv": [ 0.0, 0.0, 0.5, 0.5 ], "autoUv": false },
												"west": { "texture": "#metalstatic", "uv": [ 0.0, 0.0, 0.5, 0.5 ], "autoUv": false },
												"up": { "texture": "#metalstatic", "uv": [ 0.0, 0.0, 0.5, 0.5 ], "autoUv": false },
												"down": { "texture": "#metalstatic", "uv": [ 0.0, 0.0, 0.5, 0.5 ], "autoUv": false }
											},
											"children": [
												{
													"name": "Cube36",
													"from": [ 0.0, 0.0, 0.375 ],
													"to": [ 0.25, 0.25, 0.75 ],
													"rotationOrigin": [ 0.0, 0.0, 0.375 ],
													"rotationY": 22.5,
													"faces": {
														"north": { "texture": "#metalstatic", "uv": [ 0.0, 0.0, 0.5, 0.5 ], "autoUv": false },
														"east": { "texture": "#metalstatic", "uv": [ 0.0, 0.0, 0.5, 0.5 ], "autoUv": false },
														"south": { "texture": "#metalstatic", "uv": [ 0.0, 0.0, 0.5, 0.5 ], "autoUv": false },
														"west": { "texture": "#metalstatic", "uv": [ 0.0, 0.0, 0.5, 0.5 ], "autoUv": false },
														"up": { "texture": "#metalstatic", "uv": [ 0.0, 0.0, 0.5, 0.5 ], "autoUv": false },
														"down": { "texture": "#metalstatic", "uv": [ 0.0, 0.0, 0.5, 0.5 ], "autoUv": false }
													},
													"children": [
														{
															"name": "Cube37",
															"from": [ 0.0, 0.005, 0.375 ],
															"to": [ 0.25, 0.255, 0.75 ],
															"rotationOrigin": [ 0.0, 0.0, 0.375 ],
															"rotationY": 22.5,
															"faces": {
																"north": { "texture": "#metalstatic", "uv": [ 0.0, 0.0, 0.5, 0.5 ], "autoUv": false },
																"east": { "texture": "#metalstatic", "uv": [ 0.0, 0.0, 0.5, 0.5 ], "autoUv": false },
																"south": { "texture": "#metalstatic", "uv": [ 0.0, 0.0, 0.5, 0.5 ], "autoUv": false },
																"west": { "texture": "#metalstatic", "uv": [ 0.0, 0.0, 0.5, 0.5 ], "autoUv": false },
																"up": { "texture": "#metalstatic", "uv": [ 0.0, 0.0, 0.5, 0.5 ], "autoUv": false },
																"down": { "texture": "#metalstatic", "uv": [ 0.0, 0.0, 0.5, 0.5 ], "autoUv": false }
															},
															"children": [
																{
																	"name": "Cube38",
																	"from": [ 0.0, 0.0, 0.375 ],
																	"to": [ 0.25, 0.25, 0.75 ],
																	"rotationOrigin": [ 0.0, 0.0, 0.375 ],
																	"rotationY": 22.5,
																	"faces": {
																		"north": { "texture": "#metalstatic", "uv": [ 0.0, 0.0, 0.5, 0.5 ], "autoUv": false },
																		"east": { "texture": "#metalstatic", "uv": [ 0.0, 0.0, 0.5, 0.5 ], "autoUv": false },
																		"south": { "texture": "#metalstatic", "uv": [ 0.0, 0.0, 0.5, 0.5 ], "autoUv": false },
																		"west": { "texture": "#metalstatic", "uv": [ 0.0, 0.0, 0.5, 0.5 ], "autoUv": false },
																		"up": { "texture": "#metalstatic", "uv": [ 0.0, 0.0, 0.5, 0.5 ], "autoUv": false },
																		"down": { "texture": "#metalstatic", "uv": [ 0.0, 0.0, 0.5, 0.5 ], "autoUv": false }
																	},
																	"children": [
																		{
																			"name": "Cube39",
																			"from": [ 0.0, 0.005, 0.375 ],
																			"to": [ 0.25, 0.255, 0.975 ],
																			"rotationOrigin": [ 0.0, 0.0, 0.375 ],
																			"rotationY": 45.0,
																			"faces": {
																				"north": { "texture": "#metalstatic", "uv": [ 0.0, 0.0, 0.5, 0.5 ], "autoUv": false },
																				"east": { "texture": "#metalstatic", "uv": [ 0.0, 0.0, 1.0, 0.5 ], "autoUv": false },
																				"south": { "texture": "#metalstatic", "uv": [ 0.0, 0.0, 0.5, 0.5 ], "autoUv": false },
																				"west": { "texture": "#metalstatic", "uv": [ 0.0, 0.0, 1.0, 0.5 ], "autoUv": false },
																				"up": { "texture": "#metalstatic", "uv": [ 0.0, 0.0, 0.5, 1.0 ], "autoUv": false },
																				"down": { "texture": "#metalstatic", "uv": [ 0.0, 0.0, 0.5, 1.0 ], "autoUv": false }
																			}
																		}
																	]
																}
															]
														}
													]
												}
											]
										}
									]
								},
								{
									"name": "Cube40",
									"from": [ 0.5, 0.125, 2.5 ],
									"to": [ 0.75, 0.375, 2.875 ],
									"rotationOrigin": [ 0.5, 0.0, 2.5 ],
									"rotationY": 45.0,
									"faces": {
										"north": { "texture": "#metalstatic", "uv": [ 0.0, 0.0, 0.5, 0.5 ], "autoUv": false },
										"east": { "texture": "#metalstatic", "uv": [ 0.0, 0.0, 0.5, 0.5 ], "autoUv": false },
										"south": { "texture": "#metalstatic", "uv": [ 0.0, 0.0, 0.5, 0.5 ], "autoUv": false },
										"west": { "texture": "#metalstatic", "uv": [ 0.0, 0.0, 0.5, 0.5 ], "autoUv": false },
										"up": { "texture": "#metalstatic", "uv": [ 0.0, 0.0, 0.5, 0.5 ], "autoUv": false },
										"down": { "texture": "#metalstatic", "uv": [ 0.0, 0.0, 0.5, 0.5 ], "autoUv": false }
									},
									"children": [
										{
											"name": "Cube41",
											"from": [ 0.0, 0.005, 0.375 ],
											"to": [ 0.25, 0.255, 0.75 ],
											"rotationOrigin": [ 0.25, 0.0, 0.375 ],
											"rotationY": -22.5,
											"faces": {
												"north": { "texture": "#metalstatic", "uv": [ 0.0, 0.0, 0.5, 0.5 ], "autoUv": false },
												"east": { "texture": "#metalstatic", "uv": [ 0.0, 0.0, 0.5, 0.5 ], "autoUv": false },
												"south": { "texture": "#metalstatic", "uv": [ 0.0, 0.0, 0.5, 0.5 ], "autoUv": false },
												"west": { "texture": "#metalstatic", "uv": [ 0.0, 0.0, 0.5, 0.5 ], "autoUv": false },
												"up": { "texture": "#metalstatic", "uv": [ 0.0, 0.0, 0.5, 0.5 ], "autoUv": false },
												"down": { "texture": "#metalstatic", "uv": [ 0.0, 0.0, 0.5, 0.5 ], "autoUv": false }
											},
											"children": [
												{
													"name": "Cube42",
													"from": [ 0.0, 0.0, 0.375 ],
													"to": [ 0.25, 0.25, 0.75 ],
													"rotationOrigin": [ 0.25, 0.0, 0.375 ],
													"rotationY": -22.5,
													"faces": {
														"north": { "texture": "#metalstatic", "uv": [ 0.0, 0.0, 0.5, 0.5 ], "autoUv": false },
														"east": { "texture": "#metalstatic", "uv": [ 0.0, 0.0, 0.5, 0.5 ], "autoUv": false },
														"south": { "texture": "#metalstatic", "uv": [ 0.0, 0.0, 0.5, 0.5 ], "autoUv": false },
														"west": { "texture": "#metalstatic", "uv": [ 0.0, 0.0, 0.5, 0.5 ], "autoUv": false },
														"up": { "texture": "#metalstatic", "uv": [ 0.0, 0.0, 0.5, 0.5 ], "autoUv": false },
														"down": { "texture": "#metalstatic", "uv": [ 0.0, 0.0, 0.5, 0.5 ], "autoUv": false }
													},
													"children": [
														{
															"name": "Cube43",
															"from": [ 0.0, 0.005, 0.375 ],
															"to": [ 0.25, 0.255, 0.75 ],
															"rotationOrigin": [ 0.25, 0.0, 0.375 ],
															"rotationY": -22.5,
															"faces": {
																"north": { "texture": "#metalstatic", "uv": [ 0.0, 0.0, 0.5, 0.5 ], "autoUv": false },
																"east": { "texture": "#metalstatic", "uv": [ 0.0, 0.0, 0.5, 0.5 ], "autoUv": false },
																"south": { "texture": "#metalstatic", "uv": [ 0.0, 0.0, 0.5, 0.5 ], "autoUv": false },
																"west": { "texture": "#metalstatic", "uv": [ 0.0, 0.0, 0.5, 0.5 ], "autoUv": false },
																"up": { "texture": "#metalstatic", "uv": [ 0.0, 0.0, 0.5, 0.5 ], "autoUv": false },
																"down": { "texture": "#metalstatic", "uv": [ 0.0, 0.0, 0.5, 0.5 ], "autoUv": false }
															},
															"children": [
																{
																	"name": "Cube44",
																	"from": [ 0.0, 0.0, 0.375 ],
																	"to": [ 0.25, 0.25, 0.75 ],
																	"rotationOrigin": [ 0.25, 0.0, 0.375 ],
																	"rotationY": -22.5,
																	"faces": {
																		"north": { "texture": "#metalstatic", "uv": [ 0.0, 0.0, 0.5, 0.5 ], "autoUv": false },
																		"east": { "texture": "#metalstatic", "uv": [ 0.0, 0.0, 0.5, 0.5 ], "autoUv": false },
																		"south": { "texture": "#metalstatic", "uv": [ 0.0, 0.0, 0.5, 0.5 ], "autoUv": false },
																		"west": { "texture": "#metalstatic", "uv": [ 0.0, 0.0, 0.5, 0.5 ], "autoUv": false },
																		"up": { "texture": "#metalstatic", "uv": [ 0.0, 0.0, 0.5, 0.5 ], "autoUv": false },
																		"down": { "texture": "#metalstatic", "uv": [ 0.0, 0.0, 0.5, 0.5 ], "autoUv": false }
																	}
																}
															]
														}
													]
												}
											]
										}
									]
								}
							]
						}
					]
				}
			]
		}
	]}