{
    "code": "trader-figurine",
    "class": "Item",
    "maxStackSize": 8,
    "variantcode": "{trader}",


    "variantgroups": [

        {
            "code": "trader",
            "states": [ "treasure-hunter", "artisan", "clothing", "survival-goods", "luxuries", "furniture", "agriculture", "commodities", "build-materials", "figurine", "figurinespecialist" ]
        }

    ],

    "allowedVariants": [
        "trader-figurine-treasure-hunter",
        "trader-figurine-artisan",
        "trader-figurine-clothing",
        "trader-figurine-survival-goods",
        "trader-figurine-luxuries",
        "trader-figurine-furniture",
        "trader-figurine-agriculture",
        "trader-figurine-commodities",
        "trader-figurine-build-materials",
        "trader-figurine-figurine",
        "trader-figurine-figurinespecialist"

    ],


    "shapeByType": {
        "trader-figurine-treasure-hunter": { "base": "figurines:item/trader/trader-figurine-treasure-hunter" },
        "trader-figurine-artisan": { "base": "figurines:item/trader/trader-figurine-artisan" },
        "trader-figurine-clothing": { "base": "figurines:item/trader/trader-figurine-clothing" },
        "trader-figurine-survival-goods": { "base": "figurines:item/trader/trader-figurine-survival-goods" },
        "trader-figurine-luxuries": { "base": "figurines:item/trader/trader-figurine-luxuries" },
        "trader-figurine-furniture": { "base": "figurines:item/trader/trader-figurine-furniture" },
        "trader-figurine-agriculture": { "base": "figurines:item/trader/trader-figurine-agriculture" },
        "trader-figurine-commodities": { "base": "figurines:item/trader/trader-figurine-commodities" },
        "trader-figurine-build-materials": { "base": "figurines:item/trader/trader-figurine-build-materials" },
        "trader-figurine-figurine": { "base": "figurines:item/trader/trader-figurine-figurine" },
        "trader-figurine-figurinespecialist": { "base": "figurines:item/trader/trader-figurine-figurinespecialist" }

    },

    "textures": {
        "trader": { "base": "figurines:item/trader/trader" },
        "base": { "base": "figurines:item/base/base" }

    },

    "creativeinventoryByType": {
        "*": {
            "general": [ "*" ],
            "figurines": [ "*" ]
        }
    },

    "guiTransformByType": {
        "*": {
            "translation": {
                "x": 0,
                "y": 0,
                "z": 0
            },
            "rotation": {
                "x": -18,
                "y": -52,
                "z": 180
            },
            "origin": {
                "x": 0.5,
                "y": 0.1,
                "z": 0.5
            },
            "scale": 6
        }
    },

    "tpHandTransformByType": {
        "*": {
            "translation": {
                "x": -1.0,
                "y": -0.5,
                "z": -0.48
            },
            "rotation": {
                "x": 0,
                "y": -180,
                "z": 90
            },
            "scale": 1.05
        }
    },

    "groundTransformByType": {
        "*": {
            "translation": {
                "x": -0,
                "y": -0,
                "z": 0
            },
            "rotation": {
                "x": 90,
                "y": 4,
                "z": -3
            },
            "origin": {
                "x": 0.5,
                "y": 0.1,
                "z": 0.55
            },
            "scale": 6
        }
    },

    "attributes": {
        "groundstorable": true,
        "displaycaseable": true,
        "shelvable": true,
        "moldrackable": true,
        "groundStorageTransformByType": {
            "*": {
                "translation": {
                    "x": 0,
                    "y": 0,
                    "z": 0
                },
                "rotation": {
                    "x": 90,
                    "y": 90,
                    "z": -90
                },
                "origin": {
                    "x": 0.5,
                    "y": 0.0,
                    "z": 0.5
                },
                "scale": 1.2
            }
        },
        "onDisplayTransformByType": {
            "*": {
                "translation": {
                    "x": 0,
                    "y": 0,
                    "z": 0
                },
                "rotation": {
                    "x": 90,
                    "y": 90,
                    "z": -90
                },
                "origin": {
                    "x": 0.5,
                    "y": 0.0,
                    "z": 0.5
                },
                "scale": 1.4
            }
        },
        "onshelfTransformByType": {
            "*": {
                "translation": {
                    "x": 0,
                    "y": 0,
                    "z": 0
                },
                "rotation": {
                    "x": 90,
                    "y": 90,
                    "z": -90
                },
                "origin": {
                    "x": 0.5,
                    "y": 0.0,
                    "z": 0.5
                },
                "scale": 1.2
            }
        },
        "onmoldrackTransformByType": {
            "*": {
                "translation": {
                    "x": 0.44,
                    "y": 0.07,
                    "z": 0.25
                },
                "rotation": {
                    "x": 0,
                    "y": 90,
                    "z": 0
                },
                "origin": {
                    "x": 0.5,
                    "y": 0.0,
                    "z": 0.5
                },
                "scale": 1.2
            }
        }
    },

    "behaviors": [
        {
            "name": "GroundStorable",
            "properties": {
                "layout": "quadrants",
                "rotation": true,
                "wallOffYByType": { "*": 1 },
                "ctrlKey": true,
                "selectionBox": {
                    "x1": 0,
                    "y1": 0,
                    "z1": 0,
                    "x2": 1,
                    "y2": 0.1,
                    "z2": 1
                },
                "collisionBox": {
                    "x1": 0,
                    "y1": 0,
                    "z1": 0,
                    "x2": 0,
                    "y2": 0,
                    "z2": 0
                }
            }
        }
    ]
}







   


