{
	"code": "orca",
	"class": "EntityFish",
	"hitboxSize": { "x": 4.2, "y": 3 },
	"eyeHeight": 0.9,
	"drops": [],
	"habitat": "underwater",
	"attributes": {
		"killedByInfoText": "feverstonewilds:deadcreature-orca"
	},
	"client": {
		"renderer": "Shape",
		"size": 0.7,
		"shape": { "base": "entity/water/orca" },
		"texture": { "base": "entity/water/orca/orcaskin1",
		            "alternates": [ { "base": "entity/water/orca/orcaskin2" },
									  { "base": "entity/water/orca/orcaskin3" },
									  { "base": "entity/water/orca/orcaskin4" },
									  { "base": "entity/water/orca/orcaskin5" }
									]
	},
		"behaviors": [
			{ "code": "repulseagents" }, 
			{ "code": "controlledphysics", "stepHeight": 5 }, 
			{ "code": "interpolateposition" },
			{ "code": "floatupwhenstuck", "onlyWhenDead": true },
			{ "code": "harvestable" },
			{ "code": "despawn", "minPlayerDistance": 28, "minSeconds": 300, "belowLightLevel": 0 }
		],
		"animations": [
			{
				"code": "hurt",
				"animation": "hurt", 
				"animationSpeed": 1,
				"weight": 10,
				"blendMode": "addAverage" 
			},
			{
				"code": "swim",
				"animation": "swim"
			},
			{
				"code": "swimfast",
				"animation": "swim"
			},
			{
				"code": "die",
				"animation": "dead"
			},
			{
				"code": "flop",
				"animation": "flopping"
			},
			{ 
				"code": "idle", 
				"animation": "idle",
				"blendMode": "addAverage",
				"easeOutSpeed": 4,
				"triggeredBy": { "defaultAnim": true }
			}
		]
	},
	"server": {
		"behaviors": [
			{ "code": "repulseagents" }, 
			{ "code": "controlledphysics", "stepHeight": 0 }, 
			{ "code": "despawn", "minPlayerDistance": 28, "minSeconds": 300, "belowLightLevel": 0 },
			{ "code": "health", "maxhealth": 85 },
			{ "code": "deaddecay", "hoursToDecay": 96, "decayedBlock": "carcass-large" },
			{ "code": "floatupwhenstuck", "onlyWhenDead": true },
			{ "code": "harvestable", "drops": [
					{
						"type": "item", 
						"code": "redmeat-raw", 
						"quantity": { "avg": 15, "var": 5 } 
					},
					{
						"type": "item", 
						"code": "fat", 
						"quantity": { "avg": 15, "var": 5 } 
					}
				]
			},
			{ 
				"code": "emotionstates",
				"states": [
					{ "code": "fleeondamage", "duration": 10, "chance": 1, "slot": 0, "priority": 1, "accumType": "max" },
					{ 
						"code": "saturated", "duration": 4600, "chance": 1, "slot": 0, "priority": 1, "accumType": "sum",
						"belowTempDuration": 600,
						"belowTempThreshold": -5
					}
				]
			},
			{ 
				"code": "taskai",
				"aitasks": [
				{
						"code": "meleeattack",
						"entityCodes": ["shark-*", "dolphin", "drifter-*", "chicken-*", "fox", "buromenfish", "discus", "pink-salmon", "wolf-*",
						"bear-*", "horse-*", "hare-*"],
						"priority": 2,
						"damage": 25,
						"damageTier": 3,
						"damageType": "SlashingAttack",
						"slot": 1,
						"mincooldown": 1500, 
						"maxcooldown": 1500, 
						"attackDurationMs": 800,
						"damagePlayerAtMs": 500,
						"animation": "attack",
						"animationSpeed": 2.5,
						"sound": ""
					},
					
					{
						"code": "fleeentity",
						"entityCodes": ["player"],
						"priority": 1.6,
						"movespeed": 0.072,
						"seekingRange": 20,
						"animation": "swim",
						"animationSpeed": 3,
						"whenInEmotionState": "fleeondamage"
					},
					{
						"code": "seekentity",
						"entityCodes": ["player"],
						"priority": 1.51,
						"movespeed": 0.032,
						"seekingRange": 9,
						"belowTempSeekingRange": 25,
						"belowTempThreshold": -5,
						"animation": "swim",
						"leapAtTarget": true,
						"leapAnimation": null,
						"animationSpeed": 2.2,
						"leapChance": 0.01,
						"sound": ""
					},
					{
						"code": "seekentity",
						"entityCodes": ["shark-*", "dolphin", "drifter-*", "chicken-*", "fox", "buromenfish", "discus", "pink-salmon", "wolf-*", 
						"bear-*", "horse-*", "hare-*"],
						"priority": 1.5,
						"movespeed": 0.1,
						"seekingRange": 15,
						"belowTempSeekingRange": 25,
						"belowTempThreshold": -5,
						"animation": "swim",
						"leapAtTarget": true,
						"leapAnimation": null,
						"animationSpeed": 2.2,
						"leapChance": 0.01,
						"sound": "",
						"whenNotInEmotionState": "saturated"
					},
					{
						"code": "seekentity",
						"entityCodes": ["player"],
						"priority": 1.49,
						"movespeed": 0.1,
						"seekingRange": 15,
						"animation": "swim",
						"leapAtTarget": true,
						"leapAnimation": null,
						"animationSpeed": 2.2,
						"leapChance": 0.01,
						"sound": "",
						"whenInEmotionState": "aggressiveondamage"
					},
					{
						"code": "fishoutofwater", 
						"priority": 2.5, 
						"priorityForCancel": 2.6,
						"movespeed": 0.005,
						"animation": "flop",
						"animationSpeed": 2
					},
					{
						"code": "wander", 
						"priority": 1.2, 
						"priorityForCancel": 1.35,
						"movespeed": 0.01,
						"animation": "swim",
						"preferredLightLevel": "22"
					},
					{
						"code": "fishmovefast", 
						"priority": 1.0, 
						"priorityForCancel": 1.35,
						"movespeed": 0.055,
						"animation": "swimfast",
						"animationSpeed": 2.3,
						"sound": "orca/orcaswim"
					},
					{
						"code": "idle",
						"priority": 0.9,
						"minduration": 500,
						"maxduration": 1000,
						"mincooldown": 2000,
						"maxcooldown": 30000,
						"animation": "idle"
					}
				]
			}
		],
		"spawnconditions": {
			"worldgen": {
				"TriesPerChunk": { "avg": 0.045, "var": 0 },
				"tryOnlySurface": true,
				"minLightLevel": 8,
				"groupSize": { "dist": "verynarrowgaussian", "avg": 1.5, "var": 0.5 },
				"maxQuantity": 2,
				"insideBlockCodes": [ "game:saltwater-still-*"],
				"minTemp": -30,
				"maxTemp": 40
			},
			"runtime": {
				"group": "neutral",
				"maxQuantity": 2,
				"chance": 0.00001,
				"tryOnlySurface": true,
				"maxLightLevel": 22,
				"groupSize": { "dist": "verynarrowgaussian", "avg": 1.5, "var": 0.5 },
				"insideBlockCodes": [ "game:saltwater-still-*"],
				"minTemp": -30,
				"maxTemp": 40
			}
		}
	},
"sounds": {
	"hurt": "feverstonewilds:orca/orcahurt",
	"death": "",
	"idle": "feverstonewilds:orca/orcaidle"
},
"idleSoundChance": 0.0001,
"hurtSoundChance": 0.005
}