{
	"code": "shark",
	"class": "EntityFish",
	"variantgroups": [
		{"code": "type", "states": ["freshwater", "saltwater", "hammerhead"] }
	],
	"hitboxSize": { "x": 1.2, "y": 1 },
	"eyeHeight": 0.9,
	"drops": [],
	"habitat": "underwater",
	"attributes": {
		"killedByInfoText": "feverstonewilds:deadcreature-shark"
	},
	"client": {
		"renderer": "Shape",
        "shapeByType": {
            "*-saltwater": { "base": "entity/water/bullshark" },
			"*-freshwater": { "base": "entity/water/bullshark" },
            "*-hammerhead": { "base": "entity/water/hammerhead" }
        },
		"size": 0.7,
		"texture": { "base": "entity/water/bullshark/bullshark1",
		            "alternates": [ { "base": "entity/water/bullshark/bullshark2" },
									  { "base": "entity/water/bullshark/bullshark3" },
									  { "base": "entity/water/bullshark/bullshark4" },
									  { "base": "entity/water/bullshark/bullshark5" }
									]
	},
		"behaviors": [
			{ "code": "repulseagents" }, 
			{ "code": "controlledphysics", "stepHeight": 5 }, 
			{ "code": "interpolateposition" },
			{ "code": "floatupwhenstuck", "onlyWhenDead": true },
			{ "code": "harvestable" },
			{ "code": "despawn", "minPlayerDistance": 18, "minSeconds": 300, "belowLightLevel": 0 }
		],
		"animations": [
			{
				"code": "hurt",
				"animation": "hurt", 
				"animationSpeed": 1,
				"weight": 10,
				"blendMode": "addAverage" 
			},
			{
				"code": "swim",
				"animation": "swim"
			},
			{
				"code": "swimfast",
				"animation": "swim"
			},
			{
				"code": "die",
				"animation": "dead"
			},
			{
				"code": "flop",
				"animation": "flopping"
			},
			{ 
				"code": "idle", 
				"animation": "idle",
				"blendMode": "addAverage",
				"easeOutSpeed": 4,
				"triggeredBy": { "defaultAnim": true }
			}
		]
	},
	"server": {
		"behaviors": [
			{ "code": "repulseagents" }, 
			{ "code": "controlledphysics", "stepHeight": 5 }, 
			{ "code": "despawn", "minPlayerDistance": 18, "minSeconds": 300, "belowLightLevel": 0 },
			{ "code": "health", "maxhealthByType": {
				"*-freshwater": 40,
				"*-saltwater": 45,
				"*-hammerhead": 65
			}
			},
			{ "code": "deaddecay", "hoursToDecay": 6, "decayedBlock": "carcass-large" },
			{ "code": "floatupwhenstuck", "onlyWhenDead": true },
			{ "code": "harvestable", "drops": [
					{
						"type": "item", 
						"code": "fish-raw", 
						"quantity": { "avg": 10, "var": 3 } 
					}
				]
			},
			{ 
				"code": "emotionstates",
				"states": [
					{ "code": "fleeondamage", "duration": 10, "chance": 1, "slot": 0, "priority": 1, "accumType": "max" },
					{ 
						"code": "saturated", "duration": 3600, "chance": 1, "slot": 0, "priority": 1, "accumType": "sum",
						"belowTempDuration": 600,
						"belowTempThreshold": -5
					}
				]
			},
			{ 
				"code": "taskai",
				"aitasks": [
				{
						"code": "meleeattack",
						"entityCodes": ["player", "drifter-*", "chicken-*", "buromenfish", "discus", "pink-salmon", "wolf-*", 
						"bear-*", "hare-*"],
						"priority": 2,
						"damage": 8,
						"damageTier": 2,
						"damageType": "SlashingAttack",
						"slot": 1,
						"mincooldown": 1500, 
						"maxcooldown": 1500, 
						"attackDurationMs": 800,
						"damagePlayerAtMs": 500,
						"animation": "attack",
						"animationSpeed": 2.5,
						"sound": ""
					},
					
					{
						"code": "fleeentity",
						"entityCodes": ["player"],
						"priority": 1.6,
						"movespeed": 0.052,
						"seekingRange": 20,
						"animation": "swim",
						"animationSpeed": 3,
						"whenInEmotionState": "fleeondamage"
					},
					{
						"code": "seekentity",
						"entityCodes": ["player"],
						"priority": 1.51,
						"movespeed": 0.028,
						"seekingRange": 9,
						"belowTempSeekingRange": 25,
						"belowTempThreshold": -5,
						"animation": "swim",
						"leapAtTarget": true,
						"leapAnimation": null,
						"animationSpeed": 2.2,
						"leapChance": 0.01,
						"sound": "",
						"whenNotInEmotionState": "saturated"
					},
					{
						"code": "seekentity",
						"entityCodes": ["player", "drifter-*", "chicken*", "fox", "buromenfish", "discus", "pink-salmon", "wolf*", 
						"bear-*", "horse-*", "hare-*"],
						"priority": 1.5,
						"movespeed": 0.1,
						"seekingRange": 15,
						"belowTempSeekingRange": 25,
						"belowTempThreshold": -5,
						"animation": "swim",
						"leapAtTarget": true,
						"leapAnimation": null,
						"animationSpeed": 2.2,
						"leapChance": 0.01,
						"sound": "",
						"whenNotInEmotionState": "saturated"
					},
					{
						"code": "seekentity",
						"entityCodes": ["player"],
						"priority": 1.49,
						"movespeed": 0.1,
						"seekingRange": 15,
						"animation": "swim",
						"leapAtTarget": true,
						"leapAnimation": null,
						"animationSpeed": 2.2,
						"leapChance": 0.01,
						"sound": "",
						"whenInEmotionState": "aggressiveondamage"
					},
					{
						"code": "fishoutofwater", 
						"priority": 2.5, 
						"priorityForCancel": 2.6,
						"movespeed": 0.005,
						"animation": "flop",
						"animationSpeed": 2
					},
					{
						"code": "wander", 
						"priority": 1.2, 
						"priorityForCancel": 1.35,
						"movespeed": 0.01,
						"animation": "swim",
						"preferredLightLevel": "17"
					},
					{
						"code": "fishmovefast", 
						"priority": 1.0, 
						"priorityForCancel": 1.35,
						"movespeed": 0.047,
						"animation": "swimfast",
						"animationSpeed": 2.3
					},
					{
						"code": "idle",
						"priority": 0.9,
						"minduration": 500,
						"maxduration": 1000,
						"mincooldown": 2000,
						"maxcooldown": 30000,
						"animation": "idle"
					}
				]
			}
		],
		"spawnconditionsbyType": {
			"shark-freshwater": {
				"worldgen": {
					"TriesPerChunk": { "avg": 0.035, "var": 0 },
					"tryOnlySurface": true,
					"maxQuantity": 1,
					"groupSize": { "dist": "verynarrowgaussian", "avg": 1, "var": 0 },
					"insideBlockCodes": ["game:water-still-*" ],
					"minTemp": -20,
					"maxTemp": 50,
					"maxY": 0.95
				},
				"runtime": {
					"group": "hostile",
					"maxQuantity": 1,
					"chance": 0.00001,
					"tryOnlySurface": true,
					"groupSize": { "dist": "verynarrowgaussian", "avg": 1, "var": 0 },
					"insideBlockCodes": ["game:water-still-*" ],
					"minTemp": -20,
					"maxTemp": 50,
					"maxY": 0.95
				}
			},
			"shark-saltwater": {
				"worldgen": {
					"TriesPerChunk": { "avg": 0.035, "var": 0 },
					"tryOnlySurface": true,
					"maxQuantity": 2,
					"groupSize": { "dist": "verynarrowgaussian", "avg": 1.5, "var": 0.5 },
					"insideBlockCodes": [ "game:saltwater-still-*"],
					"minTemp": -20,
					"maxTemp": 50,
					"maxY": 0.95
				},
				"runtime": {
					"group": "hostile",
					"maxQuantity": 2,
					"chance": 0.00001,
					"tryOnlySurface": true,
					"groupSize": { "dist": "verynarrowgaussian", "avg": 1.5, "var": 0.5 },
					"insideBlockCodes": [ "game:saltwater-still-*"],
					"minTemp": -20,
					"maxTemp": 50,
					"maxY": 0.95
				}
			},
			"*-hammerhead": {
				"worldgen": {
					"TriesPerChunk": { "avg": 0.055, "var": 0 },
					"tryOnlySurface": true,
					"maxQuantity": 2,
					"groupSize": { "dist": "verynarrowgaussian", "avg": 1.5, "var": 0.5 },
					"insideBlockCodes": [ "game:saltwater-still-*"],
					"minTemp": -20,
					"maxTemp": 50,
					"maxY": 0.95
				},
				"runtime": {
					"group": "hostile",
					"maxQuantity": 2,
					"chance": 0.00001,
					"tryOnlySurface": true,
					"groupSize": { "dist": "verynarrowgaussian", "avg": 1.5, "var": 0.5 },
					"insideBlockCodes": [ "game:saltwater-still-*"],
					"minTemp": -20,
					"maxTemp": 50,
					"maxY": 0.95
				}
			}

		}
	}
}