[
  {
    "file": "game:shapes/entity/animal/mammal/hooved/deer/elk/female",
    "op": "replace",
    "path": "/elements/0/children/0/children/3/children/0/children/0/children/0/children/0/children/6",
    "value": {
      "name": "HeadStorage",
      "from": [ -2.0, -2.4, 0.75 ],
      "to": [ 0.3, 0.0, 3.75 ],
      "uv": [ 0.0, 0.0 ],
      "rotationOrigin": [ -2.0, -2.4, 0.9 ],
      "rotationZ": 50.0,
      "faces": {
      },
      "attachmentpoints": [
        {
          "code": "HeadAP",
          "posX": "0.0",
          "posY": "0.0",
          "posZ": "0.0",
          "rotationX": "0.0",
          "rotationY": "0.0",
          "rotationZ": "0.0"
        }
      ]
    }
  },
  {
    "file": "game:shapes/entity/animal/mammal/hooved/deer/elk/female",
    "op": "addmerge",
    "path": "/elements/0/children/0/children/3/children/0/children/0/children/0/children/0/children",
    "value": [
      {
        "name": "CrownStorage",
        "from": [ -0.1, 4.3, -0.25 ],
        "to": [ 4.4, 5.3, 4.75 ],
        "uv": [ 0.0, 0.0 ],
        "rotationOrigin": [ -0.1, 4.3, -0.3 ],
        "faces": {
        },
        "attachmentpoints": [
          {
            "code": "CrownAP",
            "posX": "0.0",
            "posY": "0.0",
            "posZ": "0.0",
            "rotationX": "0.0",
            "rotationY": "0.0",
            "rotationZ": "0.0"
          }
        ]
      }
    ]
  },
  {
    "file": "game:entities/animal/mammal/hooved/elk-tamed",
    "op": "addmerge",
    "path": "/behaviorConfigs/rideableaccessories/wearableSlots",
    "value": [
      {
        "code": "crown",
        "forCategoryCodes": [ "crown" ],
        "attachmentPointCode": "CrownAP"
      }
    ]
  },
  {
    "file": "game:entities/animal/mammal/hooved/elk-tamed",
    "op": "addmerge",
    "path": "/behaviorConfigs/selectionboxes/selectionBoxes",
    "value": [ "CrownAP" ]
  }
]