{
  "code": "constructionmetalkit",
  "class": "ItemMetalConstructionKit",
  "enabled": true,

  "variantgroups": [
    {
      "code": "type",
      "states": [ "basic" ]
    }
  ],

  "behaviors": [
    {
      "name": "GroundStorable",
      "properties": {
        "layout": "Quadrants",
        "collisionBox": {
          "x1": 0,
          "y1": 0,
          "z1": 0,
          "x2": 1,
          "y2": 0.125,
          "z2": 1
        }
      }
    }
  ],

  "maxstacksize": 1,

  "shapeByType": {
    "*": { "base": "items/shapekit" }
  },
  "texturesByType": {
    "*": {
      "default": { "base": "default" },
      "frame": { "base": "entities/machines/frame" },
      "material": { "base": "entities/machines/metalbasic" },
      "kitlabel": { "base": "items/labelkit-metal" }
    }
  },

  "creativeinventory": {
    "general": [ "*" ],
    "items": [ "*" ],
    "viescraftmachines": [ "*" ]
  },

  "materialDensity": 600,

  "heldTpIdleAnimation": "holdunderarm",

  "attributesByType": {
    "*": {
      "kitVariant": "basic",
      "handbook": {
        "groupBy": [ "constructionmetalkit-*" ]
      },
      "displaycaseable": true,
      "shelvable": true,
      "onDisplayTransform": {
        "translation": {
          "x": 0,
          "y": -0.2,
          "z": 0
        },
        "scale": 0.6
      },
      "groundStorageTransform": {
        "rotation": {
          "x": 0,
          "y": 0,
          "z": 0
        },
        "translation": {
          "x": 0,
          "y": -0.25,
          "z": 0
        },
        "scale": 0.5
      }
    }
  },

  "guiTransform": {
    "translation": {
      "x": 2,
      "y": -2,
      "z": 0
    },
    "rotation": {
      "x": -25,
      "y": 45,
      "z": -180
    },
    "origin": {
      "x": 0.5,
      "y": 0.375,
      "z": 0.42
    },
    "scale": 1.14
  },
  "fpHandTransform": {
    "translation": {
      "x": 0,
      "y": -0.25,
      "z": 0
    },
    "rotation": {
      "x": 68,
      "y": -84,
      "z": 81
    },
    "origin": {
      "x": 0.8,
      "y": 1.3,
      "z": 0.5
    },
    "scale": 1.5
  },
  "groundTransform": {
    "translation": {
      "x": 0,
      "y": 0,
      "z": 0
    },
    "rotation": {
      "x": 180,
      "y": 180,
      "z": -180
    },
    "origin": {
      "x": 0.5,
      "y": 0,
      "z": 0.5
    },
    "scale": 2.75
  },
  "tpHandTransform": {
    "translation": {
      "x": -0.9,
      "y": -0.5,
      "z": -0.3
    },
    "rotation": {
      "x": 0,
      "y": 90,
      "z": -102
    },
    "scale": 0.56
  }
}