[
	{
		ingredientPattern: "FF,QB",
		ingredients: {
			"F": { type: "item", code: "game:clay-fire" },
			"Q": { type: "item", code: "game:crushed-quartz" },
			"B": { type: "item", code: "mngeology:crushed-corundum" },
		},
		width: 2,
		height: 2,
		shapeless: true,
		output: { type: "item", code: "game:refractorybrick-raw-tier1", quantity: 1  }
	},
	{
		ingredientPattern: "FF,QB,P_",
		ingredients: {
			"F": { type: "item", code: "game:clay-fire" },
			"Q": { type: "item", code: "game:crushed-quartz" },
			"B": { type: "item", code: "mngeology:crushed-corundum" },
			"P": { type: "item", code: "game:crushed-olivine" },
		},
		width: 2,
		height: 3,
		shapeless: true,
		output: { type: "item", code: "game:refractorybrick-raw-tier2", quantity: 1  }
	},
	{
		ingredientPattern: "FF,QB,PI",
		ingredients: {
			"F": { type: "item", code: "game:clay-fire" },
			"Q": { type: "item", code: "game:crushed-quartz" },
			"B": { type: "item", code: "mngeology:crushed-corundum" },
			"P": { type: "item", code: "game:crushed-olivine" },
			"I": { type: "item", code: "game:crushed-ilmenite" },
		},
		width: 2,
		height: 3,
		shapeless: true,
		output: { type: "item", code: "game:refractorybrick-raw-tier3", quantity: 1  }
	}
]