[
    {
        "op": "addmerge",
        "path": "/attributesByType/*-up/attachableToEntity/attachedShapeBySlotCode",
        "file": "game:blocktypes/metal/lantern.json",
        "value": {
            "fswdirewolf-neck": { "base": "feverstonewilds:item/wearable/neck/lantern-direwolf"}
        },
        "side": "server"
    },
    {
        "op": "addmerge",
        "path": "/attributesByType/*-up/attachableToEntity/attachedShapeBySlotCode",
        "file": "game:blocktypes/metal/lantern.json",
        "value": {
            "fswostrich-neck": { "base": "feverstonewilds:item/wearable/neck/lantern-ostrich" }
        },
        "side": "server"
    }
]