[
	{
		"ingredientPattern": "B,P",
		"recipeGroup": 2,
		"ingredients": {
			"B": { "type": "item", "code": "game:armor-head-plate-*", "name": "metal", "allowedVariants": ["copper", "tinbronze", "bismuthbronze", "blackbronze", "iron", "meteoriciron", "steel", "gold", "silver"] },
			"P": { "type": "item", "code": "game:metalplate-*", "name": "metal", "allowedVariants": ["copper", "tinbronze", "bismuthbronze", "blackbronze", "iron", "meteoriciron", "steel", "gold", "silver"] }
		},
		"width": 1,
		"height": 2,
		"shapeless": true,
		"copyAttributesFrom": "B",
		"averageDurability": false,
		"name": "plate helmet repair",
		"output": { "type": "item", "code": "game:armor-head-plate-{metal}"  }
	},
	{
		"ingredientPattern": "B,P",
		"recipeGroup": 2,
		"ingredients": {
			"B": { "type": "item", "code": "game:armor-body-plate-*", "name": "metal", "allowedVariants": ["copper", "tinbronze", "bismuthbronze", "blackbronze", "iron", "meteoriciron", "steel", "gold", "silver"] },
			"P": { "type": "item", "code": "game:metalplate-*", "name": "metal", "allowedVariants": ["copper", "tinbronze", "bismuthbronze", "blackbronze", "iron", "meteoriciron", "steel", "gold", "silver"] }
		},
		"width": 1,
		"height": 2,
		"shapeless": true,
		"copyAttributesFrom": "B",
		"averageDurability": false,
		"name": "plate body armor repair",
		"output": { "type": "item", "code": "game:armor-body-plate-{metal}"  }
	},
	{
		"ingredientPattern": "B,P",
		"recipeGroup": 2,
		"ingredients": {
			"B": { "type": "item", "code": "game:armor-legs-plate-*", "name": "metal", "allowedVariants": ["copper", "tinbronze", "bismuthbronze", "blackbronze", "iron", "meteoriciron", "steel", "gold", "silver"] },
			"P": { "type": "item", "code": "game:metalplate-*", "name": "metal", "allowedVariants": ["copper", "tinbronze", "bismuthbronze", "blackbronze", "iron", "meteoriciron", "steel", "gold", "silver"] }
		},
		"width": 1,
		"height": 2,
		"shapeless": true,
		"copyAttributesFrom": "B",
		"averageDurability": false,
		"name": "plate leg armor repair",
		"output": { "type": "item", "code": "game:armor-legs-plate-{metal}"  }
	}
]