[
  {
    "code": "clothcartgrip",
    "ingredientPattern": " L ,RSR, L ",
    "ingredients": {
      "S": {
        "type": "item",
        "code": "cartschematics-carts",
        "returnedStack": {
          "type": "item",
          "code": "cartschematics-carts"
        }
      },
      "L": {
        "type": "block",
        "code": "game:linen-normal-down"
      },
      "R": {
        "type": "item",
        "code": "game:rope"
      }
    },
    "width": 3,
    "height": 3,
    "recipeGroup": 2,
    "shapeless": false,
    "output": {
      "type": "item",
      "code": "cartswearable-saddleshort-basic-normal"
    }
  },
  {
    "code": "clothcartgrip2",
    "ingredientPattern": " R ,LSL, R ",
    "ingredients": {
      "S": {
        "type": "item",
        "code": "cartschematics-carts",
        "returnedStack": {
          "type": "item",
          "code": "cartschematics-carts"
        }
      },
      "L": {
        "type": "block",
        "code": "game:linen-normal-down"
      },
      "R": {
        "type": "item",
        "code": "game:rope"
      }
    },
    "width": 3,
    "height": 3,
    "recipeGroup": 2,
    "shapeless": false,
    "output": {
      "type": "item",
      "code": "cartswearable-saddlelong-basic-normal"
    }
  },
  {
    "code": "leathercartgrip",
    "ingredientPattern": " L ,RSR, L ",
    "ingredients": {
      "S": {
        "type": "item",
        "code": "cartschematics-carts",
        "returnedStack": {
          "type": "item",
          "code": "cartschematics-carts"
        }
      },
      "L": {
        "type": "item",
        "code": "game:leather-normal-plain"
      },
      "R": {
        "type": "item",
        "code": "game:rope"
      }
    },
    "width": 3,
    "height": 3,
    "recipeGroup": 2,
    "shapeless": false,
    "output": {
      "type": "item",
      "code": "cartswearable-saddleshort-leather-brown"
    }
  },
  {
    "code": "leathercartgrip2",
    "ingredientPattern": " R ,LSL, R ",
    "ingredients": {
      "S": {
        "type": "item",
        "code": "cartschematics-carts",
        "returnedStack": {
          "type": "item",
          "code": "cartschematics-carts"
        }
      },
      "L": {
        "type": "item",
        "code": "game:leather-normal-plain"
      },
      "R": {
        "type": "item",
        "code": "game:rope"
      }
    },
    "width": 3,
    "height": 3,
    "recipeGroup": 2,
    "shapeless": false,
    "output": {
      "type": "item",
      "code": "cartswearable-saddlelong-leather-brown"
    }
  }
]
