[
  {
    "code": "cartsideboardcloth",
    "ingredientPattern": "LRL,_S_,LRL",
    "ingredients": {
      "S": {
        "type": "item",
        "code": "cartschematics-carts",
        "returnedStack": {
          "type": "item",
          "code": "cartschematics-carts"
        }
      },
      "L": {
        "type": "block",
        "code": "game:linen-normal-down"
      },
      "R": {
        "type": "item",
        "code": "game:rope"
      }
    },
    "width": 3,
    "height": 3,
    "recipeGroup": 3,
    "shapeless": false,
    "output": {
      "type": "item",
      "code": "cartsideboard-cloth-normal"
    }
  },
  {
    "code": "cartsideboardleather",
    "ingredientPattern": "LRL,_S_,LRL",
    "ingredients": {
      "S": {
        "type": "item",
        "code": "cartschematics-carts",
        "returnedStack": {
          "type": "item",
          "code": "cartschematics-carts"
        }
      },
      "L": {
        "type": "item",
        "code": "game:leather-normal-plain"
      },
      "R": {
        "type": "item",
        "code": "game:rope"
      }
    },
    "width": 3,
    "height": 3,
    "recipeGroup": 3,
    "shapeless": false,
    "output": {
      "type": "item",
      "code": "cartsideboard-leather-brown"
    }
  },
  {
    "code": "cartsideboard1",
    "ingredientPattern": "WWW,RSR",
    "ingredients": {
      "S": {
        "type": "item",
        "code": "cartschematics-carts",
        "returnedStack": {
          "type": "item",
          "code": "cartschematics-carts"
        }
      },
      "W": {
        "type": "block",
        "code": "game:supportbeam-*",
        "quantity": 2
      },
      "R": {
        "type": "item",
        "code": "game:metalnailsandstrips-*",
        "name": "metal",
        "quantity": 1
      }
    },
    "width": 3,
    "height": 2,
    "recipeGroup": 4,
    "shapeless": false,
    "output": {
      "type": "item",
      "code": "cartsideboard-wood-short"
    }
  },
  {
    "code": "cartsideboard2",
    "ingredientPattern": "WWW,RSR,WWW",
    "ingredients": {
      "S": {
        "type": "item",
        "code": "cartschematics-carts",
        "returnedStack": {
          "type": "item",
          "code": "cartschematics-carts"
        }
      },
      "W": {
        "type": "block",
        "code": "game:supportbeam-*",
        "quantity": 2
      },
      "R": {
        "type": "item",
        "code": "game:metalnailsandstrips-*",
        "name": "metal",
        "quantity": 2
      }
    },
    "width": 3,
    "height": 3,
    "recipeGroup": 5,
    "shapeless": false,
    "output": {
      "type": "item",
      "code": "cartsideboard-wood-tall"
    }
  },
  {
    "code": "cartsideboard3",
    "ingredientPattern": "W_W,RSR,W_W",
    "ingredients": {
      "S": {
        "type": "item",
        "code": "cartschematics-carts",
        "returnedStack": {
          "type": "item",
          "code": "cartschematics-carts"
        }
      },
      "W": {
        "type": "block",
        "code": "game:supportbeam-*",
        "quantity": 2
      },
      "R": {
        "type": "item",
        "code": "game:metalnailsandstrips-*",
        "name": "metal",
        "quantity": 2
      }
    },
    "width": 3,
    "height": 3,
    "recipeGroup": 6,
    "shapeless": false,
    "output": {
      "type": "item",
      "code": "cartsideboard-wood-crossedinside"
    }
  }
]
