[
  {
    "code": "basiccanopycloth",
    "ingredientPattern": "LLL,WSW",
    "ingredients": {
      "L": {
        "type": "block",
        "code": "game:linen-normal-down",
        "quantity": 4
      },
      "S": {
        "type": "item",
        "code": "cartschematics-carts",
        "returnedStack": {
          "type": "item",
          "code": "cartschematics-carts"
        }
      },
      "W": {
        "type": "block",
        "code": "game:supportbeam-*",
        "quantity": 8
      }
    },
    "width": 3,
    "height": 2,
    "recipeGroup": 2,
    "shapeless": false,
    "output": {
      "type": "item",
      "code": "cartcanopy-basic-normal"
    }
  },
  {
    "code": "cartcanopyleather",
    "ingredientPattern": "LLL,WSW",
    "ingredients": {
      "L": {
        "type": "item",
        "code": "game:leather-normal-plain",
        "quantity": 4
      },
      "S": {
        "type": "item",
        "code": "cartschematics-carts",
        "returnedStack": {
          "type": "item",
          "code": "cartschematics-carts"
        }
      },
      "W": {
        "type": "block",
        "code": "game:supportbeam-*",
        "quantity": 8
      }
    },
    "width": 3,
    "height": 2,
    "recipeGroup": 2,
    "shapeless": false,
    "output": {
      "type": "item",
      "code": "cartcanopy-leather-brown"
    }
  },
  {
    "code": "cartcanopyleather2",
    "ingredientPattern": "LLL,WSW",
    "ingredients": {
      "L": {
        "type": "item",
        "code": "game:leather-sturdy-plain",
        "quantity": 4
      },
      "S": {
        "type": "item",
        "code": "cartschematics-carts",
        "returnedStack": {
          "type": "item",
          "code": "cartschematics-carts"
        }
      },
      "W": {
        "type": "block",
        "code": "game:supportbeam-*",
        "quantity": 8
      }
    },
    "width": 3,
    "height": 2,
    "recipeGroup": 2,
    "shapeless": false,
    "output": {
      "type": "item",
      "code": "cartcanopy-leather-normal"
    }
  },
  {
    "code": "closedcanopycloth",
    "ingredientPattern": "LLL,L_L,WSW",
    "ingredients": {
      "L": {
        "type": "block",
        "code": "game:linen-normal-down",
        "quantity": 3
      },
      "S": {
        "type": "item",
        "code": "cartschematics-carts",
        "returnedStack": {
          "type": "item",
          "code": "cartschematics-carts"
        }
      },
      "W": {
        "type": "block",
        "code": "game:supportbeam-*",
        "quantity": 8
      }
    },
    "width": 3,
    "height": 3,
    "recipeGroup": 2,
    "shapeless": false,
    "output": {
      "type": "item",
      "code": "cartcanopy-closed-normal"
    }
  },
  {
    "code": "ornatecanopycloth",
    "ingredientPattern": "LGL,WSW,LGL",
    "ingredients": {
      "L": {
        "type": "block",
        "code": "game:linen-normal-down",
        "quantity": 3
      },
      "S": {
        "type": "item",
        "code": "cartschematics-carts",
        "returnedStack": {
          "type": "item",
          "code": "cartschematics-carts"
        }
      },
      "W": {
        "type": "block",
        "code": "game:supportbeam-*",
        "quantity": 8
      },
      "G": {
        "type": "item",
        "code": "game:ingot-gold",
        "quantity": 1
      }
    },
    "width": 3,
    "height": 3,
    "recipeGroup": 2,
    "shapeless": false,
    "output": {
      "type": "item",
      "code": "cartcanopy-ornate-normal"
    }
  },
  {
    "code": "cartcanopywood",
    "ingredientPattern": "DDD,WSW",
    "ingredients": {
      "D": {
        "type": "block",
        "code": "game:debarkedlog-*-ud",
        "name": "wood",
        "allowedVariants": [ "acacia", "birch", "ebony", "kapok", "larch", "maple", "oak", "pine", "purpleheart", "redwood", "walnut", "baldcypress" ],
        "quantity": 4
      },
      "S": {
        "type": "item",
        "code": "cartschematics-carts",
        "returnedStack": {
          "type": "item",
          "code": "cartschematics-carts"
        }
      },
      "W": {
        "type": "block",
        "code": "game:supportbeam-*",
        "quantity": 8
      }
    },
    "width": 3,
    "height": 2,
    "recipeGroup": 2,
    "shapeless": false,
    "output": {
      "type": "item",
      "code": "cartcanopy-classic-{wood}"
    }
  }
]