[

  {
    "code": "tentuncolor",
    "ingredientPattern": "TK",
    "ingredients": {
      "T": {
        "type": "item",
        "code": "cartsidetent-cloth-high-*",
        "name": "material"
      },
      "K": {
        "type": "item",
        "code": "game:knife-generic*",
        "IsTool": true
      }
    },
    "width": 1,
    "height": 2,
    "recipeGroup": 3,
    "shapeless": true,
    "output": {
      "type": "item",
      "code": "cartsidetent-cloth-high-normal"
    }
  },
  {
    "code": "tentuncolorB",
    "ingredientPattern": "TK",
    "ingredients": {
      "T": {
        "type": "item",
        "code": "cartsidetent-cloth-low-*",
        "name": "material"
      },
      "K": {
        "type": "item",
        "code": "game:knife-*",
        "IsTool": true
      }
    },
    "width": 1,
    "height": 2,
    "recipeGroup": 3,
    "shapeless": true,
    "output": {
      "type": "item",
      "code": "cartsidetent-cloth-low-normal"
    }
  },
  {
    "code": "gripuncolorA",
    "ingredientPattern": "GK",
    "ingredients": {
      "G": {
        "type": "item",
        "code": "cartswearable-saddlelong-basic-*",
        "name": "material"
      },
      "K": {
        "type": "item",
        "code": "game:knife-generi*",
        "IsTool": true
      }
    },
    "width": 1,
    "height": 2,
    "recipeGroup": 3,
    "shapeless": true,
    "output": {
      "type": "item",
      "code": "cartswearable-saddlelong-basic-normal"
    }
  },
  {
    "code": "gripuncolorB",
    "ingredientPattern": "GK",
    "ingredients": {
      "G": {
        "type": "item",
        "code": "cartswearable-saddleshort-basic-*",
        "name": "material"
      },
      "K": {
        "type": "item",
        "code": "game:knife-generi*",
        "IsTool": true
      }
    },
    "width": 1,
    "height": 2,
    "recipeGroup": 3,
    "shapeless": true,
    "output": {
      "type": "item",
      "code": "cartswearable-saddleshort-basic-normal"
    }
  },
  {
    "code": "gripuncolorC",
    "ingredientPattern": "GK",
    "ingredients": {
      "G": {
        "type": "item",
        "code": "cartswearable-saddlelong-leather-*",
        "name": "material"
      },
      "K": {
        "type": "item",
        "code": "game:knife-generi*",
        "IsTool": true
      }
    },
    "width": 1,
    "height": 2,
    "recipeGroup": 3,
    "shapeless": true,
    "output": {
      "type": "item",
      "code": "cartswearable-saddlelong-leather-brown"
    }
  },
  {
    "code": "gripuncolorD",
    "ingredientPattern": "GK",
    "ingredients": {
      "G": {
        "type": "item",
        "code": "cartswearable-saddleshort-leather-*",
        "name": "material"
      },
      "K": {
        "type": "item",
        "code": "game:knife-generi*",
        "IsTool": true
      }
    },
    "width": 1,
    "height": 2,
    "recipeGroup": 3,
    "shapeless": true,
    "output": {
      "type": "item",
      "code": "cartswearable-saddleshort-leather-brown"
    }
  },
  {
    "code": "canopyuncolor",
    "ingredientPattern": "TK",
    "ingredients": {
      "T": {
        "type": "item",
        "code": "cartcanopy-basic-*",
        "name": "material"
      },
      "K": {
        "type": "item",
        "code": "game:knife-generi*",
        "IsTool": true
      }
    },
    "width": 1,
    "height": 2,
    "recipeGroup": 3,
    "shapeless": true,
    "output": {
      "type": "item",
      "code": "cartcanopy-basic-normal"
    }
  },
  {
    "code": "canopyuncolor2",
    "ingredientPattern": "TK",
    "ingredients": {
      "T": {
        "type": "item",
        "code": "cartcanopy-closed-*",
        "name": "material"
      },
      "K": {
        "type": "item",
        "code": "game:knife-generi*",
        "IsTool": true
      }
    },
    "width": 1,
    "height": 2,
    "recipeGroup": 3,
    "shapeless": true,
    "output": {
      "type": "item",
      "code": "cartcanopy-closed-normal"
    }
  },
  {
    "code": "sideboarduncolor",
    "ingredientPattern": "TK",
    "ingredients": {
      "T": {
        "type": "item",
        "code": "cartsideboard-cloth-*",
        "name": "material"
      },
      "K": {
        "type": "item",
        "code": "game:knife-generi*",
        "IsTool": true
      }
    },
    "width": 1,
    "height": 2,
    "recipeGroup": 4,
    "shapeless": true,
    "output": {
      "type": "item",
      "code": "cartsideboard-cloth-normal"
    }
  },
  {
    "code": "sideboarduncolorB",
    "ingredientPattern": "TK",
    "ingredients": {
      "T": {
        "type": "item",
        "code": "cartsideboard-leather-*",
        "name": "material"
      },
      "K": {
        "type": "item",
        "code": "game:knife-generi*",
        "IsTool": true
      }
    },
    "width": 1,
    "height": 2,
    "recipeGroup": 4,
    "shapeless": true,
    "output": {
      "type": "item",
      "code": "cartsideboard-leather-brown"
    }
  },
  {
    "code": "canopyuncolor3",
    "ingredientPattern": "TK",
    "ingredients": {
      "T": {
        "type": "item",
        "code": "cartcanopy-leather-*",
        "name": "material"
      },
      "K": {
        "type": "item",
        "code": "game:knife-generi*",
        "IsTool": true
      }
    },
    "width": 1,
    "height": 2,
    "recipeGroup": 3,
    "shapeless": true,
    "output": {
      "type": "item",
      "code": "cartcanopy-leather-brown"
    }
  },
  {
    "code": "canopyuncolor4",
    "ingredientPattern": "TK",
    "ingredients": {
      "T": {
        "type": "item",
        "code": "cartcanopy-ornate-*",
        "name": "material"
      },
      "K": {
        "type": "item",
        "code": "game:knife-generi*",
        "IsTool": true
      }
    },
    "width": 1,
    "height": 2,
    "recipeGroup": 3,
    "shapeless": true,
    "output": {
      "type": "item",
      "code": "cartcanopy-ornate-normal"
    }
  },
]