[
  {
    "ingredientPattern": "AW,SW",
    "RecipeGroup": 0,
    "ingredients": {
      "A": {
        "type": "item",
        "code": "game:axe-*",
        "isTool": true
      },
      "S": {
        "type": "item",
        "code": "game:stick"
      },
      "W": {
        "type": "item",
        "code": "game:plank-*",
        "name": "wood"
      }
    },
    "width": 2,
    "height": 2,
    "output": {
      "type": "block",
      "code": "koboldcomforts:smalldoor-{wood}",
      "quantity": 1
    }
  }
]
