[
  {
    "ingredientPattern": "AW,MW",
    "RecipeGroup": 0,
    "ingredients": {
      "A": {
        "type": "item",
        "code": "game:axe-*",
        "isTool": true
      },
      "M": {
        "type": "item",
        "code": "koboldcomforts:mossculture"
      },
      "W": {
        "type": "item",
        "code": "game:plank-*",
        "name": "wood"
      }
    },
    "width": 2,
    "height": 2,
    "output": {
      "type": "block",
      "code": "koboldcomforts:smalldoor-moss",
      "quantity": 1
    }
  }
]
