{
    "code": "pavingbrick",
    "variantgroups": [
        { "code": "rock", "states": [ "andesite", "basalt", "granite", "peridotite"] }
    ],
    "creativeinventory": { 
        "general": ["*"], "morefloors": ["*"]
    },
    "shape": { "base": "morefloors:item/pavingbrick" },
    "textures": {
        "andesite1": { "base": "game:block/stone/rock/{rock}*" }
    },
    "maxstacksize": 64,
    "guiTransform": {
		"rotation": { "x": -14, "y": 57, "z": -8 },
		"origin": { "x": 0.5, "y": 0.125, "z": 0.32 },
		"scale": 1.35
	},
    "groundTransform": {
		"translation": { "x": 0, "y": 0, "z": 0 },
		"rotation": { "x": 180, "y": 0, "z": 0 },
		"origin": { "x": 0, "y": 0.15, "z": 0 },
		"scale": 2.2
	},
    "tpHandTransform": {
		"translation": { "x": -0.45, "y": -1.1, "z": -1.3 },
		"rotation": { "x": 85, "y": -60, "z": 15 },
		"origin": { "x": 0.3, "y": 0.5, "z": 0.76 },
		"scale": 0.4
	}
}