{
    "code": "sandgravelmix",
    "maxstacksize": 128,
    "materialDensity": 1500,
    "texture": {
        "base": "morefloors:item/sandgravelmix"
    },
    "creativeinventory": {
        "general": ["*"], "morefloors": ["*"]
    },
    "shape": {
        "base": "morefloors:item/sandgravelmix"
    },
    "guiTransform": {
		"translation": { "x": 10, "y": -13, "z": 6 },
		"rotation": { "x": 151, "y": -10, "z": 3 },
		"scale": 2.17
	},
    "groundTransform": {
		"translation": { "x": 0, "y": 0.29, "z": 0 },
		"rotation": { "x": 0, "y": 0, "z": 0 },
		"origin": { "x": 0.5, "y": 0.5, "z": 0.5299 },
		"scale": 3
	},
    "tpHandTransform": {
		"translation": { "x": -0.25, "y": -1.1, "z": -1 },
		"rotation": { "x": 95, "y": -60, "z": 5 },
		"origin": { "x": 0.3, "y": 0.5, "z": 0.76 },
		"scale": 0.5
	}
}