[
	{
	"file": "koboldrdx:config/model-replacements-byshape.json",
	"op": "addmerge",
	"path": "/koboldrdx:kobold",
	"dependsOn": [{ "modid": "dressedtokillredux" }],
	"value": {
		"dressedtokillredux:foot": "koboldrdx:entity/humanoid/seraph/clothing/dressedtokillredux/foot",
		"dressedtokill:foot": "koboldrdx:entity/humanoid/seraph/clothing/dressedtokillredux/foot",
		"dressedtokillredux:lowerbody": "koboldrdx:entity/humanoid/seraph/clothing/dressedtokillredux/lowerbody",
		"dressedtokill:lowerbody": "koboldrdx:entity/humanoid/seraph/clothing/dressedtokillredux/lowerbody",
		"dressedtokillredux:upperbody": "koboldrdx:entity/humanoid/seraph/chestcompat/mods/dressedtokillredux/upperbody",
		"dressedtokill:upperbody": "koboldrdx:entity/humanoid/seraph/chestcompat/mods/dressedtokillredux/upperbody",
		"dressedtokillredux:upperbodyover": "koboldrdx:entity/humanoid/seraph/chestcompat/mods/dressedtokillredux/upperbodyover",
		"dressedtokill:upperbodyover": "koboldrdx:entity/humanoid/seraph/chestcompat/mods/dressedtokillredux/upperbodyover"
		}
	}
]