[
	{
	"file": "koboldrdx:config/model-replacements-byshape.json",
	"op": "addmerge",
	"path": "/koboldrdx:kobold",
	"dependsOn": [{ "modid": "exoskeletons" }],
	"value": {
		"exoskeletons:armored/legs": "koboldrdx:entity/humanoid/seraph/armor/exoskeletons/armored/legs",
		"exoskeletons:unarmored/legs": "koboldrdx:entity/humanoid/seraph/armor/exoskeletons/unarmored/legs",
		"exoskeletons:armored/armor/legs": "koboldrdx:entity/humanoid/seraph/armor/exoskeletons/armored/armor/legs",
		"exoskeletons:armored/armor/feet": "koboldrdx:entity/humanoid/seraph/armor/exoskeletons/armored/armor/feet"
		}
	}
]