[
	{
		"op": "replace",
		"path": "/kobold/SkinnableParts/12/variants",
		"value": [
			{
				"code": "breeches",
				"texture": "koboldrdx:entity/humanoid/seraphskinparts/underwear/breeches"
			},
			{
				"code": "leotard",
				"texture": "koboldrdx:entity/humanoid/seraphskinparts/underwear/leotard"
			},
			{
				"code": "loincloth",
				"texture": "koboldrdx:entity/humanoid/seraphskinparts/underwear/loincloth"
			},
			{
				"code": "thong",
				"texture": "koboldrdx:entity/humanoid/seraphskinparts/underwear/thong"
			},
			{
				"code": "none",
				"texture": "koboldrdx:entity/humanoid/seraphskinparts/underwear/none"
			},
			{
				"code": "speedo",
				"texture": "koboldrdx:entity/humanoid/seraphskinparts/underwear/speedo"
			}
		],
		"file": "koboldrdx:config/customplayermodels/kobold.json",
		"dependsOn": [{ "modid": "moreundergarmentsupdated" }]
	},
	{
		"op": "addmerge",
		"path": "/kobold/SkinnableParts/-",
		"value": {
			"useDropDown": true,
			"code": "undergarment",
			"type": "texture",
			"textureTarget": "koboldbodytex",
			"targetSkinParts": ["base", "chest"],
			"overlayTexture": true,
			"overlayMode": "Normal",
			"variants": [
				{
					"type": "texture",
					"code": "none",
					"texture": "koboldrdx:entity/humanoid/seraphskinparts/underwear/none"
				},
				{
					"type": "texture",
					"code": "twopiece",
					"texture": "koboldrdx:entity/humanoid/seraphskinparts/underwear/twopiece"
				},
				{
					"type": "texture",
					"code": "undershirt",
					"texture": "koboldrdx:entity/humanoid/seraphskinparts/underwear/undershirt"
				},
				{
					"type": "texture",
					"code": "camisole",
					"texture": "koboldrdx:entity/humanoid/seraphskinparts/underwear/camisole"
				},
				{
					"type": "texture",
					"code": "straplesstwopiece",
					"texture": "koboldrdx:entity/humanoid/seraphskinparts/underwear/straplesstwopiece"
				},
				{
					"type": "texture",
					"code": "binder",
					"texture": "koboldrdx:entity/humanoid/seraphskinparts/underwear/binder"
				},
				{
					"type": "texture",
					"code": "sarashibinder",
					"texture": "koboldrdx:entity/humanoid/seraphskinparts/underwear/sarashibinder"
				},
				{
					"type": "texture",
					"code": "obibinder",
					"texture": "koboldrdx:entity/humanoid/seraphskinparts/underwear/obibinder"
				}
			]
		},
		"file": "koboldrdx:config/customplayermodels/kobold.json",
		"dependsOn": [{ "modid": "moreundergarmentsupdated" }]
	}
]