{
	"editor": {
		"backDropShape": "E:/Programs/VSModelCreator/seraph-faceless",
		"allAngles": true,
		"entityTextureMode": true
	},
	"textureWidth": 64,
	"textureHeight": 64,
	"textureSizes": {
		"iris": [4,4],
		"black": [4,4],
		"white": [4,4],
		"lips": [4,4],
		"hair": [48,48]
	},
	"textures": {
		"hair": "game:entity/humanoid/seraphskinparts/hair/cordovan",
		"iris": "eyes/acid-green",
		"black": "eyes/black",
		"white": "eyes/white",
		"lips": "lips/pale-skin1"
	},
	"elements": [
		{
			"name": "eyesroot",
			"stepParentName": "Head",
			"from": [ 0.0, 0.0, 0.0 ],
			"to": [ 5.5, 5.0, 5.0 ],
			"unwrapMode": 4,
			"uv": [ 0.0, 0.0 ],
			"faces": {
			},
			"children": [
				{
					"name": "R eye",
					"from": [ -0.01, 1.95, 0.9 ],
					"to": [ 0.09, 2.65, 2.1 ],
					"unwrapMode": 4,
					"uv": [ 52.0, 2.0 ],
					"rotationOrigin": [ 0.0, 1.75, 2.1 ],
					"faces": {
						"north": { "texture": "#white", "uv": [ 0.0, 0.5, 0.5, 1.0 ] },
						"south": { "texture": "#white", "uv": [ 1.5, 0.5, 2.0, 1.0 ] },
						"west": { "texture": "#white", "uv": [ 0.5, 0.5, 1.5, 1.0 ] },
						"up": { "texture": "#white", "uv": [ 0.5, 0.0, 1.5, 0.5 ], "rotation": 90 },
						"down": { "texture": "#white", "uv": [ 0.5, 1.0, 1.5, 1.5 ], "rotation": 90 }
					},
					"children": [
						{
							"name": "R pupil",
							"from": [ -0.04, 0.19, 0.26 ],
							"to": [ 0.06, 0.69, 0.96 ],
							"unwrapMode": 4,
							"uv": [ 60.5, 0.0 ],
							"rotationOrigin": [ 0.0, 0.25, 1.05 ],
							"faces": {
								"north": { "texture": "#black", "uv": [ 0.5, 0.5, 1.0, 1.0 ] },
								"south": { "texture": "#black", "uv": [ 1.5, 0.5, 2.0, 1.0 ] },
								"west": { "texture": "#black", "uv": [ 1.0, 0.5, 1.5, 1.0 ] },
								"up": { "texture": "#black", "uv": [ 1.0, 0.0, 1.5, 0.5 ], "rotation": 90 },
								"down": { "texture": "#black", "uv": [ 1.0, 1.0, 1.5, 1.5 ], "rotation": 90 }
							},
							"children": [
								{
									"name": "shine large 1",
									"from": [ -0.01, 0.36, 0.6 ],
									"to": [ 0.09, 0.48, 0.72 ],
									"unwrapMode": 4,
									"uv": [ 52.0, 0.5 ],
									"rotationOrigin": [ 0.03, 0.5, 0.6 ],
									"faces": {
										"north": { "texture": "#white", "uv": [ 0.0, 3.0, 0.5, 3.5 ] },
										"south": { "texture": "#white", "uv": [ 1.0, 3.0, 1.5, 3.5 ] },
										"west": { "texture": "#white", "uv": [ 0.5, 3.0, 1.0, 3.5 ] },
										"up": { "texture": "#white", "uv": [ 0.5, 2.5, 1.0, 3.0 ], "rotation": 90 },
										"down": { "texture": "#white", "uv": [ 0.5, 3.5, 1.0, 4.0 ], "rotation": 90 }
									}
								},
								{
									"name": "shine small 1",
									"from": [ -0.01, 0.3, 0.4 ],
									"to": [ 0.09, 0.4, 0.5 ],
									"unwrapMode": 4,
									"uv": [ 52.0, 0.0 ],
									"rotationOrigin": [ 0.03, 0.4, 0.5 ],
									"faces": {
										"north": { "texture": "#white", "uv": [ 0.0, 3.0, 0.5, 3.5 ] },
										"south": { "texture": "#white", "uv": [ 1.0, 3.0, 1.5, 3.5 ] },
										"west": { "texture": "#white", "uv": [ 0.5, 3.0, 1.0, 3.5 ] },
										"up": { "texture": "#white", "uv": [ 0.5, 2.5, 1.0, 3.0 ], "rotation": 90 },
										"down": { "texture": "#white", "uv": [ 0.5, 3.5, 1.0, 4.0 ], "rotation": 90 }
									}
								},
								{
									"name": "R pupil2",
									"from": [ 0.01, -0.1, -0.11 ],
									"to": [ 0.11, 0.6, 0.79 ],
									"unwrapMode": 4,
									"uv": [ 57.0, 0.0 ],
									"rotationOrigin": [ 0.04, 0.01, 0.79 ],
									"faces": {
										"north": { "texture": "#iris", "uv": [ 1.0, 0.5, 2.5, 2.0 ], "autoUv": false, "windMode": [-1,-1,-1,-1], "windData": [1,1,1,1] },
										"south": { "texture": "#iris", "uv": [ 1.0, 0.5, 2.5, 2.0 ], "autoUv": false, "windMode": [-1,-1,-1,-1], "windData": [1,1,1,1] },
										"west": { "texture": "#iris", "uv": [ 1.0, 0.5, 2.5, 2.0 ], "autoUv": false, "windMode": [-1,-1,-1,-1], "windData": [1,1,1,1] },
										"up": { "texture": "#iris", "uv": [ 1.0, 0.5, 2.5, 2.0 ], "rotation": 90, "autoUv": false, "windMode": [-1,-1,-1,-1], "windData": [1,1,1,1] },
										"down": { "texture": "#iris", "uv": [ 1.0, 0.5, 2.5, 2.0 ], "rotation": 90, "autoUv": false, "windMode": [-1,-1,-1,-1], "windData": [1,1,1,1] }
									}
								}
							]
						}
					]
				},
				{
					"name": "R eyebrow 1",
					"from": [ -0.1, 2.9, 1.1 ],
					"to": [ 0.0, 3.2, 2.1 ],
					"unwrapMode": 4,
					"uv": [ 34.5, 1.0 ],
					"rotationOrigin": [ -0.1, 2.9, 2.1 ],
					"rotationX": -1.0,
					"faces": {
						"north": { "texture": "#hair", "uv": [ 44.0, 9.0, 44.5, 9.5 ] },
						"south": { "texture": "#hair", "uv": [ 45.5, 9.0, 46.0, 9.5 ] },
						"west": { "texture": "#hair", "uv": [ 44.5, 9.0, 45.5, 9.5 ] },
						"up": { "texture": "#hair", "uv": [ 44.5, 8.5, 45.5, 9.0 ], "rotation": 90 },
						"down": { "texture": "#hair", "uv": [ 44.5, 9.5, 45.5, 10.0 ], "rotation": 90 }
					},
					"children": [
						{
							"name": "R eyebrow 2",
							"from": [ 0.0, 0.0, -0.7 ],
							"to": [ 0.1, 0.3, 0.2 ],
							"unwrapMode": 4,
							"uv": [ 37.5, 2.0 ],
							"rotationOrigin": [ 0.0, 0.0, 0.2 ],
							"rotationX": -9.0,
							"rotationZ": -1.0,
							"faces": {
								"north": { "texture": "#hair", "uv": [ 46.0, 9.0, 46.5, 9.5 ] },
								"south": { "texture": "#hair", "uv": [ 47.5, 9.0, 48.0, 9.5 ] },
								"west": { "texture": "#hair", "uv": [ 46.5, 9.0, 47.5, 9.5 ] },
								"up": { "texture": "#hair", "uv": [ 46.5, 8.5, 47.5, 9.0 ], "rotation": 90 },
								"down": { "texture": "#hair", "uv": [ 46.5, 9.5, 47.5, 10.0 ], "rotation": 90 }
							}
						}
					]
				},
				{
					"name": "L eyebrow 1",
					"from": [ -0.1, 2.9, 2.9 ],
					"to": [ 0.0, 3.2, 3.9 ],
					"unwrapMode": 4,
					"uv": [ 35.5, 2.0 ],
					"rotationOrigin": [ -0.1, 2.9, 2.9 ],
					"faces": {
						"north": { "texture": "#hair", "uv": [ 44.0, 10.5, 44.5, 11.0 ], "windMode": [-1,-1,-1,-1], "windData": [1,1,1,1] },
						"south": { "texture": "#hair", "uv": [ 45.5, 10.5, 46.0, 11.0 ], "windMode": [-1,-1,-1,-1], "windData": [1,1,1,1] },
						"west": { "texture": "#hair", "uv": [ 44.5, 10.5, 45.5, 11.0 ], "windMode": [-1,-1,-1,-1], "windData": [1,1,1,1] },
						"up": { "texture": "#hair", "uv": [ 44.5, 10.0, 45.5, 10.5 ], "rotation": 90, "windMode": [-1,-1,-1,-1], "windData": [1,1,1,1] },
						"down": { "texture": "#hair", "uv": [ 44.5, 11.0, 45.5, 11.5 ], "rotation": 90, "windMode": [-1,-1,-1,-1], "windData": [1,1,1,1] }
					},
					"children": [
						{
							"name": "L eyebrow 2",
							"from": [ 0.0, 0.0, 0.8 ],
							"to": [ 0.1, 0.3, 1.7 ],
							"unwrapMode": 4,
							"uv": [ 40.5, 1.0 ],
							"rotationOrigin": [ 0.0, 0.0, 0.8 ],
							"rotationX": 9.0,
							"rotationZ": -1.0,
							"faces": {
								"north": { "texture": "#hair", "uv": [ 46.0, 10.5, 46.5, 11.0 ] },
								"south": { "texture": "#hair", "uv": [ 47.5, 10.5, 48.0, 11.0 ] },
								"west": { "texture": "#hair", "uv": [ 46.5, 10.5, 47.5, 11.0 ] },
								"up": { "texture": "#hair", "uv": [ 46.5, 10.0, 47.5, 10.5 ], "rotation": 90 },
								"down": { "texture": "#hair", "uv": [ 46.5, 11.0, 47.5, 11.5 ], "rotation": 90 }
							}
						}
					]
				},
				{
					"name": "mouth",
					"from": [ -0.1, 0.7, 2.0 ],
					"to": [ 0.0, 1.0, 3.0 ],
					"unwrapMode": 4,
					"uv": [ 39.0, 0.5 ],
					"rotationOrigin": [ -0.1, 0.7, 2.5 ],
					"faces": {
						"north": { "texture": "#lips", "uv": [ 1.0, 0.5, 1.5, 1.0 ] },
						"south": { "texture": "#lips", "uv": [ 2.5, 0.5, 3.0, 1.0 ] },
						"west": { "texture": "#lips", "uv": [ 1.5, 0.5, 2.5, 1.0 ] },
						"up": { "texture": "#lips", "uv": [ 1.5, 0.0, 2.5, 0.5 ], "rotation": 90 },
						"down": { "texture": "#lips", "uv": [ 1.5, 1.0, 2.5, 1.5 ], "rotation": 90 }
					},
					"children": [
						{
							"name": "mouth L",
							"from": [ 0.05, 0.01, -0.5 ],
							"to": [ 0.15, 0.31, 0.5 ],
							"unwrapMode": 4,
							"uv": [ 31.0, 1.0 ],
							"rotationOrigin": [ 0.05, 0.0, 0.5 ],
							"rotationX": -2.0,
							"faces": {
								"north": { "texture": "#lips", "uv": [ 0.0, 0.5, 0.5, 1.0 ] },
								"south": { "texture": "#lips", "uv": [ 1.5, 0.5, 2.0, 1.0 ] },
								"west": { "texture": "#lips", "uv": [ 0.5, 0.5, 1.5, 1.0 ] },
								"up": { "texture": "#lips", "uv": [ 0.5, 0.0, 1.5, 0.5 ], "rotation": 90 },
								"down": { "texture": "#lips", "uv": [ 0.5, 1.0, 1.5, 1.5 ], "rotation": 90 }
							}
						},
						{
							"name": "mouth R",
							"from": [ 0.05, 0.01, 0.5 ],
							"to": [ 0.15, 0.31, 1.5 ],
							"unwrapMode": 4,
							"uv": [ 28.0, 0.0 ],
							"rotationOrigin": [ 0.05, 0.0, 0.5 ],
							"rotationX": 2.0,
							"faces": {
								"north": { "texture": "#lips", "uv": [ 2.0, 0.5, 2.5, 1.0 ] },
								"south": { "texture": "#lips", "uv": [ 3.5, 0.5, 4.0, 1.0 ] },
								"west": { "texture": "#lips", "uv": [ 2.5, 0.5, 3.5, 1.0 ] },
								"up": { "texture": "#lips", "uv": [ 2.5, 0.0, 3.5, 0.5 ], "rotation": 90 },
								"down": { "texture": "#lips", "uv": [ 2.5, 1.0, 3.5, 1.5 ], "rotation": 90 }
							}
						}
					]
				},
				{
					"name": "eyelid r",
					"from": [ -0.1, 2.65, 0.8 ],
					"to": [ 0.0, 2.8, 2.15 ],
					"unwrapMode": 4,
					"uv": [ 32.5, 0.0 ],
					"rotationOrigin": [ -0.1, 2.65, 2.15 ],
					"rotationX": -2.0,
					"faces": {
						"north": { "texture": "#hair", "uv": [ 0.0, 36.5, 0.5, 37.0 ] },
						"south": { "texture": "#hair", "uv": [ 1.5, 36.5, 2.0, 37.0 ] },
						"west": { "texture": "#hair", "uv": [ 0.5, 36.5, 1.5, 37.0 ] },
						"up": { "texture": "#hair", "uv": [ 0.5, 36.0, 1.5, 36.5 ], "rotation": 90 },
						"down": { "texture": "#hair", "uv": [ 0.5, 37.0, 1.5, 37.5 ], "rotation": 90 }
					}
				},
				{
					"name": "eyelid l",
					"from": [ -0.1, 2.65, 2.85 ],
					"to": [ 0.0, 2.8, 4.2 ],
					"unwrapMode": 4,
					"uv": [ 30.0, 0.0 ],
					"rotationOrigin": [ -0.1, 2.65, 2.85 ],
					"rotationX": 2.0,
					"faces": {
						"north": { "texture": "#hair", "uv": [ 2.0, 36.5, 2.5, 37.0 ] },
						"south": { "texture": "#hair", "uv": [ 3.5, 36.5, 4.0, 37.0 ] },
						"west": { "texture": "#hair", "uv": [ 2.5, 36.5, 3.5, 37.0 ] },
						"up": { "texture": "#hair", "uv": [ 2.5, 36.0, 3.5, 36.5 ], "rotation": 90 },
						"down": { "texture": "#hair", "uv": [ 2.5, 37.0, 3.5, 37.5 ], "rotation": 90 }
					}
				},
				{
					"name": "R eye2",
					"from": [ -0.01, 1.95, 2.9 ],
					"to": [ 0.09, 2.65, 4.1 ],
					"unwrapMode": 4,
					"uv": [ 2.0, 0.0 ],
					"rotationOrigin": [ 0.0, 1.75, 2.9 ],
					"faces": {
						"north": { "texture": "#white", "uv": [ 2.0, 0.5, 2.5, 1.0 ] },
						"south": { "texture": "#white", "uv": [ 3.5, 0.5, 4.0, 1.0 ] },
						"west": { "texture": "#white", "uv": [ 2.5, 0.5, 3.5, 1.0 ] },
						"up": { "texture": "#white", "uv": [ 2.5, 0.0, 3.5, 0.5 ], "rotation": 90 },
						"down": { "texture": "#white", "uv": [ 2.5, 1.0, 3.5, 1.5 ], "rotation": 90 }
					},
					"children": [
						{
							"name": "L pupil",
							"from": [ -0.04, 0.19, 0.26 ],
							"to": [ 0.06, 0.69, 0.96 ],
							"unwrapMode": 4,
							"uv": [ 60.5, 0.0 ],
							"rotationOrigin": [ 0.0, 0.25, 1.05 ],
							"faces": {
								"north": { "texture": "#black", "uv": [ 2.5, 0.5, 3.0, 1.0 ] },
								"south": { "texture": "#black", "uv": [ 3.5, 0.5, 4.0, 1.0 ] },
								"west": { "texture": "#black", "uv": [ 3.0, 0.5, 3.5, 1.0 ] },
								"up": { "texture": "#black", "uv": [ 3.0, 0.0, 3.5, 0.5 ], "rotation": 90 },
								"down": { "texture": "#black", "uv": [ 3.0, 1.0, 3.5, 1.5 ], "rotation": 90 }
							},
							"children": [
								{
									"name": "shine large 2",
									"from": [ -0.01, 0.36, 0.6 ],
									"to": [ 0.09, 0.48, 0.72 ],
									"unwrapMode": 4,
									"uv": [ 52.0, 0.5 ],
									"rotationOrigin": [ 0.03, 0.5, 0.6 ],
									"faces": {
										"north": { "texture": "#white", "uv": [ 2.0, 3.0, 2.5, 3.5 ] },
										"south": { "texture": "#white", "uv": [ 3.0, 3.0, 3.5, 3.5 ] },
										"west": { "texture": "#white", "uv": [ 2.5, 3.0, 3.0, 3.5 ] },
										"up": { "texture": "#white", "uv": [ 2.5, 2.5, 3.0, 3.0 ], "rotation": 90 },
										"down": { "texture": "#white", "uv": [ 2.5, 3.5, 3.0, 4.0 ], "rotation": 90 }
									}
								},
								{
									"name": "shine small 2",
									"from": [ -0.01, 0.3, 0.4 ],
									"to": [ 0.09, 0.4, 0.5 ],
									"unwrapMode": 4,
									"uv": [ 52.0, 0.0 ],
									"rotationOrigin": [ 0.03, 0.4, 0.5 ],
									"faces": {
										"north": { "texture": "#white", "uv": [ 2.0, 3.0, 2.5, 3.5 ] },
										"south": { "texture": "#white", "uv": [ 3.0, 3.0, 3.5, 3.5 ] },
										"west": { "texture": "#white", "uv": [ 2.5, 3.0, 3.0, 3.5 ] },
										"up": { "texture": "#white", "uv": [ 2.5, 2.5, 3.0, 3.0 ], "rotation": 90 },
										"down": { "texture": "#white", "uv": [ 2.5, 3.5, 3.0, 4.0 ], "rotation": 90 }
									}
								},
								{
									"name": "L pupil2",
									"from": [ 0.01, -0.1, -0.11 ],
									"to": [ 0.11, 0.6, 0.79 ],
									"unwrapMode": 4,
									"uv": [ 57.0, 0.0 ],
									"rotationOrigin": [ 0.04, 0.01, 0.79 ],
									"faces": {
										"north": { "texture": "#iris", "uv": [ 1.5, 2.0, 3.0, 3.5 ], "autoUv": false, "windMode": [-1,-1,-1,-1], "windData": [1,1,1,1] },
										"south": { "texture": "#iris", "uv": [ 1.5, 2.0, 3.0, 3.5 ], "autoUv": false, "windMode": [-1,-1,-1,-1], "windData": [1,1,1,1] },
										"west": { "texture": "#iris", "uv": [ 1.5, 2.0, 3.0, 3.5 ], "autoUv": false },
										"up": { "texture": "#iris", "uv": [ 1.5, 2.0, 3.0, 3.5 ], "rotation": 90, "autoUv": false, "windMode": [-1,-1,-1,-1], "windData": [1,1,1,1] },
										"down": { "texture": "#iris", "uv": [ 1.5, 2.0, 3.0, 3.5 ], "rotation": 90, "autoUv": false, "windMode": [-1,-1,-1,-1], "windData": [1,1,1,1] }
									}
								}
							]
						}
					]
				},
				{
					"name": "eyelid l2",
					"from": [ -0.1, 1.9, 2.85 ],
					"to": [ 0.0, 2.0, 3.95 ],
					"unwrapMode": 4,
					"uv": [ 6.0, 36.0 ],
					"rotationOrigin": [ -0.1, 1.65, 2.85 ],
					"rotationX": 3.0,
					"faces": {
						"north": { "texture": "#hair", "uv": [ 6.0, 36.5, 6.5, 37.0 ] },
						"south": { "texture": "#hair", "uv": [ 7.5, 36.5, 8.0, 37.0 ] },
						"west": { "texture": "#hair", "uv": [ 6.5, 36.5, 7.5, 37.0 ] },
						"up": { "texture": "#hair", "uv": [ 6.5, 36.0, 7.5, 36.5 ], "rotation": 90 },
						"down": { "texture": "#hair", "uv": [ 6.5, 37.0, 7.5, 37.5 ], "rotation": 90 }
					}
				},
				{
					"name": "eyelid r2",
					"from": [ -0.1, 1.9, 0.98 ],
					"to": [ 0.0, 2.0, 2.08 ],
					"unwrapMode": 4,
					"uv": [ 4.0, 36.0 ],
					"rotationOrigin": [ -0.1, 2.65, 2.15 ],
					"rotationX": -3.0,
					"faces": {
						"north": { "texture": "#hair", "uv": [ 4.0, 36.5, 4.5, 37.0 ] },
						"south": { "texture": "#hair", "uv": [ 5.5, 36.5, 6.0, 37.0 ] },
						"west": { "texture": "#hair", "uv": [ 4.5, 36.5, 5.5, 37.0 ] },
						"up": { "texture": "#hair", "uv": [ 4.5, 36.0, 5.5, 36.5 ], "rotation": 90 },
						"down": { "texture": "#hair", "uv": [ 4.5, 37.0, 5.5, 37.5 ], "rotation": 90 }
					}
				}
			],
			"attachmentpoints": [
				{
					"code": "Eyes",
					"posX": "1.3","posY": "3.5","posZ": "2.5",
					"rotationX": "0.0","rotationY": "-90.0","rotationZ": "0.0"
				}
			]
		}
	]}