{
  "code": "froghat",
  "class": "ItemWearable",

  "variantgroups": [
    { "code": "category", "states": ["head"] },
    { "code": "head", "onVariant": "category", "states": ["froghat"] },
    { "code": "color", "states": ["green", "yellow", "black", "pink", "orange", "blue"] }
  ],

  "shape": { "base": "froghats:entity/humanoid/froghat" },

  "storageFlags": 128,

  "attributes": {
    "clothescategory": "head",
    "wearableAttachment": true,
    "wearableTransform": {
      "translation": { "x": 0.0, "y": 4.4, "z": 0.0 },
      "rotation": { "x": 0, "y": 0, "z": 0 },
      "origin": { "x": 0, "y": 0, "z": 0 },
      "scale": 1.0
    },
    "warmth": 2
  },

  "texturesByType": {
    "*-froghat-green":  { "seraph": { "base": "game:block/transparent" }, "hat": { "base": "froghats:entity/humanoid/seraphclothes/head/froghat-green" } },
    "*-froghat-yellow": { "seraph": { "base": "game:block/transparent" }, "hat": { "base": "froghats:entity/humanoid/seraphclothes/head/froghat-yellow" } },
    "*-froghat-black":  { "seraph": { "base": "game:block/transparent" }, "hat": { "base": "froghats:entity/humanoid/seraphclothes/head/froghat-black" } },
    "*-froghat-pink":   { "seraph": { "base": "game:block/transparent" }, "hat": { "base": "froghats:entity/humanoid/seraphclothes/head/froghat-pink" } },
    "*-froghat-orange": { "seraph": { "base": "game:block/transparent" }, "hat": { "base": "froghats:entity/humanoid/seraphclothes/head/froghat-orange" } },
    "*-froghat-blue":   { "seraph": { "base": "game:block/transparent" }, "hat": { "base": "froghats:entity/humanoid/seraphclothes/head/froghat-blue" } }
  },

  "creativeinventory": { "clothing": ["*"] },

  "renderAlphaTest": 0.25,

  "fpHandTransformByType": {
    "*": {
      "translation": { "x": -0.25, "y": -0.1, "z": 0.5 },
      "rotation": { "x": 180, "y": 159, "z": 150 },
      "origin": { "x": 0, "y": 0, "z": 0 },
      "scale": 2
    }
  },

  "tpHandTransformByType": {
    "*": {
      "translation": { "x": 0.45, "y": -0.95, "z": 1.65 },
      "rotation": { "x": -15, "y": 90, "z": 70 },
      "origin": { "x": 0, "y": 0, "z": 0 },
      "scale": 0.85
    }
  },

  "guiTransform": {
    "translation": { "x": 1.6, "y": 0.4, "z": 100 },
    "rotation": { "x": -22, "y": -70, "z": 180 },
    "origin": { "x": -0.05, "y": 2.1, "z": 0.75 },
    "scale": 2
  },

  "groundTransform": {
    "translation": { "x": 0.0, "y": -1.8, "z": 0.0 },
    "rotation": { "x": 0, "y": 0, "z": 0 },
    "origin": { "x": 0, "y": 0, "z": 0 },
    "scale": 5
  }
}
