{
  "code": "kerochan",
  "class": "ItemWearable",

  "variantgroups": [
    { "code": "category", "states": ["head"] },
    { "code": "head", "onVariant": "category", "states": ["kerochan"] }
  ],

  "shape": { "base": "froghats:entity/humanoid/kerochan" },

  "storageFlags": 128,

  "attributes": {
    "clothescategory": "head",
    "wearableAttachment": true,
    "wearableTransform": {
      "translation": { "x": 0.0, "y": 4.4, "z": 0.0 },
      "rotation":    { "x": 0, "y": 0, "z": 0 },
      "origin":      { "x": 0, "y": 0, "z": 0 },
      "scale": 1.0
    },
    "warmth": 1
  },

  "texturesByType": {
    "*-kerochan": {
      "seraph": { "base": "game:block/transparent" },
      "hat":    { "base": "froghats:entity/humanoid/seraphclothes/head/kerochan" }
    }
  },

  "creativeinventory": { "clothing": ["*"] },

  "renderAlphaTest": 0.25,

  "fpHandTransformByType": {
    "*": {
      "translation": { "x": -0.25, "y": -0.1, "z": 0.5 },
      "rotation":    { "x": 180, "y": 159, "z": 150 },
      "origin":      { "x": 0, "y": 0, "z": 0 },
      "scale": 2
    }
  },

  "tpHandTransformByType": {
    "*": {
      "translation": { "x": 0.45, "y": -0.95, "z": 1.65 },
      "rotation":    { "x": -15, "y": 90, "z": 70 },
      "origin":      { "x": 0, "y": 0, "z": 0 },
      "scale": 0.85
    }
  },

  "guiTransform": {
    "translation": { "x": 1.6, "y": 0.4, "z": 100 },
    "rotation":    { "x": -22, "y": -70, "z": 180 },
    "origin":      { "x": -0.05, "y": 2.1, "z": 0.75 },
    "scale": 2
  },

  "groundTransform": {
    "translation": { "x": 0.0, "y": -1.8, "z": 0.0 },
    "rotation":    { "x": 0, "y": 0, "z": 0 },
    "origin":      { "x": 0, "y": 0, "z": 0 },
    "scale": 5
  }
}
