{
	"ingredientPattern": "STS,MBL,SRS",
	"ingredients": {
		"T": { "type": "item", "code": "game:wiretool-*", "isTool": true },
		"B": { "type": "block", "code": "vinteng:machineryblock-tinbronze", "quantity": 1 },
		"M": { "type": "item", "code": "vinteng:motor-lv", "quantity": 1 },
		"S": { "type": "item", "code": "vinteng:screw-*", "quantity": 1 },
		"R": { "type": "item", "code": "vinteng:metalrod-brass", "quantity": 1 },
		"L": { "type": "item", "code": "game:axehead-*", "allowedVariants": ["tinbronze", "iron", "meteoriciron", "steel"], "quantity": 1 }
	},
	"width": 3,
	"height": 3,
	"output": { "type": "block", "code": "vinteng:velogsplitter-north", "quantity": 1 }
}