[{
	"ingredientPattern": "STS,PBP,STS",
	"ingredients": {
		"T": { "type": "item", "code": "vinteng:machineplate-tinbronze", "quantity": 1 },
		"P": { "type": "item", "code": "vinteng:metalrod-tinbronze", "quantity": 2 },
		"B": { "type": "block", "code": "game:glass-quartz", "quantity": 1 },
		"S": { "type": "item", "code": "vinteng:screw-*", "quantity": 1 }
	},
	"width": 3,
	"height": 3,
	"output": { "type": "block", "code": "vinteng:vefluidtank-tinbronze", "quantity": 1  }
},
{
	"ingredientPattern": "STS,PBP,STS",
	"ingredients": {
		"T": { "type": "item", "code": "vinteng:machineplate-iron", "quantity": 1 },
		"P": { "type": "item", "code": "vinteng:metalrod-iron", "quantity": 2 },
		"B": { "type": "block", "code": "game:glass-quartz", "quantity": 1 },
		"S": { "type": "item", "code": "vinteng:screw-*", "quantity": 1, "allowedVariants": ["iron", "steel"] }
	},
	"width": 3,
	"height": 3,
	"output": { "type": "block", "code": "vinteng:vefluidtank-iron", "quantity": 1  }
},
{
	"ingredientPattern": "STS,PBP,STS",
	"ingredients": {
		"T": { "type": "item", "code": "vinteng:machineplate-steel", "quantity": 1 },
		"P": { "type": "item", "code": "vinteng:metalrod-steel", "quantity": 2 },
		"B": { "type": "block", "code": "game:glass-quartz", "quantity": 1 },
		"S": { "type": "item", "code": "vinteng:screw-steel", "quantity": 1 }
	},
	"width": 3,
	"height": 3,
	"output": { "type": "block", "code": "vinteng:vefluidtank-steel", "quantity": 1  }
}
]