{
	"ingredientPattern": "SPS,PMP,SBS",
	"ingredients": {
		"P": { "type": "item", "code": "vinteng:braidedwire-copper", "quantity": 2 },
		"B": { "type": "block", "code": "vinteng:machineryblock-*", "allowedVariants": ["iron"], "quantity": 1 },
		"M": { "type": "item", "code": "vinteng:motor-lv", "quantity": 1 },
		"S": { "type": "item", "code": "vinteng:screw-brass", "quantity": 1 }
	},
	"width": 3,
	"height": 3,
	"output": { "type": "block", "code": "vinteng:velvek-alternator-north", "quantity": 1  }
}