{
	"ingredientPattern": "STS,PBM,S_S",
	"ingredients": {
		"T": { "type": "item", "code": "vinteng:metalgear-steel", "quantity": 2 },
		"P": { "type": "item", "code": "vinteng:braidedwire-copper", "quantity": 2 },
		"B": { "type": "block", "code": "vinteng:machineryblock-*", "allowedVariants": ["steel"], "quantity": 1 },
		"M": { "type": "item", "code": "vinteng:motor-mv", "quantity": 1 },
		"S": { "type": "item", "code": "vinteng:screw-steel", "quantity": 1 }
	},
	"width": 3,
	"height": 3,
	"output": { "type": "block", "code": "vinteng:vepump", "quantity": 1  }
}