{"GameVersion":"1.21.6","SizeX":13,"SizeY":9,"SizeZ":3,"BlockCodes":{"9493":"game:agedstonebricks-granite","0":"game:air","1918":"game:attachingplant-moss","9448":"game:attachingplant-spottymoss","8613":"game:meta-underground","458":"game:microblock"},"ItemCodes":{},"Indices":[1024,2048,1049600,1050624,2097152,2098176,2099200,3146752,3147776,4195328,4196352,1025,1049601,2098177,3146753,4195329,5243905,1026,1048578,1049602,2098178,2099202,3146754,4195330,5243906,6292482,1027,2051,1049603,1050627,2098179,2099203,3146755,3147779,4195331,4196355,5243907,5244931,6292483,6293507,7341059,2098180,6292484,7341060,7341062,2098183,6292487,7341063,7342087,8389639,1032,2056,1049608,1050632,2098184,2099208,3146760,3147784,4195336,4196360,5243912,5244936,6292488,6293512,7341064,1033,1049609,2097161,2098185,3146761,4195337,5243913,6292489,1034,1049610,2098186,2099210,3146762,4195338,5243914,6292490,1035,2059,1049611,1050635,2098187,2099211,3146763,3147787,4195339,4196363,5243915,5244939,2060,1050636,2098188,2099212,3147788,4196364,5244940],"BlockIds":[9493,9493,9493,9493,8613,9493,9493,9493,9493,458,458,9493,9493,9493,9493,458,458,9493,8613,9493,9493,8613,9493,9493,9493,458,9493,9493,9493,9493,9493,9493,9493,9493,9493,458,9493,458,458,458,458,8613,458,458,458,8613,458,458,458,458,9493,9493,9493,9493,9493,9493,9493,9493,9493,458,9493,458,9493,458,458,9493,9493,8613,9493,9493,9493,9493,458,9493,9493,9493,8613,9493,9493,9493,458,9493,9493,9493,9493,9493,9493,9493,9493,9493,9493,458,458,9493,9493,8613,9493,9493,9493,458],"DecorIndices":[4195330,4195330,5243906,5243906,4195331,4195331,5243907,4195336,4195336,5243912,5243912,4195337,4195338,5243914,4196364],"DecorIds":[33556350,9448,33563880,67110782,16786664,1918,9448,1918,50333566,50341096,9448,1918,9448,67118312,9448],"BlockEntities":{"4195328":"!<d@[F*KUp#64c-E,TfC&HDe2!<d@[F*bdO#64o6@VfsmCI<#NAI<9g@rcKsCi<g!$OLZYFCfK,@;Kuc!!!!6,ldoQ#\\7LVDfSE[Es;UEzzzz!.G.Qz!!*@9ARfY!;K$XW!!!!\"#]aj*@<?4%D?)X!!\"0$AF^f9'A9.eP!!!\"@ErZLDo)K%'ASl.';e]cR6#Qc(!!imPBk1dRDes,u!<<**%s)GqAO1-LDf^#!Des,u!<<*'$\"@^h@r\"hJD.OeTB4YTr@rH6tCi=0%Eaa'$+CT>)Cgh?,@VfsmCNBI","4196352":"!<d@[F*KUp#64c-E,TfC&HDe2!<d@[F*bgP#64o6@VfsmCI<#NAI<9g@rcKsCi<g!$OLZYFCfK,@;Kuc!!!!6,ldoQ#\\7LVDfSE[Es;UEzzzz!.G.Qz!!*@9ARfY!;K$XW!!!!\"#]aj*@<?4%D?)X!!\"0$AF^f9'A9.hQ!!!\"@ErZ2\"ZN(:/o)K%'ASl.';e]cR6#Qc(!!imPBk1dRDes,u!<<**%s)GqAO1-LDf^#!Des,u!<<*'$\"@^h@r\"hJD.OeTB4YTr@rH6tCi=0%Eaa'$+CT>)Cgh?,@VfsmCNBI","4195329":"!<d@[F*KXq#64c-E,TfC&HDe2!<d@[F*bdO#64o6@VfsmCI<#NAI<9g@rcKsCi<g!$OLZYFCfK,@;Kuc!!!!6,ldoQ#\\7LVDfSE[Es;UEzz!9b[.!9b[.!9b[.z!!*@9ARfY!;K$XW!!!!\"#]aj*@<?4%D?-=5!\"0$AF^f9'A9.qT!!!/kqZ$UM])]qArrBuZrrBhorr<$]pAbI+ASl.';e]cR6#Qc(.gQH&Bk1dRDes,u!<=n]%s)GqAO1-LDf^#!Des,u!<=VR$\"@^h@r\"hJD.P4tDIn!&DBNb(EbAr+Eb/c(@r,S!+C]A*@r$-.-usHJDJ=!$+C]8,A17K","5243905":"!<d@[F*KXq#64c-E,TfC&c_n3!<d@[F*bdO#64o6@VfsmCI<#NAI<9g@rcKsCi<g!$OLZYFCfK,@;Kuc!!!!6,ldoQ#\\7LVDfSE[Es;UEzzzz!.G.Qz!!*@9ARfY!;K$XW!!!!\"#]aj*@<?4%D?/#b!\"0$AF^f9'A9.nS!!!/ko)MJRpAb1MZN*P'[fAg8G5qmUASl.';e]cR6#Qc(+:&9pBk1dRDes,u!<=5J%s)GqAO1-LDf^#!Des,u!<=5G$\"@^h@r\"hJD.OeTB4YTr@rH6tCi=0%Eaa'$+CT>)Cgh?,@VfsmCNBI","6292482":"!<d@[F*K[r#64c-E,TfC'*&\"4!<d@[F*bdO#64o6@VfsmCI<#NAI<9g@rcKsCi<g!$OLZYFCfK,@;Kuc!!!!6,ldoQ#\\7LVDfSE[Es;UEzzzz!9b[.z!!*@9ARfY!;K$XW!!!!\"#]aj*@<?4%D?/#b!\"0$AF^f9'A9.nS!!!.Ho)K3go)K''[fB+kG5qoQ1B7[fASl.';e]cR6#Qc(!!imPBk1dRDes,u!<<**%s)GqAO1-LDf^#!Des,u!<<*'$\"@^h@r\"hJD.P4tDIn!&DBNb(EbAr+Eb/c(@r,S!+C]A*@r$-.-usHJDJ=!$+C]8,A17K","4196355":"!<d@[F*K^s#64c-E,TfC&HDe2!<d@[F*bgP#64o6@VfsmCI<#NAI<9g@rcKsCi<g!$OLZYFCfK,@;Kuc!!!!6,ldoQ#\\7LVDfSE[Es;UEz!.G.Q!.G.Qzzz!!*@9ARfY!;K$XW!!!!\"#]aj*@<?4%D?-=5!\"0$AF^f9'A9.bO!!!#gIfK`]ASl.';e]cR6#Qc(!=0!QBk1dRDes,u!<<-+%s)GqAO1-LDf^#!Des,u!<<-($\"@^h@r\"hJD.OeTB4YTr@rH6tCi=0%Eaa'$+CT>)Cgh?,@VfsmCNBI","5244931":"!<d@[F*K^s#64c-E,TfC&c_n3!<d@[F*bgP#64o6@VfsmCI<#NAI<9g@rcKsCi<g!$OLZYFCfK,@;Kuc!!!!6,ldoQ#\\7LVDfSE[Es;UEzz!9b[.zzz!!*@9ARfY!;K$XW!!!!\"#]aj*@<?4%D?-=5!\"0$AF^f9'A9.bO!!!#gIfK`]ASl.';e]cR6#Qc(!=0!QBk1dRDes,u!<<-+%s)GqAO1-LDf^#!Des,u!<<-($\"@^h@r\"hJD.OeTB4YTr@rH6tCi=0%Eaa'$+CT>)Cgh?,@VfsmCNBI","6292483":"!<d@[F*K^s#64c-E,TfC'*&\"4!<d@[F*bdO#64o6@VfsmCI<#NAI<9g@rcKsCi<g!$OLZYFCfK,@;Kuc!!!!6,ldoQ#\\7LVDfSE[Es;UEzzzz!9b[.z!!*@9ARfY!;K$XW!!!!\"#]aj*@<?4%D?-=5!\"0$AF^f9'A9.hQ!!!#gqZ+G(rrC\",56(rrASl.';e]cR6#Qc(56qR:Bk1dRDes,u!<>=i%s)GqAO1-LDf^#!Des,u!<>=f$\"@^h@r\"hJD.OeTB4YTr@rH6tCi=0%Eaa'$+CT>)Cgh?,@VfsmCNBI","6293507":"!<d@[F*K^s#64c-E,TfC'*&\"4!<d@[F*bgP#64o6@VfsmCI<#NAI<9g@rcKsCi<g!$OLZYFCfK,@;Kuc!!!!6,ldoG#\\7LVDfS`oF8u:@!!*@GDffE0Bl@khTEP<'#@hmcDeWa'\"onW'!3eZf!46eI7'q.<`,pJ/LpVL/%.H1U#RY-[Blm9fA7\\&F!<<-+$$0fkAQ*M`Bk.5E!!j*VBk1d@Ci+*3FAm*oBk.5E!<id=Ci<g!:18!N+$jONA0>B#DJ*d(D.R`rFCcS'F(fAuEZeh-De!R(!!","7341059":"!<d@[F*K^s#64c-E,TfC'EA+5!<d@[F*bdO#64o6@VfsmCI<#NAI<9g@rcKsCi<g!$OLZYFCfK,@;Kuc!!!!6,ldoQ#\\7LVDfSE[Es;UEzzzz!9b[.z!!*@9ARfY!;K$XW!!!!\"#]aj*@<?4%D?-=5!\"0$AF^f9'A9.tU!!!#oZN(.#ErZ@@o)K'c1B9u<pAdnV2ZSg/])W*DASl.';e]cR6#Qc(!!imPBk1dRDes,u!<=5J%s)GqAO1-LDf^#!Des,u!<<*'$\"@^h@r\"hJD.OeTB4YTr@rH6tCi=0%Eaa'$+CT>)Cgh?,@VfsmCNBI","6292484":"!<d@[F*Kat#64c-E,TfC'*&\"4!<d@[F*bdO#64o6@VfsmCI<#NAI<9g@rcKsCi<g!$OLZYFCfK,@;Kuc!!!!6,ldoQ#\\7LVDfSE[Es;UE!9b[.zzzzz!!*@9ARfY!;K$XW!!!!\"#]aj*@<?4%D?)X!!\"0$AF^f9'A9.qT!!!!1rr>A>rr@^KrrAp8rrC-ErrDETrr<<3ASl.';e]cR6#Qc(&I8\\aBk1dRDes,u!<<];%s)GqAO1-LDf^#!Des,u!<<]8$\"@^h@r\"hJD.N\\I","7341060":"!<d@[F*Kat#64c-E,TfC'EA+5!<d@[F*bdO#64o6@VfsmCI<#NAI<9g@rcKsCi<g!$OLZYFCfK,@;Kuc!!!!6,ldoQ#\\7LVDfSE[Es;UE!9b[.!9b[.z!9b[.!9b[.z!!*@9ARfY!;K$XW!!!!\"#]aj*@<?4%D?-=5!\"0$AF^f9'A9.qT!!!#gpAflNqZ+DcrrA#M])[@<qZ+QV^AnNHASl.';e]cR6#Qc(,R=]tBk1dRDes,u!<=AN%s)GqAO1-LDf^#!Des,u!<=AK$\"@^h@r\"hJD.OeTB4YTr@rH6tCi=0%Eaa'$+CT>)Cgh?,@VfsmCNBI","7341062":"!<d@[F*Kh!#64c-E,TfC'EA+5!<d@[F*bdO#64o6@VfsmCI<#NAI<9g@rcKsCi<g!$OLZYFCfK,@;Kuc!!!!6,ldoQ#\\7LVDfSE[Es;UE!.G.Qzzz!9b[.z!!*@9ARfY!;K$XW!!!!\"#]aj*@<?4%D?+>N!\"0$AF^f9'A9/%W!!!Gs^Apg/])[M'])W,DZN*C8[fCq8])]pZ^An]?o)OUEqZ$m/ASl.';e]cR6#Qc(!=0!QBk1dRDes,u!<<**%s)GqAO1-LDf^#!Des,u!<<-($\"@^h@r\"hJD.OeTB4YTr@rH6tCi=0%Eaa'$+CT>)Cgh?,@VfsmCNBI","6292487":"!<d@[F*Kk\"#64c-E,TfC'*&\"4!<d@[F*bdO#64o6@VfsmCI<#NAI<9g@rcKsCi<g!$OLZYFCfK,@;Kuc!!!!6,ldoQ#\\7LVDfSE[Es;UE!9b[.zzzzz!!*@9ARfY!;K$XW!!!!\"#]aj*@<?4%D?+>N!\"0$AF^f9'A9.qT!!!Murr>a>rr@q\\rrB!ZrrBuVrrCt2rr<<3ASl.';e]cR6#Qc(&I8\\aBk1dRDes,u!<<];%s)GqAO1-LDf^#!Des,u!<<]8$\"@^h@r\"hJD.N\\I","7341063":"!<d@[F*Kk\"#64c-E,TfC'EA+5!<d@[F*bdO#64o6@VfsmCI<#NAI<9g@rcKsCi<g!$OLZYFCfK,@;Kuc!!!!6,ldoQ#\\7LVDfSE[Es;UEzzzz!9b[.z!!*@9ARfY!;K$XW!!!!\"#]aj*@<?4%D?-=5!\"0$AF^f9'A9.hQ!!!#gqZ+F9rrC:8rr<<3ASl.';e]cR6#Qc(56qR:Bk1dRDes,u!<>=i%s)GqAO1-LDf^#!Des,u!<>=f$\"@^h@r\"hJD.OeTB4YTr@rH6tCi=0%Eaa'$+CT>)Cgh?,@VfsmCNBI","7342087":"!<d@[F*Kk\"#64c-E,TfC'EA+5!<d@[F*bgP#64o6@VfsmCI<#NAI<9g@rcKsCi<g!$OLZYFCfK,@;Kuc!!!!6,ldoG#\\7LVDfS`oF8u:@!!*@GDffE0Bl@khTEP<'#@hmcDeWa'#64`(5d3HQJ968@#k0VM8G%*+LpVL/%.nT@9^k+D#RY-[Blm9fA7\\&F!<<**$$0fkAQ*M`Bk.5E!=03WBk1d@Ci+*3FAm*oBk.5E!!N[<Ci<g!:18!N+$jONA0>B#DJ*d(D.R`rFCcS'F(fAuEZeh-De!R(!!","8389639":"!<d@[F*Kk\"#64c-E,TfC'`\\46!<d@[F*bdO#64o6@VfsmCI<#NAI<9g@rcKsCi<g!$OLZYFCfK,@;Kuc!!!!6,ldoQ#\\7LVDfSE[Es;UEzzzz!.G.Qz!!*@9ARfY!;K$XW!!!!\"#]aj*@<?4%D?-=5!\"0$AF^f9'A9.hQ!!!;/ErZ>^1B7D7o)K%'ASl.';e]cR6#Qc(!!imPBk1dRDes,u!<<**%s)GqAO1-LDf^#!Des,u!<<*'$\"@^h@r\"hJD.OeTB4YTr@rH6tCi=0%Eaa'$+CT>)Cgh?,@VfsmCNBI","4196360":"!<d@[F*Kn##64c-E,TfC&HDe2!<d@[F*bgP#64o6@VfsmCI<#NAI<9g@rcKsCi<g!$OLZYFCfK,@;Kuc!!!!6,ldoQ#\\7LVDfSE[Es;UEzzz!9b[.zz!!*@9ARfY!;K$XW!!!!\"#]aj*@<?4%D?-=5!\"0$AF^f9'A9.bO!!!#gIfK`]ASl.';e]cR6#Qc(!=0!QBk1dRDes,u!<<-+%s)GqAO1-LDf^#!Des,u!<<-($\"@^h@r\"hJD.OeTB4YTr@rH6tCi=0%Eaa'$+CT>)Cgh?,@VfsmCNBI","5244936":"!<d@[F*Kn##64c-E,TfC&c_n3!<d@[F*bgP#64o6@VfsmCI<#NAI<9g@rcKsCi<g!$OLZYFCfK,@;Kuc!!!!6,ldoG#\\7LVDfS`oF8u:@!!*@GDffE0Bl@khTEP<'#@hmcDeWa'!<<*\"!:YI<#RY-[Blm9fA7\\&F!<<-+$$0fkAQ*M`Bk.5E!=03WBk1d@Ci+*3FAm*oBk.5E!<id=Ci<g!:18!N+$jONA0>B#DJ*d(D.R`rFCcS'F(fAuEZeh-De!R(!!","6293512":"!<d@[F*Kn##64c-E,TfC'*&\"4!<d@[F*bgP#64o6@VfsmCI<#NAI<9g@rcKsCi<g!$OLZYFCfK,@;Kuc!!!!6,ldoG#\\7LVDfS`oF8u:@!!*@GDffE0Bl@khTEP<'#@hmcDeWa'\"TSN&!3gYIJ?V6<J96,<^bgN@%.H=Y#RY-[Blm9fA7\\&F!<<-+$$0fkAQ*M`Bk.5E!=03WBk1d@Ci+*3FAm*oBk.5E!<id=Ci<g!:18!N+$jONA0>B#DJ*d(D.R`rFCcS'F(fAuEZeh-De!R(!!","7341064":"!<d@[F*Kn##64c-E,TfC'EA+5!<d@[F*bdO#64o6@VfsmCI<#NAI<9g@rcKsCi<g!$OLZYFCfK,@;Kuc!!!!6,ldoQ#\\7LVDfSE[Es;UEz!.G.Qzz!.G.Qz!!*@9ARfY!;K$XW!!!!\"#]aj*@<?4%D?-=5!\"0$AF^f9'A9.nS!!!\"<pAf_#])W,@1B7^UZN(9Do)K%'ASl.';e]cR6#Qc(!!imPBk1dRDes,u!<<**%s)GqAO1-LDf^#!Des,u!<<*'$\"@^h@r\"hJD.OeTB4YTr@rH6tCi=0%Eaa'$+CT>)Cgh?,@VfsmCNBI","6292489":"!<d@[F*Kq$#64c-E,TfC'*&\"4!<d@[F*bdO#64o6@VfsmCI<#NAI<9g@rcKsCi<g!$O_#nDg,]6@W,skEsMaG!3eH[!,sW9!-E>W!-l#_!&Uo9!''Ul!'.^`!'L%_!\"0BOEc6)<A5dAaG=-L^DeWa'!WW3#%.GqN%K,\\q$OLZYFCfK,@;Kuc!!!!6,ldoQ#\\7LVDfSE[Es;UEzzzz!.G.Qz!!*@9ARfY!;K$XW!!!!\"#]aj*@<?4%D?-=5!\"0$AF^f9'A9.qT!!!#'o)M$0pAf_'qZ'$+pAdao[f?j/ZN(7<ASl.';e]cR6#Qc(+:&9pBk1dRDes,u!<=5J%s)GqAO1-LDf^#!Des,u!<=5G$\"@^h@r\"hJD.OeTB4YTr@rH6tCi=0%Eaa'$+CT>)Cgh?,@VfsmCNBI","6292490":"!<d@[F*Kt%#64c-E,TfC'*&\"4!<d@[F*bdO#64o6@VfsmCI<#NAI<9g@rcKsCi<g!$OLZYFCfK,@;Kuc!!!!6,ldoQ#\\7LVDfSE[Es;UEzzzz!.G.Qz!!*@9ARfY!;K$XW!!!!\"#]aj*@<?4%D?)X!!\"0$AF^f9'A9.hQ!!!\"@ErZ2\"ZN(:/o)K%'ASl.';e]cR6#Qc(!!imPBk1dRDes,u!<<**%s)GqAO1-LDf^#!Des,u!<<*'$\"@^h@r\"hJD.OeTB4YTr@rH6tCi=0%Eaa'$+CT>)Cgh?,@VfsmCNBI","5243915":"!<d@[F*L\"&#64c-E,TfC&c_n3!<d@[F*bdO#64o6@VfsmCI<#NAI<9g@rcKsCi<g!$O_#nDg,]6@W,skEsD[F!:V]B!;*Yu!;ucp!46],!5/*=!.=E_!'%2=!\"0BOEc6)<A5dAaG=-L^DeWa'!<<*\"%.GqN$OLZYFCfK,@;Kuc!!!!6,ldoQ#\\7LVDfSE[Es;UEzzzz!.G.Qz!!*@9ARfY!;K$XW!!!!\"#]aj*@<?4%D?-=5!\"0$AF^f9'A9/%W!!!\"<qZ+DcrrC!Err<>/o)M>RpAg#VqZ%&so)OaEqZ+k<rr<<3ASl.';e]cR6#Qc(/-lQ'Bk1dRDes,u!<=YV%s)GqAO1-LDf^#!Des,u!<=YS$\"@^h@r\"hJD.OeTB4YTr@rH6tCi=0%Eaa'$+CT>)Cgh?,@VfsmCNBI","5244939":"!<d@[F*L\"&#64c-E,TfC&c_n3!<d@[F*bgP#64o6@VfsmCI<#NAI<9g@rcKsCi<g!$OLZYFCfK,@;Kuc!!!!6,ldoQ#\\7LVDfSE[Es;UEzzzz!.G.Qz!!*@9ARfY!;K$XW!!!!\"#]aj*@<?4%D?-=5!\"0$AF^f9'A9.qT!!!#g])Vj/pAi\"uIfP/7qZ+QZ^AuLQ^AnNHASl.';e]cR6#Qc(,7\"TsBk1dRDes,u!<=8K%s)GqAO1-LDf^#!Des,u!<=>J$\"@^h@r\"hJD.OeTB4YTr@rH6tCi=0%Eaa'$+CT>)Cgh?,@VfsmCNBI","5244940":"!<d@[F*L%'#64c-E,TfC&c_n3!<d@[F*bgP#64o6@VfsmCI<#NAI<9g@rcKsCi<g!$OLZYFCfK,@;Kuc!!!!6,ldoQ#\\7LVDfSE[Es;UEzzzz!.G.Qz!!*@9ARfY!;K$XW!!!!\"#]aj*@<?4%D?-=5!\"0$AF^f9'A9.hQ!!!#g^An93qZ+S4rr<<3ASl.';e]cR6#Qc(56qR:Bk1dRDes,u!<>=i%s)GqAO1-LDf^#!Des,u!<>=f$\"@^h@r\"hJD.OeTB4YTr@rH6tCi=0%Eaa'$+CT>)Cgh?,@VfsmCNBI"},"Entities":[],"ReplaceMode":2,"EntranceRotation":-1,"OriginalPos":{"X":513843,"Z":512195,"InternalY":13}}