{"GameVersion":"1.21.6","SizeX":7,"SizeY":7,"SizeZ":12,"BlockCodes":{"9493":"game:agedstonebricks-granite","0":"game:air","9448":"game:attachingplant-spottymoss","1918":"game:attachingplant-moss","8613":"game:meta-underground","458":"game:microblock"},"ItemCodes":{},"Indices":[10240,1058816,2107392,3155968,4204544,10241,1057793,1058817,2107393,3155969,4204545,5253121,9218,10242,1057794,1058818,1059842,2106370,2107394,3154946,3155970,4203522,4204546,5252098,5253122,6300674,6301698,8195,9219,1056771,1057795,2105347,2106371,3153923,3154947,4202499,4203523,5251075,5252099,6299651,6300675,6148,7172,8196,1049604,1053700,1054724,1055748,1056772,2103300,2104324,2105348,3151876,3152900,3153924,4200452,4201476,4202500,5249028,5250052,5251076,6298628,6299652,5,1029,2053,3077,4101,5125,6149,1048581,1049605,1050629,1051653,1052677,1053701,1054725,1056773,2097157,2098181,2099205,2100229,2101253,2102277,2103301,3146757,3147781,3148805,3149829,3150853,3151877,4196357,4197381,4198405,4199429,4200453,5248005,5249029,1049606,1053702],"BlockIds":[9493,9493,9493,9493,9493,9493,8613,9493,9493,9493,9493,458,9493,9493,9493,9493,8613,9493,9493,9493,9493,9493,9493,9493,9493,458,458,9493,9493,9493,9493,9493,9493,9493,9493,9493,9493,9493,9493,9493,458,9493,9493,9493,8613,8613,9493,9493,9493,9493,9493,9493,9493,9493,9493,9493,9493,9493,9493,9493,9493,458,458,9493,9493,9493,9493,9493,9493,9493,9493,9493,9493,9493,9493,9493,9493,8613,9493,9493,9493,9493,9493,9493,9493,458,9493,9493,9493,9493,9493,458,458,9493,9493,9493,458,458,8613,8613],"DecorIndices":[4204544,4204544,3155969,3155970,3155970,4204546,5253122,3154947,3154947,4203523,6299651,3152900,3153924,4201476,4202500,5249028,5251076,3148805,3149829,3150853,3151877,3151877,4198405,4200453,4200453],"DecorIds":[33563880,67110782,33556350,33556350,16779134,33563880,67110782,33563880,16786664,16786664,67110782,16779134,16779134,16779134,33563880,67118312,16779134,16786664,16779134,16779134,16779134,33556350,67118312,33556350,16786664],"BlockEntities":{"5253121":"!<d@[F*Lg=#64c-E,TfC&c_n3!<d@[F*c9]#64o6@VfsmCI<#NAI<9g@rcKsCi<g!$OLZYFCfK,@;Kuc!!!!6,ldoQ#\\7LVDfSE[Es;UEz!9b[.zz!9b[.z!!*@9ARfY!;K$XW!!!!\"#]aj*@<?4%D?/#b!\"0$AF^f9'A9.qT!!!#ko)M1'pAdb^pAdnZ[f?PM1B7jQ1B7[fASl.';e]cR6#Qc(+:&9pBk1dRDes,u!<=5J%s)GqAO1-LDf^#!Des,u!<=5G$\"@^h@r\"hJD.OeTB4YTr@rH6tCi=0%Eaa'$+CT>)Cgh?,@VfsmCNBI","6300674":"!<d@[F*Lj>#64c-E,TfC'*&\"4!<d@[F*c6\\#64o6@VfsmCI<#NAI<9g@rcKsCi<g!$OLZYFCfK,@;Kuc!!!!6,ldoQ#\\7LVDfSE[Es;UEz!.G.Qzz!.G.Qz!!*@9ARfY!;K$XW!!!!\"#]aj*@<?4%D?)X!!\"0$AF^f9'A9.qT!!!#kErZ4<o)Jpg[f?^'1B9u<G5t>7pAbI+ASl.';e]cR6#Qc(!!imPBk1dRDes,u!<=5J%s)GqAO1-LDf^#!Des,u!<<*'$\"@^h@r\"hJD.OeTB4YTr@rH6tCi=0%Eaa'$+CT>)Cgh?,@VfsmCNBI","6301698":"!<d@[F*Lj>#64c-E,TfC'*&\"4!<d@[F*c9]#64o6@VfsmCI<#NAI<9g@rcKsCi<g!$OLZYFCfK,@;Kuc!!!!6,ldoQ#\\7LVDfSE[Es;UEzzzz!.G.Qz!!*@9ARfY!;K$XW!!!!\"#]aj*@<?4%D?-=5!\"0$AF^f9'A9.hQ!!!;/ErZ>^1B7D7o)K%'ASl.';e]cR6#Qc(!!imPBk1dRDes,u!<<**%s)GqAO1-LDf^#!Des,u!<<*'$\"@^h@r\"hJD.OeTB4YTr@rH6tCi=0%Eaa'$+CT>)Cgh?,@VfsmCNBI","6300675":"!<d@[F*Lm?#64c-E,TfC'*&\"4!<d@[F*c6\\#64o6@VfsmCI<#NAI<9g@rcKsCi<g!$OLZYFCfK,@;Kuc!!!!6,ldoQ#\\7LVDfSE[Es;UEzzzz!.G.Qz!!*@9ARfY!;K$XW!!!!\"#]aj*@<?4%D?-=5!\"0$AF^f9'A9/\"V!!!#g])ViDpAf_+qZ+F9IfREs^As)&qZ%'&o)R#(56(rrASl.';e]cR6#Qc(.0p6$Bk1dRDes,u!<=8K%s)GqAO1-LDf^#!Des,u!<=PP$\"@^h@r\"hJD.OeTB4YTr@rH6tCi=0%Eaa'$+CT>)Cgh?,@VfsmCNBI","6298628":"!<d@[F*Lp@#64c-E,TfC'*&\"4!<d@[F*c0Z#64o6@VfsmCI<#NAI<9g@rcKsCi<g!$OLZYFCfK,@;Kuc!!!!6,ldoQ#\\7LVDfSE[Es;UEzzzz!.G.Qz!!*@9ARfY!;K$XW!!!!\"#]aj*@<?4%D?-=5!\"0$AF^f9'A9/\"V!!!!Qo)M$tpAf_'qZ$c+o)OGkqZ$o+1B9tUpAbWso)K%'ASl.';e]cR6#Qc(!!imPBk1dRDes,u!<=5J%s)GqAO1-LDf^#!Des,u!<<*'$\"@^h@r\"hJD.OeTB4YTr@rH6tCi=0%Eaa'$+CT>)Cgh?,@VfsmCNBI","6299652":"!<d@[F*Lp@#64c-E,TfC'*&\"4!<d@[F*c3[#64o6@VfsmCI<#NAI<9g@rcKsCi<g!$OLZYFCfK,@;Kuc!!!!6,ldoQ#\\7LVDfSE[Es;UEz!9b[.!9b[.z!.G.Qz!!*@9ARfY!;K$XW!!!!\"#]aj*@<?4%D?-=5!\"0$AF^f9'A9/(X!!!#'])ViDpAf_+rrBhg^Au2o^As)&qZ+^I^An]3[f?j7o)OaA])W*DASl.';e]cR6#Qc(-jU-#Bk1dRDes,u!<=MR%s)GqAO1-LDf^#!Des,u!<=MO$\"@^h@r\"hJD.OeTB4YTr@rH6tCi=0%Eaa'$+CT>)Cgh?,@VfsmCNBI","3146757":"!<d@[F*LsA#64c-E,TfC&-)\\1!<d@[F*bsT#64o6@VfsmCI<#NAI<9g@rcKsCi<g!$OLZYFCfK,@;Kuc!!!!6,ldoQ#\\7LVDfSE[Es;UEzzzz!.G.Qz!!*@9ARfY!;K$XW!!!!\"#]aj*@<?4%D?)X!!\"0$AF^f9'A9.hQ!!!\"@ErZ2\"ZN(:/o)K%'ASl.';e]cR6#Qc(!!imPBk1dRDes,u!<<**%s)GqAO1-LDf^#!Des,u!<<*'$\"@^h@r\"hJD.OeTB4YTr@rH6tCi=0%Eaa'$+CT>)Cgh?,@VfsmCNBI","4196357":"!<d@[F*LsA#64c-E,TfC&HDe2!<d@[F*c!U#64o6@VfsmCI<#NAI<9g@rcKsCi<g!$OLZYFCfK,@;Kuc!!!!6,ldoQ#\\7LVDfSE[Es;UEz!9b[.zz!9b[.z!!*@9ARfY!;K$XW!!!!\"#]aj*@<?4%D?/#b!\"0$AF^f9'A9.nS!!!#oo)Jo4Er\\UQpAbK+Er\\c/pAbI+ASl.';e]cR6#Qc(!!imPBk1dRDes,u!<=5J%s)GqAO1-LDf^#!Des,u!<<*'$\"@^h@r\"hJD.OeTB4YTr@rH6tCi=0%Eaa'$+CT>)Cgh?,@VfsmCNBI","4197381":"!<d@[F*LsA#64c-E,TfC&HDe2!<d@[F*c$V#64o6@VfsmCI<#NAI<9g@rcKsCi<g!$OLZYFCfK,@;Kuc!!!!6,ldoQ#\\7LVDfSE[Es;UEz!9b[.zz!9b[.z!!*@9ARfY!;K$XW!!!!\"#]aj*@<?4%D?-=5!\"0$AF^f9'A9/\"V!!!#gpAf^t])]WgIfP/oqZ+S0^As)Z3rmA\"rrC:4IfK`]ASl.';e]cR6#Qc(+p\\KrBk1dRDes,u!<=GP%s)GqAO1-LDf^#!Des,u!<=;I$\"@^h@r\"hJD.OeTB4YTr@rH6tCi=0%Eaa'$+CT>)Cgh?,@VfsmCNBI","5248005":"!<d@[F*LsA#64c-E,TfC&c_n3!<d@[F*c*X#64o6@VfsmCI<#NAI<9g@rcKsCi<g!$O_#nDg,]6@W,skEsMaG!3gkJ!-#HW!-E=,!-nG9!&-6N!&Uo9!''Ul!'L%_!\"0BOEc6)<A5dAaG=-L^DeWa'!WW3#!&-),%.GqN$OLZYFCfK,@;Kuc!!!!6,ldoQ#\\7LVDfSE[Es;UEzzzz!9b[.z!!*@9ARfY!;K$XW!!!!\"#]aj*@<?4%D?-=5!\"0$AF^f9'A9.qT!!!#ko)M%cpAf_kqZ$c'1B9gbG5t>7pAbI+ASl.';e]cR6#Qc(+:&9pBk1dRDes,u!<=5J%s)GqAO1-LDf^#!Des,u!<=5G$\"@^h@r\"hJD.OeTB4YTr@rH6tCi=0%Eaa'$+CT>)Cgh?,@VfsmCNBI","5249029":"!<d@[F*LsA#64c-E,TfC&c_n3!<d@[F*c-Y#64o6@VfsmCI<#NAI<9g@rcKsCi<g!$OLZYFCfK,@;Kuc!!!!6,ldoQ#\\7LVDfSE[Es;UEzzzz!9b[.z!!*@9ARfY!;K$XW!!!!\"#]aj*@<?4%D?-=5!\"0$AF^f9'A9/%W!!!#gpAf__qZ+DcrrC!I^Au3\"rr@lIIfP<\"])[Z\"qZ)TE3rfNnASl.';e]cR6#Qc(-jU-#Bk1dRDes,u!<=MR%s)GqAO1-LDf^#!Des,u!<=MO$\"@^h@r\"hJD.OeTB4YTr@rH6tCi=0%Eaa'$+CT>)Cgh?,@VfsmCNBI"},"Entities":[],"ReplaceMode":2,"EntranceRotation":-1,"OriginalPos":{"X":513879,"Z":512200,"InternalY":13}}