{
	"editor": {
		"backDropShape": "shapes/entity/animal/mammal/fox/fox-female",
		"allAngles": false,
		"entityTextureMode": false
	},
	"textureWidth": 32,
	"textureHeight": 32,
	"textureSizes": {
	},
	"textures": {
	},
	"elements": [
		{
			"name": "sock1",
			"stepParentName": "L back feet",
			"from": [ -0.05, -0.05, -0.05 ],
			"to": [ 1.05, 4.05, 1.05 ],
			"rotationOrigin": [ -0.1, 0.0, -0.1 ],
			"faces": {
				"north": { "texture": "#sock", "uv": [ 0.0, 0.0, 1.0, 4.0 ] },
				"east": { "texture": "#sock", "uv": [ 0.0, 0.0, 1.0, 4.0 ] },
				"south": { "texture": "#sock", "uv": [ 0.0, 0.0, 1.0, 4.0 ] },
				"west": { "texture": "#sock", "uv": [ 0.0, 0.0, 1.0, 4.0 ] },
				"up": { "texture": "#sock", "uv": [ 1.0, 0.0, 2.0, 1.0 ], "rotation": 90 },
				"down": { "texture": "#sock", "uv": [ 1.0, 1.0, 2.0, 2.0 ], "rotation": 90 }
			}
		},
		{
			"name": "sock2",
			"stepParentName": "R back feet",
			"from": [ -0.05, -0.05, -0.05 ],
			"to": [ 1.05, 4.05, 1.05 ],
			"rotationOrigin": [ -0.1, 0.0, -0.1 ],
			"faces": {
				"north": { "texture": "#sock", "uv": [ 0.0, 0.0, 1.0, 4.0 ] },
				"east": { "texture": "#sock", "uv": [ 0.0, 0.0, 1.0, 4.0 ] },
				"south": { "texture": "#sock", "uv": [ 0.0, 0.0, 1.0, 4.0 ] },
				"west": { "texture": "#sock", "uv": [ 0.0, 0.0, 1.0, 4.0 ] },
				"up": { "texture": "#sock", "uv": [ 1.0, 0.0, 2.0, 1.0 ], "rotation": 90 },
				"down": { "texture": "#sock", "uv": [ 1.0, 1.0, 2.0, 2.0 ], "rotation": 90 }
			}
		},
		{
			"name": "sock3",
			"stepParentName": "left front feet",
			"from": [ -0.05, -0.05, -0.05 ],
			"to": [ 1.05, 4.05, 1.05 ],
			"rotationOrigin": [ -0.1, 0.0, -0.1 ],
			"faces": {
				"north": { "texture": "#sock", "uv": [ 0.0, 0.0, 1.0, 4.0 ] },
				"east": { "texture": "#sock", "uv": [ 0.0, 0.0, 1.0, 4.0 ] },
				"south": { "texture": "#sock", "uv": [ 0.0, 0.0, 1.0, 4.0 ] },
				"west": { "texture": "#sock", "uv": [ 0.0, 0.0, 1.0, 4.0 ] },
				"up": { "texture": "#sock", "uv": [ 1.0, 0.0, 2.0, 1.0 ], "rotation": 90 },
				"down": { "texture": "#sock", "uv": [ 1.0, 1.0, 2.0, 2.0 ], "rotation": 90 }
			}
		},
		{
			"name": "sock4",
			"stepParentName": "right front feet",
			"from": [ -0.05, -0.05, -0.05 ],
			"to": [ 1.05, 4.05, 1.05 ],
			"rotationOrigin": [ -0.1, 0.0, -0.1 ],
			"faces": {
				"north": { "texture": "#sock", "uv": [ 0.0, 0.0, 1.0, 4.0 ] },
				"east": { "texture": "#sock", "uv": [ 0.0, 0.0, 1.0, 4.0 ] },
				"south": { "texture": "#sock", "uv": [ 0.0, 0.0, 1.0, 4.0 ] },
				"west": { "texture": "#sock", "uv": [ 0.0, 0.0, 1.0, 4.0 ] },
				"up": { "texture": "#sock", "uv": [ 1.0, 0.0, 2.0, 1.0 ], "rotation": 90 },
				"down": { "texture": "#sock", "uv": [ 1.0, 1.0, 2.0, 2.0 ], "rotation": 90 }
			}
		}
	]}