{
	"editor": {
		"allAngles": false,
		"entityTextureMode": false
	},
	"textureWidth": 16,
	"textureHeight": 16,
	"textureSizes": {
	},
	"textures": {
		"center": "game:block/relays/center",
		"insulator": "game:block/relays/insulator",
		"copperspool": "block/copperspool",
		"gold": "block/gold",
		"wornsteel": "block/wornsteel"
	},
	"elements": [
		{
			"name": "Base",
			"from": [ 5.0, 0.0, 0.0 ],
			"to": [ 11.0, 1.0, 16.0 ],
			"rotationOrigin": [ 5.0, 0.0, 0.0 ],
			"faces": {
				"north": { "texture": "#wornsteel", "uv": [ 0.0, 0.0, 6.0, 1.0 ] },
				"east": { "texture": "#wornsteel", "uv": [ 0.0, 0.0, 16.0, 1.0 ] },
				"south": { "texture": "#wornsteel", "uv": [ 0.0, 0.0, 6.0, 1.0 ] },
				"west": { "texture": "#wornsteel", "uv": [ 0.0, 0.0, 16.0, 1.0 ] },
				"up": { "texture": "#wornsteel", "uv": [ 0.0, 0.0, 6.0, 16.0 ] },
				"down": { "texture": "#wornsteel", "uv": [ 0.0, 0.0, 6.0, 16.0 ] }
			}
		},
		{
			"name": "CoilFrame1",
			"from": [ 5.0, 1.0, 0.0 ],
			"to": [ 11.0, 12.0, 1.0 ],
			"rotationOrigin": [ 5.0, 1.0, 0.0 ],
			"faces": {
				"north": { "texture": "#wornsteel", "uv": [ 4.5, 2.0, 10.5, 13.0 ] },
				"east": { "texture": "#wornsteel", "uv": [ 6.5, 2.5, 7.5, 13.5 ] },
				"south": { "texture": "#wornsteel", "uv": [ 5.0, 2.5, 11.0, 13.5 ] },
				"west": { "texture": "#wornsteel", "uv": [ 6.5, 2.5, 7.5, 13.5 ] },
				"up": { "texture": "#wornsteel", "uv": [ 4.5, 5.5, 10.5, 6.5 ] },
				"down": { "texture": "#wornsteel", "uv": [ 4.0, 6.5, 10.0, 7.5 ] }
			}
		},
		{
			"name": "CoilBaseBottom",
			"from": [ 4.0, 1.0, 1.0 ],
			"to": [ 12.0, 2.0, 2.0 ],
			"rotationOrigin": [ 4.0, 1.0, 1.0 ],
			"faces": {
				"north": { "texture": "#wornsteel", "uv": [ 0.0, 0.0, 8.0, 1.0 ] },
				"east": { "texture": "#wornsteel", "uv": [ 0.0, 0.0, 1.0, 1.0 ] },
				"south": { "texture": "#wornsteel", "uv": [ 0.0, 0.0, 8.0, 1.0 ] },
				"west": { "texture": "#wornsteel", "uv": [ 0.0, 0.0, 1.0, 1.0 ] },
				"up": { "texture": "#wornsteel", "uv": [ 0.0, 0.0, 8.0, 1.0 ] },
				"down": { "texture": "#wornsteel", "uv": [ 0.0, 0.0, 8.0, 1.0 ] }
			},
			"children": [
				{
					"name": "Cube3",
					"from": [ -2.0, 0.0, 1.0 ],
					"to": [ 10.0, 1.0, 2.0 ],
					"rotationOrigin": [ -2.0, 0.0, 1.0 ],
					"faces": {
						"north": { "texture": "#wornsteel", "uv": [ 0.0, 0.0, 12.0, 1.0 ] },
						"east": { "texture": "#wornsteel", "uv": [ 0.0, 0.0, 1.0, 1.0 ] },
						"south": { "texture": "#wornsteel", "uv": [ 0.0, 0.0, 12.0, 1.0 ] },
						"west": { "texture": "#wornsteel", "uv": [ 0.0, 0.0, 1.0, 1.0 ] },
						"up": { "texture": "#wornsteel", "uv": [ 0.0, 0.0, 12.0, 1.0 ] },
						"down": { "texture": "#wornsteel", "uv": [ 0.0, 0.0, 12.0, 1.0 ] }
					}
				},
				{
					"name": "Cube4",
					"from": [ -4.0, 0.0, 2.0 ],
					"to": [ 12.0, 1.0, 12.0 ],
					"rotationOrigin": [ -4.0, 0.0, 2.0 ],
					"faces": {
						"north": { "texture": "#wornsteel", "uv": [ 0.0, 0.0, 16.0, 1.0 ] },
						"east": { "texture": "#wornsteel", "uv": [ 0.0, 0.0, 10.0, 1.0 ] },
						"south": { "texture": "#wornsteel", "uv": [ 0.0, 0.0, 16.0, 1.0 ] },
						"west": { "texture": "#wornsteel", "uv": [ 0.0, 0.0, 10.0, 1.0 ] },
						"up": { "texture": "#wornsteel", "uv": [ 0.0, 0.0, 16.0, 10.0 ] },
						"down": { "texture": "#wornsteel", "uv": [ 0.0, 0.0, 16.0, 10.0 ] }
					}
				},
				{
					"name": "Cube5",
					"from": [ -2.0, 0.0, 12.0 ],
					"to": [ 10.0, 1.0, 13.0 ],
					"rotationOrigin": [ -2.0, 0.0, 12.0 ],
					"faces": {
						"north": { "texture": "#wornsteel", "uv": [ 0.0, 0.0, 12.0, 1.0 ] },
						"east": { "texture": "#wornsteel", "uv": [ 0.0, 0.0, 1.0, 1.0 ] },
						"south": { "texture": "#wornsteel", "uv": [ 0.0, 0.0, 12.0, 1.0 ] },
						"west": { "texture": "#wornsteel", "uv": [ 0.0, 0.0, 1.0, 1.0 ] },
						"up": { "texture": "#wornsteel", "uv": [ 0.0, 0.0, 12.0, 1.0 ] },
						"down": { "texture": "#wornsteel", "uv": [ 0.0, 0.0, 12.0, 1.0 ] }
					}
				},
				{
					"name": "Cube6",
					"from": [ 0.0, 0.0, 13.0 ],
					"to": [ 8.0, 1.0, 14.0 ],
					"rotationOrigin": [ 0.0, 0.0, 13.0 ],
					"faces": {
						"north": { "texture": "#wornsteel", "uv": [ 0.0, 0.0, 8.0, 1.0 ] },
						"east": { "texture": "#wornsteel", "uv": [ 0.0, 0.0, 1.0, 1.0 ] },
						"south": { "texture": "#wornsteel", "uv": [ 0.0, 0.0, 8.0, 1.0 ] },
						"west": { "texture": "#wornsteel", "uv": [ 0.0, 0.0, 1.0, 1.0 ] },
						"up": { "texture": "#wornsteel", "uv": [ 0.0, 0.0, 8.0, 1.0 ] },
						"down": { "texture": "#wornsteel", "uv": [ 0.0, 0.0, 8.0, 1.0 ] }
					}
				}
			]
		},
		{
			"name": "CoilBaseTop",
			"from": [ 4.0, 11.0, 1.0 ],
			"to": [ 12.0, 12.0, 2.0 ],
			"rotationOrigin": [ 4.0, 11.0, 1.0 ],
			"faces": {
				"north": { "texture": "#wornsteel", "uv": [ 0.0, 0.0, 8.0, 1.0 ] },
				"east": { "texture": "#wornsteel", "uv": [ 0.0, 0.0, 1.0, 1.0 ] },
				"west": { "texture": "#wornsteel", "uv": [ 0.0, 0.0, 1.0, 1.0 ] },
				"up": { "texture": "#wornsteel", "uv": [ 0.0, 0.0, 8.0, 1.0 ] },
				"down": { "texture": "#wornsteel", "uv": [ 0.0, 0.0, 8.0, 1.0 ] }
			},
			"children": [
				{
					"name": "Cube7",
					"from": [ -2.0, 0.0, 1.0 ],
					"to": [ 10.0, 1.0, 2.0 ],
					"rotationOrigin": [ -2.0, 0.0, 1.0 ],
					"faces": {
						"north": { "texture": "#wornsteel", "uv": [ 0.0, 0.0, 12.0, 1.0 ] },
						"east": { "texture": "#wornsteel", "uv": [ 0.0, 0.0, 1.0, 1.0 ] },
						"west": { "texture": "#wornsteel", "uv": [ 0.0, 0.0, 1.0, 1.0 ] },
						"up": { "texture": "#wornsteel", "uv": [ 0.0, 0.0, 12.0, 1.0 ] },
						"down": { "texture": "#wornsteel", "uv": [ 0.0, 0.0, 12.0, 1.0 ] }
					}
				},
				{
					"name": "Cube8",
					"from": [ -4.0, 0.0, 2.0 ],
					"to": [ 12.0, 1.0, 12.0 ],
					"rotationOrigin": [ -4.0, 0.0, 2.0 ],
					"faces": {
						"north": { "texture": "#wornsteel", "uv": [ 0.0, 0.0, 16.0, 1.0 ] },
						"east": { "texture": "#wornsteel", "uv": [ 0.0, 0.0, 10.0, 1.0 ] },
						"south": { "texture": "#wornsteel", "uv": [ 0.0, 0.0, 16.0, 1.0 ] },
						"west": { "texture": "#wornsteel", "uv": [ 0.0, 0.0, 10.0, 1.0 ] },
						"up": { "texture": "#wornsteel", "uv": [ 0.0, 0.0, 16.0, 10.0 ] },
						"down": { "texture": "#wornsteel", "uv": [ 0.0, 0.0, 16.0, 10.0 ] }
					}
				},
				{
					"name": "Cube9",
					"from": [ -2.0, 0.0, 12.0 ],
					"to": [ 10.0, 1.0, 13.0 ],
					"rotationOrigin": [ -2.0, 0.0, 12.0 ],
					"faces": {
						"east": { "texture": "#wornsteel", "uv": [ 0.0, 0.0, 1.0, 1.0 ] },
						"south": { "texture": "#wornsteel", "uv": [ 0.0, 0.0, 12.0, 1.0 ] },
						"west": { "texture": "#wornsteel", "uv": [ 0.0, 0.0, 1.0, 1.0 ] },
						"up": { "texture": "#wornsteel", "uv": [ 0.0, 0.0, 12.0, 1.0 ] },
						"down": { "texture": "#wornsteel", "uv": [ 0.0, 0.0, 12.0, 1.0 ] }
					}
				},
				{
					"name": "Cube10",
					"from": [ 0.0, 0.0, 13.0 ],
					"to": [ 8.0, 1.0, 14.0 ],
					"rotationOrigin": [ 0.0, 0.0, 13.0 ],
					"faces": {
						"east": { "texture": "#wornsteel", "uv": [ 0.0, 0.0, 1.0, 1.0 ] },
						"south": { "texture": "#wornsteel", "uv": [ 0.0, 0.0, 8.0, 1.0 ] },
						"west": { "texture": "#wornsteel", "uv": [ 0.0, 0.0, 1.0, 1.0 ] },
						"up": { "texture": "#wornsteel", "uv": [ 0.0, 0.0, 8.0, 1.0 ] },
						"down": { "texture": "#wornsteel", "uv": [ 0.0, 0.0, 8.0, 1.0 ] }
					}
				}
			]
		},
		{
			"name": "WireConnection1",
			"from": [ 7.5, 7.5, 14.0 ],
			"to": [ 8.5, 8.5, 15.0 ],
			"rotationOrigin": [ 7.5, 7.5, 14.0 ],
			"faces": {
				"east": { "texture": "#gold", "uv": [ 0.0, 0.0, 1.0, 1.0 ] },
				"south": { "texture": "#gold", "uv": [ 0.0, 0.0, 1.0, 1.0 ] },
				"west": { "texture": "#gold", "uv": [ 0.0, 0.0, 1.0, 1.0 ] },
				"up": { "texture": "#gold", "uv": [ 0.0, 0.0, 1.0, 1.0 ] },
				"down": { "texture": "#gold", "uv": [ 0.0, 0.0, 1.0, 1.0 ] }
			}
		},
		{
			"name": "Coil",
			"from": [ 5.0, 2.0, 2.0 ],
			"to": [ 11.0, 11.0, 3.0 ],
			"rotationOrigin": [ 5.0, 2.0, 2.0 ],
			"faces": {
				"north": { "texture": "#copperspool", "uv": [ 0.0, 0.0, 9.0, 6.0 ], "rotation": 90 },
				"east": { "texture": "#copperspool", "uv": [ 0.0, 0.0, 9.0, 1.0 ], "rotation": 90, "windMode": [-1,-1,-1,-1] },
				"west": { "texture": "#copperspool", "uv": [ 0.0, 0.0, 9.0, 1.0 ], "rotation": 90, "windMode": [-1,-1,-1,-1] }
			},
			"children": [
				{
					"name": "Cube11",
					"from": [ -2.0, 0.0, 1.0 ],
					"to": [ 8.0, 9.0, 2.0 ],
					"rotationOrigin": [ -2.0, 0.0, 1.0 ],
					"faces": {
						"north": { "texture": "#copperspool", "uv": [ 0.0, 0.0, 9.0, 10.0 ], "rotation": 90 },
						"east": { "texture": "#copperspool", "uv": [ 0.0, 0.0, 9.0, 1.0 ], "rotation": 90, "windMode": [-1,-1,-1,-1] },
						"west": { "texture": "#copperspool", "uv": [ 0.0, 0.0, 9.0, 1.0 ], "rotation": 90, "windMode": [-1,-1,-1,-1] }
					}
				},
				{
					"name": "Cube12",
					"from": [ -4.0, 0.0, 2.0 ],
					"to": [ 10.0, 9.0, 10.0 ],
					"rotationOrigin": [ -4.0, 0.0, 2.0 ],
					"faces": {
						"north": { "texture": "#copperspool", "uv": [ 0.0, 0.0, 9.0, 14.0 ], "rotation": 90, "windMode": [-1,-1,-1,-1] },
						"east": { "texture": "#copperspool", "uv": [ 0.0, 0.0, 9.0, 8.0 ], "rotation": 90, "windMode": [-1,-1,-1,-1] },
						"south": { "texture": "#copperspool", "uv": [ 0.0, 0.0, 9.0, 14.0 ], "rotation": 90, "windMode": [-1,-1,-1,-1] },
						"west": { "texture": "#copperspool", "uv": [ 0.0, 0.0, 9.0, 8.0 ], "rotation": 90, "windMode": [-1,-1,-1,-1] }
					}
				},
				{
					"name": "Cube13",
					"from": [ -2.0, 0.0, 10.0 ],
					"to": [ 8.0, 9.0, 11.0 ],
					"rotationOrigin": [ -2.0, 0.0, 10.0 ],
					"faces": {
						"east": { "texture": "#copperspool", "uv": [ 0.0, 0.0, 9.0, 1.0 ], "rotation": 90, "windMode": [-1,-1,-1,-1] },
						"south": { "texture": "#copperspool", "uv": [ 0.0, 0.0, 9.0, 10.0 ], "rotation": 90, "windMode": [-1,-1,-1,-1] },
						"west": { "texture": "#copperspool", "uv": [ 0.0, 0.0, 9.0, 1.0 ], "rotation": 90, "windMode": [-1,-1,-1,-1] }
					}
				},
				{
					"name": "Cube14",
					"from": [ 0.0, 0.0, 11.0 ],
					"to": [ 6.0, 9.0, 12.0 ],
					"rotationOrigin": [ 0.0, 0.0, 11.0 ],
					"faces": {
						"east": { "texture": "#copperspool", "uv": [ 0.0, 0.0, 9.0, 1.0 ], "rotation": 90, "windMode": [-1,-1,-1,-1] },
						"south": { "texture": "#copperspool", "uv": [ 0.0, 0.0, 9.0, 6.0 ], "rotation": 90, "windMode": [-1,-1,-1,-1] },
						"west": { "texture": "#copperspool", "uv": [ 0.0, 0.0, 9.0, 1.0 ], "rotation": 90, "windMode": [-1,-1,-1,-1] }
					}
				}
			]
		},
		{
			"name": "insolator",
			"from": [ 6.5, 13.0, 6.5 ],
			"to": [ 9.5, 14.0, 9.5 ],
			"rotationOrigin": [ 7.0, 13.0, 7.0 ],
			"faces": {
				"north": { "texture": "#insulator", "uv": [ 0.0, 0.0, 3.0, 1.0 ] },
				"east": { "texture": "#insulator", "uv": [ 0.0, 0.0, 3.0, 1.0 ] },
				"south": { "texture": "#insulator", "uv": [ 0.0, 0.0, 3.0, 1.0 ] },
				"west": { "texture": "#insulator", "uv": [ 0.0, 0.0, 3.0, 1.0 ] },
				"up": { "texture": "#insulator", "uv": [ 0.0, 0.0, 3.0, 3.0 ] },
				"down": { "texture": "#insulator", "uv": [ 0.0, 0.0, 3.0, 3.0 ] }
			}
		},
		{
			"name": "WireConnection2",
			"from": [ 7.0, 14.0, 7.0 ],
			"to": [ 9.0, 15.5, 9.0 ],
			"rotationOrigin": [ 7.5, 14.0, 7.5 ],
			"faces": {
				"north": { "texture": "#gold", "uv": [ 0.0, 0.0, 2.0, 1.5 ] },
				"east": { "texture": "#gold", "uv": [ 0.0, 0.0, 2.0, 1.5 ] },
				"south": { "texture": "#gold", "uv": [ 0.0, 0.0, 2.0, 1.5 ] },
				"west": { "texture": "#gold", "uv": [ 0.0, 0.0, 2.0, 1.5 ] },
				"up": { "texture": "#gold", "uv": [ 0.0, 0.0, 2.0, 2.0 ] }
			}
		},
		{
			"name": "insolator2",
			"from": [ 6.5, 12.0, 6.5 ],
			"to": [ 9.5, 12.5, 9.5 ],
			"rotationOrigin": [ 6.5, 12.0, 6.5 ],
			"faces": {
				"north": { "texture": "#insulator", "uv": [ 0.0, 0.0, 3.0, 0.5 ] },
				"east": { "texture": "#insulator", "uv": [ 0.0, 0.0, 3.0, 0.5 ] },
				"south": { "texture": "#insulator", "uv": [ 0.0, 0.0, 3.0, 0.5 ] },
				"west": { "texture": "#insulator", "uv": [ 0.0, 0.0, 3.0, 0.5 ] },
				"up": { "texture": "#insulator", "uv": [ 0.0, 0.0, 3.0, 3.0 ] },
				"down": { "texture": "#insulator", "uv": [ 0.0, 0.0, 3.0, 3.0 ] }
			}
		},
		{
			"name": "insolatorCore",
			"from": [ 7.0, 12.0, 7.0 ],
			"to": [ 9.0, 14.0, 9.0 ],
			"rotationOrigin": [ 7.0, 12.5, 7.0 ],
			"faces": {
				"north": { "texture": "#center", "uv": [ 0.0, 0.0, 2.0, 2.0 ] },
				"east": { "texture": "#center", "uv": [ 0.0, 0.0, 2.0, 2.0 ] },
				"south": { "texture": "#center", "uv": [ 0.0, 0.0, 2.0, 2.0 ] },
				"west": { "texture": "#center", "uv": [ 0.0, 0.0, 2.0, 2.0 ] }
			}
		},
		{
			"name": "insolator3",
			"from": [ 7.0, 7.0, 13.75 ],
			"to": [ 9.0, 9.0, 14.25 ],
			"rotationOrigin": [ 7.0, 7.5, 14.0 ],
			"faces": {
				"east": { "texture": "#insulator", "uv": [ 0.0, 0.0, 0.5, 2.0 ] },
				"south": { "texture": "#insulator", "uv": [ 0.0, 0.0, 2.0, 2.0 ] },
				"west": { "texture": "#insulator", "uv": [ 0.0, 0.0, 0.5, 2.0 ] },
				"up": { "texture": "#insulator", "uv": [ 0.0, 0.0, 2.0, 0.5 ] },
				"down": { "texture": "#insulator", "uv": [ 0.0, 0.0, 2.0, 0.5 ] }
			}
		}
	]}