﻿[
  {
    "code": "compost1",
    "EnergyOperation": 10000,
    "ingredients": [
      {
        "type": "item",
        "code": "game:drygrass",
        "name": "drygrass",
        "quantity": 64
      }
    ],
    "outputs": [
      {
        "type": "item",
        "code": "game:compost",
        "stackSize": 1
      }
    ]
  },
  {
    "code": "compost2",
    "EnergyOperation": 10000,
    "ingredients": [
      {
        "type": "item",
        "code": "game:seeds-*",
        "name": "seeds",
        "quantity": 32
      }
    ],
    "outputs": [
      {
        "type": "item",
        "code": "game:compost",
        "stackSize": 1
      }
    ]
  },
  {
    "code": "compost3",
    "EnergyOperation": 10000,
    "ingredients": [
      {
        "type": "item",
        "code": "game:treeseed-*",
        "name": "treeseed",
        "quantity": 32
      }
    ],
    "outputs": [
      {
        "type": "item",
        "code": "game:compost",
        "stackSize": 1
      }
    ]
  },
  {
    "code": "compost4",
    "EnergyOperation": 10000,
    "ingredients": [
      {
        "type": "block",
        "code": "game:flower-*",
        "name": "flower",
        "quantity": 64
      }
    ],
    "outputs": [
      {
        "type": "item",
        "code": "game:compost",
        "stackSize": 1
      }
    ]
  },
  {
    "code": "compost5",
    "EnergyOperation": 10000,
    "ingredients": [
      {
        "type": "item",
        "code": "game:thatch",
        "name": "thatch",
        "quantity": 64
      }
    ],
    "outputs": [
      {
        "type": "item",
        "code": "game:compost",
        "stackSize": 1
      }
    ]
  },
  {
    "code": "default_perish",
    "EnergyOperation": 10000,
    "ingredients": [
      {
        "quantity": 1,
        "name": "default",
        "code": "game:air"
      }
    ],
    "outputs": [
      {
        "type": "item",
        "code": "game:compost",
        "stackSize": 1
      }
    ]
  }
]