﻿[
  {
    "code": "ecable-32v",
    "energyOperation": 5000,
    "ingredients": [
      {
        "type": "item",
        "code": "game:ingot-*",
        "quantity": 1,
        "name": "metal",
        "allowedVariants": [
          "copper",
          "silver",
          "lead",
          "gold",
          "steel",
          "iron",
          "tinbronze",
          "brass",
          "electrum"
        ]
      },
      {
        "type": "block",
        "code": "electricalprogressiveindustry:gauge-32v",
        "quantity": 0
      }
    ],
    "outputs": [
      {
        "type": "block",
        "code": "electricalprogressivebasics:ecable-32v-{metal}-single-part",
        "stackSize": 16
      }
    ]
  },
  {
    "code": "ecable-128v",
    "energyOperation": 5000,
    "ingredients": [
      {
        "type": "item",
        "code": "game:ingot-*",
        "quantity": 1,
        "name": "metal",
        "allowedVariants": [
          "copper",
          "silver",
          "lead",
          "gold",
          "steel",
          "iron",
          "tinbronze",
          "brass",
          "electrum"
        ]
      },
      {
        "type": "block",
        "code": "electricalprogressiveindustry:gauge-128v",
        "quantity": 0
      }
    ],
    "outputs": [
      {
        "type": "block",
        "code": "electricalprogressivebasics:ecable-128v-{metal}-single-part",
        "stackSize": 8
      }
    ]
  }
]