﻿[
  {
    "code": "metalplate",
    "EnergyOperation": 10000,
    "ingredients": [
      {
        "type": "item",
        "code": "game:ingot-*",
        "quantity": 2,
        "name": "metal",
        "allowedVariants": [ "copper", "tinbronze", "bismuthbronze", "blackbronze", "silver", "gold", "iron", "meteoriciron", "steel", "lead", "cupronickel", "zinc", "electrum", "molybdochalkos", "bismuth", "brass", "nickel", "tin" ]
      }
    ],
    "outputs": [
      {
        "type": "item",
        "code": "game:metalplate-{metal}",
        "stackSize": 1
      }
    ]
  },
  {
    "code": "blistersteel",
    "EnergyOperation": 12000,
    "ingredients": [
      {
        "type": "item",
        "code": "game:ingot-blistersteel",
        "quantity": 1
      }
    ],
    "outputs": [
      {
        "type": "item",
        "code": "game:ingot-steel",
        "stackSize": 1
      },
      {
        "type": "item",
        "code": "game:metalbit-steel",
        "stackSize": 4,
        "chance": 0.3
      }
    ]
  },
  {
    "code": "ironbloom",
    "EnergyOperation": 12000,
    "ingredients": [
      {
        "type": "item",
        "code": "game:ironbloom",
        "quantity": 1
      }
    ],
    "outputs": [
      {
        "type": "item",
        "code": "game:ingot-iron",
        "stackSize": 1
      },
      {
        "type": "item",
        "code": "game:metalbit-iron",
        "stackSize": 3,
        "chance": 0.3
      }
    ]
  }
  
]