﻿[
  {
    "code": "hammer",
    "energyOperation": 8000,
    "ingredients": [
      {
        "type": "item",
        "code": "game:ingot-*",
        "quantity": 1,
        "name": "metal",
        "allowedVariants": [ "copper", "tinbronze", "bismuthbronze", "blackbronze", "silver", "gold", "iron", "meteoriciron", "steel" ]
      },
      {
        "type": "block",
        "code": "electricalprogressiveindustry:pressform-hammer",
        "quantity": 0
      }
    ],
    "outputs": [
      {
        "type": "item",
        "code": "game:hammerhead-{metal}",
        "stackSize": 1
      },
      {
        "type": "item",
        "code": "game:metalbit-{metal}",
        "stackSize": 1,
        "chance": 0.5
      }
    ]
  },
  {
    "code": "axe",
    "energyOperation": 8000,
    "ingredients": [
      {
        "type": "item",
        "code": "game:ingot-*",
        "quantity": 1,
        "name": "metal",
        "allowedVariants": [ "copper", "tinbronze", "bismuthbronze", "blackbronze", "silver", "gold", "iron", "meteoriciron", "steel" ]
      },
      {
        "type": "block",
        "code": "electricalprogressiveindustry:pressform-axe",
        "quantity": 0
      }
    ],
    "outputs": [
      {
        "type": "item",
        "code": "game:axehead-{metal}",
        "stackSize": 1
      },
      {
        "type": "item",
        "code": "game:metalbit-{metal}",
        "stackSize": 2
      }
    ]
  },
  {
    "code": "pickaxe",
    "energyOperation": 8000,
    "ingredients": [
      {
        "type": "item",
        "code": "game:ingot-*",
        "quantity": 1,
        "name": "metal",
        "allowedVariants": [ "copper", "tinbronze", "bismuthbronze", "blackbronze", "silver", "gold", "iron", "meteoriciron", "steel" ]
      },
      {
        "type": "block",
        "code": "electricalprogressiveindustry:pressform-pickaxe",
        "quantity": 0
      }
    ],
    "outputs": [
      {
        "type": "item",
        "code": "game:pickaxehead-{metal}",
        "stackSize": 1
      },
      {
        "type": "item",
        "code": "game:metalbit-{metal}",
        "stackSize": 8
      }
    ]
  },
  {
    "code": "shovel",
    "energyOperation": 8000,
    "ingredients": [
      {
        "type": "item",
        "code": "game:ingot-*",
        "quantity": 1,
        "name": "metal",
        "allowedVariants": [ "copper", "tinbronze", "bismuthbronze", "blackbronze", "silver", "gold", "iron", "meteoriciron", "steel" ]
      },
      {
        "type": "block",
        "code": "electricalprogressiveindustry:pressform-shovel",
        "quantity": 0
      }
    ],
    "outputs": [
      {
        "type": "item",
        "code": "game:shovelhead-{metal}",
        "stackSize": 1
      },
      {
        "type": "item",
        "code": "game:metalbit-{metal}",
        "stackSize": 2
      }
    ]
  },
  {
    "code": "falx",
    "energyOperation": 8000,
    "ingredients": [
      {
        "type": "item",
        "code": "game:ingot-*",
        "quantity": 1,
        "name": "metal",
        "allowedVariants": [ "copper", "tinbronze", "bismuthbronze", "blackbronze", "iron", "meteoriciron", "steel" ]
      },
      {
        "type": "block",
        "code": "electricalprogressiveindustry:pressform-falx",
        "quantity": 0
      }
    ],
    "outputs": [
      {
        "type": "item",
        "code": "game:bladehead-falx-{metal}",
        "stackSize": 1
      },
      {
        "type": "item",
        "code": "game:metalbit-{metal}",
        "stackSize": 1,
        "chance": 0.5
      }
    ]
  },
  {
    "code": "hoe",
    "energyOperation": 8000,
    "ingredients": [
      {
        "type": "item",
        "code": "game:ingot-*",
        "quantity": 1,
        "name": "metal",
        "allowedVariants": [ "copper", "tinbronze", "bismuthbronze", "blackbronze", "silver", "gold", "iron", "meteoriciron", "steel" ]
      },
      {
        "type": "block",
        "code": "electricalprogressiveindustry:pressform-hoe",
        "quantity": 0
      }
    ],
    "outputs": [
      {
        "type": "item",
        "code": "game:hoehead-{metal}",
        "stackSize": 1
      },
      {
        "type": "item",
        "code": "game:metalbit-{metal}",
        "stackSize": 3
      }
    ]
  },
  {
    "code": "prospectingpick",
    "energyOperation": 8000,
    "ingredients": [
      {
        "type": "item",
        "code": "game:ingot-*",
        "quantity": 1,
        "name": "metal",
        "allowedVariants": [ "copper", "tinbronze", "bismuthbronze", "blackbronze", "silver", "gold", "iron", "meteoriciron", "steel" ]
      },
      {
        "type": "block",
        "code": "electricalprogressiveindustry:pressform-prospectingpick",
        "quantity": 0
      }
    ],
    "outputs": [
      {
        "type": "item",
        "code": "game:prospectingpickhead-{metal}",
        "stackSize": 1
      },
      {
        "type": "item",
        "code": "game:metalbit-{metal}",
        "stackSize": 12
      }
    ]
  },
  {
    "code": "hammerplate",
    "energyOperation": 8000,
    "ingredients": [
      {
        "type": "item",
        "code": "game:metalplate-*",
        "quantity": 1,
        "name": "metal",
        "allowedVariants": [ "copper", "tinbronze", "bismuthbronze", "blackbronze", "silver", "gold", "iron", "meteoriciron", "steel" ]
      },
      {
        "type": "block",
        "code": "electricalprogressiveindustry:pressform-hammer",
        "quantity": 0
      }
    ],
    "outputs": [
      {
        "type": "item",
        "code": "game:hammerhead-{metal}",
        "stackSize": 1
      },
      {
        "type": "item",
        "code": "game:metalbit-{metal}",
        "stackSize": 19
      }
    ]
  },
  {
    "code": "axeplate",
    "energyOperation": 8000,
    "ingredients": [
      {
        "type": "item",
        "code": "game:metalplate-*",
        "quantity": 1,
        "name": "metal",
        "allowedVariants": [ "copper", "tinbronze", "bismuthbronze", "blackbronze", "silver", "gold", "iron", "meteoriciron", "steel" ]
      },
      {
        "type": "block",
        "code": "electricalprogressiveindustry:pressform-axe",
        "quantity": 0
      }
    ],
    "outputs": [
      {
        "type": "item",
        "code": "game:axehead-{metal}",
        "stackSize": 1
      },
      {
        "type": "item",
        "code": "game:metalbit-{metal}",
        "stackSize": 20
      }
    ]
  },
  {
    "code": "pickaxeplate",
    "energyOperation": 8000,
    "ingredients": [
      {
        "type": "item",
        "code": "game:metalplate-*",
        "quantity": 1,
        "name": "metal",
        "allowedVariants": [ "copper", "tinbronze", "bismuthbronze", "blackbronze", "silver", "gold", "iron", "meteoriciron", "steel" ]
      },
      {
        "type": "block",
        "code": "electricalprogressiveindustry:pressform-pickaxe",
        "quantity": 0
      }
    ],
    "outputs": [
      {
        "type": "item",
        "code": "game:pickaxehead-{metal}",
        "stackSize": 1
      },
      {
        "type": "item",
        "code": "game:metalbit-{metal}",
        "stackSize": 27
      }
    ]
  },
  {
    "code": "shovelplate",
    "energyOperation": 8000,
    "ingredients": [
      {
        "type": "item",
        "code": "game:metalplate-*",
        "quantity": 1,
        "name": "metal",
        "allowedVariants": [ "copper", "tinbronze", "bismuthbronze", "blackbronze", "silver", "gold", "iron", "meteoriciron", "steel" ]
      },
      {
        "type": "block",
        "code": "electricalprogressiveindustry:pressform-shovel",
        "quantity": 0
      }
    ],
    "outputs": [
      {
        "type": "item",
        "code": "game:shovelhead-{metal}",
        "stackSize": 1
      },
      {
        "type": "item",
        "code": "game:metalbit-{metal}",
        "stackSize": 21
      }
    ]
  },
  {
    "code": "falxplate",
    "energyOperation": 8000,
    "ingredients": [
      {
        "type": "item",
        "code": "game:metalplate-*",
        "quantity": 1,
        "name": "metal",
        "allowedVariants": [ "copper", "tinbronze", "bismuthbronze", "blackbronze", "iron", "meteoriciron", "steel" ]
      },
      {
        "type": "block",
        "code": "electricalprogressiveindustry:pressform-falx",
        "quantity": 0
      }
    ],
    "outputs": [
      {
        "type": "item",
        "code": "game:bladehead-falx-{metal}",
        "stackSize": 1
      },
      {
        "type": "item",
        "code": "game:metalbit-{metal}",
        "stackSize": 19
      }
    ]
  },
  {
    "code": "hoeplate",
    "energyOperation": 8000,
    "ingredients": [
      {
        "type": "item",
        "code": "game:metalplate-*",
        "quantity": 1,
        "name": "metal",
        "allowedVariants": [ "copper", "tinbronze", "bismuthbronze", "blackbronze", "silver", "gold", "iron", "meteoriciron", "steel" ]
      },
      {
        "type": "block",
        "code": "electricalprogressiveindustry:pressform-hoe",
        "quantity": 0
      }
    ],
    "outputs": [
      {
        "type": "item",
        "code": "game:hoehead-{metal}",
        "stackSize": 1
      },
      {
        "type": "item",
        "code": "game:metalbit-{metal}",
        "stackSize": 21
      }
    ]
  },
  {
    "code": "prospectingpickplate",
    "energyOperation": 8000,
    "ingredients": [
      {
        "type": "item",
        "code": "game:metalplate-*",
        "quantity": 1,
        "name": "metal",
        "allowedVariants": [ "copper", "tinbronze", "bismuthbronze", "blackbronze", "silver", "gold", "iron", "meteoriciron", "steel" ]
      },
      {
        "type": "block",
        "code": "electricalprogressiveindustry:pressform-prospectingpick",
        "quantity": 0
      }
    ],
    "outputs": [
      {
        "type": "item",
        "code": "game:prospectingpickhead-{metal}",
        "stackSize": 1
      },
      {
        "type": "item",
        "code": "game:metalbit-{metal}",
        "stackSize": 30
      }
    ]
  }
]