[
  {
    "file": "game:entities/humanoid/player",
    "op": "Add",
    "path": "/client/animations/-",
    "value": {
      "code": "dishwash",
      "animation": "DishWash",
      "blendMode": "AddAverage",
      "weight": 0.0,
      "easeInSpeed": 3.0,
      "easeOutSpeed": 3.0,
      "elementWeight": {
        "UpperArmL": 40,
        "LowerArmL": 40
      },
      "elementBlendMode": {
        "UpperArmL": "AddAverage",
        "LowerArmL": "AddAverage"
      }
    }
  },
  {
    "file": "game:shapes/entity/humanoid/seraph-faceless",
    "op": "Add",
    "path": "/animations/-",
    "value": {
      "name": "DishWash",
      "code": "dishwash",
      "quantityframes": 20,
      "onActivityStopped": "EaseOut",
      "onAnimationEnd": "Repeat",
      "keyframes": [
        {
          "frame": 0,
					"frame": 0,
					"elements": {
						"UpperArmL": { "rotationX": -30.0, "rotationY": 0.0, "rotationZ": -28.0 },
						"LowerArmL": { "rotationX": -80.0, "rotationY": -22.0, "rotationZ": -108.0 }
					}
				},
				{
					"frame": 5,
					"elements": {
						"UpperArmL": { "rotationX": -30.0, "rotationY": -5.0, "rotationZ": -20.0 }
					}
				},
				{
					"frame": 10,
					"elements": {
						"LowerArmL": { "rotationX": -80.0, "rotationY": -16.0, "rotationZ": -120.0 },
						"UpperArmL": { "rotationX": -4.0, "rotationY": -10.0, "rotationZ": -20.0 }
					}
				},
				{
					"frame": 12,
					"elements": {
						"LowerArmL": { "rotationX": -66.0, "rotationY": -17.2, "rotationZ": -130.0 }
          }
        }
      ]
    }
  }
]
