{
  "textureWidth":48,
  "textureHeight":48,
  "textures":{
    "hair":"silverchalice",
    "birch":"birch"
  },
  "textureSizes":{
    "hair":[
      48,
      48
    ],
    "birch":[
      48,
      48
    ]
  },
  "elements":[
    {
      "name":"hideme",
      "from":[
        -0.0,
        -0.0,
        0.0
      ],
      "to":[
        1.0,
        1.0,
        1.0
      ],
      "rotationOrigin":[
        -0.0,
        -0.0,
        0.0
      ],
      "stepParentName":"Head",
      "group":"backbun",
      "faces":{},
      "children":[
        {
          "name":"BunBack",
          "from":[
            5.3,
            2.96,
            1.4
          ],
          "to":[
            7.3,
            5.36,
            3.8
          ],
          "rotationOrigin":[
            5.3,
            4.16,
            2.6
          ],
          "rotationZ":19.0,
          "group":"backbun",
          "faces":{
            "north":{
              "texture":"#hair",
              "uv":[
                38.5,
                11.0,
                40.5,
                13.0
              ],
              "autoUv":false
            },
            "east":{
              "texture":"#hair",
              "uv":[
                40.5,
                11.0,
                42.5,
                13.0
              ],
              "autoUv":false
            },
            "south":{
              "texture":"#hair",
              "uv":[
                42.5,
                11.0,
                44.5,
                13.0
              ],
              "autoUv":false
            },
            "west":{
              "texture":"#hair",
              "uv":[
                44.5,
                11.0,
                46.5,
                13.0
              ],
              "autoUv":false
            },
            "down":{
              "texture":"#hair",
              "uv":[
                42.5,
                11.0,
                40.5,
                9.0
              ],
              "autoUv":false,
              "rotation":180
            },
            "up":{
              "texture":"#hair",
              "uv":[
                38.5,
                9.0,
                40.5,
                11.0
              ],
              "autoUv":false
            }
          },
          "children":[
            {
              "name":"BunHair",
              "from":[
                0.2,
                -3.8,
                0.5
              ],
              "to":[
                1.6,
                0.2,
                1.9
              ],
              "rotationOrigin":[
                0.7,
                0.2,
                1.0
              ],
              "rotationZ":-8.0,
              "group":"backbun",
              "faces":{
                "north":{
                  "texture":"#hair",
                  "uv":[
                    25.0,
                    37.5,
                    26.0,
                    41.5
                  ],
                  "autoUv":false
                },
                "east":{
                  "texture":"#hair",
                  "uv":[
                    26.0,
                    37.5,
                    27.0,
                    41.5
                  ],
                  "autoUv":false
                },
                "south":{
                  "texture":"#hair",
                  "uv":[
                    27.0,
                    37.5,
                    28.0,
                    41.5
                  ],
                  "autoUv":false
                }
              },
              "children":[]
            },
            {
              "name":"BunMessy",
              "from":[
                0.6,
                -3.0,
                -0.5
              ],
              "to":[
                0.6,
                1.0,
                2.5
              ],
              "rotationOrigin":[
                0.6,
                1.0,
                1.0
              ],
              "rotationZ":-8.0,
              "group":"backbun",
              "faces":{
                "east":{
                  "texture":"#hair",
                  "uv":[
                    18.5,
                    4.0,
                    21.5,
                    8.0
                  ],
                  "autoUv":false
                }
              },
              "children":[]
            },
            {
              "name":"StickLeft",
              "from":[
                1.0,
                1.0,
                -0.9
              ],
              "to":[
                1.5,
                1.5,
                3.6
              ],
              "rotationOrigin":[
                1.25,
                1.25,
                1.0
              ],
              "rotationX":45.0,
              "rotationY":-0.0,
              "rotationZ":-0.0,
              "group":"backbun",
              "faces":{
                "north":{
                  "texture":"#birch",
                  "uv":[
                    0.0,
                    4.5,
                    1.5,
                    6.0
                  ],
                  "autoUv":false
                },
                "east":{
                  "texture":"#birch",
                  "uv":[
                    1.5,
                    4.5,
                    6.0,
                    6.0
                  ],
                  "autoUv":false
                },
                "south":{
                  "texture":"#birch",
                  "uv":[
                    6.0,
                    4.5,
                    7.5,
                    6.0
                  ],
                  "autoUv":false
                },
                "west":{
                  "texture":"#birch",
                  "uv":[
                    7.5,
                    4.5,
                    12.0,
                    6.0
                  ],
                  "autoUv":false
                },
                "down":{
                  "texture":"#birch",
                  "uv":[
                    3.0,
                    4.5,
                    1.5,
                    0.0
                  ],
                  "autoUv":false,
                  "rotation":180
                },
                "up":{
                  "texture":"#birch",
                  "uv":[
                    0.0,
                    0.0,
                    1.5,
                    4.5
                  ],
                  "autoUv":false
                }
              },
              "children":[]
            },
            {
              "name":"StickRight",
              "from":[
                1.0,
                1.0,
                -1.3
              ],
              "to":[
                1.5,
                1.5,
                3.2
              ],
              "rotationOrigin":[
                1.25,
                1.25,
                1.0
              ],
              "rotationX":-36.0,
              "group":"backbun",
              "faces":{
                "north":{
                  "texture":"#birch",
                  "uv":[
                    0.0,
                    4.5,
                    1.5,
                    6.0
                  ],
                  "autoUv":false
                },
                "east":{
                  "texture":"#birch",
                  "uv":[
                    1.5,
                    4.5,
                    6.0,
                    6.0
                  ],
                  "autoUv":false
                },
                "south":{
                  "texture":"#birch",
                  "uv":[
                    6.0,
                    4.5,
                    7.5,
                    6.0
                  ],
                  "autoUv":false
                },
                "west":{
                  "texture":"#birch",
                  "uv":[
                    7.5,
                    4.5,
                    12.0,
                    6.0
                  ],
                  "autoUv":false
                },
                "down":{
                  "texture":"#birch",
                  "uv":[
                    3.0,
                    4.5,
                    1.5,
                    0.0
                  ],
                  "autoUv":false,
                  "rotation":180
                },
                "up":{
                  "texture":"#birch",
                  "uv":[
                    0.0,
                    0.0,
                    1.5,
                    4.5
                  ],
                  "autoUv":false
                }
              },
              "children":[]
            }
          ]
        }
      ]
    }
  ],
  "groups":[]
}