{
  "textureWidth":48,
  "textureHeight":48,
  "textures":{
    "hair":"silverchalice"
  },
  "textureSizes":{
    "hair":[
      48,
      48
    ]
  },
  "elements":[
    {
      "name":"hideme",
      "from":[
        -0.0,
        -0.0,
        0.0
      ],
      "to":[
        1.0,
        1.0,
        1.0
      ],
      "rotationOrigin":[
        -0.0,
        -0.0,
        0.0
      ],
      "stepParentName":"Head",
      "group":"classicponytail",
      "faces":{},
      "children":[
        {
          "name":"PonytailA",
          "from":[
            5.25,
            -3.1,
            1.0
          ],
          "to":[
            7.25,
            3.9,
            4.0
          ],
          "rotationOrigin":[
            5.25,
            3.9,
            2.5
          ],
          "rotationZ":2.0,
          "group":"classicponytail",
          "faces":{
            "north":{
              "texture":"#hair",
              "uv":[
                14.0,
                2.0,
                16.0,
                9.0
              ],
              "autoUv":false
            },
            "east":{
              "texture":"#hair",
              "uv":[
                16.0,
                2.0,
                19.0,
                9.0
              ],
              "autoUv":false
            },
            "south":{
              "texture":"#hair",
              "uv":[
                19.0,
                2.0,
                21.0,
                9.0
              ],
              "autoUv":false
            },
            "up":{
              "texture":"#hair",
              "uv":[
                14.0,
                0.0,
                17.0,
                2.0
              ],
              "autoUv":false,
              "rotation":270
            }
          },
          "children":[
            {
              "name":"PonytailB",
              "from":[
                -0.0,
                3.9,
                0.5
              ],
              "to":[
                10.0,
                5.9,
                2.5
              ],
              "rotationOrigin":[
                -0.0,
                4.9,
                1.5
              ],
              "rotationZ":-75.0,
              "group":"classicponytail",
              "faces":{
                "north":{
                  "texture":"#hair",
                  "uv":[
                    38.5,
                    15.0,
                    40.5,
                    25.0
                  ],
                  "autoUv":false,
                  "rotation":90
                },
                "south":{
                  "texture":"#hair",
                  "uv":[
                    40.0,
                    15.0,
                    42.0,
                    25.0
                  ],
                  "autoUv":false,
                  "rotation":270
                },
                "west":{
                  "texture":"#hair",
                  "uv":[
                    38.5,
                    16.0,
                    40.5,
                    18.0
                  ],
                  "autoUv":false
                },
                "down":{
                  "texture":"#hair",
                  "uv":[
                    40.0,
                    25.0,
                    38.0,
                    15.0
                  ],
                  "autoUv":false,
                  "rotation":90
                },
                "up":{
                  "texture":"#hair",
                  "uv":[
                    36.5,
                    15.0,
                    38.5,
                    25.0
                  ],
                  "autoUv":false,
                  "rotation":270
                }
              },
              "children":[]
            }
          ]
        }
      ]
    }
  ],
  "groups":[]
}