{
  "textureWidth":48,
  "textureHeight":48,
  "textures":{
    "hair":"silverchalice",
    "birch":"birch"
  },
  "textureSizes":{
    "hair":[
      48,
      48
    ],
    "birch":[
      48,
      48
    ]
  },
  "elements":[
    {
      "name":"hideme",
      "from":[
        -0.0,
        -0.0,
        0.0
      ],
      "to":[
        1.0,
        1.0,
        1.0
      ],
      "rotationOrigin":[
        -0.0,
        -0.0,
        0.0
      ],
      "stepParentName":"Head",
      "group":"elaboratestickbun",
      "faces":{},
      "children":[
        {
          "name":"BunTop",
          "from":[
            2.52,
            1.93,
            1.5
          ],
          "to":[
            6.52,
            3.93,
            3.5
          ],
          "rotationOrigin":[
            2.52,
            2.93,
            1.5
          ],
          "rotationZ":15.0,
          "group":"elaboratestickbun",
          "faces":{
            "north":{
              "texture":"#hair",
              "uv":[
                16.5,
                33.0,
                20.5,
                35.0
              ],
              "autoUv":false
            },
            "east":{
              "texture":"#hair",
              "uv":[
                20.5,
                33.0,
                22.5,
                35.0
              ],
              "autoUv":false
            },
            "south":{
              "texture":"#hair",
              "uv":[
                22.5,
                33.0,
                26.5,
                35.0
              ],
              "autoUv":false
            },
            "up":{
              "texture":"#hair",
              "uv":[
                16.5,
                31.0,
                20.5,
                33.0
              ],
              "autoUv":false
            }
          },
          "children":[
            {
              "name":"Cube1.001",
              "from":[
                3.0,
                0.0,
                -0.5
              ],
              "to":[
                5.0,
                3.0,
                2.5
              ],
              "rotationOrigin":[
                3.0,
                1.5,
                1.1
              ],
              "group":"elaboratestickbun",
              "faces":{
                "north":{
                  "texture":"#hair",
                  "uv":[
                    17.0,
                    31.5,
                    19.0,
                    34.5
                  ],
                  "autoUv":false
                },
                "east":{
                  "texture":"#hair",
                  "uv":[
                    19.0,
                    31.5,
                    22.0,
                    34.5
                  ],
                  "autoUv":false
                },
                "south":{
                  "texture":"#hair",
                  "uv":[
                    22.0,
                    31.5,
                    24.0,
                    34.5
                  ],
                  "autoUv":false
                },
                "west":{
                  "texture":"#hair",
                  "uv":[
                    24.0,
                    31.5,
                    27.0,
                    34.5
                  ],
                  "autoUv":false
                },
                "down":{
                  "texture":"#hair",
                  "uv":[
                    24.5,
                    34.5,
                    22.5,
                    31.5
                  ],
                  "autoUv":false
                },
                "up":{
                  "texture":"#hair",
                  "uv":[
                    19.5,
                    31.0,
                    21.5,
                    34.0
                  ],
                  "autoUv":false
                }
              },
              "children":[]
            }
          ]
        },
        {
          "name":"HairSnood",
          "from":[
            5.6,
            -0.49,
            0.5
          ],
          "to":[
            7.6,
            4.51,
            4.5
          ],
          "rotationOrigin":[
            5.6,
            2.51,
            2.5
          ],
          "rotationZ":-8.0,
          "group":"elaboratestickbun",
          "faces":{
            "north":{
              "texture":"#hair",
              "uv":[
                25.5,
                31.5,
                27.5,
                36.5
              ],
              "autoUv":false
            },
            "east":{
              "texture":"#hair",
              "uv":[
                21.5,
                32.0,
                25.5,
                37.0
              ],
              "autoUv":false
            },
            "south":{
              "texture":"#hair",
              "uv":[
                18.5,
                31.0,
                20.5,
                36.0
              ],
              "autoUv":false
            },
            "west":{
              "texture":"#hair",
              "uv":[
                20.0,
                31.5,
                24.0,
                36.5
              ],
              "autoUv":false
            },
            "down":{
              "texture":"#hair",
              "uv":[
                23.0,
                36.5,
                21.0,
                32.5
              ],
              "autoUv":false
            },
            "up":{
              "texture":"#hair",
              "uv":[
                24.0,
                33.5,
                26.0,
                37.5
              ],
              "autoUv":false
            }
          },
          "children":[
            {
              "name":"BunBottom",
              "from":[
                -0.4,
                -1.2,
                0.5
              ],
              "to":[
                1.6,
                0.8,
                3.5
              ],
              "rotationOrigin":[
                0.6,
                -0.2,
                2.0
              ],
              "rotationZ":-36.0,
              "group":"elaboratestickbun",
              "faces":{
                "north":{
                  "texture":"#hair",
                  "uv":[
                    17.5,
                    34.5,
                    19.5,
                    36.5
                  ],
                  "autoUv":false
                },
                "east":{
                  "texture":"#hair",
                  "uv":[
                    19.5,
                    34.5,
                    22.5,
                    36.5
                  ],
                  "autoUv":false
                },
                "south":{
                  "texture":"#hair",
                  "uv":[
                    22.5,
                    34.5,
                    24.5,
                    36.5
                  ],
                  "autoUv":false
                },
                "down":{
                  "texture":"#hair",
                  "uv":[
                    21.5,
                    34.5,
                    19.5,
                    31.5
                  ],
                  "autoUv":false
                },
                "up":{
                  "texture":"#hair",
                  "uv":[
                    17.5,
                    31.5,
                    19.5,
                    34.5
                  ],
                  "autoUv":false
                }
              },
              "children":[]
            },
            {
              "name":"Cube5",
              "from":[
                2.15,
                -0.06,
                0.5
              ],
              "to":[
                3.15,
                2.94,
                3.5
              ],
              "rotationOrigin":[
                2.15,
                -0.06,
                0.5
              ],
              "group":"elaboratestickbun",
              "faces":{
                "north":{
                  "texture":"#hair",
                  "uv":[
                    21.0,
                    34.0,
                    22.0,
                    37.0
                  ],
                  "autoUv":false
                },
                "east":{
                  "texture":"#hair",
                  "uv":[
                    22.0,
                    34.0,
                    25.0,
                    37.0
                  ],
                  "autoUv":false
                },
                "south":{
                  "texture":"#hair",
                  "uv":[
                    25.0,
                    34.0,
                    26.0,
                    37.0
                  ],
                  "autoUv":false
                },
                "down":{
                  "texture":"#hair",
                  "uv":[
                    23.0,
                    34.0,
                    22.0,
                    31.0
                  ],
                  "autoUv":false
                },
                "up":{
                  "texture":"#hair",
                  "uv":[
                    21.0,
                    31.0,
                    22.0,
                    34.0
                  ],
                  "autoUv":false
                }
              },
              "children":[]
            },
            {
              "name":"Stick1",
              "from":[
                1.0,
                3.0,
                -2.0
              ],
              "to":[
                1.5,
                3.5,
                6.0
              ],
              "rotationOrigin":[
                1.2,
                3.2,
                2.0
              ],
              "rotationX":45.0,
              "group":"elaboratestickbun",
              "faces":{
                "north":{
                  "texture":"#birch",
                  "uv":[
                    3.5,
                    10.5,
                    4.0,
                    11.0
                  ],
                  "autoUv":false
                },
                "east":{
                  "texture":"#birch",
                  "uv":[
                    4.0,
                    10.5,
                    12.0,
                    11.0
                  ],
                  "autoUv":false
                },
                "south":{
                  "texture":"#birch",
                  "uv":[
                    12.0,
                    10.5,
                    12.5,
                    11.0
                  ],
                  "autoUv":false
                },
                "west":{
                  "texture":"#birch",
                  "uv":[
                    6.5,
                    11.5,
                    14.5,
                    12.0
                  ],
                  "autoUv":false
                },
                "down":{
                  "texture":"#birch",
                  "uv":[
                    4.5,
                    10.5,
                    4.0,
                    2.5
                  ],
                  "autoUv":false
                },
                "up":{
                  "texture":"#birch",
                  "uv":[
                    3.5,
                    2.5,
                    4.0,
                    10.5
                  ],
                  "autoUv":false
                }
              },
              "children":[]
            },
            {
              "name":"Stick7",
              "from":[
                1.0,
                3.0,
                -1.0
              ],
              "to":[
                1.5,
                3.5,
                5.0
              ],
              "rotationOrigin":[
                1.2,
                3.2,
                2.0
              ],
              "group":"elaboratestickbun",
              "faces":{
                "north":{
                  "texture":"#birch",
                  "uv":[
                    0.0,
                    6.0,
                    0.5,
                    6.5
                  ],
                  "autoUv":false
                },
                "east":{
                  "texture":"#birch",
                  "uv":[
                    0.5,
                    6.0,
                    6.5,
                    6.5
                  ],
                  "autoUv":false
                },
                "south":{
                  "texture":"#birch",
                  "uv":[
                    6.5,
                    6.0,
                    7.0,
                    6.5
                  ],
                  "autoUv":false
                },
                "west":{
                  "texture":"#birch",
                  "uv":[
                    7.0,
                    6.0,
                    13.0,
                    6.5
                  ],
                  "autoUv":false
                },
                "down":{
                  "texture":"#birch",
                  "uv":[
                    1.0,
                    6.0,
                    0.5,
                    0.0
                  ],
                  "autoUv":false
                },
                "up":{
                  "texture":"#birch",
                  "uv":[
                    0.0,
                    0.0,
                    0.5,
                    6.0
                  ],
                  "autoUv":false
                }
              },
              "children":[]
            },
            {
              "name":"Stick8",
              "from":[
                1.0,
                3.0,
                -2.0
              ],
              "to":[
                1.5,
                3.5,
                6.0
              ],
              "rotationOrigin":[
                1.2,
                3.2,
                2.0
              ],
              "rotationX":-45.0,
              "group":"elaboratestickbun",
              "faces":{
                "north":{
                  "texture":"#birch",
                  "uv":[
                    3.5,
                    10.5,
                    4.0,
                    11.0
                  ],
                  "autoUv":false
                },
                "east":{
                  "texture":"#birch",
                  "uv":[
                    4.0,
                    10.5,
                    12.0,
                    11.0
                  ],
                  "autoUv":false
                },
                "south":{
                  "texture":"#birch",
                  "uv":[
                    12.0,
                    10.5,
                    12.5,
                    11.0
                  ],
                  "autoUv":false
                },
                "west":{
                  "texture":"#birch",
                  "uv":[
                    6.5,
                    11.5,
                    14.5,
                    12.0
                  ],
                  "autoUv":false
                },
                "down":{
                  "texture":"#birch",
                  "uv":[
                    4.5,
                    10.5,
                    4.0,
                    2.5
                  ],
                  "autoUv":false
                },
                "up":{
                  "texture":"#birch",
                  "uv":[
                    3.5,
                    2.5,
                    4.0,
                    10.5
                  ],
                  "autoUv":false
                }
              },
              "children":[]
            }
          ]
        }
      ]
    }
  ],
  "groups":[]
}