{
  "textureWidth":48,
  "textureHeight":48,
  "textures":{
    "hair":"silverchalice"
  },
  "textureSizes":{
    "hair":[
      48,
      48
    ]
  },
  "elements":[
    {
      "name":"hideme",
      "from":[
        -0.0,
        -0.0,
        0.0
      ],
      "to":[
        1.0,
        1.0,
        1.0
      ],
      "rotationOrigin":[
        -0.0,
        -0.0,
        0.0
      ],
      "stepParentName":"Head",
      "group":"headsidebraid",
      "faces":{},
      "children":[
        {
          "name":"SideBraidLeft",
          "from":[
            2.0,
            2.0,
            4.5
          ],
          "to":[
            4.0,
            3.0,
            5.5
          ],
          "rotationOrigin":[
            2.5,
            2.5,
            5.0
          ],
          "rotationX":0.0,
          "rotationY":-20.0,
          "rotationZ":-5.0,
          "group":"headsidebraid",
          "faces":{
            "east":{
              "texture":"#hair",
              "uv":[
                20.5,
                33.5,
                21.5,
                34.5
              ],
              "autoUv":false
            },
            "south":{
              "texture":"#hair",
              "uv":[
                21.5,
                33.5,
                24.5,
                34.5
              ],
              "autoUv":false
            },
            "west":{
              "texture":"#hair",
              "uv":[
                21.5,
                34.0,
                22.5,
                35.0
              ],
              "autoUv":false
            },
            "down":{
              "texture":"#hair",
              "uv":[
                26.5,
                33.5,
                23.5,
                32.5
              ],
              "autoUv":false
            },
            "up":{
              "texture":"#hair",
              "uv":[
                20.5,
                32.5,
                23.5,
                33.5
              ],
              "autoUv":false
            }
          },
          "children":[
            {
              "name":"BraidLeft1",
              "from":[
                1.38,
                -2.46,
                0.36
              ],
              "to":[
                2.38,
                0.54,
                1.36
              ],
              "rotationOrigin":[
                1.88,
                0.54,
                0.86
              ],
              "rotationX":0.0,
              "rotationY":28.0,
              "rotationZ":36.0,
              "group":"headsidebraid",
              "faces":{
                "north":{
                  "texture":"#hair",
                  "uv":[
                    18.0,
                    33.0,
                    19.0,
                    36.0
                  ],
                  "autoUv":false
                },
                "east":{
                  "texture":"#hair",
                  "uv":[
                    19.0,
                    33.0,
                    20.0,
                    36.0
                  ],
                  "autoUv":false
                },
                "south":{
                  "texture":"#hair",
                  "uv":[
                    20.0,
                    33.0,
                    21.0,
                    36.0
                  ],
                  "autoUv":false
                },
                "west":{
                  "texture":"#hair",
                  "uv":[
                    21.0,
                    33.0,
                    22.0,
                    36.0
                  ],
                  "autoUv":false
                },
                "down":{
                  "texture":"#hair",
                  "uv":[
                    20.0,
                    33.0,
                    19.0,
                    32.0
                  ],
                  "autoUv":false
                },
                "up":{
                  "texture":"#hair",
                  "uv":[
                    18.0,
                    32.0,
                    19.0,
                    33.0
                  ],
                  "autoUv":false
                }
              },
              "children":[
                {
                  "name":"BraidLeft2",
                  "from":[
                    -0.0,
                    -3.8,
                    -0.0
                  ],
                  "to":[
                    1.0,
                    0.2,
                    1.0
                  ],
                  "rotationOrigin":[
                    0.5,
                    0.2,
                    0.5
                  ],
                  "rotationX":-33.4,
                  "rotationY":-39.86,
                  "rotationZ":-22.91,
                  "group":"headsidebraid",
                  "faces":{
                    "west":{
                      "texture":"#hair",
                      "uv":[
                        24.0,
                        37.5,
                        25.0,
                        41.5
                      ],
                      "autoUv":false
                    },
                    "north":{
                      "texture":"#hair",
                      "uv":[
                        25.0,
                        37.5,
                        26.0,
                        41.5
                      ],
                      "autoUv":false
                    },
                    "east":{
                      "texture":"#hair",
                      "uv":[
                        26.0,
                        37.5,
                        27.0,
                        41.5
                      ],
                      "autoUv":false
                    },
                    "south":{
                      "texture":"#hair",
                      "uv":[
                        27.0,
                        37.5,
                        28.0,
                        41.5
                      ],
                      "autoUv":false
                    },
                    "up":{
                      "texture":"#hair",
                      "uv":[
                        24.0,
                        36.5,
                        25.0,
                        37.5
                      ],
                      "autoUv":false,
                      "rotation":270
                    }
                  },
                  "children":[]
                }
              ]
            }
          ]
        },
        {
          "name":"SideBraidRight",
          "from":[
            2.0,
            2.0,
            -0.4
          ],
          "to":[
            4.33,
            3.0,
            0.6
          ],
          "rotationOrigin":[
            2.5,
            2.5,
            0.1
          ],
          "rotationX":-0.0,
          "rotationY":20.0,
          "rotationZ":-5.0,
          "group":"headsidebraid",
          "faces":{
            "north":{
              "texture":"#hair",
              "uv":[
                19.5,
                33.0,
                22.5,
                34.0
              ],
              "autoUv":false
            },
            "east":{
              "texture":"#hair",
              "uv":[
                22.5,
                33.0,
                23.5,
                34.0
              ],
              "autoUv":false
            },
            "west":{
              "texture":"#hair",
              "uv":[
                20.5,
                33.0,
                21.5,
                34.0
              ],
              "autoUv":false
            },
            "down":{
              "texture":"#hair",
              "uv":[
                25.5,
                33.0,
                22.5,
                32.0
              ],
              "autoUv":false
            },
            "up":{
              "texture":"#hair",
              "uv":[
                19.5,
                32.0,
                22.5,
                33.0
              ],
              "autoUv":false
            }
          },
          "children":[
            {
              "name":"BraidRight1",
              "from":[
                1.38,
                -2.46,
                -0.46
              ],
              "to":[
                2.38,
                0.54,
                0.54
              ],
              "rotationOrigin":[
                1.88,
                0.54,
                0.04
              ],
              "rotationX":-0.0,
              "rotationY":-28.0,
              "rotationZ":36.0,
              "group":"headsidebraid",
              "faces":{
                "north":{
                  "texture":"#hair",
                  "uv":[
                    22.5,
                    32.5,
                    23.5,
                    35.5
                  ],
                  "autoUv":false
                },
                "east":{
                  "texture":"#hair",
                  "uv":[
                    23.5,
                    32.5,
                    24.5,
                    35.5
                  ],
                  "autoUv":false
                },
                "south":{
                  "texture":"#hair",
                  "uv":[
                    24.5,
                    32.5,
                    25.5,
                    35.5
                  ],
                  "autoUv":false
                },
                "west":{
                  "texture":"#hair",
                  "uv":[
                    25.5,
                    32.5,
                    26.5,
                    35.5
                  ],
                  "autoUv":false
                },
                "down":{
                  "texture":"#hair",
                  "uv":[
                    24.5,
                    32.5,
                    23.5,
                    31.5
                  ],
                  "autoUv":false
                },
                "up":{
                  "texture":"#hair",
                  "uv":[
                    22.5,
                    31.5,
                    23.5,
                    32.5
                  ],
                  "autoUv":false
                }
              },
              "children":[
                {
                  "name":"BraidRigh2",
                  "from":[
                    -0.0,
                    -3.8,
                    -0.0
                  ],
                  "to":[
                    1.0,
                    0.2,
                    1.0
                  ],
                  "rotationOrigin":[
                    0.5,
                    0.2,
                    0.5
                  ],
                  "rotationX":33.4,
                  "rotationY":39.86,
                  "rotationZ":-22.91,
                  "group":"headsidebraid",
                  "faces":{
                    "east":{
                      "texture":"#hair",
                      "uv":[
                        24.0,
                        37.5,
                        25.0,
                        41.5
                      ],
                      "autoUv":false
                    },
                    "south":{
                      "texture":"#hair",
                      "uv":[
                        25.0,
                        37.5,
                        26.0,
                        41.5
                      ],
                      "autoUv":false
                    },
                    "west":{
                      "texture":"#hair",
                      "uv":[
                        26.0,
                        37.5,
                        27.0,
                        41.5
                      ],
                      "autoUv":false
                    },
                    "north":{
                      "texture":"#hair",
                      "uv":[
                        27.0,
                        37.5,
                        28.0,
                        41.5
                      ],
                      "autoUv":false
                    },
                    "up":{
                      "texture":"#hair",
                      "uv":[
                        24.0,
                        36.5,
                        25.0,
                        37.5
                      ],
                      "autoUv":false,
                      "rotation":90
                    }
                  },
                  "children":[]
                }
              ]
            }
          ]
        }
      ]
    }
  ],
  "groups":[]
}