{
  "textureWidth":48,
  "textureHeight":48,
  "textures":{
    "hair":"silverchalice",
    "birch":"birch"
  },
  "textureSizes":{
    "hair":[
      48,
      48
    ],
    "birch":[
      48,
      48
    ]
  },
  "elements":[
    {
      "name":"hideme",
      "from":[
        -0.0,
        -0.0,
        0.0
      ],
      "to":[
        1.0,
        1.0,
        1.0
      ],
      "rotationOrigin":[
        -0.0,
        -0.0,
        0.0
      ],
      "stepParentName":"Head",
      "group":"largestickbun",
      "faces":{},
      "children":[
        {
          "name":"BigBun",
          "from":[
            5.31,
            0.5,
            0.5
          ],
          "to":[
            6.31,
            4.5,
            4.5
          ],
          "rotationOrigin":[
            5.31,
            2.5,
            2.5
          ],
          "rotationX":45.0,
          "rotationY":-0.0,
          "rotationZ":-0.0,
          "group":"largestickbun",
          "faces":{
            "north":{
              "texture":"#hair",
              "uv":[
                20.5,
                32.5,
                21.5,
                36.5
              ],
              "autoUv":false
            },
            "east":{
              "texture":"#hair",
              "uv":[
                22.0,
                32.0,
                26.0,
                36.0
              ],
              "autoUv":false
            },
            "south":{
              "texture":"#hair",
              "uv":[
                19.5,
                31.5,
                20.5,
                35.5
              ],
              "autoUv":false
            },
            "west":{
              "texture":"#hair",
              "uv":[
                21.5,
                31.5,
                25.5,
                35.5
              ],
              "autoUv":false
            },
            "down":{
              "texture":"#hair",
              "uv":[
                26.0,
                36.5,
                25.0,
                32.5
              ],
              "autoUv":false
            },
            "up":{
              "texture":"#hair",
              "uv":[
                20.5,
                31.5,
                21.5,
                35.5
              ],
              "autoUv":false
            }
          },
          "children":[
            {
              "name":"BunBack.001",
              "from":[
                1.0,
                0.5,
                0.5
              ],
              "to":[
                2.0,
                3.5,
                3.5
              ],
              "rotationOrigin":[
                1.0,
                2.0,
                2.0
              ],
              "group":"largestickbun",
              "faces":{
                "north":{
                  "texture":"#hair",
                  "uv":[
                    22.0,
                    35.0,
                    23.0,
                    38.0
                  ],
                  "autoUv":false
                },
                "east":{
                  "texture":"#hair",
                  "uv":[
                    23.0,
                    35.0,
                    26.0,
                    38.0
                  ],
                  "autoUv":false
                },
                "south":{
                  "texture":"#hair",
                  "uv":[
                    26.0,
                    35.0,
                    27.0,
                    38.0
                  ],
                  "autoUv":false
                },
                "down":{
                  "texture":"#hair",
                  "uv":[
                    24.0,
                    35.0,
                    23.0,
                    32.0
                  ],
                  "autoUv":false
                },
                "up":{
                  "texture":"#hair",
                  "uv":[
                    22.0,
                    32.0,
                    23.0,
                    35.0
                  ],
                  "autoUv":false
                }
              },
              "children":[]
            },
            {
              "name":"Stickhead",
              "from":[
                0.5,
                0.7,
                -0.9
              ],
              "to":[
                1.5,
                1.7,
                0.1
              ],
              "rotationOrigin":[
                1.0,
                1.2,
                -0.4
              ],
              "rotationX":-45.0,
              "rotationY":-0.0,
              "rotationZ":-45.0,
              "group":"largestickbun",
              "faces":{
                "north":{
                  "texture":"#birch",
                  "uv":[
                    6.0,
                    4.0,
                    7.0,
                    5.0
                  ],
                  "autoUv":false
                },
                "east":{
                  "texture":"#birch",
                  "uv":[
                    7.0,
                    4.0,
                    8.0,
                    5.0
                  ],
                  "autoUv":false
                },
                "south":{
                  "texture":"#birch",
                  "uv":[
                    8.0,
                    4.0,
                    9.0,
                    5.0
                  ],
                  "autoUv":false
                },
                "west":{
                  "texture":"#birch",
                  "uv":[
                    9.0,
                    4.0,
                    10.0,
                    5.0
                  ],
                  "autoUv":false
                },
                "down":{
                  "texture":"#birch",
                  "uv":[
                    8.0,
                    4.0,
                    7.0,
                    3.0
                  ],
                  "autoUv":false
                },
                "up":{
                  "texture":"#birch",
                  "uv":[
                    6.0,
                    3.0,
                    7.0,
                    4.0
                  ],
                  "autoUv":false
                }
              },
              "children":[
                {
                  "name":"Stick",
                  "from":[
                    0.3,
                    0.3,
                    1.0
                  ],
                  "to":[
                    0.8,
                    0.8,
                    6.0
                  ],
                  "rotationOrigin":[
                    0.3,
                    0.3,
                    1.0
                  ],
                  "group":"largestickbun",
                  "faces":{
                    "east":{
                      "texture":"#birch",
                      "uv":[
                        1.0,
                        9.0,
                        6.0,
                        10.0
                      ],
                      "autoUv":false
                    },
                    "south":{
                      "texture":"#birch",
                      "uv":[
                        6.0,
                        9.0,
                        7.0,
                        10.0
                      ],
                      "autoUv":false
                    },
                    "west":{
                      "texture":"#birch",
                      "uv":[
                        7.0,
                        9.0,
                        12.0,
                        10.0
                      ],
                      "autoUv":false
                    },
                    "down":{
                      "texture":"#birch",
                      "uv":[
                        3.0,
                        9.0,
                        2.0,
                        4.0
                      ],
                      "autoUv":false
                    },
                    "up":{
                      "texture":"#birch",
                      "uv":[
                        1.0,
                        4.0,
                        2.0,
                        9.0
                      ],
                      "autoUv":false
                    }
                  },
                  "children":[]
                }
              ]
            }
          ]
        }
      ]
    }
  ],
  "groups":[]
}