{
  "textureWidth":48,
  "textureHeight":48,
  "textures":{
    "hair":"silverchalice"
  },
  "textureSizes":{
    "hair":[
      48,
      48
    ]
  },
  "elements":[
    {
      "name":"hideme",
      "from":[
        -0.0,
        -0.0,
        0.0
      ],
      "to":[
        1.0,
        1.0,
        1.0
      ],
      "rotationOrigin":[
        -0.0,
        -0.0,
        0.0
      ],
      "stepParentName":"Head",
      "group":"mohawk",
      "faces":{
        "east":{
          "texture":"#hair",
          "uv":[
            1.0,
            1.0,
            2.0,
            2.0
          ],
          "autoUv":false
        },
        "south":{
          "texture":"#hair",
          "uv":[
            2.0,
            1.0,
            3.0,
            2.0
          ],
          "autoUv":false
        },
        "west":{
          "texture":"#hair",
          "uv":[
            3.0,
            1.0,
            4.0,
            2.0
          ],
          "autoUv":false
        },
        "down":{
          "texture":"#hair",
          "uv":[
            2.0,
            1.0,
            1.0,
            0.0
          ],
          "autoUv":false
        },
        "up":{
          "texture":"#hair",
          "uv":[
            0.0,
            0.0,
            1.0,
            1.0
          ],
          "autoUv":false
        }
      },
      "children":[
        {
          "name":"MohawkTop",
          "from":[
            -0.5,
            4.0,
            1.8
          ],
          "to":[
            6.24,
            5.5,
            3.3
          ],
          "rotationOrigin":[
            -0.5,
            4.5,
            2.5
          ],
          "group":"mohawk",
          "faces":{
            "north":{
              "texture":"#hair",
              "uv":[
                16.0,
                33.0,
                23.0,
                34.5
              ],
              "autoUv":false
            },
            "east":{
              "texture":"#hair",
              "uv":[
                23.0,
                33.0,
                24.5,
                34.5
              ],
              "autoUv":false
            },
            "south":{
              "texture":"#hair",
              "uv":[
                18.0,
                35.0,
                25.0,
                36.5
              ],
              "autoUv":false
            },
            "west":{
              "texture":"#hair",
              "uv":[
                25.5,
                34.5,
                27.0,
                36.0
              ],
              "autoUv":false
            },
            "down":{
              "texture":"#hair",
              "uv":[
                25.0,
                35.0,
                18.0,
                33.5
              ],
              "autoUv":false
            },
            "up":{
              "texture":"#hair",
              "uv":[
                16.0,
                31.5,
                23.0,
                33.0
              ],
              "autoUv":false
            }
          },
          "children":[
            {
              "name":"MohawkBack",
              "from":[
                5.72,
                -3.0,
                0.0
              ],
              "to":[
                6.72,
                0.0,
                1.5
              ],
              "rotationOrigin":[
                6.0,
                -3.0,
                0.7
              ],
              "group":"mohawk",
              "faces":{
                "north":{
                  "texture":"#hair",
                  "uv":[
                    21.0,
                    32.5,
                    22.0,
                    35.5
                  ],
                  "autoUv":false
                },
                "east":{
                  "texture":"#hair",
                  "uv":[
                    22.0,
                    32.5,
                    23.5,
                    35.5
                  ],
                  "autoUv":false
                },
                "south":{
                  "texture":"#hair",
                  "uv":[
                    23.5,
                    32.5,
                    24.5,
                    35.5
                  ],
                  "autoUv":false
                },
                "down":{
                  "texture":"#hair",
                  "uv":[
                    22.0,
                    32.5,
                    21.0,
                    31.0
                  ],
                  "autoUv":false
                }
              },
              "children":[]
            }
          ]
        }
      ]
    }
  ],
  "groups":[]
}