{
  "textureWidth":48,
  "textureHeight":48,
  "textures":{
    "hair":"silverchalice"
  },
  "textureSizes":{
    "hair":[
      48,
      48
    ]
  },
  "elements":[
    {
      "name":"hideme",
      "from":[
        -0.0,
        -0.0,
        0.0
      ],
      "to":[
        1.0,
        1.0,
        1.0
      ],
      "rotationOrigin":[
        -0.0,
        -0.0,
        0.0
      ],
      "stepParentName":"Head",
      "group":"neatbraid",
      "faces":{},
      "children":[
        {
          "name":"BraidBack",
          "from":[
            4.55,
            -4.35,
            2.0
          ],
          "to":[
            5.55,
            2.65,
            3.0
          ],
          "rotationOrigin":[
            5.05,
            2.65,
            2.5
          ],
          "rotationZ":14.0,
          "group":"neatbraid",
          "faces":{
            "north":{
              "texture":"#hair",
              "uv":[
                24.0,
                31.0,
                25.0,
                38.0
              ],
              "autoUv":false
            },
            "east":{
              "texture":"#hair",
              "uv":[
                25.0,
                31.0,
                26.0,
                38.0
              ],
              "autoUv":false
            },
            "south":{
              "texture":"#hair",
              "uv":[
                26.0,
                31.0,
                27.0,
                38.0
              ],
              "autoUv":false
            },
            "west":{
              "texture":"#hair",
              "uv":[
                27.0,
                31.0,
                28.0,
                38.0
              ],
              "autoUv":false
            }
          },
          "children":[
            {
              "name":"Braid2",
              "from":[
                0.1,
                -6.8,
                0.1
              ],
              "to":[
                0.9,
                0.2,
                0.9
              ],
              "rotationOrigin":[
                0.5,
                0.2,
                0.5
              ],
              "rotationZ":-14.0,
              "group":"neatbraid",
              "faces":{
                "north":{
                  "texture":"#hair",
                  "uv":[
                    25.0,
                    35.0,
                    26.0,
                    42.0
                  ],
                  "autoUv":false
                },
                "east":{
                  "texture":"#hair",
                  "uv":[
                    24.0,
                    35.0,
                    25.0,
                    42.0
                  ],
                  "autoUv":false
                },
                "south":{
                  "texture":"#hair",
                  "uv":[
                    26.0,
                    35.0,
                    27.0,
                    42.0
                  ],
                  "autoUv":false
                },
                "west":{
                  "texture":"#hair",
                  "uv":[
                    27.0,
                    35.0,
                    28.0,
                    42.0
                  ],
                  "autoUv":false
                }
              },
              "children":[]
            }
          ]
        }
      ]
    }
  ],
  "groups":[]
}