{
  "textureWidth":48,
  "textureHeight":48,
  "textures":{
    "hair":"silverchalice"
  },
  "textureSizes":{
    "hair":[
      48,
      48
    ]
  },
  "elements":[
    {
      "name":"hideme",
      "from":[
        -0.0,
        -0.0,
        0.0
      ],
      "to":[
        1.0,
        1.0,
        1.0
      ],
      "rotationOrigin":[
        -0.0,
        -0.0,
        0.0
      ],
      "stepParentName":"Head",
      "group":"ponytail",
      "faces":{},
      "children":[
        {
          "name":"BraidBack.001",
          "from":[
            4.38,
            -4.3,
            1.5
          ],
          "to":[
            5.88,
            0.7,
            3.0
          ],
          "rotationOrigin":[
            4.88,
            2.7,
            2.0
          ],
          "rotationX":8.0,
          "rotationY":-0.0,
          "rotationZ":11.0,
          "group":"ponytail",
          "faces":{
            "north":{
              "texture":"#hair",
              "uv":[
                36.5,
                15.5,
                38.0,
                20.5
              ],
              "autoUv":false
            },
            "east":{
              "texture":"#hair",
              "uv":[
                38.0,
                15.5,
                39.5,
                20.5
              ],
              "autoUv":false
            },
            "south":{
              "texture":"#hair",
              "uv":[
                39.5,
                15.5,
                41.0,
                20.5
              ],
              "autoUv":false
            },
            "west":{
              "texture":"#hair",
              "uv":[
                41.0,
                15.5,
                42.5,
                20.5
              ],
              "autoUv":false
            }
          },
          "children":[]
        },
        {
          "name":"BraidBack4",
          "from":[
            4.38,
            -4.3,
            1.8
          ],
          "to":[
            5.88,
            1.2,
            3.3
          ],
          "rotationOrigin":[
            4.88,
            2.6,
            2.3
          ],
          "rotationX":-8.0,
          "rotationY":-0.0,
          "rotationZ":17.0,
          "group":"ponytail",
          "faces":{
            "north":{
              "texture":"#hair",
              "uv":[
                37.0,
                15.0,
                38.5,
                20.5
              ],
              "autoUv":false
            },
            "east":{
              "texture":"#hair",
              "uv":[
                38.5,
                15.0,
                40.0,
                20.5
              ],
              "autoUv":false
            },
            "south":{
              "texture":"#hair",
              "uv":[
                40.0,
                15.0,
                41.5,
                20.5
              ],
              "autoUv":false
            },
            "west":{
              "texture":"#hair",
              "uv":[
                41.5,
                15.0,
                43.0,
                20.5
              ],
              "autoUv":false
            }
          },
          "children":[]
        },
        {
          "name":"BraidBack5",
          "from":[
            3.78,
            -3.2,
            1.6
          ],
          "to":[
            5.28,
            1.8,
            3.1
          ],
          "rotationOrigin":[
            5.28,
            2.8,
            2.1
          ],
          "rotationZ":31.0,
          "group":"ponytail",
          "faces":{
            "north":{
              "texture":"#hair",
              "uv":[
                37.0,
                16.5,
                38.5,
                21.5
              ],
              "autoUv":false
            },
            "east":{
              "texture":"#hair",
              "uv":[
                38.5,
                16.5,
                40.0,
                21.5
              ],
              "autoUv":false
            },
            "south":{
              "texture":"#hair",
              "uv":[
                40.0,
                16.5,
                41.5,
                21.5
              ],
              "autoUv":false
            },
            "west":{
              "texture":"#hair",
              "uv":[
                41.5,
                16.5,
                43.0,
                21.5
              ],
              "autoUv":false
            }
          },
          "children":[]
        },
        {
          "name":"BraidLowupper",
          "from":[
            3.48,
            -0.5,
            1.2
          ],
          "to":[
            5.48,
            2.0,
            3.6
          ],
          "rotationOrigin":[
            4.48,
            2.0,
            2.2
          ],
          "rotationZ":41.0,
          "group":"ponytail",
          "faces":{
            "north":{
              "texture":"#hair",
              "uv":[
                19.0,
                10.5,
                21.0,
                13.0
              ],
              "autoUv":false
            },
            "east":{
              "texture":"#hair",
              "uv":[
                21.0,
                10.5,
                23.0,
                13.0
              ],
              "autoUv":false
            },
            "south":{
              "texture":"#hair",
              "uv":[
                23.0,
                10.5,
                25.0,
                13.0
              ],
              "autoUv":false
            }
          },
          "children":[]
        },
        {
          "name":"ponytailhigh.004",
          "from":[
            3.48,
            0.8,
            1.3
          ],
          "to":[
            5.48,
            3.3,
            3.5
          ],
          "rotationOrigin":[
            4.48,
            3.3,
            2.3
          ],
          "rotationZ":41.0,
          "group":"ponytail",
          "faces":{
            "north":{
              "texture":"#hair",
              "uv":[
                19.0,
                10.5,
                21.0,
                13.0
              ],
              "autoUv":false
            },
            "east":{
              "texture":"#hair",
              "uv":[
                21.0,
                10.5,
                23.0,
                13.0
              ],
              "autoUv":false
            },
            "south":{
              "texture":"#hair",
              "uv":[
                23.0,
                10.5,
                25.0,
                13.0
              ],
              "autoUv":false
            }
          },
          "children":[]
        }
      ]
    }
  ],
  "groups":[]
}