{
  "textureWidth":48,
  "textureHeight":48,
  "textures":{
    "hair":"silverchalice"
  },
  "textureSizes":{
    "hair":[
      48,
      48
    ]
  },
  "elements":[
    {
      "name":"hideme",
      "from":[
        -0.0,
        -0.0,
        0.0
      ],
      "to":[
        1.0,
        1.0,
        1.0
      ],
      "rotationOrigin":[
        -0.0,
        -0.0,
        0.0
      ],
      "stepParentName":"Head",
      "group":"rolledbraidwithbun",
      "faces":{},
      "children":[
        {
          "name":"hideme.002",
          "from":[
            0.0,
            -0.0,
            -0.0
          ],
          "to":[
            1.0,
            1.0,
            1.0
          ],
          "rotationOrigin":[
            0.0,
            -0.0,
            -0.0
          ],
          "group":"rolledbraidwithbun",
          "faces":{},
          "children":[
            {
              "name":"RolledBraid",
              "from":[
                0.69,
                2.7,
                -0.8
              ],
              "to":[
                6.8,
                3.7,
                5.8
              ],
              "rotationOrigin":[
                3.4,
                2.7,
                2.5
              ],
              "rotationZ":-36.0,
              "group":"rolledbraidwithbun",
              "faces":{
                "north":{
                  "texture":"#hair",
                  "uv":[
                    19.5,
                    34.5,
                    26.5,
                    35.5
                  ],
                  "autoUv":false
                },
                "east":{
                  "texture":"#hair",
                  "uv":[
                    17.0,
                    35.0,
                    23.5,
                    36.0
                  ],
                  "autoUv":false
                },
                "south":{
                  "texture":"#hair",
                  "uv":[
                    16.0,
                    32.0,
                    23.0,
                    33.0
                  ],
                  "autoUv":false
                },
                "west":{
                  "texture":"#hair",
                  "uv":[
                    18.5,
                    33.5,
                    25.0,
                    34.5
                  ],
                  "autoUv":false
                },
                "down":{
                  "texture":"#hair",
                  "uv":[
                    28.5,
                    37.5,
                    21.5,
                    31.0
                  ],
                  "autoUv":false
                },
                "up":{
                  "texture":"#hair",
                  "uv":[
                    20.0,
                    31.5,
                    27.0,
                    38.0
                  ],
                  "autoUv":false
                }
              },
              "children":[]
            }
          ]
        },
        {
          "name":"ponytail1.001",
          "from":[
            4.93,
            0.4,
            1.5
          ],
          "to":[
            6.93,
            2.8,
            3.5
          ],
          "rotationOrigin":[
            5.33,
            1.4,
            2.5
          ],
          "rotationZ":-15.0,
          "group":"rolledbraidwithbun",
          "faces":{
            "north":{
              "texture":"#hair",
              "uv":[
                22.0,
                33.5,
                24.0,
                35.5
              ],
              "autoUv":false
            },
            "east":{
              "texture":"#hair",
              "uv":[
                24.0,
                33.5,
                26.0,
                35.5
              ],
              "autoUv":false
            },
            "south":{
              "texture":"#hair",
              "uv":[
                26.0,
                33.5,
                28.0,
                35.5
              ],
              "autoUv":false
            },
            "down":{
              "texture":"#hair",
              "uv":[
                26.0,
                33.5,
                24.0,
                31.5
              ],
              "autoUv":false
            },
            "up":{
              "texture":"#hair",
              "uv":[
                22.0,
                31.5,
                24.0,
                33.5
              ],
              "autoUv":false
            }
          },
          "children":[
            {
              "name":"Messy",
              "from":[
                1.15,
                1.66,
                -0.7
              ],
              "to":[
                4.15,
                1.66,
                2.3
              ],
              "rotationOrigin":[
                0.15,
                1.66,
                0.8
              ],
              "rotationZ":-60.0,
              "group":"rolledbraidwithbun",
              "faces":{
                "up":{
                  "texture":"#hair",
                  "uv":[
                    21.5,
                    10.5,
                    24.5,
                    13.5
                  ],
                  "autoUv":false,
                  "rotation":270
                }
              },
              "children":[]
            }
          ]
        }
      ]
    }
  ],
  "groups":[]
}