{
  "textureWidth":48,
  "textureHeight":48,
  "textures":{
    "hair":"silverchalice"
  },
  "textureSizes":{
    "hair":[
      48,
      48
    ]
  },
  "elements":[
    {
      "name":"hideme",
      "from":[
        -0.0,
        -0.0,
        0.0
      ],
      "to":[
        1.0,
        1.0,
        1.0
      ],
      "rotationOrigin":[
        -0.0,
        -0.0,
        0.0
      ],
      "stepParentName":"Head",
      "group":"shortmessybraid",
      "faces":{},
      "children":[
        {
          "name":"BraidBack.002",
          "from":[
            4.73,
            -3.3,
            1.9
          ],
          "to":[
            5.73,
            2.7,
            2.9
          ],
          "rotationOrigin":[
            5.23,
            2.7,
            2.4
          ],
          "rotationZ":14.0,
          "group":"shortmessybraid",
          "faces":{
            "north":{
              "texture":"#hair",
              "uv":[
                24.0,
                31.0,
                25.0,
                37.0
              ],
              "autoUv":false
            },
            "east":{
              "texture":"#hair",
              "uv":[
                25.0,
                31.0,
                26.0,
                37.0
              ],
              "autoUv":false
            },
            "south":{
              "texture":"#hair",
              "uv":[
                26.0,
                31.0,
                27.0,
                37.0
              ],
              "autoUv":false
            },
            "west":{
              "texture":"#hair",
              "uv":[
                27.0,
                31.0,
                28.0,
                37.0
              ],
              "autoUv":false
            }
          },
          "children":[
            {
              "name":"Braid2.001",
              "from":[
                0.1,
                -4.8,
                0.1
              ],
              "to":[
                0.9,
                0.2,
                0.9
              ],
              "rotationOrigin":[
                0.5,
                0.2,
                0.5
              ],
              "rotationZ":-14.0,
              "group":"shortmessybraid",
              "faces":{
                "north":{
                  "texture":"#hair",
                  "uv":[
                    24.0,
                    37.0,
                    25.0,
                    42.0
                  ],
                  "autoUv":false
                },
                "east":{
                  "texture":"#hair",
                  "uv":[
                    26.0,
                    37.0,
                    27.0,
                    42.0
                  ],
                  "autoUv":false
                },
                "south":{
                  "texture":"#hair",
                  "uv":[
                    25.0,
                    37.0,
                    26.0,
                    42.0
                  ],
                  "autoUv":false
                },
                "west":{
                  "texture":"#hair",
                  "uv":[
                    27.0,
                    37.0,
                    28.0,
                    42.0
                  ],
                  "autoUv":false
                }
              },
              "children":[]
            },
            {
              "name":"ponytailhigh.005",
              "from":[
                -1.0,
                4.0,
                -0.5
              ],
              "to":[
                1.0,
                6.0,
                1.5
              ],
              "rotationOrigin":[
                0.0,
                6.0,
                0.5
              ],
              "rotationZ":42.0,
              "group":"shortmessybraid",
              "faces":{
                "north":{
                  "texture":"#hair",
                  "uv":[
                    19.5,
                    11.5,
                    21.5,
                    13.5
                  ],
                  "autoUv":false
                },
                "east":{
                  "texture":"#hair",
                  "uv":[
                    21.5,
                    11.5,
                    23.5,
                    13.5
                  ],
                  "autoUv":false
                },
                "south":{
                  "texture":"#hair",
                  "uv":[
                    23.5,
                    11.5,
                    25.5,
                    13.5
                  ],
                  "autoUv":false
                }
              },
              "children":[]
            }
          ]
        }
      ]
    }
  ],
  "groups":[]
}