{
  "textureWidth":48,
  "textureHeight":48,
  "textures":{
    "hair":"silverchalice"
  },
  "textureSizes":{
    "hair":[
      48,
      48
    ]
  },
  "elements":[
    {
      "name":"hideme",
      "from":[
        -0.0,
        -0.0,
        0.0
      ],
      "to":[
        1.0,
        1.0,
        1.0
      ],
      "rotationOrigin":[
        -0.0,
        -0.0,
        0.0
      ],
      "stepParentName":"Head",
      "group":"siderolls",
      "faces":{},
      "children":[
        {
          "name":"RollLeft",
          "from":[
            1.49,
            0.76,
            5.0
          ],
          "to":[
            4.49,
            3.76,
            6.5
          ],
          "rotationOrigin":[
            2.99,
            2.26,
            5.0
          ],
          "rotationZ":40.0,
          "group":"siderolls",
          "faces":{
            "east":{
              "texture":"#hair",
              "uv":[
                19.5,
                33.5,
                21.0,
                36.5
              ],
              "autoUv":false
            },
            "south":{
              "texture":"#hair",
              "uv":[
                21.0,
                33.5,
                24.0,
                36.5
              ],
              "autoUv":false
            },
            "west":{
              "texture":"#hair",
              "uv":[
                24.0,
                33.5,
                25.5,
                36.5
              ],
              "autoUv":false
            },
            "down":{
              "texture":"#hair",
              "uv":[
                25.5,
                33.5,
                22.5,
                32.0
              ],
              "autoUv":false
            },
            "up":{
              "texture":"#hair",
              "uv":[
                19.5,
                32.0,
                22.5,
                33.5
              ],
              "autoUv":false
            }
          },
          "children":[
            {
              "name":"RollLeft2",
              "from":[
                0.5,
                0.5,
                1.5
              ],
              "to":[
                2.5,
                2.5,
                2.0
              ],
              "rotationOrigin":[
                1.5,
                1.5,
                1.5
              ],
              "group":"siderolls",
              "faces":{
                "east":{
                  "texture":"#hair",
                  "uv":[
                    3.5,
                    37.0,
                    4.0,
                    39.0
                  ],
                  "autoUv":false
                },
                "south":{
                  "texture":"#hair",
                  "uv":[
                    4.0,
                    37.0,
                    6.0,
                    39.0
                  ],
                  "autoUv":false
                },
                "west":{
                  "texture":"#hair",
                  "uv":[
                    6.0,
                    37.0,
                    6.5,
                    39.0
                  ],
                  "autoUv":false
                },
                "down":{
                  "texture":"#hair",
                  "uv":[
                    5.5,
                    37.0,
                    3.5,
                    36.5
                  ],
                  "autoUv":false
                },
                "up":{
                  "texture":"#hair",
                  "uv":[
                    1.5,
                    36.5,
                    3.5,
                    37.0
                  ],
                  "autoUv":false
                }
              },
              "children":[]
            }
          ]
        },
        {
          "name":"RollRight",
          "from":[
            1.49,
            0.76,
            -1.5
          ],
          "to":[
            4.49,
            3.76,
            -0.0
          ],
          "rotationOrigin":[
            2.99,
            2.26,
            -1.1
          ],
          "rotationZ":40.0,
          "group":"siderolls",
          "faces":{
            "north":{
              "texture":"#hair",
              "uv":[
                19.5,
                33.5,
                22.5,
                36.5
              ],
              "autoUv":false
            },
            "east":{
              "texture":"#hair",
              "uv":[
                22.5,
                33.5,
                24.0,
                36.5
              ],
              "autoUv":false
            },
            "west":{
              "texture":"#hair",
              "uv":[
                24.0,
                33.5,
                25.5,
                36.5
              ],
              "autoUv":false
            },
            "down":{
              "texture":"#hair",
              "uv":[
                25.5,
                33.5,
                22.5,
                32.0
              ],
              "autoUv":false
            },
            "up":{
              "texture":"#hair",
              "uv":[
                19.5,
                32.0,
                22.5,
                33.5
              ],
              "autoUv":false
            }
          },
          "children":[
            {
              "name":"RollRight2",
              "from":[
                0.5,
                0.5,
                -0.5
              ],
              "to":[
                2.5,
                2.5,
                -0.0
              ],
              "rotationOrigin":[
                1.5,
                1.5,
                -0.0
              ],
              "group":"siderolls",
              "faces":{
                "north":{
                  "texture":"#hair",
                  "uv":[
                    17.0,
                    33.5,
                    19.0,
                    35.5
                  ],
                  "autoUv":false
                },
                "east":{
                  "texture":"#hair",
                  "uv":[
                    19.0,
                    33.5,
                    19.5,
                    35.5
                  ],
                  "autoUv":false
                },
                "west":{
                  "texture":"#hair",
                  "uv":[
                    21.5,
                    33.5,
                    22.0,
                    35.5
                  ],
                  "autoUv":false
                },
                "down":{
                  "texture":"#hair",
                  "uv":[
                    21.0,
                    33.5,
                    19.0,
                    33.0
                  ],
                  "autoUv":false
                },
                "up":{
                  "texture":"#hair",
                  "uv":[
                    17.0,
                    33.0,
                    19.0,
                    33.5
                  ],
                  "autoUv":false
                }
              },
              "children":[]
            }
          ]
        }
      ]
    }
  ],
  "groups":[]
}