{
  "textureWidth":48,
  "textureHeight":48,
  "textures":{
    "hair":"silverchalice"
  },
  "textureSizes":{
    "hair":[
      48,
      48
    ]
  },
  "elements":[
    {
      "name":"hideme",
      "from":[
        -0.0,
        -0.0,
        0.0
      ],
      "to":[
        1.0,
        1.0,
        1.0
      ],
      "rotationOrigin":[
        -0.0,
        -0.0,
        0.0
      ],
      "stepParentName":"Head",
      "group":"sidebraids",
      "faces":{},
      "children":[
        {
          "name":"BraidFrontLeft",
          "from":[
            3.3,
            -1.6,
            4.2
          ],
          "to":[
            4.3,
            2.4,
            5.2
          ],
          "rotationOrigin":[
            3.6,
            2.4,
            4.5
          ],
          "rotationX":-0.0,
          "rotationY":30.0,
          "rotationZ":-50.0,
          "group":"sidebraids",
          "faces":{
            "north":{
              "texture":"#hair",
              "uv":[
                23.5,
                33.0,
                24.5,
                37.0
              ],
              "autoUv":false
            },
            "east":{
              "texture":"#hair",
              "uv":[
                24.5,
                33.0,
                25.5,
                37.0
              ],
              "autoUv":false
            },
            "south":{
              "texture":"#hair",
              "uv":[
                25.5,
                33.0,
                26.5,
                37.0
              ],
              "autoUv":false
            },
            "west":{
              "texture":"#hair",
              "uv":[
                26.5,
                33.0,
                27.5,
                37.0
              ],
              "autoUv":false
            },
            "down":{
              "texture":"#hair",
              "uv":[
                25.5,
                33.0,
                24.5,
                32.0
              ],
              "autoUv":false
            },
            "up":{
              "texture":"#hair",
              "uv":[
                23.5,
                32.0,
                24.5,
                33.0
              ],
              "autoUv":false
            }
          },
          "children":[
            {
              "name":"BraidFrontLEnd",
              "from":[
                0.1,
                -4.6,
                0.1
              ],
              "to":[
                0.9,
                0.4,
                0.9
              ],
              "rotationOrigin":[
                0.4,
                0.4,
                0.4
              ],
              "rotationX":-0.0,
              "rotationY":0.0,
              "rotationZ":40.0,
              "group":"sidebraids",
              "faces":{
                "north":{
                  "texture":"#hair",
                  "uv":[
                    24.0,
                    37.0,
                    25.0,
                    42.0
                  ],
                  "autoUv":false
                },
                "east":{
                  "texture":"#hair",
                  "uv":[
                    25.0,
                    37.0,
                    26.0,
                    42.0
                  ],
                  "autoUv":false
                },
                "south":{
                  "texture":"#hair",
                  "uv":[
                    26.0,
                    37.0,
                    27.0,
                    42.0
                  ],
                  "autoUv":false
                },
                "west":{
                  "texture":"#hair",
                  "uv":[
                    27.0,
                    37.0,
                    28.0,
                    42.0
                  ],
                  "autoUv":false
                }
              },
              "children":[]
            }
          ]
        },
        {
          "name":"BraidFrontRight",
          "from":[
            3.3,
            -1.6,
            -0.2
          ],
          "to":[
            4.3,
            2.4,
            0.8
          ],
          "rotationOrigin":[
            3.6,
            2.4,
            0.1
          ],
          "rotationX":0.0,
          "rotationY":-30.0,
          "rotationZ":-50.0,
          "group":"sidebraids",
          "faces":{
            "north":{
              "texture":"#hair",
              "uv":[
                20.0,
                32.5,
                21.0,
                36.5
              ],
              "autoUv":false
            },
            "east":{
              "texture":"#hair",
              "uv":[
                21.0,
                32.5,
                22.0,
                36.5
              ],
              "autoUv":false
            },
            "south":{
              "texture":"#hair",
              "uv":[
                22.0,
                32.5,
                23.0,
                36.5
              ],
              "autoUv":false
            },
            "west":{
              "texture":"#hair",
              "uv":[
                23.0,
                32.5,
                24.0,
                36.5
              ],
              "autoUv":false
            },
            "down":{
              "texture":"#hair",
              "uv":[
                22.0,
                32.5,
                21.0,
                31.5
              ],
              "autoUv":false
            },
            "up":{
              "texture":"#hair",
              "uv":[
                20.0,
                31.5,
                21.0,
                32.5
              ],
              "autoUv":false
            }
          },
          "children":[
            {
              "name":"BraidFrontREnd",
              "from":[
                0.1,
                -4.6,
                0.1
              ],
              "to":[
                0.9,
                0.4,
                0.9
              ],
              "rotationOrigin":[
                0.4,
                0.4,
                0.4
              ],
              "rotationX":0.0,
              "rotationY":-0.0,
              "rotationZ":40.0,
              "group":"sidebraids",
              "faces":{
                "north":{
                  "texture":"#hair",
                  "uv":[
                    24.0,
                    37.0,
                    25.0,
                    42.0
                  ],
                  "autoUv":false
                },
                "east":{
                  "texture":"#hair",
                  "uv":[
                    25.0,
                    37.0,
                    26.0,
                    42.0
                  ],
                  "autoUv":false
                },
                "south":{
                  "texture":"#hair",
                  "uv":[
                    26.0,
                    37.0,
                    27.0,
                    42.0
                  ],
                  "autoUv":false
                },
                "west":{
                  "texture":"#hair",
                  "uv":[
                    27.0,
                    37.0,
                    28.0,
                    42.0
                  ],
                  "autoUv":false
                }
              },
              "children":[]
            }
          ]
        }
      ]
    }
  ],
  "groups":[]
}