{
  "textureWidth":48,
  "textureHeight":48,
  "textures":{
    "hair":"silverchalice"
  },
  "textureSizes":{
    "hair":[
      48,
      48
    ]
  },
  "elements":[
    {
      "name":"hideme",
      "from":[
        -0.0,
        -0.0,
        0.0
      ],
      "to":[
        1.0,
        1.0,
        1.0
      ],
      "rotationOrigin":[
        -0.0,
        -0.0,
        0.0
      ],
      "stepParentName":"Head",
      "group":"snood",
      "faces":{},
      "children":[
        {
          "name":"HairSnood.001",
          "from":[
            5.04,
            -1.3,
            0.5
          ],
          "to":[
            7.04,
            3.7,
            4.5
          ],
          "rotationOrigin":[
            5.04,
            1.7,
            2.5
          ],
          "rotationZ":-8.0,
          "group":"snood",
          "faces":{
            "north":{
              "texture":"#hair",
              "uv":[
                25.5,
                31.5,
                27.5,
                36.5
              ],
              "autoUv":false
            },
            "east":{
              "texture":"#hair",
              "uv":[
                21.5,
                32.0,
                25.5,
                37.0
              ],
              "autoUv":false
            },
            "south":{
              "texture":"#hair",
              "uv":[
                18.5,
                31.0,
                20.5,
                36.0
              ],
              "autoUv":false
            },
            "west":{
              "texture":"#hair",
              "uv":[
                20.0,
                31.5,
                24.0,
                36.5
              ],
              "autoUv":false
            },
            "down":{
              "texture":"#hair",
              "uv":[
                23.0,
                36.5,
                21.0,
                32.5
              ],
              "autoUv":false
            },
            "up":{
              "texture":"#hair",
              "uv":[
                24.0,
                33.5,
                26.0,
                37.5
              ],
              "autoUv":false
            }
          },
          "children":[
            {
              "name":"Cube1.002",
              "from":[
                2.0,
                0.5,
                0.5
              ],
              "to":[
                2.5,
                4.5,
                3.5
              ],
              "rotationOrigin":[
                2.0,
                2.5,
                2.0
              ],
              "group":"snood",
              "faces":{
                "north":{
                  "texture":"#hair",
                  "uv":[
                    16.0,
                    32.0,
                    16.5,
                    36.0
                  ],
                  "autoUv":false
                },
                "east":{
                  "texture":"#hair",
                  "uv":[
                    16.5,
                    32.0,
                    19.5,
                    36.0
                  ],
                  "autoUv":false
                },
                "south":{
                  "texture":"#hair",
                  "uv":[
                    19.5,
                    32.0,
                    20.0,
                    36.0
                  ],
                  "autoUv":false
                },
                "down":{
                  "texture":"#hair",
                  "uv":[
                    6.0,
                    39.5,
                    5.5,
                    36.5
                  ],
                  "autoUv":false
                },
                "up":{
                  "texture":"#hair",
                  "uv":[
                    3.5,
                    37.0,
                    4.0,
                    40.0
                  ],
                  "autoUv":false
                }
              },
              "children":[]
            }
          ]
        }
      ]
    }
  ],
  "groups":[]
}