{
  "textureWidth":48,
  "textureHeight":48,
  "textures":{
    "hair":"silverchalice"
  },
  "textureSizes":{
    "hair":[
      48,
      48
    ]
  },
  "elements":[
    {
      "name":"hideme",
      "from":[
        -0.0,
        -0.0,
        0.0
      ],
      "to":[
        1.0,
        1.0,
        1.0
      ],
      "rotationOrigin":[
        -0.0,
        -0.0,
        0.0
      ],
      "stepParentName":"Head",
      "group":"thickmessybraid",
      "faces":{},
      "children":[
        {
          "name":"BraidBack.003",
          "from":[
            4.11,
            -3.3,
            1.5
          ],
          "to":[
            5.61,
            0.7,
            3.5
          ],
          "rotationOrigin":[
            4.61,
            2.7,
            2.0
          ],
          "rotationZ":14.0,
          "group":"thickmessybraid",
          "faces":{
            "north":{
              "texture":"#hair",
              "uv":[
                21.0,
                31.0,
                22.5,
                35.0
              ],
              "autoUv":false
            },
            "east":{
              "texture":"#hair",
              "uv":[
                22.5,
                31.0,
                24.5,
                35.0
              ],
              "autoUv":false
            },
            "south":{
              "texture":"#hair",
              "uv":[
                24.5,
                31.0,
                26.0,
                35.0
              ],
              "autoUv":false
            },
            "west":{
              "texture":"#hair",
              "uv":[
                26.0,
                31.0,
                28.0,
                35.0
              ],
              "autoUv":false
            }
          },
          "children":[
            {
              "name":"Braid2.002",
              "from":[
                0.1,
                -4.8,
                0.2
              ],
              "to":[
                1.1,
                0.7,
                1.8
              ],
              "rotationOrigin":[
                0.5,
                0.2,
                0.6
              ],
              "rotationZ":-14.0,
              "group":"thickmessybraid",
              "faces":{
                "north":{
                  "texture":"#hair",
                  "uv":[
                    28.5,
                    38.5,
                    29.5,
                    44.0
                  ],
                  "autoUv":false
                },
                "east":{
                  "texture":"#hair",
                  "uv":[
                    29.5,
                    38.5,
                    31.0,
                    44.0
                  ],
                  "autoUv":false
                },
                "south":{
                  "texture":"#hair",
                  "uv":[
                    31.0,
                    38.5,
                    32.0,
                    44.0
                  ],
                  "autoUv":false
                },
                "west":{
                  "texture":"#hair",
                  "uv":[
                    32.0,
                    38.5,
                    33.5,
                    44.0
                  ],
                  "autoUv":false
                }
              },
              "children":[]
            },
            {
              "name":"Braid5",
              "from":[
                0.5,
                0.4,
                -0.1
              ],
              "to":[
                1.5,
                3.9,
                2.1
              ],
              "rotationOrigin":[
                0.9,
                3.9,
                0.3
              ],
              "rotationZ":10.0,
              "group":"thickmessybraid",
              "faces":{
                "north":{
                  "texture":"#hair",
                  "uv":[
                    37.5,
                    19.0,
                    38.5,
                    22.5
                  ],
                  "autoUv":false
                },
                "east":{
                  "texture":"#hair",
                  "uv":[
                    38.5,
                    19.0,
                    40.5,
                    22.5
                  ],
                  "autoUv":false
                },
                "south":{
                  "texture":"#hair",
                  "uv":[
                    40.5,
                    19.0,
                    41.5,
                    22.5
                  ],
                  "autoUv":false
                }
              },
              "children":[]
            },
            {
              "name":"Braid6",
              "from":[
                0.5,
                -2.6,
                -0.1
              ],
              "to":[
                1.5,
                0.9,
                2.1
              ],
              "rotationOrigin":[
                0.9,
                0.9,
                0.3
              ],
              "rotationZ":-10.0,
              "group":"thickmessybraid",
              "faces":{
                "north":{
                  "texture":"#hair",
                  "uv":[
                    37.5,
                    19.0,
                    38.5,
                    22.5
                  ],
                  "autoUv":false
                },
                "east":{
                  "texture":"#hair",
                  "uv":[
                    38.5,
                    19.0,
                    40.5,
                    22.5
                  ],
                  "autoUv":false
                },
                "south":{
                  "texture":"#hair",
                  "uv":[
                    40.5,
                    19.0,
                    41.5,
                    22.5
                  ],
                  "autoUv":false
                }
              },
              "children":[]
            },
            {
              "name":"Braid7",
              "from":[
                0.2,
                1.5,
                2.0
              ],
              "to":[
                1.2,
                6.0,
                3.0
              ],
              "rotationOrigin":[
                0.6,
                6.0,
                2.5
              ],
              "rotationX":12.0,
              "rotationY":-0.0,
              "rotationZ":2.0,
              "group":"thickmessybraid",
              "faces":{
                "north":{
                  "texture":"#hair",
                  "uv":[
                    17.0,
                    31.0,
                    18.0,
                    35.5
                  ],
                  "autoUv":false
                },
                "east":{
                  "texture":"#hair",
                  "uv":[
                    18.0,
                    31.0,
                    19.0,
                    35.5
                  ],
                  "autoUv":false
                },
                "south":{
                  "texture":"#hair",
                  "uv":[
                    19.0,
                    31.0,
                    20.0,
                    35.5
                  ],
                  "autoUv":false
                },
                "west":{
                  "texture":"#hair",
                  "uv":[
                    20.0,
                    31.0,
                    21.0,
                    35.5
                  ],
                  "autoUv":false
                }
              },
              "children":[]
            },
            {
              "name":"Braid8",
              "from":[
                0.2,
                1.5,
                -1.0
              ],
              "to":[
                1.2,
                6.0,
                0.0
              ],
              "rotationOrigin":[
                0.6,
                6.0,
                -0.5
              ],
              "rotationX":-12.0,
              "rotationY":0.0,
              "rotationZ":2.0,
              "group":"thickmessybraid",
              "faces":{
                "north":{
                  "texture":"#hair",
                  "uv":[
                    16.0,
                    33.0,
                    17.0,
                    37.5
                  ],
                  "autoUv":false
                },
                "east":{
                  "texture":"#hair",
                  "uv":[
                    17.0,
                    33.0,
                    18.0,
                    37.5
                  ],
                  "autoUv":false
                },
                "south":{
                  "texture":"#hair",
                  "uv":[
                    18.0,
                    33.0,
                    19.0,
                    37.5
                  ],
                  "autoUv":false
                },
                "west":{
                  "texture":"#hair",
                  "uv":[
                    19.0,
                    33.0,
                    20.0,
                    37.5
                  ],
                  "autoUv":false
                }
              },
              "children":[]
            },
            {
              "name":"Braid9",
              "from":[
                -0.6,
                -6.1,
                0.5
              ],
              "to":[
                0.4,
                -2.6,
                1.5
              ],
              "rotationOrigin":[
                -0.2,
                -2.6,
                0.9
              ],
              "rotationZ":-20.0,
              "group":"thickmessybraid",
              "faces":{
                "north":{
                  "texture":"#hair",
                  "uv":[
                    16.0,
                    11.0,
                    17.0,
                    14.5
                  ],
                  "autoUv":false
                },
                "east":{
                  "texture":"#hair",
                  "uv":[
                    17.0,
                    11.0,
                    18.0,
                    14.5
                  ],
                  "autoUv":false
                },
                "south":{
                  "texture":"#hair",
                  "uv":[
                    18.0,
                    11.0,
                    19.0,
                    14.5
                  ],
                  "autoUv":false
                },
                "west":{
                  "texture":"#hair",
                  "uv":[
                    19.0,
                    11.0,
                    20.0,
                    14.5
                  ],
                  "autoUv":false
                }
              },
              "children":[]
            },
            {
              "name":"BraidBack3",
              "from":[
                0.0,
                4.0,
                0.0
              ],
              "to":[
                1.5,
                6.0,
                2.0
              ],
              "rotationOrigin":[
                1.5,
                4.0,
                0.5
              ],
              "rotationZ":17.0,
              "group":"thickmessybraid",
              "faces":{
                "north":{
                  "texture":"#hair",
                  "uv":[
                    21.0,
                    31.0,
                    22.5,
                    33.0
                  ],
                  "autoUv":false
                },
                "east":{
                  "texture":"#hair",
                  "uv":[
                    22.5,
                    31.0,
                    24.5,
                    33.0
                  ],
                  "autoUv":false
                },
                "south":{
                  "texture":"#hair",
                  "uv":[
                    24.5,
                    31.0,
                    26.0,
                    33.0
                  ],
                  "autoUv":false
                },
                "west":{
                  "texture":"#hair",
                  "uv":[
                    26.0,
                    31.0,
                    28.0,
                    33.0
                  ],
                  "autoUv":false
                }
              },
              "children":[]
            }
          ]
        },
        {
          "name":"ponytailhigh.008",
          "from":[
            0.0,
            -0.0,
            -0.0
          ],
          "to":[
            1.0,
            1.0,
            1.0
          ],
          "rotationOrigin":[
            0.0,
            -0.0,
            -0.0
          ],
          "group":"thickmessybraid",
          "faces":{},
          "children":[
            {
              "name":"BraidBack2",
              "from":[
                4.56,
                1.0,
                1.5
              ],
              "to":[
                6.06,
                4.0,
                3.5
              ],
              "rotationOrigin":[
                6.06,
                1.0,
                2.0
              ],
              "rotationZ":14.0,
              "group":"thickmessybraid",
              "faces":{
                "north":{
                  "texture":"#hair",
                  "uv":[
                    21.0,
                    31.0,
                    22.5,
                    34.0
                  ],
                  "autoUv":false
                },
                "east":{
                  "texture":"#hair",
                  "uv":[
                    22.5,
                    31.0,
                    24.5,
                    34.0
                  ],
                  "autoUv":false
                },
                "south":{
                  "texture":"#hair",
                  "uv":[
                    24.5,
                    31.0,
                    26.0,
                    34.0
                  ],
                  "autoUv":false
                },
                "west":{
                  "texture":"#hair",
                  "uv":[
                    26.0,
                    31.0,
                    28.0,
                    34.0
                  ],
                  "autoUv":false
                }
              },
              "children":[]
            },
            {
              "name":"BraidMessy",
              "from":[
                3.51,
                -0.32,
                1.3
              ],
              "to":[
                5.51,
                2.68,
                3.8
              ],
              "rotationOrigin":[
                4.51,
                2.68,
                2.3
              ],
              "rotationZ":39.0,
              "group":"thickmessybraid",
              "faces":{
                "north":{
                  "texture":"#hair",
                  "uv":[
                    19.5,
                    26.0,
                    21.5,
                    29.0
                  ],
                  "autoUv":false
                },
                "east":{
                  "texture":"#hair",
                  "uv":[
                    21.5,
                    26.0,
                    24.0,
                    29.0
                  ],
                  "autoUv":false
                },
                "south":{
                  "texture":"#hair",
                  "uv":[
                    24.0,
                    26.0,
                    26.0,
                    29.0
                  ],
                  "autoUv":false
                }
              },
              "children":[]
            }
          ]
        }
      ]
    }
  ],
  "groups":[]
}