{
  "textureWidth":48,
  "textureHeight":48,
  "textures":{
    "hair":"silverchalice"
  },
  "textureSizes":{
    "hair":[
      48,
      48
    ]
  },
  "elements":[
    {
      "name":"hideme",
      "from":[
        -0.0,
        -0.0,
        0.0
      ],
      "to":[
        1.0,
        1.0,
        1.0
      ],
      "rotationOrigin":[
        -0.0,
        -0.0,
        0.0
      ],
      "stepParentName":"Head",
      "group":"thicklongfrenchbraid",
      "faces":{},
      "children":[
        {
          "name":"ponytailhigh.007",
          "from":[
            0.0,
            -0.0,
            -0.0
          ],
          "to":[
            1.0,
            1.0,
            1.0
          ],
          "rotationOrigin":[
            0.0,
            -0.0,
            -0.0
          ],
          "group":"thicklongfrenchbraid",
          "faces":{},
          "children":[
            {
              "name":"BraidTop.001",
              "from":[
                1.53,
                4.29,
                1.75
              ],
              "to":[
                6.01,
                5.29,
                3.25
              ],
              "rotationOrigin":[
                6.53,
                4.29,
                2.3
              ],
              "rotationZ":11.0,
              "group":"thicklongfrenchbraid",
              "faces":{
                "north":{
                  "texture":"#hair",
                  "uv":[
                    17.0,
                    32.0,
                    22.0,
                    33.0
                  ],
                  "autoUv":false
                },
                "east":{
                  "texture":"#hair",
                  "uv":[
                    22.0,
                    32.0,
                    23.5,
                    33.0
                  ],
                  "autoUv":false
                },
                "south":{
                  "texture":"#hair",
                  "uv":[
                    19.5,
                    33.0,
                    24.5,
                    34.0
                  ],
                  "autoUv":false
                },
                "west":{
                  "texture":"#hair",
                  "uv":[
                    18.0,
                    0.0,
                    30.0,
                    12.0
                  ],
                  "autoUv":false,
                  "rotation":270
                },
                "down":{
                  "texture":"#hair",
                  "uv":[
                    18.0,
                    24.0,
                    6.0,
                    12.0
                  ],
                  "autoUv":false,
                  "rotation":270
                },
                "up":{
                  "texture":"#hair",
                  "uv":[
                    17.0,
                    31.0,
                    22.0,
                    32.5
                  ],
                  "autoUv":false
                }
              },
              "children":[]
            },
            {
              "name":"ponytailupper",
              "from":[
                4.45,
                0.37,
                1.5
              ],
              "to":[
                5.95,
                4.37,
                3.5
              ],
              "rotationOrigin":[
                5.15,
                4.37,
                2.2
              ],
              "rotationZ":11.0,
              "group":"thicklongfrenchbraid",
              "faces":{
                "north":{
                  "texture":"#hair",
                  "uv":[
                    26.0,
                    33.0,
                    27.5,
                    37.0
                  ],
                  "autoUv":false
                },
                "east":{
                  "texture":"#hair",
                  "uv":[
                    24.5,
                    32.5,
                    26.5,
                    36.5
                  ],
                  "autoUv":false
                },
                "south":{
                  "texture":"#hair",
                  "uv":[
                    26.0,
                    32.5,
                    27.5,
                    36.5
                  ],
                  "autoUv":false
                },
                "west":{
                  "texture":"#hair",
                  "uv":[
                    18.0,
                    0.0,
                    30.0,
                    12.0
                  ],
                  "autoUv":false,
                  "rotation":270
                },
                "down":{
                  "texture":"#hair",
                  "uv":[
                    26.0,
                    33.0,
                    24.5,
                    31.0
                  ],
                  "autoUv":false
                },
                "up":{
                  "texture":"#hair",
                  "uv":[
                    26.0,
                    31.0,
                    27.5,
                    33.0
                  ],
                  "autoUv":false
                }
              },
              "children":[]
            }
          ]
        },
        {
          "name":"ponytaillow.003",
          "from":[
            0.0,
            -0.0,
            -0.0
          ],
          "to":[
            1.0,
            1.0,
            1.0
          ],
          "rotationOrigin":[
            0.0,
            -0.0,
            -0.0
          ],
          "group":"thicklongfrenchbraid",
          "faces":{},
          "children":[
            {
              "name":"BraidBottom",
              "from":[
                5.42,
                -6.59,
                1.75
              ],
              "to":[
                6.42,
                -2.59,
                3.25
              ],
              "rotationOrigin":[
                5.72,
                -2.59,
                2.05
              ],
              "rotationX":-5.0,
              "rotationY":-0.17,
              "rotationZ":9.98,
              "group":"thicklongfrenchbraid",
              "faces":{
                "north":{
                  "texture":"#hair",
                  "uv":[
                    34.0,
                    38.5,
                    35.0,
                    42.5
                  ],
                  "autoUv":false
                },
                "east":{
                  "texture":"#hair",
                  "uv":[
                    35.0,
                    38.5,
                    36.5,
                    42.5
                  ],
                  "autoUv":false
                },
                "south":{
                  "texture":"#hair",
                  "uv":[
                    36.5,
                    38.5,
                    37.5,
                    42.5
                  ],
                  "autoUv":false
                },
                "west":{
                  "texture":"#hair",
                  "uv":[
                    37.5,
                    38.5,
                    39.0,
                    42.5
                  ],
                  "autoUv":false
                },
                "down":{
                  "texture":"#hair",
                  "uv":[
                    18.0,
                    24.0,
                    6.0,
                    12.0
                  ],
                  "autoUv":false,
                  "rotation":270
                },
                "up":{
                  "texture":"#hair",
                  "uv":[
                    30.0,
                    12.0,
                    42.0,
                    24.0
                  ],
                  "autoUv":false,
                  "rotation":270
                }
              },
              "children":[]
            },
            {
              "name":"BraidBottom6",
              "from":[
                5.42,
                -6.59,
                1.75
              ],
              "to":[
                6.42,
                -2.59,
                3.25
              ],
              "rotationOrigin":[
                5.72,
                -2.59,
                2.05
              ],
              "rotationX":5.0,
              "rotationY":0.17,
              "rotationZ":-7.02,
              "group":"thicklongfrenchbraid",
              "faces":{
                "north":{
                  "texture":"#hair",
                  "uv":[
                    34.0,
                    37.5,
                    35.0,
                    41.5
                  ],
                  "autoUv":false
                },
                "east":{
                  "texture":"#hair",
                  "uv":[
                    35.0,
                    37.5,
                    36.5,
                    41.5
                  ],
                  "autoUv":false
                },
                "south":{
                  "texture":"#hair",
                  "uv":[
                    36.5,
                    37.5,
                    37.5,
                    41.5
                  ],
                  "autoUv":false
                },
                "west":{
                  "texture":"#hair",
                  "uv":[
                    37.5,
                    37.5,
                    39.0,
                    41.5
                  ],
                  "autoUv":false
                },
                "down":{
                  "texture":"#hair",
                  "uv":[
                    18.0,
                    24.0,
                    6.0,
                    12.0
                  ],
                  "autoUv":false,
                  "rotation":270
                },
                "up":{
                  "texture":"#hair",
                  "uv":[
                    30.0,
                    12.0,
                    42.0,
                    24.0
                  ],
                  "autoUv":false,
                  "rotation":270
                }
              },
              "children":[]
            },
            {
              "name":"BraidEx2",
              "from":[
                5.08,
                -2.7,
                1.65
              ],
              "to":[
                6.58,
                0.61,
                3.35
              ],
              "rotationOrigin":[
                5.58,
                1.21,
                2.1
              ],
              "rotationZ":2.0,
              "group":"thicklongfrenchbraid",
              "faces":{
                "north":{
                  "texture":"#hair",
                  "uv":[
                    20.0,
                    32.5,
                    21.5,
                    36.5
                  ],
                  "autoUv":false
                },
                "east":{
                  "texture":"#hair",
                  "uv":[
                    21.5,
                    32.5,
                    23.0,
                    36.5
                  ],
                  "autoUv":false
                },
                "south":{
                  "texture":"#hair",
                  "uv":[
                    23.0,
                    32.5,
                    24.5,
                    36.5
                  ],
                  "autoUv":false
                },
                "west":{
                  "texture":"#hair",
                  "uv":[
                    24.5,
                    32.5,
                    26.0,
                    36.5
                  ],
                  "autoUv":false
                },
                "down":{
                  "texture":"#hair",
                  "uv":[
                    21.5,
                    32.5,
                    20.0,
                    31.0
                  ],
                  "autoUv":false
                },
                "up":{
                  "texture":"#hair",
                  "uv":[
                    30.0,
                    12.0,
                    42.0,
                    24.0
                  ],
                  "autoUv":false,
                  "rotation":270
                }
              },
              "children":[
                {
                  "name":"BraidExTop",
                  "from":[
                    0.84,
                    3.22,
                    0.05
                  ],
                  "to":[
                    2.34,
                    5.22,
                    1.65
                  ],
                  "rotationOrigin":[
                    2.34,
                    3.22,
                    0.45
                  ],
                  "rotationZ":45.0,
                  "group":"thicklongfrenchbraid",
                  "faces":{
                    "north":{
                      "texture":"#hair",
                      "uv":[
                        20.0,
                        32.5,
                        21.5,
                        34.5
                      ],
                      "autoUv":false
                    },
                    "east":{
                      "texture":"#hair",
                      "uv":[
                        21.5,
                        32.5,
                        23.0,
                        34.5
                      ],
                      "autoUv":false
                    },
                    "south":{
                      "texture":"#hair",
                      "uv":[
                        23.0,
                        32.5,
                        24.5,
                        34.5
                      ],
                      "autoUv":false
                    },
                    "west":{
                      "texture":"#hair",
                      "uv":[
                        24.5,
                        32.5,
                        26.0,
                        34.5
                      ],
                      "autoUv":false
                    },
                    "down":{
                      "texture":"#hair",
                      "uv":[
                        21.5,
                        32.5,
                        20.0,
                        31.0
                      ],
                      "autoUv":false
                    },
                    "up":{
                      "texture":"#hair",
                      "uv":[
                        30.0,
                        12.0,
                        42.0,
                        24.0
                      ],
                      "autoUv":false,
                      "rotation":270
                    }
                  },
                  "children":[]
                }
              ]
            }
          ]
        }
      ]
    }
  ],
  "groups":[]
}