{
  "textureWidth":48,
  "textureHeight":48,
  "textures":{
    "hair":"silverchalice"
  },
  "textureSizes":{
    "hair":[
      48,
      48
    ]
  },
  "elements":[
    {
      "name":"hideme",
      "from":[
        -0.0,
        -0.0,
        0.0
      ],
      "to":[
        1.0,
        1.0,
        1.0
      ],
      "rotationOrigin":[
        -0.0,
        -0.0,
        0.0
      ],
      "stepParentName":"Head",
      "group":"tieddreads",
      "faces":{},
      "children":[
        {
          "name":"Top",
          "from":[
            2.22,
            3.22,
            1.5
          ],
          "to":[
            6.72,
            4.22,
            3.5
          ],
          "rotationOrigin":[
            2.22,
            3.22,
            2.5
          ],
          "rotationZ":15.0,
          "group":"tieddreads",
          "faces":{
            "north":{
              "texture":"#hair",
              "uv":[
                28.0,
                35.5,
                32.5,
                36.5
              ],
              "autoUv":false
            },
            "east":{
              "texture":"#hair",
              "uv":[
                32.5,
                35.5,
                34.5,
                36.5
              ],
              "autoUv":false
            },
            "south":{
              "texture":"#hair",
              "uv":[
                34.5,
                35.5,
                39.0,
                36.5
              ],
              "autoUv":false
            },
            "down":{
              "texture":"#hair",
              "uv":[
                37.0,
                35.5,
                32.5,
                33.5
              ],
              "autoUv":false
            },
            "up":{
              "texture":"#hair",
              "uv":[
                28.0,
                33.5,
                32.5,
                35.5
              ],
              "autoUv":false
            }
          },
          "children":[
            {
              "name":"Dread1",
              "from":[
                3.5,
                -3.0,
                1.0
              ],
              "to":[
                4.0,
                -0.0,
                1.5
              ],
              "rotationOrigin":[
                3.75,
                -0.0,
                1.25
              ],
              "rotationX":-22.0,
              "rotationY":0.0,
              "rotationZ":28.0,
              "group":"tieddreads",
              "faces":{
                "north":{
                  "texture":"#hair",
                  "uv":[
                    36.0,
                    31.5,
                    36.5,
                    34.5
                  ],
                  "autoUv":false
                },
                "east":{
                  "texture":"#hair",
                  "uv":[
                    36.5,
                    31.5,
                    37.0,
                    34.5
                  ],
                  "autoUv":false
                },
                "south":{
                  "texture":"#hair",
                  "uv":[
                    37.0,
                    31.5,
                    37.5,
                    34.5
                  ],
                  "autoUv":false
                },
                "west":{
                  "texture":"#hair",
                  "uv":[
                    37.5,
                    31.5,
                    38.0,
                    34.5
                  ],
                  "autoUv":false
                },
                "down":{
                  "texture":"#hair",
                  "uv":[
                    36.5,
                    31.5,
                    36.0,
                    31.0
                  ],
                  "autoUv":false
                }
              },
              "children":[]
            },
            {
              "name":"Dread4",
              "from":[
                3.6,
                -2.0,
                1.4
              ],
              "to":[
                4.1,
                0.0,
                1.9
              ],
              "rotationOrigin":[
                3.85,
                0.0,
                1.65
              ],
              "rotationX":-47.0,
              "rotationY":0.0,
              "rotationZ":6.0,
              "group":"tieddreads",
              "faces":{
                "north":{
                  "texture":"#hair",
                  "uv":[
                    30.0,
                    32.0,
                    30.5,
                    34.0
                  ],
                  "autoUv":false
                },
                "east":{
                  "texture":"#hair",
                  "uv":[
                    30.5,
                    32.0,
                    31.0,
                    34.0
                  ],
                  "autoUv":false
                },
                "south":{
                  "texture":"#hair",
                  "uv":[
                    31.0,
                    32.0,
                    31.5,
                    34.0
                  ],
                  "autoUv":false
                },
                "west":{
                  "texture":"#hair",
                  "uv":[
                    31.5,
                    32.0,
                    32.0,
                    34.0
                  ],
                  "autoUv":false
                },
                "down":{
                  "texture":"#hair",
                  "uv":[
                    30.5,
                    32.0,
                    30.0,
                    31.5
                  ],
                  "autoUv":false
                }
              },
              "children":[]
            },
            {
              "name":"Dread5",
              "from":[
                3.7,
                -3.0,
                0.6
              ],
              "to":[
                4.2,
                0.0,
                1.1
              ],
              "rotationOrigin":[
                3.95,
                0.0,
                0.85
              ],
              "rotationX":36.0,
              "rotationY":-0.0,
              "rotationZ":14.0,
              "group":"tieddreads",
              "faces":{
                "north":{
                  "texture":"#hair",
                  "uv":[
                    29.0,
                    32.5,
                    29.5,
                    35.5
                  ],
                  "autoUv":false
                },
                "east":{
                  "texture":"#hair",
                  "uv":[
                    29.5,
                    32.5,
                    30.0,
                    35.5
                  ],
                  "autoUv":false
                },
                "south":{
                  "texture":"#hair",
                  "uv":[
                    30.0,
                    32.5,
                    30.5,
                    35.5
                  ],
                  "autoUv":false
                },
                "west":{
                  "texture":"#hair",
                  "uv":[
                    30.5,
                    32.5,
                    31.0,
                    35.5
                  ],
                  "autoUv":false
                },
                "down":{
                  "texture":"#hair",
                  "uv":[
                    29.5,
                    32.5,
                    29.0,
                    32.0
                  ],
                  "autoUv":false
                }
              },
              "children":[]
            },
            {
              "name":"Dread6",
              "from":[
                3.5,
                -2.0,
                1.0
              ],
              "to":[
                4.0,
                -0.0,
                1.5
              ],
              "rotationOrigin":[
                3.75,
                -0.0,
                1.25
              ],
              "rotationX":7.0,
              "rotationY":-0.0,
              "rotationZ":28.0,
              "group":"tieddreads",
              "faces":{
                "north":{
                  "texture":"#hair",
                  "uv":[
                    30.0,
                    32.0,
                    30.5,
                    34.0
                  ],
                  "autoUv":false
                },
                "east":{
                  "texture":"#hair",
                  "uv":[
                    30.5,
                    32.0,
                    31.0,
                    34.0
                  ],
                  "autoUv":false
                },
                "south":{
                  "texture":"#hair",
                  "uv":[
                    31.0,
                    32.0,
                    31.5,
                    34.0
                  ],
                  "autoUv":false
                },
                "west":{
                  "texture":"#hair",
                  "uv":[
                    31.5,
                    32.0,
                    32.0,
                    34.0
                  ],
                  "autoUv":false
                },
                "down":{
                  "texture":"#hair",
                  "uv":[
                    30.5,
                    32.0,
                    30.0,
                    31.5
                  ],
                  "autoUv":false
                }
              },
              "children":[]
            },
            {
              "name":"Dread7",
              "from":[
                3.9,
                -1.4,
                0.5
              ],
              "to":[
                4.4,
                0.6,
                1.0
              ],
              "rotationOrigin":[
                4.15,
                0.6,
                0.75
              ],
              "rotationX":-5.0,
              "rotationY":0.0,
              "rotationZ":47.0,
              "group":"tieddreads",
              "faces":{
                "north":{
                  "texture":"#hair",
                  "uv":[
                    30.0,
                    32.0,
                    30.5,
                    34.0
                  ],
                  "autoUv":false
                },
                "east":{
                  "texture":"#hair",
                  "uv":[
                    30.5,
                    32.0,
                    31.0,
                    34.0
                  ],
                  "autoUv":false
                },
                "south":{
                  "texture":"#hair",
                  "uv":[
                    31.0,
                    32.0,
                    31.5,
                    34.0
                  ],
                  "autoUv":false
                },
                "west":{
                  "texture":"#hair",
                  "uv":[
                    31.5,
                    32.0,
                    32.0,
                    34.0
                  ],
                  "autoUv":false
                },
                "down":{
                  "texture":"#hair",
                  "uv":[
                    30.5,
                    32.0,
                    30.0,
                    31.5
                  ],
                  "autoUv":false
                }
              },
              "children":[]
            },
            {
              "name":"DreadBack",
              "from":[
                3.2,
                -3.0,
                0.5
              ],
              "to":[
                4.2,
                -0.0,
                1.5
              ],
              "rotationOrigin":[
                3.7,
                -0.0,
                1.0
              ],
              "group":"tieddreads",
              "faces":{
                "north":{
                  "texture":"#hair",
                  "uv":[
                    33.0,
                    32.0,
                    34.0,
                    35.0
                  ],
                  "autoUv":false
                },
                "east":{
                  "texture":"#hair",
                  "uv":[
                    34.0,
                    32.0,
                    35.0,
                    35.0
                  ],
                  "autoUv":false
                },
                "south":{
                  "texture":"#hair",
                  "uv":[
                    35.0,
                    32.0,
                    36.0,
                    35.0
                  ],
                  "autoUv":false
                },
                "down":{
                  "texture":"#hair",
                  "uv":[
                    34.0,
                    32.0,
                    33.0,
                    31.0
                  ],
                  "autoUv":false
                }
              },
              "children":[]
            },
            {
              "name":"DreadBack1",
              "from":[
                2.7,
                -2.6,
                0.5
              ],
              "to":[
                3.7,
                0.4,
                1.5
              ],
              "rotationOrigin":[
                3.2,
                0.4,
                1.0
              ],
              "rotationX":-0.0,
              "rotationY":-36.0,
              "rotationZ":-15.0,
              "group":"tieddreads",
              "faces":{
                "north":{
                  "texture":"#hair",
                  "uv":[
                    33.0,
                    32.0,
                    34.0,
                    35.0
                  ],
                  "autoUv":false
                },
                "east":{
                  "texture":"#hair",
                  "uv":[
                    34.0,
                    32.0,
                    35.0,
                    35.0
                  ],
                  "autoUv":false
                },
                "south":{
                  "texture":"#hair",
                  "uv":[
                    35.0,
                    32.0,
                    36.0,
                    35.0
                  ],
                  "autoUv":false
                },
                "down":{
                  "texture":"#hair",
                  "uv":[
                    34.0,
                    32.0,
                    33.0,
                    31.0
                  ],
                  "autoUv":false
                }
              },
              "children":[]
            }
          ]
        }
      ]
    }
  ],
  "groups":[]
}