{
  "textureWidth":48,
  "textureHeight":48,
  "textures":{
    "hair":"silverchalice"
  },
  "textureSizes":{
    "hair":[
      48,
      48
    ]
  },
  "elements":[
    {
      "name":"hideme",
      "from":[
        -0.0,
        -0.0,
        0.0
      ],
      "to":[
        1.0,
        1.0,
        1.0
      ],
      "rotationOrigin":[
        -0.0,
        -0.0,
        0.0
      ],
      "stepParentName":"Head",
      "group":"tiedtopknot",
      "faces":{},
      "children":[
        {
          "name":"TopKnot",
          "from":[
            5.09,
            3.36,
            2.0
          ],
          "to":[
            8.09,
            4.36,
            3.0
          ],
          "rotationOrigin":[
            5.09,
            3.36,
            2.5
          ],
          "rotationZ":42.0,
          "group":"tiedtopknot",
          "faces":{
            "north":{
              "texture":"#hair",
              "uv":[
                19.5,
                33.0,
                22.5,
                34.0
              ],
              "autoUv":false
            },
            "east":{
              "texture":"#hair",
              "uv":[
                22.5,
                33.0,
                23.5,
                34.0
              ],
              "autoUv":false
            },
            "south":{
              "texture":"#hair",
              "uv":[
                23.5,
                33.0,
                26.5,
                34.0
              ],
              "autoUv":false
            },
            "down":{
              "texture":"#hair",
              "uv":[
                25.5,
                33.0,
                22.5,
                32.0
              ],
              "autoUv":false
            },
            "up":{
              "texture":"#hair",
              "uv":[
                19.5,
                32.0,
                22.5,
                33.0
              ],
              "autoUv":false
            }
          },
          "children":[
            {
              "name":"Cube1.004",
              "from":[
                3.0,
                -0.6,
                0.5
              ],
              "to":[
                5.0,
                1.4,
                0.5
              ],
              "rotationOrigin":[
                3.0,
                0.4,
                0.5
              ],
              "rotationX":0.0,
              "rotationY":36.0,
              "rotationZ":-0.0,
              "group":"tiedtopknot",
              "faces":{
                "north":{
                  "texture":"#hair",
                  "uv":[
                    37.0,
                    19.0,
                    39.0,
                    21.0
                  ],
                  "autoUv":false,
                  "rotation":90
                }
              },
              "children":[]
            },
            {
              "name":"Cube4.001",
              "from":[
                2.4,
                -0.6,
                0.5
              ],
              "to":[
                4.4,
                1.4,
                0.5
              ],
              "rotationOrigin":[
                2.4,
                0.4,
                0.5
              ],
              "rotationX":-0.0,
              "rotationY":-36.0,
              "rotationZ":-0.0,
              "group":"tiedtopknot",
              "faces":{
                "north":{
                  "texture":"#hair",
                  "uv":[
                    38.0,
                    20.0,
                    40.0,
                    22.0
                  ],
                  "autoUv":false,
                  "rotation":90
                }
              },
              "children":[]
            },
            {
              "name":"Ponytail",
              "from":[
                2.1,
                -4.4,
                -0.2
              ],
              "to":[
                3.6,
                0.6,
                1.3
              ],
              "rotationOrigin":[
                2.9,
                0.6,
                0.6
              ],
              "rotationZ":-5.0,
              "group":"tiedtopknot",
              "faces":{
                "north":{
                  "texture":"#hair",
                  "uv":[
                    39.0,
                    18.0,
                    40.5,
                    23.0
                  ],
                  "autoUv":false
                },
                "south":{
                  "texture":"#hair",
                  "uv":[
                    38.5,
                    18.0,
                    40.0,
                    23.0
                  ],
                  "autoUv":false
                },
                "up":{
                  "texture":"#hair",
                  "uv":[
                    32.0,
                    32.5,
                    33.5,
                    34.0
                  ],
                  "autoUv":false,
                  "rotation":90
                },
                "west":{
                  "texture":"#hair",
                  "uv":[
                    40.5,
                    16.5,
                    42.0,
                    21.5
                  ],
                  "autoUv":false,
                  "rotation":180
                },
                "east":{
                  "texture":"#hair",
                  "uv":[
                    39.5,
                    17.5,
                    41.0,
                    22.5
                  ],
                  "autoUv":false
                }
              },
              "children":[]
            }
          ]
        }
      ]
    }
  ],
  "groups":[]
}