{
  "textureWidth":48,
  "textureHeight":48,
  "textures":{
    "hair":"silverchalice",
    "birch":"birch"
  },
  "textureSizes":{
    "hair":[
      48,
      48
    ],
    "birch":[
      48,
      48
    ]
  },
  "elements":[
    {
      "name":"hideme",
      "from":[
        -0.0,
        -0.0,
        0.0
      ],
      "to":[
        1.0,
        1.0,
        1.0
      ],
      "rotationOrigin":[
        -0.0,
        -0.0,
        0.0
      ],
      "stepParentName":"Head",
      "group":"topbun",
      "faces":{},
      "children":[
        {
          "name":"BunTop.001",
          "from":[
            3.48,
            3.83,
            1.5
          ],
          "to":[
            6.48,
            6.33,
            3.5
          ],
          "rotationOrigin":[
            4.48,
            4.83,
            2.5
          ],
          "rotationZ":-20.0,
          "group":"topbun",
          "faces":{
            "north":{
              "texture":"#hair",
              "uv":[
                18.0,
                33.5,
                21.0,
                36.0
              ],
              "autoUv":false
            },
            "east":{
              "texture":"#hair",
              "uv":[
                21.0,
                33.5,
                23.0,
                36.0
              ],
              "autoUv":false
            },
            "south":{
              "texture":"#hair",
              "uv":[
                23.0,
                33.5,
                26.0,
                36.0
              ],
              "autoUv":false
            },
            "west":{
              "texture":"#hair",
              "uv":[
                26.0,
                33.5,
                28.0,
                36.0
              ],
              "autoUv":false
            },
            "up":{
              "texture":"#hair",
              "uv":[
                18.0,
                31.5,
                21.0,
                33.5
              ],
              "autoUv":false
            }
          },
          "children":[
            {
              "name":"Cube1.005",
              "from":[
                0.5,
                0.5,
                -0.5
              ],
              "to":[
                2.5,
                2.0,
                2.5
              ],
              "rotationOrigin":[
                0.5,
                0.5,
                -0.0
              ],
              "group":"topbun",
              "faces":{
                "north":{
                  "texture":"#hair",
                  "uv":[
                    16.5,
                    34.5,
                    18.5,
                    36.0
                  ],
                  "autoUv":false
                },
                "east":{
                  "texture":"#hair",
                  "uv":[
                    18.5,
                    34.5,
                    21.5,
                    36.0
                  ],
                  "autoUv":false
                },
                "south":{
                  "texture":"#hair",
                  "uv":[
                    21.5,
                    34.5,
                    23.5,
                    36.0
                  ],
                  "autoUv":false
                },
                "west":{
                  "texture":"#hair",
                  "uv":[
                    23.5,
                    34.5,
                    26.5,
                    36.0
                  ],
                  "autoUv":false
                },
                "down":{
                  "texture":"#hair",
                  "uv":[
                    20.5,
                    34.5,
                    18.5,
                    31.5
                  ],
                  "autoUv":false
                },
                "up":{
                  "texture":"#hair",
                  "uv":[
                    16.5,
                    31.5,
                    18.5,
                    34.5
                  ],
                  "autoUv":false
                }
              },
              "children":[]
            },
            {
              "name":"Stick.001",
              "from":[
                1.5,
                1.0,
                -1.0
              ],
              "to":[
                2.0,
                1.5,
                3.0
              ],
              "rotationOrigin":[
                1.5,
                1.0,
                1.0
              ],
              "group":"topbun",
              "faces":{
                "north":{
                  "texture":"#birch",
                  "uv":[
                    0.0,
                    4.0,
                    0.5,
                    4.5
                  ],
                  "autoUv":false
                },
                "east":{
                  "texture":"#birch",
                  "uv":[
                    0.5,
                    4.0,
                    4.5,
                    4.5
                  ],
                  "autoUv":false
                },
                "south":{
                  "texture":"#birch",
                  "uv":[
                    4.5,
                    4.0,
                    5.0,
                    4.5
                  ],
                  "autoUv":false
                },
                "west":{
                  "texture":"#birch",
                  "uv":[
                    5.0,
                    4.0,
                    9.0,
                    4.5
                  ],
                  "autoUv":false
                },
                "down":{
                  "texture":"#birch",
                  "uv":[
                    1.0,
                    4.0,
                    0.5,
                    0.0
                  ],
                  "autoUv":false
                },
                "up":{
                  "texture":"#birch",
                  "uv":[
                    0.0,
                    0.0,
                    0.5,
                    4.0
                  ],
                  "autoUv":false
                }
              },
              "children":[]
            }
          ]
        }
      ]
    }
  ],
  "groups":[]
}