{
  "textureWidth":48,
  "textureHeight":48,
  "textures":{
    "hair":"silverchalice"
  },
  "textureSizes":{
    "hair":[
      48,
      48
    ]
  },
  "elements":[
    {
      "name":"hideme",
      "from":[
        -0.0,
        -0.0,
        0.0
      ],
      "to":[
        1.0,
        1.0,
        1.0
      ],
      "rotationOrigin":[
        -0.0,
        -0.0,
        0.0
      ],
      "stepParentName":"Head",
      "group":"topknot",
      "faces":{},
      "children":[
        {
          "name":"TopKnot.001",
          "from":[
            4.4,
            3.2,
            2.0
          ],
          "to":[
            7.4,
            4.2,
            3.0
          ],
          "rotationOrigin":[
            4.4,
            3.2,
            2.5
          ],
          "rotationZ":22.5,
          "group":"topknot",
          "faces":{
            "north":{
              "texture":"#hair",
              "uv":[
                17.0,
                1.5,
                20.0,
                2.5
              ],
              "autoUv":false
            },
            "east":{
              "texture":"#hair",
              "uv":[
                20.0,
                1.5,
                21.0,
                2.5
              ],
              "autoUv":false
            },
            "south":{
              "texture":"#hair",
              "uv":[
                21.0,
                1.5,
                24.0,
                2.5
              ],
              "autoUv":false
            },
            "down":{
              "texture":"#hair",
              "uv":[
                23.0,
                1.5,
                20.0,
                0.5
              ],
              "autoUv":false
            },
            "up":{
              "texture":"#hair",
              "uv":[
                17.0,
                0.5,
                20.0,
                1.5
              ],
              "autoUv":false
            }
          },
          "children":[
            {
              "name":"Messy.001",
              "from":[
                2.0,
                -0.5,
                -0.5
              ],
              "to":[
                5.0,
                1.5,
                1.5
              ],
              "rotationOrigin":[
                2.0,
                0.5,
                0.5
              ],
              "rotationZ":-72.0,
              "group":"topknot",
              "faces":{
                "north":{
                  "texture":"#hair",
                  "uv":[
                    24.0,
                    10.5,
                    26.0,
                    13.5
                  ],
                  "autoUv":false,
                  "rotation":90
                },
                "south":{
                  "texture":"#hair",
                  "uv":[
                    21.5,
                    10.5,
                    23.5,
                    13.5
                  ],
                  "autoUv":false,
                  "rotation":270
                },
                "west":{
                  "texture":"#hair",
                  "uv":[
                    23.5,
                    22.5,
                    25.5,
                    24.5
                  ],
                  "autoUv":false
                },
                "up":{
                  "texture":"#hair",
                  "uv":[
                    23.0,
                    26.0,
                    25.0,
                    29.0
                  ],
                  "autoUv":false,
                  "rotation":270
                }
              },
              "children":[]
            },
            {
              "name":"Ponytail.001",
              "from":[
                2.1,
                -4.9,
                -0.0
              ],
              "to":[
                3.1,
                0.1,
                1.0
              ],
              "rotationOrigin":[
                2.6,
                0.1,
                0.5
              ],
              "rotationZ":-7.0,
              "group":"topknot",
              "faces":{
                "north":{
                  "texture":"#hair",
                  "uv":[
                    39.0,
                    17.5,
                    40.0,
                    22.5
                  ],
                  "autoUv":false
                },
                "south":{
                  "texture":"#hair",
                  "uv":[
                    38.0,
                    17.5,
                    39.0,
                    22.5
                  ],
                  "autoUv":false
                },
                "west":{
                  "texture":"#hair",
                  "uv":[
                    38.0,
                    17.0,
                    39.0,
                    22.0
                  ],
                  "autoUv":false,
                  "rotation":180
                },
                "east":{
                  "texture":"#hair",
                  "uv":[
                    39.5,
                    17.0,
                    40.5,
                    22.0
                  ],
                  "autoUv":false
                }
              },
              "children":[]
            }
          ]
        }
      ]
    }
  ],
  "groups":[]
}