{
  "textureWidth":48,
  "textureHeight":48,
  "textures":{
    "hair":"silverchalice"
  },
  "textureSizes":{
    "hair":[
      48,
      48
    ]
  },
  "elements":[
    {
      "name":"hideme",
      "from":[
        -0.0,
        -0.0,
        0.0
      ],
      "to":[
        1.0,
        1.0,
        1.0
      ],
      "rotationOrigin":[
        -0.0,
        -0.0,
        0.0
      ],
      "stepParentName":"Head",
      "group":"unkempt",
      "faces":{},
      "children":[
        {
          "name":"Strand1",
          "from":[
            -1.0,
            4.08,
            2.0
          ],
          "to":[
            1.0,
            4.08,
            3.0
          ],
          "rotationOrigin":[
            1.0,
            4.08,
            2.5
          ],
          "rotationX":0.0,
          "rotationY":-39.0,
          "rotationZ":-20.0,
          "group":"unkempt",
          "faces":{
            "up":{
              "texture":"#hair",
              "uv":[
                36.5,
                38.5,
                38.5,
                39.5
              ],
              "autoUv":false,
              "rotation":270
            }
          },
          "children":[
            {
              "name":"Cube1.006",
              "from":[
                -3.0,
                -0.0,
                0.0
              ],
              "to":[
                0.0,
                -0.0,
                1.0
              ],
              "rotationOrigin":[
                0.0,
                -0.0,
                0.5
              ],
              "rotationX":0.0,
              "rotationY":-0.0,
              "rotationZ":47.0,
              "group":"unkempt",
              "faces":{
                "up":{
                  "texture":"#hair",
                  "uv":[
                    38.0,
                    38.5,
                    39.0,
                    41.5
                  ],
                  "autoUv":false,
                  "rotation":90
                }
              },
              "children":[]
            }
          ]
        },
        {
          "name":"Strand10",
          "from":[
            3.0,
            4.08,
            2.5
          ],
          "to":[
            4.0,
            4.08,
            5.0
          ],
          "rotationOrigin":[
            3.5,
            4.08,
            2.5
          ],
          "rotationX":-30.19,
          "rotationY":6.06,
          "rotationZ":3.51,
          "group":"unkempt",
          "faces":{
            "up":{
              "texture":"#hair",
              "uv":[
                36.5,
                38.5,
                38.5,
                39.5
              ],
              "autoUv":false,
              "rotation":270
            }
          },
          "children":[
            {
              "name":"Cube11",
              "from":[
                0.0,
                -0.0,
                2.5
              ],
              "to":[
                1.0,
                -0.0,
                4.5
              ],
              "rotationOrigin":[
                0.5,
                -0.0,
                2.5
              ],
              "rotationX":47.0,
              "rotationY":-0.0,
              "rotationZ":-0.0,
              "group":"unkempt",
              "faces":{
                "up":{
                  "texture":"#hair",
                  "uv":[
                    38.0,
                    35.5,
                    39.0,
                    37.5
                  ],
                  "autoUv":false,
                  "rotation":270
                }
              },
              "children":[
                {
                  "name":"Cube12",
                  "from":[
                    0.0,
                    0.0,
                    2.0
                  ],
                  "to":[
                    1.0,
                    0.0,
                    4.0
                  ],
                  "rotationOrigin":[
                    0.5,
                    0.0,
                    2.0
                  ],
                  "rotationX":39.0,
                  "rotationY":-0.0,
                  "rotationZ":-0.0,
                  "group":"unkempt",
                  "faces":{
                    "up":{
                      "texture":"#hair",
                      "uv":[
                        34.5,
                        39.5,
                        35.5,
                        41.5
                      ],
                      "autoUv":false,
                      "rotation":270
                    }
                  },
                  "children":[]
                }
              ]
            }
          ]
        },
        {
          "name":"Strand3",
          "from":[
            0.5,
            4.08,
            2.5
          ],
          "to":[
            1.5,
            4.08,
            4.5
          ],
          "rotationOrigin":[
            1.0,
            4.08,
            2.5
          ],
          "rotationX":-27.42,
          "rotationY":-23.41,
          "rotationZ":-11.65,
          "group":"unkempt",
          "faces":{
            "up":{
              "texture":"#hair",
              "uv":[
                36.5,
                38.5,
                38.5,
                39.5
              ],
              "autoUv":false,
              "rotation":270
            }
          },
          "children":[
            {
              "name":"Cube4.002",
              "from":[
                0.0,
                -0.0,
                2.0
              ],
              "to":[
                1.0,
                -0.0,
                3.5
              ],
              "rotationOrigin":[
                0.5,
                -0.0,
                2.0
              ],
              "rotationX":47.0,
              "rotationY":0.0,
              "rotationZ":-0.0,
              "group":"unkempt",
              "faces":{
                "up":{
                  "texture":"#hair",
                  "uv":[
                    38.0,
                    35.5,
                    39.0,
                    37.0
                  ],
                  "autoUv":false,
                  "rotation":270
                }
              },
              "children":[
                {
                  "name":"Cube5.002",
                  "from":[
                    0.0,
                    0.0,
                    1.5
                  ],
                  "to":[
                    1.0,
                    0.0,
                    3.5
                  ],
                  "rotationOrigin":[
                    0.5,
                    0.0,
                    1.5
                  ],
                  "rotationX":39.0,
                  "rotationY":-0.0,
                  "rotationZ":-0.0,
                  "group":"unkempt",
                  "faces":{
                    "up":{
                      "texture":"#hair",
                      "uv":[
                        34.5,
                        39.5,
                        35.5,
                        41.5
                      ],
                      "autoUv":false,
                      "rotation":270
                    }
                  },
                  "children":[]
                }
              ]
            }
          ]
        },
        {
          "name":"Strand6",
          "from":[
            2.0,
            4.08,
            0.5
          ],
          "to":[
            3.0,
            4.08,
            2.5
          ],
          "rotationOrigin":[
            2.5,
            4.08,
            2.5
          ],
          "rotationX":30.0,
          "rotationY":0.87,
          "rotationZ":-0.5,
          "group":"unkempt",
          "faces":{
            "up":{
              "texture":"#hair",
              "uv":[
                36.5,
                38.5,
                38.5,
                39.5
              ],
              "autoUv":false,
              "rotation":90
            }
          },
          "children":[
            {
              "name":"Cube7.001",
              "from":[
                0.0,
                -0.0,
                -3.0
              ],
              "to":[
                1.0,
                -0.0,
                0.0
              ],
              "rotationOrigin":[
                0.5,
                -0.0,
                0.0
              ],
              "rotationX":-47.0,
              "rotationY":0.0,
              "rotationZ":-0.0,
              "group":"unkempt",
              "faces":{
                "up":{
                  "texture":"#hair",
                  "uv":[
                    38.0,
                    38.5,
                    39.0,
                    41.5
                  ],
                  "autoUv":false,
                  "rotation":180
                }
              },
              "children":[]
            }
          ]
        },
        {
          "name":"Strand8",
          "from":[
            3.5,
            4.08,
            2.0
          ],
          "to":[
            6.5,
            4.08,
            3.0
          ],
          "rotationOrigin":[
            3.5,
            4.08,
            2.5
          ],
          "rotationX":0.0,
          "rotationY":-33.0,
          "rotationZ":35.0,
          "group":"unkempt",
          "faces":{
            "up":{
              "texture":"#hair",
              "uv":[
                36.5,
                38.5,
                38.5,
                39.5
              ],
              "autoUv":false,
              "rotation":180
            }
          },
          "children":[
            {
              "name":"Cube9.001",
              "from":[
                3.0,
                0.0,
                -0.0
              ],
              "to":[
                5.0,
                0.0,
                1.0
              ],
              "rotationOrigin":[
                3.0,
                0.0,
                0.5
              ],
              "rotationX":-0.0,
              "rotationY":0.0,
              "rotationZ":-47.0,
              "group":"unkempt",
              "faces":{
                "up":{
                  "texture":"#hair",
                  "uv":[
                    37.0,
                    39.5,
                    38.0,
                    41.5
                  ],
                  "autoUv":false,
                  "rotation":270
                }
              },
              "children":[]
            }
          ]
        }
      ]
    }
  ],
  "groups":[]
}