{
  "code": "groundfilled",
  "class": "ndlwoodentorchholder.GroundFilled",

  "variantgroups": [
    {
      "code": "plank",
      "states": [ "acacia", "aged", "baldcypress", "birch", "ebony", "kapok", "larch", "lightaged", "maple", "oak", "pine", "purpleheart", "redwood", "rottenebony", "walnut" ]
    }
  ],

  "behaviors": [
    {
      "name": "Unstable",
      "properties": {
        "attachedToFaces": [ "down" ]
      }
    }
  ],

  "shape": { "base": "groundfilled" },

  "textures": {
    "plank": { "base": "game:block/wood/planks/{plank}1" }
  },

  "doNotRenderAtLod2": true,
  "sidesolid": {
    "all": false
  },
  "sideopaque": {
    "all": false
  },
  "creativeinventory": {
    "general": [ "*" ],
    "decorative": [ "*" ],
    "NDLWoodenTorchHolder": [ "*" ]
  },
  "replaceable": 5001,
  "resistance": 0.5,
  "maxStackSize": 999,
  "lightAbsorption": 0,
  "lightHsv": [ 4, 4, 15 ],
  "lightlevel": 14,

  "particleProperties": [
    {
      // Ember cubicles
      "hsvaColor": [
        {
          "avg": 20,
          "var": 20
        },
        {
          "avg": 255,
          "var": 50
        },
        {
          "avg": 255,
          "var": 50
        },
        {
          "avg": 255,
          "var": 0
        }
      ],
      "gravityEffect": {
        "dist": "invexp",
        "avg": -0.07,
        "var": 0.4
      },
      "posOffset": [
        {
          "avg": 0,
          "var": 0.1
        },
        {
          "avg": 0,
          "var": 0
        },
        {
          "avg": 0,
          "var": 0.1
        }
      ],
      "velocity": [
        {
          "avg": 0,
          "var": 0.15
        },
        {
          "avg": 0.5,
          "var": 0.1
        },
        {
          "avg": 0,
          "var": 0.15
        }
      ],
      "quantity": { "avg": 0.015 },
      "size": {
        "avg": 0.4,
        "var": 0
      },
      "sizeEvolve": {
        "transform": "quadratic",
        "factor": -0.7
      },
      "lifeLength": { "avg": 1.5 },
      "vertexFlags": 128,
      "windAffectednes": 0.2
    },
    {
      // Smoke quads
      "hsvaColor": [
        {
          "avg": 0,
          "var": 0
        },
        {
          "avg": 0,
          "var": 0
        },
        {
          "avg": 40,
          "var": 30
        },
        {
          "avg": 220,
          "var": 50
        }
      ],
      "opacityEvolve": {
        "transform": "quadratic",
        "factor": -16
      },
      "gravityEffect": {
        "avg": 0,
        "var": 0
      },
      "posOffset": [
        {
          "avg": 0,
          "var": 0.1
        },
        {
          "avg": 0,
          "var": 0
        },
        {
          "avg": 0,
          "var": 0.1
        }
      ],
      "velocity": [
        {
          "avg": 0,
          "var": 0.025
        },
        {
          "avg": 0.15,
          "var": 0.1
        },
        {
          "avg": 0,
          "var": 0.025
        }
      ],
      "quantity": { "avg": 0.05 },
      "size": {
        "avg": 0.25,
        "var": 0.05
      },
      "sizeEvolve": {
        "transform": "linear",
        "factor": 0.5
      },
      "particleModel": "Quad",
      "windAffectednes": 0.7
    },
    {
      // Fire quads
      "hsvaColor": [
        {
          "avg": 20,
          "var": 20
        },
        {
          "avg": 255,
          "var": 50
        },
        {
          "avg": 255,
          "var": 50
        },
        {
          "avg": 255,
          "var": 0
        }
      ],
      "opacityEvolve": {
        "transform": "quadratic",
        "factor": -16
      },
      "gravityEffect": {
        "avg": 0,
        "var": 0
      },
      "posOffset": [
        {
          "avg": 0,
          "var": 0.1
        },
        {
          "avg": 0,
          "var": 0
        },
        {
          "avg": 0,
          "var": 0.1
        }
      ],
      "velocity": [
        {
          "avg": 0,
          "var": 0.025
        },
        {
          "avg": 0.18,
          "var": 0.07
        },
        {
          "avg": 0,
          "var": 0.025
        }
      ],
      "quantity": { "avg": 0.4 },
      "size": {
        "avg": 0.25,
        "var": 0.05
      },
      "lifeLength": { "avg": 0.5 },
      "sizeEvolve": {
        "transform": "linear",
        "factor": 0.5
      },
      "particleModel": "Quad",
      "vertexFlags": 128,
      "windAffectednes": 0.7
    }
  ],

  "collisionbox": null,
  "selectionbox": {
    "x1": 0.75,
    "y1": 0.85,
    "z1": 0.75,
    "x2": 0.25,
    "y2": 0,
    "z2": 0.25
  },

  "guiTransform": {
    "rotation": {
      "x": -23,
      "y": 137,
      "z": 0
    },
    "origin": {
      "x": 0.25,
      "y": 0.25,
      "z": 0.18
    },
    "scale": 1.5,
    "rotate": false
  },
  "fpHandTransform": {
    "translation": {
      "x": 0.29,
      "y": -0.1,
      "z": 0
    },
    "rotation": {
      "x": 0,
      "y": -130,
      "z": 2
    },
    "scale": 2.5
  },
  "groundTransform": {
    "rotation": {
      "x": 0,
      "y": 0,
      "z": 90
    },
    "origin": {
      "x": 0.39,
      "y": 0.6,
      "z": 0.1
    },
    "scale": 4.5
  },
  "tpHandTransform": {
    "translation": {
      "x": -4.2,
      "y": -1.8,
      "z": 2.3
    },
    "rotation": {
      "x": 85,
      "y": 130,
      "z": 69
    },
    "origin": {
      "x": 2.8,
      "y": 1.3,
      "z": 0.1
    },
    "scale": 0.66
  },

  "sounds": {
    "place": "planks",
    "break": "planks",
    "hit": "planks"
  },

  "rainPermeable": true,
  "materialDensity": 600
}
