{
  "code": "wallempty",
  "class": "ndlwoodentorchholder.WallEmpty",

  "variantgroups": [
    {
      "code": "side",
      "loadFromProperties": "abstract/horizontalorientation"
    },
    {
      "code": "plank",
      "states": [ "acacia", "aged", "baldcypress", "birch", "ebony", "kapok", "larch", "lightaged", "maple", "oak", "pine", "purpleheart", "redwood", "rottenebony", "walnut" ]
    }
  ],

  "shapebytype": {
    "*-north-*": {
      "base": "wallempty",
      "rotateY": 180
    },
    "*-east-*": {
      "base": "wallempty",
      "rotateY": 90
    },
    "*-south-*": {
      "base": "wallempty",
      "rotateY": 0
    },
    "*-west-*": {
      "base": "wallempty",
      "rotateY": 270
    }
  },

  "textures": {
    "plank": { "base": "game:block/wood/planks/{plank}1" }
  },

  "doNotRenderAtLod2": true,
  "sidesolid": {
    "all": false
  },
  "sideopaque": {
    "all": false
  },
  "creativeinventory": {
    "general": [ "*-north-*" ],
    "decorative": [ "*-north-*" ],
    "NDLWoodenTorchHolder": [ "*-north-{plank}" ]
  },
  "replaceable": 5001,
  "resistance": 0.5,
  "maxStackSize": 999,
  "lightAbsorption": 0,

  "collisionbox": null,
  "selectionbox": {
    "x1": 0.3125,
    "y1": 0.125,
    "z1": 0.5625,
    "x2": 0.6875,
    "y2": 0.875,
    "z2": 1,
    "rotateYByType": {
      "*-north-*": 0,
      "*-east-*": 270,
      "*-south-*": 180,
      "*-west-*": 90
    }
  },
  "guiTransform": {
    "translation": {
      "x": 13,
      "y": 24,
      "z": 0
    },
    "rotation": {
      "x": -23,
      "y": -48,
      "z": 0
    },
    "origin": {
      "x": 0.25,
      "y": 0.25,
      "z": 0.18
    },
    "scale": 1.69,
    "rotate": false
  },
  "fpHandTransform": {
    "translation": {
      "x": 0.29,
      "y": -0.1,
      "z": 0
    },
    "rotation": {
      "x": 0,
      "y": -130,
      "z": 2
    },
    "scale": 2.5
  },
  "groundTransform": {
    "rotation": {
      "x": 0,
      "y": 0,
      "z": 90
    },
    "origin": {
      "x": 0,
      "y": 0,
      "z": 0
    },
    "scale": 4.5
  },
  "tpHandTransform": {
    "translation": {
      "x": -4.2,
      "y": -1.8,
      "z": 2.3
    },
    "rotation": {
      "x": 85,
      "y": 130,
      "z": 69
    },
    "origin": {
      "x": 2.8,
      "y": 1.3,
      "z": 0.1
    },
    "scale": 0.66
  },

  "sounds": {
    "place": "planks",
    "break": "planks",
    "hit": "planks"
  },

  "rainPermeable": true,
  "materialDensity": 600
}