{
	"code": "glazing",
	"class": "ItemLiquidPortion",
	"matterState": "liquid",
	"variantgroups": [
		{ "code": "type", "states": [ "clear", "milky" ] },
		{ "code": "color", "states": [
				"black", "blue", "brown", "gold", "green", "greenblue", "lapislazuli",
				"malachite", "orange", "pink", "purple", "red", "redbrown", "white", "yellow" ] }
	],
	"attributesByType": {
		"*-clear-*": {
			"handbook": { "ignoreCreativeInvStacks": true },
			"waterTightContainerProps": {
				"containable": true,
				"itemsPerLitre": 1,
				"texture": { "base": "bricklayers:block/liquid/glazing/{type}/{color}" },
				"allowSpill": true,
				"whenSpilled": { "action": "DropContents", "stack": { "type": "item", "code": "bricklayers:glazing-{type}-{color}" } }
			}
		},
		"*-milky-*": {
			"handbook": { "ignoreCreativeInvStacks": true },
			"waterTightContainerProps": {
				"containable": true,
				"itemsPerLitre": 1,
				"texture": { "base": "bricklayers:block/liquid/glazing/{type}/{color}" },
				"allowSpill": true,
				"whenSpilled": { "action": "DropContents", "stack": { "type": "item", "code": "bricklayers:glazing-{type}-{color}" } },
				"isopaque": true
			}
		}
	},
	"texture": { "base": "bricklayers:block/liquid/glazing/{type}/{color}" },
	"shape": { "base": "game:item/liquid" },
	"creativeinventoryStacks": [ { "tabs": ["general", "liquids", "ceramics" ],
		"stacks": [
			{ "type": "block", "code": "game:woodbucket", "attributes": { "ucontents": [ { "type": "item", "code": "bricklayers:glazing-{type}-{color}", "makefull": true } ] } }
		] } ],
	"maxstacksize": 16,
	"materialDensity": 250,
	"guiTransform": {
		"rotation": { "x": 123, "y": -33, "z": -13 },
		"origin": { "x": 0.5, "y": 0, "z": 0.5 },
		"scale": 1.4
	},
	"tpHandTransform": {
		"translation": { "x": -1.5, "y": -1, "z": -1.4 }
	}
}
