{
  "code": "smalldoor",
  "class": "BlockGeneric",
  "entityClass": "Generic",

  "behaviors": [
    { "name": "Lockable" },
    { "name": "Door" },
    { "name": "BlockEntityInteract" }
  ],
  "entityBehaviors": [{ "name": "Door" }],

  "variantgroups": [
    { "code": "wood", "states": ["aged"], "loadFromProperties": "block/wood" }
  ],

  "attributes": {
    "handbook": {
      "groupBy": ["smalldoor-*"],
      "extraSections": [
        { "title": "", "text": "koboldcomforts:handbook-smalldoor-desc" }
      ]
    },
    "reinforcable": true,
    "airtightByType": { "*": true },
    "widthByType": { "*": 1 },
    "heightByType": { "*": 1 },
    "openSoundByType": { "*": "game:sounds/block/door" },
    "closeSoundByType": { "*": "game:sounds/block/door" },
    "easingSpeedByType": { "*": 10 }
  },

  "creativeinventoryByType": {
    "*": { "general": ["*"], "decorative": ["*"] }
  },

  "shape": { "base": "koboldcomforts:wood/smalldoor-solid" },

  "texturesByType": {
    "smalldoor-*": {
      "wood": {
        "base": "game:block/wood/debarked/{wood}",
        "rotation": 90,
        "blendedOverlays": [
          {
            "base": "game:block/wood/door/overlay-solid",
            "blendMode": "Overlay"
          }
        ]
      },
      "iron": {
        "base": "game:block/metal/ingot/iron",
        "rotation": 90
      }
    }
  },

  "renderPass": "OpaqueNoCull",
  "faceCullMode": "NeverCull",
  "blockmaterial": "Wood",
  "sideAo": { "all": false },
  "heldTpIdleAnimation": "holdunderarm",
  "lightAbsorption": 0,
  "sidesolid": {
    "all": false
  },
  "sideopaque": {
    "all": false
  },
  "selectionbox": { "x1": 0, "y1": 0, "z1": 0.875, "x2": 1, "y2": 1, "z2": 1 },
  "collisionbox": { "x1": 0, "y1": 0, "z1": 0.875, "x2": 1, "y2": 1, "z2": 1 },
  "materialDensity": 600,
  "sounds": {
    "place": "game:block/planks",
    "hit": "game:block/planks",
    "break": "game:block/planks",
    "walk": "game:walk/wood"
  }
}
