{
	"editor": {
		"collapsedPaths": "",
		"allAngles": false,
		"entityTextureMode": false
	},
	"textureWidth": 16,
	"textureHeight": 16,
	"textureSizes": {
	},
	"textures": {
		"bronze": "vinteng:block/bronze",
		"castiron": "vinteng:block/castiron",
		"gold": "vinteng:block/gold",
		"shinyiron": "vinteng:block/shinyiron",
		"copper": "game:block/metal/ingot/copper",
		"shinybrass":"vinteng:block/shinybrass",
		"copperspooldiagonal":"vinteng:block/copperspooldiagonal"		
	},
	"elements": [
		{
			"name": "Stator",
			"from": [ 7.5, 7.5, 1.0 ],
			"to": [ 8.5, 8.5, 16.0 ],
			"rotationOrigin": [ 8.0, 8.0, 1.0 ],
			"faces": {
			},
			"children": [
				{
					"name": "Cube22",
					"from": [ -7.5, -7.5, -1.0 ],
					"to": [ 8.5, -5.5, 15.0 ],
					"rotationOrigin": [ 8.5, -7.5, -1.0 ],
					"faces": {
						"north": { "texture": "#castiron", "uv": [ 0.0, 14.0, 16.0, 16.0 ] },
						"east": { "texture": "#castiron", "uv": [ 0.0, 14.0, 16.0, 16.0 ] },
						"south": { "texture": "#castiron", "uv": [ 0.0, 14.0, 16.0, 16.0 ] },
						"west": { "texture": "#castiron", "uv": [ 0.0, 14.0, 16.0, 16.0 ] },
						"up": { "texture": "#castiron", "uv": [ 0.0, 0.0, 16.0, 16.0 ] },
						"down": { "texture": "#castiron", "uv": [ 0.0, 0.0, 16.0, 16.0 ] }
					},
					"children": [
						{
							"name": "Cube2",
							"from": [ 0.0, 2.0, 10.0 ],
							"to": [ 2.0, 12.0, 16.0 ],
							"rotationOrigin": [ 0.0, 2.0, 16.0 ],
							"faces": {
								"north": { "texture": "#castiron", "uv": [ 0.0, 0.0, 2.0, 10.0 ] },
								"south": { "texture": "#castiron", "uv": [ 0.0, 0.0, 2.0, 10.0 ] },
								"west": { "texture": "#castiron", "uv": [ 0.0, 0.0, 6.0, 10.0 ] },
								"up": { "texture": "#castiron", "uv": [ 0.0, 0.0, 2.0, 6.0 ] }
							}
						},
						{
							"name": "Cube3",
							"from": [ 14.0, 2.0, 10.0 ],
							"to": [ 16.0, 12.0, 16.0 ],
							"rotationOrigin": [ 14.0, 2.0, 16.0 ],
							"faces": {
								"north": { "texture": "#castiron", "uv": [ 0.0, 0.0, 2.0, 10.0 ] },
								"east": { "texture": "#castiron", "uv": [ 0.0, 0.0, 6.0, 10.0 ] },
								"south": { "texture": "#castiron", "uv": [ 0.0, 0.0, 2.0, 10.0 ] },
								"up": { "texture": "#castiron", "uv": [ 0.0, 0.0, 2.0, 6.0 ] }
							},
							"children": [
								{
									"name": "Cube61",
									"from": [ 0.7, 10.0, 4.5 ],
									"to": [ 1.5, 13.0, 5.3 ],
									"rotationOrigin": [ 0.7, 10.0, 4.5 ],
									"faces": {
										"north": { "texture": "#castiron", "uv": [ 0.0, 0.0, 0.5, 3.0 ] },
										"east": { "texture": "#castiron", "uv": [ 0.0, 0.0, 0.5, 3.0 ] },
										"south": { "texture": "#castiron", "uv": [ 0.0, 0.0, 0.5, 3.0 ] },
										"west": { "texture": "#castiron", "uv": [ 0.0, 0.0, 0.5, 3.0 ] },
										"up": { "texture": "#castiron", "uv": [ 0.0, 0.0, 0.5, 0.5 ] }
									},
									"children": [
										{
											"name": "Cube62",
											"from": [ -0.1, 3.0, -0.1 ],
											"to": [ 0.9, 4.0, 0.9 ],
											"rotationOrigin": [ -0.1, 3.0, -0.1 ],
											"faces": {
												"north": { "texture": "#gold", "uv": [ 0.0, 0.0, 1.0, 1.0 ] },
												"east": { "texture": "#gold", "uv": [ 0.0, 0.0, 1.0, 1.0 ] },
												"south": { "texture": "#gold", "uv": [ 0.0, 0.0, 1.0, 1.0 ] },
												"west": { "texture": "#gold", "uv": [ 0.0, 0.0, 1.0, 1.0 ] },
												"up": { "texture": "#gold", "uv": [ 0.0, 0.0, 1.0, 1.0 ] }
											}
										}
									]
								}
							]
						},
						{
							"name": "Cube9",
							"from": [ 4.0, 2.0, 10.0 ],
							"to": [ 12.0, 16.0, 16.0 ],
							"rotationOrigin": [ 4.0, 2.0, 16.0 ],
							"faces": {
								"north": { "texture": "#castiron", "uv": [ 0.0, 0.0, 8.0, 14.0 ] },
								"east": { "texture": "#castiron", "uv": [ 0.0, 0.0, 6.0, 14.0 ] },
								"south": { "texture": "#castiron", "uv": [ 0.0, 0.0, 8.0, 14.0 ] },
								"west": { "texture": "#castiron", "uv": [ 0.0, 0.0, 6.0, 14.0 ] },
								"up": { "texture": "#castiron", "uv": [ 0.0, 0.0, 8.0, 6.0 ] }
							}
						},
						{
							"name": "Cube11",
							"from": [ 2.0, 2.0, 10.0 ],
							"to": [ 4.0, 14.0, 16.0 ],
							"rotationOrigin": [ 2.0, 2.0, 16.0 ],
							"faces": {
								"north": { "texture": "#castiron", "uv": [ 0.0, 0.0, 2.0, 12.0 ] },
								"south": { "texture": "#castiron", "uv": [ 0.0, 0.0, 2.0, 12.0 ] },
								"west": { "texture": "#castiron", "uv": [ 0.0, 0.0, 6.0, 12.0 ] },
								"up": { "texture": "#castiron", "uv": [ 0.0, 0.0, 2.0, 6.0 ] }
							}
						},
						{
							"name": "Cube23",
							"from": [ 12.0, 2.0, 10.0 ],
							"to": [ 14.0, 14.0, 16.0 ],
							"rotationOrigin": [ 12.0, 2.0, 16.0 ],
							"faces": {
								"north": { "texture": "#castiron", "uv": [ 0.0, 0.0, 2.0, 12.0 ] },
								"east": { "texture": "#castiron", "uv": [ 0.0, 0.0, 6.0, 12.0 ] },
								"south": { "texture": "#castiron", "uv": [ 0.0, 0.0, 2.0, 12.0 ] },
								"up": { "texture": "#castiron", "uv": [ 0.0, 0.0, 2.0, 6.0 ] },
								"down": { "texture": "#castiron", "uv": [ 0.0, 0.0, 2.0, 6.0 ] }
							}
						},
						{
							"name": "Cube10",
							"from": [ 3.0, 5.0, 2.0 ],
							"to": [ 3.5, 11.0, 10.0 ],
							"rotationOrigin": [ 3.0, 5.0, 2.0 ],
							"faces": {
								"north": { "texture": "#castiron", "uv": [ 0.0, 0.0, 0.5, 6.0 ] },
								"west": { "texture": "#castiron", "uv": [ 0.0, 0.0, 8.0, 6.0 ] },
								"up": { "texture": "#castiron", "uv": [ 0.0, 0.0, 0.5, 8.0 ] },
								"down": { "texture": "#castiron", "uv": [ 0.0, 0.0, 0.5, 8.0 ] }
							},
							"children": [
								{
									"name": "Cube12",
									"from": [ 0.5, 0.0, 0.0 ],
									"to": [ 1.0, 6.0, 8.0 ],
									"rotationOrigin": [ 0.5, 0.0, 0.0 ],
									"faces": {
										"north": { "texture": "#bronze", "uv": [ 0.0, 0.0, 0.5, 6.0 ], "windMode": [-1,-1,-1,-1] },
										"east": { "texture": "#bronze", "uv": [ 0.0, 0.0, 8.0, 6.0 ], "windMode": [-1,-1,-1,-1] },
										"up": { "texture": "#bronze", "uv": [ 0.0, 0.0, 0.5, 8.0 ] },
										"down": { "texture": "#bronze", "uv": [ 0.0, 0.0, 0.5, 8.0 ] }
									},
									"children": [
										{
											"name": "Cube13",
											"from": [ 0.5, -0.2, 1.25 ],
											"to": [ 1.0, 6.2, 1.65 ],
											"rotationOrigin": [ 0.5, -0.2, 1.0 ],
											"faces": {
												"north": { "texture": "#copper", "uv": [ 0.0, 0.0, 0.5, 6.0 ] },
												"east": { "texture": "#copper", "uv": [ 0.0, 0.0, 0.5, 6.0 ] },
												"south": { "texture": "#copper", "uv": [ 0.0, 0.0, 0.5, 6.0 ] },
												"up": { "texture": "#copper", "uv": [ 0.0, 0.0, 0.5, 0.5 ] },
												"down": { "texture": "#copper", "uv": [ 0.0, 0.0, 0.5, 0.5 ] }
											}
										},
										{
											"name": "Cube14",
											"from": [ 0.5, -0.2, 2.35 ],
											"to": [ 1.0, 6.2, 2.75 ],
											"rotationOrigin": [ 0.5, -0.2, 2.1 ],
											"faces": {
												"north": { "texture": "#copper", "uv": [ 0.0, 0.0, 0.5, 6.0 ] },
												"east": { "texture": "#copper", "uv": [ 0.0, 0.0, 0.5, 6.0 ] },
												"south": { "texture": "#copper", "uv": [ 0.0, 0.0, 0.5, 6.0 ] },
												"up": { "texture": "#copper", "uv": [ 0.0, 0.0, 0.5, 0.5 ] },
												"down": { "texture": "#copper", "uv": [ 0.0, 0.0, 0.5, 0.5 ] }
											}
										},
										{
											"name": "Cube21",
											"from": [ 0.5, -0.2, 4.75 ],
											"to": [ 1.0, 6.2, 5.15 ],
											"rotationOrigin": [ 0.5, -0.2, 4.5 ],
											"faces": {
												"north": { "texture": "#copper", "uv": [ 0.0, 0.0, 0.5, 6.0 ] },
												"east": { "texture": "#copper", "uv": [ 0.0, 0.0, 0.5, 6.0 ] },
												"south": { "texture": "#copper", "uv": [ 0.0, 0.0, 0.5, 6.0 ] },
												"up": { "texture": "#copper", "uv": [ 0.0, 0.0, 0.5, 0.5 ] },
												"down": { "texture": "#copper", "uv": [ 0.0, 0.0, 0.5, 0.5 ] }
											}
										},
										{
											"name": "Cube24",
											"from": [ 0.5, -0.2, 5.85 ],
											"to": [ 1.0, 6.2, 6.25 ],
											"rotationOrigin": [ 0.5, -0.2, 5.6 ],
											"faces": {
												"north": { "texture": "#copper", "uv": [ 0.0, 0.0, 0.5, 6.0 ] },
												"east": { "texture": "#copper", "uv": [ 0.0, 0.0, 0.5, 6.0 ] },
												"south": { "texture": "#copper", "uv": [ 0.0, 0.0, 0.5, 6.0 ] },
												"up": { "texture": "#copper", "uv": [ 0.0, 0.0, 0.5, 0.5 ] },
												"down": { "texture": "#copper", "uv": [ 0.0, 0.0, 0.5, 0.5 ] }
											}
										}
									]
								},
								{
									"name": "Cube15",
									"from": [ 0.0, 6.0, 1.0 ],
									"to": [ 0.5, 8.8, 3.0 ],
									"rotationOrigin": [ 0.0, 6.0, 1.0 ],
									"rotationZ": -45.0,
									"faces": {
										"north": { "texture": "#castiron", "uv": [ 0.0, 0.0, 0.5, 2.5 ] },
										"east": { "texture": "#castiron", "uv": [ 0.0, 0.0, 2.0, 2.5 ] },
										"south": { "texture": "#castiron", "uv": [ 0.0, 0.0, 0.5, 2.5 ] },
										"west": { "texture": "#castiron", "uv": [ 0.0, 0.0, 2.0, 2.5 ] },
										"up": { "texture": "#castiron", "uv": [ 0.0, 0.0, 0.5, 2.0 ] },
										"down": { "texture": "#castiron", "uv": [ 0.0, 0.0, 0.5, 2.0 ] }
									},
									"children": [
										{
											"name": "Cube17",
											"from": [ 0.4657, -0.1, 0.2 ],
											"to": [ 0.9657, 2.7, 0.7 ],
											"rotationOrigin": [ 0.5657, 0.0, 0.2 ],
											"faces": {
												"north": { "texture": "#copper", "uv": [ 0.0, 0.0, 0.5, 2.5 ] },
												"east": { "texture": "#copper", "uv": [ 0.0, 0.0, 0.5, 2.5 ] },
												"south": { "texture": "#copper", "uv": [ 0.0, 0.0, 0.5, 2.5 ] },
												"west": { "texture": "#copper", "uv": [ 0.0, 0.0, 0.5, 2.5 ] },
												"up": { "texture": "#copper", "uv": [ 0.0, 0.0, 0.5, 0.5 ] },
												"down": { "texture": "#copper", "uv": [ 0.0, 0.0, 0.5, 0.5 ] }
											}
										},
										{
											"name": "Cube19",
											"from": [ 0.4657, -0.1, 1.3 ],
											"to": [ 0.9657, 2.7, 1.8 ],
											"rotationOrigin": [ 0.5657, 0.0, 1.3 ],
											"faces": {
												"north": { "texture": "#copper", "uv": [ 0.0, 0.0, 0.5, 2.5 ] },
												"east": { "texture": "#copper", "uv": [ 0.0, 0.0, 0.5, 2.5 ] },
												"south": { "texture": "#copper", "uv": [ 0.0, 0.0, 0.5, 2.5 ] },
												"west": { "texture": "#copper", "uv": [ 0.0, 0.0, 0.5, 2.5 ] },
												"up": { "texture": "#copper", "uv": [ 0.0, 0.0, 0.5, 0.5 ] },
												"down": { "texture": "#copper", "uv": [ 0.0, 0.0, 0.5, 0.5 ] }
											}
										}
									]
								},
								{
									"name": "Cube16",
									"from": [ 0.0, 6.0, 4.5 ],
									"to": [ 0.5, 8.8, 6.5 ],
									"rotationOrigin": [ 0.0, 6.0, 4.5 ],
									"rotationZ": -45.0,
									"faces": {
										"north": { "texture": "#castiron", "uv": [ 0.0, 0.0, 0.5, 2.5 ] },
										"east": { "texture": "#castiron", "uv": [ 0.0, 0.0, 2.0, 2.5 ] },
										"south": { "texture": "#castiron", "uv": [ 0.0, 0.0, 0.5, 2.5 ] },
										"west": { "texture": "#castiron", "uv": [ 0.0, 0.0, 2.0, 2.5 ] },
										"up": { "texture": "#castiron", "uv": [ 0.0, 0.0, 0.5, 2.0 ] },
										"down": { "texture": "#castiron", "uv": [ 0.0, 0.0, 0.5, 2.0 ] }
									},
									"children": [
										{
											"name": "Cube18",
											"from": [ 0.4657, -0.1, 0.2 ],
											"to": [ 0.9657, 2.7, 0.7 ],
											"rotationOrigin": [ 0.5657, 0.0, 0.2 ],
											"faces": {
												"north": { "texture": "#copper", "uv": [ 0.0, 0.0, 0.5, 2.5 ] },
												"east": { "texture": "#copper", "uv": [ 0.0, 0.0, 0.5, 2.5 ] },
												"south": { "texture": "#copper", "uv": [ 0.0, 0.0, 0.5, 2.5 ] },
												"west": { "texture": "#copper", "uv": [ 0.0, 0.0, 0.5, 2.5 ] },
												"up": { "texture": "#copper", "uv": [ 0.0, 0.0, 0.5, 0.5 ] },
												"down": { "texture": "#copper", "uv": [ 0.0, 0.0, 0.5, 0.5 ] }
											}
										},
										{
											"name": "Cube20",
											"from": [ 0.4657, -0.1, 1.3 ],
											"to": [ 0.9657, 2.7, 1.8 ],
											"rotationOrigin": [ 0.5657, 0.0, 1.3 ],
											"faces": {
												"north": { "texture": "#copper", "uv": [ 0.0, 0.0, 0.5, 2.5 ] },
												"east": { "texture": "#copper", "uv": [ 0.0, 0.0, 0.5, 2.5 ] },
												"south": { "texture": "#copper", "uv": [ 0.0, 0.0, 0.5, 2.5 ] },
												"west": { "texture": "#copper", "uv": [ 0.0, 0.0, 0.5, 2.5 ] },
												"up": { "texture": "#copper", "uv": [ 0.0, 0.0, 0.5, 0.5 ] },
												"down": { "texture": "#copper", "uv": [ 0.0, 0.0, 0.5, 0.5 ] }
											}
										}
									]
								}
							]
						},
						{
							"name": "Cube25",
							"from": [ 5.0, 13.0, 2.0 ],
							"to": [ 5.5, 19.0, 10.0 ],
							"rotationOrigin": [ 5.0, 13.0, 2.0 ],
							"rotationZ": -90.0,
							"faces": {
								"north": { "texture": "#castiron", "uv": [ 0.0, 0.0, 0.5, 6.0 ] },
								"west": { "texture": "#castiron", "uv": [ 0.0, 0.0, 8.0, 6.0 ] },
								"up": { "texture": "#castiron", "uv": [ 0.0, 0.0, 0.5, 8.0 ] },
								"down": { "texture": "#castiron", "uv": [ 0.0, 0.0, 0.5, 8.0 ] }
							},
							"children": [
								{
									"name": "Cube26",
									"from": [ 0.5, 0.0, 0.0 ],
									"to": [ 1.0, 6.0, 8.0 ],
									"rotationOrigin": [ 0.5, 0.0, 0.0 ],
									"faces": {
										"north": { "texture": "#bronze", "uv": [ 0.0, 0.0, 0.5, 6.0 ], "windMode": [-1,-1,-1,-1] },
										"east": { "texture": "#bronze", "uv": [ 0.0, 0.0, 8.0, 6.0 ], "windMode": [-1,-1,-1,-1] },
										"up": { "texture": "#bronze", "uv": [ 0.0, 0.0, 0.5, 8.0 ] },
										"down": { "texture": "#bronze", "uv": [ 0.0, 0.0, 0.5, 8.0 ] }
									},
									"children": [
										{
											"name": "Cube27",
											"from": [ 0.5, -0.2, 1.25 ],
											"to": [ 1.0, 6.2, 1.65 ],
											"rotationOrigin": [ 0.5, -0.2, 1.0 ],
											"faces": {
												"north": { "texture": "#copper", "uv": [ 0.0, 0.0, 0.5, 6.0 ] },
												"east": { "texture": "#copper", "uv": [ 0.0, 0.0, 0.5, 6.0 ] },
												"south": { "texture": "#copper", "uv": [ 0.0, 0.0, 0.5, 6.0 ] },
												"up": { "texture": "#copper", "uv": [ 0.0, 0.0, 0.5, 0.5 ] },
												"down": { "texture": "#copper", "uv": [ 0.0, 0.0, 0.5, 0.5 ] }
											}
										},
										{
											"name": "Cube28",
											"from": [ 0.5, -0.2, 2.35 ],
											"to": [ 1.0, 6.2, 2.75 ],
											"rotationOrigin": [ 0.5, -0.2, 2.1 ],
											"faces": {
												"north": { "texture": "#copper", "uv": [ 0.0, 0.0, 0.5, 6.0 ] },
												"east": { "texture": "#copper", "uv": [ 0.0, 0.0, 0.5, 6.0 ] },
												"south": { "texture": "#copper", "uv": [ 0.0, 0.0, 0.5, 6.0 ] },
												"up": { "texture": "#copper", "uv": [ 0.0, 0.0, 0.5, 0.5 ] },
												"down": { "texture": "#copper", "uv": [ 0.0, 0.0, 0.5, 0.5 ] }
											}
										},
										{
											"name": "Cube29",
											"from": [ 0.5, -0.2, 4.75 ],
											"to": [ 1.0, 6.2, 5.15 ],
											"rotationOrigin": [ 0.5, -0.2, 4.5 ],
											"faces": {
												"north": { "texture": "#copper", "uv": [ 0.0, 0.0, 0.5, 6.0 ] },
												"east": { "texture": "#copper", "uv": [ 0.0, 0.0, 0.5, 6.0 ] },
												"south": { "texture": "#copper", "uv": [ 0.0, 0.0, 0.5, 6.0 ] },
												"up": { "texture": "#copper", "uv": [ 0.0, 0.0, 0.5, 0.5 ] },
												"down": { "texture": "#copper", "uv": [ 0.0, 0.0, 0.5, 0.5 ] }
											}
										},
										{
											"name": "Cube30",
											"from": [ 0.5, -0.2, 5.85 ],
											"to": [ 1.0, 6.2, 6.25 ],
											"rotationOrigin": [ 0.5, -0.2, 5.6 ],
											"faces": {
												"north": { "texture": "#copper", "uv": [ 0.0, 0.0, 0.5, 6.0 ] },
												"east": { "texture": "#copper", "uv": [ 0.0, 0.0, 0.5, 6.0 ] },
												"south": { "texture": "#copper", "uv": [ 0.0, 0.0, 0.5, 6.0 ] },
												"up": { "texture": "#copper", "uv": [ 0.0, 0.0, 0.5, 0.5 ] },
												"down": { "texture": "#copper", "uv": [ 0.0, 0.0, 0.5, 0.5 ] }
											}
										}
									]
								},
								{
									"name": "Cube31",
									"from": [ 0.0, 6.0, 1.0 ],
									"to": [ 0.5, 8.8, 3.0 ],
									"rotationOrigin": [ 0.0, 6.0, 1.0 ],
									"rotationZ": -45.0,
									"faces": {
										"north": { "texture": "#castiron", "uv": [ 0.0, 0.0, 0.5, 2.5 ] },
										"east": { "texture": "#castiron", "uv": [ 0.0, 0.0, 2.0, 2.5 ] },
										"south": { "texture": "#castiron", "uv": [ 0.0, 0.0, 0.5, 2.5 ] },
										"west": { "texture": "#castiron", "uv": [ 0.0, 0.0, 2.0, 2.5 ] },
										"up": { "texture": "#castiron", "uv": [ 0.0, 0.0, 0.5, 2.0 ] },
										"down": { "texture": "#castiron", "uv": [ 0.0, 0.0, 0.5, 2.0 ] }
									},
									"children": [
										{
											"name": "Cube32",
											"from": [ 0.4657, -0.1, 0.2 ],
											"to": [ 0.9657, 2.7, 0.7 ],
											"rotationOrigin": [ 0.5657, 0.0, 0.2 ],
											"faces": {
												"north": { "texture": "#copper", "uv": [ 0.0, 0.0, 0.5, 2.5 ] },
												"east": { "texture": "#copper", "uv": [ 0.0, 0.0, 0.5, 2.5 ] },
												"south": { "texture": "#copper", "uv": [ 0.0, 0.0, 0.5, 2.5 ] },
												"west": { "texture": "#copper", "uv": [ 0.0, 0.0, 0.5, 2.5 ] },
												"up": { "texture": "#copper", "uv": [ 0.0, 0.0, 0.5, 0.5 ] },
												"down": { "texture": "#copper", "uv": [ 0.0, 0.0, 0.5, 0.5 ] }
											}
										},
										{
											"name": "Cube33",
											"from": [ 0.4657, -0.1, 1.3 ],
											"to": [ 0.9657, 2.7, 1.8 ],
											"rotationOrigin": [ 0.5657, 0.0, 1.3 ],
											"faces": {
												"north": { "texture": "#copper", "uv": [ 0.0, 0.0, 0.5, 2.5 ] },
												"east": { "texture": "#copper", "uv": [ 0.0, 0.0, 0.5, 2.5 ] },
												"south": { "texture": "#copper", "uv": [ 0.0, 0.0, 0.5, 2.5 ] },
												"west": { "texture": "#copper", "uv": [ 0.0, 0.0, 0.5, 2.5 ] },
												"up": { "texture": "#copper", "uv": [ 0.0, 0.0, 0.5, 0.5 ] },
												"down": { "texture": "#copper", "uv": [ 0.0, 0.0, 0.5, 0.5 ] }
											}
										}
									]
								},
								{
									"name": "Cube34",
									"from": [ 0.0, 6.0, 4.5 ],
									"to": [ 0.5, 8.8, 6.5 ],
									"rotationOrigin": [ 0.0, 6.0, 4.5 ],
									"rotationZ": -45.0,
									"faces": {
										"north": { "texture": "#castiron", "uv": [ 0.0, 0.0, 0.5, 2.5 ] },
										"east": { "texture": "#castiron", "uv": [ 0.0, 0.0, 2.0, 2.5 ] },
										"south": { "texture": "#castiron", "uv": [ 0.0, 0.0, 0.5, 2.5 ] },
										"west": { "texture": "#castiron", "uv": [ 0.0, 0.0, 2.0, 2.5 ] },
										"up": { "texture": "#castiron", "uv": [ 0.0, 0.0, 0.5, 2.0 ] },
										"down": { "texture": "#castiron", "uv": [ 0.0, 0.0, 0.5, 2.0 ] }
									},
									"children": [
										{
											"name": "Cube35",
											"from": [ 0.4657, -0.1, 0.2 ],
											"to": [ 0.9657, 2.7, 0.7 ],
											"rotationOrigin": [ 0.5657, 0.0, 0.2 ],
											"faces": {
												"north": { "texture": "#copper", "uv": [ 0.0, 0.0, 0.5, 2.5 ] },
												"east": { "texture": "#copper", "uv": [ 0.0, 0.0, 0.5, 2.5 ] },
												"south": { "texture": "#copper", "uv": [ 0.0, 0.0, 0.5, 2.5 ] },
												"west": { "texture": "#copper", "uv": [ 0.0, 0.0, 0.5, 2.5 ] },
												"up": { "texture": "#copper", "uv": [ 0.0, 0.0, 0.5, 0.5 ] },
												"down": { "texture": "#copper", "uv": [ 0.0, 0.0, 0.5, 0.5 ] }
											}
										},
										{
											"name": "Cube36",
											"from": [ 0.4657, -0.1, 1.3 ],
											"to": [ 0.9657, 2.7, 1.8 ],
											"rotationOrigin": [ 0.5657, 0.0, 1.3 ],
											"faces": {
												"north": { "texture": "#copper", "uv": [ 0.0, 0.0, 0.5, 2.5 ] },
												"east": { "texture": "#copper", "uv": [ 0.0, 0.0, 0.5, 2.5 ] },
												"south": { "texture": "#copper", "uv": [ 0.0, 0.0, 0.5, 2.5 ] },
												"west": { "texture": "#copper", "uv": [ 0.0, 0.0, 0.5, 2.5 ] },
												"up": { "texture": "#copper", "uv": [ 0.0, 0.0, 0.5, 0.5 ] },
												"down": { "texture": "#copper", "uv": [ 0.0, 0.0, 0.5, 0.5 ] }
											}
										}
									]
								}
							]
						},
						{
							"name": "Cube37",
							"from": [ 13.0, 11.0, 2.0 ],
							"to": [ 13.5, 17.0, 10.0 ],
							"rotationOrigin": [ 13.0, 11.0, 2.0 ],
							"rotationZ": -180.0,
							"faces": {
								"north": { "texture": "#castiron", "uv": [ 0.0, 0.0, 0.5, 6.0 ] },
								"west": { "texture": "#castiron", "uv": [ 0.0, 0.0, 8.0, 6.0 ] },
								"up": { "texture": "#castiron", "uv": [ 0.0, 0.0, 0.5, 8.0 ] },
								"down": { "texture": "#castiron", "uv": [ 0.0, 0.0, 0.5, 8.0 ] }
							},
							"children": [
								{
									"name": "Cube38",
									"from": [ 0.5, 0.0, 0.0 ],
									"to": [ 1.0, 6.0, 8.0 ],
									"rotationOrigin": [ 0.5, 0.0, 0.0 ],
									"faces": {
										"north": { "texture": "#bronze", "uv": [ 0.0, 0.0, 0.5, 6.0 ], "windMode": [-1,-1,-1,-1] },
										"east": { "texture": "#bronze", "uv": [ 0.0, 0.0, 8.0, 6.0 ], "windMode": [-1,-1,-1,-1] },
										"up": { "texture": "#bronze", "uv": [ 0.0, 0.0, 0.5, 8.0 ] },
										"down": { "texture": "#bronze", "uv": [ 0.0, 0.0, 0.5, 8.0 ] }
									},
									"children": [
										{
											"name": "Cube39",
											"from": [ 0.5, -0.2, 1.25 ],
											"to": [ 1.0, 6.2, 1.65 ],
											"rotationOrigin": [ 0.5, -0.2, 1.0 ],
											"faces": {
												"north": { "texture": "#copper", "uv": [ 0.0, 0.0, 0.5, 6.0 ] },
												"east": { "texture": "#copper", "uv": [ 0.0, 0.0, 0.5, 6.0 ] },
												"south": { "texture": "#copper", "uv": [ 0.0, 0.0, 0.5, 6.0 ] },
												"up": { "texture": "#copper", "uv": [ 0.0, 0.0, 0.5, 0.5 ] },
												"down": { "texture": "#copper", "uv": [ 0.0, 0.0, 0.5, 0.5 ] }
											}
										},
										{
											"name": "Cube40",
											"from": [ 0.5, -0.2, 2.35 ],
											"to": [ 1.0, 6.2, 2.75 ],
											"rotationOrigin": [ 0.5, -0.2, 2.1 ],
											"faces": {
												"north": { "texture": "#copper", "uv": [ 0.0, 0.0, 0.5, 6.0 ] },
												"east": { "texture": "#copper", "uv": [ 0.0, 0.0, 0.5, 6.0 ] },
												"south": { "texture": "#copper", "uv": [ 0.0, 0.0, 0.5, 6.0 ] },
												"up": { "texture": "#copper", "uv": [ 0.0, 0.0, 0.5, 0.5 ] },
												"down": { "texture": "#copper", "uv": [ 0.0, 0.0, 0.5, 0.5 ] }
											}
										},
										{
											"name": "Cube41",
											"from": [ 0.5, -0.2, 4.75 ],
											"to": [ 1.0, 6.2, 5.15 ],
											"rotationOrigin": [ 0.5, -0.2, 4.5 ],
											"faces": {
												"north": { "texture": "#copper", "uv": [ 0.0, 0.0, 0.5, 6.0 ] },
												"east": { "texture": "#copper", "uv": [ 0.0, 0.0, 0.5, 6.0 ] },
												"south": { "texture": "#copper", "uv": [ 0.0, 0.0, 0.5, 6.0 ] },
												"up": { "texture": "#copper", "uv": [ 0.0, 0.0, 0.5, 0.5 ] },
												"down": { "texture": "#copper", "uv": [ 0.0, 0.0, 0.5, 0.5 ] }
											}
										},
										{
											"name": "Cube42",
											"from": [ 0.5, -0.2, 5.85 ],
											"to": [ 1.0, 6.2, 6.25 ],
											"rotationOrigin": [ 0.5, -0.2, 5.6 ],
											"faces": {
												"north": { "texture": "#copper", "uv": [ 0.0, 0.0, 0.5, 6.0 ] },
												"east": { "texture": "#copper", "uv": [ 0.0, 0.0, 0.5, 6.0 ] },
												"south": { "texture": "#copper", "uv": [ 0.0, 0.0, 0.5, 6.0 ] },
												"up": { "texture": "#copper", "uv": [ 0.0, 0.0, 0.5, 0.5 ] },
												"down": { "texture": "#copper", "uv": [ 0.0, 0.0, 0.5, 0.5 ] }
											}
										}
									]
								},
								{
									"name": "Cube43",
									"from": [ 0.0, 6.0, 1.0 ],
									"to": [ 0.5, 8.8, 3.0 ],
									"rotationOrigin": [ 0.0, 6.0, 1.0 ],
									"rotationZ": -45.0,
									"faces": {
										"north": { "texture": "#castiron", "uv": [ 0.0, 0.0, 0.5, 2.5 ] },
										"east": { "texture": "#castiron", "uv": [ 0.0, 0.0, 2.0, 2.5 ] },
										"south": { "texture": "#castiron", "uv": [ 0.0, 0.0, 0.5, 2.5 ] },
										"west": { "texture": "#castiron", "uv": [ 0.0, 0.0, 2.0, 2.5 ] },
										"up": { "texture": "#castiron", "uv": [ 0.0, 0.0, 0.5, 2.0 ] },
										"down": { "texture": "#castiron", "uv": [ 0.0, 0.0, 0.5, 2.0 ] }
									},
									"children": [
										{
											"name": "Cube44",
											"from": [ 0.4657, -0.1, 0.2 ],
											"to": [ 0.9657, 2.7, 0.7 ],
											"rotationOrigin": [ 0.5657, 0.0, 0.2 ],
											"faces": {
												"north": { "texture": "#copper", "uv": [ 0.0, 0.0, 0.5, 2.5 ] },
												"east": { "texture": "#copper", "uv": [ 0.0, 0.0, 0.5, 2.5 ] },
												"south": { "texture": "#copper", "uv": [ 0.0, 0.0, 0.5, 2.5 ] },
												"west": { "texture": "#copper", "uv": [ 0.0, 0.0, 0.5, 2.5 ] },
												"up": { "texture": "#copper", "uv": [ 0.0, 0.0, 0.5, 0.5 ] },
												"down": { "texture": "#copper", "uv": [ 0.0, 0.0, 0.5, 0.5 ] }
											}
										},
										{
											"name": "Cube45",
											"from": [ 0.4657, -0.1, 1.3 ],
											"to": [ 0.9657, 2.7, 1.8 ],
											"rotationOrigin": [ 0.5657, 0.0, 1.3 ],
											"faces": {
												"north": { "texture": "#copper", "uv": [ 0.0, 0.0, 0.5, 2.5 ] },
												"east": { "texture": "#copper", "uv": [ 0.0, 0.0, 0.5, 2.5 ] },
												"south": { "texture": "#copper", "uv": [ 0.0, 0.0, 0.5, 2.5 ] },
												"west": { "texture": "#copper", "uv": [ 0.0, 0.0, 0.5, 2.5 ] },
												"up": { "texture": "#copper", "uv": [ 0.0, 0.0, 0.5, 0.5 ] },
												"down": { "texture": "#copper", "uv": [ 0.0, 0.0, 0.5, 0.5 ] }
											}
										}
									]
								},
								{
									"name": "Cube46",
									"from": [ 0.0, 6.0, 4.5 ],
									"to": [ 0.5, 8.8, 6.5 ],
									"rotationOrigin": [ 0.0, 6.0, 4.5 ],
									"rotationZ": -45.0,
									"faces": {
										"north": { "texture": "#castiron", "uv": [ 0.0, 0.0, 0.5, 2.5 ] },
										"east": { "texture": "#castiron", "uv": [ 0.0, 0.0, 2.0, 2.5 ] },
										"south": { "texture": "#castiron", "uv": [ 0.0, 0.0, 0.5, 2.5 ] },
										"west": { "texture": "#castiron", "uv": [ 0.0, 0.0, 2.0, 2.5 ] },
										"up": { "texture": "#castiron", "uv": [ 0.0, 0.0, 0.5, 2.0 ] },
										"down": { "texture": "#castiron", "uv": [ 0.0, 0.0, 0.5, 2.0 ] }
									},
									"children": [
										{
											"name": "Cube47",
											"from": [ 0.4657, -0.1, 0.2 ],
											"to": [ 0.9657, 2.7, 0.7 ],
											"rotationOrigin": [ 0.5657, 0.0, 0.2 ],
											"faces": {
												"north": { "texture": "#copper", "uv": [ 0.0, 0.0, 0.5, 2.5 ] },
												"east": { "texture": "#copper", "uv": [ 0.0, 0.0, 0.5, 2.5 ] },
												"south": { "texture": "#copper", "uv": [ 0.0, 0.0, 0.5, 2.5 ] },
												"west": { "texture": "#copper", "uv": [ 0.0, 0.0, 0.5, 2.5 ] },
												"up": { "texture": "#copper", "uv": [ 0.0, 0.0, 0.5, 0.5 ] },
												"down": { "texture": "#copper", "uv": [ 0.0, 0.0, 0.5, 0.5 ] }
											}
										},
										{
											"name": "Cube48",
											"from": [ 0.4657, -0.1, 1.3 ],
											"to": [ 0.9657, 2.7, 1.8 ],
											"rotationOrigin": [ 0.5657, 0.0, 1.3 ],
											"faces": {
												"north": { "texture": "#copper", "uv": [ 0.0, 0.0, 0.5, 2.5 ] },
												"east": { "texture": "#copper", "uv": [ 0.0, 0.0, 0.5, 2.5 ] },
												"south": { "texture": "#copper", "uv": [ 0.0, 0.0, 0.5, 2.5 ] },
												"west": { "texture": "#copper", "uv": [ 0.0, 0.0, 0.5, 2.5 ] },
												"up": { "texture": "#copper", "uv": [ 0.0, 0.0, 0.5, 0.5 ] },
												"down": { "texture": "#copper", "uv": [ 0.0, 0.0, 0.5, 0.5 ] }
											}
										}
									]
								}
							]
						},
						{
							"name": "Cube49",
							"from": [ 11.0, 3.0, 2.0 ],
							"to": [ 11.5, 9.0, 10.0 ],
							"rotationOrigin": [ 11.0, 3.0, 2.0 ],
							"rotationZ": 90.0,
							"faces": {
								"north": { "texture": "#castiron", "uv": [ 0.0, 0.0, 0.5, 6.0 ] },
								"west": { "texture": "#castiron", "uv": [ 0.0, 0.0, 8.0, 6.0 ] },
								"up": { "texture": "#castiron", "uv": [ 0.0, 0.0, 0.5, 8.0 ] },
								"down": { "texture": "#castiron", "uv": [ 0.0, 0.0, 0.5, 8.0 ] }
							},
							"children": [
								{
									"name": "Cube50",
									"from": [ 0.5, 0.0, 0.0 ],
									"to": [ 1.0, 6.0, 8.0 ],
									"rotationOrigin": [ 0.5, 0.0, 0.0 ],
									"faces": {
										"north": { "texture": "#bronze", "uv": [ 0.0, 0.0, 0.5, 6.0 ], "windMode": [-1,-1,-1,-1] },
										"east": { "texture": "#bronze", "uv": [ 0.0, 0.0, 8.0, 6.0 ], "windMode": [-1,-1,-1,-1] },
										"up": { "texture": "#bronze", "uv": [ 0.0, 0.0, 0.5, 8.0 ] },
										"down": { "texture": "#bronze", "uv": [ 0.0, 0.0, 0.5, 8.0 ] }
									},
									"children": [
										{
											"name": "Cube51",
											"from": [ 0.5, -0.2, 1.25 ],
											"to": [ 1.0, 6.2, 1.65 ],
											"rotationOrigin": [ 0.5, -0.2, 1.0 ],
											"faces": {
												"north": { "texture": "#copper", "uv": [ 0.0, 0.0, 0.5, 6.0 ] },
												"east": { "texture": "#copper", "uv": [ 0.0, 0.0, 0.5, 6.0 ] },
												"south": { "texture": "#copper", "uv": [ 0.0, 0.0, 0.5, 6.0 ] },
												"up": { "texture": "#copper", "uv": [ 0.0, 0.0, 0.5, 0.5 ] },
												"down": { "texture": "#copper", "uv": [ 0.0, 0.0, 0.5, 0.5 ] }
											}
										},
										{
											"name": "Cube52",
											"from": [ 0.5, -0.2, 2.35 ],
											"to": [ 1.0, 6.2, 2.75 ],
											"rotationOrigin": [ 0.5, -0.2, 2.1 ],
											"faces": {
												"north": { "texture": "#copper", "uv": [ 0.0, 0.0, 0.5, 6.0 ] },
												"east": { "texture": "#copper", "uv": [ 0.0, 0.0, 0.5, 6.0 ] },
												"south": { "texture": "#copper", "uv": [ 0.0, 0.0, 0.5, 6.0 ] },
												"up": { "texture": "#copper", "uv": [ 0.0, 0.0, 0.5, 0.5 ] },
												"down": { "texture": "#copper", "uv": [ 0.0, 0.0, 0.5, 0.5 ] }
											}
										},
										{
											"name": "Cube53",
											"from": [ 0.5, -0.2, 4.75 ],
											"to": [ 1.0, 6.2, 5.15 ],
											"rotationOrigin": [ 0.5, -0.2, 4.5 ],
											"faces": {
												"north": { "texture": "#copper", "uv": [ 0.0, 0.0, 0.5, 6.0 ] },
												"east": { "texture": "#copper", "uv": [ 0.0, 0.0, 0.5, 6.0 ] },
												"south": { "texture": "#copper", "uv": [ 0.0, 0.0, 0.5, 6.0 ] },
												"up": { "texture": "#copper", "uv": [ 0.0, 0.0, 0.5, 0.5 ] },
												"down": { "texture": "#copper", "uv": [ 0.0, 0.0, 0.5, 0.5 ] }
											}
										},
										{
											"name": "Cube54",
											"from": [ 0.5, -0.2, 5.85 ],
											"to": [ 1.0, 6.2, 6.25 ],
											"rotationOrigin": [ 0.5, -0.2, 5.6 ],
											"faces": {
												"north": { "texture": "#copper", "uv": [ 0.0, 0.0, 0.5, 6.0 ] },
												"east": { "texture": "#copper", "uv": [ 0.0, 0.0, 0.5, 6.0 ] },
												"south": { "texture": "#copper", "uv": [ 0.0, 0.0, 0.5, 6.0 ] },
												"up": { "texture": "#copper", "uv": [ 0.0, 0.0, 0.5, 0.5 ] },
												"down": { "texture": "#copper", "uv": [ 0.0, 0.0, 0.5, 0.5 ] }
											}
										}
									]
								},
								{
									"name": "Cube55",
									"from": [ 0.0, 6.0, 1.0 ],
									"to": [ 0.5, 8.8, 3.0 ],
									"rotationOrigin": [ 0.0, 6.0, 1.0 ],
									"rotationZ": -45.0,
									"faces": {
										"north": { "texture": "#castiron", "uv": [ 0.0, 0.0, 0.5, 2.5 ] },
										"east": { "texture": "#castiron", "uv": [ 0.0, 0.0, 2.0, 2.5 ] },
										"south": { "texture": "#castiron", "uv": [ 0.0, 0.0, 0.5, 2.5 ] },
										"west": { "texture": "#castiron", "uv": [ 0.0, 0.0, 2.0, 2.5 ] },
										"up": { "texture": "#castiron", "uv": [ 0.0, 0.0, 0.5, 2.0 ] },
										"down": { "texture": "#castiron", "uv": [ 0.0, 0.0, 0.5, 2.0 ] }
									},
									"children": [
										{
											"name": "Cube56",
											"from": [ 0.4657, -0.1, 0.2 ],
											"to": [ 0.9657, 2.7, 0.7 ],
											"rotationOrigin": [ 0.5657, 0.0, 0.2 ],
											"faces": {
												"north": { "texture": "#copper", "uv": [ 0.0, 0.0, 0.5, 2.5 ] },
												"east": { "texture": "#copper", "uv": [ 0.0, 0.0, 0.5, 2.5 ] },
												"south": { "texture": "#copper", "uv": [ 0.0, 0.0, 0.5, 2.5 ] },
												"west": { "texture": "#copper", "uv": [ 0.0, 0.0, 0.5, 2.5 ] },
												"up": { "texture": "#copper", "uv": [ 0.0, 0.0, 0.5, 0.5 ] },
												"down": { "texture": "#copper", "uv": [ 0.0, 0.0, 0.5, 0.5 ] }
											}
										},
										{
											"name": "Cube57",
											"from": [ 0.4657, -0.1, 1.3 ],
											"to": [ 0.9657, 2.7, 1.8 ],
											"rotationOrigin": [ 0.5657, 0.0, 1.3 ],
											"faces": {
												"north": { "texture": "#copper", "uv": [ 0.0, 0.0, 0.5, 2.5 ] },
												"east": { "texture": "#copper", "uv": [ 0.0, 0.0, 0.5, 2.5 ] },
												"south": { "texture": "#copper", "uv": [ 0.0, 0.0, 0.5, 2.5 ] },
												"west": { "texture": "#copper", "uv": [ 0.0, 0.0, 0.5, 2.5 ] },
												"up": { "texture": "#copper", "uv": [ 0.0, 0.0, 0.5, 0.5 ] },
												"down": { "texture": "#copper", "uv": [ 0.0, 0.0, 0.5, 0.5 ] }
											}
										}
									]
								},
								{
									"name": "Cube58",
									"from": [ 0.0, 6.0, 4.5 ],
									"to": [ 0.5, 8.8, 6.5 ],
									"rotationOrigin": [ 0.0, 6.0, 4.5 ],
									"rotationZ": -45.0,
									"faces": {
										"north": { "texture": "#castiron", "uv": [ 0.0, 0.0, 0.5, 2.5 ] },
										"east": { "texture": "#castiron", "uv": [ 0.0, 0.0, 2.0, 2.5 ] },
										"south": { "texture": "#castiron", "uv": [ 0.0, 0.0, 0.5, 2.5 ] },
										"west": { "texture": "#castiron", "uv": [ 0.0, 0.0, 2.0, 2.5 ] },
										"up": { "texture": "#castiron", "uv": [ 0.0, 0.0, 0.5, 2.0 ] },
										"down": { "texture": "#castiron", "uv": [ 0.0, 0.0, 0.5, 2.0 ] }
									},
									"children": [
										{
											"name": "Cube59",
											"from": [ 0.4657, -0.1, 0.2 ],
											"to": [ 0.9657, 2.7, 0.7 ],
											"rotationOrigin": [ 0.5657, 0.0, 0.2 ],
											"faces": {
												"north": { "texture": "#copper", "uv": [ 0.0, 0.0, 0.5, 2.5 ] },
												"east": { "texture": "#copper", "uv": [ 0.0, 0.0, 0.5, 2.5 ] },
												"south": { "texture": "#copper", "uv": [ 0.0, 0.0, 0.5, 2.5 ] },
												"west": { "texture": "#copper", "uv": [ 0.0, 0.0, 0.5, 2.5 ] },
												"up": { "texture": "#copper", "uv": [ 0.0, 0.0, 0.5, 0.5 ] },
												"down": { "texture": "#copper", "uv": [ 0.0, 0.0, 0.5, 0.5 ] }
											}
										},
										{
											"name": "Cube60",
											"from": [ 0.4657, -0.1, 1.3 ],
											"to": [ 0.9657, 2.7, 1.8 ],
											"rotationOrigin": [ 0.5657, 0.0, 1.3 ],
											"faces": {
												"north": { "texture": "#copper", "uv": [ 0.0, 0.0, 0.5, 2.5 ] },
												"east": { "texture": "#copper", "uv": [ 0.0, 0.0, 0.5, 2.5 ] },
												"south": { "texture": "#copper", "uv": [ 0.0, 0.0, 0.5, 2.5 ] },
												"west": { "texture": "#copper", "uv": [ 0.0, 0.0, 0.5, 2.5 ] },
												"up": { "texture": "#copper", "uv": [ 0.0, 0.0, 0.5, 0.5 ] },
												"down": { "texture": "#copper", "uv": [ 0.0, 0.0, 0.5, 0.5 ] }
											}
										}
									]
								}
							]
						}
					]
				}
			]
		}
	]}