{
	"code": "roof",
	"class": "vsroofing.RoofBlock",
	"entityclass": "vsroofing.AutoRoofEntity",
	"variantgroups": [
		{
			"code": "side",
			"loadFromProperties": "game:abstract/horizontalorientation"
		}
	],
	"attributes": {
		"chiselShapeFromCollisionBox": true,
		"canChisel": false,
		"handbook": {
			"exclude": true
		},
		"Roofs": {
			"thatch": {
				"DisplayName": "vsroofing:roof-thatch",
				"SlopeMin": 1,
				"SlopeMax": 4,
				"Shape": {
					"Slopes": [
						{
							"Main": "vsroofing:shapes/thatch/main/thatch-slope1.json",
							"Sections": "vsroofing:shapes/thatch/sections/thatch-slope1-8.json",
							"MainSnow": [
								"vsroofing:shapes/thatch/main/thatch-slope1-snow1.json",
								"vsroofing:shapes/thatch/main/thatch-slope1-snow2.json",
								"vsroofing:shapes/thatch/main/thatch-slope1-snow3.json"
							],
							"SectionsSnow": [
								"vsroofing:shapes/thatch/sections/thatch-slope1-8-snow1.json",
								"vsroofing:shapes/thatch/sections/thatch-slope1-8-snow2.json",
								"vsroofing:shapes/thatch/sections/thatch-slope1-8-snow3.json"
							]
						},
						{
							"Main": "vsroofing:shapes/thatch/main/thatch-slope2.json",
							"Sections": "vsroofing:shapes/thatch/sections/thatch-slope2-8.json",
							"MainSnow": [
								"vsroofing:shapes/thatch/main/thatch-slope2-snow1.json",
								"vsroofing:shapes/thatch/main/thatch-slope2-snow2.json",
								"vsroofing:shapes/thatch/main/thatch-slope2-snow3.json"
							],
							"SectionsSnow": [
								"vsroofing:shapes/thatch/sections/thatch-slope2-8-snow1.json",
								"vsroofing:shapes/thatch/sections/thatch-slope2-8-snow2.json",
								"vsroofing:shapes/thatch/sections/thatch-slope2-8-snow3.json"
							]
						},
						{
							"Main": "vsroofing:shapes/thatch/main/thatch-slope3.json",
							"Sections": "vsroofing:shapes/thatch/sections/thatch-slope3-8.json",
							"MainSnow": [
								"vsroofing:shapes/thatch/main/thatch-slope3-snow1.json",
								"vsroofing:shapes/thatch/main/thatch-slope3-snow2.json",
								"vsroofing:shapes/thatch/main/thatch-slope3-snow3.json"
							],
							"SectionsSnow": [
								"vsroofing:shapes/thatch/sections/thatch-slope3-8-snow1.json",
								"vsroofing:shapes/thatch/sections/thatch-slope3-8-snow2.json",
								"vsroofing:shapes/thatch/sections/thatch-slope3-8-snow3.json"
							]
						},
						{
							"Main": "vsroofing:shapes/thatch/main/thatch-slope4.json",
							"Sections": "vsroofing:shapes/thatch/sections/thatch-slope4-8.json",
							"MainSnow": [
								"vsroofing:shapes/thatch/main/thatch-slope4-snow1.json",
								"vsroofing:shapes/thatch/main/thatch-slope4-snow2.json",
								"vsroofing:shapes/thatch/main/thatch-slope4-snow3.json"
							],
							"SectionsSnow": [
								"vsroofing:shapes/thatch/sections/thatch-slope4-8-snow1.json",
								"vsroofing:shapes/thatch/sections/thatch-slope4-8-snow2.json",
								"vsroofing:shapes/thatch/sections/thatch-slope4-8-snow3.json"
							]
						}
					],
					"Rows": [
						4,
						4,
						4,
						4
					],
					"Columns": 8,
					"Offset": {
						"X": 0,
						"Y": 0.0625,
						"Z": 0
					}
				},
				"Textures": {
					"normal-side": {
						"base": "game:block/hay/normal-side"
					},
					"normal-top": {
						"base": "game:block/hay/normal-top"
					},
					"straw1": {
						"base": "game:block/plant/grassroofing/straw1"
					},
					"straw1-snow": {
						"base": "game:block/plant/grassroofing/straw-winter"
					}
				},
				"ColorTextureCode": "normal-top",
				"Sounds": {
					"Place": "game:sounds/block/plant",
					"Break": "game:sounds/block/plant",
					"Hit": "game:sounds/block/plant"
				},
				"Materials": [
					{
						"Primary": {
							"Code": [
								"game:drygrass",
								"game:thatch"
							],
							"Quantity": 4
						}
					}
				],
				"BlockMaterial": "Plant"
			},
			"shingle": {
				"DisplayName": "vsroofing:roof-clayshingle",
				"SlopeMin": 1,
				"SlopeMax": 5,
				"Shape": {
					"Slopes": [
						{
							"Main": "vsroofing:shapes/shingle/main/clay-slope1.json",
							"Sections": "vsroofing:shapes/shingle/sections/clay-slope1-8.json",
							"MainSnow": [
								"vsroofing:shapes/shingle/main/clay-slope1-snow1.json",
								"vsroofing:shapes/shingle/main/clay-slope1-snow2.json",
								"vsroofing:shapes/shingle/main/clay-slope1-snow3.json"
							],
							"SectionsSnow": [
								"vsroofing:shapes/shingle/sections/clay-slope1-8-snow1.json",
								"vsroofing:shapes/shingle/sections/clay-slope1-8-snow2.json",
								"vsroofing:shapes/shingle/sections/clay-slope1-8-snow3.json"
							]
						},
						{
							"Main": "vsroofing:shapes/shingle/main/clay-slope2.json",
							"Sections": "vsroofing:shapes/shingle/sections/clay-slope2-8.json",
							"MainSnow": [
								"vsroofing:shapes/shingle/main/clay-slope2-snow1.json",
								"vsroofing:shapes/shingle/main/clay-slope2-snow2.json",
								"vsroofing:shapes/shingle/main/clay-slope2-snow3.json"
							],
							"SectionsSnow": [
								"vsroofing:shapes/shingle/sections/clay-slope2-8-snow1.json",
								"vsroofing:shapes/shingle/sections/clay-slope2-8-snow2.json",
								"vsroofing:shapes/shingle/sections/clay-slope2-8-snow3.json"
							]
						},
						{
							"Main": "vsroofing:shapes/shingle/main/clay-slope3.json",
							"Sections": "vsroofing:shapes/shingle/sections/clay-slope3-8.json",
							"MainSnow": [
								"vsroofing:shapes/shingle/main/clay-slope3-snow1.json",
								"vsroofing:shapes/shingle/main/clay-slope3-snow2.json",
								"vsroofing:shapes/shingle/main/clay-slope3-snow3.json"
							],
							"SectionsSnow": [
								"vsroofing:shapes/shingle/sections/clay-slope3-8-snow1.json",
								"vsroofing:shapes/shingle/sections/clay-slope3-8-snow2.json",
								"vsroofing:shapes/shingle/sections/clay-slope3-8-snow3.json"
							]
						},
						{
							"Main": "vsroofing:shapes/shingle/main/clay-slope4.json",
							"Sections": "vsroofing:shapes/shingle/sections/clay-slope4-8.json",
							"MainSnow": [
								"vsroofing:shapes/shingle/main/clay-slope4-snow1.json",
								"vsroofing:shapes/shingle/main/clay-slope4-snow2.json",
								"vsroofing:shapes/shingle/main/clay-slope4-snow3.json"
							],
							"SectionsSnow": [
								"vsroofing:shapes/shingle/sections/clay-slope4-8-snow1.json",
								"vsroofing:shapes/shingle/sections/clay-slope4-8-snow2.json",
								"vsroofing:shapes/shingle/sections/clay-slope4-8-snow3.json"
							]
						},
						{
							"Main": "vsroofing:shapes/shingle/main/clay-slope5.json",
							"Sections": "vsroofing:shapes/shingle/sections/clay-slope5-8.json",
							"MainSnow": [
								"vsroofing:shapes/shingle/main/clay-slope5-snow1.json",
								"vsroofing:shapes/shingle/main/clay-slope5-snow2.json",
								"vsroofing:shapes/shingle/main/clay-slope5-snow3.json"
							],
							"SectionsSnow": [
								"vsroofing:shapes/shingle/sections/clay-slope5-8-snow1.json",
								"vsroofing:shapes/shingle/sections/clay-slope5-8-snow2.json",
								"vsroofing:shapes/shingle/sections/clay-slope5-8-snow3.json"
							]
						}
					],
					"Rows": [
						6,
						4,
						4,
						4,
						6
					],
					"Columns": 8,
					"Offset": {
						"X": 0,
						"Y": 0.125,
						"Z": 0
					}
				},
				"ColorTextureCode": "material",
				"TexturesFromMaterial": {
					"material": {
						"TextureCode": "material",
						"Material": 0
					}
				},
				"Sounds": {
					"Place": "game:sounds/block/ceramicplace"
				},
				"Materials": [
					{
						"Primary": {
							"Code": [
								"game:shingle-burned-*"
							],
							"Quantity": 1
						}
					}
				],
				"Offhand": {
					"Code": [
						"game:hammer-*"
					],
					"Quantity": 0
				},
				"BlockMaterial": "Ceramic"
			},
			"glass": {
				"DisplayName": "vsroofing:roof-glass",
				"SlopeMin": 1,
				"SlopeMax": 5,
				"Shape": {
					"Slopes": [
						{
							"Main": "vsroofing:shapes/glass/main/glass-slope1.json",
							"Sections": "vsroofing:shapes/glass/sections/glass-slope1-8.json",
							"MainSnow": [
								"vsroofing:shapes/glass/main/glass-slope1-snow1.json",
								"vsroofing:shapes/glass/main/glass-slope1-snow2.json",
								"vsroofing:shapes/glass/main/glass-slope1-snow3.json"
							],
							"SectionsSnow": [
								"vsroofing:shapes/glass/sections/glass-slope1-8-snow1.json",
								"vsroofing:shapes/glass/sections/glass-slope1-8-snow2.json",
								"vsroofing:shapes/glass/sections/glass-slope1-8-snow3.json"
							]
						},
						{
							"Main": "vsroofing:shapes/glass/main/glass-slope2.json",
							"Sections": "vsroofing:shapes/glass/sections/glass-slope2-8.json",
							"MainSnow": [
								"vsroofing:shapes/glass/main/glass-slope2-snow1.json",
								"vsroofing:shapes/glass/main/glass-slope2-snow2.json",
								"vsroofing:shapes/glass/main/glass-slope2-snow3.json"
							],
							"SectionsSnow": [
								"vsroofing:shapes/glass/sections/glass-slope2-8-snow1.json",
								"vsroofing:shapes/glass/sections/glass-slope2-8-snow2.json",
								"vsroofing:shapes/glass/sections/glass-slope2-8-snow3.json"
							]
						},
						{
							"Main": "vsroofing:shapes/glass/main/glass-slope3.json",
							"Sections": "vsroofing:shapes/glass/sections/glass-slope3-8.json",
							"MainSnow": [
								"vsroofing:shapes/glass/main/glass-slope3-snow1.json",
								"vsroofing:shapes/glass/main/glass-slope3-snow2.json",
								"vsroofing:shapes/glass/main/glass-slope3-snow3.json"
							],
							"SectionsSnow": [
								"vsroofing:shapes/glass/sections/glass-slope3-8-snow1.json",
								"vsroofing:shapes/glass/sections/glass-slope3-8-snow2.json",
								"vsroofing:shapes/glass/sections/glass-slope3-8-snow3.json"
							]
						},
						{
							"Main": "vsroofing:shapes/glass/main/glass-slope4.json",
							"Sections": "vsroofing:shapes/glass/sections/glass-slope4-8.json",
							"MainSnow": [
								"vsroofing:shapes/glass/main/glass-slope4-snow1.json",
								"vsroofing:shapes/glass/main/glass-slope4-snow2.json",
								"vsroofing:shapes/glass/main/glass-slope4-snow3.json"
							],
							"SectionsSnow": [
								"vsroofing:shapes/glass/sections/glass-slope4-8-snow1.json",
								"vsroofing:shapes/glass/sections/glass-slope4-8-snow2.json",
								"vsroofing:shapes/glass/sections/glass-slope4-8-snow3.json"
							]
						},
						{
							"Main": "vsroofing:shapes/glass/main/glass-slope5.json",
							"Sections": "vsroofing:shapes/glass/sections/glass-slope5-8.json",
							"MainSnow": [
								"vsroofing:shapes/glass/main/glass-slope5-snow1.json",
								"vsroofing:shapes/glass/main/glass-slope5-snow2.json",
								"vsroofing:shapes/glass/main/glass-slope5-snow3.json"
							],
							"SectionsSnow": [
								"vsroofing:shapes/glass/sections/glass-slope5-8-snow1.json",
								"vsroofing:shapes/glass/sections/glass-slope5-8-snow2.json",
								"vsroofing:shapes/glass/sections/glass-slope5-8-snow3.json"
							]
						}
					],
					"Rows": [
						4,
						4,
						4,
						4,
						4
					],
					"Columns": 8,
					"Offset": {
						"X": 0,
						"Y": 0.0625,
						"Z": 0
					}
				},
				"TexturesFromMaterial": {
					"material": {
						"TextureCode": "material"
					}
				},
				"ColorTextureCode": "material",
				"Sounds": {
					"Place": "game:sounds/player/buildhigh",
					"Break": "game:sounds/block/glass",
					"Hit": "game:sounds/block/glass"
				},
				"Materials": [
					{
						"Primary": {
							"Code": [
								"game:glass-*"
							],
							"Quantity": 1
						}
					}
				],
				"Offhand": {
					"Code": [
						"game:hammer-*"
					],
					"Quantity": 0
				},
				"BlockMaterial": "Glass"
			},
			"bamboo": {
				"DisplayName": "vsroofing:roof-bamboo",
				"SlopeMin": 1,
				"SlopeMax": 5,
				"Shape": {
					"Slopes": [
						{
							"Main": "vsroofing:shapes/bamboo/main/bamboo-slope1.json",
							"Sections": "vsroofing:shapes/bamboo/sections/bamboo-slope1-8.json",
							"MainSnow": [
								"vsroofing:shapes/bamboo/main/bamboo-slope1-snow1.json",
								"vsroofing:shapes/bamboo/main/bamboo-slope1-snow2.json",
								"vsroofing:shapes/bamboo/main/bamboo-slope1-snow3.json"
							],
							"SectionsSnow": [
								"vsroofing:shapes/bamboo/sections/bamboo-slope1-8-snow1.json",
								"vsroofing:shapes/bamboo/sections/bamboo-slope1-8-snow2.json",
								"vsroofing:shapes/bamboo/sections/bamboo-slope1-8-snow3.json"
							]
						},
						{
							"Main": "vsroofing:shapes/bamboo/main/bamboo-slope2.json",
							"Sections": "vsroofing:shapes/bamboo/sections/bamboo-slope2-8.json",
							"MainSnow": [
								"vsroofing:shapes/bamboo/main/bamboo-slope2-snow1.json",
								"vsroofing:shapes/bamboo/main/bamboo-slope2-snow2.json",
								"vsroofing:shapes/bamboo/main/bamboo-slope2-snow3.json"
							],
							"SectionsSnow": [
								"vsroofing:shapes/bamboo/sections/bamboo-slope2-8-snow1.json",
								"vsroofing:shapes/bamboo/sections/bamboo-slope2-8-snow2.json",
								"vsroofing:shapes/bamboo/sections/bamboo-slope2-8-snow3.json"
							]
						},
						{
							"Main": "vsroofing:shapes/bamboo/main/bamboo-slope3.json",
							"Sections": "vsroofing:shapes/bamboo/sections/bamboo-slope3-8.json",
							"MainSnow": [
								"vsroofing:shapes/bamboo/main/bamboo-slope3-snow1.json",
								"vsroofing:shapes/bamboo/main/bamboo-slope3-snow2.json",
								"vsroofing:shapes/bamboo/main/bamboo-slope3-snow3.json"
							],
							"SectionsSnow": [
								"vsroofing:shapes/bamboo/sections/bamboo-slope3-8-snow1.json",
								"vsroofing:shapes/bamboo/sections/bamboo-slope3-8-snow2.json",
								"vsroofing:shapes/bamboo/sections/bamboo-slope3-8-snow3.json"
							]
						},
						{
							"Main": "vsroofing:shapes/bamboo/main/bamboo-slope4.json",
							"Sections": "vsroofing:shapes/bamboo/sections/bamboo-slope4-8.json",
							"MainSnow": [
								"vsroofing:shapes/bamboo/main/bamboo-slope4-snow1.json",
								"vsroofing:shapes/bamboo/main/bamboo-slope4-snow2.json",
								"vsroofing:shapes/bamboo/main/bamboo-slope4-snow3.json"
							],
							"SectionsSnow": [
								"vsroofing:shapes/bamboo/sections/bamboo-slope4-8-snow1.json",
								"vsroofing:shapes/bamboo/sections/bamboo-slope4-8-snow2.json",
								"vsroofing:shapes/bamboo/sections/bamboo-slope4-8-snow3.json"
							]
						},
						{
							"Main": "vsroofing:shapes/bamboo/main/bamboo-slope5.json",
							"Sections": "vsroofing:shapes/bamboo/sections/bamboo-slope5-8.json",
							"MainSnow": [
								"vsroofing:shapes/bamboo/main/bamboo-slope5-snow1.json",
								"vsroofing:shapes/bamboo/main/bamboo-slope5-snow2.json",
								"vsroofing:shapes/bamboo/main/bamboo-slope5-snow3.json"
							],
							"SectionsSnow": [
								"vsroofing:shapes/bamboo/sections/bamboo-slope5-8-snow1.json",
								"vsroofing:shapes/bamboo/sections/bamboo-slope5-8-snow2.json",
								"vsroofing:shapes/bamboo/sections/bamboo-slope5-8-snow3.json"
							]
						}
					],
					"Rows": [
						4,
						4,
						4,
						4,
						4
					],
					"Columns": 8
				},
				"Textures": {
					"material-1": {
						"base": "game:block/wood/planks/bamboo-top"
					},
					"material": {
						"base": "game:block/wood/planks/bamboosmooth"
					}
				},
				"ColorTextureCode": "material",
				"Sounds": {
					"Place": "game:sounds/block/planks",
					"Break": "game:sounds/block/planks",
					"Hit": "game:sounds/block/planks"
				},
				"Materials": [
					{
						"Primary": {
							"Code": [
								"game:bamboostakes"
							],
							"Quantity": 1
						}
					}
				],
				"BlockMaterial": "Wood"
			},
			"slate": {
				"DisplayName": "vsroofing:roof-slate",
				"SlopeMin": 1,
				"SlopeMax": 5,
				"Shape": {
					"Slopes": [
						{
							"Main": "vsroofing:shapes/slate-copper/main/shingles-slate-copper-slope1.json",
							"Sections": "vsroofing:shapes/slate-copper/sections/shingles-slate-copper-slope1-8.json",
							"MainSnow": [
								"vsroofing:shapes/slate-copper/main/shingles-slate-copper-slope1-snow1.json",
								"vsroofing:shapes/slate-copper/main/shingles-slate-copper-slope1-snow2.json",
								"vsroofing:shapes/slate-copper/main/shingles-slate-copper-slope1-snow3.json"
							],
							"SectionsSnow": [
								"vsroofing:shapes/slate-copper/sections/shingles-slate-copper-slope1-8-snow1.json",
								"vsroofing:shapes/slate-copper/sections/shingles-slate-copper-slope1-8-snow2.json",
								"vsroofing:shapes/slate-copper/sections/shingles-slate-copper-slope1-8-snow3.json"
							]
						},
						{
							"Main": "vsroofing:shapes/slate-copper/main/shingles-slate-copper-slope2.json",
							"Sections": "vsroofing:shapes/slate-copper/sections/shingles-slate-copper-slope2-8.json",
							"MainSnow": [
								"vsroofing:shapes/slate-copper/main/shingles-slate-copper-slope2-snow1.json",
								"vsroofing:shapes/slate-copper/main/shingles-slate-copper-slope2-snow2.json",
								"vsroofing:shapes/slate-copper/main/shingles-slate-copper-slope2-snow3.json"
							],
							"SectionsSnow": [
								"vsroofing:shapes/slate-copper/sections/shingles-slate-copper-slope2-8-snow1.json",
								"vsroofing:shapes/slate-copper/sections/shingles-slate-copper-slope2-8-snow2.json",
								"vsroofing:shapes/slate-copper/sections/shingles-slate-copper-slope2-8-snow3.json"
							]
						},
						{
							"Main": "vsroofing:shapes/slate-copper/main/shingles-slate-copper-slope3.json",
							"Sections": "vsroofing:shapes/slate-copper/sections/shingles-slate-copper-slope3-8.json",
							"MainSnow": [
								"vsroofing:shapes/slate-copper/main/shingles-slate-copper-slope3-snow1.json",
								"vsroofing:shapes/slate-copper/main/shingles-slate-copper-slope3-snow2.json",
								"vsroofing:shapes/slate-copper/main/shingles-slate-copper-slope3-snow3.json"
							],
							"SectionsSnow": [
								"vsroofing:shapes/slate-copper/sections/shingles-slate-copper-slope3-8-snow1.json",
								"vsroofing:shapes/slate-copper/sections/shingles-slate-copper-slope3-8-snow2.json",
								"vsroofing:shapes/slate-copper/sections/shingles-slate-copper-slope3-8-snow3.json"
							]
						},
						{
							"Main": "vsroofing:shapes/slate-copper/main/shingles-slate-copper-slope4.json",
							"Sections": "vsroofing:shapes/slate-copper/sections/shingles-slate-copper-slope4-8.json",
							"MainSnow": [
								"vsroofing:shapes/slate-copper/main/shingles-slate-copper-slope4-snow1.json",
								"vsroofing:shapes/slate-copper/main/shingles-slate-copper-slope4-snow2.json",
								"vsroofing:shapes/slate-copper/main/shingles-slate-copper-slope4-snow3.json"
							],
							"SectionsSnow": [
								"vsroofing:shapes/slate-copper/sections/shingles-slate-copper-slope4-8-snow1.json",
								"vsroofing:shapes/slate-copper/sections/shingles-slate-copper-slope4-8-snow2.json",
								"vsroofing:shapes/slate-copper/sections/shingles-slate-copper-slope4-8-snow3.json"
							]
						},
						{
							"Main": "vsroofing:shapes/slate-copper/main/shingles-slate-copper-slope5.json",
							"Sections": "vsroofing:shapes/slate-copper/sections/shingles-slate-copper-slope5-8.json",
							"MainSnow": [
								"vsroofing:shapes/slate-copper/main/shingles-slate-copper-slope5-snow1.json",
								"vsroofing:shapes/slate-copper/main/shingles-slate-copper-slope5-snow2.json",
								"vsroofing:shapes/slate-copper/main/shingles-slate-copper-slope5-snow3.json"
							],
							"SectionsSnow": [
								"vsroofing:shapes/slate-copper/sections/shingles-slate-copper-slope5-8-snow1.json",
								"vsroofing:shapes/slate-copper/sections/shingles-slate-copper-slope5-8-snow2.json",
								"vsroofing:shapes/slate-copper/sections/shingles-slate-copper-slope5-8-snow3.json"
							]
						}
					],
					"Rows": [
						4,
						4,
						4,
						4,
						4
					],
					"Columns": 8,
					"Offset": {
						"X": 0,
						"Y": 0.125,
						"Z": 0
					}
				},
				"Textures": {
					"material": {
						"base": "game:block/stone/shingles/slate*"
					}
				},
				"ColorTextureCode": "material",
				"Sounds": {
					"Place": "game:sounds/block/ceramicplace"
				},
				"Materials": [
					{
						"Primary": {
							"Code": [
								"game:stone-slate"
							],
							"Quantity": 3
						},
						"Additional": [
							{
								"Code": [
									"game:clay-*"
								]
							}
						]
					}
				],
				"Offhand": {
					"Code": [
						"game:hammer-*"
					],
					"Quantity": 0
				},
				"BlockMaterial": "Stone"
			},
			"copper": {
				"DisplayName": "vsroofing:roof-copper",
				"SlopeMin": 1,
				"SlopeMax": 5,
				"Shape": {
					"Slopes": [
						{
							"Main": "vsroofing:shapes/slate-copper/main/shingles-slate-copper-slope1.json",
							"Sections": "vsroofing:shapes/slate-copper/sections/shingles-slate-copper-slope1-8.json",
							"MainSnow": [
								"vsroofing:shapes/slate-copper/main/shingles-slate-copper-slope1-snow1.json",
								"vsroofing:shapes/slate-copper/main/shingles-slate-copper-slope1-snow2.json",
								"vsroofing:shapes/slate-copper/main/shingles-slate-copper-slope1-snow3.json"
							],
							"SectionsSnow": [
								"vsroofing:shapes/slate-copper/sections/shingles-slate-copper-slope1-8-snow1.json",
								"vsroofing:shapes/slate-copper/sections/shingles-slate-copper-slope1-8-snow2.json",
								"vsroofing:shapes/slate-copper/sections/shingles-slate-copper-slope1-8-snow3.json"
							]
						},
						{
							"Main": "vsroofing:shapes/slate-copper/main/shingles-slate-copper-slope2.json",
							"Sections": "vsroofing:shapes/slate-copper/sections/shingles-slate-copper-slope2-8.json",
							"MainSnow": [
								"vsroofing:shapes/slate-copper/main/shingles-slate-copper-slope2-snow1.json",
								"vsroofing:shapes/slate-copper/main/shingles-slate-copper-slope2-snow2.json",
								"vsroofing:shapes/slate-copper/main/shingles-slate-copper-slope2-snow3.json"
							],
							"SectionsSnow": [
								"vsroofing:shapes/slate-copper/sections/shingles-slate-copper-slope2-8-snow1.json",
								"vsroofing:shapes/slate-copper/sections/shingles-slate-copper-slope2-8-snow2.json",
								"vsroofing:shapes/slate-copper/sections/shingles-slate-copper-slope2-8-snow3.json"
							]
						},
						{
							"Main": "vsroofing:shapes/slate-copper/main/shingles-slate-copper-slope3.json",
							"Sections": "vsroofing:shapes/slate-copper/sections/shingles-slate-copper-slope3-8.json",
							"MainSnow": [
								"vsroofing:shapes/slate-copper/main/shingles-slate-copper-slope3-snow1.json",
								"vsroofing:shapes/slate-copper/main/shingles-slate-copper-slope3-snow2.json",
								"vsroofing:shapes/slate-copper/main/shingles-slate-copper-slope3-snow3.json"
							],
							"SectionsSnow": [
								"vsroofing:shapes/slate-copper/sections/shingles-slate-copper-slope3-8-snow1.json",
								"vsroofing:shapes/slate-copper/sections/shingles-slate-copper-slope3-8-snow2.json",
								"vsroofing:shapes/slate-copper/sections/shingles-slate-copper-slope3-8-snow3.json"
							]
						},
						{
							"Main": "vsroofing:shapes/slate-copper/main/shingles-slate-copper-slope4.json",
							"Sections": "vsroofing:shapes/slate-copper/sections/shingles-slate-copper-slope4-8.json",
							"MainSnow": [
								"vsroofing:shapes/slate-copper/main/shingles-slate-copper-slope4-snow1.json",
								"vsroofing:shapes/slate-copper/main/shingles-slate-copper-slope4-snow2.json",
								"vsroofing:shapes/slate-copper/main/shingles-slate-copper-slope4-snow3.json"
							],
							"SectionsSnow": [
								"vsroofing:shapes/slate-copper/sections/shingles-slate-copper-slope4-8-snow1.json",
								"vsroofing:shapes/slate-copper/sections/shingles-slate-copper-slope4-8-snow2.json",
								"vsroofing:shapes/slate-copper/sections/shingles-slate-copper-slope4-8-snow3.json"
							]
						},
						{
							"Main": "vsroofing:shapes/slate-copper/main/shingles-slate-copper-slope5.json",
							"Sections": "vsroofing:shapes/slate-copper/sections/shingles-slate-copper-slope5-8.json",
							"MainSnow": [
								"vsroofing:shapes/slate-copper/main/shingles-slate-copper-slope5-snow1.json",
								"vsroofing:shapes/slate-copper/main/shingles-slate-copper-slope5-snow2.json",
								"vsroofing:shapes/slate-copper/main/shingles-slate-copper-slope5-snow3.json"
							],
							"SectionsSnow": [
								"vsroofing:shapes/slate-copper/sections/shingles-slate-copper-slope5-8-snow1.json",
								"vsroofing:shapes/slate-copper/sections/shingles-slate-copper-slope5-8-snow2.json",
								"vsroofing:shapes/slate-copper/sections/shingles-slate-copper-slope5-8-snow3.json"
							]
						}
					],
					"Rows": [
						4,
						4,
						4,
						4,
						4
					],
					"Columns": 8,
					"Offset": {
						"X": 0,
						"Y": 0.125,
						"Z": 0
					}
				},
				"Textures": {
					"material": {
						"base": "game:block/metal/shingles/copper*"
					}
				},
				"ColorTextureCode": "material",
				"Sounds": {
					"Place": "game:sounds/block/chute",
					"Break": "game:sounds/block/chute",
					"Hit": "game:sounds/block/chute"
				},
				"Materials": [
					{
						"Primary": {
							"Code": [
								"game:metalplate-copper"
							],
							"Quantity": 1
						}
					}
				],
				"Offhand": {
					"Code": [
						"game:hammer-*"
					],
					"Quantity": 0
				},
				"BlockMaterial": "Metal"
			},
			"wood-basic": {
				"DisplayName": "vsroofing:roof-wood-basic",
				"SlopeMin": 1,
				"SlopeMax": 5,
				"Shape": {
					"Slopes": [
						{
							"Main": "vsroofing:shapes/wood-basic/main/wood-basic-slope1.json",
							"Sections": "vsroofing:shapes/wood-basic/sections/wood-basic-slope1-8.json",
							"MainSnow": [
								"vsroofing:shapes/wood-basic/main/wood-basic-slope1-snow1.json",
								"vsroofing:shapes/wood-basic/main/wood-basic-slope1-snow2.json",
								"vsroofing:shapes/wood-basic/main/wood-basic-slope1-snow3.json"
							],
							"SectionsSnow": [
								"vsroofing:shapes/wood-basic/sections/wood-basic-slope1-8-snow1.json",
								"vsroofing:shapes/wood-basic/sections/wood-basic-slope1-8-snow2.json",
								"vsroofing:shapes/wood-basic/sections/wood-basic-slope1-8-snow3.json"
							]
						},
						{
							"Main": "vsroofing:shapes/wood-basic/main/wood-basic-slope2.json",
							"Sections": "vsroofing:shapes/wood-basic/sections/wood-basic-slope2-8.json",
							"MainSnow": [
								"vsroofing:shapes/wood-basic/main/wood-basic-slope2-snow1.json",
								"vsroofing:shapes/wood-basic/main/wood-basic-slope2-snow2.json",
								"vsroofing:shapes/wood-basic/main/wood-basic-slope2-snow3.json"
							],
							"SectionsSnow": [
								"vsroofing:shapes/wood-basic/sections/wood-basic-slope2-8-snow1.json",
								"vsroofing:shapes/wood-basic/sections/wood-basic-slope2-8-snow2.json",
								"vsroofing:shapes/wood-basic/sections/wood-basic-slope2-8-snow3.json"
							]
						},
						{
							"Main": "vsroofing:shapes/wood-basic/main/wood-basic-slope3.json",
							"Sections": "vsroofing:shapes/wood-basic/sections/wood-basic-slope3-8.json",
							"MainSnow": [
								"vsroofing:shapes/wood-basic/main/wood-basic-slope3-snow1.json",
								"vsroofing:shapes/wood-basic/main/wood-basic-slope3-snow2.json",
								"vsroofing:shapes/wood-basic/main/wood-basic-slope3-snow3.json"
							],
							"SectionsSnow": [
								"vsroofing:shapes/wood-basic/sections/wood-basic-slope3-8-snow1.json",
								"vsroofing:shapes/wood-basic/sections/wood-basic-slope3-8-snow2.json",
								"vsroofing:shapes/wood-basic/sections/wood-basic-slope3-8-snow3.json"
							]
						},
						{
							"Main": "vsroofing:shapes/wood-basic/main/wood-basic-slope4.json",
							"Sections": "vsroofing:shapes/wood-basic/sections/wood-basic-slope4-8.json",
							"MainSnow": [
								"vsroofing:shapes/wood-basic/main/wood-basic-slope4-snow1.json",
								"vsroofing:shapes/wood-basic/main/wood-basic-slope4-snow2.json",
								"vsroofing:shapes/wood-basic/main/wood-basic-slope4-snow3.json"
							],
							"SectionsSnow": [
								"vsroofing:shapes/wood-basic/sections/wood-basic-slope4-8-snow1.json",
								"vsroofing:shapes/wood-basic/sections/wood-basic-slope4-8-snow2.json",
								"vsroofing:shapes/wood-basic/sections/wood-basic-slope4-8-snow3.json"
							]
						},
						{
							"Main": "vsroofing:shapes/wood-basic/main/wood-basic-slope5.json",
							"Sections": "vsroofing:shapes/wood-basic/sections/wood-basic-slope5-8.json",
							"MainSnow": [
								"vsroofing:shapes/wood-basic/main/wood-basic-slope5-snow1.json",
								"vsroofing:shapes/wood-basic/main/wood-basic-slope5-snow2.json",
								"vsroofing:shapes/wood-basic/main/wood-basic-slope5-snow3.json"
							],
							"SectionsSnow": [
								"vsroofing:shapes/wood-basic/sections/wood-basic-slope5-8-snow1.json",
								"vsroofing:shapes/wood-basic/sections/wood-basic-slope5-8-snow2.json",
								"vsroofing:shapes/wood-basic/sections/wood-basic-slope5-8-snow3.json"
							]
						}
					],
					"Rows": [
						6,
						6,
						6,
						6,
						6
					],
					"Columns": 8
				},
				"TexturesByMaterial": {
					"aged-side": {
						"Index": 0,
						"Textures": {
							"game:plank-aged": "game:block/wood/roof/aged-side",
							"game:plank-*": "game:block/wood/shingles/{wood}-side"
						}
					},
					"material": {
						"Index": 0,
						"Textures": {
							"game:plank-aged": "game:block/wood/planks/aged/generic*",
							"game:plank-*": "game:block/wood/planks/{wood}*"
						}
					}
				},
				"ColorTextureCode": "material",
				"Sounds": {
					"Place": "game:sounds/block/planks",
					"Break": "game:sounds/block/planks",
					"Hit": "game:sounds/block/planks"
				},
				"Materials": [
					{
						"Primary": {
							"Code": [
								"game:plank-*"
							],
							"Quantity": 1
						}
					}
				],
				"Offhand": {
					"Code": [
						"game:hammer-*"
					],
					"Quantity": 0
				},
				"BlockMaterial": "Wood"
			},
			"sod-bare": {
				"DisplayName": "vsroofing:roof-sod-bare",
				"SlopeMin": 1,
				"SlopeMax": 3,
				"Shape": {
					"Slopes": [
						{
							"Main": "vsroofing:shapes/sod/main/sod-slope1n.json",
							"Sections": "vsroofing:shapes/sod/sections/sod-slope1-8n.json",
							"MainSnow": [
								"vsroofing:shapes/sod/main/sod-slope1n-snow1.json",
								"vsroofing:shapes/sod/main/sod-slope1n-snow2.json",
								"vsroofing:shapes/sod/main/sod-slope1n-snow3.json"
							],
							"SectionsSnow": [
								"vsroofing:shapes/sod/sections/sod-slope1-8n-snow1.json",
								"vsroofing:shapes/sod/sections/sod-slope1-8n-snow2.json",
								"vsroofing:shapes/sod/sections/sod-slope1-8n-snow3.json"
							]
						},
						{
							"Main": "vsroofing:shapes/sod/main/sod-slope2n.json",
							"Sections": "vsroofing:shapes/sod/sections/sod-slope2-8n.json",
							"MainSnow": [
								"vsroofing:shapes/sod/main/sod-slope2n-snow1.json",
								"vsroofing:shapes/sod/main/sod-slope2n-snow2.json",
								"vsroofing:shapes/sod/main/sod-slope2n-snow3.json"
							],
							"SectionsSnow": [
								"vsroofing:shapes/sod/sections/sod-slope2-8n-snow1.json",
								"vsroofing:shapes/sod/sections/sod-slope2-8n-snow2.json",
								"vsroofing:shapes/sod/sections/sod-slope2-8n-snow3.json"
							]
						},
						{
							"Main": "vsroofing:shapes/sod/main/sod-slope3n.json",
							"Sections": "vsroofing:shapes/sod/sections/sod-slope3-8n.json",
							"MainSnow": [
								"vsroofing:shapes/sod/main/sod-slope3n-snow1.json",
								"vsroofing:shapes/sod/main/sod-slope3n-snow2.json",
								"vsroofing:shapes/sod/main/sod-slope3n-snow3.json"
							],
							"SectionsSnow": [
								"vsroofing:shapes/sod/sections/sod-slope3-8n-snow1.json",
								"vsroofing:shapes/sod/sections/sod-slope3-8n-snow2.json",
								"vsroofing:shapes/sod/sections/sod-slope3-8n-snow3.json"
							]
						}
					],
					"Rows": [
						6,
						6,
						6
					],
					"Columns": 8
				},
				"Textures": {
					"normal": {
						"base": "game:block/plant/grasscoverage/normal"
					},
					"short-south": {
						"base": "game:block/transparent"
					}
				},
				"TexturesByMaterial": {
					"aged-side": {
						"Index": 0,
						"Textures": {
							"game:plank-aged": "game:block/wood/roof/aged-side",
							"game:plank-*": "game:block/wood/shingles/{wood}-side"
						}
					},
					"material": {
						"Index": 0,
						"Textures": {
							"game:plank-aged": "game:block/wood/planks/aged/generic*",
							"game:plank-*": "game:block/wood/planks/{wood}*"
						}
					},
					"aged-top": {
						"Index": 0,
						"Textures": {
							"game:plank-aged": "game:block/wood/roof/aged-top",
							"game:plank-*": "game:block/wood/shingles/{wood}-top"
						}
					}
				},
				"ColorTextureCode": "normal",
				"Sounds": {
					"Place": "game:sounds/block/dirt",
					"Break": "game:sounds/block/dirt",
					"Hit": "game:sounds/block/dirt"
				},
				"Materials": [
					{
						"Primary": {
							"Code": [
								"game:plank-*"
							],
							"Quantity": 1
						}
					},
					{
						"Primary": {
							"Code": [
								"game:soil-medium-*"
							],
							"Quantity": 1
						}
					}
				],
				"BlockMaterial": "Soil"
			},
			"sod": {
				"DisplayName": "vsroofing:roof-sod",
				"SlopeMin": 1,
				"SlopeMax": 3,
				"Shape": {
					"Slopes": [
						{
							"Main": "vsroofing:shapes/sod/main/sod-slope1n.json",
							"Sections": "vsroofing:shapes/sod/sections/sod-slope1-8n.json",
							"MainSnow": [
								"vsroofing:shapes/sod/main/sod-slope1n-snow1.json",
								"vsroofing:shapes/sod/main/sod-slope1n-snow2.json",
								"vsroofing:shapes/sod/main/sod-slope1n-snow3.json"
							],
							"SectionsSnow": [
								"vsroofing:shapes/sod/sections/sod-slope1-8n-snow1.json",
								"vsroofing:shapes/sod/sections/sod-slope1-8n-snow2.json",
								"vsroofing:shapes/sod/sections/sod-slope1-8n-snow3.json"
							]
						},
						{
							"Main": "vsroofing:shapes/sod/main/sod-slope2n.json",
							"Sections": "vsroofing:shapes/sod/sections/sod-slope2-8n.json",
							"MainSnow": [
								"vsroofing:shapes/sod/main/sod-slope2n-snow1.json",
								"vsroofing:shapes/sod/main/sod-slope2n-snow2.json",
								"vsroofing:shapes/sod/main/sod-slope2n-snow3.json"
							],
							"SectionsSnow": [
								"vsroofing:shapes/sod/sections/sod-slope2-8n-snow1.json",
								"vsroofing:shapes/sod/sections/sod-slope2-8n-snow2.json",
								"vsroofing:shapes/sod/sections/sod-slope2-8n-snow3.json"
							]
						},
						{
							"Main": "vsroofing:shapes/sod/main/sod-slope3n.json",
							"Sections": "vsroofing:shapes/sod/sections/sod-slope3-8n.json",
							"MainSnow": [
								"vsroofing:shapes/sod/main/sod-slope3n-snow1.json",
								"vsroofing:shapes/sod/main/sod-slope3n-snow2.json",
								"vsroofing:shapes/sod/main/sod-slope3n-snow3.json"
							],
							"SectionsSnow": [
								"vsroofing:shapes/sod/sections/sod-slope3-8n-snow1.json",
								"vsroofing:shapes/sod/sections/sod-slope3-8n-snow2.json",
								"vsroofing:shapes/sod/sections/sod-slope3-8n-snow3.json"
							]
						}
					],
					"Rows": [
						6,
						6,
						6
					],
					"Columns": 8,
					"Frostable": true
				},
				"Textures": {
					"normal": {
						"base": "game:block/plant/grasscoverage/normal"
					},
					"short-south": {
						"base": "game:block/plant/tallgrass/free/short-south"
					},
					"short-south-snow": {
						"base": "game:block/transparent"
					}
				},
				"TexturesByMaterial": {
					"aged-side": {
						"Index": 0,
						"Textures": {
							"game:plank-aged": "game:block/wood/roof/aged-side",
							"game:plank-*": "game:block/wood/shingles/{wood}-side"
						}
					},
					"material": {
						"Index": 0,
						"Textures": {
							"game:plank-aged": "game:block/wood/planks/aged/generic*",
							"game:plank-*": "game:block/wood/planks/{wood}*"
						}
					},
					"aged-top": {
						"Index": 0,
						"Textures": {
							"game:plank-aged": "game:block/wood/roof/aged-top",
							"game:plank-*": "game:block/wood/shingles/{wood}-top"
						}
					}
				},
				"ColorTextureCode": "short-south",
				"Sounds": {
					"Place": "game:sounds/block/plant",
					"Break": "game:sounds/block/plant",
					"Hit": "game:sounds/block/plant"
				},
				"Materials": [
					{
						"Primary": {
							"Code": [
								"game:plank-*"
							],
							"Quantity": 1
						}
					},
					{
						"Primary": {
							"Code": [
								"game:soil-medium-*"
							],
							"Quantity": 1
						}
					},
					{
						"Primary": {
							"Code": [
								"game:drygrass"
							],
							"Quantity": 1
						}
					}
				],
				"BlockMaterial": "Plant"
			},
			"wood": {
				"DisplayName": "vsroofing:roof-wood",
				"SlopeMin": 1,
				"SlopeMax": 5,
				"Shape": {
					"Slopes": [
						{
							"Main": "vsroofing:shapes/wood/main/wood-slope1.json",
							"Sections": "vsroofing:shapes/wood/sections/wood-slope1-8.json",
							"MainSnow": [
								"vsroofing:shapes/wood/main/wood-slope1-snow1.json",
								"vsroofing:shapes/wood/main/wood-slope1-snow2.json",
								"vsroofing:shapes/wood/main/wood-slope1-snow3.json"
							],
							"SectionsSnow": [
								"vsroofing:shapes/wood/sections/wood-slope1-8-snow1.json",
								"vsroofing:shapes/wood/sections/wood-slope1-8-snow2.json",
								"vsroofing:shapes/wood/sections/wood-slope1-8-snow3.json"
							]
						},
						{
							"Main": "vsroofing:shapes/wood/main/wood-slope2.json",
							"Sections": "vsroofing:shapes/wood/sections/wood-slope2-8.json",
							"MainSnow": [
								"vsroofing:shapes/wood/main/wood-slope2-snow1.json",
								"vsroofing:shapes/wood/main/wood-slope2-snow2.json",
								"vsroofing:shapes/wood/main/wood-slope2-snow3.json"
							],
							"SectionsSnow": [
								"vsroofing:shapes/wood/sections/wood-slope2-8-snow1.json",
								"vsroofing:shapes/wood/sections/wood-slope2-8-snow2.json",
								"vsroofing:shapes/wood/sections/wood-slope2-8-snow3.json"
							]
						},
						{
							"Main": "vsroofing:shapes/wood/main/wood-slope3.json",
							"Sections": "vsroofing:shapes/wood/sections/wood-slope3-8.json",
							"MainSnow": [
								"vsroofing:shapes/wood/main/wood-slope3-snow1.json",
								"vsroofing:shapes/wood/main/wood-slope3-snow2.json",
								"vsroofing:shapes/wood/main/wood-slope3-snow3.json"
							],
							"SectionsSnow": [
								"vsroofing:shapes/wood/sections/wood-slope3-8-snow1.json",
								"vsroofing:shapes/wood/sections/wood-slope3-8-snow2.json",
								"vsroofing:shapes/wood/sections/wood-slope3-8-snow3.json"
							]
						},
						{
							"Main": "vsroofing:shapes/wood/main/wood-slope4.json",
							"Sections": "vsroofing:shapes/wood/sections/wood-slope4-8.json",
							"MainSnow": [
								"vsroofing:shapes/wood/main/wood-slope4-snow1.json",
								"vsroofing:shapes/wood/main/wood-slope4-snow2.json",
								"vsroofing:shapes/wood/main/wood-slope4-snow3.json"
							],
							"SectionsSnow": [
								"vsroofing:shapes/wood/sections/wood-slope4-8-snow1.json",
								"vsroofing:shapes/wood/sections/wood-slope4-8-snow2.json",
								"vsroofing:shapes/wood/sections/wood-slope4-8-snow3.json"
							]
						},
						{
							"Main": "vsroofing:shapes/wood/main/wood-slope5.json",
							"Sections": "vsroofing:shapes/wood/sections/wood-slope5-8.json",
							"MainSnow": [
								"vsroofing:shapes/wood/main/wood-slope5-snow1.json",
								"vsroofing:shapes/wood/main/wood-slope5-snow2.json",
								"vsroofing:shapes/wood/main/wood-slope5-snow3.json"
							],
							"SectionsSnow": [
								"vsroofing:shapes/wood/sections/wood-slope5-8-snow1.json",
								"vsroofing:shapes/wood/sections/wood-slope5-8-snow2.json",
								"vsroofing:shapes/wood/sections/wood-slope5-8-snow3.json"
							]
						}
					],
					"Rows": [
						4,
						4,
						4,
						4,
						4
					],
					"Columns": 8,
					"Offset": {
						"X": 0,
						"Y": 0.125,
						"Z": 0
					}
				},
				"TexturesByMaterial": {
					"oak1": {
						"Index": 0,
						"Textures": {
							"game:plank-aged": "game:block/wood/planks/aged/generic*",
							"game:plank-*": "game:block/wood/planks/{wood}*"
						}
					},
					"oak-side": {
						"Index": 1,
						"Textures": {
							"game:plank-aged": "game:block/wood/roof/aged-side",
							"game:plank-*": "game:block/wood/shingles/{wood}-side"
						}
					},
					"oak-top": {
						"Index": 1,
						"Textures": {
							"game:plank-aged": "game:block/wood/roof/aged-top",
							"game:plank-*": "game:block/wood/shingles/{wood}-top"
						}
					}
				},
				"ColorTextureCode": "oak1",
				"Sounds": {
					"Place": "game:sounds/block/planks",
					"Break": "game:sounds/block/planks",
					"Hit": "game:sounds/block/planks"
				},
				"Materials": [
					{
						"Primary": {
							"Code": [
								"game:plank-*"
							],
							"Quantity": 1
						}
					},
					{
						"Primary": {
							"Code": [
								"game:plank-*"
							],
							"Quantity": 4
						}
					}
				],
				"Offhand": {
					"Code": [
						"game:hammer-*"
					],
					"Quantity": 0
				},
				"BlockMaterial": "Wood"
			},
			"metal": {
				"DisplayName": "vsroofing:roof-metal",
				"SlopeMin": 1,
				"SlopeMax": 5,
				"Shape": {
					"Slopes": [
						{
							"Main": "vsroofing:shapes/basic/main/basic-slope1.json",
							"Sections": "vsroofing:shapes/basic/sections/basic-slope1-8.json",
							"MainSnow": [
								"vsroofing:shapes/basic/main/basic-slope1-snow1.json",
								"vsroofing:shapes/basic/main/basic-slope1-snow2.json",
								"vsroofing:shapes/basic/main/basic-slope1-snow3.json"
							],
							"SectionsSnow": [
								"vsroofing:shapes/basic/sections/basic-slope1-8-snow1.json",
								"vsroofing:shapes/basic/sections/basic-slope1-8-snow2.json",
								"vsroofing:shapes/basic/sections/basic-slope1-8-snow3.json"
							]
						},
						{
							"Main": "vsroofing:shapes/basic/main/basic-slope2.json",
							"Sections": "vsroofing:shapes/basic/sections/basic-slope2-8.json",
							"MainSnow": [
								"vsroofing:shapes/basic/main/basic-slope2-snow1.json",
								"vsroofing:shapes/basic/main/basic-slope2-snow2.json",
								"vsroofing:shapes/basic/main/basic-slope2-snow3.json"
							],
							"SectionsSnow": [
								"vsroofing:shapes/basic/sections/basic-slope2-8-snow1.json",
								"vsroofing:shapes/basic/sections/basic-slope2-8-snow2.json",
								"vsroofing:shapes/basic/sections/basic-slope2-8-snow3.json"
							]
						},
						{
							"Main": "vsroofing:shapes/basic/main/basic-slope3.json",
							"Sections": "vsroofing:shapes/basic/sections/basic-slope3-8.json",
							"MainSnow": [
								"vsroofing:shapes/basic/main/basic-slope3-snow1.json",
								"vsroofing:shapes/basic/main/basic-slope3-snow2.json",
								"vsroofing:shapes/basic/main/basic-slope3-snow3.json"
							],
							"SectionsSnow": [
								"vsroofing:shapes/basic/sections/basic-slope3-8-snow1.json",
								"vsroofing:shapes/basic/sections/basic-slope3-8-snow2.json",
								"vsroofing:shapes/basic/sections/basic-slope3-8-snow3.json"
							]
						},
						{
							"Main": "vsroofing:shapes/basic/main/basic-slope4.json",
							"Sections": "vsroofing:shapes/basic/sections/basic-slope4-8.json",
							"MainSnow": [
								"vsroofing:shapes/basic/main/basic-slope4-snow1.json",
								"vsroofing:shapes/basic/main/basic-slope4-snow2.json",
								"vsroofing:shapes/basic/main/basic-slope4-snow3.json"
							],
							"SectionsSnow": [
								"vsroofing:shapes/basic/sections/basic-slope4-8-snow1.json",
								"vsroofing:shapes/basic/sections/basic-slope4-8-snow2.json",
								"vsroofing:shapes/basic/sections/basic-slope4-8-snow3.json"
							]
						},
						{
							"Main": "vsroofing:shapes/basic/main/basic-slope5.json",
							"Sections": "vsroofing:shapes/basic/sections/basic-slope5-8.json",
							"MainSnow": [
								"vsroofing:shapes/basic/main/basic-slope5-snow1.json",
								"vsroofing:shapes/basic/main/basic-slope5-snow2.json",
								"vsroofing:shapes/basic/main/basic-slope5-snow3.json"
							],
							"SectionsSnow": [
								"vsroofing:shapes/basic/sections/basic-slope5-8-snow1.json",
								"vsroofing:shapes/basic/sections/basic-slope5-8-snow2.json",
								"vsroofing:shapes/basic/sections/basic-slope5-8-snow3.json"
							]
						}
					],
					"Rows": [
						6,
						6,
						6,
						6,
						6
					],
					"Columns": 8,
					"Offset": {
						"X": 0,
						"Y": 0.09375,
						"Z": 0
					}
				},
				"TexturesByMaterial": {
					"material": {
						"Index": 0,
						"Textures": {
							"game:metalplate-*": "game:block/metal/sheet/{metal}*"
						}
					}
				},
				"ColorTextureCode": "material",
				"Sounds": {
					"Place": "game:sounds/block/chute",
					"Break": "game:sounds/block/chute",
					"Hit": "game:sounds/block/chute"
				},
				"Materials": [
					{
						"Primary": {
							"Code": [
								"game:metalplate-*"
							],
							"Quantity": 1
						}
					}
				],
				"Offhand": {
					"Code": [
						"game:hammer-*"
					],
					"Quantity": 0
				},
				"BlockMaterial": "Metal"
			}
		},
		"Frames": {
			"rafterbeam": {
				"DisplayName": "vsroofing:frame-plank",
				"Shapes": {
					"primary": [
						{
							"base": "vsroofing:shapes/frame/rafterbeam/primary/4.json"
						},
						{
							"base": "vsroofing:shapes/frame/rafterbeam/primary/8.json"
						},
						{
							"base": "vsroofing:shapes/frame/rafterbeam/primary/12.json"
						},
						{
							"base": "vsroofing:shapes/frame/rafterbeam/primary/16.json"
						}
					]
				},
				"TexturesFromMaterial": {
					"material": {
						"TextureCode": "wood"
					}
				},
				"ColorTextureCode": "material",
				"Material": {
					"Code": [
						"game:plank-*"
					],
					"Quantity": 1
				},
				"Offhand": {
					"Code": [
						"game:hammer-*"
					],
					"Quantity": 0
				},
				"BlockMaterial": "Wood",
				"Sounds": {
					"Place": "game:block/planks",
					"Break": "game:block/planks",
					"Hit": "game:block/planks"
				}
			},
			"stick": {
				"DisplayName": "vsroofing:frame-stick",
				"Shapes": {
					"primary": [
						{
							"base": "vsroofing:shapes/frame/stick/4.json"
						},
						{
							"base": "vsroofing:shapes/frame/stick/8.json"
						},
						{
							"base": "vsroofing:shapes/frame/stick/12.json"
						},
						{
							"base": "vsroofing:shapes/frame/stick/16.json"
						}
					]
				},
				"Textures": {
					"string": {
						"base": "game:item/tool/material/string"
					}
				},
				"TexturesFromMaterial": {
					"material": {
						"TextureCode": "oak"
					}
				},
				"ColorTextureCode": "material",
				"Material": {
					"Code": [
						"game:stick"
					],
					"Quantity": 1
				},
				"Offhand": {
					"Code": [
						"game:flaxfibers",
						"game:papyrustops",
						"game:cattailtops",
						"game:wildvine-*-north"
					],
					"Quantity": 1
				},
				"BlockMaterial": "Wood",
				"Sounds": {
					"Place": "game:block/planks",
					"Break": "game:block/planks",
					"Hit": "game:block/planks"
				}
			},
			"bamboo": {
				"DisplayName": "vsroofing:frame-bamboo",
				"Shapes": {
					"primary": [
						{
							"base": "vsroofing:shapes/frame/bamboo/4.json"
						},
						{
							"base": "vsroofing:shapes/frame/bamboo/8.json"
						},
						{
							"base": "vsroofing:shapes/frame/bamboo/12.json"
						},
						{
							"base": "vsroofing:shapes/frame/bamboo/16.json"
						}
					]
				},
				"Textures": {
					"material": {
						"base": "game:block/plant/bamboo/stem-brown"
					},
					"string": {
						"base": "game:item/tool/material/string"
					}
				},
				"ColorTextureCode": "material",
				"Material": {
					"Code": [
						"game:bamboostakes"
					],
					"Quantity": 1
				},
				"Offhand": {
					"Code": [
						"game:flaxfibers",
						"game:papyrustops",
						"game:cattailtops",
						"game:wildvine-*-north",
					],
					"Quantity": 1
				},
				"BlockMaterial": "Wood",
				"Sounds": {
					"Place": "game:block/planks",
					"Break": "game:block/planks",
					"Hit": "game:block/planks"
				}
			}
		}
	},
	"drawtype": "json",
	"faceCullMode": "nevercull",
	"renderpass": "OpaqueNoCull",
	"sideopaque": {
		"all": false
	},
	"SideAo": {
		"all": true
	},
	"resistance": 2,
	"shapeInventory": {
		"base": "demo/demo"
	}
}