{
	"editor": {
		"allAngles": false,
		"entityTextureMode": false
	},
	"textureWidth": 16,
	"textureHeight": 16,
	"textureSizes": {
	},
	"textures": {
		"metal": "block/gold"
	},
	"elements": [
		{
			"name": "base ",
			"from": [ 6.5, -2.5, 7.5 ],
			"to": [ 7.5, 3.5, 8.7 ],
			"rotationOrigin": [ 8.0, 0.5, 8.0 ],
			"rotationX": -90.0,
			"faces": {
				"north": { "texture": "#metal", "uv": [ 0.0, 0.0, 1.0, 6.0 ] },
				"east": { "texture": "#metal", "uv": [ 0.0, 0.0, 1.0, 6.0 ] },
				"south": { "texture": "#metal", "uv": [ 9.0, 9.0, 10.0, 15.0 ] },
				"west": { "texture": "#metal", "uv": [ 0.0, 0.0, 1.0, 6.0 ] },
				"up": { "texture": "#metal", "uv": [ 7.0, 6.0, 8.0, 7.0 ] },
				"down": { "texture": "#metal", "uv": [ 5.0, 5.0, 6.0, 6.0 ] }
			},
			"children": [
				{
					"name": "vertical",
					"from": [ 2.0, 0.0, 0.0 ],
					"to": [ 3.0, 6.0, 1.2 ],
					"faces": {
						"north": { "texture": "#metal", "uv": [ 6.0, 5.0, 7.0, 11.0 ] },
						"east": { "texture": "#metal", "uv": [ 5.0, 6.0, 6.0, 12.0 ] },
						"south": { "texture": "#metal", "uv": [ 13.0, 10.0, 14.0, 16.0 ] },
						"west": { "texture": "#metal", "uv": [ 0.0, 0.0, 1.0, 6.0 ] },
						"up": { "texture": "#metal", "uv": [ 3.0, 4.0, 4.0, 5.0 ] },
						"down": { "texture": "#metal", "uv": [ 0.0, 0.0, 1.0, 1.0 ] }
					}
				},
				{
					"name": "horizontal 1",
					"from": [ -1.5, 3.5, -0.1 ],
					"to": [ 4.5, 4.5, 1.3 ],
					"faces": {
						"north": { "texture": "#metal", "uv": [ 0.0, 1.0, 6.0, 2.0 ] },
						"east": { "texture": "#metal", "uv": [ 4.0, 0.0, 5.0, 1.0 ] },
						"south": { "texture": "#metal", "uv": [ 3.0, 7.0, 9.0, 8.0 ] },
						"west": { "texture": "#metal", "uv": [ 6.0, 7.0, 7.0, 8.0 ] },
						"up": { "texture": "#metal", "uv": [ 0.0, 1.0, 6.0, 2.0 ] },
						"down": { "texture": "#metal", "uv": [ 0.0, 0.0, 6.0, 1.0 ] }
					}
				},
				{
					"name": "horizontal 2",
					"from": [ -1.5, 1.5, -0.1 ],
					"to": [ 4.5, 2.5, 1.3 ],
					"faces": {
						"north": { "texture": "#metal", "uv": [ 0.0, 0.0, 6.0, 1.0 ] },
						"east": { "texture": "#metal", "uv": [ 2.0, 11.0, 3.0, 12.0 ] },
						"south": { "texture": "#metal", "uv": [ 9.0, 6.0, 15.0, 7.0 ] },
						"west": { "texture": "#metal", "uv": [ 13.0, 12.0, 14.0, 13.0 ] },
						"up": { "texture": "#metal", "uv": [ 0.0, 0.0, 6.0, 1.0 ] },
						"down": { "texture": "#metal", "uv": [ 0.0, 0.0, 6.0, 1.0 ] }
					}
				},
				{
					"name": "secondary vertical 1",
					"from": [ -1.0, 0.5, 0.1 ],
					"to": [ 0.0, 5.5, 1.1 ],
					"faces": {
						"north": { "texture": "#metal", "uv": [ 0.0, 0.0, 1.0, 5.0 ] },
						"east": { "texture": "#metal", "uv": [ 0.0, 0.0, 1.0, 5.0 ] },
						"south": { "texture": "#metal", "uv": [ 3.0, 3.0, 4.0, 8.0 ] },
						"west": { "texture": "#metal", "uv": [ 0.0, 0.0, 1.0, 5.0 ] },
						"up": { "texture": "#metal", "uv": [ 11.0, 4.0, 12.0, 5.0 ] },
						"down": { "texture": "#metal", "uv": [ 3.0, 9.0, 4.0, 10.0 ] }
					}
				},
				{
					"name": "secondary vertical 2",
					"from": [ 3.0, 0.5, 0.1 ],
					"to": [ 4.0, 5.5, 1.1 ],
					"faces": {
						"north": { "texture": "#metal", "uv": [ 0.0, 0.0, 1.0, 5.0 ] },
						"east": { "texture": "#metal", "uv": [ 0.0, 0.0, 1.0, 5.0 ] },
						"south": { "texture": "#metal", "uv": [ 6.0, 1.0, 7.0, 6.0 ] },
						"west": { "texture": "#metal", "uv": [ 5.0, 6.0, 6.0, 11.0 ] },
						"up": { "texture": "#metal", "uv": [ 5.0, 3.0, 6.0, 4.0 ] },
						"down": { "texture": "#metal", "uv": [ 1.0, 10.0, 2.0, 11.0 ] }
					}
				},
				{
					"name": "cube up",
					"from": [ 1.0, 4.5, 0.1 ],
					"to": [ 2.0, 5.5, 1.1 ],
					"faces": {
						"north": { "texture": "#metal", "uv": [ 5.0, 13.0, 6.0, 14.0 ] },
						"east": { "texture": "#metal", "uv": [ 4.0, 6.0, 5.0, 7.0 ] },
						"south": { "texture": "#metal", "uv": [ 8.0, 6.0, 9.0, 7.0 ] },
						"west": { "texture": "#metal", "uv": [ 4.0, 11.0, 5.0, 12.0 ] },
						"up": { "texture": "#metal", "uv": [ 3.0, 4.0, 4.0, 5.0 ] },
						"down": { "texture": "#metal", "uv": [ 0.0, 0.0, 1.0, 1.0 ] }
					}
				},
				{
					"name": "Cube16",
					"from": [ 1.0, 0.5, 0.1 ],
					"to": [ 2.0, 1.5, 1.1 ],
					"faces": {
						"north": { "texture": "#metal", "uv": [ 0.0, 0.0, 1.0, 1.0 ] },
						"east": { "texture": "#metal", "uv": [ 0.0, 0.0, 1.0, 1.0 ] },
						"south": { "texture": "#metal", "uv": [ 13.0, 15.0, 14.0, 16.0 ] },
						"west": { "texture": "#metal", "uv": [ 0.0, 0.0, 1.0, 1.0 ] },
						"up": { "texture": "#metal", "uv": [ 2.0, 3.0, 3.0, 4.0 ] },
						"down": { "texture": "#metal", "uv": [ 2.0, 1.0, 3.0, 2.0 ] }
					}
				}
			]
		}
	]}