{
	"editor": {
		"allAngles": false,
		"entityTextureMode": false
	},
	"textureWidth": 16,
	"textureHeight": 16,
	"textureSizes": {
	},
	"textures": {
		"ceramic-dark": "game:block/clay/ceramic-dark"
	},
	"elements": [
		{
			"name": "Northface",
			"from": [ 6.0, 0.0, 6.0 ],
			"to": [ 10.0, 1.25, 7.0 ],
			"rotationOrigin": [ 6.0, 0.0, 6.0 ],
			"faces": {
				"north": { "texture": "#ceramic-dark", "uv": [ 0.0, 0.0, 4.0, 1.0 ] },
				"east": { "texture": "#ceramic-dark", "uv": [ 0.0, 0.0, 1.0, 1.0 ] },
				"south": { "texture": "#ceramic-dark", "uv": [ 0.0, 0.0, 4.0, 1.0 ] },
				"west": { "texture": "#ceramic-dark", "uv": [ 0.0, 0.0, 1.0, 1.0 ] },
				"up": { "texture": "#ceramic-dark", "uv": [ 0.0, 0.0, 4.0, 1.0 ] },
				"down": { "texture": "#ceramic-dark", "uv": [ 0.0, 0.0, 4.0, 1.0 ] }
			}
		},
		{
			"name": "SouthFace",
			"from": [ 6.0, 0.0, 9.0 ],
			"to": [ 10.0, 1.25, 10.0 ],
			"rotationOrigin": [ 6.0, 0.0, 9.0 ],
			"faces": {
				"north": { "texture": "#ceramic-dark", "uv": [ 0.0, 0.0, 4.0, 1.0 ] },
				"east": { "texture": "#ceramic-dark", "uv": [ 0.0, 0.0, 1.0, 1.0 ] },
				"south": { "texture": "#ceramic-dark", "uv": [ 0.0, 0.0, 4.0, 1.0 ] },
				"west": { "texture": "#ceramic-dark", "uv": [ 0.0, 0.0, 1.0, 1.0 ] },
				"up": { "texture": "#ceramic-dark", "uv": [ 0.0, 0.0, 4.0, 1.0 ] },
				"down": { "texture": "#ceramic-dark", "uv": [ 0.0, 0.0, 4.0, 1.0 ] }
			}
		},
		{
			"name": "WestFace",
			"from": [ 6.0, 0.0, 7.0 ],
			"to": [ 7.0, 1.25, 9.0 ],
			"rotationOrigin": [ 6.0, 0.0, 7.0 ],
			"faces": {
				"north": { "texture": "#ceramic-dark", "uv": [ 0.0, 0.0, 1.0, 1.0 ] },
				"east": { "texture": "#ceramic-dark", "uv": [ 0.0, 0.0, 2.0, 1.0 ] },
				"south": { "texture": "#ceramic-dark", "uv": [ 0.0, 0.0, 1.0, 1.0 ] },
				"west": { "texture": "#ceramic-dark", "uv": [ 0.0, 0.0, 2.0, 1.0 ] },
				"up": { "texture": "#ceramic-dark", "uv": [ 0.0, 0.0, 1.0, 2.0 ] },
				"down": { "texture": "#ceramic-dark", "uv": [ 0.0, 0.0, 1.0, 2.0 ] }
			}
		},
		{
			"name": "EastFace",
			"from": [ 9.0, 0.0, 7.0 ],
			"to": [ 10.0, 1.25, 9.0 ],
			"rotationOrigin": [ 9.0, 0.0, 7.0 ],
			"faces": {
				"north": { "texture": "#ceramic-dark", "uv": [ 0.0, 0.0, 1.0, 1.0 ] },
				"east": { "texture": "#ceramic-dark", "uv": [ 0.0, 0.0, 2.0, 1.0 ] },
				"south": { "texture": "#ceramic-dark", "uv": [ 0.0, 0.0, 1.0, 1.0 ] },
				"west": { "texture": "#ceramic-dark", "uv": [ 0.0, 0.0, 2.0, 1.0 ] },
				"up": { "texture": "#ceramic-dark", "uv": [ 0.0, 0.0, 1.0, 2.0 ] },
				"down": { "texture": "#ceramic-dark", "uv": [ 0.0, 0.0, 1.0, 2.0 ] }
			}
		}
	]}