{
	"editor": {
		"allAngles": false,
		"entityTextureMode": false
	},
	"textureWidth": 16,
	"textureHeight": 16,
	"textureSizes": {
	},
	"textures": {
		"copperspooldiagonal": "block/copperspooldiagonal",
		"copperspool": "block/copperspool",
		"castiron": "block/castiron",
		"bluepaintedwornsteelplate": "block/bluepaintedwornsteelplate",
		"cable": "block/cable"
	},
	"elements": [
		{
			"name": "Shaft",
			"from": [ 7.0, 7.0, 0.0 ], 
			"to": [ 9.0, 9.0, 16.0 ], 
			"rotationOrigin": [ 7.0, 7.0, 0.0 ],
			"faces": {
				"north": { "texture": "#bluepaintedwornsteelplate", "uv": [ 0.0, 0.0, 2.0, 2.0 ] },
				"east": { "texture": "#bluepaintedwornsteelplate", "uv": [ 0.0, 0.0, 16.0, 2.0 ] },
				"south": { "texture": "#bluepaintedwornsteelplate", "uv": [ 0.0, 0.0, 2.0, 2.0 ] },
				"west": { "texture": "#bluepaintedwornsteelplate", "uv": [ 0.0, 0.0, 16.0, 2.0 ] },
				"up": { "texture": "#bluepaintedwornsteelplate", "uv": [ 0.0, 0.0, 2.0, 16.0 ] },
				"down": { "texture": "#bluepaintedwornsteelplate", "uv": [ 0.0, 0.0, 2.0, 16.0 ] }
			}
		},
		{
			"name": "Shaft17",
			"from": [ 6.5, 6.5, 1.0 ], 
			"to": [ 9.5, 9.5, 4.0 ], 
			"rotationOrigin": [ 7.0, 7.0, 1.0 ],
			"faces": {
				"north": { "texture": "#castiron", "uv": [ 0.0, 0.0, 3.0, 3.0 ] },
				"east": { "texture": "#castiron", "uv": [ 0.0, 0.0, 3.0, 3.0 ] },
				"south": { "texture": "#castiron", "uv": [ 0.0, 0.0, 3.0, 3.0 ] },
				"west": { "texture": "#castiron", "uv": [ 0.0, 0.0, 3.0, 3.0 ] },
				"up": { "texture": "#castiron", "uv": [ 0.0, 0.0, 3.0, 3.0 ] },
				"down": { "texture": "#castiron", "uv": [ 0.0, 0.0, 3.0, 3.0 ] }
			}
		},
		{
			"name": "Shaft18",
			"from": [ 6.5, 6.5, 13.75 ], 
			"to": [ 9.5, 9.5, 15.75 ], 
			"rotationOrigin": [ 7.0, 7.0, 14.0 ],
			"faces": {
				"north": { "texture": "#castiron", "uv": [ 0.0, 0.0, 3.0, 3.0 ] },
				"east": { "texture": "#castiron", "uv": [ 0.0, 0.0, 2.0, 3.0 ] },
				"south": { "texture": "#castiron", "uv": [ 0.0, 0.0, 3.0, 3.0 ] },
				"west": { "texture": "#castiron", "uv": [ 0.0, 0.0, 2.0, 3.0 ] },
				"up": { "texture": "#castiron", "uv": [ 0.0, 0.0, 3.0, 2.0 ] },
				"down": { "texture": "#castiron", "uv": [ 0.0, 0.0, 3.0, 2.0 ] }
			}
		},
		{
			"name": "Winding",
			"from": [ 6.0, 10.0, 6.5 ], 
			"to": [ 10.0, 11.0, 8.5 ], 
			"rotationOrigin": [ 8.0, 8.0, 7.0 ],
			"faces": {
				"north": { "texture": "#copperspooldiagonal", "uv": [ 0.0, 0.0, 4.0, 1.0 ] },
				"east": { "texture": "#copperspooldiagonal", "uv": [ 0.0, 0.0, 2.0, 1.0 ] },
				"south": { "texture": "#copperspooldiagonal", "uv": [ 0.0, 0.0, 4.0, 1.0 ] },
				"west": { "texture": "#copperspooldiagonal", "uv": [ 0.0, 0.0, 2.0, 1.0 ] },
				"up": { "texture": "#copperspooldiagonal", "uv": [ 0.0, 0.0, 4.0, 2.0 ] },
				"down": { "texture": "#copperspooldiagonal", "uv": [ 0.0, 0.0, 4.0, 2.0 ] }
			},
			"children": [
				{
					"name": "Cube1",
					"from": [ 1.5, -1.0, 0.25 ], 
					"to": [ 2.5, 0.0, 1.75 ], 
					"rotationOrigin": [ 2.0, -1.0, 0.0 ],
					"faces": {
						"north": { "texture": "#bluepaintedwornsteelplate", "uv": [ 0.0, 0.0, 1.0, 1.0 ] },
						"east": { "texture": "#bluepaintedwornsteelplate", "uv": [ 0.0, 0.0, 1.5, 1.0 ] },
						"south": { "texture": "#bluepaintedwornsteelplate", "uv": [ 0.0, 0.0, 1.0, 1.0 ] },
						"west": { "texture": "#bluepaintedwornsteelplate", "uv": [ 0.0, 0.0, 1.5, 1.0 ] },
						"up": { "texture": "#bluepaintedwornsteelplate", "uv": [ 0.0, 0.0, 1.0, 1.5 ] },
						"down": { "texture": "#bluepaintedwornsteelplate", "uv": [ 0.0, 0.0, 1.0, 1.5 ] }
					}
				},
				{
					"name": "tip",
					"from": [ 0.0, -0.5, 0.0 ], 
					"to": [ 0.5, 0.0, 2.0 ], 
					"rotationOrigin": [ 0.0, -1.0, 0.0 ],
					"faces": {
						"north": { "texture": "#copperspooldiagonal", "uv": [ 0.0, 0.0, 0.5, 0.5 ] },
						"east": { "texture": "#copperspooldiagonal", "uv": [ 0.0, 0.0, 2.0, 0.5 ] },
						"south": { "texture": "#copperspooldiagonal", "uv": [ 0.0, 0.0, 0.5, 0.5 ] },
						"west": { "texture": "#copperspooldiagonal", "uv": [ 0.0, 0.0, 2.0, 0.5 ] },
						"up": { "texture": "#copperspooldiagonal", "uv": [ 0.0, 0.0, 0.5, 2.0 ] },
						"down": { "texture": "#copperspooldiagonal", "uv": [ 0.0, 0.0, 0.5, 2.0 ] }
					}
				}
			]
		},
		{
			"name": "Winding8",
			"from": [ 6.0, 10.0, 6.5 ], 
			"to": [ 10.0, 11.0, 8.5 ], 
			"rotationOrigin": [ 8.0, 8.0, 7.0 ],
			"rotationZ": -90.0,
			"faces": {
				"north": { "texture": "#copperspooldiagonal", "uv": [ 0.0, 0.0, 4.0, 1.0 ] },
				"east": { "texture": "#copperspooldiagonal", "uv": [ 0.0, 0.0, 2.0, 1.0 ] },
				"south": { "texture": "#copperspooldiagonal", "uv": [ 0.0, 0.0, 4.0, 1.0 ] },
				"west": { "texture": "#copperspooldiagonal", "uv": [ 0.0, 0.0, 2.0, 1.0 ] },
				"up": { "texture": "#copperspooldiagonal", "uv": [ 0.0, 0.0, 4.0, 2.0 ] },
				"down": { "texture": "#copperspooldiagonal", "uv": [ 0.0, 0.0, 4.0, 2.0 ] }
			},
			"children": [
				{
					"name": "Cube9",
					"from": [ 1.5, -1.0, 0.25 ], 
					"to": [ 2.5, 0.0, 1.75 ], 
					"rotationOrigin": [ 2.0, -1.0, 0.0 ],
					"faces": {
						"north": { "texture": "#bluepaintedwornsteelplate", "uv": [ 0.0, 0.0, 1.0, 1.0 ] },
						"east": { "texture": "#bluepaintedwornsteelplate", "uv": [ 0.0, 0.0, 1.5, 1.0 ] },
						"south": { "texture": "#bluepaintedwornsteelplate", "uv": [ 0.0, 0.0, 1.0, 1.0 ] },
						"west": { "texture": "#bluepaintedwornsteelplate", "uv": [ 0.0, 0.0, 1.5, 1.0 ] },
						"up": { "texture": "#bluepaintedwornsteelplate", "uv": [ 0.0, 0.0, 1.0, 1.5 ] },
						"down": { "texture": "#bluepaintedwornsteelplate", "uv": [ 0.0, 0.0, 1.0, 1.5 ] }
					}
				},
				{
					"name": "tip10",
					"from": [ 0.0, -0.5, 0.0 ], 
					"to": [ 0.5, 0.0, 2.0 ], 
					"rotationOrigin": [ 0.0, -1.0, 0.0 ],
					"faces": {
						"north": { "texture": "#copperspooldiagonal", "uv": [ 0.0, 0.0, 0.5, 0.5 ] },
						"east": { "texture": "#copperspooldiagonal", "uv": [ 0.0, 0.0, 2.0, 0.5 ] },
						"south": { "texture": "#copperspooldiagonal", "uv": [ 0.0, 0.0, 0.5, 0.5 ] },
						"west": { "texture": "#copperspooldiagonal", "uv": [ 0.0, 0.0, 2.0, 0.5 ] },
						"up": { "texture": "#copperspooldiagonal", "uv": [ 0.0, 0.0, 0.5, 2.0 ] },
						"down": { "texture": "#copperspooldiagonal", "uv": [ 0.0, 0.0, 0.5, 2.0 ] }
					}
				}
			]
		},
		{
			"name": "Winding10",
			"from": [ 6.0, 10.0, 6.5 ], 
			"to": [ 10.0, 11.0, 8.5 ], 
			"rotationOrigin": [ 8.0, 8.0, 7.0 ],
			"rotationZ": -180.0,
			"faces": {
				"north": { "texture": "#copperspooldiagonal", "uv": [ 0.0, 0.0, 4.0, 1.0 ] },
				"east": { "texture": "#copperspooldiagonal", "uv": [ 0.0, 0.0, 2.0, 1.0 ] },
				"south": { "texture": "#copperspooldiagonal", "uv": [ 0.0, 0.0, 4.0, 1.0 ] },
				"west": { "texture": "#copperspooldiagonal", "uv": [ 0.0, 0.0, 2.0, 1.0 ] },
				"up": { "texture": "#copperspooldiagonal", "uv": [ 0.0, 0.0, 4.0, 2.0 ] },
				"down": { "texture": "#copperspooldiagonal", "uv": [ 0.0, 0.0, 4.0, 2.0 ] }
			},
			"children": [
				{
					"name": "Cube11",
					"from": [ 1.5, -1.0, 0.25 ], 
					"to": [ 2.5, 0.0, 1.75 ], 
					"rotationOrigin": [ 2.0, -1.0, 0.0 ],
					"faces": {
						"north": { "texture": "#bluepaintedwornsteelplate", "uv": [ 0.0, 0.0, 1.0, 1.0 ] },
						"east": { "texture": "#bluepaintedwornsteelplate", "uv": [ 0.0, 0.0, 1.5, 1.0 ] },
						"south": { "texture": "#bluepaintedwornsteelplate", "uv": [ 0.0, 0.0, 1.0, 1.0 ] },
						"west": { "texture": "#bluepaintedwornsteelplate", "uv": [ 0.0, 0.0, 1.5, 1.0 ] },
						"up": { "texture": "#bluepaintedwornsteelplate", "uv": [ 0.0, 0.0, 1.0, 1.5 ] },
						"down": { "texture": "#bluepaintedwornsteelplate", "uv": [ 0.0, 0.0, 1.0, 1.5 ] }
					}
				},
				{
					"name": "tip12",
					"from": [ 0.0, -0.5, 0.0 ], 
					"to": [ 0.5, 0.0, 2.0 ], 
					"rotationOrigin": [ 0.0, -1.0, 0.0 ],
					"faces": {
						"north": { "texture": "#copperspooldiagonal", "uv": [ 0.0, 0.0, 0.5, 0.5 ] },
						"east": { "texture": "#copperspooldiagonal", "uv": [ 0.0, 0.0, 2.0, 0.5 ] },
						"south": { "texture": "#copperspooldiagonal", "uv": [ 0.0, 0.0, 0.5, 0.5 ] },
						"west": { "texture": "#copperspooldiagonal", "uv": [ 0.0, 0.0, 2.0, 0.5 ] },
						"up": { "texture": "#copperspooldiagonal", "uv": [ 0.0, 0.0, 0.5, 2.0 ] },
						"down": { "texture": "#copperspooldiagonal", "uv": [ 0.0, 0.0, 0.5, 2.0 ] }
					}
				}
			]
		},
		{
			"name": "Winding13",
			"from": [ 6.0, 10.0, 6.5 ], 
			"to": [ 10.0, 11.0, 8.5 ], 
			"rotationOrigin": [ 8.0, 8.0, 7.0 ],
			"rotationZ": 90.0,
			"faces": {
				"north": { "texture": "#copperspooldiagonal", "uv": [ 0.0, 0.0, 4.0, 1.0 ] },
				"east": { "texture": "#copperspooldiagonal", "uv": [ 0.0, 0.0, 2.0, 1.0 ] },
				"south": { "texture": "#copperspooldiagonal", "uv": [ 0.0, 0.0, 4.0, 1.0 ] },
				"west": { "texture": "#copperspooldiagonal", "uv": [ 0.0, 0.0, 2.0, 1.0 ] },
				"up": { "texture": "#copperspooldiagonal", "uv": [ 0.0, 0.0, 4.0, 2.0 ] },
				"down": { "texture": "#copperspooldiagonal", "uv": [ 0.0, 0.0, 4.0, 2.0 ] }
			},
			"children": [
				{
					"name": "Cube14",
					"from": [ 1.5, -1.0, 0.25 ], 
					"to": [ 2.5, 0.0, 1.75 ], 
					"rotationOrigin": [ 2.0, -1.0, 0.0 ],
					"faces": {
						"north": { "texture": "#bluepaintedwornsteelplate", "uv": [ 0.0, 0.0, 1.0, 1.0 ] },
						"east": { "texture": "#bluepaintedwornsteelplate", "uv": [ 0.0, 0.0, 1.5, 1.0 ] },
						"south": { "texture": "#bluepaintedwornsteelplate", "uv": [ 0.0, 0.0, 1.0, 1.0 ] },
						"west": { "texture": "#bluepaintedwornsteelplate", "uv": [ 0.0, 0.0, 1.5, 1.0 ] },
						"up": { "texture": "#bluepaintedwornsteelplate", "uv": [ 0.0, 0.0, 1.0, 1.5 ] },
						"down": { "texture": "#bluepaintedwornsteelplate", "uv": [ 0.0, 0.0, 1.0, 1.5 ] }
					}
				},
				{
					"name": "tip15",
					"from": [ 0.0, -0.5, 0.0 ], 
					"to": [ 0.5, 0.0, 2.0 ], 
					"rotationOrigin": [ 0.0, -1.0, 0.0 ],
					"faces": {
						"north": { "texture": "#copperspooldiagonal", "uv": [ 0.0, 0.0, 0.5, 0.5 ] },
						"east": { "texture": "#copperspooldiagonal", "uv": [ 0.0, 0.0, 2.0, 0.5 ] },
						"south": { "texture": "#copperspooldiagonal", "uv": [ 0.0, 0.0, 0.5, 0.5 ] },
						"west": { "texture": "#copperspooldiagonal", "uv": [ 0.0, 0.0, 2.0, 0.5 ] },
						"up": { "texture": "#copperspooldiagonal", "uv": [ 0.0, 0.0, 0.5, 2.0 ] },
						"down": { "texture": "#copperspooldiagonal", "uv": [ 0.0, 0.0, 0.5, 2.0 ] }
					}
				}
			]
		},
		{
			"name": "frame",
			"from": [ 7.5, 7.5, 6.5 ], 
			"to": [ 8.5, 8.5, 7.5 ], 
			"rotationOrigin": [ 8.0, 7.0, 12.0 ],
			"faces": {
				"north": { "texture": "#null", "uv": [ 0.0, 0.0, 1.0, 1.0 ], "enabled": false },
				"east": { "texture": "#null", "uv": [ 0.0, 0.0, 1.0, 1.0 ], "enabled": false },
				"south": { "texture": "#null", "uv": [ 0.0, 0.0, 1.0, 1.0 ], "enabled": false },
				"west": { "texture": "#null", "uv": [ 0.0, 0.0, 1.0, 1.0 ], "enabled": false },
				"up": { "texture": "#null", "uv": [ 0.0, 0.0, 1.0, 1.0 ], "enabled": false },
				"down": { "texture": "#null", "uv": [ 0.0, 0.0, 1.0, 1.0 ], "enabled": false }
			},
			"children": [
				{
					"name": "Cube4",
					"from": [ 6.5, -5.5, -0.5 ], 
					"to": [ 8.5, 6.5, 3.5 ], 
					"rotationOrigin": [ 6.5, -5.5, -0.5 ],
					"faces": {
						"north": { "texture": "#bluepaintedwornsteelplate", "uv": [ 0.0, 0.0, 2.0, 12.0 ] },
						"east": { "texture": "#bluepaintedwornsteelplate", "uv": [ 0.0, 0.0, 4.0, 12.0 ] },
						"south": { "texture": "#bluepaintedwornsteelplate", "uv": [ 0.0, 0.0, 2.0, 12.0 ] },
						"west": { "texture": "#bluepaintedwornsteelplate", "uv": [ 0.0, 0.0, 4.0, 12.0 ] },
						"up": { "texture": "#bluepaintedwornsteelplate", "uv": [ 0.0, 0.0, 2.0, 4.0 ] },
						"down": { "texture": "#bluepaintedwornsteelplate", "uv": [ 0.0, 0.0, 2.0, 4.0 ] }
					}
				},
				{
					"name": "Cube3",
					"from": [ -7.5, 6.5, -0.5 ], 
					"to": [ 8.5, 8.5, 3.5 ], 
					"rotationOrigin": [ -7.5, 6.5, -0.5 ],
					"faces": {
						"north": { "texture": "#bluepaintedwornsteelplate", "uv": [ 0.0, 0.0, 16.0, 2.0 ] },
						"east": { "texture": "#bluepaintedwornsteelplate", "uv": [ 0.0, 0.0, 4.0, 2.0 ] },
						"south": { "texture": "#bluepaintedwornsteelplate", "uv": [ 0.0, 0.0, 16.0, 2.0 ] },
						"west": { "texture": "#bluepaintedwornsteelplate", "uv": [ 0.0, 0.0, 4.0, 2.0 ] },
						"up": { "texture": "#bluepaintedwornsteelplate", "uv": [ 0.0, 0.0, 16.0, 4.0 ] },
						"down": { "texture": "#bluepaintedwornsteelplate", "uv": [ 0.0, 0.0, 16.0, 4.0 ] }
					}
				},
				{
					"name": "Cube2",
					"from": [ -7.5, -5.5, -0.5 ], 
					"to": [ -5.5, 6.5, 3.5 ], 
					"rotationOrigin": [ -7.5, -5.5, -0.5 ],
					"faces": {
						"north": { "texture": "#bluepaintedwornsteelplate", "uv": [ 0.0, 0.0, 2.0, 12.0 ] },
						"east": { "texture": "#bluepaintedwornsteelplate", "uv": [ 0.0, 0.0, 4.0, 12.0 ] },
						"south": { "texture": "#bluepaintedwornsteelplate", "uv": [ 0.0, 0.0, 2.0, 12.0 ] },
						"west": { "texture": "#bluepaintedwornsteelplate", "uv": [ 0.0, 0.0, 4.0, 12.0 ] },
						"up": { "texture": "#bluepaintedwornsteelplate", "uv": [ 0.0, 0.0, 2.0, 4.0 ] },
						"down": { "texture": "#bluepaintedwornsteelplate", "uv": [ 0.0, 0.0, 2.0, 4.0 ] }
					}
				},
				{
					"name": "Cube1",
					"from": [ -7.5, -7.5, -0.5 ], 
					"to": [ 8.5, -5.5, 3.5 ], 
					"rotationOrigin": [ -7.5, -7.5, -0.5 ],
					"faces": {
						"north": { "texture": "#bluepaintedwornsteelplate", "uv": [ 0.0, 0.0, 16.0, 2.0 ] },
						"east": { "texture": "#bluepaintedwornsteelplate", "uv": [ 0.0, 0.0, 4.0, 2.0 ] },
						"south": { "texture": "#bluepaintedwornsteelplate", "uv": [ 0.0, 0.0, 16.0, 2.0 ] },
						"west": { "texture": "#bluepaintedwornsteelplate", "uv": [ 0.0, 0.0, 4.0, 2.0 ] },
						"up": { "texture": "#bluepaintedwornsteelplate", "uv": [ 0.0, 0.0, 16.0, 4.0 ] },
						"down": { "texture": "#bluepaintedwornsteelplate", "uv": [ 0.0, 0.0, 16.0, 4.0 ] }
					}
				}
			]
		},
		{
			"name": "coppercore",
			"from": [ 7.62, 7.62, 6.88 ], 
			"to": [ 8.37, 8.37, 7.63 ], 
			"rotationOrigin": [ 8.0, 7.25, 11.0 ],
			"faces": {
				"north": { "texture": "#copperspooldiagonal", "uv": [ 0.0, 0.0, 0.5, 0.5 ], "enabled": false },
				"east": { "texture": "#copperspooldiagonal", "uv": [ 0.0, 0.0, 0.5, 0.5 ], "enabled": false },
				"south": { "texture": "#copperspooldiagonal", "uv": [ 0.0, 0.0, 0.5, 0.5 ], "enabled": false },
				"west": { "texture": "#copperspooldiagonal", "uv": [ 0.0, 0.0, 0.5, 0.5 ], "enabled": false },
				"up": { "texture": "#copperspooldiagonal", "uv": [ 0.0, 0.0, 0.5, 0.5 ], "enabled": false },
				"down": { "texture": "#copperspooldiagonal", "uv": [ 0.0, 0.0, 0.5, 0.5 ], "enabled": false }
			},
			"children": [
				{
					"name": "Cube7",
					"from": [ 4.875, -4.125, -0.375 ], 
					"to": [ 6.375, 4.875, 2.625 ], 
					"rotationOrigin": [ 4.875, -4.125, -0.375 ],
					"faces": {
						"north": { "texture": "#copperspooldiagonal", "uv": [ 0.0, 0.0, 1.5, 9.0 ] },
						"east": { "texture": "#copperspooldiagonal", "uv": [ 0.0, 0.0, 3.0, 9.0 ] },
						"south": { "texture": "#copperspooldiagonal", "uv": [ 0.0, 0.0, 1.5, 9.0 ] },
						"west": { "texture": "#copperspooldiagonal", "uv": [ 0.0, 0.0, 3.0, 9.0 ] },
						"up": { "texture": "#copperspooldiagonal", "uv": [ 0.0, 0.0, 1.5, 3.0 ] },
						"down": { "texture": "#copperspooldiagonal", "uv": [ 0.0, 0.0, 1.5, 3.0 ] }
					}
				},
				{
					"name": "Cube8",
					"from": [ -5.625, 4.875, -0.375 ], 
					"to": [ 6.375, 6.375, 2.625 ], 
					"rotationOrigin": [ -5.625, 4.875, -0.375 ],
					"faces": {
						"north": { "texture": "#copperspooldiagonal", "uv": [ 0.0, 0.0, 12.0, 1.5 ] },
						"east": { "texture": "#copperspooldiagonal", "uv": [ 0.0, 0.0, 3.0, 1.5 ] },
						"south": { "texture": "#copperspooldiagonal", "uv": [ 0.0, 0.0, 12.0, 1.5 ] },
						"west": { "texture": "#copperspooldiagonal", "uv": [ 0.0, 0.0, 3.0, 1.5 ] },
						"up": { "texture": "#copperspooldiagonal", "uv": [ 0.0, 0.0, 12.0, 3.0 ] },
						"down": { "texture": "#copperspooldiagonal", "uv": [ 0.0, 0.0, 12.0, 3.0 ] }
					}
				},
				{
					"name": "Cube9",
					"from": [ -5.625, -4.125, -0.375 ], 
					"to": [ -4.125, 4.875, 2.625 ], 
					"rotationOrigin": [ -5.625, -4.125, -0.375 ],
					"faces": {
						"north": { "texture": "#copperspooldiagonal", "uv": [ 0.0, 0.0, 1.5, 9.0 ] },
						"east": { "texture": "#copperspooldiagonal", "uv": [ 0.0, 0.0, 3.0, 9.0 ] },
						"south": { "texture": "#copperspooldiagonal", "uv": [ 0.0, 0.0, 1.5, 9.0 ] },
						"west": { "texture": "#copperspooldiagonal", "uv": [ 0.0, 0.0, 3.0, 9.0 ] },
						"up": { "texture": "#copperspooldiagonal", "uv": [ 0.0, 0.0, 1.5, 3.0 ] },
						"down": { "texture": "#copperspooldiagonal", "uv": [ 0.0, 0.0, 1.5, 3.0 ] }
					}
				},
				{
					"name": "Cube10",
					"from": [ -5.625, -5.625, -0.375 ], 
					"to": [ 6.375, -4.125, 2.625 ], 
					"rotationOrigin": [ -5.625, -5.625, -0.375 ],
					"faces": {
						"north": { "texture": "#copperspooldiagonal", "uv": [ 0.0, 0.0, 12.0, 1.5 ] },
						"east": { "texture": "#copperspooldiagonal", "uv": [ 0.0, 0.0, 3.0, 1.5 ] },
						"south": { "texture": "#copperspooldiagonal", "uv": [ 0.0, 0.0, 12.0, 1.5 ] },
						"west": { "texture": "#copperspooldiagonal", "uv": [ 0.0, 0.0, 3.0, 1.5 ] },
						"up": { "texture": "#copperspooldiagonal", "uv": [ 0.0, 0.0, 12.0, 3.0 ] },
						"down": { "texture": "#copperspooldiagonal", "uv": [ 0.0, 0.0, 12.0, 3.0 ] }
					}
				}
			]
		},
		{
			"name": "interiorcore",
			"from": [ 7.71, 7.71, 6.16 ], 
			"to": [ 8.2725, 8.2725, 6.7225 ], 
			"rotationOrigin": [ 8.0, 7.4375, 9.25 ],
			"faces": {
				"north": { "texture": "#castiron", "uv": [ 0.0, 0.0, 0.5, 0.5 ], "enabled": false },
				"east": { "texture": "#castiron", "uv": [ 0.0, 0.0, 0.5, 0.5 ], "enabled": false },
				"south": { "texture": "#castiron", "uv": [ 0.0, 0.0, 0.5, 0.5 ], "enabled": false },
				"west": { "texture": "#castiron", "uv": [ 0.0, 0.0, 0.5, 0.5 ], "enabled": false },
				"up": { "texture": "#castiron", "uv": [ 0.0, 0.0, 0.5, 0.5 ], "enabled": false },
				"down": { "texture": "#castiron", "uv": [ 0.0, 0.0, 0.5, 0.5 ], "enabled": false }
			},
			"children": [
				{
					"name": "Cube12",
					"from": [ 3.6563, -3.0937, -0.2812 ], 
					"to": [ 4.7813, 3.6563, 3.7188 ], 
					"rotationOrigin": [ 3.6563, -3.0937, -0.2812 ],
					"faces": {
						"north": { "texture": "#castiron", "uv": [ 0.0, 0.0, 1.0, 6.5 ] },
						"east": { "texture": "#castiron", "uv": [ 0.0, 0.0, 4.0, 6.5 ] },
						"south": { "texture": "#castiron", "uv": [ 0.0, 0.0, 1.0, 6.5 ] },
						"west": { "texture": "#castiron", "uv": [ 0.0, 0.0, 4.0, 6.5 ] },
						"up": { "texture": "#castiron", "uv": [ 0.0, 0.0, 1.0, 4.0 ] },
						"down": { "texture": "#castiron", "uv": [ 0.0, 0.0, 1.0, 4.0 ] }
					}
				},
				{
					"name": "Cube13",
					"from": [ -4.2187, 3.6563, -0.2812 ], 
					"to": [ 4.7813, 4.7813, 3.7188 ], 
					"rotationOrigin": [ -4.2187, 3.6563, -0.2812 ],
					"faces": {
						"north": { "texture": "#castiron", "uv": [ 0.0, 0.0, 9.0, 1.0 ] },
						"east": { "texture": "#castiron", "uv": [ 0.0, 0.0, 4.0, 1.0 ] },
						"south": { "texture": "#castiron", "uv": [ 0.0, 0.0, 9.0, 1.0 ] },
						"west": { "texture": "#castiron", "uv": [ 0.0, 0.0, 4.0, 1.0 ] },
						"up": { "texture": "#castiron", "uv": [ 0.0, 0.0, 9.0, 4.0 ] },
						"down": { "texture": "#castiron", "uv": [ 0.0, 0.0, 9.0, 4.0 ] }
					}
				},
				{
					"name": "Cube14",
					"from": [ -4.2187, -3.0937, -0.2812 ], 
					"to": [ -3.0937, 3.6563, 3.7188 ], 
					"rotationOrigin": [ -4.2187, -3.0937, -0.2812 ],
					"faces": {
						"north": { "texture": "#castiron", "uv": [ 0.0, 0.0, 1.0, 6.5 ] },
						"east": { "texture": "#castiron", "uv": [ 0.0, 0.0, 4.0, 6.5 ] },
						"south": { "texture": "#castiron", "uv": [ 0.0, 0.0, 1.0, 6.5 ] },
						"west": { "texture": "#castiron", "uv": [ 0.0, 0.0, 4.0, 6.5 ] },
						"up": { "texture": "#castiron", "uv": [ 0.0, 0.0, 1.0, 4.0 ] },
						"down": { "texture": "#castiron", "uv": [ 0.0, 0.0, 1.0, 4.0 ] }
					}
				},
				{
					"name": "Cube15",
					"from": [ -4.2187, -4.2187, -0.2812 ], 
					"to": [ 4.7813, -3.0937, 3.7188 ], 
					"rotationOrigin": [ -4.2187, -4.2187, -0.2812 ],
					"faces": {
						"north": { "texture": "#castiron", "uv": [ 0.0, 0.0, 9.0, 1.0 ] },
						"east": { "texture": "#castiron", "uv": [ 0.0, 0.0, 4.0, 1.0 ] },
						"south": { "texture": "#castiron", "uv": [ 0.0, 0.0, 9.0, 1.0 ] },
						"west": { "texture": "#castiron", "uv": [ 0.0, 0.0, 4.0, 1.0 ] },
						"up": { "texture": "#castiron", "uv": [ 0.0, 0.0, 9.0, 4.0 ] },
						"down": { "texture": "#castiron", "uv": [ 0.0, 0.0, 9.0, 4.0 ] }
					}
				}
			]
		},
		{
			"name": "housingfront",
			"from": [ 7.5, 7.75, 11.45 ], 
			"to": [ 8.4, 8.65, 12.35 ], 
			"rotationOrigin": [ 8.2, 7.3, 16.4 ],
			"faces": {
				"north": { "texture": "#null", "uv": [ 0.0, 0.0, 0.5, 0.5 ], "enabled": false },
				"east": { "texture": "#null", "uv": [ 0.0, 0.0, 0.5, 0.5 ], "enabled": false },
				"south": { "texture": "#null", "uv": [ 0.0, 0.0, 0.5, 0.5 ], "enabled": false },
				"west": { "texture": "#null", "uv": [ 0.0, 0.0, 0.5, 0.5 ], "enabled": false },
				"up": { "texture": "#null", "uv": [ 0.0, 0.0, 0.5, 0.5 ], "enabled": false },
				"down": { "texture": "#null", "uv": [ 0.0, 0.0, 0.5, 0.5 ], "enabled": false }
			},
			"children": [
				{
					"name": "Cube32",
					"from": [ 5.85, -4.95, -1.45 ], 
					"to": [ 7.65, 5.85, 3.15 ], 
					"rotationOrigin": [ 5.85, -4.95, -1.45 ],
					"faces": {
						"north": { "texture": "#bluepaintedwornsteelplate", "uv": [ 0.0, 0.0, 1.5, 10.5 ] },
						"east": { "texture": "#bluepaintedwornsteelplate", "uv": [ 0.0, 0.0, 4.5, 10.5 ] },
						"south": { "texture": "#bluepaintedwornsteelplate", "uv": [ 0.0, 0.0, 1.5, 10.5 ] },
						"west": { "texture": "#bluepaintedwornsteelplate", "uv": [ 0.0, 0.0, 4.5, 10.5 ] },
						"up": { "texture": "#bluepaintedwornsteelplate", "uv": [ 0.0, 0.0, 1.5, 4.5 ] },
						"down": { "texture": "#bluepaintedwornsteelplate", "uv": [ 0.0, 0.0, 1.5, 4.5 ] }
					}
				},
				{
					"name": "Cube33",
					"from": [ -6.75, 5.85, -1.45 ], 
					"to": [ 7.65, 7.65, 3.15 ], 
					"rotationOrigin": [ -6.75, 5.85, -1.45 ],
					"faces": {
						"north": { "texture": "#bluepaintedwornsteelplate", "uv": [ 0.0, 0.0, 14.0, 1.5 ] },
						"east": { "texture": "#bluepaintedwornsteelplate", "uv": [ 0.0, 0.0, 4.5, 1.5 ] },
						"south": { "texture": "#bluepaintedwornsteelplate", "uv": [ 0.0, 0.0, 14.0, 1.5 ] },
						"west": { "texture": "#bluepaintedwornsteelplate", "uv": [ 0.0, 0.0, 4.5, 1.5 ] },
						"up": { "texture": "#bluepaintedwornsteelplate", "uv": [ 0.0, 0.0, 14.0, 4.5 ] },
						"down": { "texture": "#bluepaintedwornsteelplate", "uv": [ 0.0, 0.0, 14.0, 4.5 ] }
					}
				},
				{
					"name": "Cube34",
					"from": [ -6.75, -4.95, -1.45 ], 
					"to": [ -4.95, 5.85, 3.15 ], 
					"rotationOrigin": [ -6.75, -4.95, -1.45 ],
					"faces": {
						"north": { "texture": "#bluepaintedwornsteelplate", "uv": [ 0.0, 0.0, 1.5, 10.5 ] },
						"east": { "texture": "#bluepaintedwornsteelplate", "uv": [ 0.0, 0.0, 4.5, 10.5 ] },
						"south": { "texture": "#bluepaintedwornsteelplate", "uv": [ 0.0, 0.0, 1.5, 10.5 ] },
						"west": { "texture": "#bluepaintedwornsteelplate", "uv": [ 0.0, 0.0, 4.5, 10.5 ] },
						"up": { "texture": "#bluepaintedwornsteelplate", "uv": [ 0.0, 0.0, 1.5, 4.5 ] },
						"down": { "texture": "#bluepaintedwornsteelplate", "uv": [ 0.0, 0.0, 1.5, 4.5 ] }
					}
				},
				{
					"name": "Cube35",
					"from": [ -6.75, -6.75, -1.45 ], 
					"to": [ 7.65, -4.95, 3.15 ], 
					"rotationOrigin": [ -6.75, -6.75, -1.45 ],
					"faces": {
						"north": { "texture": "#bluepaintedwornsteelplate", "uv": [ 0.0, 0.0, 14.0, 1.5 ] },
						"east": { "texture": "#bluepaintedwornsteelplate", "uv": [ 0.0, 0.0, 4.5, 1.5 ] },
						"south": { "texture": "#bluepaintedwornsteelplate", "uv": [ 0.0, 0.0, 14.0, 1.5 ] },
						"west": { "texture": "#bluepaintedwornsteelplate", "uv": [ 0.0, 0.0, 4.5, 1.5 ] },
						"up": { "texture": "#bluepaintedwornsteelplate", "uv": [ 0.0, 0.0, 14.0, 4.5 ] },
						"down": { "texture": "#bluepaintedwornsteelplate", "uv": [ 0.0, 0.0, 14.0, 4.5 ] }
					}
				}
			]
		},
		{
			"name": "rearhousing",
			"from": [ 7.5, 7.5, 1.5 ], 
			"to": [ 8.5, 8.5, 2.5 ], 
			"rotationOrigin": [ 8.0, 7.0, 7.0 ],
			"faces": {
				"north": { "texture": "#null", "uv": [ 0.0, 0.0, 1.0, 1.0 ], "enabled": false },
				"east": { "texture": "#null", "uv": [ 0.0, 0.0, 1.0, 1.0 ], "enabled": false },
				"south": { "texture": "#null", "uv": [ 0.0, 0.0, 1.0, 1.0 ], "enabled": false },
				"west": { "texture": "#null", "uv": [ 0.0, 0.0, 1.0, 1.0 ], "enabled": false },
				"up": { "texture": "#null", "uv": [ 0.0, 0.0, 1.0, 1.0 ], "enabled": false },
				"down": { "texture": "#null", "uv": [ 0.0, 0.0, 1.0, 1.0 ], "enabled": false }
			},
			"children": [
				{
					"name": "Cube40",
					"from": [ -7.5, -7.5, -0.25 ], 
					"to": [ 8.5, 8.5, 4.5 ], 
					"rotationOrigin": [ -7.5, -7.5, -0.5 ],
					"faces": {
						"north": { "texture": "#bluepaintedwornsteelplate", "uv": [ 0.0, 0.0, 16.0, 16.0 ] },
						"east": { "texture": "#bluepaintedwornsteelplate", "uv": [ 0.0, 0.0, 4.5, 16.0 ] },
						"south": { "texture": "#bluepaintedwornsteelplate", "uv": [ 0.0, 0.0, 16.0, 16.0 ] },
						"west": { "texture": "#bluepaintedwornsteelplate", "uv": [ 0.0, 0.0, 4.5, 16.0 ] },
						"up": { "texture": "#bluepaintedwornsteelplate", "uv": [ 0.0, 0.0, 16.0, 4.5 ] },
						"down": { "texture": "#bluepaintedwornsteelplate", "uv": [ 0.0, 0.0, 16.0, 4.5 ] }
					}
				}
			]
		},
		{
			"name": "interiorcore41",
			"from": [ 7.71, 7.71, 14.16 ], 
			"to": [ 8.2725, 8.2725, 14.7225 ], 
			"rotationOrigin": [ 8.0, 7.4375, 17.25 ],
			"faces": {
				"north": { "texture": "#castiron", "uv": [ 0.0, 0.0, 0.5, 0.5 ], "enabled": false },
				"east": { "texture": "#castiron", "uv": [ 0.0, 0.0, 0.5, 0.5 ], "enabled": false },
				"south": { "texture": "#castiron", "uv": [ 0.0, 0.0, 0.5, 0.5 ], "enabled": false },
				"west": { "texture": "#castiron", "uv": [ 0.0, 0.0, 0.5, 0.5 ], "enabled": false },
				"up": { "texture": "#castiron", "uv": [ 0.0, 0.0, 0.5, 0.5 ], "enabled": false },
				"down": { "texture": "#castiron", "uv": [ 0.0, 0.0, 0.5, 0.5 ], "enabled": false }
			},
			"children": [
				{
					"name": "Cube42",
					"from": [ 2.66, -3.0937, -0.2812 ], 
					"to": [ 5.785, 3.6563, 0.7188 ], 
					"rotationOrigin": [ 2.6563, -3.0937, -0.2812 ],
					"faces": {
						"north": { "texture": "#castiron", "uv": [ 0.0, 0.0, 3.0, 6.5 ] },
						"east": { "texture": "#castiron", "uv": [ 0.0, 0.0, 1.0, 6.5 ] },
						"south": { "texture": "#castiron", "uv": [ 0.0, 0.0, 3.0, 6.5 ] },
						"west": { "texture": "#castiron", "uv": [ 0.0, 0.0, 1.0, 6.5 ] },
						"up": { "texture": "#castiron", "uv": [ 0.0, 0.0, 3.0, 1.0 ] },
						"down": { "texture": "#castiron", "uv": [ 0.0, 0.0, 3.0, 1.0 ] }
					}
				},
				{
					"name": "Cube43",
					"from": [ -4.2187, 3.66, -0.2812 ], 
					"to": [ 4.7813, 5.91, 0.7188 ], 
					"rotationOrigin": [ -4.2187, 3.6563, -0.2812 ],
					"faces": {
						"north": { "texture": "#castiron", "uv": [ 0.0, 0.0, 9.0, 2.0 ] },
						"east": { "texture": "#castiron", "uv": [ 0.0, 0.0, 1.0, 2.0 ] },
						"south": { "texture": "#castiron", "uv": [ 0.0, 0.0, 9.0, 2.0 ] },
						"west": { "texture": "#castiron", "uv": [ 0.0, 0.0, 1.0, 2.0 ] },
						"up": { "texture": "#castiron", "uv": [ 0.0, 0.0, 9.0, 1.0 ] },
						"down": { "texture": "#castiron", "uv": [ 0.0, 0.0, 9.0, 1.0 ] }
					}
				},
				{
					"name": "Cube44",
					"from": [ -5.22, -3.0937, -0.2812 ], 
					"to": [ -2.095, 3.6563, 0.7188 ], 
					"rotationOrigin": [ -5.2187, -3.0937, -0.2812 ],
					"faces": {
						"north": { "texture": "#castiron", "uv": [ 0.0, 0.0, 3.0, 6.5 ] },
						"east": { "texture": "#castiron", "uv": [ 0.0, 0.0, 1.0, 6.5 ] },
						"south": { "texture": "#castiron", "uv": [ 0.0, 0.0, 3.0, 6.5 ] },
						"west": { "texture": "#castiron", "uv": [ 0.0, 0.0, 1.0, 6.5 ] },
						"up": { "texture": "#castiron", "uv": [ 0.0, 0.0, 3.0, 1.0 ] },
						"down": { "texture": "#castiron", "uv": [ 0.0, 0.0, 3.0, 1.0 ] }
					}
				},
				{
					"name": "Cube45",
					"from": [ -4.2187, -5.22, -0.28 ], 
					"to": [ 4.7813, -2.97, 0.72 ], 
					"rotationOrigin": [ -4.2187, -5.2187, -0.2812 ],
					"faces": {
						"north": { "texture": "#castiron", "uv": [ 0.0, 0.0, 9.0, 2.0 ] },
						"east": { "texture": "#castiron", "uv": [ 0.0, 0.0, 1.0, 2.0 ] },
						"south": { "texture": "#castiron", "uv": [ 0.0, 0.0, 9.0, 2.0 ] },
						"west": { "texture": "#castiron", "uv": [ 0.0, 0.0, 1.0, 2.0 ] },
						"up": { "texture": "#castiron", "uv": [ 0.0, 0.0, 9.0, 1.0 ] },
						"down": { "texture": "#castiron", "uv": [ 0.0, 0.0, 9.0, 1.0 ] }
					}
				},
				{
					"name": "trim",
					"from": [ -2.22, -2.22, -0.28 ], 
					"to": [ 2.78, -1.72, 0.72 ], 
					"rotationOrigin": [ -2.2187, -2.2187, -0.2812 ],
					"faces": {
						"north": { "texture": "#castiron", "uv": [ 0.0, 0.0, 5.0, 0.5 ] },
						"east": { "texture": "#castiron", "uv": [ 0.0, 0.0, 1.0, 0.5 ] },
						"south": { "texture": "#castiron", "uv": [ 0.0, 0.0, 5.0, 0.5 ] },
						"west": { "texture": "#castiron", "uv": [ 0.0, 0.0, 1.0, 0.5 ] },
						"up": { "texture": "#castiron", "uv": [ 0.0, 0.0, 5.0, 1.0 ] },
						"down": { "texture": "#castiron", "uv": [ 0.0, 0.0, 5.0, 1.0 ] }
					}
				},
				{
					"name": "trim47",
					"from": [ -2.22, -0.22, -0.28 ], 
					"to": [ 2.78, 0.28, 0.72 ], 
					"rotationOrigin": [ -2.2187, -0.2187, -0.2812 ],
					"faces": {
						"north": { "texture": "#castiron", "uv": [ 0.0, 0.0, 5.0, 0.5 ] },
						"east": { "texture": "#castiron", "uv": [ 0.0, 0.0, 1.0, 0.5 ] },
						"south": { "texture": "#castiron", "uv": [ 0.0, 0.0, 5.0, 0.5 ] },
						"west": { "texture": "#castiron", "uv": [ 0.0, 0.0, 1.0, 0.5 ] },
						"up": { "texture": "#castiron", "uv": [ 0.0, 0.0, 5.0, 1.0 ] },
						"down": { "texture": "#castiron", "uv": [ 0.0, 0.0, 5.0, 1.0 ] }
					}
				},
				{
					"name": "trim48",
					"from": [ -2.22, 1.78, -0.28 ], 
					"to": [ 2.78, 2.28, 0.72 ], 
					"rotationOrigin": [ -2.2187, 1.7813, -0.2812 ],
					"faces": {
						"north": { "texture": "#castiron", "uv": [ 0.0, 0.0, 5.0, 0.5 ] },
						"east": { "texture": "#castiron", "uv": [ 0.0, 0.0, 1.0, 0.5 ] },
						"south": { "texture": "#castiron", "uv": [ 0.0, 0.0, 5.0, 0.5 ] },
						"west": { "texture": "#castiron", "uv": [ 0.0, 0.0, 1.0, 0.5 ] },
						"up": { "texture": "#castiron", "uv": [ 0.0, 0.0, 5.0, 1.0 ] },
						"down": { "texture": "#castiron", "uv": [ 0.0, 0.0, 5.0, 1.0 ] }
					}
				}
			]
		},
		{
			"name": "Sheath5",
			"from": [ 5.3, 1.0, 6.6 ], 
			"to": [ 12.3, 2.0, 7.6 ], 
			"rotationOrigin": [ 5.1313, 1.0, 6.7695 ],
			"rotationY": 90.0,
			"faces": {
				"north": { "texture": "#cable", "uv": [ 0.0, 0.0, 7.0, 1.0 ] },
				"east": { "texture": "#cable", "uv": [ 0.0, 0.0, 1.0, 1.0 ] },
				"south": { "texture": "#cable", "uv": [ 0.0, 0.0, 7.0, 1.0 ] },
				"west": { "texture": "#cable", "uv": [ 0.0, 0.0, 1.0, 1.0 ] },
				"up": { "texture": "#cable", "uv": [ 0.0, 0.0, 7.0, 1.0 ] },
				"down": { "texture": "#cable", "uv": [ 0.0, 0.0, 7.0, 1.0 ] }
			},
			"children": [
				{
					"name": "Core6",
					"from": [ 6.5, 0.2, 0.2 ], 
					"to": [ 7.5, 0.8, 0.8 ], 
					"rotationOrigin": [ 7.0, 0.0, 0.0 ],
					"faces": {
						"north": { "texture": "#copperspool", "uv": [ 0.0, 0.0, 1.0, 0.5 ] },
						"east": { "texture": "#copperspool", "uv": [ 0.0, 0.0, 0.5, 0.5 ] },
						"south": { "texture": "#copperspool", "uv": [ 0.0, 0.0, 1.0, 0.5 ] },
						"west": { "texture": "#copperspool", "uv": [ 0.0, 0.0, 0.5, 0.5 ] },
						"up": { "texture": "#copperspool", "uv": [ 0.0, 0.0, 1.0, 0.5 ] },
						"down": { "texture": "#copperspool", "uv": [ 0.0, 0.0, 1.0, 0.5 ] }
					}
				}
			]
		},
		{
			"name": "Sheath48",
			"from": [ 10.3, 1.0, 6.6 ], 
			"to": [ 17.3, 2.0, 7.6 ], 
			"rotationOrigin": [ 10.1313, 1.0, 6.7695 ],
			"rotationY": 90.0,
			"faces": {
				"north": { "texture": "#cable", "uv": [ 0.0, 0.0, 7.0, 1.0 ] },
				"east": { "texture": "#cable", "uv": [ 0.0, 0.0, 1.0, 1.0 ] },
				"south": { "texture": "#cable", "uv": [ 0.0, 0.0, 7.0, 1.0 ] },
				"west": { "texture": "#cable", "uv": [ 0.0, 0.0, 1.0, 1.0 ] },
				"up": { "texture": "#cable", "uv": [ 0.0, 0.0, 7.0, 1.0 ] },
				"down": { "texture": "#cable", "uv": [ 0.0, 0.0, 7.0, 1.0 ] }
			},
			"children": [
				{
					"name": "Core49",
					"from": [ 6.5, 0.2, 0.2 ], 
					"to": [ 7.5, 0.8, 0.8 ], 
					"rotationOrigin": [ 7.0, 0.0, 0.0 ],
					"faces": {
						"north": { "texture": "#copperspool", "uv": [ 0.0, 0.0, 1.0, 0.5 ] },
						"east": { "texture": "#copperspool", "uv": [ 0.0, 0.0, 0.5, 0.5 ] },
						"south": { "texture": "#copperspool", "uv": [ 0.0, 0.0, 1.0, 0.5 ] },
						"west": { "texture": "#copperspool", "uv": [ 0.0, 0.0, 0.5, 0.5 ] },
						"up": { "texture": "#copperspool", "uv": [ 0.0, 0.0, 1.0, 0.5 ] },
						"down": { "texture": "#copperspool", "uv": [ 0.0, 0.0, 1.0, 0.5 ] }
					}
				}
			]
		}
	]}