{
	"editor": {
		"allAngles": false,
		"entityTextureMode": false
	},
	"textureWidth": 16,
	"textureHeight": 16,
	"textureSizes": {
	},
	"textures": {
		"copperspooldiagonal": "block/copperspooldiagonal",
		"castiron": "block/castiron",
		"bluepaintedwornsteelplate": "block/bluepaintedwornsteelplate"
	},
	"elements": [
		{
			"name": "frame",
			"from": [ 7.5, 7.5, 6.5 ], 
			"to": [ 8.5, 8.5, 7.5 ], 
			"rotationOrigin": [ 8.0, 7.0, 12.0 ],
			"faces": {
				"north": { "texture": "#null", "uv": [ 0.0, 0.0, 1.0, 1.0 ], "enabled": false },
				"east": { "texture": "#null", "uv": [ 0.0, 0.0, 1.0, 1.0 ], "enabled": false },
				"south": { "texture": "#null", "uv": [ 0.0, 0.0, 1.0, 1.0 ], "enabled": false },
				"west": { "texture": "#null", "uv": [ 0.0, 0.0, 1.0, 1.0 ], "enabled": false },
				"up": { "texture": "#null", "uv": [ 0.0, 0.0, 1.0, 1.0 ], "enabled": false },
				"down": { "texture": "#null", "uv": [ 0.0, 0.0, 1.0, 1.0 ], "enabled": false }
			},
			"children": [
				{
					"name": "Cube4",
					"from": [ 6.5, -5.5, -0.5 ], 
					"to": [ 8.5, 6.5, 3.5 ], 
					"rotationOrigin": [ 6.5, -5.5, -0.5 ],
					"faces": {
						"north": { "texture": "#bluepaintedwornsteelplate", "uv": [ 0.0, 0.0, 2.0, 12.0 ] },
						"east": { "texture": "#bluepaintedwornsteelplate", "uv": [ 0.0, 0.0, 4.0, 12.0 ] },
						"south": { "texture": "#bluepaintedwornsteelplate", "uv": [ 0.0, 0.0, 2.0, 12.0 ] },
						"west": { "texture": "#bluepaintedwornsteelplate", "uv": [ 0.0, 0.0, 4.0, 12.0 ] },
						"up": { "texture": "#bluepaintedwornsteelplate", "uv": [ 0.0, 0.0, 2.0, 4.0 ] },
						"down": { "texture": "#bluepaintedwornsteelplate", "uv": [ 0.0, 0.0, 2.0, 4.0 ] }
					}
				},
				{
					"name": "Cube3",
					"from": [ -7.5, 6.5, -0.5 ], 
					"to": [ 8.5, 8.5, 3.5 ], 
					"rotationOrigin": [ -7.5, 6.5, -0.5 ],
					"faces": {
						"north": { "texture": "#bluepaintedwornsteelplate", "uv": [ 0.0, 0.0, 16.0, 2.0 ] },
						"east": { "texture": "#bluepaintedwornsteelplate", "uv": [ 0.0, 0.0, 4.0, 2.0 ] },
						"south": { "texture": "#bluepaintedwornsteelplate", "uv": [ 0.0, 0.0, 16.0, 2.0 ] },
						"west": { "texture": "#bluepaintedwornsteelplate", "uv": [ 0.0, 0.0, 4.0, 2.0 ] },
						"up": { "texture": "#bluepaintedwornsteelplate", "uv": [ 0.0, 0.0, 16.0, 4.0 ] },
						"down": { "texture": "#bluepaintedwornsteelplate", "uv": [ 0.0, 0.0, 16.0, 4.0 ] }
					}
				},
				{
					"name": "Cube2",
					"from": [ -7.5, -5.5, -0.5 ], 
					"to": [ -5.5, 6.5, 3.5 ], 
					"rotationOrigin": [ -7.5, -5.5, -0.5 ],
					"faces": {
						"north": { "texture": "#bluepaintedwornsteelplate", "uv": [ 0.0, 0.0, 2.0, 12.0 ] },
						"east": { "texture": "#bluepaintedwornsteelplate", "uv": [ 0.0, 0.0, 4.0, 12.0 ] },
						"south": { "texture": "#bluepaintedwornsteelplate", "uv": [ 0.0, 0.0, 2.0, 12.0 ] },
						"west": { "texture": "#bluepaintedwornsteelplate", "uv": [ 0.0, 0.0, 4.0, 12.0 ] },
						"up": { "texture": "#bluepaintedwornsteelplate", "uv": [ 0.0, 0.0, 2.0, 4.0 ] },
						"down": { "texture": "#bluepaintedwornsteelplate", "uv": [ 0.0, 0.0, 2.0, 4.0 ] }
					}
				},
				{
					"name": "Cube1",
					"from": [ -7.5, -7.5, -0.5 ], 
					"to": [ 8.5, -5.5, 3.5 ], 
					"rotationOrigin": [ -7.5, -7.5, -0.5 ],
					"faces": {
						"north": { "texture": "#bluepaintedwornsteelplate", "uv": [ 0.0, 0.0, 16.0, 2.0 ] },
						"east": { "texture": "#bluepaintedwornsteelplate", "uv": [ 0.0, 0.0, 4.0, 2.0 ] },
						"south": { "texture": "#bluepaintedwornsteelplate", "uv": [ 0.0, 0.0, 16.0, 2.0 ] },
						"west": { "texture": "#bluepaintedwornsteelplate", "uv": [ 0.0, 0.0, 4.0, 2.0 ] },
						"up": { "texture": "#bluepaintedwornsteelplate", "uv": [ 0.0, 0.0, 16.0, 4.0 ] },
						"down": { "texture": "#bluepaintedwornsteelplate", "uv": [ 0.0, 0.0, 16.0, 4.0 ] }
					}
				}
			]
		},
		{
			"name": "coppercore",
			"from": [ 7.62, 7.62, 6.88 ], 
			"to": [ 8.37, 8.37, 7.63 ], 
			"rotationOrigin": [ 8.0, 7.25, 11.0 ],
			"faces": {
				"north": { "texture": "#copperspooldiagonal", "uv": [ 0.0, 0.0, 0.5, 0.5 ], "enabled": false },
				"east": { "texture": "#copperspooldiagonal", "uv": [ 0.0, 0.0, 0.5, 0.5 ], "enabled": false },
				"south": { "texture": "#copperspooldiagonal", "uv": [ 0.0, 0.0, 0.5, 0.5 ], "enabled": false },
				"west": { "texture": "#copperspooldiagonal", "uv": [ 0.0, 0.0, 0.5, 0.5 ], "enabled": false },
				"up": { "texture": "#copperspooldiagonal", "uv": [ 0.0, 0.0, 0.5, 0.5 ], "enabled": false },
				"down": { "texture": "#copperspooldiagonal", "uv": [ 0.0, 0.0, 0.5, 0.5 ], "enabled": false }
			},
			"children": [
				{
					"name": "Cube7",
					"from": [ 4.875, -4.125, -0.375 ], 
					"to": [ 6.375, 4.875, 2.625 ], 
					"rotationOrigin": [ 4.875, -4.125, -0.375 ],
					"faces": {
						"north": { "texture": "#copperspooldiagonal", "uv": [ 0.0, 0.0, 1.5, 9.0 ] },
						"east": { "texture": "#copperspooldiagonal", "uv": [ 0.0, 0.0, 3.0, 9.0 ] },
						"south": { "texture": "#copperspooldiagonal", "uv": [ 0.0, 0.0, 1.5, 9.0 ] },
						"west": { "texture": "#copperspooldiagonal", "uv": [ 0.0, 0.0, 3.0, 9.0 ] },
						"up": { "texture": "#copperspooldiagonal", "uv": [ 0.0, 0.0, 1.5, 3.0 ] },
						"down": { "texture": "#copperspooldiagonal", "uv": [ 0.0, 0.0, 1.5, 3.0 ] }
					}
				},
				{
					"name": "Cube8",
					"from": [ -5.625, 4.875, -0.375 ], 
					"to": [ 6.375, 6.375, 2.625 ], 
					"rotationOrigin": [ -5.625, 4.875, -0.375 ],
					"faces": {
						"north": { "texture": "#copperspooldiagonal", "uv": [ 0.0, 0.0, 12.0, 1.5 ] },
						"east": { "texture": "#copperspooldiagonal", "uv": [ 0.0, 0.0, 3.0, 1.5 ] },
						"south": { "texture": "#copperspooldiagonal", "uv": [ 0.0, 0.0, 12.0, 1.5 ] },
						"west": { "texture": "#copperspooldiagonal", "uv": [ 0.0, 0.0, 3.0, 1.5 ] },
						"up": { "texture": "#copperspooldiagonal", "uv": [ 0.0, 0.0, 12.0, 3.0 ] },
						"down": { "texture": "#copperspooldiagonal", "uv": [ 0.0, 0.0, 12.0, 3.0 ] }
					}
				},
				{
					"name": "Cube9",
					"from": [ -5.625, -4.125, -0.375 ], 
					"to": [ -4.125, 4.875, 2.625 ], 
					"rotationOrigin": [ -5.625, -4.125, -0.375 ],
					"faces": {
						"north": { "texture": "#copperspooldiagonal", "uv": [ 0.0, 0.0, 1.5, 9.0 ] },
						"east": { "texture": "#copperspooldiagonal", "uv": [ 0.0, 0.0, 3.0, 9.0 ] },
						"south": { "texture": "#copperspooldiagonal", "uv": [ 0.0, 0.0, 1.5, 9.0 ] },
						"west": { "texture": "#copperspooldiagonal", "uv": [ 0.0, 0.0, 3.0, 9.0 ] },
						"up": { "texture": "#copperspooldiagonal", "uv": [ 0.0, 0.0, 1.5, 3.0 ] },
						"down": { "texture": "#copperspooldiagonal", "uv": [ 0.0, 0.0, 1.5, 3.0 ] }
					}
				},
				{
					"name": "Cube10",
					"from": [ -5.625, -5.625, -0.375 ], 
					"to": [ 6.375, -4.125, 2.625 ], 
					"rotationOrigin": [ -5.625, -5.625, -0.375 ],
					"faces": {
						"north": { "texture": "#copperspooldiagonal", "uv": [ 0.0, 0.0, 12.0, 1.5 ] },
						"east": { "texture": "#copperspooldiagonal", "uv": [ 0.0, 0.0, 3.0, 1.5 ] },
						"south": { "texture": "#copperspooldiagonal", "uv": [ 0.0, 0.0, 12.0, 1.5 ] },
						"west": { "texture": "#copperspooldiagonal", "uv": [ 0.0, 0.0, 3.0, 1.5 ] },
						"up": { "texture": "#copperspooldiagonal", "uv": [ 0.0, 0.0, 12.0, 3.0 ] },
						"down": { "texture": "#copperspooldiagonal", "uv": [ 0.0, 0.0, 12.0, 3.0 ] }
					}
				}
			]
		},
		{
			"name": "interiorcore",
			"from": [ 7.71, 7.71, 6.16 ], 
			"to": [ 8.2725, 8.2725, 6.7225 ], 
			"rotationOrigin": [ 8.0, 7.4375, 9.25 ],
			"faces": {
				"north": { "texture": "#castiron", "uv": [ 0.0, 0.0, 0.5, 0.5 ], "enabled": false },
				"east": { "texture": "#castiron", "uv": [ 0.0, 0.0, 0.5, 0.5 ], "enabled": false },
				"south": { "texture": "#castiron", "uv": [ 0.0, 0.0, 0.5, 0.5 ], "enabled": false },
				"west": { "texture": "#castiron", "uv": [ 0.0, 0.0, 0.5, 0.5 ], "enabled": false },
				"up": { "texture": "#castiron", "uv": [ 0.0, 0.0, 0.5, 0.5 ], "enabled": false },
				"down": { "texture": "#castiron", "uv": [ 0.0, 0.0, 0.5, 0.5 ], "enabled": false }
			},
			"children": [
				{
					"name": "Cube12",
					"from": [ 3.6563, -3.0937, -0.2812 ], 
					"to": [ 4.7813, 3.6563, 3.7188 ], 
					"rotationOrigin": [ 3.6563, -3.0937, -0.2812 ],
					"faces": {
						"north": { "texture": "#castiron", "uv": [ 0.0, 0.0, 1.0, 6.5 ] },
						"east": { "texture": "#castiron", "uv": [ 0.0, 0.0, 4.0, 6.5 ] },
						"south": { "texture": "#castiron", "uv": [ 0.0, 0.0, 1.0, 6.5 ] },
						"west": { "texture": "#castiron", "uv": [ 0.0, 0.0, 4.0, 6.5 ] },
						"up": { "texture": "#castiron", "uv": [ 0.0, 0.0, 1.0, 4.0 ] },
						"down": { "texture": "#castiron", "uv": [ 0.0, 0.0, 1.0, 4.0 ] }
					}
				},
				{
					"name": "Cube13",
					"from": [ -4.2187, 3.6563, -0.2812 ], 
					"to": [ 4.7813, 4.7813, 3.7188 ], 
					"rotationOrigin": [ -4.2187, 3.6563, -0.2812 ],
					"faces": {
						"north": { "texture": "#castiron", "uv": [ 0.0, 0.0, 9.0, 1.0 ] },
						"east": { "texture": "#castiron", "uv": [ 0.0, 0.0, 4.0, 1.0 ] },
						"south": { "texture": "#castiron", "uv": [ 0.0, 0.0, 9.0, 1.0 ] },
						"west": { "texture": "#castiron", "uv": [ 0.0, 0.0, 4.0, 1.0 ] },
						"up": { "texture": "#castiron", "uv": [ 0.0, 0.0, 9.0, 4.0 ] },
						"down": { "texture": "#castiron", "uv": [ 0.0, 0.0, 9.0, 4.0 ] }
					}
				},
				{
					"name": "Cube14",
					"from": [ -4.2187, -3.0937, -0.2812 ], 
					"to": [ -3.0937, 3.6563, 3.7188 ], 
					"rotationOrigin": [ -4.2187, -3.0937, -0.2812 ],
					"faces": {
						"north": { "texture": "#castiron", "uv": [ 0.0, 0.0, 1.0, 6.5 ] },
						"east": { "texture": "#castiron", "uv": [ 0.0, 0.0, 4.0, 6.5 ] },
						"south": { "texture": "#castiron", "uv": [ 0.0, 0.0, 1.0, 6.5 ] },
						"west": { "texture": "#castiron", "uv": [ 0.0, 0.0, 4.0, 6.5 ] },
						"up": { "texture": "#castiron", "uv": [ 0.0, 0.0, 1.0, 4.0 ] },
						"down": { "texture": "#castiron", "uv": [ 0.0, 0.0, 1.0, 4.0 ] }
					}
				},
				{
					"name": "Cube15",
					"from": [ -4.2187, -4.2187, -0.2812 ], 
					"to": [ 4.7813, -3.0937, 3.7188 ], 
					"rotationOrigin": [ -4.2187, -4.2187, -0.2812 ],
					"faces": {
						"north": { "texture": "#castiron", "uv": [ 0.0, 0.0, 9.0, 1.0 ] },
						"east": { "texture": "#castiron", "uv": [ 0.0, 0.0, 4.0, 1.0 ] },
						"south": { "texture": "#castiron", "uv": [ 0.0, 0.0, 9.0, 1.0 ] },
						"west": { "texture": "#castiron", "uv": [ 0.0, 0.0, 4.0, 1.0 ] },
						"up": { "texture": "#castiron", "uv": [ 0.0, 0.0, 9.0, 4.0 ] },
						"down": { "texture": "#castiron", "uv": [ 0.0, 0.0, 9.0, 4.0 ] }
					}
				}
			]
		}
	]}