{
	"editor": {
		"collapsedPaths": "Root/LowerTorso_group_group_group,Root/Entity_Mob_group_group/UpperFootR,Root/Entity_Mob_group_group/UpperFootL,Root/Body_group_group_group,Root/Entity_Mob_group_group/cube_group_group",
		"allAngles": true,
		"entityTextureMode": false
	},
	"textureWidth": 64,
	"textureHeight": 64,
	"textureSizes": {
		"skin": [64,64]
	},
	"textures": {
		"skin": "game:/entity/drifter/skin"
	},
	"elements": [
		{
			"name": "Entity_Mob_group_group",
			"from": [ 8.0, 15.0, 8.0 ],
			"to": [ 8.0, 15.0, 8.0 ],
			"rotationOrigin": [ 8.0, 15.0, 8.0 ],
			"faces": {
			},
			"children": [
				{
					"name": "LowerTorso",
					"from": [ -3.5, -6.0, -4.0 ],
					"to": [ 3.0, 4.0, 4.0 ],
					"rotationOrigin": [ 0.0, 0.0, 0.0 ],
					"rotationZ": 55.0,
					"faces": {
						"north": { "texture": "#skin", "uv": [ 22.5, 35.0, 29.0, 45.0 ] },
						"east": { "texture": "#skin", "uv": [ 33.5, 31.5, 41.5, 41.5 ] },
						"south": { "texture": "#skin", "uv": [ 39.0, 35.0, 45.5, 45.0 ] },
						"west": { "texture": "#skin", "uv": [ 29.5, 40.5, 37.5, 50.5 ] },
						"up": { "texture": "#skin", "uv": [ 27.0, 25.0, 33.5, 33.0 ] },
						"down": { "texture": "#skin", "uv": [ 25.5, 23.0, 32.0, 31.0 ] }
					},
					"children": [
						{
							"name": "UpperTorso",
							"from": [ -1.5205, 6.3669, -1.0 ],
							"to": [ 6.0795, 14.9169, 9.0 ],
							"rotationOrigin": [ 2.7295, 9.3669, 4.0 ],
							"rotationZ": -45.0,
							"faces": {
								"north": { "texture": "#skin", "uv": [ 25.5, 16.5, 33.0, 25.0 ] },
								"east": { "texture": "#skin", "uv": [ 45.0, 40.5, 55.0, 49.0 ] },
								"south": { "texture": "#skin", "uv": [ 27.5, 22.5, 35.0, 31.0 ] },
								"west": { "texture": "#skin", "uv": [ 50.0, 3.5, 60.0, 12.0 ] },
								"up": { "texture": "#skin", "uv": [ 41.0, 31.5, 48.5, 41.5 ] },
								"down": { "texture": "#skin", "uv": [ 48.0, 9.5, 55.5, 19.5 ] }
							},
							"children": [
								{
									"name": "UpperArmRShoulder",
									"from": [ -2.68, 1.77, -6.14 ],
									"to": [ 5.32, 10.77, 2.86 ],
									"rotationOrigin": [ 2.92, 5.51, 3.3 ],
									"rotationX": -11.4181,
									"rotationY": -15.1469,
									"rotationZ": -26.9192,
									"faces": {
										"north": { "texture": "#skin", "uv": [ 52.0, 16.5, 60.0, 25.5 ] },
										"east": { "texture": "#skin", "uv": [ 49.5, 19.0, 58.5, 28.0 ] },
										"south": { "texture": "#skin", "uv": [ 50.0, 18.5, 58.0, 27.5 ] },
										"west": { "texture": "#skin", "uv": [ 53.5, 19.5, 62.5, 28.5 ] },
										"up": { "texture": "#skin", "uv": [ 16.5, 53.5, 24.5, 62.5 ] },
										"down": { "texture": "#skin", "uv": [ 50.5, 18.0, 58.5, 27.0 ] }
									},
									"children": [
										{
											"name": "UpperArmR",
											"from": [ 0.56, -5.85, 0.68 ],
											"to": [ 7.41, 4.15, 8.23 ],
											"rotationOrigin": [ 4.26, 3.87, 5.0 ],
											"rotationX": 14.4616,
											"rotationY": 8.3322,
											"rotationZ": 12.2735,
											"faces": {
												"north": { "texture": "#skin", "uv": [ 48.5, 0.5, 55.0, 10.5 ] },
												"east": { "texture": "#skin", "uv": [ 21.5, 3.5, 29.0, 13.5 ] },
												"south": { "texture": "#skin", "uv": [ 49.5, 0.5, 56.0, 10.5 ] },
												"west": { "texture": "#skin", "uv": [ 14.0, 4.5, 21.5, 14.5 ] },
												"up": { "texture": "#skin", "uv": [ 45.0, 5.0, 51.5, 12.5 ] },
												"down": { "texture": "#skin", "uv": [ 15.5, 6.5, 22.0, 14.0 ] }
											},
											"children": [
												{
													"name": "LowerArmR",
													"from": [ 0.29, -8.67, 0.7876 ],
													"to": [ 5.39, 1.33, 6.6876 ],
													"rotationOrigin": [ 2.64, 0.68, 2.9976 ],
													"rotationX": -7.8899,
													"rotationY": 7.3187,
													"rotationZ": 0.8461,
													"faces": {
														"north": { "texture": "#skin", "uv": [ 51.5, 4.0, 56.5, 14.0 ] },
														"east": { "texture": "#skin", "uv": [ 52.5, 3.0, 58.0, 13.0 ] },
														"south": { "texture": "#skin", "uv": [ 52.0, 3.5, 57.0, 13.5 ] },
														"west": { "texture": "#skin", "uv": [ 51.5, 2.5, 57.0, 12.5 ] },
														"up": { "texture": "#skin", "uv": [ 17.5, 55.5, 22.5, 61.0 ] },
														"down": { "texture": "#skin", "uv": [ 17.5, 57.0, 22.5, 62.5 ] }
													}
												}
											]
										}
									]
								},
								{
									"name": "UpperArmLShoulder",
									"from": [ -2.68, 1.77, 7.04 ],
									"to": [ 5.32, 10.77, 16.04 ],
									"rotationOrigin": [ 2.82, 5.51, 6.6 ],
									"rotationX": 11.4181,
									"rotationY": 15.1469,
									"rotationZ": -26.9192,
									"faces": {
										"north": { "texture": "#skin", "uv": [ 46.5, 19.0, 54.5, 28.0 ] },
										"east": { "texture": "#skin", "uv": [ 47.5, 19.5, 56.5, 28.5 ] },
										"south": { "texture": "#skin", "uv": [ 47.0, 20.0, 55.0, 29.0 ] },
										"west": { "texture": "#skin", "uv": [ 35.5, 19.5, 44.5, 28.5 ] },
										"up": { "texture": "#skin", "uv": [ 16.0, 53.5, 24.0, 62.5 ] },
										"down": { "texture": "#skin", "uv": [ 8.0, 0.0, 16.0, 9.0 ] }
									},
									"children": [
										{
											"name": "UpperArmL",
											"from": [ 0.56, -5.85, 0.73 ],
											"to": [ 7.41, 4.15, 8.28 ],
											"rotationOrigin": [ 4.2599, 3.8664, 3.96 ],
											"rotationX": -14.4616,
											"rotationY": -8.3322,
											"rotationZ": 12.2735,
											"faces": {
												"north": { "texture": "#skin", "uv": [ 21.0, 3.5, 27.5, 13.5 ] },
												"east": { "texture": "#skin", "uv": [ 21.5, 4.5, 29.0, 14.5 ] },
												"south": { "texture": "#skin", "uv": [ 21.5, 3.0, 28.0, 13.0 ] },
												"west": { "texture": "#skin", "uv": [ 19.5, 1.0, 27.0, 11.0 ] },
												"up": { "texture": "#skin", "uv": [ 20.5, 6.5, 27.0, 14.0 ] },
												"down": { "texture": "#skin", "uv": [ 21.5, 6.0, 28.0, 13.5 ] }
											},
											"children": [
												{
													"name": "LowerArmL",
													"from": [ 0.2916, -8.67, 0.8257 ],
													"to": [ 5.3916, 1.33, 6.9757 ],
													"rotationOrigin": [ 2.6416, 0.6832, 3.7657 ],
													"rotationX": 7.8899,
													"rotationY": -7.3187,
													"rotationZ": 0.8461,
													"faces": {
														"north": { "texture": "#skin", "uv": [ 50.0, 3.5, 55.0, 13.5 ] },
														"east": { "texture": "#skin", "uv": [ 58.0, 5.0, 64.0, 15.0 ] },
														"south": { "texture": "#skin", "uv": [ 50.5, 4.0, 55.5, 14.0 ] },
														"west": { "texture": "#skin", "uv": [ 51.5, 2.5, 57.5, 12.5 ] },
														"up": { "texture": "#skin", "uv": [ 15.5, 57.0, 20.5, 63.0 ] },
														"down": { "texture": "#skin", "uv": [ 15.5, 57.0, 20.5, 63.0 ] }
													}
												}
											]
										}
									]
								},
								{
									"name": "Neck",
									"from": [ 2.3029, 6.489, 2.0 ],
									"to": [ 7.1029, 12.239, 8.0 ],
									"rotationOrigin": [ 4.9329, 7.449, 5.0 ],
									"rotationZ": 40.0,
									"faces": {
										"north": { "texture": "#skin", "uv": [ 51.5, 5.5, 56.0, 11.0 ] },
										"east": { "texture": "#skin", "uv": [ 52.5, 18.0, 58.5, 23.5 ] },
										"south": { "texture": "#skin", "uv": [ 52.0, 6.5, 56.5, 12.0 ] },
										"west": { "texture": "#skin", "uv": [ 45.0, 6.0, 51.0, 11.5 ] },
										"up": { "texture": "#skin", "uv": [ 51.0, 18.0, 55.5, 24.0 ] },
										"down": { "texture": "#skin", "uv": [ 43.5, 6.5, 48.0, 12.5 ] }
									},
									"children": [
										{
											"name": "Head",
											"from": [ -1.2102, 3.2025, 0.75 ],
											"to": [ 4.5398, 7.9525, 5.25 ],
											"rotationOrigin": [ 2.5798, 4.4425, 3.0 ],
											"rotationZ": -32.5,
											"faces": {
												"north": { "texture": "#skin", "uv": [ 42.0, 57.5, 47.5, 62.0 ] },
												"east": { "texture": "#skin", "uv": [ 24.0, 43.5, 28.5, 48.0 ] },
												"south": { "texture": "#skin", "uv": [ 25.5, 46.0, 31.0, 50.5 ] },
												"west": { "texture": "#skin", "uv": [ 34.0, 55.5, 38.5, 60.0 ] },
												"up": { "texture": "#skin", "uv": [ 24.5, 44.5, 30.0, 49.0 ] },
												"down": { "texture": "#skin", "uv": [ 12.5, 4.5, 18.0, 9.0 ] }
											},
											"children": [
												{
													"name": "Nose",
													"from": [ -0.53, 0.52, 1.75 ],
													"to": [ 1.82, 2.72, 2.75 ],
													"rotationOrigin": [ 1.11, 1.51, 2.25 ],
													"rotationZ": -14.0,
													"faces": {
														"north": { "texture": "#skin", "uv": [ 34.5, 10.5, 36.5, 12.5 ] },
														"east": { "texture": "#skin", "uv": [ 35.0, 10.5, 36.0, 12.5 ] },
														"south": { "texture": "#skin", "uv": [ 33.5, 10.5, 35.5, 12.5 ] },
														"west": { "texture": "#skin", "uv": [ 35.0, 11.0, 36.0, 13.0 ] },
														"up": { "texture": "#skin", "uv": [ 34.5, 11.5, 36.5, 12.5 ] },
														"down": { "texture": "#skin", "uv": [ 35.0, 12.0, 37.0, 13.0 ] }
													}
												}
											]
										}
									]
								}
							]
						},
						{
							"name": "LegTorso",
							"from": [ 1.8368, -2.4973, -1.0 ],
							"to": [ 7.8368, 4.0027, 9.0 ],
							"rotationOrigin": [ 3.3368, 1.0027, 4.0 ],
							"rotationZ": -52.5,
							"faces": {
								"north": { "texture": "#skin", "uv": [ 0.0, 10.0, 6.0, 16.5 ] },
								"east": { "texture": "#skin", "uv": [ 6.0, 10.0, 16.0, 16.5 ] },
								"south": { "texture": "#skin", "uv": [ 16.0, 10.0, 22.0, 16.5 ] },
								"west": { "texture": "#skin", "uv": [ 22.0, 10.0, 32.0, 16.5 ] },
								"up": { "texture": "#skin", "uv": [ 0.0, 0.0, 6.0, 10.0 ] },
								"down": { "texture": "#skin", "uv": [ 6.0, 0.0, 12.0, 10.0 ] }
							},
							"children": [
								{
									"name": "ButtockR",
									"from": [ 0.1355, -0.5504, -0.94 ],
									"to": [ 7.1355, 7.4496, 4.76 ],
									"rotationOrigin": [ 3.3855, 5.4196, 2.3 ],
									"rotationX": 17.1303,
									"rotationY": 2.2049,
									"rotationZ": -9.2978,
									"faces": {
										"north": { "texture": "#skin", "uv": [ 50.0, 2.0, 57.0, 10.0 ] },
										"east": { "texture": "#skin", "uv": [ 54.5, 2.5, 60.0, 10.5 ] },
										"south": { "texture": "#skin", "uv": [ 49.5, 1.0, 56.5, 9.0 ] },
										"west": { "texture": "#skin", "uv": [ 55.5, 3.5, 61.0, 11.5 ] },
										"up": { "texture": "#skin", "uv": [ 41.5, 27.5, 48.5, 33.0 ] },
										"down": { "texture": "#skin", "uv": [ 45.5, 8.5, 52.5, 14.0 ] }
									},
									"children": [
										{
											"name": "UpperFootR",
											"from": [ 0.6698, -2.8549, 0.3469 ],
											"to": [ 6.4198, 3.1451, 4.3469 ],
											"rotationOrigin": [ 1.8998, 2.4451, 2.4969 ],
											"rotationX": -11.7301,
											"rotationY": -6.022,
											"rotationZ": -13.7765,
											"faces": {
												"north": { "texture": "#skin", "uv": [ 16.5, 5.0, 22.0, 11.0 ] },
												"east": { "texture": "#skin", "uv": [ 16.0, 5.0, 20.0, 11.0 ] },
												"south": { "texture": "#skin", "uv": [ 17.0, 5.5, 22.5, 11.5 ] },
												"west": { "texture": "#skin", "uv": [ 18.5, 5.5, 22.5, 11.5 ] },
												"up": { "texture": "#skin", "uv": [ 25.5, 24.5, 31.0, 28.5 ] },
												"down": { "texture": "#skin", "uv": [ 18.0, 6.5, 23.5, 10.5 ] }
											},
											"children": [
												{
													"name": "LowerFootR",
													"from": [ -0.0475, -6.7699, 0.1228 ],
													"to": [ 3.9525, 1.2301, 3.6228 ],
													"rotationOrigin": [ 1.2825, 1.0001, 1.6228 ],
													"rotationX": -5.0,
													"rotationZ": 37.5,
													"faces": {
														"north": { "texture": "#skin", "uv": [ 47.5, 5.5, 51.5, 13.5 ] },
														"east": { "texture": "#skin", "uv": [ 41.5, 8.0, 45.0, 16.0 ] },
														"south": { "texture": "#skin", "uv": [ 41.0, 7.0, 45.0, 15.0 ] },
														"west": { "texture": "#skin", "uv": [ 41.5, 7.0, 45.0, 15.0 ] },
														"up": { "texture": "#skin", "uv": [ 28.0, 21.5, 32.0, 25.0 ] },
														"down": { "texture": "#skin", "uv": [ 41.0, 12.0, 45.0, 15.5 ] }
													}
												}
											]
										}
									]
								},
								{
									"name": "ButtockL",
									"from": [ 0.1355, -0.5504, 5.24 ],
									"to": [ 7.1355, 7.4496, 10.94 ],
									"rotationOrigin": [ 3.3855, 5.4196, 7.7 ],
									"rotationX": -17.1303,
									"rotationY": -2.2049,
									"rotationZ": -9.2978,
									"faces": {
										"north": { "texture": "#skin", "uv": [ 18.0, 14.0, 25.0, 22.0 ] },
										"east": { "texture": "#skin", "uv": [ 26.5, 20.0, 32.0, 28.0 ] },
										"south": { "texture": "#skin", "uv": [ 12.5, 5.5, 19.5, 13.5 ] },
										"west": { "texture": "#skin", "uv": [ 23.5, 11.0, 29.0, 19.0 ] },
										"up": { "texture": "#skin", "uv": [ 25.0, 5.5, 32.0, 11.0 ] },
										"down": { "texture": "#skin", "uv": [ 17.5, 20.5, 24.5, 26.0 ] }
									},
									"children": [
										{
											"name": "UpperFootL",
											"from": [ 0.6698, -2.8549, 1.4231 ],
											"to": [ 6.4198, 3.1451, 5.4231 ],
											"rotationOrigin": [ 1.8998, 2.4451, 3.2031 ],
											"rotationX": 11.7301,
											"rotationY": 6.022,
											"rotationZ": -13.7765,
											"faces": {
												"north": { "texture": "#skin", "uv": [ 17.5, 6.5, 23.0, 12.5 ] },
												"east": { "texture": "#skin", "uv": [ 17.5, 4.5, 21.5, 10.5 ] },
												"south": { "texture": "#skin", "uv": [ 17.5, 5.0, 23.0, 11.0 ] },
												"west": { "texture": "#skin", "uv": [ 19.0, 5.0, 23.0, 11.0 ] },
												"up": { "texture": "#skin", "uv": [ 28.0, 27.0, 33.5, 31.0 ] },
												"down": { "texture": "#skin", "uv": [ 18.0, 9.5, 23.5, 13.5 ] }
											},
											"children": [
												{
													"name": "LowerFootL",
													"from": [ -0.0475, -6.7699, 0.3072 ],
													"to": [ 3.9525, 1.2301, 3.8072 ],
													"rotationOrigin": [ 1.2825, 1.0001, 2.3072 ],
													"rotationX": 5.0,
													"rotationZ": 37.5,
													"faces": {
														"north": { "texture": "#skin", "uv": [ 40.0, 5.5, 44.0, 13.5 ] },
														"east": { "texture": "#skin", "uv": [ 52.0, 2.5, 55.5, 10.5 ] },
														"south": { "texture": "#skin", "uv": [ 52.0, 3.5, 56.0, 11.5 ] },
														"west": { "texture": "#skin", "uv": [ 47.0, 6.5, 50.5, 14.5 ] },
														"up": { "texture": "#skin", "uv": [ 32.5, 23.0, 36.5, 26.5 ] },
														"down": { "texture": "#skin", "uv": [ 46.0, 14.5, 50.0, 18.0 ] }
													}
												}
											]
										}
									]
								}
							]
						}
					]
				}
			]
		}
	],
	"animations": [
		{
			"name": "Walk",
			"code": "walk",
			"quantityframes": 30,
			"onActivityStopped": "EaseOut",
			"onAnimationEnd": "Repeat",
			"keyframes": [
				{
					"frame": 0,
					"elements": {
						"ButtockL": { "offsetX": -0.2, "offsetY": -1.1, "offsetZ": 0.0, "rotationX": -3.0, "rotationY": 17.0, "rotationZ": -19.0 },
						"LegTorso": { "rotationX": -16.0, "rotationY": -16.0, "rotationZ": 0.0 },
						"UpperTorso": { "rotationX": 14.0, "rotationY": 17.0, "rotationZ": 0.0 },
						"UpperArmRShoulder": { "offsetX": -0.5, "offsetY": -2.0, "offsetZ": -1.0, "rotationX": 6.0, "rotationY": -11.0, "rotationZ": -25.0 },
						"UpperArmR": { "rotationX": -3.0, "rotationY": -11.0, "rotationZ": 6.0 },
						"UpperFootR": { "rotationX": 0.0, "rotationY": 0.0, "rotationZ": 25.0 },
						"LowerFootR": { "rotationX": 0.0, "rotationY": 0.0, "rotationZ": 0.0 },
						"UpperArmLShoulder": { "offsetX": 2.0, "offsetY": -0.3, "offsetZ": -0.5, "rotationX": -6.0, "rotationY": -30.0, "rotationZ": 3.0 },
						"Neck": { "rotationX": 3.0, "rotationY": -19.0, "rotationZ": -3.0 },
						"UpperArmL": { "rotationX": 11.0, "rotationY": 3.0, "rotationZ": 0.0 },
						"LowerArmL": { "rotationX": -6.0, "rotationY": 3.0, "rotationZ": 6.0 },
						"ButtockR": { "offsetX": -0.2, "offsetY": -1.1409, "offsetZ": 0.0, "rotationX": 0.0, "rotationY": 0.0, "rotationZ": 0.0 },
						"UpperFootL": { "rotationX": 0.0, "rotationY": 0.0, "rotationZ": 11.0 },
						"LowerFootL": { "rotationX": 0.0, "rotationY": 0.0, "rotationZ": -6.0 },
						"LowerTorso": { "rotationX": -2.0, "rotationY": 11.0, "rotationZ": 0.0 },
						"LowerArmR": { "rotationX": 8.0, "rotationY": -11.0, "rotationZ": 19.0 }
					}
				},
				{
					"frame": 7,
					"elements": {
						"ButtockL": { "rotationX": -1.6, "rotationY": 9.0667, "rotationZ": -7.4667 },
						"LowerFootR": { "rotationX": 0.0, "rotationY": 0.0, "rotationZ": 3.0 },
						"ButtockR": { "offsetX": -0.2, "offsetY": 0.7, "offsetZ": 0.0, "rotationX": 1.4, "rotationY": -7.9333, "rotationZ": -19.0 },
						"UpperArmLShoulder": { "offsetX": 0.2333, "offsetY": -0.9333, "offsetZ": 0.0, "rotationX": -3.2, "rotationY": -10.8667, "rotationZ": -25.0 },
						"UpperArmL": { "rotationX": 11.0, "rotationY": -3.0, "rotationZ": 3.0 },
						"LowerArmL": { "rotationX": -3.0, "rotationY": 1.6, "rotationZ": 11.0 },
						"UpperArmR": { "rotationX": -14.0, "rotationY": -3.0, "rotationZ": 3.2 }
					}
				},
				{
					"frame": 15,
					"elements": {
						"UpperTorso": { "rotationX": -14.0, "rotationY": -17.0, "rotationZ": 0.0 },
						"UpperArmRShoulder": { "offsetX": 2.0, "offsetY": -0.3, "offsetZ": 0.5, "rotationX": 6.0, "rotationY": 30.0, "rotationZ": 3.0 },
						"UpperArmR": { "rotationX": -11.0, "rotationY": -3.0, "rotationZ": 0.0 },
						"LowerArmR": { "rotationX": 6.0, "rotationY": -6.0, "rotationZ": 6.0 },
						"UpperArmLShoulder": { "offsetX": -0.5, "offsetY": -2.0, "offsetZ": 1.0, "rotationX": -8.0, "rotationY": 19.0, "rotationZ": -25.0 },
						"UpperArmL": { "rotationX": 10.0, "rotationY": 0.0, "rotationZ": 0.0 },
						"LowerArmL": { "offsetX": 0.0, "offsetY": 0.0, "offsetZ": 0.0, "rotationX": -3.0, "rotationY": 8.0, "rotationZ": 22.0 },
						"Neck": { "rotationX": -3.0, "rotationY": 19.0, "rotationZ": -3.0 },
						"LegTorso": { "rotationX": 16.0, "rotationY": 16.0, "rotationZ": 0.0 },
						"UpperFootR": { "rotationX": 0.0, "rotationY": 0.0, "rotationZ": 14.0 },
						"LowerFootR": { "rotationX": 0.0, "rotationY": 0.0, "rotationZ": -8.0 },
						"ButtockL": { "offsetX": -0.2, "offsetY": -0.887, "offsetZ": 0.0, "rotationX": 0.0, "rotationY": 0.0, "rotationZ": 0.0 },
						"ButtockR": { "offsetX": -0.2, "offsetY": -1.3, "offsetZ": 0.0, "rotationX": 3.0, "rotationY": -17.0, "rotationZ": -19.0 },
						"LowerFootL": { "rotationX": 0.0, "rotationY": 0.0, "rotationZ": 0.0 },
						"UpperFootL": { "rotationX": 0.0, "rotationY": 0.0, "rotationZ": 25.0 },
						"LowerTorso": { "rotationX": 3.0, "rotationY": -11.0, "rotationZ": 0.0 }
					}
				},
				{
					"frame": 23,
					"elements": {
						"UpperArmRShoulder": { "offsetX": 0.7333, "offsetY": -1.0667, "offsetZ": 0.0, "rotationX": 6.0, "rotationY": 10.8667, "rotationZ": -28.0 },
						"UpperArmR": { "rotationX": -12.4, "rotationY": -3.0, "rotationZ": -3.0 },
						"LowerArmR": { "rotationX": 6.9333, "rotationY": -6.9333, "rotationZ": 22.0 },
						"ButtockL": { "offsetX": -0.2, "offsetY": 0.7, "offsetZ": 0.0, "rotationX": -1.4, "rotationY": 7.9333, "rotationZ": -19.0 },
						"LowerFootL": { "rotationX": 0.0, "rotationY": 0.0, "rotationZ": 3.0 }
					}
				}
			]
		},

		{
			"name": "Run",
			"code": "run",
			"quantityframes": 30,
			"onActivityStopped": "EaseOut",
			"onAnimationEnd": "Repeat",
			"keyframes": [
				{
					"frame": 2,
					"elements": {
						"LowerTorso": { "offsetX": 0.7, "offsetY": 0.7, "offsetZ": 0.0, "rotationX": 0.0, "rotationY": 0.0, "rotationZ": -11.0 },
						"LegTorso": { "rotationX": 0.0, "rotationY": 0.0, "rotationZ": -11.0 },
						"ButtockR": { "rotationX": 0.0, "rotationY": 0.0, "rotationZ": 14.0 },
						"LowerFootR": { "rotationX": 0.0, "rotationY": 0.0, "rotationZ": 11.0 },
						"ButtockL": { "rotationX": 0.0, "rotationY": 0.0, "rotationZ": 3.0 },
						"LowerFootL": { "rotationX": 0.0, "rotationY": 0.0, "rotationZ": 17.0 },
						"UpperArmLShoulder": { "offsetX": -1.0, "offsetY": -1.4, "offsetZ": 0.0, "rotationX": -11.0, "rotationY": -14.0, "rotationZ": -42.0 },
						"UpperArmRShoulder": { "offsetX": -0.5, "offsetY": -0.2, "offsetZ": 0.0, "rotationX": 6.0, "rotationY": 14.0, "rotationZ": -39.0 },
						"UpperTorso": { "rotationX": 0.0, "rotationY": 0.0, "rotationZ": 19.0 },
						"UpperArmR": { "rotationX": -11.0, "rotationY": -8.0, "rotationZ": 3.0 },
						"UpperArmL": { "rotationX": 11.0, "rotationY": 6.0, "rotationZ": 0.0 }
					}
				},
				{
					"frame": 11,
					"elements": {
						"LowerTorso": { "offsetX": 0.1, "offsetY": 0.0, "offsetZ": 0.0, "rotationX": 0.0, "rotationY": 0.0, "rotationZ": 17.0 },
						"UpperTorso": { "rotationX": 0.0, "rotationY": 0.0, "rotationZ": -25.0 },
						"UpperArmRShoulder": { "rotationX": 0.0, "rotationY": 11.0, "rotationZ": -25.0 },
						"UpperArmLShoulder": { "rotationX": 0.0, "rotationY": -11.0, "rotationZ": -36.0 },
						"LegTorso": { "rotationX": 0.0, "rotationY": 0.0, "rotationZ": -11.0 },
						"ButtockR": { "rotationX": 0.0, "rotationY": 0.0, "rotationZ": 14.0 },
						"LowerFootR": { "rotationX": 0.0, "rotationY": 0.0, "rotationZ": 11.0 },
						"ButtockL": { "rotationX": 0.0, "rotationY": 0.0, "rotationZ": 32.0 },
						"LowerFootL": { "rotationX": 0.0, "rotationY": 0.0, "rotationZ": 11.0 },
						"LowerArmR": { "rotationX": 8.6818, "rotationY": -8.5, "rotationZ": 22.0 }
					}
				},
				{
					"frame": 16,
					"elements": {
						"UpperArmLShoulder": { "offsetX": -0.4, "offsetY": -0.7, "offsetZ": 0.0, "rotationX": -6.0, "rotationY": -8.0, "rotationZ": -19.0 },
						"UpperTorso": { "rotationX": 0.0, "rotationY": 0.0, "rotationZ": -19.0 },
						"LowerTorso": { "offsetX": 0.5, "offsetY": 0.5, "offsetZ": 0.0, "rotationX": 0.0, "rotationY": 0.0, "rotationZ": 28.0 },
						"UpperArmRShoulder": { "offsetX": -0.3, "offsetY": -0.9, "offsetZ": 0.0, "rotationX": 0.0, "rotationY": 8.0, "rotationZ": -6.0 },
						"ButtockL": { "rotationX": 0.0, "rotationY": 0.0, "rotationZ": 20.0 },
						"ButtockR": { "rotationX": 0.0, "rotationY": 0.0, "rotationZ": 44.0 },
						"Neck": { "rotationX": 0.0, "rotationY": 0.0, "rotationZ": 0.0 },
						"LowerFootR": { "rotationX": 0.0, "rotationY": 0.0, "rotationZ": 53.0 },
						"LowerFootL": { "rotationX": 0.0, "rotationY": 0.0, "rotationZ": 42.0 },
						"LowerArmR": { "rotationX": 8.0, "rotationY": -11.0, "rotationZ": 11.0 },
						"LowerArmL": { "rotationX": -8.0, "rotationY": 6.0, "rotationZ": 14.4615 }
					}
				},
				{
					"frame": 20,
					"elements": {
						"LowerTorso": { "offsetX": 0.5, "offsetY": 0.5, "offsetZ": 0.0, "rotationX": 0.0, "rotationY": 0.0, "rotationZ": 28.0 },
						"UpperTorso": { "rotationX": 0.0, "rotationY": 0.0, "rotationZ": -28.0 },
						"UpperArmRShoulder": { "rotationX": 0.0, "rotationY": 6.0, "rotationZ": 19.0 },
						"Neck": { "rotationX": 0.0, "rotationY": 0.0, "rotationZ": 0.0 },
						"LegTorso": { "rotationX": 0.0, "rotationY": 0.0, "rotationZ": -25.0 },
						"ButtockR": { "rotationX": 0.0, "rotationY": 0.0, "rotationZ": 0.0 },
						"LowerFootR": { "rotationX": 0.0, "rotationY": 0.0, "rotationZ": 42.0 },
						"ButtockL": { "rotationX": 0.0, "rotationY": 0.0, "rotationZ": -25.0 },
						"LowerFootL": { "rotationX": 0.0, "rotationY": 0.0, "rotationZ": 42.0 },
						"LowerArmR": { "rotationX": 11.0, "rotationY": 0.0, "rotationZ": 16.0 },
						"UpperArmLShoulder": { "offsetX": -0.3, "offsetY": 0.0, "offsetZ": 0.0, "rotationX": 0.0, "rotationY": -8.0, "rotationZ": 33.0 },
						"LowerArmL": { "rotationX": -11.0, "rotationY": 3.0, "rotationZ": 6.0 }
					}
				},
				{
					"frame": 22,
					"elements": {
						"ButtockL": { "offsetX": 0.4, "offsetY": -1.8, "offsetZ": 0.0, "rotationX": 0.0, "rotationY": 0.0, "rotationZ": -28.0 },
						"ButtockR": { "rotationX": 0.0, "rotationY": 0.0, "rotationZ": -19.0 },
						"UpperArmRShoulder": { "rotationX": 0.0, "rotationY": 8.0, "rotationZ": 27.5 },
						"UpperArmLShoulder": { "rotationX": 0.0, "rotationY": -8.0, "rotationZ": 27.5 }
					}
				},
				{
					"frame": 24,
					"elements": {
						"LowerTorso": { "offsetX": 0.4, "offsetY": 0.4, "offsetZ": 0.0, "rotationX": 0.0, "rotationY": 0.0, "rotationZ": 17.0 },
						"UpperTorso": { "rotationX": 0.0, "rotationY": 0.0, "rotationZ": -22.0 },
						"UpperArmRShoulder": { "rotationX": 0.0, "rotationY": 8.0, "rotationZ": 30.0 },
						"UpperArmLShoulder": { "rotationX": 0.0, "rotationY": -8.0, "rotationZ": 30.0 },
						"LegTorso": { "rotationX": 0.0, "rotationY": 0.0, "rotationZ": -11.0 },
						"ButtockR": { "offsetX": 0.4, "offsetY": -1.0, "offsetZ": 0.0, "rotationX": 0.0, "rotationY": 0.0, "rotationZ": -25.0 },
						"LowerFootR": { "rotationX": 0.0, "rotationY": 0.0, "rotationZ": 0.0 },
						"ButtockL": { "offsetX": 0.4, "offsetY": -1.5, "offsetZ": 0.0, "rotationX": 0.0, "rotationY": 0.0, "rotationZ": -25.0 },
						"LowerFootL": { "rotationX": 0.0, "rotationY": 0.0, "rotationZ": 0.0 },
						"LowerArmR": { "rotationX": 11.0, "rotationY": 0.0, "rotationZ": 8.0 },
						"LowerArmL": { "rotationX": -11.0, "rotationY": 0.0, "rotationZ": 8.0 },
						"UpperArmR": { "rotationX": -6.0, "rotationY": 0.0, "rotationZ": 3.0 },
						"UpperArmL": { "rotationX": 6.0, "rotationY": 0.0, "rotationZ": 0.0 }
					}
				}
			]
		},

		{
			"name": "Attack",
			"code": "attack",
			"quantityframes": 30,
			"onActivityStopped": "PlayTillEnd",
			"onAnimationEnd": "Stop",
			"keyframes": [
				{
					"frame": 6,
					"elements": {
						"UpperTorso": { "rotationX": 0.0, "rotationY": 0.0, "rotationZ": -25.0 },
						"LowerTorso": { "offsetX": 0.0, "offsetY": 0.0, "offsetZ": 0.0, "rotationX": 0.0, "rotationY": 0.0, "rotationZ": -6.0 },
						"UpperArmRShoulder": { "offsetX": 0.0, "offsetY": 1.0, "offsetZ": 0.0, "rotationX": 0.0, "rotationY": 33.0, "rotationZ": -33.0 },
						"UpperArmLShoulder": { "offsetX": 0.0, "offsetY": 1.0, "offsetZ": 0.0, "rotationX": 0.0, "rotationY": -33.0, "rotationZ": -33.0 },
						"LowerArmR": { "rotationX": -28.0, "rotationY": -14.0, "rotationZ": -80.0 },
						"LowerArmL": { "rotationX": 28.0, "rotationY": 28.0, "rotationZ": -66.0 },
						"UpperArmL": { "rotationX": 0.0, "rotationY": 0.0, "rotationZ": 8.0 },
						"UpperArmR": { "rotationX": 0.0, "rotationY": 0.0, "rotationZ": 22.0 },
						"Neck": { "rotationX": 0.0, "rotationY": 0.0, "rotationZ": 50.0 },
						"LowerFootL": { "rotationX": 0.0, "rotationY": 0.0, "rotationZ": 6.0 },
						"ButtockL": { "rotationX": 0.0, "rotationY": 0.0, "rotationZ": -3.0 },
						"LowerFootR": { "rotationX": 0.0, "rotationY": 0.0, "rotationZ": 6.0 }
					}
				},
				{
					"frame": 12,
					"elements": {
						"LowerTorso": { "offsetX": -1.5, "offsetY": -1.7, "offsetZ": 0.0 },
						"UpperTorso": { "rotationX": 0.0, "rotationY": 0.0, "rotationZ": -50.0 },
						"UpperArmRShoulder": { "rotationX": 0.0, "rotationY": 33.0, "rotationZ": -47.0 },
						"UpperArmR": { "rotationX": 0.0, "rotationY": 0.0, "rotationZ": 22.0 },
						"LowerArmR": { "rotationX": -61.0, "rotationY": -6.0, "rotationZ": -75.0 },
						"UpperArmLShoulder": { "rotationX": 0.0, "rotationY": -33.0, "rotationZ": -53.0 },
						"UpperArmL": { "rotationX": 0.0, "rotationY": 0.0, "rotationZ": 8.0 },
						"LowerArmL": { "rotationX": 58.0, "rotationY": 28.0, "rotationZ": -50.0 },
						"Neck": { "rotationX": 0.0, "rotationY": 0.0, "rotationZ": 50.0 },
						"UpperFootR": { "rotationX": 0.0, "rotationY": 0.0, "rotationZ": 11.0 },
						"UpperFootL": { "rotationX": 0.0, "rotationY": 0.0, "rotationZ": 11.0 },
						"ButtockR": { "rotationX": 0.0, "rotationY": 0.0, "rotationZ": -36.0 },
						"ButtockL": { "rotationX": 0.0, "rotationY": 0.0, "rotationZ": -25.0 },
						"LowerFootL": { "rotationX": 0.0, "rotationY": 0.0, "rotationZ": 25.0 },
						"LowerFootR": { "rotationX": 0.0, "rotationY": 0.0, "rotationZ": 22.0 }
					}
				},
				{
					"frame": 13,
					"elements": {
						"LowerTorso": { "offsetX": -1.3, "offsetY": -1.0, "offsetZ": 0.0 },
						"UpperTorso": { "rotationX": 0.0, "rotationY": 0.0, "rotationZ": -50.0 },
						"UpperArmRShoulder": { "offsetX": 0.0, "offsetY": 1.0, "offsetZ": 0.0, "rotationX": 0.0, "rotationY": 33.0, "rotationZ": -47.0 },
						"UpperArmR": { "rotationX": 0.0, "rotationY": 0.0, "rotationZ": 22.0 },
						"LowerArmR": { "rotationX": -61.0, "rotationY": -6.0, "rotationZ": -75.0 },
						"UpperArmLShoulder": { "offsetX": 0.0, "offsetY": 1.0, "offsetZ": 0.0, "rotationX": 0.0, "rotationY": -33.0, "rotationZ": -53.0 },
						"UpperArmL": { "rotationX": 0.0, "rotationY": 0.0, "rotationZ": 8.0 },
						"LowerArmL": { "rotationX": 58.0, "rotationY": 28.0, "rotationZ": -50.0 },
						"Neck": { "rotationX": 0.0, "rotationY": 0.0, "rotationZ": 50.0 },
						"ButtockR": { "rotationX": 0.0, "rotationY": 0.0, "rotationZ": -33.0 },
						"UpperFootR": { "rotationX": 0.0, "rotationY": 0.0, "rotationZ": 11.0 },
						"LowerFootR": { "rotationX": 0.0, "rotationY": 0.0, "rotationZ": 11.0 },
						"ButtockL": { "rotationX": 0.0, "rotationY": 0.0, "rotationZ": -19.0 },
						"UpperFootL": { "rotationX": 0.0, "rotationY": 0.0, "rotationZ": 11.0 },
						"LowerFootL": { "rotationX": 0.0, "rotationY": 0.0, "rotationZ": 25.0 }
					}
				},
				{
					"frame": 15,
					"elements": {
						"UpperArmR": { "rotationX": -1.2, "rotationY": 0.0, "rotationZ": 8.8 },
						"LowerArmR": { "rotationX": -55.0, "rotationY": 0.0, "rotationZ": -91.0 },
						"LowerArmL": { "rotationX": 80.0, "rotationY": -3.0, "rotationZ": -75.0 }
					}
				},
				{
					"frame": 18,
					"elements": {
						"LowerTorso": { "offsetX": -5.4, "offsetY": 2.0, "offsetZ": 0.0, "rotationX": 0.0, "rotationY": 0.0, "rotationZ": 17.0 },
						"UpperTorso": { "rotationX": 0.0, "rotationY": 0.0, "rotationZ": 11.0 },
						"UpperArmRShoulder": { "rotationX": 0.0, "rotationY": 33.0, "rotationZ": -36.0 },
						"LowerArmR": { "rotationX": 11.0, "rotationY": -17.0, "rotationZ": -58.0 },
						"UpperArmLShoulder": { "rotationX": 0.0, "rotationY": -33.0, "rotationZ": -33.0 },
						"LowerArmL": { "rotationX": -11.0, "rotationY": 11.0, "rotationZ": -61.0 },
						"UpperArmR": { "rotationX": -3.0, "rotationY": 0.0, "rotationZ": -11.0 },
						"UpperArmL": { "rotationX": 3.0, "rotationY": 0.0, "rotationZ": -11.0 },
						"UpperFootR": { "rotationX": 0.0, "rotationY": 0.0, "rotationZ": 11.0 },
						"UpperFootL": { "rotationX": 0.0, "rotationY": 0.0, "rotationZ": 11.0 },
						"Neck": { "rotationX": 0.0, "rotationY": 0.0, "rotationZ": -30.0 },
						"LowerFootR": { "rotationX": 0.0, "rotationY": 0.0, "rotationZ": 36.0 },
						"LowerFootL": { "rotationX": 0.0, "rotationY": 0.0, "rotationZ": 14.0 },
						"ButtockL": { "rotationX": 0.0, "rotationY": 0.0, "rotationZ": 3.0 },
						"ButtockR": { "rotationX": 0.0, "rotationY": 0.0, "rotationZ": -19.0 }
					}
				},
				{
					"frame": 21,
					"elements": {
						"LowerTorso": { "offsetX": -5.7, "offsetY": 2.1, "offsetZ": 0.0 },
						"UpperTorso": { "rotationX": 0.0, "rotationY": 0.0, "rotationZ": 11.0 },
						"UpperArmRShoulder": { "offsetX": 0.0, "offsetY": 1.0, "offsetZ": 0.0, "rotationX": 0.0, "rotationY": 33.0, "rotationZ": -36.0 },
						"UpperArmR": { "rotationX": -3.0, "rotationY": 0.0, "rotationZ": -11.0 },
						"LowerArmR": { "rotationX": 11.0, "rotationY": -17.0, "rotationZ": -58.0 },
						"UpperArmLShoulder": { "offsetX": 0.0, "offsetY": 1.0, "offsetZ": 0.0, "rotationX": 0.0, "rotationY": -33.0, "rotationZ": -33.0 },
						"UpperArmL": { "rotationX": 3.0, "rotationY": 0.0, "rotationZ": -11.0 },
						"LowerArmL": { "rotationX": -11.0, "rotationY": 11.0, "rotationZ": -61.0 },
						"Neck": { "rotationX": 0.0, "rotationY": 0.0, "rotationZ": -22.0 },
						"ButtockR": { "rotationX": 0.0, "rotationY": 0.0, "rotationZ": -19.0 },
						"UpperFootR": { "rotationX": 0.0, "rotationY": 0.0, "rotationZ": 11.0 },
						"LowerFootR": { "rotationX": 0.0, "rotationY": 0.0, "rotationZ": 36.0 },
						"ButtockL": { "rotationX": 0.0, "rotationY": 0.0, "rotationZ": 3.0 },
						"UpperFootL": { "rotationX": 0.0, "rotationY": 0.0, "rotationZ": 11.0 },
						"LowerFootL": { "rotationX": 0.0, "rotationY": 0.0, "rotationZ": 14.0 }
					}
				}
			]
		},

		{
			"name": "Hurt",
			"code": "hurt",
			"quantityframes": 30,
			"onActivityStopped": "EaseOut",
			"onAnimationEnd": "Stop",
			"keyframes": [
				{
					"frame": 0,
					"elements": {
						"LowerTorso": { "offsetX": 0.0, "offsetY": 0.0, "offsetZ": 0.0, "rotationX": 0.0, "rotationY": 0.0, "rotationZ": 0.0 },
						"UpperArmR": { "rotationX": 0.0, "rotationY": 0.0, "rotationZ": 0.0 },
						"LowerArmR": { "rotationX": 0.0, "rotationY": 0.0, "rotationZ": 0.0 },
						"LowerArmL": { "rotationX": 0.0, "rotationY": 0.0, "rotationZ": 0.0 },
						"UpperArmL": { "rotationX": 0.0, "rotationY": 0.0, "rotationZ": 0.0 },
						"UpperArmLShoulder": { "rotationX": 0.0, "rotationY": 0.0, "rotationZ": 0.0 },
						"UpperArmRShoulder": { "rotationX": 0.0, "rotationY": 0.0, "rotationZ": 0.0 },
						"LowerFootR": { "rotationX": 0.0, "rotationY": 0.0, "rotationZ": 0.0 },
						"LowerFootL": { "rotationX": 0.0, "rotationY": 0.0, "rotationZ": 0.0 },
						"UpperTorso": { "rotationX": 0.0, "rotationY": 0.0, "rotationZ": 0.0 }
					}
				},
				{
					"frame": 3,
					"elements": {
						"LowerTorso": { "offsetX": -1.2, "offsetY": -1.2, "offsetZ": 0.0, "rotationX": 0.0, "rotationY": 0.0, "rotationZ": 17.0 },
						"LowerFootL": { "rotationX": 0.0, "rotationY": 0.0, "rotationZ": -8.0 },
						"LowerFootR": { "rotationX": 0.0, "rotationY": 0.0, "rotationZ": -8.0 },
						"UpperTorso": { "rotationX": 0.0, "rotationY": 0.0, "rotationZ": 17.0 },
						"UpperArmLShoulder": { "rotationX": 0.0, "rotationY": 0.0, "rotationZ": -14.0 },
						"UpperArmRShoulder": { "rotationX": 0.0, "rotationY": 0.0, "rotationZ": -14.0 },
						"LowerArmR": { "rotationX": 0.0, "rotationY": 0.0, "rotationZ": -44.0 },
						"LowerArmL": { "rotationX": 0.0, "rotationY": 0.0, "rotationZ": -44.0 },
						"UpperArmL": { "rotationX": 11.0, "rotationY": -6.0, "rotationZ": -17.0 },
						"UpperArmR": { "rotationX": -14.0, "rotationY": 6.0, "rotationZ": -17.0 },
						"Neck": { "rotationX": 0.0, "rotationY": 0.0, "rotationZ": -25.0 }
					}
				},
				{
					"frame": 20,
					"elements": {
						"LowerTorso": { "offsetX": 0.0, "offsetY": 0.0, "offsetZ": 0.0, "rotationX": 0.0, "rotationY": 0.0, "rotationZ": 0.0 },
						"UpperTorso": { "rotationX": 0.0, "rotationY": 0.0, "rotationZ": 0.0 },
						"UpperArmRShoulder": { "rotationX": 0.0, "rotationY": 0.0, "rotationZ": 0.0 },
						"UpperArmR": { "rotationX": 0.0, "rotationY": 0.0, "rotationZ": 0.0 },
						"LowerArmR": { "rotationX": 0.0, "rotationY": 0.0, "rotationZ": 0.0 },
						"UpperArmLShoulder": { "rotationX": 0.0, "rotationY": 0.0, "rotationZ": 0.0 },
						"UpperArmL": { "rotationX": 0.0, "rotationY": 0.0, "rotationZ": 0.0 },
						"LowerArmL": { "rotationX": 0.0, "rotationY": 0.0, "rotationZ": 0.0 },
						"LowerFootR": { "rotationX": 0.0, "rotationY": 0.0, "rotationZ": 0.0 },
						"LowerFootL": { "rotationX": 0.0, "rotationY": 0.0, "rotationZ": 0.0 }
					}
				}
			]
		},

		{
			"name": "Die",
			"code": "die",
			"quantityframes": 70,
			"onActivityStopped": "EaseOut",
			"onAnimationEnd": "Hold",
			"keyframes": [
				{
					"frame": 0,
					"elements": {
						"LowerTorso": { "offsetX": 0.0, "offsetY": 0.0, "offsetZ": 0.0, "rotationX": 0.0, "rotationY": 0.0, "rotationZ": 0.0 },
						"UpperArmR": { "rotationX": 0.0, "rotationY": 0.0, "rotationZ": 0.0 },
						"LowerArmR": { "rotationX": 0.0, "rotationY": 0.0, "rotationZ": 0.0 },
						"LowerArmL": { "rotationX": 0.0, "rotationY": 0.0, "rotationZ": 0.0 },
						"UpperArmL": { "rotationX": 0.0, "rotationY": 0.0, "rotationZ": 0.0 },
						"UpperArmLShoulder": { "rotationX": 0.0, "rotationY": 0.0, "rotationZ": 0.0 },
						"UpperArmRShoulder": { "rotationX": 0.0, "rotationY": 0.0, "rotationZ": 0.0 },
						"LowerFootL": { "rotationX": 0.0, "rotationY": 0.0, "rotationZ": 0.0 },
						"UpperTorso": { "rotationX": 0.0, "rotationY": 0.0, "rotationZ": 0.0 },
						"ButtockL": { "rotationX": 0.0, "rotationY": 0.0, "rotationZ": 0.0 },
						"ButtockR": { "rotationX": 0.0, "rotationY": 0.0, "rotationZ": 0.0 },
						"LegTorso": { "rotationX": 0.0, "rotationY": 0.0, "rotationZ": 0.0 },
						"UpperFootR": { "rotationX": 0.0, "rotationY": 0.0, "rotationZ": 0.0 },
						"LowerFootR": { "rotationX": 0.0, "rotationY": 0.0, "rotationZ": 0.0 },
						"UpperFootL": { "rotationX": 0.0, "rotationY": 0.0, "rotationZ": 0.0 },
						"Neck": { "rotationX": 0.0, "rotationY": 0.0, "rotationZ": 0.0 }
					}
				},
				{
					"frame": 3,
					"elements": {
						"LowerTorso": { "offsetX": -1.2, "offsetY": -1.2, "offsetZ": 0.0, "rotationX": 0.0, "rotationY": 0.0, "rotationZ": 17.0 },
						"LowerFootL": { "rotationX": 0.0, "rotationY": 0.0, "rotationZ": -8.0 },
						"LowerFootR": { "rotationX": 0.0, "rotationY": 0.0, "rotationZ": -8.0 },
						"UpperTorso": { "rotationX": 0.0, "rotationY": 0.0, "rotationZ": 17.0 },
						"UpperArmLShoulder": { "rotationX": 0.0, "rotationY": 0.0, "rotationZ": -14.0 },
						"UpperArmRShoulder": { "rotationX": 0.0, "rotationY": 0.0, "rotationZ": -14.0 },
						"LowerArmR": { "rotationX": 0.0, "rotationY": 0.0, "rotationZ": -44.0 },
						"LowerArmL": { "rotationX": 0.0, "rotationY": 0.0, "rotationZ": -44.0 },
						"UpperArmL": { "rotationX": 11.0, "rotationY": -6.0, "rotationZ": -17.0 },
						"UpperArmR": { "rotationX": -14.0, "rotationY": 6.0, "rotationZ": -17.0 },
						"Neck": { "rotationX": 0.0, "rotationY": 0.0, "rotationZ": -6.0 }
					}
				},
				{
					"frame": 20,
					"elements": {
						"LowerTorso": { "offsetX": 0.0, "offsetY": 0.0, "offsetZ": 0.0, "rotationX": 0.0, "rotationY": 0.0, "rotationZ": 0.0 },
						"UpperTorso": { "rotationX": 0.0, "rotationY": 0.0, "rotationZ": 0.0 },
						"UpperArmRShoulder": { "rotationX": 0.0, "rotationY": 0.0, "rotationZ": 0.0 },
						"UpperArmR": { "rotationX": 0.0, "rotationY": 0.0, "rotationZ": 0.0 },
						"LowerArmR": { "rotationX": 0.0, "rotationY": 0.0, "rotationZ": 0.0 },
						"UpperArmLShoulder": { "rotationX": 0.0, "rotationY": 0.0, "rotationZ": 0.0 },
						"UpperArmL": { "rotationX": 0.0, "rotationY": 0.0, "rotationZ": 0.0 },
						"LowerArmL": { "rotationX": 0.0, "rotationY": 0.0, "rotationZ": 0.0 },
						"LowerFootR": { "rotationX": 0.0, "rotationY": 0.0, "rotationZ": 0.0 },
						"LowerFootL": { "rotationX": 0.0, "rotationY": 0.0, "rotationZ": 0.0 },
						"ButtockL": { "rotationX": 0.0, "rotationY": 0.0, "rotationZ": 0.0 },
						"ButtockR": { "rotationX": 0.0, "rotationY": 0.0, "rotationZ": 0.0 },
						"LegTorso": { "rotationX": 0.0, "rotationY": 0.0, "rotationZ": 0.0 },
						"UpperFootR": { "rotationX": 0.0, "rotationY": 0.0, "rotationZ": 0.0 },
						"UpperFootL": { "rotationX": 0.0, "rotationY": 0.0, "rotationZ": 0.0 },
						"Neck": { "rotationX": 0.0, "rotationY": 0.0, "rotationZ": 0.0 }
					}
				},
				{
					"frame": 24,
					"elements": {
						"LowerTorso": { "offsetX": -4.9, "offsetY": -1.3, "offsetZ": 0.0, "rotationX": 0.0, "rotationY": 0.0, "rotationZ": 6.0 },
						"UpperTorso": { "rotationX": 0.0, "rotationY": 0.0, "rotationZ": 0.0 },
						"UpperArmRShoulder": { "rotationX": 0.0, "rotationY": 0.0, "rotationZ": 0.0 },
						"UpperArmR": { "rotationX": 0.0, "rotationY": 0.0, "rotationZ": -28.0 },
						"LowerArmR": { "rotationX": 0.0, "rotationY": 0.0, "rotationZ": -44.0 },
						"UpperArmLShoulder": { "rotationX": 0.0, "rotationY": 0.0, "rotationZ": 0.0 },
						"UpperArmL": { "rotationX": 0.0, "rotationY": 0.0, "rotationZ": -33.0 },
						"LowerArmL": { "rotationX": 0.0, "rotationY": 0.0, "rotationZ": -28.0 },
						"Neck": { "rotationX": 0.0, "rotationY": 0.0, "rotationZ": -11.0 },
						"LowerFootR": { "rotationX": 0.0, "rotationY": 0.0, "rotationZ": 22.0 },
						"LowerFootL": { "rotationX": 0.0, "rotationY": 0.0, "rotationZ": 22.0 },
						"UpperFootR": { "rotationX": 0.0, "rotationY": 0.0, "rotationZ": 22.0 },
						"LegTorso": { "rotationX": 0.0, "rotationY": 0.0, "rotationZ": 0.0 },
						"ButtockR": { "rotationX": 0.0, "rotationY": 0.0, "rotationZ": 0.0 },
						"ButtockL": { "rotationX": 0.0, "rotationY": 0.0, "rotationZ": 0.0 }
					}
				},
				{
					"frame": 35,
					"elements": {
						"LowerTorso": { "offsetX": -9.9, "offsetY": -1.3, "offsetZ": 0.0, "rotationX": 0.0, "rotationY": 0.0, "rotationZ": 25.0 },
						"UpperTorso": { "rotationX": 0.0, "rotationY": 0.0, "rotationZ": 47.0 },
						"UpperArmRShoulder": { "rotationX": 0.0, "rotationY": 0.0, "rotationZ": -97.0 },
						"UpperArmR": { "rotationX": 0.0, "rotationY": 0.0, "rotationZ": -28.0 },
						"LowerArmR": { "rotationX": -86.0, "rotationY": -6.0, "rotationZ": -25.0 },
						"UpperArmLShoulder": { "rotationX": 0.0, "rotationY": 0.0, "rotationZ": -89.0 },
						"UpperArmL": { "rotationX": 0.0, "rotationY": 0.0, "rotationZ": -33.0 },
						"LowerArmL": { "rotationX": 25.0, "rotationY": 14.0, "rotationZ": -44.0 },
						"Neck": { "rotationX": 0.0, "rotationY": 0.0, "rotationZ": 8.0 },
						"UpperFootR": { "rotationX": 0.0, "rotationY": 0.0, "rotationZ": 22.0 },
						"LowerFootR": { "rotationX": 0.0, "rotationY": 0.0, "rotationZ": 39.0 },
						"ButtockL": { "rotationX": -33.0, "rotationY": 0.0, "rotationZ": 42.0 },
						"LowerFootL": { "rotationX": 0.0, "rotationY": 0.0, "rotationZ": 33.0 },
						"UpperFootL": { "rotationX": -14.0, "rotationY": 0.0, "rotationZ": 0.0 },
						"LegTorso": { "rotationX": 11.0, "rotationY": -11.0, "rotationZ": -22.0 },
						"ButtockR": { "rotationX": 22.0, "rotationY": 0.0, "rotationZ": 0.0 }
					}
				},
				{
					"frame": 69,
					"elements": {
						"LowerTorso": { "offsetX": -9.9, "offsetY": -1.3, "offsetZ": 0.0, "rotationX": 0.0, "rotationY": 0.0, "rotationZ": 25.0 },
						"UpperTorso": { "rotationX": 0.0, "rotationY": 0.0, "rotationZ": 47.0 },
						"UpperArmRShoulder": { "rotationX": 0.0, "rotationY": 0.0, "rotationZ": -97.0 },
						"UpperArmR": { "rotationX": 0.0, "rotationY": 0.0, "rotationZ": -28.0 },
						"LowerArmR": { "rotationX": -86.0, "rotationY": -6.0, "rotationZ": -25.0 },
						"UpperArmLShoulder": { "rotationX": 0.0, "rotationY": 0.0, "rotationZ": -89.0 },
						"UpperArmL": { "rotationX": 0.0, "rotationY": 0.0, "rotationZ": -33.0 },
						"LowerArmL": { "rotationX": 25.0, "rotationY": 14.0, "rotationZ": -44.0 },
						"Neck": { "rotationX": 0.0, "rotationY": 0.0, "rotationZ": 8.0 },
						"LegTorso": { "rotationX": 11.0, "rotationY": -11.0, "rotationZ": -22.0 },
						"ButtockR": { "rotationX": 22.0, "rotationY": 0.0, "rotationZ": 0.0 },
						"UpperFootR": { "rotationX": 0.0, "rotationY": 0.0, "rotationZ": 22.0 },
						"LowerFootR": { "rotationX": 0.0, "rotationY": 0.0, "rotationZ": 39.0 },
						"ButtockL": { "rotationX": -33.0, "rotationY": 0.0, "rotationZ": 42.0 },
						"UpperFootL": { "rotationX": -14.0, "rotationY": 0.0, "rotationZ": 0.0 },
						"LowerFootL": { "rotationX": 0.0, "rotationY": 0.0, "rotationZ": 33.0 }
					}
				}
			]
		},

		{
			"name": "Idle",
			"code": "idle",
			"quantityframes": 30,
			"onActivityStopped": "EaseOut",
			"onAnimationEnd": "Repeat",
			"keyframes": [
				{
					"frame": 0,
					"elements": {
						"UpperArmLShoulder": { "rotationX": 0.0, "rotationY": 0.0, "rotationZ": 0.0 },
						"UpperArmRShoulder": { "rotationX": 0.0, "rotationY": 0.0, "rotationZ": 0.0 },
						"LowerTorso": { "rotationX": 0.0, "rotationY": 0.0, "rotationZ": 0.0 },
						"UpperTorso": { "rotationX": 0.0, "rotationY": 0.0, "rotationZ": 0.0 },
						"ButtockR": { "offsetX": 0.0, "offsetY": 0.0, "offsetZ": 0.0, "rotationX": 0.0, "rotationY": 0.0, "rotationZ": 0.0 },
						"ButtockL": { "offsetX": 0.0, "offsetY": 0.0, "offsetZ": 0.0, "rotationX": 0.0, "rotationY": 0.0, "rotationZ": 0.0 },
						"UpperFootR": { "rotationX": 0.0, "rotationY": 0.0, "rotationZ": 0.0 },
						"LowerFootR": { "rotationX": 0.0, "rotationY": 0.0, "rotationZ": 0.0 },
						"UpperFootL": { "rotationX": 0.0, "rotationY": 0.0, "rotationZ": 0.0 },
						"LowerFootL": { "rotationX": 0.0, "rotationY": 0.0, "rotationZ": 0.0 },
						"UpperArmR": { "rotationX": 0.0, "rotationY": 0.0, "rotationZ": 0.0 },
						"LowerArmR": { "rotationX": 0.0, "rotationY": 0.0, "rotationZ": 0.0 },
						"UpperArmL": { "rotationX": 0.0, "rotationY": 0.0, "rotationZ": 0.0 },
						"LowerArmL": { "rotationX": 0.0, "rotationY": 0.0, "rotationZ": 0.0 },
						"Neck": { "rotationX": 0.0, "rotationY": 0.0, "rotationZ": 0.0 },
						"Head": { "rotationX": 0.0, "rotationY": 0.0, "rotationZ": 0.0 }
					}
				},
				{
					"frame": 15,
					"elements": {
						"LowerTorso": { "rotationX": 0.0, "rotationY": 0.0, "rotationZ": 6.0 },
						"UpperTorso": { "rotationX": 0.0, "rotationY": 0.0, "rotationZ": 0.0 },
						"UpperArmRShoulder": { "rotationX": 0.0, "rotationY": 0.0, "rotationZ": -8.0 },
						"UpperArmR": { "rotationX": 0.0, "rotationY": 0.0, "rotationZ": 0.0 },
						"LowerArmR": { "rotationX": 0.0, "rotationY": 0.0, "rotationZ": 0.0 },
						"UpperArmLShoulder": { "rotationX": 0.0, "rotationY": 0.0, "rotationZ": -8.0 },
						"UpperArmL": { "rotationX": 0.0, "rotationY": 0.0, "rotationZ": 0.0 },
						"LowerArmL": { "rotationX": 0.0, "rotationY": 0.0, "rotationZ": 0.0 },
						"Neck": { "rotationX": 0.0, "rotationY": 0.0, "rotationZ": 0.0 },
						"Head": { "rotationX": 0.0, "rotationY": 0.0, "rotationZ": 0.0 },
						"ButtockR": { "offsetX": 0.0, "offsetY": -0.4, "offsetZ": 0.0, "rotationX": 0.0, "rotationY": 0.0, "rotationZ": -3.0 },
						"UpperFootR": { "rotationX": 0.0, "rotationY": 0.0, "rotationZ": 0.0 },
						"LowerFootR": { "rotationX": 0.0, "rotationY": 0.0, "rotationZ": 0.0 },
						"ButtockL": { "offsetX": 0.0, "offsetY": -0.4, "offsetZ": 0.0, "rotationX": 0.0, "rotationY": 0.0, "rotationZ": -3.0 },
						"UpperFootL": { "rotationX": 0.0, "rotationY": 0.0, "rotationZ": 0.0 },
						"LowerFootL": { "rotationX": 0.0, "rotationY": 0.0, "rotationZ": 0.0 }
					}
				}
			]
		}
	]
}