﻿{
  "code": "part",
  "class": "Item",
  "variantgroups": [
    {"code": "type", "states": ["shortsword"]},
    {"code": "material", "states": ["copper", "tinbronze", "bismuthbronze", "blackbronze", "iron", "meteoriciron", "steel"]}
  ],
  "shapeByType": {
    "*-copper": {"base": "swords/parts/sword-leaf"},
    "*-*bronze": {"base": "swords/parts/sword-gladius"},
    "*-*iron": {"base": "swords/parts/sword-short"},
    "*-steel": {"base": "swords/parts/sword-arming"}
  },
  "textures": {"blade": {"base": "game:block/metal/plate/{material}"}},
  "attributes": {
    "groundStorageTransform": {"translation": {"x": 0.1, "y": 0.05, "z": 0.1}, "rotation": {"x": 4, "y": 0, "z": 0}, "origin": {"x": 0, "y": 0, "z": 0}, "scale": 0.8},
    "handbook": {"groupBy": ["part-shortsword-*"]}
  },
  "behaviors": [
    {
      "name": "GroundStorable",
      "properties": {"layout": "Quadrants", "placeRemoveSound": "sounds/player/build", "collisionBox": {"x1": 0, "y1": 0, "z1": 0, "x2": 1, "y2": 0.1, "z2": 1}}
    }
  ],
  "creativeinventory": {"general": ["*"], "armory-parts": ["*"]},
  "guiTransformByType": {
    "*-copper": {"translation": {"x": 0, "y": 0, "z": 0}, "rotation": {"x": -32, "y": 142, "z": -14}, "origin": {"x": 0.83, "y": 0.15, "z": 0.7}, "scale": 2.36},
    "*-*bronze": {"translation": {"x": 0, "y": 0, "z": 0}, "rotation": {"x": -32, "y": 142, "z": -14}, "origin": {"x": 0.83, "y": 0.15, "z": 0.7}, "scale": 2.36},
    "*-*iron": {"translation": {"x": 0, "y": 0, "z": 0}, "rotation": {"x": -35, "y": -57, "z": 173}, "origin": {"x": 1.03, "y": -0.2, "z": 0.3}, "scale": 2.21},
    "*-steel": {"translation": {"x": 0, "y": 0, "z": 0}, "rotation": {"x": -34, "y": 129, "z": -7}, "origin": {"x": 0.9799, "y": 0.4, "z": 0.9}, "scale": 2.17}
  },
  "tpHandTransform": {"translation": {"x": 0.2, "y": 0, "z": -0.45}, "rotation": {"x": 0, "y": 90, "z": 0}, "origin": {"x": 0, "y": 0, "z": 0}, "scale": 0.6},
  "groundTransform": {"translation": {"x": 0, "y": 0.04, "z": 0}, "rotation": {"x": -2, "y": 0, "z": 0}, "origin": {"x": 0, "y": 0, "z": 0}, "scale": 3}
}