[
	{
	"op": "addmerge",
	"path": "/variantgroups/0/states/-",
	"value": "komatiite",
	"file": "game:blocktypes/stone/cementationfurnace/stonecoffin.json",
	},
	{
	"op": "addmerge",
	"path": "/variantgroups/0/states/-",
	"value": "pyroxenite",
	"file": "game:blocktypes/stone/cementationfurnace/stonecoffin.json",
	},
	{
	"op": "addmerge",
	"path": "/variantgroups/0/states/-",
	"value": "monzonite",
	"file": "game:blocktypes/stone/cementationfurnace/stonecoffin.json",
	},
	{
	"op": "addmerge",
	"path": "/variantgroups/0/states/-",
	"value": "syenite",
	"file": "game:blocktypes/stone/cementationfurnace/stonecoffin.json",
	},


	{
	"op": "addmerge",
	"path": "/variantgroups/0/states/-",
	"value": "komatiite",
	"file": "game:blocktypes/stone/cementationfurnace/stonecoffinlid.json",
	},
	{
	"op": "addmerge",
	"path": "/variantgroups/0/states/-",
	"value": "pyroxenite",
	"file": "game:blocktypes/stone/cementationfurnace/stonecoffinlid.json",
	},
	{
	"op": "addmerge",
	"path": "/variantgroups/0/states/-",
	"value": "monzonite",
	"file": "game:blocktypes/stone/cementationfurnace/stonecoffinlid.json",
	},
	{
	"op": "addmerge",
	"path": "/variantgroups/0/states/-",
	"value": "syenite",
	"file": "game:blocktypes/stone/cementationfurnace/stonecoffinlid.json",
	},
]