{
	"editor": {
		"collapsedPaths": "Root/BellQuarter1,Root/MainAxle/CrownCenter,Root/RimCenter/1Rim1/1Rim10/1Rim11/1Rim12/1Rim13/1Rim14,Root/BellQuarter3,Root/BellQuarter2,Root/stator,Root/RimCenter/CrownSocket/CrownH7A,Root/RimCenter/CrownSocket/CrownL2A2,Root/RimCenter/CrownSocket/CrownL4A2,Root/BellQuarter3/CrownSocket3,Root/BellQuarter1/1Rim4A,Root/BellQuarter4,Root/RimCenter/1Rim3.0,Root/BellQuarter1/CrownSocket,Root/RimCenter/CrownSocket/10RimSAVE2,Root/BellQuarter1/1Rim3to4,Root/stator/rope,Root/RimCenter/1Rim1to2,Root/RimCenter/CrownSocket/CrownL8A,Root/BellQuarter1/CrownSocket/CrownH1A,Root/MainAxle/RotorRope1,Root/BellQuarter1/1Rim1B,Root/BellQuarter1/1Rim2,Root/RimCenter/1Rim2to3,Root/BellQuarter1/1Rim3,Root/RimCenter3,Root/RimCenter2,Root/stator/woodnailBig1,Root/RimCenter4,Root/RimCenter/1Rim1A/1Rim2/1Rim3,Root/RimCenter/CrownSocket/CrownH5A,Root/nails,Root/BellQuarter4/CrownSocket4,Root/RimCenter/1Rim2.0,Root/BellQuarter2/CrownSocket2,Root/CrownCenter,Root/BellQuarter1/1Rim1to2,Root/RimCenter/1Rim3to4,Root/RimCenter/CrownSocket/CrownH9A,Root/RimCenter/CrownSocket/10Rim4,Root/metalnails2,Root/RimCenter/1Rim1/1Rim18,Root/RimCenter/1Rim1A,Root/rotor/metal,Root/RimCenter/1Rim2/2Rim2/3Rim2/4Rim2/5Rim2/6Rim2/7Rim2,Root/1Rim1,Root/Frame,Root/metalnails,Root/MainAxle/Roundarch",
		"allAngles": false,
		"entityTextureMode": false
	},
	"textureWidth": 16,
	"textureHeight": 16,
	"textureSizes": {
	},
	"textures": {
	},
	"elements": [
		{
			"name": "Frame",
			"from": [ 8.0, 0.0, 8.0 ],
			"to": [ 8.0, 0.0, 8.0 ],
			"rotationOrigin": [ 8.0, 0.0, 8.0 ],
			"faces": {
			},
			"children": [
				{
					"name": "beam1S",
					"from": [ -6.0, 14.0, 6.0 ],
					"to": [ 6.0, 16.0, 8.0 ],
					"rotationOrigin": [ -6.0, 14.0, 6.0 ],
					"faces": {
						"north": { "texture": "#wood", "uv": [ 0.5, 10.5, 12.5, 12.5 ] },
						"south": { "texture": "#wood", "uv": [ 1.5, 4.0, 13.5, 6.0 ] },
						"up": { "texture": "#wood", "uv": [ 2.5, 0.5, 14.5, 2.5 ] },
						"down": { "texture": "#wood", "uv": [ 0.0, 7.5, 12.0, 9.5 ] }
					},
					"children": [
						{
							"name": "beam1.W",
							"from": [ -0.8, 0.0, 0.5 ],
							"to": [ 0.0, 2.0, 1.5 ],
							"rotationOrigin": [ -0.8, 0.0, 0.5 ],
							"faces": {
								"up": { "texture": "#wood", "uv": [ 12.0, 12.0, 12.5, 13.0 ] },
								"down": { "texture": "#wood", "uv": [ 4.0, 0.5, 4.5, 1.5 ], "windMode": [-1,-1,-1,-1] }
							}
						},
						{
							"name": "beam1.E",
							"from": [ 12.0, 0.0, 0.5 ],
							"to": [ 12.8, 2.0, 1.5 ],
							"rotationOrigin": [ 12.0, 0.0, 0.5 ],
							"faces": {
								"up": { "texture": "#wood", "uv": [ 10.0, 11.0, 10.5, 12.0 ] },
								"down": { "texture": "#wood", "uv": [ 8.0, 3.0, 8.5, 4.0 ] }
							}
						}
					]
				},
				{
					"name": "beam2N",
					"from": [ -6.0, 14.0, -8.0 ],
					"to": [ 6.0, 16.0, -6.0 ],
					"rotationOrigin": [ -6.0, 14.0, -8.0 ],
					"faces": {
						"north": { "texture": "#wood", "uv": [ 3.0, 5.5, 15.0, 7.5 ] },
						"south": { "texture": "#wood", "uv": [ 0.5, 7.0, 12.5, 9.0 ] },
						"up": { "texture": "#wood", "uv": [ 0.5, 3.0, 12.5, 5.0 ] },
						"down": { "texture": "#wood", "uv": [ 0.0, 5.0, 12.0, 7.0 ] }
					},
					"children": [
						{
							"name": "beam2.W",
							"from": [ -0.8, 0.0, 0.5 ],
							"to": [ 0.0, 2.0, 1.5 ],
							"rotationOrigin": [ -0.8, 0.0, 0.5 ],
							"faces": {
								"up": { "texture": "#wood", "uv": [ 9.0, 11.5, 9.5, 12.5 ] },
								"down": { "texture": "#wood", "uv": [ 4.5, 1.0, 5.0, 2.0 ] }
							}
						},
						{
							"name": "beam2.E",
							"from": [ 12.0, 0.0, 0.5 ],
							"to": [ 12.8, 2.0, 1.5 ],
							"rotationOrigin": [ 12.0, 0.0, 0.5 ],
							"faces": {
								"up": { "texture": "#wood", "uv": [ 10.5, 8.0, 11.0, 9.0 ] },
								"down": { "texture": "#wood", "uv": [ 1.0, 3.5, 1.5, 4.5 ] }
							}
						}
					]
				},
				{
					"name": "beam3",
					"from": [ -1.0, 14.5, -6.0 ],
					"to": [ 1.0, 15.5, 6.0 ],
					"rotationOrigin": [ -1.0, 14.5, -6.0 ],
					"faces": {
						"east": { "texture": "#wood", "uv": [ 1.0, 1.0, 13.0, 2.0 ] },
						"west": { "texture": "#wood", "uv": [ 2.0, 11.0, 14.0, 12.0 ] },
						"up": { "texture": "#wood", "uv": [ 3.0, 2.0, 15.0, 4.0 ], "rotation": 90 },
						"down": { "texture": "#wood", "uv": [ 3.0, 6.0, 15.0, 8.0 ], "rotation": 90 }
					}
				},
				{
					"name": "Frame1W",
					"from": [ -8.0, 13.99, -8.0 ],
					"to": [ -6.0, 15.99, 8.0 ],
					"rotationOrigin": [ -8.0, 14.0, -8.0 ],
					"faces": {
						"north": { "texture": "#wood2", "uv": [ 8.5, 6.5, 10.5, 8.5 ] },
						"east": { "texture": "#wood", "uv": [ 0.0, 10.0, 16.0, 12.0 ] },
						"south": { "texture": "#wood2", "uv": [ 2.5, 12.0, 4.5, 14.0 ] },
						"west": { "texture": "#wood", "uv": [ 0.0, 10.5, 16.0, 12.5 ] },
						"up": { "texture": "#wood2", "uv": [ 0.0, 5.0, 16.0, 7.0 ], "rotation": 90 },
						"down": { "texture": "#wood2", "uv": [ 0.0, 2.0, 16.0, 4.0 ], "rotation": 90 }
					}
				},
				{
					"name": "Frame1E",
					"from": [ 6.0, 13.99, -8.0 ],
					"to": [ 8.0, 15.99, 8.0 ],
					"rotationOrigin": [ 6.0, 14.0, -8.0 ],
					"faces": {
						"north": { "texture": "#wood2", "uv": [ 0.0, 0.0, 2.0, 2.0 ] },
						"east": { "texture": "#wood", "uv": [ 0.0, 6.0, 16.0, 8.0 ] },
						"south": { "texture": "#wood2", "uv": [ 8.5, 3.5, 10.5, 5.5 ] },
						"west": { "texture": "#wood", "uv": [ 0.0, 6.0, 16.0, 8.0 ] },
						"up": { "texture": "#wood2", "uv": [ 0.0, 4.5, 16.0, 6.5 ], "rotation": 90 },
						"down": { "texture": "#wood2", "uv": [ 0.0, 12.5, 16.0, 14.5 ], "rotation": 90 }
					}
				},
				{
					"name": "FrameDownW",
					"from": [ -8.0, 5.0, -5.0 ],
					"to": [ -6.3, 7.0, 5.0 ],
					"rotationOrigin": [ -8.0, 5.0, -5.0 ],
					"faces": {
						"north": { "texture": "#wood2", "uv": [ 10.0, 4.0, 11.5, 6.0 ] },
						"east": { "texture": "#wood", "uv": [ 5.0, 4.0, 15.0, 6.0 ] },
						"south": { "texture": "#wood2", "uv": [ 2.0, 7.0, 3.5, 9.0 ] },
						"west": { "texture": "#wood", "uv": [ 3.0, 8.5, 13.0, 10.5 ] },
						"up": { "texture": "#wood", "uv": [ 11.5, 0.5, 13.0, 10.5 ] },
						"down": { "texture": "#wood", "uv": [ 13.0, 1.0, 14.5, 11.0 ] }
					},
					"children": [
						{
							"name": "Frame1NW",
							"from": [ 0.01, 0.0, 0.0 ],
							"to": [ 1.51, 9.5, 2.0 ],
							"rotationOrigin": [ 0.0, 0.0, 0.0 ],
							"rotationX": -18.0,
							"faces": {
								"north": { "texture": "#wood", "uv": [ 1.5, 14.5, 11.0, 16.0 ], "rotation": 90, "windMode": [-1,-1,-1,-1] },
								"east": { "texture": "#wood", "uv": [ 0.5, 2.5, 10.0, 4.5 ], "rotation": 90, "windMode": [-1,-1,-1,-1] },
								"south": { "texture": "#wood", "uv": [ 0.5, 6.5, 10.0, 8.0 ], "rotation": 90, "windMode": [-1,-1,-1,-1] },
								"west": { "texture": "#wood", "uv": [ 1.5, 13.0, 11.0, 15.0 ], "rotation": 90, "windMode": [-1,-1,-1,-1] }
							}
						},
						{
							"name": "Frame1SW",
							"from": [ 0.01, 0.0, 8.0 ],
							"to": [ 1.51, 9.5, 10.0 ],
							"rotationOrigin": [ 0.0, 0.0, 10.0 ],
							"rotationX": 18.0,
							"faces": {
								"north": { "texture": "#wood", "uv": [ 1.5, 3.0, 11.0, 4.5 ], "rotation": 90, "windMode": [-1,-1,-1,-1] },
								"east": { "texture": "#wood", "uv": [ 6.0, 12.0, 15.5, 14.0 ], "rotation": 90, "windMode": [-1,-1,-1,-1] },
								"south": { "texture": "#wood", "uv": [ 5.0, 3.0, 14.5, 4.5 ], "rotation": 90, "windMode": [-1,-1,-1,-1] },
								"west": { "texture": "#wood", "uv": [ 1.0, 3.0, 10.5, 5.0 ], "rotation": 90, "windMode": [-1,-1,-1,-1] }
							}
						},
						{
							"name": "metalnails",
							"from": [ 8.2, 0.0, 5.0 ],
							"to": [ 8.2, 0.0, 5.0 ],
							"rotationOrigin": [ 8.2, 0.0, 5.0 ],
							"faces": {
							},
							"children": [
								{
									"name": "nail1",
									"from": [ -7.0, 0.7, 3.9 ],
									"to": [ -6.2, 1.1, 4.3 ],
									"rotationOrigin": [ -7.0, 0.9, 4.1 ],
									"rotationX": 10.0,
									"faces": {
										"north": { "texture": "#metal", "uv": [ 12.0, 13.0, 12.5, 13.5 ] },
										"east": { "texture": "#metal", "uv": [ 14.0, 12.0, 14.5, 12.5 ] },
										"south": { "texture": "#metal", "uv": [ 6.5, 0.0, 7.0, 0.5 ] },
										"up": { "texture": "#metal", "uv": [ 10.5, 12.5, 11.0, 13.0 ] },
										"down": { "texture": "#metal", "uv": [ 8.5, 7.0, 9.0, 7.5 ] }
									},
									"children": [
										{
											"name": "nailhead1",
											"from": [ 0.4, -0.1, -0.1 ],
											"to": [ 0.6, 0.5, 0.5 ],
											"rotationOrigin": [ 0.4, -0.1, -0.1 ],
											"faces": {
												"north": { "texture": "#metal", "uv": [ 2.5, 10.5, 3.0, 11.0 ] },
												"east": { "texture": "#metal", "uv": [ 0.0, 12.0, 0.5, 12.5 ] },
												"south": { "texture": "#metal", "uv": [ 3.0, 0.5, 3.5, 1.0 ] },
												"up": { "texture": "#metal", "uv": [ 7.0, 4.0, 7.5, 4.5 ] },
												"down": { "texture": "#metal", "uv": [ 5.0, 5.5, 5.5, 6.0 ] }
											}
										}
									]
								},
								{
									"name": "nail2",
									"from": [ -7.0, 0.7, -4.3 ],
									"to": [ -6.2, 1.1, -3.9 ],
									"rotationOrigin": [ -7.0, 0.9, -4.1 ],
									"rotationX": 30.0,
									"faces": {
										"north": { "texture": "#metal", "uv": [ 8.0, 14.0, 8.5, 14.5 ] },
										"east": { "texture": "#metal", "uv": [ 3.5, 8.5, 4.0, 9.0 ] },
										"south": { "texture": "#metal", "uv": [ 8.0, 0.5, 8.5, 1.0 ] },
										"up": { "texture": "#metal", "uv": [ 9.0, 14.5, 9.5, 15.0 ] },
										"down": { "texture": "#metal", "uv": [ 7.0, 11.5, 7.5, 12.0 ] }
									},
									"children": [
										{
											"name": "nailhead2",
											"from": [ 0.4, -0.1, -0.1 ],
											"to": [ 0.6, 0.5, 0.5 ],
											"rotationOrigin": [ 0.4, -0.1, -0.1 ],
											"faces": {
												"north": { "texture": "#metal", "uv": [ 11.0, 3.0, 11.5, 3.5 ] },
												"east": { "texture": "#metal", "uv": [ 2.0, 0.0, 2.5, 0.5 ] },
												"south": { "texture": "#metal", "uv": [ 8.0, 6.0, 8.5, 6.5 ] },
												"up": { "texture": "#metal", "uv": [ 14.5, 13.5, 15.0, 14.0 ] },
												"down": { "texture": "#metal", "uv": [ 1.0, 4.5, 1.5, 5.0 ] }
											}
										}
									]
								}
							]
						}
					]
				},
				{
					"name": "FrameDownE",
					"from": [ 6.3, 5.0, -5.0 ],
					"to": [ 8.0, 7.0, 5.0 ],
					"rotationOrigin": [ 6.3, 5.0, -5.0 ],
					"faces": {
						"north": { "texture": "#wood2", "uv": [ 12.0, 9.5, 13.5, 11.5 ] },
						"east": { "texture": "#wood", "uv": [ 5.0, 13.5, 15.0, 15.5 ] },
						"south": { "texture": "#wood2", "uv": [ 5.5, 5.0, 7.0, 7.0 ] },
						"west": { "texture": "#wood", "uv": [ 3.5, 11.5, 13.5, 13.5 ] },
						"up": { "texture": "#wood", "uv": [ 4.5, 5.0, 6.0, 15.0 ] },
						"down": { "texture": "#wood", "uv": [ 12.5, 1.0, 14.0, 11.0 ] }
					},
					"children": [
						{
							"name": "Frame1SE",
							"from": [ 0.19, 0.0, 8.0 ],
							"to": [ 1.69, 9.5, 10.0 ],
							"rotationOrigin": [ 0.2, 0.0, 10.0 ],
							"rotationX": 18.0,
							"faces": {
								"north": { "texture": "#wood", "uv": [ 1.0, 13.0, 10.5, 14.5 ], "rotation": 90 },
								"east": { "texture": "#wood", "uv": [ 0.0, 1.5, 9.5, 3.5 ], "rotation": 90 },
								"south": { "texture": "#wood", "uv": [ 0.0, 3.5, 9.5, 5.0 ], "rotation": 90 },
								"west": { "texture": "#wood", "uv": [ 6.0, 5.0, 15.5, 7.0 ], "rotation": 90 }
							}
						},
						{
							"name": "Frame1NE",
							"from": [ 0.19, 0.0, 0.0 ],
							"to": [ 1.69, 9.5, 2.0 ],
							"rotationOrigin": [ 0.2, 0.0, 0.0 ],
							"rotationX": -18.0,
							"faces": {
								"north": { "texture": "#wood", "uv": [ 0.5, 4.0, 10.0, 5.5 ], "rotation": 90 },
								"east": { "texture": "#wood", "uv": [ 3.5, 13.5, 13.0, 15.5 ], "rotation": 90 },
								"south": { "texture": "#wood", "uv": [ 5.5, 3.0, 15.0, 4.5 ], "rotation": 90 },
								"west": { "texture": "#wood", "uv": [ 1.0, 10.5, 10.5, 12.5 ], "rotation": 90 }
							}
						},
						{
							"name": "metalnails2",
							"from": [ -6.5, 0.0, 5.0 ],
							"to": [ -6.5, 0.0, 5.0 ],
							"rotationOrigin": [ -6.5, 0.0, 5.0 ],
							"rotationX": -180.0,
							"rotationZ": -180.0,
							"faces": {
							},
							"children": [
								{
									"name": "nail3",
									"from": [ -7.0, 0.7, 3.9 ],
									"to": [ -6.2, 1.1, 4.3 ],
									"rotationOrigin": [ -7.0, 0.9, 4.1 ],
									"rotationX": 20.0,
									"faces": {
										"north": { "texture": "#metal", "uv": [ 13.0, 12.5, 13.5, 13.0 ] },
										"east": { "texture": "#metal", "uv": [ 5.0, 14.5, 5.5, 15.0 ] },
										"south": { "texture": "#metal", "uv": [ 12.0, 6.5, 12.5, 7.0 ] },
										"up": { "texture": "#metal", "uv": [ 6.0, 10.5, 6.5, 11.0 ] },
										"down": { "texture": "#metal", "uv": [ 3.5, 7.5, 4.0, 8.0 ] }
									},
									"children": [
										{
											"name": "nailhead3",
											"from": [ 0.4, -0.1, -0.1 ],
											"to": [ 0.6, 0.5, 0.5 ],
											"rotationOrigin": [ 0.4, -0.1, -0.1 ],
											"faces": {
												"north": { "texture": "#metal", "uv": [ 5.5, 3.5, 6.0, 4.0 ] },
												"east": { "texture": "#metal", "uv": [ 13.0, 13.0, 13.5, 13.5 ] },
												"south": { "texture": "#metal", "uv": [ 9.5, 7.5, 10.0, 8.0 ] },
												"up": { "texture": "#metal", "uv": [ 13.5, 6.5, 14.0, 7.0 ] },
												"down": { "texture": "#metal", "uv": [ 5.0, 1.0, 5.5, 1.5 ] }
											}
										}
									]
								},
								{
									"name": "nail4",
									"from": [ -7.0, 0.7, -4.3 ],
									"to": [ -6.2, 1.1, -3.9 ],
									"rotationOrigin": [ -7.0, 0.9, -4.1 ],
									"rotationX": -9.0,
									"faces": {
										"north": { "texture": "#metal", "uv": [ 1.5, 4.0, 2.0, 4.5 ] },
										"east": { "texture": "#metal", "uv": [ 14.0, 12.0, 14.5, 12.5 ] },
										"south": { "texture": "#metal", "uv": [ 4.0, 4.5, 4.5, 5.0 ] },
										"up": { "texture": "#metal", "uv": [ 4.0, 14.5, 4.5, 15.0 ] },
										"down": { "texture": "#metal", "uv": [ 3.5, 8.5, 4.0, 9.0 ] }
									},
									"children": [
										{
											"name": "nailhead4",
											"from": [ 0.4, -0.1, -0.1 ],
											"to": [ 0.6, 0.5, 0.5 ],
											"rotationOrigin": [ 0.4, -0.1, -0.1 ],
											"faces": {
												"north": { "texture": "#metal", "uv": [ 6.0, 10.5, 6.5, 11.0 ] },
												"east": { "texture": "#metal", "uv": [ 8.0, 2.5, 8.5, 3.0 ] },
												"south": { "texture": "#metal", "uv": [ 14.0, 3.0, 14.5, 3.5 ] },
												"up": { "texture": "#metal", "uv": [ 3.5, 12.0, 4.0, 12.5 ] },
												"down": { "texture": "#metal", "uv": [ 11.0, 1.5, 11.5, 2.0 ] }
											}
										}
									]
								}
							]
						}
					]
				},
				{
					"name": "metalE",
					"from": [ 6.6, 7.0, -5.0 ],
					"to": [ 8.0, 8.0, 5.0 ],
					"rotationOrigin": [ 6.6, 7.0, -5.0 ],
					"faces": {
						"east": { "texture": "#metal", "uv": [ 0.0, 8.0, 16.0, 11.0 ], "autoUv": false },
						"west": { "texture": "#metal", "uv": [ 0.0, 7.0, 16.0, 10.0 ], "autoUv": false },
						"up": { "texture": "#metal", "uv": [ 0.0, 12.5, 16.0, 14.0 ], "rotation": 270, "autoUv": false }
					}
				},
				{
					"name": "metalW",
					"from": [ -7.9, 7.0, -5.0 ],
					"to": [ -6.5, 8.0, 5.0 ],
					"rotationOrigin": [ -7.9, 7.0, -5.0 ],
					"faces": {
						"east": { "texture": "#metal", "uv": [ 0.0, 7.5, 16.0, 10.5 ], "autoUv": false },
						"west": { "texture": "#metal", "uv": [ 0.0, 4.5, 16.0, 7.5 ], "autoUv": false },
						"up": { "texture": "#metal", "uv": [ 0.0, 1.0, 16.0, 2.5 ], "rotation": 90, "autoUv": false }
					}
				},
				{
					"name": "metalE2",
					"from": [ 6.6, 8.0, -1.0 ],
					"to": [ 8.0, 9.0, 1.0 ],
					"rotationOrigin": [ 6.6, 8.0, -1.0 ],
					"faces": {
						"north": { "texture": "#metal", "uv": [ 3.5, 7.5, 4.5, 8.5 ], "windMode": [-1,-1,-1,-1] },
						"east": { "texture": "#metal", "uv": [ 0.5, 9.5, 2.5, 10.5 ], "windMode": [-1,-1,-1,-1] },
						"south": { "texture": "#metal", "uv": [ 14.0, 1.0, 15.0, 2.0 ], "windMode": [-1,-1,-1,-1] },
						"west": { "texture": "#metal", "uv": [ 10.5, 0.5, 12.5, 1.5 ], "snapUv": false, "windMode": [-1,-1,-1,-1] },
						"up": { "texture": "#metal", "uv": [ 7.5, 11.0, 9.5, 12.0 ], "rotation": 270 }
					}
				},
				{
					"name": "metalE3",
					"from": [ -7.9, 8.0, -1.0 ],
					"to": [ -6.5, 9.0, 1.0 ],
					"rotationOrigin": [ -7.9, 8.0, -1.0 ],
					"faces": {
						"north": { "texture": "#metal", "uv": [ 3.5, 7.5, 4.5, 8.5 ] },
						"east": { "texture": "#metal", "uv": [ 0.5, 9.5, 2.5, 10.5 ] },
						"south": { "texture": "#metal", "uv": [ 14.0, 1.0, 15.0, 2.0 ] },
						"west": { "texture": "#metal", "uv": [ 10.5, 0.5, 12.5, 1.5 ] },
						"up": { "texture": "#metal", "uv": [ 7.5, 11.0, 9.5, 12.0 ], "rotation": 270 }
					}
				}
			]
		},
		{
			"name": "MainAxle",
			"from": [ 1.7, 6.5, 6.5 ],
			"to": [ 14.3, 9.5, 9.5 ],
			"rotationOrigin": [ 1.2, 7.5, 7.5 ],
			"faces": {
				"north": { "texture": "#wood", "uv": [ 1.0, 8.5, 13.5, 11.5 ] },
				"east": { "texture": "#wood2", "uv": [ 6.5, 6.0, 9.5, 9.0 ] },
				"south": { "texture": "#wood", "uv": [ 0.5, 6.5, 13.0, 9.5 ] },
				"west": { "texture": "#wood2", "uv": [ 12.0, 5.5, 15.0, 8.5 ] },
				"up": { "texture": "#wood", "uv": [ 3.0, 2.5, 15.5, 5.5 ] },
				"down": { "texture": "#wood", "uv": [ 1.0, 7.5, 13.5, 10.5 ] }
			},
			"children": [
				{
					"name": "metal",
					"from": [ 5.1, -0.1, -0.1 ],
					"to": [ 5.9, 6.1, 3.1 ],
					"rotationOrigin": [ 5.1, -0.1, -0.1 ],
					"faces": {
						"north": { "texture": "#metal", "uv": [ 13.5, 9.0, 15.0, 14.0 ], "autoUv": false },
						"east": { "texture": "#metal", "uv": [ 11.5, 5.5, 12.5, 9.5 ], "autoUv": false },
						"south": { "texture": "#metal", "uv": [ 12.5, 2.5, 14.0, 7.5 ], "autoUv": false },
						"west": { "texture": "#metal", "uv": [ 7.5, 8.5, 8.5, 13.5 ], "autoUv": false },
						"up": { "texture": "#metal", "uv": [ 13.5, 6.0, 15.0, 9.0 ], "autoUv": false },
						"down": { "texture": "#metal", "uv": [ 6.0, 1.0, 7.5, 4.0 ], "autoUv": false }
					},
					"children": [
						{
							"name": "metal2",
							"from": [ 1.6, 0.0, 0.0 ],
							"to": [ 2.4, 6.2, 3.2 ],
							"rotationOrigin": [ 1.6, 0.0, 0.0 ],
							"faces": {
								"north": { "texture": "#metal", "uv": [ 6.5, 2.5, 8.0, 8.5 ], "autoUv": false },
								"east": { "texture": "#metal", "uv": [ 5.0, 3.0, 8.0, 8.0 ], "autoUv": false },
								"south": { "texture": "#metal", "uv": [ 4.0, 2.5, 5.5, 9.5 ], "autoUv": false },
								"west": { "texture": "#metal", "uv": [ 11.5, 1.0, 14.5, 7.0 ] },
								"up": { "texture": "#metal", "uv": [ 6.5, 5.0, 8.0, 8.0 ], "autoUv": false },
								"down": { "texture": "#metal", "uv": [ 11.0, 7.0, 12.5, 10.0 ], "autoUv": false }
							},
							"children": [
								{
									"name": "metal5",
									"from": [ 0.0, -2.7, 1.0 ],
									"to": [ 0.8, 0.0, 1.2 ],
									"rotationOrigin": [ 0.0, -2.7, 1.0 ],
									"faces": {
										"north": { "texture": "#metal", "uv": [ 7.0, 4.5, 8.5, 8.0 ], "autoUv": false },
										"east": { "texture": "#metal", "uv": [ 12.5, 10.5, 13.0, 14.0 ], "autoUv": false },
										"south": { "texture": "#metal", "uv": [ 11.0, 1.5, 12.5, 5.0 ], "autoUv": false },
										"west": { "texture": "#metal", "uv": [ 1.5, 11.0, 2.0, 14.5 ], "autoUv": false },
										"down": { "texture": "#metal", "uv": [ 8.5, 3.5, 9.0, 4.0 ] }
									},
									"children": [
										{
											"name": "metal6",
											"from": [ 0.0, 0.0, 1.0 ],
											"to": [ 0.8, 2.7, 1.2 ],
											"rotationOrigin": [ 0.0, 0.0, 1.0 ],
											"faces": {
												"north": { "texture": "#metal", "uv": [ 11.5, 10.5, 13.0, 14.0 ], "autoUv": false },
												"east": { "texture": "#metal", "uv": [ 11.5, 11.0, 12.0, 14.5 ], "autoUv": false },
												"south": { "texture": "#metal", "uv": [ 10.5, 1.5, 12.0, 5.0 ], "autoUv": false },
												"west": { "texture": "#metal", "uv": [ 3.0, 11.0, 3.5, 14.5 ], "autoUv": false },
												"down": { "texture": "#metal", "uv": [ 8.0, 5.5, 8.5, 6.0 ] }
											}
										},
										{
											"name": "metal8",
											"from": [ -1.6, 0.8, 1.15 ],
											"to": [ 1.0, 1.3, 1.65 ],
											"rotationOrigin": [ -1.6, 0.8, 1.65 ],
											"rotationX": 8.0,
											"faces": {
												"north": { "texture": "#metal", "uv": [ 10.0, 15.0, 12.5, 15.5 ] },
												"east": { "texture": "#metal", "uv": [ 5.5, 10.0, 6.0, 10.5 ] },
												"south": { "texture": "#metal", "uv": [ 1.0, 6.0, 3.5, 6.5 ] },
												"west": { "texture": "#metal", "uv": [ 11.0, 1.0, 11.5, 1.5 ] },
												"up": { "texture": "#metal", "uv": [ 7.0, 4.0, 9.5, 4.5 ] },
												"down": { "texture": "#metal", "uv": [ 10.5, 3.0, 13.0, 3.5 ] }
											}
										},
										{
											"name": "metal7",
											"from": [ -1.8, 0.8, -0.5 ],
											"to": [ 0.8, 1.3, 0.0 ],
											"rotationOrigin": [ -1.8, 0.8, -0.5 ],
											"rotationX": -5.0,
											"faces": {
												"north": { "texture": "#metal", "uv": [ 8.5, 8.0, 11.0, 8.5 ] },
												"east": { "texture": "#metal", "uv": [ 11.5, 4.0, 12.0, 4.5 ] },
												"south": { "texture": "#metal", "uv": [ 6.5, 11.5, 9.0, 12.0 ] },
												"west": { "texture": "#metal", "uv": [ 8.5, 0.0, 9.0, 0.5 ] },
												"up": { "texture": "#metal", "uv": [ 9.0, 9.5, 11.5, 10.0 ], "windMode": [-1,-1,-1,-1] },
												"down": { "texture": "#metal", "uv": [ 0.5, 14.5, 3.0, 15.0 ] }
											}
										},
										{
											"name": "WedgeMetal3",
											"from": [ -1.45, 0.5, 1.7 ],
											"to": [ -0.95, 0.8, 2.3 ],
											"rotationOrigin": [ -1.4, 0.8, 1.7 ],
											"rotationX": 8.0,
											"faces": {
												"north": { "texture": "#metal", "uv": [ 0.5, 12.0, 1.0, 12.5 ] },
												"east": { "texture": "#metal", "uv": [ 11.0, 7.0, 11.5, 7.5 ] },
												"south": { "texture": "#metal", "uv": [ 9.0, 14.5, 9.5, 15.0 ] },
												"west": { "texture": "#metal", "uv": [ 3.0, 8.5, 3.5, 9.0 ] },
												"up": { "texture": "#metal", "uv": [ 14.5, 1.5, 15.0, 2.0 ] },
												"down": { "texture": "#metal", "uv": [ 7.5, 2.0, 8.0, 2.5 ] }
											}
										},
										{
											"name": "WedgeMetal4",
											"from": [ 0.55, 0.3, 2.0 ],
											"to": [ 1.05, 0.8, 4.7 ],
											"rotationOrigin": [ 0.6, 0.3, 2.0 ],
											"rotationX": -180.0,
											"rotationZ": -180.0,
											"faces": {
												"north": { "texture": "#metal", "uv": [ 15.0, 8.0, 15.5, 8.5 ] },
												"east": { "texture": "#metal", "uv": [ 13.0, 11.5, 15.5, 12.0 ] },
												"south": { "texture": "#metal", "uv": [ 11.5, 6.0, 12.0, 6.5 ] },
												"west": { "texture": "#metal", "uv": [ 10.5, 7.0, 13.0, 7.5 ] },
												"up": { "texture": "#metal", "uv": [ 3.5, 5.0, 4.0, 7.5 ] },
												"down": { "texture": "#metal", "uv": [ 0.0, 4.0, 0.5, 6.5 ] }
											},
											"children": [
												{
													"name": "WedgeMetal5",
													"from": [ -0.01, 0.0, 2.7 ],
													"to": [ 0.49, 0.3, 3.3 ],
													"rotationOrigin": [ 0.05, 0.0, 2.7 ],
													"rotationX": -8.0,
													"faces": {
														"north": { "texture": "#metal", "uv": [ 7.5, 1.0, 8.0, 1.5 ] },
														"east": { "texture": "#metal", "uv": [ 6.5, 3.0, 7.0, 3.5 ] },
														"south": { "texture": "#metal", "uv": [ 0.5, 9.5, 1.0, 10.0 ] },
														"west": { "texture": "#metal", "uv": [ 11.5, 13.0, 12.0, 13.5 ] },
														"up": { "texture": "#metal", "uv": [ 2.5, 6.0, 3.0, 6.5 ] },
														"down": { "texture": "#metal", "uv": [ 6.0, 1.5, 6.5, 2.0 ] }
													}
												},
												{
													"name": "WedgeMetal6",
													"from": [ 0.0, 0.2, 2.7 ],
													"to": [ 0.5, 0.5, 3.3 ],
													"rotationOrigin": [ 0.05, 0.5, 2.7 ],
													"rotationX": 8.0,
													"faces": {
														"north": { "texture": "#metal", "uv": [ 4.0, 13.0, 4.5, 13.5 ] },
														"east": { "texture": "#metal", "uv": [ 7.5, 10.0, 8.0, 10.5 ] },
														"south": { "texture": "#metal", "uv": [ 8.0, 5.0, 8.5, 5.5 ] },
														"west": { "texture": "#metal", "uv": [ 4.5, 3.0, 5.0, 3.5 ] },
														"up": { "texture": "#metal", "uv": [ 8.0, 14.0, 8.5, 14.5 ] },
														"down": { "texture": "#metal", "uv": [ 9.5, 13.5, 10.0, 14.0 ] }
													}
												}
											]
										},
										{
											"name": "WedgeMetal1",
											"from": [ -1.45, 0.3, -1.0 ],
											"to": [ -0.95, 0.8, 1.7 ],
											"rotationOrigin": [ -1.4, 0.3, -1.0 ],
											"faces": {
												"north": { "texture": "#metal", "uv": [ 14.5, 3.5, 15.0, 4.0 ] },
												"east": { "texture": "#metal", "uv": [ 1.0, 0.5, 3.5, 1.0 ] },
												"south": { "texture": "#metal", "uv": [ 3.5, 4.5, 4.0, 5.0 ] },
												"west": { "texture": "#metal", "uv": [ 4.5, 14.5, 7.0, 15.0 ] },
												"up": { "texture": "#metal", "uv": [ 0.5, 5.0, 1.0, 7.5 ] },
												"down": { "texture": "#metal", "uv": [ 12.5, 2.0, 13.0, 4.5 ] }
											},
											"children": [
												{
													"name": "WedgeMetal2",
													"from": [ -0.01, 0.0, 2.7 ],
													"to": [ 0.49, 0.3, 3.3 ],
													"rotationOrigin": [ 0.05, 0.0, 2.7 ],
													"rotationX": -8.0,
													"faces": {
														"north": { "texture": "#metal", "uv": [ 8.5, 14.5, 9.0, 15.0 ] },
														"east": { "texture": "#metal", "uv": [ 12.0, 2.5, 12.5, 3.0 ] },
														"south": { "texture": "#metal", "uv": [ 6.0, 4.0, 6.5, 4.5 ] },
														"west": { "texture": "#metal", "uv": [ 9.5, 12.5, 10.0, 13.0 ] },
														"up": { "texture": "#metal", "uv": [ 7.5, 14.0, 8.0, 14.5 ] },
														"down": { "texture": "#metal", "uv": [ 12.0, 6.5, 12.5, 7.0 ] }
													}
												}
											]
										},
										{
											"name": "metal4",
											"from": [ -1.6, 0.0, 1.0 ],
											"to": [ -0.8, 2.7, 1.2 ],
											"rotationOrigin": [ -1.6, 0.0, 1.0 ],
											"faces": {
												"north": { "texture": "#metal", "uv": [ 8.5, 8.5, 10.0, 12.0 ], "autoUv": false },
												"east": { "texture": "#metal", "uv": [ 7.0, 5.0, 7.5, 8.5 ], "autoUv": false },
												"south": { "texture": "#metal", "uv": [ 2.5, 8.5, 4.0, 12.0 ], "autoUv": false },
												"west": { "texture": "#metal", "uv": [ 13.5, 1.5, 14.0, 5.0 ], "autoUv": false },
												"down": { "texture": "#metal", "uv": [ 9.0, 14.5, 9.5, 15.0 ] }
											}
										},
										{
											"name": "metal3",
											"from": [ -1.6, 0.0, 0.0 ],
											"to": [ -0.8, 2.7, 0.2 ],
											"rotationOrigin": [ -1.6, 0.0, 0.0 ],
											"faces": {
												"north": { "texture": "#metal", "uv": [ 8.0, 11.0, 9.5, 14.5 ], "autoUv": false },
												"east": { "texture": "#metal", "uv": [ 3.0, 8.0, 3.5, 11.5 ], "autoUv": false },
												"south": { "texture": "#metal", "uv": [ 2.5, 12.0, 4.0, 15.5 ], "autoUv": false },
												"west": { "texture": "#metal", "uv": [ 12.0, 2.0, 12.5, 5.5 ], "autoUv": false },
												"down": { "texture": "#metal", "uv": [ 9.0, 2.0, 9.5, 2.5 ] }
											}
										}
									]
								}
							]
						}
					]
				},
				{
					"name": "axle",
					"from": [ -2.8, 1.0, 1.0 ],
					"to": [ 1.2, 2.0, 2.0 ],
					"rotationOrigin": [ -2.8, 1.0, 1.0 ],
					"faces": {
						"north": { "texture": "#metal", "uv": [ 11.5, 2.5, 15.5, 3.5 ] },
						"south": { "texture": "#metal", "uv": [ 1.5, 8.5, 5.5, 9.5 ] },
						"west": { "texture": "#metal", "uv": [ 4.5, 4.0, 5.5, 5.0 ] },
						"up": { "texture": "#metal", "uv": [ 1.5, 8.5, 5.5, 9.5 ] },
						"down": { "texture": "#metal", "uv": [ 4.0, 2.0, 8.0, 3.0 ] }
					}
				},
				{
					"name": "axle2",
					"from": [ 12.4, 1.0, 1.0 ],
					"to": [ 16.4, 2.0, 2.0 ],
					"rotationOrigin": [ 12.4, 1.0, 1.0 ],
					"faces": {
						"north": { "texture": "#metal", "uv": [ 8.0, 12.5, 12.0, 13.5 ] },
						"east": { "texture": "#metal", "uv": [ 9.5, 12.5, 10.5, 13.5 ], "windMode": [-1,-1,-1,-1] },
						"south": { "texture": "#metal", "uv": [ 4.5, 2.0, 8.5, 3.0 ], "windMode": [-1,-1,-1,-1] },
						"up": { "texture": "#metal", "uv": [ 5.0, 12.0, 9.0, 13.0 ], "windMode": [-1,-1,-1,-1] },
						"down": { "texture": "#metal", "uv": [ 1.0, 0.0, 5.0, 1.0 ], "windMode": [-1,-1,-1,-1] }
					}
				},
				{
					"name": "CrownCenter",
					"from": [ 5.9, -1.4, 1.1 ],
					"to": [ 6.7, -0.4, 1.9 ],
					"rotationOrigin": [ -1.6, -8.9, -6.4 ],
					"faces": {
						"north": { "texture": "#bell", "uv": [ 11.0, 0.5, 11.5, 1.5 ] },
						"east": { "texture": "#bell", "uv": [ 14.5, 14.5, 15.0, 15.5 ] },
						"south": { "texture": "#bell", "uv": [ 2.0, 3.5, 2.5, 4.5 ] },
						"west": { "texture": "#bell", "uv": [ 2.0, 1.0, 2.5, 2.0 ] },
						"up": { "texture": "#bell", "uv": [ 1.5, 6.5, 2.0, 7.0 ] },
						"down": { "texture": "#bell", "uv": [ 8.5, 10.5, 9.0, 11.0 ] }
					},
					"children": [
						{
							"name": "CrownHook",
							"from": [ -1.4, -2.6, 0.0 ],
							"to": [ -0.6, -1.1, 0.8 ],
							"rotationOrigin": [ 0.4, 0.9, 0.4 ],
							"faces": {
								"north": { "texture": "#bell", "uv": [ 3.5, 9.0, 4.25, 10.5 ] },
								"east": { "texture": "#bell", "uv": [ 3.0, 7.0, 3.75, 8.5 ] },
								"south": { "texture": "#bell", "uv": [ 11.5, 12.0, 12.25, 13.5 ] },
								"west": { "texture": "#bell", "uv": [ 1.5, 9.0, 2.25, 10.5 ] },
								"up": { "texture": "#bell", "uv": [ 7.0, 4.0, 7.75, 4.75 ] },
								"down": { "texture": "#bell", "uv": [ 1.5, 13.0, 2.25, 13.75 ] }
							},
							"children": [
								{
									"name": "CrownHook2",
									"from": [ 0.02, 1.3, 0.01 ],
									"to": [ 0.82, 2.3, 0.81 ],
									"rotationOrigin": [ 0.0, 1.3, 0.0 ],
									"rotationZ": 10.0,
									"faces": {
										"north": { "texture": "#bell", "uv": [ 4.0, 3.5, 4.75, 4.5 ] },
										"east": { "texture": "#bell", "uv": [ 0.0, 10.5, 0.75, 11.5 ] },
										"south": { "texture": "#bell", "uv": [ 0.0, 4.0, 0.75, 5.0 ] },
										"west": { "texture": "#bell", "uv": [ 7.5, 3.0, 8.25, 4.0 ] },
										"up": { "texture": "#bell", "uv": [ 5.0, 12.0, 5.75, 12.75 ] },
										"down": { "texture": "#bell", "uv": [ 5.5, 13.5, 6.25, 14.25 ] }
									},
									"children": [
										{
											"name": "CrownHook3",
											"from": [ 0.0, 1.0, 0.0 ],
											"to": [ 1.8, 1.8, 0.8 ],
											"rotationOrigin": [ 0.0, 1.0, -0.01 ],
											"faces": {
												"north": { "texture": "#bell", "uv": [ 10.0, 4.5, 11.75, 5.25 ] },
												"east": { "texture": "#bell", "uv": [ 6.5, 1.5, 7.25, 2.25 ] },
												"south": { "texture": "#bell", "uv": [ 6.5, 12.0, 8.25, 12.75 ] },
												"west": { "texture": "#bell", "uv": [ 5.5, 6.0, 6.25, 6.75 ] },
												"up": { "texture": "#bell", "uv": [ 13.0, 11.5, 14.75, 12.25 ] },
												"down": { "texture": "#bell", "uv": [ 10.0, 9.0, 11.75, 9.75 ] }
											}
										}
									]
								}
							]
						},
						{
							"name": "CrownHook4",
							"from": [ -1.4, -2.6, 0.0 ],
							"to": [ -0.6, -1.1, 0.8 ],
							"rotationOrigin": [ 0.4, 0.9, 0.4 ],
							"rotationY": 90.0,
							"faces": {
								"north": { "texture": "#bell", "uv": [ 3.5, 7.5, 4.25, 9.0 ] },
								"east": { "texture": "#bell", "uv": [ 12.0, 5.0, 12.75, 6.5 ] },
								"south": { "texture": "#bell", "uv": [ 1.0, 2.0, 1.75, 3.5 ] },
								"west": { "texture": "#bell", "uv": [ 2.0, 13.0, 2.75, 14.5 ] },
								"up": { "texture": "#bell", "uv": [ 13.5, 2.0, 14.25, 2.75 ] },
								"down": { "texture": "#bell", "uv": [ 1.5, 4.0, 2.25, 4.75 ] }
							},
							"children": [
								{
									"name": "CrownHook5",
									"from": [ 0.02, 1.3, 0.01 ],
									"to": [ 0.82, 2.3, 0.81 ],
									"rotationOrigin": [ 0.0, 1.3, 0.0 ],
									"rotationZ": 10.0,
									"faces": {
										"north": { "texture": "#bell", "uv": [ 10.5, 8.5, 11.25, 9.5 ] },
										"east": { "texture": "#bell", "uv": [ 14.0, 1.0, 14.75, 2.0 ] },
										"south": { "texture": "#bell", "uv": [ 10.5, 0.0, 11.25, 1.0 ] },
										"west": { "texture": "#bell", "uv": [ 0.5, 5.0, 1.25, 6.0 ] },
										"up": { "texture": "#bell", "uv": [ 5.5, 14.5, 6.25, 15.25 ] },
										"down": { "texture": "#bell", "uv": [ 14.5, 13.0, 15.25, 13.75 ] }
									},
									"children": [
										{
											"name": "CrownHook6",
											"from": [ 0.0, 1.0, 0.0 ],
											"to": [ 1.8, 1.8, 0.8 ],
											"rotationOrigin": [ 0.0, 1.0, -0.01 ],
											"faces": {
												"north": { "texture": "#bell", "uv": [ 1.5, 1.5, 3.25, 2.25 ] },
												"east": { "texture": "#bell", "uv": [ 14.0, 3.0, 14.75, 3.75 ] },
												"south": { "texture": "#bell", "uv": [ 7.0, 2.5, 8.75, 3.25 ] },
												"west": { "texture": "#bell", "uv": [ 12.5, 8.0, 13.25, 8.75 ] },
												"up": { "texture": "#bell", "uv": [ 1.5, 12.5, 3.25, 13.25 ] },
												"down": { "texture": "#bell", "uv": [ 14.0, 8.5, 15.75, 9.25 ] }
											}
										}
									]
								}
							]
						},
						{
							"name": "CrownHook7",
							"from": [ -1.4, -2.6, 0.0 ],
							"to": [ -0.6, -1.1, 0.8 ],
							"rotationOrigin": [ 0.4, 0.9, 0.4 ],
							"rotationY": 180.0,
							"faces": {
								"north": { "texture": "#bell", "uv": [ 12.0, 6.0, 12.75, 7.5 ] },
								"east": { "texture": "#bell", "uv": [ 0.5, 4.5, 1.25, 6.0 ] },
								"south": { "texture": "#bell", "uv": [ 3.0, 9.5, 3.75, 11.0 ] },
								"west": { "texture": "#bell", "uv": [ 5.5, 5.0, 6.25, 6.5 ] },
								"up": { "texture": "#bell", "uv": [ 4.5, 4.0, 5.25, 4.75 ] },
								"down": { "texture": "#bell", "uv": [ 13.0, 12.0, 13.75, 12.75 ] }
							},
							"children": [
								{
									"name": "CrownHook8",
									"from": [ 0.02, 1.3, 0.01 ],
									"to": [ 0.82, 2.3, 0.81 ],
									"rotationOrigin": [ 0.0, 1.3, 0.0 ],
									"rotationZ": 10.0,
									"faces": {
										"north": { "texture": "#bell", "uv": [ 13.0, 7.0, 13.75, 8.0 ] },
										"east": { "texture": "#bell", "uv": [ 0.5, 8.0, 1.25, 9.0 ] },
										"south": { "texture": "#bell", "uv": [ 5.0, 6.0, 5.75, 7.0 ] },
										"west": { "texture": "#bell", "uv": [ 8.0, 12.5, 8.75, 13.5 ] },
										"up": { "texture": "#bell", "uv": [ 11.0, 12.0, 11.75, 12.75 ] },
										"down": { "texture": "#bell", "uv": [ 2.0, 14.0, 2.75, 14.75 ] }
									},
									"children": [
										{
											"name": "CrownHook9",
											"from": [ 0.0, 1.0, 0.0 ],
											"to": [ 1.8, 1.8, 0.8 ],
											"rotationOrigin": [ 0.0, 1.0, -0.01 ],
											"faces": {
												"north": { "texture": "#bell", "uv": [ 6.5, 9.0, 8.25, 9.75 ] },
												"east": { "texture": "#bell", "uv": [ 7.0, 11.0, 7.75, 11.75 ] },
												"south": { "texture": "#bell", "uv": [ 5.0, 11.5, 6.75, 12.25 ] },
												"west": { "texture": "#bell", "uv": [ 12.0, 0.5, 12.75, 1.25 ] },
												"up": { "texture": "#bell", "uv": [ 1.5, 12.0, 3.25, 12.75 ] },
												"down": { "texture": "#bell", "uv": [ 10.0, 7.0, 11.75, 7.75 ] }
											}
										}
									]
								}
							]
						},
						{
							"name": "CrownHook10",
							"from": [ -1.4, -2.6, 0.0 ],
							"to": [ -0.6, -1.1, 0.8 ],
							"rotationOrigin": [ 0.4, 0.9, 0.4 ],
							"rotationY": -90.0,
							"faces": {
								"north": { "texture": "#bell", "uv": [ 11.0, 2.0, 11.75, 3.5 ] },
								"east": { "texture": "#bell", "uv": [ 4.0, 13.0, 4.75, 14.5 ] },
								"south": { "texture": "#bell", "uv": [ 11.0, 10.5, 11.75, 12.0 ] },
								"west": { "texture": "#bell", "uv": [ 5.5, 2.0, 6.25, 3.5 ] },
								"up": { "texture": "#bell", "uv": [ 0.0, 14.0, 0.75, 14.75 ] },
								"down": { "texture": "#bell", "uv": [ 4.0, 4.0, 4.75, 4.75 ] }
							},
							"children": [
								{
									"name": "CrownHook11",
									"from": [ 0.02, 1.3, 0.01 ],
									"to": [ 0.82, 2.3, 0.81 ],
									"rotationOrigin": [ 0.0, 1.3, 0.0 ],
									"rotationZ": 10.0,
									"faces": {
										"north": { "texture": "#bell", "uv": [ 5.0, 14.5, 5.75, 15.5 ] },
										"east": { "texture": "#bell", "uv": [ 5.0, 11.5, 5.75, 12.5 ] },
										"south": { "texture": "#bell", "uv": [ 4.5, 0.5, 5.25, 1.5 ] },
										"west": { "texture": "#bell", "uv": [ 0.0, 8.5, 0.75, 9.5 ] },
										"up": { "texture": "#bell", "uv": [ 5.5, 1.5, 6.25, 2.25 ] },
										"down": { "texture": "#bell", "uv": [ 7.5, 14.5, 8.25, 15.25 ] }
									},
									"children": [
										{
											"name": "CrownHook12",
											"from": [ 0.0, 1.0, 0.0 ],
											"to": [ 1.8, 1.8, 0.8 ],
											"rotationOrigin": [ 0.0, 1.0, -0.01 ],
											"faces": {
												"north": { "texture": "#bell", "uv": [ 14.0, 11.5, 15.75, 12.25 ] },
												"east": { "texture": "#bell", "uv": [ 6.5, 14.0, 7.25, 14.75 ] },
												"south": { "texture": "#bell", "uv": [ 7.5, 10.0, 9.25, 10.75 ] },
												"west": { "texture": "#bell", "uv": [ 5.5, 11.0, 6.25, 11.75 ] },
												"up": { "texture": "#bell", "uv": [ 0.0, 12.5, 1.75, 13.25 ] },
												"down": { "texture": "#bell", "uv": [ 13.0, 8.5, 14.75, 9.25 ] }
											}
										}
									]
								}
							]
						}
					]
				},
				{
					"name": "MainAxle2",
					"from": [ 3.5, 3.0, 0.0 ],
					"to": [ 9.1, 6.0, 3.0 ],
					"rotationOrigin": [ 3.5, 3.0, 0.0 ],
					"faces": {
						"north": { "texture": "#wood", "uv": [ 4.0, 9.5, 9.5, 12.5 ] },
						"east": { "texture": "#wood2", "uv": [ 12.0, 8.0, 15.0, 11.0 ] },
						"south": { "texture": "#wood", "uv": [ 3.5, 10.5, 9.0, 13.5 ] },
						"west": { "texture": "#wood2", "uv": [ 0.5, 5.0, 3.5, 8.0 ] },
						"up": { "texture": "#wood", "uv": [ 3.5, 8.0, 9.0, 11.0 ] }
					}
				}
			]
		}
	]}