{
	"editor": {
		"collapsedPaths": "Root/BellQuarter1,Root/MainAxle/CrownCenter,Root/RimCenter/1Rim1/1Rim10/1Rim11/1Rim12/1Rim13/1Rim14,Root/BellQuarter3,Root/BellQuarter2,Root/stator,Root/RimCenter/CrownSocket/CrownH7A,Root/MainAxle,Root/RimCenter/CrownSocket/CrownL2A2,Root/RimCenter/CrownSocket/CrownL4A2,Root/BellQuarter3/CrownSocket3,Root/BellQuarter1/1Rim4A,Root/BellQuarter4,Root/RimCenter/1Rim3.0,Root/BellQuarter1/CrownSocket,Root/RimCenter/CrownSocket/10RimSAVE2,Root/BellQuarter1/1Rim3to4,Root/stator/rope,Root/RimCenter/1Rim1to2,Root/RimCenter/CrownSocket/CrownL8A,Root/BellQuarter1/CrownSocket/CrownH1A,Root/MainAxle/RotorRope1,Root/BellQuarter1/1Rim1B,Root/BellQuarter1/1Rim2,Root/RimCenter/1Rim2to3,Root/BellQuarter1/1Rim3,Root/RimCenter3,Root/RimCenter2,Root/stator/woodnailBig1,Root/RimCenter4,Root/RimCenter/1Rim1A/1Rim2/1Rim3,Root/RimCenter/CrownSocket/CrownH5A,Root/nails,Root/BellQuarter4/CrownSocket4,Root/RimCenter/1Rim2.0,Root/BellQuarter2/CrownSocket2,Root/CrownCenter,Root/BellQuarter1/1Rim1to2,Root/RimCenter/1Rim3to4,Root/RimCenter/CrownSocket/CrownH9A,Root/RimCenter/CrownSocket/10Rim4,Root/metalnails2,Root/RimCenter/1Rim1/1Rim18,Root/RimCenter/1Rim1A,Root/rotor/metal,Root/RimCenter/1Rim2/2Rim2/3Rim2/4Rim2/5Rim2/6Rim2/7Rim2,Root/1Rim1,Root/metalnails,Root/MainAxle/Roundarch",
		"allAngles": false,
		"entityTextureMode": false
	},
	"textureWidth": 16,
	"textureHeight": 16,
	"textureSizes": {
	},
	"textures": {
	},
	"elements": [
		{
			"name": "Empty",
			"from": [ 0.0, 0.0, 0.0 ],
			"to": [ 0.0, 0.0, 0.0 ],
			"faces": {
			},
			"attachmentpoints": [
				{
					"code": "BellAttachmentFrame",
					"posX": "8.0","posY": "3.0","posZ": "8.0",
					"rotationX": "0.0","rotationY": "0.0","rotationZ": "0.0"
				},
				{
					"code": "RotorAxis",
					"posX": "8.0","posY": "8.0","posZ": "8.0",
					"rotationX": "0.0","rotationY": "0.0","rotationZ": "0.0"
				}
			]
		},
		{
			"name": "Frame",
			"from": [ 8.0, 0.0, 8.0 ],
			"to": [ 8.0, 0.0, 8.0 ],
			"rotationOrigin": [ 8.0, 0.0, 8.0 ],
			"faces": {
			},
			"children": [
				{
					"name": "beam1S",
					"from": [ -6.0, 14.0, 6.0 ],
					"to": [ 6.0, 16.0, 8.0 ],
					"rotationOrigin": [ -6.0, 14.0, 6.0 ],
					"faces": {
						"north": { "texture": "#wood", "uv": [ 0.5, 10.5, 12.5, 12.5 ] },
						"south": { "texture": "#wood", "uv": [ 1.5, 4.0, 13.5, 6.0 ] },
						"up": { "texture": "#wood", "uv": [ 2.5, 0.5, 14.5, 2.5 ] },
						"down": { "texture": "#wood", "uv": [ 0.0, 7.5, 12.0, 9.5 ] }
					},
					"children": [
						{
							"name": "beam1.W",
							"from": [ -0.8, 0.0, 0.5 ],
							"to": [ 0.0, 2.0, 1.5 ],
							"rotationOrigin": [ -0.8, 0.0, 0.5 ],
							"faces": {
								"up": { "texture": "#wood", "uv": [ 12.0, 12.0, 12.5, 13.0 ] },
								"down": { "texture": "#wood", "uv": [ 4.0, 0.5, 4.5, 1.5 ], "windMode": [-1,-1,-1,-1] }
							}
						},
						{
							"name": "beam1.E",
							"from": [ 12.0, 0.0, 0.5 ],
							"to": [ 12.8, 2.0, 1.5 ],
							"rotationOrigin": [ 12.0, 0.0, 0.5 ],
							"faces": {
								"up": { "texture": "#wood", "uv": [ 10.0, 11.0, 10.5, 12.0 ] },
								"down": { "texture": "#wood", "uv": [ 8.0, 3.0, 8.5, 4.0 ] }
							}
						}
					]
				},
				{
					"name": "beam2N",
					"from": [ -6.0, 14.0, -8.0 ],
					"to": [ 6.0, 16.0, -6.0 ],
					"rotationOrigin": [ -6.0, 14.0, -8.0 ],
					"faces": {
						"north": { "texture": "#wood", "uv": [ 3.0, 5.5, 15.0, 7.5 ] },
						"south": { "texture": "#wood", "uv": [ 0.5, 7.0, 12.5, 9.0 ] },
						"up": { "texture": "#wood", "uv": [ 0.5, 3.0, 12.5, 5.0 ] },
						"down": { "texture": "#wood", "uv": [ 0.0, 5.0, 12.0, 7.0 ] }
					},
					"children": [
						{
							"name": "beam2.W",
							"from": [ -0.8, 0.0, 0.5 ],
							"to": [ 0.0, 2.0, 1.5 ],
							"rotationOrigin": [ -0.8, 0.0, 0.5 ],
							"faces": {
								"up": { "texture": "#wood", "uv": [ 9.0, 11.5, 9.5, 12.5 ] },
								"down": { "texture": "#wood", "uv": [ 4.5, 1.0, 5.0, 2.0 ] }
							}
						},
						{
							"name": "beam2.E",
							"from": [ 12.0, 0.0, 0.5 ],
							"to": [ 12.8, 2.0, 1.5 ],
							"rotationOrigin": [ 12.0, 0.0, 0.5 ],
							"faces": {
								"up": { "texture": "#wood", "uv": [ 10.5, 8.0, 11.0, 9.0 ] },
								"down": { "texture": "#wood", "uv": [ 1.0, 3.5, 1.5, 4.5 ] }
							}
						}
					]
				},
				{
					"name": "beam3",
					"from": [ -1.0, 14.5, -6.0 ],
					"to": [ 1.0, 15.5, 6.0 ],
					"rotationOrigin": [ -1.0, 14.5, -6.0 ],
					"faces": {
						"east": { "texture": "#wood", "uv": [ 1.0, 1.0, 13.0, 2.0 ] },
						"west": { "texture": "#wood", "uv": [ 2.0, 11.0, 14.0, 12.0 ] },
						"up": { "texture": "#wood", "uv": [ 3.0, 2.0, 15.0, 4.0 ], "rotation": 90 },
						"down": { "texture": "#wood", "uv": [ 3.0, 6.0, 15.0, 8.0 ], "rotation": 90 }
					}
				},
				{
					"name": "Frame1W",
					"from": [ -8.0, 13.99, -8.0 ],
					"to": [ -6.0, 15.99, 8.0 ],
					"rotationOrigin": [ -8.0, 14.0, -8.0 ],
					"faces": {
						"north": { "texture": "#wood2", "uv": [ 8.5, 6.5, 10.5, 8.5 ] },
						"east": { "texture": "#wood", "uv": [ 0.0, 10.0, 16.0, 12.0 ] },
						"south": { "texture": "#wood2", "uv": [ 2.5, 12.0, 4.5, 14.0 ] },
						"west": { "texture": "#wood", "uv": [ 0.0, 10.5, 16.0, 12.5 ] },
						"up": { "texture": "#wood2", "uv": [ 0.0, 5.0, 16.0, 7.0 ], "rotation": 90 },
						"down": { "texture": "#wood2", "uv": [ 0.0, 2.0, 16.0, 4.0 ], "rotation": 90 }
					}
				},
				{
					"name": "Frame1E",
					"from": [ 6.0, 13.99, -8.0 ],
					"to": [ 8.0, 15.99, 8.0 ],
					"rotationOrigin": [ 6.0, 14.0, -8.0 ],
					"faces": {
						"north": { "texture": "#wood2", "uv": [ 0.0, 0.0, 2.0, 2.0 ] },
						"east": { "texture": "#wood", "uv": [ 0.0, 6.0, 16.0, 8.0 ] },
						"south": { "texture": "#wood2", "uv": [ 8.5, 3.5, 10.5, 5.5 ] },
						"west": { "texture": "#wood", "uv": [ 0.0, 6.0, 16.0, 8.0 ] },
						"up": { "texture": "#wood2", "uv": [ 0.0, 4.5, 16.0, 6.5 ], "rotation": 90 },
						"down": { "texture": "#wood2", "uv": [ 0.0, 12.5, 16.0, 14.5 ], "rotation": 90 }
					}
				},
				{
					"name": "FrameDownW",
					"from": [ -8.0, 5.0, -5.0 ],
					"to": [ -6.3, 7.0, 5.0 ],
					"rotationOrigin": [ -8.0, 5.0, -5.0 ],
					"faces": {
						"north": { "texture": "#wood2", "uv": [ 10.0, 4.0, 11.5, 6.0 ] },
						"east": { "texture": "#wood", "uv": [ 5.0, 4.0, 15.0, 6.0 ] },
						"south": { "texture": "#wood2", "uv": [ 2.0, 7.0, 3.5, 9.0 ] },
						"west": { "texture": "#wood", "uv": [ 3.0, 8.5, 13.0, 10.5 ] },
						"up": { "texture": "#wood", "uv": [ 11.5, 0.5, 13.0, 10.5 ] },
						"down": { "texture": "#wood", "uv": [ 13.0, 1.0, 14.5, 11.0 ] }
					},
					"children": [
						{
							"name": "Frame1NW",
							"from": [ 0.01, 0.0, 0.0 ],
							"to": [ 1.51, 9.5, 2.0 ],
							"rotationOrigin": [ 0.0, 0.0, 0.0 ],
							"rotationX": -18.0,
							"faces": {
								"north": { "texture": "#wood", "uv": [ 1.5, 14.5, 11.0, 16.0 ], "rotation": 90, "windMode": [-1,-1,-1,-1] },
								"east": { "texture": "#wood", "uv": [ 0.5, 2.5, 10.0, 4.5 ], "rotation": 90, "windMode": [-1,-1,-1,-1] },
								"south": { "texture": "#wood", "uv": [ 0.5, 6.5, 10.0, 8.0 ], "rotation": 90, "windMode": [-1,-1,-1,-1] },
								"west": { "texture": "#wood", "uv": [ 1.5, 13.0, 11.0, 15.0 ], "rotation": 90, "windMode": [-1,-1,-1,-1] }
							}
						},
						{
							"name": "Frame1SW",
							"from": [ 0.01, 0.0, 8.0 ],
							"to": [ 1.51, 9.5, 10.0 ],
							"rotationOrigin": [ 0.0, 0.0, 10.0 ],
							"rotationX": 18.0,
							"faces": {
								"north": { "texture": "#wood", "uv": [ 1.5, 3.0, 11.0, 4.5 ], "rotation": 90, "windMode": [-1,-1,-1,-1] },
								"east": { "texture": "#wood", "uv": [ 6.0, 12.0, 15.5, 14.0 ], "rotation": 90, "windMode": [-1,-1,-1,-1] },
								"south": { "texture": "#wood", "uv": [ 5.0, 3.0, 14.5, 4.5 ], "rotation": 90, "windMode": [-1,-1,-1,-1] },
								"west": { "texture": "#wood", "uv": [ 1.0, 3.0, 10.5, 5.0 ], "rotation": 90, "windMode": [-1,-1,-1,-1] }
							}
						},
						{
							"name": "metalnails",
							"from": [ 8.2, 0.0, 5.0 ],
							"to": [ 8.2, 0.0, 5.0 ],
							"rotationOrigin": [ 8.2, 0.0, 5.0 ],
							"faces": {
							},
							"children": [
								{
									"name": "nail1",
									"from": [ -7.0, 0.7, 3.9 ],
									"to": [ -6.2, 1.1, 4.3 ],
									"rotationOrigin": [ -7.0, 0.9, 4.1 ],
									"rotationX": 10.0,
									"faces": {
										"north": { "texture": "#metal", "uv": [ 12.0, 13.0, 12.5, 13.5 ] },
										"east": { "texture": "#metal", "uv": [ 14.0, 12.0, 14.5, 12.5 ] },
										"south": { "texture": "#metal", "uv": [ 6.5, 0.0, 7.0, 0.5 ] },
										"up": { "texture": "#metal", "uv": [ 10.5, 12.5, 11.0, 13.0 ] },
										"down": { "texture": "#metal", "uv": [ 8.5, 7.0, 9.0, 7.5 ] }
									},
									"children": [
										{
											"name": "nailhead1",
											"from": [ 0.4, -0.1, -0.1 ],
											"to": [ 0.6, 0.5, 0.5 ],
											"rotationOrigin": [ 0.4, -0.1, -0.1 ],
											"faces": {
												"north": { "texture": "#metal", "uv": [ 2.5, 10.5, 3.0, 11.0 ] },
												"east": { "texture": "#metal", "uv": [ 0.0, 12.0, 0.5, 12.5 ] },
												"south": { "texture": "#metal", "uv": [ 3.0, 0.5, 3.5, 1.0 ] },
												"up": { "texture": "#metal", "uv": [ 7.0, 4.0, 7.5, 4.5 ] },
												"down": { "texture": "#metal", "uv": [ 5.0, 5.5, 5.5, 6.0 ] }
											}
										}
									]
								},
								{
									"name": "nail2",
									"from": [ -7.0, 0.7, -4.3 ],
									"to": [ -6.2, 1.1, -3.9 ],
									"rotationOrigin": [ -7.0, 0.9, -4.1 ],
									"rotationX": 30.0,
									"faces": {
										"north": { "texture": "#metal", "uv": [ 8.0, 14.0, 8.5, 14.5 ] },
										"east": { "texture": "#metal", "uv": [ 3.5, 8.5, 4.0, 9.0 ] },
										"south": { "texture": "#metal", "uv": [ 8.0, 0.5, 8.5, 1.0 ] },
										"up": { "texture": "#metal", "uv": [ 9.0, 14.5, 9.5, 15.0 ] },
										"down": { "texture": "#metal", "uv": [ 7.0, 11.5, 7.5, 12.0 ] }
									},
									"children": [
										{
											"name": "nailhead2",
											"from": [ 0.4, -0.1, -0.1 ],
											"to": [ 0.6, 0.5, 0.5 ],
											"rotationOrigin": [ 0.4, -0.1, -0.1 ],
											"faces": {
												"north": { "texture": "#metal", "uv": [ 11.0, 3.0, 11.5, 3.5 ] },
												"east": { "texture": "#metal", "uv": [ 2.0, 0.0, 2.5, 0.5 ] },
												"south": { "texture": "#metal", "uv": [ 8.0, 6.0, 8.5, 6.5 ] },
												"up": { "texture": "#metal", "uv": [ 14.5, 13.5, 15.0, 14.0 ] },
												"down": { "texture": "#metal", "uv": [ 1.0, 4.5, 1.5, 5.0 ] }
											}
										}
									]
								}
							]
						}
					]
				},
				{
					"name": "FrameDownE",
					"from": [ 6.3, 5.0, -5.0 ],
					"to": [ 8.0, 7.0, 5.0 ],
					"rotationOrigin": [ 6.3, 5.0, -5.0 ],
					"faces": {
						"north": { "texture": "#wood2", "uv": [ 12.0, 9.5, 13.5, 11.5 ] },
						"east": { "texture": "#wood", "uv": [ 5.0, 13.5, 15.0, 15.5 ] },
						"south": { "texture": "#wood2", "uv": [ 5.5, 5.0, 7.0, 7.0 ] },
						"west": { "texture": "#wood", "uv": [ 3.5, 11.5, 13.5, 13.5 ] },
						"up": { "texture": "#wood", "uv": [ 4.5, 5.0, 6.0, 15.0 ] },
						"down": { "texture": "#wood", "uv": [ 12.5, 1.0, 14.0, 11.0 ] }
					},
					"children": [
						{
							"name": "Frame1SE",
							"from": [ 0.19, 0.0, 8.0 ],
							"to": [ 1.69, 9.5, 10.0 ],
							"rotationOrigin": [ 0.2, 0.0, 10.0 ],
							"rotationX": 18.0,
							"faces": {
								"north": { "texture": "#wood", "uv": [ 1.0, 13.0, 10.5, 14.5 ], "rotation": 90 },
								"east": { "texture": "#wood", "uv": [ 0.0, 1.5, 9.5, 3.5 ], "rotation": 90 },
								"south": { "texture": "#wood", "uv": [ 0.0, 3.5, 9.5, 5.0 ], "rotation": 90 },
								"west": { "texture": "#wood", "uv": [ 6.0, 5.0, 15.5, 7.0 ], "rotation": 90 }
							}
						},
						{
							"name": "Frame1NE",
							"from": [ 0.19, 0.0, 0.0 ],
							"to": [ 1.69, 9.5, 2.0 ],
							"rotationOrigin": [ 0.2, 0.0, 0.0 ],
							"rotationX": -18.0,
							"faces": {
								"north": { "texture": "#wood", "uv": [ 0.5, 4.0, 10.0, 5.5 ], "rotation": 90 },
								"east": { "texture": "#wood", "uv": [ 3.5, 13.5, 13.0, 15.5 ], "rotation": 90 },
								"south": { "texture": "#wood", "uv": [ 5.5, 3.0, 15.0, 4.5 ], "rotation": 90 },
								"west": { "texture": "#wood", "uv": [ 1.0, 10.5, 10.5, 12.5 ], "rotation": 90 }
							}
						},
						{
							"name": "metalnails2",
							"from": [ -6.5, 0.0, 5.0 ],
							"to": [ -6.5, 0.0, 5.0 ],
							"rotationOrigin": [ -6.5, 0.0, 5.0 ],
							"rotationX": -180.0,
							"rotationZ": -180.0,
							"faces": {
							},
							"children": [
								{
									"name": "nail3",
									"from": [ -7.0, 0.7, 3.9 ],
									"to": [ -6.2, 1.1, 4.3 ],
									"rotationOrigin": [ -7.0, 0.9, 4.1 ],
									"rotationX": 20.0,
									"faces": {
										"north": { "texture": "#metal", "uv": [ 13.0, 12.5, 13.5, 13.0 ] },
										"east": { "texture": "#metal", "uv": [ 5.0, 14.5, 5.5, 15.0 ] },
										"south": { "texture": "#metal", "uv": [ 12.0, 6.5, 12.5, 7.0 ] },
										"up": { "texture": "#metal", "uv": [ 6.0, 10.5, 6.5, 11.0 ] },
										"down": { "texture": "#metal", "uv": [ 3.5, 7.5, 4.0, 8.0 ] }
									},
									"children": [
										{
											"name": "nailhead3",
											"from": [ 0.4, -0.1, -0.1 ],
											"to": [ 0.6, 0.5, 0.5 ],
											"rotationOrigin": [ 0.4, -0.1, -0.1 ],
											"faces": {
												"north": { "texture": "#metal", "uv": [ 5.5, 3.5, 6.0, 4.0 ] },
												"east": { "texture": "#metal", "uv": [ 13.0, 13.0, 13.5, 13.5 ] },
												"south": { "texture": "#metal", "uv": [ 9.5, 7.5, 10.0, 8.0 ] },
												"up": { "texture": "#metal", "uv": [ 13.5, 6.5, 14.0, 7.0 ] },
												"down": { "texture": "#metal", "uv": [ 5.0, 1.0, 5.5, 1.5 ] }
											}
										}
									]
								},
								{
									"name": "nail4",
									"from": [ -7.0, 0.7, -4.3 ],
									"to": [ -6.2, 1.1, -3.9 ],
									"rotationOrigin": [ -7.0, 0.9, -4.1 ],
									"rotationX": -9.0,
									"faces": {
										"north": { "texture": "#metal", "uv": [ 1.5, 4.0, 2.0, 4.5 ] },
										"east": { "texture": "#metal", "uv": [ 14.0, 12.0, 14.5, 12.5 ] },
										"south": { "texture": "#metal", "uv": [ 4.0, 4.5, 4.5, 5.0 ] },
										"up": { "texture": "#metal", "uv": [ 4.0, 14.5, 4.5, 15.0 ] },
										"down": { "texture": "#metal", "uv": [ 3.5, 8.5, 4.0, 9.0 ] }
									},
									"children": [
										{
											"name": "nailhead4",
											"from": [ 0.4, -0.1, -0.1 ],
											"to": [ 0.6, 0.5, 0.5 ],
											"rotationOrigin": [ 0.4, -0.1, -0.1 ],
											"faces": {
												"north": { "texture": "#metal", "uv": [ 6.0, 10.5, 6.5, 11.0 ] },
												"east": { "texture": "#metal", "uv": [ 8.0, 2.5, 8.5, 3.0 ] },
												"south": { "texture": "#metal", "uv": [ 14.0, 3.0, 14.5, 3.5 ] },
												"up": { "texture": "#metal", "uv": [ 3.5, 12.0, 4.0, 12.5 ] },
												"down": { "texture": "#metal", "uv": [ 11.0, 1.5, 11.5, 2.0 ] }
											}
										}
									]
								}
							]
						}
					]
				},
				{
					"name": "metalE",
					"from": [ 6.6, 7.0, -5.0 ],
					"to": [ 7.9, 8.0, 5.0 ],
					"rotationOrigin": [ 6.6, 7.0, -5.0 ],
					"faces": {
						"east": { "texture": "#metal", "uv": [ 4.5, 13.0, 14.5, 14.0 ] },
						"west": { "texture": "#metal", "uv": [ 4.0, 6.5, 14.0, 7.5 ] },
						"up": { "texture": "#metal", "uv": [ 3.0, 13.0, 13.0, 14.0 ], "rotation": 270 }
					}
				},
				{
					"name": "metalW",
					"from": [ -7.9, 7.0, -5.0 ],
					"to": [ -6.6, 8.0, 5.0 ],
					"rotationOrigin": [ -7.9, 7.0, -5.0 ],
					"faces": {
						"east": { "texture": "#metal", "uv": [ 5.5, 3.0, 15.5, 4.0 ] },
						"west": { "texture": "#metal", "uv": [ 3.5, 13.5, 13.5, 14.5 ], "windMode": [-1,-1,-1,-1] },
						"up": { "texture": "#metal", "uv": [ 3.5, 11.0, 13.5, 12.0 ], "rotation": 90, "windMode": [-1,-1,-1,-1] }
					}
				},
				{
					"name": "metalE2",
					"from": [ 6.6, 8.0, -1.0 ],
					"to": [ 7.9, 9.0, 1.0 ],
					"rotationOrigin": [ 6.6, 8.0, -1.0 ],
					"faces": {
						"north": { "texture": "#metal", "uv": [ 3.5, 7.5, 4.5, 8.5 ], "windMode": [-1,-1,-1,-1] },
						"east": { "texture": "#metal", "uv": [ 0.5, 9.5, 2.5, 10.5 ], "windMode": [-1,-1,-1,-1] },
						"south": { "texture": "#metal", "uv": [ 14.0, 1.0, 15.0, 2.0 ], "windMode": [-1,-1,-1,-1] },
						"west": { "texture": "#metal", "uv": [ 10.5, 0.5, 12.5, 1.5 ], "snapUv": false, "windMode": [-1,-1,-1,-1] },
						"up": { "texture": "#metal", "uv": [ 7.5, 11.0, 9.5, 12.0 ], "rotation": 270 }
					}
				},
				{
					"name": "metalE3",
					"from": [ -7.9, 8.0, -1.0 ],
					"to": [ -6.6, 9.0, 1.0 ],
					"rotationOrigin": [ -7.9, 8.0, -1.0 ],
					"faces": {
						"north": { "texture": "#metal", "uv": [ 9.0, 0.5, 10.0, 1.5 ] },
						"east": { "texture": "#metal", "uv": [ 0.0, 5.5, 2.0, 6.5 ] },
						"south": { "texture": "#metal", "uv": [ 2.0, 6.5, 3.0, 7.5 ] },
						"west": { "texture": "#metal", "uv": [ 2.0, 9.0, 4.0, 10.0 ] },
						"up": { "texture": "#metal", "uv": [ 0.0, 1.5, 2.0, 2.5 ], "rotation": 270 }
					}
				}
			]
		}
	]}