{
  "code": "machinechassis",
  "class": "ItemMachineChassis",
  "enabled": true,

  "variantgroups": [
    {
      "code": "type",
      "states": [ "basic" ]
    }
  ],

  "behaviors": [
    {
      "name": "GroundStorable",
      "properties": {
        "layout": "SingleCenter"
      }
    }
  ],


  "maxstacksize": 1,

  "shapeByType": {
    "*": { "base": "items/shapeframeitem" }
  },
  "texturesByType": {
    "*-flying": {
      "default": { "base": "default" },
      "frame": { "base": "entities/machines/frame" },
      "cloth": { "base": "entities/machines/color-purple" }
    },
    "*-ground": {
      "default": { "base": "default" },
      "frame": { "base": "entities/machines/frame" },
      "cloth": { "base": "entities/machines/color-green" }
    },
    "*-sea": {
      "default": { "base": "default" },
      "frame": { "base": "entities/machines/frame" },
      "cloth": { "base": "entities/machines/color-cyan" }
    },
    "*-hauler": {
      "default": { "base": "default" },
      "frame": { "base": "entities/machines/frame" },
      "cloth": { "base": "entities/machines/color-yellow" }
    },
    "*": {
      "default": { "base": "default" },
      "frame": { "base": "entities/machines/frame" },
      "cloth": { "base": "color-greylight" }
    }
  },

  "creativeinventory": {
    "general": [ "*" ],
    "items": [ "*" ],
    "viescraftmachines": [ "*" ]
  },

  "materialDensity": 1200,

  "attributesByType": {
    "*": {
      "handbook": {
        "groupBy": [ "machineframe-*" ]
      },
      "displaycaseable": true,
      "shelvable": true,
      "onDisplayTransform": {
        "translation": {
          "x": 0,
          "y": -0.2,
          "z": 0
        },
        "scale": 0.6
      },
      "groundStorageTransform": {
        "rotation": {
          "x": 0,
          "y": 0,
          "z": 0
        },
        "translation": {
          "x": 0,
          "y": -0.125,
          "z": 0
        },
        "scale": 0.75
      }
    }
  },

  "guiTransform": {
    "translation": {
      "x": 2,
      "y": -2,
      "z": 0
    },
    "rotation": {
      "x": -25,
      "y": -135,
      "z": 180
    },
    "origin": {
      "x": 0.4,
      "y": 0.7,
      "z": 0.42
    }
  },
  "fpHandTransform": {
    "translation": {
      "x": 0,
      "y": -0.25,
      "z": 0
    },
    "rotation": {
      "x": -18,
      "y": -79,
      "z": -15
    },
    "origin": {
      "x": 0.8,
      "y": 0.5,
      "z": 0.5
    },
    "scale": 1.46
  },
  "groundTransform": {
    "translation": {
      "x": 0,
      "y": 0,
      "z": 0
    },
    "rotation": {
      "x": 180,
      "y": 33,
      "z": -180
    },
    "origin": {
      "x": 0.5,
      "y": 0,
      "z": 0.5
    },
    "scale": 3
  },
  "tpHandTransform": {
    "translation": {
      "x": 1.2,
      "y": 0.75,
      "z": -0.6
    },
    "rotation": {
      "x": 99,
      "y": 168,
      "z": 73
    },
    "origin": {
      "x": -0.5,
      "y": 0,
      "z": 0
    },
    "scale": 0.5
  }
}