{
    "code": "bitumen",
    "maxstacksize": 64,
    "attributes": {
        "groundStorageTransform": {
            "translation": {
                "x": 0.09,
                "y": -0.02,
                "z": 0
            },
            "rotation": {
                "x": 7,
                "y": 0,
                "z": -25
            }
        }
    },
    "behaviors": [
        {
            "name": "GroundStorable",
            "properties": {
                "layout": "Quadrants",
                "collisionBox": {
                    "x1": 0,
                    "y1": 0,
                    "z1": 0,
                    "x2": 1,
                    "y2": 0.0625,
                    "z2": 1
                }
            }
        }
    ],
    "combustibleProps": {
        "burnTemperature": 300,
        "burnDuration": 120
    },
    "storageFlags": 5,
    "shape": {
        "base": "game:item/ore/ungraded/bituminouscoal"
    },
    "creativeinventory": {
        "general": [
            "*"
        ],
        "items": [
            "*"
        ],
        "vinteng": [
            "*"
        ]
    },
    "fpHandTransform": {
        "translation": {
            "x": 0,
            "y": 0,
            "z": 0
        },
        "rotation": {
            "x": 1,
            "y": 90,
            "z": 0
        },
        "scale": 1.67
    },
    "guiTransform": {
        "translation": {
            "x": 3,
            "y": 2,
            "z": 0
        },
        "rotation": {
            "x": 150,
            "y": -38,
            "z": 0
        },
        "origin": {
            "x": 0.5,
            "y": 0.1,
            "z": 0.5
        },
        "scale": 3.8
    },
    "tpHandTransform": {
        "translation": {
            "x": -0.93,
            "y": -0.19,
            "z": -0.77
        },
        "rotation": {
            "x": -48,
            "y": -180,
            "z": 23
        },
        "origin": {
            "x": 0.5,
            "y": 0.12,
            "z": 0.5
        },
        "scale": 0.6
    },
    "groundTransform": {
        "translation": {
            "x": 0,
            "y": 0,
            "z": 0
        },
        "rotation": {
            "x": 0,
            "y": 0,
            "z": 0
        },
        "origin": {
            "x": 0.5,
            "y": 0,
            "z": 0.5
        },
        "scale": 4.5
    }
}