{
	"code": "machineplate",
	"creativeinventory": {
		"vinteng": [ "*" ]
	},
	"drawtype": "json",
	"shape": { "base": "item/parts/machineplate" },
	"maxstacksize": 16,

	"variantgroups": [
		{
			"code": "material",
			"states": [ "tinbronze", "iron", "steel", "temporalsteel" ]
		}
	],
	"attributes": {
		"handbook": { "groupBy": ["machineplate-*"]},
    "groundStorageTransform": {
      "origin": {
        "x": 0.5,
        "y": 0,
        "z": 0.5
      },
      "scale": 0.9
    }
  },
  "behaviors": [
    {
      "name": "GroundStorable",
      "properties": {
        "layout": "Quadrants",
        "collisionBox": {
          "x1": 0,
          "y1": 0,
          "z1": 0,
          "x2": 1,
          "y2": 0.0625,
          "z2": 1
        }
      }
    }
  ],
	"texturesByType": {
		"*-temporalsteel": { "metal": { "base": "vinteng:block/{material}" } },
		"*": { "metal": { "base": "game:block/metal/ingot/{material}" } }
	},
	"guiTransform": {
		"translation": {
			"x": 0,
			"y": 0,
			"z": 0
		},
		"rotation": {
			"x": 9,
			"y": 137,
			"z": -53
		},
		"origin": {
			"x": 0.485,
			"y": 0,
			"z": 0.45
		},
		"scale": 2.5
	},
	"fpHandTransform": {
		"translation": {
			"x": -0.1,
			"y": 0.2,
			"z": 0
		},
		"rotation": {
			"x": 90,
			"y": 99,
			"z": -42
		},
		"origin": {
			"x": 0.5,
			"y": 0,
			"z": 0.5
		},
		"scale": 2.15
	},
	"groundTransform": {
		"translation": {
			"x": 0,
			"y": 0,
			"z": 0
		},
		"rotation": {
			"x": 0,
			"y": 0,
			"z": 0
		},
		"origin": {
			"x": 0.5,
			"y": 0,
			"z": 0.5
		},
		"scale": 4.31
	},
	"tpHandTransform": {
		"translation": {
			"x": -0.78,
			"y": -0.09,
			"z": -0.67
		},
		"rotation": {
			"x": 9,
			"y": -1,
			"z": -16
		},
		"origin": {
			"x": 0.5,
			"y": 0,
			"z": 0.5
		},
		"scale": 0.76
	}

}