{
	"code": "metalrod",
	"creativeinventory": {
		"vinteng": [ "*" ]
	},
	"drawtype": "json",
	"shape": { "base": "vinteng:item/parts/rod" },
	"maxstacksize": 64,
	"storageFlags": 5,
	"variantgroups": [
		{
			"code": "metal",
			"states": [ "copper", "brass", "tinbronze", "iron", "steel" ]
		}
	],
	"attributes": {
    "groundStorageTransform": {
			"translation": {
				"x": 0.01,
				"y": 0,
				"z": -0.01
			},
			"rotation": {
				"x": 0,
				"y": 45,
				"z": 0
			}
    }
  },
  "combustiblePropsByType": {
	"metalrod-copper": {
		"meltingPoint": 1084,
		"meltingDuration": 30,
		"smeltedRatio": 4,
		"smeltedStack": { "type": "item", "code": "game:ingot-copper" }
	},
	"metalrod-brass": {
		"meltingPoint": 920,
		"meltingDuration": 30,
		"smeltedRatio": 4,
		"smeltedStack": { "type": "item", "code": "game:ingot-brass" }
	},
	"metalrod-tinbronze": {
		"meltingPoint": 950,
		"meltingDuration": 30,
		"smeltedRatio": 4,
		"smeltedStack": { "type": "item", "code": "game:ingot-tinbronze" }
	},
	"metalrod-iron": {
		"meltingPoint": 1538,
		"meltingDuration": 30,
		"smeltedRatio": 4,
		"smeltedStack": { "type": "item", "code": "game:ingot-iron" }
	},
	"metalrod-steel": {
		"meltingPoint": 1502,
		"meltingDuration": 30,
		"smeltedRatio": 4,
		"smeltedStack": { "type": "item", "code": "game:ingot-steel" }
	}
  },
  "behaviors": [
    {
      "name": "GroundStorable",
      "properties": {
        "layout": "Quadrants",
        "collisionBox": {
          "x1": 0,
          "y1": 0,
          "z1": 0,
          "x2": 1,
          "y2": 0.0625,
          "z2": 1
        }
      }
    }
  ],
	"textures": {
		"metal": { "base": "game:block/metal/ingot/{metal}" }
	},
	"guiTransform": {
		"translation": {
			"x": 0,
			"y": 0,
			"z": 0
		},
		"rotation": {
			"x": 9,
			"y": 137,
			"z": -53
		},
		"origin": {
			"x": 0.43,
			"y": 0,
			"z": 0.44
		},
		"scale": 2.74
	},
	"fpHandTransform": {
		"translation": {
			"x": -0.1,
			"y": 0.2,
			"z": 0
		},
		"rotation": {
			"x": 90,
			"y": 99,
			"z": -42
		},
		"origin": {
			"x": 0.5,
			"y": 0,
			"z": 0.5
		},
		"scale": 2.15
	},
	"groundTransform": {
		"translation": {
			"x": 0,
			"y": 0,
			"z": 0
		},
		"rotation": {
			"x": 0,
			"y": 0,
			"z": 0
		},
		"origin": {
			"x": 0.5,
			"y": 0,
			"z": 0.5
		},
		"scale": 4.31
	},
	"tpHandTransform": {
		"translation": {
			"x": -0.78,
			"y": -0.09,
			"z": -0.67
		},
		"rotation": {
			"x": 9,
			"y": -1,
			"z": -16
		},
		"origin": {
			"x": 0.5,
			"y": 0,
			"z": 0.5
		},
		"scale": 0.76
	}

}