{
	"code": "rotor",
	"creativeinventory": {
		"items": [ "*" ],
		"vinteng": ["*"]
	},
	"variantgroups": [
		{
			"code": "level",
			"states": [ "mv" ]
		}
	],
	"attributes": {
		"groundStorageTransform": {
			"translation": {
				"x": -0.02,
				"y": -0.1,
				"z": -0.01
			},
			"rotation": {
				"x": 15,
				"y": 45,
				"z": -13
			},
			"origin": {
				"x": 0.5,
				"y": 0,
				"z": 0.5
			},
			"scale": 0.75
		}
	},
		"behaviors": [
		{
			"name": "GroundStorable",
			"properties": {
				"layout": "Quadrants",
				"collisionBox": {
					"x1": 0,
					"y1": 0,
					"z1": 0,
					"x2": 1,
					"y2": 0.219,
					"z2": 1
				}
			}
		}
	],
	"drawtype": "json",
	"shape": { "base": "item/parts/rotor" },
	"maxstacksize": 16,
	"guiTransform": {
		"translation": {
			"x": 0,
			"y": 0,
			"z": 0
		},
		"rotation": {
			"x": -26,
			"y": -66,
			"z": -16
		},
		"origin": {
			"x": 0.5,
			"y": 0.5,
			"z": 0.51
		},
		"scale": 1.51
	},
	"fpHandTransform": {
		"translation": {
			"x": -0.1,
			"y": 0.2,
			"z": 0
		},
		"rotation": {
			"x": 8,
			"y": 1,
			"z": -42
		},
		"origin": {
			"x": 0.5,
			"y": 0,
			"z": 0.5
		},
		"scale": 1.27
	},
	"groundTransform": {
		"translation": {
			"x": 0,
			"y": 0,
			"z": 0
		},
		"rotation": {
			"x": 11,
			"y": 0,
			"z": 0
		},
		"origin": {
			"x": 0.5,
			"y": 0.3,
			"z": 0.5
		},
		"scale": 1.85
	},
	"tpHandTransform": {
		"translation": {
			"x": -2.1,
			"y": -0.5,
			"z": -1.5
		},
		"rotation": {
			"x": -2,
			"y": -86,
			"z": -8
		},
		"origin": {
			"x": 0.5,
			"y": 0,
			"z": 0.5
		},
		"scale": 0.31
	}

}