{
	"code": "plank",
	"class": "ItemPlank",
	"behaviors": [{
		"name": "GroundStorable",
		"properties": {
			"layout": "Stacking",
			"placeRemoveSound": "game:sounds/block/planks",
			"stackingModel": "game:block/wood/plankpile",
			"stackingTextures": {
				"wood": "vinteng:block/wood/planks/{wood}1"
			},
			"modelItemsToStackSizeRatio": 1,
			"upSolid": true,
			"stackingCapacity": 48,
			"collisionBox": { "x1": 0, "y1": 0, "z1": 0, "x2": 1, "y2": 0.0625, "z2": 1 },
			"cbScaleYByLayer": 0.33333333333333333333333333333333,
			"transferQuantity": 1,
			"bulkTransferQuantity": 4,
			"burnHoursPerItem": 0.166666667
		}
	}],
	"variantgroups": [
		{ "code": "wood", "states": ["treated"] }
	],
	"maxstacksize": 64,
	"shape": { "base": "game:item/plank" },
	"textures": {
		"wood": { "baseByType": {
				"*-treated": "vinteng:block/wood/planks/{wood}1"
			}
		}
	},
	"creativeinventory": { "general": ["*"], "items": ["*"] },
	"attributes": {
		"handbook": {
			"groupBy": ["plank-*"]
		}
	},
	"combustibleProps": {
		"burnTemperature": 700,
		"burnDuration": 6
	},
	"materialDensity": 700,
	"guiTransform": {
		"translation": { "x": 0, "y": 2, "z": 0 },
		"rotation": { "x": -55, "y": 94, "z": 27 },
		"origin": { "x": 0.5, "y": 0, "z": 0.45 },
		"scale": 1.86
	},
	"fpHandTransform": {
		"translation": { "x": 0, "y": 0, "z": 0 },
		"rotation": { "x": 3, "y": -33, "z": -25 },
		"origin": { "x": 0.5, "y": 0.1, "z": 0.5 },
		"scale": 1.98
	},
	"groundTransform": {
		"translation": { "x": 0, "y": 0, "z": 0 },
		"rotation": { "x": 0, "y": 0, "z": 0 },
		"origin": { "x": 0.5, "y": 0, "z": 0.5 },
		"scale": 3.25
	},
	"tpHandTransform": {
		"translation": { "x": -0.6, "y": -0.06, "z": -0.44 },
		"rotation": { "x": 109, "y": 51, "z": 1 },
		"origin": { "x": 0.5, "y": 0.1, "z": 0.5 },
		"scale": 0.86
	}
}
