{
		name: "Birchbark Canoe",
		ingredientPattern: "LGL,BAB,_R_",
		ingredients: {
			"L": { type: "block", code: "game:log-placed-*-ud", name: "wood", quantity: 3 },
			"B": { type: "block", code: "game:log-placed-birch-ud", quantity: 5 },
			"G": { type: "block", code: "game:woodbucket" },
			"A": { type: "item", code: "game:axe-*", isTool: true, toolDurabilityCost: 10  },
			"R": { type: "item", code: "game:rope", quantity: 4}
			
		},
		width: 3,
		height: 3,
		attributes: {
			liquidContainerProps: {
				requiresContent: { type: "item", code: "game:glueportion-pitch-hot" },
				requiresLitres: 4
			}
		},
		output: { type: "item", code: "canoemod:canoe-barkcanoe-{wood}"  }
	}