<?xml version="1.0"?>
<doc>
    <assembly>
        <name>Rubberbandaid</name>
    </assembly>
    <members>
        <member name="P:Rubberbandaid.MainConfig.markdirtythreshold">
            <summary>The threshold value used by the Harmony patch. Higher numbers can adversely affect performance start at 10
            and keep increasing until rubber banding stops. Try to have set to lowest possible number (vanilla default is 10)
            to where you no longer experience rubber banding.</summary>
        </member>
        <member name="P:Rubberbandaid.ModConfig.Main">
            <summary>
            The configuration for thirst mechanics
            </summary>
        </member>
    </members>
</doc>
