[
  {
    "dependsOn": [
      {
        "modid": "jaunt"
      }
    ],
    "op": "addmerge",
    "path": "/attributes/disallowedBindings/-",
    "value": "caravancart",
    "file": "jaunt:itemtypes/instrument.json",
    "side": "Server"
  },
    {
    "dependsOn": [
      {
        "modid": "jaunt"
      }
    ],
    "op": "addmerge",
    "path": "/attributes/disallowedBindings/-",
    "value":  "marketstall",
    "file": "jaunt:itemtypes/instrument.json",
    "side": "Server"
  },
    {
    "dependsOn": [
      {
        "modid": "jaunt"
      }
    ],
    "op": "replace",
    "path": "/enabled",
    "value":  "true",
    "file": "itemtypes/cartflute.json",
    "side": "Server"
  },
    {
    "dependsOn": [
      {
        "modid": "jaunt"
      }
    ],
    "op": "replace",
    "path": "/0/enabled",
    "value":  "true",
    "file": "recipes/grid/cartflute.json",
    "side": "Server"
  },
    {
    "dependsOn": [
      {
        "modid": "jaunt"
      }
    ],
    "op": "replace",
    "path": "/1/enabled",
    "value":  "true",
    "file": "recipes/grid/cartflute.json",
    "side": "Server"
  },
    {
    "dependsOn": [
      {
        "modid": "jaunt"
      }
    ],
    "op": "replace",
    "path": "/2/enabled",
    "value":  "true",
    "file": "recipes/grid/cartflute.json",
    "side": "Server"
  },
    {
    "dependsOn": [
      {
        "modid": "jaunt"
      }
    ],
    "op": "replace",
    "path": "/3/enabled",
    "value":  "true",
    "file": "recipes/grid/cartflute.json",
    "side": "Server"
  }
]
