[
  {
    "enabled": false,
    "op": "addmerge",
    "path": "/attributes/attachableToEntity",
    "value": {
      "categoryCode": "crock", 
      "texturePrefixCode": "crock-{color}"
    },
    "file": "game:blocktypes/clay/fired/crock.json",
    "side": "Server"
  },
  {
    "enabled": true,
    "op": "addmerge",
    "path": "/attributes/attachableToEntity/attachedShapeBySlotCode/Smallitem*",
    "value": { "base": "cartwrightscaravan:item/vanilla/crock" },
    "file": "game:blocktypes/clay/fired/crock.json",
    "side": "Server"
  },
  {
    "enabled": true,
    "op": "addmerge",
    "path": "/attributes/attachableToEntity/attachedShapeBySlotCode/Lightl*",
    "value": { "base": "cartwrightscaravan:item/vanilla/crockl-stall" },
    "file": "game:blocktypes/clay/fired/crock.json",
    "side": "Server"
  },
  {
    "enabled": true,
    "op": "addmerge",
    "path": "/attributes/attachableToEntity/attachedShapeBySlotCode/Lightr*",
    "value": { "base": "cartwrightscaravan:item/vanilla/crockr-stall" },
    "file": "game:blocktypes/clay/fired/crock.json",
    "side": "Server"
  },
  {
    "enabled": true,
    "op": "addmerge",
    "path": "/attributes/attachableToEntity/attachedShapeBySlotCode/Lightb*",
    "value": { "base": "cartwrightscaravan:item/vanilla/crockb-stall" },
    "file": "game:blocktypes/clay/fired/crock.json",
    "side": "Server"
  }
]
