[
  {
    "enabled": true,
    "dependsOn": [
      {
        "modid": "cervinae",
        "invert": true
      },
            {
        "modid": "equus",
        "invert": true
      }
    ],
    "op": "remove",
    "path": "/attributesByType/bed-hay-*/attachableToEntity/attachedShape",
    "file": "game:blocktypes/wood/bed.json",
    "side": "Server"
  },
  {
    "op": "addmerge",
    "path": "/attributesByType/bed-hay-*/attachableToEntity/attachedShapeBySlotCode",
    "value": {
      "cart*": {
        "base": "cartwrightscaravan:item/vanilla/cartbedroll"
      },
      "*carriage*": {
        "base": "cartwrightscaravan:item/vanilla/cartbedroll"
      },
      "l*werback": {
        "base": "block/hay/strawbed-inventory"
      }
    },
    "file": "game:blocktypes/wood/bed.json",
    "side": "Server"
  }
]
