{
    "code": "animal-figurine-box",
    "class": "Item",
    "maxStackSize": 8,

    "variantgroups": [
        {
            "code": "model",
            "states": [
                "bear",
                "deer",
                "elk",
                "fox",
                "gazelle",
                "goat",
                "hare",
                "hen",
                "hyena",
                "moose",
                "muskox",
                "pig",
                "raccoon",
                "rooster",
                "sheep",
                "wolf"
            ]
        },

        {
            "code": "grade",
            "states": [
                "standard",
                "fine",
                "special"
            ]
        }

    ],

    "allowedVariants": [
        "animal-figurine-box-bear-standard",
        "animal-figurine-box-bear-fine",
        "animal-figurine-box-bear-special",
        "animal-figurine-box-deer-standard",
        "animal-figurine-box-deer-fine",
        "animal-figurine-box-elk-standard",
        "animal-figurine-box-elk-fine",
        "animal-figurine-box-elk-special",
        "animal-figurine-box-fox-standard",
        "animal-figurine-box-fox-fine",
        "animal-figurine-box-fox-special",
        "animal-figurine-box-gazelle-standard",
        "animal-figurine-box-gazelle-fine",
        "animal-figurine-box-goat-standard",
        "animal-figurine-box-goat-fine",
        "animal-figurine-box-hare-standard",
        "animal-figurine-box-hare-fine",
        "animal-figurine-box-hen-standard",
        "animal-figurine-box-hen-fine",
        "animal-figurine-box-hyena-standard",
        "animal-figurine-box-hyena-fine",
        "animal-figurine-box-moose-standard",
        "animal-figurine-box-moose-fine",
        "animal-figurine-box-muskox-standard",
        "animal-figurine-box-muskox-fine",
        "animal-figurine-box-pig-standard",
        "animal-figurine-box-pig-fine",
        "animal-figurine-box-raccoon-standard",
        "animal-figurine-box-raccoon-fine",
        "animal-figurine-box-raccoon-special",
        "animal-figurine-box-rooster-standard",
        "animal-figurine-box-rooster-fine",
        "animal-figurine-box-sheep-standard",
        "animal-figurine-box-sheep-fine",
        "animal-figurine-box-wolf-standard",
        "animal-figurine-box-wolf-fine",
        "animal-figurine-box-wolf-special"
    ],


    "shapeByType": {
        "animal-figurine-box-bear-standard": { "base": "figurines:item/figurine-box/figurine-box" },
        "animal-figurine-box-bear-fine": { "base": "figurines:item/figurine-box/figurine-box" },
        "animal-figurine-box-bear-special": { "base": "figurines:item/figurine-box/figurine-box-ruin" },
        "animal-figurine-box-deer-standard": { "base": "figurines:item/figurine-box/figurine-box" },
        "animal-figurine-box-deer-fine": { "base": "figurines:item/figurine-box/figurine-box" },
        "animal-figurine-box-elk-standard": { "base": "figurines:item/figurine-box/figurine-box" },
        "animal-figurine-box-elk-fine": { "base": "figurines:item/figurine-box/figurine-box" },
        "animal-figurine-box-elk-special": { "base": "figurines:item/figurine-box/figurine-box-ruin" },
        "animal-figurine-box-fox-standard": { "base": "figurines:item/figurine-box/figurine-box" },
        "animal-figurine-box-fox-fine": { "base": "figurines:item/figurine-box/figurine-box" },
        "animal-figurine-box-fox-special": { "base": "figurines:item/figurine-box/figurine-box-ruin" },
        "animal-figurine-box-gazelle-standard": { "base": "figurines:item/figurine-box/figurine-box" },
        "animal-figurine-box-gazelle-fine": { "base": "figurines:item/figurine-box/figurine-box" },
        "animal-figurine-box-goat-standard": { "base": "figurines:item/figurine-box/figurine-box" },
        "animal-figurine-box-goat-fine": { "base": "figurines:item/figurine-box/figurine-box" },
        "animal-figurine-box-hare-standard": { "base": "figurines:item/figurine-box/figurine-box" },
        "animal-figurine-box-hare-fine": { "base": "figurines:item/figurine-box/figurine-box" },
        "animal-figurine-box-hen-standard": { "base": "figurines:item/figurine-box/figurine-box" },
        "animal-figurine-box-hen-fine": { "base": "figurines:item/figurine-box/figurine-box" },
        "animal-figurine-box-hyena-standard": { "base": "figurines:item/figurine-box/figurine-box" },
        "animal-figurine-box-hyena-fine": { "base": "figurines:item/figurine-box/figurine-box" },
        "animal-figurine-box-moose-standard": { "base": "figurines:item/figurine-box/figurine-box" },
        "animal-figurine-box-moose-fine": { "base": "figurines:item/figurine-box/figurine-box" },
        "animal-figurine-box-muskox-standard": { "base": "figurines:item/figurine-box/figurine-box" },
        "animal-figurine-box-muskox-fine": { "base": "figurines:item/figurine-box/figurine-box" },
        "animal-figurine-box-pig-standard": { "base": "figurines:item/figurine-box/figurine-box" },
        "animal-figurine-box-pig-fine": { "base": "figurines:item/figurine-box/figurine-box" },
        "animal-figurine-box-raccoon-standard": { "base": "figurines:item/figurine-box/figurine-box" },
        "animal-figurine-box-raccoon-fine": { "base": "figurines:item/figurine-box/figurine-box" },
        "animal-figurine-box-raccoon-special": { "base": "figurines:item/figurine-box/figurine-box-ruin" },
        "animal-figurine-box-rooster-standard": { "base": "figurines:item/figurine-box/figurine-box" },
        "animal-figurine-box-rooster-fine": { "base": "figurines:item/figurine-box/figurine-box" },
        "animal-figurine-box-sheep-standard": { "base": "figurines:item/figurine-box/figurine-box" },
        "animal-figurine-box-sheep-fine": { "base": "figurines:item/figurine-box/figurine-box" },
        "animal-figurine-box-wolf-standard": { "base": "figurines:item/figurine-box/figurine-box" },
        "animal-figurine-box-wolf-fine": { "base": "figurines:item/figurine-box/figurine-box" },
        "animal-figurine-box-wolf-special": { "base": "figurines:item/figurine-box/figurine-box-ruin" }
    },

    "textures": {
        "wood": { "base": "figurines:item/wood/wood" },
        "charred": { "base": "figurines:item/wood/charred" },
        "grade": { "base": "figurines:item/label/animal/{grade}" }
    },

    "creativeinventoryByType": {
        "*": {
            "general": [ "*" ],
            "figurines": [ "*" ]
        }
    },
    "durability": 1,
    "heldTpIdleAnimation": "holdbothhandslarge",
    "heldRightReadyAnimation": "heldblockready",
    "heldTpUseAnimation": "twohandplaceblock",

    "guiTransformByType": {
        "*": {
            "translation": {
                "x": 0,
                "y": 8,
                "z": 0
            },
            "rotation": {
                "x": -18,
                "y": -52,
                "z": 180
            },
            "origin": {
                "x": 0.5,
                "y": 0.1,
                "z": 0.5
            },
            "scale": 2.4
        }
    },

    "tpHandTransformByType": {
        "*": {
            "translation": {
                "x": -0.9,
                "y": -0.26,
                "z": -0.14
            },
            "rotation": {
                "x": 14,
                "y": -168,
                "z": 75
            },
            "scale": 1.05
        }
    },

    "groundTransformByType": {
        "*": {
            "translation": {
                "x": -0,
                "y": -0,
                "z": 0
            },
            "rotation": {
                "x": 90,
                "y": 4,
                "z": -3
            },
            "origin": {
                "x": 0.5,
                "y": 0.1,
                "z": 0.55
            },
            "scale": 6
        }
    },

    "attributes": {
        "groundstorable": true,
        "displaycaseable": true,
        "shelvable": true,
        "groundStorageTransformByType": {
            "*": {
                "translation": {
                    "x": 0,
                    "y": 0,
                    "z": 0
                },
                "rotation": {
                    "x": 90,
                    "y": 90,
                    "z": -90
                },
                "origin": {
                    "x": 0.5,
                    "y": 0.0,
                    "z": 0.5
                },
                "scale": 1.2
            }
        },
        "onDisplayTransformByType": {
            "*": {
                "translation": {
                    "x": 0,
                    "y": 0,
                    "z": 0
                },
                "rotation": {
                    "x": 90,
                    "y": 90,
                    "z": -90
                },
                "origin": {
                    "x": 0.5,
                    "y": 0.0,
                    "z": 0.5
                },
                "scale": 1.4
            }
        },
        "onshelfTransformByType": {
            "*": {
                "translation": {
                    "x": 0,
                    "y": 0,
                    "z": 0
                },
                "rotation": {
                    "x": 90,
                    "y": 90,
                    "z": -90
                },
                "origin": {
                    "x": 0.5,
                    "y": 0.0,
                    "z": 0.5
                },
                "scale": 1.2
            }
        }
    },


    "behaviors": [
        {
            "name": "GroundStorable",
            "properties": {
                "layout": "quadrants",
                "rotation": true,
                "wallOffYByType": { "*": 1 },
                "ctrlKey": true,
                "selectionBox": {
                    "x1": 0,
                    "y1": 0,
                    "z1": 0,
                    "x2": 1,
                    "y2": 0.1,
                    "z2": 1
                },
                "collisionBox": {
                    "x1": 0,
                    "y1": 0,
                    "z1": 0,
                    "x2": 0,
                    "y2": 0,
                    "z2": 0
                }
            }
        }
    ]
}


   


