{
    "code": "mob-figurine-box",
    "class": "Item",
    "maxStackSize": 8,

    "variantgroups": [
        {
            "code": "model",
            "states": [
                "bowtorn",
                "drifter",
                "locust",
                "shiver"
            ]
        },

        {
            "code": "grade",
            "states": [
                "standard",
                "fine",
                "special"
            ]
        }

    ],

    "allowedVariants": [
        "mob-figurine-box-bowtorn-standard",
        "mob-figurine-box-bowtorn-fine",
        "mob-figurine-box-bowtorn-special",
        "mob-figurine-box-drifter-standard",
        "mob-figurine-box-drifter-fine",
        "mob-figurine-box-drifter-special",
        "mob-figurine-box-locust-standard",
        "mob-figurine-box-locust-fine",
        "mob-figurine-box-locust-special",
        "mob-figurine-box-shiver-standard",
        "mob-figurine-box-shiver-fine",
        "mob-figurine-box-shiver-special"

    ],


    "shapeByType": {
        "mob-figurine-box-bowtorn-standard": { "base": "figurines:item/figurine-box/figurine-box" },
        "mob-figurine-box-bowtorn-fine": { "base": "figurines:item/figurine-box/figurine-box" },
        "mob-figurine-box-bowtorn-special": { "base": "figurines:item/figurine-box/figurine-box-ruin" },
        "mob-figurine-box-drifter-standard": { "base": "figurines:item/figurine-box/figurine-box" },
        "mob-figurine-box-drifter-fine": { "base": "figurines:item/figurine-box/figurine-box" },
        "mob-figurine-box-drifter-special": { "base": "figurines:item/figurine-box/figurine-box-ruin" },
        "mob-figurine-box-locust-standard": { "base": "figurines:item/figurine-box/figurine-box" },
        "mob-figurine-box-locust-fine": { "base": "figurines:item/figurine-box/figurine-box" },
        "mob-figurine-box-locust-special": { "base": "figurines:item/figurine-box/figurine-box-ruin" },
        "mob-figurine-box-shiver-standard": { "base": "figurines:item/figurine-box/figurine-box" },
        "mob-figurine-box-shiver-fine": { "base": "figurines:item/figurine-box/figurine-box" },
        "mob-figurine-box-shiver-special": { "base": "figurines:item/figurine-box/figurine-box-ruin" }

    },

    "textures": {
        "wood": { "base": "figurines:item/wood/wood" },
        "charred": { "base": "figurines:item/wood/charred" },
        "grade": { "base": "figurines:item/label/mob/{grade}" }
    },

    "creativeinventoryByType": {
        "*": {
            "general": [ "*" ],
            "figurines": [ "*" ]
        }
    },
    "durability": 1,
    "heldTpIdleAnimation": "holdbothhandslarge",
    "heldRightReadyAnimation": "heldblockready",
    "heldTpUseAnimation": "twohandplaceblock",

    "guiTransformByType": {
        "*": {
            "translation": {
                "x": 0,
                "y": 8,
                "z": 0
            },
            "rotation": {
                "x": -18,
                "y": -52,
                "z": 180
            },
            "origin": {
                "x": 0.5,
                "y": 0.1,
                "z": 0.5
            },
            "scale": 2.4
        }
    },

    "tpHandTransformByType": {
        "*": {
            "translation": {
                "x": -0.9,
                "y": -0.26,
                "z": -0.14
            },
            "rotation": {
                "x": 14,
                "y": -168,
                "z": 75
            },
            "scale": 1.05
        }
    },

    "groundTransformByType": {
        "*": {
            "translation": {
                "x": -0,
                "y": -0,
                "z": 0
            },
            "rotation": {
                "x": 90,
                "y": 4,
                "z": -3
            },
            "origin": {
                "x": 0.5,
                "y": 0.1,
                "z": 0.55
            },
            "scale": 6
        }
    },

    "attributes": {
        "groundstorable": true,
        "displaycaseable": true,
        "shelvable": true,
        "groundStorageTransformByType": {
            "*": {
                "translation": {
                    "x": 0,
                    "y": 0,
                    "z": 0
                },
                "rotation": {
                    "x": 90,
                    "y": 90,
                    "z": -90
                },
                "origin": {
                    "x": 0.5,
                    "y": 0.0,
                    "z": 0.5
                },
                "scale": 1.2
            }
        },
        "onDisplayTransformByType": {
            "*": {
                "translation": {
                    "x": 0,
                    "y": 0,
                    "z": 0
                },
                "rotation": {
                    "x": 90,
                    "y": 90,
                    "z": -90
                },
                "origin": {
                    "x": 0.5,
                    "y": 0.0,
                    "z": 0.5
                },
                "scale": 1.4
            }
        },
        "onshelfTransformByType": {
            "*": {
                "translation": {
                    "x": 0,
                    "y": 0,
                    "z": 0
                },
                "rotation": {
                    "x": 90,
                    "y": 90,
                    "z": -90
                },
                "origin": {
                    "x": 0.5,
                    "y": 0.0,
                    "z": 0.5
                },
                "scale": 1.2
            }
        }
    },


    "behaviors": [
        {
            "name": "GroundStorable",
            "properties": {
                "layout": "quadrants",
                "rotation": true,
                "wallOffYByType": { "*": 1 },
                "ctrlKey": true,
                "selectionBox": {
                    "x1": 0,
                    "y1": 0,
                    "z1": 0,
                    "x2": 1,
                    "y2": 0.1,
                    "z2": 1
                },
                "collisionBox": {
                    "x1": 0,
                    "y1": 0,
                    "z1": 0,
                    "x2": 0,
                    "y2": 0,
                    "z2": 0
                }
            }
        }
    ]
}


   


