{
	"editor": {
		"backDropShape": "entity/humanoid/seraph-hairless",
		"allAngles": false,
		"entityTextureMode": false
	},
	"textureWidth": 16,
	"textureHeight": 16,
	"textureSizes": {
	},
	"textures": {
		"rusty-iron": "block/metal/tarnished/rusty-iron"
	},
	"elements": [
		{
			"name": "hidefacialhair",
			"stepParentName": "Head",
			"from": [ 0.0, 0.0, 2.5 ],
			"to": [ 0.0, 0.0, 2.5 ],
			"rotationOrigin": [ 0.0, 0.0, 2.5 ],
			"faces": {
			},
			"children": [
				{
					"name": "cogmid",
					"from": [ -0.5, -0.5, -0.2 ],
					"to": [ 0.5, 0.5, 0.2 ],
					"rotationOrigin": [ 0.0, 0.0, 0.0 ],
					"rotationZ": 5.0,
					"faces": {
						"north": { "texture": "#rusty-iron", "uv": [ 6.5, 10.0, 7.5, 11.0 ] },
						"east": { "texture": "#rusty-iron", "uv": [ 5.5, 1.5, 6.0, 2.5 ] },
						"south": { "texture": "#rusty-iron", "uv": [ 2.5, 5.0, 3.5, 6.0 ] },
						"west": { "texture": "#rusty-iron", "uv": [ 4.0, 0.5, 4.5, 1.5 ] },
						"up": { "texture": "#rusty-iron", "uv": [ 7.5, 14.0, 8.5, 14.5 ] },
						"down": { "texture": "#rusty-iron", "uv": [ 4.0, 4.5, 5.0, 5.0 ] }
					},
					"children": [
						{
							"name": "cogmid2",
							"from": [ 0.0, 0.0, -0.01 ],
							"to": [ 1.0, 1.0, 0.41 ],
							"rotationOrigin": [ 0.5, 0.5, 0.2 ],
							"rotationZ": -45.0,
							"faces": {
								"north": { "texture": "#rusty-iron", "uv": [ 6.0, 8.5, 7.0, 9.5 ] },
								"east": { "texture": "#rusty-iron", "uv": [ 10.5, 0.0, 11.0, 1.0 ] },
								"south": { "texture": "#rusty-iron", "uv": [ 6.5, 1.5, 7.5, 2.5 ] },
								"west": { "texture": "#rusty-iron", "uv": [ 13.0, 3.0, 13.5, 4.0 ] },
								"up": { "texture": "#rusty-iron", "uv": [ 8.5, 13.5, 9.5, 14.0 ] },
								"down": { "texture": "#rusty-iron", "uv": [ 8.5, 10.0, 9.5, 10.5 ] }
							}
						},
						{
							"name": "tooth1",
							"from": [ 0.3, -0.5, 0.1 ],
							"to": [ 0.7, 0.5, 0.3 ],
							"rotationOrigin": [ 0.5, 0.5, 0.2 ],
							"faces": {
								"north": { "texture": "#rusty-iron", "uv": [ 9.0, 5.5, 9.5, 6.5 ] },
								"east": { "texture": "#rusty-iron", "uv": [ 4.0, 3.5, 4.5, 4.5 ] },
								"south": { "texture": "#rusty-iron", "uv": [ 0.5, 2.0, 1.0, 3.0 ] },
								"west": { "texture": "#rusty-iron", "uv": [ 11.0, 7.5, 11.5, 8.5 ] },
								"down": { "texture": "#rusty-iron", "uv": [ 2.5, 7.0, 3.0, 7.5 ] }
							}
						},
						{
							"name": "tooth2",
							"from": [ -0.5, 0.3, 0.1 ],
							"to": [ 0.5, 0.7, 0.3 ],
							"rotationOrigin": [ 0.5, 0.5, 0.2 ],
							"faces": {
								"north": { "texture": "#rusty-iron", "uv": [ 14.0, 2.5, 15.0, 3.0 ] },
								"south": { "texture": "#rusty-iron", "uv": [ 4.0, 1.0, 5.0, 1.5 ] },
								"west": { "texture": "#rusty-iron", "uv": [ 8.5, 13.5, 9.0, 14.0 ] },
								"up": { "texture": "#rusty-iron", "uv": [ 4.5, 3.0, 5.5, 3.5 ] },
								"down": { "texture": "#rusty-iron", "uv": [ 2.5, 6.5, 3.5, 7.0 ] }
							}
						},
						{
							"name": "tooth3",
							"from": [ -0.5, 0.3, 0.1 ],
							"to": [ 0.5, 0.7, 0.3 ],
							"rotationOrigin": [ 0.5, 0.5, 0.2 ],
							"rotationZ": 45.0,
							"faces": {
								"north": { "texture": "#rusty-iron", "uv": [ 13.5, 1.0, 14.5, 1.5 ] },
								"south": { "texture": "#rusty-iron", "uv": [ 9.5, 11.0, 10.5, 11.5 ] },
								"west": { "texture": "#rusty-iron", "uv": [ 15.0, 13.0, 15.5, 13.5 ] },
								"up": { "texture": "#rusty-iron", "uv": [ 8.5, 5.0, 9.5, 5.5 ] },
								"down": { "texture": "#rusty-iron", "uv": [ 13.0, 8.0, 14.0, 8.5 ] }
							}
						},
						{
							"name": "tooth4",
							"from": [ 0.3, -0.5, 0.1 ],
							"to": [ 0.7, 1.5, 0.3 ],
							"rotationOrigin": [ 0.5, 0.5, 0.2 ],
							"rotationZ": 45.0,
							"faces": {
								"north": { "texture": "#rusty-iron", "uv": [ 6.5, 13.0, 7.0, 15.0 ] },
								"east": { "texture": "#rusty-iron", "uv": [ 10.0, 1.5, 10.5, 3.5 ] },
								"south": { "texture": "#rusty-iron", "uv": [ 9.5, 11.0, 10.0, 13.0 ] },
								"west": { "texture": "#rusty-iron", "uv": [ 10.0, 6.5, 10.5, 8.5 ] },
								"up": { "texture": "#rusty-iron", "uv": [ 7.5, 10.5, 8.0, 11.0 ] },
								"down": { "texture": "#rusty-iron", "uv": [ 10.0, 11.0, 10.5, 11.5 ] }
							}
						}
					]
				}
			]
		}
	]}