{
	"editor": {
		"backDropShape": "entity/humanoid/seraph-hairless",
		"allAngles": false,
		"entityTextureMode": false
	},
	"textureWidth": 16,
	"textureHeight": 16,
	"textureSizes": {
	},
	"textures": {
		"steel": "block/metal/tarnished/steel"
	},
	"elements": [
		{
			"name": "hidefacialhair",
			"stepParentName": "Head",
			"from": [ 0.0, 0.0, 2.5 ],
			"to": [ 0.0, 0.0, 2.5 ],
			"rotationOrigin": [ 0.0, 0.0, 2.5 ],
			"faces": {
			},
			"children": [
				{
					"name": "chin",
					"from": [ -0.2, -1.5, -0.3 ],
					"to": [ 0.4, 0.5, 0.3 ],
					"rotationOrigin": [ 0.1, 0.0, 0.0 ],
					"rotationZ": -22.5,
					"faces": {
						"north": { "texture": "#steel", "uv": [ 12.0, 7.5, 12.5, 9.5 ] },
						"east": { "texture": "#steel", "uv": [ 7.5, 5.0, 8.0, 7.0 ] },
						"south": { "texture": "#steel", "uv": [ 8.5, 13.0, 9.0, 15.0 ] },
						"west": { "texture": "#steel", "uv": [ 5.0, 12.5, 5.5, 14.5 ] },
						"down": { "texture": "#steel", "uv": [ 9.5, 12.5, 10.0, 13.0 ] }
					}
				}
			]
		}
	]}