{
	"editor": {
		"backDropShape": "entity/humanoid/seraph-hairless",
		"allAngles": true,
		"entityTextureMode": false
	},
	"textureWidth": 16,
	"textureHeight": 16,
	"textureSizes": {
		"grass2": [16,16]
	},
	"textures": {
		"grass2": "block/devastation/grass2"
	},
	"elements": [
		{
			"name": "hidefacialhair",
			"stepParentName": "Head",
			"from": [ 0.0, 0.0, 2.5 ],
			"to": [ 0.0, 0.0, 2.5 ],
			"rotationOrigin": [ 0.0, 0.0, 2.5 ],
			"faces": {
			},
			"children": [
				{
					"name": "chin",
					"from": [ -0.2, -1.4, -0.5 ],
					"to": [ 0.8, 0.6, 0.5 ],
					"rotationOrigin": [ 0.1, 0.1, 0.0 ],
					"rotationZ": -22.5,
					"faces": {
						"north": { "texture": "#grass2", "uv": [ 11.5, 9.0, 12.5, 11.0 ] },
						"east": { "texture": "#grass2", "uv": [ 6.5, 12.0, 7.5, 14.0 ] },
						"south": { "texture": "#grass2", "uv": [ 11.5, 8.5, 12.5, 10.5 ] },
						"west": { "texture": "#grass2", "uv": [ 4.0, 11.0, 5.0, 13.0 ] }
					},
					"children": [
						{
							"name": "chin1",
							"from": [ 0.0, 0.5, 0.0 ],
							"to": [ 1.0, 2.0, 1.0 ],
							"rotationOrigin": [ 0.5, 2.0, 0.5 ],
							"rotationX": -30.0,
							"rotationY": 11.0,
							"rotationZ": -11.0,
							"faces": {
								"north": { "texture": "#grass2", "uv": [ 11.5, 9.0, 12.5, 10.5 ] },
								"east": { "texture": "#grass2", "uv": [ 11.5, 8.5, 12.5, 10.0 ] },
								"south": { "texture": "#grass2", "uv": [ 5.5, 9.0, 6.5, 10.5 ] },
								"west": { "texture": "#grass2", "uv": [ 11.0, 5.5, 12.0, 7.0 ] }
							}
						},
						{
							"name": "chin2",
							"from": [ 0.0, 0.3, 0.0 ],
							"to": [ 1.0, 1.8, 1.0 ],
							"rotationOrigin": [ 0.5, 1.8, 0.5 ],
							"rotationX": 44.0,
							"rotationY": -3.0,
							"rotationZ": -11.0,
							"faces": {
								"north": { "texture": "#grass2", "uv": [ 13.5, 9.0, 14.5, 10.5 ] },
								"east": { "texture": "#grass2", "uv": [ 10.0, 9.5, 11.0, 11.0 ] },
								"south": { "texture": "#grass2", "uv": [ 5.5, 9.0, 6.5, 10.5 ] },
								"west": { "texture": "#grass2", "uv": [ 8.5, 7.5, 9.5, 9.0 ] }
							}
						},
						{
							"name": "Cube2",
							"from": [ 0.1, 0.5, -0.5 ],
							"to": [ 1.1, 2.5, 1.5 ],
							"rotationOrigin": [ 0.5, 1.5, 0.5 ],
							"rotationZ": -25.0,
							"faces": {
								"north": { "texture": "#grass2", "uv": [ 6.5, 11.5, 7.5, 13.5 ] },
								"east": { "texture": "#grass2", "uv": [ 4.0, 6.0, 6.0, 8.0 ] },
								"south": { "texture": "#grass2", "uv": [ 12.5, 8.5, 13.5, 10.5 ] },
								"west": { "texture": "#grass2", "uv": [ 8.0, 4.0, 10.0, 6.0 ] }
							}
						}
					]
				}
			]
		}
	]}