{
	"editor": {
		"backDropShape": "entity/humanoid/seraph-hairless",
		"allAngles": true,
		"entityTextureMode": false
	},
	"textureWidth": 16,
	"textureHeight": 16,
	"textureSizes": {
	},
	"textures": {
		"steel": "block/metal/tarnished/steel"
	},
	"elements": [
		{
			"name": "hidefacialhair",
			"stepParentName": "Head",
			"from": [ 0.0, 0.0, 2.5 ],
			"to": [ 0.0, 0.0, 2.5 ],
			"rotationOrigin": [ 0.0, 0.0, 2.5 ],
			"faces": {
			},
			"children": [
				{
					"name": "chin1",
					"from": [ -0.2, -1.6, -0.3 ],
					"to": [ 0.4, 0.4, 0.3 ],
					"rotationOrigin": [ 0.1, 0.1, 0.0 ],
					"rotationY": -17.0,
					"rotationZ": -50.0,
					"faces": {
						"north": { "texture": "#steel", "uv": [ 10.0, 0.0, 10.5, 2.0 ] },
						"east": { "texture": "#steel", "uv": [ 6.0, 5.0, 6.5, 7.0 ] },
						"south": { "texture": "#steel", "uv": [ 8.5, 12.0, 9.0, 14.0 ] },
						"west": { "texture": "#steel", "uv": [ 8.5, 4.0, 9.0, 6.0 ] },
						"down": { "texture": "#steel", "uv": [ 1.0, 9.5, 1.5, 10.0 ] }
					},
					"children": [
						{
							"name": "chin2",
							"from": [ 0.15, -1.3, 0.05 ],
							"to": [ 0.65, 0.2, 0.55 ],
							"rotationOrigin": [ 0.4, 0.2, 0.3 ],
							"rotationX": 8.0,
							"rotationZ": -36.0,
							"faces": {
								"north": { "texture": "#steel", "uv": [ 14.5, 2.0, 15.0, 3.5 ] },
								"east": { "texture": "#steel", "uv": [ 0.0, 9.5, 0.5, 11.0 ] },
								"south": { "texture": "#steel", "uv": [ 15.0, 14.0, 15.5, 15.5 ] },
								"west": { "texture": "#steel", "uv": [ 1.5, 2.0, 2.0, 3.5 ] },
								"down": { "texture": "#steel", "uv": [ 9.5, 11.0, 10.0, 11.5 ] }
							},
							"children": [
								{
									"name": "chin3",
									"from": [ 0.1, -1.2, 0.1 ],
									"to": [ 0.5, 0.3, 0.5 ],
									"rotationOrigin": [ 0.3, 0.2, 0.3 ],
									"rotationY": 19.0,
									"rotationZ": -33.0,
									"faces": {
										"north": { "texture": "#steel", "uv": [ 8.0, 4.0, 8.5, 5.5 ] },
										"east": { "texture": "#steel", "uv": [ 15.0, 5.5, 15.5, 7.0 ] },
										"south": { "texture": "#steel", "uv": [ 15.0, 8.0, 15.5, 9.5 ] },
										"west": { "texture": "#steel", "uv": [ 11.5, 12.0, 12.0, 13.5 ] },
										"up": { "texture": "#steel", "uv": [ 8.0, 2.0, 8.5, 2.5 ] },
										"down": { "texture": "#steel", "uv": [ 15.0, 7.0, 15.5, 7.5 ] }
									},
									"children": [
										{
											"name": "chin4",
											"from": [ 0.0, -0.9, 0.1 ],
											"to": [ 0.3, 0.1, 0.4 ],
											"rotationOrigin": [ 0.15, 0.1, 0.25 ],
											"rotationX": -33.0,
											"rotationZ": -36.0,
											"faces": {
												"north": { "texture": "#steel", "uv": [ 9.0, 8.5, 9.5, 9.5 ] },
												"east": { "texture": "#steel", "uv": [ 15.0, 0.5, 15.5, 1.5 ] },
												"south": { "texture": "#steel", "uv": [ 2.5, 1.5, 3.0, 2.5 ] },
												"west": { "texture": "#steel", "uv": [ 1.0, 5.0, 1.5, 6.0 ] },
												"up": { "texture": "#steel", "uv": [ 9.5, 0.5, 10.0, 1.0 ] },
												"down": { "texture": "#steel", "uv": [ 9.0, 12.5, 9.5, 13.0 ] }
											}
										}
									]
								}
							]
						}
					]
				}
			]
		}
	]}