{
	"editor": {
		"backDropShape": "entity/humanoid/seraph-hairless",
		"allAngles": true,
		"entityTextureMode": false
	},
	"textureWidth": 16,
	"textureHeight": 16,
	"textureSizes": {
		"rust2": [16,16]
	},
	"textures": {
		"rust2": "block/metal/tarnished/rust2"
	},
	"elements": [
		{
			"name": "hidefacialhair",
			"stepParentName": "Head",
			"from": [ 0.0, 1.2, 2.5 ],
			"to": [ 0.0, 1.2, 2.5 ],
			"rotationOrigin": [ 0.0, 1.2, 2.5 ],
			"faces": {
			},
			"children": [
				{
					"name": "L1",
					"from": [ -0.7, -0.75, 0.85 ],
					"to": [ 0.0, -0.45, 1.15 ],
					"rotationOrigin": [ 0.0, -0.6, 1.0 ],
					"rotationY": 17.0,
					"rotationZ": 22.0,
					"faces": {
						"north": { "texture": "#rust2", "uv": [ 7.5, 4.0, 8.0, 4.5 ] },
						"south": { "texture": "#rust2", "uv": [ 1.0, 1.5, 1.5, 2.0 ] },
						"west": { "texture": "#rust2", "uv": [ 12.5, 13.0, 13.0, 13.5 ] },
						"up": { "texture": "#rust2", "uv": [ 11.0, 7.0, 11.5, 7.5 ] },
						"down": { "texture": "#rust2", "uv": [ 14.5, 0.0, 15.0, 0.5 ] }
					},
					"children": [
						{
							"name": "L2",
							"from": [ -0.7, 0.05, 0.05 ],
							"to": [ 0.1, 0.25, 0.25 ],
							"rotationOrigin": [ 0.0, 0.15, 0.15 ],
							"rotationY": 11.0,
							"rotationZ": -33.0,
							"faces": {
								"north": { "texture": "#rust2", "uv": [ 0.5, 6.0, 1.0, 6.5 ] },
								"south": { "texture": "#rust2", "uv": [ 0.0, 7.5, 0.5, 8.0 ] },
								"west": { "texture": "#rust2", "uv": [ 13.0, 6.0, 13.5, 6.5 ] },
								"up": { "texture": "#rust2", "uv": [ 12.0, 5.5, 12.5, 6.0 ] },
								"down": { "texture": "#rust2", "uv": [ 8.5, 8.0, 9.0, 8.5 ] }
							},
							"children": [
								{
									"name": "L3",
									"from": [ 0.0, 0.1, 0.0 ],
									"to": [ 0.2, 0.6, 0.2 ],
									"rotationOrigin": [ 0.1, 0.1, 0.1 ],
									"rotationX": 19.0,
									"rotationZ": 33.0,
									"faces": {
										"north": { "texture": "#rust2", "uv": [ 8.5, 6.5, 9.0, 7.0 ] },
										"east": { "texture": "#rust2", "uv": [ 11.5, 9.5, 12.0, 10.0 ] },
										"south": { "texture": "#rust2", "uv": [ 5.5, 14.0, 6.0, 14.5 ] },
										"west": { "texture": "#rust2", "uv": [ 11.0, 5.5, 11.5, 6.0 ] },
										"up": { "texture": "#rust2", "uv": [ 2.5, 13.0, 3.0, 13.5 ] },
										"down": { "texture": "#rust2", "uv": [ 7.5, 8.5, 8.0, 9.0 ] }
									}
								}
							]
						}
					]
				},
				{
					"name": "R1",
					"from": [ -0.7, -0.65, -1.15 ],
					"to": [ 0.1, -0.35, -0.85 ],
					"rotationOrigin": [ 0.1, -0.5, -1.0 ],
					"rotationY": -33.0,
					"rotationZ": 33.0,
					"faces": {
						"north": { "texture": "#rust2", "uv": [ 5.0, 6.5, 5.5, 7.0 ] },
						"south": { "texture": "#rust2", "uv": [ 8.5, 13.0, 9.0, 13.5 ] },
						"west": { "texture": "#rust2", "uv": [ 3.0, 0.5, 3.5, 1.0 ] },
						"up": { "texture": "#rust2", "uv": [ 15.0, 8.0, 15.5, 8.5 ] },
						"down": { "texture": "#rust2", "uv": [ 4.5, 10.5, 5.0, 11.0 ] }
					},
					"children": [
						{
							"name": "R2",
							"from": [ -0.6, 0.05, 0.1 ],
							"to": [ 0.1, 0.25, 0.3 ],
							"rotationOrigin": [ 0.0, 0.15, 0.2 ],
							"rotationX": -8.0,
							"rotationY": -8.0,
							"rotationZ": -42.0,
							"faces": {
								"north": { "texture": "#rust2", "uv": [ 12.5, 9.5, 13.0, 10.0 ] },
								"south": { "texture": "#rust2", "uv": [ 2.0, 11.5, 2.5, 12.0 ] },
								"west": { "texture": "#rust2", "uv": [ 3.5, 3.5, 4.0, 4.0 ] },
								"up": { "texture": "#rust2", "uv": [ 14.0, 8.0, 14.5, 8.5 ] },
								"down": { "texture": "#rust2", "uv": [ 13.5, 11.5, 14.0, 12.0 ] }
							},
							"children": [
								{
									"name": "R3",
									"from": [ 0.0, 0.1, 0.0 ],
									"to": [ 0.2, 0.7, 0.2 ],
									"rotationOrigin": [ 0.1, 0.1, 0.1 ],
									"rotationX": -6.0,
									"rotationY": 3.0,
									"rotationZ": 44.0,
									"faces": {
										"north": { "texture": "#rust2", "uv": [ 1.0, 10.5, 1.5, 11.0 ] },
										"east": { "texture": "#rust2", "uv": [ 11.0, 7.0, 11.5, 7.5 ] },
										"south": { "texture": "#rust2", "uv": [ 5.0, 10.0, 5.5, 10.5 ] },
										"west": { "texture": "#rust2", "uv": [ 6.5, 11.5, 7.0, 12.0 ] },
										"up": { "texture": "#rust2", "uv": [ 2.0, 13.5, 2.5, 14.0 ] },
										"down": { "texture": "#rust2", "uv": [ 6.0, 2.0, 6.5, 2.5 ] }
									}
								}
							]
						}
					]
				}
			]
		}
	]}