{
	"editor": {
		"backDropShape": "entity/humanoid/seraph-hairless",
		"allAngles": true,
		"entityTextureMode": false
	},
	"textureWidth": 16,
	"textureHeight": 16,
	"textureSizes": {
		"rust2": [16,16],
		"grass1": [16,16]
	},
	"textures": {
		"grass1": "block/devastation/grass1"
	},
	"elements": [
		{
			"name": "hidefacialhair",
			"stepParentName": "Head",
			"from": [ 0.0, 1.4, 2.5 ],
			"to": [ 0.0, 1.4, 2.5 ],
			"rotationOrigin": [ 0.0, 1.4, 2.5 ],
			"faces": {
			},
			"children": [
				{
					"name": "W1",
					"from": [ 0.0, -1.0, -2.0 ],
					"to": [ 0.5, 0.0, 2.0 ],
					"rotationOrigin": [ 0.0, 0.0, 0.0 ],
					"rotationZ": -22.0,
					"faces": {
						"north": { "texture": "#grass1", "uv": [ 4.0, 4.5, 4.5, 5.5 ] },
						"south": { "texture": "#grass1", "uv": [ 2.5, 3.0, 3.0, 4.0 ] },
						"west": { "texture": "#grass1", "uv": [ 2.0, 1.5, 6.0, 2.5 ] }
					}
				},
				{
					"name": "N1",
					"from": [ 0.0, -2.0, -2.0 ],
					"to": [ 1.0, 0.0, -1.0 ],
					"rotationOrigin": [ 0.0, 0.0, -1.5 ],
					"rotationX": 44.0,
					"rotationZ": -28.0,
					"faces": {
						"north": { "texture": "#grass1", "uv": [ 3.5, 8.5, 4.5, 10.5 ] },
						"south": { "texture": "#grass1", "uv": [ 0.0, 0.0, 1.0, 2.0 ] },
						"west": { "texture": "#grass1", "uv": [ 5.0, 1.5, 6.0, 3.5 ] }
					}
				},
				{
					"name": "S1",
					"from": [ 0.0, -2.0, 1.0 ],
					"to": [ 1.0, 0.0, 2.0 ],
					"rotationOrigin": [ 0.0, 0.0, 1.5 ],
					"rotationX": -58.0,
					"rotationZ": -28.0,
					"faces": {
						"north": { "texture": "#grass1", "uv": [ 5.5, 11.0, 6.5, 13.0 ] },
						"south": { "texture": "#grass1", "uv": [ 2.5, 6.0, 3.5, 8.0 ] },
						"west": { "texture": "#grass1", "uv": [ 3.0, 7.0, 4.0, 9.0 ] }
					}
				},
				{
					"name": "W2",
					"from": [ 0.0, -0.7, -2.1 ],
					"to": [ 0.5, 0.3, 2.1 ],
					"rotationOrigin": [ 0.0, 0.3, 0.0 ],
					"rotationZ": -44.0,
					"faces": {
						"north": { "texture": "#grass1", "uv": [ 4.0, 10.0, 4.5, 11.0 ] },
						"south": { "texture": "#grass1", "uv": [ 4.0, 5.5, 4.5, 6.5 ] },
						"west": { "texture": "#grass1", "uv": [ 3.0, 3.0, 7.0, 4.0 ] }
					}
				}
			]
		}
	]}