{
  "textureWidth":48,
  "textureHeight":48,
  "textures":{
    "hair":"oldburgundy"
  },
  "textureSizes":{
    "hair":[
      48,
      48
    ]
  },
  "elements":[
    {
      "name":"HairOver",
      "from":[
        -0.21,
        -3.84,
        -0.25
      ],
      "to":[
        5.55,
        4.66,
        5.15
      ],
      "rotationOrigin":[
        2.79,
        2.16,
        2.45
      ],
      "stepParentName":"Head",
      "group":"Scene Collection",
      "faces":{},
      "children":[]
    },
    {
      "name":"HairBase",
      "from":[
        -0.31,
        -0.84,
        -0.15
      ],
      "to":[
        5.45,
        4.66,
        5.05
      ],
      "rotationOrigin":[
        2.69,
        2.16,
        2.45
      ],
      "stepParentName":"Head",
      "group":"Scene Collection",
      "faces":{
        "north":{
          "texture":"#hair",
          "uv":[
            7.5,
            26.0,
            14.0,
            31.5
          ],
          "autoUv":false
        },
        "east":{
          "texture":"#hair",
          "uv":[
            5.0,
            26.0,
            10.0,
            31.5
          ],
          "autoUv":false
        },
        "south":{
          "texture":"#hair",
          "uv":[
            1.0,
            26.0,
            7.5,
            31.5
          ],
          "autoUv":false
        }
      },
      "children":[]
    }
  ],
  "groups":[]
}