{
  "textureWidth":48,
  "textureHeight":48,
  "textures":{
    "hair":"oldburgundy"
  },
  "textureSizes":{
    "hair":[
      48,
      48
    ]
  },
  "elements":[
    {
      "name":"HairMain",
      "from":[
        -0.2,
        -3.1,
        -0.3
      ],
      "to":[
        5.57,
        4.3,
        5.2
      ],
      "rotationOrigin":[
        3.0,
        2.0,
        2.5
      ],
      "stepParentName":"Head",
      "group":"Scene Collection",
      "faces":{
        "north":{
          "texture":"#hair",
          "uv":[
            0.0,
            0.0,
            6.5,
            8.5
          ],
          "autoUv":false
        },
        "east":{
          "texture":"#hair",
          "uv":[
            18.5,
            0.0,
            24.0,
            8.5
          ],
          "autoUv":false
        },
        "south":{
          "texture":"#hair",
          "uv":[
            12.0,
            0.0,
            18.5,
            8.5
          ],
          "autoUv":false
        },
        "west":{
          "texture":"#hair",
          "uv":[
            6.5,
            0.0,
            12.0,
            8.5
          ],
          "autoUv":false
        },
        "up":{
          "texture":"#hair",
          "uv":[
            24.0,
            0.0,
            29.5,
            6.5
          ],
          "autoUv":false,
          "rotation":90
        }
      },
      "children":[]
    },
    {
      "name":"HairMain Hair tile upper part",
      "from":[
        -0.4,
        -2.0,
        -0.5
      ],
      "to":[
        5.87,
        4.4,
        5.5
      ],
      "rotationOrigin":[
        3.1,
        5.5,
        2.5
      ],
      "stepParentName":"Head",
      "group":"Scene Collection",
      "faces":{
        "north":{
          "texture":"#hair",
          "uv":[
            0.0,
            10.5,
            7.0,
            18.0
          ],
          "autoUv":false
        },
        "east":{
          "texture":"#hair",
          "uv":[
            19.5,
            10.5,
            25.5,
            18.0
          ],
          "autoUv":false
        },
        "south":{
          "texture":"#hair",
          "uv":[
            12.5,
            10.5,
            19.5,
            18.0
          ],
          "autoUv":false
        },
        "west":{
          "texture":"#hair",
          "uv":[
            6.5,
            10.5,
            12.5,
            18.0
          ],
          "autoUv":false
        },
        "up":{
          "texture":"#hair",
          "uv":[
            26.5,
            10.5,
            32.5,
            17.5
          ],
          "autoUv":false,
          "rotation":90
        }
      },
      "children":[]
    }
  ],
  "groups":[]
}