{
  "textureWidth":48,
  "textureHeight":48,
  "textures":{
    "hair":"wheat"
  },
  "textureSizes":{
    "hair":[
      48,
      48
    ]
  },
  "elements":[
    {
      "name":"Hair.001",
      "from":[
        -0.17,
        -3.1,
        -0.3
      ],
      "to":[
        5.54,
        4.52,
        5.2
      ],
      "rotationOrigin":[
        3.75,
        2.07,
        1.8
      ],
      "stepParentName":"Head",
      "rotationZ":2.0,
      "group":"Scene Collection",
      "faces":{
        "north":{
          "texture":"#hair",
          "uv":[
            41.0,
            0.0,
            47.5,
            8.5
          ],
          "autoUv":false
        },
        "east":{
          "texture":"#hair",
          "uv":[
            34.0,
            33.5,
            39.5,
            42.0
          ],
          "autoUv":false
        },
        "south":{
          "texture":"#hair",
          "uv":[
            31.5,
            0.0,
            38.0,
            8.5
          ],
          "autoUv":false
        },
        "west":{
          "texture":"#hair",
          "uv":[
            5.5,
            0.5,
            11.0,
            9.0
          ],
          "autoUv":false
        },
        "up":{
          "texture":"#hair",
          "uv":[
            24.0,
            0.0,
            29.5,
            6.5
          ],
          "autoUv":false,
          "rotation":90
        }
      },
      "children":[
        {
          "name":"hideme",
          "from":[
            0.0,
            0.0,
            -0.0
          ],
          "to":[
            1.0,
            1.0,
            1.0
          ],
          "rotationOrigin":[
            0.0,
            0.0,
            -0.0
          ],
          "group":"Scene Collection",
          "faces":{},
          "children":[
            {
              "name":"StrandFrontL",
              "from":[
                -0.22,
                5.61,
                2.5
              ],
              "to":[
                -0.22,
                7.61,
                4.0
              ],
              "rotationOrigin":[
                -0.2,
                7.7,
                3.8
              ],
              "rotationX":-80.01,
              "rotationY":-0.09,
              "rotationZ":-0.46,
              "group":"Scene Collection",
              "faces":{
                "west":{
                  "texture":"#hair",
                  "uv":[
                    45.5,
                    39.5,
                    47.0,
                    41.5
                  ],
                  "autoUv":false
                }
              },
              "children":[
                {
                  "name":"Cube7",
                  "from":[
                    -0.07,
                    -1.9,
                    -0.0
                  ],
                  "to":[
                    -0.07,
                    0.1,
                    1.5
                  ],
                  "rotationOrigin":[
                    0.02,
                    0.09,
                    1.2
                  ],
                  "rotationX":-0.0,
                  "rotationY":-0.0,
                  "rotationZ":86.0,
                  "group":"Scene Collection",
                  "faces":{
                    "west":{
                      "texture":"#hair",
                      "uv":[
                        44.0,
                        42.0,
                        45.5,
                        44.0
                      ],
                      "autoUv":false
                    }
                  },
                  "children":[]
                }
              ]
            },
            {
              "name":"StrandFrontR",
              "from":[
                -0.02,
                5.6,
                1.8
              ],
              "to":[
                -0.02,
                7.6,
                3.3
              ],
              "rotationOrigin":[
                -0.0,
                7.7,
                2.1
              ],
              "rotationX":78.02,
              "rotationY":-0.13,
              "rotationZ":3.54,
              "group":"Scene Collection",
              "faces":{
                "west":{
                  "texture":"#hair",
                  "uv":[
                    45.5,
                    39.5,
                    47.0,
                    41.5
                  ],
                  "autoUv":false
                }
              },
              "children":[
                {
                  "name":"Cube1",
                  "from":[
                    -0.08,
                    -1.92,
                    -0.0
                  ],
                  "to":[
                    -0.08,
                    0.08,
                    1.5
                  ],
                  "rotationOrigin":[
                    0.02,
                    0.1,
                    0.2
                  ],
                  "rotationX":0.0,
                  "rotationY":-0.0,
                  "rotationZ":66.0,
                  "group":"Scene Collection",
                  "faces":{
                    "west":{
                      "texture":"#hair",
                      "uv":[
                        44.0,
                        42.0,
                        45.5,
                        44.0
                      ],
                      "autoUv":false
                    }
                  },
                  "children":[]
                }
              ]
            },
            {
              "name":"StrandLeft",
              "from":[
                0.2,
                6.7,
                4.8
              ],
              "to":[
                4.2,
                6.7,
                6.3
              ],
              "rotationOrigin":[
                0.2,
                6.7,
                5.6
              ],
              "rotationX":-80.94,
              "rotationY":0.66,
              "rotationZ":13.83,
              "group":"Scene Collection",
              "faces":{
                "down":{
                  "texture":"#hair",
                  "uv":[
                    47.0,
                    43.5,
                    45.5,
                    39.5
                  ],
                  "autoUv":false,
                  "rotation":270
                }
              },
              "children":[
                {
                  "name":"Cube10",
                  "from":[
                    4.0,
                    0.0,
                    -0.0
                  ],
                  "to":[
                    6.0,
                    0.0,
                    1.5
                  ],
                  "rotationOrigin":[
                    4.0,
                    0.0,
                    0.7
                  ],
                  "rotationX":-0.0,
                  "rotationY":-6.0,
                  "rotationZ":17.0,
                  "group":"Scene Collection",
                  "faces":{
                    "down":{
                      "texture":"#hair",
                      "uv":[
                        47.0,
                        43.5,
                        45.5,
                        41.5
                      ],
                      "autoUv":false,
                      "rotation":270
                    }
                  },
                  "children":[]
                }
              ]
            },
            {
              "name":"StrandLeft13",
              "from":[
                3.7,
                3.9,
                5.6
              ],
              "to":[
                5.91,
                5.42,
                5.67
              ],
              "rotationOrigin":[
                3.7,
                4.7,
                5.6
              ],
              "rotationX":-5.02,
              "rotationY":-4.98,
              "rotationZ":-0.44,
              "group":"Scene Collection",
              "faces":{
                "south":{
                  "texture":"#hair",
                  "uv":[
                    45.5,
                    39.5,
                    47.0,
                    42.5
                  ],
                  "autoUv":false,
                  "rotation":270
                }
              },
              "children":[
                {
                  "name":"Cube14",
                  "from":[
                    2.22,
                    0.02,
                    -1.88
                  ],
                  "to":[
                    2.22,
                    1.52,
                    0.12
                  ],
                  "rotationOrigin":[
                    3.0,
                    0.7,
                    0.0
                  ],
                  "rotationX":0.0,
                  "rotationY":-4.0,
                  "rotationZ":0.0,
                  "group":"Scene Collection",
                  "faces":{
                    "east":{
                      "texture":"#hair",
                      "uv":[
                        45.5,
                        41.5,
                        47.0,
                        43.5
                      ],
                      "autoUv":false,
                      "rotation":270
                    }
                  },
                  "children":[]
                }
              ]
            },
            {
              "name":"StrandRight15",
              "from":[
                4.0,
                4.7,
                -0.9
              ],
              "to":[
                5.24,
                4.91,
                0.6
              ],
              "rotationOrigin":[
                4.0,
                4.7,
                -0.1
              ],
              "rotationX":83.39,
              "rotationY":-0.26,
              "rotationZ":17.12,
              "group":"Scene Collection",
              "faces":{
                "down":{
                  "texture":"#hair",
                  "uv":[
                    47.0,
                    41.5,
                    45.5,
                    39.5
                  ],
                  "autoUv":false,
                  "rotation":270
                }
              },
              "children":[
                {
                  "name":"Cube16",
                  "from":[
                    1.45,
                    0.56,
                    0.0
                  ],
                  "to":[
                    2.45,
                    0.56,
                    1.5
                  ],
                  "rotationOrigin":[
                    2.0,
                    0.0,
                    0.7
                  ],
                  "rotationX":-0.0,
                  "rotationY":0.0,
                  "rotationZ":30.0,
                  "group":"Scene Collection",
                  "faces":{
                    "down":{
                      "texture":"#hair",
                      "uv":[
                        45.5,
                        43.0,
                        44.0,
                        42.0
                      ],
                      "autoUv":false,
                      "rotation":270
                    }
                  },
                  "children":[]
                }
              ]
            },
            {
              "name":"StrandRight7",
              "from":[
                0.0,
                6.7,
                -0.7
              ],
              "to":[
                4.0,
                6.7,
                0.8
              ],
              "rotationOrigin":[
                0.0,
                6.7,
                0.1
              ],
              "rotationX":83.39,
              "rotationY":-0.26,
              "rotationZ":9.12,
              "group":"Scene Collection",
              "faces":{
                "down":{
                  "texture":"#hair",
                  "uv":[
                    47.0,
                    43.5,
                    45.5,
                    39.5
                  ],
                  "autoUv":false,
                  "rotation":270
                }
              },
              "children":[
                {
                  "name":"Cube8",
                  "from":[
                    4.0,
                    0.0,
                    0.0
                  ],
                  "to":[
                    6.0,
                    0.0,
                    1.5
                  ],
                  "rotationOrigin":[
                    4.0,
                    0.0,
                    0.7
                  ],
                  "rotationX":0.0,
                  "rotationY":-0.0,
                  "rotationZ":28.0,
                  "group":"Scene Collection",
                  "faces":{
                    "down":{
                      "texture":"#hair",
                      "uv":[
                        45.5,
                        44.0,
                        44.0,
                        42.0
                      ],
                      "autoUv":false,
                      "rotation":270
                    }
                  },
                  "children":[]
                }
              ]
            },
            {
              "name":"StrandUp",
              "from":[
                -0.19,
                7.54,
                2.0
              ],
              "to":[
                2.81,
                7.54,
                3.5
              ],
              "rotationOrigin":[
                0.0,
                8.5,
                2.7
              ],
              "rotationZ":8.0,
              "group":"Scene Collection",
              "faces":{
                "up":{
                  "texture":"#hair",
                  "uv":[
                    45.5,
                    39.5,
                    47.0,
                    42.5
                  ],
                  "autoUv":false,
                  "rotation":270
                }
              },
              "children":[
                {
                  "name":"Cube12",
                  "from":[
                    3.24,
                    -0.02,
                    0.0
                  ],
                  "to":[
                    6.24,
                    -0.02,
                    1.5
                  ],
                  "rotationOrigin":[
                    3.19,
                    0.96,
                    0.7
                  ],
                  "rotationZ":-14.0,
                  "group":"Scene Collection",
                  "faces":{
                    "up":{
                      "texture":"#hair",
                      "uv":[
                        45.5,
                        40.5,
                        47.0,
                        43.5
                      ],
                      "autoUv":false,
                      "rotation":270
                    }
                  },
                  "children":[]
                }
              ]
            }
          ]
        }
      ]
    },
    {
      "name":"Hair tile upper part.001",
      "from":[
        -0.41,
        -2.1,
        -0.6
      ],
      "to":[
        5.8,
        4.52,
        5.4
      ],
      "rotationOrigin":[
        2.93,
        5.61,
        2.1
      ],
      "stepParentName":"Head",
      "rotationZ":2.0,
      "group":"Scene Collection",
      "faces":{},
      "children":[]
    }
  ],
  "groups":[]
}