{
  "textureWidth":48,
  "textureHeight":48,
  "textures":{
    "hair":"wheat"
  },
  "textureSizes":{
    "hair":[
      48,
      48
    ]
  },
  "elements":[
    {
      "name":"hideme",
      "from":[
        -0.2,
        -3.1,
        -0.3
      ],
      "to":[
        0.8,
        -2.1,
        0.7
      ],
      "rotationOrigin":[
        -0.2,
        -3.1,
        -0.3
      ],
      "stepParentName":"Head",
      "group":"Scene Collection",
      "faces":{},
      "children":[
        {
          "name":"BaseDreadlocks",
          "from":[
            -0.21,
            1.76,
            -0.2
          ],
          "to":[
            5.9,
            7.48,
            5.8
          ],
          "rotationOrigin":[
            3.29,
            8.25,
            2.8
          ],
          "group":"Scene Collection",
          "faces":{
            "north":{
              "texture":"#hair",
              "uv":[
                0.0,
                10.5,
                7.0,
                18.0
              ],
              "autoUv":false
            },
            "east":{
              "texture":"#hair",
              "uv":[
                33.5,
                36.0,
                39.5,
                43.5
              ],
              "autoUv":false
            },
            "south":{
              "texture":"#hair",
              "uv":[
                12.0,
                10.5,
                19.0,
                18.0
              ],
              "autoUv":false
            },
            "west":{
              "texture":"#hair",
              "uv":[
                6.5,
                10.5,
                12.5,
                18.0
              ],
              "autoUv":false
            },
            "up":{
              "texture":"#hair",
              "uv":[
                26.5,
                10.5,
                32.5,
                17.5
              ],
              "autoUv":false,
              "rotation":90
            }
          },
          "children":[]
        },
        {
          "name":"Cube1",
          "from":[
            -0.18,
            4.46,
            5.38
          ],
          "to":[
            0.42,
            6.46,
            5.98
          ],
          "rotationOrigin":[
            0.18,
            5.89,
            5.8
          ],
          "rotationX":3.68,
          "rotationY":-3.56,
          "rotationZ":-4.41,
          "group":"Scene Collection",
          "faces":{
            "north":{
              "texture":"#hair",
              "uv":[
                33.5,
                35.5,
                34.0,
                37.5
              ],
              "autoUv":false
            },
            "east":{
              "texture":"#hair",
              "uv":[
                34.0,
                35.5,
                34.5,
                37.5
              ],
              "autoUv":false
            },
            "south":{
              "texture":"#hair",
              "uv":[
                34.5,
                35.5,
                35.0,
                37.5
              ],
              "autoUv":false
            },
            "west":{
              "texture":"#hair",
              "uv":[
                35.0,
                35.5,
                35.5,
                37.5
              ],
              "autoUv":false
            },
            "down":{
              "texture":"#hair",
              "uv":[
                34.0,
                35.5,
                33.5,
                35.0
              ],
              "autoUv":false
            }
          },
          "children":[]
        },
        {
          "name":"Cube15",
          "from":[
            2.04,
            3.06,
            -0.98
          ],
          "to":[
            2.64,
            5.06,
            -0.38
          ],
          "rotationOrigin":[
            2.15,
            5.57,
            -0.68
          ],
          "rotationX":0.59,
          "rotationY":-5.2,
          "rotationZ":-19.98,
          "group":"Scene Collection",
          "faces":{
            "north":{
              "texture":"#hair",
              "uv":[
                31.0,
                33.5,
                31.5,
                35.5
              ],
              "autoUv":false
            },
            "east":{
              "texture":"#hair",
              "uv":[
                31.5,
                33.5,
                32.0,
                35.5
              ],
              "autoUv":false
            },
            "south":{
              "texture":"#hair",
              "uv":[
                32.0,
                33.5,
                32.5,
                35.5
              ],
              "autoUv":false
            },
            "west":{
              "texture":"#hair",
              "uv":[
                32.5,
                33.5,
                33.0,
                35.5
              ],
              "autoUv":false
            },
            "down":{
              "texture":"#hair",
              "uv":[
                31.5,
                33.5,
                31.0,
                33.0
              ],
              "autoUv":false
            }
          },
          "children":[]
        },
        {
          "name":"Cube16",
          "from":[
            2.79,
            1.36,
            -0.56
          ],
          "to":[
            3.39,
            3.36,
            0.04
          ],
          "rotationOrigin":[
            2.92,
            3.74,
            -0.61
          ],
          "rotationX":40.72,
          "rotationY":-11.77,
          "rotationZ":-14.05,
          "group":"Scene Collection",
          "faces":{
            "north":{
              "texture":"#hair",
              "uv":[
                31.0,
                35.5,
                31.5,
                37.5
              ],
              "autoUv":false
            },
            "east":{
              "texture":"#hair",
              "uv":[
                31.5,
                35.5,
                32.0,
                37.5
              ],
              "autoUv":false
            },
            "south":{
              "texture":"#hair",
              "uv":[
                32.0,
                35.5,
                32.5,
                37.5
              ],
              "autoUv":false
            },
            "west":{
              "texture":"#hair",
              "uv":[
                32.5,
                35.5,
                33.0,
                37.5
              ],
              "autoUv":false
            },
            "down":{
              "texture":"#hair",
              "uv":[
                31.5,
                35.5,
                31.0,
                35.0
              ],
              "autoUv":false
            }
          },
          "children":[]
        },
        {
          "name":"Cube17",
          "from":[
            4.8,
            3.07,
            -0.89
          ],
          "to":[
            5.4,
            5.07,
            -0.29
          ],
          "rotationOrigin":[
            5.12,
            4.94,
            -0.59
          ],
          "rotationX":-0.38,
          "rotationY":-11.44,
          "rotationZ":-7.27,
          "group":"Scene Collection",
          "faces":{
            "north":{
              "texture":"#hair",
              "uv":[
                36.5,
                32.5,
                37.0,
                34.5
              ],
              "autoUv":false
            },
            "east":{
              "texture":"#hair",
              "uv":[
                37.0,
                32.5,
                37.5,
                34.5
              ],
              "autoUv":false
            },
            "south":{
              "texture":"#hair",
              "uv":[
                37.5,
                32.5,
                38.0,
                34.5
              ],
              "autoUv":false
            },
            "west":{
              "texture":"#hair",
              "uv":[
                38.0,
                32.5,
                38.5,
                34.5
              ],
              "autoUv":false
            },
            "down":{
              "texture":"#hair",
              "uv":[
                37.0,
                32.5,
                36.5,
                32.0
              ],
              "autoUv":false
            }
          },
          "children":[]
        },
        {
          "name":"Cube18",
          "from":[
            5.81,
            1.94,
            0.31
          ],
          "to":[
            6.41,
            2.94,
            0.91
          ],
          "rotationOrigin":[
            6.13,
            2.81,
            0.64
          ],
          "rotationX":14.0,
          "rotationY":0.0,
          "rotationZ":-8.0,
          "group":"Scene Collection",
          "faces":{
            "north":{
              "texture":"#hair",
              "uv":[
                35.5,
                37.5,
                36.0,
                38.5
              ],
              "autoUv":false
            },
            "east":{
              "texture":"#hair",
              "uv":[
                36.0,
                37.5,
                36.5,
                38.5
              ],
              "autoUv":false
            },
            "south":{
              "texture":"#hair",
              "uv":[
                36.5,
                37.5,
                37.0,
                38.5
              ],
              "autoUv":false
            },
            "west":{
              "texture":"#hair",
              "uv":[
                37.0,
                37.5,
                37.5,
                38.5
              ],
              "autoUv":false
            },
            "down":{
              "texture":"#hair",
              "uv":[
                36.0,
                37.5,
                35.5,
                37.0
              ],
              "autoUv":false
            }
          },
          "children":[]
        },
        {
          "name":"Cube20",
          "from":[
            5.83,
            2.95,
            3.04
          ],
          "to":[
            6.43,
            4.95,
            3.64
          ],
          "rotationOrigin":[
            6.11,
            4.83,
            3.3
          ],
          "rotationX":-15.76,
          "rotationY":1.09,
          "rotationZ":9.81,
          "group":"Scene Collection",
          "faces":{
            "north":{
              "texture":"#hair",
              "uv":[
                36.5,
                33.0,
                37.0,
                35.0
              ],
              "autoUv":false
            },
            "east":{
              "texture":"#hair",
              "uv":[
                37.0,
                33.0,
                37.5,
                35.0
              ],
              "autoUv":false
            },
            "south":{
              "texture":"#hair",
              "uv":[
                37.5,
                33.0,
                38.0,
                35.0
              ],
              "autoUv":false
            },
            "west":{
              "texture":"#hair",
              "uv":[
                38.0,
                33.0,
                38.5,
                35.0
              ],
              "autoUv":false
            },
            "down":{
              "texture":"#hair",
              "uv":[
                37.0,
                33.0,
                36.5,
                32.5
              ],
              "autoUv":false
            }
          },
          "children":[]
        },
        {
          "name":"Cube21",
          "from":[
            5.53,
            0.44,
            4.86
          ],
          "to":[
            6.13,
            2.44,
            5.46
          ],
          "rotationOrigin":[
            5.83,
            2.32,
            5.21
          ],
          "rotationX":21.74,
          "rotationY":4.35,
          "rotationZ":0.72,
          "group":"Scene Collection",
          "faces":{
            "north":{
              "texture":"#hair",
              "uv":[
                35.5,
                32.5,
                36.0,
                34.5
              ],
              "autoUv":false
            },
            "east":{
              "texture":"#hair",
              "uv":[
                36.0,
                32.5,
                36.5,
                34.5
              ],
              "autoUv":false
            },
            "south":{
              "texture":"#hair",
              "uv":[
                36.5,
                32.5,
                37.0,
                34.5
              ],
              "autoUv":false
            },
            "west":{
              "texture":"#hair",
              "uv":[
                37.0,
                32.5,
                37.5,
                34.5
              ],
              "autoUv":false
            },
            "down":{
              "texture":"#hair",
              "uv":[
                36.0,
                32.5,
                35.5,
                32.0
              ],
              "autoUv":false
            }
          },
          "children":[]
        },
        {
          "name":"Cube22",
          "from":[
            5.3,
            2.68,
            6.3
          ],
          "to":[
            5.9,
            4.68,
            6.9
          ],
          "rotationOrigin":[
            5.64,
            4.56,
            6.58
          ],
          "rotationX":-8.3,
          "rotationY":3.73,
          "rotationZ":-18.71,
          "group":"Scene Collection",
          "faces":{
            "north":{
              "texture":"#hair",
              "uv":[
                33.5,
                34.5,
                34.0,
                36.5
              ],
              "autoUv":false
            },
            "east":{
              "texture":"#hair",
              "uv":[
                34.0,
                34.5,
                34.5,
                36.5
              ],
              "autoUv":false
            },
            "south":{
              "texture":"#hair",
              "uv":[
                34.5,
                34.5,
                35.0,
                36.5
              ],
              "autoUv":false
            },
            "west":{
              "texture":"#hair",
              "uv":[
                35.0,
                34.5,
                35.5,
                36.5
              ],
              "autoUv":false
            },
            "down":{
              "texture":"#hair",
              "uv":[
                34.0,
                34.5,
                33.5,
                34.0
              ],
              "autoUv":false
            }
          },
          "children":[]
        },
        {
          "name":"Cube23",
          "from":[
            3.29,
            0.81,
            5.99
          ],
          "to":[
            3.89,
            2.81,
            6.59
          ],
          "rotationOrigin":[
            3.22,
            3.02,
            6.63
          ],
          "rotationX":-39.57,
          "rotationY":2.91,
          "rotationZ":-58.76,
          "group":"Scene Collection",
          "faces":{
            "north":{
              "texture":"#hair",
              "uv":[
                34.0,
                34.5,
                34.5,
                36.5
              ],
              "autoUv":false
            },
            "east":{
              "texture":"#hair",
              "uv":[
                34.5,
                34.5,
                35.0,
                36.5
              ],
              "autoUv":false
            },
            "south":{
              "texture":"#hair",
              "uv":[
                35.0,
                34.5,
                35.5,
                36.5
              ],
              "autoUv":false
            },
            "west":{
              "texture":"#hair",
              "uv":[
                35.5,
                34.5,
                36.0,
                36.5
              ],
              "autoUv":false
            },
            "down":{
              "texture":"#hair",
              "uv":[
                34.5,
                34.5,
                34.0,
                34.0
              ],
              "autoUv":false
            }
          },
          "children":[]
        },
        {
          "name":"Cube24",
          "from":[
            1.8,
            3.2,
            5.51
          ],
          "to":[
            2.4,
            4.2,
            6.21
          ],
          "rotationOrigin":[
            1.95,
            4.7,
            5.95
          ],
          "rotationX":-15.0,
          "rotationY":0.0,
          "rotationZ":-17.0,
          "group":"Scene Collection",
          "faces":{
            "north":{
              "texture":"#hair",
              "uv":[
                36.0,
                35.5,
                36.5,
                36.5
              ],
              "autoUv":false
            },
            "east":{
              "texture":"#hair",
              "uv":[
                36.5,
                35.5,
                37.0,
                36.5
              ],
              "autoUv":false
            },
            "south":{
              "texture":"#hair",
              "uv":[
                37.0,
                35.5,
                37.5,
                36.5
              ],
              "autoUv":false
            },
            "west":{
              "texture":"#hair",
              "uv":[
                37.5,
                35.5,
                38.0,
                36.5
              ],
              "autoUv":false
            },
            "down":{
              "texture":"#hair",
              "uv":[
                36.5,
                35.5,
                36.0,
                35.0
              ],
              "autoUv":false
            }
          },
          "children":[]
        },
        {
          "name":"Cube26",
          "from":[
            -0.69,
            4.68,
            -0.2
          ],
          "to":[
            -0.09,
            6.68,
            0.4
          ],
          "rotationOrigin":[
            -0.46,
            5.91,
            0.04
          ],
          "rotationX":13.4,
          "rotationY":9.37,
          "rotationZ":-20.63,
          "group":"Scene Collection",
          "faces":{
            "north":{
              "texture":"#hair",
              "uv":[
                33.5,
                35.5,
                34.0,
                37.5
              ],
              "autoUv":false
            },
            "east":{
              "texture":"#hair",
              "uv":[
                34.0,
                35.5,
                34.5,
                37.5
              ],
              "autoUv":false
            },
            "south":{
              "texture":"#hair",
              "uv":[
                34.5,
                35.5,
                35.0,
                37.5
              ],
              "autoUv":false
            },
            "west":{
              "texture":"#hair",
              "uv":[
                35.0,
                35.5,
                35.5,
                37.5
              ],
              "autoUv":false
            },
            "down":{
              "texture":"#hair",
              "uv":[
                34.0,
                35.5,
                33.5,
                35.0
              ],
              "autoUv":false
            }
          },
          "children":[]
        },
        {
          "name":"Dread1",
          "from":[
            0.88,
            4.51,
            0.0
          ],
          "to":[
            1.88,
            7.51,
            1.0
          ],
          "rotationOrigin":[
            1.5,
            8.0,
            0.3
          ],
          "rotationX":22.0,
          "rotationY":0.0,
          "rotationZ":14.0,
          "group":"Scene Collection",
          "faces":{
            "north":{
              "texture":"#hair",
              "uv":[
                30.5,
                32.0,
                31.5,
                35.0
              ],
              "autoUv":false
            },
            "east":{
              "texture":"#hair",
              "uv":[
                31.5,
                32.0,
                32.5,
                35.0
              ],
              "autoUv":false
            },
            "south":{
              "texture":"#hair",
              "uv":[
                32.5,
                32.0,
                33.5,
                35.0
              ],
              "autoUv":false
            },
            "west":{
              "texture":"#hair",
              "uv":[
                33.5,
                32.0,
                34.5,
                35.0
              ],
              "autoUv":false
            },
            "down":{
              "texture":"#hair",
              "uv":[
                31.5,
                32.0,
                30.5,
                31.0
              ],
              "autoUv":false
            }
          },
          "children":[]
        },
        {
          "name":"Dread10",
          "from":[
            4.67,
            4.06,
            4.77
          ],
          "to":[
            5.67,
            7.06,
            5.77
          ],
          "rotationOrigin":[
            5.15,
            6.95,
            5.2
          ],
          "rotationX":-30.0,
          "rotationY":-0.0,
          "rotationZ":10.0,
          "group":"Scene Collection",
          "faces":{
            "north":{
              "texture":"#hair",
              "uv":[
                28.5,
                35.0,
                29.5,
                38.0
              ],
              "autoUv":false
            },
            "east":{
              "texture":"#hair",
              "uv":[
                29.5,
                35.0,
                30.5,
                38.0
              ],
              "autoUv":false
            },
            "south":{
              "texture":"#hair",
              "uv":[
                30.5,
                35.0,
                31.5,
                38.0
              ],
              "autoUv":false
            },
            "west":{
              "texture":"#hair",
              "uv":[
                31.5,
                35.0,
                32.5,
                38.0
              ],
              "autoUv":false
            },
            "down":{
              "texture":"#hair",
              "uv":[
                29.5,
                35.0,
                28.5,
                34.0
              ],
              "autoUv":false
            }
          },
          "children":[]
        },
        {
          "name":"Dread11",
          "from":[
            3.74,
            2.05,
            4.43
          ],
          "to":[
            4.74,
            5.05,
            5.43
          ],
          "rotationOrigin":[
            4.1,
            5.5,
            5.2
          ],
          "rotationX":-30.0,
          "rotationY":0.0,
          "rotationZ":-17.0,
          "group":"Scene Collection",
          "faces":{
            "north":{
              "texture":"#hair",
              "uv":[
                35.0,
                32.5,
                36.0,
                35.5
              ],
              "autoUv":false
            },
            "east":{
              "texture":"#hair",
              "uv":[
                36.0,
                32.5,
                37.0,
                35.5
              ],
              "autoUv":false
            },
            "south":{
              "texture":"#hair",
              "uv":[
                37.0,
                32.5,
                38.0,
                35.5
              ],
              "autoUv":false
            },
            "west":{
              "texture":"#hair",
              "uv":[
                38.0,
                32.5,
                39.0,
                35.5
              ],
              "autoUv":false
            },
            "down":{
              "texture":"#hair",
              "uv":[
                36.0,
                32.5,
                35.0,
                31.5
              ],
              "autoUv":false
            }
          },
          "children":[]
        },
        {
          "name":"Dread12",
          "from":[
            1.63,
            3.97,
            4.56
          ],
          "to":[
            2.63,
            6.97,
            5.56
          ],
          "rotationOrigin":[
            2.1,
            7.5,
            5.2
          ],
          "rotationX":-15.0,
          "rotationY":-0.0,
          "rotationZ":-3.0,
          "group":"Scene Collection",
          "faces":{
            "north":{
              "texture":"#hair",
              "uv":[
                35.0,
                32.5,
                36.0,
                35.5
              ],
              "autoUv":false
            },
            "east":{
              "texture":"#hair",
              "uv":[
                36.0,
                32.5,
                37.0,
                35.5
              ],
              "autoUv":false
            },
            "south":{
              "texture":"#hair",
              "uv":[
                37.0,
                32.5,
                38.0,
                35.5
              ],
              "autoUv":false
            },
            "west":{
              "texture":"#hair",
              "uv":[
                38.0,
                32.5,
                39.0,
                35.5
              ],
              "autoUv":false
            },
            "down":{
              "texture":"#hair",
              "uv":[
                36.0,
                32.5,
                35.0,
                31.5
              ],
              "autoUv":false
            }
          },
          "children":[]
        },
        {
          "name":"Dread13",
          "from":[
            -0.01,
            5.56,
            4.8
          ],
          "to":[
            0.99,
            7.56,
            5.8
          ],
          "rotationOrigin":[
            0.5,
            7.5,
            5.36
          ],
          "rotationX":-15.0,
          "rotationY":0.0,
          "rotationZ":-11.0,
          "group":"Scene Collection",
          "faces":{
            "north":{
              "texture":"#hair",
              "uv":[
                35.0,
                32.5,
                36.0,
                34.5
              ],
              "autoUv":false
            },
            "east":{
              "texture":"#hair",
              "uv":[
                36.0,
                32.5,
                37.0,
                34.5
              ],
              "autoUv":false
            },
            "south":{
              "texture":"#hair",
              "uv":[
                37.0,
                32.5,
                38.0,
                34.5
              ],
              "autoUv":false
            },
            "west":{
              "texture":"#hair",
              "uv":[
                38.0,
                32.5,
                39.0,
                34.5
              ],
              "autoUv":false
            },
            "down":{
              "texture":"#hair",
              "uv":[
                36.0,
                32.5,
                35.0,
                31.5
              ],
              "autoUv":false
            }
          },
          "children":[]
        },
        {
          "name":"Dread25",
          "from":[
            -0.09,
            6.14,
            0.26
          ],
          "to":[
            0.91,
            7.14,
            1.26
          ],
          "rotationOrigin":[
            0.3,
            7.33,
            0.63
          ],
          "rotationX":30.0,
          "rotationY":0.0,
          "rotationZ":-30.0,
          "group":"Scene Collection",
          "faces":{
            "north":{
              "texture":"#hair",
              "uv":[
                35.0,
                32.5,
                36.0,
                33.5
              ],
              "autoUv":false
            },
            "east":{
              "texture":"#hair",
              "uv":[
                36.0,
                32.5,
                37.0,
                33.5
              ],
              "autoUv":false
            },
            "south":{
              "texture":"#hair",
              "uv":[
                37.0,
                32.5,
                38.0,
                33.5
              ],
              "autoUv":false
            },
            "west":{
              "texture":"#hair",
              "uv":[
                38.0,
                32.5,
                39.0,
                33.5
              ],
              "autoUv":false
            },
            "down":{
              "texture":"#hair",
              "uv":[
                36.0,
                32.5,
                35.0,
                31.5
              ],
              "autoUv":false
            }
          },
          "children":[]
        },
        {
          "name":"Dread4",
          "from":[
            4.28,
            2.58,
            0.0
          ],
          "to":[
            5.28,
            5.58,
            1.0
          ],
          "rotationOrigin":[
            4.5,
            6.0,
            0.3
          ],
          "rotationX":22.0,
          "rotationY":0.0,
          "rotationZ":-33.0,
          "group":"Scene Collection",
          "faces":{
            "north":{
              "texture":"#hair",
              "uv":[
                28.0,
                34.0,
                29.0,
                37.0
              ],
              "autoUv":false
            },
            "east":{
              "texture":"#hair",
              "uv":[
                29.0,
                34.0,
                30.0,
                37.0
              ],
              "autoUv":false
            },
            "south":{
              "texture":"#hair",
              "uv":[
                30.0,
                34.0,
                31.0,
                37.0
              ],
              "autoUv":false
            },
            "west":{
              "texture":"#hair",
              "uv":[
                31.0,
                34.0,
                32.0,
                37.0
              ],
              "autoUv":false
            },
            "down":{
              "texture":"#hair",
              "uv":[
                29.0,
                34.0,
                28.0,
                33.0
              ],
              "autoUv":false
            }
          },
          "children":[]
        },
        {
          "name":"Dread5",
          "from":[
            3.41,
            4.25,
            -0.25
          ],
          "to":[
            4.41,
            7.25,
            0.75
          ],
          "rotationOrigin":[
            3.85,
            7.15,
            0.3
          ],
          "rotationX":22.0,
          "rotationY":0.0,
          "rotationZ":28.0,
          "group":"Scene Collection",
          "faces":{
            "north":{
              "texture":"#hair",
              "uv":[
                28.5,
                32.0,
                29.5,
                35.0
              ],
              "autoUv":false
            },
            "east":{
              "texture":"#hair",
              "uv":[
                29.5,
                32.0,
                30.5,
                35.0
              ],
              "autoUv":false
            },
            "south":{
              "texture":"#hair",
              "uv":[
                30.5,
                32.0,
                31.5,
                35.0
              ],
              "autoUv":false
            },
            "west":{
              "texture":"#hair",
              "uv":[
                31.5,
                32.0,
                32.5,
                35.0
              ],
              "autoUv":false
            },
            "down":{
              "texture":"#hair",
              "uv":[
                29.5,
                32.0,
                28.5,
                31.0
              ],
              "autoUv":false
            }
          },
          "children":[]
        },
        {
          "name":"Dread6",
          "from":[
            4.98,
            2.57,
            0.77
          ],
          "to":[
            5.98,
            5.57,
            1.77
          ],
          "rotationOrigin":[
            5.45,
            5.45,
            1.3
          ],
          "rotationX":14.0,
          "rotationY":0.0,
          "rotationZ":14.0,
          "group":"Scene Collection",
          "faces":{
            "north":{
              "texture":"#hair",
              "uv":[
                34.5,
                35.5,
                35.5,
                38.5
              ],
              "autoUv":false
            },
            "east":{
              "texture":"#hair",
              "uv":[
                35.5,
                35.5,
                36.5,
                38.5
              ],
              "autoUv":false
            },
            "south":{
              "texture":"#hair",
              "uv":[
                36.5,
                35.5,
                37.5,
                38.5
              ],
              "autoUv":false
            },
            "west":{
              "texture":"#hair",
              "uv":[
                37.5,
                35.5,
                38.5,
                38.5
              ],
              "autoUv":false
            },
            "down":{
              "texture":"#hair",
              "uv":[
                35.5,
                35.5,
                34.5,
                34.5
              ],
              "autoUv":false
            }
          },
          "children":[]
        },
        {
          "name":"Dread7",
          "from":[
            4.99,
            4.57,
            2.8
          ],
          "to":[
            5.99,
            7.57,
            3.8
          ],
          "rotationOrigin":[
            5.45,
            7.45,
            3.3
          ],
          "rotationZ":14.0,
          "group":"Scene Collection",
          "faces":{
            "north":{
              "texture":"#hair",
              "uv":[
                29.0,
                35.0,
                30.0,
                38.0
              ],
              "autoUv":false
            },
            "east":{
              "texture":"#hair",
              "uv":[
                30.0,
                35.0,
                31.0,
                38.0
              ],
              "autoUv":false
            },
            "south":{
              "texture":"#hair",
              "uv":[
                31.0,
                35.0,
                32.0,
                38.0
              ],
              "autoUv":false
            },
            "west":{
              "texture":"#hair",
              "uv":[
                32.0,
                35.0,
                33.0,
                38.0
              ],
              "autoUv":false
            },
            "down":{
              "texture":"#hair",
              "uv":[
                30.0,
                35.0,
                29.0,
                34.0
              ],
              "autoUv":false
            }
          },
          "children":[]
        },
        {
          "name":"Dread8",
          "from":[
            4.99,
            0.87,
            2.19
          ],
          "to":[
            5.99,
            3.87,
            3.19
          ],
          "rotationOrigin":[
            5.45,
            3.75,
            2.7
          ],
          "rotationX":4.0,
          "rotationY":-0.0,
          "rotationZ":14.0,
          "group":"Scene Collection",
          "faces":{
            "north":{
              "texture":"#hair",
              "uv":[
                36.0,
                34.0,
                37.0,
                37.0
              ],
              "autoUv":false
            },
            "east":{
              "texture":"#hair",
              "uv":[
                37.0,
                34.0,
                38.0,
                37.0
              ],
              "autoUv":false
            },
            "south":{
              "texture":"#hair",
              "uv":[
                38.0,
                34.0,
                39.0,
                37.0
              ],
              "autoUv":false
            },
            "west":{
              "texture":"#hair",
              "uv":[
                39.0,
                34.0,
                40.0,
                37.0
              ],
              "autoUv":false
            },
            "down":{
              "texture":"#hair",
              "uv":[
                37.0,
                34.0,
                36.0,
                33.0
              ],
              "autoUv":false
            }
          },
          "children":[
            {
              "name":"Cube19",
              "from":[
                0.15,
                -2.7,
                0.2
              ],
              "to":[
                0.75,
                0.3,
                0.8
              ],
              "rotationOrigin":[
                0.47,
                0.17,
                0.51
              ],
              "rotationX":-0.0,
              "rotationY":-0.0,
              "rotationZ":-22.0,
              "group":"Scene Collection",
              "faces":{
                "north":{
                  "texture":"#hair",
                  "uv":[
                    34.5,
                    36.5,
                    35.0,
                    39.5
                  ],
                  "autoUv":false
                },
                "east":{
                  "texture":"#hair",
                  "uv":[
                    35.0,
                    36.5,
                    35.5,
                    39.5
                  ],
                  "autoUv":false
                },
                "south":{
                  "texture":"#hair",
                  "uv":[
                    35.5,
                    36.5,
                    36.0,
                    39.5
                  ],
                  "autoUv":false
                },
                "west":{
                  "texture":"#hair",
                  "uv":[
                    36.0,
                    36.5,
                    36.5,
                    39.5
                  ],
                  "autoUv":false
                },
                "down":{
                  "texture":"#hair",
                  "uv":[
                    35.0,
                    36.5,
                    34.5,
                    36.0
                  ],
                  "autoUv":false
                }
              },
              "children":[]
            }
          ]
        },
        {
          "name":"Dread9",
          "from":[
            4.97,
            2.07,
            4.23
          ],
          "to":[
            5.97,
            5.07,
            5.23
          ],
          "rotationOrigin":[
            5.45,
            4.95,
            4.7
          ],
          "rotationX":-11.0,
          "rotationY":0.0,
          "rotationZ":8.0,
          "group":"Scene Collection",
          "faces":{
            "north":{
              "texture":"#hair",
              "uv":[
                31.0,
                32.5,
                32.0,
                35.5
              ],
              "autoUv":false
            },
            "east":{
              "texture":"#hair",
              "uv":[
                32.0,
                32.5,
                33.0,
                35.5
              ],
              "autoUv":false
            },
            "south":{
              "texture":"#hair",
              "uv":[
                33.0,
                32.5,
                34.0,
                35.5
              ],
              "autoUv":false
            },
            "west":{
              "texture":"#hair",
              "uv":[
                34.0,
                32.5,
                35.0,
                35.5
              ],
              "autoUv":false
            },
            "down":{
              "texture":"#hair",
              "uv":[
                32.0,
                32.5,
                31.0,
                31.5
              ],
              "autoUv":false
            }
          },
          "children":[]
        },
        {
          "name":"Dreadlocks",
          "from":[
            0.0,
            0.0,
            0.0
          ],
          "to":[
            5.61,
            7.73,
            5.5
          ],
          "rotationOrigin":[
            3.2,
            5.1,
            2.8
          ],
          "group":"Scene Collection",
          "faces":{
            "north":{
              "texture":"#hair",
              "uv":[
                1.5,
                0.0,
                8.0,
                8.5
              ],
              "autoUv":false
            },
            "east":{
              "texture":"#hair",
              "uv":[
                36.5,
                13.5,
                42.0,
                22.0
              ],
              "autoUv":false
            },
            "south":{
              "texture":"#hair",
              "uv":[
                10.5,
                0.0,
                17.0,
                8.5
              ],
              "autoUv":false
            },
            "west":{
              "texture":"#hair",
              "uv":[
                6.5,
                0.0,
                12.0,
                8.5
              ],
              "autoUv":false
            },
            "up":{
              "texture":"#hair",
              "uv":[
                24.0,
                0.0,
                29.5,
                6.5
              ],
              "autoUv":false,
              "rotation":90
            }
          },
          "children":[]
        }
      ]
    }
  ],
  "groups":[]
}