{
  "textureWidth":48,
  "textureHeight":48,
  "textures":{
    "hair":"wheat"
  },
  "textureSizes":{
    "hair":[
      48,
      48
    ]
  },
  "elements":[
    {
      "name":"HairBaseRight",
      "from":[
        -0.2,
        -0.3,
        -0.1
      ],
      "to":[
        5.5,
        4.28,
        1.93
      ],
      "rotationOrigin":[
        2.8,
        2.7,
        2.5
      ],
      "stepParentName":"Head",
      "rotationX":1.0,
      "rotationY":-0.0,
      "rotationZ":-0.0,
      "group":"Scene Collection",
      "faces":{
        "north":{
          "texture":"#hair",
          "uv":[
            0.0,
            10.5,
            6.0,
            16.0
          ],
          "autoUv":false
        },
        "east":{
          "texture":"#hair",
          "uv":[
            10.0,
            0.0,
            12.0,
            5.5
          ],
          "autoUv":false
        },
        "west":{
          "texture":"#hair",
          "uv":[
            5.5,
            0.0,
            7.5,
            5.5
          ],
          "autoUv":false
        },
        "up":{
          "texture":"#hair",
          "uv":[
            19.5,
            11.0,
            25.5,
            13.0
          ],
          "autoUv":false
        }
      },
      "children":[]
    },
    {
      "name":"HairBaseLeft",
      "from":[
        -0.2,
        -0.3,
        3.1
      ],
      "to":[
        5.5,
        4.28,
        5.1
      ],
      "rotationOrigin":[
        2.8,
        2.7,
        2.7
      ],
      "stepParentName":"Head",
      "rotationX":-1.0,
      "rotationY":0.0,
      "rotationZ":-0.0,
      "group":"Scene Collection",
      "faces":{
        "east":{
          "texture":"#hair",
          "uv":[
            4.5,
            0.0,
            6.5,
            5.5
          ],
          "autoUv":false
        },
        "south":{
          "texture":"#hair",
          "uv":[
            0.0,
            10.5,
            6.0,
            16.0
          ],
          "autoUv":false
        },
        "west":{
          "texture":"#hair",
          "uv":[
            10.0,
            0.0,
            12.0,
            5.5
          ],
          "autoUv":false
        },
        "up":{
          "texture":"#hair",
          "uv":[
            19.5,
            11.0,
            25.5,
            13.0
          ],
          "autoUv":false,
          "rotation":180
        }
      },
      "children":[]
    }
  ],
  "groups":[]
}