{
  "textureWidth":48,
  "textureHeight":48,
  "textures":{
    "hair":"wheat"
  },
  "textureSizes":{
    "hair":[
      48,
      48
    ]
  },
  "elements":[
    {
      "name":"HairBase",
      "from":[
        -0.2,
        -0.3,
        -0.1
      ],
      "to":[
        5.46,
        4.51,
        5.1
      ],
      "rotationOrigin":[
        2.8,
        2.7,
        2.5
      ],
      "stepParentName":"Head",
      "group":"Scene Collection",
      "faces":{
        "east":{
          "texture":"#hair",
          "uv":[
            8.0,
            25.5,
            13.0,
            30.5
          ],
          "autoUv":false,
          "rotation":90
        },
        "up":{
          "texture":"#hair",
          "uv":[
            2.0,
            25.5,
            8.0,
            30.5
          ],
          "autoUv":false
        }
      },
      "children":[
        {
          "name":"Front",
          "from":[
            0.2,
            3.3,
            2.0
          ],
          "to":[
            0.2,
            5.3,
            3.0
          ],
          "rotationOrigin":[
            0.2,
            5.3,
            2.5
          ],
          "rotationZ":-14.0,
          "group":"Scene Collection",
          "faces":{
            "west":{
              "texture":"#hair",
              "uv":[
                17.0,
                12.5,
                18.0,
                14.5
              ],
              "autoUv":false
            }
          },
          "children":[]
        },
        {
          "name":"hideme",
          "from":[
            -0.0,
            0.0,
            0.0
          ],
          "to":[
            1.0,
            1.0,
            1.0
          ],
          "rotationOrigin":[
            -0.0,
            0.0,
            0.0
          ],
          "group":"Scene Collection",
          "faces":{},
          "children":[
            {
              "name":"BackL",
              "from":[
                5.0,
                0.0,
                2.6
              ],
              "to":[
                7.0,
                6.0,
                2.6
              ],
              "rotationOrigin":[
                5.0,
                3.0,
                2.6
              ],
              "rotationX":-0.0,
              "rotationY":-22.0,
              "rotationZ":-0.0,
              "group":"Scene Collection",
              "faces":{
                "north":{
                  "texture":"#hair",
                  "uv":[
                    0.5,
                    13.0,
                    6.5,
                    15.0
                  ],
                  "autoUv":false,
                  "rotation":90
                }
              },
              "children":[]
            },
            {
              "name":"BackR",
              "from":[
                5.0,
                0.0,
                2.6
              ],
              "to":[
                7.0,
                6.0,
                2.6
              ],
              "rotationOrigin":[
                5.0,
                3.0,
                2.6
              ],
              "rotationX":0.0,
              "rotationY":11.0,
              "rotationZ":-0.0,
              "group":"Scene Collection",
              "faces":{
                "north":{
                  "texture":"#hair",
                  "uv":[
                    0.5,
                    13.0,
                    6.5,
                    15.0
                  ],
                  "autoUv":false,
                  "rotation":90
                }
              },
              "children":[]
            },
            {
              "name":"SpikyBack",
              "from":[
                5.0,
                -0.0,
                2.6
              ],
              "to":[
                7.0,
                6.0,
                2.6
              ],
              "rotationOrigin":[
                5.0,
                -0.0,
                2.6
              ],
              "group":"Scene Collection",
              "faces":{
                "north":{
                  "texture":"#hair",
                  "uv":[
                    16.0,
                    4.0,
                    22.0,
                    6.0
                  ],
                  "autoUv":false,
                  "rotation":90
                }
              },
              "children":[]
            },
            {
              "name":"SpikyTop",
              "from":[
                -0.0,
                4.47,
                2.5
              ],
              "to":[
                6.4,
                6.47,
                2.5
              ],
              "rotationOrigin":[
                -0.0,
                4.47,
                2.5
              ],
              "group":"Scene Collection",
              "faces":{
                "north":{
                  "texture":"#hair",
                  "uv":[
                    20.0,
                    11.0,
                    26.0,
                    13.0
                  ],
                  "autoUv":false,
                  "rotation":180
                }
              },
              "children":[]
            },
            {
              "name":"TopL",
              "from":[
                -0.0,
                3.77,
                2.6
              ],
              "to":[
                6.4,
                5.77,
                2.6
              ],
              "rotationOrigin":[
                3.0,
                3.77,
                2.6
              ],
              "rotationX":22.0,
              "rotationY":-0.0,
              "rotationZ":-0.0,
              "group":"Scene Collection",
              "faces":{
                "north":{
                  "texture":"#hair",
                  "uv":[
                    13.0,
                    12.5,
                    19.0,
                    14.5
                  ],
                  "autoUv":false,
                  "rotation":180
                }
              },
              "children":[]
            },
            {
              "name":"TopR",
              "from":[
                -0.0,
                3.77,
                2.6
              ],
              "to":[
                6.4,
                5.77,
                2.6
              ],
              "rotationOrigin":[
                3.0,
                3.77,
                2.6
              ],
              "rotationX":-22.0,
              "rotationY":0.0,
              "rotationZ":-0.0,
              "group":"Scene Collection",
              "faces":{
                "north":{
                  "texture":"#hair",
                  "uv":[
                    7.0,
                    11.0,
                    13.0,
                    13.0
                  ],
                  "autoUv":false,
                  "rotation":180
                }
              },
              "children":[]
            }
          ]
        }
      ]
    }
  ],
  "groups":[]
}