{
  "textureWidth":48,
  "textureHeight":48,
  "textures":{
    "hair":"wheat"
  },
  "textureSizes":{
    "hair":[
      48,
      48
    ]
  },
  "elements":[
    {
      "name":"HairBase",
      "from":[
        -0.2,
        -0.4,
        -0.1
      ],
      "to":[
        5.44,
        4.44,
        4.9
      ],
      "rotationOrigin":[
        2.8,
        2.6,
        2.5
      ],
      "stepParentName":"Head",
      "group":"Scene Collection",
      "faces":{
        "north":{
          "texture":"#hair",
          "uv":[
            0.0,
            1.0,
            6.0,
            6.5
          ],
          "autoUv":false
        },
        "east":{
          "texture":"#hair",
          "uv":[
            8.5,
            2.0,
            13.5,
            7.5
          ],
          "autoUv":false
        },
        "west":{
          "texture":"#hair",
          "uv":[
            5.5,
            12.5,
            10.5,
            18.0
          ],
          "autoUv":false
        },
        "up":{
          "texture":"#hair",
          "uv":[
            15.0,
            3.0,
            21.0,
            8.0
          ],
          "autoUv":false
        }
      },
      "children":[
        {
          "name":"HairSide",
          "from":[
            -0.0,
            2.0,
            0.0
          ],
          "to":[
            5.91,
            5.0,
            0.0
          ],
          "rotationOrigin":[
            3.2,
            5.0,
            0.0
          ],
          "rotationX":6.0,
          "rotationY":-0.0,
          "rotationZ":-0.0,
          "group":"Scene Collection",
          "faces":{
            "north":{
              "texture":"#hair",
              "uv":[
                15.0,
                3.0,
                21.0,
                6.0
              ],
              "autoUv":false
            }
          },
          "children":[]
        },
        {
          "name":"HairTop",
          "from":[
            -0.0,
            4.74,
            -0.4
          ],
          "to":[
            5.91,
            4.74,
            1.6
          ],
          "rotationOrigin":[
            3.2,
            4.74,
            1.6
          ],
          "rotationX":17.0,
          "rotationY":-0.0,
          "rotationZ":-0.0,
          "group":"Scene Collection",
          "faces":{
            "up":{
              "texture":"#hair",
              "uv":[
                15.0,
                4.5,
                21.0,
                6.5
              ],
              "autoUv":false,
              "rotation":180
            }
          },
          "children":[]
        }
      ]
    },
    {
      "name":"HairOver",
      "from":[
        -0.3,
        -3.3,
        -0.2
      ],
      "to":[
        5.54,
        4.54,
        5.2
      ],
      "rotationOrigin":[
        2.7,
        2.7,
        2.5
      ],
      "stepParentName":"Head",
      "group":"Scene Collection",
      "faces":{},
      "children":[]
    }
  ],
  "groups":[]
}