{
  "textureWidth":48,
  "textureHeight":48,
  "textures":{
    "hair":"wheat"
  },
  "textureSizes":{
    "hair":[
      48,
      48
    ]
  },
  "elements":[
    {
      "name":"origin",
      "from":[
        -0.4,
        -2.0,
        -0.5
      ],
      "to":[
        0.6,
        -1.0,
        0.5
      ],
      "rotationOrigin":[
        -0.4,
        -2.0,
        -0.5
      ],
      "stepParentName":"Head",
      "group":"Scene Collection",
      "faces":{},
      "children":[
        {
          "name":"bangs",
          "from":[
            -0.1,
            4.64,
            -0.0
          ],
          "to":[
            -0.1,
            6.64,
            6.0
          ],
          "rotationOrigin":[
            -0.1,
            6.64,
            2.7
          ],
          "rotationZ":-19.0,
          "group":"Scene Collection",
          "faces":{
            "west":{
              "texture":"#hair",
              "uv":[
                7.0,
                11.0,
                13.0,
                13.0
              ],
              "autoUv":false
            }
          },
          "children":[]
        },
        {
          "name":"Hair tile upper part.001",
          "from":[
            -0.1,
            0.0,
            0.0
          ],
          "to":[
            6.02,
            6.72,
            6.0
          ],
          "rotationOrigin":[
            3.4,
            7.5,
            3.0
          ],
          "group":"Scene Collection",
          "faces":{
            "north":{
              "texture":"#hair",
              "uv":[
                12.5,
                1.0,
                19.5,
                8.5
              ],
              "autoUv":false
            },
            "east":{
              "texture":"#hair",
              "uv":[
                15.5,
                0.5,
                21.5,
                8.0
              ],
              "autoUv":false
            },
            "south":{
              "texture":"#hair",
              "uv":[
                16.0,
                1.0,
                23.0,
                8.5
              ],
              "autoUv":false
            },
            "west":{
              "texture":"#hair",
              "uv":[
                5.5,
                0.0,
                11.5,
                7.5
              ],
              "autoUv":false
            },
            "up":{
              "texture":"#hair",
              "uv":[
                26.5,
                10.5,
                32.5,
                17.5
              ],
              "autoUv":false,
              "rotation":90
            }
          },
          "children":[]
        },
        {
          "name":"hideme",
          "from":[
            0.0,
            -0.0,
            0.0
          ],
          "to":[
            1.0,
            1.0,
            1.0
          ],
          "rotationOrigin":[
            0.0,
            -0.0,
            0.0
          ],
          "group":"Scene Collection",
          "faces":{},
          "children":[
            {
              "name":"HairBack",
              "from":[
                5.98,
                2.7,
                -0.0
              ],
              "to":[
                5.98,
                5.7,
                6.0
              ],
              "rotationOrigin":[
                5.98,
                5.7,
                2.7
              ],
              "rotationZ":19.0,
              "group":"Scene Collection",
              "faces":{
                "east":{
                  "texture":"#hair",
                  "uv":[
                    20.5,
                    11.0,
                    26.5,
                    14.0
                  ],
                  "autoUv":false
                }
              },
              "children":[]
            },
            {
              "name":"HairBackUp",
              "from":[
                5.98,
                3.64,
                0.2
              ],
              "to":[
                5.98,
                6.64,
                5.7
              ],
              "rotationOrigin":[
                5.98,
                6.64,
                2.9
              ],
              "rotationZ":22.0,
              "group":"Scene Collection",
              "faces":{
                "east":{
                  "texture":"#hair",
                  "uv":[
                    34.5,
                    39.0,
                    40.0,
                    42.0
                  ],
                  "autoUv":false
                }
              },
              "children":[]
            },
            {
              "name":"HairBase",
              "from":[
                0.2,
                -1.1,
                0.2
              ],
              "to":[
                5.82,
                6.62,
                5.7
              ],
              "rotationOrigin":[
                3.4,
                4.0,
                3.0
              ],
              "group":"Scene Collection",
              "faces":{
                "north":{
                  "texture":"#hair",
                  "uv":[
                    1.0,
                    0.0,
                    7.5,
                    8.5
                  ],
                  "autoUv":false
                },
                "east":{
                  "texture":"#hair",
                  "uv":[
                    16.0,
                    0.0,
                    21.5,
                    8.5
                  ],
                  "autoUv":false
                },
                "south":{
                  "texture":"#hair",
                  "uv":[
                    11.0,
                    0.0,
                    17.5,
                    8.5
                  ],
                  "autoUv":false
                },
                "west":{
                  "texture":"#hair",
                  "uv":[
                    6.5,
                    0.0,
                    12.0,
                    8.5
                  ],
                  "autoUv":false
                },
                "up":{
                  "texture":"#hair",
                  "uv":[
                    24.0,
                    0.0,
                    29.5,
                    6.5
                  ],
                  "autoUv":false,
                  "rotation":90
                }
              },
              "children":[]
            },
            {
              "name":"HairLeft",
              "from":[
                0.5,
                2.0,
                6.0
              ],
              "to":[
                6.12,
                6.0,
                6.0
              ],
              "rotationOrigin":[
                3.5,
                6.0,
                6.0
              ],
              "rotationX":-22.0,
              "rotationY":0.0,
              "rotationZ":-0.0,
              "group":"Scene Collection",
              "faces":{
                "south":{
                  "texture":"#hair",
                  "uv":[
                    16.0,
                    3.0,
                    22.5,
                    7.0
                  ],
                  "autoUv":false
                }
              },
              "children":[]
            },
            {
              "name":"HairLeftUp",
              "from":[
                -0.0,
                2.71,
                5.8
              ],
              "to":[
                6.12,
                6.71,
                5.8
              ],
              "rotationOrigin":[
                3.0,
                6.71,
                5.8
              ],
              "rotationX":-22.0,
              "rotationY":0.0,
              "rotationZ":-0.0,
              "group":"Scene Collection",
              "faces":{
                "south":{
                  "texture":"#hair",
                  "uv":[
                    14.0,
                    11.5,
                    21.0,
                    15.5
                  ],
                  "autoUv":false
                }
              },
              "children":[]
            },
            {
              "name":"HairRight",
              "from":[
                0.5,
                2.0,
                0.0
              ],
              "to":[
                6.05,
                6.0,
                0.0
              ],
              "rotationOrigin":[
                3.5,
                6.0,
                0.0
              ],
              "rotationX":22.0,
              "rotationY":-0.0,
              "rotationZ":-0.0,
              "group":"Scene Collection",
              "faces":{
                "north":{
                  "texture":"#hair",
                  "uv":[
                    14.5,
                    3.0,
                    21.0,
                    7.0
                  ],
                  "autoUv":false
                }
              },
              "children":[]
            },
            {
              "name":"HairRightUp",
              "from":[
                0.2,
                2.71,
                0.0
              ],
              "to":[
                5.75,
                6.71,
                0.0
              ],
              "rotationOrigin":[
                3.2,
                6.71,
                0.0
              ],
              "rotationX":22.0,
              "rotationY":-0.0,
              "rotationZ":-0.0,
              "group":"Scene Collection",
              "faces":{
                "north":{
                  "texture":"#hair",
                  "uv":[
                    15.0,
                    11.5,
                    21.5,
                    15.5
                  ],
                  "autoUv":false
                }
              },
              "children":[]
            }
          ]
        }
      ]
    }
  ],
  "groups":[]
}