{
  "textureWidth":48,
  "textureHeight":48,
  "textures":{
    "hair":"wheat"
  },
  "textureSizes":{
    "hair":[
      48,
      48
    ]
  },
  "elements":[
    {
      "name":"Hair.001",
      "from":[
        -0.2,
        -3.1,
        -0.3
      ],
      "to":[
        5.56,
        4.47,
        5.2
      ],
      "rotationOrigin":[
        3.0,
        2.0,
        2.5
      ],
      "stepParentName":"Head",
      "rotationZ":-1.0,
      "group":"Scene Collection",
      "faces":{
        "north":{
          "texture":"#hair",
          "uv":[
            41.0,
            0.0,
            47.5,
            8.5
          ],
          "autoUv":false
        },
        "east":{
          "texture":"#hair",
          "uv":[
            37.0,
            13.0,
            42.5,
            21.5
          ],
          "autoUv":false
        },
        "south":{
          "texture":"#hair",
          "uv":[
            31.5,
            0.0,
            38.0,
            8.5
          ],
          "autoUv":false
        },
        "west":{
          "texture":"#hair",
          "uv":[
            32.0,
            39.0,
            37.5,
            47.5
          ],
          "autoUv":false
        },
        "up":{
          "texture":"#hair",
          "uv":[
            24.0,
            0.0,
            29.5,
            6.5
          ],
          "autoUv":false,
          "rotation":90
        }
      },
      "children":[
        {
          "name":"hideme",
          "from":[
            0.0,
            0.0,
            -0.0
          ],
          "to":[
            1.0,
            1.0,
            1.0
          ],
          "rotationOrigin":[
            0.0,
            0.0,
            -0.0
          ],
          "group":"Scene Collection",
          "faces":{},
          "children":[
            {
              "name":"StrandBack",
              "from":[
                5.55,
                2.25,
                2.1
              ],
              "to":[
                6.55,
                5.25,
                3.6
              ],
              "rotationOrigin":[
                5.75,
                5.25,
                2.3
              ],
              "rotationZ":19.0,
              "group":"Scene Collection",
              "faces":{
                "north":{
                  "texture":"#hair",
                  "uv":[
                    21.0,
                    26.0,
                    22.0,
                    29.0
                  ],
                  "autoUv":false
                },
                "east":{
                  "texture":"#hair",
                  "uv":[
                    22.0,
                    26.0,
                    23.5,
                    29.0
                  ],
                  "autoUv":false
                },
                "south":{
                  "texture":"#hair",
                  "uv":[
                    23.5,
                    26.0,
                    24.5,
                    29.0
                  ],
                  "autoUv":false
                },
                "up":{
                  "texture":"#hair",
                  "uv":[
                    21.0,
                    24.5,
                    22.0,
                    26.0
                  ],
                  "autoUv":false
                }
              },
              "children":[]
            },
            {
              "name":"StrandBack13",
              "from":[
                5.35,
                0.45,
                0.3
              ],
              "to":[
                6.35,
                5.45,
                5.3
              ],
              "rotationOrigin":[
                5.55,
                5.45,
                0.5
              ],
              "rotationZ":10.0,
              "group":"Scene Collection",
              "faces":{
                "north":{
                  "texture":"#hair",
                  "uv":[
                    38.5,
                    18.0,
                    39.5,
                    23.0
                  ],
                  "autoUv":false
                },
                "east":{
                  "texture":"#hair",
                  "uv":[
                    37.0,
                    18.0,
                    42.0,
                    23.0
                  ],
                  "autoUv":false
                },
                "south":{
                  "texture":"#hair",
                  "uv":[
                    42.5,
                    18.0,
                    43.5,
                    23.0
                  ],
                  "autoUv":false
                },
                "up":{
                  "texture":"#hair",
                  "uv":[
                    36.0,
                    13.0,
                    37.0,
                    18.0
                  ],
                  "autoUv":false
                }
              },
              "children":[]
            },
            {
              "name":"StrandBackL",
              "from":[
                5.95,
                5.05,
                2.7
              ],
              "to":[
                6.45,
                6.05,
                5.7
              ],
              "rotationOrigin":[
                6.25,
                5.35,
                5.7
              ],
              "rotationX":-15.0,
              "group":"Scene Collection",
              "faces":{
                "north":{
                  "texture":"#hair",
                  "uv":[
                    16.0,
                    33.5,
                    16.5,
                    34.5
                  ],
                  "autoUv":false
                },
                "east":{
                  "texture":"#hair",
                  "uv":[
                    16.5,
                    33.5,
                    19.5,
                    34.5
                  ],
                  "autoUv":false
                },
                "south":{
                  "texture":"#hair",
                  "uv":[
                    22.5,
                    33.5,
                    23.0,
                    34.5
                  ],
                  "autoUv":false
                },
                "down":{
                  "texture":"#hair",
                  "uv":[
                    22.5,
                    34.5,
                    19.5,
                    34.0
                  ],
                  "autoUv":false,
                  "rotation":90
                },
                "up":{
                  "texture":"#hair",
                  "uv":[
                    19.0,
                    31.5,
                    22.0,
                    32.0
                  ],
                  "autoUv":false,
                  "rotation":90
                }
              },
              "children":[]
            },
            {
              "name":"StrandBackR",
              "from":[
                5.95,
                5.05,
                -0.1
              ],
              "to":[
                6.45,
                6.05,
                2.9
              ],
              "rotationOrigin":[
                6.25,
                5.35,
                -0.1
              ],
              "rotationX":15.0,
              "group":"Scene Collection",
              "faces":{
                "north":{
                  "texture":"#hair",
                  "uv":[
                    16.0,
                    33.5,
                    16.5,
                    34.5
                  ],
                  "autoUv":false
                },
                "east":{
                  "texture":"#hair",
                  "uv":[
                    16.5,
                    33.5,
                    19.5,
                    34.5
                  ],
                  "autoUv":false
                },
                "south":{
                  "texture":"#hair",
                  "uv":[
                    22.5,
                    33.5,
                    23.0,
                    34.5
                  ],
                  "autoUv":false
                },
                "down":{
                  "texture":"#hair",
                  "uv":[
                    22.5,
                    34.5,
                    19.5,
                    34.0
                  ],
                  "autoUv":false,
                  "rotation":90
                },
                "up":{
                  "texture":"#hair",
                  "uv":[
                    19.0,
                    31.5,
                    22.0,
                    32.0
                  ],
                  "autoUv":false,
                  "rotation":90
                }
              },
              "children":[]
            },
            {
              "name":"StrandFace1",
              "from":[
                0.01,
                5.5,
                1.37
              ],
              "to":[
                0.01,
                7.39,
                2.63
              ],
              "rotationOrigin":[
                0.01,
                7.39,
                2.0
              ],
              "rotationX":28.0,
              "rotationY":-0.0,
              "rotationZ":-1.0,
              "group":"Scene Collection",
              "faces":{
                "west":{
                  "texture":"#hair",
                  "uv":[
                    45.5,
                    40.5,
                    47.5,
                    43.5
                  ],
                  "autoUv":false
                }
              },
              "children":[]
            },
            {
              "name":"StrandFace2",
              "from":[
                -0.09,
                5.5,
                3.37
              ],
              "to":[
                -0.09,
                7.39,
                4.63
              ],
              "rotationOrigin":[
                -0.09,
                7.39,
                4.0
              ],
              "rotationX":-28.0,
              "rotationY":0.0,
              "rotationZ":-1.0,
              "group":"Scene Collection",
              "faces":{
                "west":{
                  "texture":"#hair",
                  "uv":[
                    45.0,
                    41.0,
                    47.0,
                    44.0
                  ],
                  "autoUv":false
                }
              },
              "children":[]
            },
            {
              "name":"StrandLeft",
              "from":[
                0.11,
                6.16,
                5.3
              ],
              "to":[
                4.11,
                7.66,
                5.8
              ],
              "rotationOrigin":[
                0.11,
                6.41,
                5.55
              ],
              "rotationX":0.0,
              "rotationY":-7.0,
              "rotationZ":-19.0,
              "group":"Scene Collection",
              "faces":{
                "east":{
                  "texture":"#hair",
                  "uv":[
                    17.0,
                    33.5,
                    17.5,
                    35.0
                  ],
                  "autoUv":false
                },
                "south":{
                  "texture":"#hair",
                  "uv":[
                    17.5,
                    33.5,
                    21.5,
                    35.0
                  ],
                  "autoUv":false
                },
                "west":{
                  "texture":"#hair",
                  "uv":[
                    21.5,
                    33.5,
                    22.0,
                    35.0
                  ],
                  "autoUv":false
                },
                "down":{
                  "texture":"#hair",
                  "uv":[
                    25.0,
                    33.5,
                    21.0,
                    33.0
                  ],
                  "autoUv":false
                },
                "up":{
                  "texture":"#hair",
                  "uv":[
                    17.0,
                    33.0,
                    21.0,
                    33.5
                  ],
                  "autoUv":false
                }
              },
              "children":[]
            },
            {
              "name":"StrandLeft2",
              "from":[
                3.05,
                5.15,
                5.7
              ],
              "to":[
                6.55,
                6.15,
                6.2
              ],
              "rotationOrigin":[
                3.05,
                5.4,
                5.95
              ],
              "rotationX":-0.0,
              "rotationY":5.0,
              "rotationZ":-2.0,
              "group":"Scene Collection",
              "faces":{
                "east":{
                  "texture":"#hair",
                  "uv":[
                    20.5,
                    33.0,
                    21.0,
                    34.0
                  ],
                  "autoUv":false
                },
                "south":{
                  "texture":"#hair",
                  "uv":[
                    21.0,
                    33.0,
                    24.5,
                    34.0
                  ],
                  "autoUv":false
                },
                "west":{
                  "texture":"#hair",
                  "uv":[
                    24.5,
                    33.0,
                    25.0,
                    34.0
                  ],
                  "autoUv":false
                },
                "down":{
                  "texture":"#hair",
                  "uv":[
                    27.5,
                    33.0,
                    24.0,
                    32.5
                  ],
                  "autoUv":false
                },
                "up":{
                  "texture":"#hair",
                  "uv":[
                    20.5,
                    32.5,
                    24.0,
                    33.0
                  ],
                  "autoUv":false
                }
              },
              "children":[]
            },
            {
              "name":"StrandRight",
              "from":[
                0.11,
                6.16,
                -0.2
              ],
              "to":[
                4.11,
                7.66,
                0.3
              ],
              "rotationOrigin":[
                0.11,
                6.36,
                0.1
              ],
              "rotationX":-0.0,
              "rotationY":7.0,
              "rotationZ":-19.0,
              "group":"Scene Collection",
              "faces":{
                "north":{
                  "texture":"#hair",
                  "uv":[
                    19.0,
                    33.0,
                    23.0,
                    34.5
                  ],
                  "autoUv":false
                },
                "east":{
                  "texture":"#hair",
                  "uv":[
                    23.0,
                    33.0,
                    23.5,
                    34.5
                  ],
                  "autoUv":false
                },
                "west":{
                  "texture":"#hair",
                  "uv":[
                    23.5,
                    33.0,
                    24.0,
                    34.5
                  ],
                  "autoUv":false
                },
                "down":{
                  "texture":"#hair",
                  "uv":[
                    27.0,
                    33.0,
                    23.0,
                    32.5
                  ],
                  "autoUv":false
                },
                "up":{
                  "texture":"#hair",
                  "uv":[
                    19.0,
                    32.5,
                    23.0,
                    33.0
                  ],
                  "autoUv":false
                }
              },
              "children":[]
            },
            {
              "name":"StrandRight2",
              "from":[
                3.05,
                5.15,
                -0.6
              ],
              "to":[
                6.55,
                6.15,
                -0.1
              ],
              "rotationOrigin":[
                3.05,
                5.4,
                -0.35
              ],
              "rotationX":0.0,
              "rotationY":-5.0,
              "rotationZ":-2.0,
              "group":"Scene Collection",
              "faces":{
                "north":{
                  "texture":"#hair",
                  "uv":[
                    18.0,
                    34.0,
                    21.5,
                    35.0
                  ],
                  "autoUv":false
                },
                "east":{
                  "texture":"#hair",
                  "uv":[
                    21.5,
                    34.0,
                    22.0,
                    35.0
                  ],
                  "autoUv":false
                },
                "west":{
                  "texture":"#hair",
                  "uv":[
                    22.0,
                    34.0,
                    22.5,
                    35.0
                  ],
                  "autoUv":false
                },
                "down":{
                  "texture":"#hair",
                  "uv":[
                    25.0,
                    34.0,
                    21.5,
                    33.5
                  ],
                  "autoUv":false
                },
                "up":{
                  "texture":"#hair",
                  "uv":[
                    18.0,
                    33.5,
                    21.5,
                    34.0
                  ],
                  "autoUv":false
                }
              },
              "children":[]
            }
          ]
        }
      ]
    },
    {
      "name":"Hair tile upper part.001",
      "from":[
        -0.4,
        -2.0,
        -0.5
      ],
      "to":[
        5.61,
        4.64,
        5.5
      ],
      "rotationOrigin":[
        3.1,
        5.5,
        2.5
      ],
      "stepParentName":"Head",
      "group":"Scene Collection",
      "faces":{
        "north":{
          "texture":"#hair",
          "uv":[
            0.0,
            10.5,
            7.0,
            18.0
          ],
          "autoUv":false
        },
        "east":{
          "texture":"#hair",
          "uv":[
            13.0,
            10.5,
            19.0,
            18.0
          ],
          "autoUv":false
        },
        "south":{
          "texture":"#hair",
          "uv":[
            12.5,
            10.5,
            19.5,
            18.0
          ],
          "autoUv":false
        },
        "west":{
          "texture":"#hair",
          "uv":[
            6.5,
            11.0,
            12.5,
            18.5
          ],
          "autoUv":false
        },
        "up":{
          "texture":"#hair",
          "uv":[
            26.5,
            10.5,
            32.5,
            17.5
          ],
          "autoUv":false,
          "rotation":90
        }
      },
      "children":[]
    }
  ],
  "groups":[]
}