{
  "textureWidth":48,
  "textureHeight":48,
  "textures":{
    "hair":"wheat"
  },
  "textureSizes":{
    "hair":[
      48,
      48
    ]
  },
  "elements":[
    {
      "name":"Hair.001",
      "from":[
        -0.2,
        -3.1,
        -0.3
      ],
      "to":[
        5.59,
        4.32,
        5.2
      ],
      "rotationOrigin":[
        3.0,
        2.0,
        2.5
      ],
      "stepParentName":"Head",
      "rotationZ":-1.0,
      "group":"Scene Collection",
      "faces":{
        "north":{
          "texture":"#hair",
          "uv":[
            41.0,
            0.0,
            47.5,
            8.5
          ],
          "autoUv":false
        },
        "east":{
          "texture":"#hair",
          "uv":[
            37.0,
            8.5,
            42.5,
            17.0
          ],
          "autoUv":false
        },
        "south":{
          "texture":"#hair",
          "uv":[
            31.5,
            0.0,
            38.0,
            8.5
          ],
          "autoUv":false
        },
        "west":{
          "texture":"#hair",
          "uv":[
            42.5,
            14.5,
            48.0,
            23.0
          ],
          "autoUv":false
        },
        "up":{
          "texture":"#hair",
          "uv":[
            24.0,
            0.0,
            29.5,
            6.5
          ],
          "autoUv":false,
          "rotation":90
        }
      },
      "children":[
        {
          "name":"bangs",
          "from":[
            0.0,
            0.0,
            -0.0
          ],
          "to":[
            1.0,
            1.0,
            1.0
          ],
          "rotationOrigin":[
            0.0,
            0.0,
            -0.0
          ],
          "group":"Scene Collection",
          "faces":{},
          "children":[
            {
              "name":"StrandLeft1",
              "from":[
                -0.19,
                5.28,
                3.3
              ],
              "to":[
                -0.19,
                7.28,
                4.8
              ],
              "rotationOrigin":[
                -0.19,
                7.28,
                4.1
              ],
              "rotationX":-30.03,
              "rotationY":-2.6,
              "rotationZ":-20.5,
              "group":"Scene Collection",
              "faces":{
                "west":{
                  "texture":"#hair",
                  "uv":[
                    45.5,
                    39.5,
                    47.0,
                    41.5
                  ],
                  "autoUv":false
                }
              },
              "children":[
                {
                  "name":"StrandLeft2",
                  "from":[
                    0.0,
                    -2.0,
                    0.0
                  ],
                  "to":[
                    0.0,
                    -0.0,
                    1.5
                  ],
                  "rotationOrigin":[
                    0.0,
                    -0.0,
                    0.7
                  ],
                  "rotationX":0.0,
                  "rotationY":0.0,
                  "rotationZ":50.0,
                  "group":"Scene Collection",
                  "faces":{
                    "west":{
                      "texture":"#hair",
                      "uv":[
                        44.0,
                        42.0,
                        45.5,
                        44.0
                      ],
                      "autoUv":false
                    }
                  },
                  "children":[]
                }
              ]
            },
            {
              "name":"StrandRight",
              "from":[
                0.01,
                5.28,
                1.3
              ],
              "to":[
                0.01,
                7.28,
                2.8
              ],
              "rotationOrigin":[
                0.01,
                7.28,
                2.1
              ],
              "rotationX":28.03,
              "rotationY":-2.65,
              "rotationZ":-18.59,
              "group":"Scene Collection",
              "faces":{
                "west":{
                  "texture":"#hair",
                  "uv":[
                    45.5,
                    39.5,
                    47.0,
                    41.5
                  ],
                  "autoUv":false
                }
              },
              "children":[
                {
                  "name":"StrandRight2",
                  "from":[
                    0.0,
                    -2.0,
                    0.0
                  ],
                  "to":[
                    0.0,
                    0.0,
                    1.5
                  ],
                  "rotationOrigin":[
                    0.0,
                    0.0,
                    0.7
                  ],
                  "rotationX":-0.0,
                  "rotationY":-0.0,
                  "rotationZ":60.0,
                  "group":"Scene Collection",
                  "faces":{
                    "west":{
                      "texture":"#hair",
                      "uv":[
                        44.0,
                        42.0,
                        45.5,
                        44.0
                      ],
                      "autoUv":false
                    }
                  },
                  "children":[]
                }
              ]
            }
          ]
        },
        {
          "name":"HairExtension",
          "from":[
            5.79,
            -7.0,
            0.0
          ],
          "to":[
            5.79,
            0.0,
            5.5
          ],
          "rotationOrigin":[
            5.79,
            0.0,
            2.7
          ],
          "rotationZ":-5.0,
          "group":"Scene Collection",
          "faces":{
            "east":{
              "texture":"#hair",
              "uv":[
                36.5,
                15.5,
                42.0,
                22.5
              ],
              "autoUv":false
            }
          },
          "children":[]
        }
      ]
    },
    {
      "name":"Hair tile upper part.001",
      "from":[
        -0.5,
        -2.0,
        -0.5
      ],
      "to":[
        5.79,
        4.58,
        5.5
      ],
      "rotationOrigin":[
        3.0,
        5.5,
        2.5
      ],
      "stepParentName":"Head",
      "group":"Scene Collection",
      "faces":{
        "north":{
          "texture":"#hair",
          "uv":[
            0.0,
            10.5,
            7.0,
            18.0
          ],
          "autoUv":false
        },
        "east":{
          "texture":"#hair",
          "uv":[
            28.0,
            38.0,
            34.0,
            45.5
          ],
          "autoUv":false
        },
        "south":{
          "texture":"#hair",
          "uv":[
            12.0,
            10.5,
            19.0,
            18.0
          ],
          "autoUv":false
        },
        "west":{
          "texture":"#hair",
          "uv":[
            6.5,
            11.0,
            12.5,
            18.5
          ],
          "autoUv":false
        },
        "up":{
          "texture":"#hair",
          "uv":[
            26.5,
            10.5,
            32.5,
            17.5
          ],
          "autoUv":false,
          "rotation":90
        }
      },
      "children":[]
    }
  ],
  "groups":[]
}