{
  "textureWidth":48,
  "textureHeight":48,
  "textures":{
    "hair":"wheat"
  },
  "textureSizes":{
    "hair":[
      48,
      48
    ]
  },
  "elements":[
    {
      "name":"Hair.001",
      "from":[
        -0.2,
        -3.1,
        -0.3
      ],
      "to":[
        5.62,
        4.68,
        5.2
      ],
      "rotationOrigin":[
        3.0,
        2.0,
        2.5
      ],
      "group":"Scene Collection",
      "faces":{
        "north":{
          "texture":"#hair",
          "uv":[
            0.5,
            0.0,
            7.0,
            8.5
          ],
          "autoUv":false
        },
        "east":{
          "texture":"#hair",
          "uv":[
            37.0,
            8.5,
            42.5,
            17.0
          ],
          "autoUv":false
        },
        "south":{
          "texture":"#hair",
          "uv":[
            10.5,
            0.0,
            17.0,
            8.5
          ],
          "autoUv":false
        },
        "west":{
          "texture":"#hair",
          "uv":[
            6.0,
            0.0,
            11.5,
            8.5
          ],
          "autoUv":false
        },
        "up":{
          "texture":"#hair",
          "uv":[
            24.0,
            0.0,
            29.5,
            6.5
          ],
          "autoUv":false,
          "rotation":90
        }
      },
      "children":[
        {
          "name":"HairExLeft",
          "from":[
            3.5,
            0.0,
            5.4
          ],
          "to":[
            5.82,
            6.0,
            5.4
          ],
          "rotationOrigin":[
            3.5,
            0.0,
            5.4
          ],
          "rotationZ":-0.0,
          "group":"Scene Collection",
          "faces":{
            "south":{
              "texture":"#hair",
              "uv":[
                32.0,
                1.5,
                35.0,
                7.5
              ],
              "autoUv":false
            }
          },
          "children":[]
        },
        {
          "name":"HairExRight",
          "from":[
            3.5,
            0.0,
            0.2
          ],
          "to":[
            5.82,
            6.0,
            0.2
          ],
          "rotationOrigin":[
            3.5,
            0.0,
            0.2
          ],
          "rotationZ":-0.0,
          "group":"Scene Collection",
          "faces":{
            "north":{
              "texture":"#hair",
              "uv":[
                44.0,
                1.5,
                47.0,
                7.5
              ],
              "autoUv":false
            }
          },
          "children":[]
        },
        {
          "name":"hideme",
          "from":[
            -0.0,
            0.0,
            -0.0
          ],
          "to":[
            1.0,
            1.0,
            1.0
          ],
          "rotationOrigin":[
            -0.0,
            0.0,
            -0.0
          ],
          "rotationZ":-0.0,
          "group":"Scene Collection",
          "faces":{},
          "children":[
            {
              "name":"back loose",
              "from":[
                6.74,
                1.6,
                -0.2
              ],
              "to":[
                6.8,
                7.86,
                5.8
              ],
              "rotationOrigin":[
                6.8,
                8.6,
                2.8
              ],
              "rotationZ":5.0,
              "group":"Scene Collection",
              "faces":{
                "east":{
                  "texture":"#hair",
                  "uv":[
                    36.5,
                    15.5,
                    42.5,
                    22.5
                  ],
                  "autoUv":false
                }
              },
              "children":[]
            },
            {
              "name":"extension back",
              "from":[
                6.5,
                -7.0,
                -0.0
              ],
              "to":[
                6.5,
                -0.0,
                5.5
              ],
              "rotationOrigin":[
                6.5,
                -0.0,
                2.7
              ],
              "rotationZ":-5.0,
              "group":"Scene Collection",
              "faces":{
                "east":{
                  "texture":"#hair",
                  "uv":[
                    36.5,
                    17.5,
                    42.0,
                    24.5
                  ],
                  "autoUv":false
                }
              },
              "children":[]
            },
            {
              "name":"front short",
              "from":[
                -0.2,
                3.88,
                -0.2
              ],
              "to":[
                -0.2,
                7.88,
                5.8
              ],
              "rotationOrigin":[
                -0.2,
                7.88,
                2.8
              ],
              "rotationZ":-8.0,
              "group":"Scene Collection",
              "faces":{
                "west":{
                  "texture":"#hair",
                  "uv":[
                    34.5,
                    18.5,
                    40.5,
                    22.5
                  ],
                  "autoUv":false
                }
              },
              "children":[]
            },
            {
              "name":"hair lower N",
              "from":[
                0.3,
                0.6,
                -0.0
              ],
              "to":[
                5.62,
                4.6,
                -0.0
              ],
              "rotationOrigin":[
                3.8,
                4.6,
                -0.0
              ],
              "rotationX":16.0,
              "rotationY":-0.0,
              "rotationZ":-0.0,
              "group":"Scene Collection",
              "faces":{
                "north":{
                  "texture":"#hair",
                  "uv":[
                    41.5,
                    4.0,
                    47.5,
                    8.0
                  ],
                  "autoUv":false
                }
              },
              "children":[]
            },
            {
              "name":"hair lower S",
              "from":[
                0.3,
                -0.4,
                5.5
              ],
              "to":[
                5.62,
                4.6,
                5.5
              ],
              "rotationOrigin":[
                3.8,
                4.6,
                5.5
              ],
              "rotationX":-16.0,
              "rotationY":0.0,
              "rotationZ":-0.0,
              "group":"Scene Collection",
              "faces":{
                "south":{
                  "texture":"#hair",
                  "uv":[
                    31.5,
                    3.0,
                    37.5,
                    8.0
                  ],
                  "autoUv":false
                }
              },
              "children":[]
            },
            {
              "name":"hair upper N",
              "from":[
                -0.2,
                2.88,
                -0.2
              ],
              "to":[
                6.8,
                7.88,
                -0.2
              ],
              "rotationOrigin":[
                3.3,
                7.88,
                -0.2
              ],
              "rotationX":8.0,
              "rotationY":-0.0,
              "rotationZ":-0.0,
              "group":"Scene Collection",
              "faces":{
                "north":{
                  "texture":"#hair",
                  "uv":[
                    19.5,
                    24.0,
                    26.5,
                    29.0
                  ],
                  "autoUv":false
                }
              },
              "children":[]
            },
            {
              "name":"hair upper S",
              "from":[
                -0.2,
                2.88,
                5.8
              ],
              "to":[
                6.8,
                7.88,
                5.8
              ],
              "rotationOrigin":[
                3.3,
                7.88,
                5.8
              ],
              "rotationX":-8.0,
              "rotationY":0.0,
              "rotationZ":-0.0,
              "group":"Scene Collection",
              "faces":{
                "south":{
                  "texture":"#hair",
                  "uv":[
                    20.0,
                    24.5,
                    27.0,
                    29.5
                  ],
                  "autoUv":false
                }
              },
              "children":[]
            },
            {
              "name":"head L",
              "from":[
                -0.2,
                7.78,
                2.7
              ],
              "to":[
                6.8,
                8.28,
                5.3
              ],
              "rotationOrigin":[
                -0.2,
                7.78,
                2.7
              ],
              "rotationX":9.0,
              "rotationY":-0.1,
              "rotationZ":0.02,
              "group":"Scene Collection",
              "faces":{
                "north":{
                  "texture":"#hair",
                  "uv":[
                    30.0,
                    33.5,
                    37.0,
                    34.0
                  ],
                  "autoUv":false
                },
                "east":{
                  "texture":"#hair",
                  "uv":[
                    30.0,
                    34.0,
                    32.5,
                    34.5
                  ],
                  "autoUv":false
                },
                "south":{
                  "texture":"#hair",
                  "uv":[
                    32.5,
                    34.0,
                    39.5,
                    34.5
                  ],
                  "autoUv":false
                },
                "west":{
                  "texture":"#hair",
                  "uv":[
                    33.5,
                    34.5,
                    36.0,
                    35.0
                  ],
                  "autoUv":false
                },
                "up":{
                  "texture":"#hair",
                  "uv":[
                    30.0,
                    31.0,
                    37.0,
                    33.5
                  ],
                  "autoUv":false
                }
              },
              "children":[]
            },
            {
              "name":"head R",
              "from":[
                -0.2,
                7.78,
                0.25
              ],
              "to":[
                6.8,
                8.28,
                2.85
              ],
              "rotationOrigin":[
                -0.2,
                7.78,
                2.9
              ],
              "rotationX":-9.0,
              "rotationY":-0.1,
              "rotationZ":-0.02,
              "group":"Scene Collection",
              "faces":{
                "north":{
                  "texture":"#hair",
                  "uv":[
                    29.5,
                    36.0,
                    36.5,
                    36.5
                  ],
                  "autoUv":false
                },
                "east":{
                  "texture":"#hair",
                  "uv":[
                    29.5,
                    35.0,
                    32.0,
                    35.5
                  ],
                  "autoUv":false
                },
                "south":{
                  "texture":"#hair",
                  "uv":[
                    32.0,
                    35.5,
                    39.0,
                    36.0
                  ],
                  "autoUv":false
                },
                "west":{
                  "texture":"#hair",
                  "uv":[
                    32.5,
                    33.5,
                    35.0,
                    34.0
                  ],
                  "autoUv":false
                },
                "up":{
                  "texture":"#hair",
                  "uv":[
                    32.0,
                    31.0,
                    39.0,
                    33.5
                  ],
                  "autoUv":false
                }
              },
              "children":[]
            },
            {
              "name":"long strand front",
              "from":[
                -0.11,
                0.6,
                -0.0
              ],
              "to":[
                -0.1,
                7.86,
                1.5
              ],
              "rotationOrigin":[
                -0.1,
                8.6,
                1.0
              ],
              "rotationZ":1.0,
              "group":"Scene Collection",
              "faces":{
                "west":{
                  "texture":"#hair",
                  "uv":[
                    42.5,
                    14.5,
                    44.0,
                    22.5
                  ],
                  "autoUv":false
                }
              },
              "children":[]
            }
          ]
        }
      ]
    },
    {
      "name":"Hair tile upper part.001",
      "from":[
        -0.4,
        -2.0,
        -0.5
      ],
      "to":[
        5.92,
        4.78,
        5.5
      ],
      "rotationOrigin":[
        3.1,
        5.5,
        2.5
      ],
      "group":"Scene Collection",
      "faces":{
        "north":{
          "texture":"#hair",
          "uv":[
            0.0,
            10.5,
            7.0,
            18.0
          ],
          "autoUv":false
        },
        "east":{
          "texture":"#hair",
          "uv":[
            28.0,
            38.0,
            34.0,
            45.5
          ],
          "autoUv":false
        },
        "south":{
          "texture":"#hair",
          "uv":[
            12.0,
            10.5,
            19.0,
            18.0
          ],
          "autoUv":false
        },
        "west":{
          "texture":"#hair",
          "uv":[
            34.0,
            39.0,
            40.0,
            46.5
          ],
          "autoUv":false
        },
        "up":{
          "texture":"#hair",
          "uv":[
            26.5,
            10.5,
            32.5,
            17.5
          ],
          "autoUv":false,
          "rotation":90
        }
      },
      "children":[]
    }
  ],
  "groups":[]
}