{
  "textureWidth":48,
  "textureHeight":48,
  "textures":{
    "hair":"silverchalice"
  },
  "textureSizes":{
    "hair":[
      48,
      48
    ]
  },
  "elements":[
    {
      "name":"Hair.001",
      "from":[
        -0.19,
        -3.1,
        -0.3
      ],
      "to":[
        5.45,
        4.44,
        5.2
      ],
      "rotationOrigin":[
        3.0,
        2.0,
        2.5
      ],
      "stepParentName":"Head",
      "group":"Scene Collection",
      "faces":{
        "north":{
          "texture":"#hair",
          "uv":[
            33.0,
            34.5,
            39.5,
            43.0
          ],
          "autoUv":false
        },
        "east":{
          "texture":"#hair",
          "uv":[
            33.5,
            34.0,
            39.0,
            42.5
          ],
          "autoUv":false
        },
        "south":{
          "texture":"#hair",
          "uv":[
            33.0,
            35.0,
            39.5,
            43.5
          ],
          "autoUv":false
        },
        "west":{
          "texture":"#hair",
          "uv":[
            39.5,
            31.0,
            45.0,
            39.5
          ],
          "autoUv":false
        },
        "up":{
          "texture":"#hair",
          "uv":[
            33.0,
            32.0,
            38.5,
            38.5
          ],
          "autoUv":false,
          "rotation":90
        }
      },
      "children":[
        {
          "name":"Dreadlock20",
          "from":[
            -0.0,
            2.31,
            -0.0
          ],
          "to":[
            1.0,
            7.31,
            1.0
          ],
          "rotationOrigin":[
            0.5,
            7.31,
            0.5
          ],
          "rotationX":8.0,
          "rotationY":0.0,
          "rotationZ":-28.0,
          "group":"Scene Collection",
          "faces":{
            "north":{
              "texture":"#hair",
              "uv":[
                34.0,
                36.5,
                35.0,
                41.5
              ],
              "autoUv":false
            },
            "south":{
              "texture":"#hair",
              "uv":[
                35.0,
                36.5,
                36.0,
                41.5
              ],
              "autoUv":false
            },
            "west":{
              "texture":"#hair",
              "uv":[
                36.0,
                36.5,
                37.0,
                41.5
              ],
              "autoUv":false
            }
          },
          "children":[]
        },
        {
          "name":"Dreadlock21",
          "from":[
            -0.0,
            4.31,
            4.0
          ],
          "to":[
            1.0,
            7.31,
            5.0
          ],
          "rotationOrigin":[
            0.5,
            7.31,
            4.5
          ],
          "rotationX":-17.0,
          "rotationY":0.0,
          "rotationZ":-28.0,
          "group":"Scene Collection",
          "faces":{
            "north":{
              "texture":"#hair",
              "uv":[
                33.0,
                38.5,
                34.0,
                41.5
              ],
              "autoUv":false
            },
            "south":{
              "texture":"#hair",
              "uv":[
                34.0,
                38.5,
                35.0,
                41.5
              ],
              "autoUv":false
            },
            "west":{
              "texture":"#hair",
              "uv":[
                35.0,
                38.5,
                36.0,
                41.5
              ],
              "autoUv":false
            }
          },
          "children":[]
        },
        {
          "name":"Dreadlock22",
          "from":[
            -0.0,
            5.81,
            2.0
          ],
          "to":[
            1.0,
            7.31,
            3.0
          ],
          "rotationOrigin":[
            0.5,
            7.31,
            2.5
          ],
          "rotationX":11.0,
          "rotationY":-0.0,
          "rotationZ":-44.0,
          "group":"Scene Collection",
          "faces":{
            "north":{
              "texture":"#hair",
              "uv":[
                34.0,
                39.5,
                35.0,
                41.0
              ],
              "autoUv":false
            },
            "south":{
              "texture":"#hair",
              "uv":[
                35.0,
                39.5,
                36.0,
                41.0
              ],
              "autoUv":false
            },
            "west":{
              "texture":"#hair",
              "uv":[
                36.0,
                39.5,
                37.0,
                41.0
              ],
              "autoUv":false
            }
          },
          "children":[]
        },
        {
          "name":"hideme",
          "from":[
            0.0,
            0.0,
            -0.0
          ],
          "to":[
            1.0,
            1.0,
            1.0
          ],
          "rotationOrigin":[
            0.0,
            0.0,
            -0.0
          ],
          "group":"Scene Collection",
          "faces":{},
          "children":[
            {
              "name":"Dreadlock10",
              "from":[
                1.0,
                1.0,
                -0.0
              ],
              "to":[
                2.0,
                4.0,
                1.0
              ],
              "rotationOrigin":[
                1.5,
                4.0,
                0.5
              ],
              "rotationX":14.0,
              "rotationY":0.0,
              "rotationZ":-19.0,
              "group":"Scene Collection",
              "faces":{
                "north":{
                  "texture":"#hair",
                  "uv":[
                    34.0,
                    38.5,
                    35.0,
                    41.5
                  ],
                  "autoUv":false
                },
                "east":{
                  "texture":"#hair",
                  "uv":[
                    35.0,
                    38.5,
                    36.0,
                    41.5
                  ],
                  "autoUv":false
                },
                "west":{
                  "texture":"#hair",
                  "uv":[
                    36.0,
                    38.5,
                    37.0,
                    41.5
                  ],
                  "autoUv":false
                }
              },
              "children":[]
            },
            {
              "name":"Dreadlock11",
              "from":[
                1.0,
                3.31,
                -0.0
              ],
              "to":[
                2.0,
                6.31,
                1.0
              ],
              "rotationOrigin":[
                1.5,
                6.31,
                0.5
              ],
              "rotationX":28.0,
              "rotationY":-0.0,
              "rotationZ":-17.0,
              "group":"Scene Collection",
              "faces":{
                "north":{
                  "texture":"#hair",
                  "uv":[
                    34.0,
                    37.5,
                    35.0,
                    40.5
                  ],
                  "autoUv":false
                },
                "east":{
                  "texture":"#hair",
                  "uv":[
                    35.0,
                    37.5,
                    36.0,
                    40.5
                  ],
                  "autoUv":false
                },
                "west":{
                  "texture":"#hair",
                  "uv":[
                    36.0,
                    37.5,
                    37.0,
                    40.5
                  ],
                  "autoUv":false
                }
              },
              "children":[]
            },
            {
              "name":"Dreadlock12",
              "from":[
                3.89,
                3.31,
                -0.0
              ],
              "to":[
                4.89,
                7.31,
                1.0
              ],
              "rotationOrigin":[
                4.39,
                7.31,
                0.5
              ],
              "rotationX":30.0,
              "rotationY":0.0,
              "rotationZ":10.0,
              "group":"Scene Collection",
              "faces":{
                "north":{
                  "texture":"#hair",
                  "uv":[
                    34.0,
                    37.5,
                    35.0,
                    41.5
                  ],
                  "autoUv":false
                },
                "east":{
                  "texture":"#hair",
                  "uv":[
                    35.0,
                    37.5,
                    36.0,
                    41.5
                  ],
                  "autoUv":false
                },
                "west":{
                  "texture":"#hair",
                  "uv":[
                    36.0,
                    37.5,
                    37.0,
                    41.5
                  ],
                  "autoUv":false
                }
              },
              "children":[]
            },
            {
              "name":"Dreadlock13",
              "from":[
                3.89,
                1.0,
                -0.0
              ],
              "to":[
                4.89,
                5.0,
                1.0
              ],
              "rotationOrigin":[
                4.39,
                5.0,
                0.5
              ],
              "rotationX":30.0,
              "rotationY":-0.0,
              "rotationZ":19.0,
              "group":"Scene Collection",
              "faces":{
                "north":{
                  "texture":"#hair",
                  "uv":[
                    33.0,
                    37.5,
                    34.0,
                    41.5
                  ],
                  "autoUv":false
                },
                "east":{
                  "texture":"#hair",
                  "uv":[
                    34.0,
                    37.5,
                    35.0,
                    41.5
                  ],
                  "autoUv":false
                },
                "west":{
                  "texture":"#hair",
                  "uv":[
                    35.0,
                    37.5,
                    36.0,
                    41.5
                  ],
                  "autoUv":false
                }
              },
              "children":[]
            },
            {
              "name":"Dreadlock14",
              "from":[
                2.5,
                4.31,
                -0.0
              ],
              "to":[
                3.5,
                7.31,
                1.0
              ],
              "rotationOrigin":[
                3.0,
                7.31,
                0.5
              ],
              "rotationX":42.0,
              "rotationY":-0.0,
              "rotationZ":25.0,
              "group":"Scene Collection",
              "faces":{
                "north":{
                  "texture":"#hair",
                  "uv":[
                    36.0,
                    36.5,
                    37.0,
                    39.5
                  ],
                  "autoUv":false
                },
                "east":{
                  "texture":"#hair",
                  "uv":[
                    37.0,
                    36.5,
                    38.0,
                    39.5
                  ],
                  "autoUv":false
                },
                "west":{
                  "texture":"#hair",
                  "uv":[
                    38.0,
                    36.5,
                    39.0,
                    39.5
                  ],
                  "autoUv":false
                }
              },
              "children":[]
            },
            {
              "name":"Dreadlock15",
              "from":[
                4.69,
                1.0,
                3.2
              ],
              "to":[
                5.69,
                5.0,
                4.2
              ],
              "rotationOrigin":[
                5.19,
                5.0,
                3.7
              ],
              "rotationX":-14.0,
              "rotationY":0.0,
              "rotationZ":19.0,
              "group":"Scene Collection",
              "faces":{
                "north":{
                  "texture":"#hair",
                  "uv":[
                    34.0,
                    36.5,
                    35.0,
                    40.5
                  ],
                  "autoUv":false
                },
                "east":{
                  "texture":"#hair",
                  "uv":[
                    35.0,
                    36.5,
                    36.0,
                    40.5
                  ],
                  "autoUv":false
                },
                "south":{
                  "texture":"#hair",
                  "uv":[
                    36.0,
                    36.5,
                    37.0,
                    40.5
                  ],
                  "autoUv":false
                }
              },
              "children":[]
            },
            {
              "name":"Dreadlock16",
              "from":[
                4.52,
                3.0,
                0.2
              ],
              "to":[
                5.52,
                7.0,
                1.2
              ],
              "rotationOrigin":[
                5.02,
                7.0,
                0.7
              ],
              "rotationX":14.0,
              "rotationY":0.0,
              "rotationZ":25.0,
              "group":"Scene Collection",
              "faces":{
                "north":{
                  "texture":"#hair",
                  "uv":[
                    34.0,
                    37.5,
                    35.0,
                    41.5
                  ],
                  "autoUv":false
                },
                "east":{
                  "texture":"#hair",
                  "uv":[
                    35.0,
                    37.5,
                    36.0,
                    41.5
                  ],
                  "autoUv":false
                },
                "south":{
                  "texture":"#hair",
                  "uv":[
                    36.0,
                    37.5,
                    37.0,
                    41.5
                  ],
                  "autoUv":false
                }
              },
              "children":[]
            },
            {
              "name":"Dreadlock17",
              "from":[
                4.49,
                0.5,
                0.9
              ],
              "to":[
                5.49,
                3.5,
                1.9
              ],
              "rotationOrigin":[
                4.99,
                3.5,
                1.4
              ],
              "rotationX":14.0,
              "rotationY":0.0,
              "rotationZ":25.0,
              "group":"Scene Collection",
              "faces":{
                "north":{
                  "texture":"#hair",
                  "uv":[
                    34.0,
                    38.5,
                    35.0,
                    41.5
                  ],
                  "autoUv":false
                },
                "east":{
                  "texture":"#hair",
                  "uv":[
                    35.0,
                    38.5,
                    36.0,
                    41.5
                  ],
                  "autoUv":false
                },
                "south":{
                  "texture":"#hair",
                  "uv":[
                    36.0,
                    38.5,
                    37.0,
                    41.5
                  ],
                  "autoUv":false
                }
              },
              "children":[]
            },
            {
              "name":"Dreadlock18",
              "from":[
                4.32,
                3.5,
                3.9
              ],
              "to":[
                5.32,
                6.5,
                4.9
              ],
              "rotationOrigin":[
                4.82,
                6.5,
                4.4
              ],
              "rotationX":-33.0,
              "rotationY":0.0,
              "rotationZ":39.0,
              "group":"Scene Collection",
              "faces":{
                "north":{
                  "texture":"#hair",
                  "uv":[
                    34.0,
                    38.5,
                    35.0,
                    41.5
                  ],
                  "autoUv":false
                },
                "east":{
                  "texture":"#hair",
                  "uv":[
                    35.0,
                    38.5,
                    36.0,
                    41.5
                  ],
                  "autoUv":false
                },
                "south":{
                  "texture":"#hair",
                  "uv":[
                    36.0,
                    38.5,
                    37.0,
                    41.5
                  ],
                  "autoUv":false
                }
              },
              "children":[]
            },
            {
              "name":"Dreadlock19",
              "from":[
                4.02,
                2.5,
                1.9
              ],
              "to":[
                5.02,
                6.5,
                2.9
              ],
              "rotationOrigin":[
                4.52,
                7.5,
                2.4
              ],
              "rotationX":-6.0,
              "rotationY":0.0,
              "rotationZ":33.0,
              "group":"Scene Collection",
              "faces":{
                "north":{
                  "texture":"#hair",
                  "uv":[
                    34.0,
                    38.5,
                    35.0,
                    42.5
                  ],
                  "autoUv":false
                },
                "east":{
                  "texture":"#hair",
                  "uv":[
                    35.0,
                    38.5,
                    36.0,
                    42.5
                  ],
                  "autoUv":false
                },
                "south":{
                  "texture":"#hair",
                  "uv":[
                    36.0,
                    38.5,
                    37.0,
                    42.5
                  ],
                  "autoUv":false
                }
              },
              "children":[]
            },
            {
              "name":"Dreadlock4",
              "from":[
                1.0,
                3.31,
                4.6
              ],
              "to":[
                2.0,
                7.31,
                5.6
              ],
              "rotationOrigin":[
                1.5,
                7.31,
                5.1
              ],
              "rotationX":-19.0,
              "rotationY":-0.0,
              "rotationZ":-8.0,
              "group":"Scene Collection",
              "faces":{
                "east":{
                  "texture":"#hair",
                  "uv":[
                    34.5,
                    37.5,
                    35.5,
                    41.5
                  ],
                  "autoUv":false
                },
                "south":{
                  "texture":"#hair",
                  "uv":[
                    35.5,
                    37.5,
                    36.5,
                    41.5
                  ],
                  "autoUv":false
                },
                "west":{
                  "texture":"#hair",
                  "uv":[
                    36.5,
                    37.5,
                    37.5,
                    41.5
                  ],
                  "autoUv":false
                }
              },
              "children":[]
            },
            {
              "name":"Dreadlock5",
              "from":[
                3.0,
                3.0,
                4.6
              ],
              "to":[
                4.0,
                6.0,
                5.6
              ],
              "rotationOrigin":[
                3.5,
                6.0,
                5.1
              ],
              "rotationX":-30.0,
              "rotationY":0.0,
              "rotationZ":11.0,
              "group":"Scene Collection",
              "faces":{
                "east":{
                  "texture":"#hair",
                  "uv":[
                    33.5,
                    38.5,
                    34.5,
                    41.5
                  ],
                  "autoUv":false
                },
                "south":{
                  "texture":"#hair",
                  "uv":[
                    34.5,
                    38.5,
                    35.5,
                    41.5
                  ],
                  "autoUv":false
                },
                "west":{
                  "texture":"#hair",
                  "uv":[
                    35.5,
                    38.5,
                    36.5,
                    41.5
                  ],
                  "autoUv":false
                }
              },
              "children":[]
            },
            {
              "name":"Dreadlock6",
              "from":[
                2.0,
                1.0,
                4.3
              ],
              "to":[
                3.0,
                5.0,
                5.3
              ],
              "rotationOrigin":[
                2.5,
                5.0,
                4.8
              ],
              "rotationX":-39.0,
              "rotationY":-0.0,
              "rotationZ":-19.0,
              "group":"Scene Collection",
              "faces":{
                "east":{
                  "texture":"#hair",
                  "uv":[
                    34.5,
                    37.5,
                    35.5,
                    41.5
                  ],
                  "autoUv":false
                },
                "south":{
                  "texture":"#hair",
                  "uv":[
                    35.5,
                    37.5,
                    36.5,
                    41.5
                  ],
                  "autoUv":false
                },
                "west":{
                  "texture":"#hair",
                  "uv":[
                    36.5,
                    37.5,
                    37.5,
                    41.5
                  ],
                  "autoUv":false
                }
              },
              "children":[]
            },
            {
              "name":"Dreadlock7",
              "from":[
                3.89,
                1.0,
                4.3
              ],
              "to":[
                4.89,
                4.0,
                5.3
              ],
              "rotationOrigin":[
                4.39,
                4.0,
                4.8
              ],
              "rotationX":-36.0,
              "rotationY":0.0,
              "rotationZ":22.0,
              "group":"Scene Collection",
              "faces":{
                "east":{
                  "texture":"#hair",
                  "uv":[
                    33.5,
                    38.5,
                    34.5,
                    41.5
                  ],
                  "autoUv":false
                },
                "south":{
                  "texture":"#hair",
                  "uv":[
                    34.5,
                    38.5,
                    35.5,
                    41.5
                  ],
                  "autoUv":false
                },
                "west":{
                  "texture":"#hair",
                  "uv":[
                    35.5,
                    38.5,
                    36.5,
                    41.5
                  ],
                  "autoUv":false
                }
              },
              "children":[]
            },
            {
              "name":"Dreadlock8",
              "from":[
                4.83,
                4.31,
                4.48
              ],
              "to":[
                5.83,
                7.31,
                5.48
              ],
              "rotationOrigin":[
                5.33,
                7.31,
                4.98
              ],
              "rotationX":-30.0,
              "rotationY":0.0,
              "rotationZ":-8.0,
              "group":"Scene Collection",
              "faces":{
                "east":{
                  "texture":"#hair",
                  "uv":[
                    33.5,
                    38.5,
                    34.5,
                    41.5
                  ],
                  "autoUv":false
                },
                "south":{
                  "texture":"#hair",
                  "uv":[
                    34.5,
                    38.5,
                    35.5,
                    41.5
                  ],
                  "autoUv":false
                },
                "west":{
                  "texture":"#hair",
                  "uv":[
                    35.5,
                    38.5,
                    36.5,
                    41.5
                  ],
                  "autoUv":false
                }
              },
              "children":[]
            },
            {
              "name":"Dreadlock9",
              "from":[
                3.0,
                1.0,
                -0.0
              ],
              "to":[
                4.0,
                5.0,
                1.0
              ],
              "rotationOrigin":[
                3.5,
                5.0,
                0.5
              ],
              "rotationX":42.0,
              "rotationY":-0.0,
              "rotationZ":-11.0,
              "group":"Scene Collection",
              "faces":{
                "north":{
                  "texture":"#hair",
                  "uv":[
                    34.0,
                    36.5,
                    35.0,
                    40.5
                  ],
                  "autoUv":false
                },
                "east":{
                  "texture":"#hair",
                  "uv":[
                    35.0,
                    36.5,
                    36.0,
                    40.5
                  ],
                  "autoUv":false
                },
                "west":{
                  "texture":"#hair",
                  "uv":[
                    36.0,
                    36.5,
                    37.0,
                    40.5
                  ],
                  "autoUv":false
                }
              },
              "children":[]
            }
          ]
        }
      ]
    },
    {
      "name":"Hair tile upper part.001",
      "from":[
        -0.4,
        -2.0,
        -0.5
      ],
      "to":[
        5.74,
        4.54,
        5.5
      ],
      "rotationOrigin":[
        3.1,
        5.5,
        2.5
      ],
      "stepParentName":"Head",
      "group":"Scene Collection",
      "faces":{
        "north":{
          "texture":"#hair",
          "uv":[
            0.0,
            10.5,
            7.0,
            18.0
          ],
          "autoUv":false
        },
        "east":{
          "texture":"#hair",
          "uv":[
            33.5,
            36.5,
            39.5,
            44.0
          ],
          "autoUv":false
        },
        "south":{
          "texture":"#hair",
          "uv":[
            0.0,
            10.5,
            7.0,
            18.0
          ],
          "autoUv":false
        },
        "west":{
          "texture":"#hair",
          "uv":[
            13.5,
            11.5,
            19.5,
            19.0
          ],
          "autoUv":false
        },
        "up":{
          "texture":"#hair",
          "uv":[
            26.0,
            11.0,
            32.0,
            18.0
          ],
          "autoUv":false,
          "rotation":90
        }
      },
      "children":[]
    }
  ],
  "groups":[]
}