{
  "textureWidth":48,
  "textureHeight":48,
  "textures":{
    "hair":"wheat"
  },
  "textureSizes":{
    "hair":[
      48,
      48
    ]
  },
  "elements":[
    {
      "name":"Hair.001",
      "from":[
        -0.2,
        -3.1,
        -0.3
      ],
      "to":[
        5.58,
        4.47,
        5.2
      ],
      "rotationOrigin":[
        3.0,
        2.0,
        2.5
      ],
      "group":"Scene Collection",
      "faces":{
        "north":{
          "texture":"#hair",
          "uv":[
            0.5,
            0.5,
            7.0,
            9.0
          ],
          "autoUv":false
        },
        "east":{
          "texture":"#hair",
          "uv":[
            18.0,
            0.0,
            23.5,
            8.5
          ],
          "autoUv":false
        },
        "south":{
          "texture":"#hair",
          "uv":[
            10.5,
            0.5,
            17.0,
            9.0
          ],
          "autoUv":false
        },
        "west":{
          "texture":"#hair",
          "uv":[
            27.5,
            21.0,
            33.0,
            29.5
          ],
          "autoUv":false
        },
        "up":{
          "texture":"#hair",
          "uv":[
            24.0,
            0.0,
            29.5,
            6.5
          ],
          "autoUv":false,
          "rotation":90
        }
      },
      "children":[
        {
          "name":"hideme",
          "from":[
            -0.0,
            0.0,
            -0.0
          ],
          "to":[
            1.0,
            1.0,
            1.0
          ],
          "rotationOrigin":[
            -0.0,
            0.0,
            -0.0
          ],
          "rotationZ":-0.0,
          "group":"Scene Collection",
          "faces":{},
          "children":[
            {
              "name":"Cube1",
              "from":[
                5.67,
                4.1,
                -0.3
              ],
              "to":[
                5.67,
                7.1,
                5.7
              ],
              "rotationOrigin":[
                5.67,
                7.1,
                2.7
              ],
              "rotationZ":19.0,
              "group":"Scene Collection",
              "faces":{
                "east":{
                  "texture":"#hair",
                  "uv":[
                    19.5,
                    26.0,
                    25.5,
                    29.0
                  ],
                  "autoUv":false
                }
              },
              "children":[]
            },
            {
              "name":"Cube10",
              "from":[
                0.6,
                4.1,
                3.9
              ],
              "to":[
                0.6,
                8.1,
                5.9
              ],
              "rotationOrigin":[
                0.6,
                8.1,
                4.9
              ],
              "rotationX":-6.17,
              "rotationY":35.84,
              "rotationZ":-4.38,
              "group":"Scene Collection",
              "faces":{
                "west":{
                  "texture":"#hair",
                  "uv":[
                    30.5,
                    39.5,
                    32.5,
                    43.5
                  ],
                  "autoUv":false
                }
              },
              "children":[]
            },
            {
              "name":"Cube11",
              "from":[
                5.27,
                2.6,
                -0.9
              ],
              "to":[
                5.27,
                5.6,
                2.1
              ],
              "rotationOrigin":[
                5.27,
                5.6,
                0.6
              ],
              "rotationX":-3.35,
              "rotationY":31.08,
              "rotationZ":18.75,
              "group":"Scene Collection",
              "faces":{
                "east":{
                  "texture":"#hair",
                  "uv":[
                    33.5,
                    38.5,
                    36.5,
                    41.5
                  ],
                  "autoUv":false
                }
              },
              "children":[]
            },
            {
              "name":"Cube12",
              "from":[
                5.37,
                2.7,
                3.5
              ],
              "to":[
                5.37,
                5.7,
                6.5
              ],
              "rotationOrigin":[
                5.37,
                5.7,
                5.0
              ],
              "rotationX":3.35,
              "rotationY":-31.08,
              "rotationZ":18.75,
              "group":"Scene Collection",
              "faces":{
                "east":{
                  "texture":"#hair",
                  "uv":[
                    38.5,
                    19.5,
                    41.5,
                    22.5
                  ],
                  "autoUv":false
                }
              },
              "children":[]
            },
            {
              "name":"Cube5",
              "from":[
                1.0,
                3.3,
                -0.1
              ],
              "to":[
                5.88,
                6.3,
                -0.1
              ],
              "rotationOrigin":[
                3.5,
                6.3,
                -0.1
              ],
              "rotationX":33.0,
              "rotationY":-0.0,
              "rotationZ":11.0,
              "group":"Scene Collection",
              "faces":{
                "north":{
                  "texture":"#hair",
                  "uv":[
                    33.5,
                    38.5,
                    39.5,
                    41.5
                  ],
                  "autoUv":false
                }
              },
              "children":[]
            },
            {
              "name":"Cube6",
              "from":[
                0.0,
                4.5,
                -0.3
              ],
              "to":[
                6.0,
                6.5,
                -0.3
              ],
              "rotationOrigin":[
                3.0,
                6.5,
                -0.3
              ],
              "rotationX":25.34,
              "rotationY":-9.05,
              "rotationZ":-20.74,
              "group":"Scene Collection",
              "faces":{
                "north":{
                  "texture":"#hair",
                  "uv":[
                    19.5,
                    11.5,
                    25.5,
                    13.5
                  ],
                  "autoUv":false
                }
              },
              "children":[]
            },
            {
              "name":"Cube7",
              "from":[
                0.0,
                4.5,
                5.6
              ],
              "to":[
                6.0,
                6.5,
                5.6
              ],
              "rotationOrigin":[
                3.0,
                6.5,
                5.6
              ],
              "rotationX":-25.34,
              "rotationY":9.05,
              "rotationZ":-20.74,
              "group":"Scene Collection",
              "faces":{
                "south":{
                  "texture":"#hair",
                  "uv":[
                    19.0,
                    11.5,
                    25.0,
                    13.5
                  ],
                  "autoUv":false
                }
              },
              "children":[]
            },
            {
              "name":"Cube8",
              "from":[
                1.0,
                3.3,
                5.8
              ],
              "to":[
                5.89,
                6.3,
                5.8
              ],
              "rotationOrigin":[
                3.5,
                6.3,
                5.8
              ],
              "rotationX":-33.0,
              "rotationY":0.0,
              "rotationZ":11.0,
              "group":"Scene Collection",
              "faces":{
                "south":{
                  "texture":"#hair",
                  "uv":[
                    33.0,
                    38.5,
                    39.0,
                    41.5
                  ],
                  "autoUv":false
                }
              },
              "children":[]
            },
            {
              "name":"Cube9",
              "from":[
                0.6,
                4.1,
                -0.5
              ],
              "to":[
                0.6,
                8.1,
                1.5
              ],
              "rotationOrigin":[
                0.6,
                8.1,
                0.5
              ],
              "rotationX":6.17,
              "rotationY":-35.84,
              "rotationZ":-4.38,
              "group":"Scene Collection",
              "faces":{
                "west":{
                  "texture":"#hair",
                  "uv":[
                    30.5,
                    39.5,
                    32.5,
                    43.5
                  ],
                  "autoUv":false
                }
              },
              "children":[]
            }
          ]
        }
      ]
    },
    {
      "name":"Hair tile upper part.001",
      "from":[
        -0.4,
        -2.0,
        -0.5
      ],
      "to":[
        5.88,
        4.57,
        5.5
      ],
      "rotationOrigin":[
        3.1,
        5.5,
        2.5
      ],
      "stepParentName":"Head",
      "group":"Scene Collection",
      "faces":{
        "north":{
          "texture":"#hair",
          "uv":[
            0.0,
            10.5,
            7.0,
            18.0
          ],
          "autoUv":false
        },
        "east":{
          "texture":"#hair",
          "uv":[
            19.5,
            10.5,
            25.5,
            18.0
          ],
          "autoUv":false
        },
        "south":{
          "texture":"#hair",
          "uv":[
            12.0,
            10.5,
            19.0,
            18.0
          ],
          "autoUv":false
        },
        "west":{
          "texture":"#hair",
          "uv":[
            7.0,
            11.0,
            13.0,
            18.5
          ],
          "autoUv":false
        },
        "up":{
          "texture":"#hair",
          "uv":[
            26.5,
            10.5,
            32.5,
            17.5
          ],
          "autoUv":false,
          "rotation":90
        }
      },
      "children":[]
    }
  ],
  "groups":[]
}