{
  "textureWidth":48,
  "textureHeight":48,
  "textures":{
    "hair":"silverchalice"
  },
  "textureSizes":{
    "hair":[
      48,
      48
    ]
  },
  "elements":[
    {
      "name":"HairBase",
      "from":[
        -0.2,
        -0.3,
        -0.1
      ],
      "to":[
        5.51,
        4.36,
        5.1
      ],
      "rotationOrigin":[
        2.8,
        2.7,
        2.5
      ],
      "stepParentName":"Head",
      "group":"Scene Collection",
      "faces":{
        "north":{
          "texture":"#hair",
          "uv":[
            6.5,
            36.0,
            12.5,
            41.5
          ],
          "autoUv":false
        },
        "east":{
          "texture":"#hair",
          "uv":[
            0.5,
            37.0,
            5.5,
            42.5
          ],
          "autoUv":false
        },
        "south":{
          "texture":"#hair",
          "uv":[
            17.0,
            36.0,
            23.0,
            41.5
          ],
          "autoUv":false
        },
        "west":{
          "texture":"#hair",
          "uv":[
            12.0,
            36.5,
            17.0,
            42.0
          ],
          "autoUv":false
        },
        "up":{
          "texture":"#hair",
          "uv":[
            0.5,
            36.0,
            6.5,
            41.0
          ],
          "autoUv":false
        }
      },
      "children":[]
    },
    {
      "name":"HairOver",
      "from":[
        -0.3,
        -3.3,
        -0.2
      ],
      "to":[
        5.61,
        4.36,
        5.2
      ],
      "rotationOrigin":[
        2.7,
        2.7,
        2.5
      ],
      "stepParentName":"Head",
      "group":"Scene Collection",
      "faces":{},
      "children":[]
    }
  ],
  "groups":[]
}