{
  "textureWidth":48,
  "textureHeight":48,
  "textures":{
    "hair":"wheat"
  },
  "textureSizes":{
    "hair":[
      48,
      48
    ]
  },
  "elements":[
    {
      "name":"Hair.001",
      "from":[
        -0.2,
        -3.1,
        -0.3
      ],
      "to":[
        5.42,
        4.35,
        5.2
      ],
      "rotationOrigin":[
        3.0,
        2.0,
        2.5
      ],
      "stepParentName":"Head",
      "group":"Scene Collection",
      "faces":{
        "north":{
          "texture":"#hair",
          "uv":[
            0.0,
            1.0,
            6.5,
            9.5
          ],
          "autoUv":false
        },
        "east":{
          "texture":"#hair",
          "uv":[
            18.0,
            1.0,
            23.5,
            9.5
          ],
          "autoUv":false
        },
        "south":{
          "texture":"#hair",
          "uv":[
            11.0,
            1.0,
            17.5,
            9.5
          ],
          "autoUv":false
        },
        "west":{
          "texture":"#hair",
          "uv":[
            6.0,
            0.5,
            11.5,
            9.0
          ],
          "autoUv":false
        },
        "up":{
          "texture":"#hair",
          "uv":[
            24.0,
            0.0,
            29.5,
            6.5
          ],
          "autoUv":false,
          "rotation":90
        }
      },
      "children":[]
    },
    {
      "name":"Hair tile upper part.001",
      "from":[
        -0.4,
        -2.0,
        -0.5
      ],
      "to":[
        5.72,
        4.45,
        5.5
      ],
      "rotationOrigin":[
        3.1,
        5.5,
        2.5
      ],
      "stepParentName":"Head",
      "group":"Scene Collection",
      "faces":{},
      "children":[]
    }
  ],
  "groups":[]
}