{
  "textureWidth":48,
  "textureHeight":48,
  "textures":{
    "hair":"silverchalice"
  },
  "textureSizes":{
    "hair":[
      48,
      48
    ]
  },
  "elements":[
    {
      "name":"Hair.001",
      "from":[
        -0.2,
        -3.1,
        -0.3
      ],
      "to":[
        5.49,
        4.38,
        5.2
      ],
      "rotationOrigin":[
        3.0,
        2.0,
        2.5
      ],
      "stepParentName":"Head",
      "group":"Scene Collection",
      "faces":{
        "north":{
          "texture":"#hair",
          "uv":[
            0.0,
            1.0,
            6.5,
            9.5
          ],
          "autoUv":false
        },
        "east":{
          "texture":"#hair",
          "uv":[
            18.0,
            1.0,
            23.5,
            9.5
          ],
          "autoUv":false
        },
        "south":{
          "texture":"#hair",
          "uv":[
            11.0,
            1.0,
            17.5,
            9.5
          ],
          "autoUv":false
        },
        "west":{
          "texture":"#hair",
          "uv":[
            27.5,
            21.5,
            33.0,
            30.0
          ],
          "autoUv":false
        },
        "up":{
          "texture":"#hair",
          "uv":[
            24.0,
            0.0,
            29.5,
            6.5
          ],
          "autoUv":false,
          "rotation":90
        }
      },
      "children":[
        {
          "name":"hideme",
          "from":[
            -0.0,
            0.0,
            -0.0
          ],
          "to":[
            -0.0,
            0.0,
            -0.0
          ],
          "rotationOrigin":[
            -0.0,
            0.0,
            -0.0
          ],
          "group":"Scene Collection",
          "faces":{},
          "children":[
            {
              "name":"PartLeft",
              "from":[
                -0.0,
                5.5,
                -0.0
              ],
              "to":[
                5.69,
                7.49,
                0.09
              ],
              "rotationOrigin":[
                3.4,
                8.5,
                -0.0
              ],
              "rotationX":5.0,
              "rotationY":-0.0,
              "rotationZ":-0.0,
              "group":"Scene Collection",
              "faces":{
                "north":{
                  "texture":"#hair",
                  "uv":[
                    0.0,
                    12.0,
                    6.5,
                    15.0
                  ],
                  "autoUv":false
                }
              },
              "children":[]
            },
            {
              "name":"PartLeftTop",
              "from":[
                -0.0,
                7.49,
                2.71
              ],
              "to":[
                5.69,
                7.49,
                5.71
              ],
              "rotationOrigin":[
                3.0,
                8.5,
                2.8
              ],
              "rotationX":-5.0,
              "rotationY":0.0,
              "rotationZ":-0.0,
              "group":"Scene Collection",
              "faces":{
                "up":{
                  "texture":"#hair",
                  "uv":[
                    20.0,
                    10.5,
                    26.5,
                    13.5
                  ],
                  "autoUv":false,
                  "rotation":270
                }
              },
              "children":[]
            },
            {
              "name":"PartRight",
              "from":[
                -0.0,
                5.5,
                5.41
              ],
              "to":[
                5.69,
                7.49,
                5.5
              ],
              "rotationOrigin":[
                3.4,
                8.5,
                5.5
              ],
              "rotationX":-5.0,
              "rotationY":0.0,
              "rotationZ":-0.0,
              "group":"Scene Collection",
              "faces":{
                "south":{
                  "texture":"#hair",
                  "uv":[
                    12.5,
                    11.0,
                    19.0,
                    14.0
                  ],
                  "autoUv":false
                }
              },
              "children":[]
            },
            {
              "name":"PartRightTop",
              "from":[
                -0.0,
                7.49,
                -0.11
              ],
              "to":[
                5.69,
                7.49,
                2.89
              ],
              "rotationOrigin":[
                3.2,
                8.5,
                2.8
              ],
              "rotationX":5.0,
              "rotationY":-0.0,
              "rotationZ":-0.0,
              "group":"Scene Collection",
              "faces":{
                "up":{
                  "texture":"#hair",
                  "uv":[
                    19.0,
                    10.5,
                    25.5,
                    13.5
                  ],
                  "autoUv":false,
                  "rotation":180
                }
              },
              "children":[]
            }
          ]
        }
      ]
    },
    {
      "name":"Hair tile upper part.001",
      "from":[
        -0.4,
        -2.0,
        -0.5
      ],
      "to":[
        5.79,
        4.48,
        5.5
      ],
      "rotationOrigin":[
        3.1,
        5.5,
        2.5
      ],
      "stepParentName":"Head",
      "group":"Scene Collection",
      "faces":{},
      "children":[]
    }
  ],
  "groups":[]
}