{
  "textureWidth":48,
  "textureHeight":48,
  "textures":{
    "hair":"silverchalice"
  },
  "textureSizes":{
    "hair":[
      48,
      48
    ]
  },
  "elements":[
    {
      "name":"Hair.001",
      "from":[
        -0.17,
        -3.1,
        -0.3
      ],
      "to":[
        5.81,
        5.4,
        5.2
      ],
      "rotationOrigin":[
        3.75,
        2.07,
        1.8
      ],
      "stepParentName":"Head",
      "rotationZ":2.0,
      "group":"Scene Collection",
      "faces":{
        "north":{
          "texture":"#hair",
          "uv":[
            0.0,
            1.0,
            6.5,
            9.5
          ],
          "autoUv":false
        },
        "east":{
          "texture":"#hair",
          "uv":[
            18.0,
            1.0,
            23.5,
            9.5
          ],
          "autoUv":false
        },
        "south":{
          "texture":"#hair",
          "uv":[
            11.0,
            1.0,
            17.5,
            9.5
          ],
          "autoUv":false
        },
        "west":{
          "texture":"#hair",
          "uv":[
            19.5,
            11.5,
            25.0,
            20.0
          ],
          "autoUv":false
        },
        "up":{
          "texture":"#hair",
          "uv":[
            24.0,
            0.0,
            29.5,
            6.5
          ],
          "autoUv":false,
          "rotation":90
        }
      },
      "children":[
        {
          "name":"hideme",
          "from":[
            0.0,
            0.0,
            -0.0
          ],
          "to":[
            1.0,
            1.0,
            1.0
          ],
          "rotationOrigin":[
            0.0,
            0.0,
            -0.0
          ],
          "group":"Scene Collection",
          "faces":{},
          "children":[
            {
              "name":"Cube10",
              "from":[
                6.71,
                7.03,
                -0.0
              ],
              "to":[
                6.71,
                9.03,
                5.5
              ],
              "rotationOrigin":[
                6.71,
                7.03,
                2.7
              ],
              "rotationZ":28.0,
              "group":"Scene Collection",
              "faces":{
                "east":{
                  "texture":"#hair",
                  "uv":[
                    12.5,
                    12.5,
                    18.0,
                    14.5
                  ],
                  "autoUv":false,
                  "rotation":180
                }
              },
              "children":[]
            },
            {
              "name":"Cube11",
              "from":[
                0.0,
                7.37,
                -0.82
              ],
              "to":[
                6.04,
                9.37,
                -0.82
              ],
              "rotationOrigin":[
                3.4,
                7.37,
                -0.82
              ],
              "rotationX":36.0,
              "rotationY":-0.0,
              "rotationZ":-0.0,
              "group":"Scene Collection",
              "faces":{
                "north":{
                  "texture":"#hair",
                  "uv":[
                    6.5,
                    11.0,
                    13.0,
                    13.0
                  ],
                  "autoUv":false,
                  "rotation":180
                }
              },
              "children":[]
            },
            {
              "name":"Cube12",
              "from":[
                0.0,
                7.37,
                6.32
              ],
              "to":[
                6.04,
                9.37,
                6.32
              ],
              "rotationOrigin":[
                3.4,
                7.37,
                6.32
              ],
              "rotationX":-36.0,
              "rotationY":0.0,
              "rotationZ":-0.0,
              "group":"Scene Collection",
              "faces":{
                "south":{
                  "texture":"#hair",
                  "uv":[
                    5.5,
                    0.0,
                    12.0,
                    2.0
                  ],
                  "autoUv":false,
                  "rotation":180
                }
              },
              "children":[]
            },
            {
              "name":"Cube9",
              "from":[
                -0.88,
                7.41,
                -0.0
              ],
              "to":[
                -0.88,
                9.41,
                5.5
              ],
              "rotationOrigin":[
                -0.88,
                7.41,
                2.7
              ],
              "rotationZ":-39.0,
              "group":"Scene Collection",
              "faces":{
                "west":{
                  "texture":"#hair",
                  "uv":[
                    20.0,
                    27.0,
                    25.5,
                    29.0
                  ],
                  "autoUv":false,
                  "rotation":180
                }
              },
              "children":[]
            },
            {
              "name":"PartLeft",
              "from":[
                0.0,
                5.5,
                0.0
              ],
              "to":[
                6.0,
                8.5,
                0.0
              ],
              "rotationOrigin":[
                3.4,
                8.5,
                0.0
              ],
              "rotationX":5.0,
              "rotationY":-0.0,
              "rotationZ":-0.0,
              "group":"Scene Collection",
              "faces":{
                "north":{
                  "texture":"#hair",
                  "uv":[
                    0.0,
                    12.0,
                    6.5,
                    15.0
                  ],
                  "autoUv":false
                }
              },
              "children":[]
            },
            {
              "name":"PartLeft8",
              "from":[
                0.0,
                6.5,
                0.0
              ],
              "to":[
                5.76,
                8.5,
                0.0
              ],
              "rotationOrigin":[
                3.4,
                8.5,
                0.0
              ],
              "rotationX":19.0,
              "rotationY":-0.0,
              "rotationZ":0.0,
              "group":"Scene Collection",
              "faces":{
                "north":{
                  "texture":"#hair",
                  "uv":[
                    6.0,
                    11.0,
                    12.5,
                    13.0
                  ],
                  "autoUv":false
                }
              },
              "children":[]
            },
            {
              "name":"PartRight",
              "from":[
                0.0,
                5.5,
                5.5
              ],
              "to":[
                5.76,
                8.5,
                5.5
              ],
              "rotationOrigin":[
                3.4,
                8.5,
                5.5
              ],
              "rotationX":-5.0,
              "rotationY":0.0,
              "rotationZ":-0.0,
              "group":"Scene Collection",
              "faces":{
                "south":{
                  "texture":"#hair",
                  "uv":[
                    12.5,
                    11.0,
                    19.0,
                    14.0
                  ],
                  "autoUv":false
                }
              },
              "children":[]
            },
            {
              "name":"PartRightTop",
              "from":[
                0.5,
                8.5,
                -0.2
              ],
              "to":[
                6.0,
                8.5,
                4.8
              ],
              "rotationOrigin":[
                3.7,
                8.5,
                4.8
              ],
              "rotationX":5.0,
              "rotationY":-0.0,
              "rotationZ":-0.0,
              "group":"Scene Collection",
              "faces":{
                "up":{
                  "texture":"#hair",
                  "uv":[
                    16.0,
                    1.5,
                    21.5,
                    6.5
                  ],
                  "autoUv":false,
                  "rotation":180
                }
              },
              "children":[
                {
                  "name":"Cube1",
                  "from":[
                    0.2,
                    -0.0,
                    -1.0
                  ],
                  "to":[
                    5.46,
                    -0.0,
                    2.0
                  ],
                  "rotationOrigin":[
                    3.2,
                    -0.0,
                    2.0
                  ],
                  "rotationX":-22.0,
                  "rotationY":-0.0,
                  "rotationZ":-0.0,
                  "group":"Scene Collection",
                  "faces":{
                    "up":{
                      "texture":"#hair",
                      "uv":[
                        13.0,
                        12.0,
                        19.0,
                        15.0
                      ],
                      "autoUv":false,
                      "rotation":180
                    }
                  },
                  "children":[]
                }
              ]
            }
          ]
        },
        {
          "name":"PartLeftTop",
          "from":[
            0.0,
            8.5,
            4.8
          ],
          "to":[
            5.76,
            8.5,
            6.8
          ],
          "rotationOrigin":[
            3.0,
            8.5,
            4.8
          ],
          "rotationX":44.0,
          "group":"Scene Collection",
          "faces":{
            "up":{
              "texture":"#hair",
              "uv":[
                19.5,
                11.5,
                26.0,
                13.5
              ],
              "autoUv":false,
              "rotation":270
            }
          },
          "children":[]
        }
      ]
    },
    {
      "name":"Hair tile upper part.001",
      "from":[
        -0.41,
        -2.1,
        -0.6
      ],
      "to":[
        5.47,
        4.54,
        5.4
      ],
      "rotationOrigin":[
        2.93,
        5.61,
        2.1
      ],
      "stepParentName":"Head",
      "rotationZ":2.0,
      "group":"Scene Collection",
      "faces":{},
      "children":[]
    }
  ],
  "groups":[]
}