{
  "textureWidth":48,
  "textureHeight":48,
  "textures":{
    "hair":"silverchalice"
  },
  "textureSizes":{
    "hair":[
      48,
      48
    ]
  },
  "elements":[
    {
      "name":"HairOver",
      "from":[
        -0.3,
        -3.3,
        -0.2
      ],
      "to":[
        5.58,
        4.41,
        5.2
      ],
      "rotationOrigin":[
        2.7,
        2.7,
        2.5
      ],
      "stepParentName":"Head",
      "group":"Scene Collection",
      "faces":{},
      "children":[
        {
          "name":"hideme",
          "from":[
            0.3,
            3.3,
            0.2
          ],
          "to":[
            0.3,
            3.3,
            0.2
          ],
          "rotationOrigin":[
            0.3,
            3.3,
            0.2
          ],
          "group":"Scene Collection",
          "faces":{},
          "children":[
            {
              "name":"HairBase",
              "from":[
                -0.2,
                -0.4,
                -0.1
              ],
              "to":[
                5.48,
                4.31,
                5.1
              ],
              "rotationOrigin":[
                2.8,
                2.6,
                2.5
              ],
              "group":"Scene Collection",
              "faces":{
                "north":{
                  "texture":"#hair",
                  "uv":[
                    3.5,
                    27.0,
                    9.5,
                    32.5
                  ],
                  "autoUv":false
                },
                "east":{
                  "texture":"#hair",
                  "uv":[
                    5.0,
                    27.0,
                    10.0,
                    32.5
                  ],
                  "autoUv":false
                },
                "south":{
                  "texture":"#hair",
                  "uv":[
                    6.0,
                    27.0,
                    12.0,
                    32.5
                  ],
                  "autoUv":false
                },
                "west":{
                  "texture":"#hair",
                  "uv":[
                    5.0,
                    27.5,
                    10.0,
                    33.0
                  ],
                  "autoUv":false
                }
              },
              "children":[
                {
                  "name":"TonsureBack",
                  "from":[
                    5.84,
                    2.9,
                    -0.0
                  ],
                  "to":[
                    5.84,
                    4.9,
                    5.2
                  ],
                  "rotationOrigin":[
                    5.84,
                    3.9,
                    2.8
                  ],
                  "rotationZ":28.0,
                  "group":"Scene Collection",
                  "faces":{
                    "east":{
                      "texture":"#hair",
                      "uv":[
                        16.0,
                        4.5,
                        21.0,
                        6.5
                      ],
                      "autoUv":false
                    }
                  },
                  "children":[]
                },
                {
                  "name":"TonsureFront",
                  "from":[
                    0.18,
                    3.47,
                    0.0
                  ],
                  "to":[
                    0.18,
                    5.47,
                    5.2
                  ],
                  "rotationOrigin":[
                    0.18,
                    4.47,
                    2.6
                  ],
                  "rotationZ":-36.0,
                  "group":"Scene Collection",
                  "faces":{
                    "west":{
                      "texture":"#hair",
                      "uv":[
                        18.0,
                        4.5,
                        23.0,
                        6.5
                      ],
                      "autoUv":false
                    }
                  },
                  "children":[]
                },
                {
                  "name":"TonsureLeft",
                  "from":[
                    0.0,
                    3.41,
                    5.3
                  ],
                  "to":[
                    5.79,
                    5.41,
                    5.3
                  ],
                  "rotationOrigin":[
                    3.1,
                    4.41,
                    5.3
                  ],
                  "rotationX":-36.0,
                  "rotationY":0.0,
                  "rotationZ":-0.0,
                  "group":"Scene Collection",
                  "faces":{
                    "south":{
                      "texture":"#hair",
                      "uv":[
                        16.0,
                        4.5,
                        22.0,
                        6.5
                      ],
                      "autoUv":false
                    }
                  },
                  "children":[]
                },
                {
                  "name":"TonsureRight",
                  "from":[
                    0.0,
                    3.41,
                    0.04
                  ],
                  "to":[
                    5.79,
                    5.41,
                    0.04
                  ],
                  "rotationOrigin":[
                    3.1,
                    4.41,
                    0.04
                  ],
                  "rotationX":36.0,
                  "rotationY":-0.0,
                  "rotationZ":-0.0,
                  "group":"Scene Collection",
                  "faces":{
                    "north":{
                      "texture":"#hair",
                      "uv":[
                        14.5,
                        4.5,
                        20.5,
                        6.5
                      ],
                      "autoUv":false
                    }
                  },
                  "children":[]
                }
              ]
            }
          ]
        }
      ]
    }
  ],
  "groups":[]
}