[
	{
	"ingredientPattern": "WT,TS",
	"requiresTrait": "clothier",
	"ingredients": {
		"W": { "type": "item", "code": "wool:cloth-wool-white" },
		"S": { "type": "item", "code": "game:sewingkit" },
		"T": { "type": "item", "code": "wool:twine-wool-gray" }
	},
	"width": 2,
	"height": 2,
	"output": { "type": "item", "code": "game:clothes-shoulder-embroidered-collar" }
	},

	{
	"name": "barber-surgeon-mantle",
	"ingredientPattern": "YAY,FBF",
	"requiresTrait": "clothier",
	"ingredients": {
		"Y": { "type": "item", "code": "tailorsdelight:leatherbundle-yellow" },
		"B": { "type": "item", "code": "tailorsdelight:leatherbundle-plain" },
		"A": { "type": "item", "code": "tailorsdelight:awl-*", "isTool": true },
		"F": { "type": "item", "code": "wool:twine-wool-yellow", "quantity": 2 }
	},
	"width": 3,
	"height": 2,
	"output": { "type": "item", "code": "game:clothes-shoulder-surgeon" }
	},

	{
	"ingredientPattern": "YAY,FYF",
	"requiresTrait": "clothier",
	"ingredients": {
		"Y": { "type": "item", "code": "tailorsdelight:leatherbundle-pelt" },
		"A": { "type": "item", "code": "tailorsdelight:awl-*", "isTool": true },
		"F": { "type": "item", "code": "wool:twine-wool-yellow", "quantity": 2 }
	},
	"width": 3,
	"height": 2,
	"output": { "type": "item", "code": "game:clothes-shoulder-scribe" }
	},

	{
	"ingredientPattern": "GNG,FGF",
	"ingredients": {
		"G": { "type": "item", "code": "wool:cloth-wool-gray" },
		"N": { "type": "item", "code": "tailorsdelight:needle-*" },
		"F": { "type": "item", "code": "wool:twine-wool-gray", "quantity": 2 }
	},
	"width": 3,
	"height": 2,
	"output": { "type": "item", "code": "game:clothes-shoulder-survivor" }
	},

	{
	"ingredientPattern": "KNK,FKF",
	"requiresTrait": "clothier",
	"ingredients": {
		"K": { "type": "item", "code": "tailorsdelight:leatherbundle-black" },
		"N": { "type": "item", "code": "tailorsdelight:awl-*", "isTool": true },
		"F": { "type": "item", "code": "wool:twine-wool-gray", "quantity": 2 }
	},
	"width": 3,
	"height": 2,
	"output": { "type": "item", "code": "game:clothes-shoulder-miner" }
	},

	{
	"ingredientPattern": "KNK,FKF",
	"requiresTrait": "hardy",
	"ingredients": {
		"K": { "type": "item", "code": "game:leather-normal-black", "quantity": 3 },
		"N": { "type": "item", "code": "tailorsdelight:awl-*", "isTool": true },
		"F": { "type": "item", "code": "wool:twine-wool-gray", "quantity": 3 }
	},
	"recipeGroup": 2,
	"width": 3,
	"height": 2,
	"output": { "type": "item", "code": "game:clothes-shoulder-miner" }
	},

	{
	"ingredientPattern": "GNG,KGF",
	"requiresTrait": "clothier",
	"ingredients": {
		"G": { "type": "item", "code": "wool:cloth-wool-blue" },
		"N": { "type": "item", "code": "tailorsdelight:needle-*" },
		"F": { "type": "item", "code": "wool:twine-wool-gray", "quantity": 4 },
		"K": { "type": "item", "code": "wool:twine-wool-black", "quantity": 4 }
	},
	"width": 3,
	"height": 2,
	"output": { "type": "item", "code": "game:clothes-shoulder-marketeer" }
	},

	{
	"ingredientPattern": "YAY,YCY,YFY",
	"requiresTrait": "clothier",
	"ingredients": {
		"Y": { "type": "item", "code": "tailorsdelight:leatherbundle-yellow" },
		"C": { "type": "item", "code": "wool:cloth-wool-plain" },
		"A": { "type": "item", "code": "tailorsdelight:awl-*", "isTool": true },
		"F": { "type": "item", "code": "wool:twine-wool-black", "quantity": 2 }
	},
	"width": 3,
	"height": 3,
	"output": { "type": "item", "code": "game:clothes-shoulder-squire-tunic" }
	},

	{
	"ingredientPattern": "YBY,FGF,_N_",
	"requiresTrait": "clothier",
	"ingredients": {
		"G": { "type": "item", "code": "wool:cloth-wool-green", "quantity": 2 },
		"B": { "type": "item", "code": "tailorsdelight:buttons-emerald" },
		"Y": { "type": "item", "code": "wool:cloth-wool-yellow" },
		"N": { "type": "item", "code": "tailorsdelight:needle-*" },
		"F": { "type": "item", "code": "wool:twine-wool-yellow", "quantity": 2 }
	},
	"width": 3,
	"height": 3,
	"output": { "type": "item", "code": "game:clothes-shoulder-aristocrat-mantle" }
	},

	{
	"ingredientPattern": "GNG,TBF",
	"requiresTrait": "clothier",
	"ingredients": {
		"G": { "type": "item", "code": "tailorsdelight:leatherbundle-pelt" },
		"N": { "type": "item", "code": "tailorsdelight:awl-*", "isTool": true },
		"T": { "type": "item", "code": "tailorsdelight:buttons-silver" },
		"F": { "type": "item", "code": "wool:twine-wool-gray" },
		"B": { "type": "item", "code": "tailorsdelight:brush-*-gray", "name": "brush", "isTool": true, "toolDurabilityCost": 4, "allowedVariants": [ "wet", "dry" ] }
	},
	"recipeGroup": 2,
	"width": 3,
	"height": 2,
	"output": { "type": "item", "code": "game:clothes-shoulder-noble-fur-collar" }
	}
]
