[
	{
	"name": "barber surgeon shirt",
	"ingredientPattern": "CBC,CTC,_S_",
	"requiresTrait": "clothier",
	"ingredients": {
		"C": { "type": "item", "code": "wool:cloth-wool-plain" },
		"S": { "type": "item", "code": "game:sewingkit" },
		"B": { "type": "item", "code": "tailorsdelight:buttons-mixed" },
		"T": { "type": "item", "code": "wool:twine-wool-white", "quantity": 2 }
	},
	"recipeGroup": 5,
	"width": 3,
	"height": 3,
	"output": { "type": "item", "code": "game:clothes-upperbody-surgeon" }
	}
]
