{
	"editor": {
		"allAngles": false,
		"entityTextureMode": false
	},
	"textureWidth": 16,
	"textureHeight": 16,
	"textureSizes": {
	},
	"textures": {
	},
	"elements": [
		{
			"name": "root",
			"from": [ 0.0, -13.5, 0.0 ],
			"to": [ 0.0, -13.5, 0.0 ],
			"rotationOrigin": [ 8.0, 1.0, 8.0 ],
			"faces": {
				"north": { "texture": "#0", "uv": [ 0.0, 0.0, 0.5, 0.5 ], "enabled": false },
				"east": { "texture": "#0", "uv": [ 0.0, 0.0, 0.5, 0.5 ], "enabled": false },
				"south": { "texture": "#0", "uv": [ 0.0, 0.0, 0.5, 0.5 ], "enabled": false },
				"west": { "texture": "#0", "uv": [ 0.0, 0.0, 0.5, 0.5 ], "enabled": false },
				"up": { "texture": "#0", "uv": [ 0.0, 0.0, 0.5, 0.5 ], "enabled": false },
				"down": { "texture": "#0", "uv": [ 0.0, 0.0, 0.5, 0.5 ], "enabled": false }
			},
			"children": [
				{
					"name": "neck",
					"from": [ 3.0, 14.0, 3.0 ],
					"to": [ 13.0, 15.0, 13.0 ],
					"rotationOrigin": [ 0.0, 2.0, 0.0 ],
					"faces": {
						"north": { "texture": "#0", "uv": [ 3.0, 2.0, 13.0, 3.0 ], "enabled": false },
						"east": { "texture": "#0", "uv": [ 3.0, 3.0, 13.0, 4.0 ], "enabled": false },
						"south": { "texture": "#0", "uv": [ 3.0, 3.0, 13.0, 4.0 ], "enabled": false },
						"west": { "texture": "#0", "uv": [ 3.0, 3.0, 13.0, 4.0 ], "enabled": false },
						"up": { "texture": "#0", "uv": [ 3.0, 3.0, 13.0, 13.0 ], "enabled": false },
						"down": { "texture": "#0", "uv": [ 0.0, 0.0, 10.0, 10.0 ], "enabled": false }
					},
					"children": [
						{
							"name": "neck W",
							"from": [ 1.0, -0.5, 3.0 ],
							"to": [ 3.0, 2.0, 7.0 ],
							"rotationOrigin": [ 0.0, -2.0, 2.0 ],
							"faces": {
								"north": { "texture": "#0", "uv": [ 13.0, 6.0, 15.0, 8.5 ], "enabled": false },
								"east": { "texture": "#ceramic", "uv": [ 8.0, 0.0, 12.0, 2.5 ] },
								"south": { "texture": "#0", "uv": [ 8.0, 6.0, 10.0, 8.5 ], "enabled": false },
								"west": { "texture": "#neck", "uv": [ 2.0, 6.0, 4.5, 10.0 ], "rotation": 90 },
								"up": { "texture": "#neck", "uv": [ 4.0, 6.0, 6.0, 10.0 ] },
								"down": { "texture": "#ceramic", "uv": [ 6.5, 4.0, 8.5, 8.0 ] }
							}
						},
						{
							"name": "neck E",
							"from": [ 7.0, -0.5, 3.0 ],
							"to": [ 9.0, 2.0, 7.0 ],
							"rotationOrigin": [ 0.0, -2.0, 2.0 ],
							"faces": {
								"north": { "texture": "#0", "uv": [ 4.0, 6.0, 6.0, 8.5 ], "enabled": false },
								"east": { "texture": "#neck", "uv": [ 12.0, 6.0, 14.5, 10.0 ], "rotation": 90 },
								"south": { "texture": "#0", "uv": [ 11.0, 6.0, 13.0, 8.5 ], "enabled": false },
								"west": { "texture": "#ceramic", "uv": [ 4.0, 0.0, 8.0, 2.5 ] },
								"up": { "texture": "#neck", "uv": [ 10.0, 6.0, 12.0, 10.0 ] },
								"down": { "texture": "#ceramic", "uv": [ 6.5, 4.0, 8.5, 8.0 ] }
							}
						},
						{
							"name": "neck N",
							"from": [ 3.0, -0.5, 1.0 ],
							"to": [ 7.0, 2.0, 3.0 ],
							"rotationOrigin": [ 0.0, -1.0, 0.0 ],
							"faces": {
								"north": { "texture": "#neck", "uv": [ 6.0, 2.0, 10.0, 4.5 ] },
								"east": { "texture": "#0", "uv": [ 3.5, 4.5, 5.5, 7.0 ], "enabled": false },
								"south": { "texture": "#ceramic", "uv": [ 11.0, 0.0, 15.0, 2.5 ] },
								"west": { "texture": "#0", "uv": [ 4.0, 3.0, 6.0, 5.5 ], "enabled": false },
								"up": { "texture": "#neck", "uv": [ 6.0, 4.0, 10.0, 6.0 ] },
								"down": { "texture": "#ceramic", "uv": [ 6.5, 4.0, 10.5, 6.0 ] }
							}
						},
						{
							"name": "neck S",
							"from": [ 3.0, -0.5, 7.0 ],
							"to": [ 7.0, 2.0, 9.0 ],
							"rotationOrigin": [ 0.0, -2.0, 0.0 ],
							"faces": {
								"north": { "texture": "#ceramic", "uv": [ 1.5, 0.0, 5.5, 2.5 ] },
								"east": { "texture": "#0", "uv": [ 3.5, 4.5, 5.5, 7.0 ], "enabled": false },
								"south": { "texture": "#neck", "uv": [ 6.0, 2.0, 10.0, 4.5 ] },
								"west": { "texture": "#0", "uv": [ 4.0, 3.0, 6.0, 5.5 ], "enabled": false },
								"up": { "texture": "#neck", "uv": [ 6.0, 10.0, 10.0, 12.0 ] },
								"down": { "texture": "#ceramic", "uv": [ 6.5, 4.0, 10.5, 6.0 ] }
							}
						},
						{
							"name": "neck NW",
							"from": [ 1.0, -0.5, 1.0 ],
							"to": [ 3.0, 2.0, 3.0 ],
							"rotationOrigin": [ 0.0, -1.0, 0.0 ],
							"faces": {
								"north": { "texture": "#neck", "uv": [ 10.0, 2.0, 12.0, 4.5 ] },
								"east": { "texture": "#0", "uv": [ 8.0, 0.0, 10.0, 2.5 ], "enabled": false },
								"south": { "texture": "#0", "uv": [ 8.0, 6.0, 10.0, 8.5 ], "enabled": false },
								"west": { "texture": "#neck", "uv": [ 2.0, 4.0, 4.5, 6.0 ], "rotation": 90 },
								"up": { "texture": "#neck", "uv": [ 4.0, 4.0, 6.0, 6.0 ] },
								"down": { "texture": "#ceramic", "uv": [ 6.5, 4.0, 8.5, 6.0 ] }
							}
						},
						{
							"name": "neck SW",
							"from": [ 1.0, -0.5, 7.0 ],
							"to": [ 3.0, 2.0, 9.0 ],
							"rotationOrigin": [ 0.0, -2.0, 6.0 ],
							"faces": {
								"north": { "texture": "#0", "uv": [ 13.0, 6.0, 15.0, 8.5 ], "enabled": false },
								"east": { "texture": "#0", "uv": [ 8.0, 0.0, 10.0, 2.5 ], "enabled": false },
								"south": { "texture": "#neck", "uv": [ 4.0, 2.0, 6.0, 4.5 ] },
								"west": { "texture": "#neck", "uv": [ 2.0, 10.0, 4.5, 12.0 ], "rotation": 90 },
								"up": { "texture": "#neck", "uv": [ 4.0, 10.0, 6.0, 12.0 ] },
								"down": { "texture": "#ceramic", "uv": [ 6.5, 4.0, 8.5, 6.0 ] }
							}
						},
						{
							"name": "neck NE",
							"from": [ 7.0, -0.5, 1.0 ],
							"to": [ 9.0, 2.0, 3.0 ],
							"rotationOrigin": [ 0.0, -2.0, 0.0 ],
							"faces": {
								"north": { "texture": "#neck", "uv": [ 4.0, 2.0, 6.0, 4.5 ] },
								"east": { "texture": "#neck", "uv": [ 12.0, 10.0, 14.5, 12.0 ], "rotation": 90 },
								"south": { "texture": "#0", "uv": [ 11.0, 6.0, 13.0, 8.5 ], "enabled": false },
								"west": { "texture": "#0", "uv": [ 4.0, 0.0, 6.0, 2.5 ], "enabled": false },
								"up": { "texture": "#neck", "uv": [ 10.0, 4.0, 12.0, 6.0 ] },
								"down": { "texture": "#ceramic", "uv": [ 6.5, 4.0, 8.5, 6.0 ] }
							}
						},
						{
							"name": "neck SE",
							"from": [ 7.0, -0.5, 7.0 ],
							"to": [ 9.0, 2.0, 9.0 ],
							"rotationOrigin": [ 0.0, -1.0, 6.0 ],
							"faces": {
								"north": { "texture": "#0", "uv": [ 4.0, 6.0, 6.0, 8.5 ], "enabled": false },
								"east": { "texture": "#neck", "uv": [ 12.0, 4.0, 14.5, 6.0 ], "rotation": 90 },
								"south": { "texture": "#neck", "uv": [ 10.0, 2.0, 12.0, 4.5 ] },
								"west": { "texture": "#0", "uv": [ 4.0, 0.0, 6.0, 2.5 ], "enabled": false },
								"up": { "texture": "#neck", "uv": [ 10.0, 10.0, 12.0, 12.0 ] },
								"down": { "texture": "#ceramic", "uv": [ 6.5, 4.0, 8.5, 6.0 ] }
							}
						}
					]
				}
			]
		}
	]}