[
  {
    "file": "game:entities/animal/mammal/fox-adult.json",
    "op": "addmerge",
    "path": "/client/shape/overlays",
    "value": [
      {
        "base": "foxsocks:socks"
      }
    ]
  },
  {
    "file": "game:entities/animal/mammal/fox-adult.json",
    "op": "addmerge",
    "path": "/client/textures",
    "value": {
      "sock": {
        "base": "foxsocks:longsock/blue",
        "alternates": [
          {
            "base": "foxsocks:longsock/gray"
          },
          {
            "base": "foxsocks:longsock/green"
          },
          {
            "base": "foxsocks:longsock/pink"
          },
          {
            "base": "foxsocks:longsock/purple"
          },
          {
            "base": "foxsocks:longsock/rainbow"
          }
        ]
      }
    }
  }
]
