[
  {
    "dependsOn": [
      {
        "modId": "foxtaming"
      }
    ],
    "file": "foxtaming:entities/tamefox.json",
    "op": "addmerge",
    "path": "/client/shapeByType/*/overlays",
    "value": [
      {
        "base": "foxsocks:socks"
      }
    ]
  },
  {
    "dependsOn": [
      {
        "modId": "foxtaming"
      }
    ],
    "file": "foxtaming:entities/tamefox.json",
    "op": "addmerge",
    "path": "/client/textures",
    "value": {
      "sock": {
        "base": "foxsocks:longsock/blue",
        "alternates": [
          {
            "base": "foxsocks:longsock/gray"
          },
          {
            "base": "foxsocks:longsock/green"
          },
          {
            "base": "foxsocks:longsock/pink"
          },
          {
            "base": "foxsocks:longsock/purple"
          },
          {
            "base": "foxsocks:longsock/rainbow"
          }
        ]
      }
    }
  }
]
