{
    "code": "mob-figurine",
    "class": "Item",
    "maxStackSize": 8,
    "variantcode": "{grade}",


    "variantgroups": [
        {
            "code": "mob",
            "states": [ "bowtorn", "drifter", "locust", "shiver" ]
        },

        {
            "code": "grade",
            "states": [ "standard", "fine", "special" ]
        }

    ],

    "allowedVariants": [
        "mob-figurine-bowtorn-standard",
        "mob-figurine-bowtorn-fine",
        "mob-figurine-bowtorn-special",
        "mob-figurine-drifter-standard",
        "mob-figurine-drifter-fine",
        "mob-figurine-drifter-special",
        "mob-figurine-locust-standard",
        "mob-figurine-locust-fine",
        "mob-figurine-locust-special",
        "mob-figurine-shiver-standard",
        "mob-figurine-shiver-fine",
        "mob-figurine-shiver-special"
    ],


    "shapeByType": {
        "mob-figurine-bowtorn-standard": { "base": "figurines:item/mob/bowtorn/bowtorn-figurine-standard" },
        "mob-figurine-bowtorn-fine": { "base": "figurines:item/mob/bowtorn/bowtorn-figurine-fine" },
        "mob-figurine-bowtorn-special": { "base": "figurines:item/mob/bowtorn/bowtorn-figurine-special" },
        "mob-figurine-drifter-standard": { "base": "figurines:item/mob/drifter/drifter-figurine-standard" },
        "mob-figurine-drifter-fine": { "base": "figurines:item/mob/drifter/drifter-figurine-fine" },
        "mob-figurine-drifter-special": { "base": "figurines:item/mob/drifter/drifter-figurine-special" },
        "mob-figurine-locust-standard": { "base": "figurines:item/mob/locust/locust-figurine-standard" },
        "mob-figurine-locust-fine": { "base": "figurines:item/mob/locust/locust-figurine-fine" },
        "mob-figurine-locust-special": { "base": "figurines:item/mob/locust/locust-figurine-special" },
        "mob-figurine-shiver-standard": { "base": "figurines:item/mob/shiver/shiver-figurine-standard" },
        "mob-figurine-shiver-fine": { "base": "figurines:item/mob/shiver/shiver-figurine-fine" },
        "mob-figurine-shiver-special": { "base": "figurines:item/mob/shiver/shiver-figurine-special" }
    },

    "textures": {
        "grade": { "base": "figurines:item/mob/{grade}" },
        "base": { "base": "figurines:item/base/base" }
    },

    "creativeinventoryByType": {
        "*": {
            "general": [ "*" ],
            "figurines": [ "*" ]
        }
    },

    "guiTransformByType": {
        "*": {
            "translation": {
                "x": 0,
                "y": 0,
                "z": 0
            },
            "rotation": {
                "x": -18,
                "y": -52,
                "z": 180
            },
            "origin": {
                "x": 0.5,
                "y": 0.1,
                "z": 0.5
            },
            "scale": 6
        }
    },

    "tpHandTransformByType": {
        "*": {
            "translation": {
                "x": -1.0,
                "y": -0.5,
                "z": -0.48
            },
            "rotation": {
                "x": 0,
                "y": -180,
                "z": 90
            },
            "scale": 1.05
        }
    },

    "groundTransformByType": {
        "*": {
            "translation": {
                "x": -0,
                "y": -0,
                "z": 0
            },
            "rotation": {
                "x": 90,
                "y": 4,
                "z": -3
            },
            "origin": {
                "x": 0.5,
                "y": 0.1,
                "z": 0.55
            },
            "scale": 6
        }
    },

    "attributes": {
        "groundstorable": true,
        "displaycaseable": true,
        "shelvable": true,
        "moldrackable": true,
        "groundStorageTransformByType": {
            "*": {
                "translation": {
                    "x": 0,
                    "y": 0,
                    "z": 0
                },
                "rotation": {
                    "x": 90,
                    "y": 90,
                    "z": -90
                },
                "origin": {
                    "x": 0.5,
                    "y": 0.0,
                    "z": 0.5
                },
                "scale": 1.2
            }
        },
        "onDisplayTransformByType": {
            "*": {
                "translation": {
                    "x": 0,
                    "y": 0,
                    "z": 0
                },
                "rotation": {
                    "x": 90,
                    "y": 90,
                    "z": -90
                },
                "origin": {
                    "x": 0.5,
                    "y": 0.0,
                    "z": 0.5
                },
                "scale": 1.4
            }
        },
        "onshelfTransformByType": {
            "*": {
                "translation": {
                    "x": 0,
                    "y": 0,
                    "z": 0
                },
                "rotation": {
                    "x": 90,
                    "y": 90,
                    "z": -90
                },
                "origin": {
                    "x": 0.5,
                    "y": 0.0,
                    "z": 0.5
                },
                "scale": 1.2
            }
        },
        "onmoldrackTransformByType": {
            "*": {
                "translation": {
                    "x": 0.44,
                    "y": 0.07,
                    "z": 0.25
                },
                "rotation": {
                    "x": 0,
                    "y": 90,
                    "z": 0
                },
                "origin": {
                    "x": 0.5,
                    "y": 0.0,
                    "z": 0.5
                },
                "scale": 1.2
            }
        }
    },


    "behaviors": [
        {
            "name": "GroundStorable",
            "properties": {
                "layout": "quadrants",
                "rotation": true,
                "wallOffYByType": { "*": 1 },
                "ctrlKey": true,
                "selectionBox": {
                    "x1": 0,
                    "y1": 0,
                    "z1": 0,
                    "x2": 1,
                    "y2": 0.1,
                    "z2": 1
                },
                "collisionBox": {
                    "x1": 0,
                    "y1": 0,
                    "z1": 0,
                    "x2": 0,
                    "y2": 0,
                    "z2": 0
                }
            }
        }
    ]
}



   


