[
  {
    "file": "game:entities/humanoid/player",
    "op": "Add",
    "path": "/client/animations/-",
    "value": {
      "code": "mountainclimbingidle",
      "animation": "mountainclimbingidle",
      "blendMode": "AddAverage",
      "easeOutSpeed": 30,
      "weight": 25
    }
  },
  {
    "file": "game:shapes/entity/humanoid/seraph-faceless",
    "op": "Add",
    "path": "/animations/-",
    "value": {
      "name": "mountainclimbingidle",
      "code": "mountainclimbingidle",
      "quantityframes": 30,
      "onActivityStopped": "EaseOut",
      "onAnimationEnd": "Repeat",
      "keyframes": [
				{
					"frame": 0,
					"elements": {
						"Head": { "rotationX": 0.0, "rotationY": 0.0, "rotationZ": -42.0 },
						"UpperArmL": { "rotationX": 75.0, "rotationY": 0.0, "rotationZ": -180.0 },
						"UpperArmR": { "rotationX": -75.0, "rotationY": 0.0, "rotationZ": -180.0 },
						"UpperFootL": { "offsetX": 0.0, "offsetY": 0.0, "offsetZ": 0.5, "rotationX": 0.0, "rotationY": 15.0, "rotationZ": -30.0 },
						"LowerFootL": { "rotationX": 10.0, "rotationY": 0.0, "rotationZ": 17.0 },
						"LowerArmR": { "rotationX": -60.0, "rotationY": 0.0, "rotationZ": 0.0 },
						"LowerArmL": { "rotationX": 60.0, "rotationY": 0.0, "rotationZ": 0.0 },
						"UpperFootR": { "offsetX": 0.0, "offsetY": 0.0, "offsetZ": -0.5, "rotationX": 0.0, "rotationY": -15.0, "rotationZ": -65.0 },
						"LowerFootR": { "rotationX": -10.0, "rotationY": 0.0, "rotationZ": 60.0 },
						"UpperTorso": { "rotationX": 0.0, "rotationY": 0.0, "rotationZ": 12.0 }
          }
        }
      ]
    }
  }
]
