[
  {
    "file": "game:entities/humanoid/player",
    "op": "Add",
    "path": "/client/animations/-",
    "value": {
      "code": "mountainclimbingup",
      "animation": "mountainclimbingup",
      "blendMode": "AddAverage",
      "weight": 25,
      "easeOutSpeed": 30,
      "animationSpeed": 0.3
    }
  },
  {
    "file": "game:shapes/entity/humanoid/seraph-faceless",
    "op": "Add",
    "path": "/animations/-",
    "value": {
      "name": "mountainclimbingup",
      "code": "mountainclimbingup",
      "quantityframes": 40,
      "onActivityStopped": "EaseOut",
      "onAnimationEnd": "Repeat",
      "keyframes": [
				{
          			"frame": 0,
					"elements": {
						"Head": { "rotationX": 0.0, "rotationY": 0.0, "rotationZ": -42.0 },
						"UpperArmL": { "rotationX": 11.0, "rotationY": 0.0, "rotationZ": -180.0 },
						"UpperArmR": { "rotationX": -97.0, "rotationY": 0.0, "rotationZ": -180.0 },
						"UpperFootL": { "offsetX": 0.0, "offsetY": 1.0, "offsetZ": 0.5, "rotationX": 0.0, "rotationY": 15.0, "rotationZ": -89.0 },
						"LowerFootL": { "rotationX": 10.0, "rotationY": 0.0, "rotationZ": 91.0 },
						"LowerArmR": { "rotationX": -125.0, "rotationY": 0.0, "rotationZ": 17.0 },
						"LowerArmL": { "rotationX": 11.0, "rotationY": 0.0, "rotationZ": 17.0 },
						"LowerTorso": { "offsetX": 0.0, "offsetY": 0.0, "offsetZ": 0.0 },
						"UpperFootR": { "offsetX": 0.0, "offsetY": 0.0, "offsetZ": -0.5, "rotationX": 0.0, "rotationY": -15.0, "rotationZ": -25.0 },
						"LowerFootR": { "rotationX": -10.0, "rotationY": 0.0, "rotationZ": 8.0 },
						"UpperTorso": { "rotationX": -10.0, "rotationY": -10.0, "rotationZ": 0.0 }
					}
				},
				{
					"frame": 5,
					"elements": {
						"LowerFootR": { "rotationX": -10.0, "rotationY": 0.0, "rotationZ": 95.0 },
						"UpperArmR": { "rotationX": -55.5, "rotationY": -30.0, "rotationZ": -180.0 },
						"UpperArmL": { "rotationX": 55.5, "rotationY": -5.0, "rotationZ": -180.0 },
						"UpperFootR": { "rotationX": 0.0, "rotationY": -30.0, "rotationZ": -51.5 },
						"UpperTorso": { "rotationX": 0.0, "rotationY": 0.0, "rotationZ": 10.0 }
					}
				},
				{
					"frame": 10,
					"elements": {
						"UpperArmL": { "rotationX": 100.0, "rotationY": 0.0, "rotationZ": -180.0 },
						"LowerArmL": { "rotationX": 125.0, "rotationY": 0.0, "rotationZ": 30.0 },
						"UpperArmR": { "rotationX": -14.0, "rotationY": 0.0, "rotationZ": -180.0 },
						"LowerArmR": { "rotationX": 0.0, "rotationY": 0.0, "rotationZ": 17.0 },
						"UpperFootL": { "offsetX": 0.0, "offsetY": 0.0, "offsetZ": 0.5, "rotationX": 0.0, "rotationY": 15.0, "rotationZ": -25.0 },
						"LowerFootL": { "rotationX": 10.0, "rotationY": 0.0, "rotationZ": -3.0 },
						"UpperFootR": { "rotationX": 0.0, "rotationY": -15.0, "rotationZ": -78.0 },
						"LowerFootR": { "rotationX": -10.0, "rotationY": 0.0, "rotationZ": 75.0 },
						"UpperTorso": { "rotationX": 10.0, "rotationY": 10.0, "rotationZ": 0.0 }
					}
				},
				{
					"frame": 15,
					"elements": {
						"LowerFootL": { "rotationX": 10.0, "rotationY": 0.0, "rotationZ": 95.0 },
						"UpperArmL": { "rotationX": 55.5, "rotationY": 30.0, "rotationZ": -180.0 },
						"UpperFootL": { "rotationX": 0.0, "rotationY": 30.0, "rotationZ": -57.0 },
						"UpperTorso": { "rotationX": 0.0, "rotationY": 0.0, "rotationZ": 10.0 }
					}
				},
				{
					"frame": 20,
					"elements": {
						"LowerTorso": { "offsetX": 0.0, "offsetY": 0.0, "offsetZ": 0.0 },
						"UpperTorso": { "rotationX": -10.0, "rotationY": -10.0, "rotationZ": 0.0 },
						"UpperArmR": { "rotationX": -97.0, "rotationY": 0.0, "rotationZ": -180.0 },
						"LowerArmR": { "rotationX": -125.0, "rotationY": 0.0, "rotationZ": 17.0 },
						"UpperArmL": { "rotationX": 11.0, "rotationY": 0.0, "rotationZ": -180.0 },
						"LowerArmL": { "rotationX": 11.0, "rotationY": 0.0, "rotationZ": 17.0 },
						"Head": { "rotationX": 0.0, "rotationY": 0.0, "rotationZ": -42.0 },
						"UpperFootL": { "offsetX": 0.0, "offsetY": 1.5, "offsetZ": 0.5, "rotationX": 0.0, "rotationY": 15.0, "rotationZ": -89.0 },
						"LowerFootL": { "rotationX": 10.0, "rotationY": 0.0, "rotationZ": 91.0 },
						"UpperFootR": { "offsetX": 0.0, "offsetY": 0.0, "offsetZ": -0.5, "rotationX": 0.0, "rotationY": -15.0, "rotationZ": -25.0 },
						"LowerFootR": { "rotationX": -10.0, "rotationY": 0.0, "rotationZ": 8.0 }
					}
				},
				{
					"frame": 25,
					"elements": {
						"LowerFootR": { "rotationX": -10.0, "rotationY": 0.0, "rotationZ": 95.0 },
						"UpperArmR": { "rotationX": -55.5, "rotationY": -30.0, "rotationZ": -180.0 },
						"UpperArmL": { "rotationX": 55.5, "rotationY": 0.0, "rotationZ": -180.0 },
						"UpperFootR": { "rotationX": 0.0, "rotationY": -30.0, "rotationZ": -51.5 },
						"UpperTorso": { "rotationX": 0.0, "rotationY": 0.0, "rotationZ": 10.0 }
					}
				},
				{
					"frame": 30,
					"elements": {
						"LowerTorso": { "offsetX": 0.0, "offsetY": 0.0, "offsetZ": 0.0 },
						"UpperTorso": { "rotationX": 10.0, "rotationY": 10.0, "rotationZ": 0.0 },
						"UpperArmR": { "rotationX": -14.0, "rotationY": 0.0, "rotationZ": -180.0 },
						"LowerArmR": { "rotationX": 0.0, "rotationY": 0.0, "rotationZ": 17.0 },
						"UpperArmL": { "rotationX": 100.0, "rotationY": 0.0, "rotationZ": -180.0 },
						"LowerArmL": { "rotationX": 125.0, "rotationY": 0.0, "rotationZ": 30.0 },
						"Head": { "rotationX": 0.0, "rotationY": 0.0, "rotationZ": -42.0 },
						"UpperFootL": { "offsetX": 0.0, "offsetY": 0.0, "offsetZ": 0.5, "rotationX": 0.0, "rotationY": 15.0, "rotationZ": -25.0 },
						"LowerFootL": { "rotationX": 10.0, "rotationY": 0.0, "rotationZ": -3.0 },
						"UpperFootR": { "offsetX": 0.0, "offsetY": 0.0, "offsetZ": -0.5, "rotationX": 0.0, "rotationY": -15.0, "rotationZ": -78.0 },
						"LowerFootR": { "rotationX": -10.0, "rotationY": 0.0, "rotationZ": 75.0 }
					}
				},
				{
					"frame": 35,
					"elements": {
						"LowerFootL": { "rotationX": 10.0, "rotationY": 0.0, "rotationZ": 95.0 },
						"UpperArmL": { "rotationX": 55.5, "rotationY": 30.0, "rotationZ": -180.0 },
						"UpperFootL": { "rotationX": 0.0, "rotationY": 30.0, "rotationZ": -57.0 },
						"UpperTorso": { "rotationX": 0.0, "rotationY": 0.0, "rotationZ": 10.0 }
          }
        }
      ]
    }
  }
]
