[
  {
    "file": "game:entities/humanoid/player",
    "op": "Add",
    "path": "/client/animations/-",
    "value": {
      "code": "mountainclimbingdown",
      "animation": "mountainclimbingdown",
      "blendMode": "AddAverage",
      "easeOutSpeed": 30,
      "weight": 25
    }
  },
  {
    "file": "game:shapes/entity/humanoid/seraph-faceless",
    "op": "Add",
    "path": "/animations/-",
    "value": {
      "name": "mountainclimbingdown",
      "code": "mountainclimbingdown",
      "quantityframes": 13,
      "onActivityStopped": "EaseOut",
      "onAnimationEnd": "Repeat",
      "keyframes": [
		{
				"frame": 0,
					"elements": {
						"Head": { "rotationX": 0.0, "rotationY": 0.0, "rotationZ": 19.0 },
						"UpperArmL": { "offsetX": 0.0, "offsetY": 0.0, "offsetZ": 0.0, "rotationX": 75.0, "rotationY": 0.0, "rotationZ": -180.0 },
						"UpperArmR": { "offsetX": 0.0, "offsetY": 0.0, "offsetZ": 0.0, "rotationX": -75.0, "rotationY": 0.0, "rotationZ": -180.0 },
						"UpperFootL": { "offsetX": 0.1, "offsetY": 0.0, "offsetZ": 0.5, "rotationX": 0.0, "rotationY": 28.0, "rotationZ": -75.0 },
						"LowerFootL": { "rotationX": 10.0, "rotationY": 0.0, "rotationZ": 75.0 },
						"LowerArmR": { "rotationX": -60.0, "rotationY": 0.0, "rotationZ": 17.0 },
						"LowerArmL": { "rotationX": 60.0, "rotationY": 0.0, "rotationZ": 17.0 },
						"UpperFootR": { "offsetX": 0.0, "offsetY": 0.0, "offsetZ": -0.5, "rotationX": 0.0, "rotationY": -28.0, "rotationZ": -75.0 },
						"LowerFootR": { "rotationX": -10.0, "rotationY": 0.0, "rotationZ": 75.0 },
						"UpperTorso": { "rotationX": 0.0, "rotationY": 0.0, "rotationZ": 13.0 }
					}
				},
				{
					"frame": 3,
					"elements": {
						"UpperArmL": { "offsetX": 0.0, "offsetY": 0.0, "offsetZ": 0.1 },
						"UpperArmR": { "offsetX": 0.0, "offsetY": 0.0, "offsetZ": 0.1 },
						"UpperFootR": { "offsetX": 0.1, "offsetY": 0.0, "offsetZ": -0.5 },
						"UpperFootL": { "offsetX": 0.0, "offsetY": 0.0, "offsetZ": 0.5 }
					}
				},
				{
					"frame": 6,
					"elements": {
						"UpperTorso": { "rotationX": 0.0, "rotationY": 0.0, "rotationZ": 13.0 },
						"UpperArmR": { "offsetX": 0.0, "offsetY": 0.0, "offsetZ": 0.0, "rotationX": -75.0, "rotationY": 0.0, "rotationZ": -180.0 },
						"LowerArmR": { "rotationX": -60.0, "rotationY": 0.0, "rotationZ": 17.0 },
						"UpperArmL": { "offsetX": 0.0, "offsetY": 0.0, "offsetZ": 0.0, "rotationX": 75.0, "rotationY": 0.0, "rotationZ": -180.0 },
						"LowerArmL": { "rotationX": 60.0, "rotationY": 0.0, "rotationZ": 17.0 },
						"Head": { "rotationX": 0.0, "rotationY": 0.0, "rotationZ": 19.0 },
						"UpperFootL": { "offsetX": 0.1, "offsetY": 0.0, "offsetZ": 0.5 },
						"LowerFootL": { "rotationX": 10.0, "rotationY": 0.0, "rotationZ": 75.0 },
						"UpperFootR": { "offsetX": 0.0, "offsetY": 0.0, "offsetZ": -0.5, "rotationX": 0.0, "rotationY": -28.0, "rotationZ": -75.0 },
						"LowerFootR": { "rotationX": -10.0, "rotationY": 0.0, "rotationZ": 75.0 }
					}
				},
				{
					"frame": 9,
					"elements": {
						"UpperTorso": { "rotationX": 0.0, "rotationY": 0.0, "rotationZ": 13.0 },
						"UpperArmR": { "offsetX": 0.0, "offsetY": 0.0, "offsetZ": 0.1, "rotationX": -75.0, "rotationY": 0.0, "rotationZ": -180.0 },
						"LowerArmR": { "rotationX": -60.0, "rotationY": 0.0, "rotationZ": 17.0 },
						"UpperArmL": { "offsetX": 0.0, "offsetY": 0.0, "offsetZ": 0.1, "rotationX": 75.0, "rotationY": 0.0, "rotationZ": -180.0 },
						"LowerArmL": { "rotationX": 60.0, "rotationY": 0.0, "rotationZ": 17.0 },
						"Head": { "rotationX": 0.0, "rotationY": 0.0, "rotationZ": 19.0 },
						"UpperFootL": { "offsetX": 0.0, "offsetY": 0.0, "offsetZ": 0.5 },
						"LowerFootL": { "rotationX": 10.0, "rotationY": 0.0, "rotationZ": 75.0 },
						"UpperFootR": { "offsetX": 0.1, "offsetY": 0.0, "offsetZ": -0.5, "rotationX": 0.0, "rotationY": -28.0, "rotationZ": -75.0 },
						"LowerFootR": { "rotationX": -10.0, "rotationY": 0.0, "rotationZ": 75.0 }
					}
				},
				{
					"frame": 12,
					"elements": {
						"UpperTorso": { "rotationX": 0.0, "rotationY": 0.0, "rotationZ": 13.0 },
						"UpperArmR": { "offsetX": 0.0, "offsetY": 0.0, "offsetZ": 0.0, "rotationX": -75.0, "rotationY": 0.0, "rotationZ": -180.0 },
						"LowerArmR": { "rotationX": -60.0, "rotationY": 0.0, "rotationZ": 17.0 },
						"UpperArmL": { "offsetX": 0.0, "offsetY": 0.0, "offsetZ": 0.0, "rotationX": 75.0, "rotationY": 0.0, "rotationZ": -180.0 },
						"LowerArmL": { "rotationX": 60.0, "rotationY": 0.0, "rotationZ": 17.0 },
						"Head": { "rotationX": 0.0, "rotationY": 0.0, "rotationZ": 19.0 },
						"UpperFootL": { "offsetX": 0.1, "offsetY": 0.0, "offsetZ": 0.5 },
						"LowerFootL": { "rotationX": 10.0, "rotationY": 0.0, "rotationZ": 75.0 },
						"UpperFootR": { "offsetX": 0.0, "offsetY": 0.0, "offsetZ": -0.5, "rotationX": 0.0, "rotationY": -28.0, "rotationZ": -75.0 },
						"LowerFootR": { "rotationX": -10.0, "rotationY": 0.0, "rotationZ": 75.0 }
					}
				}
      ]
    }
  }
]
