[
  {
    "file": "game:entities/humanoid/player",
    "op": "Add",
    "path": "/client/animations/-",
    "value": {
      "code": "mountainclimbingright",
      "animation": "mountainclimbingright",
      "blendMode": "AddAverage",
      "weight": 25,
      "easeOutSpeed": 30,
      "animationSpeed": 0.3
    }
  },
  {
    "file": "game:shapes/entity/humanoid/seraph-faceless",
    "op": "Add",
    "path": "/animations/-",
    "value": {
      "name": "mountainclimbingright",
      "code": "mountainclimbingright",
      "quantityframes": 40,
      "onActivityStopped": "EaseOut",
      "onAnimationEnd": "Repeat",
      "keyframes": [
				{
          "frame": 0,
					"elements": {
						"UpperArmL": { "offsetX": -1.0, "offsetY": 1.0, "offsetZ": 0.0, "rotationX": 75.0, "rotationY": 14.0, "rotationZ": -160.0 },
						"UpperArmR": { "offsetX": -1.0, "offsetY": 1.0, "offsetZ": 0.0, "rotationX": -75.0, "rotationY": 0.0, "rotationZ": -170.0 },
						"UpperFootL": { "offsetX": 0.0, "offsetY": 0.0, "offsetZ": 0.5, "rotationX": 0.0, "rotationY": 15.0, "rotationZ": -65.0 },
						"LowerFootL": { "rotationX": -3.0, "rotationY": -8.0, "rotationZ": 72.0 },
						"LowerArmR": { "rotationX": -42.0, "rotationY": 42.0, "rotationZ": 39.0 },
						"LowerArmL": { "rotationX": 60.0, "rotationY": 0.0, "rotationZ": 17.0 },
						"UpperFootR": { "offsetX": 0.0, "offsetY": 0.0, "offsetZ": -0.5, "rotationX": -19.0, "rotationY": -39.0, "rotationZ": -94.0 },
						"LowerFootR": { "rotationX": -3.0, "rotationY": -8.0, "rotationZ": 72.0 },
						"UpperTorso": { "rotationX": 0.0, "rotationY": 0.0, "rotationZ": 12.0 },
					}
				},
				{
					"frame": 10,
					"elements": {
						"UpperTorso": { "rotationX": 0.0, "rotationY": -10.0, "rotationZ": 12.0 },
						"UpperArmR": { "rotationX": -33.0, "rotationY": -1.0, "rotationZ": -136.0 },
						"LowerArmR": { "rotationX": -53.0, "rotationY": 0.0, "rotationZ": 14.0 },
						"UpperArmL": { "rotationX": -30.0, "rotationY": -15.0, "rotationZ": -150.0 },
						"LowerArmL": { "rotationX": 3.0, "rotationY": 0.0, "rotationZ": -17.0 },
						"UpperFootL": { "offsetX": 0.0, "offsetY": 0.0, "offsetZ": 0.5, "rotationX": 0.0, "rotationY": -42.0, "rotationZ": -80.0 },
						"LowerFootL": { "rotationX": -10.0, "rotationY": 0.0, "rotationZ": 60.0 },
						"UpperFootR": { "offsetX": 0.0, "offsetY": 0.0, "offsetZ": -0.5, "rotationX": -25.0, "rotationY": -15.0, "rotationZ": -30.0 },
						"LowerFootR": { "rotationX": -10.0, "rotationY": 0.0, "rotationZ": 17.0 }
					}
				},
				{
					"frame": 20,
					"elements": {
						"UpperTorso": { "rotationX": 0.0, "rotationY": 0.0, "rotationZ": 12.0 },
						"UpperArmR": { "offsetX": -1.0, "offsetY": 1.0, "offsetZ": 0.0, "rotationX": -75.0, "rotationY": 0.0, "rotationZ": -170.0 },
						"LowerArmR": { "rotationX": -42.0, "rotationY": 42.0, "rotationZ": 39.0 },
						"UpperArmL": { "offsetX": -1.0, "offsetY": 1.0, "offsetZ": 0.0, "rotationX": 75.0, "rotationY": 14.0, "rotationZ": -160.0 },
						"LowerArmL": { "rotationX": 60.0, "rotationY": 0.0, "rotationZ": 17.0 },
						"UpperFootL": { "offsetX": 0.0, "offsetY": 0.0, "offsetZ": 0.5, "rotationX": 0.0, "rotationY": 15.0, "rotationZ": -65.0 },
						"LowerFootL": { "rotationX": -3.0, "rotationY": -8.0, "rotationZ": 72.0 },
						"UpperFootR": { "offsetX": 0.0, "offsetY": 0.0, "offsetZ": -0.5, "rotationX": -19.0, "rotationY": -39.0, "rotationZ": -94.0 },
						"LowerFootR": { "rotationX": -3.0, "rotationY": -8.0, "rotationZ": 72.0 }
					}
				},
				{
					"frame": 30,
					"elements": {
						"UpperTorso": { "rotationX": 0.0, "rotationY": -10.0, "rotationZ": 12.0 },
						"UpperArmR": { "rotationX": -33.0, "rotationY": -1.0, "rotationZ": -136.0 },
						"LowerArmR": { "rotationX": -53.0, "rotationY": 0.0, "rotationZ": 14.0 },
						"UpperArmL": { "rotationX": -30.0, "rotationY": 15.0, "rotationZ": -150.0 },
						"LowerArmL": { "rotationX": 3.0, "rotationY": 0.0, "rotationZ": -17.0 },
						"UpperFootL": { "offsetX": 0.0, "offsetY": 0.0, "offsetZ": 0.5, "rotationX": 0.0, "rotationY": -42.0, "rotationZ": -80.0 },
						"LowerFootL": { "rotationX": -10.0, "rotationY": 0.0, "rotationZ": 60.0 },
						"UpperFootR": { "offsetX": 0.0, "offsetY": 0.0, "offsetZ": -0.5, "rotationX": -25.0, "rotationY": -15.0, "rotationZ": -30.0 },
						"LowerFootR": { "rotationX": -10.0, "rotationY": 0.0, "rotationZ": 17.0 }
          }
        }
      ]
    }
  }
]
