[
	{
		"ingredientPattern": "LTL,P_P",
		"recipeGroup": 1,
		"ingredients": {
			"P": { "type": "item", "code": "game:metalplate-*", "name": "metal", "allowedVariants": ["copper", "tinbronze", "bismuthbronze", "blackbronze", "iron", "meteoriciron", "steel", "gold", "silver"] },
			"T": { "type": "item", "code": "game:metalplate-*", "name": "metal", "quantity": 2, "allowedVariants": ["copper", "tinbronze", "bismuthbronze", "blackbronze", "iron", "meteoriciron", "steel", "gold", "silver"] },
			"L": { "type": "item", "code": "game:leather-normal-plain" }
		},
		"width": 3,
		"height": 2,
		"name": "plate helmet",
		"output": { "type": "item", "code": "game:armor-head-plate-{metal}"  }
	},
	{
		"ingredientPattern": "PLP,PPP,PPP",
		"recipeGroup": 1,
		"ingredients": {
			"P": { "type": "item", "code": "game:metalplate-*", "name": "metal", "allowedVariants": ["copper", "tinbronze", "bismuthbronze", "blackbronze", "iron", "meteoriciron", "steel", "gold", "silver"] },
			"L": { "type": "item", "code": "game:leather-normal-plain", "quantity": 5 }
		},
		"width": 3,
		"height": 3,
		"name": "plate body armor",
		"output": { "type": "item", "code": "game:armor-body-plate-{metal}"  }
	},
	{
		"ingredientPattern": "PPP,PLP",
		"recipeGroup": 1,
		"ingredients": {
			"P": { "type": "item", "code": "game:metalplate-*", "name": "metal", "allowedVariants": ["copper", "tinbronze", "bismuthbronze", "blackbronze", "iron", "meteoriciron", "steel", "gold", "silver"] },
			"L": { "type": "item", "code": "game:leather-normal-plain", "quantity": 3 }
		},
		"width": 3,
		"height": 2,
		"name": "plate leg armor",
		"output": { "type": "item", "code": "game:armor-legs-plate-{metal}"  }
	}
]