{
	"editor": {
		"collapsedPaths": "Root/Band_second,Root/Musket/Band_first,Root/Band_first,Root/Carbine/Band_third,Root/Stock,Root/Flintlock,Root/Carbine/Trigger_assembly/Trigger_assemly_base,Root/Barrel,Root/Band_third,Root/Carbine/Flintlock,Root/Musket/Trigger_assembly,Root/Musket/Band_second,Root/Carbine/Trigger_assembly/Guard,Root/Carbine,Root/Musket/Flintlock/Plate,Root/Carbine/Ramrod_origin/Ramrod,Root/Musket,Root/Musket/Flintlock,Root/Carbine/Flask_origin/Flask_origin_inner,Root/Arquebus_origin/Patch,Root/Musket/Stock,Root/origin/Bottom_plate,Root/Carbine/Flintlock/Hammer,Root/Musket/Stock/Buttstock/Buttstock_bottom/Buttstock_butt/Buttstock_butt_plate,Root/Carbine/Flintlock/Pan,Root/Musket/Band_third,Root/Carbine/Flintlock/Hammer/Hammer_arm,Root/Carbine/Ramrod_origin,Root/Carbine/Barrel,Root/Carbine/Stock,Root/Trigger_assembly,Root/Carbine/Flintlock/Frizzen,Root/Musket/Stock/Buttstock/Buttstock_butt,Root/Ramrod,Root/Carbine/Band_second,Root/Musket/Barrel,Root/Carbine/Trigger_assembly",
		"allAngles": false,
		"entityTextureMode": false
	},
	"textureWidth": 16,
	"textureHeight": 16,
	"textureSizes": {
	},
	"textures": {
		"plain": "game:block/cloth/linen/plain",
		"ropedcloth": "game:block/cloth/ropedcloth",
		"ember": "game:block/coal/ember",
		"furniture-metal": "game:block/metal/ingot/brass",
		"metal": "game:block/metal/ingot/iron",
		"lead": "game:block/metal/ingot/lead",
		"stock-wood": "game:block/wood/debarked/oak"
	},
	"elements": [
		{
			"name": "Arquebus_origin",
			"from": [ 0.0, -1.2, -2.3 ],
			"to": [ 0.0, -1.2, -2.3 ],
			"rotationOrigin": [ 0.0, -1.2, -2.3 ],
			"faces": {
			},
			"children": [
				{
					"name": "Barrel",
					"from": [ 0.0, 2.0, -7.0 ],
					"to": [ 0.0, 2.0, -7.0 ],
					"rotationOrigin": [ 0.0, 2.0, -7.0 ],
					"faces": {
					},
					"children": [
						{
							"name": "Barrel_top",
							"from": [ -0.31, 0.15, -10.0 ],
							"to": [ 0.31, 0.5, 8.5 ],
							"rotationOrigin": [ 0.0, 0.0, -11.3 ],
							"faces": {
								"east": { "texture": "#metal", "uv": [ 4.5, 0.0, 5.0, 16.0 ], "rotation": 90, "autoUv": false },
								"west": { "texture": "#metal", "uv": [ 4.5, 0.0, 5.0, 16.0 ], "rotation": 90, "autoUv": false },
								"up": { "texture": "#metal", "uv": [ 4.5, 0.0, 5.0, 16.0 ], "autoUv": false }
							},
							"children": [
								{
									"name": "Barrel_muzzle_top",
									"from": [ 0.0, 0.0, -1.2 ],
									"to": [ 0.62, 0.35, 0.0 ],
									"rotationOrigin": [ 0.31, 0.0, 0.0 ],
									"rotationX": 4.0,
									"faces": {
										"north": { "texture": "#metal", "uv": [ 4.5, 15.0, 5.0, 15.5 ] },
										"east": { "texture": "#metal", "uv": [ 4.5, 15.0, 5.0, 16.0 ], "rotation": 270 },
										"west": { "texture": "#metal", "uv": [ 4.5, 15.0, 5.0, 16.0 ], "rotation": 270 },
										"up": { "texture": "#metal", "uv": [ 4.5, 15.0, 5.0, 16.0 ], "rotation": 180 },
										"down": { "texture": "#metal", "uv": [ 4.5, 15.0, 5.0, 16.0 ], "rotation": 180 }
									}
								}
							]
						},
						{
							"name": "Barrel_top2",
							"from": [ -0.31, 0.15, -10.0 ],
							"to": [ 0.31, 0.5, 8.0 ],
							"rotationOrigin": [ 0.0, 0.0, -11.3 ],
							"rotationZ": 180.0,
							"faces": {
							},
							"children": [
								{
									"name": "Barrel_muzzle_top2",
									"from": [ 0.0, 0.0, -1.2 ],
									"to": [ 0.62, 0.35, 0.0 ],
									"rotationOrigin": [ 0.31, 0.0, 0.0 ],
									"rotationX": 4.0,
									"faces": {
										"north": { "texture": "#metal", "uv": [ 5.5, 15.0, 6.0, 15.5 ] },
										"east": { "texture": "#metal", "uv": [ 5.5, 15.0, 6.0, 16.0 ], "rotation": 270 },
										"west": { "texture": "#metal", "uv": [ 5.5, 15.0, 6.0, 16.0 ], "rotation": 270 },
										"up": { "texture": "#metal", "uv": [ 5.5, 15.0, 6.0, 16.0 ], "rotation": 180 },
										"down": { "texture": "#metal", "uv": [ 5.5, 15.0, 6.0, 16.0 ], "rotation": 180 }
									}
								}
							]
						},
						{
							"name": "Barrel_top3",
							"from": [ -0.31, 0.15, -10.0 ],
							"to": [ 0.31, 0.5, 8.5 ],
							"rotationOrigin": [ 0.0, 0.0, -11.3 ],
							"rotationZ": 90.0,
							"faces": {
								"east": { "texture": "#metal", "uv": [ 4.0, 0.0, 4.5, 16.0 ], "rotation": 90, "autoUv": false },
								"up": { "texture": "#metal", "uv": [ 4.0, 0.0, 4.5, 16.0 ], "autoUv": false, "windMode": [-1,-1,-1,-1] }
							},
							"children": [
								{
									"name": "Barrel_muzzle_top3",
									"from": [ 0.0, 0.0, -1.2 ],
									"to": [ 0.62, 0.35, 0.0 ],
									"rotationOrigin": [ 0.31, 0.0, 0.0 ],
									"rotationX": 4.0,
									"faces": {
										"north": { "texture": "#metal", "uv": [ 5.0, 15.0, 5.5, 15.5 ] },
										"east": { "texture": "#metal", "uv": [ 4.0, 15.0, 4.5, 16.0 ], "rotation": 270 },
										"west": { "texture": "#metal", "uv": [ 0.0, 0.0, 1.0, 0.5 ] },
										"up": { "texture": "#metal", "uv": [ 4.0, 15.0, 4.5, 16.0 ], "rotation": 180 },
										"down": { "texture": "#metal", "uv": [ 4.0, 15.0, 4.5, 16.0 ], "rotation": 180 }
									}
								}
							]
						},
						{
							"name": "Barrel_top4",
							"from": [ -0.31, 0.15, -10.0 ],
							"to": [ 0.31, 0.5, 8.5 ],
							"rotationOrigin": [ 0.0, 0.0, -11.3 ],
							"rotationZ": -90.0,
							"faces": {
								"west": { "texture": "#metal", "uv": [ 5.0, 0.0, 5.5, 16.0 ], "rotation": 270, "autoUv": false },
								"up": { "texture": "#metal", "uv": [ 5.0, 0.0, 5.5, 16.0 ], "autoUv": false }
							},
							"children": [
								{
									"name": "Barrel_muzzle_top4",
									"from": [ 0.0, 0.0, -1.2 ],
									"to": [ 0.62, 0.35, 0.0 ],
									"rotationOrigin": [ 0.31, 0.0, 0.0 ],
									"rotationX": 4.0,
									"faces": {
										"north": { "texture": "#metal", "uv": [ 0.0, 0.0, 0.5, 0.5 ] },
										"east": { "texture": "#metal", "uv": [ 5.0, 15.0, 5.5, 16.0 ], "rotation": 270 },
										"west": { "texture": "#metal", "uv": [ 5.0, 15.0, 5.5, 16.0 ], "rotation": 270 },
										"up": { "texture": "#metal", "uv": [ 5.0, 15.0, 5.5, 16.0 ] },
										"down": { "texture": "#metal", "uv": [ 5.0, 15.0, 5.5, 16.0 ], "rotation": 180 }
									}
								}
							]
						},
						{
							"name": "Frontsight_post",
							"from": [ -0.1, 0.4, -10.6 ],
							"to": [ 0.1, 0.7, -10.1 ],
							"rotationOrigin": [ -0.1, 0.4, -10.1 ],
							"rotationX": -10.0,
							"faces": {
								"north": { "texture": "#metal", "uv": [ 0.0, 0.0, 0.5, 0.5 ] },
								"east": { "texture": "#metal", "uv": [ 0.0, 0.0, 0.5, 0.5 ] },
								"south": { "texture": "#metal", "uv": [ 0.0, 0.0, 0.5, 0.5 ] },
								"west": { "texture": "#metal", "uv": [ 0.0, 0.0, 0.5, 0.5 ] },
								"up": { "texture": "#metal", "uv": [ 0.0, 0.0, 0.5, 0.5 ] },
								"down": { "texture": "#metal", "uv": [ 0.0, 0.0, 0.5, 0.5 ] }
							},
							"children": [
								{
									"name": "Frontsight_post2",
									"from": [ 0.0, 0.0, 0.0 ],
									"to": [ 0.2, 0.3, 0.5 ],
									"rotationOrigin": [ 0.0, 0.3, 0.5 ],
									"rotationX": 20.0,
									"faces": {
										"north": { "texture": "#metal", "uv": [ 0.0, 0.0, 0.5, 0.5 ] },
										"east": { "texture": "#metal", "uv": [ 0.0, 0.0, 0.5, 0.5 ] },
										"south": { "texture": "#metal", "uv": [ 0.0, 0.0, 0.5, 0.5 ] },
										"west": { "texture": "#metal", "uv": [ 0.0, 0.0, 0.5, 0.5 ] },
										"up": { "texture": "#metal", "uv": [ 0.0, 0.0, 0.5, 0.5 ] }
									}
								}
							]
						},
						{
							"name": "Barrel_top5",
							"from": [ -0.2, -0.2, -10.3 ],
							"to": [ 0.2, 0.2, -10.3 ],
							"rotationOrigin": [ -0.2, -0.2, -10.3 ],
							"faces": {
								"north": { "texture": "#metal", "uv": [ 8.5, 0.0, 9.0, 0.5 ], "windMode": [-1,-1,-1,-1] }
							}
						}
					]
				},
				{
					"name": "Stock",
					"from": [ 0.0, 2.0, 0.0 ],
					"to": [ 0.0, 2.0, 0.0 ],
					"rotationOrigin": [ 0.0, 2.0, 0.0 ],
					"faces": {
					},
					"children": [
						{
							"name": "Underbarrel",
							"from": [ -0.3, -1.2, -24.0 ],
							"to": [ -0.3, -1.2, -24.0 ],
							"faces": {
							},
							"children": [
								{
									"name": "Underbarrel_bottom",
									"from": [ -0.2, 0.2, 7.0 ],
									"to": [ -0.2, 0.2, 7.0 ],
									"rotationOrigin": [ 0.0, -0.1, 20.6 ],
									"rotationX": 2.3,
									"faces": {
										"north": { "texture": "#stock-wood", "uv": [ 0.0, 0.0, 0.5, 0.5 ] },
										"east": { "texture": "#stock-wood", "uv": [ 0.0, 0.0, 0.5, 0.5 ] },
										"south": { "texture": "#stock-wood", "uv": [ 0.0, 0.0, 0.5, 0.5 ] },
										"west": { "texture": "#stock-wood", "uv": [ 0.0, 0.0, 0.5, 0.5 ] },
										"up": { "texture": "#stock-wood", "uv": [ 3.5, 1.0, 4.0, 1.5 ] },
										"down": { "texture": "#stock-wood", "uv": [ 10.5, 1.0, 11.0, 1.5 ] }
									},
									"children": [
										{
											"name": "Underbarrel_bottom2",
											"from": [ 0.0, -0.3, 0.0 ],
											"to": [ 0.3, 0.4, 13.6 ],
											"rotationOrigin": [ 0.2, -0.3, 13.6 ],
											"faces": {
												"north": { "texture": "#stock-wood", "uv": [ 0.0, 0.0, 0.5, 0.5 ] },
												"east": { "texture": "#stock-wood", "uv": [ 0.0, 0.0, 13.5, 0.5 ] },
												"west": { "texture": "#stock-wood", "uv": [ 0.0, 6.5, 11.0, 7.0 ], "autoUv": false },
												"down": { "texture": "#stock-wood", "uv": [ 0.0, 6.5, 11.0, 7.0 ], "rotation": 90, "autoUv": false }
											}
										},
										{
											"name": "Underbarrel_bottom3",
											"from": [ 0.7, -0.3, 0.0 ],
											"to": [ 1.0, 0.4, 13.6 ],
											"rotationOrigin": [ 0.9, -0.3, 13.6 ],
											"faces": {
												"north": { "texture": "#stock-wood", "uv": [ 0.0, 0.0, 0.5, 0.5 ] },
												"east": { "texture": "#stock-wood", "uv": [ 2.5, 8.0, 13.5, 8.5 ], "autoUv": false },
												"south": { "texture": "#stock-wood", "uv": [ 0.0, 0.0, 0.5, 0.5 ] },
												"west": { "texture": "#stock-wood", "uv": [ 0.0, 0.0, 13.5, 0.5 ] },
												"up": { "texture": "#stock-wood", "uv": [ 3.5, 1.0, 4.0, 14.5 ], "windMode": [-1,-1,-1,-1] },
												"down": { "texture": "#stock-wood", "uv": [ 2.5, 8.0, 13.5, 8.5 ], "rotation": 90, "autoUv": false }
											}
										},
										{
											"name": "Underbarrel_bottom4",
											"from": [ 0.3, -0.3, 7.6 ],
											"to": [ 0.7, 0.0, 13.6 ],
											"rotationOrigin": [ 0.5, -0.3, 13.6 ],
											"faces": {
												"north": { "texture": "#stock-wood", "uv": [ 0.0, 0.0, 0.5, 0.5 ] },
												"down": { "texture": "#stock-wood", "uv": [ 6.0, 4.6, 6.5, 9.5 ], "autoUv": false }
											}
										}
									]
								},
								{
									"name": "Underbarrel_top",
									"from": [ 0.15, 0.45, 7.0 ],
									"to": [ 0.45, 1.35, 20.6 ],
									"rotationOrigin": [ 0.4, 0.8, 27.0 ],
									"rotationZ": 90.0,
									"faces": {
										"north": { "texture": "#stock-wood", "uv": [ 1.5, 0.0, 2.0, 1.0 ], "autoUv": false, "windMode": [-1,-1,-1,-1] },
										"west": { "texture": "#stock-wood", "uv": [ 0.0, 0.0, 13.5, 0.5 ], "windMode": [-1,-1,-1,-1] }
									}
								},
								{
									"name": "Underbarrel_top2",
									"from": [ 0.25, 0.45, 7.0 ],
									"to": [ 0.9, 0.55, 20.6 ],
									"rotationOrigin": [ 0.5, 0.8, 27.0 ],
									"rotationZ": 90.0,
									"faces": {
										"north": { "texture": "#stock-wood", "uv": [ 0.0, 0.0, 0.5, 0.5 ] },
										"east": { "texture": "#stock-wood", "uv": [ 0.0, 4.0, 11.0, 4.5 ], "autoUv": false },
										"west": { "texture": "#stock-wood", "uv": [ 0.0, 4.0, 11.0, 4.5 ], "autoUv": false },
										"down": { "texture": "#stock-wood", "uv": [ 0.0, 4.0, 11.0, 4.5 ], "rotation": 90, "autoUv": false }
									}
								},
								{
									"name": "Underbarrel_top3",
									"from": [ -0.85, 0.55, 7.0 ],
									"to": [ -0.2, 0.65, 20.6 ],
									"rotationOrigin": [ -0.5, 0.9, 27.0 ],
									"rotationZ": 90.0,
									"faces": {
										"north": { "texture": "#stock-wood", "uv": [ 0.0, 0.0, 0.5, 0.5 ] },
										"east": { "texture": "#stock-wood", "uv": [ 0.0, 4.0, 11.0, 4.5 ], "autoUv": false },
										"west": { "texture": "#stock-wood", "uv": [ 0.0, 4.0, 11.0, 4.5 ], "autoUv": false },
										"up": { "texture": "#stock-wood", "uv": [ 0.0, 4.0, 11.0, 4.5 ], "rotation": 90, "autoUv": false }
									}
								}
							]
						},
						{
							"name": "Receiver",
							"from": [ 0.0, 0.0, 0.0 ],
							"to": [ 0.0, 0.0, 0.0 ],
							"faces": {
							},
							"children": [
								{
									"name": "Middle_receiver",
									"from": [ -0.6, -1.3, -3.4 ],
									"to": [ 0.6, 0.0, 2.8 ],
									"rotationOrigin": [ -0.1, -1.3, -3.4 ],
									"faces": {
										"north": { "texture": "#stock-wood", "uv": [ 11.0, 4.0, 12.0, 5.0 ] },
										"east": { "texture": "#stock-wood", "uv": [ 11.0, 4.0, 16.0, 5.0 ], "autoUv": false },
										"south": { "texture": "#stock-wood", "uv": [ 11.0, 4.0, 12.0, 5.0 ] },
										"west": { "texture": "#stock-wood", "uv": [ 10.0, 4.0, 16.0, 5.0 ] },
										"up": { "texture": "#stock-wood", "uv": [ 10.0, 7.0, 16.0, 7.5 ], "rotation": 90, "autoUv": false },
										"down": { "texture": "#stock-wood", "uv": [ 10.0, 6.0, 16.0, 7.0 ], "rotation": 90, "autoUv": false }
									}
								}
							]
						},
						{
							"name": "Buttstock",
							"from": [ 0.0, 0.0, -0.9 ],
							"to": [ 0.0, 0.0, -0.9 ],
							"rotationOrigin": [ -0.6, -1.3, 2.3 ],
							"rotationX": 13.0,
							"faces": {
							},
							"children": [
								{
									"name": "Buttstock_bottom",
									"from": [ -0.59, -1.3, 1.8 ],
									"to": [ 0.59, 0.1, 10.3 ],
									"rotationOrigin": [ 0.0, -1.3, 1.8 ],
									"faces": {
										"north": { "texture": "#stock-wood", "uv": [ 10.5, 4.0, 11.5, 5.0 ] },
										"east": { "texture": "#stock-wood", "uv": [ 1.5, 4.0, 7.5, 5.0 ], "autoUv": false },
										"west": { "texture": "#stock-wood", "uv": [ 2.5, 4.0, 8.5, 5.0 ], "autoUv": false },
										"up": { "texture": "#stock-wood", "uv": [ 2.0, 4.0, 10.5, 5.0 ], "rotation": 270, "autoUv": false },
										"down": { "texture": "#stock-wood", "uv": [ 5.5, 5.5, 6.5, 11.5 ], "autoUv": false }
									},
									"children": [
										{
											"name": "Buttstock_top_back2",
											"from": [ 0.01, 0.0, 4.4 ],
											"to": [ 1.15, 0.9, 8.3 ],
											"rotationOrigin": [ 0.4, 0.0, 4.4 ],
											"rotationX": 13.0,
											"faces": {
												"east": { "texture": "#stock-wood", "uv": [ 5.5, 8.0, 8.0, 8.5 ], "autoUv": false },
												"west": { "texture": "#stock-wood", "uv": [ 8.0, 8.0, 10.5, 8.5 ], "autoUv": false, "windMode": [-1,-1,-1,-1] },
												"down": { "texture": "#stock-wood", "uv": [ 7.0, 6.0, 8.0, 8.5 ], "autoUv": false }
											}
										},
										{
											"name": "Buttstock_butt",
											"from": [ -0.01, -0.9, 8.0 ],
											"to": [ 1.19, 2.1, 8.5 ],
											"rotationOrigin": [ 0.31, -0.9, 8.0 ],
											"rotationX": 2.0,
											"faces": {
												"north": { "texture": "#metal", "uv": [ 11.0, 10.0, 12.0, 13.0 ], "windMode": [-1,-1,-1,-1] },
												"east": { "texture": "#metal", "uv": [ 12.0, 10.0, 12.5, 13.0 ] },
												"south": { "texture": "#metal", "uv": [ 11.5, 10.0, 12.5, 13.0 ] },
												"west": { "texture": "#metal", "uv": [ 11.5, 10.0, 12.0, 13.0 ] },
												"up": { "texture": "#metal", "uv": [ 11.5, 10.0, 12.5, 10.5 ] },
												"down": { "texture": "#metal", "uv": [ 11.5, 12.5, 12.5, 13.0 ] }
											}
										},
										{
											"name": "Buttstock_top_back",
											"from": [ 0.01, 0.3, 1.9 ],
											"to": [ 1.17, 1.4, 8.2 ],
											"rotationOrigin": [ 0.41, 1.4, 1.9 ],
											"rotationX": -6.0,
											"faces": {
												"east": { "texture": "#stock-wood", "uv": [ 10.0, 4.5, 15.0, 5.0 ], "autoUv": false },
												"west": { "texture": "#stock-wood", "uv": [ 7.5, 4.5, 12.5, 5.0 ], "autoUv": false },
												"up": { "texture": "#stock-wood", "uv": [ 0.0, 13.5, 5.0, 14.5 ], "rotation": 90, "autoUv": false }
											}
										},
										{
											"name": "Top_receiver3",
											"from": [ 0.19, 1.4, 0.0 ],
											"to": [ 1.02, 1.59, 3.0 ],
											"rotationOrigin": [ 0.2, 1.4, 0.0 ],
											"rotationX": 4.0,
											"faces": {
												"north": { "texture": "#stock-wood", "uv": [ 4.5, 13.5, 5.0, 14.5 ], "rotation": 90, "autoUv": false },
												"east": { "texture": "#stock-wood", "uv": [ 4.5, 14.0, 7.5, 14.5 ] },
												"west": { "texture": "#stock-wood", "uv": [ 4.5, 13.5, 7.5, 14.0 ], "rotation": 180 },
												"up": { "texture": "#stock-wood", "uv": [ 4.5, 13.5, 7.5, 14.5 ], "rotation": 270, "autoUv": false }
											}
										}
									]
								}
							]
						}
					]
				},
				{
					"name": "Lever",
					"from": [ 0.0, 0.7, -0.8 ],
					"to": [ 0.0, 0.7, -0.8 ],
					"rotationOrigin": [ 0.0, 1.3, -0.8 ],
					"rotationX": -14.0,
					"faces": {
					},
					"children": [
						{
							"name": "Lever_base",
							"from": [ -0.2, -0.8, 0.0 ],
							"to": [ 0.2, 0.2, 0.4 ],
							"rotationOrigin": [ -0.2, -0.8, 0.0 ],
							"rotationX": -8.0,
							"faces": {
								"north": { "texture": "#metal", "uv": [ 0.0, 3.0, 0.5, 4.0 ] },
								"east": { "texture": "#metal", "uv": [ 0.0, 3.0, 0.5, 4.0 ] },
								"south": { "texture": "#metal", "uv": [ 0.0, 3.0, 0.5, 4.0 ] },
								"west": { "texture": "#metal", "uv": [ 0.0, 3.0, 0.5, 4.0 ] },
								"up": { "texture": "#metal", "uv": [ 0.0, 3.5, 0.5, 4.0 ] },
								"down": { "texture": "#metal", "uv": [ 0.0, 3.0, 0.5, 3.5 ] }
							},
							"children": [
								{
									"name": "Lever_middle",
									"from": [ -0.01, 0.0, -0.4 ],
									"to": [ 0.388, 3.3, 0.0 ],
									"rotationOrigin": [ 0.0, 0.0, 0.0 ],
									"rotationX": 112.5,
									"faces": {
										"north": { "texture": "#metal", "uv": [ 0.0, 4.0, 0.5, 7.0 ] },
										"east": { "texture": "#metal", "uv": [ 0.0, 4.0, 0.5, 7.0 ] },
										"south": { "texture": "#metal", "uv": [ 0.0, 4.0, 0.5, 7.0 ] },
										"west": { "texture": "#metal", "uv": [ 0.0, 4.0, 0.5, 7.0 ] },
										"up": { "texture": "#metal", "uv": [ 0.0, 3.5, 0.5, 4.0 ] },
										"down": { "texture": "#metal", "uv": [ 0.0, 3.5, 0.5, 4.0 ] }
									},
									"children": [
										{
											"name": "Lever_bottom",
											"from": [ -0.01, 3.3, 0.0 ],
											"to": [ 0.386, 6.5, 0.4 ],
											"rotationOrigin": [ 0.0, 3.3, 0.0 ],
											"rotationX": 17.0,
											"faces": {
												"north": { "texture": "#metal", "uv": [ 0.0, 7.0, 0.5, 10.0 ] },
												"east": { "texture": "#metal", "uv": [ 0.0, 7.0, 0.5, 10.0 ] },
												"south": { "texture": "#metal", "uv": [ 0.0, 7.0, 0.5, 10.0 ] },
												"west": { "texture": "#metal", "uv": [ 0.0, 7.0, 0.5, 10.0 ] },
												"up": { "texture": "#metal", "uv": [ 0.0, 5.0, 0.5, 5.5 ] },
												"down": { "texture": "#metal", "uv": [ 0.0, 4.0, 0.5, 4.5 ] }
											}
										}
									]
								}
							]
						}
					]
				},
				{
					"name": "Matchlock",
					"from": [ 0.6, 2.0, 0.5 ],
					"to": [ 0.6, 2.0, 0.5 ],
					"rotationOrigin": [ 0.6, 2.0, 0.5 ],
					"faces": {
					},
					"children": [
						{
							"name": "Pan",
							"from": [ -0.3, -0.4, -0.4 ],
							"to": [ 0.7, 0.105, 0.6 ],
							"rotationOrigin": [ -0.3, -0.5, -0.4 ],
							"faces": {
								"north": { "texture": "#metal", "uv": [ 7.5, 14.5, 8.0, 15.5 ], "rotation": 90 },
								"east": { "texture": "#metal", "uv": [ 7.5, 15.0, 8.5, 15.5 ] },
								"south": { "texture": "#metal", "uv": [ 7.5, 15.0, 8.5, 15.5 ] },
								"up": { "texture": "#metal", "uv": [ 7.5, 14.5, 8.5, 15.5 ] },
								"down": { "texture": "#metal", "uv": [ 7.5, 14.5, 8.5, 15.5 ], "rotation": 180 }
							},
							"children": [
								{
									"name": "Pan_cover",
									"from": [ 0.4, 0.5, 0.0 ],
									"to": [ 1.0, 0.8, 1.0 ],
									"rotationOrigin": [ 0.8, 0.5, 0.8 ],
									"rotationY": -135.0,
									"faces": {
										"north": { "texture": "#metal", "uv": [ 9.0, 15.0, 9.5, 15.5 ] },
										"east": { "texture": "#metal", "uv": [ 8.5, 15.0, 9.5, 15.5 ] },
										"south": { "texture": "#metal", "uv": [ 8.5, 15.0, 9.0, 15.5 ] },
										"west": { "texture": "#metal", "uv": [ 8.5, 15.0, 9.5, 15.5 ] },
										"up": { "texture": "#metal", "uv": [ 8.5, 15.0, 9.5, 15.5 ], "rotation": 90 },
										"down": { "texture": "#metal", "uv": [ 8.5, 15.0, 9.5, 15.5 ], "rotation": 90 }
									}
								},
								{
									"name": "Pan_hinch",
									"from": [ 0.7, -0.1, 0.7 ],
									"to": [ 0.9, 0.9, 0.9 ],
									"rotationOrigin": [ 0.7, -0.1, 0.7 ],
									"faces": {
										"north": { "texture": "#furniture-metal", "uv": [ 0.0, 0.0, 0.5, 1.0 ] },
										"east": { "texture": "#furniture-metal", "uv": [ 0.0, 0.0, 0.5, 1.0 ] },
										"south": { "texture": "#furniture-metal", "uv": [ 0.0, 0.0, 0.5, 1.0 ] },
										"west": { "texture": "#furniture-metal", "uv": [ 0.0, 0.0, 0.5, 1.0 ] },
										"up": { "texture": "#furniture-metal", "uv": [ 0.0, 0.0, 0.5, 0.5 ] },
										"down": { "texture": "#furniture-metal", "uv": [ 0.0, 0.0, 0.5, 0.5 ] }
									}
								}
							]
						},
						{
							"name": "Plate",
							"from": [ 0.0, -1.1, -3.6 ],
							"to": [ 0.01, -0.2, 1.7 ],
							"rotationOrigin": [ 0.0, -1.1, -3.6 ],
							"faces": {
								"north": { "texture": "#metal", "uv": [ 0.0, 0.0, 0.5, 0.5 ] },
								"east": { "texture": "#metal", "uv": [ 6.5, 15.0, 11.5, 16.0 ], "autoUv": false },
								"south": { "texture": "#metal", "uv": [ 0.0, 0.0, 0.5, 0.5 ] },
								"up": { "texture": "#metal", "uv": [ 6.5, 15.0, 11.5, 15.5 ], "rotation": 90, "autoUv": false },
								"down": { "texture": "#metal", "uv": [ 6.5, 15.5, 11.5, 16.0 ], "rotation": 90 }
							}
						},
						{
							"name": "Lock_lever",
							"from": [ 0.0, -1.0, -3.5 ],
							"to": [ 0.5, -0.4, -2.9 ],
							"rotationOrigin": [ 0.0, -0.7, -3.2 ],
							"rotationX": 35.0,
							"faces": {
								"north": { "texture": "#metal", "uv": [ 0.0, 0.0, 0.5, 0.5 ] },
								"east": { "texture": "#metal", "uv": [ 0.0, 0.0, 0.5, 0.5 ] },
								"south": { "texture": "#metal", "uv": [ 0.0, 0.0, 0.5, 0.5 ] },
								"west": { "texture": "#metal", "uv": [ 0.0, 0.0, 0.5, 0.5 ] },
								"up": { "texture": "#metal", "uv": [ 0.0, 0.0, 0.5, 0.5 ] },
								"down": { "texture": "#metal", "uv": [ 0.0, 0.0, 0.5, 0.5 ] }
							},
							"children": [
								{
									"name": "Lever_arm",
									"from": [ 0.0, 0.6, 1.1 ],
									"to": [ 0.5, 2.3, 1.5 ],
									"rotationOrigin": [ 0.0, 0.6, 1.1 ],
									"faces": {
										"north": { "texture": "#metal", "uv": [ 1.0, 0.0, 2.5, 0.5 ], "rotation": 90 },
										"east": { "texture": "#metal", "uv": [ 1.0, 0.0, 2.5, 0.5 ], "rotation": 90 },
										"south": { "texture": "#metal", "uv": [ 1.0, 0.0, 2.5, 0.5 ], "rotation": 90 },
										"west": { "texture": "#metal", "uv": [ 1.0, 0.0, 2.5, 0.5 ], "rotation": 90 },
										"up": { "texture": "#metal", "uv": [ 2.0, 0.0, 2.5, 0.5 ] }
									},
									"children": [
										{
											"name": "Lever_jaw_left",
											"from": [ 0.0, 1.7, 0.0 ],
											"to": [ 0.2, 2.1, 0.9 ],
											"rotationOrigin": [ 0.0, 1.7, 0.0 ],
											"faces": {
												"north": { "texture": "#metal", "uv": [ 2.5, 0.0, 3.0, 0.5 ] },
												"east": { "texture": "#metal", "uv": [ 2.5, 0.0, 3.0, 0.5 ] },
												"south": { "texture": "#metal", "uv": [ 2.5, 0.0, 3.0, 0.5 ] },
												"west": { "texture": "#metal", "uv": [ 2.5, 0.0, 3.0, 0.5 ] },
												"up": { "texture": "#metal", "uv": [ 2.5, 0.0, 3.0, 0.5 ] },
												"down": { "texture": "#metal", "uv": [ 2.5, 0.0, 3.0, 0.5 ] }
											}
										},
										{
											"name": "Lever_jaw_right",
											"from": [ 0.3, 1.7, 0.0 ],
											"to": [ 0.5, 2.1, 0.9 ],
											"rotationOrigin": [ 0.3, 1.7, 0.0 ],
											"faces": {
												"north": { "texture": "#metal", "uv": [ 2.5, 0.0, 3.0, 0.5 ] },
												"east": { "texture": "#metal", "uv": [ 2.5, 0.0, 3.0, 0.5 ] },
												"south": { "texture": "#metal", "uv": [ 2.5, 0.0, 3.0, 0.5 ] },
												"west": { "texture": "#metal", "uv": [ 2.5, 0.0, 3.0, 0.5 ] },
												"up": { "texture": "#metal", "uv": [ 2.5, 0.0, 3.0, 0.5 ] },
												"down": { "texture": "#metal", "uv": [ 2.5, 0.0, 3.0, 0.5 ] }
											}
										}
									]
								},
								{
									"name": "Lock_lever5",
									"from": [ 0.0, 0.2, 0.6 ],
									"to": [ 0.5, 0.6, 1.5 ],
									"rotationOrigin": [ 0.0, 0.5, 0.9 ],
									"faces": {
										"north": { "texture": "#metal", "uv": [ 0.5, 0.0, 1.0, 0.5 ] },
										"east": { "texture": "#metal", "uv": [ 0.5, 0.0, 1.0, 0.5 ] },
										"south": { "texture": "#metal", "uv": [ 0.5, 0.0, 1.0, 0.5 ] },
										"west": { "texture": "#metal", "uv": [ 0.5, 0.0, 1.0, 0.5 ] },
										"up": { "texture": "#metal", "uv": [ 0.5, 0.0, 1.0, 0.5 ] },
										"down": { "texture": "#metal", "uv": [ 0.5, 0.0, 1.0, 0.5 ] }
									}
								},
								{
									"name": "Match_origin",
									"from": [ 60.1, 62.5, 98.6 ],
									"to": [ 60.1, 62.5, 98.6 ],
									"rotationOrigin": [ 0.3, 2.5, 39.6 ],
									"faces": {
										"north": { "texture": "#ember", "uv": [ 0.0, 0.0, 0.5, 0.5 ] },
										"east": { "texture": "#ember", "uv": [ 0.0, 0.0, 0.5, 0.5 ] },
										"south": { "texture": "#ember", "uv": [ 0.0, 0.0, 0.5, 0.5 ] },
										"west": { "texture": "#ember", "uv": [ 0.0, 0.0, 0.5, 0.5 ] },
										"up": { "texture": "#ember", "uv": [ 0.0, 0.0, 0.5, 0.5 ] },
										"down": { "texture": "#ember", "uv": [ 0.0, 0.0, 0.5, 0.5 ] }
									},
									"children": [
										{
											"name": "Match",
											"from": [ 0.0, 0.0, 0.0 ],
											"to": [ 0.3, 0.3, 1.5 ],
											"faces": {
												"north": { "texture": "#ropedcloth", "uv": [ 0.0, 0.0, 0.5, 0.5 ] },
												"east": { "texture": "#ropedcloth", "uv": [ 0.0, 0.0, 1.5, 0.5 ] },
												"south": { "texture": "#ropedcloth", "uv": [ 0.0, 0.0, 0.5, 0.5 ] },
												"west": { "texture": "#ropedcloth", "uv": [ 0.0, 0.0, 1.5, 0.5 ] },
												"up": { "texture": "#ropedcloth", "uv": [ 0.0, 0.0, 0.5, 1.5 ] },
												"down": { "texture": "#ropedcloth", "uv": [ 0.0, 0.0, 0.5, 1.5 ] }
											},
											"children": [
												{
													"name": "Match_ember",
													"from": [ 0.0, 0.0, 1.5 ],
													"to": [ 0.3, 0.3, 1.7 ],
													"rotationOrigin": [ 0.0, 0.0, 1.5 ],
													"faces": {
														"north": { "texture": "#ember", "uv": [ 0.0, 0.0, 1.0, 1.0 ], "glow": 127, "autoUv": false },
														"east": { "texture": "#ember", "uv": [ 0.0, 0.0, 1.0, 1.0 ], "glow": 127, "autoUv": false, "windMode": [-1,-1,-1,-1] },
														"south": { "texture": "#ember", "uv": [ 0.0, 0.0, 1.0, 1.0 ], "glow": 127, "autoUv": false, "windMode": [-1,-1,-1,-1] },
														"west": { "texture": "#ember", "uv": [ 0.0, 0.0, 1.0, 1.0 ], "glow": 127, "autoUv": false, "windMode": [-1,-1,-1,-1] },
														"up": { "texture": "#ember", "uv": [ 0.0, 0.0, 1.0, 1.0 ], "glow": 127, "autoUv": false, "windMode": [-1,-1,-1,-1] },
														"down": { "texture": "#ember", "uv": [ 0.0, 0.0, 1.0, 1.0 ], "glow": 127, "autoUv": false, "windMode": [-1,-1,-1,-1] }
													}
												},
												{
													"name": "Match_1",
													"from": [ 0.0, 0.3, 0.0 ],
													"to": [ 0.3, 0.6, 3.2 ],
													"rotationOrigin": [ 0.0, 0.3, 0.0 ],
													"rotationX": 112.5,
													"faces": {
														"north": { "texture": "#ropedcloth", "uv": [ 0.0, 0.0, 0.5, 0.5 ] },
														"east": { "texture": "#ropedcloth", "uv": [ 0.0, 0.0, 3.0, 0.5 ] },
														"south": { "texture": "#ropedcloth", "uv": [ 0.0, 0.0, 0.5, 0.5 ] },
														"west": { "texture": "#ropedcloth", "uv": [ 0.0, 0.0, 3.0, 0.5 ] },
														"up": { "texture": "#ropedcloth", "uv": [ 0.0, 0.0, 0.5, 3.0 ] },
														"down": { "texture": "#ropedcloth", "uv": [ 0.0, 0.0, 0.5, 3.0 ] }
													},
													"children": [
														{
															"name": "Match_2",
															"from": [ 0.0, 0.0, 3.2 ],
															"to": [ 0.3, 0.3, 6.4 ],
															"rotationOrigin": [ 0.0, 0.0, 3.2 ],
															"rotationX": -22.5,
															"faces": {
																"north": { "texture": "#ropedcloth", "uv": [ 0.0, 0.0, 0.5, 0.5 ] },
																"east": { "texture": "#ropedcloth", "uv": [ 0.0, 0.0, 3.0, 0.5 ] },
																"south": { "texture": "#ropedcloth", "uv": [ 0.0, 0.0, 0.5, 0.5 ] },
																"west": { "texture": "#ropedcloth", "uv": [ 0.0, 0.0, 3.0, 0.5 ] },
																"up": { "texture": "#ropedcloth", "uv": [ 0.0, 0.0, 0.5, 3.0 ] },
																"down": { "texture": "#ropedcloth", "uv": [ 0.0, 0.0, 0.5, 3.0 ] }
															},
															"children": [
																{
																	"name": "Match_3",
																	"from": [ 0.0, 0.0, 3.2 ],
																	"to": [ 0.3, 0.3, 6.4 ],
																	"rotationOrigin": [ 0.0, 0.0, 3.2 ],
																	"rotationX": -22.5,
																	"faces": {
																		"north": { "texture": "#ropedcloth", "uv": [ 0.0, 0.0, 0.5, 0.5 ] },
																		"east": { "texture": "#ropedcloth", "uv": [ 0.0, 0.0, 3.0, 0.5 ] },
																		"south": { "texture": "#ropedcloth", "uv": [ 0.0, 0.0, 0.5, 0.5 ] },
																		"west": { "texture": "#ropedcloth", "uv": [ 0.0, 0.0, 3.0, 0.5 ] },
																		"up": { "texture": "#ropedcloth", "uv": [ 0.0, 0.0, 0.5, 3.0 ] },
																		"down": { "texture": "#ropedcloth", "uv": [ 0.0, 0.0, 0.5, 3.0 ] }
																	}
																}
															]
														}
													]
												}
											]
										}
									]
								}
							]
						},
						{
							"name": "Middle_receiver2",
							"from": [ -1.1, -1.35, -1.9 ],
							"to": [ -0.1, -1.25, 0.2 ],
							"rotationOrigin": [ -0.6, -1.4, -1.9 ],
							"faces": {
								"north": { "texture": "#metal", "uv": [ 0.0, 0.0, 1.0, 0.5 ] },
								"east": { "texture": "#metal", "uv": [ 0.0, 0.0, 2.0, 0.5 ] },
								"south": { "texture": "#metal", "uv": [ 0.0, 0.0, 1.0, 0.5 ] },
								"west": { "texture": "#metal", "uv": [ 0.0, 0.0, 2.0, 0.5 ] },
								"down": { "texture": "#metal", "uv": [ 0.0, 0.0, 1.0, 2.0 ] }
							}
						},
						{
							"name": "Lock_lever2",
							"from": [ -1.3, -0.85, -3.35 ],
							"to": [ 0.6, -0.55, -3.05 ],
							"rotationOrigin": [ -1.3, -0.7, -3.2 ],
							"faces": {
								"north": { "texture": "#furniture-metal", "uv": [ 0.0, 0.0, 1.5, 0.5 ] },
								"east": { "texture": "#furniture-metal", "uv": [ 0.0, 0.0, 0.5, 0.5 ] },
								"south": { "texture": "#furniture-metal", "uv": [ 0.0, 0.0, 1.5, 0.5 ] },
								"west": { "texture": "#furniture-metal", "uv": [ 0.0, 0.0, 0.5, 0.5 ] },
								"up": { "texture": "#furniture-metal", "uv": [ 0.0, 0.0, 1.5, 0.5 ] },
								"down": { "texture": "#furniture-metal", "uv": [ 0.0, 0.0, 1.5, 0.5 ] }
							}
						},
						{
							"name": "Lock_lever3",
							"from": [ -1.3, -0.85, 1.05 ],
							"to": [ 0.1, -0.55, 1.35 ],
							"rotationOrigin": [ -1.3, -0.7, 1.2 ],
							"faces": {
								"north": { "texture": "#furniture-metal", "uv": [ 0.0, 0.0, 1.0, 0.5 ] },
								"east": { "texture": "#furniture-metal", "uv": [ 0.0, 0.0, 0.5, 0.5 ], "autoUv": false },
								"south": { "texture": "#furniture-metal", "uv": [ 0.0, 0.0, 1.0, 0.5 ] },
								"west": { "texture": "#furniture-metal", "uv": [ 0.0, 0.0, 0.5, 0.5 ] },
								"up": { "texture": "#furniture-metal", "uv": [ 0.0, 0.0, 1.0, 0.5 ] },
								"down": { "texture": "#furniture-metal", "uv": [ 0.0, 0.0, 1.0, 0.5 ] }
							}
						},
						{
							"name": "Lock_lever4",
							"from": [ -1.3, -0.85, -1.45 ],
							"to": [ 0.1, -0.55, -1.15 ],
							"rotationOrigin": [ -1.3, -0.7, -1.3 ],
							"faces": {
								"north": { "texture": "#furniture-metal", "uv": [ 0.0, 0.0, 1.0, 0.5 ] },
								"east": { "texture": "#furniture-metal", "uv": [ 0.0, 0.0, 0.5, 0.5 ] },
								"south": { "texture": "#furniture-metal", "uv": [ 0.0, 0.0, 1.0, 0.5 ] },
								"west": { "texture": "#furniture-metal", "uv": [ 0.0, 0.0, 0.5, 0.5 ] },
								"up": { "texture": "#furniture-metal", "uv": [ 0.0, 0.0, 1.0, 0.5 ] },
								"down": { "texture": "#furniture-metal", "uv": [ 0.0, 0.0, 1.0, 0.5 ] }
							}
						},
						{
							"name": "Plate2",
							"from": [ -1.21, -1.0, -3.5 ],
							"to": [ -1.2, -0.4, 1.6 ],
							"rotationOrigin": [ -1.2, -1.0, -3.5 ],
							"faces": {
								"north": { "texture": "#metal", "uv": [ 0.0, 0.0, 0.5, 0.5 ] },
								"south": { "texture": "#metal", "uv": [ 0.0, 0.0, 0.5, 0.5 ] },
								"west": { "texture": "#metal", "uv": [ 0.0, 0.0, 5.0, 0.5 ] },
								"up": { "texture": "#metal", "uv": [ 0.0, 0.0, 5.0, 0.5 ], "rotation": 90, "windMode": [-1,-1,-1,-1] },
								"down": { "texture": "#metal", "uv": [ 0.0, 0.0, 5.0, 0.5 ], "rotation": 90, "windMode": [-1,-1,-1,-1] }
							}
						}
					]
				},
				{
					"name": "Bullet",
					"from": [ -0.15, 1.85, -17.1 ],
					"to": [ -0.15, 1.85, -17.1 ],
					"renderInEditor": false,
					"rotationOrigin": [ -0.1, 1.9, -17.1 ],
					"faces": {
						"north": { "texture": "#lead", "uv": [ 0.0, 0.0, 0.5, 0.5 ] },
						"east": { "texture": "#lead", "uv": [ 0.0, 0.0, 0.5, 0.5 ] },
						"south": { "texture": "#lead", "uv": [ 0.0, 0.0, 0.5, 0.5 ] },
						"west": { "texture": "#lead", "uv": [ 0.0, 0.0, 0.5, 0.5 ] },
						"up": { "texture": "#lead", "uv": [ 0.0, 0.0, 0.5, 0.5 ] },
						"down": { "texture": "#lead", "uv": [ 0.0, 0.0, 0.5, 0.5 ] }
					},
					"attachmentpoints": [
						{
							"code": "bullet",
							"posX": "0.1","posY": "0.1","posZ": "0.1",
							"rotationX": "0.0","rotationY": "0.0","rotationZ": "0.0"
						}
					]
				},
				{
					"name": "Patch",
					"from": [ 0.0, 2.0, -17.0 ],
					"to": [ 0.0, 2.0, -17.0 ],
					"renderInEditor": false,
					"rotationOrigin": [ 0.0, 2.0, -17.0 ],
					"faces": {
						"north": { "texture": "#stock-wood", "uv": [ 0.0, 0.0, 0.5, 0.5 ] },
						"east": { "texture": "#stock-wood", "uv": [ 0.0, 0.0, 0.5, 0.5 ] },
						"south": { "texture": "#stock-wood", "uv": [ 0.0, 0.0, 0.5, 0.5 ] },
						"west": { "texture": "#stock-wood", "uv": [ 0.0, 0.0, 0.5, 0.5 ] },
						"up": { "texture": "#stock-wood", "uv": [ 0.0, 0.0, 0.5, 0.5 ] },
						"down": { "texture": "#stock-wood", "uv": [ 0.0, 0.0, 0.5, 0.5 ] }
					},
					"children": [
						{
							"name": "Linen_0",
							"from": [ -0.2, -0.2, 0.0 ],
							"to": [ 0.3, 0.3, 0.1 ],
							"rotationOrigin": [ -0.2, -0.2, 0.0 ],
							"faces": {
								"north": { "texture": "#plain", "uv": [ 6.0, 7.0, 7.0, 8.0 ], "autoUv": false },
								"east": { "texture": "#plain", "uv": [ 4.0, 9.0, 4.5, 10.0 ], "autoUv": false },
								"south": { "texture": "#plain", "uv": [ 3.0, 5.0, 3.5, 5.5 ] },
								"west": { "texture": "#plain", "uv": [ 4.0, 7.0, 4.5, 8.0 ], "autoUv": false },
								"up": { "texture": "#plain", "uv": [ 6.0, 13.5, 7.0, 14.0 ], "autoUv": false },
								"down": { "texture": "#plain", "uv": [ 7.5, 3.0, 8.5, 3.5 ], "autoUv": false, "windMode": [-1,-1,-1,-1] }
							}
						},
						{
							"name": "Linen_1",
							"from": [ -0.3, -0.2, 0.0 ],
							"to": [ 0.2, 0.3, 0.1 ],
							"rotationOrigin": [ 0.2, -0.2, 0.0 ],
							"faces": {
								"north": { "texture": "#plain", "uv": [ 6.0, 7.0, 7.0, 8.0 ], "autoUv": false },
								"east": { "texture": "#plain", "uv": [ 4.0, 9.0, 4.5, 10.0 ], "autoUv": false },
								"south": { "texture": "#plain", "uv": [ 3.0, 5.0, 3.5, 5.5 ] },
								"west": { "texture": "#plain", "uv": [ 4.0, 7.0, 4.5, 8.0 ], "autoUv": false },
								"up": { "texture": "#plain", "uv": [ 6.0, 13.5, 7.0, 14.0 ], "autoUv": false },
								"down": { "texture": "#plain", "uv": [ 7.5, 3.0, 8.5, 3.5 ], "autoUv": false }
							}
						},
						{
							"name": "Linen_2",
							"from": [ -0.2, -0.3, 0.0 ],
							"to": [ 0.3, 0.2, 0.1 ],
							"rotationOrigin": [ -0.2, 0.2, 0.0 ],
							"faces": {
								"north": { "texture": "#plain", "uv": [ 6.0, 7.0, 7.0, 8.0 ], "autoUv": false },
								"east": { "texture": "#plain", "uv": [ 4.0, 9.0, 4.5, 10.0 ], "autoUv": false },
								"south": { "texture": "#plain", "uv": [ 3.0, 5.0, 3.5, 5.5 ] },
								"west": { "texture": "#plain", "uv": [ 4.0, 7.0, 4.5, 8.0 ], "autoUv": false },
								"up": { "texture": "#plain", "uv": [ 6.0, 13.5, 7.0, 14.0 ], "autoUv": false },
								"down": { "texture": "#plain", "uv": [ 7.5, 3.0, 8.5, 3.5 ], "autoUv": false }
							}
						},
						{
							"name": "Linen_3",
							"from": [ -0.3, -0.3, 0.0 ],
							"to": [ 0.2, 0.2, 0.1 ],
							"rotationOrigin": [ 0.2, 0.2, 0.0 ],
							"faces": {
								"north": { "texture": "#plain", "uv": [ 6.0, 7.0, 7.0, 8.0 ], "autoUv": false },
								"east": { "texture": "#plain", "uv": [ 4.0, 9.0, 4.5, 10.0 ], "autoUv": false },
								"south": { "texture": "#plain", "uv": [ 3.0, 5.0, 3.5, 5.5 ] },
								"west": { "texture": "#plain", "uv": [ 4.0, 7.0, 4.5, 8.0 ], "autoUv": false },
								"up": { "texture": "#plain", "uv": [ 6.0, 13.5, 7.0, 14.0 ], "autoUv": false },
								"down": { "texture": "#plain", "uv": [ 7.5, 3.0, 8.5, 3.5 ], "autoUv": false }
							}
						}
					]
				},
				{
					"name": "Flask_origin",
					"from": [ 66.0, 58.0, 90.0 ],
					"to": [ 66.0, 58.0, 90.0 ],
					"rotationOrigin": [ 6.0, -2.0, 30.0 ],
					"faces": {
						"north": { "texture": "#plain", "uv": [ 0.0, 0.0, 0.5, 0.5 ] },
						"east": { "texture": "#plain", "uv": [ 0.0, 0.0, 0.5, 0.5 ] },
						"south": { "texture": "#plain", "uv": [ 0.0, 0.0, 0.5, 0.5 ] },
						"west": { "texture": "#plain", "uv": [ 0.0, 0.0, 0.5, 0.5 ] },
						"up": { "texture": "#plain", "uv": [ 0.0, 0.0, 0.5, 0.5 ] },
						"down": { "texture": "#plain", "uv": [ 0.0, 0.0, 0.5, 0.5 ] }
					},
					"children": [
						{
							"name": "Flask_origin_inner",
							"from": [ 0.0, 0.0, 0.0 ],
							"to": [ 0.0, 0.0, 0.0 ],
							"faces": {
								"north": { "texture": "#plain", "uv": [ 0.0, 0.0, 0.5, 0.5 ] },
								"east": { "texture": "#plain", "uv": [ 0.0, 0.0, 0.5, 0.5 ] },
								"south": { "texture": "#plain", "uv": [ 0.0, 0.0, 0.5, 0.5 ] },
								"west": { "texture": "#plain", "uv": [ 0.0, 0.0, 0.5, 0.5 ] },
								"up": { "texture": "#plain", "uv": [ 0.0, 0.0, 0.5, 0.5 ] },
								"down": { "texture": "#plain", "uv": [ 0.0, 0.0, 0.5, 0.5 ] }
							},
							"children": [
								{
									"name": "Flask",
									"from": [ 0.0, -3.0, 0.0 ],
									"to": [ 0.0, -3.0, 0.0 ],
									"rotationOrigin": [ 0.0, -3.0, 0.0 ],
									"rotationY": -90.0,
									"faces": {
									},
									"attachmentpoints": [
										{
											"code": "flask",
											"posX": "0.0","posY": "0.0","posZ": "0.0",
											"rotationX": "0.0","rotationY": "0.0","rotationZ": "0.0"
										}
									]
								}
							]
						}
					]
				},
				{
					"name": "Ramdrod_origin",
					"from": [ -0.15, 1.0, -12.65 ],
					"to": [ -0.15, 1.0, -12.65 ],
					"rotationOrigin": [ -0.15, 1.0, -12.65 ],
					"faces": {
						"north": { "texture": "#ember", "uv": [ 0.0, 0.0, 0.5, 0.5 ] },
						"east": { "texture": "#ember", "uv": [ 0.0, 0.0, 0.5, 0.5 ] },
						"south": { "texture": "#ember", "uv": [ 0.0, 0.0, 0.5, 0.5 ] },
						"west": { "texture": "#ember", "uv": [ 0.0, 0.0, 0.5, 0.5 ] },
						"up": { "texture": "#ember", "uv": [ 0.0, 0.0, 0.5, 0.5 ] },
						"down": { "texture": "#ember", "uv": [ 0.0, 0.0, 0.5, 0.5 ] }
					},
					"children": [
						{
							"name": "Ramrod",
							"from": [ 0.0, 0.0, -5.0 ],
							"to": [ 0.3, 0.3, 14.5 ],
							"rotationOrigin": [ 0.05, 0.3, 3.05 ],
							"faces": {
								"north": { "texture": "#metal", "uv": [ 0.0, 0.0, 0.5, 0.5 ] },
								"east": { "texture": "#metal", "uv": [ 0.0, 1.5, 16.0, 2.0 ], "autoUv": false },
								"south": { "texture": "#metal", "uv": [ 0.0, 0.0, 0.5, 0.5 ] },
								"west": { "texture": "#metal", "uv": [ 0.0, 1.5, 16.0, 2.0 ], "rotation": 180, "autoUv": false },
								"up": { "texture": "#metal", "uv": [ 0.0, 1.5, 16.0, 2.0 ], "rotation": 270, "autoUv": false },
								"down": { "texture": "#metal", "uv": [ 0.0, 1.5, 16.0, 2.0 ], "rotation": 270, "autoUv": false }
							},
							"children": [
								{
									"name": "Ramrod_cap",
									"from": [ -0.05, -0.05, -0.2 ],
									"to": [ 0.35, 0.35, 0.1 ],
									"rotationOrigin": [ 0.0, 0.1, -0.3 ],
									"faces": {
										"north": { "texture": "#furniture-metal", "uv": [ 0.0, 0.0, 0.5, 0.5 ] },
										"east": { "texture": "#furniture-metal", "uv": [ 0.0, 0.0, 0.5, 0.5 ] },
										"south": { "texture": "#furniture-metal", "uv": [ 0.0, 0.0, 0.5, 0.5 ] },
										"west": { "texture": "#furniture-metal", "uv": [ 0.0, 0.0, 0.5, 0.5 ] },
										"up": { "texture": "#furniture-metal", "uv": [ 0.0, 0.0, 0.5, 0.5 ] },
										"down": { "texture": "#furniture-metal", "uv": [ 0.0, 0.0, 0.5, 0.5 ] }
									}
								}
							]
						}
					]
				}
			]
		}
	],
	"animations": [
		{
			"name": "Match",
			"code": "match",
			"quantityframes": 35,
			"onActivityStopped": "Stop",
			"onAnimationEnd": "Hold",
			"keyframes": [
				{
					"frame": 0,
					"elements": {
						"Lever": { "rotationX": 10.0, "rotationY": 0.0, "rotationZ": 0.0 },
						"Pan_cover": { "rotationX": 0.0, "rotationY": 135.0, "rotationZ": 0.0 },
						"Lock_lever": { "rotationX": -35.0, "rotationY": 0.0, "rotationZ": 0.0 },
						"Match_origin": { "offsetX": 0.0, "offsetY": 0.0, "offsetZ": 0.0 },
						"Match": { "rotationX": 0.0, "rotationY": 0.0, "rotationZ": 0.0 },
						"Match_1": { "rotationX": 0.0, "rotationY": 0.0, "rotationZ": 0.0 },
						"Match_2": { "rotationX": 0.0, "rotationY": 0.0, "rotationZ": 0.0 },
						"Match_3": { "rotationX": 0.0, "rotationY": 0.0, "rotationZ": 0.0 }
					}
				},
				{
					"frame": 1,
					"elements": {
						"Lever": { "rotationX": 10.0, "rotationY": 0.0, "rotationZ": 0.0 },
						"Pan_cover": { "rotationX": 0.0, "rotationY": 135.0, "rotationZ": 0.0 },
						"Lock_lever": { "rotationX": -35.0, "rotationY": 0.0, "rotationZ": 0.0 },
						"Match_origin": { "offsetX": -60.0, "offsetY": -60.0, "offsetZ": -60.0 },
						"Match": { "rotationX": 0.0, "rotationY": 0.0, "rotationZ": 0.0 },
						"Match_1": { "rotationX": 0.0, "rotationY": 0.0, "rotationZ": 0.0 },
						"Match_2": { "rotationX": 0.0, "rotationY": 0.0, "rotationZ": 0.0 },
						"Match_3": { "rotationX": 0.0, "rotationY": 0.0, "rotationZ": 0.0 }
					}
				},
				{
					"frame": 15,
					"elements": {
						"Lever": { "rotationX": 10.0, "rotationY": 0.0, "rotationZ": 0.0 },
						"Pan_cover": { "rotationX": 0.0, "rotationY": 135.0, "rotationZ": 0.0 },
						"Lock_lever": { "rotationX": -35.0, "rotationY": 0.0, "rotationZ": 0.0 },
						"Match_origin": { "offsetX": -58.0, "offsetY": -59.0, "offsetZ": -100.0 },
						"Match": { "rotationX": -10.0, "rotationY": 0.0, "rotationZ": 0.0 },
						"Match_1": { "rotationX": -15.0, "rotationY": 0.0, "rotationZ": 0.0 },
						"Match_2": { "rotationX": -9.0, "rotationY": 0.0, "rotationZ": 0.0 },
						"Match_3": { "rotationX": -14.0, "rotationY": 0.0, "rotationZ": 0.0 }
					}
				},
				{
					"frame": 19,
					"elements": {
						"Lever": { "rotationX": 10.0, "rotationY": 0.0, "rotationZ": 0.0 },
						"Pan_cover": { "rotationX": 0.0, "rotationY": 135.0, "rotationZ": 0.0 },
						"Lock_lever": { "rotationX": -35.0, "rotationY": 0.0, "rotationZ": 0.0 },
						"Match_origin": { "offsetX": -60.0, "offsetY": -59.0, "offsetZ": -99.0 },
						"Match": { "rotationX": -5.0, "rotationY": 0.0, "rotationZ": 0.0 },
						"Match_1": { "rotationX": 8.0, "rotationY": 4.0, "rotationZ": 0.0 },
						"Match_2": { "rotationX": 7.0, "rotationY": 10.0, "rotationZ": 0.0 },
						"Match_3": { "rotationX": 32.0, "rotationY": 10.0, "rotationZ": 0.0 }
					}
				},
				{
					"frame": 24,
					"elements": {
						"Lever": { "rotationX": 10.0, "rotationY": 0.0, "rotationZ": 0.0 },
						"Pan_cover": { "rotationX": 0.0, "rotationY": 135.0, "rotationZ": 0.0 },
						"Lock_lever": { "rotationX": -35.0, "rotationY": 0.0, "rotationZ": 0.0 },
						"Match_origin": { "offsetX": -60.0, "offsetY": -60.0, "offsetZ": -98.0 },
						"Match": { "rotationX": 0.0, "rotationY": 0.0, "rotationZ": 0.0 },
						"Match_1": { "rotationX": 1.0, "rotationY": 0.0, "rotationZ": 0.0 },
						"Match_2": { "rotationX": -9.0, "rotationY": -6.0, "rotationZ": 0.0 },
						"Match_3": { "rotationX": 12.0, "rotationY": -7.0, "rotationZ": 0.0 }
					}
				},
				{
					"frame": 29,
					"elements": {
						"Lever": { "rotationX": 10.0, "rotationY": 0.0, "rotationZ": 0.0 },
						"Pan_cover": { "rotationX": 0.0, "rotationY": 135.0, "rotationZ": 0.0 },
						"Lock_lever": { "rotationX": -35.0, "rotationY": 0.0, "rotationZ": 0.0 },
						"Match_origin": { "offsetX": -60.0, "offsetY": -60.0, "offsetZ": -98.0 },
						"Match": { "rotationX": 0.0, "rotationY": 0.0, "rotationZ": 0.0 },
						"Match_1": { "rotationX": 1.0, "rotationY": 0.0, "rotationZ": 0.0 },
						"Match_2": { "rotationX": -9.0, "rotationY": -6.0, "rotationZ": 0.0 },
						"Match_3": { "rotationX": 12.0, "rotationY": -7.0, "rotationZ": 0.0 }
					}
				},
				{
					"frame": 34,
					"elements": {
						"Lever": { "rotationX": 10.0, "rotationY": 0.0, "rotationZ": 0.0 },
						"Pan_cover": { "rotationX": 0.0, "rotationY": 0.0, "rotationZ": 0.0 },
						"Lock_lever": { "rotationX": -35.0, "rotationY": 0.0, "rotationZ": 0.0 },
						"Match_origin": { "offsetX": -60.0, "offsetY": -60.0, "offsetZ": -98.0 },
						"Match": { "rotationX": 0.0, "rotationY": 0.0, "rotationZ": 0.0 },
						"Match_1": { "rotationX": 1.0, "rotationY": 0.0, "rotationZ": 0.0 },
						"Match_2": { "rotationX": -1.0, "rotationY": 0.0, "rotationZ": 0.0 },
						"Match_3": { "rotationX": 22.0, "rotationY": 0.0, "rotationZ": 0.0 }
					}
				}
			]
		},

		{
			"name": "Fire",
			"code": "fire",
			"quantityframes": 20,
			"onActivityStopped": "Stop",
			"onAnimationEnd": "Hold",
			"keyframes": [
				{
					"frame": 0,
					"elements": {
						"Lever": { "rotationX": 10.0, "rotationY": 0.0, "rotationZ": 0.0 },
						"Pan_cover": { "rotationX": 0.0, "rotationY": 0.0, "rotationZ": 0.0 },
						"Lock_lever": { "rotationX": -35.0, "rotationY": 0.0, "rotationZ": 0.0 },
						"Match_origin": { "offsetX": -60.0, "offsetY": -60.0, "offsetZ": -98.0 },
						"Match": { "rotationX": 0.0, "rotationY": 0.0, "rotationZ": 0.0 },
						"Match_1": { "rotationX": 1.0, "rotationY": 0.0, "rotationZ": 0.0 },
						"Match_2": { "rotationX": -1.0, "rotationY": 0.0, "rotationZ": 0.0 },
						"Match_3": { "rotationX": 22.0, "rotationY": 0.0, "rotationZ": 0.0 }
					}
				},
				{
					"frame": 5,
					"elements": {
						"Lever": { "rotationX": 5.0, "rotationY": 0.0, "rotationZ": 0.0 },
						"Pan_cover": { "rotationX": 0.0, "rotationY": 0.0, "rotationZ": 0.0 },
						"Lock_lever": { "rotationX": -20.0, "rotationY": 0.0, "rotationZ": 0.0 },
						"Match_origin": { "offsetX": -60.0, "offsetY": -60.0, "offsetZ": -98.0 },
						"Match": { "rotationX": 0.0, "rotationY": 0.0, "rotationZ": 0.0 },
						"Match_1": { "rotationX": 1.0, "rotationY": 0.0, "rotationZ": 0.0 },
						"Match_2": { "rotationX": -10.0, "rotationY": 0.0, "rotationZ": 0.0 },
						"Match_3": { "rotationX": 16.0, "rotationY": 0.0, "rotationZ": 0.0 }
					}
				},
				{
					"frame": 10,
					"elements": {
						"Lever": { "rotationX": 0.0, "rotationY": 0.0, "rotationZ": 0.0 },
						"Pan_cover": { "rotationX": 0.0, "rotationY": 0.0, "rotationZ": 0.0 },
						"Lock_lever": { "rotationX": 0.0, "rotationY": 0.0, "rotationZ": 0.0 },
						"Match_origin": { "offsetX": -60.0, "offsetY": -60.0, "offsetZ": -98.0 },
						"Match": { "rotationX": -3.0, "rotationY": 0.0, "rotationZ": 0.0 },
						"Match_1": { "rotationX": 3.0, "rotationY": 0.0, "rotationZ": 0.0 },
						"Match_2": { "rotationX": -29.0, "rotationY": 0.0, "rotationZ": 0.0 },
						"Match_3": { "rotationX": 13.0, "rotationY": 0.0, "rotationZ": 0.0 }
					}
				},
				{
					"frame": 15,
					"elements": {
						"Lever": { "rotationX": 0.0, "rotationY": 0.0, "rotationZ": 0.0 },
						"Pan_cover": { "rotationX": 0.0, "rotationY": 0.0, "rotationZ": 0.0 },
						"Lock_lever": { "rotationX": 0.0, "rotationY": 0.0, "rotationZ": 0.0 },
						"Match_origin": { "offsetX": -60.0, "offsetY": -60.0, "offsetZ": -98.0 },
						"Match": { "rotationX": -3.0, "rotationY": 0.0, "rotationZ": 0.0 },
						"Match_1": { "rotationX": 3.0, "rotationY": 0.0, "rotationZ": 0.0 },
						"Match_2": { "rotationX": -33.0, "rotationY": 0.0, "rotationZ": 0.0 },
						"Match_3": { "rotationX": 20.0, "rotationY": 0.0, "rotationZ": 0.0 }
					}
				},
				{
					"frame": 19,
					"elements": {
						"Lever": { "rotationX": 0.0, "rotationY": 0.0, "rotationZ": 0.0 },
						"Pan_cover": { "rotationX": 0.0, "rotationY": 0.0, "rotationZ": 0.0 },
						"Lock_lever": { "rotationX": 0.0, "rotationY": 0.0, "rotationZ": 0.0 },
						"Match_origin": { "offsetX": -60.0, "offsetY": -60.0, "offsetZ": -98.0 },
						"Match": { "rotationX": -3.0, "rotationY": 0.0, "rotationZ": 0.0 },
						"Match_1": { "rotationX": 3.0, "rotationY": 0.0, "rotationZ": 0.0 },
						"Match_2": { "rotationX": -35.0, "rotationY": 0.0, "rotationZ": 0.0 },
						"Match_3": { "rotationX": 22.0, "rotationY": 0.0, "rotationZ": 0.0 }
					}
				}
			]
		},

		{
			"name": "load",
			"code": "load",
			"quantityframes": 166,
			"onActivityStopped": "Rewind",
			"onAnimationEnd": "Repeat",
			"keyframes": [
				{
					"frame": 0,
					"elements": {
						"Flask_origin": { "offsetX": -66.0, "offsetY": -66.0, "offsetZ": -78.0 },
						"Flask_origin_inner": { "rotationX": -90.0, "rotationY": 90.0, "rotationZ": 0.0 },
						"Patch": { "offsetX": 0.0, "offsetY": -7.0, "offsetZ": 31.0 },
						"Linen_0": { "offsetX": 0.2, "offsetY": 0.2, "offsetZ": 0.0, "rotationX": 0.0, "rotationY": 0.0, "rotationZ": 0.0 },
						"Linen_1": { "offsetX": -0.2, "offsetY": 0.2, "offsetZ": 0.0, "rotationX": 0.0, "rotationY": 0.0, "rotationZ": 0.0 },
						"Linen_2": { "offsetX": -0.3, "offsetY": -0.2, "offsetZ": 0.0, "rotationX": 0.0, "rotationY": 0.0, "rotationZ": 0.0 },
						"Linen_3": { "offsetX": 0.3, "offsetY": -0.2, "offsetZ": 0.0, "rotationX": 0.0, "rotationY": 0.0, "rotationZ": 0.0 },
						"Bullet": { "offsetX": 0.0, "offsetY": -7.0, "offsetZ": 30.8 },
						"Ramdrod_origin": { "offsetX": 0.0, "offsetY": 0.0, "offsetZ": 0.0 },
						"Ramrod": { "rotationX": 0.0, "rotationY": 0.0, "rotationZ": 0.0 }
					}
				},
				{
					"frame": 10,
					"elements": {
						"Bullet": { "offsetX": 0.0, "offsetY": -7.0, "offsetZ": 30.8 },
						"Patch": { "offsetX": 0.0, "offsetY": -7.0, "offsetZ": 31.0 },
						"Linen_0": { "offsetX": 0.2, "offsetY": 0.2, "offsetZ": 0.0, "rotationX": 0.0, "rotationY": 0.0, "rotationZ": 0.0 },
						"Linen_1": { "offsetX": -0.2, "offsetY": 0.2, "offsetZ": 0.0, "rotationX": 0.0, "rotationY": 0.0, "rotationZ": 0.0 },
						"Linen_2": { "offsetX": -0.3, "offsetY": -0.2, "offsetZ": 0.0, "rotationX": 0.0, "rotationY": 0.0, "rotationZ": 0.0 },
						"Linen_3": { "offsetX": 0.3, "offsetY": -0.2, "offsetZ": 0.0, "rotationX": 0.0, "rotationY": 0.0, "rotationZ": 0.0 },
						"Flask_origin": { "offsetX": -66.0, "offsetY": -61.0, "offsetZ": -109.0 },
						"Flask_origin_inner": { "rotationX": -90.0, "rotationY": 90.0, "rotationZ": 0.0 },
						"Ramdrod_origin": { "offsetX": 0.0, "offsetY": 0.0, "offsetZ": 0.0 },
						"Ramrod": { "rotationX": 0.0, "rotationY": 0.0, "rotationZ": 0.0 }
					}
				},
				{
					"frame": 15,
					"elements": {
						"Bullet": { "offsetX": 0.0, "offsetY": -7.0, "offsetZ": 30.8 },
						"Patch": { "offsetX": 0.0, "offsetY": -7.0, "offsetZ": 31.0 },
						"Linen_0": { "offsetX": 0.2, "offsetY": 0.2, "offsetZ": 0.0, "rotationX": 0.0, "rotationY": 0.0, "rotationZ": 0.0 },
						"Linen_1": { "offsetX": -0.2, "offsetY": 0.2, "offsetZ": 0.0, "rotationX": 0.0, "rotationY": 0.0, "rotationZ": 0.0 },
						"Linen_2": { "offsetX": -0.3, "offsetY": -0.2, "offsetZ": 0.0, "rotationX": 0.0, "rotationY": 0.0, "rotationZ": 0.0 },
						"Linen_3": { "offsetX": 0.3, "offsetY": -0.2, "offsetZ": 0.0, "rotationX": 0.0, "rotationY": 0.0, "rotationZ": 0.0 },
						"Flask_origin": { "offsetX": -66.0, "offsetY": -58.2, "offsetZ": -110.0 },
						"Flask_origin_inner": { "rotationX": -90.0, "rotationY": 90.0, "rotationZ": 90.0 },
						"Ramdrod_origin": { "offsetX": 0.0, "offsetY": 0.0, "offsetZ": 0.0 },
						"Ramrod": { "rotationX": 0.0, "rotationY": 0.0, "rotationZ": 0.0 }
					}
				},
				{
					"frame": 20,
					"elements": {
						"Bullet": { "offsetX": 0.0, "offsetY": -7.0, "offsetZ": 30.8 },
						"Patch": { "offsetX": 0.0, "offsetY": -7.0, "offsetZ": 31.0 },
						"Linen_0": { "offsetX": 0.2, "offsetY": 0.2, "offsetZ": 0.0, "rotationX": 0.0, "rotationY": 0.0, "rotationZ": 0.0 },
						"Linen_1": { "offsetX": -0.2, "offsetY": 0.2, "offsetZ": 0.0, "rotationX": 0.0, "rotationY": 0.0, "rotationZ": 0.0 },
						"Linen_2": { "offsetX": -0.3, "offsetY": -0.2, "offsetZ": 0.0, "rotationX": 0.0, "rotationY": 0.0, "rotationZ": 0.0 },
						"Linen_3": { "offsetX": 0.3, "offsetY": -0.2, "offsetZ": 0.0, "rotationX": 0.0, "rotationY": 0.0, "rotationZ": 0.0 },
						"Flask_origin": { "offsetX": -66.0, "offsetY": -61.0, "offsetZ": -109.0 },
						"Flask_origin_inner": { "rotationX": -90.0, "rotationY": 90.0, "rotationZ": 0.0 },
						"Ramdrod_origin": { "offsetX": 0.0, "offsetY": 0.0, "offsetZ": 0.0 },
						"Ramrod": { "rotationX": 0.0, "rotationY": 0.0, "rotationZ": 0.0 }
					}
				},
				{
					"frame": 30,
					"elements": {
						"Bullet": { "offsetX": 0.0, "offsetY": -7.0, "offsetZ": 30.8 },
						"Patch": { "offsetX": 0.0, "offsetY": -7.0, "offsetZ": 31.0 },
						"Linen_0": { "offsetX": 0.2, "offsetY": 0.2, "offsetZ": 0.0, "rotationX": 0.0, "rotationY": 0.0, "rotationZ": 0.0 },
						"Linen_1": { "offsetX": -0.2, "offsetY": 0.2, "offsetZ": 0.0, "rotationX": 0.0, "rotationY": 0.0, "rotationZ": 0.0 },
						"Linen_2": { "offsetX": -0.3, "offsetY": -0.2, "offsetZ": 0.0, "rotationX": 0.0, "rotationY": 0.0, "rotationZ": 0.0 },
						"Linen_3": { "offsetX": 0.3, "offsetY": -0.2, "offsetZ": 0.0, "rotationX": 0.0, "rotationY": 0.0, "rotationZ": 0.0 },
						"Flask_origin": { "offsetX": -66.0, "offsetY": -66.0, "offsetZ": -78.0 },
						"Flask_origin_inner": { "rotationX": -90.0, "rotationY": 90.0, "rotationZ": 0.0 },
						"Ramdrod_origin": { "offsetX": 0.0, "offsetY": 0.0, "offsetZ": 0.0 },
						"Ramrod": { "rotationX": 0.0, "rotationY": 0.0, "rotationZ": 0.0 }
					}
				},
				{
					"frame": 40,
					"elements": {
						"Bullet": { "offsetX": 0.0, "offsetY": -7.0, "offsetZ": 30.8 },
						"Patch": { "offsetX": 0.0, "offsetY": -5.0, "offsetZ": -2.3 },
						"Linen_0": { "offsetX": 0.2, "offsetY": 0.2, "offsetZ": 0.0, "rotationX": 0.0, "rotationY": 0.0, "rotationZ": 0.0 },
						"Linen_1": { "offsetX": -0.2, "offsetY": 0.2, "offsetZ": 0.0, "rotationX": 0.0, "rotationY": 0.0, "rotationZ": 0.0 },
						"Linen_2": { "offsetX": -0.3, "offsetY": -0.2, "offsetZ": 0.0, "rotationX": 0.0, "rotationY": 0.0, "rotationZ": 0.0 },
						"Linen_3": { "offsetX": 0.3, "offsetY": -0.2, "offsetZ": 0.0, "rotationX": 0.0, "rotationY": 0.0, "rotationZ": 0.0 },
						"Flask_origin": { "offsetX": -66.0, "offsetY": -66.0, "offsetZ": -78.0 },
						"Flask_origin_inner": { "rotationX": -90.0, "rotationY": 90.0, "rotationZ": 0.0 },
						"Ramdrod_origin": { "offsetX": 0.0, "offsetY": 0.0, "offsetZ": 0.0 },
						"Ramrod": { "rotationX": 0.0, "rotationY": 0.0, "rotationZ": 0.0 }
					}
				},
				{
					"frame": 45,
					"elements": {
						"Bullet": { "offsetX": 0.0, "offsetY": -7.0, "offsetZ": 30.8 },
						"Patch": { "offsetX": 0.0, "offsetY": 0.0, "offsetZ": -1.3 },
						"Linen_0": { "offsetX": 0.2, "offsetY": 0.2, "offsetZ": 0.0, "rotationX": 0.0, "rotationY": 0.0, "rotationZ": 0.0 },
						"Linen_1": { "offsetX": -0.2, "offsetY": 0.2, "offsetZ": 0.0, "rotationX": 0.0, "rotationY": 0.0, "rotationZ": 0.0 },
						"Linen_2": { "offsetX": -0.3, "offsetY": -0.2, "offsetZ": 0.0, "rotationX": 0.0, "rotationY": 0.0, "rotationZ": 0.0 },
						"Linen_3": { "offsetX": 0.3, "offsetY": -0.2, "offsetZ": 0.0, "rotationX": 0.0, "rotationY": 0.0, "rotationZ": 0.0 },
						"Flask_origin": { "offsetX": -66.0, "offsetY": -66.0, "offsetZ": -78.0 },
						"Flask_origin_inner": { "rotationX": -90.0, "rotationY": 90.0, "rotationZ": 0.0 },
						"Ramdrod_origin": { "offsetX": 0.0, "offsetY": 0.0, "offsetZ": 0.0 },
						"Ramrod": { "rotationX": 0.0, "rotationY": 0.0, "rotationZ": 0.0 }
					}
				},
				{
					"frame": 50,
					"elements": {
						"Bullet": { "offsetX": 0.0, "offsetY": -7.0, "offsetZ": 30.8 },
						"Patch": { "offsetX": 0.0, "offsetY": 0.0, "offsetZ": -1.3 },
						"Linen_0": { "offsetX": 0.2, "offsetY": 0.2, "offsetZ": 0.0, "rotationX": 0.0, "rotationY": 0.0, "rotationZ": 0.0 },
						"Linen_1": { "offsetX": -0.2, "offsetY": 0.2, "offsetZ": 0.0, "rotationX": 0.0, "rotationY": 0.0, "rotationZ": 0.0 },
						"Linen_2": { "offsetX": -0.3, "offsetY": -0.2, "offsetZ": 0.0, "rotationX": 0.0, "rotationY": 0.0, "rotationZ": 0.0 },
						"Linen_3": { "offsetX": 0.3, "offsetY": -0.2, "offsetZ": 0.0, "rotationX": 0.0, "rotationY": 0.0, "rotationZ": 0.0 },
						"Flask_origin": { "offsetX": -66.0, "offsetY": -66.0, "offsetZ": -78.0 },
						"Flask_origin_inner": { "rotationX": -90.0, "rotationY": 90.0, "rotationZ": 0.0 },
						"Ramdrod_origin": { "offsetX": 0.0, "offsetY": 0.0, "offsetZ": 0.0 },
						"Ramrod": { "rotationX": 0.0, "rotationY": 0.0, "rotationZ": 0.0 }
					}
				},
				{
					"frame": 60,
					"elements": {
						"Bullet": { "offsetX": 0.0, "offsetY": -4.0, "offsetZ": -2.2 },
						"Patch": { "offsetX": 0.0, "offsetY": 0.0, "offsetZ": -1.3 },
						"Linen_0": { "offsetX": 0.2, "offsetY": 0.2, "offsetZ": 0.0, "rotationX": 0.0, "rotationY": 0.0, "rotationZ": 0.0 },
						"Linen_1": { "offsetX": -0.2, "offsetY": 0.2, "offsetZ": 0.0, "rotationX": 0.0, "rotationY": 0.0, "rotationZ": 0.0 },
						"Linen_2": { "offsetX": -0.3, "offsetY": -0.2, "offsetZ": 0.0, "rotationX": 0.0, "rotationY": 0.0, "rotationZ": 0.0 },
						"Linen_3": { "offsetX": 0.3, "offsetY": -0.2, "offsetZ": 0.0, "rotationX": 0.0, "rotationY": 0.0, "rotationZ": 0.0 },
						"Flask_origin": { "offsetX": -66.0, "offsetY": -66.0, "offsetZ": -78.0 },
						"Flask_origin_inner": { "rotationX": -90.0, "rotationY": 90.0, "rotationZ": 0.0 },
						"Ramdrod_origin": { "offsetX": 0.0, "offsetY": 0.0, "offsetZ": 0.0 },
						"Ramrod": { "rotationX": 0.0, "rotationY": 0.0, "rotationZ": 0.0 }
					}
				},
				{
					"frame": 65,
					"elements": {
						"Bullet": { "offsetX": 0.0, "offsetY": 0.0, "offsetZ": -1.5 },
						"Patch": { "offsetX": 0.0, "offsetY": 0.0, "offsetZ": -1.3 },
						"Linen_0": { "offsetX": 0.2, "offsetY": 0.2, "offsetZ": 0.0, "rotationX": 0.0, "rotationY": 0.0, "rotationZ": 0.0 },
						"Linen_1": { "offsetX": -0.2, "offsetY": 0.2, "offsetZ": 0.0, "rotationX": 0.0, "rotationY": 0.0, "rotationZ": 0.0 },
						"Linen_2": { "offsetX": -0.3, "offsetY": -0.2, "offsetZ": 0.0, "rotationX": 0.0, "rotationY": 0.0, "rotationZ": 0.0 },
						"Linen_3": { "offsetX": 0.3, "offsetY": -0.2, "offsetZ": 0.0, "rotationX": 0.0, "rotationY": 0.0, "rotationZ": 0.0 },
						"Flask_origin": { "offsetX": -66.0, "offsetY": -66.0, "offsetZ": -78.0 },
						"Flask_origin_inner": { "rotationX": -90.0, "rotationY": 90.0, "rotationZ": 0.0 },
						"Ramdrod_origin": { "offsetX": 0.0, "offsetY": 0.0, "offsetZ": 0.0 },
						"Ramrod": { "rotationX": 0.0, "rotationY": 0.0, "rotationZ": 0.0 }
					}
				},
				{
					"frame": 70,
					"elements": {
						"Bullet": { "offsetX": 0.0, "offsetY": 0.0, "offsetZ": -1.2 },
						"Patch": { "offsetX": 0.0, "offsetY": 0.0, "offsetZ": -1.0 },
						"Linen_0": { "offsetX": 0.1, "offsetY": 0.1, "offsetZ": 0.0, "rotationX": -20.0, "rotationY": 13.0, "rotationZ": 0.0 },
						"Linen_1": { "offsetX": -0.1, "offsetY": 0.1, "offsetZ": 0.0, "rotationX": -20.0, "rotationY": -15.0, "rotationZ": 0.0 },
						"Linen_2": { "offsetX": -0.2, "offsetY": -0.1, "offsetZ": -0.1, "rotationX": 20.0, "rotationY": -20.0, "rotationZ": 0.0 },
						"Linen_3": { "offsetX": 0.2, "offsetY": -0.1, "offsetZ": -0.1, "rotationX": 20.0, "rotationY": 20.0, "rotationZ": 0.0 },
						"Flask_origin": { "offsetX": -66.0, "offsetY": -66.0, "offsetZ": -78.0 },
						"Flask_origin_inner": { "rotationX": -90.0, "rotationY": 90.0, "rotationZ": 0.0 },
						"Ramdrod_origin": { "offsetX": 0.0, "offsetY": 0.0, "offsetZ": 0.0 },
						"Ramrod": { "rotationX": 0.0, "rotationY": 0.0, "rotationZ": 0.0 }
					}
				},
				{
					"frame": 75,
					"elements": {
						"Bullet": { "offsetX": 0.0, "offsetY": 0.0, "offsetZ": -1.2 },
						"Patch": { "offsetX": 0.0, "offsetY": 0.0, "offsetZ": -1.0 },
						"Linen_0": { "offsetX": 0.1, "offsetY": 0.1, "offsetZ": 0.0, "rotationX": -20.0, "rotationY": 13.0, "rotationZ": 0.0 },
						"Linen_1": { "offsetX": -0.1, "offsetY": 0.1, "offsetZ": 0.0, "rotationX": -20.0, "rotationY": -15.0, "rotationZ": 0.0 },
						"Linen_2": { "offsetX": -0.2, "offsetY": -0.1, "offsetZ": -0.1, "rotationX": 20.0, "rotationY": -20.0, "rotationZ": 0.0 },
						"Linen_3": { "offsetX": 0.2, "offsetY": -0.1, "offsetZ": -0.1, "rotationX": 20.0, "rotationY": 20.0, "rotationZ": 0.0 },
						"Flask_origin": { "offsetX": -66.0, "offsetY": -66.0, "offsetZ": -78.0 },
						"Flask_origin_inner": { "rotationX": -90.0, "rotationY": 90.0, "rotationZ": 0.0 },
						"Ramdrod_origin": { "offsetX": 0.0, "offsetY": 0.0, "offsetZ": 0.0 },
						"Ramrod": { "rotationX": 0.0, "rotationY": 0.0, "rotationZ": 0.0 }
					}
				},
				{
					"frame": 85,
					"elements": {
						"Bullet": { "offsetX": 0.0, "offsetY": 0.0, "offsetZ": -1.2 },
						"Patch": { "offsetX": 0.0, "offsetY": 0.0, "offsetZ": -1.0 },
						"Linen_0": { "offsetX": 0.1, "offsetY": 0.1, "offsetZ": 0.0, "rotationX": -20.0, "rotationY": 13.0, "rotationZ": 0.0 },
						"Linen_1": { "offsetX": -0.1, "offsetY": 0.1, "offsetZ": 0.0, "rotationX": -20.0, "rotationY": -15.0, "rotationZ": 0.0 },
						"Linen_2": { "offsetX": -0.2, "offsetY": -0.1, "offsetZ": -0.1, "rotationX": 20.0, "rotationY": -20.0, "rotationZ": 0.0 },
						"Linen_3": { "offsetX": 0.2, "offsetY": -0.1, "offsetZ": -0.1, "rotationX": 20.0, "rotationY": 20.0, "rotationZ": 0.0 },
						"Flask_origin": { "offsetX": -66.0, "offsetY": -66.0, "offsetZ": -78.0 },
						"Flask_origin_inner": { "rotationX": -90.0, "rotationY": 90.0, "rotationZ": 0.0 },
						"Ramdrod_origin": { "offsetX": 0.0, "offsetY": 0.0, "offsetZ": -16.0 },
						"Ramrod": { "rotationX": 0.0, "rotationY": 0.0, "rotationZ": 0.0 }
					}
				},
				{
					"frame": 95,
					"elements": {
						"Bullet": { "offsetX": 0.0, "offsetY": 0.0, "offsetZ": -1.2 },
						"Patch": { "offsetX": 0.0, "offsetY": 0.0, "offsetZ": -1.0 },
						"Linen_0": { "offsetX": 0.1, "offsetY": 0.1, "offsetZ": 0.0, "rotationX": -20.0, "rotationY": 13.0, "rotationZ": 0.0 },
						"Linen_1": { "offsetX": -0.1, "offsetY": 0.1, "offsetZ": 0.0, "rotationX": -20.0, "rotationY": -15.0, "rotationZ": 0.0 },
						"Linen_2": { "offsetX": -0.2, "offsetY": -0.1, "offsetZ": -0.1, "rotationX": 20.0, "rotationY": -20.0, "rotationZ": 0.0 },
						"Linen_3": { "offsetX": 0.2, "offsetY": -0.1, "offsetZ": -0.1, "rotationX": 20.0, "rotationY": 20.0, "rotationZ": 0.0 },
						"Flask_origin": { "offsetX": -66.0, "offsetY": -66.0, "offsetZ": -78.0 },
						"Flask_origin_inner": { "rotationX": -90.0, "rotationY": 90.0, "rotationZ": 0.0 },
						"Ramdrod_origin": { "offsetX": 0.0, "offsetY": 0.55, "offsetZ": -17.0 },
						"Ramrod": { "rotationX": 180.0, "rotationY": 0.0, "rotationZ": 0.0 }
					}
				},
				{
					"frame": 96,
					"elements": {
						"Linen_0": { "offsetX": 0.0, "offsetY": 0.0, "offsetZ": 0.0 },
						"Linen_1": { "offsetX": 0.0, "offsetY": 0.0, "offsetZ": 0.0 },
						"Linen_2": { "offsetX": 0.0, "offsetY": 0.0, "offsetZ": 0.0 },
						"Linen_3": { "offsetX": 0.0, "offsetY": 0.0, "offsetZ": 0.0 }
					}
				},
				{
					"frame": 105,
					"elements": {
						"Bullet": { "offsetX": 0.0, "offsetY": 0.0, "offsetZ": 7.8 },
						"Patch": { "offsetX": 0.0, "offsetY": 0.0, "offsetZ": 8.0 },
						"Linen_0": { "offsetX": 0.0, "offsetY": 0.0, "offsetZ": 0.0, "rotationX": -20.0, "rotationY": 13.0, "rotationZ": 0.0 },
						"Linen_1": { "offsetX": 0.0, "offsetY": 0.0, "offsetZ": 0.0, "rotationX": -20.0, "rotationY": -15.0, "rotationZ": 0.0 },
						"Linen_2": { "offsetX": 0.0, "offsetY": 0.0, "offsetZ": 0.0, "rotationX": 20.0, "rotationY": -20.0, "rotationZ": 0.0 },
						"Linen_3": { "offsetX": 0.0, "offsetY": 0.0, "offsetZ": 0.0, "rotationX": 20.0, "rotationY": 20.0, "rotationZ": 0.0 },
						"Flask_origin": { "offsetX": -66.0, "offsetY": -66.0, "offsetZ": -78.0 },
						"Flask_origin_inner": { "rotationX": -90.0, "rotationY": 90.0, "rotationZ": 0.0 },
						"Ramdrod_origin": { "offsetX": 0.0, "offsetY": 0.55, "offsetZ": -8.0 },
						"Ramrod": { "rotationX": 180.0, "rotationY": 0.0, "rotationZ": 0.0 }
					}
				},
				{
					"frame": 110,
					"elements": {
						"Bullet": { "offsetX": 0.0, "offsetY": 0.0, "offsetZ": 7.8 },
						"Patch": { "offsetX": 0.0, "offsetY": 0.0, "offsetZ": 8.0 },
						"Linen_0": { "offsetX": 0.0, "offsetY": 0.0, "offsetZ": 0.0, "rotationX": -20.0, "rotationY": 13.0, "rotationZ": 0.0 },
						"Linen_1": { "offsetX": 0.0, "offsetY": 0.0, "offsetZ": 0.0, "rotationX": -20.0, "rotationY": -15.0, "rotationZ": 0.0 },
						"Linen_2": { "offsetX": 0.0, "offsetY": 0.0, "offsetZ": 0.0, "rotationX": 20.0, "rotationY": -20.0, "rotationZ": 0.0 },
						"Linen_3": { "offsetX": 0.0, "offsetY": 0.0, "offsetZ": 0.0, "rotationX": 20.0, "rotationY": 20.0, "rotationZ": 0.0 },
						"Flask_origin": { "offsetX": -66.0, "offsetY": -66.0, "offsetZ": -78.0 },
						"Flask_origin_inner": { "rotationX": -90.0, "rotationY": 90.0, "rotationZ": 0.0 },
						"Ramdrod_origin": { "offsetX": 0.0, "offsetY": 0.55, "offsetZ": -8.0 },
						"Ramrod": { "rotationX": 180.0, "rotationY": 0.0, "rotationZ": 0.0 }
					}
				},
				{
					"frame": 120,
					"elements": {
						"Bullet": { "offsetX": 0.0, "offsetY": 0.0, "offsetZ": 7.8 },
						"Patch": { "offsetX": 0.0, "offsetY": 0.0, "offsetZ": 8.0 },
						"Linen_0": { "offsetX": 0.0, "offsetY": 0.0, "offsetZ": 0.0, "rotationX": -20.0, "rotationY": 13.0, "rotationZ": 0.0 },
						"Linen_1": { "offsetX": 0.0, "offsetY": 0.0, "offsetZ": 0.0, "rotationX": -20.0, "rotationY": -15.0, "rotationZ": 0.0 },
						"Linen_2": { "offsetX": 0.0, "offsetY": 0.0, "offsetZ": 0.0, "rotationX": 20.0, "rotationY": -20.0, "rotationZ": 0.0 },
						"Linen_3": { "offsetX": 0.0, "offsetY": 0.0, "offsetZ": 0.0, "rotationX": 20.0, "rotationY": 20.0, "rotationZ": 0.0 },
						"Flask_origin": { "offsetX": -66.0, "offsetY": -66.0, "offsetZ": -78.0 },
						"Flask_origin_inner": { "rotationX": -90.0, "rotationY": 90.0, "rotationZ": 0.0 },
						"Ramdrod_origin": { "offsetX": 0.0, "offsetY": 0.55, "offsetZ": 1.0 },
						"Ramrod": { "rotationX": 180.0, "rotationY": 0.0, "rotationZ": 0.0 }
					}
				},
				{
					"frame": 125,
					"elements": {
						"Bullet": { "offsetX": 0.0, "offsetY": 0.0, "offsetZ": 7.8 },
						"Patch": { "offsetX": 0.0, "offsetY": 0.0, "offsetZ": 8.0 },
						"Linen_0": { "offsetX": 0.0, "offsetY": 0.0, "offsetZ": 0.0, "rotationX": -20.0, "rotationY": 13.0, "rotationZ": 0.0 },
						"Linen_1": { "offsetX": 0.0, "offsetY": 0.0, "offsetZ": 0.0, "rotationX": -20.0, "rotationY": -15.0, "rotationZ": 0.0 },
						"Linen_2": { "offsetX": 0.0, "offsetY": 0.0, "offsetZ": 0.0, "rotationX": 20.0, "rotationY": -20.0, "rotationZ": 0.0 },
						"Linen_3": { "offsetX": 0.0, "offsetY": 0.0, "offsetZ": 0.0, "rotationX": 20.0, "rotationY": 20.0, "rotationZ": 0.0 },
						"Flask_origin": { "offsetX": -66.0, "offsetY": -66.0, "offsetZ": -78.0 },
						"Flask_origin_inner": { "rotationX": -90.0, "rotationY": 90.0, "rotationZ": 0.0 },
						"Ramdrod_origin": { "offsetX": 0.0, "offsetY": 0.55, "offsetZ": -2.0 },
						"Ramrod": { "rotationX": 180.0, "rotationY": 0.0, "rotationZ": 0.0 }
					}
				},
				{
					"frame": 130,
					"elements": {
						"Bullet": { "offsetX": 0.0, "offsetY": 0.0, "offsetZ": 7.8 },
						"Patch": { "offsetX": 0.0, "offsetY": 0.0, "offsetZ": 8.0 },
						"Linen_0": { "offsetX": 0.0, "offsetY": 0.0, "offsetZ": 0.0, "rotationX": -20.0, "rotationY": 13.0, "rotationZ": 0.0 },
						"Linen_1": { "offsetX": 0.0, "offsetY": 0.0, "offsetZ": 0.0, "rotationX": -20.0, "rotationY": -15.0, "rotationZ": 0.0 },
						"Linen_2": { "offsetX": 0.0, "offsetY": 0.0, "offsetZ": 0.0, "rotationX": 20.0, "rotationY": -20.0, "rotationZ": 0.0 },
						"Linen_3": { "offsetX": 0.0, "offsetY": 0.0, "offsetZ": 0.0, "rotationX": 20.0, "rotationY": 20.0, "rotationZ": 0.0 },
						"Flask_origin": { "offsetX": -66.0, "offsetY": -66.0, "offsetZ": -78.0 },
						"Flask_origin_inner": { "rotationX": -90.0, "rotationY": 90.0, "rotationZ": 0.0 },
						"Ramdrod_origin": { "offsetX": 0.0, "offsetY": 0.55, "offsetZ": 1.0 },
						"Ramrod": { "rotationX": 180.0, "rotationY": 0.0, "rotationZ": 0.0 }
					}
				},
				{
					"frame": 135,
					"elements": {
						"Bullet": { "offsetX": 0.0, "offsetY": 0.0, "offsetZ": 7.8 },
						"Patch": { "offsetX": 0.0, "offsetY": 0.0, "offsetZ": 8.0 },
						"Linen_0": { "offsetX": 0.0, "offsetY": 0.0, "offsetZ": 0.0, "rotationX": -20.0, "rotationY": 13.0, "rotationZ": 0.0 },
						"Linen_1": { "offsetX": 0.0, "offsetY": 0.0, "offsetZ": 0.0, "rotationX": -20.0, "rotationY": -15.0, "rotationZ": 0.0 },
						"Linen_2": { "offsetX": 0.0, "offsetY": 0.0, "offsetZ": 0.0, "rotationX": 20.0, "rotationY": -20.0, "rotationZ": 0.0 },
						"Linen_3": { "offsetX": 0.0, "offsetY": 0.0, "offsetZ": 0.0, "rotationX": 20.0, "rotationY": 20.0, "rotationZ": 0.0 },
						"Flask_origin": { "offsetX": -66.0, "offsetY": -66.0, "offsetZ": -78.0 },
						"Flask_origin_inner": { "rotationX": -90.0, "rotationY": 90.0, "rotationZ": 0.0 },
						"Ramdrod_origin": { "offsetX": 0.0, "offsetY": 0.55, "offsetZ": -9.0 },
						"Ramrod": { "rotationX": 180.0, "rotationY": 0.0, "rotationZ": 0.0 }
					}
				},
				{
					"frame": 140,
					"elements": {
						"Bullet": { "offsetX": 0.0, "offsetY": 0.0, "offsetZ": 7.8 },
						"Patch": { "offsetX": 0.0, "offsetY": 0.0, "offsetZ": 8.0 },
						"Linen_0": { "offsetX": 0.0, "offsetY": 0.0, "offsetZ": 0.0, "rotationX": -20.0, "rotationY": 13.0, "rotationZ": 0.0 },
						"Linen_1": { "offsetX": 0.0, "offsetY": 0.0, "offsetZ": 0.0, "rotationX": -20.0, "rotationY": -15.0, "rotationZ": 0.0 },
						"Linen_2": { "offsetX": 0.0, "offsetY": 0.0, "offsetZ": 0.0, "rotationX": 20.0, "rotationY": -20.0, "rotationZ": 0.0 },
						"Linen_3": { "offsetX": 0.0, "offsetY": 0.0, "offsetZ": 0.0, "rotationX": 20.0, "rotationY": 20.0, "rotationZ": 0.0 },
						"Flask_origin": { "offsetX": -66.0, "offsetY": -66.0, "offsetZ": -78.0 },
						"Flask_origin_inner": { "rotationX": -90.0, "rotationY": 90.0, "rotationZ": 0.0 },
						"Ramdrod_origin": { "offsetX": 0.0, "offsetY": 0.55, "offsetZ": -9.0 },
						"Ramrod": { "rotationX": 180.0, "rotationY": 0.0, "rotationZ": 0.0 }
					}
				},
				{
					"frame": 145,
					"elements": {
						"Bullet": { "offsetX": 0.0, "offsetY": 0.0, "offsetZ": 7.8 },
						"Patch": { "offsetX": 0.0, "offsetY": 0.0, "offsetZ": 8.0 },
						"Linen_0": { "offsetX": 0.0, "offsetY": 0.0, "offsetZ": 0.0, "rotationX": -20.0, "rotationY": 13.0, "rotationZ": 0.0 },
						"Linen_1": { "offsetX": 0.0, "offsetY": 0.0, "offsetZ": 0.0, "rotationX": -20.0, "rotationY": -15.0, "rotationZ": 0.0 },
						"Linen_2": { "offsetX": 0.0, "offsetY": 0.0, "offsetZ": 0.0, "rotationX": 20.0, "rotationY": -20.0, "rotationZ": 0.0 },
						"Linen_3": { "offsetX": 0.0, "offsetY": 0.0, "offsetZ": 0.0, "rotationX": 20.0, "rotationY": 20.0, "rotationZ": 0.0 },
						"Flask_origin": { "offsetX": -66.0, "offsetY": -66.0, "offsetZ": -78.0 },
						"Flask_origin_inner": { "rotationX": -90.0, "rotationY": 90.0, "rotationZ": 0.0 },
						"Ramdrod_origin": { "offsetX": 0.0, "offsetY": 0.55, "offsetZ": -17.0 },
						"Ramrod": { "rotationX": 180.0, "rotationY": 0.0, "rotationZ": 0.0 }
					}
				},
				{
					"frame": 155,
					"elements": {
						"Bullet": { "offsetX": 0.0, "offsetY": 0.0, "offsetZ": 7.8 },
						"Patch": { "offsetX": 0.0, "offsetY": 0.0, "offsetZ": 8.0 },
						"Linen_0": { "offsetX": 0.0, "offsetY": 0.0, "offsetZ": 0.0, "rotationX": -20.0, "rotationY": 13.0, "rotationZ": 0.0 },
						"Linen_1": { "offsetX": 0.0, "offsetY": 0.0, "offsetZ": 0.0, "rotationX": -20.0, "rotationY": -15.0, "rotationZ": 0.0 },
						"Linen_2": { "offsetX": 0.0, "offsetY": 0.0, "offsetZ": 0.0, "rotationX": 20.0, "rotationY": -20.0, "rotationZ": 0.0 },
						"Linen_3": { "offsetX": 0.0, "offsetY": 0.0, "offsetZ": 0.0, "rotationX": 20.0, "rotationY": 20.0, "rotationZ": 0.0 },
						"Flask_origin": { "offsetX": -66.0, "offsetY": -66.0, "offsetZ": -78.0 },
						"Flask_origin_inner": { "rotationX": -90.0, "rotationY": 90.0, "rotationZ": 0.0 },
						"Ramdrod_origin": { "offsetX": 0.0, "offsetY": 0.0, "offsetZ": -17.0 },
						"Ramrod": { "rotationX": 0.0, "rotationY": 0.0, "rotationZ": 0.0 }
					}
				},
				{
					"frame": 165,
					"elements": {
						"Bullet": { "offsetX": 0.0, "offsetY": 0.0, "offsetZ": 7.8 },
						"Patch": { "offsetX": 0.0, "offsetY": 0.0, "offsetZ": 8.0 },
						"Linen_0": { "offsetX": 0.0, "offsetY": 0.0, "offsetZ": 0.0, "rotationX": -20.0, "rotationY": 13.0, "rotationZ": 0.0 },
						"Linen_1": { "offsetX": 0.0, "offsetY": 0.0, "offsetZ": 0.0, "rotationX": -20.0, "rotationY": -15.0, "rotationZ": 0.0 },
						"Linen_2": { "offsetX": 0.0, "offsetY": 0.0, "offsetZ": 0.0, "rotationX": 20.0, "rotationY": -20.0, "rotationZ": 0.0 },
						"Linen_3": { "offsetX": 0.0, "offsetY": 0.0, "offsetZ": 0.0, "rotationX": 20.0, "rotationY": 20.0, "rotationZ": 0.0 },
						"Flask_origin": { "offsetX": -66.0, "offsetY": -66.0, "offsetZ": -78.0 },
						"Flask_origin_inner": { "rotationX": -90.0, "rotationY": 90.0, "rotationZ": 0.0 },
						"Ramdrod_origin": { "offsetX": 0.0, "offsetY": 0.0, "offsetZ": 0.0 },
						"Ramrod": { "rotationX": 0.0, "rotationY": 0.0, "rotationZ": 0.0 }
					}
				}
			]
		},

		{
			"name": "prime",
			"code": "prime",
			"quantityframes": 60,
			"onActivityStopped": "Rewind",
			"onAnimationEnd": "Repeat",
			"keyframes": [
				{
					"frame": 0,
					"elements": {
						"Lock_lever": { "rotationX": 0.0, "rotationY": 0.0, "rotationZ": 0.0 },
						"Pan_cover": { "rotationX": 0.0, "rotationY": 0.0, "rotationZ": 0.0 },
						"Lever": { "rotationX": 0.0, "rotationY": 0.0, "rotationZ": 0.0 },
						"Flask_origin": { "offsetX": -48.0, "offsetY": -78.0, "offsetZ": -89.0 },
						"Flask_origin_inner": { "rotationX": 0.0, "rotationY": 0.0, "rotationZ": 0.0 }
					}
				},
				{
					"frame": 10,
					"elements": {
						"Lever": { "rotationX": 10.0, "rotationY": 0.0, "rotationZ": 0.0 },
						"Pan_cover": { "rotationX": 0.0, "rotationY": 0.0, "rotationZ": 0.0 },
						"Lock_lever": { "rotationX": -35.0, "rotationY": 0.0, "rotationZ": 0.0 },
						"Flask_origin": { "offsetX": -48.0, "offsetY": -78.0, "offsetZ": -89.0 },
						"Flask_origin_inner": { "rotationX": 0.0, "rotationY": 0.0, "rotationZ": 0.0 }
					}
				},
				{
					"frame": 15,
					"elements": {
						"Lever": { "rotationX": 10.0, "rotationY": 0.0, "rotationZ": 0.0 },
						"Pan_cover": { "rotationX": 0.0, "rotationY": 0.0, "rotationZ": 0.0 },
						"Lock_lever": { "rotationX": -35.0, "rotationY": 0.0, "rotationZ": 0.0 },
						"Flask_origin": { "offsetX": -48.0, "offsetY": -78.0, "offsetZ": -89.0 },
						"Flask_origin_inner": { "rotationX": 0.0, "rotationY": 0.0, "rotationZ": 0.0 }
					}
				},
				{
					"frame": 25,
					"elements": {
						"Lever": { "rotationX": 10.0, "rotationY": 0.0, "rotationZ": 0.0 },
						"Pan_cover": { "rotationX": 0.0, "rotationY": 0.0, "rotationZ": 0.0 },
						"Lock_lever": { "rotationX": -35.0, "rotationY": 0.0, "rotationZ": 0.0 },
						"Flask_origin": { "offsetX": -60.0, "offsetY": -55.0, "offsetZ": -89.4 },
						"Flask_origin_inner": { "rotationX": 0.0, "rotationY": 0.0, "rotationZ": 0.0 }
					}
				},
				{
					"frame": 30,
					"elements": {
						"Lever": { "rotationX": 10.0, "rotationY": 0.0, "rotationZ": 0.0 },
						"Pan_cover": { "rotationX": 0.0, "rotationY": 0.0, "rotationZ": 0.0 },
						"Lock_lever": { "rotationX": -35.0, "rotationY": 0.0, "rotationZ": 0.0 },
						"Flask_origin": { "offsetX": -63.0, "offsetY": -54.0, "offsetZ": -89.4 },
						"Flask_origin_inner": { "rotationX": 0.0, "rotationY": 0.0, "rotationZ": 90.0 }
					}
				},
				{
					"frame": 35,
					"elements": {
						"Lever": { "rotationX": 10.0, "rotationY": 0.0, "rotationZ": 0.0 },
						"Pan_cover": { "rotationX": 0.0, "rotationY": 0.0, "rotationZ": 0.0 },
						"Lock_lever": { "rotationX": -35.0, "rotationY": 0.0, "rotationZ": 0.0 },
						"Flask_origin": { "offsetX": -60.0, "offsetY": -55.0, "offsetZ": -89.4 },
						"Flask_origin_inner": { "rotationX": 0.0, "rotationY": 0.0, "rotationZ": 0.0 }
					}
				},
				{
					"frame": 45,
					"elements": {
						"Lever": { "rotationX": 10.0, "rotationY": 0.0, "rotationZ": 0.0 },
						"Pan_cover": { "rotationX": 0.0, "rotationY": 0.0, "rotationZ": 0.0 },
						"Lock_lever": { "rotationX": -35.0, "rotationY": 0.0, "rotationZ": 0.0 },
						"Flask_origin": { "offsetX": -48.0, "offsetY": -78.0, "offsetZ": -89.0 },
						"Flask_origin_inner": { "rotationX": 0.0, "rotationY": 0.0, "rotationZ": 0.0 }
					}
				},
				{
					"frame": 50,
					"elements": {
						"Lever": { "rotationX": 10.0, "rotationY": 0.0, "rotationZ": 0.0 },
						"Pan_cover": { "rotationX": 0.0, "rotationY": 0.0, "rotationZ": 0.0 },
						"Lock_lever": { "rotationX": -35.0, "rotationY": 0.0, "rotationZ": 0.0 },
						"Flask_origin": { "offsetX": -48.0, "offsetY": -78.0, "offsetZ": -89.0 },
						"Flask_origin_inner": { "rotationX": 0.0, "rotationY": 0.0, "rotationZ": 0.0 }
					}
				},
				{
					"frame": 59,
					"elements": {
						"Lever": { "rotationX": 10.0, "rotationY": 0.0, "rotationZ": 0.0 },
						"Pan_cover": { "rotationX": 0.0, "rotationY": 135.0, "rotationZ": 0.0 },
						"Lock_lever": { "rotationX": -35.0, "rotationY": 0.0, "rotationZ": 0.0 },
						"Flask_origin": { "offsetX": -48.0, "offsetY": -78.0, "offsetZ": -89.0 },
						"Flask_origin_inner": { "rotationX": 0.0, "rotationY": 0.0, "rotationZ": 0.0 }
					}
				}
			]
		}
	]
}