[
    {
        "ingredientPattern": "SP",
        "ingredients": {
            "S": {
                "type": "item",
                "code": "game:saw-*",
                "isTool": true
            },
            "P": {
                "type": "block",
                "code": "morefloors:quadruplesquare-bamboo-n"
            }
        },
        "width": 2,
        "height": 1,
        "shapeless": true,
        "output": {
            "type": "item",
            "code": "game:bamboostakes",
            "quantity": 4
        }
    },
    {
        "ingredientPattern": "SP",
        "ingredients": {
            "S": {
                "type": "item",
                "code": "game:saw-*",
                "isTool": true
            },
            "P": {
                "type": "block",
                "code": "morefloors:complexsquare-bamboo"
            }
        },
        "width": 2,
        "height": 1,
        "shapeless": true,
        "output": {
            "type": "item",
            "code": "game:bamboostakes",
            "quantity": 4
        }
    },
    {
        "ingredientPattern": "SP",
        "ingredients": {
            "S": {
                "type": "item",
                "code": "game:saw-*",
                "isTool": true
            },
            "P": {
                "type": "block",
                "code": "morefloors:arrowedparquet-bamboo-*"
            }
        },
        "width": 2,
        "height": 1,
        "shapeless": true,
        "output": {
            "type": "item",
            "code": "game:bamboostakes",
            "quantity": 4
        }
    }
]