[
    {
        "ingredientPattern": "H__,_C_,__S",
        "ingredients": {
            "H": {
                "type": "item",
                "isTool": true,
                "code": "game:hammer-*"
            },
            "C": {
                "type": "item",
                "isTool": true,
                "code": "game:chisel-*"
            },
            "S": {
                "type": "block",
                "code": "game:polishedrockslab-*-down-free",
                "name": "rock",
                "allowedVariants": [
                    "andesite",
                    "basalt",
                    "granite",
                    "peridotite"
                ]
            }
        },
        "width": 3,
        "height": 3,
        "output": {
            "type": "item",
            "code": "morefloors:pavingbrick-{rock}",
            "quantity": 16
        }
    }
]
