[
    {
        "ingredientPattern": "SP",
        "ingredients": {
            "S": {
                "type": "item",
                "code": "game:saw-*",
                "isTool": true
            },
            "P": {
                "type": "block",
                "code": "morefloors:arrowedparquet-*-n",
                "name": "wood",
                "skipVariants": [
                    "bamboo"
                ]
            }
        },
        "width": 2,
        "height": 1,
        "shapeless": true,
        "output": {
            "type": "item",
            "code": "game:plank-{wood}",
            "quantity": 4
        }
    },
    {
        "ingredientPattern": "SP",
        "ingredients": {
            "S": {
                "type": "item",
                "code": "game:saw-*",
                "isTool": true
            },
            "P": {
                "type": "block",
                "code": "morefloors:complexsquare-*",
                "name": "wood",
                "skipVariants": [
                    "bamboo"
                ]
            }
        },
        "width": 2,
        "height": 1,
        "shapeless": true,
        "output": {
            "type": "item",
            "code": "game:plank-{wood}",
            "quantity": 4
        }
    },
    {
        "ingredientPattern": "SP",
        "ingredients": {
            "S": {
                "type": "item",
                "code": "game:saw-*",
                "isTool": true
            },
            "P": {
                "type": "block",
                "code": "morefloors:quadruplesquare-*-n",
                "name": "wood",
                "skipVariants": [
                    "bamboo"
                ]
            }
        },
        "width": 2,
        "height": 1,
        "shapeless": true,
        "output": {
            "type": "item",
            "code": "game:plank-{wood}",
            "quantity": 4
        }
    },
    {
        "ingredientPattern": "SP",
        "ingredients": {
            "S": {
                "type": "item",
                "code": "game:saw-*",
                "isTool": true
            },
            "P": {
                "type": "block",
                "code": "morefloors:diagonalplanks-*-n",
                "name": "wood"
            }
        },
        "width": 2,
        "height": 1,
        "shapeless": true,
        "output": {
            "type": "item",
            "code": "game:plank-{wood}",
            "quantity": 4
        }
    },
    {
        "ingredientPattern": "SP",
        "ingredients": {
            "S": {
                "type": "item",
                "code": "game:saw-*",
                "isTool": true
            },
            "P": {
                "type": "block",
                "code": "morefloors:brickbond-*-n",
                "name": "wood"
            }
        },
        "width": 2,
        "height": 1,
        "shapeless": true,
        "output": {
            "type": "item",
            "code": "game:plank-{wood}",
            "quantity": 4
        }
    },
    {
        "ingredientPattern": "SP",
        "ingredients": {
            "S": {
                "type": "item",
                "code": "game:saw-*",
                "isTool": true
            },
            "P": {
                "type": "block",
                "code": "morefloors:well-*",
                "name": "wood"
            }
        },
        "width": 2,
        "height": 1,
        "shapeless": true,
        "output": {
            "type": "item",
            "code": "game:plank-{wood}",
            "quantity": 4
        }
    }
]