{
    "ingredientPattern": "SG",
    "ingredients": {
        "S": {
            "type": "block",
            "code": "game:sand-*",
            "quantity": 3
        },
        "G": {
            "type": "block",
            "code": "game:gravel-*",
            "allowedVariants": [
                "andesite",
                "chalk",
                "chert",
                "conglomerate",
                "limestone",
                "claystone",
                "granite",
                "sandstone",
                "shale",
                "basalt",
                "peridotite",
                "phyllite",
                "slate",
                "bauxite"
            ],
            "quantity": 2
        }
    },
    "width": 2,
    "height": 1,
    "shapeless": true,
    "output": {
        "type": "item",
        "code": "morefloors:sandgravelmix",
        "quantity": 10
    }
}