{
	"editor": {
		"allAngles": false,
		"entityTextureMode": false
	},
	"textureWidth": 16,
	"textureHeight": 16,
	"textureSizes": {
	},
	"textures": {
		"center": "game:block/relays/center",
		"insulator": "game:block/relays/insulator"
	},
	"elements": [
		{
			"name": "CenterPole",
			"from": [ 7.0, 0.1, 7.0 ],
			"to": [ 9.0, 3.1, 9.0 ],
			"rotationOrigin": [ 7.0, 0.0, 7.0 ],
			"faces": {
				"north": { "texture": "#center", "uv": [ 0.0, 0.0, 2.0, 3.0 ] },
				"east": { "texture": "#center", "uv": [ 0.0, 0.0, 2.0, 3.0 ] },
				"south": { "texture": "#center", "uv": [ 0.0, 0.0, 2.0, 3.0 ] },
				"west": { "texture": "#center", "uv": [ 0.0, 0.0, 2.0, 3.0 ] },
				"up": { "texture": "#center", "uv": [ 0.0, 0.0, 2.0, 2.0 ] },
				"down": { "texture": "#center", "uv": [ 0.0, 0.0, 2.0, 2.0 ] }
			}
		},
		{
			"name": "Insulator1",
			"from": [ 6.0, 0.0, 6.0 ],
			"to": [ 10.0, 1.0, 10.0 ],
			"rotationOrigin": [ 6.0, 0.0, 6.0 ],
			"faces": {
				"north": { "texture": "#insulator", "uv": [ 0.0, 0.0, 4.0, 1.0 ] },
				"east": { "texture": "#insulator", "uv": [ 0.0, 0.0, 4.0, 1.0 ] },
				"south": { "texture": "#insulator", "uv": [ 0.0, 0.0, 4.0, 1.0 ] },
				"west": { "texture": "#insulator", "uv": [ 0.0, 0.0, 4.0, 1.0 ] },
				"up": { "texture": "#insulator", "uv": [ 0.0, 0.0, 4.0, 4.0 ] },
				"down": { "texture": "#insulator", "uv": [ 0.0, 0.0, 4.0, 4.0 ] }
			}
		}
	]}