{
    "code": "locust-tamed",
    "class": "EntityAgent",
    "variantgroups": [
        {
            "code": "type",
            "states": [
                "bronze",
                "corrupt"
            ]
        }
    ],
    "hitboxSizeByType": {
        "*": {
            "x": 0.65,
            "y": 0.6
        }
    },
    "deadHitboxSize": {
        "x": 0.65,
        "y": 0.5
    },
    "eyeHeight": 0.3,
	"canClimb": true,
	"canClimbAnywhere": true,
	"climbTouchDistance": 0.1,
	"rotateModelOnClimb": true,
	"fallDamageMultiplier": 0.0,
    "drops": [],
    "attributes": {
        "minGenerationToAllowHealing": 0,
		"spawnDamageParticles": true,
        "isMechanical": true
    },
    "client": {
        "renderer": "Shape",
		"glowLevel": 32,
        "sizeByType": {
            "*": 1.2
        },
        "shape": { "base": "game:entity/lore/locust/locust-{type}" },
        "textures": {
			"skin": { "base": "game:entity/lore/locust/{type}-hacked" }
		},
        "behaviors": [
            {
                "code": "nametag",
                "showtagonlywhentargeted": true
            },
            {
                "code": "receivecommand",
                "availableCommands": [
                    {
                        "commandName": "followmaster",
                        "commandType": "COMPLEX",
                        "minObedience": 0
                    },
                    {
                        "commandName": "stay",
                        "commandType": "COMPLEX",
                        "minObedience": 0
                    },
                    {
                        "commandName": "NEUTRAL",
                        "commandType": "AGGRESSIONLEVEL",
                        "minObedience": 0
                    },
                    {
                        "commandName": "PROTECTIVE",
                        "commandType": "AGGRESSIONLEVEL",
                        "minObedience": 0
                    },
                    {
                        "commandName": "AGGRESSIVE",
                        "commandType": "AGGRESSIONLEVEL",
                        "minObedience": 0
                    },
                    {
                        "commandName": "PASSIVE",
                        "commandType": "AGGRESSIONLEVEL",
                        "minObedience": 0
                    }
                ]
            },
            {
                "code": "tameable",
                "size": "small",
                "treat": 
                    {
                        "code": "game:metal-parts",
                        "progress": 1,
                        "cooldown": 20
                    }
			},
            {
			"code": "mouthinventory",
			"acceptStacks": [
					{
					"type": "block",
					"code": "game:metal-parts"
					}
				]
			},
            {
                "code": "repulseagents"
            },
            {
                "code": "controlledphysics",
                "stepHeight": 1.1251
            },
            {
                "code": "floatupwhenstuck",
                "onlyWhenDead": true
            },
            {
                "code": "interpolateposition"
            },
            {
                "code": "mortallywoundable",
                "healingRequiredForRescue": 1,
                "whenBelowHealth": 3
            },
            {
                "code": "health",
                "currenthealthByType": {
                    "*-bronze": 18, 
					"*-corrupt": 36
                },
                "maxhealthByType": {
                    "*-bronze": 18, 
					"*-corrupt": 36
                }
            }
        ],
        "animations": [
            {
                "code": "hurt",
                "animation": "hurt",
                "animationSpeed": 2.2,
                "weight": 10,
                "blendMode": "addAverage"
            },
            {
                "code": "die",
                "animation": "die",
                "animationSpeed": 1.25,
                "weight": 10,
                "blendMode": "average",
                "triggeredBy": {
                    "onControls": [
                        "dead"
                    ]
                }
            },
            {
                "code": "dead",
                "animation": "dead",
                "weight": 10,
                "easeInSpeed": 3,
                "blendMode": "average"
            },
            {
                "code": "idle",
                "animation": "idle",
                "blendMode": "addAverage",
                "easeOutSpeed": 4,
                "triggeredBy": {
                    "defaultAnim": true
                }
            },
            {
                "code": "sleep",
                "animation": "sleep",
                "easeInSpeed": 4,
                "easeOutSpeed": 4,
                "blendMode": "average"
            },
            {
                "code": "wounded-idle",
                "animation": "wounded-idle",
                "easeInSpeed": 4,
                "easeOutSpeed": 4,
                "blendMode": "average"
            },
            {
                "code": "sit",
                "animation": "sit",
                "easeInSpeed": 4,
                "easeOutSpeed": 4,
                "blendMode": "average"
            }
        ]
    },
    "server": {
        "behaviors": [
            {
                "code": "nametag",
                "showtagonlywhentargeted": true
            },
            {
                "code": "tameable",
                "size": "small",
                "disobediencePerDay": 0,
                "treat": 
                    {
                        "code": "game:metal-parts",
                        "progress": 1,
                        "cooldown": 20
                    }
			},
			{
			"code": "mouthinventory",
			"acceptStacks": [
					{
					"type": "block",
					"code": "game:metal-parts"
					}
				]
            },
            {
                "code": "receivecommand",
                "availableCommands": [
                    {
                        "commandName": "followmaster",
                        "commandType": "COMPLEX",
                        "minObedience": 0
                    },
                    {
                        "commandName": "stay",
                        "commandType": "COMPLEX",
                        "minObedience": 0
                    },
                    {
                        "commandName": "NEUTRAL",
                        "commandType": "AGGRESSIONLEVEL",
                        "minObedience": 0
                    },
                    {
                        "commandName": "PROTECTIVE",
                        "commandType": "AGGRESSIONLEVEL",
                        "minObedience": 0
                    },
                    {
                        "commandName": "AGGRESSIVE",
                        "commandType": "AGGRESSIONLEVEL",
                        "minObedience": 0
                    },
                    {
                        "commandName": "PASSIVE",
                        "commandType": "AGGRESSIONLEVEL",
                        "minObedience": 0
                    }
                ]
            },
            {
                "code": "repulseagents"
            },
            {
                "code": "controlledphysics",
                "stepHeight": 1.1251
            },
            {
                "code": "deaddecay",
                "hoursToDecay": 96,
                "decayedBlock": "carcass-small"
            },
            {
                "code": "floatupwhenstuck",
                "onlyWhenDead": true
            },
            {
                "code": "emotionstates",
                "states": [
                    {
                        "code": "fleeondamage",
                        "duration": 60,
                        "chance": 0.75,
                        "slot": 2,
                        "priority": 5,
                        "accumType": "max",
                        "whenHealthRelBelow": 0.05
                    },
                    {
                        "code": "saturated",
                        "duration": 1200,
                        "chance": 1,
                        "slot": 0,
                        "priority": 1,
                        "accumType": "sum",
                        "belowTempDuration": 600,
                        "belowTempThreshold": -5
                    },
                    {
                        "code": "aggressiveondamage",
                        "duration": 30,
                        "chance": 1,
                        "slot": 2,
                        "priority": 2,
                        "accumType": "noaccum"
                    }
                ]
            },
            {
                "code": "mortallywoundable",
                "healingRequiredForRescue": 1,
                "whenBelowHealth": 6
            },
            {
                "code": "health",
                "currenthealthByType": {
                    "*-bronze": 18, 
					"*-corrupt": 36
                },
                "maxhealthByType": {
                    "*-bronze": 18, 
					"*-corrupt": 36
                }
            },
            {
                "code": "taskai",
				"aiCreatureType": "LandCreature",
                "aitasks": [
                    {
                        "code": "petmeleeattack",
                        "entityCodes": [
									"drifter-*",
									"bell",
									"locust-bronze",
									"locust-corrupt",
									"wolf-male",
                                    "wolf-female",
                                    "hyena-*",
									"bear-*"
                        ],
                        "isCommandable": true,
                        "priority": 3,
                        "damageByType": {
                            "*-bronze": 1.5,
							"*-corrupt": 4
                        },
                        "damageTierByType": {
                            "*-bronze": 2,
							"*-corrupt": 3
                        },
                        "damageTypeByType": {
							"*-bronze": "PiercingAttack",
							"*-corrupt": "PiercingAttack"
						},
                        "slot": 1,
                        "mincooldown": 1500,
                        "maxcooldown": 1500,
                        "attackDurationMs": 800,
                        "damagePlayerAtMs": 500,
                        "animation": "Attack",
                        "animationSpeed": 1.8,
                        "sound": ""
                    },
                    {
                        "code": "petseekentity",
                        "entityCodes": [
									"drifter-*",
									"bell",
									"locust-bronze",
									"locust-corrupt",
									"wolf-male",
                                    "wolf-female",
                                    "hyena-*",
									"bear-*"
                        ],
                        "isCommandable": true,
                        "priority": 2.2,
                        "movespeedByType": {
                            "*": 0.025
                        },
                        "seekingRange": 30,
                        "animation": "rundrill",
                        "leapAtTarget": true,
                        "leapAnimation": null,
                        "animationSpeedByType": {
                            "*": 4.5
                        },
                        "leapChance": 0.01
                    },
                    {
                        "code": "followmaster",
                        "priority": 2,
                        "priorityForCancel": 1.9,
                        "command": "followmaster",
                        "movespeed": 0.025,
                        "animationSpeed": 5.5,
                        "maxDistance": 15,
                        "searchRange": 40,
                        "animation": "run",
                        "allowTeleport": true
                    },
                    {
                        "code": "stay",
                        "priority": 2.6,
                        "priorityForCancel": 1.9,
                        "command": "stay",
                        "movespeed": 0.004,
                        "maxDistance": 4,
                        "searchRange": 40,
                        "animation": "walk"
                    },
                    {
                        "code": "seeknest",
                        "priority": 1.56,
                        "duringDayTimeFrames": [
                            {
                                "fromHour": 10,
                                "toHour": 18
                            },
                            {
                                "fromHour": 1,
                                "toHour": 3
                            }
                        ],
                        "movespeed": 0.004,
                        "animation": "walk"
                    },
                    {
						"code": "idle",
						"priority": 1.2,
						"priorityForCancel": 1.35,
						"minduration": 2500,
						"maxduration": 2500,
						"mincooldown": 6000,
						"maxcooldown": 20000,
						"animation": "lookleft",
						"animationSpeed": 1.25
					},
					{
						"code": "idle",
						"priority": 1.2,
						"priorityForCancel": 1.35,
						"minduration": 2500,
						"maxduration": 2500,
						"mincooldown": 6000,
						"maxcooldown": 20000,
						"animation": "lookright",
						"animationSpeed": 1.25
					},
					{
						"code": "idle",
						"priority": 1.2,
						"priorityForCancel": 1.35,
						"minduration": 2500,
						"maxduration": 2500,
						"mincooldown": 6000,
						"maxcooldown": 20000,
						"animation": "idletwitch",
						"animationSpeed": 1.25
					},
                    {
                        "code": "getoutofwater",
                        "priority": 1.4,
                        "movespeed": 0.005,
                        "animation": "walk",
                    },
                    {
						"code": "idle",
						"priority": 1.2,
						"priorityForCancel": 1.25,
						"minduration": 2500,
						"maxduration": 2500,
						"mincooldown": 6000,
						"maxcooldown": 20000,
						"animation": "idlecalm",
						"animationSpeed": 1.25
					},
					{
						"code": "wander",
						"priority": 1.1,
						"priorityForCancel": 1.22,
						"movespeed": 0.006,
						"animationSpeed": 1.8,
						"animation": "run",
						"preferredLightLevel": 7
					},
					{
						"code": "wander",
						"priority": 1.1,
						"priorityForCancel": 1.1,
						"movespeed": 0.001,
						"animationSpeed": 1.5,
						"animation": "walk",
						"preferredLightLevel": 7
					},
					{
						"code": "lookaround",
						"priority": 0.5,
						"animation": "breathecalm",
						"animationSpeed": 1.25
					},
                    {
                        "code": "useinventory",
                        "animation": "eat",
                        "animationSpeed": 0.75,
                        "priority": 2.1,
                        "priorityForCancel": 2.1,
                        "eatItemCategories": [
												"Protein"
											],
						"eatItemCodes": [
											"metal-parts"
										],
						"useTime": 1.5,
						"mincooldownHours": 1,
						"maxcooldownHours": 1.5
                    }
                ]
            },
            {
                "code": "ropetieable",
                "minGeneration": 0
            }
        ]
    },
    "sounds": {
        "hurt": "creature/locust/hurt",
        "death": "creature/locust/death",
        "idle": "creature/locust/idle"
    },
    "idleSoundChance": 0.05
}