[
 
    
    
    

    {
        "ingredientPattern": "H_,CX,W_",
        "ingredients": {
            "X": {type: "Item", code: "br-schematic-wood" },
            "H": {type: "Item", code: "game:hammer-*", isTool: true },
            "W": {type: "Block", code: "game:debarkedlog-acacia-ud" },
            "C": {type: "Item", code: "game:chisel-*", isTool: true }
        },
        "width": 2,
        "height": 3,
        "recipeGroup": 333,
        "output": {type: "Block", code: "game:carvedlog-acacia-aged-middle-plain-ud" }  
    },

    {
        "ingredientPattern": "WX",
        "ingredients": {
            "X": {type: "Item", code: "br-schematic-wood" },
            "W": {type: "Block", code: "game:carvedlog-acacia-aged-middle-plain-ud" },
        },
        "width": 2,
        "height": 1,
        "output": {type: "Block", code: "game:carvedlog-acacia-aged-top-plain-ud" }
        
    },

    {
        "ingredientPattern": "WX",
        "ingredients": {
            "X": {type: "Item", code: "br-schematic-wood" },
            "W": {type: "Block", code: "game:carvedlog-acacia-aged-top-plain-ud" },
        },
        "width": 2,
        "height": 1,
        "output": {type: "Block", code: "game:carvedlog-acacia-aged-bottom-plain-ud" }
        
    },

    {
        "ingredientPattern": "WX",
        "ingredients": {
            "X": {type: "Item", code: "br-schematic-wood" },
            "W": {type: "Block", code: "game:carvedlog-acacia-aged-bottom-plain-ud" },
        },
        "width": 2,
        "height": 1,
        "output": {type: "Block", code: "game:carvedlog-acacia-aged-top-fancy-ud" }
        
    },

    {
        "ingredientPattern": "WX",
        "ingredients": {
            "X": {type: "Item", code: "br-schematic-wood" },
            "W": {type: "Block", code: "game:carvedlog-acacia-aged-top-fancy-ud" },
        },
        "width": 2,
        "height": 1,
        "output": {type: "Block", code: "game:carvedlog-acacia-aged-middle-fancy-ud" }
        
    },

    {
        "ingredientPattern": "WX",
        "ingredients": {
            "X": {type: "Item", code: "br-schematic-wood" },
            "W": {type: "Block", code: "game:carvedlog-acacia-aged-middle-fancy-ud" },
        },
        "width": 2,
        "height": 1,
        "output": {type: "Block", code: "game:carvedlog-acacia-aged-bottom-fancy-ud" }
        
    },

    {
        "ingredientPattern": "WX",
        "ingredients": {
            "X": {type: "Item", code: "br-schematic-wood" },
            "W": {type: "Block", code: "game:carvedlog-acacia-aged-bottom-fancy-ud" },
        },
        "width": 2,
        "height": 1,
        "output": {type: "Block", code: "game:carvedlog-acacia-aged-middle-plain-ud" }
        
    },














    {
        "ingredientPattern": "X,W",
        "ingredients": {
            "X": {type: "Item", code: "br-schematic-wood" },
            "W": {type: "Block", code: "game:planks-ebony-*" }
        },
        "width": 1,
        "height": 2,
        "output": {type: "Block", code: "game:planks-agedebony-ud" }
    },
    {
        "ingredientPattern": "X,W",
        "ingredients": {
            "X": {type: "Item", code: "br-schematic-wood" },
            "W": {type: "Block", code: "game:planks-agedebony-*" }
        },
        "width": 1,
        "height": 2,
        "output": {type: "Block", code: "game:planks-rottenebony-ud" }
    },





    {
        "ingredientPattern": "X,W",
        "ingredients": {
            "X": {type: "Item", code: "br-schematic-wood" },
            "W": {type: "Block", code: "game:debarkedlog-aged-*" }
        },
        "width": 1,
        "height": 2,
        "output": {type: "Block", code: "game:debarkedlog-veryaged-ud" }
    },
    {
        "ingredientPattern": "X,W",
        "ingredients": {
            "X": {type: "Item", code: "br-schematic-wood" },
            "W": {type: "Block", code: "game:debarkedlog-veryaged-*" }
        },
        "width": 1,
        "height": 2,
        "output": {type: "Block", code: "game:debarkedlog-veryagedrotten-ud" }
    },



    {
        "ingredientPattern": "BXB,BSB,B_B",
        "ingredients": {
            "X": {type: "Item", code: "br-schematic-wood" },
            "B": {type: "Item", code: "game:plank-aged" },
            "S": {type: "Item", code: "game:stick" }
        },
        "width": 3,
        "height": 3,
        "output": {type: "Block", code: "game:clutter", attributes: { "type": "ladder-aged1", "collected":true } }
    },
    {
        "ingredientPattern": "BXB,BSB,B_B",
        "ingredients": {
            "X": {type: "Item", code: "br-schematic-wood" },
            "B": {type: "Item", code: "game:plank-aged" },
            "S": {type: "Item", code: "game:stick" }
        },
        "width": 3,
        "height": 3,
        "output": {type: "Block", code: "game:clutter", attributes: { "type": "ladder-aged1" } }
    },


    {
        "ingredientPattern": "XB_,BSB,_B_",
        "ingredients": {
            "X": {type: "Item", code: "br-schematic-wood" },
            "B": {type: "Block", code: "game:supportbeam-oak" },
            "S": {type: "Item", code: "game:stick" , "quantity": 4 }
        },
        "width": 3,
        "height": 3,
        "output": {type: "Block", code: "game:clutter", attributes: { "type": "cross-lattice", "collected":true } , "quantity": 16}
    },
    {
        "ingredientPattern": "XB_,BSB,_B_",
        "ingredients": {
            "X": {type: "Item", code: "br-schematic-wood" },
            "B": {type: "Block", code: "game:supportbeam-oak" },
            "S": {type: "Item", code: "game:stick" , "quantity": 4 }
        },
        "width": 3,
        "height": 3,
        "output": {type: "Block", code: "game:clutter", attributes: { "type": "cross-lattice"} , "quantity": 16}
    },

    {
        "ingredientPattern": "XLH,LDL,NLN",
        "ingredients": {
            "X": {type: "Item", code: "br-schematic-wood" },
            "H": {type: "Item", code: "game:hammer-*", "isTool": true, toolDurabilityCost: 4},
            "D": {type: "Block", code: "game:debarkedlog-*-ud" },
            "L": {type: "Item", code: "game:leather-normal-plain"},
            "N": {type: "Item", code: "game:metalnailsandstrips-*"}
        },
        "width": 3,
        "height": 3,
        "output": {type: "Block", code: "game:leather"}
    },
    {
		"ingredientPattern": "HLX",
        "recipeGroup": 333,
		"ingredients": {
			"H": { type: "item", code: "game:saw-*", isTool: true  },
			"L": { type: "block", code: "game:debarkedlog-*-ud", name: "wood" },
            "X": {type: "Item", code: "betterruins:br-schematic-wood" },

		},
		"width": 3,
		"height": 1,
		"output": { type: "block", code: "game:supportbeam-{wood}", quantity: 9  }
	},
]