{
    "singlecenter": {},
    "halves": {},
    "wallhalves": {},
    "quadrants": {
        "flowerpot-*": { "Enabled": true, "CtrlKey": true, "PlaceEveryItemProperties": { "FixPlacement": true } },
        "oillamp-up": { "Enabled": true, "CtrlKey": true, "PlaceEveryItemProperties": { "FixPlacement": true } },
        "bomb-*": { "Enabled": true, "CtrlKey": true, "PlaceEveryItemProperties": { "FixPlacement": true } },
        "torchholder-*": { "Enabled": true, "CtrlKey": true, "PlaceEveryItemProperties": { "FixPlacement": true } },
        "mushroom-*": { "Enabled": true, "CtrlKey": true, "PlaceEveryItemProperties": { "FixPlacement": true } },
        "sapling-*": { "Enabled": true, "CtrlKey": true, "PlaceEveryItemProperties": { "FixPlacement": true } },
        "flower-*": { "Enabled": true, "CtrlKey": true, "PlaceEveryItemProperties": { "FixPlacement": true } }
    }
}
