{
    "nightvisiondevice": { "translation": { "x": -0.2, "y": -1.3, "z": 0.2 }, "rotation": { "x": 0, "y": 45, "z": -18 }, "scale": 0.8 },
    "@clothes-(upperbodyover|upperbody)-.*": { "translation": { "x": 0, "y": -0.6, "z": 0 }, "origin": { "x": 0.5, "y": 0.5, "z": 0.5 }, "scale": 1 },
    "@axehead.*(?!copper|tinbronze|bismuthbronze|blackbronze|iron|meteoriciron|steel|gold|silver)": { "translation": { "x": -0.5, "y": -0.02, "z": 0.07 }, "origin": { "x": 0.5, "y": 0.5, "z": 0.5 }, "scale": 1 },
    "@axehead-(copper|tinbronze|bismuthbronze|blackbronze)": { "translation": { "x": -0.3, "y": 0, "z": 0.4 }, "origin": { "x": 0.5, "y": 0.5, "z": 0.5 }, "rotation": { "x": 0, "y": 45, "z": 0 }, "scale": 1 },
    "@axehead-(iron|meteoriciron|steel|gold|silver)": { "translation": { "x": -0.2, "y": 0, "z": 0.3 }, "origin": { "x": 0.5, "y": 0, "z": 0.5 }, "rotation": { "x": 0, "y": 45, "z": 0 }, "scale": 0.85 },
    "@clothes-arm-(copper|bronze)-bracelet": { "translation": { "x": -0.05, "y": -0.7, "z": -0.3 }, "origin": { "x": 0.5, "y": 0.5, "z": 0.5 }, "scale": 1 },
    "@hoehead.*(?!copper|tinbronze|bismuthbronze|blackbronze|iron|meteoriciron|steel|gold|silver)": { "origin": { "x": 0.95, "y": 0, "z": 1.75 }, "rotation": { "x": 0, "y": 23, "z": 0 }, "scale": 1 },
    "@hoehead-(copper|tinbronze|bismuthbronze|blackbronze|iron|meteoriciron|steel|gold|silver)": { "origin": { "x": 0.72, "y": 0, "z": 0.98 }, "rotation": { "x": 0, "y": 45, "z": 0 }, "scale": 1 },
    "@knifeblade.*(?!copper|tinbronze|bismuthbronze|blackbronze|iron|meteoriciron|steel|gold|silver)": { "translation": { "x": 0.05, "y": 0.05, "z": -0.05 }, "origin": { "x": 0.5, "y": 0, "z": 0.5 }, "rotation": { "x": 90, "y": 0, "z": 45 }, "scale": 0.95 },
    "@knifeblade-(copper|tinbronze|bismuthbronze|blackbronze|iron|meteoriciron|steel|gold|silver)": { "translation": { "x": 0.1, "y": 0.02, "z": -0.4 }, "origin": { "x": 0.05, "y": 0, "z": 0.5 }, "rotation": { "x": 90, "y": 0, "z": 45 }, "scale": 0.95 },
    "@shovelhead.*(?!copper|tinbronze|bismuthbronze|blackbronze|iron|meteoriciron|steel|gold|silver)": { "translation": { "x": -0.5, "y": 0, "z": 0.5 }, "origin": { "x": 0.5, "y": 0, "z": 0.5 }, "rotation": { "x": 0, "y": 45, "z": 0 }, "scale": 0.95 },
    "@shovelhead-(copper|tinbronze|bismuthbronze|blackbronze|iron|meteoriciron|steel|gold|silver)": { "translation": { "x": -0.05, "y": 0, "z": 0.02 }, "origin": { "x": 0.5, "y": 0, "z": 0.5 }, "rotation": { "x": 0, "y": 45, "z": 0 }, "scale": 0.85 },
    "@spearhead.*(?!copper|tinbronze|bismuthbronze|blackbronze|iron|meteoriciron|steel|gold|silver)": { "translation": { "x": 0.005, "y": 0, "z": 0.015 }, "origin": { "x": 0.9, "y": 0, "z": 1.55 }, "rotation": { "x": 0, "y": 45, "z": 0 }, "scale": 1 },
    "@spearhead-(copper|tinbronze|bismuthbronze|blackbronze|iron|meteoriciron|steel|gold|silver)": { "translation": { "x": 0.015, "y": 0, "z": -0.01 }, "origin": { "x": 0.5, "y": 0.01, "z": 0.5 }, "rotation": { "x": 90, "y": 0, "z": -45 }, "scale": 0.9 },
    "@treeseed-(crimsonkingmaple|maple)": { "origin": { "x": 0.5, "y": 0.08, "z": 0.5 }, "rotation": { "x": 90, "y": 0, "z": 45 }, "scale": 0.9 },
    "@treeseed-(larch|redwood|pine|darkpine)": { "origin": { "x": 0.5, "y": 0.08, "z": 0.5 }, "rotation": { "x": 0, "y": 45, "z": -90 }, "scale": 1 },
    "armor-body-*": { "translation": { "x": -0.16, "y": -0.3, "z": 0.16 }, "origin": { "x": 0.5, "y": 0.5, "z": 0.5 }, "rotation": { "x": 0, "y": 45, "z": -90 }, "scale": 0.85 },
    "armor-head-*": { "translation": { "x": -0.1, "y": -1.5, "z": 0.1 }, "origin": { "x": 0.5, "y": 0.5, "z": 0.5 }, "rotation": { "x": -3, "y": 45, "z": -10 }, "scale": 1 },
    "armor-legs-*": { "translation": { "x": -0.05, "y": -0.34, "z": 0.05 }, "origin": { "x": 0.5, "y": 0.5, "z": 0.5 }, "rotation": { "x": 0, "y": 45, "z": -90 }, "scale": 0.85 },
    "arrow-*": { "origin": { "x": 0.5, "y": 0, "z": 0.5 }, "rotation": { "x": 0, "y": 45, "z": 0 }, "scale": 0.5 },
    "bladehead-*": { "translation": { "x": -0.08, "y": -0.02, "z": 0.15 }, "origin": { "x": 0.5, "y": 0, "z": 0.5 }, "rotation": { "x": 0, "y": 30, "z": 0 }, "scale": 0.55 },
    "bowstave-long-*": { "translation": { "x": 0, "y": 0.25, "z": -0.1 }, "origin": { "x": 0.5, "y": 0.5, "z": 0.5 }, "rotation": { "x": -75, "y": 90, "z": 0 }, "scale": 1 },
    "bowstave-recurve-*": { "translation": { "x": 0, "y": 0.295, "z": -0.12 }, "origin": { "x": 0.5, "y": 0.5, "z": 0.5 }, "rotation": { "x": -75, "y": 90, "z": 0 }, "scale": 1 },
    "cattailroot": { "translation": { "x": 0.05, "y": 0.02, "z": -0.35 }, "origin": { "x": 0.5, "y": 0, "z": 0.5 }, "rotation": { "x": 90, "y": 0, "z": 15 }, "scale": 0.6 },
    "clothes-arm-bronze-armlet": { "translation": { "x": -0.05, "y": -0.8, "z": 0.75 }, "origin": { "x": 0.5, "y": 0.5, "z": 0.5 }, "rotation": { "x": -80, "y": 0, "z": 0 }, "scale": 1 },
    "clothes-arm-leather-bracers": { "translation": { "x": 0.14, "y": -0.45, "z": -0.14 }, "origin": { "x": 0.5, "y": 0.5, "z": 0.5 }, "rotation": { "x": 0, "y": 45, "z": 90 }, "scale": 0.7 },
    "clothes-arm-merchant-bracelet": { "translation": { "x": 0, "y": -0.65, "z": 0 }, "origin": { "x": 0.5, "y": 0.5, "z": 0.5 }, "rotation": { "x": 0, "y": 45, "z": 0 }, "scale": 0.8 },
    "clothes-arm-prisoner-binds": { "translation": { "x": 0, "y": -0.165, "z": 0 }, "origin": { "x": 0.5, "y": 0.5, "z": 0.5 }, "rotation": { "x": 0, "y": 45, "z": 180 }, "scale": 0.8 },
    "clothes-arm-rosary": { "translation": { "x": 0, "y": -0.85, "z": 0 }, "origin": { "x": 0.5, "y": 0.5, "z": 0.5 }, "rotation": { "x": -45, "y": 0, "z": 0 }, "scale": 1 },
    "clothes-arm-silver-bracelet": { "translation": { "x": 0, "y": -0.72, "z": 0.27 }, "origin": { "x": 0.5, "y": 0.5, "z": 0.5 }, "scale": 1 },
    "clothes-arm-silver-chain": { "translation": { "x": -0.02, "y": -0.7, "z": 0.13 }, "origin": { "x": 0.5, "y": 0.5, "z": 0.5 }, "scale": 1 },
    "clothes-arm-squire-bracers": { "translation": { "x": 0, "y": -0.55, "z": 0 }, "origin": { "x": 0.5, "y": 0, "z": 0.5 }, "rotation": { "x": 0, "y": 45, "z": 0 }, "scale": 0.8 },
    "clothes-arm-tailor-needlepuff": { "translation": { "x": -0.04, "y": -0.82, "z": 0.35 }, "origin": { "x": 0.5, "y": 0.5, "z": 0.5 }, "rotation": { "x": 90, "y": 0, "z": 0 }, "scale": 1 },
    "clothes-emblem-*": { "translation": { "x": 0.1, "y": -1.2, "z": 0.05 }, "origin": { "x": 0.5, "y": 0.5, "z": 0.5 }, "scale": 1 },
    "clothes-emblem-malefactor-pendant": { "translation": { "x": -0.5, "y": -1.3, "z": 0 }, "origin": { "x": 0.5, "y": 0.5, "z": 0.5 }, "rotation": { "x": 0, "y": 0, "z": -30 }, "scale": 1 },
    "clothes-face-*": { "translation": { "x": 0, "y": -1.4, "z": 0 }, "origin": { "x": 0.5, "y": 0.5, "z": 0.5 }, "scale": 1 },
    "clothes-hand-*": { "translation": { "x": 0, "y": -0.6, "z": 0 }, "origin": { "x": 0.5, "y": 0.5, "z": 0.5 }, "rotation": { "x": 0, "y": 30, "z": 0 }, "scale": 0.6 },
    "clothes-head-*": { "translation": { "x": 0, "y": -1.3, "z": 0 }, "origin": { "x": 0.5, "y": 0, "z": 0.5 }, "scale": 0.75 },
    "clothes-neck-*": { "translation": { "x": 0, "y": -1.4, "z": 0 }, "origin": { "x": 0.5, "y": 0.5, "z": 0.5 }, "scale": 1 },
    "clothes-shoulder-*": { "translation": { "x": 0, "y": -0.5, "z": 0 }, "origin": { "x": 0.5, "y": 0.5, "z": 0.5 }, "scale": 1 },
    "clothes-waist-*": { "translation": { "x": 0, "y": -0.8, "z": 0 }, "origin": { "x": 0.5, "y": 0.5, "z": 0.5 }, "scale": 1 },
    "tuleroot": { "rotation": { "x": 0, "y": -30, "z": 0 } },
    "drygrass": { "origin": { "x": 0.5, "y": -0.32, "z": 0.5 }, "rotation": { "x": 0, "y": 45, "z": 0 }, "scale": 0.7 },
    "thatch": { "origin": { "x": 0.5, "y": -0.32, "z": 0.5 }, "rotation": { "x": 0, "y": 45, "z": 0 }, "scale": 0.7 },
    "gear-rusty": { "translation": { "x": 0.15, "y": 0, "z": 0.05 }, "origin": { "x": 0.5, "y": 0, "z": 0.5 }, "scale": 1 },
    "hammerhead-*": { "translation": { "x": -0.3, "y": -0.43, "z": 0 }, "origin": { "x": 0.8, "y": 0.5, "z": 0.5 }, "rotation": { "x": 0, "y": 45, "z": 0 }, "scale": 1 },
    "helvehammer-*": { "translation": { "x": 0, "y": -0.8, "z": 0.1 }, "origin": { "x": 0.5, "y": 0.5, "z": 0.5 }, "rotation": { "x": -80, "y": 0, "z": 0 }, "scale": 1 },
    "honeycomb": { "origin": { "x": 0.5, "y": 0, "z": 0.5 }, "rotation": { "x": 0, "y": 45, "z": 0 }, "scale": 0.5 },
    "insect-termite-stick": { "origin": { "x": 0.5, "y": 0, "z": 0.5 }, "scale": 0.65 },
    "insect-termite": { "translation": { "x": 0.01, "y": 0, "z": 0.03 }, "origin": { "x": 0.5, "y": 0, "z": 0.5 }, "scale": 0.8 },
    "largegearsection-*": { "translation": { "x": -0.3, "y": -0.02, "z": 0.12 }, "origin": { "x": 0.5, "y": 0.5, "z": 0.5 }, "rotation": { "x": 0, "y": 0, "z": 90 }, "scale": 0.9 },
    "metal-parts": { "translation": { "x": -0.015, "y": -0.04, "z": 0.015 }, "origin": { "x": 0.5, "y": 0, "z": 0.5 }, "rotation": { "x": 0, "y": 45, "z": -19 }, "scale": 1 },
    "metal-scraps": { "translation": { "x": 0.017, "y": 0, "z": -0.017 }, "origin": { "x": 0.5, "y": 0, "z": 0.5 }, "rotation": { "x": 0, "y": 30, "z": 0 }, "scale": 0.75 },
    "padlock-*": { "origin": { "x": 0.5, "y": 0, "z": 0.5 }, "scale": 2 },
    "papyrusroot": { "translation": { "x": 0.32, "y": 0.05, "z": -0.3 }, "origin": { "x": 0.5, "y": 0, "z": 0.5 }, "rotation": { "x": 90, "y": 7, "z": 45 }, "scale": 0.7 },
    "pickaxehead-*": { "translation": { "x": -0.25, "y": 0, "z": 0.25 }, "origin": { "x": 0.5, "y": 0, "z": 0.5 }, "rotation": { "x": 0, "y": 45, "z": 0 }, "scale": 0.85 },
    "poultice-*": { "origin": { "x": 0.5, "y": 0, "z": 0.5 }, "rotation": { "x": 0, "y": 45, "z": 0 }, "scale": 0.77 },
    "pounder-*": { "translation": { "x": 0, "y": -0.03, "z": 0 }, "origin": { "x": 0.5, "y": 0.5, "z": 0.5 }, "rotation": { "x": 10, "y": 0, "z": 0 }, "scale": 1 },
    "prospectingpickhead-*": { "origin": { "x": 0.85, "y": 0, "z": 1 }, "rotation": { "x": 0, "y": 45, "z": 0 }, "scale": 1 },
    "pulverizertoggle-*": { "translation": { "x": 0, "y": -0.075, "z": 0.1 }, "origin": { "x": 0.5, "y": 0.5, "z": 0.5 }, "rotation": { "x": 0, "y": 90, "z": -45 }, "scale": 1 },
    "sawblade-*": { "translation": { "x": -0.07, "y": -0.39, "z": -0.07 }, "origin": { "x": 0.5, "y": 0, "z": 0.5 }, "rotation": { "x": 0, "y": 45, "z": 0 }, "scale": 0.85 },
    "scythehead-*": { "translation": { "x": -0.3, "y": 0, "z": 0.6 }, "origin": { "x": 0.5, "y": 0, "z": 0.5 }, "rotation": { "x": 0, "y": 40, "z": 0 }, "scale": 0.6 },
    "treeseed-ebony": { "translation": { "x": 0, "y": 0, "z": -0.05 }, "origin": { "x": 0.5, "y": 0.08, "z": 0.5 }, "rotation": { "x": 0, "y": 45, "z": -90 }, "scale": 1 },
    "butterfly-dead-*": { "translation": { "x": 0.05, "y": 0, "z": 0.02 }, "rotation": { "x": 0, "y": -45, "z": 0 }, "origin": { "x": 0.5, "y": 0, "z": 0.5 }, "scale": 0.65 },
    "omokpiece-*": { "translation": { "x": 0.5, "y": -0.06, "z": 0.5 } },
    "pulp-*": { "origin": { "x": 0.5, "y": 0, "z": 0.5 }, "scale": 0.65 },
    "flint": { "translation": { "x": -0.05, "y": 0, "z": 0.05 }, "rotation": { "x": 0, "y": 45, "z": 0 } },
    "eidolongearbox": { "translation": { "x": 0.07, "y": 0, "z": -0.02 }, "rotation": { "x": 0, "y": 35, "z": 0 }, "origin": { "x": 0.5, "y": 0, "z": 0.5 }, "scale": 0.7 },
    "clay-*": { "origin": { "x": 0.5, "y": 0, "z": 0.5 }, "scale": 0.65 },
    "sling": { "translation": { "x": 0.1, "y": 0.1, "z": 0.05 }, "rotation": { "x": 0, "y": -35, "z": 0 }, "origin": { "x": 0.5, "y": 0, "z": 0.5 }, "scale": 2 },
    "mortar": { "origin": { "x": 0.5, "y": 0, "z": 0.5 }, "scale": 0.65 },
    "scrapweaponkit": { "rotation": { "x": 0, "y": 35, "z": 0 }, "origin": { "x": 0.5, "y": 0, "z": 0.5 }, "scale": 0.65 },
    "oakbark": { "translation": { "x": -0.2, "y": 0, "z": 0.2 }, "rotation": { "x": -90, "y": 0, "z": -45 }, "origin": { "x": 0.5, "y": 0, "z": 0.5 }, "scale": 0.65 },

    "antler-angora-*": { "translation": { "x": 0.6, "y": -0.46, "z": 0.15 }, "rotation": { "x": 0, "y": 35, "z": -38 } },
    "antler-caribou-*": { "translation": { "x": 0.4, "y": -0.5, "z": 0.05 }, "rotation": { "x": 0, "y": 45, "z": -35 }, "scale": 0.75 },
    "antler-chital-*": { "translation": { "x": 0.4, "y": -0.68, "z": 0.15 }, "rotation": { "x": 0, "y": 35, "z": -59 }, "scale": 0.8 },
    "antler-elk-*": { "translation": { "x": -0.05, "y": -0.25, "z": 0.2 }, "rotation": { "x": 0, "y": -35, "z": 90 }, "scale": 0.5 },
    "antler-fallow-*": { "translation": { "x": 0.45, "y": -0.68, "z": 0.15 }, "rotation": { "x": 0, "y": 35, "z": -55 }, "scale": 0.9 },
    "antler-guemal-*": { "translation": { "x": 0.375, "y": -0.9, "z": 0.275 }, "rotation": { "x": 0, "y": 35, "z": -81 } },
    "antler-ibexalp-*": { "translation": { "x": -0.4, "y": -0.02, "z": 0.2 }, "rotation": { "x": 0, "y": -35, "z": 90 } },
    "antler-ibexnub-*": { "translation": { "x": -0.4, "y": -0.05, "z": 0.25 }, "rotation": { "x": 0, "y": -35, "z": 90 } },
    "antler-markhor-*": { "translation": { "x": 0.05, "y": -0.08, "z": 0.55 }, "rotation": { "x": 0, "y": -35, "z": 15 } },
    "antler-marsh-*": { "translation": { "x": 0.45, "y": -0.7, "z": 0.15 }, "rotation": { "x": 0, "y": 35, "z": -50 } },
    "antler-moose-*": { "translation": { "x": 0.05, "y": -0.52, "z": 0.1 }, "rotation": { "x": 0, "y": 35, "z": -41 }, "scale": 0.5 },
    "antler-mountain-*": { "translation": { "x": 0.4, "y": -1.2, "z": 1.1 }, "rotation": { "x": 0, "y": 45, "z": -85 }, "origin": { "x": 0.5, "y": -0, "z": 0.5 }, "scale": 2.5 },
    "antler-muskox-*": { "translation": { "x": 0.175, "y": -0.4, "z": 0.4 }, "rotation": { "x": 0, "y": 45, "z": -80 }, "origin": { "x": 0.5, "y": 0, "z": 0.5 } },
    "antler-nubian-*": { "translation": { "x": -0.5, "y": 0.075, "z": 0.3 }, "rotation": { "x": 0, "y": -35, "z": 90 }, "scale": 1.25 },
    "antler-pampas-*": { "translation": { "x": 0.55, "y": -0.72, "z": 0.15 }, "rotation": { "x": 0, "y": 35, "z": -60 } },
    "antler-pudu-*": { "translation": { "x": 1.6, "y": 0.4, "z": 0.2 }, "rotation": { "x": 0, "y": 35, "z": 0 }, "scale": 2.5 },
    "antler-redbrocket-*": { "translation": { "x": 0, "y": -1.9, "z": 1.6 }, "rotation": { "x": 0, "y": -35, "z": -90 }, "scale": 3 },
    "antler-sirohi-*": { "translation": { "x": -0.5, "y": 0.075, "z": 0.3 }, "rotation": { "x": 0, "y": -35, "z": 90 }, "scale": 1.25 },
    "antler-takingold-*": { "translation": { "x": 0.125, "y": -0.3, "z": 0.6 }, "rotation": { "x": 0, "y": -35, "z": 0 } },
    "antler-taruca-*": { "translation": { "x": 0.4, "y": -0.9, "z": 0.25 }, "rotation": { "x": 0, "y": 35, "z": -81 } },
    "antler-turdag-*": { "translation": { "x": -0.4, "y": -0.025, "z": 0.25 }, "rotation": { "x": 0, "y": -35, "z": 90 } },
    "antler-valais-*": { "translation": { "x": 0.05, "y": -0.07, "z": 0.55 }, "rotation": { "x": -2, "y": -35, "z": 15 } },
    "antler-water-01": { "translation": { "x": 2.6, "y": -1.56, "z": -0.5 }, "rotation": { "x": 0, "y": 45, "z": -60 }, "scale": 3.5 },
    "antler-whitetail-*": { "translation": { "x": 0.4, "y": -0.54, "z": 0.05 }, "rotation": { "x": 0, "y": 35, "z": -45 }, "scale": 0.75 },

    "antler-*": { "translation": { "x": 0, "y": 0.25, "z": 0 }, "rotation": { "x": 0, "y": 0, "z": 0 }, "origin": { "x": 0.5, "y": 0.5, "z": 0.5 }, "scale": 3 } // fallback
}
