{
  "code": "toolmanaextractor",
  //"class": "ItemToolSpellScrollRM",
  "enabled": true,

  "storageFlags": 131073,

  //"variantgroups": [
  //  {
  //    "code": "type",
  //    "states": [ "small", "medium", "large" ]
  //  }
  //],
  //"skipVariants": [ "*-nospell", "*-transmutation", "*-lifetap", "*-imbueelement", "*-familiar" ],

  "creativeinventory": {
    "general": [ "*" ],
    "items": [ "*" ],
    "rustboundmagic": [ "*" ]
  },

  "maxstacksize": 1,
  "materialDensity": 1200,

  "shapeByType": {
    "*": {
      "base": "items/tools/toolmanaextractor"
    }
  },
  "texturesByType": {
    "*": {
      "default": { "base": "default" },
      "obsidian1": { "base": "blocks/resources/eldrathium/eldrathium" },
      "obsidian2": { "base": "blocks/resources/eldrathium/eldrathium" },
      "obsidian3": { "base": "blocks/resources/eldrathium/eldrathium" },
      "middlering": { "base": "blocks/resources/eldrathium/eldrathium" },
      "runes-cruxcasing": { "base": "default" },
      "material": { "base": "color-red" },
      "outerenergy": { "base": "color-red" }
    }

    //--------//--------//--------//--------//

  },

  "attributesByType": {
    "*": {
      "displaycaseable": true,
      "onDisplayTransform": {
        "translation": {
          "x": 0,
          "y": -0.385,
          "z": 0.25
        },
        "rotation": {
          "x": 90,
          "y": 0,
          "z": 0
        },
        "scale": 0.75
      },
      "shelvable": true,
      "onshelfTransform": {
        "translation": {
          "x": 0,
          "y": -0.385,
          "z": 0.25
        },
        "rotation": {
          "x": 90,
          "y": 0,
          "z": 0
        },
        "scale": 0.75
      },
      "handbook": {
        "groupByByType": {
          "*": [ "toolmanaextractor-*" ]
        },
        "extraSections": [
          {
            "title": "game:Created by",
            "text": "rustboundmagic:handbook-spellforge-text"
          }
        ]
      }
    }
  },

  "guiTransform": {
    "translation": {
      "x": 2.5,
      "y": 0,
      "z": 0
    },
    "rotation": {
      "x": -27,
      "y": 45,
      "z": 180
    },
    "origin": {
      "x": 0.25,
      "y": 0,
      "z": 0.25
    },
    "scale": 2.5
  },
  "fpHandTransform": {
    "translation": {
      "x": 0,
      "y": 0,
      "z": 0.2
    },
    "rotation": {
      "x": 47,
      "y": -80,
      "z": 33
    },
    "scale": 1.61
  },
  "tpHandTransform": {
    "translation": {
      "x": -0.75,
      "y": -0.43,
      "z": -0.59
    },
    "rotation": {
      "x": 11,
      "y": 12,
      "z": -7
    },
    "scale": 0.75
  },
  "groundTransform": {
    "translation": {
      "x": 0,
      "y": 0,
      "z": 0
    },
    "rotation": {
      "x": 180,
      "y": 33,
      "z": -180
    },
    "origin": {
      "x": 0.5,
      "y": 0,
      "z": 0.5
    },
    "scale": 3.5
  }
}
