[
  {
  "ingredientPattern": "NPN,SCS,_S_",
  "ingredients": {
    "N": { "type": "item", "code": "game:metalnailsandstrips-copper" },
    "S": { "type": "item", "code": "game:plank-*", "quantity": 4 },
    "C": { "type": "block", "code": "game:trunk-east", "attributes": { "type": "normal-generic" } },
    "P": { "type": "item", "code": "game:metalplate-copper", "quantity": 2 }
  },
  "width": 3,
  "height": 3,
  "output": { "type": "block", "code": "trunk-east", "attributes": { "type": "copper" } }
  },

  {
    "ingredientPattern": "CC",
    "ingredients": {
      "C": { "type": "block", "code": "chest-east", "attributes": { "type": "copper" } } },
    "width": 2,
    "height": 1,
    "shapeless": true,
    "output": { "type": "block", "code": "trunk-east", "attributes": { "type": "copper" } } 
  }
]

