[
{
  "ingredientPattern": "NPN,SCS,_S_",
  "ingredients": {
    "N": { "type": "item", "code": "game:metalnailsandstrips-iron" },
    "S": { "type": "item", "code": "game:plank-*", "quantity": 4 },
    "C": { "type": "block", "code": "trunk-east", "attributes": { "type": "tinbronze" } },
    "P": { "type": "item", "code": "game:metalplate-iron", "quantity": 2 }
  },
  "width": 3,
  "height": 3,
  "output": { "type": "block", "code": "trunk-east", "attributes": { "type": "iron" }
  }
},

{
  "ingredientPattern": "NPN,SCS,_S_",
  "ingredients": {
    "N": { "type": "item", "code": "game:metalnailsandstrips-iron" },
    "S": { "type": "item", "code": "game:plank-*", "quantity": 4 },
    "C": { "type": "block", "code": "trunk-east", "attributes": { "type": "bismuthbronze" } },
    "P": { "type": "item", "code": "game:metalplate-iron", "quantity": 2 }
  },
  "width": 3,
  "height": 3,
  "output": { "type": "block", "code": "trunk-east", "attributes": { "type": "iron" }
  }
},

{
  "ingredientPattern": "NPN,SCS,_S_",
  "ingredients": {
    "N": { "type": "item", "code": "game:metalnailsandstrips-iron" },
    "S": { "type": "item", "code": "game:plank-*", "quantity": 4 },
    "C": { "type": "block", "code": "trunk-east", "attributes": { "type": "blackbronze" } },
    "P": { "type": "item", "code": "game:metalplate-iron", "quantity": 2 }
  },
  "width": 3,
  "height": 3,
  "output": { "type": "block", "code": "trunk-east", "attributes": { "type": "iron" }
  }
},

{
  "ingredientPattern": "CC",
  "ingredients": {
    "C": { "type": "block", "code": "chest-east", "attributes": { "type": "iron" } } },
  "width": 2,
  "height": 1,
  "shapeless": true,
  "output": { "type": "block", "code": "trunk-east", "attributes": { "type": "iron" } } 
}
]

