[
{
  "ingredientPattern": "NPN,SCS,_S_",
  "ingredients": {
    "N": { "type": "item", "code": "game:metalnailsandstrips-tinbronze" },
    "S": { "type": "item", "code": "game:plank-*", "quantity": 4 },
    "C": { "type": "block", "code": "trunk-east", "attributes": { "type": "copper" } },
    "P": { "type": "item", "code": "game:metalplate-tinbronze", "quantity": 2 }
  },
  "width": 3,
  "height": 3,
  "output": { "type": "block", "code": "trunk-east", "attributes": { "type": "tinbronze" } }
  },
  
  {
    "ingredientPattern": "CC",
    "ingredients": {
      "C": { "type": "block", "code": "chest-east", "attributes": { "type": "tinbronze" } } },
    "width": 2,
    "height": 1,
    "output": { "type": "block", "code": "trunk-east", "attributes": { "type": "tinbronze" } } 
  }
]


