{
	"editor": {
		"allAngles": true,
		"entityTextureMode": true
	},
	"textureWidth": 32,
	"textureHeight": 32,
	"textureSizes": {
	},
	"textures": {
	},
	"elements": [
		{
			"name": "body",
			"from": [ 7.36, 0.795, 7.6 ],
			"to": [ 8.56, 1.595, 8.4 ],
			"uv": [ 0.0, 0.0 ],
			"rotationOrigin": [ 8.0, 1.1, 8.0 ],
			"rotationZ": -17.0,
			"faces": {
				"north": { "texture": "#grade", "uv": [ 0.0, 4.0, 4.0, 10.0 ], "rotation": 270, "autoUv": false },
				"east": { "texture": "#grade", "uv": [ 4.0, 0.0, 8.0, 4.0 ], "rotation": 180, "autoUv": false },
				"south": { "texture": "#grade", "uv": [ 8.0, 4.0, 12.0, 10.0 ], "rotation": 90, "autoUv": false },
				"west": { "texture": "#grade", "uv": [ 4.0, 10.0, 8.0, 14.0 ], "autoUv": false },
				"up": { "texture": "#grade", "uv": [ 4.0, 4.0, 8.0, 10.0 ], "rotation": 90, "autoUv": false },
				"down": { "texture": "#grade", "uv": [ 12.0, 4.0, 16.0, 10.0 ], "rotation": 270, "autoUv": false }
			},
			"children": [
				{
					"name": "neck",
					"from": [ -0.04, 0.36, 0.2 ],
					"to": [ 0.36, 0.96, 0.6 ],
					"uv": [ 17.0, 0.0 ],
					"rotationOrigin": [ 0.1, 0.4, 0.4 ],
					"rotationZ": 35.0,
					"faces": {
						"north": { "texture": "#grade", "uv": [ 17.0, 2.0, 19.0, 5.0 ], "autoUv": false },
						"east": { "texture": "#grade", "uv": [ 19.0, 2.0, 21.0, 5.0 ], "autoUv": false },
						"south": { "texture": "#grade", "uv": [ 21.0, 2.0, 23.0, 5.0 ], "autoUv": false },
						"west": { "texture": "#grade", "uv": [ 23.0, 2.0, 25.0, 5.0 ], "autoUv": false },
						"up": { "texture": "#grade", "uv": [ 17.0, 0.0, 19.0, 2.0 ], "rotation": 90, "autoUv": false },
						"down": { "texture": "#grade", "uv": [ 19.0, 0.0, 21.0, 2.0 ], "rotation": 90, "autoUv": false }
					},
					"children": [
						{
							"name": "head",
							"from": [ -0.06, 0.5, -0.02 ],
							"to": [ 0.34, 0.9, 0.42 ],
							"uv": [ 17.0, 8.0 ],
							"rotationOrigin": [ 0.14, 0.5, 0.2 ],
							"rotationZ": -22.0,
							"faces": {
								"north": { "texture": "#grade", "uv": [ 17.0, 10.0, 19.0, 12.0 ], "autoUv": false },
								"east": { "texture": "#grade", "uv": [ 23.0, 10.0, 25.0, 12.0 ], "autoUv": false },
								"south": { "texture": "#grade", "uv": [ 21.0, 10.0, 23.0, 12.0 ], "autoUv": false },
								"west": { "texture": "#grade", "uv": [ 19.0, 10.0, 21.0, 12.0 ], "autoUv": false },
								"up": { "texture": "#grade", "uv": [ 19.0, 8.0, 21.0, 10.0 ], "rotation": 90, "autoUv": false },
								"down": { "texture": "#grade", "uv": [ 19.0, 12.0, 21.0, 14.0 ], "rotation": 90, "autoUv": false }
							},
							"children": [
								{
									"name": "comb up",
									"from": [ -0.1, 0.26, 0.22 ],
									"to": [ 0.6, 0.66, 0.22 ],
									"uv": [ 10.0, 0.0 ],
									"rotationOrigin": [ 0.18, 0.46, 0.22 ],
									"rotationZ": 14.0,
									"faces": {
										"south": { "texture": "#grade", "uv": [ 10.0, 0.0, 13.5, 2.0 ], "autoUv": false }
									}
								},
								{
									"name": "beak",
									"from": [ -0.18, 0.14, 0.16 ],
									"to": [ 0.02, 0.24, 0.28 ],
									"uv": [ 0.0, 0.0 ],
									"rotationOrigin": [ 0.0, 0.2, 0.22 ],
									"rotationZ": 14.0,
									"faces": {
										"north": { "texture": "#grade", "uv": [ 0.0, 0.0, 0.5, 1.0 ], "rotation": 270, "autoUv": false },
										"south": { "texture": "#grade", "uv": [ 1.0, 0.0, 1.5, 1.0 ], "rotation": 90, "autoUv": false },
										"west": { "texture": "#grade", "uv": [ 0.5, 1.0, 1.0, 1.5 ], "autoUv": false },
										"up": { "texture": "#grade", "uv": [ 0.5, 0.0, 1.0, 1.0 ], "rotation": 90, "autoUv": false },
										"down": { "texture": "#grade", "uv": [ 1.5, 0.0, 2.0, 1.0 ], "rotation": 270, "autoUv": false }
									}
								},
								{
									"name": "comb down",
									"from": [ -0.1, -0.06, 0.22 ],
									"to": [ 0.2, 0.24, 0.22 ],
									"uv": [ 14.0, 0.0 ],
									"rotationOrigin": [ 0.26, 0.34, 0.22 ],
									"rotationZ": 7.0,
									"faces": {
										"north": { "texture": "#grade", "uv": [ 14.0, 0.0, 15.5, 1.5 ], "autoUv": false }
									}
								}
							]
						}
					],
					"attachmentpoints": [
						{
							"code": "rope",
							"posX": "1.0","posY": "2.0","posZ": "1.0",
							"rotationX": "0.0","rotationY": "0.0","rotationZ": "0.0"
						}
					]
				},
				{
					"name": "R leg",
					"from": [ 0.46, -0.12, 0.14 ],
					"to": [ 0.7, 0.38, 0.38 ],
					"uv": [ 0.0, 22.0 ],
					"rotationOrigin": [ 0.58, 0.2, 0.24 ],
					"rotationZ": 30.0,
					"faces": {
						"north": { "texture": "#grade", "uv": [ 0.0, 23.0, 1.0, 25.5 ], "autoUv": false },
						"east": { "texture": "#grade", "uv": [ 3.0, 23.0, 4.0, 25.5 ], "autoUv": false },
						"south": { "texture": "#grade", "uv": [ 2.0, 23.0, 3.0, 25.5 ], "autoUv": false },
						"west": { "texture": "#grade", "uv": [ 1.0, 23.0, 2.0, 25.5 ], "autoUv": false },
						"up": { "texture": "#grade", "uv": [ 1.0, 22.0, 2.0, 23.0 ], "rotation": 90, "autoUv": false },
						"down": { "texture": "#grade", "uv": [ 1.0, 25.5, 2.0, 26.5 ], "rotation": 90, "autoUv": false }
					},
					"children": [
						{
							"name": "R feet",
							"from": [ 0.02, -0.5, 0.02 ],
							"to": [ 0.22, 0.1, 0.22 ],
							"uv": [ 0.0, 27.0 ],
							"rotationOrigin": [ 0.12, 0.1, 0.12 ],
							"rotationZ": -13.0,
							"faces": {
								"north": { "texture": "#grade", "uv": [ 0.0, 28.0, 1.0, 31.0 ], "autoUv": false },
								"east": { "texture": "#grade", "uv": [ 3.0, 28.0, 4.0, 31.0 ], "autoUv": false },
								"south": { "texture": "#grade", "uv": [ 2.0, 28.0, 3.0, 31.0 ], "autoUv": false },
								"west": { "texture": "#grade", "uv": [ 1.0, 28.0, 2.0, 31.0 ], "autoUv": false },
								"up": { "texture": "#grade", "uv": [ 1.0, 27.0, 2.0, 28.0 ], "rotation": 90, "autoUv": false },
								"down": { "texture": "#grade", "uv": [ 1.0, 31.0, 2.0, 32.0 ], "rotation": 90, "autoUv": false }
							},
							"children": [
								{
									"name": "R toes",
									"from": [ -0.2, 0.0, -0.2 ],
									"to": [ 0.2, 0.0, 0.2 ],
									"uv": [ 10.0, 12.0 ],
									"faces": {
										"up": { "texture": "#grade", "uv": [ 10.0, 12.0, 12.0, 14.0 ], "autoUv": false }
									}
								}
							]
						}
					]
				},
				{
					"name": "L leg",
					"from": [ 0.46, -0.12, 0.46 ],
					"to": [ 0.7, 0.38, 0.7 ],
					"uv": [ 4.0, 22.0 ],
					"rotationOrigin": [ 0.58, 0.2, 0.56 ],
					"rotationZ": 30.0,
					"faces": {
						"north": { "texture": "#grade", "uv": [ 4.0, 23.0, 5.0, 25.5 ], "autoUv": false },
						"east": { "texture": "#grade", "uv": [ 7.0, 23.0, 8.0, 25.5 ], "autoUv": false },
						"south": { "texture": "#grade", "uv": [ 6.0, 23.0, 7.0, 25.5 ], "autoUv": false },
						"west": { "texture": "#grade", "uv": [ 5.0, 23.0, 6.0, 25.5 ], "autoUv": false },
						"up": { "texture": "#grade", "uv": [ 5.0, 22.0, 6.0, 23.0 ], "rotation": 90, "autoUv": false },
						"down": { "texture": "#grade", "uv": [ 5.0, 25.5, 6.0, 26.5 ], "rotation": 90, "autoUv": false }
					},
					"children": [
						{
							"name": "L feet",
							"from": [ 0.02, -0.5, 0.02 ],
							"to": [ 0.22, 0.1, 0.22 ],
							"uv": [ 4.0, 27.0 ],
							"rotationOrigin": [ 0.12, 0.1, 0.12 ],
							"rotationZ": -13.0,
							"faces": {
								"north": { "texture": "#grade", "uv": [ 4.0, 28.0, 5.0, 31.0 ], "autoUv": false },
								"east": { "texture": "#grade", "uv": [ 7.0, 28.0, 8.0, 31.0 ], "autoUv": false },
								"south": { "texture": "#grade", "uv": [ 6.0, 28.0, 7.0, 31.0 ], "autoUv": false },
								"west": { "texture": "#grade", "uv": [ 5.0, 28.0, 6.0, 31.0 ], "autoUv": false },
								"up": { "texture": "#grade", "uv": [ 5.0, 27.0, 6.0, 28.0 ], "rotation": 90, "autoUv": false },
								"down": { "texture": "#grade", "uv": [ 5.0, 31.0, 6.0, 32.0 ], "rotation": 90, "autoUv": false }
							},
							"children": [
								{
									"name": "L toes",
									"from": [ -0.2, 0.0, 0.0 ],
									"to": [ 0.2, 0.0, 0.4 ],
									"uv": [ 12.0, 12.0 ],
									"rotationOrigin": [ 0.2, 0.0, 0.0 ],
									"faces": {
										"up": { "texture": "#grade", "uv": [ 12.0, 12.0, 14.0, 14.0 ], "autoUv": false }
									}
								}
							]
						}
					]
				},
				{
					"name": "R wing",
					"from": [ 0.06, 0.2, -0.1 ],
					"to": [ 0.66, 0.8, 0.0 ],
					"uv": [ 3.0, 16.0 ],
					"rotationOrigin": [ 0.2, 0.7, 0.0 ],
					"rotationZ": -17.0,
					"faces": {
						"north": { "texture": "#grade", "uv": [ 3.0, 16.5, 6.0, 19.5 ], "autoUv": false },
						"east": { "texture": "#grade", "uv": [ 6.0, 16.5, 6.5, 19.5 ], "autoUv": false },
						"south": { "texture": "#grade", "uv": [ 6.5, 16.5, 9.5, 19.5 ], "autoUv": false },
						"west": { "texture": "#grade", "uv": [ 9.5, 16.5, 10.0, 19.5 ], "autoUv": false },
						"up": { "texture": "#grade", "uv": [ 3.0, 16.0, 6.0, 16.5 ], "rotation": 180, "autoUv": false },
						"down": { "texture": "#grade", "uv": [ 6.0, 16.0, 9.0, 16.5 ], "autoUv": false }
					},
					"children": [
						{
							"name": "R wing tip",
							"from": [ 0.6, 0.1, 0.0 ],
							"to": [ 1.2, 0.6, 0.1 ],
							"uv": [ 0.5, 16.0 ],
							"rotationOrigin": [ 0.6, 0.6, 0.1 ],
							"faces": {
								"north": { "texture": "#grade", "uv": [ 0.5, 16.5, 3.5, 19.0 ], "autoUv": false },
								"up": { "texture": "#grade", "uv": [ 0.5, 16.0, 3.5, 16.5 ], "rotation": 180, "autoUv": false }
							}
						}
					]
				},
				{
					"name": "L wing",
					"from": [ 0.06, 0.2, 0.8 ],
					"to": [ 0.66, 0.8, 0.9 ],
					"uv": [ 15.0, 16.0 ],
					"rotationOrigin": [ 0.2, 0.7, 0.8 ],
					"rotationZ": -17.0,
					"faces": {
						"north": { "texture": "#grade", "uv": [ 12.0, 16.5, 15.0, 19.5 ], "autoUv": false },
						"east": { "texture": "#grade", "uv": [ 18.5, 16.5, 19.0, 19.5 ], "autoUv": false },
						"south": { "texture": "#grade", "uv": [ 15.5, 16.5, 18.5, 19.5 ], "autoUv": false },
						"west": { "texture": "#grade", "uv": [ 15.0, 16.5, 15.5, 19.5 ], "autoUv": false },
						"up": { "texture": "#grade", "uv": [ 15.5, 16.0, 18.5, 16.5 ], "autoUv": false },
						"down": { "texture": "#grade", "uv": [ 15.5, 19.5, 18.5, 20.0 ], "rotation": 180, "autoUv": false }
					},
					"children": [
						{
							"name": "L wing tip",
							"from": [ 0.6, 0.1, 0.0 ],
							"to": [ 1.2, 0.6, 0.1 ],
							"uv": [ 18.5, 16.0 ],
							"rotationOrigin": [ 0.6, 0.58, -0.02 ],
							"faces": {
								"south": { "texture": "#grade", "uv": [ 18.5, 16.5, 21.5, 19.0 ], "autoUv": false },
								"up": { "texture": "#grade", "uv": [ 18.5, 16.0, 21.5, 16.5 ], "autoUv": false }
							}
						}
					]
				},
				{
					"name": "feather 1",
					"from": [ 1.02, 0.78, 0.5 ],
					"to": [ 1.32, 1.38, 0.5 ],
					"uv": [ 12.5, 29.0 ],
					"rotationOrigin": [ 1.02, 0.78, 0.5 ],
					"rotationZ": -16.0,
					"faces": {
						"north": { "texture": "#grade", "uv": [ 12.5, 29.0, 14.0, 32.0 ], "autoUv": false }
					}
				},
				{
					"name": "feather 2",
					"from": [ 1.02, 0.72, 0.52 ],
					"to": [ 1.32, 1.52, 0.52 ],
					"uv": [ 14.0, 28.0 ],
					"rotationOrigin": [ 1.02, 0.72, 0.52 ],
					"rotationZ": -40.0,
					"faces": {
						"north": { "texture": "#grade", "uv": [ 14.0, 28.0, 15.5, 32.0 ], "autoUv": false }
					}
				},
				{
					"name": "feather 3",
					"from": [ 1.1, 0.78, 0.54 ],
					"to": [ 1.4, 1.58, 0.54 ],
					"uv": [ 15.5, 28.0 ],
					"rotationOrigin": [ 1.1, 0.78, 0.54 ],
					"rotationZ": -71.0,
					"faces": {
						"north": { "texture": "#grade", "uv": [ 15.5, 28.0, 17.0, 32.0 ], "autoUv": false }
					}
				},
				{
					"name": "R back feather",
					"from": [ 0.9, 0.56, 0.42 ],
					"to": [ 1.1, 1.36, 0.42 ],
					"uv": [ 29.0, 28.0 ],
					"rotationOrigin": [ 0.9, 0.56, 0.42 ],
					"rotationY": -5.0,
					"rotationZ": -6.0,
					"faces": {
						"north": { "texture": "#grade", "uv": [ 29.0, 28.0, 30.0, 32.0 ], "autoUv": false }
					},
					"children": [
						{
							"name": "Cube1",
							"from": [ 0.1, 0.62, 0.0 ],
							"to": [ 0.7, 0.82, 0.0 ],
							"uv": [ 29.0, 25.0 ],
							"rotationOrigin": [ 0.1, 0.62, 0.0 ],
							"rotationY": -1.0,
							"rotationZ": 23.0,
							"faces": {
								"north": { "texture": "#grade", "uv": [ 29.0, 25.0, 30.0, 28.0 ], "rotation": 270, "autoUv": false }
							}
						},
						{
							"name": "Cube26",
							"from": [ 0.44, 0.1, 0.0 ],
							"to": [ 0.64, 0.9, 0.0 ],
							"uv": [ 29.0, 21.0 ],
							"rotationOrigin": [ 0.44, 0.9, 0.0 ],
							"rotationY": -1.0,
							"rotationZ": 45.0,
							"faces": {
								"north": { "texture": "#grade", "uv": [ 29.0, 21.0, 30.0, 25.0 ], "rotation": 180, "autoUv": false }
							}
						},
						{
							"name": "Cube27",
							"from": [ 0.94, -0.12, 0.0 ],
							"to": [ 1.14, 0.48, 0.0 ],
							"uv": [ 29.0, 18.0 ],
							"rotationOrigin": [ 0.94, 0.48, 0.0 ],
							"rotationY": -1.0,
							"rotationZ": 2.0,
							"faces": {
								"north": { "texture": "#grade", "uv": [ 29.0, 18.0, 30.0, 21.0 ], "rotation": 180, "autoUv": false }
							}
						}
					]
				},
				{
					"name": "Middle back feather",
					"from": [ 0.94, 0.64, 0.4 ],
					"to": [ 1.14, 1.44, 0.4 ],
					"uv": [ 30.0, 28.0 ],
					"rotationOrigin": [ 0.94, 0.64, 0.4 ],
					"rotationZ": 5.0,
					"faces": {
						"north": { "texture": "#grade", "uv": [ 30.0, 28.0, 31.0, 32.0 ], "autoUv": false }
					},
					"children": [
						{
							"name": "Cube25",
							"from": [ 0.1, 0.62, 0.0 ],
							"to": [ 0.7, 0.82, 0.0 ],
							"uv": [ 30.0, 25.0 ],
							"rotationOrigin": [ 0.1, 0.62, 0.0 ],
							"rotationY": -1.0,
							"rotationZ": 23.0,
							"faces": {
								"north": { "texture": "#grade", "uv": [ 30.0, 25.0, 31.0, 28.0 ], "rotation": 270, "autoUv": false }
							}
						},
						{
							"name": "Cube289",
							"from": [ 0.44, 0.1, 0.0 ],
							"to": [ 0.64, 0.9, 0.0 ],
							"uv": [ 30.0, 21.0 ],
							"rotationOrigin": [ 0.44, 0.9, 0.0 ],
							"rotationY": -1.0,
							"rotationZ": 45.0,
							"faces": {
								"north": { "texture": "#grade", "uv": [ 30.0, 21.0, 31.0, 25.0 ], "rotation": 180, "autoUv": false }
							}
						},
						{
							"name": "Cube28",
							"from": [ 0.94, -0.12, 0.0 ],
							"to": [ 1.14, 0.48, 0.0 ],
							"uv": [ 30.0, 18.0 ],
							"rotationOrigin": [ 0.94, 0.48, 0.0 ],
							"rotationY": -1.0,
							"rotationZ": 2.0,
							"faces": {
								"north": { "texture": "#grade", "uv": [ 30.0, 18.0, 31.0, 21.0 ], "rotation": 180, "autoUv": false }
							}
						}
					]
				},
				{
					"name": "L back feather",
					"from": [ 0.82, 0.64, 0.38 ],
					"to": [ 1.02, 1.44, 0.38 ],
					"uv": [ 31.0, 28.0 ],
					"rotationOrigin": [ 0.82, 0.64, 0.38 ],
					"rotationY": 6.0,
					"rotationZ": -13.0,
					"faces": {
						"north": { "texture": "#grade", "uv": [ 31.0, 28.0, 32.0, 32.0 ], "autoUv": false }
					},
					"children": [
						{
							"name": "Cube29",
							"from": [ 0.1, 0.62, 0.0 ],
							"to": [ 0.7, 0.82, 0.0 ],
							"uv": [ 31.0, 25.0 ],
							"rotationOrigin": [ 0.1, 0.62, 0.0 ],
							"rotationY": 1.0,
							"rotationZ": 23.0,
							"faces": {
								"north": { "texture": "#grade", "uv": [ 31.0, 25.0, 32.0, 28.0 ], "rotation": 270, "autoUv": false }
							}
						},
						{
							"name": "Cube30",
							"from": [ 0.44, 0.1, 0.0 ],
							"to": [ 0.64, 0.9, 0.0 ],
							"uv": [ 31.0, 21.0 ],
							"rotationOrigin": [ 0.44, 0.9, 0.0 ],
							"rotationY": 1.0,
							"rotationZ": 45.0,
							"faces": {
								"north": { "texture": "#grade", "uv": [ 31.0, 21.0, 32.0, 25.0 ], "rotation": 180, "autoUv": false }
							}
						},
						{
							"name": "Cube31",
							"from": [ 0.94, -0.12, 0.0 ],
							"to": [ 1.14, 0.48, 0.0 ],
							"uv": [ 31.0, 18.0 ],
							"rotationOrigin": [ 0.94, 0.48, 0.0 ],
							"rotationY": 1.0,
							"rotationZ": 2.0,
							"faces": {
								"north": { "texture": "#grade", "uv": [ 31.0, 18.0, 32.0, 21.0 ], "rotation": 180, "autoUv": false }
							}
						}
					]
				},
				{
					"name": "feather 4",
					"from": [ 1.1, 0.72, 0.52 ],
					"to": [ 1.4, 1.32, 0.52 ],
					"uv": [ 17.0, 29.0 ],
					"rotationOrigin": [ 1.1, 0.72, 0.52 ],
					"rotationZ": -111.0,
					"faces": {
						"north": { "texture": "#grade", "uv": [ 17.0, 29.0, 18.5, 32.0 ], "autoUv": false }
					}
				},
				{
					"name": "feather 5",
					"from": [ 1.02, 0.78, 0.28 ],
					"to": [ 1.32, 1.38, 0.28 ],
					"uv": [ 20.5, 29.0 ],
					"rotationOrigin": [ 1.02, 0.78, 0.28 ],
					"rotationZ": -16.0,
					"faces": {
						"north": { "texture": "#grade", "uv": [ 20.5, 29.0, 22.0, 32.0 ], "autoUv": false }
					}
				},
				{
					"name": "feather 6",
					"from": [ 1.02, 0.72, 0.26 ],
					"to": [ 1.32, 1.52, 0.26 ],
					"uv": [ 22.0, 28.0 ],
					"rotationOrigin": [ 1.02, 0.72, 0.26 ],
					"rotationZ": -40.0,
					"faces": {
						"north": { "texture": "#grade", "uv": [ 22.0, 28.0, 23.5, 32.0 ], "autoUv": false }
					}
				},
				{
					"name": "feather 7",
					"from": [ 1.1, 0.78, 0.24 ],
					"to": [ 1.4, 1.58, 0.24 ],
					"uv": [ 23.5, 28.0 ],
					"rotationOrigin": [ 1.1, 0.78, 0.24 ],
					"rotationZ": -71.0,
					"faces": {
						"north": { "texture": "#grade", "uv": [ 23.5, 28.0, 25.0, 32.0 ], "autoUv": false }
					}
				},
				{
					"name": "feather 8",
					"from": [ 1.1, 0.72, 0.22 ],
					"to": [ 1.4, 1.32, 0.22 ],
					"uv": [ 25.0, 29.0 ],
					"rotationOrigin": [ 1.1, 0.72, 0.22 ],
					"rotationZ": -111.0,
					"faces": {
						"north": { "texture": "#grade", "uv": [ 25.0, 29.0, 26.5, 32.0 ], "autoUv": false }
					}
				}
			],
			"attachmentpoints": [
				{
					"code": "Center",
					"posX": "3.0","posY": "2.0","posZ": "2.0",
					"rotationX": "0.0","rotationY": "0.0","rotationZ": "0.0"
				}
			]
		},
		{
			"name": "Base2",
			"from": [ 8.0, 0.0, 8.0 ],
			"to": [ 9.0, 0.25, 9.0 ],
			"unwrapMode": 4,
			"uv": [ 1.0, 0.5 ],
			"rotationOrigin": [ 8.3774, 0.0349, 8.3095 ],
			"faces": {
				"north": { "texture": "#base", "uv": [ 1.0, 6.0, 6.5, 11.0 ], "autoUv": false },
				"east": { "texture": "#base", "uv": [ 17.0, 6.0, 22.0, 11.0 ], "autoUv": false },
				"south": { "texture": "#base", "uv": [ 11.5, 6.0, 17.0, 11.0 ], "autoUv": false },
				"west": { "texture": "#base", "uv": [ 6.5, 6.0, 11.5, 11.0 ], "autoUv": false },
				"up": { "texture": "#base", "uv": [ 6.5, 0.5, 11.5, 6.0 ], "rotation": 90, "autoUv": false },
				"down": { "texture": "#base", "uv": [ 6.5, 11.0, 11.5, 16.5 ], "rotation": 90, "autoUv": false }
			},
			"children": [
				{
					"name": "Base3",
					"from": [ -1.0, 0.0, 0.0 ],
					"to": [ 0.0, 0.25, 1.0 ],
					"unwrapMode": 4,
					"uv": [ 1.0, 0.5 ],
					"rotationOrigin": [ -0.6226, 0.0049, 0.3096 ],
					"faces": {
						"north": { "texture": "#base", "uv": [ 1.0, 6.0, 6.5, 11.0 ], "autoUv": false },
						"east": { "texture": "#base", "uv": [ 17.0, 6.0, 22.0, 11.0 ], "autoUv": false },
						"south": { "texture": "#base", "uv": [ 11.5, 6.0, 17.0, 11.0 ], "autoUv": false },
						"west": { "texture": "#base", "uv": [ 6.5, 6.0, 11.5, 11.0 ], "autoUv": false },
						"up": { "texture": "#base", "uv": [ 6.5, 0.5, 11.5, 6.0 ], "rotation": 90, "autoUv": false },
						"down": { "texture": "#base", "uv": [ 6.5, 11.0, 11.5, 16.5 ], "rotation": 90, "autoUv": false }
					}
				},
				{
					"name": "Base12",
					"from": [ -1.0, 0.0, -1.0 ],
					"to": [ 0.0, 0.25, 0.0 ],
					"unwrapMode": 4,
					"uv": [ 1.0, 0.5 ],
					"rotationOrigin": [ -0.6226, 0.0049, -0.6905 ],
					"faces": {
						"north": { "texture": "#base", "uv": [ 1.0, 6.0, 6.5, 11.0 ], "autoUv": false },
						"east": { "texture": "#base", "uv": [ 17.0, 6.0, 22.0, 11.0 ], "autoUv": false },
						"south": { "texture": "#base", "uv": [ 11.5, 6.0, 17.0, 11.0 ], "autoUv": false },
						"west": { "texture": "#base", "uv": [ 6.5, 6.0, 11.5, 11.0 ], "autoUv": false },
						"up": { "texture": "#base", "uv": [ 6.5, 0.5, 11.5, 6.0 ], "rotation": 90, "autoUv": false },
						"down": { "texture": "#base", "uv": [ 6.5, 11.0, 11.5, 16.5 ], "rotation": 90, "autoUv": false }
					}
				},
				{
					"name": "Base17",
					"from": [ 0.0, 0.0, -1.0 ],
					"to": [ 1.0, 0.25, 0.0 ],
					"unwrapMode": 4,
					"uv": [ 1.0, 0.5 ],
					"rotationOrigin": [ 0.3774, 0.0049, -0.6904 ],
					"faces": {
						"north": { "texture": "#base", "uv": [ 1.0, 6.0, 6.5, 11.0 ], "autoUv": false },
						"east": { "texture": "#base", "uv": [ 17.0, 6.0, 22.0, 11.0 ], "autoUv": false },
						"south": { "texture": "#base", "uv": [ 11.5, 6.0, 17.0, 11.0 ], "autoUv": false },
						"west": { "texture": "#base", "uv": [ 6.5, 6.0, 11.5, 11.0 ], "autoUv": false },
						"up": { "texture": "#base", "uv": [ 6.5, 0.5, 11.5, 6.0 ], "rotation": 90, "autoUv": false },
						"down": { "texture": "#base", "uv": [ 6.5, 11.0, 11.5, 16.5 ], "rotation": 90, "autoUv": false }
					}
				}
			]
		}
	],
	"animations": [
		{
			"name": "Walk",
			"code": "walk",
			"quantityframes": 41,
			"onActivityStopped": "EaseOut",
			"onAnimationEnd": "Repeat",
			"keyframes": [
				{
					"frame": 0,
					"elements": {
						"body": { "offsetX": -0.2, "offsetY": 0.0, "offsetZ": 0.0, "rotationX": -3.0, "rotationY": 0.0, "rotationZ": -5.0 },
						"neck": { "offsetX": -0.02, "offsetY": 0.2, "offsetZ": 0.0, "rotationX": 3.0, "rotationY": 0.0, "rotationZ": -42.0 },
						"head": { "offsetX": 0.0, "offsetY": 0.0, "offsetZ": 0.0, "rotationX": 0.0, "rotationY": 0.0, "rotationZ": 39.0 },
						"R leg": { "offsetX": 0.2, "offsetY": -0.4, "offsetZ": 0.0, "rotationX": 3.0, "rotationY": 0.0, "rotationZ": 33.0 },
						"R feet": { "offsetX": 0.0, "offsetY": 0.0, "offsetZ": 0.0, "rotationX": 0.0, "rotationY": 0.0, "rotationZ": 8.0 },
						"R toes": { "offsetX": 0.0, "offsetY": 0.0, "offsetZ": 0.0, "rotationX": 0.0, "rotationY": 0.0, "rotationZ": -25.0 },
						"L leg": { "offsetX": 0.0, "offsetY": 0.0, "offsetZ": 0.0, "rotationX": 3.0, "rotationY": 0.0, "rotationZ": -28.0 },
						"L feet": { "offsetX": -0.1, "offsetY": 0.2, "offsetZ": 0.0, "rotationX": 0.0, "rotationY": 0.0, "rotationZ": 28.0 },
						"L toes": { "offsetX": 0.0, "offsetY": 0.0, "offsetZ": 0.0, "rotationX": 5.0, "rotationY": 0.0, "rotationZ": 30.0 },
						"R wing": { "offsetX": 0.2, "offsetY": 0.0, "offsetZ": 0.0, "rotationX": 17.0, "rotationY": 10.0, "rotationZ": 8.0 },
						"L wing": { "offsetX": 0.2, "offsetY": 0.0, "offsetZ": 0.0, "rotationX": -17.0, "rotationY": -10.0, "rotationZ": 8.0 }
					}
				},
				{
					"frame": 6,
					"elements": {
						"body": { "offsetX": -0.2, "offsetY": 0.0, "offsetZ": 0.0, "rotationX": -3.0, "rotationY": 0.0, "rotationZ": 3.0 },
						"neck": { "offsetX": 0.0, "offsetY": 0.0, "offsetZ": 0.0, "rotationX": 3.0, "rotationY": 0.0, "rotationZ": -19.0 },
						"head": { "offsetX": 0.0, "offsetY": 0.0, "offsetZ": 0.0, "rotationX": 0.0, "rotationY": 0.0, "rotationZ": 14.0 },
						"R leg": { "offsetX": 0.2, "offsetY": -0.4, "offsetZ": 0.0, "rotationX": 3.0, "rotationY": 0.0, "rotationZ": 39.0 },
						"R feet": { "offsetX": 0.0, "offsetY": 0.0, "offsetZ": 0.0, "rotationX": 0.0, "rotationY": 0.0, "rotationZ": 11.0 },
						"R toes": { "offsetX": 0.0, "offsetY": 0.0, "offsetZ": 0.0, "rotationX": 0.0, "rotationY": 0.0, "rotationZ": -33.0 },
						"L leg": { "offsetX": 0.2, "offsetY": 0.0, "offsetZ": 0.0, "rotationX": 3.0, "rotationY": 0.0, "rotationZ": -47.0 },
						"L feet": { "offsetX": -0.1, "offsetY": 0.0, "offsetZ": 0.0, "rotationX": 0.0, "rotationY": 0.0, "rotationZ": 17.0 },
						"L toes": { "offsetX": 0.0, "offsetY": 0.0, "offsetZ": 0.0, "rotationX": 0.0, "rotationY": 0.0, "rotationZ": 33.0 },
						"R wing": { "offsetX": 0.0, "offsetY": 0.0, "offsetZ": 0.0, "rotationX": 0.0, "rotationY": 0.0, "rotationZ": 0.0 },
						"L wing": { "offsetX": 0.0, "offsetY": 0.0, "offsetZ": 0.0, "rotationX": 0.0, "rotationY": 0.0, "rotationZ": 0.0 }
					}
				},
				{
					"frame": 14,
					"elements": {
						"body": { "offsetX": 0.0, "offsetY": 0.0, "offsetZ": 0.0, "rotationX": 0.0, "rotationY": 0.0, "rotationZ": 8.0 },
						"neck": { "offsetX": 0.0, "offsetY": 0.0, "offsetZ": 0.0, "rotationX": 0.0, "rotationY": 0.0, "rotationZ": -3.0 },
						"head": { "offsetX": 0.0, "offsetY": 0.0, "offsetZ": 0.0, "rotationX": 0.0, "rotationY": 0.0, "rotationZ": -8.0 },
						"R leg": { "offsetX": 0.2, "offsetY": 0.0, "offsetZ": 0.0, "rotationX": 0.0, "rotationY": 0.0, "rotationZ": 3.0 },
						"R feet": { "offsetX": 0.0, "offsetY": 0.0, "offsetZ": 0.0, "rotationX": 0.0, "rotationY": 0.0, "rotationZ": 6.0 },
						"R toes": { "offsetX": 0.0, "offsetY": 0.0, "offsetZ": 0.0, "rotationX": 0.0, "rotationY": 0.0, "rotationZ": 11.0 },
						"L leg": { "offsetX": 0.0, "offsetY": 0.0, "offsetZ": 0.0, "rotationX": 0.0, "rotationY": 0.0, "rotationZ": -33.0 },
						"L feet": { "offsetX": 0.0, "offsetY": 0.0, "offsetZ": 0.0, "rotationX": 0.0, "rotationY": 0.0, "rotationZ": 39.0 },
						"L toes": { "offsetX": 0.0, "offsetY": 0.0, "offsetZ": 0.0, "rotationX": 0.0, "rotationY": 0.0, "rotationZ": 0.0 },
						"R wing": { "offsetX": 0.0, "offsetY": 0.0, "offsetZ": 0.0, "rotationX": 0.0, "rotationY": 0.0, "rotationZ": -3.0 },
						"L wing": { "offsetX": 0.0, "offsetY": 0.0, "offsetZ": 0.0, "rotationX": 0.0, "rotationY": 0.0, "rotationZ": -3.0 }
					}
				},
				{
					"frame": 20,
					"elements": {
						"body": { "offsetX": -0.2, "offsetY": 0.0, "offsetZ": 0.0, "rotationX": 3.0, "rotationY": 0.0, "rotationZ": -5.0 },
						"neck": { "offsetX": -0.02, "offsetY": 0.2, "offsetZ": 0.0, "rotationX": -3.0, "rotationY": 0.0, "rotationZ": -42.0 },
						"head": { "offsetX": 0.0, "offsetY": 0.0, "offsetZ": 0.0, "rotationX": 0.0, "rotationY": 0.0, "rotationZ": 39.0 },
						"R leg": { "offsetX": 0.2, "offsetY": 0.0, "offsetZ": 0.0, "rotationX": -3.0, "rotationY": 0.0, "rotationZ": -28.0 },
						"R feet": { "offsetX": -0.1, "offsetY": 0.2, "offsetZ": 0.0, "rotationX": 0.0, "rotationY": 0.0, "rotationZ": 28.0 },
						"R toes": { "offsetX": 0.0, "offsetY": 0.0, "offsetZ": 0.0, "rotationX": -5.0, "rotationY": 0.0, "rotationZ": 25.0 },
						"L leg": { "offsetX": 0.2, "offsetY": -0.4, "offsetZ": 0.0, "rotationX": -3.0, "rotationY": 0.0, "rotationZ": 33.0 },
						"L feet": { "offsetX": 0.0, "offsetY": 0.0, "offsetZ": 0.0, "rotationX": 0.0, "rotationY": 0.0, "rotationZ": 11.0 },
						"L toes": { "offsetX": 0.0, "offsetY": 0.0, "offsetZ": 0.0, "rotationX": 0.0, "rotationY": 0.0, "rotationZ": -8.0 },
						"R wing": { "offsetX": 0.2, "offsetY": 0.0, "offsetZ": 0.0, "rotationX": 17.0, "rotationY": 10.0, "rotationZ": 8.0 },
						"L wing": { "offsetX": 0.2, "offsetY": 0.0, "offsetZ": 0.0, "rotationX": -17.0, "rotationY": -10.0, "rotationZ": 8.0 }
					}
				},
				{
					"frame": 26,
					"elements": {
						"body": { "offsetX": -0.2, "offsetY": 0.0, "offsetZ": 0.0, "rotationX": 3.0, "rotationY": 0.0, "rotationZ": 3.0 },
						"neck": { "offsetX": 0.0, "offsetY": 0.0, "offsetZ": 0.0, "rotationX": -3.0, "rotationY": 0.0, "rotationZ": -19.0 },
						"head": { "offsetX": 0.0, "offsetY": 0.0, "offsetZ": 0.0, "rotationX": 0.0, "rotationY": 0.0, "rotationZ": 14.0 },
						"R leg": { "offsetX": 0.2, "offsetY": 0.0, "offsetZ": 0.0, "rotationX": -3.0, "rotationY": 0.0, "rotationZ": -47.0 },
						"R feet": { "offsetX": -0.1, "offsetY": 0.0, "offsetZ": 0.0, "rotationX": 0.0, "rotationY": 0.0, "rotationZ": 17.0 },
						"R toes": { "offsetX": 0.0, "offsetY": 0.0, "offsetZ": 0.0, "rotationX": 0.0, "rotationY": 0.0, "rotationZ": 33.0 },
						"L leg": { "offsetX": 0.2, "offsetY": -0.4, "offsetZ": 0.0, "rotationX": -3.0, "rotationY": 0.0, "rotationZ": 39.0 },
						"L feet": { "offsetX": 0.0, "offsetY": 0.0, "offsetZ": 0.0, "rotationX": 0.0, "rotationY": 0.0, "rotationZ": 11.0 },
						"L toes": { "offsetX": 0.0, "offsetY": 0.0, "offsetZ": 0.0, "rotationX": 0.0, "rotationY": 0.0, "rotationZ": -33.0 },
						"R wing": { "offsetX": 0.0, "offsetY": 0.0, "offsetZ": 0.0, "rotationX": 0.0, "rotationY": 0.0, "rotationZ": 0.0 },
						"L wing": { "offsetX": 0.0, "offsetY": 0.0, "offsetZ": 0.0, "rotationX": 0.0, "rotationY": 0.0, "rotationZ": 0.0 }
					}
				},
				{
					"frame": 34,
					"elements": {
						"body": { "offsetX": 0.0, "offsetY": 0.0, "offsetZ": 0.0, "rotationX": 0.0, "rotationY": 0.0, "rotationZ": 8.0 },
						"neck": { "offsetX": 0.0, "offsetY": 0.0, "offsetZ": 0.0, "rotationX": -3.0, "rotationY": 0.0, "rotationZ": -3.0 },
						"head": { "offsetX": 0.0, "offsetY": 0.0, "offsetZ": 0.0, "rotationX": 0.0, "rotationY": 0.0, "rotationZ": -8.0 },
						"R leg": { "offsetX": 0.2, "offsetY": 0.0, "offsetZ": 0.0, "rotationX": 0.0, "rotationY": 0.0, "rotationZ": -33.0 },
						"R feet": { "offsetX": 0.0, "offsetY": 0.0, "offsetZ": 0.0, "rotationX": 0.0, "rotationY": 0.0, "rotationZ": 17.0 },
						"R toes": { "offsetX": 0.0, "offsetY": 0.0, "offsetZ": 0.0, "rotationX": 0.0, "rotationY": 0.0, "rotationZ": 11.0 },
						"L leg": { "offsetX": 0.2, "offsetY": 0.0, "offsetZ": 0.0, "rotationX": 0.0, "rotationY": 0.0, "rotationZ": 3.0 },
						"L feet": { "offsetX": 0.0, "offsetY": 0.0, "offsetZ": 0.0, "rotationX": 0.0, "rotationY": 0.0, "rotationZ": 6.0 },
						"L toes": { "offsetX": 0.0, "offsetY": 0.0, "offsetZ": 0.0, "rotationX": 0.0, "rotationY": 0.0, "rotationZ": 11.0 },
						"R wing": { "offsetX": 0.0, "offsetY": 0.0, "offsetZ": 0.0, "rotationX": 0.0, "rotationY": 0.0, "rotationZ": -3.0 },
						"L wing": { "offsetX": 0.0, "offsetY": 0.0, "offsetZ": 0.0, "rotationX": 0.0, "rotationY": 0.0, "rotationZ": -3.0 }
					}
				},
				{
					"frame": 40,
					"elements": {
						"body": { "offsetX": -0.2, "offsetY": 0.0, "offsetZ": 0.0, "rotationX": -3.0, "rotationY": 0.0, "rotationZ": -5.0 },
						"neck": { "offsetX": -0.02, "offsetY": 0.2, "offsetZ": 0.0, "rotationX": 3.0, "rotationY": 0.0, "rotationZ": -42.0 },
						"head": { "offsetX": 0.0, "offsetY": 0.0, "offsetZ": 0.0, "rotationX": 0.0, "rotationY": 0.0, "rotationZ": 39.0 },
						"R leg": { "offsetX": 0.2, "offsetY": -0.4, "offsetZ": 0.0, "rotationX": 3.0, "rotationY": 0.0, "rotationZ": 33.0 },
						"R feet": { "offsetX": 0.0, "offsetY": 0.0, "offsetZ": 0.0, "rotationX": 0.0, "rotationY": 0.0, "rotationZ": 8.0 },
						"R toes": { "offsetX": 0.0, "offsetY": 0.0, "offsetZ": 0.0, "rotationX": 0.0, "rotationY": 0.0, "rotationZ": -25.0 },
						"L leg": { "offsetX": 0.0, "offsetY": 0.0, "offsetZ": 0.0, "rotationX": 3.0, "rotationY": 0.0, "rotationZ": -28.0 },
						"L feet": { "offsetX": -0.1, "offsetY": 0.2, "offsetZ": 0.0, "rotationX": 0.0, "rotationY": 0.0, "rotationZ": 28.0 },
						"L toes": { "offsetX": 0.0, "offsetY": 0.0, "offsetZ": 0.0, "rotationX": 0.0, "rotationY": 0.0, "rotationZ": 30.0 },
						"R wing": { "offsetX": 0.2, "offsetY": 0.0, "offsetZ": 0.0, "rotationX": 17.0, "rotationY": 10.0, "rotationZ": 8.0 },
						"L wing": { "offsetX": 0.2, "offsetY": 0.0, "offsetZ": 0.0, "rotationX": -17.0, "rotationY": -10.0, "rotationZ": 8.0 }
					}
				}
			]
		},

		{
			"name": "Eat",
			"code": "eat",
			"quantityframes": 30,
			"onActivityStopped": "EaseOut",
			"onAnimationEnd": "Repeat",
			"keyframes": [
				{
					"frame": 10,
					"elements": {
						"body": { "offsetX": 0.0, "offsetY": 0.0, "offsetZ": 0.0, "rotationX": 0.0, "rotationY": 0.0, "rotationZ": 39.0 },
						"R leg": { "offsetX": 0.0, "offsetY": 0.0, "offsetZ": 0.0, "rotationX": 0.0, "rotationY": 0.0, "rotationZ": -20.0 },
						"R feet": { "offsetX": 0.0, "offsetY": 0.0, "offsetZ": 0.0, "rotationX": 0.0, "rotationY": 0.0, "rotationZ": -19.0 },
						"L leg": { "offsetX": 0.0, "offsetY": 0.0, "offsetZ": 0.0, "rotationX": 0.0, "rotationY": 0.0, "rotationZ": -20.0 },
						"L feet": { "offsetX": 0.0, "offsetY": 0.0, "offsetZ": 0.0, "rotationX": 0.0, "rotationY": 0.0, "rotationZ": -19.0 },
						"neck": { "offsetX": -0.08, "offsetY": 0.0, "offsetZ": 0.0, "rotationX": 0.0, "rotationY": 0.0, "rotationZ": 80.0 },
						"head": { "offsetX": -0.06, "offsetY": -0.1, "offsetZ": 0.0, "rotationX": 0.0, "rotationY": 0.0, "rotationZ": -39.0 }
					}
				},
				{
					"frame": 13,
					"elements": {
						"body": { "offsetX": 0.0, "offsetY": 0.0, "offsetZ": 0.0, "rotationX": 0.0, "rotationY": 0.0, "rotationZ": 39.0 },
						"neck": { "offsetX": -0.08, "offsetY": 0.0, "offsetZ": 0.0, "rotationX": 0.0, "rotationY": 0.0, "rotationZ": 80.0 },
						"head": { "offsetX": -0.06, "offsetY": -0.1, "offsetZ": 0.0, "rotationX": 0.0, "rotationY": 0.0, "rotationZ": -39.0 },
						"R leg": { "offsetX": 0.0, "offsetY": 0.0, "offsetZ": 0.0, "rotationX": 0.0, "rotationY": 0.0, "rotationZ": -20.0 },
						"R feet": { "offsetX": 0.0, "offsetY": 0.0, "offsetZ": 0.0, "rotationX": 0.0, "rotationY": 0.0, "rotationZ": -19.0 },
						"L leg": { "offsetX": 0.0, "offsetY": 0.0, "offsetZ": 0.0, "rotationX": 0.0, "rotationY": 0.0, "rotationZ": -20.0 },
						"L feet": { "offsetX": 0.0, "offsetY": 0.0, "offsetZ": 0.0, "rotationX": 0.0, "rotationY": 0.0, "rotationZ": -19.0 }
					}
				},
				{
					"frame": 16,
					"elements": {
						"body": { "offsetX": 0.0, "offsetY": 0.0, "offsetZ": 0.0, "rotationX": 0.0, "rotationY": 0.0, "rotationZ": 44.0 },
						"neck": { "offsetX": -0.08, "offsetY": 0.0, "offsetZ": 0.0, "rotationX": 0.0, "rotationY": 0.0, "rotationZ": 75.0 },
						"head": { "offsetX": -0.2, "offsetY": -0.1, "offsetZ": 0.0, "rotationX": 0.0, "rotationY": 0.0, "rotationZ": -40.0 },
						"R leg": { "offsetX": 0.0, "offsetY": 0.0, "offsetZ": 0.0, "rotationX": 0.0, "rotationY": 0.0, "rotationZ": -25.0 },
						"R feet": { "offsetX": 0.0, "offsetY": 0.0, "offsetZ": 0.0, "rotationX": 0.0, "rotationY": 0.0, "rotationZ": -19.0 },
						"L leg": { "offsetX": 0.0, "offsetY": 0.0, "offsetZ": 0.0, "rotationX": 0.0, "rotationY": 0.0, "rotationZ": -25.0 },
						"L feet": { "offsetX": 0.0, "offsetY": 0.0, "offsetZ": 0.0, "rotationX": 0.0, "rotationY": 0.0, "rotationZ": -19.0 }
					}
				},
				{
					"frame": 19,
					"elements": {
						"body": { "offsetX": 0.0, "offsetY": 0.0, "offsetZ": 0.0, "rotationX": 0.0, "rotationY": 0.0, "rotationZ": 39.0 },
						"neck": { "offsetX": -0.08, "offsetY": 0.0, "offsetZ": 0.0, "rotationX": 0.0, "rotationY": 0.0, "rotationZ": 80.0 },
						"head": { "offsetX": -0.06, "offsetY": -0.1, "offsetZ": 0.0, "rotationX": 0.0, "rotationY": 0.0, "rotationZ": -39.0 },
						"R leg": { "offsetX": 0.0, "offsetY": 0.0, "offsetZ": 0.0, "rotationX": 0.0, "rotationY": 0.0, "rotationZ": -20.0 },
						"R feet": { "offsetX": 0.0, "offsetY": 0.0, "offsetZ": 0.0, "rotationX": 0.0, "rotationY": 0.0, "rotationZ": -19.0 },
						"L leg": { "offsetX": 0.0, "offsetY": 0.0, "offsetZ": 0.0, "rotationX": 0.0, "rotationY": 0.0, "rotationZ": -20.0 },
						"L feet": { "offsetX": 0.0, "offsetY": 0.0, "offsetZ": 0.0, "rotationX": 0.0, "rotationY": 0.0, "rotationZ": -19.0 }
					}
				},
				{
					"frame": 21,
					"elements": {
						"body": { "offsetX": 0.0, "offsetY": 0.0, "offsetZ": 0.0, "rotationX": 0.0, "rotationY": 0.0, "rotationZ": 39.0 },
						"neck": { "offsetX": -0.08, "offsetY": 0.0, "offsetZ": 0.0, "rotationX": 0.0, "rotationY": 0.0, "rotationZ": 80.0 },
						"head": { "offsetX": -0.06, "offsetY": -0.1, "offsetZ": 0.0, "rotationX": 0.0, "rotationY": 0.0, "rotationZ": -39.0 },
						"R leg": { "offsetX": 0.0, "offsetY": 0.0, "offsetZ": 0.0, "rotationX": 0.0, "rotationY": 0.0, "rotationZ": -20.0 },
						"R feet": { "offsetX": 0.0, "offsetY": 0.0, "offsetZ": 0.0, "rotationX": 0.0, "rotationY": 0.0, "rotationZ": -19.0 },
						"L leg": { "offsetX": 0.0, "offsetY": 0.0, "offsetZ": 0.0, "rotationX": 0.0, "rotationY": 0.0, "rotationZ": -20.0 },
						"L feet": { "offsetX": 0.0, "offsetY": 0.0, "offsetZ": 0.0, "rotationX": 0.0, "rotationY": 0.0, "rotationZ": -19.0 }
					}
				},
				{
					"frame": 24,
					"elements": {
						"body": { "offsetX": 0.0, "offsetY": 0.0, "offsetZ": 0.0, "rotationX": 0.0, "rotationY": 0.0, "rotationZ": 44.0 },
						"neck": { "offsetX": -0.08, "offsetY": 0.0, "offsetZ": 0.0, "rotationX": 0.0, "rotationY": 0.0, "rotationZ": 75.0 },
						"head": { "offsetX": -0.2, "offsetY": -0.1, "offsetZ": 0.0, "rotationX": 0.0, "rotationY": 0.0, "rotationZ": -40.0 },
						"R leg": { "offsetX": 0.0, "offsetY": 0.0, "offsetZ": 0.0, "rotationX": 0.0, "rotationY": 0.0, "rotationZ": -25.0 },
						"R feet": { "offsetX": 0.0, "offsetY": 0.0, "offsetZ": 0.0, "rotationX": 0.0, "rotationY": 0.0, "rotationZ": -19.0 },
						"L leg": { "offsetX": 0.0, "offsetY": 0.0, "offsetZ": 0.0, "rotationX": 0.0, "rotationY": 0.0, "rotationZ": -25.0 },
						"L feet": { "offsetX": 0.0, "offsetY": 0.0, "offsetZ": 0.0, "rotationX": 0.0, "rotationY": 0.0, "rotationZ": -19.0 }
					}
				},
				{
					"frame": 26,
					"elements": {
						"body": { "offsetX": 0.0, "offsetY": 0.0, "offsetZ": 0.0, "rotationX": 0.0, "rotationY": 0.0, "rotationZ": 39.0 },
						"neck": { "offsetX": -0.08, "offsetY": 0.0, "offsetZ": 0.0, "rotationX": 0.0, "rotationY": 0.0, "rotationZ": 80.0 },
						"head": { "offsetX": -0.06, "offsetY": -0.1, "offsetZ": 0.0, "rotationX": 0.0, "rotationY": 0.0, "rotationZ": -39.0 },
						"R leg": { "offsetX": 0.0, "offsetY": 0.0, "offsetZ": 0.0, "rotationX": 0.0, "rotationY": 0.0, "rotationZ": -20.0 },
						"R feet": { "offsetX": 0.0, "offsetY": 0.0, "offsetZ": 0.0, "rotationX": 0.0, "rotationY": 0.0, "rotationZ": -19.0 },
						"L leg": { "offsetX": 0.0, "offsetY": 0.0, "offsetZ": 0.0, "rotationX": 0.0, "rotationY": 0.0, "rotationZ": -20.0 },
						"L feet": { "offsetX": 0.0, "offsetY": 0.0, "offsetZ": 0.0, "rotationX": 0.0, "rotationY": 0.0, "rotationZ": -19.0 }
					}
				},
				{
					"frame": 29,
					"elements": {
						"body": { "offsetX": 0.0, "offsetY": 0.0, "offsetZ": 0.0, "rotationX": 0.0, "rotationY": 0.0, "rotationZ": 44.0 },
						"neck": { "offsetX": -0.08, "offsetY": 0.0, "offsetZ": 0.0, "rotationX": 0.0, "rotationY": 0.0, "rotationZ": 75.0 },
						"head": { "offsetX": -0.2, "offsetY": -0.1, "offsetZ": 0.0, "rotationX": 0.0, "rotationY": 0.0, "rotationZ": -40.0 },
						"R leg": { "offsetX": 0.0, "offsetY": 0.0, "offsetZ": 0.0, "rotationX": 0.0, "rotationY": 0.0, "rotationZ": -25.0 },
						"R feet": { "offsetX": 0.0, "offsetY": 0.0, "offsetZ": 0.0, "rotationX": 0.0, "rotationY": 0.0, "rotationZ": -19.0 },
						"L leg": { "offsetX": 0.0, "offsetY": 0.0, "offsetZ": 0.0, "rotationX": 0.0, "rotationY": 0.0, "rotationZ": -25.0 },
						"L feet": { "offsetX": 0.0, "offsetY": 0.0, "offsetZ": 0.0, "rotationX": 0.0, "rotationY": 0.0, "rotationZ": -19.0 }
					}
				}
			]
		},

		{
			"name": "Death",
			"code": "death",
			"quantityframes": 30,
			"onActivityStopped": "PlayTillEnd",
			"onAnimationEnd": "Hold",
			"keyframes": [
				{
					"frame": 0,
					"elements": {
						"body": { "offsetX": 0.0, "offsetY": 0.0, "offsetZ": 0.0, "rotationX": 0.0, "rotationY": 0.0, "rotationZ": 0.0 },
						"neck": { "offsetX": 0.0, "offsetY": 0.0, "offsetZ": 0.0, "rotationX": 0.0, "rotationY": 0.0, "rotationZ": 0.0 },
						"head": { "offsetX": 0.0, "offsetY": 0.0, "offsetZ": 0.0, "rotationX": 0.0, "rotationY": 0.0, "rotationZ": 0.0 },
						"R leg": { "offsetX": 0.0, "offsetY": 0.0, "offsetZ": 0.0, "rotationX": 0.0, "rotationY": 0.0, "rotationZ": 0.0 },
						"R feet": { "offsetX": 0.0, "offsetY": 0.0, "offsetZ": 0.0, "rotationX": 0.0, "rotationY": 0.0, "rotationZ": 0.0 },
						"R toes": { "offsetX": 0.0, "offsetY": 0.0, "offsetZ": 0.0, "rotationX": 0.0, "rotationY": 0.0, "rotationZ": 0.0 },
						"L leg": { "offsetX": 0.0, "offsetY": 0.0, "offsetZ": 0.0, "rotationX": 0.0, "rotationY": 0.0, "rotationZ": 0.0 },
						"L feet": { "offsetX": 0.0, "offsetY": 0.0, "offsetZ": 0.0, "rotationX": 0.0, "rotationY": 0.0, "rotationZ": 0.0 },
						"L toes": { "offsetX": 0.0, "offsetY": 0.0, "offsetZ": 0.0, "rotationX": 0.0, "rotationY": 0.0, "rotationZ": 0.0 },
						"R wing": { "offsetX": 0.0, "offsetY": 0.0, "offsetZ": 0.0, "rotationX": 0.0, "rotationY": 0.0, "rotationZ": 0.0 },
						"L wing": { "offsetX": 0.0, "offsetY": 0.0, "offsetZ": 0.0, "rotationX": 0.0, "rotationY": 0.0, "rotationZ": 0.0 }
					}
				},
				{
					"frame": 6,
					"elements": {
						"body": { "offsetX": 0.8, "offsetY": 0.4, "offsetZ": 0.0, "rotationX": -8.0, "rotationY": 0.0, "rotationZ": -6.0 },
						"neck": { "offsetX": 0.0, "offsetY": 0.0, "offsetZ": 0.0, "rotationX": 0.0, "rotationY": 0.0, "rotationZ": 22.0 },
						"head": { "offsetX": 0.0, "offsetY": 0.0, "offsetZ": 0.0, "rotationX": 0.0, "rotationY": 0.0, "rotationZ": 28.0 },
						"R leg": { "offsetX": 0.0, "offsetY": 0.0, "offsetZ": 0.0, "rotationX": 0.0, "rotationY": 0.0, "rotationZ": -55.0 },
						"R feet": { "offsetX": 0.0, "offsetY": 0.0, "offsetZ": 0.0, "rotationX": 0.0, "rotationY": 0.0, "rotationZ": 33.0 },
						"R toes": { "offsetX": 0.0, "offsetY": 0.0, "offsetZ": 0.0, "rotationX": 0.0, "rotationY": 0.0, "rotationZ": 0.0 },
						"L leg": { "offsetX": 0.0, "offsetY": 0.0, "offsetZ": 0.0, "rotationX": 0.0, "rotationY": 0.0, "rotationZ": 22.0 },
						"L feet": { "offsetX": 0.0, "offsetY": 0.0, "offsetZ": 0.0, "rotationX": 0.0, "rotationY": 0.0, "rotationZ": -11.0 },
						"L toes": { "offsetX": 0.0, "offsetY": 0.0, "offsetZ": 0.0, "rotationX": 0.0, "rotationY": 0.0, "rotationZ": 0.0 },
						"R wing": { "offsetX": 0.0, "offsetY": 0.0, "offsetZ": 0.0, "rotationX": 0.0, "rotationY": 55.0, "rotationZ": 30.0 },
						"L wing": { "offsetX": 0.0, "offsetY": 0.0, "offsetZ": 0.0, "rotationX": 0.0, "rotationY": -47.0, "rotationZ": 47.0 }
					}
				},
				{
					"frame": 24,
					"elements": {
						"body": { "offsetX": 0.4, "offsetY": 0.6, "offsetZ": -0.6, "rotationX": -75.0, "rotationY": 3.0, "rotationZ": -22.0 },
						"neck": { "offsetX": 0.0, "offsetY": 0.0, "offsetZ": 0.0, "rotationX": 0.0, "rotationY": -36.0, "rotationZ": 66.0 },
						"head": { "offsetX": 0.0, "offsetY": 0.0, "offsetZ": 0.0, "rotationX": -3.0, "rotationY": -8.0, "rotationZ": 19.0 },
						"R leg": { "offsetX": 0.0, "offsetY": 0.0, "offsetZ": 0.0, "rotationX": 19.0, "rotationY": 22.0, "rotationZ": -39.0 },
						"R feet": { "offsetX": 0.0, "offsetY": 0.0, "offsetZ": 0.0, "rotationX": 0.0, "rotationY": -25.0, "rotationZ": 55.0 },
						"R toes": { "offsetX": 0.0, "offsetY": 0.0, "offsetZ": 0.0, "rotationX": 0.0, "rotationY": 0.0, "rotationZ": 0.0 },
						"L leg": { "offsetX": 0.0, "offsetY": 0.0, "offsetZ": 0.0, "rotationX": 6.0, "rotationY": -11.0, "rotationZ": -17.0 },
						"L feet": { "offsetX": 0.0, "offsetY": 0.0, "offsetZ": 0.0, "rotationX": 3.0, "rotationY": -33.0, "rotationZ": -17.0 },
						"L toes": { "offsetX": 0.0, "offsetY": 0.0, "offsetZ": 0.0, "rotationX": 0.0, "rotationY": 0.0, "rotationZ": 0.0 },
						"R wing": { "offsetX": 0.0, "offsetY": 0.0, "offsetZ": 0.0, "rotationX": 0.0, "rotationY": 17.0, "rotationZ": 50.0 },
						"L wing": { "offsetX": 0.0, "offsetY": 0.0, "offsetZ": 0.0, "rotationX": 0.0, "rotationY": -8.0, "rotationZ": -22.0 }
					}
				},
				{
					"frame": 29,
					"elements": {
						"body": { "offsetX": 0.4, "offsetY": 0.6, "offsetZ": -0.6, "rotationX": -75.0, "rotationY": 3.0, "rotationZ": -22.0 },
						"neck": { "offsetX": 0.0, "offsetY": 0.0, "offsetZ": 0.0, "rotationX": 0.0, "rotationY": -36.0, "rotationZ": 66.0 },
						"head": { "offsetX": 0.0, "offsetY": 0.0, "offsetZ": 0.0, "rotationX": -3.0, "rotationY": -8.0, "rotationZ": 19.0 },
						"R leg": { "offsetX": 0.0, "offsetY": 0.0, "offsetZ": 0.0, "rotationX": 19.0, "rotationY": 22.0, "rotationZ": -39.0 },
						"R feet": { "offsetX": 0.0, "offsetY": 0.0, "offsetZ": 0.0, "rotationX": 0.0, "rotationY": -25.0, "rotationZ": 55.0 },
						"R toes": { "offsetX": 0.0, "offsetY": 0.0, "offsetZ": 0.0, "rotationX": 0.0, "rotationY": 0.0, "rotationZ": 0.0 },
						"L leg": { "offsetX": 0.0, "offsetY": 0.0, "offsetZ": 0.0, "rotationX": 6.0, "rotationY": -11.0, "rotationZ": -17.0 },
						"L feet": { "offsetX": 0.0, "offsetY": 0.0, "offsetZ": 0.0, "rotationX": 3.0, "rotationY": -33.0, "rotationZ": -17.0 },
						"L toes": { "offsetX": 0.0, "offsetY": 0.0, "offsetZ": 0.0, "rotationX": 0.0, "rotationY": 0.0, "rotationZ": 0.0 },
						"R wing": { "offsetX": 0.0, "offsetY": 0.0, "offsetZ": 0.0, "rotationX": 0.0, "rotationY": 17.0, "rotationZ": 50.0 },
						"L wing": { "offsetX": 0.0, "offsetY": 0.0, "offsetZ": 0.0, "rotationX": 0.0, "rotationY": -8.0, "rotationZ": -22.0 }
					}
				}
			]
		},

		{
			"name": "Run",
			"code": "run",
			"quantityframes": 25,
			"onActivityStopped": "EaseOut",
			"onAnimationEnd": "Repeat",
			"keyframes": [
				{
					"frame": 0,
					"elements": {
						"body": { "offsetX": -0.2, "offsetY": -0.2, "offsetZ": 0.0, "rotationX": 0.0, "rotationY": 0.0, "rotationZ": -8.0 },
						"neck": { "offsetX": 0.0, "offsetY": 0.0, "offsetZ": 0.0, "rotationX": 0.0, "rotationY": 0.0, "rotationZ": -17.0 },
						"head": { "offsetX": 0.04, "offsetY": 0.0, "offsetZ": 0.0, "rotationX": 0.0, "rotationY": 0.0, "rotationZ": 30.0 },
						"R leg": { "offsetX": 0.2, "offsetY": -0.4, "offsetZ": 0.0, "rotationX": 0.0, "rotationY": 0.0, "rotationZ": 44.0 },
						"R feet": { "offsetX": 0.0, "offsetY": 0.0, "offsetZ": 0.0, "rotationX": 0.0, "rotationY": 0.0, "rotationZ": 3.0 },
						"R toes": { "offsetX": 0.0, "offsetY": 0.0, "offsetZ": 0.0, "rotationX": 0.0, "rotationY": 0.0, "rotationZ": -33.0 },
						"L leg": { "offsetX": 0.1, "offsetY": 0.2, "offsetZ": 0.0, "rotationX": 0.0, "rotationY": 0.0, "rotationZ": -72.0 },
						"L feet": { "offsetX": -0.2, "offsetY": 0.0, "offsetZ": 0.0, "rotationX": 0.0, "rotationY": 0.0, "rotationZ": 47.0 },
						"L toes": { "offsetX": 0.0, "offsetY": 0.0, "offsetZ": 0.0, "rotationX": 0.0, "rotationY": 0.0, "rotationZ": 28.0 },
						"R wing": { "offsetX": 0.0, "offsetY": 0.0, "offsetZ": 0.0, "rotationX": 0.0, "rotationY": 28.0, "rotationZ": 50.0 },
						"L wing": { "offsetX": 0.0, "offsetY": 0.0, "offsetZ": 0.0, "rotationX": 0.0, "rotationY": -28.0, "rotationZ": 50.0 }
					}
				},
				{
					"frame": 6,
					"elements": {
						"body": { "offsetX": 0.0, "offsetY": -0.1, "offsetZ": 0.0, "rotationX": 0.0, "rotationY": 0.0, "rotationZ": 0.0 },
						"neck": { "offsetX": 0.0, "offsetY": 0.0, "offsetZ": 0.0, "rotationX": 0.0, "rotationY": 0.0, "rotationZ": 3.0 },
						"head": { "offsetX": 0.0, "offsetY": 0.0, "offsetZ": 0.0, "rotationX": 0.0, "rotationY": 0.0, "rotationZ": 6.0 },
						"R leg": { "offsetX": 0.1, "offsetY": 0.0, "offsetZ": 0.0, "rotationX": 0.0, "rotationY": 0.0, "rotationZ": 19.0 },
						"R feet": { "offsetX": 0.0, "offsetY": 0.0, "offsetZ": 0.0, "rotationX": 0.0, "rotationY": 0.0, "rotationZ": 28.0 },
						"R toes": { "offsetX": 0.0, "offsetY": 0.0, "offsetZ": 0.0, "rotationX": 0.0, "rotationY": 0.0, "rotationZ": 19.0 },
						"L leg": { "offsetX": 0.0, "offsetY": 0.0, "offsetZ": 0.0, "rotationX": 0.0, "rotationY": 0.0, "rotationZ": -33.0 },
						"L feet": { "offsetX": 0.0, "offsetY": 0.1, "offsetZ": 0.0, "rotationX": 0.0, "rotationY": 0.0, "rotationZ": 36.0 },
						"L toes": { "offsetX": 0.0, "offsetY": 0.0, "offsetZ": 0.0, "rotationX": 0.0, "rotationY": 0.0, "rotationZ": 3.0 },
						"R wing": { "offsetX": 0.0, "offsetY": 0.0, "offsetZ": 0.0, "rotationX": 0.0, "rotationY": -3.0, "rotationZ": 50.0 },
						"L wing": { "offsetX": 0.0, "offsetY": 0.0, "offsetZ": 0.0, "rotationX": 0.0, "rotationY": 3.0, "rotationZ": 50.0 }
					}
				},
				{
					"frame": 12,
					"elements": {
						"body": { "offsetX": -0.2, "offsetY": -0.2, "offsetZ": 0.0, "rotationX": 0.0, "rotationY": 0.0, "rotationZ": -8.0 },
						"neck": { "offsetX": 0.0, "offsetY": 0.0, "offsetZ": 0.0, "rotationX": 0.0, "rotationY": 0.0, "rotationZ": -17.0 },
						"head": { "offsetX": 0.04, "offsetY": 0.0, "offsetZ": 0.0, "rotationX": 0.0, "rotationY": 0.0, "rotationZ": 30.0 },
						"R leg": { "offsetX": 0.1, "offsetY": 0.2, "offsetZ": 0.0, "rotationX": 0.0, "rotationY": 0.0, "rotationZ": -72.0 },
						"R feet": { "offsetX": -0.2, "offsetY": 0.0, "offsetZ": 0.0, "rotationX": 0.0, "rotationY": 0.0, "rotationZ": 47.0 },
						"R toes": { "offsetX": 0.0, "offsetY": 0.0, "offsetZ": 0.0, "rotationX": 0.0, "rotationY": 0.0, "rotationZ": 28.0 },
						"L leg": { "offsetX": 0.2, "offsetY": -0.4, "offsetZ": 0.0, "rotationX": 0.0, "rotationY": 0.0, "rotationZ": 44.0 },
						"L feet": { "offsetX": 0.0, "offsetY": 0.0, "offsetZ": 0.0, "rotationX": 0.0, "rotationY": 0.0, "rotationZ": 3.0 },
						"L toes": { "offsetX": 0.0, "offsetY": 0.0, "offsetZ": 0.0, "rotationX": 0.0, "rotationY": 0.0, "rotationZ": -33.0 },
						"R wing": { "offsetX": 0.0, "offsetY": 0.0, "offsetZ": 0.0, "rotationX": 0.0, "rotationY": 28.0, "rotationZ": 50.0 },
						"L wing": { "offsetX": 0.0, "offsetY": 0.0, "offsetZ": 0.0, "rotationX": 0.0, "rotationY": -28.0, "rotationZ": 50.0 }
					}
				},
				{
					"frame": 18,
					"elements": {
						"body": { "offsetX": 0.0, "offsetY": -0.1, "offsetZ": 0.0, "rotationX": 0.0, "rotationY": 0.0, "rotationZ": 0.0 },
						"neck": { "offsetX": 0.0, "offsetY": 0.0, "offsetZ": 0.0, "rotationX": 0.0, "rotationY": 0.0, "rotationZ": 3.0 },
						"head": { "offsetX": 0.0, "offsetY": 0.0, "offsetZ": 0.0, "rotationX": 0.0, "rotationY": 0.0, "rotationZ": 6.0 },
						"R leg": { "offsetX": 0.0, "offsetY": 0.0, "offsetZ": 0.0, "rotationX": 0.0, "rotationY": 0.0, "rotationZ": -33.0 },
						"R feet": { "offsetX": 0.0, "offsetY": 0.1, "offsetZ": 0.0, "rotationX": 0.0, "rotationY": 0.0, "rotationZ": 36.0 },
						"R toes": { "offsetX": 0.0, "offsetY": 0.0, "offsetZ": 0.0, "rotationX": 0.0, "rotationY": 0.0, "rotationZ": 3.0 },
						"L leg": { "offsetX": 0.1, "offsetY": 0.0, "offsetZ": 0.0, "rotationX": 0.0, "rotationY": 0.0, "rotationZ": 19.0 },
						"L feet": { "offsetX": 0.0, "offsetY": 0.0, "offsetZ": 0.0, "rotationX": 0.0, "rotationY": 0.0, "rotationZ": 28.0 },
						"L toes": { "offsetX": 0.0, "offsetY": 0.0, "offsetZ": 0.0, "rotationX": 0.0, "rotationY": 0.0, "rotationZ": 19.0 },
						"R wing": { "offsetX": 0.0, "offsetY": 0.0, "offsetZ": 0.0, "rotationX": 0.0, "rotationY": -3.0, "rotationZ": 50.0 },
						"L wing": { "offsetX": 0.0, "offsetY": 0.0, "offsetZ": 0.0, "rotationX": 0.0, "rotationY": 3.0, "rotationZ": 50.0 }
					}
				},
				{
					"frame": 24,
					"elements": {
						"body": { "offsetX": -0.2, "offsetY": -0.2, "offsetZ": 0.0, "rotationX": 0.0, "rotationY": 0.0, "rotationZ": -8.0 },
						"neck": { "offsetX": 0.0, "offsetY": 0.0, "offsetZ": 0.0, "rotationX": 0.0, "rotationY": 0.0, "rotationZ": -17.0 },
						"head": { "offsetX": 0.04, "offsetY": 0.0, "offsetZ": 0.0, "rotationX": 0.0, "rotationY": 0.0, "rotationZ": 30.0 },
						"R leg": { "offsetX": 0.2, "offsetY": -0.4, "offsetZ": 0.0, "rotationX": 0.0, "rotationY": 0.0, "rotationZ": 44.0 },
						"R feet": { "offsetX": 0.0, "offsetY": 0.0, "offsetZ": 0.0, "rotationX": 0.0, "rotationY": 0.0, "rotationZ": 3.0 },
						"R toes": { "offsetX": 0.0, "offsetY": 0.0, "offsetZ": 0.0, "rotationX": 0.0, "rotationY": 0.0, "rotationZ": -33.0 },
						"L leg": { "offsetX": 0.1, "offsetY": 0.2, "offsetZ": 0.0, "rotationX": 0.0, "rotationY": 0.0, "rotationZ": -72.0 },
						"L feet": { "offsetX": -0.2, "offsetY": 0.0, "offsetZ": 0.0, "rotationX": 0.0, "rotationY": 0.0, "rotationZ": 47.0 },
						"L toes": { "offsetX": 0.0, "offsetY": 0.0, "offsetZ": 0.0, "rotationX": 0.0, "rotationY": 0.0, "rotationZ": 28.0 },
						"R wing": { "offsetX": 0.0, "offsetY": 0.0, "offsetZ": 0.0, "rotationX": 0.0, "rotationY": 28.0, "rotationZ": 50.0 },
						"L wing": { "offsetX": 0.0, "offsetY": 0.0, "offsetZ": 0.0, "rotationX": 0.0, "rotationY": -28.0, "rotationZ": 50.0 }
					}
				}
			]
		},

		{
			"name": "Peck",
			"code": "peck",
			"quantityframes": 60,
			"onActivityStopped": "Stop",
			"onAnimationEnd": "Stop",
			"keyframes": [
				{
					"frame": 0,
					"elements": {
						"body": { "offsetX": 0.0, "offsetY": 0.0, "offsetZ": 0.0, "rotationX": 0.0, "rotationY": 0.0, "rotationZ": 0.0 },
						"neck": { "offsetX": 0.0, "offsetY": 0.0, "offsetZ": 0.0, "rotationX": 0.0, "rotationY": 0.0, "rotationZ": 0.0 },
						"head": { "offsetX": 0.0, "offsetY": 0.0, "offsetZ": 0.0, "rotationX": 0.0, "rotationY": 0.0, "rotationZ": 0.0 },
						"R leg": { "offsetX": 0.0, "offsetY": 0.0, "offsetZ": 0.0, "rotationX": 0.0, "rotationY": 0.0, "rotationZ": 0.0 },
						"R feet": { "offsetX": 0.0, "offsetY": 0.0, "offsetZ": 0.0, "rotationX": 0.0, "rotationY": 0.0, "rotationZ": 0.0 },
						"R toes": { "offsetX": 0.0, "offsetY": 0.0, "offsetZ": 0.0, "rotationX": 0.0, "rotationY": 0.0, "rotationZ": 0.0 },
						"L leg": { "offsetX": 0.0, "offsetY": 0.0, "offsetZ": 0.0, "rotationX": 0.0, "rotationY": 0.0, "rotationZ": 0.0 },
						"L feet": { "offsetX": 0.0, "offsetY": 0.0, "offsetZ": 0.0, "rotationX": 0.0, "rotationY": 0.0, "rotationZ": 0.0 },
						"L toes": { "offsetX": 0.0, "offsetY": 0.0, "offsetZ": 0.0, "rotationX": 0.0, "rotationY": 0.0, "rotationZ": 0.0 },
						"R wing": { "offsetX": 0.0, "offsetY": 0.0, "offsetZ": 0.0, "rotationX": 0.0, "rotationY": 0.0, "rotationZ": 0.0 },
						"L wing": { "offsetX": 0.0, "offsetY": 0.0, "offsetZ": 0.0, "rotationX": 0.0, "rotationY": 0.0, "rotationZ": 0.0 }
					}
				},
				{
					"frame": 15,
					"elements": {
						"body": { "offsetX": 0.4, "offsetY": 0.12, "offsetZ": 0.0, "rotationX": 0.0, "rotationY": 0.0, "rotationZ": -15.0 },
						"neck": { "offsetX": 0.0, "offsetY": 0.0, "offsetZ": 0.0, "rotationX": 0.0, "rotationY": 0.0, "rotationZ": -20.0 },
						"head": { "offsetX": 0.0, "offsetY": 0.0, "offsetZ": 0.0, "rotationX": 0.0, "rotationY": 0.0, "rotationZ": 20.0 },
						"R leg": { "offsetX": -0.06, "offsetY": 0.0, "offsetZ": 0.0, "rotationX": 0.0, "rotationY": 0.0, "rotationZ": -15.0 },
						"R feet": { "offsetX": -0.06, "offsetY": 0.0, "offsetZ": 0.0, "rotationX": 0.0, "rotationY": 0.0, "rotationZ": 25.0 },
						"R toes": { "offsetX": 0.0, "offsetY": 0.0, "offsetZ": 0.0, "rotationX": 0.0, "rotationY": 0.0, "rotationZ": 0.0 },
						"L leg": { "offsetX": 0.0, "offsetY": 0.1, "offsetZ": 0.0, "rotationX": 0.0, "rotationY": 0.0, "rotationZ": -35.0 },
						"L feet": { "offsetX": -0.1, "offsetY": 0.2, "offsetZ": 0.0, "rotationX": 0.0, "rotationY": 0.0, "rotationZ": 45.0 },
						"L toes": { "offsetX": 0.0, "offsetY": -0.04, "offsetZ": 0.0, "rotationX": -10.0, "rotationY": -10.0, "rotationZ": -10.0 },
						"R wing": { "offsetX": 0.0, "offsetY": 0.0, "offsetZ": 0.0, "rotationX": 10.0, "rotationY": 40.0, "rotationZ": 22.5 },
						"L wing": { "offsetX": 0.0, "offsetY": 0.0, "offsetZ": 0.0, "rotationX": -10.0, "rotationY": -40.0, "rotationZ": 22.5 }
					}
				},
				{
					"frame": 25,
					"elements": {
						"body": { "offsetX": -0.2, "offsetY": -0.06, "offsetZ": 0.0, "rotationX": 0.0, "rotationY": 0.0, "rotationZ": 0.0 },
						"neck": { "offsetX": -0.04, "offsetY": 0.06, "offsetZ": 0.0, "rotationX": 0.0, "rotationY": 0.0, "rotationZ": 20.0 },
						"head": { "offsetX": -0.1, "offsetY": 0.0, "offsetZ": 0.0, "rotationX": 0.0, "rotationY": 0.0, "rotationZ": -10.0 },
						"R leg": { "offsetX": 0.0, "offsetY": 0.0, "offsetZ": 0.0, "rotationX": 0.0, "rotationY": 0.0, "rotationZ": 0.0 },
						"R feet": { "offsetX": -0.08, "offsetY": 0.0, "offsetZ": 0.0, "rotationX": 0.0, "rotationY": 0.0, "rotationZ": 25.0 },
						"R toes": { "offsetX": 0.0, "offsetY": 0.0, "offsetZ": 0.0, "rotationX": 0.0, "rotationY": 0.0, "rotationZ": -15.0 },
						"L leg": { "offsetX": -0.06, "offsetY": 0.0, "offsetZ": 0.0, "rotationX": 0.0, "rotationY": 0.0, "rotationZ": -20.0 },
						"L feet": { "offsetX": -0.06, "offsetY": 0.0, "offsetZ": 0.0, "rotationX": 0.0, "rotationY": 0.0, "rotationZ": 0.0 },
						"L toes": { "offsetX": 0.0, "offsetY": 0.04, "offsetZ": 0.0, "rotationX": 5.0, "rotationY": 5.0, "rotationZ": 20.0 },
						"R wing": { "offsetX": 0.0, "offsetY": 0.0, "offsetZ": 0.0, "rotationX": 10.0, "rotationY": 15.0, "rotationZ": 22.5 },
						"L wing": { "offsetX": 0.0, "offsetY": 0.0, "offsetZ": 0.0, "rotationX": -10.0, "rotationY": -15.0, "rotationZ": 22.5 }
					}
				},
				{
					"frame": 37,
					"elements": {
						"L leg": { "offsetX": 0.0, "offsetY": 0.1, "offsetZ": 0.0 }
					}
				}
			]
		},

		{
			"name": "Attack",
			"code": "attack",
			"quantityframes": 90,
			"onActivityStopped": "Stop",
			"onAnimationEnd": "Stop",
			"keyframes": [
				{
					"frame": 0,
					"elements": {
						"body": { "offsetX": 0.0, "offsetY": 0.0, "offsetZ": 0.0, "rotationX": 0.0, "rotationY": 0.0, "rotationZ": 0.0 },
						"neck": { "offsetX": 0.0, "offsetY": 0.0, "offsetZ": 0.0, "rotationX": 0.0, "rotationY": 0.0, "rotationZ": 0.0 },
						"head": { "offsetX": 0.0, "offsetY": 0.0, "offsetZ": 0.0, "rotationX": 0.0, "rotationY": 0.0, "rotationZ": 0.0 },
						"R leg": { "offsetX": 0.0, "offsetY": 0.0, "offsetZ": 0.0, "rotationX": 0.0, "rotationY": 0.0, "rotationZ": 0.0 },
						"R feet": { "offsetX": 0.0, "offsetY": 0.0, "offsetZ": 0.0, "rotationX": 0.0, "rotationY": 0.0, "rotationZ": 0.0 },
						"R toes": { "offsetX": 0.0, "offsetY": 0.0, "offsetZ": 0.0, "rotationX": 0.0, "rotationY": 0.0, "rotationZ": 0.0 },
						"L leg": { "offsetX": 0.0, "offsetY": 0.0, "offsetZ": 0.0, "rotationX": 0.0, "rotationY": 0.0, "rotationZ": 0.0 },
						"L feet": { "offsetX": 0.0, "offsetY": 0.0, "offsetZ": 0.0, "rotationX": 0.0, "rotationY": 0.0, "rotationZ": 0.0 },
						"L toes": { "offsetX": 0.0, "offsetY": 0.0, "offsetZ": 0.0, "rotationX": 0.0, "rotationY": 0.0, "rotationZ": 0.0 },
						"R wing": { "offsetX": 0.0, "offsetY": 0.0, "offsetZ": 0.0, "rotationX": 0.0, "rotationY": 0.0, "rotationZ": 0.0 },
						"L wing": { "offsetX": 0.0, "offsetY": 0.0, "offsetZ": 0.0, "rotationX": 0.0, "rotationY": 0.0, "rotationZ": 0.0 }
					}
				},
				{
					"frame": 10,
					"elements": {
						"L leg": { "offsetX": 0.0, "offsetY": 0.18, "offsetZ": 0.0 }
					}
				},
				{
					"frame": 20,
					"elements": {
						"body": { "offsetX": 0.4, "offsetY": -0.06, "offsetZ": 0.0, "rotationX": 0.0, "rotationY": 0.0, "rotationZ": 5.0 },
						"neck": { "offsetX": 0.0, "offsetY": 0.0, "offsetZ": 0.0, "rotationX": 0.0, "rotationY": 0.0, "rotationZ": -20.0 },
						"head": { "offsetX": 0.0, "offsetY": 0.0, "offsetZ": 0.0, "rotationX": 0.0, "rotationY": 0.0, "rotationZ": 10.0 },
						"R leg": { "offsetX": -0.06, "offsetY": 0.08, "offsetZ": 0.0, "rotationX": 0.0, "rotationY": 0.0, "rotationZ": -20.0 },
						"R feet": { "offsetX": 0.0, "offsetY": 0.0, "offsetZ": 0.0, "rotationX": 0.0, "rotationY": 0.0, "rotationZ": -20.0 },
						"R toes": { "offsetX": 0.0, "offsetY": -0.04, "offsetZ": 0.0, "rotationX": 0.0, "rotationY": 0.0, "rotationZ": 60.0 },
						"L leg": { "offsetX": 0.0, "offsetY": 0.04, "offsetZ": 0.0, "rotationX": 0.0, "rotationY": 0.0, "rotationZ": 20.0 },
						"L feet": { "offsetX": 0.0, "offsetY": 0.04, "offsetZ": 0.0, "rotationX": 0.0, "rotationY": 0.0, "rotationZ": 10.0 },
						"L toes": { "offsetX": 0.0, "offsetY": 0.0, "offsetZ": 0.0, "rotationX": 0.0, "rotationY": 0.0, "rotationZ": -10.0 },
						"R wing": { "offsetX": 0.1, "offsetY": 0.2, "offsetZ": 0.0, "rotationX": 60.0, "rotationY": 25.0, "rotationZ": -80.0 },
						"L wing": { "offsetX": 0.1, "offsetY": 0.2, "offsetZ": 0.0, "rotationX": -60.0, "rotationY": -25.0, "rotationZ": -80.0 }
					}
				},
				{
					"frame": 24,
					"elements": {
						"R leg": { "offsetX": -0.04, "offsetY": 0.04, "offsetZ": 0.0, "rotationX": 0.0, "rotationY": 0.0, "rotationZ": 10.0 },
						"R feet": { "offsetX": 0.0, "offsetY": 0.028, "offsetZ": 0.0, "rotationX": 0.0, "rotationY": 0.0, "rotationZ": 5.0 },
						"R toes": { "offsetX": 0.0, "offsetY": -0.04, "offsetZ": 0.0, "rotationX": 0.0, "rotationY": 0.0, "rotationZ": 55.333 },
						"L leg": { "offsetX": -0.04, "offsetY": 0.02, "offsetZ": 0.0, "rotationX": 0.0, "rotationY": 0.0, "rotationZ": -8.0 },
						"L feet": { "offsetX": 0.0187, "offsetY": 0.068, "offsetZ": 0.0, "rotationX": 0.0, "rotationY": 0.0, "rotationZ": -8.667 },
						"L toes": { "offsetX": 0.0, "offsetY": 0.0187, "offsetZ": 0.0, "rotationX": 0.0, "rotationY": 0.0, "rotationZ": 13.333 },
						"R wing": { "rotationX": 10.0, "rotationY": 10.0, "rotationZ": -10.0 },
						"L wing": { "rotationX": -10.0, "rotationY": -10.0, "rotationZ": -10.0 }
					}
				},
				{
					"frame": 28,
					"elements": {
						"body": { "offsetX": -0.8, "offsetY": 0.2, "offsetZ": 0.0 },
						"head": { "offsetX": 0.0, "offsetY": 0.0, "offsetZ": 0.0 },
						"R leg": { "offsetX": -0.02, "offsetY": 0.04, "offsetZ": 0.0, "rotationX": 0.0, "rotationY": 0.0, "rotationZ": 10.0 },
						"R feet": { "offsetX": 0.0, "offsetY": 0.0317, "offsetZ": 0.0, "rotationX": 0.0, "rotationY": 0.0, "rotationZ": 5.0 },
						"R toes": { "offsetX": 0.0, "offsetY": -0.04, "offsetZ": 0.0, "rotationX": 0.0, "rotationY": 0.0, "rotationZ": 54.71 },
						"L leg": { "offsetX": -0.06, "offsetY": 0.02, "offsetZ": 0.0, "rotationX": 0.0, "rotationY": 0.0, "rotationZ": -11.7 },
						"L feet": { "offsetX": 0.02, "offsetY": 0.08, "offsetZ": 0.0, "rotationX": 0.0, "rotationY": 0.0, "rotationZ": -11.2 },
						"L toes": { "offsetX": 0.0, "offsetY": 0.0212, "offsetZ": 0.0, "rotationX": 0.0, "rotationY": 0.0, "rotationZ": 16.45 },
						"R wing": { "offsetX": 0.12, "offsetY": 0.26, "offsetZ": 0.0, "rotationX": 80.0, "rotationY": 0.0, "rotationZ": -70.0 },
						"L wing": { "offsetX": 0.1212, "offsetY": 0.2529, "offsetZ": 0.0, "rotationX": -80.0, "rotationY": 0.0, "rotationZ": -70.0 }
					}
				},
				{
					"frame": 31,
					"elements": {
						"body": { "offsetX": -0.8, "offsetY": 0.2, "offsetZ": 0.0, "rotationX": 0.0, "rotationY": 0.0, "rotationZ": -28.7 },
						"R feet": { "offsetX": 0.0, "offsetY": 0.0367, "offsetZ": 0.0, "rotationX": 0.0, "rotationY": 0.0, "rotationZ": 5.0 },
						"R toes": { "offsetX": 0.0, "offsetY": -0.04, "offsetZ": 0.0, "rotationX": 0.0, "rotationY": 0.0, "rotationZ": 53.879 },
						"L leg": { "offsetX": -0.06, "offsetY": 0.02, "offsetZ": 0.0, "rotationX": 0.0, "rotationY": 0.0, "rotationZ": -16.7 },
						"L feet": { "offsetX": 0.0245, "offsetY": 0.0767, "offsetZ": 0.0, "rotationX": 0.0, "rotationY": 0.0, "rotationZ": -14.485 },
						"L toes": { "offsetX": 0.0, "offsetY": 0.0245, "offsetZ": 0.0, "rotationX": 0.0, "rotationY": 0.0, "rotationZ": 20.606 },
						"R wing": { "rotationX": 10.0, "rotationY": 10.0, "rotationZ": -10.0 },
						"L wing": { "rotationX": -10.0, "rotationY": -10.0, "rotationZ": -10.0 }
					}
				},
				{
					"frame": 35,
					"elements": {
						"body": { "offsetX": -1.0, "offsetY": 0.2, "offsetZ": 0.0, "rotationX": 0.0, "rotationY": 0.0, "rotationZ": -50.0 },
						"neck": { "offsetX": 0.0, "offsetY": 0.0, "offsetZ": 0.0, "rotationX": 0.0, "rotationY": 0.0, "rotationZ": 30.0 },
						"head": { "offsetX": 0.04, "offsetY": 0.0, "offsetZ": 0.0, "rotationX": 0.0, "rotationY": 0.0, "rotationZ": 35.0 },
						"R leg": { "offsetX": 0.0, "offsetY": 0.0, "offsetZ": 0.0, "rotationX": 0.0, "rotationY": 0.0, "rotationZ": -15.0 },
						"R feet": { "offsetX": 0.0, "offsetY": 0.06, "offsetZ": 0.0, "rotationX": 0.0, "rotationY": 0.0, "rotationZ": -10.0 },
						"R toes": { "offsetX": 0.0, "offsetY": -0.04, "offsetZ": 0.0, "rotationX": 0.0, "rotationY": 0.0, "rotationZ": 50.0 },
						"L leg": { "offsetX": -0.1, "offsetY": 0.0, "offsetZ": 0.0, "rotationX": 0.0, "rotationY": 0.0, "rotationZ": -40.0 },
						"L feet": { "offsetX": 0.04, "offsetY": 0.1, "offsetZ": 0.0, "rotationX": 0.0, "rotationY": 0.0, "rotationZ": -30.0 },
						"L toes": { "offsetX": 0.0, "offsetY": 0.04, "offsetZ": 0.0, "rotationX": 0.0, "rotationY": 0.0, "rotationZ": 40.0 },
						"R wing": { "offsetX": 0.14, "offsetY": 0.3, "offsetZ": 0.0, "rotationX": 110.0, "rotationY": 0.0, "rotationZ": -90.0 },
						"L wing": { "offsetX": 0.14, "offsetY": 0.3, "offsetZ": 0.0, "rotationX": -110.0, "rotationY": 0.0, "rotationZ": -90.0 }
					}
				},
				{
					"frame": 38,
					"elements": {
						"L leg": { "offsetX": -0.08, "offsetY": -0.06, "offsetZ": 0.0 },
						"L feet": { "offsetX": 0.0, "offsetY": -0.08, "offsetZ": 0.0 }
					}
				},
				{
					"frame": 41,
					"elements": {
						"body": { "offsetX": -1.2, "offsetY": 0.0, "offsetZ": 0.0 },
						"L leg": { "rotationX": 0.0, "rotationY": 0.0, "rotationZ": -10.0 },
						"L feet": { "rotationX": 0.0, "rotationY": 0.0, "rotationZ": 15.0 },
						"L toes": { "rotationX": 0.0, "rotationY": 0.0, "rotationZ": 50.0 },
						"R leg": { "rotationX": 0.0, "rotationY": 0.0, "rotationZ": 0.0 },
						"R feet": { "rotationX": 0.0, "rotationY": 0.0, "rotationZ": 5.0 }
					}
				},
				{
					"frame": 42,
					"elements": {
						"R leg": { "offsetX": -0.04, "offsetY": 0.04, "offsetZ": 0.0, "rotationX": 0.0, "rotationY": 0.0, "rotationZ": -6.4 },
						"R feet": { "offsetX": 0.0, "offsetY": 0.087, "offsetZ": 0.0, "rotationX": 0.0, "rotationY": 0.0, "rotationZ": 1.786 },
						"R toes": { "offsetX": 0.0, "offsetY": -0.04, "offsetZ": 0.0, "rotationX": 0.0, "rotationY": 0.0, "rotationZ": 45.5 },
						"L leg": { "offsetX": -0.06, "offsetY": 0.04, "offsetZ": 0.0, "rotationX": 0.0, "rotationY": 0.0, "rotationZ": -14.3 },
						"L feet": { "offsetX": 0.02, "offsetY": 0.14, "offsetZ": 0.0, "rotationX": 0.0, "rotationY": 0.0, "rotationZ": 15.0 },
						"L toes": { "offsetX": 0.0, "offsetY": 0.04, "offsetZ": 0.0, "rotationX": 0.0, "rotationY": 0.0, "rotationZ": 41.429 },
						"R wing": { "rotationX": 10.0, "rotationY": 10.0, "rotationZ": -50.0 },
						"L wing": { "rotationX": -10.0, "rotationY": -10.0, "rotationZ": -50.0 }
					}
				},
				{
					"frame": 46,
					"elements": {
						"body": { "offsetX": -1.1, "offsetY": 0.1, "offsetZ": 0.0 },
						"R leg": { "offsetX": -0.04, "offsetY": 0.04, "offsetZ": 0.0, "rotationX": 0.0, "rotationY": 0.0, "rotationZ": -7.3 },
						"R feet": { "offsetX": 0.0, "offsetY": 0.0883, "offsetZ": 0.0, "rotationX": 0.0, "rotationY": 0.0, "rotationZ": 1.332 },
						"R toes": { "offsetX": 0.0, "offsetY": -0.04, "offsetZ": 0.0, "rotationX": 0.0, "rotationY": 0.0, "rotationZ": 45.288 },
						"L leg": { "offsetX": -0.06, "offsetY": 0.04, "offsetZ": 0.0, "rotationX": 0.0, "rotationY": 0.0, "rotationZ": -14.9 },
						"L feet": { "offsetX": 0.0212, "offsetY": 0.1471, "offsetZ": 0.0, "rotationX": 0.0, "rotationY": 0.0, "rotationZ": 15.0 },
						"L toes": { "offsetX": 0.0, "offsetY": 0.04, "offsetZ": 0.0, "rotationX": 0.0, "rotationY": 0.0, "rotationZ": 40.22 },
						"R wing": { "offsetX": 0.12, "offsetY": 0.28, "offsetZ": 0.0, "rotationX": 65.0, "rotationY": 0.0, "rotationZ": -50.0 },
						"L wing": { "rotationX": -65.0, "rotationY": 0.0, "rotationZ": -50.0 }
					}
				},
				{
					"frame": 50,
					"elements": {
						"R leg": { "offsetX": -0.06, "offsetY": 0.06, "offsetZ": 0.0, "rotationX": 0.0, "rotationY": 0.0, "rotationZ": -10.1 },
						"R feet": { "offsetX": 0.0, "offsetY": 0.0921, "offsetZ": 0.0, "rotationX": 0.0, "rotationY": 0.0, "rotationZ": -0.027 },
						"R toes": { "offsetX": 0.0, "offsetY": -0.04, "offsetZ": 0.0, "rotationX": 0.0, "rotationY": 0.0, "rotationZ": 44.654 },
						"L leg": { "offsetX": -0.04, "offsetY": 0.06, "offsetZ": 0.0, "rotationX": 0.0, "rotationY": 0.0, "rotationZ": -16.7 },
						"L feet": { "offsetX": 0.0186, "offsetY": 0.1535, "offsetZ": 0.0, "rotationX": 0.0, "rotationY": 0.0, "rotationZ": 15.0 },
						"L toes": { "offsetX": 0.0, "offsetY": 0.04, "offsetZ": 0.0, "rotationX": 0.0, "rotationY": 0.0, "rotationZ": 36.593 },
						"R wing": { "rotationX": 10.0, "rotationY": 10.0, "rotationZ": -50.0 },
						"L wing": { "rotationX": -10.0, "rotationY": -10.0, "rotationZ": -50.0 }
					}
				},
				{
					"frame": 55,
					"elements": {
						"body": { "offsetX": -1.1, "offsetY": -0.4, "offsetZ": 0.0, "rotationX": 0.0, "rotationY": 0.0, "rotationZ": 10.0 },
						"neck": { "offsetX": 0.0, "offsetY": 0.0, "offsetZ": 0.0, "rotationX": 0.0, "rotationY": 0.0, "rotationZ": -10.0 },
						"head": { "offsetX": 0.0, "offsetY": 0.0, "offsetZ": 0.0, "rotationX": 0.0, "rotationY": 0.0, "rotationZ": 0.0 },
						"R leg": { "offsetX": -0.1, "offsetY": 0.1, "offsetZ": 0.0, "rotationX": 0.0, "rotationY": 0.0, "rotationZ": -30.0 },
						"R feet": { "offsetX": 0.0, "offsetY": 0.12, "offsetZ": 0.0, "rotationX": 0.0, "rotationY": 0.0, "rotationZ": -10.0 },
						"R toes": { "offsetX": 0.0, "offsetY": -0.04, "offsetZ": 0.0, "rotationX": 0.0, "rotationY": 0.0, "rotationZ": 40.0 },
						"L leg": { "offsetX": 0.0, "offsetY": 0.1, "offsetZ": 0.0, "rotationX": 0.0, "rotationY": 0.0, "rotationZ": -30.0 },
						"L feet": { "offsetX": 0.0, "offsetY": 0.2, "offsetZ": 0.0, "rotationX": 0.0, "rotationY": 0.0, "rotationZ": 15.0 },
						"L toes": { "offsetX": 0.0, "offsetY": 0.04, "offsetZ": 0.0, "rotationX": 0.0, "rotationY": 0.0, "rotationZ": 10.0 },
						"R wing": { "offsetX": 0.1, "offsetY": 0.26, "offsetZ": 0.0, "rotationX": 55.0, "rotationY": 15.0, "rotationZ": -60.0 },
						"L wing": { "offsetX": 0.1, "offsetY": 0.26, "offsetZ": 0.0, "rotationX": -55.0, "rotationY": -15.0, "rotationZ": -60.0 }
					}
				},
				{
					"frame": 63,
					"elements": {
						"R leg": { "offsetX": 0.0, "offsetY": 0.26, "offsetZ": 0.0 },
						"L leg": { "offsetX": 0.0, "offsetY": 0.0, "offsetZ": 0.0, "rotationX": 0.0, "rotationY": 0.0, "rotationZ": -30.0 },
						"L feet": { "rotationX": 0.0, "rotationY": 0.0, "rotationZ": 0.0 },
						"L toes": { "rotationX": 0.0, "rotationY": 0.0, "rotationZ": 20.0 }
					}
				},
				{
					"frame": 74,
					"elements": {
						"R leg": { "offsetX": 0.0, "offsetY": 0.0, "offsetZ": 0.0, "rotationX": 0.0, "rotationY": 0.0, "rotationZ": 5.0 },
						"R feet": { "rotationX": 0.0, "rotationY": 0.0, "rotationZ": 10.0 },
						"R toes": { "offsetX": 0.0, "offsetY": 0.02, "offsetZ": 0.0, "rotationX": 0.0, "rotationY": 0.0, "rotationZ": -15.0 }
					}
				},
				{
					"frame": 81,
					"elements": {
						"L leg": { "offsetX": 0.0, "offsetY": 0.16, "offsetZ": 0.0 },
						"L toes": { "rotationX": 0.0, "rotationY": 0.0, "rotationZ": 15.0 }
					}
				}
			]
		},

		{
			"name": "Hurt",
			"code": "hurt",
			"quantityframes": 30,
			"onActivityStopped": "PlayTillEnd",
			"onAnimationEnd": "Stop",
			"keyframes": [
				{
					"frame": 0,
					"elements": {
						"body": { "offsetX": 0.0, "offsetY": 0.0, "offsetZ": 0.0, "rotationX": 0.0, "rotationY": 0.0, "rotationZ": 0.0 },
						"neck": { "offsetX": 0.0, "offsetY": 0.0, "offsetZ": 0.0, "rotationX": 0.0, "rotationY": 0.0, "rotationZ": 0.0 },
						"head": { "offsetX": 0.0, "offsetY": 0.0, "offsetZ": 0.0, "rotationX": 0.0, "rotationY": 0.0, "rotationZ": 0.0 },
						"R leg": { "offsetX": 0.0, "offsetY": 0.0, "offsetZ": 0.0, "rotationX": 0.0, "rotationY": 0.0, "rotationZ": 0.0 },
						"R feet": { "offsetX": 0.0, "offsetY": 0.0, "offsetZ": 0.0, "rotationX": 0.0, "rotationY": 0.0, "rotationZ": 0.0 },
						"R toes": { "offsetX": 0.0, "offsetY": 0.0, "offsetZ": 0.0, "rotationX": 0.0, "rotationY": 0.0, "rotationZ": 0.0 },
						"L leg": { "offsetX": 0.0, "offsetY": 0.0, "offsetZ": 0.0, "rotationX": 0.0, "rotationY": 0.0, "rotationZ": 0.0 },
						"L feet": { "offsetX": 0.0, "offsetY": 0.0, "offsetZ": 0.0, "rotationX": 0.0, "rotationY": 0.0, "rotationZ": 0.0 },
						"L toes": { "offsetX": 0.0, "offsetY": 0.0, "offsetZ": 0.0, "rotationX": 0.0, "rotationY": 0.0, "rotationZ": 0.0 },
						"R wing": { "offsetX": 0.0, "offsetY": 0.0, "offsetZ": 0.0, "rotationX": 0.0, "rotationY": 0.0, "rotationZ": 0.0 },
						"L wing": { "offsetX": 0.0, "offsetY": 0.0, "offsetZ": 0.0, "rotationX": 0.0, "rotationY": 0.0, "rotationZ": 0.0 }
					}
				},
				{
					"frame": 6,
					"elements": {
						"body": { "offsetX": 0.0, "offsetY": 0.0, "offsetZ": 0.0, "rotationX": 0.0, "rotationY": 0.0, "rotationZ": -15.0 },
						"neck": { "offsetX": 0.0, "offsetY": 0.0, "offsetZ": 0.0, "rotationX": 0.0, "rotationY": 0.0, "rotationZ": -15.0 },
						"head": { "offsetX": 0.0, "offsetY": 0.0, "offsetZ": 0.0, "rotationX": 0.0, "rotationY": 0.0, "rotationZ": 5.0 },
						"R leg": { "offsetX": 0.0, "offsetY": 0.0, "offsetZ": 0.0, "rotationX": 5.0, "rotationY": -5.0, "rotationZ": 0.0 },
						"R feet": { "offsetX": 0.0, "offsetY": 0.0, "offsetZ": 0.0, "rotationX": 0.0, "rotationY": 0.0, "rotationZ": 10.0 },
						"R toes": { "offsetX": 0.0, "offsetY": 0.0, "offsetZ": 0.0, "rotationX": 0.0, "rotationY": 0.0, "rotationZ": 0.0 },
						"L leg": { "offsetX": 0.0, "offsetY": 0.0, "offsetZ": 0.0, "rotationX": 0.0, "rotationY": 0.0, "rotationZ": 10.0 },
						"L feet": { "offsetX": 0.0, "offsetY": 0.0, "offsetZ": 0.0, "rotationX": 0.0, "rotationY": 0.0, "rotationZ": 10.0 },
						"L toes": { "offsetX": 0.0, "offsetY": 0.0, "offsetZ": 0.0, "rotationX": 0.0, "rotationY": 0.0, "rotationZ": 5.0 },
						"R wing": { "offsetX": 0.0, "offsetY": 0.0, "offsetZ": 0.0, "rotationX": 36.0, "rotationY": 36.0, "rotationZ": 8.0 },
						"L wing": { "offsetX": 0.0, "offsetY": 0.0, "offsetZ": 0.0, "rotationX": -36.0, "rotationY": -36.0, "rotationZ": 8.0 }
					}
				}
			]
		},

		{
			"name": "Idle",
			"code": "idle",
			"quantityframes": 30,
			"onActivityStopped": "EaseOut",
			"onAnimationEnd": "Repeat",
			"keyframes": [
				{
					"frame": 0,
					"elements": {
						"body": { "offsetX": 0.0, "offsetY": 0.0, "offsetZ": 0.0, "rotationX": 0.0, "rotationY": 0.0, "rotationZ": 0.0 },
						"neck": { "offsetX": 0.0, "offsetY": 0.0, "offsetZ": 0.0, "rotationX": 0.0, "rotationY": 0.0, "rotationZ": 0.0 },
						"head": { "offsetX": 0.0, "offsetY": 0.0, "offsetZ": 0.0, "rotationX": 0.0, "rotationY": 0.0, "rotationZ": 0.0 },
						"R leg": { "offsetX": 0.0, "offsetY": 0.0, "offsetZ": 0.0, "rotationX": 0.0, "rotationY": 0.0, "rotationZ": 0.0 },
						"R feet": { "offsetX": 0.0, "offsetY": 0.0, "offsetZ": 0.0, "rotationX": 0.0, "rotationY": 0.0, "rotationZ": 0.0 },
						"R toes": { "offsetX": 0.0, "offsetY": 0.0, "offsetZ": 0.0, "rotationX": 0.0, "rotationY": 0.0, "rotationZ": 0.0 },
						"L leg": { "offsetX": 0.0, "offsetY": 0.0, "offsetZ": 0.0, "rotationX": 0.0, "rotationY": 0.0, "rotationZ": 0.0 },
						"L feet": { "offsetX": 0.0, "offsetY": 0.0, "offsetZ": 0.0, "rotationX": 0.0, "rotationY": 0.0, "rotationZ": 0.0 },
						"L toes": { "offsetX": 0.0, "offsetY": 0.0, "offsetZ": 0.0, "rotationX": 0.0, "rotationY": 0.0, "rotationZ": 0.0 },
						"R wing": { "rotationX": 0.0, "rotationY": 0.0, "rotationZ": 0.0 },
						"L wing": { "rotationX": 0.0, "rotationY": 0.0, "rotationZ": 0.0 }
					}
				},
				{
					"frame": 15,
					"elements": {
						"body": { "offsetX": 0.0, "offsetY": 0.0, "offsetZ": 0.0, "rotationX": 0.0, "rotationY": 0.0, "rotationZ": -1.0 },
						"neck": { "offsetX": 0.0, "offsetY": 0.0, "offsetZ": 0.0, "rotationX": 0.0, "rotationY": 0.0, "rotationZ": 1.0 },
						"head": { "offsetX": 0.0, "offsetY": 0.0, "offsetZ": 0.0, "rotationX": 0.0, "rotationY": 0.0, "rotationZ": 0.0 },
						"R leg": { "offsetX": 0.0, "offsetY": 0.0, "offsetZ": 0.0, "rotationX": 0.0, "rotationY": 0.0, "rotationZ": 1.0 },
						"R feet": { "offsetX": 0.0, "offsetY": 0.0, "offsetZ": 0.0, "rotationX": 0.0, "rotationY": 0.0, "rotationZ": 0.0 },
						"R toes": { "offsetX": 0.0, "offsetY": 0.0, "offsetZ": 0.0, "rotationX": 0.0, "rotationY": 0.0, "rotationZ": 0.0 },
						"L leg": { "offsetX": 0.0, "offsetY": 0.0, "offsetZ": 0.0, "rotationX": 0.0, "rotationY": 0.0, "rotationZ": 1.0 },
						"L feet": { "offsetX": 0.0, "offsetY": 0.0, "offsetZ": 0.0, "rotationX": 0.0, "rotationY": 0.0, "rotationZ": 0.0 },
						"L toes": { "offsetX": 0.0, "offsetY": 0.0, "offsetZ": 0.0, "rotationX": 0.0, "rotationY": 0.0, "rotationZ": 0.0 },
						"R wing": { "rotationX": 0.0, "rotationY": 0.0, "rotationZ": 0.0 },
						"L wing": { "rotationX": 0.0, "rotationY": 0.0, "rotationZ": 0.0 }
					}
				}
			]
		},

		{
			"name": "Run2",
			"code": "run2",
			"quantityframes": 30,
			"onActivityStopped": "EaseOut",
			"onAnimationEnd": "Repeat",
			"keyframes": [
				{
					"frame": 0,
					"elements": {
						"body": { "offsetX": 0.0, "offsetY": -0.08, "offsetZ": 0.0, "rotationX": 4.0, "rotationY": 0.0, "rotationZ": 25.0 },
						"R leg": { "offsetX": 0.32, "offsetY": -0.4, "offsetZ": 0.0, "rotationX": 0.0, "rotationY": -2.0, "rotationZ": 15.0 },
						"R feet": { "rotationX": 0.0, "rotationY": 0.0, "rotationZ": 5.0 },
						"R toes": { "rotationX": 0.0, "rotationY": 0.0, "rotationZ": 59.0 },
						"L leg": { "offsetX": -0.12, "offsetY": 0.04, "offsetZ": 0.0, "rotationX": -4.0, "rotationY": -2.0, "rotationZ": -21.0 },
						"L feet": { "offsetX": 0.0, "offsetY": 0.0, "offsetZ": 0.0, "rotationX": 0.0, "rotationY": 0.0, "rotationZ": -70.0 },
						"L toes": { "offsetX": 0.16, "offsetY": 0.1, "offsetZ": 0.0, "rotationX": 0.0, "rotationY": 0.0, "rotationZ": 66.0 },
						"neck": { "rotationX": 0.0, "rotationY": 0.0, "rotationZ": 37.0 },
						"head": { "offsetX": -0.2, "offsetY": -0.08, "offsetZ": 0.0, "rotationX": 0.0, "rotationY": 2.0, "rotationZ": -54.0 },
						"comb up": { "rotationX": 0.0, "rotationY": 0.0, "rotationZ": -1.0 },
						"R wing": { "offsetX": 0.04, "offsetY": -0.1, "offsetZ": 0.02, "rotationX": 5.0, "rotationY": 0.0, "rotationZ": 0.0 },
						"L wing": { "offsetX": 0.04, "offsetY": -0.1, "offsetZ": -0.02, "rotationX": -5.0, "rotationY": 0.0, "rotationZ": 0.0 },
						"R back feather": { "rotationX": 0.0, "rotationY": 0.0, "rotationZ": -12.0 },
						"Cube27": { "offsetX": -0.06, "offsetY": 0.0, "offsetZ": 0.0, "rotationX": 0.0, "rotationY": 0.0, "rotationZ": 31.0 },
						"Middle back feather": { "rotationX": 0.0, "rotationY": 0.0, "rotationZ": -10.0 },
						"Cube28": { "offsetX": -0.04, "offsetY": 0.0, "offsetZ": 0.0, "rotationX": 0.0, "rotationY": 0.0, "rotationZ": 17.0 },
						"L back feather": { "rotationX": 0.0, "rotationY": 0.0, "rotationZ": -12.0 },
						"Cube31": { "offsetX": -0.04, "offsetY": 0.0, "offsetZ": 0.0, "rotationX": 0.0, "rotationY": 0.0, "rotationZ": 16.0 }
					}
				},
				{
					"frame": 5,
					"elements": {
						"body": { "offsetX": 0.0, "offsetY": -0.14, "offsetZ": 0.0, "rotationX": 2.0, "rotationY": 0.0, "rotationZ": 22.0 },
						"neck": { "offsetX": -0.02, "offsetY": 0.02, "offsetZ": 0.0, "rotationX": 0.0, "rotationY": 0.0, "rotationZ": 42.0 },
						"head": { "offsetX": -0.16, "offsetY": -0.1, "offsetZ": 0.0, "rotationX": 0.0, "rotationY": 1.0, "rotationZ": -54.0 },
						"comb up": { "rotationX": 0.0, "rotationY": 0.0, "rotationZ": 0.0 },
						"R leg": { "offsetX": 0.32, "offsetY": -0.4, "offsetZ": 0.0, "rotationX": 0.0, "rotationY": -3.0, "rotationZ": 30.0 },
						"R feet": { "rotationX": 0.0, "rotationY": 0.0, "rotationZ": 6.0 },
						"R toes": { "offsetX": 0.02, "offsetY": -0.06, "offsetZ": 0.0, "rotationX": 0.0, "rotationY": 0.0, "rotationZ": 80.0 },
						"L leg": { "offsetX": -0.22, "offsetY": -0.2, "offsetZ": 0.0, "rotationX": 0.0, "rotationY": -3.0, "rotationZ": -63.0 },
						"L feet": { "rotationX": 0.0, "rotationY": 0.0, "rotationZ": -29.0 },
						"L toes": { "offsetX": 0.22, "offsetY": 0.1, "offsetZ": 0.0, "rotationX": 0.0, "rotationY": 0.0, "rotationZ": 102.0 }
					}
				},
				{
					"frame": 10,
					"elements": {
						"body": { "offsetX": 0.0, "offsetY": -0.12, "offsetZ": 0.0, "rotationX": 0.0, "rotationY": 0.0, "rotationZ": 20.0 },
						"neck": { "offsetX": -0.02, "offsetY": 0.02, "offsetZ": 0.0, "rotationX": 0.0, "rotationY": 0.0, "rotationZ": 42.0 },
						"head": { "offsetX": -0.16, "offsetY": -0.1, "offsetZ": 0.0, "rotationX": 0.0, "rotationY": 0.0, "rotationZ": -54.0 },
						"comb up": { "rotationX": 0.0, "rotationY": 0.0, "rotationZ": -1.0 },
						"R leg": { "offsetX": 0.14, "offsetY": 0.12, "offsetZ": 0.0, "rotationX": 0.0, "rotationY": 2.0, "rotationZ": -8.0 },
						"R feet": { "offsetX": 0.0, "offsetY": 0.12, "offsetZ": 0.0, "rotationX": 0.0, "rotationY": 0.0, "rotationZ": -70.0 },
						"R toes": { "offsetX": 0.02, "offsetY": -0.06, "offsetZ": 0.0, "rotationX": 0.0, "rotationY": 0.0, "rotationZ": 80.0 },
						"L leg": { "offsetX": 0.06, "offsetY": 0.0, "offsetZ": 0.0, "rotationX": 0.0, "rotationY": 2.0, "rotationZ": 7.0 },
						"L feet": { "offsetX": -0.04, "offsetY": 0.12, "offsetZ": 0.0, "rotationX": 0.0, "rotationY": 0.0, "rotationZ": -2.0 },
						"L toes": { "offsetX": 0.04, "offsetY": 0.1, "offsetZ": 0.0, "rotationX": 0.0, "rotationY": 0.0, "rotationZ": 28.0 }
					}
				},
				{
					"frame": 15,
					"elements": {
						"body": { "offsetX": 0.0, "offsetY": -0.08, "offsetZ": 0.0, "rotationX": -2.0, "rotationY": 0.0, "rotationZ": 25.0 },
						"neck": { "rotationX": 0.0, "rotationY": 0.0, "rotationZ": 37.0 },
						"head": { "offsetX": -0.2, "offsetY": -0.08, "offsetZ": 0.0, "rotationX": 0.0, "rotationY": -2.0, "rotationZ": -54.0 },
						"comb up": { "rotationX": 0.0, "rotationY": 0.0, "rotationZ": 0.0 },
						"R leg": { "offsetX": -0.12, "offsetY": 0.04, "offsetZ": 0.0, "rotationX": 4.0, "rotationY": 3.0, "rotationZ": -21.0 },
						"R feet": { "offsetX": 0.0, "offsetY": 0.0, "offsetZ": 0.0, "rotationX": 0.0, "rotationY": 0.0, "rotationZ": -70.0 },
						"R toes": { "offsetX": 0.02, "offsetY": -0.06, "offsetZ": 0.0, "rotationX": 0.0, "rotationY": 0.0, "rotationZ": 66.0 },
						"L leg": { "offsetX": 0.32, "offsetY": -0.4, "offsetZ": 0.0, "rotationX": 0.0, "rotationY": 3.0, "rotationZ": 15.0 },
						"L feet": { "rotationX": 0.0, "rotationY": 0.0, "rotationZ": 5.0 },
						"L toes": { "offsetX": 0.16, "offsetY": 0.1, "offsetZ": 0.0, "rotationX": 0.0, "rotationY": 0.0, "rotationZ": 59.0 },
						"R wing": { "offsetX": 0.14, "offsetY": -0.14, "offsetZ": 0.08, "rotationX": 15.0, "rotationY": 0.0, "rotationZ": 0.0 },
						"L wing": { "offsetX": 0.14, "offsetY": -0.14, "offsetZ": -0.08, "rotationX": -15.0, "rotationY": 0.0, "rotationZ": 0.0 }
					}
				},
				{
					"frame": 20,
					"elements": {
						"body": { "offsetX": 0.0, "offsetY": -0.14, "offsetZ": 0.0, "rotationX": -4.0, "rotationY": 0.0, "rotationZ": 22.0 },
						"neck": { "offsetX": -0.02, "offsetY": 0.02, "offsetZ": 0.0, "rotationX": 0.0, "rotationY": 0.0, "rotationZ": 42.0 },
						"head": { "offsetX": -0.16, "offsetY": -0.1, "offsetZ": 0.0, "rotationX": 0.0, "rotationY": -1.0, "rotationZ": -54.0 },
						"comb up": { "rotationX": 0.0, "rotationY": 0.0, "rotationZ": -1.0 },
						"R leg": { "offsetX": -0.22, "offsetY": -0.2, "offsetZ": 0.0, "rotationX": 0.0, "rotationY": 0.0, "rotationZ": -63.0 },
						"R feet": { "rotationX": 0.0, "rotationY": 0.0, "rotationZ": -30.0 },
						"R toes": { "offsetX": 0.02, "offsetY": -0.1, "offsetZ": 0.0, "rotationX": 0.0, "rotationY": 0.0, "rotationZ": 99.0 },
						"L leg": { "offsetX": 0.32, "offsetY": -0.4, "offsetZ": 0.0, "rotationX": 0.0, "rotationY": 0.0, "rotationZ": 30.0 },
						"L feet": { "rotationX": 0.0, "rotationY": 0.0, "rotationZ": 6.0 },
						"L toes": { "offsetX": 0.22, "offsetY": 0.1, "offsetZ": 0.0, "rotationX": 0.0, "rotationY": 0.0, "rotationZ": 80.0 }
					}
				},
				{
					"frame": 25,
					"elements": {
						"body": { "offsetX": 0.0, "offsetY": -0.12, "offsetZ": 0.0, "rotationX": 0.0, "rotationY": 0.0, "rotationZ": 20.0 },
						"neck": { "offsetX": -0.02, "offsetY": 0.02, "offsetZ": 0.0, "rotationX": 0.0, "rotationY": 0.0, "rotationZ": 42.0 },
						"head": { "offsetX": -0.16, "offsetY": -0.1, "offsetZ": 0.0, "rotationX": 0.0, "rotationY": 0.0, "rotationZ": -54.0 },
						"comb up": { "rotationX": 0.0, "rotationY": 0.0, "rotationZ": 0.0 },
						"R leg": { "offsetX": 0.06, "offsetY": 0.0, "offsetZ": 0.0, "rotationX": 0.0, "rotationY": 0.0, "rotationZ": 7.0 },
						"R feet": { "offsetX": -0.04, "offsetY": 0.12, "offsetZ": 0.0, "rotationX": 0.0, "rotationY": 0.0, "rotationZ": -2.0 },
						"R toes": { "offsetX": 0.02, "offsetY": -0.06, "offsetZ": 0.0, "rotationX": 0.0, "rotationY": 0.0, "rotationZ": 80.0 },
						"L leg": { "offsetX": 0.14, "offsetY": 0.12, "offsetZ": 0.0, "rotationX": 0.0, "rotationY": 0.0, "rotationZ": -8.0 },
						"L feet": { "offsetX": 0.0, "offsetY": 0.12, "offsetZ": 0.0, "rotationX": 0.0, "rotationY": 0.0, "rotationZ": -70.0 },
						"L toes": { "offsetX": 0.04, "offsetY": 0.1, "offsetZ": 0.0, "rotationX": 0.0, "rotationY": 0.0, "rotationZ": 28.0 }
					}
				}
			]
		},

		{
			"name": "RoosterCall",
			"code": "gradecall",
			"quantityframes": 80,
			"onActivityStopped": "EaseOut",
			"onAnimationEnd": "Stop",
			"keyframes": [
				{
					"frame": 0,
					"elements": {
						"body": { "offsetX": 0.0, "offsetY": 0.0, "offsetZ": 0.0, "rotationX": 0.0, "rotationY": 0.0, "rotationZ": 0.0 },
						"R leg": { "offsetX": 0.0, "offsetY": 0.0, "offsetZ": 0.0, "rotationX": 0.0, "rotationY": 0.0, "rotationZ": 0.0 },
						"L leg": { "offsetX": 0.0, "offsetY": 0.0, "offsetZ": 0.0, "rotationX": 0.0, "rotationY": 0.0, "rotationZ": 0.0 },
						"neck": { "rotationX": 0.0, "rotationY": 0.0, "rotationZ": 0.0 },
						"head": { "offsetX": 0.0, "offsetY": 0.0, "offsetZ": 0.0, "rotationX": 0.0, "rotationY": 0.0, "rotationZ": 0.0 },
						"R wing": { "offsetX": 0.0, "offsetY": 0.0, "offsetZ": 0.0, "rotationX": 0.0, "rotationY": 0.0, "rotationZ": 0.0 },
						"L wing": { "offsetX": 0.0, "offsetY": 0.0, "offsetZ": 0.0, "rotationX": 0.0, "rotationY": 0.0, "rotationZ": 0.0 }
					}
				},
				{
					"frame": 10,
					"elements": {
						"body": { "offsetX": 0.04, "offsetY": 0.04, "offsetZ": 0.0, "rotationX": 0.0, "rotationY": 0.0, "rotationZ": -30.0 },
						"neck": { "rotationX": 0.0, "rotationY": 0.0, "rotationZ": 16.0 },
						"head": { "offsetX": 0.02, "offsetY": 0.04, "offsetZ": 0.0, "rotationX": 0.0, "rotationY": 0.0, "rotationZ": 5.0 },
						"R leg": { "offsetX": 0.0, "offsetY": -0.1, "offsetZ": 0.0, "rotationX": 0.0, "rotationY": 0.0, "rotationZ": 30.0 },
						"L leg": { "offsetX": 0.0, "offsetY": -0.1, "offsetZ": 0.0, "rotationX": 0.0, "rotationY": 0.0, "rotationZ": 30.0 },
						"R wing": { "offsetX": -0.04, "offsetY": 0.0, "offsetZ": 0.0, "rotationX": 14.0, "rotationY": 0.0, "rotationZ": 0.0 },
						"L wing": { "offsetX": -0.04, "offsetY": 0.0, "offsetZ": 0.0, "rotationX": -14.0, "rotationY": 0.0, "rotationZ": 0.0 }
					}
				},
				{
					"frame": 15,
					"elements": {
						"body": { "offsetX": 0.04, "offsetY": 0.04, "offsetZ": 0.0, "rotationX": 0.0, "rotationY": 0.0, "rotationZ": -35.0 },
						"neck": { "offsetX": 0.0, "offsetY": -0.02, "offsetZ": 0.0, "rotationX": 0.0, "rotationY": 0.0, "rotationZ": 25.0 },
						"head": { "offsetX": 0.0, "offsetY": 0.02, "offsetZ": 0.0, "rotationX": 0.0, "rotationY": 0.0, "rotationZ": -5.0 },
						"R leg": { "offsetX": 0.0, "offsetY": -0.1, "offsetZ": 0.0, "rotationX": 0.0, "rotationY": 0.0, "rotationZ": 35.0 },
						"L leg": { "offsetX": 0.0, "offsetY": -0.1, "offsetZ": 0.0, "rotationX": 0.0, "rotationY": 0.0, "rotationZ": 35.0 }
					}
				},
				{
					"frame": 20,
					"elements": {
						"body": { "offsetX": 0.04, "offsetY": 0.04, "offsetZ": 0.0, "rotationX": 0.0, "rotationY": 0.0, "rotationZ": -34.0 },
						"neck": { "offsetX": 0.0, "offsetY": -0.02, "offsetZ": 0.0, "rotationX": 0.0, "rotationY": 0.0, "rotationZ": 25.0 },
						"head": { "offsetX": -0.04, "offsetY": 0.02, "offsetZ": 0.0, "rotationX": 0.0, "rotationY": 0.0, "rotationZ": -12.0 },
						"R leg": { "offsetX": 0.0, "offsetY": -0.1, "offsetZ": 0.0, "rotationX": 0.0, "rotationY": 0.0, "rotationZ": 34.0 },
						"L leg": { "offsetX": 0.0, "offsetY": -0.1, "offsetZ": 0.0, "rotationX": 0.0, "rotationY": 0.0, "rotationZ": 34.0 }
					}
				},
				{
					"frame": 35,
					"elements": {
						"body": { "offsetX": 0.04, "offsetY": 0.04, "offsetZ": 0.0, "rotationX": 0.0, "rotationY": 0.0, "rotationZ": -35.0 },
						"neck": { "offsetX": 0.0, "offsetY": -0.02, "offsetZ": 0.0, "rotationX": 0.0, "rotationY": 0.0, "rotationZ": 25.0 },
						"head": { "offsetX": 0.0, "offsetY": 0.02, "offsetZ": 0.0, "rotationX": 0.0, "rotationY": 0.0, "rotationZ": -5.0 },
						"R leg": { "offsetX": 0.0, "offsetY": -0.1, "offsetZ": 0.0, "rotationX": 0.0, "rotationY": 0.0, "rotationZ": 35.0 },
						"L leg": { "offsetX": 0.0, "offsetY": -0.1, "offsetZ": 0.0, "rotationX": 0.0, "rotationY": 0.0, "rotationZ": 35.0 }
					}
				},
				{
					"frame": 40,
					"elements": {
						"body": { "offsetX": 0.04, "offsetY": 0.04, "offsetZ": 0.0, "rotationX": 0.0, "rotationY": 0.0, "rotationZ": -36.0 },
						"neck": { "offsetX": 0.0, "offsetY": -0.02, "offsetZ": 0.0, "rotationX": 0.0, "rotationY": 0.0, "rotationZ": 25.0 },
						"head": { "offsetX": -0.04, "offsetY": 0.02, "offsetZ": 0.0, "rotationX": 0.0, "rotationY": 0.0, "rotationZ": -12.0 },
						"R leg": { "offsetX": 0.0, "offsetY": -0.1, "offsetZ": 0.0, "rotationX": 0.0, "rotationY": 0.0, "rotationZ": 36.0 },
						"L leg": { "offsetX": 0.0, "offsetY": -0.1, "offsetZ": 0.0, "rotationX": 0.0, "rotationY": 0.0, "rotationZ": 36.0 }
					}
				},
				{
					"frame": 45,
					"elements": {
						"body": { "offsetX": 0.04, "offsetY": 0.04, "offsetZ": 0.0, "rotationX": 0.0, "rotationY": 0.0, "rotationZ": -33.0 },
						"neck": { "offsetX": 0.0, "offsetY": -0.02, "offsetZ": 0.0, "rotationX": 0.0, "rotationY": 0.0, "rotationZ": 14.0 },
						"head": { "offsetX": 0.0, "offsetY": 0.04, "offsetZ": 0.0, "rotationX": 0.0, "rotationY": 0.0, "rotationZ": 0.0 },
						"R leg": { "offsetX": 0.0, "offsetY": -0.1, "offsetZ": 0.0, "rotationX": 0.0, "rotationY": 0.0, "rotationZ": 33.0 },
						"L leg": { "offsetX": 0.0, "offsetY": -0.1, "offsetZ": 0.0, "rotationX": 0.0, "rotationY": 0.0, "rotationZ": 33.0 }
					}
				},
				{
					"frame": 50,
					"elements": {
						"body": { "offsetX": 0.04, "offsetY": 0.04, "offsetZ": 0.0, "rotationX": 0.0, "rotationY": 0.0, "rotationZ": -33.0 },
						"neck": { "offsetX": 0.0, "offsetY": 0.02, "offsetZ": 0.0, "rotationX": 0.0, "rotationY": 0.0, "rotationZ": 26.0 },
						"head": { "offsetX": 0.0, "offsetY": 0.02, "offsetZ": 0.0, "rotationX": 0.0, "rotationY": 0.0, "rotationZ": -4.0 },
						"R leg": { "offsetX": 0.0, "offsetY": -0.1, "offsetZ": 0.0, "rotationX": 0.0, "rotationY": 0.0, "rotationZ": 33.0 },
						"L leg": { "offsetX": 0.0, "offsetY": -0.1, "offsetZ": 0.0, "rotationX": 0.0, "rotationY": 0.0, "rotationZ": 33.0 }
					}
				},
				{
					"frame": 75,
					"elements": {
						"body": { "offsetX": 0.04, "offsetY": 0.04, "offsetZ": 0.0, "rotationX": 0.0, "rotationY": 0.0, "rotationZ": -27.0 },
						"neck": { "offsetX": -0.04, "offsetY": 0.06, "offsetZ": 0.0, "rotationX": 0.0, "rotationY": 0.0, "rotationZ": 40.0 },
						"head": { "offsetX": -0.06, "offsetY": 0.0, "offsetZ": 0.0, "rotationX": 0.0, "rotationY": 0.0, "rotationZ": -30.0 },
						"R leg": { "offsetX": 0.0, "offsetY": -0.1, "offsetZ": 0.0, "rotationX": 0.0, "rotationY": 0.0, "rotationZ": 27.0 },
						"L leg": { "offsetX": 0.0, "offsetY": -0.1, "offsetZ": 0.0, "rotationX": 0.0, "rotationY": 0.0, "rotationZ": 27.0 }
					}
				}
			]
		},

		{
			"name": "Hurt2",
			"code": "hurt2",
			"quantityframes": 30,
			"onActivityStopped": "PlayTillEnd",
			"onAnimationEnd": "Stop",
			"keyframes": [
				{
					"frame": 0,
					"elements": {
						"body": { "offsetX": 0.0, "offsetY": 0.0, "offsetZ": 0.0, "rotationX": 0.0, "rotationY": 0.0, "rotationZ": 0.0 },
						"L leg": { "offsetX": 0.0, "offsetY": 0.0, "offsetZ": 0.0, "rotationX": 0.0, "rotationY": 0.0, "rotationZ": 0.0 },
						"L feet": { "offsetX": 0.0, "offsetY": 0.0, "offsetZ": 0.0, "rotationX": 0.0, "rotationY": 0.0, "rotationZ": 0.0 },
						"R leg": { "offsetX": 0.0, "offsetY": 0.0, "offsetZ": 0.0, "rotationX": 0.0, "rotationY": 0.0, "rotationZ": 0.0 },
						"R feet": { "offsetX": 0.0, "offsetY": 0.0, "offsetZ": 0.0, "rotationX": 0.0, "rotationY": 0.0, "rotationZ": 0.0 },
						"R wing": { "rotationX": 0.0, "rotationY": 0.0, "rotationZ": 0.0 },
						"L wing": { "rotationX": 0.0, "rotationY": 0.0, "rotationZ": 0.0 }
					}
				},
				{
					"frame": 5,
					"elements": {
						"body": { "offsetX": 0.1, "offsetY": -0.1, "offsetZ": 0.0, "rotationX": 0.0, "rotationY": 0.0, "rotationZ": -10.0 },
						"R leg": { "offsetX": -0.1, "offsetY": 0.0, "offsetZ": 0.0, "rotationX": 0.0, "rotationY": 0.0, "rotationZ": 22.0 },
						"R feet": { "offsetX": 0.0, "offsetY": 0.1, "offsetZ": 0.0, "rotationX": 0.0, "rotationY": 0.0, "rotationZ": -10.0 },
						"L leg": { "offsetX": -0.1, "offsetY": 0.0, "offsetZ": 0.0, "rotationX": 0.0, "rotationY": 0.0, "rotationZ": 22.0 },
						"L feet": { "offsetX": 0.0, "offsetY": 0.1, "offsetZ": 0.0, "rotationX": 0.0, "rotationY": 0.0, "rotationZ": -10.0 },
						"R wing": { "rotationX": 150.0, "rotationY": 0.0, "rotationZ": -30.0 },
						"L wing": { "rotationX": -150.0, "rotationY": 0.0, "rotationZ": -30.0 }
					}
				}
			]
		},

		{
			"name": "Sit",
			"code": "sit",
			"quantityframes": 30,
			"onActivityStopped": "EaseOut",
			"onAnimationEnd": "Repeat",
			"keyframes": [
				{
					"frame": 0,
					"elements": {
						"body": { "offsetX": 0.0, "offsetY": -0.6, "offsetZ": 0.0, "rotationX": 0.0, "rotationY": 0.0, "rotationZ": 11.0 },
						"R leg": { "offsetX": 0.2, "offsetY": -0.2, "offsetZ": 0.0, "rotationX": 0.0, "rotationY": 0.0, "rotationZ": 17.0 },
						"R feet": { "rotationX": 0.0, "rotationY": 0.0, "rotationZ": -114.0 },
						"R toes": { "offsetX": 0.0, "offsetY": -0.16, "offsetZ": 0.0, "rotationX": 0.0, "rotationY": 0.0, "rotationZ": 75.0 },
						"L leg": { "offsetX": 0.2, "offsetY": -0.2, "offsetZ": 0.0, "rotationX": 0.0, "rotationY": 0.0, "rotationZ": 30.0 },
						"L feet": { "rotationX": 0.0, "rotationY": 0.0, "rotationZ": -122.0 },
						"L toes": { "rotationX": 0.0, "rotationY": 0.0, "rotationZ": 78.0 },
						"neck": { "offsetX": 0.0, "offsetY": -0.2, "offsetZ": 0.0 },
						"head": { "rotationX": 0.0, "rotationY": 0.0, "rotationZ": 0.0 }
					}
				},
				{
					"frame": 15,
					"elements": {
						"body": { "offsetX": 0.0, "offsetY": -0.6, "offsetZ": 0.0, "rotationX": 0.0, "rotationY": 0.0, "rotationZ": 10.0 },
						"neck": { "offsetX": 0.0, "offsetY": -0.2, "offsetZ": 0.0 },
						"head": { "rotationX": 0.0, "rotationY": 0.0, "rotationZ": 3.0 },
						"R leg": { "offsetX": 0.2, "offsetY": -0.2, "offsetZ": 0.0, "rotationX": 0.0, "rotationY": 0.0, "rotationZ": 20.0 },
						"R feet": { "rotationX": 0.0, "rotationY": 0.0, "rotationZ": -114.0 },
						"R toes": { "offsetX": 0.0, "offsetY": -0.16, "offsetZ": 0.0, "rotationX": 0.0, "rotationY": 0.0, "rotationZ": 75.0 },
						"L leg": { "offsetX": 0.2, "offsetY": -0.2, "offsetZ": 0.0, "rotationX": 0.0, "rotationY": 0.0, "rotationZ": 35.0 },
						"L feet": { "rotationX": 0.0, "rotationY": 0.0, "rotationZ": -122.0 },
						"L toes": { "rotationX": 0.0, "rotationY": 0.0, "rotationZ": 78.0 }
					}
				}
			]
		},

		{
			"name": "Sleep",
			"code": "sleep",
			"quantityframes": 30,
			"onActivityStopped": "EaseOut",
			"onAnimationEnd": "Repeat",
			"keyframes": [
				{
					"frame": 0,
					"elements": {
						"body": { "offsetX": 0.0, "offsetY": -0.6, "offsetZ": 0.0, "rotationX": 0.0, "rotationY": 0.0, "rotationZ": 11.0 },
						"R leg": { "offsetX": 0.2, "offsetY": -0.2, "offsetZ": 0.0, "rotationX": 0.0, "rotationY": 0.0, "rotationZ": 17.0 },
						"R feet": { "rotationX": 0.0, "rotationY": 0.0, "rotationZ": -114.0 },
						"R toes": { "offsetX": 0.0, "offsetY": -0.16, "offsetZ": 0.0, "rotationX": 0.0, "rotationY": 0.0, "rotationZ": 75.0 },
						"L leg": { "offsetX": 0.2, "offsetY": -0.2, "offsetZ": 0.0, "rotationX": 0.0, "rotationY": 0.0, "rotationZ": 30.0 },
						"L feet": { "rotationX": 0.0, "rotationY": 0.0, "rotationZ": -122.0 },
						"L toes": { "rotationX": 0.0, "rotationY": 0.0, "rotationZ": 78.0 },
						"neck": { "offsetX": 0.0, "offsetY": -0.3, "offsetZ": 0.0, "rotationX": 0.0, "rotationY": 0.0, "rotationZ": -25.0 },
						"head": { "rotationX": 0.0, "rotationY": 0.0, "rotationZ": 66.0 }
					}
				},
				{
					"frame": 15,
					"elements": {
						"body": { "offsetX": 0.0, "offsetY": -0.6, "offsetZ": 0.0, "rotationX": 0.0, "rotationY": 0.0, "rotationZ": 10.0 },
						"neck": { "offsetX": 0.0, "offsetY": -0.3, "offsetZ": 0.0 },
						"head": { "rotationX": 0.0, "rotationY": 0.0, "rotationZ": 68.0 },
						"R leg": { "offsetX": 0.2, "offsetY": -0.2, "offsetZ": 0.0, "rotationX": 0.0, "rotationY": 0.0, "rotationZ": 20.0 },
						"R feet": { "rotationX": 0.0, "rotationY": 0.0, "rotationZ": -114.0 },
						"R toes": { "offsetX": 0.0, "offsetY": -0.16, "offsetZ": 0.0, "rotationX": 0.0, "rotationY": 0.0, "rotationZ": 75.0 },
						"L leg": { "offsetX": 0.2, "offsetY": -0.2, "offsetZ": 0.0, "rotationX": 0.0, "rotationY": 0.0, "rotationZ": 35.0 },
						"L feet": { "rotationX": 0.0, "rotationY": 0.0, "rotationZ": -122.0 },
						"L toes": { "rotationX": 0.0, "rotationY": 0.0, "rotationZ": 78.0 }
					}
				}
			]
		}
	]
}