{
	"editor": {
		"backDropShape": "C:/Users/Cal/Desktop/boobold",
		"allAngles": true,
		"entityTextureMode": true
	},
	"textureWidth": 64,
	"textureHeight": 64,
	"textureSizes": {
	},
	"textures": {
		"material": "entity/humanoid/serapharmor/plate/iron"
	},
	"elements": [
		{
			"name": "ArmorUpperLegR",
			"stepParentName": "UpperFootR",
			"from": [ -0.39, -0.5, -0.3 ],
			"to": [ 4.61, 9.5, 3.9 ],
			"autoUnwrap": false,
			"uv": [ 17.5, 40.5 ],
			"rotationOrigin": [ -0.4, -0.5, -0.3 ],
			"faces": {
				"north": { "texture": "#material", "uv": [ 16.0, 40.0, 21.0, 50.0 ] },
				"east": { "texture": "#material", "uv": [ 20.5, 40.0, 24.5, 50.0 ] },
				"south": { "texture": "#material", "uv": [ 24.0, 40.0, 29.0, 50.0 ] },
				"west": { "texture": "#material", "uv": [ 28.0, 40.0, 32.0, 50.0 ] },
				"up": { "texture": "#material", "uv": [ 32.0, 4.0, 37.0, 8.0 ] },
				"down": { "texture": "#material", "uv": [ 36.5, 4.0, 41.5, 8.0 ] }
			}
		},
		{
			"name": "ArmorUpperLegL",
			"stepParentName": "UpperFootL",
			"from": [ -0.39, -0.5, -0.7 ],
			"to": [ 4.61, 9.5, 3.5 ],
			"autoUnwrap": false,
			"uv": [ 0.0, 40.0 ],
			"rotationOrigin": [ -0.4, -0.5, 0.3 ],
			"faces": {
				"north": { "texture": "#material", "uv": [ 0.0, 40.0, 5.0, 50.0 ] },
				"east": { "texture": "#material", "uv": [ 4.5, 40.0, 8.5, 50.0 ] },
				"south": { "texture": "#material", "uv": [ 8.0, 40.0, 13.0, 50.0 ] },
				"west": { "texture": "#material", "uv": [ 12.5, 40.0, 16.5, 50.0 ] },
				"up": { "texture": "#material", "uv": [ 32.0, 0.5, 37.0, 4.5 ] },
				"down": { "texture": "#material", "uv": [ 36.5, 0.5, 41.5, 4.5 ] }
			}
		},
		{
			"name": "ArmorLowerLegR",
			"stepParentName": "LowerFootR",
			"from": [ -0.45, -0.3, -0.45 ],
			"to": [ 3.65, 6.3, 3.45 ],
			"uv": [ 16.0, 51.0 ],
			"rotationOrigin": [ -0.45, -0.3, -0.45 ],
			"faces": {
				"north": { "texture": "#material", "uv": [ 16.0, 54.5, 20.0, 61.0 ] },
				"east": { "texture": "#material", "uv": [ 20.0, 54.5, 23.5, 61.0 ] },
				"south": { "texture": "#material", "uv": [ 23.5, 54.5, 27.5, 61.0 ] },
				"west": { "texture": "#material", "uv": [ 27.5, 54.5, 31.0, 61.0 ] },
				"up": { "texture": "#material", "uv": [ 16.0, 51.0, 20.0, 54.5 ] },
				"down": { "texture": "#material", "uv": [ 20.0, 51.0, 24.0, 54.5 ] }
			},
			"children": [
				{
					"name": "ArmorKneeSideR",
					"from": [ 1.5, 3.0, -0.5 ],
					"to": [ 5.5, 7.0, 0.0 ],
					"unwrapMode": 1,
					"uv": [ 22.0, 0.0 ],
					"rotationOrigin": [ 1.5, 3.0, -0.5 ],
					"faces": {
						"north": { "texture": "#material", "uv": [ 22.5, 0.5, 26.5, 4.5 ] },
						"east": { "texture": "#material", "uv": [ 22.0, 0.5, 22.5, 4.5 ] },
						"south": { "texture": "#material", "uv": [ 27.0, 0.5, 31.0, 4.5 ] },
						"west": { "texture": "#material", "uv": [ 26.5, 0.5, 27.0, 4.5 ] },
						"up": { "texture": "#material", "uv": [ 22.5, 0.0, 26.5, 0.5 ], "rotation": 180 },
						"down": { "texture": "#material", "uv": [ 22.5, 4.5, 26.5, 5.0 ] }
					}
				},
				{
					"name": "ArmorKneeR",
					"from": [ -1.3, 4.5, -0.1 ],
					"to": [ 0.7, 7.8, 4.3 ],
					"unwrapMode": 4,
					"uv": [ 44.0, 57.0 ],
					"rotationOrigin": [ -1.3, 4.5, -0.1 ],
					"faces": {
						"north": { "texture": "#material", "uv": [ 44.0, 59.0, 46.0, 62.0 ] },
						"east": { "texture": "#material", "uv": [ 52.0, 59.0, 56.0, 62.0 ] },
						"south": { "texture": "#material", "uv": [ 50.0, 59.0, 52.0, 62.0 ] },
						"west": { "texture": "#material", "uv": [ 46.0, 59.0, 50.0, 62.0 ] },
						"up": { "texture": "#material", "uv": [ 46.0, 57.0, 50.0, 59.0 ], "rotation": 90 },
						"down": { "texture": "#material", "uv": [ 46.0, 62.0, 50.0, 64.0 ], "rotation": 90 }
					}
				}
			]
		},
		{
			"name": "ArmorLowerLegL",
			"stepParentName": "LowerFootL",
			"from": [ -0.45, -0.3, -0.45 ],
			"to": [ 3.65, 6.3, 3.45 ],
			"uv": [ 0.0, 51.0 ],
			"rotationOrigin": [ -0.45, -0.3, -0.45 ],
			"faces": {
				"north": { "texture": "#material", "uv": [ 0.0, 54.5, 4.0, 61.0 ] },
				"east": { "texture": "#material", "uv": [ 4.0, 54.5, 7.5, 61.0 ] },
				"south": { "texture": "#material", "uv": [ 7.5, 54.5, 11.5, 61.0 ] },
				"west": { "texture": "#material", "uv": [ 11.5, 54.5, 15.0, 61.0 ] },
				"up": { "texture": "#material", "uv": [ 0.0, 51.0, 4.0, 54.5 ] },
				"down": { "texture": "#material", "uv": [ 4.0, 51.0, 8.0, 54.5 ] }
			},
			"children": [
				{
					"name": "ArmorKneeSideL",
					"from": [ 1.5, 3.0, 3.5 ],
					"to": [ 5.5, 7.0, 4.0 ],
					"unwrapMode": 3,
					"uv": [ 12.5, 0.0 ],
					"rotationOrigin": [ 1.5, 3.0, 3.5 ],
					"faces": {
						"north": { "texture": "#material", "uv": [ 17.5, 0.5, 21.5, 4.5 ] },
						"east": { "texture": "#material", "uv": [ 17.0, 0.5, 17.5, 4.5 ] },
						"south": { "texture": "#material", "uv": [ 13.0, 0.5, 17.0, 4.5 ] },
						"west": { "texture": "#material", "uv": [ 12.5, 0.5, 13.0, 4.5 ] },
						"up": { "texture": "#material", "uv": [ 13.0, 0.0, 17.0, 0.5 ] },
						"down": { "texture": "#material", "uv": [ 13.0, 4.5, 17.0, 5.0 ], "rotation": 180 }
					}
				},
				{
					"name": "ArmorKneeL",
					"from": [ -1.3, 4.5, -0.4 ],
					"to": [ 0.7, 7.8, 4.0 ],
					"unwrapMode": 4,
					"uv": [ 32.0, 57.0 ],
					"rotationOrigin": [ -1.3, 4.5, -0.4 ],
					"faces": {
						"north": { "texture": "#material", "uv": [ 32.0, 59.0, 34.0, 62.0 ] },
						"east": { "texture": "#material", "uv": [ 40.0, 59.0, 44.0, 62.0 ] },
						"south": { "texture": "#material", "uv": [ 38.0, 59.0, 40.0, 62.0 ] },
						"west": { "texture": "#material", "uv": [ 34.0, 59.0, 38.0, 62.0 ] },
						"up": { "texture": "#material", "uv": [ 34.0, 57.0, 38.0, 59.0 ], "rotation": 90 },
						"down": { "texture": "#material", "uv": [ 34.0, 62.0, 38.0, 64.0 ], "rotation": 90 }
					}
				}
			]
		},
		{
			"name": "PawArmorR",
			"stepParentName": "PawR",
			"from": [ -0.2, -0.3, -0.4 ],
			"to": [ 3.2, 7.0, 3.2 ],
			"autoUnwrap": false,
			"uv": [ 2.0, 53.5 ],
			"rotationOrigin": [ -0.2, -0.3, -0.4 ],
			"faces": {
				"north": { "texture": "#material", "uv": [ 1.5, 57.0, 4.5, 64.0 ] },
				"east": { "texture": "#material", "uv": [ 22.0, 57.0, 25.5, 64.0 ] },
				"south": { "texture": "#material", "uv": [ 8.5, 57.0, 11.5, 64.0 ] },
				"west": { "texture": "#material", "uv": [ 12.5, 57.0, 16.0, 64.0 ] },
				"up": { "texture": "#material", "uv": [ 2.0, 53.5, 5.0, 57.0 ] },
				"down": { "texture": "#material", "uv": [ 5.0, 53.5, 8.0, 57.0 ] }
			}
		},
		{
			"name": "PawArmorL",
			"stepParentName": "PawL",
			"from": [ -0.2, -0.3, -0.4 ],
			"to": [ 3.2, 7.1, 3.2 ],
			"autoUnwrap": false,
			"uv": [ 18.5, 53.5 ],
			"rotationOrigin": [ -0.2, -0.3, -0.4 ],
			"faces": {
				"north": { "texture": "#material", "uv": [ 8.5, 57.0, 11.5, 64.0 ] },
				"east": { "texture": "#material", "uv": [ 26.5, 57.0, 30.0, 64.0 ] },
				"south": { "texture": "#material", "uv": [ 24.0, 57.0, 27.0, 64.0 ] },
				"west": { "texture": "#material", "uv": [ 28.5, 57.0, 32.0, 64.0 ] },
				"up": { "texture": "#material", "uv": [ 18.5, 53.5, 21.5, 57.0 ] },
				"down": { "texture": "#material", "uv": [ 21.5, 53.5, 24.5, 57.0 ] }
			}
		},
		{
			"name": "Tail1Armor",
			"stepParentName": "Tail1",
			"from": [ 0.0, -0.15, -0.31 ],
			"to": [ 7.2, 4.25, 4.31 ],
			"autoUnwrap": false,
			"uv": [ 5.5, 32.0 ],
			"rotationOrigin": [ 0.0, -0.1, -0.3 ],
			"faces": {
				"north": { "texture": "#material", "uv": [ 10.0, 45.5, 17.0, 49.5 ] },
				"east": { "texture": "#material", "uv": [ 0.0, 51.0, 4.5, 55.0 ] },
				"south": { "texture": "#material", "uv": [ 10.5, 45.5, 17.5, 49.5 ] },
				"west": { "texture": "#material", "uv": [ 16.0, 51.0, 20.5, 55.0 ] },
				"up": { "texture": "#material", "uv": [ 10.5, 43.0, 17.5, 47.5 ] },
				"down": { "texture": "#material", "uv": [ 16.0, 51.0, 23.0, 55.5 ] }
			}
		},
		{
			"name": "Tail2Armor",
			"stepParentName": "Tail2",
			"from": [ -0.1, -0.1, -0.3 ],
			"to": [ 5.1, 3.8, 3.7 ],
			"autoUnwrap": false,
			"uv": [ 44.0, 12.5 ],
			"rotationOrigin": [ -0.1, -0.1, -0.3 ],
			"faces": {
				"north": { "texture": "#material", "uv": [ 44.0, 16.0, 49.0, 19.5 ], "windMode": [-1,-1,-1,-1] },
				"east": { "texture": "#material", "uv": [ 49.0, 16.0, 53.0, 19.5 ] },
				"south": { "texture": "#material", "uv": [ 52.5, 16.0, 57.5, 19.5 ] },
				"west": { "texture": "#material", "uv": [ 57.5, 16.0, 61.5, 19.5 ] },
				"up": { "texture": "#material", "uv": [ 45.0, 21.0, 50.0, 25.0 ] },
				"down": { "texture": "#material", "uv": [ 44.0, 9.0, 49.0, 13.0 ] }
			}
		},
		{
			"name": "Tail3Armor",
			"stepParentName": "Tail3",
			"from": [ -0.1, -0.1, -0.2 ],
			"to": [ 5.1, 3.2, 3.2 ],
			"autoUnwrap": false,
			"uv": [ 44.0, 2.0 ],
			"rotationOrigin": [ -0.1, -0.1, -0.2 ],
			"faces": {
				"north": { "texture": "#material", "uv": [ 44.0, 6.0, 49.0, 9.0 ] },
				"east": { "texture": "#material", "uv": [ 49.0, 5.0, 52.0, 8.0 ] },
				"south": { "texture": "#material", "uv": [ 52.0, 6.0, 57.0, 9.0 ] },
				"west": { "texture": "#material", "uv": [ 57.0, 5.0, 60.0, 8.0 ] },
				"up": { "texture": "#material", "uv": [ 46.0, 22.0, 51.0, 25.0 ] },
				"down": { "texture": "#material", "uv": [ 54.0, 9.0, 59.0, 12.0 ] }
			}
		},
		{
			"name": "Tail4Armor",
			"stepParentName": "Tail4",
			"from": [ -0.1, -0.1, -0.2 ],
			"to": [ 4.6, 2.2, 2.2 ],
			"autoUnwrap": false,
			"uv": [ 33.5, 15.0 ],
			"rotationOrigin": [ -0.1, -0.1, -0.2 ],
			"faces": {
				"north": { "texture": "#material", "uv": [ 6.0, 23.5, 10.5, 25.5 ], "rotation": 180 },
				"east": { "texture": "#material", "uv": [ 7.0, 23.5, 9.0, 25.5 ], "rotation": 180 },
				"south": { "texture": "#material", "uv": [ 6.0, 23.5, 10.5, 25.5 ], "rotation": 180 },
				"west": { "texture": "#material", "uv": [ 35.5, 17.0, 37.5, 19.0 ] },
				"up": { "texture": "#material", "uv": [ 33.5, 17.5, 38.0, 19.5 ] },
				"down": { "texture": "#material", "uv": [ 44.0, 0.0, 48.5, 2.0 ] }
			}
		}
	]}