[
  {
    "file": "game:config/pietopcrusttypes.json",
    "op": "addmerge",
    "path": "/-",
    "value": {
      "code": "stripes1",
      "shapeElement": "origin/base/top crust stripes 1/*"
    }
  },
  {
    "file": "game:config/pietopcrusttypes.json",
    "op": "addmerge",
    "path": "/-",
    "value": {
      "code": "stripes2",
      "shapeElement": "origin/base/top crust stripes 2/*"
    }
  },
  {
    "file": "game:config/pietopcrusttypes.json",
    "op": "addmerge",
    "path": "/-",
    "value": {
      "code": "lattice1",
      "shapeElement": "origin/base/top crust lattice 1/*"
    }
  },
  {
    "file": "game:config/pietopcrusttypes.json",
    "op": "addmerge",
    "path": "/-",
    "value": {
      "code": "lattice2",
      "shapeElement": "origin/base/top crust lattice 2/*"
    }
  },
  {
    "file": "game:config/pietopcrusttypes.json",
    "op": "addmerge",
    "path": "/-",
    "value": {
      "code": "checkers",
      "shapeElement": "origin/base/top crust checkers/*"
    }
  },
  {
    "file": "game:config/pietopcrusttypes.json",
    "op": "addmerge",
    "path": "/-",
    "value": {
      "code": "swirl",
      "shapeElement": "origin/base/top crust swirl/*"
    }
  },
  {
    "file": "game:config/pietopcrusttypes.json",
    "op": "addmerge",
    "path": "/-",
    "value": {
      "code": "circles",
      "shapeElement": "origin/base/top crust circles/*"
    }
  },
  {
    "file": "game:config/pietopcrusttypes.json",
    "op": "addmerge",
    "path": "/-",
    "value": {
      "code": "yinyang",
      "shapeElement": "origin/base/top crust yin yang/*"
    }
  },
  {
    "file": "game:config/pietopcrusttypes.json",
    "op": "addmerge",
    "path": "/-",
    "value": {
      "code": "temporalgear",
      "shapeElement": "origin/base/top crust temporal gear/*"
    }
  }
]
