[
  {
    "op": "remove",
    "path": "/editor",
    "file": "game:shapes/entity/humanoid/seraphskinparts/hair-extra/tiedtopknot.json"
  },
  {
    "op": "add",
    "path": "/groups",
    "value": [],
    "file": "game:shapes/entity/humanoid/seraphskinparts/hair-extra/tiedtopknot.json"
  },
  {
    "op": "remove",
    "path": "/elements/0/uv",
    "file": "game:shapes/entity/humanoid/seraphskinparts/hair-extra/tiedtopknot.json"
  },
  {
    "op": "add",
    "path": "/elements/0/group",
    "value": "tiedtopknot",
    "file": "game:shapes/entity/humanoid/seraphskinparts/hair-extra/tiedtopknot.json"
  },
  {
    "op": "add",
    "path": "/elements/0/rotationOrigin",
    "value": [
      -0.0,
      -0.0,
      0.0
    ],
    "file": "game:shapes/entity/humanoid/seraphskinparts/hair-extra/tiedtopknot.json"
  },
  {
    "op": "remove",
    "path": "/elements/0/children/0/uv",
    "file": "game:shapes/entity/humanoid/seraphskinparts/hair-extra/tiedtopknot.json"
  },
  {
    "op": "add",
    "path": "/elements/0/children/0/group",
    "value": "tiedtopknot",
    "file": "game:shapes/entity/humanoid/seraphskinparts/hair-extra/tiedtopknot.json"
  },
  {
    "op": "remove",
    "path": "/elements/0/children/0/children/0/autoUnwrap",
    "file": "game:shapes/entity/humanoid/seraphskinparts/hair-extra/tiedtopknot.json"
  },
  {
    "op": "remove",
    "path": "/elements/0/children/0/children/0/uv",
    "file": "game:shapes/entity/humanoid/seraphskinparts/hair-extra/tiedtopknot.json"
  },
  {
    "op": "add",
    "path": "/elements/0/children/0/children/0/children",
    "value": [],
    "file": "game:shapes/entity/humanoid/seraphskinparts/hair-extra/tiedtopknot.json"
  },
  {
    "op": "add",
    "path": "/elements/0/children/0/children/0/group",
    "value": "tiedtopknot",
    "file": "game:shapes/entity/humanoid/seraphskinparts/hair-extra/tiedtopknot.json"
  },
  {
    "op": "add",
    "path": "/elements/0/children/0/children/0/rotationX",
    "value": 0.0,
    "file": "game:shapes/entity/humanoid/seraphskinparts/hair-extra/tiedtopknot.json"
  },
  {
    "op": "add",
    "path": "/elements/0/children/0/children/0/rotationY",
    "value": 36.0,
    "file": "game:shapes/entity/humanoid/seraphskinparts/hair-extra/tiedtopknot.json"
  },
  {
    "op": "remove",
    "path": "/elements/0/children/0/children/0/faces/down",
    "file": "game:shapes/entity/humanoid/seraphskinparts/hair-extra/tiedtopknot.json"
  },
  {
    "op": "remove",
    "path": "/elements/0/children/0/children/0/faces/south",
    "file": "game:shapes/entity/humanoid/seraphskinparts/hair-extra/tiedtopknot.json"
  },
  {
    "op": "remove",
    "path": "/elements/0/children/0/children/0/faces/up",
    "file": "game:shapes/entity/humanoid/seraphskinparts/hair-extra/tiedtopknot.json"
  },
  {
    "op": "remove",
    "path": "/elements/0/children/0/children/0/faces/west",
    "file": "game:shapes/entity/humanoid/seraphskinparts/hair-extra/tiedtopknot.json"
  },
  {
    "op": "add",
    "path": "/elements/0/children/0/children/0/faces/north/autoUv",
    "value": false,
    "file": "game:shapes/entity/humanoid/seraphskinparts/hair-extra/tiedtopknot.json"
  },
  {
    "op": "replace",
    "path": "/elements/0/children/0/children/0/faces/north/uv/0",
    "value": 37.0,
    "file": "game:shapes/entity/humanoid/seraphskinparts/hair-extra/tiedtopknot.json"
  },
  {
    "op": "replace",
    "path": "/elements/0/children/0/children/0/faces/north/uv/1",
    "value": 19.0,
    "file": "game:shapes/entity/humanoid/seraphskinparts/hair-extra/tiedtopknot.json"
  },
  {
    "op": "replace",
    "path": "/elements/0/children/0/children/0/faces/north/uv/2",
    "value": 39.0,
    "file": "game:shapes/entity/humanoid/seraphskinparts/hair-extra/tiedtopknot.json"
  },
  {
    "op": "replace",
    "path": "/elements/0/children/0/children/0/faces/north/uv/3",
    "value": 21.0,
    "file": "game:shapes/entity/humanoid/seraphskinparts/hair-extra/tiedtopknot.json"
  },
  {
    "op": "replace",
    "path": "/elements/0/children/0/children/0/from/0",
    "value": 3.0,
    "file": "game:shapes/entity/humanoid/seraphskinparts/hair-extra/tiedtopknot.json"
  },
  {
    "op": "replace",
    "path": "/elements/0/children/0/children/0/from/1",
    "value": -0.6,
    "file": "game:shapes/entity/humanoid/seraphskinparts/hair-extra/tiedtopknot.json"
  },
  {
    "op": "replace",
    "path": "/elements/0/children/0/children/0/from/2",
    "value": 0.5,
    "file": "game:shapes/entity/humanoid/seraphskinparts/hair-extra/tiedtopknot.json"
  },
  {
    "op": "replace",
    "path": "/elements/0/children/0/children/0/name",
    "value": "Cube1.004",
    "file": "game:shapes/entity/humanoid/seraphskinparts/hair-extra/tiedtopknot.json"
  },
  {
    "op": "replace",
    "path": "/elements/0/children/0/children/0/rotationOrigin/0",
    "value": 3.0,
    "file": "game:shapes/entity/humanoid/seraphskinparts/hair-extra/tiedtopknot.json"
  },
  {
    "op": "replace",
    "path": "/elements/0/children/0/children/0/rotationOrigin/1",
    "value": 0.4,
    "file": "game:shapes/entity/humanoid/seraphskinparts/hair-extra/tiedtopknot.json"
  },
  {
    "op": "replace",
    "path": "/elements/0/children/0/children/0/rotationOrigin/2",
    "value": 0.5,
    "file": "game:shapes/entity/humanoid/seraphskinparts/hair-extra/tiedtopknot.json"
  },
  {
    "op": "replace",
    "path": "/elements/0/children/0/children/0/rotationZ",
    "value": -0.0,
    "file": "game:shapes/entity/humanoid/seraphskinparts/hair-extra/tiedtopknot.json"
  },
  {
    "op": "replace",
    "path": "/elements/0/children/0/children/0/to/0",
    "value": 5.0,
    "file": "game:shapes/entity/humanoid/seraphskinparts/hair-extra/tiedtopknot.json"
  },
  {
    "op": "replace",
    "path": "/elements/0/children/0/children/0/to/1",
    "value": 1.4,
    "file": "game:shapes/entity/humanoid/seraphskinparts/hair-extra/tiedtopknot.json"
  },
  {
    "op": "replace",
    "path": "/elements/0/children/0/children/0/to/2",
    "value": 0.5,
    "file": "game:shapes/entity/humanoid/seraphskinparts/hair-extra/tiedtopknot.json"
  },
  {
    "op": "remove",
    "path": "/elements/0/children/0/children/1/autoUnwrap",
    "file": "game:shapes/entity/humanoid/seraphskinparts/hair-extra/tiedtopknot.json"
  },
  {
    "op": "remove",
    "path": "/elements/0/children/0/children/1/uv",
    "file": "game:shapes/entity/humanoid/seraphskinparts/hair-extra/tiedtopknot.json"
  },
  {
    "op": "add",
    "path": "/elements/0/children/0/children/1/children",
    "value": [],
    "file": "game:shapes/entity/humanoid/seraphskinparts/hair-extra/tiedtopknot.json"
  },
  {
    "op": "add",
    "path": "/elements/0/children/0/children/1/group",
    "value": "tiedtopknot",
    "file": "game:shapes/entity/humanoid/seraphskinparts/hair-extra/tiedtopknot.json"
  },
  {
    "op": "add",
    "path": "/elements/0/children/0/children/1/rotationX",
    "value": -0.0,
    "file": "game:shapes/entity/humanoid/seraphskinparts/hair-extra/tiedtopknot.json"
  },
  {
    "op": "add",
    "path": "/elements/0/children/0/children/1/rotationZ",
    "value": -0.0,
    "file": "game:shapes/entity/humanoid/seraphskinparts/hair-extra/tiedtopknot.json"
  },
  {
    "op": "add",
    "path": "/elements/0/children/0/children/1/faces/north/autoUv",
    "value": false,
    "file": "game:shapes/entity/humanoid/seraphskinparts/hair-extra/tiedtopknot.json"
  },
  {
    "op": "replace",
    "path": "/elements/0/children/0/children/1/faces/north/uv/0",
    "value": 38.0,
    "file": "game:shapes/entity/humanoid/seraphskinparts/hair-extra/tiedtopknot.json"
  },
  {
    "op": "replace",
    "path": "/elements/0/children/0/children/1/faces/north/uv/1",
    "value": 20.0,
    "file": "game:shapes/entity/humanoid/seraphskinparts/hair-extra/tiedtopknot.json"
  },
  {
    "op": "replace",
    "path": "/elements/0/children/0/children/1/faces/north/uv/2",
    "value": 40.0,
    "file": "game:shapes/entity/humanoid/seraphskinparts/hair-extra/tiedtopknot.json"
  },
  {
    "op": "replace",
    "path": "/elements/0/children/0/children/1/faces/north/uv/3",
    "value": 22.0,
    "file": "game:shapes/entity/humanoid/seraphskinparts/hair-extra/tiedtopknot.json"
  },
  {
    "op": "replace",
    "path": "/elements/0/children/0/children/1/from/0",
    "value": 2.4,
    "file": "game:shapes/entity/humanoid/seraphskinparts/hair-extra/tiedtopknot.json"
  },
  {
    "op": "replace",
    "path": "/elements/0/children/0/children/1/name",
    "value": "Cube4.001",
    "file": "game:shapes/entity/humanoid/seraphskinparts/hair-extra/tiedtopknot.json"
  },
  {
    "op": "replace",
    "path": "/elements/0/children/0/children/1/rotationOrigin/0",
    "value": 2.4,
    "file": "game:shapes/entity/humanoid/seraphskinparts/hair-extra/tiedtopknot.json"
  },
  {
    "op": "replace",
    "path": "/elements/0/children/0/children/1/rotationY",
    "value": -36.0,
    "file": "game:shapes/entity/humanoid/seraphskinparts/hair-extra/tiedtopknot.json"
  },
  {
    "op": "replace",
    "path": "/elements/0/children/0/children/1/to/0",
    "value": 4.4,
    "file": "game:shapes/entity/humanoid/seraphskinparts/hair-extra/tiedtopknot.json"
  },
  {
    "op": "remove",
    "path": "/elements/0/children/0/children/2/autoUnwrap",
    "file": "game:shapes/entity/humanoid/seraphskinparts/hair-extra/tiedtopknot.json"
  },
  {
    "op": "remove",
    "path": "/elements/0/children/0/children/2/rotationY",
    "file": "game:shapes/entity/humanoid/seraphskinparts/hair-extra/tiedtopknot.json"
  },
  {
    "op": "remove",
    "path": "/elements/0/children/0/children/2/uv",
    "file": "game:shapes/entity/humanoid/seraphskinparts/hair-extra/tiedtopknot.json"
  },
  {
    "op": "add",
    "path": "/elements/0/children/0/children/2/children",
    "value": [],
    "file": "game:shapes/entity/humanoid/seraphskinparts/hair-extra/tiedtopknot.json"
  },
  {
    "op": "add",
    "path": "/elements/0/children/0/children/2/group",
    "value": "tiedtopknot",
    "file": "game:shapes/entity/humanoid/seraphskinparts/hair-extra/tiedtopknot.json"
  },
  {
    "op": "add",
    "path": "/elements/0/children/0/children/2/rotationZ",
    "value": -5.0,
    "file": "game:shapes/entity/humanoid/seraphskinparts/hair-extra/tiedtopknot.json"
  },
  {
    "op": "add",
    "path": "/elements/0/children/0/children/2/faces/east",
    "value": {
      "texture": "#hair",
      "uv": [
        39.5,
        17.5,
        41.0,
        22.5
      ],
      "autoUv": false
    },
    "file": "game:shapes/entity/humanoid/seraphskinparts/hair-extra/tiedtopknot.json"
  },
  {
    "op": "add",
    "path": "/elements/0/children/0/children/2/faces/south",
    "value": {
      "texture": "#hair",
      "uv": [
        38.5,
        18.0,
        40.0,
        23.0
      ],
      "autoUv": false
    },
    "file": "game:shapes/entity/humanoid/seraphskinparts/hair-extra/tiedtopknot.json"
  },
  {
    "op": "add",
    "path": "/elements/0/children/0/children/2/faces/up",
    "value": {
      "texture": "#hair",
      "uv": [
        32.0,
        32.5,
        33.5,
        34.0
      ],
      "autoUv": false,
      "rotation": 90
    },
    "file": "game:shapes/entity/humanoid/seraphskinparts/hair-extra/tiedtopknot.json"
  },
  {
    "op": "add",
    "path": "/elements/0/children/0/children/2/faces/west",
    "value": {
      "texture": "#hair",
      "uv": [
        40.5,
        16.5,
        42.0,
        21.5
      ],
      "autoUv": false,
      "rotation": 180
    },
    "file": "game:shapes/entity/humanoid/seraphskinparts/hair-extra/tiedtopknot.json"
  },
  {
    "op": "remove",
    "path": "/elements/0/children/0/children/2/faces/north/rotation",
    "file": "game:shapes/entity/humanoid/seraphskinparts/hair-extra/tiedtopknot.json"
  },
  {
    "op": "add",
    "path": "/elements/0/children/0/children/2/faces/north/autoUv",
    "value": false,
    "file": "game:shapes/entity/humanoid/seraphskinparts/hair-extra/tiedtopknot.json"
  },
  {
    "op": "replace",
    "path": "/elements/0/children/0/children/2/faces/north/uv/0",
    "value": 39.0,
    "file": "game:shapes/entity/humanoid/seraphskinparts/hair-extra/tiedtopknot.json"
  },
  {
    "op": "replace",
    "path": "/elements/0/children/0/children/2/faces/north/uv/1",
    "value": 18.0,
    "file": "game:shapes/entity/humanoid/seraphskinparts/hair-extra/tiedtopknot.json"
  },
  {
    "op": "replace",
    "path": "/elements/0/children/0/children/2/faces/north/uv/2",
    "value": 40.5,
    "file": "game:shapes/entity/humanoid/seraphskinparts/hair-extra/tiedtopknot.json"
  },
  {
    "op": "replace",
    "path": "/elements/0/children/0/children/2/faces/north/uv/3",
    "value": 23.0,
    "file": "game:shapes/entity/humanoid/seraphskinparts/hair-extra/tiedtopknot.json"
  },
  {
    "op": "replace",
    "path": "/elements/0/children/0/children/2/from/0",
    "value": 2.1,
    "file": "game:shapes/entity/humanoid/seraphskinparts/hair-extra/tiedtopknot.json"
  },
  {
    "op": "replace",
    "path": "/elements/0/children/0/children/2/from/1",
    "value": -4.4,
    "file": "game:shapes/entity/humanoid/seraphskinparts/hair-extra/tiedtopknot.json"
  },
  {
    "op": "replace",
    "path": "/elements/0/children/0/children/2/from/2",
    "value": -0.2,
    "file": "game:shapes/entity/humanoid/seraphskinparts/hair-extra/tiedtopknot.json"
  },
  {
    "op": "replace",
    "path": "/elements/0/children/0/children/2/name",
    "value": "Ponytail",
    "file": "game:shapes/entity/humanoid/seraphskinparts/hair-extra/tiedtopknot.json"
  },
  {
    "op": "replace",
    "path": "/elements/0/children/0/children/2/rotationOrigin/0",
    "value": 2.9,
    "file": "game:shapes/entity/humanoid/seraphskinparts/hair-extra/tiedtopknot.json"
  },
  {
    "op": "replace",
    "path": "/elements/0/children/0/children/2/rotationOrigin/1",
    "value": 0.6,
    "file": "game:shapes/entity/humanoid/seraphskinparts/hair-extra/tiedtopknot.json"
  },
  {
    "op": "replace",
    "path": "/elements/0/children/0/children/2/rotationOrigin/2",
    "value": 0.6,
    "file": "game:shapes/entity/humanoid/seraphskinparts/hair-extra/tiedtopknot.json"
  },
  {
    "op": "replace",
    "path": "/elements/0/children/0/children/2/to/0",
    "value": 3.6,
    "file": "game:shapes/entity/humanoid/seraphskinparts/hair-extra/tiedtopknot.json"
  },
  {
    "op": "replace",
    "path": "/elements/0/children/0/children/2/to/1",
    "value": 0.6,
    "file": "game:shapes/entity/humanoid/seraphskinparts/hair-extra/tiedtopknot.json"
  },
  {
    "op": "replace",
    "path": "/elements/0/children/0/children/2/to/2",
    "value": 1.3,
    "file": "game:shapes/entity/humanoid/seraphskinparts/hair-extra/tiedtopknot.json"
  },
  {
    "op": "add",
    "path": "/elements/0/children/0/faces/down/autoUv",
    "value": false,
    "file": "game:shapes/entity/humanoid/seraphskinparts/hair-extra/tiedtopknot.json"
  },
  {
    "op": "replace",
    "path": "/elements/0/children/0/faces/down/uv/0",
    "value": 25.5,
    "file": "game:shapes/entity/humanoid/seraphskinparts/hair-extra/tiedtopknot.json"
  },
  {
    "op": "replace",
    "path": "/elements/0/children/0/faces/down/uv/1",
    "value": 33.0,
    "file": "game:shapes/entity/humanoid/seraphskinparts/hair-extra/tiedtopknot.json"
  },
  {
    "op": "replace",
    "path": "/elements/0/children/0/faces/down/uv/2",
    "value": 22.5,
    "file": "game:shapes/entity/humanoid/seraphskinparts/hair-extra/tiedtopknot.json"
  },
  {
    "op": "replace",
    "path": "/elements/0/children/0/faces/down/uv/3",
    "value": 32.0,
    "file": "game:shapes/entity/humanoid/seraphskinparts/hair-extra/tiedtopknot.json"
  },
  {
    "op": "add",
    "path": "/elements/0/children/0/faces/east/autoUv",
    "value": false,
    "file": "game:shapes/entity/humanoid/seraphskinparts/hair-extra/tiedtopknot.json"
  },
  {
    "op": "add",
    "path": "/elements/0/children/0/faces/north/autoUv",
    "value": false,
    "file": "game:shapes/entity/humanoid/seraphskinparts/hair-extra/tiedtopknot.json"
  },
  {
    "op": "add",
    "path": "/elements/0/children/0/faces/south/autoUv",
    "value": false,
    "file": "game:shapes/entity/humanoid/seraphskinparts/hair-extra/tiedtopknot.json"
  },
  {
    "op": "add",
    "path": "/elements/0/children/0/faces/up/autoUv",
    "value": false,
    "file": "game:shapes/entity/humanoid/seraphskinparts/hair-extra/tiedtopknot.json"
  },
  {
    "op": "replace",
    "path": "/elements/0/children/0/from/0",
    "value": 5.09,
    "file": "game:shapes/entity/humanoid/seraphskinparts/hair-extra/tiedtopknot.json"
  },
  {
    "op": "replace",
    "path": "/elements/0/children/0/from/1",
    "value": 3.36,
    "file": "game:shapes/entity/humanoid/seraphskinparts/hair-extra/tiedtopknot.json"
  },
  {
    "op": "replace",
    "path": "/elements/0/children/0/rotationOrigin/0",
    "value": 5.09,
    "file": "game:shapes/entity/humanoid/seraphskinparts/hair-extra/tiedtopknot.json"
  },
  {
    "op": "replace",
    "path": "/elements/0/children/0/rotationOrigin/1",
    "value": 3.36,
    "file": "game:shapes/entity/humanoid/seraphskinparts/hair-extra/tiedtopknot.json"
  },
  {
    "op": "replace",
    "path": "/elements/0/children/0/to/0",
    "value": 8.09,
    "file": "game:shapes/entity/humanoid/seraphskinparts/hair-extra/tiedtopknot.json"
  },
  {
    "op": "replace",
    "path": "/elements/0/children/0/to/1",
    "value": 4.36,
    "file": "game:shapes/entity/humanoid/seraphskinparts/hair-extra/tiedtopknot.json"
  },
  {
    "op": "replace",
    "path": "/elements/0/from/1",
    "value": -0.0,
    "file": "game:shapes/entity/humanoid/seraphskinparts/hair-extra/tiedtopknot.json"
  },
  {
    "op": "replace",
    "path": "/elements/0/from/0",
    "value": -0.0,
    "file": "game:shapes/entity/humanoid/seraphskinparts/hair-extra/tiedtopknot.json"
  },
  {
    "op": "replace",
    "path": "/elements/0/name",
    "value": "hideme",
    "file": "game:shapes/entity/humanoid/seraphskinparts/hair-extra/tiedtopknot.json"
  },
  {
    "op": "replace",
    "path": "/elements/0/to/0",
    "value": 1.0,
    "file": "game:shapes/entity/humanoid/seraphskinparts/hair-extra/tiedtopknot.json"
  },
  {
    "op": "remove",
    "path": "/textures/birch",
    "file": "game:shapes/entity/humanoid/seraphskinparts/hair-extra/tiedtopknot.json"
  },
  {
    "op": "replace",
    "path": "/textures/hair",
    "value": "silverchalice",
    "file": "game:shapes/entity/humanoid/seraphskinparts/hair-extra/tiedtopknot.json"
  },
  {
    "op": "remove",
    "path": "/textureSizes/birch",
    "file": "game:shapes/entity/humanoid/seraphskinparts/hair-extra/tiedtopknot.json"
  }
]