[
  {
    "op": "remove",
    "path": "/editor",
    "file": "game:shapes/entity/humanoid/seraphskinparts/hair-extra/largestickbun.json"
  },
  {
    "op": "add",
    "path": "/groups",
    "value": [],
    "file": "game:shapes/entity/humanoid/seraphskinparts/hair-extra/largestickbun.json"
  },
  {
    "op": "remove",
    "path": "/elements/0/uv",
    "file": "game:shapes/entity/humanoid/seraphskinparts/hair-extra/largestickbun.json"
  },
  {
    "op": "add",
    "path": "/elements/0/group",
    "value": "largestickbun",
    "file": "game:shapes/entity/humanoid/seraphskinparts/hair-extra/largestickbun.json"
  },
  {
    "op": "add",
    "path": "/elements/0/rotationOrigin",
    "value": [
      -0.0,
      -0.0,
      0.0
    ],
    "file": "game:shapes/entity/humanoid/seraphskinparts/hair-extra/largestickbun.json"
  },
  {
    "op": "remove",
    "path": "/elements/0/children/0/autoUnwrap",
    "file": "game:shapes/entity/humanoid/seraphskinparts/hair-extra/largestickbun.json"
  },
  {
    "op": "remove",
    "path": "/elements/0/children/0/uv",
    "file": "game:shapes/entity/humanoid/seraphskinparts/hair-extra/largestickbun.json"
  },
  {
    "op": "add",
    "path": "/elements/0/children/0/group",
    "value": "largestickbun",
    "file": "game:shapes/entity/humanoid/seraphskinparts/hair-extra/largestickbun.json"
  },
  {
    "op": "add",
    "path": "/elements/0/children/0/rotationY",
    "value": -0.0,
    "file": "game:shapes/entity/humanoid/seraphskinparts/hair-extra/largestickbun.json"
  },
  {
    "op": "add",
    "path": "/elements/0/children/0/rotationZ",
    "value": -0.0,
    "file": "game:shapes/entity/humanoid/seraphskinparts/hair-extra/largestickbun.json"
  },
  {
    "op": "remove",
    "path": "/elements/0/children/0/children/0/uv",
    "file": "game:shapes/entity/humanoid/seraphskinparts/hair-extra/largestickbun.json"
  },
  {
    "op": "add",
    "path": "/elements/0/children/0/children/0/children",
    "value": [],
    "file": "game:shapes/entity/humanoid/seraphskinparts/hair-extra/largestickbun.json"
  },
  {
    "op": "add",
    "path": "/elements/0/children/0/children/0/group",
    "value": "largestickbun",
    "file": "game:shapes/entity/humanoid/seraphskinparts/hair-extra/largestickbun.json"
  },
  {
    "op": "add",
    "path": "/elements/0/children/0/children/0/faces/down/autoUv",
    "value": false,
    "file": "game:shapes/entity/humanoid/seraphskinparts/hair-extra/largestickbun.json"
  },
  {
    "op": "replace",
    "path": "/elements/0/children/0/children/0/faces/down/uv/0",
    "value": 24.0,
    "file": "game:shapes/entity/humanoid/seraphskinparts/hair-extra/largestickbun.json"
  },
  {
    "op": "replace",
    "path": "/elements/0/children/0/children/0/faces/down/uv/1",
    "value": 35.0,
    "file": "game:shapes/entity/humanoid/seraphskinparts/hair-extra/largestickbun.json"
  },
  {
    "op": "replace",
    "path": "/elements/0/children/0/children/0/faces/down/uv/2",
    "value": 23.0,
    "file": "game:shapes/entity/humanoid/seraphskinparts/hair-extra/largestickbun.json"
  },
  {
    "op": "replace",
    "path": "/elements/0/children/0/children/0/faces/down/uv/3",
    "value": 32.0,
    "file": "game:shapes/entity/humanoid/seraphskinparts/hair-extra/largestickbun.json"
  },
  {
    "op": "add",
    "path": "/elements/0/children/0/children/0/faces/east/autoUv",
    "value": false,
    "file": "game:shapes/entity/humanoid/seraphskinparts/hair-extra/largestickbun.json"
  },
  {
    "op": "add",
    "path": "/elements/0/children/0/children/0/faces/north/autoUv",
    "value": false,
    "file": "game:shapes/entity/humanoid/seraphskinparts/hair-extra/largestickbun.json"
  },
  {
    "op": "add",
    "path": "/elements/0/children/0/children/0/faces/south/autoUv",
    "value": false,
    "file": "game:shapes/entity/humanoid/seraphskinparts/hair-extra/largestickbun.json"
  },
  {
    "op": "add",
    "path": "/elements/0/children/0/children/0/faces/up/autoUv",
    "value": false,
    "file": "game:shapes/entity/humanoid/seraphskinparts/hair-extra/largestickbun.json"
  },
  {
    "op": "replace",
    "path": "/elements/0/children/0/children/0/name",
    "value": "BunBack.001",
    "file": "game:shapes/entity/humanoid/seraphskinparts/hair-extra/largestickbun.json"
  },
  {
    "op": "remove",
    "path": "/elements/0/children/0/children/1/uv",
    "file": "game:shapes/entity/humanoid/seraphskinparts/hair-extra/largestickbun.json"
  },
  {
    "op": "add",
    "path": "/elements/0/children/0/children/1/group",
    "value": "largestickbun",
    "file": "game:shapes/entity/humanoid/seraphskinparts/hair-extra/largestickbun.json"
  },
  {
    "op": "add",
    "path": "/elements/0/children/0/children/1/rotationY",
    "value": -0.0,
    "file": "game:shapes/entity/humanoid/seraphskinparts/hair-extra/largestickbun.json"
  },
  {
    "op": "remove",
    "path": "/elements/0/children/0/children/1/children/0/uv",
    "file": "game:shapes/entity/humanoid/seraphskinparts/hair-extra/largestickbun.json"
  },
  {
    "op": "add",
    "path": "/elements/0/children/0/children/1/children/0/children",
    "value": [],
    "file": "game:shapes/entity/humanoid/seraphskinparts/hair-extra/largestickbun.json"
  },
  {
    "op": "add",
    "path": "/elements/0/children/0/children/1/children/0/group",
    "value": "largestickbun",
    "file": "game:shapes/entity/humanoid/seraphskinparts/hair-extra/largestickbun.json"
  },
  {
    "op": "add",
    "path": "/elements/0/children/0/children/1/children/0/faces/down/autoUv",
    "value": false,
    "file": "game:shapes/entity/humanoid/seraphskinparts/hair-extra/largestickbun.json"
  },
  {
    "op": "replace",
    "path": "/elements/0/children/0/children/1/children/0/faces/down/uv/0",
    "value": 3.0,
    "file": "game:shapes/entity/humanoid/seraphskinparts/hair-extra/largestickbun.json"
  },
  {
    "op": "replace",
    "path": "/elements/0/children/0/children/1/children/0/faces/down/uv/1",
    "value": 9.0,
    "file": "game:shapes/entity/humanoid/seraphskinparts/hair-extra/largestickbun.json"
  },
  {
    "op": "replace",
    "path": "/elements/0/children/0/children/1/children/0/faces/down/uv/2",
    "value": 2.0,
    "file": "game:shapes/entity/humanoid/seraphskinparts/hair-extra/largestickbun.json"
  },
  {
    "op": "replace",
    "path": "/elements/0/children/0/children/1/children/0/faces/down/uv/3",
    "value": 4.0,
    "file": "game:shapes/entity/humanoid/seraphskinparts/hair-extra/largestickbun.json"
  },
  {
    "op": "add",
    "path": "/elements/0/children/0/children/1/children/0/faces/east/autoUv",
    "value": false,
    "file": "game:shapes/entity/humanoid/seraphskinparts/hair-extra/largestickbun.json"
  },
  {
    "op": "add",
    "path": "/elements/0/children/0/children/1/children/0/faces/south/autoUv",
    "value": false,
    "file": "game:shapes/entity/humanoid/seraphskinparts/hair-extra/largestickbun.json"
  },
  {
    "op": "add",
    "path": "/elements/0/children/0/children/1/children/0/faces/up/autoUv",
    "value": false,
    "file": "game:shapes/entity/humanoid/seraphskinparts/hair-extra/largestickbun.json"
  },
  {
    "op": "add",
    "path": "/elements/0/children/0/children/1/children/0/faces/west/autoUv",
    "value": false,
    "file": "game:shapes/entity/humanoid/seraphskinparts/hair-extra/largestickbun.json"
  },
  {
    "op": "add",
    "path": "/elements/0/children/0/children/1/faces/down/autoUv",
    "value": false,
    "file": "game:shapes/entity/humanoid/seraphskinparts/hair-extra/largestickbun.json"
  },
  {
    "op": "replace",
    "path": "/elements/0/children/0/children/1/faces/down/uv/0",
    "value": 8.0,
    "file": "game:shapes/entity/humanoid/seraphskinparts/hair-extra/largestickbun.json"
  },
  {
    "op": "replace",
    "path": "/elements/0/children/0/children/1/faces/down/uv/1",
    "value": 4.0,
    "file": "game:shapes/entity/humanoid/seraphskinparts/hair-extra/largestickbun.json"
  },
  {
    "op": "replace",
    "path": "/elements/0/children/0/children/1/faces/down/uv/2",
    "value": 7.0,
    "file": "game:shapes/entity/humanoid/seraphskinparts/hair-extra/largestickbun.json"
  },
  {
    "op": "replace",
    "path": "/elements/0/children/0/children/1/faces/down/uv/3",
    "value": 3.0,
    "file": "game:shapes/entity/humanoid/seraphskinparts/hair-extra/largestickbun.json"
  },
  {
    "op": "add",
    "path": "/elements/0/children/0/children/1/faces/east/autoUv",
    "value": false,
    "file": "game:shapes/entity/humanoid/seraphskinparts/hair-extra/largestickbun.json"
  },
  {
    "op": "add",
    "path": "/elements/0/children/0/children/1/faces/north/autoUv",
    "value": false,
    "file": "game:shapes/entity/humanoid/seraphskinparts/hair-extra/largestickbun.json"
  },
  {
    "op": "add",
    "path": "/elements/0/children/0/children/1/faces/south/autoUv",
    "value": false,
    "file": "game:shapes/entity/humanoid/seraphskinparts/hair-extra/largestickbun.json"
  },
  {
    "op": "add",
    "path": "/elements/0/children/0/children/1/faces/up/autoUv",
    "value": false,
    "file": "game:shapes/entity/humanoid/seraphskinparts/hair-extra/largestickbun.json"
  },
  {
    "op": "add",
    "path": "/elements/0/children/0/children/1/faces/west/autoUv",
    "value": false,
    "file": "game:shapes/entity/humanoid/seraphskinparts/hair-extra/largestickbun.json"
  },
  {
    "op": "add",
    "path": "/elements/0/children/0/faces/down/autoUv",
    "value": false,
    "file": "game:shapes/entity/humanoid/seraphskinparts/hair-extra/largestickbun.json"
  },
  {
    "op": "replace",
    "path": "/elements/0/children/0/faces/down/uv/0",
    "value": 26.0,
    "file": "game:shapes/entity/humanoid/seraphskinparts/hair-extra/largestickbun.json"
  },
  {
    "op": "replace",
    "path": "/elements/0/children/0/faces/down/uv/1",
    "value": 36.5,
    "file": "game:shapes/entity/humanoid/seraphskinparts/hair-extra/largestickbun.json"
  },
  {
    "op": "replace",
    "path": "/elements/0/children/0/faces/down/uv/2",
    "value": 25.0,
    "file": "game:shapes/entity/humanoid/seraphskinparts/hair-extra/largestickbun.json"
  },
  {
    "op": "replace",
    "path": "/elements/0/children/0/faces/down/uv/3",
    "value": 32.5,
    "file": "game:shapes/entity/humanoid/seraphskinparts/hair-extra/largestickbun.json"
  },
  {
    "op": "add",
    "path": "/elements/0/children/0/faces/east/autoUv",
    "value": false,
    "file": "game:shapes/entity/humanoid/seraphskinparts/hair-extra/largestickbun.json"
  },
  {
    "op": "add",
    "path": "/elements/0/children/0/faces/north/autoUv",
    "value": false,
    "file": "game:shapes/entity/humanoid/seraphskinparts/hair-extra/largestickbun.json"
  },
  {
    "op": "add",
    "path": "/elements/0/children/0/faces/south/autoUv",
    "value": false,
    "file": "game:shapes/entity/humanoid/seraphskinparts/hair-extra/largestickbun.json"
  },
  {
    "op": "add",
    "path": "/elements/0/children/0/faces/up/autoUv",
    "value": false,
    "file": "game:shapes/entity/humanoid/seraphskinparts/hair-extra/largestickbun.json"
  },
  {
    "op": "add",
    "path": "/elements/0/children/0/faces/west/autoUv",
    "value": false,
    "file": "game:shapes/entity/humanoid/seraphskinparts/hair-extra/largestickbun.json"
  },
  {
    "op": "replace",
    "path": "/elements/0/children/0/from/0",
    "value": 5.31,
    "file": "game:shapes/entity/humanoid/seraphskinparts/hair-extra/largestickbun.json"
  },
  {
    "op": "replace",
    "path": "/elements/0/children/0/from/1",
    "value": 0.5,
    "file": "game:shapes/entity/humanoid/seraphskinparts/hair-extra/largestickbun.json"
  },
  {
    "op": "replace",
    "path": "/elements/0/children/0/rotationOrigin/0",
    "value": 5.31,
    "file": "game:shapes/entity/humanoid/seraphskinparts/hair-extra/largestickbun.json"
  },
  {
    "op": "replace",
    "path": "/elements/0/children/0/rotationOrigin/1",
    "value": 2.5,
    "file": "game:shapes/entity/humanoid/seraphskinparts/hair-extra/largestickbun.json"
  },
  {
    "op": "replace",
    "path": "/elements/0/children/0/to/0",
    "value": 6.31,
    "file": "game:shapes/entity/humanoid/seraphskinparts/hair-extra/largestickbun.json"
  },
  {
    "op": "replace",
    "path": "/elements/0/children/0/to/1",
    "value": 4.5,
    "file": "game:shapes/entity/humanoid/seraphskinparts/hair-extra/largestickbun.json"
  },
  {
    "op": "replace",
    "path": "/elements/0/from/0",
    "value": -0.0,
    "file": "game:shapes/entity/humanoid/seraphskinparts/hair-extra/largestickbun.json"
  },
  {
    "op": "replace",
    "path": "/elements/0/from/1",
    "value": -0.0,
    "file": "game:shapes/entity/humanoid/seraphskinparts/hair-extra/largestickbun.json"
  },
  {
    "op": "replace",
    "path": "/elements/0/name",
    "value": "hideme",
    "file": "game:shapes/entity/humanoid/seraphskinparts/hair-extra/largestickbun.json"
  },
  {
    "op": "replace",
    "path": "/textures/birch",
    "value": "birch",
    "file": "game:shapes/entity/humanoid/seraphskinparts/hair-extra/largestickbun.json"
  },
  {
    "op": "replace",
    "path": "/textures/hair",
    "value": "silverchalice",
    "file": "game:shapes/entity/humanoid/seraphskinparts/hair-extra/largestickbun.json"
  },
  {
    "op": "replace",
    "path": "/textureSizes/birch/0",
    "value": 48,
    "file": "game:shapes/entity/humanoid/seraphskinparts/hair-extra/largestickbun.json"
  },
  {
    "op": "replace",
    "path": "/textureSizes/birch/1",
    "value": 48,
    "file": "game:shapes/entity/humanoid/seraphskinparts/hair-extra/largestickbun.json"
  }
]