[
  {
    "op": "replace",
    "path": "/editor/backDropShape",
    "value": "shapes/entity/humanoid/seraph-hairless",
    "file": "game:shapes/entity/humanoid/seraphskinparts/hair-face/mst-line10-sheriff.json"
  },
  {
    "op": "replace",
    "path": "/elements/0/from/0",
    "value": -2.15,
    "file": "game:shapes/entity/humanoid/seraphskinparts/hair-face/mst-line10-sheriff.json"
  },
  {
    "op": "replace",
    "path": "/elements/0/from/1",
    "value": 0.8,
    "file": "game:shapes/entity/humanoid/seraphskinparts/hair-face/mst-line10-sheriff.json"
  },
  {
    "op": "replace",
    "path": "/elements/0/rotationOrigin/0",
    "value": -1.9,
    "file": "game:shapes/entity/humanoid/seraphskinparts/hair-face/mst-line10-sheriff.json"
  },
  {
    "op": "replace",
    "path": "/elements/0/to/0",
    "value": -1.95,
    "file": "game:shapes/entity/humanoid/seraphskinparts/hair-face/mst-line10-sheriff.json"
  },
  {
    "op": "replace",
    "path": "/elements/0/to/1",
    "value": 1.2,
    "file": "game:shapes/entity/humanoid/seraphskinparts/hair-face/mst-line10-sheriff.json"
  },
  {
    "op": "remove",
    "path": "/textures/hair",
    "file": "game:shapes/entity/humanoid/seraphskinparts/hair-face/mst-line10-sheriff.json"
  }
]