[
  {
    "op": "remove",
    "path": "/editor",
    "file": "game:shapes/entity/humanoid/seraphskinparts/hair-extra/braidedup.json"
  },
  {
    "op": "add",
    "path": "/groups",
    "value": [],
    "file": "game:shapes/entity/humanoid/seraphskinparts/hair-extra/braidedup.json"
  },
  {
    "op": "remove",
    "path": "/elements/0/uv",
    "file": "game:shapes/entity/humanoid/seraphskinparts/hair-extra/braidedup.json"
  },
  {
    "op": "add",
    "path": "/elements/0/group",
    "value": "braidedup",
    "file": "game:shapes/entity/humanoid/seraphskinparts/hair-extra/braidedup.json"
  },
  {
    "op": "add",
    "path": "/elements/0/rotationOrigin",
    "value": [
      -0.0,
      -0.0,
      0.0
    ],
    "file": "game:shapes/entity/humanoid/seraphskinparts/hair-extra/braidedup.json"
  },
  {
    "op": "replace",
    "path": "/elements/0/children",
    "value": [
      {
        "name": "hideme",
        "from": [
          0.0,
          -0.0,
          -0.0
        ],
        "to": [
          1.0,
          1.0,
          1.0
        ],
        "rotationOrigin": [
          0.0,
          -0.0,
          -0.0
        ],
        "group": "braidedup",
        "faces": {},
        "children": [
          {
            "name": "BraidTop",
            "from": [
              1.0,
              4.3,
              1.4
            ],
            "to": [
              5.3,
              5.7,
              3.5
            ],
            "rotationOrigin": [
              3.0,
              4.3,
              1.4
            ],
            "group": "braidedup",
            "faces": {
              "north": {
                "texture": "#hair",
                "uv": [
                  29.5,
                  33.0,
                  34.5,
                  34.0
                ],
                "autoUv": false
              },
              "east": {
                "texture": "#hair",
                "uv": [
                  30.0,
                  37.0,
                  32.0,
                  38.0
                ],
                "autoUv": false
              },
              "south": {
                "texture": "#hair",
                "uv": [
                  34.5,
                  33.0,
                  39.5,
                  34.0
                ],
                "autoUv": false
              },
              "west": {
                "texture": "#hair",
                "uv": [
                  36.5,
                  32.0,
                  38.5,
                  33.0
                ],
                "autoUv": false
              },
              "up": {
                "texture": "#hair",
                "uv": [
                  29.5,
                  31.0,
                  34.5,
                  33.0
                ],
                "autoUv": false
              }
            },
            "children": [
              {
                "name": "BraidFront",
                "from": [
                  -0.3,
                  -0.7,
                  0.05
                ],
                "to": [
                  1.2,
                  0.3,
                  2.05
                ],
                "rotationOrigin": [
                  -0.3,
                  -0.7,
                  0.9
                ],
                "rotationZ": 45.0,
                "group": "braidedup",
                "faces": {
                  "north": {
                    "texture": "#hair",
                    "uv": [
                      25.5,
                      2.5,
                      27.0,
                      3.5
                    ],
                    "autoUv": false
                  },
                  "south": {
                    "texture": "#hair",
                    "uv": [
                      27.0,
                      2.5,
                      28.5,
                      3.5
                    ],
                    "autoUv": false
                  },
                  "up": {
                    "texture": "#hair",
                    "uv": [
                      25.5,
                      0.5,
                      27.0,
                      2.5
                    ],
                    "autoUv": false
                  }
                },
                "children": []
              },
              {
                "name": "Cube1",
                "from": [
                  -0.0,
                  0.8,
                  1.0
                ],
                "to": [
                  4.3,
                  2.8,
                  1.0
                ],
                "rotationOrigin": [
                  2.5,
                  0.1,
                  1.0
                ],
                "rotationX": -42.0,
                "rotationY": -0.0,
                "rotationZ": -0.0,
                "group": "braidedup",
                "faces": {
                  "north": {
                    "texture": "#hair",
                    "uv": [
                      28.0,
                      41.5,
                      33.0,
                      43.5
                    ],
                    "autoUv": false,
                    "rotation": 180
                  }
                },
                "children": []
              },
              {
                "name": "Cube7",
                "from": [
                  -0.0,
                  0.8,
                  1.0
                ],
                "to": [
                  4.3,
                  2.8,
                  1.0
                ],
                "rotationOrigin": [
                  2.5,
                  0.1,
                  1.0
                ],
                "rotationX": 42.0,
                "rotationY": 0.0,
                "rotationZ": -0.0,
                "group": "braidedup",
                "faces": {
                  "north": {
                    "texture": "#hair",
                    "uv": [
                      28.0,
                      41.5,
                      33.0,
                      43.5
                    ],
                    "autoUv": false,
                    "rotation": 180
                  }
                },
                "children": []
              },
              {
                "name": "Cube8",
                "from": [
                  -0.0,
                  0.6,
                  1.0
                ],
                "to": [
                  4.3,
                  2.6,
                  1.0
                ],
                "rotationOrigin": [
                  2.5,
                  0.1,
                  1.0
                ],
                "rotationX": 80.0,
                "rotationY": -0.0,
                "rotationZ": -0.0,
                "group": "braidedup",
                "faces": {
                  "north": {
                    "texture": "#hair",
                    "uv": [
                      28.0,
                      41.5,
                      33.0,
                      43.5
                    ],
                    "autoUv": false,
                    "rotation": 180
                  }
                },
                "children": []
              },
              {
                "name": "Cube9",
                "from": [
                  -0.0,
                  0.6,
                  1.0
                ],
                "to": [
                  4.3,
                  2.6,
                  1.0
                ],
                "rotationOrigin": [
                  2.5,
                  0.1,
                  1.0
                ],
                "rotationX": -80.0,
                "rotationY": 0.0,
                "rotationZ": -0.0,
                "group": "braidedup",
                "faces": {
                  "south": {
                    "texture": "#hair",
                    "uv": [
                      14.0,
                      4.0,
                      19.0,
                      6.0
                    ],
                    "autoUv": false,
                    "rotation": 180
                  }
                },
                "children": []
              }
            ]
          }
        ]
      },
      {
        "name": "ponytail1",
        "from": [
          4.25,
          1.6,
          0.8
        ],
        "to": [
          6.65,
          4.03,
          3.2
        ],
        "rotationOrigin": [
          5.15,
          1.6,
          2.5
        ],
        "rotationY": -45.0,
        "group": "braidedup",
        "faces": {
          "west": {
            "texture": "#hair",
            "uv": [
              21.5,
              33.5,
              23.5,
              36.5
            ],
            "autoUv": false
          },
          "north": {
            "texture": "#hair",
            "uv": [
              30.0,
              34.0,
              32.0,
              37.0
            ],
            "autoUv": false
          },
          "east": {
            "texture": "#hair",
            "uv": [
              32.0,
              34.0,
              34.0,
              37.0
            ],
            "autoUv": false
          },
          "south": {
            "texture": "#hair",
            "uv": [
              24.5,
              32.0,
              26.5,
              35.0
            ],
            "autoUv": false
          },
          "down": {
            "texture": "#hair",
            "uv": [
              34.0,
              34.0,
              32.0,
              32.0
            ],
            "autoUv": false,
            "rotation": 90
          },
          "up": {
            "texture": "#hair",
            "uv": [
              30.0,
              32.0,
              32.0,
              34.0
            ],
            "autoUv": false,
            "rotation": 270
          }
        },
        "children": [
          {
            "name": "BraidDown",
            "from": [
              1.0,
              -1.8,
              -0.2
            ],
            "to": [
              2.4,
              0.4,
              1.8
            ],
            "rotationOrigin": [
              1.5,
              0.2,
              0.8
            ],
            "rotationX": 0.0,
            "rotationY": 45.0,
            "rotationZ": -35.0,
            "group": "braidedup",
            "faces": {
              "north": {
                "texture": "#hair",
                "uv": [
                  33.0,
                  34.5,
                  34.0,
                  36.5
                ],
                "autoUv": false
              },
              "east": {
                "texture": "#hair",
                "uv": [
                  34.0,
                  34.5,
                  36.0,
                  36.5
                ],
                "autoUv": false
              },
              "south": {
                "texture": "#hair",
                "uv": [
                  36.0,
                  34.5,
                  37.0,
                  36.5
                ],
                "autoUv": false
              },
              "up": {
                "texture": "#hair",
                "uv": [
                  33.0,
                  32.5,
                  34.0,
                  34.5
                ],
                "autoUv": false
              }
            },
            "children": []
          },
          {
            "name": "BraidUp",
            "from": [
              0.5,
              1.71,
              -0.2
            ],
            "to": [
              2.5,
              3.71,
              1.8
            ],
            "rotationOrigin": [
              1.0,
              1.71,
              0.8
            ],
            "rotationX": 0.0,
            "rotationY": 45.0,
            "rotationZ": 42.0,
            "group": "braidedup",
            "faces": {
              "north": {
                "texture": "#hair",
                "uv": [
                  35.5,
                  34.5,
                  37.5,
                  36.5
                ],
                "autoUv": false
              },
              "east": {
                "texture": "#hair",
                "uv": [
                  37.5,
                  34.5,
                  39.5,
                  36.5
                ],
                "autoUv": false
              },
              "south": {
                "texture": "#hair",
                "uv": [
                  39.5,
                  34.5,
                  41.5,
                  36.5
                ],
                "autoUv": false
              },
              "up": {
                "texture": "#hair",
                "uv": [
                  35.5,
                  32.5,
                  37.5,
                  34.5
                ],
                "autoUv": false
              }
            },
            "children": [
              {
                "name": "Cube10",
                "from": [
                  0.0,
                  -1.5,
                  0.9
                ],
                "to": [
                  2.5,
                  2.5,
                  0.9
                ],
                "rotationOrigin": [
                  0.0,
                  0.5,
                  0.9
                ],
                "rotationX": 0.0,
                "rotationY": 0.0,
                "rotationZ": 1.0,
                "group": "braidedup",
                "faces": {
                  "north": {
                    "texture": "#hair",
                    "uv": [
                      22.0,
                      10.5,
                      26.0,
                      13.0
                    ],
                    "autoUv": false,
                    "rotation": 90
                  }
                },
                "children": []
              }
            ]
          }
        ]
      }
    ],
    "file": "game:shapes/entity/humanoid/seraphskinparts/hair-extra/braidedup.json"
  },
  {
    "op": "replace",
    "path": "/elements/0/from/0",
    "value": -0.0,
    "file": "game:shapes/entity/humanoid/seraphskinparts/hair-extra/braidedup.json"
  },
  {
    "op": "replace",
    "path": "/elements/0/from/1",
    "value": -0.0,
    "file": "game:shapes/entity/humanoid/seraphskinparts/hair-extra/braidedup.json"
  },
  {
    "op": "replace",
    "path": "/elements/0/name",
    "value": "hideme",
    "file": "game:shapes/entity/humanoid/seraphskinparts/hair-extra/braidedup.json"
  },
  {
    "op": "remove",
    "path": "/textures/birch",
    "file": "game:shapes/entity/humanoid/seraphskinparts/hair-extra/braidedup.json"
  },
  {
    "op": "replace",
    "path": "/textures/hair",
    "value": "silverchalice",
    "file": "game:shapes/entity/humanoid/seraphskinparts/hair-extra/braidedup.json"
  },
  {
    "op": "remove",
    "path": "/textureSizes/birch",
    "file": "game:shapes/entity/humanoid/seraphskinparts/hair-extra/braidedup.json"
  }
]