[
  {
    "op": "remove",
    "path": "/editor",
    "file": "game:shapes/entity/humanoid/seraphskinparts/hair-extra/tiedback.json"
  },
  {
    "op": "add",
    "path": "/groups",
    "value": [],
    "file": "game:shapes/entity/humanoid/seraphskinparts/hair-extra/tiedback.json"
  },
  {
    "op": "remove",
    "path": "/elements/0/uv",
    "file": "game:shapes/entity/humanoid/seraphskinparts/hair-extra/tiedback.json"
  },
  {
    "op": "add",
    "path": "/elements/0/group",
    "value": "tiedback",
    "file": "game:shapes/entity/humanoid/seraphskinparts/hair-extra/tiedback.json"
  },
  {
    "op": "add",
    "path": "/elements/0/rotationOrigin",
    "value": [
      -0.0,
      -0.0,
      0.0
    ],
    "file": "game:shapes/entity/humanoid/seraphskinparts/hair-extra/tiedback.json"
  },
  {
    "op": "remove",
    "path": "/elements/0/children/0/uv",
    "file": "game:shapes/entity/humanoid/seraphskinparts/hair-extra/tiedback.json"
  },
  {
    "op": "add",
    "path": "/elements/0/children/0/group",
    "value": "tiedback",
    "file": "game:shapes/entity/humanoid/seraphskinparts/hair-extra/tiedback.json"
  },
  {
    "op": "add",
    "path": "/elements/0/children/0/rotationOrigin",
    "value": [
      5.94,
      2.01,
      2.5
    ],
    "file": "game:shapes/entity/humanoid/seraphskinparts/hair-extra/tiedback.json"
  },
  {
    "op": "add",
    "path": "/elements/0/children/0/rotationZ",
    "value": 14.0,
    "file": "game:shapes/entity/humanoid/seraphskinparts/hair-extra/tiedback.json"
  },
  {
    "op": "replace",
    "path": "/elements/0/children/0/children",
    "value": [
      {
        "name": "HairLow",
        "from": [
          -0.1,
          -2.4,
          0.2
        ],
        "to": [
          0.9,
          1.6,
          1.2
        ],
        "rotationOrigin": [
          0.4,
          1.6,
          0.7
        ],
        "rotationX": -18.55,
        "rotationY": -40.49,
        "rotationZ": -26.29,
        "group": "tiedback",
        "faces": {
          "north": {
            "texture": "#hair",
            "uv": [
              15.5,
              2.0,
              16.5,
              6.0
            ],
            "autoUv": false
          },
          "east": {
            "texture": "#hair",
            "uv": [
              16.5,
              2.0,
              17.5,
              6.0
            ],
            "autoUv": false
          },
          "south": {
            "texture": "#hair",
            "uv": [
              17.5,
              2.0,
              18.5,
              6.0
            ],
            "autoUv": false
          },
          "west": {
            "texture": "#hair",
            "uv": [
              18.5,
              2.0,
              19.5,
              6.0
            ],
            "autoUv": false
          },
          "up": {
            "texture": "#hair",
            "uv": [
              30.0,
              12.0,
              42.0,
              24.0
            ],
            "autoUv": false,
            "rotation": 270
          }
        },
        "children": []
      },
      {
        "name": "HairLow7",
        "from": [
          -0.1,
          -2.4,
          0.2
        ],
        "to": [
          0.9,
          1.6,
          1.2
        ],
        "rotationOrigin": [
          0.4,
          1.6,
          0.7
        ],
        "rotationX": 15.77,
        "rotationY": -27.1,
        "rotationZ": -11.67,
        "group": "tiedback",
        "faces": {
          "north": {
            "texture": "#hair",
            "uv": [
              18.5,
              2.0,
              19.5,
              6.0
            ],
            "autoUv": false
          },
          "east": {
            "texture": "#hair",
            "uv": [
              19.5,
              2.0,
              20.5,
              6.0
            ],
            "autoUv": false
          },
          "south": {
            "texture": "#hair",
            "uv": [
              20.5,
              2.0,
              21.5,
              6.0
            ],
            "autoUv": false
          },
          "west": {
            "texture": "#hair",
            "uv": [
              21.5,
              2.0,
              22.5,
              6.0
            ],
            "autoUv": false
          },
          "up": {
            "texture": "#hair",
            "uv": [
              30.0,
              12.0,
              42.0,
              24.0
            ],
            "autoUv": false,
            "rotation": 270
          }
        },
        "children": []
      },
      {
        "name": "HairLow8",
        "from": [
          -0.1,
          -2.4,
          0.2
        ],
        "to": [
          0.9,
          1.6,
          1.2
        ],
        "rotationOrigin": [
          0.4,
          1.6,
          0.7
        ],
        "rotationX": -19.0,
        "rotationY": -0.0,
        "rotationZ": -19.0,
        "group": "tiedback",
        "faces": {},
        "children": []
      },
      {
        "name": "HairMid3",
        "from": [
          0.0,
          3.0,
          0.05
        ],
        "to": [
          1.5,
          5.5,
          1.45
        ],
        "rotationOrigin": [
          1.5,
          3.0,
          0.8
        ],
        "rotationZ": 36.0,
        "group": "tiedback",
        "faces": {
          "north": {
            "texture": "#hair",
            "uv": [
              17.5,
              1.5,
              19.0,
              4.0
            ],
            "autoUv": false
          },
          "east": {
            "texture": "#hair",
            "uv": [
              19.0,
              1.5,
              20.0,
              4.0
            ],
            "autoUv": false
          },
          "south": {
            "texture": "#hair",
            "uv": [
              20.0,
              1.5,
              21.5,
              4.0
            ],
            "autoUv": false
          },
          "west": {
            "texture": "#hair",
            "uv": [
              21.5,
              1.5,
              22.5,
              4.0
            ],
            "autoUv": false
          },
          "down": {
            "texture": "#hair",
            "uv": [
              18.0,
              24.0,
              6.0,
              12.0
            ],
            "autoUv": false,
            "rotation": 270
          },
          "up": {
            "texture": "#hair",
            "uv": [
              17.5,
              0.5,
              19.0,
              1.5
            ],
            "autoUv": false
          }
        },
        "children": []
      }
    ],
    "file": "game:shapes/entity/humanoid/seraphskinparts/hair-extra/tiedback.json"
  },
  {
    "op": "add",
    "path": "/elements/0/children/0/faces/east",
    "value": {
      "texture": "#hair",
      "uv": [
        19.0,
        2.0,
        20.5,
        5.0
      ],
      "autoUv": false
    },
    "file": "game:shapes/entity/humanoid/seraphskinparts/hair-extra/tiedback.json"
  },
  {
    "op": "add",
    "path": "/elements/0/children/0/faces/north",
    "value": {
      "texture": "#hair",
      "uv": [
        17.5,
        2.0,
        19.0,
        5.0
      ],
      "autoUv": false
    },
    "file": "game:shapes/entity/humanoid/seraphskinparts/hair-extra/tiedback.json"
  },
  {
    "op": "add",
    "path": "/elements/0/children/0/faces/south",
    "value": {
      "texture": "#hair",
      "uv": [
        20.5,
        2.0,
        22.0,
        5.0
      ],
      "autoUv": false
    },
    "file": "game:shapes/entity/humanoid/seraphskinparts/hair-extra/tiedback.json"
  },
  {
    "op": "add",
    "path": "/elements/0/children/0/faces/up",
    "value": {
      "texture": "#hair",
      "uv": [
        17.5,
        0.5,
        19.0,
        2.0
      ],
      "autoUv": false
    },
    "file": "game:shapes/entity/humanoid/seraphskinparts/hair-extra/tiedback.json"
  },
  {
    "op": "add",
    "path": "/elements/0/children/0/faces/west",
    "value": {
      "texture": "#hair",
      "uv": [
        22.0,
        2.0,
        23.5,
        5.0
      ],
      "autoUv": false
    },
    "file": "game:shapes/entity/humanoid/seraphskinparts/hair-extra/tiedback.json"
  },
  {
    "op": "replace",
    "path": "/elements/0/children/0/from/0",
    "value": 5.14,
    "file": "game:shapes/entity/humanoid/seraphskinparts/hair-extra/tiedback.json"
  },
  {
    "op": "replace",
    "path": "/elements/0/children/0/from/1",
    "value": -1.99,
    "file": "game:shapes/entity/humanoid/seraphskinparts/hair-extra/tiedback.json"
  },
  {
    "op": "replace",
    "path": "/elements/0/children/0/from/2",
    "value": 1.7,
    "file": "game:shapes/entity/humanoid/seraphskinparts/hair-extra/tiedback.json"
  },
  {
    "op": "replace",
    "path": "/elements/0/children/0/name",
    "value": "HairMid",
    "file": "game:shapes/entity/humanoid/seraphskinparts/hair-extra/tiedback.json"
  },
  {
    "op": "replace",
    "path": "/elements/0/children/0/to/0",
    "value": 6.64,
    "file": "game:shapes/entity/humanoid/seraphskinparts/hair-extra/tiedback.json"
  },
  {
    "op": "replace",
    "path": "/elements/0/children/0/to/1",
    "value": 1.01,
    "file": "game:shapes/entity/humanoid/seraphskinparts/hair-extra/tiedback.json"
  },
  {
    "op": "replace",
    "path": "/elements/0/children/0/to/2",
    "value": 3.2,
    "file": "game:shapes/entity/humanoid/seraphskinparts/hair-extra/tiedback.json"
  },
  {
    "op": "remove",
    "path": "/elements/0/children/1/rotationZ",
    "file": "game:shapes/entity/humanoid/seraphskinparts/hair-extra/tiedback.json"
  },
  {
    "op": "remove",
    "path": "/elements/0/children/1/uv",
    "file": "game:shapes/entity/humanoid/seraphskinparts/hair-extra/tiedback.json"
  },
  {
    "op": "add",
    "path": "/elements/0/children/1/group",
    "value": "tiedback",
    "file": "game:shapes/entity/humanoid/seraphskinparts/hair-extra/tiedback.json"
  },
  {
    "op": "replace",
    "path": "/elements/0/children/1/children",
    "value": [
      {
        "name": "HairBack",
        "from": [
          3.25,
          1.0,
          1.5
        ],
        "to": [
          5.25,
          3.54,
          3.5
        ],
        "rotationOrigin": [
          4.25,
          4.0,
          2.5
        ],
        "rotationZ": 36.0,
        "group": "tiedback",
        "faces": {
          "north": {
            "texture": "#hair",
            "uv": [
              39.0,
              11.5,
              41.0,
              14.5
            ],
            "autoUv": false
          },
          "east": {
            "texture": "#hair",
            "uv": [
              41.0,
              11.5,
              43.0,
              14.5
            ],
            "autoUv": false
          },
          "south": {
            "texture": "#hair",
            "uv": [
              43.0,
              11.5,
              45.0,
              14.5
            ],
            "autoUv": false
          },
          "west": {
            "texture": "#hair",
            "uv": [
              18.0,
              0.0,
              30.0,
              12.0
            ],
            "autoUv": false,
            "rotation": 270
          },
          "down": {
            "texture": "#hair",
            "uv": [
              41.0,
              11.5,
              39.0,
              9.5
            ],
            "autoUv": false
          }
        },
        "children": [
          {
            "name": "Cube1.003",
            "from": [
              1.2,
              -3.0,
              1.5
            ],
            "to": [
              1.8,
              1.0,
              2.1
            ],
            "rotationOrigin": [
              1.5,
              1.0,
              1.8
            ],
            "rotationX": -8.0,
            "rotationY": -0.0,
            "rotationZ": -19.0,
            "group": "tiedback",
            "faces": {
              "north": {
                "texture": "#hair",
                "uv": [
                  39.5,
                  18.5,
                  40.0,
                  22.5
                ],
                "autoUv": false
              },
              "east": {
                "texture": "#hair",
                "uv": [
                  40.0,
                  18.5,
                  40.5,
                  22.5
                ],
                "autoUv": false
              },
              "south": {
                "texture": "#hair",
                "uv": [
                  40.5,
                  18.5,
                  41.0,
                  22.5
                ],
                "autoUv": false
              },
              "west": {
                "texture": "#hair",
                "uv": [
                  41.0,
                  18.5,
                  41.5,
                  22.5
                ],
                "autoUv": false
              },
              "down": {
                "texture": "#hair",
                "uv": [
                  18.0,
                  24.0,
                  6.0,
                  12.0
                ],
                "autoUv": false,
                "rotation": 270
              },
              "up": {
                "texture": "#hair",
                "uv": [
                  30.0,
                  12.0,
                  42.0,
                  24.0
                ],
                "autoUv": false,
                "rotation": 270
              }
            },
            "children": []
          },
          {
            "name": "Cube10.001",
            "from": [
              1.2,
              -3.0,
              -0.2
            ],
            "to": [
              1.8,
              1.0,
              0.4
            ],
            "rotationOrigin": [
              1.5,
              1.0,
              0.1
            ],
            "rotationX": 19.0,
            "rotationY": -0.0,
            "rotationZ": -42.0,
            "group": "tiedback",
            "faces": {
              "north": {
                "texture": "#hair",
                "uv": [
                  39.5,
                  18.5,
                  40.0,
                  22.5
                ],
                "autoUv": false
              },
              "east": {
                "texture": "#hair",
                "uv": [
                  40.0,
                  18.5,
                  40.5,
                  22.5
                ],
                "autoUv": false
              },
              "south": {
                "texture": "#hair",
                "uv": [
                  40.5,
                  18.5,
                  41.0,
                  22.5
                ],
                "autoUv": false
              },
              "west": {
                "texture": "#hair",
                "uv": [
                  41.0,
                  18.5,
                  41.5,
                  22.5
                ],
                "autoUv": false
              },
              "up": {
                "texture": "#hair",
                "uv": [
                  30.0,
                  12.0,
                  42.0,
                  24.0
                ],
                "autoUv": false,
                "rotation": 270
              }
            },
            "children": []
          },
          {
            "name": "Cube3",
            "from": [
              0.9,
              -2.2,
              0.0
            ],
            "to": [
              1.9,
              1.8,
              1.0
            ],
            "rotationOrigin": [
              1.4,
              1.8,
              0.5
            ],
            "rotationX": 19.0,
            "rotationY": 0.0,
            "rotationZ": -17.0,
            "group": "tiedback",
            "faces": {
              "north": {
                "texture": "#hair",
                "uv": [
                  13.0,
                  2.5,
                  14.0,
                  6.5
                ],
                "autoUv": false
              },
              "east": {
                "texture": "#hair",
                "uv": [
                  14.0,
                  2.5,
                  15.0,
                  6.5
                ],
                "autoUv": false
              },
              "south": {
                "texture": "#hair",
                "uv": [
                  15.0,
                  2.5,
                  16.0,
                  6.5
                ],
                "autoUv": false
              },
              "west": {
                "texture": "#hair",
                "uv": [
                  16.0,
                  2.5,
                  17.0,
                  6.5
                ],
                "autoUv": false
              },
              "up": {
                "texture": "#hair",
                "uv": [
                  13.0,
                  1.5,
                  14.0,
                  2.5
                ],
                "autoUv": false
              }
            },
            "children": []
          },
          {
            "name": "Cube4",
            "from": [
              1.0,
              -1.6,
              1.0
            ],
            "to": [
              2.0,
              2.4,
              2.0
            ],
            "rotationOrigin": [
              1.5,
              2.4,
              1.5
            ],
            "rotationX": -14.0,
            "rotationY": 0.0,
            "rotationZ": -14.0,
            "group": "tiedback",
            "faces": {
              "north": {
                "texture": "#hair",
                "uv": [
                  12.0,
                  2.5,
                  13.0,
                  6.5
                ],
                "autoUv": false
              },
              "east": {
                "texture": "#hair",
                "uv": [
                  13.0,
                  2.5,
                  14.0,
                  6.5
                ],
                "autoUv": false
              },
              "south": {
                "texture": "#hair",
                "uv": [
                  14.0,
                  2.5,
                  15.0,
                  6.5
                ],
                "autoUv": false
              },
              "west": {
                "texture": "#hair",
                "uv": [
                  15.0,
                  2.5,
                  16.0,
                  6.5
                ],
                "autoUv": false
              },
              "up": {
                "texture": "#hair",
                "uv": [
                  12.0,
                  1.5,
                  13.0,
                  2.5
                ],
                "autoUv": false
              }
            },
            "children": []
          },
          {
            "name": "Cube5.001",
            "from": [
              0.9,
              -4.0,
              0.2
            ],
            "to": [
              1.9,
              1.0,
              1.2
            ],
            "rotationOrigin": [
              1.4,
              1.0,
              0.7
            ],
            "rotationX": 6.0,
            "rotationY": 0.0,
            "rotationZ": -39.0,
            "group": "tiedback",
            "faces": {
              "north": {
                "texture": "#hair",
                "uv": [
                  1.0,
                  1.5,
                  2.0,
                  6.5
                ],
                "autoUv": false
              },
              "east": {
                "texture": "#hair",
                "uv": [
                  2.0,
                  1.5,
                  3.0,
                  6.5
                ],
                "autoUv": false
              },
              "south": {
                "texture": "#hair",
                "uv": [
                  3.0,
                  1.5,
                  4.0,
                  6.5
                ],
                "autoUv": false
              },
              "west": {
                "texture": "#hair",
                "uv": [
                  4.0,
                  1.5,
                  5.0,
                  6.5
                ],
                "autoUv": false
              },
              "up": {
                "texture": "#hair",
                "uv": [
                  1.0,
                  0.5,
                  2.0,
                  1.5
                ],
                "autoUv": false
              }
            },
            "children": []
          }
        ]
      },
      {
        "name": "HairMid2",
        "from": [
          5.38,
          1.04,
          1.7
        ],
        "to": [
          6.88,
          2.04,
          3.2
        ],
        "rotationOrigin": [
          6.18,
          1.04,
          2.5
        ],
        "rotationZ": 14.0,
        "group": "tiedback",
        "faces": {},
        "children": []
      }
    ],
    "file": "game:shapes/entity/humanoid/seraphskinparts/hair-extra/tiedback.json"
  },
  {
    "op": "remove",
    "path": "/elements/0/children/1/faces/east",
    "file": "game:shapes/entity/humanoid/seraphskinparts/hair-extra/tiedback.json"
  },
  {
    "op": "remove",
    "path": "/elements/0/children/1/faces/north",
    "file": "game:shapes/entity/humanoid/seraphskinparts/hair-extra/tiedback.json"
  },
  {
    "op": "remove",
    "path": "/elements/0/children/1/faces/south",
    "file": "game:shapes/entity/humanoid/seraphskinparts/hair-extra/tiedback.json"
  },
  {
    "op": "remove",
    "path": "/elements/0/children/1/faces/up",
    "file": "game:shapes/entity/humanoid/seraphskinparts/hair-extra/tiedback.json"
  },
  {
    "op": "remove",
    "path": "/elements/0/children/1/faces/west",
    "file": "game:shapes/entity/humanoid/seraphskinparts/hair-extra/tiedback.json"
  },
  {
    "op": "replace",
    "path": "/elements/0/children/1/from/0",
    "value": 0.0,
    "file": "game:shapes/entity/humanoid/seraphskinparts/hair-extra/tiedback.json"
  },
  {
    "op": "replace",
    "path": "/elements/0/children/1/from/1",
    "value": -0.0,
    "file": "game:shapes/entity/humanoid/seraphskinparts/hair-extra/tiedback.json"
  },
  {
    "op": "replace",
    "path": "/elements/0/children/1/from/2",
    "value": -0.0,
    "file": "game:shapes/entity/humanoid/seraphskinparts/hair-extra/tiedback.json"
  },
  {
    "op": "replace",
    "path": "/elements/0/children/1/name",
    "value": "ponytailhigh.009",
    "file": "game:shapes/entity/humanoid/seraphskinparts/hair-extra/tiedback.json"
  },
  {
    "op": "replace",
    "path": "/elements/0/children/1/rotationOrigin/0",
    "value": 0.0,
    "file": "game:shapes/entity/humanoid/seraphskinparts/hair-extra/tiedback.json"
  },
  {
    "op": "replace",
    "path": "/elements/0/children/1/rotationOrigin/1",
    "value": -0.0,
    "file": "game:shapes/entity/humanoid/seraphskinparts/hair-extra/tiedback.json"
  },
  {
    "op": "replace",
    "path": "/elements/0/children/1/rotationOrigin/2",
    "value": -0.0,
    "file": "game:shapes/entity/humanoid/seraphskinparts/hair-extra/tiedback.json"
  },
  {
    "op": "replace",
    "path": "/elements/0/children/1/to/0",
    "value": 1.0,
    "file": "game:shapes/entity/humanoid/seraphskinparts/hair-extra/tiedback.json"
  },
  {
    "op": "replace",
    "path": "/elements/0/children/1/to/1",
    "value": 1.0,
    "file": "game:shapes/entity/humanoid/seraphskinparts/hair-extra/tiedback.json"
  },
  {
    "op": "replace",
    "path": "/elements/0/children/1/to/2",
    "value": 1.0,
    "file": "game:shapes/entity/humanoid/seraphskinparts/hair-extra/tiedback.json"
  },
  {
    "op": "replace",
    "path": "/elements/0/from/1",
    "value": -0.0,
    "file": "game:shapes/entity/humanoid/seraphskinparts/hair-extra/tiedback.json"
  },
  {
    "op": "replace",
    "path": "/elements/0/from/0",
    "value": -0.0,
    "file": "game:shapes/entity/humanoid/seraphskinparts/hair-extra/tiedback.json"
  },
  {
    "op": "replace",
    "path": "/elements/0/name",
    "value": "hideme",
    "file": "game:shapes/entity/humanoid/seraphskinparts/hair-extra/tiedback.json"
  },
  {
    "op": "replace",
    "path": "/elements/0/to/0",
    "value": 1.0,
    "file": "game:shapes/entity/humanoid/seraphskinparts/hair-extra/tiedback.json"
  },
  {
    "op": "remove",
    "path": "/textures/birch",
    "file": "game:shapes/entity/humanoid/seraphskinparts/hair-extra/tiedback.json"
  },
  {
    "op": "replace",
    "path": "/textures/hair",
    "value": "silverchalice",
    "file": "game:shapes/entity/humanoid/seraphskinparts/hair-extra/tiedback.json"
  },
  {
    "op": "remove",
    "path": "/textureSizes/birch",
    "file": "game:shapes/entity/humanoid/seraphskinparts/hair-extra/tiedback.json"
  }
]