[
  {
    "op": "remove",
    "path": "/editor",
    "file": "game:shapes/entity/humanoid/seraphskinparts/hair-extra/mohawk.json"
  },
  {
    "op": "add",
    "path": "/groups",
    "value": [],
    "file": "game:shapes/entity/humanoid/seraphskinparts/hair-extra/mohawk.json"
  },
  {
    "op": "remove",
    "path": "/elements/0/uv",
    "file": "game:shapes/entity/humanoid/seraphskinparts/hair-extra/mohawk.json"
  },
  {
    "op": "add",
    "path": "/elements/0/group",
    "value": "mohawk",
    "file": "game:shapes/entity/humanoid/seraphskinparts/hair-extra/mohawk.json"
  },
  {
    "op": "add",
    "path": "/elements/0/rotationOrigin",
    "value": [
      -0.0,
      -0.0,
      0.0
    ],
    "file": "game:shapes/entity/humanoid/seraphskinparts/hair-extra/mohawk.json"
  },
  {
    "op": "remove",
    "path": "/elements/0/children/0/autoUnwrap",
    "file": "game:shapes/entity/humanoid/seraphskinparts/hair-extra/mohawk.json"
  },
  {
    "op": "remove",
    "path": "/elements/0/children/0/uv",
    "file": "game:shapes/entity/humanoid/seraphskinparts/hair-extra/mohawk.json"
  },
  {
    "op": "add",
    "path": "/elements/0/children/0/group",
    "value": "mohawk",
    "file": "game:shapes/entity/humanoid/seraphskinparts/hair-extra/mohawk.json"
  },
  {
    "op": "remove",
    "path": "/elements/0/children/0/children/0/uv",
    "file": "game:shapes/entity/humanoid/seraphskinparts/hair-extra/mohawk.json"
  },
  {
    "op": "add",
    "path": "/elements/0/children/0/children/0/children",
    "value": [],
    "file": "game:shapes/entity/humanoid/seraphskinparts/hair-extra/mohawk.json"
  },
  {
    "op": "add",
    "path": "/elements/0/children/0/children/0/group",
    "value": "mohawk",
    "file": "game:shapes/entity/humanoid/seraphskinparts/hair-extra/mohawk.json"
  },
  {
    "op": "add",
    "path": "/elements/0/children/0/children/0/faces/down/autoUv",
    "value": false,
    "file": "game:shapes/entity/humanoid/seraphskinparts/hair-extra/mohawk.json"
  },
  {
    "op": "replace",
    "path": "/elements/0/children/0/children/0/faces/down/uv/0",
    "value": 22.0,
    "file": "game:shapes/entity/humanoid/seraphskinparts/hair-extra/mohawk.json"
  },
  {
    "op": "replace",
    "path": "/elements/0/children/0/children/0/faces/down/uv/1",
    "value": 32.5,
    "file": "game:shapes/entity/humanoid/seraphskinparts/hair-extra/mohawk.json"
  },
  {
    "op": "replace",
    "path": "/elements/0/children/0/children/0/faces/down/uv/2",
    "value": 21.0,
    "file": "game:shapes/entity/humanoid/seraphskinparts/hair-extra/mohawk.json"
  },
  {
    "op": "replace",
    "path": "/elements/0/children/0/children/0/faces/down/uv/3",
    "value": 31.0,
    "file": "game:shapes/entity/humanoid/seraphskinparts/hair-extra/mohawk.json"
  },
  {
    "op": "add",
    "path": "/elements/0/children/0/children/0/faces/east/autoUv",
    "value": false,
    "file": "game:shapes/entity/humanoid/seraphskinparts/hair-extra/mohawk.json"
  },
  {
    "op": "add",
    "path": "/elements/0/children/0/children/0/faces/north/autoUv",
    "value": false,
    "file": "game:shapes/entity/humanoid/seraphskinparts/hair-extra/mohawk.json"
  },
  {
    "op": "add",
    "path": "/elements/0/children/0/children/0/faces/south/autoUv",
    "value": false,
    "file": "game:shapes/entity/humanoid/seraphskinparts/hair-extra/mohawk.json"
  },
  {
    "op": "replace",
    "path": "/elements/0/children/0/children/0/from/0",
    "value": 5.72,
    "file": "game:shapes/entity/humanoid/seraphskinparts/hair-extra/mohawk.json"
  },
  {
    "op": "replace",
    "path": "/elements/0/children/0/children/0/to/0",
    "value": 6.72,
    "file": "game:shapes/entity/humanoid/seraphskinparts/hair-extra/mohawk.json"
  },
  {
    "op": "add",
    "path": "/elements/0/children/0/faces/down/autoUv",
    "value": false,
    "file": "game:shapes/entity/humanoid/seraphskinparts/hair-extra/mohawk.json"
  },
  {
    "op": "replace",
    "path": "/elements/0/children/0/faces/down/uv/0",
    "value": 25.0,
    "file": "game:shapes/entity/humanoid/seraphskinparts/hair-extra/mohawk.json"
  },
  {
    "op": "replace",
    "path": "/elements/0/children/0/faces/down/uv/1",
    "value": 35.0,
    "file": "game:shapes/entity/humanoid/seraphskinparts/hair-extra/mohawk.json"
  },
  {
    "op": "replace",
    "path": "/elements/0/children/0/faces/down/uv/2",
    "value": 18.0,
    "file": "game:shapes/entity/humanoid/seraphskinparts/hair-extra/mohawk.json"
  },
  {
    "op": "replace",
    "path": "/elements/0/children/0/faces/down/uv/3",
    "value": 33.5,
    "file": "game:shapes/entity/humanoid/seraphskinparts/hair-extra/mohawk.json"
  },
  {
    "op": "add",
    "path": "/elements/0/children/0/faces/east/autoUv",
    "value": false,
    "file": "game:shapes/entity/humanoid/seraphskinparts/hair-extra/mohawk.json"
  },
  {
    "op": "add",
    "path": "/elements/0/children/0/faces/north/autoUv",
    "value": false,
    "file": "game:shapes/entity/humanoid/seraphskinparts/hair-extra/mohawk.json"
  },
  {
    "op": "replace",
    "path": "/elements/0/children/0/faces/north/uv/2",
    "value": 23.0,
    "file": "game:shapes/entity/humanoid/seraphskinparts/hair-extra/mohawk.json"
  },
  {
    "op": "add",
    "path": "/elements/0/children/0/faces/south/autoUv",
    "value": false,
    "file": "game:shapes/entity/humanoid/seraphskinparts/hair-extra/mohawk.json"
  },
  {
    "op": "replace",
    "path": "/elements/0/children/0/faces/south/uv/2",
    "value": 25.0,
    "file": "game:shapes/entity/humanoid/seraphskinparts/hair-extra/mohawk.json"
  },
  {
    "op": "add",
    "path": "/elements/0/children/0/faces/up/autoUv",
    "value": false,
    "file": "game:shapes/entity/humanoid/seraphskinparts/hair-extra/mohawk.json"
  },
  {
    "op": "replace",
    "path": "/elements/0/children/0/faces/up/uv/2",
    "value": 23.0,
    "file": "game:shapes/entity/humanoid/seraphskinparts/hair-extra/mohawk.json"
  },
  {
    "op": "add",
    "path": "/elements/0/children/0/faces/west/autoUv",
    "value": false,
    "file": "game:shapes/entity/humanoid/seraphskinparts/hair-extra/mohawk.json"
  },
  {
    "op": "replace",
    "path": "/elements/0/children/0/to/0",
    "value": 6.24,
    "file": "game:shapes/entity/humanoid/seraphskinparts/hair-extra/mohawk.json"
  },
  {
    "op": "add",
    "path": "/elements/0/faces/down/autoUv",
    "value": false,
    "file": "game:shapes/entity/humanoid/seraphskinparts/hair-extra/mohawk.json"
  },
  {
    "op": "replace",
    "path": "/elements/0/faces/down/uv/0",
    "value": 2.0,
    "file": "game:shapes/entity/humanoid/seraphskinparts/hair-extra/mohawk.json"
  },
  {
    "op": "replace",
    "path": "/elements/0/faces/down/uv/1",
    "value": 1.0,
    "file": "game:shapes/entity/humanoid/seraphskinparts/hair-extra/mohawk.json"
  },
  {
    "op": "replace",
    "path": "/elements/0/faces/down/uv/2",
    "value": 1.0,
    "file": "game:shapes/entity/humanoid/seraphskinparts/hair-extra/mohawk.json"
  },
  {
    "op": "replace",
    "path": "/elements/0/faces/down/uv/3",
    "value": 0.0,
    "file": "game:shapes/entity/humanoid/seraphskinparts/hair-extra/mohawk.json"
  },
  {
    "op": "add",
    "path": "/elements/0/faces/east/autoUv",
    "value": false,
    "file": "game:shapes/entity/humanoid/seraphskinparts/hair-extra/mohawk.json"
  },
  {
    "op": "add",
    "path": "/elements/0/faces/south/autoUv",
    "value": false,
    "file": "game:shapes/entity/humanoid/seraphskinparts/hair-extra/mohawk.json"
  },
  {
    "op": "add",
    "path": "/elements/0/faces/up/autoUv",
    "value": false,
    "file": "game:shapes/entity/humanoid/seraphskinparts/hair-extra/mohawk.json"
  },
  {
    "op": "add",
    "path": "/elements/0/faces/west/autoUv",
    "value": false,
    "file": "game:shapes/entity/humanoid/seraphskinparts/hair-extra/mohawk.json"
  },
  {
    "op": "replace",
    "path": "/elements/0/from/0",
    "value": -0.0,
    "file": "game:shapes/entity/humanoid/seraphskinparts/hair-extra/mohawk.json"
  },
  {
    "op": "replace",
    "path": "/elements/0/from/1",
    "value": -0.0,
    "file": "game:shapes/entity/humanoid/seraphskinparts/hair-extra/mohawk.json"
  },
  {
    "op": "replace",
    "path": "/elements/0/name",
    "value": "hideme",
    "file": "game:shapes/entity/humanoid/seraphskinparts/hair-extra/mohawk.json"
  },
  {
    "op": "replace",
    "path": "/textures/hair",
    "value": "silverchalice",
    "file": "game:shapes/entity/humanoid/seraphskinparts/hair-extra/mohawk.json"
  },
  {
    "op": "remove",
    "path": "/textureSizes/birch",
    "file": "game:shapes/entity/humanoid/seraphskinparts/hair-extra/mohawk.json"
  }
]