[
  {
    "op": "remove",
    "path": "/editor",
    "file": "game:shapes/entity/humanoid/seraphskinparts/hair-base/longwithstrands.json"
  },
  {
    "op": "add",
    "path": "/groups",
    "value": [],
    "file": "game:shapes/entity/humanoid/seraphskinparts/hair-base/longwithstrands.json"
  },
  {
    "op": "remove",
    "path": "/elements/0/autoUnwrap",
    "file": "game:shapes/entity/humanoid/seraphskinparts/hair-base/longwithstrands.json"
  },
  {
    "op": "remove",
    "path": "/elements/0/uv",
    "file": "game:shapes/entity/humanoid/seraphskinparts/hair-base/longwithstrands.json"
  },
  {
    "op": "add",
    "path": "/elements/0/group",
    "value": "Scene Collection",
    "file": "game:shapes/entity/humanoid/seraphskinparts/hair-base/longwithstrands.json"
  },
  {
    "op": "remove",
    "path": "/elements/0/children/0/uv",
    "file": "game:shapes/entity/humanoid/seraphskinparts/hair-base/longwithstrands.json"
  },
  {
    "op": "add",
    "path": "/elements/0/children/0/group",
    "value": "Scene Collection",
    "file": "game:shapes/entity/humanoid/seraphskinparts/hair-base/longwithstrands.json"
  },
  {
    "op": "add",
    "path": "/elements/0/children/0/rotationOrigin",
    "value": [
      0.0,
      0.0,
      -0.0
    ],
    "file": "game:shapes/entity/humanoid/seraphskinparts/hair-base/longwithstrands.json"
  },
  {
    "op": "remove",
    "path": "/elements/0/children/0/children/0/uv",
    "file": "game:shapes/entity/humanoid/seraphskinparts/hair-base/longwithstrands.json"
  },
  {
    "op": "add",
    "path": "/elements/0/children/0/children/0/children",
    "value": [],
    "file": "game:shapes/entity/humanoid/seraphskinparts/hair-base/longwithstrands.json"
  },
  {
    "op": "add",
    "path": "/elements/0/children/0/children/0/group",
    "value": "Scene Collection",
    "file": "game:shapes/entity/humanoid/seraphskinparts/hair-base/longwithstrands.json"
  },
  {
    "op": "add",
    "path": "/elements/0/children/0/children/0/faces/east/autoUv",
    "value": false,
    "file": "game:shapes/entity/humanoid/seraphskinparts/hair-base/longwithstrands.json"
  },
  {
    "op": "add",
    "path": "/elements/0/children/0/children/0/faces/north/autoUv",
    "value": false,
    "file": "game:shapes/entity/humanoid/seraphskinparts/hair-base/longwithstrands.json"
  },
  {
    "op": "add",
    "path": "/elements/0/children/0/children/0/faces/south/autoUv",
    "value": false,
    "file": "game:shapes/entity/humanoid/seraphskinparts/hair-base/longwithstrands.json"
  },
  {
    "op": "add",
    "path": "/elements/0/children/0/children/0/faces/up/autoUv",
    "value": false,
    "file": "game:shapes/entity/humanoid/seraphskinparts/hair-base/longwithstrands.json"
  },
  {
    "op": "replace",
    "path": "/elements/0/children/0/children/0/from/0",
    "value": 5.55,
    "file": "game:shapes/entity/humanoid/seraphskinparts/hair-base/longwithstrands.json"
  },
  {
    "op": "replace",
    "path": "/elements/0/children/0/children/0/from/1",
    "value": 2.25,
    "file": "game:shapes/entity/humanoid/seraphskinparts/hair-base/longwithstrands.json"
  },
  {
    "op": "replace",
    "path": "/elements/0/children/0/children/0/rotationOrigin/0",
    "value": 5.75,
    "file": "game:shapes/entity/humanoid/seraphskinparts/hair-base/longwithstrands.json"
  },
  {
    "op": "replace",
    "path": "/elements/0/children/0/children/0/rotationOrigin/1",
    "value": 5.25,
    "file": "game:shapes/entity/humanoid/seraphskinparts/hair-base/longwithstrands.json"
  },
  {
    "op": "replace",
    "path": "/elements/0/children/0/children/0/to/0",
    "value": 6.55,
    "file": "game:shapes/entity/humanoid/seraphskinparts/hair-base/longwithstrands.json"
  },
  {
    "op": "replace",
    "path": "/elements/0/children/0/children/0/to/1",
    "value": 5.25,
    "file": "game:shapes/entity/humanoid/seraphskinparts/hair-base/longwithstrands.json"
  },
  {
    "op": "remove",
    "path": "/elements/0/children/0/children/1/autoUnwrap",
    "file": "game:shapes/entity/humanoid/seraphskinparts/hair-base/longwithstrands.json"
  },
  {
    "op": "remove",
    "path": "/elements/0/children/0/children/1/rotationX",
    "file": "game:shapes/entity/humanoid/seraphskinparts/hair-base/longwithstrands.json"
  },
  {
    "op": "remove",
    "path": "/elements/0/children/0/children/1/uv",
    "file": "game:shapes/entity/humanoid/seraphskinparts/hair-base/longwithstrands.json"
  },
  {
    "op": "add",
    "path": "/elements/0/children/0/children/1/children",
    "value": [],
    "file": "game:shapes/entity/humanoid/seraphskinparts/hair-base/longwithstrands.json"
  },
  {
    "op": "add",
    "path": "/elements/0/children/0/children/1/group",
    "value": "Scene Collection",
    "file": "game:shapes/entity/humanoid/seraphskinparts/hair-base/longwithstrands.json"
  },
  {
    "op": "add",
    "path": "/elements/0/children/0/children/1/rotationZ",
    "value": 10.0,
    "file": "game:shapes/entity/humanoid/seraphskinparts/hair-base/longwithstrands.json"
  },
  {
    "op": "remove",
    "path": "/elements/0/children/0/children/1/faces/down",
    "file": "game:shapes/entity/humanoid/seraphskinparts/hair-base/longwithstrands.json"
  },
  {
    "op": "add",
    "path": "/elements/0/children/0/children/1/faces/east/autoUv",
    "value": false,
    "file": "game:shapes/entity/humanoid/seraphskinparts/hair-base/longwithstrands.json"
  },
  {
    "op": "replace",
    "path": "/elements/0/children/0/children/1/faces/east/uv/0",
    "value": 37.0,
    "file": "game:shapes/entity/humanoid/seraphskinparts/hair-base/longwithstrands.json"
  },
  {
    "op": "replace",
    "path": "/elements/0/children/0/children/1/faces/east/uv/1",
    "value": 18.0,
    "file": "game:shapes/entity/humanoid/seraphskinparts/hair-base/longwithstrands.json"
  },
  {
    "op": "replace",
    "path": "/elements/0/children/0/children/1/faces/east/uv/2",
    "value": 42.0,
    "file": "game:shapes/entity/humanoid/seraphskinparts/hair-base/longwithstrands.json"
  },
  {
    "op": "replace",
    "path": "/elements/0/children/0/children/1/faces/east/uv/3",
    "value": 23.0,
    "file": "game:shapes/entity/humanoid/seraphskinparts/hair-base/longwithstrands.json"
  },
  {
    "op": "add",
    "path": "/elements/0/children/0/children/1/faces/north/autoUv",
    "value": false,
    "file": "game:shapes/entity/humanoid/seraphskinparts/hair-base/longwithstrands.json"
  },
  {
    "op": "replace",
    "path": "/elements/0/children/0/children/1/faces/north/uv/0",
    "value": 38.5,
    "file": "game:shapes/entity/humanoid/seraphskinparts/hair-base/longwithstrands.json"
  },
  {
    "op": "replace",
    "path": "/elements/0/children/0/children/1/faces/north/uv/1",
    "value": 18.0,
    "file": "game:shapes/entity/humanoid/seraphskinparts/hair-base/longwithstrands.json"
  },
  {
    "op": "replace",
    "path": "/elements/0/children/0/children/1/faces/north/uv/2",
    "value": 39.5,
    "file": "game:shapes/entity/humanoid/seraphskinparts/hair-base/longwithstrands.json"
  },
  {
    "op": "replace",
    "path": "/elements/0/children/0/children/1/faces/north/uv/3",
    "value": 23.0,
    "file": "game:shapes/entity/humanoid/seraphskinparts/hair-base/longwithstrands.json"
  },
  {
    "op": "add",
    "path": "/elements/0/children/0/children/1/faces/south/autoUv",
    "value": false,
    "file": "game:shapes/entity/humanoid/seraphskinparts/hair-base/longwithstrands.json"
  },
  {
    "op": "replace",
    "path": "/elements/0/children/0/children/1/faces/south/uv/0",
    "value": 42.5,
    "file": "game:shapes/entity/humanoid/seraphskinparts/hair-base/longwithstrands.json"
  },
  {
    "op": "replace",
    "path": "/elements/0/children/0/children/1/faces/south/uv/1",
    "value": 18.0,
    "file": "game:shapes/entity/humanoid/seraphskinparts/hair-base/longwithstrands.json"
  },
  {
    "op": "replace",
    "path": "/elements/0/children/0/children/1/faces/south/uv/2",
    "value": 43.5,
    "file": "game:shapes/entity/humanoid/seraphskinparts/hair-base/longwithstrands.json"
  },
  {
    "op": "replace",
    "path": "/elements/0/children/0/children/1/faces/south/uv/3",
    "value": 23.0,
    "file": "game:shapes/entity/humanoid/seraphskinparts/hair-base/longwithstrands.json"
  },
  {
    "op": "remove",
    "path": "/elements/0/children/0/children/1/faces/up/rotation",
    "file": "game:shapes/entity/humanoid/seraphskinparts/hair-base/longwithstrands.json"
  },
  {
    "op": "add",
    "path": "/elements/0/children/0/children/1/faces/up/autoUv",
    "value": false,
    "file": "game:shapes/entity/humanoid/seraphskinparts/hair-base/longwithstrands.json"
  },
  {
    "op": "replace",
    "path": "/elements/0/children/0/children/1/faces/up/uv/0",
    "value": 36.0,
    "file": "game:shapes/entity/humanoid/seraphskinparts/hair-base/longwithstrands.json"
  },
  {
    "op": "replace",
    "path": "/elements/0/children/0/children/1/faces/up/uv/1",
    "value": 13.0,
    "file": "game:shapes/entity/humanoid/seraphskinparts/hair-base/longwithstrands.json"
  },
  {
    "op": "replace",
    "path": "/elements/0/children/0/children/1/faces/up/uv/2",
    "value": 37.0,
    "file": "game:shapes/entity/humanoid/seraphskinparts/hair-base/longwithstrands.json"
  },
  {
    "op": "replace",
    "path": "/elements/0/children/0/children/1/faces/up/uv/3",
    "value": 18.0,
    "file": "game:shapes/entity/humanoid/seraphskinparts/hair-base/longwithstrands.json"
  },
  {
    "op": "replace",
    "path": "/elements/0/children/0/children/1/from/0",
    "value": 5.35,
    "file": "game:shapes/entity/humanoid/seraphskinparts/hair-base/longwithstrands.json"
  },
  {
    "op": "replace",
    "path": "/elements/0/children/0/children/1/from/1",
    "value": 0.45,
    "file": "game:shapes/entity/humanoid/seraphskinparts/hair-base/longwithstrands.json"
  },
  {
    "op": "replace",
    "path": "/elements/0/children/0/children/1/from/2",
    "value": 0.3,
    "file": "game:shapes/entity/humanoid/seraphskinparts/hair-base/longwithstrands.json"
  },
  {
    "op": "replace",
    "path": "/elements/0/children/0/children/1/name",
    "value": "StrandBack13",
    "file": "game:shapes/entity/humanoid/seraphskinparts/hair-base/longwithstrands.json"
  },
  {
    "op": "replace",
    "path": "/elements/0/children/0/children/1/rotationOrigin/0",
    "value": 5.55,
    "file": "game:shapes/entity/humanoid/seraphskinparts/hair-base/longwithstrands.json"
  },
  {
    "op": "replace",
    "path": "/elements/0/children/0/children/1/rotationOrigin/1",
    "value": 5.45,
    "file": "game:shapes/entity/humanoid/seraphskinparts/hair-base/longwithstrands.json"
  },
  {
    "op": "replace",
    "path": "/elements/0/children/0/children/1/rotationOrigin/2",
    "value": 0.5,
    "file": "game:shapes/entity/humanoid/seraphskinparts/hair-base/longwithstrands.json"
  },
  {
    "op": "replace",
    "path": "/elements/0/children/0/children/1/to/0",
    "value": 6.35,
    "file": "game:shapes/entity/humanoid/seraphskinparts/hair-base/longwithstrands.json"
  },
  {
    "op": "replace",
    "path": "/elements/0/children/0/children/1/to/1",
    "value": 5.45,
    "file": "game:shapes/entity/humanoid/seraphskinparts/hair-base/longwithstrands.json"
  },
  {
    "op": "replace",
    "path": "/elements/0/children/0/children/1/to/2",
    "value": 5.3,
    "file": "game:shapes/entity/humanoid/seraphskinparts/hair-base/longwithstrands.json"
  },
  {
    "op": "remove",
    "path": "/elements/0/children/0/children/2/autoUnwrap",
    "file": "game:shapes/entity/humanoid/seraphskinparts/hair-base/longwithstrands.json"
  },
  {
    "op": "remove",
    "path": "/elements/0/children/0/children/2/uv",
    "file": "game:shapes/entity/humanoid/seraphskinparts/hair-base/longwithstrands.json"
  },
  {
    "op": "add",
    "path": "/elements/0/children/0/children/2/children",
    "value": [],
    "file": "game:shapes/entity/humanoid/seraphskinparts/hair-base/longwithstrands.json"
  },
  {
    "op": "add",
    "path": "/elements/0/children/0/children/2/group",
    "value": "Scene Collection",
    "file": "game:shapes/entity/humanoid/seraphskinparts/hair-base/longwithstrands.json"
  },
  {
    "op": "add",
    "path": "/elements/0/children/0/children/2/faces/down/autoUv",
    "value": false,
    "file": "game:shapes/entity/humanoid/seraphskinparts/hair-base/longwithstrands.json"
  },
  {
    "op": "replace",
    "path": "/elements/0/children/0/children/2/faces/down/uv/0",
    "value": 22.5,
    "file": "game:shapes/entity/humanoid/seraphskinparts/hair-base/longwithstrands.json"
  },
  {
    "op": "replace",
    "path": "/elements/0/children/0/children/2/faces/down/uv/1",
    "value": 34.5,
    "file": "game:shapes/entity/humanoid/seraphskinparts/hair-base/longwithstrands.json"
  },
  {
    "op": "replace",
    "path": "/elements/0/children/0/children/2/faces/down/uv/2",
    "value": 19.5,
    "file": "game:shapes/entity/humanoid/seraphskinparts/hair-base/longwithstrands.json"
  },
  {
    "op": "replace",
    "path": "/elements/0/children/0/children/2/faces/down/uv/3",
    "value": 34.0,
    "file": "game:shapes/entity/humanoid/seraphskinparts/hair-base/longwithstrands.json"
  },
  {
    "op": "add",
    "path": "/elements/0/children/0/children/2/faces/east/autoUv",
    "value": false,
    "file": "game:shapes/entity/humanoid/seraphskinparts/hair-base/longwithstrands.json"
  },
  {
    "op": "add",
    "path": "/elements/0/children/0/children/2/faces/north/autoUv",
    "value": false,
    "file": "game:shapes/entity/humanoid/seraphskinparts/hair-base/longwithstrands.json"
  },
  {
    "op": "add",
    "path": "/elements/0/children/0/children/2/faces/south/autoUv",
    "value": false,
    "file": "game:shapes/entity/humanoid/seraphskinparts/hair-base/longwithstrands.json"
  },
  {
    "op": "add",
    "path": "/elements/0/children/0/children/2/faces/up/autoUv",
    "value": false,
    "file": "game:shapes/entity/humanoid/seraphskinparts/hair-base/longwithstrands.json"
  },
  {
    "op": "replace",
    "path": "/elements/0/children/0/children/2/from/0",
    "value": 5.95,
    "file": "game:shapes/entity/humanoid/seraphskinparts/hair-base/longwithstrands.json"
  },
  {
    "op": "replace",
    "path": "/elements/0/children/0/children/2/from/1",
    "value": 5.05,
    "file": "game:shapes/entity/humanoid/seraphskinparts/hair-base/longwithstrands.json"
  },
  {
    "op": "replace",
    "path": "/elements/0/children/0/children/2/rotationOrigin/0",
    "value": 6.25,
    "file": "game:shapes/entity/humanoid/seraphskinparts/hair-base/longwithstrands.json"
  },
  {
    "op": "replace",
    "path": "/elements/0/children/0/children/2/rotationOrigin/1",
    "value": 5.35,
    "file": "game:shapes/entity/humanoid/seraphskinparts/hair-base/longwithstrands.json"
  },
  {
    "op": "replace",
    "path": "/elements/0/children/0/children/2/to/0",
    "value": 6.45,
    "file": "game:shapes/entity/humanoid/seraphskinparts/hair-base/longwithstrands.json"
  },
  {
    "op": "replace",
    "path": "/elements/0/children/0/children/2/to/1",
    "value": 6.05,
    "file": "game:shapes/entity/humanoid/seraphskinparts/hair-base/longwithstrands.json"
  },
  {
    "op": "remove",
    "path": "/elements/0/children/0/children/3/rotationY",
    "file": "game:shapes/entity/humanoid/seraphskinparts/hair-base/longwithstrands.json"
  },
  {
    "op": "remove",
    "path": "/elements/0/children/0/children/3/rotationZ",
    "file": "game:shapes/entity/humanoid/seraphskinparts/hair-base/longwithstrands.json"
  },
  {
    "op": "remove",
    "path": "/elements/0/children/0/children/3/uv",
    "file": "game:shapes/entity/humanoid/seraphskinparts/hair-base/longwithstrands.json"
  },
  {
    "op": "add",
    "path": "/elements/0/children/0/children/3/children",
    "value": [],
    "file": "game:shapes/entity/humanoid/seraphskinparts/hair-base/longwithstrands.json"
  },
  {
    "op": "add",
    "path": "/elements/0/children/0/children/3/group",
    "value": "Scene Collection",
    "file": "game:shapes/entity/humanoid/seraphskinparts/hair-base/longwithstrands.json"
  },
  {
    "op": "add",
    "path": "/elements/0/children/0/children/3/rotationX",
    "value": 15.0,
    "file": "game:shapes/entity/humanoid/seraphskinparts/hair-base/longwithstrands.json"
  },
  {
    "op": "remove",
    "path": "/elements/0/children/0/children/3/faces/west",
    "file": "game:shapes/entity/humanoid/seraphskinparts/hair-base/longwithstrands.json"
  },
  {
    "op": "add",
    "path": "/elements/0/children/0/children/3/faces/north",
    "value": {
      "texture": "#hair",
      "uv": [
        16.0,
        33.5,
        16.5,
        34.5
      ],
      "autoUv": false
    },
    "file": "game:shapes/entity/humanoid/seraphskinparts/hair-base/longwithstrands.json"
  },
  {
    "op": "add",
    "path": "/elements/0/children/0/children/3/faces/down/autoUv",
    "value": false,
    "file": "game:shapes/entity/humanoid/seraphskinparts/hair-base/longwithstrands.json"
  },
  {
    "op": "add",
    "path": "/elements/0/children/0/children/3/faces/down/rotation",
    "value": 90,
    "file": "game:shapes/entity/humanoid/seraphskinparts/hair-base/longwithstrands.json"
  },
  {
    "op": "replace",
    "path": "/elements/0/children/0/children/3/faces/down/uv/0",
    "value": 22.5,
    "file": "game:shapes/entity/humanoid/seraphskinparts/hair-base/longwithstrands.json"
  },
  {
    "op": "replace",
    "path": "/elements/0/children/0/children/3/faces/down/uv/1",
    "value": 34.5,
    "file": "game:shapes/entity/humanoid/seraphskinparts/hair-base/longwithstrands.json"
  },
  {
    "op": "replace",
    "path": "/elements/0/children/0/children/3/faces/down/uv/2",
    "value": 19.5,
    "file": "game:shapes/entity/humanoid/seraphskinparts/hair-base/longwithstrands.json"
  },
  {
    "op": "replace",
    "path": "/elements/0/children/0/children/3/faces/down/uv/3",
    "value": 34.0,
    "file": "game:shapes/entity/humanoid/seraphskinparts/hair-base/longwithstrands.json"
  },
  {
    "op": "add",
    "path": "/elements/0/children/0/children/3/faces/east/autoUv",
    "value": false,
    "file": "game:shapes/entity/humanoid/seraphskinparts/hair-base/longwithstrands.json"
  },
  {
    "op": "replace",
    "path": "/elements/0/children/0/children/3/faces/east/uv/0",
    "value": 16.5,
    "file": "game:shapes/entity/humanoid/seraphskinparts/hair-base/longwithstrands.json"
  },
  {
    "op": "replace",
    "path": "/elements/0/children/0/children/3/faces/east/uv/1",
    "value": 33.5,
    "file": "game:shapes/entity/humanoid/seraphskinparts/hair-base/longwithstrands.json"
  },
  {
    "op": "replace",
    "path": "/elements/0/children/0/children/3/faces/east/uv/2",
    "value": 19.5,
    "file": "game:shapes/entity/humanoid/seraphskinparts/hair-base/longwithstrands.json"
  },
  {
    "op": "replace",
    "path": "/elements/0/children/0/children/3/faces/east/uv/3",
    "value": 34.5,
    "file": "game:shapes/entity/humanoid/seraphskinparts/hair-base/longwithstrands.json"
  },
  {
    "op": "add",
    "path": "/elements/0/children/0/children/3/faces/south/autoUv",
    "value": false,
    "file": "game:shapes/entity/humanoid/seraphskinparts/hair-base/longwithstrands.json"
  },
  {
    "op": "replace",
    "path": "/elements/0/children/0/children/3/faces/south/uv/0",
    "value": 22.5,
    "file": "game:shapes/entity/humanoid/seraphskinparts/hair-base/longwithstrands.json"
  },
  {
    "op": "replace",
    "path": "/elements/0/children/0/children/3/faces/south/uv/1",
    "value": 33.5,
    "file": "game:shapes/entity/humanoid/seraphskinparts/hair-base/longwithstrands.json"
  },
  {
    "op": "replace",
    "path": "/elements/0/children/0/children/3/faces/south/uv/2",
    "value": 23.0,
    "file": "game:shapes/entity/humanoid/seraphskinparts/hair-base/longwithstrands.json"
  },
  {
    "op": "replace",
    "path": "/elements/0/children/0/children/3/faces/south/uv/3",
    "value": 34.5,
    "file": "game:shapes/entity/humanoid/seraphskinparts/hair-base/longwithstrands.json"
  },
  {
    "op": "add",
    "path": "/elements/0/children/0/children/3/faces/up/autoUv",
    "value": false,
    "file": "game:shapes/entity/humanoid/seraphskinparts/hair-base/longwithstrands.json"
  },
  {
    "op": "add",
    "path": "/elements/0/children/0/children/3/faces/up/rotation",
    "value": 90,
    "file": "game:shapes/entity/humanoid/seraphskinparts/hair-base/longwithstrands.json"
  },
  {
    "op": "replace",
    "path": "/elements/0/children/0/children/3/faces/up/uv/0",
    "value": 19.0,
    "file": "game:shapes/entity/humanoid/seraphskinparts/hair-base/longwithstrands.json"
  },
  {
    "op": "replace",
    "path": "/elements/0/children/0/children/3/faces/up/uv/1",
    "value": 31.5,
    "file": "game:shapes/entity/humanoid/seraphskinparts/hair-base/longwithstrands.json"
  },
  {
    "op": "replace",
    "path": "/elements/0/children/0/children/3/faces/up/uv/2",
    "value": 22.0,
    "file": "game:shapes/entity/humanoid/seraphskinparts/hair-base/longwithstrands.json"
  },
  {
    "op": "replace",
    "path": "/elements/0/children/0/children/3/faces/up/uv/3",
    "value": 32.0,
    "file": "game:shapes/entity/humanoid/seraphskinparts/hair-base/longwithstrands.json"
  },
  {
    "op": "replace",
    "path": "/elements/0/children/0/children/3/from/0",
    "value": 5.95,
    "file": "game:shapes/entity/humanoid/seraphskinparts/hair-base/longwithstrands.json"
  },
  {
    "op": "replace",
    "path": "/elements/0/children/0/children/3/from/1",
    "value": 5.05,
    "file": "game:shapes/entity/humanoid/seraphskinparts/hair-base/longwithstrands.json"
  },
  {
    "op": "replace",
    "path": "/elements/0/children/0/children/3/from/2",
    "value": -0.1,
    "file": "game:shapes/entity/humanoid/seraphskinparts/hair-base/longwithstrands.json"
  },
  {
    "op": "replace",
    "path": "/elements/0/children/0/children/3/name",
    "value": "StrandBackR",
    "file": "game:shapes/entity/humanoid/seraphskinparts/hair-base/longwithstrands.json"
  },
  {
    "op": "replace",
    "path": "/elements/0/children/0/children/3/rotationOrigin/0",
    "value": 6.25,
    "file": "game:shapes/entity/humanoid/seraphskinparts/hair-base/longwithstrands.json"
  },
  {
    "op": "replace",
    "path": "/elements/0/children/0/children/3/rotationOrigin/1",
    "value": 5.35,
    "file": "game:shapes/entity/humanoid/seraphskinparts/hair-base/longwithstrands.json"
  },
  {
    "op": "replace",
    "path": "/elements/0/children/0/children/3/rotationOrigin/2",
    "value": -0.1,
    "file": "game:shapes/entity/humanoid/seraphskinparts/hair-base/longwithstrands.json"
  },
  {
    "op": "replace",
    "path": "/elements/0/children/0/children/3/to/0",
    "value": 6.45,
    "file": "game:shapes/entity/humanoid/seraphskinparts/hair-base/longwithstrands.json"
  },
  {
    "op": "replace",
    "path": "/elements/0/children/0/children/3/to/1",
    "value": 6.05,
    "file": "game:shapes/entity/humanoid/seraphskinparts/hair-base/longwithstrands.json"
  },
  {
    "op": "replace",
    "path": "/elements/0/children/0/children/3/to/2",
    "value": 2.9,
    "file": "game:shapes/entity/humanoid/seraphskinparts/hair-base/longwithstrands.json"
  },
  {
    "op": "remove",
    "path": "/elements/0/children/0/children/4/uv",
    "file": "game:shapes/entity/humanoid/seraphskinparts/hair-base/longwithstrands.json"
  },
  {
    "op": "add",
    "path": "/elements/0/children/0/children/4/children",
    "value": [],
    "file": "game:shapes/entity/humanoid/seraphskinparts/hair-base/longwithstrands.json"
  },
  {
    "op": "add",
    "path": "/elements/0/children/0/children/4/group",
    "value": "Scene Collection",
    "file": "game:shapes/entity/humanoid/seraphskinparts/hair-base/longwithstrands.json"
  },
  {
    "op": "add",
    "path": "/elements/0/children/0/children/4/rotationX",
    "value": 28.0,
    "file": "game:shapes/entity/humanoid/seraphskinparts/hair-base/longwithstrands.json"
  },
  {
    "op": "remove",
    "path": "/elements/0/children/0/children/4/faces/down",
    "file": "game:shapes/entity/humanoid/seraphskinparts/hair-base/longwithstrands.json"
  },
  {
    "op": "remove",
    "path": "/elements/0/children/0/children/4/faces/east",
    "file": "game:shapes/entity/humanoid/seraphskinparts/hair-base/longwithstrands.json"
  },
  {
    "op": "remove",
    "path": "/elements/0/children/0/children/4/faces/north",
    "file": "game:shapes/entity/humanoid/seraphskinparts/hair-base/longwithstrands.json"
  },
  {
    "op": "remove",
    "path": "/elements/0/children/0/children/4/faces/up",
    "file": "game:shapes/entity/humanoid/seraphskinparts/hair-base/longwithstrands.json"
  },
  {
    "op": "add",
    "path": "/elements/0/children/0/children/4/faces/west/autoUv",
    "value": false,
    "file": "game:shapes/entity/humanoid/seraphskinparts/hair-base/longwithstrands.json"
  },
  {
    "op": "replace",
    "path": "/elements/0/children/0/children/4/faces/west/uv/0",
    "value": 45.5,
    "file": "game:shapes/entity/humanoid/seraphskinparts/hair-base/longwithstrands.json"
  },
  {
    "op": "replace",
    "path": "/elements/0/children/0/children/4/faces/west/uv/1",
    "value": 40.5,
    "file": "game:shapes/entity/humanoid/seraphskinparts/hair-base/longwithstrands.json"
  },
  {
    "op": "replace",
    "path": "/elements/0/children/0/children/4/faces/west/uv/2",
    "value": 47.5,
    "file": "game:shapes/entity/humanoid/seraphskinparts/hair-base/longwithstrands.json"
  },
  {
    "op": "replace",
    "path": "/elements/0/children/0/children/4/faces/west/uv/3",
    "value": 43.5,
    "file": "game:shapes/entity/humanoid/seraphskinparts/hair-base/longwithstrands.json"
  },
  {
    "op": "replace",
    "path": "/elements/0/children/0/children/4/from/0",
    "value": 0.01,
    "file": "game:shapes/entity/humanoid/seraphskinparts/hair-base/longwithstrands.json"
  },
  {
    "op": "replace",
    "path": "/elements/0/children/0/children/4/from/1",
    "value": 5.5,
    "file": "game:shapes/entity/humanoid/seraphskinparts/hair-base/longwithstrands.json"
  },
  {
    "op": "replace",
    "path": "/elements/0/children/0/children/4/from/2",
    "value": 1.37,
    "file": "game:shapes/entity/humanoid/seraphskinparts/hair-base/longwithstrands.json"
  },
  {
    "op": "replace",
    "path": "/elements/0/children/0/children/4/name",
    "value": "StrandFace1",
    "file": "game:shapes/entity/humanoid/seraphskinparts/hair-base/longwithstrands.json"
  },
  {
    "op": "replace",
    "path": "/elements/0/children/0/children/4/rotationOrigin/0",
    "value": 0.01,
    "file": "game:shapes/entity/humanoid/seraphskinparts/hair-base/longwithstrands.json"
  },
  {
    "op": "replace",
    "path": "/elements/0/children/0/children/4/rotationOrigin/1",
    "value": 7.39,
    "file": "game:shapes/entity/humanoid/seraphskinparts/hair-base/longwithstrands.json"
  },
  {
    "op": "replace",
    "path": "/elements/0/children/0/children/4/rotationOrigin/2",
    "value": 2.0,
    "file": "game:shapes/entity/humanoid/seraphskinparts/hair-base/longwithstrands.json"
  },
  {
    "op": "replace",
    "path": "/elements/0/children/0/children/4/rotationY",
    "value": -0.0,
    "file": "game:shapes/entity/humanoid/seraphskinparts/hair-base/longwithstrands.json"
  },
  {
    "op": "replace",
    "path": "/elements/0/children/0/children/4/rotationZ",
    "value": -1.0,
    "file": "game:shapes/entity/humanoid/seraphskinparts/hair-base/longwithstrands.json"
  },
  {
    "op": "replace",
    "path": "/elements/0/children/0/children/4/to/0",
    "value": 0.01,
    "file": "game:shapes/entity/humanoid/seraphskinparts/hair-base/longwithstrands.json"
  },
  {
    "op": "replace",
    "path": "/elements/0/children/0/children/4/to/1",
    "value": 7.39,
    "file": "game:shapes/entity/humanoid/seraphskinparts/hair-base/longwithstrands.json"
  },
  {
    "op": "replace",
    "path": "/elements/0/children/0/children/4/to/2",
    "value": 2.63,
    "file": "game:shapes/entity/humanoid/seraphskinparts/hair-base/longwithstrands.json"
  },
  {
    "op": "remove",
    "path": "/elements/0/children/0/children/5/uv",
    "file": "game:shapes/entity/humanoid/seraphskinparts/hair-base/longwithstrands.json"
  },
  {
    "op": "add",
    "path": "/elements/0/children/0/children/5/children",
    "value": [],
    "file": "game:shapes/entity/humanoid/seraphskinparts/hair-base/longwithstrands.json"
  },
  {
    "op": "add",
    "path": "/elements/0/children/0/children/5/group",
    "value": "Scene Collection",
    "file": "game:shapes/entity/humanoid/seraphskinparts/hair-base/longwithstrands.json"
  },
  {
    "op": "add",
    "path": "/elements/0/children/0/children/5/rotationX",
    "value": -28.0,
    "file": "game:shapes/entity/humanoid/seraphskinparts/hair-base/longwithstrands.json"
  },
  {
    "op": "remove",
    "path": "/elements/0/children/0/children/5/faces/down",
    "file": "game:shapes/entity/humanoid/seraphskinparts/hair-base/longwithstrands.json"
  },
  {
    "op": "remove",
    "path": "/elements/0/children/0/children/5/faces/east",
    "file": "game:shapes/entity/humanoid/seraphskinparts/hair-base/longwithstrands.json"
  },
  {
    "op": "remove",
    "path": "/elements/0/children/0/children/5/faces/north",
    "file": "game:shapes/entity/humanoid/seraphskinparts/hair-base/longwithstrands.json"
  },
  {
    "op": "remove",
    "path": "/elements/0/children/0/children/5/faces/up",
    "file": "game:shapes/entity/humanoid/seraphskinparts/hair-base/longwithstrands.json"
  },
  {
    "op": "add",
    "path": "/elements/0/children/0/children/5/faces/west/autoUv",
    "value": false,
    "file": "game:shapes/entity/humanoid/seraphskinparts/hair-base/longwithstrands.json"
  },
  {
    "op": "replace",
    "path": "/elements/0/children/0/children/5/faces/west/uv/0",
    "value": 45.0,
    "file": "game:shapes/entity/humanoid/seraphskinparts/hair-base/longwithstrands.json"
  },
  {
    "op": "replace",
    "path": "/elements/0/children/0/children/5/faces/west/uv/1",
    "value": 41.0,
    "file": "game:shapes/entity/humanoid/seraphskinparts/hair-base/longwithstrands.json"
  },
  {
    "op": "replace",
    "path": "/elements/0/children/0/children/5/faces/west/uv/2",
    "value": 47.0,
    "file": "game:shapes/entity/humanoid/seraphskinparts/hair-base/longwithstrands.json"
  },
  {
    "op": "replace",
    "path": "/elements/0/children/0/children/5/faces/west/uv/3",
    "value": 44.0,
    "file": "game:shapes/entity/humanoid/seraphskinparts/hair-base/longwithstrands.json"
  },
  {
    "op": "replace",
    "path": "/elements/0/children/0/children/5/from/0",
    "value": -0.09,
    "file": "game:shapes/entity/humanoid/seraphskinparts/hair-base/longwithstrands.json"
  },
  {
    "op": "replace",
    "path": "/elements/0/children/0/children/5/from/1",
    "value": 5.5,
    "file": "game:shapes/entity/humanoid/seraphskinparts/hair-base/longwithstrands.json"
  },
  {
    "op": "replace",
    "path": "/elements/0/children/0/children/5/from/2",
    "value": 3.37,
    "file": "game:shapes/entity/humanoid/seraphskinparts/hair-base/longwithstrands.json"
  },
  {
    "op": "replace",
    "path": "/elements/0/children/0/children/5/name",
    "value": "StrandFace2",
    "file": "game:shapes/entity/humanoid/seraphskinparts/hair-base/longwithstrands.json"
  },
  {
    "op": "replace",
    "path": "/elements/0/children/0/children/5/rotationOrigin/0",
    "value": -0.09,
    "file": "game:shapes/entity/humanoid/seraphskinparts/hair-base/longwithstrands.json"
  },
  {
    "op": "replace",
    "path": "/elements/0/children/0/children/5/rotationOrigin/1",
    "value": 7.39,
    "file": "game:shapes/entity/humanoid/seraphskinparts/hair-base/longwithstrands.json"
  },
  {
    "op": "replace",
    "path": "/elements/0/children/0/children/5/rotationOrigin/2",
    "value": 4.0,
    "file": "game:shapes/entity/humanoid/seraphskinparts/hair-base/longwithstrands.json"
  },
  {
    "op": "replace",
    "path": "/elements/0/children/0/children/5/rotationY",
    "value": 0.0,
    "file": "game:shapes/entity/humanoid/seraphskinparts/hair-base/longwithstrands.json"
  },
  {
    "op": "replace",
    "path": "/elements/0/children/0/children/5/rotationZ",
    "value": -1.0,
    "file": "game:shapes/entity/humanoid/seraphskinparts/hair-base/longwithstrands.json"
  },
  {
    "op": "replace",
    "path": "/elements/0/children/0/children/5/to/0",
    "value": -0.09,
    "file": "game:shapes/entity/humanoid/seraphskinparts/hair-base/longwithstrands.json"
  },
  {
    "op": "replace",
    "path": "/elements/0/children/0/children/5/to/1",
    "value": 7.39,
    "file": "game:shapes/entity/humanoid/seraphskinparts/hair-base/longwithstrands.json"
  },
  {
    "op": "replace",
    "path": "/elements/0/children/0/children/5/to/2",
    "value": 4.63,
    "file": "game:shapes/entity/humanoid/seraphskinparts/hair-base/longwithstrands.json"
  },
  {
    "op": "remove",
    "path": "/elements/0/children/0/children/6/uv",
    "file": "game:shapes/entity/humanoid/seraphskinparts/hair-base/longwithstrands.json"
  },
  {
    "op": "add",
    "path": "/elements/0/children/0/children/6/children",
    "value": [],
    "file": "game:shapes/entity/humanoid/seraphskinparts/hair-base/longwithstrands.json"
  },
  {
    "op": "add",
    "path": "/elements/0/children/0/children/6/group",
    "value": "Scene Collection",
    "file": "game:shapes/entity/humanoid/seraphskinparts/hair-base/longwithstrands.json"
  },
  {
    "op": "add",
    "path": "/elements/0/children/0/children/6/rotationX",
    "value": 0.0,
    "file": "game:shapes/entity/humanoid/seraphskinparts/hair-base/longwithstrands.json"
  },
  {
    "op": "add",
    "path": "/elements/0/children/0/children/6/faces/down/autoUv",
    "value": false,
    "file": "game:shapes/entity/humanoid/seraphskinparts/hair-base/longwithstrands.json"
  },
  {
    "op": "replace",
    "path": "/elements/0/children/0/children/6/faces/down/uv/0",
    "value": 25.0,
    "file": "game:shapes/entity/humanoid/seraphskinparts/hair-base/longwithstrands.json"
  },
  {
    "op": "replace",
    "path": "/elements/0/children/0/children/6/faces/down/uv/1",
    "value": 33.5,
    "file": "game:shapes/entity/humanoid/seraphskinparts/hair-base/longwithstrands.json"
  },
  {
    "op": "replace",
    "path": "/elements/0/children/0/children/6/faces/down/uv/2",
    "value": 21.0,
    "file": "game:shapes/entity/humanoid/seraphskinparts/hair-base/longwithstrands.json"
  },
  {
    "op": "replace",
    "path": "/elements/0/children/0/children/6/faces/down/uv/3",
    "value": 33.0,
    "file": "game:shapes/entity/humanoid/seraphskinparts/hair-base/longwithstrands.json"
  },
  {
    "op": "remove",
    "path": "/elements/0/children/0/children/6/faces/east/windMode",
    "file": "game:shapes/entity/humanoid/seraphskinparts/hair-base/longwithstrands.json"
  },
  {
    "op": "add",
    "path": "/elements/0/children/0/children/6/faces/east/autoUv",
    "value": false,
    "file": "game:shapes/entity/humanoid/seraphskinparts/hair-base/longwithstrands.json"
  },
  {
    "op": "add",
    "path": "/elements/0/children/0/children/6/faces/south/autoUv",
    "value": false,
    "file": "game:shapes/entity/humanoid/seraphskinparts/hair-base/longwithstrands.json"
  },
  {
    "op": "replace",
    "path": "/elements/0/children/0/children/6/faces/south/uv/2",
    "value": 21.5,
    "file": "game:shapes/entity/humanoid/seraphskinparts/hair-base/longwithstrands.json"
  },
  {
    "op": "add",
    "path": "/elements/0/children/0/children/6/faces/up/autoUv",
    "value": false,
    "file": "game:shapes/entity/humanoid/seraphskinparts/hair-base/longwithstrands.json"
  },
  {
    "op": "replace",
    "path": "/elements/0/children/0/children/6/faces/up/uv/2",
    "value": 21.0,
    "file": "game:shapes/entity/humanoid/seraphskinparts/hair-base/longwithstrands.json"
  },
  {
    "op": "add",
    "path": "/elements/0/children/0/children/6/faces/west/autoUv",
    "value": false,
    "file": "game:shapes/entity/humanoid/seraphskinparts/hair-base/longwithstrands.json"
  },
  {
    "op": "replace",
    "path": "/elements/0/children/0/children/6/faces/west/uv/0",
    "value": 21.5,
    "file": "game:shapes/entity/humanoid/seraphskinparts/hair-base/longwithstrands.json"
  },
  {
    "op": "replace",
    "path": "/elements/0/children/0/children/6/faces/west/uv/2",
    "value": 22.0,
    "file": "game:shapes/entity/humanoid/seraphskinparts/hair-base/longwithstrands.json"
  },
  {
    "op": "replace",
    "path": "/elements/0/children/0/children/6/from/0",
    "value": 0.11,
    "file": "game:shapes/entity/humanoid/seraphskinparts/hair-base/longwithstrands.json"
  },
  {
    "op": "replace",
    "path": "/elements/0/children/0/children/6/from/1",
    "value": 6.16,
    "file": "game:shapes/entity/humanoid/seraphskinparts/hair-base/longwithstrands.json"
  },
  {
    "op": "replace",
    "path": "/elements/0/children/0/children/6/rotationOrigin/0",
    "value": 0.11,
    "file": "game:shapes/entity/humanoid/seraphskinparts/hair-base/longwithstrands.json"
  },
  {
    "op": "replace",
    "path": "/elements/0/children/0/children/6/rotationOrigin/1",
    "value": 6.41,
    "file": "game:shapes/entity/humanoid/seraphskinparts/hair-base/longwithstrands.json"
  },
  {
    "op": "replace",
    "path": "/elements/0/children/0/children/6/to/0",
    "value": 4.11,
    "file": "game:shapes/entity/humanoid/seraphskinparts/hair-base/longwithstrands.json"
  },
  {
    "op": "replace",
    "path": "/elements/0/children/0/children/6/to/1",
    "value": 7.66,
    "file": "game:shapes/entity/humanoid/seraphskinparts/hair-base/longwithstrands.json"
  },
  {
    "op": "remove",
    "path": "/elements/0/children/0/children/7/uv",
    "file": "game:shapes/entity/humanoid/seraphskinparts/hair-base/longwithstrands.json"
  },
  {
    "op": "add",
    "path": "/elements/0/children/0/children/7/children",
    "value": [],
    "file": "game:shapes/entity/humanoid/seraphskinparts/hair-base/longwithstrands.json"
  },
  {
    "op": "add",
    "path": "/elements/0/children/0/children/7/group",
    "value": "Scene Collection",
    "file": "game:shapes/entity/humanoid/seraphskinparts/hair-base/longwithstrands.json"
  },
  {
    "op": "add",
    "path": "/elements/0/children/0/children/7/rotationY",
    "value": 5.0,
    "file": "game:shapes/entity/humanoid/seraphskinparts/hair-base/longwithstrands.json"
  },
  {
    "op": "add",
    "path": "/elements/0/children/0/children/7/faces/down",
    "value": {
      "texture": "#hair",
      "uv": [
        27.5,
        33.0,
        24.0,
        32.5
      ],
      "autoUv": false
    },
    "file": "game:shapes/entity/humanoid/seraphskinparts/hair-base/longwithstrands.json"
  },
  {
    "op": "add",
    "path": "/elements/0/children/0/children/7/faces/east",
    "value": {
      "texture": "#hair",
      "uv": [
        20.5,
        33.0,
        21.0,
        34.0
      ],
      "autoUv": false
    },
    "file": "game:shapes/entity/humanoid/seraphskinparts/hair-base/longwithstrands.json"
  },
  {
    "op": "add",
    "path": "/elements/0/children/0/children/7/faces/south",
    "value": {
      "texture": "#hair",
      "uv": [
        21.0,
        33.0,
        24.5,
        34.0
      ],
      "autoUv": false
    },
    "file": "game:shapes/entity/humanoid/seraphskinparts/hair-base/longwithstrands.json"
  },
  {
    "op": "add",
    "path": "/elements/0/children/0/children/7/faces/up",
    "value": {
      "texture": "#hair",
      "uv": [
        20.5,
        32.5,
        24.0,
        33.0
      ],
      "autoUv": false
    },
    "file": "game:shapes/entity/humanoid/seraphskinparts/hair-base/longwithstrands.json"
  },
  {
    "op": "add",
    "path": "/elements/0/children/0/children/7/faces/west/autoUv",
    "value": false,
    "file": "game:shapes/entity/humanoid/seraphskinparts/hair-base/longwithstrands.json"
  },
  {
    "op": "replace",
    "path": "/elements/0/children/0/children/7/faces/west/uv/0",
    "value": 24.5,
    "file": "game:shapes/entity/humanoid/seraphskinparts/hair-base/longwithstrands.json"
  },
  {
    "op": "replace",
    "path": "/elements/0/children/0/children/7/faces/west/uv/1",
    "value": 33.0,
    "file": "game:shapes/entity/humanoid/seraphskinparts/hair-base/longwithstrands.json"
  },
  {
    "op": "replace",
    "path": "/elements/0/children/0/children/7/faces/west/uv/2",
    "value": 25.0,
    "file": "game:shapes/entity/humanoid/seraphskinparts/hair-base/longwithstrands.json"
  },
  {
    "op": "replace",
    "path": "/elements/0/children/0/children/7/faces/west/uv/3",
    "value": 34.0,
    "file": "game:shapes/entity/humanoid/seraphskinparts/hair-base/longwithstrands.json"
  },
  {
    "op": "replace",
    "path": "/elements/0/children/0/children/7/from/0",
    "value": 3.05,
    "file": "game:shapes/entity/humanoid/seraphskinparts/hair-base/longwithstrands.json"
  },
  {
    "op": "replace",
    "path": "/elements/0/children/0/children/7/from/1",
    "value": 5.15,
    "file": "game:shapes/entity/humanoid/seraphskinparts/hair-base/longwithstrands.json"
  },
  {
    "op": "replace",
    "path": "/elements/0/children/0/children/7/from/2",
    "value": 5.7,
    "file": "game:shapes/entity/humanoid/seraphskinparts/hair-base/longwithstrands.json"
  },
  {
    "op": "replace",
    "path": "/elements/0/children/0/children/7/name",
    "value": "StrandLeft2",
    "file": "game:shapes/entity/humanoid/seraphskinparts/hair-base/longwithstrands.json"
  },
  {
    "op": "replace",
    "path": "/elements/0/children/0/children/7/rotationOrigin/0",
    "value": 3.05,
    "file": "game:shapes/entity/humanoid/seraphskinparts/hair-base/longwithstrands.json"
  },
  {
    "op": "replace",
    "path": "/elements/0/children/0/children/7/rotationOrigin/1",
    "value": 5.4,
    "file": "game:shapes/entity/humanoid/seraphskinparts/hair-base/longwithstrands.json"
  },
  {
    "op": "replace",
    "path": "/elements/0/children/0/children/7/rotationOrigin/2",
    "value": 5.95,
    "file": "game:shapes/entity/humanoid/seraphskinparts/hair-base/longwithstrands.json"
  },
  {
    "op": "replace",
    "path": "/elements/0/children/0/children/7/rotationX",
    "value": -0.0,
    "file": "game:shapes/entity/humanoid/seraphskinparts/hair-base/longwithstrands.json"
  },
  {
    "op": "replace",
    "path": "/elements/0/children/0/children/7/rotationZ",
    "value": -2.0,
    "file": "game:shapes/entity/humanoid/seraphskinparts/hair-base/longwithstrands.json"
  },
  {
    "op": "replace",
    "path": "/elements/0/children/0/children/7/to/0",
    "value": 6.55,
    "file": "game:shapes/entity/humanoid/seraphskinparts/hair-base/longwithstrands.json"
  },
  {
    "op": "replace",
    "path": "/elements/0/children/0/children/7/to/1",
    "value": 6.15,
    "file": "game:shapes/entity/humanoid/seraphskinparts/hair-base/longwithstrands.json"
  },
  {
    "op": "replace",
    "path": "/elements/0/children/0/children/7/to/2",
    "value": 6.2,
    "file": "game:shapes/entity/humanoid/seraphskinparts/hair-base/longwithstrands.json"
  },
  {
    "op": "remove",
    "path": "/elements/0/children/0/children/8/uv",
    "file": "game:shapes/entity/humanoid/seraphskinparts/hair-base/longwithstrands.json"
  },
  {
    "op": "add",
    "path": "/elements/0/children/0/children/8/children",
    "value": [],
    "file": "game:shapes/entity/humanoid/seraphskinparts/hair-base/longwithstrands.json"
  },
  {
    "op": "add",
    "path": "/elements/0/children/0/children/8/group",
    "value": "Scene Collection",
    "file": "game:shapes/entity/humanoid/seraphskinparts/hair-base/longwithstrands.json"
  },
  {
    "op": "add",
    "path": "/elements/0/children/0/children/8/rotationY",
    "value": 7.0,
    "file": "game:shapes/entity/humanoid/seraphskinparts/hair-base/longwithstrands.json"
  },
  {
    "op": "add",
    "path": "/elements/0/children/0/children/8/faces/down",
    "value": {
      "texture": "#hair",
      "uv": [
        27.0,
        33.0,
        23.0,
        32.5
      ],
      "autoUv": false
    },
    "file": "game:shapes/entity/humanoid/seraphskinparts/hair-base/longwithstrands.json"
  },
  {
    "op": "add",
    "path": "/elements/0/children/0/children/8/faces/east",
    "value": {
      "texture": "#hair",
      "uv": [
        23.0,
        33.0,
        23.5,
        34.5
      ],
      "autoUv": false
    },
    "file": "game:shapes/entity/humanoid/seraphskinparts/hair-base/longwithstrands.json"
  },
  {
    "op": "add",
    "path": "/elements/0/children/0/children/8/faces/north",
    "value": {
      "texture": "#hair",
      "uv": [
        19.0,
        33.0,
        23.0,
        34.5
      ],
      "autoUv": false
    },
    "file": "game:shapes/entity/humanoid/seraphskinparts/hair-base/longwithstrands.json"
  },
  {
    "op": "add",
    "path": "/elements/0/children/0/children/8/faces/up",
    "value": {
      "texture": "#hair",
      "uv": [
        19.0,
        32.5,
        23.0,
        33.0
      ],
      "autoUv": false
    },
    "file": "game:shapes/entity/humanoid/seraphskinparts/hair-base/longwithstrands.json"
  },
  {
    "op": "add",
    "path": "/elements/0/children/0/children/8/faces/west/autoUv",
    "value": false,
    "file": "game:shapes/entity/humanoid/seraphskinparts/hair-base/longwithstrands.json"
  },
  {
    "op": "replace",
    "path": "/elements/0/children/0/children/8/faces/west/uv/0",
    "value": 23.5,
    "file": "game:shapes/entity/humanoid/seraphskinparts/hair-base/longwithstrands.json"
  },
  {
    "op": "replace",
    "path": "/elements/0/children/0/children/8/faces/west/uv/1",
    "value": 33.0,
    "file": "game:shapes/entity/humanoid/seraphskinparts/hair-base/longwithstrands.json"
  },
  {
    "op": "replace",
    "path": "/elements/0/children/0/children/8/faces/west/uv/2",
    "value": 24.0,
    "file": "game:shapes/entity/humanoid/seraphskinparts/hair-base/longwithstrands.json"
  },
  {
    "op": "replace",
    "path": "/elements/0/children/0/children/8/faces/west/uv/3",
    "value": 34.5,
    "file": "game:shapes/entity/humanoid/seraphskinparts/hair-base/longwithstrands.json"
  },
  {
    "op": "replace",
    "path": "/elements/0/children/0/children/8/from/0",
    "value": 0.11,
    "file": "game:shapes/entity/humanoid/seraphskinparts/hair-base/longwithstrands.json"
  },
  {
    "op": "replace",
    "path": "/elements/0/children/0/children/8/from/1",
    "value": 6.16,
    "file": "game:shapes/entity/humanoid/seraphskinparts/hair-base/longwithstrands.json"
  },
  {
    "op": "replace",
    "path": "/elements/0/children/0/children/8/from/2",
    "value": -0.2,
    "file": "game:shapes/entity/humanoid/seraphskinparts/hair-base/longwithstrands.json"
  },
  {
    "op": "replace",
    "path": "/elements/0/children/0/children/8/name",
    "value": "StrandRight",
    "file": "game:shapes/entity/humanoid/seraphskinparts/hair-base/longwithstrands.json"
  },
  {
    "op": "replace",
    "path": "/elements/0/children/0/children/8/rotationOrigin/0",
    "value": 0.11,
    "file": "game:shapes/entity/humanoid/seraphskinparts/hair-base/longwithstrands.json"
  },
  {
    "op": "replace",
    "path": "/elements/0/children/0/children/8/rotationOrigin/1",
    "value": 6.36,
    "file": "game:shapes/entity/humanoid/seraphskinparts/hair-base/longwithstrands.json"
  },
  {
    "op": "replace",
    "path": "/elements/0/children/0/children/8/rotationOrigin/2",
    "value": 0.1,
    "file": "game:shapes/entity/humanoid/seraphskinparts/hair-base/longwithstrands.json"
  },
  {
    "op": "replace",
    "path": "/elements/0/children/0/children/8/rotationX",
    "value": -0.0,
    "file": "game:shapes/entity/humanoid/seraphskinparts/hair-base/longwithstrands.json"
  },
  {
    "op": "replace",
    "path": "/elements/0/children/0/children/8/rotationZ",
    "value": -19.0,
    "file": "game:shapes/entity/humanoid/seraphskinparts/hair-base/longwithstrands.json"
  },
  {
    "op": "replace",
    "path": "/elements/0/children/0/children/8/to/0",
    "value": 4.11,
    "file": "game:shapes/entity/humanoid/seraphskinparts/hair-base/longwithstrands.json"
  },
  {
    "op": "replace",
    "path": "/elements/0/children/0/children/8/to/1",
    "value": 7.66,
    "file": "game:shapes/entity/humanoid/seraphskinparts/hair-base/longwithstrands.json"
  },
  {
    "op": "replace",
    "path": "/elements/0/children/0/children/8/to/2",
    "value": 0.3,
    "file": "game:shapes/entity/humanoid/seraphskinparts/hair-base/longwithstrands.json"
  },
  {
    "op": "remove",
    "path": "/elements/0/children/0/children/9/autoUnwrap",
    "file": "game:shapes/entity/humanoid/seraphskinparts/hair-base/longwithstrands.json"
  },
  {
    "op": "remove",
    "path": "/elements/0/children/0/children/9/unwrapRotation",
    "file": "game:shapes/entity/humanoid/seraphskinparts/hair-base/longwithstrands.json"
  },
  {
    "op": "remove",
    "path": "/elements/0/children/0/children/9/uv",
    "file": "game:shapes/entity/humanoid/seraphskinparts/hair-base/longwithstrands.json"
  },
  {
    "op": "add",
    "path": "/elements/0/children/0/children/9/children",
    "value": [],
    "file": "game:shapes/entity/humanoid/seraphskinparts/hair-base/longwithstrands.json"
  },
  {
    "op": "add",
    "path": "/elements/0/children/0/children/9/group",
    "value": "Scene Collection",
    "file": "game:shapes/entity/humanoid/seraphskinparts/hair-base/longwithstrands.json"
  },
  {
    "op": "add",
    "path": "/elements/0/children/0/children/9/rotationX",
    "value": 0.0,
    "file": "game:shapes/entity/humanoid/seraphskinparts/hair-base/longwithstrands.json"
  },
  {
    "op": "add",
    "path": "/elements/0/children/0/children/9/rotationY",
    "value": -5.0,
    "file": "game:shapes/entity/humanoid/seraphskinparts/hair-base/longwithstrands.json"
  },
  {
    "op": "remove",
    "path": "/elements/0/children/0/children/9/faces/south",
    "file": "game:shapes/entity/humanoid/seraphskinparts/hair-base/longwithstrands.json"
  },
  {
    "op": "add",
    "path": "/elements/0/children/0/children/9/faces/down",
    "value": {
      "texture": "#hair",
      "uv": [
        25.0,
        34.0,
        21.5,
        33.5
      ],
      "autoUv": false
    },
    "file": "game:shapes/entity/humanoid/seraphskinparts/hair-base/longwithstrands.json"
  },
  {
    "op": "add",
    "path": "/elements/0/children/0/children/9/faces/west",
    "value": {
      "texture": "#hair",
      "uv": [
        22.0,
        34.0,
        22.5,
        35.0
      ],
      "autoUv": false
    },
    "file": "game:shapes/entity/humanoid/seraphskinparts/hair-base/longwithstrands.json"
  },
  {
    "op": "add",
    "path": "/elements/0/children/0/children/9/faces/east/autoUv",
    "value": false,
    "file": "game:shapes/entity/humanoid/seraphskinparts/hair-base/longwithstrands.json"
  },
  {
    "op": "replace",
    "path": "/elements/0/children/0/children/9/faces/east/uv/0",
    "value": 21.5,
    "file": "game:shapes/entity/humanoid/seraphskinparts/hair-base/longwithstrands.json"
  },
  {
    "op": "replace",
    "path": "/elements/0/children/0/children/9/faces/east/uv/1",
    "value": 34.0,
    "file": "game:shapes/entity/humanoid/seraphskinparts/hair-base/longwithstrands.json"
  },
  {
    "op": "replace",
    "path": "/elements/0/children/0/children/9/faces/east/uv/2",
    "value": 22.0,
    "file": "game:shapes/entity/humanoid/seraphskinparts/hair-base/longwithstrands.json"
  },
  {
    "op": "replace",
    "path": "/elements/0/children/0/children/9/faces/east/uv/3",
    "value": 35.0,
    "file": "game:shapes/entity/humanoid/seraphskinparts/hair-base/longwithstrands.json"
  },
  {
    "op": "add",
    "path": "/elements/0/children/0/children/9/faces/north/autoUv",
    "value": false,
    "file": "game:shapes/entity/humanoid/seraphskinparts/hair-base/longwithstrands.json"
  },
  {
    "op": "replace",
    "path": "/elements/0/children/0/children/9/faces/north/uv/0",
    "value": 18.0,
    "file": "game:shapes/entity/humanoid/seraphskinparts/hair-base/longwithstrands.json"
  },
  {
    "op": "replace",
    "path": "/elements/0/children/0/children/9/faces/north/uv/1",
    "value": 34.0,
    "file": "game:shapes/entity/humanoid/seraphskinparts/hair-base/longwithstrands.json"
  },
  {
    "op": "replace",
    "path": "/elements/0/children/0/children/9/faces/north/uv/2",
    "value": 21.5,
    "file": "game:shapes/entity/humanoid/seraphskinparts/hair-base/longwithstrands.json"
  },
  {
    "op": "replace",
    "path": "/elements/0/children/0/children/9/faces/north/uv/3",
    "value": 35.0,
    "file": "game:shapes/entity/humanoid/seraphskinparts/hair-base/longwithstrands.json"
  },
  {
    "op": "add",
    "path": "/elements/0/children/0/children/9/faces/up/autoUv",
    "value": false,
    "file": "game:shapes/entity/humanoid/seraphskinparts/hair-base/longwithstrands.json"
  },
  {
    "op": "replace",
    "path": "/elements/0/children/0/children/9/faces/up/uv/0",
    "value": 18.0,
    "file": "game:shapes/entity/humanoid/seraphskinparts/hair-base/longwithstrands.json"
  },
  {
    "op": "replace",
    "path": "/elements/0/children/0/children/9/faces/up/uv/1",
    "value": 33.5,
    "file": "game:shapes/entity/humanoid/seraphskinparts/hair-base/longwithstrands.json"
  },
  {
    "op": "replace",
    "path": "/elements/0/children/0/children/9/faces/up/uv/2",
    "value": 21.5,
    "file": "game:shapes/entity/humanoid/seraphskinparts/hair-base/longwithstrands.json"
  },
  {
    "op": "replace",
    "path": "/elements/0/children/0/children/9/faces/up/uv/3",
    "value": 34.0,
    "file": "game:shapes/entity/humanoid/seraphskinparts/hair-base/longwithstrands.json"
  },
  {
    "op": "replace",
    "path": "/elements/0/children/0/children/9/from/0",
    "value": 3.05,
    "file": "game:shapes/entity/humanoid/seraphskinparts/hair-base/longwithstrands.json"
  },
  {
    "op": "replace",
    "path": "/elements/0/children/0/children/9/from/1",
    "value": 5.15,
    "file": "game:shapes/entity/humanoid/seraphskinparts/hair-base/longwithstrands.json"
  },
  {
    "op": "replace",
    "path": "/elements/0/children/0/children/9/from/2",
    "value": -0.6,
    "file": "game:shapes/entity/humanoid/seraphskinparts/hair-base/longwithstrands.json"
  },
  {
    "op": "replace",
    "path": "/elements/0/children/0/children/9/name",
    "value": "StrandRight2",
    "file": "game:shapes/entity/humanoid/seraphskinparts/hair-base/longwithstrands.json"
  },
  {
    "op": "replace",
    "path": "/elements/0/children/0/children/9/rotationOrigin/0",
    "value": 3.05,
    "file": "game:shapes/entity/humanoid/seraphskinparts/hair-base/longwithstrands.json"
  },
  {
    "op": "replace",
    "path": "/elements/0/children/0/children/9/rotationOrigin/1",
    "value": 5.4,
    "file": "game:shapes/entity/humanoid/seraphskinparts/hair-base/longwithstrands.json"
  },
  {
    "op": "replace",
    "path": "/elements/0/children/0/children/9/rotationOrigin/2",
    "value": -0.35,
    "file": "game:shapes/entity/humanoid/seraphskinparts/hair-base/longwithstrands.json"
  },
  {
    "op": "replace",
    "path": "/elements/0/children/0/children/9/rotationZ",
    "value": -2.0,
    "file": "game:shapes/entity/humanoid/seraphskinparts/hair-base/longwithstrands.json"
  },
  {
    "op": "replace",
    "path": "/elements/0/children/0/children/9/to/0",
    "value": 6.55,
    "file": "game:shapes/entity/humanoid/seraphskinparts/hair-base/longwithstrands.json"
  },
  {
    "op": "replace",
    "path": "/elements/0/children/0/children/9/to/1",
    "value": 6.15,
    "file": "game:shapes/entity/humanoid/seraphskinparts/hair-base/longwithstrands.json"
  },
  {
    "op": "replace",
    "path": "/elements/0/children/0/children/9/to/2",
    "value": -0.1,
    "file": "game:shapes/entity/humanoid/seraphskinparts/hair-base/longwithstrands.json"
  },
  {
    "op": "replace",
    "path": "/elements/0/children/0/from/2",
    "value": -0.0,
    "file": "game:shapes/entity/humanoid/seraphskinparts/hair-base/longwithstrands.json"
  },
  {
    "op": "replace",
    "path": "/elements/0/children/0/name",
    "value": "hideme",
    "file": "game:shapes/entity/humanoid/seraphskinparts/hair-base/longwithstrands.json"
  },
  {
    "op": "add",
    "path": "/elements/0/faces/east/autoUv",
    "value": false,
    "file": "game:shapes/entity/humanoid/seraphskinparts/hair-base/longwithstrands.json"
  },
  {
    "op": "add",
    "path": "/elements/0/faces/north/autoUv",
    "value": false,
    "file": "game:shapes/entity/humanoid/seraphskinparts/hair-base/longwithstrands.json"
  },
  {
    "op": "replace",
    "path": "/elements/0/faces/north/uv/0",
    "value": 41.0,
    "file": "game:shapes/entity/humanoid/seraphskinparts/hair-base/longwithstrands.json"
  },
  {
    "op": "add",
    "path": "/elements/0/faces/south/autoUv",
    "value": false,
    "file": "game:shapes/entity/humanoid/seraphskinparts/hair-base/longwithstrands.json"
  },
  {
    "op": "replace",
    "path": "/elements/0/faces/south/uv/2",
    "value": 38.0,
    "file": "game:shapes/entity/humanoid/seraphskinparts/hair-base/longwithstrands.json"
  },
  {
    "op": "add",
    "path": "/elements/0/faces/up/autoUv",
    "value": false,
    "file": "game:shapes/entity/humanoid/seraphskinparts/hair-base/longwithstrands.json"
  },
  {
    "op": "replace",
    "path": "/elements/0/faces/up/uv/3",
    "value": 6.5,
    "file": "game:shapes/entity/humanoid/seraphskinparts/hair-base/longwithstrands.json"
  },
  {
    "op": "add",
    "path": "/elements/0/faces/west/autoUv",
    "value": false,
    "file": "game:shapes/entity/humanoid/seraphskinparts/hair-base/longwithstrands.json"
  },
  {
    "op": "replace",
    "path": "/elements/0/from/2",
    "value": -0.3,
    "file": "game:shapes/entity/humanoid/seraphskinparts/hair-base/longwithstrands.json"
  },
  {
    "op": "replace",
    "path": "/elements/0/name",
    "value": "Hair.001",
    "file": "game:shapes/entity/humanoid/seraphskinparts/hair-base/longwithstrands.json"
  },
  {
    "op": "replace",
    "path": "/elements/0/to/0",
    "value": 5.56,
    "file": "game:shapes/entity/humanoid/seraphskinparts/hair-base/longwithstrands.json"
  },
  {
    "op": "replace",
    "path": "/elements/0/to/1",
    "value": 4.47,
    "file": "game:shapes/entity/humanoid/seraphskinparts/hair-base/longwithstrands.json"
  },
  {
    "op": "replace",
    "path": "/elements/0/to/2",
    "value": 5.2,
    "file": "game:shapes/entity/humanoid/seraphskinparts/hair-base/longwithstrands.json"
  },
  {
    "op": "remove",
    "path": "/elements/1/autoUnwrap",
    "file": "game:shapes/entity/humanoid/seraphskinparts/hair-base/longwithstrands.json"
  },
  {
    "op": "remove",
    "path": "/elements/1/uv",
    "file": "game:shapes/entity/humanoid/seraphskinparts/hair-base/longwithstrands.json"
  },
  {
    "op": "add",
    "path": "/elements/1/children",
    "value": [],
    "file": "game:shapes/entity/humanoid/seraphskinparts/hair-base/longwithstrands.json"
  },
  {
    "op": "add",
    "path": "/elements/1/group",
    "value": "Scene Collection",
    "file": "game:shapes/entity/humanoid/seraphskinparts/hair-base/longwithstrands.json"
  },
  {
    "op": "add",
    "path": "/elements/1/faces/east/autoUv",
    "value": false,
    "file": "game:shapes/entity/humanoid/seraphskinparts/hair-base/longwithstrands.json"
  },
  {
    "op": "add",
    "path": "/elements/1/faces/north/autoUv",
    "value": false,
    "file": "game:shapes/entity/humanoid/seraphskinparts/hair-base/longwithstrands.json"
  },
  {
    "op": "replace",
    "path": "/elements/1/faces/north/uv/2",
    "value": 7.0,
    "file": "game:shapes/entity/humanoid/seraphskinparts/hair-base/longwithstrands.json"
  },
  {
    "op": "add",
    "path": "/elements/1/faces/south/autoUv",
    "value": false,
    "file": "game:shapes/entity/humanoid/seraphskinparts/hair-base/longwithstrands.json"
  },
  {
    "op": "replace",
    "path": "/elements/1/faces/south/uv/2",
    "value": 19.5,
    "file": "game:shapes/entity/humanoid/seraphskinparts/hair-base/longwithstrands.json"
  },
  {
    "op": "add",
    "path": "/elements/1/faces/up/autoUv",
    "value": false,
    "file": "game:shapes/entity/humanoid/seraphskinparts/hair-base/longwithstrands.json"
  },
  {
    "op": "replace",
    "path": "/elements/1/faces/up/uv/3",
    "value": 17.5,
    "file": "game:shapes/entity/humanoid/seraphskinparts/hair-base/longwithstrands.json"
  },
  {
    "op": "add",
    "path": "/elements/1/faces/west/autoUv",
    "value": false,
    "file": "game:shapes/entity/humanoid/seraphskinparts/hair-base/longwithstrands.json"
  },
  {
    "op": "replace",
    "path": "/elements/1/name",
    "value": "Hair tile upper part.001",
    "file": "game:shapes/entity/humanoid/seraphskinparts/hair-base/longwithstrands.json"
  },
  {
    "op": "replace",
    "path": "/elements/1/to/0",
    "value": 5.61,
    "file": "game:shapes/entity/humanoid/seraphskinparts/hair-base/longwithstrands.json"
  },
  {
    "op": "replace",
    "path": "/elements/1/to/1",
    "value": 4.64,
    "file": "game:shapes/entity/humanoid/seraphskinparts/hair-base/longwithstrands.json"
  },
  {
    "op": "replace",
    "path": "/textures/hair",
    "value": "wheat",
    "file": "game:shapes/entity/humanoid/seraphskinparts/hair-base/longwithstrands.json"
  },
  {
    "op": "remove",
    "path": "/textureSizes/birch",
    "file": "game:shapes/entity/humanoid/seraphskinparts/hair-base/longwithstrands.json"
  }
]