[
  {
    "op": "remove",
    "path": "/editor",
    "file": "game:shapes/entity/humanoid/seraphskinparts/hair-extra/thickmessybraid.json"
  },
  {
    "op": "add",
    "path": "/groups",
    "value": [],
    "file": "game:shapes/entity/humanoid/seraphskinparts/hair-extra/thickmessybraid.json"
  },
  {
    "op": "remove",
    "path": "/elements/0/uv",
    "file": "game:shapes/entity/humanoid/seraphskinparts/hair-extra/thickmessybraid.json"
  },
  {
    "op": "add",
    "path": "/elements/0/group",
    "value": "thickmessybraid",
    "file": "game:shapes/entity/humanoid/seraphskinparts/hair-extra/thickmessybraid.json"
  },
  {
    "op": "add",
    "path": "/elements/0/rotationOrigin",
    "value": [
      -0.0,
      -0.0,
      0.0
    ],
    "file": "game:shapes/entity/humanoid/seraphskinparts/hair-extra/thickmessybraid.json"
  },
  {
    "op": "remove",
    "path": "/elements/0/children/0/uv",
    "file": "game:shapes/entity/humanoid/seraphskinparts/hair-extra/thickmessybraid.json"
  },
  {
    "op": "add",
    "path": "/elements/0/children/0/group",
    "value": "thickmessybraid",
    "file": "game:shapes/entity/humanoid/seraphskinparts/hair-extra/thickmessybraid.json"
  },
  {
    "op": "remove",
    "path": "/elements/0/children/0/children/0/uv",
    "file": "game:shapes/entity/humanoid/seraphskinparts/hair-extra/thickmessybraid.json"
  },
  {
    "op": "add",
    "path": "/elements/0/children/0/children/0/children",
    "value": [],
    "file": "game:shapes/entity/humanoid/seraphskinparts/hair-extra/thickmessybraid.json"
  },
  {
    "op": "add",
    "path": "/elements/0/children/0/children/0/group",
    "value": "thickmessybraid",
    "file": "game:shapes/entity/humanoid/seraphskinparts/hair-extra/thickmessybraid.json"
  },
  {
    "op": "remove",
    "path": "/elements/0/children/0/children/0/faces/east/windMode",
    "file": "game:shapes/entity/humanoid/seraphskinparts/hair-extra/thickmessybraid.json"
  },
  {
    "op": "add",
    "path": "/elements/0/children/0/children/0/faces/east/autoUv",
    "value": false,
    "file": "game:shapes/entity/humanoid/seraphskinparts/hair-extra/thickmessybraid.json"
  },
  {
    "op": "remove",
    "path": "/elements/0/children/0/children/0/faces/north/windMode",
    "file": "game:shapes/entity/humanoid/seraphskinparts/hair-extra/thickmessybraid.json"
  },
  {
    "op": "add",
    "path": "/elements/0/children/0/children/0/faces/north/autoUv",
    "value": false,
    "file": "game:shapes/entity/humanoid/seraphskinparts/hair-extra/thickmessybraid.json"
  },
  {
    "op": "remove",
    "path": "/elements/0/children/0/children/0/faces/south/windMode",
    "file": "game:shapes/entity/humanoid/seraphskinparts/hair-extra/thickmessybraid.json"
  },
  {
    "op": "add",
    "path": "/elements/0/children/0/children/0/faces/south/autoUv",
    "value": false,
    "file": "game:shapes/entity/humanoid/seraphskinparts/hair-extra/thickmessybraid.json"
  },
  {
    "op": "remove",
    "path": "/elements/0/children/0/children/0/faces/west/windMode",
    "file": "game:shapes/entity/humanoid/seraphskinparts/hair-extra/thickmessybraid.json"
  },
  {
    "op": "add",
    "path": "/elements/0/children/0/children/0/faces/west/autoUv",
    "value": false,
    "file": "game:shapes/entity/humanoid/seraphskinparts/hair-extra/thickmessybraid.json"
  },
  {
    "op": "replace",
    "path": "/elements/0/children/0/children/0/name",
    "value": "Braid2.002",
    "file": "game:shapes/entity/humanoid/seraphskinparts/hair-extra/thickmessybraid.json"
  },
  {
    "op": "remove",
    "path": "/elements/0/children/0/children/1/uv",
    "file": "game:shapes/entity/humanoid/seraphskinparts/hair-extra/thickmessybraid.json"
  },
  {
    "op": "add",
    "path": "/elements/0/children/0/children/1/children",
    "value": [],
    "file": "game:shapes/entity/humanoid/seraphskinparts/hair-extra/thickmessybraid.json"
  },
  {
    "op": "add",
    "path": "/elements/0/children/0/children/1/group",
    "value": "thickmessybraid",
    "file": "game:shapes/entity/humanoid/seraphskinparts/hair-extra/thickmessybraid.json"
  },
  {
    "op": "add",
    "path": "/elements/0/children/0/children/1/faces/east/autoUv",
    "value": false,
    "file": "game:shapes/entity/humanoid/seraphskinparts/hair-extra/thickmessybraid.json"
  },
  {
    "op": "add",
    "path": "/elements/0/children/0/children/1/faces/north/autoUv",
    "value": false,
    "file": "game:shapes/entity/humanoid/seraphskinparts/hair-extra/thickmessybraid.json"
  },
  {
    "op": "add",
    "path": "/elements/0/children/0/children/1/faces/south/autoUv",
    "value": false,
    "file": "game:shapes/entity/humanoid/seraphskinparts/hair-extra/thickmessybraid.json"
  },
  {
    "op": "remove",
    "path": "/elements/0/children/0/children/2/uv",
    "file": "game:shapes/entity/humanoid/seraphskinparts/hair-extra/thickmessybraid.json"
  },
  {
    "op": "add",
    "path": "/elements/0/children/0/children/2/children",
    "value": [],
    "file": "game:shapes/entity/humanoid/seraphskinparts/hair-extra/thickmessybraid.json"
  },
  {
    "op": "add",
    "path": "/elements/0/children/0/children/2/group",
    "value": "thickmessybraid",
    "file": "game:shapes/entity/humanoid/seraphskinparts/hair-extra/thickmessybraid.json"
  },
  {
    "op": "add",
    "path": "/elements/0/children/0/children/2/faces/east/autoUv",
    "value": false,
    "file": "game:shapes/entity/humanoid/seraphskinparts/hair-extra/thickmessybraid.json"
  },
  {
    "op": "add",
    "path": "/elements/0/children/0/children/2/faces/north/autoUv",
    "value": false,
    "file": "game:shapes/entity/humanoid/seraphskinparts/hair-extra/thickmessybraid.json"
  },
  {
    "op": "add",
    "path": "/elements/0/children/0/children/2/faces/south/autoUv",
    "value": false,
    "file": "game:shapes/entity/humanoid/seraphskinparts/hair-extra/thickmessybraid.json"
  },
  {
    "op": "remove",
    "path": "/elements/0/children/0/children/3/uv",
    "file": "game:shapes/entity/humanoid/seraphskinparts/hair-extra/thickmessybraid.json"
  },
  {
    "op": "add",
    "path": "/elements/0/children/0/children/3/children",
    "value": [],
    "file": "game:shapes/entity/humanoid/seraphskinparts/hair-extra/thickmessybraid.json"
  },
  {
    "op": "add",
    "path": "/elements/0/children/0/children/3/group",
    "value": "thickmessybraid",
    "file": "game:shapes/entity/humanoid/seraphskinparts/hair-extra/thickmessybraid.json"
  },
  {
    "op": "add",
    "path": "/elements/0/children/0/children/3/rotationY",
    "value": -0.0,
    "file": "game:shapes/entity/humanoid/seraphskinparts/hair-extra/thickmessybraid.json"
  },
  {
    "op": "add",
    "path": "/elements/0/children/0/children/3/faces/east/autoUv",
    "value": false,
    "file": "game:shapes/entity/humanoid/seraphskinparts/hair-extra/thickmessybraid.json"
  },
  {
    "op": "add",
    "path": "/elements/0/children/0/children/3/faces/north/autoUv",
    "value": false,
    "file": "game:shapes/entity/humanoid/seraphskinparts/hair-extra/thickmessybraid.json"
  },
  {
    "op": "add",
    "path": "/elements/0/children/0/children/3/faces/south/autoUv",
    "value": false,
    "file": "game:shapes/entity/humanoid/seraphskinparts/hair-extra/thickmessybraid.json"
  },
  {
    "op": "add",
    "path": "/elements/0/children/0/children/3/faces/west/autoUv",
    "value": false,
    "file": "game:shapes/entity/humanoid/seraphskinparts/hair-extra/thickmessybraid.json"
  },
  {
    "op": "remove",
    "path": "/elements/0/children/0/children/4/uv",
    "file": "game:shapes/entity/humanoid/seraphskinparts/hair-extra/thickmessybraid.json"
  },
  {
    "op": "add",
    "path": "/elements/0/children/0/children/4/children",
    "value": [],
    "file": "game:shapes/entity/humanoid/seraphskinparts/hair-extra/thickmessybraid.json"
  },
  {
    "op": "add",
    "path": "/elements/0/children/0/children/4/group",
    "value": "thickmessybraid",
    "file": "game:shapes/entity/humanoid/seraphskinparts/hair-extra/thickmessybraid.json"
  },
  {
    "op": "add",
    "path": "/elements/0/children/0/children/4/rotationY",
    "value": 0.0,
    "file": "game:shapes/entity/humanoid/seraphskinparts/hair-extra/thickmessybraid.json"
  },
  {
    "op": "add",
    "path": "/elements/0/children/0/children/4/faces/east/autoUv",
    "value": false,
    "file": "game:shapes/entity/humanoid/seraphskinparts/hair-extra/thickmessybraid.json"
  },
  {
    "op": "add",
    "path": "/elements/0/children/0/children/4/faces/north/autoUv",
    "value": false,
    "file": "game:shapes/entity/humanoid/seraphskinparts/hair-extra/thickmessybraid.json"
  },
  {
    "op": "add",
    "path": "/elements/0/children/0/children/4/faces/south/autoUv",
    "value": false,
    "file": "game:shapes/entity/humanoid/seraphskinparts/hair-extra/thickmessybraid.json"
  },
  {
    "op": "add",
    "path": "/elements/0/children/0/children/4/faces/west/autoUv",
    "value": false,
    "file": "game:shapes/entity/humanoid/seraphskinparts/hair-extra/thickmessybraid.json"
  },
  {
    "op": "remove",
    "path": "/elements/0/children/0/children/5/uv",
    "file": "game:shapes/entity/humanoid/seraphskinparts/hair-extra/thickmessybraid.json"
  },
  {
    "op": "add",
    "path": "/elements/0/children/0/children/5/children",
    "value": [],
    "file": "game:shapes/entity/humanoid/seraphskinparts/hair-extra/thickmessybraid.json"
  },
  {
    "op": "add",
    "path": "/elements/0/children/0/children/5/group",
    "value": "thickmessybraid",
    "file": "game:shapes/entity/humanoid/seraphskinparts/hair-extra/thickmessybraid.json"
  },
  {
    "op": "add",
    "path": "/elements/0/children/0/children/5/faces/east/autoUv",
    "value": false,
    "file": "game:shapes/entity/humanoid/seraphskinparts/hair-extra/thickmessybraid.json"
  },
  {
    "op": "add",
    "path": "/elements/0/children/0/children/5/faces/north/autoUv",
    "value": false,
    "file": "game:shapes/entity/humanoid/seraphskinparts/hair-extra/thickmessybraid.json"
  },
  {
    "op": "add",
    "path": "/elements/0/children/0/children/5/faces/south/autoUv",
    "value": false,
    "file": "game:shapes/entity/humanoid/seraphskinparts/hair-extra/thickmessybraid.json"
  },
  {
    "op": "add",
    "path": "/elements/0/children/0/children/5/faces/west/autoUv",
    "value": false,
    "file": "game:shapes/entity/humanoid/seraphskinparts/hair-extra/thickmessybraid.json"
  },
  {
    "op": "remove",
    "path": "/elements/0/children/0/children/6/uv",
    "file": "game:shapes/entity/humanoid/seraphskinparts/hair-extra/thickmessybraid.json"
  },
  {
    "op": "add",
    "path": "/elements/0/children/0/children/6/children",
    "value": [],
    "file": "game:shapes/entity/humanoid/seraphskinparts/hair-extra/thickmessybraid.json"
  },
  {
    "op": "add",
    "path": "/elements/0/children/0/children/6/group",
    "value": "thickmessybraid",
    "file": "game:shapes/entity/humanoid/seraphskinparts/hair-extra/thickmessybraid.json"
  },
  {
    "op": "add",
    "path": "/elements/0/children/0/children/6/faces/east/autoUv",
    "value": false,
    "file": "game:shapes/entity/humanoid/seraphskinparts/hair-extra/thickmessybraid.json"
  },
  {
    "op": "add",
    "path": "/elements/0/children/0/children/6/faces/north/autoUv",
    "value": false,
    "file": "game:shapes/entity/humanoid/seraphskinparts/hair-extra/thickmessybraid.json"
  },
  {
    "op": "add",
    "path": "/elements/0/children/0/children/6/faces/south/autoUv",
    "value": false,
    "file": "game:shapes/entity/humanoid/seraphskinparts/hair-extra/thickmessybraid.json"
  },
  {
    "op": "add",
    "path": "/elements/0/children/0/children/6/faces/west/autoUv",
    "value": false,
    "file": "game:shapes/entity/humanoid/seraphskinparts/hair-extra/thickmessybraid.json"
  },
  {
    "op": "add",
    "path": "/elements/0/children/0/faces/east/autoUv",
    "value": false,
    "file": "game:shapes/entity/humanoid/seraphskinparts/hair-extra/thickmessybraid.json"
  },
  {
    "op": "add",
    "path": "/elements/0/children/0/faces/north/autoUv",
    "value": false,
    "file": "game:shapes/entity/humanoid/seraphskinparts/hair-extra/thickmessybraid.json"
  },
  {
    "op": "add",
    "path": "/elements/0/children/0/faces/south/autoUv",
    "value": false,
    "file": "game:shapes/entity/humanoid/seraphskinparts/hair-extra/thickmessybraid.json"
  },
  {
    "op": "add",
    "path": "/elements/0/children/0/faces/west/autoUv",
    "value": false,
    "file": "game:shapes/entity/humanoid/seraphskinparts/hair-extra/thickmessybraid.json"
  },
  {
    "op": "replace",
    "path": "/elements/0/children/0/from/0",
    "value": 4.11,
    "file": "game:shapes/entity/humanoid/seraphskinparts/hair-extra/thickmessybraid.json"
  },
  {
    "op": "replace",
    "path": "/elements/0/children/0/name",
    "value": "BraidBack.003",
    "file": "game:shapes/entity/humanoid/seraphskinparts/hair-extra/thickmessybraid.json"
  },
  {
    "op": "replace",
    "path": "/elements/0/children/0/rotationOrigin/0",
    "value": 4.61,
    "file": "game:shapes/entity/humanoid/seraphskinparts/hair-extra/thickmessybraid.json"
  },
  {
    "op": "replace",
    "path": "/elements/0/children/0/to/0",
    "value": 5.61,
    "file": "game:shapes/entity/humanoid/seraphskinparts/hair-extra/thickmessybraid.json"
  },
  {
    "op": "remove",
    "path": "/elements/0/children/1/uv",
    "file": "game:shapes/entity/humanoid/seraphskinparts/hair-extra/thickmessybraid.json"
  },
  {
    "op": "add",
    "path": "/elements/0/children/1/group",
    "value": "thickmessybraid",
    "file": "game:shapes/entity/humanoid/seraphskinparts/hair-extra/thickmessybraid.json"
  },
  {
    "op": "add",
    "path": "/elements/0/children/1/rotationOrigin",
    "value": [
      0.0,
      -0.0,
      -0.0
    ],
    "file": "game:shapes/entity/humanoid/seraphskinparts/hair-extra/thickmessybraid.json"
  },
  {
    "op": "remove",
    "path": "/elements/0/children/1/children/0/uv",
    "file": "game:shapes/entity/humanoid/seraphskinparts/hair-extra/thickmessybraid.json"
  },
  {
    "op": "add",
    "path": "/elements/0/children/1/children/0/children",
    "value": [],
    "file": "game:shapes/entity/humanoid/seraphskinparts/hair-extra/thickmessybraid.json"
  },
  {
    "op": "add",
    "path": "/elements/0/children/1/children/0/group",
    "value": "thickmessybraid",
    "file": "game:shapes/entity/humanoid/seraphskinparts/hair-extra/thickmessybraid.json"
  },
  {
    "op": "add",
    "path": "/elements/0/children/1/children/0/faces/west",
    "value": {
      "texture": "#hair",
      "uv": [
        26.0,
        31.0,
        28.0,
        34.0
      ],
      "autoUv": false
    },
    "file": "game:shapes/entity/humanoid/seraphskinparts/hair-extra/thickmessybraid.json"
  },
  {
    "op": "add",
    "path": "/elements/0/children/1/children/0/faces/east/autoUv",
    "value": false,
    "file": "game:shapes/entity/humanoid/seraphskinparts/hair-extra/thickmessybraid.json"
  },
  {
    "op": "replace",
    "path": "/elements/0/children/1/children/0/faces/east/uv/0",
    "value": 22.5,
    "file": "game:shapes/entity/humanoid/seraphskinparts/hair-extra/thickmessybraid.json"
  },
  {
    "op": "replace",
    "path": "/elements/0/children/1/children/0/faces/east/uv/1",
    "value": 31.0,
    "file": "game:shapes/entity/humanoid/seraphskinparts/hair-extra/thickmessybraid.json"
  },
  {
    "op": "replace",
    "path": "/elements/0/children/1/children/0/faces/east/uv/2",
    "value": 24.5,
    "file": "game:shapes/entity/humanoid/seraphskinparts/hair-extra/thickmessybraid.json"
  },
  {
    "op": "replace",
    "path": "/elements/0/children/1/children/0/faces/east/uv/3",
    "value": 34.0,
    "file": "game:shapes/entity/humanoid/seraphskinparts/hair-extra/thickmessybraid.json"
  },
  {
    "op": "add",
    "path": "/elements/0/children/1/children/0/faces/north/autoUv",
    "value": false,
    "file": "game:shapes/entity/humanoid/seraphskinparts/hair-extra/thickmessybraid.json"
  },
  {
    "op": "replace",
    "path": "/elements/0/children/1/children/0/faces/north/uv/0",
    "value": 21.0,
    "file": "game:shapes/entity/humanoid/seraphskinparts/hair-extra/thickmessybraid.json"
  },
  {
    "op": "replace",
    "path": "/elements/0/children/1/children/0/faces/north/uv/1",
    "value": 31.0,
    "file": "game:shapes/entity/humanoid/seraphskinparts/hair-extra/thickmessybraid.json"
  },
  {
    "op": "replace",
    "path": "/elements/0/children/1/children/0/faces/north/uv/2",
    "value": 22.5,
    "file": "game:shapes/entity/humanoid/seraphskinparts/hair-extra/thickmessybraid.json"
  },
  {
    "op": "replace",
    "path": "/elements/0/children/1/children/0/faces/north/uv/3",
    "value": 34.0,
    "file": "game:shapes/entity/humanoid/seraphskinparts/hair-extra/thickmessybraid.json"
  },
  {
    "op": "add",
    "path": "/elements/0/children/1/children/0/faces/south/autoUv",
    "value": false,
    "file": "game:shapes/entity/humanoid/seraphskinparts/hair-extra/thickmessybraid.json"
  },
  {
    "op": "replace",
    "path": "/elements/0/children/1/children/0/faces/south/uv/0",
    "value": 24.5,
    "file": "game:shapes/entity/humanoid/seraphskinparts/hair-extra/thickmessybraid.json"
  },
  {
    "op": "replace",
    "path": "/elements/0/children/1/children/0/faces/south/uv/1",
    "value": 31.0,
    "file": "game:shapes/entity/humanoid/seraphskinparts/hair-extra/thickmessybraid.json"
  },
  {
    "op": "replace",
    "path": "/elements/0/children/1/children/0/faces/south/uv/3",
    "value": 34.0,
    "file": "game:shapes/entity/humanoid/seraphskinparts/hair-extra/thickmessybraid.json"
  },
  {
    "op": "replace",
    "path": "/elements/0/children/1/children/0/from/0",
    "value": 4.56,
    "file": "game:shapes/entity/humanoid/seraphskinparts/hair-extra/thickmessybraid.json"
  },
  {
    "op": "replace",
    "path": "/elements/0/children/1/children/0/from/1",
    "value": 1.0,
    "file": "game:shapes/entity/humanoid/seraphskinparts/hair-extra/thickmessybraid.json"
  },
  {
    "op": "replace",
    "path": "/elements/0/children/1/children/0/from/2",
    "value": 1.5,
    "file": "game:shapes/entity/humanoid/seraphskinparts/hair-extra/thickmessybraid.json"
  },
  {
    "op": "replace",
    "path": "/elements/0/children/1/children/0/name",
    "value": "BraidBack2",
    "file": "game:shapes/entity/humanoid/seraphskinparts/hair-extra/thickmessybraid.json"
  },
  {
    "op": "replace",
    "path": "/elements/0/children/1/children/0/rotationOrigin/0",
    "value": 6.06,
    "file": "game:shapes/entity/humanoid/seraphskinparts/hair-extra/thickmessybraid.json"
  },
  {
    "op": "replace",
    "path": "/elements/0/children/1/children/0/rotationOrigin/1",
    "value": 1.0,
    "file": "game:shapes/entity/humanoid/seraphskinparts/hair-extra/thickmessybraid.json"
  },
  {
    "op": "replace",
    "path": "/elements/0/children/1/children/0/rotationOrigin/2",
    "value": 2.0,
    "file": "game:shapes/entity/humanoid/seraphskinparts/hair-extra/thickmessybraid.json"
  },
  {
    "op": "replace",
    "path": "/elements/0/children/1/children/0/rotationZ",
    "value": 14.0,
    "file": "game:shapes/entity/humanoid/seraphskinparts/hair-extra/thickmessybraid.json"
  },
  {
    "op": "replace",
    "path": "/elements/0/children/1/children/0/to/0",
    "value": 6.06,
    "file": "game:shapes/entity/humanoid/seraphskinparts/hair-extra/thickmessybraid.json"
  },
  {
    "op": "replace",
    "path": "/elements/0/children/1/children/0/to/1",
    "value": 4.0,
    "file": "game:shapes/entity/humanoid/seraphskinparts/hair-extra/thickmessybraid.json"
  },
  {
    "op": "replace",
    "path": "/elements/0/children/1/children/0/to/2",
    "value": 3.5,
    "file": "game:shapes/entity/humanoid/seraphskinparts/hair-extra/thickmessybraid.json"
  },
  {
    "op": "remove",
    "path": "/elements/0/children/1/children/1/uv",
    "file": "game:shapes/entity/humanoid/seraphskinparts/hair-extra/thickmessybraid.json"
  },
  {
    "op": "add",
    "path": "/elements/0/children/1/children/1/children",
    "value": [],
    "file": "game:shapes/entity/humanoid/seraphskinparts/hair-extra/thickmessybraid.json"
  },
  {
    "op": "add",
    "path": "/elements/0/children/1/children/1/group",
    "value": "thickmessybraid",
    "file": "game:shapes/entity/humanoid/seraphskinparts/hair-extra/thickmessybraid.json"
  },
  {
    "op": "remove",
    "path": "/elements/0/children/1/children/1/faces/west",
    "file": "game:shapes/entity/humanoid/seraphskinparts/hair-extra/thickmessybraid.json"
  },
  {
    "op": "add",
    "path": "/elements/0/children/1/children/1/faces/east/autoUv",
    "value": false,
    "file": "game:shapes/entity/humanoid/seraphskinparts/hair-extra/thickmessybraid.json"
  },
  {
    "op": "replace",
    "path": "/elements/0/children/1/children/1/faces/east/uv/0",
    "value": 21.5,
    "file": "game:shapes/entity/humanoid/seraphskinparts/hair-extra/thickmessybraid.json"
  },
  {
    "op": "replace",
    "path": "/elements/0/children/1/children/1/faces/east/uv/1",
    "value": 26.0,
    "file": "game:shapes/entity/humanoid/seraphskinparts/hair-extra/thickmessybraid.json"
  },
  {
    "op": "replace",
    "path": "/elements/0/children/1/children/1/faces/east/uv/2",
    "value": 24.0,
    "file": "game:shapes/entity/humanoid/seraphskinparts/hair-extra/thickmessybraid.json"
  },
  {
    "op": "replace",
    "path": "/elements/0/children/1/children/1/faces/east/uv/3",
    "value": 29.0,
    "file": "game:shapes/entity/humanoid/seraphskinparts/hair-extra/thickmessybraid.json"
  },
  {
    "op": "add",
    "path": "/elements/0/children/1/children/1/faces/north/autoUv",
    "value": false,
    "file": "game:shapes/entity/humanoid/seraphskinparts/hair-extra/thickmessybraid.json"
  },
  {
    "op": "replace",
    "path": "/elements/0/children/1/children/1/faces/north/uv/0",
    "value": 19.5,
    "file": "game:shapes/entity/humanoid/seraphskinparts/hair-extra/thickmessybraid.json"
  },
  {
    "op": "replace",
    "path": "/elements/0/children/1/children/1/faces/north/uv/1",
    "value": 26.0,
    "file": "game:shapes/entity/humanoid/seraphskinparts/hair-extra/thickmessybraid.json"
  },
  {
    "op": "replace",
    "path": "/elements/0/children/1/children/1/faces/north/uv/2",
    "value": 21.5,
    "file": "game:shapes/entity/humanoid/seraphskinparts/hair-extra/thickmessybraid.json"
  },
  {
    "op": "replace",
    "path": "/elements/0/children/1/children/1/faces/north/uv/3",
    "value": 29.0,
    "file": "game:shapes/entity/humanoid/seraphskinparts/hair-extra/thickmessybraid.json"
  },
  {
    "op": "add",
    "path": "/elements/0/children/1/children/1/faces/south/autoUv",
    "value": false,
    "file": "game:shapes/entity/humanoid/seraphskinparts/hair-extra/thickmessybraid.json"
  },
  {
    "op": "replace",
    "path": "/elements/0/children/1/children/1/faces/south/uv/0",
    "value": 24.0,
    "file": "game:shapes/entity/humanoid/seraphskinparts/hair-extra/thickmessybraid.json"
  },
  {
    "op": "replace",
    "path": "/elements/0/children/1/children/1/faces/south/uv/1",
    "value": 26.0,
    "file": "game:shapes/entity/humanoid/seraphskinparts/hair-extra/thickmessybraid.json"
  },
  {
    "op": "replace",
    "path": "/elements/0/children/1/children/1/faces/south/uv/3",
    "value": 29.0,
    "file": "game:shapes/entity/humanoid/seraphskinparts/hair-extra/thickmessybraid.json"
  },
  {
    "op": "replace",
    "path": "/elements/0/children/1/children/1/from/0",
    "value": 3.51,
    "file": "game:shapes/entity/humanoid/seraphskinparts/hair-extra/thickmessybraid.json"
  },
  {
    "op": "replace",
    "path": "/elements/0/children/1/children/1/from/1",
    "value": -0.32,
    "file": "game:shapes/entity/humanoid/seraphskinparts/hair-extra/thickmessybraid.json"
  },
  {
    "op": "replace",
    "path": "/elements/0/children/1/children/1/from/2",
    "value": 1.3,
    "file": "game:shapes/entity/humanoid/seraphskinparts/hair-extra/thickmessybraid.json"
  },
  {
    "op": "replace",
    "path": "/elements/0/children/1/children/1/name",
    "value": "BraidMessy",
    "file": "game:shapes/entity/humanoid/seraphskinparts/hair-extra/thickmessybraid.json"
  },
  {
    "op": "replace",
    "path": "/elements/0/children/1/children/1/rotationOrigin/0",
    "value": 4.51,
    "file": "game:shapes/entity/humanoid/seraphskinparts/hair-extra/thickmessybraid.json"
  },
  {
    "op": "replace",
    "path": "/elements/0/children/1/children/1/rotationOrigin/1",
    "value": 2.68,
    "file": "game:shapes/entity/humanoid/seraphskinparts/hair-extra/thickmessybraid.json"
  },
  {
    "op": "replace",
    "path": "/elements/0/children/1/children/1/rotationOrigin/2",
    "value": 2.3,
    "file": "game:shapes/entity/humanoid/seraphskinparts/hair-extra/thickmessybraid.json"
  },
  {
    "op": "replace",
    "path": "/elements/0/children/1/children/1/rotationZ",
    "value": 39.0,
    "file": "game:shapes/entity/humanoid/seraphskinparts/hair-extra/thickmessybraid.json"
  },
  {
    "op": "replace",
    "path": "/elements/0/children/1/children/1/to/0",
    "value": 5.51,
    "file": "game:shapes/entity/humanoid/seraphskinparts/hair-extra/thickmessybraid.json"
  },
  {
    "op": "replace",
    "path": "/elements/0/children/1/children/1/to/1",
    "value": 2.68,
    "file": "game:shapes/entity/humanoid/seraphskinparts/hair-extra/thickmessybraid.json"
  },
  {
    "op": "replace",
    "path": "/elements/0/children/1/children/1/to/2",
    "value": 3.8,
    "file": "game:shapes/entity/humanoid/seraphskinparts/hair-extra/thickmessybraid.json"
  },
  {
    "op": "replace",
    "path": "/elements/0/children/1/from/1",
    "value": -0.0,
    "file": "game:shapes/entity/humanoid/seraphskinparts/hair-extra/thickmessybraid.json"
  },
  {
    "op": "replace",
    "path": "/elements/0/children/1/from/2",
    "value": -0.0,
    "file": "game:shapes/entity/humanoid/seraphskinparts/hair-extra/thickmessybraid.json"
  },
  {
    "op": "replace",
    "path": "/elements/0/children/1/name",
    "value": "ponytailhigh.008",
    "file": "game:shapes/entity/humanoid/seraphskinparts/hair-extra/thickmessybraid.json"
  },
  {
    "op": "replace",
    "path": "/elements/0/from/1",
    "value": -0.0,
    "file": "game:shapes/entity/humanoid/seraphskinparts/hair-extra/thickmessybraid.json"
  },
  {
    "op": "replace",
    "path": "/elements/0/from/0",
    "value": -0.0,
    "file": "game:shapes/entity/humanoid/seraphskinparts/hair-extra/thickmessybraid.json"
  },
  {
    "op": "replace",
    "path": "/elements/0/name",
    "value": "hideme",
    "file": "game:shapes/entity/humanoid/seraphskinparts/hair-extra/thickmessybraid.json"
  },
  {
    "op": "replace",
    "path": "/elements/0/to/0",
    "value": 1.0,
    "file": "game:shapes/entity/humanoid/seraphskinparts/hair-extra/thickmessybraid.json"
  },
  {
    "op": "remove",
    "path": "/textures/birch",
    "file": "game:shapes/entity/humanoid/seraphskinparts/hair-extra/thickmessybraid.json"
  },
  {
    "op": "replace",
    "path": "/textures/hair",
    "value": "silverchalice",
    "file": "game:shapes/entity/humanoid/seraphskinparts/hair-extra/thickmessybraid.json"
  },
  {
    "op": "remove",
    "path": "/textureSizes/birch",
    "file": "game:shapes/entity/humanoid/seraphskinparts/hair-extra/thickmessybraid.json"
  }
]