[
  {
    "op": "replace",
    "path": "/editor/backDropShape",
    "value": "shapes/entity/humanoid/seraph-hairless",
    "file": "game:shapes/entity/humanoid/seraphskinparts/hair-face/mst-walrus30-fat.json"
  },
  {
    "op": "replace",
    "path": "/elements/0/children/0/children/0/children/0/rotationZ",
    "value": 0.0,
    "file": "game:shapes/entity/humanoid/seraphskinparts/hair-face/mst-walrus30-fat.json"
  },
  {
    "op": "replace",
    "path": "/elements/0/from/0",
    "value": -2.18,
    "file": "game:shapes/entity/humanoid/seraphskinparts/hair-face/mst-walrus30-fat.json"
  },
  {
    "op": "replace",
    "path": "/elements/0/from/1",
    "value": 0.55,
    "file": "game:shapes/entity/humanoid/seraphskinparts/hair-face/mst-walrus30-fat.json"
  },
  {
    "op": "replace",
    "path": "/elements/0/rotationOrigin/0",
    "value": -2.0,
    "file": "game:shapes/entity/humanoid/seraphskinparts/hair-face/mst-walrus30-fat.json"
  },
  {
    "op": "replace",
    "path": "/elements/0/to/0",
    "value": -1.98,
    "file": "game:shapes/entity/humanoid/seraphskinparts/hair-face/mst-walrus30-fat.json"
  },
  {
    "op": "replace",
    "path": "/elements/0/to/1",
    "value": 1.25,
    "file": "game:shapes/entity/humanoid/seraphskinparts/hair-face/mst-walrus30-fat.json"
  },
  {
    "op": "remove",
    "path": "/textures/hair",
    "file": "game:shapes/entity/humanoid/seraphskinparts/hair-face/mst-walrus30-fat.json"
  }
]