[
  {
    "op": "add",
    "path": "/animations",
    "value": [
      {
        "name": "axechop",
        "code": "axechop",
        "quantityframes": 34,
        "onActivityStopped": "Rewind",
        "onAnimationEnd": "Repeat",
        "keyframes": []
      }
    ],
    "file": "game:shapes/entity/humanoid/seraphskinparts/hair-face/mst-whiskbroom.json"
  },
  {
    "op": "replace",
    "path": "/editor/backDropShape",
    "value": "shapes/entity/humanoid/seraph-faceless",
    "file": "game:shapes/entity/humanoid/seraphskinparts/hair-face/mst-whiskbroom.json"
  },
  {
    "op": "replace",
    "path": "/elements/0/from/0",
    "value": -2.15,
    "file": "game:shapes/entity/humanoid/seraphskinparts/hair-face/mst-whiskbroom.json"
  },
  {
    "op": "replace",
    "path": "/elements/0/from/1",
    "value": 0.1,
    "file": "game:shapes/entity/humanoid/seraphskinparts/hair-face/mst-whiskbroom.json"
  },
  {
    "op": "replace",
    "path": "/elements/0/rotationOrigin/0",
    "value": -2.0,
    "file": "game:shapes/entity/humanoid/seraphskinparts/hair-face/mst-whiskbroom.json"
  },
  {
    "op": "replace",
    "path": "/elements/0/to/0",
    "value": -1.95,
    "file": "game:shapes/entity/humanoid/seraphskinparts/hair-face/mst-whiskbroom.json"
  },
  {
    "op": "replace",
    "path": "/elements/0/to/1",
    "value": 1.1,
    "file": "game:shapes/entity/humanoid/seraphskinparts/hair-face/mst-whiskbroom.json"
  }
]