[
  {
    "op": "remove",
    "path": "/editor",
    "file": "game:shapes/entity/humanoid/seraphskinparts/hair-extra/tieddreads.json"
  },
  {
    "op": "add",
    "path": "/groups",
    "value": [],
    "file": "game:shapes/entity/humanoid/seraphskinparts/hair-extra/tieddreads.json"
  },
  {
    "op": "remove",
    "path": "/elements/0/uv",
    "file": "game:shapes/entity/humanoid/seraphskinparts/hair-extra/tieddreads.json"
  },
  {
    "op": "add",
    "path": "/elements/0/group",
    "value": "tieddreads",
    "file": "game:shapes/entity/humanoid/seraphskinparts/hair-extra/tieddreads.json"
  },
  {
    "op": "add",
    "path": "/elements/0/rotationOrigin",
    "value": [
      -0.0,
      -0.0,
      0.0
    ],
    "file": "game:shapes/entity/humanoid/seraphskinparts/hair-extra/tieddreads.json"
  },
  {
    "op": "remove",
    "path": "/elements/0/children/0/uv",
    "file": "game:shapes/entity/humanoid/seraphskinparts/hair-extra/tieddreads.json"
  },
  {
    "op": "add",
    "path": "/elements/0/children/0/group",
    "value": "tieddreads",
    "file": "game:shapes/entity/humanoid/seraphskinparts/hair-extra/tieddreads.json"
  },
  {
    "op": "remove",
    "path": "/elements/0/children/0/children/0/uv",
    "file": "game:shapes/entity/humanoid/seraphskinparts/hair-extra/tieddreads.json"
  },
  {
    "op": "add",
    "path": "/elements/0/children/0/children/0/children",
    "value": [],
    "file": "game:shapes/entity/humanoid/seraphskinparts/hair-extra/tieddreads.json"
  },
  {
    "op": "add",
    "path": "/elements/0/children/0/children/0/group",
    "value": "tieddreads",
    "file": "game:shapes/entity/humanoid/seraphskinparts/hair-extra/tieddreads.json"
  },
  {
    "op": "add",
    "path": "/elements/0/children/0/children/0/rotationY",
    "value": 0.0,
    "file": "game:shapes/entity/humanoid/seraphskinparts/hair-extra/tieddreads.json"
  },
  {
    "op": "add",
    "path": "/elements/0/children/0/children/0/faces/down/autoUv",
    "value": false,
    "file": "game:shapes/entity/humanoid/seraphskinparts/hair-extra/tieddreads.json"
  },
  {
    "op": "replace",
    "path": "/elements/0/children/0/children/0/faces/down/uv/0",
    "value": 36.5,
    "file": "game:shapes/entity/humanoid/seraphskinparts/hair-extra/tieddreads.json"
  },
  {
    "op": "replace",
    "path": "/elements/0/children/0/children/0/faces/down/uv/1",
    "value": 31.5,
    "file": "game:shapes/entity/humanoid/seraphskinparts/hair-extra/tieddreads.json"
  },
  {
    "op": "replace",
    "path": "/elements/0/children/0/children/0/faces/down/uv/2",
    "value": 36.0,
    "file": "game:shapes/entity/humanoid/seraphskinparts/hair-extra/tieddreads.json"
  },
  {
    "op": "replace",
    "path": "/elements/0/children/0/children/0/faces/down/uv/3",
    "value": 31.0,
    "file": "game:shapes/entity/humanoid/seraphskinparts/hair-extra/tieddreads.json"
  },
  {
    "op": "add",
    "path": "/elements/0/children/0/children/0/faces/east/autoUv",
    "value": false,
    "file": "game:shapes/entity/humanoid/seraphskinparts/hair-extra/tieddreads.json"
  },
  {
    "op": "add",
    "path": "/elements/0/children/0/children/0/faces/north/autoUv",
    "value": false,
    "file": "game:shapes/entity/humanoid/seraphskinparts/hair-extra/tieddreads.json"
  },
  {
    "op": "add",
    "path": "/elements/0/children/0/children/0/faces/south/autoUv",
    "value": false,
    "file": "game:shapes/entity/humanoid/seraphskinparts/hair-extra/tieddreads.json"
  },
  {
    "op": "add",
    "path": "/elements/0/children/0/children/0/faces/west/autoUv",
    "value": false,
    "file": "game:shapes/entity/humanoid/seraphskinparts/hair-extra/tieddreads.json"
  },
  {
    "op": "replace",
    "path": "/elements/0/children/0/children/0/rotationOrigin/1",
    "value": -0.0,
    "file": "game:shapes/entity/humanoid/seraphskinparts/hair-extra/tieddreads.json"
  },
  {
    "op": "replace",
    "path": "/elements/0/children/0/children/0/to/1",
    "value": -0.0,
    "file": "game:shapes/entity/humanoid/seraphskinparts/hair-extra/tieddreads.json"
  },
  {
    "op": "remove",
    "path": "/elements/0/children/0/children/1/uv",
    "file": "game:shapes/entity/humanoid/seraphskinparts/hair-extra/tieddreads.json"
  },
  {
    "op": "add",
    "path": "/elements/0/children/0/children/1/children",
    "value": [],
    "file": "game:shapes/entity/humanoid/seraphskinparts/hair-extra/tieddreads.json"
  },
  {
    "op": "add",
    "path": "/elements/0/children/0/children/1/group",
    "value": "tieddreads",
    "file": "game:shapes/entity/humanoid/seraphskinparts/hair-extra/tieddreads.json"
  },
  {
    "op": "add",
    "path": "/elements/0/children/0/children/1/rotationX",
    "value": -47.0,
    "file": "game:shapes/entity/humanoid/seraphskinparts/hair-extra/tieddreads.json"
  },
  {
    "op": "add",
    "path": "/elements/0/children/0/children/1/rotationY",
    "value": 0.0,
    "file": "game:shapes/entity/humanoid/seraphskinparts/hair-extra/tieddreads.json"
  },
  {
    "op": "add",
    "path": "/elements/0/children/0/children/1/rotationZ",
    "value": 6.0,
    "file": "game:shapes/entity/humanoid/seraphskinparts/hair-extra/tieddreads.json"
  },
  {
    "op": "add",
    "path": "/elements/0/children/0/children/1/faces/west",
    "value": {
      "texture": "#hair",
      "uv": [
        31.5,
        32.0,
        32.0,
        34.0
      ],
      "autoUv": false
    },
    "file": "game:shapes/entity/humanoid/seraphskinparts/hair-extra/tieddreads.json"
  },
  {
    "op": "add",
    "path": "/elements/0/children/0/children/1/faces/down/autoUv",
    "value": false,
    "file": "game:shapes/entity/humanoid/seraphskinparts/hair-extra/tieddreads.json"
  },
  {
    "op": "replace",
    "path": "/elements/0/children/0/children/1/faces/down/uv/0",
    "value": 30.5,
    "file": "game:shapes/entity/humanoid/seraphskinparts/hair-extra/tieddreads.json"
  },
  {
    "op": "replace",
    "path": "/elements/0/children/0/children/1/faces/down/uv/1",
    "value": 32.0,
    "file": "game:shapes/entity/humanoid/seraphskinparts/hair-extra/tieddreads.json"
  },
  {
    "op": "replace",
    "path": "/elements/0/children/0/children/1/faces/down/uv/2",
    "value": 30.0,
    "file": "game:shapes/entity/humanoid/seraphskinparts/hair-extra/tieddreads.json"
  },
  {
    "op": "replace",
    "path": "/elements/0/children/0/children/1/faces/down/uv/3",
    "value": 31.5,
    "file": "game:shapes/entity/humanoid/seraphskinparts/hair-extra/tieddreads.json"
  },
  {
    "op": "add",
    "path": "/elements/0/children/0/children/1/faces/east/autoUv",
    "value": false,
    "file": "game:shapes/entity/humanoid/seraphskinparts/hair-extra/tieddreads.json"
  },
  {
    "op": "replace",
    "path": "/elements/0/children/0/children/1/faces/east/uv/0",
    "value": 30.5,
    "file": "game:shapes/entity/humanoid/seraphskinparts/hair-extra/tieddreads.json"
  },
  {
    "op": "replace",
    "path": "/elements/0/children/0/children/1/faces/east/uv/2",
    "value": 31.0,
    "file": "game:shapes/entity/humanoid/seraphskinparts/hair-extra/tieddreads.json"
  },
  {
    "op": "replace",
    "path": "/elements/0/children/0/children/1/faces/east/uv/3",
    "value": 34.0,
    "file": "game:shapes/entity/humanoid/seraphskinparts/hair-extra/tieddreads.json"
  },
  {
    "op": "add",
    "path": "/elements/0/children/0/children/1/faces/north/autoUv",
    "value": false,
    "file": "game:shapes/entity/humanoid/seraphskinparts/hair-extra/tieddreads.json"
  },
  {
    "op": "replace",
    "path": "/elements/0/children/0/children/1/faces/north/uv/0",
    "value": 30.0,
    "file": "game:shapes/entity/humanoid/seraphskinparts/hair-extra/tieddreads.json"
  },
  {
    "op": "replace",
    "path": "/elements/0/children/0/children/1/faces/north/uv/2",
    "value": 30.5,
    "file": "game:shapes/entity/humanoid/seraphskinparts/hair-extra/tieddreads.json"
  },
  {
    "op": "replace",
    "path": "/elements/0/children/0/children/1/faces/north/uv/3",
    "value": 34.0,
    "file": "game:shapes/entity/humanoid/seraphskinparts/hair-extra/tieddreads.json"
  },
  {
    "op": "add",
    "path": "/elements/0/children/0/children/1/faces/south/autoUv",
    "value": false,
    "file": "game:shapes/entity/humanoid/seraphskinparts/hair-extra/tieddreads.json"
  },
  {
    "op": "replace",
    "path": "/elements/0/children/0/children/1/faces/south/uv/0",
    "value": 31.0,
    "file": "game:shapes/entity/humanoid/seraphskinparts/hair-extra/tieddreads.json"
  },
  {
    "op": "replace",
    "path": "/elements/0/children/0/children/1/faces/south/uv/2",
    "value": 31.5,
    "file": "game:shapes/entity/humanoid/seraphskinparts/hair-extra/tieddreads.json"
  },
  {
    "op": "replace",
    "path": "/elements/0/children/0/children/1/faces/south/uv/3",
    "value": 34.0,
    "file": "game:shapes/entity/humanoid/seraphskinparts/hair-extra/tieddreads.json"
  },
  {
    "op": "replace",
    "path": "/elements/0/children/0/children/1/from/0",
    "value": 3.6,
    "file": "game:shapes/entity/humanoid/seraphskinparts/hair-extra/tieddreads.json"
  },
  {
    "op": "replace",
    "path": "/elements/0/children/0/children/1/from/1",
    "value": -2.0,
    "file": "game:shapes/entity/humanoid/seraphskinparts/hair-extra/tieddreads.json"
  },
  {
    "op": "replace",
    "path": "/elements/0/children/0/children/1/from/2",
    "value": 1.4,
    "file": "game:shapes/entity/humanoid/seraphskinparts/hair-extra/tieddreads.json"
  },
  {
    "op": "replace",
    "path": "/elements/0/children/0/children/1/name",
    "value": "Dread4",
    "file": "game:shapes/entity/humanoid/seraphskinparts/hair-extra/tieddreads.json"
  },
  {
    "op": "replace",
    "path": "/elements/0/children/0/children/1/rotationOrigin/0",
    "value": 3.85,
    "file": "game:shapes/entity/humanoid/seraphskinparts/hair-extra/tieddreads.json"
  },
  {
    "op": "replace",
    "path": "/elements/0/children/0/children/1/rotationOrigin/2",
    "value": 1.65,
    "file": "game:shapes/entity/humanoid/seraphskinparts/hair-extra/tieddreads.json"
  },
  {
    "op": "replace",
    "path": "/elements/0/children/0/children/1/to/0",
    "value": 4.1,
    "file": "game:shapes/entity/humanoid/seraphskinparts/hair-extra/tieddreads.json"
  },
  {
    "op": "replace",
    "path": "/elements/0/children/0/children/1/to/2",
    "value": 1.9,
    "file": "game:shapes/entity/humanoid/seraphskinparts/hair-extra/tieddreads.json"
  },
  {
    "op": "remove",
    "path": "/elements/0/children/0/children/2/uv",
    "file": "game:shapes/entity/humanoid/seraphskinparts/hair-extra/tieddreads.json"
  },
  {
    "op": "add",
    "path": "/elements/0/children/0/children/2/children",
    "value": [],
    "file": "game:shapes/entity/humanoid/seraphskinparts/hair-extra/tieddreads.json"
  },
  {
    "op": "add",
    "path": "/elements/0/children/0/children/2/group",
    "value": "tieddreads",
    "file": "game:shapes/entity/humanoid/seraphskinparts/hair-extra/tieddreads.json"
  },
  {
    "op": "add",
    "path": "/elements/0/children/0/children/2/rotationY",
    "value": -0.0,
    "file": "game:shapes/entity/humanoid/seraphskinparts/hair-extra/tieddreads.json"
  },
  {
    "op": "add",
    "path": "/elements/0/children/0/children/2/faces/down/autoUv",
    "value": false,
    "file": "game:shapes/entity/humanoid/seraphskinparts/hair-extra/tieddreads.json"
  },
  {
    "op": "replace",
    "path": "/elements/0/children/0/children/2/faces/down/uv/0",
    "value": 29.5,
    "file": "game:shapes/entity/humanoid/seraphskinparts/hair-extra/tieddreads.json"
  },
  {
    "op": "replace",
    "path": "/elements/0/children/0/children/2/faces/down/uv/1",
    "value": 32.5,
    "file": "game:shapes/entity/humanoid/seraphskinparts/hair-extra/tieddreads.json"
  },
  {
    "op": "replace",
    "path": "/elements/0/children/0/children/2/faces/down/uv/2",
    "value": 29.0,
    "file": "game:shapes/entity/humanoid/seraphskinparts/hair-extra/tieddreads.json"
  },
  {
    "op": "add",
    "path": "/elements/0/children/0/children/2/faces/east/autoUv",
    "value": false,
    "file": "game:shapes/entity/humanoid/seraphskinparts/hair-extra/tieddreads.json"
  },
  {
    "op": "replace",
    "path": "/elements/0/children/0/children/2/faces/east/uv/0",
    "value": 29.5,
    "file": "game:shapes/entity/humanoid/seraphskinparts/hair-extra/tieddreads.json"
  },
  {
    "op": "replace",
    "path": "/elements/0/children/0/children/2/faces/east/uv/1",
    "value": 32.5,
    "file": "game:shapes/entity/humanoid/seraphskinparts/hair-extra/tieddreads.json"
  },
  {
    "op": "replace",
    "path": "/elements/0/children/0/children/2/faces/east/uv/2",
    "value": 30.0,
    "file": "game:shapes/entity/humanoid/seraphskinparts/hair-extra/tieddreads.json"
  },
  {
    "op": "replace",
    "path": "/elements/0/children/0/children/2/faces/east/uv/3",
    "value": 35.5,
    "file": "game:shapes/entity/humanoid/seraphskinparts/hair-extra/tieddreads.json"
  },
  {
    "op": "add",
    "path": "/elements/0/children/0/children/2/faces/north/autoUv",
    "value": false,
    "file": "game:shapes/entity/humanoid/seraphskinparts/hair-extra/tieddreads.json"
  },
  {
    "op": "replace",
    "path": "/elements/0/children/0/children/2/faces/north/uv/0",
    "value": 29.0,
    "file": "game:shapes/entity/humanoid/seraphskinparts/hair-extra/tieddreads.json"
  },
  {
    "op": "replace",
    "path": "/elements/0/children/0/children/2/faces/north/uv/1",
    "value": 32.5,
    "file": "game:shapes/entity/humanoid/seraphskinparts/hair-extra/tieddreads.json"
  },
  {
    "op": "replace",
    "path": "/elements/0/children/0/children/2/faces/north/uv/2",
    "value": 29.5,
    "file": "game:shapes/entity/humanoid/seraphskinparts/hair-extra/tieddreads.json"
  },
  {
    "op": "replace",
    "path": "/elements/0/children/0/children/2/faces/north/uv/3",
    "value": 35.5,
    "file": "game:shapes/entity/humanoid/seraphskinparts/hair-extra/tieddreads.json"
  },
  {
    "op": "add",
    "path": "/elements/0/children/0/children/2/faces/south/autoUv",
    "value": false,
    "file": "game:shapes/entity/humanoid/seraphskinparts/hair-extra/tieddreads.json"
  },
  {
    "op": "replace",
    "path": "/elements/0/children/0/children/2/faces/south/uv/0",
    "value": 30.0,
    "file": "game:shapes/entity/humanoid/seraphskinparts/hair-extra/tieddreads.json"
  },
  {
    "op": "replace",
    "path": "/elements/0/children/0/children/2/faces/south/uv/1",
    "value": 32.5,
    "file": "game:shapes/entity/humanoid/seraphskinparts/hair-extra/tieddreads.json"
  },
  {
    "op": "replace",
    "path": "/elements/0/children/0/children/2/faces/south/uv/2",
    "value": 30.5,
    "file": "game:shapes/entity/humanoid/seraphskinparts/hair-extra/tieddreads.json"
  },
  {
    "op": "replace",
    "path": "/elements/0/children/0/children/2/faces/south/uv/3",
    "value": 35.5,
    "file": "game:shapes/entity/humanoid/seraphskinparts/hair-extra/tieddreads.json"
  },
  {
    "op": "add",
    "path": "/elements/0/children/0/children/2/faces/west/autoUv",
    "value": false,
    "file": "game:shapes/entity/humanoid/seraphskinparts/hair-extra/tieddreads.json"
  },
  {
    "op": "replace",
    "path": "/elements/0/children/0/children/2/faces/west/uv/0",
    "value": 30.5,
    "file": "game:shapes/entity/humanoid/seraphskinparts/hair-extra/tieddreads.json"
  },
  {
    "op": "replace",
    "path": "/elements/0/children/0/children/2/faces/west/uv/1",
    "value": 32.5,
    "file": "game:shapes/entity/humanoid/seraphskinparts/hair-extra/tieddreads.json"
  },
  {
    "op": "replace",
    "path": "/elements/0/children/0/children/2/faces/west/uv/2",
    "value": 31.0,
    "file": "game:shapes/entity/humanoid/seraphskinparts/hair-extra/tieddreads.json"
  },
  {
    "op": "replace",
    "path": "/elements/0/children/0/children/2/faces/west/uv/3",
    "value": 35.5,
    "file": "game:shapes/entity/humanoid/seraphskinparts/hair-extra/tieddreads.json"
  },
  {
    "op": "replace",
    "path": "/elements/0/children/0/children/2/from/0",
    "value": 3.7,
    "file": "game:shapes/entity/humanoid/seraphskinparts/hair-extra/tieddreads.json"
  },
  {
    "op": "replace",
    "path": "/elements/0/children/0/children/2/from/1",
    "value": -3.0,
    "file": "game:shapes/entity/humanoid/seraphskinparts/hair-extra/tieddreads.json"
  },
  {
    "op": "replace",
    "path": "/elements/0/children/0/children/2/from/2",
    "value": 0.6,
    "file": "game:shapes/entity/humanoid/seraphskinparts/hair-extra/tieddreads.json"
  },
  {
    "op": "replace",
    "path": "/elements/0/children/0/children/2/name",
    "value": "Dread5",
    "file": "game:shapes/entity/humanoid/seraphskinparts/hair-extra/tieddreads.json"
  },
  {
    "op": "replace",
    "path": "/elements/0/children/0/children/2/rotationOrigin/0",
    "value": 3.95,
    "file": "game:shapes/entity/humanoid/seraphskinparts/hair-extra/tieddreads.json"
  },
  {
    "op": "replace",
    "path": "/elements/0/children/0/children/2/rotationOrigin/2",
    "value": 0.85,
    "file": "game:shapes/entity/humanoid/seraphskinparts/hair-extra/tieddreads.json"
  },
  {
    "op": "replace",
    "path": "/elements/0/children/0/children/2/rotationX",
    "value": 36.0,
    "file": "game:shapes/entity/humanoid/seraphskinparts/hair-extra/tieddreads.json"
  },
  {
    "op": "replace",
    "path": "/elements/0/children/0/children/2/rotationZ",
    "value": 14.0,
    "file": "game:shapes/entity/humanoid/seraphskinparts/hair-extra/tieddreads.json"
  },
  {
    "op": "replace",
    "path": "/elements/0/children/0/children/2/to/0",
    "value": 4.2,
    "file": "game:shapes/entity/humanoid/seraphskinparts/hair-extra/tieddreads.json"
  },
  {
    "op": "replace",
    "path": "/elements/0/children/0/children/2/to/2",
    "value": 1.1,
    "file": "game:shapes/entity/humanoid/seraphskinparts/hair-extra/tieddreads.json"
  },
  {
    "op": "remove",
    "path": "/elements/0/children/0/children/3/uv",
    "file": "game:shapes/entity/humanoid/seraphskinparts/hair-extra/tieddreads.json"
  },
  {
    "op": "add",
    "path": "/elements/0/children/0/children/3/children",
    "value": [],
    "file": "game:shapes/entity/humanoid/seraphskinparts/hair-extra/tieddreads.json"
  },
  {
    "op": "add",
    "path": "/elements/0/children/0/children/3/group",
    "value": "tieddreads",
    "file": "game:shapes/entity/humanoid/seraphskinparts/hair-extra/tieddreads.json"
  },
  {
    "op": "add",
    "path": "/elements/0/children/0/children/3/rotationY",
    "value": -0.0,
    "file": "game:shapes/entity/humanoid/seraphskinparts/hair-extra/tieddreads.json"
  },
  {
    "op": "add",
    "path": "/elements/0/children/0/children/3/faces/down/autoUv",
    "value": false,
    "file": "game:shapes/entity/humanoid/seraphskinparts/hair-extra/tieddreads.json"
  },
  {
    "op": "replace",
    "path": "/elements/0/children/0/children/3/faces/down/uv/0",
    "value": 30.5,
    "file": "game:shapes/entity/humanoid/seraphskinparts/hair-extra/tieddreads.json"
  },
  {
    "op": "replace",
    "path": "/elements/0/children/0/children/3/faces/down/uv/2",
    "value": 30.0,
    "file": "game:shapes/entity/humanoid/seraphskinparts/hair-extra/tieddreads.json"
  },
  {
    "op": "replace",
    "path": "/elements/0/children/0/children/3/faces/down/uv/3",
    "value": 31.5,
    "file": "game:shapes/entity/humanoid/seraphskinparts/hair-extra/tieddreads.json"
  },
  {
    "op": "add",
    "path": "/elements/0/children/0/children/3/faces/east/autoUv",
    "value": false,
    "file": "game:shapes/entity/humanoid/seraphskinparts/hair-extra/tieddreads.json"
  },
  {
    "op": "replace",
    "path": "/elements/0/children/0/children/3/faces/east/uv/0",
    "value": 30.5,
    "file": "game:shapes/entity/humanoid/seraphskinparts/hair-extra/tieddreads.json"
  },
  {
    "op": "replace",
    "path": "/elements/0/children/0/children/3/faces/east/uv/1",
    "value": 32.0,
    "file": "game:shapes/entity/humanoid/seraphskinparts/hair-extra/tieddreads.json"
  },
  {
    "op": "replace",
    "path": "/elements/0/children/0/children/3/faces/east/uv/2",
    "value": 31.0,
    "file": "game:shapes/entity/humanoid/seraphskinparts/hair-extra/tieddreads.json"
  },
  {
    "op": "replace",
    "path": "/elements/0/children/0/children/3/faces/east/uv/3",
    "value": 34.0,
    "file": "game:shapes/entity/humanoid/seraphskinparts/hair-extra/tieddreads.json"
  },
  {
    "op": "add",
    "path": "/elements/0/children/0/children/3/faces/north/autoUv",
    "value": false,
    "file": "game:shapes/entity/humanoid/seraphskinparts/hair-extra/tieddreads.json"
  },
  {
    "op": "replace",
    "path": "/elements/0/children/0/children/3/faces/north/uv/0",
    "value": 30.0,
    "file": "game:shapes/entity/humanoid/seraphskinparts/hair-extra/tieddreads.json"
  },
  {
    "op": "replace",
    "path": "/elements/0/children/0/children/3/faces/north/uv/1",
    "value": 32.0,
    "file": "game:shapes/entity/humanoid/seraphskinparts/hair-extra/tieddreads.json"
  },
  {
    "op": "replace",
    "path": "/elements/0/children/0/children/3/faces/north/uv/2",
    "value": 30.5,
    "file": "game:shapes/entity/humanoid/seraphskinparts/hair-extra/tieddreads.json"
  },
  {
    "op": "replace",
    "path": "/elements/0/children/0/children/3/faces/north/uv/3",
    "value": 34.0,
    "file": "game:shapes/entity/humanoid/seraphskinparts/hair-extra/tieddreads.json"
  },
  {
    "op": "add",
    "path": "/elements/0/children/0/children/3/faces/south/autoUv",
    "value": false,
    "file": "game:shapes/entity/humanoid/seraphskinparts/hair-extra/tieddreads.json"
  },
  {
    "op": "replace",
    "path": "/elements/0/children/0/children/3/faces/south/uv/0",
    "value": 31.0,
    "file": "game:shapes/entity/humanoid/seraphskinparts/hair-extra/tieddreads.json"
  },
  {
    "op": "replace",
    "path": "/elements/0/children/0/children/3/faces/south/uv/1",
    "value": 32.0,
    "file": "game:shapes/entity/humanoid/seraphskinparts/hair-extra/tieddreads.json"
  },
  {
    "op": "replace",
    "path": "/elements/0/children/0/children/3/faces/south/uv/2",
    "value": 31.5,
    "file": "game:shapes/entity/humanoid/seraphskinparts/hair-extra/tieddreads.json"
  },
  {
    "op": "replace",
    "path": "/elements/0/children/0/children/3/faces/south/uv/3",
    "value": 34.0,
    "file": "game:shapes/entity/humanoid/seraphskinparts/hair-extra/tieddreads.json"
  },
  {
    "op": "add",
    "path": "/elements/0/children/0/children/3/faces/west/autoUv",
    "value": false,
    "file": "game:shapes/entity/humanoid/seraphskinparts/hair-extra/tieddreads.json"
  },
  {
    "op": "replace",
    "path": "/elements/0/children/0/children/3/faces/west/uv/0",
    "value": 31.5,
    "file": "game:shapes/entity/humanoid/seraphskinparts/hair-extra/tieddreads.json"
  },
  {
    "op": "replace",
    "path": "/elements/0/children/0/children/3/faces/west/uv/1",
    "value": 32.0,
    "file": "game:shapes/entity/humanoid/seraphskinparts/hair-extra/tieddreads.json"
  },
  {
    "op": "replace",
    "path": "/elements/0/children/0/children/3/faces/west/uv/2",
    "value": 32.0,
    "file": "game:shapes/entity/humanoid/seraphskinparts/hair-extra/tieddreads.json"
  },
  {
    "op": "replace",
    "path": "/elements/0/children/0/children/3/faces/west/uv/3",
    "value": 34.0,
    "file": "game:shapes/entity/humanoid/seraphskinparts/hair-extra/tieddreads.json"
  },
  {
    "op": "replace",
    "path": "/elements/0/children/0/children/3/from/0",
    "value": 3.5,
    "file": "game:shapes/entity/humanoid/seraphskinparts/hair-extra/tieddreads.json"
  },
  {
    "op": "replace",
    "path": "/elements/0/children/0/children/3/from/1",
    "value": -2.0,
    "file": "game:shapes/entity/humanoid/seraphskinparts/hair-extra/tieddreads.json"
  },
  {
    "op": "replace",
    "path": "/elements/0/children/0/children/3/from/2",
    "value": 1.0,
    "file": "game:shapes/entity/humanoid/seraphskinparts/hair-extra/tieddreads.json"
  },
  {
    "op": "replace",
    "path": "/elements/0/children/0/children/3/name",
    "value": "Dread6",
    "file": "game:shapes/entity/humanoid/seraphskinparts/hair-extra/tieddreads.json"
  },
  {
    "op": "replace",
    "path": "/elements/0/children/0/children/3/rotationOrigin/0",
    "value": 3.75,
    "file": "game:shapes/entity/humanoid/seraphskinparts/hair-extra/tieddreads.json"
  },
  {
    "op": "replace",
    "path": "/elements/0/children/0/children/3/rotationOrigin/1",
    "value": -0.0,
    "file": "game:shapes/entity/humanoid/seraphskinparts/hair-extra/tieddreads.json"
  },
  {
    "op": "replace",
    "path": "/elements/0/children/0/children/3/rotationOrigin/2",
    "value": 1.25,
    "file": "game:shapes/entity/humanoid/seraphskinparts/hair-extra/tieddreads.json"
  },
  {
    "op": "replace",
    "path": "/elements/0/children/0/children/3/rotationX",
    "value": 7.0,
    "file": "game:shapes/entity/humanoid/seraphskinparts/hair-extra/tieddreads.json"
  },
  {
    "op": "replace",
    "path": "/elements/0/children/0/children/3/rotationZ",
    "value": 28.0,
    "file": "game:shapes/entity/humanoid/seraphskinparts/hair-extra/tieddreads.json"
  },
  {
    "op": "replace",
    "path": "/elements/0/children/0/children/3/to/0",
    "value": 4.0,
    "file": "game:shapes/entity/humanoid/seraphskinparts/hair-extra/tieddreads.json"
  },
  {
    "op": "replace",
    "path": "/elements/0/children/0/children/3/to/1",
    "value": -0.0,
    "file": "game:shapes/entity/humanoid/seraphskinparts/hair-extra/tieddreads.json"
  },
  {
    "op": "replace",
    "path": "/elements/0/children/0/children/3/to/2",
    "value": 1.5,
    "file": "game:shapes/entity/humanoid/seraphskinparts/hair-extra/tieddreads.json"
  },
  {
    "op": "remove",
    "path": "/elements/0/children/0/children/4/uv",
    "file": "game:shapes/entity/humanoid/seraphskinparts/hair-extra/tieddreads.json"
  },
  {
    "op": "add",
    "path": "/elements/0/children/0/children/4/children",
    "value": [],
    "file": "game:shapes/entity/humanoid/seraphskinparts/hair-extra/tieddreads.json"
  },
  {
    "op": "add",
    "path": "/elements/0/children/0/children/4/group",
    "value": "tieddreads",
    "file": "game:shapes/entity/humanoid/seraphskinparts/hair-extra/tieddreads.json"
  },
  {
    "op": "add",
    "path": "/elements/0/children/0/children/4/rotationY",
    "value": 0.0,
    "file": "game:shapes/entity/humanoid/seraphskinparts/hair-extra/tieddreads.json"
  },
  {
    "op": "add",
    "path": "/elements/0/children/0/children/4/faces/down/autoUv",
    "value": false,
    "file": "game:shapes/entity/humanoid/seraphskinparts/hair-extra/tieddreads.json"
  },
  {
    "op": "replace",
    "path": "/elements/0/children/0/children/4/faces/down/uv/0",
    "value": 30.5,
    "file": "game:shapes/entity/humanoid/seraphskinparts/hair-extra/tieddreads.json"
  },
  {
    "op": "replace",
    "path": "/elements/0/children/0/children/4/faces/down/uv/1",
    "value": 32.0,
    "file": "game:shapes/entity/humanoid/seraphskinparts/hair-extra/tieddreads.json"
  },
  {
    "op": "replace",
    "path": "/elements/0/children/0/children/4/faces/down/uv/2",
    "value": 30.0,
    "file": "game:shapes/entity/humanoid/seraphskinparts/hair-extra/tieddreads.json"
  },
  {
    "op": "replace",
    "path": "/elements/0/children/0/children/4/faces/down/uv/3",
    "value": 31.5,
    "file": "game:shapes/entity/humanoid/seraphskinparts/hair-extra/tieddreads.json"
  },
  {
    "op": "add",
    "path": "/elements/0/children/0/children/4/faces/east/autoUv",
    "value": false,
    "file": "game:shapes/entity/humanoid/seraphskinparts/hair-extra/tieddreads.json"
  },
  {
    "op": "add",
    "path": "/elements/0/children/0/children/4/faces/north/autoUv",
    "value": false,
    "file": "game:shapes/entity/humanoid/seraphskinparts/hair-extra/tieddreads.json"
  },
  {
    "op": "add",
    "path": "/elements/0/children/0/children/4/faces/south/autoUv",
    "value": false,
    "file": "game:shapes/entity/humanoid/seraphskinparts/hair-extra/tieddreads.json"
  },
  {
    "op": "add",
    "path": "/elements/0/children/0/children/4/faces/west/autoUv",
    "value": false,
    "file": "game:shapes/entity/humanoid/seraphskinparts/hair-extra/tieddreads.json"
  },
  {
    "op": "replace",
    "path": "/elements/0/children/0/children/4/from/0",
    "value": 3.9,
    "file": "game:shapes/entity/humanoid/seraphskinparts/hair-extra/tieddreads.json"
  },
  {
    "op": "replace",
    "path": "/elements/0/children/0/children/4/from/1",
    "value": -1.4,
    "file": "game:shapes/entity/humanoid/seraphskinparts/hair-extra/tieddreads.json"
  },
  {
    "op": "replace",
    "path": "/elements/0/children/0/children/4/from/2",
    "value": 0.5,
    "file": "game:shapes/entity/humanoid/seraphskinparts/hair-extra/tieddreads.json"
  },
  {
    "op": "replace",
    "path": "/elements/0/children/0/children/4/name",
    "value": "Dread7",
    "file": "game:shapes/entity/humanoid/seraphskinparts/hair-extra/tieddreads.json"
  },
  {
    "op": "replace",
    "path": "/elements/0/children/0/children/4/rotationOrigin/0",
    "value": 4.15,
    "file": "game:shapes/entity/humanoid/seraphskinparts/hair-extra/tieddreads.json"
  },
  {
    "op": "replace",
    "path": "/elements/0/children/0/children/4/rotationOrigin/1",
    "value": 0.6,
    "file": "game:shapes/entity/humanoid/seraphskinparts/hair-extra/tieddreads.json"
  },
  {
    "op": "replace",
    "path": "/elements/0/children/0/children/4/rotationOrigin/2",
    "value": 0.75,
    "file": "game:shapes/entity/humanoid/seraphskinparts/hair-extra/tieddreads.json"
  },
  {
    "op": "replace",
    "path": "/elements/0/children/0/children/4/rotationX",
    "value": -5.0,
    "file": "game:shapes/entity/humanoid/seraphskinparts/hair-extra/tieddreads.json"
  },
  {
    "op": "replace",
    "path": "/elements/0/children/0/children/4/rotationZ",
    "value": 47.0,
    "file": "game:shapes/entity/humanoid/seraphskinparts/hair-extra/tieddreads.json"
  },
  {
    "op": "replace",
    "path": "/elements/0/children/0/children/4/to/0",
    "value": 4.4,
    "file": "game:shapes/entity/humanoid/seraphskinparts/hair-extra/tieddreads.json"
  },
  {
    "op": "replace",
    "path": "/elements/0/children/0/children/4/to/1",
    "value": 0.6,
    "file": "game:shapes/entity/humanoid/seraphskinparts/hair-extra/tieddreads.json"
  },
  {
    "op": "replace",
    "path": "/elements/0/children/0/children/4/to/2",
    "value": 1.0,
    "file": "game:shapes/entity/humanoid/seraphskinparts/hair-extra/tieddreads.json"
  },
  {
    "op": "remove",
    "path": "/elements/0/children/0/children/5/rotationX",
    "file": "game:shapes/entity/humanoid/seraphskinparts/hair-extra/tieddreads.json"
  },
  {
    "op": "remove",
    "path": "/elements/0/children/0/children/5/rotationZ",
    "file": "game:shapes/entity/humanoid/seraphskinparts/hair-extra/tieddreads.json"
  },
  {
    "op": "remove",
    "path": "/elements/0/children/0/children/5/uv",
    "file": "game:shapes/entity/humanoid/seraphskinparts/hair-extra/tieddreads.json"
  },
  {
    "op": "add",
    "path": "/elements/0/children/0/children/5/children",
    "value": [],
    "file": "game:shapes/entity/humanoid/seraphskinparts/hair-extra/tieddreads.json"
  },
  {
    "op": "add",
    "path": "/elements/0/children/0/children/5/group",
    "value": "tieddreads",
    "file": "game:shapes/entity/humanoid/seraphskinparts/hair-extra/tieddreads.json"
  },
  {
    "op": "remove",
    "path": "/elements/0/children/0/children/5/faces/west",
    "file": "game:shapes/entity/humanoid/seraphskinparts/hair-extra/tieddreads.json"
  },
  {
    "op": "add",
    "path": "/elements/0/children/0/children/5/faces/down/autoUv",
    "value": false,
    "file": "game:shapes/entity/humanoid/seraphskinparts/hair-extra/tieddreads.json"
  },
  {
    "op": "replace",
    "path": "/elements/0/children/0/children/5/faces/down/uv/0",
    "value": 34.0,
    "file": "game:shapes/entity/humanoid/seraphskinparts/hair-extra/tieddreads.json"
  },
  {
    "op": "replace",
    "path": "/elements/0/children/0/children/5/faces/down/uv/1",
    "value": 32.0,
    "file": "game:shapes/entity/humanoid/seraphskinparts/hair-extra/tieddreads.json"
  },
  {
    "op": "replace",
    "path": "/elements/0/children/0/children/5/faces/down/uv/2",
    "value": 33.0,
    "file": "game:shapes/entity/humanoid/seraphskinparts/hair-extra/tieddreads.json"
  },
  {
    "op": "replace",
    "path": "/elements/0/children/0/children/5/faces/down/uv/3",
    "value": 31.0,
    "file": "game:shapes/entity/humanoid/seraphskinparts/hair-extra/tieddreads.json"
  },
  {
    "op": "add",
    "path": "/elements/0/children/0/children/5/faces/east/autoUv",
    "value": false,
    "file": "game:shapes/entity/humanoid/seraphskinparts/hair-extra/tieddreads.json"
  },
  {
    "op": "replace",
    "path": "/elements/0/children/0/children/5/faces/east/uv/0",
    "value": 34.0,
    "file": "game:shapes/entity/humanoid/seraphskinparts/hair-extra/tieddreads.json"
  },
  {
    "op": "replace",
    "path": "/elements/0/children/0/children/5/faces/east/uv/2",
    "value": 35.0,
    "file": "game:shapes/entity/humanoid/seraphskinparts/hair-extra/tieddreads.json"
  },
  {
    "op": "replace",
    "path": "/elements/0/children/0/children/5/faces/east/uv/3",
    "value": 35.0,
    "file": "game:shapes/entity/humanoid/seraphskinparts/hair-extra/tieddreads.json"
  },
  {
    "op": "add",
    "path": "/elements/0/children/0/children/5/faces/north/autoUv",
    "value": false,
    "file": "game:shapes/entity/humanoid/seraphskinparts/hair-extra/tieddreads.json"
  },
  {
    "op": "replace",
    "path": "/elements/0/children/0/children/5/faces/north/uv/0",
    "value": 33.0,
    "file": "game:shapes/entity/humanoid/seraphskinparts/hair-extra/tieddreads.json"
  },
  {
    "op": "replace",
    "path": "/elements/0/children/0/children/5/faces/north/uv/2",
    "value": 34.0,
    "file": "game:shapes/entity/humanoid/seraphskinparts/hair-extra/tieddreads.json"
  },
  {
    "op": "replace",
    "path": "/elements/0/children/0/children/5/faces/north/uv/3",
    "value": 35.0,
    "file": "game:shapes/entity/humanoid/seraphskinparts/hair-extra/tieddreads.json"
  },
  {
    "op": "add",
    "path": "/elements/0/children/0/children/5/faces/south/autoUv",
    "value": false,
    "file": "game:shapes/entity/humanoid/seraphskinparts/hair-extra/tieddreads.json"
  },
  {
    "op": "replace",
    "path": "/elements/0/children/0/children/5/faces/south/uv/0",
    "value": 35.0,
    "file": "game:shapes/entity/humanoid/seraphskinparts/hair-extra/tieddreads.json"
  },
  {
    "op": "replace",
    "path": "/elements/0/children/0/children/5/faces/south/uv/2",
    "value": 36.0,
    "file": "game:shapes/entity/humanoid/seraphskinparts/hair-extra/tieddreads.json"
  },
  {
    "op": "replace",
    "path": "/elements/0/children/0/children/5/faces/south/uv/3",
    "value": 35.0,
    "file": "game:shapes/entity/humanoid/seraphskinparts/hair-extra/tieddreads.json"
  },
  {
    "op": "replace",
    "path": "/elements/0/children/0/children/5/from/0",
    "value": 3.2,
    "file": "game:shapes/entity/humanoid/seraphskinparts/hair-extra/tieddreads.json"
  },
  {
    "op": "replace",
    "path": "/elements/0/children/0/children/5/from/1",
    "value": -3.0,
    "file": "game:shapes/entity/humanoid/seraphskinparts/hair-extra/tieddreads.json"
  },
  {
    "op": "replace",
    "path": "/elements/0/children/0/children/5/name",
    "value": "DreadBack",
    "file": "game:shapes/entity/humanoid/seraphskinparts/hair-extra/tieddreads.json"
  },
  {
    "op": "replace",
    "path": "/elements/0/children/0/children/5/rotationOrigin/0",
    "value": 3.7,
    "file": "game:shapes/entity/humanoid/seraphskinparts/hair-extra/tieddreads.json"
  },
  {
    "op": "replace",
    "path": "/elements/0/children/0/children/5/rotationOrigin/1",
    "value": -0.0,
    "file": "game:shapes/entity/humanoid/seraphskinparts/hair-extra/tieddreads.json"
  },
  {
    "op": "replace",
    "path": "/elements/0/children/0/children/5/rotationOrigin/2",
    "value": 1.0,
    "file": "game:shapes/entity/humanoid/seraphskinparts/hair-extra/tieddreads.json"
  },
  {
    "op": "replace",
    "path": "/elements/0/children/0/children/5/to/0",
    "value": 4.2,
    "file": "game:shapes/entity/humanoid/seraphskinparts/hair-extra/tieddreads.json"
  },
  {
    "op": "replace",
    "path": "/elements/0/children/0/children/5/to/1",
    "value": -0.0,
    "file": "game:shapes/entity/humanoid/seraphskinparts/hair-extra/tieddreads.json"
  },
  {
    "op": "replace",
    "path": "/elements/0/children/0/children/5/to/2",
    "value": 1.5,
    "file": "game:shapes/entity/humanoid/seraphskinparts/hair-extra/tieddreads.json"
  },
  {
    "op": "remove",
    "path": "/elements/0/children/0/children/6/uv",
    "file": "game:shapes/entity/humanoid/seraphskinparts/hair-extra/tieddreads.json"
  },
  {
    "op": "add",
    "path": "/elements/0/children/0/children/6/children",
    "value": [],
    "file": "game:shapes/entity/humanoid/seraphskinparts/hair-extra/tieddreads.json"
  },
  {
    "op": "add",
    "path": "/elements/0/children/0/children/6/group",
    "value": "tieddreads",
    "file": "game:shapes/entity/humanoid/seraphskinparts/hair-extra/tieddreads.json"
  },
  {
    "op": "add",
    "path": "/elements/0/children/0/children/6/rotationX",
    "value": -0.0,
    "file": "game:shapes/entity/humanoid/seraphskinparts/hair-extra/tieddreads.json"
  },
  {
    "op": "add",
    "path": "/elements/0/children/0/children/6/faces/down/autoUv",
    "value": false,
    "file": "game:shapes/entity/humanoid/seraphskinparts/hair-extra/tieddreads.json"
  },
  {
    "op": "replace",
    "path": "/elements/0/children/0/children/6/faces/down/uv/0",
    "value": 34.0,
    "file": "game:shapes/entity/humanoid/seraphskinparts/hair-extra/tieddreads.json"
  },
  {
    "op": "replace",
    "path": "/elements/0/children/0/children/6/faces/down/uv/1",
    "value": 32.0,
    "file": "game:shapes/entity/humanoid/seraphskinparts/hair-extra/tieddreads.json"
  },
  {
    "op": "replace",
    "path": "/elements/0/children/0/children/6/faces/down/uv/2",
    "value": 33.0,
    "file": "game:shapes/entity/humanoid/seraphskinparts/hair-extra/tieddreads.json"
  },
  {
    "op": "replace",
    "path": "/elements/0/children/0/children/6/faces/down/uv/3",
    "value": 31.0,
    "file": "game:shapes/entity/humanoid/seraphskinparts/hair-extra/tieddreads.json"
  },
  {
    "op": "add",
    "path": "/elements/0/children/0/children/6/faces/east/autoUv",
    "value": false,
    "file": "game:shapes/entity/humanoid/seraphskinparts/hair-extra/tieddreads.json"
  },
  {
    "op": "add",
    "path": "/elements/0/children/0/children/6/faces/north/autoUv",
    "value": false,
    "file": "game:shapes/entity/humanoid/seraphskinparts/hair-extra/tieddreads.json"
  },
  {
    "op": "add",
    "path": "/elements/0/children/0/children/6/faces/south/autoUv",
    "value": false,
    "file": "game:shapes/entity/humanoid/seraphskinparts/hair-extra/tieddreads.json"
  },
  {
    "op": "add",
    "path": "/elements/0/children/0/faces/down/autoUv",
    "value": false,
    "file": "game:shapes/entity/humanoid/seraphskinparts/hair-extra/tieddreads.json"
  },
  {
    "op": "replace",
    "path": "/elements/0/children/0/faces/down/uv/0",
    "value": 37.0,
    "file": "game:shapes/entity/humanoid/seraphskinparts/hair-extra/tieddreads.json"
  },
  {
    "op": "replace",
    "path": "/elements/0/children/0/faces/down/uv/1",
    "value": 35.5,
    "file": "game:shapes/entity/humanoid/seraphskinparts/hair-extra/tieddreads.json"
  },
  {
    "op": "replace",
    "path": "/elements/0/children/0/faces/down/uv/2",
    "value": 32.5,
    "file": "game:shapes/entity/humanoid/seraphskinparts/hair-extra/tieddreads.json"
  },
  {
    "op": "replace",
    "path": "/elements/0/children/0/faces/down/uv/3",
    "value": 33.5,
    "file": "game:shapes/entity/humanoid/seraphskinparts/hair-extra/tieddreads.json"
  },
  {
    "op": "add",
    "path": "/elements/0/children/0/faces/east/autoUv",
    "value": false,
    "file": "game:shapes/entity/humanoid/seraphskinparts/hair-extra/tieddreads.json"
  },
  {
    "op": "add",
    "path": "/elements/0/children/0/faces/north/autoUv",
    "value": false,
    "file": "game:shapes/entity/humanoid/seraphskinparts/hair-extra/tieddreads.json"
  },
  {
    "op": "add",
    "path": "/elements/0/children/0/faces/south/autoUv",
    "value": false,
    "file": "game:shapes/entity/humanoid/seraphskinparts/hair-extra/tieddreads.json"
  },
  {
    "op": "add",
    "path": "/elements/0/children/0/faces/up/autoUv",
    "value": false,
    "file": "game:shapes/entity/humanoid/seraphskinparts/hair-extra/tieddreads.json"
  },
  {
    "op": "replace",
    "path": "/elements/0/children/0/from/0",
    "value": 2.22,
    "file": "game:shapes/entity/humanoid/seraphskinparts/hair-extra/tieddreads.json"
  },
  {
    "op": "replace",
    "path": "/elements/0/children/0/from/1",
    "value": 3.22,
    "file": "game:shapes/entity/humanoid/seraphskinparts/hair-extra/tieddreads.json"
  },
  {
    "op": "replace",
    "path": "/elements/0/children/0/rotationOrigin/0",
    "value": 2.22,
    "file": "game:shapes/entity/humanoid/seraphskinparts/hair-extra/tieddreads.json"
  },
  {
    "op": "replace",
    "path": "/elements/0/children/0/rotationOrigin/1",
    "value": 3.22,
    "file": "game:shapes/entity/humanoid/seraphskinparts/hair-extra/tieddreads.json"
  },
  {
    "op": "replace",
    "path": "/elements/0/children/0/to/0",
    "value": 6.72,
    "file": "game:shapes/entity/humanoid/seraphskinparts/hair-extra/tieddreads.json"
  },
  {
    "op": "replace",
    "path": "/elements/0/children/0/to/1",
    "value": 4.22,
    "file": "game:shapes/entity/humanoid/seraphskinparts/hair-extra/tieddreads.json"
  },
  {
    "op": "replace",
    "path": "/elements/0/from/1",
    "value": -0.0,
    "file": "game:shapes/entity/humanoid/seraphskinparts/hair-extra/tieddreads.json"
  },
  {
    "op": "replace",
    "path": "/elements/0/from/0",
    "value": -0.0,
    "file": "game:shapes/entity/humanoid/seraphskinparts/hair-extra/tieddreads.json"
  },
  {
    "op": "replace",
    "path": "/elements/0/name",
    "value": "hideme",
    "file": "game:shapes/entity/humanoid/seraphskinparts/hair-extra/tieddreads.json"
  },
  {
    "op": "replace",
    "path": "/elements/0/to/0",
    "value": 1.0,
    "file": "game:shapes/entity/humanoid/seraphskinparts/hair-extra/tieddreads.json"
  },
  {
    "op": "remove",
    "path": "/textures/birch",
    "file": "game:shapes/entity/humanoid/seraphskinparts/hair-extra/tieddreads.json"
  },
  {
    "op": "replace",
    "path": "/textures/hair",
    "value": "silverchalice",
    "file": "game:shapes/entity/humanoid/seraphskinparts/hair-extra/tieddreads.json"
  },
  {
    "op": "remove",
    "path": "/textureSizes/birch",
    "file": "game:shapes/entity/humanoid/seraphskinparts/hair-extra/tieddreads.json"
  }
]