[
  {
    "op": "remove",
    "path": "/editor",
    "file": "game:shapes/entity/humanoid/seraphskinparts/hair-extra/ponytail.json"
  },
  {
    "op": "add",
    "path": "/groups",
    "value": [],
    "file": "game:shapes/entity/humanoid/seraphskinparts/hair-extra/ponytail.json"
  },
  {
    "op": "remove",
    "path": "/elements/0/uv",
    "file": "game:shapes/entity/humanoid/seraphskinparts/hair-extra/ponytail.json"
  },
  {
    "op": "add",
    "path": "/elements/0/group",
    "value": "ponytail",
    "file": "game:shapes/entity/humanoid/seraphskinparts/hair-extra/ponytail.json"
  },
  {
    "op": "add",
    "path": "/elements/0/rotationOrigin",
    "value": [
      -0.0,
      -0.0,
      0.0
    ],
    "file": "game:shapes/entity/humanoid/seraphskinparts/hair-extra/ponytail.json"
  },
  {
    "op": "remove",
    "path": "/elements/0/children/0/uv",
    "file": "game:shapes/entity/humanoid/seraphskinparts/hair-extra/ponytail.json"
  },
  {
    "op": "add",
    "path": "/elements/0/children/0/children",
    "value": [],
    "file": "game:shapes/entity/humanoid/seraphskinparts/hair-extra/ponytail.json"
  },
  {
    "op": "add",
    "path": "/elements/0/children/0/group",
    "value": "ponytail",
    "file": "game:shapes/entity/humanoid/seraphskinparts/hair-extra/ponytail.json"
  },
  {
    "op": "add",
    "path": "/elements/0/children/0/rotationY",
    "value": -0.0,
    "file": "game:shapes/entity/humanoid/seraphskinparts/hair-extra/ponytail.json"
  },
  {
    "op": "add",
    "path": "/elements/0/children/0/faces/east/autoUv",
    "value": false,
    "file": "game:shapes/entity/humanoid/seraphskinparts/hair-extra/ponytail.json"
  },
  {
    "op": "add",
    "path": "/elements/0/children/0/faces/north/autoUv",
    "value": false,
    "file": "game:shapes/entity/humanoid/seraphskinparts/hair-extra/ponytail.json"
  },
  {
    "op": "add",
    "path": "/elements/0/children/0/faces/south/autoUv",
    "value": false,
    "file": "game:shapes/entity/humanoid/seraphskinparts/hair-extra/ponytail.json"
  },
  {
    "op": "add",
    "path": "/elements/0/children/0/faces/west/autoUv",
    "value": false,
    "file": "game:shapes/entity/humanoid/seraphskinparts/hair-extra/ponytail.json"
  },
  {
    "op": "replace",
    "path": "/elements/0/children/0/from/0",
    "value": 4.38,
    "file": "game:shapes/entity/humanoid/seraphskinparts/hair-extra/ponytail.json"
  },
  {
    "op": "replace",
    "path": "/elements/0/children/0/name",
    "value": "BraidBack.001",
    "file": "game:shapes/entity/humanoid/seraphskinparts/hair-extra/ponytail.json"
  },
  {
    "op": "replace",
    "path": "/elements/0/children/0/rotationOrigin/0",
    "value": 4.88,
    "file": "game:shapes/entity/humanoid/seraphskinparts/hair-extra/ponytail.json"
  },
  {
    "op": "replace",
    "path": "/elements/0/children/0/to/0",
    "value": 5.88,
    "file": "game:shapes/entity/humanoid/seraphskinparts/hair-extra/ponytail.json"
  },
  {
    "op": "remove",
    "path": "/elements/0/children/1/uv",
    "file": "game:shapes/entity/humanoid/seraphskinparts/hair-extra/ponytail.json"
  },
  {
    "op": "add",
    "path": "/elements/0/children/1/children",
    "value": [],
    "file": "game:shapes/entity/humanoid/seraphskinparts/hair-extra/ponytail.json"
  },
  {
    "op": "add",
    "path": "/elements/0/children/1/group",
    "value": "ponytail",
    "file": "game:shapes/entity/humanoid/seraphskinparts/hair-extra/ponytail.json"
  },
  {
    "op": "add",
    "path": "/elements/0/children/1/rotationX",
    "value": -8.0,
    "file": "game:shapes/entity/humanoid/seraphskinparts/hair-extra/ponytail.json"
  },
  {
    "op": "add",
    "path": "/elements/0/children/1/rotationY",
    "value": -0.0,
    "file": "game:shapes/entity/humanoid/seraphskinparts/hair-extra/ponytail.json"
  },
  {
    "op": "add",
    "path": "/elements/0/children/1/faces/west",
    "value": {
      "texture": "#hair",
      "uv": [
        41.5,
        15.0,
        43.0,
        20.5
      ],
      "autoUv": false
    },
    "file": "game:shapes/entity/humanoid/seraphskinparts/hair-extra/ponytail.json"
  },
  {
    "op": "add",
    "path": "/elements/0/children/1/faces/east/autoUv",
    "value": false,
    "file": "game:shapes/entity/humanoid/seraphskinparts/hair-extra/ponytail.json"
  },
  {
    "op": "replace",
    "path": "/elements/0/children/1/faces/east/uv/0",
    "value": 38.5,
    "file": "game:shapes/entity/humanoid/seraphskinparts/hair-extra/ponytail.json"
  },
  {
    "op": "replace",
    "path": "/elements/0/children/1/faces/east/uv/1",
    "value": 15.0,
    "file": "game:shapes/entity/humanoid/seraphskinparts/hair-extra/ponytail.json"
  },
  {
    "op": "replace",
    "path": "/elements/0/children/1/faces/east/uv/2",
    "value": 40.0,
    "file": "game:shapes/entity/humanoid/seraphskinparts/hair-extra/ponytail.json"
  },
  {
    "op": "replace",
    "path": "/elements/0/children/1/faces/east/uv/3",
    "value": 20.5,
    "file": "game:shapes/entity/humanoid/seraphskinparts/hair-extra/ponytail.json"
  },
  {
    "op": "add",
    "path": "/elements/0/children/1/faces/north/autoUv",
    "value": false,
    "file": "game:shapes/entity/humanoid/seraphskinparts/hair-extra/ponytail.json"
  },
  {
    "op": "replace",
    "path": "/elements/0/children/1/faces/north/uv/0",
    "value": 37.0,
    "file": "game:shapes/entity/humanoid/seraphskinparts/hair-extra/ponytail.json"
  },
  {
    "op": "replace",
    "path": "/elements/0/children/1/faces/north/uv/1",
    "value": 15.0,
    "file": "game:shapes/entity/humanoid/seraphskinparts/hair-extra/ponytail.json"
  },
  {
    "op": "replace",
    "path": "/elements/0/children/1/faces/north/uv/2",
    "value": 38.5,
    "file": "game:shapes/entity/humanoid/seraphskinparts/hair-extra/ponytail.json"
  },
  {
    "op": "replace",
    "path": "/elements/0/children/1/faces/north/uv/3",
    "value": 20.5,
    "file": "game:shapes/entity/humanoid/seraphskinparts/hair-extra/ponytail.json"
  },
  {
    "op": "add",
    "path": "/elements/0/children/1/faces/south/autoUv",
    "value": false,
    "file": "game:shapes/entity/humanoid/seraphskinparts/hair-extra/ponytail.json"
  },
  {
    "op": "replace",
    "path": "/elements/0/children/1/faces/south/uv/0",
    "value": 40.0,
    "file": "game:shapes/entity/humanoid/seraphskinparts/hair-extra/ponytail.json"
  },
  {
    "op": "replace",
    "path": "/elements/0/children/1/faces/south/uv/1",
    "value": 15.0,
    "file": "game:shapes/entity/humanoid/seraphskinparts/hair-extra/ponytail.json"
  },
  {
    "op": "replace",
    "path": "/elements/0/children/1/faces/south/uv/2",
    "value": 41.5,
    "file": "game:shapes/entity/humanoid/seraphskinparts/hair-extra/ponytail.json"
  },
  {
    "op": "replace",
    "path": "/elements/0/children/1/faces/south/uv/3",
    "value": 20.5,
    "file": "game:shapes/entity/humanoid/seraphskinparts/hair-extra/ponytail.json"
  },
  {
    "op": "replace",
    "path": "/elements/0/children/1/from/0",
    "value": 4.38,
    "file": "game:shapes/entity/humanoid/seraphskinparts/hair-extra/ponytail.json"
  },
  {
    "op": "replace",
    "path": "/elements/0/children/1/from/1",
    "value": -4.3,
    "file": "game:shapes/entity/humanoid/seraphskinparts/hair-extra/ponytail.json"
  },
  {
    "op": "replace",
    "path": "/elements/0/children/1/from/2",
    "value": 1.8,
    "file": "game:shapes/entity/humanoid/seraphskinparts/hair-extra/ponytail.json"
  },
  {
    "op": "replace",
    "path": "/elements/0/children/1/name",
    "value": "BraidBack4",
    "file": "game:shapes/entity/humanoid/seraphskinparts/hair-extra/ponytail.json"
  },
  {
    "op": "replace",
    "path": "/elements/0/children/1/rotationOrigin/0",
    "value": 4.88,
    "file": "game:shapes/entity/humanoid/seraphskinparts/hair-extra/ponytail.json"
  },
  {
    "op": "replace",
    "path": "/elements/0/children/1/rotationOrigin/1",
    "value": 2.6,
    "file": "game:shapes/entity/humanoid/seraphskinparts/hair-extra/ponytail.json"
  },
  {
    "op": "replace",
    "path": "/elements/0/children/1/rotationZ",
    "value": 17.0,
    "file": "game:shapes/entity/humanoid/seraphskinparts/hair-extra/ponytail.json"
  },
  {
    "op": "replace",
    "path": "/elements/0/children/1/to/0",
    "value": 5.88,
    "file": "game:shapes/entity/humanoid/seraphskinparts/hair-extra/ponytail.json"
  },
  {
    "op": "replace",
    "path": "/elements/0/children/1/to/1",
    "value": 1.2,
    "file": "game:shapes/entity/humanoid/seraphskinparts/hair-extra/ponytail.json"
  },
  {
    "op": "replace",
    "path": "/elements/0/children/1/to/2",
    "value": 3.3,
    "file": "game:shapes/entity/humanoid/seraphskinparts/hair-extra/ponytail.json"
  },
  {
    "op": "remove",
    "path": "/elements/0/children/2/rotationX",
    "file": "game:shapes/entity/humanoid/seraphskinparts/hair-extra/ponytail.json"
  },
  {
    "op": "remove",
    "path": "/elements/0/children/2/uv",
    "file": "game:shapes/entity/humanoid/seraphskinparts/hair-extra/ponytail.json"
  },
  {
    "op": "add",
    "path": "/elements/0/children/2/children",
    "value": [],
    "file": "game:shapes/entity/humanoid/seraphskinparts/hair-extra/ponytail.json"
  },
  {
    "op": "add",
    "path": "/elements/0/children/2/group",
    "value": "ponytail",
    "file": "game:shapes/entity/humanoid/seraphskinparts/hair-extra/ponytail.json"
  },
  {
    "op": "add",
    "path": "/elements/0/children/2/faces/east/autoUv",
    "value": false,
    "file": "game:shapes/entity/humanoid/seraphskinparts/hair-extra/ponytail.json"
  },
  {
    "op": "replace",
    "path": "/elements/0/children/2/faces/east/uv/1",
    "value": 16.5,
    "file": "game:shapes/entity/humanoid/seraphskinparts/hair-extra/ponytail.json"
  },
  {
    "op": "replace",
    "path": "/elements/0/children/2/faces/east/uv/3",
    "value": 21.5,
    "file": "game:shapes/entity/humanoid/seraphskinparts/hair-extra/ponytail.json"
  },
  {
    "op": "add",
    "path": "/elements/0/children/2/faces/north/autoUv",
    "value": false,
    "file": "game:shapes/entity/humanoid/seraphskinparts/hair-extra/ponytail.json"
  },
  {
    "op": "replace",
    "path": "/elements/0/children/2/faces/north/uv/1",
    "value": 16.5,
    "file": "game:shapes/entity/humanoid/seraphskinparts/hair-extra/ponytail.json"
  },
  {
    "op": "replace",
    "path": "/elements/0/children/2/faces/north/uv/3",
    "value": 21.5,
    "file": "game:shapes/entity/humanoid/seraphskinparts/hair-extra/ponytail.json"
  },
  {
    "op": "add",
    "path": "/elements/0/children/2/faces/south/autoUv",
    "value": false,
    "file": "game:shapes/entity/humanoid/seraphskinparts/hair-extra/ponytail.json"
  },
  {
    "op": "replace",
    "path": "/elements/0/children/2/faces/south/uv/1",
    "value": 16.5,
    "file": "game:shapes/entity/humanoid/seraphskinparts/hair-extra/ponytail.json"
  },
  {
    "op": "replace",
    "path": "/elements/0/children/2/faces/south/uv/3",
    "value": 21.5,
    "file": "game:shapes/entity/humanoid/seraphskinparts/hair-extra/ponytail.json"
  },
  {
    "op": "add",
    "path": "/elements/0/children/2/faces/west/autoUv",
    "value": false,
    "file": "game:shapes/entity/humanoid/seraphskinparts/hair-extra/ponytail.json"
  },
  {
    "op": "replace",
    "path": "/elements/0/children/2/faces/west/uv/1",
    "value": 16.5,
    "file": "game:shapes/entity/humanoid/seraphskinparts/hair-extra/ponytail.json"
  },
  {
    "op": "replace",
    "path": "/elements/0/children/2/faces/west/uv/3",
    "value": 21.5,
    "file": "game:shapes/entity/humanoid/seraphskinparts/hair-extra/ponytail.json"
  },
  {
    "op": "replace",
    "path": "/elements/0/children/2/from/0",
    "value": 3.78,
    "file": "game:shapes/entity/humanoid/seraphskinparts/hair-extra/ponytail.json"
  },
  {
    "op": "replace",
    "path": "/elements/0/children/2/from/1",
    "value": -3.2,
    "file": "game:shapes/entity/humanoid/seraphskinparts/hair-extra/ponytail.json"
  },
  {
    "op": "replace",
    "path": "/elements/0/children/2/from/2",
    "value": 1.6,
    "file": "game:shapes/entity/humanoid/seraphskinparts/hair-extra/ponytail.json"
  },
  {
    "op": "replace",
    "path": "/elements/0/children/2/name",
    "value": "BraidBack5",
    "file": "game:shapes/entity/humanoid/seraphskinparts/hair-extra/ponytail.json"
  },
  {
    "op": "replace",
    "path": "/elements/0/children/2/rotationOrigin/0",
    "value": 5.28,
    "file": "game:shapes/entity/humanoid/seraphskinparts/hair-extra/ponytail.json"
  },
  {
    "op": "replace",
    "path": "/elements/0/children/2/rotationOrigin/1",
    "value": 2.8,
    "file": "game:shapes/entity/humanoid/seraphskinparts/hair-extra/ponytail.json"
  },
  {
    "op": "replace",
    "path": "/elements/0/children/2/rotationOrigin/2",
    "value": 2.1,
    "file": "game:shapes/entity/humanoid/seraphskinparts/hair-extra/ponytail.json"
  },
  {
    "op": "replace",
    "path": "/elements/0/children/2/rotationZ",
    "value": 31.0,
    "file": "game:shapes/entity/humanoid/seraphskinparts/hair-extra/ponytail.json"
  },
  {
    "op": "replace",
    "path": "/elements/0/children/2/to/0",
    "value": 5.28,
    "file": "game:shapes/entity/humanoid/seraphskinparts/hair-extra/ponytail.json"
  },
  {
    "op": "replace",
    "path": "/elements/0/children/2/to/1",
    "value": 1.8,
    "file": "game:shapes/entity/humanoid/seraphskinparts/hair-extra/ponytail.json"
  },
  {
    "op": "replace",
    "path": "/elements/0/children/2/to/2",
    "value": 3.1,
    "file": "game:shapes/entity/humanoid/seraphskinparts/hair-extra/ponytail.json"
  },
  {
    "op": "remove",
    "path": "/elements/0/children/3/uv",
    "file": "game:shapes/entity/humanoid/seraphskinparts/hair-extra/ponytail.json"
  },
  {
    "op": "add",
    "path": "/elements/0/children/3/children",
    "value": [],
    "file": "game:shapes/entity/humanoid/seraphskinparts/hair-extra/ponytail.json"
  },
  {
    "op": "add",
    "path": "/elements/0/children/3/group",
    "value": "ponytail",
    "file": "game:shapes/entity/humanoid/seraphskinparts/hair-extra/ponytail.json"
  },
  {
    "op": "remove",
    "path": "/elements/0/children/3/faces/west",
    "file": "game:shapes/entity/humanoid/seraphskinparts/hair-extra/ponytail.json"
  },
  {
    "op": "add",
    "path": "/elements/0/children/3/faces/east/autoUv",
    "value": false,
    "file": "game:shapes/entity/humanoid/seraphskinparts/hair-extra/ponytail.json"
  },
  {
    "op": "replace",
    "path": "/elements/0/children/3/faces/east/uv/0",
    "value": 21.0,
    "file": "game:shapes/entity/humanoid/seraphskinparts/hair-extra/ponytail.json"
  },
  {
    "op": "replace",
    "path": "/elements/0/children/3/faces/east/uv/1",
    "value": 10.5,
    "file": "game:shapes/entity/humanoid/seraphskinparts/hair-extra/ponytail.json"
  },
  {
    "op": "replace",
    "path": "/elements/0/children/3/faces/east/uv/2",
    "value": 23.0,
    "file": "game:shapes/entity/humanoid/seraphskinparts/hair-extra/ponytail.json"
  },
  {
    "op": "replace",
    "path": "/elements/0/children/3/faces/east/uv/3",
    "value": 13.0,
    "file": "game:shapes/entity/humanoid/seraphskinparts/hair-extra/ponytail.json"
  },
  {
    "op": "add",
    "path": "/elements/0/children/3/faces/north/autoUv",
    "value": false,
    "file": "game:shapes/entity/humanoid/seraphskinparts/hair-extra/ponytail.json"
  },
  {
    "op": "replace",
    "path": "/elements/0/children/3/faces/north/uv/0",
    "value": 19.0,
    "file": "game:shapes/entity/humanoid/seraphskinparts/hair-extra/ponytail.json"
  },
  {
    "op": "replace",
    "path": "/elements/0/children/3/faces/north/uv/1",
    "value": 10.5,
    "file": "game:shapes/entity/humanoid/seraphskinparts/hair-extra/ponytail.json"
  },
  {
    "op": "replace",
    "path": "/elements/0/children/3/faces/north/uv/2",
    "value": 21.0,
    "file": "game:shapes/entity/humanoid/seraphskinparts/hair-extra/ponytail.json"
  },
  {
    "op": "replace",
    "path": "/elements/0/children/3/faces/north/uv/3",
    "value": 13.0,
    "file": "game:shapes/entity/humanoid/seraphskinparts/hair-extra/ponytail.json"
  },
  {
    "op": "add",
    "path": "/elements/0/children/3/faces/south/autoUv",
    "value": false,
    "file": "game:shapes/entity/humanoid/seraphskinparts/hair-extra/ponytail.json"
  },
  {
    "op": "replace",
    "path": "/elements/0/children/3/faces/south/uv/0",
    "value": 23.0,
    "file": "game:shapes/entity/humanoid/seraphskinparts/hair-extra/ponytail.json"
  },
  {
    "op": "replace",
    "path": "/elements/0/children/3/faces/south/uv/1",
    "value": 10.5,
    "file": "game:shapes/entity/humanoid/seraphskinparts/hair-extra/ponytail.json"
  },
  {
    "op": "replace",
    "path": "/elements/0/children/3/faces/south/uv/2",
    "value": 25.0,
    "file": "game:shapes/entity/humanoid/seraphskinparts/hair-extra/ponytail.json"
  },
  {
    "op": "replace",
    "path": "/elements/0/children/3/faces/south/uv/3",
    "value": 13.0,
    "file": "game:shapes/entity/humanoid/seraphskinparts/hair-extra/ponytail.json"
  },
  {
    "op": "replace",
    "path": "/elements/0/children/3/from/0",
    "value": 3.48,
    "file": "game:shapes/entity/humanoid/seraphskinparts/hair-extra/ponytail.json"
  },
  {
    "op": "replace",
    "path": "/elements/0/children/3/from/1",
    "value": -0.5,
    "file": "game:shapes/entity/humanoid/seraphskinparts/hair-extra/ponytail.json"
  },
  {
    "op": "replace",
    "path": "/elements/0/children/3/from/2",
    "value": 1.2,
    "file": "game:shapes/entity/humanoid/seraphskinparts/hair-extra/ponytail.json"
  },
  {
    "op": "replace",
    "path": "/elements/0/children/3/name",
    "value": "BraidLowupper",
    "file": "game:shapes/entity/humanoid/seraphskinparts/hair-extra/ponytail.json"
  },
  {
    "op": "replace",
    "path": "/elements/0/children/3/rotationOrigin/0",
    "value": 4.48,
    "file": "game:shapes/entity/humanoid/seraphskinparts/hair-extra/ponytail.json"
  },
  {
    "op": "replace",
    "path": "/elements/0/children/3/rotationOrigin/1",
    "value": 2.0,
    "file": "game:shapes/entity/humanoid/seraphskinparts/hair-extra/ponytail.json"
  },
  {
    "op": "replace",
    "path": "/elements/0/children/3/rotationOrigin/2",
    "value": 2.2,
    "file": "game:shapes/entity/humanoid/seraphskinparts/hair-extra/ponytail.json"
  },
  {
    "op": "replace",
    "path": "/elements/0/children/3/rotationZ",
    "value": 41.0,
    "file": "game:shapes/entity/humanoid/seraphskinparts/hair-extra/ponytail.json"
  },
  {
    "op": "replace",
    "path": "/elements/0/children/3/to/0",
    "value": 5.48,
    "file": "game:shapes/entity/humanoid/seraphskinparts/hair-extra/ponytail.json"
  },
  {
    "op": "replace",
    "path": "/elements/0/children/3/to/1",
    "value": 2.0,
    "file": "game:shapes/entity/humanoid/seraphskinparts/hair-extra/ponytail.json"
  },
  {
    "op": "replace",
    "path": "/elements/0/children/3/to/2",
    "value": 3.6,
    "file": "game:shapes/entity/humanoid/seraphskinparts/hair-extra/ponytail.json"
  },
  {
    "op": "remove",
    "path": "/elements/0/children/4/uv",
    "file": "game:shapes/entity/humanoid/seraphskinparts/hair-extra/ponytail.json"
  },
  {
    "op": "add",
    "path": "/elements/0/children/4/children",
    "value": [],
    "file": "game:shapes/entity/humanoid/seraphskinparts/hair-extra/ponytail.json"
  },
  {
    "op": "add",
    "path": "/elements/0/children/4/group",
    "value": "ponytail",
    "file": "game:shapes/entity/humanoid/seraphskinparts/hair-extra/ponytail.json"
  },
  {
    "op": "add",
    "path": "/elements/0/children/4/faces/east/autoUv",
    "value": false,
    "file": "game:shapes/entity/humanoid/seraphskinparts/hair-extra/ponytail.json"
  },
  {
    "op": "add",
    "path": "/elements/0/children/4/faces/north/autoUv",
    "value": false,
    "file": "game:shapes/entity/humanoid/seraphskinparts/hair-extra/ponytail.json"
  },
  {
    "op": "add",
    "path": "/elements/0/children/4/faces/south/autoUv",
    "value": false,
    "file": "game:shapes/entity/humanoid/seraphskinparts/hair-extra/ponytail.json"
  },
  {
    "op": "replace",
    "path": "/elements/0/children/4/from/0",
    "value": 3.48,
    "file": "game:shapes/entity/humanoid/seraphskinparts/hair-extra/ponytail.json"
  },
  {
    "op": "replace",
    "path": "/elements/0/children/4/from/1",
    "value": 0.8,
    "file": "game:shapes/entity/humanoid/seraphskinparts/hair-extra/ponytail.json"
  },
  {
    "op": "replace",
    "path": "/elements/0/children/4/from/2",
    "value": 1.3,
    "file": "game:shapes/entity/humanoid/seraphskinparts/hair-extra/ponytail.json"
  },
  {
    "op": "replace",
    "path": "/elements/0/children/4/name",
    "value": "ponytailhigh.004",
    "file": "game:shapes/entity/humanoid/seraphskinparts/hair-extra/ponytail.json"
  },
  {
    "op": "replace",
    "path": "/elements/0/children/4/rotationOrigin/0",
    "value": 4.48,
    "file": "game:shapes/entity/humanoid/seraphskinparts/hair-extra/ponytail.json"
  },
  {
    "op": "replace",
    "path": "/elements/0/children/4/rotationOrigin/1",
    "value": 3.3,
    "file": "game:shapes/entity/humanoid/seraphskinparts/hair-extra/ponytail.json"
  },
  {
    "op": "replace",
    "path": "/elements/0/children/4/rotationOrigin/2",
    "value": 2.3,
    "file": "game:shapes/entity/humanoid/seraphskinparts/hair-extra/ponytail.json"
  },
  {
    "op": "replace",
    "path": "/elements/0/children/4/to/0",
    "value": 5.48,
    "file": "game:shapes/entity/humanoid/seraphskinparts/hair-extra/ponytail.json"
  },
  {
    "op": "replace",
    "path": "/elements/0/children/4/to/1",
    "value": 3.3,
    "file": "game:shapes/entity/humanoid/seraphskinparts/hair-extra/ponytail.json"
  },
  {
    "op": "replace",
    "path": "/elements/0/children/4/to/2",
    "value": 3.5,
    "file": "game:shapes/entity/humanoid/seraphskinparts/hair-extra/ponytail.json"
  },
  {
    "op": "replace",
    "path": "/elements/0/from/1",
    "value": -0.0,
    "file": "game:shapes/entity/humanoid/seraphskinparts/hair-extra/ponytail.json"
  },
  {
    "op": "replace",
    "path": "/elements/0/from/0",
    "value": -0.0,
    "file": "game:shapes/entity/humanoid/seraphskinparts/hair-extra/ponytail.json"
  },
  {
    "op": "replace",
    "path": "/elements/0/name",
    "value": "hideme",
    "file": "game:shapes/entity/humanoid/seraphskinparts/hair-extra/ponytail.json"
  },
  {
    "op": "replace",
    "path": "/elements/0/to/0",
    "value": 1.0,
    "file": "game:shapes/entity/humanoid/seraphskinparts/hair-extra/ponytail.json"
  },
  {
    "op": "replace",
    "path": "/textures/hair",
    "value": "silverchalice",
    "file": "game:shapes/entity/humanoid/seraphskinparts/hair-extra/ponytail.json"
  },
  {
    "op": "remove",
    "path": "/textureSizes/birch",
    "file": "game:shapes/entity/humanoid/seraphskinparts/hair-extra/ponytail.json"
  }
]