[
  {
    "op": "remove",
    "path": "/editor",
    "file": "game:shapes/entity/humanoid/seraphskinparts/hair-extra/sidebuns.json"
  },
  {
    "op": "add",
    "path": "/groups",
    "value": [],
    "file": "game:shapes/entity/humanoid/seraphskinparts/hair-extra/sidebuns.json"
  },
  {
    "op": "remove",
    "path": "/elements/0",
    "file": "game:shapes/entity/humanoid/seraphskinparts/hair-extra/sidebuns.json"
  },
  {
    "op": "remove",
    "path": "/textures/birch",
    "file": "game:shapes/entity/humanoid/seraphskinparts/hair-extra/sidebuns.json"
  },
  {
    "op": "remove",
    "path": "/textures/hair",
    "file": "game:shapes/entity/humanoid/seraphskinparts/hair-extra/sidebuns.json"
  },
  {
    "op": "remove",
    "path": "/textureSizes/birch",
    "file": "game:shapes/entity/humanoid/seraphskinparts/hair-extra/sidebuns.json"
  },
  {
    "op": "remove",
    "path": "/textureSizes/hair",
    "file": "game:shapes/entity/humanoid/seraphskinparts/hair-extra/sidebuns.json"
  }
]