[
  {
    "op": "remove",
    "path": "/editor",
    "file": "game:shapes/entity/humanoid/seraphskinparts/hair-extra/vikingtopbraid.json"
  },
  {
    "op": "add",
    "path": "/groups",
    "value": [],
    "file": "game:shapes/entity/humanoid/seraphskinparts/hair-extra/vikingtopbraid.json"
  },
  {
    "op": "remove",
    "path": "/elements/0/uv",
    "file": "game:shapes/entity/humanoid/seraphskinparts/hair-extra/vikingtopbraid.json"
  },
  {
    "op": "add",
    "path": "/elements/0/group",
    "value": "vikingtopbraid",
    "file": "game:shapes/entity/humanoid/seraphskinparts/hair-extra/vikingtopbraid.json"
  },
  {
    "op": "add",
    "path": "/elements/0/rotationOrigin",
    "value": [
      -0.0,
      -0.0,
      0.0
    ],
    "file": "game:shapes/entity/humanoid/seraphskinparts/hair-extra/vikingtopbraid.json"
  },
  {
    "op": "remove",
    "path": "/elements/0/children/0/uv",
    "file": "game:shapes/entity/humanoid/seraphskinparts/hair-extra/vikingtopbraid.json"
  },
  {
    "op": "add",
    "path": "/elements/0/children/0/group",
    "value": "vikingtopbraid",
    "file": "game:shapes/entity/humanoid/seraphskinparts/hair-extra/vikingtopbraid.json"
  },
  {
    "op": "add",
    "path": "/elements/0/children/0/rotationOrigin",
    "value": [
      0.0,
      -0.0,
      -0.0
    ],
    "file": "game:shapes/entity/humanoid/seraphskinparts/hair-extra/vikingtopbraid.json"
  },
  {
    "op": "replace",
    "path": "/elements/0/children/0/children",
    "value": [
      {
        "name": "BraidBack2.001",
        "from": [
          5.13,
          1.84,
          1.7
        ],
        "to": [
          6.63,
          5.27,
          3.3
        ],
        "rotationOrigin": [
          5.13,
          5.84,
          2.4
        ],
        "rotationZ": 6.0,
        "group": "vikingtopbraid",
        "faces": {
          "north": {
            "texture": "#hair",
            "uv": [
              23.0,
              32.5,
              24.5,
              36.5
            ],
            "autoUv": false
          },
          "east": {
            "texture": "#hair",
            "uv": [
              24.5,
              32.5,
              26.0,
              36.5
            ],
            "autoUv": false
          },
          "south": {
            "texture": "#hair",
            "uv": [
              26.0,
              32.5,
              27.5,
              36.5
            ],
            "autoUv": false
          },
          "down": {
            "texture": "#hair",
            "uv": [
              26.0,
              32.5,
              24.5,
              31.0
            ],
            "autoUv": false
          },
          "up": {
            "texture": "#hair",
            "uv": [
              23.0,
              31.0,
              24.5,
              32.5
            ],
            "autoUv": false
          }
        },
        "children": []
      },
      {
        "name": "BraidEnd3",
        "from": [
          5.33,
          1.38,
          1.95
        ],
        "to": [
          6.83,
          2.38,
          3.05
        ],
        "rotationOrigin": [
          6.83,
          1.38,
          2.5
        ],
        "group": "vikingtopbraid",
        "faces": {
          "north": {
            "texture": "#hair",
            "uv": [
              24.0,
              34.5,
              25.5,
              35.5
            ],
            "autoUv": false
          },
          "east": {
            "texture": "#hair",
            "uv": [
              25.5,
              34.5,
              26.5,
              35.5
            ],
            "autoUv": false
          },
          "south": {
            "texture": "#hair",
            "uv": [
              26.5,
              34.5,
              28.0,
              35.5
            ],
            "autoUv": false
          },
          "west": {
            "texture": "#hair",
            "uv": [
              25.0,
              34.5,
              26.0,
              35.5
            ],
            "autoUv": false
          }
        },
        "children": []
      },
      {
        "name": "BraidTop.002",
        "from": [
          1.0,
          3.33,
          1.5
        ],
        "to": [
          6.66,
          4.33,
          3.5
        ],
        "rotationOrigin": [
          1.0,
          4.33,
          2.5
        ],
        "rotationZ": 11.0,
        "group": "vikingtopbraid",
        "faces": {
          "north": {
            "texture": "#hair",
            "uv": [
              24.0,
              33.5,
              25.0,
              40.5
            ],
            "autoUv": false,
            "rotation": 90
          },
          "south": {
            "texture": "#hair",
            "uv": [
              26.5,
              33.5,
              27.5,
              40.5
            ],
            "autoUv": false,
            "rotation": 270
          },
          "up": {
            "texture": "#hair",
            "uv": [
              25.0,
              33.5,
              27.0,
              40.5
            ],
            "autoUv": false,
            "rotation": 270
          }
        },
        "children": []
      }
    ],
    "file": "game:shapes/entity/humanoid/seraphskinparts/hair-extra/vikingtopbraid.json"
  },
  {
    "op": "replace",
    "path": "/elements/0/children/0/from/2",
    "value": -0.0,
    "file": "game:shapes/entity/humanoid/seraphskinparts/hair-extra/vikingtopbraid.json"
  },
  {
    "op": "replace",
    "path": "/elements/0/children/0/from/1",
    "value": -0.0,
    "file": "game:shapes/entity/humanoid/seraphskinparts/hair-extra/vikingtopbraid.json"
  },
  {
    "op": "replace",
    "path": "/elements/0/children/0/from/0",
    "value": 0.0,
    "file": "game:shapes/entity/humanoid/seraphskinparts/hair-extra/vikingtopbraid.json"
  },
  {
    "op": "replace",
    "path": "/elements/0/children/0/name",
    "value": "ponytailhigh.014",
    "file": "game:shapes/entity/humanoid/seraphskinparts/hair-extra/vikingtopbraid.json"
  },
  {
    "op": "replace",
    "path": "/elements/0/children/0/to/0",
    "value": 1.0,
    "file": "game:shapes/entity/humanoid/seraphskinparts/hair-extra/vikingtopbraid.json"
  },
  {
    "op": "remove",
    "path": "/elements/0/children/1/uv",
    "file": "game:shapes/entity/humanoid/seraphskinparts/hair-extra/vikingtopbraid.json"
  },
  {
    "op": "add",
    "path": "/elements/0/children/1/group",
    "value": "vikingtopbraid",
    "file": "game:shapes/entity/humanoid/seraphskinparts/hair-extra/vikingtopbraid.json"
  },
  {
    "op": "add",
    "path": "/elements/0/children/1/rotationOrigin",
    "value": [
      0.0,
      -0.0,
      -0.0
    ],
    "file": "game:shapes/entity/humanoid/seraphskinparts/hair-extra/vikingtopbraid.json"
  },
  {
    "op": "replace",
    "path": "/elements/0/children/1/children",
    "value": [
      {
        "name": "BraidEnd2",
        "from": [
          5.33,
          -3.62,
          1.95
        ],
        "to": [
          6.83,
          1.38,
          3.05
        ],
        "rotationOrigin": [
          6.88,
          1.38,
          2.5
        ],
        "group": "vikingtopbraid",
        "faces": {
          "north": {
            "texture": "#hair",
            "uv": [
              24.0,
              34.5,
              25.5,
              39.5
            ],
            "autoUv": false
          },
          "east": {
            "texture": "#hair",
            "uv": [
              25.5,
              34.5,
              26.5,
              39.5
            ],
            "autoUv": false
          },
          "south": {
            "texture": "#hair",
            "uv": [
              26.5,
              34.5,
              28.0,
              39.5
            ],
            "autoUv": false
          },
          "west": {
            "texture": "#hair",
            "uv": [
              25.0,
              34.5,
              26.0,
              39.5
            ],
            "autoUv": false
          }
        },
        "children": [
          {
            "name": "BraidSlantedEnd",
            "from": [
              -0.0,
              5.0,
              0.05
            ],
            "to": [
              1.5,
              7.5,
              1.05
            ],
            "rotationOrigin": [
              1.5,
              5.0,
              0.5
            ],
            "rotationZ": 55.0,
            "group": "vikingtopbraid",
            "faces": {
              "north": {
                "texture": "#hair",
                "uv": [
                  24.0,
                  34.5,
                  25.5,
                  37.0
                ],
                "autoUv": false
              },
              "east": {
                "texture": "#hair",
                "uv": [
                  25.5,
                  34.5,
                  26.5,
                  37.0
                ],
                "autoUv": false
              },
              "south": {
                "texture": "#hair",
                "uv": [
                  26.5,
                  34.5,
                  28.0,
                  37.0
                ],
                "autoUv": false
              },
              "west": {
                "texture": "#hair",
                "uv": [
                  25.0,
                  34.5,
                  26.0,
                  37.0
                ],
                "autoUv": false
              }
            },
            "children": []
          }
        ]
      }
    ],
    "file": "game:shapes/entity/humanoid/seraphskinparts/hair-extra/vikingtopbraid.json"
  },
  {
    "op": "replace",
    "path": "/elements/0/children/1/from/1",
    "value": -0.0,
    "file": "game:shapes/entity/humanoid/seraphskinparts/hair-extra/vikingtopbraid.json"
  },
  {
    "op": "replace",
    "path": "/elements/0/children/1/from/2",
    "value": -0.0,
    "file": "game:shapes/entity/humanoid/seraphskinparts/hair-extra/vikingtopbraid.json"
  },
  {
    "op": "replace",
    "path": "/elements/0/children/1/name",
    "value": "ponytaillow.006",
    "file": "game:shapes/entity/humanoid/seraphskinparts/hair-extra/vikingtopbraid.json"
  },
  {
    "op": "replace",
    "path": "/elements/0/from/0",
    "value": -0.0,
    "file": "game:shapes/entity/humanoid/seraphskinparts/hair-extra/vikingtopbraid.json"
  },
  {
    "op": "replace",
    "path": "/elements/0/from/1",
    "value": -0.0,
    "file": "game:shapes/entity/humanoid/seraphskinparts/hair-extra/vikingtopbraid.json"
  },
  {
    "op": "replace",
    "path": "/elements/0/name",
    "value": "hideme",
    "file": "game:shapes/entity/humanoid/seraphskinparts/hair-extra/vikingtopbraid.json"
  },
  {
    "op": "remove",
    "path": "/textures/birch",
    "file": "game:shapes/entity/humanoid/seraphskinparts/hair-extra/vikingtopbraid.json"
  },
  {
    "op": "replace",
    "path": "/textures/hair",
    "value": "silverchalice",
    "file": "game:shapes/entity/humanoid/seraphskinparts/hair-extra/vikingtopbraid.json"
  },
  {
    "op": "remove",
    "path": "/textureSizes/birch",
    "file": "game:shapes/entity/humanoid/seraphskinparts/hair-extra/vikingtopbraid.json"
  }
]