[
  {
    "op": "remove",
    "path": "/elements/0/uv",
    "file": "game:shapes/entity/humanoid/seraphskinparts/hair-face/mst-line01-pencil.json"
  },
  {
    "op": "remove",
    "path": "/elements/0/faces/east",
    "file": "game:shapes/entity/humanoid/seraphskinparts/hair-face/mst-line01-pencil.json"
  },
  {
    "op": "replace",
    "path": "/elements/0/from/0",
    "value": -2.1,
    "file": "game:shapes/entity/humanoid/seraphskinparts/hair-face/mst-line01-pencil.json"
  },
  {
    "op": "replace",
    "path": "/elements/0/from/1",
    "value": 0.75,
    "file": "game:shapes/entity/humanoid/seraphskinparts/hair-face/mst-line01-pencil.json"
  },
  {
    "op": "replace",
    "path": "/elements/0/rotationOrigin/0",
    "value": -1.9,
    "file": "game:shapes/entity/humanoid/seraphskinparts/hair-face/mst-line01-pencil.json"
  },
  {
    "op": "replace",
    "path": "/elements/0/to/0",
    "value": -1.9,
    "file": "game:shapes/entity/humanoid/seraphskinparts/hair-face/mst-line01-pencil.json"
  },
  {
    "op": "replace",
    "path": "/elements/0/to/1",
    "value": 1.05,
    "file": "game:shapes/entity/humanoid/seraphskinparts/hair-face/mst-line01-pencil.json"
  },
  {
    "op": "remove",
    "path": "/elements/1/uv",
    "file": "game:shapes/entity/humanoid/seraphskinparts/hair-face/mst-line01-pencil.json"
  },
  {
    "op": "remove",
    "path": "/elements/1/faces/east",
    "file": "game:shapes/entity/humanoid/seraphskinparts/hair-face/mst-line01-pencil.json"
  },
  {
    "op": "replace",
    "path": "/elements/1/from/0",
    "value": -2.1,
    "file": "game:shapes/entity/humanoid/seraphskinparts/hair-face/mst-line01-pencil.json"
  },
  {
    "op": "replace",
    "path": "/elements/1/from/1",
    "value": 0.75,
    "file": "game:shapes/entity/humanoid/seraphskinparts/hair-face/mst-line01-pencil.json"
  },
  {
    "op": "replace",
    "path": "/elements/1/to/0",
    "value": -1.9,
    "file": "game:shapes/entity/humanoid/seraphskinparts/hair-face/mst-line01-pencil.json"
  },
  {
    "op": "replace",
    "path": "/elements/1/to/1",
    "value": 1.05,
    "file": "game:shapes/entity/humanoid/seraphskinparts/hair-face/mst-line01-pencil.json"
  }
]