[
  {
    "op": "remove",
    "path": "/editor",
    "file": "game:shapes/entity/humanoid/seraphskinparts/hair-base/afro.json"
  },
  {
    "op": "add",
    "path": "/groups",
    "value": [],
    "file": "game:shapes/entity/humanoid/seraphskinparts/hair-base/afro.json"
  },
  {
    "op": "remove",
    "path": "/elements/0/autoUnwrap",
    "file": "game:shapes/entity/humanoid/seraphskinparts/hair-base/afro.json"
  },
  {
    "op": "remove",
    "path": "/elements/0/uv",
    "file": "game:shapes/entity/humanoid/seraphskinparts/hair-base/afro.json"
  },
  {
    "op": "add",
    "path": "/elements/0/group",
    "value": "afro",
    "file": "game:shapes/entity/humanoid/seraphskinparts/hair-base/afro.json"
  },
  {
    "op": "replace",
    "path": "/elements/0/children",
    "value": [
      {
        "name": "Afro",
        "from": [
          0.1,
          1.0,
          -0.5
        ],
        "to": [
          5.69,
          5.5,
          5.5
        ],
        "rotationOrigin": [
          3.02,
          1.0,
          3.1
        ],
        "group": "afro",
        "faces": {
          "north": {
            "texture": "#hair",
            "uv": [
              32.5,
              31.5,
              39.0,
              36.0
            ],
            "autoUv": false
          },
          "east": {
            "texture": "#hair",
            "uv": [
              33.5,
              35.0,
              39.5,
              39.5
            ],
            "autoUv": false
          },
          "south": {
            "texture": "#hair",
            "uv": [
              28.0,
              31.0,
              34.5,
              35.5
            ],
            "autoUv": false
          },
          "west": {
            "texture": "#hair",
            "uv": [
              28.0,
              34.0,
              34.0,
              38.5
            ],
            "autoUv": false
          },
          "down": {
            "texture": "#hair",
            "uv": [
              39.5,
              37.0,
              33.0,
              31.0
            ],
            "autoUv": false,
            "rotation": 180
          },
          "up": {
            "texture": "#hair",
            "uv": [
              30.5,
              32.0,
              37.0,
              38.0
            ],
            "autoUv": false
          }
        },
        "children": [
          {
            "name": "AfroFront",
            "from": [
              -0.5,
              3.0,
              0.0
            ],
            "to": [
              0.0,
              4.5,
              6.0
            ],
            "rotationOrigin": [
              -0.58,
              3.0,
              0.0
            ],
            "group": "afro",
            "faces": {
              "north": {
                "texture": "#hair",
                "uv": [
                  28.5,
                  36.5,
                  29.0,
                  38.0
                ],
                "autoUv": false
              },
              "south": {
                "texture": "#hair",
                "uv": [
                  31.0,
                  38.5,
                  31.5,
                  40.0
                ],
                "autoUv": false
              },
              "west": {
                "texture": "#hair",
                "uv": [
                  28.0,
                  32.0,
                  34.0,
                  33.5
                ],
                "autoUv": false
              },
              "down": {
                "texture": "#hair",
                "uv": [
                  30.0,
                  40.0,
                  29.5,
                  34.0
                ],
                "autoUv": false,
                "rotation": 180
              },
              "up": {
                "texture": "#hair",
                "uv": [
                  39.0,
                  33.0,
                  39.5,
                  39.0
                ],
                "autoUv": false
              }
            },
            "children": []
          }
        ]
      },
      {
        "name": "hideme.004",
        "from": [
          -0.0,
          -0.0,
          -0.0
        ],
        "to": [
          1.0,
          1.0,
          1.0
        ],
        "rotationOrigin": [
          -0.08,
          -0.0,
          -0.0
        ],
        "group": "afro",
        "faces": {},
        "children": [
          {
            "name": "AfroSide",
            "from": [
              0.6,
              2.0,
              -1.0
            ],
            "to": [
              5.6,
              5.0,
              6.0
            ],
            "rotationOrigin": [
              3.02,
              4.0,
              2.0
            ],
            "group": "afro",
            "faces": {
              "north": {
                "texture": "#hair",
                "uv": [
                  31.0,
                  31.5,
                  36.0,
                  34.5
                ],
                "autoUv": false
              },
              "east": {
                "texture": "#hair",
                "uv": [
                  28.5,
                  31.5,
                  35.5,
                  34.5
                ],
                "autoUv": false
              },
              "south": {
                "texture": "#hair",
                "uv": [
                  34.5,
                  31.5,
                  39.5,
                  34.5
                ],
                "autoUv": false
              },
              "west": {
                "texture": "#hair",
                "uv": [
                  29.5,
                  31.5,
                  36.5,
                  34.5
                ],
                "autoUv": false
              },
              "down": {
                "texture": "#hair",
                "uv": [
                  39.5,
                  39.0,
                  34.5,
                  32.0
                ],
                "autoUv": false,
                "rotation": 180
              },
              "up": {
                "texture": "#hair",
                "uv": [
                  31.5,
                  32.0,
                  36.5,
                  39.0
                ],
                "autoUv": false
              }
            },
            "children": []
          },
          {
            "name": "AfroTop",
            "from": [
              0.1,
              5.5,
              -0.1
            ],
            "to": [
              6.1,
              6.0,
              5.0
            ],
            "rotationOrigin": [
              0.02,
              5.5,
              -0.1
            ],
            "group": "afro",
            "faces": {
              "north": {
                "texture": "#hair",
                "uv": [
                  29.0,
                  31.0,
                  35.0,
                  31.5
                ],
                "autoUv": false
              },
              "east": {
                "texture": "#hair",
                "uv": [
                  29.5,
                  33.0,
                  34.5,
                  33.5
                ],
                "autoUv": false
              },
              "south": {
                "texture": "#hair",
                "uv": [
                  31.0,
                  34.0,
                  37.0,
                  34.5
                ],
                "autoUv": false
              },
              "west": {
                "texture": "#hair",
                "uv": [
                  33.5,
                  38.0,
                  38.5,
                  38.5
                ],
                "autoUv": false
              },
              "up": {
                "texture": "#hair",
                "uv": [
                  31.5,
                  32.5,
                  37.5,
                  37.5
                ],
                "autoUv": false
              }
            },
            "children": []
          },
          {
            "name": "h1",
            "from": [
              0.1,
              5.5,
              3.0
            ],
            "to": [
              5.69,
              5.5,
              5.0
            ],
            "rotationOrigin": [
              3.52,
              5.5,
              3.0
            ],
            "rotationX": -36.0,
            "rotationY": 0.0,
            "rotationZ": -0.0,
            "group": "afro",
            "faces": {
              "up": {
                "texture": "#hair",
                "uv": [
                  26.0,
                  11.0,
                  19.5,
                  13.0
                ],
                "autoUv": false,
                "rotation": 270
              }
            },
            "children": []
          },
          {
            "name": "h2",
            "from": [
              0.1,
              5.5,
              2.0
            ],
            "to": [
              5.69,
              7.5,
              2.0
            ],
            "rotationOrigin": [
              3.52,
              5.5,
              2.0
            ],
            "rotationX": -45.0,
            "rotationY": 0.0,
            "rotationZ": -0.0,
            "group": "afro",
            "faces": {
              "south": {
                "texture": "#hair",
                "uv": [
                  18.5,
                  10.5,
                  25.0,
                  13.5
                ],
                "autoUv": false,
                "rotation": 180
              }
            },
            "children": []
          },
          {
            "name": "h3",
            "from": [
              0.58,
              5.55,
              -0.4
            ],
            "to": [
              2.58,
              5.55,
              5.6
            ],
            "rotationOrigin": [
              2.52,
              5.5,
              2.6
            ],
            "rotationZ": -36.0,
            "group": "afro",
            "faces": {
              "up": {
                "texture": "#hair",
                "uv": [
                  20.0,
                  11.0,
                  26.0,
                  13.0
                ],
                "autoUv": false,
                "rotation": 90
              }
            },
            "children": []
          },
          {
            "name": "h4",
            "from": [
              3.58,
              5.56,
              -0.4
            ],
            "to": [
              3.58,
              7.56,
              5.6
            ],
            "rotationOrigin": [
              3.52,
              5.5,
              2.6
            ],
            "rotationZ": -45.0,
            "group": "afro",
            "faces": {
              "west": {
                "texture": "#hair",
                "uv": [
                  25.0,
                  11.0,
                  19.0,
                  13.0
                ],
                "autoUv": false,
                "rotation": 180
              }
            },
            "children": []
          },
          {
            "name": "v17",
            "from": [
              4.6,
              1.0,
              -2.52
            ],
            "to": [
              4.6,
              6.0,
              0.48
            ],
            "rotationOrigin": [
              4.52,
              4.0,
              1.0
            ],
            "rotationX": -0.0,
            "rotationY": -12.0,
            "rotationZ": -0.0,
            "group": "afro",
            "faces": {
              "west": {
                "texture": "#hair",
                "uv": [
                  21.0,
                  10.5,
                  26.0,
                  13.5
                ],
                "autoUv": false,
                "rotation": 90
              }
            },
            "children": []
          },
          {
            "name": "v2",
            "from": [
              3.1,
              1.0,
              -2.0
            ],
            "to": [
              3.1,
              6.0,
              2.0
            ],
            "rotationOrigin": [
              3.02,
              4.0,
              2.5
            ],
            "group": "afro",
            "faces": {
              "west": {
                "texture": "#hair",
                "uv": [
                  20.5,
                  9.0,
                  25.5,
                  13.0
                ],
                "autoUv": false,
                "rotation": 90
              }
            },
            "children": []
          },
          {
            "name": "v20",
            "from": [
              4.04,
              1.0,
              3.53
            ],
            "to": [
              4.04,
              6.0,
              7.53
            ],
            "rotationOrigin": [
              3.96,
              4.0,
              4.0
            ],
            "rotationX": 0.0,
            "rotationY": 24.0,
            "rotationZ": -0.0,
            "group": "afro",
            "faces": {
              "east": {
                "texture": "#hair",
                "uv": [
                  20.5,
                  9.5,
                  25.5,
                  13.5
                ],
                "autoUv": false,
                "rotation": 90
              }
            },
            "children": []
          },
          {
            "name": "v21",
            "from": [
              3.1,
              1.0,
              -1.97
            ],
            "to": [
              3.1,
              6.0,
              2.03
            ],
            "rotationOrigin": [
              3.02,
              4.0,
              2.5
            ],
            "rotationY": 18.0,
            "group": "afro",
            "faces": {
              "west": {
                "texture": "#hair",
                "uv": [
                  20.5,
                  9.0,
                  25.5,
                  13.0
                ],
                "autoUv": false,
                "rotation": 90
              }
            },
            "children": []
          },
          {
            "name": "v3",
            "from": [
              3.1,
              1.0,
              3.0
            ],
            "to": [
              3.1,
              6.0,
              7.0
            ],
            "rotationOrigin": [
              3.02,
              4.0,
              2.5
            ],
            "group": "afro",
            "faces": {
              "east": {
                "texture": "#hair",
                "uv": [
                  20.5,
                  9.0,
                  25.5,
                  13.0
                ],
                "autoUv": false,
                "rotation": 90
              }
            },
            "children": []
          },
          {
            "name": "v4",
            "from": [
              3.88,
              1.0,
              1.05
            ],
            "to": [
              6.88,
              6.0,
              1.05
            ],
            "rotationOrigin": [
              3.32,
              4.0,
              1.0
            ],
            "rotationY": 45.0,
            "group": "afro",
            "faces": {
              "north": {
                "texture": "#hair",
                "uv": [
                  21.0,
                  10.5,
                  26.0,
                  13.5
                ],
                "autoUv": false,
                "rotation": 90
              }
            },
            "children": []
          },
          {
            "name": "v5",
            "from": [
              3.43,
              1.0,
              3.94
            ],
            "to": [
              7.43,
              6.0,
              3.94
            ],
            "rotationOrigin": [
              3.87,
              4.0,
              4.0
            ],
            "rotationY": -45.0,
            "group": "afro",
            "faces": {
              "north": {
                "texture": "#hair",
                "uv": [
                  20.5,
                  9.5,
                  25.5,
                  13.5
                ],
                "autoUv": false,
                "rotation": 90
              }
            },
            "children": []
          },
          {
            "name": "v6",
            "from": [
              2.08,
              4.02,
              1.94
            ],
            "to": [
              2.08,
              5.99,
              4.94
            ],
            "rotationOrigin": [
              2.02,
              5.2,
              1.5
            ],
            "rotationY": -45.0,
            "group": "afro",
            "faces": {
              "east": {
                "texture": "#hair",
                "uv": [
                  20.5,
                  10.0,
                  25.5,
                  13.0
                ],
                "autoUv": false,
                "rotation": 90
              }
            },
            "children": []
          },
          {
            "name": "v7",
            "from": [
              2.08,
              4.02,
              0.06
            ],
            "to": [
              2.08,
              5.99,
              2.06
            ],
            "rotationOrigin": [
              2.02,
              5.2,
              3.5
            ],
            "rotationY": 45.0,
            "group": "afro",
            "faces": {
              "west": {
                "texture": "#hair",
                "uv": [
                  20.0,
                  11.0,
                  25.0,
                  13.0
                ],
                "autoUv": false,
                "rotation": 90
              }
            },
            "children": []
          }
        ]
      },
      {
        "name": "ponytailhigh.015",
        "from": [
          -0.0,
          -0.0,
          -0.0
        ],
        "to": [
          1.0,
          1.0,
          1.0
        ],
        "rotationOrigin": [
          -0.08,
          -0.0,
          -0.0
        ],
        "group": "afro",
        "faces": {},
        "children": [
          {
            "name": "AfroBack",
            "from": [
              5.4,
              1.5,
              -0.0
            ],
            "to": [
              5.9,
              5.0,
              5.0
            ],
            "rotationOrigin": [
              5.32,
              1.5,
              -0.0
            ],
            "group": "afro",
            "faces": {
              "north": {
                "texture": "#hair",
                "uv": [
                  31.0,
                  32.0,
                  31.5,
                  35.5
                ],
                "autoUv": false
              },
              "east": {
                "texture": "#hair",
                "uv": [
                  31.5,
                  32.0,
                  36.5,
                  35.5
                ],
                "autoUv": false
              },
              "south": {
                "texture": "#hair",
                "uv": [
                  36.5,
                  32.0,
                  37.0,
                  35.5
                ],
                "autoUv": false
              },
              "down": {
                "texture": "#hair",
                "uv": [
                  35.5,
                  36.5,
                  35.0,
                  31.5
                ],
                "autoUv": false,
                "rotation": 180
              },
              "up": {
                "texture": "#hair",
                "uv": [
                  33.0,
                  31.5,
                  33.5,
                  36.5
                ],
                "autoUv": false
              }
            },
            "children": []
          },
          {
            "name": "v1",
            "from": [
              3.4,
              1.0,
              2.5
            ],
            "to": [
              6.4,
              6.0,
              2.5
            ],
            "rotationOrigin": [
              3.82,
              4.0,
              2.5
            ],
            "group": "afro",
            "faces": {
              "north": {
                "texture": "#hair",
                "uv": [
                  20.0,
                  10.0,
                  25.0,
                  13.0
                ],
                "autoUv": false,
                "rotation": 90
              }
            },
            "children": []
          },
          {
            "name": "v18",
            "from": [
              4.44,
              1.0,
              2.55
            ],
            "to": [
              7.44,
              6.0,
              2.55
            ],
            "rotationOrigin": [
              4.37,
              4.0,
              2.5
            ],
            "rotationX": 0.0,
            "rotationY": 36.0,
            "rotationZ": -0.0,
            "group": "afro",
            "faces": {
              "north": {
                "texture": "#hair",
                "uv": [
                  20.0,
                  10.0,
                  25.0,
                  13.0
                ],
                "autoUv": false,
                "rotation": 90
              }
            },
            "children": []
          },
          {
            "name": "v19",
            "from": [
              4.44,
              1.0,
              2.45
            ],
            "to": [
              7.44,
              6.0,
              2.45
            ],
            "rotationOrigin": [
              4.37,
              4.0,
              2.5
            ],
            "rotationX": -0.0,
            "rotationY": -36.0,
            "rotationZ": -0.0,
            "group": "afro",
            "faces": {
              "north": {
                "texture": "#hair",
                "uv": [
                  20.0,
                  10.0,
                  25.0,
                  13.0
                ],
                "autoUv": false,
                "rotation": 90
              }
            },
            "children": []
          }
        ]
      }
    ],
    "file": "game:shapes/entity/humanoid/seraphskinparts/hair-base/afro.json"
  },
  {
    "op": "remove",
    "path": "/elements/0/faces/east",
    "file": "game:shapes/entity/humanoid/seraphskinparts/hair-base/afro.json"
  },
  {
    "op": "remove",
    "path": "/elements/0/faces/north",
    "file": "game:shapes/entity/humanoid/seraphskinparts/hair-base/afro.json"
  },
  {
    "op": "remove",
    "path": "/elements/0/faces/south",
    "file": "game:shapes/entity/humanoid/seraphskinparts/hair-base/afro.json"
  },
  {
    "op": "remove",
    "path": "/elements/0/faces/up",
    "file": "game:shapes/entity/humanoid/seraphskinparts/hair-base/afro.json"
  },
  {
    "op": "remove",
    "path": "/elements/0/faces/west",
    "file": "game:shapes/entity/humanoid/seraphskinparts/hair-base/afro.json"
  },
  {
    "op": "replace",
    "path": "/elements/0/from/0",
    "value": 0.14,
    "file": "game:shapes/entity/humanoid/seraphskinparts/hair-base/afro.json"
  },
  {
    "op": "replace",
    "path": "/elements/0/from/1",
    "value": -0.0,
    "file": "game:shapes/entity/humanoid/seraphskinparts/hair-base/afro.json"
  },
  {
    "op": "replace",
    "path": "/elements/0/from/2",
    "value": 0.0,
    "file": "game:shapes/entity/humanoid/seraphskinparts/hair-base/afro.json"
  },
  {
    "op": "replace",
    "path": "/elements/0/name",
    "value": "hideme",
    "file": "game:shapes/entity/humanoid/seraphskinparts/hair-base/afro.json"
  },
  {
    "op": "replace",
    "path": "/elements/0/rotationOrigin/0",
    "value": 0.06,
    "file": "game:shapes/entity/humanoid/seraphskinparts/hair-base/afro.json"
  },
  {
    "op": "replace",
    "path": "/elements/0/rotationOrigin/1",
    "value": -0.0,
    "file": "game:shapes/entity/humanoid/seraphskinparts/hair-base/afro.json"
  },
  {
    "op": "replace",
    "path": "/elements/0/rotationOrigin/2",
    "value": 0.0,
    "file": "game:shapes/entity/humanoid/seraphskinparts/hair-base/afro.json"
  },
  {
    "op": "replace",
    "path": "/elements/0/to/0",
    "value": 1.14,
    "file": "game:shapes/entity/humanoid/seraphskinparts/hair-base/afro.json"
  },
  {
    "op": "replace",
    "path": "/elements/0/to/1",
    "value": 1.0,
    "file": "game:shapes/entity/humanoid/seraphskinparts/hair-base/afro.json"
  },
  {
    "op": "replace",
    "path": "/elements/0/to/2",
    "value": 1.0,
    "file": "game:shapes/entity/humanoid/seraphskinparts/hair-base/afro.json"
  },
  {
    "op": "replace",
    "path": "/textures/hair",
    "value": "silverchalice",
    "file": "game:shapes/entity/humanoid/seraphskinparts/hair-base/afro.json"
  },
  {
    "op": "remove",
    "path": "/textureSizes/birch",
    "file": "game:shapes/entity/humanoid/seraphskinparts/hair-base/afro.json"
  }
]