[
  {
    "op": "remove",
    "path": "/editor",
    "file": "game:shapes/entity/humanoid/seraphskinparts/hair-extra/topknot.json"
  },
  {
    "op": "add",
    "path": "/groups",
    "value": [],
    "file": "game:shapes/entity/humanoid/seraphskinparts/hair-extra/topknot.json"
  },
  {
    "op": "remove",
    "path": "/elements/0/uv",
    "file": "game:shapes/entity/humanoid/seraphskinparts/hair-extra/topknot.json"
  },
  {
    "op": "add",
    "path": "/elements/0/group",
    "value": "topknot",
    "file": "game:shapes/entity/humanoid/seraphskinparts/hair-extra/topknot.json"
  },
  {
    "op": "add",
    "path": "/elements/0/rotationOrigin",
    "value": [
      -0.0,
      -0.0,
      0.0
    ],
    "file": "game:shapes/entity/humanoid/seraphskinparts/hair-extra/topknot.json"
  },
  {
    "op": "remove",
    "path": "/elements/0/children/0/uv",
    "file": "game:shapes/entity/humanoid/seraphskinparts/hair-extra/topknot.json"
  },
  {
    "op": "add",
    "path": "/elements/0/children/0/group",
    "value": "topknot",
    "file": "game:shapes/entity/humanoid/seraphskinparts/hair-extra/topknot.json"
  },
  {
    "op": "remove",
    "path": "/elements/0/children/0/children/0/autoUnwrap",
    "file": "game:shapes/entity/humanoid/seraphskinparts/hair-extra/topknot.json"
  },
  {
    "op": "remove",
    "path": "/elements/0/children/0/children/0/uv",
    "file": "game:shapes/entity/humanoid/seraphskinparts/hair-extra/topknot.json"
  },
  {
    "op": "add",
    "path": "/elements/0/children/0/children/0/children",
    "value": [],
    "file": "game:shapes/entity/humanoid/seraphskinparts/hair-extra/topknot.json"
  },
  {
    "op": "add",
    "path": "/elements/0/children/0/children/0/group",
    "value": "topknot",
    "file": "game:shapes/entity/humanoid/seraphskinparts/hair-extra/topknot.json"
  },
  {
    "op": "add",
    "path": "/elements/0/children/0/children/0/faces/north/autoUv",
    "value": false,
    "file": "game:shapes/entity/humanoid/seraphskinparts/hair-extra/topknot.json"
  },
  {
    "op": "add",
    "path": "/elements/0/children/0/children/0/faces/south/autoUv",
    "value": false,
    "file": "game:shapes/entity/humanoid/seraphskinparts/hair-extra/topknot.json"
  },
  {
    "op": "add",
    "path": "/elements/0/children/0/children/0/faces/up/autoUv",
    "value": false,
    "file": "game:shapes/entity/humanoid/seraphskinparts/hair-extra/topknot.json"
  },
  {
    "op": "add",
    "path": "/elements/0/children/0/children/0/faces/west/autoUv",
    "value": false,
    "file": "game:shapes/entity/humanoid/seraphskinparts/hair-extra/topknot.json"
  },
  {
    "op": "replace",
    "path": "/elements/0/children/0/children/0/name",
    "value": "Messy.001",
    "file": "game:shapes/entity/humanoid/seraphskinparts/hair-extra/topknot.json"
  },
  {
    "op": "remove",
    "path": "/elements/0/children/0/children/1/autoUnwrap",
    "file": "game:shapes/entity/humanoid/seraphskinparts/hair-extra/topknot.json"
  },
  {
    "op": "remove",
    "path": "/elements/0/children/0/children/1/uv",
    "file": "game:shapes/entity/humanoid/seraphskinparts/hair-extra/topknot.json"
  },
  {
    "op": "add",
    "path": "/elements/0/children/0/children/1/children",
    "value": [],
    "file": "game:shapes/entity/humanoid/seraphskinparts/hair-extra/topknot.json"
  },
  {
    "op": "add",
    "path": "/elements/0/children/0/children/1/group",
    "value": "topknot",
    "file": "game:shapes/entity/humanoid/seraphskinparts/hair-extra/topknot.json"
  },
  {
    "op": "remove",
    "path": "/elements/0/children/0/children/1/faces/down",
    "file": "game:shapes/entity/humanoid/seraphskinparts/hair-extra/topknot.json"
  },
  {
    "op": "remove",
    "path": "/elements/0/children/0/children/1/faces/up",
    "file": "game:shapes/entity/humanoid/seraphskinparts/hair-extra/topknot.json"
  },
  {
    "op": "add",
    "path": "/elements/0/children/0/children/1/faces/east",
    "value": {
      "texture": "#hair",
      "uv": [
        39.5,
        17.0,
        40.5,
        22.0
      ],
      "autoUv": false
    },
    "file": "game:shapes/entity/humanoid/seraphskinparts/hair-extra/topknot.json"
  },
  {
    "op": "add",
    "path": "/elements/0/children/0/children/1/faces/west",
    "value": {
      "texture": "#hair",
      "uv": [
        38.0,
        17.0,
        39.0,
        22.0
      ],
      "autoUv": false,
      "rotation": 180
    },
    "file": "game:shapes/entity/humanoid/seraphskinparts/hair-extra/topknot.json"
  },
  {
    "op": "remove",
    "path": "/elements/0/children/0/children/1/faces/north/rotation",
    "file": "game:shapes/entity/humanoid/seraphskinparts/hair-extra/topknot.json"
  },
  {
    "op": "add",
    "path": "/elements/0/children/0/children/1/faces/north/autoUv",
    "value": false,
    "file": "game:shapes/entity/humanoid/seraphskinparts/hair-extra/topknot.json"
  },
  {
    "op": "remove",
    "path": "/elements/0/children/0/children/1/faces/south/rotation",
    "file": "game:shapes/entity/humanoid/seraphskinparts/hair-extra/topknot.json"
  },
  {
    "op": "add",
    "path": "/elements/0/children/0/children/1/faces/south/autoUv",
    "value": false,
    "file": "game:shapes/entity/humanoid/seraphskinparts/hair-extra/topknot.json"
  },
  {
    "op": "replace",
    "path": "/elements/0/children/0/children/1/from/2",
    "value": -0.0,
    "file": "game:shapes/entity/humanoid/seraphskinparts/hair-extra/topknot.json"
  },
  {
    "op": "replace",
    "path": "/elements/0/children/0/children/1/from/0",
    "value": 2.1,
    "file": "game:shapes/entity/humanoid/seraphskinparts/hair-extra/topknot.json"
  },
  {
    "op": "replace",
    "path": "/elements/0/children/0/children/1/from/1",
    "value": -4.9,
    "file": "game:shapes/entity/humanoid/seraphskinparts/hair-extra/topknot.json"
  },
  {
    "op": "replace",
    "path": "/elements/0/children/0/children/1/name",
    "value": "Ponytail.001",
    "file": "game:shapes/entity/humanoid/seraphskinparts/hair-extra/topknot.json"
  },
  {
    "op": "replace",
    "path": "/elements/0/children/0/children/1/rotationZ",
    "value": -7.0,
    "file": "game:shapes/entity/humanoid/seraphskinparts/hair-extra/topknot.json"
  },
  {
    "op": "replace",
    "path": "/elements/0/children/0/children/1/to/0",
    "value": 3.1,
    "file": "game:shapes/entity/humanoid/seraphskinparts/hair-extra/topknot.json"
  },
  {
    "op": "replace",
    "path": "/elements/0/children/0/children/1/to/1",
    "value": 0.1,
    "file": "game:shapes/entity/humanoid/seraphskinparts/hair-extra/topknot.json"
  },
  {
    "op": "add",
    "path": "/elements/0/children/0/faces/down/autoUv",
    "value": false,
    "file": "game:shapes/entity/humanoid/seraphskinparts/hair-extra/topknot.json"
  },
  {
    "op": "replace",
    "path": "/elements/0/children/0/faces/down/uv/0",
    "value": 23.0,
    "file": "game:shapes/entity/humanoid/seraphskinparts/hair-extra/topknot.json"
  },
  {
    "op": "replace",
    "path": "/elements/0/children/0/faces/down/uv/1",
    "value": 1.5,
    "file": "game:shapes/entity/humanoid/seraphskinparts/hair-extra/topknot.json"
  },
  {
    "op": "replace",
    "path": "/elements/0/children/0/faces/down/uv/2",
    "value": 20.0,
    "file": "game:shapes/entity/humanoid/seraphskinparts/hair-extra/topknot.json"
  },
  {
    "op": "replace",
    "path": "/elements/0/children/0/faces/down/uv/3",
    "value": 0.5,
    "file": "game:shapes/entity/humanoid/seraphskinparts/hair-extra/topknot.json"
  },
  {
    "op": "add",
    "path": "/elements/0/children/0/faces/east/autoUv",
    "value": false,
    "file": "game:shapes/entity/humanoid/seraphskinparts/hair-extra/topknot.json"
  },
  {
    "op": "add",
    "path": "/elements/0/children/0/faces/north/autoUv",
    "value": false,
    "file": "game:shapes/entity/humanoid/seraphskinparts/hair-extra/topknot.json"
  },
  {
    "op": "add",
    "path": "/elements/0/children/0/faces/south/autoUv",
    "value": false,
    "file": "game:shapes/entity/humanoid/seraphskinparts/hair-extra/topknot.json"
  },
  {
    "op": "add",
    "path": "/elements/0/children/0/faces/up/autoUv",
    "value": false,
    "file": "game:shapes/entity/humanoid/seraphskinparts/hair-extra/topknot.json"
  },
  {
    "op": "replace",
    "path": "/elements/0/children/0/from/0",
    "value": 4.4,
    "file": "game:shapes/entity/humanoid/seraphskinparts/hair-extra/topknot.json"
  },
  {
    "op": "replace",
    "path": "/elements/0/children/0/from/1",
    "value": 3.2,
    "file": "game:shapes/entity/humanoid/seraphskinparts/hair-extra/topknot.json"
  },
  {
    "op": "replace",
    "path": "/elements/0/children/0/name",
    "value": "TopKnot.001",
    "file": "game:shapes/entity/humanoid/seraphskinparts/hair-extra/topknot.json"
  },
  {
    "op": "replace",
    "path": "/elements/0/children/0/rotationOrigin/0",
    "value": 4.4,
    "file": "game:shapes/entity/humanoid/seraphskinparts/hair-extra/topknot.json"
  },
  {
    "op": "replace",
    "path": "/elements/0/children/0/rotationOrigin/1",
    "value": 3.2,
    "file": "game:shapes/entity/humanoid/seraphskinparts/hair-extra/topknot.json"
  },
  {
    "op": "replace",
    "path": "/elements/0/children/0/to/0",
    "value": 7.4,
    "file": "game:shapes/entity/humanoid/seraphskinparts/hair-extra/topknot.json"
  },
  {
    "op": "replace",
    "path": "/elements/0/children/0/to/1",
    "value": 4.2,
    "file": "game:shapes/entity/humanoid/seraphskinparts/hair-extra/topknot.json"
  },
  {
    "op": "replace",
    "path": "/elements/0/from/1",
    "value": -0.0,
    "file": "game:shapes/entity/humanoid/seraphskinparts/hair-extra/topknot.json"
  },
  {
    "op": "replace",
    "path": "/elements/0/from/0",
    "value": -0.0,
    "file": "game:shapes/entity/humanoid/seraphskinparts/hair-extra/topknot.json"
  },
  {
    "op": "replace",
    "path": "/elements/0/name",
    "value": "hideme",
    "file": "game:shapes/entity/humanoid/seraphskinparts/hair-extra/topknot.json"
  },
  {
    "op": "replace",
    "path": "/elements/0/to/0",
    "value": 1.0,
    "file": "game:shapes/entity/humanoid/seraphskinparts/hair-extra/topknot.json"
  },
  {
    "op": "remove",
    "path": "/textures/birch",
    "file": "game:shapes/entity/humanoid/seraphskinparts/hair-extra/topknot.json"
  },
  {
    "op": "replace",
    "path": "/textures/hair",
    "value": "silverchalice",
    "file": "game:shapes/entity/humanoid/seraphskinparts/hair-extra/topknot.json"
  },
  {
    "op": "remove",
    "path": "/textureSizes/birch",
    "file": "game:shapes/entity/humanoid/seraphskinparts/hair-extra/topknot.json"
  }
]