[
  {
    "op": "remove",
    "path": "/editor",
    "file": "game:shapes/entity/humanoid/seraphskinparts/hair-extra/shortmessybraid.json"
  },
  {
    "op": "add",
    "path": "/groups",
    "value": [],
    "file": "game:shapes/entity/humanoid/seraphskinparts/hair-extra/shortmessybraid.json"
  },
  {
    "op": "remove",
    "path": "/elements/0/uv",
    "file": "game:shapes/entity/humanoid/seraphskinparts/hair-extra/shortmessybraid.json"
  },
  {
    "op": "add",
    "path": "/elements/0/group",
    "value": "shortmessybraid",
    "file": "game:shapes/entity/humanoid/seraphskinparts/hair-extra/shortmessybraid.json"
  },
  {
    "op": "add",
    "path": "/elements/0/rotationOrigin",
    "value": [
      -0.0,
      -0.0,
      0.0
    ],
    "file": "game:shapes/entity/humanoid/seraphskinparts/hair-extra/shortmessybraid.json"
  },
  {
    "op": "remove",
    "path": "/elements/0/children/0/uv",
    "file": "game:shapes/entity/humanoid/seraphskinparts/hair-extra/shortmessybraid.json"
  },
  {
    "op": "add",
    "path": "/elements/0/children/0/group",
    "value": "shortmessybraid",
    "file": "game:shapes/entity/humanoid/seraphskinparts/hair-extra/shortmessybraid.json"
  },
  {
    "op": "remove",
    "path": "/elements/0/children/0/children/0/autoUnwrap",
    "file": "game:shapes/entity/humanoid/seraphskinparts/hair-extra/shortmessybraid.json"
  },
  {
    "op": "remove",
    "path": "/elements/0/children/0/children/0/uv",
    "file": "game:shapes/entity/humanoid/seraphskinparts/hair-extra/shortmessybraid.json"
  },
  {
    "op": "add",
    "path": "/elements/0/children/0/children/0/children",
    "value": [],
    "file": "game:shapes/entity/humanoid/seraphskinparts/hair-extra/shortmessybraid.json"
  },
  {
    "op": "add",
    "path": "/elements/0/children/0/children/0/group",
    "value": "shortmessybraid",
    "file": "game:shapes/entity/humanoid/seraphskinparts/hair-extra/shortmessybraid.json"
  },
  {
    "op": "replace",
    "path": "/elements/0/children/0/children/0/name",
    "value": "Braid2.001",
    "file": "game:shapes/entity/humanoid/seraphskinparts/hair-extra/shortmessybraid.json"
  },
  {
    "op": "remove",
    "path": "/elements/0/children/0/children/1/uv",
    "file": "game:shapes/entity/humanoid/seraphskinparts/hair-extra/shortmessybraid.json"
  },
  {
    "op": "add",
    "path": "/elements/0/children/0/children/1/children",
    "value": [],
    "file": "game:shapes/entity/humanoid/seraphskinparts/hair-extra/shortmessybraid.json"
  },
  {
    "op": "add",
    "path": "/elements/0/children/0/children/1/group",
    "value": "shortmessybraid",
    "file": "game:shapes/entity/humanoid/seraphskinparts/hair-extra/shortmessybraid.json"
  },
  {
    "op": "add",
    "path": "/elements/0/children/0/children/1/faces/east/autoUv",
    "value": false,
    "file": "game:shapes/entity/humanoid/seraphskinparts/hair-extra/shortmessybraid.json"
  },
  {
    "op": "add",
    "path": "/elements/0/children/0/children/1/faces/north/autoUv",
    "value": false,
    "file": "game:shapes/entity/humanoid/seraphskinparts/hair-extra/shortmessybraid.json"
  },
  {
    "op": "add",
    "path": "/elements/0/children/0/children/1/faces/south/autoUv",
    "value": false,
    "file": "game:shapes/entity/humanoid/seraphskinparts/hair-extra/shortmessybraid.json"
  },
  {
    "op": "replace",
    "path": "/elements/0/children/0/children/1/name",
    "value": "ponytailhigh.005",
    "file": "game:shapes/entity/humanoid/seraphskinparts/hair-extra/shortmessybraid.json"
  },
  {
    "op": "add",
    "path": "/elements/0/children/0/faces/east/autoUv",
    "value": false,
    "file": "game:shapes/entity/humanoid/seraphskinparts/hair-extra/shortmessybraid.json"
  },
  {
    "op": "add",
    "path": "/elements/0/children/0/faces/north/autoUv",
    "value": false,
    "file": "game:shapes/entity/humanoid/seraphskinparts/hair-extra/shortmessybraid.json"
  },
  {
    "op": "add",
    "path": "/elements/0/children/0/faces/south/autoUv",
    "value": false,
    "file": "game:shapes/entity/humanoid/seraphskinparts/hair-extra/shortmessybraid.json"
  },
  {
    "op": "add",
    "path": "/elements/0/children/0/faces/west/autoUv",
    "value": false,
    "file": "game:shapes/entity/humanoid/seraphskinparts/hair-extra/shortmessybraid.json"
  },
  {
    "op": "replace",
    "path": "/elements/0/children/0/from/0",
    "value": 4.73,
    "file": "game:shapes/entity/humanoid/seraphskinparts/hair-extra/shortmessybraid.json"
  },
  {
    "op": "replace",
    "path": "/elements/0/children/0/name",
    "value": "BraidBack.002",
    "file": "game:shapes/entity/humanoid/seraphskinparts/hair-extra/shortmessybraid.json"
  },
  {
    "op": "replace",
    "path": "/elements/0/children/0/rotationOrigin/0",
    "value": 5.23,
    "file": "game:shapes/entity/humanoid/seraphskinparts/hair-extra/shortmessybraid.json"
  },
  {
    "op": "replace",
    "path": "/elements/0/children/0/to/0",
    "value": 5.73,
    "file": "game:shapes/entity/humanoid/seraphskinparts/hair-extra/shortmessybraid.json"
  },
  {
    "op": "replace",
    "path": "/elements/0/from/0",
    "value": -0.0,
    "file": "game:shapes/entity/humanoid/seraphskinparts/hair-extra/shortmessybraid.json"
  },
  {
    "op": "replace",
    "path": "/elements/0/from/1",
    "value": -0.0,
    "file": "game:shapes/entity/humanoid/seraphskinparts/hair-extra/shortmessybraid.json"
  },
  {
    "op": "replace",
    "path": "/elements/0/name",
    "value": "hideme",
    "file": "game:shapes/entity/humanoid/seraphskinparts/hair-extra/shortmessybraid.json"
  },
  {
    "op": "remove",
    "path": "/textures/birch",
    "file": "game:shapes/entity/humanoid/seraphskinparts/hair-extra/shortmessybraid.json"
  },
  {
    "op": "replace",
    "path": "/textures/hair",
    "value": "silverchalice",
    "file": "game:shapes/entity/humanoid/seraphskinparts/hair-extra/shortmessybraid.json"
  },
  {
    "op": "remove",
    "path": "/textureSizes/birch",
    "file": "game:shapes/entity/humanoid/seraphskinparts/hair-extra/shortmessybraid.json"
  }
]