[
  {
    "op": "remove",
    "path": "/editor",
    "file": "game:shapes/entity/humanoid/seraphskinparts/hair-extra/neatbraid.json"
  },
  {
    "op": "add",
    "path": "/groups",
    "value": [],
    "file": "game:shapes/entity/humanoid/seraphskinparts/hair-extra/neatbraid.json"
  },
  {
    "op": "remove",
    "path": "/elements/0/uv",
    "file": "game:shapes/entity/humanoid/seraphskinparts/hair-extra/neatbraid.json"
  },
  {
    "op": "add",
    "path": "/elements/0/group",
    "value": "neatbraid",
    "file": "game:shapes/entity/humanoid/seraphskinparts/hair-extra/neatbraid.json"
  },
  {
    "op": "add",
    "path": "/elements/0/rotationOrigin",
    "value": [
      -0.0,
      -0.0,
      0.0
    ],
    "file": "game:shapes/entity/humanoid/seraphskinparts/hair-extra/neatbraid.json"
  },
  {
    "op": "remove",
    "path": "/elements/0/children/0/uv",
    "file": "game:shapes/entity/humanoid/seraphskinparts/hair-extra/neatbraid.json"
  },
  {
    "op": "add",
    "path": "/elements/0/children/0/group",
    "value": "neatbraid",
    "file": "game:shapes/entity/humanoid/seraphskinparts/hair-extra/neatbraid.json"
  },
  {
    "op": "remove",
    "path": "/elements/0/children/0/children/0/autoUnwrap",
    "file": "game:shapes/entity/humanoid/seraphskinparts/hair-extra/neatbraid.json"
  },
  {
    "op": "remove",
    "path": "/elements/0/children/0/children/0/uv",
    "file": "game:shapes/entity/humanoid/seraphskinparts/hair-extra/neatbraid.json"
  },
  {
    "op": "add",
    "path": "/elements/0/children/0/children/0/children",
    "value": [],
    "file": "game:shapes/entity/humanoid/seraphskinparts/hair-extra/neatbraid.json"
  },
  {
    "op": "add",
    "path": "/elements/0/children/0/children/0/group",
    "value": "neatbraid",
    "file": "game:shapes/entity/humanoid/seraphskinparts/hair-extra/neatbraid.json"
  },
  {
    "op": "add",
    "path": "/elements/0/children/0/faces/east/autoUv",
    "value": false,
    "file": "game:shapes/entity/humanoid/seraphskinparts/hair-extra/neatbraid.json"
  },
  {
    "op": "add",
    "path": "/elements/0/children/0/faces/north/autoUv",
    "value": false,
    "file": "game:shapes/entity/humanoid/seraphskinparts/hair-extra/neatbraid.json"
  },
  {
    "op": "add",
    "path": "/elements/0/children/0/faces/south/autoUv",
    "value": false,
    "file": "game:shapes/entity/humanoid/seraphskinparts/hair-extra/neatbraid.json"
  },
  {
    "op": "add",
    "path": "/elements/0/children/0/faces/west/autoUv",
    "value": false,
    "file": "game:shapes/entity/humanoid/seraphskinparts/hair-extra/neatbraid.json"
  },
  {
    "op": "replace",
    "path": "/elements/0/children/0/from/0",
    "value": 4.55,
    "file": "game:shapes/entity/humanoid/seraphskinparts/hair-extra/neatbraid.json"
  },
  {
    "op": "replace",
    "path": "/elements/0/children/0/from/1",
    "value": -4.35,
    "file": "game:shapes/entity/humanoid/seraphskinparts/hair-extra/neatbraid.json"
  },
  {
    "op": "replace",
    "path": "/elements/0/children/0/rotationOrigin/0",
    "value": 5.05,
    "file": "game:shapes/entity/humanoid/seraphskinparts/hair-extra/neatbraid.json"
  },
  {
    "op": "replace",
    "path": "/elements/0/children/0/rotationOrigin/1",
    "value": 2.65,
    "file": "game:shapes/entity/humanoid/seraphskinparts/hair-extra/neatbraid.json"
  },
  {
    "op": "replace",
    "path": "/elements/0/children/0/to/0",
    "value": 5.55,
    "file": "game:shapes/entity/humanoid/seraphskinparts/hair-extra/neatbraid.json"
  },
  {
    "op": "replace",
    "path": "/elements/0/children/0/to/1",
    "value": 2.65,
    "file": "game:shapes/entity/humanoid/seraphskinparts/hair-extra/neatbraid.json"
  },
  {
    "op": "replace",
    "path": "/elements/0/from/0",
    "value": -0.0,
    "file": "game:shapes/entity/humanoid/seraphskinparts/hair-extra/neatbraid.json"
  },
  {
    "op": "replace",
    "path": "/elements/0/from/1",
    "value": -0.0,
    "file": "game:shapes/entity/humanoid/seraphskinparts/hair-extra/neatbraid.json"
  },
  {
    "op": "replace",
    "path": "/elements/0/name",
    "value": "hideme",
    "file": "game:shapes/entity/humanoid/seraphskinparts/hair-extra/neatbraid.json"
  },
  {
    "op": "replace",
    "path": "/textures/hair",
    "value": "silverchalice",
    "file": "game:shapes/entity/humanoid/seraphskinparts/hair-extra/neatbraid.json"
  },
  {
    "op": "remove",
    "path": "/textureSizes/birch",
    "file": "game:shapes/entity/humanoid/seraphskinparts/hair-extra/neatbraid.json"
  }
]