[
  {
    "op": "remove",
    "path": "/editor",
    "file": "game:shapes/entity/humanoid/seraphskinparts/hair-extra/topbun.json"
  },
  {
    "op": "add",
    "path": "/groups",
    "value": [],
    "file": "game:shapes/entity/humanoid/seraphskinparts/hair-extra/topbun.json"
  },
  {
    "op": "remove",
    "path": "/elements/0/uv",
    "file": "game:shapes/entity/humanoid/seraphskinparts/hair-extra/topbun.json"
  },
  {
    "op": "add",
    "path": "/elements/0/group",
    "value": "topbun",
    "file": "game:shapes/entity/humanoid/seraphskinparts/hair-extra/topbun.json"
  },
  {
    "op": "add",
    "path": "/elements/0/rotationOrigin",
    "value": [
      -0.0,
      -0.0,
      0.0
    ],
    "file": "game:shapes/entity/humanoid/seraphskinparts/hair-extra/topbun.json"
  },
  {
    "op": "remove",
    "path": "/elements/0/children/0/uv",
    "file": "game:shapes/entity/humanoid/seraphskinparts/hair-extra/topbun.json"
  },
  {
    "op": "add",
    "path": "/elements/0/children/0/group",
    "value": "topbun",
    "file": "game:shapes/entity/humanoid/seraphskinparts/hair-extra/topbun.json"
  },
  {
    "op": "remove",
    "path": "/elements/0/children/0/children/0/uv",
    "file": "game:shapes/entity/humanoid/seraphskinparts/hair-extra/topbun.json"
  },
  {
    "op": "add",
    "path": "/elements/0/children/0/children/0/children",
    "value": [],
    "file": "game:shapes/entity/humanoid/seraphskinparts/hair-extra/topbun.json"
  },
  {
    "op": "add",
    "path": "/elements/0/children/0/children/0/group",
    "value": "topbun",
    "file": "game:shapes/entity/humanoid/seraphskinparts/hair-extra/topbun.json"
  },
  {
    "op": "add",
    "path": "/elements/0/children/0/children/0/faces/down/autoUv",
    "value": false,
    "file": "game:shapes/entity/humanoid/seraphskinparts/hair-extra/topbun.json"
  },
  {
    "op": "replace",
    "path": "/elements/0/children/0/children/0/faces/down/texture",
    "value": "#hair",
    "file": "game:shapes/entity/humanoid/seraphskinparts/hair-extra/topbun.json"
  },
  {
    "op": "replace",
    "path": "/elements/0/children/0/children/0/faces/down/uv/0",
    "value": 20.5,
    "file": "game:shapes/entity/humanoid/seraphskinparts/hair-extra/topbun.json"
  },
  {
    "op": "replace",
    "path": "/elements/0/children/0/children/0/faces/down/uv/1",
    "value": 34.5,
    "file": "game:shapes/entity/humanoid/seraphskinparts/hair-extra/topbun.json"
  },
  {
    "op": "replace",
    "path": "/elements/0/children/0/children/0/faces/down/uv/2",
    "value": 18.5,
    "file": "game:shapes/entity/humanoid/seraphskinparts/hair-extra/topbun.json"
  },
  {
    "op": "replace",
    "path": "/elements/0/children/0/children/0/faces/down/uv/3",
    "value": 31.5,
    "file": "game:shapes/entity/humanoid/seraphskinparts/hair-extra/topbun.json"
  },
  {
    "op": "add",
    "path": "/elements/0/children/0/children/0/faces/east/autoUv",
    "value": false,
    "file": "game:shapes/entity/humanoid/seraphskinparts/hair-extra/topbun.json"
  },
  {
    "op": "replace",
    "path": "/elements/0/children/0/children/0/faces/east/texture",
    "value": "#hair",
    "file": "game:shapes/entity/humanoid/seraphskinparts/hair-extra/topbun.json"
  },
  {
    "op": "replace",
    "path": "/elements/0/children/0/children/0/faces/east/uv/0",
    "value": 18.5,
    "file": "game:shapes/entity/humanoid/seraphskinparts/hair-extra/topbun.json"
  },
  {
    "op": "replace",
    "path": "/elements/0/children/0/children/0/faces/east/uv/1",
    "value": 34.5,
    "file": "game:shapes/entity/humanoid/seraphskinparts/hair-extra/topbun.json"
  },
  {
    "op": "replace",
    "path": "/elements/0/children/0/children/0/faces/east/uv/2",
    "value": 21.5,
    "file": "game:shapes/entity/humanoid/seraphskinparts/hair-extra/topbun.json"
  },
  {
    "op": "replace",
    "path": "/elements/0/children/0/children/0/faces/east/uv/3",
    "value": 36.0,
    "file": "game:shapes/entity/humanoid/seraphskinparts/hair-extra/topbun.json"
  },
  {
    "op": "add",
    "path": "/elements/0/children/0/children/0/faces/north/autoUv",
    "value": false,
    "file": "game:shapes/entity/humanoid/seraphskinparts/hair-extra/topbun.json"
  },
  {
    "op": "replace",
    "path": "/elements/0/children/0/children/0/faces/north/texture",
    "value": "#hair",
    "file": "game:shapes/entity/humanoid/seraphskinparts/hair-extra/topbun.json"
  },
  {
    "op": "replace",
    "path": "/elements/0/children/0/children/0/faces/north/uv/0",
    "value": 16.5,
    "file": "game:shapes/entity/humanoid/seraphskinparts/hair-extra/topbun.json"
  },
  {
    "op": "replace",
    "path": "/elements/0/children/0/children/0/faces/north/uv/1",
    "value": 34.5,
    "file": "game:shapes/entity/humanoid/seraphskinparts/hair-extra/topbun.json"
  },
  {
    "op": "replace",
    "path": "/elements/0/children/0/children/0/faces/north/uv/2",
    "value": 18.5,
    "file": "game:shapes/entity/humanoid/seraphskinparts/hair-extra/topbun.json"
  },
  {
    "op": "replace",
    "path": "/elements/0/children/0/children/0/faces/north/uv/3",
    "value": 36.0,
    "file": "game:shapes/entity/humanoid/seraphskinparts/hair-extra/topbun.json"
  },
  {
    "op": "add",
    "path": "/elements/0/children/0/children/0/faces/south/autoUv",
    "value": false,
    "file": "game:shapes/entity/humanoid/seraphskinparts/hair-extra/topbun.json"
  },
  {
    "op": "replace",
    "path": "/elements/0/children/0/children/0/faces/south/texture",
    "value": "#hair",
    "file": "game:shapes/entity/humanoid/seraphskinparts/hair-extra/topbun.json"
  },
  {
    "op": "replace",
    "path": "/elements/0/children/0/children/0/faces/south/uv/0",
    "value": 21.5,
    "file": "game:shapes/entity/humanoid/seraphskinparts/hair-extra/topbun.json"
  },
  {
    "op": "replace",
    "path": "/elements/0/children/0/children/0/faces/south/uv/1",
    "value": 34.5,
    "file": "game:shapes/entity/humanoid/seraphskinparts/hair-extra/topbun.json"
  },
  {
    "op": "replace",
    "path": "/elements/0/children/0/children/0/faces/south/uv/2",
    "value": 23.5,
    "file": "game:shapes/entity/humanoid/seraphskinparts/hair-extra/topbun.json"
  },
  {
    "op": "replace",
    "path": "/elements/0/children/0/children/0/faces/south/uv/3",
    "value": 36.0,
    "file": "game:shapes/entity/humanoid/seraphskinparts/hair-extra/topbun.json"
  },
  {
    "op": "add",
    "path": "/elements/0/children/0/children/0/faces/up/autoUv",
    "value": false,
    "file": "game:shapes/entity/humanoid/seraphskinparts/hair-extra/topbun.json"
  },
  {
    "op": "replace",
    "path": "/elements/0/children/0/children/0/faces/up/texture",
    "value": "#hair",
    "file": "game:shapes/entity/humanoid/seraphskinparts/hair-extra/topbun.json"
  },
  {
    "op": "replace",
    "path": "/elements/0/children/0/children/0/faces/up/uv/0",
    "value": 16.5,
    "file": "game:shapes/entity/humanoid/seraphskinparts/hair-extra/topbun.json"
  },
  {
    "op": "replace",
    "path": "/elements/0/children/0/children/0/faces/up/uv/1",
    "value": 31.5,
    "file": "game:shapes/entity/humanoid/seraphskinparts/hair-extra/topbun.json"
  },
  {
    "op": "replace",
    "path": "/elements/0/children/0/children/0/faces/up/uv/2",
    "value": 18.5,
    "file": "game:shapes/entity/humanoid/seraphskinparts/hair-extra/topbun.json"
  },
  {
    "op": "replace",
    "path": "/elements/0/children/0/children/0/faces/up/uv/3",
    "value": 34.5,
    "file": "game:shapes/entity/humanoid/seraphskinparts/hair-extra/topbun.json"
  },
  {
    "op": "add",
    "path": "/elements/0/children/0/children/0/faces/west/autoUv",
    "value": false,
    "file": "game:shapes/entity/humanoid/seraphskinparts/hair-extra/topbun.json"
  },
  {
    "op": "replace",
    "path": "/elements/0/children/0/children/0/faces/west/texture",
    "value": "#hair",
    "file": "game:shapes/entity/humanoid/seraphskinparts/hair-extra/topbun.json"
  },
  {
    "op": "replace",
    "path": "/elements/0/children/0/children/0/faces/west/uv/0",
    "value": 23.5,
    "file": "game:shapes/entity/humanoid/seraphskinparts/hair-extra/topbun.json"
  },
  {
    "op": "replace",
    "path": "/elements/0/children/0/children/0/faces/west/uv/1",
    "value": 34.5,
    "file": "game:shapes/entity/humanoid/seraphskinparts/hair-extra/topbun.json"
  },
  {
    "op": "replace",
    "path": "/elements/0/children/0/children/0/faces/west/uv/2",
    "value": 26.5,
    "file": "game:shapes/entity/humanoid/seraphskinparts/hair-extra/topbun.json"
  },
  {
    "op": "replace",
    "path": "/elements/0/children/0/children/0/faces/west/uv/3",
    "value": 36.0,
    "file": "game:shapes/entity/humanoid/seraphskinparts/hair-extra/topbun.json"
  },
  {
    "op": "replace",
    "path": "/elements/0/children/0/children/0/from/0",
    "value": 0.5,
    "file": "game:shapes/entity/humanoid/seraphskinparts/hair-extra/topbun.json"
  },
  {
    "op": "replace",
    "path": "/elements/0/children/0/children/0/from/1",
    "value": 0.5,
    "file": "game:shapes/entity/humanoid/seraphskinparts/hair-extra/topbun.json"
  },
  {
    "op": "replace",
    "path": "/elements/0/children/0/children/0/from/2",
    "value": -0.5,
    "file": "game:shapes/entity/humanoid/seraphskinparts/hair-extra/topbun.json"
  },
  {
    "op": "replace",
    "path": "/elements/0/children/0/children/0/name",
    "value": "Cube1.005",
    "file": "game:shapes/entity/humanoid/seraphskinparts/hair-extra/topbun.json"
  },
  {
    "op": "replace",
    "path": "/elements/0/children/0/children/0/rotationOrigin/0",
    "value": 0.5,
    "file": "game:shapes/entity/humanoid/seraphskinparts/hair-extra/topbun.json"
  },
  {
    "op": "replace",
    "path": "/elements/0/children/0/children/0/rotationOrigin/1",
    "value": 0.5,
    "file": "game:shapes/entity/humanoid/seraphskinparts/hair-extra/topbun.json"
  },
  {
    "op": "replace",
    "path": "/elements/0/children/0/children/0/rotationOrigin/2",
    "value": -0.0,
    "file": "game:shapes/entity/humanoid/seraphskinparts/hair-extra/topbun.json"
  },
  {
    "op": "replace",
    "path": "/elements/0/children/0/children/0/to/0",
    "value": 2.5,
    "file": "game:shapes/entity/humanoid/seraphskinparts/hair-extra/topbun.json"
  },
  {
    "op": "replace",
    "path": "/elements/0/children/0/children/0/to/1",
    "value": 2.0,
    "file": "game:shapes/entity/humanoid/seraphskinparts/hair-extra/topbun.json"
  },
  {
    "op": "replace",
    "path": "/elements/0/children/0/children/0/to/2",
    "value": 2.5,
    "file": "game:shapes/entity/humanoid/seraphskinparts/hair-extra/topbun.json"
  },
  {
    "op": "remove",
    "path": "/elements/0/children/0/children/1/uv",
    "file": "game:shapes/entity/humanoid/seraphskinparts/hair-extra/topbun.json"
  },
  {
    "op": "add",
    "path": "/elements/0/children/0/children/1/children",
    "value": [],
    "file": "game:shapes/entity/humanoid/seraphskinparts/hair-extra/topbun.json"
  },
  {
    "op": "add",
    "path": "/elements/0/children/0/children/1/group",
    "value": "topbun",
    "file": "game:shapes/entity/humanoid/seraphskinparts/hair-extra/topbun.json"
  },
  {
    "op": "add",
    "path": "/elements/0/children/0/children/1/faces/down/autoUv",
    "value": false,
    "file": "game:shapes/entity/humanoid/seraphskinparts/hair-extra/topbun.json"
  },
  {
    "op": "replace",
    "path": "/elements/0/children/0/children/1/faces/down/texture",
    "value": "#birch",
    "file": "game:shapes/entity/humanoid/seraphskinparts/hair-extra/topbun.json"
  },
  {
    "op": "replace",
    "path": "/elements/0/children/0/children/1/faces/down/uv/0",
    "value": 1.0,
    "file": "game:shapes/entity/humanoid/seraphskinparts/hair-extra/topbun.json"
  },
  {
    "op": "replace",
    "path": "/elements/0/children/0/children/1/faces/down/uv/1",
    "value": 4.0,
    "file": "game:shapes/entity/humanoid/seraphskinparts/hair-extra/topbun.json"
  },
  {
    "op": "replace",
    "path": "/elements/0/children/0/children/1/faces/down/uv/2",
    "value": 0.5,
    "file": "game:shapes/entity/humanoid/seraphskinparts/hair-extra/topbun.json"
  },
  {
    "op": "replace",
    "path": "/elements/0/children/0/children/1/faces/down/uv/3",
    "value": 0.0,
    "file": "game:shapes/entity/humanoid/seraphskinparts/hair-extra/topbun.json"
  },
  {
    "op": "add",
    "path": "/elements/0/children/0/children/1/faces/east/autoUv",
    "value": false,
    "file": "game:shapes/entity/humanoid/seraphskinparts/hair-extra/topbun.json"
  },
  {
    "op": "replace",
    "path": "/elements/0/children/0/children/1/faces/east/texture",
    "value": "#birch",
    "file": "game:shapes/entity/humanoid/seraphskinparts/hair-extra/topbun.json"
  },
  {
    "op": "replace",
    "path": "/elements/0/children/0/children/1/faces/east/uv/0",
    "value": 0.5,
    "file": "game:shapes/entity/humanoid/seraphskinparts/hair-extra/topbun.json"
  },
  {
    "op": "replace",
    "path": "/elements/0/children/0/children/1/faces/east/uv/1",
    "value": 4.0,
    "file": "game:shapes/entity/humanoid/seraphskinparts/hair-extra/topbun.json"
  },
  {
    "op": "replace",
    "path": "/elements/0/children/0/children/1/faces/east/uv/2",
    "value": 4.5,
    "file": "game:shapes/entity/humanoid/seraphskinparts/hair-extra/topbun.json"
  },
  {
    "op": "replace",
    "path": "/elements/0/children/0/children/1/faces/east/uv/3",
    "value": 4.5,
    "file": "game:shapes/entity/humanoid/seraphskinparts/hair-extra/topbun.json"
  },
  {
    "op": "add",
    "path": "/elements/0/children/0/children/1/faces/north/autoUv",
    "value": false,
    "file": "game:shapes/entity/humanoid/seraphskinparts/hair-extra/topbun.json"
  },
  {
    "op": "replace",
    "path": "/elements/0/children/0/children/1/faces/north/texture",
    "value": "#birch",
    "file": "game:shapes/entity/humanoid/seraphskinparts/hair-extra/topbun.json"
  },
  {
    "op": "replace",
    "path": "/elements/0/children/0/children/1/faces/north/uv/0",
    "value": 0.0,
    "file": "game:shapes/entity/humanoid/seraphskinparts/hair-extra/topbun.json"
  },
  {
    "op": "replace",
    "path": "/elements/0/children/0/children/1/faces/north/uv/1",
    "value": 4.0,
    "file": "game:shapes/entity/humanoid/seraphskinparts/hair-extra/topbun.json"
  },
  {
    "op": "replace",
    "path": "/elements/0/children/0/children/1/faces/north/uv/2",
    "value": 0.5,
    "file": "game:shapes/entity/humanoid/seraphskinparts/hair-extra/topbun.json"
  },
  {
    "op": "replace",
    "path": "/elements/0/children/0/children/1/faces/north/uv/3",
    "value": 4.5,
    "file": "game:shapes/entity/humanoid/seraphskinparts/hair-extra/topbun.json"
  },
  {
    "op": "add",
    "path": "/elements/0/children/0/children/1/faces/south/autoUv",
    "value": false,
    "file": "game:shapes/entity/humanoid/seraphskinparts/hair-extra/topbun.json"
  },
  {
    "op": "replace",
    "path": "/elements/0/children/0/children/1/faces/south/texture",
    "value": "#birch",
    "file": "game:shapes/entity/humanoid/seraphskinparts/hair-extra/topbun.json"
  },
  {
    "op": "replace",
    "path": "/elements/0/children/0/children/1/faces/south/uv/0",
    "value": 4.5,
    "file": "game:shapes/entity/humanoid/seraphskinparts/hair-extra/topbun.json"
  },
  {
    "op": "replace",
    "path": "/elements/0/children/0/children/1/faces/south/uv/1",
    "value": 4.0,
    "file": "game:shapes/entity/humanoid/seraphskinparts/hair-extra/topbun.json"
  },
  {
    "op": "replace",
    "path": "/elements/0/children/0/children/1/faces/south/uv/2",
    "value": 5.0,
    "file": "game:shapes/entity/humanoid/seraphskinparts/hair-extra/topbun.json"
  },
  {
    "op": "replace",
    "path": "/elements/0/children/0/children/1/faces/south/uv/3",
    "value": 4.5,
    "file": "game:shapes/entity/humanoid/seraphskinparts/hair-extra/topbun.json"
  },
  {
    "op": "add",
    "path": "/elements/0/children/0/children/1/faces/up/autoUv",
    "value": false,
    "file": "game:shapes/entity/humanoid/seraphskinparts/hair-extra/topbun.json"
  },
  {
    "op": "replace",
    "path": "/elements/0/children/0/children/1/faces/up/texture",
    "value": "#birch",
    "file": "game:shapes/entity/humanoid/seraphskinparts/hair-extra/topbun.json"
  },
  {
    "op": "replace",
    "path": "/elements/0/children/0/children/1/faces/up/uv/0",
    "value": 0.0,
    "file": "game:shapes/entity/humanoid/seraphskinparts/hair-extra/topbun.json"
  },
  {
    "op": "replace",
    "path": "/elements/0/children/0/children/1/faces/up/uv/1",
    "value": 0.0,
    "file": "game:shapes/entity/humanoid/seraphskinparts/hair-extra/topbun.json"
  },
  {
    "op": "replace",
    "path": "/elements/0/children/0/children/1/faces/up/uv/2",
    "value": 0.5,
    "file": "game:shapes/entity/humanoid/seraphskinparts/hair-extra/topbun.json"
  },
  {
    "op": "replace",
    "path": "/elements/0/children/0/children/1/faces/up/uv/3",
    "value": 4.0,
    "file": "game:shapes/entity/humanoid/seraphskinparts/hair-extra/topbun.json"
  },
  {
    "op": "add",
    "path": "/elements/0/children/0/children/1/faces/west/autoUv",
    "value": false,
    "file": "game:shapes/entity/humanoid/seraphskinparts/hair-extra/topbun.json"
  },
  {
    "op": "replace",
    "path": "/elements/0/children/0/children/1/faces/west/texture",
    "value": "#birch",
    "file": "game:shapes/entity/humanoid/seraphskinparts/hair-extra/topbun.json"
  },
  {
    "op": "replace",
    "path": "/elements/0/children/0/children/1/faces/west/uv/0",
    "value": 5.0,
    "file": "game:shapes/entity/humanoid/seraphskinparts/hair-extra/topbun.json"
  },
  {
    "op": "replace",
    "path": "/elements/0/children/0/children/1/faces/west/uv/1",
    "value": 4.0,
    "file": "game:shapes/entity/humanoid/seraphskinparts/hair-extra/topbun.json"
  },
  {
    "op": "replace",
    "path": "/elements/0/children/0/children/1/faces/west/uv/2",
    "value": 9.0,
    "file": "game:shapes/entity/humanoid/seraphskinparts/hair-extra/topbun.json"
  },
  {
    "op": "replace",
    "path": "/elements/0/children/0/children/1/faces/west/uv/3",
    "value": 4.5,
    "file": "game:shapes/entity/humanoid/seraphskinparts/hair-extra/topbun.json"
  },
  {
    "op": "replace",
    "path": "/elements/0/children/0/children/1/from/0",
    "value": 1.5,
    "file": "game:shapes/entity/humanoid/seraphskinparts/hair-extra/topbun.json"
  },
  {
    "op": "replace",
    "path": "/elements/0/children/0/children/1/from/1",
    "value": 1.0,
    "file": "game:shapes/entity/humanoid/seraphskinparts/hair-extra/topbun.json"
  },
  {
    "op": "replace",
    "path": "/elements/0/children/0/children/1/from/2",
    "value": -1.0,
    "file": "game:shapes/entity/humanoid/seraphskinparts/hair-extra/topbun.json"
  },
  {
    "op": "replace",
    "path": "/elements/0/children/0/children/1/name",
    "value": "Stick.001",
    "file": "game:shapes/entity/humanoid/seraphskinparts/hair-extra/topbun.json"
  },
  {
    "op": "replace",
    "path": "/elements/0/children/0/children/1/rotationOrigin/0",
    "value": 1.5,
    "file": "game:shapes/entity/humanoid/seraphskinparts/hair-extra/topbun.json"
  },
  {
    "op": "replace",
    "path": "/elements/0/children/0/children/1/rotationOrigin/1",
    "value": 1.0,
    "file": "game:shapes/entity/humanoid/seraphskinparts/hair-extra/topbun.json"
  },
  {
    "op": "replace",
    "path": "/elements/0/children/0/children/1/rotationOrigin/2",
    "value": 1.0,
    "file": "game:shapes/entity/humanoid/seraphskinparts/hair-extra/topbun.json"
  },
  {
    "op": "replace",
    "path": "/elements/0/children/0/children/1/to/0",
    "value": 2.0,
    "file": "game:shapes/entity/humanoid/seraphskinparts/hair-extra/topbun.json"
  },
  {
    "op": "replace",
    "path": "/elements/0/children/0/children/1/to/1",
    "value": 1.5,
    "file": "game:shapes/entity/humanoid/seraphskinparts/hair-extra/topbun.json"
  },
  {
    "op": "replace",
    "path": "/elements/0/children/0/children/1/to/2",
    "value": 3.0,
    "file": "game:shapes/entity/humanoid/seraphskinparts/hair-extra/topbun.json"
  },
  {
    "op": "add",
    "path": "/elements/0/children/0/faces/east/autoUv",
    "value": false,
    "file": "game:shapes/entity/humanoid/seraphskinparts/hair-extra/topbun.json"
  },
  {
    "op": "add",
    "path": "/elements/0/children/0/faces/north/autoUv",
    "value": false,
    "file": "game:shapes/entity/humanoid/seraphskinparts/hair-extra/topbun.json"
  },
  {
    "op": "add",
    "path": "/elements/0/children/0/faces/south/autoUv",
    "value": false,
    "file": "game:shapes/entity/humanoid/seraphskinparts/hair-extra/topbun.json"
  },
  {
    "op": "add",
    "path": "/elements/0/children/0/faces/up/autoUv",
    "value": false,
    "file": "game:shapes/entity/humanoid/seraphskinparts/hair-extra/topbun.json"
  },
  {
    "op": "add",
    "path": "/elements/0/children/0/faces/west/autoUv",
    "value": false,
    "file": "game:shapes/entity/humanoid/seraphskinparts/hair-extra/topbun.json"
  },
  {
    "op": "replace",
    "path": "/elements/0/children/0/from/0",
    "value": 3.48,
    "file": "game:shapes/entity/humanoid/seraphskinparts/hair-extra/topbun.json"
  },
  {
    "op": "replace",
    "path": "/elements/0/children/0/from/1",
    "value": 3.83,
    "file": "game:shapes/entity/humanoid/seraphskinparts/hair-extra/topbun.json"
  },
  {
    "op": "replace",
    "path": "/elements/0/children/0/name",
    "value": "BunTop.001",
    "file": "game:shapes/entity/humanoid/seraphskinparts/hair-extra/topbun.json"
  },
  {
    "op": "replace",
    "path": "/elements/0/children/0/rotationOrigin/0",
    "value": 4.48,
    "file": "game:shapes/entity/humanoid/seraphskinparts/hair-extra/topbun.json"
  },
  {
    "op": "replace",
    "path": "/elements/0/children/0/rotationOrigin/1",
    "value": 4.83,
    "file": "game:shapes/entity/humanoid/seraphskinparts/hair-extra/topbun.json"
  },
  {
    "op": "replace",
    "path": "/elements/0/children/0/to/0",
    "value": 6.48,
    "file": "game:shapes/entity/humanoid/seraphskinparts/hair-extra/topbun.json"
  },
  {
    "op": "replace",
    "path": "/elements/0/children/0/to/1",
    "value": 6.33,
    "file": "game:shapes/entity/humanoid/seraphskinparts/hair-extra/topbun.json"
  },
  {
    "op": "replace",
    "path": "/elements/0/from/1",
    "value": -0.0,
    "file": "game:shapes/entity/humanoid/seraphskinparts/hair-extra/topbun.json"
  },
  {
    "op": "replace",
    "path": "/elements/0/from/0",
    "value": -0.0,
    "file": "game:shapes/entity/humanoid/seraphskinparts/hair-extra/topbun.json"
  },
  {
    "op": "replace",
    "path": "/elements/0/name",
    "value": "hideme",
    "file": "game:shapes/entity/humanoid/seraphskinparts/hair-extra/topbun.json"
  },
  {
    "op": "replace",
    "path": "/elements/0/to/0",
    "value": 1.0,
    "file": "game:shapes/entity/humanoid/seraphskinparts/hair-extra/topbun.json"
  },
  {
    "op": "replace",
    "path": "/textures/birch",
    "value": "birch",
    "file": "game:shapes/entity/humanoid/seraphskinparts/hair-extra/topbun.json"
  },
  {
    "op": "replace",
    "path": "/textures/hair",
    "value": "silverchalice",
    "file": "game:shapes/entity/humanoid/seraphskinparts/hair-extra/topbun.json"
  },
  {
    "op": "replace",
    "path": "/textureSizes/birch/0",
    "value": 48,
    "file": "game:shapes/entity/humanoid/seraphskinparts/hair-extra/topbun.json"
  },
  {
    "op": "replace",
    "path": "/textureSizes/birch/1",
    "value": 48,
    "file": "game:shapes/entity/humanoid/seraphskinparts/hair-extra/topbun.json"
  }
]