[
  {
    "op": "remove",
    "path": "/editor",
    "file": "game:shapes/entity/humanoid/seraphskinparts/hair-base/kniaz.json"
  },
  {
    "op": "add",
    "path": "/groups",
    "value": [],
    "file": "game:shapes/entity/humanoid/seraphskinparts/hair-base/kniaz.json"
  },
  {
    "op": "remove",
    "path": "/elements/0/autoUnwrap",
    "file": "game:shapes/entity/humanoid/seraphskinparts/hair-base/kniaz.json"
  },
  {
    "op": "remove",
    "path": "/elements/0/uv",
    "file": "game:shapes/entity/humanoid/seraphskinparts/hair-base/kniaz.json"
  },
  {
    "op": "add",
    "path": "/elements/0/group",
    "value": "Scene Collection",
    "file": "game:shapes/entity/humanoid/seraphskinparts/hair-base/kniaz.json"
  },
  {
    "op": "remove",
    "path": "/elements/0/children/0/autoUnwrap",
    "file": "game:shapes/entity/humanoid/seraphskinparts/hair-base/kniaz.json"
  },
  {
    "op": "remove",
    "path": "/elements/0/children/0/uv",
    "file": "game:shapes/entity/humanoid/seraphskinparts/hair-base/kniaz.json"
  },
  {
    "op": "add",
    "path": "/elements/0/children/0/children",
    "value": [],
    "file": "game:shapes/entity/humanoid/seraphskinparts/hair-base/kniaz.json"
  },
  {
    "op": "add",
    "path": "/elements/0/children/0/group",
    "value": "Scene Collection",
    "file": "game:shapes/entity/humanoid/seraphskinparts/hair-base/kniaz.json"
  },
  {
    "op": "add",
    "path": "/elements/0/children/0/rotationY",
    "value": -0.0,
    "file": "game:shapes/entity/humanoid/seraphskinparts/hair-base/kniaz.json"
  },
  {
    "op": "add",
    "path": "/elements/0/children/0/rotationZ",
    "value": -0.0,
    "file": "game:shapes/entity/humanoid/seraphskinparts/hair-base/kniaz.json"
  },
  {
    "op": "remove",
    "path": "/elements/0/children/0/faces/up",
    "file": "game:shapes/entity/humanoid/seraphskinparts/hair-base/kniaz.json"
  },
  {
    "op": "add",
    "path": "/elements/0/children/0/faces/north",
    "value": {
      "texture": "#hair",
      "uv": [
        15.0,
        3.0,
        21.0,
        6.0
      ],
      "autoUv": false
    },
    "file": "game:shapes/entity/humanoid/seraphskinparts/hair-base/kniaz.json"
  },
  {
    "op": "replace",
    "path": "/elements/0/children/0/from/0",
    "value": -0.0,
    "file": "game:shapes/entity/humanoid/seraphskinparts/hair-base/kniaz.json"
  },
  {
    "op": "replace",
    "path": "/elements/0/children/0/from/1",
    "value": 2.0,
    "file": "game:shapes/entity/humanoid/seraphskinparts/hair-base/kniaz.json"
  },
  {
    "op": "replace",
    "path": "/elements/0/children/0/from/2",
    "value": 0.0,
    "file": "game:shapes/entity/humanoid/seraphskinparts/hair-base/kniaz.json"
  },
  {
    "op": "replace",
    "path": "/elements/0/children/0/name",
    "value": "HairSide",
    "file": "game:shapes/entity/humanoid/seraphskinparts/hair-base/kniaz.json"
  },
  {
    "op": "replace",
    "path": "/elements/0/children/0/rotationOrigin/1",
    "value": 5.0,
    "file": "game:shapes/entity/humanoid/seraphskinparts/hair-base/kniaz.json"
  },
  {
    "op": "replace",
    "path": "/elements/0/children/0/rotationOrigin/2",
    "value": 0.0,
    "file": "game:shapes/entity/humanoid/seraphskinparts/hair-base/kniaz.json"
  },
  {
    "op": "replace",
    "path": "/elements/0/children/0/rotationX",
    "value": 6.0,
    "file": "game:shapes/entity/humanoid/seraphskinparts/hair-base/kniaz.json"
  },
  {
    "op": "replace",
    "path": "/elements/0/children/0/to/0",
    "value": 5.91,
    "file": "game:shapes/entity/humanoid/seraphskinparts/hair-base/kniaz.json"
  },
  {
    "op": "replace",
    "path": "/elements/0/children/0/to/1",
    "value": 5.0,
    "file": "game:shapes/entity/humanoid/seraphskinparts/hair-base/kniaz.json"
  },
  {
    "op": "replace",
    "path": "/elements/0/children/0/to/2",
    "value": 0.0,
    "file": "game:shapes/entity/humanoid/seraphskinparts/hair-base/kniaz.json"
  },
  {
    "op": "remove",
    "path": "/elements/0/children/1/uv",
    "file": "game:shapes/entity/humanoid/seraphskinparts/hair-base/kniaz.json"
  },
  {
    "op": "add",
    "path": "/elements/0/children/1/children",
    "value": [],
    "file": "game:shapes/entity/humanoid/seraphskinparts/hair-base/kniaz.json"
  },
  {
    "op": "add",
    "path": "/elements/0/children/1/group",
    "value": "Scene Collection",
    "file": "game:shapes/entity/humanoid/seraphskinparts/hair-base/kniaz.json"
  },
  {
    "op": "add",
    "path": "/elements/0/children/1/rotationY",
    "value": -0.0,
    "file": "game:shapes/entity/humanoid/seraphskinparts/hair-base/kniaz.json"
  },
  {
    "op": "add",
    "path": "/elements/0/children/1/rotationZ",
    "value": -0.0,
    "file": "game:shapes/entity/humanoid/seraphskinparts/hair-base/kniaz.json"
  },
  {
    "op": "remove",
    "path": "/elements/0/children/1/faces/north",
    "file": "game:shapes/entity/humanoid/seraphskinparts/hair-base/kniaz.json"
  },
  {
    "op": "add",
    "path": "/elements/0/children/1/faces/up",
    "value": {
      "texture": "#hair",
      "uv": [
        15.0,
        4.5,
        21.0,
        6.5
      ],
      "autoUv": false,
      "rotation": 180
    },
    "file": "game:shapes/entity/humanoid/seraphskinparts/hair-base/kniaz.json"
  },
  {
    "op": "replace",
    "path": "/elements/0/children/1/from/0",
    "value": -0.0,
    "file": "game:shapes/entity/humanoid/seraphskinparts/hair-base/kniaz.json"
  },
  {
    "op": "replace",
    "path": "/elements/0/children/1/from/1",
    "value": 4.74,
    "file": "game:shapes/entity/humanoid/seraphskinparts/hair-base/kniaz.json"
  },
  {
    "op": "replace",
    "path": "/elements/0/children/1/from/2",
    "value": -0.4,
    "file": "game:shapes/entity/humanoid/seraphskinparts/hair-base/kniaz.json"
  },
  {
    "op": "replace",
    "path": "/elements/0/children/1/name",
    "value": "HairTop",
    "file": "game:shapes/entity/humanoid/seraphskinparts/hair-base/kniaz.json"
  },
  {
    "op": "replace",
    "path": "/elements/0/children/1/rotationOrigin/1",
    "value": 4.74,
    "file": "game:shapes/entity/humanoid/seraphskinparts/hair-base/kniaz.json"
  },
  {
    "op": "replace",
    "path": "/elements/0/children/1/rotationOrigin/2",
    "value": 1.6,
    "file": "game:shapes/entity/humanoid/seraphskinparts/hair-base/kniaz.json"
  },
  {
    "op": "replace",
    "path": "/elements/0/children/1/rotationX",
    "value": 17.0,
    "file": "game:shapes/entity/humanoid/seraphskinparts/hair-base/kniaz.json"
  },
  {
    "op": "replace",
    "path": "/elements/0/children/1/to/0",
    "value": 5.91,
    "file": "game:shapes/entity/humanoid/seraphskinparts/hair-base/kniaz.json"
  },
  {
    "op": "replace",
    "path": "/elements/0/children/1/to/1",
    "value": 4.74,
    "file": "game:shapes/entity/humanoid/seraphskinparts/hair-base/kniaz.json"
  },
  {
    "op": "replace",
    "path": "/elements/0/children/1/to/2",
    "value": 1.6,
    "file": "game:shapes/entity/humanoid/seraphskinparts/hair-base/kniaz.json"
  },
  {
    "op": "add",
    "path": "/elements/0/faces/east/autoUv",
    "value": false,
    "file": "game:shapes/entity/humanoid/seraphskinparts/hair-base/kniaz.json"
  },
  {
    "op": "add",
    "path": "/elements/0/faces/north/autoUv",
    "value": false,
    "file": "game:shapes/entity/humanoid/seraphskinparts/hair-base/kniaz.json"
  },
  {
    "op": "replace",
    "path": "/elements/0/faces/north/uv/2",
    "value": 6.0,
    "file": "game:shapes/entity/humanoid/seraphskinparts/hair-base/kniaz.json"
  },
  {
    "op": "add",
    "path": "/elements/0/faces/up/autoUv",
    "value": false,
    "file": "game:shapes/entity/humanoid/seraphskinparts/hair-base/kniaz.json"
  },
  {
    "op": "replace",
    "path": "/elements/0/faces/up/uv/2",
    "value": 21.0,
    "file": "game:shapes/entity/humanoid/seraphskinparts/hair-base/kniaz.json"
  },
  {
    "op": "add",
    "path": "/elements/0/faces/west/autoUv",
    "value": false,
    "file": "game:shapes/entity/humanoid/seraphskinparts/hair-base/kniaz.json"
  },
  {
    "op": "replace",
    "path": "/elements/0/to/0",
    "value": 5.44,
    "file": "game:shapes/entity/humanoid/seraphskinparts/hair-base/kniaz.json"
  },
  {
    "op": "replace",
    "path": "/elements/0/to/1",
    "value": 4.44,
    "file": "game:shapes/entity/humanoid/seraphskinparts/hair-base/kniaz.json"
  },
  {
    "op": "remove",
    "path": "/elements/1/autoUnwrap",
    "file": "game:shapes/entity/humanoid/seraphskinparts/hair-base/kniaz.json"
  },
  {
    "op": "remove",
    "path": "/elements/1/uv",
    "file": "game:shapes/entity/humanoid/seraphskinparts/hair-base/kniaz.json"
  },
  {
    "op": "add",
    "path": "/elements/1/children",
    "value": [],
    "file": "game:shapes/entity/humanoid/seraphskinparts/hair-base/kniaz.json"
  },
  {
    "op": "add",
    "path": "/elements/1/group",
    "value": "Scene Collection",
    "file": "game:shapes/entity/humanoid/seraphskinparts/hair-base/kniaz.json"
  },
  {
    "op": "replace",
    "path": "/elements/1/to/0",
    "value": 5.54,
    "file": "game:shapes/entity/humanoid/seraphskinparts/hair-base/kniaz.json"
  },
  {
    "op": "replace",
    "path": "/elements/1/to/1",
    "value": 4.54,
    "file": "game:shapes/entity/humanoid/seraphskinparts/hair-base/kniaz.json"
  },
  {
    "op": "replace",
    "path": "/textures/hair",
    "value": "wheat",
    "file": "game:shapes/entity/humanoid/seraphskinparts/hair-base/kniaz.json"
  },
  {
    "op": "remove",
    "path": "/textureSizes/birch",
    "file": "game:shapes/entity/humanoid/seraphskinparts/hair-base/kniaz.json"
  }
]