[
  {
    "op": "replace",
    "path": "/editor/allAngles",
    "value": false,
    "file": "game:shapes/entity/humanoid/seraphskinparts/hair-face/mst-handlebar05-thin.json"
  },
  {
    "op": "replace",
    "path": "/editor/entityTextureMode",
    "value": false,
    "file": "game:shapes/entity/humanoid/seraphskinparts/hair-face/mst-handlebar05-thin.json"
  },
  {
    "op": "remove",
    "path": "/elements/0/unwrapMode",
    "file": "game:shapes/entity/humanoid/seraphskinparts/hair-face/mst-handlebar05-thin.json"
  },
  {
    "op": "remove",
    "path": "/elements/0/uv",
    "file": "game:shapes/entity/humanoid/seraphskinparts/hair-face/mst-handlebar05-thin.json"
  },
  {
    "op": "remove",
    "path": "/elements/0/children/0/unwrapMode",
    "file": "game:shapes/entity/humanoid/seraphskinparts/hair-face/mst-handlebar05-thin.json"
  },
  {
    "op": "remove",
    "path": "/elements/0/children/0/uv",
    "file": "game:shapes/entity/humanoid/seraphskinparts/hair-face/mst-handlebar05-thin.json"
  },
  {
    "op": "remove",
    "path": "/elements/0/children/0/children/0/unwrapMode",
    "file": "game:shapes/entity/humanoid/seraphskinparts/hair-face/mst-handlebar05-thin.json"
  },
  {
    "op": "remove",
    "path": "/elements/0/children/0/children/0/uv",
    "file": "game:shapes/entity/humanoid/seraphskinparts/hair-face/mst-handlebar05-thin.json"
  },
  {
    "op": "remove",
    "path": "/elements/0/children/0/children/0/children/0/unwrapMode",
    "file": "game:shapes/entity/humanoid/seraphskinparts/hair-face/mst-handlebar05-thin.json"
  },
  {
    "op": "remove",
    "path": "/elements/0/children/0/children/0/children/0/uv",
    "file": "game:shapes/entity/humanoid/seraphskinparts/hair-face/mst-handlebar05-thin.json"
  },
  {
    "op": "remove",
    "path": "/elements/0/children/1/unwrapMode",
    "file": "game:shapes/entity/humanoid/seraphskinparts/hair-face/mst-handlebar05-thin.json"
  },
  {
    "op": "remove",
    "path": "/elements/0/children/1/uv",
    "file": "game:shapes/entity/humanoid/seraphskinparts/hair-face/mst-handlebar05-thin.json"
  },
  {
    "op": "remove",
    "path": "/elements/0/children/1/children/0/unwrapMode",
    "file": "game:shapes/entity/humanoid/seraphskinparts/hair-face/mst-handlebar05-thin.json"
  },
  {
    "op": "remove",
    "path": "/elements/0/children/1/children/0/uv",
    "file": "game:shapes/entity/humanoid/seraphskinparts/hair-face/mst-handlebar05-thin.json"
  },
  {
    "op": "remove",
    "path": "/elements/0/children/1/children/0/children/0/unwrapMode",
    "file": "game:shapes/entity/humanoid/seraphskinparts/hair-face/mst-handlebar05-thin.json"
  },
  {
    "op": "remove",
    "path": "/elements/0/children/1/children/0/children/0/uv",
    "file": "game:shapes/entity/humanoid/seraphskinparts/hair-face/mst-handlebar05-thin.json"
  },
  {
    "op": "replace",
    "path": "/elements/0/faces/down/uv/3",
    "value": 2.3333,
    "file": "game:shapes/entity/humanoid/seraphskinparts/hair-face/mst-handlebar05-thin.json"
  },
  {
    "op": "replace",
    "path": "/elements/0/faces/east/uv/3",
    "value": 1.8333,
    "file": "game:shapes/entity/humanoid/seraphskinparts/hair-face/mst-handlebar05-thin.json"
  },
  {
    "op": "replace",
    "path": "/elements/0/faces/north/uv/2",
    "value": 18.3333,
    "file": "game:shapes/entity/humanoid/seraphskinparts/hair-face/mst-handlebar05-thin.json"
  },
  {
    "op": "replace",
    "path": "/elements/0/faces/north/uv/3",
    "value": 1.8333,
    "file": "game:shapes/entity/humanoid/seraphskinparts/hair-face/mst-handlebar05-thin.json"
  },
  {
    "op": "replace",
    "path": "/elements/0/faces/south/uv/2",
    "value": 16.3333,
    "file": "game:shapes/entity/humanoid/seraphskinparts/hair-face/mst-handlebar05-thin.json"
  },
  {
    "op": "replace",
    "path": "/elements/0/faces/south/uv/3",
    "value": 1.8333,
    "file": "game:shapes/entity/humanoid/seraphskinparts/hair-face/mst-handlebar05-thin.json"
  },
  {
    "op": "replace",
    "path": "/elements/0/faces/up/uv/3",
    "value": 1.3333,
    "file": "game:shapes/entity/humanoid/seraphskinparts/hair-face/mst-handlebar05-thin.json"
  },
  {
    "op": "replace",
    "path": "/elements/0/faces/west/uv/3",
    "value": 1.8333,
    "file": "game:shapes/entity/humanoid/seraphskinparts/hair-face/mst-handlebar05-thin.json"
  },
  {
    "op": "replace",
    "path": "/elements/0/from/0",
    "value": -2.15,
    "file": "game:shapes/entity/humanoid/seraphskinparts/hair-face/mst-handlebar05-thin.json"
  },
  {
    "op": "replace",
    "path": "/elements/0/from/1",
    "value": 0.7,
    "file": "game:shapes/entity/humanoid/seraphskinparts/hair-face/mst-handlebar05-thin.json"
  },
  {
    "op": "replace",
    "path": "/elements/0/rotationOrigin/0",
    "value": -2.2,
    "file": "game:shapes/entity/humanoid/seraphskinparts/hair-face/mst-handlebar05-thin.json"
  },
  {
    "op": "replace",
    "path": "/elements/0/rotationOrigin/1",
    "value": 0.0,
    "file": "game:shapes/entity/humanoid/seraphskinparts/hair-face/mst-handlebar05-thin.json"
  },
  {
    "op": "replace",
    "path": "/elements/0/to/0",
    "value": -1.75,
    "file": "game:shapes/entity/humanoid/seraphskinparts/hair-face/mst-handlebar05-thin.json"
  },
  {
    "op": "replace",
    "path": "/elements/0/to/1",
    "value": 1.1,
    "file": "game:shapes/entity/humanoid/seraphskinparts/hair-face/mst-handlebar05-thin.json"
  },
  {
    "op": "remove",
    "path": "/textureSizes/hair",
    "file": "game:shapes/entity/humanoid/seraphskinparts/hair-face/mst-handlebar05-thin.json"
  }
]