[
  {
    "op": "remove",
    "path": "/editor",
    "file": "game:shapes/entity/humanoid/seraphskinparts/hair-extra/classicponytail.json"
  },
  {
    "op": "add",
    "path": "/groups",
    "value": [],
    "file": "game:shapes/entity/humanoid/seraphskinparts/hair-extra/classicponytail.json"
  },
  {
    "op": "remove",
    "path": "/elements/0/uv",
    "file": "game:shapes/entity/humanoid/seraphskinparts/hair-extra/classicponytail.json"
  },
  {
    "op": "add",
    "path": "/elements/0/group",
    "value": "classicponytail",
    "file": "game:shapes/entity/humanoid/seraphskinparts/hair-extra/classicponytail.json"
  },
  {
    "op": "add",
    "path": "/elements/0/rotationOrigin",
    "value": [
      -0.0,
      -0.0,
      0.0
    ],
    "file": "game:shapes/entity/humanoid/seraphskinparts/hair-extra/classicponytail.json"
  },
  {
    "op": "remove",
    "path": "/elements/0/children/0/uv",
    "file": "game:shapes/entity/humanoid/seraphskinparts/hair-extra/classicponytail.json"
  },
  {
    "op": "add",
    "path": "/elements/0/children/0/group",
    "value": "classicponytail",
    "file": "game:shapes/entity/humanoid/seraphskinparts/hair-extra/classicponytail.json"
  },
  {
    "op": "remove",
    "path": "/elements/0/children/0/children/0/autoUnwrap",
    "file": "game:shapes/entity/humanoid/seraphskinparts/hair-extra/classicponytail.json"
  },
  {
    "op": "remove",
    "path": "/elements/0/children/0/children/0/uv",
    "file": "game:shapes/entity/humanoid/seraphskinparts/hair-extra/classicponytail.json"
  },
  {
    "op": "add",
    "path": "/elements/0/children/0/children/0/children",
    "value": [],
    "file": "game:shapes/entity/humanoid/seraphskinparts/hair-extra/classicponytail.json"
  },
  {
    "op": "add",
    "path": "/elements/0/children/0/children/0/group",
    "value": "classicponytail",
    "file": "game:shapes/entity/humanoid/seraphskinparts/hair-extra/classicponytail.json"
  },
  {
    "op": "add",
    "path": "/elements/0/children/0/children/0/faces/down/autoUv",
    "value": false,
    "file": "game:shapes/entity/humanoid/seraphskinparts/hair-extra/classicponytail.json"
  },
  {
    "op": "replace",
    "path": "/elements/0/children/0/children/0/faces/down/uv/0",
    "value": 40.0,
    "file": "game:shapes/entity/humanoid/seraphskinparts/hair-extra/classicponytail.json"
  },
  {
    "op": "replace",
    "path": "/elements/0/children/0/children/0/faces/down/uv/1",
    "value": 25.0,
    "file": "game:shapes/entity/humanoid/seraphskinparts/hair-extra/classicponytail.json"
  },
  {
    "op": "replace",
    "path": "/elements/0/children/0/children/0/faces/down/uv/2",
    "value": 38.0,
    "file": "game:shapes/entity/humanoid/seraphskinparts/hair-extra/classicponytail.json"
  },
  {
    "op": "replace",
    "path": "/elements/0/children/0/children/0/faces/down/uv/3",
    "value": 15.0,
    "file": "game:shapes/entity/humanoid/seraphskinparts/hair-extra/classicponytail.json"
  },
  {
    "op": "add",
    "path": "/elements/0/children/0/children/0/faces/north/autoUv",
    "value": false,
    "file": "game:shapes/entity/humanoid/seraphskinparts/hair-extra/classicponytail.json"
  },
  {
    "op": "add",
    "path": "/elements/0/children/0/children/0/faces/south/autoUv",
    "value": false,
    "file": "game:shapes/entity/humanoid/seraphskinparts/hair-extra/classicponytail.json"
  },
  {
    "op": "add",
    "path": "/elements/0/children/0/children/0/faces/up/autoUv",
    "value": false,
    "file": "game:shapes/entity/humanoid/seraphskinparts/hair-extra/classicponytail.json"
  },
  {
    "op": "add",
    "path": "/elements/0/children/0/children/0/faces/west/autoUv",
    "value": false,
    "file": "game:shapes/entity/humanoid/seraphskinparts/hair-extra/classicponytail.json"
  },
  {
    "op": "replace",
    "path": "/elements/0/children/0/children/0/from/0",
    "value": -0.0,
    "file": "game:shapes/entity/humanoid/seraphskinparts/hair-extra/classicponytail.json"
  },
  {
    "op": "replace",
    "path": "/elements/0/children/0/children/0/rotationOrigin/0",
    "value": -0.0,
    "file": "game:shapes/entity/humanoid/seraphskinparts/hair-extra/classicponytail.json"
  },
  {
    "op": "add",
    "path": "/elements/0/children/0/faces/east/autoUv",
    "value": false,
    "file": "game:shapes/entity/humanoid/seraphskinparts/hair-extra/classicponytail.json"
  },
  {
    "op": "add",
    "path": "/elements/0/children/0/faces/north/autoUv",
    "value": false,
    "file": "game:shapes/entity/humanoid/seraphskinparts/hair-extra/classicponytail.json"
  },
  {
    "op": "add",
    "path": "/elements/0/children/0/faces/south/autoUv",
    "value": false,
    "file": "game:shapes/entity/humanoid/seraphskinparts/hair-extra/classicponytail.json"
  },
  {
    "op": "add",
    "path": "/elements/0/children/0/faces/up/autoUv",
    "value": false,
    "file": "game:shapes/entity/humanoid/seraphskinparts/hair-extra/classicponytail.json"
  },
  {
    "op": "replace",
    "path": "/elements/0/children/0/from/0",
    "value": 5.25,
    "file": "game:shapes/entity/humanoid/seraphskinparts/hair-extra/classicponytail.json"
  },
  {
    "op": "replace",
    "path": "/elements/0/children/0/from/1",
    "value": -3.1,
    "file": "game:shapes/entity/humanoid/seraphskinparts/hair-extra/classicponytail.json"
  },
  {
    "op": "replace",
    "path": "/elements/0/children/0/rotationOrigin/0",
    "value": 5.25,
    "file": "game:shapes/entity/humanoid/seraphskinparts/hair-extra/classicponytail.json"
  },
  {
    "op": "replace",
    "path": "/elements/0/children/0/rotationOrigin/1",
    "value": 3.9,
    "file": "game:shapes/entity/humanoid/seraphskinparts/hair-extra/classicponytail.json"
  },
  {
    "op": "replace",
    "path": "/elements/0/children/0/to/0",
    "value": 7.25,
    "file": "game:shapes/entity/humanoid/seraphskinparts/hair-extra/classicponytail.json"
  },
  {
    "op": "replace",
    "path": "/elements/0/children/0/to/1",
    "value": 3.9,
    "file": "game:shapes/entity/humanoid/seraphskinparts/hair-extra/classicponytail.json"
  },
  {
    "op": "replace",
    "path": "/elements/0/from/1",
    "value": -0.0,
    "file": "game:shapes/entity/humanoid/seraphskinparts/hair-extra/classicponytail.json"
  },
  {
    "op": "replace",
    "path": "/elements/0/from/0",
    "value": -0.0,
    "file": "game:shapes/entity/humanoid/seraphskinparts/hair-extra/classicponytail.json"
  },
  {
    "op": "replace",
    "path": "/elements/0/name",
    "value": "hideme",
    "file": "game:shapes/entity/humanoid/seraphskinparts/hair-extra/classicponytail.json"
  },
  {
    "op": "replace",
    "path": "/elements/0/to/0",
    "value": 1.0,
    "file": "game:shapes/entity/humanoid/seraphskinparts/hair-extra/classicponytail.json"
  },
  {
    "op": "add",
    "path": "/textures/hair",
    "value": "silverchalice",
    "file": "game:shapes/entity/humanoid/seraphskinparts/hair-extra/classicponytail.json"
  },
  {
    "op": "remove",
    "path": "/textureSizes/birch",
    "file": "game:shapes/entity/humanoid/seraphskinparts/hair-extra/classicponytail.json"
  }
]