[
  {
    "op": "remove",
    "path": "/editor",
    "file": "game:shapes/entity/humanoid/seraphskinparts/hair-base/iroquois.json"
  },
  {
    "op": "add",
    "path": "/groups",
    "value": [],
    "file": "game:shapes/entity/humanoid/seraphskinparts/hair-base/iroquois.json"
  },
  {
    "op": "remove",
    "path": "/elements/0/autoUnwrap",
    "file": "game:shapes/entity/humanoid/seraphskinparts/hair-base/iroquois.json"
  },
  {
    "op": "remove",
    "path": "/elements/0/uv",
    "file": "game:shapes/entity/humanoid/seraphskinparts/hair-base/iroquois.json"
  },
  {
    "op": "add",
    "path": "/elements/0/group",
    "value": "Scene Collection",
    "file": "game:shapes/entity/humanoid/seraphskinparts/hair-base/iroquois.json"
  },
  {
    "op": "replace",
    "path": "/elements/0/children",
    "value": [
      {
        "name": "Front",
        "from": [
          0.2,
          3.3,
          2.0
        ],
        "to": [
          0.2,
          5.3,
          3.0
        ],
        "rotationOrigin": [
          0.2,
          5.3,
          2.5
        ],
        "rotationZ": -14.0,
        "group": "Scene Collection",
        "faces": {
          "west": {
            "texture": "#hair",
            "uv": [
              17.0,
              12.5,
              18.0,
              14.5
            ],
            "autoUv": false
          }
        },
        "children": []
      },
      {
        "name": "hideme",
        "from": [
          -0.0,
          0.0,
          0.0
        ],
        "to": [
          1.0,
          1.0,
          1.0
        ],
        "rotationOrigin": [
          -0.0,
          0.0,
          0.0
        ],
        "group": "Scene Collection",
        "faces": {},
        "children": [
          {
            "name": "BackL",
            "from": [
              5.0,
              0.0,
              2.6
            ],
            "to": [
              7.0,
              6.0,
              2.6
            ],
            "rotationOrigin": [
              5.0,
              3.0,
              2.6
            ],
            "rotationX": -0.0,
            "rotationY": -22.0,
            "rotationZ": -0.0,
            "group": "Scene Collection",
            "faces": {
              "north": {
                "texture": "#hair",
                "uv": [
                  0.5,
                  13.0,
                  6.5,
                  15.0
                ],
                "autoUv": false,
                "rotation": 90
              }
            },
            "children": []
          },
          {
            "name": "BackR",
            "from": [
              5.0,
              0.0,
              2.6
            ],
            "to": [
              7.0,
              6.0,
              2.6
            ],
            "rotationOrigin": [
              5.0,
              3.0,
              2.6
            ],
            "rotationX": 0.0,
            "rotationY": 11.0,
            "rotationZ": -0.0,
            "group": "Scene Collection",
            "faces": {
              "north": {
                "texture": "#hair",
                "uv": [
                  0.5,
                  13.0,
                  6.5,
                  15.0
                ],
                "autoUv": false,
                "rotation": 90
              }
            },
            "children": []
          },
          {
            "name": "SpikyBack",
            "from": [
              5.0,
              -0.0,
              2.6
            ],
            "to": [
              7.0,
              6.0,
              2.6
            ],
            "rotationOrigin": [
              5.0,
              -0.0,
              2.6
            ],
            "group": "Scene Collection",
            "faces": {
              "north": {
                "texture": "#hair",
                "uv": [
                  16.0,
                  4.0,
                  22.0,
                  6.0
                ],
                "autoUv": false,
                "rotation": 90
              }
            },
            "children": []
          },
          {
            "name": "SpikyTop",
            "from": [
              -0.0,
              4.47,
              2.5
            ],
            "to": [
              6.4,
              6.47,
              2.5
            ],
            "rotationOrigin": [
              -0.0,
              4.47,
              2.5
            ],
            "group": "Scene Collection",
            "faces": {
              "north": {
                "texture": "#hair",
                "uv": [
                  20.0,
                  11.0,
                  26.0,
                  13.0
                ],
                "autoUv": false,
                "rotation": 180
              }
            },
            "children": []
          },
          {
            "name": "TopL",
            "from": [
              -0.0,
              3.77,
              2.6
            ],
            "to": [
              6.4,
              5.77,
              2.6
            ],
            "rotationOrigin": [
              3.0,
              3.77,
              2.6
            ],
            "rotationX": 22.0,
            "rotationY": -0.0,
            "rotationZ": -0.0,
            "group": "Scene Collection",
            "faces": {
              "north": {
                "texture": "#hair",
                "uv": [
                  13.0,
                  12.5,
                  19.0,
                  14.5
                ],
                "autoUv": false,
                "rotation": 180
              }
            },
            "children": []
          },
          {
            "name": "TopR",
            "from": [
              -0.0,
              3.77,
              2.6
            ],
            "to": [
              6.4,
              5.77,
              2.6
            ],
            "rotationOrigin": [
              3.0,
              3.77,
              2.6
            ],
            "rotationX": -22.0,
            "rotationY": 0.0,
            "rotationZ": -0.0,
            "group": "Scene Collection",
            "faces": {
              "north": {
                "texture": "#hair",
                "uv": [
                  7.0,
                  11.0,
                  13.0,
                  13.0
                ],
                "autoUv": false,
                "rotation": 180
              }
            },
            "children": []
          }
        ]
      }
    ],
    "file": "game:shapes/entity/humanoid/seraphskinparts/hair-base/iroquois.json"
  },
  {
    "op": "add",
    "path": "/elements/0/faces/east/autoUv",
    "value": false,
    "file": "game:shapes/entity/humanoid/seraphskinparts/hair-base/iroquois.json"
  },
  {
    "op": "add",
    "path": "/elements/0/faces/up/autoUv",
    "value": false,
    "file": "game:shapes/entity/humanoid/seraphskinparts/hair-base/iroquois.json"
  },
  {
    "op": "replace",
    "path": "/elements/0/faces/up/uv/2",
    "value": 8.0,
    "file": "game:shapes/entity/humanoid/seraphskinparts/hair-base/iroquois.json"
  },
  {
    "op": "replace",
    "path": "/elements/0/from/0",
    "value": -0.2,
    "file": "game:shapes/entity/humanoid/seraphskinparts/hair-base/iroquois.json"
  },
  {
    "op": "replace",
    "path": "/elements/0/from/1",
    "value": -0.3,
    "file": "game:shapes/entity/humanoid/seraphskinparts/hair-base/iroquois.json"
  },
  {
    "op": "replace",
    "path": "/elements/0/to/0",
    "value": 5.46,
    "file": "game:shapes/entity/humanoid/seraphskinparts/hair-base/iroquois.json"
  },
  {
    "op": "replace",
    "path": "/elements/0/to/1",
    "value": 4.51,
    "file": "game:shapes/entity/humanoid/seraphskinparts/hair-base/iroquois.json"
  },
  {
    "op": "replace",
    "path": "/textures/hair",
    "value": "wheat",
    "file": "game:shapes/entity/humanoid/seraphskinparts/hair-base/iroquois.json"
  },
  {
    "op": "remove",
    "path": "/textureSizes/birch",
    "file": "game:shapes/entity/humanoid/seraphskinparts/hair-base/iroquois.json"
  }
]