[
  {
    "op": "remove",
    "path": "/editor",
    "file": "game:shapes/entity/humanoid/seraphskinparts/hair-base/looselong.json"
  },
  {
    "op": "add",
    "path": "/groups",
    "value": [],
    "file": "game:shapes/entity/humanoid/seraphskinparts/hair-base/looselong.json"
  },
  {
    "op": "remove",
    "path": "/elements/0/autoUnwrap",
    "file": "game:shapes/entity/humanoid/seraphskinparts/hair-base/looselong.json"
  },
  {
    "op": "remove",
    "path": "/elements/0/stepParentName",
    "file": "game:shapes/entity/humanoid/seraphskinparts/hair-base/looselong.json"
  },
  {
    "op": "remove",
    "path": "/elements/0/uv",
    "file": "game:shapes/entity/humanoid/seraphskinparts/hair-base/looselong.json"
  },
  {
    "op": "add",
    "path": "/elements/0/group",
    "value": "Scene Collection",
    "file": "game:shapes/entity/humanoid/seraphskinparts/hair-base/looselong.json"
  },
  {
    "op": "remove",
    "path": "/elements/0/children/0/uv",
    "file": "game:shapes/entity/humanoid/seraphskinparts/hair-base/looselong.json"
  },
  {
    "op": "add",
    "path": "/elements/0/children/0/children",
    "value": [],
    "file": "game:shapes/entity/humanoid/seraphskinparts/hair-base/looselong.json"
  },
  {
    "op": "add",
    "path": "/elements/0/children/0/group",
    "value": "Scene Collection",
    "file": "game:shapes/entity/humanoid/seraphskinparts/hair-base/looselong.json"
  },
  {
    "op": "add",
    "path": "/elements/0/children/0/rotationZ",
    "value": -0.0,
    "file": "game:shapes/entity/humanoid/seraphskinparts/hair-base/looselong.json"
  },
  {
    "op": "add",
    "path": "/elements/0/children/0/faces/south/autoUv",
    "value": false,
    "file": "game:shapes/entity/humanoid/seraphskinparts/hair-base/looselong.json"
  },
  {
    "op": "replace",
    "path": "/elements/0/children/0/from/0",
    "value": 3.5,
    "file": "game:shapes/entity/humanoid/seraphskinparts/hair-base/looselong.json"
  },
  {
    "op": "replace",
    "path": "/elements/0/children/0/to/0",
    "value": 5.82,
    "file": "game:shapes/entity/humanoid/seraphskinparts/hair-base/looselong.json"
  },
  {
    "op": "remove",
    "path": "/elements/0/children/1/uv",
    "file": "game:shapes/entity/humanoid/seraphskinparts/hair-base/looselong.json"
  },
  {
    "op": "add",
    "path": "/elements/0/children/1/children",
    "value": [],
    "file": "game:shapes/entity/humanoid/seraphskinparts/hair-base/looselong.json"
  },
  {
    "op": "add",
    "path": "/elements/0/children/1/group",
    "value": "Scene Collection",
    "file": "game:shapes/entity/humanoid/seraphskinparts/hair-base/looselong.json"
  },
  {
    "op": "add",
    "path": "/elements/0/children/1/rotationZ",
    "value": -0.0,
    "file": "game:shapes/entity/humanoid/seraphskinparts/hair-base/looselong.json"
  },
  {
    "op": "add",
    "path": "/elements/0/children/1/faces/north/autoUv",
    "value": false,
    "file": "game:shapes/entity/humanoid/seraphskinparts/hair-base/looselong.json"
  },
  {
    "op": "replace",
    "path": "/elements/0/children/1/from/0",
    "value": 3.5,
    "file": "game:shapes/entity/humanoid/seraphskinparts/hair-base/looselong.json"
  },
  {
    "op": "replace",
    "path": "/elements/0/children/1/to/0",
    "value": 5.82,
    "file": "game:shapes/entity/humanoid/seraphskinparts/hair-base/looselong.json"
  },
  {
    "op": "remove",
    "path": "/elements/0/children/2/uv",
    "file": "game:shapes/entity/humanoid/seraphskinparts/hair-base/looselong.json"
  },
  {
    "op": "add",
    "path": "/elements/0/children/2/group",
    "value": "Scene Collection",
    "file": "game:shapes/entity/humanoid/seraphskinparts/hair-base/looselong.json"
  },
  {
    "op": "add",
    "path": "/elements/0/children/2/rotationOrigin",
    "value": [
      -0.0,
      0.0,
      -0.0
    ],
    "file": "game:shapes/entity/humanoid/seraphskinparts/hair-base/looselong.json"
  },
  {
    "op": "add",
    "path": "/elements/0/children/2/rotationZ",
    "value": -0.0,
    "file": "game:shapes/entity/humanoid/seraphskinparts/hair-base/looselong.json"
  },
  {
    "op": "remove",
    "path": "/elements/0/children/2/children/0/uv",
    "file": "game:shapes/entity/humanoid/seraphskinparts/hair-base/looselong.json"
  },
  {
    "op": "add",
    "path": "/elements/0/children/2/children/0/children",
    "value": [],
    "file": "game:shapes/entity/humanoid/seraphskinparts/hair-base/looselong.json"
  },
  {
    "op": "add",
    "path": "/elements/0/children/2/children/0/group",
    "value": "Scene Collection",
    "file": "game:shapes/entity/humanoid/seraphskinparts/hair-base/looselong.json"
  },
  {
    "op": "add",
    "path": "/elements/0/children/2/children/0/faces/east/autoUv",
    "value": false,
    "file": "game:shapes/entity/humanoid/seraphskinparts/hair-base/looselong.json"
  },
  {
    "op": "replace",
    "path": "/elements/0/children/2/children/0/faces/east/uv/1",
    "value": 15.5,
    "file": "game:shapes/entity/humanoid/seraphskinparts/hair-base/looselong.json"
  },
  {
    "op": "replace",
    "path": "/elements/0/children/2/children/0/faces/east/uv/2",
    "value": 42.5,
    "file": "game:shapes/entity/humanoid/seraphskinparts/hair-base/looselong.json"
  },
  {
    "op": "replace",
    "path": "/elements/0/children/2/children/0/faces/east/uv/3",
    "value": 22.5,
    "file": "game:shapes/entity/humanoid/seraphskinparts/hair-base/looselong.json"
  },
  {
    "op": "replace",
    "path": "/elements/0/children/2/children/0/from/0",
    "value": 6.74,
    "file": "game:shapes/entity/humanoid/seraphskinparts/hair-base/looselong.json"
  },
  {
    "op": "replace",
    "path": "/elements/0/children/2/children/0/from/1",
    "value": 1.6,
    "file": "game:shapes/entity/humanoid/seraphskinparts/hair-base/looselong.json"
  },
  {
    "op": "replace",
    "path": "/elements/0/children/2/children/0/from/2",
    "value": -0.2,
    "file": "game:shapes/entity/humanoid/seraphskinparts/hair-base/looselong.json"
  },
  {
    "op": "replace",
    "path": "/elements/0/children/2/children/0/name",
    "value": "back loose",
    "file": "game:shapes/entity/humanoid/seraphskinparts/hair-base/looselong.json"
  },
  {
    "op": "replace",
    "path": "/elements/0/children/2/children/0/rotationOrigin/0",
    "value": 6.8,
    "file": "game:shapes/entity/humanoid/seraphskinparts/hair-base/looselong.json"
  },
  {
    "op": "replace",
    "path": "/elements/0/children/2/children/0/rotationOrigin/1",
    "value": 8.6,
    "file": "game:shapes/entity/humanoid/seraphskinparts/hair-base/looselong.json"
  },
  {
    "op": "replace",
    "path": "/elements/0/children/2/children/0/rotationOrigin/2",
    "value": 2.8,
    "file": "game:shapes/entity/humanoid/seraphskinparts/hair-base/looselong.json"
  },
  {
    "op": "replace",
    "path": "/elements/0/children/2/children/0/rotationZ",
    "value": 5.0,
    "file": "game:shapes/entity/humanoid/seraphskinparts/hair-base/looselong.json"
  },
  {
    "op": "replace",
    "path": "/elements/0/children/2/children/0/to/0",
    "value": 6.8,
    "file": "game:shapes/entity/humanoid/seraphskinparts/hair-base/looselong.json"
  },
  {
    "op": "replace",
    "path": "/elements/0/children/2/children/0/to/1",
    "value": 7.86,
    "file": "game:shapes/entity/humanoid/seraphskinparts/hair-base/looselong.json"
  },
  {
    "op": "replace",
    "path": "/elements/0/children/2/children/0/to/2",
    "value": 5.8,
    "file": "game:shapes/entity/humanoid/seraphskinparts/hair-base/looselong.json"
  },
  {
    "op": "remove",
    "path": "/elements/0/children/2/children/1/rotationX",
    "file": "game:shapes/entity/humanoid/seraphskinparts/hair-base/looselong.json"
  },
  {
    "op": "remove",
    "path": "/elements/0/children/2/children/1/uv",
    "file": "game:shapes/entity/humanoid/seraphskinparts/hair-base/looselong.json"
  },
  {
    "op": "add",
    "path": "/elements/0/children/2/children/1/children",
    "value": [],
    "file": "game:shapes/entity/humanoid/seraphskinparts/hair-base/looselong.json"
  },
  {
    "op": "add",
    "path": "/elements/0/children/2/children/1/group",
    "value": "Scene Collection",
    "file": "game:shapes/entity/humanoid/seraphskinparts/hair-base/looselong.json"
  },
  {
    "op": "add",
    "path": "/elements/0/children/2/children/1/rotationZ",
    "value": -5.0,
    "file": "game:shapes/entity/humanoid/seraphskinparts/hair-base/looselong.json"
  },
  {
    "op": "remove",
    "path": "/elements/0/children/2/children/1/faces/north",
    "file": "game:shapes/entity/humanoid/seraphskinparts/hair-base/looselong.json"
  },
  {
    "op": "add",
    "path": "/elements/0/children/2/children/1/faces/east",
    "value": {
      "texture": "#hair",
      "uv": [
        36.5,
        17.5,
        42.0,
        24.5
      ],
      "autoUv": false
    },
    "file": "game:shapes/entity/humanoid/seraphskinparts/hair-base/looselong.json"
  },
  {
    "op": "replace",
    "path": "/elements/0/children/2/children/1/from/0",
    "value": 6.5,
    "file": "game:shapes/entity/humanoid/seraphskinparts/hair-base/looselong.json"
  },
  {
    "op": "replace",
    "path": "/elements/0/children/2/children/1/from/1",
    "value": -7.0,
    "file": "game:shapes/entity/humanoid/seraphskinparts/hair-base/looselong.json"
  },
  {
    "op": "replace",
    "path": "/elements/0/children/2/children/1/from/2",
    "value": -0.0,
    "file": "game:shapes/entity/humanoid/seraphskinparts/hair-base/looselong.json"
  },
  {
    "op": "replace",
    "path": "/elements/0/children/2/children/1/name",
    "value": "extension back",
    "file": "game:shapes/entity/humanoid/seraphskinparts/hair-base/looselong.json"
  },
  {
    "op": "replace",
    "path": "/elements/0/children/2/children/1/rotationOrigin/0",
    "value": 6.5,
    "file": "game:shapes/entity/humanoid/seraphskinparts/hair-base/looselong.json"
  },
  {
    "op": "replace",
    "path": "/elements/0/children/2/children/1/rotationOrigin/1",
    "value": -0.0,
    "file": "game:shapes/entity/humanoid/seraphskinparts/hair-base/looselong.json"
  },
  {
    "op": "replace",
    "path": "/elements/0/children/2/children/1/rotationOrigin/2",
    "value": 2.7,
    "file": "game:shapes/entity/humanoid/seraphskinparts/hair-base/looselong.json"
  },
  {
    "op": "replace",
    "path": "/elements/0/children/2/children/1/to/0",
    "value": 6.5,
    "file": "game:shapes/entity/humanoid/seraphskinparts/hair-base/looselong.json"
  },
  {
    "op": "replace",
    "path": "/elements/0/children/2/children/1/to/1",
    "value": -0.0,
    "file": "game:shapes/entity/humanoid/seraphskinparts/hair-base/looselong.json"
  },
  {
    "op": "replace",
    "path": "/elements/0/children/2/children/1/to/2",
    "value": 5.5,
    "file": "game:shapes/entity/humanoid/seraphskinparts/hair-base/looselong.json"
  },
  {
    "op": "remove",
    "path": "/elements/0/children/2/children/2/rotationX",
    "file": "game:shapes/entity/humanoid/seraphskinparts/hair-base/looselong.json"
  },
  {
    "op": "remove",
    "path": "/elements/0/children/2/children/2/uv",
    "file": "game:shapes/entity/humanoid/seraphskinparts/hair-base/looselong.json"
  },
  {
    "op": "add",
    "path": "/elements/0/children/2/children/2/children",
    "value": [],
    "file": "game:shapes/entity/humanoid/seraphskinparts/hair-base/looselong.json"
  },
  {
    "op": "add",
    "path": "/elements/0/children/2/children/2/group",
    "value": "Scene Collection",
    "file": "game:shapes/entity/humanoid/seraphskinparts/hair-base/looselong.json"
  },
  {
    "op": "add",
    "path": "/elements/0/children/2/children/2/rotationZ",
    "value": -8.0,
    "file": "game:shapes/entity/humanoid/seraphskinparts/hair-base/looselong.json"
  },
  {
    "op": "remove",
    "path": "/elements/0/children/2/children/2/faces/south",
    "file": "game:shapes/entity/humanoid/seraphskinparts/hair-base/looselong.json"
  },
  {
    "op": "add",
    "path": "/elements/0/children/2/children/2/faces/west",
    "value": {
      "texture": "#hair",
      "uv": [
        34.5,
        18.5,
        40.5,
        22.5
      ],
      "autoUv": false
    },
    "file": "game:shapes/entity/humanoid/seraphskinparts/hair-base/looselong.json"
  },
  {
    "op": "replace",
    "path": "/elements/0/children/2/children/2/from/1",
    "value": 3.88,
    "file": "game:shapes/entity/humanoid/seraphskinparts/hair-base/looselong.json"
  },
  {
    "op": "replace",
    "path": "/elements/0/children/2/children/2/from/2",
    "value": -0.2,
    "file": "game:shapes/entity/humanoid/seraphskinparts/hair-base/looselong.json"
  },
  {
    "op": "replace",
    "path": "/elements/0/children/2/children/2/name",
    "value": "front short",
    "file": "game:shapes/entity/humanoid/seraphskinparts/hair-base/looselong.json"
  },
  {
    "op": "replace",
    "path": "/elements/0/children/2/children/2/rotationOrigin/0",
    "value": -0.2,
    "file": "game:shapes/entity/humanoid/seraphskinparts/hair-base/looselong.json"
  },
  {
    "op": "replace",
    "path": "/elements/0/children/2/children/2/rotationOrigin/1",
    "value": 7.88,
    "file": "game:shapes/entity/humanoid/seraphskinparts/hair-base/looselong.json"
  },
  {
    "op": "replace",
    "path": "/elements/0/children/2/children/2/rotationOrigin/2",
    "value": 2.8,
    "file": "game:shapes/entity/humanoid/seraphskinparts/hair-base/looselong.json"
  },
  {
    "op": "replace",
    "path": "/elements/0/children/2/children/2/to/0",
    "value": -0.2,
    "file": "game:shapes/entity/humanoid/seraphskinparts/hair-base/looselong.json"
  },
  {
    "op": "replace",
    "path": "/elements/0/children/2/children/2/to/1",
    "value": 7.88,
    "file": "game:shapes/entity/humanoid/seraphskinparts/hair-base/looselong.json"
  },
  {
    "op": "remove",
    "path": "/elements/0/children/2/children/3/uv",
    "file": "game:shapes/entity/humanoid/seraphskinparts/hair-base/looselong.json"
  },
  {
    "op": "add",
    "path": "/elements/0/children/2/children/3/children",
    "value": [],
    "file": "game:shapes/entity/humanoid/seraphskinparts/hair-base/looselong.json"
  },
  {
    "op": "add",
    "path": "/elements/0/children/2/children/3/group",
    "value": "Scene Collection",
    "file": "game:shapes/entity/humanoid/seraphskinparts/hair-base/looselong.json"
  },
  {
    "op": "add",
    "path": "/elements/0/children/2/children/3/rotationY",
    "value": -0.0,
    "file": "game:shapes/entity/humanoid/seraphskinparts/hair-base/looselong.json"
  },
  {
    "op": "add",
    "path": "/elements/0/children/2/children/3/rotationZ",
    "value": -0.0,
    "file": "game:shapes/entity/humanoid/seraphskinparts/hair-base/looselong.json"
  },
  {
    "op": "add",
    "path": "/elements/0/children/2/children/3/faces/north/autoUv",
    "value": false,
    "file": "game:shapes/entity/humanoid/seraphskinparts/hair-base/looselong.json"
  },
  {
    "op": "replace",
    "path": "/elements/0/children/2/children/3/faces/north/uv/2",
    "value": 47.5,
    "file": "game:shapes/entity/humanoid/seraphskinparts/hair-base/looselong.json"
  },
  {
    "op": "replace",
    "path": "/elements/0/children/2/children/3/from/2",
    "value": -0.0,
    "file": "game:shapes/entity/humanoid/seraphskinparts/hair-base/looselong.json"
  },
  {
    "op": "replace",
    "path": "/elements/0/children/2/children/3/rotationOrigin/2",
    "value": -0.0,
    "file": "game:shapes/entity/humanoid/seraphskinparts/hair-base/looselong.json"
  },
  {
    "op": "replace",
    "path": "/elements/0/children/2/children/3/to/2",
    "value": -0.0,
    "file": "game:shapes/entity/humanoid/seraphskinparts/hair-base/looselong.json"
  },
  {
    "op": "replace",
    "path": "/elements/0/children/2/children/3/to/0",
    "value": 5.62,
    "file": "game:shapes/entity/humanoid/seraphskinparts/hair-base/looselong.json"
  },
  {
    "op": "remove",
    "path": "/elements/0/children/2/children/4/uv",
    "file": "game:shapes/entity/humanoid/seraphskinparts/hair-base/looselong.json"
  },
  {
    "op": "add",
    "path": "/elements/0/children/2/children/4/children",
    "value": [],
    "file": "game:shapes/entity/humanoid/seraphskinparts/hair-base/looselong.json"
  },
  {
    "op": "add",
    "path": "/elements/0/children/2/children/4/group",
    "value": "Scene Collection",
    "file": "game:shapes/entity/humanoid/seraphskinparts/hair-base/looselong.json"
  },
  {
    "op": "add",
    "path": "/elements/0/children/2/children/4/rotationX",
    "value": -16.0,
    "file": "game:shapes/entity/humanoid/seraphskinparts/hair-base/looselong.json"
  },
  {
    "op": "add",
    "path": "/elements/0/children/2/children/4/rotationY",
    "value": 0.0,
    "file": "game:shapes/entity/humanoid/seraphskinparts/hair-base/looselong.json"
  },
  {
    "op": "remove",
    "path": "/elements/0/children/2/children/4/faces/west",
    "file": "game:shapes/entity/humanoid/seraphskinparts/hair-base/looselong.json"
  },
  {
    "op": "add",
    "path": "/elements/0/children/2/children/4/faces/south",
    "value": {
      "texture": "#hair",
      "uv": [
        31.5,
        3.0,
        37.5,
        8.0
      ],
      "autoUv": false
    },
    "file": "game:shapes/entity/humanoid/seraphskinparts/hair-base/looselong.json"
  },
  {
    "op": "replace",
    "path": "/elements/0/children/2/children/4/from/0",
    "value": 0.3,
    "file": "game:shapes/entity/humanoid/seraphskinparts/hair-base/looselong.json"
  },
  {
    "op": "replace",
    "path": "/elements/0/children/2/children/4/from/1",
    "value": -0.4,
    "file": "game:shapes/entity/humanoid/seraphskinparts/hair-base/looselong.json"
  },
  {
    "op": "replace",
    "path": "/elements/0/children/2/children/4/from/2",
    "value": 5.5,
    "file": "game:shapes/entity/humanoid/seraphskinparts/hair-base/looselong.json"
  },
  {
    "op": "replace",
    "path": "/elements/0/children/2/children/4/name",
    "value": "hair lower S",
    "file": "game:shapes/entity/humanoid/seraphskinparts/hair-base/looselong.json"
  },
  {
    "op": "replace",
    "path": "/elements/0/children/2/children/4/rotationOrigin/0",
    "value": 3.8,
    "file": "game:shapes/entity/humanoid/seraphskinparts/hair-base/looselong.json"
  },
  {
    "op": "replace",
    "path": "/elements/0/children/2/children/4/rotationOrigin/1",
    "value": 4.6,
    "file": "game:shapes/entity/humanoid/seraphskinparts/hair-base/looselong.json"
  },
  {
    "op": "replace",
    "path": "/elements/0/children/2/children/4/rotationOrigin/2",
    "value": 5.5,
    "file": "game:shapes/entity/humanoid/seraphskinparts/hair-base/looselong.json"
  },
  {
    "op": "replace",
    "path": "/elements/0/children/2/children/4/rotationZ",
    "value": -0.0,
    "file": "game:shapes/entity/humanoid/seraphskinparts/hair-base/looselong.json"
  },
  {
    "op": "replace",
    "path": "/elements/0/children/2/children/4/to/0",
    "value": 5.62,
    "file": "game:shapes/entity/humanoid/seraphskinparts/hair-base/looselong.json"
  },
  {
    "op": "replace",
    "path": "/elements/0/children/2/children/4/to/1",
    "value": 4.6,
    "file": "game:shapes/entity/humanoid/seraphskinparts/hair-base/looselong.json"
  },
  {
    "op": "replace",
    "path": "/elements/0/children/2/children/4/to/2",
    "value": 5.5,
    "file": "game:shapes/entity/humanoid/seraphskinparts/hair-base/looselong.json"
  },
  {
    "op": "remove",
    "path": "/elements/0/children/2/children/5/uv",
    "file": "game:shapes/entity/humanoid/seraphskinparts/hair-base/looselong.json"
  },
  {
    "op": "add",
    "path": "/elements/0/children/2/children/5/children",
    "value": [],
    "file": "game:shapes/entity/humanoid/seraphskinparts/hair-base/looselong.json"
  },
  {
    "op": "add",
    "path": "/elements/0/children/2/children/5/group",
    "value": "Scene Collection",
    "file": "game:shapes/entity/humanoid/seraphskinparts/hair-base/looselong.json"
  },
  {
    "op": "add",
    "path": "/elements/0/children/2/children/5/rotationY",
    "value": -0.0,
    "file": "game:shapes/entity/humanoid/seraphskinparts/hair-base/looselong.json"
  },
  {
    "op": "add",
    "path": "/elements/0/children/2/children/5/rotationZ",
    "value": -0.0,
    "file": "game:shapes/entity/humanoid/seraphskinparts/hair-base/looselong.json"
  },
  {
    "op": "remove",
    "path": "/elements/0/children/2/children/5/faces/south",
    "file": "game:shapes/entity/humanoid/seraphskinparts/hair-base/looselong.json"
  },
  {
    "op": "add",
    "path": "/elements/0/children/2/children/5/faces/north",
    "value": {
      "texture": "#hair",
      "uv": [
        19.5,
        24.0,
        26.5,
        29.0
      ],
      "autoUv": false
    },
    "file": "game:shapes/entity/humanoid/seraphskinparts/hair-base/looselong.json"
  },
  {
    "op": "replace",
    "path": "/elements/0/children/2/children/5/from/0",
    "value": -0.2,
    "file": "game:shapes/entity/humanoid/seraphskinparts/hair-base/looselong.json"
  },
  {
    "op": "replace",
    "path": "/elements/0/children/2/children/5/from/1",
    "value": 2.88,
    "file": "game:shapes/entity/humanoid/seraphskinparts/hair-base/looselong.json"
  },
  {
    "op": "replace",
    "path": "/elements/0/children/2/children/5/from/2",
    "value": -0.2,
    "file": "game:shapes/entity/humanoid/seraphskinparts/hair-base/looselong.json"
  },
  {
    "op": "replace",
    "path": "/elements/0/children/2/children/5/name",
    "value": "hair upper N",
    "file": "game:shapes/entity/humanoid/seraphskinparts/hair-base/looselong.json"
  },
  {
    "op": "replace",
    "path": "/elements/0/children/2/children/5/rotationOrigin/0",
    "value": 3.3,
    "file": "game:shapes/entity/humanoid/seraphskinparts/hair-base/looselong.json"
  },
  {
    "op": "replace",
    "path": "/elements/0/children/2/children/5/rotationOrigin/1",
    "value": 7.88,
    "file": "game:shapes/entity/humanoid/seraphskinparts/hair-base/looselong.json"
  },
  {
    "op": "replace",
    "path": "/elements/0/children/2/children/5/rotationOrigin/2",
    "value": -0.2,
    "file": "game:shapes/entity/humanoid/seraphskinparts/hair-base/looselong.json"
  },
  {
    "op": "replace",
    "path": "/elements/0/children/2/children/5/rotationX",
    "value": 8.0,
    "file": "game:shapes/entity/humanoid/seraphskinparts/hair-base/looselong.json"
  },
  {
    "op": "replace",
    "path": "/elements/0/children/2/children/5/to/0",
    "value": 6.8,
    "file": "game:shapes/entity/humanoid/seraphskinparts/hair-base/looselong.json"
  },
  {
    "op": "replace",
    "path": "/elements/0/children/2/children/5/to/1",
    "value": 7.88,
    "file": "game:shapes/entity/humanoid/seraphskinparts/hair-base/looselong.json"
  },
  {
    "op": "replace",
    "path": "/elements/0/children/2/children/5/to/2",
    "value": -0.2,
    "file": "game:shapes/entity/humanoid/seraphskinparts/hair-base/looselong.json"
  },
  {
    "op": "remove",
    "path": "/elements/0/children/2/children/6/autoUnwrap",
    "file": "game:shapes/entity/humanoid/seraphskinparts/hair-base/looselong.json"
  },
  {
    "op": "remove",
    "path": "/elements/0/children/2/children/6/uv",
    "file": "game:shapes/entity/humanoid/seraphskinparts/hair-base/looselong.json"
  },
  {
    "op": "add",
    "path": "/elements/0/children/2/children/6/children",
    "value": [],
    "file": "game:shapes/entity/humanoid/seraphskinparts/hair-base/looselong.json"
  },
  {
    "op": "add",
    "path": "/elements/0/children/2/children/6/group",
    "value": "Scene Collection",
    "file": "game:shapes/entity/humanoid/seraphskinparts/hair-base/looselong.json"
  },
  {
    "op": "add",
    "path": "/elements/0/children/2/children/6/rotationZ",
    "value": -0.0,
    "file": "game:shapes/entity/humanoid/seraphskinparts/hair-base/looselong.json"
  },
  {
    "op": "remove",
    "path": "/elements/0/children/2/children/6/faces/east",
    "file": "game:shapes/entity/humanoid/seraphskinparts/hair-base/looselong.json"
  },
  {
    "op": "remove",
    "path": "/elements/0/children/2/children/6/faces/north",
    "file": "game:shapes/entity/humanoid/seraphskinparts/hair-base/looselong.json"
  },
  {
    "op": "remove",
    "path": "/elements/0/children/2/children/6/faces/up",
    "file": "game:shapes/entity/humanoid/seraphskinparts/hair-base/looselong.json"
  },
  {
    "op": "remove",
    "path": "/elements/0/children/2/children/6/faces/west",
    "file": "game:shapes/entity/humanoid/seraphskinparts/hair-base/looselong.json"
  },
  {
    "op": "add",
    "path": "/elements/0/children/2/children/6/faces/south/autoUv",
    "value": false,
    "file": "game:shapes/entity/humanoid/seraphskinparts/hair-base/looselong.json"
  },
  {
    "op": "replace",
    "path": "/elements/0/children/2/children/6/faces/south/uv/0",
    "value": 20.0,
    "file": "game:shapes/entity/humanoid/seraphskinparts/hair-base/looselong.json"
  },
  {
    "op": "replace",
    "path": "/elements/0/children/2/children/6/faces/south/uv/1",
    "value": 24.5,
    "file": "game:shapes/entity/humanoid/seraphskinparts/hair-base/looselong.json"
  },
  {
    "op": "replace",
    "path": "/elements/0/children/2/children/6/faces/south/uv/2",
    "value": 27.0,
    "file": "game:shapes/entity/humanoid/seraphskinparts/hair-base/looselong.json"
  },
  {
    "op": "replace",
    "path": "/elements/0/children/2/children/6/faces/south/uv/3",
    "value": 29.5,
    "file": "game:shapes/entity/humanoid/seraphskinparts/hair-base/looselong.json"
  },
  {
    "op": "replace",
    "path": "/elements/0/children/2/children/6/from/1",
    "value": 2.88,
    "file": "game:shapes/entity/humanoid/seraphskinparts/hair-base/looselong.json"
  },
  {
    "op": "replace",
    "path": "/elements/0/children/2/children/6/from/2",
    "value": 5.8,
    "file": "game:shapes/entity/humanoid/seraphskinparts/hair-base/looselong.json"
  },
  {
    "op": "replace",
    "path": "/elements/0/children/2/children/6/name",
    "value": "hair upper S",
    "file": "game:shapes/entity/humanoid/seraphskinparts/hair-base/looselong.json"
  },
  {
    "op": "replace",
    "path": "/elements/0/children/2/children/6/rotationOrigin/0",
    "value": 3.3,
    "file": "game:shapes/entity/humanoid/seraphskinparts/hair-base/looselong.json"
  },
  {
    "op": "replace",
    "path": "/elements/0/children/2/children/6/rotationOrigin/1",
    "value": 7.88,
    "file": "game:shapes/entity/humanoid/seraphskinparts/hair-base/looselong.json"
  },
  {
    "op": "replace",
    "path": "/elements/0/children/2/children/6/rotationOrigin/2",
    "value": 5.8,
    "file": "game:shapes/entity/humanoid/seraphskinparts/hair-base/looselong.json"
  },
  {
    "op": "replace",
    "path": "/elements/0/children/2/children/6/rotationX",
    "value": -8.0,
    "file": "game:shapes/entity/humanoid/seraphskinparts/hair-base/looselong.json"
  },
  {
    "op": "replace",
    "path": "/elements/0/children/2/children/6/rotationY",
    "value": 0.0,
    "file": "game:shapes/entity/humanoid/seraphskinparts/hair-base/looselong.json"
  },
  {
    "op": "replace",
    "path": "/elements/0/children/2/children/6/to/0",
    "value": 6.8,
    "file": "game:shapes/entity/humanoid/seraphskinparts/hair-base/looselong.json"
  },
  {
    "op": "replace",
    "path": "/elements/0/children/2/children/6/to/1",
    "value": 7.88,
    "file": "game:shapes/entity/humanoid/seraphskinparts/hair-base/looselong.json"
  },
  {
    "op": "replace",
    "path": "/elements/0/children/2/children/6/to/2",
    "value": 5.8,
    "file": "game:shapes/entity/humanoid/seraphskinparts/hair-base/looselong.json"
  },
  {
    "op": "remove",
    "path": "/elements/0/children/2/children/7/autoUnwrap",
    "file": "game:shapes/entity/humanoid/seraphskinparts/hair-base/looselong.json"
  },
  {
    "op": "remove",
    "path": "/elements/0/children/2/children/7/uv",
    "file": "game:shapes/entity/humanoid/seraphskinparts/hair-base/looselong.json"
  },
  {
    "op": "add",
    "path": "/elements/0/children/2/children/7/children",
    "value": [],
    "file": "game:shapes/entity/humanoid/seraphskinparts/hair-base/looselong.json"
  },
  {
    "op": "add",
    "path": "/elements/0/children/2/children/7/group",
    "value": "Scene Collection",
    "file": "game:shapes/entity/humanoid/seraphskinparts/hair-base/looselong.json"
  },
  {
    "op": "add",
    "path": "/elements/0/children/2/children/7/rotationZ",
    "value": 0.02,
    "file": "game:shapes/entity/humanoid/seraphskinparts/hair-base/looselong.json"
  },
  {
    "op": "add",
    "path": "/elements/0/children/2/children/7/faces/east/autoUv",
    "value": false,
    "file": "game:shapes/entity/humanoid/seraphskinparts/hair-base/looselong.json"
  },
  {
    "op": "add",
    "path": "/elements/0/children/2/children/7/faces/north/autoUv",
    "value": false,
    "file": "game:shapes/entity/humanoid/seraphskinparts/hair-base/looselong.json"
  },
  {
    "op": "replace",
    "path": "/elements/0/children/2/children/7/faces/north/uv/2",
    "value": 37.0,
    "file": "game:shapes/entity/humanoid/seraphskinparts/hair-base/looselong.json"
  },
  {
    "op": "add",
    "path": "/elements/0/children/2/children/7/faces/south/autoUv",
    "value": false,
    "file": "game:shapes/entity/humanoid/seraphskinparts/hair-base/looselong.json"
  },
  {
    "op": "replace",
    "path": "/elements/0/children/2/children/7/faces/south/uv/2",
    "value": 39.5,
    "file": "game:shapes/entity/humanoid/seraphskinparts/hair-base/looselong.json"
  },
  {
    "op": "add",
    "path": "/elements/0/children/2/children/7/faces/up/autoUv",
    "value": false,
    "file": "game:shapes/entity/humanoid/seraphskinparts/hair-base/looselong.json"
  },
  {
    "op": "replace",
    "path": "/elements/0/children/2/children/7/faces/up/uv/2",
    "value": 37.0,
    "file": "game:shapes/entity/humanoid/seraphskinparts/hair-base/looselong.json"
  },
  {
    "op": "add",
    "path": "/elements/0/children/2/children/7/faces/west/autoUv",
    "value": false,
    "file": "game:shapes/entity/humanoid/seraphskinparts/hair-base/looselong.json"
  },
  {
    "op": "replace",
    "path": "/elements/0/children/2/children/7/from/1",
    "value": 7.78,
    "file": "game:shapes/entity/humanoid/seraphskinparts/hair-base/looselong.json"
  },
  {
    "op": "replace",
    "path": "/elements/0/children/2/children/7/rotationOrigin/1",
    "value": 7.78,
    "file": "game:shapes/entity/humanoid/seraphskinparts/hair-base/looselong.json"
  },
  {
    "op": "replace",
    "path": "/elements/0/children/2/children/7/to/0",
    "value": 6.8,
    "file": "game:shapes/entity/humanoid/seraphskinparts/hair-base/looselong.json"
  },
  {
    "op": "replace",
    "path": "/elements/0/children/2/children/7/to/1",
    "value": 8.28,
    "file": "game:shapes/entity/humanoid/seraphskinparts/hair-base/looselong.json"
  },
  {
    "op": "remove",
    "path": "/elements/0/children/2/children/8/uv",
    "file": "game:shapes/entity/humanoid/seraphskinparts/hair-base/looselong.json"
  },
  {
    "op": "add",
    "path": "/elements/0/children/2/children/8/children",
    "value": [],
    "file": "game:shapes/entity/humanoid/seraphskinparts/hair-base/looselong.json"
  },
  {
    "op": "add",
    "path": "/elements/0/children/2/children/8/group",
    "value": "Scene Collection",
    "file": "game:shapes/entity/humanoid/seraphskinparts/hair-base/looselong.json"
  },
  {
    "op": "add",
    "path": "/elements/0/children/2/children/8/rotationX",
    "value": -9.0,
    "file": "game:shapes/entity/humanoid/seraphskinparts/hair-base/looselong.json"
  },
  {
    "op": "add",
    "path": "/elements/0/children/2/children/8/rotationY",
    "value": -0.1,
    "file": "game:shapes/entity/humanoid/seraphskinparts/hair-base/looselong.json"
  },
  {
    "op": "add",
    "path": "/elements/0/children/2/children/8/faces/east",
    "value": {
      "texture": "#hair",
      "uv": [
        29.5,
        35.0,
        32.0,
        35.5
      ],
      "autoUv": false
    },
    "file": "game:shapes/entity/humanoid/seraphskinparts/hair-base/looselong.json"
  },
  {
    "op": "add",
    "path": "/elements/0/children/2/children/8/faces/north",
    "value": {
      "texture": "#hair",
      "uv": [
        29.5,
        36.0,
        36.5,
        36.5
      ],
      "autoUv": false
    },
    "file": "game:shapes/entity/humanoid/seraphskinparts/hair-base/looselong.json"
  },
  {
    "op": "add",
    "path": "/elements/0/children/2/children/8/faces/south",
    "value": {
      "texture": "#hair",
      "uv": [
        32.0,
        35.5,
        39.0,
        36.0
      ],
      "autoUv": false
    },
    "file": "game:shapes/entity/humanoid/seraphskinparts/hair-base/looselong.json"
  },
  {
    "op": "add",
    "path": "/elements/0/children/2/children/8/faces/up",
    "value": {
      "texture": "#hair",
      "uv": [
        32.0,
        31.0,
        39.0,
        33.5
      ],
      "autoUv": false
    },
    "file": "game:shapes/entity/humanoid/seraphskinparts/hair-base/looselong.json"
  },
  {
    "op": "add",
    "path": "/elements/0/children/2/children/8/faces/west/autoUv",
    "value": false,
    "file": "game:shapes/entity/humanoid/seraphskinparts/hair-base/looselong.json"
  },
  {
    "op": "replace",
    "path": "/elements/0/children/2/children/8/faces/west/uv/0",
    "value": 32.5,
    "file": "game:shapes/entity/humanoid/seraphskinparts/hair-base/looselong.json"
  },
  {
    "op": "replace",
    "path": "/elements/0/children/2/children/8/faces/west/uv/1",
    "value": 33.5,
    "file": "game:shapes/entity/humanoid/seraphskinparts/hair-base/looselong.json"
  },
  {
    "op": "replace",
    "path": "/elements/0/children/2/children/8/faces/west/uv/2",
    "value": 35.0,
    "file": "game:shapes/entity/humanoid/seraphskinparts/hair-base/looselong.json"
  },
  {
    "op": "replace",
    "path": "/elements/0/children/2/children/8/faces/west/uv/3",
    "value": 34.0,
    "file": "game:shapes/entity/humanoid/seraphskinparts/hair-base/looselong.json"
  },
  {
    "op": "replace",
    "path": "/elements/0/children/2/children/8/from/0",
    "value": -0.2,
    "file": "game:shapes/entity/humanoid/seraphskinparts/hair-base/looselong.json"
  },
  {
    "op": "replace",
    "path": "/elements/0/children/2/children/8/from/1",
    "value": 7.78,
    "file": "game:shapes/entity/humanoid/seraphskinparts/hair-base/looselong.json"
  },
  {
    "op": "replace",
    "path": "/elements/0/children/2/children/8/from/2",
    "value": 0.25,
    "file": "game:shapes/entity/humanoid/seraphskinparts/hair-base/looselong.json"
  },
  {
    "op": "replace",
    "path": "/elements/0/children/2/children/8/name",
    "value": "head R",
    "file": "game:shapes/entity/humanoid/seraphskinparts/hair-base/looselong.json"
  },
  {
    "op": "replace",
    "path": "/elements/0/children/2/children/8/rotationOrigin/0",
    "value": -0.2,
    "file": "game:shapes/entity/humanoid/seraphskinparts/hair-base/looselong.json"
  },
  {
    "op": "replace",
    "path": "/elements/0/children/2/children/8/rotationOrigin/1",
    "value": 7.78,
    "file": "game:shapes/entity/humanoid/seraphskinparts/hair-base/looselong.json"
  },
  {
    "op": "replace",
    "path": "/elements/0/children/2/children/8/rotationOrigin/2",
    "value": 2.9,
    "file": "game:shapes/entity/humanoid/seraphskinparts/hair-base/looselong.json"
  },
  {
    "op": "replace",
    "path": "/elements/0/children/2/children/8/rotationZ",
    "value": -0.02,
    "file": "game:shapes/entity/humanoid/seraphskinparts/hair-base/looselong.json"
  },
  {
    "op": "replace",
    "path": "/elements/0/children/2/children/8/to/0",
    "value": 6.8,
    "file": "game:shapes/entity/humanoid/seraphskinparts/hair-base/looselong.json"
  },
  {
    "op": "replace",
    "path": "/elements/0/children/2/children/8/to/1",
    "value": 8.28,
    "file": "game:shapes/entity/humanoid/seraphskinparts/hair-base/looselong.json"
  },
  {
    "op": "replace",
    "path": "/elements/0/children/2/children/8/to/2",
    "value": 2.85,
    "file": "game:shapes/entity/humanoid/seraphskinparts/hair-base/looselong.json"
  },
  {
    "op": "remove",
    "path": "/elements/0/children/2/children/9/uv",
    "file": "game:shapes/entity/humanoid/seraphskinparts/hair-base/looselong.json"
  },
  {
    "op": "add",
    "path": "/elements/0/children/2/children/9/children",
    "value": [],
    "file": "game:shapes/entity/humanoid/seraphskinparts/hair-base/looselong.json"
  },
  {
    "op": "add",
    "path": "/elements/0/children/2/children/9/group",
    "value": "Scene Collection",
    "file": "game:shapes/entity/humanoid/seraphskinparts/hair-base/looselong.json"
  },
  {
    "op": "remove",
    "path": "/elements/0/children/2/children/9/faces/east",
    "file": "game:shapes/entity/humanoid/seraphskinparts/hair-base/looselong.json"
  },
  {
    "op": "add",
    "path": "/elements/0/children/2/children/9/faces/west",
    "value": {
      "texture": "#hair",
      "uv": [
        42.5,
        14.5,
        44.0,
        22.5
      ],
      "autoUv": false
    },
    "file": "game:shapes/entity/humanoid/seraphskinparts/hair-base/looselong.json"
  },
  {
    "op": "replace",
    "path": "/elements/0/children/2/children/9/from/0",
    "value": -0.11,
    "file": "game:shapes/entity/humanoid/seraphskinparts/hair-base/looselong.json"
  },
  {
    "op": "replace",
    "path": "/elements/0/children/2/children/9/from/1",
    "value": 0.6,
    "file": "game:shapes/entity/humanoid/seraphskinparts/hair-base/looselong.json"
  },
  {
    "op": "replace",
    "path": "/elements/0/children/2/children/9/from/2",
    "value": -0.0,
    "file": "game:shapes/entity/humanoid/seraphskinparts/hair-base/looselong.json"
  },
  {
    "op": "replace",
    "path": "/elements/0/children/2/children/9/name",
    "value": "long strand front",
    "file": "game:shapes/entity/humanoid/seraphskinparts/hair-base/looselong.json"
  },
  {
    "op": "replace",
    "path": "/elements/0/children/2/children/9/rotationOrigin/0",
    "value": -0.1,
    "file": "game:shapes/entity/humanoid/seraphskinparts/hair-base/looselong.json"
  },
  {
    "op": "replace",
    "path": "/elements/0/children/2/children/9/rotationOrigin/2",
    "value": 1.0,
    "file": "game:shapes/entity/humanoid/seraphskinparts/hair-base/looselong.json"
  },
  {
    "op": "replace",
    "path": "/elements/0/children/2/children/9/rotationZ",
    "value": 1.0,
    "file": "game:shapes/entity/humanoid/seraphskinparts/hair-base/looselong.json"
  },
  {
    "op": "replace",
    "path": "/elements/0/children/2/children/9/to/0",
    "value": -0.1,
    "file": "game:shapes/entity/humanoid/seraphskinparts/hair-base/looselong.json"
  },
  {
    "op": "replace",
    "path": "/elements/0/children/2/children/9/to/1",
    "value": 7.86,
    "file": "game:shapes/entity/humanoid/seraphskinparts/hair-base/looselong.json"
  },
  {
    "op": "replace",
    "path": "/elements/0/children/2/children/9/to/2",
    "value": 1.5,
    "file": "game:shapes/entity/humanoid/seraphskinparts/hair-base/looselong.json"
  },
  {
    "op": "replace",
    "path": "/elements/0/children/2/from/0",
    "value": -0.0,
    "file": "game:shapes/entity/humanoid/seraphskinparts/hair-base/looselong.json"
  },
  {
    "op": "replace",
    "path": "/elements/0/children/2/from/2",
    "value": -0.0,
    "file": "game:shapes/entity/humanoid/seraphskinparts/hair-base/looselong.json"
  },
  {
    "op": "replace",
    "path": "/elements/0/children/2/name",
    "value": "hideme",
    "file": "game:shapes/entity/humanoid/seraphskinparts/hair-base/looselong.json"
  },
  {
    "op": "add",
    "path": "/elements/0/faces/east/autoUv",
    "value": false,
    "file": "game:shapes/entity/humanoid/seraphskinparts/hair-base/looselong.json"
  },
  {
    "op": "add",
    "path": "/elements/0/faces/north/autoUv",
    "value": false,
    "file": "game:shapes/entity/humanoid/seraphskinparts/hair-base/looselong.json"
  },
  {
    "op": "replace",
    "path": "/elements/0/faces/north/uv/2",
    "value": 7.0,
    "file": "game:shapes/entity/humanoid/seraphskinparts/hair-base/looselong.json"
  },
  {
    "op": "add",
    "path": "/elements/0/faces/south/autoUv",
    "value": false,
    "file": "game:shapes/entity/humanoid/seraphskinparts/hair-base/looselong.json"
  },
  {
    "op": "replace",
    "path": "/elements/0/faces/south/uv/2",
    "value": 17.0,
    "file": "game:shapes/entity/humanoid/seraphskinparts/hair-base/looselong.json"
  },
  {
    "op": "add",
    "path": "/elements/0/faces/up/autoUv",
    "value": false,
    "file": "game:shapes/entity/humanoid/seraphskinparts/hair-base/looselong.json"
  },
  {
    "op": "replace",
    "path": "/elements/0/faces/up/uv/3",
    "value": 6.5,
    "file": "game:shapes/entity/humanoid/seraphskinparts/hair-base/looselong.json"
  },
  {
    "op": "add",
    "path": "/elements/0/faces/west/autoUv",
    "value": false,
    "file": "game:shapes/entity/humanoid/seraphskinparts/hair-base/looselong.json"
  },
  {
    "op": "replace",
    "path": "/elements/0/from/2",
    "value": -0.3,
    "file": "game:shapes/entity/humanoid/seraphskinparts/hair-base/looselong.json"
  },
  {
    "op": "replace",
    "path": "/elements/0/name",
    "value": "Hair.001",
    "file": "game:shapes/entity/humanoid/seraphskinparts/hair-base/looselong.json"
  },
  {
    "op": "replace",
    "path": "/elements/0/to/0",
    "value": 5.62,
    "file": "game:shapes/entity/humanoid/seraphskinparts/hair-base/looselong.json"
  },
  {
    "op": "replace",
    "path": "/elements/0/to/1",
    "value": 4.68,
    "file": "game:shapes/entity/humanoid/seraphskinparts/hair-base/looselong.json"
  },
  {
    "op": "replace",
    "path": "/elements/0/to/2",
    "value": 5.2,
    "file": "game:shapes/entity/humanoid/seraphskinparts/hair-base/looselong.json"
  },
  {
    "op": "remove",
    "path": "/elements/1/autoUnwrap",
    "file": "game:shapes/entity/humanoid/seraphskinparts/hair-base/looselong.json"
  },
  {
    "op": "remove",
    "path": "/elements/1/stepParentName",
    "file": "game:shapes/entity/humanoid/seraphskinparts/hair-base/looselong.json"
  },
  {
    "op": "remove",
    "path": "/elements/1/uv",
    "file": "game:shapes/entity/humanoid/seraphskinparts/hair-base/looselong.json"
  },
  {
    "op": "add",
    "path": "/elements/1/children",
    "value": [],
    "file": "game:shapes/entity/humanoid/seraphskinparts/hair-base/looselong.json"
  },
  {
    "op": "add",
    "path": "/elements/1/group",
    "value": "Scene Collection",
    "file": "game:shapes/entity/humanoid/seraphskinparts/hair-base/looselong.json"
  },
  {
    "op": "add",
    "path": "/elements/1/faces/east/autoUv",
    "value": false,
    "file": "game:shapes/entity/humanoid/seraphskinparts/hair-base/looselong.json"
  },
  {
    "op": "add",
    "path": "/elements/1/faces/north/autoUv",
    "value": false,
    "file": "game:shapes/entity/humanoid/seraphskinparts/hair-base/looselong.json"
  },
  {
    "op": "replace",
    "path": "/elements/1/faces/north/uv/2",
    "value": 7.0,
    "file": "game:shapes/entity/humanoid/seraphskinparts/hair-base/looselong.json"
  },
  {
    "op": "add",
    "path": "/elements/1/faces/south/autoUv",
    "value": false,
    "file": "game:shapes/entity/humanoid/seraphskinparts/hair-base/looselong.json"
  },
  {
    "op": "replace",
    "path": "/elements/1/faces/south/uv/2",
    "value": 19.0,
    "file": "game:shapes/entity/humanoid/seraphskinparts/hair-base/looselong.json"
  },
  {
    "op": "add",
    "path": "/elements/1/faces/up/autoUv",
    "value": false,
    "file": "game:shapes/entity/humanoid/seraphskinparts/hair-base/looselong.json"
  },
  {
    "op": "replace",
    "path": "/elements/1/faces/up/uv/3",
    "value": 17.5,
    "file": "game:shapes/entity/humanoid/seraphskinparts/hair-base/looselong.json"
  },
  {
    "op": "add",
    "path": "/elements/1/faces/west/autoUv",
    "value": false,
    "file": "game:shapes/entity/humanoid/seraphskinparts/hair-base/looselong.json"
  },
  {
    "op": "replace",
    "path": "/elements/1/name",
    "value": "Hair tile upper part.001",
    "file": "game:shapes/entity/humanoid/seraphskinparts/hair-base/looselong.json"
  },
  {
    "op": "replace",
    "path": "/elements/1/to/0",
    "value": 5.92,
    "file": "game:shapes/entity/humanoid/seraphskinparts/hair-base/looselong.json"
  },
  {
    "op": "replace",
    "path": "/elements/1/to/1",
    "value": 4.78,
    "file": "game:shapes/entity/humanoid/seraphskinparts/hair-base/looselong.json"
  },
  {
    "op": "replace",
    "path": "/textures/hair",
    "value": "wheat",
    "file": "game:shapes/entity/humanoid/seraphskinparts/hair-base/looselong.json"
  },
  {
    "op": "remove",
    "path": "/textureSizes/birch",
    "file": "game:shapes/entity/humanoid/seraphskinparts/hair-base/looselong.json"
  }
]