[
  {
    "op": "remove",
    "path": "/editor",
    "file": "game:shapes/entity/humanoid/seraphskinparts/hair-extra/siderolls.json"
  },
  {
    "op": "add",
    "path": "/groups",
    "value": [],
    "file": "game:shapes/entity/humanoid/seraphskinparts/hair-extra/siderolls.json"
  },
  {
    "op": "remove",
    "path": "/elements/0/uv",
    "file": "game:shapes/entity/humanoid/seraphskinparts/hair-extra/siderolls.json"
  },
  {
    "op": "add",
    "path": "/elements/0/group",
    "value": "siderolls",
    "file": "game:shapes/entity/humanoid/seraphskinparts/hair-extra/siderolls.json"
  },
  {
    "op": "add",
    "path": "/elements/0/rotationOrigin",
    "value": [
      -0.0,
      -0.0,
      0.0
    ],
    "file": "game:shapes/entity/humanoid/seraphskinparts/hair-extra/siderolls.json"
  },
  {
    "op": "remove",
    "path": "/elements/0/children/0/uv",
    "file": "game:shapes/entity/humanoid/seraphskinparts/hair-extra/siderolls.json"
  },
  {
    "op": "add",
    "path": "/elements/0/children/0/group",
    "value": "siderolls",
    "file": "game:shapes/entity/humanoid/seraphskinparts/hair-extra/siderolls.json"
  },
  {
    "op": "remove",
    "path": "/elements/0/children/0/children/0/uv",
    "file": "game:shapes/entity/humanoid/seraphskinparts/hair-extra/siderolls.json"
  },
  {
    "op": "add",
    "path": "/elements/0/children/0/children/0/children",
    "value": [],
    "file": "game:shapes/entity/humanoid/seraphskinparts/hair-extra/siderolls.json"
  },
  {
    "op": "add",
    "path": "/elements/0/children/0/children/0/group",
    "value": "siderolls",
    "file": "game:shapes/entity/humanoid/seraphskinparts/hair-extra/siderolls.json"
  },
  {
    "op": "remove",
    "path": "/elements/0/children/0/children/0/faces/north",
    "file": "game:shapes/entity/humanoid/seraphskinparts/hair-extra/siderolls.json"
  },
  {
    "op": "add",
    "path": "/elements/0/children/0/children/0/faces/south",
    "value": {
      "texture": "#hair",
      "uv": [
        4.0,
        37.0,
        6.0,
        39.0
      ],
      "autoUv": false
    },
    "file": "game:shapes/entity/humanoid/seraphskinparts/hair-extra/siderolls.json"
  },
  {
    "op": "add",
    "path": "/elements/0/children/0/children/0/faces/down/autoUv",
    "value": false,
    "file": "game:shapes/entity/humanoid/seraphskinparts/hair-extra/siderolls.json"
  },
  {
    "op": "replace",
    "path": "/elements/0/children/0/children/0/faces/down/uv/0",
    "value": 5.5,
    "file": "game:shapes/entity/humanoid/seraphskinparts/hair-extra/siderolls.json"
  },
  {
    "op": "replace",
    "path": "/elements/0/children/0/children/0/faces/down/uv/1",
    "value": 37.0,
    "file": "game:shapes/entity/humanoid/seraphskinparts/hair-extra/siderolls.json"
  },
  {
    "op": "replace",
    "path": "/elements/0/children/0/children/0/faces/down/uv/2",
    "value": 3.5,
    "file": "game:shapes/entity/humanoid/seraphskinparts/hair-extra/siderolls.json"
  },
  {
    "op": "replace",
    "path": "/elements/0/children/0/children/0/faces/down/uv/3",
    "value": 36.5,
    "file": "game:shapes/entity/humanoid/seraphskinparts/hair-extra/siderolls.json"
  },
  {
    "op": "add",
    "path": "/elements/0/children/0/children/0/faces/east/autoUv",
    "value": false,
    "file": "game:shapes/entity/humanoid/seraphskinparts/hair-extra/siderolls.json"
  },
  {
    "op": "replace",
    "path": "/elements/0/children/0/children/0/faces/east/uv/0",
    "value": 3.5,
    "file": "game:shapes/entity/humanoid/seraphskinparts/hair-extra/siderolls.json"
  },
  {
    "op": "replace",
    "path": "/elements/0/children/0/children/0/faces/east/uv/1",
    "value": 37.0,
    "file": "game:shapes/entity/humanoid/seraphskinparts/hair-extra/siderolls.json"
  },
  {
    "op": "replace",
    "path": "/elements/0/children/0/children/0/faces/east/uv/2",
    "value": 4.0,
    "file": "game:shapes/entity/humanoid/seraphskinparts/hair-extra/siderolls.json"
  },
  {
    "op": "replace",
    "path": "/elements/0/children/0/children/0/faces/east/uv/3",
    "value": 39.0,
    "file": "game:shapes/entity/humanoid/seraphskinparts/hair-extra/siderolls.json"
  },
  {
    "op": "add",
    "path": "/elements/0/children/0/children/0/faces/up/autoUv",
    "value": false,
    "file": "game:shapes/entity/humanoid/seraphskinparts/hair-extra/siderolls.json"
  },
  {
    "op": "replace",
    "path": "/elements/0/children/0/children/0/faces/up/uv/0",
    "value": 1.5,
    "file": "game:shapes/entity/humanoid/seraphskinparts/hair-extra/siderolls.json"
  },
  {
    "op": "replace",
    "path": "/elements/0/children/0/children/0/faces/up/uv/1",
    "value": 36.5,
    "file": "game:shapes/entity/humanoid/seraphskinparts/hair-extra/siderolls.json"
  },
  {
    "op": "replace",
    "path": "/elements/0/children/0/children/0/faces/up/uv/2",
    "value": 3.5,
    "file": "game:shapes/entity/humanoid/seraphskinparts/hair-extra/siderolls.json"
  },
  {
    "op": "replace",
    "path": "/elements/0/children/0/children/0/faces/up/uv/3",
    "value": 37.0,
    "file": "game:shapes/entity/humanoid/seraphskinparts/hair-extra/siderolls.json"
  },
  {
    "op": "add",
    "path": "/elements/0/children/0/children/0/faces/west/autoUv",
    "value": false,
    "file": "game:shapes/entity/humanoid/seraphskinparts/hair-extra/siderolls.json"
  },
  {
    "op": "replace",
    "path": "/elements/0/children/0/children/0/faces/west/uv/0",
    "value": 6.0,
    "file": "game:shapes/entity/humanoid/seraphskinparts/hair-extra/siderolls.json"
  },
  {
    "op": "replace",
    "path": "/elements/0/children/0/children/0/faces/west/uv/1",
    "value": 37.0,
    "file": "game:shapes/entity/humanoid/seraphskinparts/hair-extra/siderolls.json"
  },
  {
    "op": "replace",
    "path": "/elements/0/children/0/children/0/faces/west/uv/2",
    "value": 6.5,
    "file": "game:shapes/entity/humanoid/seraphskinparts/hair-extra/siderolls.json"
  },
  {
    "op": "replace",
    "path": "/elements/0/children/0/children/0/faces/west/uv/3",
    "value": 39.0,
    "file": "game:shapes/entity/humanoid/seraphskinparts/hair-extra/siderolls.json"
  },
  {
    "op": "replace",
    "path": "/elements/0/children/0/children/0/from/2",
    "value": 1.5,
    "file": "game:shapes/entity/humanoid/seraphskinparts/hair-extra/siderolls.json"
  },
  {
    "op": "replace",
    "path": "/elements/0/children/0/children/0/name",
    "value": "RollLeft2",
    "file": "game:shapes/entity/humanoid/seraphskinparts/hair-extra/siderolls.json"
  },
  {
    "op": "replace",
    "path": "/elements/0/children/0/children/0/rotationOrigin/2",
    "value": 1.5,
    "file": "game:shapes/entity/humanoid/seraphskinparts/hair-extra/siderolls.json"
  },
  {
    "op": "replace",
    "path": "/elements/0/children/0/children/0/to/2",
    "value": 2.0,
    "file": "game:shapes/entity/humanoid/seraphskinparts/hair-extra/siderolls.json"
  },
  {
    "op": "remove",
    "path": "/elements/0/children/0/faces/north",
    "file": "game:shapes/entity/humanoid/seraphskinparts/hair-extra/siderolls.json"
  },
  {
    "op": "add",
    "path": "/elements/0/children/0/faces/south",
    "value": {
      "texture": "#hair",
      "uv": [
        21.0,
        33.5,
        24.0,
        36.5
      ],
      "autoUv": false
    },
    "file": "game:shapes/entity/humanoid/seraphskinparts/hair-extra/siderolls.json"
  },
  {
    "op": "add",
    "path": "/elements/0/children/0/faces/down/autoUv",
    "value": false,
    "file": "game:shapes/entity/humanoid/seraphskinparts/hair-extra/siderolls.json"
  },
  {
    "op": "replace",
    "path": "/elements/0/children/0/faces/down/uv/0",
    "value": 25.5,
    "file": "game:shapes/entity/humanoid/seraphskinparts/hair-extra/siderolls.json"
  },
  {
    "op": "replace",
    "path": "/elements/0/children/0/faces/down/uv/1",
    "value": 33.5,
    "file": "game:shapes/entity/humanoid/seraphskinparts/hair-extra/siderolls.json"
  },
  {
    "op": "replace",
    "path": "/elements/0/children/0/faces/down/uv/2",
    "value": 22.5,
    "file": "game:shapes/entity/humanoid/seraphskinparts/hair-extra/siderolls.json"
  },
  {
    "op": "replace",
    "path": "/elements/0/children/0/faces/down/uv/3",
    "value": 32.0,
    "file": "game:shapes/entity/humanoid/seraphskinparts/hair-extra/siderolls.json"
  },
  {
    "op": "add",
    "path": "/elements/0/children/0/faces/east/autoUv",
    "value": false,
    "file": "game:shapes/entity/humanoid/seraphskinparts/hair-extra/siderolls.json"
  },
  {
    "op": "replace",
    "path": "/elements/0/children/0/faces/east/uv/0",
    "value": 19.5,
    "file": "game:shapes/entity/humanoid/seraphskinparts/hair-extra/siderolls.json"
  },
  {
    "op": "replace",
    "path": "/elements/0/children/0/faces/east/uv/2",
    "value": 21.0,
    "file": "game:shapes/entity/humanoid/seraphskinparts/hair-extra/siderolls.json"
  },
  {
    "op": "add",
    "path": "/elements/0/children/0/faces/up/autoUv",
    "value": false,
    "file": "game:shapes/entity/humanoid/seraphskinparts/hair-extra/siderolls.json"
  },
  {
    "op": "add",
    "path": "/elements/0/children/0/faces/west/autoUv",
    "value": false,
    "file": "game:shapes/entity/humanoid/seraphskinparts/hair-extra/siderolls.json"
  },
  {
    "op": "replace",
    "path": "/elements/0/children/0/from/0",
    "value": 1.49,
    "file": "game:shapes/entity/humanoid/seraphskinparts/hair-extra/siderolls.json"
  },
  {
    "op": "replace",
    "path": "/elements/0/children/0/from/1",
    "value": 0.76,
    "file": "game:shapes/entity/humanoid/seraphskinparts/hair-extra/siderolls.json"
  },
  {
    "op": "replace",
    "path": "/elements/0/children/0/from/2",
    "value": 5.0,
    "file": "game:shapes/entity/humanoid/seraphskinparts/hair-extra/siderolls.json"
  },
  {
    "op": "replace",
    "path": "/elements/0/children/0/name",
    "value": "RollLeft",
    "file": "game:shapes/entity/humanoid/seraphskinparts/hair-extra/siderolls.json"
  },
  {
    "op": "replace",
    "path": "/elements/0/children/0/rotationOrigin/0",
    "value": 2.99,
    "file": "game:shapes/entity/humanoid/seraphskinparts/hair-extra/siderolls.json"
  },
  {
    "op": "replace",
    "path": "/elements/0/children/0/rotationOrigin/1",
    "value": 2.26,
    "file": "game:shapes/entity/humanoid/seraphskinparts/hair-extra/siderolls.json"
  },
  {
    "op": "replace",
    "path": "/elements/0/children/0/rotationOrigin/2",
    "value": 5.0,
    "file": "game:shapes/entity/humanoid/seraphskinparts/hair-extra/siderolls.json"
  },
  {
    "op": "replace",
    "path": "/elements/0/children/0/to/0",
    "value": 4.49,
    "file": "game:shapes/entity/humanoid/seraphskinparts/hair-extra/siderolls.json"
  },
  {
    "op": "replace",
    "path": "/elements/0/children/0/to/1",
    "value": 3.76,
    "file": "game:shapes/entity/humanoid/seraphskinparts/hair-extra/siderolls.json"
  },
  {
    "op": "replace",
    "path": "/elements/0/children/0/to/2",
    "value": 6.5,
    "file": "game:shapes/entity/humanoid/seraphskinparts/hair-extra/siderolls.json"
  },
  {
    "op": "remove",
    "path": "/elements/0/children/1/uv",
    "file": "game:shapes/entity/humanoid/seraphskinparts/hair-extra/siderolls.json"
  },
  {
    "op": "add",
    "path": "/elements/0/children/1/group",
    "value": "siderolls",
    "file": "game:shapes/entity/humanoid/seraphskinparts/hair-extra/siderolls.json"
  },
  {
    "op": "remove",
    "path": "/elements/0/children/1/children/0/uv",
    "file": "game:shapes/entity/humanoid/seraphskinparts/hair-extra/siderolls.json"
  },
  {
    "op": "add",
    "path": "/elements/0/children/1/children/0/children",
    "value": [],
    "file": "game:shapes/entity/humanoid/seraphskinparts/hair-extra/siderolls.json"
  },
  {
    "op": "add",
    "path": "/elements/0/children/1/children/0/group",
    "value": "siderolls",
    "file": "game:shapes/entity/humanoid/seraphskinparts/hair-extra/siderolls.json"
  },
  {
    "op": "remove",
    "path": "/elements/0/children/1/children/0/faces/south",
    "file": "game:shapes/entity/humanoid/seraphskinparts/hair-extra/siderolls.json"
  },
  {
    "op": "add",
    "path": "/elements/0/children/1/children/0/faces/north",
    "value": {
      "texture": "#hair",
      "uv": [
        17.0,
        33.5,
        19.0,
        35.5
      ],
      "autoUv": false
    },
    "file": "game:shapes/entity/humanoid/seraphskinparts/hair-extra/siderolls.json"
  },
  {
    "op": "add",
    "path": "/elements/0/children/1/children/0/faces/down/autoUv",
    "value": false,
    "file": "game:shapes/entity/humanoid/seraphskinparts/hair-extra/siderolls.json"
  },
  {
    "op": "replace",
    "path": "/elements/0/children/1/children/0/faces/down/uv/0",
    "value": 21.0,
    "file": "game:shapes/entity/humanoid/seraphskinparts/hair-extra/siderolls.json"
  },
  {
    "op": "replace",
    "path": "/elements/0/children/1/children/0/faces/down/uv/1",
    "value": 33.5,
    "file": "game:shapes/entity/humanoid/seraphskinparts/hair-extra/siderolls.json"
  },
  {
    "op": "replace",
    "path": "/elements/0/children/1/children/0/faces/down/uv/2",
    "value": 19.0,
    "file": "game:shapes/entity/humanoid/seraphskinparts/hair-extra/siderolls.json"
  },
  {
    "op": "replace",
    "path": "/elements/0/children/1/children/0/faces/down/uv/3",
    "value": 33.0,
    "file": "game:shapes/entity/humanoid/seraphskinparts/hair-extra/siderolls.json"
  },
  {
    "op": "add",
    "path": "/elements/0/children/1/children/0/faces/east/autoUv",
    "value": false,
    "file": "game:shapes/entity/humanoid/seraphskinparts/hair-extra/siderolls.json"
  },
  {
    "op": "replace",
    "path": "/elements/0/children/1/children/0/faces/east/uv/0",
    "value": 19.0,
    "file": "game:shapes/entity/humanoid/seraphskinparts/hair-extra/siderolls.json"
  },
  {
    "op": "replace",
    "path": "/elements/0/children/1/children/0/faces/east/uv/1",
    "value": 33.5,
    "file": "game:shapes/entity/humanoid/seraphskinparts/hair-extra/siderolls.json"
  },
  {
    "op": "replace",
    "path": "/elements/0/children/1/children/0/faces/east/uv/2",
    "value": 19.5,
    "file": "game:shapes/entity/humanoid/seraphskinparts/hair-extra/siderolls.json"
  },
  {
    "op": "replace",
    "path": "/elements/0/children/1/children/0/faces/east/uv/3",
    "value": 35.5,
    "file": "game:shapes/entity/humanoid/seraphskinparts/hair-extra/siderolls.json"
  },
  {
    "op": "add",
    "path": "/elements/0/children/1/children/0/faces/up/autoUv",
    "value": false,
    "file": "game:shapes/entity/humanoid/seraphskinparts/hair-extra/siderolls.json"
  },
  {
    "op": "replace",
    "path": "/elements/0/children/1/children/0/faces/up/uv/0",
    "value": 17.0,
    "file": "game:shapes/entity/humanoid/seraphskinparts/hair-extra/siderolls.json"
  },
  {
    "op": "replace",
    "path": "/elements/0/children/1/children/0/faces/up/uv/1",
    "value": 33.0,
    "file": "game:shapes/entity/humanoid/seraphskinparts/hair-extra/siderolls.json"
  },
  {
    "op": "replace",
    "path": "/elements/0/children/1/children/0/faces/up/uv/2",
    "value": 19.0,
    "file": "game:shapes/entity/humanoid/seraphskinparts/hair-extra/siderolls.json"
  },
  {
    "op": "replace",
    "path": "/elements/0/children/1/children/0/faces/up/uv/3",
    "value": 33.5,
    "file": "game:shapes/entity/humanoid/seraphskinparts/hair-extra/siderolls.json"
  },
  {
    "op": "add",
    "path": "/elements/0/children/1/children/0/faces/west/autoUv",
    "value": false,
    "file": "game:shapes/entity/humanoid/seraphskinparts/hair-extra/siderolls.json"
  },
  {
    "op": "replace",
    "path": "/elements/0/children/1/children/0/faces/west/uv/0",
    "value": 21.5,
    "file": "game:shapes/entity/humanoid/seraphskinparts/hair-extra/siderolls.json"
  },
  {
    "op": "replace",
    "path": "/elements/0/children/1/children/0/faces/west/uv/1",
    "value": 33.5,
    "file": "game:shapes/entity/humanoid/seraphskinparts/hair-extra/siderolls.json"
  },
  {
    "op": "replace",
    "path": "/elements/0/children/1/children/0/faces/west/uv/2",
    "value": 22.0,
    "file": "game:shapes/entity/humanoid/seraphskinparts/hair-extra/siderolls.json"
  },
  {
    "op": "replace",
    "path": "/elements/0/children/1/children/0/faces/west/uv/3",
    "value": 35.5,
    "file": "game:shapes/entity/humanoid/seraphskinparts/hair-extra/siderolls.json"
  },
  {
    "op": "replace",
    "path": "/elements/0/children/1/children/0/from/2",
    "value": -0.5,
    "file": "game:shapes/entity/humanoid/seraphskinparts/hair-extra/siderolls.json"
  },
  {
    "op": "replace",
    "path": "/elements/0/children/1/children/0/name",
    "value": "RollRight2",
    "file": "game:shapes/entity/humanoid/seraphskinparts/hair-extra/siderolls.json"
  },
  {
    "op": "replace",
    "path": "/elements/0/children/1/children/0/rotationOrigin/2",
    "value": -0.0,
    "file": "game:shapes/entity/humanoid/seraphskinparts/hair-extra/siderolls.json"
  },
  {
    "op": "replace",
    "path": "/elements/0/children/1/children/0/to/2",
    "value": -0.0,
    "file": "game:shapes/entity/humanoid/seraphskinparts/hair-extra/siderolls.json"
  },
  {
    "op": "remove",
    "path": "/elements/0/children/1/faces/south",
    "file": "game:shapes/entity/humanoid/seraphskinparts/hair-extra/siderolls.json"
  },
  {
    "op": "add",
    "path": "/elements/0/children/1/faces/north",
    "value": {
      "texture": "#hair",
      "uv": [
        19.5,
        33.5,
        22.5,
        36.5
      ],
      "autoUv": false
    },
    "file": "game:shapes/entity/humanoid/seraphskinparts/hair-extra/siderolls.json"
  },
  {
    "op": "add",
    "path": "/elements/0/children/1/faces/down/autoUv",
    "value": false,
    "file": "game:shapes/entity/humanoid/seraphskinparts/hair-extra/siderolls.json"
  },
  {
    "op": "replace",
    "path": "/elements/0/children/1/faces/down/uv/0",
    "value": 25.5,
    "file": "game:shapes/entity/humanoid/seraphskinparts/hair-extra/siderolls.json"
  },
  {
    "op": "replace",
    "path": "/elements/0/children/1/faces/down/uv/1",
    "value": 33.5,
    "file": "game:shapes/entity/humanoid/seraphskinparts/hair-extra/siderolls.json"
  },
  {
    "op": "replace",
    "path": "/elements/0/children/1/faces/down/uv/2",
    "value": 22.5,
    "file": "game:shapes/entity/humanoid/seraphskinparts/hair-extra/siderolls.json"
  },
  {
    "op": "replace",
    "path": "/elements/0/children/1/faces/down/uv/3",
    "value": 32.0,
    "file": "game:shapes/entity/humanoid/seraphskinparts/hair-extra/siderolls.json"
  },
  {
    "op": "add",
    "path": "/elements/0/children/1/faces/east/autoUv",
    "value": false,
    "file": "game:shapes/entity/humanoid/seraphskinparts/hair-extra/siderolls.json"
  },
  {
    "op": "replace",
    "path": "/elements/0/children/1/faces/east/uv/0",
    "value": 22.5,
    "file": "game:shapes/entity/humanoid/seraphskinparts/hair-extra/siderolls.json"
  },
  {
    "op": "replace",
    "path": "/elements/0/children/1/faces/east/uv/2",
    "value": 24.0,
    "file": "game:shapes/entity/humanoid/seraphskinparts/hair-extra/siderolls.json"
  },
  {
    "op": "add",
    "path": "/elements/0/children/1/faces/up/autoUv",
    "value": false,
    "file": "game:shapes/entity/humanoid/seraphskinparts/hair-extra/siderolls.json"
  },
  {
    "op": "add",
    "path": "/elements/0/children/1/faces/west/autoUv",
    "value": false,
    "file": "game:shapes/entity/humanoid/seraphskinparts/hair-extra/siderolls.json"
  },
  {
    "op": "replace",
    "path": "/elements/0/children/1/from/0",
    "value": 1.49,
    "file": "game:shapes/entity/humanoid/seraphskinparts/hair-extra/siderolls.json"
  },
  {
    "op": "replace",
    "path": "/elements/0/children/1/from/1",
    "value": 0.76,
    "file": "game:shapes/entity/humanoid/seraphskinparts/hair-extra/siderolls.json"
  },
  {
    "op": "replace",
    "path": "/elements/0/children/1/from/2",
    "value": -1.5,
    "file": "game:shapes/entity/humanoid/seraphskinparts/hair-extra/siderolls.json"
  },
  {
    "op": "replace",
    "path": "/elements/0/children/1/name",
    "value": "RollRight",
    "file": "game:shapes/entity/humanoid/seraphskinparts/hair-extra/siderolls.json"
  },
  {
    "op": "replace",
    "path": "/elements/0/children/1/rotationOrigin/0",
    "value": 2.99,
    "file": "game:shapes/entity/humanoid/seraphskinparts/hair-extra/siderolls.json"
  },
  {
    "op": "replace",
    "path": "/elements/0/children/1/rotationOrigin/1",
    "value": 2.26,
    "file": "game:shapes/entity/humanoid/seraphskinparts/hair-extra/siderolls.json"
  },
  {
    "op": "replace",
    "path": "/elements/0/children/1/rotationOrigin/2",
    "value": -1.1,
    "file": "game:shapes/entity/humanoid/seraphskinparts/hair-extra/siderolls.json"
  },
  {
    "op": "replace",
    "path": "/elements/0/children/1/to/0",
    "value": 4.49,
    "file": "game:shapes/entity/humanoid/seraphskinparts/hair-extra/siderolls.json"
  },
  {
    "op": "replace",
    "path": "/elements/0/children/1/to/1",
    "value": 3.76,
    "file": "game:shapes/entity/humanoid/seraphskinparts/hair-extra/siderolls.json"
  },
  {
    "op": "replace",
    "path": "/elements/0/children/1/to/2",
    "value": -0.0,
    "file": "game:shapes/entity/humanoid/seraphskinparts/hair-extra/siderolls.json"
  },
  {
    "op": "replace",
    "path": "/elements/0/from/0",
    "value": -0.0,
    "file": "game:shapes/entity/humanoid/seraphskinparts/hair-extra/siderolls.json"
  },
  {
    "op": "replace",
    "path": "/elements/0/from/1",
    "value": -0.0,
    "file": "game:shapes/entity/humanoid/seraphskinparts/hair-extra/siderolls.json"
  },
  {
    "op": "replace",
    "path": "/elements/0/name",
    "value": "hideme",
    "file": "game:shapes/entity/humanoid/seraphskinparts/hair-extra/siderolls.json"
  },
  {
    "op": "remove",
    "path": "/textures/birch",
    "file": "game:shapes/entity/humanoid/seraphskinparts/hair-extra/siderolls.json"
  },
  {
    "op": "replace",
    "path": "/textures/hair",
    "value": "silverchalice",
    "file": "game:shapes/entity/humanoid/seraphskinparts/hair-extra/siderolls.json"
  },
  {
    "op": "remove",
    "path": "/textureSizes/birch",
    "file": "game:shapes/entity/humanoid/seraphskinparts/hair-extra/siderolls.json"
  }
]