[
  {
    "op": "remove",
    "path": "/editor",
    "file": "game:shapes/entity/humanoid/seraphskinparts/hair-base/combed.json"
  },
  {
    "op": "add",
    "path": "/groups",
    "value": [],
    "file": "game:shapes/entity/humanoid/seraphskinparts/hair-base/combed.json"
  },
  {
    "op": "remove",
    "path": "/elements/0/autoUnwrap",
    "file": "game:shapes/entity/humanoid/seraphskinparts/hair-base/combed.json"
  },
  {
    "op": "remove",
    "path": "/elements/0/uv",
    "file": "game:shapes/entity/humanoid/seraphskinparts/hair-base/combed.json"
  },
  {
    "op": "add",
    "path": "/elements/0/group",
    "value": "Scene Collection",
    "file": "game:shapes/entity/humanoid/seraphskinparts/hair-base/combed.json"
  },
  {
    "op": "remove",
    "path": "/elements/0/children/0/uv",
    "file": "game:shapes/entity/humanoid/seraphskinparts/hair-base/combed.json"
  },
  {
    "op": "add",
    "path": "/elements/0/children/0/group",
    "value": "Scene Collection",
    "file": "game:shapes/entity/humanoid/seraphskinparts/hair-base/combed.json"
  },
  {
    "op": "add",
    "path": "/elements/0/children/0/rotationOrigin",
    "value": [
      0.0,
      0.0,
      -0.0
    ],
    "file": "game:shapes/entity/humanoid/seraphskinparts/hair-base/combed.json"
  },
  {
    "op": "remove",
    "path": "/elements/0/children/0/children/0/uv",
    "file": "game:shapes/entity/humanoid/seraphskinparts/hair-base/combed.json"
  },
  {
    "op": "add",
    "path": "/elements/0/children/0/children/0/group",
    "value": "Scene Collection",
    "file": "game:shapes/entity/humanoid/seraphskinparts/hair-base/combed.json"
  },
  {
    "op": "remove",
    "path": "/elements/0/children/0/children/0/children/0/uv",
    "file": "game:shapes/entity/humanoid/seraphskinparts/hair-base/combed.json"
  },
  {
    "op": "add",
    "path": "/elements/0/children/0/children/0/children/0/children",
    "value": [],
    "file": "game:shapes/entity/humanoid/seraphskinparts/hair-base/combed.json"
  },
  {
    "op": "add",
    "path": "/elements/0/children/0/children/0/children/0/group",
    "value": "Scene Collection",
    "file": "game:shapes/entity/humanoid/seraphskinparts/hair-base/combed.json"
  },
  {
    "op": "add",
    "path": "/elements/0/children/0/children/0/children/0/rotationX",
    "value": -0.0,
    "file": "game:shapes/entity/humanoid/seraphskinparts/hair-base/combed.json"
  },
  {
    "op": "add",
    "path": "/elements/0/children/0/children/0/children/0/rotationY",
    "value": -0.0,
    "file": "game:shapes/entity/humanoid/seraphskinparts/hair-base/combed.json"
  },
  {
    "op": "add",
    "path": "/elements/0/children/0/children/0/children/0/faces/west/autoUv",
    "value": false,
    "file": "game:shapes/entity/humanoid/seraphskinparts/hair-base/combed.json"
  },
  {
    "op": "replace",
    "path": "/elements/0/children/0/children/0/children/0/faces/west/uv/3",
    "value": 44.0,
    "file": "game:shapes/entity/humanoid/seraphskinparts/hair-base/combed.json"
  },
  {
    "op": "replace",
    "path": "/elements/0/children/0/children/0/children/0/from/2",
    "value": -0.0,
    "file": "game:shapes/entity/humanoid/seraphskinparts/hair-base/combed.json"
  },
  {
    "op": "replace",
    "path": "/elements/0/children/0/children/0/children/0/from/0",
    "value": -0.07,
    "file": "game:shapes/entity/humanoid/seraphskinparts/hair-base/combed.json"
  },
  {
    "op": "replace",
    "path": "/elements/0/children/0/children/0/children/0/from/1",
    "value": -1.9,
    "file": "game:shapes/entity/humanoid/seraphskinparts/hair-base/combed.json"
  },
  {
    "op": "replace",
    "path": "/elements/0/children/0/children/0/children/0/name",
    "value": "Cube7",
    "file": "game:shapes/entity/humanoid/seraphskinparts/hair-base/combed.json"
  },
  {
    "op": "replace",
    "path": "/elements/0/children/0/children/0/children/0/rotationOrigin/0",
    "value": 0.02,
    "file": "game:shapes/entity/humanoid/seraphskinparts/hair-base/combed.json"
  },
  {
    "op": "replace",
    "path": "/elements/0/children/0/children/0/children/0/rotationOrigin/1",
    "value": 0.09,
    "file": "game:shapes/entity/humanoid/seraphskinparts/hair-base/combed.json"
  },
  {
    "op": "replace",
    "path": "/elements/0/children/0/children/0/children/0/rotationOrigin/2",
    "value": 1.2,
    "file": "game:shapes/entity/humanoid/seraphskinparts/hair-base/combed.json"
  },
  {
    "op": "replace",
    "path": "/elements/0/children/0/children/0/children/0/rotationZ",
    "value": 86.0,
    "file": "game:shapes/entity/humanoid/seraphskinparts/hair-base/combed.json"
  },
  {
    "op": "replace",
    "path": "/elements/0/children/0/children/0/children/0/to/0",
    "value": -0.07,
    "file": "game:shapes/entity/humanoid/seraphskinparts/hair-base/combed.json"
  },
  {
    "op": "replace",
    "path": "/elements/0/children/0/children/0/children/0/to/1",
    "value": 0.1,
    "file": "game:shapes/entity/humanoid/seraphskinparts/hair-base/combed.json"
  },
  {
    "op": "add",
    "path": "/elements/0/children/0/children/0/faces/west/autoUv",
    "value": false,
    "file": "game:shapes/entity/humanoid/seraphskinparts/hair-base/combed.json"
  },
  {
    "op": "replace",
    "path": "/elements/0/children/0/children/0/from/0",
    "value": -0.22,
    "file": "game:shapes/entity/humanoid/seraphskinparts/hair-base/combed.json"
  },
  {
    "op": "replace",
    "path": "/elements/0/children/0/children/0/from/1",
    "value": 5.61,
    "file": "game:shapes/entity/humanoid/seraphskinparts/hair-base/combed.json"
  },
  {
    "op": "replace",
    "path": "/elements/0/children/0/children/0/from/2",
    "value": 2.5,
    "file": "game:shapes/entity/humanoid/seraphskinparts/hair-base/combed.json"
  },
  {
    "op": "replace",
    "path": "/elements/0/children/0/children/0/name",
    "value": "StrandFrontL",
    "file": "game:shapes/entity/humanoid/seraphskinparts/hair-base/combed.json"
  },
  {
    "op": "replace",
    "path": "/elements/0/children/0/children/0/rotationOrigin/0",
    "value": -0.2,
    "file": "game:shapes/entity/humanoid/seraphskinparts/hair-base/combed.json"
  },
  {
    "op": "replace",
    "path": "/elements/0/children/0/children/0/rotationOrigin/1",
    "value": 7.7,
    "file": "game:shapes/entity/humanoid/seraphskinparts/hair-base/combed.json"
  },
  {
    "op": "replace",
    "path": "/elements/0/children/0/children/0/rotationOrigin/2",
    "value": 3.8,
    "file": "game:shapes/entity/humanoid/seraphskinparts/hair-base/combed.json"
  },
  {
    "op": "replace",
    "path": "/elements/0/children/0/children/0/rotationX",
    "value": -80.01,
    "file": "game:shapes/entity/humanoid/seraphskinparts/hair-base/combed.json"
  },
  {
    "op": "replace",
    "path": "/elements/0/children/0/children/0/rotationY",
    "value": -0.09,
    "file": "game:shapes/entity/humanoid/seraphskinparts/hair-base/combed.json"
  },
  {
    "op": "replace",
    "path": "/elements/0/children/0/children/0/rotationZ",
    "value": -0.46,
    "file": "game:shapes/entity/humanoid/seraphskinparts/hair-base/combed.json"
  },
  {
    "op": "replace",
    "path": "/elements/0/children/0/children/0/to/0",
    "value": -0.22,
    "file": "game:shapes/entity/humanoid/seraphskinparts/hair-base/combed.json"
  },
  {
    "op": "replace",
    "path": "/elements/0/children/0/children/0/to/1",
    "value": 7.61,
    "file": "game:shapes/entity/humanoid/seraphskinparts/hair-base/combed.json"
  },
  {
    "op": "replace",
    "path": "/elements/0/children/0/children/0/to/2",
    "value": 4.0,
    "file": "game:shapes/entity/humanoid/seraphskinparts/hair-base/combed.json"
  },
  {
    "op": "remove",
    "path": "/elements/0/children/0/children/1/uv",
    "file": "game:shapes/entity/humanoid/seraphskinparts/hair-base/combed.json"
  },
  {
    "op": "add",
    "path": "/elements/0/children/0/children/1/group",
    "value": "Scene Collection",
    "file": "game:shapes/entity/humanoid/seraphskinparts/hair-base/combed.json"
  },
  {
    "op": "remove",
    "path": "/elements/0/children/0/children/1/children/0/uv",
    "file": "game:shapes/entity/humanoid/seraphskinparts/hair-base/combed.json"
  },
  {
    "op": "add",
    "path": "/elements/0/children/0/children/1/children/0/children",
    "value": [],
    "file": "game:shapes/entity/humanoid/seraphskinparts/hair-base/combed.json"
  },
  {
    "op": "add",
    "path": "/elements/0/children/0/children/1/children/0/group",
    "value": "Scene Collection",
    "file": "game:shapes/entity/humanoid/seraphskinparts/hair-base/combed.json"
  },
  {
    "op": "add",
    "path": "/elements/0/children/0/children/1/children/0/rotationX",
    "value": 0.0,
    "file": "game:shapes/entity/humanoid/seraphskinparts/hair-base/combed.json"
  },
  {
    "op": "add",
    "path": "/elements/0/children/0/children/1/children/0/rotationY",
    "value": -0.0,
    "file": "game:shapes/entity/humanoid/seraphskinparts/hair-base/combed.json"
  },
  {
    "op": "add",
    "path": "/elements/0/children/0/children/1/children/0/faces/west/autoUv",
    "value": false,
    "file": "game:shapes/entity/humanoid/seraphskinparts/hair-base/combed.json"
  },
  {
    "op": "replace",
    "path": "/elements/0/children/0/children/1/children/0/faces/west/uv/0",
    "value": 44.0,
    "file": "game:shapes/entity/humanoid/seraphskinparts/hair-base/combed.json"
  },
  {
    "op": "replace",
    "path": "/elements/0/children/0/children/1/children/0/faces/west/uv/1",
    "value": 42.0,
    "file": "game:shapes/entity/humanoid/seraphskinparts/hair-base/combed.json"
  },
  {
    "op": "replace",
    "path": "/elements/0/children/0/children/1/children/0/faces/west/uv/2",
    "value": 45.5,
    "file": "game:shapes/entity/humanoid/seraphskinparts/hair-base/combed.json"
  },
  {
    "op": "replace",
    "path": "/elements/0/children/0/children/1/children/0/faces/west/uv/3",
    "value": 44.0,
    "file": "game:shapes/entity/humanoid/seraphskinparts/hair-base/combed.json"
  },
  {
    "op": "replace",
    "path": "/elements/0/children/0/children/1/children/0/from/2",
    "value": -0.0,
    "file": "game:shapes/entity/humanoid/seraphskinparts/hair-base/combed.json"
  },
  {
    "op": "replace",
    "path": "/elements/0/children/0/children/1/children/0/from/0",
    "value": -0.08,
    "file": "game:shapes/entity/humanoid/seraphskinparts/hair-base/combed.json"
  },
  {
    "op": "replace",
    "path": "/elements/0/children/0/children/1/children/0/from/1",
    "value": -1.92,
    "file": "game:shapes/entity/humanoid/seraphskinparts/hair-base/combed.json"
  },
  {
    "op": "replace",
    "path": "/elements/0/children/0/children/1/children/0/name",
    "value": "Cube1",
    "file": "game:shapes/entity/humanoid/seraphskinparts/hair-base/combed.json"
  },
  {
    "op": "replace",
    "path": "/elements/0/children/0/children/1/children/0/rotationOrigin/0",
    "value": 0.02,
    "file": "game:shapes/entity/humanoid/seraphskinparts/hair-base/combed.json"
  },
  {
    "op": "replace",
    "path": "/elements/0/children/0/children/1/children/0/rotationOrigin/1",
    "value": 0.1,
    "file": "game:shapes/entity/humanoid/seraphskinparts/hair-base/combed.json"
  },
  {
    "op": "replace",
    "path": "/elements/0/children/0/children/1/children/0/rotationOrigin/2",
    "value": 0.2,
    "file": "game:shapes/entity/humanoid/seraphskinparts/hair-base/combed.json"
  },
  {
    "op": "replace",
    "path": "/elements/0/children/0/children/1/children/0/rotationZ",
    "value": 66.0,
    "file": "game:shapes/entity/humanoid/seraphskinparts/hair-base/combed.json"
  },
  {
    "op": "replace",
    "path": "/elements/0/children/0/children/1/children/0/to/0",
    "value": -0.08,
    "file": "game:shapes/entity/humanoid/seraphskinparts/hair-base/combed.json"
  },
  {
    "op": "replace",
    "path": "/elements/0/children/0/children/1/children/0/to/1",
    "value": 0.08,
    "file": "game:shapes/entity/humanoid/seraphskinparts/hair-base/combed.json"
  },
  {
    "op": "add",
    "path": "/elements/0/children/0/children/1/faces/west/autoUv",
    "value": false,
    "file": "game:shapes/entity/humanoid/seraphskinparts/hair-base/combed.json"
  },
  {
    "op": "replace",
    "path": "/elements/0/children/0/children/1/faces/west/uv/3",
    "value": 41.5,
    "file": "game:shapes/entity/humanoid/seraphskinparts/hair-base/combed.json"
  },
  {
    "op": "replace",
    "path": "/elements/0/children/0/children/1/from/0",
    "value": -0.02,
    "file": "game:shapes/entity/humanoid/seraphskinparts/hair-base/combed.json"
  },
  {
    "op": "replace",
    "path": "/elements/0/children/0/children/1/from/1",
    "value": 5.6,
    "file": "game:shapes/entity/humanoid/seraphskinparts/hair-base/combed.json"
  },
  {
    "op": "replace",
    "path": "/elements/0/children/0/children/1/from/2",
    "value": 1.8,
    "file": "game:shapes/entity/humanoid/seraphskinparts/hair-base/combed.json"
  },
  {
    "op": "replace",
    "path": "/elements/0/children/0/children/1/name",
    "value": "StrandFrontR",
    "file": "game:shapes/entity/humanoid/seraphskinparts/hair-base/combed.json"
  },
  {
    "op": "replace",
    "path": "/elements/0/children/0/children/1/rotationOrigin/0",
    "value": -0.0,
    "file": "game:shapes/entity/humanoid/seraphskinparts/hair-base/combed.json"
  },
  {
    "op": "replace",
    "path": "/elements/0/children/0/children/1/rotationOrigin/1",
    "value": 7.7,
    "file": "game:shapes/entity/humanoid/seraphskinparts/hair-base/combed.json"
  },
  {
    "op": "replace",
    "path": "/elements/0/children/0/children/1/rotationOrigin/2",
    "value": 2.1,
    "file": "game:shapes/entity/humanoid/seraphskinparts/hair-base/combed.json"
  },
  {
    "op": "replace",
    "path": "/elements/0/children/0/children/1/rotationX",
    "value": 78.02,
    "file": "game:shapes/entity/humanoid/seraphskinparts/hair-base/combed.json"
  },
  {
    "op": "replace",
    "path": "/elements/0/children/0/children/1/rotationY",
    "value": -0.13,
    "file": "game:shapes/entity/humanoid/seraphskinparts/hair-base/combed.json"
  },
  {
    "op": "replace",
    "path": "/elements/0/children/0/children/1/rotationZ",
    "value": 3.54,
    "file": "game:shapes/entity/humanoid/seraphskinparts/hair-base/combed.json"
  },
  {
    "op": "replace",
    "path": "/elements/0/children/0/children/1/to/0",
    "value": -0.02,
    "file": "game:shapes/entity/humanoid/seraphskinparts/hair-base/combed.json"
  },
  {
    "op": "replace",
    "path": "/elements/0/children/0/children/1/to/1",
    "value": 7.6,
    "file": "game:shapes/entity/humanoid/seraphskinparts/hair-base/combed.json"
  },
  {
    "op": "replace",
    "path": "/elements/0/children/0/children/1/to/2",
    "value": 3.3,
    "file": "game:shapes/entity/humanoid/seraphskinparts/hair-base/combed.json"
  },
  {
    "op": "remove",
    "path": "/elements/0/children/0/children/2/autoUnwrap",
    "file": "game:shapes/entity/humanoid/seraphskinparts/hair-base/combed.json"
  },
  {
    "op": "remove",
    "path": "/elements/0/children/0/children/2/uv",
    "file": "game:shapes/entity/humanoid/seraphskinparts/hair-base/combed.json"
  },
  {
    "op": "add",
    "path": "/elements/0/children/0/children/2/group",
    "value": "Scene Collection",
    "file": "game:shapes/entity/humanoid/seraphskinparts/hair-base/combed.json"
  },
  {
    "op": "add",
    "path": "/elements/0/children/0/children/2/rotationX",
    "value": -80.94,
    "file": "game:shapes/entity/humanoid/seraphskinparts/hair-base/combed.json"
  },
  {
    "op": "add",
    "path": "/elements/0/children/0/children/2/rotationY",
    "value": 0.66,
    "file": "game:shapes/entity/humanoid/seraphskinparts/hair-base/combed.json"
  },
  {
    "op": "remove",
    "path": "/elements/0/children/0/children/2/children/0/autoUnwrap",
    "file": "game:shapes/entity/humanoid/seraphskinparts/hair-base/combed.json"
  },
  {
    "op": "remove",
    "path": "/elements/0/children/0/children/2/children/0/uv",
    "file": "game:shapes/entity/humanoid/seraphskinparts/hair-base/combed.json"
  },
  {
    "op": "add",
    "path": "/elements/0/children/0/children/2/children/0/children",
    "value": [],
    "file": "game:shapes/entity/humanoid/seraphskinparts/hair-base/combed.json"
  },
  {
    "op": "add",
    "path": "/elements/0/children/0/children/2/children/0/group",
    "value": "Scene Collection",
    "file": "game:shapes/entity/humanoid/seraphskinparts/hair-base/combed.json"
  },
  {
    "op": "add",
    "path": "/elements/0/children/0/children/2/children/0/rotationX",
    "value": -0.0,
    "file": "game:shapes/entity/humanoid/seraphskinparts/hair-base/combed.json"
  },
  {
    "op": "add",
    "path": "/elements/0/children/0/children/2/children/0/rotationY",
    "value": -6.0,
    "file": "game:shapes/entity/humanoid/seraphskinparts/hair-base/combed.json"
  },
  {
    "op": "remove",
    "path": "/elements/0/children/0/children/2/children/0/faces/up",
    "file": "game:shapes/entity/humanoid/seraphskinparts/hair-base/combed.json"
  },
  {
    "op": "add",
    "path": "/elements/0/children/0/children/2/children/0/faces/down",
    "value": {
      "texture": "#hair",
      "uv": [
        47.0,
        43.5,
        45.5,
        41.5
      ],
      "autoUv": false,
      "rotation": 270
    },
    "file": "game:shapes/entity/humanoid/seraphskinparts/hair-base/combed.json"
  },
  {
    "op": "replace",
    "path": "/elements/0/children/0/children/2/children/0/from/2",
    "value": -0.0,
    "file": "game:shapes/entity/humanoid/seraphskinparts/hair-base/combed.json"
  },
  {
    "op": "replace",
    "path": "/elements/0/children/0/children/2/children/0/from/0",
    "value": 4.0,
    "file": "game:shapes/entity/humanoid/seraphskinparts/hair-base/combed.json"
  },
  {
    "op": "replace",
    "path": "/elements/0/children/0/children/2/children/0/name",
    "value": "Cube10",
    "file": "game:shapes/entity/humanoid/seraphskinparts/hair-base/combed.json"
  },
  {
    "op": "replace",
    "path": "/elements/0/children/0/children/2/children/0/rotationOrigin/0",
    "value": 4.0,
    "file": "game:shapes/entity/humanoid/seraphskinparts/hair-base/combed.json"
  },
  {
    "op": "replace",
    "path": "/elements/0/children/0/children/2/children/0/rotationZ",
    "value": 17.0,
    "file": "game:shapes/entity/humanoid/seraphskinparts/hair-base/combed.json"
  },
  {
    "op": "remove",
    "path": "/elements/0/children/0/children/2/faces/up",
    "file": "game:shapes/entity/humanoid/seraphskinparts/hair-base/combed.json"
  },
  {
    "op": "add",
    "path": "/elements/0/children/0/children/2/faces/down",
    "value": {
      "texture": "#hair",
      "uv": [
        47.0,
        43.5,
        45.5,
        39.5
      ],
      "autoUv": false,
      "rotation": 270
    },
    "file": "game:shapes/entity/humanoid/seraphskinparts/hair-base/combed.json"
  },
  {
    "op": "replace",
    "path": "/elements/0/children/0/children/2/from/0",
    "value": 0.2,
    "file": "game:shapes/entity/humanoid/seraphskinparts/hair-base/combed.json"
  },
  {
    "op": "replace",
    "path": "/elements/0/children/0/children/2/from/1",
    "value": 6.7,
    "file": "game:shapes/entity/humanoid/seraphskinparts/hair-base/combed.json"
  },
  {
    "op": "replace",
    "path": "/elements/0/children/0/children/2/from/2",
    "value": 4.8,
    "file": "game:shapes/entity/humanoid/seraphskinparts/hair-base/combed.json"
  },
  {
    "op": "replace",
    "path": "/elements/0/children/0/children/2/name",
    "value": "StrandLeft",
    "file": "game:shapes/entity/humanoid/seraphskinparts/hair-base/combed.json"
  },
  {
    "op": "replace",
    "path": "/elements/0/children/0/children/2/rotationOrigin/0",
    "value": 0.2,
    "file": "game:shapes/entity/humanoid/seraphskinparts/hair-base/combed.json"
  },
  {
    "op": "replace",
    "path": "/elements/0/children/0/children/2/rotationOrigin/1",
    "value": 6.7,
    "file": "game:shapes/entity/humanoid/seraphskinparts/hair-base/combed.json"
  },
  {
    "op": "replace",
    "path": "/elements/0/children/0/children/2/rotationOrigin/2",
    "value": 5.6,
    "file": "game:shapes/entity/humanoid/seraphskinparts/hair-base/combed.json"
  },
  {
    "op": "replace",
    "path": "/elements/0/children/0/children/2/rotationZ",
    "value": 13.83,
    "file": "game:shapes/entity/humanoid/seraphskinparts/hair-base/combed.json"
  },
  {
    "op": "replace",
    "path": "/elements/0/children/0/children/2/to/0",
    "value": 4.2,
    "file": "game:shapes/entity/humanoid/seraphskinparts/hair-base/combed.json"
  },
  {
    "op": "replace",
    "path": "/elements/0/children/0/children/2/to/1",
    "value": 6.7,
    "file": "game:shapes/entity/humanoid/seraphskinparts/hair-base/combed.json"
  },
  {
    "op": "replace",
    "path": "/elements/0/children/0/children/2/to/2",
    "value": 6.3,
    "file": "game:shapes/entity/humanoid/seraphskinparts/hair-base/combed.json"
  },
  {
    "op": "remove",
    "path": "/elements/0/children/0/children/3/uv",
    "file": "game:shapes/entity/humanoid/seraphskinparts/hair-base/combed.json"
  },
  {
    "op": "add",
    "path": "/elements/0/children/0/children/3/group",
    "value": "Scene Collection",
    "file": "game:shapes/entity/humanoid/seraphskinparts/hair-base/combed.json"
  },
  {
    "op": "remove",
    "path": "/elements/0/children/0/children/3/children/0/uv",
    "file": "game:shapes/entity/humanoid/seraphskinparts/hair-base/combed.json"
  },
  {
    "op": "add",
    "path": "/elements/0/children/0/children/3/children/0/children",
    "value": [],
    "file": "game:shapes/entity/humanoid/seraphskinparts/hair-base/combed.json"
  },
  {
    "op": "add",
    "path": "/elements/0/children/0/children/3/children/0/group",
    "value": "Scene Collection",
    "file": "game:shapes/entity/humanoid/seraphskinparts/hair-base/combed.json"
  },
  {
    "op": "add",
    "path": "/elements/0/children/0/children/3/children/0/rotationY",
    "value": -4.0,
    "file": "game:shapes/entity/humanoid/seraphskinparts/hair-base/combed.json"
  },
  {
    "op": "remove",
    "path": "/elements/0/children/0/children/3/children/0/faces/west",
    "file": "game:shapes/entity/humanoid/seraphskinparts/hair-base/combed.json"
  },
  {
    "op": "add",
    "path": "/elements/0/children/0/children/3/children/0/faces/east",
    "value": {
      "texture": "#hair",
      "uv": [
        45.5,
        41.5,
        47.0,
        43.5
      ],
      "autoUv": false,
      "rotation": 270
    },
    "file": "game:shapes/entity/humanoid/seraphskinparts/hair-base/combed.json"
  },
  {
    "op": "replace",
    "path": "/elements/0/children/0/children/3/children/0/from/0",
    "value": 2.22,
    "file": "game:shapes/entity/humanoid/seraphskinparts/hair-base/combed.json"
  },
  {
    "op": "replace",
    "path": "/elements/0/children/0/children/3/children/0/from/1",
    "value": 0.02,
    "file": "game:shapes/entity/humanoid/seraphskinparts/hair-base/combed.json"
  },
  {
    "op": "replace",
    "path": "/elements/0/children/0/children/3/children/0/from/2",
    "value": -1.88,
    "file": "game:shapes/entity/humanoid/seraphskinparts/hair-base/combed.json"
  },
  {
    "op": "replace",
    "path": "/elements/0/children/0/children/3/children/0/name",
    "value": "Cube14",
    "file": "game:shapes/entity/humanoid/seraphskinparts/hair-base/combed.json"
  },
  {
    "op": "replace",
    "path": "/elements/0/children/0/children/3/children/0/rotationOrigin/0",
    "value": 3.0,
    "file": "game:shapes/entity/humanoid/seraphskinparts/hair-base/combed.json"
  },
  {
    "op": "replace",
    "path": "/elements/0/children/0/children/3/children/0/rotationOrigin/1",
    "value": 0.7,
    "file": "game:shapes/entity/humanoid/seraphskinparts/hair-base/combed.json"
  },
  {
    "op": "replace",
    "path": "/elements/0/children/0/children/3/children/0/rotationOrigin/2",
    "value": 0.0,
    "file": "game:shapes/entity/humanoid/seraphskinparts/hair-base/combed.json"
  },
  {
    "op": "replace",
    "path": "/elements/0/children/0/children/3/children/0/rotationX",
    "value": 0.0,
    "file": "game:shapes/entity/humanoid/seraphskinparts/hair-base/combed.json"
  },
  {
    "op": "replace",
    "path": "/elements/0/children/0/children/3/children/0/rotationZ",
    "value": 0.0,
    "file": "game:shapes/entity/humanoid/seraphskinparts/hair-base/combed.json"
  },
  {
    "op": "replace",
    "path": "/elements/0/children/0/children/3/children/0/to/0",
    "value": 2.22,
    "file": "game:shapes/entity/humanoid/seraphskinparts/hair-base/combed.json"
  },
  {
    "op": "replace",
    "path": "/elements/0/children/0/children/3/children/0/to/1",
    "value": 1.52,
    "file": "game:shapes/entity/humanoid/seraphskinparts/hair-base/combed.json"
  },
  {
    "op": "replace",
    "path": "/elements/0/children/0/children/3/children/0/to/2",
    "value": 0.12,
    "file": "game:shapes/entity/humanoid/seraphskinparts/hair-base/combed.json"
  },
  {
    "op": "remove",
    "path": "/elements/0/children/0/children/3/faces/west",
    "file": "game:shapes/entity/humanoid/seraphskinparts/hair-base/combed.json"
  },
  {
    "op": "add",
    "path": "/elements/0/children/0/children/3/faces/south",
    "value": {
      "texture": "#hair",
      "uv": [
        45.5,
        39.5,
        47.0,
        42.5
      ],
      "autoUv": false,
      "rotation": 270
    },
    "file": "game:shapes/entity/humanoid/seraphskinparts/hair-base/combed.json"
  },
  {
    "op": "replace",
    "path": "/elements/0/children/0/children/3/from/0",
    "value": 3.7,
    "file": "game:shapes/entity/humanoid/seraphskinparts/hair-base/combed.json"
  },
  {
    "op": "replace",
    "path": "/elements/0/children/0/children/3/from/1",
    "value": 3.9,
    "file": "game:shapes/entity/humanoid/seraphskinparts/hair-base/combed.json"
  },
  {
    "op": "replace",
    "path": "/elements/0/children/0/children/3/from/2",
    "value": 5.6,
    "file": "game:shapes/entity/humanoid/seraphskinparts/hair-base/combed.json"
  },
  {
    "op": "replace",
    "path": "/elements/0/children/0/children/3/name",
    "value": "StrandLeft13",
    "file": "game:shapes/entity/humanoid/seraphskinparts/hair-base/combed.json"
  },
  {
    "op": "replace",
    "path": "/elements/0/children/0/children/3/rotationOrigin/0",
    "value": 3.7,
    "file": "game:shapes/entity/humanoid/seraphskinparts/hair-base/combed.json"
  },
  {
    "op": "replace",
    "path": "/elements/0/children/0/children/3/rotationOrigin/1",
    "value": 4.7,
    "file": "game:shapes/entity/humanoid/seraphskinparts/hair-base/combed.json"
  },
  {
    "op": "replace",
    "path": "/elements/0/children/0/children/3/rotationX",
    "value": -5.02,
    "file": "game:shapes/entity/humanoid/seraphskinparts/hair-base/combed.json"
  },
  {
    "op": "replace",
    "path": "/elements/0/children/0/children/3/rotationY",
    "value": -4.98,
    "file": "game:shapes/entity/humanoid/seraphskinparts/hair-base/combed.json"
  },
  {
    "op": "replace",
    "path": "/elements/0/children/0/children/3/rotationZ",
    "value": -0.44,
    "file": "game:shapes/entity/humanoid/seraphskinparts/hair-base/combed.json"
  },
  {
    "op": "replace",
    "path": "/elements/0/children/0/children/3/to/0",
    "value": 5.91,
    "file": "game:shapes/entity/humanoid/seraphskinparts/hair-base/combed.json"
  },
  {
    "op": "replace",
    "path": "/elements/0/children/0/children/3/to/1",
    "value": 5.42,
    "file": "game:shapes/entity/humanoid/seraphskinparts/hair-base/combed.json"
  },
  {
    "op": "replace",
    "path": "/elements/0/children/0/children/3/to/2",
    "value": 5.67,
    "file": "game:shapes/entity/humanoid/seraphskinparts/hair-base/combed.json"
  },
  {
    "op": "remove",
    "path": "/elements/0/children/0/children/4/uv",
    "file": "game:shapes/entity/humanoid/seraphskinparts/hair-base/combed.json"
  },
  {
    "op": "add",
    "path": "/elements/0/children/0/children/4/group",
    "value": "Scene Collection",
    "file": "game:shapes/entity/humanoid/seraphskinparts/hair-base/combed.json"
  },
  {
    "op": "remove",
    "path": "/elements/0/children/0/children/4/children/0/uv",
    "file": "game:shapes/entity/humanoid/seraphskinparts/hair-base/combed.json"
  },
  {
    "op": "add",
    "path": "/elements/0/children/0/children/4/children/0/children",
    "value": [],
    "file": "game:shapes/entity/humanoid/seraphskinparts/hair-base/combed.json"
  },
  {
    "op": "add",
    "path": "/elements/0/children/0/children/4/children/0/group",
    "value": "Scene Collection",
    "file": "game:shapes/entity/humanoid/seraphskinparts/hair-base/combed.json"
  },
  {
    "op": "add",
    "path": "/elements/0/children/0/children/4/children/0/rotationX",
    "value": -0.0,
    "file": "game:shapes/entity/humanoid/seraphskinparts/hair-base/combed.json"
  },
  {
    "op": "add",
    "path": "/elements/0/children/0/children/4/children/0/rotationY",
    "value": 0.0,
    "file": "game:shapes/entity/humanoid/seraphskinparts/hair-base/combed.json"
  },
  {
    "op": "remove",
    "path": "/elements/0/children/0/children/4/children/0/faces/west",
    "file": "game:shapes/entity/humanoid/seraphskinparts/hair-base/combed.json"
  },
  {
    "op": "add",
    "path": "/elements/0/children/0/children/4/children/0/faces/down",
    "value": {
      "texture": "#hair",
      "uv": [
        45.5,
        43.0,
        44.0,
        42.0
      ],
      "autoUv": false,
      "rotation": 270
    },
    "file": "game:shapes/entity/humanoid/seraphskinparts/hair-base/combed.json"
  },
  {
    "op": "replace",
    "path": "/elements/0/children/0/children/4/children/0/from/0",
    "value": 1.45,
    "file": "game:shapes/entity/humanoid/seraphskinparts/hair-base/combed.json"
  },
  {
    "op": "replace",
    "path": "/elements/0/children/0/children/4/children/0/from/1",
    "value": 0.56,
    "file": "game:shapes/entity/humanoid/seraphskinparts/hair-base/combed.json"
  },
  {
    "op": "replace",
    "path": "/elements/0/children/0/children/4/children/0/name",
    "value": "Cube16",
    "file": "game:shapes/entity/humanoid/seraphskinparts/hair-base/combed.json"
  },
  {
    "op": "replace",
    "path": "/elements/0/children/0/children/4/children/0/rotationOrigin/0",
    "value": 2.0,
    "file": "game:shapes/entity/humanoid/seraphskinparts/hair-base/combed.json"
  },
  {
    "op": "replace",
    "path": "/elements/0/children/0/children/4/children/0/rotationZ",
    "value": 30.0,
    "file": "game:shapes/entity/humanoid/seraphskinparts/hair-base/combed.json"
  },
  {
    "op": "replace",
    "path": "/elements/0/children/0/children/4/children/0/to/0",
    "value": 2.45,
    "file": "game:shapes/entity/humanoid/seraphskinparts/hair-base/combed.json"
  },
  {
    "op": "replace",
    "path": "/elements/0/children/0/children/4/children/0/to/1",
    "value": 0.56,
    "file": "game:shapes/entity/humanoid/seraphskinparts/hair-base/combed.json"
  },
  {
    "op": "remove",
    "path": "/elements/0/children/0/children/4/faces/west",
    "file": "game:shapes/entity/humanoid/seraphskinparts/hair-base/combed.json"
  },
  {
    "op": "add",
    "path": "/elements/0/children/0/children/4/faces/down",
    "value": {
      "texture": "#hair",
      "uv": [
        47.0,
        41.5,
        45.5,
        39.5
      ],
      "autoUv": false,
      "rotation": 270
    },
    "file": "game:shapes/entity/humanoid/seraphskinparts/hair-base/combed.json"
  },
  {
    "op": "replace",
    "path": "/elements/0/children/0/children/4/from/0",
    "value": 4.0,
    "file": "game:shapes/entity/humanoid/seraphskinparts/hair-base/combed.json"
  },
  {
    "op": "replace",
    "path": "/elements/0/children/0/children/4/from/1",
    "value": 4.7,
    "file": "game:shapes/entity/humanoid/seraphskinparts/hair-base/combed.json"
  },
  {
    "op": "replace",
    "path": "/elements/0/children/0/children/4/from/2",
    "value": -0.9,
    "file": "game:shapes/entity/humanoid/seraphskinparts/hair-base/combed.json"
  },
  {
    "op": "replace",
    "path": "/elements/0/children/0/children/4/name",
    "value": "StrandRight15",
    "file": "game:shapes/entity/humanoid/seraphskinparts/hair-base/combed.json"
  },
  {
    "op": "replace",
    "path": "/elements/0/children/0/children/4/rotationOrigin/0",
    "value": 4.0,
    "file": "game:shapes/entity/humanoid/seraphskinparts/hair-base/combed.json"
  },
  {
    "op": "replace",
    "path": "/elements/0/children/0/children/4/rotationOrigin/1",
    "value": 4.7,
    "file": "game:shapes/entity/humanoid/seraphskinparts/hair-base/combed.json"
  },
  {
    "op": "replace",
    "path": "/elements/0/children/0/children/4/rotationOrigin/2",
    "value": -0.1,
    "file": "game:shapes/entity/humanoid/seraphskinparts/hair-base/combed.json"
  },
  {
    "op": "replace",
    "path": "/elements/0/children/0/children/4/rotationX",
    "value": 83.39,
    "file": "game:shapes/entity/humanoid/seraphskinparts/hair-base/combed.json"
  },
  {
    "op": "replace",
    "path": "/elements/0/children/0/children/4/rotationY",
    "value": -0.26,
    "file": "game:shapes/entity/humanoid/seraphskinparts/hair-base/combed.json"
  },
  {
    "op": "replace",
    "path": "/elements/0/children/0/children/4/rotationZ",
    "value": 17.12,
    "file": "game:shapes/entity/humanoid/seraphskinparts/hair-base/combed.json"
  },
  {
    "op": "replace",
    "path": "/elements/0/children/0/children/4/to/0",
    "value": 5.24,
    "file": "game:shapes/entity/humanoid/seraphskinparts/hair-base/combed.json"
  },
  {
    "op": "replace",
    "path": "/elements/0/children/0/children/4/to/1",
    "value": 4.91,
    "file": "game:shapes/entity/humanoid/seraphskinparts/hair-base/combed.json"
  },
  {
    "op": "replace",
    "path": "/elements/0/children/0/children/4/to/2",
    "value": 0.6,
    "file": "game:shapes/entity/humanoid/seraphskinparts/hair-base/combed.json"
  },
  {
    "op": "remove",
    "path": "/elements/0/children/0/children/5/uv",
    "file": "game:shapes/entity/humanoid/seraphskinparts/hair-base/combed.json"
  },
  {
    "op": "add",
    "path": "/elements/0/children/0/children/5/group",
    "value": "Scene Collection",
    "file": "game:shapes/entity/humanoid/seraphskinparts/hair-base/combed.json"
  },
  {
    "op": "remove",
    "path": "/elements/0/children/0/children/5/children/0/uv",
    "file": "game:shapes/entity/humanoid/seraphskinparts/hair-base/combed.json"
  },
  {
    "op": "add",
    "path": "/elements/0/children/0/children/5/children/0/children",
    "value": [],
    "file": "game:shapes/entity/humanoid/seraphskinparts/hair-base/combed.json"
  },
  {
    "op": "add",
    "path": "/elements/0/children/0/children/5/children/0/group",
    "value": "Scene Collection",
    "file": "game:shapes/entity/humanoid/seraphskinparts/hair-base/combed.json"
  },
  {
    "op": "add",
    "path": "/elements/0/children/0/children/5/children/0/rotationX",
    "value": 0.0,
    "file": "game:shapes/entity/humanoid/seraphskinparts/hair-base/combed.json"
  },
  {
    "op": "add",
    "path": "/elements/0/children/0/children/5/children/0/rotationY",
    "value": -0.0,
    "file": "game:shapes/entity/humanoid/seraphskinparts/hair-base/combed.json"
  },
  {
    "op": "remove",
    "path": "/elements/0/children/0/children/5/children/0/faces/west",
    "file": "game:shapes/entity/humanoid/seraphskinparts/hair-base/combed.json"
  },
  {
    "op": "add",
    "path": "/elements/0/children/0/children/5/children/0/faces/down",
    "value": {
      "texture": "#hair",
      "uv": [
        45.5,
        44.0,
        44.0,
        42.0
      ],
      "autoUv": false,
      "rotation": 270
    },
    "file": "game:shapes/entity/humanoid/seraphskinparts/hair-base/combed.json"
  },
  {
    "op": "replace",
    "path": "/elements/0/children/0/children/5/children/0/from/0",
    "value": 4.0,
    "file": "game:shapes/entity/humanoid/seraphskinparts/hair-base/combed.json"
  },
  {
    "op": "replace",
    "path": "/elements/0/children/0/children/5/children/0/from/1",
    "value": 0.0,
    "file": "game:shapes/entity/humanoid/seraphskinparts/hair-base/combed.json"
  },
  {
    "op": "replace",
    "path": "/elements/0/children/0/children/5/children/0/name",
    "value": "Cube8",
    "file": "game:shapes/entity/humanoid/seraphskinparts/hair-base/combed.json"
  },
  {
    "op": "replace",
    "path": "/elements/0/children/0/children/5/children/0/rotationOrigin/0",
    "value": 4.0,
    "file": "game:shapes/entity/humanoid/seraphskinparts/hair-base/combed.json"
  },
  {
    "op": "replace",
    "path": "/elements/0/children/0/children/5/children/0/rotationZ",
    "value": 28.0,
    "file": "game:shapes/entity/humanoid/seraphskinparts/hair-base/combed.json"
  },
  {
    "op": "replace",
    "path": "/elements/0/children/0/children/5/children/0/to/0",
    "value": 6.0,
    "file": "game:shapes/entity/humanoid/seraphskinparts/hair-base/combed.json"
  },
  {
    "op": "remove",
    "path": "/elements/0/children/0/children/5/faces/west",
    "file": "game:shapes/entity/humanoid/seraphskinparts/hair-base/combed.json"
  },
  {
    "op": "add",
    "path": "/elements/0/children/0/children/5/faces/down",
    "value": {
      "texture": "#hair",
      "uv": [
        47.0,
        43.5,
        45.5,
        39.5
      ],
      "autoUv": false,
      "rotation": 270
    },
    "file": "game:shapes/entity/humanoid/seraphskinparts/hair-base/combed.json"
  },
  {
    "op": "replace",
    "path": "/elements/0/children/0/children/5/from/0",
    "value": 0.0,
    "file": "game:shapes/entity/humanoid/seraphskinparts/hair-base/combed.json"
  },
  {
    "op": "replace",
    "path": "/elements/0/children/0/children/5/from/1",
    "value": 6.7,
    "file": "game:shapes/entity/humanoid/seraphskinparts/hair-base/combed.json"
  },
  {
    "op": "replace",
    "path": "/elements/0/children/0/children/5/from/2",
    "value": -0.7,
    "file": "game:shapes/entity/humanoid/seraphskinparts/hair-base/combed.json"
  },
  {
    "op": "replace",
    "path": "/elements/0/children/0/children/5/name",
    "value": "StrandRight7",
    "file": "game:shapes/entity/humanoid/seraphskinparts/hair-base/combed.json"
  },
  {
    "op": "replace",
    "path": "/elements/0/children/0/children/5/rotationOrigin/0",
    "value": 0.0,
    "file": "game:shapes/entity/humanoid/seraphskinparts/hair-base/combed.json"
  },
  {
    "op": "replace",
    "path": "/elements/0/children/0/children/5/rotationOrigin/1",
    "value": 6.7,
    "file": "game:shapes/entity/humanoid/seraphskinparts/hair-base/combed.json"
  },
  {
    "op": "replace",
    "path": "/elements/0/children/0/children/5/rotationOrigin/2",
    "value": 0.1,
    "file": "game:shapes/entity/humanoid/seraphskinparts/hair-base/combed.json"
  },
  {
    "op": "replace",
    "path": "/elements/0/children/0/children/5/rotationX",
    "value": 83.39,
    "file": "game:shapes/entity/humanoid/seraphskinparts/hair-base/combed.json"
  },
  {
    "op": "replace",
    "path": "/elements/0/children/0/children/5/rotationY",
    "value": -0.26,
    "file": "game:shapes/entity/humanoid/seraphskinparts/hair-base/combed.json"
  },
  {
    "op": "replace",
    "path": "/elements/0/children/0/children/5/rotationZ",
    "value": 9.12,
    "file": "game:shapes/entity/humanoid/seraphskinparts/hair-base/combed.json"
  },
  {
    "op": "replace",
    "path": "/elements/0/children/0/children/5/to/0",
    "value": 4.0,
    "file": "game:shapes/entity/humanoid/seraphskinparts/hair-base/combed.json"
  },
  {
    "op": "replace",
    "path": "/elements/0/children/0/children/5/to/1",
    "value": 6.7,
    "file": "game:shapes/entity/humanoid/seraphskinparts/hair-base/combed.json"
  },
  {
    "op": "replace",
    "path": "/elements/0/children/0/children/5/to/2",
    "value": 0.8,
    "file": "game:shapes/entity/humanoid/seraphskinparts/hair-base/combed.json"
  },
  {
    "op": "remove",
    "path": "/elements/0/children/0/children/6/rotationX",
    "file": "game:shapes/entity/humanoid/seraphskinparts/hair-base/combed.json"
  },
  {
    "op": "remove",
    "path": "/elements/0/children/0/children/6/rotationY",
    "file": "game:shapes/entity/humanoid/seraphskinparts/hair-base/combed.json"
  },
  {
    "op": "remove",
    "path": "/elements/0/children/0/children/6/uv",
    "file": "game:shapes/entity/humanoid/seraphskinparts/hair-base/combed.json"
  },
  {
    "op": "add",
    "path": "/elements/0/children/0/children/6/group",
    "value": "Scene Collection",
    "file": "game:shapes/entity/humanoid/seraphskinparts/hair-base/combed.json"
  },
  {
    "op": "add",
    "path": "/elements/0/children/0/children/6/rotationZ",
    "value": 8.0,
    "file": "game:shapes/entity/humanoid/seraphskinparts/hair-base/combed.json"
  },
  {
    "op": "remove",
    "path": "/elements/0/children/0/children/6/children/0/uv",
    "file": "game:shapes/entity/humanoid/seraphskinparts/hair-base/combed.json"
  },
  {
    "op": "add",
    "path": "/elements/0/children/0/children/6/children/0/children",
    "value": [],
    "file": "game:shapes/entity/humanoid/seraphskinparts/hair-base/combed.json"
  },
  {
    "op": "add",
    "path": "/elements/0/children/0/children/6/children/0/group",
    "value": "Scene Collection",
    "file": "game:shapes/entity/humanoid/seraphskinparts/hair-base/combed.json"
  },
  {
    "op": "remove",
    "path": "/elements/0/children/0/children/6/children/0/faces/west",
    "file": "game:shapes/entity/humanoid/seraphskinparts/hair-base/combed.json"
  },
  {
    "op": "add",
    "path": "/elements/0/children/0/children/6/children/0/faces/up",
    "value": {
      "texture": "#hair",
      "uv": [
        45.5,
        40.5,
        47.0,
        43.5
      ],
      "autoUv": false,
      "rotation": 270
    },
    "file": "game:shapes/entity/humanoid/seraphskinparts/hair-base/combed.json"
  },
  {
    "op": "replace",
    "path": "/elements/0/children/0/children/6/children/0/from/0",
    "value": 3.24,
    "file": "game:shapes/entity/humanoid/seraphskinparts/hair-base/combed.json"
  },
  {
    "op": "replace",
    "path": "/elements/0/children/0/children/6/children/0/from/1",
    "value": -0.02,
    "file": "game:shapes/entity/humanoid/seraphskinparts/hair-base/combed.json"
  },
  {
    "op": "replace",
    "path": "/elements/0/children/0/children/6/children/0/name",
    "value": "Cube12",
    "file": "game:shapes/entity/humanoid/seraphskinparts/hair-base/combed.json"
  },
  {
    "op": "replace",
    "path": "/elements/0/children/0/children/6/children/0/rotationOrigin/0",
    "value": 3.19,
    "file": "game:shapes/entity/humanoid/seraphskinparts/hair-base/combed.json"
  },
  {
    "op": "replace",
    "path": "/elements/0/children/0/children/6/children/0/rotationOrigin/1",
    "value": 0.96,
    "file": "game:shapes/entity/humanoid/seraphskinparts/hair-base/combed.json"
  },
  {
    "op": "replace",
    "path": "/elements/0/children/0/children/6/children/0/rotationZ",
    "value": -14.0,
    "file": "game:shapes/entity/humanoid/seraphskinparts/hair-base/combed.json"
  },
  {
    "op": "replace",
    "path": "/elements/0/children/0/children/6/children/0/to/0",
    "value": 6.24,
    "file": "game:shapes/entity/humanoid/seraphskinparts/hair-base/combed.json"
  },
  {
    "op": "replace",
    "path": "/elements/0/children/0/children/6/children/0/to/1",
    "value": -0.02,
    "file": "game:shapes/entity/humanoid/seraphskinparts/hair-base/combed.json"
  },
  {
    "op": "remove",
    "path": "/elements/0/children/0/children/6/faces/west",
    "file": "game:shapes/entity/humanoid/seraphskinparts/hair-base/combed.json"
  },
  {
    "op": "add",
    "path": "/elements/0/children/0/children/6/faces/up",
    "value": {
      "texture": "#hair",
      "uv": [
        45.5,
        39.5,
        47.0,
        42.5
      ],
      "autoUv": false,
      "rotation": 270
    },
    "file": "game:shapes/entity/humanoid/seraphskinparts/hair-base/combed.json"
  },
  {
    "op": "replace",
    "path": "/elements/0/children/0/children/6/from/0",
    "value": -0.19,
    "file": "game:shapes/entity/humanoid/seraphskinparts/hair-base/combed.json"
  },
  {
    "op": "replace",
    "path": "/elements/0/children/0/children/6/from/1",
    "value": 7.54,
    "file": "game:shapes/entity/humanoid/seraphskinparts/hair-base/combed.json"
  },
  {
    "op": "replace",
    "path": "/elements/0/children/0/children/6/from/2",
    "value": 2.0,
    "file": "game:shapes/entity/humanoid/seraphskinparts/hair-base/combed.json"
  },
  {
    "op": "replace",
    "path": "/elements/0/children/0/children/6/name",
    "value": "StrandUp",
    "file": "game:shapes/entity/humanoid/seraphskinparts/hair-base/combed.json"
  },
  {
    "op": "replace",
    "path": "/elements/0/children/0/children/6/rotationOrigin/1",
    "value": 8.5,
    "file": "game:shapes/entity/humanoid/seraphskinparts/hair-base/combed.json"
  },
  {
    "op": "replace",
    "path": "/elements/0/children/0/children/6/rotationOrigin/2",
    "value": 2.7,
    "file": "game:shapes/entity/humanoid/seraphskinparts/hair-base/combed.json"
  },
  {
    "op": "replace",
    "path": "/elements/0/children/0/children/6/to/0",
    "value": 2.81,
    "file": "game:shapes/entity/humanoid/seraphskinparts/hair-base/combed.json"
  },
  {
    "op": "replace",
    "path": "/elements/0/children/0/children/6/to/1",
    "value": 7.54,
    "file": "game:shapes/entity/humanoid/seraphskinparts/hair-base/combed.json"
  },
  {
    "op": "replace",
    "path": "/elements/0/children/0/children/6/to/2",
    "value": 3.5,
    "file": "game:shapes/entity/humanoid/seraphskinparts/hair-base/combed.json"
  },
  {
    "op": "replace",
    "path": "/elements/0/children/0/from/2",
    "value": -0.0,
    "file": "game:shapes/entity/humanoid/seraphskinparts/hair-base/combed.json"
  },
  {
    "op": "replace",
    "path": "/elements/0/children/0/name",
    "value": "hideme",
    "file": "game:shapes/entity/humanoid/seraphskinparts/hair-base/combed.json"
  },
  {
    "op": "add",
    "path": "/elements/0/faces/east/autoUv",
    "value": false,
    "file": "game:shapes/entity/humanoid/seraphskinparts/hair-base/combed.json"
  },
  {
    "op": "add",
    "path": "/elements/0/faces/north/autoUv",
    "value": false,
    "file": "game:shapes/entity/humanoid/seraphskinparts/hair-base/combed.json"
  },
  {
    "op": "replace",
    "path": "/elements/0/faces/north/uv/2",
    "value": 47.5,
    "file": "game:shapes/entity/humanoid/seraphskinparts/hair-base/combed.json"
  },
  {
    "op": "add",
    "path": "/elements/0/faces/south/autoUv",
    "value": false,
    "file": "game:shapes/entity/humanoid/seraphskinparts/hair-base/combed.json"
  },
  {
    "op": "replace",
    "path": "/elements/0/faces/south/uv/2",
    "value": 38.0,
    "file": "game:shapes/entity/humanoid/seraphskinparts/hair-base/combed.json"
  },
  {
    "op": "add",
    "path": "/elements/0/faces/up/autoUv",
    "value": false,
    "file": "game:shapes/entity/humanoid/seraphskinparts/hair-base/combed.json"
  },
  {
    "op": "replace",
    "path": "/elements/0/faces/up/uv/3",
    "value": 6.5,
    "file": "game:shapes/entity/humanoid/seraphskinparts/hair-base/combed.json"
  },
  {
    "op": "add",
    "path": "/elements/0/faces/west/autoUv",
    "value": false,
    "file": "game:shapes/entity/humanoid/seraphskinparts/hair-base/combed.json"
  },
  {
    "op": "replace",
    "path": "/elements/0/from/2",
    "value": -0.3,
    "file": "game:shapes/entity/humanoid/seraphskinparts/hair-base/combed.json"
  },
  {
    "op": "replace",
    "path": "/elements/0/name",
    "value": "Hair.001",
    "file": "game:shapes/entity/humanoid/seraphskinparts/hair-base/combed.json"
  },
  {
    "op": "replace",
    "path": "/elements/0/rotationOrigin/1",
    "value": 2.07,
    "file": "game:shapes/entity/humanoid/seraphskinparts/hair-base/combed.json"
  },
  {
    "op": "replace",
    "path": "/elements/0/to/0",
    "value": 5.54,
    "file": "game:shapes/entity/humanoid/seraphskinparts/hair-base/combed.json"
  },
  {
    "op": "replace",
    "path": "/elements/0/to/1",
    "value": 4.52,
    "file": "game:shapes/entity/humanoid/seraphskinparts/hair-base/combed.json"
  },
  {
    "op": "replace",
    "path": "/elements/0/to/2",
    "value": 5.2,
    "file": "game:shapes/entity/humanoid/seraphskinparts/hair-base/combed.json"
  },
  {
    "op": "remove",
    "path": "/elements/1/autoUnwrap",
    "file": "game:shapes/entity/humanoid/seraphskinparts/hair-base/combed.json"
  },
  {
    "op": "remove",
    "path": "/elements/1/uv",
    "file": "game:shapes/entity/humanoid/seraphskinparts/hair-base/combed.json"
  },
  {
    "op": "add",
    "path": "/elements/1/children",
    "value": [],
    "file": "game:shapes/entity/humanoid/seraphskinparts/hair-base/combed.json"
  },
  {
    "op": "add",
    "path": "/elements/1/group",
    "value": "Scene Collection",
    "file": "game:shapes/entity/humanoid/seraphskinparts/hair-base/combed.json"
  },
  {
    "op": "replace",
    "path": "/elements/1/name",
    "value": "Hair tile upper part.001",
    "file": "game:shapes/entity/humanoid/seraphskinparts/hair-base/combed.json"
  },
  {
    "op": "replace",
    "path": "/elements/1/rotationOrigin/0",
    "value": 2.93,
    "file": "game:shapes/entity/humanoid/seraphskinparts/hair-base/combed.json"
  },
  {
    "op": "replace",
    "path": "/elements/1/rotationOrigin/1",
    "value": 5.61,
    "file": "game:shapes/entity/humanoid/seraphskinparts/hair-base/combed.json"
  },
  {
    "op": "replace",
    "path": "/elements/1/to/0",
    "value": 5.8,
    "file": "game:shapes/entity/humanoid/seraphskinparts/hair-base/combed.json"
  },
  {
    "op": "replace",
    "path": "/elements/1/to/1",
    "value": 4.52,
    "file": "game:shapes/entity/humanoid/seraphskinparts/hair-base/combed.json"
  },
  {
    "op": "replace",
    "path": "/textures/hair",
    "value": "wheat",
    "file": "game:shapes/entity/humanoid/seraphskinparts/hair-base/combed.json"
  },
  {
    "op": "remove",
    "path": "/textureSizes/birch",
    "file": "game:shapes/entity/humanoid/seraphskinparts/hair-base/combed.json"
  }
]