[
  {
    "op": "remove",
    "path": "/editor",
    "file": "game:shapes/entity/humanoid/seraphskinparts/hair-extra/backbun.json"
  },
  {
    "op": "add",
    "path": "/groups",
    "value": [],
    "file": "game:shapes/entity/humanoid/seraphskinparts/hair-extra/backbun.json"
  },
  {
    "op": "remove",
    "path": "/elements/0/uv",
    "file": "game:shapes/entity/humanoid/seraphskinparts/hair-extra/backbun.json"
  },
  {
    "op": "add",
    "path": "/elements/0/group",
    "value": "backbun",
    "file": "game:shapes/entity/humanoid/seraphskinparts/hair-extra/backbun.json"
  },
  {
    "op": "add",
    "path": "/elements/0/rotationOrigin",
    "value": [
      -0.0,
      -0.0,
      0.0
    ],
    "file": "game:shapes/entity/humanoid/seraphskinparts/hair-extra/backbun.json"
  },
  {
    "op": "remove",
    "path": "/elements/0/children/0/uv",
    "file": "game:shapes/entity/humanoid/seraphskinparts/hair-extra/backbun.json"
  },
  {
    "op": "add",
    "path": "/elements/0/children/0/group",
    "value": "backbun",
    "file": "game:shapes/entity/humanoid/seraphskinparts/hair-extra/backbun.json"
  },
  {
    "op": "remove",
    "path": "/elements/0/children/0/children/0/uv",
    "file": "game:shapes/entity/humanoid/seraphskinparts/hair-extra/backbun.json"
  },
  {
    "op": "add",
    "path": "/elements/0/children/0/children/0/children",
    "value": [],
    "file": "game:shapes/entity/humanoid/seraphskinparts/hair-extra/backbun.json"
  },
  {
    "op": "add",
    "path": "/elements/0/children/0/children/0/group",
    "value": "backbun",
    "file": "game:shapes/entity/humanoid/seraphskinparts/hair-extra/backbun.json"
  },
  {
    "op": "add",
    "path": "/elements/0/children/0/children/0/faces/north",
    "value": {
      "texture": "#hair",
      "uv": [
        25.0,
        37.5,
        26.0,
        41.5
      ],
      "autoUv": false
    },
    "file": "game:shapes/entity/humanoid/seraphskinparts/hair-extra/backbun.json"
  },
  {
    "op": "add",
    "path": "/elements/0/children/0/children/0/faces/south",
    "value": {
      "texture": "#hair",
      "uv": [
        27.0,
        37.5,
        28.0,
        41.5
      ],
      "autoUv": false
    },
    "file": "game:shapes/entity/humanoid/seraphskinparts/hair-extra/backbun.json"
  },
  {
    "op": "add",
    "path": "/elements/0/children/0/children/0/faces/east/autoUv",
    "value": false,
    "file": "game:shapes/entity/humanoid/seraphskinparts/hair-extra/backbun.json"
  },
  {
    "op": "replace",
    "path": "/elements/0/children/0/children/0/faces/east/uv/0",
    "value": 26.0,
    "file": "game:shapes/entity/humanoid/seraphskinparts/hair-extra/backbun.json"
  },
  {
    "op": "replace",
    "path": "/elements/0/children/0/children/0/faces/east/uv/1",
    "value": 37.5,
    "file": "game:shapes/entity/humanoid/seraphskinparts/hair-extra/backbun.json"
  },
  {
    "op": "replace",
    "path": "/elements/0/children/0/children/0/faces/east/uv/2",
    "value": 27.0,
    "file": "game:shapes/entity/humanoid/seraphskinparts/hair-extra/backbun.json"
  },
  {
    "op": "replace",
    "path": "/elements/0/children/0/children/0/faces/east/uv/3",
    "value": 41.5,
    "file": "game:shapes/entity/humanoid/seraphskinparts/hair-extra/backbun.json"
  },
  {
    "op": "replace",
    "path": "/elements/0/children/0/children/0/from/0",
    "value": 0.2,
    "file": "game:shapes/entity/humanoid/seraphskinparts/hair-extra/backbun.json"
  },
  {
    "op": "replace",
    "path": "/elements/0/children/0/children/0/from/1",
    "value": -3.8,
    "file": "game:shapes/entity/humanoid/seraphskinparts/hair-extra/backbun.json"
  },
  {
    "op": "replace",
    "path": "/elements/0/children/0/children/0/from/2",
    "value": 0.5,
    "file": "game:shapes/entity/humanoid/seraphskinparts/hair-extra/backbun.json"
  },
  {
    "op": "replace",
    "path": "/elements/0/children/0/children/0/name",
    "value": "BunHair",
    "file": "game:shapes/entity/humanoid/seraphskinparts/hair-extra/backbun.json"
  },
  {
    "op": "replace",
    "path": "/elements/0/children/0/children/0/rotationOrigin/0",
    "value": 0.7,
    "file": "game:shapes/entity/humanoid/seraphskinparts/hair-extra/backbun.json"
  },
  {
    "op": "replace",
    "path": "/elements/0/children/0/children/0/rotationOrigin/1",
    "value": 0.2,
    "file": "game:shapes/entity/humanoid/seraphskinparts/hair-extra/backbun.json"
  },
  {
    "op": "replace",
    "path": "/elements/0/children/0/children/0/to/0",
    "value": 1.6,
    "file": "game:shapes/entity/humanoid/seraphskinparts/hair-extra/backbun.json"
  },
  {
    "op": "replace",
    "path": "/elements/0/children/0/children/0/to/1",
    "value": 0.2,
    "file": "game:shapes/entity/humanoid/seraphskinparts/hair-extra/backbun.json"
  },
  {
    "op": "replace",
    "path": "/elements/0/children/0/children/0/to/2",
    "value": 1.9,
    "file": "game:shapes/entity/humanoid/seraphskinparts/hair-extra/backbun.json"
  },
  {
    "op": "remove",
    "path": "/elements/0/children/0/children/1/uv",
    "file": "game:shapes/entity/humanoid/seraphskinparts/hair-extra/backbun.json"
  },
  {
    "op": "add",
    "path": "/elements/0/children/0/children/1/children",
    "value": [],
    "file": "game:shapes/entity/humanoid/seraphskinparts/hair-extra/backbun.json"
  },
  {
    "op": "add",
    "path": "/elements/0/children/0/children/1/group",
    "value": "backbun",
    "file": "game:shapes/entity/humanoid/seraphskinparts/hair-extra/backbun.json"
  },
  {
    "op": "remove",
    "path": "/elements/0/children/0/children/1/faces/north",
    "file": "game:shapes/entity/humanoid/seraphskinparts/hair-extra/backbun.json"
  },
  {
    "op": "remove",
    "path": "/elements/0/children/0/children/1/faces/south",
    "file": "game:shapes/entity/humanoid/seraphskinparts/hair-extra/backbun.json"
  },
  {
    "op": "add",
    "path": "/elements/0/children/0/children/1/faces/east/autoUv",
    "value": false,
    "file": "game:shapes/entity/humanoid/seraphskinparts/hair-extra/backbun.json"
  },
  {
    "op": "replace",
    "path": "/elements/0/children/0/children/1/faces/east/uv/0",
    "value": 18.5,
    "file": "game:shapes/entity/humanoid/seraphskinparts/hair-extra/backbun.json"
  },
  {
    "op": "replace",
    "path": "/elements/0/children/0/children/1/faces/east/uv/1",
    "value": 4.0,
    "file": "game:shapes/entity/humanoid/seraphskinparts/hair-extra/backbun.json"
  },
  {
    "op": "replace",
    "path": "/elements/0/children/0/children/1/faces/east/uv/2",
    "value": 21.5,
    "file": "game:shapes/entity/humanoid/seraphskinparts/hair-extra/backbun.json"
  },
  {
    "op": "replace",
    "path": "/elements/0/children/0/children/1/faces/east/uv/3",
    "value": 8.0,
    "file": "game:shapes/entity/humanoid/seraphskinparts/hair-extra/backbun.json"
  },
  {
    "op": "replace",
    "path": "/elements/0/children/0/children/1/from/0",
    "value": 0.6,
    "file": "game:shapes/entity/humanoid/seraphskinparts/hair-extra/backbun.json"
  },
  {
    "op": "replace",
    "path": "/elements/0/children/0/children/1/from/1",
    "value": -3.0,
    "file": "game:shapes/entity/humanoid/seraphskinparts/hair-extra/backbun.json"
  },
  {
    "op": "replace",
    "path": "/elements/0/children/0/children/1/from/2",
    "value": -0.5,
    "file": "game:shapes/entity/humanoid/seraphskinparts/hair-extra/backbun.json"
  },
  {
    "op": "replace",
    "path": "/elements/0/children/0/children/1/name",
    "value": "BunMessy",
    "file": "game:shapes/entity/humanoid/seraphskinparts/hair-extra/backbun.json"
  },
  {
    "op": "replace",
    "path": "/elements/0/children/0/children/1/rotationOrigin/0",
    "value": 0.6,
    "file": "game:shapes/entity/humanoid/seraphskinparts/hair-extra/backbun.json"
  },
  {
    "op": "replace",
    "path": "/elements/0/children/0/children/1/rotationOrigin/1",
    "value": 1.0,
    "file": "game:shapes/entity/humanoid/seraphskinparts/hair-extra/backbun.json"
  },
  {
    "op": "replace",
    "path": "/elements/0/children/0/children/1/to/0",
    "value": 0.6,
    "file": "game:shapes/entity/humanoid/seraphskinparts/hair-extra/backbun.json"
  },
  {
    "op": "replace",
    "path": "/elements/0/children/0/children/1/to/1",
    "value": 1.0,
    "file": "game:shapes/entity/humanoid/seraphskinparts/hair-extra/backbun.json"
  },
  {
    "op": "replace",
    "path": "/elements/0/children/0/children/1/to/2",
    "value": 2.5,
    "file": "game:shapes/entity/humanoid/seraphskinparts/hair-extra/backbun.json"
  },
  {
    "op": "remove",
    "path": "/elements/0/children/0/children/2/uv",
    "file": "game:shapes/entity/humanoid/seraphskinparts/hair-extra/backbun.json"
  },
  {
    "op": "add",
    "path": "/elements/0/children/0/children/2/children",
    "value": [],
    "file": "game:shapes/entity/humanoid/seraphskinparts/hair-extra/backbun.json"
  },
  {
    "op": "add",
    "path": "/elements/0/children/0/children/2/group",
    "value": "backbun",
    "file": "game:shapes/entity/humanoid/seraphskinparts/hair-extra/backbun.json"
  },
  {
    "op": "add",
    "path": "/elements/0/children/0/children/2/rotationY",
    "value": -0.0,
    "file": "game:shapes/entity/humanoid/seraphskinparts/hair-extra/backbun.json"
  },
  {
    "op": "add",
    "path": "/elements/0/children/0/children/2/rotationZ",
    "value": -0.0,
    "file": "game:shapes/entity/humanoid/seraphskinparts/hair-extra/backbun.json"
  },
  {
    "op": "add",
    "path": "/elements/0/children/0/children/2/faces/down/autoUv",
    "value": false,
    "file": "game:shapes/entity/humanoid/seraphskinparts/hair-extra/backbun.json"
  },
  {
    "op": "add",
    "path": "/elements/0/children/0/children/2/faces/down/rotation",
    "value": 180,
    "file": "game:shapes/entity/humanoid/seraphskinparts/hair-extra/backbun.json"
  },
  {
    "op": "replace",
    "path": "/elements/0/children/0/children/2/faces/down/uv/0",
    "value": 3.0,
    "file": "game:shapes/entity/humanoid/seraphskinparts/hair-extra/backbun.json"
  },
  {
    "op": "replace",
    "path": "/elements/0/children/0/children/2/faces/down/uv/1",
    "value": 4.5,
    "file": "game:shapes/entity/humanoid/seraphskinparts/hair-extra/backbun.json"
  },
  {
    "op": "replace",
    "path": "/elements/0/children/0/children/2/faces/down/uv/2",
    "value": 1.5,
    "file": "game:shapes/entity/humanoid/seraphskinparts/hair-extra/backbun.json"
  },
  {
    "op": "replace",
    "path": "/elements/0/children/0/children/2/faces/down/uv/3",
    "value": 0.0,
    "file": "game:shapes/entity/humanoid/seraphskinparts/hair-extra/backbun.json"
  },
  {
    "op": "add",
    "path": "/elements/0/children/0/children/2/faces/east/autoUv",
    "value": false,
    "file": "game:shapes/entity/humanoid/seraphskinparts/hair-extra/backbun.json"
  },
  {
    "op": "add",
    "path": "/elements/0/children/0/children/2/faces/north/autoUv",
    "value": false,
    "file": "game:shapes/entity/humanoid/seraphskinparts/hair-extra/backbun.json"
  },
  {
    "op": "add",
    "path": "/elements/0/children/0/children/2/faces/south/autoUv",
    "value": false,
    "file": "game:shapes/entity/humanoid/seraphskinparts/hair-extra/backbun.json"
  },
  {
    "op": "add",
    "path": "/elements/0/children/0/children/2/faces/up/autoUv",
    "value": false,
    "file": "game:shapes/entity/humanoid/seraphskinparts/hair-extra/backbun.json"
  },
  {
    "op": "add",
    "path": "/elements/0/children/0/children/2/faces/west/autoUv",
    "value": false,
    "file": "game:shapes/entity/humanoid/seraphskinparts/hair-extra/backbun.json"
  },
  {
    "op": "remove",
    "path": "/elements/0/children/0/children/3/uv",
    "file": "game:shapes/entity/humanoid/seraphskinparts/hair-extra/backbun.json"
  },
  {
    "op": "add",
    "path": "/elements/0/children/0/children/3/children",
    "value": [],
    "file": "game:shapes/entity/humanoid/seraphskinparts/hair-extra/backbun.json"
  },
  {
    "op": "add",
    "path": "/elements/0/children/0/children/3/group",
    "value": "backbun",
    "file": "game:shapes/entity/humanoid/seraphskinparts/hair-extra/backbun.json"
  },
  {
    "op": "add",
    "path": "/elements/0/children/0/children/3/faces/down/autoUv",
    "value": false,
    "file": "game:shapes/entity/humanoid/seraphskinparts/hair-extra/backbun.json"
  },
  {
    "op": "add",
    "path": "/elements/0/children/0/children/3/faces/down/rotation",
    "value": 180,
    "file": "game:shapes/entity/humanoid/seraphskinparts/hair-extra/backbun.json"
  },
  {
    "op": "replace",
    "path": "/elements/0/children/0/children/3/faces/down/uv/0",
    "value": 3.0,
    "file": "game:shapes/entity/humanoid/seraphskinparts/hair-extra/backbun.json"
  },
  {
    "op": "replace",
    "path": "/elements/0/children/0/children/3/faces/down/uv/1",
    "value": 4.5,
    "file": "game:shapes/entity/humanoid/seraphskinparts/hair-extra/backbun.json"
  },
  {
    "op": "replace",
    "path": "/elements/0/children/0/children/3/faces/down/uv/2",
    "value": 1.5,
    "file": "game:shapes/entity/humanoid/seraphskinparts/hair-extra/backbun.json"
  },
  {
    "op": "replace",
    "path": "/elements/0/children/0/children/3/faces/down/uv/3",
    "value": 0.0,
    "file": "game:shapes/entity/humanoid/seraphskinparts/hair-extra/backbun.json"
  },
  {
    "op": "add",
    "path": "/elements/0/children/0/children/3/faces/east/autoUv",
    "value": false,
    "file": "game:shapes/entity/humanoid/seraphskinparts/hair-extra/backbun.json"
  },
  {
    "op": "add",
    "path": "/elements/0/children/0/children/3/faces/north/autoUv",
    "value": false,
    "file": "game:shapes/entity/humanoid/seraphskinparts/hair-extra/backbun.json"
  },
  {
    "op": "add",
    "path": "/elements/0/children/0/children/3/faces/south/autoUv",
    "value": false,
    "file": "game:shapes/entity/humanoid/seraphskinparts/hair-extra/backbun.json"
  },
  {
    "op": "add",
    "path": "/elements/0/children/0/children/3/faces/up/autoUv",
    "value": false,
    "file": "game:shapes/entity/humanoid/seraphskinparts/hair-extra/backbun.json"
  },
  {
    "op": "add",
    "path": "/elements/0/children/0/children/3/faces/west/autoUv",
    "value": false,
    "file": "game:shapes/entity/humanoid/seraphskinparts/hair-extra/backbun.json"
  },
  {
    "op": "add",
    "path": "/elements/0/children/0/faces/down/autoUv",
    "value": false,
    "file": "game:shapes/entity/humanoid/seraphskinparts/hair-extra/backbun.json"
  },
  {
    "op": "add",
    "path": "/elements/0/children/0/faces/down/rotation",
    "value": 180,
    "file": "game:shapes/entity/humanoid/seraphskinparts/hair-extra/backbun.json"
  },
  {
    "op": "replace",
    "path": "/elements/0/children/0/faces/down/uv/0",
    "value": 42.5,
    "file": "game:shapes/entity/humanoid/seraphskinparts/hair-extra/backbun.json"
  },
  {
    "op": "replace",
    "path": "/elements/0/children/0/faces/down/uv/1",
    "value": 11.0,
    "file": "game:shapes/entity/humanoid/seraphskinparts/hair-extra/backbun.json"
  },
  {
    "op": "replace",
    "path": "/elements/0/children/0/faces/down/uv/2",
    "value": 40.5,
    "file": "game:shapes/entity/humanoid/seraphskinparts/hair-extra/backbun.json"
  },
  {
    "op": "replace",
    "path": "/elements/0/children/0/faces/down/uv/3",
    "value": 9.0,
    "file": "game:shapes/entity/humanoid/seraphskinparts/hair-extra/backbun.json"
  },
  {
    "op": "add",
    "path": "/elements/0/children/0/faces/east/autoUv",
    "value": false,
    "file": "game:shapes/entity/humanoid/seraphskinparts/hair-extra/backbun.json"
  },
  {
    "op": "add",
    "path": "/elements/0/children/0/faces/north/autoUv",
    "value": false,
    "file": "game:shapes/entity/humanoid/seraphskinparts/hair-extra/backbun.json"
  },
  {
    "op": "add",
    "path": "/elements/0/children/0/faces/south/autoUv",
    "value": false,
    "file": "game:shapes/entity/humanoid/seraphskinparts/hair-extra/backbun.json"
  },
  {
    "op": "add",
    "path": "/elements/0/children/0/faces/up/autoUv",
    "value": false,
    "file": "game:shapes/entity/humanoid/seraphskinparts/hair-extra/backbun.json"
  },
  {
    "op": "add",
    "path": "/elements/0/children/0/faces/west/autoUv",
    "value": false,
    "file": "game:shapes/entity/humanoid/seraphskinparts/hair-extra/backbun.json"
  },
  {
    "op": "replace",
    "path": "/elements/0/children/0/from/1",
    "value": 2.96,
    "file": "game:shapes/entity/humanoid/seraphskinparts/hair-extra/backbun.json"
  },
  {
    "op": "replace",
    "path": "/elements/0/children/0/rotationOrigin/0",
    "value": 5.3,
    "file": "game:shapes/entity/humanoid/seraphskinparts/hair-extra/backbun.json"
  },
  {
    "op": "replace",
    "path": "/elements/0/children/0/rotationOrigin/1",
    "value": 4.16,
    "file": "game:shapes/entity/humanoid/seraphskinparts/hair-extra/backbun.json"
  },
  {
    "op": "replace",
    "path": "/elements/0/children/0/to/1",
    "value": 5.36,
    "file": "game:shapes/entity/humanoid/seraphskinparts/hair-extra/backbun.json"
  },
  {
    "op": "replace",
    "path": "/elements/0/from/0",
    "value": -0.0,
    "file": "game:shapes/entity/humanoid/seraphskinparts/hair-extra/backbun.json"
  },
  {
    "op": "replace",
    "path": "/elements/0/from/1",
    "value": -0.0,
    "file": "game:shapes/entity/humanoid/seraphskinparts/hair-extra/backbun.json"
  },
  {
    "op": "replace",
    "path": "/elements/0/name",
    "value": "hideme",
    "file": "game:shapes/entity/humanoid/seraphskinparts/hair-extra/backbun.json"
  },
  {
    "op": "replace",
    "path": "/textures/birch",
    "value": "birch",
    "file": "game:shapes/entity/humanoid/seraphskinparts/hair-extra/backbun.json"
  },
  {
    "op": "replace",
    "path": "/textures/hair",
    "value": "silverchalice",
    "file": "game:shapes/entity/humanoid/seraphskinparts/hair-extra/backbun.json"
  },
  {
    "op": "replace",
    "path": "/textureSizes/birch/0",
    "value": 48,
    "file": "game:shapes/entity/humanoid/seraphskinparts/hair-extra/backbun.json"
  },
  {
    "op": "replace",
    "path": "/textureSizes/birch/1",
    "value": 48,
    "file": "game:shapes/entity/humanoid/seraphskinparts/hair-extra/backbun.json"
  }
]