[
  {
    "op": "remove",
    "path": "/editor",
    "file": "game:shapes/entity/humanoid/seraphskinparts/hair-extra/thicklongfrenchbraid.json"
  },
  {
    "op": "add",
    "path": "/groups",
    "value": [],
    "file": "game:shapes/entity/humanoid/seraphskinparts/hair-extra/thicklongfrenchbraid.json"
  },
  {
    "op": "remove",
    "path": "/elements/0/uv",
    "file": "game:shapes/entity/humanoid/seraphskinparts/hair-extra/thicklongfrenchbraid.json"
  },
  {
    "op": "add",
    "path": "/elements/0/group",
    "value": "thicklongfrenchbraid",
    "file": "game:shapes/entity/humanoid/seraphskinparts/hair-extra/thicklongfrenchbraid.json"
  },
  {
    "op": "add",
    "path": "/elements/0/rotationOrigin",
    "value": [
      -0.0,
      -0.0,
      0.0
    ],
    "file": "game:shapes/entity/humanoid/seraphskinparts/hair-extra/thicklongfrenchbraid.json"
  },
  {
    "op": "remove",
    "path": "/elements/0/children/0/uv",
    "file": "game:shapes/entity/humanoid/seraphskinparts/hair-extra/thicklongfrenchbraid.json"
  },
  {
    "op": "add",
    "path": "/elements/0/children/0/group",
    "value": "thicklongfrenchbraid",
    "file": "game:shapes/entity/humanoid/seraphskinparts/hair-extra/thicklongfrenchbraid.json"
  },
  {
    "op": "add",
    "path": "/elements/0/children/0/rotationOrigin",
    "value": [
      0.0,
      -0.0,
      -0.0
    ],
    "file": "game:shapes/entity/humanoid/seraphskinparts/hair-extra/thicklongfrenchbraid.json"
  },
  {
    "op": "remove",
    "path": "/elements/0/children/0/children/0/autoUnwrap",
    "file": "game:shapes/entity/humanoid/seraphskinparts/hair-extra/thicklongfrenchbraid.json"
  },
  {
    "op": "remove",
    "path": "/elements/0/children/0/children/0/uv",
    "file": "game:shapes/entity/humanoid/seraphskinparts/hair-extra/thicklongfrenchbraid.json"
  },
  {
    "op": "add",
    "path": "/elements/0/children/0/children/0/children",
    "value": [],
    "file": "game:shapes/entity/humanoid/seraphskinparts/hair-extra/thicklongfrenchbraid.json"
  },
  {
    "op": "add",
    "path": "/elements/0/children/0/children/0/group",
    "value": "thicklongfrenchbraid",
    "file": "game:shapes/entity/humanoid/seraphskinparts/hair-extra/thicklongfrenchbraid.json"
  },
  {
    "op": "add",
    "path": "/elements/0/children/0/children/0/faces/down",
    "value": {
      "texture": "#hair",
      "uv": [
        18.0,
        24.0,
        6.0,
        12.0
      ],
      "autoUv": false,
      "rotation": 270
    },
    "file": "game:shapes/entity/humanoid/seraphskinparts/hair-extra/thicklongfrenchbraid.json"
  },
  {
    "op": "add",
    "path": "/elements/0/children/0/children/0/faces/west",
    "value": {
      "texture": "#hair",
      "uv": [
        18.0,
        0.0,
        30.0,
        12.0
      ],
      "autoUv": false,
      "rotation": 270
    },
    "file": "game:shapes/entity/humanoid/seraphskinparts/hair-extra/thicklongfrenchbraid.json"
  },
  {
    "op": "add",
    "path": "/elements/0/children/0/children/0/faces/east/autoUv",
    "value": false,
    "file": "game:shapes/entity/humanoid/seraphskinparts/hair-extra/thicklongfrenchbraid.json"
  },
  {
    "op": "add",
    "path": "/elements/0/children/0/children/0/faces/north/autoUv",
    "value": false,
    "file": "game:shapes/entity/humanoid/seraphskinparts/hair-extra/thicklongfrenchbraid.json"
  },
  {
    "op": "add",
    "path": "/elements/0/children/0/children/0/faces/south/autoUv",
    "value": false,
    "file": "game:shapes/entity/humanoid/seraphskinparts/hair-extra/thicklongfrenchbraid.json"
  },
  {
    "op": "add",
    "path": "/elements/0/children/0/children/0/faces/up/autoUv",
    "value": false,
    "file": "game:shapes/entity/humanoid/seraphskinparts/hair-extra/thicklongfrenchbraid.json"
  },
  {
    "op": "replace",
    "path": "/elements/0/children/0/children/0/from/0",
    "value": 1.53,
    "file": "game:shapes/entity/humanoid/seraphskinparts/hair-extra/thicklongfrenchbraid.json"
  },
  {
    "op": "replace",
    "path": "/elements/0/children/0/children/0/from/1",
    "value": 4.29,
    "file": "game:shapes/entity/humanoid/seraphskinparts/hair-extra/thicklongfrenchbraid.json"
  },
  {
    "op": "replace",
    "path": "/elements/0/children/0/children/0/name",
    "value": "BraidTop.001",
    "file": "game:shapes/entity/humanoid/seraphskinparts/hair-extra/thicklongfrenchbraid.json"
  },
  {
    "op": "replace",
    "path": "/elements/0/children/0/children/0/rotationOrigin/0",
    "value": 6.53,
    "file": "game:shapes/entity/humanoid/seraphskinparts/hair-extra/thicklongfrenchbraid.json"
  },
  {
    "op": "replace",
    "path": "/elements/0/children/0/children/0/rotationOrigin/1",
    "value": 4.29,
    "file": "game:shapes/entity/humanoid/seraphskinparts/hair-extra/thicklongfrenchbraid.json"
  },
  {
    "op": "replace",
    "path": "/elements/0/children/0/children/0/to/0",
    "value": 6.01,
    "file": "game:shapes/entity/humanoid/seraphskinparts/hair-extra/thicklongfrenchbraid.json"
  },
  {
    "op": "replace",
    "path": "/elements/0/children/0/children/0/to/1",
    "value": 5.29,
    "file": "game:shapes/entity/humanoid/seraphskinparts/hair-extra/thicklongfrenchbraid.json"
  },
  {
    "op": "remove",
    "path": "/elements/0/children/0/children/1/autoUnwrap",
    "file": "game:shapes/entity/humanoid/seraphskinparts/hair-extra/thicklongfrenchbraid.json"
  },
  {
    "op": "remove",
    "path": "/elements/0/children/0/children/1/uv",
    "file": "game:shapes/entity/humanoid/seraphskinparts/hair-extra/thicklongfrenchbraid.json"
  },
  {
    "op": "add",
    "path": "/elements/0/children/0/children/1/children",
    "value": [],
    "file": "game:shapes/entity/humanoid/seraphskinparts/hair-extra/thicklongfrenchbraid.json"
  },
  {
    "op": "add",
    "path": "/elements/0/children/0/children/1/group",
    "value": "thicklongfrenchbraid",
    "file": "game:shapes/entity/humanoid/seraphskinparts/hair-extra/thicklongfrenchbraid.json"
  },
  {
    "op": "add",
    "path": "/elements/0/children/0/children/1/faces/west",
    "value": {
      "texture": "#hair",
      "uv": [
        18.0,
        0.0,
        30.0,
        12.0
      ],
      "autoUv": false,
      "rotation": 270
    },
    "file": "game:shapes/entity/humanoid/seraphskinparts/hair-extra/thicklongfrenchbraid.json"
  },
  {
    "op": "add",
    "path": "/elements/0/children/0/children/1/faces/down/autoUv",
    "value": false,
    "file": "game:shapes/entity/humanoid/seraphskinparts/hair-extra/thicklongfrenchbraid.json"
  },
  {
    "op": "replace",
    "path": "/elements/0/children/0/children/1/faces/down/uv/0",
    "value": 26.0,
    "file": "game:shapes/entity/humanoid/seraphskinparts/hair-extra/thicklongfrenchbraid.json"
  },
  {
    "op": "replace",
    "path": "/elements/0/children/0/children/1/faces/down/uv/1",
    "value": 33.0,
    "file": "game:shapes/entity/humanoid/seraphskinparts/hair-extra/thicklongfrenchbraid.json"
  },
  {
    "op": "replace",
    "path": "/elements/0/children/0/children/1/faces/down/uv/2",
    "value": 24.5,
    "file": "game:shapes/entity/humanoid/seraphskinparts/hair-extra/thicklongfrenchbraid.json"
  },
  {
    "op": "replace",
    "path": "/elements/0/children/0/children/1/faces/down/uv/3",
    "value": 31.0,
    "file": "game:shapes/entity/humanoid/seraphskinparts/hair-extra/thicklongfrenchbraid.json"
  },
  {
    "op": "add",
    "path": "/elements/0/children/0/children/1/faces/east/autoUv",
    "value": false,
    "file": "game:shapes/entity/humanoid/seraphskinparts/hair-extra/thicklongfrenchbraid.json"
  },
  {
    "op": "add",
    "path": "/elements/0/children/0/children/1/faces/north/autoUv",
    "value": false,
    "file": "game:shapes/entity/humanoid/seraphskinparts/hair-extra/thicklongfrenchbraid.json"
  },
  {
    "op": "add",
    "path": "/elements/0/children/0/children/1/faces/south/autoUv",
    "value": false,
    "file": "game:shapes/entity/humanoid/seraphskinparts/hair-extra/thicklongfrenchbraid.json"
  },
  {
    "op": "add",
    "path": "/elements/0/children/0/children/1/faces/up/autoUv",
    "value": false,
    "file": "game:shapes/entity/humanoid/seraphskinparts/hair-extra/thicklongfrenchbraid.json"
  },
  {
    "op": "replace",
    "path": "/elements/0/children/0/children/1/from/0",
    "value": 4.45,
    "file": "game:shapes/entity/humanoid/seraphskinparts/hair-extra/thicklongfrenchbraid.json"
  },
  {
    "op": "replace",
    "path": "/elements/0/children/0/children/1/from/1",
    "value": 0.37,
    "file": "game:shapes/entity/humanoid/seraphskinparts/hair-extra/thicklongfrenchbraid.json"
  },
  {
    "op": "replace",
    "path": "/elements/0/children/0/children/1/rotationOrigin/0",
    "value": 5.15,
    "file": "game:shapes/entity/humanoid/seraphskinparts/hair-extra/thicklongfrenchbraid.json"
  },
  {
    "op": "replace",
    "path": "/elements/0/children/0/children/1/rotationOrigin/1",
    "value": 4.37,
    "file": "game:shapes/entity/humanoid/seraphskinparts/hair-extra/thicklongfrenchbraid.json"
  },
  {
    "op": "replace",
    "path": "/elements/0/children/0/children/1/to/0",
    "value": 5.95,
    "file": "game:shapes/entity/humanoid/seraphskinparts/hair-extra/thicklongfrenchbraid.json"
  },
  {
    "op": "replace",
    "path": "/elements/0/children/0/children/1/to/1",
    "value": 4.37,
    "file": "game:shapes/entity/humanoid/seraphskinparts/hair-extra/thicklongfrenchbraid.json"
  },
  {
    "op": "replace",
    "path": "/elements/0/children/0/from/2",
    "value": -0.0,
    "file": "game:shapes/entity/humanoid/seraphskinparts/hair-extra/thicklongfrenchbraid.json"
  },
  {
    "op": "replace",
    "path": "/elements/0/children/0/from/1",
    "value": -0.0,
    "file": "game:shapes/entity/humanoid/seraphskinparts/hair-extra/thicklongfrenchbraid.json"
  },
  {
    "op": "replace",
    "path": "/elements/0/children/0/from/0",
    "value": 0.0,
    "file": "game:shapes/entity/humanoid/seraphskinparts/hair-extra/thicklongfrenchbraid.json"
  },
  {
    "op": "replace",
    "path": "/elements/0/children/0/name",
    "value": "ponytailhigh.007",
    "file": "game:shapes/entity/humanoid/seraphskinparts/hair-extra/thicklongfrenchbraid.json"
  },
  {
    "op": "replace",
    "path": "/elements/0/children/0/to/0",
    "value": 1.0,
    "file": "game:shapes/entity/humanoid/seraphskinparts/hair-extra/thicklongfrenchbraid.json"
  },
  {
    "op": "remove",
    "path": "/elements/0/children/1/uv",
    "file": "game:shapes/entity/humanoid/seraphskinparts/hair-extra/thicklongfrenchbraid.json"
  },
  {
    "op": "add",
    "path": "/elements/0/children/1/group",
    "value": "thicklongfrenchbraid",
    "file": "game:shapes/entity/humanoid/seraphskinparts/hair-extra/thicklongfrenchbraid.json"
  },
  {
    "op": "add",
    "path": "/elements/0/children/1/rotationOrigin",
    "value": [
      0.0,
      -0.0,
      -0.0
    ],
    "file": "game:shapes/entity/humanoid/seraphskinparts/hair-extra/thicklongfrenchbraid.json"
  },
  {
    "op": "remove",
    "path": "/elements/0/children/1/children/0/uv",
    "file": "game:shapes/entity/humanoid/seraphskinparts/hair-extra/thicklongfrenchbraid.json"
  },
  {
    "op": "add",
    "path": "/elements/0/children/1/children/0/children",
    "value": [],
    "file": "game:shapes/entity/humanoid/seraphskinparts/hair-extra/thicklongfrenchbraid.json"
  },
  {
    "op": "add",
    "path": "/elements/0/children/1/children/0/group",
    "value": "thicklongfrenchbraid",
    "file": "game:shapes/entity/humanoid/seraphskinparts/hair-extra/thicklongfrenchbraid.json"
  },
  {
    "op": "add",
    "path": "/elements/0/children/1/children/0/faces/down",
    "value": {
      "texture": "#hair",
      "uv": [
        18.0,
        24.0,
        6.0,
        12.0
      ],
      "autoUv": false,
      "rotation": 270
    },
    "file": "game:shapes/entity/humanoid/seraphskinparts/hair-extra/thicklongfrenchbraid.json"
  },
  {
    "op": "add",
    "path": "/elements/0/children/1/children/0/faces/up",
    "value": {
      "texture": "#hair",
      "uv": [
        30.0,
        12.0,
        42.0,
        24.0
      ],
      "autoUv": false,
      "rotation": 270
    },
    "file": "game:shapes/entity/humanoid/seraphskinparts/hair-extra/thicklongfrenchbraid.json"
  },
  {
    "op": "add",
    "path": "/elements/0/children/1/children/0/faces/east/autoUv",
    "value": false,
    "file": "game:shapes/entity/humanoid/seraphskinparts/hair-extra/thicklongfrenchbraid.json"
  },
  {
    "op": "add",
    "path": "/elements/0/children/1/children/0/faces/north/autoUv",
    "value": false,
    "file": "game:shapes/entity/humanoid/seraphskinparts/hair-extra/thicklongfrenchbraid.json"
  },
  {
    "op": "add",
    "path": "/elements/0/children/1/children/0/faces/south/autoUv",
    "value": false,
    "file": "game:shapes/entity/humanoid/seraphskinparts/hair-extra/thicklongfrenchbraid.json"
  },
  {
    "op": "add",
    "path": "/elements/0/children/1/children/0/faces/west/autoUv",
    "value": false,
    "file": "game:shapes/entity/humanoid/seraphskinparts/hair-extra/thicklongfrenchbraid.json"
  },
  {
    "op": "replace",
    "path": "/elements/0/children/1/children/0/from/0",
    "value": 5.42,
    "file": "game:shapes/entity/humanoid/seraphskinparts/hair-extra/thicklongfrenchbraid.json"
  },
  {
    "op": "replace",
    "path": "/elements/0/children/1/children/0/from/1",
    "value": -6.59,
    "file": "game:shapes/entity/humanoid/seraphskinparts/hair-extra/thicklongfrenchbraid.json"
  },
  {
    "op": "replace",
    "path": "/elements/0/children/1/children/0/rotationOrigin/0",
    "value": 5.72,
    "file": "game:shapes/entity/humanoid/seraphskinparts/hair-extra/thicklongfrenchbraid.json"
  },
  {
    "op": "replace",
    "path": "/elements/0/children/1/children/0/rotationOrigin/1",
    "value": -2.59,
    "file": "game:shapes/entity/humanoid/seraphskinparts/hair-extra/thicklongfrenchbraid.json"
  },
  {
    "op": "replace",
    "path": "/elements/0/children/1/children/0/rotationX",
    "value": -5.0,
    "file": "game:shapes/entity/humanoid/seraphskinparts/hair-extra/thicklongfrenchbraid.json"
  },
  {
    "op": "replace",
    "path": "/elements/0/children/1/children/0/rotationY",
    "value": -0.17,
    "file": "game:shapes/entity/humanoid/seraphskinparts/hair-extra/thicklongfrenchbraid.json"
  },
  {
    "op": "replace",
    "path": "/elements/0/children/1/children/0/rotationZ",
    "value": 9.98,
    "file": "game:shapes/entity/humanoid/seraphskinparts/hair-extra/thicklongfrenchbraid.json"
  },
  {
    "op": "replace",
    "path": "/elements/0/children/1/children/0/to/0",
    "value": 6.42,
    "file": "game:shapes/entity/humanoid/seraphskinparts/hair-extra/thicklongfrenchbraid.json"
  },
  {
    "op": "replace",
    "path": "/elements/0/children/1/children/0/to/1",
    "value": -2.59,
    "file": "game:shapes/entity/humanoid/seraphskinparts/hair-extra/thicklongfrenchbraid.json"
  },
  {
    "op": "remove",
    "path": "/elements/0/children/1/children/1/uv",
    "file": "game:shapes/entity/humanoid/seraphskinparts/hair-extra/thicklongfrenchbraid.json"
  },
  {
    "op": "add",
    "path": "/elements/0/children/1/children/1/children",
    "value": [],
    "file": "game:shapes/entity/humanoid/seraphskinparts/hair-extra/thicklongfrenchbraid.json"
  },
  {
    "op": "add",
    "path": "/elements/0/children/1/children/1/group",
    "value": "thicklongfrenchbraid",
    "file": "game:shapes/entity/humanoid/seraphskinparts/hair-extra/thicklongfrenchbraid.json"
  },
  {
    "op": "add",
    "path": "/elements/0/children/1/children/1/faces/down",
    "value": {
      "texture": "#hair",
      "uv": [
        18.0,
        24.0,
        6.0,
        12.0
      ],
      "autoUv": false,
      "rotation": 270
    },
    "file": "game:shapes/entity/humanoid/seraphskinparts/hair-extra/thicklongfrenchbraid.json"
  },
  {
    "op": "add",
    "path": "/elements/0/children/1/children/1/faces/up",
    "value": {
      "texture": "#hair",
      "uv": [
        30.0,
        12.0,
        42.0,
        24.0
      ],
      "autoUv": false,
      "rotation": 270
    },
    "file": "game:shapes/entity/humanoid/seraphskinparts/hair-extra/thicklongfrenchbraid.json"
  },
  {
    "op": "add",
    "path": "/elements/0/children/1/children/1/faces/east/autoUv",
    "value": false,
    "file": "game:shapes/entity/humanoid/seraphskinparts/hair-extra/thicklongfrenchbraid.json"
  },
  {
    "op": "add",
    "path": "/elements/0/children/1/children/1/faces/north/autoUv",
    "value": false,
    "file": "game:shapes/entity/humanoid/seraphskinparts/hair-extra/thicklongfrenchbraid.json"
  },
  {
    "op": "add",
    "path": "/elements/0/children/1/children/1/faces/south/autoUv",
    "value": false,
    "file": "game:shapes/entity/humanoid/seraphskinparts/hair-extra/thicklongfrenchbraid.json"
  },
  {
    "op": "add",
    "path": "/elements/0/children/1/children/1/faces/west/autoUv",
    "value": false,
    "file": "game:shapes/entity/humanoid/seraphskinparts/hair-extra/thicklongfrenchbraid.json"
  },
  {
    "op": "replace",
    "path": "/elements/0/children/1/children/1/from/0",
    "value": 5.42,
    "file": "game:shapes/entity/humanoid/seraphskinparts/hair-extra/thicklongfrenchbraid.json"
  },
  {
    "op": "replace",
    "path": "/elements/0/children/1/children/1/from/1",
    "value": -6.59,
    "file": "game:shapes/entity/humanoid/seraphskinparts/hair-extra/thicklongfrenchbraid.json"
  },
  {
    "op": "replace",
    "path": "/elements/0/children/1/children/1/rotationOrigin/0",
    "value": 5.72,
    "file": "game:shapes/entity/humanoid/seraphskinparts/hair-extra/thicklongfrenchbraid.json"
  },
  {
    "op": "replace",
    "path": "/elements/0/children/1/children/1/rotationOrigin/1",
    "value": -2.59,
    "file": "game:shapes/entity/humanoid/seraphskinparts/hair-extra/thicklongfrenchbraid.json"
  },
  {
    "op": "replace",
    "path": "/elements/0/children/1/children/1/rotationX",
    "value": 5.0,
    "file": "game:shapes/entity/humanoid/seraphskinparts/hair-extra/thicklongfrenchbraid.json"
  },
  {
    "op": "replace",
    "path": "/elements/0/children/1/children/1/rotationY",
    "value": 0.17,
    "file": "game:shapes/entity/humanoid/seraphskinparts/hair-extra/thicklongfrenchbraid.json"
  },
  {
    "op": "replace",
    "path": "/elements/0/children/1/children/1/rotationZ",
    "value": -7.02,
    "file": "game:shapes/entity/humanoid/seraphskinparts/hair-extra/thicklongfrenchbraid.json"
  },
  {
    "op": "replace",
    "path": "/elements/0/children/1/children/1/to/0",
    "value": 6.42,
    "file": "game:shapes/entity/humanoid/seraphskinparts/hair-extra/thicklongfrenchbraid.json"
  },
  {
    "op": "replace",
    "path": "/elements/0/children/1/children/1/to/1",
    "value": -2.59,
    "file": "game:shapes/entity/humanoid/seraphskinparts/hair-extra/thicklongfrenchbraid.json"
  },
  {
    "op": "remove",
    "path": "/elements/0/children/1/children/2/uv",
    "file": "game:shapes/entity/humanoid/seraphskinparts/hair-extra/thicklongfrenchbraid.json"
  },
  {
    "op": "add",
    "path": "/elements/0/children/1/children/2/group",
    "value": "thicklongfrenchbraid",
    "file": "game:shapes/entity/humanoid/seraphskinparts/hair-extra/thicklongfrenchbraid.json"
  },
  {
    "op": "remove",
    "path": "/elements/0/children/1/children/2/children/0/uv",
    "file": "game:shapes/entity/humanoid/seraphskinparts/hair-extra/thicklongfrenchbraid.json"
  },
  {
    "op": "add",
    "path": "/elements/0/children/1/children/2/children/0/children",
    "value": [],
    "file": "game:shapes/entity/humanoid/seraphskinparts/hair-extra/thicklongfrenchbraid.json"
  },
  {
    "op": "add",
    "path": "/elements/0/children/1/children/2/children/0/group",
    "value": "thicklongfrenchbraid",
    "file": "game:shapes/entity/humanoid/seraphskinparts/hair-extra/thicklongfrenchbraid.json"
  },
  {
    "op": "add",
    "path": "/elements/0/children/1/children/2/children/0/faces/up",
    "value": {
      "texture": "#hair",
      "uv": [
        30.0,
        12.0,
        42.0,
        24.0
      ],
      "autoUv": false,
      "rotation": 270
    },
    "file": "game:shapes/entity/humanoid/seraphskinparts/hair-extra/thicklongfrenchbraid.json"
  },
  {
    "op": "add",
    "path": "/elements/0/children/1/children/2/children/0/faces/down/autoUv",
    "value": false,
    "file": "game:shapes/entity/humanoid/seraphskinparts/hair-extra/thicklongfrenchbraid.json"
  },
  {
    "op": "replace",
    "path": "/elements/0/children/1/children/2/children/0/faces/down/uv/0",
    "value": 21.5,
    "file": "game:shapes/entity/humanoid/seraphskinparts/hair-extra/thicklongfrenchbraid.json"
  },
  {
    "op": "replace",
    "path": "/elements/0/children/1/children/2/children/0/faces/down/uv/1",
    "value": 32.5,
    "file": "game:shapes/entity/humanoid/seraphskinparts/hair-extra/thicklongfrenchbraid.json"
  },
  {
    "op": "replace",
    "path": "/elements/0/children/1/children/2/children/0/faces/down/uv/2",
    "value": 20.0,
    "file": "game:shapes/entity/humanoid/seraphskinparts/hair-extra/thicklongfrenchbraid.json"
  },
  {
    "op": "replace",
    "path": "/elements/0/children/1/children/2/children/0/faces/down/uv/3",
    "value": 31.0,
    "file": "game:shapes/entity/humanoid/seraphskinparts/hair-extra/thicklongfrenchbraid.json"
  },
  {
    "op": "add",
    "path": "/elements/0/children/1/children/2/children/0/faces/east/autoUv",
    "value": false,
    "file": "game:shapes/entity/humanoid/seraphskinparts/hair-extra/thicklongfrenchbraid.json"
  },
  {
    "op": "add",
    "path": "/elements/0/children/1/children/2/children/0/faces/north/autoUv",
    "value": false,
    "file": "game:shapes/entity/humanoid/seraphskinparts/hair-extra/thicklongfrenchbraid.json"
  },
  {
    "op": "add",
    "path": "/elements/0/children/1/children/2/children/0/faces/south/autoUv",
    "value": false,
    "file": "game:shapes/entity/humanoid/seraphskinparts/hair-extra/thicklongfrenchbraid.json"
  },
  {
    "op": "add",
    "path": "/elements/0/children/1/children/2/children/0/faces/west/autoUv",
    "value": false,
    "file": "game:shapes/entity/humanoid/seraphskinparts/hair-extra/thicklongfrenchbraid.json"
  },
  {
    "op": "replace",
    "path": "/elements/0/children/1/children/2/children/0/from/0",
    "value": 0.84,
    "file": "game:shapes/entity/humanoid/seraphskinparts/hair-extra/thicklongfrenchbraid.json"
  },
  {
    "op": "replace",
    "path": "/elements/0/children/1/children/2/children/0/from/1",
    "value": 3.22,
    "file": "game:shapes/entity/humanoid/seraphskinparts/hair-extra/thicklongfrenchbraid.json"
  },
  {
    "op": "replace",
    "path": "/elements/0/children/1/children/2/children/0/rotationOrigin/0",
    "value": 2.34,
    "file": "game:shapes/entity/humanoid/seraphskinparts/hair-extra/thicklongfrenchbraid.json"
  },
  {
    "op": "replace",
    "path": "/elements/0/children/1/children/2/children/0/rotationOrigin/1",
    "value": 3.22,
    "file": "game:shapes/entity/humanoid/seraphskinparts/hair-extra/thicklongfrenchbraid.json"
  },
  {
    "op": "replace",
    "path": "/elements/0/children/1/children/2/children/0/to/0",
    "value": 2.34,
    "file": "game:shapes/entity/humanoid/seraphskinparts/hair-extra/thicklongfrenchbraid.json"
  },
  {
    "op": "replace",
    "path": "/elements/0/children/1/children/2/children/0/to/1",
    "value": 5.22,
    "file": "game:shapes/entity/humanoid/seraphskinparts/hair-extra/thicklongfrenchbraid.json"
  },
  {
    "op": "add",
    "path": "/elements/0/children/1/children/2/faces/up",
    "value": {
      "texture": "#hair",
      "uv": [
        30.0,
        12.0,
        42.0,
        24.0
      ],
      "autoUv": false,
      "rotation": 270
    },
    "file": "game:shapes/entity/humanoid/seraphskinparts/hair-extra/thicklongfrenchbraid.json"
  },
  {
    "op": "add",
    "path": "/elements/0/children/1/children/2/faces/down/autoUv",
    "value": false,
    "file": "game:shapes/entity/humanoid/seraphskinparts/hair-extra/thicklongfrenchbraid.json"
  },
  {
    "op": "replace",
    "path": "/elements/0/children/1/children/2/faces/down/uv/0",
    "value": 21.5,
    "file": "game:shapes/entity/humanoid/seraphskinparts/hair-extra/thicklongfrenchbraid.json"
  },
  {
    "op": "replace",
    "path": "/elements/0/children/1/children/2/faces/down/uv/1",
    "value": 32.5,
    "file": "game:shapes/entity/humanoid/seraphskinparts/hair-extra/thicklongfrenchbraid.json"
  },
  {
    "op": "replace",
    "path": "/elements/0/children/1/children/2/faces/down/uv/2",
    "value": 20.0,
    "file": "game:shapes/entity/humanoid/seraphskinparts/hair-extra/thicklongfrenchbraid.json"
  },
  {
    "op": "replace",
    "path": "/elements/0/children/1/children/2/faces/down/uv/3",
    "value": 31.0,
    "file": "game:shapes/entity/humanoid/seraphskinparts/hair-extra/thicklongfrenchbraid.json"
  },
  {
    "op": "add",
    "path": "/elements/0/children/1/children/2/faces/east/autoUv",
    "value": false,
    "file": "game:shapes/entity/humanoid/seraphskinparts/hair-extra/thicklongfrenchbraid.json"
  },
  {
    "op": "add",
    "path": "/elements/0/children/1/children/2/faces/north/autoUv",
    "value": false,
    "file": "game:shapes/entity/humanoid/seraphskinparts/hair-extra/thicklongfrenchbraid.json"
  },
  {
    "op": "add",
    "path": "/elements/0/children/1/children/2/faces/south/autoUv",
    "value": false,
    "file": "game:shapes/entity/humanoid/seraphskinparts/hair-extra/thicklongfrenchbraid.json"
  },
  {
    "op": "add",
    "path": "/elements/0/children/1/children/2/faces/west/autoUv",
    "value": false,
    "file": "game:shapes/entity/humanoid/seraphskinparts/hair-extra/thicklongfrenchbraid.json"
  },
  {
    "op": "replace",
    "path": "/elements/0/children/1/children/2/from/0",
    "value": 5.08,
    "file": "game:shapes/entity/humanoid/seraphskinparts/hair-extra/thicklongfrenchbraid.json"
  },
  {
    "op": "replace",
    "path": "/elements/0/children/1/children/2/from/1",
    "value": -2.7,
    "file": "game:shapes/entity/humanoid/seraphskinparts/hair-extra/thicklongfrenchbraid.json"
  },
  {
    "op": "replace",
    "path": "/elements/0/children/1/children/2/rotationOrigin/0",
    "value": 5.58,
    "file": "game:shapes/entity/humanoid/seraphskinparts/hair-extra/thicklongfrenchbraid.json"
  },
  {
    "op": "replace",
    "path": "/elements/0/children/1/children/2/rotationOrigin/1",
    "value": 1.21,
    "file": "game:shapes/entity/humanoid/seraphskinparts/hair-extra/thicklongfrenchbraid.json"
  },
  {
    "op": "replace",
    "path": "/elements/0/children/1/children/2/to/0",
    "value": 6.58,
    "file": "game:shapes/entity/humanoid/seraphskinparts/hair-extra/thicklongfrenchbraid.json"
  },
  {
    "op": "replace",
    "path": "/elements/0/children/1/children/2/to/1",
    "value": 0.61,
    "file": "game:shapes/entity/humanoid/seraphskinparts/hair-extra/thicklongfrenchbraid.json"
  },
  {
    "op": "replace",
    "path": "/elements/0/children/1/from/2",
    "value": -0.0,
    "file": "game:shapes/entity/humanoid/seraphskinparts/hair-extra/thicklongfrenchbraid.json"
  },
  {
    "op": "replace",
    "path": "/elements/0/children/1/from/1",
    "value": -0.0,
    "file": "game:shapes/entity/humanoid/seraphskinparts/hair-extra/thicklongfrenchbraid.json"
  },
  {
    "op": "replace",
    "path": "/elements/0/children/1/from/0",
    "value": 0.0,
    "file": "game:shapes/entity/humanoid/seraphskinparts/hair-extra/thicklongfrenchbraid.json"
  },
  {
    "op": "replace",
    "path": "/elements/0/children/1/name",
    "value": "ponytaillow.003",
    "file": "game:shapes/entity/humanoid/seraphskinparts/hair-extra/thicklongfrenchbraid.json"
  },
  {
    "op": "replace",
    "path": "/elements/0/children/1/to/0",
    "value": 1.0,
    "file": "game:shapes/entity/humanoid/seraphskinparts/hair-extra/thicklongfrenchbraid.json"
  },
  {
    "op": "replace",
    "path": "/elements/0/from/0",
    "value": -0.0,
    "file": "game:shapes/entity/humanoid/seraphskinparts/hair-extra/thicklongfrenchbraid.json"
  },
  {
    "op": "replace",
    "path": "/elements/0/from/1",
    "value": -0.0,
    "file": "game:shapes/entity/humanoid/seraphskinparts/hair-extra/thicklongfrenchbraid.json"
  },
  {
    "op": "replace",
    "path": "/elements/0/name",
    "value": "hideme",
    "file": "game:shapes/entity/humanoid/seraphskinparts/hair-extra/thicklongfrenchbraid.json"
  },
  {
    "op": "remove",
    "path": "/textures/birch",
    "file": "game:shapes/entity/humanoid/seraphskinparts/hair-extra/thicklongfrenchbraid.json"
  },
  {
    "op": "replace",
    "path": "/textures/hair",
    "value": "silverchalice",
    "file": "game:shapes/entity/humanoid/seraphskinparts/hair-extra/thicklongfrenchbraid.json"
  },
  {
    "op": "remove",
    "path": "/textureSizes/birch",
    "file": "game:shapes/entity/humanoid/seraphskinparts/hair-extra/thicklongfrenchbraid.json"
  }
]