[
  {
    "op": "replace",
    "path": "/editor/backDropShape",
    "value": "shapes/entity/humanoid/seraph-hairless",
    "file": "game:shapes/entity/humanoid/seraphskinparts/hair-face/mst-u01-horseshoe.json"
  },
  {
    "op": "replace",
    "path": "/elements/0/from/0",
    "value": -2.19,
    "file": "game:shapes/entity/humanoid/seraphskinparts/hair-face/mst-u01-horseshoe.json"
  },
  {
    "op": "replace",
    "path": "/elements/0/from/1",
    "value": 0.75,
    "file": "game:shapes/entity/humanoid/seraphskinparts/hair-face/mst-u01-horseshoe.json"
  },
  {
    "op": "replace",
    "path": "/elements/0/rotationOrigin/0",
    "value": -2.2,
    "file": "game:shapes/entity/humanoid/seraphskinparts/hair-face/mst-u01-horseshoe.json"
  },
  {
    "op": "replace",
    "path": "/elements/0/to/0",
    "value": -1.79,
    "file": "game:shapes/entity/humanoid/seraphskinparts/hair-face/mst-u01-horseshoe.json"
  },
  {
    "op": "replace",
    "path": "/elements/0/to/1",
    "value": 1.15,
    "file": "game:shapes/entity/humanoid/seraphskinparts/hair-face/mst-u01-horseshoe.json"
  },
  {
    "op": "remove",
    "path": "/textures/hair",
    "file": "game:shapes/entity/humanoid/seraphskinparts/hair-face/mst-u01-horseshoe.json"
  }
]