[
  {
    "op": "remove",
    "path": "/editor",
    "file": "game:shapes/entity/humanoid/seraphskinparts/hair-extra/headsidebraid.json"
  },
  {
    "op": "add",
    "path": "/groups",
    "value": [],
    "file": "game:shapes/entity/humanoid/seraphskinparts/hair-extra/headsidebraid.json"
  },
  {
    "op": "remove",
    "path": "/elements/0/uv",
    "file": "game:shapes/entity/humanoid/seraphskinparts/hair-extra/headsidebraid.json"
  },
  {
    "op": "add",
    "path": "/elements/0/group",
    "value": "headsidebraid",
    "file": "game:shapes/entity/humanoid/seraphskinparts/hair-extra/headsidebraid.json"
  },
  {
    "op": "add",
    "path": "/elements/0/rotationOrigin",
    "value": [
      -0.0,
      -0.0,
      0.0
    ],
    "file": "game:shapes/entity/humanoid/seraphskinparts/hair-extra/headsidebraid.json"
  },
  {
    "op": "remove",
    "path": "/elements/0/children/0/autoUnwrap",
    "file": "game:shapes/entity/humanoid/seraphskinparts/hair-extra/headsidebraid.json"
  },
  {
    "op": "remove",
    "path": "/elements/0/children/0/uv",
    "file": "game:shapes/entity/humanoid/seraphskinparts/hair-extra/headsidebraid.json"
  },
  {
    "op": "add",
    "path": "/elements/0/children/0/group",
    "value": "headsidebraid",
    "file": "game:shapes/entity/humanoid/seraphskinparts/hair-extra/headsidebraid.json"
  },
  {
    "op": "add",
    "path": "/elements/0/children/0/rotationX",
    "value": 0.0,
    "file": "game:shapes/entity/humanoid/seraphskinparts/hair-extra/headsidebraid.json"
  },
  {
    "op": "remove",
    "path": "/elements/0/children/0/children/0/uv",
    "file": "game:shapes/entity/humanoid/seraphskinparts/hair-extra/headsidebraid.json"
  },
  {
    "op": "add",
    "path": "/elements/0/children/0/children/0/group",
    "value": "headsidebraid",
    "file": "game:shapes/entity/humanoid/seraphskinparts/hair-extra/headsidebraid.json"
  },
  {
    "op": "add",
    "path": "/elements/0/children/0/children/0/rotationX",
    "value": 0.0,
    "file": "game:shapes/entity/humanoid/seraphskinparts/hair-extra/headsidebraid.json"
  },
  {
    "op": "remove",
    "path": "/elements/0/children/0/children/0/children/0/uv",
    "file": "game:shapes/entity/humanoid/seraphskinparts/hair-extra/headsidebraid.json"
  },
  {
    "op": "add",
    "path": "/elements/0/children/0/children/0/children/0/children",
    "value": [],
    "file": "game:shapes/entity/humanoid/seraphskinparts/hair-extra/headsidebraid.json"
  },
  {
    "op": "add",
    "path": "/elements/0/children/0/children/0/children/0/group",
    "value": "headsidebraid",
    "file": "game:shapes/entity/humanoid/seraphskinparts/hair-extra/headsidebraid.json"
  },
  {
    "op": "add",
    "path": "/elements/0/children/0/children/0/children/0/rotationX",
    "value": -33.4,
    "file": "game:shapes/entity/humanoid/seraphskinparts/hair-extra/headsidebraid.json"
  },
  {
    "op": "add",
    "path": "/elements/0/children/0/children/0/children/0/faces/east/autoUv",
    "value": false,
    "file": "game:shapes/entity/humanoid/seraphskinparts/hair-extra/headsidebraid.json"
  },
  {
    "op": "replace",
    "path": "/elements/0/children/0/children/0/children/0/faces/east/uv/0",
    "value": 26.0,
    "file": "game:shapes/entity/humanoid/seraphskinparts/hair-extra/headsidebraid.json"
  },
  {
    "op": "replace",
    "path": "/elements/0/children/0/children/0/children/0/faces/east/uv/2",
    "value": 27.0,
    "file": "game:shapes/entity/humanoid/seraphskinparts/hair-extra/headsidebraid.json"
  },
  {
    "op": "add",
    "path": "/elements/0/children/0/children/0/children/0/faces/north/autoUv",
    "value": false,
    "file": "game:shapes/entity/humanoid/seraphskinparts/hair-extra/headsidebraid.json"
  },
  {
    "op": "replace",
    "path": "/elements/0/children/0/children/0/children/0/faces/north/uv/0",
    "value": 25.0,
    "file": "game:shapes/entity/humanoid/seraphskinparts/hair-extra/headsidebraid.json"
  },
  {
    "op": "replace",
    "path": "/elements/0/children/0/children/0/children/0/faces/north/uv/2",
    "value": 26.0,
    "file": "game:shapes/entity/humanoid/seraphskinparts/hair-extra/headsidebraid.json"
  },
  {
    "op": "add",
    "path": "/elements/0/children/0/children/0/children/0/faces/south/autoUv",
    "value": false,
    "file": "game:shapes/entity/humanoid/seraphskinparts/hair-extra/headsidebraid.json"
  },
  {
    "op": "replace",
    "path": "/elements/0/children/0/children/0/children/0/faces/south/uv/0",
    "value": 27.0,
    "file": "game:shapes/entity/humanoid/seraphskinparts/hair-extra/headsidebraid.json"
  },
  {
    "op": "replace",
    "path": "/elements/0/children/0/children/0/children/0/faces/south/uv/2",
    "value": 28.0,
    "file": "game:shapes/entity/humanoid/seraphskinparts/hair-extra/headsidebraid.json"
  },
  {
    "op": "add",
    "path": "/elements/0/children/0/children/0/children/0/faces/up/autoUv",
    "value": false,
    "file": "game:shapes/entity/humanoid/seraphskinparts/hair-extra/headsidebraid.json"
  },
  {
    "op": "add",
    "path": "/elements/0/children/0/children/0/children/0/faces/up/rotation",
    "value": 270,
    "file": "game:shapes/entity/humanoid/seraphskinparts/hair-extra/headsidebraid.json"
  },
  {
    "op": "add",
    "path": "/elements/0/children/0/children/0/children/0/faces/west/autoUv",
    "value": false,
    "file": "game:shapes/entity/humanoid/seraphskinparts/hair-extra/headsidebraid.json"
  },
  {
    "op": "replace",
    "path": "/elements/0/children/0/children/0/children/0/faces/west/uv/0",
    "value": 24.0,
    "file": "game:shapes/entity/humanoid/seraphskinparts/hair-extra/headsidebraid.json"
  },
  {
    "op": "replace",
    "path": "/elements/0/children/0/children/0/children/0/faces/west/uv/2",
    "value": 25.0,
    "file": "game:shapes/entity/humanoid/seraphskinparts/hair-extra/headsidebraid.json"
  },
  {
    "op": "replace",
    "path": "/elements/0/children/0/children/0/children/0/from/0",
    "value": -0.0,
    "file": "game:shapes/entity/humanoid/seraphskinparts/hair-extra/headsidebraid.json"
  },
  {
    "op": "replace",
    "path": "/elements/0/children/0/children/0/children/0/from/2",
    "value": -0.0,
    "file": "game:shapes/entity/humanoid/seraphskinparts/hair-extra/headsidebraid.json"
  },
  {
    "op": "replace",
    "path": "/elements/0/children/0/children/0/children/0/rotationY",
    "value": -39.86,
    "file": "game:shapes/entity/humanoid/seraphskinparts/hair-extra/headsidebraid.json"
  },
  {
    "op": "replace",
    "path": "/elements/0/children/0/children/0/children/0/rotationZ",
    "value": -22.91,
    "file": "game:shapes/entity/humanoid/seraphskinparts/hair-extra/headsidebraid.json"
  },
  {
    "op": "add",
    "path": "/elements/0/children/0/children/0/faces/down/autoUv",
    "value": false,
    "file": "game:shapes/entity/humanoid/seraphskinparts/hair-extra/headsidebraid.json"
  },
  {
    "op": "replace",
    "path": "/elements/0/children/0/children/0/faces/down/uv/0",
    "value": 20.0,
    "file": "game:shapes/entity/humanoid/seraphskinparts/hair-extra/headsidebraid.json"
  },
  {
    "op": "replace",
    "path": "/elements/0/children/0/children/0/faces/down/uv/1",
    "value": 33.0,
    "file": "game:shapes/entity/humanoid/seraphskinparts/hair-extra/headsidebraid.json"
  },
  {
    "op": "replace",
    "path": "/elements/0/children/0/children/0/faces/down/uv/2",
    "value": 19.0,
    "file": "game:shapes/entity/humanoid/seraphskinparts/hair-extra/headsidebraid.json"
  },
  {
    "op": "replace",
    "path": "/elements/0/children/0/children/0/faces/down/uv/3",
    "value": 32.0,
    "file": "game:shapes/entity/humanoid/seraphskinparts/hair-extra/headsidebraid.json"
  },
  {
    "op": "add",
    "path": "/elements/0/children/0/children/0/faces/east/autoUv",
    "value": false,
    "file": "game:shapes/entity/humanoid/seraphskinparts/hair-extra/headsidebraid.json"
  },
  {
    "op": "add",
    "path": "/elements/0/children/0/children/0/faces/north/autoUv",
    "value": false,
    "file": "game:shapes/entity/humanoid/seraphskinparts/hair-extra/headsidebraid.json"
  },
  {
    "op": "add",
    "path": "/elements/0/children/0/children/0/faces/south/autoUv",
    "value": false,
    "file": "game:shapes/entity/humanoid/seraphskinparts/hair-extra/headsidebraid.json"
  },
  {
    "op": "add",
    "path": "/elements/0/children/0/children/0/faces/up/autoUv",
    "value": false,
    "file": "game:shapes/entity/humanoid/seraphskinparts/hair-extra/headsidebraid.json"
  },
  {
    "op": "add",
    "path": "/elements/0/children/0/children/0/faces/west/autoUv",
    "value": false,
    "file": "game:shapes/entity/humanoid/seraphskinparts/hair-extra/headsidebraid.json"
  },
  {
    "op": "replace",
    "path": "/elements/0/children/0/children/0/from/0",
    "value": 1.38,
    "file": "game:shapes/entity/humanoid/seraphskinparts/hair-extra/headsidebraid.json"
  },
  {
    "op": "replace",
    "path": "/elements/0/children/0/children/0/from/1",
    "value": -2.46,
    "file": "game:shapes/entity/humanoid/seraphskinparts/hair-extra/headsidebraid.json"
  },
  {
    "op": "replace",
    "path": "/elements/0/children/0/children/0/from/2",
    "value": 0.36,
    "file": "game:shapes/entity/humanoid/seraphskinparts/hair-extra/headsidebraid.json"
  },
  {
    "op": "replace",
    "path": "/elements/0/children/0/children/0/rotationOrigin/0",
    "value": 1.88,
    "file": "game:shapes/entity/humanoid/seraphskinparts/hair-extra/headsidebraid.json"
  },
  {
    "op": "replace",
    "path": "/elements/0/children/0/children/0/rotationOrigin/1",
    "value": 0.54,
    "file": "game:shapes/entity/humanoid/seraphskinparts/hair-extra/headsidebraid.json"
  },
  {
    "op": "replace",
    "path": "/elements/0/children/0/children/0/rotationOrigin/2",
    "value": 0.86,
    "file": "game:shapes/entity/humanoid/seraphskinparts/hair-extra/headsidebraid.json"
  },
  {
    "op": "replace",
    "path": "/elements/0/children/0/children/0/to/0",
    "value": 2.38,
    "file": "game:shapes/entity/humanoid/seraphskinparts/hair-extra/headsidebraid.json"
  },
  {
    "op": "replace",
    "path": "/elements/0/children/0/children/0/to/1",
    "value": 0.54,
    "file": "game:shapes/entity/humanoid/seraphskinparts/hair-extra/headsidebraid.json"
  },
  {
    "op": "replace",
    "path": "/elements/0/children/0/children/0/to/2",
    "value": 1.36,
    "file": "game:shapes/entity/humanoid/seraphskinparts/hair-extra/headsidebraid.json"
  },
  {
    "op": "add",
    "path": "/elements/0/children/0/faces/down/autoUv",
    "value": false,
    "file": "game:shapes/entity/humanoid/seraphskinparts/hair-extra/headsidebraid.json"
  },
  {
    "op": "replace",
    "path": "/elements/0/children/0/faces/down/uv/0",
    "value": 26.5,
    "file": "game:shapes/entity/humanoid/seraphskinparts/hair-extra/headsidebraid.json"
  },
  {
    "op": "replace",
    "path": "/elements/0/children/0/faces/down/uv/1",
    "value": 33.5,
    "file": "game:shapes/entity/humanoid/seraphskinparts/hair-extra/headsidebraid.json"
  },
  {
    "op": "replace",
    "path": "/elements/0/children/0/faces/down/uv/2",
    "value": 23.5,
    "file": "game:shapes/entity/humanoid/seraphskinparts/hair-extra/headsidebraid.json"
  },
  {
    "op": "replace",
    "path": "/elements/0/children/0/faces/down/uv/3",
    "value": 32.5,
    "file": "game:shapes/entity/humanoid/seraphskinparts/hair-extra/headsidebraid.json"
  },
  {
    "op": "add",
    "path": "/elements/0/children/0/faces/east/autoUv",
    "value": false,
    "file": "game:shapes/entity/humanoid/seraphskinparts/hair-extra/headsidebraid.json"
  },
  {
    "op": "add",
    "path": "/elements/0/children/0/faces/south/autoUv",
    "value": false,
    "file": "game:shapes/entity/humanoid/seraphskinparts/hair-extra/headsidebraid.json"
  },
  {
    "op": "add",
    "path": "/elements/0/children/0/faces/up/autoUv",
    "value": false,
    "file": "game:shapes/entity/humanoid/seraphskinparts/hair-extra/headsidebraid.json"
  },
  {
    "op": "remove",
    "path": "/elements/0/children/0/faces/west/windMode",
    "file": "game:shapes/entity/humanoid/seraphskinparts/hair-extra/headsidebraid.json"
  },
  {
    "op": "add",
    "path": "/elements/0/children/0/faces/west/autoUv",
    "value": false,
    "file": "game:shapes/entity/humanoid/seraphskinparts/hair-extra/headsidebraid.json"
  },
  {
    "op": "replace",
    "path": "/elements/0/children/0/to/0",
    "value": 4.0,
    "file": "game:shapes/entity/humanoid/seraphskinparts/hair-extra/headsidebraid.json"
  },
  {
    "op": "remove",
    "path": "/elements/0/children/1/autoUnwrap",
    "file": "game:shapes/entity/humanoid/seraphskinparts/hair-extra/headsidebraid.json"
  },
  {
    "op": "remove",
    "path": "/elements/0/children/1/uv",
    "file": "game:shapes/entity/humanoid/seraphskinparts/hair-extra/headsidebraid.json"
  },
  {
    "op": "add",
    "path": "/elements/0/children/1/group",
    "value": "headsidebraid",
    "file": "game:shapes/entity/humanoid/seraphskinparts/hair-extra/headsidebraid.json"
  },
  {
    "op": "add",
    "path": "/elements/0/children/1/rotationX",
    "value": -0.0,
    "file": "game:shapes/entity/humanoid/seraphskinparts/hair-extra/headsidebraid.json"
  },
  {
    "op": "remove",
    "path": "/elements/0/children/1/children/0/uv",
    "file": "game:shapes/entity/humanoid/seraphskinparts/hair-extra/headsidebraid.json"
  },
  {
    "op": "add",
    "path": "/elements/0/children/1/children/0/group",
    "value": "headsidebraid",
    "file": "game:shapes/entity/humanoid/seraphskinparts/hair-extra/headsidebraid.json"
  },
  {
    "op": "add",
    "path": "/elements/0/children/1/children/0/rotationX",
    "value": -0.0,
    "file": "game:shapes/entity/humanoid/seraphskinparts/hair-extra/headsidebraid.json"
  },
  {
    "op": "remove",
    "path": "/elements/0/children/1/children/0/children/0/uv",
    "file": "game:shapes/entity/humanoid/seraphskinparts/hair-extra/headsidebraid.json"
  },
  {
    "op": "add",
    "path": "/elements/0/children/1/children/0/children/0/children",
    "value": [],
    "file": "game:shapes/entity/humanoid/seraphskinparts/hair-extra/headsidebraid.json"
  },
  {
    "op": "add",
    "path": "/elements/0/children/1/children/0/children/0/group",
    "value": "headsidebraid",
    "file": "game:shapes/entity/humanoid/seraphskinparts/hair-extra/headsidebraid.json"
  },
  {
    "op": "add",
    "path": "/elements/0/children/1/children/0/children/0/rotationX",
    "value": 33.4,
    "file": "game:shapes/entity/humanoid/seraphskinparts/hair-extra/headsidebraid.json"
  },
  {
    "op": "add",
    "path": "/elements/0/children/1/children/0/children/0/faces/east/autoUv",
    "value": false,
    "file": "game:shapes/entity/humanoid/seraphskinparts/hair-extra/headsidebraid.json"
  },
  {
    "op": "replace",
    "path": "/elements/0/children/1/children/0/children/0/faces/east/uv/0",
    "value": 24.0,
    "file": "game:shapes/entity/humanoid/seraphskinparts/hair-extra/headsidebraid.json"
  },
  {
    "op": "replace",
    "path": "/elements/0/children/1/children/0/children/0/faces/east/uv/2",
    "value": 25.0,
    "file": "game:shapes/entity/humanoid/seraphskinparts/hair-extra/headsidebraid.json"
  },
  {
    "op": "add",
    "path": "/elements/0/children/1/children/0/children/0/faces/north/autoUv",
    "value": false,
    "file": "game:shapes/entity/humanoid/seraphskinparts/hair-extra/headsidebraid.json"
  },
  {
    "op": "replace",
    "path": "/elements/0/children/1/children/0/children/0/faces/north/uv/0",
    "value": 27.0,
    "file": "game:shapes/entity/humanoid/seraphskinparts/hair-extra/headsidebraid.json"
  },
  {
    "op": "replace",
    "path": "/elements/0/children/1/children/0/children/0/faces/north/uv/2",
    "value": 28.0,
    "file": "game:shapes/entity/humanoid/seraphskinparts/hair-extra/headsidebraid.json"
  },
  {
    "op": "add",
    "path": "/elements/0/children/1/children/0/children/0/faces/south/autoUv",
    "value": false,
    "file": "game:shapes/entity/humanoid/seraphskinparts/hair-extra/headsidebraid.json"
  },
  {
    "op": "replace",
    "path": "/elements/0/children/1/children/0/children/0/faces/south/uv/0",
    "value": 25.0,
    "file": "game:shapes/entity/humanoid/seraphskinparts/hair-extra/headsidebraid.json"
  },
  {
    "op": "replace",
    "path": "/elements/0/children/1/children/0/children/0/faces/south/uv/2",
    "value": 26.0,
    "file": "game:shapes/entity/humanoid/seraphskinparts/hair-extra/headsidebraid.json"
  },
  {
    "op": "add",
    "path": "/elements/0/children/1/children/0/children/0/faces/up/autoUv",
    "value": false,
    "file": "game:shapes/entity/humanoid/seraphskinparts/hair-extra/headsidebraid.json"
  },
  {
    "op": "add",
    "path": "/elements/0/children/1/children/0/children/0/faces/up/rotation",
    "value": 90,
    "file": "game:shapes/entity/humanoid/seraphskinparts/hair-extra/headsidebraid.json"
  },
  {
    "op": "add",
    "path": "/elements/0/children/1/children/0/children/0/faces/west/autoUv",
    "value": false,
    "file": "game:shapes/entity/humanoid/seraphskinparts/hair-extra/headsidebraid.json"
  },
  {
    "op": "replace",
    "path": "/elements/0/children/1/children/0/children/0/faces/west/uv/0",
    "value": 26.0,
    "file": "game:shapes/entity/humanoid/seraphskinparts/hair-extra/headsidebraid.json"
  },
  {
    "op": "replace",
    "path": "/elements/0/children/1/children/0/children/0/faces/west/uv/2",
    "value": 27.0,
    "file": "game:shapes/entity/humanoid/seraphskinparts/hair-extra/headsidebraid.json"
  },
  {
    "op": "replace",
    "path": "/elements/0/children/1/children/0/children/0/from/0",
    "value": -0.0,
    "file": "game:shapes/entity/humanoid/seraphskinparts/hair-extra/headsidebraid.json"
  },
  {
    "op": "replace",
    "path": "/elements/0/children/1/children/0/children/0/from/2",
    "value": -0.0,
    "file": "game:shapes/entity/humanoid/seraphskinparts/hair-extra/headsidebraid.json"
  },
  {
    "op": "replace",
    "path": "/elements/0/children/1/children/0/children/0/rotationY",
    "value": 39.86,
    "file": "game:shapes/entity/humanoid/seraphskinparts/hair-extra/headsidebraid.json"
  },
  {
    "op": "replace",
    "path": "/elements/0/children/1/children/0/children/0/rotationZ",
    "value": -22.91,
    "file": "game:shapes/entity/humanoid/seraphskinparts/hair-extra/headsidebraid.json"
  },
  {
    "op": "add",
    "path": "/elements/0/children/1/children/0/faces/down/autoUv",
    "value": false,
    "file": "game:shapes/entity/humanoid/seraphskinparts/hair-extra/headsidebraid.json"
  },
  {
    "op": "replace",
    "path": "/elements/0/children/1/children/0/faces/down/uv/0",
    "value": 24.5,
    "file": "game:shapes/entity/humanoid/seraphskinparts/hair-extra/headsidebraid.json"
  },
  {
    "op": "replace",
    "path": "/elements/0/children/1/children/0/faces/down/uv/1",
    "value": 32.5,
    "file": "game:shapes/entity/humanoid/seraphskinparts/hair-extra/headsidebraid.json"
  },
  {
    "op": "replace",
    "path": "/elements/0/children/1/children/0/faces/down/uv/2",
    "value": 23.5,
    "file": "game:shapes/entity/humanoid/seraphskinparts/hair-extra/headsidebraid.json"
  },
  {
    "op": "replace",
    "path": "/elements/0/children/1/children/0/faces/down/uv/3",
    "value": 31.5,
    "file": "game:shapes/entity/humanoid/seraphskinparts/hair-extra/headsidebraid.json"
  },
  {
    "op": "add",
    "path": "/elements/0/children/1/children/0/faces/east/autoUv",
    "value": false,
    "file": "game:shapes/entity/humanoid/seraphskinparts/hair-extra/headsidebraid.json"
  },
  {
    "op": "add",
    "path": "/elements/0/children/1/children/0/faces/north/autoUv",
    "value": false,
    "file": "game:shapes/entity/humanoid/seraphskinparts/hair-extra/headsidebraid.json"
  },
  {
    "op": "add",
    "path": "/elements/0/children/1/children/0/faces/south/autoUv",
    "value": false,
    "file": "game:shapes/entity/humanoid/seraphskinparts/hair-extra/headsidebraid.json"
  },
  {
    "op": "add",
    "path": "/elements/0/children/1/children/0/faces/up/autoUv",
    "value": false,
    "file": "game:shapes/entity/humanoid/seraphskinparts/hair-extra/headsidebraid.json"
  },
  {
    "op": "add",
    "path": "/elements/0/children/1/children/0/faces/west/autoUv",
    "value": false,
    "file": "game:shapes/entity/humanoid/seraphskinparts/hair-extra/headsidebraid.json"
  },
  {
    "op": "replace",
    "path": "/elements/0/children/1/children/0/from/0",
    "value": 1.38,
    "file": "game:shapes/entity/humanoid/seraphskinparts/hair-extra/headsidebraid.json"
  },
  {
    "op": "replace",
    "path": "/elements/0/children/1/children/0/from/1",
    "value": -2.46,
    "file": "game:shapes/entity/humanoid/seraphskinparts/hair-extra/headsidebraid.json"
  },
  {
    "op": "replace",
    "path": "/elements/0/children/1/children/0/from/2",
    "value": -0.46,
    "file": "game:shapes/entity/humanoid/seraphskinparts/hair-extra/headsidebraid.json"
  },
  {
    "op": "replace",
    "path": "/elements/0/children/1/children/0/rotationOrigin/0",
    "value": 1.88,
    "file": "game:shapes/entity/humanoid/seraphskinparts/hair-extra/headsidebraid.json"
  },
  {
    "op": "replace",
    "path": "/elements/0/children/1/children/0/rotationOrigin/1",
    "value": 0.54,
    "file": "game:shapes/entity/humanoid/seraphskinparts/hair-extra/headsidebraid.json"
  },
  {
    "op": "replace",
    "path": "/elements/0/children/1/children/0/rotationOrigin/2",
    "value": 0.04,
    "file": "game:shapes/entity/humanoid/seraphskinparts/hair-extra/headsidebraid.json"
  },
  {
    "op": "replace",
    "path": "/elements/0/children/1/children/0/to/0",
    "value": 2.38,
    "file": "game:shapes/entity/humanoid/seraphskinparts/hair-extra/headsidebraid.json"
  },
  {
    "op": "replace",
    "path": "/elements/0/children/1/children/0/to/1",
    "value": 0.54,
    "file": "game:shapes/entity/humanoid/seraphskinparts/hair-extra/headsidebraid.json"
  },
  {
    "op": "replace",
    "path": "/elements/0/children/1/children/0/to/2",
    "value": 0.54,
    "file": "game:shapes/entity/humanoid/seraphskinparts/hair-extra/headsidebraid.json"
  },
  {
    "op": "add",
    "path": "/elements/0/children/1/faces/down/autoUv",
    "value": false,
    "file": "game:shapes/entity/humanoid/seraphskinparts/hair-extra/headsidebraid.json"
  },
  {
    "op": "replace",
    "path": "/elements/0/children/1/faces/down/uv/0",
    "value": 25.5,
    "file": "game:shapes/entity/humanoid/seraphskinparts/hair-extra/headsidebraid.json"
  },
  {
    "op": "replace",
    "path": "/elements/0/children/1/faces/down/uv/1",
    "value": 33.0,
    "file": "game:shapes/entity/humanoid/seraphskinparts/hair-extra/headsidebraid.json"
  },
  {
    "op": "replace",
    "path": "/elements/0/children/1/faces/down/uv/2",
    "value": 22.5,
    "file": "game:shapes/entity/humanoid/seraphskinparts/hair-extra/headsidebraid.json"
  },
  {
    "op": "replace",
    "path": "/elements/0/children/1/faces/down/uv/3",
    "value": 32.0,
    "file": "game:shapes/entity/humanoid/seraphskinparts/hair-extra/headsidebraid.json"
  },
  {
    "op": "add",
    "path": "/elements/0/children/1/faces/east/autoUv",
    "value": false,
    "file": "game:shapes/entity/humanoid/seraphskinparts/hair-extra/headsidebraid.json"
  },
  {
    "op": "add",
    "path": "/elements/0/children/1/faces/north/autoUv",
    "value": false,
    "file": "game:shapes/entity/humanoid/seraphskinparts/hair-extra/headsidebraid.json"
  },
  {
    "op": "add",
    "path": "/elements/0/children/1/faces/up/autoUv",
    "value": false,
    "file": "game:shapes/entity/humanoid/seraphskinparts/hair-extra/headsidebraid.json"
  },
  {
    "op": "remove",
    "path": "/elements/0/children/1/faces/west/windMode",
    "file": "game:shapes/entity/humanoid/seraphskinparts/hair-extra/headsidebraid.json"
  },
  {
    "op": "add",
    "path": "/elements/0/children/1/faces/west/autoUv",
    "value": false,
    "file": "game:shapes/entity/humanoid/seraphskinparts/hair-extra/headsidebraid.json"
  },
  {
    "op": "replace",
    "path": "/elements/0/children/1/to/0",
    "value": 4.33,
    "file": "game:shapes/entity/humanoid/seraphskinparts/hair-extra/headsidebraid.json"
  },
  {
    "op": "replace",
    "path": "/elements/0/from/0",
    "value": -0.0,
    "file": "game:shapes/entity/humanoid/seraphskinparts/hair-extra/headsidebraid.json"
  },
  {
    "op": "replace",
    "path": "/elements/0/from/1",
    "value": -0.0,
    "file": "game:shapes/entity/humanoid/seraphskinparts/hair-extra/headsidebraid.json"
  },
  {
    "op": "replace",
    "path": "/elements/0/name",
    "value": "hideme",
    "file": "game:shapes/entity/humanoid/seraphskinparts/hair-extra/headsidebraid.json"
  },
  {
    "op": "replace",
    "path": "/textures/hair",
    "value": "silverchalice",
    "file": "game:shapes/entity/humanoid/seraphskinparts/hair-extra/headsidebraid.json"
  }
]