[
  {
    "op": "remove",
    "path": "/editor",
    "file": "game:shapes/entity/humanoid/seraphskinparts/hair-base/indigenousbalding.json"
  },
  {
    "op": "add",
    "path": "/groups",
    "value": [],
    "file": "game:shapes/entity/humanoid/seraphskinparts/hair-base/indigenousbalding.json"
  },
  {
    "op": "remove",
    "path": "/elements/0/autoUnwrap",
    "file": "game:shapes/entity/humanoid/seraphskinparts/hair-base/indigenousbalding.json"
  },
  {
    "op": "remove",
    "path": "/elements/0/uv",
    "file": "game:shapes/entity/humanoid/seraphskinparts/hair-base/indigenousbalding.json"
  },
  {
    "op": "add",
    "path": "/elements/0/children",
    "value": [],
    "file": "game:shapes/entity/humanoid/seraphskinparts/hair-base/indigenousbalding.json"
  },
  {
    "op": "add",
    "path": "/elements/0/group",
    "value": "Scene Collection",
    "file": "game:shapes/entity/humanoid/seraphskinparts/hair-base/indigenousbalding.json"
  },
  {
    "op": "add",
    "path": "/elements/0/rotationY",
    "value": -0.0,
    "file": "game:shapes/entity/humanoid/seraphskinparts/hair-base/indigenousbalding.json"
  },
  {
    "op": "add",
    "path": "/elements/0/rotationZ",
    "value": -0.0,
    "file": "game:shapes/entity/humanoid/seraphskinparts/hair-base/indigenousbalding.json"
  },
  {
    "op": "add",
    "path": "/elements/0/faces/east/autoUv",
    "value": false,
    "file": "game:shapes/entity/humanoid/seraphskinparts/hair-base/indigenousbalding.json"
  },
  {
    "op": "add",
    "path": "/elements/0/faces/north/autoUv",
    "value": false,
    "file": "game:shapes/entity/humanoid/seraphskinparts/hair-base/indigenousbalding.json"
  },
  {
    "op": "replace",
    "path": "/elements/0/faces/north/uv/2",
    "value": 6.0,
    "file": "game:shapes/entity/humanoid/seraphskinparts/hair-base/indigenousbalding.json"
  },
  {
    "op": "add",
    "path": "/elements/0/faces/up/autoUv",
    "value": false,
    "file": "game:shapes/entity/humanoid/seraphskinparts/hair-base/indigenousbalding.json"
  },
  {
    "op": "replace",
    "path": "/elements/0/faces/up/uv/2",
    "value": 25.5,
    "file": "game:shapes/entity/humanoid/seraphskinparts/hair-base/indigenousbalding.json"
  },
  {
    "op": "add",
    "path": "/elements/0/faces/west/autoUv",
    "value": false,
    "file": "game:shapes/entity/humanoid/seraphskinparts/hair-base/indigenousbalding.json"
  },
  {
    "op": "replace",
    "path": "/elements/0/to/0",
    "value": 5.5,
    "file": "game:shapes/entity/humanoid/seraphskinparts/hair-base/indigenousbalding.json"
  },
  {
    "op": "replace",
    "path": "/elements/0/to/1",
    "value": 4.28,
    "file": "game:shapes/entity/humanoid/seraphskinparts/hair-base/indigenousbalding.json"
  },
  {
    "op": "replace",
    "path": "/elements/0/to/2",
    "value": 1.93,
    "file": "game:shapes/entity/humanoid/seraphskinparts/hair-base/indigenousbalding.json"
  },
  {
    "op": "remove",
    "path": "/elements/1/autoUnwrap",
    "file": "game:shapes/entity/humanoid/seraphskinparts/hair-base/indigenousbalding.json"
  },
  {
    "op": "remove",
    "path": "/elements/1/uv",
    "file": "game:shapes/entity/humanoid/seraphskinparts/hair-base/indigenousbalding.json"
  },
  {
    "op": "add",
    "path": "/elements/1/children",
    "value": [],
    "file": "game:shapes/entity/humanoid/seraphskinparts/hair-base/indigenousbalding.json"
  },
  {
    "op": "add",
    "path": "/elements/1/group",
    "value": "Scene Collection",
    "file": "game:shapes/entity/humanoid/seraphskinparts/hair-base/indigenousbalding.json"
  },
  {
    "op": "add",
    "path": "/elements/1/rotationY",
    "value": 0.0,
    "file": "game:shapes/entity/humanoid/seraphskinparts/hair-base/indigenousbalding.json"
  },
  {
    "op": "add",
    "path": "/elements/1/rotationZ",
    "value": -0.0,
    "file": "game:shapes/entity/humanoid/seraphskinparts/hair-base/indigenousbalding.json"
  },
  {
    "op": "add",
    "path": "/elements/1/faces/east/autoUv",
    "value": false,
    "file": "game:shapes/entity/humanoid/seraphskinparts/hair-base/indigenousbalding.json"
  },
  {
    "op": "replace",
    "path": "/elements/1/faces/east/uv/0",
    "value": 4.5,
    "file": "game:shapes/entity/humanoid/seraphskinparts/hair-base/indigenousbalding.json"
  },
  {
    "op": "replace",
    "path": "/elements/1/faces/east/uv/2",
    "value": 6.5,
    "file": "game:shapes/entity/humanoid/seraphskinparts/hair-base/indigenousbalding.json"
  },
  {
    "op": "add",
    "path": "/elements/1/faces/south/autoUv",
    "value": false,
    "file": "game:shapes/entity/humanoid/seraphskinparts/hair-base/indigenousbalding.json"
  },
  {
    "op": "replace",
    "path": "/elements/1/faces/south/uv/2",
    "value": 6.0,
    "file": "game:shapes/entity/humanoid/seraphskinparts/hair-base/indigenousbalding.json"
  },
  {
    "op": "add",
    "path": "/elements/1/faces/up/autoUv",
    "value": false,
    "file": "game:shapes/entity/humanoid/seraphskinparts/hair-base/indigenousbalding.json"
  },
  {
    "op": "replace",
    "path": "/elements/1/faces/up/uv/2",
    "value": 25.5,
    "file": "game:shapes/entity/humanoid/seraphskinparts/hair-base/indigenousbalding.json"
  },
  {
    "op": "add",
    "path": "/elements/1/faces/west/autoUv",
    "value": false,
    "file": "game:shapes/entity/humanoid/seraphskinparts/hair-base/indigenousbalding.json"
  },
  {
    "op": "replace",
    "path": "/elements/1/to/0",
    "value": 5.5,
    "file": "game:shapes/entity/humanoid/seraphskinparts/hair-base/indigenousbalding.json"
  },
  {
    "op": "replace",
    "path": "/elements/1/to/1",
    "value": 4.28,
    "file": "game:shapes/entity/humanoid/seraphskinparts/hair-base/indigenousbalding.json"
  },
  {
    "op": "replace",
    "path": "/textures/hair",
    "value": "wheat",
    "file": "game:shapes/entity/humanoid/seraphskinparts/hair-base/indigenousbalding.json"
  },
  {
    "op": "remove",
    "path": "/textureSizes/birch",
    "file": "game:shapes/entity/humanoid/seraphskinparts/hair-base/indigenousbalding.json"
  }
]