[
  {
    "op": "replace",
    "path": "/editor/backDropShape",
    "value": "shapes/entity/humanoid/seraph-hairless",
    "file": "game:shapes/entity/humanoid/seraphskinparts/hair-face/mst-walrus05-neat.json"
  },
  {
    "op": "replace",
    "path": "/elements/0/from/0",
    "value": -2.2,
    "file": "game:shapes/entity/humanoid/seraphskinparts/hair-face/mst-walrus05-neat.json"
  },
  {
    "op": "replace",
    "path": "/elements/0/from/1",
    "value": 0.5,
    "file": "game:shapes/entity/humanoid/seraphskinparts/hair-face/mst-walrus05-neat.json"
  },
  {
    "op": "replace",
    "path": "/elements/0/rotationOrigin/0",
    "value": -2.0,
    "file": "game:shapes/entity/humanoid/seraphskinparts/hair-face/mst-walrus05-neat.json"
  },
  {
    "op": "replace",
    "path": "/elements/0/to/0",
    "value": -2.0,
    "file": "game:shapes/entity/humanoid/seraphskinparts/hair-face/mst-walrus05-neat.json"
  },
  {
    "op": "replace",
    "path": "/elements/0/to/1",
    "value": 1.2,
    "file": "game:shapes/entity/humanoid/seraphskinparts/hair-face/mst-walrus05-neat.json"
  },
  {
    "op": "remove",
    "path": "/textures/hair",
    "file": "game:shapes/entity/humanoid/seraphskinparts/hair-face/mst-walrus05-neat.json"
  }
]