[
  {
    "op": "remove",
    "path": "/editor",
    "file": "game:shapes/entity/humanoid/seraphskinparts/hair-base/messy2.json"
  },
  {
    "op": "add",
    "path": "/groups",
    "value": [],
    "file": "game:shapes/entity/humanoid/seraphskinparts/hair-base/messy2.json"
  },
  {
    "op": "remove",
    "path": "/elements/0/autoUnwrap",
    "file": "game:shapes/entity/humanoid/seraphskinparts/hair-base/messy2.json"
  },
  {
    "op": "remove",
    "path": "/elements/0/stepParentName",
    "file": "game:shapes/entity/humanoid/seraphskinparts/hair-base/messy2.json"
  },
  {
    "op": "remove",
    "path": "/elements/0/uv",
    "file": "game:shapes/entity/humanoid/seraphskinparts/hair-base/messy2.json"
  },
  {
    "op": "add",
    "path": "/elements/0/group",
    "value": "Scene Collection",
    "file": "game:shapes/entity/humanoid/seraphskinparts/hair-base/messy2.json"
  },
  {
    "op": "remove",
    "path": "/elements/0/children/0/uv",
    "file": "game:shapes/entity/humanoid/seraphskinparts/hair-base/messy2.json"
  },
  {
    "op": "add",
    "path": "/elements/0/children/0/group",
    "value": "Scene Collection",
    "file": "game:shapes/entity/humanoid/seraphskinparts/hair-base/messy2.json"
  },
  {
    "op": "add",
    "path": "/elements/0/children/0/rotationOrigin",
    "value": [
      -0.0,
      0.0,
      -0.0
    ],
    "file": "game:shapes/entity/humanoid/seraphskinparts/hair-base/messy2.json"
  },
  {
    "op": "add",
    "path": "/elements/0/children/0/rotationZ",
    "value": -0.0,
    "file": "game:shapes/entity/humanoid/seraphskinparts/hair-base/messy2.json"
  },
  {
    "op": "remove",
    "path": "/elements/0/children/0/children/0/rotationX",
    "file": "game:shapes/entity/humanoid/seraphskinparts/hair-base/messy2.json"
  },
  {
    "op": "remove",
    "path": "/elements/0/children/0/children/0/uv",
    "file": "game:shapes/entity/humanoid/seraphskinparts/hair-base/messy2.json"
  },
  {
    "op": "add",
    "path": "/elements/0/children/0/children/0/children",
    "value": [],
    "file": "game:shapes/entity/humanoid/seraphskinparts/hair-base/messy2.json"
  },
  {
    "op": "add",
    "path": "/elements/0/children/0/children/0/group",
    "value": "Scene Collection",
    "file": "game:shapes/entity/humanoid/seraphskinparts/hair-base/messy2.json"
  },
  {
    "op": "remove",
    "path": "/elements/0/children/0/children/0/faces/south",
    "file": "game:shapes/entity/humanoid/seraphskinparts/hair-base/messy2.json"
  },
  {
    "op": "add",
    "path": "/elements/0/children/0/children/0/faces/east",
    "value": {
      "texture": "#hair",
      "uv": [
        19.5,
        26.0,
        25.5,
        29.0
      ],
      "autoUv": false
    },
    "file": "game:shapes/entity/humanoid/seraphskinparts/hair-base/messy2.json"
  },
  {
    "op": "replace",
    "path": "/elements/0/children/0/children/0/from/0",
    "value": 5.67,
    "file": "game:shapes/entity/humanoid/seraphskinparts/hair-base/messy2.json"
  },
  {
    "op": "replace",
    "path": "/elements/0/children/0/children/0/from/1",
    "value": 4.1,
    "file": "game:shapes/entity/humanoid/seraphskinparts/hair-base/messy2.json"
  },
  {
    "op": "replace",
    "path": "/elements/0/children/0/children/0/from/2",
    "value": -0.3,
    "file": "game:shapes/entity/humanoid/seraphskinparts/hair-base/messy2.json"
  },
  {
    "op": "replace",
    "path": "/elements/0/children/0/children/0/name",
    "value": "Cube1",
    "file": "game:shapes/entity/humanoid/seraphskinparts/hair-base/messy2.json"
  },
  {
    "op": "replace",
    "path": "/elements/0/children/0/children/0/rotationOrigin/0",
    "value": 5.67,
    "file": "game:shapes/entity/humanoid/seraphskinparts/hair-base/messy2.json"
  },
  {
    "op": "replace",
    "path": "/elements/0/children/0/children/0/rotationOrigin/1",
    "value": 7.1,
    "file": "game:shapes/entity/humanoid/seraphskinparts/hair-base/messy2.json"
  },
  {
    "op": "replace",
    "path": "/elements/0/children/0/children/0/rotationOrigin/2",
    "value": 2.7,
    "file": "game:shapes/entity/humanoid/seraphskinparts/hair-base/messy2.json"
  },
  {
    "op": "replace",
    "path": "/elements/0/children/0/children/0/rotationZ",
    "value": 19.0,
    "file": "game:shapes/entity/humanoid/seraphskinparts/hair-base/messy2.json"
  },
  {
    "op": "replace",
    "path": "/elements/0/children/0/children/0/to/0",
    "value": 5.67,
    "file": "game:shapes/entity/humanoid/seraphskinparts/hair-base/messy2.json"
  },
  {
    "op": "replace",
    "path": "/elements/0/children/0/children/0/to/1",
    "value": 7.1,
    "file": "game:shapes/entity/humanoid/seraphskinparts/hair-base/messy2.json"
  },
  {
    "op": "replace",
    "path": "/elements/0/children/0/children/0/to/2",
    "value": 5.7,
    "file": "game:shapes/entity/humanoid/seraphskinparts/hair-base/messy2.json"
  },
  {
    "op": "remove",
    "path": "/elements/0/children/0/children/1/uv",
    "file": "game:shapes/entity/humanoid/seraphskinparts/hair-base/messy2.json"
  },
  {
    "op": "add",
    "path": "/elements/0/children/0/children/1/children",
    "value": [],
    "file": "game:shapes/entity/humanoid/seraphskinparts/hair-base/messy2.json"
  },
  {
    "op": "add",
    "path": "/elements/0/children/0/children/1/group",
    "value": "Scene Collection",
    "file": "game:shapes/entity/humanoid/seraphskinparts/hair-base/messy2.json"
  },
  {
    "op": "remove",
    "path": "/elements/0/children/0/children/1/faces/south",
    "file": "game:shapes/entity/humanoid/seraphskinparts/hair-base/messy2.json"
  },
  {
    "op": "add",
    "path": "/elements/0/children/0/children/1/faces/west",
    "value": {
      "texture": "#hair",
      "uv": [
        30.5,
        39.5,
        32.5,
        43.5
      ],
      "autoUv": false
    },
    "file": "game:shapes/entity/humanoid/seraphskinparts/hair-base/messy2.json"
  },
  {
    "op": "replace",
    "path": "/elements/0/children/0/children/1/from/0",
    "value": 0.6,
    "file": "game:shapes/entity/humanoid/seraphskinparts/hair-base/messy2.json"
  },
  {
    "op": "replace",
    "path": "/elements/0/children/0/children/1/from/1",
    "value": 4.1,
    "file": "game:shapes/entity/humanoid/seraphskinparts/hair-base/messy2.json"
  },
  {
    "op": "replace",
    "path": "/elements/0/children/0/children/1/from/2",
    "value": 3.9,
    "file": "game:shapes/entity/humanoid/seraphskinparts/hair-base/messy2.json"
  },
  {
    "op": "replace",
    "path": "/elements/0/children/0/children/1/name",
    "value": "Cube10",
    "file": "game:shapes/entity/humanoid/seraphskinparts/hair-base/messy2.json"
  },
  {
    "op": "replace",
    "path": "/elements/0/children/0/children/1/rotationOrigin/0",
    "value": 0.6,
    "file": "game:shapes/entity/humanoid/seraphskinparts/hair-base/messy2.json"
  },
  {
    "op": "replace",
    "path": "/elements/0/children/0/children/1/rotationOrigin/1",
    "value": 8.1,
    "file": "game:shapes/entity/humanoid/seraphskinparts/hair-base/messy2.json"
  },
  {
    "op": "replace",
    "path": "/elements/0/children/0/children/1/rotationOrigin/2",
    "value": 4.9,
    "file": "game:shapes/entity/humanoid/seraphskinparts/hair-base/messy2.json"
  },
  {
    "op": "replace",
    "path": "/elements/0/children/0/children/1/rotationX",
    "value": -6.17,
    "file": "game:shapes/entity/humanoid/seraphskinparts/hair-base/messy2.json"
  },
  {
    "op": "replace",
    "path": "/elements/0/children/0/children/1/rotationY",
    "value": 35.84,
    "file": "game:shapes/entity/humanoid/seraphskinparts/hair-base/messy2.json"
  },
  {
    "op": "replace",
    "path": "/elements/0/children/0/children/1/rotationZ",
    "value": -4.38,
    "file": "game:shapes/entity/humanoid/seraphskinparts/hair-base/messy2.json"
  },
  {
    "op": "replace",
    "path": "/elements/0/children/0/children/1/to/0",
    "value": 0.6,
    "file": "game:shapes/entity/humanoid/seraphskinparts/hair-base/messy2.json"
  },
  {
    "op": "replace",
    "path": "/elements/0/children/0/children/1/to/1",
    "value": 8.1,
    "file": "game:shapes/entity/humanoid/seraphskinparts/hair-base/messy2.json"
  },
  {
    "op": "replace",
    "path": "/elements/0/children/0/children/1/to/2",
    "value": 5.9,
    "file": "game:shapes/entity/humanoid/seraphskinparts/hair-base/messy2.json"
  },
  {
    "op": "remove",
    "path": "/elements/0/children/0/children/2/uv",
    "file": "game:shapes/entity/humanoid/seraphskinparts/hair-base/messy2.json"
  },
  {
    "op": "add",
    "path": "/elements/0/children/0/children/2/children",
    "value": [],
    "file": "game:shapes/entity/humanoid/seraphskinparts/hair-base/messy2.json"
  },
  {
    "op": "add",
    "path": "/elements/0/children/0/children/2/group",
    "value": "Scene Collection",
    "file": "game:shapes/entity/humanoid/seraphskinparts/hair-base/messy2.json"
  },
  {
    "op": "remove",
    "path": "/elements/0/children/0/children/2/faces/north",
    "file": "game:shapes/entity/humanoid/seraphskinparts/hair-base/messy2.json"
  },
  {
    "op": "add",
    "path": "/elements/0/children/0/children/2/faces/east",
    "value": {
      "texture": "#hair",
      "uv": [
        33.5,
        38.5,
        36.5,
        41.5
      ],
      "autoUv": false
    },
    "file": "game:shapes/entity/humanoid/seraphskinparts/hair-base/messy2.json"
  },
  {
    "op": "replace",
    "path": "/elements/0/children/0/children/2/from/0",
    "value": 5.27,
    "file": "game:shapes/entity/humanoid/seraphskinparts/hair-base/messy2.json"
  },
  {
    "op": "replace",
    "path": "/elements/0/children/0/children/2/from/2",
    "value": -0.9,
    "file": "game:shapes/entity/humanoid/seraphskinparts/hair-base/messy2.json"
  },
  {
    "op": "replace",
    "path": "/elements/0/children/0/children/2/rotationOrigin/0",
    "value": 5.27,
    "file": "game:shapes/entity/humanoid/seraphskinparts/hair-base/messy2.json"
  },
  {
    "op": "replace",
    "path": "/elements/0/children/0/children/2/rotationX",
    "value": -3.35,
    "file": "game:shapes/entity/humanoid/seraphskinparts/hair-base/messy2.json"
  },
  {
    "op": "replace",
    "path": "/elements/0/children/0/children/2/rotationY",
    "value": 31.08,
    "file": "game:shapes/entity/humanoid/seraphskinparts/hair-base/messy2.json"
  },
  {
    "op": "replace",
    "path": "/elements/0/children/0/children/2/rotationZ",
    "value": 18.75,
    "file": "game:shapes/entity/humanoid/seraphskinparts/hair-base/messy2.json"
  },
  {
    "op": "replace",
    "path": "/elements/0/children/0/children/2/to/0",
    "value": 5.27,
    "file": "game:shapes/entity/humanoid/seraphskinparts/hair-base/messy2.json"
  },
  {
    "op": "replace",
    "path": "/elements/0/children/0/children/2/to/2",
    "value": 2.1,
    "file": "game:shapes/entity/humanoid/seraphskinparts/hair-base/messy2.json"
  },
  {
    "op": "remove",
    "path": "/elements/0/children/0/children/3/uv",
    "file": "game:shapes/entity/humanoid/seraphskinparts/hair-base/messy2.json"
  },
  {
    "op": "add",
    "path": "/elements/0/children/0/children/3/children",
    "value": [],
    "file": "game:shapes/entity/humanoid/seraphskinparts/hair-base/messy2.json"
  },
  {
    "op": "add",
    "path": "/elements/0/children/0/children/3/group",
    "value": "Scene Collection",
    "file": "game:shapes/entity/humanoid/seraphskinparts/hair-base/messy2.json"
  },
  {
    "op": "remove",
    "path": "/elements/0/children/0/children/3/faces/north",
    "file": "game:shapes/entity/humanoid/seraphskinparts/hair-base/messy2.json"
  },
  {
    "op": "add",
    "path": "/elements/0/children/0/children/3/faces/east",
    "value": {
      "texture": "#hair",
      "uv": [
        38.5,
        19.5,
        41.5,
        22.5
      ],
      "autoUv": false
    },
    "file": "game:shapes/entity/humanoid/seraphskinparts/hair-base/messy2.json"
  },
  {
    "op": "replace",
    "path": "/elements/0/children/0/children/3/from/0",
    "value": 5.37,
    "file": "game:shapes/entity/humanoid/seraphskinparts/hair-base/messy2.json"
  },
  {
    "op": "replace",
    "path": "/elements/0/children/0/children/3/from/1",
    "value": 2.7,
    "file": "game:shapes/entity/humanoid/seraphskinparts/hair-base/messy2.json"
  },
  {
    "op": "replace",
    "path": "/elements/0/children/0/children/3/from/2",
    "value": 3.5,
    "file": "game:shapes/entity/humanoid/seraphskinparts/hair-base/messy2.json"
  },
  {
    "op": "replace",
    "path": "/elements/0/children/0/children/3/name",
    "value": "Cube12",
    "file": "game:shapes/entity/humanoid/seraphskinparts/hair-base/messy2.json"
  },
  {
    "op": "replace",
    "path": "/elements/0/children/0/children/3/rotationOrigin/0",
    "value": 5.37,
    "file": "game:shapes/entity/humanoid/seraphskinparts/hair-base/messy2.json"
  },
  {
    "op": "replace",
    "path": "/elements/0/children/0/children/3/rotationOrigin/1",
    "value": 5.7,
    "file": "game:shapes/entity/humanoid/seraphskinparts/hair-base/messy2.json"
  },
  {
    "op": "replace",
    "path": "/elements/0/children/0/children/3/rotationOrigin/2",
    "value": 5.0,
    "file": "game:shapes/entity/humanoid/seraphskinparts/hair-base/messy2.json"
  },
  {
    "op": "replace",
    "path": "/elements/0/children/0/children/3/rotationX",
    "value": 3.35,
    "file": "game:shapes/entity/humanoid/seraphskinparts/hair-base/messy2.json"
  },
  {
    "op": "replace",
    "path": "/elements/0/children/0/children/3/rotationY",
    "value": -31.08,
    "file": "game:shapes/entity/humanoid/seraphskinparts/hair-base/messy2.json"
  },
  {
    "op": "replace",
    "path": "/elements/0/children/0/children/3/rotationZ",
    "value": 18.75,
    "file": "game:shapes/entity/humanoid/seraphskinparts/hair-base/messy2.json"
  },
  {
    "op": "replace",
    "path": "/elements/0/children/0/children/3/to/0",
    "value": 5.37,
    "file": "game:shapes/entity/humanoid/seraphskinparts/hair-base/messy2.json"
  },
  {
    "op": "replace",
    "path": "/elements/0/children/0/children/3/to/1",
    "value": 5.7,
    "file": "game:shapes/entity/humanoid/seraphskinparts/hair-base/messy2.json"
  },
  {
    "op": "replace",
    "path": "/elements/0/children/0/children/3/to/2",
    "value": 6.5,
    "file": "game:shapes/entity/humanoid/seraphskinparts/hair-base/messy2.json"
  },
  {
    "op": "remove",
    "path": "/elements/0/children/0/children/4/uv",
    "file": "game:shapes/entity/humanoid/seraphskinparts/hair-base/messy2.json"
  },
  {
    "op": "add",
    "path": "/elements/0/children/0/children/4/children",
    "value": [],
    "file": "game:shapes/entity/humanoid/seraphskinparts/hair-base/messy2.json"
  },
  {
    "op": "add",
    "path": "/elements/0/children/0/children/4/group",
    "value": "Scene Collection",
    "file": "game:shapes/entity/humanoid/seraphskinparts/hair-base/messy2.json"
  },
  {
    "op": "add",
    "path": "/elements/0/children/0/children/4/rotationY",
    "value": -0.0,
    "file": "game:shapes/entity/humanoid/seraphskinparts/hair-base/messy2.json"
  },
  {
    "op": "add",
    "path": "/elements/0/children/0/children/4/faces/north/autoUv",
    "value": false,
    "file": "game:shapes/entity/humanoid/seraphskinparts/hair-base/messy2.json"
  },
  {
    "op": "replace",
    "path": "/elements/0/children/0/children/4/faces/north/uv/2",
    "value": 39.5,
    "file": "game:shapes/entity/humanoid/seraphskinparts/hair-base/messy2.json"
  },
  {
    "op": "replace",
    "path": "/elements/0/children/0/children/4/to/0",
    "value": 5.88,
    "file": "game:shapes/entity/humanoid/seraphskinparts/hair-base/messy2.json"
  },
  {
    "op": "remove",
    "path": "/elements/0/children/0/children/5/uv",
    "file": "game:shapes/entity/humanoid/seraphskinparts/hair-base/messy2.json"
  },
  {
    "op": "add",
    "path": "/elements/0/children/0/children/5/children",
    "value": [],
    "file": "game:shapes/entity/humanoid/seraphskinparts/hair-base/messy2.json"
  },
  {
    "op": "add",
    "path": "/elements/0/children/0/children/5/group",
    "value": "Scene Collection",
    "file": "game:shapes/entity/humanoid/seraphskinparts/hair-base/messy2.json"
  },
  {
    "op": "add",
    "path": "/elements/0/children/0/children/5/rotationX",
    "value": 25.34,
    "file": "game:shapes/entity/humanoid/seraphskinparts/hair-base/messy2.json"
  },
  {
    "op": "add",
    "path": "/elements/0/children/0/children/5/rotationY",
    "value": -9.05,
    "file": "game:shapes/entity/humanoid/seraphskinparts/hair-base/messy2.json"
  },
  {
    "op": "remove",
    "path": "/elements/0/children/0/children/5/faces/east",
    "file": "game:shapes/entity/humanoid/seraphskinparts/hair-base/messy2.json"
  },
  {
    "op": "add",
    "path": "/elements/0/children/0/children/5/faces/north",
    "value": {
      "texture": "#hair",
      "uv": [
        19.5,
        11.5,
        25.5,
        13.5
      ],
      "autoUv": false
    },
    "file": "game:shapes/entity/humanoid/seraphskinparts/hair-base/messy2.json"
  },
  {
    "op": "replace",
    "path": "/elements/0/children/0/children/5/from/0",
    "value": 0.0,
    "file": "game:shapes/entity/humanoid/seraphskinparts/hair-base/messy2.json"
  },
  {
    "op": "replace",
    "path": "/elements/0/children/0/children/5/from/1",
    "value": 4.5,
    "file": "game:shapes/entity/humanoid/seraphskinparts/hair-base/messy2.json"
  },
  {
    "op": "replace",
    "path": "/elements/0/children/0/children/5/name",
    "value": "Cube6",
    "file": "game:shapes/entity/humanoid/seraphskinparts/hair-base/messy2.json"
  },
  {
    "op": "replace",
    "path": "/elements/0/children/0/children/5/rotationOrigin/0",
    "value": 3.0,
    "file": "game:shapes/entity/humanoid/seraphskinparts/hair-base/messy2.json"
  },
  {
    "op": "replace",
    "path": "/elements/0/children/0/children/5/rotationOrigin/1",
    "value": 6.5,
    "file": "game:shapes/entity/humanoid/seraphskinparts/hair-base/messy2.json"
  },
  {
    "op": "replace",
    "path": "/elements/0/children/0/children/5/rotationOrigin/2",
    "value": -0.3,
    "file": "game:shapes/entity/humanoid/seraphskinparts/hair-base/messy2.json"
  },
  {
    "op": "replace",
    "path": "/elements/0/children/0/children/5/rotationZ",
    "value": -20.74,
    "file": "game:shapes/entity/humanoid/seraphskinparts/hair-base/messy2.json"
  },
  {
    "op": "replace",
    "path": "/elements/0/children/0/children/5/to/0",
    "value": 6.0,
    "file": "game:shapes/entity/humanoid/seraphskinparts/hair-base/messy2.json"
  },
  {
    "op": "replace",
    "path": "/elements/0/children/0/children/5/to/1",
    "value": 6.5,
    "file": "game:shapes/entity/humanoid/seraphskinparts/hair-base/messy2.json"
  },
  {
    "op": "replace",
    "path": "/elements/0/children/0/children/5/to/2",
    "value": -0.3,
    "file": "game:shapes/entity/humanoid/seraphskinparts/hair-base/messy2.json"
  },
  {
    "op": "remove",
    "path": "/elements/0/children/0/children/6/uv",
    "file": "game:shapes/entity/humanoid/seraphskinparts/hair-base/messy2.json"
  },
  {
    "op": "add",
    "path": "/elements/0/children/0/children/6/children",
    "value": [],
    "file": "game:shapes/entity/humanoid/seraphskinparts/hair-base/messy2.json"
  },
  {
    "op": "add",
    "path": "/elements/0/children/0/children/6/group",
    "value": "Scene Collection",
    "file": "game:shapes/entity/humanoid/seraphskinparts/hair-base/messy2.json"
  },
  {
    "op": "add",
    "path": "/elements/0/children/0/children/6/faces/south/autoUv",
    "value": false,
    "file": "game:shapes/entity/humanoid/seraphskinparts/hair-base/messy2.json"
  },
  {
    "op": "replace",
    "path": "/elements/0/children/0/children/6/rotationX",
    "value": -25.34,
    "file": "game:shapes/entity/humanoid/seraphskinparts/hair-base/messy2.json"
  },
  {
    "op": "replace",
    "path": "/elements/0/children/0/children/6/rotationY",
    "value": 9.05,
    "file": "game:shapes/entity/humanoid/seraphskinparts/hair-base/messy2.json"
  },
  {
    "op": "replace",
    "path": "/elements/0/children/0/children/6/rotationZ",
    "value": -20.74,
    "file": "game:shapes/entity/humanoid/seraphskinparts/hair-base/messy2.json"
  },
  {
    "op": "remove",
    "path": "/elements/0/children/0/children/7/uv",
    "file": "game:shapes/entity/humanoid/seraphskinparts/hair-base/messy2.json"
  },
  {
    "op": "add",
    "path": "/elements/0/children/0/children/7/children",
    "value": [],
    "file": "game:shapes/entity/humanoid/seraphskinparts/hair-base/messy2.json"
  },
  {
    "op": "add",
    "path": "/elements/0/children/0/children/7/group",
    "value": "Scene Collection",
    "file": "game:shapes/entity/humanoid/seraphskinparts/hair-base/messy2.json"
  },
  {
    "op": "remove",
    "path": "/elements/0/children/0/children/7/faces/west",
    "file": "game:shapes/entity/humanoid/seraphskinparts/hair-base/messy2.json"
  },
  {
    "op": "add",
    "path": "/elements/0/children/0/children/7/faces/south",
    "value": {
      "texture": "#hair",
      "uv": [
        33.0,
        38.5,
        39.0,
        41.5
      ],
      "autoUv": false
    },
    "file": "game:shapes/entity/humanoid/seraphskinparts/hair-base/messy2.json"
  },
  {
    "op": "replace",
    "path": "/elements/0/children/0/children/7/from/0",
    "value": 1.0,
    "file": "game:shapes/entity/humanoid/seraphskinparts/hair-base/messy2.json"
  },
  {
    "op": "replace",
    "path": "/elements/0/children/0/children/7/from/1",
    "value": 3.3,
    "file": "game:shapes/entity/humanoid/seraphskinparts/hair-base/messy2.json"
  },
  {
    "op": "replace",
    "path": "/elements/0/children/0/children/7/from/2",
    "value": 5.8,
    "file": "game:shapes/entity/humanoid/seraphskinparts/hair-base/messy2.json"
  },
  {
    "op": "replace",
    "path": "/elements/0/children/0/children/7/name",
    "value": "Cube8",
    "file": "game:shapes/entity/humanoid/seraphskinparts/hair-base/messy2.json"
  },
  {
    "op": "replace",
    "path": "/elements/0/children/0/children/7/rotationOrigin/0",
    "value": 3.5,
    "file": "game:shapes/entity/humanoid/seraphskinparts/hair-base/messy2.json"
  },
  {
    "op": "replace",
    "path": "/elements/0/children/0/children/7/rotationOrigin/1",
    "value": 6.3,
    "file": "game:shapes/entity/humanoid/seraphskinparts/hair-base/messy2.json"
  },
  {
    "op": "replace",
    "path": "/elements/0/children/0/children/7/rotationOrigin/2",
    "value": 5.8,
    "file": "game:shapes/entity/humanoid/seraphskinparts/hair-base/messy2.json"
  },
  {
    "op": "replace",
    "path": "/elements/0/children/0/children/7/rotationX",
    "value": -33.0,
    "file": "game:shapes/entity/humanoid/seraphskinparts/hair-base/messy2.json"
  },
  {
    "op": "replace",
    "path": "/elements/0/children/0/children/7/rotationY",
    "value": 0.0,
    "file": "game:shapes/entity/humanoid/seraphskinparts/hair-base/messy2.json"
  },
  {
    "op": "replace",
    "path": "/elements/0/children/0/children/7/rotationZ",
    "value": 11.0,
    "file": "game:shapes/entity/humanoid/seraphskinparts/hair-base/messy2.json"
  },
  {
    "op": "replace",
    "path": "/elements/0/children/0/children/7/to/0",
    "value": 5.89,
    "file": "game:shapes/entity/humanoid/seraphskinparts/hair-base/messy2.json"
  },
  {
    "op": "replace",
    "path": "/elements/0/children/0/children/7/to/1",
    "value": 6.3,
    "file": "game:shapes/entity/humanoid/seraphskinparts/hair-base/messy2.json"
  },
  {
    "op": "replace",
    "path": "/elements/0/children/0/children/7/to/2",
    "value": 5.8,
    "file": "game:shapes/entity/humanoid/seraphskinparts/hair-base/messy2.json"
  },
  {
    "op": "remove",
    "path": "/elements/0/children/0/children/8/uv",
    "file": "game:shapes/entity/humanoid/seraphskinparts/hair-base/messy2.json"
  },
  {
    "op": "add",
    "path": "/elements/0/children/0/children/8/children",
    "value": [],
    "file": "game:shapes/entity/humanoid/seraphskinparts/hair-base/messy2.json"
  },
  {
    "op": "add",
    "path": "/elements/0/children/0/children/8/group",
    "value": "Scene Collection",
    "file": "game:shapes/entity/humanoid/seraphskinparts/hair-base/messy2.json"
  },
  {
    "op": "add",
    "path": "/elements/0/children/0/children/8/faces/west/autoUv",
    "value": false,
    "file": "game:shapes/entity/humanoid/seraphskinparts/hair-base/messy2.json"
  },
  {
    "op": "replace",
    "path": "/elements/0/children/0/children/8/rotationX",
    "value": 6.17,
    "file": "game:shapes/entity/humanoid/seraphskinparts/hair-base/messy2.json"
  },
  {
    "op": "replace",
    "path": "/elements/0/children/0/children/8/rotationY",
    "value": -35.84,
    "file": "game:shapes/entity/humanoid/seraphskinparts/hair-base/messy2.json"
  },
  {
    "op": "replace",
    "path": "/elements/0/children/0/children/8/rotationZ",
    "value": -4.38,
    "file": "game:shapes/entity/humanoid/seraphskinparts/hair-base/messy2.json"
  },
  {
    "op": "replace",
    "path": "/elements/0/children/0/from/0",
    "value": -0.0,
    "file": "game:shapes/entity/humanoid/seraphskinparts/hair-base/messy2.json"
  },
  {
    "op": "replace",
    "path": "/elements/0/children/0/from/2",
    "value": -0.0,
    "file": "game:shapes/entity/humanoid/seraphskinparts/hair-base/messy2.json"
  },
  {
    "op": "replace",
    "path": "/elements/0/children/0/name",
    "value": "hideme",
    "file": "game:shapes/entity/humanoid/seraphskinparts/hair-base/messy2.json"
  },
  {
    "op": "add",
    "path": "/elements/0/faces/east/autoUv",
    "value": false,
    "file": "game:shapes/entity/humanoid/seraphskinparts/hair-base/messy2.json"
  },
  {
    "op": "add",
    "path": "/elements/0/faces/north/autoUv",
    "value": false,
    "file": "game:shapes/entity/humanoid/seraphskinparts/hair-base/messy2.json"
  },
  {
    "op": "replace",
    "path": "/elements/0/faces/north/uv/2",
    "value": 7.0,
    "file": "game:shapes/entity/humanoid/seraphskinparts/hair-base/messy2.json"
  },
  {
    "op": "add",
    "path": "/elements/0/faces/south/autoUv",
    "value": false,
    "file": "game:shapes/entity/humanoid/seraphskinparts/hair-base/messy2.json"
  },
  {
    "op": "replace",
    "path": "/elements/0/faces/south/uv/2",
    "value": 17.0,
    "file": "game:shapes/entity/humanoid/seraphskinparts/hair-base/messy2.json"
  },
  {
    "op": "add",
    "path": "/elements/0/faces/up/autoUv",
    "value": false,
    "file": "game:shapes/entity/humanoid/seraphskinparts/hair-base/messy2.json"
  },
  {
    "op": "replace",
    "path": "/elements/0/faces/up/uv/3",
    "value": 6.5,
    "file": "game:shapes/entity/humanoid/seraphskinparts/hair-base/messy2.json"
  },
  {
    "op": "add",
    "path": "/elements/0/faces/west/autoUv",
    "value": false,
    "file": "game:shapes/entity/humanoid/seraphskinparts/hair-base/messy2.json"
  },
  {
    "op": "replace",
    "path": "/elements/0/from/2",
    "value": -0.3,
    "file": "game:shapes/entity/humanoid/seraphskinparts/hair-base/messy2.json"
  },
  {
    "op": "replace",
    "path": "/elements/0/name",
    "value": "Hair.001",
    "file": "game:shapes/entity/humanoid/seraphskinparts/hair-base/messy2.json"
  },
  {
    "op": "replace",
    "path": "/elements/0/to/0",
    "value": 5.58,
    "file": "game:shapes/entity/humanoid/seraphskinparts/hair-base/messy2.json"
  },
  {
    "op": "replace",
    "path": "/elements/0/to/1",
    "value": 4.47,
    "file": "game:shapes/entity/humanoid/seraphskinparts/hair-base/messy2.json"
  },
  {
    "op": "replace",
    "path": "/elements/0/to/2",
    "value": 5.2,
    "file": "game:shapes/entity/humanoid/seraphskinparts/hair-base/messy2.json"
  },
  {
    "op": "remove",
    "path": "/elements/1/autoUnwrap",
    "file": "game:shapes/entity/humanoid/seraphskinparts/hair-base/messy2.json"
  },
  {
    "op": "remove",
    "path": "/elements/1/uv",
    "file": "game:shapes/entity/humanoid/seraphskinparts/hair-base/messy2.json"
  },
  {
    "op": "add",
    "path": "/elements/1/children",
    "value": [],
    "file": "game:shapes/entity/humanoid/seraphskinparts/hair-base/messy2.json"
  },
  {
    "op": "add",
    "path": "/elements/1/group",
    "value": "Scene Collection",
    "file": "game:shapes/entity/humanoid/seraphskinparts/hair-base/messy2.json"
  },
  {
    "op": "add",
    "path": "/elements/1/faces/east/autoUv",
    "value": false,
    "file": "game:shapes/entity/humanoid/seraphskinparts/hair-base/messy2.json"
  },
  {
    "op": "add",
    "path": "/elements/1/faces/north/autoUv",
    "value": false,
    "file": "game:shapes/entity/humanoid/seraphskinparts/hair-base/messy2.json"
  },
  {
    "op": "replace",
    "path": "/elements/1/faces/north/uv/2",
    "value": 7.0,
    "file": "game:shapes/entity/humanoid/seraphskinparts/hair-base/messy2.json"
  },
  {
    "op": "add",
    "path": "/elements/1/faces/south/autoUv",
    "value": false,
    "file": "game:shapes/entity/humanoid/seraphskinparts/hair-base/messy2.json"
  },
  {
    "op": "replace",
    "path": "/elements/1/faces/south/uv/2",
    "value": 19.0,
    "file": "game:shapes/entity/humanoid/seraphskinparts/hair-base/messy2.json"
  },
  {
    "op": "add",
    "path": "/elements/1/faces/up/autoUv",
    "value": false,
    "file": "game:shapes/entity/humanoid/seraphskinparts/hair-base/messy2.json"
  },
  {
    "op": "replace",
    "path": "/elements/1/faces/up/uv/3",
    "value": 17.5,
    "file": "game:shapes/entity/humanoid/seraphskinparts/hair-base/messy2.json"
  },
  {
    "op": "add",
    "path": "/elements/1/faces/west/autoUv",
    "value": false,
    "file": "game:shapes/entity/humanoid/seraphskinparts/hair-base/messy2.json"
  },
  {
    "op": "replace",
    "path": "/elements/1/name",
    "value": "Hair tile upper part.001",
    "file": "game:shapes/entity/humanoid/seraphskinparts/hair-base/messy2.json"
  },
  {
    "op": "replace",
    "path": "/elements/1/to/0",
    "value": 5.88,
    "file": "game:shapes/entity/humanoid/seraphskinparts/hair-base/messy2.json"
  },
  {
    "op": "replace",
    "path": "/elements/1/to/1",
    "value": 4.57,
    "file": "game:shapes/entity/humanoid/seraphskinparts/hair-base/messy2.json"
  },
  {
    "op": "replace",
    "path": "/textures/hair",
    "value": "wheat",
    "file": "game:shapes/entity/humanoid/seraphskinparts/hair-base/messy2.json"
  },
  {
    "op": "remove",
    "path": "/textureSizes/birch",
    "file": "game:shapes/entity/humanoid/seraphskinparts/hair-base/messy2.json"
  }
]