[
  {
    "op": "remove",
    "path": "/editor",
    "file": "game:shapes/entity/humanoid/seraphskinparts/hair-base/mediumlength-bangs.json"
  },
  {
    "op": "add",
    "path": "/groups",
    "value": [],
    "file": "game:shapes/entity/humanoid/seraphskinparts/hair-base/mediumlength-bangs.json"
  },
  {
    "op": "remove",
    "path": "/elements/0/autoUnwrap",
    "file": "game:shapes/entity/humanoid/seraphskinparts/hair-base/mediumlength-bangs.json"
  },
  {
    "op": "remove",
    "path": "/elements/0/uv",
    "file": "game:shapes/entity/humanoid/seraphskinparts/hair-base/mediumlength-bangs.json"
  },
  {
    "op": "add",
    "path": "/elements/0/children",
    "value": [],
    "file": "game:shapes/entity/humanoid/seraphskinparts/hair-base/mediumlength-bangs.json"
  },
  {
    "op": "add",
    "path": "/elements/0/group",
    "value": "Scene Collection",
    "file": "game:shapes/entity/humanoid/seraphskinparts/hair-base/mediumlength-bangs.json"
  },
  {
    "op": "add",
    "path": "/elements/0/faces/east/autoUv",
    "value": false,
    "file": "game:shapes/entity/humanoid/seraphskinparts/hair-base/mediumlength-bangs.json"
  },
  {
    "op": "add",
    "path": "/elements/0/faces/north/autoUv",
    "value": false,
    "file": "game:shapes/entity/humanoid/seraphskinparts/hair-base/mediumlength-bangs.json"
  },
  {
    "op": "replace",
    "path": "/elements/0/faces/north/uv/2",
    "value": 7.0,
    "file": "game:shapes/entity/humanoid/seraphskinparts/hair-base/mediumlength-bangs.json"
  },
  {
    "op": "add",
    "path": "/elements/0/faces/south/autoUv",
    "value": false,
    "file": "game:shapes/entity/humanoid/seraphskinparts/hair-base/mediumlength-bangs.json"
  },
  {
    "op": "replace",
    "path": "/elements/0/faces/south/uv/2",
    "value": 17.5,
    "file": "game:shapes/entity/humanoid/seraphskinparts/hair-base/mediumlength-bangs.json"
  },
  {
    "op": "add",
    "path": "/elements/0/faces/up/autoUv",
    "value": false,
    "file": "game:shapes/entity/humanoid/seraphskinparts/hair-base/mediumlength-bangs.json"
  },
  {
    "op": "replace",
    "path": "/elements/0/faces/up/uv/3",
    "value": 6.5,
    "file": "game:shapes/entity/humanoid/seraphskinparts/hair-base/mediumlength-bangs.json"
  },
  {
    "op": "add",
    "path": "/elements/0/faces/west/autoUv",
    "value": false,
    "file": "game:shapes/entity/humanoid/seraphskinparts/hair-base/mediumlength-bangs.json"
  },
  {
    "op": "replace",
    "path": "/elements/0/faces/west/uv/1",
    "value": 15.5,
    "file": "game:shapes/entity/humanoid/seraphskinparts/hair-base/mediumlength-bangs.json"
  },
  {
    "op": "replace",
    "path": "/elements/0/faces/west/uv/3",
    "value": 24.0,
    "file": "game:shapes/entity/humanoid/seraphskinparts/hair-base/mediumlength-bangs.json"
  },
  {
    "op": "replace",
    "path": "/elements/0/from/2",
    "value": -0.3,
    "file": "game:shapes/entity/humanoid/seraphskinparts/hair-base/mediumlength-bangs.json"
  },
  {
    "op": "replace",
    "path": "/elements/0/name",
    "value": "Hair.001",
    "file": "game:shapes/entity/humanoid/seraphskinparts/hair-base/mediumlength-bangs.json"
  },
  {
    "op": "replace",
    "path": "/elements/0/to/0",
    "value": 5.68,
    "file": "game:shapes/entity/humanoid/seraphskinparts/hair-base/mediumlength-bangs.json"
  },
  {
    "op": "replace",
    "path": "/elements/0/to/1",
    "value": 4.52,
    "file": "game:shapes/entity/humanoid/seraphskinparts/hair-base/mediumlength-bangs.json"
  },
  {
    "op": "replace",
    "path": "/elements/0/to/2",
    "value": 5.2,
    "file": "game:shapes/entity/humanoid/seraphskinparts/hair-base/mediumlength-bangs.json"
  },
  {
    "op": "remove",
    "path": "/elements/1/autoUnwrap",
    "file": "game:shapes/entity/humanoid/seraphskinparts/hair-base/mediumlength-bangs.json"
  },
  {
    "op": "remove",
    "path": "/elements/1/uv",
    "file": "game:shapes/entity/humanoid/seraphskinparts/hair-base/mediumlength-bangs.json"
  },
  {
    "op": "add",
    "path": "/elements/1/children",
    "value": [],
    "file": "game:shapes/entity/humanoid/seraphskinparts/hair-base/mediumlength-bangs.json"
  },
  {
    "op": "add",
    "path": "/elements/1/group",
    "value": "Scene Collection",
    "file": "game:shapes/entity/humanoid/seraphskinparts/hair-base/mediumlength-bangs.json"
  },
  {
    "op": "add",
    "path": "/elements/1/faces/east/autoUv",
    "value": false,
    "file": "game:shapes/entity/humanoid/seraphskinparts/hair-base/mediumlength-bangs.json"
  },
  {
    "op": "add",
    "path": "/elements/1/faces/north/autoUv",
    "value": false,
    "file": "game:shapes/entity/humanoid/seraphskinparts/hair-base/mediumlength-bangs.json"
  },
  {
    "op": "replace",
    "path": "/elements/1/faces/north/uv/2",
    "value": 8.0,
    "file": "game:shapes/entity/humanoid/seraphskinparts/hair-base/mediumlength-bangs.json"
  },
  {
    "op": "add",
    "path": "/elements/1/faces/south/autoUv",
    "value": false,
    "file": "game:shapes/entity/humanoid/seraphskinparts/hair-base/mediumlength-bangs.json"
  },
  {
    "op": "replace",
    "path": "/elements/1/faces/south/uv/2",
    "value": 18.0,
    "file": "game:shapes/entity/humanoid/seraphskinparts/hair-base/mediumlength-bangs.json"
  },
  {
    "op": "add",
    "path": "/elements/1/faces/up/autoUv",
    "value": false,
    "file": "game:shapes/entity/humanoid/seraphskinparts/hair-base/mediumlength-bangs.json"
  },
  {
    "op": "replace",
    "path": "/elements/1/faces/up/uv/3",
    "value": 17.5,
    "file": "game:shapes/entity/humanoid/seraphskinparts/hair-base/mediumlength-bangs.json"
  },
  {
    "op": "add",
    "path": "/elements/1/faces/west/autoUv",
    "value": false,
    "file": "game:shapes/entity/humanoid/seraphskinparts/hair-base/mediumlength-bangs.json"
  },
  {
    "op": "replace",
    "path": "/elements/1/name",
    "value": "Hair tile upper part.001",
    "file": "game:shapes/entity/humanoid/seraphskinparts/hair-base/mediumlength-bangs.json"
  },
  {
    "op": "replace",
    "path": "/elements/1/to/0",
    "value": 5.54,
    "file": "game:shapes/entity/humanoid/seraphskinparts/hair-base/mediumlength-bangs.json"
  },
  {
    "op": "replace",
    "path": "/elements/1/to/1",
    "value": 4.79,
    "file": "game:shapes/entity/humanoid/seraphskinparts/hair-base/mediumlength-bangs.json"
  },
  {
    "op": "replace",
    "path": "/textures/hair",
    "value": "wheat",
    "file": "game:shapes/entity/humanoid/seraphskinparts/hair-base/mediumlength-bangs.json"
  },
  {
    "op": "remove",
    "path": "/textureSizes/birch",
    "file": "game:shapes/entity/humanoid/seraphskinparts/hair-base/mediumlength-bangs.json"
  }
]