[
  {
    "op": "remove",
    "path": "/editor",
    "file": "game:shapes/entity/humanoid/seraphskinparts/hair-base/shortspiky.json"
  },
  {
    "op": "add",
    "path": "/groups",
    "value": [],
    "file": "game:shapes/entity/humanoid/seraphskinparts/hair-base/shortspiky.json"
  },
  {
    "op": "remove",
    "path": "/elements/0/autoUnwrap",
    "file": "game:shapes/entity/humanoid/seraphskinparts/hair-base/shortspiky.json"
  },
  {
    "op": "remove",
    "path": "/elements/0/uv",
    "file": "game:shapes/entity/humanoid/seraphskinparts/hair-base/shortspiky.json"
  },
  {
    "op": "add",
    "path": "/elements/0/group",
    "value": "Scene Collection",
    "file": "game:shapes/entity/humanoid/seraphskinparts/hair-base/shortspiky.json"
  },
  {
    "op": "replace",
    "path": "/elements/0/children",
    "value": [
      {
        "name": "hideme",
        "from": [
          0.0,
          0.0,
          -0.0
        ],
        "to": [
          1.0,
          1.0,
          1.0
        ],
        "rotationOrigin": [
          0.0,
          0.0,
          -0.0
        ],
        "group": "Scene Collection",
        "faces": {},
        "children": [
          {
            "name": "Cube10",
            "from": [
              6.71,
              7.03,
              -0.0
            ],
            "to": [
              6.71,
              9.03,
              5.5
            ],
            "rotationOrigin": [
              6.71,
              7.03,
              2.7
            ],
            "rotationZ": 28.0,
            "group": "Scene Collection",
            "faces": {
              "east": {
                "texture": "#hair",
                "uv": [
                  12.5,
                  12.5,
                  18.0,
                  14.5
                ],
                "autoUv": false,
                "rotation": 180
              }
            },
            "children": []
          },
          {
            "name": "Cube11",
            "from": [
              0.0,
              7.37,
              -0.82
            ],
            "to": [
              6.04,
              9.37,
              -0.82
            ],
            "rotationOrigin": [
              3.4,
              7.37,
              -0.82
            ],
            "rotationX": 36.0,
            "rotationY": -0.0,
            "rotationZ": -0.0,
            "group": "Scene Collection",
            "faces": {
              "north": {
                "texture": "#hair",
                "uv": [
                  6.5,
                  11.0,
                  13.0,
                  13.0
                ],
                "autoUv": false,
                "rotation": 180
              }
            },
            "children": []
          },
          {
            "name": "Cube12",
            "from": [
              0.0,
              7.37,
              6.32
            ],
            "to": [
              6.04,
              9.37,
              6.32
            ],
            "rotationOrigin": [
              3.4,
              7.37,
              6.32
            ],
            "rotationX": -36.0,
            "rotationY": 0.0,
            "rotationZ": -0.0,
            "group": "Scene Collection",
            "faces": {
              "south": {
                "texture": "#hair",
                "uv": [
                  5.5,
                  0.0,
                  12.0,
                  2.0
                ],
                "autoUv": false,
                "rotation": 180
              }
            },
            "children": []
          },
          {
            "name": "Cube9",
            "from": [
              -0.88,
              7.41,
              -0.0
            ],
            "to": [
              -0.88,
              9.41,
              5.5
            ],
            "rotationOrigin": [
              -0.88,
              7.41,
              2.7
            ],
            "rotationZ": -39.0,
            "group": "Scene Collection",
            "faces": {
              "west": {
                "texture": "#hair",
                "uv": [
                  20.0,
                  27.0,
                  25.5,
                  29.0
                ],
                "autoUv": false,
                "rotation": 180
              }
            },
            "children": []
          },
          {
            "name": "PartLeft",
            "from": [
              0.0,
              5.5,
              0.0
            ],
            "to": [
              6.0,
              8.5,
              0.0
            ],
            "rotationOrigin": [
              3.4,
              8.5,
              0.0
            ],
            "rotationX": 5.0,
            "rotationY": -0.0,
            "rotationZ": -0.0,
            "group": "Scene Collection",
            "faces": {
              "north": {
                "texture": "#hair",
                "uv": [
                  0.0,
                  12.0,
                  6.5,
                  15.0
                ],
                "autoUv": false
              }
            },
            "children": []
          },
          {
            "name": "PartLeft8",
            "from": [
              0.0,
              6.5,
              0.0
            ],
            "to": [
              5.76,
              8.5,
              0.0
            ],
            "rotationOrigin": [
              3.4,
              8.5,
              0.0
            ],
            "rotationX": 19.0,
            "rotationY": -0.0,
            "rotationZ": 0.0,
            "group": "Scene Collection",
            "faces": {
              "north": {
                "texture": "#hair",
                "uv": [
                  6.0,
                  11.0,
                  12.5,
                  13.0
                ],
                "autoUv": false
              }
            },
            "children": []
          },
          {
            "name": "PartRight",
            "from": [
              0.0,
              5.5,
              5.5
            ],
            "to": [
              5.76,
              8.5,
              5.5
            ],
            "rotationOrigin": [
              3.4,
              8.5,
              5.5
            ],
            "rotationX": -5.0,
            "rotationY": 0.0,
            "rotationZ": -0.0,
            "group": "Scene Collection",
            "faces": {
              "south": {
                "texture": "#hair",
                "uv": [
                  12.5,
                  11.0,
                  19.0,
                  14.0
                ],
                "autoUv": false
              }
            },
            "children": []
          },
          {
            "name": "PartRightTop",
            "from": [
              0.5,
              8.5,
              -0.2
            ],
            "to": [
              6.0,
              8.5,
              4.8
            ],
            "rotationOrigin": [
              3.7,
              8.5,
              4.8
            ],
            "rotationX": 5.0,
            "rotationY": -0.0,
            "rotationZ": -0.0,
            "group": "Scene Collection",
            "faces": {
              "up": {
                "texture": "#hair",
                "uv": [
                  16.0,
                  1.5,
                  21.5,
                  6.5
                ],
                "autoUv": false,
                "rotation": 180
              }
            },
            "children": [
              {
                "name": "Cube1",
                "from": [
                  0.2,
                  -0.0,
                  -1.0
                ],
                "to": [
                  5.46,
                  -0.0,
                  2.0
                ],
                "rotationOrigin": [
                  3.2,
                  -0.0,
                  2.0
                ],
                "rotationX": -22.0,
                "rotationY": -0.0,
                "rotationZ": -0.0,
                "group": "Scene Collection",
                "faces": {
                  "up": {
                    "texture": "#hair",
                    "uv": [
                      13.0,
                      12.0,
                      19.0,
                      15.0
                    ],
                    "autoUv": false,
                    "rotation": 180
                  }
                },
                "children": []
              }
            ]
          }
        ]
      },
      {
        "name": "PartLeftTop",
        "from": [
          0.0,
          8.5,
          4.8
        ],
        "to": [
          5.76,
          8.5,
          6.8
        ],
        "rotationOrigin": [
          3.0,
          8.5,
          4.8
        ],
        "rotationX": 44.0,
        "group": "Scene Collection",
        "faces": {
          "up": {
            "texture": "#hair",
            "uv": [
              19.5,
              11.5,
              26.0,
              13.5
            ],
            "autoUv": false,
            "rotation": 270
          }
        },
        "children": []
      }
    ],
    "file": "game:shapes/entity/humanoid/seraphskinparts/hair-base/shortspiky.json"
  },
  {
    "op": "add",
    "path": "/elements/0/faces/east/autoUv",
    "value": false,
    "file": "game:shapes/entity/humanoid/seraphskinparts/hair-base/shortspiky.json"
  },
  {
    "op": "add",
    "path": "/elements/0/faces/north/autoUv",
    "value": false,
    "file": "game:shapes/entity/humanoid/seraphskinparts/hair-base/shortspiky.json"
  },
  {
    "op": "replace",
    "path": "/elements/0/faces/north/uv/2",
    "value": 6.5,
    "file": "game:shapes/entity/humanoid/seraphskinparts/hair-base/shortspiky.json"
  },
  {
    "op": "add",
    "path": "/elements/0/faces/south/autoUv",
    "value": false,
    "file": "game:shapes/entity/humanoid/seraphskinparts/hair-base/shortspiky.json"
  },
  {
    "op": "replace",
    "path": "/elements/0/faces/south/uv/2",
    "value": 17.5,
    "file": "game:shapes/entity/humanoid/seraphskinparts/hair-base/shortspiky.json"
  },
  {
    "op": "add",
    "path": "/elements/0/faces/up/autoUv",
    "value": false,
    "file": "game:shapes/entity/humanoid/seraphskinparts/hair-base/shortspiky.json"
  },
  {
    "op": "replace",
    "path": "/elements/0/faces/up/uv/3",
    "value": 6.5,
    "file": "game:shapes/entity/humanoid/seraphskinparts/hair-base/shortspiky.json"
  },
  {
    "op": "add",
    "path": "/elements/0/faces/west/autoUv",
    "value": false,
    "file": "game:shapes/entity/humanoid/seraphskinparts/hair-base/shortspiky.json"
  },
  {
    "op": "replace",
    "path": "/elements/0/from/2",
    "value": -0.3,
    "file": "game:shapes/entity/humanoid/seraphskinparts/hair-base/shortspiky.json"
  },
  {
    "op": "replace",
    "path": "/elements/0/name",
    "value": "Hair.001",
    "file": "game:shapes/entity/humanoid/seraphskinparts/hair-base/shortspiky.json"
  },
  {
    "op": "replace",
    "path": "/elements/0/rotationOrigin/1",
    "value": 2.07,
    "file": "game:shapes/entity/humanoid/seraphskinparts/hair-base/shortspiky.json"
  },
  {
    "op": "replace",
    "path": "/elements/0/to/0",
    "value": 5.81,
    "file": "game:shapes/entity/humanoid/seraphskinparts/hair-base/shortspiky.json"
  },
  {
    "op": "replace",
    "path": "/elements/0/to/2",
    "value": 5.2,
    "file": "game:shapes/entity/humanoid/seraphskinparts/hair-base/shortspiky.json"
  },
  {
    "op": "remove",
    "path": "/elements/1/autoUnwrap",
    "file": "game:shapes/entity/humanoid/seraphskinparts/hair-base/shortspiky.json"
  },
  {
    "op": "remove",
    "path": "/elements/1/uv",
    "file": "game:shapes/entity/humanoid/seraphskinparts/hair-base/shortspiky.json"
  },
  {
    "op": "add",
    "path": "/elements/1/children",
    "value": [],
    "file": "game:shapes/entity/humanoid/seraphskinparts/hair-base/shortspiky.json"
  },
  {
    "op": "add",
    "path": "/elements/1/group",
    "value": "Scene Collection",
    "file": "game:shapes/entity/humanoid/seraphskinparts/hair-base/shortspiky.json"
  },
  {
    "op": "replace",
    "path": "/elements/1/from/2",
    "value": -0.6,
    "file": "game:shapes/entity/humanoid/seraphskinparts/hair-base/shortspiky.json"
  },
  {
    "op": "replace",
    "path": "/elements/1/name",
    "value": "Hair tile upper part.001",
    "file": "game:shapes/entity/humanoid/seraphskinparts/hair-base/shortspiky.json"
  },
  {
    "op": "replace",
    "path": "/elements/1/rotationOrigin/0",
    "value": 2.93,
    "file": "game:shapes/entity/humanoid/seraphskinparts/hair-base/shortspiky.json"
  },
  {
    "op": "replace",
    "path": "/elements/1/rotationOrigin/1",
    "value": 5.61,
    "file": "game:shapes/entity/humanoid/seraphskinparts/hair-base/shortspiky.json"
  },
  {
    "op": "replace",
    "path": "/elements/1/rotationOrigin/2",
    "value": 2.1,
    "file": "game:shapes/entity/humanoid/seraphskinparts/hair-base/shortspiky.json"
  },
  {
    "op": "replace",
    "path": "/elements/1/to/0",
    "value": 5.47,
    "file": "game:shapes/entity/humanoid/seraphskinparts/hair-base/shortspiky.json"
  },
  {
    "op": "replace",
    "path": "/elements/1/to/1",
    "value": 4.54,
    "file": "game:shapes/entity/humanoid/seraphskinparts/hair-base/shortspiky.json"
  },
  {
    "op": "replace",
    "path": "/elements/1/to/2",
    "value": 5.4,
    "file": "game:shapes/entity/humanoid/seraphskinparts/hair-base/shortspiky.json"
  },
  {
    "op": "replace",
    "path": "/textures/hair",
    "value": "silverchalice",
    "file": "game:shapes/entity/humanoid/seraphskinparts/hair-base/shortspiky.json"
  },
  {
    "op": "remove",
    "path": "/textureSizes/birch",
    "file": "game:shapes/entity/humanoid/seraphskinparts/hair-base/shortspiky.json"
  }
]