[
  {
    "op": "remove",
    "path": "/editor",
    "file": "game:shapes/entity/humanoid/seraphskinparts/hair-extra/rolledbraidwithbun.json"
  },
  {
    "op": "add",
    "path": "/groups",
    "value": [],
    "file": "game:shapes/entity/humanoid/seraphskinparts/hair-extra/rolledbraidwithbun.json"
  },
  {
    "op": "remove",
    "path": "/elements/0/uv",
    "file": "game:shapes/entity/humanoid/seraphskinparts/hair-extra/rolledbraidwithbun.json"
  },
  {
    "op": "add",
    "path": "/elements/0/group",
    "value": "rolledbraidwithbun",
    "file": "game:shapes/entity/humanoid/seraphskinparts/hair-extra/rolledbraidwithbun.json"
  },
  {
    "op": "add",
    "path": "/elements/0/rotationOrigin",
    "value": [
      -0.0,
      -0.0,
      0.0
    ],
    "file": "game:shapes/entity/humanoid/seraphskinparts/hair-extra/rolledbraidwithbun.json"
  },
  {
    "op": "remove",
    "path": "/elements/0/children/0/uv",
    "file": "game:shapes/entity/humanoid/seraphskinparts/hair-extra/rolledbraidwithbun.json"
  },
  {
    "op": "add",
    "path": "/elements/0/children/0/group",
    "value": "rolledbraidwithbun",
    "file": "game:shapes/entity/humanoid/seraphskinparts/hair-extra/rolledbraidwithbun.json"
  },
  {
    "op": "add",
    "path": "/elements/0/children/0/rotationOrigin",
    "value": [
      0.0,
      -0.0,
      -0.0
    ],
    "file": "game:shapes/entity/humanoid/seraphskinparts/hair-extra/rolledbraidwithbun.json"
  },
  {
    "op": "remove",
    "path": "/elements/0/children/0/children/0/autoUnwrap",
    "file": "game:shapes/entity/humanoid/seraphskinparts/hair-extra/rolledbraidwithbun.json"
  },
  {
    "op": "remove",
    "path": "/elements/0/children/0/children/0/uv",
    "file": "game:shapes/entity/humanoid/seraphskinparts/hair-extra/rolledbraidwithbun.json"
  },
  {
    "op": "add",
    "path": "/elements/0/children/0/children/0/children",
    "value": [],
    "file": "game:shapes/entity/humanoid/seraphskinparts/hair-extra/rolledbraidwithbun.json"
  },
  {
    "op": "add",
    "path": "/elements/0/children/0/children/0/group",
    "value": "rolledbraidwithbun",
    "file": "game:shapes/entity/humanoid/seraphskinparts/hair-extra/rolledbraidwithbun.json"
  },
  {
    "op": "add",
    "path": "/elements/0/children/0/children/0/faces/down/autoUv",
    "value": false,
    "file": "game:shapes/entity/humanoid/seraphskinparts/hair-extra/rolledbraidwithbun.json"
  },
  {
    "op": "replace",
    "path": "/elements/0/children/0/children/0/faces/down/uv/0",
    "value": 28.5,
    "file": "game:shapes/entity/humanoid/seraphskinparts/hair-extra/rolledbraidwithbun.json"
  },
  {
    "op": "replace",
    "path": "/elements/0/children/0/children/0/faces/down/uv/1",
    "value": 37.5,
    "file": "game:shapes/entity/humanoid/seraphskinparts/hair-extra/rolledbraidwithbun.json"
  },
  {
    "op": "replace",
    "path": "/elements/0/children/0/children/0/faces/down/uv/2",
    "value": 21.5,
    "file": "game:shapes/entity/humanoid/seraphskinparts/hair-extra/rolledbraidwithbun.json"
  },
  {
    "op": "replace",
    "path": "/elements/0/children/0/children/0/faces/down/uv/3",
    "value": 31.0,
    "file": "game:shapes/entity/humanoid/seraphskinparts/hair-extra/rolledbraidwithbun.json"
  },
  {
    "op": "add",
    "path": "/elements/0/children/0/children/0/faces/east/autoUv",
    "value": false,
    "file": "game:shapes/entity/humanoid/seraphskinparts/hair-extra/rolledbraidwithbun.json"
  },
  {
    "op": "add",
    "path": "/elements/0/children/0/children/0/faces/north/autoUv",
    "value": false,
    "file": "game:shapes/entity/humanoid/seraphskinparts/hair-extra/rolledbraidwithbun.json"
  },
  {
    "op": "replace",
    "path": "/elements/0/children/0/children/0/faces/north/uv/2",
    "value": 26.5,
    "file": "game:shapes/entity/humanoid/seraphskinparts/hair-extra/rolledbraidwithbun.json"
  },
  {
    "op": "add",
    "path": "/elements/0/children/0/children/0/faces/south/autoUv",
    "value": false,
    "file": "game:shapes/entity/humanoid/seraphskinparts/hair-extra/rolledbraidwithbun.json"
  },
  {
    "op": "replace",
    "path": "/elements/0/children/0/children/0/faces/south/uv/2",
    "value": 23.0,
    "file": "game:shapes/entity/humanoid/seraphskinparts/hair-extra/rolledbraidwithbun.json"
  },
  {
    "op": "add",
    "path": "/elements/0/children/0/children/0/faces/up/autoUv",
    "value": false,
    "file": "game:shapes/entity/humanoid/seraphskinparts/hair-extra/rolledbraidwithbun.json"
  },
  {
    "op": "replace",
    "path": "/elements/0/children/0/children/0/faces/up/uv/2",
    "value": 27.0,
    "file": "game:shapes/entity/humanoid/seraphskinparts/hair-extra/rolledbraidwithbun.json"
  },
  {
    "op": "add",
    "path": "/elements/0/children/0/children/0/faces/west/autoUv",
    "value": false,
    "file": "game:shapes/entity/humanoid/seraphskinparts/hair-extra/rolledbraidwithbun.json"
  },
  {
    "op": "replace",
    "path": "/elements/0/children/0/children/0/from/0",
    "value": 0.69,
    "file": "game:shapes/entity/humanoid/seraphskinparts/hair-extra/rolledbraidwithbun.json"
  },
  {
    "op": "replace",
    "path": "/elements/0/children/0/children/0/to/0",
    "value": 6.8,
    "file": "game:shapes/entity/humanoid/seraphskinparts/hair-extra/rolledbraidwithbun.json"
  },
  {
    "op": "replace",
    "path": "/elements/0/children/0/from/1",
    "value": -0.0,
    "file": "game:shapes/entity/humanoid/seraphskinparts/hair-extra/rolledbraidwithbun.json"
  },
  {
    "op": "replace",
    "path": "/elements/0/children/0/from/2",
    "value": -0.0,
    "file": "game:shapes/entity/humanoid/seraphskinparts/hair-extra/rolledbraidwithbun.json"
  },
  {
    "op": "replace",
    "path": "/elements/0/children/0/name",
    "value": "hideme.002",
    "file": "game:shapes/entity/humanoid/seraphskinparts/hair-extra/rolledbraidwithbun.json"
  },
  {
    "op": "remove",
    "path": "/elements/0/children/1/uv",
    "file": "game:shapes/entity/humanoid/seraphskinparts/hair-extra/rolledbraidwithbun.json"
  },
  {
    "op": "add",
    "path": "/elements/0/children/1/group",
    "value": "rolledbraidwithbun",
    "file": "game:shapes/entity/humanoid/seraphskinparts/hair-extra/rolledbraidwithbun.json"
  },
  {
    "op": "remove",
    "path": "/elements/0/children/1/children/0/autoUnwrap",
    "file": "game:shapes/entity/humanoid/seraphskinparts/hair-extra/rolledbraidwithbun.json"
  },
  {
    "op": "remove",
    "path": "/elements/0/children/1/children/0/uv",
    "file": "game:shapes/entity/humanoid/seraphskinparts/hair-extra/rolledbraidwithbun.json"
  },
  {
    "op": "add",
    "path": "/elements/0/children/1/children/0/children",
    "value": [],
    "file": "game:shapes/entity/humanoid/seraphskinparts/hair-extra/rolledbraidwithbun.json"
  },
  {
    "op": "add",
    "path": "/elements/0/children/1/children/0/group",
    "value": "rolledbraidwithbun",
    "file": "game:shapes/entity/humanoid/seraphskinparts/hair-extra/rolledbraidwithbun.json"
  },
  {
    "op": "add",
    "path": "/elements/0/children/1/children/0/faces/up/autoUv",
    "value": false,
    "file": "game:shapes/entity/humanoid/seraphskinparts/hair-extra/rolledbraidwithbun.json"
  },
  {
    "op": "replace",
    "path": "/elements/0/children/1/children/0/from/0",
    "value": 1.15,
    "file": "game:shapes/entity/humanoid/seraphskinparts/hair-extra/rolledbraidwithbun.json"
  },
  {
    "op": "replace",
    "path": "/elements/0/children/1/children/0/from/1",
    "value": 1.66,
    "file": "game:shapes/entity/humanoid/seraphskinparts/hair-extra/rolledbraidwithbun.json"
  },
  {
    "op": "replace",
    "path": "/elements/0/children/1/children/0/rotationOrigin/0",
    "value": 0.15,
    "file": "game:shapes/entity/humanoid/seraphskinparts/hair-extra/rolledbraidwithbun.json"
  },
  {
    "op": "replace",
    "path": "/elements/0/children/1/children/0/rotationOrigin/1",
    "value": 1.66,
    "file": "game:shapes/entity/humanoid/seraphskinparts/hair-extra/rolledbraidwithbun.json"
  },
  {
    "op": "replace",
    "path": "/elements/0/children/1/children/0/to/0",
    "value": 4.15,
    "file": "game:shapes/entity/humanoid/seraphskinparts/hair-extra/rolledbraidwithbun.json"
  },
  {
    "op": "replace",
    "path": "/elements/0/children/1/children/0/to/1",
    "value": 1.66,
    "file": "game:shapes/entity/humanoid/seraphskinparts/hair-extra/rolledbraidwithbun.json"
  },
  {
    "op": "add",
    "path": "/elements/0/children/1/faces/down/autoUv",
    "value": false,
    "file": "game:shapes/entity/humanoid/seraphskinparts/hair-extra/rolledbraidwithbun.json"
  },
  {
    "op": "replace",
    "path": "/elements/0/children/1/faces/down/uv/0",
    "value": 26.0,
    "file": "game:shapes/entity/humanoid/seraphskinparts/hair-extra/rolledbraidwithbun.json"
  },
  {
    "op": "replace",
    "path": "/elements/0/children/1/faces/down/uv/1",
    "value": 33.5,
    "file": "game:shapes/entity/humanoid/seraphskinparts/hair-extra/rolledbraidwithbun.json"
  },
  {
    "op": "replace",
    "path": "/elements/0/children/1/faces/down/uv/2",
    "value": 24.0,
    "file": "game:shapes/entity/humanoid/seraphskinparts/hair-extra/rolledbraidwithbun.json"
  },
  {
    "op": "replace",
    "path": "/elements/0/children/1/faces/down/uv/3",
    "value": 31.5,
    "file": "game:shapes/entity/humanoid/seraphskinparts/hair-extra/rolledbraidwithbun.json"
  },
  {
    "op": "add",
    "path": "/elements/0/children/1/faces/east/autoUv",
    "value": false,
    "file": "game:shapes/entity/humanoid/seraphskinparts/hair-extra/rolledbraidwithbun.json"
  },
  {
    "op": "add",
    "path": "/elements/0/children/1/faces/north/autoUv",
    "value": false,
    "file": "game:shapes/entity/humanoid/seraphskinparts/hair-extra/rolledbraidwithbun.json"
  },
  {
    "op": "add",
    "path": "/elements/0/children/1/faces/south/autoUv",
    "value": false,
    "file": "game:shapes/entity/humanoid/seraphskinparts/hair-extra/rolledbraidwithbun.json"
  },
  {
    "op": "add",
    "path": "/elements/0/children/1/faces/up/autoUv",
    "value": false,
    "file": "game:shapes/entity/humanoid/seraphskinparts/hair-extra/rolledbraidwithbun.json"
  },
  {
    "op": "replace",
    "path": "/elements/0/children/1/from/0",
    "value": 4.93,
    "file": "game:shapes/entity/humanoid/seraphskinparts/hair-extra/rolledbraidwithbun.json"
  },
  {
    "op": "replace",
    "path": "/elements/0/children/1/name",
    "value": "ponytail1.001",
    "file": "game:shapes/entity/humanoid/seraphskinparts/hair-extra/rolledbraidwithbun.json"
  },
  {
    "op": "replace",
    "path": "/elements/0/children/1/rotationOrigin/0",
    "value": 5.33,
    "file": "game:shapes/entity/humanoid/seraphskinparts/hair-extra/rolledbraidwithbun.json"
  },
  {
    "op": "replace",
    "path": "/elements/0/children/1/to/0",
    "value": 6.93,
    "file": "game:shapes/entity/humanoid/seraphskinparts/hair-extra/rolledbraidwithbun.json"
  },
  {
    "op": "replace",
    "path": "/elements/0/from/0",
    "value": -0.0,
    "file": "game:shapes/entity/humanoid/seraphskinparts/hair-extra/rolledbraidwithbun.json"
  },
  {
    "op": "replace",
    "path": "/elements/0/from/1",
    "value": -0.0,
    "file": "game:shapes/entity/humanoid/seraphskinparts/hair-extra/rolledbraidwithbun.json"
  },
  {
    "op": "replace",
    "path": "/elements/0/name",
    "value": "hideme",
    "file": "game:shapes/entity/humanoid/seraphskinparts/hair-extra/rolledbraidwithbun.json"
  },
  {
    "op": "remove",
    "path": "/textures/birch",
    "file": "game:shapes/entity/humanoid/seraphskinparts/hair-extra/rolledbraidwithbun.json"
  },
  {
    "op": "replace",
    "path": "/textures/hair",
    "value": "silverchalice",
    "file": "game:shapes/entity/humanoid/seraphskinparts/hair-extra/rolledbraidwithbun.json"
  },
  {
    "op": "remove",
    "path": "/textureSizes/birch",
    "file": "game:shapes/entity/humanoid/seraphskinparts/hair-extra/rolledbraidwithbun.json"
  }
]