[
  {
    "op": "remove",
    "path": "/editor",
    "file": "game:shapes/entity/humanoid/seraphskinparts/hair-base/balding.json"
  },
  {
    "op": "add",
    "path": "/groups",
    "value": [],
    "file": "game:shapes/entity/humanoid/seraphskinparts/hair-base/balding.json"
  },
  {
    "op": "remove",
    "path": "/elements/0/autoUnwrap",
    "file": "game:shapes/entity/humanoid/seraphskinparts/hair-base/balding.json"
  },
  {
    "op": "remove",
    "path": "/elements/0/uv",
    "file": "game:shapes/entity/humanoid/seraphskinparts/hair-base/balding.json"
  },
  {
    "op": "add",
    "path": "/elements/0/children",
    "value": [],
    "file": "game:shapes/entity/humanoid/seraphskinparts/hair-base/balding.json"
  },
  {
    "op": "add",
    "path": "/elements/0/group",
    "value": "Scene Collection",
    "file": "game:shapes/entity/humanoid/seraphskinparts/hair-base/balding.json"
  },
  {
    "op": "replace",
    "path": "/elements/0/from/0",
    "value": -0.21,
    "file": "game:shapes/entity/humanoid/seraphskinparts/hair-base/balding.json"
  },
  {
    "op": "replace",
    "path": "/elements/0/from/1",
    "value": -3.84,
    "file": "game:shapes/entity/humanoid/seraphskinparts/hair-base/balding.json"
  },
  {
    "op": "replace",
    "path": "/elements/0/from/2",
    "value": -0.25,
    "file": "game:shapes/entity/humanoid/seraphskinparts/hair-base/balding.json"
  },
  {
    "op": "replace",
    "path": "/elements/0/rotationOrigin/0",
    "value": 2.79,
    "file": "game:shapes/entity/humanoid/seraphskinparts/hair-base/balding.json"
  },
  {
    "op": "replace",
    "path": "/elements/0/rotationOrigin/1",
    "value": 2.16,
    "file": "game:shapes/entity/humanoid/seraphskinparts/hair-base/balding.json"
  },
  {
    "op": "replace",
    "path": "/elements/0/rotationOrigin/2",
    "value": 2.45,
    "file": "game:shapes/entity/humanoid/seraphskinparts/hair-base/balding.json"
  },
  {
    "op": "replace",
    "path": "/elements/0/to/0",
    "value": 5.55,
    "file": "game:shapes/entity/humanoid/seraphskinparts/hair-base/balding.json"
  },
  {
    "op": "replace",
    "path": "/elements/0/to/1",
    "value": 4.66,
    "file": "game:shapes/entity/humanoid/seraphskinparts/hair-base/balding.json"
  },
  {
    "op": "replace",
    "path": "/elements/0/to/2",
    "value": 5.15,
    "file": "game:shapes/entity/humanoid/seraphskinparts/hair-base/balding.json"
  },
  {
    "op": "remove",
    "path": "/elements/1/autoUnwrap",
    "file": "game:shapes/entity/humanoid/seraphskinparts/hair-base/balding.json"
  },
  {
    "op": "remove",
    "path": "/elements/1/uv",
    "file": "game:shapes/entity/humanoid/seraphskinparts/hair-base/balding.json"
  },
  {
    "op": "add",
    "path": "/elements/1/children",
    "value": [],
    "file": "game:shapes/entity/humanoid/seraphskinparts/hair-base/balding.json"
  },
  {
    "op": "add",
    "path": "/elements/1/group",
    "value": "Scene Collection",
    "file": "game:shapes/entity/humanoid/seraphskinparts/hair-base/balding.json"
  },
  {
    "op": "add",
    "path": "/elements/1/faces/east/autoUv",
    "value": false,
    "file": "game:shapes/entity/humanoid/seraphskinparts/hair-base/balding.json"
  },
  {
    "op": "add",
    "path": "/elements/1/faces/north/autoUv",
    "value": false,
    "file": "game:shapes/entity/humanoid/seraphskinparts/hair-base/balding.json"
  },
  {
    "op": "replace",
    "path": "/elements/1/faces/north/uv/2",
    "value": 14.0,
    "file": "game:shapes/entity/humanoid/seraphskinparts/hair-base/balding.json"
  },
  {
    "op": "add",
    "path": "/elements/1/faces/south/autoUv",
    "value": false,
    "file": "game:shapes/entity/humanoid/seraphskinparts/hair-base/balding.json"
  },
  {
    "op": "replace",
    "path": "/elements/1/faces/south/uv/2",
    "value": 7.5,
    "file": "game:shapes/entity/humanoid/seraphskinparts/hair-base/balding.json"
  },
  {
    "op": "replace",
    "path": "/elements/1/from/0",
    "value": -0.31,
    "file": "game:shapes/entity/humanoid/seraphskinparts/hair-base/balding.json"
  },
  {
    "op": "replace",
    "path": "/elements/1/from/1",
    "value": -0.84,
    "file": "game:shapes/entity/humanoid/seraphskinparts/hair-base/balding.json"
  },
  {
    "op": "replace",
    "path": "/elements/1/from/2",
    "value": -0.15,
    "file": "game:shapes/entity/humanoid/seraphskinparts/hair-base/balding.json"
  },
  {
    "op": "replace",
    "path": "/elements/1/rotationOrigin/0",
    "value": 2.69,
    "file": "game:shapes/entity/humanoid/seraphskinparts/hair-base/balding.json"
  },
  {
    "op": "replace",
    "path": "/elements/1/rotationOrigin/1",
    "value": 2.16,
    "file": "game:shapes/entity/humanoid/seraphskinparts/hair-base/balding.json"
  },
  {
    "op": "replace",
    "path": "/elements/1/rotationOrigin/2",
    "value": 2.45,
    "file": "game:shapes/entity/humanoid/seraphskinparts/hair-base/balding.json"
  },
  {
    "op": "replace",
    "path": "/elements/1/to/0",
    "value": 5.45,
    "file": "game:shapes/entity/humanoid/seraphskinparts/hair-base/balding.json"
  },
  {
    "op": "replace",
    "path": "/elements/1/to/1",
    "value": 4.66,
    "file": "game:shapes/entity/humanoid/seraphskinparts/hair-base/balding.json"
  },
  {
    "op": "replace",
    "path": "/elements/1/to/2",
    "value": 5.05,
    "file": "game:shapes/entity/humanoid/seraphskinparts/hair-base/balding.json"
  },
  {
    "op": "replace",
    "path": "/textures/hair",
    "value": "oldburgundy",
    "file": "game:shapes/entity/humanoid/seraphskinparts/hair-base/balding.json"
  },
  {
    "op": "remove",
    "path": "/textureSizes/birch",
    "file": "game:shapes/entity/humanoid/seraphskinparts/hair-base/balding.json"
  }
]