[
  {
    "op": "remove",
    "path": "/editor",
    "file": "game:shapes/entity/humanoid/seraphskinparts/hair-extra/unkempt.json"
  },
  {
    "op": "add",
    "path": "/groups",
    "value": [],
    "file": "game:shapes/entity/humanoid/seraphskinparts/hair-extra/unkempt.json"
  },
  {
    "op": "remove",
    "path": "/elements/0/uv",
    "file": "game:shapes/entity/humanoid/seraphskinparts/hair-extra/unkempt.json"
  },
  {
    "op": "add",
    "path": "/elements/0/group",
    "value": "unkempt",
    "file": "game:shapes/entity/humanoid/seraphskinparts/hair-extra/unkempt.json"
  },
  {
    "op": "add",
    "path": "/elements/0/rotationOrigin",
    "value": [
      -0.0,
      -0.0,
      0.0
    ],
    "file": "game:shapes/entity/humanoid/seraphskinparts/hair-extra/unkempt.json"
  },
  {
    "op": "remove",
    "path": "/elements/0/children/0/autoUnwrap",
    "file": "game:shapes/entity/humanoid/seraphskinparts/hair-extra/unkempt.json"
  },
  {
    "op": "remove",
    "path": "/elements/0/children/0/uv",
    "file": "game:shapes/entity/humanoid/seraphskinparts/hair-extra/unkempt.json"
  },
  {
    "op": "add",
    "path": "/elements/0/children/0/group",
    "value": "unkempt",
    "file": "game:shapes/entity/humanoid/seraphskinparts/hair-extra/unkempt.json"
  },
  {
    "op": "add",
    "path": "/elements/0/children/0/rotationX",
    "value": 0.0,
    "file": "game:shapes/entity/humanoid/seraphskinparts/hair-extra/unkempt.json"
  },
  {
    "op": "remove",
    "path": "/elements/0/children/0/children/0/autoUnwrap",
    "file": "game:shapes/entity/humanoid/seraphskinparts/hair-extra/unkempt.json"
  },
  {
    "op": "remove",
    "path": "/elements/0/children/0/children/0/uv",
    "file": "game:shapes/entity/humanoid/seraphskinparts/hair-extra/unkempt.json"
  },
  {
    "op": "add",
    "path": "/elements/0/children/0/children/0/group",
    "value": "unkempt",
    "file": "game:shapes/entity/humanoid/seraphskinparts/hair-extra/unkempt.json"
  },
  {
    "op": "add",
    "path": "/elements/0/children/0/children/0/rotationX",
    "value": 0.0,
    "file": "game:shapes/entity/humanoid/seraphskinparts/hair-extra/unkempt.json"
  },
  {
    "op": "add",
    "path": "/elements/0/children/0/children/0/rotationY",
    "value": -0.0,
    "file": "game:shapes/entity/humanoid/seraphskinparts/hair-extra/unkempt.json"
  },
  {
    "op": "remove",
    "path": "/elements/0/children/0/children/0/children/0",
    "file": "game:shapes/entity/humanoid/seraphskinparts/hair-extra/unkempt.json"
  },
  {
    "op": "remove",
    "path": "/elements/0/children/0/children/0/faces/down",
    "file": "game:shapes/entity/humanoid/seraphskinparts/hair-extra/unkempt.json"
  },
  {
    "op": "remove",
    "path": "/elements/0/children/0/children/0/faces/east",
    "file": "game:shapes/entity/humanoid/seraphskinparts/hair-extra/unkempt.json"
  },
  {
    "op": "remove",
    "path": "/elements/0/children/0/children/0/faces/north",
    "file": "game:shapes/entity/humanoid/seraphskinparts/hair-extra/unkempt.json"
  },
  {
    "op": "remove",
    "path": "/elements/0/children/0/children/0/faces/south",
    "file": "game:shapes/entity/humanoid/seraphskinparts/hair-extra/unkempt.json"
  },
  {
    "op": "remove",
    "path": "/elements/0/children/0/children/0/faces/west",
    "file": "game:shapes/entity/humanoid/seraphskinparts/hair-extra/unkempt.json"
  },
  {
    "op": "add",
    "path": "/elements/0/children/0/children/0/faces/up/autoUv",
    "value": false,
    "file": "game:shapes/entity/humanoid/seraphskinparts/hair-extra/unkempt.json"
  },
  {
    "op": "replace",
    "path": "/elements/0/children/0/children/0/faces/up/uv/1",
    "value": 38.5,
    "file": "game:shapes/entity/humanoid/seraphskinparts/hair-extra/unkempt.json"
  },
  {
    "op": "replace",
    "path": "/elements/0/children/0/children/0/faces/up/uv/3",
    "value": 41.5,
    "file": "game:shapes/entity/humanoid/seraphskinparts/hair-extra/unkempt.json"
  },
  {
    "op": "replace",
    "path": "/elements/0/children/0/children/0/from/1",
    "value": -0.0,
    "file": "game:shapes/entity/humanoid/seraphskinparts/hair-extra/unkempt.json"
  },
  {
    "op": "replace",
    "path": "/elements/0/children/0/children/0/from/0",
    "value": -3.0,
    "file": "game:shapes/entity/humanoid/seraphskinparts/hair-extra/unkempt.json"
  },
  {
    "op": "replace",
    "path": "/elements/0/children/0/children/0/name",
    "value": "Cube1.006",
    "file": "game:shapes/entity/humanoid/seraphskinparts/hair-extra/unkempt.json"
  },
  {
    "op": "replace",
    "path": "/elements/0/children/0/children/0/rotationOrigin/1",
    "value": -0.0,
    "file": "game:shapes/entity/humanoid/seraphskinparts/hair-extra/unkempt.json"
  },
  {
    "op": "replace",
    "path": "/elements/0/children/0/children/0/to/1",
    "value": -0.0,
    "file": "game:shapes/entity/humanoid/seraphskinparts/hair-extra/unkempt.json"
  },
  {
    "op": "remove",
    "path": "/elements/0/children/0/faces/down",
    "file": "game:shapes/entity/humanoid/seraphskinparts/hair-extra/unkempt.json"
  },
  {
    "op": "remove",
    "path": "/elements/0/children/0/faces/east",
    "file": "game:shapes/entity/humanoid/seraphskinparts/hair-extra/unkempt.json"
  },
  {
    "op": "remove",
    "path": "/elements/0/children/0/faces/north",
    "file": "game:shapes/entity/humanoid/seraphskinparts/hair-extra/unkempt.json"
  },
  {
    "op": "remove",
    "path": "/elements/0/children/0/faces/south",
    "file": "game:shapes/entity/humanoid/seraphskinparts/hair-extra/unkempt.json"
  },
  {
    "op": "remove",
    "path": "/elements/0/children/0/faces/west",
    "file": "game:shapes/entity/humanoid/seraphskinparts/hair-extra/unkempt.json"
  },
  {
    "op": "add",
    "path": "/elements/0/children/0/faces/up/rotation",
    "value": 270,
    "file": "game:shapes/entity/humanoid/seraphskinparts/hair-extra/unkempt.json"
  },
  {
    "op": "replace",
    "path": "/elements/0/children/0/from/0",
    "value": -1.0,
    "file": "game:shapes/entity/humanoid/seraphskinparts/hair-extra/unkempt.json"
  },
  {
    "op": "replace",
    "path": "/elements/0/children/0/from/1",
    "value": 4.08,
    "file": "game:shapes/entity/humanoid/seraphskinparts/hair-extra/unkempt.json"
  },
  {
    "op": "replace",
    "path": "/elements/0/children/0/name",
    "value": "Strand1",
    "file": "game:shapes/entity/humanoid/seraphskinparts/hair-extra/unkempt.json"
  },
  {
    "op": "replace",
    "path": "/elements/0/children/0/rotationOrigin/0",
    "value": 1.0,
    "file": "game:shapes/entity/humanoid/seraphskinparts/hair-extra/unkempt.json"
  },
  {
    "op": "replace",
    "path": "/elements/0/children/0/rotationOrigin/1",
    "value": 4.08,
    "file": "game:shapes/entity/humanoid/seraphskinparts/hair-extra/unkempt.json"
  },
  {
    "op": "replace",
    "path": "/elements/0/children/0/rotationY",
    "value": -39.0,
    "file": "game:shapes/entity/humanoid/seraphskinparts/hair-extra/unkempt.json"
  },
  {
    "op": "replace",
    "path": "/elements/0/children/0/rotationZ",
    "value": -20.0,
    "file": "game:shapes/entity/humanoid/seraphskinparts/hair-extra/unkempt.json"
  },
  {
    "op": "replace",
    "path": "/elements/0/children/0/to/0",
    "value": 1.0,
    "file": "game:shapes/entity/humanoid/seraphskinparts/hair-extra/unkempt.json"
  },
  {
    "op": "replace",
    "path": "/elements/0/children/0/to/1",
    "value": 4.08,
    "file": "game:shapes/entity/humanoid/seraphskinparts/hair-extra/unkempt.json"
  },
  {
    "op": "remove",
    "path": "/elements/0/children/1/autoUnwrap",
    "file": "game:shapes/entity/humanoid/seraphskinparts/hair-extra/unkempt.json"
  },
  {
    "op": "remove",
    "path": "/elements/0/children/1/stepParentName",
    "file": "game:shapes/entity/humanoid/seraphskinparts/hair-extra/unkempt.json"
  },
  {
    "op": "remove",
    "path": "/elements/0/children/1/uv",
    "file": "game:shapes/entity/humanoid/seraphskinparts/hair-extra/unkempt.json"
  },
  {
    "op": "add",
    "path": "/elements/0/children/1/group",
    "value": "unkempt",
    "file": "game:shapes/entity/humanoid/seraphskinparts/hair-extra/unkempt.json"
  },
  {
    "op": "add",
    "path": "/elements/0/children/1/rotationX",
    "value": -30.19,
    "file": "game:shapes/entity/humanoid/seraphskinparts/hair-extra/unkempt.json"
  },
  {
    "op": "remove",
    "path": "/elements/0/children/1/children/0/autoUnwrap",
    "file": "game:shapes/entity/humanoid/seraphskinparts/hair-extra/unkempt.json"
  },
  {
    "op": "remove",
    "path": "/elements/0/children/1/children/0/uv",
    "file": "game:shapes/entity/humanoid/seraphskinparts/hair-extra/unkempt.json"
  },
  {
    "op": "add",
    "path": "/elements/0/children/1/children/0/children",
    "value": [
      {
        "name": "Cube12",
        "from": [
          0.0,
          0.0,
          2.0
        ],
        "to": [
          1.0,
          0.0,
          4.0
        ],
        "rotationOrigin": [
          0.5,
          0.0,
          2.0
        ],
        "rotationX": 39.0,
        "rotationY": -0.0,
        "rotationZ": -0.0,
        "group": "unkempt",
        "faces": {
          "up": {
            "texture": "#hair",
            "uv": [
              34.5,
              39.5,
              35.5,
              41.5
            ],
            "autoUv": false,
            "rotation": 270
          }
        },
        "children": []
      }
    ],
    "file": "game:shapes/entity/humanoid/seraphskinparts/hair-extra/unkempt.json"
  },
  {
    "op": "add",
    "path": "/elements/0/children/1/children/0/group",
    "value": "unkempt",
    "file": "game:shapes/entity/humanoid/seraphskinparts/hair-extra/unkempt.json"
  },
  {
    "op": "add",
    "path": "/elements/0/children/1/children/0/rotationX",
    "value": 47.0,
    "file": "game:shapes/entity/humanoid/seraphskinparts/hair-extra/unkempt.json"
  },
  {
    "op": "add",
    "path": "/elements/0/children/1/children/0/rotationY",
    "value": -0.0,
    "file": "game:shapes/entity/humanoid/seraphskinparts/hair-extra/unkempt.json"
  },
  {
    "op": "remove",
    "path": "/elements/0/children/1/children/0/faces/down",
    "file": "game:shapes/entity/humanoid/seraphskinparts/hair-extra/unkempt.json"
  },
  {
    "op": "remove",
    "path": "/elements/0/children/1/children/0/faces/east",
    "file": "game:shapes/entity/humanoid/seraphskinparts/hair-extra/unkempt.json"
  },
  {
    "op": "remove",
    "path": "/elements/0/children/1/children/0/faces/north",
    "file": "game:shapes/entity/humanoid/seraphskinparts/hair-extra/unkempt.json"
  },
  {
    "op": "remove",
    "path": "/elements/0/children/1/children/0/faces/south",
    "file": "game:shapes/entity/humanoid/seraphskinparts/hair-extra/unkempt.json"
  },
  {
    "op": "remove",
    "path": "/elements/0/children/1/children/0/faces/west",
    "file": "game:shapes/entity/humanoid/seraphskinparts/hair-extra/unkempt.json"
  },
  {
    "op": "add",
    "path": "/elements/0/children/1/children/0/faces/up/autoUv",
    "value": false,
    "file": "game:shapes/entity/humanoid/seraphskinparts/hair-extra/unkempt.json"
  },
  {
    "op": "replace",
    "path": "/elements/0/children/1/children/0/faces/up/rotation",
    "value": 270,
    "file": "game:shapes/entity/humanoid/seraphskinparts/hair-extra/unkempt.json"
  },
  {
    "op": "replace",
    "path": "/elements/0/children/1/children/0/faces/up/uv/0",
    "value": 38.0,
    "file": "game:shapes/entity/humanoid/seraphskinparts/hair-extra/unkempt.json"
  },
  {
    "op": "replace",
    "path": "/elements/0/children/1/children/0/faces/up/uv/1",
    "value": 35.5,
    "file": "game:shapes/entity/humanoid/seraphskinparts/hair-extra/unkempt.json"
  },
  {
    "op": "replace",
    "path": "/elements/0/children/1/children/0/faces/up/uv/2",
    "value": 39.0,
    "file": "game:shapes/entity/humanoid/seraphskinparts/hair-extra/unkempt.json"
  },
  {
    "op": "replace",
    "path": "/elements/0/children/1/children/0/faces/up/uv/3",
    "value": 37.5,
    "file": "game:shapes/entity/humanoid/seraphskinparts/hair-extra/unkempt.json"
  },
  {
    "op": "replace",
    "path": "/elements/0/children/1/children/0/from/0",
    "value": 0.0,
    "file": "game:shapes/entity/humanoid/seraphskinparts/hair-extra/unkempt.json"
  },
  {
    "op": "replace",
    "path": "/elements/0/children/1/children/0/from/1",
    "value": -0.0,
    "file": "game:shapes/entity/humanoid/seraphskinparts/hair-extra/unkempt.json"
  },
  {
    "op": "replace",
    "path": "/elements/0/children/1/children/0/from/2",
    "value": 2.5,
    "file": "game:shapes/entity/humanoid/seraphskinparts/hair-extra/unkempt.json"
  },
  {
    "op": "replace",
    "path": "/elements/0/children/1/children/0/name",
    "value": "Cube11",
    "file": "game:shapes/entity/humanoid/seraphskinparts/hair-extra/unkempt.json"
  },
  {
    "op": "replace",
    "path": "/elements/0/children/1/children/0/rotationOrigin/0",
    "value": 0.5,
    "file": "game:shapes/entity/humanoid/seraphskinparts/hair-extra/unkempt.json"
  },
  {
    "op": "replace",
    "path": "/elements/0/children/1/children/0/rotationOrigin/1",
    "value": -0.0,
    "file": "game:shapes/entity/humanoid/seraphskinparts/hair-extra/unkempt.json"
  },
  {
    "op": "replace",
    "path": "/elements/0/children/1/children/0/rotationOrigin/2",
    "value": 2.5,
    "file": "game:shapes/entity/humanoid/seraphskinparts/hair-extra/unkempt.json"
  },
  {
    "op": "replace",
    "path": "/elements/0/children/1/children/0/rotationZ",
    "value": -0.0,
    "file": "game:shapes/entity/humanoid/seraphskinparts/hair-extra/unkempt.json"
  },
  {
    "op": "replace",
    "path": "/elements/0/children/1/children/0/to/0",
    "value": 1.0,
    "file": "game:shapes/entity/humanoid/seraphskinparts/hair-extra/unkempt.json"
  },
  {
    "op": "replace",
    "path": "/elements/0/children/1/children/0/to/1",
    "value": -0.0,
    "file": "game:shapes/entity/humanoid/seraphskinparts/hair-extra/unkempt.json"
  },
  {
    "op": "replace",
    "path": "/elements/0/children/1/children/0/to/2",
    "value": 4.5,
    "file": "game:shapes/entity/humanoid/seraphskinparts/hair-extra/unkempt.json"
  },
  {
    "op": "remove",
    "path": "/elements/0/children/1/faces/down",
    "file": "game:shapes/entity/humanoid/seraphskinparts/hair-extra/unkempt.json"
  },
  {
    "op": "remove",
    "path": "/elements/0/children/1/faces/east",
    "file": "game:shapes/entity/humanoid/seraphskinparts/hair-extra/unkempt.json"
  },
  {
    "op": "remove",
    "path": "/elements/0/children/1/faces/north",
    "file": "game:shapes/entity/humanoid/seraphskinparts/hair-extra/unkempt.json"
  },
  {
    "op": "remove",
    "path": "/elements/0/children/1/faces/south",
    "file": "game:shapes/entity/humanoid/seraphskinparts/hair-extra/unkempt.json"
  },
  {
    "op": "remove",
    "path": "/elements/0/children/1/faces/west",
    "file": "game:shapes/entity/humanoid/seraphskinparts/hair-extra/unkempt.json"
  },
  {
    "op": "add",
    "path": "/elements/0/children/1/faces/up/rotation",
    "value": 270,
    "file": "game:shapes/entity/humanoid/seraphskinparts/hair-extra/unkempt.json"
  },
  {
    "op": "replace",
    "path": "/elements/0/children/1/from/0",
    "value": 3.0,
    "file": "game:shapes/entity/humanoid/seraphskinparts/hair-extra/unkempt.json"
  },
  {
    "op": "replace",
    "path": "/elements/0/children/1/from/1",
    "value": 4.08,
    "file": "game:shapes/entity/humanoid/seraphskinparts/hair-extra/unkempt.json"
  },
  {
    "op": "replace",
    "path": "/elements/0/children/1/from/2",
    "value": 2.5,
    "file": "game:shapes/entity/humanoid/seraphskinparts/hair-extra/unkempt.json"
  },
  {
    "op": "replace",
    "path": "/elements/0/children/1/name",
    "value": "Strand10",
    "file": "game:shapes/entity/humanoid/seraphskinparts/hair-extra/unkempt.json"
  },
  {
    "op": "replace",
    "path": "/elements/0/children/1/rotationOrigin/0",
    "value": 3.5,
    "file": "game:shapes/entity/humanoid/seraphskinparts/hair-extra/unkempt.json"
  },
  {
    "op": "replace",
    "path": "/elements/0/children/1/rotationOrigin/1",
    "value": 4.08,
    "file": "game:shapes/entity/humanoid/seraphskinparts/hair-extra/unkempt.json"
  },
  {
    "op": "replace",
    "path": "/elements/0/children/1/rotationY",
    "value": 6.06,
    "file": "game:shapes/entity/humanoid/seraphskinparts/hair-extra/unkempt.json"
  },
  {
    "op": "replace",
    "path": "/elements/0/children/1/rotationZ",
    "value": 3.51,
    "file": "game:shapes/entity/humanoid/seraphskinparts/hair-extra/unkempt.json"
  },
  {
    "op": "replace",
    "path": "/elements/0/children/1/to/1",
    "value": 4.08,
    "file": "game:shapes/entity/humanoid/seraphskinparts/hair-extra/unkempt.json"
  },
  {
    "op": "replace",
    "path": "/elements/0/children/1/to/2",
    "value": 5.0,
    "file": "game:shapes/entity/humanoid/seraphskinparts/hair-extra/unkempt.json"
  },
  {
    "op": "remove",
    "path": "/elements/0/children/2/autoUnwrap",
    "file": "game:shapes/entity/humanoid/seraphskinparts/hair-extra/unkempt.json"
  },
  {
    "op": "remove",
    "path": "/elements/0/children/2/stepParentName",
    "file": "game:shapes/entity/humanoid/seraphskinparts/hair-extra/unkempt.json"
  },
  {
    "op": "remove",
    "path": "/elements/0/children/2/uv",
    "file": "game:shapes/entity/humanoid/seraphskinparts/hair-extra/unkempt.json"
  },
  {
    "op": "add",
    "path": "/elements/0/children/2/group",
    "value": "unkempt",
    "file": "game:shapes/entity/humanoid/seraphskinparts/hair-extra/unkempt.json"
  },
  {
    "op": "add",
    "path": "/elements/0/children/2/rotationX",
    "value": -27.42,
    "file": "game:shapes/entity/humanoid/seraphskinparts/hair-extra/unkempt.json"
  },
  {
    "op": "remove",
    "path": "/elements/0/children/2/children/0/autoUnwrap",
    "file": "game:shapes/entity/humanoid/seraphskinparts/hair-extra/unkempt.json"
  },
  {
    "op": "remove",
    "path": "/elements/0/children/2/children/0/uv",
    "file": "game:shapes/entity/humanoid/seraphskinparts/hair-extra/unkempt.json"
  },
  {
    "op": "add",
    "path": "/elements/0/children/2/children/0/children",
    "value": [
      {
        "name": "Cube5.002",
        "from": [
          0.0,
          0.0,
          1.5
        ],
        "to": [
          1.0,
          0.0,
          3.5
        ],
        "rotationOrigin": [
          0.5,
          0.0,
          1.5
        ],
        "rotationX": 39.0,
        "rotationY": -0.0,
        "rotationZ": -0.0,
        "group": "unkempt",
        "faces": {
          "up": {
            "texture": "#hair",
            "uv": [
              34.5,
              39.5,
              35.5,
              41.5
            ],
            "autoUv": false,
            "rotation": 270
          }
        },
        "children": []
      }
    ],
    "file": "game:shapes/entity/humanoid/seraphskinparts/hair-extra/unkempt.json"
  },
  {
    "op": "add",
    "path": "/elements/0/children/2/children/0/group",
    "value": "unkempt",
    "file": "game:shapes/entity/humanoid/seraphskinparts/hair-extra/unkempt.json"
  },
  {
    "op": "add",
    "path": "/elements/0/children/2/children/0/rotationX",
    "value": 47.0,
    "file": "game:shapes/entity/humanoid/seraphskinparts/hair-extra/unkempt.json"
  },
  {
    "op": "add",
    "path": "/elements/0/children/2/children/0/rotationY",
    "value": 0.0,
    "file": "game:shapes/entity/humanoid/seraphskinparts/hair-extra/unkempt.json"
  },
  {
    "op": "remove",
    "path": "/elements/0/children/2/children/0/faces/down",
    "file": "game:shapes/entity/humanoid/seraphskinparts/hair-extra/unkempt.json"
  },
  {
    "op": "remove",
    "path": "/elements/0/children/2/children/0/faces/east",
    "file": "game:shapes/entity/humanoid/seraphskinparts/hair-extra/unkempt.json"
  },
  {
    "op": "remove",
    "path": "/elements/0/children/2/children/0/faces/north",
    "file": "game:shapes/entity/humanoid/seraphskinparts/hair-extra/unkempt.json"
  },
  {
    "op": "remove",
    "path": "/elements/0/children/2/children/0/faces/south",
    "file": "game:shapes/entity/humanoid/seraphskinparts/hair-extra/unkempt.json"
  },
  {
    "op": "remove",
    "path": "/elements/0/children/2/children/0/faces/west",
    "file": "game:shapes/entity/humanoid/seraphskinparts/hair-extra/unkempt.json"
  },
  {
    "op": "add",
    "path": "/elements/0/children/2/children/0/faces/up/autoUv",
    "value": false,
    "file": "game:shapes/entity/humanoid/seraphskinparts/hair-extra/unkempt.json"
  },
  {
    "op": "replace",
    "path": "/elements/0/children/2/children/0/faces/up/rotation",
    "value": 270,
    "file": "game:shapes/entity/humanoid/seraphskinparts/hair-extra/unkempt.json"
  },
  {
    "op": "replace",
    "path": "/elements/0/children/2/children/0/faces/up/uv/1",
    "value": 35.5,
    "file": "game:shapes/entity/humanoid/seraphskinparts/hair-extra/unkempt.json"
  },
  {
    "op": "replace",
    "path": "/elements/0/children/2/children/0/faces/up/uv/3",
    "value": 37.0,
    "file": "game:shapes/entity/humanoid/seraphskinparts/hair-extra/unkempt.json"
  },
  {
    "op": "replace",
    "path": "/elements/0/children/2/children/0/from/0",
    "value": 0.0,
    "file": "game:shapes/entity/humanoid/seraphskinparts/hair-extra/unkempt.json"
  },
  {
    "op": "replace",
    "path": "/elements/0/children/2/children/0/from/1",
    "value": -0.0,
    "file": "game:shapes/entity/humanoid/seraphskinparts/hair-extra/unkempt.json"
  },
  {
    "op": "replace",
    "path": "/elements/0/children/2/children/0/from/2",
    "value": 2.0,
    "file": "game:shapes/entity/humanoid/seraphskinparts/hair-extra/unkempt.json"
  },
  {
    "op": "replace",
    "path": "/elements/0/children/2/children/0/name",
    "value": "Cube4.002",
    "file": "game:shapes/entity/humanoid/seraphskinparts/hair-extra/unkempt.json"
  },
  {
    "op": "replace",
    "path": "/elements/0/children/2/children/0/rotationOrigin/0",
    "value": 0.5,
    "file": "game:shapes/entity/humanoid/seraphskinparts/hair-extra/unkempt.json"
  },
  {
    "op": "replace",
    "path": "/elements/0/children/2/children/0/rotationOrigin/1",
    "value": -0.0,
    "file": "game:shapes/entity/humanoid/seraphskinparts/hair-extra/unkempt.json"
  },
  {
    "op": "replace",
    "path": "/elements/0/children/2/children/0/rotationOrigin/2",
    "value": 2.0,
    "file": "game:shapes/entity/humanoid/seraphskinparts/hair-extra/unkempt.json"
  },
  {
    "op": "replace",
    "path": "/elements/0/children/2/children/0/rotationZ",
    "value": -0.0,
    "file": "game:shapes/entity/humanoid/seraphskinparts/hair-extra/unkempt.json"
  },
  {
    "op": "replace",
    "path": "/elements/0/children/2/children/0/to/0",
    "value": 1.0,
    "file": "game:shapes/entity/humanoid/seraphskinparts/hair-extra/unkempt.json"
  },
  {
    "op": "replace",
    "path": "/elements/0/children/2/children/0/to/1",
    "value": -0.0,
    "file": "game:shapes/entity/humanoid/seraphskinparts/hair-extra/unkempt.json"
  },
  {
    "op": "replace",
    "path": "/elements/0/children/2/children/0/to/2",
    "value": 3.5,
    "file": "game:shapes/entity/humanoid/seraphskinparts/hair-extra/unkempt.json"
  },
  {
    "op": "remove",
    "path": "/elements/0/children/2/faces/down",
    "file": "game:shapes/entity/humanoid/seraphskinparts/hair-extra/unkempt.json"
  },
  {
    "op": "remove",
    "path": "/elements/0/children/2/faces/east",
    "file": "game:shapes/entity/humanoid/seraphskinparts/hair-extra/unkempt.json"
  },
  {
    "op": "remove",
    "path": "/elements/0/children/2/faces/north",
    "file": "game:shapes/entity/humanoid/seraphskinparts/hair-extra/unkempt.json"
  },
  {
    "op": "remove",
    "path": "/elements/0/children/2/faces/south",
    "file": "game:shapes/entity/humanoid/seraphskinparts/hair-extra/unkempt.json"
  },
  {
    "op": "remove",
    "path": "/elements/0/children/2/faces/west",
    "file": "game:shapes/entity/humanoid/seraphskinparts/hair-extra/unkempt.json"
  },
  {
    "op": "add",
    "path": "/elements/0/children/2/faces/up/rotation",
    "value": 270,
    "file": "game:shapes/entity/humanoid/seraphskinparts/hair-extra/unkempt.json"
  },
  {
    "op": "replace",
    "path": "/elements/0/children/2/from/0",
    "value": 0.5,
    "file": "game:shapes/entity/humanoid/seraphskinparts/hair-extra/unkempt.json"
  },
  {
    "op": "replace",
    "path": "/elements/0/children/2/from/1",
    "value": 4.08,
    "file": "game:shapes/entity/humanoid/seraphskinparts/hair-extra/unkempt.json"
  },
  {
    "op": "replace",
    "path": "/elements/0/children/2/from/2",
    "value": 2.5,
    "file": "game:shapes/entity/humanoid/seraphskinparts/hair-extra/unkempt.json"
  },
  {
    "op": "replace",
    "path": "/elements/0/children/2/name",
    "value": "Strand3",
    "file": "game:shapes/entity/humanoid/seraphskinparts/hair-extra/unkempt.json"
  },
  {
    "op": "replace",
    "path": "/elements/0/children/2/rotationOrigin/0",
    "value": 1.0,
    "file": "game:shapes/entity/humanoid/seraphskinparts/hair-extra/unkempt.json"
  },
  {
    "op": "replace",
    "path": "/elements/0/children/2/rotationOrigin/1",
    "value": 4.08,
    "file": "game:shapes/entity/humanoid/seraphskinparts/hair-extra/unkempt.json"
  },
  {
    "op": "replace",
    "path": "/elements/0/children/2/rotationY",
    "value": -23.41,
    "file": "game:shapes/entity/humanoid/seraphskinparts/hair-extra/unkempt.json"
  },
  {
    "op": "replace",
    "path": "/elements/0/children/2/rotationZ",
    "value": -11.65,
    "file": "game:shapes/entity/humanoid/seraphskinparts/hair-extra/unkempt.json"
  },
  {
    "op": "replace",
    "path": "/elements/0/children/2/to/0",
    "value": 1.5,
    "file": "game:shapes/entity/humanoid/seraphskinparts/hair-extra/unkempt.json"
  },
  {
    "op": "replace",
    "path": "/elements/0/children/2/to/1",
    "value": 4.08,
    "file": "game:shapes/entity/humanoid/seraphskinparts/hair-extra/unkempt.json"
  },
  {
    "op": "replace",
    "path": "/elements/0/children/2/to/2",
    "value": 4.5,
    "file": "game:shapes/entity/humanoid/seraphskinparts/hair-extra/unkempt.json"
  },
  {
    "op": "remove",
    "path": "/elements/0/children/3/autoUnwrap",
    "file": "game:shapes/entity/humanoid/seraphskinparts/hair-extra/unkempt.json"
  },
  {
    "op": "remove",
    "path": "/elements/0/children/3/stepParentName",
    "file": "game:shapes/entity/humanoid/seraphskinparts/hair-extra/unkempt.json"
  },
  {
    "op": "remove",
    "path": "/elements/0/children/3/uv",
    "file": "game:shapes/entity/humanoid/seraphskinparts/hair-extra/unkempt.json"
  },
  {
    "op": "add",
    "path": "/elements/0/children/3/group",
    "value": "unkempt",
    "file": "game:shapes/entity/humanoid/seraphskinparts/hair-extra/unkempt.json"
  },
  {
    "op": "add",
    "path": "/elements/0/children/3/rotationX",
    "value": 30.0,
    "file": "game:shapes/entity/humanoid/seraphskinparts/hair-extra/unkempt.json"
  },
  {
    "op": "remove",
    "path": "/elements/0/children/3/children/0/autoUnwrap",
    "file": "game:shapes/entity/humanoid/seraphskinparts/hair-extra/unkempt.json"
  },
  {
    "op": "remove",
    "path": "/elements/0/children/3/children/0/uv",
    "file": "game:shapes/entity/humanoid/seraphskinparts/hair-extra/unkempt.json"
  },
  {
    "op": "add",
    "path": "/elements/0/children/3/children/0/group",
    "value": "unkempt",
    "file": "game:shapes/entity/humanoid/seraphskinparts/hair-extra/unkempt.json"
  },
  {
    "op": "add",
    "path": "/elements/0/children/3/children/0/rotationX",
    "value": -47.0,
    "file": "game:shapes/entity/humanoid/seraphskinparts/hair-extra/unkempt.json"
  },
  {
    "op": "add",
    "path": "/elements/0/children/3/children/0/rotationY",
    "value": 0.0,
    "file": "game:shapes/entity/humanoid/seraphskinparts/hair-extra/unkempt.json"
  },
  {
    "op": "remove",
    "path": "/elements/0/children/3/children/0/children/0",
    "file": "game:shapes/entity/humanoid/seraphskinparts/hair-extra/unkempt.json"
  },
  {
    "op": "remove",
    "path": "/elements/0/children/3/children/0/faces/down",
    "file": "game:shapes/entity/humanoid/seraphskinparts/hair-extra/unkempt.json"
  },
  {
    "op": "remove",
    "path": "/elements/0/children/3/children/0/faces/east",
    "file": "game:shapes/entity/humanoid/seraphskinparts/hair-extra/unkempt.json"
  },
  {
    "op": "remove",
    "path": "/elements/0/children/3/children/0/faces/north",
    "file": "game:shapes/entity/humanoid/seraphskinparts/hair-extra/unkempt.json"
  },
  {
    "op": "remove",
    "path": "/elements/0/children/3/children/0/faces/south",
    "file": "game:shapes/entity/humanoid/seraphskinparts/hair-extra/unkempt.json"
  },
  {
    "op": "remove",
    "path": "/elements/0/children/3/children/0/faces/west",
    "file": "game:shapes/entity/humanoid/seraphskinparts/hair-extra/unkempt.json"
  },
  {
    "op": "add",
    "path": "/elements/0/children/3/children/0/faces/up/autoUv",
    "value": false,
    "file": "game:shapes/entity/humanoid/seraphskinparts/hair-extra/unkempt.json"
  },
  {
    "op": "replace",
    "path": "/elements/0/children/3/children/0/faces/up/rotation",
    "value": 180,
    "file": "game:shapes/entity/humanoid/seraphskinparts/hair-extra/unkempt.json"
  },
  {
    "op": "replace",
    "path": "/elements/0/children/3/children/0/faces/up/uv/1",
    "value": 38.5,
    "file": "game:shapes/entity/humanoid/seraphskinparts/hair-extra/unkempt.json"
  },
  {
    "op": "replace",
    "path": "/elements/0/children/3/children/0/faces/up/uv/3",
    "value": 41.5,
    "file": "game:shapes/entity/humanoid/seraphskinparts/hair-extra/unkempt.json"
  },
  {
    "op": "replace",
    "path": "/elements/0/children/3/children/0/from/0",
    "value": 0.0,
    "file": "game:shapes/entity/humanoid/seraphskinparts/hair-extra/unkempt.json"
  },
  {
    "op": "replace",
    "path": "/elements/0/children/3/children/0/from/1",
    "value": -0.0,
    "file": "game:shapes/entity/humanoid/seraphskinparts/hair-extra/unkempt.json"
  },
  {
    "op": "replace",
    "path": "/elements/0/children/3/children/0/from/2",
    "value": -3.0,
    "file": "game:shapes/entity/humanoid/seraphskinparts/hair-extra/unkempt.json"
  },
  {
    "op": "replace",
    "path": "/elements/0/children/3/children/0/name",
    "value": "Cube7.001",
    "file": "game:shapes/entity/humanoid/seraphskinparts/hair-extra/unkempt.json"
  },
  {
    "op": "replace",
    "path": "/elements/0/children/3/children/0/rotationOrigin/0",
    "value": 0.5,
    "file": "game:shapes/entity/humanoid/seraphskinparts/hair-extra/unkempt.json"
  },
  {
    "op": "replace",
    "path": "/elements/0/children/3/children/0/rotationOrigin/1",
    "value": -0.0,
    "file": "game:shapes/entity/humanoid/seraphskinparts/hair-extra/unkempt.json"
  },
  {
    "op": "replace",
    "path": "/elements/0/children/3/children/0/rotationOrigin/2",
    "value": 0.0,
    "file": "game:shapes/entity/humanoid/seraphskinparts/hair-extra/unkempt.json"
  },
  {
    "op": "replace",
    "path": "/elements/0/children/3/children/0/rotationZ",
    "value": -0.0,
    "file": "game:shapes/entity/humanoid/seraphskinparts/hair-extra/unkempt.json"
  },
  {
    "op": "replace",
    "path": "/elements/0/children/3/children/0/to/0",
    "value": 1.0,
    "file": "game:shapes/entity/humanoid/seraphskinparts/hair-extra/unkempt.json"
  },
  {
    "op": "replace",
    "path": "/elements/0/children/3/children/0/to/1",
    "value": -0.0,
    "file": "game:shapes/entity/humanoid/seraphskinparts/hair-extra/unkempt.json"
  },
  {
    "op": "replace",
    "path": "/elements/0/children/3/children/0/to/2",
    "value": 0.0,
    "file": "game:shapes/entity/humanoid/seraphskinparts/hair-extra/unkempt.json"
  },
  {
    "op": "remove",
    "path": "/elements/0/children/3/faces/down",
    "file": "game:shapes/entity/humanoid/seraphskinparts/hair-extra/unkempt.json"
  },
  {
    "op": "remove",
    "path": "/elements/0/children/3/faces/east",
    "file": "game:shapes/entity/humanoid/seraphskinparts/hair-extra/unkempt.json"
  },
  {
    "op": "remove",
    "path": "/elements/0/children/3/faces/north",
    "file": "game:shapes/entity/humanoid/seraphskinparts/hair-extra/unkempt.json"
  },
  {
    "op": "remove",
    "path": "/elements/0/children/3/faces/south",
    "file": "game:shapes/entity/humanoid/seraphskinparts/hair-extra/unkempt.json"
  },
  {
    "op": "remove",
    "path": "/elements/0/children/3/faces/west",
    "file": "game:shapes/entity/humanoid/seraphskinparts/hair-extra/unkempt.json"
  },
  {
    "op": "add",
    "path": "/elements/0/children/3/faces/up/rotation",
    "value": 90,
    "file": "game:shapes/entity/humanoid/seraphskinparts/hair-extra/unkempt.json"
  },
  {
    "op": "replace",
    "path": "/elements/0/children/3/from/0",
    "value": 2.0,
    "file": "game:shapes/entity/humanoid/seraphskinparts/hair-extra/unkempt.json"
  },
  {
    "op": "replace",
    "path": "/elements/0/children/3/from/1",
    "value": 4.08,
    "file": "game:shapes/entity/humanoid/seraphskinparts/hair-extra/unkempt.json"
  },
  {
    "op": "replace",
    "path": "/elements/0/children/3/from/2",
    "value": 0.5,
    "file": "game:shapes/entity/humanoid/seraphskinparts/hair-extra/unkempt.json"
  },
  {
    "op": "replace",
    "path": "/elements/0/children/3/name",
    "value": "Strand6",
    "file": "game:shapes/entity/humanoid/seraphskinparts/hair-extra/unkempt.json"
  },
  {
    "op": "replace",
    "path": "/elements/0/children/3/rotationOrigin/0",
    "value": 2.5,
    "file": "game:shapes/entity/humanoid/seraphskinparts/hair-extra/unkempt.json"
  },
  {
    "op": "replace",
    "path": "/elements/0/children/3/rotationOrigin/1",
    "value": 4.08,
    "file": "game:shapes/entity/humanoid/seraphskinparts/hair-extra/unkempt.json"
  },
  {
    "op": "replace",
    "path": "/elements/0/children/3/rotationY",
    "value": 0.87,
    "file": "game:shapes/entity/humanoid/seraphskinparts/hair-extra/unkempt.json"
  },
  {
    "op": "replace",
    "path": "/elements/0/children/3/rotationZ",
    "value": -0.5,
    "file": "game:shapes/entity/humanoid/seraphskinparts/hair-extra/unkempt.json"
  },
  {
    "op": "replace",
    "path": "/elements/0/children/3/to/0",
    "value": 3.0,
    "file": "game:shapes/entity/humanoid/seraphskinparts/hair-extra/unkempt.json"
  },
  {
    "op": "replace",
    "path": "/elements/0/children/3/to/1",
    "value": 4.08,
    "file": "game:shapes/entity/humanoid/seraphskinparts/hair-extra/unkempt.json"
  },
  {
    "op": "replace",
    "path": "/elements/0/children/3/to/2",
    "value": 2.5,
    "file": "game:shapes/entity/humanoid/seraphskinparts/hair-extra/unkempt.json"
  },
  {
    "op": "remove",
    "path": "/elements/0/children/4/autoUnwrap",
    "file": "game:shapes/entity/humanoid/seraphskinparts/hair-extra/unkempt.json"
  },
  {
    "op": "remove",
    "path": "/elements/0/children/4/stepParentName",
    "file": "game:shapes/entity/humanoid/seraphskinparts/hair-extra/unkempt.json"
  },
  {
    "op": "remove",
    "path": "/elements/0/children/4/uv",
    "file": "game:shapes/entity/humanoid/seraphskinparts/hair-extra/unkempt.json"
  },
  {
    "op": "add",
    "path": "/elements/0/children/4/group",
    "value": "unkempt",
    "file": "game:shapes/entity/humanoid/seraphskinparts/hair-extra/unkempt.json"
  },
  {
    "op": "add",
    "path": "/elements/0/children/4/rotationX",
    "value": 0.0,
    "file": "game:shapes/entity/humanoid/seraphskinparts/hair-extra/unkempt.json"
  },
  {
    "op": "remove",
    "path": "/elements/0/children/4/children/0/autoUnwrap",
    "file": "game:shapes/entity/humanoid/seraphskinparts/hair-extra/unkempt.json"
  },
  {
    "op": "remove",
    "path": "/elements/0/children/4/children/0/uv",
    "file": "game:shapes/entity/humanoid/seraphskinparts/hair-extra/unkempt.json"
  },
  {
    "op": "add",
    "path": "/elements/0/children/4/children/0/children",
    "value": [],
    "file": "game:shapes/entity/humanoid/seraphskinparts/hair-extra/unkempt.json"
  },
  {
    "op": "add",
    "path": "/elements/0/children/4/children/0/group",
    "value": "unkempt",
    "file": "game:shapes/entity/humanoid/seraphskinparts/hair-extra/unkempt.json"
  },
  {
    "op": "add",
    "path": "/elements/0/children/4/children/0/rotationX",
    "value": -0.0,
    "file": "game:shapes/entity/humanoid/seraphskinparts/hair-extra/unkempt.json"
  },
  {
    "op": "add",
    "path": "/elements/0/children/4/children/0/rotationY",
    "value": 0.0,
    "file": "game:shapes/entity/humanoid/seraphskinparts/hair-extra/unkempt.json"
  },
  {
    "op": "remove",
    "path": "/elements/0/children/4/children/0/faces/down",
    "file": "game:shapes/entity/humanoid/seraphskinparts/hair-extra/unkempt.json"
  },
  {
    "op": "remove",
    "path": "/elements/0/children/4/children/0/faces/east",
    "file": "game:shapes/entity/humanoid/seraphskinparts/hair-extra/unkempt.json"
  },
  {
    "op": "remove",
    "path": "/elements/0/children/4/children/0/faces/north",
    "file": "game:shapes/entity/humanoid/seraphskinparts/hair-extra/unkempt.json"
  },
  {
    "op": "remove",
    "path": "/elements/0/children/4/children/0/faces/south",
    "file": "game:shapes/entity/humanoid/seraphskinparts/hair-extra/unkempt.json"
  },
  {
    "op": "remove",
    "path": "/elements/0/children/4/children/0/faces/west",
    "file": "game:shapes/entity/humanoid/seraphskinparts/hair-extra/unkempt.json"
  },
  {
    "op": "add",
    "path": "/elements/0/children/4/children/0/faces/up/autoUv",
    "value": false,
    "file": "game:shapes/entity/humanoid/seraphskinparts/hair-extra/unkempt.json"
  },
  {
    "op": "replace",
    "path": "/elements/0/children/4/children/0/faces/up/rotation",
    "value": 270,
    "file": "game:shapes/entity/humanoid/seraphskinparts/hair-extra/unkempt.json"
  },
  {
    "op": "replace",
    "path": "/elements/0/children/4/children/0/faces/up/uv/0",
    "value": 37.0,
    "file": "game:shapes/entity/humanoid/seraphskinparts/hair-extra/unkempt.json"
  },
  {
    "op": "replace",
    "path": "/elements/0/children/4/children/0/faces/up/uv/1",
    "value": 39.5,
    "file": "game:shapes/entity/humanoid/seraphskinparts/hair-extra/unkempt.json"
  },
  {
    "op": "replace",
    "path": "/elements/0/children/4/children/0/faces/up/uv/2",
    "value": 38.0,
    "file": "game:shapes/entity/humanoid/seraphskinparts/hair-extra/unkempt.json"
  },
  {
    "op": "replace",
    "path": "/elements/0/children/4/children/0/from/2",
    "value": -0.0,
    "file": "game:shapes/entity/humanoid/seraphskinparts/hair-extra/unkempt.json"
  },
  {
    "op": "replace",
    "path": "/elements/0/children/4/children/0/from/0",
    "value": 3.0,
    "file": "game:shapes/entity/humanoid/seraphskinparts/hair-extra/unkempt.json"
  },
  {
    "op": "replace",
    "path": "/elements/0/children/4/children/0/name",
    "value": "Cube9.001",
    "file": "game:shapes/entity/humanoid/seraphskinparts/hair-extra/unkempt.json"
  },
  {
    "op": "replace",
    "path": "/elements/0/children/4/children/0/rotationOrigin/0",
    "value": 3.0,
    "file": "game:shapes/entity/humanoid/seraphskinparts/hair-extra/unkempt.json"
  },
  {
    "op": "replace",
    "path": "/elements/0/children/4/children/0/rotationZ",
    "value": -47.0,
    "file": "game:shapes/entity/humanoid/seraphskinparts/hair-extra/unkempt.json"
  },
  {
    "op": "replace",
    "path": "/elements/0/children/4/children/0/to/0",
    "value": 5.0,
    "file": "game:shapes/entity/humanoid/seraphskinparts/hair-extra/unkempt.json"
  },
  {
    "op": "remove",
    "path": "/elements/0/children/4/faces/down",
    "file": "game:shapes/entity/humanoid/seraphskinparts/hair-extra/unkempt.json"
  },
  {
    "op": "remove",
    "path": "/elements/0/children/4/faces/east",
    "file": "game:shapes/entity/humanoid/seraphskinparts/hair-extra/unkempt.json"
  },
  {
    "op": "remove",
    "path": "/elements/0/children/4/faces/north",
    "file": "game:shapes/entity/humanoid/seraphskinparts/hair-extra/unkempt.json"
  },
  {
    "op": "remove",
    "path": "/elements/0/children/4/faces/south",
    "file": "game:shapes/entity/humanoid/seraphskinparts/hair-extra/unkempt.json"
  },
  {
    "op": "remove",
    "path": "/elements/0/children/4/faces/west",
    "file": "game:shapes/entity/humanoid/seraphskinparts/hair-extra/unkempt.json"
  },
  {
    "op": "add",
    "path": "/elements/0/children/4/faces/up/rotation",
    "value": 180,
    "file": "game:shapes/entity/humanoid/seraphskinparts/hair-extra/unkempt.json"
  },
  {
    "op": "replace",
    "path": "/elements/0/children/4/from/0",
    "value": 3.5,
    "file": "game:shapes/entity/humanoid/seraphskinparts/hair-extra/unkempt.json"
  },
  {
    "op": "replace",
    "path": "/elements/0/children/4/from/1",
    "value": 4.08,
    "file": "game:shapes/entity/humanoid/seraphskinparts/hair-extra/unkempt.json"
  },
  {
    "op": "replace",
    "path": "/elements/0/children/4/name",
    "value": "Strand8",
    "file": "game:shapes/entity/humanoid/seraphskinparts/hair-extra/unkempt.json"
  },
  {
    "op": "replace",
    "path": "/elements/0/children/4/rotationOrigin/0",
    "value": 3.5,
    "file": "game:shapes/entity/humanoid/seraphskinparts/hair-extra/unkempt.json"
  },
  {
    "op": "replace",
    "path": "/elements/0/children/4/rotationOrigin/1",
    "value": 4.08,
    "file": "game:shapes/entity/humanoid/seraphskinparts/hair-extra/unkempt.json"
  },
  {
    "op": "replace",
    "path": "/elements/0/children/4/rotationY",
    "value": -33.0,
    "file": "game:shapes/entity/humanoid/seraphskinparts/hair-extra/unkempt.json"
  },
  {
    "op": "replace",
    "path": "/elements/0/children/4/rotationZ",
    "value": 35.0,
    "file": "game:shapes/entity/humanoid/seraphskinparts/hair-extra/unkempt.json"
  },
  {
    "op": "replace",
    "path": "/elements/0/children/4/to/0",
    "value": 6.5,
    "file": "game:shapes/entity/humanoid/seraphskinparts/hair-extra/unkempt.json"
  },
  {
    "op": "replace",
    "path": "/elements/0/children/4/to/1",
    "value": 4.08,
    "file": "game:shapes/entity/humanoid/seraphskinparts/hair-extra/unkempt.json"
  },
  {
    "op": "remove",
    "path": "/elements/0/faces/down",
    "file": "game:shapes/entity/humanoid/seraphskinparts/hair-extra/unkempt.json"
  },
  {
    "op": "remove",
    "path": "/elements/0/faces/east",
    "file": "game:shapes/entity/humanoid/seraphskinparts/hair-extra/unkempt.json"
  },
  {
    "op": "remove",
    "path": "/elements/0/faces/north",
    "file": "game:shapes/entity/humanoid/seraphskinparts/hair-extra/unkempt.json"
  },
  {
    "op": "remove",
    "path": "/elements/0/faces/south",
    "file": "game:shapes/entity/humanoid/seraphskinparts/hair-extra/unkempt.json"
  },
  {
    "op": "remove",
    "path": "/elements/0/faces/up",
    "file": "game:shapes/entity/humanoid/seraphskinparts/hair-extra/unkempt.json"
  },
  {
    "op": "remove",
    "path": "/elements/0/faces/west",
    "file": "game:shapes/entity/humanoid/seraphskinparts/hair-extra/unkempt.json"
  },
  {
    "op": "replace",
    "path": "/elements/0/from/0",
    "value": -0.0,
    "file": "game:shapes/entity/humanoid/seraphskinparts/hair-extra/unkempt.json"
  },
  {
    "op": "replace",
    "path": "/elements/0/from/1",
    "value": -0.0,
    "file": "game:shapes/entity/humanoid/seraphskinparts/hair-extra/unkempt.json"
  },
  {
    "op": "replace",
    "path": "/elements/0/name",
    "value": "hideme",
    "file": "game:shapes/entity/humanoid/seraphskinparts/hair-extra/unkempt.json"
  },
  {
    "op": "remove",
    "path": "/textures/birch",
    "file": "game:shapes/entity/humanoid/seraphskinparts/hair-extra/unkempt.json"
  },
  {
    "op": "replace",
    "path": "/textures/hair",
    "value": "silverchalice",
    "file": "game:shapes/entity/humanoid/seraphskinparts/hair-extra/unkempt.json"
  },
  {
    "op": "remove",
    "path": "/textureSizes/birch",
    "file": "game:shapes/entity/humanoid/seraphskinparts/hair-extra/unkempt.json"
  }
]