[
  {
    "op": "remove",
    "path": "/editor",
    "file": "game:shapes/entity/humanoid/seraphskinparts/hair-extra/elaboratestickbun.json"
  },
  {
    "op": "add",
    "path": "/groups",
    "value": [],
    "file": "game:shapes/entity/humanoid/seraphskinparts/hair-extra/elaboratestickbun.json"
  },
  {
    "op": "remove",
    "path": "/elements/0/uv",
    "file": "game:shapes/entity/humanoid/seraphskinparts/hair-extra/elaboratestickbun.json"
  },
  {
    "op": "add",
    "path": "/elements/0/group",
    "value": "elaboratestickbun",
    "file": "game:shapes/entity/humanoid/seraphskinparts/hair-extra/elaboratestickbun.json"
  },
  {
    "op": "add",
    "path": "/elements/0/rotationOrigin",
    "value": [
      -0.0,
      -0.0,
      0.0
    ],
    "file": "game:shapes/entity/humanoid/seraphskinparts/hair-extra/elaboratestickbun.json"
  },
  {
    "op": "remove",
    "path": "/elements/0/children/0/uv",
    "file": "game:shapes/entity/humanoid/seraphskinparts/hair-extra/elaboratestickbun.json"
  },
  {
    "op": "add",
    "path": "/elements/0/children/0/group",
    "value": "elaboratestickbun",
    "file": "game:shapes/entity/humanoid/seraphskinparts/hair-extra/elaboratestickbun.json"
  },
  {
    "op": "remove",
    "path": "/elements/0/children/0/children/0/autoUnwrap",
    "file": "game:shapes/entity/humanoid/seraphskinparts/hair-extra/elaboratestickbun.json"
  },
  {
    "op": "remove",
    "path": "/elements/0/children/0/children/0/uv",
    "file": "game:shapes/entity/humanoid/seraphskinparts/hair-extra/elaboratestickbun.json"
  },
  {
    "op": "add",
    "path": "/elements/0/children/0/children/0/children",
    "value": [],
    "file": "game:shapes/entity/humanoid/seraphskinparts/hair-extra/elaboratestickbun.json"
  },
  {
    "op": "add",
    "path": "/elements/0/children/0/children/0/group",
    "value": "elaboratestickbun",
    "file": "game:shapes/entity/humanoid/seraphskinparts/hair-extra/elaboratestickbun.json"
  },
  {
    "op": "add",
    "path": "/elements/0/children/0/children/0/faces/down/autoUv",
    "value": false,
    "file": "game:shapes/entity/humanoid/seraphskinparts/hair-extra/elaboratestickbun.json"
  },
  {
    "op": "replace",
    "path": "/elements/0/children/0/children/0/faces/down/uv/0",
    "value": 24.5,
    "file": "game:shapes/entity/humanoid/seraphskinparts/hair-extra/elaboratestickbun.json"
  },
  {
    "op": "replace",
    "path": "/elements/0/children/0/children/0/faces/down/uv/1",
    "value": 34.5,
    "file": "game:shapes/entity/humanoid/seraphskinparts/hair-extra/elaboratestickbun.json"
  },
  {
    "op": "replace",
    "path": "/elements/0/children/0/children/0/faces/down/uv/2",
    "value": 22.5,
    "file": "game:shapes/entity/humanoid/seraphskinparts/hair-extra/elaboratestickbun.json"
  },
  {
    "op": "replace",
    "path": "/elements/0/children/0/children/0/faces/down/uv/3",
    "value": 31.5,
    "file": "game:shapes/entity/humanoid/seraphskinparts/hair-extra/elaboratestickbun.json"
  },
  {
    "op": "add",
    "path": "/elements/0/children/0/children/0/faces/east/autoUv",
    "value": false,
    "file": "game:shapes/entity/humanoid/seraphskinparts/hair-extra/elaboratestickbun.json"
  },
  {
    "op": "add",
    "path": "/elements/0/children/0/children/0/faces/north/autoUv",
    "value": false,
    "file": "game:shapes/entity/humanoid/seraphskinparts/hair-extra/elaboratestickbun.json"
  },
  {
    "op": "add",
    "path": "/elements/0/children/0/children/0/faces/south/autoUv",
    "value": false,
    "file": "game:shapes/entity/humanoid/seraphskinparts/hair-extra/elaboratestickbun.json"
  },
  {
    "op": "add",
    "path": "/elements/0/children/0/children/0/faces/up/autoUv",
    "value": false,
    "file": "game:shapes/entity/humanoid/seraphskinparts/hair-extra/elaboratestickbun.json"
  },
  {
    "op": "add",
    "path": "/elements/0/children/0/children/0/faces/west/autoUv",
    "value": false,
    "file": "game:shapes/entity/humanoid/seraphskinparts/hair-extra/elaboratestickbun.json"
  },
  {
    "op": "replace",
    "path": "/elements/0/children/0/children/0/name",
    "value": "Cube1.001",
    "file": "game:shapes/entity/humanoid/seraphskinparts/hair-extra/elaboratestickbun.json"
  },
  {
    "op": "add",
    "path": "/elements/0/children/0/faces/east/autoUv",
    "value": false,
    "file": "game:shapes/entity/humanoid/seraphskinparts/hair-extra/elaboratestickbun.json"
  },
  {
    "op": "add",
    "path": "/elements/0/children/0/faces/north/autoUv",
    "value": false,
    "file": "game:shapes/entity/humanoid/seraphskinparts/hair-extra/elaboratestickbun.json"
  },
  {
    "op": "add",
    "path": "/elements/0/children/0/faces/south/autoUv",
    "value": false,
    "file": "game:shapes/entity/humanoid/seraphskinparts/hair-extra/elaboratestickbun.json"
  },
  {
    "op": "add",
    "path": "/elements/0/children/0/faces/up/autoUv",
    "value": false,
    "file": "game:shapes/entity/humanoid/seraphskinparts/hair-extra/elaboratestickbun.json"
  },
  {
    "op": "replace",
    "path": "/elements/0/children/0/from/0",
    "value": 2.52,
    "file": "game:shapes/entity/humanoid/seraphskinparts/hair-extra/elaboratestickbun.json"
  },
  {
    "op": "replace",
    "path": "/elements/0/children/0/from/1",
    "value": 1.93,
    "file": "game:shapes/entity/humanoid/seraphskinparts/hair-extra/elaboratestickbun.json"
  },
  {
    "op": "replace",
    "path": "/elements/0/children/0/rotationOrigin/0",
    "value": 2.52,
    "file": "game:shapes/entity/humanoid/seraphskinparts/hair-extra/elaboratestickbun.json"
  },
  {
    "op": "replace",
    "path": "/elements/0/children/0/rotationOrigin/1",
    "value": 2.93,
    "file": "game:shapes/entity/humanoid/seraphskinparts/hair-extra/elaboratestickbun.json"
  },
  {
    "op": "replace",
    "path": "/elements/0/children/0/to/0",
    "value": 6.52,
    "file": "game:shapes/entity/humanoid/seraphskinparts/hair-extra/elaboratestickbun.json"
  },
  {
    "op": "replace",
    "path": "/elements/0/children/0/to/1",
    "value": 3.93,
    "file": "game:shapes/entity/humanoid/seraphskinparts/hair-extra/elaboratestickbun.json"
  },
  {
    "op": "remove",
    "path": "/elements/0/children/1/autoUnwrap",
    "file": "game:shapes/entity/humanoid/seraphskinparts/hair-extra/elaboratestickbun.json"
  },
  {
    "op": "remove",
    "path": "/elements/0/children/1/uv",
    "file": "game:shapes/entity/humanoid/seraphskinparts/hair-extra/elaboratestickbun.json"
  },
  {
    "op": "add",
    "path": "/elements/0/children/1/group",
    "value": "elaboratestickbun",
    "file": "game:shapes/entity/humanoid/seraphskinparts/hair-extra/elaboratestickbun.json"
  },
  {
    "op": "remove",
    "path": "/elements/0/children/1/children/0/uv",
    "file": "game:shapes/entity/humanoid/seraphskinparts/hair-extra/elaboratestickbun.json"
  },
  {
    "op": "add",
    "path": "/elements/0/children/1/children/0/children",
    "value": [],
    "file": "game:shapes/entity/humanoid/seraphskinparts/hair-extra/elaboratestickbun.json"
  },
  {
    "op": "add",
    "path": "/elements/0/children/1/children/0/group",
    "value": "elaboratestickbun",
    "file": "game:shapes/entity/humanoid/seraphskinparts/hair-extra/elaboratestickbun.json"
  },
  {
    "op": "add",
    "path": "/elements/0/children/1/children/0/faces/down/autoUv",
    "value": false,
    "file": "game:shapes/entity/humanoid/seraphskinparts/hair-extra/elaboratestickbun.json"
  },
  {
    "op": "replace",
    "path": "/elements/0/children/1/children/0/faces/down/uv/0",
    "value": 21.5,
    "file": "game:shapes/entity/humanoid/seraphskinparts/hair-extra/elaboratestickbun.json"
  },
  {
    "op": "replace",
    "path": "/elements/0/children/1/children/0/faces/down/uv/1",
    "value": 34.5,
    "file": "game:shapes/entity/humanoid/seraphskinparts/hair-extra/elaboratestickbun.json"
  },
  {
    "op": "replace",
    "path": "/elements/0/children/1/children/0/faces/down/uv/2",
    "value": 19.5,
    "file": "game:shapes/entity/humanoid/seraphskinparts/hair-extra/elaboratestickbun.json"
  },
  {
    "op": "replace",
    "path": "/elements/0/children/1/children/0/faces/down/uv/3",
    "value": 31.5,
    "file": "game:shapes/entity/humanoid/seraphskinparts/hair-extra/elaboratestickbun.json"
  },
  {
    "op": "add",
    "path": "/elements/0/children/1/children/0/faces/east/autoUv",
    "value": false,
    "file": "game:shapes/entity/humanoid/seraphskinparts/hair-extra/elaboratestickbun.json"
  },
  {
    "op": "add",
    "path": "/elements/0/children/1/children/0/faces/north/autoUv",
    "value": false,
    "file": "game:shapes/entity/humanoid/seraphskinparts/hair-extra/elaboratestickbun.json"
  },
  {
    "op": "add",
    "path": "/elements/0/children/1/children/0/faces/south/autoUv",
    "value": false,
    "file": "game:shapes/entity/humanoid/seraphskinparts/hair-extra/elaboratestickbun.json"
  },
  {
    "op": "add",
    "path": "/elements/0/children/1/children/0/faces/up/autoUv",
    "value": false,
    "file": "game:shapes/entity/humanoid/seraphskinparts/hair-extra/elaboratestickbun.json"
  },
  {
    "op": "remove",
    "path": "/elements/0/children/1/children/1/uv",
    "file": "game:shapes/entity/humanoid/seraphskinparts/hair-extra/elaboratestickbun.json"
  },
  {
    "op": "add",
    "path": "/elements/0/children/1/children/1/children",
    "value": [],
    "file": "game:shapes/entity/humanoid/seraphskinparts/hair-extra/elaboratestickbun.json"
  },
  {
    "op": "add",
    "path": "/elements/0/children/1/children/1/group",
    "value": "elaboratestickbun",
    "file": "game:shapes/entity/humanoid/seraphskinparts/hair-extra/elaboratestickbun.json"
  },
  {
    "op": "add",
    "path": "/elements/0/children/1/children/1/faces/down/autoUv",
    "value": false,
    "file": "game:shapes/entity/humanoid/seraphskinparts/hair-extra/elaboratestickbun.json"
  },
  {
    "op": "replace",
    "path": "/elements/0/children/1/children/1/faces/down/uv/0",
    "value": 23.0,
    "file": "game:shapes/entity/humanoid/seraphskinparts/hair-extra/elaboratestickbun.json"
  },
  {
    "op": "replace",
    "path": "/elements/0/children/1/children/1/faces/down/uv/1",
    "value": 34.0,
    "file": "game:shapes/entity/humanoid/seraphskinparts/hair-extra/elaboratestickbun.json"
  },
  {
    "op": "replace",
    "path": "/elements/0/children/1/children/1/faces/down/uv/2",
    "value": 22.0,
    "file": "game:shapes/entity/humanoid/seraphskinparts/hair-extra/elaboratestickbun.json"
  },
  {
    "op": "replace",
    "path": "/elements/0/children/1/children/1/faces/down/uv/3",
    "value": 31.0,
    "file": "game:shapes/entity/humanoid/seraphskinparts/hair-extra/elaboratestickbun.json"
  },
  {
    "op": "add",
    "path": "/elements/0/children/1/children/1/faces/east/autoUv",
    "value": false,
    "file": "game:shapes/entity/humanoid/seraphskinparts/hair-extra/elaboratestickbun.json"
  },
  {
    "op": "add",
    "path": "/elements/0/children/1/children/1/faces/north/autoUv",
    "value": false,
    "file": "game:shapes/entity/humanoid/seraphskinparts/hair-extra/elaboratestickbun.json"
  },
  {
    "op": "add",
    "path": "/elements/0/children/1/children/1/faces/south/autoUv",
    "value": false,
    "file": "game:shapes/entity/humanoid/seraphskinparts/hair-extra/elaboratestickbun.json"
  },
  {
    "op": "add",
    "path": "/elements/0/children/1/children/1/faces/up/autoUv",
    "value": false,
    "file": "game:shapes/entity/humanoid/seraphskinparts/hair-extra/elaboratestickbun.json"
  },
  {
    "op": "replace",
    "path": "/elements/0/children/1/children/1/from/0",
    "value": 2.15,
    "file": "game:shapes/entity/humanoid/seraphskinparts/hair-extra/elaboratestickbun.json"
  },
  {
    "op": "replace",
    "path": "/elements/0/children/1/children/1/from/1",
    "value": -0.06,
    "file": "game:shapes/entity/humanoid/seraphskinparts/hair-extra/elaboratestickbun.json"
  },
  {
    "op": "replace",
    "path": "/elements/0/children/1/children/1/rotationOrigin/0",
    "value": 2.15,
    "file": "game:shapes/entity/humanoid/seraphskinparts/hair-extra/elaboratestickbun.json"
  },
  {
    "op": "replace",
    "path": "/elements/0/children/1/children/1/rotationOrigin/1",
    "value": -0.06,
    "file": "game:shapes/entity/humanoid/seraphskinparts/hair-extra/elaboratestickbun.json"
  },
  {
    "op": "replace",
    "path": "/elements/0/children/1/children/1/to/0",
    "value": 3.15,
    "file": "game:shapes/entity/humanoid/seraphskinparts/hair-extra/elaboratestickbun.json"
  },
  {
    "op": "replace",
    "path": "/elements/0/children/1/children/1/to/1",
    "value": 2.94,
    "file": "game:shapes/entity/humanoid/seraphskinparts/hair-extra/elaboratestickbun.json"
  },
  {
    "op": "remove",
    "path": "/elements/0/children/1/children/2/autoUnwrap",
    "file": "game:shapes/entity/humanoid/seraphskinparts/hair-extra/elaboratestickbun.json"
  },
  {
    "op": "remove",
    "path": "/elements/0/children/1/children/2/uv",
    "file": "game:shapes/entity/humanoid/seraphskinparts/hair-extra/elaboratestickbun.json"
  },
  {
    "op": "add",
    "path": "/elements/0/children/1/children/2/children",
    "value": [],
    "file": "game:shapes/entity/humanoid/seraphskinparts/hair-extra/elaboratestickbun.json"
  },
  {
    "op": "add",
    "path": "/elements/0/children/1/children/2/group",
    "value": "elaboratestickbun",
    "file": "game:shapes/entity/humanoid/seraphskinparts/hair-extra/elaboratestickbun.json"
  },
  {
    "op": "add",
    "path": "/elements/0/children/1/children/2/faces/down/autoUv",
    "value": false,
    "file": "game:shapes/entity/humanoid/seraphskinparts/hair-extra/elaboratestickbun.json"
  },
  {
    "op": "replace",
    "path": "/elements/0/children/1/children/2/faces/down/uv/0",
    "value": 4.5,
    "file": "game:shapes/entity/humanoid/seraphskinparts/hair-extra/elaboratestickbun.json"
  },
  {
    "op": "replace",
    "path": "/elements/0/children/1/children/2/faces/down/uv/1",
    "value": 10.5,
    "file": "game:shapes/entity/humanoid/seraphskinparts/hair-extra/elaboratestickbun.json"
  },
  {
    "op": "replace",
    "path": "/elements/0/children/1/children/2/faces/down/uv/2",
    "value": 4.0,
    "file": "game:shapes/entity/humanoid/seraphskinparts/hair-extra/elaboratestickbun.json"
  },
  {
    "op": "replace",
    "path": "/elements/0/children/1/children/2/faces/down/uv/3",
    "value": 2.5,
    "file": "game:shapes/entity/humanoid/seraphskinparts/hair-extra/elaboratestickbun.json"
  },
  {
    "op": "add",
    "path": "/elements/0/children/1/children/2/faces/east/autoUv",
    "value": false,
    "file": "game:shapes/entity/humanoid/seraphskinparts/hair-extra/elaboratestickbun.json"
  },
  {
    "op": "add",
    "path": "/elements/0/children/1/children/2/faces/north/autoUv",
    "value": false,
    "file": "game:shapes/entity/humanoid/seraphskinparts/hair-extra/elaboratestickbun.json"
  },
  {
    "op": "add",
    "path": "/elements/0/children/1/children/2/faces/south/autoUv",
    "value": false,
    "file": "game:shapes/entity/humanoid/seraphskinparts/hair-extra/elaboratestickbun.json"
  },
  {
    "op": "add",
    "path": "/elements/0/children/1/children/2/faces/up/autoUv",
    "value": false,
    "file": "game:shapes/entity/humanoid/seraphskinparts/hair-extra/elaboratestickbun.json"
  },
  {
    "op": "add",
    "path": "/elements/0/children/1/children/2/faces/west/autoUv",
    "value": false,
    "file": "game:shapes/entity/humanoid/seraphskinparts/hair-extra/elaboratestickbun.json"
  },
  {
    "op": "remove",
    "path": "/elements/0/children/1/children/3/uv",
    "file": "game:shapes/entity/humanoid/seraphskinparts/hair-extra/elaboratestickbun.json"
  },
  {
    "op": "add",
    "path": "/elements/0/children/1/children/3/children",
    "value": [],
    "file": "game:shapes/entity/humanoid/seraphskinparts/hair-extra/elaboratestickbun.json"
  },
  {
    "op": "add",
    "path": "/elements/0/children/1/children/3/group",
    "value": "elaboratestickbun",
    "file": "game:shapes/entity/humanoid/seraphskinparts/hair-extra/elaboratestickbun.json"
  },
  {
    "op": "add",
    "path": "/elements/0/children/1/children/3/faces/down/autoUv",
    "value": false,
    "file": "game:shapes/entity/humanoid/seraphskinparts/hair-extra/elaboratestickbun.json"
  },
  {
    "op": "replace",
    "path": "/elements/0/children/1/children/3/faces/down/uv/0",
    "value": 1.0,
    "file": "game:shapes/entity/humanoid/seraphskinparts/hair-extra/elaboratestickbun.json"
  },
  {
    "op": "replace",
    "path": "/elements/0/children/1/children/3/faces/down/uv/1",
    "value": 6.0,
    "file": "game:shapes/entity/humanoid/seraphskinparts/hair-extra/elaboratestickbun.json"
  },
  {
    "op": "replace",
    "path": "/elements/0/children/1/children/3/faces/down/uv/2",
    "value": 0.5,
    "file": "game:shapes/entity/humanoid/seraphskinparts/hair-extra/elaboratestickbun.json"
  },
  {
    "op": "replace",
    "path": "/elements/0/children/1/children/3/faces/down/uv/3",
    "value": 0.0,
    "file": "game:shapes/entity/humanoid/seraphskinparts/hair-extra/elaboratestickbun.json"
  },
  {
    "op": "add",
    "path": "/elements/0/children/1/children/3/faces/east/autoUv",
    "value": false,
    "file": "game:shapes/entity/humanoid/seraphskinparts/hair-extra/elaboratestickbun.json"
  },
  {
    "op": "add",
    "path": "/elements/0/children/1/children/3/faces/north/autoUv",
    "value": false,
    "file": "game:shapes/entity/humanoid/seraphskinparts/hair-extra/elaboratestickbun.json"
  },
  {
    "op": "add",
    "path": "/elements/0/children/1/children/3/faces/south/autoUv",
    "value": false,
    "file": "game:shapes/entity/humanoid/seraphskinparts/hair-extra/elaboratestickbun.json"
  },
  {
    "op": "add",
    "path": "/elements/0/children/1/children/3/faces/up/autoUv",
    "value": false,
    "file": "game:shapes/entity/humanoid/seraphskinparts/hair-extra/elaboratestickbun.json"
  },
  {
    "op": "add",
    "path": "/elements/0/children/1/children/3/faces/west/autoUv",
    "value": false,
    "file": "game:shapes/entity/humanoid/seraphskinparts/hair-extra/elaboratestickbun.json"
  },
  {
    "op": "remove",
    "path": "/elements/0/children/1/children/4/autoUnwrap",
    "file": "game:shapes/entity/humanoid/seraphskinparts/hair-extra/elaboratestickbun.json"
  },
  {
    "op": "remove",
    "path": "/elements/0/children/1/children/4/uv",
    "file": "game:shapes/entity/humanoid/seraphskinparts/hair-extra/elaboratestickbun.json"
  },
  {
    "op": "add",
    "path": "/elements/0/children/1/children/4/children",
    "value": [],
    "file": "game:shapes/entity/humanoid/seraphskinparts/hair-extra/elaboratestickbun.json"
  },
  {
    "op": "add",
    "path": "/elements/0/children/1/children/4/group",
    "value": "elaboratestickbun",
    "file": "game:shapes/entity/humanoid/seraphskinparts/hair-extra/elaboratestickbun.json"
  },
  {
    "op": "add",
    "path": "/elements/0/children/1/children/4/faces/down/autoUv",
    "value": false,
    "file": "game:shapes/entity/humanoid/seraphskinparts/hair-extra/elaboratestickbun.json"
  },
  {
    "op": "replace",
    "path": "/elements/0/children/1/children/4/faces/down/uv/0",
    "value": 4.5,
    "file": "game:shapes/entity/humanoid/seraphskinparts/hair-extra/elaboratestickbun.json"
  },
  {
    "op": "replace",
    "path": "/elements/0/children/1/children/4/faces/down/uv/1",
    "value": 10.5,
    "file": "game:shapes/entity/humanoid/seraphskinparts/hair-extra/elaboratestickbun.json"
  },
  {
    "op": "replace",
    "path": "/elements/0/children/1/children/4/faces/down/uv/2",
    "value": 4.0,
    "file": "game:shapes/entity/humanoid/seraphskinparts/hair-extra/elaboratestickbun.json"
  },
  {
    "op": "replace",
    "path": "/elements/0/children/1/children/4/faces/down/uv/3",
    "value": 2.5,
    "file": "game:shapes/entity/humanoid/seraphskinparts/hair-extra/elaboratestickbun.json"
  },
  {
    "op": "add",
    "path": "/elements/0/children/1/children/4/faces/east/autoUv",
    "value": false,
    "file": "game:shapes/entity/humanoid/seraphskinparts/hair-extra/elaboratestickbun.json"
  },
  {
    "op": "add",
    "path": "/elements/0/children/1/children/4/faces/north/autoUv",
    "value": false,
    "file": "game:shapes/entity/humanoid/seraphskinparts/hair-extra/elaboratestickbun.json"
  },
  {
    "op": "add",
    "path": "/elements/0/children/1/children/4/faces/south/autoUv",
    "value": false,
    "file": "game:shapes/entity/humanoid/seraphskinparts/hair-extra/elaboratestickbun.json"
  },
  {
    "op": "add",
    "path": "/elements/0/children/1/children/4/faces/up/autoUv",
    "value": false,
    "file": "game:shapes/entity/humanoid/seraphskinparts/hair-extra/elaboratestickbun.json"
  },
  {
    "op": "add",
    "path": "/elements/0/children/1/children/4/faces/west/autoUv",
    "value": false,
    "file": "game:shapes/entity/humanoid/seraphskinparts/hair-extra/elaboratestickbun.json"
  },
  {
    "op": "add",
    "path": "/elements/0/children/1/faces/down/autoUv",
    "value": false,
    "file": "game:shapes/entity/humanoid/seraphskinparts/hair-extra/elaboratestickbun.json"
  },
  {
    "op": "replace",
    "path": "/elements/0/children/1/faces/down/uv/0",
    "value": 23.0,
    "file": "game:shapes/entity/humanoid/seraphskinparts/hair-extra/elaboratestickbun.json"
  },
  {
    "op": "replace",
    "path": "/elements/0/children/1/faces/down/uv/1",
    "value": 36.5,
    "file": "game:shapes/entity/humanoid/seraphskinparts/hair-extra/elaboratestickbun.json"
  },
  {
    "op": "replace",
    "path": "/elements/0/children/1/faces/down/uv/2",
    "value": 21.0,
    "file": "game:shapes/entity/humanoid/seraphskinparts/hair-extra/elaboratestickbun.json"
  },
  {
    "op": "replace",
    "path": "/elements/0/children/1/faces/down/uv/3",
    "value": 32.5,
    "file": "game:shapes/entity/humanoid/seraphskinparts/hair-extra/elaboratestickbun.json"
  },
  {
    "op": "add",
    "path": "/elements/0/children/1/faces/east/autoUv",
    "value": false,
    "file": "game:shapes/entity/humanoid/seraphskinparts/hair-extra/elaboratestickbun.json"
  },
  {
    "op": "add",
    "path": "/elements/0/children/1/faces/north/autoUv",
    "value": false,
    "file": "game:shapes/entity/humanoid/seraphskinparts/hair-extra/elaboratestickbun.json"
  },
  {
    "op": "add",
    "path": "/elements/0/children/1/faces/south/autoUv",
    "value": false,
    "file": "game:shapes/entity/humanoid/seraphskinparts/hair-extra/elaboratestickbun.json"
  },
  {
    "op": "add",
    "path": "/elements/0/children/1/faces/up/autoUv",
    "value": false,
    "file": "game:shapes/entity/humanoid/seraphskinparts/hair-extra/elaboratestickbun.json"
  },
  {
    "op": "add",
    "path": "/elements/0/children/1/faces/west/autoUv",
    "value": false,
    "file": "game:shapes/entity/humanoid/seraphskinparts/hair-extra/elaboratestickbun.json"
  },
  {
    "op": "replace",
    "path": "/elements/0/children/1/from/0",
    "value": 5.6,
    "file": "game:shapes/entity/humanoid/seraphskinparts/hair-extra/elaboratestickbun.json"
  },
  {
    "op": "replace",
    "path": "/elements/0/children/1/from/1",
    "value": -0.49,
    "file": "game:shapes/entity/humanoid/seraphskinparts/hair-extra/elaboratestickbun.json"
  },
  {
    "op": "replace",
    "path": "/elements/0/children/1/rotationOrigin/1",
    "value": 2.51,
    "file": "game:shapes/entity/humanoid/seraphskinparts/hair-extra/elaboratestickbun.json"
  },
  {
    "op": "replace",
    "path": "/elements/0/children/1/to/0",
    "value": 7.6,
    "file": "game:shapes/entity/humanoid/seraphskinparts/hair-extra/elaboratestickbun.json"
  },
  {
    "op": "replace",
    "path": "/elements/0/children/1/to/1",
    "value": 4.51,
    "file": "game:shapes/entity/humanoid/seraphskinparts/hair-extra/elaboratestickbun.json"
  },
  {
    "op": "replace",
    "path": "/elements/0/from/0",
    "value": -0.0,
    "file": "game:shapes/entity/humanoid/seraphskinparts/hair-extra/elaboratestickbun.json"
  },
  {
    "op": "replace",
    "path": "/elements/0/from/1",
    "value": -0.0,
    "file": "game:shapes/entity/humanoid/seraphskinparts/hair-extra/elaboratestickbun.json"
  },
  {
    "op": "replace",
    "path": "/elements/0/name",
    "value": "hideme",
    "file": "game:shapes/entity/humanoid/seraphskinparts/hair-extra/elaboratestickbun.json"
  },
  {
    "op": "replace",
    "path": "/textures/birch",
    "value": "birch",
    "file": "game:shapes/entity/humanoid/seraphskinparts/hair-extra/elaboratestickbun.json"
  },
  {
    "op": "replace",
    "path": "/textures/hair",
    "value": "silverchalice",
    "file": "game:shapes/entity/humanoid/seraphskinparts/hair-extra/elaboratestickbun.json"
  },
  {
    "op": "replace",
    "path": "/textureSizes/birch/0",
    "value": 48,
    "file": "game:shapes/entity/humanoid/seraphskinparts/hair-extra/elaboratestickbun.json"
  },
  {
    "op": "replace",
    "path": "/textureSizes/birch/1",
    "value": 48,
    "file": "game:shapes/entity/humanoid/seraphskinparts/hair-extra/elaboratestickbun.json"
  }
]