{
	"code": "spellanimateobject",
	"classByType": {
		"*": "EntitySpellAnimateObjectRM"
	},
	"tags": [ "summonedobject", "magicpet", "mechanical", "habitat-land" ],
	"habitat": "Land",
	"enabled": true,

	"variantgroups": [
		{
			"code": "type",
			"states": [
				"meleeweapon",
				"pickaxe",
				"axe",
				"hoe",
				"shovel"
			]
		},
		{
			"code": "tier",
			"states": [
				"tier1",
				"tier2"
			]
		},
		{
			"code": "state",
			"states": [ "normal", "unstable", "permanent", "admin" ]
		}
	],
	"skipVariants": [ "*-permanent", "*-admin" ],

	"canClimb": true,
	"canClimbAnywhere": false,
	"climbTouchDistance": 0.1,
	"rotateModelOnClimb": true,
	"fallDamageMultiplier": 0.0,
	//"fallDamage": false,

	"hitboxSizeByType": {
		"*": {
			"x": 0.5,
			"y": 1.5
		}
	},
	"deadHitboxSizeByType": {
		"*": {
			"x": 0.5,
			"y": 1.0
		}
	},

	"eyeHeight": 1.0,

	"knockbackResistanceByType": {
		"*": 0.75
	},

	"attributesByType": {
		"*": {
			"frostable": false,
			//"killedByInfoText": "rustboundmagic:deadcreature-elementaldamage",
			"glitchAffected": true,
			"glitchFlicker": true,
			"spawnDamageParticles": true,
			"isMechanical": true
			//"weaknessElement2RM": "frost",
			//"weaknessAmount2RM": 1.5,
			//"resistanceElement2RM": "none",
			//"resistanceAmount2RM": 0,
			//"strengthElement2RM": "none",
			//"strengthAmount2RM": 0
		}
	},

	"client": {
		"pitchStep": false,
		"sizeByType": {
			"*": 1.0
		},

		//"renderer": "Shape",
		"renderer": "ShapeEntityAnimatedObjectRM",
		"shapeByType": {
			//"*": { "base": "entities/spells/spell-{type}" },
			"*-tier1-*": { "base": "entities/spells/animateobject/spellanimateobject-tier1" },
			"*-tier2-*": { "base": "entities/spells/animateobject/spellanimateobject-tier2" }
		},
		"texturesByType": {
			"*-tier1-*": {
				"default": { "base": "default" },
				"material1": { "base": "default" }
			},
			"*-tier2-*": {
				"default": { "base": "default" },
				"material1": { "base": "default" }
			}
		},
		"behaviors": [
			{
				"code": "repulseagents",
				"movable": true
			},
			{
				"code": "controlledphysics",
				"stepHeight": 1.1251,
				"airDragFallingFactor": 100.5
			},
			{
				"code": "floatupwhenstuck",
				"onlyWhenDead": true
			},
			{
				"code": "interpolateposition"
			},
			{ "code": "commandable" },
			//{ "code": "ropetieable" },
			{
				"code": "EntityBehaviorPetInventoryRM"
			}
		],
		"animations": [
			{
				"code": "idle",
				"animation": "idle",
				"animationSpeed": 0.5,
				"blendMode": "Average",
				"triggeredBy": { "defaultAnim": true }
			},
			{
				"code": "idletwitch",
				"animation": "idletwitch",
				"animationSpeed": 0.5,
				"blendMode": "Average"
			},
			{
				"code": "attack",
				"animation": "attack",
				"animationSpeed": 1,
				"weight": 1,
				"blendMode": "Add" //,
				//"triggeredBy": { "defaultAnim": true }
			}
		]
	},
	"server": {
		"attributes": {
			"pathfinder": {
				"minTurnAnglePerSec": 900,
				"maxTurnAnglePerSec": 1800
			}
		},
		"weight": 0.2,
		"behaviors": [
			{
				"code": "repulseagents",
				"movable": true
			},
			{
				"code": "controlledphysics",
				"stepHeight": 1.1251,
				"airDragFallingFactor": 100.5
			},
			{
				"code": "health",
				"currenthealthByType": {
					"*-tier1-*": 15,
					"*-tier2-*": 30
				},
				"maxhealthByType": {
					"*-tier1-*": 15,
					"*-tier2-*": 30
				}
			},
			//{
			//	"code": "deaddecay",
			//	"hoursToDecay": 3
			//},
			{
				"code": "floatupwhenstuck",
				"onlyWhenDead": true
			},
			{ "code": "commandable" },
			//{ "code": "ropetieable" },
			{
				"code": "taskai",
				"aitasks": [
					{
						"code": "AiTaskAnimateObjectMeleeAttackTargetedEntityRM",
						"priority": 3,
						"entityCodes": [ "*" ],
						"damageByType": {
							"*": 1.5
						},
						"damageTierByType": {
							"*": 2
						},
						"mincooldown": 1000,
						"maxcooldown": 1500,
						"damageTypeByType": {
							"*": "PiercingAttack"
						},
						"damagePlayerAtMs": 500,
						"attackDurationMs": 800,
						"animation": "attack",
						"animationSpeed": 1.8,
						"soundByType": {
							"*": "game:creature/locust/saw"
						},
						"soundStartMs": 1000
					},
					//{
					//	"code": "jealousmeleeattack",
					//	"priority": 2.5,
					//	"entityCodes": [ "spellanimateobject-*" ],
					//	"damageByType": {
					//		"*": 1.5
					//	},
					//	"damageTierByType": {
					//		"*": 2
					//	},
					//	"mincooldown": 1000,
					//	"maxcooldown": 1500,
					//	"damageTypeByType": {
					//		"*": "PiercingAttack"
					//	},
					//	"damagePlayerAtMs": 500,
					//	"attackDurationMs": 800,
					//	"animation": "attack",
					//	"animationSpeed": 1.8,
					//	"soundByType": {
					//		"*": "game:creature/locust/saw"
					//	},
					//	"soundStartMs": 1000
					//},
					{
						"code": "stayclosetoguardedentity",
						"priority": 2,
						"entityCode": "spellanimateobject",
						"movespeed": 0.02,
						"maxDistance": 7,
						"searchRange": 999,
						"animation": "idle",
						"animationSpeed": 6.5,
						"allowTeleport": true//,
						//"teleportAfterRange": 2
					},
					{
						"code": "AiTaskAnimateObjectSeekTargetedEntityRM",
						"entityCodes": [ "*" ],
						"priority": 2.2,
						"mincooldown": 500,
						"maxcooldown": 1000,
						"movespeed": 0.040,
						"seekingRange": 15,
						"maxFollowTime": 15,
						"animationSpeed": 4.5,
						"leapAtTarget": false,
						"leapAnimation": "idle",
						"animation": "idle"
					},
					//{
					//	"code": "jealousseekentity",
					//	"entityCodes": [ "spellanimateobject-*" ],
					//	"priority": 1.4,
					//	"mincooldown": 500,
					//	"maxcooldown": 1000,
					//	"movespeed": 0.025,
					//	"seekingRange": 15,
					//	"maxFollowTime": 20,
					//	"animationSpeed": 7,
					//	"leapAtTarget": true,
					//	"leapAnimation": "jump",
					//	"animation": "rundrill"
					//},
					//{
					//	"code": "wander",
					//	"priority": 1.3,
					//	"priorityForCancel": 1.3,
					//	"movespeed": 0.016,
					//	"animationSpeed": 4,
					//	"animation": "run"
					//},
					//{
					//	"code": "idle",
					//	"priority": 1.2,
					//	"priorityForCancel": 1.35,
					//	"minduration": 10000,
					//	"maxduration": 30000,
					//	"mincooldown": 30000,
					//	"maxcooldown": 60000,
					//	"animation": "sleep",
					//	"animationSpeed": 1.75
					//},
					//{
					//	"code": "idle",
					//	"priority": 1.2,
					//	"priorityForCancel": 1.35,
					//	"minduration": 2500,
					//	"maxduration": 2500,
					//	"mincooldown": 6000,
					//	"maxcooldown": 20000,
					//	"animation": "lookleft",
					//	"animationSpeed": 1.25
					//},
					//{
					//	"code": "idle",
					//	"priority": 1.2,
					//	"priorityForCancel": 1.35,
					//	"minduration": 2500,
					//	"maxduration": 2500,
					//	"mincooldown": 6000,
					//	"maxcooldown": 20000,
					//	"animation": "lookright",
					//	"animationSpeed": 1.25
					//},
					//{
					//	"code": "idle",
					//	"priority": 1.2,
					//	"priorityForCancel": 1.35,
					//	"minduration": 2500,
					//	"maxduration": 2500,
					//	"mincooldown": 6000,
					//	"maxcooldown": 20000,
					//	"animation": "idletwitch",
					//	"animationSpeed": 0.25
					//},
					{
						"code": "idle",
						"priority": 1.2,
						"priorityForCancel": 1.25,
						"minduration": 2500,
						"maxduration": 2500,
						"mincooldown": 6000,
						"maxcooldown": 20000,
						"animation": "idle",
						"animationSpeed": 1.25
					},
					//{
					//	"code": "wander",
					//	"priority": 1.1,
					//	"priorityForCancel": 1.22,
					//	"movespeed": 0.006,
					//	"animationSpeed": 1.8,
					//	"animation": "run",
					//	"preferredLightLevel": 7
					//},
					{
						"code": "wander",
						"priority": 1.1,
						"priorityForCancel": 1.1,
						"movespeed": 0.001,
						"animationSpeed": 1.5,
						"animation": "walk",
						"preferredLightLevel": 7
					}
				]
			},
			{ "code": "entitystatetags" },
			{
				"code": "EntityBehaviorPetInventoryRM"
			}
		]
	},
	"sounds": {
		"hurt": "creature/locust/hurt",
		"death": "creature/locust/death",
		"idle": "creature/locust/idle"
	},
	"idleSoundChance": 0.05,
	"idleSoundRange": 8
}
