{
	"editor": {
		"backDropShape": "C:/Users/Cal/Desktop/Kobold Player Redux/seraph-faceless",
		"allAngles": false,
		"entityTextureMode": true
	},
	"textureWidth": 64,
	"textureHeight": 64,
	"textureSizes": {
		"koboldbodytex": [64,64]
	},
	"textures": {
		"koboldbodytex": "koboldrdx:textures/entity/humanoid/koboldbodytex"
	},
	"elements": [
		{
			"name": "HornL1",
			"stepParentName": "Head",
			"from": [ 4.0, 3.0, 2.8 ],
			"to": [ 8.0, 5.0, 4.8 ],
			"unwrapMode": 5,
			"autoUnwrap": false,
			"uv": [ 27.255, 0.375 ],
			"rotationOrigin": [ 4.0, 3.0, 0.0 ],
			"rotationZ": 45.0,
			"faces": {
				"north": { "texture": "#koboldbodytex", "uv": [ 38.5, 0.0, 42.5, 2.0 ], "rotation": 180 },
				"east": { "texture": "#koboldbodytex", "uv": [ 37.0, 1.0, 39.0, 3.0 ], "rotation": 90, "windMode": [-1,-1,-1,-1], "windData": [1,2,2,1] },
				"south": { "texture": "#koboldbodytex", "uv": [ 35.0, 1.0, 39.0, 3.0 ], "windMode": [-1,-1,-1,-1], "windData": [1,1,2,1] },
				"west": { "texture": "#koboldbodytex", "uv": [ 41.0, 1.0, 43.0, 3.0 ], "rotation": 270, "windMode": [-1,-1,-1,-1], "windData": [1,1,1,1] },
				"up": { "texture": "#koboldbodytex", "uv": [ 41.0, 2.5, 45.0, 4.5 ], "windMode": [-1,-1,-1,-1], "windData": [1,1,2,2] },
				"down": { "texture": "#koboldbodytex", "uv": [ 35.5, 2.5, 39.5, 4.5 ], "windMode": [-1,-1,-1,-1], "windData": [1,1,1,1] }
			},
			"children": [
				{
					"name": "HornL2",
					"from": [ 3.9, 0.25, 0.25 ],
					"to": [ 5.9, 1.75, 1.75 ],
					"uv": [ 38.0, 0.0 ],
					"rotationOrigin": [ 4.0, 1.0, 1.0 ],
					"rotationY": -10.0,
					"faces": {
						"north": { "texture": "#koboldbodytex", "uv": [ 38.0, 1.5, 40.0, 3.0 ] },
						"east": { "texture": "#koboldbodytex", "uv": [ 40.0, 1.5, 41.5, 3.0 ], "windMode": [-1,-1,-1,-1], "windData": [2,2,2,2] },
						"south": { "texture": "#koboldbodytex", "uv": [ 41.5, 1.5, 43.5, 3.0 ], "windMode": [-1,-1,-1,-1], "windData": [1,2,2,2] },
						"west": { "texture": "#koboldbodytex", "uv": [ 43.5, 1.5, 45.0, 3.0 ], "windMode": [-1,-1,-1,-1], "windData": [1,1,2,2] },
						"up": { "texture": "#koboldbodytex", "uv": [ 38.0, 0.0, 40.0, 1.5 ], "windMode": [-1,-1,-1,-1], "windData": [2,2,2,2] },
						"down": { "texture": "#koboldbodytex", "uv": [ 40.0, 0.0, 42.0, 1.5 ], "windMode": [-1,-1,-1,-1], "windData": [1,2,2,1] }
					},
					"children": [
						{
							"name": "HornL3",
							"from": [ 1.9, 0.25, 0.25 ],
							"to": [ 3.9, 1.25, 1.25 ],
							"uv": [ 39.5, 1.0 ],
							"rotationOrigin": [ 2.0, 0.5, 0.75 ],
							"rotationY": -10.0,
							"faces": {
								"north": { "texture": "#koboldbodytex", "uv": [ 39.5, 2.0, 41.5, 3.0 ] },
								"east": { "texture": "#koboldbodytex", "uv": [ 41.5, 2.0, 42.5, 3.0 ], "windMode": [-1,-1,-1,-1], "windData": [2,2,2,2] },
								"south": { "texture": "#koboldbodytex", "uv": [ 42.5, 2.0, 44.5, 3.0 ], "windMode": [-1,-1,-1,-1], "windData": [2,2,2,2] },
								"west": { "texture": "#koboldbodytex", "uv": [ 44.5, 2.0, 45.5, 3.0 ], "windMode": [-1,-1,-1,-1], "windData": [2,2,2,2] },
								"up": { "texture": "#koboldbodytex", "uv": [ 39.5, 1.0, 41.5, 2.0 ], "windMode": [-1,-1,-1,-1], "windData": [2,2,2,2] },
								"down": { "texture": "#koboldbodytex", "uv": [ 41.5, 1.0, 43.5, 2.0 ], "windMode": [-1,-1,-1,-1], "windData": [2,2,2,2] }
							}
						}
					]
				}
			]
		},
		{
			"name": "HornR1",
			"stepParentName": "Head",
			"from": [ 4.0, 3.0, 0.2 ],
			"to": [ 8.0, 5.0, 2.2 ],
			"autoUnwrap": false,
			"uv": [ 35.5, 0.5 ],
			"rotationOrigin": [ 4.0, 3.0, 0.0 ],
			"rotationZ": 46.0,
			"faces": {
				"north": { "texture": "#koboldbodytex", "uv": [ 35.5, 2.5, 39.5, 4.5 ] },
				"east": { "texture": "#koboldbodytex", "uv": [ 39.5, 2.5, 41.5, 4.5 ] },
				"south": { "texture": "#koboldbodytex", "uv": [ 41.5, 2.5, 45.5, 4.5 ] },
				"west": { "texture": "#koboldbodytex", "uv": [ 43.5, 0.0, 45.5, 2.0 ] },
				"up": { "texture": "#koboldbodytex", "uv": [ 35.5, 0.5, 39.5, 2.5 ] },
				"down": { "texture": "#koboldbodytex", "uv": [ 39.5, 0.5, 43.5, 2.5 ] }
			},
			"children": [
				{
					"name": "HornR2",
					"from": [ 3.9, 0.25, 0.25 ],
					"to": [ 5.9, 1.75, 1.75 ],
					"uv": [ 38.0, 1.0 ],
					"rotationOrigin": [ 4.0, 1.0, 1.0 ],
					"rotationY": 10.0,
					"faces": {
						"north": { "texture": "#koboldbodytex", "uv": [ 38.0, 2.5, 40.0, 4.0 ] },
						"east": { "texture": "#koboldbodytex", "uv": [ 40.0, 2.5, 41.5, 4.0 ] },
						"south": { "texture": "#koboldbodytex", "uv": [ 41.5, 2.5, 43.5, 4.0 ] },
						"west": { "texture": "#koboldbodytex", "uv": [ 43.5, 2.5, 45.0, 4.0 ] },
						"up": { "texture": "#koboldbodytex", "uv": [ 38.0, 1.0, 40.0, 2.5 ] },
						"down": { "texture": "#koboldbodytex", "uv": [ 40.0, 1.0, 42.0, 2.5 ] }
					},
					"children": [
						{
							"name": "HornR3",
							"from": [ 1.9, 0.25, 0.25 ],
							"to": [ 3.9, 1.25, 1.25 ],
							"uv": [ 39.5, 0.5 ],
							"rotationOrigin": [ 2.0, 0.5, 0.75 ],
							"rotationY": 10.0,
							"faces": {
								"north": { "texture": "#koboldbodytex", "uv": [ 39.5, 1.5, 41.5, 2.5 ] },
								"east": { "texture": "#koboldbodytex", "uv": [ 41.5, 1.5, 42.5, 2.5 ] },
								"south": { "texture": "#koboldbodytex", "uv": [ 42.5, 1.5, 44.5, 2.5 ] },
								"west": { "texture": "#koboldbodytex", "uv": [ 44.5, 1.5, 45.5, 2.5 ] },
								"up": { "texture": "#koboldbodytex", "uv": [ 39.5, 0.5, 41.5, 1.5 ] },
								"down": { "texture": "#koboldbodytex", "uv": [ 41.5, 0.5, 43.5, 1.5 ] }
							}
						}
					]
				}
			]
		}
	]}