{
	"code": "largenest",
	"class": "BlockAnimalNestLarge",
	"entityClass": "AnimalNestLarge",
	"attributes": {
		"placeSound": "game:sounds/block/loosestick",	
		"nestType": "ground-large",
		"inventoryClassName": "henbox",
		"quantitySlots": 5,
		"displayTransforms": [
			{ "translation": { "x": -0.15, "y": -0.01, "z": -0.07344 }, "rotation": { "x": 3, "y": 47, "z": 0 } },
			{ "translation": { "x": 0.01857, "y": -0.09, "z": 0.073675 }, "rotation": { "x": 4, "y": 104, "z": -5 } },
			{ "translation": { "x": 0.22, "y": 0.05, "z": 0 }, "rotation": { "x": 3, "y": 47, "z": 6 } },
			{ "translation": { "x": 0.0899, "y": 0.09, "z": -0.03245 }, "rotation": { "x": -5, "y": -14, "z": -2 } },
			{ "translation": { "x": 0.1, "y": 0.02, "z": -0.12 }, "rotation": { "x": -5, "y": -35, "z": -4 } }
		],
		"handbook": {
			"extraSections": [
				{ "title": "handbooktitle-largenest", "text": "handbooktext-henbox" }
			]
		}
	},
	"creativeinventory": { "general": ["*"] },
	"shape": {
		"base": "block/wood/largenest/largenest-empty"
	},
	"resistance": 1,
	"sideopaque": {
		"all": false
	},
	"sidesolid": {
		"all": false
	},
	"blockmaterial": "Wood",
	"randomizeRotations": true,
	"sideao": { "all": false },
	"lightAbsorption": 0,
	"collisionbox": {"x1": 0.25, "y1": 0, "z1": 0.25, "x2": 0.75, "y2": 0.08, "z2": 0.75},
	"selectionbox": {
		"x1": 0.2, "y1": 0, "z1": 0.2,
		"x2": 0.8, "y2": 0.21, "z2": 0.8
	},
	"tphandTransform": {
		"origin": { "x": 0.5, "y": 0.5, "z": 0 },
		"translation": { "x": -1.2, "y": -0.5, "z": 0.5 },
		"rotation": { "x": 0, "y": 0, "z": 0 },
		"scale": 0.5
	},
	"guiTransform": {
		"origin": { "x": 0.5, "y": 0.15, "z": 0.5 },
		"scale": 1.8
	}
	
}