{
	"editor": {
		"allAngles": false,
		"entityTextureMode": false
	},
	"textureWidth": 16,
	"textureHeight": 16,
	"textureSizes": {
	},
	"textures": {
		"fluidio-side": "block/multiblocks/fluidio-side",
		"fluidio-topbot": "block/multiblocks/fluidio-topbot"
	},
	"elements": [
		{
			"name": "Cube2",
			"from": [ 0.0, 0.0, 0.0 ],
			"to": [ 16.0, 16.0, 16.0 ],
			"faces": {
				"north": { "texture": "#fluidio-side", "uv": [ 0.0, 0.0, 16.0, 16.0 ] },
				"east": { "texture": "#fluidio-side", "uv": [ 0.0, 0.0, 16.0, 16.0 ] },
				"south": { "texture": "#fluidio-side", "uv": [ 0.0, 0.0, 16.0, 16.0 ] },
				"west": { "texture": "#fluidio-side", "uv": [ 0.0, 0.0, 16.0, 16.0 ] },
				"up": { "texture": "#fluidio-topbot", "uv": [ 0.0, 0.0, 16.0, 16.0 ] },
				"down": { "texture": "#fluidio-topbot", "uv": [ 0.0, 0.0, 16.0, 16.0 ] }
			}
		}
	]}