[
  {
    "dependsOn": [ { "modid": "realsmoke" } ],
    "file": "ndlwoodentorchholder:blocktypes/wallfilled.json",
    "op": "addmerge",
    "path": "/entityBehaviors",
    "value": []
  },
  {
    "dependsOn": [ { "modid": "realsmoke" } ],
    "file": "ndlwoodentorchholder:blocktypes/wallfilled.json",
    "op": "addmerge",
    "path": "/entityBehaviors/-",
    "value": {
      "name": "BlockEntityBehaviorRealSmokeEmitter",
      "properties": {
        "smokeProduction": 2,
        "temperature": 600,
        "ventAbove": 1,
        "canVentSideways": true
      }
    }
  }
]
