[
  {
    "op": "replace",
    "path": "/animations/70/keyframes",
    "value": [
      {
					"frame": 0,
					"elements": {
						"LowerTorso": { "offsetX": -13.0, "offsetY": -1.0, "offsetZ": 0.0, "rotationX": 0.0, "rotationY": 0.0, "rotationZ": 80.0 },
						"UpperTorso": { "rotationX": 0.0, "rotationY": 0.0, "rotationZ": -22.0 },
						"UpperArmR": { "rotationX": -22.0, "rotationY": -17.0, "rotationZ": -114.0 },
						"LowerArmR": { "rotationX": 19.0, "rotationY": 0.0, "rotationZ": -136.0 },
						"UpperArmL": { "rotationX": 22.0, "rotationY": 17.0, "rotationZ": -114.0 },
						"LowerArmL": { "rotationX": -19.0, "rotationY": 0.0, "rotationZ": -136.0 },
						"Neck": { "offsetX": -0.5, "offsetY": 0.0, "offsetZ": 0.0, "rotationX": 0.0, "rotationY": 0.0, "rotationZ": -19.0 },
						"Head": { "rotationX": 0.0, "rotationY": 0.0, "rotationZ": -33.0 },
						"UpperFootL": { "rotationX": 0.0, "rotationY": 0.0, "rotationZ": 6.0 },
						"LowerFootL": { "rotationX": 0.0, "rotationY": 0.0, "rotationZ": 111.0 },
						"UpperFootR": { "rotationX": 0.0, "rotationY": 0.0, "rotationZ": 6.0 },
						"LowerFootR": { "rotationX": 0.0, "rotationY": 0.0, "rotationZ": 58.0 }
					}
				},
				{
					"frame": 19,
					"elements": {
						"LowerTorso": { "offsetX": -13.0, "offsetY": -1.0, "offsetZ": 0.0, "rotationX": 0.0, "rotationY": 0.0, "rotationZ": 80.0 },
						"UpperTorso": { "rotationX": 0.0, "rotationY": 0.0, "rotationZ": -22.0 },
						"UpperArmR": { "rotationX": -22.0, "rotationY": -17.0, "rotationZ": -114.0 },
						"LowerArmR": { "rotationX": 19.0, "rotationY": 0.0, "rotationZ": -136.0 },
						"UpperArmL": { "rotationX": 22.0, "rotationY": 17.0, "rotationZ": -114.0 },
						"LowerArmL": { "rotationX": -19.0, "rotationY": 0.0, "rotationZ": -136.0 },
						"Neck": { "offsetX": -0.5, "offsetY": 0.0, "offsetZ": 0.0, "rotationX": 0.0, "rotationY": 0.0, "rotationZ": -19.0 },
						"Head": { "rotationX": 0.0, "rotationY": 0.0, "rotationZ": -33.0 },
						"UpperFootL": { "rotationX": 0.0, "rotationY": 0.0, "rotationZ": 6.0 },
						"LowerFootL": { "rotationX": 0.0, "rotationY": 0.0, "rotationZ": 58.0 },
						"UpperFootR": { "rotationX": 0.0, "rotationY": 0.0, "rotationZ": 6.0 },
						"LowerFootR": { "rotationX": 0.0, "rotationY": 0.0, "rotationZ": 111.0 }
					}
				}
    ],
    "file": "fseraph:shapes/entity/humanoid/seraph-faceless.json",
    "dependsOn": [
			{"modid": "playermodellib"},  
			{"modid": "fseraph"}
    ]
  },
  {
    "op": "replace",
    "path": "/animations/70/quantityframes",
    "value": 40,
    "file": "fseraph:shapes/entity/humanoid/seraph-faceless.json",
    "dependsOn": [
			{"modid": "playermodellib"},  
			{"modid": "fseraph"}
    ]
  },
  {
    "op": "replace",
    "path": "/animations/70/keyframes",
    "value": [
      {
					"frame": 0,
					"elements": {
						"LowerTorso": { "offsetX": -13.0, "offsetY": -1.0, "offsetZ": 0.0, "rotationX": 0.0, "rotationY": 0.0, "rotationZ": 80.0 },
						"UpperTorso": { "rotationX": 0.0, "rotationY": 0.0, "rotationZ": -22.0 },
						"UpperArmR": { "rotationX": -22.0, "rotationY": -17.0, "rotationZ": -114.0 },
						"LowerArmR": { "rotationX": 19.0, "rotationY": 0.0, "rotationZ": -136.0 },
						"UpperArmL": { "rotationX": 22.0, "rotationY": 17.0, "rotationZ": -114.0 },
						"LowerArmL": { "rotationX": -19.0, "rotationY": 0.0, "rotationZ": -136.0 },
						"Neck": { "offsetX": -0.5, "offsetY": 0.0, "offsetZ": 0.0, "rotationX": 0.0, "rotationY": 0.0, "rotationZ": -19.0 },
						"Head": { "rotationX": 0.0, "rotationY": 0.0, "rotationZ": -33.0 },
						"UpperFootL": { "rotationX": 0.0, "rotationY": 0.0, "rotationZ": 6.0 },
						"LowerFootL": { "rotationX": 0.0, "rotationY": 0.0, "rotationZ": 111.0 },
						"UpperFootR": { "rotationX": 0.0, "rotationY": 0.0, "rotationZ": 6.0 },
						"LowerFootR": { "rotationX": 0.0, "rotationY": 0.0, "rotationZ": 58.0 }
					}
				},
				{
					"frame": 19,
					"elements": {
						"LowerTorso": { "offsetX": -13.0, "offsetY": -1.0, "offsetZ": 0.0, "rotationX": 0.0, "rotationY": 0.0, "rotationZ": 80.0 },
						"UpperTorso": { "rotationX": 0.0, "rotationY": 0.0, "rotationZ": -22.0 },
						"UpperArmR": { "rotationX": -22.0, "rotationY": -17.0, "rotationZ": -114.0 },
						"LowerArmR": { "rotationX": 19.0, "rotationY": 0.0, "rotationZ": -136.0 },
						"UpperArmL": { "rotationX": 22.0, "rotationY": 17.0, "rotationZ": -114.0 },
						"LowerArmL": { "rotationX": -19.0, "rotationY": 0.0, "rotationZ": -136.0 },
						"Neck": { "offsetX": -0.5, "offsetY": 0.0, "offsetZ": 0.0, "rotationX": 0.0, "rotationY": 0.0, "rotationZ": -19.0 },
						"Head": { "rotationX": 0.0, "rotationY": 0.0, "rotationZ": -33.0 },
						"UpperFootL": { "rotationX": 0.0, "rotationY": 0.0, "rotationZ": 6.0 },
						"LowerFootL": { "rotationX": 0.0, "rotationY": 0.0, "rotationZ": 58.0 },
						"UpperFootR": { "rotationX": 0.0, "rotationY": 0.0, "rotationZ": 6.0 },
						"LowerFootR": { "rotationX": 0.0, "rotationY": 0.0, "rotationZ": 111.0 }
					}
				}
    ],
    "file": "fseraph:shapes/entity/humanoid/seraph-faceless-l.json",
    "dependsOn": [
			{"modid": "playermodellib"},  
			{"modid": "fseraph"}
    ]
  },
  {
    "op": "replace",
    "path": "/animations/70/quantityframes",
    "value": 40,
    "file": "fseraph:shapes/entity/humanoid/seraph-faceless-l.json",
    "dependsOn": [
			{"modid": "playermodellib"},  
			{"modid": "fseraph"}
    ]
  },
  {
    "op": "replace",
    "path": "/animations/70/keyframes",
    "value": [
      {
					"frame": 0,
					"elements": {
						"LowerTorso": { "offsetX": -13.0, "offsetY": -1.0, "offsetZ": 0.0, "rotationX": 0.0, "rotationY": 0.0, "rotationZ": 80.0 },
						"UpperTorso": { "rotationX": 0.0, "rotationY": 0.0, "rotationZ": -22.0 },
						"UpperArmR": { "rotationX": -22.0, "rotationY": -17.0, "rotationZ": -114.0 },
						"LowerArmR": { "rotationX": 19.0, "rotationY": 0.0, "rotationZ": -136.0 },
						"UpperArmL": { "rotationX": 22.0, "rotationY": 17.0, "rotationZ": -114.0 },
						"LowerArmL": { "rotationX": -19.0, "rotationY": 0.0, "rotationZ": -136.0 },
						"Neck": { "offsetX": -0.5, "offsetY": 0.0, "offsetZ": 0.0, "rotationX": 0.0, "rotationY": 0.0, "rotationZ": -19.0 },
						"Head": { "rotationX": 0.0, "rotationY": 0.0, "rotationZ": -33.0 },
						"UpperFootL": { "rotationX": 0.0, "rotationY": 0.0, "rotationZ": 6.0 },
						"LowerFootL": { "rotationX": 0.0, "rotationY": 0.0, "rotationZ": 111.0 },
						"UpperFootR": { "rotationX": 0.0, "rotationY": 0.0, "rotationZ": 6.0 },
						"LowerFootR": { "rotationX": 0.0, "rotationY": 0.0, "rotationZ": 58.0 }
					}
				},
				{
					"frame": 19,
					"elements": {
						"LowerTorso": { "offsetX": -13.0, "offsetY": -1.0, "offsetZ": 0.0, "rotationX": 0.0, "rotationY": 0.0, "rotationZ": 80.0 },
						"UpperTorso": { "rotationX": 0.0, "rotationY": 0.0, "rotationZ": -22.0 },
						"UpperArmR": { "rotationX": -22.0, "rotationY": -17.0, "rotationZ": -114.0 },
						"LowerArmR": { "rotationX": 19.0, "rotationY": 0.0, "rotationZ": -136.0 },
						"UpperArmL": { "rotationX": 22.0, "rotationY": 17.0, "rotationZ": -114.0 },
						"LowerArmL": { "rotationX": -19.0, "rotationY": 0.0, "rotationZ": -136.0 },
						"Neck": { "offsetX": -0.5, "offsetY": 0.0, "offsetZ": 0.0, "rotationX": 0.0, "rotationY": 0.0, "rotationZ": -19.0 },
						"Head": { "rotationX": 0.0, "rotationY": 0.0, "rotationZ": -33.0 },
						"UpperFootL": { "rotationX": 0.0, "rotationY": 0.0, "rotationZ": 6.0 },
						"LowerFootL": { "rotationX": 0.0, "rotationY": 0.0, "rotationZ": 58.0 },
						"UpperFootR": { "rotationX": 0.0, "rotationY": 0.0, "rotationZ": 6.0 },
						"LowerFootR": { "rotationX": 0.0, "rotationY": 0.0, "rotationZ": 111.0 }
					}
				}
    ],
    "file": "fseraph:shapes/entity/humanoid/seraph-faceless-s.json",
    "dependsOn": [
			{"modid": "playermodellib"},  
			{"modid": "fseraph"}
    ]
  },
  {
    "op": "replace",
    "path": "/animations/70/quantityframes",
    "value": 40,
    "file": "fseraph:shapes/entity/humanoid/seraph-faceless-s.json",
    "dependsOn": [
			{"modid": "playermodellib"},  
			{"modid": "fseraph"}
    ]
  }
]