{
	"editor": {
		"collapsedPaths": "Root/Origin",
		"allAngles": false,
		"entityTextureMode": false
	},
	"textureWidth": 16,
	"textureHeight": 16,
	"textureSizes": {
	},

	"elements": [
		{
			"name": "Cube2",
			"from": [ 5.0, 6.0, 5.0 ],
			"to": [ 6.5, 7.5, 11.0 ],
			"rotationOrigin": [ 5.0, 6.0, 5.0 ],
			"faces": {
				"north": { "texture": "#plank", "uv": [ 0.0, 0.0, 1.5, 1.5 ] },
				"east": { "texture": "#plank", "uv": [ 0.0, 0.0, 6.0, 1.5 ] },
				"south": { "texture": "#plank", "uv": [ 0.0, 0.0, 1.5, 1.5 ] },
				"west": { "texture": "#plank", "uv": [ 0.0, 0.0, 6.0, 1.5 ] },
				"up": { "texture": "#plank", "uv": [ 0.0, 0.0, 1.5, 6.0 ] },
				"down": { "texture": "#plank", "uv": [ 0.0, 0.0, 1.5, 6.0 ] }
			}
		},
		{
			"name": "Cube3",
			"from": [ 9.5, 6.0, 5.0 ],
			"to": [ 11.0, 7.5, 11.0 ],
			"rotationOrigin": [ 10.0, 6.0, 5.0 ],
			"faces": {
				"north": { "texture": "#plank", "uv": [ 0.0, 0.0, 1.5, 1.5 ] },
				"east": { "texture": "#plank", "uv": [ 0.0, 0.0, 6.0, 1.5 ] },
				"south": { "texture": "#plank", "uv": [ 0.0, 0.0, 1.5, 1.5 ] },
				"west": { "texture": "#plank", "uv": [ 0.0, 0.0, 6.0, 1.5 ] },
				"up": { "texture": "#plank", "uv": [ 0.5, 0.0, 2.0, 6.0 ] },
				"down": { "texture": "#plank", "uv": [ 0.0, 0.0, 1.5, 6.0 ] }
			}
		},
		{
			"name": "Cube4",
			"from": [ 6.5, 6.0, 5.0 ],
			"to": [ 9.5, 7.5, 6.5 ],
			"rotationOrigin": [ 6.0, 6.0, 5.0 ],
			"faces": {
				"north": { "texture": "#plank", "uv": [ 0.0, 0.0, 3.0, 1.5 ] },
				"east": { "texture": "#plank", "uv": [ 0.0, 0.0, 1.5, 1.5 ] },
				"south": { "texture": "#plank", "uv": [ 0.0, 0.0, 3.0, 1.5 ] },
				"west": { "texture": "#plank", "uv": [ 0.0, 0.0, 1.5, 1.5 ] },
				"up": { "texture": "#plank", "uv": [ 0.0, 0.0, 3.0, 1.5 ] },
				"down": { "texture": "#plank", "uv": [ 0.0, 0.0, 3.0, 1.5 ] }
			}
		},
		{
			"name": "Cube5",
			"from": [ 6.5, 6.0, 9.5 ],
			"to": [ 9.5, 7.5, 11.0 ],
			"rotationOrigin": [ 6.0, 6.0, 10.0 ],
			"faces": {
				"north": { "texture": "#plank", "uv": [ 0.0, 0.0, 3.0, 1.5 ] },
				"east": { "texture": "#plank", "uv": [ 0.0, 0.0, 1.5, 1.5 ] },
				"south": { "texture": "#plank", "uv": [ 0.0, 0.0, 3.0, 1.5 ] },
				"west": { "texture": "#plank", "uv": [ 0.0, 0.0, 1.5, 1.5 ] },
				"up": { "texture": "#plank", "uv": [ 0.0, 0.0, 3.0, 1.5 ] },
				"down": { "texture": "#plank", "uv": [ 0.0, 0.0, 3.0, 1.5 ] }
			}
		},
		{
			"name": "Cube6",
			"from": [ 5.25, 0.0, 5.25 ],
			"to": [ 6.25, 6.0, 6.25 ],
			"rotationOrigin": [ 5.0, 0.0, 6.0 ],
			"faces": {
				"north": { "texture": "#plank", "uv": [ 0.0, 0.0, 1.0, 6.0 ] },
				"east": { "texture": "#plank", "uv": [ 0.0, 0.0, 1.0, 6.0 ] },
				"south": { "texture": "#plank", "uv": [ 0.0, 0.0, 1.0, 6.0 ] },
				"west": { "texture": "#plank", "uv": [ 0.0, 0.0, 1.0, 6.0 ] },
				"up": { "texture": "#plank", "uv": [ 0.0, 0.0, 1.0, 1.0 ] },
				"down": { "texture": "#plank", "uv": [ 0.0, 0.0, 1.0, 1.0 ] }
			}
		},
		{
			"name": "Cube7",
			"from": [ 9.75, 0.0, 5.25 ],
			"to": [ 10.75, 6.0, 6.25 ],
			"rotationOrigin": [ 9.0, 0.0, 6.0 ],
			"faces": {
				"north": { "texture": "#plank", "uv": [ 0.0, 0.0, 1.0, 6.0 ] },
				"east": { "texture": "#plank", "uv": [ 0.0, 0.0, 1.0, 6.0 ] },
				"south": { "texture": "#plank", "uv": [ 0.5, 0.5, 1.5, 6.5 ] },
				"west": { "texture": "#plank", "uv": [ 0.0, 0.0, 1.0, 6.0 ] },
				"up": { "texture": "#plank", "uv": [ 0.0, 0.0, 1.0, 1.0 ] },
				"down": { "texture": "#plank", "uv": [ 0.0, 0.0, 1.0, 1.0 ] }
			}
		},
		{
			"name": "Cube8",
			"from": [ 9.75, 0.0, 9.75 ],
			"to": [ 10.75, 6.0, 10.75 ],
			"rotationOrigin": [ 9.0, 0.0, 11.0 ],
			"faces": {
				"north": { "texture": "#plank", "uv": [ 0.0, 0.0, 1.0, 6.0 ] },
				"east": { "texture": "#plank", "uv": [ 0.0, 0.0, 1.0, 6.0 ] },
				"south": { "texture": "#plank", "uv": [ 0.0, 0.0, 1.0, 6.0 ] },
				"west": { "texture": "#plank", "uv": [ 0.0, 0.0, 1.0, 6.0 ] },
				"up": { "texture": "#plank", "uv": [ 0.0, 0.0, 1.0, 1.0 ] },
				"down": { "texture": "#plank", "uv": [ 0.0, 0.0, 1.0, 1.0 ] }
			}
		},
		{
			"name": "Cube10",
			"from": [ 5.25, 0.0, 9.75 ],
			"to": [ 6.25, 6.0, 10.75 ],
			"rotationOrigin": [ 4.0, 0.0, 11.0 ],
			"faces": {
				"north": { "texture": "#plank", "uv": [ 0.0, 0.0, 1.0, 6.0 ] },
				"east": { "texture": "#plank", "uv": [ 0.0, 0.0, 1.0, 6.0 ] },
				"south": { "texture": "#plank", "uv": [ 0.0, 0.0, 1.0, 6.0 ] },
				"west": { "texture": "#plank", "uv": [ 0.0, 0.0, 1.0, 6.0 ] },
				"up": { "texture": "#plank", "uv": [ 0.0, 0.0, 1.0, 1.0 ] },
				"down": { "texture": "#plank", "uv": [ 0.0, 0.0, 1.0, 1.0 ] }
			}
		}
	]}