{
	"editor": {
		"collapsedPaths": "Root/top/Cube2,Root/top/holder,Root/Origin",
		"allAngles": false,
		"entityTextureMode": false
	},
	"textureWidth": 16,
	"textureHeight": 16,
	"textureSizes": {
	},
	"textures": {
		"ropeold": "ropeold"
	},
	"elements": [
		{
			"name": "top",
			"from": [ 2.5, 15.0, 2.5 ],
			"to": [ 3.5, 16.0, 3.5 ],
			"rotationOrigin": [ 3.0, 15.0, -5.0 ],
			"faces": {
				"north": { "texture": "#plank", "uv": [ 0.0, 0.0, 1.0, 1.0 ] },
				"east": { "texture": "#plank", "uv": [ 0.0, 0.0, 1.0, 1.0 ] },
				"south": { "texture": "#plank", "uv": [ 0.0, 0.0, 1.0, 1.0 ] },
				"west": { "texture": "#plank", "uv": [ 0.0, 0.0, 1.0, 1.0 ] },
				"up": { "texture": "#plank", "uv": [ 0.0, 0.0, 1.0, 1.0 ] },
				"down": { "texture": "#plank", "uv": [ 0.0, 0.0, 1.0, 1.0 ] }
			}
		},
		{
			"name": "holder",
			"from": [ 5.0, 6.0, 5.0 ],
			"to": [ 6.5, 7.5, 11.0 ],
			"rotationOrigin": [ 5.0, 6.0, 5.0 ],
			"faces": {
				"north": { "texture": "#plank", "uv": [ 0.0, 0.0, 1.5, 1.5 ] },
				"east": { "texture": "#plank", "uv": [ 0.0, 0.0, 6.0, 1.5 ] },
				"south": { "texture": "#plank", "uv": [ 0.0, 0.0, 1.5, 1.5 ] },
				"west": { "texture": "#plank", "uv": [ 0.0, 0.0, 6.0, 1.5 ] },
				"up": { "texture": "#plank", "uv": [ 0.0, 0.0, 1.5, 6.0 ] },
				"down": { "texture": "#plank", "uv": [ 0.0, 0.0, 1.5, 6.0 ] }
			},
			"children": [
				{
					"name": "Cube3",
					"from": [ 4.5, 0.0, 0.0 ],
					"to": [ 6.0, 1.5, 6.0 ],
					"rotationOrigin": [ 5.0, 0.0, 0.0 ],
					"faces": {
						"north": { "texture": "#plank", "uv": [ 0.0, 0.0, 1.5, 1.5 ] },
						"east": { "texture": "#plank", "uv": [ 0.0, 0.0, 6.0, 1.5 ] },
						"south": { "texture": "#plank", "uv": [ 0.0, 0.0, 1.5, 1.5 ] },
						"west": { "texture": "#plank", "uv": [ 0.0, 0.0, 6.0, 1.5 ] },
						"up": { "texture": "#plank", "uv": [ 0.5, 0.0, 2.0, 6.0 ] },
						"down": { "texture": "#plank", "uv": [ 0.0, 0.0, 1.5, 6.0 ] }
					}
				},
				{
					"name": "Cube4",
					"from": [ 1.5, 0.0, 0.0 ],
					"to": [ 4.5, 1.5, 1.5 ],
					"rotationOrigin": [ 1.0, 0.0, 0.0 ],
					"faces": {
						"north": { "texture": "#plank", "uv": [ 0.0, 0.0, 3.0, 1.5 ] },
						"east": { "texture": "#plank", "uv": [ 0.0, 0.0, 1.5, 1.5 ] },
						"south": { "texture": "#plank", "uv": [ 0.0, 0.0, 3.0, 1.5 ] },
						"west": { "texture": "#plank", "uv": [ 0.0, 0.0, 1.5, 1.5 ] },
						"up": { "texture": "#plank", "uv": [ 0.0, 0.0, 3.0, 1.5 ] },
						"down": { "texture": "#plank", "uv": [ 0.0, 0.0, 3.0, 1.5 ] }
					}
				},
				{
					"name": "Cube5",
					"from": [ 1.5, 0.0, 4.5 ],
					"to": [ 4.5, 1.5, 6.0 ],
					"rotationOrigin": [ 1.0, 0.0, 5.0 ],
					"faces": {
						"north": { "texture": "#plank", "uv": [ 0.0, 0.0, 3.0, 1.5 ] },
						"east": { "texture": "#plank", "uv": [ 0.0, 0.0, 1.5, 1.5 ] },
						"south": { "texture": "#plank", "uv": [ 0.0, 0.0, 3.0, 1.5 ] },
						"west": { "texture": "#plank", "uv": [ 0.0, 0.0, 1.5, 1.5 ] },
						"up": { "texture": "#plank", "uv": [ 0.0, 0.0, 3.0, 1.5 ] },
						"down": { "texture": "#plank", "uv": [ 0.0, 0.0, 3.0, 1.5 ] }
					}
				}
			]
		},
		{
			"name": "rope1",
			"from": [ 2.5, 15.0, 13.0 ],
			"to": [ 11.5, 15.5, 13.5 ],
			"rotationOrigin": [ 2.5, 15.0, 12.5 ],
			"rotationX": 0.0,
			"rotationY": 45.0,
			"rotationZ": -67.5,
			"faces": {
				"north": { "texture": "#ropeold", "uv": [ 1.5, 5.5, 10.5, 6.0 ] },
				"east": { "texture": "#ropeold", "uv": [ 0.0, 0.0, 0.5, 0.5 ] },
				"south": { "texture": "#ropeold", "uv": [ 2.5, 5.5, 11.5, 6.0 ] },
				"west": { "texture": "#ropeold", "uv": [ 0.0, 0.0, 0.5, 0.5 ] },
				"up": { "texture": "#ropeold", "uv": [ 5.5, 6.0, 14.5, 6.5 ] },
				"down": { "texture": "#ropeold", "uv": [ 3.5, 5.5, 12.5, 6.0 ] }
			}
		},
		{
			"name": "rope2",
			"from": [ 2.5, 15.75, 2.25 ],
			"to": [ 11.5, 16.25, 2.75 ],
			"rotationOrigin": [ 2.5, 15.0, 2.5 ],
			"rotationX": 0.0,
			"rotationY": -45.0,
			"rotationZ": -67.5,
			"faces": {
				"north": { "texture": "#ropeold", "uv": [ 0.0, 0.0, 9.0, 0.5 ] },
				"east": { "texture": "#ropeold", "uv": [ 0.0, 0.0, 0.5, 0.5 ] },
				"south": { "texture": "#ropeold", "uv": [ 0.0, 0.0, 9.0, 0.5 ] },
				"west": { "texture": "#ropeold", "uv": [ 0.0, 0.0, 0.5, 0.5 ] },
				"up": { "texture": "#ropeold", "uv": [ 0.0, 0.0, 9.0, 0.5 ] },
				"down": { "texture": "#ropeold", "uv": [ 0.0, 0.0, 9.0, 0.5 ] }
			}
		},
		{
			"name": "rope3",
			"from": [ 12.0, 14.5, 12.25 ],
			"to": [ 21.0, 15.0, 12.75 ],
			"rotationOrigin": [ 12.5, 15.0, 12.5 ],
			"rotationX": -180.0,
			"rotationY": 45.0,
			"rotationZ": 112.5,
			"faces": {
				"north": { "texture": "#ropeold", "uv": [ 0.0, 0.0, 9.0, 0.5 ] },
				"east": { "texture": "#ropeold", "uv": [ 0.0, 0.0, 0.5, 0.5 ] },
				"south": { "texture": "#ropeold", "uv": [ 0.0, 0.0, 9.0, 0.5 ] },
				"west": { "texture": "#ropeold", "uv": [ 0.0, 0.0, 0.5, 0.5 ] },
				"up": { "texture": "#ropeold", "uv": [ 0.0, 0.0, 9.0, 0.5 ] },
				"down": { "texture": "#ropeold", "uv": [ 0.0, 0.0, 9.0, 0.5 ] }
			}
		},
		{
			"name": "rope4",
			"from": [ 13.5, 15.0, 4.0 ],
			"to": [ 22.5, 15.5, 4.5 ],
			"rotationOrigin": [ 13.5, 15.0, 3.5 ],
			"rotationX": 180.0,
			"rotationY": -45.0,
			"rotationZ": 112.5,
			"faces": {
				"north": { "texture": "#ropeold", "uv": [ 0.0, 0.0, 9.0, 0.5 ] },
				"east": { "texture": "#ropeold", "uv": [ 0.0, 0.0, 0.5, 0.5 ] },
				"south": { "texture": "#ropeold", "uv": [ 0.0, 0.0, 9.0, 0.5 ] },
				"west": { "texture": "#ropeold", "uv": [ 0.0, 0.0, 0.5, 0.5 ] },
				"up": { "texture": "#ropeold", "uv": [ 0.0, 0.0, 9.0, 0.5 ] },
				"down": { "texture": "#ropeold", "uv": [ 0.0, 0.0, 9.0, 0.5 ] }
			}
		},
		{
			"name": "top2",
			"from": [ 2.5, 15.0, 12.5 ],
			"to": [ 3.5, 16.0, 13.5 ],
			"rotationOrigin": [ 3.0, 15.0, 5.0 ],
			"faces": {
				"north": { "texture": "#plank", "uv": [ 0.0, 0.0, 1.0, 1.0 ] },
				"east": { "texture": "#plank", "uv": [ 0.0, 0.0, 1.0, 1.0 ] },
				"south": { "texture": "#plank", "uv": [ 0.0, 0.0, 1.0, 1.0 ] },
				"west": { "texture": "#plank", "uv": [ 0.0, 0.0, 1.0, 1.0 ] },
				"up": { "texture": "#plank", "uv": [ 0.0, 0.0, 1.0, 1.0 ] },
				"down": { "texture": "#plank", "uv": [ 0.0, 0.0, 1.0, 1.0 ] }
			}
		},
		{
			"name": "top3",
			"from": [ 12.5, 15.0, 12.5 ],
			"to": [ 13.5, 16.0, 13.5 ],
			"rotationOrigin": [ 13.0, 15.0, 5.0 ],
			"faces": {
				"north": { "texture": "#plank", "uv": [ 0.0, 0.0, 1.0, 1.0 ] },
				"east": { "texture": "#plank", "uv": [ 0.0, 0.0, 1.0, 1.0 ] },
				"south": { "texture": "#plank", "uv": [ 0.0, 0.0, 1.0, 1.0 ] },
				"west": { "texture": "#plank", "uv": [ 0.0, 0.0, 1.0, 1.0 ] },
				"up": { "texture": "#plank", "uv": [ 0.0, 0.0, 1.0, 1.0 ] },
				"down": { "texture": "#plank", "uv": [ 0.0, 0.0, 1.0, 1.0 ] }
			}
		},
		{
			"name": "top4",
			"from": [ 12.5, 15.0, 2.5 ],
			"to": [ 13.5, 16.0, 3.5 ],
			"rotationOrigin": [ 13.0, 15.0, -5.0 ],
			"faces": {
				"north": { "texture": "#plank", "uv": [ 0.0, 0.0, 1.0, 1.0 ] },
				"east": { "texture": "#plank", "uv": [ 0.0, 0.0, 1.0, 1.0 ] },
				"south": { "texture": "#plank", "uv": [ 0.0, 0.0, 1.0, 1.0 ] },
				"west": { "texture": "#plank", "uv": [ 0.0, 0.0, 1.0, 1.0 ] },
				"up": { "texture": "#plank", "uv": [ 0.0, 0.0, 1.0, 1.0 ] },
				"down": { "texture": "#plank", "uv": [ 0.0, 0.0, 1.0, 1.0 ] }
			}
		}
	]}