{
	"editor": {
		"allAngles": false,
		"entityTextureMode": false
	},
	"textureWidth": 16,
	"textureHeight": 16,
	"textureSizes": {
	},
	"textures": {
		"plank": "plank"
	},
	"elements": [
		{
			"name": "Cube2",
			"from": [ 6.0, 8.0, 0.0 ],
			"to": [ 7.0, 9.0, 3.0 ],
			"rotationOrigin": [ 6.0, 8.0, 0.0 ],
			"faces": {
				"north": { "texture": "#plank", "uv": [ 9.0, 9.5, 10.0, 10.5 ], "rotation": 90 },
				"east": { "texture": "#plank", "uv": [ 6.5, 5.0, 9.5, 6.0 ], "rotation": 90  },
				"south": { "texture": "#plank", "uv": [ 4.0, 3.5, 5.0, 4.5 ], "rotation": 90 },
				"west": { "texture": "#plank", "uv": [ 5.5, 4.5, 8.5, 5.5 ], "rotation": 90 },
				"up": { "texture": "#plank", "uv": [ 5.5, 3.5, 6.5, 6.5 ] },
				"down": { "texture": "#plank", "uv": [ 6.5, 3.0, 7.5, 6.0 ] }
			},
			"children": [
				{
					"name": "Cube3",
					"from": [ 3.0, 0.0, 0.0 ],
					"to": [ 4.0, 1.0, 3.0 ],
					"rotationOrigin": [ 3.0, 0.0, 0.0 ],
					"faces": {
						"north": { "texture": "#plank", "uv": [ 0.0, 0.0, 1.0, 1.0 ] },
						"east": { "texture": "#plank", "uv": [ 0.0, 0.0, 3.0, 1.0 ] },
						"south": { "texture": "#plank", "uv": [ 0.0, 0.0, 1.0, 1.0 ] },
						"west": { "texture": "#plank", "uv": [ 0.0, 0.0, 3.0, 1.0 ] },
						"up": { "texture": "#plank", "uv": [ 0.0, 0.0, 1.0, 3.0 ] },
						"down": { "texture": "#plank", "uv": [ 0.0, 0.0, 1.0, 3.0 ] }
					}
				},
				{
					"name": "Cube4",
					"from": [ 1.0, 0.0, 2.0 ],
					"to": [ 3.0, 1.0, 3.0 ],
					"rotationOrigin": [ 1.0, 0.0, 2.0 ],
					"faces": {
						"north": { "texture": "#plank", "uv": [ 0.0, 0.0, 2.0, 1.0 ] },
						"east": { "texture": "#plank", "uv": [ 0.0, 0.0, 1.0, 1.0 ] },
						"south": { "texture": "#plank", "uv": [ 0.0, 0.0, 2.0, 1.0 ] },
						"west": { "texture": "#plank", "uv": [ 0.0, 0.0, 1.0, 1.0 ] },
						"up": { "texture": "#plank", "uv": [ 0.0, 0.0, 2.0, 1.0 ] },
						"down": { "texture": "#plank", "uv": [ 0.0, 0.0, 2.0, 1.0 ] }
					}
				}
			]
		}
	]}