{
	"code": "arrowedparquet",
	"creativeinventory": {
		"general": ["*-n"], "morefloors": ["*-n"] 
	},
	"blockmaterial": "Wood",
	"drawtype": "Cube",
	"variantgroups": [
		{
			"code": "wood",
			"states": [
				"acacia",
				"baldcypress",
				"bamboo",
				"birch",
				"ebony",
				"kapok",
				"larch",
				"maple",
				"oak",
				"pine",
				"purpleheart",
				"redwood",
				"walnut"
			]
		},
		{
			"code": "orientation",
			"states": [
				"n",
				"e",
				"s",
				"w"
			]
		}
	],
	"behaviors": [
		{
			"name": "WrenchOrientable",
			"properties": {
				"baseCode": "morefloors:arrowedparquet-{wood}"
			}
		}
	],
	"texturesByType": {
		"*-n": {
			"all": {
				"base": "morefloors:block/parquet/arrowedparquet/arrowedparquet-{wood}_*",
				"rotation": 0
			}
		},
		"*-e": {
			"all": {
				"base": "morefloors:block/parquet/arrowedparquet/arrowedparquet-{wood}_*",
				"rotation": 270
			}
		},
		"*-s": {
			"all": {
				"base": "morefloors:block/parquet/arrowedparquet/arrowedparquet-{wood}_*",
				"rotation": 180
			}
		},
		"*-w": {
			"all": {
				"base": "morefloors:block/parquet/arrowedparquet/arrowedparquet-{wood}_*",
				"rotation": 90
			}
		}
	},
	"resistance": 3.5,
	"sounds": {
		"hit": "game:block/planks",
		"break": "game:block/planks",
		"place": "game:block/planks",
		"walk": "game:walk/wood*"
	},
	"combustiblePropsByType": {
		"*-bamboo-*": {
			"burnTemperature": 800,
			"burnDuration": 24
		},
		"*": {
			"burnTemperature": 800,
			"burnDuration": 20
		}
	},
	"maxStackSize": 32,
	"materialDensity": 600,
	"heldTpIdleAnimation": "holdbothhandslarge",
	"heldRightReadyAnimation": "heldblockready",
	"heldTpUseAnimation": "twohandplaceblock",
	"tpHandTransform": {
		"translation": {
			"x": -1.23,
			"y": -0.91,
			"z": -0.8
		},
		"rotation": {
			"x": -2,
			"y": 25,
			"z": -78
		},
		"scale": 0.4
	},
	"drops": [
		{
			"type": "block",
			"code": "morefloors:arrowedparquet-{wood}-n"
		}
	]
}