{
    "code": "diagonalplanks",
    "creativeinventory": {
        "general": ["*-n"], "morefloors": ["*-n"]
    },
    "blockmaterial": "Wood",
    "drawtype": "Cube",
    "variantgroups": [
        {
            "code": "wood",
            "states": [
                "oak",
                "birch",
                "pine",
                "maple"
                // "bamboo"
                // "acacia",
                // "baldcypress",
                // "ebony",
                // "kapok",
                // "larch",
                // "redwood",
                // "purpleheart",
                // "walnut"
            ]
        },
        {
            "code": "orientation",
            "states": [
                "n",
                "w"
            ]
        }
    ],
    "behaviors": [
        {
            "name": "WrenchOrientable",
            "properties": {
                "baseCode": "morefloors:diagonalplanks-{wood}"
            }
        }
    ],
    "texturesByType": {
        "*-n": {
            "all": {
                "base": "morefloors:block/parquet/diagonalplanks/diagonalplanks-{wood}_*",
                "rotation": 0
            }
        },
        "*-w": {
            "all": {
                "base": "morefloors:block/parquet/diagonalplanks/diagonalplanks-{wood}_*",
                "rotation": 90
            }
        }
    },
    "resistance": 3.5,
    "sounds": {
        "hit": "game:block/planks",
        "break": "game:block/planks",
        "place": "game:block/planks",
        "walk": "game:walk/wood*"
    },
    "combustibleProps": {
        "burnTemperature": 800,
        "burnDuration": 20
    },
    "maxStackSize": 32,
    "materialDensity": 600,
    "heldTpIdleAnimation": "holdbothhandslarge",
    "heldRightReadyAnimation": "heldblockready",
    "heldTpUseAnimation": "twohandplaceblock",
    "tpHandTransform": {
        "translation": {
            "x": -1.23,
            "y": -0.91,
            "z": -0.8
        },
        "rotation": {
            "x": -2,
            "y": 25,
            "z": -78
        },
        "scale": 0.4
    },
    "drops": [
        {
            "type": "block",
            "code": "morefloors:diagonalplanks-{wood}-n"
        }
    ]
}