{
    "code": "well",
    "creativeinventory": {
        "general": ["*"], "morefloors": ["*"]
    },
    "blockmaterial": "Wood",
    "drawtype": "Cube",
    "variantgroups": [
        {
            "code": "wood",
            "states": [
                // "acacia",
                // "baldcypress",
                // "bamboo",
                "birch",
                // "ebony",
                // "kapok",
                // "larch",
                "maple",
                "oak",
                "pine"
                // "purpleheart",
                // "redwood",
                // "walnut"
            ]
        }
    ],
    "textures": {
        "all": {
            "base": "morefloors:block/parquet/well/well-{wood}_*"
        }
    },
    "resistance": 3.5,
    "sounds": {
        "hit": "game:block/planks",
        "break": "game:block/planks",
        "place": "game:block/planks",
        "walk": "game:walk/wood*"
    },
    "combustibleProps": {
        "burnTemperature": 800,
        "burnDuration": 20
    },
    "maxStackSize": 32,
    "materialDensity": 600,
    "heldTpIdleAnimation": "holdbothhandslarge",
    "heldRightReadyAnimation": "heldblockready",
    "heldTpUseAnimation": "twohandplaceblock",
    "tpHandTransform": {
        "translation": {
            "x": -1.23,
            "y": -0.91,
            "z": -0.8
        },
        "rotation": {
            "x": -2,
            "y": 25,
            "z": -78
        },
        "scale": 0.4
    }
}