{
	"editor": {
		"backDropShape": "entity/humanoid/seraph-hairless",
		"allAngles": true,
		"entityTextureMode": true
	},
	"textureWidth": 48,
	"textureHeight": 48,
	"textureSizes": {
		"hair": [48,48],
		"birch": [16,16],
		"mesh1": [16,16],
		"mesh9": [16,16],
		"bush-base": [16,16]
	},
	"textures": {
		"bush-base": "block/devastation/bush-base"
	},
	"elements": [
		{
			"name": "hair-uncovered",
			"stepParentName": "Head",
			"from": [ -0.5, 0.0, 0.0 ],
			"to": [ -0.5, 0.0, 0.0 ],
			"uv": [ 0.0, 0.0 ],
			"faces": {
			},
			"children": [
				{
					"name": "BraidBack",
					"from": [ 5.1, -4.3, 1.5 ],
					"to": [ 6.6, 0.7, 3.0 ],
					"uv": [ 9.5, 6.5 ],
					"rotationOrigin": [ 5.6, 2.7, 2.0 ],
					"rotationX": 8.0,
					"rotationZ": 11.0,
					"faces": {
						"north": { "texture": "#bush-base", "uv": [ 9.5, 6.5, 11.0, 11.5 ] },
						"east": { "texture": "#bush-base", "uv": [ 11.0, 6.5, 12.5, 11.5 ] },
						"south": { "texture": "#bush-base", "uv": [ 12.5, 6.5, 14.0, 11.5 ] },
						"west": { "texture": "#bush-base", "uv": [ 14.0, 6.5, 15.5, 11.5 ] }
					}
				},
				{
					"name": "ponytailhigh",
					"from": [ 4.2, 0.8, 1.3 ],
					"to": [ 6.2, 3.3, 3.5 ],
					"uv": [ 4.0, 7.0 ],
					"rotationOrigin": [ 5.2, 3.3, 2.3 ],
					"rotationZ": 41.0,
					"faces": {
						"north": { "texture": "#bush-base", "uv": [ 4.0, 7.0, 6.0, 9.5 ] },
						"east": { "texture": "#bush-base", "uv": [ 6.0, 7.0, 8.0, 9.5 ] },
						"south": { "texture": "#bush-base", "uv": [ 8.0, 7.0, 10.0, 9.5 ] }
					}
				},
				{
					"name": "BraidBack4",
					"from": [ 5.1, -4.3, 1.8 ],
					"to": [ 6.6, 1.2, 3.3 ],
					"uv": [ 10.0, 5.0 ],
					"rotationOrigin": [ 5.6, 2.6, 2.2989 ],
					"rotationX": -8.0,
					"rotationZ": 17.0,
					"faces": {
						"north": { "texture": "#bush-base", "uv": [ 10.0, 5.0, 11.5, 10.5 ] },
						"east": { "texture": "#bush-base", "uv": [ 11.5, 5.0, 13.0, 10.5 ] },
						"south": { "texture": "#bush-base", "uv": [ 13.0, 5.0, 14.5, 10.5 ] },
						"west": { "texture": "#bush-base", "uv": [ 14.5, 5.0, 16.0, 10.5 ] }
					}
				},
				{
					"name": "BraidBack5",
					"from": [ 4.5, -3.2, 1.6 ],
					"to": [ 6.0, 1.8, 3.1 ],
					"uv": [ 1.5, 11.0 ],
					"rotationOrigin": [ 6.0, 2.8, 2.0989 ],
					"rotationZ": 31.0,
					"faces": {
						"north": { "texture": "#bush-base", "uv": [ 1.5, 11.0, 3.0, 16.0 ] },
						"east": { "texture": "#bush-base", "uv": [ 3.0, 11.0, 4.5, 16.0 ] },
						"south": { "texture": "#bush-base", "uv": [ 4.5, 11.0, 6.0, 16.0 ] },
						"west": { "texture": "#bush-base", "uv": [ 6.0, 11.0, 7.5, 16.0 ] }
					}
				},
				{
					"name": "BraidLowupper",
					"from": [ 4.2, -0.5, 1.2 ],
					"to": [ 6.2, 2.0, 3.6 ],
					"uv": [ 6.0, 13.5 ],
					"rotationOrigin": [ 5.2, 2.0, 2.2 ],
					"rotationZ": 41.0,
					"faces": {
						"north": { "texture": "#bush-base", "uv": [ 6.0, 13.5, 8.0, 16.0 ] },
						"east": { "texture": "#bush-base", "uv": [ 8.0, 13.5, 10.0, 16.0 ] },
						"south": { "texture": "#bush-base", "uv": [ 10.0, 13.5, 12.0, 16.0 ] }
					}
				}
			]
		}
	]}