[
	{
		"code": "plaster-amber-plain",
		"sealHours": 4,
		"ingredients": [
			{ "type": "item", "code": "game:dye-amber", litres: 2, consumeLitres: 2 },
			{ type: "block", code: "game:plaster-plain", quantity: 1 }
		],
		"output": { "type": "block", "code": "plaster-amber-plain", quantity: 1 }
	},
	{
		"code": "plaster-ashen-plain",
		"sealHours": 4,
		"ingredients": [
			{ "type": "item", "code": "game:dye-white", litres: 2, consumeLitres: 2 },
			{ type: "block", code: "plaster-pewter-plain", quantity: 1 }
		],
		"output": { "type": "block", "code": "plaster-ashen-plain", quantity: 1 }
	},
	{
		"code": "plaster-azure-plain",
		"sealHours": 4,
		"ingredients": [
			{ "type": "item", "code": "game:dye-white", litres: 2, consumeLitres: 2 },
			{ type: "block", code: "plaster-cobalt-plain", quantity: 1 }
		],
		"output": { "type": "block", "code": "plaster-azure-plain", quantity: 1 }
	},
	{
		"code": "plaster-black-plain",
		"sealHours": 4,
		"ingredients": [
			{ "type": "item", "code": "game:dye-black", litres: 2, consumeLitres: 2 },
			{ type: "block", code: "game:plaster-plain", quantity: 1 }
		],
		"output": { "type": "block", "code": "plaster-black-plain", quantity: 1 }
	},
	{
		"code": "plaster-brown-plain",
		"sealHours": 4,
		"ingredients": [
			{ "type": "item", "code": "game:dye-black", litres: 2, consumeLitres: 2 },
			{ type: "block", code: "plaster-chestnut-plain", quantity: 1 }
		],
		"output": { "type": "block", "code": "plaster-brown-plain", quantity: 1 }
	},
	{
		"code": "plaster-browngolden-plain",
		"sealHours": 4,
		"ingredients": [
			{ "type": "item", "code": "game:dye-brownlight", litres: 2, consumeLitres: 2 },
			{ type: "block", code: "game:plaster-plain", quantity: 1 }
		],
		"output": { "type": "block", "code": "plaster-browngolden-plain", quantity: 1 }
	},
	{
		"code": "plaster-browngolden-plain",
		"sealHours": 4,
		"ingredients": [
			{ "type": "item", "code": "game:dye-brown", litres: 2, consumeLitres: 2 },
			{ type: "block", code: "plaster-taupe-plain", quantity: 1 }
		],
		"output": { "type": "block", "code": "plaster-browngolden-plain", quantity: 1 }
	},
	{
		"code": "plaster-browngolden-plain",
		"sealHours": 4,
		"ingredients": [
			{ "type": "item", "code": "game:dye-white", litres: 2, consumeLitres: 2 },
			{ type: "block", code: "plaster-russet-plain", quantity: 1 }
		],
		"output": { "type": "block", "code": "plaster-browngolden-plain", quantity: 1 }
	},
	{
		"code": "plaster-brownlight-plain",
		"sealHours": 4,
		"ingredients": [
			{ "type": "item", "code": "game:weaktanninportion", litres: 2, consumeLitres: 2 },
			{ type: "block", code: "game:plaster-plain", quantity: 1 }
		],
		"output": { "type": "block", "code": "plaster-brownlight-plain", quantity: 1 }
	},
	{
		"code": "plaster-brownlight-plain",
		"sealHours": 4,
		"ingredients": [
			{ "type": "item", "code": "game:dye-white", litres: 2, consumeLitres: 2 },
			{ type: "block", code: "plaster-tan-plain", quantity: 1 }
		],
		"output": { "type": "block", "code": "plaster-brownlight-plain", quantity: 1 }
	},
	{
		"code": "plaster-brownweathered-plain",
		"sealHours": 4,
		"ingredients": [
			{ "type": "item", "code": "game:strongtanninportion", litres: 2, consumeLitres: 2 },
			{ type: "block", code: "plaster-taupe-plain", quantity: 1 }
		],
		"output": { "type": "block", "code": "plaster-brownweathered-plain", quantity: 1 }
	},
	{
		"code": "plaster-brownweathered-plain",
		"sealHours": 4,
		"ingredients": [
			{ "type": "item", "code": "game:dye-gray", litres: 2, consumeLitres: 2 },
			{ type: "block", code: "plaster-russet-plain", quantity: 1 }
		],
		"output": { "type": "block", "code": "plaster-brownweathered-plain", quantity: 1 }
	},
	{
		"code": "plaster-charcoal-plain",
		"sealHours": 4,
		"ingredients": [
			{ "type": "item", "code": "game:dye-white", litres: 2, consumeLitres: 2 },
			{ type: "block", code: "plaster-black-plain", quantity: 1 }
		],
		"output": { "type": "block", "code": "plaster-charcoal-plain", quantity: 1 }
	},
	{
		"code": "plaster-charcoal-plain",
		"sealHours": 4,
		"ingredients": [
			{ "type": "item", "code": "game:dye-black", litres: 2, consumeLitres: 2 },
			{ type: "block", code: "plaster-graphite-plain", quantity: 1 }
		],
		"output": { "type": "block", "code": "plaster-charcoal-plain", quantity: 1 }
	},
	{
		"code": "plaster-chartreuse-plain",
		"sealHours": 4,
		"ingredients": [
			{ "type": "item", "code": "game:dye-chartreuse", litres: 2, consumeLitres: 2 },
			{ type: "block", code: "game:plaster-plain", quantity: 1 }
		],
		"output": { "type": "block", "code": "plaster-chartreuse-plain", quantity: 1 }
	},
	{
		"code": "plaster-chestnut-plain",
		"sealHours": 4,
		"ingredients": [
			{ "type": "item", "code": "game:dye-browndark", litres: 2, consumeLitres: 2 },
			{ type: "block", code: "game:plaster-plain", quantity: 1 }
		],
		"output": { "type": "block", "code": "plaster-chestnut-plain", quantity: 1 }
	},
	{
		"code": "plaster-chestnut-plain",
		"sealHours": 4,
		"ingredients": [
			{ "type": "item", "code": "game:dye-white", litres: 2, consumeLitres: 2 },
			{ type: "block", code: "plaster-brown-plain", quantity: 1 }
		],
		"output": { "type": "block", "code": "plaster-chestnut-plain", quantity: 1 }
	},
	{
		"code": "plaster-chestnut-plain",
		"sealHours": 4,
		"ingredients": [
			{ "type": "item", "code": "game:dye-brown", litres: 2, consumeLitres: 2 },
			{ type: "block", code: "plaster-russet-plain", quantity: 1 }
		],
		"output": { "type": "block", "code": "plaster-chestnut-plain", quantity: 1 }
	},
	{
		"code": "plaster-cinnabar-plain",
		"sealHours": 4,
		"ingredients": [
			{ "type": "item", "code": "game:dye-orange", litres: 2, consumeLitres: 2 },
			{ type: "block", code: "plaster-red-plain", quantity: 1 }
		],
		"output": { "type": "block", "code": "plaster-cinnabar-plain", quantity: 1 }
	},
	{
		"code": "plaster-cinnabar-plain",
		"sealHours": 4,
		"ingredients": [
			{ "type": "item", "code": "game:dye-red", litres: 2, consumeLitres: 2 },
			{ type: "block", code: "plaster-coral-plain", quantity: 1 }
		],
		"output": { "type": "block", "code": "plaster-cinnabar-plain", quantity: 1 }
	},
	{
		"code": "plaster-cobalt-plain",
		"sealHours": 4,
		"ingredients": [
			{ "type": "item", "code": "game:dye-blue", litres: 2, consumeLitres: 2 },
			{ type: "block", code: "game:plaster-plain", quantity: 1 }
		],
		"output": { "type": "block", "code": "plaster-cobalt-plain", quantity: 1 }
	},
	{
		"code": "plaster-coral-plain",
		"sealHours": 4,
		"ingredients": [
			{ "type": "item", "code": "game:dye-orange", litres: 2, consumeLitres: 2 },
			{ type: "block", code: "plaster-cinnabar-plain", quantity: 1 }
		],
		"output": { "type": "block", "code": "plaster-coral-plain", quantity: 1 }
	},
	{
		"code": "plaster-graphite-plain",
		"sealHours": 4,
		"ingredients": [
			{ "type": "item", "code": "game:dye-white", litres: 2, consumeLitres: 2 },
			{ type: "block", code: "plaster-charcoal-plain", quantity: 1 }
		],
		"output": { "type": "block", "code": "plaster-graphite-plain", quantity: 1 }
	},
	{
		"code": "plaster-graphite-plain",
		"sealHours": 4,
		"ingredients": [
			{ "type": "item", "code": "game:dye-black", litres: 2, consumeLitres: 2 },
			{ type: "block", code: "plaster-pewter-plain", quantity: 1 }
		],
		"output": { "type": "block", "code": "plaster-graphite-plain", quantity: 1 }
	},
	{
		"code": "plaster-graphite-plain",
		"sealHours": 4,
		"ingredients": [
			{ "type": "item", "code": "game:dye-gray", litres: 2, consumeLitres: 2 },
			{ type: "block", code: "game:plaster-plain", quantity: 1 }
		],
		"output": { "type": "block", "code": "plaster-graphite-plain", quantity: 1 }
	},
	{
		"code": "plaster-green-plain",
		"sealHours": 4,
		"ingredients": [
			{ "type": "item", "code": "game:dye-green", litres: 2, consumeLitres: 2 },
			{ type: "block", code: "game:plaster-plain", quantity: 1 }
		],
		"output": { "type": "block", "code": "plaster-green-plain", quantity: 1 }
	},
	{
		"code": "plaster-lime-plain",
		"sealHours": 4,
		"ingredients": [
			{ "type": "item", "code": "game:dye-green", litres: 2, consumeLitres: 2 },
			{ type: "block", code: "plaster-chartreuse-plain", quantity: 1 }
		],
		"output": { "type": "block", "code": "plaster-lime-plain", quantity: 1 }
	},
	{
		"code": "plaster-lime-plain",
		"sealHours": 4,
		"ingredients": [
			{ "type": "item", "code": "game:dye-chartreuse", litres: 2, consumeLitres: 2 },
			{ type: "block", code: "plaster-green-plain", quantity: 1 }
		],
		"output": { "type": "block", "code": "plaster-lime-plain", quantity: 1 }
	},
	{
		"code": "plaster-magenta-plain",
		"sealHours": 4,
		"ingredients": [
			{ "type": "item", "code": "game:dye-magenta", litres: 2, consumeLitres: 2 },
			{ type: "block", code: "game:plaster-plain", quantity: 1 }
		],
		"output": { "type": "block", "code": "plaster-magenta-plain", quantity: 1 }
	},
	{
		"code": "plaster-moss-plain",
		"sealHours": 4,
		"ingredients": [
			{ "type": "item", "code": "game:dye-green", litres: 2, consumeLitres: 2 },
			{ type: "block", code: "plaster-viridian-plain", quantity: 1 }
		],
		"output": { "type": "block", "code": "plaster-moss-plain", quantity: 1 }
	},
	{
		"code": "plaster-moss-plain",
		"sealHours": 4,
		"ingredients": [
			{ "type": "item", "code": "game:dye-gray", litres: 2, consumeLitres: 2 },
			{ type: "block", code: "plaster-green-plain", quantity: 1 }
		],
		"output": { "type": "block", "code": "plaster-moss-plain", quantity: 1 }
	},
	{
		"code": "plaster-orange-plain",
		"sealHours": 4,
		"ingredients": [
			{ "type": "item", "code": "game:dye-orange", litres: 2, consumeLitres: 2 },
			{ type: "block", code: "game:plaster-plain", quantity: 1 }
		],
		"output": { "type": "block", "code": "plaster-orange-plain", quantity: 1 }
	},
	{
		"code": "plaster-oxblood-plain",
		"sealHours": 4,
		"ingredients": [
			{ "type": "item", "code": "game:dye-brown", litres: 2, consumeLitres: 2 },
			{ type: "block", code: "plaster-red-plain", quantity: 1 }
		],
		"output": { "type": "block", "code": "plaster-oxblood-plain", quantity: 1 }
	},
	{
		"code": "plaster-oxblood-plain",
		"sealHours": 4,
		"ingredients": [
			{ "type": "item", "code": "game:dye-red", litres: 2, consumeLitres: 2 },
			{ type: "block", code: "plaster-brown-plain", quantity: 1 }
		],
		"output": { "type": "block", "code": "plaster-oxblood-plain", quantity: 1 }
	},
	{
		"code": "plaster-pewter-plain",
		"sealHours": 4,
		"ingredients": [
			{ "type": "item", "code": "game:dye-white", litres: 2, consumeLitres: 2 },
			{ type: "block", code: "plaster-graphite-plain", quantity: 1 }
		],
		"output": { "type": "block", "code": "plaster-pewter-plain", quantity: 1 }
	},
	{
		"code": "plaster-pink-plain",
		"sealHours": 4,
		"ingredients": [
			{ "type": "item", "code": "game:dye-pink", litres: 2, consumeLitres: 2 },
			{ type: "block", code: "game:plaster-plain", quantity: 1 }
		],
		"output": { "type": "block", "code": "plaster-pink-plain", quantity: 1 }
	},
	{
		"code": "plaster-red-plain",
		"sealHours": 4,
		"ingredients": [
			{ "type": "item", "code": "game:dye-red", litres: 2, consumeLitres: 2 },
			{ type: "block", code: "game:plaster-plain", quantity: 1 }
		],
		"output": { "type": "block", "code": "plaster-red-plain", quantity: 1 }
	},
	{
		"code": "plaster-rouge-plain",
		"sealHours": 4,
		"ingredients": [
			{ "type": "item", "code": "game:dye-pink", litres: 2, consumeLitres: 2 },
			{ type: "block", code: "plaster-magenta-plain", quantity: 1 }
		],
		"output": { "type": "block", "code": "plaster-rouge-plain", quantity: 1 }
	},
	{
		"code": "plaster-rouge-plain",
		"sealHours": 4,
		"ingredients": [
			{ "type": "item", "code": "game:dye-magenta", litres: 2, consumeLitres: 2 },
			{ type: "block", code: "plaster-salmon-plain", quantity: 1 }
		],
		"output": { "type": "block", "code": "plaster-salmon-plain", quantity: 1 }
	},
	{
		"code": "plaster-russet-plain",
		"sealHours": 4,
		"ingredients": [
			{ "type": "item", "code": "game:dye-brown", litres: 2, consumeLitres: 2 },
			{ type: "block", code: "game:plaster-plain", quantity: 1 }
		],
		"output": { "type": "block", "code": "plaster-russet-plain", quantity: 1 }
	},
	{
		"code": "plaster-russet-plain",
		"sealHours": 4,
		"ingredients": [
			{ "type": "item", "code": "game:dye-brown", litres: 2, consumeLitres: 2 },
			{ type: "block", code: "plaster-browngolden-plain", quantity: 1 }
		],
		"output": { "type": "block", "code": "plaster-russet-plain", quantity: 1 }
	},
	{
		"code": "plaster-russet-plain",
		"sealHours": 4,
		"ingredients": [
			{ "type": "item", "code": "game:dye-white", litres: 2, consumeLitres: 2 },
			{ type: "block", code: "plaster-chestnut-plain", quantity: 1 }
		],
		"output": { "type": "block", "code": "plaster-russet-plain", quantity: 1 }
	},
	{
		"code": "plaster-sage-plain",
		"sealHours": 4,
		"ingredients": [
			{ "type": "item", "code": "game:dye-cyan", litres: 2, consumeLitres: 2 },
			{ type: "block", code: "plaster-lime-plain", quantity: 1 }
		],
		"output": { "type": "block", "code": "plaster-sage-plain", quantity: 1 }
	},
	{
		"code": "plaster-sage-plain",
		"sealHours": 4,
		"ingredients": [
			{ "type": "item", "code": "game:dye-green", litres: 2, consumeLitres: 2 },
			{ type: "block", code: "plaster-turquoise-plain", quantity: 1 }
		],
		"output": { "type": "block", "code": "plaster-sage-plain", quantity: 1 }
	},
	{
		"code": "plaster-salmon-plain",
		"sealHours": 4,
		"ingredients": [
			{ "type": "item", "code": "game:dye-magenta", litres: 2, consumeLitres: 2 },
			{ type: "block", code: "plaster-pink-plain", quantity: 1 }
		],
		"output": { "type": "block", "code": "plaster-salmon-plain", quantity: 1 }
	},
	{
		"code": "plaster-salmon-plain",
		"sealHours": 4,
		"ingredients": [
			{ "type": "item", "code": "game:dye-pink", litres: 2, consumeLitres: 2 },
			{ type: "block", code: "plaster-rouge-plain", quantity: 1 }
		],
		"output": { "type": "block", "code": "plaster-salmon-plain", quantity: 1 }
	},
	{
		"code": "plaster-tan-plain",
		"sealHours": 4,
		"ingredients": [
			{ "type": "item", "code": "game:weaktanninportion", litres: 2, consumeLitres: 2 },
			{ type: "block", code: "plaster-brownlight-plain", quantity: 1 }
		],
		"output": { "type": "block", "code": "plaster-tan-plain", quantity: 1 }
	},
	{
		"code": "plaster-tan-plain",
		"sealHours": 4,
		"ingredients": [
			{ "type": "item", "code": "game:dye-white", litres: 2, consumeLitres: 2 },
			{ type: "block", code: "plaster-taupe-plain", quantity: 1 }
		],
		"output": { "type": "block", "code": "plaster-tan-plain", quantity: 1 }
	},
	{
		"code": "plaster-tan-plain",
		"sealHours": 4,
		"ingredients": [
			{ "type": "item", "code": "game:dye-gray", litres: 2, consumeLitres: 2 },
			{ type: "block", code: "plaster-brownlight-plain", quantity: 1 }
		],
		"output": { "type": "block", "code": "plaster-tan-plain", quantity: 1 }
	},
	{
		"code": "plaster-taupe-plain",
		"sealHours": 4,
		"ingredients": [
			{ "type": "item", "code": "game:strongtanninportion", litres: 2, consumeLitres: 2 },
			{ type: "block", code: "game:plaster-plain", quantity: 1 }
		],
		"output": { "type": "block", "code": "plaster-taupe-plain", quantity: 1 }
	},
	{
		"code": "plaster-taupe-plain",
		"sealHours": 4,
		"ingredients": [
			{ "type": "item", "code": "game:dye-white", litres: 2, consumeLitres: 2 },
			{ type: "block", code: "plaster-brownweathered-plain", quantity: 1 }
		],
		"output": { "type": "block", "code": "plaster-taupe-plain", quantity: 1 }
	},
	{
		"code": "plaster-turquoise-plain",
		"sealHours": 4,
		"ingredients": [
			{ "type": "item", "code": "game:dye-cyan", litres: 2, consumeLitres: 2 },
			{ type: "block", code: "game:plaster-plain", quantity: 1 }
		],
		"output": { "type": "block", "code": "plaster-turquoise-plain", quantity: 1 }
	},
	{
		"code": "plaster-violet-plain",
		"sealHours": 4,
		"ingredients": [
			{ "type": "item", "code": "game:dye-purple", litres: 2, consumeLitres: 2 },
			{ type: "block", code: "game:plaster-plain", quantity: 1 }
		],
		"output": { "type": "block", "code": "plaster-violet-plain", quantity: 1 }
	},
	{
		"code": "plaster-viridian-plain",
		"sealHours": 4,
		"ingredients": [
			{ "type": "item", "code": "game:dye-green", litres: 2, consumeLitres: 2 },
			{ type: "block", code: "plaster-cobalt-plain", quantity: 1 }
		],
		"output": { "type": "block", "code": "plaster-viridian-plain", quantity: 1 }
	},
	{
		"code": "plaster-viridian-plain",
		"sealHours": 4,
		"ingredients": [
			{ "type": "item", "code": "game:dye-blue", litres: 2, consumeLitres: 2 },
			{ type: "block", code: "plaster-moss-plain", quantity: 1 }
		],
		"output": { "type": "block", "code": "plaster-viridian-plain", quantity: 1 }
	},
	{
		"code": "plaster-yellow-plain",
		"sealHours": 4,
		"ingredients": [
			{ "type": "item", "code": "game:dye-yellow", litres: 2, consumeLitres: 2 },
			{ type: "block", code: "game:plaster-plain", quantity: 1 }
		],
		"output": { "type": "block", "code": "plaster-yellow-plain", quantity: 1 }
	},
]
