[
    {
        "id": "feverstonewilds:fetchquestfaunling1",
        "cooldown": 20,
        "perPlayer": true,
        "actionRewards": [
            {
                "id": "playsound",
                "args": [
                    "feverstonewilds:sounds/quest/winfantasia"
                ]
            }
        ],
        "gatherObjectives": [
            {
                "validCodes": [
                    "cattailroot"
                ],
                "demand": 4
            }
        ],
        "randomitemRewards": {
            "selectAmount": 1,
            "items": [
                {
                    "itemCode": "game:fruit-blueberry",
                    "minAmount": 16,
                    "maxAmount": 20
                },
                {
                    "itemCode": "game:fruit-cranberry",
                    "minAmount": 16,
                    "maxAmount": 20
                },
                {
                    "itemCode": "game:fruit-redcurrant",
                    "minAmount": 16,
                    "maxAmount": 20
                },
                {
                    "itemCode": "game:fruit-whitecurrant",
                    "minAmount": 16,
                    "maxAmount": 20
                },
                {
                    "itemCode": "game:fruit-blackcurrant",
                    "minAmount": 16,
                    "maxAmount": 20
                }
            ]
        }
    },
    {
        "id": "feverstonewilds:fetchquestfaunling2",
        "cooldown": 20,
        "perPlayer": true,
        "actionRewards": [
            {
                "id": "playsound",
                "args": [
                    "feverstonewilds:sounds/quest/winfantasia"
                ]
            }
        ],
        "gatherObjectives": [
            {
                "validCodes": [
                    "flower-horsetail-free"
                ],
                "demand": 15
            }
        ],
        "itemRewards": [
            {
                "itemCode": "game:poultice-reed-honey-sulphur",
                "amount": 12
            }
        ]
    },
    {
        "id": "feverstonewilds:fetchquestfaunling3",
        "cooldown": 20,
        "perPlayer": true,
        "actionRewards": [
            {
                "id": "playsound",
                "args": [
                    "feverstonewilds:sounds/quest/winfantasia"
                ]
            }
        ],
        "gatherObjectives": [
            {
                "validCodes": [
                    "flower-horsetail-free"
                ],
                "demand": 10
            }
        ],
        "itemRewards": [
            {
                "itemCode": "game:hunterbackpack",
                "amount": 1
            },
            {
                "itemCode": "game:oillamp-blue-up",
                "amount": 1
            },
            {
                "itemCode": "game:ladder-rope-north",
                "amount": 32
            }
        ]
    },
    {
        "id": "feverstonewilds:fetchquestfaunling4",
        "cooldown": 30,
        "perPlayer": true,
        "actionRewards": [
            {
                "id": "playsound",
                "args": [
                    "feverstonewilds:sounds/quest/winfantasia"
                ]
            }
        ],
        "gatherObjectives": [
            {
                "validCodes": [
                    "arrowhead-flint"
                ],
                "demand": 18
            }
        ],
        "itemRewards": [
            {
                "itemCode": "game:cloth-plain",
                "amount": 3
            },
            {
                "itemCode": "game:bed-hay-head-north",
                "amount": 1
            },
            {
                "itemCode": "game:hide-pelt-large",
                "amount": 1
            }
        ]
    },
    {
        "id": "feverstonewilds:fetchquestfaunling5",
        "cooldown": 25,
        "perPlayer": true,
        "actionRewards": [
            {
                "id": "playsound",
                "args": [
                    "feverstonewilds:sounds/quest/winfantasia"
                ]
            }
        ],
        "gatherObjectives": [
            {
                "validCodes": [
                    "clay-blue",
                    "clay-fire"
                ],
                "demand": 20
            }
        ],
        "randomitemRewards": {
            "selectAmount": 2,
            "items": [
                {
                    "itemCode": "game:bowl-blue-fired",
                    "minAmount": 4,
                    "maxAmount": 4
                },
                {
                    "itemCode": "game:claypot-blue-fired",
                    "minAmount": 1,
                    "maxAmount": 1
                },
                {
                    "itemCode": "game:crock-blue-fired",
                    "minAmount": 4,
                    "maxAmount": 4
                }
            ]
        }
    },
    {
        "id": "feverstonewilds:fetchquestfaunling6",
        "cooldown": 25,
        "perPlayer": true,
        "actionRewards": [
            {
                "id": "playsound",
                "args": [
                    "feverstonewilds:sounds/quest/winfantasia"
                ]
            }
        ],
        "gatherObjectives": [
            {
                "validCodes": [
                    "peatbrick"
                ],
                "demand": 24
            }
        ],
        "itemRewards": [
            {
                "itemCode": "game:soil-compost-none",
                "amount": 12
            }
        ]
    },
    {
        "id": "feverstonewilds:fetchquestfaunling7",
        "cooldown": 20,
        "perPlayer": true,
        "actionRewards": [
            {
                "id": "playsound",
                "args": [
                    "feverstonewilds:sounds/quest/winfantasia"
                ]
            }
        ],
        "gatherObjectives": [
            {
                "validCodes": [
                    "vegetable-*"
                ],
                "demand": 20
            }
        ],
        "randomitemRewards": {
            "selectAmount": 2,
            "items": [
                {
                    "itemCode": "game:egg-chicken-raw",
                    "minAmount": 12,
                    "maxAmount": 14
                },
                {
                    "itemCode": "game:resin",
                    "minAmount": 4,
                    "maxAmount": 6
                },
                {
                    "itemCode": "game:honeycomb",
                    "minAmount": 6,
                    "maxAmount": 8
                }
            ]
        }
    },
    {
        "id": "feverstonewilds:fetchquestfaunling8",
        "cooldown": 25,
        "perPlayer": true,
        "actionRewards": [
            {
                "id": "playsound",
                "args": [
                    "feverstonewilds:sounds/quest/winfantasia"
                ]
            }
        ],
        "gatherObjectives": [
            {
                "validCodes": [
                    "vegetable-*"
                ],
                "demand": 12
            }
        ],
        "randomitemRewards": {
            "selectAmount": 2,
            "items": [
                {
                    "itemCode": "game:mushroom-fieldmushroom-normal",
                    "minAmount": 12,
                    "maxAmount": 16
                },
                {
                    "itemCode": "game:mushroom-almondmushroom-normal",
                    "minAmount": 12,
                    "maxAmount": 16
                },
                {
                    "itemCode": "game:mushroom-beardedtooth-normal-north",
                    "minAmount": 12,
                    "maxAmount": 16
                },
                {
                    "itemCode": "game:mushroom-chickenofthewoods-normal-north",
                    "minAmount": 12,
                    "maxAmount": 16
                },
                {
                    "itemCode": "game:mushroom-dryadsaddle-normal-north",
                    "minAmount": 12,
                    "maxAmount": 16
                },
                {
                    "itemCode": "game:mushroom-pinkoyster-normal-north",
                    "minAmount": 12,
                    "maxAmount": 16
                },
                {
                    "itemCode": "game:mushroom-tinderhoof-normal-north",
                    "minAmount": 12,
                    "maxAmount": 16
                },
                {
                    "itemCode": "game:mushroom-whiteoyster-normal-north",
                    "minAmount": 12,
                    "maxAmount": 16
                },
                {
                    "itemCode": "game:mushroom-reishi-normal-north",
                    "minAmount": 12,
                    "maxAmount": 16
                },
                {
                    "itemCode": "game:mushroom-dearear-normal-north",
                    "minAmount": 12,
                    "maxAmount": 16
                },
                {
                    "itemCode": "game:mushroom-livermushroom-normal-north",
                    "minAmount": 12,
                    "maxAmount": 16
                },
                {
                    "itemCode": "game:mushroom-shiitake-normal-north",
                    "minAmount": 12,
                    "maxAmount": 16
                }
            ]
        }
    },
    {
        "id": "feverstonewilds:fetchquestfaunling9",
        "cooldown": 30,
        "perPlayer": true,
        "actionRewards": [
            {
                "id": "playsound",
                "args": [
                    "feverstonewilds:sounds/quest/winfantasia"
                ]
            }
        ],
        "gatherObjectives": [
            {
                "validCodes": [
                    "fruit-breadfruit",
                    "fruit-redapple",
                    "fruit-pinkapple",
                    "fruit-greenapple",
                    "fruit-cherry",
                    "fruit-peach",
                    "fruit-pear",
                    "fruit-orange",
                    "fruit-mango",
                    "fruit-pomegranate",
                    "fruit-mango",
                    "fruit-lychee"
                ],
                "demand": 12
            }
        ],
        "randomitemRewards": {
            "selectAmount": 1,
            "items": [
                {
                    "itemCode": "game:cheese-blue-1slice",
                    "minAmount": 8,
                    "maxAmount": 12
                },
                {
                    "itemCode": "game:cheese-chedder-1slice",
                    "minAmount": 8,
                    "maxAmount": 12
                }
            ]
        }
    },
    {
        "id": "feverstonewilds:fetchquestfaunling10",
        "cooldown": 40,
        "perPlayer": true,
        "actionRewards": [
            {
                "id": "playsound",
                "args": [
                    "feverstonewilds:sounds/quest/winfantasia"
                ]
            }
        ],
        "gatherObjectives": [
            {
                "validCodes": [
                    "seashell-*"
                ],
                "demand": 1
            }
        ],
        "randomitemRewards": {
            "selectAmount": 1,
            "items": [
                {
                    "itemCode": "game:gear-rusty",
                    "minAmount": 8,
                    "maxAmount": 12
                },
                {
                    "itemCode": "game:gem-diamond-rough",
                    "minAmount": 1,
                    "maxAmount": 1
                },
                {
                    "itemCode": "game:gem-emerald-rough",
                    "minAmount": 1,
                    "maxAmount": 1
                },
                {
                    "itemCode": "game:gem-olivine_peridote-rough",
                    "minAmount": 1,
                    "maxAmount": 1
                },
                {
                    "itemCode": "game:gear-temporal",
                    "minAmount": 1,
                    "maxAmount": 1
                }
            ]
        }
    },
    {
        "id": "feverstonewilds:fetchquestfaunling11",
        "cooldown": 40,
        "perPlayer": true,
        "actionRewards": [
            {
                "id": "playsound",
                "args": [
                    "feverstonewilds:sounds/quest/winfantasia"
                ]
            }
        ],
        "gatherObjectives": [
            {
                "validCodes": [
                    "seashell-*"
                ],
                "demand": 2
            }
        ],
        "randomitemRewards": {
            "selectAmount": 1,
            "items": [
                {
                    "itemCode": "game:rock-whitemarble",
                    "minAmount": 4,
                    "maxAmount": 6
                },
                {
                    "itemCode": "game:rock-redmarble",
                    "minAmount": 4,
                    "maxAmount": 6
                },
                {
                    "itemCode": "game:rock-greenmarble",
                    "minAmount": 4,
                    "maxAmount": 6
                }
            ]
        }
    },
    {
        "id": "feverstonewilds:fetchquestfaunling12",
        "cooldown": 30,
        "perPlayer": true,
        "actionRewards": [
            {
                "id": "playsound",
                "args": [
                    "feverstonewilds:sounds/quest/winfantasia"
                ]
            }
        ],
        "gatherObjectives": [
            {
                "validCodes": [
                    "stationarybasket-east"
                ],
                "demand": 1
            }
        ],
        "randomitemRewards": {
            "selectAmount": 1,
            "items": [
                {
                    "itemCode": "game:axehead-copper",
                    "minAmount": 1,
                    "maxAmount": 1
                },
                {
                    "itemCode": "game:knifeblade-copper",
                    "minAmount": 1,
                    "maxAmount": 1
                },
                {
                    "itemCode": "game:shovelhead-copper",
                    "minAmount": 1,
                    "maxAmount": 1
                },
                {
                    "itemCode": "game:shears-copper",
                    "minAmount": 1,
                    "maxAmount": 1
                },
                {
                    "itemCode": "game:sythehead-copper",
                    "minAmount": 1,
                    "maxAmount": 1
                }
            ]
        }
    },
    {
        "id": "feverstonewilds:fetchquestfaunling13",
        "cooldown": 30,
        "perPlayer": true,
        "actionRewards": [
            {
                "id": "playsound",
                "args": [
                    "feverstonewilds:sounds/quest/winfantasia"
                ]
            }
        ],
        "gatherObjectives": [
            {
                "validCodes": [
                    "hide-raw-large",
                    "hide-raw-huge"
                ],
                "demand": 1
            }
        ],
        "randomitemRewards": {
            "selectAmount": 1,
            "items": [
                {
                    "itemCode": "game:arrowhead-copper",
                    "minAmount": 16,
                    "maxAmount": 20
                }
            ]
        }
    },
    {
        "id": "feverstonewilds:fetchquestfaunling14",
        "cooldown": 40,
        "perPlayer": true,
        "actionRewards": [
            {
                "id": "playsound",
                "args": [
                    "feverstonewilds:sounds/quest/winfantasia"
                ]
            }
        ],
        "gatherObjectives": [
            {
                "validCodes": [
                    "wildvine-section-north",
                    "wildvine-end-north"
                ],
                "demand": 12
            }
        ],
        "randomitemRewards": {
            "selectAmount": 1,
            "items": [
                {
                    "itemCode": "game:lootvessel-seed",
                    "minAmount": 1,
                    "maxAmount": 1
                },
                {
                    "itemCode": "game:lootvessel-food",
                    "minAmount": 1,
                    "maxAmount": 1
                },
                {
                    "itemCode": "game:lootvessel-forage",
                    "minAmount": 1,
                    "maxAmount": 1
                },
                {
                    "itemCode": "game:lootvessel-ore",
                    "minAmount": 1,
                    "maxAmount": 1
                },
                {
                    "itemCode": "game:lootvessel-tool",
                    "minAmount": 1,
                    "maxAmount": 1
                },
                {
                    "itemCode": "game:lootvessel-farming",
                    "minAmount": 1,
                    "maxAmount": 1
                }
            ]
        }
    },
    {
        "id": "feverstonewilds:fetchquestfaunling15",
        "cooldown": 30,
        "perPlayer": true,
        "actionRewards": [
            {
                "id": "playsound",
                "args": [
                    "feverstonewilds:sounds/quest/winfantasia"
                ]
            }
        ],
        "onAcceptedActions": [
            {
                "giveitem": [
                    "game:beenade-opened", "1"
                ]
            }
        ],
        "gatherObjectives": [
            {
                "validCodes": [
                    "beenade-closed"
                ],
                "demand": 1
            }
        ],
        "itemRewards": [
                {
                    "itemCode": "game:sapling-brownbamboo-free",
                    "amount": 4
                },
                {
                    "itemCode": "game:sapling-greenbamboo-free",
                    "amount": 4
                }
            ]
    },
    {
        "id": "feverstonewilds:killquestfaunling1",
        "cooldown": 20,
        "perPlayer": true,
        "actionRewards": [
            {
                "id": "playsound",
                "args": [
                    "feverstonewilds:sounds/quest/winfantasia"
                ]
            }
        ],
        "killObjectives": [
            {
                "validCodes": [
                    "wolf-male",
                    "wolf-female"
                ],
                "demand": 2
            }
        ],
        "randomitemRewards": {
            "selectAmount": 1,
            "items": [
                {
                    "itemCode": "game:sewingkit",
                    "minAmount": 3,
                    "maxAmount": 5
                }
            ]
        }
    },
    {
        "id": "feverstonewilds:killquestfaunling2",
        "cooldown": 30,
        "perPlayer": true,
        "actionRewards": [
            {
                "id": "playsound",
                "args": [
                    "feverstonewilds:sounds/quest/winfantasia"
                ]
            }
        ],
        "killObjectives": [
            {
                "validCodes": [
                    "bear-black-adult-male",
                    "bear-black-adult-female",
                    "bear-brown-adult-male",
                    "bear-brown-adult-female",
                    "bear-sun-adult-male",
                    "bear-sun-adult-female",
                    "bear-polar-adult-male",
                    "bear-polar-adult-female",
                    "bear-panda-adult-male",
                    "bear-panda-adult-female"
                ],
                "demand": 1
            }
        ],
        "randomitemRewards": {
            "selectAmount": 1,
            "items": [
                {
                    "itemCode": "feverstonewilds:creature-foal-wild-shire",
                    "minAmount": 1,
                    "maxAmount": 1
                },
                {
                    "itemCode": "feverstonewilds:creature-foal-wild-quarter",
                    "minAmount": 1,
                    "maxAmount": 1
                }
            ]
        }
    },
    {
        "id": "feverstonewilds:killquestfaunling3",
        "cooldown": 30,
        "perPlayer": true,
        "actionRewards": [
            {
                "id": "playsound",
                "args": [
                    "feverstonewilds:sounds/quest/winfantasia"
                ]
            }
        ],
        "killObjectives": [
            {
                "validCodes": [
                    "direwolf-male",
                    "direwolf-female"
                ],
                "demand": 1
            }
        ],
        "randomitemRewards": {
            "selectAmount": 2,
            "items": [
                {
                    "itemCode": "game:creature-chicken-hen",
                    "minAmount": 1,
                    "maxAmount": 2
                },
                {
                    "itemCode": "game:creature-chicken-rooster",
                    "minAmount": 1,
                    "maxAmount": 1
                }
            ]
        }
    },
    {
        "id": "feverstonewilds:killquestfaunling4",
        "cooldown": 20,
        "perPlayer": true,
        "actionRewards": [
            {
                "id": "playsound",
                "args": [
                    "feverstonewilds:sounds/quest/winfantasia"
                ]
            }
        ],
        "killObjectives": [
            {
                "validCodes": [
                    "shark-freshwater",
                    "shark-saltwater",
                    "shark-hammerhead"
                ],
                "demand": 1
            }
        ],
        "itemRewards": [
            {
                "itemCode": "game:stone-halite",
                "amount": 16
            }
        ]
    },
    {
        "id": "feverstonewilds:gamblequestfaunling1",
        "cooldown": -1,
        "perPlayer": true,
        "onAcceptedActions": [
            {
                "id": "completequest",
                "args": [ ]
            }
        ],
            "actionRewards": [
            {
                "id": "despawnquestgiver",
                "args": [ "0" ]
            },
            {
                "id": "spawnsmoke",
                "args": [ ]
            },
            {
                "id": "spawnany",
                "args": [
                    "beemob",
                    "beemob",
                    "hare-jackblack-adult-male",
                    "hare-jackblack-adult-female"
                ]
            },
            {
                "id": "playsound",
                "args": [
                    "feverstonewilds:sounds/quest/softlaughing"
                ]
            },
            {
                "id": "giveitem",
                "args": [
                    "game:nugget-nativegold",
                    "1"
                ]
            }
        ]
    }
]