[
  {
    "file": "game:entities/humanoid/player",
    "op": "Add",
    "path": "/client/animations/-",
    "value": {
      "code": "craftingtool",
      "animation": "CraftingTool",
      "blendMode": "AddAverage",
      "weight": 10,
      "easeInSpeed": 2.0,
      "easeOutSpeed": 6.0
    }
  },
  {
    "file": "game:shapes/entity/humanoid/seraph-faceless",
    "op": "Add",
    "path": "/animations/-",
    "value": {
      "name": "CraftingTool",
      "code": "craftingtool",
      "quantityframes": 40,
      "onActivityStopped": "EaseOut",
      "onAnimationEnd": "Repeat",
      "keyframes": [
        {
					"frame": 0,
					"elements": {
						"LowerTorso": { "offsetX": 0.0, "offsetY": -6.0, "offsetZ": 0.0 },
						"UpperFootR": { "offsetX": 0.0, "offsetY": -3.0, "offsetZ": 0.0, "rotationX": 0.0, "rotationY": -8.0, "rotationZ": -90.0 },
						"LowerFootR": { "rotationX": 0.0, "rotationY": -3.0, "rotationZ": 94.0 },
						"LowerFootL": { "rotationX": 0.0, "rotationY": 22.0, "rotationZ": 78.0 },
						"UpperTorso": { "rotationX": 0.0, "rotationY": 0.0, "rotationZ": 0.0 },
						"UpperArmL": { "rotationX": -47.0, "rotationY": -15.0, "rotationZ": -44.0 },
						"UpperArmR": { "rotationX": 30.0, "rotationY": -10.0, "rotationZ": -33.0 },
						"LowerArmL": { "rotationX": 0.0, "rotationY": -11.0, "rotationZ": -97.0 },
						"LowerArmR": { "rotationX": 0.0, "rotationY": 42.0, "rotationZ": -114.0 },
						"UpperFootL": { "rotationX": -11.0, "rotationY": 0.0, "rotationZ": 0.0 },
						"ItemAnchorL": { "offsetX": 3.0, "offsetY": 0.0, "offsetZ": 0.0 }
					}
				},
				{
					"frame": 10,
					"elements": {
						"LowerArmL": { "rotationX": 0.0, "rotationY": -11.0, "rotationZ": -97.0 },
						"UpperArmL": { "rotationX": -75.0, "rotationY": -15.0, "rotationZ": -64.0 },
						"UpperArmR": { "rotationX": 6.0, "rotationY": -10.0, "rotationZ": 20.0 },
						"UpperTorso": { "rotationX": 0.0, "rotationY": 0.0, "rotationZ": 5.0 },
						"LowerArmR": { "rotationX": 0.0, "rotationY": 42.0, "rotationZ": -114.0 }
					}
				},
				{
					"frame": 20,
					"elements": {
						"LowerTorso": { "offsetX": 0.0, "offsetY": -6.0, "offsetZ": 0.0 },
						"UpperTorso": { "rotationX": 0.0, "rotationY": 0.0, "rotationZ": 0.0 },
						"UpperArmR": { "rotationX": 30.0, "rotationY": -10.0, "rotationZ": -33.0 },
						"LowerArmR": { "rotationX": 0.0, "rotationY": 42.0, "rotationZ": -114.0 },
						"UpperArmL": { "rotationX": -47.0, "rotationY": -15.0, "rotationZ": -44.0 },
						"LowerArmL": { "rotationX": 0.0, "rotationY": -11.0, "rotationZ": -97.0 }
					}
				},
				{
					"frame": 30,
					"elements": {
						"LowerTorso": { "offsetX": 0.0, "offsetY": -6.0, "offsetZ": 0.0 },
						"UpperTorso": { "rotationX": 0.0, "rotationY": 0.0, "rotationZ": 5.0 },
						"UpperArmR": { "rotationX": 6.0, "rotationY": -10.0, "rotationZ": -19.0 },
						"LowerArmR": { "rotationX": 0.0, "rotationY": 42.0, "rotationZ": -114.0 },
						"UpperArmL": { "rotationX": -75.0, "rotationY": -3.0, "rotationZ": -42.0 },
						"LowerArmL": { "rotationX": -25.0, "rotationY": -11.0, "rotationZ": -97.0 }
          }
        }
      ]
    }
  }
]
