﻿{
  "code": "arrowhead",
  "enabled": false,
  "variantgroups": [{"code": "material", "states": ["obsidian"]}],
  "shapeByType": {"*": {"base": "item/tool/arrowhead-stone"}},
  "texturesByType": {"*-obsidian": {"material": {"base": "block/stone/rock/{material}1"}}},
  "attributes": {"displaycaseable": true, "shelvable": true, "onTongTransform": {"translation": {"x": -0.72, "y": -0.7, "z": -0.6}, "rotation": {"x": 28, "y": 180, "z": -7}}},
  "creativeinventory": {"general": ["*"], "items": ["*"]},
  "heldTpUseAnimation": "interactstatic",
  "maxstacksize": 64,
  "guiTransformByType": {
    "arrowhead-obsidian": {"translation": {"x": 0, "y": 2, "z": -100}, "rotation": {"x": -56, "y": 32, "z": 0}, "origin": {"x": 0.81, "y": 0.76, "z": 0.09}, "scale": 4.5}
  },
  "fpHandTransform": {"translation": {"x": 0.4, "y": -0.1, "z": 0}, "rotation": {"x": 79, "y": 86, "z": -25}, "scale": 1.75},
  "tpHandTransform": {"translation": {"x": -0.67, "y": -0.7, "z": -0.15}, "rotation": {"x": 90, "y": 21, "z": 0}, "scale": 0.77},
  "groundTransform": {"translation": {"x": 0, "y": 0, "z": 0}, "rotation": {"x": 19, "y": 0, "z": 0}, "origin": {"x": 0.5, "y": 0, "z": 0.5}, "scale": 4}
}