{
	"code": "buildingwand",
	"class": "ItemBuildingWand",
		storageFlags: 257,
	"drawtype": "json",
	"shape": { "base": "wand" },
	"variantgroups": [
		{
			"code": "material",
			"states": [ "steel","meteoriciron","iron","bismuthbronze","tinbronze","blackbronze","copper" ]
		}
	],
	textures: {
		"oak": { base: "game:block/metal/ingot/{material}" }
	},

	"attributes": {
		"toolrackTransform": {
			"translation": {
				"x": 0,
				"y": 0.61,
				"z": 0
			},
			"rotation": {
				"x": 0,
				"y": 0,
				"z": 2
			},
			"scale": 1.5,
			
		},
		"rackable": true
		
	},

	"attributesByType": {
		"*-copper":{"MaxRange": "5"},
		"*-tinbronze":{"MaxRange": "10"},
		"*-bismuthbronze":{"MaxRange": "11"},
		"*-blackbronze":{"MaxRange": "12"},
		"*-iron":{"MaxRange": "20"},
		"*-meteoriciron":{"MaxRange": "25"},
		"*-steel":{"MaxRange": "50"}
	},

	"damagedby": [ "blockbreaking", "attacking" ],
	"enabled": true,
	"heldTpHitAnimation": "idle",
	"creativeinventory": {
		"general": ["*"],"tools": [ "*" ]
	},
	fpHandTransform: {
		translation: { x: 0, y: 0, z: 0 },
		rotation: { x: 72, y: 143, z: -30 },
		origin: { x: 0.5, y: 0.3, z: 0.5 },
		scale: 1.53
	},
	guiTransform: {
		translation: { x: 0, y: 0, z: 0 },
		rotation: { x: -53, y: 91, z: -9 },
		origin: { x: 0.58, y: 0.19, z: 0.44 },
		scale: 2.11
	},
	tpHandTransform: {
		translation: { x: -1.22, y: 0.06, z: -0.89 },
		rotation: { x: -6, y: 30, z: 18 },
		origin: { x: 0.5, y: 0, z: 0.5 },
		scale: 0.59
	},
	groundTransform: {
		translation: { x: 0, y: 0, z: 0 },
		rotation: { x: 0, y: 0, z: 0 },
		origin: { x: 0.5, y: 0, z: 0.5 },
		scale: 5
	},
	"durabilitybytype": {
		"buildingwand-copper": 450,
		"buildingwand-tinbronze": 900,
		"buildingwand-bismuthbronze": 1000,
		"buildingwand-blackbronze": 1100,
		"buildingwand-iron": 2000,
		"buildingwand-meteoriciron": 2800,
		"buildingwand-steel": 5000
	}
}