{
	"editor": {
		"backDropShape": "entity/land/smallstall-open",
		"collapsedPaths": "Root/ORIGINsaddlebags/StrawBedBody",
		"allAngles": true,
		"entityTextureMode": false
	},
	"textureWidth": 16,
	"textureHeight": 16,
	"textureSizes": {
	},
	"textures": {		
		"mordant": "game:block/cloth/linen/mordant",
		"mordant2": "game:block/cloth/pelt",
		"ceramic": "game:block/clay/pot/brown",
		"lid": "game:block/clay/overlay/crock"
	},
	"elements": [
		{
			"name": "CookingPotBody",
			"from": [ -1.6, -7.1, -4.3 ],
			"to": [ 3.4, -3.1, 0.7 ],
			"rotationOrigin": [ -1.1, -7.6, 0.2 ],
			"rotationX": 2.0,
			"faces": {
				"north": { "texture": "#ceramic", "uv": [ 1.0, 7.5, 6.0, 11.5 ], "windMode": [-1,-1,-1,-1], "windData": [1,1,1,1] },
				"east": { "texture": "#ceramic", "uv": [ 0.5, 8.0, 5.5, 12.0 ] },
				"south": { "texture": "#ceramic", "uv": [ 1.0, 8.0, 6.0, 12.0 ], "windMode": [-1,-1,-1,-1], "windData": [1,1,1,1] },
				"west": { "texture": "#ceramic", "uv": [ 1.0, 7.5, 6.0, 11.5 ] },
				"up": { "texture": "#ceramic", "uv": [ 9.0, 0.5, 14.0, 5.5 ], "rotation": 90 },
				"down": { "texture": "#ceramic", "uv": [ 9.0, 0.0, 14.0, 5.0 ], "rotation": 90, "windMode": [-1,-1,-1,-1], "windData": [1,1,1,1] }
			},
			"children": [
				{
					"name": "mordantOrigin",
					"from": [ 0.0, 4.0, 2.2 ],
					"to": [ 0.0, 4.0, 2.2 ],
					"rotationOrigin": [ 0.0, 4.0, 2.7 ],
					"rotationX": 36.0,
					"faces": {
					},
					"children": [
						{
							"name": "mordantW",
							"from": [ -0.49, -0.7, 0.2 ],
							"to": [ 0.01, 0.8, 0.7 ],
							"rotationOrigin": [ -0.4, -0.7, 0.2 ],
							"faces": {
								"north": { "texture": "#mordant", "uv": [ 0.0, 0.0, 0.5, 1.5 ] },
								"east": { "texture": "#mordant", "uv": [ 0.0, 0.5, 0.5, 2.0 ] },
								"south": { "texture": "#mordant", "uv": [ 0.0, 1.0, 0.5, 2.5 ] },
								"west": { "texture": "#mordant", "uv": [ 0.0, 1.5, 0.5, 3.0 ] },
								"up": { "texture": "#mordant", "uv": [ 0.0, 0.0, 0.5, 0.5 ] },
								"down": { "texture": "#mordant", "uv": [ 0.0, 0.0, 0.5, 0.5 ] }
							},
							"children": [
								{
									"name": "mordantW2",
									"from": [ 0.0, 1.5, 0.0 ],
									"to": [ 0.5, 6.4, 0.5 ],
									"rotationOrigin": [ 0.0, 1.5, 0.0 ],
									"rotationZ": -22.0,
									"faces": {
										"north": { "texture": "#mordant", "uv": [ 0.0, 0.0, 0.5, 4.5 ] },
										"east": { "texture": "#mordant", "uv": [ 0.0, 0.5, 0.5, 5.0 ] },
										"south": { "texture": "#mordant", "uv": [ 0.0, 1.0, 0.5, 5.5 ] },
										"west": { "texture": "#mordant", "uv": [ 0.0, 1.5, 0.5, 6.0 ] },
										"up": { "texture": "#mordant", "uv": [ 0.0, 0.0, 0.5, 0.5 ] },
										"down": { "texture": "#mordant", "uv": [ 0.0, 0.0, 0.5, 0.5 ] }
									},
									"children": [
										{
											"name": "mordantTop",
											"from": [ 0.5, 4.4, -0.01 ],
											"to": [ 2.6, 4.9, 0.49 ],
											"rotationOrigin": [ 0.5, 4.4, -0.1 ],
											"rotationZ": 23.0,
											"faces": {
												"north": { "texture": "#mordant", "uv": [ 0.0, 0.0, 2.0, 0.5 ] },
												"east": { "texture": "#mordant", "uv": [ 0.0, 0.5, 0.5, 1.0 ] },
												"south": { "texture": "#mordant", "uv": [ 0.0, 1.0, 2.0, 1.5 ] },
												"west": { "texture": "#mordant", "uv": [ 0.0, 1.5, 0.5, 2.0 ] },
												"up": { "texture": "#mordant", "uv": [ 0.0, 0.0, 2.0, 0.5 ] },
												"down": { "texture": "#mordant", "uv": [ 0.0, 0.0, 2.0, 0.5 ] }
											}
										}
									]
								}
							]
						},
						{
							"name": "mordantW5",
							"from": [ 4.99, -0.65, 0.2 ],
							"to": [ 5.49, 0.85, 0.7 ],
							"rotationOrigin": [ 4.9019, -0.6451, 0.2 ],
							"faces": {
								"north": { "texture": "#mordant", "uv": [ 0.0, 0.0, 0.5, 1.5 ] },
								"east": { "texture": "#mordant", "uv": [ 0.0, 0.5, 0.5, 2.0 ] },
								"south": { "texture": "#mordant", "uv": [ 0.0, 1.0, 0.5, 2.5 ] },
								"west": { "texture": "#mordant", "uv": [ 0.0, 1.5, 0.5, 3.0 ] },
								"up": { "texture": "#mordant", "uv": [ 0.0, 0.0, 0.5, 0.5 ] },
								"down": { "texture": "#mordant", "uv": [ 0.0, 0.0, 0.5, 0.5 ] }
							},
							"children": [
								{
									"name": "mordantW6",
									"from": [ 0.0, 1.5, 0.0 ],
									"to": [ 0.5, 6.4, 0.5 ],
									"rotationOrigin": [ 0.5, 1.5, 0.0 ],
									"rotationZ": 18.0,
									"faces": {
										"north": { "texture": "#mordant", "uv": [ 0.0, 0.0, 0.5, 4.5 ] },
										"east": { "texture": "#mordant", "uv": [ 0.0, 0.5, 0.5, 5.0 ] },
										"south": { "texture": "#mordant", "uv": [ 0.0, 1.0, 0.5, 5.5 ] },
										"west": { "texture": "#mordant", "uv": [ 0.0, 1.5, 0.5, 6.0 ] },
										"up": { "texture": "#mordant", "uv": [ 0.0, 0.0, 0.5, 0.5 ] },
										"down": { "texture": "#mordant", "uv": [ 0.0, 0.0, 0.5, 0.5 ] }
									}
								}
							]
						}
					]
				},
				{
					"name": "Leather",
					"from": [ -0.2, 0.5, -0.2 ],
					"to": [ 5.2, 3.5, 5.2 ],
					"rotationOrigin": [ 2.8, 0.5, 2.8 ],
					"faces": {
						"north": { "texture": "#mordant2", "uv": [ 8.0, 12.5, 13.0, 15.5 ] },
						"east": { "texture": "#mordant2", "uv": [ 8.0, 12.5, 13.0, 15.5 ] },
						"south": { "texture": "#mordant2", "uv": [ 8.0, 12.5, 13.0, 15.5 ] },
						"west": { "texture": "#mordant2", "uv": [ 8.0, 12.5, 13.0, 15.5 ] },
						"up": { "texture": "#mordant2", "uv": [ 8.5, 9.0, 13.5, 14.0 ] },
						"down": { "texture": "#mordant2", "uv": [ 8.0, 6.0, 13.0, 11.0 ] }
					},
					"children": [
						{
							"name": "Leather2",
							"from": [ -0.3, 2.7, -0.3 ],
							"to": [ 5.7, 3.2, 5.7 ],
							"rotationOrigin": [ 2.7, 2.7, 2.7 ],
							"faces": {
								"north": { "texture": "#mordant", "uv": [ 8.0, 12.5, 14.0, 13.0 ] },
								"east": { "texture": "#mordant", "uv": [ 8.0, 12.5, 14.0, 13.0 ] },
								"south": { "texture": "#mordant", "uv": [ 8.0, 12.5, 14.0, 13.0 ] },
								"west": { "texture": "#mordant", "uv": [ 8.0, 12.5, 14.0, 13.0 ] },
								"up": { "texture": "#mordant", "uv": [ 8.5, 9.0, 14.5, 15.0 ] },
								"down": { "texture": "#mordant", "uv": [ 8.0, 6.0, 14.0, 12.0 ] }
							}
						},
						{
							"name": "Leather3",
							"from": [ -0.3, -0.1, -0.3 ],
							"to": [ 5.7, 0.4, 2.9 ],
							"rotationOrigin": [ 2.7, -0.1, 2.7 ],
							"rotationX": 81.0,
							"faces": {
								"north": { "texture": "#mordant", "uv": [ 8.0, 12.5, 14.0, 13.0 ] },
								"east": { "texture": "#mordant", "uv": [ 8.0, 12.5, 11.0, 13.0 ] },
								"south": { "texture": "#mordant", "uv": [ 8.0, 12.5, 14.0, 13.0 ] },
								"west": { "texture": "#mordant", "uv": [ 8.0, 12.5, 11.0, 13.0 ] },
								"up": { "texture": "#mordant", "uv": [ 8.5, 9.0, 14.5, 12.0 ] },
								"down": { "texture": "#mordant", "uv": [ 8.0, 6.0, 14.0, 9.0 ] }
							}
						},
						{
							"name": "Leather4",
							"from": [ -0.31, -0.29, 2.7 ],
							"to": [ 1.29, 0.21, 3.92 ],
							"rotationOrigin": [ -0.3, -0.3, 2.7 ],
							"rotationX": 90.0,
							"rotationY": 35.0,
							"faces": {
								"north": { "texture": "#mordant", "uv": [ 8.0, 12.5, 9.5, 13.0 ] },
								"east": { "texture": "#mordant", "uv": [ 8.0, 12.5, 9.0, 13.0 ] },
								"south": { "texture": "#mordant", "uv": [ 8.0, 12.5, 9.5, 13.0 ] },
								"west": { "texture": "#mordant", "uv": [ 8.0, 12.5, 9.0, 13.0 ] },
								"up": { "texture": "#mordant", "uv": [ 8.5, 9.0, 10.0, 10.0 ] },
								"down": { "texture": "#mordant", "uv": [ 8.0, 6.0, 9.5, 7.0 ] }
							}
						},
						{
							"name": "Leather5",
							"from": [ 0.4, -2.8, -0.3 ],
							"to": [ 5.0, -2.3, 1.2 ],
							"rotationOrigin": [ 3.4, -2.8, 2.7 ],
							"rotationX": 90.0,
							"faces": {
								"north": { "texture": "#mordant", "uv": [ 8.0, 12.5, 12.5, 13.0 ] },
								"east": { "texture": "#mordant", "uv": [ 8.0, 12.5, 9.5, 13.0 ] },
								"south": { "texture": "#mordant", "uv": [ 8.0, 12.5, 12.5, 13.0 ] },
								"west": { "texture": "#mordant", "uv": [ 8.0, 12.5, 9.5, 13.0 ] },
								"up": { "texture": "#mordant", "uv": [ 8.5, 9.0, 13.0, 10.5 ] },
								"down": { "texture": "#mordant", "uv": [ 8.0, 6.0, 12.5, 7.5 ] }
							}
						},
						{
							"name": "Leather6",
							"from": [ -0.3, -0.3, -0.3 ],
							"to": [ 5.7, 0.2, 5.7 ],
							"rotationOrigin": [ 2.7, -0.3, 2.7 ],
							"faces": {
								"north": { "texture": "#mordant", "uv": [ 8.0, 12.5, 14.0, 13.0 ] },
								"east": { "texture": "#mordant", "uv": [ 8.0, 12.5, 14.0, 13.0 ] },
								"south": { "texture": "#mordant", "uv": [ 8.0, 12.5, 14.0, 13.0 ] },
								"west": { "texture": "#mordant", "uv": [ 8.0, 12.5, 14.0, 13.0 ] },
								"up": { "texture": "#mordant", "uv": [ 8.5, 9.0, 14.5, 15.0 ] },
								"down": { "texture": "#mordant", "uv": [ 8.0, 6.0, 14.0, 12.0 ] }
							}
						},
						{
							"name": "Leather7",
							"from": [ -0.5, -0.3, -0.3 ],
							"to": [ 5.5, 0.2, 2.2 ],
							"rotationOrigin": [ 2.5, -0.3, 2.7 ],
							"rotationX": 90.0,
							"rotationZ": -90.0,
							"faces": {
								"north": { "texture": "#mordant", "uv": [ 8.0, 12.5, 14.0, 13.0 ] },
								"east": { "texture": "#mordant", "uv": [ 8.0, 12.5, 10.5, 13.0 ] },
								"south": { "texture": "#mordant", "uv": [ 8.0, 12.5, 14.0, 13.0 ] },
								"west": { "texture": "#mordant", "uv": [ 8.0, 12.5, 10.5, 13.0 ] },
								"up": { "texture": "#mordant", "uv": [ 8.5, 9.0, 14.5, 11.5 ] },
								"down": { "texture": "#mordant", "uv": [ 8.0, 6.0, 14.0, 8.5 ] }
							}
						},
						{
							"name": "Leather8",
							"from": [ -0.6, -2.8, -1.0 ],
							"to": [ 4.0, -2.3, 0.5 ],
							"rotationOrigin": [ 2.4, -2.8, 2.0 ],
							"rotationX": 90.0,
							"rotationZ": -90.0,
							"faces": {
								"north": { "texture": "#mordant", "uv": [ 8.0, 12.5, 12.5, 13.0 ] },
								"east": { "texture": "#mordant", "uv": [ 8.0, 12.5, 9.5, 13.0 ] },
								"south": { "texture": "#mordant", "uv": [ 8.0, 12.5, 12.5, 13.0 ] },
								"west": { "texture": "#mordant", "uv": [ 8.0, 12.5, 9.5, 13.0 ] },
								"up": { "texture": "#mordant", "uv": [ 8.5, 9.0, 13.0, 10.5 ] },
								"down": { "texture": "#mordant", "uv": [ 8.0, 6.0, 12.5, 7.5 ] }
							}
						},
						{
							"name": "Leather10",
							"from": [ 5.7, -0.29, 2.7 ],
							"to": [ 6.92, 0.21, 4.2 ],
							"rotationOrigin": [ 5.7, -0.3, 2.7 ],
							"rotationX": -90.0,
							"rotationY": -55.0,
							"rotationZ": 180.0,
							"faces": {
								"north": { "texture": "#mordant", "uv": [ 8.0, 12.5, 9.0, 13.0 ] },
								"east": { "texture": "#mordant", "uv": [ 8.0, 12.5, 9.5, 13.0 ] },
								"south": { "texture": "#mordant", "uv": [ 8.0, 12.5, 9.0, 13.0 ] },
								"west": { "texture": "#mordant", "uv": [ 8.0, 12.5, 9.5, 13.0 ] },
								"up": { "texture": "#mordant", "uv": [ 8.5, 9.0, 9.5, 10.5 ] },
								"down": { "texture": "#mordant", "uv": [ 8.0, 6.0, 9.0, 7.5 ] }
							}
						},
						{
							"name": "Leather11",
							"from": [ 2.41, -0.3, -0.3 ],
							"to": [ 2.91, 1.2, 0.92 ],
							"rotationOrigin": [ 2.4, -0.3, -0.3 ],
							"rotationX": 55.0,
							"faces": {
								"north": { "texture": "#mordant", "uv": [ 8.0, 12.5, 8.5, 14.0 ] },
								"east": { "texture": "#mordant", "uv": [ 8.0, 12.5, 9.0, 14.0 ] },
								"south": { "texture": "#mordant", "uv": [ 8.0, 12.5, 8.5, 14.0 ] },
								"west": { "texture": "#mordant", "uv": [ 8.0, 12.5, 9.0, 14.0 ] },
								"up": { "texture": "#mordant", "uv": [ 8.5, 9.0, 9.0, 10.0 ] },
								"down": { "texture": "#mordant", "uv": [ 8.0, 6.0, 8.5, 7.0 ] }
							}
						},
						{
							"name": "Leather12",
							"from": [ 2.41, -0.3, 5.7 ],
							"to": [ 2.91, 0.92, 7.2 ],
							"rotationOrigin": [ 2.4, -0.3, 5.7 ],
							"rotationX": -145.0,
							"faces": {
								"north": { "texture": "#mordant", "uv": [ 8.0, 12.5, 8.5, 13.5 ] },
								"east": { "texture": "#mordant", "uv": [ 8.0, 12.5, 9.5, 13.5 ] },
								"south": { "texture": "#mordant", "uv": [ 8.0, 12.5, 8.5, 13.5 ] },
								"west": { "texture": "#mordant", "uv": [ 8.0, 12.5, 9.5, 13.5 ] },
								"up": { "texture": "#mordant", "uv": [ 8.5, 9.0, 9.0, 10.5 ] },
								"down": { "texture": "#mordant", "uv": [ 8.0, 6.0, 8.5, 7.5 ] }
							}
						}
					]
				},
				{
					"name": "origin",
					"from": [ 2.5, -0.17, 2.4977 ],
					"to": [ 2.5, -0.17, 2.4977 ],
					"rotationOrigin": [ 2.5, -0.1699, 2.4977 ],
					"faces": {
					},
					"children": [
						{
							"name": "lid",
							"from": [ -2.5, 4.5, -2.5 ],
							"to": [ 2.5, 5.0, 2.5 ],
							"rotationOrigin": [ 0.0, 5.0, -2.0 ],
							"faces": {
								"north": { "texture": "#ceramic", "uv": [ 0.0, 12.5, 5.0, 13.0 ] },
								"east": { "texture": "#ceramic", "uv": [ 0.0, 12.0, 5.0, 12.5 ] },
								"south": { "texture": "#ceramic", "uv": [ 0.0, 11.5, 5.0, 12.0 ] },
								"west": { "texture": "#ceramic", "uv": [ 11.0, 11.0, 16.0, 11.5 ] },
								"up": { "texture": "#ceramic", "uv": [ 11.0, 11.0, 16.0, 16.0 ] },
								"down": { "texture": "#ceramic", "uv": [ 6.0, 11.0, 11.0, 16.0 ] }
							},
							"children": [
								{
									"name": "handle",
									"from": [ 1.5, 0.5, 1.5 ],
									"to": [ 3.5, 1.0, 3.5 ],
									"faces": {
										"north": { "texture": "#ceramic", "uv": [ 4.5, 2.5, 6.5, 3.0 ] },
										"east": { "texture": "#ceramic", "uv": [ 0.0, 2.0, 2.0, 2.5 ] },
										"south": { "texture": "#ceramic", "uv": [ 8.5, 2.5, 10.5, 3.0 ] },
										"west": { "texture": "#ceramic", "uv": [ 12.0, 2.5, 14.0, 3.0 ] },
										"up": { "texture": "#ceramic", "uv": [ 6.5, 1.5, 8.5, 3.5 ] }
									}
								},
								{
									"name": "Cube1",
									"from": [ 0.5, -2.4, 0.5 ],
									"to": [ 4.5, 0.4, 4.5 ],
									"rotationOrigin": [ -0.5, -1.9, -0.5 ],
									"faces": {
										"north": { "texture": "#ceramic", "uv": [ 1.0, 11.0, 5.0, 13.5 ] },
										"east": { "texture": "#ceramic", "uv": [ 1.0, 11.5, 5.0, 14.0 ] },
										"south": { "texture": "#ceramic", "uv": [ 1.0, 11.0, 5.0, 13.5 ] },
										"west": { "texture": "#ceramic", "uv": [ 1.0, 12.5, 5.0, 15.0 ] },
										"down": { "texture": "#ceramic", "uv": [ 12.0, 12.0, 16.0, 16.0 ] }
									}
								}
							]
						},
						{
							"name": "lid2",
							"from": [ -2.51, 4.49, -2.51 ],
							"to": [ 2.51, 5.01, 2.51 ],
							"rotationOrigin": [ 0.0, 5.0, -2.0 ],
							"faces": {
								"north": { "texture": "#lid", "uv": [ 0.0, 12.5, 5.0, 13.0 ] },
								"east": { "texture": "#lid", "uv": [ 0.0, 12.0, 5.0, 12.5 ] },
								"south": { "texture": "#lid", "uv": [ 0.0, 11.5, 5.0, 12.0 ] },
								"west": { "texture": "#lid", "uv": [ 11.0, 11.0, 16.0, 11.5 ] },
								"up": { "texture": "#lid", "uv": [ 11.0, 11.0, 16.0, 16.0 ] },
								"down": { "texture": "#lid", "uv": [ 6.0, 11.0, 11.0, 16.0 ] }
							}
						}
					]
				},
				{
					"name": "floor",
					"from": [ 0.5, -0.5, 0.5 ],
					"to": [ 4.5, 0.0, 4.5 ],
					"rotationOrigin": [ 0.5, -0.5, 0.5 ],
					"faces": {
						"north": { "texture": "#ceramic", "uv": [ 1.5, 12.0, 5.5, 12.5 ] },
						"east": { "texture": "#ceramic", "uv": [ 1.5, 12.0, 5.5, 12.5 ] },
						"south": { "texture": "#ceramic", "uv": [ 1.5, 12.0, 5.5, 12.5 ] },
						"west": { "texture": "#ceramic", "uv": [ 1.0, 12.0, 5.0, 12.5 ] },
						"up": { "texture": "#ceramic", "uv": [ 9.5, 1.0, 13.5, 5.0 ] },
						"down": { "texture": "#ceramic", "uv": [ 9.5, 1.0, 13.5, 5.0 ] }
					}
				}
			]
		},
		{
			"name": "mordantTop2",
			"from": [ -0.2062, 1.4588, 1.4602 ],
			"to": [ 2.4938, 4.3588, 1.9602 ],
			"rotationOrigin": [ -0.2062, 1.4588, 1.3702 ],
			"rotationX": 62.6946,
			"rotationY": -0.2136,
			"rotationZ": 1.3232,
			"faces": {
				"north": { "texture": "#mordant", "uv": [ 0.0, 0.0, 2.5, 2.5 ] },
				"east": { "texture": "#mordant", "uv": [ 0.0, 0.5, 0.5, 3.0 ] },
				"south": { "texture": "#mordant", "uv": [ 0.0, 1.0, 2.5, 3.5 ] },
				"west": { "texture": "#mordant", "uv": [ 0.0, 1.5, 0.5, 4.0 ] },
				"up": { "texture": "#mordant", "uv": [ 0.0, 0.0, 2.5, 0.5 ] },
				"down": { "texture": "#mordant", "uv": [ 0.0, 0.0, 2.5, 0.5 ] }
			}
		}
	]}