{
	"editor": {
		"backDropShape": "entity/land/smallstall-classic",
		"collapsedPaths": "Root/ORIGINsaddlebags/StrawBedBody",
		"allAngles": true,
		"entityTextureMode": false
	},
	"textureWidth": 16,
	"textureHeight": 16,
	"textureSizes": {
	},
	"textures": {		
		"mordant": "game:block/cloth/linen/mordant",
		"mordant2": "game:block/cloth/pelt",
		"ceramic": "game:block/clay/pot/brown",
		"lid": "game:block/clay/overlay/crock"
	},
	"elements": [
		{
			"name": "CookingPotBody",
			"from": [ 2.4, -6.5, -5.7 ],
			"to": [ 7.4, -2.5, -0.7 ],
			"rotationOrigin": [ 2.9, -7.0, -1.2 ],
			"rotationX": 2.0,
			"rotationY": -96.0,
			"faces": {
				"north": { "texture": "#ceramic", "uv": [ 1.0, 7.5, 6.0, 11.5 ], "windMode": [-1,-1,-1,-1], "windData": [1,1,1,1] },
				"east": { "texture": "#ceramic", "uv": [ 1.0, 2.0, 6.0, 6.0 ] },
				"south": { "texture": "#ceramic", "uv": [ 1.0, 8.0, 6.0, 12.0 ], "windMode": [-1,-1,-1,-1], "windData": [1,1,1,1] },
				"west": { "texture": "#ceramic", "uv": [ 1.0, 1.5, 6.0, 5.5 ] },
				"up": { "texture": "#ceramic", "uv": [ 9.0, 0.5, 14.0, 5.5 ], "rotation": 90 },
				"down": { "texture": "#ceramic", "uv": [ 9.0, 0.5, 14.0, 5.5 ], "rotation": 90, "windMode": [-1,-1,-1,-1], "windData": [1,1,1,1] }
			},
			"children": [
				{
					"name": "floor",
					"from": [ 0.5, -0.5, 0.5 ],
					"to": [ 4.5, 0.0, 4.5 ],
					"rotationOrigin": [ 3.5, -0.5, 3.5 ],
					"faces": {
						"north": { "texture": "#ceramic", "uv": [ 1.5, 12.0, 5.5, 12.5 ] },
						"east": { "texture": "#ceramic", "uv": [ 1.5, 12.0, 5.5, 12.5 ] },
						"south": { "texture": "#ceramic", "uv": [ 1.5, 12.0, 5.5, 12.5 ] },
						"west": { "texture": "#ceramic", "uv": [ 1.0, 12.0, 5.0, 12.5 ] },
						"up": { "texture": "#ceramic", "uv": [ 9.5, 1.0, 13.5, 5.0 ] },
						"down": { "texture": "#ceramic", "uv": [ 9.5, 1.0, 13.5, 5.0 ] }
					}
				},
				{
					"name": "mordantOrigin",
					"from": [ 0.0, 4.0, 2.2 ],
					"to": [ 0.0, 4.0, 2.2 ],
					"rotationOrigin": [ 0.0, 4.0, 2.7 ],
					"rotationX": 22.0,
					"faces": {
					},
					"children": [
						{
							"name": "mordantW",
							"from": [ -0.5, -0.5, 0.0 ],
							"to": [ 0.0, 1.0, 0.5 ],
							"rotationOrigin": [ -0.5, -0.5, 0.0 ],
							"rotationZ": -2.0,
							"faces": {
								"north": { "texture": "#mordant", "uv": [ 0.0, 0.0, 0.5, 1.5 ] },
								"east": { "texture": "#mordant", "uv": [ 0.0, 0.5, 0.5, 2.0 ] },
								"south": { "texture": "#mordant", "uv": [ 0.0, 1.0, 0.5, 2.5 ] },
								"west": { "texture": "#mordant", "uv": [ 0.0, 1.5, 0.5, 3.0 ] },
								"up": { "texture": "#mordant", "uv": [ 0.0, 0.0, 0.5, 0.5 ] },
								"down": { "texture": "#mordant", "uv": [ 0.0, 0.0, 0.5, 0.5 ] }
							},
							"children": [
								{
									"name": "mordantW2",
									"from": [ 0.0, 1.5, 0.0 ],
									"to": [ 0.5, 6.93, 0.5 ],
									"rotationOrigin": [ 0.0, 1.5, 0.0 ],
									"rotationX": -0.5,
									"rotationY": -1.0,
									"rotationZ": -30.0,
									"faces": {
										"north": { "texture": "#mordant", "uv": [ 0.0, 0.0, 0.5, 5.0 ] },
										"east": { "texture": "#mordant", "uv": [ 0.0, 0.5, 0.5, 5.5 ] },
										"south": { "texture": "#mordant", "uv": [ 0.0, 1.0, 0.5, 6.0 ] },
										"west": { "texture": "#mordant", "uv": [ 0.0, 1.5, 0.5, 6.5 ] },
										"up": { "texture": "#mordant", "uv": [ 0.0, 0.0, 0.5, 0.5 ] },
										"down": { "texture": "#mordant", "uv": [ 0.0, 0.0, 0.5, 0.5 ] }
									}
								}
							]
						},
						{
							"name": "mordantE",
							"from": [ 4.9, -0.5, 0.0 ],
							"to": [ 5.4, 5.5, 0.5 ],
							"rotationOrigin": [ 5.4, -0.5, 0.0 ],
							"rotationZ": 9.0,
							"faces": {
								"north": { "texture": "#mordant", "uv": [ 0.0, 0.0, 0.5, 6.0 ] },
								"east": { "texture": "#mordant", "uv": [ 0.0, 0.5, 0.5, 6.5 ] },
								"south": { "texture": "#mordant", "uv": [ 0.0, 1.0, 0.5, 7.0 ] },
								"west": { "texture": "#mordant", "uv": [ 0.0, 1.5, 0.5, 7.5 ] },
								"up": { "texture": "#mordant", "uv": [ 0.0, 0.0, 0.5, 0.5 ] },
								"down": { "texture": "#mordant", "uv": [ 0.0, 0.0, 0.5, 0.5 ] }
							},
							"children": [
								{
									"name": "mordantTop",
									"from": [ -1.5, 6.0, 0.0 ],
									"to": [ 0.5, 6.5, 0.5 ],
									"rotationOrigin": [ -1.5, 6.5, 0.0 ],
									"rotationX": -1.0,
									"faces": {
										"north": { "texture": "#mordant", "uv": [ 0.0, 0.0, 2.0, 0.5 ] },
										"east": { "texture": "#mordant", "uv": [ 0.0, 0.5, 0.5, 1.0 ] },
										"south": { "texture": "#mordant", "uv": [ 0.0, 1.0, 2.0, 1.5 ] },
										"west": { "texture": "#mordant", "uv": [ 0.0, 1.5, 0.5, 2.0 ] },
										"up": { "texture": "#mordant", "uv": [ 0.0, 0.0, 2.0, 0.5 ] },
										"down": { "texture": "#mordant", "uv": [ 0.0, 0.0, 2.0, 0.5 ] }
									}
								}
							]
						}
					]
				},
				{
					"name": "mordantOrigin2",
					"from": [ 2.7088, 9.3779, 4.0364 ],
					"to": [ 2.7088, 9.3779, 4.0364 ],
					"rotationOrigin": [ 2.7088, 9.3781, 4.5399 ],
					"rotationX": -104.81,
					"rotationY": -12.67,
					"rotationZ": -84.94,
					"faces": {
					},
					"children": [
						{
							"name": "mordantW3",
							"from": [ 0.0, 0.0, 0.0 ],
							"to": [ 0.5, 2.5, 0.5 ],
							"rotationOrigin": [ 0.0, 0.0, 0.0 ],
							"rotationZ": -2.0,
							"faces": {
								"north": { "texture": "#mordant", "uv": [ 0.0, 0.0, 0.5, 2.5 ] },
								"east": { "texture": "#mordant", "uv": [ 0.0, 0.5, 0.5, 3.0 ] },
								"south": { "texture": "#mordant", "uv": [ 0.0, 1.0, 0.5, 3.5 ] },
								"west": { "texture": "#mordant", "uv": [ 0.0, 1.5, 0.5, 4.0 ] },
								"up": { "texture": "#mordant", "uv": [ 0.0, 0.0, 0.5, 0.5 ] },
								"down": { "texture": "#mordant", "uv": [ 0.0, 0.0, 0.5, 0.5 ] }
							},
							"children": [
								{
									"name": "mordantW4",
									"from": [ 0.0, 3.0, 0.0 ],
									"to": [ 0.5, 5.9, 0.5 ],
									"rotationOrigin": [ 0.0, 3.0, 0.0 ],
									"rotationZ": -90.0,
									"faces": {
										"north": { "texture": "#mordant", "uv": [ 0.0, 0.0, 0.5, 2.5 ] },
										"east": { "texture": "#mordant", "uv": [ 0.0, 0.5, 0.5, 3.0 ] },
										"south": { "texture": "#mordant", "uv": [ 0.0, 1.0, 0.5, 3.5 ] },
										"west": { "texture": "#mordant", "uv": [ 0.0, 1.5, 0.5, 4.0 ] },
										"up": { "texture": "#mordant", "uv": [ 0.0, 0.0, 0.5, 0.5 ] },
										"down": { "texture": "#mordant", "uv": [ 0.0, 0.0, 0.5, 0.5 ] }
									}
								}
							]
						},
						{
							"name": "mordantE2",
							"from": [ 0.0, 0.0, 0.0 ],
							"to": [ 0.5, 2.5, 0.5 ],
							"rotationOrigin": [ 0.5, 0.0, 0.0 ],
							"rotationZ": -90.0,
							"faces": {
								"north": { "texture": "#mordant", "uv": [ 0.0, 0.0, 0.5, 2.5 ] },
								"east": { "texture": "#mordant", "uv": [ 0.0, 0.5, 0.5, 3.0 ] },
								"south": { "texture": "#mordant", "uv": [ 0.0, 1.0, 0.5, 3.5 ] },
								"west": { "texture": "#mordant", "uv": [ 0.0, 1.5, 0.5, 4.0 ] },
								"up": { "texture": "#mordant", "uv": [ 0.0, 0.0, 0.5, 0.5 ] },
								"down": { "texture": "#mordant", "uv": [ 0.0, 0.0, 0.5, 0.5 ] }
							},
							"children": [
								{
									"name": "mordantTop2",
									"from": [ -2.0, 2.0, 0.0 ],
									"to": [ 0.0, 2.5, 0.5 ],
									"rotationOrigin": [ -2.0, 2.5, 0.0 ],
									"rotationX": -1.0,
									"faces": {
										"north": { "texture": "#mordant", "uv": [ 0.0, 0.0, 2.0, 0.5 ] },
										"east": { "texture": "#mordant", "uv": [ 0.0, 0.5, 0.5, 1.0 ] },
										"south": { "texture": "#mordant", "uv": [ 0.0, 1.0, 2.0, 1.5 ] },
										"west": { "texture": "#mordant", "uv": [ 0.0, 1.5, 0.5, 2.0 ] },
										"up": { "texture": "#mordant", "uv": [ 0.0, 0.0, 2.0, 0.5 ] },
										"down": { "texture": "#mordant", "uv": [ 0.0, 0.0, 2.0, 0.5 ] }
									}
								}
							]
						}
					]
				}
			]
		},
		{
			"name": "Leather",
			"from": [ 2.0, -6.04, -1.66 ],
			"to": [ 7.4, -3.04, 3.74 ],
			"rotationOrigin": [ 5.0, -6.0413, 1.3359 ],
			"rotationX": 2.0,
			"rotationY": -6.0,
			"faces": {
				"north": { "texture": "#mordant2", "uv": [ 8.0, 12.5, 13.0, 15.5 ] },
				"east": { "texture": "#mordant2", "uv": [ 8.0, 12.5, 13.0, 15.5 ] },
				"south": { "texture": "#mordant2", "uv": [ 8.0, 12.5, 13.0, 15.5 ] },
				"west": { "texture": "#mordant2", "uv": [ 8.0, 12.5, 13.0, 15.5 ] },
				"up": { "texture": "#mordant2", "uv": [ 8.5, 9.0, 13.5, 14.0 ] },
				"down": { "texture": "#mordant2", "uv": [ 8.0, 6.0, 13.0, 11.0 ] }
			},
			"children": [
				{
					"name": "Leather2",
					"from": [ -0.3, 2.7, -0.3 ],
					"to": [ 5.7, 3.2, 5.7 ],
					"rotationOrigin": [ 2.7, 2.7, 2.7 ],
					"faces": {
						"north": { "texture": "#mordant", "uv": [ 8.0, 12.5, 14.0, 13.0 ] },
						"east": { "texture": "#mordant", "uv": [ 8.0, 12.5, 14.0, 13.0 ] },
						"south": { "texture": "#mordant", "uv": [ 8.0, 12.5, 14.0, 13.0 ] },
						"west": { "texture": "#mordant", "uv": [ 8.0, 12.5, 14.0, 13.0 ] },
						"up": { "texture": "#mordant", "uv": [ 8.5, 9.0, 14.5, 15.0 ] },
						"down": { "texture": "#mordant", "uv": [ 8.0, 6.0, 14.0, 12.0 ] }
					}
				},
				{
					"name": "Leather3",
					"from": [ -0.3, -0.1, -0.5 ],
					"to": [ 5.7, 0.4, 2.7 ],
					"rotationOrigin": [ 2.7, -0.1, 2.5 ],
					"rotationX": 90.0,
					"faces": {
						"north": { "texture": "#mordant", "uv": [ 8.0, 12.5, 14.0, 13.0 ] },
						"east": { "texture": "#mordant", "uv": [ 8.0, 12.5, 11.0, 13.0 ] },
						"south": { "texture": "#mordant", "uv": [ 8.0, 12.5, 14.0, 13.0 ] },
						"west": { "texture": "#mordant", "uv": [ 8.0, 12.5, 11.0, 13.0 ] },
						"up": { "texture": "#mordant", "uv": [ 8.5, 9.0, 14.5, 12.0 ] },
						"down": { "texture": "#mordant", "uv": [ 8.0, 6.0, 14.0, 9.0 ] }
					}
				},
				{
					"name": "Leather4",
					"from": [ -0.31, -0.29, 2.5 ],
					"to": [ 1.29, 0.21, 3.72 ],
					"rotationOrigin": [ -0.3, -0.3, 2.5 ],
					"rotationX": 90.0,
					"rotationY": 35.0,
					"faces": {
						"north": { "texture": "#mordant", "uv": [ 8.0, 12.5, 9.5, 13.0 ] },
						"east": { "texture": "#mordant", "uv": [ 8.0, 12.5, 9.0, 13.0 ] },
						"south": { "texture": "#mordant", "uv": [ 8.0, 12.5, 9.5, 13.0 ] },
						"west": { "texture": "#mordant", "uv": [ 8.0, 12.5, 9.0, 13.0 ] },
						"up": { "texture": "#mordant", "uv": [ 8.5, 9.0, 10.0, 10.0 ] },
						"down": { "texture": "#mordant", "uv": [ 8.0, 6.0, 9.5, 7.0 ] }
					}
				},
				{
					"name": "Leather5",
					"from": [ 0.4, -2.8, -0.5 ],
					"to": [ 5.0, -2.3, 1.0 ],
					"rotationOrigin": [ 3.4, -2.8, 2.5 ],
					"rotationX": 90.0,
					"faces": {
						"north": { "texture": "#mordant", "uv": [ 8.0, 12.5, 12.5, 13.0 ] },
						"east": { "texture": "#mordant", "uv": [ 8.0, 12.5, 9.5, 13.0 ] },
						"south": { "texture": "#mordant", "uv": [ 8.0, 12.5, 12.5, 13.0 ] },
						"west": { "texture": "#mordant", "uv": [ 8.0, 12.5, 9.5, 13.0 ] },
						"up": { "texture": "#mordant", "uv": [ 8.5, 9.0, 13.0, 10.5 ] },
						"down": { "texture": "#mordant", "uv": [ 8.0, 6.0, 12.5, 7.5 ] }
					}
				},
				{
					"name": "Leather6",
					"from": [ -0.3, -0.3, -0.3 ],
					"to": [ 5.7, 0.2, 5.7 ],
					"rotationOrigin": [ 2.7, -0.3, 2.7 ],
					"faces": {
						"north": { "texture": "#mordant", "uv": [ 8.0, 12.5, 14.0, 13.0 ] },
						"east": { "texture": "#mordant", "uv": [ 8.0, 12.5, 14.0, 13.0 ] },
						"south": { "texture": "#mordant", "uv": [ 8.0, 12.5, 14.0, 13.0 ] },
						"west": { "texture": "#mordant", "uv": [ 8.0, 12.5, 14.0, 13.0 ] },
						"up": { "texture": "#mordant", "uv": [ 8.5, 9.0, 14.5, 15.0 ] },
						"down": { "texture": "#mordant", "uv": [ 8.0, 6.0, 14.0, 12.0 ] }
					}
				},
				{
					"name": "Leather7",
					"from": [ -0.5, -0.3, -0.3 ],
					"to": [ 5.5, 0.2, 2.2 ],
					"rotationOrigin": [ 2.5, -0.3, 2.7 ],
					"rotationX": 90.0,
					"rotationZ": -90.0,
					"faces": {
						"north": { "texture": "#mordant", "uv": [ 8.0, 12.5, 14.0, 13.0 ] },
						"east": { "texture": "#mordant", "uv": [ 8.0, 12.5, 10.5, 13.0 ] },
						"south": { "texture": "#mordant", "uv": [ 8.0, 12.5, 14.0, 13.0 ] },
						"west": { "texture": "#mordant", "uv": [ 8.0, 12.5, 10.5, 13.0 ] },
						"up": { "texture": "#mordant", "uv": [ 8.5, 9.0, 14.5, 11.5 ] },
						"down": { "texture": "#mordant", "uv": [ 8.0, 6.0, 14.0, 8.5 ] }
					}
				},
				{
					"name": "Leather8",
					"from": [ -0.6, -2.8, -1.0 ],
					"to": [ 4.0, -2.3, 0.5 ],
					"rotationOrigin": [ 2.4, -2.8, 2.0 ],
					"rotationX": 90.0,
					"rotationZ": -90.0,
					"faces": {
						"north": { "texture": "#mordant", "uv": [ 8.0, 12.5, 12.5, 13.0 ] },
						"east": { "texture": "#mordant", "uv": [ 8.0, 12.5, 9.5, 13.0 ] },
						"south": { "texture": "#mordant", "uv": [ 8.0, 12.5, 12.5, 13.0 ] },
						"west": { "texture": "#mordant", "uv": [ 8.0, 12.5, 9.5, 13.0 ] },
						"up": { "texture": "#mordant", "uv": [ 8.5, 9.0, 13.0, 10.5 ] },
						"down": { "texture": "#mordant", "uv": [ 8.0, 6.0, 12.5, 7.5 ] }
					}
				},
				{
					"name": "Leather10",
					"from": [ 5.7, -0.29, 2.5 ],
					"to": [ 6.92, 0.21, 4.0 ],
					"rotationOrigin": [ 5.7, -0.3, 2.5 ],
					"rotationX": -90.0,
					"rotationY": -55.0,
					"rotationZ": 180.0,
					"faces": {
						"north": { "texture": "#mordant", "uv": [ 8.0, 12.5, 9.0, 13.0 ] },
						"east": { "texture": "#mordant", "uv": [ 8.0, 12.5, 9.5, 13.0 ] },
						"south": { "texture": "#mordant", "uv": [ 8.0, 12.5, 9.0, 13.0 ] },
						"west": { "texture": "#mordant", "uv": [ 8.0, 12.5, 9.5, 13.0 ] },
						"up": { "texture": "#mordant", "uv": [ 8.5, 9.0, 9.5, 10.5 ] },
						"down": { "texture": "#mordant", "uv": [ 8.0, 6.0, 9.0, 7.5 ] }
					}
				},
				{
					"name": "Leather11",
					"from": [ 2.41, -0.3, -0.3 ],
					"to": [ 2.91, 1.2, 0.92 ],
					"rotationOrigin": [ 2.4, -0.3, -0.3 ],
					"rotationX": 55.0,
					"faces": {
						"north": { "texture": "#mordant", "uv": [ 8.0, 12.5, 8.5, 14.0 ] },
						"east": { "texture": "#mordant", "uv": [ 8.0, 12.5, 9.0, 14.0 ] },
						"south": { "texture": "#mordant", "uv": [ 8.0, 12.5, 8.5, 14.0 ] },
						"west": { "texture": "#mordant", "uv": [ 8.0, 12.5, 9.0, 14.0 ] },
						"up": { "texture": "#mordant", "uv": [ 8.5, 9.0, 9.0, 10.0 ] },
						"down": { "texture": "#mordant", "uv": [ 8.0, 6.0, 8.5, 7.0 ] }
					}
				},
				{
					"name": "Leather12",
					"from": [ 2.41, -0.3, 5.7 ],
					"to": [ 2.91, 0.92, 7.2 ],
					"rotationOrigin": [ 2.4, -0.3, 5.7 ],
					"rotationX": -145.0,
					"faces": {
						"north": { "texture": "#mordant", "uv": [ 8.0, 12.5, 8.5, 13.5 ] },
						"east": { "texture": "#mordant", "uv": [ 8.0, 12.5, 9.5, 13.5 ] },
						"south": { "texture": "#mordant", "uv": [ 8.0, 12.5, 8.5, 13.5 ] },
						"west": { "texture": "#mordant", "uv": [ 8.0, 12.5, 9.5, 13.5 ] },
						"up": { "texture": "#mordant", "uv": [ 8.5, 9.0, 9.0, 10.5 ] },
						"down": { "texture": "#mordant", "uv": [ 8.0, 6.0, 8.5, 7.5 ] }
					}
				},
				{
					"name": "origin",
					"from": [ 2.6, -0.7, 2.7 ],
					"to": [ 2.6, -0.7, 2.7 ],
					"rotationOrigin": [ 2.6, -0.7, 2.7 ],
					"faces": {
					},
					"children": [
						{
							"name": "lid",
							"from": [ -2.5, 4.5, -2.5 ],
							"to": [ 2.5, 5.0, 2.5 ],
							"rotationOrigin": [ 0.0, 5.0, -2.0 ],
							"faces": {
								"north": { "texture": "#ceramic", "uv": [ 0.0, 12.5, 5.0, 13.0 ] },
								"east": { "texture": "#ceramic", "uv": [ 0.0, 12.0, 5.0, 12.5 ] },
								"south": { "texture": "#ceramic", "uv": [ 0.0, 11.5, 5.0, 12.0 ] },
								"west": { "texture": "#ceramic", "uv": [ 11.0, 11.0, 16.0, 11.5 ] },
								"up": { "texture": "#ceramic", "uv": [ 11.0, 11.0, 16.0, 16.0 ] },
								"down": { "texture": "#ceramic", "uv": [ 6.0, 11.0, 11.0, 16.0 ] }
							},
							"children": [
								{
									"name": "handle",
									"from": [ 1.5, 0.5, 1.5 ],
									"to": [ 3.5, 1.0, 3.5 ],
									"faces": {
										"north": { "texture": "#ceramic", "uv": [ 4.5, 2.5, 6.5, 3.0 ] },
										"east": { "texture": "#ceramic", "uv": [ 0.0, 2.0, 2.0, 2.5 ] },
										"south": { "texture": "#ceramic", "uv": [ 8.5, 2.5, 10.5, 3.0 ] },
										"west": { "texture": "#ceramic", "uv": [ 12.0, 2.5, 14.0, 3.0 ] },
										"up": { "texture": "#ceramic", "uv": [ 6.5, 1.5, 8.5, 3.5 ] }
									}
								},
								{
									"name": "Cube1",
									"from": [ 0.5, -0.5, 0.5 ],
									"to": [ 4.5, 0.0, 4.5 ],
									"rotationOrigin": [ -0.5, 0.0, -0.5 ],
									"faces": {
										"north": { "texture": "#ceramic", "uv": [ 1.0, 11.0, 5.0, 11.5 ] },
										"east": { "texture": "#ceramic", "uv": [ 1.0, 11.5, 5.0, 12.0 ] },
										"south": { "texture": "#ceramic", "uv": [ 1.0, 11.0, 5.0, 11.5 ] },
										"west": { "texture": "#ceramic", "uv": [ 1.0, 12.5, 5.0, 13.0 ] },
										"down": { "texture": "#ceramic", "uv": [ 12.0, 12.0, 16.0, 16.0 ] }
									}
								}
							]
						},
						{
							"name": "lid2",
							"from": [ -2.51, 4.49, -2.51 ],
							"to": [ 2.51, 5.01, 2.51 ],
							"rotationOrigin": [ 0.0, 5.0, -2.0 ],
							"faces": {
								"north": { "texture": "#lid", "uv": [ 0.0, 12.5, 5.0, 13.0 ] },
								"east": { "texture": "#lid", "uv": [ 0.0, 12.0, 5.0, 12.5 ] },
								"south": { "texture": "#lid", "uv": [ 0.0, 11.5, 5.0, 12.0 ] },
								"west": { "texture": "#lid", "uv": [ 11.0, 11.0, 16.0, 11.5 ] },
								"up": { "texture": "#lid", "uv": [ 11.0, 11.0, 16.0, 16.0 ] },
								"down": { "texture": "#lid", "uv": [ 6.0, 11.0, 11.0, 16.0 ] }
							}
						}
					]
				}
			]
		}
	]}