{
	"editor": {
		"backDropShape": "C:/Users/Cal/AppData/Roaming/VintagestoryData/Mods/koboldplayerrdx_1.0.23/assets/koboldrdx/shapes/entity/humanoid/kobold-faceless",
		"collapsedPaths": "Root/FootR/StrapR2,Root/FootR/StrapR3,Root/FootR/StrapR1",
		"allAngles": false,
		"entityTextureMode": true
	},
	"textureWidth": 16,
	"textureHeight": 24,
	"textureSizes": {
		"beekeeper": [16,24]
	},
	"textures": {
		"beekeeper": "entity/humanoid/villagerclothes/foot/beekeeper"
	},
	"elements": [
		{
			"name": "shoeL",
			"stepParentName": "PawL",
			"from": [ -0.1, -0.1, -0.1 ],
			"to": [ 3.1, 5.9, 3.1 ],
			"autoUnwrap": false,
			"uv": [ 0.0, 10.0 ],
			"rotationOrigin": [ 0.0, 0.5, 2.0 ],
			"faces": {
				"north": { "texture": "#beekeeper", "uv": [ 0.0, 10.0, 3.0, 16.0 ] },
				"east": { "texture": "#beekeeper", "uv": [ 11.0, 10.0, 14.0, 16.0 ] },
				"south": { "texture": "#beekeeper", "uv": [ 7.0, 10.0, 10.0, 16.0 ] },
				"west": { "texture": "#beekeeper", "uv": [ 4.0, 10.0, 7.0, 16.0 ] },
				"up": { "texture": "#beekeeper", "uv": [ 12.0, 0.0, 15.0, 3.0 ] },
				"down": { "texture": "#beekeeper", "uv": [ 4.0, 0.0, 7.0, 3.0 ], "windMode": [-1,-1,-1,-1] }
			},
			"children": [
				{
					"name": "hideshoeL",
					"from": [ 0.0, 0.0, 0.0 ],
					"to": [ 1.0, 1.0, 1.0 ],
					"uv": [ 0.0, 0.0 ],
					"faces": {
					},
					"children": [
						{
							"name": "N-FlapL",
							"from": [ 0.04, 5.9, 0.0 ],
							"to": [ 3.19, 6.9, 0.2 ],
							"autoUnwrap": false,
							"uv": [ 0.0, 8.5 ],
							"rotationOrigin": [ 0.1, 6.0, 0.0 ],
							"rotationX": -5.0,
							"faces": {
								"north": { "texture": "#beekeeper", "uv": [ 0.0, 9.0, 3.0, 10.0 ] },
								"east": { "texture": "#beekeeper", "uv": [ 0.0, 9.0, 0.5, 10.0 ], "windMode": [-1,-1,-1,-1] },
								"south": { "texture": "#beekeeper", "uv": [ 7.0, 5.5, 10.0, 6.5 ] },
								"west": { "texture": "#beekeeper", "uv": [ 3.5, 9.0, 4.0, 10.0 ] },
								"up": { "texture": "#beekeeper", "uv": [ 0.0, 8.5, 3.0, 9.0 ] }
							}
						},
						{
							"name": "S-FlapL",
							"from": [ 0.04, 5.9, 3.0 ],
							"to": [ 3.19, 6.9, 3.2 ],
							"autoUnwrap": false,
							"uv": [ 2.5, 8.5 ],
							"rotationOrigin": [ 0.1, 6.0, 3.2 ],
							"rotationX": 20.0,
							"faces": {
								"north": { "texture": "#beekeeper", "uv": [ 0.0, 5.5, 3.0, 6.5 ] },
								"east": { "texture": "#beekeeper", "uv": [ 10.5, 9.0, 11.0, 10.0 ], "windMode": [-1,-1,-1,-1] },
								"south": { "texture": "#beekeeper", "uv": [ 7.0, 9.0, 10.0, 10.0 ], "windMode": [-1,-1,-1,-1] },
								"west": { "texture": "#beekeeper", "uv": [ 7.0, 9.0, 7.5, 10.0 ] },
								"up": { "texture": "#beekeeper", "uv": [ 7.0, 8.5, 10.0, 9.0 ], "windMode": [-1,-1,-1,-1] }
							}
						},
						{
							"name": "Back-FlapL",
							"from": [ 3.0, 6.0, 0.0 ],
							"to": [ 3.2, 7.0, 3.2 ],
							"autoUnwrap": false,
							"uv": [ 1.5, 1.5 ],
							"rotationOrigin": [ 3.0, 6.0, 2.0 ],
							"rotationZ": -15.0,
							"faces": {
								"north": { "texture": "#beekeeper", "uv": [ 11.0, 9.0, 11.5, 10.0 ] },
								"east": { "texture": "#beekeeper", "uv": [ 11.0, 9.0, 14.0, 10.0 ] },
								"south": { "texture": "#beekeeper", "uv": [ 13.5, 9.0, 14.0, 10.0 ] },
								"west": { "texture": "#beekeeper", "uv": [ 11.0, 5.5, 14.0, 6.5 ] },
								"up": { "texture": "#beekeeper", "uv": [ 11.0, 8.5, 14.0, 9.0 ], "rotation": 90 }
							}
						},
						{
							"name": "Front-FlapL",
							"from": [ -0.1, 5.0, 0.0 ],
							"to": [ 0.1, 6.0, 3.2 ],
							"autoUnwrap": false,
							"uv": [ 1.5, 1.5 ],
							"rotationOrigin": [ -0.1, 5.0, 2.0 ],
							"rotationZ": 45.0,
							"faces": {
								"north": { "texture": "#beekeeper", "uv": [ 4.0, 9.0, 4.5, 10.0 ] },
								"east": { "texture": "#beekeeper", "uv": [ 4.0, 5.5, 7.0, 6.5 ] },
								"south": { "texture": "#beekeeper", "uv": [ 6.5, 9.0, 7.0, 10.0 ] },
								"west": { "texture": "#beekeeper", "uv": [ 4.0, 9.0, 7.0, 10.0 ] },
								"up": { "texture": "#beekeeper", "uv": [ 4.0, 8.5, 7.0, 9.0 ], "rotation": 90 }
							}
						},
						{
							"name": "StrapL1",
							"from": [ -0.1, 3.0, 1.3 ],
							"to": [ 2.9, 3.5, 3.3 ],
							"autoUnwrap": false,
							"uv": [ 0.0, 3.0 ],
							"rotationOrigin": [ 0.0, 3.0, 1.4 ],
							"faces": {
								"north": { "texture": "#beekeeper", "uv": [ 13.0, 8.0, 16.0, 8.5 ] },
								"east": { "texture": "#beekeeper", "uv": [ 14.0, 10.0, 16.0, 10.5 ] },
								"south": { "texture": "#beekeeper", "uv": [ 14.5, 13.0, 15.0, 16.0 ], "rotation": 90 },
								"west": { "texture": "#beekeeper", "uv": [ 14.5, 11.0, 15.0, 13.0 ], "rotation": 90 },
								"up": { "texture": "#beekeeper", "uv": [ 13.0, 3.0, 16.0, 5.0 ] },
								"down": { "texture": "#beekeeper", "uv": [ 10.0, 3.0, 13.0, 5.0 ] }
							},
							"children": [
								{
									"name": "BuckleL1",
									"from": [ 1.0, -0.1, 1.4 ],
									"to": [ 1.7, 0.6, 1.9 ],
									"uv": [ 0.0, 3.0 ],
									"rotationOrigin": [ 1.0, 0.2, 1.9 ],
									"rotationY": -10.0,
									"faces": {
										"east": { "texture": "#beekeeper", "uv": [ 0.0, 3.5, 0.5, 4.0 ] },
										"south": { "texture": "#beekeeper", "uv": [ 0.5, 3.5, 1.0, 4.0 ] },
										"up": { "texture": "#beekeeper", "uv": [ 0.0, 3.0, 0.5, 3.5 ] },
										"down": { "texture": "#beekeeper", "uv": [ 0.5, 3.0, 1.0, 3.5 ] }
									}
								},
								{
									"name": "PinL1",
									"from": [ 1.0, 0.2, 1.95 ],
									"to": [ 2.0, 0.3, 2.05 ],
									"uv": [ 2.0, 3.0 ],
									"rotationOrigin": [ 1.0, 0.2, 2.0 ],
									"faces": {
										"east": { "texture": "#beekeeper", "uv": [ 2.0, 3.5, 2.5, 4.0 ] },
										"south": { "texture": "#beekeeper", "uv": [ 2.5, 3.5, 3.5, 4.0 ] },
										"west": { "texture": "#beekeeper", "uv": [ 3.5, 3.5, 4.0, 4.0 ] },
										"up": { "texture": "#beekeeper", "uv": [ 2.0, 3.0, 3.0, 3.5 ] },
										"down": { "texture": "#beekeeper", "uv": [ 3.0, 3.0, 4.0, 3.5 ] }
									}
								}
							]
						},
						{
							"name": "StrapL2",
							"from": [ -0.1, 4.0, 1.3 ],
							"to": [ 2.9, 4.5, 3.3 ],
							"autoUnwrap": false,
							"uv": [ 0.0, 3.0 ],
							"rotationOrigin": [ 0.0, 4.0, 1.4 ],
							"faces": {
								"north": { "texture": "#beekeeper", "uv": [ 10.0, 8.0, 13.0, 8.5 ] },
								"east": { "texture": "#beekeeper", "uv": [ 14.0, 9.5, 16.0, 10.0 ] },
								"south": { "texture": "#beekeeper", "uv": [ 15.0, 13.0, 15.5, 16.0 ], "rotation": 90 },
								"west": { "texture": "#beekeeper", "uv": [ 15.0, 11.0, 15.5, 13.0 ], "rotation": 90 },
								"up": { "texture": "#beekeeper", "uv": [ 13.0, 3.0, 16.0, 5.0 ] },
								"down": { "texture": "#beekeeper", "uv": [ 10.0, 3.0, 13.0, 5.0 ] }
							},
							"children": [
								{
									"name": "BuckleL2",
									"from": [ 1.0, -0.1, 1.4 ],
									"to": [ 1.7, 0.6, 1.9 ],
									"uv": [ 0.5, 3.0 ],
									"rotationOrigin": [ 1.0, 0.2, 1.9 ],
									"rotationY": -10.0,
									"faces": {
										"east": { "texture": "#beekeeper", "uv": [ 0.5, 3.5, 1.0, 4.0 ] },
										"south": { "texture": "#beekeeper", "uv": [ 1.0, 3.5, 1.5, 4.0 ] },
										"up": { "texture": "#beekeeper", "uv": [ 0.5, 3.0, 1.0, 3.5 ] },
										"down": { "texture": "#beekeeper", "uv": [ 1.0, 3.0, 1.5, 3.5 ] }
									}
								},
								{
									"name": "PinL2",
									"from": [ 1.0, 0.2, 1.95 ],
									"to": [ 2.0, 0.3, 2.05 ],
									"uv": [ 2.0, 3.5 ],
									"rotationOrigin": [ 1.0, 0.2, 2.0 ],
									"faces": {
										"east": { "texture": "#beekeeper", "uv": [ 2.0, 4.0, 2.5, 4.5 ] },
										"south": { "texture": "#beekeeper", "uv": [ 2.5, 4.0, 3.5, 4.5 ] },
										"west": { "texture": "#beekeeper", "uv": [ 3.5, 4.0, 4.0, 4.5 ] },
										"up": { "texture": "#beekeeper", "uv": [ 2.0, 3.5, 3.0, 4.0 ] },
										"down": { "texture": "#beekeeper", "uv": [ 3.0, 3.5, 4.0, 4.0 ] }
									}
								}
							]
						},
						{
							"name": "StrapL3",
							"from": [ -0.1, 5.0, 1.3 ],
							"to": [ 2.9, 5.5, 3.3 ],
							"autoUnwrap": false,
							"uv": [ 0.0, 2.5 ],
							"rotationOrigin": [ 0.0, 5.0, 1.4 ],
							"faces": {
								"north": { "texture": "#beekeeper", "uv": [ 7.0, 8.0, 10.0, 8.5 ] },
								"east": { "texture": "#beekeeper", "uv": [ 14.0, 9.0, 16.0, 9.5 ] },
								"south": { "texture": "#beekeeper", "uv": [ 15.5, 13.0, 16.0, 16.0 ], "rotation": 90 },
								"west": { "texture": "#beekeeper", "uv": [ 15.5, 11.0, 16.0, 13.0 ], "rotation": 90 },
								"up": { "texture": "#beekeeper", "uv": [ 13.0, 3.0, 16.0, 5.0 ] },
								"down": { "texture": "#beekeeper", "uv": [ 10.0, 3.0, 13.0, 5.0 ] }
							},
							"children": [
								{
									"name": "BuckleL3",
									"from": [ 1.0, -0.1, 1.4 ],
									"to": [ 1.7, 0.6, 1.9 ],
									"uv": [ 0.5, 3.5 ],
									"rotationOrigin": [ 1.0, 0.2, 1.9 ],
									"rotationY": -10.0,
									"faces": {
										"east": { "texture": "#beekeeper", "uv": [ 0.5, 4.0, 1.0, 4.5 ] },
										"south": { "texture": "#beekeeper", "uv": [ 1.0, 4.0, 1.5, 4.5 ] },
										"up": { "texture": "#beekeeper", "uv": [ 0.5, 3.5, 1.0, 4.0 ] },
										"down": { "texture": "#beekeeper", "uv": [ 1.0, 3.5, 1.5, 4.0 ] }
									}
								},
								{
									"name": "PinL3",
									"from": [ 1.0, 0.2, 1.95 ],
									"to": [ 2.0, 0.3, 2.05 ],
									"uv": [ 2.5, 3.0 ],
									"rotationOrigin": [ 1.0, 0.2, 2.0 ],
									"faces": {
										"east": { "texture": "#beekeeper", "uv": [ 2.5, 3.5, 3.0, 4.0 ] },
										"south": { "texture": "#beekeeper", "uv": [ 3.0, 3.5, 4.0, 4.0 ] },
										"west": { "texture": "#beekeeper", "uv": [ 4.0, 3.5, 4.5, 4.0 ] },
										"up": { "texture": "#beekeeper", "uv": [ 2.5, 3.0, 3.5, 3.5 ] },
										"down": { "texture": "#beekeeper", "uv": [ 3.5, 3.0, 4.5, 3.5 ] }
									}
								}
							]
						}
					]
				},
				{
					"name": "showshoeL",
					"from": [ 0.0, 6.0, 0.0 ],
					"to": [ 3.2, 7.0, 3.2 ],
					"unwrapMode": 4,
					"autoUnwrap": false,
					"uv": [ 0.0, 5.0 ],
					"rotationOrigin": [ 0.0, 6.0, 0.0 ],
					"faces": {
						"north": { "texture": "#beekeeper", "uv": [ 0.0, 9.0, 3.0, 10.0 ] },
						"east": { "texture": "#beekeeper", "uv": [ 11.0, 9.0, 14.0, 10.0 ] },
						"south": { "texture": "#beekeeper", "uv": [ 7.0, 9.0, 10.0, 10.0 ] },
						"west": { "texture": "#beekeeper", "uv": [ 4.0, 9.0, 7.0, 10.0 ] },
						"up": { "texture": "#beekeeper", "uv": [ 12.0, 0.0, 15.0, 3.0 ] }
					}
				}
			]
		},
		{
			"name": "shoeR",
			"stepParentName": "PawR",
			"from": [ -0.1, -0.1, -0.1 ],
			"to": [ 3.1, 5.9, 3.1 ],
			"autoUnwrap": false,
			"uv": [ 0.0, 10.0 ],
			"rotationOrigin": [ 0.0, 0.5, 2.0 ],
			"faces": {
				"north": { "texture": "#beekeeper", "uv": [ 0.0, 18.0, 3.0, 24.0 ] },
				"east": { "texture": "#beekeeper", "uv": [ 11.0, 18.0, 14.0, 24.0 ] },
				"south": { "texture": "#beekeeper", "uv": [ 7.0, 18.0, 10.0, 24.0 ] },
				"west": { "texture": "#beekeeper", "uv": [ 4.0, 18.0, 7.0, 24.0 ] },
				"up": { "texture": "#beekeeper", "uv": [ 8.0, 0.0, 11.0, 3.0 ] },
				"down": { "texture": "#beekeeper", "uv": [ 0.0, 0.0, 3.0, 3.0 ] }
			},
			"children": [
				{
					"name": "hideshoeR",
					"from": [ 0.0, 6.0, 0.0 ],
					"to": [ 1.0, 7.0, 1.0 ],
					"uv": [ 0.0, 0.0 ],
					"rotationOrigin": [ 0.0, 6.0, 0.0 ],
					"faces": {
					},
					"children": [
						{
							"name": "N-FlapR",
							"from": [ 0.04, -0.1, 0.0 ],
							"to": [ 3.19, 0.9, 0.2 ],
							"autoUnwrap": false,
							"uv": [ 0.0, 8.5 ],
							"rotationOrigin": [ 0.1, 0.0, 0.0 ],
							"rotationX": -20.0,
							"faces": {
								"north": { "texture": "#beekeeper", "uv": [ 0.0, 17.0, 3.0, 18.0 ] },
								"east": { "texture": "#beekeeper", "uv": [ 0.0, 17.0, 0.5, 18.0 ] },
								"south": { "texture": "#beekeeper", "uv": [ 0.0, 7.0, 3.0, 8.0 ] },
								"west": { "texture": "#beekeeper", "uv": [ 3.5, 17.0, 4.0, 18.0 ] },
								"up": { "texture": "#beekeeper", "uv": [ 0.0, 16.5, 3.0, 17.0 ] }
							}
						},
						{
							"name": "S-FlapR",
							"from": [ 0.04, -0.1, 3.0 ],
							"to": [ 3.19, 0.9, 3.2 ],
							"autoUnwrap": false,
							"uv": [ 2.5, 8.5 ],
							"rotationOrigin": [ 0.1, 0.0, 3.2 ],
							"rotationX": 5.0,
							"faces": {
								"north": { "texture": "#beekeeper", "uv": [ 7.0, 7.0, 10.0, 8.0 ] },
								"east": { "texture": "#beekeeper", "uv": [ 10.5, 17.0, 11.0, 18.0 ] },
								"south": { "texture": "#beekeeper", "uv": [ 7.0, 17.0, 10.0, 18.0 ] },
								"west": { "texture": "#beekeeper", "uv": [ 7.0, 17.0, 7.5, 18.0 ] },
								"up": { "texture": "#beekeeper", "uv": [ 7.0, 16.5, 10.0, 17.0 ] }
							}
						},
						{
							"name": "Back-FlapR",
							"from": [ 3.0, 0.0, 0.0 ],
							"to": [ 3.2, 1.0, 3.2 ],
							"autoUnwrap": false,
							"uv": [ 3.0, 1.5 ],
							"rotationOrigin": [ 3.0, 0.0, 2.0 ],
							"rotationZ": -15.0,
							"faces": {
								"north": { "texture": "#beekeeper", "uv": [ 11.0, 17.0, 11.5, 18.0 ] },
								"east": { "texture": "#beekeeper", "uv": [ 11.0, 17.0, 14.0, 18.0 ] },
								"south": { "texture": "#beekeeper", "uv": [ 13.5, 17.0, 14.0, 18.0 ] },
								"west": { "texture": "#beekeeper", "uv": [ 11.0, 7.0, 14.0, 8.0 ] },
								"up": { "texture": "#beekeeper", "uv": [ 11.0, 16.5, 14.0, 17.0 ], "rotation": 90 }
							}
						},
						{
							"name": "Front-FlapR",
							"from": [ -0.1, -1.0, 0.0 ],
							"to": [ 0.1, 0.0, 3.2 ],
							"autoUnwrap": false,
							"uv": [ 3.0, 4.0 ],
							"rotationOrigin": [ -0.1, -1.0, 2.0 ],
							"rotationZ": 45.0,
							"faces": {
								"north": { "texture": "#beekeeper", "uv": [ 4.0, 17.0, 4.5, 18.0 ] },
								"east": { "texture": "#beekeeper", "uv": [ 4.0, 7.0, 7.0, 8.0 ] },
								"south": { "texture": "#beekeeper", "uv": [ 6.5, 17.0, 7.0, 18.0 ] },
								"west": { "texture": "#beekeeper", "uv": [ 4.0, 17.0, 7.0, 18.0 ] },
								"up": { "texture": "#beekeeper", "uv": [ 4.0, 16.5, 7.0, 17.0 ], "rotation": 90 }
							}
						},
						{
							"name": "StrapR1",
							"from": [ -0.1, -3.0, -0.1 ],
							"to": [ 2.9, -2.5, 1.9 ],
							"autoUnwrap": false,
							"uv": [ 1.5, 3.0 ],
							"rotationOrigin": [ 0.0, -3.0, 0.4 ],
							"faces": {
								"north": { "texture": "#beekeeper", "uv": [ 14.5, 21.0, 15.0, 24.0 ], "rotation": 90 },
								"east": { "texture": "#beekeeper", "uv": [ 14.0, 17.0, 16.0, 17.5 ] },
								"south": { "texture": "#beekeeper", "uv": [ 10.0, 16.0, 13.0, 16.5 ] },
								"west": { "texture": "#beekeeper", "uv": [ 14.5, 19.0, 15.0, 21.0 ], "rotation": 90 },
								"up": { "texture": "#beekeeper", "uv": [ 13.0, 3.0, 16.0, 5.0 ] },
								"down": { "texture": "#beekeeper", "uv": [ 10.0, 3.0, 13.0, 5.0 ] }
							},
							"children": [
								{
									"name": "BuckleR1",
									"from": [ 1.0, -0.1, 0.1 ],
									"to": [ 1.7, 0.6, 0.6 ],
									"uv": [ 0.0, 3.5 ],
									"rotationOrigin": [ 1.0, 0.2, 0.1 ],
									"rotationY": 10.0,
									"faces": {
										"north": { "texture": "#beekeeper", "uv": [ 0.0, 4.0, 0.5, 4.5 ], "windMode": [-1,-1,-1,-1] },
										"east": { "texture": "#beekeeper", "uv": [ 0.5, 4.0, 1.0, 4.5 ], "windMode": [-1,-1,-1,-1] },
										"up": { "texture": "#beekeeper", "uv": [ 0.0, 3.5, 0.5, 4.0 ] },
										"down": { "texture": "#beekeeper", "uv": [ 0.5, 3.5, 1.0, 4.0 ] }
									}
								},
								{
									"name": "PinR1",
									"from": [ 1.0, 0.2, -0.05 ],
									"to": [ 2.0, 0.3, 0.05 ],
									"uv": [ 2.5, 3.5 ],
									"rotationOrigin": [ 1.0, 0.2, 0.0 ],
									"faces": {
										"north": { "texture": "#beekeeper", "uv": [ 2.5, 4.0, 3.5, 4.5 ], "windMode": [-1,-1,-1,-1] },
										"east": { "texture": "#beekeeper", "uv": [ 3.5, 4.0, 4.0, 4.5 ] },
										"west": { "texture": "#beekeeper", "uv": [ 4.0, 4.0, 4.5, 4.5 ] },
										"up": { "texture": "#beekeeper", "uv": [ 2.5, 3.5, 3.5, 4.0 ] },
										"down": { "texture": "#beekeeper", "uv": [ 3.5, 3.5, 4.5, 4.0 ] }
									}
								}
							]
						},
						{
							"name": "StrapR2",
							"from": [ -0.1, -2.0, -0.1 ],
							"to": [ 2.9, -1.5, 1.9 ],
							"autoUnwrap": false,
							"uv": [ 0.0, 3.0 ],
							"rotationOrigin": [ 0.0, -2.0, 0.4 ],
							"faces": {
								"north": { "texture": "#beekeeper", "uv": [ 15.0, 21.0, 15.5, 24.0 ], "rotation": 90 },
								"east": { "texture": "#beekeeper", "uv": [ 14.0, 17.5, 16.0, 18.0 ] },
								"south": { "texture": "#beekeeper", "uv": [ 7.0, 16.0, 10.0, 16.5 ] },
								"west": { "texture": "#beekeeper", "uv": [ 15.0, 19.0, 15.5, 21.0 ], "rotation": 90 },
								"up": { "texture": "#beekeeper", "uv": [ 13.0, 3.0, 16.0, 5.0 ] },
								"down": { "texture": "#beekeeper", "uv": [ 10.0, 3.0, 13.0, 5.0 ] }
							},
							"children": [
								{
									"name": "BuckleR2",
									"from": [ 1.0, -0.1, 0.1 ],
									"to": [ 1.7, 0.6, 0.6 ],
									"uv": [ 0.0, 3.0 ],
									"rotationOrigin": [ 1.0, 0.2, 0.1 ],
									"rotationY": 10.0,
									"faces": {
										"north": { "texture": "#beekeeper", "uv": [ 0.0, 3.5, 0.5, 4.0 ] },
										"east": { "texture": "#beekeeper", "uv": [ 0.5, 3.5, 1.0, 4.0 ] },
										"up": { "texture": "#beekeeper", "uv": [ 0.0, 3.0, 0.5, 3.5 ] },
										"down": { "texture": "#beekeeper", "uv": [ 0.5, 3.0, 1.0, 3.5 ] }
									}
								},
								{
									"name": "PinR2",
									"from": [ 1.0, 0.2, -0.05 ],
									"to": [ 2.0, 0.3, 0.05 ],
									"uv": [ 2.0, 3.0 ],
									"rotationOrigin": [ 1.0, 0.2, 0.0 ],
									"faces": {
										"north": { "texture": "#beekeeper", "uv": [ 2.0, 3.5, 3.0, 4.0 ] },
										"east": { "texture": "#beekeeper", "uv": [ 3.0, 3.5, 3.5, 4.0 ] },
										"west": { "texture": "#beekeeper", "uv": [ 3.5, 3.5, 4.0, 4.0 ] },
										"up": { "texture": "#beekeeper", "uv": [ 2.0, 3.0, 3.0, 3.5 ] },
										"down": { "texture": "#beekeeper", "uv": [ 3.0, 3.0, 4.0, 3.5 ] }
									}
								}
							]
						},
						{
							"name": "StrapR3",
							"from": [ -0.1, -1.0, -0.1 ],
							"to": [ 2.9, -0.5, 1.9 ],
							"autoUnwrap": false,
							"uv": [ 0.0, 3.0 ],
							"rotationOrigin": [ 0.0, -1.0, 0.4 ],
							"faces": {
								"north": { "texture": "#beekeeper", "uv": [ 15.5, 21.0, 16.0, 24.0 ], "rotation": 90 },
								"east": { "texture": "#beekeeper", "uv": [ 14.0, 18.0, 16.0, 18.5 ] },
								"south": { "texture": "#beekeeper", "uv": [ 13.0, 16.0, 16.0, 16.5 ] },
								"west": { "texture": "#beekeeper", "uv": [ 15.5, 19.0, 16.0, 21.0 ], "rotation": 90 },
								"up": { "texture": "#beekeeper", "uv": [ 13.0, 3.0, 16.0, 5.0 ] },
								"down": { "texture": "#beekeeper", "uv": [ 10.0, 3.0, 13.0, 5.0 ] }
							},
							"children": [
								{
									"name": "BuckleR3",
									"from": [ 1.0, -0.1, 0.1 ],
									"to": [ 1.7, 0.6, 0.6 ],
									"uv": [ 0.5, 3.5 ],
									"rotationOrigin": [ 1.0, 0.2, 0.1 ],
									"rotationY": 10.0,
									"faces": {
										"north": { "texture": "#beekeeper", "uv": [ 0.5, 4.0, 1.0, 4.5 ] },
										"east": { "texture": "#beekeeper", "uv": [ 1.0, 4.0, 1.5, 4.5 ] },
										"up": { "texture": "#beekeeper", "uv": [ 0.5, 3.5, 1.0, 4.0 ] },
										"down": { "texture": "#beekeeper", "uv": [ 1.0, 3.5, 1.5, 4.0 ] }
									}
								},
								{
									"name": "PinR3",
									"from": [ 1.0, 0.2, -0.05 ],
									"to": [ 2.0, 0.3, 0.05 ],
									"uv": [ 2.5, 3.5 ],
									"rotationOrigin": [ 1.0, 0.2, 0.0 ],
									"faces": {
										"north": { "texture": "#beekeeper", "uv": [ 2.5, 4.0, 3.5, 4.5 ] },
										"east": { "texture": "#beekeeper", "uv": [ 3.5, 4.0, 4.0, 4.5 ] },
										"west": { "texture": "#beekeeper", "uv": [ 4.0, 4.0, 4.5, 4.5 ] },
										"up": { "texture": "#beekeeper", "uv": [ 2.5, 3.5, 3.5, 4.0 ] },
										"down": { "texture": "#beekeeper", "uv": [ 3.5, 3.5, 4.5, 4.0 ] }
									}
								}
							]
						}
					]
				},
				{
					"name": "showshoeR",
					"from": [ 0.0, 6.0, 0.0 ],
					"to": [ 3.2, 7.0, 3.2 ],
					"unwrapMode": 4,
					"autoUnwrap": false,
					"uv": [ 0.0, 13.0 ],
					"rotationOrigin": [ 0.0, 6.0, 0.0 ],
					"faces": {
						"north": { "texture": "#beekeeper", "uv": [ 0.0, 17.0, 3.0, 18.0 ] },
						"east": { "texture": "#beekeeper", "uv": [ 11.0, 17.0, 14.0, 18.0 ] },
						"south": { "texture": "#beekeeper", "uv": [ 7.0, 17.0, 10.0, 18.0 ] },
						"west": { "texture": "#beekeeper", "uv": [ 4.0, 17.0, 7.0, 18.0 ], "windMode": [-1,-1,-1,-1] },
						"up": { "texture": "#beekeeper", "uv": [ 8.0, 0.0, 11.0, 3.0 ] }
					}
				}
			]
		}
	]}