{
	"editor": {
		"backDropShape": "C:/Users/Cal/AppData/Roaming/VintagestoryData/Mods/koboldplayerrdx_1.0.29/assets/koboldrdx/shapes/entity/humanoid/kobold-faceless",
		"collapsedPaths": "Root/ShoeR/hideshoeR2/FlapSR2,Root/ShoeR/hideshoeR2/FlapBackR2,Root/ShoeR/FlapSR,Root/ShoeR/FlapFrontR,Root/ShoeR/FlapNR,Root/ShoeL/FlapBackL,Root/ShoeL/showshoeL/FlapFrontL2,Root/ShoeL/FlapSL,Root/ShoeL/FlapNL,Root/ShoeR/hideshoeR2/FlapFrontR2,Root/ShoeL/FlapFrontL,Root/ShoeR/FlapBackR,Root/ShoeR/hideshoeR2/FlapNR2",
		"allAngles": false,
		"entityTextureMode": true
	},
	"textureWidth": 16,
	"textureHeight": 24,
	"textureSizes": {
		"fisher": [16,24]
	},
	"textures": {
		"fisher": "entity/humanoid/villagerclothes/foot/fisher"
	},
	"elements": [
		{
			"name": "ShoeR",
			"stepParentName": "PawR",
			"from": [ -0.1, -0.1, -0.2 ],
			"to": [ 3.1, 4.9, 3.0 ],
			"autoUnwrap": false,
			"uv": [ 0.0, 16.0 ],
			"rotationOrigin": [ 0.0, 0.0, 1.4 ],
			"faces": {
				"north": { "texture": "#fisher", "uv": [ 0.0, 19.0, 3.0, 24.0 ] },
				"east": { "texture": "#fisher", "uv": [ 11.0, 19.0, 14.0, 24.0 ] },
				"south": { "texture": "#fisher", "uv": [ 7.0, 19.0, 10.0, 24.0 ] },
				"west": { "texture": "#fisher", "uv": [ 4.0, 19.0, 7.0, 24.0 ] },
				"up": { "texture": "#fisher", "uv": [ 8.0, 0.0, 11.0, 3.0 ] },
				"down": { "texture": "#fisher", "uv": [ 0.0, 0.0, 3.0, 3.0 ], "rotation": 180 }
			},
			"children": [
				{
					"name": "hideshoeR",
					"from": [ 0.0, 5.0, 0.0 ],
					"to": [ 1.0, 6.0, 1.0 ],
					"uv": [ 0.0, 0.0 ],
					"rotationOrigin": [ 0.0, 5.0, 0.0 ],
					"faces": {
					},
					"children": [
						{
							"name": "FlapFrontR",
							"from": [ 0.0, 0.0, 0.0 ],
							"to": [ 0.2, 2.5, 3.2 ],
							"autoUnwrap": false,
							"uv": [ 2.5, 11.5 ],
							"rotationOrigin": [ 0.0, 0.0, 2.0 ],
							"rotationZ": 45.0,
							"faces": {
								"north": { "texture": "#fisher", "uv": [ 4.0, 16.5, 4.5, 19.0 ] },
								"east": { "texture": "#fisher", "uv": [ 4.0, 14.0, 7.0, 16.5 ] },
								"south": { "texture": "#fisher", "uv": [ 6.5, 16.5, 7.0, 19.0 ] },
								"west": { "texture": "#fisher", "uv": [ 4.0, 16.5, 7.0, 19.0 ] },
								"up": { "texture": "#fisher", "uv": [ 4.0, 14.0, 7.0, 14.5 ], "rotation": 90 }
							},
							"children": [
								{
									"name": "ShellR1",
									"from": [ -0.2, 1.0, 1.3 ],
									"to": [ 0.0, 1.6, 1.9 ],
									"uv": [ 14.5, 22.5 ],
									"rotationOrigin": [ 0.0, 1.3, 1.6 ],
									"rotationX": -45.0,
									"faces": {
										"north": { "texture": "#fisher", "uv": [ 14.5, 23.0, 15.0, 23.5 ] },
										"south": { "texture": "#fisher", "uv": [ 15.0, 23.0, 15.5, 23.5 ] },
										"west": { "texture": "#fisher", "uv": [ 15.5, 23.0, 16.0, 23.5 ] },
										"up": { "texture": "#fisher", "uv": [ 14.5, 22.5, 15.0, 23.0 ] },
										"down": { "texture": "#fisher", "uv": [ 15.0, 22.5, 15.5, 23.0 ] }
									}
								},
								{
									"name": "ShellR2",
									"from": [ -0.2, 1.0, 0.2 ],
									"to": [ 0.0, 1.6, 0.8 ],
									"uv": [ 14.5, 21.5 ],
									"rotationOrigin": [ 0.0, 1.3, 0.5 ],
									"rotationX": -45.0,
									"faces": {
										"north": { "texture": "#fisher", "uv": [ 14.5, 22.0, 15.0, 22.5 ] },
										"south": { "texture": "#fisher", "uv": [ 15.0, 22.0, 15.5, 22.5 ] },
										"west": { "texture": "#fisher", "uv": [ 15.5, 22.0, 16.0, 22.5 ] },
										"up": { "texture": "#fisher", "uv": [ 14.5, 21.5, 15.0, 22.0 ] },
										"down": { "texture": "#fisher", "uv": [ 15.0, 21.5, 15.5, 22.0 ] }
									}
								},
								{
									"name": "ShellR3",
									"from": [ -0.2, 1.0, 2.4 ],
									"to": [ 0.0, 1.6, 3.0 ],
									"uv": [ 14.5, 21.0 ],
									"rotationOrigin": [ 0.0, 1.3, 2.7 ],
									"rotationX": -45.0,
									"faces": {
										"north": { "texture": "#fisher", "uv": [ 14.5, 21.5, 15.0, 22.0 ] },
										"south": { "texture": "#fisher", "uv": [ 15.0, 21.5, 15.5, 22.0 ] },
										"west": { "texture": "#fisher", "uv": [ 15.5, 21.5, 16.0, 22.0 ] },
										"up": { "texture": "#fisher", "uv": [ 14.5, 21.0, 15.0, 21.5 ] },
										"down": { "texture": "#fisher", "uv": [ 15.0, 21.0, 15.5, 21.5 ] }
									}
								}
							]
						},
						{
							"name": "FlapBackR",
							"from": [ 3.0, -0.4, 0.05 ],
							"to": [ 3.2, 2.1, 3.15 ],
							"autoUnwrap": false,
							"uv": [ 6.0, 6.5 ],
							"rotationOrigin": [ 3.2, -0.2, 2.0 ],
							"rotationZ": -10.0,
							"faces": {
								"north": { "texture": "#fisher", "uv": [ 13.5, 16.5, 14.0, 19.0 ] },
								"east": { "texture": "#fisher", "uv": [ 11.0, 16.5, 14.0, 19.0 ] },
								"south": { "texture": "#fisher", "uv": [ 11.0, 16.5, 11.5, 19.0 ] },
								"west": { "texture": "#fisher", "uv": [ 11.0, 14.0, 14.0, 16.5 ] },
								"up": { "texture": "#fisher", "uv": [ 11.0, 14.0, 14.0, 14.5 ], "rotation": 90 }
							},
							"children": [
								{
									"name": "ShellR12",
									"from": [ 0.2, 1.0, 1.3 ],
									"to": [ 0.4, 1.6, 1.9 ],
									"uv": [ 14.5, 20.5 ],
									"rotationOrigin": [ 0.2, 1.3, 1.6 ],
									"rotationX": -45.0,
									"faces": {
										"north": { "texture": "#fisher", "uv": [ 14.5, 21.0, 15.0, 21.5 ] },
										"east": { "texture": "#fisher", "uv": [ 15.0, 21.0, 15.5, 21.5 ] },
										"south": { "texture": "#fisher", "uv": [ 15.5, 21.0, 16.0, 21.5 ] },
										"up": { "texture": "#fisher", "uv": [ 14.5, 20.5, 15.0, 21.0 ] },
										"down": { "texture": "#fisher", "uv": [ 15.0, 20.5, 15.5, 21.0 ] }
									}
								},
								{
									"name": "ShellR13",
									"from": [ 0.2, 1.0, 0.3 ],
									"to": [ 0.4, 1.6, 0.9 ],
									"uv": [ 14.5, 23.0 ],
									"rotationOrigin": [ 0.2, 1.3, 0.6 ],
									"rotationX": -45.0,
									"faces": {
										"north": { "texture": "#fisher", "uv": [ 14.5, 23.5, 15.0, 24.0 ] },
										"east": { "texture": "#fisher", "uv": [ 15.0, 23.5, 15.5, 24.0 ] },
										"south": { "texture": "#fisher", "uv": [ 15.5, 23.5, 16.0, 24.0 ] },
										"up": { "texture": "#fisher", "uv": [ 14.5, 23.0, 15.0, 23.5 ] },
										"down": { "texture": "#fisher", "uv": [ 15.0, 23.0, 15.5, 23.5 ] }
									}
								},
								{
									"name": "ShellR14",
									"from": [ 0.2, 1.0, 2.3 ],
									"to": [ 0.4, 1.6, 2.9 ],
									"uv": [ 14.5, 22.0 ],
									"rotationOrigin": [ 0.2, 1.3, 2.6 ],
									"rotationX": -45.0,
									"faces": {
										"north": { "texture": "#fisher", "uv": [ 14.5, 22.5, 15.0, 23.0 ] },
										"east": { "texture": "#fisher", "uv": [ 15.0, 22.5, 15.5, 23.0 ] },
										"south": { "texture": "#fisher", "uv": [ 15.5, 22.5, 16.0, 23.0 ] },
										"up": { "texture": "#fisher", "uv": [ 14.5, 22.0, 15.0, 22.5 ] },
										"down": { "texture": "#fisher", "uv": [ 15.0, 22.0, 15.5, 22.5 ] }
									}
								}
							]
						},
						{
							"name": "FlapNR",
							"from": [ 0.0, 0.0, 0.0 ],
							"to": [ 3.2, 2.5, 0.2 ],
							"autoUnwrap": false,
							"uv": [ 0.0, 7.0 ],
							"rotationOrigin": [ 0.0, 0.0, 0.0 ],
							"rotationX": -5.0,
							"rotationZ": -5.0,
							"faces": {
								"north": { "texture": "#fisher", "uv": [ 0.0, 16.5, 3.0, 19.0 ] },
								"east": { "texture": "#fisher", "uv": [ 0.0, 16.5, 0.5, 19.0 ] },
								"south": { "texture": "#fisher", "uv": [ 0.0, 14.0, 3.0, 16.5 ] },
								"west": { "texture": "#fisher", "uv": [ 3.5, 16.5, 4.0, 19.0 ] },
								"up": { "texture": "#fisher", "uv": [ 0.0, 14.0, 3.0, 14.5 ] }
							},
							"children": [
								{
									"name": "ShellR4",
									"from": [ 1.2, 1.0, -0.2 ],
									"to": [ 1.8, 1.6, 0.0 ],
									"uv": [ 14.5, 22.5 ],
									"rotationOrigin": [ 1.5, 1.3, 0.0 ],
									"rotationZ": -45.0,
									"faces": {
										"north": { "texture": "#fisher", "uv": [ 14.5, 23.0, 15.0, 23.5 ] },
										"east": { "texture": "#fisher", "uv": [ 15.0, 23.0, 15.5, 23.5 ] },
										"west": { "texture": "#fisher", "uv": [ 15.5, 23.0, 16.0, 23.5 ] },
										"up": { "texture": "#fisher", "uv": [ 14.5, 22.5, 15.0, 23.0 ] },
										"down": { "texture": "#fisher", "uv": [ 15.0, 22.5, 15.5, 23.0 ] }
									}
								},
								{
									"name": "ShellR5",
									"from": [ 0.2, 1.0, -0.2 ],
									"to": [ 0.8, 1.6, 0.0 ],
									"uv": [ 14.5, 22.0 ],
									"rotationOrigin": [ 0.5, 1.3, 0.0 ],
									"rotationZ": -45.0,
									"faces": {
										"north": { "texture": "#fisher", "uv": [ 14.5, 22.5, 15.0, 23.0 ] },
										"east": { "texture": "#fisher", "uv": [ 15.0, 22.5, 15.5, 23.0 ] },
										"west": { "texture": "#fisher", "uv": [ 15.5, 22.5, 16.0, 23.0 ] },
										"up": { "texture": "#fisher", "uv": [ 14.5, 22.0, 15.0, 22.5 ] },
										"down": { "texture": "#fisher", "uv": [ 15.0, 22.0, 15.5, 22.5 ] }
									}
								},
								{
									"name": "ShellR7",
									"from": [ 2.2, 1.0, -0.2 ],
									"to": [ 2.8, 1.6, 0.0 ],
									"uv": [ 14.5, 23.0 ],
									"rotationOrigin": [ 2.5, 1.3, 0.0 ],
									"rotationZ": -45.0,
									"faces": {
										"north": { "texture": "#fisher", "uv": [ 14.5, 23.5, 15.0, 24.0 ] },
										"east": { "texture": "#fisher", "uv": [ 15.0, 23.5, 15.5, 24.0 ] },
										"west": { "texture": "#fisher", "uv": [ 15.5, 23.5, 16.0, 24.0 ] },
										"up": { "texture": "#fisher", "uv": [ 14.5, 23.0, 15.0, 23.5 ] },
										"down": { "texture": "#fisher", "uv": [ 15.0, 23.0, 15.5, 23.5 ] }
									}
								}
							]
						},
						{
							"name": "FlapSR",
							"from": [ 0.0, 0.0, 3.0 ],
							"to": [ 3.2, 2.5, 3.2 ],
							"autoUnwrap": false,
							"uv": [ 3.5, 7.0 ],
							"rotationOrigin": [ 0.0, 0.0, 3.2 ],
							"rotationX": 5.0,
							"rotationZ": -5.0,
							"faces": {
								"north": { "texture": "#fisher", "uv": [ 7.0, 14.0, 10.0, 16.5 ] },
								"east": { "texture": "#fisher", "uv": [ 10.5, 16.5, 11.0, 19.0 ] },
								"south": { "texture": "#fisher", "uv": [ 7.0, 16.5, 10.0, 19.0 ] },
								"west": { "texture": "#fisher", "uv": [ 7.0, 16.5, 7.5, 19.0 ] },
								"up": { "texture": "#fisher", "uv": [ 7.0, 14.0, 10.0, 14.5 ], "windMode": [-1,-1,-1,-1] }
							},
							"children": [
								{
									"name": "ShellR8",
									"from": [ 0.2, 1.0, 0.2 ],
									"to": [ 0.8, 1.6, 0.4 ],
									"uv": [ 14.5, 21.5 ],
									"rotationOrigin": [ 0.5, 1.3, 0.2 ],
									"rotationZ": -45.0,
									"faces": {
										"east": { "texture": "#fisher", "uv": [ 14.5, 22.0, 15.0, 22.5 ] },
										"south": { "texture": "#fisher", "uv": [ 15.0, 22.0, 15.5, 22.5 ] },
										"west": { "texture": "#fisher", "uv": [ 15.5, 22.0, 16.0, 22.5 ] },
										"up": { "texture": "#fisher", "uv": [ 14.5, 21.5, 15.0, 22.0 ] },
										"down": { "texture": "#fisher", "uv": [ 15.0, 21.5, 15.5, 22.0 ] }
									}
								},
								{
									"name": "ShellR9",
									"from": [ 1.2, 1.0, 0.2 ],
									"to": [ 1.8, 1.6, 0.4 ],
									"uv": [ 14.5, 21.0 ],
									"rotationOrigin": [ 1.5, 1.3, 0.2 ],
									"rotationZ": -45.0,
									"faces": {
										"east": { "texture": "#fisher", "uv": [ 14.5, 21.5, 15.0, 22.0 ] },
										"south": { "texture": "#fisher", "uv": [ 15.0, 21.5, 15.5, 22.0 ] },
										"west": { "texture": "#fisher", "uv": [ 15.5, 21.5, 16.0, 22.0 ] },
										"up": { "texture": "#fisher", "uv": [ 14.5, 21.0, 15.0, 21.5 ] },
										"down": { "texture": "#fisher", "uv": [ 15.0, 21.0, 15.5, 21.5 ] }
									}
								},
								{
									"name": "ShellR10",
									"from": [ 2.2, 1.0, 0.2 ],
									"to": [ 2.8, 1.6, 0.4 ],
									"uv": [ 14.5, 22.5 ],
									"rotationOrigin": [ 2.5, 1.3, 0.2 ],
									"rotationZ": -45.0,
									"faces": {
										"east": { "texture": "#fisher", "uv": [ 14.5, 23.0, 15.0, 23.5 ] },
										"south": { "texture": "#fisher", "uv": [ 15.0, 23.0, 15.5, 23.5 ] },
										"west": { "texture": "#fisher", "uv": [ 15.5, 23.0, 16.0, 23.5 ] },
										"up": { "texture": "#fisher", "uv": [ 14.5, 22.5, 15.0, 23.0 ] },
										"down": { "texture": "#fisher", "uv": [ 15.0, 22.5, 15.5, 23.0 ] }
									}
								}
							]
						}
					]
				},
				{
					"name": "showshoeR",
					"from": [ 0.0, 5.0, 0.0 ],
					"to": [ 3.2, 7.5, 3.2 ],
					"unwrapMode": 4,
					"autoUnwrap": false,
					"uv": [ 0.0, 12.5 ],
					"rotationOrigin": [ 0.0, 5.0, 0.0 ],
					"faces": {
						"north": { "texture": "#fisher", "uv": [ 0.0, 16.5, 3.0, 19.0 ], "windMode": [-1,-1,-1,-1] },
						"east": { "texture": "#fisher", "uv": [ 11.0, 16.5, 14.0, 19.0 ], "windMode": [-1,-1,-1,-1] },
						"south": { "texture": "#fisher", "uv": [ 7.0, 16.5, 10.0, 19.0 ], "windMode": [-1,-1,-1,-1] },
						"west": { "texture": "#fisher", "uv": [ 4.0, 16.5, 7.0, 19.0 ], "windMode": [-1,-1,-1,-1] },
						"up": { "texture": "#fisher", "uv": [ 8.0, 0.0, 11.0, 3.0 ], "windMode": [-1,-1,-1,-1] }
					},
					"children": [
						{
							"name": "FlapFrontR2",
							"from": [ 0.16, 0.0, 0.0 ],
							"to": [ 0.36, 2.5, 3.2 ],
							"autoUnwrap": false,
							"uv": [ 2.5, 11.5 ],
							"rotationOrigin": [ 0.15, 0.0, 2.0 ],
							"faces": {
							},
							"children": [
								{
									"name": "ShellR15",
									"from": [ -0.2, 1.0, 1.3 ],
									"to": [ 0.0, 1.6, 1.9 ],
									"uv": [ 14.5, 22.5 ],
									"rotationOrigin": [ 0.0, 1.3, 1.6 ],
									"rotationX": -45.0,
									"faces": {
										"north": { "texture": "#fisher", "uv": [ 14.5, 23.0, 15.0, 23.5 ] },
										"south": { "texture": "#fisher", "uv": [ 15.0, 23.0, 15.5, 23.5 ] },
										"west": { "texture": "#fisher", "uv": [ 15.5, 23.0, 16.0, 23.5 ] },
										"up": { "texture": "#fisher", "uv": [ 14.5, 22.5, 15.0, 23.0 ] },
										"down": { "texture": "#fisher", "uv": [ 15.0, 22.5, 15.5, 23.0 ] }
									}
								},
								{
									"name": "ShellR16",
									"from": [ -0.2, 1.0, 0.2 ],
									"to": [ 0.0, 1.6, 0.8 ],
									"uv": [ 14.5, 21.5 ],
									"rotationOrigin": [ 0.0, 1.3, 0.5 ],
									"rotationX": -45.0,
									"faces": {
										"north": { "texture": "#fisher", "uv": [ 14.5, 22.0, 15.0, 22.5 ] },
										"south": { "texture": "#fisher", "uv": [ 15.0, 22.0, 15.5, 22.5 ] },
										"west": { "texture": "#fisher", "uv": [ 15.5, 22.0, 16.0, 22.5 ] },
										"up": { "texture": "#fisher", "uv": [ 14.5, 21.5, 15.0, 22.0 ] },
										"down": { "texture": "#fisher", "uv": [ 15.0, 21.5, 15.5, 22.0 ] }
									}
								},
								{
									"name": "ShellR17",
									"from": [ -0.2, 1.0, 2.4 ],
									"to": [ 0.0, 1.6, 3.0 ],
									"uv": [ 14.5, 21.0 ],
									"rotationOrigin": [ 0.0, 1.3, 2.7 ],
									"rotationX": -45.0,
									"faces": {
										"north": { "texture": "#fisher", "uv": [ 14.5, 21.5, 15.0, 22.0 ] },
										"south": { "texture": "#fisher", "uv": [ 15.0, 21.5, 15.5, 22.0 ] },
										"west": { "texture": "#fisher", "uv": [ 15.5, 21.5, 16.0, 22.0 ] },
										"up": { "texture": "#fisher", "uv": [ 14.5, 21.0, 15.0, 21.5 ] },
										"down": { "texture": "#fisher", "uv": [ 15.0, 21.0, 15.5, 21.5 ] }
									}
								}
							]
						},
						{
							"name": "FlapBackR2",
							"from": [ 2.84, -0.4, 0.0 ],
							"to": [ 3.04, 2.1, 3.2 ],
							"autoUnwrap": false,
							"uv": [ 6.0, 6.5 ],
							"rotationOrigin": [ 3.0, -0.2, 2.0 ],
							"faces": {
							},
							"children": [
								{
									"name": "ShellR18",
									"from": [ 0.2, 1.0, 1.3 ],
									"to": [ 0.4, 1.6, 1.9 ],
									"uv": [ 14.5, 20.5 ],
									"rotationOrigin": [ 0.2, 1.3, 1.6 ],
									"rotationX": -45.0,
									"faces": {
										"north": { "texture": "#fisher", "uv": [ 14.5, 21.0, 15.0, 21.5 ] },
										"east": { "texture": "#fisher", "uv": [ 15.0, 21.0, 15.5, 21.5 ] },
										"south": { "texture": "#fisher", "uv": [ 15.5, 21.0, 16.0, 21.5 ] },
										"up": { "texture": "#fisher", "uv": [ 14.5, 20.5, 15.0, 21.0 ] },
										"down": { "texture": "#fisher", "uv": [ 15.0, 20.5, 15.5, 21.0 ] }
									}
								},
								{
									"name": "ShellR19",
									"from": [ 0.2, 1.0, 0.3 ],
									"to": [ 0.4, 1.6, 0.9 ],
									"uv": [ 14.5, 23.0 ],
									"rotationOrigin": [ 0.2, 1.3, 0.6 ],
									"rotationX": -45.0,
									"faces": {
										"north": { "texture": "#fisher", "uv": [ 14.5, 23.5, 15.0, 24.0 ] },
										"east": { "texture": "#fisher", "uv": [ 15.0, 23.5, 15.5, 24.0 ] },
										"south": { "texture": "#fisher", "uv": [ 15.5, 23.5, 16.0, 24.0 ] },
										"up": { "texture": "#fisher", "uv": [ 14.5, 23.0, 15.0, 23.5 ] },
										"down": { "texture": "#fisher", "uv": [ 15.0, 23.0, 15.5, 23.5 ] }
									}
								},
								{
									"name": "ShellR20",
									"from": [ 0.2, 1.0, 2.3 ],
									"to": [ 0.4, 1.6, 2.9 ],
									"uv": [ 14.5, 22.0 ],
									"rotationOrigin": [ 0.2, 1.3, 2.6 ],
									"rotationX": -45.0,
									"faces": {
										"north": { "texture": "#fisher", "uv": [ 14.5, 22.5, 15.0, 23.0 ] },
										"east": { "texture": "#fisher", "uv": [ 15.0, 22.5, 15.5, 23.0 ] },
										"south": { "texture": "#fisher", "uv": [ 15.5, 22.5, 16.0, 23.0 ] },
										"up": { "texture": "#fisher", "uv": [ 14.5, 22.0, 15.0, 22.5 ] },
										"down": { "texture": "#fisher", "uv": [ 15.0, 22.0, 15.5, 22.5 ] }
									}
								}
							]
						},
						{
							"name": "FlapNR2",
							"from": [ 0.0, 0.0, 0.16 ],
							"to": [ 4.2, 2.5, 0.36 ],
							"autoUnwrap": false,
							"uv": [ 0.0, 7.0 ],
							"rotationOrigin": [ 0.0, 0.0, 0.15 ],
							"faces": {
							},
							"children": [
								{
									"name": "ShellR21",
									"from": [ 1.2, 1.0, -0.2 ],
									"to": [ 1.8, 1.6, 0.0 ],
									"uv": [ 14.5, 22.5 ],
									"rotationOrigin": [ 1.5, 1.3, 0.0 ],
									"rotationZ": -45.0,
									"faces": {
										"north": { "texture": "#fisher", "uv": [ 14.5, 23.0, 15.0, 23.5 ] },
										"east": { "texture": "#fisher", "uv": [ 15.0, 23.0, 15.5, 23.5 ] },
										"west": { "texture": "#fisher", "uv": [ 15.5, 23.0, 16.0, 23.5 ] },
										"up": { "texture": "#fisher", "uv": [ 14.5, 22.5, 15.0, 23.0 ] },
										"down": { "texture": "#fisher", "uv": [ 15.0, 22.5, 15.5, 23.0 ] }
									}
								},
								{
									"name": "ShellR22",
									"from": [ 0.2, 1.0, -0.2 ],
									"to": [ 0.8, 1.6, 0.0 ],
									"uv": [ 14.5, 22.0 ],
									"rotationOrigin": [ 0.5, 1.3, 0.0 ],
									"rotationZ": -45.0,
									"faces": {
										"north": { "texture": "#fisher", "uv": [ 14.5, 22.5, 15.0, 23.0 ] },
										"east": { "texture": "#fisher", "uv": [ 15.0, 22.5, 15.5, 23.0 ] },
										"west": { "texture": "#fisher", "uv": [ 15.5, 22.5, 16.0, 23.0 ] },
										"up": { "texture": "#fisher", "uv": [ 14.5, 22.0, 15.0, 22.5 ] },
										"down": { "texture": "#fisher", "uv": [ 15.0, 22.0, 15.5, 22.5 ] }
									}
								},
								{
									"name": "ShellR24",
									"from": [ 2.2, 1.0, -0.2 ],
									"to": [ 2.8, 1.6, 0.0 ],
									"uv": [ 14.5, 23.0 ],
									"rotationOrigin": [ 2.5, 1.3, 0.0 ],
									"rotationZ": -45.0,
									"faces": {
										"north": { "texture": "#fisher", "uv": [ 14.5, 23.5, 15.0, 24.0 ] },
										"east": { "texture": "#fisher", "uv": [ 15.0, 23.5, 15.5, 24.0 ] },
										"west": { "texture": "#fisher", "uv": [ 15.5, 23.5, 16.0, 24.0 ] },
										"up": { "texture": "#fisher", "uv": [ 14.5, 23.0, 15.0, 23.5 ] },
										"down": { "texture": "#fisher", "uv": [ 15.0, 23.0, 15.5, 23.5 ] }
									}
								}
							]
						},
						{
							"name": "FlapSR2",
							"from": [ 0.0, 0.0, 2.84 ],
							"to": [ 4.2, 2.5, 3.04 ],
							"autoUnwrap": false,
							"uv": [ 3.5, 7.0 ],
							"rotationOrigin": [ 0.0, 0.0, 3.0 ],
							"faces": {
							},
							"children": [
								{
									"name": "ShellR25",
									"from": [ 0.2, 1.0, 0.2 ],
									"to": [ 0.8, 1.6, 0.4 ],
									"uv": [ 14.5, 21.5 ],
									"rotationOrigin": [ 0.5, 1.3, 0.2 ],
									"rotationZ": -45.0,
									"faces": {
										"east": { "texture": "#fisher", "uv": [ 14.5, 22.0, 15.0, 22.5 ] },
										"south": { "texture": "#fisher", "uv": [ 15.0, 22.0, 15.5, 22.5 ] },
										"west": { "texture": "#fisher", "uv": [ 15.5, 22.0, 16.0, 22.5 ] },
										"up": { "texture": "#fisher", "uv": [ 14.5, 21.5, 15.0, 22.0 ] },
										"down": { "texture": "#fisher", "uv": [ 15.0, 21.5, 15.5, 22.0 ] }
									}
								},
								{
									"name": "ShellR26",
									"from": [ 1.2, 1.0, 0.2 ],
									"to": [ 1.8, 1.6, 0.4 ],
									"uv": [ 14.5, 21.0 ],
									"rotationOrigin": [ 1.5, 1.3, 0.2 ],
									"rotationZ": -45.0,
									"faces": {
										"east": { "texture": "#fisher", "uv": [ 14.5, 21.5, 15.0, 22.0 ] },
										"south": { "texture": "#fisher", "uv": [ 15.0, 21.5, 15.5, 22.0 ] },
										"west": { "texture": "#fisher", "uv": [ 15.5, 21.5, 16.0, 22.0 ] },
										"up": { "texture": "#fisher", "uv": [ 14.5, 21.0, 15.0, 21.5 ] },
										"down": { "texture": "#fisher", "uv": [ 15.0, 21.0, 15.5, 21.5 ] }
									}
								},
								{
									"name": "ShellR27",
									"from": [ 2.2, 1.0, 0.2 ],
									"to": [ 2.8, 1.6, 0.4 ],
									"uv": [ 14.5, 22.5 ],
									"rotationOrigin": [ 2.5, 1.3, 0.2 ],
									"rotationZ": -45.0,
									"faces": {
										"east": { "texture": "#fisher", "uv": [ 14.5, 23.0, 15.0, 23.5 ] },
										"south": { "texture": "#fisher", "uv": [ 15.0, 23.0, 15.5, 23.5 ] },
										"west": { "texture": "#fisher", "uv": [ 15.5, 23.0, 16.0, 23.5 ] },
										"up": { "texture": "#fisher", "uv": [ 14.5, 22.5, 15.0, 23.0 ] },
										"down": { "texture": "#fisher", "uv": [ 15.0, 22.5, 15.5, 23.0 ] }
									}
								}
							]
						}
					]
				}
			]
		},
		{
			"name": "ShoeL",
			"stepParentName": "PawL",
			"from": [ -0.1, -0.1, -0.1 ],
			"to": [ 3.1, 4.9, 3.1 ],
			"autoUnwrap": false,
			"uv": [ 0.0, 5.0 ],
			"rotationOrigin": [ 0.0, 0.0, 1.5 ],
			"faces": {
				"north": { "texture": "#fisher", "uv": [ 0.0, 8.5, 3.0, 13.5 ] },
				"east": { "texture": "#fisher", "uv": [ 11.0, 8.5, 14.0, 13.5 ] },
				"south": { "texture": "#fisher", "uv": [ 7.0, 8.5, 10.0, 13.5 ] },
				"west": { "texture": "#fisher", "uv": [ 4.0, 8.5, 7.0, 13.5 ] },
				"up": { "texture": "#fisher", "uv": [ 12.0, 0.0, 15.0, 3.0 ] },
				"down": { "texture": "#fisher", "uv": [ 4.0, 0.0, 7.0, 3.0 ], "rotation": 180 }
			},
			"children": [
				{
					"name": "hideshoeL",
					"from": [ 0.0, 5.0, 0.0 ],
					"to": [ 1.0, 6.0, 1.0 ],
					"uv": [ 0.0, 0.0 ],
					"rotationOrigin": [ 0.0, 5.0, 0.0 ],
					"faces": {
					},
					"children": [
						{
							"name": "FlapFrontL",
							"from": [ 0.0, 0.0, 0.0 ],
							"to": [ 0.2, 2.5, 3.2 ],
							"autoUnwrap": false,
							"uv": [ 3.5, 2.5 ],
							"rotationOrigin": [ 0.0, 0.0, 2.0 ],
							"rotationZ": 45.0,
							"faces": {
								"north": { "texture": "#fisher", "uv": [ 4.0, 6.0, 4.5, 8.5 ] },
								"east": { "texture": "#fisher", "uv": [ 4.0, 3.5, 7.0, 6.0 ] },
								"south": { "texture": "#fisher", "uv": [ 6.5, 6.0, 7.0, 8.5 ] },
								"west": { "texture": "#fisher", "uv": [ 4.0, 6.0, 7.0, 8.5 ] },
								"up": { "texture": "#fisher", "uv": [ 4.0, 3.5, 7.0, 4.0 ], "rotation": 90 }
							},
							"children": [
								{
									"name": "ShellL1",
									"from": [ -0.2, 1.0, 1.3 ],
									"to": [ 0.0, 1.6, 1.9 ],
									"uv": [ 14.5, 20.5 ],
									"rotationOrigin": [ 0.0, 1.3, 1.6 ],
									"rotationX": -45.0,
									"faces": {
										"north": { "texture": "#fisher", "uv": [ 14.5, 21.0, 15.0, 21.5 ] },
										"south": { "texture": "#fisher", "uv": [ 15.0, 21.0, 15.5, 21.5 ] },
										"west": { "texture": "#fisher", "uv": [ 15.5, 21.0, 16.0, 21.5 ] },
										"up": { "texture": "#fisher", "uv": [ 14.5, 20.5, 15.0, 21.0 ] },
										"down": { "texture": "#fisher", "uv": [ 15.0, 20.5, 15.5, 21.0 ] }
									}
								},
								{
									"name": "ShellL2",
									"from": [ -0.2, 1.0, 0.2 ],
									"to": [ 0.0, 1.6, 0.8 ],
									"uv": [ 14.5, 22.0 ],
									"rotationOrigin": [ 0.0, 1.3, 0.5 ],
									"rotationX": -45.0,
									"faces": {
										"north": { "texture": "#fisher", "uv": [ 14.5, 22.5, 15.0, 23.0 ] },
										"south": { "texture": "#fisher", "uv": [ 15.0, 22.5, 15.5, 23.0 ] },
										"west": { "texture": "#fisher", "uv": [ 15.5, 22.5, 16.0, 23.0 ] },
										"up": { "texture": "#fisher", "uv": [ 14.5, 22.0, 15.0, 22.5 ] },
										"down": { "texture": "#fisher", "uv": [ 15.0, 22.0, 15.5, 22.5 ] }
									}
								},
								{
									"name": "ShellL3",
									"from": [ -0.2, 1.0, 2.4 ],
									"to": [ 0.0, 1.6, 3.0 ],
									"uv": [ 14.5, 20.5 ],
									"rotationOrigin": [ 0.0, 1.3, 2.7 ],
									"rotationX": -45.0,
									"faces": {
										"north": { "texture": "#fisher", "uv": [ 14.5, 21.0, 15.0, 21.5 ] },
										"south": { "texture": "#fisher", "uv": [ 15.0, 21.0, 15.5, 21.5 ] },
										"west": { "texture": "#fisher", "uv": [ 15.5, 21.0, 16.0, 21.5 ] },
										"up": { "texture": "#fisher", "uv": [ 14.5, 20.5, 15.0, 21.0 ] },
										"down": { "texture": "#fisher", "uv": [ 15.0, 20.5, 15.5, 21.0 ] }
									}
								}
							]
						},
						{
							"name": "FlapBackL",
							"from": [ 3.0, -0.4, 0.05 ],
							"to": [ 3.2, 2.1, 3.15 ],
							"autoUnwrap": false,
							"uv": [ 11.5, 2.5 ],
							"rotationOrigin": [ 3.2, -0.2, 2.0 ],
							"rotationZ": -10.0,
							"faces": {
								"north": { "texture": "#fisher", "uv": [ 13.5, 6.0, 14.0, 8.5 ] },
								"east": { "texture": "#fisher", "uv": [ 11.0, 6.0, 14.0, 8.5 ] },
								"south": { "texture": "#fisher", "uv": [ 11.0, 6.0, 11.5, 8.5 ] },
								"west": { "texture": "#fisher", "uv": [ 11.0, 3.5, 14.0, 6.0 ], "windMode": [-1,-1,-1,-1] },
								"up": { "texture": "#fisher", "uv": [ 11.0, 3.5, 14.0, 4.0 ], "rotation": 90 }
							},
							"children": [
								{
									"name": "ShellL4",
									"from": [ 0.2, 1.0, 1.3 ],
									"to": [ 0.4, 1.6, 1.9 ],
									"uv": [ 14.5, 22.0 ],
									"rotationOrigin": [ 0.2, 1.3, 1.6 ],
									"rotationX": -45.0,
									"faces": {
										"north": { "texture": "#fisher", "uv": [ 14.5, 22.5, 15.0, 23.0 ] },
										"east": { "texture": "#fisher", "uv": [ 15.0, 22.5, 15.5, 23.0 ] },
										"south": { "texture": "#fisher", "uv": [ 15.5, 22.5, 16.0, 23.0 ] },
										"up": { "texture": "#fisher", "uv": [ 14.5, 22.0, 15.0, 22.5 ] },
										"down": { "texture": "#fisher", "uv": [ 15.0, 22.0, 15.5, 22.5 ] }
									}
								},
								{
									"name": "ShelL5",
									"from": [ 0.2, 1.0, 0.3 ],
									"to": [ 0.4, 1.6, 0.9 ],
									"uv": [ 14.5, 22.5 ],
									"rotationOrigin": [ 0.2, 1.3, 0.6 ],
									"rotationX": -45.0,
									"faces": {
										"north": { "texture": "#fisher", "uv": [ 14.5, 23.0, 15.0, 23.5 ] },
										"east": { "texture": "#fisher", "uv": [ 15.0, 23.0, 15.5, 23.5 ] },
										"south": { "texture": "#fisher", "uv": [ 15.5, 23.0, 16.0, 23.5 ] },
										"up": { "texture": "#fisher", "uv": [ 14.5, 22.5, 15.0, 23.0 ] },
										"down": { "texture": "#fisher", "uv": [ 15.0, 22.5, 15.5, 23.0 ] }
									}
								},
								{
									"name": "ShellL6",
									"from": [ 0.2, 1.0, 2.3 ],
									"to": [ 0.4, 1.6, 2.9 ],
									"uv": [ 14.5, 21.0 ],
									"rotationOrigin": [ 0.2, 1.3, 2.6 ],
									"rotationX": -45.0,
									"faces": {
										"north": { "texture": "#fisher", "uv": [ 14.5, 21.5, 15.0, 22.0 ] },
										"east": { "texture": "#fisher", "uv": [ 15.0, 21.5, 15.5, 22.0 ] },
										"south": { "texture": "#fisher", "uv": [ 15.5, 21.5, 16.0, 22.0 ] },
										"up": { "texture": "#fisher", "uv": [ 14.5, 21.0, 15.0, 21.5 ] },
										"down": { "texture": "#fisher", "uv": [ 15.0, 21.0, 15.5, 21.5 ] }
									}
								}
							]
						},
						{
							"name": "FlapNL",
							"from": [ 0.0, 0.0, 0.0 ],
							"to": [ 3.2, 2.5, 0.2 ],
							"autoUnwrap": false,
							"uv": [ 0.0, 2.0 ],
							"rotationOrigin": [ 0.0, 0.0, 0.0 ],
							"rotationX": -5.0,
							"rotationZ": -5.0,
							"faces": {
								"north": { "texture": "#fisher", "uv": [ 0.0, 6.0, 3.0, 8.5 ] },
								"east": { "texture": "#fisher", "uv": [ 0.0, 6.0, 0.5, 8.5 ] },
								"south": { "texture": "#fisher", "uv": [ 0.0, 3.5, 3.0, 6.0 ] },
								"west": { "texture": "#fisher", "uv": [ 3.5, 6.0, 4.0, 8.5 ] },
								"up": { "texture": "#fisher", "uv": [ 0.0, 3.5, 3.0, 4.0 ], "windMode": [-1,-1,-1,-1] }
							},
							"children": [
								{
									"name": "ShellL7",
									"from": [ 1.2, 1.0, -0.2 ],
									"to": [ 1.8, 1.6, 0.0 ],
									"uv": [ 14.5, 20.5 ],
									"rotationOrigin": [ 1.5, 1.3, 0.0 ],
									"rotationZ": -45.0,
									"faces": {
										"north": { "texture": "#fisher", "uv": [ 14.5, 21.0, 15.0, 21.5 ] },
										"east": { "texture": "#fisher", "uv": [ 15.0, 21.0, 15.5, 21.5 ] },
										"west": { "texture": "#fisher", "uv": [ 15.5, 21.0, 16.0, 21.5 ] },
										"up": { "texture": "#fisher", "uv": [ 14.5, 20.5, 15.0, 21.0 ] },
										"down": { "texture": "#fisher", "uv": [ 15.0, 20.5, 15.5, 21.0 ] }
									}
								},
								{
									"name": "ShellL8",
									"from": [ 0.2, 1.0, -0.2 ],
									"to": [ 0.8, 1.6, 0.0 ],
									"uv": [ 14.5, 22.0 ],
									"rotationOrigin": [ 0.5, 1.3, 0.0 ],
									"rotationZ": -45.0,
									"faces": {
										"north": { "texture": "#fisher", "uv": [ 14.5, 22.5, 15.0, 23.0 ] },
										"east": { "texture": "#fisher", "uv": [ 15.0, 22.5, 15.5, 23.0 ] },
										"west": { "texture": "#fisher", "uv": [ 15.5, 22.5, 16.0, 23.0 ] },
										"up": { "texture": "#fisher", "uv": [ 14.5, 22.0, 15.0, 22.5 ] },
										"down": { "texture": "#fisher", "uv": [ 15.0, 22.0, 15.5, 22.5 ] }
									}
								},
								{
									"name": "ShellL10",
									"from": [ 2.2, 1.0, -0.2 ],
									"to": [ 2.8, 1.6, 0.0 ],
									"uv": [ 14.5, 20.0 ],
									"rotationOrigin": [ 2.5, 1.3, 0.0 ],
									"rotationZ": -45.0,
									"faces": {
										"north": { "texture": "#fisher", "uv": [ 14.5, 20.5, 15.0, 21.0 ] },
										"east": { "texture": "#fisher", "uv": [ 15.0, 20.5, 15.5, 21.0 ] },
										"west": { "texture": "#fisher", "uv": [ 15.5, 20.5, 16.0, 21.0 ] },
										"up": { "texture": "#fisher", "uv": [ 14.5, 20.0, 15.0, 20.5 ] },
										"down": { "texture": "#fisher", "uv": [ 15.0, 20.0, 15.5, 20.5 ] }
									}
								}
							]
						},
						{
							"name": "FlapSL",
							"from": [ 0.0, 0.0, 3.0 ],
							"to": [ 3.2, 2.5, 3.2 ],
							"autoUnwrap": false,
							"uv": [ 7.0, 3.5 ],
							"rotationOrigin": [ 0.0, 0.0, 3.2 ],
							"rotationX": 5.0,
							"rotationZ": -5.0,
							"faces": {
								"north": { "texture": "#fisher", "uv": [ 7.0, 3.5, 10.0, 6.0 ] },
								"east": { "texture": "#fisher", "uv": [ 10.5, 6.0, 11.0, 8.5 ] },
								"south": { "texture": "#fisher", "uv": [ 7.0, 6.0, 10.0, 8.5 ] },
								"west": { "texture": "#fisher", "uv": [ 7.0, 6.0, 7.5, 8.5 ] },
								"up": { "texture": "#fisher", "uv": [ 7.0, 3.5, 10.0, 4.0 ] }
							},
							"children": [
								{
									"name": "ShellL11",
									"from": [ 0.2, 1.0, 0.2 ],
									"to": [ 0.8, 1.6, 0.4 ],
									"uv": [ 14.5, 20.0 ],
									"rotationOrigin": [ 0.5, 1.3, 0.2 ],
									"rotationZ": -45.0,
									"faces": {
										"east": { "texture": "#fisher", "uv": [ 14.5, 20.5, 15.0, 21.0 ] },
										"south": { "texture": "#fisher", "uv": [ 15.0, 20.5, 15.5, 21.0 ] },
										"west": { "texture": "#fisher", "uv": [ 15.5, 20.5, 16.0, 21.0 ] },
										"up": { "texture": "#fisher", "uv": [ 14.5, 20.0, 15.0, 20.5 ] },
										"down": { "texture": "#fisher", "uv": [ 15.0, 20.0, 15.5, 20.5 ] }
									}
								},
								{
									"name": "ShellL12",
									"from": [ 1.2, 1.0, 0.2 ],
									"to": [ 1.8, 1.6, 0.4 ],
									"uv": [ 14.5, 19.5 ],
									"rotationOrigin": [ 1.5, 1.3, 0.2 ],
									"rotationZ": -45.0,
									"faces": {
										"east": { "texture": "#fisher", "uv": [ 14.5, 20.0, 15.0, 20.5 ] },
										"south": { "texture": "#fisher", "uv": [ 15.0, 20.0, 15.5, 20.5 ] },
										"west": { "texture": "#fisher", "uv": [ 15.5, 20.0, 16.0, 20.5 ] },
										"up": { "texture": "#fisher", "uv": [ 14.5, 19.5, 15.0, 20.0 ] },
										"down": { "texture": "#fisher", "uv": [ 15.0, 19.5, 15.5, 20.0 ] }
									}
								},
								{
									"name": "ShellL13",
									"from": [ 2.2, 1.0, 0.2 ],
									"to": [ 2.8, 1.6, 0.4 ],
									"uv": [ 14.5, 19.5 ],
									"rotationOrigin": [ 2.5, 1.3, 0.2 ],
									"rotationZ": -45.0,
									"faces": {
										"east": { "texture": "#fisher", "uv": [ 14.5, 20.0, 15.0, 20.5 ] },
										"south": { "texture": "#fisher", "uv": [ 15.0, 20.0, 15.5, 20.5 ] },
										"west": { "texture": "#fisher", "uv": [ 15.5, 20.0, 16.0, 20.5 ] },
										"up": { "texture": "#fisher", "uv": [ 14.5, 19.5, 15.0, 20.0 ] },
										"down": { "texture": "#fisher", "uv": [ 15.0, 19.5, 15.5, 20.0 ] }
									}
								}
							]
						}
					]
				},
				{
					"name": "showshoeL",
					"from": [ 0.0, 5.0, 0.0 ],
					"to": [ 3.2, 7.5, 3.2 ],
					"unwrapMode": 4,
					"autoUnwrap": false,
					"uv": [ 0.0, 2.0 ],
					"rotationOrigin": [ 0.0, 5.0, 0.0 ],
					"faces": {
						"north": { "texture": "#fisher", "uv": [ 0.0, 6.0, 3.0, 8.5 ], "windMode": [-1,-1,-1,-1] },
						"east": { "texture": "#fisher", "uv": [ 11.0, 6.0, 14.0, 8.5 ], "windMode": [-1,-1,-1,-1] },
						"south": { "texture": "#fisher", "uv": [ 7.0, 6.0, 10.0, 8.5 ], "windMode": [-1,-1,-1,-1] },
						"west": { "texture": "#fisher", "uv": [ 4.0, 6.0, 7.0, 8.5 ], "windMode": [-1,-1,-1,-1] },
						"up": { "texture": "#fisher", "uv": [ 12.0, 0.0, 15.0, 3.0 ], "windMode": [-1,-1,-1,-1] }
					},
					"children": [
						{
							"name": "FlapFrontL2",
							"from": [ 0.16, 0.0, 0.0 ],
							"to": [ 0.36, 2.5, 3.2 ],
							"autoUnwrap": false,
							"uv": [ 3.5, 2.5 ],
							"rotationOrigin": [ 0.15, 0.0, 2.0 ],
							"faces": {
							},
							"children": [
								{
									"name": "ShellL5",
									"from": [ -0.2, 1.0, 1.3 ],
									"to": [ 0.0, 1.6, 1.9 ],
									"uv": [ 14.5, 20.5 ],
									"rotationOrigin": [ 0.0, 1.3, 1.6 ],
									"rotationX": -45.0,
									"faces": {
										"north": { "texture": "#fisher", "uv": [ 14.5, 21.0, 15.0, 21.5 ] },
										"south": { "texture": "#fisher", "uv": [ 15.0, 21.0, 15.5, 21.5 ] },
										"west": { "texture": "#fisher", "uv": [ 15.5, 21.0, 16.0, 21.5 ] },
										"up": { "texture": "#fisher", "uv": [ 14.5, 20.5, 15.0, 21.0 ] },
										"down": { "texture": "#fisher", "uv": [ 15.0, 20.5, 15.5, 21.0 ] }
									}
								},
								{
									"name": "ShellL15",
									"from": [ -0.2, 1.0, 0.2 ],
									"to": [ 0.0, 1.6, 0.8 ],
									"uv": [ 14.5, 22.0 ],
									"rotationOrigin": [ 0.0, 1.3, 0.5 ],
									"rotationX": -45.0,
									"faces": {
										"north": { "texture": "#fisher", "uv": [ 14.5, 22.5, 15.0, 23.0 ] },
										"south": { "texture": "#fisher", "uv": [ 15.0, 22.5, 15.5, 23.0 ] },
										"west": { "texture": "#fisher", "uv": [ 15.5, 22.5, 16.0, 23.0 ] },
										"up": { "texture": "#fisher", "uv": [ 14.5, 22.0, 15.0, 22.5 ] },
										"down": { "texture": "#fisher", "uv": [ 15.0, 22.0, 15.5, 22.5 ] }
									}
								},
								{
									"name": "ShellL16",
									"from": [ -0.2, 1.0, 2.4 ],
									"to": [ 0.0, 1.6, 3.0 ],
									"uv": [ 14.5, 20.5 ],
									"rotationOrigin": [ 0.0, 1.3, 2.7 ],
									"rotationX": -45.0,
									"faces": {
										"north": { "texture": "#fisher", "uv": [ 14.5, 21.0, 15.0, 21.5 ] },
										"south": { "texture": "#fisher", "uv": [ 15.0, 21.0, 15.5, 21.5 ] },
										"west": { "texture": "#fisher", "uv": [ 15.5, 21.0, 16.0, 21.5 ] },
										"up": { "texture": "#fisher", "uv": [ 14.5, 20.5, 15.0, 21.0 ] },
										"down": { "texture": "#fisher", "uv": [ 15.0, 20.5, 15.5, 21.0 ] }
									}
								}
							]
						},
						{
							"name": "FlapBackL2",
							"from": [ 2.84, -0.4, 0.0 ],
							"to": [ 3.04, 2.1, 3.2 ],
							"autoUnwrap": false,
							"uv": [ 11.5, 2.5 ],
							"rotationOrigin": [ 3.0, -0.2, 2.0 ],
							"faces": {
							},
							"children": [
								{
									"name": "ShellL17",
									"from": [ 0.2, 1.0, 1.3 ],
									"to": [ 0.4, 1.6, 1.9 ],
									"uv": [ 14.5, 22.0 ],
									"rotationOrigin": [ 0.2, 1.3, 1.6 ],
									"rotationX": -45.0,
									"faces": {
										"north": { "texture": "#fisher", "uv": [ 14.5, 22.5, 15.0, 23.0 ] },
										"east": { "texture": "#fisher", "uv": [ 15.0, 22.5, 15.5, 23.0 ] },
										"south": { "texture": "#fisher", "uv": [ 15.5, 22.5, 16.0, 23.0 ] },
										"up": { "texture": "#fisher", "uv": [ 14.5, 22.0, 15.0, 22.5 ] },
										"down": { "texture": "#fisher", "uv": [ 15.0, 22.0, 15.5, 22.5 ] }
									}
								},
								{
									"name": "ShelL6",
									"from": [ 0.2, 1.0, 0.3 ],
									"to": [ 0.4, 1.6, 0.9 ],
									"uv": [ 14.5, 22.5 ],
									"rotationOrigin": [ 0.2, 1.3, 0.6 ],
									"rotationX": -45.0,
									"faces": {
										"north": { "texture": "#fisher", "uv": [ 14.5, 23.0, 15.0, 23.5 ] },
										"east": { "texture": "#fisher", "uv": [ 15.0, 23.0, 15.5, 23.5 ] },
										"south": { "texture": "#fisher", "uv": [ 15.5, 23.0, 16.0, 23.5 ] },
										"up": { "texture": "#fisher", "uv": [ 14.5, 22.5, 15.0, 23.0 ] },
										"down": { "texture": "#fisher", "uv": [ 15.0, 22.5, 15.5, 23.0 ] }
									}
								},
								{
									"name": "ShellL18",
									"from": [ 0.2, 1.0, 2.3 ],
									"to": [ 0.4, 1.6, 2.9 ],
									"uv": [ 14.5, 21.0 ],
									"rotationOrigin": [ 0.2, 1.3, 2.6 ],
									"rotationX": -45.0,
									"faces": {
										"north": { "texture": "#fisher", "uv": [ 14.5, 21.5, 15.0, 22.0 ] },
										"east": { "texture": "#fisher", "uv": [ 15.0, 21.5, 15.5, 22.0 ] },
										"south": { "texture": "#fisher", "uv": [ 15.5, 21.5, 16.0, 22.0 ] },
										"up": { "texture": "#fisher", "uv": [ 14.5, 21.0, 15.0, 21.5 ] },
										"down": { "texture": "#fisher", "uv": [ 15.0, 21.0, 15.5, 21.5 ] }
									}
								}
							]
						},
						{
							"name": "FlapNL2",
							"from": [ 0.0, 0.0, 0.16 ],
							"to": [ 4.2, 2.5, 0.36 ],
							"autoUnwrap": false,
							"uv": [ 0.0, 2.0 ],
							"rotationOrigin": [ 0.0, 0.0, 0.15 ],
							"faces": {
							},
							"children": [
								{
									"name": "ShellL19",
									"from": [ 1.2, 1.0, -0.2 ],
									"to": [ 1.8, 1.6, 0.0 ],
									"uv": [ 14.5, 20.5 ],
									"rotationOrigin": [ 1.5, 1.3, 0.0 ],
									"rotationZ": -45.0,
									"faces": {
										"north": { "texture": "#fisher", "uv": [ 14.5, 21.0, 15.0, 21.5 ] },
										"east": { "texture": "#fisher", "uv": [ 15.0, 21.0, 15.5, 21.5 ] },
										"west": { "texture": "#fisher", "uv": [ 15.5, 21.0, 16.0, 21.5 ] },
										"up": { "texture": "#fisher", "uv": [ 14.5, 20.5, 15.0, 21.0 ] },
										"down": { "texture": "#fisher", "uv": [ 15.0, 20.5, 15.5, 21.0 ] }
									}
								},
								{
									"name": "ShellL20",
									"from": [ 0.2, 1.0, -0.2 ],
									"to": [ 0.8, 1.6, 0.0 ],
									"uv": [ 14.5, 22.0 ],
									"rotationOrigin": [ 0.5, 1.3, 0.0 ],
									"rotationZ": -45.0,
									"faces": {
										"north": { "texture": "#fisher", "uv": [ 14.5, 22.5, 15.0, 23.0 ] },
										"east": { "texture": "#fisher", "uv": [ 15.0, 22.5, 15.5, 23.0 ] },
										"west": { "texture": "#fisher", "uv": [ 15.5, 22.5, 16.0, 23.0 ] },
										"up": { "texture": "#fisher", "uv": [ 14.5, 22.0, 15.0, 22.5 ] },
										"down": { "texture": "#fisher", "uv": [ 15.0, 22.0, 15.5, 22.5 ] }
									}
								},
								{
									"name": "ShellL22",
									"from": [ 2.2, 1.0, -0.2 ],
									"to": [ 2.8, 1.6, 0.0 ],
									"uv": [ 14.5, 20.0 ],
									"rotationOrigin": [ 2.5, 1.3, 0.0 ],
									"rotationZ": -45.0,
									"faces": {
										"north": { "texture": "#fisher", "uv": [ 14.5, 20.5, 15.0, 21.0 ] },
										"east": { "texture": "#fisher", "uv": [ 15.0, 20.5, 15.5, 21.0 ] },
										"west": { "texture": "#fisher", "uv": [ 15.5, 20.5, 16.0, 21.0 ] },
										"up": { "texture": "#fisher", "uv": [ 14.5, 20.0, 15.0, 20.5 ] },
										"down": { "texture": "#fisher", "uv": [ 15.0, 20.0, 15.5, 20.5 ] }
									}
								}
							]
						},
						{
							"name": "FlapSL2",
							"from": [ 0.0, 0.0, 2.84 ],
							"to": [ 4.2, 2.5, 3.04 ],
							"autoUnwrap": false,
							"uv": [ 7.0, 3.5 ],
							"rotationOrigin": [ 0.0, 0.0, 3.0 ],
							"faces": {
							},
							"children": [
								{
									"name": "ShellL23",
									"from": [ 0.2, 1.0, 0.2 ],
									"to": [ 0.8, 1.6, 0.4 ],
									"uv": [ 14.5, 20.0 ],
									"rotationOrigin": [ 0.5, 1.3, 0.2 ],
									"rotationZ": -45.0,
									"faces": {
										"east": { "texture": "#fisher", "uv": [ 14.5, 20.5, 15.0, 21.0 ] },
										"south": { "texture": "#fisher", "uv": [ 15.0, 20.5, 15.5, 21.0 ] },
										"west": { "texture": "#fisher", "uv": [ 15.5, 20.5, 16.0, 21.0 ] },
										"up": { "texture": "#fisher", "uv": [ 14.5, 20.0, 15.0, 20.5 ] },
										"down": { "texture": "#fisher", "uv": [ 15.0, 20.0, 15.5, 20.5 ] }
									}
								},
								{
									"name": "ShellL24",
									"from": [ 1.2, 1.0, 0.2 ],
									"to": [ 1.8, 1.6, 0.4 ],
									"uv": [ 14.5, 19.5 ],
									"rotationOrigin": [ 1.5, 1.3, 0.2 ],
									"rotationZ": -45.0,
									"faces": {
										"east": { "texture": "#fisher", "uv": [ 14.5, 20.0, 15.0, 20.5 ] },
										"south": { "texture": "#fisher", "uv": [ 15.0, 20.0, 15.5, 20.5 ] },
										"west": { "texture": "#fisher", "uv": [ 15.5, 20.0, 16.0, 20.5 ] },
										"up": { "texture": "#fisher", "uv": [ 14.5, 19.5, 15.0, 20.0 ] },
										"down": { "texture": "#fisher", "uv": [ 15.0, 19.5, 15.5, 20.0 ] }
									}
								},
								{
									"name": "ShellL25",
									"from": [ 2.2, 1.0, 0.2 ],
									"to": [ 2.8, 1.6, 0.4 ],
									"uv": [ 14.5, 19.5 ],
									"rotationOrigin": [ 2.5, 1.3, 0.2 ],
									"rotationZ": -45.0,
									"faces": {
										"east": { "texture": "#fisher", "uv": [ 14.5, 20.0, 15.0, 20.5 ] },
										"south": { "texture": "#fisher", "uv": [ 15.0, 20.0, 15.5, 20.5 ] },
										"west": { "texture": "#fisher", "uv": [ 15.5, 20.0, 16.0, 20.5 ] },
										"up": { "texture": "#fisher", "uv": [ 14.5, 19.5, 15.0, 20.0 ] },
										"down": { "texture": "#fisher", "uv": [ 15.0, 19.5, 15.5, 20.0 ] }
									}
								}
							]
						}
					]
				}
			]
		}
	]}