{
	"editor": {
		"backDropShape": "C:/Users/Cal/AppData/Roaming/VintagestoryData/Mods/koboldplayerrdx_1.0.23/assets/koboldrdx/shapes/entity/humanoid/kobold-faceless",
		"allAngles": true,
		"entityTextureMode": true
	},
	"textureWidth": 16,
	"textureHeight": 16,
	"textureSizes": {
		"innkeeper": [16,16]
	},
	"textures": {
		"innkeeper": "entity/humanoid/villagerclothes/foot/innkeeper"
	},
	"elements": [
		{
			"name": "shoeR",
			"stepParentName": "PawR",
			"from": [ -0.1, -0.1, -0.1 ],
			"to": [ 3.1, 0.9, 3.1 ],
			"uv": [ 0.0, 0.0 ],
			"rotationOrigin": [ -0.1, -0.1, -0.1 ],
			"faces": {
				"north": { "texture": "#innkeeper", "uv": [ 0.0, 3.0, 3.0, 4.0 ] },
				"east": { "texture": "#innkeeper", "uv": [ 3.0, 3.0, 6.0, 4.0 ] },
				"south": { "texture": "#innkeeper", "uv": [ 6.0, 3.0, 9.0, 4.0 ] },
				"west": { "texture": "#innkeeper", "uv": [ 9.0, 3.0, 12.0, 4.0 ] },
				"up": { "texture": "#innkeeper", "uv": [ 0.0, 0.0, 3.0, 3.0 ] },
				"down": { "texture": "#innkeeper", "uv": [ 3.0, 0.0, 6.0, 3.0 ], "rotation": 90 }
			},
			"children": [
				{
					"name": "N fold 20",
					"from": [ 0.0, 1.0, 0.0 ],
					"to": [ 3.2, 1.5, 0.2 ],
					"autoUnwrap": false,
					"uv": [ 4.5, 8.5 ],
					"rotationOrigin": [ 0.0, 1.0, 0.2 ],
					"rotationX": -8.0,
					"faces": {
						"north": { "texture": "#innkeeper", "uv": [ 3.0, 14.5, 6.0, 15.0 ] },
						"east": { "texture": "#innkeeper", "uv": [ 3.5, 14.5, 4.0, 15.0 ] },
						"south": { "texture": "#innkeeper", "uv": [ 3.0, 14.5, 6.0, 15.0 ] },
						"west": { "texture": "#innkeeper", "uv": [ 6.5, 14.5, 7.0, 15.0 ] },
						"up": { "texture": "#innkeeper", "uv": [ 3.0, 14.0, 6.0, 14.5 ] }
					}
				},
				{
					"name": "S fold 21",
					"from": [ 0.0, 1.0, 3.0 ],
					"to": [ 3.2, 1.5, 3.2 ],
					"autoUnwrap": false,
					"uv": [ 0.0, 8.0 ],
					"rotationOrigin": [ 0.0, 1.0, 3.0 ],
					"rotationX": 8.0,
					"faces": {
						"north": { "texture": "#innkeeper", "uv": [ 10.0, 14.5, 13.0, 15.0 ] },
						"east": { "texture": "#innkeeper", "uv": [ 11.5, 14.5, 12.0, 15.0 ] },
						"south": { "texture": "#innkeeper", "uv": [ 10.0, 14.5, 13.0, 15.0 ] },
						"west": { "texture": "#innkeeper", "uv": [ 9.0, 14.5, 9.5, 15.0 ] },
						"up": { "texture": "#innkeeper", "uv": [ 10.0, 14.0, 13.0, 14.5 ] }
					}
				},
				{
					"name": "back fold 1",
					"from": [ 3.0, 1.0, 0.0 ],
					"to": [ 3.2, 1.5, 3.2 ],
					"autoUnwrap": false,
					"uv": [ 3.0, 13.0 ],
					"rotationOrigin": [ 3.0, 1.0, 0.0 ],
					"rotationZ": -7.0,
					"faces": {
						"north": { "texture": "#innkeeper", "uv": [ 0.5, 14.5, 1.0, 15.0 ] },
						"east": { "texture": "#innkeeper", "uv": [ 0.0, 14.5, 3.0, 15.0 ] },
						"south": { "texture": "#innkeeper", "uv": [ 2.5, 14.5, 3.0, 15.0 ] },
						"west": { "texture": "#innkeeper", "uv": [ 0.0, 14.5, 3.0, 15.0 ] },
						"up": { "texture": "#innkeeper", "uv": [ 0.0, 14.0, 3.0, 14.5 ], "rotation": 270 }
					}
				},
				{
					"name": "front 1",
					"from": [ 0.0, 1.0, 0.0 ],
					"to": [ 0.2, 1.5, 1.0 ],
					"autoUnwrap": false,
					"uv": [ 4.0, 12.5 ],
					"rotationOrigin": [ 0.2, 1.0, 0.0 ],
					"rotationZ": 10.0,
					"faces": {
						"north": { "texture": "#innkeeper", "uv": [ 7.0, 14.5, 7.5, 15.0 ] },
						"east": { "texture": "#innkeeper", "uv": [ 7.0, 14.5, 8.0, 15.0 ] },
						"south": { "texture": "#innkeeper", "uv": [ 7.0, 14.5, 7.5, 15.0 ] },
						"west": { "texture": "#innkeeper", "uv": [ 7.0, 14.5, 8.0, 15.0 ] },
						"up": { "texture": "#innkeeper", "uv": [ 7.0, 14.0, 8.0, 14.5 ], "rotation": 90 }
					},
					"children": [
						{
							"name": "front 2",
							"from": [ 0.0, 0.0, 2.2 ],
							"to": [ 0.2, 0.5, 3.2 ],
							"autoUnwrap": false,
							"uv": [ 10.0, 6.0 ],
							"rotationOrigin": [ 0.2, 0.0, 2.2 ],
							"faces": {
								"north": { "texture": "#innkeeper", "uv": [ 9.5, 14.5, 10.0, 15.0 ] },
								"east": { "texture": "#innkeeper", "uv": [ 9.0, 14.5, 10.0, 15.0 ] },
								"south": { "texture": "#innkeeper", "uv": [ 9.5, 14.5, 10.0, 15.0 ] },
								"west": { "texture": "#innkeeper", "uv": [ 9.0, 14.5, 10.0, 15.0 ] },
								"up": { "texture": "#innkeeper", "uv": [ 9.0, 14.0, 10.0, 14.5 ], "rotation": 90 }
							}
						}
					]
				}
			]
		},
		{
			"name": "shoeL",
			"stepParentName": "PawL",
			"from": [ -0.1, -0.1, -0.1 ],
			"to": [ 3.1, 0.9, 3.1 ],
			"uv": [ 0.0, 0.0 ],
			"rotationOrigin": [ -0.1, -0.1, -0.1 ],
			"faces": {
				"north": { "texture": "#innkeeper", "uv": [ 0.0, 3.0, 3.0, 4.0 ] },
				"east": { "texture": "#innkeeper", "uv": [ 3.0, 3.0, 6.0, 4.0 ] },
				"south": { "texture": "#innkeeper", "uv": [ 6.0, 3.0, 9.0, 4.0 ] },
				"west": { "texture": "#innkeeper", "uv": [ 9.0, 3.0, 12.0, 4.0 ] },
				"up": { "texture": "#innkeeper", "uv": [ 0.0, 0.0, 3.0, 3.0 ] },
				"down": { "texture": "#innkeeper", "uv": [ 3.0, 0.0, 6.0, 3.0 ], "rotation": 90 }
			},
			"children": [
				{
					"name": "N fold 23",
					"from": [ 0.0, 1.0, 0.0 ],
					"to": [ 3.2, 1.5, 0.2 ],
					"autoUnwrap": false,
					"uv": [ 2.0, 8.0 ],
					"rotationOrigin": [ 0.0, 1.0, 0.2 ],
					"rotationX": -8.0,
					"faces": {
						"north": { "texture": "#innkeeper", "uv": [ 0.0, 10.5, 3.0, 11.0 ] },
						"east": { "texture": "#innkeeper", "uv": [ 0.5, 10.5, 1.0, 11.0 ], "windMode": [-1,-1,-1,-1] },
						"south": { "texture": "#innkeeper", "uv": [ 0.0, 10.5, 3.0, 11.0 ] },
						"west": { "texture": "#innkeeper", "uv": [ 2.5, 10.5, 3.0, 11.0 ] },
						"up": { "texture": "#innkeeper", "uv": [ 0.0, 10.0, 3.0, 10.5 ], "windMode": [-1,-1,-1,-1] }
					}
				},
				{
					"name": "S fold 24",
					"from": [ 0.0, 1.0, 3.0 ],
					"to": [ 3.2, 1.5, 3.2 ],
					"autoUnwrap": false,
					"uv": [ 2.0, 9.0 ],
					"rotationOrigin": [ 0.0, 1.0, 3.0 ],
					"rotationX": 8.0,
					"faces": {
						"north": { "texture": "#innkeeper", "uv": [ 7.0, 10.5, 10.0, 11.0 ], "windMode": [-1,-1,-1,-1] },
						"east": { "texture": "#innkeeper", "uv": [ 7.5, 10.5, 8.0, 11.0 ], "windMode": [-1,-1,-1,-1] },
						"south": { "texture": "#innkeeper", "uv": [ 7.0, 10.5, 10.0, 11.0 ] },
						"west": { "texture": "#innkeeper", "uv": [ 9.5, 10.5, 10.0, 11.0 ] },
						"up": { "texture": "#innkeeper", "uv": [ 7.0, 10.0, 10.0, 10.5 ] }
					}
				},
				{
					"name": "back fold 25",
					"from": [ 3.0, 1.0, 0.0 ],
					"to": [ 3.2, 1.5, 3.2 ],
					"autoUnwrap": false,
					"uv": [ 6.0, 8.5 ],
					"rotationOrigin": [ 3.0, 1.0, 0.0 ],
					"rotationZ": -7.0,
					"faces": {
						"north": { "texture": "#innkeeper", "uv": [ 12.5, 10.5, 13.0, 11.0 ] },
						"east": { "texture": "#innkeeper", "uv": [ 11.0, 10.5, 14.0, 11.0 ] },
						"south": { "texture": "#innkeeper", "uv": [ 11.5, 10.5, 12.0, 11.0 ] },
						"west": { "texture": "#innkeeper", "uv": [ 11.0, 10.5, 14.0, 11.0 ] },
						"up": { "texture": "#innkeeper", "uv": [ 11.0, 10.0, 14.0, 10.5 ], "rotation": 270 }
					}
				},
				{
					"name": "front 26",
					"from": [ 0.0, 1.0, 0.0 ],
					"to": [ 0.2, 1.5, 1.0 ],
					"autoUnwrap": false,
					"uv": [ 7.0, 8.0 ],
					"rotationOrigin": [ 0.2, 1.0, 0.0 ],
					"rotationZ": 10.0,
					"faces": {
						"north": { "texture": "#innkeeper", "uv": [ 4.0, 10.5, 4.5, 11.0 ] },
						"east": { "texture": "#innkeeper", "uv": [ 3.0, 10.5, 4.0, 11.0 ] },
						"south": { "texture": "#innkeeper", "uv": [ 4.5, 10.5, 5.0, 11.0 ] },
						"west": { "texture": "#innkeeper", "uv": [ 4.0, 10.5, 5.0, 11.0 ] },
						"up": { "texture": "#innkeeper", "uv": [ 4.0, 10.0, 5.0, 10.5 ], "rotation": 90 }
					},
					"children": [
						{
							"name": "front 27",
							"from": [ 0.0, 0.0, 2.2 ],
							"to": [ 0.2, 0.5, 3.2 ],
							"autoUnwrap": false,
							"uv": [ 8.0, 8.0 ],
							"rotationOrigin": [ 0.2, 0.0, 2.2 ],
							"faces": {
								"north": { "texture": "#innkeeper", "uv": [ 6.0, 10.5, 6.5, 11.0 ] },
								"east": { "texture": "#innkeeper", "uv": [ 6.0, 10.5, 7.0, 11.0 ] },
								"south": { "texture": "#innkeeper", "uv": [ 6.5, 10.5, 7.0, 11.0 ] },
								"west": { "texture": "#innkeeper", "uv": [ 6.0, 10.5, 7.0, 11.0 ] },
								"up": { "texture": "#innkeeper", "uv": [ 6.0, 10.0, 7.0, 10.5 ], "rotation": 90 }
							}
						}
					]
				}
			]
		}
	],
	"animations": [
	]
}