{
	"editor": {
		"backDropShape": "C:/Users/Cal/AppData/Roaming/VintagestoryData/Mods/koboldplayerrdx_1.0.23/assets/koboldrdx/shapes/entity/humanoid/kobold-faceless",
		"collapsedPaths": "Root/ShoeL/PlateL2,Root/ShoeL/PlateL1,Root/ShoeR/PlateR1,Root/ShoeR/PlateR2",
		"allAngles": false,
		"entityTextureMode": true
	},
	"textureWidth": 16,
	"textureHeight": 28,
	"textureSizes": {
		"miner": [16,28]
	},
	"textures": {
		"peasant": "entity/humanoid/villagerclothes/foot/miner"
	},
	"elements": [
		{
			"name": "ShoeR",
			"stepParentName": "PawR",
			"from": [ -0.1, -0.1, -0.1 ],
			"to": [ 3.1, 5.9, 3.1 ],
			"autoUnwrap": false,
			"uv": [ 0.0, 19.0 ],
			"rotationOrigin": [ 2.0, 0.0, 2.0 ],
			"faces": {
				"north": { "texture": "#peasant", "uv": [ 0.0, 22.0, 3.0, 28.0 ] },
				"east": { "texture": "#peasant", "uv": [ 11.0, 22.0, 14.0, 28.0 ] },
				"south": { "texture": "#peasant", "uv": [ 7.0, 22.0, 10.0, 28.0 ] },
				"west": { "texture": "#peasant", "uv": [ 4.0, 22.0, 7.0, 28.0 ] },
				"up": { "texture": "#peasant", "uv": [ 8.5, 0.0, 11.5, 3.0 ], "rotation": 90 },
				"down": { "texture": "#peasant", "uv": [ 12.0, 0.0, 15.0, 3.0 ] }
			},
			"children": [
				{
					"name": "PlateR1",
					"from": [ -0.1, 0.1, -0.1 ],
					"to": [ 1.9, 2.1, 3.3 ],
					"autoUnwrap": false,
					"uv": [ 0.0, 0.0 ],
					"rotationOrigin": [ 0.0, 0.1, 2.0 ],
					"rotationY": -1.0,
					"faces": {
						"north": { "texture": "#peasant", "uv": [ 9.5, 4.5, 11.5, 6.5 ] },
						"east": { "texture": "#peasant", "uv": [ 8.5, 5.5, 11.5, 7.5 ] },
						"south": { "texture": "#peasant", "uv": [ 7.5, 4.5, 9.5, 6.5 ] },
						"west": { "texture": "#peasant", "uv": [ 0.0, 17.0, 3.0, 19.0 ] },
						"up": { "texture": "#peasant", "uv": [ 7.5, 4.5, 9.5, 7.5 ] },
						"down": { "texture": "#peasant", "uv": [ 9.0, 4.5, 11.0, 7.5 ] }
					},
					"children": [
						{
							"name": "NailR1",
							"from": [ -0.1, 0.5, 0.5 ],
							"to": [ 0.0, 0.7, 0.7 ],
							"uv": [ 14.5, 25.5 ],
							"rotationOrigin": [ 0.0, 0.6, 0.6 ],
							"rotationX": 2.0,
							"faces": {
								"north": { "texture": "#peasant", "uv": [ 14.5, 26.0, 15.0, 26.5 ] },
								"south": { "texture": "#peasant", "uv": [ 15.0, 26.0, 15.5, 26.5 ] },
								"west": { "texture": "#peasant", "uv": [ 15.5, 26.0, 16.0, 26.5 ] },
								"up": { "texture": "#peasant", "uv": [ 14.5, 25.5, 15.0, 26.0 ] },
								"down": { "texture": "#peasant", "uv": [ 15.0, 25.5, 15.5, 26.0 ] }
							}
						},
						{
							"name": "NailR2",
							"from": [ -0.1, 1.5, 0.5 ],
							"to": [ 0.0, 1.7, 0.7 ],
							"uv": [ 14.5, 27.0 ],
							"rotationOrigin": [ 0.0, 1.6, 0.6 ],
							"faces": {
								"north": { "texture": "#peasant", "uv": [ 14.5, 27.5, 15.0, 28.0 ] },
								"south": { "texture": "#peasant", "uv": [ 15.0, 27.5, 15.5, 28.0 ] },
								"west": { "texture": "#peasant", "uv": [ 15.5, 27.5, 16.0, 28.0 ] },
								"up": { "texture": "#peasant", "uv": [ 14.5, 27.0, 15.0, 27.5 ] },
								"down": { "texture": "#peasant", "uv": [ 15.0, 27.0, 15.5, 27.5 ] }
							}
						},
						{
							"name": "NailR3",
							"from": [ -0.1, 1.0, 0.5 ],
							"to": [ 0.0, 1.2, 0.7 ],
							"uv": [ 14.5, 25.0 ],
							"rotationOrigin": [ 0.0, 1.1, 0.6 ],
							"faces": {
								"north": { "texture": "#peasant", "uv": [ 14.5, 25.5, 15.0, 26.0 ] },
								"south": { "texture": "#peasant", "uv": [ 15.0, 25.5, 15.5, 26.0 ] },
								"west": { "texture": "#peasant", "uv": [ 15.5, 25.5, 16.0, 26.0 ] },
								"up": { "texture": "#peasant", "uv": [ 14.5, 25.0, 15.0, 25.5 ] },
								"down": { "texture": "#peasant", "uv": [ 15.0, 25.0, 15.5, 25.5 ] }
							}
						},
						{
							"name": "NailR4",
							"from": [ -0.1, 0.5, 2.7 ],
							"to": [ 0.0, 0.7, 2.9 ],
							"uv": [ 14.5, 26.5 ],
							"rotationOrigin": [ 0.0, 0.6, 2.8 ],
							"faces": {
								"north": { "texture": "#peasant", "uv": [ 14.5, 27.0, 15.0, 27.5 ] },
								"south": { "texture": "#peasant", "uv": [ 15.0, 27.0, 15.5, 27.5 ] },
								"west": { "texture": "#peasant", "uv": [ 15.5, 27.0, 16.0, 27.5 ] },
								"up": { "texture": "#peasant", "uv": [ 14.5, 26.5, 15.0, 27.0 ] },
								"down": { "texture": "#peasant", "uv": [ 15.0, 26.5, 15.5, 27.0 ] }
							}
						},
						{
							"name": "NailR5",
							"from": [ -0.1, 1.1, 2.7 ],
							"to": [ 0.0, 1.3, 2.9 ],
							"uv": [ 14.5, 24.5 ],
							"rotationOrigin": [ 0.0, 1.2, 2.8 ],
							"faces": {
								"north": { "texture": "#peasant", "uv": [ 14.5, 25.0, 15.0, 25.5 ] },
								"south": { "texture": "#peasant", "uv": [ 15.0, 25.0, 15.5, 25.5 ] },
								"west": { "texture": "#peasant", "uv": [ 15.5, 25.0, 16.0, 25.5 ] },
								"up": { "texture": "#peasant", "uv": [ 14.5, 24.5, 15.0, 25.0 ] },
								"down": { "texture": "#peasant", "uv": [ 15.0, 24.5, 15.5, 25.0 ] }
							}
						},
						{
							"name": "NailR6",
							"from": [ -0.1, 1.6, 2.8 ],
							"to": [ 0.0, 1.8, 3.0 ],
							"uv": [ 14.5, 26.0 ],
							"rotationOrigin": [ 0.0, 1.7, 2.9 ],
							"rotationX": 1.0,
							"faces": {
								"north": { "texture": "#peasant", "uv": [ 14.5, 26.5, 15.0, 27.0 ] },
								"south": { "texture": "#peasant", "uv": [ 15.0, 26.5, 15.5, 27.0 ] },
								"west": { "texture": "#peasant", "uv": [ 15.5, 26.5, 16.0, 27.0 ] },
								"up": { "texture": "#peasant", "uv": [ 14.5, 26.0, 15.0, 26.5 ] },
								"down": { "texture": "#peasant", "uv": [ 15.0, 26.0, 15.5, 26.5 ] }
							}
						}
					]
				},
				{
					"name": "hideshoeR",
					"from": [ 0.0, 6.0, 0.0 ],
					"to": [ 1.0, 7.0, 1.0 ],
					"uv": [ 0.0, 0.0 ],
					"rotationOrigin": [ 0.0, 6.0, 0.0 ],
					"faces": {
					},
					"children": [
						{
							"name": "FlapFrontR",
							"from": [ 0.0, -1.1, 0.0 ],
							"to": [ 0.2, 0.9, 3.2 ],
							"autoUnwrap": false,
							"uv": [ 2.5, 14.5 ],
							"rotationOrigin": [ 0.0, -1.1, 2.0 ],
							"rotationX": -2.0,
							"rotationZ": 45.0,
							"faces": {
								"north": { "texture": "#peasant", "uv": [ 4.0, 20.0, 4.5, 22.0 ] },
								"east": { "texture": "#peasant", "uv": [ 4.0, 17.5, 7.0, 19.5 ] },
								"south": { "texture": "#peasant", "uv": [ 6.5, 20.0, 7.0, 22.0 ] },
								"west": { "texture": "#peasant", "uv": [ 4.0, 20.0, 7.0, 22.0 ] },
								"up": { "texture": "#peasant", "uv": [ 4.0, 20.0, 7.0, 20.5 ], "rotation": 90 }
							}
						},
						{
							"name": "FlapBackR",
							"from": [ 3.0, 0.0, 0.0 ],
							"to": [ 3.2, 0.5, 3.2 ],
							"autoUnwrap": false,
							"uv": [ 5.0, 9.0 ],
							"rotationOrigin": [ 3.2, 0.0, 2.0 ],
							"rotationZ": -15.0,
							"faces": {
								"north": { "texture": "#peasant", "uv": [ 13.5, 21.5, 14.0, 22.0 ] },
								"east": { "texture": "#peasant", "uv": [ 11.0, 21.5, 14.0, 22.0 ] },
								"south": { "texture": "#peasant", "uv": [ 10.5, 21.5, 11.0, 22.0 ], "windMode": [-1,-1,-1,-1] },
								"west": { "texture": "#peasant", "uv": [ 11.0, 19.0, 14.0, 19.5 ], "windMode": [-1,-1,-1,-1] },
								"up": { "texture": "#peasant", "uv": [ 11.0, 21.0, 14.0, 21.5 ], "rotation": 90 }
							}
						},
						{
							"name": "FlapNR",
							"from": [ 0.0, 0.0, 0.0 ],
							"to": [ 3.2, 0.5, 0.2 ],
							"autoUnwrap": false,
							"uv": [ 2.5, 14.0 ],
							"rotationOrigin": [ 0.0, 0.0, 0.0 ],
							"rotationX": -15.0,
							"rotationZ": -1.0,
							"faces": {
								"north": { "texture": "#peasant", "uv": [ 0.0, 21.5, 3.0, 22.0 ] },
								"east": { "texture": "#peasant", "uv": [ 0.0, 21.5, 0.5, 22.0 ] },
								"south": { "texture": "#peasant", "uv": [ 0.0, 19.0, 3.0, 19.5 ], "windMode": [-1,-1,-1,-1] },
								"west": { "texture": "#peasant", "uv": [ 3.5, 21.5, 4.0, 22.0 ] },
								"up": { "texture": "#peasant", "uv": [ 0.0, 21.0, 3.0, 21.5 ] }
							}
						},
						{
							"name": "FlapSR",
							"from": [ 0.0, 0.0, 3.0 ],
							"to": [ 3.2, 0.5, 3.2 ],
							"autoUnwrap": false,
							"uv": [ 4.5, 14.0 ],
							"rotationOrigin": [ 0.0, 0.0, 3.2 ],
							"rotationX": 10.0,
							"rotationZ": -2.0,
							"faces": {
								"north": { "texture": "#peasant", "uv": [ 7.0, 19.0, 10.0, 19.5 ] },
								"east": { "texture": "#peasant", "uv": [ 10.5, 21.5, 11.0, 22.0 ] },
								"south": { "texture": "#peasant", "uv": [ 7.0, 21.5, 10.0, 22.0 ] },
								"west": { "texture": "#peasant", "uv": [ 7.0, 21.5, 7.5, 22.0 ] },
								"up": { "texture": "#peasant", "uv": [ 7.0, 21.0, 10.0, 21.5 ] }
							}
						},
						{
							"name": "PlateRUpper",
							"from": [ -0.1, -3.5, 0.6 ],
							"to": [ 0.2, -0.5, 2.6 ],
							"autoUnwrap": false,
							"uv": [ 0.5, 0.0 ],
							"rotationOrigin": [ 0.1, -3.5, 1.6 ],
							"rotationZ": 2.0,
							"faces": {
								"north": { "texture": "#peasant", "uv": [ 15.5, 12.0, 16.0, 15.0 ] },
								"south": { "texture": "#peasant", "uv": [ 14.5, 12.0, 15.0, 15.0 ] },
								"west": { "texture": "#peasant", "uv": [ 2.5, 0.0, 4.5, 3.0 ] },
								"up": { "texture": "#peasant", "uv": [ 15.0, 13.0, 15.5, 15.0 ] },
								"down": { "texture": "#peasant", "uv": [ 15.0, 12.0, 15.5, 14.0 ] }
							},
							"children": [
								{
									"name": "NailR7",
									"from": [ -0.1, 0.5, 0.3 ],
									"to": [ 0.0, 0.7, 0.5 ],
									"uv": [ 14.5, 24.0 ],
									"rotationOrigin": [ 0.0, 0.6, 0.4 ],
									"rotationX": -22.5,
									"faces": {
										"north": { "texture": "#peasant", "uv": [ 14.5, 24.5, 15.0, 25.0 ] },
										"south": { "texture": "#peasant", "uv": [ 15.0, 24.5, 15.5, 25.0 ] },
										"west": { "texture": "#peasant", "uv": [ 15.5, 24.5, 16.0, 25.0 ] },
										"up": { "texture": "#peasant", "uv": [ 14.5, 24.0, 15.0, 24.5 ] },
										"down": { "texture": "#peasant", "uv": [ 15.0, 24.0, 15.5, 24.5 ] }
									}
								},
								{
									"name": "NailR8",
									"from": [ -0.1, 1.6, 0.3 ],
									"to": [ 0.0, 1.8, 0.5 ],
									"uv": [ 14.5, 21.5 ],
									"rotationOrigin": [ 0.0, 1.7, 0.4 ],
									"faces": {
										"north": { "texture": "#peasant", "uv": [ 14.5, 22.0, 15.0, 22.5 ] },
										"south": { "texture": "#peasant", "uv": [ 15.0, 22.0, 15.5, 22.5 ] },
										"west": { "texture": "#peasant", "uv": [ 15.5, 22.0, 16.0, 22.5 ] },
										"up": { "texture": "#peasant", "uv": [ 14.5, 21.5, 15.0, 22.0 ] },
										"down": { "texture": "#peasant", "uv": [ 15.0, 21.5, 15.5, 22.0 ] }
									}
								},
								{
									"name": "NailR9",
									"from": [ -0.1, 2.5, 0.3 ],
									"to": [ 0.0, 2.7, 0.5 ],
									"uv": [ 14.5, 22.0 ],
									"rotationOrigin": [ 0.0, 2.6, 0.4 ],
									"rotationY": 2.0,
									"faces": {
										"north": { "texture": "#peasant", "uv": [ 14.5, 22.5, 15.0, 23.0 ] },
										"south": { "texture": "#peasant", "uv": [ 15.0, 22.5, 15.5, 23.0 ] },
										"west": { "texture": "#peasant", "uv": [ 15.5, 22.5, 16.0, 23.0 ] },
										"up": { "texture": "#peasant", "uv": [ 14.5, 22.0, 15.0, 22.5 ] },
										"down": { "texture": "#peasant", "uv": [ 15.0, 22.0, 15.5, 22.5 ] }
									}
								},
								{
									"name": "NailR10",
									"from": [ -0.1, 1.5, 1.5 ],
									"to": [ 0.0, 1.7, 1.7 ],
									"uv": [ 14.5, 23.0 ],
									"rotationOrigin": [ 0.0, 1.6, 1.6 ],
									"rotationX": -10.0,
									"faces": {
										"north": { "texture": "#peasant", "uv": [ 14.5, 23.5, 15.0, 24.0 ] },
										"south": { "texture": "#peasant", "uv": [ 15.0, 23.5, 15.5, 24.0 ] },
										"west": { "texture": "#peasant", "uv": [ 15.5, 23.5, 16.0, 24.0 ] },
										"up": { "texture": "#peasant", "uv": [ 14.5, 23.0, 15.0, 23.5 ] },
										"down": { "texture": "#peasant", "uv": [ 15.0, 23.0, 15.5, 23.5 ] }
									}
								},
								{
									"name": "NailR11",
									"from": [ -0.1, 0.5, 1.5 ],
									"to": [ 0.0, 0.7, 1.7 ],
									"uv": [ 14.5, 23.5 ],
									"rotationOrigin": [ 0.0, 0.6, 1.6 ],
									"faces": {
										"north": { "texture": "#peasant", "uv": [ 14.5, 24.0, 15.0, 24.5 ] },
										"south": { "texture": "#peasant", "uv": [ 15.0, 24.0, 15.5, 24.5 ] },
										"west": { "texture": "#peasant", "uv": [ 15.5, 24.0, 16.0, 24.5 ] },
										"up": { "texture": "#peasant", "uv": [ 14.5, 23.5, 15.0, 24.0 ] },
										"down": { "texture": "#peasant", "uv": [ 15.0, 23.5, 15.5, 24.0 ] }
									}
								},
								{
									"name": "NailR12",
									"from": [ -0.1, 2.4, 1.4 ],
									"to": [ 0.0, 2.6, 1.6 ],
									"uv": [ 14.5, 22.5 ],
									"rotationOrigin": [ 0.0, 2.5, 1.5 ],
									"faces": {
										"north": { "texture": "#peasant", "uv": [ 14.5, 23.0, 15.0, 23.5 ] },
										"south": { "texture": "#peasant", "uv": [ 15.0, 23.0, 15.5, 23.5 ] },
										"west": { "texture": "#peasant", "uv": [ 15.5, 23.0, 16.0, 23.5 ] },
										"up": { "texture": "#peasant", "uv": [ 14.5, 22.5, 15.0, 23.0 ] },
										"down": { "texture": "#peasant", "uv": [ 15.0, 22.5, 15.5, 23.0 ] }
									}
								}
							]
						}
					]
				},
				{
					"name": "showshoeR",
					"from": [ 0.0, 6.0, 0.0 ],
					"to": [ 1.0, 7.0, 1.0 ],
					"uv": [ 0.0, 0.0 ],
					"rotationOrigin": [ 0.0, 6.0, 0.0 ],
					"faces": {
					},
					"children": [
						{
							"name": "FrontR",
							"from": [ 0.0, -1.0, 0.0 ],
							"to": [ 1.0, 1.0, 3.2 ],
							"uv": [ 4.0, 20.0 ],
							"rotationOrigin": [ 0.0, -1.0, 0.0 ],
							"rotationZ": 41.0,
							"faces": {
								"west": { "texture": "#peasant", "uv": [ 4.0, 20.0, 7.0, 22.0 ] }
							}
						},
						{
							"name": "SidesR",
							"from": [ 0.0, 0.0, 0.0 ],
							"to": [ 3.2, 0.5, 3.2 ],
							"autoUnwrap": false,
							"uv": [ 7.0, 21.5 ],
							"faces": {
								"north": { "texture": "#peasant", "uv": [ 0.0, 21.5, 3.0, 22.0 ], "windMode": [-1,-1,-1,-1] },
								"east": { "texture": "#peasant", "uv": [ 11.0, 21.5, 14.0, 22.0 ], "windMode": [-1,-1,-1,-1] },
								"south": { "texture": "#peasant", "uv": [ 7.0, 21.5, 10.0, 22.0 ], "windMode": [-1,-1,-1,-1] }
							}
						}
					]
				}
			]
		},
		{
			"name": "ShoeL",
			"stepParentName": "PawL",
			"from": [ -0.1, -0.1, -0.1 ],
			"to": [ 3.1, 5.9, 3.1 ],
			"autoUnwrap": false,
			"uv": [ 0.0, 8.0 ],
			"rotationOrigin": [ 2.0, 0.0, 2.0 ],
			"faces": {
				"north": { "texture": "#peasant", "uv": [ 0.0, 11.0, 3.0, 17.0 ] },
				"east": { "texture": "#peasant", "uv": [ 11.0, 11.0, 14.0, 17.0 ] },
				"south": { "texture": "#peasant", "uv": [ 7.0, 11.0, 10.0, 17.0 ] },
				"west": { "texture": "#peasant", "uv": [ 4.0, 11.0, 7.0, 17.0 ] },
				"up": { "texture": "#peasant", "uv": [ 5.0, 0.0, 8.0, 3.0 ], "rotation": 90 },
				"down": { "texture": "#peasant", "uv": [ 12.0, 3.5, 15.0, 6.5 ] }
			},
			"children": [
				{
					"name": "PlateL1",
					"from": [ -0.1, 0.1, -0.1 ],
					"to": [ 1.9, 2.1, 3.3 ],
					"autoUnwrap": false,
					"uv": [ 0.0, 0.0 ],
					"rotationOrigin": [ 0.0, 0.1, 2.0 ],
					"rotationZ": 1.0,
					"faces": {
						"north": { "texture": "#peasant", "uv": [ 9.0, 5.5, 11.0, 7.5 ] },
						"east": { "texture": "#peasant", "uv": [ 7.5, 4.5, 10.5, 6.5 ] },
						"south": { "texture": "#peasant", "uv": [ 8.0, 5.5, 10.0, 7.5 ] },
						"west": { "texture": "#peasant", "uv": [ 0.0, 6.0, 3.0, 8.0 ] },
						"up": { "texture": "#peasant", "uv": [ 8.0, 4.5, 11.0, 6.5 ], "rotation": 90 },
						"down": { "texture": "#peasant", "uv": [ 8.5, 5.5, 11.5, 7.5 ], "rotation": 90 }
					},
					"children": [
						{
							"name": "NailL1",
							"from": [ -0.1, 0.5, 0.6 ],
							"to": [ 0.0, 0.7, 0.8 ],
							"uv": [ 14.5, 19.5 ],
							"rotationOrigin": [ 0.0, 0.6, 0.7 ],
							"faces": {
								"north": { "texture": "#peasant", "uv": [ 14.5, 20.0, 15.0, 20.5 ] },
								"south": { "texture": "#peasant", "uv": [ 15.0, 20.0, 15.5, 20.5 ] },
								"west": { "texture": "#peasant", "uv": [ 15.5, 20.0, 16.0, 20.5 ] },
								"up": { "texture": "#peasant", "uv": [ 14.5, 19.5, 15.0, 20.0 ] },
								"down": { "texture": "#peasant", "uv": [ 15.0, 19.5, 15.5, 20.0 ] }
							}
						},
						{
							"name": "NailL2",
							"from": [ -0.1, 1.5, 0.5 ],
							"to": [ 0.0, 1.7, 0.7 ],
							"uv": [ 14.5, 16.0 ],
							"rotationOrigin": [ 0.0, 1.6, 0.6 ],
							"faces": {
								"north": { "texture": "#peasant", "uv": [ 14.5, 16.5, 15.0, 17.0 ] },
								"south": { "texture": "#peasant", "uv": [ 15.0, 16.5, 15.5, 17.0 ] },
								"west": { "texture": "#peasant", "uv": [ 15.5, 16.5, 16.0, 17.0 ] },
								"up": { "texture": "#peasant", "uv": [ 14.5, 16.0, 15.0, 16.5 ] },
								"down": { "texture": "#peasant", "uv": [ 15.0, 16.0, 15.5, 16.5 ] }
							}
						},
						{
							"name": "NailL3",
							"from": [ -0.1, 1.0, 0.5 ],
							"to": [ 0.0, 1.2, 0.7 ],
							"uv": [ 14.5, 17.5 ],
							"rotationOrigin": [ 0.0, 1.1, 0.6 ],
							"rotationX": -4.0,
							"faces": {
								"north": { "texture": "#peasant", "uv": [ 14.5, 18.0, 15.0, 18.5 ] },
								"south": { "texture": "#peasant", "uv": [ 15.0, 18.0, 15.5, 18.5 ] },
								"west": { "texture": "#peasant", "uv": [ 15.5, 18.0, 16.0, 18.5 ] },
								"up": { "texture": "#peasant", "uv": [ 14.5, 17.5, 15.0, 18.0 ] },
								"down": { "texture": "#peasant", "uv": [ 15.0, 17.5, 15.5, 18.0 ] }
							}
						},
						{
							"name": "NailL4",
							"from": [ -0.1, 0.5, 2.8 ],
							"to": [ 0.0, 0.7, 3.0 ],
							"uv": [ 14.5, 19.0 ],
							"rotationOrigin": [ 0.0, 0.6, 2.9 ],
							"rotationX": 10.0,
							"faces": {
								"north": { "texture": "#peasant", "uv": [ 14.5, 19.5, 15.0, 20.0 ] },
								"south": { "texture": "#peasant", "uv": [ 15.0, 19.5, 15.5, 20.0 ] },
								"west": { "texture": "#peasant", "uv": [ 15.5, 19.5, 16.0, 20.0 ] },
								"up": { "texture": "#peasant", "uv": [ 14.5, 19.0, 15.0, 19.5 ] },
								"down": { "texture": "#peasant", "uv": [ 15.0, 19.0, 15.5, 19.5 ] }
							}
						},
						{
							"name": "NailL5",
							"from": [ -0.1, 1.1, 2.8 ],
							"to": [ 0.0, 1.3, 3.0 ],
							"uv": [ 14.5, 18.5 ],
							"rotationOrigin": [ 0.0, 1.2, 2.9 ],
							"faces": {
								"north": { "texture": "#peasant", "uv": [ 14.5, 19.0, 15.0, 19.5 ] },
								"south": { "texture": "#peasant", "uv": [ 15.0, 19.0, 15.5, 19.5 ] },
								"west": { "texture": "#peasant", "uv": [ 15.5, 19.0, 16.0, 19.5 ] },
								"up": { "texture": "#peasant", "uv": [ 14.5, 18.5, 15.0, 19.0 ] },
								"down": { "texture": "#peasant", "uv": [ 15.0, 18.5, 15.5, 19.0 ] }
							}
						},
						{
							"name": "NailL6",
							"from": [ -0.1, 1.6, 2.8 ],
							"to": [ 0.0, 1.8, 3.0 ],
							"uv": [ 14.5, 18.0 ],
							"rotationOrigin": [ 0.0, 1.7, 2.9 ],
							"faces": {
								"north": { "texture": "#peasant", "uv": [ 14.5, 18.5, 15.0, 19.0 ] },
								"south": { "texture": "#peasant", "uv": [ 15.0, 18.5, 15.5, 19.0 ] },
								"west": { "texture": "#peasant", "uv": [ 15.5, 18.5, 16.0, 19.0 ] },
								"up": { "texture": "#peasant", "uv": [ 14.5, 18.0, 15.0, 18.5 ] },
								"down": { "texture": "#peasant", "uv": [ 15.0, 18.0, 15.5, 18.5 ] }
							}
						}
					]
				},
				{
					"name": "hideshoeL",
					"from": [ 0.0, 6.0, 0.0 ],
					"to": [ 1.0, 7.0, 1.0 ],
					"uv": [ 0.0, 0.0 ],
					"rotationOrigin": [ 0.0, 6.0, 0.0 ],
					"faces": {
						"north": { "texture": "#peasant", "uv": [ 0.0, 1.0, 1.0, 2.0 ] },
						"east": { "texture": "#peasant", "uv": [ 1.0, 1.0, 2.0, 2.0 ] },
						"south": { "texture": "#peasant", "uv": [ 2.0, 1.0, 3.0, 2.0 ] },
						"west": { "texture": "#peasant", "uv": [ 3.0, 1.0, 4.0, 2.0 ] },
						"up": { "texture": "#peasant", "uv": [ 0.0, 0.0, 1.0, 1.0 ] },
						"down": { "texture": "#peasant", "uv": [ 1.0, 0.0, 2.0, 1.0 ] }
					},
					"children": [
						{
							"name": "FlapFrontL",
							"from": [ 0.0, -1.1, 0.0 ],
							"to": [ 0.2, 0.9, 3.2 ],
							"autoUnwrap": false,
							"uv": [ 0.0, 6.0 ],
							"rotationOrigin": [ 0.0, -1.1, 2.0 ],
							"rotationX": 1.0,
							"rotationZ": 45.0,
							"faces": {
								"north": { "texture": "#peasant", "uv": [ 4.0, 9.0, 4.5, 11.0 ] },
								"east": { "texture": "#peasant", "uv": [ 4.0, 6.5, 7.0, 8.5 ] },
								"south": { "texture": "#peasant", "uv": [ 6.5, 9.0, 7.0, 11.0 ] },
								"west": { "texture": "#peasant", "uv": [ 4.0, 9.0, 7.0, 11.0 ] },
								"up": { "texture": "#peasant", "uv": [ 4.0, 9.0, 7.0, 9.5 ], "rotation": 90 }
							}
						},
						{
							"name": "FlapBackL",
							"from": [ 3.0, 0.0, 0.0 ],
							"to": [ 3.2, 0.5, 3.2 ],
							"autoUnwrap": false,
							"uv": [ 1.5, 2.0 ],
							"rotationOrigin": [ 3.2, 0.0, 2.0 ],
							"rotationZ": -15.0,
							"faces": {
								"north": { "texture": "#peasant", "uv": [ 13.5, 10.5, 14.0, 11.0 ] },
								"east": { "texture": "#peasant", "uv": [ 11.0, 10.5, 14.0, 11.0 ] },
								"south": { "texture": "#peasant", "uv": [ 11.5, 10.5, 12.0, 11.0 ] },
								"west": { "texture": "#peasant", "uv": [ 11.0, 8.0, 14.0, 8.5 ] },
								"up": { "texture": "#peasant", "uv": [ 11.0, 10.0, 14.0, 10.5 ], "rotation": 90 }
							}
						},
						{
							"name": "FlapNL",
							"from": [ 0.0, 0.0, 0.0 ],
							"to": [ 3.2, 0.5, 0.2 ],
							"autoUnwrap": false,
							"uv": [ 0.0, 5.0 ],
							"rotationOrigin": [ 0.0, 0.0, 0.0 ],
							"rotationX": -15.0,
							"faces": {
								"north": { "texture": "#peasant", "uv": [ 0.0, 10.5, 4.0, 11.0 ] },
								"east": { "texture": "#peasant", "uv": [ 0.0, 10.5, 0.5, 11.0 ] },
								"south": { "texture": "#peasant", "uv": [ 0.0, 8.0, 4.0, 8.5 ] },
								"west": { "texture": "#peasant", "uv": [ 3.5, 10.5, 4.0, 11.0 ] },
								"up": { "texture": "#peasant", "uv": [ 0.0, 10.0, 4.0, 10.5 ] }
							}
						},
						{
							"name": "FlapSL",
							"from": [ 0.0, 0.0, 3.0 ],
							"to": [ 3.2, 0.5, 3.2 ],
							"autoUnwrap": false,
							"uv": [ 2.5, 5.0 ],
							"rotationOrigin": [ 0.0, 0.0, 3.2 ],
							"rotationX": 10.0,
							"rotationZ": -1.0,
							"faces": {
								"north": { "texture": "#peasant", "uv": [ 7.0, 8.0, 10.0, 8.5 ] },
								"east": { "texture": "#peasant", "uv": [ 10.5, 10.5, 11.0, 11.0 ] },
								"south": { "texture": "#peasant", "uv": [ 7.0, 10.5, 10.0, 11.0 ] },
								"west": { "texture": "#peasant", "uv": [ 7.0, 10.5, 7.5, 11.0 ] },
								"up": { "texture": "#peasant", "uv": [ 7.0, 10.0, 10.0, 10.5 ] }
							}
						},
						{
							"name": "PlateLUpper",
							"from": [ -0.1, -3.5, 0.6 ],
							"to": [ 0.2, -0.5, 2.6 ],
							"autoUnwrap": false,
							"uv": [ 3.0, 1.5 ],
							"rotationOrigin": [ 0.1, -3.5, 1.6 ],
							"rotationX": 1.0,
							"rotationZ": 1.0,
							"faces": {
								"north": { "texture": "#peasant", "uv": [ 15.5, 9.0, 16.0, 12.0 ] },
								"south": { "texture": "#peasant", "uv": [ 15.0, 9.0, 15.5, 12.0 ] },
								"west": { "texture": "#peasant", "uv": [ 0.0, 0.0, 2.0, 3.0 ] },
								"up": { "texture": "#peasant", "uv": [ 14.5, 9.0, 15.0, 11.0 ] },
								"down": { "texture": "#peasant", "uv": [ 14.5, 10.0, 15.0, 12.0 ] }
							},
							"children": [
								{
									"name": "NailL7",
									"from": [ -0.1, 0.5, 0.3 ],
									"to": [ 0.0, 0.7, 0.5 ],
									"uv": [ 14.5, 21.0 ],
									"rotationOrigin": [ 0.0, 0.6, 0.4 ],
									"rotationZ": 1.0,
									"faces": {
										"north": { "texture": "#peasant", "uv": [ 14.5, 21.5, 15.0, 22.0 ] },
										"south": { "texture": "#peasant", "uv": [ 15.0, 21.5, 15.5, 22.0 ] },
										"west": { "texture": "#peasant", "uv": [ 15.5, 21.5, 16.0, 22.0 ] },
										"up": { "texture": "#peasant", "uv": [ 14.5, 21.0, 15.0, 21.5 ] },
										"down": { "texture": "#peasant", "uv": [ 15.0, 21.0, 15.5, 21.5 ] }
									}
								},
								{
									"name": "NailL8",
									"from": [ -0.1, 1.5, 0.3 ],
									"to": [ 0.0, 1.7, 0.5 ],
									"uv": [ 14.5, 20.5 ],
									"rotationOrigin": [ 0.0, 1.6, 0.4 ],
									"faces": {
										"north": { "texture": "#peasant", "uv": [ 14.5, 21.0, 15.0, 21.5 ] },
										"south": { "texture": "#peasant", "uv": [ 15.0, 21.0, 15.5, 21.5 ] },
										"west": { "texture": "#peasant", "uv": [ 15.5, 21.0, 16.0, 21.5 ] },
										"up": { "texture": "#peasant", "uv": [ 14.5, 20.5, 15.0, 21.0 ] },
										"down": { "texture": "#peasant", "uv": [ 15.0, 20.5, 15.5, 21.0 ] }
									}
								},
								{
									"name": "NailL9",
									"from": [ -0.1, 2.4, 0.4 ],
									"to": [ 0.0, 2.6, 0.6 ],
									"uv": [ 14.5, 16.5 ],
									"rotationOrigin": [ 0.0, 2.5, 0.5 ],
									"faces": {
										"north": { "texture": "#peasant", "uv": [ 14.5, 17.0, 15.0, 17.5 ] },
										"south": { "texture": "#peasant", "uv": [ 15.0, 17.0, 15.5, 17.5 ] },
										"west": { "texture": "#peasant", "uv": [ 15.5, 17.0, 16.0, 17.5 ] },
										"up": { "texture": "#peasant", "uv": [ 14.5, 16.5, 15.0, 17.0 ] },
										"down": { "texture": "#peasant", "uv": [ 15.0, 16.5, 15.5, 17.0 ] }
									}
								},
								{
									"name": "NailL10",
									"from": [ -0.1, 1.5, 1.5 ],
									"to": [ 0.0, 1.7, 1.7 ],
									"uv": [ 14.5, 17.0 ],
									"rotationOrigin": [ 0.0, 1.6, 1.6 ],
									"faces": {
										"north": { "texture": "#peasant", "uv": [ 14.5, 17.5, 15.0, 18.0 ] },
										"south": { "texture": "#peasant", "uv": [ 15.0, 17.5, 15.5, 18.0 ] },
										"west": { "texture": "#peasant", "uv": [ 15.5, 17.5, 16.0, 18.0 ] },
										"up": { "texture": "#peasant", "uv": [ 14.5, 17.0, 15.0, 17.5 ] },
										"down": { "texture": "#peasant", "uv": [ 15.0, 17.0, 15.5, 17.5 ] }
									}
								},
								{
									"name": "NailL11",
									"from": [ -0.1, 0.6, 1.5 ],
									"to": [ 0.0, 0.8, 1.7 ],
									"uv": [ 14.5, 20.0 ],
									"rotationOrigin": [ 0.0, 0.7, 1.6 ],
									"faces": {
										"north": { "texture": "#peasant", "uv": [ 14.5, 20.5, 15.0, 21.0 ] },
										"south": { "texture": "#peasant", "uv": [ 15.0, 20.5, 15.5, 21.0 ] },
										"west": { "texture": "#peasant", "uv": [ 15.5, 20.5, 16.0, 21.0 ] },
										"up": { "texture": "#peasant", "uv": [ 14.5, 20.0, 15.0, 20.5 ] },
										"down": { "texture": "#peasant", "uv": [ 15.0, 20.0, 15.5, 20.5 ] }
									}
								},
								{
									"name": "NailL12",
									"from": [ -0.1, 2.5, 1.5 ],
									"to": [ 0.0, 2.7, 1.7 ],
									"uv": [ 14.5, 15.5 ],
									"rotationOrigin": [ 0.0, 2.6, 1.6 ],
									"rotationX": 5.0,
									"faces": {
										"north": { "texture": "#peasant", "uv": [ 14.5, 16.0, 15.0, 16.5 ] },
										"south": { "texture": "#peasant", "uv": [ 15.0, 16.0, 15.5, 16.5 ] },
										"west": { "texture": "#peasant", "uv": [ 15.5, 16.0, 16.0, 16.5 ] },
										"up": { "texture": "#peasant", "uv": [ 14.5, 15.5, 15.0, 16.0 ] },
										"down": { "texture": "#peasant", "uv": [ 15.0, 15.5, 15.5, 16.0 ] }
									}
								}
							]
						}
					]
				},
				{
					"name": "showshoeL",
					"from": [ 0.0, 6.0, 0.0 ],
					"to": [ 1.0, 8.0, 3.2 ],
					"uv": [ 0.0, 0.0 ],
					"rotationOrigin": [ 0.0, 6.0, 0.0 ],
					"faces": {
					},
					"children": [
						{
							"name": "FrontL",
							"from": [ 0.0, -1.0, 0.0 ],
							"to": [ 1.0, 1.0, 3.2 ],
							"uv": [ 4.0, 9.0 ],
							"rotationOrigin": [ 0.0, -1.0, 0.0 ],
							"rotationZ": 41.0,
							"faces": {
								"west": { "texture": "#peasant", "uv": [ 4.0, 9.0, 7.0, 11.0 ], "windMode": [-1,-1,-1,-1] }
							}
						},
						{
							"name": "SidesL",
							"from": [ 0.0, 0.0, 0.0 ],
							"to": [ 3.2, 0.5, 3.2 ],
							"unwrapMode": 4,
							"autoUnwrap": false,
							"uv": [ 3.0, 10.5 ],
							"faces": {
								"north": { "texture": "#peasant", "uv": [ 0.0, 10.5, 3.0, 11.0 ], "windMode": [-1,-1,-1,-1] },
								"east": { "texture": "#peasant", "uv": [ 11.0, 10.5, 14.0, 11.0 ], "windMode": [-1,-1,-1,-1] },
								"south": { "texture": "#peasant", "uv": [ 7.0, 10.5, 10.0, 11.0 ], "windMode": [-1,-1,-1,-1] }
							}
						}
					]
				}
			]
		}
	],
	"animations": [
	]
}