{
	"editor": {
		"backDropShape": "C:/Users/Cal/AppData/Roaming/VintagestoryData/Mods/koboldplayerrdx_1.0.23/assets/koboldrdx/shapes/entity/humanoid/kobold-faceless",
		"allAngles": false,
		"entityTextureMode": true
	},
	"textureWidth": 16,
	"textureHeight": 16,
	"textureSizes": {
		"musician": [16,16]
	},
	"textures": {
		"musician": "entity/humanoid/villagerclothes/foot/musician"
	},
	"elements": [
		{
			"name": "shoeR",
			"stepParentName": "PawR",
			"from": [ -0.1, -0.1, -0.1 ],
			"to": [ 3.1, 0.9, 3.1 ],
			"autoUnwrap": false,
			"uv": [ 0.0, 12.0 ],
			"rotationOrigin": [ 2.0, 0.0, 1.5 ],
			"faces": {
				"north": { "texture": "#musician", "uv": [ 0.0, 15.0, 3.0, 16.0 ] },
				"east": { "texture": "#musician", "uv": [ 11.0, 15.0, 14.0, 16.0 ] },
				"south": { "texture": "#musician", "uv": [ 7.0, 15.0, 10.0, 16.0 ] },
				"west": { "texture": "#musician", "uv": [ 4.0, 15.0, 7.0, 16.0 ] },
				"up": { "texture": "#musician", "uv": [ 12.0, 3.0, 15.0, 6.0 ] },
				"down": { "texture": "#musician", "uv": [ 12.0, 0.0, 15.0, 3.0 ] }
			},
			"children": [
				{
					"name": "N-foldR",
					"from": [ 0.0, 1.0, 0.0 ],
					"to": [ 3.2, 2.5, 0.2 ],
					"autoUnwrap": false,
					"uv": [ 3.5, 7.5 ],
					"rotationOrigin": [ 0.0, 1.0, 0.0 ],
					"rotationX": -5.0,
					"rotationZ": -1.0,
					"faces": {
						"north": { "texture": "#musician", "uv": [ 0.0, 13.5, 3.0, 15.0 ] },
						"east": { "texture": "#musician", "uv": [ 0.0, 13.5, 0.5, 15.0 ] },
						"south": { "texture": "#musician", "uv": [ 0.0, 11.5, 3.0, 13.0 ] },
						"west": { "texture": "#musician", "uv": [ 3.5, 13.5, 4.0, 15.0 ] },
						"up": { "texture": "#musician", "uv": [ 0.0, 13.5, 3.0, 14.0 ] }
					}
				},
				{
					"name": "Front-FoldR",
					"from": [ 0.0, 1.0, 0.0 ],
					"to": [ 0.2, 1.5, 3.2 ],
					"autoUnwrap": false,
					"uv": [ 3.0, 9.5 ],
					"rotationOrigin": [ 0.0, 1.0, 2.0 ],
					"rotationZ": 8.0,
					"faces": {
						"north": { "texture": "#musician", "uv": [ 4.0, 14.5, 4.5, 15.0 ] },
						"east": { "texture": "#musician", "uv": [ 4.0, 12.5, 7.0, 13.0 ] },
						"south": { "texture": "#musician", "uv": [ 6.5, 14.5, 7.0, 15.0 ] },
						"west": { "texture": "#musician", "uv": [ 4.0, 14.5, 7.0, 15.0 ] },
						"up": { "texture": "#musician", "uv": [ 4.0, 14.5, 7.0, 15.0 ], "rotation": 90 }
					},
					"children": [
						{
							"name": "Front-FoldR1",
							"from": [ 0.0, 0.4, 0.01 ],
							"to": [ 0.2, 1.4, 1.01 ],
							"autoUnwrap": false,
							"uv": [ 2.0, 3.0 ],
							"rotationOrigin": [ 0.0, 0.4, 0.0 ],
							"rotationZ": 5.0,
							"faces": {
								"north": { "texture": "#musician", "uv": [ 4.0, 13.5, 4.5, 14.5 ] },
								"east": { "texture": "#musician", "uv": [ 4.0, 11.5, 5.0, 12.5 ] },
								"south": { "texture": "#musician", "uv": [ 4.5, 13.5, 5.0, 14.5 ] },
								"west": { "texture": "#musician", "uv": [ 4.0, 13.5, 5.0, 14.5 ] },
								"up": { "texture": "#musician", "uv": [ 4.0, 13.5, 5.0, 14.0 ], "rotation": 90 }
							}
						},
						{
							"name": "Front-FoldR2",
							"from": [ 0.0, 0.4, 2.19 ],
							"to": [ 0.2, 1.4, 3.19 ],
							"autoUnwrap": false,
							"uv": [ 2.0, 3.0 ],
							"rotationOrigin": [ 0.0, 0.4, 3.2 ],
							"rotationZ": 5.0,
							"faces": {
								"north": { "texture": "#musician", "uv": [ 6.0, 13.5, 6.5, 14.5 ] },
								"east": { "texture": "#musician", "uv": [ 6.0, 11.5, 7.0, 12.5 ], "windMode": [-1,-1,-1,-1] },
								"south": { "texture": "#musician", "uv": [ 6.5, 13.5, 7.0, 14.5 ] },
								"west": { "texture": "#musician", "uv": [ 6.0, 13.5, 7.0, 14.5 ] },
								"up": { "texture": "#musician", "uv": [ 6.0, 13.5, 7.0, 14.0 ], "rotation": 90 }
							}
						},
						{
							"name": "StrapR",
							"from": [ 0.1, 1.0, 0.0 ],
							"to": [ 0.2, 1.5, 3.2 ],
							"autoUnwrap": false,
							"uv": [ 0.0, 0.0 ],
							"rotationOrigin": [ 0.1, 1.0, 0.0 ],
							"faces": {
								"north": { "texture": "#musician", "uv": [ 4.0, 13.5, 4.5, 14.0 ] },
								"east": { "texture": "#musician", "uv": [ 4.0, 11.5, 7.0, 12.0 ] },
								"south": { "texture": "#musician", "uv": [ 6.5, 13.5, 7.0, 14.0 ] },
								"west": { "texture": "#musician", "uv": [ 4.0, 14.0, 7.0, 14.5 ] },
								"up": { "texture": "#musician", "uv": [ 4.0, 13.5, 7.0, 14.0 ], "rotation": 90 },
								"down": { "texture": "#musician", "uv": [ 4.0, 11.5, 7.0, 12.0 ], "rotation": 90, "windMode": [-1,-1,-1,-1] }
							}
						}
					]
				},
				{
					"name": "Back-FoldR",
					"from": [ 3.0, 1.0, 0.0 ],
					"to": [ 3.2, 2.5, 3.2 ],
					"autoUnwrap": false,
					"uv": [ 7.0, 5.0 ],
					"rotationOrigin": [ 3.2, 1.0, 2.0 ],
					"rotationZ": -5.0,
					"faces": {
						"north": { "texture": "#musician", "uv": [ 11.0, 13.5, 11.5, 15.0 ] },
						"east": { "texture": "#musician", "uv": [ 11.0, 13.5, 14.0, 15.0 ] },
						"south": { "texture": "#musician", "uv": [ 13.5, 13.5, 14.0, 15.0 ] },
						"west": { "texture": "#musician", "uv": [ 11.0, 11.5, 14.0, 13.0 ] },
						"up": { "texture": "#musician", "uv": [ 11.0, 13.5, 14.0, 14.0 ], "rotation": 90 }
					}
				},
				{
					"name": "S-foldR",
					"from": [ 0.0, 1.0, 3.0 ],
					"to": [ 3.2, 2.5, 3.2 ],
					"autoUnwrap": false,
					"uv": [ 4.5, 8.5 ],
					"rotationOrigin": [ 0.0, 1.0, 3.2 ],
					"rotationX": 5.0,
					"rotationZ": -1.0,
					"faces": {
						"north": { "texture": "#musician", "uv": [ 7.0, 11.5, 10.0, 13.0 ] },
						"east": { "texture": "#musician", "uv": [ 7.0, 13.5, 7.5, 15.0 ] },
						"south": { "texture": "#musician", "uv": [ 7.0, 13.5, 10.0, 15.0 ] },
						"west": { "texture": "#musician", "uv": [ 10.5, 13.5, 11.0, 15.0 ] },
						"up": { "texture": "#musician", "uv": [ 7.0, 13.5, 10.0, 14.0 ] }
					}
				},
				{
					"name": "BellR1",
					"from": [ -0.4, 1.6, 2.9 ],
					"to": [ 0.2, 2.2, 3.5 ],
					"uv": [ 0.0, 1.0 ],
					"rotationOrigin": [ 0.0, 1.9, 3.2 ],
					"rotationY": 45.0,
					"rotationZ": 22.5,
					"faces": {
						"north": { "texture": "#musician", "uv": [ 0.0, 1.5, 0.5, 2.0 ] },
						"east": { "texture": "#musician", "uv": [ 0.5, 1.5, 1.0, 2.0 ] },
						"south": { "texture": "#musician", "uv": [ 1.0, 1.5, 1.5, 2.0 ] },
						"west": { "texture": "#musician", "uv": [ 1.5, 1.5, 2.0, 2.0 ] },
						"up": { "texture": "#musician", "uv": [ 0.0, 1.0, 0.5, 1.5 ] },
						"down": { "texture": "#musician", "uv": [ 0.5, 1.0, 1.0, 1.5 ] }
					}
				},
				{
					"name": "BellR2",
					"from": [ -0.4, 1.7, -0.2 ],
					"to": [ 0.2, 2.3, 0.4 ],
					"uv": [ 2.0, 1.0 ],
					"rotationOrigin": [ 0.0, 2.0, 0.1 ],
					"rotationY": -22.5,
					"rotationZ": 22.5,
					"faces": {
						"north": { "texture": "#musician", "uv": [ 2.0, 1.5, 2.5, 2.0 ] },
						"east": { "texture": "#musician", "uv": [ 2.5, 1.5, 3.0, 2.0 ] },
						"south": { "texture": "#musician", "uv": [ 3.0, 1.5, 3.5, 2.0 ] },
						"west": { "texture": "#musician", "uv": [ 3.5, 1.5, 4.0, 2.0 ] },
						"up": { "texture": "#musician", "uv": [ 2.0, 1.0, 2.5, 1.5 ] },
						"down": { "texture": "#musician", "uv": [ 2.5, 1.0, 3.0, 1.5 ] }
					}
				},
				{
					"name": "BellR3",
					"from": [ 3.0, 1.6, -0.3 ],
					"to": [ 3.6, 2.2, 0.3 ],
					"uv": [ 2.0, 0.0 ],
					"rotationOrigin": [ 3.2, 1.9, 0.0 ],
					"rotationY": 45.0,
					"rotationZ": -22.5,
					"faces": {
						"north": { "texture": "#musician", "uv": [ 2.0, 0.5, 2.5, 1.0 ] },
						"east": { "texture": "#musician", "uv": [ 2.5, 0.5, 3.0, 1.0 ] },
						"south": { "texture": "#musician", "uv": [ 3.0, 0.5, 3.5, 1.0 ] },
						"west": { "texture": "#musician", "uv": [ 3.5, 0.5, 4.0, 1.0 ] },
						"up": { "texture": "#musician", "uv": [ 2.0, 0.0, 2.5, 0.5 ] },
						"down": { "texture": "#musician", "uv": [ 2.5, 0.0, 3.0, 0.5 ] }
					}
				},
				{
					"name": "BellR4",
					"from": [ 2.9, 1.7, 2.9 ],
					"to": [ 3.5, 2.3, 3.5 ],
					"uv": [ 0.0, 2.0 ],
					"rotationOrigin": [ 3.2, 2.0, 3.1 ],
					"rotationY": 45.0,
					"rotationZ": 22.5,
					"faces": {
						"north": { "texture": "#musician", "uv": [ 0.0, 2.5, 0.5, 3.0 ] },
						"east": { "texture": "#musician", "uv": [ 0.5, 2.5, 1.0, 3.0 ] },
						"south": { "texture": "#musician", "uv": [ 1.0, 2.5, 1.5, 3.0 ] },
						"west": { "texture": "#musician", "uv": [ 1.5, 2.5, 2.0, 3.0 ] },
						"up": { "texture": "#musician", "uv": [ 0.0, 2.0, 0.5, 2.5 ] },
						"down": { "texture": "#musician", "uv": [ 0.5, 2.0, 1.0, 2.5 ] }
					}
				}
			]
		},
		{
			"name": "shoeL",
			"stepParentName": "PawL",
			"from": [ -0.1, -0.1, -0.1 ],
			"to": [ 3.1, 0.9, 3.1 ],
			"autoUnwrap": false,
			"uv": [ 0.0, 7.0 ],
			"rotationOrigin": [ 2.0, 0.0, 1.5 ],
			"faces": {
				"north": { "texture": "#musician", "uv": [ 0.0, 10.0, 3.0, 11.0 ] },
				"east": { "texture": "#musician", "uv": [ 11.0, 10.0, 14.0, 11.0 ] },
				"south": { "texture": "#musician", "uv": [ 7.0, 10.0, 10.0, 11.0 ] },
				"west": { "texture": "#musician", "uv": [ 4.0, 10.0, 7.0, 11.0 ] },
				"up": { "texture": "#musician", "uv": [ 7.0, 3.0, 10.0, 6.0 ] },
				"down": { "texture": "#musician", "uv": [ 7.0, 0.0, 10.0, 3.0 ] }
			},
			"children": [
				{
					"name": "Front-FoldL",
					"from": [ 0.0, 1.0, 0.0 ],
					"to": [ 0.2, 1.5, 3.2 ],
					"autoUnwrap": false,
					"uv": [ 0.0, 5.5 ],
					"rotationOrigin": [ 0.0, 1.0, 2.0 ],
					"rotationZ": 8.0,
					"faces": {
						"north": { "texture": "#musician", "uv": [ 4.0, 8.5, 4.5, 9.0 ] },
						"east": { "texture": "#musician", "uv": [ 4.0, 7.5, 7.0, 8.0 ] },
						"south": { "texture": "#musician", "uv": [ 6.5, 8.5, 7.0, 9.0 ] },
						"west": { "texture": "#musician", "uv": [ 4.0, 9.5, 7.0, 10.0 ] },
						"up": { "texture": "#musician", "uv": [ 4.0, 8.5, 7.0, 9.0 ], "rotation": 90 }
					}
				},
				{
					"name": "Back-FoldL",
					"from": [ 3.0, 1.0, 0.0 ],
					"to": [ 3.2, 2.5, 3.2 ],
					"autoUnwrap": false,
					"uv": [ 0.0, 1.0 ],
					"rotationOrigin": [ 3.2, 1.0, 2.0 ],
					"rotationZ": -5.0,
					"faces": {
						"north": { "texture": "#musician", "uv": [ 11.0, 8.5, 11.5, 10.0 ] },
						"east": { "texture": "#musician", "uv": [ 11.0, 8.5, 14.0, 10.0 ] },
						"south": { "texture": "#musician", "uv": [ 13.5, 8.5, 14.0, 10.0 ] },
						"west": { "texture": "#musician", "uv": [ 11.0, 6.5, 14.0, 8.0 ] },
						"up": { "texture": "#musician", "uv": [ 11.0, 8.5, 14.0, 9.0 ], "rotation": 90 }
					}
				},
				{
					"name": "S-foldL",
					"from": [ 0.0, 1.0, 3.0 ],
					"to": [ 3.2, 2.5, 3.2 ],
					"autoUnwrap": false,
					"uv": [ 0.0, 4.5 ],
					"rotationOrigin": [ 0.0, 1.0, 3.2 ],
					"rotationX": 5.0,
					"rotationZ": -1.0,
					"faces": {
						"north": { "texture": "#musician", "uv": [ 7.0, 6.5, 10.0, 8.0 ] },
						"east": { "texture": "#musician", "uv": [ 7.0, 8.5, 7.5, 10.0 ] },
						"south": { "texture": "#musician", "uv": [ 7.0, 8.5, 10.0, 10.0 ] },
						"west": { "texture": "#musician", "uv": [ 10.5, 8.5, 11.0, 10.0 ] },
						"up": { "texture": "#musician", "uv": [ 7.0, 8.5, 10.0, 9.0 ] }
					}
				},
				{
					"name": "N-foldL",
					"from": [ 0.0, 1.0, 0.0 ],
					"to": [ 3.2, 2.5, 0.2 ],
					"autoUnwrap": false,
					"uv": [ 0.5, 5.5 ],
					"rotationOrigin": [ 0.0, 1.0, 0.0 ],
					"rotationX": -5.0,
					"rotationZ": -1.0,
					"faces": {
						"north": { "texture": "#musician", "uv": [ 0.0, 8.5, 3.0, 10.0 ] },
						"east": { "texture": "#musician", "uv": [ 3.5, 8.5, 4.0, 10.0 ] },
						"south": { "texture": "#musician", "uv": [ 0.0, 6.5, 3.0, 8.0 ] },
						"west": { "texture": "#musician", "uv": [ 0.0, 8.5, 0.5, 10.0 ] },
						"up": { "texture": "#musician", "uv": [ 0.0, 8.5, 3.0, 9.0 ] }
					}
				},
				{
					"name": "Front-FoldL1",
					"from": [ 0.0, 1.0, 0.0 ],
					"to": [ 0.2, 1.5, 3.2 ],
					"autoUnwrap": false,
					"uv": [ 3.0, 9.5 ],
					"rotationOrigin": [ 0.0, 1.0, 2.0 ],
					"rotationZ": 8.0,
					"faces": {
						"north": { "texture": "#musician", "uv": [ 4.0, 14.5, 4.5, 15.0 ] },
						"east": { "texture": "#musician", "uv": [ 4.0, 12.5, 7.0, 13.0 ] },
						"south": { "texture": "#musician", "uv": [ 6.5, 14.5, 7.0, 15.0 ] },
						"west": { "texture": "#musician", "uv": [ 4.0, 14.5, 7.0, 15.0 ] },
						"up": { "texture": "#musician", "uv": [ 4.0, 14.5, 7.0, 15.0 ], "rotation": 90 }
					},
					"children": [
						{
							"name": "Front-FoldL2",
							"from": [ 0.0, 0.4, 0.01 ],
							"to": [ 0.2, 1.4, 1.01 ],
							"autoUnwrap": false,
							"uv": [ 2.0, 3.0 ],
							"rotationOrigin": [ 0.0, 0.4, 0.0 ],
							"rotationZ": 5.0,
							"faces": {
								"north": { "texture": "#musician", "uv": [ 4.0, 8.5, 4.5, 9.5 ] },
								"east": { "texture": "#musician", "uv": [ 4.0, 6.5, 5.0, 7.5 ], "windMode": [-1,-1,-1,-1] },
								"south": { "texture": "#musician", "uv": [ 4.5, 8.5, 5.0, 9.5 ] },
								"west": { "texture": "#musician", "uv": [ 4.0, 8.5, 5.0, 9.5 ] },
								"up": { "texture": "#musician", "uv": [ 4.0, 8.5, 5.0, 9.0 ], "rotation": 90 }
							}
						},
						{
							"name": "Front-FoldL3",
							"from": [ 0.0, 0.4, 2.19 ],
							"to": [ 0.2, 1.4, 3.19 ],
							"autoUnwrap": false,
							"uv": [ 2.0, 3.0 ],
							"rotationOrigin": [ 0.0, 0.4, 3.2 ],
							"rotationZ": 5.0,
							"faces": {
								"north": { "texture": "#musician", "uv": [ 6.0, 8.5, 6.5, 9.5 ], "windMode": [-1,-1,-1,-1] },
								"east": { "texture": "#musician", "uv": [ 6.0, 6.5, 7.0, 7.5 ], "windMode": [-1,-1,-1,-1] },
								"south": { "texture": "#musician", "uv": [ 6.5, 8.5, 7.0, 9.5 ] },
								"west": { "texture": "#musician", "uv": [ 6.0, 8.5, 7.0, 9.5 ] },
								"up": { "texture": "#musician", "uv": [ 6.0, 8.5, 7.0, 9.0 ], "rotation": 90 }
							}
						},
						{
							"name": "StrapL",
							"from": [ 0.1, 1.0, 0.0 ],
							"to": [ 0.2, 1.5, 3.2 ],
							"autoUnwrap": false,
							"uv": [ 0.0, 0.0 ],
							"rotationOrigin": [ 0.1, 1.0, 0.0 ],
							"faces": {
								"north": { "texture": "#musician", "uv": [ 4.0, 8.5, 4.5, 9.0 ], "windMode": [-1,-1,-1,-1] },
								"east": { "texture": "#musician", "uv": [ 4.0, 6.5, 7.0, 7.0 ], "windMode": [-1,-1,-1,-1] },
								"south": { "texture": "#musician", "uv": [ 6.5, 8.5, 7.0, 9.0 ], "windMode": [-1,-1,-1,-1] },
								"west": { "texture": "#musician", "uv": [ 4.0, 8.5, 7.0, 9.0 ], "windMode": [-1,-1,-1,-1] },
								"up": { "texture": "#musician", "uv": [ 4.0, 9.0, 7.0, 9.5 ], "rotation": 90, "windMode": [-1,-1,-1,-1] },
								"down": { "texture": "#musician", "uv": [ 4.0, 6.5, 7.0, 7.0 ], "rotation": 90, "windMode": [-1,-1,-1,-1] }
							}
						}
					]
				},
				{
					"name": "BellL1",
					"from": [ -0.4, 1.7, -0.3 ],
					"to": [ 0.2, 2.3, 0.3 ],
					"uv": [ 1.0, 1.5 ],
					"rotationOrigin": [ -0.1, 2.0, 0.0 ],
					"rotationX": 10.0,
					"rotationY": 22.5,
					"faces": {
						"north": { "texture": "#musician", "uv": [ 1.0, 2.0, 1.5, 2.5 ] },
						"east": { "texture": "#musician", "uv": [ 1.5, 2.0, 2.0, 2.5 ] },
						"south": { "texture": "#musician", "uv": [ 2.0, 2.0, 2.5, 2.5 ] },
						"west": { "texture": "#musician", "uv": [ 2.5, 2.0, 3.0, 2.5 ] },
						"up": { "texture": "#musician", "uv": [ 1.0, 1.5, 1.5, 2.0 ] },
						"down": { "texture": "#musician", "uv": [ 1.5, 1.5, 2.0, 2.0 ] }
					}
				},
				{
					"name": "BellL2",
					"from": [ -0.4, 1.7, 2.9 ],
					"to": [ 0.2, 2.3, 3.5 ],
					"uv": [ 1.0, 0.5 ],
					"rotationOrigin": [ 0.0, 2.0, 3.2 ],
					"rotationX": 22.5,
					"rotationY": 45.0,
					"faces": {
						"north": { "texture": "#musician", "uv": [ 1.0, 1.0, 1.5, 1.5 ] },
						"east": { "texture": "#musician", "uv": [ 1.5, 1.0, 2.0, 1.5 ] },
						"south": { "texture": "#musician", "uv": [ 2.0, 1.0, 2.5, 1.5 ] },
						"west": { "texture": "#musician", "uv": [ 2.5, 1.0, 3.0, 1.5 ] },
						"up": { "texture": "#musician", "uv": [ 1.0, 0.5, 1.5, 1.0 ] },
						"down": { "texture": "#musician", "uv": [ 1.5, 0.5, 2.0, 1.0 ] }
					}
				},
				{
					"name": "BellL3",
					"from": [ 2.9, 1.6, 2.9 ],
					"to": [ 3.5, 2.2, 3.5 ],
					"uv": [ 2.0, 2.0 ],
					"rotationOrigin": [ 3.2, 1.9, 3.2 ],
					"rotationX": -22.5,
					"rotationY": 22.5,
					"faces": {
						"north": { "texture": "#musician", "uv": [ 2.0, 2.5, 2.5, 3.0 ] },
						"east": { "texture": "#musician", "uv": [ 2.5, 2.5, 3.0, 3.0 ] },
						"south": { "texture": "#musician", "uv": [ 3.0, 2.5, 3.5, 3.0 ] },
						"west": { "texture": "#musician", "uv": [ 3.5, 2.5, 4.0, 3.0 ] },
						"up": { "texture": "#musician", "uv": [ 2.0, 2.0, 2.5, 2.5 ] },
						"down": { "texture": "#musician", "uv": [ 2.5, 2.0, 3.0, 2.5 ] }
					}
				},
				{
					"name": "BellL4",
					"from": [ 2.9, 1.7, -0.3 ],
					"to": [ 3.5, 2.3, 0.3 ],
					"uv": [ 0.0, 0.0 ],
					"rotationOrigin": [ 3.2, 2.0, 0.0 ],
					"rotationY": -22.5,
					"rotationZ": 10.0,
					"faces": {
						"north": { "texture": "#musician", "uv": [ 0.0, 0.5, 0.5, 1.0 ] },
						"east": { "texture": "#musician", "uv": [ 0.5, 0.5, 1.0, 1.0 ] },
						"south": { "texture": "#musician", "uv": [ 1.0, 0.5, 1.5, 1.0 ] },
						"west": { "texture": "#musician", "uv": [ 1.5, 0.5, 2.0, 1.0 ] },
						"up": { "texture": "#musician", "uv": [ 0.0, 0.0, 0.5, 0.5 ] },
						"down": { "texture": "#musician", "uv": [ 0.5, 0.0, 1.0, 0.5 ] }
					}
				}
			]
		}
	],
	"animations": [
	]
}