{
	"editor": {
		"backDropShape": "C:/Users/Cal/AppData/Roaming/VintagestoryData/Mods/koboldplayerrdx_1.0.23/assets/koboldrdx/shapes/entity/humanoid/kobold-faceless",
		"allAngles": false,
		"entityTextureMode": true
	},
	"textureWidth": 16,
	"textureHeight": 24,
	"textureSizes": {
		"tailor": [16,24]
	},
	"textures": {
		"tailor": "entity/humanoid/villagerclothes/foot/tailor"
	},
	"elements": [
		{
			"name": "shoeR",
			"stepParentName": "PawR",
			"from": [ -0.1, 0.4, -0.1 ],
			"to": [ 3.1, 5.4, 3.1 ],
			"autoUnwrap": false,
			"uv": [ 0.0, 16.0 ],
			"rotationOrigin": [ 0.0, 0.5, 2.0 ],
			"faces": {
				"north": { "texture": "#tailor", "uv": [ 0.0, 19.0, 3.0, 24.0 ] },
				"east": { "texture": "#tailor", "uv": [ 11.0, 19.0, 14.0, 24.0 ] },
				"south": { "texture": "#tailor", "uv": [ 7.0, 19.0, 10.0, 24.0 ] },
				"west": { "texture": "#tailor", "uv": [ 4.0, 19.0, 7.0, 24.0 ] },
				"up": { "texture": "#tailor", "uv": [ 8.0, 0.0, 11.0, 3.0 ] }
			},
			"children": [
				{
					"name": "SoleR",
					"from": [ -0.1, -0.5, -0.1 ],
					"to": [ 3.3, 0.0, 3.3 ],
					"autoUnwrap": false,
					"uv": [ 0.0, 0.0 ],
					"faces": {
						"north": { "texture": "#tailor", "uv": [ 0.0, 9.5, 3.0, 10.0 ] },
						"east": { "texture": "#tailor", "uv": [ 11.0, 9.5, 14.0, 10.0 ] },
						"south": { "texture": "#tailor", "uv": [ 7.0, 9.5, 10.0, 10.0 ] },
						"west": { "texture": "#tailor", "uv": [ 4.0, 9.5, 7.0, 10.0 ] },
						"up": { "texture": "#tailor", "uv": [ 8.0, 3.5, 11.0, 6.5 ] },
						"down": { "texture": "#tailor", "uv": [ 0.0, 0.0, 3.0, 3.0 ], "rotation": 90 }
					},
					"children": [
						{
							"name": "ToeR",
							"from": [ 0.0, 0.5, 0.0 ],
							"to": [ 0.5, 1.5, 3.4 ],
							"autoUnwrap": false,
							"uv": [ 5.5, 2.5 ],
							"rotationOrigin": [ 0.0, 0.5, 0.0 ],
							"faces": {
								"north": { "texture": "#tailor", "uv": [ 4.0, 8.5, 4.5, 9.5 ] },
								"east": { "texture": "#tailor", "uv": [ 7.5, 8.5, 10.5, 9.5 ] },
								"south": { "texture": "#tailor", "uv": [ 6.5, 8.5, 7.0, 9.5 ] },
								"west": { "texture": "#tailor", "uv": [ 4.0, 8.5, 7.0, 9.5 ] },
								"up": { "texture": "#tailor", "uv": [ 4.0, 8.5, 7.0, 9.0 ], "rotation": 90 }
							}
						}
					]
				},
				{
					"name": "HeelR",
					"from": [ 3.1, 0.0, 0.6 ],
					"to": [ 3.3, 1.0, 2.6 ],
					"autoUnwrap": false,
					"uv": [ 11.0, 6.5 ],
					"rotationOrigin": [ 3.0, 0.0, 1.1 ],
					"faces": {
						"north": { "texture": "#tailor", "uv": [ 11.0, 8.5, 11.5, 9.5 ] },
						"east": { "texture": "#tailor", "uv": [ 11.5, 8.5, 13.5, 9.5 ] },
						"south": { "texture": "#tailor", "uv": [ 13.5, 8.5, 14.0, 9.5 ] },
						"up": { "texture": "#tailor", "uv": [ 11.5, 8.5, 13.5, 9.0 ], "rotation": 90 }
					}
				},
				{
					"name": "hideshoeR",
					"from": [ 0.0, 5.0, 0.0 ],
					"to": [ 1.0, 6.0, 1.0 ],
					"uv": [ 0.0, 0.0 ],
					"rotationOrigin": [ 0.0, 5.0, 0.0 ],
					"faces": {
					},
					"children": [
						{
							"name": "N-FlapR",
							"from": [ 0.04, -0.1, 0.0 ],
							"to": [ 3.19, 1.4, 0.2 ],
							"autoUnwrap": false,
							"uv": [ 0.0, 16.5 ],
							"rotationOrigin": [ 0.1, 0.0, 0.0 ],
							"rotationX": -20.0,
							"faces": {
								"north": { "texture": "#tailor", "uv": [ 0.0, 17.5, 3.0, 19.0 ] },
								"east": { "texture": "#tailor", "uv": [ 0.0, 17.5, 0.5, 19.0 ], "windMode": [-1,-1,-1,-1] },
								"south": { "texture": "#tailor", "uv": [ 12.0, 17.5, 15.0, 19.0 ] },
								"west": { "texture": "#tailor", "uv": [ 3.5, 17.5, 4.0, 19.0 ] },
								"up": { "texture": "#tailor", "uv": [ 0.0, 17.5, 3.0, 18.0 ] }
							}
						},
						{
							"name": "S-FlapR",
							"from": [ 0.04, -0.1, 3.0 ],
							"to": [ 3.19, 1.4, 3.2 ],
							"autoUnwrap": false,
							"uv": [ 7.0, 16.5 ],
							"rotationOrigin": [ 0.1, 0.0, 3.2 ],
							"rotationX": 5.0,
							"faces": {
								"north": { "texture": "#tailor", "uv": [ 12.0, 17.5, 15.0, 19.0 ] },
								"east": { "texture": "#tailor", "uv": [ 10.5, 17.5, 11.0, 19.0 ] },
								"south": { "texture": "#tailor", "uv": [ 7.0, 17.5, 10.0, 19.0 ] },
								"west": { "texture": "#tailor", "uv": [ 7.0, 17.5, 7.5, 19.0 ] },
								"up": { "texture": "#tailor", "uv": [ 7.0, 17.5, 10.0, 18.0 ] }
							}
						}
					]
				},
				{
					"name": "showshoeR",
					"from": [ 0.0, 5.0, 0.0 ],
					"to": [ 3.2, 6.5, 3.2 ],
					"autoUnwrap": false,
					"uv": [ 3.0, 17.5 ],
					"rotationOrigin": [ 0.0, 5.0, 0.0 ],
					"faces": {
						"north": { "texture": "#tailor", "uv": [ 0.0, 17.5, 3.0, 19.0 ] },
						"south": { "texture": "#tailor", "uv": [ 7.0, 17.5, 10.0, 19.0 ] }
					}
				}
			]
		},
		{
			"name": "shoeL",
			"stepParentName": "PawL",
			"from": [ -0.1, 0.4, -0.1 ],
			"to": [ 3.1, 5.4, 3.1 ],
			"autoUnwrap": false,
			"uv": [ 0.0, 10.0 ],
			"rotationOrigin": [ 0.0, 0.5, 2.0 ],
			"faces": {
				"north": { "texture": "#tailor", "uv": [ 0.0, 12.0, 3.0, 17.0 ] },
				"east": { "texture": "#tailor", "uv": [ 11.0, 12.0, 14.0, 17.0 ] },
				"south": { "texture": "#tailor", "uv": [ 7.0, 12.0, 10.0, 17.0 ] },
				"west": { "texture": "#tailor", "uv": [ 4.0, 12.0, 7.0, 17.0 ] },
				"up": { "texture": "#tailor", "uv": [ 12.0, 0.0, 15.0, 3.0 ] }
			},
			"children": [
				{
					"name": "SoleL",
					"from": [ -0.1, -0.5, -0.1 ],
					"to": [ 3.3, 0.0, 3.3 ],
					"autoUnwrap": false,
					"uv": [ 0.0, 3.5 ],
					"rotationOrigin": [ 0.0, 0.0, 1.0 ],
					"faces": {
						"north": { "texture": "#tailor", "uv": [ 0.0, 7.5, 3.0, 8.0 ] },
						"east": { "texture": "#tailor", "uv": [ 11.0, 7.5, 14.0, 8.0 ] },
						"south": { "texture": "#tailor", "uv": [ 7.0, 7.5, 10.0, 8.0 ] },
						"west": { "texture": "#tailor", "uv": [ 4.0, 7.5, 7.0, 8.0 ] },
						"up": { "texture": "#tailor", "uv": [ 12.0, 3.5, 15.0, 6.5 ] },
						"down": { "texture": "#tailor", "uv": [ 3.5, 0.0, 6.5, 3.0 ], "rotation": 90 }
					},
					"children": [
						{
							"name": "ToeL",
							"from": [ 0.0, 0.5, 0.0 ],
							"to": [ 0.5, 1.5, 3.4 ],
							"autoUnwrap": false,
							"uv": [ 5.5, 1.5 ],
							"rotationOrigin": [ 0.0, 0.5, 0.0 ],
							"faces": {
								"north": { "texture": "#tailor", "uv": [ 4.0, 6.5, 4.5, 7.5 ] },
								"east": { "texture": "#tailor", "uv": [ 7.5, 6.5, 10.5, 7.5 ] },
								"south": { "texture": "#tailor", "uv": [ 6.5, 6.5, 7.0, 7.5 ] },
								"west": { "texture": "#tailor", "uv": [ 4.0, 6.5, 7.0, 7.5 ] },
								"up": { "texture": "#tailor", "uv": [ 4.0, 6.5, 7.0, 7.0 ], "rotation": 90 }
							}
						},
						{
							"name": "HeelL",
							"from": [ 3.2, 0.5, 0.7 ],
							"to": [ 3.4, 1.5, 2.7 ],
							"autoUnwrap": false,
							"uv": [ 11.0, 3.5 ],
							"rotationOrigin": [ 2.4, 0.5, 1.0 ],
							"faces": {
								"north": { "texture": "#tailor", "uv": [ 11.0, 6.5, 11.5, 7.5 ] },
								"east": { "texture": "#tailor", "uv": [ 11.5, 6.5, 13.5, 7.5 ] },
								"south": { "texture": "#tailor", "uv": [ 13.5, 6.5, 14.0, 7.5 ] },
								"up": { "texture": "#tailor", "uv": [ 11.5, 6.5, 13.5, 7.0 ], "rotation": 90 }
							}
						}
					]
				},
				{
					"name": "hideshoeL",
					"from": [ 0.0, 5.0, 0.0 ],
					"to": [ 1.0, 6.0, 1.0 ],
					"uv": [ 0.0, 0.0 ],
					"rotationOrigin": [ 0.0, 5.0, 0.0 ],
					"faces": {
					},
					"children": [
						{
							"name": "N-FlapL",
							"from": [ 0.04, -0.1, 0.0 ],
							"to": [ 3.19, 1.4, 0.2 ],
							"autoUnwrap": false,
							"uv": [ 0.0, 8.5 ],
							"rotationOrigin": [ 0.1, 0.0, 0.0 ],
							"rotationX": -5.0,
							"faces": {
								"north": { "texture": "#tailor", "uv": [ 0.0, 10.5, 3.0, 12.0 ] },
								"east": { "texture": "#tailor", "uv": [ 0.0, 10.5, 0.5, 12.0 ], "windMode": [-1,-1,-1,-1] },
								"south": { "texture": "#tailor", "uv": [ 12.0, 10.5, 15.0, 12.0 ] },
								"west": { "texture": "#tailor", "uv": [ 3.5, 10.5, 4.0, 12.0 ] },
								"up": { "texture": "#tailor", "uv": [ 0.0, 10.5, 3.0, 11.0 ] }
							}
						},
						{
							"name": "S-FlapL",
							"from": [ 0.04, -0.1, 3.0 ],
							"to": [ 3.19, 1.4, 3.2 ],
							"autoUnwrap": false,
							"uv": [ 2.5, 8.5 ],
							"rotationOrigin": [ 0.1, 0.0, 3.2 ],
							"rotationX": 20.0,
							"faces": {
								"north": { "texture": "#tailor", "uv": [ 12.0, 10.5, 15.0, 12.0 ] },
								"east": { "texture": "#tailor", "uv": [ 10.5, 10.5, 11.0, 12.0 ], "windMode": [-1,-1,-1,-1] },
								"south": { "texture": "#tailor", "uv": [ 7.0, 10.5, 10.0, 12.0 ], "windMode": [-1,-1,-1,-1] },
								"west": { "texture": "#tailor", "uv": [ 7.0, 10.5, 7.5, 12.0 ] },
								"up": { "texture": "#tailor", "uv": [ 7.0, 10.5, 10.0, 11.0 ], "windMode": [-1,-1,-1,-1] }
							}
						}
					]
				},
				{
					"name": "showshoeL",
					"from": [ 0.0, 5.0, 0.0 ],
					"to": [ 3.2, 6.5, 3.2 ],
					"autoUnwrap": false,
					"uv": [ -0.5, 5.0 ],
					"rotationOrigin": [ 0.0, 5.0, 0.0 ],
					"faces": {
						"north": { "texture": "#tailor", "uv": [ 0.0, 10.5, 3.0, 12.0 ] },
						"south": { "texture": "#tailor", "uv": [ 7.0, 10.5, 10.0, 12.0 ] }
					}
				}
			]
		}
	],
	"animations": [
	]
}