{
	"ancestor": {
		"Enabled": true,
		"Group": "humans",
		"Icon": "humans:icons/ancestor",
    "ShapePath": "humans:human",
    "MainTextureCode": "seraph",
		"ModelSizeFactor": 0.9,
		"ExtraTraits": ["humans-human-stout", "humans-ancient"],
		"AvailableClasses": ["humans-ancient-commoner","humans-ancient-peasant", "humans-ancient-knight", "humans-ancient-militia", "humans-ancient-archer"],
		"ExclusiveClasses": ["humans-ancient-commoner","humans-ancient-peasant", "humans-ancient-knight", "humans-ancient-militia", "humans-ancient-archer"],
    "SkipClasses": [],
		"SizeRange": [0.9, 1.1],
    "MaxCollisionBox": [0.80, 1.99],
    "MinCollisionBox": [0.1, 0.1],
    "ScaleColliderWithSizeHorizontally": true,
    "ScaleColliderWithSizeVertically": true,
    "MaxEyeHeight": 1.95,
    "MinEyeHeight": 0.1,
		"SkinnableParts": [
			{
				"code": "baseskin",
				"type": "texture", 
				"textureTarget": "seraph",
				"targetSkinParts": ["base", "breasts"],
				"overlayTexture": false,
				"variants": [
					{ "code": "skin2", "texture": "humans:skin/skin2" },
					{ "code": "skin3", "texture": "humans:skin/skin3" },
					{ "code": "skin4", "texture": "humans:skin/skin4" },
					{ "code": "skin5", "texture": "humans:skin/skin5" },
					{ "code": "skin6", "texture": "humans:skin/skin6" },
					{ "code": "skin7", "texture": "humans:skin/skin7" },
					{ "code": "skin8", "texture": "humans:skin/skin8" },
					{ "code": "skin9", "texture": "humans:skin/skin9" },
					{ "code": "skin10", "texture": "humans:skin/skin10" },
					{ "code": "skin11", "texture": "humans:skin/skin11" }
				]
			},
			{
				"code": "eyecolor",
				"type": "texture",
				"textureTarget": "iris",
				"targetSkinParts": ["facialexpression"],
				"overlayTexture": false,
				"variants": [
					{ "code": "acid-green", "texture": "humans:eyes/acid-green" },
					{ "code": "amethyst", "texture": "humans:eyes/amethyst" },
					{ "code": "aquamarine", "texture": "humans:eyes/aquamarine" },
					{ "code": "azure", "texture": "humans:eyes/azure" },
					{ "code": "bitter-lemon", "texture": "humans:eyes/bitter-lemon" },
					{ "code": "blackopal", "texture": "humans:eyes/blackopal" },
					{ "code": "cadmium-orange", "texture": "humans:eyes/cadmium-orange" },
					{ "code": "citrine", "texture": "humans:eyes/citrine" },
					{ "code": "dark-green", "texture": "humans:eyes/dark-green" },
					{ "code": "forest-green", "texture": "humans:eyes/forest-green" },
					{ "code": "goldenrod", "texture": "humans:eyes/goldenrod" },
					{ "code": "jade", "texture": "humans:eyes/jade" },
					{ "code": "lavander", "texture": "humans:eyes/lavander" },
					{ "code": "malachite", "texture": "humans:eyes/malachite" },
					{ "code": "mantis", "texture": "humans:eyes/mantis" },
					{ "code": "sand", "texture": "humans:eyes/sand" },
					{ "code": "sapphire", "texture": "humans:eyes/sapphire" },
					{ "code": "smokyquartz", "texture": "humans:eyes/smokyquartz" }
				]
			},
			{
				"code": "lipscolor",
				"type": "texture",
				"textureTarget": "lips",
				"targetSkinParts": ["facialexpression"],
				"overlayTexture": false,
				"variants": [
					{ "code": "pale-skin1", "texture": "humans:lips/pale-skin1" },
					{ "code": "pink-skin1", "texture": "humans:lips/pink-skin1" },
					{ "code": "red-skin1", "texture": "humans:lips/red-skin1" },
					{ "code": "pale-skin4", "texture": "humans:lips/pale-skin4" },
					{ "code": "pink-skin4", "texture": "humans:lips/pink-skin4" },
					{ "code": "red-skin4", "texture": "humans:lips/red-skin4" },
					{ "code": "pale-skin8", "texture": "humans:lips/pale-skin8" },
					{ "code": "pink-skin8", "texture": "humans:lips/pink-skin8" },
					{ "code": "red-skin8", "texture": "humans:lips/red-skin8" },
					{ "code": "pale-skin12", "texture": "humans:lips/pale-skin12" },
					{ "code": "pink-skin12", "texture": "humans:lips/pink-skin12" },
					{ "code": "red-skin12", "texture": "humans:lips/red-skin12" },
				]
			},
			{ 
				"code": "haircolor",
				"colbreak": true,
				"type": "texture",
				"textureTarget": "hair",
				"targetSkinParts": ["hairbase", "hairextra", "mustache", "beard", "facialexpression"],
				"textureTemplate": "game:entity/humanoid/seraphskinparts/hair/{code}",
				"variants": [
					{ "code": "lightgray" },
					{ "code": "silverchalice" },
					{ "code": "slategray" },
					{ "code": "eerieblack" },
					{ "code": "wintergreendream" },
					{ "code": "indigodye" },
					{ "code": "heliotropegray" },
					{ "code": "palatinatepurple" },
					{ "code": "darkpurple" },
					{ "code": "wheat" },
					{ "code": "ecru" },
					{ "code": "sanddune" },
					{ "code": "harvestgold" },
					{ "code": "cordovan" },
					{ "code": "rosewood" },
					{ "code": "russet" },
					{ "code": "liver" },
					{ "code": "oldburgundy" }
				]
			},
			{
				"code": "breasts",
				"type": "shape",
				"shapeTemplate": { "base": "humans:breasts/breasts-{code}" },
				"variants": [
					{ "code": "none"},
					{ "code": "s" },
					{ "code": "m" },
					{ "code": "l" }
				],
				"disableElementsByVariantCode": {
					"none": ["Breasts-S-clothes", "Breasts-M-clothes", "Breasts-L-clothes", "Breasts-S-armor", "Breasts-M-armor", "Breasts-L-armor"],
					"s": ["Breasts-M-clothes", "Breasts-L-clothes", "Breasts-M-armor", "Breasts-L-armor"],
					"m": ["Breasts-S-clothes", "Breasts-L-clothes", "Breasts-S-armor", "Breasts-L-armor"],
					"l": ["Breasts-S-clothes", "Breasts-M-clothes", "Breasts-S-armor", "Breasts-M-armor"]
				}
			},
			{
				"code": "underwear",
				"type": "texture", 
				"useDropDown": true,
				"textureTarget": "seraph",
				"targetSkinParts": ["base", "breasts"],
				"overlayTexture": true,
				"overlayMode": "normal",
				"variants": [
					{ "code": "twopiece", "texture": "humans:underwear/twopiece" },
					{ "code": "leotard", "texture": "humans:underwear/leotard" },
					{ "code": "breeches", "texture": "humans:underwear/breeches" }
				]
			},
			{
				"code": "voicetype",
				"type": "voice", 
				"useDropDown": true,
				"variants": [
					{ "code": "altoflute", "sound": "game:sounds/voice/altoflute" },
					{ "code": "harmonica", "sound": "game:sounds/voice/harmonica" },
					{ "code": "oboe", "sound": "game:sounds/voice/oboe" },
					{ "code": "clarinet", "sound": "game:sounds/voice/clarinet" },
					{ "code": "accordion", "sound": "game:sounds/voice/accordion" },
					{ "code": "trumpet", "sound": "game:sounds/voice/trumpet" },
					{ "code": "sax", "sound": "game:sounds/voice/sax" },
					{ "code": "tuba", "sound": "game:sounds/voice/tuba" }
				]
			},
			{
				"code": "voicepitch",
				"type": "voice",
				"useDropDown": true,
				"variants": [
					{ "code": "verylow" },
					{ "code": "low" },
					{ "code": "medium" },
					{ "code": "high" }
				]
			},
			{
				"code": "hairbase",
				"type": "shape",
				"shapeTemplate": { "base": "game:entity/humanoid/seraphskinparts/hair-base/{code}" },
				"variants": [
					{ "code": "afro" },
					{ "code": "bald" },
					{ "code": "balding" },
					{ "code": "bowlcut" },
					{ "code": "boxbraids" },
					{ "code": "combed" },
					{ "code": "dreadlocks" },
					{ "code": "dreadlocksdense" },
					{ "code": "indigenousbalding" },
					{ "code": "iroquois" },
					{ "code": "kniaz" },
					{ "code": "layered" },
					{ "code": "longflowing" },
					{ "code": "longcurls" },
					{ "code": "longwithstrands" },
					{ "code": "mediumcurls" },
					{ "code": "mediumlength-bangs" },
					{ "code": "messy" },
					{ "code": "messy2" },
					{ "code": "classic" },
					{ "code": "rows" },
					{ "code": "rowsdense" },
					{ "code": "short" },
					{ "code": "shortcurls" },
					{ "code": "shortcurls2" },
					{ "code": "short-parted" },
					{ "code": "shortspiky" },
					{ "code": "short-trimmed" },
					{ "code": "tonsure" }
				]
			},
			{ 
				"code": "hairextra",
				"type": "shape", 
				"shapeTemplate": { "base": "game:entity/humanoid/seraphskinparts/hair-extra/{code}" },
				"variants": [
					{ "code": "none" },
					{ "code": "backbun" },
					{ "code": "backbuncurls" },
					{ "code": "backbunpuffy" },
					{ "code": "bunboxbraid" },
					{ "code": "braidedup" },
					{ "code": "classicponytail" },
					{ "code": "cobrasidebraids" },
					{ "code": "elaboratestickbun" },
					{ "code": "headsidebraid" },
					{ "code": "largestickbun" },
					{ "code": "knots" },
					{ "code": "neatbraid" },
					{ "code": "ponytail" },
					{ "code": "ponytailcurly" },
					{ "code": "ponytailcrest" },
					{ "code": "rolledbraidwithbun" },
					{ "code": "shortmessybraid" },
					{ "code": "segmentedtopknot" },
					{ "code": "sidebraids" },
					{ "code": "sidebuns" },
					{ "code": "sidebunscurly" },
					{ "code": "sidepuffs" },
					{ "code": "siderolls" },
					{ "code": "skepbun" },
					{ "code": "snood" },
					{ "code": "toproll" },
					{ "code": "backroll" },
					{ "code": "backrollbun" },
					{ "code": "thickroll" },
					{ "code": "fishtailbraid" },
					{ "code": "steppesidetails" },
					{ "code": "steppebraidloop" },
					{ "code": "steppebraids" },
					{ "code": "thicklongfrenchbraid" },
					{ "code": "tiedback" },
					{ "code": "tieddreads" },
					{ "code": "tiedtopknot" },
					{ "code": "topbun" },
					{ "code": "topbuncurly" },
					{ "code": "topbunvoluminous" },
					{ "code": "topknot" },
					{ "code": "unkempt" },
					{ "code": "vikingtopbraid" }
				]
			},
			{ 
				"code": "mustache",
				"type": "shape", 
				"shapeTemplate": { "base": "game:entity/humanoid/seraphskinparts/hair-face/{code}" },
				"variants": [
					{ "code": "none" },
					{ "code": "mst-line01-pencil" },
					{ "code": "mst-line05-seargent" },
					{ "code": "mst-line10-sheriff" },
					{ "code": "mst-line15-eccentric" },
					{ "code": "mst-line20-seagull" },
					{ "code": "mst-u01-horseshoe" },
					{ "code": "mst-u05-stirrups" },
					{ "code": "mst-walrus05-neat" },
					{ "code": "mst-walrus30-fat" },
					{ "code": "mst-whiskbroom" }
				]
			},
			{ 
				"code": "beard",
				"type": "shape", 
				"shapeTemplate": { "base": "game:entity/humanoid/seraphskinparts/hair-face/{code}" },
				"variants": [
					{ "code": "none" },
					{ "code": "brd-stubble" },
					{ "code": "brd-box05-anchor" },
					{ "code": "brd-box01-chincurtain" },
					{ "code": "brd-box07-ducktail" },
					{ "code": "brd-box10-short" },
					{ "code": "brd-box20-full" },
					{ "code": "brd-braid05-single" },
					{ "code": "brd-braid10-double" },
					{ "code": "brd-braid15-triple" },
					{ "code": "brd-chin01-mouche" },
					{ "code": "brd-chin05-chinpatch" },
					{ "code": "brd-chin10-chinpuff" },
					{ "code": "brd-chin15-goatee" },
					{ "code": "brd-chin20-goateehorns" },
					{ "code": "brd-full01-trimmedfull" },
					{ "code": "brd-full05-cleanfull" },
					{ "code": "brd-full10-shaggy" },
					{ "code": "brd-mut05-friendly" },
					{ "code": "brd-mut10-muttonchops" },
					{ "code": "brd-mut15-wildchops" },
					{ "code": "brd-side05-sideburns" },
					{ "code": "brd-side15-sidewhiskers" },
					{ "code": "brd-wisp10-wiseman" }
				]
			},
			{
				"code": "facialexpression",
				"type": "shape",
				"variants": [
					{ "code": "angry", "shape": { "base": "humans:faces/angry" } },
					{ "code": "grin", "shape": { "base": "humans:faces/grin" } },
					{ "code": "smirk", "shape": { "base": "humans:faces/smirk" } },
					{ "code": "kind", "shape": { "base": "humans:faces/kind" } },
					{ "code": "upset", "shape": { "base": "humans:faces/upset" } },
					{ "code": "neutral", "shape": { "base": "humans:faces/neutral" } },
					{ "code": "sad", "shape": { "base": "humans:faces/sad" } },
					{ "code": "serious", "shape": { "base": "humans:faces/serious" } },
					{ "code": "tired", "shape": { "base": "humans:faces/tired" } },
					{ "code": "very-sad", "shape": { "base": "humans:faces/very-sad" } }
				]
			}
		]
  }
}