{
	"editor": {
		"backDropShape": "C:/Users/Cal/Desktop/boobold",
		"collapsedPaths": "Root/ArmorHelmet/Neck/Nut7,Root/ArmorHelmet/ArmorHelmet5/ValveBase,Root/ArmorHelmet/Neck/Nut1",
		"allAngles": true,
		"entityTextureMode": true
	},
	"textureWidth": 64,
	"textureHeight": 64,
	"textureSizes": {
	},
	"textures": {
		"divingsuit": "armour/entity/mk1"
	},
	"elements": [
		{
			"name": "ArmorHelmet",
			"stepParentName": "Head",
			"from": [ -0.5, -0.7, -0.8 ],
			"to": [ 6.0, 5.8, 5.8 ],
			"unwrapMode": 4,
			"autoUnwrap": false,
			"uv": [ 26.5, 13.5 ],
			"rotationOrigin": [ -0.5, -0.7, -0.8 ],
			"faces": {
				"north": { "texture": "#divingsuit", "uv": [ 27.7, 20.0, 31.4, 26.5 ], "autoUv": false },
				"east": { "texture": "#divingsuit", "uv": [ 45.0, 20.0, 51.5, 26.5 ] },
				"south": { "texture": "#divingsuit", "uv": [ 41.0, 20.0, 45.5, 26.5 ], "autoUv": false },
				"west": { "texture": "#divingsuit", "uv": [ 24.0, 27.0, 30.5, 33.5 ] },
				"up": { "texture": "#divingsuit", "uv": [ 33.0, 14.5, 39.5, 20.0 ], "rotation": 90, "autoUv": false },
				"down": { "texture": "#divingsuit", "uv": [ 33.0, 26.5, 39.5, 33.0 ], "rotation": 90 }
			},
			"children": [
				{
					"name": "ArmorHelmet2",
					"from": [ 1.0, 1.0, -0.6 ],
					"to": [ 5.5, 5.5, 0.0 ],
					"unwrapMode": 4,
					"uv": [ 30.2, 17.1 ],
					"rotationOrigin": [ 1.0, 1.0, -0.6 ],
					"faces": {
						"north": { "texture": "#divingsuit", "uv": [ 30.0, 22.0, 34.5, 26.5 ] },
						"east": { "texture": "#divingsuit", "uv": [ 40.0, 22.0, 40.5, 26.5 ] },
						"south": { "texture": "#divingsuit", "uv": [ 35.5, 22.0, 40.0, 26.5 ] },
						"west": { "texture": "#divingsuit", "uv": [ 35.0, 22.0, 35.5, 26.5 ] },
						"up": { "texture": "#divingsuit", "uv": [ 35.0, 17.0, 35.5, 21.5 ], "rotation": 90 },
						"down": { "texture": "#divingsuit", "uv": [ 35.0, 26.5, 35.5, 31.0 ], "rotation": 90 }
					}
				},
				{
					"name": "ArmorHelmet4",
					"from": [ 1.0, 1.0, 6.6 ],
					"to": [ 5.5, 5.5, 7.2 ],
					"unwrapMode": 4,
					"uv": [ 28.5, 16.5 ],
					"rotationOrigin": [ 1.0, 1.0, 6.6 ],
					"faces": {
						"north": { "texture": "#divingsuit", "uv": [ 28.5, 21.0, 33.0, 25.5 ] },
						"east": { "texture": "#divingsuit", "uv": [ 38.0, 21.0, 38.5, 25.5 ] },
						"south": { "texture": "#divingsuit", "uv": [ 33.5, 21.0, 38.0, 25.5 ] },
						"west": { "texture": "#divingsuit", "uv": [ 33.0, 21.0, 33.5, 25.5 ] },
						"up": { "texture": "#divingsuit", "uv": [ 33.0, 16.5, 33.5, 21.0 ], "rotation": 90 },
						"down": { "texture": "#divingsuit", "uv": [ 33.0, 25.5, 33.5, 30.0 ], "rotation": 90 }
					}
				},
				{
					"name": "ArmorHelmet3",
					"from": [ 1.0, 6.4, 1.0 ],
					"to": [ 5.5, 7.0, 5.5 ],
					"uv": [ 32.5, 21.0 ],
					"rotationOrigin": [ 1.0, 6.4, 1.0 ],
					"faces": {
						"north": { "texture": "#divingsuit", "uv": [ 32.5, 25.5, 37.0, 26.0 ] },
						"east": { "texture": "#divingsuit", "uv": [ 37.0, 25.5, 41.5, 26.0 ] },
						"south": { "texture": "#divingsuit", "uv": [ 41.5, 25.5, 46.0, 26.0 ] },
						"west": { "texture": "#divingsuit", "uv": [ 46.0, 25.5, 50.5, 26.0 ] },
						"up": { "texture": "#divingsuit", "uv": [ 32.5, 21.0, 37.0, 25.5 ] },
						"down": { "texture": "#divingsuit", "uv": [ 37.0, 21.0, 41.5, 25.5 ] }
					}
				},
				{
					"name": "Neck",
					"from": [ -0.4, -1.7, -0.7 ],
					"to": [ 6.9, 0.3, 7.2 ],
					"autoUnwrap": false,
					"uv": [ 6.5, 25.5 ],
					"rotationOrigin": [ -0.4, -1.7, -0.7 ],
					"faces": {
						"north": { "texture": "#divingsuit", "uv": [ 13.5, 17.0, 20.5, 19.0 ] },
						"east": { "texture": "#divingsuit", "uv": [ 13.0, 17.0, 20.5, 19.0 ] },
						"south": { "texture": "#divingsuit", "uv": [ 14.0, 17.0, 21.0, 19.0 ] },
						"west": { "texture": "#divingsuit", "uv": [ 13.0, 17.0, 20.5, 19.0 ] },
						"up": { "texture": "#divingsuit", "uv": [ 53.5, 46.0, 60.5, 53.5 ] },
						"down": { "texture": "#divingsuit", "uv": [ 56.5, 46.0, 63.5, 53.5 ] }
					},
					"children": [
						{
							"name": "Nut1",
							"from": [ -0.2, 0.4, 0.4 ],
							"to": [ 0.0, 1.0, 1.0 ],
							"uv": [ 59.5, 24.5 ],
							"rotationOrigin": [ -0.2, 0.4, 0.4 ],
							"faces": {
								"north": { "texture": "#divingsuit", "uv": [ 59.5, 25.0, 60.0, 25.5 ] },
								"east": { "texture": "#divingsuit", "uv": [ 60.0, 25.0, 60.5, 25.5 ] },
								"south": { "texture": "#divingsuit", "uv": [ 60.5, 25.0, 61.0, 25.5 ] },
								"west": { "texture": "#divingsuit", "uv": [ 61.0, 25.0, 61.5, 25.5 ] },
								"up": { "texture": "#divingsuit", "uv": [ 59.5, 24.5, 60.0, 25.0 ] },
								"down": { "texture": "#divingsuit", "uv": [ 60.0, 24.5, 60.5, 25.0 ] }
							},
							"children": [
								{
									"name": "Nut2",
									"from": [ 0.0, 0.0, 1.3 ],
									"to": [ 0.2, 0.6, 1.9 ],
									"uv": [ 59.5, 24.5 ],
									"rotationOrigin": [ 0.0, 0.0, 1.3 ],
									"faces": {
										"north": { "texture": "#divingsuit", "uv": [ 59.5, 25.0, 60.0, 25.5 ] },
										"east": { "texture": "#divingsuit", "uv": [ 60.0, 25.0, 60.5, 25.5 ] },
										"south": { "texture": "#divingsuit", "uv": [ 60.5, 25.0, 61.0, 25.5 ] },
										"west": { "texture": "#divingsuit", "uv": [ 61.0, 25.0, 61.5, 25.5 ] },
										"up": { "texture": "#divingsuit", "uv": [ 59.5, 24.5, 60.0, 25.0 ] },
										"down": { "texture": "#divingsuit", "uv": [ 60.0, 24.5, 60.5, 25.0 ] }
									}
								},
								{
									"name": "Nut3",
									"from": [ 0.0, 0.0, 2.6 ],
									"to": [ 0.2, 0.6, 3.2 ],
									"uv": [ 59.5, 24.5 ],
									"rotationOrigin": [ 0.0, 0.0, 2.6 ],
									"faces": {
										"north": { "texture": "#divingsuit", "uv": [ 59.5, 25.0, 60.0, 25.5 ] },
										"east": { "texture": "#divingsuit", "uv": [ 60.0, 25.0, 60.5, 25.5 ] },
										"south": { "texture": "#divingsuit", "uv": [ 60.5, 25.0, 61.0, 25.5 ] },
										"west": { "texture": "#divingsuit", "uv": [ 61.0, 25.0, 61.5, 25.5 ] },
										"up": { "texture": "#divingsuit", "uv": [ 59.5, 24.5, 60.0, 25.0 ] },
										"down": { "texture": "#divingsuit", "uv": [ 60.0, 24.5, 60.5, 25.0 ] }
									}
								},
								{
									"name": "Nut4",
									"from": [ 0.0, 0.0, 3.9 ],
									"to": [ 0.2, 0.6, 4.5 ],
									"uv": [ 59.5, 24.5 ],
									"rotationOrigin": [ 0.0, 0.0, 3.9 ],
									"faces": {
										"north": { "texture": "#divingsuit", "uv": [ 59.5, 25.0, 60.0, 25.5 ] },
										"east": { "texture": "#divingsuit", "uv": [ 60.0, 25.0, 60.5, 25.5 ] },
										"south": { "texture": "#divingsuit", "uv": [ 60.5, 25.0, 61.0, 25.5 ] },
										"west": { "texture": "#divingsuit", "uv": [ 61.0, 25.0, 61.5, 25.5 ] },
										"up": { "texture": "#divingsuit", "uv": [ 59.5, 24.5, 60.0, 25.0 ] },
										"down": { "texture": "#divingsuit", "uv": [ 60.0, 24.5, 60.5, 25.0 ] }
									}
								},
								{
									"name": "Nut5",
									"from": [ 0.0, 0.0, 5.2 ],
									"to": [ 0.2, 0.6, 5.8 ],
									"uv": [ 59.5, 24.5 ],
									"rotationOrigin": [ 0.0, 0.0, 5.2 ],
									"faces": {
										"north": { "texture": "#divingsuit", "uv": [ 59.5, 25.0, 60.0, 25.5 ] },
										"east": { "texture": "#divingsuit", "uv": [ 60.0, 25.0, 60.5, 25.5 ] },
										"south": { "texture": "#divingsuit", "uv": [ 60.5, 25.0, 61.0, 25.5 ] },
										"west": { "texture": "#divingsuit", "uv": [ 61.0, 25.0, 61.5, 25.5 ] },
										"up": { "texture": "#divingsuit", "uv": [ 59.5, 24.5, 60.0, 25.0 ] },
										"down": { "texture": "#divingsuit", "uv": [ 60.0, 24.5, 60.5, 25.0 ] }
									}
								},
								{
									"name": "Nut6",
									"from": [ 0.0, 0.0, 6.5 ],
									"to": [ 0.2, 0.6, 7.1 ],
									"uv": [ 59.5, 24.5 ],
									"rotationOrigin": [ 0.0, 0.0, 6.5 ],
									"faces": {
										"north": { "texture": "#divingsuit", "uv": [ 59.5, 25.0, 60.0, 25.5 ] },
										"east": { "texture": "#divingsuit", "uv": [ 60.0, 25.0, 60.5, 25.5 ] },
										"south": { "texture": "#divingsuit", "uv": [ 60.5, 25.0, 61.0, 25.5 ] },
										"west": { "texture": "#divingsuit", "uv": [ 61.0, 25.0, 61.5, 25.5 ] },
										"up": { "texture": "#divingsuit", "uv": [ 59.5, 24.5, 60.0, 25.0 ] },
										"down": { "texture": "#divingsuit", "uv": [ 60.0, 24.5, 60.5, 25.0 ] }
									}
								}
							]
						},
						{
							"name": "Nut7",
							"from": [ 7.3, 0.4, 0.4 ],
							"to": [ 7.5, 1.0, 1.0 ],
							"uv": [ 59.5, 24.5 ],
							"rotationOrigin": [ 7.3, 0.4, 0.4 ],
							"faces": {
								"north": { "texture": "#divingsuit", "uv": [ 59.5, 25.0, 60.0, 25.5 ] },
								"east": { "texture": "#divingsuit", "uv": [ 60.0, 25.0, 60.5, 25.5 ] },
								"south": { "texture": "#divingsuit", "uv": [ 60.5, 25.0, 61.0, 25.5 ] },
								"west": { "texture": "#divingsuit", "uv": [ 61.0, 25.0, 61.5, 25.5 ] },
								"up": { "texture": "#divingsuit", "uv": [ 59.5, 24.5, 60.0, 25.0 ] },
								"down": { "texture": "#divingsuit", "uv": [ 60.0, 24.5, 60.5, 25.0 ] }
							},
							"children": [
								{
									"name": "Nut8",
									"from": [ 0.0, 0.0, 1.3 ],
									"to": [ 0.2, 0.6, 1.9 ],
									"uv": [ 59.5, 24.5 ],
									"rotationOrigin": [ 0.0, 0.0, 1.3 ],
									"faces": {
										"north": { "texture": "#divingsuit", "uv": [ 59.5, 25.0, 60.0, 25.5 ] },
										"east": { "texture": "#divingsuit", "uv": [ 60.0, 25.0, 60.5, 25.5 ] },
										"south": { "texture": "#divingsuit", "uv": [ 60.5, 25.0, 61.0, 25.5 ] },
										"west": { "texture": "#divingsuit", "uv": [ 61.0, 25.0, 61.5, 25.5 ] },
										"up": { "texture": "#divingsuit", "uv": [ 59.5, 24.5, 60.0, 25.0 ] },
										"down": { "texture": "#divingsuit", "uv": [ 60.0, 24.5, 60.5, 25.0 ] }
									}
								},
								{
									"name": "Nut9",
									"from": [ 0.0, 0.0, 2.6 ],
									"to": [ 0.2, 0.6, 3.2 ],
									"uv": [ 59.5, 24.5 ],
									"rotationOrigin": [ 0.0, 0.0, 2.6 ],
									"faces": {
										"north": { "texture": "#divingsuit", "uv": [ 59.5, 25.0, 60.0, 25.5 ] },
										"east": { "texture": "#divingsuit", "uv": [ 60.0, 25.0, 60.5, 25.5 ] },
										"south": { "texture": "#divingsuit", "uv": [ 60.5, 25.0, 61.0, 25.5 ] },
										"west": { "texture": "#divingsuit", "uv": [ 61.0, 25.0, 61.5, 25.5 ] },
										"up": { "texture": "#divingsuit", "uv": [ 59.5, 24.5, 60.0, 25.0 ] },
										"down": { "texture": "#divingsuit", "uv": [ 60.0, 24.5, 60.5, 25.0 ] }
									}
								},
								{
									"name": "Nut10",
									"from": [ 0.0, 0.0, 3.9 ],
									"to": [ 0.2, 0.6, 4.5 ],
									"uv": [ 59.5, 24.5 ],
									"rotationOrigin": [ 0.0, 0.0, 3.9 ],
									"faces": {
										"north": { "texture": "#divingsuit", "uv": [ 59.5, 25.0, 60.0, 25.5 ] },
										"east": { "texture": "#divingsuit", "uv": [ 60.0, 25.0, 60.5, 25.5 ] },
										"south": { "texture": "#divingsuit", "uv": [ 60.5, 25.0, 61.0, 25.5 ] },
										"west": { "texture": "#divingsuit", "uv": [ 61.0, 25.0, 61.5, 25.5 ] },
										"up": { "texture": "#divingsuit", "uv": [ 59.5, 24.5, 60.0, 25.0 ] },
										"down": { "texture": "#divingsuit", "uv": [ 60.0, 24.5, 60.5, 25.0 ] }
									}
								},
								{
									"name": "Nut11",
									"from": [ 0.0, 0.0, 5.2 ],
									"to": [ 0.2, 0.6, 5.8 ],
									"uv": [ 59.5, 24.5 ],
									"rotationOrigin": [ 0.0, 0.0, 5.2 ],
									"faces": {
										"north": { "texture": "#divingsuit", "uv": [ 59.5, 25.0, 60.0, 25.5 ] },
										"east": { "texture": "#divingsuit", "uv": [ 60.0, 25.0, 60.5, 25.5 ] },
										"south": { "texture": "#divingsuit", "uv": [ 60.5, 25.0, 61.0, 25.5 ] },
										"west": { "texture": "#divingsuit", "uv": [ 61.0, 25.0, 61.5, 25.5 ] },
										"up": { "texture": "#divingsuit", "uv": [ 59.5, 24.5, 60.0, 25.0 ] },
										"down": { "texture": "#divingsuit", "uv": [ 60.0, 24.5, 60.5, 25.0 ] }
									}
								},
								{
									"name": "Nut12",
									"from": [ 0.0, 0.0, 6.5 ],
									"to": [ 0.2, 0.6, 7.1 ],
									"uv": [ 59.5, 24.5 ],
									"rotationOrigin": [ 0.0, 0.0, 6.5 ],
									"faces": {
										"north": { "texture": "#divingsuit", "uv": [ 59.5, 25.0, 60.0, 25.5 ] },
										"east": { "texture": "#divingsuit", "uv": [ 60.0, 25.0, 60.5, 25.5 ] },
										"south": { "texture": "#divingsuit", "uv": [ 60.5, 25.0, 61.0, 25.5 ] },
										"west": { "texture": "#divingsuit", "uv": [ 61.0, 25.0, 61.5, 25.5 ] },
										"up": { "texture": "#divingsuit", "uv": [ 59.5, 24.5, 60.0, 25.0 ] },
										"down": { "texture": "#divingsuit", "uv": [ 60.0, 24.5, 60.5, 25.0 ] }
									}
								}
							]
						}
					]
				},
				{
					"name": "Eyehole",
					"from": [ -0.1, 2.5, 0.8 ],
					"to": [ 0.0, 5.5, 5.8 ],
					"uv": [ 33.0, 10.0 ],
					"rotationOrigin": [ -0.1, 2.5, 0.8 ],
					"faces": {
						"north": { "texture": "#null", "uv": [ 0.0, 0.0, 0.5, 4.0 ], "enabled": false },
						"east": { "texture": "#null", "uv": [ 0.0, 0.0, 5.0, 4.0 ], "enabled": false },
						"south": { "texture": "#null", "uv": [ 0.0, 0.0, 0.5, 4.0 ], "enabled": false },
						"west": { "texture": "#divingsuit", "uv": [ 33.0, 10.0, 38.0, 13.0 ] },
						"up": { "texture": "#null", "uv": [ 0.0, 0.0, 0.5, 5.0 ], "enabled": false },
						"down": { "texture": "#null", "uv": [ 0.0, 0.0, 0.5, 5.0 ], "enabled": false }
					},
					"children": [
						{
							"name": "EyeholeRim1",
							"from": [ -0.2, -0.3, 0.0 ],
							"to": [ 0.1, 0.0, 5.0 ],
							"uv": [ 0.0, 0.0 ],
							"rotationOrigin": [ -0.2, -0.3, 0.0 ],
							"faces": {
								"north": { "texture": "#divingsuit", "uv": [ 0.0, 5.0, 0.5, 5.5 ] },
								"east": { "texture": "#divingsuit", "uv": [ 0.5, 5.0, 5.5, 5.5 ] },
								"south": { "texture": "#divingsuit", "uv": [ 5.5, 5.0, 6.0, 5.5 ] },
								"west": { "texture": "#divingsuit", "uv": [ 6.0, 5.0, 11.0, 5.5 ] },
								"up": { "texture": "#divingsuit", "uv": [ 0.0, 0.0, 0.5, 5.0 ] },
								"down": { "texture": "#divingsuit", "uv": [ 0.5, 0.0, 1.0, 5.0 ] }
							}
						},
						{
							"name": "EyeholeRim2",
							"from": [ -0.2, 3.0, 0.0 ],
							"to": [ 0.1, 3.3, 5.0 ],
							"uv": [ 0.0, 0.0 ],
							"rotationOrigin": [ -0.2, 3.0, 0.0 ],
							"faces": {
								"north": { "texture": "#divingsuit", "uv": [ 0.0, 5.0, 0.5, 5.5 ] },
								"east": { "texture": "#divingsuit", "uv": [ 0.5, 5.0, 5.5, 5.5 ] },
								"south": { "texture": "#divingsuit", "uv": [ 5.5, 5.0, 6.0, 5.5 ] },
								"west": { "texture": "#divingsuit", "uv": [ 6.0, 5.0, 11.0, 5.5 ] },
								"up": { "texture": "#divingsuit", "uv": [ 0.0, 0.0, 0.5, 5.0 ] },
								"down": { "texture": "#divingsuit", "uv": [ 0.5, 0.0, 1.0, 5.0 ] }
							}
						},
						{
							"name": "EyeholeRim3",
							"from": [ -0.2, -0.2, -0.3 ],
							"to": [ 0.1, 3.3, 0.0 ],
							"uv": [ 12.0, 0.5 ],
							"rotationOrigin": [ -0.2, -0.2, -0.3 ],
							"faces": {
								"north": { "texture": "#divingsuit", "uv": [ 12.0, 1.0, 12.5, 4.5 ] },
								"east": { "texture": "#divingsuit", "uv": [ 12.5, 1.0, 13.0, 4.5 ] },
								"south": { "texture": "#divingsuit", "uv": [ 13.0, 1.0, 13.5, 4.5 ] },
								"west": { "texture": "#divingsuit", "uv": [ 13.5, 1.0, 14.0, 4.5 ] },
								"up": { "texture": "#divingsuit", "uv": [ 12.0, 0.5, 12.5, 1.0 ] },
								"down": { "texture": "#divingsuit", "uv": [ 12.5, 0.5, 13.0, 1.0 ] }
							}
						},
						{
							"name": "EyeholeRim4",
							"from": [ -0.2, -0.2, 5.0 ],
							"to": [ 0.1, 3.3, 5.3 ],
							"uv": [ 0.0, 0.0 ],
							"rotationOrigin": [ -0.2, -0.2, 5.0 ],
							"faces": {
								"north": { "texture": "#divingsuit", "uv": [ 0.0, 0.5, 0.5, 4.0 ] },
								"east": { "texture": "#divingsuit", "uv": [ 0.5, 0.5, 1.0, 4.0 ] },
								"south": { "texture": "#divingsuit", "uv": [ 1.0, 0.5, 1.5, 4.0 ] },
								"west": { "texture": "#divingsuit", "uv": [ 1.5, 0.5, 2.0, 4.0 ] },
								"up": { "texture": "#divingsuit", "uv": [ 0.0, 0.0, 0.5, 0.5 ] },
								"down": { "texture": "#divingsuit", "uv": [ 0.5, 0.0, 1.0, 0.5 ] }
							}
						}
					]
				},
				{
					"name": "ArmorHelmet5",
					"from": [ 6.5, 1.0, 1.0 ],
					"to": [ 7.1, 5.5, 5.5 ],
					"autoUnwrap": false,
					"uv": [ 41.0, 27.0 ],
					"rotationOrigin": [ 6.5, 1.0, 1.0 ],
					"faces": {
						"north": { "texture": "#divingsuit", "uv": [ 41.0, 31.5, 41.5, 36.0 ] },
						"east": { "texture": "#divingsuit", "uv": [ 41.5, 31.5, 46.0, 36.0 ] },
						"south": { "texture": "#divingsuit", "uv": [ 46.0, 31.5, 46.5, 36.0 ] },
						"west": { "texture": "#divingsuit", "uv": [ 46.5, 31.5, 51.0, 36.0 ] },
						"up": { "texture": "#divingsuit", "uv": [ 41.0, 31.5, 41.5, 36.0 ] },
						"down": { "texture": "#divingsuit", "uv": [ 46.0, 31.0, 46.5, 35.5 ] }
					},
					"children": [
						{
							"name": "ValveBase",
							"from": [ 0.5, 0.2, 1.6 ],
							"to": [ 1.0, 1.5, 2.9 ],
							"uv": [ 58.5, 22.0 ],
							"rotationOrigin": [ 0.5, 0.2, 1.6 ],
							"faces": {
								"north": { "texture": "#divingsuit", "uv": [ 58.5, 23.0, 59.0, 24.0 ] },
								"east": { "texture": "#divingsuit", "uv": [ 59.0, 23.0, 60.0, 24.0 ] },
								"south": { "texture": "#divingsuit", "uv": [ 60.0, 23.0, 60.5, 24.0 ] },
								"west": { "texture": "#divingsuit", "uv": [ 60.5, 23.0, 61.5, 24.0 ] },
								"up": { "texture": "#divingsuit", "uv": [ 58.5, 22.0, 59.0, 23.0 ] },
								"down": { "texture": "#divingsuit", "uv": [ 59.0, 22.0, 59.5, 23.0 ] }
							},
							"children": [
								{
									"name": "ValveNeck",
									"from": [ 0.5, 0.3, 0.3 ],
									"to": [ 1.2, 1.0, 1.0 ],
									"uv": [ 57.5, 19.0 ],
									"rotationOrigin": [ 0.5, 0.3, 0.3 ],
									"rotationZ": 20.0,
									"faces": {
										"north": { "texture": "#divingsuit", "uv": [ 57.5, 19.5, 58.0, 20.0 ] },
										"east": { "texture": "#divingsuit", "uv": [ 58.0, 19.5, 58.5, 20.0 ] },
										"south": { "texture": "#divingsuit", "uv": [ 58.5, 19.5, 59.0, 20.0 ] },
										"west": { "texture": "#divingsuit", "uv": [ 59.0, 19.5, 59.5, 20.0 ] },
										"up": { "texture": "#divingsuit", "uv": [ 57.5, 19.0, 58.0, 19.5 ] },
										"down": { "texture": "#divingsuit", "uv": [ 58.0, 19.0, 58.5, 19.5 ] }
									},
									"children": [
										{
											"name": "Valve1",
											"from": [ 0.7, 0.2, 0.2 ],
											"to": [ 1.2, 0.5, 0.5 ],
											"uv": [ 58.5, 22.5 ],
											"rotationOrigin": [ 0.7, 0.2, 0.2 ],
											"faces": {
												"north": { "texture": "#divingsuit", "uv": [ 58.5, 23.0, 59.0, 23.5 ] },
												"east": { "texture": "#divingsuit", "uv": [ 59.0, 23.0, 59.5, 23.5 ] },
												"south": { "texture": "#divingsuit", "uv": [ 59.5, 23.0, 60.0, 23.5 ] },
												"west": { "texture": "#divingsuit", "uv": [ 60.0, 23.0, 60.5, 23.5 ] },
												"up": { "texture": "#divingsuit", "uv": [ 58.5, 22.5, 59.0, 23.0 ] },
												"down": { "texture": "#divingsuit", "uv": [ 59.0, 22.5, 59.5, 23.0 ] }
											},
											"children": [
												{
													"name": "Valve9",
													"from": [ 0.1, 0.0, -0.5 ],
													"to": [ 0.3, 0.3, 0.8 ],
													"uv": [ 61.0, 16.0 ],
													"rotationOrigin": [ 0.1, 0.0, -0.5 ],
													"faces": {
														"north": { "texture": "#divingsuit", "uv": [ 61.0, 17.0, 61.5, 17.5 ] },
														"east": { "texture": "#divingsuit", "uv": [ 61.5, 17.0, 62.5, 17.5 ] },
														"south": { "texture": "#divingsuit", "uv": [ 62.5, 17.0, 63.0, 17.5 ] },
														"west": { "texture": "#divingsuit", "uv": [ 63.0, 17.0, 64.0, 17.5 ] },
														"up": { "texture": "#divingsuit", "uv": [ 61.0, 16.0, 61.5, 17.0 ] },
														"down": { "texture": "#divingsuit", "uv": [ 61.5, 16.0, 62.0, 17.0 ] }
													}
												},
												{
													"name": "Valve2",
													"from": [ 0.1, -0.5, 0.0 ],
													"to": [ 0.3, 0.8, 0.3 ],
													"uv": [ 61.5, 16.0 ],
													"rotationOrigin": [ 0.1, -0.5, 0.0 ],
													"faces": {
														"north": { "texture": "#divingsuit", "uv": [ 61.5, 16.5, 62.0, 17.5 ] },
														"east": { "texture": "#divingsuit", "uv": [ 62.0, 16.5, 62.5, 17.5 ] },
														"south": { "texture": "#divingsuit", "uv": [ 62.5, 16.5, 63.0, 17.5 ] },
														"west": { "texture": "#divingsuit", "uv": [ 63.0, 16.5, 63.5, 17.5 ] },
														"up": { "texture": "#divingsuit", "uv": [ 61.5, 16.0, 62.0, 16.5 ] },
														"down": { "texture": "#divingsuit", "uv": [ 62.0, 16.0, 62.5, 16.5 ] }
													},
													"children": [
														{
															"name": "Valve3",
															"from": [ -0.15, 1.3, -0.3 ],
															"to": [ 0.25, 1.6, 0.6 ],
															"uv": [ 61.0, 16.0 ],
															"rotationOrigin": [ -0.2, 1.3, -0.3 ],
															"faces": {
																"north": { "texture": "#divingsuit", "uv": [ 61.0, 16.5, 61.5, 17.0 ] },
																"east": { "texture": "#divingsuit", "uv": [ 61.5, 16.5, 62.0, 17.0 ] },
																"south": { "texture": "#divingsuit", "uv": [ 62.0, 16.5, 62.5, 17.0 ] },
																"west": { "texture": "#divingsuit", "uv": [ 62.5, 16.5, 63.0, 17.0 ] },
																"up": { "texture": "#divingsuit", "uv": [ 61.0, 16.0, 61.5, 16.5 ] },
																"down": { "texture": "#divingsuit", "uv": [ 61.5, 16.0, 62.0, 16.5 ] }
															},
															"children": [
																{
																	"name": "Valve4",
																	"from": [ -0.01, 0.0, 0.9 ],
																	"to": [ 0.41, 0.3, 1.6 ],
																	"uv": [ 61.0, 16.0 ],
																	"rotationOrigin": [ -0.05, 0.3, 0.9 ],
																	"rotationX": 45.0,
																	"faces": {
																		"north": { "texture": "#divingsuit", "uv": [ 61.0, 16.5, 61.5, 17.0 ] },
																		"east": { "texture": "#divingsuit", "uv": [ 61.5, 16.5, 62.0, 17.0 ] },
																		"south": { "texture": "#divingsuit", "uv": [ 62.0, 16.5, 62.5, 17.0 ] },
																		"west": { "texture": "#divingsuit", "uv": [ 62.5, 16.5, 63.0, 17.0 ] },
																		"up": { "texture": "#divingsuit", "uv": [ 61.0, 16.0, 61.5, 16.5 ] },
																		"down": { "texture": "#divingsuit", "uv": [ 61.5, 16.0, 62.0, 16.5 ] }
																	},
																	"children": [
																		{
																			"name": "Valve5",
																			"from": [ 0.01, 0.0, 0.7 ],
																			"to": [ 0.41, 0.3, 1.6 ],
																			"uv": [ 61.0, 16.0 ],
																			"rotationOrigin": [ -0.05, 0.3, 0.7 ],
																			"rotationX": 45.0,
																			"faces": {
																				"north": { "texture": "#divingsuit", "uv": [ 61.0, 16.5, 61.5, 17.0 ] },
																				"east": { "texture": "#divingsuit", "uv": [ 61.5, 16.5, 62.0, 17.0 ] },
																				"south": { "texture": "#divingsuit", "uv": [ 62.0, 16.5, 62.5, 17.0 ] },
																				"west": { "texture": "#divingsuit", "uv": [ 62.5, 16.5, 63.0, 17.0 ] },
																				"up": { "texture": "#divingsuit", "uv": [ 61.0, 16.0, 61.5, 16.5 ] },
																				"down": { "texture": "#divingsuit", "uv": [ 61.5, 16.0, 62.0, 16.5 ] }
																			},
																			"children": [
																				{
																					"name": "Valve6",
																					"from": [ -0.01, 0.0, 0.9 ],
																					"to": [ 0.41, 0.3, 1.6 ],
																					"uv": [ 61.0, 16.0 ],
																					"rotationOrigin": [ -0.05, 0.3, 0.9 ],
																					"rotationX": 45.0,
																					"faces": {
																						"north": { "texture": "#divingsuit", "uv": [ 61.0, 16.5, 61.5, 17.0 ] },
																						"east": { "texture": "#divingsuit", "uv": [ 61.5, 16.5, 62.0, 17.0 ] },
																						"south": { "texture": "#divingsuit", "uv": [ 62.0, 16.5, 62.5, 17.0 ] },
																						"west": { "texture": "#divingsuit", "uv": [ 62.5, 16.5, 63.0, 17.0 ] },
																						"up": { "texture": "#divingsuit", "uv": [ 61.0, 16.0, 61.5, 16.5 ] },
																						"down": { "texture": "#divingsuit", "uv": [ 61.5, 16.0, 62.0, 16.5 ] }
																					},
																					"children": [
																						{
																							"name": "Valve7",
																							"from": [ 0.01, 0.0, 0.7 ],
																							"to": [ 0.41, 0.3, 1.6 ],
																							"uv": [ 61.0, 16.0 ],
																							"rotationOrigin": [ -0.05, 0.3, 0.7 ],
																							"rotationX": 45.0,
																							"faces": {
																								"north": { "texture": "#divingsuit", "uv": [ 61.0, 16.5, 61.5, 17.0 ] },
																								"east": { "texture": "#divingsuit", "uv": [ 61.5, 16.5, 62.0, 17.0 ] },
																								"south": { "texture": "#divingsuit", "uv": [ 62.0, 16.5, 62.5, 17.0 ] },
																								"west": { "texture": "#divingsuit", "uv": [ 62.5, 16.5, 63.0, 17.0 ] },
																								"up": { "texture": "#divingsuit", "uv": [ 61.0, 16.0, 61.5, 16.5 ] },
																								"down": { "texture": "#divingsuit", "uv": [ 61.5, 16.0, 62.0, 16.5 ] }
																							},
																							"children": [
																								{
																									"name": "Valve8",
																									"from": [ -0.01, 0.0, 0.9 ],
																									"to": [ 0.41, 0.3, 1.6 ],
																									"uv": [ 61.0, 16.0 ],
																									"rotationOrigin": [ -0.05, 0.3, 0.9 ],
																									"rotationX": 45.0,
																									"faces": {
																										"north": { "texture": "#divingsuit", "uv": [ 61.0, 16.5, 61.5, 17.0 ] },
																										"east": { "texture": "#divingsuit", "uv": [ 61.5, 16.5, 62.0, 17.0 ] },
																										"south": { "texture": "#divingsuit", "uv": [ 62.0, 16.5, 62.5, 17.0 ] },
																										"west": { "texture": "#divingsuit", "uv": [ 62.5, 16.5, 63.0, 17.0 ] },
																										"up": { "texture": "#divingsuit", "uv": [ 61.0, 16.0, 61.5, 16.5 ] },
																										"down": { "texture": "#divingsuit", "uv": [ 61.5, 16.0, 62.0, 16.5 ] }
																									},
																									"children": [
																										{
																											"name": "Cube21",
																											"from": [ 0.01, 0.0, 0.7 ],
																											"to": [ 0.41, 0.3, 1.6 ],
																											"uv": [ 61.0, 16.0 ],
																											"rotationOrigin": [ -0.05, 0.3, 0.7 ],
																											"rotationX": 45.0,
																											"faces": {
																												"north": { "texture": "#divingsuit", "uv": [ 61.0, 16.5, 61.5, 17.0 ] },
																												"east": { "texture": "#divingsuit", "uv": [ 61.5, 16.5, 62.0, 17.0 ] },
																												"south": { "texture": "#divingsuit", "uv": [ 62.0, 16.5, 62.5, 17.0 ] },
																												"west": { "texture": "#divingsuit", "uv": [ 62.5, 16.5, 63.0, 17.0 ] },
																												"up": { "texture": "#divingsuit", "uv": [ 61.0, 16.0, 61.5, 16.5 ] },
																												"down": { "texture": "#divingsuit", "uv": [ 61.5, 16.0, 62.0, 16.5 ] }
																											},
																											"children": [
																												{
																													"name": "Cube22",
																													"from": [ -0.01, 0.0, 0.9 ],
																													"to": [ 0.41, 0.3, 1.6 ],
																													"uv": [ 61.0, 16.0 ],
																													"rotationOrigin": [ -0.05, 0.3, 0.9 ],
																													"rotationX": 45.0,
																													"faces": {
																														"north": { "texture": "#divingsuit", "uv": [ 61.0, 16.5, 61.5, 17.0 ] },
																														"east": { "texture": "#divingsuit", "uv": [ 61.5, 16.5, 62.0, 17.0 ] },
																														"south": { "texture": "#divingsuit", "uv": [ 62.0, 16.5, 62.5, 17.0 ] },
																														"west": { "texture": "#divingsuit", "uv": [ 62.5, 16.5, 63.0, 17.0 ] },
																														"up": { "texture": "#divingsuit", "uv": [ 61.0, 16.0, 61.5, 16.5 ] },
																														"down": { "texture": "#divingsuit", "uv": [ 61.5, 16.0, 62.0, 16.5 ] }
																													}
																												}
																											]
																										}
																									]
																								}
																							]
																						}
																					]
																				}
																			]
																		}
																	]
																}
															]
														}
													]
												}
											]
										}
									]
								}
							]
						}
					]
				},
				{
					"name": "Cube2",
					"from": [ -2.3, -0.3, 1.3 ],
					"to": [ 0.7, 2.8, 5.3 ],
					"autoUnwrap": false,
					"uv": [ 0.5, 40.0 ],
					"rotationOrigin": [ -2.3, -0.3, 1.3 ],
					"faces": {
						"north": { "texture": "#divingsuit", "uv": [ 0.5, 44.0, 3.5, 47.0 ] },
						"east": { "texture": "#divingsuit", "uv": [ 3.5, 44.0, 7.5, 47.0 ] },
						"south": { "texture": "#divingsuit", "uv": [ 8.0, 40.5, 11.0, 43.5 ] },
						"west": { "texture": "#divingsuit", "uv": [ 10.5, 44.0, 14.5, 47.0 ] },
						"up": { "texture": "#divingsuit", "uv": [ 0.5, 40.0, 3.5, 44.0 ] },
						"down": { "texture": "#divingsuit", "uv": [ 3.5, 40.0, 6.5, 44.0 ] }
					}
				},
				{
					"name": "Cube3",
					"from": [ -0.2, -0.3, 0.5 ],
					"to": [ 0.3, 2.4, 6.1 ],
					"autoUnwrap": false,
					"uv": [ 15.0, 40.0 ],
					"rotationOrigin": [ -0.2, -0.3, 0.5 ],
					"faces": {
						"north": { "texture": "#divingsuit", "uv": [ 12.5, 41.5, 13.0, 44.0 ] },
						"east": { "texture": "#divingsuit", "uv": [ 6.5, 40.5, 12.0, 43.0 ] },
						"south": { "texture": "#divingsuit", "uv": [ 14.0, 40.5, 14.5, 43.0 ] },
						"west": { "texture": "#divingsuit", "uv": [ 9.0, 40.5, 14.5, 43.0 ] },
						"up": { "texture": "#divingsuit", "uv": [ 15.0, 40.0, 15.5, 45.5 ] },
						"down": { "texture": "#divingsuit", "uv": [ 15.5, 40.0, 16.0, 45.5 ] }
					}
				}
			]
		}
	],
	"animations": [
	]
}