﻿{
  "code": "ehammer",
  "class": "BlockEHammer",
  "entityClass": "BlockEntityEHammer",
  "attributes": {
    "blockEProperties": "all",
    "facesEProperties": [ "north", "east", "south", "west", "up", "down" ],
    "particlesOffsetPos": [ [ 0.5, 1.01, 0.5 ] ],
    "particlesType": 4,
    "particlesFramesAnim": [
      [ 27, 37 ]
    ],
    "maxConsumption": 200,
    "voltage": 128,
    "maxCurrent": 100.0,
    "isolated": true,
    "isolatedEnvironment": true,
    "handbook": {
      "groupBy": [ "ehammer" ],
      "extraSections": [
        {
          "title": "electricalprogressiveindustry:block-handbooktitle-ehammer",
          "text": "electricalprogressiveindustry:block-handbooktext-ehammer"
        }
      ]
    }
  },


  "entityBehaviors": [
    {
      "name": "Animatable"
    },
    {
      "name": "BEBehaviorEHammer"
    },
    {
      "name": "ElectricalProgressive"
    }
  ],

  "creativeinventory": {
    "general": [ "*-north", "*-north" ],
    "electricity": [ "*-north" ]
  },

  "behaviors": [
    { "name": "HorizontalOrientable" },
    {
      "name": "Multiblock",
      "properties": {
        "sizex": 1,
        "sizey": 2,
        "sizez": 1,
        "cposition": {
          "x": 0,
          "y": 0,
          "z": 0
        }

      }
    }
  ],

  "blockmaterial": "Metal",

  "variantgroups": [
    {
      "code": "side",
      "loadFromProperties": "abstract/horizontalorientation"
    }
  ],




  "shapebytype": {
    "*-north": {
      "base": "block/ehammer/ehammer",
      "rotateY": 0
    },
    "*-east": {
      "base": "block/ehammer/ehammer",
      "rotateY": 270
    },
    "*-south": {
      "base": "block/ehammer/ehammer",
      "rotateY": 180
    },
    "*-west": {
      "base": "block/ehammer/ehammer",
      "rotateY": 90
    }
  },
  "lightAbsorption": 0,
  "sidesolidByType": {
    "*-north": {
      "all": false,
      "east": true,
      "west": true,
      "north": true
    },
    "*-east": {
      "all": false,
      "east": true,
      "south": true,
      "north": true
    },
    "*-south": {
      "all": false,
      "east": true,
      "west": true,
      "south": true
    },
    "*-west": {
      "all": false,
      "south": true,
      "west": true,
      "north": true
    }
  },

  "sideopaque": {
    "all": "false"
  },
  "collisionbox": {
    "x1": 0,
    "y1": 0,
    "z1": 0,
    "x2": 1,
    "y2": 1,
    "z2": 1
  },
  "resistance": 3.5,
  "sounds": {
    "place": "game:block/anvil",
    "walk": "game:walk/metal"
  },
  "guiTransform": {
    "rotation": {
      "x": -22.6,
      "y": -145,
      "z": 0
    },
    "origin": {
      "x": 0.5,
      "y": 0.9,
      "z": 0.5
    },
    "scale": 0.72
  },
  "heldTpIdleAnimation": "holdbothhandslarge",
  "heldRightReadyAnimation": "heldblockready",
  "heldTpUseAnimation": "twohandplaceblock",
  "tpHandTransform": {
    "translation": {
      "x": -0.6,
      "y": -0.91,
      "z": -0.8
    },
    "rotation": {
      "x": -2,
      "y": 25,
      "z": -78
    },
    "scale": 0.4
  }

}