﻿{
  "code": "ewoodcutter",
  "class": "BlockEWoodcutter",
  "entityClass": "BlockEntityEWoodcutter",
  "behaviors": [
    {
      "name": "Container"
    }
  ],
  "entityBehaviors": [
    {
      "name": "BEBehaviorEWoodcutter"
    },
    {
      "name": "ElectricalProgressive"
    }
  ],
  "creativeInventory": {
    "general": [
      "*-normal",
      "*-burned"
    ],
    "electricity": [
      "*-normal"
    ]
  },
  "attributes": {
    "blockEProperties": "main",
    "facesEProperties": [ "north", "east", "south", "west", "up", "down" ],
    "maxConsumption": 300,
    "voltage": 32,
    "maxCurrent": 20.0,
    "isolated": true,
    "isolatedEnvironment": true,

    "plantSaplingRadius": 3,
    "treeChopRadius": 5,
    "flyTreeRadius": 5,
    "maxBlocksPerBatch": 10
  },
  "variantgroups": [
    {
      "code": "status",
      "states": [
        "normal",
        "burned"
      ]
    }
  ],
  "shape": {
    "base": "block/ewoodcutter/ewoodcutter-{status}"
  },
  "blockmaterial": "Stone",
  "sidesolid": {
    "all": false
  },
  "sideopaque": {
    "all": false
  },
  "resistance": 3.5,
  "lightAbsorption": 0,
  "sounds": {
    "walk": "game:walk/stone"
  },
  "heldTpIdleAnimation": "holdbothhandslarge",
  "heldTpUseAnimation": "twohandplaceblock"
}