﻿{
  "code": "pressform",
  "class": "BlockPressForm",
  "variantgroups": [
    {
      "code": "tooltype",
      "states": [ "axe", "pickaxe", "shovel", "falx", "hammer", "hoe", "prospectingpick" ]
    }
  ],
  "shapebytype": {
    "*": {
      "base": "block/pressform/{tooltype}",
      "rotateY": 90
    }
  },
  "attributes": {
    "reinforcable": true,
    "moldrackable": true,
    "onmoldrackTransform": { "rotation": { "z": 90 } }
  },
  "blockmaterial": "Metal",
  "creativeinventory": {
    "general": [ "*" ],
    "electricity": [ "*" ]
  },
  "resistance": 1.5,
  "maxStackSize": 8,
  "lightAbsorption": 0,
  "sounds": {
    "walk": "walk/metal"
  },
  "collisionbox": {
    "x1": 0.0625,
    "y1": 0,
    "z1": 0.0625,
    "x2": 0.9375,
    "y2": 0.0625,
    "z2": 0.9375
  },
  "selectionbox": {
    "x1": 0.0625,
    "y1": 0,
    "z1": 0.0625,
    "x2": 0.9375,
    "y2": 0.0625,
    "z2": 0.9375
  },
  "sideopaque": {
    "all": false
  },
  "sidesolid": {
    "all": false
  },
  "guiTransform": {
    "translation": {
      "x": 0,
      "y": 3,
      "z": 0
    },
    "origin": {
      "x": 0.5,
      "y": 0.0625,
      "z": 0.5
    },
    "scale": 1.33
  },
  "tpHandTransform": {
    "translation": {
      "x": -1,
      "y": -0.6,
      "z": -1.05
    },
    "rotation": {
      "x": -87,
      "y": 9,
      "z": 4
    },
    "origin": {
      "x": 0.5,
      "y": 0.125,
      "z": 0.5
    },
    "scale": 0.5
  },
  "fpHandTransform": {
    "translation": {
      "x": -0.3,
      "y": 0,
      "z": 0.5
    },
    "rotation": {
      "x": 16,
      "y": -51,
      "z": 91
    },
    "origin": {
      "x": 0.5,
      "y": 0.125,
      "z": 0.5
    }
  },
  "groundTransform": {
    "translation": {
      "x": 0,
      "y": 0,
      "z": 0
    },
    "rotation": {
      "x": 0,
      "y": -45,
      "z": 0
    },
    "origin": {
      "x": 0.5,
      "y": 0,
      "z": 0.5
    },
    "scale": 2.2
  }
}