{
	"editor": {
		"allAngles": false,
		"entityTextureMode": false
	},
	"textureWidth": 16,
	"textureHeight": 16,
	"textureSizes": {
	},
	"textures": {
	},
	"elements": [
		{
			"name": "origin",
			"from": [ 5.35, 0.0, 5.3 ],
			"to": [ 5.35, 0.0, 5.3 ],
			"rotationOrigin": [ 5.2676, 0.1, 5.16 ],
			"faces": {
			},
			"children": [
				{
					"name": "east",
					"from": [ 4.7309, 0.0, 0.3379 ],
					"to": [ 5.0688, 5.4067, 5.0688 ],
					"rotationOrigin": [ -0.3379, 0.0, 0.0 ],
					"faces": {
						"east": { "texture": "#grade", "uv": [ 0.5, 0.0, 15.9, 17.6 ], "autoUv": false },
						"west": { "texture": "#wood", "uv": [ 0.5, 0.0, 15.9, 17.6 ], "autoUv": false },
						"up": { "texture": "#wood", "uv": [ 0.0, 7.0, 15.4, 8.1 ], "rotation": 90, "autoUv": false },
						"down": { "texture": "#wood", "uv": [ 0.0, 0.5, 15.4, 1.6 ], "rotation": 90, "autoUv": false }
					},
					"children": [
						{
							"name": "Cube8",
							"from": [ 0.3379, 4.7309, -0.169 ],
							"to": [ 0.5069, 5.4067, 4.8998 ],
							"rotationOrigin": [ 0.3379, 4.7309, -0.169 ],
							"faces": {
								"north": { "texture": "#wood", "uv": [ 5.5, 7.5, 6.05, 9.7 ], "autoUv": false },
								"east": { "texture": "#wood", "uv": [ 1.0, 7.0, 17.5, 9.2 ], "autoUv": false },
								"south": { "texture": "#wood", "uv": [ 3.0, 1.5, 3.55, 3.7 ], "autoUv": false },
								"up": { "texture": "#wood", "uv": [ 0.0, 0.5, 16.5, 1.05 ], "rotation": 90, "autoUv": false },
								"down": { "texture": "#wood", "uv": [ 0.5, 12.0, 17.0, 12.55 ], "rotation": 90, "autoUv": false }
							}
						},
						{
							"name": "Cube11",
							"from": [ 0.3379, 0.0, -0.169 ],
							"to": [ 0.5069, 0.6758, 4.8998 ],
							"rotationOrigin": [ 0.3379, 0.0, -0.169 ],
							"faces": {
								"north": { "texture": "#wood", "uv": [ 4.5, 1.5, 5.05, 3.7 ], "autoUv": false },
								"east": { "texture": "#wood", "uv": [ 0.0, 2.0, 16.5, 4.2 ], "autoUv": false },
								"south": { "texture": "#wood", "uv": [ 5.0, 2.0, 5.55, 4.2 ], "autoUv": false },
								"up": { "texture": "#wood", "uv": [ 0.5, 0.5, 17.0, 1.05 ], "rotation": 90, "autoUv": false },
								"down": { "texture": "#wood", "uv": [ 0.0, 4.5, 16.5, 5.05 ], "rotation": 90, "autoUv": false }
							}
						}
					]
				},
				{
					"name": "west",
					"from": [ 0.3379, 0.0, 0.3379 ],
					"to": [ 0.6758, 5.4067, 5.0688 ],
					"rotationOrigin": [ 0.3379, 0.0, 0.0 ],
					"faces": {
						"east": { "texture": "#wood", "uv": [ 1.0, 0.0, 16.4, 17.6 ], "autoUv": false },
						"west": { "texture": "#grade", "uv": [ 0.5, 0.0, 15.9, 17.6 ], "autoUv": false },
						"up": { "texture": "#wood", "uv": [ 0.0, 0.0, 15.4, 1.1 ], "rotation": 270, "autoUv": false },
						"down": { "texture": "#wood", "uv": [ 1.0, 0.0, 16.4, 1.1 ], "rotation": 90, "autoUv": false }
					},
					"children": [
						{
							"name": "Cube1",
							"from": [ -0.169, 4.7309, -0.169 ],
							"to": [ 0.0, 5.4067, 4.8998 ],
							"rotationOrigin": [ -0.169, 4.7309, -0.169 ],
							"faces": {
								"north": { "texture": "#wood", "uv": [ 1.5, 1.0, 2.05, 3.2 ], "autoUv": false, "windMode": [-1,-1,-1,-1], "windData": [0,1,1,0] },
								"east": { "texture": "#wood", "uv": [ 0.0, 6.5, 16.5, 8.7 ], "autoUv": false },
								"south": { "texture": "#wood", "uv": [ 0.0, 0.0, 0.55, 2.2 ], "autoUv": false, "windMode": [-1,-1,-1,-1], "windData": [0,0,1,1] },
								"west": { "texture": "#wood", "uv": [ 1.0, 7.0, 17.5, 9.2 ], "autoUv": false },
								"up": { "texture": "#wood", "uv": [ 0.0, 0.5, 16.5, 1.05 ], "rotation": 90, "autoUv": false },
								"down": { "texture": "#wood", "uv": [ 0.0, 1.5, 16.5, 2.05 ], "rotation": 90, "autoUv": false }
							}
						},
						{
							"name": "Cube13",
							"from": [ -0.169, 0.0, -0.169 ],
							"to": [ 0.0, 0.6758, 4.8998 ],
							"rotationOrigin": [ -0.169, 0.0, -0.169 ],
							"faces": {
								"north": { "texture": "#wood", "uv": [ 0.0, 1.5, 0.55, 3.7 ], "autoUv": false },
								"south": { "texture": "#wood", "uv": [ 2.0, 2.0, 2.55, 4.2 ], "autoUv": false },
								"west": { "texture": "#wood", "uv": [ 0.0, 2.0, 16.5, 4.2 ], "autoUv": false },
								"up": { "texture": "#wood", "uv": [ 1.0, 10.5, 17.5, 11.05 ], "rotation": 90, "autoUv": false },
								"down": { "texture": "#wood", "uv": [ 0.5, 3.0, 17.0, 3.55 ], "rotation": 90, "autoUv": false }
							}
						}
					]
				},
				{
					"name": "south",
					"from": [ 0.6758, 0.0, 4.7309 ],
					"to": [ 4.7309, 5.4067, 5.0688 ],
					"rotationOrigin": [ 0.6758, 0.0, -0.3379 ],
					"faces": {
						"north": { "texture": "#wood", "uv": [ 2.0, 0.0, 15.2, 17.6 ], "autoUv": false },
						"south": { "texture": "#grade", "uv": [ 1.5, 0.0, 14.7, 17.6 ], "autoUv": false },
						"up": { "texture": "#wood", "uv": [ 1.5, 14.5, 14.7, 15.6 ], "autoUv": false },
						"down": { "texture": "#wood", "uv": [ 0.0, 0.0, 13.2, 1.1 ], "autoUv": false }
					},
					"children": [
						{
							"name": "Cube10",
							"from": [ -0.3379, 4.7309, 0.3379 ],
							"to": [ 4.393, 5.4067, 0.5069 ],
							"rotationOrigin": [ -0.3379, 4.7309, 0.3379 ],
							"faces": {
								"south": { "texture": "#wood", "uv": [ 0.5, 2.0, 15.9, 4.2 ], "autoUv": false },
								"up": { "texture": "#wood", "uv": [ 0.5, 4.0, 15.9, 4.55 ], "autoUv": false },
								"down": { "texture": "#wood", "uv": [ 1.5, 8.0, 16.9, 8.55 ], "autoUv": false }
							}
						},
						{
							"name": "Cube14",
							"from": [ -0.3379, 0.0, 0.3379 ],
							"to": [ 4.393, 0.6758, 0.5069 ],
							"rotationOrigin": [ -0.3379, 0.0, 0.3379 ],
							"faces": {
								"south": { "texture": "#wood", "uv": [ 1.0, 7.5, 16.4, 9.7 ], "autoUv": false },
								"up": { "texture": "#wood", "uv": [ 1.0, 14.5, 16.4, 15.05 ], "autoUv": false },
								"down": { "texture": "#wood", "uv": [ 1.5, 2.5, 16.9, 3.05 ], "autoUv": false }
							}
						}
					]
				},
				{
					"name": "north",
					"from": [ 0.6758, 0.0, 0.3379 ],
					"to": [ 4.7309, 5.4067, 0.6758 ],
					"rotationOrigin": [ 0.6758, 0.0, 0.3379 ],
					"faces": {
						"north": { "texture": "#grade", "uv": [ 1.5, 0.0, 14.7, 17.6 ], "autoUv": false },
						"south": { "texture": "#wood", "uv": [ 0.0, 0.0, 13.2, 17.6 ], "autoUv": false },
						"up": { "texture": "#wood", "uv": [ 1.0, 0.5, 14.2, 1.6 ], "autoUv": false },
						"down": { "texture": "#wood", "uv": [ 0.0, 0.0, 13.2, 1.1 ], "rotation": 180, "autoUv": false }
					},
					"children": [
						{
							"name": "Cube9",
							"from": [ -0.3379, 4.7309, -0.169 ],
							"to": [ 4.393, 5.4067, 0.0 ],
							"rotationOrigin": [ -0.3379, 4.7309, -0.169 ],
							"faces": {
								"north": { "texture": "#wood", "uv": [ 0.5, 2.0, 15.9, 4.2 ], "autoUv": false },
								"up": { "texture": "#wood", "uv": [ 1.5, 0.5, 16.9, 1.05 ], "autoUv": false },
								"down": { "texture": "#wood", "uv": [ 0.0, 3.0, 15.4, 3.55 ], "autoUv": false }
							}
						},
						{
							"name": "Cube12",
							"from": [ -0.3379, 0.0, -0.169 ],
							"to": [ 4.393, 0.6758, 0.0 ],
							"rotationOrigin": [ -0.3379, 0.0, -0.169 ],
							"faces": {
								"north": { "texture": "#wood", "uv": [ 0.5, 1.5, 15.9, 3.7 ], "autoUv": false },
								"up": { "texture": "#wood", "uv": [ 0.5, 0.5, 15.9, 1.05 ], "autoUv": false },
								"down": { "texture": "#wood", "uv": [ 0.5, 2.5, 15.9, 3.05 ], "autoUv": false }
							}
						}
					]
				},
				{
					"name": "floor",
					"from": [ 0.6758, 0.0, 0.6758 ],
					"to": [ 4.7309, 0.3379, 4.7309 ],
					"rotationOrigin": [ 0.3379, -0.031, 0.3379 ],
					"faces": {
						"down": { "texture": "#wood", "uv": [ 1.5, 2.0, 14.7, 15.2 ], "rotation": 90, "autoUv": false, "windMode": [-1,-1,-1,-1] }
					}
				},
				{
					"name": "Cube15",
					"from": [ 0.169, 0.6758, 0.169 ],
					"to": [ 0.8448, 4.7309, 0.8448 ],
					"rotationOrigin": [ 0.169, 0.6758, 0.169 ],
					"faces": {
						"north": { "texture": "#wood", "uv": [ 0.5, 3.5, 13.7, 5.7 ], "rotation": 90, "autoUv": false },
						"east": { "texture": "#wood", "uv": [ 0.0, 0.0, 13.2, 2.2 ], "rotation": 90, "autoUv": false },
						"south": { "texture": "#wood", "uv": [ 0.0, 0.5, 13.2, 2.7 ], "rotation": 90, "autoUv": false },
						"west": { "texture": "#wood", "uv": [ 2.5, 7.0, 15.7, 9.2 ], "rotation": 90, "autoUv": false }
					}
				},
				{
					"name": "Cube16",
					"from": [ 0.169, 0.6758, 4.5619 ],
					"to": [ 0.8448, 4.7309, 5.2378 ],
					"rotationOrigin": [ 0.169, 0.6758, 4.5619 ],
					"faces": {
						"north": { "texture": "#wood", "uv": [ 2.5, 7.5, 15.7, 9.7 ], "rotation": 90, "autoUv": false },
						"east": { "texture": "#wood", "uv": [ 1.0, 2.0, 14.2, 4.2 ], "rotation": 90, "autoUv": false },
						"south": { "texture": "#wood", "uv": [ 4.0, 10.5, 17.2, 12.7 ], "rotation": 90, "autoUv": false },
						"west": { "texture": "#wood", "uv": [ 0.5, 1.5, 13.7, 3.7 ], "rotation": 90, "autoUv": false }
					}
				},
				{
					"name": "Cube17",
					"from": [ 4.5619, 0.6758, 4.5619 ],
					"to": [ 5.2378, 4.7309, 5.2378 ],
					"rotationOrigin": [ 4.5619, 0.6758, 4.5619 ],
					"faces": {
						"north": { "texture": "#wood", "uv": [ 3.0, 8.0, 16.2, 10.2 ], "rotation": 90, "autoUv": false },
						"east": { "texture": "#wood", "uv": [ 0.0, 6.5, 13.2, 8.7 ], "rotation": 90, "autoUv": false },
						"south": { "texture": "#wood", "uv": [ 1.0, 7.0, 14.2, 9.2 ], "rotation": 90, "autoUv": false },
						"west": { "texture": "#wood", "uv": [ 2.5, 12.0, 15.7, 14.2 ], "rotation": 90, "autoUv": false }
					}
				},
				{
					"name": "Cube18",
					"from": [ 4.5619, 0.6758, 0.169 ],
					"to": [ 5.2378, 4.7309, 0.8448 ],
					"rotationOrigin": [ 4.5619, 0.6758, 0.169 ],
					"faces": {
						"north": { "texture": "#wood", "uv": [ 1.0, 0.5, 14.2, 2.7 ], "rotation": 90, "autoUv": false },
						"east": { "texture": "#wood", "uv": [ 1.0, 6.5, 14.2, 8.7 ], "rotation": 90, "autoUv": false },
						"south": { "texture": "#wood", "uv": [ 2.5, 7.5, 15.7, 9.7 ], "rotation": 90, "autoUv": false },
						"west": { "texture": "#wood", "uv": [ 2.5, 6.5, 15.7, 8.7 ], "rotation": 90, "autoUv": false }
					}
				},
				{
					"name": "lid",
					"from": [ 0.6758, 4.8998, 0.6758 ],
					"to": [ 4.7309, 5.2378, 4.7309 ],
					"rotationOrigin": [ 2.7034, 4.8998, 0.3379 ],
					"faces": {
						"up": { "texture": "#wood", "uv": [ 1.5, 2.0, 14.7, 15.2 ], "rotation": 90, "autoUv": false }
					}
				}
			]
		}
	]}