[
  {
    "op": "add",
    "path": "/animations/-",
    "file": "game:shapes/entity/animal/mammal/fox/fox-male.json",
    "value": {
			"name": "Flop",
			"code": "flop",
			"quantityframes": 30,
			"onActivityStopped": "EaseOut",
			"onAnimationEnd": "Repeat",
			"keyframes": [
				{
					"frame": 0,
					"elements": {
						"body": { "offsetX": 0.0, "offsetY": 4.0, "offsetZ": -5.0, "rotationX": -80.0, "rotationY": 0.0, "rotationZ": 0.0 },
						"neck": { "rotationX": 28.0, "rotationY": 18.0, "rotationZ": 0.0 },
						"head": { "rotationX": 0.0, "rotationY": 0.0, "rotationZ": 0.0 },
						"L ear": { "rotationX": 0.0, "rotationY": -22.0, "rotationZ": -63.0 },
						"R ear": { "rotationX": 0.0, "rotationY": 44.0, "rotationZ": -50.0 },
						"jaw": { "rotationX": 0.0, "rotationY": 0.0, "rotationZ": 25.0 },
						"abdomen": { "rotationX": -4.0, "rotationY": 0.0, "rotationZ": 0.0 },
						"tail": { "rotationX": 0.0, "rotationY": 6.0, "rotationZ": 9.0 },
						"tail end": { "rotationX": 0.0, "rotationY": 0.0, "rotationZ": 0.0 },
						"R back leg": { "rotationX": -3.0, "rotationY": 0.0, "rotationZ": 22.0 },
						"R back feet": { "rotationX": 0.0, "rotationY": 0.0, "rotationZ": 11.0 },
						"L back leg": { "rotationX": 16.0, "rotationY": 0.0, "rotationZ": 14.0 },
						"R front leg": { "rotationX": -8.0, "rotationY": 0.0, "rotationZ": -30.0 },
						"right front feet": { "rotationX": 0.0, "rotationY": 0.0, "rotationZ": -28.0 },
						"L front leg": { "rotationX": 25.0, "rotationY": 0.0, "rotationZ": -50.0 },
						"left front feet": { "rotationX": 33.0, "rotationY": 0.0, "rotationZ": -25.0 }
					}
				},
				{
					"frame": 10,
					"elements": {
						"L ear": { "rotationX": 0.0, "rotationY": -22.0, "rotationZ": -64.0 },
						"R ear": { "rotationX": 0.0, "rotationY": 44.0, "rotationZ": -55.0 },
						"jaw": { "rotationX": 0.0, "rotationY": 0.0, "rotationZ": 23.0 }
					}
				},
				{
					"frame": 15,
					"elements": {
						"head": { "rotationX": 1.0, "rotationY": 0.0, "rotationZ": 0.0 },
						"tail": { "rotationX": 0.0, "rotationY": 7.0, "rotationZ": 9.0 },
						"tail end": { "rotationX": 0.0, "rotationY": -6.0, "rotationZ": 0.0 }
					}
				}
			]
		}
  },
  {
    "op": "add",
    "path": "/animations/-",
    "file": "game:shapes/entity/animal/mammal/fox/fox-female.json",
    "value": {
			"name": "Flop",
			"code": "flop",
			"quantityframes": 30,
			"onActivityStopped": "EaseOut",
			"onAnimationEnd": "Repeat",
			"keyframes": [
				{
					"frame": 0,
					"elements": {
						"body": { "offsetX": 0.0, "offsetY": 4.0, "offsetZ": -5.0, "rotationX": -80.0, "rotationY": 0.0, "rotationZ": 0.0 },
						"neck": { "rotationX": 28.0, "rotationY": 18.0, "rotationZ": 0.0 },
						"head": { "rotationX": 0.0, "rotationY": 0.0, "rotationZ": 0.0 },
						"L ear": { "rotationX": 0.0, "rotationY": -22.0, "rotationZ": -63.0 },
						"R ear": { "rotationX": 0.0, "rotationY": 44.0, "rotationZ": -50.0 },
						"jaw": { "rotationX": 0.0, "rotationY": 0.0, "rotationZ": 25.0 },
						"abdomen": { "rotationX": -4.0, "rotationY": 0.0, "rotationZ": 0.0 },
						"tail": { "rotationX": 0.0, "rotationY": 6.0, "rotationZ": 9.0 },
						"tail end": { "rotationX": 0.0, "rotationY": 0.0, "rotationZ": 0.0 },
						"R back leg": { "rotationX": -3.0, "rotationY": 0.0, "rotationZ": 22.0 },
						"R back feet": { "rotationX": 0.0, "rotationY": 0.0, "rotationZ": 11.0 },
						"L back leg": { "rotationX": 16.0, "rotationY": 0.0, "rotationZ": 14.0 },
						"R front leg": { "rotationX": -8.0, "rotationY": 0.0, "rotationZ": -30.0 },
						"right front feet": { "rotationX": 0.0, "rotationY": 0.0, "rotationZ": -28.0 },
						"L front leg": { "rotationX": 25.0, "rotationY": 0.0, "rotationZ": -50.0 },
						"left front feet": { "rotationX": 33.0, "rotationY": 0.0, "rotationZ": -25.0 }
					}
				},
				{
					"frame": 10,
					"elements": {
						"L ear": { "rotationX": 0.0, "rotationY": -22.0, "rotationZ": -64.0 },
						"R ear": { "rotationX": 0.0, "rotationY": 44.0, "rotationZ": -55.0 },
						"jaw": { "rotationX": 0.0, "rotationY": 0.0, "rotationZ": 23.0 }
					}
				},
				{
					"frame": 15,
					"elements": {
						"head": { "rotationX": 1.0, "rotationY": 0.0, "rotationZ": 0.0 },
						"tail": { "rotationX": 0.0, "rotationY": 7.0, "rotationZ": 9.0 },
						"tail end": { "rotationX": 0.0, "rotationY": -6.0, "rotationZ": 0.0 }
					}
				}
			]
		}
  }
]
