[
  {
    "op": "add",
    "path": "/animations/-",
    "file": "game:shapes/entity/animal/mammal/fox/fox-male.json",
    "value": {
			"name": "Loaf",
			"code": "loaf",
			"quantityframes": 30,
			"onActivityStopped": "EaseOut",
			"onAnimationEnd": "Repeat",
			"keyframes": [
				{
					"frame": 0,
					"elements": {
						"body": { "offsetX": 0.0, "offsetY": -3.8, "offsetZ": 0.0, "rotationX": 0.0, "rotationY": 0.0, "rotationZ": -8.0 },
						"neck": { "offsetX": 0.0, "offsetY": 0.0, "offsetZ": 0.0, "rotationX": 0.0, "rotationY": -17.0, "rotationZ": -22.0 },
						"head": { "offsetX": -0.3, "offsetY": 0.0, "offsetZ": 0.4, "rotationX": 14.0, "rotationY": -8.0, "rotationZ": 19.0 },
						"abdomen": { "rotationX": 0.0, "rotationY": 0.0, "rotationZ": 11.0 },
						"tail": { "offsetX": 0.0, "offsetY": 0.0, "offsetZ": -0.5, "rotationX": 0.0, "rotationY": -34.0, "rotationZ": 0.0 },
						"tail end": { "offsetX": -1.0, "offsetY": 0.0, "offsetZ": 0.0, "rotationX": 11.0, "rotationY": -79.0, "rotationZ": -10.0 },
						"L back leg": { "rotationX": 0.0, "rotationY": 0.0, "rotationZ": 8.0 },
						"L back feet": { "rotationX": 0.0, "rotationY": 0.0, "rotationZ": -94.0 },
						"R back leg": { "rotationX": 0.0, "rotationY": 0.0, "rotationZ": 17.0 },
						"R back feet": { "rotationX": 0.0, "rotationY": 0.0, "rotationZ": -100.0 },
						"L front leg": { "offsetX": 0.0, "offsetY": 0.5, "offsetZ": 0.5, "rotationX": 2.0, "rotationY": 0.0, "rotationZ": 0.0 },
						"left front feet": { "rotationX": 88.0, "rotationY": 8.0, "rotationZ": 2.0 },
						"R front leg": { "offsetX": 0.0, "offsetY": 0.5, "offsetZ": -0.5, "rotationX": -6.0, "rotationY": 0.0, "rotationZ": 5.0 },
						"right front feet": { "rotationX": 31.0, "rotationY": 84.0, "rotationZ": -114.0 }
					}
				},
				{
					"frame": 15,
					"elements": {
						"body": { "offsetX": 0.1, "offsetY": -3.8, "offsetZ": 0.0, "rotationX": 0.0, "rotationY": 0.0, "rotationZ": -9.0 },
						"neck": { "offsetX": 0.0, "offsetY": 0.0, "offsetZ": 0.0, "rotationX": 0.0, "rotationY": -17.0, "rotationZ": -22.0 },
						"head": { "offsetX": -0.3, "offsetY": 0.0, "offsetZ": 0.4, "rotationX": 14.0, "rotationY": -8.0, "rotationZ": 20.0 },
						"abdomen": { "rotationX": 0.0, "rotationY": 0.0, "rotationZ": 12.0 },
						"tail": { "offsetX": 0.0, "offsetY": 0.0, "offsetZ": -0.5, "rotationX": 0.0, "rotationY": -36.0, "rotationZ": 0.0 },
						"tail end": { "offsetX": -1.0, "offsetY": 0.0, "offsetZ": 0.0, "rotationX": 11.0, "rotationY": -76.0, "rotationZ": -8.0 },
						"L back leg": { "rotationX": 0.0, "rotationY": 0.0, "rotationZ": 8.0 },
						"L back feet": { "rotationX": 0.0, "rotationY": 0.0, "rotationZ": -94.0 },
						"R back leg": { "rotationX": 0.0, "rotationY": 0.0, "rotationZ": 17.0 },
						"R back feet": { "rotationX": 0.0, "rotationY": 0.0, "rotationZ": -100.0 },
						"L front leg": { "offsetX": 0.0, "offsetY": 0.5, "offsetZ": 0.5, "rotationX": 2.0, "rotationY": 0.0, "rotationZ": 0.0 },
						"left front feet": { "rotationX": 88.0, "rotationY": -10.0, "rotationZ": 2.0 },
						"R front leg": { "offsetX": 0.0, "offsetY": 0.5, "offsetZ": -0.5, "rotationX": -6.0, "rotationY": 0.0, "rotationZ": 5.0 },
						"right front feet": { "rotationX": 31.0, "rotationY": 84.0, "rotationZ": -114.0 }
					}
				}
			]
		}
  },
  {
    "op": "add",
    "path": "/animations/-",
    "file": "game:shapes/entity/animal/mammal/fox/fox-female.json",
    "value": {
			"name": "Loaf",
			"code": "loaf",
			"quantityframes": 30,
			"onActivityStopped": "EaseOut",
			"onAnimationEnd": "Repeat",
			"keyframes": [
				{
					"frame": 0,
					"elements": {
						"body": { "offsetX": 0.0, "offsetY": -3.8, "offsetZ": 0.0, "rotationX": 0.0, "rotationY": 0.0, "rotationZ": -8.0 },
						"neck": { "offsetX": 0.0, "offsetY": 0.0, "offsetZ": 0.0, "rotationX": 0.0, "rotationY": -17.0, "rotationZ": -22.0 },
						"head": { "offsetX": -0.3, "offsetY": 0.0, "offsetZ": 0.4, "rotationX": 14.0, "rotationY": -8.0, "rotationZ": 19.0 },
						"abdomen": { "rotationX": 0.0, "rotationY": 0.0, "rotationZ": 11.0 },
						"tail": { "offsetX": 0.0, "offsetY": 0.0, "offsetZ": -0.5, "rotationX": 0.0, "rotationY": -34.0, "rotationZ": 0.0 },
						"tail end": { "offsetX": -1.0, "offsetY": 0.0, "offsetZ": 0.0, "rotationX": 11.0, "rotationY": -79.0, "rotationZ": -10.0 },
						"L back leg": { "rotationX": 0.0, "rotationY": 0.0, "rotationZ": 8.0 },
						"L back feet": { "rotationX": 0.0, "rotationY": 0.0, "rotationZ": -94.0 },
						"R back leg": { "rotationX": 0.0, "rotationY": 0.0, "rotationZ": 17.0 },
						"R back feet": { "rotationX": 0.0, "rotationY": 0.0, "rotationZ": -100.0 },
						"L front leg": { "offsetX": 0.0, "offsetY": 0.5, "offsetZ": 0.5, "rotationX": 2.0, "rotationY": 0.0, "rotationZ": 0.0 },
						"left front feet": { "rotationX": 88.0, "rotationY": 8.0, "rotationZ": 2.0 },
						"R front leg": { "offsetX": 0.0, "offsetY": 0.5, "offsetZ": -0.5, "rotationX": -6.0, "rotationY": 0.0, "rotationZ": 5.0 },
						"right front feet": { "rotationX": 31.0, "rotationY": 84.0, "rotationZ": -114.0 }
					}
				},
				{
					"frame": 15,
					"elements": {
						"body": { "offsetX": 0.1, "offsetY": -3.8, "offsetZ": 0.0, "rotationX": 0.0, "rotationY": 0.0, "rotationZ": -9.0 },
						"neck": { "offsetX": 0.0, "offsetY": 0.0, "offsetZ": 0.0, "rotationX": 0.0, "rotationY": -17.0, "rotationZ": -22.0 },
						"head": { "offsetX": -0.3, "offsetY": 0.0, "offsetZ": 0.4, "rotationX": 14.0, "rotationY": -8.0, "rotationZ": 20.0 },
						"abdomen": { "rotationX": 0.0, "rotationY": 0.0, "rotationZ": 12.0 },
						"tail": { "offsetX": 0.0, "offsetY": 0.0, "offsetZ": -0.5, "rotationX": 0.0, "rotationY": -36.0, "rotationZ": 0.0 },
						"tail end": { "offsetX": -1.0, "offsetY": 0.0, "offsetZ": 0.0, "rotationX": 11.0, "rotationY": -76.0, "rotationZ": -8.0 },
						"L back leg": { "rotationX": 0.0, "rotationY": 0.0, "rotationZ": 8.0 },
						"L back feet": { "rotationX": 0.0, "rotationY": 0.0, "rotationZ": -94.0 },
						"R back leg": { "rotationX": 0.0, "rotationY": 0.0, "rotationZ": 17.0 },
						"R back feet": { "rotationX": 0.0, "rotationY": 0.0, "rotationZ": -100.0 },
						"L front leg": { "offsetX": 0.0, "offsetY": 0.5, "offsetZ": 0.5, "rotationX": 2.0, "rotationY": 0.0, "rotationZ": 0.0 },
						"left front feet": { "rotationX": 88.0, "rotationY": -10.0, "rotationZ": 2.0 },
						"R front leg": { "offsetX": 0.0, "offsetY": 0.5, "offsetZ": -0.5, "rotationX": -6.0, "rotationY": 0.0, "rotationZ": 5.0 },
						"right front feet": { "rotationX": 31.0, "rotationY": 84.0, "rotationZ": -114.0 }
					}
				}
			]
		}
  }
]
