{
	"editor": {
		"allAngles": false,
		"entityTextureMode": false
	},
	"textureWidth": 16,
	"textureHeight": 16,
	"textureSizes": {
	},
	"textures": {
		"accessories": "block/wood/trunk/accessories",
		"left-side": "block/wood/trunk/left-side",
		"lid": "block/wood/trunk/lid",
		"right-side": "block/wood/trunk/right-side",
		"sides2": "block/wood/trunk/sides"
	},
	"elements": [
		{
			"name": "origin",
			"from": [ 1.0, 0.0, 0.0 ],
			"to": [ 1.0, 0.0, 0.0 ],
			"rotationOrigin": [ 9.0, 0.0, 8.0 ],
			"faces": {
			},
			"children": [
				{
					"name": "floor",
					"from": [ 2.0, 1.0, 2.0 ],
					"to": [ 15.0, 2.0, 13.0 ],
					"rotationOrigin": [ 1.0, 1.0, 1.0 ],
					"faces": {
						"up": { "texture": "#lid", "uv": [ 1.0, 3.5, 14.0, 14.5 ] },
						"down": { "texture": "#lid", "uv": [ 1.0, 2.0, 14.0, 13.0 ] }
					},
					"children": [
						{
							"name": "S",
							"from": [ -1.0, 0.0, 11.0 ],
							"to": [ 13.0, 10.0, 12.0 ],
							"rotationOrigin": [ -2.0, -1.0, -1.0 ],
							"faces": {
								"north": { "texture": "#lid", "uv": [ 0.5, 4.0, 14.5, 14.0 ] },
								"east": { "texture": "#sides2", "uv": [ 0.0, 2.0, 1.0, 12.0 ] },
								"south": { "texture": "#left-side", "uv": [ 0.0, 2.0, 14.0, 12.0 ] },
								"west": { "texture": "#sides2", "uv": [ 13.0, 2.0, 14.0, 12.0 ] },
								"up": { "texture": "#lid", "uv": [ 2.0, 9.0, 16.0, 10.0 ] },
								"down": { "texture": "#sides2", "uv": [ 0.0, 15.0, 14.0, 16.0 ] }
							},
							"children": [
								{
									"name": "leather 3",
									"from": [ 6.0, 1.51, 1.01 ],
									"to": [ 7.5, 10.01, 1.01 ],
									"rotationOrigin": [ 6.0, 1.51, 0.99 ],
									"faces": {
										"south": { "texture": "#accessories", "uv": [ 0.0, 7.0, 8.5, 8.5 ], "rotation": 270 }
									}
								}
							]
						},
						{
							"name": "W",
							"from": [ -1.0, 0.0, 0.0 ],
							"to": [ 0.0, 10.0, 11.0 ],
							"rotationOrigin": [ -2.0, -1.0, -2.0 ],
							"faces": {
								"east": { "texture": "#lid", "uv": [ 1.5, 2.0, 12.5, 12.0 ] },
								"west": { "texture": "#sides2", "uv": [ 1.5, 2.0, 12.5, 12.0 ] },
								"up": { "texture": "#lid", "uv": [ 4.5, 9.0, 15.5, 10.0 ], "rotation": 90 },
								"down": { "texture": "#lid", "uv": [ 0.0, 0.0, 1.0, 11.0 ] }
							},
							"children": [
								{
									"name": "L holder",
									"from": [ -0.5, 7.0, 3.0 ],
									"to": [ 0.0, 8.5, 4.5 ],
									"rotationOrigin": [ 4.0, 9.0, -10.0 ],
									"faces": {
										"north": { "texture": "#accessories", "uv": [ 0.0, 1.0, 0.5, 2.5 ] },
										"south": { "texture": "#accessories", "uv": [ 4.0, 1.0, 4.5, 2.5 ] },
										"west": { "texture": "#accessories", "uv": [ 1.0, 0.5, 2.5, 2.0 ] },
										"up": { "texture": "#accessories", "uv": [ 4.0, 1.0, 4.5, 2.5 ] },
										"down": { "texture": "#accessories", "uv": [ 0.0, 1.5, 0.5, 3.0 ] }
									}
								},
								{
									"name": "R holder",
									"from": [ -0.5, 7.0, 6.5 ],
									"to": [ 0.0, 8.5, 8.0 ],
									"rotationOrigin": [ 4.0, 9.0, -6.5 ],
									"faces": {
										"north": { "texture": "#accessories", "uv": [ 0.0, 1.0, 0.5, 2.5 ] },
										"south": { "texture": "#accessories", "uv": [ 4.0, 0.5, 4.5, 2.0 ] },
										"west": { "texture": "#accessories", "uv": [ 0.5, 1.0, 2.0, 2.5 ] },
										"up": { "texture": "#accessories", "uv": [ 0.0, 1.0, 0.5, 2.5 ] },
										"down": { "texture": "#accessories", "uv": [ 0.0, 0.0, 0.5, 1.5 ] }
									}
								},
								{
									"name": "handle 1",
									"from": [ -1.0, 7.5, 3.5 ],
									"to": [ -0.5, 8.0, 7.5 ],
									"rotationOrigin": [ 3.5, 9.5, -9.5 ],
									"faces": {
										"north": { "texture": "#accessories", "uv": [ 2.5, 3.0, 3.0, 3.5 ] },
										"east": { "texture": "#accessories", "uv": [ 0.0, 3.0, 4.0, 3.5 ] },
										"south": { "texture": "#accessories", "uv": [ 4.0, 2.5, 4.5, 3.0 ] },
										"west": { "texture": "#accessories", "uv": [ 0.0, 3.0, 4.0, 3.5 ] },
										"up": { "texture": "#accessories", "uv": [ 0.0, 1.0, 4.0, 1.5 ], "rotation": 90 },
										"down": { "texture": "#accessories", "uv": [ 0.0, 2.5, 4.0, 3.0 ], "rotation": 90 }
									}
								}
							]
						},
						{
							"name": "N",
							"from": [ -1.0, 0.0, -1.0 ],
							"to": [ 13.0, 10.0, 0.0 ],
							"rotationOrigin": [ -2.0, -1.0, -2.0 ],
							"faces": {
								"north": { "texture": "#right-side", "uv": [ 0.0, 2.0, 14.0, 12.0 ] },
								"east": { "texture": "#sides2", "uv": [ 13.0, 2.0, 14.0, 12.0 ] },
								"south": { "texture": "#lid", "uv": [ 1.0, 2.0, 15.0, 12.0 ] },
								"west": { "texture": "#sides2", "uv": [ 0.0, 2.0, 1.0, 12.0 ] },
								"up": { "texture": "#lid", "uv": [ 2.0, 4.0, 16.0, 5.0 ], "rotation": 180 },
								"down": { "texture": "#sides2", "uv": [ 2.0, 15.0, 16.0, 16.0 ] }
							},
							"children": [
								{
									"name": "hinge 1",
									"from": [ 2.5, 9.0, 0.8 ],
									"to": [ 3.5, 11.0, 1.3 ],
									"rotationOrigin": [ 3.0, 9.0, 1.1 ],
									"faces": {
										"north": { "texture": "#accessories", "uv": [ 0.0, 0.0, 1.0, 2.0 ] },
										"east": { "texture": "#accessories", "uv": [ 0.0, 0.0, 0.5, 2.0 ] },
										"south": { "texture": "#accessories", "uv": [ 0.0, 0.0, 1.0, 2.0 ] },
										"west": { "texture": "#accessories", "uv": [ 0.0, 0.0, 0.5, 2.0 ] },
										"up": { "texture": "#accessories", "uv": [ 0.0, 0.0, 1.0, 0.5 ] },
										"down": { "texture": "#accessories", "uv": [ 0.0, 0.0, 1.0, 0.5 ] }
									}
								},
								{
									"name": "leather 1",
									"from": [ 6.0, 1.51, -0.01 ],
									"to": [ 7.5, 10.01, -0.01 ],
									"rotationOrigin": [ 6.0, 1.5, 0.0 ],
									"faces": {
										"north": { "texture": "#accessories", "uv": [ 0.0, 8.5, 8.5, 10.0 ], "rotation": 90 }
									}
								}
							]
						},
						{
							"name": "feet 1",
							"from": [ -1.0, -1.0, -1.0 ],
							"to": [ 1.0, 0.0, 1.0 ],
							"rotationOrigin": [ -1.0, -1.0, -1.0 ],
							"faces": {
								"north": { "texture": "#sides2", "uv": [ 0.0, 12.0, 2.0, 13.0 ] },
								"east": { "texture": "#sides2", "uv": [ 2.0, 12.0, 4.0, 13.0 ] },
								"south": { "texture": "#sides2", "uv": [ 2.5, 12.0, 4.5, 13.0 ] },
								"west": { "texture": "#sides2", "uv": [ 3.5, 12.0, 5.5, 13.0 ] },
								"down": { "texture": "#sides2", "uv": [ 0.0, 14.0, 2.0, 16.0 ] }
							},
							"children": [
								{
									"name": "Cube14",
									"from": [ 2.0, 0.5, 0.0 ],
									"to": [ 3.5, 1.0, 1.0 ],
									"rotationOrigin": [ 2.0, 0.5, 0.0 ],
									"faces": {
										"north": { "texture": "#sides2", "uv": [ 1.0, 12.0, 2.5, 12.5 ] },
										"east": { "texture": "#sides2", "uv": [ 2.5, 12.0, 3.5, 12.5 ] },
										"south": { "texture": "#sides2", "uv": [ 6.5, 12.0, 8.0, 12.5 ] },
										"down": { "texture": "#sides2", "uv": [ 0.0, 15.0, 1.5, 16.0 ] }
									}
								},
								{
									"name": "Cube15",
									"from": [ 0.0, 0.5, 2.0 ],
									"to": [ 1.0, 1.0, 3.5 ],
									"rotationOrigin": [ 0.0, 0.5, 2.0 ],
									"faces": {
										"east": { "texture": "#sides2", "uv": [ 0.0, 12.0, 1.5, 12.5 ] },
										"south": { "texture": "#sides2", "uv": [ 1.5, 12.0, 2.5, 12.5 ] },
										"west": { "texture": "#sides2", "uv": [ 2.5, 12.0, 4.0, 12.5 ] },
										"down": { "texture": "#sides2", "uv": [ 0.0, 14.5, 1.0, 16.0 ] }
									}
								}
							]
						},
						{
							"name": "feet 22",
							"from": [ -1.0, -1.0, 10.0 ],
							"to": [ 1.0, 0.0, 12.0 ],
							"rotationOrigin": [ -1.0, -1.0, 10.0 ],
							"faces": {
								"north": { "texture": "#sides2", "uv": [ 5.5, 12.0, 7.5, 13.0 ] },
								"east": { "texture": "#sides2", "uv": [ 6.5, 12.0, 8.5, 13.0 ] },
								"south": { "texture": "#sides2", "uv": [ 4.0, 12.0, 6.0, 13.0 ] },
								"west": { "texture": "#sides2", "uv": [ 1.5, 12.0, 3.5, 13.0 ] },
								"down": { "texture": "#sides2", "uv": [ 0.0, 14.0, 2.0, 16.0 ] }
							},
							"children": [
								{
									"name": "Cube23",
									"from": [ 2.0, 0.5, 1.0 ],
									"to": [ 3.5, 1.0, 2.0 ],
									"rotationOrigin": [ 2.0, 0.5, 1.0 ],
									"faces": {
										"north": { "texture": "#sides2", "uv": [ 6.0, 12.0, 7.5, 12.5 ] },
										"east": { "texture": "#sides2", "uv": [ 0.5, 12.0, 1.5, 12.5 ] },
										"south": { "texture": "#sides2", "uv": [ 9.0, 12.0, 10.5, 12.5 ] },
										"down": { "texture": "#sides2", "uv": [ 0.0, 15.0, 1.5, 16.0 ] }
									}
								},
								{
									"name": "Cube24",
									"from": [ 0.0, 0.5, -1.5 ],
									"to": [ 1.0, 1.0, 0.0 ],
									"rotationOrigin": [ 0.0, 0.5, -1.5 ],
									"faces": {
										"north": { "texture": "#sides2", "uv": [ 3.0, 12.0, 4.0, 12.5 ] },
										"east": { "texture": "#sides2", "uv": [ 4.5, 12.0, 6.0, 12.5 ] },
										"west": { "texture": "#sides2", "uv": [ 4.5, 12.0, 6.0, 12.5 ] },
										"down": { "texture": "#sides2", "uv": [ 2.0, 14.5, 3.5, 15.5 ], "rotation": 90 }
									}
								}
							]
						}
					]
				},
				{
					"name": "lid",
					"from": [ 2.0, 12.0, 2.0 ],
					"to": [ 15.0, 13.0, 13.0 ],
					"rotationOrigin": [ 8.0, 11.0, 1.0 ],
					"faces": {
						"up": { "texture": "#lid", "uv": [ 0.0, 0.0, 13.0, 11.0 ] },
						"down": { "texture": "#lid", "uv": [ 0.0, 0.0, 13.0, 11.0 ], "rotation": 180 }
					},
					"children": [
						{
							"name": "West",
							"from": [ -1.0, -1.0, 0.0 ],
							"to": [ 0.0, 1.0, 11.0 ],
							"rotationOrigin": [ -1.0, -1.0, 0.0 ],
							"faces": {
								"east": { "texture": "#sides2", "uv": [ 1.0, 11.0, 12.0, 13.0 ] },
								"west": { "texture": "#sides2", "uv": [ 1.5, 0.0, 12.5, 2.0 ] },
								"up": { "texture": "#sides2", "uv": [ 0.0, 0.0, 1.0, 11.0 ] },
								"down": { "texture": "#sides2", "uv": [ 3.5, 12.5, 14.5, 13.5 ], "rotation": 90 }
							}
						},
						{
							"name": "North",
							"from": [ -1.0, -1.0, -1.0 ],
							"to": [ 13.0, 1.0, 0.0 ],
							"rotationOrigin": [ -1.0, -1.0, -1.0 ],
							"faces": {
								"north": { "texture": "#sides2", "uv": [ 0.0, 0.0, 14.0, 2.0 ] },
								"east": { "texture": "#sides2", "uv": [ 13.0, 0.0, 14.0, 2.0 ] },
								"south": { "texture": "#sides2", "uv": [ 2.0, 11.0, 16.0, 13.0 ] },
								"west": { "texture": "#sides2", "uv": [ 0.0, 0.0, 1.0, 2.0 ] },
								"up": { "texture": "#sides2", "uv": [ 0.0, 0.0, 14.0, 1.0 ] },
								"down": { "texture": "#sides2", "uv": [ 0.0, 14.5, 14.0, 15.5 ] }
							},
							"children": [
								{
									"name": "hinge 3",
									"from": [ 2.5, -0.8, 1.0 ],
									"to": [ 3.5, 1.2, 1.5 ],
									"rotationOrigin": [ 3.0, -0.8, 1.0 ],
									"faces": {
										"north": { "texture": "#accessories", "uv": [ 0.0, 0.0, 1.0, 2.0 ] },
										"east": { "texture": "#accessories", "uv": [ 0.0, 0.0, 0.5, 2.0 ] },
										"south": { "texture": "#accessories", "uv": [ 0.0, 0.0, 1.0, 2.0 ] },
										"west": { "texture": "#accessories", "uv": [ 0.0, 0.0, 0.5, 2.0 ] },
										"up": { "texture": "#accessories", "uv": [ 0.0, 0.0, 1.0, 0.5 ] },
										"down": { "texture": "#accessories", "uv": [ 0.0, 0.0, 1.0, 0.5 ] }
									}
								}
							]
						},
						{
							"name": "South",
							"from": [ -1.0, -1.0, 11.0 ],
							"to": [ 13.0, 1.0, 12.0 ],
							"rotationOrigin": [ -1.0, -1.0, 11.0 ],
							"faces": {
								"north": { "texture": "#sides2", "uv": [ 0.5, 11.0, 14.5, 13.0 ] },
								"east": { "texture": "#sides2", "uv": [ 0.0, 0.0, 1.0, 2.0 ] },
								"south": { "texture": "#sides2", "uv": [ 0.0, 0.0, 14.0, 2.0 ] },
								"west": { "texture": "#sides2", "uv": [ 13.0, 0.0, 14.0, 2.0 ] },
								"up": { "texture": "#sides2", "uv": [ 0.0, 0.0, 14.0, 1.0 ] },
								"down": { "texture": "#sides2", "uv": [ 0.5, 13.5, 14.5, 14.5 ] }
							}
						},
						{
							"name": "Cube34",
							"from": [ 11.5, -2.5, 12.0 ],
							"to": [ 13.0, 0.0, 12.5 ],
							"rotationOrigin": [ 11.5, -2.5, 12.0 ],
							"faces": {
								"south": { "texture": "#accessories", "uv": [ 9.0, 0.5, 10.5, 3.0 ] },
								"west": { "texture": "#accessories", "uv": [ 0.0, 0.0, 0.5, 2.5 ] },
								"up": { "texture": "#accessories", "uv": [ 0.0, 0.0, 1.5, 0.5 ] },
								"down": { "texture": "#accessories", "uv": [ 0.0, 0.0, 1.5, 0.5 ] }
							}
						},
						{
							"name": "Cube35",
							"from": [ 12.0, 0.0, 12.0 ],
							"to": [ 13.0, 0.5, 12.5 ],
							"rotationOrigin": [ 12.0, 0.0, 12.0 ],
							"faces": {
								"east": { "texture": "#accessories", "uv": [ 0.0, 0.0, 0.5, 0.5 ] },
								"south": { "texture": "#accessories", "uv": [ 9.5, 0.0, 10.5, 0.5 ] },
								"west": { "texture": "#accessories", "uv": [ 0.0, 0.0, 0.5, 0.5 ] },
								"up": { "texture": "#accessories", "uv": [ 0.0, 0.0, 1.0, 0.5 ] }
							}
						},
						{
							"name": "leather 2",
							"from": [ 5.0, 1.01, -1.0 ],
							"to": [ 6.5, 1.01, 12.0 ],
							"rotationOrigin": [ 5.0, 1.01, -1.01 ],
							"faces": {
								"up": { "texture": "#accessories", "uv": [ 0.0, 8.5, 13.0, 10.0 ], "rotation": 270 }
							}
						},
						{
							"name": "leather 62",
							"from": [ 5.0, -0.99, 12.01 ],
							"to": [ 6.5, 1.01, 12.01 ],
							"rotationOrigin": [ 5.0, -0.99, 11.99 ],
							"faces": {
								"south": { "texture": "#accessories", "uv": [ 8.5, 7.0, 10.5, 8.5 ], "rotation": 270 }
							}
						},
						{
							"name": "leather 63",
							"from": [ 5.0, -0.99, -1.01 ],
							"to": [ 6.5, 1.01, -1.01 ],
							"rotationOrigin": [ 5.0, -0.99, -2.01 ],
							"faces": {
								"north": { "texture": "#accessories", "uv": [ 6.0, 8.5, 8.0, 10.0 ], "rotation": 90 }
							}
						},
						{
							"name": "L lock",
							"from": [ 9.5, 1.0, 9.0 ],
							"to": [ 11.0, 1.5, 10.5 ],
							"rotationOrigin": [ 9.5, 1.0, 9.0 ],
							"faces": {
								"north": { "texture": "#accessories", "uv": [ 0.0, 0.0, 1.5, 0.5 ] },
								"east": { "texture": "#accessories", "uv": [ 12.5, 0.5, 13.0, 2.0 ], "rotation": 90 },
								"south": { "texture": "#accessories", "uv": [ 14.0, 1.0, 15.5, 1.5 ] },
								"west": { "texture": "#accessories", "uv": [ 12.0, 0.0, 12.5, 1.5 ], "rotation": 90 },
								"up": { "texture": "#accessories", "uv": [ 0.0, 0.0, 1.5, 1.5 ] }
							},
							"children": [
								{
									"name": "strap 1",
									"from": [ 0.5, -0.3, -0.3 ],
									"to": [ 1.0, 0.2, 3.2 ],
									"rotationOrigin": [ 0.5, -0.3, -0.3 ],
									"faces": {
										"north": { "texture": "#accessories", "uv": [ 0.0, 0.0, 0.5, 0.5 ] },
										"east": { "texture": "#accessories", "uv": [ 12.5, 0.5, 13.0, 4.0 ], "rotation": 90 },
										"south": { "texture": "#accessories", "uv": [ 13.0, 1.5, 13.5, 2.0 ] },
										"west": { "texture": "#accessories", "uv": [ 12.0, 0.0, 12.5, 3.5 ], "rotation": 90 },
										"up": { "texture": "#accessories", "uv": [ 13.0, 0.0, 13.5, 3.5 ] }
									}
								},
								{
									"name": "strap 2",
									"from": [ 0.5, -3.3, 2.7 ],
									"to": [ 1.0, -0.3, 3.2 ],
									"rotationOrigin": [ 0.5, -3.3, 2.7 ],
									"faces": {
										"east": { "texture": "#accessories", "uv": [ 12.5, 0.5, 15.5, 1.0 ], "rotation": 90 },
										"south": { "texture": "#accessories", "uv": [ 15.0, 1.0, 15.5, 4.0 ] },
										"west": { "texture": "#accessories", "uv": [ 12.0, 0.0, 15.0, 0.5 ], "rotation": 90 },
										"down": { "texture": "#accessories", "uv": [ 14.0, 0.0, 14.5, 0.5 ] }
									}
								}
							]
						}
					]
				}
			]
		},
		{
			"name": "label",
			"from": [ 11.0, 3.0, 14.0 ],
			"to": [ 21.0, 9.0, 14.5 ],
			"rotationOrigin": [ 11.0, 3.0, 14.0 ],
			"faces": {
				"east": { "texture": "#accessories", "uv": [ 0.0, 10.0, 0.5, 16.0 ] },
				"south": { "texture": "#accessories", "uv": [ 0.0, 10.0, 10.0, 16.0 ] },
				"west": { "texture": "#accessories", "uv": [ 9.5, 10.0, 10.0, 16.0 ] },
				"up": { "texture": "#accessories", "uv": [ 0.0, 10.0, 10.0, 10.5 ] },
				"down": { "texture": "#accessories", "uv": [ 0.0, 10.0, 10.0, 10.5 ] }
			}
		},
		{
			"name": "lock",
			"from": [ 8.0, 0.0, 0.0 ],
			"to": [ 8.0, 0.0, 0.0 ],
			"rotationOrigin": [ 16.5, 13.0, 11.0 ],
			"faces": {
			},
			"children": [
				{
					"name": "L lock lower",
					"from": [ 4.5, 10.0, 14.0 ],
					"to": [ 6.0, 11.5, 14.5 ],
					"rotationOrigin": [ 4.5, 10.0, 14.0 ],
					"faces": {
						"north": { "texture": "#accessories", "uv": [ 0.0, 0.0, 1.5, 1.5 ] },
						"east": { "texture": "#accessories", "uv": [ 0.0, 0.0, 0.5, 1.5 ] },
						"south": { "texture": "#accessories", "uv": [ 0.0, 2.0, 1.5, 3.5 ] },
						"west": { "texture": "#accessories", "uv": [ 0.0, 0.0, 0.5, 1.5 ] },
						"up": { "texture": "#accessories", "uv": [ 0.0, 0.0, 1.5, 0.5 ] },
						"down": { "texture": "#accessories", "uv": [ 0.0, 0.0, 1.5, 0.5 ] }
					}
				},
				{
					"name": "R lock lower",
					"from": [ 10.0, 10.0, 14.0 ],
					"to": [ 11.5, 11.5, 14.5 ],
					"rotationOrigin": [ 10.0, 10.0, 14.0 ],
					"faces": {
						"north": { "texture": "#accessories", "uv": [ 0.0, 0.0, 1.5, 1.5 ] },
						"east": { "texture": "#accessories", "uv": [ 0.0, 0.0, 0.5, 1.5 ] },
						"south": { "texture": "#accessories", "uv": [ 3.0, 0.0, 4.5, 1.5 ] },
						"west": { "texture": "#accessories", "uv": [ 0.0, 0.0, 0.5, 1.5 ] },
						"up": { "texture": "#accessories", "uv": [ 0.0, 0.0, 1.5, 0.5 ] },
						"down": { "texture": "#accessories", "uv": [ 0.0, 0.0, 1.5, 0.5 ] }
					}
				},
				{
					"name": "strap 5",
					"from": [ 5.0, 10.51, 13.8 ],
					"to": [ 11.0, 11.01, 14.8 ],
					"rotationOrigin": [ 5.0, 10.5, 13.8 ],
					"faces": {
						"east": { "texture": "#accessories", "uv": [ 0.0, 0.0, 1.0, 0.5 ] },
						"south": { "texture": "#accessories", "uv": [ 13.0, 0.0, 13.5, 6.0 ], "rotation": 90 },
						"west": { "texture": "#accessories", "uv": [ 0.0, 0.0, 1.0, 0.5 ] },
						"up": { "texture": "#accessories", "uv": [ 14.0, 0.5, 15.0, 6.5 ], "rotation": 90 },
						"down": { "texture": "#accessories", "uv": [ 14.5, 0.5, 15.5, 6.5 ], "rotation": 90 }
					}
				}
			]
		},
		{
			"name": "origin",
			"from": [ 15.0, 0.0, 0.0 ],
			"to": [ 15.0, 0.0, 0.0 ],
			"rotationOrigin": [ 23.0, 0.0, 8.0 ],
			"faces": {
			},
			"children": [
				{
					"name": "floor",
					"from": [ 1.0, 1.0, 2.0 ],
					"to": [ 14.0, 2.0, 13.0 ],
					"rotationOrigin": [ 0.0, 1.0, 1.0 ],
					"faces": {
						"up": { "texture": "#lid", "uv": [ 1.0, 3.5, 14.0, 14.5 ] },
						"down": { "texture": "#lid", "uv": [ 1.0, 2.0, 14.0, 13.0 ] }
					},
					"children": [
						{
							"name": "S",
							"from": [ 0.0, 0.0, 11.0 ],
							"to": [ 14.0, 10.0, 12.0 ],
							"rotationOrigin": [ -1.0, -1.0, -1.0 ],
							"faces": {
								"north": { "texture": "#lid", "uv": [ 0.5, 4.0, 14.5, 14.0 ] },
								"east": { "texture": "#sides2", "uv": [ 0.0, 2.0, 1.0, 12.0 ] },
								"south": { "texture": "#right-side", "uv": [ 0.0, 2.0, 14.0, 12.0 ] },
								"west": { "texture": "#sides2", "uv": [ 13.0, 2.0, 14.0, 12.0 ] },
								"up": { "texture": "#lid", "uv": [ 2.0, 9.0, 16.0, 10.0 ] },
								"down": { "texture": "#sides2", "uv": [ 0.0, 15.0, 14.0, 16.0 ] }
							},
							"children": [
								{
									"name": "leather 6",
									"from": [ 6.5, 1.51, 1.01 ],
									"to": [ 8.0, 10.01, 1.01 ],
									"rotationOrigin": [ 6.5, 1.51, 0.99 ],
									"faces": {
										"south": { "texture": "#accessories", "uv": [ 7.5, 7.0, 16.0, 8.5 ], "rotation": 90 }
									}
								}
							]
						},
						{
							"name": "E",
							"from": [ 13.0, 0.0, 0.0 ],
							"to": [ 14.0, 10.0, 11.0 ],
							"rotationOrigin": [ 1.0, -1.0, -2.0 ],
							"faces": {
								"east": { "texture": "#sides2", "uv": [ 1.5, 2.0, 12.5, 12.0 ] },
								"west": { "texture": "#lid", "uv": [ 1.5, 2.0, 12.5, 12.0 ] },
								"up": { "texture": "#lid", "uv": [ 1.0, 1.5, 12.0, 2.5 ], "rotation": 90 },
								"down": { "texture": "#lid", "uv": [ 14.0, 2.0, 15.0, 13.0 ] }
							},
							"children": [
								{
									"name": "L holder1",
									"from": [ 1.0, 7.0, 3.0 ],
									"to": [ 1.5, 8.5, 4.5 ],
									"rotationOrigin": [ 1.0, 8.5, 3.0 ],
									"faces": {
										"north": { "texture": "#accessories", "uv": [ 0.0, 1.0, 0.5, 2.5 ] },
										"east": { "texture": "#accessories", "uv": [ 0.5, 1.0, 2.0, 2.5 ] },
										"south": { "texture": "#accessories", "uv": [ 4.0, 1.0, 4.5, 2.5 ] },
										"up": { "texture": "#accessories", "uv": [ 4.0, 1.0, 4.5, 2.5 ] },
										"down": { "texture": "#accessories", "uv": [ 0.0, 1.5, 0.5, 3.0 ] }
									}
								},
								{
									"name": "R holder2",
									"from": [ 1.0, 7.0, 6.5 ],
									"to": [ 1.5, 8.5, 8.0 ],
									"rotationOrigin": [ 1.0, 8.5, 8.0 ],
									"faces": {
										"north": { "texture": "#accessories", "uv": [ 0.0, 1.0, 0.5, 2.5 ] },
										"east": { "texture": "#accessories", "uv": [ 1.5, 1.5, 3.0, 3.0 ] },
										"south": { "texture": "#accessories", "uv": [ 4.0, 0.5, 4.5, 2.0 ] },
										"up": { "texture": "#accessories", "uv": [ 0.0, 1.0, 0.5, 2.5 ] },
										"down": { "texture": "#accessories", "uv": [ 0.0, 0.0, 0.5, 1.5 ] }
									}
								},
								{
									"name": "handle 2",
									"from": [ 1.5, 7.5, 3.5 ],
									"to": [ 2.0, 8.0, 7.5 ],
									"rotationOrigin": [ 2.0, 7.5, 3.5 ],
									"faces": {
										"north": { "texture": "#accessories", "uv": [ 2.5, 3.0, 3.0, 3.5 ] },
										"east": { "texture": "#accessories", "uv": [ 0.0, 3.0, 4.0, 3.5 ] },
										"south": { "texture": "#accessories", "uv": [ 4.0, 2.5, 4.5, 3.0 ] },
										"west": { "texture": "#accessories", "uv": [ 0.0, 3.0, 4.0, 3.5 ] },
										"up": { "texture": "#accessories", "uv": [ 0.0, 1.0, 4.0, 1.5 ], "rotation": 90 },
										"down": { "texture": "#accessories", "uv": [ 0.0, 2.5, 4.0, 3.0 ], "rotation": 90 }
									}
								}
							]
						},
						{
							"name": "N",
							"from": [ 0.0, 0.0, -1.0 ],
							"to": [ 14.0, 10.0, 0.0 ],
							"rotationOrigin": [ -1.0, -1.0, -2.0 ],
							"faces": {
								"north": { "texture": "#left-side", "uv": [ 0.0, 2.0, 14.0, 12.0 ] },
								"east": { "texture": "#sides2", "uv": [ 13.0, 2.0, 14.0, 12.0 ] },
								"south": { "texture": "#lid", "uv": [ 1.0, 2.0, 15.0, 12.0 ] },
								"west": { "texture": "#sides2", "uv": [ 0.0, 2.0, 1.0, 12.0 ] },
								"up": { "texture": "#lid", "uv": [ 2.0, 4.0, 16.0, 5.0 ], "rotation": 180 },
								"down": { "texture": "#sides2", "uv": [ 2.0, 15.0, 16.0, 16.0 ] }
							},
							"children": [
								{
									"name": "hinge 2",
									"from": [ 10.5, 9.0, 0.8 ],
									"to": [ 11.5, 11.0, 1.3 ],
									"rotationOrigin": [ 11.0, 9.0, 1.1 ],
									"faces": {
										"north": { "texture": "#accessories", "uv": [ 0.0, 0.0, 1.0, 2.0 ] },
										"east": { "texture": "#accessories", "uv": [ 0.0, 0.0, 0.5, 2.0 ] },
										"south": { "texture": "#accessories", "uv": [ 0.0, 0.0, 1.0, 2.0 ] },
										"west": { "texture": "#accessories", "uv": [ 0.0, 0.0, 0.5, 2.0 ] },
										"up": { "texture": "#accessories", "uv": [ 0.0, 0.0, 1.0, 0.5 ] },
										"down": { "texture": "#accessories", "uv": [ 0.0, 0.0, 1.0, 0.5 ] }
									}
								},
								{
									"name": "leather 4",
									"from": [ 6.5, 1.51, -0.01 ],
									"to": [ 8.0, 10.01, -0.01 ],
									"rotationOrigin": [ 6.5, 1.5, 0.0 ],
									"faces": {
										"north": { "texture": "#accessories", "uv": [ 0.0, 8.5, 8.5, 10.0 ], "rotation": 270 }
									}
								}
							]
						},
						{
							"name": "feet 16",
							"from": [ 12.0, -1.0, -1.0 ],
							"to": [ 14.0, 0.0, 1.0 ],
							"rotationOrigin": [ 12.0, -1.0, -1.0 ],
							"faces": {
								"north": { "texture": "#sides2", "uv": [ 1.5, 12.0, 3.5, 13.0 ] },
								"east": { "texture": "#sides2", "uv": [ 6.0, 12.0, 8.0, 13.0 ] },
								"south": { "texture": "#sides2", "uv": [ 9.5, 12.0, 11.5, 13.0 ] },
								"west": { "texture": "#sides2", "uv": [ 10.0, 12.0, 12.0, 13.0 ] },
								"down": { "texture": "#sides2", "uv": [ 0.0, 14.0, 2.0, 16.0 ] }
							},
							"children": [
								{
									"name": "Cube17",
									"from": [ -1.5, 0.5, 0.0 ],
									"to": [ 0.0, 1.0, 1.0 ],
									"rotationOrigin": [ -1.5, 0.5, 0.0 ],
									"faces": {
										"north": { "texture": "#sides2", "uv": [ 2.5, 12.5, 4.0, 13.0 ] },
										"south": { "texture": "#sides2", "uv": [ 8.5, 13.0, 10.0, 13.5 ] },
										"west": { "texture": "#sides2", "uv": [ 10.0, 12.0, 11.0, 12.5 ] },
										"down": { "texture": "#sides2", "uv": [ 1.0, 15.0, 2.5, 16.0 ] }
									}
								},
								{
									"name": "Cube18",
									"from": [ 1.0, 0.5, 2.0 ],
									"to": [ 2.0, 1.0, 3.5 ],
									"rotationOrigin": [ 1.0, 0.5, 2.0 ],
									"faces": {
										"east": { "texture": "#sides2", "uv": [ 4.5, 12.0, 6.0, 12.5 ] },
										"south": { "texture": "#sides2", "uv": [ 14.5, 12.0, 15.5, 12.5 ] },
										"west": { "texture": "#sides2", "uv": [ 3.0, 12.0, 4.5, 12.5 ] },
										"down": { "texture": "#sides2", "uv": [ 1.5, 15.0, 3.0, 16.0 ], "rotation": 90 }
									}
								}
							]
						},
						{
							"name": "feet 19",
							"from": [ 12.0, -1.0, 10.0 ],
							"to": [ 14.0, 0.0, 12.0 ],
							"rotationOrigin": [ 12.0, -1.0, 10.0 ],
							"faces": {
								"north": { "texture": "#sides2", "uv": [ 8.5, 12.0, 10.5, 13.0 ] },
								"east": { "texture": "#sides2", "uv": [ 6.0, 12.0, 8.0, 13.0 ] },
								"south": { "texture": "#sides2", "uv": [ 4.5, 12.0, 6.5, 13.0 ] },
								"west": { "texture": "#sides2", "uv": [ 6.0, 12.0, 8.0, 13.0 ] },
								"down": { "texture": "#sides2", "uv": [ 0.0, 14.0, 2.0, 16.0 ] }
							},
							"children": [
								{
									"name": "Cube20",
									"from": [ -1.5, 0.5, 1.0 ],
									"to": [ 0.0, 1.0, 2.0 ],
									"rotationOrigin": [ -1.5, 0.5, 1.0 ],
									"faces": {
										"north": { "texture": "#sides2", "uv": [ 5.5, 12.0, 7.0, 12.5 ] },
										"south": { "texture": "#sides2", "uv": [ 5.0, 12.0, 6.5, 12.5 ] },
										"west": { "texture": "#sides2", "uv": [ 2.5, 12.0, 3.5, 12.5 ] },
										"down": { "texture": "#sides2", "uv": [ 0.5, 15.0, 2.0, 16.0 ] }
									}
								},
								{
									"name": "Cube21",
									"from": [ 1.0, 0.5, -1.5 ],
									"to": [ 2.0, 1.0, 0.0 ],
									"rotationOrigin": [ 1.0, 0.5, -1.5 ],
									"faces": {
										"north": { "texture": "#sides2", "uv": [ 10.0, 12.0, 11.0, 12.5 ] },
										"east": { "texture": "#sides2", "uv": [ 6.0, 12.0, 7.5, 12.5 ] },
										"west": { "texture": "#sides2", "uv": [ 1.0, 12.0, 2.5, 12.5 ] },
										"down": { "texture": "#sides2", "uv": [ 0.5, 15.0, 2.0, 16.0 ], "rotation": 90 }
									}
								}
							]
						}
					]
				},
				{
					"name": "lid2",
					"from": [ 1.0, 12.0, 2.0 ],
					"to": [ 14.0, 13.0, 13.0 ],
					"rotationOrigin": [ 7.0, 11.0, 1.0 ],
					"faces": {
						"up": { "texture": "#lid", "uv": [ 0.0, 0.0, 13.0, 11.0 ] },
						"down": { "texture": "#lid", "uv": [ 0.0, 0.0, 13.0, 11.0 ], "rotation": 180 }
					},
					"children": [
						{
							"name": "East",
							"from": [ 13.0, -1.0, 0.0 ],
							"to": [ 14.0, 1.0, 11.0 ],
							"rotationOrigin": [ 13.0, -1.0, 0.0 ],
							"faces": {
								"east": { "texture": "#sides2", "uv": [ 1.5, 0.0, 12.5, 2.0 ] },
								"west": { "texture": "#sides2", "uv": [ 3.0, 11.0, 14.0, 13.0 ] },
								"up": { "texture": "#sides2", "uv": [ 13.0, 0.0, 14.0, 11.0 ] },
								"down": { "texture": "#sides2", "uv": [ 2.5, 13.5, 13.5, 14.5 ], "rotation": 90 }
							}
						},
						{
							"name": "North",
							"from": [ 0.0, -1.0, -1.0 ],
							"to": [ 14.0, 1.0, 0.0 ],
							"rotationOrigin": [ 0.0, -1.0, -1.0 ],
							"faces": {
								"north": { "texture": "#sides2", "uv": [ 0.0, 0.0, 14.0, 2.0 ] },
								"east": { "texture": "#sides2", "uv": [ 13.0, 0.0, 14.0, 2.0 ] },
								"south": { "texture": "#sides2", "uv": [ 2.0, 11.0, 16.0, 13.0 ] },
								"west": { "texture": "#sides2", "uv": [ 0.0, 0.0, 1.0, 2.0 ] },
								"up": { "texture": "#sides2", "uv": [ 0.0, 0.0, 14.0, 1.0 ] },
								"down": { "texture": "#sides2", "uv": [ 0.0, 14.5, 14.0, 15.5 ] }
							},
							"children": [
								{
									"name": "hinge 4",
									"from": [ 10.5, -0.8, 1.0 ],
									"to": [ 11.5, 1.2, 1.5 ],
									"rotationOrigin": [ 11.0, -0.8, 1.0 ],
									"faces": {
										"north": { "texture": "#accessories", "uv": [ 0.0, 0.0, 1.0, 2.0 ] },
										"east": { "texture": "#accessories", "uv": [ 0.0, 0.0, 0.5, 2.0 ] },
										"south": { "texture": "#accessories", "uv": [ 0.0, 0.0, 1.0, 2.0 ] },
										"west": { "texture": "#accessories", "uv": [ 0.0, 0.0, 0.5, 2.0 ] },
										"up": { "texture": "#accessories", "uv": [ 0.0, 0.0, 1.0, 0.5 ] },
										"down": { "texture": "#accessories", "uv": [ 0.0, 0.0, 1.0, 0.5 ] }
									}
								}
							]
						},
						{
							"name": "South",
							"from": [ 0.0, -1.0, 11.0 ],
							"to": [ 14.0, 1.0, 12.0 ],
							"rotationOrigin": [ 0.0, -1.0, 11.0 ],
							"faces": {
								"north": { "texture": "#sides2", "uv": [ 0.5, 11.0, 14.5, 13.0 ] },
								"east": { "texture": "#sides2", "uv": [ 0.0, 0.0, 1.0, 2.0 ] },
								"south": { "texture": "#sides2", "uv": [ 0.0, 0.0, 14.0, 2.0 ] },
								"west": { "texture": "#sides2", "uv": [ 13.0, 0.0, 14.0, 2.0 ] },
								"up": { "texture": "#sides2", "uv": [ 0.0, 0.0, 14.0, 1.0 ] },
								"down": { "texture": "#sides2", "uv": [ 0.5, 13.5, 14.5, 14.5 ] }
							}
						},
						{
							"name": "Cube342",
							"from": [ 0.0, -2.5, 12.0 ],
							"to": [ 1.5, 0.0, 12.5 ],
							"rotationOrigin": [ 0.0, -2.5, 12.0 ],
							"faces": {
								"east": { "texture": "#accessories", "uv": [ 0.0, 0.0, 0.5, 2.5 ] },
								"south": { "texture": "#accessories", "uv": [ 10.5, 0.5, 12.0, 3.0 ] },
								"up": { "texture": "#accessories", "uv": [ 0.0, 0.0, 1.5, 0.5 ] },
								"down": { "texture": "#accessories", "uv": [ 0.0, 0.0, 1.5, 0.5 ] }
							}
						},
						{
							"name": "Cube352",
							"from": [ 0.0, 0.0, 12.0 ],
							"to": [ 1.0, 0.5, 12.5 ],
							"rotationOrigin": [ 0.0, 0.0, 12.0 ],
							"faces": {
								"east": { "texture": "#accessories", "uv": [ 0.0, 0.0, 0.5, 0.5 ] },
								"south": { "texture": "#accessories", "uv": [ 9.5, 0.0, 10.5, 0.5 ] },
								"west": { "texture": "#accessories", "uv": [ 0.0, 0.0, 0.5, 0.5 ] },
								"up": { "texture": "#accessories", "uv": [ 0.0, 0.0, 1.0, 0.5 ] }
							}
						},
						{
							"name": "leather 5",
							"from": [ 6.5, 1.01, -1.0 ],
							"to": [ 8.0, 1.01, 12.0 ],
							"rotationOrigin": [ 6.5, 1.01, -1.01 ],
							"faces": {
								"up": { "texture": "#accessories", "uv": [ 0.0, 8.5, 13.0, 10.0 ], "rotation": 90 }
							}
						},
						{
							"name": "leather 65",
							"from": [ 6.5, -0.99, 12.01 ],
							"to": [ 8.0, 1.01, 12.01 ],
							"rotationOrigin": [ 6.5, -0.99, 11.99 ],
							"faces": {
								"south": { "texture": "#accessories", "uv": [ 5.5, 7.0, 7.5, 8.5 ], "rotation": 90 }
							}
						},
						{
							"name": "leather 64",
							"from": [ 6.5, -0.99, -1.01 ],
							"to": [ 8.0, 1.01, -1.01 ],
							"rotationOrigin": [ 6.5, -1.0, -1.0 ],
							"faces": {
								"north": { "texture": "#accessories", "uv": [ 8.5, 8.5, 10.5, 10.0 ], "rotation": 270 }
							}
						},
						{
							"name": "R lock",
							"from": [ 2.0, 1.0, 9.0 ],
							"to": [ 3.5, 1.5, 10.5 ],
							"rotationOrigin": [ 2.0, 1.0, 9.0 ],
							"faces": {
								"north": { "texture": "#accessories", "uv": [ 0.0, 0.0, 1.5, 0.5 ] },
								"east": { "texture": "#accessories", "uv": [ 12.5, 0.5, 13.0, 2.0 ], "rotation": 90 },
								"south": { "texture": "#accessories", "uv": [ 14.0, 1.0, 15.5, 1.5 ] },
								"west": { "texture": "#accessories", "uv": [ 12.0, 0.0, 12.5, 1.5 ], "rotation": 90 },
								"up": { "texture": "#accessories", "uv": [ 0.0, 0.0, 1.5, 1.5 ] }
							},
							"children": [
								{
									"name": "strap 3",
									"from": [ 0.5, -0.3, -0.3 ],
									"to": [ 1.0, 0.2, 3.2 ],
									"rotationOrigin": [ 0.5, -0.3, -0.3 ],
									"faces": {
										"north": { "texture": "#accessories", "uv": [ 0.0, 0.0, 0.5, 0.5 ] },
										"east": { "texture": "#accessories", "uv": [ 12.5, 0.5, 13.0, 4.0 ], "rotation": 90 },
										"south": { "texture": "#accessories", "uv": [ 0.0, 0.0, 0.5, 0.5 ] },
										"west": { "texture": "#accessories", "uv": [ 12.0, 0.0, 12.5, 3.5 ], "rotation": 90 },
										"up": { "texture": "#accessories", "uv": [ 14.0, 0.0, 14.5, 3.5 ] }
									}
								},
								{
									"name": "strap 4",
									"from": [ 0.5, -3.3, 2.7 ],
									"to": [ 1.0, -0.3, 3.2 ],
									"rotationOrigin": [ 0.5, -3.3, 2.7 ],
									"faces": {
										"east": { "texture": "#accessories", "uv": [ 12.5, 0.5, 13.0, 3.5 ] },
										"south": { "texture": "#accessories", "uv": [ 14.0, 1.0, 14.5, 4.0 ] },
										"west": { "texture": "#accessories", "uv": [ 12.0, 0.0, 15.0, 0.5 ], "rotation": 90 },
										"down": { "texture": "#accessories", "uv": [ 14.0, 0.0, 14.5, 0.5 ] }
									}
								}
							]
						}
					]
				}
			]
		}
	],
	"animations": [
		{
			"name": "lidopen",
			"code": "lidopen",
			"quantityframes": 30,
			"onActivityStopped": "Rewind",
			"onAnimationEnd": "Hold",
			"keyframes": [
				{
					"frame": 0,
					"elements": {
						"lid": { "rotationX": 0.0, "rotationY": 0.0, "rotationZ": 0.0 },
						"lid2": { "rotationX": 0.0, "rotationY": 0.0, "rotationZ": 0.0 }
					}
				},
				{
					"frame": 29,
					"elements": {
						"lid": { "rotationX": -67.5, "rotationY": 0.0, "rotationZ": 0.0 },
						"lid2": { "rotationX": -67.5, "rotationY": 0.0, "rotationZ": 0.0 }
					}
				}
			]
		}
	]
}