{
  "editor": {
    "allAngles": false,
    "entityTextureMode": true
  },
  "textureWidth": 16,
  "textureHeight": 16,
  "textureSizes": {},
  "textures": {
    "mossculture": "koboldcomforts:item/resource/mossculture"
  },
  "elements": [
    {
      "name": "origin",
      "from": [8.0, 0.0, 8.0],
      "to": [8.0, 0.0, 8.0],
      "uv": [0.0, 0.0],
      "rotationOrigin": [8.0, 0.0, 8.0],
      "faces": {
        "north": {
          "texture": "#mossculture",
          "uv": [0.0, 0.5, 0.5, 1.0],
          "enabled": false
        },
        "east": {
          "texture": "#mossculture",
          "uv": [0.5, 0.5, 1.0, 1.0],
          "enabled": false
        },
        "south": {
          "texture": "#mossculture",
          "uv": [1.0, 0.5, 1.5, 1.0],
          "enabled": false
        },
        "west": {
          "texture": "#mossculture",
          "uv": [1.5, 0.5, 2.0, 1.0],
          "enabled": false
        },
        "up": {
          "texture": "#mossculture",
          "uv": [0.0, 0.0, 0.5, 0.5],
          "enabled": false
        },
        "down": {
          "texture": "#mossculture",
          "uv": [0.5, 0.0, 1.0, 0.5],
          "enabled": false
        }
      },
      "children": [
        {
          "name": "Main",
          "from": [-3.0, 0.0, -3.0],
          "to": [3.0, 3.0, 3.0],
          "unwrapMode": 6,
          "autoUnwrap": false,
          "uv": [0.0, 1.5],
          "rotationOrigin": [0.0, 0.0, 0.0],
          "rotationY": 22.5,
          "faces": {
            "north": {
              "texture": "#mossculture",
              "uv": [2.6667, 1.3333, 8.6667, 4.0]
            },
            "east": {
              "texture": "#mossculture",
              "uv": [3.3333, 6.6667, 6.0, 12.6667],
              "rotation": 90
            },
            "south": {
              "texture": "#mossculture",
              "uv": [2.6667, 10.6667, 8.6667, 13.3333],
              "rotation": 180
            },
            "west": {
              "texture": "#mossculture",
              "uv": [8.6667, 4.6667, 11.3333, 10.6667],
              "rotation": 270
            },
            "up": {
              "texture": "#mossculture",
              "uv": [5.3333, 4.6667, 11.3333, 10.6667]
            },
            "down": {
              "texture": "#mossculture",
              "uv": [2.6667, 4.6667, 8.6667, 10.6667]
            }
          },
          "children": [
            {
              "name": "Cube1",
              "from": [3.0, 0.1, 3.0],
              "to": [7.0, 2.1, 7.0],
              "uv": [2.5, 6.0],
              "rotationOrigin": [5.0, 0.1, 5.0],
              "rotationY": 45.0,
              "faces": {
                "north": {
                  "texture": "#mossculture",
                  "uv": [0.0, 14.0, 4.0, 16.0],
                  "enabled": false
                },
                "east": {
                  "texture": "#mossculture",
                  "uv": [2.6667, 10.0, 6.6667, 12.0]
                },
                "south": {
                  "texture": "#mossculture",
                  "uv": [6.0, 10.0, 10.0, 12.0]
                },
                "west": {
                  "texture": "#mossculture",
                  "uv": [10.0, 10.0, 14.0, 12.0]
                },
                "up": {
                  "texture": "#mossculture",
                  "uv": [2.6667, 6.0, 6.6667, 10.0]
                },
                "down": {
                  "texture": "#mossculture",
                  "uv": [6.0, 6.0, 10.0, 10.0]
                }
              }
            },
            {
              "name": "Cube3",
              "from": [1.0, 3.0, 1.0],
              "to": [4.0, 4.0, 4.0],
              "uv": [4.0, 4.0],
              "rotationOrigin": [2.5, 3.0, 2.5],
              "rotationY": -22.5,
              "faces": {
                "north": {
                  "texture": "#mossculture",
                  "uv": [4.0, 7.0, 7.0, 8.0]
                },
                "east": {
                  "texture": "#mossculture",
                  "uv": [7.0, 7.0, 10.0, 8.0]
                },
                "south": {
                  "texture": "#mossculture",
                  "uv": [10.0, 7.0, 13.0, 8.0]
                },
                "west": {
                  "texture": "#mossculture",
                  "uv": [13.0, 7.0, 16.0, 8.0]
                },
                "up": { "texture": "#mossculture", "uv": [4.0, 4.0, 7.0, 7.0] },
                "down": {
                  "texture": "#mossculture",
                  "uv": [3.0, 0.0, 6.0, 3.0],
                  "enabled": false
                }
              }
            },
            {
              "name": "Cube5",
              "from": [-3.0, 0.0, -1.0],
              "to": [-1.0, 1.0, 2.0],
              "uv": [6.0, 6.0],
              "rotationOrigin": [-2.0, 0.0, 0.5],
              "rotationY": -22.5,
              "faces": {
                "north": {
                  "texture": "#mossculture",
                  "uv": [6.0, 9.0, 8.0, 10.0]
                },
                "east": {
                  "texture": "#mossculture",
                  "uv": [8.0, 9.0, 11.0, 10.0]
                },
                "south": {
                  "texture": "#mossculture",
                  "uv": [11.0, 9.0, 13.0, 10.0]
                },
                "west": {
                  "texture": "#mossculture",
                  "uv": [13.0, 9.0, 16.0, 10.0]
                },
                "up": { "texture": "#mossculture", "uv": [6.0, 6.0, 8.0, 9.0] },
                "down": {
                  "texture": "#mossculture",
                  "uv": [8.0, 6.0, 10.0, 9.0]
                }
              }
            },
            {
              "name": "Cube6",
              "from": [-2.0, 0.1, 4.0],
              "to": [2.0, 1.6, 7.0],
              "uv": [2.5, 4.0],
              "rotationOrigin": [0.0, 0.1, 5.5],
              "rotationY": 90.0,
              "faces": {
                "north": {
                  "texture": "#mossculture",
                  "uv": [2.6667, 6.0, 6.6667, 7.3333]
                },
                "east": {
                  "texture": "#mossculture",
                  "uv": [6.0, 6.0, 8.6667, 7.3333]
                },
                "south": {
                  "texture": "#mossculture",
                  "uv": [8.0, 6.0, 12.0, 7.3333]
                },
                "west": {
                  "texture": "#mossculture",
                  "uv": [12.0, 6.0, 14.6667, 7.3333]
                },
                "up": {
                  "texture": "#mossculture",
                  "uv": [2.6667, 4.0, 6.6667, 6.6667]
                },
                "down": {
                  "texture": "#mossculture",
                  "uv": [6.0, 4.0, 10.0, 6.6667]
                }
              },
              "children": [
                {
                  "name": "Cube9",
                  "from": [1.0, 1.5, 1.0],
                  "to": [2.0, 2.5, 2.0],
                  "uv": [7.5, 4.5],
                  "rotationOrigin": [1.5, 1.5, 1.5],
                  "rotationY": -45.0,
                  "faces": {
                    "north": {
                      "texture": "#mossculture",
                      "uv": [7.3333, 5.3333, 8.0, 6.0]
                    },
                    "east": {
                      "texture": "#mossculture",
                      "uv": [8.6667, 5.3333, 9.3333, 6.0]
                    },
                    "south": {
                      "texture": "#mossculture",
                      "uv": [8.6667, 5.3333, 9.3333, 6.0]
                    },
                    "west": {
                      "texture": "#mossculture",
                      "uv": [8.6667, 5.3333, 9.3333, 6.0]
                    },
                    "up": {
                      "texture": "#mossculture",
                      "uv": [7.3333, 4.6667, 8.0, 5.3333]
                    },
                    "down": {
                      "texture": "#mossculture",
                      "uv": [8.6667, 4.6667, 9.3333, 5.3333]
                    }
                  }
                }
              ]
            },
            {
              "name": "Cube7",
              "from": [2.0, 0.1, -2.0],
              "to": [6.0, 2.1, 2.0],
              "autoUnwrap": false,
              "uv": [0.0, 10.0],
              "rotationOrigin": [4.0, 0.1, 0.0],
              "rotationY": -112.5,
              "faces": {
                "north": {
                  "texture": "#mossculture",
                  "uv": [3.3333, 10.6667, 7.3333, 12.6667]
                },
                "east": {
                  "texture": "#mossculture",
                  "uv": [4.0, 14.0, 8.0, 16.0],
                  "enabled": false
                },
                "south": {
                  "texture": "#mossculture",
                  "uv": [6.0, 8.0, 10.0, 10.0]
                },
                "west": {
                  "texture": "#mossculture",
                  "uv": [6.6667, 8.6667, 10.6667, 10.6667]
                },
                "up": {
                  "texture": "#mossculture",
                  "uv": [3.3333, 4.6667, 7.3333, 8.6667]
                },
                "down": {
                  "texture": "#mossculture",
                  "uv": [4.0, 10.0, 8.0, 14.0]
                }
              }
            },
            {
              "name": "Cube8",
              "from": [4.0, 3.0, 4.0],
              "to": [5.0, 3.5, 5.0],
              "uv": [12.0, 4.0],
              "rotationOrigin": [4.5, 3.0, 4.5],
              "rotationY": -22.5,
              "faces": {
                "north": {
                  "texture": "#mossculture",
                  "uv": [12.0, 5.0, 13.0, 5.5]
                },
                "east": {
                  "texture": "#mossculture",
                  "uv": [13.0, 5.0, 14.0, 5.5]
                },
                "south": {
                  "texture": "#mossculture",
                  "uv": [14.0, 5.0, 15.0, 5.5]
                },
                "west": {
                  "texture": "#mossculture",
                  "uv": [15.0, 5.0, 16.0, 5.5]
                },
                "up": {
                  "texture": "#mossculture",
                  "uv": [12.0, 4.0, 13.0, 5.0]
                },
                "down": {
                  "texture": "#mossculture",
                  "uv": [0.0, 0.0, 1.0, 1.0],
                  "enabled": false
                }
              }
            },
            {
              "name": "Cube12",
              "from": [5.0, -0.1, 1.0],
              "to": [7.0, 0.9, 4.0],
              "uv": [9.0, 10.0],
              "rotationOrigin": [6.0, -0.1, 2.5],
              "rotationY": 22.5,
              "faces": {
                "north": {
                  "texture": "#mossculture",
                  "uv": [9.0, 13.0, 11.0, 14.0]
                },
                "east": {
                  "texture": "#mossculture",
                  "uv": [11.0, 13.0, 14.0, 14.0]
                },
                "south": {
                  "texture": "#mossculture",
                  "uv": [14.0, 13.0, 16.0, 14.0]
                },
                "west": {
                  "texture": "#mossculture",
                  "uv": [0.0, 0.0, 3.0, 1.0],
                  "enabled": false
                },
                "up": {
                  "texture": "#mossculture",
                  "uv": [9.0, 10.0, 11.0, 13.0]
                },
                "down": {
                  "texture": "#mossculture",
                  "uv": [11.0, 10.0, 13.0, 13.0]
                }
              }
            }
          ]
        },
        {
          "name": "Cube10",
          "from": [1.0, 0.0, 4.0],
          "to": [2.0, 1.0, 5.0],
          "uv": [12.0, 12.0],
          "rotationOrigin": [1.5, 0.0, 4.5],
          "rotationY": 22.5,
          "faces": {
            "north": {
              "texture": "#mossculture",
              "uv": [12.0, 13.0, 13.0, 14.0]
            },
            "east": {
              "texture": "#mossculture",
              "uv": [13.0, 13.0, 14.0, 14.0]
            },
            "south": {
              "texture": "#mossculture",
              "uv": [14.0, 13.0, 15.0, 14.0]
            },
            "west": {
              "texture": "#mossculture",
              "uv": [15.0, 13.0, 16.0, 14.0]
            },
            "up": { "texture": "#mossculture", "uv": [12.0, 12.0, 13.0, 13.0] },
            "down": {
              "texture": "#mossculture",
              "uv": [13.0, 12.0, 14.0, 13.0]
            }
          }
        },
        {
          "name": "Cube11",
          "from": [-5.0, 0.0, -4.0],
          "to": [-4.0, 1.0, -3.0],
          "uv": [10.0, 4.0],
          "rotationOrigin": [-4.5, 0.0, -3.5],
          "rotationY": -45.0,
          "faces": {
            "north": {
              "texture": "#mossculture",
              "uv": [10.0, 4.6667, 10.6667, 5.3333]
            },
            "east": {
              "texture": "#mossculture",
              "uv": [10.0, 4.6667, 10.6667, 5.3333]
            },
            "south": {
              "texture": "#mossculture",
              "uv": [10.0, 4.6667, 10.6667, 5.3333]
            },
            "west": {
              "texture": "#mossculture",
              "uv": [10.0, 4.6667, 10.6667, 5.3333]
            },
            "up": {
              "texture": "#mossculture",
              "uv": [10.0, 4.0, 10.6667, 4.6667]
            },
            "down": {
              "texture": "#mossculture",
              "uv": [10.0, 4.0, 10.6667, 4.6667]
            }
          }
        }
      ]
    }
  ]
}
