{
	"editor": {
		"backDropShape": "C:/Users/Cal/Desktop/Kobold Player Redux/seraph-faceless",
		"allAngles": true,
		"entityTextureMode": false
	},
	"textureWidth": 16,
	"textureHeight": 16,
	"textureSizes": {
	},
	"textures": {
	},
	"elements": [
		{
			"name": "origin",
			"stepParentName": "Head",
			"from": [ -2.5, 1.7, 2.4 ],
			"to": [ -2.5, 1.7, 2.4 ],
			"rotationOrigin": [ -2.5, 1.7, 2.4 ],
			"rotationZ": -33.0,
			"faces": {
			},
			"children": [
				{
					"name": "L side",
					"from": [ -0.8, 0.0, -2.3 ],
					"to": [ -0.3, 2.5, 0.2 ],
					"rotationOrigin": [ -0.8, 0.0, 0.2 ],
					"rotationY": -20.0,
					"faces": {
						"north": { "texture": "#cat-mask", "uv": [ 0.0, 0.0, 0.5, 2.5 ] },
						"east": { "texture": "#cat-mask", "uv": [ 5.5, 2.0, 8.0, 4.5 ] },
						"south": { "texture": "#cat-mask", "uv": [ 0.0, 0.0, 0.5, 2.5 ] },
						"west": { "texture": "#cat-mask", "uv": [ 5.0, 2.0, 7.5, 4.5 ] },
						"up": { "texture": "#cat-mask", "uv": [ 0.0, 0.0, 0.5, 2.5 ] },
						"down": { "texture": "#cat-mask", "uv": [ 0.0, 0.0, 0.5, 2.5 ] }
					},
					"children": [
						{
							"name": "L string",
							"from": [ 0.0, 1.0, -0.5 ],
							"to": [ 5.9, 1.5, 0.0 ],
							"rotationOrigin": [ 0.0, 1.5, -0.5 ],
							"rotationY": 18.0,
							"rotationZ": 30.0,
							"faces": {
								"north": { "texture": "#cat-mask", "uv": [ 0.0, 0.0, 5.5, 0.5 ] },
								"east": { "texture": "#cat-mask", "uv": [ 0.0, 0.0, 0.5, 0.5 ] },
								"south": { "texture": "#cat-mask", "uv": [ 0.0, 0.0, 5.5, 0.5 ] },
								"west": { "texture": "#cat-mask", "uv": [ 0.0, 0.0, 0.5, 0.5 ] },
								"up": { "texture": "#cat-mask", "uv": [ 0.0, 0.0, 5.5, 0.5 ] },
								"down": { "texture": "#cat-mask", "uv": [ 0.0, 0.0, 5.5, 0.5 ] }
							}
						},
						{
							"name": "L Ear base",
							"from": [ 0.1, 1.8, 1.0 ],
							"to": [ 0.6, 2.8, 2.0 ],
							"rotationOrigin": [ 0.1, 1.8, 1.0 ],
							"rotationX": -20.0,
							"faces": {
								"north": { "texture": "#cat-mask", "uv": [ 5.5, 0.0, 6.0, 1.0 ] },
								"east": { "texture": "#cat-mask", "uv": [ 6.0, 0.0, 7.0, 1.0 ] },
								"south": { "texture": "#cat-mask", "uv": [ 12.0, 12.0, 12.5, 13.0 ] },
								"west": { "texture": "#cat-mask", "uv": [ 5.0, 3.0, 6.0, 4.0 ] },
								"up": { "texture": "#cat-mask", "uv": [ 0.0, 0.0, 0.5, 1.0 ] },
								"down": { "texture": "#cat-mask", "uv": [ 0.0, 0.0, 0.5, 1.0 ] }
							},
							"children": [
								{
									"name": "L Ear base12",
									"from": [ 0.0, 0.0, -0.5 ],
									"to": [ 0.5, 1.5, 0.0 ],
									"rotationOrigin": [ 0.0, 0.0, 0.0 ],
									"rotationX": 7.0,
									"rotationY": -1.0,
									"faces": {
										"north": { "texture": "#cat-mask", "uv": [ 0.0, 0.0, 0.5, 1.5 ] },
										"east": { "texture": "#cat-mask", "uv": [ 0.0, 0.0, 0.5, 1.5 ] },
										"south": { "texture": "#cat-mask", "uv": [ 0.0, 0.0, 0.5, 1.5 ] },
										"west": { "texture": "#cat-mask", "uv": [ 5.0, 3.0, 5.5, 4.5 ] },
										"up": { "texture": "#cat-mask", "uv": [ 0.0, 0.0, 0.5, 0.5 ] },
										"down": { "texture": "#cat-mask", "uv": [ 0.0, 0.0, 0.5, 0.5 ] }
									}
								}
							]
						},
						{
							"name": "Cube19",
							"from": [ 0.0, 0.0, -0.5 ],
							"to": [ 0.5, 1.5, 0.0 ],
							"faces": {
								"north": { "texture": "#cat-mask", "uv": [ 12.5, 12.0, 13.0, 13.5 ] },
								"east": { "texture": "#cat-mask", "uv": [ 12.0, 12.5, 12.5, 14.0 ] },
								"south": { "texture": "#cat-mask", "uv": [ 12.0, 12.0, 12.5, 13.5 ] },
								"west": { "texture": "#cat-mask", "uv": [ 15.0, 13.0, 15.5, 14.5 ] },
								"up": { "texture": "#cat-mask", "uv": [ 14.0, 12.5, 14.5, 13.0 ] },
								"down": { "texture": "#cat-mask", "uv": [ 13.5, 12.0, 14.0, 12.5 ] }
							}
						}
					]
				},
				{
					"name": "R side",
					"from": [ -0.8, 0.0, 0.2 ],
					"to": [ -0.3, 2.5, 2.7 ],
					"rotationOrigin": [ -0.8, 0.0, 0.2 ],
					"rotationY": 20.0,
					"faces": {
						"north": { "texture": "#cat-mask", "uv": [ 0.0, 0.0, 0.5, 2.5 ] },
						"east": { "texture": "#cat-mask", "uv": [ 7.0, 2.0, 9.5, 4.5 ] },
						"south": { "texture": "#cat-mask", "uv": [ 11.5, 0.5, 12.0, 3.0 ] },
						"west": { "texture": "#cat-mask", "uv": [ 7.5, 2.0, 10.0, 4.5 ] },
						"up": { "texture": "#cat-mask", "uv": [ 0.0, 0.0, 0.5, 2.5 ] },
						"down": { "texture": "#cat-mask", "uv": [ 0.0, 0.0, 0.5, 2.5 ] }
					},
					"children": [
						{
							"name": "R string",
							"from": [ 0.1, 1.0, 2.5 ],
							"to": [ 5.9, 1.5, 3.0 ],
							"rotationOrigin": [ 0.1, 1.5, 2.9 ],
							"rotationY": -18.0,
							"rotationZ": 30.0,
							"faces": {
								"north": { "texture": "#cat-mask", "uv": [ 0.0, 0.0, 5.5, 0.5 ] },
								"east": { "texture": "#cat-mask", "uv": [ 0.0, 0.0, 0.5, 0.5 ] },
								"south": { "texture": "#cat-mask", "uv": [ 0.0, 0.0, 5.5, 0.5 ] },
								"west": { "texture": "#cat-mask", "uv": [ 0.0, 0.0, 0.5, 0.5 ] },
								"up": { "texture": "#cat-mask", "uv": [ 0.0, 0.0, 5.5, 0.5 ] },
								"down": { "texture": "#cat-mask", "uv": [ 0.0, 0.0, 5.5, 0.5 ] }
							}
						},
						{
							"name": "R Ear base16",
							"from": [ 0.1, 1.8, 0.5 ],
							"to": [ 0.6, 3.8, 1.5 ],
							"rotationOrigin": [ 0.1, 1.8, 1.5 ],
							"rotationX": 20.0,
							"faces": {
								"north": { "texture": "#cat-mask", "uv": [ 14.5, 13.0, 15.0, 15.0 ] },
								"east": { "texture": "#cat-mask", "uv": [ 0.0, 0.0, 1.0, 2.0 ] },
								"south": { "texture": "#cat-mask", "uv": [ 0.0, 0.0, 0.5, 2.0 ] },
								"west": { "texture": "#cat-mask", "uv": [ 9.0, 3.0, 10.0, 5.0 ] },
								"up": { "texture": "#cat-mask", "uv": [ 0.0, 0.0, 0.5, 1.0 ] },
								"down": { "texture": "#cat-mask", "uv": [ 0.0, 0.0, 0.5, 1.0 ] }
							},
							"children": [
								{
									"name": "R Ear base17",
									"from": [ 0.01, 0.0, -0.5 ],
									"to": [ 0.51, 1.5, 0.0 ],
									"rotationOrigin": [ 0.0, 0.0, 0.0 ],
									"rotationX": 6.0,
									"faces": {
										"north": { "texture": "#cat-mask", "uv": [ 0.0, 0.0, 0.5, 1.5 ] },
										"east": { "texture": "#cat-mask", "uv": [ 0.0, 0.0, 0.5, 1.5 ] },
										"south": { "texture": "#cat-mask", "uv": [ 0.0, 0.0, 0.5, 1.5 ] },
										"west": { "texture": "#cat-mask", "uv": [ 0.0, 0.0, 0.5, 1.5 ] },
										"up": { "texture": "#cat-mask", "uv": [ 0.0, 0.0, 0.5, 0.5 ] },
										"down": { "texture": "#cat-mask", "uv": [ 0.0, 0.0, 0.5, 0.5 ] }
									}
								},
								{
									"name": "R Ear base18",
									"from": [ 0.01, 0.0, 1.0 ],
									"to": [ 0.51, 1.5, 1.5 ],
									"rotationOrigin": [ 0.0, 0.0, 1.0 ],
									"rotationX": -7.0,
									"rotationY": 1.0,
									"faces": {
										"north": { "texture": "#cat-mask", "uv": [ 0.0, 0.0, 0.5, 1.5 ] },
										"east": { "texture": "#cat-mask", "uv": [ 0.0, 0.0, 0.5, 1.5 ] },
										"south": { "texture": "#cat-mask", "uv": [ 0.0, 0.0, 0.5, 1.5 ] },
										"west": { "texture": "#cat-mask", "uv": [ 9.5, 3.0, 10.0, 4.5 ] },
										"up": { "texture": "#cat-mask", "uv": [ 0.0, 0.0, 0.5, 0.5 ] },
										"down": { "texture": "#cat-mask", "uv": [ 0.0, 0.0, 0.5, 0.5 ] }
									}
								}
							]
						},
						{
							"name": "Cube20",
							"from": [ 0.0, 0.0, 2.5 ],
							"to": [ 0.5, 1.5, 3.0 ],
							"rotationOrigin": [ 0.0, 0.0, 2.5 ],
							"faces": {
								"north": { "texture": "#cat-mask", "uv": [ 12.5, 12.0, 13.0, 13.5 ] },
								"east": { "texture": "#cat-mask", "uv": [ 12.5, 11.5, 13.0, 13.0 ] },
								"south": { "texture": "#cat-mask", "uv": [ 13.0, 13.0, 13.5, 14.5 ] },
								"west": { "texture": "#cat-mask", "uv": [ 10.0, 3.5, 10.5, 5.0 ] },
								"up": { "texture": "#cat-mask", "uv": [ 14.0, 13.5, 14.5, 14.0 ] },
								"down": { "texture": "#cat-mask", "uv": [ 12.5, 12.0, 13.0, 12.5 ] }
							}
						}
					]
				},
				{
					"name": "L bottom tile",
					"from": [ -0.7, -0.3, -1.9 ],
					"to": [ -0.2, 0.2, 0.1 ],
					"rotationOrigin": [ -0.7, -0.3, 0.1 ],
					"rotationX": -6.0,
					"rotationY": -20.0,
					"faces": {
						"north": { "texture": "#cat-mask", "uv": [ 0.0, 0.0, 0.5, 0.5 ] },
						"east": { "texture": "#cat-mask", "uv": [ 0.0, 0.0, 2.0, 0.5 ] },
						"south": { "texture": "#cat-mask", "uv": [ 7.0, 4.5, 7.5, 5.0 ] },
						"west": { "texture": "#cat-mask", "uv": [ 5.5, 4.5, 7.5, 5.0 ] },
						"up": { "texture": "#cat-mask", "uv": [ 0.0, 0.0, 0.5, 2.0 ] },
						"down": { "texture": "#cat-mask", "uv": [ 0.0, 0.0, 0.5, 2.0 ] }
					},
					"children": [
						{
							"name": "L bottom tile14",
							"from": [ 0.2, -0.4, 0.5 ],
							"to": [ 0.7, 0.1, 2.0 ],
							"rotationOrigin": [ 0.2, -0.4, 2.0 ],
							"rotationX": -18.0,
							"faces": {
								"north": { "texture": "#cat-mask", "uv": [ 0.0, 0.0, 0.5, 0.5 ] },
								"east": { "texture": "#cat-mask", "uv": [ 0.0, 0.0, 1.5, 0.5 ] },
								"south": { "texture": "#cat-mask", "uv": [ 0.0, 0.0, 0.5, 0.5 ] },
								"west": { "texture": "#cat-mask", "uv": [ 6.0, 5.0, 7.5, 5.5 ] },
								"up": { "texture": "#cat-mask", "uv": [ 0.0, 0.0, 0.5, 1.5 ] },
								"down": { "texture": "#cat-mask", "uv": [ 0.0, 0.0, 0.5, 1.5 ] }
							}
						}
					]
				},
				{
					"name": "R bottom tile",
					"from": [ -0.7, -0.3, 0.3 ],
					"to": [ -0.2, 0.2, 2.3 ],
					"rotationOrigin": [ -0.7, -0.3, 0.3 ],
					"rotationX": 6.0,
					"rotationY": 20.0,
					"faces": {
						"north": { "texture": "#cat-mask", "uv": [ 7.5, 4.5, 8.0, 5.0 ] },
						"east": { "texture": "#cat-mask", "uv": [ 0.0, 0.0, 2.0, 0.5 ] },
						"south": { "texture": "#cat-mask", "uv": [ 0.0, 0.0, 0.5, 0.5 ] },
						"west": { "texture": "#cat-mask", "uv": [ 7.5, 4.5, 9.5, 5.0 ] },
						"up": { "texture": "#cat-mask", "uv": [ 0.0, 0.0, 0.5, 2.0 ] },
						"down": { "texture": "#cat-mask", "uv": [ 0.0, 0.0, 0.5, 2.0 ] }
					},
					"children": [
						{
							"name": "R bottom tile15",
							"from": [ 0.2, -0.4, 0.0 ],
							"to": [ 0.7, 0.1, 1.5 ],
							"rotationOrigin": [ 0.2, -0.4, 0.0 ],
							"rotationX": 5.0,
							"faces": {
								"north": { "texture": "#cat-mask", "uv": [ 0.0, 0.0, 0.5, 0.5 ] },
								"east": { "texture": "#cat-mask", "uv": [ 0.0, 0.0, 1.5, 0.5 ] },
								"south": { "texture": "#cat-mask", "uv": [ 0.0, 0.0, 0.5, 0.5 ] },
								"west": { "texture": "#cat-mask", "uv": [ 7.5, 5.0, 9.0, 5.5 ] },
								"up": { "texture": "#cat-mask", "uv": [ 0.0, 0.0, 0.5, 1.5 ] },
								"down": { "texture": "#cat-mask", "uv": [ 0.0, 0.0, 0.5, 1.5 ] }
							}
						}
					]
				},
				{
					"name": "nose",
					"from": [ -0.8, -0.7, -0.1 ],
					"to": [ -0.3, -0.1, 0.5 ],
					"rotationOrigin": [ -0.8, -0.7, 0.4 ],
					"faces": {
						"north": { "texture": "#cat-mask", "uv": [ 7.0, 4.5, 7.5, 5.0 ] },
						"east": { "texture": "#cat-mask", "uv": [ 7.0, 4.5, 7.5, 5.0 ] },
						"south": { "texture": "#cat-mask", "uv": [ 7.0, 4.5, 7.5, 5.0 ] },
						"west": { "texture": "#cat-mask", "uv": [ 7.0, 4.5, 7.5, 5.0 ] },
						"up": { "texture": "#cat-mask", "uv": [ 7.0, 4.5, 7.5, 5.0 ], "rotation": 90 },
						"down": { "texture": "#cat-mask", "uv": [ 7.0, 4.5, 7.5, 5.0 ], "rotation": 90 }
					},
					"children": [
						{
							"name": "whisker 1",
							"from": [ 0.1, 0.3, 0.4 ],
							"to": [ 0.2, 0.5, 1.4 ],
							"rotationOrigin": [ 0.1, 0.3, 0.4 ],
							"rotationX": 21.0,
							"faces": {
								"north": { "texture": "#cat-mask", "uv": [ 0.5, 15.5, 1.0, 16.0 ] },
								"east": { "texture": "#cat-mask", "uv": [ 0.5, 15.0, 1.5, 15.5 ] },
								"south": { "texture": "#cat-mask", "uv": [ 2.0, 15.0, 2.5, 15.5 ] },
								"west": { "texture": "#cat-mask", "uv": [ 1.5, 15.5, 2.5, 16.0 ] },
								"up": { "texture": "#cat-mask", "uv": [ 1.0, 15.5, 2.0, 16.0 ], "rotation": 90 },
								"down": { "texture": "#cat-mask", "uv": [ 2.5, 15.0, 3.5, 15.5 ], "rotation": 90 }
							},
							"children": [
								{
									"name": "whisker 23",
									"from": [ 0.0, 0.0, 0.9 ],
									"to": [ 0.1, 0.2, 1.9 ],
									"rotationOrigin": [ 0.0, 0.0, 0.9 ],
									"rotationX": 37.0,
									"faces": {
										"north": { "texture": "#cat-mask", "uv": [ 0.5, 15.5, 1.0, 16.0 ] },
										"east": { "texture": "#cat-mask", "uv": [ 0.5, 15.0, 1.5, 15.5 ] },
										"south": { "texture": "#cat-mask", "uv": [ 2.0, 15.0, 2.5, 15.5 ] },
										"west": { "texture": "#cat-mask", "uv": [ 1.5, 15.5, 2.5, 16.0 ] },
										"up": { "texture": "#cat-mask", "uv": [ 1.0, 15.5, 2.0, 16.0 ], "rotation": 90 },
										"down": { "texture": "#cat-mask", "uv": [ 2.5, 15.0, 3.5, 15.5 ], "rotation": 90 }
									},
									"children": [
										{
											"name": "whisker 24",
											"from": [ 0.0, 0.0, 1.0 ],
											"to": [ 0.1, 0.2, 2.0 ],
											"rotationOrigin": [ 0.0, 0.0, 1.0 ],
											"rotationX": -24.0,
											"faces": {
												"north": { "texture": "#cat-mask", "uv": [ 0.5, 15.5, 1.0, 16.0 ] },
												"east": { "texture": "#cat-mask", "uv": [ 0.5, 15.0, 1.5, 15.5 ] },
												"south": { "texture": "#cat-mask", "uv": [ 2.0, 15.0, 2.5, 15.5 ] },
												"west": { "texture": "#cat-mask", "uv": [ 1.5, 15.5, 2.5, 16.0 ] },
												"up": { "texture": "#cat-mask", "uv": [ 1.0, 15.5, 2.0, 16.0 ], "rotation": 90 },
												"down": { "texture": "#cat-mask", "uv": [ 2.5, 15.0, 3.5, 15.5 ], "rotation": 90 }
											}
										}
									]
								}
							]
						},
						{
							"name": "whisker 2",
							"from": [ 0.1, 0.1, 0.4 ],
							"to": [ 0.2, 0.3, 1.4 ],
							"rotationOrigin": [ 0.1, 0.1, 0.4 ],
							"rotationX": -42.0,
							"rotationZ": -8.0,
							"faces": {
								"north": { "texture": "#cat-mask", "uv": [ 0.5, 15.5, 1.0, 16.0 ] },
								"east": { "texture": "#cat-mask", "uv": [ 0.5, 15.0, 1.5, 15.5 ] },
								"south": { "texture": "#cat-mask", "uv": [ 2.0, 15.0, 2.5, 15.5 ] },
								"west": { "texture": "#cat-mask", "uv": [ 1.5, 15.5, 2.5, 16.0 ] },
								"up": { "texture": "#cat-mask", "uv": [ 1.0, 15.5, 2.0, 16.0 ], "rotation": 90 },
								"down": { "texture": "#cat-mask", "uv": [ 2.5, 15.0, 3.5, 15.5 ], "rotation": 90 }
							},
							"children": [
								{
									"name": "whisker 26",
									"from": [ 0.0, 0.1, 0.9 ],
									"to": [ 0.1, 0.3, 1.9 ],
									"rotationOrigin": [ 0.0, 0.1, 0.9 ],
									"rotationX": 83.0,
									"faces": {
										"north": { "texture": "#cat-mask", "uv": [ 0.5, 15.5, 1.0, 16.0 ] },
										"east": { "texture": "#cat-mask", "uv": [ 0.5, 15.0, 1.5, 15.5 ] },
										"south": { "texture": "#cat-mask", "uv": [ 2.0, 15.0, 2.5, 15.5 ] },
										"west": { "texture": "#cat-mask", "uv": [ 1.5, 15.5, 2.5, 16.0 ] },
										"up": { "texture": "#cat-mask", "uv": [ 1.0, 15.5, 2.0, 16.0 ], "rotation": 90 },
										"down": { "texture": "#cat-mask", "uv": [ 2.5, 15.0, 3.5, 15.5 ], "rotation": 90 }
									},
									"children": [
										{
											"name": "whisker 27",
											"from": [ 0.0, 0.0, 0.9 ],
											"to": [ 0.1, 0.2, 1.9 ],
											"rotationOrigin": [ 0.0, 0.0, 0.9 ],
											"rotationX": 30.0,
											"faces": {
												"north": { "texture": "#cat-mask", "uv": [ 0.5, 15.5, 1.0, 16.0 ] },
												"east": { "texture": "#cat-mask", "uv": [ 0.5, 15.0, 1.5, 15.5 ] },
												"south": { "texture": "#cat-mask", "uv": [ 2.0, 15.0, 2.5, 15.5 ] },
												"west": { "texture": "#cat-mask", "uv": [ 1.5, 15.5, 2.5, 16.0 ] },
												"up": { "texture": "#cat-mask", "uv": [ 1.0, 15.5, 2.0, 16.0 ], "rotation": 90 },
												"down": { "texture": "#cat-mask", "uv": [ 2.5, 15.0, 3.5, 15.5 ], "rotation": 90 }
											}
										}
									]
								}
							]
						},
						{
							"name": "whisker 3",
							"from": [ 0.1, 0.1, 0.5 ],
							"to": [ 0.2, 0.3, 1.5 ],
							"rotationOrigin": [ 0.1, 0.1, 0.5 ],
							"rotationX": 75.0,
							"faces": {
								"north": { "texture": "#cat-mask", "uv": [ 0.5, 15.5, 1.0, 16.0 ] },
								"east": { "texture": "#cat-mask", "uv": [ 0.5, 15.0, 1.5, 15.5 ] },
								"south": { "texture": "#cat-mask", "uv": [ 2.0, 15.0, 2.5, 15.5 ] },
								"west": { "texture": "#cat-mask", "uv": [ 1.5, 15.5, 2.5, 16.0 ] },
								"up": { "texture": "#cat-mask", "uv": [ 1.0, 15.5, 2.0, 16.0 ], "rotation": 90 },
								"down": { "texture": "#cat-mask", "uv": [ 2.5, 15.0, 3.5, 15.5 ], "rotation": 90 }
							},
							"children": [
								{
									"name": "whisker 29",
									"from": [ 0.0, 0.0, 0.9 ],
									"to": [ 0.1, 0.2, 1.9 ],
									"rotationOrigin": [ 0.0, 0.0, 0.9 ],
									"rotationX": 25.0,
									"faces": {
										"north": { "texture": "#cat-mask", "uv": [ 0.5, 15.5, 1.0, 16.0 ] },
										"east": { "texture": "#cat-mask", "uv": [ 0.5, 15.0, 1.5, 15.5 ] },
										"south": { "texture": "#cat-mask", "uv": [ 2.0, 15.0, 2.5, 15.5 ] },
										"west": { "texture": "#cat-mask", "uv": [ 1.5, 15.5, 2.5, 16.0 ] },
										"up": { "texture": "#cat-mask", "uv": [ 1.0, 15.5, 2.0, 16.0 ], "rotation": 90 },
										"down": { "texture": "#cat-mask", "uv": [ 2.5, 15.0, 3.5, 15.5 ], "rotation": 90 }
									}
								}
							]
						},
						{
							"name": "whisker 4",
							"from": [ 0.1, 0.1, -0.8 ],
							"to": [ 0.2, 0.3, 0.2 ],
							"rotationOrigin": [ 0.1, 0.1, 0.2 ],
							"rotationX": -72.0,
							"faces": {
								"north": { "texture": "#cat-mask", "uv": [ 0.5, 15.5, 1.0, 16.0 ] },
								"east": { "texture": "#cat-mask", "uv": [ 0.5, 15.0, 1.5, 15.5 ] },
								"south": { "texture": "#cat-mask", "uv": [ 2.0, 15.0, 2.5, 15.5 ] },
								"west": { "texture": "#cat-mask", "uv": [ 1.5, 15.5, 2.5, 16.0 ] },
								"up": { "texture": "#cat-mask", "uv": [ 1.0, 15.5, 2.0, 16.0 ], "rotation": 90 },
								"down": { "texture": "#cat-mask", "uv": [ 2.5, 15.0, 3.5, 15.5 ], "rotation": 90 }
							},
							"children": [
								{
									"name": "whisker 32",
									"from": [ 0.0, 0.0, -0.8 ],
									"to": [ 0.1, 0.2, 0.2 ],
									"rotationOrigin": [ 0.0, 0.0, 0.2 ],
									"rotationX": -39.0,
									"faces": {
										"north": { "texture": "#cat-mask", "uv": [ 0.5, 15.5, 1.0, 16.0 ] },
										"east": { "texture": "#cat-mask", "uv": [ 0.5, 15.0, 1.5, 15.5 ] },
										"south": { "texture": "#cat-mask", "uv": [ 2.0, 15.0, 2.5, 15.5 ] },
										"west": { "texture": "#cat-mask", "uv": [ 1.5, 15.5, 2.5, 16.0 ] },
										"up": { "texture": "#cat-mask", "uv": [ 1.0, 15.5, 2.0, 16.0 ], "rotation": 90 },
										"down": { "texture": "#cat-mask", "uv": [ 2.5, 15.0, 3.5, 15.5 ], "rotation": 90 }
									},
									"children": [
										{
											"name": "whisker 33",
											"from": [ 0.0, 0.0, -0.9 ],
											"to": [ 0.1, 0.2, 0.1 ],
											"rotationOrigin": [ 0.0, 0.0, 0.1 ],
											"rotationX": 11.0,
											"faces": {
												"north": { "texture": "#cat-mask", "uv": [ 0.5, 15.5, 1.0, 16.0 ] },
												"east": { "texture": "#cat-mask", "uv": [ 0.5, 15.0, 1.5, 15.5 ] },
												"south": { "texture": "#cat-mask", "uv": [ 2.0, 15.0, 2.5, 15.5 ] },
												"west": { "texture": "#cat-mask", "uv": [ 1.5, 15.5, 2.5, 16.0 ] },
												"up": { "texture": "#cat-mask", "uv": [ 1.0, 15.5, 2.0, 16.0 ], "rotation": 90 },
												"down": { "texture": "#cat-mask", "uv": [ 2.5, 15.0, 3.5, 15.5 ], "rotation": 90 }
											}
										}
									]
								}
							]
						},
						{
							"name": "whisker 5",
							"from": [ 0.2, 0.5, -0.7 ],
							"to": [ 0.3, 0.7, 0.3 ],
							"rotationOrigin": [ 0.2, 0.5, 0.3 ],
							"rotationX": -89.0,
							"faces": {
								"north": { "texture": "#cat-mask", "uv": [ 0.5, 15.5, 1.0, 16.0 ] },
								"east": { "texture": "#cat-mask", "uv": [ 0.5, 15.0, 1.5, 15.5 ] },
								"south": { "texture": "#cat-mask", "uv": [ 2.0, 15.0, 2.5, 15.5 ] },
								"west": { "texture": "#cat-mask", "uv": [ 1.5, 15.5, 2.5, 16.0 ] },
								"up": { "texture": "#cat-mask", "uv": [ 1.0, 15.5, 2.0, 16.0 ], "rotation": 90 },
								"down": { "texture": "#cat-mask", "uv": [ 2.5, 15.0, 3.5, 15.5 ], "rotation": 90 }
							},
							"children": [
								{
									"name": "whisker 34",
									"from": [ 0.0, 0.0, -0.9 ],
									"to": [ 0.1, 0.2, 0.1 ],
									"rotationOrigin": [ 0.0, 0.0, 0.1 ],
									"rotationX": 11.0,
									"rotationY": -19.0,
									"faces": {
										"north": { "texture": "#cat-mask", "uv": [ 0.5, 15.5, 1.0, 16.0 ] },
										"east": { "texture": "#cat-mask", "uv": [ 0.5, 15.0, 1.5, 15.5 ] },
										"south": { "texture": "#cat-mask", "uv": [ 2.0, 15.0, 2.5, 15.5 ] },
										"west": { "texture": "#cat-mask", "uv": [ 1.5, 15.5, 2.5, 16.0 ] },
										"up": { "texture": "#cat-mask", "uv": [ 1.0, 15.5, 2.0, 16.0 ], "rotation": 90 },
										"down": { "texture": "#cat-mask", "uv": [ 2.5, 15.0, 3.5, 15.5 ], "rotation": 90 }
									},
									"children": [
										{
											"name": "whisker 35",
											"from": [ 0.0, 0.0, -0.4 ],
											"to": [ 0.1, 0.2, 0.1 ],
											"rotationOrigin": [ 0.0, 0.0, 0.1 ],
											"rotationY": 17.0,
											"faces": {
												"north": { "texture": "#cat-mask", "uv": [ 0.5, 15.5, 1.0, 16.0 ] },
												"east": { "texture": "#cat-mask", "uv": [ 0.5, 15.0, 1.0, 15.5 ] },
												"south": { "texture": "#cat-mask", "uv": [ 2.0, 15.0, 2.5, 15.5 ] },
												"west": { "texture": "#cat-mask", "uv": [ 1.5, 15.5, 2.0, 16.0 ] },
												"up": { "texture": "#cat-mask", "uv": [ 1.0, 15.5, 1.5, 16.0 ], "rotation": 90 },
												"down": { "texture": "#cat-mask", "uv": [ 2.5, 15.0, 3.0, 15.5 ], "rotation": 90 }
											}
										}
									]
								}
							]
						}
					]
				}
			]
		}
	],
	"animations": [
	]
}