{
	"editor": {
		"backDropShape": "C:/Users/Cal/Desktop/Kobold Player Redux/seraph-faceless",
		"collapsedPaths": "Root/bandN/toothR1,Root/bandN/toothL1",
		"allAngles": true,
		"entityTextureMode": true
	},
	"textureWidth": 24,
	"textureHeight": 8,
	"textureSizes": {
	},
	"textures": {
		"mask": "entity/humanoid/seraphclothes/face/forlorn-veil"
	},
	"elements": [
		{
			"name": "origin",
			"stepParentName": "Head",
			"from": [ -0.4, 1.6, 2.3 ],
			"to": [ -0.4, 1.6, 2.3 ],
			"uv": [ 999.0, 999.0 ],
			"rotationOrigin": [ -0.4, 1.6, 2.3 ],
			"rotationZ": 3.0,
			"faces": {
			},
			"children": [
				{
					"name": "Mask",
					"from": [ -2.3, -5.0, -2.35 ],
					"to": [ 6.0, 0.5, 2.75 ],
					"renderPass": 1,
					"unwrapMode": 4,
					"autoUnwrap": false,
					"uv": [ 1.0, 1.5 ],
					"rotationOrigin": [ -1.3, -5.0, -2.4 ],
					"faces": {
						"north": { "texture": "#mask", "uv": [ 1.5, 1.5, 9.5, 7.0 ] },
						"east": { "texture": "#mask", "uv": [ 17.5, 1.5, 22.5, 7.0 ] },
						"south": { "texture": "#mask", "uv": [ 12.0, 1.5, 20.0, 7.0 ] },
						"west": { "texture": "#mask", "uv": [ 7.0, 1.5, 12.0, 7.0 ] }
					}
				}
			]
		}
	]}