{
	"editor": {
		"backDropShape": "C:/Users/Cal/Desktop/Kobold Player Redux/seraph-faceless",
		"allAngles": true,
		"entityTextureMode": false
	},
	"textureWidth": 16,
	"textureHeight": 16,
	"textureSizes": {
	},
	"textures": {
		"mask-maketeer": "entity/humanoid/seraphclothes/face/marketeer"
	},
	"elements": [
		{
			"name": "origin",
			"stepParentName": "Head",
			"from": [ -2.2, 2.3, 2.3 ],
			"to": [ -2.2, 2.3, 2.3 ],
			"rotationOrigin": [ -2.2, 2.3, 2.3 ],
			"rotationZ": -33.0,
			"faces": {
			},
			"children": [
				{
					"name": "L side",
					"from": [ -0.8, 0.0, -2.3 ],
					"to": [ -0.3, 3.0, 0.2 ],
					"rotationOrigin": [ -0.8, 0.0, 0.2 ],
					"rotationY": -20.0,
					"faces": {
						"north": { "texture": "#mask-maketeer", "uv": [ 0.0, 0.0, 0.5, 3.0 ] },
						"east": { "texture": "#mask-maketeer", "uv": [ 5.0, 1.5, 7.5, 4.5 ] },
						"south": { "texture": "#mask-maketeer", "uv": [ 0.0, 0.0, 0.5, 3.0 ] },
						"west": { "texture": "#mask-maketeer", "uv": [ 5.0, 1.5, 7.5, 4.5 ] },
						"up": { "texture": "#mask-maketeer", "uv": [ 0.0, 0.0, 0.5, 2.5 ] },
						"down": { "texture": "#mask-maketeer", "uv": [ 0.0, 0.0, 0.5, 2.5 ] }
					},
					"children": [
						{
							"name": "L string",
							"from": [ 0.0, 1.0, -0.5 ],
							"to": [ 5.9, 1.5, 0.0 ],
							"rotationOrigin": [ 0.0, 1.5, -0.5 ],
							"rotationY": 18.0,
							"rotationZ": 42.0,
							"faces": {
								"north": { "texture": "#mask-maketeer", "uv": [ 0.0, 0.0, 5.5, 0.5 ] },
								"east": { "texture": "#mask-maketeer", "uv": [ 0.0, 0.0, 0.5, 0.5 ] },
								"south": { "texture": "#mask-maketeer", "uv": [ 0.0, 0.0, 5.5, 0.5 ] },
								"west": { "texture": "#mask-maketeer", "uv": [ 0.0, 0.0, 0.5, 0.5 ] },
								"up": { "texture": "#mask-maketeer", "uv": [ 0.0, 0.0, 5.5, 0.5 ] },
								"down": { "texture": "#mask-maketeer", "uv": [ 0.0, 0.0, 5.5, 0.5 ] }
							}
						},
						{
							"name": "L Ear base",
							"from": [ 0.1, 2.7, 0.8 ],
							"to": [ 0.6, 5.2, 1.8 ],
							"rotationOrigin": [ 0.1, 2.7, 0.8 ],
							"rotationX": -17.0,
							"rotationZ": -3.0,
							"faces": {
								"north": { "texture": "#mask-maketeer", "uv": [ 11.0, 7.5, 11.5, 10.0 ] },
								"east": { "texture": "#mask-maketeer", "uv": [ 2.0, 11.5, 3.0, 14.0 ] },
								"south": { "texture": "#mask-maketeer", "uv": [ 3.5, 4.0, 4.0, 6.5 ] },
								"west": { "texture": "#mask-maketeer", "uv": [ 14.0, 9.5, 15.0, 12.0 ], "rotation": 180, "autoUv": false },
								"up": { "texture": "#mask-maketeer", "uv": [ 4.5, 12.5, 5.0, 13.5 ] },
								"down": { "texture": "#mask-maketeer", "uv": [ 7.0, 6.5, 7.5, 7.5 ] }
							},
							"children": [
								{
									"name": "L Ear base12",
									"from": [ 0.0, 0.0, -0.5 ],
									"to": [ 0.5, 2.0, 0.0 ],
									"rotationOrigin": [ 0.0, 0.0, 0.0 ],
									"rotationX": 7.0,
									"rotationY": -1.0,
									"faces": {
										"north": { "texture": "#mask-maketeer", "uv": [ 0.0, 0.0, 0.5, 2.0 ] },
										"east": { "texture": "#mask-maketeer", "uv": [ 0.0, 0.0, 0.5, 2.0 ] },
										"south": { "texture": "#mask-maketeer", "uv": [ 0.0, 0.0, 0.5, 2.0 ] },
										"west": { "texture": "#mask-maketeer", "uv": [ 5.0, 3.0, 5.5, 5.0 ] },
										"up": { "texture": "#mask-maketeer", "uv": [ 0.0, 0.0, 0.5, 0.5 ] },
										"down": { "texture": "#mask-maketeer", "uv": [ 0.0, 0.0, 0.5, 0.5 ] }
									},
									"children": [
										{
											"name": "Cube41",
											"from": [ 0.0, 1.8, 0.0 ],
											"to": [ 0.3, 4.3, 0.5 ],
											"rotationOrigin": [ 0.0, 1.8, 0.0 ],
											"rotationX": -25.0,
											"rotationZ": -21.0,
											"faces": {
												"north": { "texture": "#mask-maketeer", "uv": [ 0.0, 0.0, 0.5, 2.5 ] },
												"east": { "texture": "#mask-maketeer", "uv": [ 0.0, 0.0, 0.5, 2.5 ] },
												"south": { "texture": "#mask-maketeer", "uv": [ 0.0, 0.0, 0.5, 2.5 ] },
												"west": { "texture": "#mask-maketeer", "uv": [ 0.5, 3.0, 1.0, 5.5 ] },
												"up": { "texture": "#mask-maketeer", "uv": [ 0.0, 0.0, 0.5, 0.5 ] },
												"down": { "texture": "#mask-maketeer", "uv": [ 0.0, 0.0, 0.5, 0.5 ] }
											}
										}
									]
								},
								{
									"name": "L Ear base36",
									"from": [ 0.0, -0.5, 1.0 ],
									"to": [ 0.5, 2.5, 1.5 ],
									"rotationOrigin": [ 0.0, -0.5, 1.0 ],
									"rotationX": -4.0,
									"rotationY": 1.0,
									"rotationZ": 0.1,
									"faces": {
										"north": { "texture": "#mask-maketeer", "uv": [ 0.0, 0.0, 0.5, 3.0 ] },
										"east": { "texture": "#mask-maketeer", "uv": [ 0.0, 0.0, 0.5, 3.0 ] },
										"south": { "texture": "#mask-maketeer", "uv": [ 0.0, 0.0, 0.5, 3.0 ] },
										"west": { "texture": "#mask-maketeer", "uv": [ 4.0, 3.0, 4.5, 6.0 ] },
										"up": { "texture": "#mask-maketeer", "uv": [ 0.0, 0.0, 0.5, 0.5 ] },
										"down": { "texture": "#mask-maketeer", "uv": [ 0.0, 0.0, 0.5, 0.5 ] }
									},
									"children": [
										{
											"name": "Cube1",
											"from": [ 0.0, 3.0, 0.0 ],
											"to": [ 0.3, 5.0, 0.5 ],
											"rotationOrigin": [ 0.0, 3.0, 0.0 ],
											"rotationX": 24.0,
											"rotationZ": -29.0,
											"faces": {
												"north": { "texture": "#mask-maketeer", "uv": [ 0.0, 0.0, 0.5, 2.0 ] },
												"east": { "texture": "#mask-maketeer", "uv": [ 0.0, 0.0, 0.5, 2.0 ] },
												"south": { "texture": "#mask-maketeer", "uv": [ 0.0, 0.0, 0.5, 2.0 ] },
												"west": { "texture": "#mask-maketeer", "uv": [ 2.0, 2.5, 2.5, 4.5 ] },
												"up": { "texture": "#mask-maketeer", "uv": [ 0.0, 0.0, 0.5, 0.5 ] },
												"down": { "texture": "#mask-maketeer", "uv": [ 0.0, 0.0, 0.5, 0.5 ] }
											}
										}
									]
								},
								{
									"name": "tip",
									"from": [ 0.0, 2.4, 0.0 ],
									"to": [ 0.3, 5.4, 1.0 ],
									"rotationOrigin": [ 0.0, 2.4, 0.0 ],
									"rotationY": 0.1,
									"rotationZ": -42.0,
									"faces": {
										"north": { "texture": "#mask-maketeer", "uv": [ 3.5, 10.5, 4.0, 13.5 ] },
										"east": { "texture": "#mask-maketeer", "uv": [ 1.5, 10.0, 2.5, 13.0 ] },
										"south": { "texture": "#mask-maketeer", "uv": [ 1.0, 10.0, 1.5, 13.0 ] },
										"west": { "texture": "#mask-maketeer", "uv": [ 12.0, 12.5, 13.0, 15.5 ] },
										"up": { "texture": "#mask-maketeer", "uv": [ 3.0, 10.5, 3.5, 11.5 ] },
										"down": { "texture": "#mask-maketeer", "uv": [ 1.0, 11.0, 1.5, 12.0 ] }
									},
									"children": [
										{
											"name": "Cube42",
											"from": [ 0.0, 2.9, 0.0 ],
											"to": [ 0.2, 4.9, 0.5 ],
											"rotationOrigin": [ 0.0, 2.9, 0.0 ],
											"rotationX": -3.0,
											"rotationZ": -24.0,
											"faces": {
												"north": { "texture": "#mask-maketeer", "uv": [ 4.0, 13.5, 4.5, 15.5 ] },
												"east": { "texture": "#mask-maketeer", "uv": [ 2.5, 12.0, 3.0, 14.0 ] },
												"south": { "texture": "#mask-maketeer", "uv": [ 4.0, 11.0, 4.5, 13.0 ] },
												"west": { "texture": "#mask-maketeer", "uv": [ 4.0, 13.5, 4.5, 15.5 ] },
												"up": { "texture": "#mask-maketeer", "uv": [ 5.0, 13.0, 5.5, 13.5 ] },
												"down": { "texture": "#mask-maketeer", "uv": [ 3.0, 12.5, 3.5, 13.0 ] }
											}
										}
									]
								}
							]
						},
						{
							"name": "L cheek",
							"from": [ 0.0, 0.0, -0.5 ],
							"to": [ 0.5, 2.0, 0.0 ],
							"faces": {
								"north": { "texture": "#mask-maketeer", "uv": [ 12.5, 12.0, 13.0, 14.0 ] },
								"east": { "texture": "#mask-maketeer", "uv": [ 12.0, 12.5, 12.5, 14.5 ] },
								"south": { "texture": "#mask-maketeer", "uv": [ 12.0, 12.0, 12.5, 14.0 ] },
								"west": { "texture": "#mask-maketeer", "uv": [ 4.5, 3.0, 5.0, 5.0 ] },
								"up": { "texture": "#mask-maketeer", "uv": [ 14.0, 12.5, 14.5, 13.0 ] },
								"down": { "texture": "#mask-maketeer", "uv": [ 13.5, 12.0, 14.0, 12.5 ] }
							}
						},
						{
							"name": "tooth 1",
							"from": [ 0.2, -2.4, 2.0 ],
							"to": [ 0.4, -0.4, 2.5 ],
							"rotationOrigin": [ 0.2, -0.4, 2.0 ],
							"rotationX": 48.0,
							"faces": {
								"north": { "texture": "#mask-maketeer", "uv": [ 7.0, 4.0, 7.5, 6.0 ] },
								"east": { "texture": "#mask-maketeer", "uv": [ 7.5, 4.0, 8.0, 6.0 ] },
								"south": { "texture": "#mask-maketeer", "uv": [ 7.5, 4.0, 8.0, 6.0 ] },
								"west": { "texture": "#mask-maketeer", "uv": [ 7.0, 4.0, 7.5, 6.0 ] },
								"up": { "texture": "#mask-maketeer", "uv": [ 7.0, 5.0, 7.5, 5.5 ] },
								"down": { "texture": "#mask-maketeer", "uv": [ 7.5, 5.0, 8.0, 5.5 ] }
							}
						}
					]
				},
				{
					"name": "R side",
					"from": [ -0.8, 0.0, 0.2 ],
					"to": [ -0.3, 3.0, 2.7 ],
					"rotationOrigin": [ -0.8, 0.0, 0.2 ],
					"rotationX": -0.1,
					"rotationY": 20.0,
					"faces": {
						"north": { "texture": "#mask-maketeer", "uv": [ 0.0, 0.0, 0.5, 3.0 ] },
						"east": { "texture": "#mask-maketeer", "uv": [ 7.5, 1.5, 10.0, 4.5 ] },
						"south": { "texture": "#mask-maketeer", "uv": [ 11.5, 0.5, 12.0, 3.5 ] },
						"west": { "texture": "#mask-maketeer", "uv": [ 7.5, 1.5, 10.0, 4.5 ] },
						"up": { "texture": "#mask-maketeer", "uv": [ 0.0, 0.0, 0.5, 2.5 ] },
						"down": { "texture": "#mask-maketeer", "uv": [ 0.0, 0.0, 0.5, 2.5 ] }
					},
					"children": [
						{
							"name": "R string",
							"from": [ 0.1, 1.0, 2.5 ],
							"to": [ 5.9, 1.5, 3.0 ],
							"rotationOrigin": [ 0.1, 1.5, 2.9 ],
							"rotationY": -18.0,
							"rotationZ": 39.0,
							"faces": {
								"north": { "texture": "#mask-maketeer", "uv": [ 0.0, 0.0, 5.5, 0.5 ] },
								"east": { "texture": "#mask-maketeer", "uv": [ 0.0, 0.0, 0.5, 0.5 ] },
								"south": { "texture": "#mask-maketeer", "uv": [ 0.0, 0.0, 5.5, 0.5 ] },
								"west": { "texture": "#mask-maketeer", "uv": [ 0.0, 0.0, 0.5, 0.5 ] },
								"up": { "texture": "#mask-maketeer", "uv": [ 0.0, 0.0, 5.5, 0.5 ] },
								"down": { "texture": "#mask-maketeer", "uv": [ 0.0, 0.0, 5.5, 0.5 ] }
							}
						},
						{
							"name": "R Ear base16",
							"from": [ 0.0, 1.7, 1.5 ],
							"to": [ 0.5, 4.2, 2.5 ],
							"rotationOrigin": [ 0.0, 1.7, 2.5 ],
							"rotationX": 54.0,
							"rotationZ": -3.0,
							"faces": {
								"north": { "texture": "#mask-maketeer", "uv": [ 14.5, 13.0, 15.0, 15.5 ] },
								"east": { "texture": "#mask-maketeer", "uv": [ 0.0, 0.0, 1.0, 2.5 ] },
								"south": { "texture": "#mask-maketeer", "uv": [ 0.0, 0.0, 0.5, 2.5 ] },
								"west": { "texture": "#mask-maketeer", "uv": [ 12.5, 5.5, 13.5, 8.0 ] },
								"up": { "texture": "#mask-maketeer", "uv": [ 0.0, 0.0, 0.5, 1.0 ] },
								"down": { "texture": "#mask-maketeer", "uv": [ 0.0, 0.0, 0.5, 1.0 ] }
							},
							"children": [
								{
									"name": "R Ear base17",
									"from": [ 0.1, 0.1, -0.5 ],
									"to": [ 0.6, 2.1, 0.0 ],
									"rotationOrigin": [ 0.1, 0.1, 0.0 ],
									"rotationX": -21.0,
									"rotationZ": 4.1,
									"faces": {
										"north": { "texture": "#mask-maketeer", "uv": [ 5.0, 13.0, 5.5, 15.0 ] },
										"east": { "texture": "#mask-maketeer", "uv": [ 2.0, 13.5, 2.5, 15.5 ] },
										"south": { "texture": "#mask-maketeer", "uv": [ 8.0, 13.0, 8.5, 15.0 ] },
										"west": { "texture": "#mask-maketeer", "uv": [ 12.0, 13.5, 12.5, 15.5 ] },
										"up": { "texture": "#mask-maketeer", "uv": [ 6.5, 14.0, 7.0, 14.5 ] },
										"down": { "texture": "#mask-maketeer", "uv": [ 4.0, 14.5, 4.5, 15.0 ] }
									},
									"children": [
										{
											"name": "Cube44",
											"from": [ 0.0, 2.0, 0.0 ],
											"to": [ 0.2, 3.0, 0.5 ],
											"rotationOrigin": [ 0.0, 2.0, 0.0 ],
											"rotationZ": -25.0,
											"faces": {
												"north": { "texture": "#mask-maketeer", "uv": [ 6.0, 13.5, 6.5, 14.5 ] },
												"east": { "texture": "#mask-maketeer", "uv": [ 4.5, 13.0, 5.0, 14.0 ] },
												"south": { "texture": "#mask-maketeer", "uv": [ 5.0, 13.5, 5.5, 14.5 ] },
												"west": { "texture": "#mask-maketeer", "uv": [ 6.0, 12.5, 6.5, 13.5 ] },
												"up": { "texture": "#mask-maketeer", "uv": [ 0.0, 0.0, 0.5, 0.5 ] },
												"down": { "texture": "#mask-maketeer", "uv": [ 2.5, 12.5, 3.0, 13.0 ] }
											}
										}
									]
								},
								{
									"name": "R Ear base18",
									"from": [ 0.0, 0.0, 1.0 ],
									"to": [ 0.5, 2.0, 1.5 ],
									"rotationOrigin": [ 0.0, 0.0, 1.0 ],
									"rotationX": -7.0,
									"rotationY": 1.0,
									"faces": {
										"north": { "texture": "#mask-maketeer", "uv": [ 0.0, 0.0, 0.5, 2.0 ] },
										"east": { "texture": "#mask-maketeer", "uv": [ 0.0, 0.0, 0.5, 2.0 ] },
										"south": { "texture": "#mask-maketeer", "uv": [ 0.0, 0.0, 0.5, 2.0 ] },
										"west": { "texture": "#mask-maketeer", "uv": [ 9.5, 3.0, 10.0, 5.0 ] },
										"up": { "texture": "#mask-maketeer", "uv": [ 0.0, 0.0, 0.5, 0.5 ] },
										"down": { "texture": "#mask-maketeer", "uv": [ 0.0, 0.0, 0.5, 0.5 ] }
									},
									"children": [
										{
											"name": "Cube43",
											"from": [ 0.0, 2.0, 0.0 ],
											"to": [ 0.3, 5.0, 0.5 ],
											"rotationOrigin": [ 0.0, 2.0, 0.0 ],
											"rotationY": 0.1,
											"rotationZ": -33.0,
											"faces": {
												"north": { "texture": "#mask-maketeer", "uv": [ 0.0, 0.0, 0.5, 3.0 ] },
												"east": { "texture": "#mask-maketeer", "uv": [ 0.0, 0.0, 0.5, 3.0 ] },
												"south": { "texture": "#mask-maketeer", "uv": [ 0.0, 0.0, 0.5, 3.0 ] },
												"west": { "texture": "#mask-maketeer", "uv": [ 0.0, 1.0, 0.5, 4.0 ] },
												"up": { "texture": "#mask-maketeer", "uv": [ 0.0, 0.0, 0.5, 0.5 ] },
												"down": { "texture": "#mask-maketeer", "uv": [ 0.0, 0.0, 0.5, 0.5 ] }
											}
										}
									]
								}
							]
						},
						{
							"name": "R cheek",
							"from": [ 0.0, 0.0, 2.5 ],
							"to": [ 0.5, 1.5, 3.0 ],
							"rotationOrigin": [ 0.0, 0.0, 2.5 ],
							"faces": {
								"north": { "texture": "#mask-maketeer", "uv": [ 13.0, 6.5, 13.5, 8.0 ] },
								"east": { "texture": "#mask-maketeer", "uv": [ 13.0, 5.0, 13.5, 6.5 ] },
								"south": { "texture": "#mask-maketeer", "uv": [ 13.0, 8.0, 13.5, 9.5 ] },
								"west": { "texture": "#mask-maketeer", "uv": [ 10.0, 3.0, 10.5, 4.5 ] },
								"up": { "texture": "#mask-maketeer", "uv": [ 14.0, 7.0, 14.5, 7.5 ] },
								"down": { "texture": "#mask-maketeer", "uv": [ 13.0, 7.5, 13.5, 8.0 ] }
							},
							"children": [
								{
									"name": "R bottom tile38",
									"from": [ 0.0, 0.1, 0.5 ],
									"to": [ 0.2, 0.6, 2.0 ],
									"rotationOrigin": [ 0.0, 0.6, 0.5 ],
									"rotationX": 17.0,
									"rotationY": 27.0,
									"rotationZ": 3.0,
									"faces": {
										"north": { "texture": "#mask-maketeer", "uv": [ 11.0, 6.0, 11.5, 6.5 ] },
										"east": { "texture": "#mask-maketeer", "uv": [ 2.0, 3.0, 3.5, 3.5 ] },
										"south": { "texture": "#mask-maketeer", "uv": [ 3.0, 3.5, 3.5, 4.0 ] },
										"west": { "texture": "#mask-maketeer", "uv": [ 2.0, 5.0, 3.5, 5.5 ] },
										"up": { "texture": "#mask-maketeer", "uv": [ 2.0, 4.5, 2.5, 6.0 ] },
										"down": { "texture": "#mask-maketeer", "uv": [ 1.5, 2.5, 2.0, 4.0 ] }
									}
								}
							]
						}
					]
				},
				{
					"name": "L bottom tile",
					"from": [ -0.7, -0.3, -2.4 ],
					"to": [ -0.2, 0.2, 0.1 ],
					"rotationOrigin": [ -0.7, -0.3, 0.1 ],
					"rotationX": -6.0,
					"rotationY": -17.0,
					"rotationZ": -3.0,
					"faces": {
						"north": { "texture": "#mask-maketeer", "uv": [ 0.0, 0.0, 0.5, 0.5 ] },
						"east": { "texture": "#mask-maketeer", "uv": [ 0.0, 0.0, 2.5, 0.5 ] },
						"south": { "texture": "#mask-maketeer", "uv": [ 7.0, 4.5, 7.5, 5.0 ] },
						"west": { "texture": "#mask-maketeer", "uv": [ 5.0, 4.5, 7.5, 5.0 ] },
						"up": { "texture": "#mask-maketeer", "uv": [ 0.0, 0.0, 0.5, 2.5 ] },
						"down": { "texture": "#mask-maketeer", "uv": [ 5.0, 4.5, 7.5, 5.0 ], "rotation": 90 }
					},
					"children": [
						{
							"name": "L bottom tile14",
							"from": [ 0.1, -0.5, 0.4 ],
							"to": [ 0.6, 0.0, 2.4 ],
							"rotationOrigin": [ 0.1, -0.5, 2.4 ],
							"faces": {
								"north": { "texture": "#mask-maketeer", "uv": [ 0.0, 0.0, 0.5, 0.5 ] },
								"east": { "texture": "#mask-maketeer", "uv": [ 0.0, 0.0, 2.0, 0.5 ] },
								"south": { "texture": "#mask-maketeer", "uv": [ 7.0, 4.5, 7.5, 5.0 ] },
								"west": { "texture": "#mask-maketeer", "uv": [ 6.0, 5.0, 8.0, 5.5 ] },
								"up": { "texture": "#mask-maketeer", "uv": [ 0.0, 0.0, 0.5, 2.0 ] },
								"down": { "texture": "#mask-maketeer", "uv": [ 0.0, 0.0, 0.5, 2.0 ] }
							}
						},
						{
							"name": "L bottom tile37",
							"from": [ 0.1, -0.8, 0.9 ],
							"to": [ 0.6, -0.3, 2.4 ],
							"renderInEditor": false,
							"rotationOrigin": [ 0.1, -0.3, 2.4 ],
							"rotationX": -13.0,
							"rotationZ": 1.0,
							"faces": {
								"north": { "texture": "#mask-maketeer", "uv": [ 0.0, 0.0, 0.5, 0.5 ] },
								"east": { "texture": "#mask-maketeer", "uv": [ 0.0, 0.0, 1.5, 0.5 ] },
								"south": { "texture": "#mask-maketeer", "uv": [ 7.0, 4.5, 7.5, 5.0 ] },
								"west": { "texture": "#mask-maketeer", "uv": [ 6.0, 5.5, 7.5, 6.0 ] },
								"up": { "texture": "#mask-maketeer", "uv": [ 0.0, 0.0, 0.5, 1.5 ] },
								"down": { "texture": "#mask-maketeer", "uv": [ 0.0, 0.0, 0.5, 1.5 ] }
							}
						}
					]
				},
				{
					"name": "R bottom tile",
					"from": [ -0.7, -0.3, 0.3 ],
					"to": [ -0.2, 0.2, 2.8 ],
					"rotationOrigin": [ -0.7, -0.3, 0.3 ],
					"rotationX": 6.0,
					"rotationY": 17.0,
					"rotationZ": -3.0,
					"faces": {
						"north": { "texture": "#mask-maketeer", "uv": [ 7.5, 4.5, 8.0, 5.0 ] },
						"east": { "texture": "#mask-maketeer", "uv": [ 0.0, 0.0, 2.5, 0.5 ] },
						"south": { "texture": "#mask-maketeer", "uv": [ 0.0, 0.0, 0.5, 0.5 ] },
						"west": { "texture": "#mask-maketeer", "uv": [ 7.5, 4.5, 10.0, 5.0 ] },
						"up": { "texture": "#mask-maketeer", "uv": [ 0.0, 0.0, 0.5, 2.5 ] },
						"down": { "texture": "#mask-maketeer", "uv": [ 7.5, 4.5, 10.0, 5.0 ], "rotation": 90 }
					},
					"children": [
						{
							"name": "R bottom tile15",
							"from": [ 0.1, -0.5, 0.1 ],
							"to": [ 0.6, 0.0, 2.1 ],
							"rotationOrigin": [ 0.1, -0.5, 0.1 ],
							"faces": {
								"north": { "texture": "#mask-maketeer", "uv": [ 7.5, 4.5, 8.0, 5.0 ] },
								"east": { "texture": "#mask-maketeer", "uv": [ 0.0, 0.0, 2.0, 0.5 ] },
								"south": { "texture": "#mask-maketeer", "uv": [ 0.0, 0.0, 0.5, 0.5 ] },
								"west": { "texture": "#mask-maketeer", "uv": [ 7.5, 5.0, 9.5, 5.5 ] },
								"up": { "texture": "#mask-maketeer", "uv": [ 0.0, 0.0, 0.5, 2.0 ] },
								"down": { "texture": "#mask-maketeer", "uv": [ 0.0, 0.0, 0.5, 2.0 ] }
							}
						}
					]
				},
				{
					"name": "nose",
					"from": [ -0.8, -0.7, -0.1 ],
					"to": [ -0.3, -0.1, 0.5 ],
					"renderInEditor": false,
					"rotationOrigin": [ -0.8, -0.7, 0.4 ],
					"faces": {
						"north": { "texture": "#mask-maketeer", "uv": [ 7.0, 4.5, 7.5, 5.0 ] },
						"east": { "texture": "#mask-maketeer", "uv": [ 7.0, 4.5, 7.5, 5.0 ] },
						"south": { "texture": "#mask-maketeer", "uv": [ 7.0, 4.5, 7.5, 5.0 ] },
						"west": { "texture": "#mask-maketeer", "uv": [ 7.0, 4.5, 7.5, 5.0 ] },
						"up": { "texture": "#mask-maketeer", "uv": [ 7.0, 4.5, 7.5, 5.0 ], "rotation": 90 },
						"down": { "texture": "#mask-maketeer", "uv": [ 7.0, 4.5, 7.5, 5.0 ], "rotation": 90 }
					},
					"children": [
						{
							"name": "whisker 1",
							"from": [ 0.1, 0.3, 0.4 ],
							"to": [ 0.2, 0.5, 1.4 ],
							"rotationOrigin": [ 0.1, 0.3, 0.4 ],
							"rotationX": 5.0,
							"faces": {
								"north": { "texture": "#mask-maketeer", "uv": [ 0.5, 15.5, 1.0, 16.0 ] },
								"east": { "texture": "#mask-maketeer", "uv": [ 0.5, 15.0, 1.5, 15.5 ] },
								"south": { "texture": "#mask-maketeer", "uv": [ 2.0, 15.0, 2.5, 15.5 ] },
								"west": { "texture": "#mask-maketeer", "uv": [ 1.5, 15.5, 2.5, 16.0 ] },
								"up": { "texture": "#mask-maketeer", "uv": [ 1.0, 15.5, 2.0, 16.0 ], "rotation": 90 },
								"down": { "texture": "#mask-maketeer", "uv": [ 2.5, 15.0, 3.5, 15.5 ], "rotation": 90 }
							},
							"children": [
								{
									"name": "whisker 23",
									"from": [ 0.0, 0.0, 0.9 ],
									"to": [ 0.1, 0.2, 1.9 ],
									"rotationOrigin": [ 0.0, 0.0, 0.9 ],
									"rotationX": 37.0,
									"faces": {
										"north": { "texture": "#mask-maketeer", "uv": [ 0.5, 15.5, 1.0, 16.0 ] },
										"east": { "texture": "#mask-maketeer", "uv": [ 0.5, 15.0, 1.5, 15.5 ] },
										"south": { "texture": "#mask-maketeer", "uv": [ 2.0, 15.0, 2.5, 15.5 ] },
										"west": { "texture": "#mask-maketeer", "uv": [ 1.5, 15.5, 2.5, 16.0 ] },
										"up": { "texture": "#mask-maketeer", "uv": [ 1.0, 15.5, 2.0, 16.0 ], "rotation": 90 },
										"down": { "texture": "#mask-maketeer", "uv": [ 2.5, 15.0, 3.5, 15.5 ], "rotation": 90 }
									},
									"children": [
										{
											"name": "whisker 24",
											"from": [ 0.0, 0.0, 1.0 ],
											"to": [ 0.1, 0.2, 2.0 ],
											"rotationOrigin": [ 0.0, 0.0, 1.0 ],
											"rotationX": -24.0,
											"faces": {
												"north": { "texture": "#mask-maketeer", "uv": [ 0.5, 15.5, 1.0, 16.0 ] },
												"east": { "texture": "#mask-maketeer", "uv": [ 0.5, 15.0, 1.5, 15.5 ] },
												"south": { "texture": "#mask-maketeer", "uv": [ 2.0, 15.0, 2.5, 15.5 ] },
												"west": { "texture": "#mask-maketeer", "uv": [ 1.5, 15.5, 2.5, 16.0 ] },
												"up": { "texture": "#mask-maketeer", "uv": [ 1.0, 15.5, 2.0, 16.0 ], "rotation": 90 },
												"down": { "texture": "#mask-maketeer", "uv": [ 2.5, 15.0, 3.5, 15.5 ], "rotation": 90 }
											}
										}
									]
								}
							]
						},
						{
							"name": "whisker 2",
							"from": [ 0.1, 0.2, 0.4 ],
							"to": [ 0.2, 0.4, 1.4 ],
							"rotationOrigin": [ 0.1, 0.2, 0.4 ],
							"rotationX": -26.0,
							"rotationZ": -8.0,
							"faces": {
								"north": { "texture": "#mask-maketeer", "uv": [ 0.5, 15.5, 1.0, 16.0 ] },
								"east": { "texture": "#mask-maketeer", "uv": [ 0.5, 15.0, 1.5, 15.5 ] },
								"south": { "texture": "#mask-maketeer", "uv": [ 2.0, 15.0, 2.5, 15.5 ] },
								"west": { "texture": "#mask-maketeer", "uv": [ 1.5, 15.5, 2.5, 16.0 ] },
								"up": { "texture": "#mask-maketeer", "uv": [ 1.0, 15.5, 2.0, 16.0 ], "rotation": 90 },
								"down": { "texture": "#mask-maketeer", "uv": [ 2.5, 15.0, 3.5, 15.5 ], "rotation": 90 }
							},
							"children": [
								{
									"name": "whisker 26",
									"from": [ 0.0, 0.0, 0.9 ],
									"to": [ 0.1, 0.2, 1.9 ],
									"rotationOrigin": [ 0.0, 0.0, 0.9 ],
									"rotationX": 25.0,
									"faces": {
										"north": { "texture": "#mask-maketeer", "uv": [ 0.5, 15.5, 1.0, 16.0 ] },
										"east": { "texture": "#mask-maketeer", "uv": [ 0.5, 15.0, 1.5, 15.5 ] },
										"south": { "texture": "#mask-maketeer", "uv": [ 2.0, 15.0, 2.5, 15.5 ] },
										"west": { "texture": "#mask-maketeer", "uv": [ 1.5, 15.5, 2.5, 16.0 ] },
										"up": { "texture": "#mask-maketeer", "uv": [ 1.0, 15.5, 2.0, 16.0 ], "rotation": 90 },
										"down": { "texture": "#mask-maketeer", "uv": [ 2.5, 15.0, 3.5, 15.5 ], "rotation": 90 }
									},
									"children": [
										{
											"name": "whisker 27",
											"from": [ 0.0, 0.0, 0.9 ],
											"to": [ 0.1, 0.2, 1.9 ],
											"rotationOrigin": [ 0.0, 0.0, 0.9 ],
											"rotationX": -25.0,
											"faces": {
												"north": { "texture": "#mask-maketeer", "uv": [ 0.5, 15.5, 1.0, 16.0 ] },
												"east": { "texture": "#mask-maketeer", "uv": [ 0.5, 15.0, 1.5, 15.5 ] },
												"south": { "texture": "#mask-maketeer", "uv": [ 2.0, 15.0, 2.5, 15.5 ] },
												"west": { "texture": "#mask-maketeer", "uv": [ 1.5, 15.5, 2.5, 16.0 ] },
												"up": { "texture": "#mask-maketeer", "uv": [ 1.0, 15.5, 2.0, 16.0 ], "rotation": 90 },
												"down": { "texture": "#mask-maketeer", "uv": [ 2.5, 15.0, 3.5, 15.5 ], "rotation": 90 }
											}
										}
									]
								}
							]
						},
						{
							"name": "whisker 3",
							"from": [ 0.1, 0.1, 0.5 ],
							"to": [ 0.2, 0.3, 1.5 ],
							"rotationOrigin": [ 0.1, 0.1, 0.5 ],
							"rotationX": 23.0,
							"faces": {
								"north": { "texture": "#mask-maketeer", "uv": [ 0.5, 15.5, 1.0, 16.0 ] },
								"east": { "texture": "#mask-maketeer", "uv": [ 0.5, 15.0, 1.5, 15.5 ] },
								"south": { "texture": "#mask-maketeer", "uv": [ 2.0, 15.0, 2.5, 15.5 ] },
								"west": { "texture": "#mask-maketeer", "uv": [ 1.5, 15.5, 2.5, 16.0 ] },
								"up": { "texture": "#mask-maketeer", "uv": [ 1.0, 15.5, 2.0, 16.0 ], "rotation": 90 },
								"down": { "texture": "#mask-maketeer", "uv": [ 2.5, 15.0, 3.5, 15.5 ], "rotation": 90 }
							},
							"children": [
								{
									"name": "whisker 29",
									"from": [ 0.0, 0.0, 0.9 ],
									"to": [ 0.1, 0.2, 1.9 ],
									"rotationOrigin": [ 0.0, 0.0, 0.9 ],
									"rotationX": 25.0,
									"faces": {
										"north": { "texture": "#mask-maketeer", "uv": [ 0.5, 15.5, 1.0, 16.0 ] },
										"east": { "texture": "#mask-maketeer", "uv": [ 0.5, 15.0, 1.5, 15.5 ] },
										"south": { "texture": "#mask-maketeer", "uv": [ 2.0, 15.0, 2.5, 15.5 ] },
										"west": { "texture": "#mask-maketeer", "uv": [ 1.5, 15.5, 2.5, 16.0 ] },
										"up": { "texture": "#mask-maketeer", "uv": [ 1.0, 15.5, 2.0, 16.0 ], "rotation": 90 },
										"down": { "texture": "#mask-maketeer", "uv": [ 2.5, 15.0, 3.5, 15.5 ], "rotation": 90 }
									}
								}
							]
						},
						{
							"name": "whisker 4",
							"from": [ 0.1, 0.1, -0.8 ],
							"to": [ 0.2, 0.3, 0.2 ],
							"rotationOrigin": [ 0.1, 0.1, 0.2 ],
							"rotationX": 41.0,
							"faces": {
								"north": { "texture": "#mask-maketeer", "uv": [ 0.5, 15.5, 1.0, 16.0 ] },
								"east": { "texture": "#mask-maketeer", "uv": [ 0.5, 15.0, 1.5, 15.5 ] },
								"south": { "texture": "#mask-maketeer", "uv": [ 2.0, 15.0, 2.5, 15.5 ] },
								"west": { "texture": "#mask-maketeer", "uv": [ 1.5, 15.5, 2.5, 16.0 ] },
								"up": { "texture": "#mask-maketeer", "uv": [ 1.0, 15.5, 2.0, 16.0 ], "rotation": 90 },
								"down": { "texture": "#mask-maketeer", "uv": [ 2.5, 15.0, 3.5, 15.5 ], "rotation": 90 }
							},
							"children": [
								{
									"name": "whisker 32",
									"from": [ 0.0, 0.1, -0.8 ],
									"to": [ 0.1, 0.3, 0.2 ],
									"rotationOrigin": [ 0.0, 0.1, 0.2 ],
									"rotationX": -39.0,
									"faces": {
										"north": { "texture": "#mask-maketeer", "uv": [ 0.5, 15.5, 1.0, 16.0 ] },
										"east": { "texture": "#mask-maketeer", "uv": [ 0.5, 15.0, 1.5, 15.5 ] },
										"south": { "texture": "#mask-maketeer", "uv": [ 2.0, 15.0, 2.5, 15.5 ] },
										"west": { "texture": "#mask-maketeer", "uv": [ 1.5, 15.5, 2.5, 16.0 ] },
										"up": { "texture": "#mask-maketeer", "uv": [ 1.0, 15.5, 2.0, 16.0 ], "rotation": 90 },
										"down": { "texture": "#mask-maketeer", "uv": [ 2.5, 15.0, 3.5, 15.5 ], "rotation": 90 }
									},
									"children": [
										{
											"name": "whisker 33",
											"from": [ 0.0, 0.0, -0.9 ],
											"to": [ 0.1, 0.2, 0.1 ],
											"rotationOrigin": [ 0.0, 0.0, 0.1 ],
											"rotationX": 11.0,
											"faces": {
												"north": { "texture": "#mask-maketeer", "uv": [ 0.5, 15.5, 1.0, 16.0 ] },
												"east": { "texture": "#mask-maketeer", "uv": [ 0.5, 15.0, 1.5, 15.5 ] },
												"south": { "texture": "#mask-maketeer", "uv": [ 2.0, 15.0, 2.5, 15.5 ] },
												"west": { "texture": "#mask-maketeer", "uv": [ 1.5, 15.5, 2.5, 16.0 ] },
												"up": { "texture": "#mask-maketeer", "uv": [ 1.0, 15.5, 2.0, 16.0 ], "rotation": 90 },
												"down": { "texture": "#mask-maketeer", "uv": [ 2.5, 15.0, 3.5, 15.5 ], "rotation": 90 }
											}
										}
									]
								}
							]
						},
						{
							"name": "whisker 5",
							"from": [ 0.2, 0.2, -0.8 ],
							"to": [ 0.3, 0.4, 0.2 ],
							"rotationOrigin": [ 0.2, 0.2, 0.2 ],
							"rotationX": 6.0,
							"rotationZ": 3.0,
							"faces": {
								"north": { "texture": "#mask-maketeer", "uv": [ 0.5, 15.5, 1.0, 16.0 ] },
								"east": { "texture": "#mask-maketeer", "uv": [ 0.5, 15.0, 1.5, 15.5 ] },
								"south": { "texture": "#mask-maketeer", "uv": [ 2.0, 15.0, 2.5, 15.5 ] },
								"west": { "texture": "#mask-maketeer", "uv": [ 1.5, 15.5, 2.5, 16.0 ] },
								"up": { "texture": "#mask-maketeer", "uv": [ 1.0, 15.5, 2.0, 16.0 ], "rotation": 90 },
								"down": { "texture": "#mask-maketeer", "uv": [ 2.5, 15.0, 3.5, 15.5 ], "rotation": 90 }
							},
							"children": [
								{
									"name": "whisker 34",
									"from": [ 0.0, 0.0, -0.9 ],
									"to": [ 0.1, 0.2, 0.1 ],
									"rotationOrigin": [ 0.0, 0.0, 0.1 ],
									"rotationX": -15.0,
									"rotationY": -20.0,
									"faces": {
										"north": { "texture": "#mask-maketeer", "uv": [ 0.5, 15.5, 1.0, 16.0 ] },
										"east": { "texture": "#mask-maketeer", "uv": [ 0.5, 15.0, 1.5, 15.5 ] },
										"south": { "texture": "#mask-maketeer", "uv": [ 2.0, 15.0, 2.5, 15.5 ] },
										"west": { "texture": "#mask-maketeer", "uv": [ 1.5, 15.5, 2.5, 16.0 ] },
										"up": { "texture": "#mask-maketeer", "uv": [ 1.0, 15.5, 2.0, 16.0 ], "rotation": 90 },
										"down": { "texture": "#mask-maketeer", "uv": [ 2.5, 15.0, 3.5, 15.5 ], "rotation": 90 }
									},
									"children": [
										{
											"name": "whisker 35",
											"from": [ 0.0, 0.0, -0.4 ],
											"to": [ 0.1, 0.2, 0.1 ],
											"rotationOrigin": [ 0.0, 0.0, 0.1 ],
											"rotationY": 17.0,
											"faces": {
												"north": { "texture": "#mask-maketeer", "uv": [ 0.5, 15.5, 1.0, 16.0 ] },
												"east": { "texture": "#mask-maketeer", "uv": [ 0.5, 15.0, 1.0, 15.5 ] },
												"south": { "texture": "#mask-maketeer", "uv": [ 2.0, 15.0, 2.5, 15.5 ] },
												"west": { "texture": "#mask-maketeer", "uv": [ 1.5, 15.5, 2.0, 16.0 ] },
												"up": { "texture": "#mask-maketeer", "uv": [ 1.0, 15.5, 1.5, 16.0 ], "rotation": 90 },
												"down": { "texture": "#mask-maketeer", "uv": [ 2.5, 15.0, 3.0, 15.5 ], "rotation": 90 }
											}
										}
									]
								}
							]
						},
						{
							"name": "whisker 6",
							"from": [ 0.1, 0.1, -0.8 ],
							"to": [ 0.2, 0.3, 0.2 ],
							"rotationOrigin": [ 0.1, 0.1, 0.2 ],
							"rotationX": -13.0,
							"faces": {
								"north": { "texture": "#mask-maketeer", "uv": [ 0.5, 15.5, 1.0, 16.0 ] },
								"east": { "texture": "#mask-maketeer", "uv": [ 0.5, 15.0, 1.5, 15.5 ] },
								"south": { "texture": "#mask-maketeer", "uv": [ 2.0, 15.0, 2.5, 15.5 ] },
								"west": { "texture": "#mask-maketeer", "uv": [ 1.5, 15.5, 2.5, 16.0 ] },
								"up": { "texture": "#mask-maketeer", "uv": [ 1.0, 15.5, 2.0, 16.0 ], "rotation": 90 },
								"down": { "texture": "#mask-maketeer", "uv": [ 2.5, 15.0, 3.5, 15.5 ], "rotation": 90 }
							},
							"children": [
								{
									"name": "whisker 36",
									"from": [ 0.0, 0.1, -0.8 ],
									"to": [ 0.1, 0.3, 0.2 ],
									"rotationOrigin": [ 0.0, 0.1, 0.2 ],
									"rotationX": -39.0,
									"faces": {
										"north": { "texture": "#mask-maketeer", "uv": [ 0.5, 15.5, 1.0, 16.0 ] },
										"east": { "texture": "#mask-maketeer", "uv": [ 0.5, 15.0, 1.5, 15.5 ] },
										"south": { "texture": "#mask-maketeer", "uv": [ 2.0, 15.0, 2.5, 15.5 ] },
										"west": { "texture": "#mask-maketeer", "uv": [ 1.5, 15.5, 2.5, 16.0 ] },
										"up": { "texture": "#mask-maketeer", "uv": [ 1.0, 15.5, 2.0, 16.0 ], "rotation": 90 },
										"down": { "texture": "#mask-maketeer", "uv": [ 2.5, 15.0, 3.5, 15.5 ], "rotation": 90 }
									},
									"children": [
										{
											"name": "whisker 36",
											"from": [ 0.0, 0.0, -0.9 ],
											"to": [ 0.1, 0.2, 0.1 ],
											"rotationOrigin": [ 0.0, 0.0, 0.1 ],
											"rotationX": 11.0,
											"faces": {
												"north": { "texture": "#mask-maketeer", "uv": [ 0.5, 15.5, 1.0, 16.0 ] },
												"east": { "texture": "#mask-maketeer", "uv": [ 0.5, 15.0, 1.5, 15.5 ] },
												"south": { "texture": "#mask-maketeer", "uv": [ 2.0, 15.0, 2.5, 15.5 ] },
												"west": { "texture": "#mask-maketeer", "uv": [ 1.5, 15.5, 2.5, 16.0 ] },
												"up": { "texture": "#mask-maketeer", "uv": [ 1.0, 15.5, 2.0, 16.0 ], "rotation": 90 },
												"down": { "texture": "#mask-maketeer", "uv": [ 2.5, 15.0, 3.5, 15.5 ], "rotation": 90 }
											}
										}
									]
								}
							]
						}
					]
				}
			]
		}
	],
	"animations": [
	]
}