{
	"editor": {
		"backDropShape": "E:/Programs/VSModelCreator/skeleton-skullful",
		"allAngles": true,
		"entityTextureMode": true
	},
	"textureWidth": 64,
	"textureHeight": 64,
	"textureSizes": {
	},
	"textures": {
		"material": "entity/humanoid/serapharmor/sewn/linen"
	},
	"elements": [
		{
			"name": "GamHelmet",
			"stepParentName": "Head",
			"from": [ 0.15, 0.8, -0.48 ],
			"to": [ 5.85, 5.4, 5.42 ],
			"unwrapMode": 1,
			"autoUnwrap": false,
			"uv": [ 36.0, 17.5 ],
			"rotationOrigin": [ 0.1, 0.8, -0.6 ],
			"faces": {
				"north": { "texture": "#material", "uv": [ 42.0, 23.5, 48.0, 28.5 ], "autoUv": false },
				"east": { "texture": "#material", "uv": [ 36.0, 24.0, 42.0, 28.5 ], "autoUv": false },
				"south": { "texture": "#material", "uv": [ 55.0, 23.5, 61.0, 28.5 ], "autoUv": false },
				"west": { "texture": "#material", "uv": [ 48.5, 23.5, 54.5, 28.5 ], "autoUv": false },
				"up": { "texture": "#material", "uv": [ 42.0, 17.5, 48.0, 23.5 ], "rotation": 180, "autoUv": false },
				"down": { "texture": "#material", "uv": [ 42.0, 28.5, 48.0, 34.5 ], "autoUv": false }
			},
			"children": [
				{
					"name": "GamHelmetstrap",
					"from": [ 0.9, -0.98, 0.05 ],
					"to": [ 2.4, 0.02, 5.85 ],
					"unwrapMode": 5,
					"autoUnwrap": false,
					"uv": [ 47.0, 1.5 ],
					"rotationOrigin": [ 0.9, -1.0, 0.1 ],
					"faces": {
						"north": { "texture": "#material", "uv": [ 47.5, 1.0, 49.0, 2.0 ], "rotation": 180, "autoUv": false },
						"east": { "texture": "#material", "uv": [ 49.0, 2.0, 50.0, 7.5 ], "rotation": 90, "autoUv": false },
						"south": { "texture": "#material", "uv": [ 47.5, 7.5, 49.0, 8.5 ], "autoUv": false },
						"west": { "texture": "#material", "uv": [ 46.5, 2.0, 47.5, 7.5 ], "rotation": 270, "autoUv": false },
						"up": { "texture": "#material", "uv": [ 47.5, 2.0, 49.0, 7.5 ] },
						"down": { "texture": "#material", "uv": [ 50.0, 2.0, 51.5, 7.5 ] }
					}
				},
				{
					"name": "GamHelmetFace",
					"from": [ -0.32, 2.76, 0.0 ],
					"to": [ 0.0, 4.6, 5.9 ],
					"autoUnwrap": false,
					"uv": [ 39.5, 34.0 ],
					"rotationOrigin": [ -0.5, 2.7, 0.0 ],
					"faces": {
						"north": { "texture": "#material", "uv": [ 48.0, 26.5, 48.5, 28.5 ], "autoUv": false },
						"south": { "texture": "#material", "uv": [ 54.5, 26.5, 55.0, 28.5 ], "autoUv": false },
						"west": { "texture": "#material", "uv": [ 36.0, 26.5, 42.0, 28.5 ], "autoUv": false },
						"up": { "texture": "#material", "uv": [ 42.0, 23.0, 48.0, 23.5 ], "rotation": 90, "autoUv": false },
						"down": { "texture": "#material", "uv": [ 42.0, 28.0, 47.5, 28.5 ], "rotation": 90 }
					}
				}
			]
		}
	]}