﻿[
  {"file": "game:recipes/grid/armor/chain", "op": "add", "path": "/0/enabled", "value": false},
  {"file": "game:recipes/grid/armor/chain", "op": "add", "path": "/1/enabled", "value": false},
  {"file": "game:recipes/grid/armor/chain", "op": "add", "path": "/2/enabled", "value": false},
  {"file": "game:recipes/grid/armor/plate", "op": "add", "path": "/0/enabled", "value": false},
  {"file": "game:recipes/grid/armor/plate", "op": "add", "path": "/1/enabled", "value": false},
  {"file": "game:recipes/grid/armor/plate", "op": "add", "path": "/2/enabled", "value": false},
  {"file": "game:recipes/grid/armor/scale", "op": "add", "path": "/0/enabled", "value": false},
  {"file": "game:recipes/grid/armor/scale", "op": "add", "path": "/1/enabled", "value": false},
  {"file": "game:recipes/grid/armor/scale", "op": "add", "path": "/2/enabled", "value": false},
  {"file": "game:recipes/grid/armor/brigandine", "op": "add", "path": "/0/enabled", "value": false},
  {"file": "game:recipes/grid/armor/brigandine", "op": "add", "path": "/1/enabled", "value": false},
  {"file": "game:recipes/grid/armor/brigandine", "op": "add", "path": "/2/enabled", "value": false},
  {"file": "game:recipes/grid/armorrepair/brigandine", "op": "add", "path": "/0/enabled", "value": false},
  {"file": "game:recipes/grid/armorrepair/brigandine", "op": "add", "path": "/1/enabled", "value": false},
  {"file": "game:recipes/grid/armorrepair/brigandine", "op": "add", "path": "/2/enabled", "value": false},
  {"file": "game:recipes/grid/armorrepair/chain", "op": "add", "path": "/0/enabled", "value": false},
  {"file": "game:recipes/grid/armorrepair/chain", "op": "add", "path": "/1/enabled", "value": false},
  {"file": "game:recipes/grid/armorrepair/chain", "op": "add", "path": "/2/enabled", "value": false},
  {"file": "game:recipes/grid/armorrepair/plate", "op": "add", "path": "/0/enabled", "value": false},
  {"file": "game:recipes/grid/armorrepair/plate", "op": "add", "path": "/1/enabled", "value": false},
  {"file": "game:recipes/grid/armorrepair/plate", "op": "add", "path": "/2/enabled", "value": false},
  {"file": "game:recipes/grid/armorrepair/scale", "op": "add", "path": "/0/enabled", "value": false},
  {"file": "game:recipes/grid/armorrepair/scale", "op": "add", "path": "/1/enabled", "value": false},
  {"file": "game:recipes/grid/armorrepair/scale", "op": "add", "path": "/2/enabled", "value": false}
]