[
  {
    "ingredient": {"type": "item", "code": "game:ingot-steel"},
    "pattern": [
      [
        "#######",
        "#######",
        "#######",
        "###_###",
        "#######",
        "#######",
        "#######"
      ],
      [
        "#######",
        "#_#_#_#",
        "#######",
        "#_#_#_#",
        "#######",
        "#_#_#_#",
        "#######"
      ],
      [
        "#######",
        "#_#_#_#",
        "#######",
        "#_#_#_#",
        "#######",
        "#_#_#_#",
        "#######"
      ]
    ],
    "name": "cylinder",
    "output": {"type": "item", "code": "maltiezfirearms:cylinder-bullets-steel"}
  }
]