[
	{ "op": "addmerge", "path": "/allowedVariants/-", "value": "ore-quartz-arenite", "file": "game:blocktypes/stone/ore-ungraded.json", },
	{ "op": "addmerge", "path": "/allowedVariants/-", "value": "ore-quartz-arkose", "file": "game:blocktypes/stone/ore-ungraded.json", },
	{ "op": "addmerge", "path": "/allowedVariants/-", "value": "ore-quartz-marl", "file": "game:blocktypes/stone/ore-ungraded.json", },
	{ "op": "addmerge", "path": "/allowedVariants/-", "value": "ore-quartz-wacke", "file": "game:blocktypes/stone/ore-ungraded.json", },
	{ "op": "addmerge", "path": "/allowedVariants/-", "value": "ore-quartz-monzonite", "file": "game:blocktypes/stone/ore-ungraded.json", },

	{ "op": "addmerge", "path": "/allowedVariants/-", "value": "ore-alum-arkose", "file": "game:blocktypes/stone/ore-ungraded.json", },
	{ "op": "addmerge", "path": "/allowedVariants/-", "value": "ore-alum-marl", "file": "game:blocktypes/stone/ore-ungraded.json", },
	{ "op": "addmerge", "path": "/allowedVariants/-", "value": "ore-alum-serpentinite", "file": "game:blocktypes/stone/ore-ungraded.json", },
	{ "op": "addmerge", "path": "/allowedVariants/-", "value": "ore-alum-wacke", "file": "game:blocktypes/stone/ore-ungraded.json", },
	{ "op": "addmerge", "path": "/allowedVariants/-", "value": "ore-alum-travertine", "file": "game:blocktypes/stone/ore-ungraded.json", },

	{ "op": "addmerge", "path": "/allowedVariants/-", "value": "ore-lignite-arenite", "file": "game:blocktypes/stone/ore-ungraded.json", },
	{ "op": "addmerge", "path": "/allowedVariants/-", "value": "ore-lignite-arkose", "file": "game:blocktypes/stone/ore-ungraded.json", },
	{ "op": "addmerge", "path": "/allowedVariants/-", "value": "ore-lignite-marl", "file": "game:blocktypes/stone/ore-ungraded.json", },
	{ "op": "addmerge", "path": "/allowedVariants/-", "value": "ore-lignite-wacke", "file": "game:blocktypes/stone/ore-ungraded.json", },

	{ "op": "addmerge", "path": "/allowedVariants/-", "value": "ore-bituminouscoal-arenite", "file": "game:blocktypes/stone/ore-ungraded.json", },
	{ "op": "addmerge", "path": "/allowedVariants/-", "value": "ore-bituminouscoal-arkose", "file": "game:blocktypes/stone/ore-ungraded.json", },
	{ "op": "addmerge", "path": "/allowedVariants/-", "value": "ore-bituminouscoal-marl", "file": "game:blocktypes/stone/ore-ungraded.json", },
	{ "op": "addmerge", "path": "/allowedVariants/-", "value": "ore-bituminouscoal-wacke", "file": "game:blocktypes/stone/ore-ungraded.json", },

	{ "op": "addmerge", "path": "/allowedVariants/-", "value": "ore-anthracite-arenite", "file": "game:blocktypes/stone/ore-ungraded.json", },
	{ "op": "addmerge", "path": "/allowedVariants/-", "value": "ore-anthracite-arkose", "file": "game:blocktypes/stone/ore-ungraded.json", },
	{ "op": "addmerge", "path": "/allowedVariants/-", "value": "ore-anthracite-wacke", "file": "game:blocktypes/stone/ore-ungraded.json", },

	{ "op": "addmerge", "path": "/allowedVariants/-", "value": "ore-sulfur-arenite", "file": "game:blocktypes/stone/ore-ungraded.json", },
	{ "op": "addmerge", "path": "/allowedVariants/-", "value": "ore-sulfur-wacke", "file": "game:blocktypes/stone/ore-ungraded.json", },
	{ "op": "addmerge", "path": "/allowedVariants/-", "value": "ore-sulfur-marl", "file": "game:blocktypes/stone/ore-ungraded.json", },
	{ "op": "addmerge", "path": "/allowedVariants/-", "value": "ore-sulfur-travertine", "file": "game:blocktypes/stone/ore-ungraded.json", },
	{ "op": "addmerge", "path": "/allowedVariants/-", "value": "ore-sulfur-monzonite", "file": "game:blocktypes/stone/ore-ungraded.json", },

	{ "op": "addmerge", "path": "/allowedVariants/-", "value": "ore-borax-arenite", "file": "game:blocktypes/stone/ore-ungraded.json", },
	{ "op": "addmerge", "path": "/allowedVariants/-", "value": "ore-borax-arkose", "file": "game:blocktypes/stone/ore-ungraded.json", },
	{ "op": "addmerge", "path": "/allowedVariants/-", "value": "ore-borax-marl", "file": "game:blocktypes/stone/ore-ungraded.json", },
	{ "op": "addmerge", "path": "/allowedVariants/-", "value": "ore-borax-travertine", "file": "game:blocktypes/stone/ore-ungraded.json", },

	{ "op": "addmerge", "path": "/allowedVariants/-", "value": "ore-kernite-marl", "file": "game:blocktypes/stone/ore-ungraded.json", },
	{ "op": "addmerge", "path": "/allowedVariants/-", "value": "ore-kernite-arkose", "file": "game:blocktypes/stone/ore-ungraded.json", },

	{ "op": "addmerge", "path": "/allowedVariants/-", "value": "ore-olivine-serpentinite", "file": "game:blocktypes/stone/ore-ungraded.json", },
	{ "op": "addmerge", "path": "/allowedVariants/-", "value": "ore-olivine-komatiite", "file": "game:blocktypes/stone/ore-ungraded.json", },
	{ "op": "addmerge", "path": "/allowedVariants/-", "value": "ore-olivine-pyroxenite", "file": "game:blocktypes/stone/ore-ungraded.json", },
	{ "op": "addmerge", "path": "/allowedVariants/-", "value": "ore-olivine-syenite", "file": "game:blocktypes/stone/ore-ungraded.json", },

	{ "op": "addmerge", "path": "/allowedVariants/-", "value": "ore-fluorite-arenite", "file": "game:blocktypes/stone/ore-ungraded.json", },
	{ "op": "addmerge", "path": "/allowedVariants/-", "value": "ore-fluorite-arkose", "file": "game:blocktypes/stone/ore-ungraded.json", },
	{ "op": "addmerge", "path": "/allowedVariants/-", "value": "ore-fluorite-marl", "file": "game:blocktypes/stone/ore-ungraded.json", },
	{ "op": "addmerge", "path": "/allowedVariants/-", "value": "ore-fluorite-wacke", "file": "game:blocktypes/stone/ore-ungraded.json", },
	{ "op": "addmerge", "path": "/allowedVariants/-", "value": "ore-fluorite-travertine", "file": "game:blocktypes/stone/ore-ungraded.json", },
	{ "op": "addmerge", "path": "/allowedVariants/-", "value": "ore-fluorite-monzonite", "file": "game:blocktypes/stone/ore-ungraded.json", },
	{ "op": "addmerge", "path": "/allowedVariants/-", "value": "ore-fluorite-syenite", "file": "game:blocktypes/stone/ore-ungraded.json", },

	{ "op": "addmerge", "path": "/allowedVariants/-", "value": "ore-graphite-serpentinite", "file": "game:blocktypes/stone/ore-ungraded.json", },
	{ "op": "addmerge", "path": "/allowedVariants/-", "value": "ore-graphite-syenite", "file": "game:blocktypes/stone/ore-ungraded.json", },

	{ "op": "addmerge", "path": "/allowedVariants/-", "value": "ore-phosphorite-arenite", "file": "game:blocktypes/stone/ore-ungraded.json", },
	{ "op": "addmerge", "path": "/allowedVariants/-", "value": "ore-phosphorite-wacke", "file": "game:blocktypes/stone/ore-ungraded.json", },
	{ "op": "addmerge", "path": "/allowedVariants/-", "value": "ore-phosphorite-marl", "file": "game:blocktypes/stone/ore-ungraded.json", },

	{ "op": "addmerge", "path": "/allowedVariants/-", "value": "ore-corundum-komatiite", "file": "game:blocktypes/stone/ore-ungraded.json", },
	{ "op": "addmerge", "path": "/allowedVariants/-", "value": "ore-corundum-pyroxenite", "file": "game:blocktypes/stone/ore-ungraded.json", },
	{ "op": "addmerge", "path": "/allowedVariants/-", "value": "ore-corundum-serpentinite", "file": "game:blocktypes/stone/ore-ungraded.json", },
	{ "op": "addmerge", "path": "/allowedVariants/-", "value": "ore-corundum-monzonite", "file": "game:blocktypes/stone/ore-ungraded.json", },
	{ "op": "addmerge", "path": "/allowedVariants/-", "value": "ore-corundum-syenite", "file": "game:blocktypes/stone/ore-ungraded.json", },
]