{
	"editor": {
		"allAngles": false,
		"entityTextureMode": false
	},
	"textureWidth": 16,
	"textureHeight": 16,
	"textureSizes": {
		"wood-generic": [48,48],
		"plainoak": [24,24],
		"iron2": [16,16]
	},
	"textures": {
		"iron2": "block/iron2",
		"plainoak": "block/plainoak",
		"wood-generic": "block/wood-generic"
	},
	"elements": [
		{
			"name": "Left Side R",
			"from": [ 0.01, 0.0, 6.0 ],
			"to": [ 3.01, 48.0, 9.0 ],
			"renderPass": 0,
			"rotationOrigin": [ 4.0, 52.0, 3.0 ],
			"rotationX": 11.5,
			"faces": {
				"north": { "texture": "#wood-generic", "uv": [ 19.5, 9.0, 22.5, 41.0 ], "autoUv": false },
				"east": { "texture": "#wood-generic", "uv": [ 22.5, 0.0, 25.5, 48.0 ] },
				"south": { "texture": "#wood-generic", "uv": [ 24.0, 0.0, 27.0, 48.0 ] },
				"west": { "texture": "#wood-generic", "uv": [ 33.0, 0.0, 36.0, 48.0 ] },
				"up": { "texture": "#wood-generic", "uv": [ 0.0, 0.0, 3.0, 3.0 ] },
				"down": { "texture": "#wood-generic", "uv": [ 0.0, 0.0, 3.0, 3.0 ] }
			},
			"children": [
				{
					"name": "Left Side L",
					"from": [ 13.0, 0.0, 0.0 ],
					"to": [ 16.01, 48.0, 3.0 ],
					"rotationOrigin": [ 13.0, 0.0, 0.0 ],
					"faces": {
						"north": { "texture": "#wood-generic", "uv": [ 0.0, 0.0, 3.0, 32.0 ], "autoUv": false },
						"east": { "texture": "#wood-generic", "uv": [ 0.0, 0.0, 3.0, 48.0 ] },
						"south": { "texture": "#wood-generic", "uv": [ 0.0, 0.0, 3.0, 48.0 ] },
						"west": { "texture": "#wood-generic", "uv": [ 0.0, 0.0, 3.0, 48.0 ] },
						"up": { "texture": "#wood-generic", "uv": [ 0.0, 0.0, 3.0, 3.0 ] },
						"down": { "texture": "#wood-generic", "uv": [ 0.0, 0.0, 3.0, 3.0 ] }
					}
				},
				{
					"name": "Left 1",
					"from": [ 2.0, 44.0, 1.0 ],
					"to": [ 14.0, 46.0, 2.0 ],
					"rotationOrigin": [ 9.0, 45.0, 1.0 ],
					"faces": {
						"north": { "texture": "#plainoak", "uv": [ 0.0, 6.75, 12.0, 8.75 ], "autoUv": false },
						"east": { "texture": "#plainoak", "uv": [ 0.0, 0.0, 0.75, 1.5 ] },
						"south": { "texture": "#plainoak", "uv": [ 0.0, 0.0, 12.0, 1.5 ] },
						"west": { "texture": "#plainoak", "uv": [ 0.0, 0.0, 0.75, 1.5 ] },
						"up": { "texture": "#plainoak", "uv": [ 0.0, 0.0, 12.0, 0.75 ] },
						"down": { "texture": "#plainoak", "uv": [ 0.0, 0.0, 12.0, 0.75 ] }
					},
					"children": [
						{
							"name": "Left 2",
							"from": [ 0.0, -4.0, 0.0 ],
							"to": [ 12.0, -2.0, 1.0 ],
							"rotationOrigin": [ 7.0, -3.0, 0.0 ],
							"faces": {
								"north": { "texture": "#plainoak", "uv": [ 0.0, 0.0, 12.0, 2.0 ], "autoUv": false },
								"east": { "texture": "#plainoak", "uv": [ 0.0, 0.0, 1.0, 2.0 ] },
								"south": { "texture": "#plainoak", "uv": [ 0.0, 0.0, 12.0, 2.0 ] },
								"west": { "texture": "#plainoak", "uv": [ 0.0, 0.0, 1.0, 2.0 ] },
								"up": { "texture": "#plainoak", "uv": [ 0.0, 0.0, 12.0, 1.0 ] },
								"down": { "texture": "#plainoak", "uv": [ 0.0, 0.0, 12.0, 1.0 ] }
							}
						},
						{
							"name": "Left 3",
							"from": [ 0.0, -8.0, 0.0 ],
							"to": [ 12.0, -6.0, 1.0 ],
							"rotationOrigin": [ 7.0, -7.0, 0.0 ],
							"faces": {
								"north": { "texture": "#plainoak", "uv": [ 0.0, 5.25, 12.0, 6.75 ] },
								"east": { "texture": "#plainoak", "uv": [ 0.0, 0.0, 0.75, 1.5 ] },
								"south": { "texture": "#plainoak", "uv": [ 0.0, 0.0, 12.0, 1.5 ] },
								"west": { "texture": "#plainoak", "uv": [ 0.0, 0.0, 0.75, 1.5 ] },
								"up": { "texture": "#plainoak", "uv": [ 0.0, 0.0, 12.0, 0.75 ] },
								"down": { "texture": "#plainoak", "uv": [ 0.0, 0.0, 12.0, 0.75 ] }
							}
						},
						{
							"name": "Left 4",
							"from": [ 0.0, -12.0, 0.0 ],
							"to": [ 12.0, -10.0, 1.0 ],
							"rotationOrigin": [ 7.0, -11.0, 0.0 ],
							"faces": {
								"north": { "texture": "#plainoak", "uv": [ 0.75, 6.75, 12.75, 8.25 ] },
								"east": { "texture": "#plainoak", "uv": [ 0.0, 0.0, 0.75, 1.5 ] },
								"south": { "texture": "#plainoak", "uv": [ 0.0, 0.0, 12.0, 1.5 ] },
								"west": { "texture": "#plainoak", "uv": [ 0.0, 0.0, 0.75, 1.5 ] },
								"up": { "texture": "#plainoak", "uv": [ 0.0, 0.0, 12.0, 0.75 ] },
								"down": { "texture": "#plainoak", "uv": [ 0.0, 0.0, 12.0, 0.75 ] }
							}
						},
						{
							"name": "Left 5",
							"from": [ 0.0, -16.0, 0.0 ],
							"to": [ 12.0, -14.0, 1.0 ],
							"rotationOrigin": [ 7.0, -15.0, 0.0 ],
							"faces": {
								"north": { "texture": "#plainoak", "uv": [ 2.25, 6.75, 14.25, 8.25 ] },
								"east": { "texture": "#plainoak", "uv": [ 0.0, 0.0, 0.75, 1.5 ] },
								"south": { "texture": "#plainoak", "uv": [ 3.0, 16.5, 15.0, 18.0 ] },
								"west": { "texture": "#plainoak", "uv": [ 0.0, 0.0, 0.75, 1.5 ] },
								"up": { "texture": "#plainoak", "uv": [ 0.0, 0.0, 12.0, 0.75 ] },
								"down": { "texture": "#plainoak", "uv": [ 0.0, 0.0, 12.0, 0.75 ] }
							}
						},
						{
							"name": "Left 6",
							"from": [ 0.0, -20.0, 0.0 ],
							"to": [ 12.0, -18.0, 1.0 ],
							"rotationOrigin": [ 7.0, -19.0, 0.0 ],
							"faces": {
								"north": { "texture": "#plainoak", "uv": [ 0.0, 7.5, 12.0, 9.0 ] },
								"east": { "texture": "#plainoak", "uv": [ 0.0, 0.0, 0.75, 1.5 ] },
								"south": { "texture": "#plainoak", "uv": [ 0.0, 0.0, 12.0, 1.5 ] },
								"west": { "texture": "#plainoak", "uv": [ 0.0, 0.0, 0.75, 1.5 ] },
								"up": { "texture": "#plainoak", "uv": [ 0.0, 0.0, 12.0, 0.75 ] },
								"down": { "texture": "#plainoak", "uv": [ 0.0, 0.0, 12.0, 0.75 ] }
							}
						},
						{
							"name": "Left 7",
							"from": [ 0.0, -24.0, 0.0 ],
							"to": [ 12.0, -22.0, 1.0 ],
							"rotationOrigin": [ 7.0, -23.0, 0.0 ],
							"faces": {
								"north": { "texture": "#plainoak", "uv": [ 0.0, 0.0, 12.0, 2.0 ] },
								"east": { "texture": "#plainoak", "uv": [ 0.0, 0.0, 1.0, 2.0 ] },
								"south": { "texture": "#plainoak", "uv": [ 0.0, 0.0, 12.0, 2.0 ] },
								"west": { "texture": "#plainoak", "uv": [ 0.0, 0.0, 1.0, 2.0 ] },
								"up": { "texture": "#plainoak", "uv": [ 0.0, 0.0, 12.0, 1.0 ] },
								"down": { "texture": "#plainoak", "uv": [ 0.0, 0.0, 12.0, 1.0 ] }
							}
						},
						{
							"name": "Left 8",
							"from": [ 0.0, -28.0, 0.0 ],
							"to": [ 12.0, -26.0, 1.0 ],
							"rotationOrigin": [ 7.0, -27.0, 0.0 ],
							"faces": {
								"north": { "texture": "#plainoak", "uv": [ 0.0, 9.75, 12.0, 11.25 ] },
								"east": { "texture": "#plainoak", "uv": [ 0.0, 0.0, 0.75, 1.5 ] },
								"south": { "texture": "#plainoak", "uv": [ 0.0, 0.0, 12.0, 1.5 ] },
								"west": { "texture": "#plainoak", "uv": [ 0.0, 0.0, 0.75, 1.5 ] },
								"up": { "texture": "#plainoak", "uv": [ 0.0, 0.0, 12.0, 0.75 ] },
								"down": { "texture": "#plainoak", "uv": [ 0.0, 0.0, 12.0, 0.75 ] }
							}
						},
						{
							"name": "Left 9",
							"from": [ 0.0, -32.0, 0.0 ],
							"to": [ 12.0, -30.0, 1.0 ],
							"rotationOrigin": [ 7.0, -31.0, 0.0 ],
							"faces": {
								"north": { "texture": "#plainoak", "uv": [ 0.0, 0.0, 12.0, 2.0 ] },
								"east": { "texture": "#plainoak", "uv": [ 0.0, 0.0, 1.0, 2.0 ] },
								"south": { "texture": "#plainoak", "uv": [ 0.0, 0.0, 12.0, 2.0 ] },
								"west": { "texture": "#plainoak", "uv": [ 0.0, 0.0, 1.0, 2.0 ] },
								"up": { "texture": "#plainoak", "uv": [ 0.0, 0.0, 12.0, 1.0 ] },
								"down": { "texture": "#plainoak", "uv": [ 0.0, 0.0, 12.0, 1.0 ] }
							}
						},
						{
							"name": "Left 10",
							"from": [ 0.0, -36.0, 0.0 ],
							"to": [ 12.0, -34.0, 1.0 ],
							"rotationOrigin": [ 7.0, -35.0, 0.0 ],
							"faces": {
								"north": { "texture": "#plainoak", "uv": [ 3.75, 9.75, 15.75, 11.25 ] },
								"east": { "texture": "#plainoak", "uv": [ 0.0, 0.0, 0.75, 1.5 ] },
								"south": { "texture": "#plainoak", "uv": [ 5.25, 13.5, 17.25, 15.0 ] },
								"west": { "texture": "#plainoak", "uv": [ 0.0, 0.0, 0.75, 1.5 ] },
								"up": { "texture": "#plainoak", "uv": [ 0.0, 0.0, 12.0, 0.75 ] },
								"down": { "texture": "#plainoak", "uv": [ 0.0, 0.0, 12.0, 0.75 ] }
							}
						},
						{
							"name": "Left 11",
							"from": [ 0.0, -40.0, 0.0 ],
							"to": [ 12.0, -38.0, 1.0 ],
							"rotationOrigin": [ 7.0, -39.0, 0.0 ],
							"faces": {
								"north": { "texture": "#plainoak", "uv": [ 9.75, 14.25, 21.75, 15.75 ] },
								"east": { "texture": "#plainoak", "uv": [ 0.0, 0.0, 0.75, 1.5 ] },
								"south": { "texture": "#plainoak", "uv": [ 0.0, 0.0, 12.0, 1.5 ] },
								"west": { "texture": "#plainoak", "uv": [ 0.0, 0.0, 0.75, 1.5 ] },
								"up": { "texture": "#plainoak", "uv": [ 0.0, 0.0, 12.0, 0.75 ] },
								"down": { "texture": "#plainoak", "uv": [ 0.0, 0.0, 12.0, 0.75 ] }
							}
						}
					]
				}
			]
		},
		{
			"name": "Right Side R",
			"from": [ 12.9, 0.0, 7.0 ],
			"to": [ 15.9, 47.0, 10.0 ],
			"rotationOrigin": [ 3.0, 52.0, 10.0 ],
			"rotationX": -11.5,
			"faces": {
				"north": { "texture": "#wood-generic", "uv": [ 21.0, 0.0, 24.0, 47.0 ], "autoUv": false },
				"east": { "texture": "#wood-generic", "uv": [ 43.5, 0.0, 46.5, 46.5 ] },
				"south": { "texture": "#wood-generic", "uv": [ 6.0, 0.0, 9.0, 46.5 ] },
				"west": { "texture": "#wood-generic", "uv": [ 34.5, 0.0, 37.5, 46.5 ] },
				"up": { "texture": "#wood-generic", "uv": [ 0.0, 0.0, 3.0, 3.0 ] },
				"down": { "texture": "#wood-generic", "uv": [ 0.0, 0.0, 3.0, 3.0 ] }
			},
			"children": [
				{
					"name": "Right Side L",
					"from": [ -13.0, 0.0, 0.0 ],
					"to": [ -10.0, 47.0, 3.0 ],
					"rotationOrigin": [ -13.0, 0.0, 0.0 ],
					"faces": {
						"north": { "texture": "#wood-generic", "uv": [ 25.5, 0.0, 28.5, 46.5 ] },
						"east": { "texture": "#wood-generic", "uv": [ 16.5, 0.0, 19.5, 46.5 ] },
						"south": { "texture": "#wood-generic", "uv": [ 12.0, 0.0, 15.0, 46.5 ] },
						"west": { "texture": "#wood-generic", "uv": [ 30.0, 0.0, 33.0, 46.5 ] },
						"up": { "texture": "#wood-generic", "uv": [ 0.0, 0.0, 3.0, 3.0 ] },
						"down": { "texture": "#wood-generic", "uv": [ 0.0, 0.0, 3.0, 3.0 ] }
					}
				},
				{
					"name": "Right1",
					"from": [ -11.0, 20.0, 1.0 ],
					"to": [ 1.0, 23.0, 2.0 ],
					"rotationOrigin": [ -11.0, 20.0, 1.0 ],
					"faces": {
						"north": { "texture": "#wood-generic", "uv": [ 27.0, 7.5, 39.0, 10.5 ] },
						"east": { "texture": "#wood-generic", "uv": [ 0.0, 0.0, 1.5, 3.0 ] },
						"south": { "texture": "#wood-generic", "uv": [ 15.0, 16.5, 27.0, 19.5 ] },
						"west": { "texture": "#wood-generic", "uv": [ 0.0, 0.0, 1.5, 3.0 ] },
						"up": { "texture": "#wood-generic", "uv": [ 7.5, 18.0, 19.5, 19.5 ] },
						"down": { "texture": "#wood-generic", "uv": [ 21.0, 31.5, 33.0, 33.0 ] }
					},
					"children": [
						{
							"name": "Bolt1",
							"from": [ -2.5, 1.0, 0.0 ],
							"to": [ -2.0, 2.0, 1.0 ],
							"rotationOrigin": [ -3.0, 1.0, 0.0 ],
							"faces": {
								"north": { "texture": "#iron2", "uv": [ 0.0, 0.0, 1.0, 1.0 ] },
								"east": { "texture": "#iron2", "uv": [ 0.0, 0.0, 1.0, 1.0 ] },
								"south": { "texture": "#iron2", "uv": [ 0.0, 0.0, 1.0, 1.0 ] },
								"west": { "texture": "#iron2", "uv": [ 0.0, 0.0, 1.0, 1.0 ] },
								"up": { "texture": "#iron2", "uv": [ 0.0, 0.0, 1.0, 1.0 ] },
								"down": { "texture": "#iron2", "uv": [ 0.0, 0.0, 1.0, 1.0 ] }
							}
						},
						{
							"name": "Bolt3",
							"from": [ 14.0, 1.0, 0.0 ],
							"to": [ 14.5, 2.0, 1.0 ],
							"rotationOrigin": [ 14.0, 1.0, 0.0 ],
							"faces": {
								"north": { "texture": "#iron2", "uv": [ 0.0, 0.0, 1.0, 1.0 ] },
								"east": { "texture": "#iron2", "uv": [ 0.0, 0.0, 1.0, 1.0 ] },
								"south": { "texture": "#iron2", "uv": [ 0.0, 0.0, 1.0, 1.0 ] },
								"west": { "texture": "#iron2", "uv": [ 0.0, 0.0, 1.0, 1.0 ] },
								"up": { "texture": "#iron2", "uv": [ 0.0, 0.0, 1.0, 1.0 ] },
								"down": { "texture": "#iron2", "uv": [ 0.0, 0.0, 1.0, 1.0 ] }
							}
						}
					]
				},
				{
					"name": "Right2",
					"from": [ -11.0, 33.0, 1.0 ],
					"to": [ 1.0, 36.0, 2.0 ],
					"rotationOrigin": [ -11.0, 33.0, 1.0 ],
					"faces": {
						"north": { "texture": "#wood-generic", "uv": [ 0.0, 0.0, 12.0, 3.0 ] },
						"east": { "texture": "#wood-generic", "uv": [ 0.0, 0.0, 1.0, 3.0 ] },
						"south": { "texture": "#wood-generic", "uv": [ 0.0, 0.0, 12.0, 3.0 ] },
						"west": { "texture": "#wood-generic", "uv": [ 0.0, 0.0, 1.0, 3.0 ] },
						"up": { "texture": "#wood-generic", "uv": [ 0.0, 0.0, 12.0, 1.0 ] },
						"down": { "texture": "#wood-generic", "uv": [ 0.0, 0.0, 12.0, 1.0 ] }
					},
					"children": [
						{
							"name": "Bolt2",
							"from": [ -2.5, 1.0, 0.0 ],
							"to": [ -2.0, 2.0, 1.0 ],
							"rotationOrigin": [ -3.0, 1.0, 0.0 ],
							"faces": {
								"north": { "texture": "#iron2", "uv": [ 0.0, 0.0, 0.5, 1.0 ] },
								"east": { "texture": "#iron2", "uv": [ 0.0, 0.0, 1.0, 1.0 ] },
								"south": { "texture": "#iron2", "uv": [ 0.0, 0.0, 0.5, 1.0 ] },
								"west": { "texture": "#iron2", "uv": [ 0.0, 0.0, 1.0, 1.0 ] },
								"up": { "texture": "#iron2", "uv": [ 0.0, 0.0, 0.5, 1.0 ] },
								"down": { "texture": "#iron2", "uv": [ 0.0, 0.0, 0.5, 1.0 ] }
							}
						},
						{
							"name": "Bolt4",
							"from": [ 14.0, 1.0, 0.0 ],
							"to": [ 14.5, 2.0, 1.0 ],
							"rotationOrigin": [ 14.0, 1.0, 0.0 ],
							"faces": {
								"north": { "texture": "#iron2", "uv": [ 0.0, 0.0, 0.5, 1.0 ] },
								"east": { "texture": "#iron2", "uv": [ 0.0, 0.0, 1.0, 1.0 ] },
								"south": { "texture": "#iron2", "uv": [ 0.0, 0.0, 0.5, 1.0 ] },
								"west": { "texture": "#iron2", "uv": [ 0.0, 0.0, 1.0, 1.0 ] },
								"up": { "texture": "#iron2", "uv": [ 0.0, 0.0, 0.5, 1.0 ] },
								"down": { "texture": "#iron2", "uv": [ 0.0, 0.0, 0.5, 1.0 ] }
							}
						}
					]
				}
			]
		},
		{
			"name": "Top",
			"from": [ 0.0, 46.5, 5.0 ],
			"to": [ 16.0, 47.5, 11.0 ],
			"rotationOrigin": [ 0.0, 46.0, 6.0 ],
			"faces": {
				"north": { "texture": "#plainoak", "uv": [ 0.0, 0.0, 15.75, 0.75 ] },
				"east": { "texture": "#plainoak", "uv": [ 0.0, 0.0, 6.0, 0.75 ] },
				"south": { "texture": "#plainoak", "uv": [ 0.0, 0.0, 15.75, 0.75 ] },
				"west": { "texture": "#plainoak", "uv": [ 0.0, 0.0, 6.0, 0.75 ] },
				"up": { "texture": "#plainoak", "uv": [ 3.75, 7.5, 19.5, 13.5 ] },
				"down": { "texture": "#plainoak", "uv": [ 6.0, 6.75, 21.75, 12.75 ] }
			}
		},
		{
			"name": "Iron Bracket R",
			"from": [ -0.5, 25.0, 2.0 ],
			"to": [ 0.0, 26.0, 9.0 ],
			"rotationOrigin": [ -1.0, 25.0, 2.0 ],
			"rotationX": -22.5,
			"faces": {
				"north": { "texture": "#iron2", "uv": [ 0.0, 0.0, 0.5, 1.0 ] },
				"east": { "texture": "#iron2", "uv": [ 0.0, 0.0, 7.0, 1.0 ] },
				"south": { "texture": "#iron2", "uv": [ 0.0, 0.0, 0.5, 1.0 ] },
				"west": { "texture": "#iron2", "uv": [ 0.0, 0.0, 7.0, 1.0 ] },
				"up": { "texture": "#iron2", "uv": [ 0.0, 0.0, 0.5, 7.0 ] },
				"down": { "texture": "#iron2", "uv": [ 0.0, 0.0, 0.5, 7.0 ] }
			},
			"children": [
				{
					"name": "Iron BracketR2",
					"from": [ 0.01, 0.66, 5.23 ],
					"to": [ 0.51, 1.66, 13.23 ],
					"rotationOrigin": [ -0.5, 0.1585, 5.2304 ],
					"rotationX": 45.0,
					"faces": {
						"north": { "texture": "#iron2", "uv": [ 0.0, 0.0, 0.5, 1.0 ] },
						"east": { "texture": "#iron2", "uv": [ 0.0, 0.0, 8.0, 1.0 ] },
						"south": { "texture": "#iron2", "uv": [ 0.0, 0.0, 0.5, 1.0 ] },
						"west": { "texture": "#iron2", "uv": [ 0.0, 0.0, 8.0, 1.0 ] },
						"up": { "texture": "#iron2", "uv": [ 0.0, 0.0, 0.5, 8.0 ] },
						"down": { "texture": "#iron2", "uv": [ 0.0, 0.0, 0.5, 8.0 ] }
					}
				}
			]
		},
		{
			"name": "Iron Bracket L",
			"from": [ 16.0, 25.0, 2.0 ],
			"to": [ 16.51, 26.0, 9.0 ],
			"rotationOrigin": [ 16.0, 25.0, 2.0 ],
			"rotationX": -22.5,
			"faces": {
				"north": { "texture": "#iron2", "uv": [ 0.0, 0.0, 0.5, 1.0 ] },
				"east": { "texture": "#iron2", "uv": [ 0.0, 0.0, 7.0, 1.0 ] },
				"south": { "texture": "#iron2", "uv": [ 0.0, 0.0, 0.5, 1.0 ] },
				"west": { "texture": "#iron2", "uv": [ 0.0, 0.0, 7.0, 1.0 ] },
				"up": { "texture": "#iron2", "uv": [ 0.0, 0.0, 0.5, 7.0 ] },
				"down": { "texture": "#iron2", "uv": [ 0.0, 0.0, 0.5, 7.0 ] }
			},
			"children": [
				{
					"name": "Iron BracketL2",
					"from": [ 0.0, 0.66, 5.23 ],
					"to": [ 0.5, 1.66, 13.23 ],
					"rotationOrigin": [ -0.5, 0.1585, 5.2304 ],
					"rotationX": 45.0,
					"faces": {
						"north": { "texture": "#iron2", "uv": [ 0.0, 0.0, 0.5, 1.0 ] },
						"east": { "texture": "#iron2", "uv": [ 0.0, 0.0, 8.0, 1.0 ] },
						"south": { "texture": "#iron2", "uv": [ 0.0, 0.0, 0.5, 1.0 ] },
						"west": { "texture": "#iron2", "uv": [ 0.0, 0.0, 8.0, 1.0 ] },
						"up": { "texture": "#iron2", "uv": [ 0.0, 0.0, 0.5, 8.0 ] },
						"down": { "texture": "#iron2", "uv": [ 0.0, 0.0, 0.5, 8.0 ] }
					}
				}
			]
		}
	]}