{
    "type": "code",
    "modid": "functionalanchor",
    "name": "Functional Anchor Enhanced",
    "authors": [
        "IgnorGTO",
        "Antigravity"
    ],
    "description": "⚓ Functional anchor + boat pickup/transport + dock construction! Опустите якорь для pickup лодки (Shift+RMB), стройте верфи, перевозите лодки с грузом! / Deploy anchor to pickup boats (Shift+RMB), build docks, transport boats with cargo!",
    "version": "3.1.8",
    "side": "universal",
    "website": "https://gto-team.uz",
    "dependencies": {
        "game": "1.21.6"
    },
    "requiredOnClient": true,
    "requiredOnServer": true
}