{
  "textureWidth":64,
  "textureHeight":64,
  "textures":{
    "smalltreetexture":"smalltree-plain"
  },
  "textureSizes":{
    "smalltreetexture":[
      64,
      64
    ]
  },
  "elements":[
    {
      "name":"origin",
      "from":[
        0.0,
        0.0,
        0.0
      ],
      "to":[
        0.0,
        0.0,
        0.0
      ],
      "rotationOrigin":[
        8.0,
        0.0,
        8.0
      ],
      "group":"Scene Collection",
      "faces":{
        "north":{
          "texture":"#0",
          "uv":[
            0,
            0,
            4,
            4
          ],
          "autoUv":false
        },
        "east":{
          "texture":"#0",
          "uv":[
            0,
            0,
            4,
            4
          ],
          "autoUv":false
        },
        "south":{
          "texture":"#0",
          "uv":[
            0,
            0,
            4,
            4
          ],
          "autoUv":false
        },
        "west":{
          "texture":"#0",
          "uv":[
            0,
            0,
            4,
            4
          ],
          "autoUv":false
        },
        "up":{
          "texture":"#smalltreetexture",
          "uv":[
            1.0,
            61.0,
            1.0,
            64.0
          ],
          "autoUv":false,
          "rotation":180
        },
        "down":{
          "texture":"#0",
          "uv":[
            0,
            0,
            4,
            4
          ],
          "autoUv":false
        }
      },
      "children":[
        {
          "name":"base",
          "from":[
            5.0,
            0.0,
            5.0
          ],
          "to":[
            11.0,
            1.0,
            11.0
          ],
          "rotationOrigin":[
            8.0,
            0.0,
            8.0
          ],
          "group":"Scene Collection",
          "faces":{
            "north":{
              "texture":"#smalltreetexture",
              "uv":[
                53.0,
                58.0,
                62.0,
                60.0
              ],
              "autoUv":false,
              "windMode":[0,0,0,0]
            },
            "east":{
              "texture":"#smalltreetexture",
              "uv":[
                51.0,
                49.0,
                53.0,
                58.0
              ],
              "autoUv":false,
              "rotation":270,
              "windMode":[0,0,0,0]
            },
            "south":{
              "texture":"#smalltreetexture",
              "uv":[
                53.0,
                47.0,
                62.0,
                49.0
              ],
              "autoUv":false,
              "rotation":180,
              "windMode":[0,0,0,0]
            },
            "west":{
              "texture":"#smalltreetexture",
              "uv":[
                62.0,
                49.0,
                64.0,
                58.0
              ],
              "autoUv":false,
              "rotation":90,
              "windMode":[0,0,0,0]
            },
            "up":{
              "texture":"#smalltreetexture",
              "uv":[
                53.0,
                49.0,
                62.0,
                58.0
              ],
              "autoUv":false,
              "rotation":180,
              "windMode":[0,0,0,0]
            },
            "down":{
              "texture":"#smalltreetexture",
              "uv":[
                30.0,
                10.0,
                21.0,
                1.0
              ],
              "autoUv":false,
              "rotation":180,
              "windMode":[0,0,0,0]
            }
          },
          "children":[]
        },
        {
          "name":"leaves",
          "from":[
            0.0,
            0.0,
            0.0
          ],
          "to":[
            0.0,
            0.0,
            0.0
          ],
          "rotationOrigin":[
            8.0,
            0.0,
            8.0
          ],
          "group":"Scene Collection",
          "faces":{
            "north":{
              "texture":"#0",
              "uv":[
                0,
                0,
                4,
                4
              ],
              "autoUv":false
            },
            "east":{
              "texture":"#0",
              "uv":[
                0,
                0,
                4,
                4
              ],
              "autoUv":false
            },
            "south":{
              "texture":"#0",
              "uv":[
                0,
                0,
                4,
                4
              ],
              "autoUv":false
            },
            "west":{
              "texture":"#0",
              "uv":[
                0,
                0,
                4,
                4
              ],
              "autoUv":false
            },
            "up":{
              "texture":"#smalltreetexture",
              "uv":[
                2.0,
                61.0,
                2.0,
                64.0
              ],
              "autoUv":false,
              "rotation":180
            },
            "down":{
              "texture":"#0",
              "uv":[
                0,
                0,
                4,
                4
              ],
              "autoUv":false
            }
          },
          "children":[
            {
              "name":"foliage1",
              "from":[
                2.0,
                4.0,
                2.0
              ],
              "to":[
                14.0,
                7.0,
                14.0
              ],
              "rotationOrigin":[
                8.0,
                0.0,
                8.0
              ],
              "group":"Scene Collection",
              "faces":{
                "north":{
                  "texture":"#smalltreetexture",
                  "uv":[
                    5.0,
                    59.0,
                    23.0,
                    64.0
                  ],
                  "autoUv":false,
                  "windMode":[1,1,1,1]
                },
                "east":{
                  "texture":"#smalltreetexture",
                  "uv":[
                    0.0,
                    41.0,
                    5.0,
                    59.0
                  ],
                  "autoUv":false,
                  "rotation":270,
                  "windMode":[1,1,1,1]
                },
                "south":{
                  "texture":"#smalltreetexture",
                  "uv":[
                    5.0,
                    36.0,
                    23.0,
                    41.0
                  ],
                  "autoUv":false,
                  "rotation":180,
                  "windMode":[1,1,1,1]
                },
                "west":{
                  "texture":"#smalltreetexture",
                  "uv":[
                    23.0,
                    41.0,
                    28.0,
                    59.0
                  ],
                  "autoUv":false,
                  "rotation":90,
                  "windMode":[1,1,1,1]
                },
                "up":{
                  "texture":"#smalltreetexture",
                  "uv":[
                    5.0,
                    41.0,
                    23.0,
                    59.0
                  ],
                  "autoUv":false,
                  "rotation":180,
                  "windMode":[1,1,1,1]
                },
                "down":{
                  "texture":"#smalltreetexture",
                  "uv":[
                    63.0,
                    37.0,
                    44.0,
                    18.0
                  ],
                  "autoUv":false,
                  "rotation":180,
                  "windMode":[1,1,1,1]
                }
              },
              "children":[]
            },
            {
              "name":"foliage2",
              "from":[
                3.0,
                7.0,
                3.0
              ],
              "to":[
                13.0,
                10.0,
                13.0
              ],
              "rotationOrigin":[
                8.0,
                0.0,
                8.0
              ],
              "group":"Scene Collection",
              "faces":{
                "north":{
                  "texture":"#smalltreetexture",
                  "uv":[
                    18.0,
                    17.0,
                    23.0,
                    33.0
                  ],
                  "autoUv":false,
                  "rotation":270,
                  "windMode":[1,1,1,1]
                },
                "east":{
                  "texture":"#smalltreetexture",
                  "uv":[
                    23.0,
                    12.0,
                    38.0,
                    17.0
                  ],
                  "autoUv":false,
                  "rotation":180,
                  "windMode":[1,1,1,1]
                },
                "south":{
                  "texture":"#smalltreetexture",
                  "uv":[
                    38.0,
                    17.0,
                    43.0,
                    33.0
                  ],
                  "autoUv":false,
                  "rotation":90,
                  "windMode":[1,1,1,1]
                },
                "west":{
                  "texture":"#smalltreetexture",
                  "uv":[
                    23.0,
                    33.0,
                    38.0,
                    38.0
                  ],
                  "autoUv":false,
                  "windMode":[1,1,1,1]
                },
                "up":{
                  "texture":"#smalltreetexture",
                  "uv":[
                    23.0,
                    17.0,
                    38.0,
                    33.0
                  ],
                  "autoUv":false,
                  "rotation":90,
                  "windMode":[1,1,1,1]
                },
                "down":{
                  "texture":"#smalltreetexture",
                  "uv":[
                    84.36140441894531,
                    49.002994537353516,
                    69.21197509765625,
                    33.85356521606445
                  ],
                  "autoUv":false,
                  "rotation":90,
                  "windMode":[1,1,1,1]
                }
              },
              "children":[]
            },
            {
              "name":"foliage3",
              "from":[
                4.0,
                10.0,
                4.0
              ],
              "to":[
                12.0,
                13.0,
                12.0
              ],
              "rotationOrigin":[
                8.0,
                0.0,
                8.0
              ],
              "group":"Scene Collection",
              "faces":{
                "north":{
                  "texture":"#smalltreetexture",
                  "uv":[
                    33.0,
                    42.0,
                    45.0,
                    47.0
                  ],
                  "autoUv":false,
                  "rotation":180,
                  "windMode":[1,1,1,1]
                },
                "east":{
                  "texture":"#smalltreetexture",
                  "uv":[
                    45.0,
                    47.0,
                    50.0,
                    59.0
                  ],
                  "autoUv":false,
                  "rotation":90,
                  "windMode":[1,1,1,1]
                },
                "south":{
                  "texture":"#smalltreetexture",
                  "uv":[
                    33.0,
                    59.0,
                    45.0,
                    64.0
                  ],
                  "autoUv":false,
                  "windMode":[1,1,1,1]
                },
                "west":{
                  "texture":"#smalltreetexture",
                  "uv":[
                    28.0,
                    47.0,
                    33.0,
                    59.0
                  ],
                  "autoUv":false,
                  "rotation":270,
                  "windMode":[1,1,1,1]
                },
                "up":{
                  "texture":"#smalltreetexture",
                  "uv":[
                    33.0,
                    47.0,
                    45.0,
                    59.0
                  ],
                  "autoUv":false,
                  "windMode":[1,1,1,1]
                },
                "down":{
                  "texture":"#smalltreetexture",
                  "uv":[
                    81.57117462158203,
                    32.63974380493164,
                    70.0,
                    21.06856918334961
                  ],
                  "autoUv":false,
                  "rotation":90,
                  "windMode":[1,1,1,1]
                }
              },
              "children":[]
            },
            {
              "name":"foliage4",
              "from":[
                5.0,
                13.0,
                5.0
              ],
              "to":[
                11.0,
                16.0,
                11.0
              ],
              "rotationOrigin":[
                8.0,
                0.0,
                8.0
              ],
              "group":"Scene Collection",
              "faces":{
                "north":{
                  "texture":"#smalltreetexture",
                  "uv":[
                    1.0,
                    6.0,
                    6.0,
                    16.0
                  ],
                  "autoUv":false,
                  "rotation":270,
                  "windMode":[1,1,1,1]
                },
                "east":{
                  "texture":"#smalltreetexture",
                  "uv":[
                    6.0,
                    1.0,
                    15.0,
                    6.0
                  ],
                  "autoUv":false,
                  "rotation":180,
                  "windMode":[1,1,1,1]
                },
                "south":{
                  "texture":"#smalltreetexture",
                  "uv":[
                    15.0,
                    6.0,
                    20.0,
                    16.0
                  ],
                  "autoUv":false,
                  "rotation":90,
                  "windMode":[1,1,1,1]
                },
                "west":{
                  "texture":"#smalltreetexture",
                  "uv":[
                    6.0,
                    16.0,
                    15.0,
                    21.0
                  ],
                  "autoUv":false,
                  "windMode":[1,1,1,1]
                },
                "up":{
                  "texture":"#smalltreetexture",
                  "uv":[
                    6.0,
                    6.0,
                    15.0,
                    16.0
                  ],
                  "autoUv":false,
                  "rotation":90,
                  "windMode":[1,1,1,1]
                },
                "down":{
                  "texture":"#smalltreetexture",
                  "uv":[
                    80.16658020019531,
                    19.912189483642578,
                    72.12117004394531,
                    11.866790771484375
                  ],
                  "autoUv":false,
                  "rotation":90,
                  "windMode":[1,1,1,1]
                }
              },
              "children":[]
            },
            {
              "name":"foliage5",
              "from":[
                6.0,
                16.0,
                6.0
              ],
              "to":[
                10.0,
                19.0,
                10.0
              ],
              "rotationOrigin":[
                8.0,
                0.0,
                8.0
              ],
              "group":"Scene Collection",
              "faces":{
                "north":{
                  "texture":"#smalltreetexture",
                  "uv":[
                    46.0,
                    12.0,
                    52.0,
                    17.0
                  ],
                  "autoUv":false,
                  "windMode":[1,1,1,1]
                },
                "east":{
                  "texture":"#smalltreetexture",
                  "uv":[
                    41.0,
                    6.0,
                    46.0,
                    12.0
                  ],
                  "autoUv":false,
                  "rotation":270,
                  "windMode":[1,1,1,1]
                },
                "south":{
                  "texture":"#smalltreetexture",
                  "uv":[
                    46.0,
                    1.0,
                    52.0,
                    6.0
                  ],
                  "autoUv":false,
                  "rotation":180,
                  "windMode":[1,1,1,1]
                },
                "west":{
                  "texture":"#smalltreetexture",
                  "uv":[
                    52.0,
                    6.0,
                    57.0,
                    12.0
                  ],
                  "autoUv":false,
                  "rotation":90,
                  "windMode":[1,1,1,1]
                },
                "up":{
                  "texture":"#smalltreetexture",
                  "uv":[
                    46.0,
                    6.0,
                    52.0,
                    12.0
                  ],
                  "autoUv":false,
                  "rotation":180,
                  "windMode":[1,1,1,1]
                },
                "down":{
                  "texture":"#smalltreetexture",
                  "uv":[
                    79.02774810791016,
                    10.668174743652344,
                    74.36862182617188,
                    6.0090484619140625
                  ],
                  "autoUv":false,
                  "windMode":[1,1,1,1]
                }
              },
              "children":[]
            },
            {
              "name":"foliage6",
              "from":[
                7.0,
                19.0,
                7.0
              ],
              "to":[
                9.0,
                22.0,
                9.0
              ],
              "rotationOrigin":[
                8.0,
                0.0,
                8.0
              ],
              "group":"Scene Collection",
              "faces":{
                "north":{
                  "texture":"#smalltreetexture",
                  "uv":[
                    9.0,
                    22.0,
                    12.0,
                    27.0
                  ],
                  "autoUv":false,
                  "rotation":180,
                  "windMode":[1,1,1,1]
                },
                "east":{
                  "texture":"#smalltreetexture",
                  "uv":[
                    12.0,
                    27.0,
                    17.0,
                    30.0
                  ],
                  "autoUv":false,
                  "rotation":90,
                  "windMode":[1,1,1,1]
                },
                "south":{
                  "texture":"#smalltreetexture",
                  "uv":[
                    9.0,
                    30.0,
                    12.0,
                    35.0
                  ],
                  "autoUv":false,
                  "windMode":[1,1,1,1]
                },
                "west":{
                  "texture":"#smalltreetexture",
                  "uv":[
                    4.0,
                    27.0,
                    9.0,
                    30.0
                  ],
                  "autoUv":false,
                  "rotation":270,
                  "windMode":[1,1,1,1]
                },
                "up":{
                  "texture":"#smalltreetexture",
                  "uv":[
                    9.0,
                    27.0,
                    12.0,
                    30.0
                  ],
                  "autoUv":false,
                  "windMode":[1,1,1,1]
                },
                "down":{
                  "texture":"#smalltreetexture",
                  "uv":[
                    78.85379791259766,
                    4.861911773681641,
                    74.87073516845703,
                    0.87884521484375
                  ],
                  "autoUv":false,
                  "windMode":[1,1,1,1]
                }
              },
              "children":[]
            }
          ]
        },
        {
          "name":"trunk",
          "from":[
            7.0,
            1.0,
            7.0
          ],
          "to":[
            9.0,
            4.0,
            9.0
          ],
          "rotationOrigin":[
            8.0,
            0.0,
            8.0
          ],
          "group":"Scene Collection",
          "faces":{
            "north":{
              "texture":"#smalltreetexture",
              "uv":[
                58.0,
                4.0,
                63.0,
                7.0
              ],
              "autoUv":false,
              "rotation":270,
              "windMode":[0,0,0,0]
            },
            "east":{
              "texture":"#smalltreetexture",
              "uv":[
                58.0,
                1.0,
                63.0,
                4.0
              ],
              "autoUv":false,
              "rotation":270,
              "windMode":[0,0,0,0]
            },
            "south":{
              "texture":"#smalltreetexture",
              "uv":[
                58.0,
                10.0,
                63.0,
                13.0
              ],
              "autoUv":false,
              "rotation":270,
              "windMode":[0,0,0,0]
            },
            "west":{
              "texture":"#smalltreetexture",
              "uv":[
                58.0,
                7.0,
                63.0,
                10.0
              ],
              "autoUv":false,
              "rotation":270,
              "windMode":[0,0,0,0]
            },
            "up":{
              "texture":"#smalltreetexture",
              "uv":[
                75.73908996582031,
                50.45009994506836,
                78.95344543457031,
                53.66446304321289
              ],
              "autoUv":false,
              "rotation":90,
              "windMode":[0,0,0,0]
            },
            "down":{
              "texture":"#smalltreetexture",
              "uv":[
                78.95344543457031,
                57.878822326660156,
                75.73908233642578,
                54.664459228515625
              ],
              "autoUv":false,
              "rotation":90,
              "windMode":[0,0,0,0]
            }
          },
          "children":[]
        }
      ]
    }
  ],
  "groups":[]
}