{
	"editor": {
		"allAngles": false,
		"entityTextureMode": false
	},
	"textureWidth": 16,
	"textureHeight": 16,
	"textureSizes": {
	},
	"textures": {
		"bronze": "block/bronze",
		"connection-item-in": "block/connection-item-in",
		"connection-item-out": "block/connection-item-out",
		"machinery": "block/lv_machinery/machinery",
		"machinery-border-small": "block/lv_machinery/machinery-border-small",
		"machinery-openhatch": "block/lv_machinery/machinery-openhatch"
	},
	"elements": [
		{
			"name": "Bottom",
			"from": [ 1.0, 0.0, 1.0 ],
			"to": [ 15.0, 1.0, 15.0 ],
			"rotationOrigin": [ 1.0, 0.0, 1.0 ],
			"faces": {
				"north": { "texture": "#bronze", "uv": [ 0.0, 0.0, 14.0, 1.0 ] },
				"east": { "texture": "#bronze", "uv": [ 0.0, 0.0, 14.0, 1.0 ] },
				"south": { "texture": "#bronze", "uv": [ 0.0, 0.0, 14.0, 1.0 ] },
				"west": { "texture": "#bronze", "uv": [ 0.0, 0.0, 14.0, 1.0 ] },
				"up": { "texture": "#machinery-border-small", "uv": [ 1.0, 9.0, 6.0, 13.0 ], "autoUv": false },
				"down": { "texture": "#bronze", "uv": [ 0.0, 0.0, 14.0, 14.0 ] }
			}
		},
		{
			"name": "NWCorner",
			"from": [ 1.0, 1.0, 1.0 ],
			"to": [ 3.0, 14.0, 3.0 ],
			"rotationOrigin": [ 1.0, 1.0, 1.0 ],
			"faces": {
				"north": { "texture": "#bronze", "uv": [ 0.0, 0.0, 2.0, 13.0 ] },
				"east": { "texture": "#bronze", "uv": [ 0.0, 0.0, 2.0, 13.0 ] },
				"south": { "texture": "#bronze", "uv": [ 0.0, 0.0, 2.0, 13.0 ] },
				"west": { "texture": "#bronze", "uv": [ 0.0, 0.0, 2.0, 13.0 ] },
				"up": { "texture": "#bronze", "uv": [ 0.0, 0.0, 2.0, 2.0 ] },
				"down": { "texture": "#bronze", "uv": [ 0.0, 0.0, 2.0, 2.0 ] }
			}
		},
		{
			"name": "NECorner",
			"from": [ 13.0, 1.0, 1.0 ],
			"to": [ 15.0, 14.0, 3.0 ],
			"rotationOrigin": [ 13.0, 1.0, 1.0 ],
			"faces": {
				"north": { "texture": "#bronze", "uv": [ 0.0, 0.0, 2.0, 13.0 ] },
				"east": { "texture": "#bronze", "uv": [ 0.0, 0.0, 2.0, 13.0 ] },
				"south": { "texture": "#bronze", "uv": [ 0.0, 0.0, 2.0, 13.0 ] },
				"west": { "texture": "#bronze", "uv": [ 0.0, 0.0, 2.0, 13.0 ] },
				"up": { "texture": "#bronze", "uv": [ 0.0, 0.0, 2.0, 2.0 ] },
				"down": { "texture": "#bronze", "uv": [ 0.0, 0.0, 2.0, 2.0 ] }
			}
		},
		{
			"name": "SECorner",
			"from": [ 13.0, 1.0, 13.0 ],
			"to": [ 15.0, 14.0, 15.0 ],
			"rotationOrigin": [ 13.0, 1.0, 13.0 ],
			"faces": {
				"north": { "texture": "#bronze", "uv": [ 0.0, 0.0, 2.0, 13.0 ] },
				"east": { "texture": "#bronze", "uv": [ 0.0, 0.0, 2.0, 13.0 ] },
				"south": { "texture": "#bronze", "uv": [ 0.0, 0.0, 2.0, 13.0 ] },
				"west": { "texture": "#bronze", "uv": [ 0.0, 0.0, 2.0, 13.0 ] },
				"up": { "texture": "#bronze", "uv": [ 0.0, 0.0, 2.0, 2.0 ] },
				"down": { "texture": "#bronze", "uv": [ 0.0, 0.0, 2.0, 2.0 ] }
			}
		},
		{
			"name": "SWCorner",
			"from": [ 1.0, 1.0, 13.0 ],
			"to": [ 3.0, 14.0, 15.0 ],
			"rotationOrigin": [ 1.0, 1.0, 13.0 ],
			"faces": {
				"north": { "texture": "#bronze", "uv": [ 0.0, 0.0, 2.0, 13.0 ] },
				"east": { "texture": "#bronze", "uv": [ 0.0, 0.0, 2.0, 13.0 ] },
				"south": { "texture": "#bronze", "uv": [ 0.0, 0.0, 2.0, 13.0 ] },
				"west": { "texture": "#bronze", "uv": [ 0.0, 0.0, 2.0, 13.0 ] },
				"up": { "texture": "#bronze", "uv": [ 0.0, 0.0, 2.0, 2.0 ] },
				"down": { "texture": "#bronze", "uv": [ 0.0, 0.0, 2.0, 2.0 ] }
			}
		},
		{
			"name": "NFace",
			"from": [ 3.0, 1.0, 2.0 ],
			"to": [ 13.0, 14.0, 3.0 ],
			"rotationOrigin": [ 3.0, 1.0, 2.0 ],
			"faces": {
				"north": { "texture": "#machinery", "uv": [ 0.0, 0.5, 16.0, 16.0 ], "autoUv": false }
			}
		},
		{
			"name": "EFace",
			"from": [ 13.0, 1.0, 3.0 ],
			"to": [ 14.0, 14.0, 13.0 ],
			"rotationOrigin": [ 13.0, 1.0, 3.0 ],
			"faces": {
				"east": { "texture": "#machinery", "uv": [ 0.0, 0.5, 16.0, 16.0 ], "autoUv": false }
			}
		},
		{
			"name": "SFace",
			"from": [ 3.0, 1.0, 13.0 ],
			"to": [ 13.0, 14.0, 14.0 ],
			"rotationOrigin": [ 3.0, 1.0, 13.0 ],
			"faces": {
				"south": { "texture": "#machinery", "uv": [ 0.0, 0.5, 16.0, 16.0 ], "autoUv": false }
			}
		},
		{
			"name": "WFace",
			"from": [ 2.0, 1.0, 3.0 ],
			"to": [ 3.0, 14.0, 13.0 ],
			"rotationOrigin": [ 2.0, 1.0, 3.0 ],
			"faces": {
				"west": { "texture": "#machinery", "uv": [ 0.0, 0.5, 16.0, 16.0 ], "autoUv": false }
			}
		},
		{
			"name": "Top",
			"from": [ 1.0, 14.0, 1.0 ],
			"to": [ 15.0, 15.0, 15.0 ],
			"rotationOrigin": [ 1.0, 14.0, 1.0 ],
			"faces": {
				"north": { "texture": "#bronze", "uv": [ 0.0, 0.0, 14.0, 1.0 ] },
				"east": { "texture": "#bronze", "uv": [ 0.0, 0.0, 14.0, 1.0 ] },
				"south": { "texture": "#bronze", "uv": [ 0.0, 0.0, 14.0, 1.0 ] },
				"west": { "texture": "#bronze", "uv": [ 0.0, 0.0, 14.0, 1.0 ] },
				"up": { "texture": "#machinery", "uv": [ 0.0, 0.5, 16.0, 16.0 ], "autoUv": false },
				"down": { "texture": "#bronze", "uv": [ 0.0, 0.0, 14.0, 14.0 ] }
			}
		},
		{
			"name": "LeftBlowerPort",
			"from": [ 0.0, 2.0, 6.0 ],
			"to": [ 2.0, 6.0, 10.0 ],
			"rotationOrigin": [ 0.0, 2.0, 6.0 ],
			"faces": {
				"north": { "texture": "#bronze", "uv": [ 0.0, 0.0, 2.0, 4.0 ] },
				"south": { "texture": "#bronze", "uv": [ 0.0, 0.0, 2.0, 4.0 ] },
				"west": { "texture": "#machinery-openhatch", "uv": [ 0.0, 0.0, 16.0, 16.0 ], "autoUv": false },
				"up": { "texture": "#bronze", "uv": [ 0.0, 0.0, 2.0, 4.0 ] },
				"down": { "texture": "#bronze", "uv": [ 0.0, 0.0, 2.0, 4.0 ] }
			}
		},
		{
			"name": "RightBlowerPort",
			"from": [ 14.0, 2.0, 6.0 ],
			"to": [ 16.0, 6.0, 10.0 ],
			"rotationOrigin": [ 14.0, 2.0, 6.0 ],
			"faces": {
				"north": { "texture": "#bronze", "uv": [ 0.0, 0.0, 2.0, 4.0 ] },
				"east": { "texture": "#machinery-openhatch", "uv": [ 0.0, 0.0, 16.0, 16.0 ], "autoUv": false },
				"south": { "texture": "#bronze", "uv": [ 0.0, 0.0, 2.0, 4.0 ] },
				"up": { "texture": "#bronze", "uv": [ 0.0, 0.0, 2.0, 4.0 ] },
				"down": { "texture": "#bronze", "uv": [ 0.0, 0.0, 2.0, 4.0 ] }
			}
		},
		{
			"name": "BackInput",
			"from": [ 6.0, 6.0, 0.0 ],
			"to": [ 10.0, 10.0, 2.0 ],
			"rotationOrigin": [ 6.0, 6.0, 0.0 ],
			"faces": {
				"north": { "texture": "#machinery-border-small", "uv": [ 9.0, 7.0, 15.0, 11.5 ], "autoUv": false },
				"east": { "texture": "#machinery-border-small", "uv": [ 0.0, 8.5, 2.0, 12.5 ] },
				"west": { "texture": "#machinery-border-small", "uv": [ 0.0, 8.5, 2.0, 12.5 ] },
				"up": { "texture": "#machinery-border-small", "uv": [ 0.0, 8.5, 4.0, 10.5 ] },
				"down": { "texture": "#machinery-border-small", "uv": [ 0.0, 8.5, 4.0, 10.5 ] }
			}
		},
		{
			"name": "FrontOutput",
			"from": [ 6.0, 6.0, 14.0 ],
			"to": [ 10.0, 10.0, 16.0 ],
			"rotationOrigin": [ 6.0, 6.0, 14.0 ],
			"faces": {
				"east": { "texture": "#machinery-border-small", "uv": [ 0.0, 8.5, 2.0, 12.5 ] },
				"south": { "texture": "#machinery-border-small", "uv": [ 9.0, 7.0, 15.0, 11.5 ], "autoUv": false },
				"west": { "texture": "#machinery-border-small", "uv": [ 0.0, 8.5, 2.0, 12.5 ] },
				"up": { "texture": "#machinery-border-small", "uv": [ 0.0, 8.5, 4.0, 10.5 ] },
				"down": { "texture": "#machinery-border-small", "uv": [ 0.0, 8.5, 4.0, 10.5 ] }
			}
		},
		{
			"name": "BackInputSplat",
			"from": [ 6.0, 6.0, -0.01 ],
			"to": [ 10.0, 10.0, -0.01 ],
			"rotationOrigin": [ 6.0, 6.0, 0.0 ],
			"faces": {
				"north": { "texture": "#connection-item-in", "uv": [ 5.0, 5.0, 10.5, 10.5 ], "autoUv": false }
			}
		},
		{
			"name": "FrontOutputSplat",
			"from": [ 6.0, 6.0, 16.001 ],
			"to": [ 10.0, 10.0, 16.001 ],
			"rotationOrigin": [ 6.0, 6.0, 16.0 ],
			"faces": {
				"south": { "texture": "#connection-item-out", "uv": [ 5.0, 5.0, 10.5, 10.5 ], "autoUv": false }
			}
		},
		{
			"name": "Top2",
			"from": [ 6.0, 15.0, 6.0 ],
			"to": [ 10.0, 16.0, 10.0 ],
			"rotationOrigin": [ 6.0, 15.0, 6.0 ],
			"faces": {
				"north": { "texture": "#machinery-border-small", "uv": [ 1.0, 8.5, 5.0, 9.5 ] },
				"east": { "texture": "#machinery-border-small", "uv": [ 1.0, 8.5, 5.0, 9.5 ] },
				"south": { "texture": "#machinery-border-small", "uv": [ 1.5, 8.5, 5.5, 9.5 ] },
				"west": { "texture": "#machinery-border-small", "uv": [ 1.0, 8.5, 5.0, 9.5 ] },
				"up": { "texture": "#machinery-border-small", "uv": [ 9.0, 7.0, 15.0, 11.5 ], "autoUv": false }
			}
		},
		{
			"name": "TopSplat",
			"from": [ 6.0, 16.001, 6.0 ],
			"to": [ 10.0, 16.001, 10.0 ],
			"rotationOrigin": [ 6.0, 16.0, 6.0 ],
			"faces": {
				"north": { "texture": "#bronze", "uv": [ 0.0, 0.0, 4.0, 0.5 ] },
				"east": { "texture": "#bronze", "uv": [ 0.0, 0.0, 4.0, 0.5 ] },
				"south": { "texture": "#bronze", "uv": [ 0.0, 0.0, 4.0, 0.5 ] },
				"west": { "texture": "#bronze", "uv": [ 0.0, 0.0, 4.0, 0.5 ] },
				"up": { "texture": "#connection-item-in", "uv": [ 5.0, 5.0, 10.5, 10.5 ], "autoUv": false }
			}
		}
	]}