{
	"editor": {
		"allAngles": false,
		"entityTextureMode": false
	},
	"textureWidth": 16,
	"textureHeight": 16,
	"textureSizes": {
	},
	"textures": {
		"quartzglass": "game:block/glass/quartzglass",
		"bismuthbronze": "game:block/metal/plate/bismuthbronze",
		"brass": "game:block/metal/plate/brass",
		"copper": "game:block/metal/plate/copper",
		"gold": "game:block/metal/plate/gold",
		"stainlesssteel": "game:block/metal/plate/stainlesssteel",
		"steel": "game:block/metal/plate/steel",
		"zinc": "game:block/metal/plate/zinc",
		"iron1": "game:block/metal/sheet/iron1",
		"emeral": "game:block/stone/gem/emeral",
		"ruby": "game:block/stone/gem/ruby",
		"topaz": "game:block/stone/gem/topaz"
	},
	"elements": [
		{
			"name": "Cube11",
			"from": [ 0.0, 0.0, 0.0 ],
			"to": [ 16.0, 2.0, 16.0 ],
			"faces": {
				"north": { "texture": "#iron1", "uv": [ 0.0, 0.0, 16.0, 2.0 ] },
				"east": { "texture": "#iron1", "uv": [ 0.0, 0.0, 16.0, 2.0 ] },
				"south": { "texture": "#iron1", "uv": [ 0.0, 0.0, 16.0, 2.0 ] },
				"west": { "texture": "#iron1", "uv": [ 0.0, 0.0, 16.0, 2.0 ] },
				"up": { "texture": "#iron1", "uv": [ 0.0, 0.0, 16.0, 16.0 ] },
				"down": { "texture": "#iron1", "uv": [ 0.0, 0.0, 16.0, 16.0 ] }
			}
		},
		{
			"name": "Cube1",
			"from": [ 7.5, 2.0, 6.0 ],
			"to": [ 8.5, 6.0, 7.0 ],
			"rotationOrigin": [ 7.5, 2.0, 6.0 ],
			"faces": {
				"north": { "texture": "#bismuthbronze", "uv": [ 0.0, 0.0, 1.0, 4.0 ] },
				"east": { "texture": "#bismuthbronze", "uv": [ 0.0, 0.0, 1.0, 4.0 ] },
				"south": { "texture": "#bismuthbronze", "uv": [ 0.0, 0.0, 1.0, 4.0 ] },
				"west": { "texture": "#bismuthbronze", "uv": [ 0.0, 0.0, 1.0, 4.0 ] },
				"up": { "texture": "#bismuthbronze", "uv": [ 0.0, 0.0, 1.0, 1.0 ] },
				"down": { "texture": "#bismuthbronze", "uv": [ 0.0, 0.0, 1.0, 1.0 ] }
			}
		},
		{
			"name": "Cube2",
			"from": [ 7.5, 2.0, 9.0 ],
			"to": [ 8.5, 6.0, 10.0 ],
			"rotationOrigin": [ 7.5, 2.0, 9.0 ],
			"faces": {
				"north": { "texture": "#bismuthbronze", "uv": [ 0.0, 0.0, 1.0, 4.0 ] },
				"east": { "texture": "#bismuthbronze", "uv": [ 0.0, 0.0, 1.0, 4.0 ] },
				"south": { "texture": "#bismuthbronze", "uv": [ 0.0, 0.0, 1.0, 4.0 ] },
				"west": { "texture": "#bismuthbronze", "uv": [ 0.0, 0.0, 1.0, 4.0 ] },
				"up": { "texture": "#bismuthbronze", "uv": [ 0.0, 0.0, 1.0, 1.0 ] },
				"down": { "texture": "#bismuthbronze", "uv": [ 0.0, 0.0, 1.0, 1.0 ] }
			}
		},
		{
			"name": "Cube3",
			"from": [ 6.0, 2.0, 7.5 ],
			"to": [ 7.0, 6.0, 8.5 ],
			"rotationOrigin": [ 6.0, 2.0, 7.5 ],
			"faces": {
				"north": { "texture": "#bismuthbronze", "uv": [ 0.0, 0.0, 1.0, 4.0 ] },
				"east": { "texture": "#bismuthbronze", "uv": [ 0.0, 0.0, 1.0, 4.0 ] },
				"south": { "texture": "#bismuthbronze", "uv": [ 0.0, 0.0, 1.0, 4.0 ] },
				"west": { "texture": "#bismuthbronze", "uv": [ 0.0, 0.0, 1.0, 4.0 ] },
				"up": { "texture": "#bismuthbronze", "uv": [ 0.0, 0.0, 1.0, 1.0 ] },
				"down": { "texture": "#bismuthbronze", "uv": [ 0.0, 0.0, 1.0, 1.0 ] }
			}
		},
		{
			"name": "Cube4",
			"from": [ 9.0, 2.0, 7.5 ],
			"to": [ 10.0, 6.0, 8.5 ],
			"rotationOrigin": [ 9.0, 2.0, 7.5 ],
			"faces": {
				"north": { "texture": "#bismuthbronze", "uv": [ 0.0, 0.0, 1.0, 4.0 ] },
				"east": { "texture": "#bismuthbronze", "uv": [ 0.0, 0.0, 1.0, 4.0 ] },
				"south": { "texture": "#bismuthbronze", "uv": [ 0.0, 0.0, 1.0, 4.0 ] },
				"west": { "texture": "#bismuthbronze", "uv": [ 0.0, 0.0, 1.0, 4.0 ] },
				"up": { "texture": "#bismuthbronze", "uv": [ 0.0, 0.0, 1.0, 1.0 ] },
				"down": { "texture": "#bismuthbronze", "uv": [ 0.0, 0.0, 1.0, 1.0 ] }
			}
		},
		{
			"name": "Cube12",
			"from": [ 2.0, 1.0, 2.0 ],
			"to": [ 14.0, 4.0, 14.0 ],
			"rotationOrigin": [ 2.0, 1.0, 2.0 ],
			"faces": {
				"north": { "texture": "#iron1", "uv": [ 0.0, 0.0, 12.0, 3.0 ] },
				"east": { "texture": "#iron1", "uv": [ 0.0, 0.0, 12.0, 3.0 ] },
				"south": { "texture": "#iron1", "uv": [ 0.0, 0.0, 12.0, 3.0 ] },
				"west": { "texture": "#iron1", "uv": [ 0.0, 0.0, 12.0, 3.0 ] },
				"up": { "texture": "#iron1", "uv": [ 0.0, 0.0, 12.0, 12.0 ] },
				"down": { "texture": "#iron1", "uv": [ 0.0, 0.0, 12.0, 12.0 ] }
			},
			"children": [
				{
					"name": "Cube5",
					"from": [ 0.2, 2.4, 0.2 ],
					"to": [ 2.2, 3.4, 2.2 ],
					"rotationOrigin": [ 0.2, 2.4, 0.2 ],
					"faces": {
						"north": { "texture": "#bismuthbronze", "uv": [ 0.0, 0.0, 2.0, 1.0 ] },
						"east": { "texture": "#bismuthbronze", "uv": [ 0.0, 0.0, 2.0, 1.0 ] },
						"south": { "texture": "#bismuthbronze", "uv": [ 0.0, 0.0, 2.0, 1.0 ] },
						"west": { "texture": "#bismuthbronze", "uv": [ 0.0, 0.0, 2.0, 1.0 ] },
						"up": { "texture": "#bismuthbronze", "uv": [ 0.0, 0.0, 2.0, 2.0 ] },
						"down": { "texture": "#bismuthbronze", "uv": [ 0.0, 0.0, 2.0, 2.0 ] }
					},
					"children": [
						{
							"name": "bulb",
							"from": [ 0.5, 0.9, 0.5 ],
							"to": [ 1.5, 3.4, 1.5 ],
							"renderPass": 3,
							"rotationOrigin": [ 0.5, 0.9, 0.5 ],
							"faces": {
								"north": { "texture": "#quartzglass", "uv": [ 0.0, 0.0, 1.0, 2.5 ], "glow": 60 },
								"east": { "texture": "#quartzglass", "uv": [ 0.0, 0.0, 1.0, 2.5 ], "glow": 60, "windMode": [-1,-1,-1,-1] },
								"south": { "texture": "#quartzglass", "uv": [ 0.0, 0.0, 1.0, 2.5 ], "glow": 60, "windMode": [-1,-1,-1,-1] },
								"west": { "texture": "#quartzglass", "uv": [ 0.0, 0.0, 1.0, 2.5 ], "glow": 60, "windMode": [-1,-1,-1,-1] },
								"up": { "texture": "#quartzglass", "uv": [ 0.0, 0.0, 1.0, 1.0 ], "glow": 60, "windMode": [-1,-1,-1,-1] },
								"down": { "texture": "#quartzglass", "uv": [ 0.0, 0.0, 1.0, 1.0 ], "glow": 60, "windMode": [-1,-1,-1,-1] }
							}
						},
						{
							"name": "Cube6",
							"from": [ 0.9, 0.8, 0.7 ],
							"to": [ 1.1, 2.8, 0.8 ],
							"rotationOrigin": [ 0.9, 0.8, 0.7 ],
							"faces": {
								"north": { "texture": "#stainlesssteel", "uv": [ 0.0, 0.0, 0.5, 2.0 ] },
								"east": { "texture": "#stainlesssteel", "uv": [ 0.0, 0.0, 0.5, 2.0 ] },
								"south": { "texture": "#stainlesssteel", "uv": [ 0.0, 0.0, 0.5, 2.0 ] },
								"west": { "texture": "#stainlesssteel", "uv": [ 0.0, 0.0, 0.5, 2.0 ] },
								"up": { "texture": "#stainlesssteel", "uv": [ 0.0, 0.0, 0.5, 0.5 ] },
								"down": { "texture": "#stainlesssteel", "uv": [ 0.0, 0.0, 0.5, 0.5 ] }
							},
							"children": [
								{
									"name": "Cube8",
									"from": [ 0.05, 1.8, 0.05 ],
									"to": [ 0.15, 1.9, 0.55 ],
									"rotationOrigin": [ 0.1, 1.8, 0.0 ],
									"faces": {
										"north": { "texture": "#copper", "uv": [ 0.0, 0.0, 0.5, 0.5 ], "glow": 230, "windMode": [-1,-1,-1,-1] },
										"east": { "texture": "#copper", "uv": [ 0.0, 0.0, 0.5, 0.5 ], "glow": 230, "windMode": [-1,-1,-1,-1] },
										"south": { "texture": "#copper", "uv": [ 0.0, 0.0, 0.5, 0.5 ], "glow": 230, "windMode": [-1,-1,-1,-1] },
										"west": { "texture": "#copper", "uv": [ 0.0, 0.0, 0.5, 0.5 ], "glow": 230, "windMode": [-1,-1,-1,-1] },
										"up": { "texture": "#copper", "uv": [ 0.0, 0.0, 0.5, 0.5 ], "glow": 230, "windMode": [-1,-1,-1,-1] },
										"down": { "texture": "#copper", "uv": [ 0.0, 0.0, 0.5, 0.5 ], "glow": 230, "windMode": [-1,-1,-1,-1] }
									}
								}
							]
						},
						{
							"name": "Cube7",
							"from": [ 0.9, 0.8, 1.2 ],
							"to": [ 1.1, 2.8, 1.3 ],
							"rotationOrigin": [ 0.9, 0.8, 1.2 ],
							"faces": {
								"north": { "texture": "#stainlesssteel", "uv": [ 0.0, 0.0, 0.5, 2.0 ] },
								"east": { "texture": "#stainlesssteel", "uv": [ 0.0, 0.0, 0.5, 2.0 ] },
								"south": { "texture": "#stainlesssteel", "uv": [ 0.0, 0.0, 0.5, 2.0 ] },
								"west": { "texture": "#stainlesssteel", "uv": [ 0.0, 0.0, 0.5, 2.0 ] },
								"up": { "texture": "#stainlesssteel", "uv": [ 0.0, 0.0, 0.5, 0.5 ] },
								"down": { "texture": "#stainlesssteel", "uv": [ 0.0, 0.0, 0.5, 0.5 ] }
							}
						}
					]
				},
				{
					"name": "Cube9",
					"from": [ 0.2, 2.4, 2.7 ],
					"to": [ 2.2, 3.4, 4.7 ],
					"rotationOrigin": [ 0.2, 2.4, 2.7 ],
					"faces": {
						"north": { "texture": "#bismuthbronze", "uv": [ 0.0, 0.0, 2.0, 1.0 ] },
						"east": { "texture": "#bismuthbronze", "uv": [ 0.0, 0.0, 2.0, 1.0 ] },
						"south": { "texture": "#bismuthbronze", "uv": [ 0.0, 0.0, 2.0, 1.0 ] },
						"west": { "texture": "#bismuthbronze", "uv": [ 0.0, 0.0, 2.0, 1.0 ] },
						"up": { "texture": "#bismuthbronze", "uv": [ 0.0, 0.0, 2.0, 2.0 ] },
						"down": { "texture": "#bismuthbronze", "uv": [ 0.0, 0.0, 2.0, 2.0 ] }
					},
					"children": [
						{
							"name": "bulb2",
							"from": [ 0.5, 0.9, 0.5 ],
							"to": [ 1.5, 3.4, 1.5 ],
							"renderPass": 3,
							"rotationOrigin": [ 0.5, 0.9, 0.5 ],
							"faces": {
								"north": { "texture": "#quartzglass", "uv": [ 0.0, 0.0, 1.0, 2.5 ], "glow": 60 },
								"east": { "texture": "#quartzglass", "uv": [ 0.0, 0.0, 1.0, 2.5 ], "glow": 60 },
								"south": { "texture": "#quartzglass", "uv": [ 0.0, 0.0, 1.0, 2.5 ], "glow": 60 },
								"west": { "texture": "#quartzglass", "uv": [ 0.0, 0.0, 1.0, 2.5 ], "glow": 60 },
								"up": { "texture": "#quartzglass", "uv": [ 0.0, 0.0, 1.0, 1.0 ], "glow": 60 },
								"down": { "texture": "#quartzglass", "uv": [ 0.0, 0.0, 1.0, 1.0 ], "glow": 60 }
							}
						},
						{
							"name": "Cube10",
							"from": [ 0.9, 0.8, 0.7 ],
							"to": [ 1.1, 2.8, 0.8 ],
							"rotationOrigin": [ 0.9, 0.8, 0.7 ],
							"faces": {
								"north": { "texture": "#stainlesssteel", "uv": [ 0.0, 0.0, 0.5, 2.0 ] },
								"east": { "texture": "#stainlesssteel", "uv": [ 0.0, 0.0, 0.5, 2.0 ] },
								"south": { "texture": "#stainlesssteel", "uv": [ 0.0, 0.0, 0.5, 2.0 ] },
								"west": { "texture": "#stainlesssteel", "uv": [ 0.0, 0.0, 0.5, 2.0 ] },
								"up": { "texture": "#stainlesssteel", "uv": [ 0.0, 0.0, 0.5, 0.5 ] },
								"down": { "texture": "#stainlesssteel", "uv": [ 0.0, 0.0, 0.5, 0.5 ] }
							},
							"children": [
								{
									"name": "Cube43",
									"from": [ 0.05, 1.8, 0.05 ],
									"to": [ 0.15, 1.9, 0.55 ],
									"rotationOrigin": [ 0.1, 1.8, 0.0 ],
									"faces": {
										"north": { "texture": "#copper", "uv": [ 0.0, 0.0, 0.5, 0.5 ], "glow": 230 },
										"east": { "texture": "#copper", "uv": [ 0.0, 0.0, 0.5, 0.5 ], "glow": 230 },
										"south": { "texture": "#copper", "uv": [ 0.0, 0.0, 0.5, 0.5 ], "glow": 230 },
										"west": { "texture": "#copper", "uv": [ 0.0, 0.0, 0.5, 0.5 ], "glow": 230 },
										"up": { "texture": "#copper", "uv": [ 0.0, 0.0, 0.5, 0.5 ], "glow": 230 },
										"down": { "texture": "#copper", "uv": [ 0.0, 0.0, 0.5, 0.5 ], "glow": 230 }
									}
								}
							]
						},
						{
							"name": "Cube44",
							"from": [ 0.9, 0.8, 1.2 ],
							"to": [ 1.1, 2.8, 1.3 ],
							"rotationOrigin": [ 0.9, 0.8, 1.2 ],
							"faces": {
								"north": { "texture": "#stainlesssteel", "uv": [ 0.0, 0.0, 0.5, 2.0 ] },
								"east": { "texture": "#stainlesssteel", "uv": [ 0.0, 0.0, 0.5, 2.0 ] },
								"south": { "texture": "#stainlesssteel", "uv": [ 0.0, 0.0, 0.5, 2.0 ] },
								"west": { "texture": "#stainlesssteel", "uv": [ 0.0, 0.0, 0.5, 2.0 ] },
								"up": { "texture": "#stainlesssteel", "uv": [ 0.0, 0.0, 0.5, 0.5 ] },
								"down": { "texture": "#stainlesssteel", "uv": [ 0.0, 0.0, 0.5, 0.5 ] }
							}
						}
					]
				},
				{
					"name": "Cube45",
					"from": [ 9.8, 2.4, 9.8 ],
					"to": [ 11.8, 3.4, 11.8 ],
					"rotationOrigin": [ 9.8, 2.4, 9.8 ],
					"faces": {
						"north": { "texture": "#bismuthbronze", "uv": [ 0.0, 0.0, 2.0, 1.0 ] },
						"east": { "texture": "#bismuthbronze", "uv": [ 0.0, 0.0, 2.0, 1.0 ] },
						"south": { "texture": "#bismuthbronze", "uv": [ 0.0, 0.0, 2.0, 1.0 ] },
						"west": { "texture": "#bismuthbronze", "uv": [ 0.0, 0.0, 2.0, 1.0 ] },
						"up": { "texture": "#bismuthbronze", "uv": [ 0.0, 0.0, 2.0, 2.0 ] },
						"down": { "texture": "#bismuthbronze", "uv": [ 0.0, 0.0, 2.0, 2.0 ] }
					},
					"children": [
						{
							"name": "bulb3",
							"from": [ 0.5, 0.9, 0.5 ],
							"to": [ 1.5, 3.4, 1.5 ],
							"renderPass": 3,
							"rotationOrigin": [ 0.5, 0.9, 0.5 ],
							"faces": {
								"north": { "texture": "#quartzglass", "uv": [ 0.0, 0.0, 1.0, 2.5 ], "glow": 60 },
								"east": { "texture": "#quartzglass", "uv": [ 0.0, 0.0, 1.0, 2.5 ], "glow": 60 },
								"south": { "texture": "#quartzglass", "uv": [ 0.0, 0.0, 1.0, 2.5 ], "glow": 60 },
								"west": { "texture": "#quartzglass", "uv": [ 0.0, 0.0, 1.0, 2.5 ], "glow": 60 },
								"up": { "texture": "#quartzglass", "uv": [ 0.0, 0.0, 1.0, 1.0 ], "glow": 60 },
								"down": { "texture": "#quartzglass", "uv": [ 0.0, 0.0, 1.0, 1.0 ], "glow": 60 }
							}
						},
						{
							"name": "Cube46",
							"from": [ 0.9, 0.8, 0.7 ],
							"to": [ 1.1, 2.8, 0.8 ],
							"rotationOrigin": [ 0.9, 0.8, 0.7 ],
							"faces": {
								"north": { "texture": "#stainlesssteel", "uv": [ 0.0, 0.0, 0.5, 2.0 ] },
								"east": { "texture": "#stainlesssteel", "uv": [ 0.0, 0.0, 0.5, 2.0 ] },
								"south": { "texture": "#stainlesssteel", "uv": [ 0.0, 0.0, 0.5, 2.0 ] },
								"west": { "texture": "#stainlesssteel", "uv": [ 0.0, 0.0, 0.5, 2.0 ] },
								"up": { "texture": "#stainlesssteel", "uv": [ 0.0, 0.0, 0.5, 0.5 ] },
								"down": { "texture": "#stainlesssteel", "uv": [ 0.0, 0.0, 0.5, 0.5 ] }
							},
							"children": [
								{
									"name": "Cube47",
									"from": [ 0.05, 1.8, 0.05 ],
									"to": [ 0.15, 1.9, 0.55 ],
									"rotationOrigin": [ 0.1, 1.8, 0.0 ],
									"faces": {
										"north": { "texture": "#copper", "uv": [ 0.0, 0.0, 0.5, 0.5 ], "glow": 230 },
										"east": { "texture": "#copper", "uv": [ 0.0, 0.0, 0.5, 0.5 ], "glow": 230 },
										"south": { "texture": "#copper", "uv": [ 0.0, 0.0, 0.5, 0.5 ], "glow": 230 },
										"west": { "texture": "#copper", "uv": [ 0.0, 0.0, 0.5, 0.5 ], "glow": 230 },
										"up": { "texture": "#copper", "uv": [ 0.0, 0.0, 0.5, 0.5 ], "glow": 230 },
										"down": { "texture": "#copper", "uv": [ 0.0, 0.0, 0.5, 0.5 ], "glow": 230 }
									}
								}
							]
						},
						{
							"name": "Cube48",
							"from": [ 0.9, 0.8, 1.2 ],
							"to": [ 1.1, 2.8, 1.3 ],
							"rotationOrigin": [ 0.9, 0.8, 1.2 ],
							"faces": {
								"north": { "texture": "#stainlesssteel", "uv": [ 0.0, 0.0, 0.5, 2.0 ] },
								"east": { "texture": "#stainlesssteel", "uv": [ 0.0, 0.0, 0.5, 2.0 ] },
								"south": { "texture": "#stainlesssteel", "uv": [ 0.0, 0.0, 0.5, 2.0 ] },
								"west": { "texture": "#stainlesssteel", "uv": [ 0.0, 0.0, 0.5, 2.0 ] },
								"up": { "texture": "#stainlesssteel", "uv": [ 0.0, 0.0, 0.5, 0.5 ] },
								"down": { "texture": "#stainlesssteel", "uv": [ 0.0, 0.0, 0.5, 0.5 ] }
							}
						}
					]
				},
				{
					"name": "Cube61",
					"from": [ 4.5, 2.5, 4.5 ],
					"to": [ 7.5, 4.2, 7.5 ],
					"rotationOrigin": [ 6.0, 2.5, 6.0 ],
					"rotationY": 45.0,
					"faces": {
						"north": { "texture": "#gold", "uv": [ 0.0, 0.0, 3.0, 1.5 ] },
						"east": { "texture": "#gold", "uv": [ 0.0, 0.0, 3.0, 1.5 ] },
						"south": { "texture": "#gold", "uv": [ 0.0, 0.0, 3.0, 1.5 ] },
						"west": { "texture": "#gold", "uv": [ 0.0, 0.0, 3.0, 1.5 ] },
						"up": { "texture": "#gold", "uv": [ 0.0, 0.0, 3.0, 3.0 ] },
						"down": { "texture": "#gold", "uv": [ 0.0, 0.0, 3.0, 3.0 ] }
					}
				},
				{
					"name": "Cube62",
					"from": [ 4.0, 2.8, 4.0 ],
					"to": [ 8.0, 3.4, 8.0 ],
					"rotationOrigin": [ 6.0, 2.8, 6.0 ],
					"rotationY": 45.0,
					"faces": {
						"north": { "texture": "#steel", "uv": [ 0.0, 0.0, 4.0, 0.5 ] },
						"east": { "texture": "#steel", "uv": [ 0.0, 0.0, 4.0, 0.5 ] },
						"south": { "texture": "#steel", "uv": [ 0.0, 0.0, 4.0, 0.5 ] },
						"west": { "texture": "#steel", "uv": [ 0.0, 0.0, 4.0, 0.5 ] },
						"up": { "texture": "#steel", "uv": [ 0.0, 0.0, 4.0, 4.0 ] },
						"down": { "texture": "#steel", "uv": [ 0.0, 0.0, 4.0, 4.0 ] }
					}
				},
				{
					"name": "Cube81",
					"from": [ 1.0, 2.2, 9.4 ],
					"to": [ 2.6, 3.2, 11.0 ],
					"rotationOrigin": [ 1.0, 2.2, 9.4 ],
					"faces": {
						"north": { "texture": "#bismuthbronze", "uv": [ 0.0, 0.0, 1.5, 1.0 ] },
						"east": { "texture": "#bismuthbronze", "uv": [ 0.0, 0.0, 1.5, 1.0 ] },
						"south": { "texture": "#bismuthbronze", "uv": [ 0.0, 0.0, 1.5, 1.0 ] },
						"west": { "texture": "#bismuthbronze", "uv": [ 0.0, 0.0, 1.5, 1.0 ] },
						"up": { "texture": "#bismuthbronze", "uv": [ 0.0, 0.0, 1.5, 1.5 ] },
						"down": { "texture": "#bismuthbronze", "uv": [ 0.0, 0.0, 1.5, 1.5 ] }
					}
				}
			]
		},
		{
			"name": "Cube13",
			"from": [ 3.0, 0.1, 1.0 ],
			"to": [ 13.0, 3.1, 15.0 ],
			"rotationOrigin": [ 3.0, 0.1, 1.0 ],
			"faces": {
				"north": { "texture": "#copper", "uv": [ 0.0, 0.0, 10.0, 3.0 ], "glow": 170, "windMode": [-1,-1,-1,-1] },
				"east": { "texture": "#copper", "uv": [ 0.0, 0.0, 14.0, 3.0 ], "glow": 170, "windMode": [-1,-1,-1,-1] },
				"south": { "texture": "#copper", "uv": [ 0.0, 0.0, 10.0, 3.0 ], "glow": 170, "windMode": [-1,-1,-1,-1] },
				"west": { "texture": "#copper", "uv": [ 0.0, 0.0, 14.0, 3.0 ], "glow": 170, "windMode": [-1,-1,-1,-1] },
				"up": { "texture": "#copper", "uv": [ 0.0, 0.0, 10.0, 14.0 ], "glow": 170, "windMode": [-1,-1,-1,-1] },
				"down": { "texture": "#copper", "uv": [ 0.0, 0.0, 10.0, 14.0 ], "glow": 170, "windMode": [-1,-1,-1,-1] }
			},
			"children": [
				{
					"name": "Cube14",
					"from": [ -0.1, 0.3, -0.3 ],
					"to": [ 0.9, 3.3, 14.3 ],
					"rotationOrigin": [ -0.1, 0.3, -0.3 ],
					"faces": {
						"north": { "texture": "#steel", "uv": [ 0.0, 0.0, 1.0, 3.0 ] },
						"east": { "texture": "#steel", "uv": [ 0.0, 0.0, 14.5, 3.0 ] },
						"south": { "texture": "#steel", "uv": [ 0.0, 0.0, 1.0, 3.0 ] },
						"west": { "texture": "#steel", "uv": [ 0.0, 0.0, 14.5, 3.0 ] },
						"up": { "texture": "#steel", "uv": [ 0.0, 0.0, 1.0, 14.5 ] },
						"down": { "texture": "#steel", "uv": [ 0.0, 0.0, 1.0, 14.5 ] }
					}
				},
				{
					"name": "Cube15",
					"from": [ 9.1, 0.3, -0.3 ],
					"to": [ 10.1, 3.3, 14.3 ],
					"rotationOrigin": [ 9.1, 0.3, -0.3 ],
					"faces": {
						"north": { "texture": "#steel", "uv": [ 0.0, 0.0, 1.0, 3.0 ] },
						"east": { "texture": "#steel", "uv": [ 0.0, 0.0, 14.5, 3.0 ] },
						"south": { "texture": "#steel", "uv": [ 0.0, 0.0, 1.0, 3.0 ] },
						"west": { "texture": "#steel", "uv": [ 0.0, 0.0, 14.5, 3.0 ] },
						"up": { "texture": "#steel", "uv": [ 0.0, 0.0, 1.0, 14.5 ] },
						"down": { "texture": "#steel", "uv": [ 0.0, 0.0, 1.0, 14.5 ] }
					}
				},
				{
					"name": "Cube16",
					"from": [ 8.8, 0.1, -0.1 ],
					"to": [ 9.0, 3.1, 14.1 ],
					"rotationOrigin": [ 8.8, 0.1, -0.1 ],
					"faces": {
						"north": { "texture": "#zinc", "uv": [ 0.0, 0.0, 0.5, 3.0 ] },
						"east": { "texture": "#zinc", "uv": [ 0.0, 0.0, 14.0, 3.0 ] },
						"south": { "texture": "#zinc", "uv": [ 0.0, 0.0, 0.5, 3.0 ] },
						"west": { "texture": "#zinc", "uv": [ 0.0, 0.0, 14.0, 3.0 ] },
						"up": { "texture": "#zinc", "uv": [ 0.0, 0.0, 0.5, 14.0 ] },
						"down": { "texture": "#zinc", "uv": [ 0.0, 0.0, 0.5, 14.0 ] }
					}
				},
				{
					"name": "Cube17",
					"from": [ 8.5, 0.1, -0.1 ],
					"to": [ 8.7, 3.1, 14.1 ],
					"rotationOrigin": [ 8.5, 0.1, -0.1 ],
					"faces": {
						"north": { "texture": "#zinc", "uv": [ 0.0, 0.0, 0.5, 3.0 ] },
						"east": { "texture": "#zinc", "uv": [ 0.0, 0.0, 14.0, 3.0 ] },
						"south": { "texture": "#zinc", "uv": [ 0.0, 0.0, 0.5, 3.0 ] },
						"west": { "texture": "#zinc", "uv": [ 0.0, 0.0, 14.0, 3.0 ] },
						"up": { "texture": "#zinc", "uv": [ 0.0, 0.0, 0.5, 14.0 ] },
						"down": { "texture": "#zinc", "uv": [ 0.0, 0.0, 0.5, 14.0 ] }
					}
				},
				{
					"name": "Cube18",
					"from": [ 8.2, 0.1, -0.1 ],
					"to": [ 8.4, 3.1, 14.1 ],
					"rotationOrigin": [ 8.2, 0.1, -0.1 ],
					"faces": {
						"north": { "texture": "#zinc", "uv": [ 0.0, 0.0, 0.5, 3.0 ] },
						"east": { "texture": "#zinc", "uv": [ 0.0, 0.0, 14.0, 3.0 ] },
						"south": { "texture": "#zinc", "uv": [ 0.0, 0.0, 0.5, 3.0 ] },
						"west": { "texture": "#zinc", "uv": [ 0.0, 0.0, 14.0, 3.0 ] },
						"up": { "texture": "#zinc", "uv": [ 0.0, 0.0, 0.5, 14.0 ] },
						"down": { "texture": "#zinc", "uv": [ 0.0, 0.0, 0.5, 14.0 ] }
					}
				},
				{
					"name": "Cube19",
					"from": [ 7.9, 0.1, -0.1 ],
					"to": [ 8.1, 3.1, 14.1 ],
					"rotationOrigin": [ 7.9, 0.1, -0.1 ],
					"faces": {
						"north": { "texture": "#zinc", "uv": [ 0.0, 0.0, 0.5, 3.0 ] },
						"east": { "texture": "#zinc", "uv": [ 0.0, 0.0, 14.0, 3.0 ] },
						"south": { "texture": "#zinc", "uv": [ 0.0, 0.0, 0.5, 3.0 ] },
						"west": { "texture": "#zinc", "uv": [ 0.0, 0.0, 14.0, 3.0 ] },
						"up": { "texture": "#zinc", "uv": [ 0.0, 0.0, 0.5, 14.0 ] },
						"down": { "texture": "#zinc", "uv": [ 0.0, 0.0, 0.5, 14.0 ] }
					}
				},
				{
					"name": "Cube20",
					"from": [ 7.6, 0.1, -0.1 ],
					"to": [ 7.8, 3.1, 14.1 ],
					"rotationOrigin": [ 7.6, 0.1, -0.1 ],
					"faces": {
						"north": { "texture": "#zinc", "uv": [ 0.0, 0.0, 0.5, 3.0 ] },
						"east": { "texture": "#zinc", "uv": [ 0.0, 0.0, 14.0, 3.0 ] },
						"south": { "texture": "#zinc", "uv": [ 0.0, 0.0, 0.5, 3.0 ] },
						"west": { "texture": "#zinc", "uv": [ 0.0, 0.0, 14.0, 3.0 ] },
						"up": { "texture": "#zinc", "uv": [ 0.0, 0.0, 0.5, 14.0 ] },
						"down": { "texture": "#zinc", "uv": [ 0.0, 0.0, 0.5, 14.0 ] }
					}
				},
				{
					"name": "Cube21",
					"from": [ 7.3, 0.1, -0.1 ],
					"to": [ 7.5, 3.1, 14.1 ],
					"rotationOrigin": [ 7.3, 0.1, -0.1 ],
					"faces": {
						"north": { "texture": "#zinc", "uv": [ 0.0, 0.0, 0.5, 3.0 ] },
						"east": { "texture": "#zinc", "uv": [ 0.0, 0.0, 14.0, 3.0 ] },
						"south": { "texture": "#zinc", "uv": [ 0.0, 0.0, 0.5, 3.0 ] },
						"west": { "texture": "#zinc", "uv": [ 0.0, 0.0, 14.0, 3.0 ] },
						"up": { "texture": "#zinc", "uv": [ 0.0, 0.0, 0.5, 14.0 ] },
						"down": { "texture": "#zinc", "uv": [ 0.0, 0.0, 0.5, 14.0 ] }
					}
				},
				{
					"name": "Cube22",
					"from": [ 7.0, 0.1, -0.1 ],
					"to": [ 7.2, 3.1, 14.1 ],
					"rotationOrigin": [ 7.0, 0.1, -0.1 ],
					"faces": {
						"north": { "texture": "#zinc", "uv": [ 0.0, 0.0, 0.5, 3.0 ] },
						"east": { "texture": "#zinc", "uv": [ 0.0, 0.0, 14.0, 3.0 ] },
						"south": { "texture": "#zinc", "uv": [ 0.0, 0.0, 0.5, 3.0 ] },
						"west": { "texture": "#zinc", "uv": [ 0.0, 0.0, 14.0, 3.0 ] },
						"up": { "texture": "#zinc", "uv": [ 0.0, 0.0, 0.5, 14.0 ] },
						"down": { "texture": "#zinc", "uv": [ 0.0, 0.0, 0.5, 14.0 ] }
					}
				},
				{
					"name": "Cube23",
					"from": [ 6.7, 0.1, -0.1 ],
					"to": [ 6.9, 3.1, 14.1 ],
					"rotationOrigin": [ 6.7, 0.1, -0.1 ],
					"faces": {
						"north": { "texture": "#zinc", "uv": [ 0.0, 0.0, 0.5, 3.0 ] },
						"east": { "texture": "#zinc", "uv": [ 0.0, 0.0, 14.0, 3.0 ] },
						"south": { "texture": "#zinc", "uv": [ 0.0, 0.0, 0.5, 3.0 ] },
						"west": { "texture": "#zinc", "uv": [ 0.0, 0.0, 14.0, 3.0 ] },
						"up": { "texture": "#zinc", "uv": [ 0.0, 0.0, 0.5, 14.0 ] },
						"down": { "texture": "#zinc", "uv": [ 0.0, 0.0, 0.5, 14.0 ] }
					}
				},
				{
					"name": "Cube24",
					"from": [ 6.4, 0.1, -0.1 ],
					"to": [ 6.6, 3.1, 14.1 ],
					"rotationOrigin": [ 6.4, 0.1, -0.1 ],
					"faces": {
						"north": { "texture": "#zinc", "uv": [ 0.0, 0.0, 0.5, 3.0 ] },
						"east": { "texture": "#zinc", "uv": [ 0.0, 0.0, 14.0, 3.0 ] },
						"south": { "texture": "#zinc", "uv": [ 0.0, 0.0, 0.5, 3.0 ] },
						"west": { "texture": "#zinc", "uv": [ 0.0, 0.0, 14.0, 3.0 ] },
						"up": { "texture": "#zinc", "uv": [ 0.0, 0.0, 0.5, 14.0 ] },
						"down": { "texture": "#zinc", "uv": [ 0.0, 0.0, 0.5, 14.0 ] }
					}
				},
				{
					"name": "Cube25",
					"from": [ 6.1, 0.1, -0.1 ],
					"to": [ 6.3, 3.1, 14.1 ],
					"rotationOrigin": [ 6.1, 0.1, -0.1 ],
					"faces": {
						"north": { "texture": "#zinc", "uv": [ 0.0, 0.0, 0.5, 3.0 ] },
						"east": { "texture": "#zinc", "uv": [ 0.0, 0.0, 14.0, 3.0 ] },
						"south": { "texture": "#zinc", "uv": [ 0.0, 0.0, 0.5, 3.0 ] },
						"west": { "texture": "#zinc", "uv": [ 0.0, 0.0, 14.0, 3.0 ] },
						"up": { "texture": "#zinc", "uv": [ 0.0, 0.0, 0.5, 14.0 ] },
						"down": { "texture": "#zinc", "uv": [ 0.0, 0.0, 0.5, 14.0 ] }
					}
				},
				{
					"name": "Cube26",
					"from": [ 5.8, 0.1, -0.1 ],
					"to": [ 6.0, 3.1, 14.1 ],
					"rotationOrigin": [ 5.8, 0.1, -0.1 ],
					"faces": {
						"north": { "texture": "#zinc", "uv": [ 0.0, 0.0, 0.5, 3.0 ] },
						"east": { "texture": "#zinc", "uv": [ 0.0, 0.0, 14.0, 3.0 ] },
						"south": { "texture": "#zinc", "uv": [ 0.0, 0.0, 0.5, 3.0 ] },
						"west": { "texture": "#zinc", "uv": [ 0.0, 0.0, 14.0, 3.0 ] },
						"up": { "texture": "#zinc", "uv": [ 0.0, 0.0, 0.5, 14.0 ] },
						"down": { "texture": "#zinc", "uv": [ 0.0, 0.0, 0.5, 14.0 ] }
					}
				},
				{
					"name": "Cube27",
					"from": [ 5.5, 0.1, -0.1 ],
					"to": [ 5.7, 3.1, 14.1 ],
					"rotationOrigin": [ 5.5, 0.1, -0.1 ],
					"faces": {
						"north": { "texture": "#zinc", "uv": [ 0.0, 0.0, 0.5, 3.0 ] },
						"east": { "texture": "#zinc", "uv": [ 0.0, 0.0, 14.0, 3.0 ] },
						"south": { "texture": "#zinc", "uv": [ 0.0, 0.0, 0.5, 3.0 ] },
						"west": { "texture": "#zinc", "uv": [ 0.0, 0.0, 14.0, 3.0 ] },
						"up": { "texture": "#zinc", "uv": [ 0.0, 0.0, 0.5, 14.0 ] },
						"down": { "texture": "#zinc", "uv": [ 0.0, 0.0, 0.5, 14.0 ] }
					}
				},
				{
					"name": "Cube28",
					"from": [ 5.2, 0.1, -0.1 ],
					"to": [ 5.4, 3.1, 14.1 ],
					"rotationOrigin": [ 5.2, 0.1, -0.1 ],
					"faces": {
						"north": { "texture": "#zinc", "uv": [ 0.0, 0.0, 0.5, 3.0 ] },
						"east": { "texture": "#zinc", "uv": [ 0.0, 0.0, 14.0, 3.0 ] },
						"south": { "texture": "#zinc", "uv": [ 0.0, 0.0, 0.5, 3.0 ] },
						"west": { "texture": "#zinc", "uv": [ 0.0, 0.0, 14.0, 3.0 ] },
						"up": { "texture": "#zinc", "uv": [ 0.0, 0.0, 0.5, 14.0 ] },
						"down": { "texture": "#zinc", "uv": [ 0.0, 0.0, 0.5, 14.0 ] }
					}
				},
				{
					"name": "Cube29",
					"from": [ 4.9, 0.1, -0.1 ],
					"to": [ 5.1, 3.1, 14.1 ],
					"rotationOrigin": [ 4.9, 0.1, -0.1 ],
					"faces": {
						"north": { "texture": "#zinc", "uv": [ 0.0, 0.0, 0.5, 3.0 ] },
						"east": { "texture": "#zinc", "uv": [ 0.0, 0.0, 14.0, 3.0 ] },
						"south": { "texture": "#zinc", "uv": [ 0.0, 0.0, 0.5, 3.0 ] },
						"west": { "texture": "#zinc", "uv": [ 0.0, 0.0, 14.0, 3.0 ] },
						"up": { "texture": "#zinc", "uv": [ 0.0, 0.0, 0.5, 14.0 ] },
						"down": { "texture": "#zinc", "uv": [ 0.0, 0.0, 0.5, 14.0 ] }
					}
				},
				{
					"name": "Cube30",
					"from": [ 4.6, 0.1, -0.1 ],
					"to": [ 4.8, 3.1, 14.1 ],
					"rotationOrigin": [ 4.6, 0.1, -0.1 ],
					"faces": {
						"north": { "texture": "#zinc", "uv": [ 0.0, 0.0, 0.5, 3.0 ] },
						"east": { "texture": "#zinc", "uv": [ 0.0, 0.0, 14.0, 3.0 ] },
						"south": { "texture": "#zinc", "uv": [ 0.0, 0.0, 0.5, 3.0 ] },
						"west": { "texture": "#zinc", "uv": [ 0.0, 0.0, 14.0, 3.0 ] },
						"up": { "texture": "#zinc", "uv": [ 0.0, 0.0, 0.5, 14.0 ] },
						"down": { "texture": "#zinc", "uv": [ 0.0, 0.0, 0.5, 14.0 ] }
					}
				},
				{
					"name": "Cube31",
					"from": [ 4.3, 0.1, -0.1 ],
					"to": [ 4.5, 3.1, 14.1 ],
					"rotationOrigin": [ 4.3, 0.1, -0.1 ],
					"faces": {
						"north": { "texture": "#zinc", "uv": [ 0.0, 0.0, 0.5, 3.0 ] },
						"east": { "texture": "#zinc", "uv": [ 0.0, 0.0, 14.0, 3.0 ] },
						"south": { "texture": "#zinc", "uv": [ 0.0, 0.0, 0.5, 3.0 ] },
						"west": { "texture": "#zinc", "uv": [ 0.0, 0.0, 14.0, 3.0 ] },
						"up": { "texture": "#zinc", "uv": [ 0.0, 0.0, 0.5, 14.0 ] },
						"down": { "texture": "#zinc", "uv": [ 0.0, 0.0, 0.5, 14.0 ] }
					}
				},
				{
					"name": "Cube32",
					"from": [ 4.0, 0.1, -0.1 ],
					"to": [ 4.2, 3.1, 14.1 ],
					"rotationOrigin": [ 4.0, 0.1, -0.1 ],
					"faces": {
						"north": { "texture": "#zinc", "uv": [ 0.0, 0.0, 0.5, 3.0 ] },
						"east": { "texture": "#zinc", "uv": [ 0.0, 0.0, 14.0, 3.0 ] },
						"south": { "texture": "#zinc", "uv": [ 0.0, 0.0, 0.5, 3.0 ] },
						"west": { "texture": "#zinc", "uv": [ 0.0, 0.0, 14.0, 3.0 ] },
						"up": { "texture": "#zinc", "uv": [ 0.0, 0.0, 0.5, 14.0 ] },
						"down": { "texture": "#zinc", "uv": [ 0.0, 0.0, 0.5, 14.0 ] }
					}
				},
				{
					"name": "Cube33",
					"from": [ 3.7, 0.1, -0.1 ],
					"to": [ 3.9, 3.1, 14.1 ],
					"rotationOrigin": [ 3.7, 0.1, -0.1 ],
					"faces": {
						"north": { "texture": "#zinc", "uv": [ 0.0, 0.0, 0.5, 3.0 ] },
						"east": { "texture": "#zinc", "uv": [ 0.0, 0.0, 14.0, 3.0 ] },
						"south": { "texture": "#zinc", "uv": [ 0.0, 0.0, 0.5, 3.0 ] },
						"west": { "texture": "#zinc", "uv": [ 0.0, 0.0, 14.0, 3.0 ] },
						"up": { "texture": "#zinc", "uv": [ 0.0, 0.0, 0.5, 14.0 ] },
						"down": { "texture": "#zinc", "uv": [ 0.0, 0.0, 0.5, 14.0 ] }
					}
				},
				{
					"name": "Cube34",
					"from": [ 3.4, 0.1, -0.1 ],
					"to": [ 3.6, 3.1, 14.1 ],
					"rotationOrigin": [ 3.4, 0.1, -0.1 ],
					"faces": {
						"north": { "texture": "#zinc", "uv": [ 0.0, 0.0, 0.5, 3.0 ] },
						"east": { "texture": "#zinc", "uv": [ 0.0, 0.0, 14.0, 3.0 ] },
						"south": { "texture": "#zinc", "uv": [ 0.0, 0.0, 0.5, 3.0 ] },
						"west": { "texture": "#zinc", "uv": [ 0.0, 0.0, 14.0, 3.0 ] },
						"up": { "texture": "#zinc", "uv": [ 0.0, 0.0, 0.5, 14.0 ] },
						"down": { "texture": "#zinc", "uv": [ 0.0, 0.0, 0.5, 14.0 ] }
					}
				},
				{
					"name": "Cube35",
					"from": [ 3.1, 0.1, -0.1 ],
					"to": [ 3.3, 3.1, 14.1 ],
					"rotationOrigin": [ 3.1, 0.1, -0.1 ],
					"faces": {
						"north": { "texture": "#zinc", "uv": [ 0.0, 0.0, 0.5, 3.0 ] },
						"east": { "texture": "#zinc", "uv": [ 0.0, 0.0, 14.0, 3.0 ] },
						"south": { "texture": "#zinc", "uv": [ 0.0, 0.0, 0.5, 3.0 ] },
						"west": { "texture": "#zinc", "uv": [ 0.0, 0.0, 14.0, 3.0 ] },
						"up": { "texture": "#zinc", "uv": [ 0.0, 0.0, 0.5, 14.0 ] },
						"down": { "texture": "#zinc", "uv": [ 0.0, 0.0, 0.5, 14.0 ] }
					}
				},
				{
					"name": "Cube36",
					"from": [ 2.8, 0.1, -0.1 ],
					"to": [ 3.0, 3.1, 14.1 ],
					"rotationOrigin": [ 2.8, 0.1, -0.1 ],
					"faces": {
						"north": { "texture": "#zinc", "uv": [ 0.0, 0.0, 0.5, 3.0 ] },
						"east": { "texture": "#zinc", "uv": [ 0.0, 0.0, 14.0, 3.0 ] },
						"south": { "texture": "#zinc", "uv": [ 0.0, 0.0, 0.5, 3.0 ] },
						"west": { "texture": "#zinc", "uv": [ 0.0, 0.0, 14.0, 3.0 ] },
						"up": { "texture": "#zinc", "uv": [ 0.0, 0.0, 0.5, 14.0 ] },
						"down": { "texture": "#zinc", "uv": [ 0.0, 0.0, 0.5, 14.0 ] }
					}
				},
				{
					"name": "Cube37",
					"from": [ 2.5, 0.1, -0.1 ],
					"to": [ 2.7, 3.1, 14.1 ],
					"rotationOrigin": [ 2.5, 0.1, -0.1 ],
					"faces": {
						"north": { "texture": "#zinc", "uv": [ 0.0, 0.0, 0.5, 3.0 ] },
						"east": { "texture": "#zinc", "uv": [ 0.0, 0.0, 14.0, 3.0 ] },
						"south": { "texture": "#zinc", "uv": [ 0.0, 0.0, 0.5, 3.0 ] },
						"west": { "texture": "#zinc", "uv": [ 0.0, 0.0, 14.0, 3.0 ] },
						"up": { "texture": "#zinc", "uv": [ 0.0, 0.0, 0.5, 14.0 ] },
						"down": { "texture": "#zinc", "uv": [ 0.0, 0.0, 0.5, 14.0 ] }
					}
				},
				{
					"name": "Cube38",
					"from": [ 2.2, 0.1, -0.1 ],
					"to": [ 2.4, 3.1, 14.1 ],
					"rotationOrigin": [ 2.2, 0.1, -0.1 ],
					"faces": {
						"north": { "texture": "#zinc", "uv": [ 0.0, 0.0, 0.5, 3.0 ] },
						"east": { "texture": "#zinc", "uv": [ 0.0, 0.0, 14.0, 3.0 ] },
						"south": { "texture": "#zinc", "uv": [ 0.0, 0.0, 0.5, 3.0 ] },
						"west": { "texture": "#zinc", "uv": [ 0.0, 0.0, 14.0, 3.0 ] },
						"up": { "texture": "#zinc", "uv": [ 0.0, 0.0, 0.5, 14.0 ] },
						"down": { "texture": "#zinc", "uv": [ 0.0, 0.0, 0.5, 14.0 ] }
					}
				},
				{
					"name": "Cube39",
					"from": [ 1.9, 0.1, -0.1 ],
					"to": [ 2.1, 3.1, 14.1 ],
					"rotationOrigin": [ 1.9, 0.1, -0.1 ],
					"faces": {
						"north": { "texture": "#zinc", "uv": [ 0.0, 0.0, 0.5, 3.0 ] },
						"east": { "texture": "#zinc", "uv": [ 0.0, 0.0, 14.0, 3.0 ] },
						"south": { "texture": "#zinc", "uv": [ 0.0, 0.0, 0.5, 3.0 ] },
						"west": { "texture": "#zinc", "uv": [ 0.0, 0.0, 14.0, 3.0 ] },
						"up": { "texture": "#zinc", "uv": [ 0.0, 0.0, 0.5, 14.0 ] },
						"down": { "texture": "#zinc", "uv": [ 0.0, 0.0, 0.5, 14.0 ] }
					}
				},
				{
					"name": "Cube40",
					"from": [ 1.6, 0.1, -0.1 ],
					"to": [ 1.8, 3.1, 14.1 ],
					"rotationOrigin": [ 1.6, 0.1, -0.1 ],
					"faces": {
						"north": { "texture": "#zinc", "uv": [ 0.0, 0.0, 0.5, 3.0 ] },
						"east": { "texture": "#zinc", "uv": [ 0.0, 0.0, 14.0, 3.0 ] },
						"south": { "texture": "#zinc", "uv": [ 0.0, 0.0, 0.5, 3.0 ] },
						"west": { "texture": "#zinc", "uv": [ 0.0, 0.0, 14.0, 3.0 ] },
						"up": { "texture": "#zinc", "uv": [ 0.0, 0.0, 0.5, 14.0 ] },
						"down": { "texture": "#zinc", "uv": [ 0.0, 0.0, 0.5, 14.0 ] }
					}
				},
				{
					"name": "Cube41",
					"from": [ 1.3, 0.1, -0.1 ],
					"to": [ 1.5, 3.1, 14.1 ],
					"rotationOrigin": [ 1.3, 0.1, -0.1 ],
					"faces": {
						"north": { "texture": "#zinc", "uv": [ 0.0, 0.0, 0.5, 3.0 ] },
						"east": { "texture": "#zinc", "uv": [ 0.0, 0.0, 14.0, 3.0 ] },
						"south": { "texture": "#zinc", "uv": [ 0.0, 0.0, 0.5, 3.0 ] },
						"west": { "texture": "#zinc", "uv": [ 0.0, 0.0, 14.0, 3.0 ] },
						"up": { "texture": "#zinc", "uv": [ 0.0, 0.0, 0.5, 14.0 ] },
						"down": { "texture": "#zinc", "uv": [ 0.0, 0.0, 0.5, 14.0 ] }
					}
				},
				{
					"name": "Cube42",
					"from": [ 1.0, 0.1, -0.1 ],
					"to": [ 1.2, 3.1, 14.1 ],
					"rotationOrigin": [ 1.0, 0.1, -0.1 ],
					"faces": {
						"north": { "texture": "#zinc", "uv": [ 0.0, 0.0, 0.5, 3.0 ] },
						"east": { "texture": "#zinc", "uv": [ 0.0, 0.0, 14.0, 3.0 ] },
						"south": { "texture": "#zinc", "uv": [ 0.0, 0.0, 0.5, 3.0 ] },
						"west": { "texture": "#zinc", "uv": [ 0.0, 0.0, 14.0, 3.0 ] },
						"up": { "texture": "#zinc", "uv": [ 0.0, 0.0, 0.5, 14.0 ] },
						"down": { "texture": "#zinc", "uv": [ 0.0, 0.0, 0.5, 14.0 ] }
					}
				},
				{
					"name": "Cube49",
					"from": [ 11.5, 1.3, 0.3 ],
					"to": [ 11.8, 2.2, 11.9 ],
					"rotationOrigin": [ 11.5, 1.3, 0.3 ],
					"faces": {
						"north": { "texture": "#copper", "uv": [ 0.0, 0.0, 0.5, 0.5 ] },
						"east": { "texture": "#copper", "uv": [ 0.0, 0.0, 11.5, 0.5 ] },
						"south": { "texture": "#copper", "uv": [ 0.0, 0.0, 0.5, 0.5 ] },
						"west": { "texture": "#copper", "uv": [ 0.0, 0.0, 11.5, 0.5 ] },
						"up": { "texture": "#copper", "uv": [ 0.0, 0.0, 0.5, 11.5 ] },
						"down": { "texture": "#copper", "uv": [ 0.0, 0.0, 0.5, 11.5 ] }
					}
				},
				{
					"name": "Cube50",
					"from": [ 9.5, 1.3, 0.3 ],
					"to": [ 11.8, 2.2, 0.6 ],
					"rotationOrigin": [ 9.5, 1.3, 0.3 ],
					"faces": {
						"north": { "texture": "#copper", "uv": [ 0.0, 0.0, 2.0, 0.5 ] },
						"east": { "texture": "#copper", "uv": [ 0.0, 0.0, 0.5, 0.5 ] },
						"south": { "texture": "#copper", "uv": [ 0.0, 0.0, 2.0, 0.5 ] },
						"west": { "texture": "#copper", "uv": [ 0.0, 0.0, 0.5, 0.5 ] },
						"up": { "texture": "#copper", "uv": [ 0.0, 0.0, 2.0, 0.5 ] },
						"down": { "texture": "#copper", "uv": [ 0.0, 0.0, 2.0, 0.5 ] }
					}
				},
				{
					"name": "Cube51",
					"from": [ 9.5, 1.3, 11.6 ],
					"to": [ 11.8, 2.2, 11.9 ],
					"rotationOrigin": [ 9.5, 1.3, 11.6 ],
					"faces": {
						"north": { "texture": "#copper", "uv": [ 0.0, 0.0, 2.0, 0.5 ] },
						"east": { "texture": "#copper", "uv": [ 0.0, 0.0, 0.5, 0.5 ] },
						"south": { "texture": "#copper", "uv": [ 0.0, 0.0, 2.0, 0.5 ] },
						"west": { "texture": "#copper", "uv": [ 0.0, 0.0, 0.5, 0.5 ] },
						"up": { "texture": "#copper", "uv": [ 0.0, 0.0, 2.0, 0.5 ] },
						"down": { "texture": "#copper", "uv": [ 0.0, 0.0, 2.0, 0.5 ] }
					}
				},
				{
					"name": "Cube52",
					"from": [ 10.0, 1.3, 11.6 ],
					"to": [ 11.3, 4.2, 11.9 ],
					"rotationOrigin": [ 10.0, 1.3, 11.6 ],
					"faces": {
						"north": { "texture": "#copper", "uv": [ 0.0, 0.0, 1.0, 2.5 ] },
						"east": { "texture": "#copper", "uv": [ 0.0, 0.0, 0.5, 2.5 ] },
						"south": { "texture": "#copper", "uv": [ 0.0, 0.0, 1.0, 2.5 ] },
						"west": { "texture": "#copper", "uv": [ 0.0, 0.0, 0.5, 2.5 ] },
						"up": { "texture": "#copper", "uv": [ 0.0, 0.0, 1.0, 0.5 ] },
						"down": { "texture": "#copper", "uv": [ 0.0, 0.0, 1.0, 0.5 ] }
					}
				},
				{
					"name": "Cube53",
					"from": [ -2.5, 1.3, 2.5 ],
					"to": [ -2.2, 2.2, 14.1 ],
					"rotationOrigin": [ -2.5, 1.3, 2.5 ],
					"faces": {
						"north": { "texture": "#copper", "uv": [ 0.0, 0.0, 0.5, 0.5 ] },
						"east": { "texture": "#copper", "uv": [ 0.0, 0.0, 11.5, 0.5 ] },
						"south": { "texture": "#copper", "uv": [ 0.0, 0.0, 0.5, 0.5 ] },
						"west": { "texture": "#copper", "uv": [ 0.0, 0.0, 11.5, 0.5 ] },
						"up": { "texture": "#copper", "uv": [ 0.0, 0.0, 0.5, 11.5 ] },
						"down": { "texture": "#copper", "uv": [ 0.0, 0.0, 0.5, 11.5 ] }
					}
				},
				{
					"name": "Cube54",
					"from": [ -1.8, 1.3, 4.8 ],
					"to": [ -1.5, 2.2, 13.4 ],
					"rotationOrigin": [ -1.8, 1.3, 4.8 ],
					"faces": {
						"north": { "texture": "#copper", "uv": [ 0.0, 0.0, 0.5, 0.5 ] },
						"east": { "texture": "#copper", "uv": [ 0.0, 0.0, 8.5, 0.5 ] },
						"south": { "texture": "#copper", "uv": [ 0.0, 0.0, 0.5, 0.5 ] },
						"west": { "texture": "#copper", "uv": [ 0.0, 0.0, 8.5, 0.5 ] },
						"up": { "texture": "#copper", "uv": [ 0.0, 0.0, 0.5, 8.5 ] },
						"down": { "texture": "#copper", "uv": [ 0.0, 0.0, 0.5, 8.5 ] }
					}
				},
				{
					"name": "Cube55",
					"from": [ -1.8, 1.3, 4.8 ],
					"to": [ 0.5, 2.2, 5.1 ],
					"rotationOrigin": [ -1.8, 1.3, 4.8 ],
					"faces": {
						"north": { "texture": "#copper", "uv": [ 0.0, 0.0, 2.0, 0.5 ] },
						"east": { "texture": "#copper", "uv": [ 0.0, 0.0, 0.5, 0.5 ] },
						"south": { "texture": "#copper", "uv": [ 0.0, 0.0, 2.0, 0.5 ] },
						"west": { "texture": "#copper", "uv": [ 0.0, 0.0, 0.5, 0.5 ] },
						"up": { "texture": "#copper", "uv": [ 0.0, 0.0, 2.0, 0.5 ] },
						"down": { "texture": "#copper", "uv": [ 0.0, 0.0, 2.0, 0.5 ] }
					}
				},
				{
					"name": "Cube56",
					"from": [ -2.3, 1.3, 2.5 ],
					"to": [ 0.0, 2.2, 2.8 ],
					"rotationOrigin": [ -2.3, 1.3, 2.5 ],
					"faces": {
						"north": { "texture": "#copper", "uv": [ 0.0, 0.0, 2.0, 0.5 ] },
						"east": { "texture": "#copper", "uv": [ 0.0, 0.0, 0.5, 0.5 ] },
						"south": { "texture": "#copper", "uv": [ 0.0, 0.0, 2.0, 0.5 ] },
						"west": { "texture": "#copper", "uv": [ 0.0, 0.0, 0.5, 0.5 ] },
						"up": { "texture": "#copper", "uv": [ 0.0, 0.0, 2.0, 0.5 ] },
						"down": { "texture": "#copper", "uv": [ 0.0, 0.0, 2.0, 0.5 ] }
					}
				},
				{
					"name": "Cube57",
					"from": [ -2.3, 1.3, 13.8 ],
					"to": [ 0.0, 2.2, 14.1 ],
					"rotationOrigin": [ -2.3, 1.3, 13.8 ],
					"faces": {
						"north": { "texture": "#copper", "uv": [ 0.0, 0.0, 2.0, 0.5 ] },
						"east": { "texture": "#copper", "uv": [ 0.0, 0.0, 0.5, 0.5 ] },
						"south": { "texture": "#copper", "uv": [ 0.0, 0.0, 2.0, 0.5 ] },
						"west": { "texture": "#copper", "uv": [ 0.0, 0.0, 0.5, 0.5 ] },
						"up": { "texture": "#copper", "uv": [ 0.0, 0.0, 2.0, 0.5 ] },
						"down": { "texture": "#copper", "uv": [ 0.0, 0.0, 2.0, 0.5 ] }
					}
				},
				{
					"name": "Cube58",
					"from": [ -1.8, 1.3, 13.1 ],
					"to": [ 0.5, 2.2, 13.4 ],
					"rotationOrigin": [ -1.8, 1.3, 13.1 ],
					"faces": {
						"north": { "texture": "#copper", "uv": [ 0.0, 0.0, 2.0, 0.5 ] },
						"east": { "texture": "#copper", "uv": [ 0.0, 0.0, 0.5, 0.5 ] },
						"south": { "texture": "#copper", "uv": [ 0.0, 0.0, 2.0, 0.5 ] },
						"west": { "texture": "#copper", "uv": [ 0.0, 0.0, 0.5, 0.5 ] },
						"up": { "texture": "#copper", "uv": [ 0.0, 0.0, 2.0, 0.5 ] },
						"down": { "texture": "#copper", "uv": [ 0.0, 0.0, 2.0, 0.5 ] }
					}
				},
				{
					"name": "Cube59",
					"from": [ -1.3, 1.3, 4.8 ],
					"to": [ 0.0, 4.2, 5.1 ],
					"rotationOrigin": [ -1.3, 1.3, 4.8 ],
					"faces": {
						"north": { "texture": "#copper", "uv": [ 0.0, 0.0, 1.0, 2.5 ] },
						"east": { "texture": "#copper", "uv": [ 0.0, 0.0, 0.5, 2.5 ] },
						"south": { "texture": "#copper", "uv": [ 0.0, 0.0, 1.0, 2.5 ] },
						"west": { "texture": "#copper", "uv": [ 0.0, 0.0, 0.5, 2.5 ] },
						"up": { "texture": "#copper", "uv": [ 0.0, 0.0, 1.0, 0.5 ] },
						"down": { "texture": "#copper", "uv": [ 0.0, 0.0, 1.0, 0.5 ] }
					}
				},
				{
					"name": "Cube60",
					"from": [ -1.3, 1.3, 2.5 ],
					"to": [ 0.0, 4.2, 2.8 ],
					"rotationOrigin": [ -1.3, 1.3, 2.5 ],
					"faces": {
						"north": { "texture": "#copper", "uv": [ 0.0, 0.0, 1.0, 2.5 ] },
						"east": { "texture": "#copper", "uv": [ 0.0, 0.0, 0.5, 2.5 ] },
						"south": { "texture": "#copper", "uv": [ 0.0, 0.0, 1.0, 2.5 ] },
						"west": { "texture": "#copper", "uv": [ 0.0, 0.0, 0.5, 2.5 ] },
						"up": { "texture": "#copper", "uv": [ 0.0, 0.0, 1.0, 0.5 ] },
						"down": { "texture": "#copper", "uv": [ 0.0, 0.0, 1.0, 0.5 ] }
					}
				},
				{
					"name": "Cube63",
					"from": [ 7.0, 3.3, 6.9 ],
					"to": [ 9.29, 4.2, 7.2 ],
					"rotationOrigin": [ 7.0, 3.3, 6.9 ],
					"rotationY": 45.0,
					"faces": {
						"north": { "texture": "#copper", "uv": [ 0.0, 0.0, 2.0, 0.5 ] },
						"east": { "texture": "#copper", "uv": [ 0.0, 0.0, 0.5, 0.5 ] },
						"south": { "texture": "#copper", "uv": [ 0.0, 0.0, 2.0, 0.5 ] },
						"west": { "texture": "#copper", "uv": [ 0.0, 0.0, 0.5, 0.5 ] },
						"up": { "texture": "#copper", "uv": [ 0.0, 0.0, 2.0, 0.5 ] },
						"down": { "texture": "#copper", "uv": [ 0.0, 0.0, 2.0, 0.5 ] }
					},
					"children": [
						{
							"name": "Cube64",
							"from": [ 0.0, 0.0, -0.5 ],
							"to": [ 2.49, 0.9, -0.2 ],
							"rotationOrigin": [ 0.0, 0.0, -0.5 ],
							"faces": {
								"north": { "texture": "#copper", "uv": [ 0.0, 0.0, 2.0, 0.5 ] },
								"east": { "texture": "#copper", "uv": [ 0.0, 0.0, 0.5, 0.5 ] },
								"south": { "texture": "#copper", "uv": [ 0.0, 0.0, 2.0, 0.5 ] },
								"west": { "texture": "#copper", "uv": [ 0.0, 0.0, 0.5, 0.5 ] },
								"up": { "texture": "#copper", "uv": [ 0.0, 0.0, 2.0, 0.5 ] },
								"down": { "texture": "#copper", "uv": [ 0.0, 0.0, 2.0, 0.5 ] }
							}
						},
						{
							"name": "Cube65",
							"from": [ 0.0, 0.0, -1.0 ],
							"to": [ 2.7, 0.9, -0.7 ],
							"rotationOrigin": [ 0.0, 0.0, -1.0 ],
							"faces": {
								"north": { "texture": "#copper", "uv": [ 0.0, 0.0, 2.5, 0.5 ] },
								"east": { "texture": "#copper", "uv": [ 0.0, 0.0, 0.5, 0.5 ] },
								"south": { "texture": "#copper", "uv": [ 0.0, 0.0, 2.5, 0.5 ] },
								"west": { "texture": "#copper", "uv": [ 0.0, 0.0, 0.5, 0.5 ] },
								"up": { "texture": "#copper", "uv": [ 0.0, 0.0, 2.5, 0.5 ] },
								"down": { "texture": "#copper", "uv": [ 0.0, 0.0, 2.5, 0.5 ] }
							}
						},
						{
							"name": "Cube66",
							"from": [ 0.0, 0.0, -1.5 ],
							"to": [ 2.9, 0.9, -1.2 ],
							"rotationOrigin": [ 0.0, 0.0, -1.5 ],
							"faces": {
								"north": { "texture": "#copper", "uv": [ 0.0, 0.0, 2.5, 0.5 ] },
								"east": { "texture": "#copper", "uv": [ 0.0, 0.0, 0.5, 0.5 ] },
								"south": { "texture": "#copper", "uv": [ 0.0, 0.0, 2.5, 0.5 ] },
								"west": { "texture": "#copper", "uv": [ 0.0, 0.0, 0.5, 0.5 ] },
								"up": { "texture": "#copper", "uv": [ 0.0, 0.0, 2.5, 0.5 ] },
								"down": { "texture": "#copper", "uv": [ 0.0, 0.0, 2.5, 0.5 ] }
							}
						}
					]
				},
				{
					"name": "Cube67",
					"from": [ 10.9, 1.3, 5.62 ],
					"to": [ 13.19, 4.2, 5.92 ],
					"rotationOrigin": [ 10.9, 1.3, 5.6 ],
					"rotationY": 180.0,
					"faces": {
						"north": { "texture": "#copper", "uv": [ 0.0, 0.0, 2.0, 2.5 ] },
						"east": { "texture": "#copper", "uv": [ 0.0, 0.0, 0.5, 2.5 ] },
						"south": { "texture": "#copper", "uv": [ 0.0, 0.0, 2.0, 2.5 ] },
						"west": { "texture": "#copper", "uv": [ 0.0, 0.0, 0.5, 2.5 ] },
						"up": { "texture": "#copper", "uv": [ 0.0, 0.0, 2.0, 0.5 ] },
						"down": { "texture": "#copper", "uv": [ 0.0, 0.0, 2.0, 0.5 ] }
					}
				},
				{
					"name": "Cube68",
					"from": [ 10.9, 1.3, 5.12 ],
					"to": [ 13.39, 4.2, 5.42 ],
					"rotationOrigin": [ 10.9, 1.3, 5.1 ],
					"rotationY": 180.0,
					"faces": {
						"north": { "texture": "#copper", "uv": [ 0.0, 0.0, 2.0, 2.5 ] },
						"east": { "texture": "#copper", "uv": [ 0.0, 0.0, 0.5, 2.5 ] },
						"south": { "texture": "#copper", "uv": [ 0.0, 0.0, 2.0, 2.5 ] },
						"west": { "texture": "#copper", "uv": [ 0.0, 0.0, 0.5, 2.5 ] },
						"up": { "texture": "#copper", "uv": [ 0.0, 0.0, 2.0, 0.5 ] },
						"down": { "texture": "#copper", "uv": [ 0.0, 0.0, 2.0, 0.5 ] }
					}
				},
				{
					"name": "Cube69",
					"from": [ 10.9, 1.3, 4.62 ],
					"to": [ 13.59, 4.2, 4.92 ],
					"rotationOrigin": [ 10.9, 1.3, 4.6 ],
					"rotationY": 180.0,
					"faces": {
						"north": { "texture": "#copper", "uv": [ 0.0, 0.0, 2.5, 2.5 ] },
						"east": { "texture": "#copper", "uv": [ 0.0, 0.0, 0.5, 2.5 ] },
						"south": { "texture": "#copper", "uv": [ 0.0, 0.0, 2.5, 2.5 ] },
						"west": { "texture": "#copper", "uv": [ 0.0, 0.0, 0.5, 2.5 ] },
						"up": { "texture": "#copper", "uv": [ 0.0, 0.0, 2.5, 0.5 ] },
						"down": { "texture": "#copper", "uv": [ 0.0, 0.0, 2.5, 0.5 ] }
					}
				},
				{
					"name": "Cube70",
					"from": [ 10.9, 1.3, 4.12 ],
					"to": [ 13.8, 4.2, 4.42 ],
					"rotationOrigin": [ 10.9, 1.3, 4.1 ],
					"rotationY": 180.0,
					"faces": {
						"north": { "texture": "#copper", "uv": [ 0.0, 0.0, 2.5, 2.5 ] },
						"east": { "texture": "#copper", "uv": [ 0.0, 0.0, 0.5, 2.5 ] },
						"south": { "texture": "#copper", "uv": [ 0.0, 0.0, 2.5, 2.5 ] },
						"west": { "texture": "#copper", "uv": [ 0.0, 0.0, 0.5, 2.5 ] },
						"up": { "texture": "#copper", "uv": [ 0.0, 0.0, 2.5, 0.5 ] },
						"down": { "texture": "#copper", "uv": [ 0.0, 0.0, 2.5, 0.5 ] }
					}
				}
			]
		},
		{
			"name": "Cube71",
			"from": [ 12.3, 1.6, 2.6 ],
			"to": [ 14.3, 4.6, 8.6 ],
			"rotationOrigin": [ 12.3, 1.6, 2.6 ],
			"faces": {
				"north": { "texture": "#zinc", "uv": [ 0.0, 0.0, 2.0, 3.0 ] },
				"east": { "texture": "#zinc", "uv": [ 0.0, 0.0, 6.0, 3.0 ] },
				"south": { "texture": "#zinc", "uv": [ 0.0, 0.0, 2.0, 3.0 ] },
				"west": { "texture": "#zinc", "uv": [ 0.0, 0.0, 6.0, 3.0 ] },
				"up": { "texture": "#zinc", "uv": [ 0.0, 0.0, 2.0, 6.0 ] },
				"down": { "texture": "#zinc", "uv": [ 0.0, 0.0, 2.0, 6.0 ] }
			}
		},
		{
			"name": "Cube72",
			"from": [ 12.2, 1.6, 2.5 ],
			"to": [ 14.4, 4.7, 3.0 ],
			"rotationOrigin": [ 12.2, 1.6, 2.5 ],
			"faces": {
				"north": { "texture": "#steel", "uv": [ 0.0, 0.0, 2.0, 3.0 ] },
				"east": { "texture": "#steel", "uv": [ 0.0, 0.0, 0.5, 3.0 ] },
				"south": { "texture": "#steel", "uv": [ 0.0, 0.0, 2.0, 3.0 ] },
				"west": { "texture": "#steel", "uv": [ 0.0, 0.0, 0.5, 3.0 ] },
				"up": { "texture": "#steel", "uv": [ 0.0, 0.0, 2.0, 0.5 ] },
				"down": { "texture": "#steel", "uv": [ 0.0, 0.0, 2.0, 0.5 ] }
			}
		},
		{
			"name": "Cube73",
			"from": [ 12.2, 1.6, 8.2 ],
			"to": [ 14.4, 4.7, 8.7 ],
			"rotationOrigin": [ 12.2, 1.6, 8.2 ],
			"faces": {
				"north": { "texture": "#steel", "uv": [ 0.0, 0.0, 2.0, 3.0 ] },
				"east": { "texture": "#steel", "uv": [ 0.0, 0.0, 0.5, 3.0 ] },
				"south": { "texture": "#steel", "uv": [ 0.0, 0.0, 2.0, 3.0 ] },
				"west": { "texture": "#steel", "uv": [ 0.0, 0.0, 0.5, 3.0 ] },
				"up": { "texture": "#steel", "uv": [ 0.0, 0.0, 2.0, 0.5 ] },
				"down": { "texture": "#steel", "uv": [ 0.0, 0.0, 2.0, 0.5 ] }
			}
		},
		{
			"name": "Cube74",
			"from": [ 12.0, 1.7, 4.6 ],
			"to": [ 13.9, 4.4, 6.8 ],
			"rotationOrigin": [ 12.0, 1.7, 4.6 ],
			"faces": {
				"north": { "texture": "#bismuthbronze", "uv": [ 0.0, 0.0, 1.5, 2.5 ] },
				"east": { "texture": "#bismuthbronze", "uv": [ 0.0, 0.0, 2.0, 2.5 ] },
				"south": { "texture": "#bismuthbronze", "uv": [ 0.0, 0.0, 1.5, 2.5 ] },
				"west": { "texture": "#bismuthbronze", "uv": [ 0.0, 0.0, 2.0, 2.5 ] },
				"up": { "texture": "#bismuthbronze", "uv": [ 0.0, 0.0, 1.5, 2.0 ] },
				"down": { "texture": "#bismuthbronze", "uv": [ 0.0, 0.0, 1.5, 2.0 ] }
			},
			"children": [
				{
					"name": "Cube75",
					"from": [ 0.6, 2.7, 2.3 ],
					"to": [ 1.6, 3.1, 3.3 ],
					"rotationOrigin": [ 0.6, 2.7, 2.3 ],
					"faces": {
						"north": { "texture": "#brass", "uv": [ 0.0, 0.0, 1.0, 0.5 ] },
						"east": { "texture": "#brass", "uv": [ 0.0, 0.0, 1.0, 0.5 ] },
						"south": { "texture": "#brass", "uv": [ 0.0, 0.0, 1.0, 0.5 ] },
						"west": { "texture": "#brass", "uv": [ 0.0, 0.0, 1.0, 0.5 ] },
						"up": { "texture": "#brass", "uv": [ 0.0, 0.0, 1.0, 1.0 ] },
						"down": { "texture": "#brass", "uv": [ 0.0, 0.0, 1.0, 1.0 ] }
					},
					"children": [
						{
							"name": "Cube76",
							"from": [ 0.1, 0.1, 0.1 ],
							"to": [ 0.9, 0.5, 0.9 ],
							"rotationOrigin": [ 0.1, 0.1, 0.1 ],
							"faces": {
								"north": { "texture": "#emeral", "uv": [ 0.0, 0.0, 0.5, 0.5 ], "glow": 110, "windMode": [-1,-1,-1,-1] },
								"east": { "texture": "#emeral", "uv": [ 0.0, 0.0, 0.5, 0.5 ], "glow": 110, "windMode": [-1,-1,-1,-1] },
								"south": { "texture": "#emeral", "uv": [ 0.0, 0.0, 0.5, 0.5 ], "glow": 110, "windMode": [-1,-1,-1,-1] },
								"west": { "texture": "#emeral", "uv": [ 0.0, 0.0, 0.5, 0.5 ], "glow": 110, "windMode": [-1,-1,-1,-1] },
								"up": { "texture": "#emeral", "uv": [ 0.0, 0.0, 0.5, 0.5 ], "glow": 110, "windMode": [-1,-1,-1,-1] },
								"down": { "texture": "#emeral", "uv": [ 0.0, 0.0, 0.5, 0.5 ], "glow": 110, "windMode": [-1,-1,-1,-1] }
							}
						}
					]
				},
				{
					"name": "Cube77",
					"from": [ 0.6, 2.7, 1.0 ],
					"to": [ 1.6, 3.1, 2.0 ],
					"rotationOrigin": [ 0.6, 2.7, 1.0 ],
					"faces": {
						"north": { "texture": "#brass", "uv": [ 0.0, 0.0, 1.0, 0.5 ] },
						"east": { "texture": "#brass", "uv": [ 0.0, 0.0, 1.0, 0.5 ] },
						"south": { "texture": "#brass", "uv": [ 0.0, 0.0, 1.0, 0.5 ] },
						"west": { "texture": "#brass", "uv": [ 0.0, 0.0, 1.0, 0.5 ] },
						"up": { "texture": "#brass", "uv": [ 0.0, 0.0, 1.0, 1.0 ] },
						"down": { "texture": "#brass", "uv": [ 0.0, 0.0, 1.0, 1.0 ] }
					},
					"children": [
						{
							"name": "Cube78",
							"from": [ 0.1, 0.1, 0.1 ],
							"to": [ 0.9, 0.5, 0.9 ],
							"rotationOrigin": [ 0.1, 0.1, 0.1 ],
							"faces": {
								"north": { "texture": "#topaz", "uv": [ 0.0, 0.0, 0.5, 0.5 ], "glow": 50, "windMode": [-1,-1,-1,-1] },
								"east": { "texture": "#topaz", "uv": [ 0.0, 0.0, 0.5, 0.5 ], "glow": 50, "windMode": [-1,-1,-1,-1] },
								"south": { "texture": "#topaz", "uv": [ 0.0, 0.0, 0.5, 0.5 ], "glow": 50, "windMode": [-1,-1,-1,-1] },
								"west": { "texture": "#topaz", "uv": [ 0.0, 0.0, 0.5, 0.5 ], "glow": 50, "windMode": [-1,-1,-1,-1] },
								"up": { "texture": "#topaz", "uv": [ 0.0, 0.0, 0.5, 0.5 ], "glow": 50, "windMode": [-1,-1,-1,-1] },
								"down": { "texture": "#topaz", "uv": [ 0.0, 0.0, 0.5, 0.5 ], "glow": 50, "windMode": [-1,-1,-1,-1] }
							}
						}
					]
				},
				{
					"name": "Cube79",
					"from": [ 0.6, 2.7, -1.3 ],
					"to": [ 1.6, 3.1, -0.3 ],
					"rotationOrigin": [ 0.6, 2.7, -1.3 ],
					"faces": {
						"north": { "texture": "#brass", "uv": [ 0.0, 0.0, 1.0, 0.5 ] },
						"east": { "texture": "#brass", "uv": [ 0.0, 0.0, 1.0, 0.5 ] },
						"south": { "texture": "#brass", "uv": [ 0.0, 0.0, 1.0, 0.5 ] },
						"west": { "texture": "#brass", "uv": [ 0.0, 0.0, 1.0, 0.5 ] },
						"up": { "texture": "#brass", "uv": [ 0.0, 0.0, 1.0, 1.0 ] },
						"down": { "texture": "#brass", "uv": [ 0.0, 0.0, 1.0, 1.0 ] }
					},
					"children": [
						{
							"name": "Cube80",
							"from": [ 0.1, 0.1, 0.1 ],
							"to": [ 0.9, 0.5, 0.9 ],
							"rotationOrigin": [ 0.1, 0.1, 0.1 ],
							"faces": {
								"north": { "texture": "#ruby", "uv": [ 0.0, 0.0, 0.5, 0.5 ], "glow": 50, "windMode": [-1,-1,-1,-1] },
								"east": { "texture": "#ruby", "uv": [ 0.0, 0.0, 0.5, 0.5 ], "glow": 50, "windMode": [-1,-1,-1,-1] },
								"south": { "texture": "#ruby", "uv": [ 0.0, 0.0, 0.5, 0.5 ], "glow": 50, "windMode": [-1,-1,-1,-1] },
								"west": { "texture": "#ruby", "uv": [ 0.0, 0.0, 0.5, 0.5 ], "glow": 50, "windMode": [-1,-1,-1,-1] },
								"up": { "texture": "#ruby", "uv": [ 0.0, 0.0, 0.5, 0.5 ], "glow": 50, "windMode": [-1,-1,-1,-1] },
								"down": { "texture": "#ruby", "uv": [ 0.0, 0.0, 0.5, 0.5 ], "glow": 50, "windMode": [-1,-1,-1,-1] }
							}
						}
					]
				}
			]
		},
		{
			"name": "WireConnection",
			"from": [ 3.3, 4.1, 11.7 ],
			"to": [ 4.3, 5.1, 12.7 ],
			"rotationOrigin": [ 3.3, 4.1, 11.7 ],
			"faces": {
				"north": { "texture": "#gold", "uv": [ 0.0, 0.0, 1.0, 1.0 ] },
				"east": { "texture": "#gold", "uv": [ 0.0, 0.0, 1.0, 1.0 ] },
				"south": { "texture": "#gold", "uv": [ 0.0, 0.0, 1.0, 1.0 ] },
				"west": { "texture": "#gold", "uv": [ 0.0, 0.0, 1.0, 1.0 ] },
				"up": { "texture": "#gold", "uv": [ 0.0, 0.0, 1.0, 1.0 ] },
				"down": { "texture": "#gold", "uv": [ 0.0, 0.0, 1.0, 1.0 ] }
			}
		}
	]}