{
	"editor": {
		"allAngles": false,
		"entityTextureMode": true
	},
	"textureWidth": 16,
	"textureHeight": 16,
	"textureSizes": {
	},
	"textures": {
		"brass_plate": "block/lv_machinery/brass_plate",
		"brass_plate_hole": "block/lv_machinery/brass_plate_hole",
		"brass_plates_v1": "block/lv_machinery/brass_plates_v1",
		"brass_plates_v2": "block/lv_machinery/brass_plates_v2",
		"brass_plates_v3": "block/lv_machinery/brass_plates_v3",
		"brass_plates_v4": "block/lv_machinery/brass_plates_v4",
		"circuits": "block/lv_machinery/circuits",
		"mould_side": "block/lv_machinery/mould_side",
		"mould_v2": "block/lv_machinery/mould_v2",
		"plate_metal_v2": "block/lv_machinery/plate_metal_v2",
		"plate_metal_v3": "block/lv_machinery/plate_metal_v3"
	},
	"elements": [
		{
			"name": "Base Plate",
			"from": [ 0.0, 0.0, 0.0 ],
			"to": [ 16.0, 2.0, 16.0 ],
			"autoUnwrap": false,
			"uv": [ 0.0, 14.5 ],
			"faces": {
				"north": { "texture": "#brass_plates_v4", "uv": [ 0.0, 0.0, 16.0, 2.0 ], "rotation": 180, "windMode": [-1,-1,-1,-1] },
				"east": { "texture": "#brass_plates_v4", "uv": [ 0.0, 0.0, 16.0, 2.0 ], "rotation": 180, "windMode": [-1,-1,-1,-1] },
				"south": { "texture": "#brass_plates_v4", "uv": [ 0.0, 0.0, 16.0, 2.0 ], "rotation": 180, "windMode": [-1,-1,-1,-1] },
				"west": { "texture": "#brass_plates_v4", "uv": [ 0.0, 0.0, 16.0, 2.0 ], "rotation": 180, "windMode": [-1,-1,-1,-1] },
				"up": { "texture": "#brass_plate", "uv": [ 0.0, 0.0, 16.0, 9.0 ], "autoUv": false },
				"down": { "texture": "#brass_plate", "uv": [ 0.0, 0.0, 16.0, 16.0 ], "windMode": [-1,-1,-1,-1] }
			},
			"children": [
				{
					"name": "Support Bar 1",
					"from": [ 4.0, 2.0, 0.0 ],
					"to": [ 5.0, 16.0, 1.0 ],
					"unwrapMode": 3,
					"unwrapRotation": 1,
					"autoUnwrap": false,
					"uv": [ 1.0, 5.0 ],
					"rotationOrigin": [ 4.0, 2.0, 0.0 ],
					"faces": {
						"north": { "texture": "#plate_metal_v2", "uv": [ 1.5, 14.5, 15.5, 15.5 ], "rotation": 270 },
						"east": { "texture": "#plate_metal_v2", "uv": [ 1.5, 14.5, 15.5, 15.5 ], "rotation": 90 },
						"south": { "texture": "#plate_metal_v2", "uv": [ 1.5, 14.5, 15.5, 15.5 ], "rotation": 90 },
						"west": { "texture": "#plate_metal_v2", "uv": [ 1.5, 14.5, 15.5, 15.5 ], "rotation": 90 }
					}
				},
				{
					"name": "Support Bar 2",
					"from": [ 11.0, 2.0, 0.0 ],
					"to": [ 12.0, 16.0, 1.0 ],
					"unwrapMode": 3,
					"unwrapRotation": 1,
					"autoUnwrap": false,
					"uv": [ 2.0, 13.0 ],
					"rotationOrigin": [ 11.0, 2.0, 0.0 ],
					"faces": {
						"north": { "texture": "#plate_metal_v2", "uv": [ 2.0, 14.0, 16.0, 15.0 ], "rotation": 270 },
						"east": { "texture": "#plate_metal_v2", "uv": [ 2.0, 13.0, 16.0, 14.0 ], "rotation": 90 },
						"south": { "texture": "#plate_metal_v2", "uv": [ 2.0, 14.0, 16.0, 15.0 ], "rotation": 90 },
						"west": { "texture": "#plate_metal_v2", "uv": [ 2.0, 15.0, 16.0, 16.0 ], "rotation": 90 }
					}
				},
				{
					"name": "Support Bar 4",
					"from": [ 5.0, 6.0, 0.0 ],
					"to": [ 11.0, 7.0, 1.0 ],
					"uv": [ 3.0, 11.0 ],
					"rotationOrigin": [ 5.0, 6.0, 0.0 ],
					"faces": {
						"north": { "texture": "#plate_metal_v2", "uv": [ 3.0, 12.0, 9.0, 13.0 ] },
						"east": { "texture": "#plate_metal_v2", "uv": [ 9.0, 12.0, 10.0, 13.0 ] },
						"south": { "texture": "#plate_metal_v2", "uv": [ 10.0, 12.0, 16.0, 13.0 ] },
						"west": { "texture": "#plate_metal_v2", "uv": [ 16.0, 12.0, 17.0, 13.0 ] },
						"up": { "texture": "#plate_metal_v2", "uv": [ 3.0, 11.0, 9.0, 12.0 ] },
						"down": { "texture": "#plate_metal_v2", "uv": [ 9.0, 11.0, 15.0, 12.0 ] }
					}
				},
				{
					"name": "Support Bar 3",
					"from": [ 5.0, 13.0, 0.0 ],
					"to": [ 11.0, 14.0, 1.0 ],
					"uv": [ 0.0, 0.0 ],
					"rotationOrigin": [ 5.0, 13.0, 0.0 ],
					"faces": {
						"north": { "texture": "#plate_metal_v2", "uv": [ 0.0, 1.0, 6.0, 2.0 ] },
						"east": { "texture": "#plate_metal_v2", "uv": [ 6.0, 1.0, 7.0, 2.0 ] },
						"south": { "texture": "#plate_metal_v2", "uv": [ 7.0, 1.0, 13.0, 2.0 ] },
						"west": { "texture": "#plate_metal_v2", "uv": [ 13.0, 1.0, 14.0, 2.0 ] },
						"up": { "texture": "#plate_metal_v2", "uv": [ 0.0, 0.0, 6.0, 1.0 ] },
						"down": { "texture": "#plate_metal_v2", "uv": [ 6.0, 0.0, 12.0, 1.0 ] }
					}
				}
			]
		},
		{
			"name": "Top Frame",
			"from": [ 16.0, 16.0, 0.0 ],
			"to": [ 32.0, 18.0, 16.0 ],
			"renderPass": 1,
			"autoUnwrap": false,
			"uv": [ 2.5, 23.5 ],
			"rotationOrigin": [ 16.0, 16.0, 0.0 ],
			"rotationY": -90.0,
			"faces": {
				"north": { "texture": "#brass_plates_v4", "uv": [ 0.0, 0.0, 16.0, 2.0 ], "windMode": [-1,-1,-1,-1], "windData": [1,1,1,1] },
				"east": { "texture": "#brass_plates_v4", "uv": [ 0.0, 0.0, 16.0, 2.0 ], "windMode": [-1,-1,-1,-1], "windData": [1,1,1,1] },
				"south": { "texture": "#brass_plates_v4", "uv": [ 0.0, 0.0, 16.0, 2.0 ], "windMode": [-1,-1,-1,-1], "windData": [1,1,1,1] },
				"west": { "texture": "#brass_plates_v4", "uv": [ 0.0, 0.0, 16.0, 2.0 ], "windMode": [-1,-1,-1,-1], "windData": [1,1,1,1] },
				"up": { "texture": "#brass_plate_hole", "uv": [ 0.0, 0.0, 16.0, 16.0 ] },
				"down": { "texture": "#brass_plate_hole", "uv": [ 0.0, 0.0, 16.0, 16.0 ] }
			},
			"children": [
				{
					"name": "TopFrameCap",
					"from": [ 3.0, 2.0, 4.001 ],
					"to": [ 13.0, 6.0, 12.001 ],
					"renderPass": 1,
					"autoUnwrap": false,
					"uv": [ 0.0, -2.0 ],
					"rotationOrigin": [ 3.0, 2.0, 4.0 ],
					"rotationY": 0.02,
					"faces": {
						"north": { "texture": "#brass_plates_v3", "uv": [ 0.0, 0.0, 10.0, 4.0 ], "windMode": [-1,-1,-1,-1], "windData": [1,1,1,1] },
						"east": { "texture": "#brass_plates_v2", "uv": [ 8.0, 6.0, 16.0, 10.0 ] },
						"south": { "texture": "#brass_plates_v3", "uv": [ 0.0, 0.0, 10.0, 4.0 ] },
						"west": { "texture": "#brass_plates_v2", "uv": [ 8.0, 6.0, 16.0, 10.0 ] },
						"up": { "texture": "#brass_plates_v4", "uv": [ 5.0, 5.5, 15.0, 13.5 ] }
					}
				}
			]
		},
		{
			"name": "Press",
			"from": [ 13.0, 12.0, 3.0 ],
			"to": [ 23.0, 13.0, 13.0 ],
			"autoUnwrap": false,
			"uv": [ 11.5, 1.0 ],
			"rotationOrigin": [ 13.0, 12.0, 3.0 ],
			"rotationY": -90.0,
			"faces": {
				"north": { "texture": "#plate_metal_v2", "uv": [ 0.0, 0.0, 1.0, 10.0 ], "rotation": 90 },
				"east": { "texture": "#plate_metal_v2", "uv": [ 0.0, 0.0, 1.0, 10.0 ], "rotation": 90, "windMode": [-1,-1,-1,-1] },
				"south": { "texture": "#plate_metal_v2", "uv": [ 0.0, 0.0, 1.0, 10.0 ], "rotation": 90, "windMode": [-1,-1,-1,-1] },
				"west": { "texture": "#plate_metal_v2", "uv": [ 0.0, 0.0, 1.0, 10.0 ], "rotation": 90, "windMode": [-1,-1,-1,-1] },
				"up": { "texture": "#plate_metal_v2", "uv": [ 0.0, 0.0, 10.0, 10.0 ] }
			},
			"children": [
				{
					"name": "Press Plate",
					"from": [ -2.0, -1.0, -2.0 ],
					"to": [ 12.0, 0.0, 12.0 ],
					"autoUnwrap": false,
					"uv": [ 0.0, 32.0 ],
					"rotationOrigin": [ -1.0, -1.0, -2.0 ],
					"faces": {
						"north": { "texture": "#plate_metal_v3", "uv": [ 0.0, 0.0, 14.0, 1.0 ] },
						"east": { "texture": "#plate_metal_v3", "uv": [ 0.0, 0.0, 14.0, 1.0 ] },
						"south": { "texture": "#plate_metal_v3", "uv": [ 0.0, 0.0, 14.0, 1.0 ] },
						"west": { "texture": "#plate_metal_v3", "uv": [ 0.0, 0.0, 14.0, 1.0 ] },
						"up": { "texture": "#plate_metal_v3", "uv": [ 0.0, 0.0, 14.0, 14.0 ] },
						"down": { "texture": "#plate_metal_v3", "uv": [ 0.0, 0.0, 14.0, 14.0 ] }
					}
				},
				{
					"name": "Press Plate Shaft Middle",
					"from": [ 3.5, 2.0, 4.0 ],
					"to": [ 6.5, 3.0, 6.0 ],
					"uv": [ 0.0, 0.0 ],
					"rotationOrigin": [ 3.0, 2.0, 3.0 ],
					"faces": {
						"north": { "texture": "#plate_metal_v2", "uv": [ 0.0, 2.0, 3.0, 3.0 ] },
						"south": { "texture": "#plate_metal_v2", "uv": [ 3.0, 2.0, 6.0, 3.0 ] },
						"up": { "texture": "#plate_metal_v2", "uv": [ 0.0, 0.0, 3.0, 2.0 ] },
						"down": { "texture": "#plate_metal_v2", "uv": [ 3.0, 0.0, 6.0, 2.0 ] }
					}
				},
				{
					"name": "Press Plate Shaft S",
					"from": [ 6.5, 1.0, 4.0 ],
					"to": [ 8.0, 17.0, 6.0 ],
					"autoUnwrap": false,
					"uv": [ 1.0, 0.0 ],
					"rotationOrigin": [ 6.0, 1.0, 3.0 ],
					"faces": {
						"north": { "texture": "#plate_metal_v2", "uv": [ 0.0, 13.0, 16.0, 14.5 ], "rotation": 90, "windMode": [-1,-1,-1,-1], "windData": [0,1,1,0] },
						"east": { "texture": "#plate_metal_v2", "uv": [ 0.0, 12.5, 16.0, 14.5 ], "rotation": 90 },
						"south": { "texture": "#plate_metal_v2", "uv": [ 0.0, 13.0, 16.0, 14.5 ], "rotation": 90, "windMode": [-1,-1,-1,-1], "windData": [0,0,1,1] },
						"west": { "texture": "#plate_metal_v2", "uv": [ 0.0, 12.5, 16.0, 14.5 ], "rotation": 90 },
						"up": { "texture": "#plate_metal_v2", "uv": [ 13.0, 1.5, 14.5, 3.5 ] }
					}
				},
				{
					"name": "Press Plate Shaft N",
					"from": [ 2.0, 1.0, 4.0 ],
					"to": [ 3.5, 17.0, 6.0 ],
					"autoUnwrap": false,
					"uv": [ 20.0, 0.0 ],
					"rotationOrigin": [ 2.0, 1.0, 3.0 ],
					"faces": {
						"north": { "texture": "#plate_metal_v2", "uv": [ 0.0, 13.0, 16.0, 14.5 ], "rotation": 90, "windMode": [-1,-1,-1,-1], "windData": [0,1,1,0] },
						"east": { "texture": "#plate_metal_v2", "uv": [ 0.0, 12.5, 16.0, 14.5 ], "rotation": 90 },
						"south": { "texture": "#plate_metal_v2", "uv": [ 0.0, 13.0, 16.0, 14.5 ], "rotation": 90, "windMode": [-1,-1,-1,-1], "windData": [0,0,1,1] },
						"west": { "texture": "#plate_metal_v2", "uv": [ 0.0, 12.5, 16.0, 14.5 ], "rotation": 90 },
						"up": { "texture": "#plate_metal_v2", "uv": [ 13.0, 1.5, 14.5, 3.5 ] }
					}
				}
			]
		},
		{
			"name": "Shaft Origin N",
			"from": [ 16.9998, 14.001, 10.0014 ],
			"to": [ 16.9998, 14.001, 10.0014 ],
			"uv": [ 999.0, 999.0 ],
			"rotationOrigin": [ 17.0, 15.0, 8.0 ],
			"rotationX": 81.298,
			"rotationY": -89.98,
			"rotationZ": 81.298,
			"faces": {
			},
			"children": [
				{
					"name": "Cap 2",
					"from": [ -1.5, -1.0, -1.0 ],
					"to": [ 1.5, 2.0, 4.5 ],
					"renderPass": 1,
					"autoUnwrap": false,
					"uv": [ 15.0, 27.0 ],
					"rotationOrigin": [ -1.0, 0.0, -2.0 ],
					"faces": {
						"north": { "texture": "#brass_plates_v3", "uv": [ 10.0, 13.0, 13.0, 16.0 ] },
						"east": { "texture": "#brass_plates_v4", "uv": [ 0.0, 5.5, 5.5, 8.5 ] },
						"south": { "texture": "#brass_plates_v3", "uv": [ 10.0, 13.0, 13.0, 16.0 ] },
						"west": { "texture": "#brass_plates_v4", "uv": [ 0.0, 5.5, 5.5, 8.5 ] },
						"down": { "texture": "#brass_plates_v3", "uv": [ 9.5, 0.0, 15.0, 3.0 ], "rotation": 90, "windMode": [-1,-1,-1,-1] }
					}
				},
				{
					"name": "Main Shaft 2",
					"from": [ 0.0, 0.5, 0.5 ],
					"to": [ 0.0, 0.5, 0.5 ],
					"uv": [ 999.0, 999.0 ],
					"rotationOrigin": [ 0.0, 0.5, 0.5 ],
					"faces": {
					},
					"children": [
						{
							"name": "Shaft Rod 2",
							"from": [ -0.5, -0.125, -1.0 ],
							"to": [ 0.0, 0.375, 6.0 ],
							"autoUnwrap": false,
							"uv": [ 8.0, 21.5 ],
							"rotationOrigin": [ 0.0, 0.375, -1.5 ],
							"rotationZ": 45.0,
							"faces": {
								"north": { "texture": "#plate_metal_v2", "uv": [ 13.5, 16.0, 14.0, 16.5 ] },
								"east": { "texture": "#plate_metal_v2", "uv": [ 0.0, 0.0, 7.0, 0.5 ] },
								"south": { "texture": "#plate_metal_v2", "uv": [ 13.5, 16.0, 14.0, 16.5 ] },
								"west": { "texture": "#plate_metal_v2", "uv": [ 7.0, 14.0, 14.0, 14.5 ] },
								"up": { "texture": "#plate_metal_v2", "uv": [ 7.0, 14.0, 14.0, 14.5 ], "rotation": 90 },
								"down": { "texture": "#plate_metal_v2", "uv": [ 7.0, 14.0, 14.0, 14.5 ], "rotation": 90 }
							},
							"children": [
								{
									"name": "Part 3",
									"from": [ -0.75, 0.0, 0.5 ],
									"to": [ 1.25, 0.5, 4.5 ],
									"uv": [ 0.0, 0.0 ],
									"rotationOrigin": [ -0.75, 0.25, 0.5 ],
									"faces": {
										"north": { "texture": "#plate_metal_v2", "uv": [ 0.0, 4.0, 2.0, 4.5 ] },
										"east": { "texture": "#plate_metal_v2", "uv": [ 2.0, 4.0, 6.0, 4.5 ] },
										"south": { "texture": "#plate_metal_v2", "uv": [ 6.0, 4.0, 8.0, 4.5 ] },
										"west": { "texture": "#plate_metal_v2", "uv": [ 8.0, 4.0, 12.0, 4.5 ] },
										"up": { "texture": "#plate_metal_v2", "uv": [ 0.0, 0.0, 2.0, 4.0 ] },
										"down": { "texture": "#plate_metal_v2", "uv": [ 2.0, 0.0, 4.0, 4.0 ] }
									}
								},
								{
									"name": "Part 4",
									"from": [ 0.25, -1.0, 0.5 ],
									"to": [ 2.25, -0.5, 4.5 ],
									"autoUnwrap": false,
									"uv": [ 0.0, 12.0 ],
									"rotationOrigin": [ 0.25, -0.75, 0.5 ],
									"rotationZ": 90.0,
									"faces": {
										"north": { "texture": "#plate_metal_v2", "uv": [ 0.0, 15.0, 2.0, 15.5 ] },
										"east": { "texture": "#plate_metal_v2", "uv": [ 2.0, 15.0, 6.0, 15.5 ] },
										"south": { "texture": "#plate_metal_v2", "uv": [ 6.0, 15.0, 8.0, 15.5 ] },
										"west": { "texture": "#plate_metal_v2", "uv": [ 8.0, 15.0, 12.0, 15.5 ] },
										"up": { "texture": "#plate_metal_v2", "uv": [ 9.0, 12.0, 11.0, 16.0 ] },
										"down": { "texture": "#plate_metal_v2", "uv": [ 2.0, 12.0, 4.0, 16.0 ] }
									}
								},
								{
									"name": "Bolt 1",
									"from": [ -0.3652, -0.3652, -1.0 ],
									"to": [ 0.8348, 0.8348, 0.0 ],
									"autoUnwrap": false,
									"uv": [ 0.0, 0.0 ],
									"rotationOrigin": [ 0.2348, 0.2348, -1.0 ],
									"rotationZ": -45.0,
									"faces": {
										"north": { "texture": "#plate_metal_v2", "uv": [ 0.0, 1.0, 1.0, 2.0 ] },
										"east": { "texture": "#plate_metal_v2", "uv": [ 1.0, 1.0, 2.0, 2.0 ] },
										"south": { "texture": "#plate_metal_v2", "uv": [ 2.0, 1.0, 3.0, 2.0 ] },
										"west": { "texture": "#plate_metal_v2", "uv": [ 3.0, 1.0, 4.0, 2.0 ] },
										"up": { "texture": "#plate_metal_v2", "uv": [ 0.0, 0.0, 1.0, 1.0 ] },
										"down": { "texture": "#plate_metal_v2", "uv": [ 1.0, 0.0, 2.0, 1.0 ] }
									}
								}
							]
						}
					]
				}
			]
		},
		{
			"name": "Shaft Origin S",
			"from": [ -0.9989, 13.9928, 9.9986 ],
			"to": [ -0.9989, 13.9928, 9.9986 ],
			"uv": [ 999.0, 999.0 ],
			"rotationOrigin": [ -1.0, 15.0, 8.0 ],
			"rotationX": -81.298,
			"rotationY": 89.98,
			"rotationZ": 81.298,
			"faces": {
			},
			"children": [
				{
					"name": "Main Shaft 1",
					"from": [ 0.0, 0.5, 0.5 ],
					"to": [ 0.0, 0.5, 0.5 ],
					"uv": [ 999.0, 999.0 ],
					"rotationOrigin": [ 0.0, 0.5, 0.5 ],
					"faces": {
					},
					"children": [
						{
							"name": "Shaft Rod 1",
							"from": [ -0.5, -0.125, -1.0 ],
							"to": [ 0.0, 0.375, 6.0 ],
							"autoUnwrap": false,
							"uv": [ 7.5, 19.5 ],
							"rotationOrigin": [ 0.0, 0.375, -1.5 ],
							"rotationZ": 45.0,
							"faces": {
								"north": { "texture": "#plate_metal_v2", "uv": [ 13.5, 16.0, 14.0, 16.5 ] },
								"east": { "texture": "#plate_metal_v2", "uv": [ 6.5, 15.0, 13.5, 15.5 ] },
								"west": { "texture": "#plate_metal_v2", "uv": [ 6.5, 15.0, 13.5, 15.5 ] },
								"up": { "texture": "#plate_metal_v2", "uv": [ 6.5, 14.0, 13.5, 14.5 ], "rotation": 90 },
								"down": { "texture": "#plate_metal_v2", "uv": [ 6.5, 14.0, 13.5, 14.5 ], "rotation": 90 }
							},
							"children": [
								{
									"name": "Part 1",
									"from": [ -0.75, 0.0, 0.5 ],
									"to": [ 1.25, 0.5, 4.5 ],
									"autoUnwrap": false,
									"uv": [ 0.0, 11.0 ],
									"rotationOrigin": [ -0.75, 0.25, 0.5 ],
									"faces": {
										"north": { "texture": "#plate_metal_v2", "uv": [ 0.0, 15.0, 2.0, 15.5 ] },
										"east": { "texture": "#plate_metal_v2", "uv": [ 2.0, 15.0, 6.0, 15.5 ] },
										"south": { "texture": "#plate_metal_v2", "uv": [ 6.0, 15.0, 8.0, 15.5 ] },
										"west": { "texture": "#plate_metal_v2", "uv": [ 8.0, 15.0, 12.0, 15.5 ] },
										"up": { "texture": "#plate_metal_v2", "uv": [ 7.0, 11.0, 9.0, 15.0 ] },
										"down": { "texture": "#plate_metal_v2", "uv": [ 2.0, 11.0, 4.0, 15.0 ] }
									}
								},
								{
									"name": "Part 2",
									"from": [ 0.25, -1.0, 0.5 ],
									"to": [ 2.25, -0.5, 4.5 ],
									"autoUnwrap": false,
									"uv": [ 0.0, 11.0 ],
									"rotationOrigin": [ 0.25, -0.75, 0.5 ],
									"rotationZ": 90.0,
									"faces": {
										"north": { "texture": "#plate_metal_v2", "uv": [ 0.0, 15.0, 2.0, 15.5 ] },
										"east": { "texture": "#plate_metal_v2", "uv": [ 2.0, 15.0, 6.0, 15.5 ] },
										"south": { "texture": "#plate_metal_v2", "uv": [ 6.0, 15.0, 8.0, 15.5 ] },
										"west": { "texture": "#plate_metal_v2", "uv": [ 8.0, 15.0, 12.0, 15.5 ] },
										"up": { "texture": "#plate_metal_v2", "uv": [ 4.0, 11.0, 6.0, 15.0 ] },
										"down": { "texture": "#plate_metal_v2", "uv": [ 2.0, 11.0, 4.0, 15.0 ] }
									}
								},
								{
									"name": "Bolt 2",
									"from": [ -0.36, -0.3637, 34.0001 ],
									"to": [ 0.84, 0.8363, 35.0001 ],
									"uv": [ 0.0, 0.0 ],
									"rotationOrigin": [ 0.2362, 0.2362, 17.0 ],
									"rotationX": -179.996,
									"rotationY": -0.004,
									"rotationZ": -135.0,
									"faces": {
										"north": { "texture": "#plate_metal_v2", "uv": [ 0.0, 1.0, 1.0, 2.0 ] },
										"east": { "texture": "#plate_metal_v2", "uv": [ 1.0, 1.0, 2.0, 2.0 ] },
										"south": { "texture": "#plate_metal_v2", "uv": [ 2.0, 1.0, 3.0, 2.0 ] },
										"west": { "texture": "#plate_metal_v2", "uv": [ 3.0, 1.0, 4.0, 2.0 ] },
										"up": { "texture": "#plate_metal_v2", "uv": [ 0.0, 0.0, 1.0, 1.0 ] },
										"down": { "texture": "#plate_metal_v2", "uv": [ 1.0, 0.0, 2.0, 1.0 ] }
									}
								}
							]
						}
					]
				},
				{
					"name": "Cap 1",
					"from": [ -1.5, -1.0, -1.0 ],
					"to": [ 1.5, 2.0, 4.5 ],
					"renderPass": 1,
					"autoUnwrap": false,
					"uv": [ 15.0, 27.0 ],
					"rotationOrigin": [ -1.0, 0.0, -2.0 ],
					"faces": {
						"north": { "texture": "#brass_plates_v3", "uv": [ 10.0, 13.0, 13.0, 16.0 ] },
						"east": { "texture": "#brass_plates_v4", "uv": [ 0.0, 5.5, 5.5, 8.5 ] },
						"south": { "texture": "#brass_plates_v3", "uv": [ 10.0, 13.0, 13.0, 16.0 ] },
						"west": { "texture": "#brass_plates_v4", "uv": [ 0.0, 5.5, 5.5, 8.5 ] },
						"down": { "texture": "#brass_plates_v3", "uv": [ 9.5, 7.0, 15.0, 10.0 ], "rotation": 90, "windMode": [-1,-1,-1,-1] }
					}
				}
			]
		},
		{
			"name": "MetalSupportN",
			"from": [ 0.0, 2.0, 0.0 ],
			"to": [ 3.0, 16.0, 3.0 ],
			"renderPass": 1,
			"autoUnwrap": false,
			"uv": [ 15.5, 13.0 ],
			"rotationOrigin": [ 0.0, 2.0, 0.0 ],
			"faces": {
				"north": { "texture": "#brass_plates_v1", "uv": [ 11.5, 1.0, 14.5, 15.0 ] },
				"west": { "texture": "#brass_plates_v1", "uv": [ 11.5, 1.0, 14.5, 15.0 ], "windMode": [-1,-1,-1,-1], "windData": [0,0,1,1] }
			}
		},
		{
			"name": "MetalSupportS",
			"from": [ 0.0, 2.0, 13.0 ],
			"to": [ 3.0, 16.0, 16.0 ],
			"renderPass": 1,
			"autoUnwrap": false,
			"uv": [ 21.0, 13.0 ],
			"rotationOrigin": [ 0.0, 2.0, 13.0 ],
			"faces": {
				"south": { "texture": "#brass_plates_v1", "uv": [ 11.5, 1.0, 14.5, 15.0 ] },
				"west": { "texture": "#brass_plates_v1", "uv": [ 11.5, 1.0, 14.5, 15.0 ], "windMode": [-1,-1,-1,-1], "windData": [0,0,1,1] }
			}
		},
		{
			"name": "MetalSupportE",
			"from": [ 13.0, 2.0, 13.0 ],
			"to": [ 16.0, 16.0, 16.0 ],
			"renderPass": 1,
			"autoUnwrap": false,
			"uv": [ 15.0, 13.0 ],
			"rotationOrigin": [ 13.0, 2.0, 13.0 ],
			"faces": {
				"east": { "texture": "#brass_plates_v1", "uv": [ 11.5, 1.0, 14.5, 15.0 ], "windMode": [-1,-1,-1,-1], "windData": [0,1,1,0] },
				"south": { "texture": "#brass_plates_v1", "uv": [ 11.5, 1.0, 14.5, 15.0 ], "windMode": [-1,-1,-1,-1], "windData": [0,0,1,1] }
			}
		},
		{
			"name": "MetalSupportW",
			"from": [ 13.0, 2.0, 0.0 ],
			"to": [ 16.0, 16.0, 3.0 ],
			"renderPass": 1,
			"autoUnwrap": false,
			"uv": [ 8.5, 1.0 ],
			"rotationOrigin": [ 13.0, 2.0, 0.0 ],
			"faces": {
				"north": { "texture": "#brass_plates_v1", "uv": [ 11.5, 1.0, 14.5, 15.0 ], "windMode": [-1,-1,-1,-1], "windData": [0,1,1,0] },
				"east": { "texture": "#brass_plates_v1", "uv": [ 11.5, 1.0, 14.5, 15.0 ], "windMode": [-1,-1,-1,-1], "windData": [0,1,1,0] }
			}
		},
		{
			"name": "Mold N",
			"from": [ 1.5, 2.0, 0.5 ],
			"to": [ 14.5, 5.0, 1.5 ],
			"autoUnwrap": false,
			"uv": [ 13.0, 4.5 ],
			"rotationOrigin": [ 3.0, 2.0, 0.0 ],
			"faces": {
				"north": { "texture": "#mould_side", "uv": [ 0.0, 0.0, 13.0, 3.0 ] },
				"south": { "texture": "#mould_side", "uv": [ 0.0, 0.0, 13.0, 3.0 ] },
				"up": { "texture": "#mould_side", "uv": [ 0.0, 0.0, 13.0, 1.0 ] }
			}
		},
		{
			"name": "Mold S",
			"from": [ 1.5, 2.0, 14.5 ],
			"to": [ 14.5, 5.0, 15.5 ],
			"autoUnwrap": false,
			"uv": [ 18.5, 11.5 ],
			"rotationOrigin": [ 2.0, 2.0, 15.0 ],
			"faces": {
				"north": { "texture": "#mould_side", "uv": [ 0.0, 0.0, 13.0, 3.0 ] },
				"south": { "texture": "#mould_side", "uv": [ 0.0, 0.0, 13.0, 3.0 ] },
				"up": { "texture": "#mould_side", "uv": [ 0.0, 0.0, 13.0, 1.0 ] }
			}
		},
		{
			"name": "Mold W",
			"from": [ 0.5, 2.0, 0.5 ],
			"to": [ 1.5, 5.0, 15.5 ],
			"autoUnwrap": false,
			"uv": [ 33.0, 31.5 ],
			"rotationOrigin": [ 0.5, 2.0, 1.0 ],
			"faces": {
				"north": { "texture": "#mould_side", "uv": [ 0.0, 0.0, 1.0, 3.0 ], "windMode": [-1,-1,-1,-1] },
				"east": { "texture": "#mould_side", "uv": [ 0.0, 0.0, 15.0, 3.0 ] },
				"south": { "texture": "#mould_side", "uv": [ 0.0, 0.0, 1.0, 3.0 ], "windMode": [-1,-1,-1,-1] },
				"west": { "texture": "#mould_side", "uv": [ 0.0, 4.0, 15.0, 7.0 ] },
				"up": { "texture": "#mould_side", "uv": [ 0.0, 3.0, 15.0, 4.0 ], "rotation": 90, "windMode": [-1,-1,-1,-1] }
			}
		},
		{
			"name": "Mold E",
			"from": [ 14.5, 2.0, 0.5 ],
			"to": [ 15.5, 5.0, 15.5 ],
			"autoUnwrap": false,
			"uv": [ 30.5, 39.5 ],
			"rotationOrigin": [ 14.5, 2.0, 0.0 ],
			"faces": {
				"north": { "texture": "#mould_side", "uv": [ 0.0, 0.0, 1.0, 3.0 ], "windMode": [-1,-1,-1,-1] },
				"east": { "texture": "#mould_side", "uv": [ 0.0, 4.0, 15.0, 7.0 ], "windMode": [-1,-1,-1,-1] },
				"south": { "texture": "#mould_side", "uv": [ 0.0, 0.0, 1.0, 3.0 ], "windMode": [-1,-1,-1,-1] },
				"west": { "texture": "#mould_side", "uv": [ 0.0, 4.0, 15.0, 7.0 ], "windMode": [-1,-1,-1,-1] },
				"up": { "texture": "#mould_side", "uv": [ 0.0, 3.0, 15.0, 4.0 ], "rotation": 90, "windMode": [-1,-1,-1,-1] }
			}
		},
		{
			"name": "Mold",
			"from": [ 1.5, 2.0, 1.5 ],
			"to": [ 14.5, 4.0, 14.5 ],
			"uv": [ 0.0, 0.0 ],
			"rotationOrigin": [ 1.5, 2.0, 1.5 ],
			"faces": {
				"up": { "texture": "#mould_v2", "uv": [ 0.0, 0.0, 13.0, 13.0 ] }
			}
		},
		{
			"name": "LightBox",
			"from": [ 3.0, 18.0, 13.0 ],
			"to": [ 4.8, 19.8, 14.8 ],
			"autoUnwrap": false,
			"uv": [ 20.0, 14.0 ],
			"rotationOrigin": [ 3.0, 18.0, 14.0 ],
			"rotationX": -180.0,
			"rotationZ": -180.0,
			"faces": {
				"north": { "texture": "#circuits", "uv": [ 13.0, 0.0, 15.5, 2.5 ], "autoUv": false, "windMode": [-1,-1,-1,-1], "windData": [1,1,1,1] },
				"east": { "texture": "#circuits", "uv": [ 13.0, 0.0, 15.5, 2.5 ], "autoUv": false, "windMode": [-1,-1,-1,-1], "windData": [1,1,1,1] },
				"south": { "texture": "#circuits", "uv": [ 13.0, 0.0, 15.5, 2.5 ], "autoUv": false },
				"west": { "texture": "#circuits", "uv": [ 13.0, 0.0, 15.5, 2.0 ], "autoUv": false },
				"up": { "texture": "#circuits", "uv": [ 13.0, 0.0, 15.5, 2.5 ], "autoUv": false }
			},
			"children": [
				{
					"name": "Light",
					"from": [ 0.54, 0.24, 0.54 ],
					"to": [ 1.26, 1.44, 1.26 ],
					"renderPass": 3,
					"unwrapMode": 6,
					"autoUnwrap": false,
					"uv": [ 0.0, 7.0 ],
					"faces": {
						"north": { "texture": "#circuits", "uv": [ 1.0, 7.0, 1.5, 8.0 ] },
						"east": { "texture": "#circuits", "uv": [ 1.0, 8.0, 2.0, 8.5 ], "rotation": 90, "windMode": [-1,-1,-1,-1], "windData": [1,1,1,1] },
						"south": { "texture": "#circuits", "uv": [ 1.0, 8.5, 1.5, 9.5 ], "rotation": 180 },
						"west": { "texture": "#circuits", "uv": [ 1.0, 8.0, 2.0, 8.5 ], "rotation": 270 },
						"up": { "texture": "#circuits", "uv": [ 2.0, 8.0, 2.5, 8.5 ] }
					},
					"children": [
						{
							"name": "Copper",
							"from": [ 0.3, 0.0, 0.3 ],
							"to": [ 0.42, 0.84, 0.42 ],
							"unwrapMode": 1,
							"autoUnwrap": false,
							"uv": [ 3.0, 8.0 ],
							"faces": {
								"north": { "texture": "#circuits", "uv": [ 3.5, 8.5, 4.0, 9.0 ] },
								"east": { "texture": "#circuits", "uv": [ 3.0, 8.5, 3.5, 9.0 ] },
								"south": { "texture": "#circuits", "uv": [ 2.5, 7.5, 3.0, 8.0 ] },
								"west": { "texture": "#circuits", "uv": [ 4.0, 8.5, 4.5, 9.0 ] },
								"up": { "texture": "#circuits", "uv": [ 3.5, 8.0, 4.0, 8.5 ], "rotation": 180 },
								"down": { "texture": "#circuits", "uv": [ 3.5, 9.0, 4.0, 9.5 ] }
							}
						}
					]
				},
				{
					"name": "Base",
					"from": [ -0.03, 0.0, -0.03 ],
					"to": [ 1.83, 0.24, 1.83 ],
					"autoUnwrap": false,
					"uv": [ 13.0, 2.5 ],
					"faces": {
						"north": { "texture": "#circuits", "uv": [ 13.0, 4.0, 14.5, 4.5 ] },
						"east": { "texture": "#circuits", "uv": [ 14.5, 4.0, 16.0, 4.5 ] },
						"south": { "texture": "#circuits", "uv": [ 14.0, 4.0, 15.5, 4.5 ] },
						"west": { "texture": "#circuits", "uv": [ 13.5, 4.0, 15.0, 4.5 ] },
						"up": { "texture": "#circuits", "uv": [ 13.0, 2.5, 14.5, 4.0 ] }
					}
				}
			]
		},
		{
			"name": "FuesBox",
			"from": [ 7.8, 6.5, 0.2 ],
			"to": [ 12.6, 13.7, 1.4 ],
			"autoUnwrap": false,
			"uv": [ 21.5, 11.0 ],
			"rotationOrigin": [ 9.0, 6.8, 0.2 ],
			"rotationX": -180.0,
			"rotationZ": -180.0,
			"faces": {
				"north": { "texture": "#brass_plates_v2", "uv": [ 12.0, 0.0, 16.0, 6.0 ], "autoUv": false, "windMode": [-1,-1,-1,-1] },
				"east": { "texture": "#brass_plates_v2", "uv": [ 0.0, 0.0, 1.0, 7.0 ], "rotation": 180 },
				"south": { "texture": "#brass_plates_v2", "uv": [ 12.0, 0.0, 16.0, 6.0 ], "autoUv": false, "windMode": [-1,-1,-1,-1] },
				"west": { "texture": "#brass_plates_v2", "uv": [ 0.0, 0.0, 1.0, 7.0 ] },
				"up": { "texture": "#brass_plates_v2", "uv": [ 0.0, 0.0, 1.0, 4.5 ], "rotation": 90 },
				"down": { "texture": "#brass_plates_v2", "uv": [ 0.0, 0.0, 1.0, 4.5 ], "rotation": 90 }
			},
			"children": [
				{
					"name": "Hing1",
					"from": [ -0.6, 1.2, -0.1 ],
					"to": [ 0.6, 1.8, 1.32 ],
					"uv": [ 0.0, 0.0 ],
					"rotationOrigin": [ -1.2, 1.2, 0.0 ],
					"faces": {
						"north": { "texture": "#plate_metal_v2", "uv": [ 0.0, 1.0, 1.0, 1.5 ], "windMode": [-1,-1,-1,-1] },
						"east": { "texture": "#plate_metal_v2", "uv": [ 1.0, 1.0, 2.0, 1.5 ] },
						"south": { "texture": "#plate_metal_v2", "uv": [ 2.0, 1.0, 3.0, 1.5 ] },
						"west": { "texture": "#plate_metal_v2", "uv": [ 3.0, 1.0, 4.0, 1.5 ] },
						"up": { "texture": "#plate_metal_v2", "uv": [ 0.0, 0.0, 1.0, 1.0 ] },
						"down": { "texture": "#plate_metal_v2", "uv": [ 1.0, 0.0, 2.0, 1.0 ] }
					}
				},
				{
					"name": "Hing2",
					"from": [ -0.6, 5.4, -0.1 ],
					"to": [ 0.6, 6.0, 1.32 ],
					"uv": [ 0.0, 0.0 ],
					"rotationOrigin": [ -1.2, 4.8, 0.0 ],
					"faces": {
						"north": { "texture": "#plate_metal_v2", "uv": [ 0.0, 1.0, 1.0, 1.5 ], "windMode": [-1,-1,-1,-1] },
						"east": { "texture": "#plate_metal_v2", "uv": [ 1.0, 1.0, 2.0, 1.5 ] },
						"south": { "texture": "#plate_metal_v2", "uv": [ 2.0, 1.0, 3.0, 1.5 ] },
						"west": { "texture": "#plate_metal_v2", "uv": [ 3.0, 1.0, 4.0, 1.5 ] },
						"up": { "texture": "#plate_metal_v2", "uv": [ 0.0, 0.0, 1.0, 1.0 ] },
						"down": { "texture": "#plate_metal_v2", "uv": [ 1.0, 0.0, 2.0, 1.0 ] }
					}
				}
			]
		},
		{
			"name": "Wire",
			"from": [ 12.4, 10.4, 1.5 ],
			"to": [ 16.4, 10.9, 2.0 ],
			"autoUnwrap": false,
			"uv": [ -1.0, 5.5 ],
			"rotationOrigin": [ 13.2, 10.4, 0.8 ],
			"rotationX": -180.0,
			"rotationZ": -180.0,
			"faces": {
				"north": { "texture": "#circuits", "uv": [ 0.0, 6.0, 3.0, 6.5 ] },
				"east": { "texture": "#circuits", "uv": [ 3.0, 6.0, 3.5, 6.5 ] },
				"south": { "texture": "#circuits", "uv": [ 3.5, 6.0, 7.5, 6.5 ] },
				"west": { "texture": "#circuits", "uv": [ 7.5, 6.0, 8.0, 6.5 ] },
				"up": { "texture": "#circuits", "uv": [ 0.0, 5.5, 4.0, 6.0 ] },
				"down": { "texture": "#circuits", "uv": [ 3.0, 5.5, 7.0, 6.0 ] }
			},
			"children": [
				{
					"name": "Point",
					"from": [ -1.0, -0.2, 0.1 ],
					"to": [ 0.0, 0.8, 1.1 ],
					"unwrapMode": 7,
					"autoUnwrap": false,
					"uv": [ 4.0, 6.0 ],
					"rotationOrigin": [ -1.0, 0.0, 0.0 ],
					"faces": {
						"east": { "texture": "#circuits", "uv": [ 5.0, 8.0, 6.0, 9.0 ], "rotation": 270 },
						"south": { "texture": "#circuits", "uv": [ 5.0, 7.0, 6.0, 8.0 ], "rotation": 180 },
						"west": { "texture": "#circuits", "uv": [ 5.0, 8.0, 6.0, 9.0 ], "rotation": 90 },
						"up": { "texture": "#circuits", "uv": [ 5.0, 7.0, 6.0, 8.0 ], "rotation": 180 },
						"down": { "texture": "#circuits", "uv": [ 5.0, 8.0, 6.0, 9.0 ] }
					},
					"children": [
						{
							"name": "Base1",
							"from": [ -0.1, -0.1, 0.0 ],
							"to": [ 1.1, 1.1, 0.2 ],
							"unwrapMode": 4,
							"autoUnwrap": false,
							"uv": [ 2.0, 4.5 ],
							"faces": {
								"east": { "texture": "#circuits", "uv": [ 3.5, 5.5, 4.0, 6.5 ] },
								"south": { "texture": "#circuits", "uv": [ 2.5, 5.5, 3.5, 6.5 ] },
								"west": { "texture": "#circuits", "uv": [ 2.0, 5.5, 2.5, 6.5 ], "windMode": [-1,-1,-1,-1] },
								"up": { "texture": "#circuits", "uv": [ 2.0, 4.5, 2.5, 5.5 ], "rotation": 90 },
								"down": { "texture": "#circuits", "uv": [ 2.0, 4.5, 2.5, 5.5 ], "rotation": 90 }
							}
						}
					],
					"attachmentpoints": [
						{
							"code": "Wie",
							"posX": "0.5","posY": "0.5","posZ": "0.0",
							"rotationX": "0.0","rotationY": "0.0","rotationZ": "0.0"
						}
					]
				}
			]
		}
	],
	"animations": [
		{
			"name": "craft",
			"code": "craft",
			"quantityframes": 130,
			"onActivityStopped": "Rewind",
			"onAnimationEnd": "Repeat",
			"keyframes": [
				{
					"frame": 0,
					"elements": {
						"Press": { "offsetX": 0.0, "offsetY": 0.0, "offsetZ": 0.0 },
						"Main Shaft 2": { "rotationX": 0.0, "rotationY": 0.0, "rotationZ": -180.0 },
						"Main Shaft 1": { "rotationX": 0.0, "rotationY": 0.0, "rotationZ": 180.0 },
						"Press Plate Shaft Middle": { "offsetX": 0.0, "offsetY": 0.0, "offsetZ": 0.0 }
					}
				},
				{
					"frame": 15,
					"elements": {
						"Press": { "offsetX": 0.0, "offsetY": -1.0, "offsetZ": 0.0 },
						"Press Plate Shaft Middle": { "offsetX": 0.0, "offsetY": 1.0, "offsetZ": 0.0 },
						"Main Shaft 2": { "rotationX": 0.0, "rotationY": 0.0, "rotationZ": -135.0 },
						"Main Shaft 1": { "rotationX": 0.0, "rotationY": 0.0, "rotationZ": 135.0 }
					}
				},
				{
					"frame": 35,
					"elements": {
						"Press Plate Shaft Middle": { "offsetX": 0.0, "offsetY": 2.3, "offsetZ": 0.0 },
						"Main Shaft 1": { "rotationX": 0.0, "rotationY": 0.0, "rotationZ": 90.0 },
						"Main Shaft 2": { "rotationX": 0.0, "rotationY": 0.0, "rotationZ": -90.0 }
					}
				},
				{
					"frame": 45,
					"elements": {
						"Main Shaft 1": { "rotationX": 0.0, "rotationY": 0.0, "rotationZ": 45.0 },
						"Main Shaft 2": { "rotationX": 0.0, "rotationY": 0.0, "rotationZ": -45.0 },
						"Press Plate Shaft Middle": { "offsetX": 0.0, "offsetY": 3.0, "offsetZ": 0.0 }
					}
				},
				{
					"frame": 49,
					"elements": {
						"Press Plate Shaft Middle": { "offsetX": 0.0, "offsetY": 3.3, "offsetZ": 0.0 }
					}
				},
				{
					"frame": 60,
					"elements": {
						"Main Shaft 1": { "rotationX": 0.0, "rotationY": 0.0, "rotationZ": 22.5 },
						"Main Shaft 2": { "rotationX": 0.0, "rotationY": 0.0, "rotationZ": -22.5 },
						"Press Plate Shaft Middle": { "offsetX": 0.0, "offsetY": 4.0, "offsetZ": 0.0 }
					}
				},
				{
					"frame": 90,
					"elements": {
						"Press": { "offsetX": 0.0, "offsetY": -6.0, "offsetZ": 0.0 },
						"Press Plate Shaft Middle": { "offsetX": 0.0, "offsetY": 6.0, "offsetZ": 0.0 },
						"Main Shaft 2": { "rotationX": 0.0, "rotationY": 0.0, "rotationZ": 0.0 },
						"Main Shaft 1": { "rotationX": 0.0, "rotationY": 0.0, "rotationZ": 0.0 }
					}
				},
				{
					"frame": 110,
					"elements": {
						"Press": { "offsetX": 0.0, "offsetY": -6.0, "offsetZ": 0.0 },
						"Press Plate Shaft Middle": { "offsetX": 0.0, "offsetY": 6.0, "offsetZ": 0.0 },
						"Main Shaft 2": { "rotationX": 0.0, "rotationY": 0.0, "rotationZ": 0.0 },
						"Main Shaft 1": { "rotationX": 0.0, "rotationY": 0.0, "rotationZ": 0.0 }
					}
				},
				{
					"frame": 114,
					"elements": {
						"Press": { "offsetX": 0.0, "offsetY": -6.0, "offsetZ": 0.0 },
						"Press Plate Shaft Middle": { "offsetX": 0.0, "offsetY": 6.0, "offsetZ": 0.0 },
						"Main Shaft 2": { "rotationX": 0.0, "rotationY": 0.0, "rotationZ": 0.0 },
						"Main Shaft 1": { "rotationX": 0.0, "rotationY": 0.0, "rotationZ": 0.0 }
					}
				},
				{
					"frame": 122,
					"elements": {
						"Press Plate Shaft Middle": { "offsetX": 0.0, "offsetY": 3.0, "offsetZ": 0.0 }
					}
				}
			]
		}
	]
}