{
	"editor": {
		"backDropShape": "C:/Users/Cal/AppData/Roaming/VintagestoryData/Mods/koboldplayerrdx_1.0.7/assets/koboldrdx/shapes/entity/humanoid/kobold-faceless",
		"collapsedPaths": "Root/ArmorLowerFootL/strap_1,Root/ArmorLowerFootL/strap_0,Root/ArmorLowerTorso/wire_14,Root/ArmorLowerTorso/exo_19,Root/ArmorLowerLegL,Root/ArmorLowerFootR/piston_1,Root/ArmorLowerTorso/wire_9,Root/ArmorLowerTorso,Root/ArmorLowerLegR,Root/ArmorUpperFootL/exo_3/gear_0,Root/ArmorLowerFootL2,Root/ArmorUpperFootL/exo_3/gear_1,Root/ArmorLowerTorso/gear_1,Root/ArmorLowerFootL/piston_0",
		"allAngles": false,
		"entityTextureMode": false
	},
	"textureWidth": 16,
	"textureHeight": 16,
	"textureSizes": {
		"material": [64,64]
	},
	"textures": {
		"plain": "game:block/leather/plain",
		"rustyglow": "game:block/machine/statictranslocator/rustyglow",
		"gold": "game:block/metal/plate/gold",
		"steel": "game:block/metal/plate/steel",
		"cupronickel1": "game:block/metal/sheet-plain/cupronickel1",
		"material": "armor/plate/steel"
	},
	"elements": [
		{
			"name": "ArmorLowerTorso",
			"stepParentName": "LowerTorso",
			"from": [ 5.0, 1.5, -1.5 ],
			"to": [ 6.0, 2.5, 7.5 ],
			"rotationOrigin": [ 5.0, 1.5, -1.5 ],
			"faces": {
				"north": { "texture": "#steel", "uv": [ 0.0, 2.0, 1.0, 3.0 ], "windMode": [-1,-1,-1,-1], "windData": [1,1,1,1] },
				"east": { "texture": "#steel", "uv": [ 2.0, 2.0, 11.0, 3.0 ], "windMode": [-1,-1,-1,-1], "windData": [1,1,1,1] },
				"south": { "texture": "#steel", "uv": [ 2.0, 2.0, 3.0, 3.0 ], "windMode": [-1,-1,-1,-1], "windData": [1,1,1,1] },
				"west": { "texture": "#steel", "uv": [ 4.0, 2.0, 13.0, 3.0 ], "windMode": [-1,-1,-1,-1], "windData": [1,1,1,1] },
				"up": { "texture": "#steel", "uv": [ 0.0, 0.0, 1.0, 9.0 ], "windMode": [-1,-1,-1,-1], "windData": [1,1,1,1] },
				"down": { "texture": "#steel", "uv": [ 2.0, 0.0, 3.0, 9.0 ], "windMode": [-1,-1,-1,-1], "windData": [1,1,1,1] }
			},
			"children": [
				{
					"name": "exo_0",
					"from": [ -4.0, -0.5, 0.5 ],
					"to": [ 0.5, 1.5, 1.5 ],
					"rotationOrigin": [ -4.0, -0.5, 0.5 ],
					"faces": {
						"north": { "texture": "#cupronickel1", "uv": [ 0.0, 0.0, 4.5, 2.0 ] },
						"east": { "texture": "#cupronickel1", "uv": [ 0.0, 0.0, 1.0, 2.0 ] },
						"south": { "texture": "#cupronickel1", "uv": [ 0.0, 0.0, 4.5, 2.0 ] },
						"west": { "texture": "#cupronickel1", "uv": [ 0.0, 0.0, 1.0, 2.0 ] },
						"up": { "texture": "#cupronickel1", "uv": [ 0.0, 0.0, 4.5, 1.0 ] },
						"down": { "texture": "#cupronickel1", "uv": [ 0.0, 0.0, 4.5, 1.0 ] }
					}
				},
				{
					"name": "exo_1",
					"from": [ -4.0, -0.5, 7.5 ],
					"to": [ 0.5, 1.5, 8.5 ],
					"rotationOrigin": [ -4.0, -0.5, 7.5 ],
					"faces": {
						"north": { "texture": "#cupronickel1", "uv": [ 0.0, 0.0, 4.5, 2.0 ] },
						"east": { "texture": "#cupronickel1", "uv": [ 0.0, 0.0, 1.0, 2.0 ] },
						"south": { "texture": "#cupronickel1", "uv": [ 0.0, 0.0, 4.5, 2.0 ] },
						"west": { "texture": "#cupronickel1", "uv": [ 0.0, 0.0, 1.0, 2.0 ] },
						"up": { "texture": "#cupronickel1", "uv": [ 0.0, 0.0, 4.5, 1.0 ] },
						"down": { "texture": "#cupronickel1", "uv": [ 0.0, 0.0, 4.5, 1.0 ] }
					}
				},
				{
					"name": "exo_19",
					"from": [ 0.0, -1.0, 3.0 ],
					"to": [ 1.5, 0.5, 7.0 ],
					"rotationOrigin": [ 0.0, -1.0, 3.0 ],
					"faces": {
						"north": { "texture": "#cupronickel1", "uv": [ 0.0, 0.0, 1.5, 1.5 ] },
						"east": { "texture": "#cupronickel1", "uv": [ 0.0, 0.0, 4.0, 1.5 ] },
						"south": { "texture": "#cupronickel1", "uv": [ 0.0, 0.0, 1.5, 1.5 ] },
						"west": { "texture": "#cupronickel1", "uv": [ 0.0, 0.0, 4.0, 1.5 ] },
						"up": { "texture": "#cupronickel1", "uv": [ 0.0, 0.0, 1.5, 4.0 ] },
						"down": { "texture": "#cupronickel1", "uv": [ 0.0, 0.0, 1.5, 4.0 ] }
					},
					"children": [
						{
							"name": "exo_20",
							"from": [ 1.5, 0.2, 1.4 ],
							"to": [ 1.6, 1.3, 1.6 ],
							"rotationOrigin": [ 1.5, 0.2, 1.4 ],
							"faces": {
								"north": { "texture": "#rustyglow", "uv": [ 0.0, 0.0, 0.5, 1.0 ] },
								"east": { "texture": "#rustyglow", "uv": [ 0.0, 0.0, 0.5, 1.0 ] },
								"south": { "texture": "#rustyglow", "uv": [ 0.0, 0.0, 0.5, 1.0 ] },
								"west": { "texture": "#rustyglow", "uv": [ 0.0, 0.0, 0.5, 1.0 ] },
								"up": { "texture": "#rustyglow", "uv": [ 0.0, 0.0, 0.5, 0.5 ] },
								"down": { "texture": "#rustyglow", "uv": [ 0.0, 0.0, 0.5, 0.5 ] }
							}
						},
						{
							"name": "exo_27",
							"from": [ 1.5, 0.2, 1.1 ],
							"to": [ 1.6, 1.3, 1.3 ],
							"rotationOrigin": [ 1.5, 0.2, 1.1 ],
							"faces": {
								"north": { "texture": "#rustyglow", "uv": [ 0.0, 0.0, 0.5, 1.0 ] },
								"east": { "texture": "#rustyglow", "uv": [ 0.0, 0.0, 0.5, 1.0 ] },
								"south": { "texture": "#rustyglow", "uv": [ 0.0, 0.0, 0.5, 1.0 ] },
								"west": { "texture": "#rustyglow", "uv": [ 0.0, 0.0, 0.5, 1.0 ] },
								"up": { "texture": "#rustyglow", "uv": [ 0.0, 0.0, 0.5, 0.5 ] },
								"down": { "texture": "#rustyglow", "uv": [ 0.0, 0.0, 0.5, 0.5 ] }
							}
						},
						{
							"name": "exo_28",
							"from": [ 1.5, 0.2, 0.8 ],
							"to": [ 1.6, 1.3, 1.0 ],
							"rotationOrigin": [ 1.5, 0.2, 0.8 ],
							"faces": {
								"north": { "texture": "#rustyglow", "uv": [ 0.0, 0.0, 0.5, 1.0 ] },
								"east": { "texture": "#rustyglow", "uv": [ 0.0, 0.0, 0.5, 1.0 ] },
								"south": { "texture": "#rustyglow", "uv": [ 0.0, 0.0, 0.5, 1.0 ] },
								"west": { "texture": "#rustyglow", "uv": [ 0.0, 0.0, 0.5, 1.0 ] },
								"up": { "texture": "#rustyglow", "uv": [ 0.0, 0.0, 0.5, 0.5 ] },
								"down": { "texture": "#rustyglow", "uv": [ 0.0, 0.0, 0.5, 0.5 ] }
							}
						},
						{
							"name": "exo_29",
							"from": [ 1.5, 0.2, 0.5 ],
							"to": [ 1.6, 1.3, 0.7 ],
							"rotationOrigin": [ 1.5, 0.2, 0.5 ],
							"faces": {
								"north": { "texture": "#rustyglow", "uv": [ 0.0, 0.0, 0.5, 1.0 ] },
								"east": { "texture": "#rustyglow", "uv": [ 0.0, 0.0, 0.5, 1.0 ] },
								"south": { "texture": "#rustyglow", "uv": [ 0.0, 0.0, 0.5, 1.0 ] },
								"west": { "texture": "#rustyglow", "uv": [ 0.0, 0.0, 0.5, 1.0 ] },
								"up": { "texture": "#rustyglow", "uv": [ 0.0, 0.0, 0.5, 0.5 ] },
								"down": { "texture": "#rustyglow", "uv": [ 0.0, 0.0, 0.5, 0.5 ] }
							}
						}
					]
				},
				{
					"name": "gear_1",
					"from": [ 0.3, -0.3, 5.8 ],
					"to": [ 1.7, 1.1, 6.1 ],
					"rotationOrigin": [ 1.0, 0.4, 5.8 ],
					"rotationY": 90.0,
					"faces": {
						"north": { "texture": "#cupronickel1", "uv": [ 0.0, 0.0, 1.0, 1.0 ] },
						"east": { "texture": "#cupronickel1", "uv": [ 0.0, 0.0, 0.5, 1.0 ] },
						"south": { "texture": "#cupronickel1", "uv": [ 0.0, 0.0, 1.0, 1.0 ] },
						"west": { "texture": "#cupronickel1", "uv": [ 0.0, 0.0, 0.5, 1.0 ] },
						"up": { "texture": "#cupronickel1", "uv": [ 0.0, 0.0, 1.0, 0.5 ] },
						"down": { "texture": "#cupronickel1", "uv": [ 0.0, 0.0, 1.0, 0.5 ] }
					},
					"children": [
						{
							"name": "exo_24",
							"from": [ 0.0, 0.0, 0.04 ],
							"to": [ 1.4, 1.4, 0.28 ],
							"rotationOrigin": [ 0.7, 0.7, 0.0 ],
							"rotationZ": 22.5,
							"faces": {
								"north": { "texture": "#cupronickel1", "uv": [ 0.0, 0.0, 1.0, 1.0 ] },
								"east": { "texture": "#cupronickel1", "uv": [ 0.0, 0.0, 0.5, 1.0 ] },
								"south": { "texture": "#cupronickel1", "uv": [ 0.0, 0.0, 1.0, 1.0 ] },
								"west": { "texture": "#cupronickel1", "uv": [ 0.0, 0.0, 0.5, 1.0 ] },
								"up": { "texture": "#cupronickel1", "uv": [ 0.0, 0.0, 1.0, 0.5 ] },
								"down": { "texture": "#cupronickel1", "uv": [ 0.0, 0.0, 1.0, 0.5 ] }
							}
						},
						{
							"name": "exo_25",
							"from": [ 0.0, 0.0, 0.02 ],
							"to": [ 1.4, 1.4, 0.28 ],
							"rotationOrigin": [ 0.7, 0.7, 0.0 ],
							"rotationZ": 45.0,
							"faces": {
								"north": { "texture": "#cupronickel1", "uv": [ 0.0, 0.0, 1.0, 1.0 ] },
								"east": { "texture": "#cupronickel1", "uv": [ 0.0, 0.0, 0.5, 1.0 ] },
								"south": { "texture": "#cupronickel1", "uv": [ 0.0, 0.0, 1.0, 1.0 ] },
								"west": { "texture": "#cupronickel1", "uv": [ 0.0, 0.0, 0.5, 1.0 ] },
								"up": { "texture": "#cupronickel1", "uv": [ 0.0, 0.0, 1.0, 0.5 ] },
								"down": { "texture": "#cupronickel1", "uv": [ 0.0, 0.0, 1.0, 0.5 ] }
							}
						},
						{
							"name": "exo_26",
							"from": [ 0.0, 0.0, 0.01 ],
							"to": [ 1.4, 1.4, 0.29 ],
							"rotationOrigin": [ 0.7, 0.7, 0.0 ],
							"rotationZ": 67.5,
							"faces": {
								"north": { "texture": "#cupronickel1", "uv": [ 0.0, 0.0, 1.0, 1.0 ] },
								"east": { "texture": "#cupronickel1", "uv": [ 0.0, 0.0, 0.5, 1.0 ] },
								"south": { "texture": "#cupronickel1", "uv": [ 0.0, 0.0, 1.0, 1.0 ] },
								"west": { "texture": "#cupronickel1", "uv": [ 0.0, 0.0, 0.5, 1.0 ] },
								"up": { "texture": "#cupronickel1", "uv": [ 0.0, 0.0, 1.0, 0.5 ] },
								"down": { "texture": "#cupronickel1", "uv": [ 0.0, 0.0, 1.0, 0.5 ] }
							}
						}
					]
				},
				{
					"name": "wire_9",
					"from": [ 1.2, -0.8, 7.0 ],
					"to": [ 1.4, -0.6, 7.5 ],
					"rotationOrigin": [ 1.2, -0.8, 7.0 ],
					"faces": {
						"north": { "texture": "#gold", "uv": [ 0.0, 0.0, 0.5, 0.5 ] },
						"east": { "texture": "#gold", "uv": [ 0.0, 0.0, 0.5, 0.5 ] },
						"south": { "texture": "#gold", "uv": [ 0.0, 0.0, 0.5, 0.5 ] },
						"west": { "texture": "#gold", "uv": [ 0.0, 0.0, 0.5, 0.5 ] },
						"up": { "texture": "#gold", "uv": [ 0.0, 0.0, 0.5, 0.5 ] },
						"down": { "texture": "#gold", "uv": [ 0.0, 0.0, 0.5, 0.5 ] }
					},
					"children": [
						{
							"name": "wire_10",
							"from": [ 0.0, 0.0, 0.5 ],
							"to": [ 0.2, 0.2, 1.0 ],
							"rotationOrigin": [ 0.0, 0.0, 0.5 ],
							"rotationX": -14.0,
							"rotationY": 21.0,
							"faces": {
								"north": { "texture": "#gold", "uv": [ 0.0, 0.0, 0.5, 0.5 ] },
								"east": { "texture": "#gold", "uv": [ 0.0, 0.0, 0.5, 0.5 ] },
								"south": { "texture": "#gold", "uv": [ 0.0, 0.0, 0.5, 0.5 ] },
								"west": { "texture": "#gold", "uv": [ 0.0, 0.0, 0.5, 0.5 ] },
								"up": { "texture": "#gold", "uv": [ 0.0, 0.0, 0.5, 0.5 ] },
								"down": { "texture": "#gold", "uv": [ 0.0, 0.0, 0.5, 0.5 ] }
							},
							"children": [
								{
									"name": "wire_11",
									"from": [ 0.0, 0.0, 0.5 ],
									"to": [ 0.2, 0.2, 1.0 ],
									"rotationOrigin": [ 0.2, 0.0, 0.5 ],
									"rotationX": -34.0,
									"rotationY": -29.0,
									"faces": {
										"north": { "texture": "#gold", "uv": [ 0.0, 0.0, 0.5, 0.5 ] },
										"east": { "texture": "#gold", "uv": [ 0.0, 0.0, 0.5, 0.5 ] },
										"south": { "texture": "#gold", "uv": [ 0.0, 0.0, 0.5, 0.5 ] },
										"west": { "texture": "#gold", "uv": [ 0.0, 0.0, 0.5, 0.5 ] },
										"up": { "texture": "#gold", "uv": [ 0.0, 0.0, 0.5, 0.5 ] },
										"down": { "texture": "#gold", "uv": [ 0.0, 0.0, 0.5, 0.5 ] }
									},
									"children": [
										{
											"name": "wire_12",
											"from": [ 0.0, 0.0, 0.5 ],
											"to": [ 0.2, 0.2, 1.0 ],
											"rotationOrigin": [ 0.2, 0.0, 0.5 ],
											"rotationX": -22.0,
											"rotationY": -47.0,
											"faces": {
												"north": { "texture": "#gold", "uv": [ 0.0, 0.0, 0.5, 0.5 ] },
												"east": { "texture": "#gold", "uv": [ 0.0, 0.0, 0.5, 0.5 ] },
												"south": { "texture": "#gold", "uv": [ 0.0, 0.0, 0.5, 0.5 ] },
												"west": { "texture": "#gold", "uv": [ 0.0, 0.0, 0.5, 0.5 ] },
												"up": { "texture": "#gold", "uv": [ 0.0, 0.0, 0.5, 0.5 ] },
												"down": { "texture": "#gold", "uv": [ 0.0, 0.0, 0.5, 0.5 ] }
											},
											"children": [
												{
													"name": "wire_13",
													"from": [ 0.0, 0.0, 0.5 ],
													"to": [ 0.2, 0.2, 1.2 ],
													"rotationOrigin": [ 0.2, 0.0, 0.5 ],
													"rotationX": -12.0,
													"rotationY": -26.0,
													"faces": {
														"north": { "texture": "#gold", "uv": [ 0.0, 0.0, 0.5, 0.5 ] },
														"east": { "texture": "#gold", "uv": [ 0.0, 0.0, 0.5, 0.5 ] },
														"south": { "texture": "#gold", "uv": [ 0.0, 0.0, 0.5, 0.5 ] },
														"west": { "texture": "#gold", "uv": [ 0.0, 0.0, 0.5, 0.5 ] },
														"up": { "texture": "#gold", "uv": [ 0.0, 0.0, 0.5, 0.5 ] },
														"down": { "texture": "#gold", "uv": [ 0.0, 0.0, 0.5, 0.5 ] }
													}
												}
											]
										}
									]
								}
							]
						}
					]
				},
				{
					"name": "wire_14",
					"from": [ 1.2, -0.4, 7.0 ],
					"to": [ 1.4, -0.2, 7.5 ],
					"rotationOrigin": [ 1.2, -0.4, 7.0 ],
					"faces": {
						"north": { "texture": "#gold", "uv": [ 0.0, 0.0, 0.5, 0.5 ] },
						"east": { "texture": "#gold", "uv": [ 0.0, 0.0, 0.5, 0.5 ] },
						"south": { "texture": "#gold", "uv": [ 0.0, 0.0, 0.5, 0.5 ] },
						"west": { "texture": "#gold", "uv": [ 0.0, 0.0, 0.5, 0.5 ] },
						"up": { "texture": "#gold", "uv": [ 0.0, 0.0, 0.5, 0.5 ] },
						"down": { "texture": "#gold", "uv": [ 0.0, 0.0, 0.5, 0.5 ] }
					},
					"children": [
						{
							"name": "wire_15",
							"from": [ 0.0, 0.0, 0.5 ],
							"to": [ 0.2, 0.2, 1.1 ],
							"rotationOrigin": [ 0.0, 0.0, 0.5 ],
							"rotationX": -39.0,
							"rotationY": 17.0,
							"faces": {
								"north": { "texture": "#gold", "uv": [ 0.0, 0.0, 0.5, 0.5 ] },
								"east": { "texture": "#gold", "uv": [ 0.0, 0.0, 0.5, 0.5 ] },
								"south": { "texture": "#gold", "uv": [ 0.0, 0.0, 0.5, 0.5 ] },
								"west": { "texture": "#gold", "uv": [ 0.0, 0.0, 0.5, 0.5 ] },
								"up": { "texture": "#gold", "uv": [ 0.0, 0.0, 0.5, 0.5 ] },
								"down": { "texture": "#gold", "uv": [ 0.0, 0.0, 0.5, 0.5 ] }
							},
							"children": [
								{
									"name": "wire_16",
									"from": [ 0.0, 0.0, 0.6 ],
									"to": [ 0.2, 0.2, 1.6 ],
									"rotationOrigin": [ 0.2, 0.0, 0.6 ],
									"rotationX": -34.0,
									"rotationY": -29.0,
									"faces": {
										"north": { "texture": "#gold", "uv": [ 0.0, 0.0, 0.5, 0.5 ] },
										"east": { "texture": "#gold", "uv": [ 0.0, 0.0, 1.0, 0.5 ] },
										"south": { "texture": "#gold", "uv": [ 0.0, 0.0, 0.5, 0.5 ] },
										"west": { "texture": "#gold", "uv": [ 0.0, 0.0, 1.0, 0.5 ] },
										"up": { "texture": "#gold", "uv": [ 0.0, 0.0, 0.5, 1.0 ] },
										"down": { "texture": "#gold", "uv": [ 0.0, 0.0, 0.5, 1.0 ] }
									},
									"children": [
										{
											"name": "wire_17",
											"from": [ 0.0, 0.0, 1.0 ],
											"to": [ 0.2, 0.2, 1.5 ],
											"rotationOrigin": [ 0.2, 0.0, 1.0 ],
											"rotationX": -17.0,
											"rotationY": -8.0,
											"faces": {
												"north": { "texture": "#gold", "uv": [ 0.0, 0.0, 0.5, 0.5 ] },
												"east": { "texture": "#gold", "uv": [ 0.0, 0.0, 0.5, 0.5 ] },
												"south": { "texture": "#gold", "uv": [ 0.0, 0.0, 0.5, 0.5 ] },
												"west": { "texture": "#gold", "uv": [ 0.0, 0.0, 0.5, 0.5 ] },
												"up": { "texture": "#gold", "uv": [ 0.0, 0.0, 0.5, 0.5 ] },
												"down": { "texture": "#gold", "uv": [ 0.0, 0.0, 0.5, 0.5 ] }
											},
											"children": [
												{
													"name": "wire_18",
													"from": [ 0.0, 0.0, 0.5 ],
													"to": [ 0.2, 0.2, 1.2 ],
													"rotationOrigin": [ 0.2, 0.0, 0.5 ],
													"rotationY": -59.0,
													"faces": {
														"north": { "texture": "#gold", "uv": [ 0.0, 0.0, 0.5, 0.5 ] },
														"east": { "texture": "#gold", "uv": [ 0.0, 0.0, 0.5, 0.5 ] },
														"south": { "texture": "#gold", "uv": [ 0.0, 0.0, 0.5, 0.5 ] },
														"west": { "texture": "#gold", "uv": [ 0.0, 0.0, 0.5, 0.5 ] },
														"up": { "texture": "#gold", "uv": [ 0.0, 0.0, 0.5, 0.5 ] },
														"down": { "texture": "#gold", "uv": [ 0.0, 0.0, 0.5, 0.5 ] }
													}
												}
											]
										}
									]
								}
							]
						}
					]
				},
				{
					"name": "exo_31",
					"from": [ 0.1, -1.2, 0.9 ],
					"to": [ 1.6, 1.8, 2.4 ],
					"rotationOrigin": [ 0.1, -1.2, 0.9 ],
					"faces": {
						"north": { "texture": "#cupronickel1", "uv": [ 0.0, 0.0, 1.5, 3.0 ] },
						"east": { "texture": "#cupronickel1", "uv": [ 0.0, 0.0, 1.5, 3.0 ] },
						"south": { "texture": "#cupronickel1", "uv": [ 0.0, 0.0, 1.5, 3.0 ] },
						"west": { "texture": "#cupronickel1", "uv": [ 0.0, 0.0, 1.5, 3.0 ] },
						"up": { "texture": "#cupronickel1", "uv": [ 0.0, 0.0, 1.5, 1.5 ] },
						"down": { "texture": "#cupronickel1", "uv": [ 0.0, 0.0, 1.5, 1.5 ] }
					}
				},
				{
					"name": "wire_20",
					"from": [ 1.1, -0.8, 1.7 ],
					"to": [ 1.3, -0.6, 3.0 ],
					"rotationOrigin": [ 1.1, -0.8, 1.7 ],
					"faces": {
						"north": { "texture": "#gold", "uv": [ 0.0, 0.0, 0.5, 0.5 ] },
						"east": { "texture": "#gold", "uv": [ 0.0, 0.0, 1.0, 0.5 ] },
						"south": { "texture": "#gold", "uv": [ 0.0, 0.0, 0.5, 0.5 ] },
						"west": { "texture": "#gold", "uv": [ 0.0, 0.0, 1.0, 0.5 ] },
						"up": { "texture": "#gold", "uv": [ 0.0, 0.0, 0.5, 1.0 ] },
						"down": { "texture": "#gold", "uv": [ 0.0, 0.0, 0.5, 1.0 ] }
					}
				},
				{
					"name": "wire_21",
					"from": [ 1.1, -0.5, 1.7 ],
					"to": [ 1.3, -0.3, 3.0 ],
					"rotationOrigin": [ 1.1, -0.5, 1.7 ],
					"faces": {
						"north": { "texture": "#gold", "uv": [ 0.0, 0.0, 0.5, 0.5 ] },
						"east": { "texture": "#gold", "uv": [ 0.0, 0.0, 1.0, 0.5 ] },
						"south": { "texture": "#gold", "uv": [ 0.0, 0.0, 0.5, 0.5 ] },
						"west": { "texture": "#gold", "uv": [ 0.0, 0.0, 1.0, 0.5 ] },
						"up": { "texture": "#gold", "uv": [ 0.0, 0.0, 0.5, 1.0 ] },
						"down": { "texture": "#gold", "uv": [ 0.0, 0.0, 0.5, 1.0 ] }
					}
				}
			]
		},
		{
			"name": "ArmorUpperFootL",
			"stepParentName": "UpperFootL",
			"from": [ 1.0, 0.0, 3.5 ],
			"to": [ 2.0, 8.0, 4.0 ],
			"rotationOrigin": [ 1.0, 0.0, 3.5 ],
			"faces": {
				"north": { "texture": "#steel", "uv": [ 0.0, 0.0, 1.0, 8.0 ] },
				"east": { "texture": "#steel", "uv": [ 0.0, 0.0, 0.5, 8.0 ] },
				"south": { "texture": "#steel", "uv": [ 0.0, 0.0, 1.0, 8.0 ] },
				"west": { "texture": "#steel", "uv": [ 0.0, 0.0, 0.5, 8.0 ] },
				"up": { "texture": "#steel", "uv": [ 0.0, 0.0, 1.0, 0.5 ] },
				"down": { "texture": "#steel", "uv": [ 0.0, 0.0, 1.0, 0.5 ] }
			},
			"children": [
				{
					"name": "exo_3",
					"from": [ -0.5, -0.4, 0.1 ],
					"to": [ 1.5, 1.6, 1.0 ],
					"rotationOrigin": [ -0.5, -0.4, 0.1 ],
					"faces": {
						"north": { "texture": "#cupronickel1", "uv": [ 0.0, 0.0, 2.0, 2.0 ] },
						"east": { "texture": "#cupronickel1", "uv": [ 0.0, 0.0, 0.5, 2.0 ] },
						"south": { "texture": "#cupronickel1", "uv": [ 0.0, 0.0, 2.0, 2.0 ] },
						"west": { "texture": "#cupronickel1", "uv": [ 0.0, 0.0, 0.5, 2.0 ] },
						"up": { "texture": "#cupronickel1", "uv": [ 0.0, 0.0, 2.0, 0.5 ] },
						"down": { "texture": "#cupronickel1", "uv": [ 0.0, 0.0, 2.0, 0.5 ] }
					},
					"children": [
						{
							"name": "gear_0",
							"from": [ -0.1, 0.3, 0.4 ],
							"to": [ 1.3, 1.7, 0.7 ],
							"rotationOrigin": [ 0.6, 1.0, 0.4 ],
							"rotationZ": 20.0,
							"faces": {
								"north": { "texture": "#cupronickel1", "uv": [ 0.0, 0.0, 1.0, 1.0 ] },
								"east": { "texture": "#cupronickel1", "uv": [ 0.0, 0.0, 0.5, 1.0 ] },
								"south": { "texture": "#cupronickel1", "uv": [ 0.0, 0.0, 1.0, 1.0 ] },
								"west": { "texture": "#cupronickel1", "uv": [ 0.0, 0.0, 0.5, 1.0 ] },
								"up": { "texture": "#cupronickel1", "uv": [ 0.0, 0.0, 1.0, 0.5 ] },
								"down": { "texture": "#cupronickel1", "uv": [ 0.0, 0.0, 1.0, 0.5 ] }
							},
							"children": [
								{
									"name": "exo_21",
									"from": [ 0.0, 0.0, 0.04 ],
									"to": [ 1.4, 1.4, 0.28 ],
									"rotationOrigin": [ 0.7, 0.7, 0.0 ],
									"rotationZ": 22.5,
									"faces": {
										"north": { "texture": "#cupronickel1", "uv": [ 0.0, 0.0, 1.0, 1.0 ] },
										"east": { "texture": "#cupronickel1", "uv": [ 0.0, 0.0, 0.5, 1.0 ] },
										"south": { "texture": "#cupronickel1", "uv": [ 0.0, 0.0, 1.0, 1.0 ] },
										"west": { "texture": "#cupronickel1", "uv": [ 0.0, 0.0, 0.5, 1.0 ] },
										"up": { "texture": "#cupronickel1", "uv": [ 0.0, 0.0, 1.0, 0.5 ] },
										"down": { "texture": "#cupronickel1", "uv": [ 0.0, 0.0, 1.0, 0.5 ] }
									}
								},
								{
									"name": "exo_22",
									"from": [ 0.0, 0.0, 0.02 ],
									"to": [ 1.4, 1.4, 0.28 ],
									"rotationOrigin": [ 0.7, 0.7, 0.0 ],
									"rotationZ": 45.0,
									"faces": {
										"north": { "texture": "#cupronickel1", "uv": [ 0.0, 0.0, 1.0, 1.0 ] },
										"east": { "texture": "#cupronickel1", "uv": [ 0.0, 0.0, 0.5, 1.0 ] },
										"south": { "texture": "#cupronickel1", "uv": [ 0.0, 0.0, 1.0, 1.0 ] },
										"west": { "texture": "#cupronickel1", "uv": [ 0.0, 0.0, 0.5, 1.0 ] },
										"up": { "texture": "#cupronickel1", "uv": [ 0.0, 0.0, 1.0, 0.5 ] },
										"down": { "texture": "#cupronickel1", "uv": [ 0.0, 0.0, 1.0, 0.5 ] }
									}
								},
								{
									"name": "exo_23",
									"from": [ 0.0, 0.0, 0.01 ],
									"to": [ 1.4, 1.4, 0.29 ],
									"rotationOrigin": [ 0.7, 0.7, 0.0 ],
									"rotationZ": 67.5,
									"faces": {
										"north": { "texture": "#cupronickel1", "uv": [ 0.0, 0.0, 1.0, 1.0 ] },
										"east": { "texture": "#cupronickel1", "uv": [ 0.0, 0.0, 0.5, 1.0 ] },
										"south": { "texture": "#cupronickel1", "uv": [ 0.0, 0.0, 1.0, 1.0 ] },
										"west": { "texture": "#cupronickel1", "uv": [ 0.0, 0.0, 0.5, 1.0 ] },
										"up": { "texture": "#cupronickel1", "uv": [ 0.0, 0.0, 1.0, 0.5 ] },
										"down": { "texture": "#cupronickel1", "uv": [ 0.0, 0.0, 1.0, 0.5 ] }
									}
								}
							]
						}
					]
				},
				{
					"name": "wire_5",
					"from": [ 0.2, 1.6, 0.5 ],
					"to": [ 0.4, 3.6, 0.7 ],
					"rotationOrigin": [ 0.2, 1.6, 0.5 ],
					"faces": {
						"north": { "texture": "#gold", "uv": [ 0.0, 0.0, 0.5, 2.0 ] },
						"east": { "texture": "#gold", "uv": [ 0.0, 0.0, 0.5, 2.0 ] },
						"south": { "texture": "#gold", "uv": [ 0.0, 0.0, 0.5, 2.0 ] },
						"west": { "texture": "#gold", "uv": [ 0.0, 0.0, 0.5, 2.0 ] },
						"up": { "texture": "#gold", "uv": [ 0.0, 0.0, 0.5, 0.5 ] },
						"down": { "texture": "#gold", "uv": [ 0.0, 0.0, 0.5, 0.5 ] }
					},
					"children": [
						{
							"name": "wire_6",
							"from": [ 0.0, 2.0, 0.0 ],
							"to": [ 0.2, 3.0, 0.2 ],
							"rotationOrigin": [ 0.0, 2.0, 0.0 ],
							"rotationZ": -20.0,
							"faces": {
								"north": { "texture": "#gold", "uv": [ 0.0, 0.0, 0.5, 1.0 ] },
								"east": { "texture": "#gold", "uv": [ 0.0, 0.0, 0.5, 1.0 ] },
								"south": { "texture": "#gold", "uv": [ 0.0, 0.0, 0.5, 1.0 ] },
								"west": { "texture": "#gold", "uv": [ 0.0, 0.0, 0.5, 1.0 ] },
								"up": { "texture": "#gold", "uv": [ 0.0, 0.0, 0.5, 0.5 ] },
								"down": { "texture": "#gold", "uv": [ 0.0, 0.0, 0.5, 0.5 ] }
							},
							"children": [
								{
									"name": "wire_7",
									"from": [ 0.0, 1.0, 0.0 ],
									"to": [ 0.2, 1.5, 0.2 ],
									"rotationOrigin": [ 0.2, 1.0, 0.0 ],
									"rotationX": 15.0,
									"rotationZ": 16.0,
									"faces": {
										"north": { "texture": "#gold", "uv": [ 0.0, 0.0, 0.5, 0.5 ] },
										"east": { "texture": "#gold", "uv": [ 0.0, 0.0, 0.5, 0.5 ] },
										"south": { "texture": "#gold", "uv": [ 0.0, 0.0, 0.5, 0.5 ] },
										"west": { "texture": "#gold", "uv": [ 0.0, 0.0, 0.5, 0.5 ] },
										"up": { "texture": "#gold", "uv": [ 0.0, 0.0, 0.5, 0.5 ] },
										"down": { "texture": "#gold", "uv": [ 0.0, 0.0, 0.5, 0.5 ] }
									},
									"children": [
										{
											"name": "wire_8",
											"from": [ 0.0, 0.5, 0.0 ],
											"to": [ 0.2, 1.2, 0.2 ],
											"rotationOrigin": [ 0.2, 0.5, 0.2 ],
											"rotationX": -13.0,
											"rotationZ": 4.0,
											"faces": {
												"north": { "texture": "#gold", "uv": [ 0.0, 0.0, 0.5, 0.5 ] },
												"east": { "texture": "#gold", "uv": [ 0.0, 0.0, 0.5, 0.5 ] },
												"south": { "texture": "#gold", "uv": [ 0.0, 0.0, 0.5, 0.5 ] },
												"west": { "texture": "#gold", "uv": [ 0.0, 0.0, 0.5, 0.5 ] },
												"up": { "texture": "#gold", "uv": [ 0.0, 0.0, 0.5, 0.5 ] },
												"down": { "texture": "#gold", "uv": [ 0.0, 0.0, 0.5, 0.5 ] }
											}
										}
									]
								}
							]
						}
					]
				},
				{
					"name": "strap_4",
					"from": [ -0.1, 3.3, -0.3 ],
					"to": [ 1.1, 3.8, 0.8 ],
					"rotationOrigin": [ -0.1, 3.3, -0.3 ],
					"faces": {
						"north": { "texture": "#plain", "uv": [ 0.0, 0.0, 1.0, 0.5 ] },
						"east": { "texture": "#plain", "uv": [ 0.0, 0.0, 1.0, 0.5 ] },
						"south": { "texture": "#plain", "uv": [ 0.0, 0.0, 1.0, 0.5 ] },
						"west": { "texture": "#plain", "uv": [ 0.0, 0.0, 1.0, 0.5 ] },
						"up": { "texture": "#plain", "uv": [ 0.0, 0.0, 1.0, 1.0 ] },
						"down": { "texture": "#plain", "uv": [ 0.0, 0.0, 1.0, 1.0 ] }
					}
				},
				{
					"name": "exo_18",
					"from": [ 0.2, 5.6, 0.6 ],
					"to": [ 1.2, 7.6, 1.1 ],
					"rotationOrigin": [ 0.2, 5.6, 0.6 ],
					"faces": {
						"north": { "texture": "#cupronickel1", "uv": [ 0.0, 0.0, 1.0, 2.0 ] },
						"east": { "texture": "#cupronickel1", "uv": [ 0.0, 0.0, 0.5, 2.0 ] },
						"south": { "texture": "#cupronickel1", "uv": [ 0.0, 0.0, 1.0, 2.0 ] },
						"west": { "texture": "#cupronickel1", "uv": [ 0.0, 0.0, 0.5, 2.0 ] },
						"up": { "texture": "#cupronickel1", "uv": [ 0.0, 0.0, 1.0, 0.5 ] },
						"down": { "texture": "#cupronickel1", "uv": [ 0.0, 0.0, 1.0, 0.5 ] }
					}
				}
			]
		},
		{
			"name": "ArmorUpperFootR",
			"stepParentName": "UpperFootR",
			"from": [ 1.0, 0.0, -0.8 ],
			"to": [ 2.0, 8.0, -0.3 ],
			"rotationOrigin": [ 1.0, 0.0, -0.8 ],
			"faces": {
				"north": { "texture": "#steel", "uv": [ 0.0, 0.0, 1.0, 8.0 ] },
				"east": { "texture": "#steel", "uv": [ 0.0, 0.0, 0.5, 8.0 ] },
				"south": { "texture": "#steel", "uv": [ 0.0, 0.0, 1.0, 8.0 ] },
				"west": { "texture": "#steel", "uv": [ 0.0, 0.0, 0.5, 8.0 ] },
				"up": { "texture": "#steel", "uv": [ 0.0, 0.0, 1.0, 0.5 ] },
				"down": { "texture": "#steel", "uv": [ 0.0, 0.0, 1.0, 0.5 ] }
			},
			"children": [
				{
					"name": "exo_300",
					"from": [ -0.5, -0.4, -0.6 ],
					"to": [ 1.5, 1.6, 0.3 ],
					"rotationOrigin": [ -0.5, -0.4, -0.6 ],
					"faces": {
						"north": { "texture": "#cupronickel1", "uv": [ 0.0, 0.0, 2.0, 2.0 ] },
						"east": { "texture": "#cupronickel1", "uv": [ 0.0, 0.0, 0.5, 2.0 ] },
						"south": { "texture": "#cupronickel1", "uv": [ 0.0, 0.0, 2.0, 2.0 ] },
						"west": { "texture": "#cupronickel1", "uv": [ 0.0, 0.0, 0.5, 2.0 ] },
						"up": { "texture": "#cupronickel1", "uv": [ 0.0, 0.0, 2.0, 0.5 ] },
						"down": { "texture": "#cupronickel1", "uv": [ 0.0, 0.0, 2.0, 0.5 ] }
					},
					"children": [
						{
							"name": "gear_00",
							"from": [ -0.1, 0.3, 0.1 ],
							"to": [ 1.3, 1.7, 0.4 ],
							"rotationOrigin": [ 0.6, 1.0, 0.1 ],
							"rotationZ": 20.0,
							"faces": {
								"north": { "texture": "#cupronickel1", "uv": [ 0.0, 0.0, 1.0, 1.0 ] },
								"east": { "texture": "#cupronickel1", "uv": [ 0.0, 0.0, 0.5, 1.0 ] },
								"south": { "texture": "#cupronickel1", "uv": [ 0.0, 0.0, 1.0, 1.0 ] },
								"west": { "texture": "#cupronickel1", "uv": [ 0.0, 0.0, 0.5, 1.0 ] },
								"up": { "texture": "#cupronickel1", "uv": [ 0.0, 0.0, 1.0, 0.5 ] },
								"down": { "texture": "#cupronickel1", "uv": [ 0.0, 0.0, 1.0, 0.5 ] }
							},
							"children": [
								{
									"name": "exo_210",
									"from": [ 0.0, 0.0, 0.04 ],
									"to": [ 1.4, 1.4, 0.28 ],
									"rotationOrigin": [ 0.7, 0.7, 0.0 ],
									"rotationZ": 22.5,
									"faces": {
										"north": { "texture": "#cupronickel1", "uv": [ 0.0, 0.0, 1.0, 1.0 ] },
										"east": { "texture": "#cupronickel1", "uv": [ 0.0, 0.0, 0.5, 1.0 ] },
										"south": { "texture": "#cupronickel1", "uv": [ 0.0, 0.0, 1.0, 1.0 ] },
										"west": { "texture": "#cupronickel1", "uv": [ 0.0, 0.0, 0.5, 1.0 ] },
										"up": { "texture": "#cupronickel1", "uv": [ 0.0, 0.0, 1.0, 0.5 ] },
										"down": { "texture": "#cupronickel1", "uv": [ 0.0, 0.0, 1.0, 0.5 ] }
									}
								},
								{
									"name": "exo_220",
									"from": [ 0.0, 0.0, 0.02 ],
									"to": [ 1.4, 1.4, 0.28 ],
									"rotationOrigin": [ 0.7, 0.7, 0.0 ],
									"rotationZ": 45.0,
									"faces": {
										"north": { "texture": "#cupronickel1", "uv": [ 0.0, 0.0, 1.0, 1.0 ] },
										"east": { "texture": "#cupronickel1", "uv": [ 0.0, 0.0, 0.5, 1.0 ] },
										"south": { "texture": "#cupronickel1", "uv": [ 0.0, 0.0, 1.0, 1.0 ] },
										"west": { "texture": "#cupronickel1", "uv": [ 0.0, 0.0, 0.5, 1.0 ] },
										"up": { "texture": "#cupronickel1", "uv": [ 0.0, 0.0, 1.0, 0.5 ] },
										"down": { "texture": "#cupronickel1", "uv": [ 0.0, 0.0, 1.0, 0.5 ] }
									}
								},
								{
									"name": "exo_230",
									"from": [ 0.0, 0.0, 0.01 ],
									"to": [ 1.4, 1.4, 0.29 ],
									"rotationOrigin": [ 0.7, 0.7, 0.0 ],
									"rotationZ": 67.5,
									"faces": {
										"north": { "texture": "#cupronickel1", "uv": [ 0.0, 0.0, 1.0, 1.0 ] },
										"east": { "texture": "#cupronickel1", "uv": [ 0.0, 0.0, 0.5, 1.0 ] },
										"south": { "texture": "#cupronickel1", "uv": [ 0.0, 0.0, 1.0, 1.0 ] },
										"west": { "texture": "#cupronickel1", "uv": [ 0.0, 0.0, 0.5, 1.0 ] },
										"up": { "texture": "#cupronickel1", "uv": [ 0.0, 0.0, 1.0, 0.5 ] },
										"down": { "texture": "#cupronickel1", "uv": [ 0.0, 0.0, 1.0, 0.5 ] }
									}
								}
							]
						}
					]
				},
				{
					"name": "wire_50",
					"from": [ 0.2, 1.6, -0.2 ],
					"to": [ 0.4, 3.6, 0.0 ],
					"rotationOrigin": [ 0.2, 1.6, -0.2 ],
					"faces": {
						"north": { "texture": "#gold", "uv": [ 0.0, 0.0, 0.5, 2.0 ] },
						"east": { "texture": "#gold", "uv": [ 0.0, 0.0, 0.5, 2.0 ] },
						"south": { "texture": "#gold", "uv": [ 0.0, 0.0, 0.5, 2.0 ] },
						"west": { "texture": "#gold", "uv": [ 0.0, 0.0, 0.5, 2.0 ] },
						"up": { "texture": "#gold", "uv": [ 0.0, 0.0, 0.5, 0.5 ] },
						"down": { "texture": "#gold", "uv": [ 0.0, 0.0, 0.5, 0.5 ] }
					},
					"children": [
						{
							"name": "wire_60",
							"from": [ 0.0, 2.0, 0.0 ],
							"to": [ 0.2, 3.0, 0.2 ],
							"rotationOrigin": [ 0.0, 2.0, 0.0 ],
							"rotationZ": -20.0,
							"faces": {
								"north": { "texture": "#gold", "uv": [ 0.0, 0.0, 0.5, 1.0 ] },
								"east": { "texture": "#gold", "uv": [ 0.0, 0.0, 0.5, 1.0 ] },
								"south": { "texture": "#gold", "uv": [ 0.0, 0.0, 0.5, 1.0 ] },
								"west": { "texture": "#gold", "uv": [ 0.0, 0.0, 0.5, 1.0 ] },
								"up": { "texture": "#gold", "uv": [ 0.0, 0.0, 0.5, 0.5 ] },
								"down": { "texture": "#gold", "uv": [ 0.0, 0.0, 0.5, 0.5 ] }
							},
							"children": [
								{
									"name": "wire_70",
									"from": [ 0.0, 1.0, 0.0 ],
									"to": [ 0.2, 1.5, 0.2 ],
									"rotationOrigin": [ 0.2, 1.0, 0.2 ],
									"rotationX": -15.0,
									"rotationZ": 16.0,
									"faces": {
										"north": { "texture": "#gold", "uv": [ 0.0, 0.0, 0.5, 0.5 ] },
										"east": { "texture": "#gold", "uv": [ 0.0, 0.0, 0.5, 0.5 ] },
										"south": { "texture": "#gold", "uv": [ 0.0, 0.0, 0.5, 0.5 ] },
										"west": { "texture": "#gold", "uv": [ 0.0, 0.0, 0.5, 0.5 ] },
										"up": { "texture": "#gold", "uv": [ 0.0, 0.0, 0.5, 0.5 ] },
										"down": { "texture": "#gold", "uv": [ 0.0, 0.0, 0.5, 0.5 ] }
									},
									"children": [
										{
											"name": "wire_80",
											"from": [ 0.0, 0.5, 0.0 ],
											"to": [ 0.2, 1.2, 0.2 ],
											"rotationOrigin": [ 0.2, 0.5, 0.0 ],
											"rotationX": 13.0,
											"rotationZ": 4.0,
											"faces": {
												"north": { "texture": "#gold", "uv": [ 0.0, 0.0, 0.5, 0.5 ] },
												"east": { "texture": "#gold", "uv": [ 0.0, 0.0, 0.5, 0.5 ] },
												"south": { "texture": "#gold", "uv": [ 0.0, 0.0, 0.5, 0.5 ] },
												"west": { "texture": "#gold", "uv": [ 0.0, 0.0, 0.5, 0.5 ] },
												"up": { "texture": "#gold", "uv": [ 0.0, 0.0, 0.5, 0.5 ] },
												"down": { "texture": "#gold", "uv": [ 0.0, 0.0, 0.5, 0.5 ] }
											}
										}
									]
								}
							]
						}
					]
				},
				{
					"name": "strap_40",
					"from": [ -0.1, 3.3, -0.4 ],
					"to": [ 1.1, 3.8, 0.7 ],
					"rotationOrigin": [ -0.1, 3.3, -0.4 ],
					"faces": {
						"north": { "texture": "#plain", "uv": [ 0.0, 0.0, 1.0, 0.5 ] },
						"east": { "texture": "#plain", "uv": [ 0.0, 0.0, 1.0, 0.5 ] },
						"south": { "texture": "#plain", "uv": [ 0.0, 0.0, 1.0, 0.5 ] },
						"west": { "texture": "#plain", "uv": [ 0.0, 0.0, 1.0, 0.5 ] },
						"up": { "texture": "#plain", "uv": [ 0.0, 0.0, 1.0, 1.0 ] },
						"down": { "texture": "#plain", "uv": [ 0.0, 0.0, 1.0, 1.0 ] }
					}
				},
				{
					"name": "exo_180",
					"from": [ 0.2, 5.6, -0.5 ],
					"to": [ 1.2, 7.6, 0.0 ],
					"rotationOrigin": [ 0.2, 5.6, -0.5 ],
					"faces": {
						"north": { "texture": "#cupronickel1", "uv": [ 0.0, 0.0, 1.0, 2.0 ] },
						"east": { "texture": "#cupronickel1", "uv": [ 0.0, 0.0, 0.5, 2.0 ] },
						"south": { "texture": "#cupronickel1", "uv": [ 0.0, 0.0, 1.0, 2.0 ] },
						"west": { "texture": "#cupronickel1", "uv": [ 0.0, 0.0, 0.5, 2.0 ] },
						"up": { "texture": "#cupronickel1", "uv": [ 0.0, 0.0, 1.0, 0.5 ] },
						"down": { "texture": "#cupronickel1", "uv": [ 0.0, 0.0, 1.0, 0.5 ] }
					}
				}
			]
		},
		{
			"name": "ArmorLowerFootL",
			"stepParentName": "LowerFootL",
			"from": [ 2.0, 0.0, 3.2 ],
			"to": [ 3.0, 5.0, 3.7 ],
			"rotationOrigin": [ 2.0, 0.0, 3.2 ],
			"faces": {
				"north": { "texture": "#steel", "uv": [ 0.0, 0.0, 1.0, 5.0 ] },
				"east": { "texture": "#steel", "uv": [ 0.0, 0.0, 0.5, 5.0 ] },
				"south": { "texture": "#steel", "uv": [ 0.0, 0.0, 1.0, 5.0 ] },
				"west": { "texture": "#steel", "uv": [ 0.0, 0.0, 0.5, 5.0 ] },
				"up": { "texture": "#steel", "uv": [ 0.0, 0.0, 1.0, 0.5 ] },
				"down": { "texture": "#steel", "uv": [ 0.0, 0.0, 1.0, 0.5 ] }
			},
			"children": [
				{
					"name": "exo_4",
					"from": [ -2.5, -0.1, -3.6 ],
					"to": [ 1.5, 0.5, 0.4 ],
					"rotationOrigin": [ -2.5, -0.1, -3.6 ],
					"faces": {
						"north": { "texture": "#cupronickel1", "uv": [ 0.0, 0.0, 4.0, 0.5 ] },
						"east": { "texture": "#cupronickel1", "uv": [ 0.0, 0.0, 4.0, 0.5 ] },
						"south": { "texture": "#cupronickel1", "uv": [ 0.0, 0.0, 4.0, 0.5 ] },
						"west": { "texture": "#cupronickel1", "uv": [ 0.0, 0.0, 4.0, 0.5 ] },
						"up": { "texture": "#cupronickel1", "uv": [ 0.0, 0.0, 4.0, 4.0 ] },
						"down": { "texture": "#cupronickel1", "uv": [ 0.0, 0.0, 4.0, 4.0 ] }
					}
				},
				{
					"name": "piston_0",
					"from": [ 0.2, 2.3, 0.5 ],
					"to": [ 1.2, 4.8, 1.5 ],
					"rotationOrigin": [ 0.2, 2.3, 0.5 ],
					"rotationZ": -161.0,
					"faces": {
						"north": { "texture": "#cupronickel1", "uv": [ 0.0, 0.0, 1.0, 2.5 ] },
						"east": { "texture": "#cupronickel1", "uv": [ 0.0, 0.0, 1.0, 2.5 ] },
						"south": { "texture": "#cupronickel1", "uv": [ 0.0, 0.0, 1.0, 2.5 ] },
						"west": { "texture": "#cupronickel1", "uv": [ 0.0, 0.0, 1.0, 2.5 ] },
						"up": { "texture": "#cupronickel1", "uv": [ 0.0, 0.0, 1.0, 1.0 ] },
						"down": { "texture": "#cupronickel1", "uv": [ 0.0, 0.0, 1.0, 1.0 ] }
					},
					"children": [
						{
							"name": "exo_6",
							"from": [ 0.0, 2.5, 0.0 ],
							"to": [ 1.0, 3.0, 0.5 ],
							"rotationOrigin": [ 0.0, 2.5, 0.0 ],
							"faces": {
								"north": { "texture": "#cupronickel1", "uv": [ 0.0, 0.0, 1.0, 0.5 ] },
								"east": { "texture": "#cupronickel1", "uv": [ 0.0, 0.0, 0.5, 0.5 ] },
								"south": { "texture": "#cupronickel1", "uv": [ 0.0, 0.0, 1.0, 0.5 ] },
								"west": { "texture": "#cupronickel1", "uv": [ 0.0, 0.0, 0.5, 0.5 ] },
								"up": { "texture": "#cupronickel1", "uv": [ 0.0, 0.0, 1.0, 0.5 ] },
								"down": { "texture": "#cupronickel1", "uv": [ 0.0, 0.0, 1.0, 0.5 ] }
							}
						},
						{
							"name": "exo_11",
							"from": [ 0.0, 3.0, 0.0 ],
							"to": [ 1.0, 3.5, 1.0 ],
							"rotationOrigin": [ 0.0, 3.0, 0.0 ],
							"faces": {
								"north": { "texture": "#cupronickel1", "uv": [ 0.0, 0.0, 1.0, 0.5 ] },
								"east": { "texture": "#cupronickel1", "uv": [ 0.0, 0.0, 1.0, 0.5 ] },
								"south": { "texture": "#cupronickel1", "uv": [ 0.0, 0.0, 1.0, 0.5 ] },
								"west": { "texture": "#cupronickel1", "uv": [ 0.0, 0.0, 1.0, 0.5 ] },
								"up": { "texture": "#cupronickel1", "uv": [ 0.0, 0.0, 1.0, 1.0 ] },
								"down": { "texture": "#cupronickel1", "uv": [ 0.0, 0.0, 1.0, 1.0 ] }
							}
						},
						{
							"name": "exo_12",
							"from": [ 0.2, 2.5, 0.5 ],
							"to": [ 0.8, 3.0, 0.9 ],
							"rotationOrigin": [ 0.2, 2.5, 0.5 ],
							"faces": {
								"north": { "texture": "#rustyglow", "uv": [ 0.0, 0.0, 0.5, 0.5 ] },
								"east": { "texture": "#rustyglow", "uv": [ 0.0, 0.0, 0.5, 0.5 ] },
								"south": { "texture": "#rustyglow", "uv": [ 0.0, 0.0, 0.5, 0.5 ] },
								"west": { "texture": "#rustyglow", "uv": [ 0.0, 0.0, 0.5, 0.5 ] },
								"up": { "texture": "#rustyglow", "uv": [ 0.0, 0.0, 0.5, 0.5 ] },
								"down": { "texture": "#rustyglow", "uv": [ 0.0, 0.0, 0.5, 0.5 ] }
							}
						},
						{
							"name": "exo_13",
							"from": [ 0.1, -0.3, 0.1 ],
							"to": [ 0.9, 0.0, 0.9 ],
							"rotationOrigin": [ 0.1, -0.3, 0.1 ],
							"faces": {
								"north": { "texture": "#gold", "uv": [ 0.0, 0.0, 0.5, 0.5 ] },
								"east": { "texture": "#gold", "uv": [ 0.0, 0.0, 0.5, 0.5 ] },
								"south": { "texture": "#gold", "uv": [ 0.0, 0.0, 0.5, 0.5 ] },
								"west": { "texture": "#gold", "uv": [ 0.0, 0.0, 0.5, 0.5 ] },
								"up": { "texture": "#gold", "uv": [ 0.0, 0.0, 0.5, 0.5 ] },
								"down": { "texture": "#gold", "uv": [ 0.0, 0.0, 0.5, 0.5 ] }
							}
						},
						{
							"name": "exo_14",
							"from": [ 0.2, -2.7, 0.2 ],
							"to": [ 0.8, -0.2, 0.8 ],
							"rotationOrigin": [ 0.2, -2.7, 0.2 ],
							"faces": {
								"north": { "texture": "#steel", "uv": [ 0.0, 0.0, 0.5, 2.5 ] },
								"east": { "texture": "#steel", "uv": [ 0.0, 0.0, 0.5, 2.5 ] },
								"south": { "texture": "#steel", "uv": [ 0.0, 0.0, 0.5, 2.5 ] },
								"west": { "texture": "#steel", "uv": [ 0.0, 0.0, 0.5, 2.5 ] },
								"up": { "texture": "#steel", "uv": [ 0.0, 0.0, 0.5, 0.5 ] },
								"down": { "texture": "#steel", "uv": [ 0.0, 0.0, 0.5, 0.5 ] }
							}
						},
						{
							"name": "exo_15",
							"from": [ 0.0, -3.7, 0.1 ],
							"to": [ 1.0, -2.7, 0.9 ],
							"rotationOrigin": [ 0.0, -3.7, 0.1 ],
							"faces": {
								"north": { "texture": "#cupronickel1", "uv": [ 0.0, 0.0, 1.0, 1.0 ] },
								"east": { "texture": "#cupronickel1", "uv": [ 0.0, 0.0, 0.5, 1.0 ] },
								"south": { "texture": "#cupronickel1", "uv": [ 0.0, 0.0, 1.0, 1.0 ] },
								"west": { "texture": "#cupronickel1", "uv": [ 0.0, 0.0, 0.5, 1.0 ] },
								"up": { "texture": "#cupronickel1", "uv": [ 0.0, 0.0, 1.0, 0.5 ] },
								"down": { "texture": "#cupronickel1", "uv": [ 0.0, 0.0, 1.0, 0.5 ] }
							}
						}
					]
				},
				{
					"name": "exo_5",
					"from": [ -0.8, 4.9, 0.3 ],
					"to": [ 1.2, 5.9, 1.1 ],
					"rotationOrigin": [ -0.8, 4.9, 0.3 ],
					"faces": {
						"north": { "texture": "#cupronickel1", "uv": [ 0.0, 0.0, 2.0, 1.0 ] },
						"east": { "texture": "#cupronickel1", "uv": [ 0.0, 0.0, 0.5, 1.0 ] },
						"south": { "texture": "#cupronickel1", "uv": [ 0.0, 0.0, 2.0, 1.0 ] },
						"west": { "texture": "#cupronickel1", "uv": [ 0.0, 0.0, 0.5, 1.0 ] },
						"up": { "texture": "#cupronickel1", "uv": [ 0.0, 0.0, 2.0, 0.5 ] },
						"down": { "texture": "#cupronickel1", "uv": [ 0.0, 0.0, 2.0, 0.5 ] }
					}
				},
				{
					"name": "wire_0",
					"from": [ 0.7, 0.2, 1.1 ],
					"to": [ 0.9, 0.8, 1.3 ],
					"rotationOrigin": [ 0.9, 0.2, 1.1 ],
					"rotationZ": -25.0,
					"faces": {
						"north": { "texture": "#gold", "uv": [ 0.0, 0.0, 0.5, 0.5 ] },
						"east": { "texture": "#gold", "uv": [ 0.0, 0.0, 0.5, 0.5 ] },
						"south": { "texture": "#gold", "uv": [ 0.0, 0.0, 0.5, 0.5 ] },
						"west": { "texture": "#gold", "uv": [ 0.0, 0.0, 0.5, 0.5 ] },
						"up": { "texture": "#gold", "uv": [ 0.0, 0.0, 0.5, 0.5 ] },
						"down": { "texture": "#gold", "uv": [ 0.0, 0.0, 0.5, 0.5 ] }
					},
					"children": [
						{
							"name": "wire_1",
							"from": [ 0.0, 0.6, 0.0 ],
							"to": [ 0.2, 1.2, 0.2 ],
							"rotationOrigin": [ 0.2, 0.6, 0.0 ],
							"rotationZ": 27.0,
							"faces": {
								"north": { "texture": "#gold", "uv": [ 0.0, 0.0, 0.5, 0.5 ] },
								"east": { "texture": "#gold", "uv": [ 0.0, 0.0, 0.5, 0.5 ] },
								"south": { "texture": "#gold", "uv": [ 0.0, 0.0, 0.5, 0.5 ] },
								"west": { "texture": "#gold", "uv": [ 0.0, 0.0, 0.5, 0.5 ] },
								"up": { "texture": "#gold", "uv": [ 0.0, 0.0, 0.5, 0.5 ] },
								"down": { "texture": "#gold", "uv": [ 0.0, 0.0, 0.5, 0.5 ] }
							},
							"children": [
								{
									"name": "wire_2",
									"from": [ 0.0, 0.6, 0.0 ],
									"to": [ 0.2, 1.6, 0.2 ],
									"rotationOrigin": [ 0.2, 0.6, 0.2 ],
									"rotationX": -19.0,
									"rotationZ": 24.0,
									"faces": {
										"north": { "texture": "#gold", "uv": [ 0.0, 0.0, 0.5, 1.0 ] },
										"east": { "texture": "#gold", "uv": [ 0.0, 0.0, 0.5, 1.0 ] },
										"south": { "texture": "#gold", "uv": [ 0.0, 0.0, 0.5, 1.0 ] },
										"west": { "texture": "#gold", "uv": [ 0.0, 0.0, 0.5, 1.0 ] },
										"up": { "texture": "#gold", "uv": [ 0.0, 0.0, 0.5, 0.5 ] },
										"down": { "texture": "#gold", "uv": [ 0.0, 0.0, 0.5, 0.5 ] }
									},
									"children": [
										{
											"name": "wire_3",
											"from": [ 0.0, 1.0, 0.0 ],
											"to": [ 0.2, 2.0, 0.2 ],
											"rotationOrigin": [ 0.0, 1.0, 0.0 ],
											"rotationX": 8.0,
											"rotationZ": -26.0,
											"faces": {
												"north": { "texture": "#gold", "uv": [ 0.0, 0.0, 0.5, 1.0 ] },
												"east": { "texture": "#gold", "uv": [ 0.0, 0.0, 0.5, 1.0 ] },
												"south": { "texture": "#gold", "uv": [ 0.0, 0.0, 0.5, 1.0 ] },
												"west": { "texture": "#gold", "uv": [ 0.0, 0.0, 0.5, 1.0 ] },
												"up": { "texture": "#gold", "uv": [ 0.0, 0.0, 0.5, 0.5 ] },
												"down": { "texture": "#gold", "uv": [ 0.0, 0.0, 0.5, 0.5 ] }
											},
											"children": [
												{
													"name": "wire_4",
													"from": [ 0.0, 1.0, 0.0 ],
													"to": [ 0.2, 3.0, 0.2 ],
													"rotationOrigin": [ 0.0, 1.0, 0.0 ],
													"rotationX": 11.0,
													"faces": {
														"north": { "texture": "#gold", "uv": [ 0.0, 0.0, 0.5, 2.0 ] },
														"east": { "texture": "#gold", "uv": [ 0.0, 0.0, 0.5, 2.0 ] },
														"south": { "texture": "#gold", "uv": [ 0.0, 0.0, 0.5, 2.0 ] },
														"west": { "texture": "#gold", "uv": [ 0.0, 0.0, 0.5, 2.0 ] },
														"up": { "texture": "#gold", "uv": [ 0.0, 0.0, 0.5, 0.5 ] },
														"down": { "texture": "#gold", "uv": [ 0.0, 0.0, 0.5, 0.5 ] }
													}
												}
											]
										}
									]
								}
							]
						}
					]
				},
				{
					"name": "strap_2",
					"from": [ 0.0, 3.3, 0.3 ],
					"to": [ 1.2, 3.8, 0.9 ],
					"rotationOrigin": [ 0.0, 3.3, 0.3 ],
					"faces": {
						"north": { "texture": "#plain", "uv": [ 0.0, 0.0, 1.0, 0.5 ] },
						"east": { "texture": "#plain", "uv": [ 0.0, 0.0, 0.5, 0.5 ] },
						"south": { "texture": "#plain", "uv": [ 0.0, 0.0, 1.0, 0.5 ] },
						"west": { "texture": "#plain", "uv": [ 0.0, 0.0, 0.5, 0.5 ] },
						"up": { "texture": "#plain", "uv": [ 0.0, 0.0, 1.0, 0.5 ] },
						"down": { "texture": "#plain", "uv": [ 0.0, 0.0, 1.0, 0.5 ] }
					}
				}
			]
		},
		{
			"name": "ArmorLowerFootR",
			"stepParentName": "LowerFootR",
			"from": [ 2.0, 0.0, -0.7 ],
			"to": [ 3.0, 5.0, -0.2 ],
			"rotationOrigin": [ 2.0, 0.0, -0.7 ],
			"rotationZ": 0.0026,
			"faces": {
				"north": { "texture": "#steel", "uv": [ 0.0, 0.0, 1.0, 5.0 ] },
				"east": { "texture": "#steel", "uv": [ 0.0, 0.0, 0.5, 5.0 ] },
				"south": { "texture": "#steel", "uv": [ 0.0, 0.0, 1.0, 5.0 ] },
				"west": { "texture": "#steel", "uv": [ 0.0, 0.0, 0.5, 5.0 ] },
				"up": { "texture": "#steel", "uv": [ 0.0, 0.0, 1.0, 0.5 ] },
				"down": { "texture": "#steel", "uv": [ 0.0, 0.0, 1.0, 0.5 ] }
			},
			"children": [
				{
					"name": "exo_301",
					"from": [ -2.5, -0.1, 0.1 ],
					"to": [ 1.5, 0.5, 4.1 ],
					"rotationOrigin": [ -2.5, -0.1, 0.1 ],
					"faces": {
						"north": { "texture": "#cupronickel1", "uv": [ 0.0, 0.0, 4.0, 0.5 ] },
						"east": { "texture": "#cupronickel1", "uv": [ 0.0, 0.0, 4.0, 0.5 ] },
						"south": { "texture": "#cupronickel1", "uv": [ 0.0, 0.0, 4.0, 0.5 ] },
						"west": { "texture": "#cupronickel1", "uv": [ 0.0, 0.0, 4.0, 0.5 ] },
						"up": { "texture": "#cupronickel1", "uv": [ 0.0, 0.0, 4.0, 4.0 ] },
						"down": { "texture": "#cupronickel1", "uv": [ 0.0, 0.0, 4.0, 4.0 ] }
					}
				},
				{
					"name": "piston_1",
					"from": [ 0.2, 2.3, -1.0 ],
					"to": [ 1.2, 4.8, 0.0 ],
					"rotationOrigin": [ 0.2, 2.3, -1.0 ],
					"rotationZ": -161.0,
					"faces": {
						"north": { "texture": "#cupronickel1", "uv": [ 0.0, 0.0, 1.0, 2.5 ] },
						"east": { "texture": "#cupronickel1", "uv": [ 0.0, 0.0, 1.0, 2.5 ] },
						"south": { "texture": "#cupronickel1", "uv": [ 0.0, 0.0, 1.0, 2.5 ] },
						"west": { "texture": "#cupronickel1", "uv": [ 0.0, 0.0, 1.0, 2.5 ] },
						"up": { "texture": "#cupronickel1", "uv": [ 0.0, 0.0, 1.0, 1.0 ] },
						"down": { "texture": "#cupronickel1", "uv": [ 0.0, 0.0, 1.0, 1.0 ] }
					},
					"children": [
						{
							"name": "exo_306",
							"from": [ 0.0, 2.5, 0.5 ],
							"to": [ 1.0, 3.0, 1.0 ],
							"rotationOrigin": [ 0.0, 2.5, 0.5 ],
							"faces": {
								"north": { "texture": "#cupronickel1", "uv": [ 0.0, 0.0, 1.0, 0.5 ] },
								"east": { "texture": "#cupronickel1", "uv": [ 0.0, 0.0, 0.5, 0.5 ] },
								"south": { "texture": "#cupronickel1", "uv": [ 0.0, 0.0, 1.0, 0.5 ] },
								"west": { "texture": "#cupronickel1", "uv": [ 0.0, 0.0, 0.5, 0.5 ] },
								"up": { "texture": "#cupronickel1", "uv": [ 0.0, 0.0, 1.0, 0.5 ] },
								"down": { "texture": "#cupronickel1", "uv": [ 0.0, 0.0, 1.0, 0.5 ] }
							}
						},
						{
							"name": "exo_307",
							"from": [ 0.0, 3.0, 0.0 ],
							"to": [ 1.0, 3.5, 1.0 ],
							"rotationOrigin": [ 0.0, 3.0, 0.0 ],
							"faces": {
								"north": { "texture": "#cupronickel1", "uv": [ 0.0, 0.0, 1.0, 0.5 ] },
								"east": { "texture": "#cupronickel1", "uv": [ 0.0, 0.0, 1.0, 0.5 ] },
								"south": { "texture": "#cupronickel1", "uv": [ 0.0, 0.0, 1.0, 0.5 ] },
								"west": { "texture": "#cupronickel1", "uv": [ 0.0, 0.0, 1.0, 0.5 ] },
								"up": { "texture": "#cupronickel1", "uv": [ 0.0, 0.0, 1.0, 1.0 ] },
								"down": { "texture": "#cupronickel1", "uv": [ 0.0, 0.0, 1.0, 1.0 ] }
							}
						},
						{
							"name": "exo_308",
							"from": [ 0.2, 2.5, 0.1 ],
							"to": [ 0.8, 3.0, 0.5 ],
							"rotationOrigin": [ 0.2, 2.5, 0.1 ],
							"faces": {
								"north": { "texture": "#rustyglow", "uv": [ 0.0, 0.0, 0.5, 0.5 ] },
								"east": { "texture": "#rustyglow", "uv": [ 0.0, 0.0, 0.5, 0.5 ] },
								"south": { "texture": "#rustyglow", "uv": [ 0.0, 0.0, 0.5, 0.5 ] },
								"west": { "texture": "#rustyglow", "uv": [ 0.0, 0.0, 0.5, 0.5 ] },
								"up": { "texture": "#rustyglow", "uv": [ 0.0, 0.0, 0.5, 0.5 ] },
								"down": { "texture": "#rustyglow", "uv": [ 0.0, 0.0, 0.5, 0.5 ] }
							}
						},
						{
							"name": "exo_309",
							"from": [ 0.1, -0.3, 0.1 ],
							"to": [ 0.9, 0.0, 0.9 ],
							"rotationOrigin": [ 0.1, -0.3, 0.1 ],
							"faces": {
								"north": { "texture": "#gold", "uv": [ 0.0, 0.0, 0.5, 0.5 ] },
								"east": { "texture": "#gold", "uv": [ 0.0, 0.0, 0.5, 0.5 ] },
								"south": { "texture": "#gold", "uv": [ 0.0, 0.0, 0.5, 0.5 ] },
								"west": { "texture": "#gold", "uv": [ 0.0, 0.0, 0.5, 0.5 ] },
								"up": { "texture": "#gold", "uv": [ 0.0, 0.0, 0.5, 0.5 ] },
								"down": { "texture": "#gold", "uv": [ 0.0, 0.0, 0.5, 0.5 ] }
							}
						},
						{
							"name": "exo_310",
							"from": [ 0.2, -2.7, 0.2 ],
							"to": [ 0.8, -0.2, 0.8 ],
							"rotationOrigin": [ 0.2, -2.7, 0.2 ],
							"faces": {
								"north": { "texture": "#steel", "uv": [ 0.0, 0.0, 0.5, 2.5 ] },
								"east": { "texture": "#steel", "uv": [ 0.0, 0.0, 0.5, 2.5 ] },
								"south": { "texture": "#steel", "uv": [ 0.0, 0.0, 0.5, 2.5 ] },
								"west": { "texture": "#steel", "uv": [ 0.0, 0.0, 0.5, 2.5 ] },
								"up": { "texture": "#steel", "uv": [ 0.0, 0.0, 0.5, 0.5 ] },
								"down": { "texture": "#steel", "uv": [ 0.0, 0.0, 0.5, 0.5 ] }
							}
						},
						{
							"name": "exo_311",
							"from": [ 0.0, -3.7, 0.1 ],
							"to": [ 1.0, -2.7, 0.9 ],
							"rotationOrigin": [ 0.0, -3.7, 0.1 ],
							"faces": {
								"north": { "texture": "#cupronickel1", "uv": [ 0.0, 0.0, 1.0, 1.0 ] },
								"east": { "texture": "#cupronickel1", "uv": [ 0.0, 0.0, 0.5, 1.0 ] },
								"south": { "texture": "#cupronickel1", "uv": [ 0.0, 0.0, 1.0, 1.0 ] },
								"west": { "texture": "#cupronickel1", "uv": [ 0.0, 0.0, 0.5, 1.0 ] },
								"up": { "texture": "#cupronickel1", "uv": [ 0.0, 0.0, 1.0, 0.5 ] },
								"down": { "texture": "#cupronickel1", "uv": [ 0.0, 0.0, 1.0, 0.5 ] }
							}
						}
					]
				},
				{
					"name": "exo_30",
					"from": [ -0.8, 4.9, -0.6 ],
					"to": [ 1.2, 5.9, 0.2 ],
					"rotationOrigin": [ -0.8, 4.9, -0.6 ],
					"faces": {
						"north": { "texture": "#cupronickel1", "uv": [ 0.0, 0.0, 2.0, 1.0 ] },
						"east": { "texture": "#cupronickel1", "uv": [ 0.0, 0.0, 0.5, 1.0 ] },
						"south": { "texture": "#cupronickel1", "uv": [ 0.0, 0.0, 2.0, 1.0 ] },
						"west": { "texture": "#cupronickel1", "uv": [ 0.0, 0.0, 0.5, 1.0 ] },
						"up": { "texture": "#cupronickel1", "uv": [ 0.0, 0.0, 2.0, 0.5 ] },
						"down": { "texture": "#cupronickel1", "uv": [ 0.0, 0.0, 2.0, 0.5 ] }
					}
				},
				{
					"name": "wire_19",
					"from": [ 0.7, 0.2, -0.9 ],
					"to": [ 0.9, 0.8, -0.7 ],
					"rotationOrigin": [ 0.9, 0.2, -0.9 ],
					"rotationZ": -25.0,
					"faces": {
						"north": { "texture": "#gold", "uv": [ 0.0, 0.0, 0.5, 0.5 ] },
						"east": { "texture": "#gold", "uv": [ 0.0, 0.0, 0.5, 0.5 ] },
						"south": { "texture": "#gold", "uv": [ 0.0, 0.0, 0.5, 0.5 ] },
						"west": { "texture": "#gold", "uv": [ 0.0, 0.0, 0.5, 0.5 ] },
						"up": { "texture": "#gold", "uv": [ 0.0, 0.0, 0.5, 0.5 ] },
						"down": { "texture": "#gold", "uv": [ 0.0, 0.0, 0.5, 0.5 ] }
					},
					"children": [
						{
							"name": "wire_191",
							"from": [ 0.0, 0.6, 0.0 ],
							"to": [ 0.2, 1.2, 0.2 ],
							"rotationOrigin": [ 0.2, 0.6, 0.0 ],
							"rotationZ": 27.0,
							"faces": {
								"north": { "texture": "#gold", "uv": [ 0.0, 0.0, 0.5, 0.5 ] },
								"east": { "texture": "#gold", "uv": [ 0.0, 0.0, 0.5, 0.5 ] },
								"south": { "texture": "#gold", "uv": [ 0.0, 0.0, 0.5, 0.5 ] },
								"west": { "texture": "#gold", "uv": [ 0.0, 0.0, 0.5, 0.5 ] },
								"up": { "texture": "#gold", "uv": [ 0.0, 0.0, 0.5, 0.5 ] },
								"down": { "texture": "#gold", "uv": [ 0.0, 0.0, 0.5, 0.5 ] }
							},
							"children": [
								{
									"name": "wire_192",
									"from": [ 0.0, 0.6, 0.0 ],
									"to": [ 0.2, 1.6, 0.2 ],
									"rotationOrigin": [ 0.2, 0.6, 0.0 ],
									"rotationX": 19.0,
									"rotationZ": 24.0,
									"faces": {
										"north": { "texture": "#gold", "uv": [ 0.0, 0.0, 0.5, 1.0 ] },
										"east": { "texture": "#gold", "uv": [ 0.0, 0.0, 0.5, 1.0 ] },
										"south": { "texture": "#gold", "uv": [ 0.0, 0.0, 0.5, 1.0 ] },
										"west": { "texture": "#gold", "uv": [ 0.0, 0.0, 0.5, 1.0 ] },
										"up": { "texture": "#gold", "uv": [ 0.0, 0.0, 0.5, 0.5 ] },
										"down": { "texture": "#gold", "uv": [ 0.0, 0.0, 0.5, 0.5 ] }
									},
									"children": [
										{
											"name": "wire_193",
											"from": [ 0.0, 1.0, 0.0 ],
											"to": [ 0.2, 2.0, 0.2 ],
											"rotationOrigin": [ 0.0, 1.0, 0.2 ],
											"rotationX": -8.0,
											"rotationZ": -26.0,
											"faces": {
												"north": { "texture": "#gold", "uv": [ 0.0, 0.0, 0.5, 1.0 ] },
												"east": { "texture": "#gold", "uv": [ 0.0, 0.0, 0.5, 1.0 ] },
												"south": { "texture": "#gold", "uv": [ 0.0, 0.0, 0.5, 1.0 ] },
												"west": { "texture": "#gold", "uv": [ 0.0, 0.0, 0.5, 1.0 ] },
												"up": { "texture": "#gold", "uv": [ 0.0, 0.0, 0.5, 0.5 ] },
												"down": { "texture": "#gold", "uv": [ 0.0, 0.0, 0.5, 0.5 ] }
											},
											"children": [
												{
													"name": "wire_194",
													"from": [ 0.0, 1.0, 0.0 ],
													"to": [ 0.2, 3.0, 0.2 ],
													"rotationOrigin": [ 0.0, 1.0, 0.2 ],
													"rotationX": -11.0,
													"faces": {
														"north": { "texture": "#gold", "uv": [ 0.0, 0.0, 0.5, 2.0 ] },
														"east": { "texture": "#gold", "uv": [ 0.0, 0.0, 0.5, 2.0 ] },
														"south": { "texture": "#gold", "uv": [ 0.0, 0.0, 0.5, 2.0 ] },
														"west": { "texture": "#gold", "uv": [ 0.0, 0.0, 0.5, 2.0 ] },
														"up": { "texture": "#gold", "uv": [ 0.0, 0.0, 0.5, 0.5 ] },
														"down": { "texture": "#gold", "uv": [ 0.0, 0.0, 0.5, 0.5 ] }
													}
												}
											]
										}
									]
								}
							]
						}
					]
				},
				{
					"name": "strap_5",
					"from": [ 0.0, 3.3, -0.5 ],
					"to": [ 1.2, 3.8, 0.1 ],
					"rotationOrigin": [ 0.0, 3.3, -0.5 ],
					"faces": {
						"north": { "texture": "#plain", "uv": [ 0.0, 0.0, 1.0, 0.5 ] },
						"east": { "texture": "#plain", "uv": [ 0.0, 0.0, 0.5, 0.5 ] },
						"south": { "texture": "#plain", "uv": [ 0.0, 0.0, 1.0, 0.5 ] },
						"west": { "texture": "#plain", "uv": [ 0.0, 0.0, 0.5, 0.5 ] },
						"up": { "texture": "#plain", "uv": [ 0.0, 0.0, 1.0, 0.5 ] },
						"down": { "texture": "#plain", "uv": [ 0.0, 0.0, 1.0, 0.5 ] }
					}
				}
			]
		},
		{
			"name": "ArmorUpperLegR",
			"stepParentName": "UpperFootR",
			"from": [ -0.19, -0.5, -0.1 ],
			"to": [ 4.41, 9.5, 3.7 ],
			"rotationOrigin": [ -0.2, -0.5, -0.1 ],
			"faces": {
				"north": { "texture": "#material", "uv": [ 16.0, 40.0, 20.5, 50.0 ] },
				"east": { "texture": "#material", "uv": [ 20.5, 40.0, 24.0, 50.0 ] },
				"south": { "texture": "#material", "uv": [ 24.0, 40.0, 28.5, 50.0 ] },
				"west": { "texture": "#material", "uv": [ 28.5, 40.0, 32.0, 50.0 ] },
				"up": { "texture": "#material", "uv": [ 32.0, 4.0, 36.5, 7.5 ] },
				"down": { "texture": "#material", "uv": [ 36.5, 4.0, 41.0, 7.5 ] }
			}
		},
		{
			"name": "ArmorUpperLegL",
			"stepParentName": "UpperFootL",
			"from": [ -0.19, -0.5, -0.5 ],
			"to": [ 4.41, 9.5, 3.3 ],
			"rotationOrigin": [ -0.2, -0.5, -0.5 ],
			"faces": {
				"north": { "texture": "#material", "uv": [ 0.0, 40.0, 4.5, 50.0 ] },
				"east": { "texture": "#material", "uv": [ 4.5, 40.0, 8.0, 50.0 ] },
				"south": { "texture": "#material", "uv": [ 8.0, 40.0, 12.5, 50.0 ] },
				"west": { "texture": "#material", "uv": [ 12.5, 40.0, 16.0, 50.0 ] },
				"up": { "texture": "#material", "uv": [ 32.0, 0.5, 36.5, 4.0 ] },
				"down": { "texture": "#material", "uv": [ 36.5, 0.5, 41.0, 4.0 ] }
			}
		},
		{
			"name": "ArmorLowerLegR2",
			"stepParentName": "LowerFootR",
			"from": [ -1.1, -5.2, -0.35 ],
			"to": [ -1.1, -5.2, -0.35 ],
			"rotationOrigin": [ -1.1, -5.2, -0.5 ],
			"faces": {
				"north": { "texture": "#material", "uv": [ 16.0, 51.5, 16.5, 52.0 ] },
				"east": { "texture": "#material", "uv": [ 16.5, 51.5, 17.0, 52.0 ] },
				"south": { "texture": "#material", "uv": [ 17.0, 51.5, 17.5, 52.0 ] },
				"west": { "texture": "#material", "uv": [ 17.5, 51.5, 18.0, 52.0 ] },
				"up": { "texture": "#material", "uv": [ 16.0, 51.0, 16.5, 51.5 ] },
				"down": { "texture": "#material", "uv": [ 16.5, 51.0, 17.0, 51.5 ] }
			},
			"children": [
				{
					"name": "ArmorKneeSideR",
					"from": [ 1.5, 7.0, -0.5 ],
					"to": [ 5.5, 11.0, 0.0 ],
					"rotationOrigin": [ 1.5, 7.0, -0.5 ],
					"faces": {
						"north": { "texture": "#material", "uv": [ 22.5, 0.5, 26.5, 4.5 ] },
						"east": { "texture": "#material", "uv": [ 22.0, 0.5, 22.5, 4.5 ] },
						"south": { "texture": "#material", "uv": [ 27.0, 0.5, 31.0, 4.5 ] },
						"west": { "texture": "#material", "uv": [ 26.5, 0.5, 27.0, 4.5 ] },
						"up": { "texture": "#material", "uv": [ 22.5, 0.0, 26.5, 0.5 ], "rotation": 180 },
						"down": { "texture": "#material", "uv": [ 22.5, 4.5, 26.5, 5.0 ] }
					}
				},
				{
					"name": "ArmorKneeR",
					"from": [ -0.3, 8.5, -0.3 ],
					"to": [ 1.7, 11.8, 3.7 ],
					"rotationOrigin": [ -0.3, 8.5, -0.3 ],
					"faces": {
						"north": { "texture": "#material", "uv": [ 44.0, 59.0, 46.0, 62.0 ] },
						"east": { "texture": "#material", "uv": [ 52.0, 59.0, 56.0, 62.0 ] },
						"south": { "texture": "#material", "uv": [ 50.0, 59.0, 52.0, 62.0 ] },
						"west": { "texture": "#material", "uv": [ 46.0, 59.0, 50.0, 62.0 ] },
						"up": { "texture": "#material", "uv": [ 46.0, 57.0, 50.0, 59.0 ], "rotation": 90 },
						"down": { "texture": "#material", "uv": [ 46.0, 62.0, 50.0, 64.0 ], "rotation": 90 }
					}
				}
			]
		},
		{
			"name": "ArmorLowerLegL2",
			"stepParentName": "LowerFootL",
			"from": [ -1.1, -5.2, -0.15 ],
			"to": [ -1.1, -5.2, -0.15 ],
			"rotationOrigin": [ -1.1, -5.2, -0.3 ],
			"faces": {
				"north": { "texture": "#material", "uv": [ 0.0, 51.5, 0.5, 52.0 ] },
				"east": { "texture": "#material", "uv": [ 0.5, 51.5, 1.0, 52.0 ] },
				"south": { "texture": "#material", "uv": [ 1.0, 51.5, 1.5, 52.0 ] },
				"west": { "texture": "#material", "uv": [ 1.5, 51.5, 2.0, 52.0 ] },
				"up": { "texture": "#material", "uv": [ 0.0, 51.0, 0.5, 51.5 ] },
				"down": { "texture": "#material", "uv": [ 0.5, 51.0, 1.0, 51.5 ] }
			},
			"children": [
				{
					"name": "ArmorKneeSideL",
					"from": [ 1.5, 7.0, 3.5 ],
					"to": [ 5.5, 11.0, 4.0 ],
					"rotationOrigin": [ 1.5, 7.0, 3.5 ],
					"faces": {
						"north": { "texture": "#material", "uv": [ 17.5, 0.5, 21.5, 4.5 ] },
						"east": { "texture": "#material", "uv": [ 17.0, 0.5, 17.5, 4.5 ] },
						"south": { "texture": "#material", "uv": [ 13.0, 0.5, 17.0, 4.5 ] },
						"west": { "texture": "#material", "uv": [ 12.5, 0.5, 13.0, 4.5 ] },
						"up": { "texture": "#material", "uv": [ 13.0, 0.0, 17.0, 0.5 ] },
						"down": { "texture": "#material", "uv": [ 13.0, 4.5, 17.0, 5.0 ], "rotation": 180 }
					}
				},
				{
					"name": "ArmorKneeL",
					"from": [ -0.3, 8.5, -0.3 ],
					"to": [ 1.7, 11.8, 3.7 ],
					"rotationOrigin": [ -0.3, 8.5, -0.3 ],
					"faces": {
						"north": { "texture": "#material", "uv": [ 32.0, 59.0, 34.0, 62.0 ] },
						"east": { "texture": "#material", "uv": [ 40.0, 59.0, 44.0, 62.0 ] },
						"south": { "texture": "#material", "uv": [ 38.0, 59.0, 40.0, 62.0 ] },
						"west": { "texture": "#material", "uv": [ 34.0, 59.0, 38.0, 62.0 ] },
						"up": { "texture": "#material", "uv": [ 34.0, 57.0, 38.0, 59.0 ], "rotation": 90 },
						"down": { "texture": "#material", "uv": [ 34.0, 62.0, 38.0, 64.0 ], "rotation": 90 }
					}
				}
			]
		},
		{
			"name": "ArmorLowerLegR",
			"stepParentName": "LowerFootR",
			"from": [ -0.3, -0.2, -0.35 ],
			"to": [ 3.4, 5.3, 3.15 ],
			"rotationOrigin": [ -0.3, -0.2, -0.5 ],
			"faces": {
				"north": { "texture": "#material", "uv": [ 16.0, 54.5, 19.5, 60.0 ] },
				"east": { "texture": "#material", "uv": [ 20.5, 54.5, 24.0, 60.0 ] },
				"south": { "texture": "#material", "uv": [ 24.0, 54.5, 27.5, 60.0 ] },
				"west": { "texture": "#material", "uv": [ 28.5, 54.5, 32.0, 60.0 ] },
				"up": { "texture": "#material", "uv": [ 16.0, 51.0, 19.5, 54.5 ] },
				"down": { "texture": "#material", "uv": [ 20.5, 51.0, 24.0, 54.5 ] }
			}
		},
		{
			"name": "ArmorLowerLegL",
			"stepParentName": "LowerFootL",
			"from": [ -0.3, -0.2, -0.15 ],
			"to": [ 3.4, 5.3, 3.35 ],
			"rotationOrigin": [ -0.3, -0.2, -0.3 ],
			"faces": {
				"north": { "texture": "#material", "uv": [ 0.0, 54.5, 3.5, 60.0 ] },
				"east": { "texture": "#material", "uv": [ 4.5, 54.5, 8.0, 60.0 ] },
				"south": { "texture": "#material", "uv": [ 8.0, 54.5, 11.5, 60.0 ] },
				"west": { "texture": "#material", "uv": [ 12.5, 54.5, 16.0, 60.0 ] },
				"up": { "texture": "#material", "uv": [ 0.0, 51.0, 3.5, 54.5 ] },
				"down": { "texture": "#material", "uv": [ 4.5, 51.0, 8.0, 54.5 ] }
			}
		}
	],
	"animations": [
	]
}