{
	code: "chiseledwatersource",
	class: "BlockDecoWaterSource",
"entityClass": "BEDecoGeneric",
	behaviors: [{"name": "BBChiseledCover"}],
	entityBehaviors: [{"name": "BEBChiseledCover"}],
	attributes: {
		supportsUnstableRock: true
		
	},
	
	creativeinventory: { "general": ["*"],"chiseltools": ["chiseledwatersource"] },	
	shapebytype: {
		"*": { base: "game:block/wood/bucket/empty" }
		
	},
	drawtypeByType: {
		"*-free": "JSON",
		"*-snow": "JSONAndSnowLayer",
	},
	blockmaterial: "Wood",
	textures: {
		wood: { base: "game:block/wood/planks/generic" }
	},
	sidesolid: {
		all: false
	},
	sideopaque: { all: false },
	resistance: 3,
	lightAbsorption: 0,
	sounds: {
		"place": "block/planks",
		"hit": "block/planks",
		"break": "block/planks",
		"walk": "walk/wood"
	},
	
	
	combustibleProps: {
		burnTemperature: 600,
		burnDuration: 10,
	},
	materialDensity: 600,
	tpHandTransform: {
		translation: { x: -1.5, y: -1, z: -1.2 },
		rotation: { x: 5, y: -3, z: -96 },
		scale: 0.37
	},
	groundTransform: {
		translation: { x: 0, y: 0.05, z: 0 },
		rotation: { x: 90, y: -45, z: 0 },
		origin: { x: 0.5, y: 0, z: 0.5 },
		scale: 2.07
	}
}