{
	"editor": {
		"allAngles": false,
		"entityTextureMode": false
	},
	"textureWidth": 16,
	"textureHeight": 16,
	"textureSizes": {
	},
	"textures": {
	},
	"elements": [
		{
			"name": "Cube2",
			"from": [ 0.0, 0.0, 0.0 ],
			"to": [ 16.0, 8.0, 8.0 ],
			"faces": {
				"north": { "texture": "#north", "uv": [ 0.0, 0.0, 16.0, 8.0 ] },
				"east": { "texture": "#east", "uv": [ 0.0, 0.0, 8.0, 8.0 ] },
				"south": { "texture": "#south", "uv": [ 0.0, 0.0, 16.0, 8.0 ], "enabled": false },
				"west": { "texture": "#west", "uv": [ 0.0, 0.0, 8.0, 8.0 ] },
				"up": { "texture": "#up", "uv": [ 0.0, 0.0, 16.0, 8.0 ], "enabled": false },
				"down": { "texture": "#down", "uv": [ 0.0, 0.0, 16.0, 8.0 ] }
			}
		},
		{
			"name": "Cube3",
			"from": [ 0.0, 0.0, 8.0 ],
			"to": [ 16.0, 8.0, 16.0 ],
			"rotationOrigin": [ 0.0, 0.0, 8.0 ],
			"faces": {
				"north": { "texture": "#north", "uv": [ 0.0, 0.0, 16.0, 8.0 ], "enabled": false },
				"east": { "texture": "#east1", "uv": [ 0.0, 0.0, 8.0, 8.0 ] },
				"south": { "texture": "#south", "uv": [ 0.0, 0.0, 16.0, 8.0 ] },
				"west": { "texture": "#west1", "uv": [ 0.0, 0.0, 8.0, 8.0 ] },
				"up": { "texture": "#up", "uv": [ 0.0, 0.0, 16.0, 8.0 ] },
				"down": { "texture": "#down", "uv": [ 0.0, 0.0, 16.0, 8.0 ] }
			}
		},
		{
			"name": "Cube4",
			"from": [ 0.0, 8.0, 0.0 ],
			"to": [ 16.0, 16.0, 8.0 ],
			"rotationOrigin": [ 0.0, 8.0, 0.0 ],
			"faces": {
				"north": { "texture": "#north1", "uv": [ 0.0, 0.0, 16.0, 8.0 ] },
				"east": { "texture": "#east1", "uv": [ 0.0, 0.0, 8.0, 8.0 ] },
				"south": { "texture": "#south", "uv": [ 0.0, 0.0, 16.0, 8.0 ] },
				"west": { "texture": "#west2", "uv": [ 0.0, 0.0, 8.0, 8.0 ] },
				"up": { "texture": "#up1", "uv": [ 0.0, 0.0, 16.0, 8.0 ] },
				"down": { "texture": "#down", "uv": [ 0.0, 0.0, 16.0, 8.0 ], "enabled": false }
			}
		}
	]}