{
	"editor": {
		"backDropShape": "C:/Users/Cal/Desktop/boobold",
		"allAngles": false,
		"entityTextureMode": true
	},
	"textureWidth": 56,
	"textureHeight": 144,
	"textureSizes": {
		"coat": [28,72],
		"darknobledress": [56,144]
	},
	"textures": {
		"darknobledress": "darknobledress"
	},
	"elements": [
		{
			"name": "UpperTorsoOrigin",
			"stepParentName": "UpperTorso",
			"from": [ -0.03, -0.03, -0.03 ],
			"to": [ 5.03, 5.03, 6.23 ],
			"unwrapMode": 4,
			"autoUnwrap": false,
			"uv": [ 10.0, 0.0 ],
			"rotationOrigin": [ 2.0, 2.0, 3.25 ],
			"faces": {
				"north": { "texture": "#darknobledress", "uv": [ 2.0, 11.0, 12.0, 21.0 ], "autoUv": false, "windMode": [-1,-1,-1,-1], "windData": [1,1,1,1] },
				"east": { "texture": "#darknobledress", "uv": [ 34.0, 11.0, 46.0, 21.0 ], "autoUv": false, "windMode": [-1,-1,-1,-1], "windData": [1,1,1,1] },
				"south": { "texture": "#darknobledress", "uv": [ 24.0, 11.0, 34.0, 21.0 ], "autoUv": false, "windMode": [-1,-1,-1,-1], "windData": [1,1,1,1] },
				"west": { "texture": "#darknobledress", "uv": [ 12.0, 11.0, 24.0, 21.0 ], "autoUv": false, "windMode": [-1,-1,-1,-1], "windData": [1,1,1,1] },
				"up": { "texture": "#darknobledress", "uv": [ 12.0, 1.0, 24.0, 11.0 ], "rotation": 90, "autoUv": false, "windMode": [-1,-1,-1,-1], "windData": [1,1,1,1] },
				"down": { "texture": "#darknobledress", "uv": [ 39.0, 103.0, 51.0, 113.0 ], "rotation": 90, "autoUv": false, "windMode": [-1,-1,-1,-1], "windData": [1,1,1,1] }
			},
			"children": [
				{
					"name": "Breasts-clothes",
					"from": [ 0.0, 0.8, 0.1 ],
					"to": [ 3.0, 2.8, 6.2 ],
					"autoUnwrap": false,
					"uv": [ 42.5, 60.0 ],
					"rotationOrigin": [ 0.0, 0.8, 0.1 ],
					"rotationZ": 55.0,
					"faces": {
						"north": { "texture": "#darknobledress", "uv": [ 9.0, 15.0, 14.0, 21.0 ], "rotation": 270, "autoUv": false },
						"east": { "texture": "#null", "uv": [ 3.0, 6.0, 9.0, 8.0 ], "enabled": false },
						"south": { "texture": "#darknobledress", "uv": [ 25.0, 16.0, 30.0, 22.0 ], "rotation": 90, "autoUv": false },
						"west": { "texture": "#darknobledress", "uv": [ 12.0, 18.0, 24.0, 23.0 ], "autoUv": false },
						"up": { "texture": "#darknobledress", "uv": [ 12.0, 15.0, 24.0, 21.0 ], "rotation": 90, "autoUv": false },
						"down": { "texture": "#null", "uv": [ 3.0, 0.0, 6.0, 6.0 ], "enabled": false }
					}
				},
				{
					"name": "Blackout",
					"from": [ 0.1, 0.8, 0.6 ],
					"to": [ 4.9, 4.8, 5.6 ],
					"autoUnwrap": false,
					"uv": [ 23.0, 9.0 ],
					"rotationOrigin": [ 0.1, 0.8, 0.6 ],
					"faces": {
						"north": { "texture": "#darknobledress", "uv": [ 0.0, 1.0, 11.0, 10.0 ], "autoUv": false, "windMode": [-1,-1,-1,-1], "windData": [1,1,1,1] },
						"east": { "texture": "#darknobledress", "uv": [ 1.0, 1.0, 11.0, 10.0 ], "rotation": 90, "autoUv": false, "windMode": [-1,-1,-1,-1], "windData": [1,1,1,1] },
						"south": { "texture": "#darknobledress", "uv": [ 1.0, 1.0, 10.0, 9.0 ], "autoUv": false, "windMode": [-1,-1,-1,-1], "windData": [1,1,1,1] },
						"west": { "texture": "#darknobledress", "uv": [ 2.0, 0.0, 11.0, 9.0 ], "rotation": 90, "autoUv": false, "windMode": [-1,-1,-1,-1], "windData": [1,1,1,1] },
						"up": { "texture": "#darknobledress", "uv": [ 0.0, 1.0, 9.0, 10.0 ], "autoUv": false, "windMode": [-1,-1,-1,-1], "windData": [1,1,1,1] },
						"down": { "texture": "#darknobledress", "uv": [ 0.0, 0.0, 9.0, 9.0 ], "autoUv": false, "windMode": [-1,-1,-1,-1], "windData": [1,1,1,1] }
					}
				}
			]
		},
		{
			"name": "LowerTorsoOrigin",
			"stepParentName": "LowerTorso",
			"from": [ -0.03, -0.03, -0.03 ],
			"to": [ 5.03, 5.03, 6.03 ],
			"unwrapMode": 4,
			"autoUnwrap": false,
			"uv": [ 9.0, 10.0 ],
			"rotationOrigin": [ 3.0, 3.0, 3.0 ],
			"faces": {
				"north": { "texture": "#darknobledress", "uv": [ 2.0, 21.0, 12.0, 31.0 ], "autoUv": false },
				"east": { "texture": "#darknobledress", "uv": [ 34.0, 21.0, 46.0, 31.0 ], "autoUv": false, "windMode": [-1,-1,-1,-1], "windData": [0,1,1,0] },
				"south": { "texture": "#darknobledress", "uv": [ 24.0, 21.0, 34.0, 31.0 ], "autoUv": false, "windMode": [-1,-1,-1,-1], "windData": [0,0,1,1] },
				"west": { "texture": "#darknobledress", "uv": [ 12.0, 21.0, 24.0, 31.0 ], "autoUv": false, "windMode": [-1,-1,-1,-1], "windData": [0,0,1,1] },
				"up": { "texture": "#darknobledress", "uv": [ 39.0, 103.0, 51.0, 113.0 ], "rotation": 270, "autoUv": false, "windMode": [-1,-1,-1,-1], "windData": [1,1,1,1] },
				"down": { "texture": "#darknobledress", "uv": [ 1.0, 103.0, 13.0, 113.0 ], "rotation": 90, "autoUv": false, "windMode": [-1,-1,-1,-1] }
			},
			"children": [
				{
					"name": "coatFrontTile",
					"from": [ -0.02, -9.06, 0.0 ],
					"to": [ 1.04, 0.0, 6.06 ],
					"autoUnwrap": false,
					"uv": [ 4.5, 38.85 ],
					"rotationOrigin": [ 0.0, -3.0, 3.0 ],
					"rotationZ": -4.0,
					"faces": {
						"north": { "texture": "#darknobledress", "uv": [ 10.0, 31.0, 12.0, 49.0 ], "autoUv": false, "windMode": [-1,-1,-1,-1] },
						"east": { "texture": "#null", "uv": [ 1.0, 6.0, 7.0, 15.0 ], "enabled": false },
						"south": { "texture": "#darknobledress", "uv": [ 24.0, 31.0, 26.0, 49.0 ], "autoUv": false, "windMode": [-1,-1,-1,-1] },
						"west": { "texture": "#darknobledress", "uv": [ 12.0, 31.0, 24.0, 49.0 ], "autoUv": false, "windMode": [-1,-1,-1,-1] },
						"up": { "texture": "#null", "uv": [ 0.0, 0.0, 1.0, 6.0 ], "enabled": false },
						"down": { "texture": "#null", "uv": [ 1.0, 0.0, 2.0, 6.0 ], "enabled": false }
					}
				},
				{
					"name": "coatBackTile",
					"from": [ 4.0, -9.06, 0.0 ],
					"to": [ 5.06, 0.0, 6.06 ],
					"unwrapMode": 2,
					"autoUnwrap": false,
					"uv": [ 24.0, 14.0 ],
					"rotationOrigin": [ 5.06, -3.0, 3.0 ],
					"rotationZ": -5.0,
					"faces": {
						"north": { "texture": "#darknobledress", "uv": [ 46.0, 31.0, 48.0, 49.0 ], "autoUv": false, "windMode": [-1,-1,-1,-1] },
						"east": { "texture": "#darknobledress", "uv": [ 34.0, 31.0, 46.0, 49.0 ], "autoUv": false, "windMode": [-1,-1,-1,-1] },
						"south": { "texture": "#darknobledress", "uv": [ 32.0, 31.0, 34.0, 49.0 ], "autoUv": false, "windMode": [-1,-1,-1,-1] },
						"west": { "texture": "#null", "uv": [ 8.0, 6.0, 14.0, 15.0 ], "enabled": false },
						"up": { "texture": "#null", "uv": [ 0.0, 0.0, 1.0, 6.0 ], "enabled": false },
						"down": { "texture": "#null", "uv": [ 1.0, 0.0, 2.0, 6.0 ], "enabled": false }
					}
				}
			]
		},
		{
			"name": "UpperFootLorigin",
			"stepParentName": "UpperFootL",
			"from": [ -0.03, -3.03, -0.03 ],
			"to": [ 4.23, 9.03, 3.23 ],
			"unwrapMode": 3,
			"autoUnwrap": false,
			"uv": [ 15.0, 19.62 ],
			"rotationOrigin": [ 2.0, 6.0, 3.2 ],
			"faces": {
				"north": { "texture": "#null", "uv": [ 0.0, 3.0, 4.0, 15.0 ], "enabled": false },
				"east": { "texture": "#darknobledress", "uv": [ 40.0, 72.0, 46.0, 96.0 ], "autoUv": false, "windMode": [-1,-1,-1,-1] },
				"south": { "texture": "#darknobledress", "uv": [ 32.0, 72.0, 40.0, 96.0 ], "autoUv": false, "windMode": [-1,-1,-1,-1], "windData": [0,0,1,1] },
				"west": { "texture": "#darknobledress", "uv": [ 26.0, 72.0, 32.0, 96.0 ], "autoUv": false, "windMode": [-1,-1,-1,-1], "windData": [0,0,1,1] },
				"up": { "texture": "#darknobledress", "uv": [ 25.0, 23.0, 33.0, 29.0 ], "autoUv": false, "windMode": [-1,-1,-1,-1], "windData": [1,1,1,1] },
				"down": { "texture": "#null", "uv": [ 4.0, 0.0, 8.0, 3.0 ], "enabled": false }
			}
		},
		{
			"name": "UpperFootRorigin",
			"stepParentName": "UpperFootR",
			"from": [ -0.03, -3.03, -0.03 ],
			"to": [ 4.23, 9.03, 3.23 ],
			"unwrapMode": 1,
			"autoUnwrap": false,
			"uv": [ 1.0, 19.62 ],
			"rotationOrigin": [ 2.0, 6.0, 0.0 ],
			"faces": {
				"north": { "texture": "#darknobledress", "uv": [ 8.0, 72.0, 16.0, 96.0 ], "autoUv": false, "windMode": [-1,-1,-1,-1], "windData": [0,1,1,0] },
				"east": { "texture": "#darknobledress", "uv": [ 2.0, 72.0, 8.0, 96.0 ], "autoUv": false, "windMode": [-1,-1,-1,-1], "windData": [0,1,1,0] },
				"south": { "texture": "#null", "uv": [ 7.0, 3.0, 11.0, 15.0 ], "enabled": false },
				"west": { "texture": "#darknobledress", "uv": [ 16.0, 72.0, 22.0, 96.0 ], "autoUv": false, "windMode": [-1,-1,-1,-1], "windData": [0,0,1,1] },
				"up": { "texture": "#darknobledress", "uv": [ 3.0, 23.0, 11.0, 29.0 ], "rotation": 180, "autoUv": false, "windMode": [-1,-1,-1,-1], "windData": [1,1,1,1] },
				"down": { "texture": "#null", "uv": [ 4.0, 0.0, 8.0, 3.0 ], "enabled": false }
			}
		},
		{
			"name": "UpperArmROrigin",
			"stepParentName": "UpperArmR",
			"from": [ -0.03, -0.03, -0.03 ],
			"to": [ 3.03, 7.03, 2.03 ],
			"unwrapMode": 1,
			"autoUnwrap": false,
			"uv": [ 8.0, 21.0 ],
			"rotationOrigin": [ 1.5, 7.0, 1.0 ],
			"faces": {
				"north": { "texture": "#darknobledress", "uv": [ 9.0, 114.0, 15.0, 128.0 ], "autoUv": false },
				"east": { "texture": "#darknobledress", "uv": [ 5.0, 114.0, 9.0, 128.0 ], "autoUv": false, "windMode": [-1,-1,-1,-1], "windData": [1,1,1,1] },
				"south": { "texture": "#darknobledress", "uv": [ 19.0, 114.0, 25.0, 128.0 ], "autoUv": false, "windMode": [-1,-1,-1,-1], "windData": [1,1,1,1] },
				"west": { "texture": "#darknobledress", "uv": [ 15.0, 114.0, 19.0, 128.0 ], "autoUv": false, "windMode": [-1,-1,-1,-1], "windData": [1,1,1,1] },
				"up": { "texture": "#darknobledress", "uv": [ 15.0, 108.0, 19.0, 114.0 ], "rotation": 90, "autoUv": false, "windMode": [-1,-1,-1,-1], "windData": [1,1,1,1] },
				"down": { "texture": "#darknobledress", "uv": [ 21.0, 107.0, 25.0, 112.0 ], "rotation": 90, "autoUv": false, "windMode": [-1,-1,-1,-1], "windData": [1,1,1,1] }
			}
		},
		{
			"name": "UpperArmLorigin",
			"stepParentName": "UpperArmL",
			"from": [ -0.03, -0.03, -0.03 ],
			"to": [ 3.03, 7.03, 2.03 ],
			"unwrapMode": 3,
			"autoUnwrap": false,
			"uv": [ 0.0, 13.0 ],
			"rotationOrigin": [ 1.5, 6.9, 1.0 ],
			"faces": {
				"north": { "texture": "#darknobledress", "uv": [ 27.0, 114.0, 33.0, 128.0 ], "autoUv": false },
				"east": { "texture": "#darknobledress", "uv": [ 43.0, 114.0, 47.0, 128.0 ], "autoUv": false, "windMode": [-1,-1,-1,-1], "windData": [1,1,1,1] },
				"south": { "texture": "#darknobledress", "uv": [ 37.0, 114.0, 43.0, 128.0 ], "autoUv": false, "windMode": [-1,-1,-1,-1], "windData": [1,1,1,1] },
				"west": { "texture": "#darknobledress", "uv": [ 33.0, 114.0, 37.0, 128.0 ], "autoUv": false, "windMode": [-1,-1,-1,-1], "windData": [1,1,1,1] },
				"up": { "texture": "#darknobledress", "uv": [ 33.0, 108.0, 37.0, 114.0 ], "rotation": 90, "autoUv": false, "windMode": [-1,-1,-1,-1], "windData": [1,1,1,1] },
				"down": { "texture": "#darknobledress", "uv": [ 27.0, 108.0, 31.0, 113.0 ], "rotation": 90, "autoUv": false, "windMode": [-1,-1,-1,-1], "windData": [1,1,1,1] }
			}
		},
		{
			"name": "LowerArmROrigin",
			"stepParentName": "LowerArmR",
			"from": [ -0.03, -0.03, -0.03 ],
			"to": [ 2.53, 8.03, 2.03 ],
			"unwrapMode": 1,
			"autoUnwrap": false,
			"uv": [ 0.0, 0.0 ],
			"rotationOrigin": [ 1.3, 7.8, 1.0 ],
			"faces": {
				"north": { "texture": "#darknobledress", "uv": [ 10.0, 125.0, 15.0, 141.0 ], "autoUv": false },
				"east": { "texture": "#darknobledress", "uv": [ 5.0, 125.0, 9.0, 141.0 ], "autoUv": false, "windMode": [-1,-1,-1,-1], "windData": [0,1,1,0] },
				"south": { "texture": "#darknobledress", "uv": [ 19.0, 125.0, 24.0, 141.0 ], "autoUv": false, "windMode": [-1,-1,-1,-1], "windData": [0,0,1,1] },
				"west": { "texture": "#darknobledress", "uv": [ 15.0, 125.0, 19.0, 141.0 ], "autoUv": false, "windMode": [-1,-1,-1,-1], "windData": [0,0,1,1] },
				"up": { "texture": "#darknobledress", "uv": [ 21.0, 108.0, 25.0, 113.0 ], "rotation": 90, "autoUv": false, "windMode": [-1,-1,-1,-1], "windData": [1,1,1,1] },
				"down": { "texture": "#darknobledress", "uv": [ 15.0, 141.0, 19.0, 146.0 ], "rotation": 90, "autoUv": false, "windMode": [-1,-1,-1,-1] }
			}
		},
		{
			"name": "LowerArmLorigin",
			"stepParentName": "LowerArmL",
			"from": [ -0.03, -0.03, -0.03 ],
			"to": [ 2.53, 8.03, 2.03 ],
			"unwrapMode": 3,
			"autoUnwrap": false,
			"uv": [ 0.0, 8.0 ],
			"rotationOrigin": [ 1.3, 7.8, 1.0 ],
			"faces": {
				"north": { "texture": "#darknobledress", "uv": [ 28.0, 125.0, 33.0, 141.0 ], "autoUv": false },
				"east": { "texture": "#darknobledress", "uv": [ 43.0, 125.0, 47.0, 141.0 ], "autoUv": false, "windMode": [-1,-1,-1,-1], "windData": [0,1,1,0] },
				"south": { "texture": "#darknobledress", "uv": [ 37.0, 125.0, 42.0, 141.0 ], "autoUv": false, "windMode": [-1,-1,-1,-1], "windData": [0,0,1,1] },
				"west": { "texture": "#darknobledress", "uv": [ 33.0, 125.0, 37.0, 141.0 ], "autoUv": false, "windMode": [-1,-1,-1,-1], "windData": [0,0,1,1] },
				"up": { "texture": "#darknobledress", "uv": [ 27.0, 107.0, 31.0, 111.0 ], "rotation": 90, "autoUv": false, "windMode": [-1,-1,-1,-1], "windData": [1,1,1,1] },
				"down": { "texture": "#darknobledress", "uv": [ 33.0, 141.0, 37.0, 146.0 ], "rotation": 90, "autoUv": false, "windMode": [-1,-1,-1,-1] }
			}
		},
		{
			"name": "hidecollar",
			"stepParentName": "Neck",
			"from": [ -0.03, 0.5, -0.03 ],
			"to": [ 3.03, 2.5, 3.03 ],
			"unwrapMode": 4,
			"autoUnwrap": false,
			"uv": [ 32.0, 3.5 ],
			"rotationOrigin": [ 0.0, 0.5, 0.0 ],
			"faces": {
				"north": { "texture": "#darknobledress", "uv": [ 26.0, 5.0, 32.0, 9.0 ], "autoUv": false },
				"east": { "texture": "#darknobledress", "uv": [ 44.0, 5.0, 50.0, 9.0 ], "autoUv": false, "windMode": [-1,-1,-1,-1], "windData": [1,1,1,1] },
				"south": { "texture": "#darknobledress", "uv": [ 38.0, 5.0, 44.0, 9.0 ], "autoUv": false, "windMode": [-1,-1,-1,-1], "windData": [1,1,1,1] },
				"west": { "texture": "#darknobledress", "uv": [ 32.0, 5.0, 38.0, 9.0 ], "autoUv": false, "windMode": [-1,-1,-1,-1], "windData": [1,1,1,1] },
				"up": { "texture": "#null", "uv": [ 0.0, 0.0, 3.0, 3.0 ], "enabled": false },
				"down": { "texture": "#null", "uv": [ 3.0, 0.0, 6.0, 3.0 ], "enabled": false }
			}
		}
	],
	"animations": [
		{
			"name": "SneakWalk",
			"code": "sneakwalk",
			"quantityframes": 40,
			"onActivityStopped": "Rewind",
			"onAnimationEnd": "Repeat",
			"keyframes": [
				{
					"frame": 0,
					"elements": {
						"coatBackTile": { "rotationX": 1.0, "rotationY": 0.0, "rotationZ": -32.0 },
						"coatFrontTile": { "rotationX": 0.0, "rotationY": 0.0, "rotationZ": -32.0 }
					}
				},
				{
					"frame": 20,
					"elements": {
						"coatBackTile": { "rotationX": 1.0, "rotationY": 0.0, "rotationZ": -27.0 },
						"coatFrontTile": { "rotationX": 0.0, "rotationY": 0.0, "rotationZ": -27.0 }
					}
				}
			]
		},

		{
			"name": "SneakIdle",
			"code": "sneakidle",
			"quantityframes": 35,
			"onActivityStopped": "Rewind",
			"onAnimationEnd": "Repeat",
			"keyframes": [
				{
					"frame": 0,
					"elements": {
						"coatBackTile": { "rotationX": 0.1, "rotationY": 0.0, "rotationZ": -24.0 },
						"coatFrontTile": { "rotationX": 0.1, "rotationY": 0.0, "rotationZ": -24.0 }
					}
				}
			]
		}
	]
}