[
  {
    "op": "add",
    "path": "/behaviors/-",
    "file": "blocktypes/chests",
    "value": {
      "name": "Carryable",
      "properties": {
        "translation": [ 0.0625, 0, 0 ],
        "rotation": [ 0, 180, 0 ],
        "slots": {
          "Hands": {},
          "Back": {}        
        }
      }
    },
    "condition": { "when": "carryon:ChestEnabled", "isValue": "true"},
    "dependsOn": [ { "modid": "carryon" } ]
  },
  {
    "op": "add",
    "path": "/behaviors/-",
    "file": "blocktypes/labeledchests",
    "value": {
      "name": "Carryable",
      "properties": {
        "translation": [ 0.0625, 0, 0 ],
        "rotation": [ 0, 180, 0 ],
        "slots": {
          "Hands": {},
          "Back": {}	     
        }
      }
    },
    "condition": { "when": "carryon:ChestEnabled", "isValue": "true"},
    "dependsOn": [ { "modid": "carryon" } ]
  },
  {
    "op": "add",
    "path": "/behaviors/-",
    "file": "blocktypes/trunks",
    "value": {
      "name": "Carryable",
      "properties": {
        "translation": [ 0.0625, 0, -0.5 ],
        "rotation": [ 0, 180, 0 ],
        "slots": {
          "Hands": { "animation": "carryon:holdheavy", "walkSpeedModifier": -0.5 },
          "Back": { "walkSpeedModifier": -0.2, "keepWhenTrue": "carryon:AllowChestTrunksOnBack"}  
        }
      }
    },
    "condition": { "when": "carryon:ChestTrunkEnabled", "isValue": "true"},
    "dependsOn": [ { "modid": "carryon" } ]
  },
  {
    "op": "add",
    "path": "/behaviors/-",
    "file": "blocktypes/labeledtrunks",
    "value": {
      "name": "Carryable",
      "properties": {
        "translation": [ 0.0625, 0, -0.5 ],
        "rotation": [ 0, 180, 0 ],
        "slots": {
          "Hands": { "animation": "carryon:holdheavy", "walkSpeedModifier": -0.5 },
          "Back": { "walkSpeedModifier": -0.2, "keepWhenTrue": "carryon:AllowChestTrunksOnBack"}  
        }
      }
    },
    "condition": { "when": "carryon:ChestTrunkEnabled", "isValue": "true"},
    "dependsOn": [ { "modid": "carryon" } ]
  },
  {
    "op": "add",
    "path": "/behaviors/-",
    "file": "blocktypes/storagevessel",
    "value": {
      "name": "Carryable",
      "properties": {
        "translation": [ 0.0625, 0, 0 ],
        "rotation": [ 0, 180, 0 ],
        "slots": {
          "Hands": {},
          "Back": {}  
        }
      }
    },
    "condition": { "when": "carryon:StorageVesselEnabled", "isValue": "true"},
    "dependsOn": [ { "modid": "carryon" } ]
  },
  {
    "op": "add",
    "path": "/behaviors/-",
    "file": "blocktypes/labeledstoragevessel",
    "value": {
      "name": "Carryable",
      "properties": {
        "translation": [ 0.0625, 0, 0 ],
        "rotation": [ 0, 180, 0 ],
        "slots": {
          "Hands": {},
          "Back": {}  
        }
      }
    },
    "condition": { "when": "carryon:StorageVesselEnabled", "isValue": "true"},
    "dependsOn": [ { "modid": "carryon" } ]
  }
]
