{
	"editor": {
		"backDropShape": "C:/Users/Cal/Desktop/boobold",
		"collapsedPaths": ",Root/ArmorHelmet/Nose2/PlumeBase,Root/ArmorHelmet/ArmorHelmetTop,Root/ArmorHelmet/Back1,Root/ArmorHelmet/ArmorHelmetTop/WingBaseR/WingR2/WingR14,Root/ArmorHelmet/ArmorNose,Root/ArmorHelmet/ArmorHelmetTop/WingBaseR/WingR2,Root/ArmorHelmet/PlumeP3,Root/ArmorHelmet/ArmorHelmetTop/WingBaseR/WingR2/WingR3/WingR4/WingR5,Root/ArmorHelmet/PlumeP2,Root/ArmorHelmet/PlumeP1,Root/ArmorHelmet/FrontFace1,Root/ArmorHelmet/ArmorHelmetTop/WingBaseR2,Root/ArmorHelmet/Fin,Root/ArmorHelmet/Hinge1,Root/ArmorHelmet/Hinge4,Root/ArmorHelmet/ArmorHelmetTop/WingBaseR/WingR2/WingR3/WingR4,Root/ArmorHelmet/ArmorHelmetTop/WingBaseR/WingR2/WingR9,Root/ArmorHelmet/PlumeBase,Root/ArmorHelmet/ArmorHelmetTop/WingBaseR/WingR2/WingR3",
		"allAngles": true,
		"entityTextureMode": true
	},
	"textureWidth": 64,
	"textureHeight": 64,
	"textureSizes": {
	},
	"textures": {
		"templarhead": "armor/entity/templar_helmets_steel",
		"plume": "block/plume/plumered"
	},
	"elements": [
		{
			"name": "ArmorHelmet",
			"stepParentName": "Head",
			"from": [ -0.4, 2.83, -0.65 ],
			"to": [ 5.8, 8.63, 5.65 ],
			"unwrapMode": 4,
			"uv": [ 27.0, 15.0 ],
			"rotationOrigin": [ -0.4, 2.8, -0.6 ],
			"rotationZ": -19.0,
			"faces": {
				"north": { "texture": "#templarhead", "uv": [ 27.0, 21.0, 33.0, 26.5 ] },
				"east": { "texture": "#templarhead", "uv": [ 45.0, 21.0, 51.0, 26.5 ] },
				"south": { "texture": "#templarhead", "uv": [ 39.0, 21.0, 45.0, 26.5 ] },
				"west": { "texture": "#templarhead", "uv": [ 33.0, 21.0, 39.0, 26.5 ] },
				"up": { "texture": "#templarhead", "uv": [ 33.0, 15.0, 39.0, 21.0 ], "rotation": 90 },
				"down": { "texture": "#templarhead", "uv": [ 33.0, 26.5, 39.0, 32.5 ], "rotation": 90 }
			},
			"children": [
				{
					"name": "ArmorHelmetTop",
					"from": [ 0.5, 5.6, 0.8 ],
					"to": [ 5.6, 7.0, 5.5 ],
					"autoUnwrap": false,
					"uv": [ 41.0, 28.5 ],
					"rotationOrigin": [ 0.5, 5.6, 0.8 ],
					"faces": {
						"north": { "texture": "#templarhead", "uv": [ 45.5, 21.0, 50.5, 22.0 ] },
						"east": { "texture": "#templarhead", "uv": [ 46.5, 21.5, 51.0, 22.5 ] },
						"south": { "texture": "#templarhead", "uv": [ 45.5, 25.5, 50.5, 26.5 ] },
						"west": { "texture": "#templarhead", "uv": [ 33.5, 15.0, 38.0, 16.0 ] },
						"up": { "texture": "#templarhead", "uv": [ 45.2, 21.0, 50.5, 25.5 ], "autoUv": false },
						"down": { "texture": "#null", "uv": [ 5.0, 0.0, 10.0, 4.5 ], "enabled": false }
					},
					"children": [
						{
							"name": "Plume",
							"from": [ 0.0, 0.0, 0.0 ],
							"to": [ 0.0, 0.0, 0.0 ],
							"uv": [ 35.5, 18.5 ],
							"faces": {
								"north": { "texture": "#templarhead", "uv": [ 35.5, 19.0, 36.0, 19.5 ] },
								"east": { "texture": "#templarhead", "uv": [ 36.0, 19.0, 36.5, 19.5 ] },
								"south": { "texture": "#templarhead", "uv": [ 36.5, 19.0, 37.0, 19.5 ] },
								"west": { "texture": "#templarhead", "uv": [ 37.0, 19.0, 37.5, 19.5 ] },
								"up": { "texture": "#templarhead", "uv": [ 35.5, 18.5, 36.0, 19.0 ] },
								"down": { "texture": "#templarhead", "uv": [ 36.0, 18.5, 36.5, 19.0 ] }
							}
						},
						{
							"name": "FrontTopHeadL",
							"from": [ -0.5, -0.1, 2.35 ],
							"to": [ 0.2, 1.8, 4.8 ],
							"autoUnwrap": false,
							"uv": [ 22.5, 28.0 ],
							"rotationOrigin": [ -0.5, -0.1, 4.75 ],
							"rotationY": 12.0,
							"rotationZ": -18.0,
							"faces": {
								"north": { "texture": "#templarhead", "uv": [ 22.5, 30.0, 23.0, 31.5 ] },
								"east": { "texture": "#templarhead", "uv": [ 23.0, 30.0, 25.0, 31.5 ] },
								"south": { "texture": "#templarhead", "uv": [ 25.0, 30.0, 25.5, 31.5 ] },
								"west": { "texture": "#templarhead", "uv": [ 26.0, 30.0, 28.1, 31.8 ], "autoUv": false },
								"up": { "texture": "#templarhead", "uv": [ 22.5, 28.0, 23.0, 30.0 ] },
								"down": { "texture": "#null", "uv": [ 0.5, 0.0, 1.0, 2.0 ], "enabled": false }
							}
						},
						{
							"name": "FrontTopHeadR",
							"from": [ -0.5, -0.1, -0.1 ],
							"to": [ 0.2, 1.8, 2.35 ],
							"autoUnwrap": false,
							"uv": [ 21.5, 28.0 ],
							"rotationOrigin": [ -0.5, -0.1, -0.1 ],
							"rotationY": -12.0,
							"rotationZ": -18.0,
							"faces": {
								"north": { "texture": "#templarhead", "uv": [ 21.5, 30.0, 22.0, 31.5 ] },
								"east": { "texture": "#templarhead", "uv": [ 22.0, 30.0, 24.0, 31.5 ] },
								"south": { "texture": "#templarhead", "uv": [ 24.0, 30.0, 24.5, 31.5 ] },
								"west": { "texture": "#templarhead", "uv": [ 23.0, 30.0, 25.5, 31.8 ], "autoUv": false },
								"up": { "texture": "#templarhead", "uv": [ 21.5, 28.0, 22.0, 30.0 ], "autoUv": false },
								"down": { "texture": "#null", "uv": [ 0.5, 0.0, 1.0, 2.0 ], "enabled": false }
							}
						},
						{
							"name": "Back1",
							"from": [ 4.4, -5.4, -0.1 ],
							"to": [ 5.5, 0.1, 2.9 ],
							"uv": [ 8.0, 21.5 ],
							"rotationOrigin": [ 4.4, -5.4, -0.1 ],
							"rotationY": 20.0,
							"faces": {
								"north": { "texture": "#templarhead", "uv": [ 8.0, 24.5, 9.0, 30.0 ] },
								"east": { "texture": "#templarhead", "uv": [ 9.0, 24.5, 12.0, 30.0 ] },
								"south": { "texture": "#templarhead", "uv": [ 12.0, 24.5, 13.0, 30.0 ] },
								"west": { "texture": "#templarhead", "uv": [ 13.0, 24.5, 16.0, 30.0 ] },
								"up": { "texture": "#templarhead", "uv": [ 8.0, 21.5, 9.0, 24.5 ] },
								"down": { "texture": "#templarhead", "uv": [ 9.0, 21.5, 10.0, 24.5 ] }
							},
							"children": [
								{
									"name": "Back4",
									"from": [ 0.5, 5.2, 0.3 ],
									"to": [ 1.2, 7.0, 2.5 ],
									"autoUnwrap": false,
									"uv": [ 40.0, 36.0 ],
									"rotationOrigin": [ 0.4985, 5.2, 0.3 ],
									"rotationZ": 22.0,
									"faces": {
										"north": { "texture": "#templarhead", "uv": [ 40.0, 38.0, 40.5, 39.5 ] },
										"east": { "texture": "#templarhead", "uv": [ 48.5, 25.0, 50.5, 26.5 ] },
										"south": { "texture": "#templarhead", "uv": [ 42.5, 38.0, 43.0, 39.5 ] },
										"west": { "texture": "#templarhead", "uv": [ 43.0, 38.0, 45.0, 39.5 ] },
										"up": { "texture": "#templarhead", "uv": [ 40.0, 36.0, 40.5, 38.0 ] },
										"down": { "texture": "#templarhead", "uv": [ 40.5, 36.0, 41.0, 38.0 ] }
									}
								}
							]
						},
						{
							"name": "Back2",
							"from": [ 4.4, -5.4, 1.8 ],
							"to": [ 5.5, 0.1, 4.8 ],
							"autoUnwrap": false,
							"uv": [ 4.2, 21.3 ],
							"rotationOrigin": [ 4.4, -5.4, 4.8 ],
							"rotationY": -20.0,
							"faces": {
								"north": { "texture": "#templarhead", "uv": [ 6.0, 24.5, 7.0, 30.0 ] },
								"east": { "texture": "#templarhead", "uv": [ 5.5, 24.5, 8.5, 30.0 ] },
								"south": { "texture": "#templarhead", "uv": [ 8.5, 24.5, 9.5, 30.0 ] },
								"west": { "texture": "#templarhead", "uv": [ 9.5, 24.5, 12.5, 30.0 ] },
								"up": { "texture": "#templarhead", "uv": [ 5.5, 21.5, 6.5, 24.5 ] },
								"down": { "texture": "#templarhead", "uv": [ 5.5, 21.5, 6.5, 24.5 ] }
							},
							"children": [
								{
									"name": "Back3",
									"from": [ 0.5, 5.2, 0.5 ],
									"to": [ 1.2, 6.9, 2.7 ],
									"autoUnwrap": false,
									"uv": [ 50.0, 36.0 ],
									"rotationOrigin": [ 0.4583, 5.2, 3.0 ],
									"rotationZ": 22.0,
									"faces": {
										"north": { "texture": "#templarhead", "uv": [ 50.0, 38.0, 50.5, 39.5 ] },
										"east": { "texture": "#templarhead", "uv": [ 48.0, 25.0, 50.0, 26.5 ] },
										"south": { "texture": "#templarhead", "uv": [ 52.5, 38.0, 53.0, 39.5 ] },
										"west": { "texture": "#templarhead", "uv": [ 53.0, 38.0, 55.0, 39.5 ] },
										"up": { "texture": "#templarhead", "uv": [ 50.0, 36.0, 50.5, 38.0 ] },
										"down": { "texture": "#templarhead", "uv": [ 50.5, 36.0, 51.0, 38.0 ] }
									}
								}
							]
						},
						{
							"name": "Cube2",
							"from": [ 5.8, -0.1, 1.9 ],
							"to": [ 6.5, 1.6, 2.8 ],
							"uv": [ 34.0, 30.0 ],
							"rotationOrigin": [ 5.8, -0.1, 1.9 ],
							"rotationZ": 24.0,
							"faces": {
								"north": { "texture": "#templarhead", "uv": [ 34.0, 30.5, 34.5, 32.0 ] },
								"east": { "texture": "#templarhead", "uv": [ 34.5, 30.5, 35.0, 32.0 ] },
								"south": { "texture": "#templarhead", "uv": [ 35.0, 30.5, 35.5, 32.0 ] },
								"west": { "texture": "#templarhead", "uv": [ 35.5, 30.5, 36.0, 32.0 ] },
								"up": { "texture": "#templarhead", "uv": [ 34.0, 30.0, 34.5, 30.5 ] },
								"down": { "texture": "#templarhead", "uv": [ 34.5, 30.0, 35.0, 30.5 ] }
							}
						}
					]
				},
				{
					"name": "Nose1",
					"from": [ -0.83, 6.0, 2.7 ],
					"to": [ -0.33, 7.6, 3.6 ],
					"autoUnwrap": false,
					"uv": [ 12.5, 20.0 ],
					"rotationOrigin": [ -0.8, 6.0, 2.7 ],
					"rotationZ": -51.0,
					"faces": {
						"north": { "texture": "#templarhead", "uv": [ 12.5, 20.5, 13.0, 22.0 ] },
						"east": { "texture": "#templarhead", "uv": [ 13.0, 20.5, 13.5, 22.0 ] },
						"south": { "texture": "#templarhead", "uv": [ 13.5, 20.5, 14.0, 22.0 ] },
						"west": { "texture": "#templarhead", "uv": [ 14.0, 20.5, 15.5, 22.4 ], "autoUv": false },
						"up": { "texture": "#templarhead", "uv": [ 12.5, 20.0, 13.0, 20.5 ] },
						"down": { "texture": "#templarhead", "uv": [ 13.0, 20.0, 13.5, 20.5 ] }
					},
					"children": [
						{
							"name": "Nose2",
							"from": [ 0.4465, -1.6936, 0.0 ],
							"to": [ 0.9465, 0.1364, 0.9 ],
							"autoUnwrap": false,
							"uv": [ 12.5, 20.0 ],
							"rotationOrigin": [ 0.4462, -1.6921, 0.0 ],
							"rotationZ": 13.9,
							"faces": {
								"north": { "texture": "#templarhead", "uv": [ 12.5, 20.5, 13.0, 22.0 ] },
								"east": { "texture": "#templarhead", "uv": [ 13.0, 20.5, 13.5, 22.0 ] },
								"south": { "texture": "#templarhead", "uv": [ 13.5, 20.5, 14.0, 22.0 ] },
								"west": { "texture": "#templarhead", "uv": [ 14.0, 20.5, 15.4, 23.1 ], "autoUv": false },
								"up": { "texture": "#templarhead", "uv": [ 12.5, 20.0, 13.0, 20.5 ] },
								"down": { "texture": "#templarhead", "uv": [ 13.0, 20.0, 13.5, 20.5 ] }
							},
							"children": [
								{
									"name": "Nose3",
									"from": [ 3.1085, -4.26, 0.0 ],
									"to": [ 3.4085, 1.09, 0.9 ],
									"autoUnwrap": false,
									"uv": [ 11.5, 19.0 ],
									"rotationOrigin": [ 3.113, -4.252, 0.0 ],
									"rotationZ": 36.0,
									"faces": {
										"north": { "texture": "#templarhead", "uv": [ 11.5, 19.5, 12.0, 24.5 ] },
										"east": { "texture": "#templarhead", "uv": [ 12.0, 19.5, 12.5, 24.5 ] },
										"south": { "texture": "#templarhead", "uv": [ 12.5, 19.5, 13.0, 24.5 ] },
										"west": { "texture": "#templarhead", "uv": [ 14.5, 17.0, 16.0, 24.5 ], "autoUv": false },
										"up": { "texture": "#templarhead", "uv": [ 11.5, 19.0, 12.0, 19.5 ] },
										"down": { "texture": "#templarhead", "uv": [ 12.0, 19.0, 12.5, 19.5 ] }
									}
								}
							]
						},
						{
							"name": "FrontFaceL",
							"from": [ 4.9446, -3.47, 0.09 ],
							"to": [ 5.8446, 1.13, 3.44 ],
							"unwrapMode": 2,
							"autoUnwrap": false,
							"uv": [ 32.9, 33.3 ],
							"rotationOrigin": [ 4.9446, -3.4651, 2.7 ],
							"rotationX": -26.7794,
							"rotationY": 20.0447,
							"rotationZ": 55.8179,
							"faces": {
								"north": { "texture": "#templarhead", "uv": [ 29.5, 34.0, 30.0, 38.5 ] },
								"east": { "texture": "#null", "uv": [ 0.5, 3.0, 3.5, 7.5 ], "enabled": false },
								"south": { "texture": "#templarhead", "uv": [ 29.5, 34.0, 30.0, 38.5 ] },
								"west": { "texture": "#templarhead", "uv": [ 25.0, 33.1, 29.5, 39.5 ], "autoUv": false },
								"up": { "texture": "#templarhead", "uv": [ 27.0, 35.5, 30.0, 36.0 ], "rotation": 270 },
								"down": { "texture": "#templarhead", "uv": [ 27.0, 39.0, 30.0, 39.5 ], "rotation": 270 }
							},
							"children": [
								{
									"name": "BottomFaceL",
									"from": [ 0.0294, -0.2, 0.1383 ],
									"to": [ 0.9294, 0.8, 3.3883 ],
									"unwrapMode": 2,
									"uv": [ 22.4, 26.8 ],
									"rotationOrigin": [ 0.0293, -0.2, 2.7483 ],
									"rotationX": -11.7073,
									"rotationY": 0.7774,
									"rotationZ": -1.572,
									"faces": {
										"north": { "texture": "#templarhead", "uv": [ 23.0, 27.5, 23.5, 28.5 ] },
										"east": { "texture": "#null", "uv": [ 23.0, 27.5, 26.0, 28.5 ], "enabled": false },
										"south": { "texture": "#templarhead", "uv": [ 22.5, 27.5, 23.0, 28.5 ] },
										"west": { "texture": "#templarhead", "uv": [ 23.5, 27.5, 26.5, 28.5 ] },
										"up": { "texture": "#templarhead", "uv": [ 23.0, 27.0, 26.0, 27.5 ], "rotation": 270 },
										"down": { "texture": "#templarhead", "uv": [ 23.0, 28.5, 26.0, 29.0 ], "rotation": 270 }
									}
								},
								{
									"name": "TopFaceL",
									"from": [ 0.0044, 4.55, 0.3706 ],
									"to": [ 0.9044, 6.55, 3.2706 ],
									"unwrapMode": 4,
									"autoUnwrap": false,
									"uv": [ 26.0, 31.0 ],
									"rotationOrigin": [ 0.0044, 4.5, 2.9705 ],
									"rotationZ": -35.0,
									"faces": {
										"north": { "texture": "#templarhead", "uv": [ 26.0, 31.5, 26.5, 33.5 ] },
										"east": { "texture": "#null", "uv": [ 0.5, 2.5, 3.0, 4.5 ], "enabled": false },
										"south": { "texture": "#templarhead", "uv": [ 29.0, 31.5, 29.5, 33.5 ] },
										"west": { "texture": "#templarhead", "uv": [ 25.2, 31.5, 30.0, 33.0 ], "autoUv": false },
										"up": { "texture": "#templarhead", "uv": [ 26.5, 31.0, 29.0, 31.5 ], "rotation": 90 },
										"down": { "texture": "#templarhead", "uv": [ 26.5, 33.5, 29.0, 34.0 ], "rotation": 90 }
									}
								}
							]
						},
						{
							"name": "FrontFaceR",
							"from": [ 5.1963, -3.1542, -2.4 ],
							"to": [ 6.0963, 1.4458, 0.95 ],
							"unwrapMode": 2,
							"autoUnwrap": false,
							"uv": [ 16.5, 32.4 ],
							"rotationOrigin": [ 5.1963, -3.1542, -2.4 ],
							"rotationX": 26.7794,
							"rotationY": -20.0447,
							"rotationZ": 55.8179,
							"faces": {
								"north": { "texture": "#templarhead", "uv": [ 21.0, 33.5, 21.5, 38.0 ] },
								"east": { "texture": "#null", "uv": [ 0.5, 3.0, 3.5, 7.5 ], "enabled": false },
								"south": { "texture": "#templarhead", "uv": [ 21.0, 33.5, 21.5, 38.0 ] },
								"west": { "texture": "#templarhead", "uv": [ 21.5, 33.1, 25.9, 39.5 ], "autoUv": false },
								"up": { "texture": "#templarhead", "uv": [ 21.0, 35.5, 24.0, 36.0 ], "rotation": 270 },
								"down": { "texture": "#templarhead", "uv": [ 22.0, 39.0, 25.0, 39.5 ], "rotation": 270 }
							},
							"children": [
								{
									"name": "BottomFaceR",
									"from": [ 0.0, 0.0, 0.0 ],
									"to": [ 0.9, 1.0, 3.25 ],
									"unwrapMode": 2,
									"uv": [ 22.5, 26.9 ],
									"rotationOrigin": [ 0.0, 0.0, 0.0 ],
									"rotationX": 11.7073,
									"rotationY": 0.22,
									"rotationZ": -1.572,
									"faces": {
										"north": { "texture": "#templarhead", "uv": [ 23.0, 27.5, 23.5, 28.5 ] },
										"east": { "texture": "#null", "uv": [ 23.0, 27.5, 26.0, 28.5 ], "enabled": false },
										"south": { "texture": "#templarhead", "uv": [ 22.5, 27.5, 23.0, 28.5 ] },
										"west": { "texture": "#templarhead", "uv": [ 23.5, 27.5, 26.5, 28.5 ] },
										"up": { "texture": "#templarhead", "uv": [ 23.0, 27.0, 26.0, 27.5 ], "rotation": 270 },
										"down": { "texture": "#templarhead", "uv": [ 23.0, 28.5, 26.0, 29.0 ], "rotation": 270 }
									}
								},
								{
									"name": "TopFaceR",
									"from": [ -0.0237, 4.55, 0.0488 ],
									"to": [ 0.8763, 6.55, 2.9488 ],
									"unwrapMode": 4,
									"autoUnwrap": false,
									"uv": [ 21.5, 31.0 ],
									"rotationOrigin": [ -0.0337, 4.5, 0.4989 ],
									"rotationZ": -35.0,
									"faces": {
										"north": { "texture": "#templarhead", "uv": [ 21.5, 31.5, 22.0, 33.5 ] },
										"east": { "texture": "#null", "uv": [ 0.5, 2.5, 3.0, 4.5 ], "enabled": false },
										"south": { "texture": "#templarhead", "uv": [ 24.5, 31.5, 25.0, 33.5 ] },
										"west": { "texture": "#templarhead", "uv": [ 21.1, 31.5, 25.4, 33.0 ], "autoUv": false },
										"up": { "texture": "#templarhead", "uv": [ 22.0, 31.0, 24.5, 31.5 ], "rotation": 90 },
										"down": { "texture": "#templarhead", "uv": [ 22.0, 33.5, 24.5, 34.0 ], "rotation": 90 }
									}
								}
							]
						},
						{
							"name": "Nose4",
							"from": [ -0.05, 0.71, -0.2 ],
							"to": [ 0.45, 1.31, 1.1 ],
							"uv": [ 12.0, 21.5 ],
							"rotationOrigin": [ -0.0538, 0.7079, -0.2 ],
							"rotationZ": 13.9,
							"faces": {
								"north": { "texture": "#templarhead", "uv": [ 12.0, 22.5, 12.5, 23.0 ] },
								"east": { "texture": "#templarhead", "uv": [ 12.5, 22.5, 13.5, 23.0 ] },
								"south": { "texture": "#templarhead", "uv": [ 13.5, 22.5, 14.0, 23.0 ] },
								"west": { "texture": "#templarhead", "uv": [ 14.0, 22.5, 15.0, 23.0 ] },
								"up": { "texture": "#templarhead", "uv": [ 12.0, 21.5, 12.5, 22.5 ] },
								"down": { "texture": "#templarhead", "uv": [ 12.5, 21.5, 13.0, 22.5 ] }
							}
						}
					]
				},
				{
					"name": "ArmorHelmetTop2",
					"from": [ 0.8, 5.5, 0.1 ],
					"to": [ 5.6, 7.2, 0.6 ],
					"autoUnwrap": false,
					"uv": [ 41.0, 28.5 ],
					"rotationOrigin": [ 0.8, 5.5, 0.6 ],
					"rotationX": 24.0,
					"faces": {
						"north": { "texture": "#templarhead", "uv": [ 39.5, 26.5, 44.0, 28.0 ], "autoUv": false },
						"east": { "texture": "#templarhead", "uv": [ 46.5, 21.5, 47.0, 23.0 ] },
						"south": { "texture": "#templarhead", "uv": [ 45.5, 25.0, 50.0, 26.5 ] },
						"west": { "texture": "#templarhead", "uv": [ 33.5, 15.0, 34.0, 16.5 ] },
						"up": { "texture": "#templarhead", "uv": [ 45.5, 21.0, 50.0, 21.5 ] },
						"down": { "texture": "#null", "uv": [ 4.5, 0.0, 9.0, 0.5 ], "enabled": false }
					}
				},
				{
					"name": "ArmorHelmetTop3",
					"from": [ 0.8, 5.5, 5.7 ],
					"to": [ 5.6, 7.2, 6.2 ],
					"autoUnwrap": false,
					"uv": [ 41.0, 28.5 ],
					"rotationOrigin": [ 0.8, 5.5, 5.7 ],
					"rotationX": -24.0,
					"faces": {
						"north": { "texture": "#templarhead", "uv": [ 45.5, 21.0, 50.0, 22.5 ] },
						"east": { "texture": "#templarhead", "uv": [ 46.5, 21.5, 47.0, 23.0 ] },
						"south": { "texture": "#templarhead", "uv": [ 45.5, 25.0, 50.0, 26.5 ] },
						"west": { "texture": "#templarhead", "uv": [ 33.5, 15.0, 34.0, 16.5 ] },
						"up": { "texture": "#templarhead", "uv": [ 45.5, 21.0, 50.0, 21.5 ] },
						"down": { "texture": "#null", "uv": [ 4.5, 0.0, 9.0, 0.5 ], "enabled": false }
					}
				},
				{
					"name": "Nose6",
					"from": [ -2.04, -0.3639, 2.4 ],
					"to": [ -1.04, 0.2361, 3.9 ],
					"uv": [ 12.4, 21.0 ],
					"rotationOrigin": [ -2.0371, -0.3639, 2.4 ],
					"rotationZ": -0.6,
					"faces": {
						"north": { "texture": "#templarhead", "uv": [ 12.5, 22.5, 13.5, 23.0 ] },
						"east": { "texture": "#templarhead", "uv": [ 13.5, 22.5, 15.0, 23.0 ] },
						"south": { "texture": "#templarhead", "uv": [ 15.0, 22.5, 16.0, 23.0 ] },
						"west": { "texture": "#templarhead", "uv": [ 16.0, 22.5, 17.5, 23.0 ] },
						"up": { "texture": "#templarhead", "uv": [ 12.5, 21.0, 13.5, 22.5 ] },
						"down": { "texture": "#templarhead", "uv": [ 13.5, 21.0, 14.5, 22.5 ] }
					}
				},
				{
					"name": "FrontFace5",
					"from": [ -0.5038, 3.3, 2.99 ],
					"to": [ 0.3962, 4.2, 6.24 ],
					"unwrapMode": 2,
					"autoUnwrap": false,
					"uv": [ 32.9, 33.3 ],
					"rotationOrigin": [ -0.4, -0.6, 5.4 ],
					"rotationY": 33.0,
					"faces": {
						"north": { "texture": "#templarhead", "uv": [ 29.5, 34.0, 30.0, 34.5 ] },
						"east": { "texture": "#null", "uv": [ 0.5, 3.0, 3.5, 3.5 ], "enabled": false },
						"south": { "texture": "#templarhead", "uv": [ 29.5, 34.0, 30.0, 34.5 ] },
						"west": { "texture": "#templarhead", "uv": [ 25.3, 33.7, 30.5, 34.8 ], "autoUv": false },
						"up": { "texture": "#templarhead", "uv": [ 27.0, 33.5, 29.0, 34.0 ], "rotation": 270, "autoUv": false },
						"down": { "texture": "#templarhead", "uv": [ 27.0, 39.0, 30.0, 39.5 ], "rotation": 270 }
					}
				},
				{
					"name": "FrontFace6",
					"from": [ -0.1015, 3.3, 0.3 ],
					"to": [ 0.7985, 4.2, 3.45 ],
					"unwrapMode": 2,
					"autoUnwrap": false,
					"uv": [ 16.5, 32.4 ],
					"rotationOrigin": [ 0.0, -0.6, 0.3 ],
					"rotationY": -33.0,
					"faces": {
						"north": { "texture": "#templarhead", "uv": [ 21.0, 33.5, 21.5, 34.0 ] },
						"east": { "texture": "#null", "uv": [ 0.5, 3.0, 3.5, 3.5 ], "enabled": false },
						"south": { "texture": "#templarhead", "uv": [ 21.0, 33.5, 21.5, 34.0 ] },
						"west": { "texture": "#templarhead", "uv": [ 20.5, 33.7, 25.7, 34.8 ], "autoUv": false },
						"up": { "texture": "#templarhead", "uv": [ 21.8, 33.6, 25.1, 34.4 ], "rotation": 270, "autoUv": false },
						"down": { "texture": "#templarhead", "uv": [ 22.0, 39.0, 25.0, 39.5 ], "rotation": 270 }
					}
				},
				{
					"name": "FrontFace7",
					"from": [ -0.7, 3.0, 5.49 ],
					"to": [ 0.2, 4.3, 6.09 ],
					"unwrapMode": 2,
					"uv": [ 46.6, 33.3 ],
					"rotationOrigin": [ -0.4, -0.8, 5.4 ],
					"rotationY": 33.0,
					"faces": {
						"north": { "texture": "#templarhead", "uv": [ 47.5, 34.0, 48.0, 35.0 ] },
						"east": { "texture": "#null", "uv": [ 47.5, 34.0, 48.0, 35.0 ], "enabled": false },
						"south": { "texture": "#templarhead", "uv": [ 46.5, 34.0, 47.0, 35.0 ] },
						"west": { "texture": "#templarhead", "uv": [ 48.0, 34.0, 48.5, 35.0 ] },
						"up": { "texture": "#templarhead", "uv": [ 47.5, 33.5, 48.0, 34.0 ], "rotation": 270 },
						"down": { "texture": "#templarhead", "uv": [ 47.5, 35.0, 48.0, 35.5 ], "rotation": 270 }
					}
				},
				{
					"name": "FrontFace8",
					"from": [ -0.2, 3.0, 0.4 ],
					"to": [ 0.7, 4.3, 1.0 ],
					"unwrapMode": 2,
					"uv": [ 46.7, 33.4 ],
					"rotationOrigin": [ 0.0, -0.8, 0.3 ],
					"rotationY": -33.0,
					"faces": {
						"north": { "texture": "#templarhead", "uv": [ 47.5, 34.0, 48.0, 35.0 ] },
						"east": { "texture": "#null", "uv": [ 47.5, 34.0, 48.0, 35.0 ], "enabled": false },
						"south": { "texture": "#templarhead", "uv": [ 46.5, 34.0, 47.0, 35.0 ] },
						"west": { "texture": "#templarhead", "uv": [ 48.0, 34.0, 48.5, 35.0 ] },
						"up": { "texture": "#templarhead", "uv": [ 47.5, 33.5, 48.0, 34.0 ], "rotation": 270 },
						"down": { "texture": "#templarhead", "uv": [ 47.5, 35.0, 48.0, 35.5 ], "rotation": 270 }
					}
				},
				{
					"name": "PlumeBase",
					"from": [ 1.76, 6.93, 2.95 ],
					"to": [ 2.76, 7.93, 3.45 ],
					"autoUnwrap": false,
					"uv": [ 19.0, 7.0 ],
					"rotationOrigin": [ 1.7595, 6.9291, 2.95 ],
					"rotationZ": 9.0,
					"faces": {
						"north": { "texture": "#plume", "uv": [ 0.0, 8.0, 1.0, 9.0 ] },
						"east": { "texture": "#plume", "uv": [ 0.5, 9.0, 1.0, 10.0 ] },
						"south": { "texture": "#plume", "uv": [ 0.0, 9.0, 1.0, 10.0 ] },
						"west": { "texture": "#plume", "uv": [ 0.0, 8.5, 0.5, 9.5 ] },
						"up": { "texture": "#plume", "uv": [ 0.5, 9.5, 1.5, 10.0 ] },
						"down": { "texture": "#plume", "uv": [ 0.0, 9.0, 1.0, 9.5 ] }
					},
					"children": [
						{
							"name": "PlumeSubBase1",
							"from": [ 0.0, 1.0, -0.1 ],
							"to": [ 2.0, 1.5, 0.6 ],
							"autoUnwrap": false,
							"uv": [ 19.0, 7.5 ],
							"rotationOrigin": [ 0.0, 1.0, -0.1 ],
							"faces": {
								"north": { "texture": "#plume", "uv": [ 0.5, 9.5, 2.5, 10.0 ] },
								"east": { "texture": "#plume", "uv": [ 1.0, 9.0, 1.5, 9.5 ] },
								"south": { "texture": "#plume", "uv": [ 0.5, 9.0, 2.5, 9.5 ] },
								"west": { "texture": "#plume", "uv": [ 1.0, 9.0, 1.5, 9.5 ] },
								"up": { "texture": "#plume", "uv": [ 0.5, 8.5, 2.5, 9.0 ] },
								"down": { "texture": "#plume", "uv": [ 0.5, 9.0, 2.5, 9.5 ] }
							}
						},
						{
							"name": "PlumeSubBase2",
							"from": [ -1.4, 0.9, -0.09 ],
							"to": [ 0.1, 1.4, 0.59 ],
							"unwrapMode": 5,
							"unwrapRotation": 1,
							"uv": [ 0.0, 7.5 ],
							"rotationOrigin": [ -1.4, 0.9, -0.1 ],
							"rotationZ": 5.0,
							"faces": {
								"north": { "texture": "#plume", "uv": [ 0.0, 8.0, 0.5, 9.5 ], "rotation": 270 },
								"east": { "texture": "#plume", "uv": [ 0.5, 7.5, 1.0, 8.0 ], "rotation": 180 },
								"south": { "texture": "#plume", "uv": [ 1.0, 8.0, 1.5, 9.5 ], "rotation": 90 },
								"west": { "texture": "#plume", "uv": [ 0.5, 9.5, 1.0, 10.0 ] },
								"up": { "texture": "#plume", "uv": [ 0.5, 8.0, 1.0, 9.5 ], "rotation": 90 },
								"down": { "texture": "#plume", "uv": [ 1.5, 8.0, 2.0, 9.5 ], "rotation": 270 }
							}
						},
						{
							"name": "PlumeSubBase3",
							"from": [ 1.9, 1.0, -0.09 ],
							"to": [ 3.0, 1.5, 0.59 ],
							"unwrapMode": 6,
							"unwrapRotation": 1,
							"uv": [ 0.0, 8.0 ],
							"rotationOrigin": [ 1.9, 1.0, -0.1 ],
							"rotationZ": -8.0,
							"faces": {
								"north": { "texture": "#plume", "uv": [ 0.0, 8.5, 0.5, 9.5 ], "rotation": 90 },
								"east": { "texture": "#plume", "uv": [ 0.5, 9.5, 1.0, 10.0 ], "rotation": 180 },
								"south": { "texture": "#plume", "uv": [ 1.0, 8.5, 1.5, 9.5 ], "rotation": 270 },
								"west": { "texture": "#plume", "uv": [ 0.5, 8.0, 1.0, 8.5 ] },
								"up": { "texture": "#plume", "uv": [ 1.5, 8.5, 2.0, 9.5 ], "rotation": 270 },
								"down": { "texture": "#plume", "uv": [ 0.5, 8.5, 1.0, 9.5 ], "rotation": 90 }
							}
						},
						{
							"name": "Plume2",
							"from": [ 0.0, -0.2, 0.2 ],
							"to": [ 0.0, -0.2, 0.2 ],
							"uv": [ 0.0, 0.0 ],
							"rotationOrigin": [ -0.4, 1.3, 0.3 ],
							"faces": {
								"north": { "texture": "#plume", "uv": [ 0.0, 0.5, 0.5, 1.0 ] },
								"east": { "texture": "#plume", "uv": [ 0.5, 0.5, 1.0, 1.0 ] },
								"south": { "texture": "#plume", "uv": [ 1.0, 0.5, 1.5, 1.0 ] },
								"west": { "texture": "#plume", "uv": [ 1.5, 0.5, 2.0, 1.0 ] },
								"up": { "texture": "#plume", "uv": [ 0.0, 0.0, 0.5, 0.5 ] },
								"down": { "texture": "#plume", "uv": [ 0.5, 0.0, 1.0, 0.5 ] }
							},
							"children": [
								{
									"name": "Plume2b",
									"from": [ -2.43, 0.92, -0.69 ],
									"to": [ 0.07, 3.92, 0.61 ],
									"autoUnwrap": false,
									"uv": [ 8.4, 0.8 ],
									"rotationOrigin": [ -2.4337, 0.9193, -0.7 ],
									"rotationX": -8.9663,
									"rotationY": 0.7812,
									"rotationZ": 15.0613,
									"faces": {
										"north": { "texture": "#plume", "uv": [ 9.0, 2.0, 11.5, 5.0 ] },
										"east": { "texture": "#plume", "uv": [ 11.0, 2.0, 12.0, 5.0 ] },
										"south": { "texture": "#plume", "uv": [ 12.0, 2.0, 14.5, 5.0 ] },
										"west": { "texture": "#plume", "uv": [ 15.0, 2.0, 16.0, 5.0 ] },
										"up": { "texture": "#plume", "uv": [ 8.5, 1.0, 11.0, 2.0 ] },
										"down": { "texture": "#plume", "uv": [ 11.0, 1.0, 13.5, 2.0 ] }
									}
								},
								{
									"name": "Plume2a",
									"from": [ -2.4123, 1.1181, -0.39 ],
									"to": [ 0.0877, 4.1181, 0.91 ],
									"autoUnwrap": false,
									"uv": [ 0.5, 3.0 ],
									"rotationOrigin": [ -2.4123, 1.1181, -0.4 ],
									"rotationX": 8.9663,
									"rotationY": -0.7812,
									"rotationZ": 15.0613,
									"faces": {
										"north": { "texture": "#plume", "uv": [ 0.5, 4.0, 3.0, 7.0 ] },
										"east": { "texture": "#plume", "uv": [ 3.0, 4.0, 4.0, 7.0 ] },
										"south": { "texture": "#plume", "uv": [ 4.5, 4.0, 7.0, 7.0 ], "windMode": [-1,-1,-1,-1], "windData": [1,2,2,2] },
										"west": { "texture": "#plume", "uv": [ 6.0, 4.0, 7.0, 7.0 ] },
										"up": { "texture": "#plume", "uv": [ 0.5, 3.0, 3.0, 4.0 ] },
										"down": { "texture": "#plume", "uv": [ 3.0, 3.0, 5.5, 4.0 ] }
									}
								}
							]
						},
						{
							"name": "Plume3",
							"from": [ 1.7, -0.2, 0.2 ],
							"to": [ 1.7, -0.2, 0.2 ],
							"uv": [ 0.0, 0.0 ],
							"rotationOrigin": [ 1.3, 1.3, 0.3 ],
							"rotationZ": -15.0,
							"faces": {
								"north": { "texture": "#plume", "uv": [ 0.0, 0.5, 0.5, 1.0 ] },
								"east": { "texture": "#plume", "uv": [ 0.5, 0.5, 1.0, 1.0 ] },
								"south": { "texture": "#plume", "uv": [ 1.0, 0.5, 1.5, 1.0 ] },
								"west": { "texture": "#plume", "uv": [ 1.5, 0.5, 2.0, 1.0 ] },
								"up": { "texture": "#plume", "uv": [ 0.0, 0.0, 0.5, 0.5 ] },
								"down": { "texture": "#plume", "uv": [ 0.5, 0.0, 1.0, 0.5 ] }
							},
							"children": [
								{
									"name": "Plume2b2",
									"from": [ -2.43, 0.92, -0.69 ],
									"to": [ 0.07, 3.72, 0.61 ],
									"autoUnwrap": false,
									"uv": [ 8.0, 1.0 ],
									"rotationOrigin": [ -2.4337, 0.9193, -0.7 ],
									"rotationX": -8.9663,
									"rotationY": 0.7812,
									"rotationZ": 15.0613,
									"faces": {
										"north": { "texture": "#plume", "uv": [ 7.0, 1.0, 9.5, 3.5 ] },
										"east": { "texture": "#plume", "uv": [ 10.5, 1.0, 11.5, 3.5 ] },
										"south": { "texture": "#plume", "uv": [ 11.5, 1.0, 14.0, 3.5 ] },
										"west": { "texture": "#plume", "uv": [ 14.0, 1.0, 15.0, 3.5 ] },
										"up": { "texture": "#plume", "uv": [ 8.5, 0.0, 11.0, 1.0 ] },
										"down": { "texture": "#plume", "uv": [ 11.0, 0.0, 13.5, 1.0 ] }
									}
								},
								{
									"name": "Plume2a2",
									"from": [ -2.4123, 1.1181, -0.39 ],
									"to": [ 0.0877, 3.9181, 0.91 ],
									"autoUnwrap": false,
									"uv": [ 8.0, 1.0 ],
									"rotationOrigin": [ -2.4123, 1.1181, -0.4 ],
									"rotationX": 8.9663,
									"rotationY": -0.7812,
									"rotationZ": 15.0613,
									"faces": {
										"north": { "texture": "#plume", "uv": [ 8.0, 1.0, 10.5, 3.5 ] },
										"east": { "texture": "#plume", "uv": [ 10.5, 1.0, 11.5, 3.5 ] },
										"south": { "texture": "#plume", "uv": [ 12.5, 1.0, 15.0, 3.5 ] },
										"west": { "texture": "#plume", "uv": [ 14.0, 1.0, 15.0, 3.5 ] },
										"up": { "texture": "#plume", "uv": [ 8.5, 0.0, 11.0, 1.0 ] },
										"down": { "texture": "#plume", "uv": [ 11.0, 0.0, 13.5, 1.0 ] }
									}
								}
							]
						},
						{
							"name": "Plume4",
							"from": [ 3.4, -0.5, 0.2 ],
							"to": [ 3.4, -0.5, 0.2 ],
							"uv": [ 0.0, 0.0 ],
							"rotationOrigin": [ 3.0, 1.0, 0.3 ],
							"rotationZ": -30.0,
							"faces": {
								"north": { "texture": "#plume", "uv": [ 0.0, 0.5, 0.5, 1.0 ] },
								"east": { "texture": "#plume", "uv": [ 0.5, 0.5, 1.0, 1.0 ] },
								"south": { "texture": "#plume", "uv": [ 1.0, 0.5, 1.5, 1.0 ] },
								"west": { "texture": "#plume", "uv": [ 1.5, 0.5, 2.0, 1.0 ] },
								"up": { "texture": "#plume", "uv": [ 0.0, 0.0, 0.5, 0.5 ] },
								"down": { "texture": "#plume", "uv": [ 0.5, 0.0, 1.0, 0.5 ] }
							},
							"children": [
								{
									"name": "Plume2b3",
									"from": [ -2.43, 0.92, -0.69 ],
									"to": [ 0.07, 3.32, 0.51 ],
									"autoUnwrap": false,
									"uv": [ 8.0, 1.0 ],
									"rotationOrigin": [ -2.4337, 0.9193, -0.6 ],
									"rotationX": -8.9663,
									"rotationY": 0.7812,
									"rotationZ": 15.0613,
									"faces": {
										"north": { "texture": "#plume", "uv": [ 8.0, 1.0, 10.5, 3.0 ] },
										"east": { "texture": "#plume", "uv": [ 10.5, 1.0, 11.5, 3.0 ] },
										"south": { "texture": "#plume", "uv": [ 11.5, 1.0, 14.0, 3.0 ] },
										"west": { "texture": "#plume", "uv": [ 14.0, 1.0, 15.0, 3.0 ] },
										"up": { "texture": "#plume", "uv": [ 8.5, 0.0, 11.0, 1.0 ] },
										"down": { "texture": "#plume", "uv": [ 11.0, 0.0, 13.5, 1.0 ] }
									}
								},
								{
									"name": "Plume2a3",
									"from": [ -2.4123, 1.1181, -0.39 ],
									"to": [ 0.0877, 3.5181, 0.81 ],
									"autoUnwrap": false,
									"uv": [ 8.0, 1.0 ],
									"rotationOrigin": [ -2.4123, 1.1181, -0.4 ],
									"rotationX": 8.9663,
									"rotationY": -0.7812,
									"rotationZ": 15.0613,
									"faces": {
										"north": { "texture": "#plume", "uv": [ 8.0, 1.0, 10.5, 3.0 ] },
										"east": { "texture": "#plume", "uv": [ 10.5, 1.0, 11.5, 3.0 ] },
										"south": { "texture": "#plume", "uv": [ 12.5, 1.0, 15.0, 3.0 ] },
										"west": { "texture": "#plume", "uv": [ 14.0, 1.0, 15.0, 3.0 ] },
										"up": { "texture": "#plume", "uv": [ 8.5, 0.0, 11.0, 1.0 ] },
										"down": { "texture": "#plume", "uv": [ 11.0, 0.0, 13.5, 1.0 ] }
									}
								}
							]
						},
						{
							"name": "Plume5",
							"from": [ 5.0, -1.5, 0.2 ],
							"to": [ 5.0, -1.5, 0.2 ],
							"uv": [ 0.0, 0.0 ],
							"rotationOrigin": [ 4.6, 0.0, 0.3 ],
							"rotationZ": -42.0,
							"faces": {
								"north": { "texture": "#plume", "uv": [ 0.0, 0.5, 0.5, 1.0 ] },
								"east": { "texture": "#plume", "uv": [ 0.5, 0.5, 1.0, 1.0 ] },
								"south": { "texture": "#plume", "uv": [ 1.0, 0.5, 1.5, 1.0 ] },
								"west": { "texture": "#plume", "uv": [ 1.5, 0.5, 2.0, 1.0 ] },
								"up": { "texture": "#plume", "uv": [ 0.0, 0.0, 0.5, 0.5 ] },
								"down": { "texture": "#plume", "uv": [ 0.5, 0.0, 1.0, 0.5 ] }
							},
							"children": [
								{
									"name": "Plume2b4",
									"from": [ -2.43, 0.92, -0.69 ],
									"to": [ 0.07, 3.32, 0.51 ],
									"autoUnwrap": false,
									"uv": [ 8.0, 1.0 ],
									"rotationOrigin": [ -2.4337, 0.9193, -0.6 ],
									"rotationX": -8.9663,
									"rotationY": 0.7812,
									"rotationZ": 15.0613,
									"faces": {
										"north": { "texture": "#plume", "uv": [ 8.0, 1.0, 10.5, 3.0 ] },
										"east": { "texture": "#plume", "uv": [ 10.5, 1.0, 11.5, 3.0 ] },
										"south": { "texture": "#plume", "uv": [ 11.5, 1.0, 14.0, 3.0 ] },
										"west": { "texture": "#plume", "uv": [ 14.0, 1.0, 15.0, 3.0 ] },
										"up": { "texture": "#plume", "uv": [ 8.5, 0.0, 11.0, 1.0 ] },
										"down": { "texture": "#plume", "uv": [ 11.0, 0.0, 13.5, 1.0 ] }
									}
								},
								{
									"name": "Plume2a4",
									"from": [ -2.4123, 1.1181, -0.39 ],
									"to": [ 0.0877, 3.5181, 0.81 ],
									"autoUnwrap": false,
									"uv": [ 8.0, 1.0 ],
									"rotationOrigin": [ -2.4123, 1.1181, -0.4 ],
									"rotationX": 8.9663,
									"rotationY": -0.7812,
									"rotationZ": 15.0613,
									"faces": {
										"north": { "texture": "#plume", "uv": [ 8.0, 1.0, 10.5, 3.0 ] },
										"east": { "texture": "#plume", "uv": [ 10.5, 1.0, 11.5, 3.0 ] },
										"south": { "texture": "#plume", "uv": [ 12.5, 1.0, 15.0, 3.0 ] },
										"west": { "texture": "#plume", "uv": [ 14.0, 1.0, 15.0, 3.0 ] },
										"up": { "texture": "#plume", "uv": [ 8.5, 0.0, 11.0, 1.0 ] },
										"down": { "texture": "#plume", "uv": [ 11.0, 0.0, 13.5, 1.0 ] }
									}
								}
							]
						},
						{
							"name": "Plume6",
							"from": [ 6.0, -2.6, 0.2 ],
							"to": [ 6.0, -2.6, 0.2 ],
							"uv": [ 0.0, 0.0 ],
							"rotationOrigin": [ 5.6, -1.1, 0.3 ],
							"rotationZ": -64.0,
							"faces": {
								"north": { "texture": "#plume", "uv": [ 0.0, 0.5, 0.5, 1.0 ] },
								"east": { "texture": "#plume", "uv": [ 0.5, 0.5, 1.0, 1.0 ] },
								"south": { "texture": "#plume", "uv": [ 1.0, 0.5, 1.5, 1.0 ] },
								"west": { "texture": "#plume", "uv": [ 1.5, 0.5, 2.0, 1.0 ] },
								"up": { "texture": "#plume", "uv": [ 0.0, 0.0, 0.5, 0.5 ] },
								"down": { "texture": "#plume", "uv": [ 0.5, 0.0, 1.0, 0.5 ] }
							},
							"children": [
								{
									"name": "Plume2b5",
									"from": [ -2.43, 0.92, -0.49 ],
									"to": [ 0.07, 3.12, 0.51 ],
									"autoUnwrap": false,
									"uv": [ 8.0, 1.0 ],
									"rotationOrigin": [ -2.4337, 0.9193, -0.4 ],
									"rotationX": -8.9663,
									"rotationY": 0.7812,
									"rotationZ": 15.0613,
									"faces": {
										"north": { "texture": "#plume", "uv": [ 8.0, 1.0, 10.5, 3.0 ] },
										"east": { "texture": "#plume", "uv": [ 10.5, 1.0, 11.5, 3.0 ] },
										"south": { "texture": "#plume", "uv": [ 11.5, 1.0, 14.0, 3.0 ] },
										"west": { "texture": "#plume", "uv": [ 14.0, 1.0, 15.0, 3.0 ] },
										"up": { "texture": "#plume", "uv": [ 8.5, 0.0, 11.0, 1.0 ] },
										"down": { "texture": "#plume", "uv": [ 11.0, 0.0, 13.5, 1.0 ] }
									}
								},
								{
									"name": "Plume2a5",
									"from": [ -2.4123, 1.1181, -0.39 ],
									"to": [ 0.0877, 3.3181, 0.61 ],
									"autoUnwrap": false,
									"uv": [ 8.0, 1.0 ],
									"rotationOrigin": [ -2.4123, 1.1181, -0.4 ],
									"rotationX": 8.9663,
									"rotationY": -0.7812,
									"rotationZ": 15.0613,
									"faces": {
										"north": { "texture": "#plume", "uv": [ 8.0, 1.0, 10.5, 3.0 ] },
										"east": { "texture": "#plume", "uv": [ 10.5, 1.0, 11.5, 3.0 ] },
										"south": { "texture": "#plume", "uv": [ 12.5, 1.0, 15.0, 3.0 ] },
										"west": { "texture": "#plume", "uv": [ 14.0, 1.0, 15.0, 3.0 ] },
										"up": { "texture": "#plume", "uv": [ 8.5, 0.0, 11.0, 1.0 ] },
										"down": { "texture": "#plume", "uv": [ 11.0, 0.0, 13.5, 1.0 ] }
									}
								}
							]
						},
						{
							"name": "Plume7",
							"from": [ 6.9, -4.4, 0.2 ],
							"to": [ 6.9, -4.4, 0.2 ],
							"uv": [ 0.0, 0.0 ],
							"rotationOrigin": [ 6.5, -2.9, 0.3 ],
							"rotationZ": -77.0,
							"faces": {
								"north": { "texture": "#plume", "uv": [ 0.0, 0.5, 0.5, 1.0 ] },
								"east": { "texture": "#plume", "uv": [ 0.5, 0.5, 1.0, 1.0 ] },
								"south": { "texture": "#plume", "uv": [ 1.0, 0.5, 1.5, 1.0 ] },
								"west": { "texture": "#plume", "uv": [ 1.5, 0.5, 2.0, 1.0 ] },
								"up": { "texture": "#plume", "uv": [ 0.0, 0.0, 0.5, 0.5 ] },
								"down": { "texture": "#plume", "uv": [ 0.5, 0.0, 1.0, 0.5 ] }
							},
							"children": [
								{
									"name": "Plume2b6",
									"from": [ -2.43, 0.92, -0.49 ],
									"to": [ -0.43, 3.02, 0.51 ],
									"autoUnwrap": false,
									"uv": [ 8.0, 1.0 ],
									"rotationOrigin": [ -2.4337, 0.9193, -0.4 ],
									"rotationX": -8.9663,
									"rotationY": 0.7812,
									"rotationZ": 15.0613,
									"faces": {
										"north": { "texture": "#plume", "uv": [ 8.0, 1.0, 10.0, 3.0 ] },
										"east": { "texture": "#plume", "uv": [ 10.5, 1.0, 11.5, 3.0 ] },
										"south": { "texture": "#plume", "uv": [ 11.5, 1.0, 13.5, 3.0 ] },
										"west": { "texture": "#plume", "uv": [ 14.0, 1.0, 15.0, 3.0 ] },
										"up": { "texture": "#plume", "uv": [ 8.5, 0.0, 10.5, 1.0 ] },
										"down": { "texture": "#plume", "uv": [ 11.0, 0.0, 13.0, 1.0 ] }
									}
								},
								{
									"name": "Plume2a6",
									"from": [ -2.41, 1.1181, -0.39 ],
									"to": [ -0.41, 3.2181, 0.61 ],
									"autoUnwrap": false,
									"uv": [ 8.0, 1.0 ],
									"rotationOrigin": [ -2.4123, 1.1181, -0.4 ],
									"rotationX": 8.9663,
									"rotationY": -0.7812,
									"rotationZ": 15.0613,
									"faces": {
										"north": { "texture": "#plume", "uv": [ 8.0, 1.0, 10.0, 3.0 ] },
										"east": { "texture": "#plume", "uv": [ 10.5, 1.0, 11.5, 3.0 ] },
										"south": { "texture": "#plume", "uv": [ 12.5, 1.0, 14.5, 3.0 ] },
										"west": { "texture": "#plume", "uv": [ 14.0, 1.0, 15.0, 3.0 ] },
										"up": { "texture": "#plume", "uv": [ 8.5, 0.0, 10.5, 1.0 ] },
										"down": { "texture": "#plume", "uv": [ 11.0, 0.0, 13.0, 1.0 ] }
									}
								}
							]
						},
						{
							"name": "Plume8",
							"from": [ 7.2, -5.7, 0.2 ],
							"to": [ 7.2, -5.7, 0.2 ],
							"uv": [ 0.0, 0.0 ],
							"rotationOrigin": [ 6.8, -4.2, 0.3 ],
							"rotationZ": -94.0,
							"faces": {
								"north": { "texture": "#plume", "uv": [ 0.0, 0.5, 0.5, 1.0 ] },
								"east": { "texture": "#plume", "uv": [ 0.5, 0.5, 1.0, 1.0 ] },
								"south": { "texture": "#plume", "uv": [ 1.0, 0.5, 1.5, 1.0 ] },
								"west": { "texture": "#plume", "uv": [ 1.5, 0.5, 2.0, 1.0 ] },
								"up": { "texture": "#plume", "uv": [ 0.0, 0.0, 0.5, 0.5 ] },
								"down": { "texture": "#plume", "uv": [ 0.5, 0.0, 1.0, 0.5 ] }
							},
							"children": [
								{
									"name": "Plume2b7",
									"from": [ -2.43, 0.92, -0.49 ],
									"to": [ -0.73, 2.52, 0.51 ],
									"autoUnwrap": false,
									"uv": [ 8.0, 1.0 ],
									"rotationOrigin": [ -2.4337, 0.9193, -0.4 ],
									"rotationX": -8.9663,
									"rotationY": 0.7812,
									"rotationZ": 15.0613,
									"faces": {
										"north": { "texture": "#plume", "uv": [ 8.0, 1.0, 9.5, 2.5 ] },
										"east": { "texture": "#plume", "uv": [ 10.5, 1.0, 11.5, 2.5 ] },
										"south": { "texture": "#plume", "uv": [ 11.5, 1.0, 13.0, 2.5 ] },
										"west": { "texture": "#plume", "uv": [ 14.0, 1.0, 15.0, 2.5 ] },
										"up": { "texture": "#plume", "uv": [ 8.5, 0.0, 10.0, 1.0 ] },
										"down": { "texture": "#plume", "uv": [ 11.0, 0.0, 12.5, 1.0 ] }
									}
								},
								{
									"name": "Plume2a7",
									"from": [ -2.41, 1.1181, -0.39 ],
									"to": [ -0.71, 2.7181, 0.61 ],
									"autoUnwrap": false,
									"uv": [ 8.0, 1.0 ],
									"rotationOrigin": [ -2.4123, 1.1181, -0.4 ],
									"rotationX": 8.9663,
									"rotationY": -0.7812,
									"rotationZ": 15.0613,
									"faces": {
										"north": { "texture": "#plume", "uv": [ 8.0, 1.0, 9.5, 2.5 ] },
										"east": { "texture": "#plume", "uv": [ 10.5, 1.0, 11.5, 2.5 ] },
										"south": { "texture": "#plume", "uv": [ 12.5, 1.0, 14.0, 2.5 ] },
										"west": { "texture": "#plume", "uv": [ 14.0, 1.0, 15.0, 2.5 ] },
										"up": { "texture": "#plume", "uv": [ 8.5, 0.0, 10.0, 1.0 ] },
										"down": { "texture": "#plume", "uv": [ 11.0, 0.0, 12.5, 1.0 ] }
									}
								}
							]
						},
						{
							"name": "Plume9",
							"from": [ 6.6, -3.9, 0.2 ],
							"to": [ 6.6, -3.9, 0.2 ],
							"uv": [ 0.0, 0.0 ],
							"rotationOrigin": [ 6.2, -2.4, 0.3 ],
							"rotationZ": -215.0,
							"faces": {
								"north": { "texture": "#plume", "uv": [ 0.0, 0.5, 0.5, 1.0 ] },
								"east": { "texture": "#plume", "uv": [ 0.5, 0.5, 1.0, 1.0 ] },
								"south": { "texture": "#plume", "uv": [ 1.0, 0.5, 1.5, 1.0 ] },
								"west": { "texture": "#plume", "uv": [ 1.5, 0.5, 2.0, 1.0 ] },
								"up": { "texture": "#plume", "uv": [ 0.0, 0.0, 0.5, 0.5 ] },
								"down": { "texture": "#plume", "uv": [ 0.5, 0.0, 1.0, 0.5 ] }
							},
							"children": [
								{
									"name": "Plume2b8",
									"from": [ -2.43, 0.92, -0.49 ],
									"to": [ -1.23, 2.12, 0.51 ],
									"autoUnwrap": false,
									"uv": [ 8.0, 1.0 ],
									"rotationOrigin": [ -2.4337, 0.9193, -0.4 ],
									"rotationX": -8.9663,
									"rotationY": 0.7812,
									"rotationZ": 15.0613,
									"faces": {
										"north": { "texture": "#plume", "uv": [ 8.0, 7.0, 9.0, 8.0 ] },
										"east": { "texture": "#plume", "uv": [ 10.5, 1.0, 11.5, 2.0 ] },
										"south": { "texture": "#plume", "uv": [ 11.5, 1.0, 12.5, 2.0 ] },
										"west": { "texture": "#plume", "uv": [ 14.0, 7.0, 12.0, 8.0 ], "autoUv": false },
										"up": { "texture": "#plume", "uv": [ 8.5, 0.0, 9.5, 1.0 ] },
										"down": { "texture": "#plume", "uv": [ 11.0, 0.0, 12.0, 1.0 ] }
									}
								},
								{
									"name": "Plume2a8",
									"from": [ -2.41, 1.1181, -0.39 ],
									"to": [ -1.21, 2.3181, 0.61 ],
									"autoUnwrap": false,
									"uv": [ 8.0, 1.0 ],
									"rotationOrigin": [ -2.4123, 1.1181, -0.4 ],
									"rotationX": 8.9663,
									"rotationY": -0.7812,
									"rotationZ": 15.0613,
									"faces": {
										"north": { "texture": "#plume", "uv": [ 8.0, 1.0, 9.0, 2.0 ] },
										"east": { "texture": "#plume", "uv": [ 10.5, 1.0, 11.5, 2.0 ] },
										"south": { "texture": "#plume", "uv": [ 11.5, 1.0, 12.5, 2.0 ] },
										"west": { "texture": "#plume", "uv": [ 13.8, 7.9, 16.1, 7.1 ], "autoUv": false },
										"up": { "texture": "#plume", "uv": [ 8.5, 0.0, 9.5, 1.0 ] },
										"down": { "texture": "#plume", "uv": [ 11.0, 0.0, 12.0, 1.0 ] }
									}
								}
							]
						}
					]
				}
			]
		},
		{
			"name": "ArmorNeck",
			"stepParentName": "Neck",
			"from": [ -0.3, 0.6, -0.3 ],
			"to": [ 3.3, 2.4, 3.3 ],
			"unwrapMode": 4,
			"uv": [ 12.0, 5.5 ],
			"rotationOrigin": [ -0.3, 2.6, -0.3 ],
			"faces": {
				"north": { "texture": "#templarhead", "uv": [ 12.0, 5.5, 15.5, 7.0 ] },
				"east": { "texture": "#templarhead", "uv": [ 22.5, 5.5, 26.0, 7.0 ] },
				"south": { "texture": "#templarhead", "uv": [ 19.0, 5.5, 22.5, 7.0 ] },
				"west": { "texture": "#templarhead", "uv": [ 15.5, 5.5, 19.0, 7.0 ] },
				"up": { "texture": "#null", "uv": [ 15.5, 5.5, 19.0, 9.0 ], "rotation": 90, "enabled": false },
				"down": { "texture": "#null", "uv": [ 15.5, 10.5, 19.0, 14.0 ], "rotation": 90, "enabled": false }
			}
		}
	],
	"animations": [
	]
}