{
	"editor": {
		"backDropShape": "C:/Users/Cal/Desktop/boobold",
		"collapsedPaths": ",Root/ArmorHelmet/WreathCenter3/Cube48,Root/ArmorHelmet/Back1,Root/ArmorHelmet/ArmorHelmetTop/WingBaseR/WingR2/WingR14,Root/ArmorHelmet/ArmorHelmetTop/WingBaseR/WingR2,Root/ArmorHelmet/WreathCenter/Cube7/Cube22,Root/ArmorHelmet/WreathCenter/Cube7,Root/ArmorHelmet/ArmorHelmetTop/WingBaseR/WingR2/WingR3/WingR4/WingR5,Root/ArmorHelmet/ArmorHelmetTop/Back2,Root/ArmorHelmet/ArmorHelmetTop/Back1,Root/ArmorHelmet/WreathCenter/Cube8,Root/ArmorHelmet/WreathCenter3/Cube28,Root/ArmorHelmet/FrontFace1,Root/ArmorHelmet/ArmorHelmetTop/WingBaseR2,Root/ArmorHelmet/WreathCenter,Root/ArmorHelmet/WreathCenter3/Cube31,Root/ArmorHelmet/WreathCenter/Cube8/Cube18,Root/ArmorHelmet/WreathCenter2/Cube32,Root/ArmorHelmet/WreathCenter2/Cube38,Root/ArmorHelmet/WreathCenter2/Cube35,Root/ArmorHelmet/ArmorHelmetTop/WingBaseR/WingR2/WingR3/WingR4,Root/ArmorHelmet/ArmorHelmetTop/WingBaseR/WingR2/WingR9,Root/ArmorHelmet/ArmorHelmetTop/WingBaseR/WingR2/WingR3,Root/ArmorHelmet/WreathCenter2/Cube41",
		"allAngles": true,
		"entityTextureMode": true
	},
	"textureWidth": 64,
	"textureHeight": 64,
	"textureSizes": {
	},
	"textures": {
		"templarhead": "armor/entity/templar_helmets_steel",
		"plume": "block/plume/plumered"
	},
	"elements": [
		{
			"name": "ArmorHelmet",
			"stepParentName": "Head",
			"from": [ -0.4, 2.93, -0.65 ],
			"to": [ 5.8, 8.73, 5.65 ],
			"unwrapMode": 4,
			"uv": [ 27.0, 15.0 ],
			"rotationOrigin": [ -0.4, 2.9, -0.6 ],
			"rotationZ": -15.0,
			"faces": {
				"north": { "texture": "#templarhead", "uv": [ 27.0, 21.0, 33.0, 26.5 ] },
				"east": { "texture": "#templarhead", "uv": [ 45.0, 21.0, 51.0, 26.5 ] },
				"south": { "texture": "#templarhead", "uv": [ 39.0, 21.0, 45.0, 26.5 ] },
				"west": { "texture": "#templarhead", "uv": [ 33.0, 21.0, 39.0, 26.5 ] },
				"up": { "texture": "#templarhead", "uv": [ 33.0, 15.0, 39.0, 21.0 ], "rotation": 90 },
				"down": { "texture": "#templarhead", "uv": [ 33.0, 26.5, 39.0, 32.5 ], "rotation": 90 }
			},
			"children": [
				{
					"name": "ArmorHelmetTop",
					"from": [ 0.5, 5.6, 0.8 ],
					"to": [ 5.6, 7.0, 5.5 ],
					"autoUnwrap": false,
					"uv": [ 41.0, 28.5 ],
					"rotationOrigin": [ 0.5, 5.6, 0.8 ],
					"faces": {
						"north": { "texture": "#templarhead", "uv": [ 45.5, 21.0, 50.5, 22.0 ] },
						"east": { "texture": "#templarhead", "uv": [ 46.5, 21.5, 51.0, 22.5 ] },
						"south": { "texture": "#templarhead", "uv": [ 45.5, 25.5, 50.5, 26.5 ] },
						"west": { "texture": "#templarhead", "uv": [ 33.5, 15.0, 38.0, 16.0 ] },
						"up": { "texture": "#templarhead", "uv": [ 45.2, 21.0, 50.5, 25.5 ], "autoUv": false },
						"down": { "texture": "#null", "uv": [ 5.0, 0.0, 10.0, 4.5 ], "enabled": false }
					},
					"children": [
						{
							"name": "Plume",
							"from": [ 0.0, 0.0, 0.0 ],
							"to": [ 0.0, 0.0, 0.0 ],
							"uv": [ 35.5, 18.5 ],
							"faces": {
								"north": { "texture": "#templarhead", "uv": [ 35.5, 19.0, 36.0, 19.5 ] },
								"east": { "texture": "#templarhead", "uv": [ 36.0, 19.0, 36.5, 19.5 ] },
								"south": { "texture": "#templarhead", "uv": [ 36.5, 19.0, 37.0, 19.5 ] },
								"west": { "texture": "#templarhead", "uv": [ 37.0, 19.0, 37.5, 19.5 ] },
								"up": { "texture": "#templarhead", "uv": [ 35.5, 18.5, 36.0, 19.0 ] },
								"down": { "texture": "#templarhead", "uv": [ 36.0, 18.5, 36.5, 19.0 ] }
							}
						},
						{
							"name": "FrontTopHeadL",
							"from": [ -0.5, -0.1, 2.35 ],
							"to": [ 0.2, 1.8, 4.8 ],
							"autoUnwrap": false,
							"uv": [ 22.5, 28.0 ],
							"rotationOrigin": [ -0.5, -0.1, 4.75 ],
							"rotationY": 12.0,
							"rotationZ": -18.0,
							"faces": {
								"north": { "texture": "#templarhead", "uv": [ 22.5, 30.0, 23.0, 31.5 ] },
								"east": { "texture": "#templarhead", "uv": [ 23.0, 30.0, 25.0, 31.5 ] },
								"south": { "texture": "#templarhead", "uv": [ 25.0, 30.0, 25.5, 31.5 ] },
								"west": { "texture": "#templarhead", "uv": [ 26.0, 30.0, 28.1, 31.8 ], "autoUv": false },
								"up": { "texture": "#templarhead", "uv": [ 22.5, 28.0, 23.0, 30.0 ] },
								"down": { "texture": "#null", "uv": [ 0.5, 0.0, 1.0, 2.0 ], "enabled": false }
							}
						},
						{
							"name": "FrontTopHeadR",
							"from": [ -0.5, -0.1, -0.1 ],
							"to": [ 0.2, 1.8, 2.35 ],
							"autoUnwrap": false,
							"uv": [ 21.5, 28.0 ],
							"rotationOrigin": [ -0.5, -0.1, -0.1 ],
							"rotationY": -12.0,
							"rotationZ": -18.0,
							"faces": {
								"north": { "texture": "#templarhead", "uv": [ 21.5, 30.0, 22.0, 31.5 ] },
								"east": { "texture": "#templarhead", "uv": [ 22.0, 30.0, 24.0, 31.5 ] },
								"south": { "texture": "#templarhead", "uv": [ 24.0, 30.0, 24.5, 31.5 ] },
								"west": { "texture": "#templarhead", "uv": [ 23.0, 30.0, 25.5, 31.8 ], "autoUv": false },
								"up": { "texture": "#templarhead", "uv": [ 21.5, 28.0, 22.0, 30.0 ], "autoUv": false },
								"down": { "texture": "#null", "uv": [ 0.5, 0.0, 1.0, 2.0 ], "enabled": false }
							}
						},
						{
							"name": "Back1",
							"from": [ 4.4, -5.4, -0.1 ],
							"to": [ 5.5, 0.1, 2.9 ],
							"uv": [ 8.0, 21.5 ],
							"rotationOrigin": [ 4.4, -5.4, -0.1 ],
							"rotationY": 20.0,
							"faces": {
								"north": { "texture": "#templarhead", "uv": [ 8.0, 24.5, 9.0, 30.0 ] },
								"east": { "texture": "#templarhead", "uv": [ 9.0, 24.5, 12.0, 30.0 ] },
								"south": { "texture": "#templarhead", "uv": [ 12.0, 24.5, 13.0, 30.0 ] },
								"west": { "texture": "#templarhead", "uv": [ 13.0, 24.5, 16.0, 30.0 ] },
								"up": { "texture": "#templarhead", "uv": [ 8.0, 21.5, 9.0, 24.5 ] },
								"down": { "texture": "#templarhead", "uv": [ 9.0, 21.5, 10.0, 24.5 ] }
							},
							"children": [
								{
									"name": "Back4",
									"from": [ 0.5, 5.2, 0.3 ],
									"to": [ 1.2, 7.0, 2.5 ],
									"autoUnwrap": false,
									"uv": [ 40.0, 36.0 ],
									"rotationOrigin": [ 0.4985, 5.2, 0.3 ],
									"rotationZ": 22.0,
									"faces": {
										"north": { "texture": "#templarhead", "uv": [ 40.0, 38.0, 40.5, 39.5 ] },
										"east": { "texture": "#templarhead", "uv": [ 48.5, 25.0, 50.5, 26.5 ] },
										"south": { "texture": "#templarhead", "uv": [ 42.5, 38.0, 43.0, 39.5 ] },
										"west": { "texture": "#templarhead", "uv": [ 43.0, 38.0, 45.0, 39.5 ] },
										"up": { "texture": "#templarhead", "uv": [ 40.0, 36.0, 40.5, 38.0 ] },
										"down": { "texture": "#templarhead", "uv": [ 40.5, 36.0, 41.0, 38.0 ] }
									}
								}
							]
						},
						{
							"name": "Back2",
							"from": [ 4.4, -5.4, 1.8 ],
							"to": [ 5.5, 0.1, 4.8 ],
							"autoUnwrap": false,
							"uv": [ 4.2, 21.3 ],
							"rotationOrigin": [ 4.4, -5.4, 4.8 ],
							"rotationY": -20.0,
							"faces": {
								"north": { "texture": "#templarhead", "uv": [ 6.0, 24.5, 7.0, 30.0 ] },
								"east": { "texture": "#templarhead", "uv": [ 5.5, 24.5, 8.5, 30.0 ] },
								"south": { "texture": "#templarhead", "uv": [ 8.5, 24.5, 9.5, 30.0 ] },
								"west": { "texture": "#templarhead", "uv": [ 9.5, 24.5, 12.5, 30.0 ] },
								"up": { "texture": "#templarhead", "uv": [ 5.5, 21.5, 6.5, 24.5 ] },
								"down": { "texture": "#templarhead", "uv": [ 5.5, 21.5, 6.5, 24.5 ] }
							},
							"children": [
								{
									"name": "Back3",
									"from": [ 0.5, 5.2, 0.5 ],
									"to": [ 1.2, 6.9, 2.7 ],
									"autoUnwrap": false,
									"uv": [ 50.0, 36.0 ],
									"rotationOrigin": [ 0.4583, 5.2, 3.0 ],
									"rotationZ": 22.0,
									"faces": {
										"north": { "texture": "#templarhead", "uv": [ 50.0, 38.0, 50.5, 39.5 ] },
										"east": { "texture": "#templarhead", "uv": [ 48.0, 25.0, 50.0, 26.5 ] },
										"south": { "texture": "#templarhead", "uv": [ 52.5, 38.0, 53.0, 39.5 ] },
										"west": { "texture": "#templarhead", "uv": [ 53.0, 38.0, 55.0, 39.5 ] },
										"up": { "texture": "#templarhead", "uv": [ 50.0, 36.0, 50.5, 38.0 ] },
										"down": { "texture": "#templarhead", "uv": [ 50.5, 36.0, 51.0, 38.0 ] }
									}
								}
							]
						},
						{
							"name": "Cube2",
							"from": [ 5.8, -0.1, 1.9 ],
							"to": [ 6.5, 1.6, 2.8 ],
							"uv": [ 34.0, 30.0 ],
							"rotationOrigin": [ 5.8, -0.1, 1.9 ],
							"rotationZ": 24.0,
							"faces": {
								"north": { "texture": "#templarhead", "uv": [ 34.0, 30.5, 34.5, 32.0 ] },
								"east": { "texture": "#templarhead", "uv": [ 34.5, 30.5, 35.0, 32.0 ] },
								"south": { "texture": "#templarhead", "uv": [ 35.0, 30.5, 35.5, 32.0 ] },
								"west": { "texture": "#templarhead", "uv": [ 35.5, 30.5, 36.0, 32.0 ] },
								"up": { "texture": "#templarhead", "uv": [ 34.0, 30.0, 34.5, 30.5 ] },
								"down": { "texture": "#templarhead", "uv": [ 34.5, 30.0, 35.0, 30.5 ] }
							}
						}
					]
				},
				{
					"name": "Nose1",
					"from": [ -0.83, 6.0, 2.7 ],
					"to": [ -0.33, 7.6, 3.6 ],
					"autoUnwrap": false,
					"uv": [ 12.5, 20.0 ],
					"rotationOrigin": [ -0.8, 6.0, 2.7 ],
					"rotationZ": -51.0,
					"faces": {
						"north": { "texture": "#templarhead", "uv": [ 12.5, 20.5, 13.0, 22.0 ] },
						"east": { "texture": "#templarhead", "uv": [ 13.0, 20.5, 13.5, 22.0 ] },
						"south": { "texture": "#templarhead", "uv": [ 13.5, 20.5, 14.0, 22.0 ] },
						"west": { "texture": "#templarhead", "uv": [ 14.0, 20.5, 15.5, 22.4 ], "autoUv": false },
						"up": { "texture": "#templarhead", "uv": [ 12.5, 20.0, 13.0, 20.5 ] },
						"down": { "texture": "#templarhead", "uv": [ 13.0, 20.0, 13.5, 20.5 ] }
					},
					"children": [
						{
							"name": "Nose2",
							"from": [ 0.4465, -1.6936, 0.0 ],
							"to": [ 0.9465, 0.1364, 0.9 ],
							"autoUnwrap": false,
							"uv": [ 12.5, 20.0 ],
							"rotationOrigin": [ 0.4462, -1.6921, 0.0 ],
							"rotationZ": 13.9,
							"faces": {
								"north": { "texture": "#templarhead", "uv": [ 12.5, 20.5, 13.0, 22.0 ] },
								"east": { "texture": "#templarhead", "uv": [ 13.0, 20.5, 13.5, 22.0 ] },
								"south": { "texture": "#templarhead", "uv": [ 13.5, 20.5, 14.0, 22.0 ] },
								"west": { "texture": "#templarhead", "uv": [ 14.0, 20.5, 15.4, 23.1 ], "autoUv": false },
								"up": { "texture": "#templarhead", "uv": [ 12.5, 20.0, 13.0, 20.5 ] },
								"down": { "texture": "#templarhead", "uv": [ 13.0, 20.0, 13.5, 20.5 ] }
							},
							"children": [
								{
									"name": "Nose3",
									"from": [ 3.1085, -4.26, 0.0 ],
									"to": [ 3.4085, 1.09, 0.9 ],
									"autoUnwrap": false,
									"uv": [ 11.5, 19.0 ],
									"rotationOrigin": [ 3.113, -4.252, 0.0 ],
									"rotationZ": 36.0,
									"faces": {
										"north": { "texture": "#templarhead", "uv": [ 11.5, 19.5, 12.0, 24.5 ] },
										"east": { "texture": "#templarhead", "uv": [ 12.0, 19.5, 12.5, 24.5 ] },
										"south": { "texture": "#templarhead", "uv": [ 12.5, 19.5, 13.0, 24.5 ] },
										"west": { "texture": "#templarhead", "uv": [ 14.5, 17.0, 16.0, 24.5 ], "autoUv": false },
										"up": { "texture": "#templarhead", "uv": [ 11.5, 19.0, 12.0, 19.5 ] },
										"down": { "texture": "#templarhead", "uv": [ 12.0, 19.0, 12.5, 19.5 ] }
									}
								}
							]
						},
						{
							"name": "FrontFaceL",
							"from": [ 4.9446, -3.47, 0.09 ],
							"to": [ 5.8446, 1.13, 3.44 ],
							"unwrapMode": 2,
							"autoUnwrap": false,
							"uv": [ 32.9, 33.3 ],
							"rotationOrigin": [ 4.9446, -3.4651, 2.7 ],
							"rotationX": -26.7794,
							"rotationY": 20.0447,
							"rotationZ": 55.8179,
							"faces": {
								"north": { "texture": "#templarhead", "uv": [ 29.5, 34.0, 30.0, 38.5 ] },
								"east": { "texture": "#null", "uv": [ 0.5, 3.0, 3.5, 7.5 ], "enabled": false },
								"south": { "texture": "#templarhead", "uv": [ 29.5, 34.0, 30.0, 38.5 ] },
								"west": { "texture": "#templarhead", "uv": [ 25.0, 33.1, 29.5, 39.5 ], "autoUv": false },
								"up": { "texture": "#templarhead", "uv": [ 27.0, 35.5, 30.0, 36.0 ], "rotation": 270 },
								"down": { "texture": "#templarhead", "uv": [ 27.0, 39.0, 30.0, 39.5 ], "rotation": 270 }
							},
							"children": [
								{
									"name": "BottomFaceL",
									"from": [ 0.0294, -0.2, 0.1383 ],
									"to": [ 0.9294, 0.8, 3.3883 ],
									"unwrapMode": 2,
									"uv": [ 22.4, 26.8 ],
									"rotationOrigin": [ 0.0293, -0.2, 2.7483 ],
									"rotationX": -11.7073,
									"rotationY": 0.7774,
									"rotationZ": -1.572,
									"faces": {
										"north": { "texture": "#templarhead", "uv": [ 23.0, 27.5, 23.5, 28.5 ] },
										"east": { "texture": "#null", "uv": [ 23.0, 27.5, 26.0, 28.5 ], "enabled": false },
										"south": { "texture": "#templarhead", "uv": [ 22.5, 27.5, 23.0, 28.5 ] },
										"west": { "texture": "#templarhead", "uv": [ 23.5, 27.5, 26.5, 28.5 ] },
										"up": { "texture": "#templarhead", "uv": [ 23.0, 27.0, 26.0, 27.5 ], "rotation": 270 },
										"down": { "texture": "#templarhead", "uv": [ 23.0, 28.5, 26.0, 29.0 ], "rotation": 270 }
									}
								},
								{
									"name": "TopFaceL",
									"from": [ 0.0044, 4.55, 0.3706 ],
									"to": [ 0.9044, 6.55, 3.2706 ],
									"unwrapMode": 4,
									"autoUnwrap": false,
									"uv": [ 26.0, 31.0 ],
									"rotationOrigin": [ 0.0044, 4.5, 2.9705 ],
									"rotationZ": -35.0,
									"faces": {
										"north": { "texture": "#templarhead", "uv": [ 26.0, 31.5, 26.5, 33.5 ] },
										"east": { "texture": "#null", "uv": [ 0.5, 2.5, 3.0, 4.5 ], "enabled": false },
										"south": { "texture": "#templarhead", "uv": [ 29.0, 31.5, 29.5, 33.5 ] },
										"west": { "texture": "#templarhead", "uv": [ 25.2, 31.5, 30.0, 33.0 ], "autoUv": false },
										"up": { "texture": "#templarhead", "uv": [ 26.5, 31.0, 29.0, 31.5 ], "rotation": 90 },
										"down": { "texture": "#templarhead", "uv": [ 26.5, 33.5, 29.0, 34.0 ], "rotation": 90 }
									}
								}
							]
						},
						{
							"name": "FrontFaceR",
							"from": [ 5.1963, -3.1542, -2.4 ],
							"to": [ 6.0963, 1.4458, 0.95 ],
							"unwrapMode": 2,
							"autoUnwrap": false,
							"uv": [ 16.5, 32.4 ],
							"rotationOrigin": [ 5.1963, -3.1542, -2.4 ],
							"rotationX": 26.7794,
							"rotationY": -20.0447,
							"rotationZ": 55.8179,
							"faces": {
								"north": { "texture": "#templarhead", "uv": [ 21.0, 33.5, 21.5, 38.0 ] },
								"east": { "texture": "#null", "uv": [ 0.5, 3.0, 3.5, 7.5 ], "enabled": false },
								"south": { "texture": "#templarhead", "uv": [ 21.0, 33.5, 21.5, 38.0 ] },
								"west": { "texture": "#templarhead", "uv": [ 21.5, 33.1, 25.9, 39.5 ], "autoUv": false },
								"up": { "texture": "#templarhead", "uv": [ 21.0, 35.5, 24.0, 36.0 ], "rotation": 270 },
								"down": { "texture": "#templarhead", "uv": [ 22.0, 39.0, 25.0, 39.5 ], "rotation": 270 }
							},
							"children": [
								{
									"name": "BottomFaceR",
									"from": [ 0.0, 0.0, 0.0 ],
									"to": [ 0.9, 1.0, 3.25 ],
									"unwrapMode": 2,
									"uv": [ 22.5, 26.9 ],
									"rotationOrigin": [ 0.0, 0.0, 0.0 ],
									"rotationX": 11.7073,
									"rotationY": 0.22,
									"rotationZ": -1.572,
									"faces": {
										"north": { "texture": "#templarhead", "uv": [ 23.0, 27.5, 23.5, 28.5 ] },
										"east": { "texture": "#null", "uv": [ 23.0, 27.5, 26.0, 28.5 ], "enabled": false },
										"south": { "texture": "#templarhead", "uv": [ 22.5, 27.5, 23.0, 28.5 ] },
										"west": { "texture": "#templarhead", "uv": [ 23.5, 27.5, 26.5, 28.5 ] },
										"up": { "texture": "#templarhead", "uv": [ 23.0, 27.0, 26.0, 27.5 ], "rotation": 270 },
										"down": { "texture": "#templarhead", "uv": [ 23.0, 28.5, 26.0, 29.0 ], "rotation": 270 }
									}
								},
								{
									"name": "TopFaceR",
									"from": [ -0.0237, 4.55, 0.0488 ],
									"to": [ 0.8763, 6.55, 2.9488 ],
									"unwrapMode": 4,
									"autoUnwrap": false,
									"uv": [ 21.5, 31.0 ],
									"rotationOrigin": [ -0.0337, 4.5, 0.4989 ],
									"rotationZ": -35.0,
									"faces": {
										"north": { "texture": "#templarhead", "uv": [ 21.5, 31.5, 22.0, 33.5 ] },
										"east": { "texture": "#null", "uv": [ 0.5, 2.5, 3.0, 4.5 ], "enabled": false },
										"south": { "texture": "#templarhead", "uv": [ 24.5, 31.5, 25.0, 33.5 ] },
										"west": { "texture": "#templarhead", "uv": [ 21.1, 31.5, 25.4, 33.0 ], "autoUv": false },
										"up": { "texture": "#templarhead", "uv": [ 22.0, 31.0, 24.5, 31.5 ], "rotation": 90 },
										"down": { "texture": "#templarhead", "uv": [ 22.0, 33.5, 24.5, 34.0 ], "rotation": 90 }
									}
								}
							]
						},
						{
							"name": "Nose4",
							"from": [ -0.05, 0.71, -0.2 ],
							"to": [ 0.45, 1.31, 1.1 ],
							"uv": [ 12.0, 21.5 ],
							"rotationOrigin": [ -0.0538, 0.7079, -0.2 ],
							"rotationZ": 13.9,
							"faces": {
								"north": { "texture": "#templarhead", "uv": [ 12.0, 22.5, 12.5, 23.0 ] },
								"east": { "texture": "#templarhead", "uv": [ 12.5, 22.5, 13.5, 23.0 ] },
								"south": { "texture": "#templarhead", "uv": [ 13.5, 22.5, 14.0, 23.0 ] },
								"west": { "texture": "#templarhead", "uv": [ 14.0, 22.5, 15.0, 23.0 ] },
								"up": { "texture": "#templarhead", "uv": [ 12.0, 21.5, 12.5, 22.5 ] },
								"down": { "texture": "#templarhead", "uv": [ 12.5, 21.5, 13.0, 22.5 ] }
							}
						}
					]
				},
				{
					"name": "ArmorHelmetTop2",
					"from": [ 0.8, 5.5, 0.1 ],
					"to": [ 5.6, 7.2, 0.6 ],
					"autoUnwrap": false,
					"uv": [ 41.0, 28.5 ],
					"rotationOrigin": [ 0.8, 5.5, 0.6 ],
					"rotationX": 24.0,
					"faces": {
						"north": { "texture": "#templarhead", "uv": [ 39.5, 26.5, 44.0, 28.0 ], "autoUv": false },
						"east": { "texture": "#templarhead", "uv": [ 46.5, 21.5, 47.0, 23.0 ] },
						"south": { "texture": "#templarhead", "uv": [ 45.5, 25.0, 50.0, 26.5 ] },
						"west": { "texture": "#templarhead", "uv": [ 33.5, 15.0, 34.0, 16.5 ] },
						"up": { "texture": "#templarhead", "uv": [ 45.5, 21.0, 50.0, 21.5 ] },
						"down": { "texture": "#null", "uv": [ 4.5, 0.0, 9.0, 0.5 ], "enabled": false }
					}
				},
				{
					"name": "ArmorHelmetTop3",
					"from": [ 0.8, 5.5, 5.7 ],
					"to": [ 5.6, 7.2, 6.2 ],
					"autoUnwrap": false,
					"uv": [ 41.0, 28.5 ],
					"rotationOrigin": [ 0.8, 5.5, 5.7 ],
					"rotationX": -24.0,
					"faces": {
						"north": { "texture": "#templarhead", "uv": [ 45.5, 21.0, 50.0, 22.5 ] },
						"east": { "texture": "#templarhead", "uv": [ 46.5, 21.5, 47.0, 23.0 ] },
						"south": { "texture": "#templarhead", "uv": [ 45.5, 25.0, 50.0, 26.5 ] },
						"west": { "texture": "#templarhead", "uv": [ 33.5, 15.0, 34.0, 16.5 ] },
						"up": { "texture": "#templarhead", "uv": [ 45.5, 21.0, 50.0, 21.5 ] },
						"down": { "texture": "#null", "uv": [ 4.5, 0.0, 9.0, 0.5 ], "enabled": false }
					}
				},
				{
					"name": "Nose6",
					"from": [ -2.04, -0.3639, 2.4 ],
					"to": [ -1.04, 0.2361, 3.9 ],
					"uv": [ 12.4, 21.0 ],
					"rotationOrigin": [ -2.0371, -0.3639, 2.4 ],
					"rotationZ": -0.6,
					"faces": {
						"north": { "texture": "#templarhead", "uv": [ 12.5, 22.5, 13.5, 23.0 ] },
						"east": { "texture": "#templarhead", "uv": [ 13.5, 22.5, 15.0, 23.0 ] },
						"south": { "texture": "#templarhead", "uv": [ 15.0, 22.5, 16.0, 23.0 ] },
						"west": { "texture": "#templarhead", "uv": [ 16.0, 22.5, 17.5, 23.0 ] },
						"up": { "texture": "#templarhead", "uv": [ 12.5, 21.0, 13.5, 22.5 ] },
						"down": { "texture": "#templarhead", "uv": [ 13.5, 21.0, 14.5, 22.5 ] }
					}
				},
				{
					"name": "FrontFace5",
					"from": [ -0.5038, 3.3, 2.99 ],
					"to": [ 0.3962, 4.2, 6.24 ],
					"unwrapMode": 2,
					"autoUnwrap": false,
					"uv": [ 32.9, 33.3 ],
					"rotationOrigin": [ -0.4, -0.6, 5.4 ],
					"rotationY": 33.0,
					"faces": {
						"north": { "texture": "#templarhead", "uv": [ 29.5, 34.0, 30.0, 34.5 ] },
						"east": { "texture": "#null", "uv": [ 0.5, 3.0, 3.5, 3.5 ], "enabled": false },
						"south": { "texture": "#templarhead", "uv": [ 29.5, 34.0, 30.0, 34.5 ] },
						"west": { "texture": "#templarhead", "uv": [ 25.3, 33.7, 30.5, 34.8 ], "autoUv": false },
						"up": { "texture": "#templarhead", "uv": [ 27.0, 33.5, 29.0, 34.0 ], "rotation": 270, "autoUv": false },
						"down": { "texture": "#templarhead", "uv": [ 27.0, 39.0, 30.0, 39.5 ], "rotation": 270 }
					}
				},
				{
					"name": "FrontFace6",
					"from": [ -0.1015, 3.3, 0.3 ],
					"to": [ 0.7985, 4.2, 3.45 ],
					"unwrapMode": 2,
					"autoUnwrap": false,
					"uv": [ 16.5, 32.4 ],
					"rotationOrigin": [ 0.0, -0.6, 0.3 ],
					"rotationY": -33.0,
					"faces": {
						"north": { "texture": "#templarhead", "uv": [ 21.0, 33.5, 21.5, 34.0 ] },
						"east": { "texture": "#null", "uv": [ 0.5, 3.0, 3.5, 3.5 ], "enabled": false },
						"south": { "texture": "#templarhead", "uv": [ 21.0, 33.5, 21.5, 34.0 ] },
						"west": { "texture": "#templarhead", "uv": [ 20.5, 33.7, 25.7, 34.8 ], "autoUv": false },
						"up": { "texture": "#templarhead", "uv": [ 21.8, 33.6, 25.1, 34.4 ], "rotation": 270, "autoUv": false },
						"down": { "texture": "#templarhead", "uv": [ 22.0, 39.0, 25.0, 39.5 ], "rotation": 270 }
					}
				},
				{
					"name": "FrontFace7",
					"from": [ -0.7, 3.0, 5.49 ],
					"to": [ 0.2, 4.3, 6.09 ],
					"unwrapMode": 2,
					"uv": [ 46.6, 33.3 ],
					"rotationOrigin": [ -0.4, -0.8, 5.4 ],
					"rotationY": 33.0,
					"faces": {
						"north": { "texture": "#templarhead", "uv": [ 47.5, 34.0, 48.0, 35.0 ] },
						"east": { "texture": "#null", "uv": [ 47.5, 34.0, 48.0, 35.0 ], "enabled": false },
						"south": { "texture": "#templarhead", "uv": [ 46.5, 34.0, 47.0, 35.0 ] },
						"west": { "texture": "#templarhead", "uv": [ 48.0, 34.0, 48.5, 35.0 ] },
						"up": { "texture": "#templarhead", "uv": [ 47.5, 33.5, 48.0, 34.0 ], "rotation": 270 },
						"down": { "texture": "#templarhead", "uv": [ 47.5, 35.0, 48.0, 35.5 ], "rotation": 270 }
					}
				},
				{
					"name": "FrontFace8",
					"from": [ -0.2, 3.0, 0.4 ],
					"to": [ 0.7, 4.3, 1.0 ],
					"unwrapMode": 2,
					"uv": [ 46.7, 33.4 ],
					"rotationOrigin": [ 0.0, -0.8, 0.3 ],
					"rotationY": -33.0,
					"faces": {
						"north": { "texture": "#templarhead", "uv": [ 47.5, 34.0, 48.0, 35.0 ] },
						"east": { "texture": "#null", "uv": [ 47.5, 34.0, 48.0, 35.0 ], "enabled": false },
						"south": { "texture": "#templarhead", "uv": [ 46.5, 34.0, 47.0, 35.0 ] },
						"west": { "texture": "#templarhead", "uv": [ 48.0, 34.0, 48.5, 35.0 ] },
						"up": { "texture": "#templarhead", "uv": [ 47.5, 33.5, 48.0, 34.0 ], "rotation": 270 },
						"down": { "texture": "#templarhead", "uv": [ 47.5, 35.0, 48.0, 35.5 ], "rotation": 270 }
					}
				},
				{
					"name": "WreathCenter",
					"from": [ 2.95, 5.47, 3.2 ],
					"to": [ 2.95, 5.47, 3.2 ],
					"uv": [ 12.5, 20.9 ],
					"rotationOrigin": [ 2.95, 5.47, 3.2 ],
					"faces": {
						"north": { "texture": "#plume", "uv": [ 12.5, 21.5, 13.0, 22.0 ] },
						"east": { "texture": "#plume", "uv": [ 13.0, 21.5, 13.5, 22.0 ] },
						"south": { "texture": "#plume", "uv": [ 13.5, 21.5, 14.0, 22.0 ] },
						"west": { "texture": "#plume", "uv": [ 14.0, 21.5, 14.5, 22.0 ] },
						"up": { "texture": "#plume", "uv": [ 12.5, 21.0, 13.0, 21.5 ] },
						"down": { "texture": "#plume", "uv": [ 13.0, 21.0, 13.5, 21.5 ] }
					},
					"children": [
						{
							"name": "Cube2",
							"from": [ -4.2, 0.0, -1.0 ],
							"to": [ -3.1, 1.1, 1.0 ],
							"uv": [ 0.0, 21.0 ],
							"rotationOrigin": [ -4.0, 0.7, -1.0 ],
							"faces": {
								"north": { "texture": "#plume", "uv": [ 0.0, 23.0, 1.0, 24.0 ] },
								"east": { "texture": "#plume", "uv": [ 1.0, 23.0, 3.0, 24.0 ] },
								"south": { "texture": "#plume", "uv": [ 3.0, 23.0, 4.0, 24.0 ] },
								"west": { "texture": "#plume", "uv": [ 4.0, 23.0, 6.0, 24.0 ] },
								"up": { "texture": "#plume", "uv": [ 0.0, 21.0, 1.0, 23.0 ] },
								"down": { "texture": "#plume", "uv": [ 1.0, 21.0, 2.0, 23.0 ] }
							}
						},
						{
							"name": "Plain1",
							"from": [ -4.2, 0.1, 0.6 ],
							"to": [ -3.3, 1.0, 2.2 ],
							"uv": [ 0.0, 48.0 ],
							"rotationOrigin": [ -3.1, 0.7, 0.6 ],
							"rotationX": 2.0,
							"rotationY": 15.0,
							"faces": {
								"north": { "texture": "#plume", "uv": [ 0.0, 49.5, 0.5, 50.0 ] },
								"east": { "texture": "#plume", "uv": [ 0.5, 49.5, 2.0, 50.0 ] },
								"south": { "texture": "#plume", "uv": [ 2.0, 49.5, 2.5, 50.0 ] },
								"west": { "texture": "#plume", "uv": [ 2.5, 49.5, 4.0, 50.0 ] },
								"up": { "texture": "#plume", "uv": [ 0.0, 48.0, 0.5, 49.5 ] },
								"down": { "texture": "#plume", "uv": [ 0.5, 48.0, 1.0, 49.5 ] }
							}
						},
						{
							"name": "Plain2",
							"from": [ -4.2, 0.1, -2.2 ],
							"to": [ -3.3, 1.0, -0.6 ],
							"uv": [ 1.0, 48.5 ],
							"rotationOrigin": [ -3.1, 0.7, -0.6 ],
							"rotationY": -15.0,
							"faces": {
								"north": { "texture": "#plume", "uv": [ 1.0, 50.0, 1.5, 50.5 ] },
								"east": { "texture": "#plume", "uv": [ 1.5, 50.0, 3.0, 50.5 ] },
								"south": { "texture": "#plume", "uv": [ 3.0, 50.0, 3.5, 50.5 ] },
								"west": { "texture": "#plume", "uv": [ 3.5, 50.0, 5.0, 50.5 ] },
								"up": { "texture": "#plume", "uv": [ 1.0, 48.5, 1.5, 50.0 ] },
								"down": { "texture": "#plume", "uv": [ 1.5, 48.5, 2.0, 50.0 ] }
							}
						},
						{
							"name": "Cube5",
							"from": [ -4.1, 0.0, 2.4 ],
							"to": [ -3.0, 1.1, 4.2 ],
							"uv": [ 0.0, 22.0 ],
							"rotationOrigin": [ -3.8, 0.7, 2.2 ],
							"rotationY": 45.0,
							"faces": {
								"north": { "texture": "#plume", "uv": [ 0.0, 23.5, 1.0, 24.5 ] },
								"east": { "texture": "#plume", "uv": [ 1.0, 23.5, 2.5, 24.5 ] },
								"south": { "texture": "#plume", "uv": [ 2.5, 23.5, 3.5, 24.5 ] },
								"west": { "texture": "#plume", "uv": [ 3.5, 23.5, 5.0, 24.5 ] },
								"up": { "texture": "#plume", "uv": [ 0.0, 22.0, 1.0, 23.5 ] },
								"down": { "texture": "#plume", "uv": [ 1.0, 22.0, 2.0, 23.5 ] }
							}
						},
						{
							"name": "Cube6",
							"from": [ -1.2, 0.0, 4.0014 ],
							"to": [ -0.1, 1.1, 6.0014 ],
							"uv": [ 0.0, 21.0 ],
							"rotationOrigin": [ -1.0, 0.7, 4.0 ],
							"rotationY": 89.9802,
							"faces": {
								"north": { "texture": "#plume", "uv": [ 0.0, 23.0, 1.0, 24.0 ] },
								"east": { "texture": "#plume", "uv": [ 1.0, 23.0, 3.0, 24.0 ] },
								"south": { "texture": "#plume", "uv": [ 3.0, 23.0, 4.0, 24.0 ] },
								"west": { "texture": "#plume", "uv": [ 4.0, 23.0, 6.0, 24.0 ] },
								"up": { "texture": "#plume", "uv": [ 0.0, 21.0, 1.0, 23.0 ] },
								"down": { "texture": "#plume", "uv": [ 1.0, 21.0, 2.0, 23.0 ] }
							},
							"children": [
								{
									"name": "Cube20",
									"from": [ -0.5, -5.0, 0.2 ],
									"to": [ -0.2, 0.1, 2.2 ],
									"uv": [ 0.0, 31.0 ],
									"rotationOrigin": [ -0.4997, -4.3, 0.1986 ],
									"rotationY": 3.0,
									"rotationZ": -7.0,
									"faces": {
										"north": { "texture": "#plume", "uv": [ 0.0, 33.0, 0.5, 38.0 ] },
										"east": { "texture": "#plume", "uv": [ 0.5, 33.0, 2.5, 38.0 ] },
										"south": { "texture": "#plume", "uv": [ 2.5, 33.0, 3.0, 38.0 ] },
										"west": { "texture": "#plume", "uv": [ 3.0, 33.0, 5.0, 38.0 ] },
										"up": { "texture": "#plume", "uv": [ 0.0, 31.0, 0.5, 33.0 ] },
										"down": { "texture": "#plume", "uv": [ 0.5, 31.0, 1.0, 33.0 ] }
									},
									"children": [
										{
											"name": "Cube21",
											"from": [ -0.4, -1.7, 0.0 ],
											"to": [ -0.1, 0.7, 2.0 ],
											"uv": [ 0.0, 33.0 ],
											"rotationOrigin": [ -0.3997, -1.0, -0.0014 ],
											"rotationX": 1.0,
											"rotationY": 5.0,
											"rotationZ": -11.0,
											"faces": {
												"north": { "texture": "#plume", "uv": [ 0.0, 35.0, 0.5, 37.0 ] },
												"east": { "texture": "#plume", "uv": [ 0.5, 35.0, 2.5, 37.0 ] },
												"south": { "texture": "#plume", "uv": [ 2.5, 35.0, 3.0, 37.0 ] },
												"west": { "texture": "#plume", "uv": [ 3.0, 35.0, 5.0, 37.0 ] },
												"up": { "texture": "#plume", "uv": [ 0.0, 33.0, 0.5, 35.0 ] },
												"down": { "texture": "#plume", "uv": [ 0.5, 33.0, 1.0, 35.0 ] }
											}
										}
									]
								}
							]
						},
						{
							"name": "Plain5",
							"from": [ -0.5, 0.1, 3.1 ],
							"to": [ 0.4, 1.0, 4.7 ],
							"uv": [ 0.0, 48.5 ],
							"rotationOrigin": [ 0.6, 0.7, 3.1 ],
							"rotationX": 172.5792,
							"rotationY": 74.8703,
							"rotationZ": -172.3158,
							"faces": {
								"north": { "texture": "#plume", "uv": [ 0.0, 50.0, 0.5, 50.5 ] },
								"east": { "texture": "#plume", "uv": [ 0.5, 50.0, 2.0, 50.5 ] },
								"south": { "texture": "#plume", "uv": [ 2.0, 50.0, 2.5, 50.5 ] },
								"west": { "texture": "#plume", "uv": [ 2.5, 50.0, 4.0, 50.5 ] },
								"up": { "texture": "#plume", "uv": [ 0.0, 48.5, 0.5, 50.0 ] },
								"down": { "texture": "#plume", "uv": [ 0.5, 48.5, 1.0, 50.0 ] }
							},
							"children": [
								{
									"name": "Cube22",
									"from": [ -0.6, -4.5, 0.18 ],
									"to": [ -0.3, 0.0, 1.78 ],
									"uv": [ 4.0, 33.0 ],
									"rotationOrigin": [ 0.2979, -3.8976, 0.176 ],
									"rotationY": 4.0,
									"rotationZ": -9.0,
									"faces": {
										"north": { "texture": "#plume", "uv": [ 4.0, 34.5, 4.5, 39.0 ] },
										"east": { "texture": "#plume", "uv": [ 4.5, 34.5, 6.0, 39.0 ] },
										"south": { "texture": "#plume", "uv": [ 6.0, 34.5, 6.5, 39.0 ] },
										"west": { "texture": "#plume", "uv": [ 6.5, 34.5, 8.0, 39.0 ] },
										"up": { "texture": "#plume", "uv": [ 4.0, 33.0, 4.5, 34.5 ] },
										"down": { "texture": "#plume", "uv": [ 4.5, 33.0, 5.0, 34.5 ] }
									},
									"children": [
										{
											"name": "Cube23",
											"from": [ -0.2, -2.3, 0.0 ],
											"to": [ 0.1, 0.0, 1.6 ],
											"uv": [ 4.2, 31.5 ],
											"rotationOrigin": [ 0.6979, -1.6976, -0.004 ],
											"rotationY": -3.0,
											"rotationZ": -8.0,
											"faces": {
												"north": { "texture": "#plume", "uv": [ 4.0, 33.0, 4.5, 35.0 ] },
												"east": { "texture": "#plume", "uv": [ 5.0, 33.0, 6.5, 35.0 ] },
												"south": { "texture": "#plume", "uv": [ 6.5, 33.0, 7.0, 35.0 ] },
												"west": { "texture": "#plume", "uv": [ 7.0, 33.0, 8.5, 35.0 ] },
												"up": { "texture": "#plume", "uv": [ 4.0, 31.5, 4.5, 33.0 ] },
												"down": { "texture": "#plume", "uv": [ 5.0, 31.5, 5.5, 33.0 ] }
											}
										}
									]
								}
							]
						},
						{
							"name": "Plain4",
							"from": [ -1.7, 0.1, 1.5 ],
							"to": [ -0.8, 1.0, 3.1 ],
							"uv": [ 0.0, 48.5 ],
							"rotationOrigin": [ -0.6, 0.7, 3.1 ],
							"rotationY": 75.0,
							"faces": {
								"north": { "texture": "#plume", "uv": [ 0.0, 50.0, 0.5, 50.5 ] },
								"east": { "texture": "#plume", "uv": [ 0.5, 50.0, 2.0, 50.5 ] },
								"south": { "texture": "#plume", "uv": [ 2.0, 50.0, 2.5, 50.5 ] },
								"west": { "texture": "#plume", "uv": [ 2.5, 50.0, 4.0, 50.5 ] },
								"up": { "texture": "#plume", "uv": [ 0.0, 48.5, 0.5, 50.0 ] },
								"down": { "texture": "#plume", "uv": [ 0.5, 48.5, 1.0, 50.0 ] }
							},
							"children": [
								{
									"name": "Cube18",
									"from": [ -0.4, -4.3, 0.0 ],
									"to": [ -0.1, 0.2, 1.8 ],
									"uv": [ 5.0, 31.0 ],
									"rotationOrigin": [ 0.5, -3.7, 1.6 ],
									"rotationZ": -8.0,
									"faces": {
										"north": { "texture": "#plume", "uv": [ 5.0, 32.5, 5.5, 37.0 ] },
										"east": { "texture": "#plume", "uv": [ 5.5, 32.5, 7.0, 37.0 ] },
										"south": { "texture": "#plume", "uv": [ 7.0, 32.5, 7.5, 37.0 ] },
										"west": { "texture": "#plume", "uv": [ 7.5, 32.5, 9.0, 37.0 ] },
										"up": { "texture": "#plume", "uv": [ 5.0, 31.0, 5.5, 32.5 ] },
										"down": { "texture": "#plume", "uv": [ 5.5, 31.0, 6.0, 32.5 ] }
									},
									"children": [
										{
											"name": "Cube19",
											"from": [ -0.0321, -2.4081, 0.0 ],
											"to": [ 0.2679, -0.0081, 1.8 ],
											"uv": [ 0.5, 31.0 ],
											"rotationOrigin": [ 0.8679, -1.8081, 1.6 ],
											"rotationX": -0.4201,
											"rotationY": 5.9853,
											"rotationZ": -1.978,
											"faces": {
												"north": { "texture": "#plume", "uv": [ 0.5, 32.5, 1.0, 34.5 ] },
												"east": { "texture": "#plume", "uv": [ 1.0, 32.5, 2.5, 34.5 ] },
												"south": { "texture": "#plume", "uv": [ 2.5, 32.5, 3.0, 34.5 ] },
												"west": { "texture": "#plume", "uv": [ 3.0, 32.5, 4.5, 34.5 ] },
												"up": { "texture": "#plume", "uv": [ 0.5, 31.0, 1.0, 32.5 ] },
												"down": { "texture": "#plume", "uv": [ 1.0, 31.0, 1.5, 32.5 ] }
											}
										}
									]
								}
							]
						},
						{
							"name": "Cube9",
							"from": [ 1.9, 0.0, 4.0 ],
							"to": [ 3.0, 1.1, 5.8 ],
							"uv": [ 0.0, 22.5 ],
							"rotationOrigin": [ 2.2, 0.7, 3.8 ],
							"rotationX": -180.0,
							"rotationY": 45.0,
							"rotationZ": -180.0,
							"faces": {
								"north": { "texture": "#plume", "uv": [ 0.0, 24.0, 1.0, 25.0 ] },
								"east": { "texture": "#plume", "uv": [ 1.0, 24.0, 2.5, 25.0 ] },
								"south": { "texture": "#plume", "uv": [ 2.5, 24.0, 3.5, 25.0 ] },
								"west": { "texture": "#plume", "uv": [ 3.5, 24.0, 5.0, 25.0 ] },
								"up": { "texture": "#plume", "uv": [ 0.0, 22.5, 1.0, 24.0 ] },
								"down": { "texture": "#plume", "uv": [ 1.0, 22.5, 2.0, 24.0 ] }
							},
							"children": [
								{
									"name": "Cube25",
									"from": [ -0.5657, -4.9, -0.2 ],
									"to": [ -0.2657, 0.1, 1.1 ],
									"uv": [ 0.0, 34.0 ],
									"rotationOrigin": [ -0.5657, -4.2, -0.2 ],
									"rotationY": -20.0,
									"rotationZ": -10.0001,
									"faces": {
										"north": { "texture": "#plume", "uv": [ 0.0, 35.0, 0.5, 40.0 ] },
										"east": { "texture": "#plume", "uv": [ 0.5, 35.0, 1.5, 40.0 ] },
										"south": { "texture": "#plume", "uv": [ 1.5, 35.0, 2.0, 40.0 ] },
										"west": { "texture": "#plume", "uv": [ 2.0, 35.0, 3.0, 40.0 ] },
										"up": { "texture": "#plume", "uv": [ 0.0, 34.0, 0.5, 35.0 ] },
										"down": { "texture": "#plume", "uv": [ 0.5, 34.0, 1.0, 35.0 ] }
									},
									"children": [
										{
											"name": "Cube24",
											"from": [ -0.2, -1.5, -0.1 ],
											"to": [ 0.1, 0.5, 1.5 ],
											"uv": [ 2.0, 33.0 ],
											"rotationOrigin": [ -0.2, -0.8, -0.1 ],
											"rotationY": -1.0,
											"rotationZ": -13.0,
											"faces": {
												"north": { "texture": "#plume", "uv": [ 2.0, 34.5, 2.5, 36.5 ] },
												"east": { "texture": "#plume", "uv": [ 2.5, 34.5, 4.0, 36.5 ] },
												"south": { "texture": "#plume", "uv": [ 4.0, 34.5, 4.5, 36.5 ] },
												"west": { "texture": "#plume", "uv": [ 4.5, 34.5, 6.0, 36.5 ] },
												"up": { "texture": "#plume", "uv": [ 2.0, 33.0, 2.5, 34.5 ] },
												"down": { "texture": "#plume", "uv": [ 2.5, 33.0, 3.0, 34.5 ] }
											}
										}
									]
								},
								{
									"name": "Cube26",
									"from": [ -1.0, -4.9, 1.1 ],
									"to": [ -0.7, 0.1, 2.4 ],
									"uv": [ 0.0, 32.5 ],
									"rotationOrigin": [ -0.9657, -4.2, 1.1 ],
									"rotationX": -3.0,
									"rotationY": 12.0,
									"rotationZ": -10.0,
									"faces": {
										"north": { "texture": "#plume", "uv": [ 0.0, 33.5, 0.5, 38.5 ] },
										"east": { "texture": "#plume", "uv": [ 0.5, 33.5, 1.5, 38.5 ] },
										"south": { "texture": "#plume", "uv": [ 1.5, 33.5, 2.0, 38.5 ] },
										"west": { "texture": "#plume", "uv": [ 2.0, 33.5, 3.0, 38.5 ] },
										"up": { "texture": "#plume", "uv": [ 0.0, 32.5, 0.5, 33.5 ] },
										"down": { "texture": "#plume", "uv": [ 0.5, 32.5, 1.0, 33.5 ] }
									},
									"children": [
										{
											"name": "Cube27",
											"from": [ -0.2, -1.5, -0.1 ],
											"to": [ 0.1, 0.5, 1.3 ],
											"uv": [ 6.0, 34.0 ],
											"rotationOrigin": [ -0.2, -0.8, -0.1 ],
											"rotationY": -1.0,
											"rotationZ": -13.0,
											"faces": {
												"north": { "texture": "#plume", "uv": [ 6.0, 35.0, 6.5, 37.0 ] },
												"east": { "texture": "#plume", "uv": [ 6.5, 35.0, 7.5, 37.0 ] },
												"south": { "texture": "#plume", "uv": [ 7.5, 35.0, 8.0, 37.0 ] },
												"west": { "texture": "#plume", "uv": [ 8.0, 35.0, 9.0, 37.0 ] },
												"up": { "texture": "#plume", "uv": [ 6.0, 34.0, 6.5, 35.0 ] },
												"down": { "texture": "#plume", "uv": [ 6.5, 34.0, 7.0, 35.0 ] }
											}
										}
									]
								}
							]
						},
						{
							"name": "Cube17",
							"from": [ -2.5, 0.0, -3.6 ],
							"to": [ -1.4, 1.1, -1.8 ],
							"uv": [ 0.5, 22.5 ],
							"rotationOrigin": [ -2.2, 0.7, -3.8 ],
							"rotationY": -45.0,
							"faces": {
								"north": { "texture": "#plume", "uv": [ 0.5, 24.0, 1.5, 25.0 ] },
								"east": { "texture": "#plume", "uv": [ 1.5, 24.0, 3.0, 25.0 ] },
								"south": { "texture": "#plume", "uv": [ 3.0, 24.0, 4.0, 25.0 ] },
								"west": { "texture": "#plume", "uv": [ 4.0, 24.0, 5.5, 25.0 ] },
								"up": { "texture": "#plume", "uv": [ 0.5, 22.5, 1.5, 24.0 ] },
								"down": { "texture": "#plume", "uv": [ 1.5, 22.5, 2.5, 24.0 ] }
							}
						},
						{
							"name": "Cube32",
							"from": [ 3.8, 0.0, 1.0014 ],
							"to": [ 4.9, 1.1, 3.0014 ],
							"uv": [ 0.5, 21.5 ],
							"rotationOrigin": [ 4.0, 0.7, 1.0 ],
							"rotationX": -180.0,
							"rotationY": 0.0198,
							"rotationZ": -180.0,
							"faces": {
								"north": { "texture": "#plume", "uv": [ 0.5, 23.5, 1.5, 24.5 ] },
								"east": { "texture": "#plume", "uv": [ 1.5, 23.5, 3.5, 24.5 ] },
								"south": { "texture": "#plume", "uv": [ 3.5, 23.5, 4.5, 24.5 ] },
								"west": { "texture": "#plume", "uv": [ 4.5, 23.5, 6.5, 24.5 ] },
								"up": { "texture": "#plume", "uv": [ 0.5, 21.5, 1.5, 23.5 ] },
								"down": { "texture": "#plume", "uv": [ 1.5, 21.5, 2.5, 23.5 ] }
							},
							"children": [
								{
									"name": "Cube33",
									"from": [ -0.5, -5.0, 0.2 ],
									"to": [ -0.2, 0.1, 2.2 ],
									"uv": [ 0.0, 33.0 ],
									"rotationOrigin": [ -0.4997, -4.3, 0.1986 ],
									"rotationY": 3.0,
									"rotationZ": -7.0,
									"faces": {
										"north": { "texture": "#plume", "uv": [ 0.0, 35.0, 0.5, 40.0 ] },
										"east": { "texture": "#plume", "uv": [ 0.5, 35.0, 2.5, 40.0 ] },
										"south": { "texture": "#plume", "uv": [ 2.5, 35.0, 3.0, 40.0 ] },
										"west": { "texture": "#plume", "uv": [ 3.0, 35.0, 5.0, 40.0 ] },
										"up": { "texture": "#plume", "uv": [ 0.0, 33.0, 0.5, 35.0 ] },
										"down": { "texture": "#plume", "uv": [ 0.5, 33.0, 1.0, 35.0 ] }
									},
									"children": [
										{
											"name": "Cube34",
											"from": [ -0.4, -1.7, 0.0 ],
											"to": [ -0.1, 0.7, 2.0 ],
											"uv": [ 0.0, 32.0 ],
											"rotationOrigin": [ -0.3997, -1.0, -0.0014 ],
											"rotationX": 1.0,
											"rotationY": 5.0,
											"rotationZ": -11.0,
											"faces": {
												"north": { "texture": "#plume", "uv": [ 0.0, 34.0, 0.5, 36.0 ] },
												"east": { "texture": "#plume", "uv": [ 0.5, 34.0, 2.5, 36.0 ] },
												"south": { "texture": "#plume", "uv": [ 2.5, 34.0, 3.0, 36.0 ] },
												"west": { "texture": "#plume", "uv": [ 3.0, 34.0, 5.0, 36.0 ] },
												"up": { "texture": "#plume", "uv": [ 0.0, 32.0, 0.5, 34.0 ] },
												"down": { "texture": "#plume", "uv": [ 0.5, 32.0, 1.0, 34.0 ] }
											}
										}
									]
								}
							]
						},
						{
							"name": "Plain6",
							"from": [ 2.0, 0.1, -0.6 ],
							"to": [ 2.9, 1.0, 1.0 ],
							"uv": [ 0.5, 48.0 ],
							"rotationOrigin": [ 3.1, 0.7, -0.6 ],
							"rotationX": 178.0,
							"rotationY": -15.0,
							"rotationZ": 180.0,
							"faces": {
								"north": { "texture": "#plume", "uv": [ 0.5, 49.5, 1.0, 50.0 ] },
								"east": { "texture": "#plume", "uv": [ 1.0, 49.5, 2.5, 50.0 ] },
								"south": { "texture": "#plume", "uv": [ 2.5, 49.5, 3.0, 50.0 ] },
								"west": { "texture": "#plume", "uv": [ 3.0, 49.5, 4.5, 50.0 ] },
								"up": { "texture": "#plume", "uv": [ 0.5, 48.0, 1.0, 49.5 ] },
								"down": { "texture": "#plume", "uv": [ 1.0, 48.0, 1.5, 49.5 ] }
							},
							"children": [
								{
									"name": "Cube36",
									"from": [ -0.6, -4.5, 0.18 ],
									"to": [ -0.3, 0.0, 1.78 ],
									"uv": [ 0.5, 32.0 ],
									"rotationOrigin": [ 0.2979, -3.8976, 0.176 ],
									"rotationY": 4.0,
									"rotationZ": -9.0,
									"faces": {
										"north": { "texture": "#plume", "uv": [ 0.5, 33.5, 1.0, 38.0 ] },
										"east": { "texture": "#plume", "uv": [ 1.0, 33.5, 2.5, 38.0 ] },
										"south": { "texture": "#plume", "uv": [ 2.5, 33.5, 3.0, 38.0 ] },
										"west": { "texture": "#plume", "uv": [ 3.0, 33.5, 4.5, 38.0 ] },
										"up": { "texture": "#plume", "uv": [ 0.5, 32.0, 1.0, 33.5 ] },
										"down": { "texture": "#plume", "uv": [ 1.0, 32.0, 1.5, 33.5 ] }
									},
									"children": [
										{
											"name": "Cube37",
											"from": [ -0.2, -2.3, 0.0 ],
											"to": [ 0.1, 0.0, 1.6 ],
											"uv": [ 1.0, 31.0 ],
											"rotationOrigin": [ 0.6979, -1.6976, -0.004 ],
											"rotationY": -3.0,
											"rotationZ": -8.0,
											"faces": {
												"north": { "texture": "#plume", "uv": [ 1.0, 32.5, 1.5, 34.5 ] },
												"east": { "texture": "#plume", "uv": [ 1.5, 32.5, 3.0, 34.5 ] },
												"south": { "texture": "#plume", "uv": [ 3.0, 32.5, 3.5, 34.5 ] },
												"west": { "texture": "#plume", "uv": [ 3.5, 32.5, 5.0, 34.5 ] },
												"up": { "texture": "#plume", "uv": [ 1.0, 31.0, 1.5, 32.5 ] },
												"down": { "texture": "#plume", "uv": [ 1.5, 31.0, 2.0, 32.5 ] }
											}
										}
									]
								}
							]
						},
						{
							"name": "Plain7",
							"from": [ 2.0, 0.1, -1.0 ],
							"to": [ 2.9, 1.0, 0.6 ],
							"uv": [ 0.5, 48.5 ],
							"rotationOrigin": [ 3.1, 0.7, 0.6 ],
							"rotationX": -180.0,
							"rotationY": 15.0,
							"rotationZ": -180.0,
							"faces": {
								"north": { "texture": "#plume", "uv": [ 0.5, 50.0, 1.0, 50.5 ] },
								"east": { "texture": "#plume", "uv": [ 1.0, 50.0, 2.5, 50.5 ] },
								"south": { "texture": "#plume", "uv": [ 2.5, 50.0, 3.0, 50.5 ] },
								"west": { "texture": "#plume", "uv": [ 3.0, 50.0, 4.5, 50.5 ] },
								"up": { "texture": "#plume", "uv": [ 0.5, 48.5, 1.0, 50.0 ] },
								"down": { "texture": "#plume", "uv": [ 1.0, 48.5, 1.5, 50.0 ] }
							},
							"children": [
								{
									"name": "Cube39",
									"from": [ -0.4, -4.3, 0.0 ],
									"to": [ -0.1, 0.2, 1.8 ],
									"uv": [ 6.0, 31.5 ],
									"rotationOrigin": [ 0.5, -3.7, 1.6 ],
									"rotationZ": -8.0,
									"faces": {
										"north": { "texture": "#plume", "uv": [ 6.0, 33.0, 6.5, 37.5 ] },
										"east": { "texture": "#plume", "uv": [ 6.5, 33.0, 8.0, 37.5 ] },
										"south": { "texture": "#plume", "uv": [ 8.0, 33.0, 8.5, 37.5 ] },
										"west": { "texture": "#plume", "uv": [ 8.5, 33.0, 10.0, 37.5 ] },
										"up": { "texture": "#plume", "uv": [ 6.0, 31.5, 6.5, 33.0 ] },
										"down": { "texture": "#plume", "uv": [ 6.5, 31.5, 7.0, 33.0 ] }
									},
									"children": [
										{
											"name": "Cube40",
											"from": [ -0.0321, -2.4081, 0.0 ],
											"to": [ 0.2679, -0.0081, 1.8 ],
											"uv": [ 2.0, 32.0 ],
											"rotationOrigin": [ 0.8679, -1.8081, 1.6 ],
											"rotationX": -0.4201,
											"rotationY": 5.9853,
											"rotationZ": -1.978,
											"faces": {
												"north": { "texture": "#plume", "uv": [ 2.0, 33.5, 2.5, 35.5 ] },
												"east": { "texture": "#plume", "uv": [ 2.5, 33.5, 4.0, 35.5 ] },
												"south": { "texture": "#plume", "uv": [ 4.0, 33.5, 4.5, 35.5 ] },
												"west": { "texture": "#plume", "uv": [ 4.5, 33.5, 6.0, 35.5 ] },
												"up": { "texture": "#plume", "uv": [ 2.0, 32.0, 2.5, 33.5 ] },
												"down": { "texture": "#plume", "uv": [ 2.5, 32.0, 3.0, 33.5 ] }
											}
										}
									]
								}
							]
						},
						{
							"name": "Cube41",
							"from": [ 3.5, 0.0, -2.0 ],
							"to": [ 4.6, 1.1, -0.2 ],
							"uv": [ 0.5, 22.0 ],
							"rotationOrigin": [ 3.8, 0.7, -2.2 ],
							"rotationX": -180.0,
							"rotationY": -45.0,
							"rotationZ": -179.9999,
							"faces": {
								"north": { "texture": "#plume", "uv": [ 0.5, 23.5, 1.5, 24.5 ] },
								"east": { "texture": "#plume", "uv": [ 1.5, 23.5, 3.0, 24.5 ] },
								"south": { "texture": "#plume", "uv": [ 3.0, 23.5, 4.0, 24.5 ] },
								"west": { "texture": "#plume", "uv": [ 4.0, 23.5, 5.5, 24.5 ] },
								"up": { "texture": "#plume", "uv": [ 0.5, 22.0, 1.5, 23.5 ] },
								"down": { "texture": "#plume", "uv": [ 1.5, 22.0, 2.5, 23.5 ] }
							},
							"children": [
								{
									"name": "Cube42",
									"from": [ -0.5657, -4.9, -0.2 ],
									"to": [ -0.2657, 0.1, 1.1 ],
									"uv": [ 4.0, 31.5 ],
									"rotationOrigin": [ -0.5657, -4.2, -0.2 ],
									"rotationY": -20.0,
									"rotationZ": -10.0001,
									"faces": {
										"north": { "texture": "#plume", "uv": [ 4.0, 32.5, 4.5, 37.5 ] },
										"east": { "texture": "#plume", "uv": [ 4.5, 32.5, 5.5, 37.5 ] },
										"south": { "texture": "#plume", "uv": [ 5.5, 32.5, 6.0, 37.5 ] },
										"west": { "texture": "#plume", "uv": [ 6.0, 32.5, 7.0, 37.5 ] },
										"up": { "texture": "#plume", "uv": [ 4.0, 31.5, 4.5, 32.5 ] },
										"down": { "texture": "#plume", "uv": [ 4.5, 31.5, 5.0, 32.5 ] }
									},
									"children": [
										{
											"name": "Cube43",
											"from": [ -0.2, -1.5, -0.1 ],
											"to": [ 0.1, 0.5, 1.5 ],
											"uv": [ 2.0, 34.0 ],
											"rotationOrigin": [ -0.2, -0.8, -0.1 ],
											"rotationY": -1.0,
											"rotationZ": -13.0,
											"faces": {
												"north": { "texture": "#plume", "uv": [ 2.0, 35.5, 2.5, 37.5 ] },
												"east": { "texture": "#plume", "uv": [ 2.5, 35.5, 4.0, 37.5 ] },
												"south": { "texture": "#plume", "uv": [ 4.0, 35.5, 4.5, 37.5 ] },
												"west": { "texture": "#plume", "uv": [ 4.5, 35.5, 6.0, 37.5 ] },
												"up": { "texture": "#plume", "uv": [ 2.0, 34.0, 2.5, 35.5 ] },
												"down": { "texture": "#plume", "uv": [ 2.5, 34.0, 3.0, 35.5 ] }
											}
										}
									]
								},
								{
									"name": "Cube44",
									"from": [ -1.0, -4.9, 1.1 ],
									"to": [ -0.7, 0.1, 2.4 ],
									"uv": [ 0.0, 34.5 ],
									"rotationOrigin": [ -0.9657, -4.2, 1.1 ],
									"rotationX": -3.0,
									"rotationY": 12.0,
									"rotationZ": -10.0,
									"faces": {
										"north": { "texture": "#plume", "uv": [ 0.0, 35.5, 0.5, 40.5 ] },
										"east": { "texture": "#plume", "uv": [ 0.5, 35.5, 1.5, 40.5 ] },
										"south": { "texture": "#plume", "uv": [ 1.5, 35.5, 2.0, 40.5 ] },
										"west": { "texture": "#plume", "uv": [ 2.0, 35.5, 3.0, 40.5 ] },
										"up": { "texture": "#plume", "uv": [ 0.0, 34.5, 0.5, 35.5 ] },
										"down": { "texture": "#plume", "uv": [ 0.5, 34.5, 1.0, 35.5 ] }
									},
									"children": [
										{
											"name": "Cube45",
											"from": [ -0.2, -1.5, -0.1 ],
											"to": [ 0.1, 0.5, 1.3 ],
											"uv": [ 0.0, 33.0 ],
											"rotationOrigin": [ -0.2, -0.8, -0.1 ],
											"rotationY": -1.0,
											"rotationZ": -13.0,
											"faces": {
												"north": { "texture": "#plume", "uv": [ 0.0, 34.0, 0.5, 36.0 ] },
												"east": { "texture": "#plume", "uv": [ 0.5, 34.0, 1.5, 36.0 ] },
												"south": { "texture": "#plume", "uv": [ 1.5, 34.0, 2.0, 36.0 ] },
												"west": { "texture": "#plume", "uv": [ 2.0, 34.0, 3.0, 36.0 ] },
												"up": { "texture": "#plume", "uv": [ 0.0, 33.0, 0.5, 34.0 ] },
												"down": { "texture": "#plume", "uv": [ 0.5, 33.0, 1.0, 34.0 ] }
											}
										}
									]
								}
							]
						},
						{
							"name": "Cube28",
							"from": [ 0.8, 0.0, -3.999 ],
							"to": [ 1.9, 1.1, -1.999 ],
							"uv": [ 0.5, 22.0 ],
							"rotationOrigin": [ 1.0, 0.7, -4.0 ],
							"rotationX": -180.0,
							"rotationY": -90.0,
							"rotationZ": -180.0,
							"faces": {
								"north": { "texture": "#plume", "uv": [ 0.5, 24.0, 1.5, 25.0 ] },
								"east": { "texture": "#plume", "uv": [ 1.5, 24.0, 3.5, 25.0 ] },
								"south": { "texture": "#plume", "uv": [ 3.5, 24.0, 4.5, 25.0 ] },
								"west": { "texture": "#plume", "uv": [ 4.5, 24.0, 6.5, 25.0 ] },
								"up": { "texture": "#plume", "uv": [ 0.5, 22.0, 1.5, 24.0 ] },
								"down": { "texture": "#plume", "uv": [ 1.5, 22.0, 2.5, 24.0 ] }
							},
							"children": [
								{
									"name": "Cube29",
									"from": [ -0.5, -5.0, 0.2 ],
									"to": [ -0.2, 0.1, 2.2 ],
									"uv": [ 0.0, 32.0 ],
									"rotationOrigin": [ -0.4997, -4.3, 0.1986 ],
									"rotationY": 3.0,
									"rotationZ": -7.0,
									"faces": {
										"north": { "texture": "#plume", "uv": [ 0.0, 34.0, 0.5, 39.0 ] },
										"east": { "texture": "#plume", "uv": [ 0.5, 34.0, 2.5, 39.0 ] },
										"south": { "texture": "#plume", "uv": [ 2.5, 34.0, 3.0, 39.0 ] },
										"west": { "texture": "#plume", "uv": [ 3.0, 34.0, 5.0, 39.0 ] },
										"up": { "texture": "#plume", "uv": [ 0.0, 32.0, 0.5, 34.0 ] },
										"down": { "texture": "#plume", "uv": [ 0.5, 32.0, 1.0, 34.0 ] }
									},
									"children": [
										{
											"name": "Cube30",
											"from": [ -0.4, -1.7, 0.0 ],
											"to": [ -0.1, 0.7, 2.0 ],
											"uv": [ 0.0, 31.0 ],
											"rotationOrigin": [ -0.3997, -1.0, -0.0014 ],
											"rotationX": 1.0,
											"rotationY": 5.0,
											"rotationZ": -11.0,
											"faces": {
												"north": { "texture": "#plume", "uv": [ 0.0, 33.0, 0.5, 35.0 ] },
												"east": { "texture": "#plume", "uv": [ 0.5, 33.0, 2.5, 35.0 ] },
												"south": { "texture": "#plume", "uv": [ 2.5, 33.0, 3.0, 35.0 ] },
												"west": { "texture": "#plume", "uv": [ 3.0, 33.0, 5.0, 35.0 ] },
												"up": { "texture": "#plume", "uv": [ 0.0, 31.0, 0.5, 33.0 ] },
												"down": { "texture": "#plume", "uv": [ 0.5, 31.0, 1.0, 33.0 ] }
											}
										}
									]
								}
							]
						},
						{
							"name": "Plain8",
							"from": [ -1.7, 0.1, -3.1 ],
							"to": [ -0.8, 1.0, -1.5 ],
							"uv": [ 1.0, 48.5 ],
							"rotationOrigin": [ -0.6, 0.7, -3.1 ],
							"rotationX": 7.4208,
							"rotationY": -74.8703,
							"rotationZ": 7.6842,
							"faces": {
								"north": { "texture": "#plume", "uv": [ 1.0, 50.0, 1.5, 50.5 ] },
								"east": { "texture": "#plume", "uv": [ 1.5, 50.0, 3.0, 50.5 ] },
								"south": { "texture": "#plume", "uv": [ 3.0, 50.0, 3.5, 50.5 ] },
								"west": { "texture": "#plume", "uv": [ 3.5, 50.0, 5.0, 50.5 ] },
								"up": { "texture": "#plume", "uv": [ 1.0, 48.5, 1.5, 50.0 ] },
								"down": { "texture": "#plume", "uv": [ 1.5, 48.5, 2.0, 50.0 ] }
							},
							"children": [
								{
									"name": "Cube46",
									"from": [ -0.6, -4.5, 0.18 ],
									"to": [ -0.3, 0.0, 1.78 ],
									"uv": [ 1.0, 31.0 ],
									"rotationOrigin": [ 0.2979, -3.8976, 0.176 ],
									"rotationY": 4.0,
									"rotationZ": -9.0,
									"faces": {
										"north": { "texture": "#plume", "uv": [ 1.0, 32.5, 1.5, 37.0 ] },
										"east": { "texture": "#plume", "uv": [ 1.5, 32.5, 3.0, 37.0 ] },
										"south": { "texture": "#plume", "uv": [ 3.0, 32.5, 3.5, 37.0 ] },
										"west": { "texture": "#plume", "uv": [ 3.5, 32.5, 5.0, 37.0 ] },
										"up": { "texture": "#plume", "uv": [ 1.0, 31.0, 1.5, 32.5 ] },
										"down": { "texture": "#plume", "uv": [ 1.5, 31.0, 2.0, 32.5 ] }
									},
									"children": [
										{
											"name": "Cube47",
											"from": [ -0.2, -2.3, 0.0 ],
											"to": [ 0.1, 0.0, 1.6 ],
											"uv": [ 2.5, 33.5 ],
											"rotationOrigin": [ 0.6979, -1.6976, -0.004 ],
											"rotationY": -3.0,
											"rotationZ": -8.0,
											"faces": {
												"north": { "texture": "#plume", "uv": [ 2.5, 35.0, 3.0, 37.0 ] },
												"east": { "texture": "#plume", "uv": [ 3.0, 35.0, 4.5, 37.0 ] },
												"south": { "texture": "#plume", "uv": [ 4.5, 35.0, 5.0, 37.0 ] },
												"west": { "texture": "#plume", "uv": [ 5.0, 35.0, 6.5, 37.0 ] },
												"up": { "texture": "#plume", "uv": [ 2.5, 33.5, 3.0, 35.0 ] },
												"down": { "texture": "#plume", "uv": [ 3.0, 33.5, 3.5, 35.0 ] }
											}
										}
									]
								}
							]
						},
						{
							"name": "Plain9",
							"from": [ -0.5, 0.1, -4.7 ],
							"to": [ 0.4, 1.0, -3.1 ],
							"uv": [ 0.5, 49.0 ],
							"rotationOrigin": [ 0.6, 0.7, -3.1 ],
							"rotationX": -180.0,
							"rotationY": -75.0,
							"rotationZ": -180.0,
							"faces": {
								"north": { "texture": "#plume", "uv": [ 0.5, 50.5, 1.0, 51.0 ] },
								"east": { "texture": "#plume", "uv": [ 1.0, 50.5, 2.5, 51.0 ] },
								"south": { "texture": "#plume", "uv": [ 2.5, 50.5, 3.0, 51.0 ] },
								"west": { "texture": "#plume", "uv": [ 3.0, 50.5, 4.5, 51.0 ] },
								"up": { "texture": "#plume", "uv": [ 0.5, 49.0, 1.0, 50.5 ] },
								"down": { "texture": "#plume", "uv": [ 1.0, 49.0, 1.5, 50.5 ] }
							},
							"children": [
								{
									"name": "Cube49",
									"from": [ -0.6, -4.5, 0.0 ],
									"to": [ -0.3, 0.0, 1.8 ],
									"uv": [ 2.0, 32.5 ],
									"rotationOrigin": [ 0.3, -3.9, 1.6 ],
									"rotationZ": -8.0,
									"faces": {
										"north": { "texture": "#plume", "uv": [ 2.0, 34.0, 2.5, 38.5 ] },
										"east": { "texture": "#plume", "uv": [ 2.5, 34.0, 4.0, 38.5 ] },
										"south": { "texture": "#plume", "uv": [ 4.0, 34.0, 4.5, 38.5 ] },
										"west": { "texture": "#plume", "uv": [ 4.5, 34.0, 6.0, 38.5 ] },
										"up": { "texture": "#plume", "uv": [ 2.0, 32.5, 2.5, 34.0 ] },
										"down": { "texture": "#plume", "uv": [ 2.5, 32.5, 3.0, 34.0 ] }
									},
									"children": [
										{
											"name": "Cube50",
											"from": [ -0.33, -2.41, 0.0 ],
											"to": [ -0.03, -0.01, 1.8 ],
											"uv": [ 0.5, 32.5 ],
											"rotationOrigin": [ 0.5679, -1.8081, 1.6 ],
											"rotationX": -0.4201,
											"rotationY": 5.9853,
											"rotationZ": -9.98,
											"faces": {
												"north": { "texture": "#plume", "uv": [ 0.5, 34.0, 1.0, 36.0 ] },
												"east": { "texture": "#plume", "uv": [ 1.0, 34.0, 2.5, 36.0 ] },
												"south": { "texture": "#plume", "uv": [ 2.5, 34.0, 3.0, 36.0 ] },
												"west": { "texture": "#plume", "uv": [ 3.0, 34.0, 4.5, 36.0 ] },
												"up": { "texture": "#plume", "uv": [ 0.5, 32.5, 1.0, 34.0 ] },
												"down": { "texture": "#plume", "uv": [ 1.0, 32.5, 1.5, 34.0 ] }
											}
										}
									]
								}
							]
						}
					]
				}
			]
		},
		{
			"name": "ArmorNeck",
			"stepParentName": "Neck",
			"from": [ -0.3, 0.6, -0.3 ],
			"to": [ 3.3, 2.4, 3.3 ],
			"unwrapMode": 4,
			"uv": [ 12.0, 5.5 ],
			"rotationOrigin": [ -0.3, 2.6, -0.3 ],
			"faces": {
				"north": { "texture": "#templarhead", "uv": [ 12.0, 5.5, 15.5, 7.0 ] },
				"east": { "texture": "#templarhead", "uv": [ 22.5, 5.5, 26.0, 7.0 ] },
				"south": { "texture": "#templarhead", "uv": [ 19.0, 5.5, 22.5, 7.0 ] },
				"west": { "texture": "#templarhead", "uv": [ 15.5, 5.5, 19.0, 7.0 ] },
				"up": { "texture": "#null", "uv": [ 15.5, 5.5, 19.0, 9.0 ], "rotation": 90, "enabled": false },
				"down": { "texture": "#null", "uv": [ 15.5, 10.5, 19.0, 14.0 ], "rotation": 90, "enabled": false }
			}
		}
	],
	"animations": [
	]
}