[
  {
    "ingredient": {
      "type": "item",
      "code": "rustboundmagic:tooltabletenchantedstone"
    },
    "pattern": [
      [
        "__________",
        "__________",
        "__#####___",
        "__#####___",
        "__#####___",
        "__#####___",
        "__#####___",
        "__#####___",
        "__________",
        "__________"
      ]
    ],
    "name": "Tablet: Belt Accessory Equipment",
    "output": {
      "type": "item",
      "code": "rustboundmagic:tooltabletenchantedstone-armorwaisttier1eldrathiumgeneric",
      "stacksize": 1
    }
  }
]
