[
    {
		"code": "metalrod-from-ingot",
		"enabled": true,
		"attributes": {
			"requires": "vinteng:vediecast-rod-*",
			"requiresdurability": true,
			"requirestemp": -1
		},
		"powerpercraft": 600,
		"ingredients": [
			{ "type": "item", "code": "game:ingot-*", "quantity": 1, "name":"metal", "allowedVariants": ["copper", "brass", "tinbronze", "iron"] }
		],
		"outputs": [
			{ "type": "item", "code": "vinteng:metalrod-{metal}", "stacksize": 4 }
		]
	},
    {
		"code": "steel-rod-from-ingot",
		"enabled": true,
		"attributes": {
			"requires": "vinteng:vediecast-rod-*",
			"requiresvariants": ["meteoriciron", "steel", "titanium"],
			"requiresdurability": true,
			"requirestemp": -1
		},
		"powerpercraft": 600,
		"ingredients": [
			{ "type": "item", "code": "game:ingot-*", "quantity": 1, "name":"metal", "allowedVariants": ["steel"] }
		],
		"outputs": [
			{ "type": "item", "code": "vinteng:metalrod-{metal}", "stacksize": 4 }
		]
	}
]