[
    {
		"code": "lv-wire-from-rod",
		"enabled": true,
		"attributes": {
			"requires": "vinteng:vediecast-lv-*",
			"requiresdurability": true,
			"requirestemp": -1
		},
		"powerpercraft": 250,
		"ingredients": [
			{ "type": "item", "code": "vinteng:metalrod-*", "quantity": 1, "allowedVariants": ["copper"] }
		],
		"outputs": [
			{ "type": "block", "code": "game:catenary-lvpower", "stacksize": 12 }
		]
	},
    {
		"code": "mv-wire-from-rod",
		"enabled": true,
		"attributes": {
			"requires": "vinteng:vediecast-mv-*",
			"requiresdurability": true,
			"requirestemp": -1
		},
		"powerpercraft": 500,
		"ingredients": [
			{ "type": "item", "code": "vinteng:metalrod-*", "quantity": 1, "allowedVariants": ["copper"] }
		],
		"outputs": [
			{ "type": "block", "code": "game:catenary-mvpower", "stacksize": 6 }
		]
	},
    {
		"code": "hv-wire-from-rod",
		"enabled": true,
		"attributes": {
			"requires": "vinteng:vediecast-hv-*",
			"requiresdurability": true,
			"requirestemp": -1
		},
		"powerpercraft": 1000,
		"ingredients": [
			{ "type": "item", "code": "vinteng:metalrod-*", "quantity": 1, "allowedVariants": ["steel"] }
		],
		"outputs": [
			{ "type": "block", "code": "game:catenary-hvpower", "stacksize": 4 }
		]
	}
]