{
    "code": "dave-figurine",
    "class": "Item",
    "maxStackSize": 8,
    "variantcode": "{dave}",


    "variantgroups": [

        {
            "code": "dave",
            "states": [ "dave" ]
        }

    ],

    "allowedVariants": [
        "dave-figurine"


    ],


    "shapeByType": {
        "dave-figurine": { "base": "figurines:item/dave/dave-figurine" }


    },

    "textures": {
        "dave": { "base": "figurines:item/dave/dave" },
        "metal": { "base": "figurines:item/dave/metal" },
        "base": { "base": "figurines:item/dave/base" }
    },

    "creativeinventoryByType": {
        "*": {
            "general": [ "*" ],
            "figurines": [ "*" ]
        }
    },

    "guiTransformByType": {
        "*": {
            "translation": {
                "x": -1,
                "y": 14,
                "z": 0
            },
            "rotation": {
                "x": -18,
                "y": -52,
                "z": 180
            },
            "origin": {
                "x": 0.5,
                "y": 0.1,
                "z": 0.5
            },
            "scale": 2.84
        }
    },

    "tpHandTransformByType": {
        "*": {
            "translation": {
                "x": -1.35,
                "y": -0.65,
                "z": -0.75
            },
            "rotation": {
                "x": 0,
                "y": -180,
                "z": 90
            },
            "scale": 0.69
        }
    },

    "groundTransformByType": {
        "*": {
            "translation": {
                "x": -0,
                "y": -0,
                "z": 0
            },
            "rotation": {
                "x": 90,
                "y": 4,
                "z": -3
            },
            "origin": {
                "x": 0.5,
                "y": 0.1,
                "z": 0.55
            },
            "scale": 3.6
        }
    },

    "attributes": {
        "groundstorable": true,
        "displaycaseable": true,
        "shelvable": true,
        "moldrackable": true,
        "groundStorageTransformByType": {
            "*": {
                "translation": {
                    "x": 0,
                    "y": 0,
                    "z": 0
                },
                "rotation": {
                    "x": 90,
                    "y": 90,
                    "z": -90
                },
                "origin": {
                    "x": 0.5,
                    "y": 0.0,
                    "z": 0.5
                },
                "scale": 0.69
            }
        },
        "onDisplayTransformByType": {
            "*": {
                "translation": {
                    "x": 0,
                    "y": 0,
                    "z": 0
                },
                "rotation": {
                    "x": 90,
                    "y": 90,
                    "z": -90
                },
                "origin": {
                    "x": 0.5,
                    "y": 0.0,
                    "z": 0.5
                },
                "scale": 0.89
            }
        },
        "onshelfTransformByType": {
            "*": {
                "translation": {
                    "x": 0,
                    "y": 0,
                    "z": 0
                },
                "rotation": {
                    "x": 90,
                    "y": 90,
                    "z": -90
                },
                "origin": {
                    "x": 0.5,
                    "y": 0.0,
                    "z": 0.5
                },
                "scale": 0.59
            }
        },
        "onmoldrackTransformByType": {
            "*": {
                "translation": {
                    "x": 0.44,
                    "y": 0.07,
                    "z": 0.25
                },
                "rotation": {
                    "x": 0,
                    "y": 90,
                    "z": 0
                },
                "origin": {
                    "x": 0.5,
                    "y": 0.0,
                    "z": 0.5
                },
                "scale": 1.2
            }
        }
    },

    "behaviors": [
        {
            "name": "GroundStorable",
            "properties": {
                "layout": "quadrants",
                "rotation": true,
                "wallOffYByType": { "*": 1 },
                "ctrlKey": true,
                "selectionBox": {
                    "x1": 0,
                    "y1": 0,
                    "z1": 0,
                    "x2": 1,
                    "y2": 0.1,
                    "z2": 1
                },
                "collisionBox": {
                    "x1": 0,
                    "y1": 0,
                    "z1": 0,
                    "x2": 0,
                    "y2": 0,
                    "z2": 0
                }
            }
        }
    ]
}







   


