{
	"editor": {
		"collapsedPaths": "Root/origin/Bottom-board1/board-vertical0,Root/origin/Bottom-board1/board-vertical1,Root/origin/Bottom-board1/board4/bottom-handleplate,Root/origin/Bottom-board1/bottom-board2/bottom-hinge2,Root/origin/Bottom-board1/top-board1,Root/origin/Bottom-board1/hinge-top-detail,Root/origin/Bottom-board1/hinge-bottom-detail,Root/origin/Bottom-board1/bottom-handleplate,Root/origin/SmallDoor/board1,Root/origin/Bottom-board1/bottom-board3,Root/origin/Bottom-board1/board4,Root/origin/Bottom-board1/bottom-board4,Root/origin/Bottom-board1/bottom-hinge2,Root/origin/Bottom-board1/board1,Root/origin/Bottom-board1/board2,Root/origin/Bottom-board1/board3",
		"allAngles": false,
		"entityTextureMode": false
	},
	"textureWidth": 16,
	"textureHeight": 16,
	"textureSizes": {
		"acacia2": [16,32],
		"iron": [16,16]
	},
	"textures": {
	},
	"elements": [
		{
			"name": "origin",
			"from": [ 8.0, 0.0, 8.0 ],
			"to": [ 8.0, 0.0, 8.0 ],
			"rotationOrigin": [ 1.0, 0.0, 15.0 ],
			"faces": {
				"north": { "texture": "#null", "uv": [ 0.0, 0.5, 0.5, 1.0 ], "enabled": false },
				"east": { "texture": "#null", "uv": [ 0.5, 0.5, 1.0, 1.0 ], "enabled": false },
				"south": { "texture": "#null", "uv": [ 1.0, 0.5, 1.5, 1.0 ], "enabled": false },
				"west": { "texture": "#null", "uv": [ 1.5, 0.5, 2.0, 1.0 ], "enabled": false },
				"up": { "texture": "#null", "uv": [ 0.0, 0.0, 0.5, 0.5 ], "enabled": false },
				"down": { "texture": "#null", "uv": [ 0.5, 0.0, 1.0, 0.5 ], "enabled": false }
			},
			"children": [
				{
					"name": "SmallDoor",
					"from": [ 0.0, 0.0, 0.0 ],
					"to": [ 0.0, 0.0, 0.0 ],
					"rotationOrigin": [ -8.0, 16.0, 7.0 ],
					"faces": {
						"north": { "texture": "#null", "uv": [ 0.0, 0.0, 0.5, 0.5 ], "enabled": false },
						"east": { "texture": "#null", "uv": [ 0.0, 0.0, 0.5, 0.5 ] },
						"south": { "texture": "#null", "uv": [ 0.0, 0.0, 0.5, 0.5 ] },
						"west": { "texture": "#null", "uv": [ 0.0, 0.0, 0.5, 0.5 ] },
						"up": { "texture": "#null", "uv": [ 0.0, 0.0, 0.5, 0.5 ] },
						"down": { "texture": "#null", "uv": [ 0.0, 0.0, 0.5, 0.5 ] }
					},
					"children": [
						{
							"name": "board1",
							"from": [ -8.0, 0.0, 6.0 ],
							"to": [ -4.0, 16.0, 8.0 ],
							"rotationOrigin": [ -6.0, 0.0, 7.0 ],
							"faces": {
								"north": { "texture": "#wood", "uv": [ 8.0, 0.0, 12.0, 16.0 ], "rotation": 180 },
								"east": { "texture": "#wood", "uv": [ 12.0, 0.0, 14.0, 16.0 ] },
								"south": { "texture": "#wood", "uv": [ 0.0, 0.0, 4.0, 16.0 ], "rotation": 180 },
								"west": { "texture": "#wood", "uv": [ 13.0, 0.0, 15.0, 16.0 ], "windMode": [-1,-1,-1,-1], "windData": [0,0,2,2] },
								"up": { "texture": "#wood", "uv": [ 0.0, 4.0, 4.0, 6.0 ] },
								"down": { "texture": "#wood", "uv": [ 0.0, 7.0, 4.0, 9.0 ] }
							},
							"children": [
								{
									"name": "board1-nail-bottom1",
									"from": [ 1.05, 1.05, -0.1 ],
									"to": [ 1.45, 1.45, 2.1 ],
									"rotationOrigin": [ 1.25, 1.25, 1.0 ],
									"faces": {
										"north": { "texture": "#iron", "uv": [ 1.5, 5.5, 2.0, 6.0 ] },
										"east": { "texture": "#iron", "uv": [ 11.5, 13.0, 13.5, 13.5 ] },
										"south": { "texture": "#iron", "uv": [ 10.0, 6.0, 10.5, 6.5 ] },
										"west": { "texture": "#iron", "uv": [ 9.5, 11.5, 11.5, 12.0 ] },
										"up": { "texture": "#iron", "uv": [ 3.5, 12.5, 4.0, 14.5 ] },
										"down": { "texture": "#iron", "uv": [ 10.0, 7.5, 10.5, 9.5 ] }
									}
								},
								{
									"name": "board1-nail-bottom2",
									"from": [ 2.55, 1.05, -0.1 ],
									"to": [ 2.95, 1.45, 2.1 ],
									"rotationOrigin": [ 2.75, 1.25, 1.0 ],
									"faces": {
										"north": { "texture": "#iron", "uv": [ 0.0, 1.0, 0.5, 1.5 ] },
										"east": { "texture": "#iron", "uv": [ 11.0, 0.0, 13.0, 0.5 ] },
										"south": { "texture": "#iron", "uv": [ 12.0, 11.0, 12.5, 11.5 ] },
										"west": { "texture": "#iron", "uv": [ 13.5, 15.0, 15.5, 15.5 ] },
										"up": { "texture": "#iron", "uv": [ 1.0, 3.5, 1.5, 5.5 ] },
										"down": { "texture": "#iron", "uv": [ 0.0, 10.0, 0.5, 12.0 ] }
									}
								},
								{
									"name": "board1-nail-top1",
									"from": [ 1.05, 14.55, -0.1 ],
									"to": [ 1.45, 14.95, 2.1 ],
									"rotationOrigin": [ 1.25, 14.75, 1.0 ],
									"faces": {
										"north": { "texture": "#iron", "uv": [ 0.5, 3.5, 1.0, 4.0 ] },
										"east": { "texture": "#iron", "uv": [ 12.0, 8.0, 14.0, 8.5 ] },
										"south": { "texture": "#iron", "uv": [ 5.0, 8.0, 5.5, 8.5 ] },
										"west": { "texture": "#iron", "uv": [ 10.0, 13.5, 12.0, 14.0 ] },
										"up": { "texture": "#iron", "uv": [ 13.5, 5.5, 14.0, 7.5 ] },
										"down": { "texture": "#iron", "uv": [ 6.5, 11.0, 7.0, 13.0 ] }
									}
								},
								{
									"name": "board1-nail-top2",
									"from": [ 2.55, 14.55, -0.1 ],
									"to": [ 2.95, 14.95, 2.1 ],
									"rotationOrigin": [ 2.75, 14.75, 1.0 ],
									"faces": {
										"north": { "texture": "#iron", "uv": [ 8.0, 13.0, 8.5, 13.5 ] },
										"east": { "texture": "#iron", "uv": [ 9.5, 11.0, 11.5, 11.5 ] },
										"south": { "texture": "#iron", "uv": [ 0.0, 13.5, 0.5, 14.0 ] },
										"west": { "texture": "#iron", "uv": [ 11.0, 15.0, 13.0, 15.5 ] },
										"up": { "texture": "#iron", "uv": [ 13.5, 2.5, 14.0, 4.5 ] },
										"down": { "texture": "#iron", "uv": [ 12.5, 4.0, 13.0, 6.0 ] }
									}
								}
							]
						},
						{
							"name": "board2",
							"from": [ -4.0, 0.0, 6.2 ],
							"to": [ 0.0, 16.0, 8.2 ],
							"rotationOrigin": [ -2.0, 0.0, 7.2 ],
							"faces": {
								"north": { "texture": "#wood", "uv": [ 4.0, 0.0, 8.0, 16.0 ], "rotation": 180 },
								"east": { "texture": "#wood", "uv": [ 14.0, 0.0, 16.0, 16.0 ] },
								"south": { "texture": "#wood", "uv": [ 4.0, 0.0, 8.0, 16.0 ], "rotation": 180 },
								"west": { "texture": "#wood", "uv": [ 12.0, 0.0, 14.0, 16.0 ], "windMode": [-1,-1,-1,-1], "windData": [0,0,2,2] },
								"up": { "texture": "#wood", "uv": [ 4.0, 4.0, 8.0, 6.0 ] },
								"down": { "texture": "#wood", "uv": [ 4.0, 8.0, 8.0, 10.0 ] }
							},
							"children": [
								{
									"name": "board2-nail-bottom1",
									"from": [ 1.05, 1.05, -0.1 ],
									"to": [ 1.45, 1.45, 2.1 ],
									"rotationOrigin": [ 1.25, 1.25, 0.0 ],
									"faces": {
										"north": { "texture": "#iron", "uv": [ 10.5, 2.0, 11.0, 2.5 ] },
										"east": { "texture": "#iron", "uv": [ 6.5, 2.5, 8.5, 3.0 ] },
										"south": { "texture": "#iron", "uv": [ 0.5, 14.5, 1.0, 15.0 ] },
										"west": { "texture": "#iron", "uv": [ 4.0, 12.0, 6.0, 12.5 ] },
										"up": { "texture": "#iron", "uv": [ 1.0, 8.0, 1.5, 10.0 ] },
										"down": { "texture": "#iron", "uv": [ 5.0, 13.5, 5.5, 15.5 ] }
									}
								},
								{
									"name": "board2-nail-bottom2",
									"from": [ 2.55, 1.05, -0.1 ],
									"to": [ 2.95, 1.45, 2.1 ],
									"rotationOrigin": [ 2.75, 1.25, 0.0 ],
									"faces": {
										"north": { "texture": "#iron", "uv": [ 5.5, 1.0, 6.0, 1.5 ] },
										"east": { "texture": "#iron", "uv": [ 2.5, 0.0, 4.5, 0.5 ] },
										"south": { "texture": "#iron", "uv": [ 7.5, 4.5, 8.0, 5.0 ] },
										"west": { "texture": "#iron", "uv": [ 12.0, 5.5, 14.0, 6.0 ] },
										"up": { "texture": "#iron", "uv": [ 13.0, 10.0, 13.5, 12.0 ] },
										"down": { "texture": "#iron", "uv": [ 8.5, 0.0, 9.0, 2.0 ] }
									}
								},
								{
									"name": "board2-nail-top1",
									"from": [ 1.05, 14.55, -0.1 ],
									"to": [ 1.45, 14.95, 2.1 ],
									"rotationOrigin": [ 1.25, 14.75, 0.0 ],
									"faces": {
										"north": { "texture": "#iron", "uv": [ 2.0, 12.5, 2.5, 13.0 ] },
										"east": { "texture": "#iron", "uv": [ 10.0, 10.5, 12.0, 11.0 ] },
										"south": { "texture": "#iron", "uv": [ 8.5, 2.0, 9.0, 2.5 ] },
										"west": { "texture": "#iron", "uv": [ 13.5, 1.5, 15.5, 2.0 ] },
										"up": { "texture": "#iron", "uv": [ 6.5, 6.5, 7.0, 8.5 ] },
										"down": { "texture": "#iron", "uv": [ 4.0, 12.5, 4.5, 14.5 ] }
									}
								},
								{
									"name": "board2-nail-top2",
									"from": [ 2.55, 14.55, -0.1 ],
									"to": [ 2.95, 14.95, 2.1 ],
									"rotationOrigin": [ 2.75, 14.75, 0.0 ],
									"faces": {
										"north": { "texture": "#iron", "uv": [ 14.5, 7.5, 15.0, 8.0 ] },
										"east": { "texture": "#iron", "uv": [ 9.5, 7.0, 11.5, 7.5 ] },
										"south": { "texture": "#iron", "uv": [ 7.5, 7.0, 8.0, 7.5 ] },
										"west": { "texture": "#iron", "uv": [ 9.0, 2.5, 11.0, 3.0 ] },
										"up": { "texture": "#iron", "uv": [ 7.5, 6.0, 8.0, 8.0 ] },
										"down": { "texture": "#iron", "uv": [ 4.0, 3.5, 4.5, 5.5 ] }
									}
								}
							]
						},
						{
							"name": "board3",
							"from": [ 0.0, 0.0, 5.8 ],
							"to": [ 4.0, 16.0, 7.8 ],
							"rotationOrigin": [ 2.0, 0.0, 6.8 ],
							"faces": {
								"north": { "texture": "#wood", "uv": [ 8.0, 0.0, 12.0, 16.0 ], "rotation": 180 },
								"east": { "texture": "#wood", "uv": [ 13.0, 0.0, 15.0, 16.0 ] },
								"south": { "texture": "#wood", "uv": [ 8.0, 0.0, 12.0, 16.0 ], "rotation": 180 },
								"west": { "texture": "#wood", "uv": [ 12.0, 0.0, 14.0, 16.0 ], "windMode": [-1,-1,-1,-1], "windData": [0,0,2,2] },
								"up": { "texture": "#wood", "uv": [ 8.0, 4.0, 12.0, 6.0 ] },
								"down": { "texture": "#wood", "uv": [ 8.0, 8.0, 12.0, 10.0 ] }
							},
							"children": [
								{
									"name": "board3-nail-bottom1",
									"from": [ 1.05, 1.05, -0.1 ],
									"to": [ 1.45, 1.45, 2.1 ],
									"rotationOrigin": [ 1.25, 1.25, 0.0 ],
									"faces": {
										"north": { "texture": "#iron", "uv": [ 6.5, 9.5, 7.0, 10.0 ] },
										"east": { "texture": "#iron", "uv": [ 2.5, 0.5, 4.5, 1.0 ] },
										"south": { "texture": "#iron", "uv": [ 12.5, 1.0, 13.0, 1.5 ] },
										"west": { "texture": "#iron", "uv": [ 3.5, 12.5, 5.5, 13.0 ] },
										"up": { "texture": "#iron", "uv": [ 11.5, 11.0, 12.0, 13.0 ] },
										"down": { "texture": "#iron", "uv": [ 9.0, 6.5, 9.5, 8.5 ] }
									}
								},
								{
									"name": "board3-nail-bottom2",
									"from": [ 2.55, 1.05, -0.1 ],
									"to": [ 2.95, 1.45, 2.1 ],
									"rotationOrigin": [ 2.75, 1.25, 0.0 ],
									"faces": {
										"north": { "texture": "#iron", "uv": [ 3.5, 12.0, 4.0, 12.5 ] },
										"east": { "texture": "#iron", "uv": [ 7.5, 11.0, 9.5, 11.5 ] },
										"south": { "texture": "#iron", "uv": [ 9.0, 11.0, 9.5, 11.5 ] },
										"west": { "texture": "#iron", "uv": [ 13.5, 8.0, 15.5, 8.5 ] },
										"up": { "texture": "#iron", "uv": [ 7.5, 13.5, 8.0, 15.5 ] },
										"down": { "texture": "#iron", "uv": [ 12.0, 11.5, 12.5, 13.5 ] }
									}
								},
								{
									"name": "board3-nail-top1",
									"from": [ 1.05, 14.55, -0.1 ],
									"to": [ 1.45, 14.95, 2.1 ],
									"rotationOrigin": [ 1.25, 14.75, 0.0 ],
									"faces": {
										"north": { "texture": "#iron", "uv": [ 13.5, 4.0, 14.0, 4.5 ] },
										"east": { "texture": "#iron", "uv": [ 4.5, 14.5, 6.5, 15.0 ] },
										"south": { "texture": "#iron", "uv": [ 8.5, 10.5, 9.0, 11.0 ] },
										"west": { "texture": "#iron", "uv": [ 13.5, 5.0, 15.5, 5.5 ] },
										"up": { "texture": "#iron", "uv": [ 10.0, 6.5, 10.5, 8.5 ] },
										"down": { "texture": "#iron", "uv": [ 2.5, 13.0, 3.0, 15.0 ] }
									}
								},
								{
									"name": "board3-nail-top2",
									"from": [ 2.55, 14.55, -0.1 ],
									"to": [ 2.95, 14.95, 2.1 ],
									"rotationOrigin": [ 2.75, 14.75, 0.0 ],
									"faces": {
										"north": { "texture": "#iron", "uv": [ 9.0, 6.5, 9.5, 7.0 ] },
										"east": { "texture": "#iron", "uv": [ 1.5, 9.5, 3.5, 10.0 ] },
										"south": { "texture": "#iron", "uv": [ 9.0, 7.5, 9.5, 8.0 ] },
										"west": { "texture": "#iron", "uv": [ 9.5, 1.5, 11.5, 2.0 ] },
										"up": { "texture": "#iron", "uv": [ 11.0, 12.5, 11.5, 14.5 ] },
										"down": { "texture": "#iron", "uv": [ 15.0, 7.0, 15.5, 9.0 ] }
									}
								}
							]
						},
						{
							"name": "board4",
							"from": [ 4.0, 0.0, 6.0 ],
							"to": [ 8.0, 16.0, 8.0 ],
							"rotationOrigin": [ 6.0, 0.0, 7.0 ],
							"faces": {
								"north": { "texture": "#wood", "uv": [ 4.0, 0.0, 8.0, 16.0 ], "rotation": 180 },
								"east": { "texture": "#wood", "uv": [ 12.0, 0.0, 14.0, 16.0 ] },
								"south": { "texture": "#wood", "uv": [ 0.0, 0.0, 4.0, 16.0 ], "rotation": 180 },
								"west": { "texture": "#wood", "uv": [ 13.0, 0.0, 15.0, 16.0 ], "windMode": [-1,-1,-1,-1], "windData": [0,0,2,2] },
								"up": { "texture": "#wood", "uv": [ 8.0, 2.0, 12.0, 4.0 ], "windMode": [-1,-1,-1,-1], "windData": [2,2,2,2] },
								"down": { "texture": "#wood", "uv": [ 4.0, 7.0, 8.0, 9.0 ], "windMode": [-1,-1,-1,-1] }
							},
							"children": [
								{
									"name": "board4-nail-top1",
									"from": [ 1.05, 14.55, -0.1 ],
									"to": [ 1.45, 14.95, 2.1 ],
									"rotationOrigin": [ 1.25, 14.75, 0.0 ],
									"faces": {
										"north": { "texture": "#iron", "uv": [ 13.5, 4.0, 14.0, 4.5 ] },
										"east": { "texture": "#iron", "uv": [ 4.5, 14.5, 6.5, 15.0 ] },
										"south": { "texture": "#iron", "uv": [ 8.5, 10.5, 9.0, 11.0 ] },
										"west": { "texture": "#iron", "uv": [ 13.5, 5.0, 15.5, 5.5 ] },
										"up": { "texture": "#iron", "uv": [ 10.0, 6.5, 10.5, 8.5 ] },
										"down": { "texture": "#iron", "uv": [ 2.5, 13.0, 3.0, 15.0 ] }
									}
								},
								{
									"name": "board4-nail-top2",
									"from": [ 2.05, 14.55, -0.1 ],
									"to": [ 2.45, 14.95, 2.1 ],
									"rotationOrigin": [ 2.25, 14.75, 0.0 ],
									"faces": {
										"north": { "texture": "#iron", "uv": [ 13.5, 4.0, 14.0, 4.5 ] },
										"east": { "texture": "#iron", "uv": [ 4.5, 14.5, 6.5, 15.0 ] },
										"south": { "texture": "#iron", "uv": [ 8.5, 10.5, 9.0, 11.0 ] },
										"west": { "texture": "#iron", "uv": [ 13.5, 5.0, 15.5, 5.5 ] },
										"up": { "texture": "#iron", "uv": [ 10.0, 6.5, 10.5, 8.5 ] },
										"down": { "texture": "#iron", "uv": [ 2.5, 13.0, 3.0, 15.0 ] }
									}
								},
								{
									"name": "board4-nail-bottom1",
									"from": [ 1.05, 1.05, -0.1 ],
									"to": [ 1.45, 1.45, 2.1 ],
									"rotationOrigin": [ 1.25, 1.25, 0.0 ],
									"faces": {
										"north": { "texture": "#iron", "uv": [ 10.0, 3.5, 10.5, 4.0 ] },
										"east": { "texture": "#iron", "uv": [ 1.0, 5.0, 3.0, 5.5 ] },
										"south": { "texture": "#iron", "uv": [ 13.0, 7.0, 13.5, 7.5 ] },
										"west": { "texture": "#iron", "uv": [ 11.0, 15.0, 13.0, 15.5 ] },
										"up": { "texture": "#iron", "uv": [ 0.5, 11.0, 1.0, 13.0 ] },
										"down": { "texture": "#iron", "uv": [ 5.5, 4.0, 6.0, 6.0 ] }
									}
								},
								{
									"name": "board4-nail-bottom2",
									"from": [ 2.55, 1.05, -0.1 ],
									"to": [ 2.95, 1.45, 2.1 ],
									"rotationOrigin": [ 2.75, 1.25, 0.0 ],
									"faces": {
										"north": { "texture": "#iron", "uv": [ 2.0, 12.5, 2.5, 13.0 ] },
										"east": { "texture": "#iron", "uv": [ 6.0, 11.5, 8.0, 12.0 ] },
										"south": { "texture": "#iron", "uv": [ 7.5, 4.0, 8.0, 4.5 ] },
										"west": { "texture": "#iron", "uv": [ 10.0, 0.5, 12.0, 1.0 ] },
										"up": { "texture": "#iron", "uv": [ 4.5, 5.0, 5.0, 7.0 ] },
										"down": { "texture": "#iron", "uv": [ 8.5, 10.5, 9.0, 12.5 ] }
									}
								}
							]
						},
						{
							"name": "hinge-bottom",
							"from": [ -8.2, 4.0, 5.8 ],
							"to": [ -4.0, 5.0, 8.2 ],
							"rotationOrigin": [ -8.0, 4.5, 7.0 ],
							"faces": {
								"north": { "texture": "#iron", "uv": [ 1.5, 4.0, 5.5, 5.0 ] },
								"east": { "texture": "#iron", "uv": [ 8.5, 10.5, 10.5, 11.5 ] },
								"south": { "texture": "#iron", "uv": [ 1.5, 0.0, 5.5, 1.0 ] },
								"west": { "texture": "#iron", "uv": [ 4.0, 12.5, 6.0, 13.5 ] },
								"up": { "texture": "#iron", "uv": [ 5.5, 12.5, 9.5, 14.5 ] },
								"down": { "texture": "#iron", "uv": [ 4.5, 8.5, 8.5, 10.5 ] }
							}
						},
						{
							"name": "hinge-bottom-detail",
							"from": [ -4.0, 4.0, 6.0 ],
							"to": [ -2.0, 5.0, 8.4 ],
							"rotationOrigin": [ -3.0, 4.5, 6.2 ],
							"faces": {
								"north": { "texture": "#iron", "uv": [ 0.0, 3.5, 2.0, 4.5 ] },
								"east": { "texture": "#iron", "uv": [ 12.5, 6.0, 14.5, 7.0 ] },
								"south": { "texture": "#iron", "uv": [ 12.5, 14.5, 14.5, 15.5 ] },
								"west": { "texture": "#iron", "uv": [ 12.0, 13.0, 14.0, 14.0 ] },
								"up": { "texture": "#iron", "uv": [ 4.0, 1.5, 6.0, 3.5 ] },
								"down": { "texture": "#iron", "uv": [ 0.5, 7.0, 2.5, 9.0 ] }
							},
							"children": [
								{
									"name": "bottom-hingeA",
									"from": [ 0.5, 1.0, 0.0 ],
									"to": [ 1.5, 1.5, 2.4 ],
									"rotationOrigin": [ 0.5, 1.0, 0.0 ],
									"faces": {
										"north": { "texture": "#iron", "uv": [ 9.0, 14.5, 10.0, 15.0 ] },
										"east": { "texture": "#iron", "uv": [ 5.0, 1.5, 7.0, 2.0 ] },
										"south": { "texture": "#iron", "uv": [ 14.5, 13.0, 15.5, 13.5 ] },
										"west": { "texture": "#iron", "uv": [ 10.0, 8.0, 12.0, 8.5 ] },
										"up": { "texture": "#iron", "uv": [ 3.0, 2.0, 4.0, 4.0 ] },
										"down": { "texture": "#null", "uv": [ 1.0, 0.0, 2.0, 2.0 ], "enabled": false }
									}
								},
								{
									"name": "bottom-hingeB",
									"from": [ 0.5, -0.5, 0.0 ],
									"to": [ 1.5, 0.0, 2.4 ],
									"rotationOrigin": [ 0.5, -0.5, 0.0 ],
									"faces": {
										"north": { "texture": "#iron", "uv": [ 2.5, 13.5, 3.5, 14.0 ] },
										"east": { "texture": "#iron", "uv": [ 2.5, 6.5, 4.5, 7.0 ] },
										"south": { "texture": "#iron", "uv": [ 2.0, 13.5, 3.0, 14.0 ] },
										"west": { "texture": "#iron", "uv": [ 11.5, 10.0, 13.5, 10.5 ] },
										"up": { "texture": "#null", "uv": [ 0.0, 0.0, 1.0, 2.0 ], "enabled": false },
										"down": { "texture": "#iron", "uv": [ 7.5, 13.0, 8.5, 15.0 ] }
									}
								}
							]
						},
						{
							"name": "hinge-top",
							"from": [ -8.2, 11.0, 5.8 ],
							"to": [ -4.0, 12.0, 8.2 ],
							"rotationOrigin": [ -8.0, 11.5, 7.0 ],
							"faces": {
								"north": { "texture": "#iron", "uv": [ 1.5, 4.0, 5.5, 5.0 ] },
								"east": { "texture": "#iron", "uv": [ 8.5, 10.5, 10.5, 11.5 ] },
								"south": { "texture": "#iron", "uv": [ 1.5, 0.0, 5.5, 1.0 ] },
								"west": { "texture": "#iron", "uv": [ 4.0, 12.5, 6.0, 13.5 ] },
								"up": { "texture": "#iron", "uv": [ 5.5, 12.5, 9.5, 14.5 ] },
								"down": { "texture": "#iron", "uv": [ 4.5, 8.5, 8.5, 10.5 ] }
							}
						},
						{
							"name": "hinge-top-detail",
							"from": [ -4.0, 11.0, 6.0 ],
							"to": [ -2.0, 12.0, 8.4 ],
							"rotationOrigin": [ -3.0, 11.5, 6.2 ],
							"faces": {
								"north": { "texture": "#iron", "uv": [ 0.0, 3.5, 2.0, 4.5 ] },
								"east": { "texture": "#iron", "uv": [ 12.5, 6.0, 14.5, 7.0 ] },
								"south": { "texture": "#iron", "uv": [ 12.5, 14.5, 14.5, 15.5 ] },
								"west": { "texture": "#iron", "uv": [ 12.0, 13.0, 14.0, 14.0 ] },
								"up": { "texture": "#iron", "uv": [ 4.0, 1.5, 6.0, 3.5 ] },
								"down": { "texture": "#iron", "uv": [ 0.5, 7.0, 2.5, 9.0 ] }
							},
							"children": [
								{
									"name": "bottom-hingeA2",
									"from": [ 0.5, 1.0, 0.0 ],
									"to": [ 1.5, 1.5, 2.4 ],
									"rotationOrigin": [ 0.5, 1.0, 0.0 ],
									"faces": {
										"north": { "texture": "#iron", "uv": [ 9.0, 14.5, 10.0, 15.0 ] },
										"east": { "texture": "#iron", "uv": [ 5.0, 1.5, 7.0, 2.0 ] },
										"south": { "texture": "#iron", "uv": [ 14.5, 13.0, 15.5, 13.5 ] },
										"west": { "texture": "#iron", "uv": [ 10.0, 8.0, 12.0, 8.5 ] },
										"up": { "texture": "#iron", "uv": [ 3.0, 2.0, 4.0, 4.0 ] },
										"down": { "texture": "#null", "uv": [ 1.0, 0.0, 2.0, 2.0 ], "enabled": false }
									}
								},
								{
									"name": "bottom-hingeB2",
									"from": [ 0.5, -0.5, 0.0 ],
									"to": [ 1.5, 0.0, 2.4 ],
									"rotationOrigin": [ 0.5, -0.5, 0.0 ],
									"faces": {
										"north": { "texture": "#iron", "uv": [ 2.5, 13.5, 3.5, 14.0 ] },
										"east": { "texture": "#iron", "uv": [ 2.5, 6.5, 4.5, 7.0 ] },
										"south": { "texture": "#iron", "uv": [ 2.0, 13.5, 3.0, 14.0 ] },
										"west": { "texture": "#iron", "uv": [ 11.5, 10.0, 13.5, 10.5 ] },
										"up": { "texture": "#null", "uv": [ 0.0, 0.0, 1.0, 2.0 ], "enabled": false },
										"down": { "texture": "#iron", "uv": [ 7.5, 13.0, 8.5, 15.0 ] }
									}
								}
							]
						},
						{
							"name": "bottom-handleplate",
							"from": [ 5.0, 4.0, 5.8 ],
							"to": [ 7.0, 12.0, 8.2 ],
							"rotationOrigin": [ 6.0, 8.0, 7.0 ],
							"faces": {
								"north": { "texture": "#null", "uv": [ 0.0, 2.0, 2.0, 10.0 ], "enabled": false },
								"east": { "texture": "#null", "uv": [ 2.0, 2.0, 4.0, 10.0 ], "enabled": false },
								"south": { "texture": "#null", "uv": [ 4.0, 2.0, 6.0, 10.0 ], "enabled": false },
								"west": { "texture": "#null", "uv": [ 6.0, 2.0, 8.0, 10.0 ], "enabled": false },
								"up": { "texture": "#null", "uv": [ 0.0, 0.0, 2.0, 2.0 ], "enabled": false },
								"down": { "texture": "#null", "uv": [ 2.0, 0.0, 4.0, 2.0 ], "enabled": false }
							},
							"children": [
								{
									"name": "bottom-handle1",
									"from": [ 0.5, 0.5, -1.7 ],
									"to": [ 1.5, 1.5, 4.3 ],
									"rotationOrigin": [ 1.0, 1.0, 1.3 ],
									"faces": {
										"north": { "texture": "#wood", "uv": [ 4.0, 10.0, 5.0, 11.0 ] },
										"east": { "texture": "#wood", "uv": [ 4.0, 0.5, 5.0, 6.5 ], "rotation": 90 },
										"south": { "texture": "#wood", "uv": [ 5.0, 2.0, 6.0, 3.0 ] },
										"west": { "texture": "#wood", "uv": [ 3.5, 8.5, 4.5, 14.5 ], "rotation": 90 },
										"up": { "texture": "#wood", "uv": [ 7.5, 5.5, 8.5, 11.5 ] },
										"down": { "texture": "#wood", "uv": [ 7.5, 4.5, 8.5, 10.5 ] }
									}
								},
								{
									"name": "bottom-handle2A",
									"from": [ 0.5, 1.5, 3.3 ],
									"to": [ 1.5, 6.5, 4.3 ],
									"rotationOrigin": [ 1.1, 1.0, 3.8 ],
									"faces": {
										"north": { "texture": "#wood", "uv": [ 7.5, 4.5, 8.5, 9.5 ] },
										"east": { "texture": "#wood", "uv": [ 3.5, 6.5, 4.5, 11.5 ] },
										"south": { "texture": "#wood", "uv": [ 3.5, 7.0, 4.5, 12.0 ] },
										"west": { "texture": "#wood", "uv": [ 3.5, 5.5, 4.5, 10.5 ] },
										"up": { "texture": "#null", "uv": [ 0.0, 0.0, 1.0, 1.0 ], "enabled": false },
										"down": { "texture": "#null", "uv": [ 1.0, 0.0, 2.0, 1.0 ], "enabled": false }
									}
								},
								{
									"name": "bottom-handle2B",
									"from": [ 0.5, 1.5, -1.7 ],
									"to": [ 1.5, 6.5, -0.7 ],
									"rotationOrigin": [ 1.1, 0.9, -1.2 ],
									"faces": {
										"north": { "texture": "#wood", "uv": [ 7.5, 8.5, 8.5, 13.5 ] },
										"east": { "texture": "#wood", "uv": [ 4.0, 5.0, 5.0, 10.0 ] },
										"south": { "texture": "#wood", "uv": [ 4.0, 1.5, 5.0, 6.5 ] },
										"west": { "texture": "#wood", "uv": [ 7.5, 5.5, 8.5, 10.5 ] },
										"up": { "texture": "#null", "uv": [ 0.0, 0.0, 1.0, 1.0 ], "enabled": false },
										"down": { "texture": "#null", "uv": [ 1.0, 0.0, 2.0, 1.0 ], "enabled": false }
									}
								},
								{
									"name": "top-handle",
									"from": [ 0.5, 6.5, -1.7 ],
									"to": [ 1.5, 7.5, 4.3 ],
									"rotationOrigin": [ 1.0, 7.0, 1.3 ],
									"faces": {
										"north": { "texture": "#wood", "uv": [ 8.0, 8.5, 9.0, 9.5 ] },
										"east": { "texture": "#wood", "uv": [ 3.0, 10.0, 4.0, 16.0 ], "rotation": 90 },
										"south": { "texture": "#wood", "uv": [ 7.5, 7.0, 8.5, 8.0 ] },
										"west": { "texture": "#wood", "uv": [ 7.0, 6.5, 8.0, 12.5 ], "rotation": 90 },
										"up": { "texture": "#wood", "uv": [ 7.0, 0.5, 8.0, 6.5 ] },
										"down": { "texture": "#wood", "uv": [ 3.5, 4.0, 4.5, 10.0 ] }
									}
								}
							]
						}
					]
				}
			]
		}
	],
	"animations": [
		{
			"name": "opened",
			"code": "opened",
			"quantityframes": 2,
			"onActivityStopped": "Rewind",
			"onAnimationEnd": "Hold",
			"keyframes": [
				{
					"frame": 0,
					"elements": {
						"origin": { "rotationX": 0.0, "rotationY": 90.0, "rotationZ": 0.0 }
					}
				}
			]
		}
	]
}