{
  "editor": {
    "collapsedPaths": "Root/Surface/LegSupport",
    "allAngles": false,
    "entityTextureMode": false
  },
  "textureWidth": 16,
  "textureHeight": 16,
  "textureSizes": {
    "oak": [16, 16]
  },
  "textures": {},
  "elements": [
    {
      "name": "Surface",
      "from": [2.5, 4.5, 2.5],
      "to": [13.5, 7.0, 13.5],
      "rotationOrigin": [1.5, 7.0, 2.5],
      "faces": {
        "north": { "texture": "#oak", "uv": [1.0, 1.0, 12.0, 3.5] },
        "east": { "texture": "#oak", "uv": [1.0, 5.0, 12.0, 7.5] },
        "south": { "texture": "#oak", "uv": [1.0, 8.5, 12.0, 11.0] },
        "west": { "texture": "#oak", "uv": [1.0, 12.0, 12.0, 14.5] },
        "up": { "texture": "#top", "uv": [1.0, 1.0, 12.0, 12.0] },
        "down": { "texture": "#oak", "uv": [1.0, 1.0, 12.0, 12.0] }
      },
      "children": [
        {
          "name": "cloth",
          "from": [1.0, 2.2, 1.0],
          "to": [10.0, 2.7, 10.0],
          "rotationOrigin": [1.0, 2.2, 1.0],
          "faces": {
            "north": { "texture": "#cover", "uv": [2.5, 6.0, 11.5, 6.5] },
            "east": { "texture": "#cover", "uv": [2.5, 3.5, 11.5, 4.0] },
            "south": { "texture": "#cover", "uv": [2.5, 13.0, 11.5, 13.5] },
            "west": { "texture": "#cover", "uv": [2.5, 2.5, 11.5, 3.0] },
            "up": { "texture": "#cover", "uv": [2.5, 2.5, 11.5, 11.5] },
            "down": {
              "texture": "#null",
              "uv": [0.0, 0.0, 9.0, 9.0],
              "enabled": false
            }
          }
        },
        {
          "name": "leg1",
          "from": [1.0, -6.0, 1.0],
          "to": [3.0, -0.5, 3.0],
          "rotationOrigin": [4.0, 3.5, 4.0],
          "rotationX": 10.0,
          "rotationZ": -10.0,
          "faces": {
            "north": {
              "texture": "#oak",
              "uv": [0.5, 2.5, 6.0, 4.5],
              "rotation": 90
            },
            "east": {
              "texture": "#oak",
              "uv": [2.0, 10.0, 7.5, 12.0],
              "rotation": 90
            },
            "south": {
              "texture": "#oak",
              "uv": [5.0, 6.0, 10.5, 8.0],
              "rotation": 90
            },
            "west": {
              "texture": "#oak",
              "uv": [4.0, 6.0, 9.5, 8.0],
              "rotation": 90
            },
            "up": {
              "texture": "#null",
              "uv": [0.0, 0.0, 2.0, 2.0],
              "enabled": false
            },
            "down": { "texture": "#oak", "uv": [2.0, 9.0, 4.0, 11.0] }
          }
        },
        {
          "name": "leg3",
          "from": [8.0, -6.0, 1.0],
          "to": [10.0, -0.5, 3.0],
          "rotationOrigin": [8.0, 3.5, 3.5],
          "rotationX": 10.0,
          "rotationZ": 10.0,
          "faces": {
            "north": {
              "texture": "#oak",
              "uv": [1.0, 12.5, 6.5, 14.5],
              "rotation": 90
            },
            "east": {
              "texture": "#oak",
              "uv": [0.5, 3.5, 6.0, 5.5],
              "rotation": 90
            },
            "south": {
              "texture": "#oak",
              "uv": [5.5, 10.0, 11.0, 12.0],
              "rotation": 90
            },
            "west": {
              "texture": "#oak",
              "uv": [5.5, 2.0, 11.0, 4.0],
              "rotation": 90
            },
            "up": {
              "texture": "#null",
              "uv": [0.0, 0.0, 2.0, 2.0],
              "enabled": false
            },
            "down": { "texture": "#oak", "uv": [2.5, 0.0, 4.5, 2.0] }
          }
        },
        {
          "name": "leg4",
          "from": [8.0, -6.0, 8.0],
          "to": [10.0, -0.5, 10.0],
          "rotationOrigin": [8.0, 3.5, 8.0],
          "rotationX": -10.0,
          "rotationZ": 10.0,
          "faces": {
            "north": {
              "texture": "#oak",
              "uv": [2.0, 1.5, 7.5, 3.5],
              "rotation": 90
            },
            "east": {
              "texture": "#oak",
              "uv": [5.0, 0.0, 10.5, 2.0],
              "rotation": 90
            },
            "south": {
              "texture": "#oak",
              "uv": [1.0, 2.5, 6.5, 4.5],
              "rotation": 90
            },
            "west": {
              "texture": "#oak",
              "uv": [3.0, 5.5, 8.5, 7.5],
              "rotation": 90
            },
            "up": {
              "texture": "#null",
              "uv": [0.0, 0.0, 2.0, 2.0],
              "enabled": false
            },
            "down": { "texture": "#oak", "uv": [9.0, 6.5, 11.0, 8.5] }
          }
        },
        {
          "name": "leg5",
          "from": [1.0, -6.0, 8.0],
          "to": [3.0, -0.5, 10.0],
          "rotationOrigin": [4.0, 3.5, 8.0],
          "rotationX": -10.0,
          "rotationZ": -10.0,
          "faces": {
            "north": {
              "texture": "#oak",
              "uv": [5.0, 9.5, 10.5, 11.5],
              "rotation": 90
            },
            "east": {
              "texture": "#oak",
              "uv": [3.0, 0.5, 8.5, 2.5],
              "rotation": 90
            },
            "south": {
              "texture": "#oak",
              "uv": [0.0, 11.5, 5.5, 13.5],
              "rotation": 90
            },
            "west": {
              "texture": "#oak",
              "uv": [2.0, 1.5, 7.5, 3.5],
              "rotation": 90
            },
            "up": {
              "texture": "#null",
              "uv": [0.0, 0.0, 2.0, 2.0],
              "enabled": false
            },
            "down": { "texture": "#oak", "uv": [3.5, 12.5, 5.5, 14.5] }
          }
        },
        {
          "name": "LegSupport",
          "from": [0.0, 1.0, 0.0],
          "to": [0.0, 1.0, 0.0],
          "rotationOrigin": [0.0, 1.0, 0.0],
          "faces": {
            "north": {
              "texture": "#null",
              "uv": [0.0, 0.0, 0.5, 0.5],
              "enabled": false
            },
            "east": { "texture": "#null", "uv": [0.0, 0.0, 0.5, 0.5] },
            "south": { "texture": "#null", "uv": [0.0, 0.0, 0.5, 0.5] },
            "west": { "texture": "#null", "uv": [0.0, 0.0, 0.5, 0.5] },
            "up": { "texture": "#null", "uv": [0.0, 0.0, 0.5, 0.5] },
            "down": { "texture": "#null", "uv": [0.0, 0.0, 0.5, 0.5] }
          },
          "children": [
            {
              "name": "Cube2",
              "from": [0.5, -3.5, 1.5],
              "to": [1.5, -2.5, 9.5],
              "rotationOrigin": [1.5, -2.5, 1.5],
              "rotationZ": -10.0,
              "faces": {
                "north": { "texture": "#oak", "uv": [0.0, 0.0, 1.0, 1.0] },
                "east": { "texture": "#oak", "uv": [0.0, 0.0, 8.0, 1.0] },
                "south": { "texture": "#oak", "uv": [0.0, 0.0, 1.0, 1.0] },
                "west": { "texture": "#oak", "uv": [0.0, 0.0, 8.0, 1.0] },
                "up": { "texture": "#oak", "uv": [0.0, 0.0, 1.0, 8.0] },
                "down": { "texture": "#oak", "uv": [0.0, 0.0, 1.0, 8.0] }
              }
            },
            {
              "name": "Cube3",
              "from": [9.5, -3.5, 1.5],
              "to": [10.5, -2.5, 9.5],
              "rotationOrigin": [9.5, -2.5, 1.5],
              "rotationZ": 10.0,
              "faces": {
                "north": { "texture": "#oak", "uv": [0.0, 0.0, 1.0, 1.0] },
                "east": { "texture": "#oak", "uv": [0.0, 0.0, 8.0, 1.0] },
                "south": { "texture": "#oak", "uv": [0.0, 0.0, 1.0, 1.0] },
                "west": { "texture": "#oak", "uv": [0.0, 0.0, 8.0, 1.0] },
                "up": { "texture": "#oak", "uv": [0.0, 0.0, 1.0, 8.0] },
                "down": { "texture": "#oak", "uv": [0.0, 0.0, 1.0, 8.0] }
              }
            },
            {
              "name": "Cube4",
              "from": [1.5, -3.5, 0.5],
              "to": [9.5, -2.5, 1.5],
              "rotationOrigin": [2.5, -2.5, 1.5],
              "rotationX": 10.0,
              "faces": {
                "north": { "texture": "#oak", "uv": [0.0, 0.0, 8.0, 1.0] },
                "east": { "texture": "#oak", "uv": [0.0, 0.0, 1.0, 1.0] },
                "south": { "texture": "#oak", "uv": [0.0, 0.0, 8.0, 1.0] },
                "west": { "texture": "#oak", "uv": [0.0, 0.0, 1.0, 1.0] },
                "up": { "texture": "#oak", "uv": [0.0, 0.0, 8.0, 1.0] },
                "down": { "texture": "#oak", "uv": [0.0, 0.0, 8.0, 1.0] }
              }
            },
            {
              "name": "Cube5",
              "from": [1.5, -3.5, 9.5],
              "to": [9.5, -2.5, 10.5],
              "rotationOrigin": [3.5, -2.5, 9.5],
              "rotationX": -10.0,
              "rotationY": 0.0,
              "rotationZ": 1.0,
              "faces": {
                "north": { "texture": "#oak", "uv": [0.0, 0.0, 8.0, 1.0] },
                "east": { "texture": "#oak", "uv": [0.0, 0.0, 1.0, 1.0] },
                "south": { "texture": "#oak", "uv": [0.0, 0.0, 8.0, 1.0] },
                "west": { "texture": "#oak", "uv": [0.0, 0.0, 1.0, 1.0] },
                "up": { "texture": "#oak", "uv": [0.0, 0.0, 8.0, 1.0] },
                "down": { "texture": "#oak", "uv": [0.0, 0.0, 8.0, 1.0] }
              }
            }
          ]
        }
      ]
    }
  ]
}
