{
	"editor": {
		"allAngles": true,
		"entityTextureMode": true
	},
	"textureWidth": 32,
	"textureHeight": 16,
	"textureSizes": {
	},
	"textures": {
	},
	"elements": [
		{
			"name": "Body",
			"from": [ 7.7, 1.05, 7.5 ],
			"to": [ 8.9, 1.85, 8.5 ],
			"uv": [ 0.0, 0.0 ],
			"rotationOrigin": [ 8.4, 1.1, 8.0 ],
			"rotationZ": 39.0,
			"faces": {
				"north": { "texture": "#grade", "uv": [ 0.0, 5.0, 6.0, 9.0 ], "autoUv": false },
				"east": { "texture": "#grade", "uv": [ 6.0, 5.0, 11.0, 9.0 ], "autoUv": false },
				"south": { "texture": "#grade", "uv": [ 11.0, 5.0, 17.0, 9.0 ], "autoUv": false },
				"west": { "texture": "#grade", "uv": [ 17.0, 5.0, 22.0, 9.0 ], "autoUv": false },
				"up": { "texture": "#grade", "uv": [ 0.0, 0.0, 6.0, 5.0 ], "autoUv": false },
				"down": { "texture": "#grade", "uv": [ 6.0, 0.0, 12.0, 5.0 ], "autoUv": false }
			},
			"children": [
				{
					"name": "throat",
					"from": [ 0.0, 0.3, 0.3 ],
					"to": [ 0.4, 0.9, 0.7 ],
					"uv": [ 12.0, 0.0 ],
					"rotationOrigin": [ 0.06, 0.3, 0.5 ],
					"rotationZ": 94.0,
					"faces": {
						"north": { "texture": "#grade", "uv": [ 12.0, 2.0, 14.0, 5.0 ], "autoUv": false },
						"east": { "texture": "#grade", "uv": [ 14.0, 2.0, 16.0, 5.0 ], "autoUv": false },
						"south": { "texture": "#grade", "uv": [ 16.0, 2.0, 18.0, 5.0 ], "autoUv": false },
						"west": { "texture": "#grade", "uv": [ 18.0, 2.0, 20.0, 5.0 ], "autoUv": false },
						"up": { "texture": "#grade", "uv": [ 12.0, 0.0, 14.0, 2.0 ], "autoUv": false },
						"down": { "texture": "#grade", "uv": [ 14.0, 0.0, 16.0, 2.0 ], "autoUv": false }
					},
					"children": [
						{
							"name": "head",
							"from": [ -0.08, 0.4, -0.02 ],
							"to": [ 0.32, 0.8, 0.42 ],
							"uv": [ 0.0, 9.0 ],
							"rotationOrigin": [ 0.2, 0.4, 0.2 ],
							"rotationZ": -42.0,
							"faces": {
								"north": { "texture": "#grade", "uv": [ 0.0, 11.0, 2.0, 13.0 ], "autoUv": false },
								"east": { "texture": "#grade", "uv": [ 2.0, 11.0, 4.0, 13.0 ], "autoUv": false },
								"south": { "texture": "#grade", "uv": [ 4.0, 11.0, 6.0, 13.0 ], "autoUv": false },
								"west": { "texture": "#grade", "uv": [ 6.0, 11.0, 8.0, 13.0 ], "autoUv": false },
								"up": { "texture": "#grade", "uv": [ 0.0, 9.0, 2.0, 11.0 ], "autoUv": false },
								"down": { "texture": "#grade", "uv": [ 2.0, 9.0, 4.0, 11.0 ], "autoUv": false }
							},
							"children": [
								{
									"name": "comb",
									"from": [ 0.1, 0.32, 0.22 ],
									"to": [ 0.3, 0.52, 0.22 ],
									"uv": [ 14.0, 9.0 ],
									"rotationOrigin": [ 0.2, 0.4, 0.22 ],
									"rotationZ": -10.0,
									"faces": {
										"north": { "texture": "#grade", "uv": [ 14.0, 9.0, 15.0, 10.0 ], "autoUv": false },
										"south": { "texture": "#grade", "uv": [ 15.0, 9.0, 16.0, 10.0 ], "autoUv": false }
									}
								},
								{
									"name": "beak",
									"from": [ -0.16, 0.14, 0.16 ],
									"to": [ 0.0, 0.24, 0.28 ],
									"uv": [ 14.0, 10.0 ],
									"rotationOrigin": [ 0.0, 0.2, 0.22 ],
									"faces": {
										"north": { "texture": "#grade", "uv": [ 14.0, 10.5, 14.5, 11.0 ], "autoUv": false },
										"south": { "texture": "#grade", "uv": [ 14.5, 10.5, 15.0, 11.0 ], "autoUv": false },
										"west": { "texture": "#grade", "uv": [ 15.0, 10.5, 15.5, 11.0 ], "autoUv": false },
										"up": { "texture": "#grade", "uv": [ 14.0, 10.0, 14.5, 10.5 ], "autoUv": false },
										"down": { "texture": "#grade", "uv": [ 14.5, 10.0, 15.0, 10.5 ], "autoUv": false }
									}
								}
							]
						}
					],
					"attachmentpoints": [
						{
							"code": "rope",
							"posX": "1.0","posY": "1.0","posZ": "1.0",
							"rotationX": "0.0","rotationY": "0.0","rotationZ": "0.0"
						}
					]
				},
				{
					"name": "tail",
					"from": [ 1.0, 0.4, 0.3 ],
					"to": [ 1.8, 0.8, 0.7 ],
					"uv": [ 22.0, 4.0 ],
					"rotationOrigin": [ 1.2, 0.6, 0.5 ],
					"rotationZ": 20.0,
					"faces": {
						"north": { "texture": "#grade", "uv": [ 22.0, 6.0, 26.0, 8.0 ], "autoUv": false },
						"south": { "texture": "#grade", "uv": [ 26.0, 6.0, 30.0, 8.0 ], "autoUv": false },
						"west": { "texture": "#grade", "uv": [ 30.0, 6.0, 32.0, 8.0 ], "autoUv": false },
						"up": { "texture": "#grade", "uv": [ 22.0, 4.0, 26.0, 6.0 ], "autoUv": false }
					}
				},
				{
					"name": "thighs right",
					"from": [ 0.4, -0.2, 0.1 ],
					"to": [ 1.0, 0.4, 0.5 ],
					"uv": [ 8.0, 9.0 ],
					"rotationOrigin": [ 0.7, 0.0, 0.3 ],
					"rotationZ": -25.0,
					"faces": {
						"north": { "texture": "#grade", "uv": [ 8.0, 11.0, 11.0, 14.0 ], "autoUv": false },
						"east": { "texture": "#grade", "uv": [ 11.0, 11.0, 13.0, 14.0 ], "autoUv": false },
						"south": { "texture": "#grade", "uv": [ 13.0, 11.0, 16.0, 14.0 ], "autoUv": false },
						"west": { "texture": "#grade", "uv": [ 16.0, 11.0, 18.0, 14.0 ], "autoUv": false },
						"up": { "texture": "#grade", "uv": [ 8.0, 9.0, 11.0, 11.0 ], "autoUv": false },
						"down": { "texture": "#grade", "uv": [ 11.0, 9.0, 14.0, 11.0 ], "autoUv": false }
					},
					"children": [
						{
							"name": "leg right",
							"from": [ 0.2, -0.6, 0.1 ],
							"to": [ 0.4, 0.2, 0.3 ],
							"uv": [ 28.0, 8.0 ],
							"rotationOrigin": [ 0.3, 0.2, 0.2 ],
							"rotationZ": -14.0,
							"faces": {
								"north": { "texture": "#grade", "uv": [ 28.0, 9.0, 29.0, 13.0 ], "autoUv": false },
								"east": { "texture": "#grade", "uv": [ 29.0, 9.0, 30.0, 13.0 ], "autoUv": false },
								"south": { "texture": "#grade", "uv": [ 30.0, 9.0, 31.0, 13.0 ], "autoUv": false },
								"west": { "texture": "#grade", "uv": [ 31.0, 9.0, 32.0, 13.0 ], "autoUv": false },
								"down": { "texture": "#grade", "uv": [ 28.0, 8.0, 29.0, 9.0 ], "autoUv": false }
							},
							"children": [
								{
									"name": "toes right",
									"from": [ -0.2, 0.0, -0.2 ],
									"to": [ 0.2, 0.0, 0.2 ],
									"autoUnwrap": false,
									"uv": [ 4.0, 9.0 ],
									"rotationOrigin": [ 0.0, 0.0, 0.1 ],
									"faces": {
										"up": { "texture": "#grade", "uv": [ 4.0, 9.0, 6.0, 11.0 ], "rotation": 270, "autoUv": false }
									}
								}
							]
						}
					]
				},
				{
					"name": "thighs left",
					"from": [ 0.4, -0.2, 0.5 ],
					"to": [ 1.0, 0.4, 0.9 ],
					"uv": [ 8.0, 9.0 ],
					"rotationOrigin": [ 0.7, 0.0, 0.7 ],
					"rotationZ": -25.0,
					"faces": {
						"north": { "texture": "#grade", "uv": [ 8.0, 11.0, 11.0, 14.0 ], "autoUv": false },
						"east": { "texture": "#grade", "uv": [ 11.0, 11.0, 13.0, 14.0 ], "autoUv": false },
						"south": { "texture": "#grade", "uv": [ 13.0, 11.0, 16.0, 14.0 ], "autoUv": false },
						"west": { "texture": "#grade", "uv": [ 16.0, 11.0, 18.0, 14.0 ], "autoUv": false },
						"down": { "texture": "#grade", "uv": [ 8.0, 9.0, 11.0, 11.0 ], "autoUv": false }
					},
					"children": [
						{
							"name": "leg left",
							"from": [ 0.2, -0.6, 0.1 ],
							"to": [ 0.4, 0.2, 0.3 ],
							"uv": [ 24.0, 8.0 ],
							"rotationOrigin": [ 0.3, 0.2, 0.2 ],
							"rotationZ": -14.0,
							"faces": {
								"north": { "texture": "#grade", "uv": [ 24.0, 9.0, 25.0, 13.0 ], "autoUv": false },
								"east": { "texture": "#grade", "uv": [ 25.0, 9.0, 26.0, 13.0 ], "autoUv": false },
								"south": { "texture": "#grade", "uv": [ 26.0, 9.0, 27.0, 13.0 ], "autoUv": false },
								"west": { "texture": "#grade", "uv": [ 27.0, 9.0, 28.0, 13.0 ], "autoUv": false },
								"down": { "texture": "#grade", "uv": [ 24.0, 8.0, 25.0, 9.0 ], "autoUv": false }
							},
							"children": [
								{
									"name": "toes left",
									"from": [ -0.2, 0.0, 0.0 ],
									"to": [ 0.2, 0.0, 0.4 ],
									"unwrapMode": 5,
									"autoUnwrap": false,
									"uv": [ 6.0, 9.0 ],
									"rotationOrigin": [ 0.0, 0.0, 0.1 ],
									"faces": {
										"up": { "texture": "#grade", "uv": [ 6.0, 9.0, 8.0, 11.0 ], "rotation": 90, "autoUv": false }
									}
								}
							]
						}
					]
				},
				{
					"name": "right wing",
					"from": [ 0.1, 0.16, -0.1 ],
					"to": [ 1.1, 0.76, 0.1 ],
					"uv": [ 20.0, 0.0 ],
					"rotationOrigin": [ 0.2, 0.7, 0.0 ],
					"rotationY": 17.0,
					"rotationZ": 10.0,
					"faces": {
						"north": { "texture": "#grade", "uv": [ 20.0, 1.0, 25.0, 4.0 ], "autoUv": false },
						"east": { "texture": "#grade", "uv": [ 25.0, 1.0, 26.0, 4.0 ], "autoUv": false },
						"south": { "texture": "#grade", "uv": [ 26.0, 1.0, 31.0, 4.0 ], "autoUv": false },
						"west": { "texture": "#grade", "uv": [ 31.0, 1.0, 32.0, 4.0 ], "autoUv": false },
						"up": { "texture": "#grade", "uv": [ 20.0, 0.0, 25.0, 1.0 ], "autoUv": false }
					}
				},
				{
					"name": "left wing",
					"from": [ 0.1, 0.16, 0.9 ],
					"to": [ 1.1, 0.76, 1.1 ],
					"uv": [ 18.0, 12.0 ],
					"rotationOrigin": [ 0.2, 0.7, 1.0 ],
					"rotationY": -14.0,
					"rotationZ": 10.0,
					"faces": {
						"north": { "texture": "#grade", "uv": [ 18.0, 13.0, 23.0, 16.0 ], "autoUv": false },
						"east": { "texture": "#grade", "uv": [ 23.0, 13.0, 24.0, 16.0 ], "autoUv": false },
						"south": { "texture": "#grade", "uv": [ 24.0, 13.0, 29.0, 16.0 ], "autoUv": false },
						"west": { "texture": "#grade", "uv": [ 29.0, 13.0, 30.0, 16.0 ], "autoUv": false },
						"up": { "texture": "#grade", "uv": [ 18.0, 12.0, 23.0, 13.0 ], "autoUv": false }
					}
				}
			],
			"attachmentpoints": [
				{
					"code": "Center",
					"posX": "3.0","posY": "2.0","posZ": "2.5",
					"rotationX": "0.0","rotationY": "0.0","rotationZ": "0.0"
				}
			]
		},
		{
			"name": "Base2",
			"from": [ 8.0, 0.0, 8.0 ],
			"to": [ 9.0, 0.25, 9.0 ],
			"unwrapMode": 4,
			"uv": [ 1.0, 0.5 ],
			"rotationOrigin": [ 8.3774, 0.0349, 8.3095 ],
			"faces": {
				"north": { "texture": "#base", "uv": [ 1.0, 6.0, 6.5, 11.0 ], "autoUv": false },
				"east": { "texture": "#base", "uv": [ 17.0, 6.0, 22.0, 11.0 ], "autoUv": false },
				"south": { "texture": "#base", "uv": [ 11.5, 6.0, 17.0, 11.0 ], "autoUv": false },
				"west": { "texture": "#base", "uv": [ 6.5, 6.0, 11.5, 11.0 ], "autoUv": false },
				"up": { "texture": "#base", "uv": [ 6.5, 0.5, 11.5, 6.0 ], "rotation": 90, "autoUv": false },
				"down": { "texture": "#base", "uv": [ 6.5, 11.0, 11.5, 16.5 ], "rotation": 90, "autoUv": false }
			},
			"children": [
				{
					"name": "Base3",
					"from": [ -1.0, 0.0, 0.0 ],
					"to": [ 0.0, 0.25, 1.0 ],
					"unwrapMode": 4,
					"uv": [ 1.0, 0.5 ],
					"rotationOrigin": [ -0.6226, 0.0049, 0.3096 ],
					"faces": {
						"north": { "texture": "#base", "uv": [ 1.0, 6.0, 6.5, 11.0 ], "autoUv": false },
						"east": { "texture": "#base", "uv": [ 17.0, 6.0, 22.0, 11.0 ], "autoUv": false },
						"south": { "texture": "#base", "uv": [ 11.5, 6.0, 17.0, 11.0 ], "autoUv": false },
						"west": { "texture": "#base", "uv": [ 6.5, 6.0, 11.5, 11.0 ], "autoUv": false },
						"up": { "texture": "#base", "uv": [ 6.5, 0.5, 11.5, 6.0 ], "rotation": 90, "autoUv": false },
						"down": { "texture": "#base", "uv": [ 6.5, 11.0, 11.5, 16.5 ], "rotation": 90, "autoUv": false }
					}
				},
				{
					"name": "Base4",
					"from": [ -1.6, 0.0, 0.0 ],
					"to": [ -1.0, 0.25, 1.0 ],
					"unwrapMode": 4,
					"uv": [ 1.0, 0.5 ],
					"rotationOrigin": [ -1.2226, 0.0049, 0.3096 ],
					"faces": {
						"north": { "texture": "#base", "uv": [ 1.0, 6.0, 6.5, 11.0 ], "autoUv": false },
						"east": { "texture": "#base", "uv": [ 17.0, 6.0, 22.0, 11.0 ], "autoUv": false },
						"south": { "texture": "#base", "uv": [ 11.5, 6.0, 17.0, 11.0 ], "autoUv": false },
						"west": { "texture": "#base", "uv": [ 6.5, 6.0, 11.5, 11.0 ], "autoUv": false },
						"up": { "texture": "#base", "uv": [ 6.5, 0.5, 11.5, 6.0 ], "rotation": 90, "autoUv": false },
						"down": { "texture": "#base", "uv": [ 6.5, 11.0, 11.5, 16.5 ], "rotation": 90, "autoUv": false }
					}
				},
				{
					"name": "Base5",
					"from": [ -1.6, 0.0, -1.0 ],
					"to": [ -1.0, 0.25, 0.0 ],
					"unwrapMode": 4,
					"uv": [ 1.0, 0.5 ],
					"rotationOrigin": [ -1.2226, 0.0049, -0.6905 ],
					"faces": {
						"north": { "texture": "#base", "uv": [ 1.0, 6.0, 6.5, 11.0 ], "autoUv": false },
						"east": { "texture": "#base", "uv": [ 17.0, 6.0, 22.0, 11.0 ], "autoUv": false },
						"south": { "texture": "#base", "uv": [ 11.5, 6.0, 17.0, 11.0 ], "autoUv": false },
						"west": { "texture": "#base", "uv": [ 6.5, 6.0, 11.5, 11.0 ], "autoUv": false },
						"up": { "texture": "#base", "uv": [ 6.5, 0.5, 11.5, 6.0 ], "rotation": 90, "autoUv": false },
						"down": { "texture": "#base", "uv": [ 6.5, 11.0, 11.5, 16.5 ], "rotation": 90, "autoUv": false }
					}
				},
				{
					"name": "Base12",
					"from": [ -1.0, 0.0, -1.0 ],
					"to": [ 0.0, 0.25, 0.0 ],
					"unwrapMode": 4,
					"uv": [ 1.0, 0.5 ],
					"rotationOrigin": [ -0.6226, 0.0049, -0.6905 ],
					"faces": {
						"north": { "texture": "#base", "uv": [ 1.0, 6.0, 6.5, 11.0 ], "autoUv": false },
						"east": { "texture": "#base", "uv": [ 17.0, 6.0, 22.0, 11.0 ], "autoUv": false },
						"south": { "texture": "#base", "uv": [ 11.5, 6.0, 17.0, 11.0 ], "autoUv": false },
						"west": { "texture": "#base", "uv": [ 6.5, 6.0, 11.5, 11.0 ], "autoUv": false },
						"up": { "texture": "#base", "uv": [ 6.5, 0.5, 11.5, 6.0 ], "rotation": 90, "autoUv": false },
						"down": { "texture": "#base", "uv": [ 6.5, 11.0, 11.5, 16.5 ], "rotation": 90, "autoUv": false }
					}
				},
				{
					"name": "Base13",
					"from": [ 1.0, 0.0, 0.0 ],
					"to": [ 1.6, 0.25, 1.0 ],
					"unwrapMode": 4,
					"uv": [ 1.0, 0.5 ],
					"rotationOrigin": [ 1.3774, 0.0049, 0.3096 ],
					"faces": {
						"north": { "texture": "#base", "uv": [ 1.0, 6.0, 6.5, 11.0 ], "autoUv": false },
						"east": { "texture": "#base", "uv": [ 17.0, 6.0, 22.0, 11.0 ], "autoUv": false },
						"south": { "texture": "#base", "uv": [ 11.5, 6.0, 17.0, 11.0 ], "autoUv": false },
						"west": { "texture": "#base", "uv": [ 6.5, 6.0, 11.5, 11.0 ], "autoUv": false },
						"up": { "texture": "#base", "uv": [ 6.5, 0.5, 11.5, 6.0 ], "rotation": 90, "autoUv": false },
						"down": { "texture": "#base", "uv": [ 6.5, 11.0, 11.5, 16.5 ], "rotation": 90, "autoUv": false }
					}
				},
				{
					"name": "Base14",
					"from": [ 1.0, 0.0, -1.0 ],
					"to": [ 1.6, 0.25, 0.0 ],
					"unwrapMode": 4,
					"uv": [ 1.0, 0.5 ],
					"rotationOrigin": [ 1.3774, 0.0049, -0.6905 ],
					"faces": {
						"north": { "texture": "#base", "uv": [ 1.0, 6.0, 6.5, 11.0 ], "autoUv": false },
						"east": { "texture": "#base", "uv": [ 17.0, 6.0, 22.0, 11.0 ], "autoUv": false },
						"south": { "texture": "#base", "uv": [ 11.5, 6.0, 17.0, 11.0 ], "autoUv": false },
						"west": { "texture": "#base", "uv": [ 6.5, 6.0, 11.5, 11.0 ], "autoUv": false },
						"up": { "texture": "#base", "uv": [ 6.5, 0.5, 11.5, 6.0 ], "rotation": 90, "autoUv": false },
						"down": { "texture": "#base", "uv": [ 6.5, 11.0, 11.5, 16.5 ], "rotation": 90, "autoUv": false }
					}
				},
				{
					"name": "Base17",
					"from": [ 0.0, 0.0, -1.0 ],
					"to": [ 1.0, 0.25, 0.0 ],
					"unwrapMode": 4,
					"uv": [ 1.0, 0.5 ],
					"rotationOrigin": [ 0.3774, 0.0049, -0.6904 ],
					"faces": {
						"north": { "texture": "#base", "uv": [ 1.0, 6.0, 6.5, 11.0 ], "autoUv": false },
						"east": { "texture": "#base", "uv": [ 17.0, 6.0, 22.0, 11.0 ], "autoUv": false },
						"south": { "texture": "#base", "uv": [ 11.5, 6.0, 17.0, 11.0 ], "autoUv": false },
						"west": { "texture": "#base", "uv": [ 6.5, 6.0, 11.5, 11.0 ], "autoUv": false },
						"up": { "texture": "#base", "uv": [ 6.5, 0.5, 11.5, 6.0 ], "rotation": 90, "autoUv": false },
						"down": { "texture": "#base", "uv": [ 6.5, 11.0, 11.5, 16.5 ], "rotation": 90, "autoUv": false }
					}
				}
			]
		}
	],
	"animations": [
		{
			"name": "Eat",
			"code": "eat",
			"quantityframes": 26,
			"onActivityStopped": "EaseOut",
			"onAnimationEnd": "Repeat",
			"keyframes": [
				{
					"frame": 3,
					"elements": {
						"Body": { "offsetX": 0.0, "offsetY": -0.1, "offsetZ": 0.0, "rotationX": 0.0, "rotationY": 0.0, "rotationZ": 17.0 },
						"throat": { "offsetX": -0.08, "offsetY": 0.0, "offsetZ": 0.0, "rotationX": 0.0, "rotationY": 0.0, "rotationZ": 69.0 },
						"head": { "offsetX": -0.04, "offsetY": 0.0, "offsetZ": 0.0, "rotationX": 0.0, "rotationY": 0.0, "rotationZ": 0.0 },
						"leg right": { "offsetX": 0.0, "offsetY": 0.1, "offsetZ": 0.0, "rotationX": 0.0, "rotationY": 0.0, "rotationZ": -17.0 },
						"leg left": { "offsetX": 0.0, "offsetY": 0.1, "offsetZ": 0.0, "rotationX": 0.0, "rotationY": 0.0, "rotationZ": -17.0 }
					}
				},
				{
					"frame": 6,
					"elements": {
						"Body": { "offsetX": 0.0, "offsetY": -0.1, "offsetZ": 0.0, "rotationX": 0.0, "rotationY": 0.0, "rotationZ": 22.0 },
						"throat": { "offsetX": -0.08, "offsetY": 0.0, "offsetZ": 0.0, "rotationX": 0.0, "rotationY": 0.0, "rotationZ": 83.0 },
						"head": { "offsetX": -0.1, "offsetY": 0.0, "offsetZ": 0.0, "rotationX": 0.0, "rotationY": 0.0, "rotationZ": -22.5 },
						"leg right": { "offsetX": 0.0, "offsetY": 0.1, "offsetZ": 0.0, "rotationX": 0.0, "rotationY": 0.0, "rotationZ": -22.0 },
						"leg left": { "offsetX": 0.0, "offsetY": 0.1, "offsetZ": 0.0, "rotationX": 0.0, "rotationY": 0.0, "rotationZ": -22.0 }
					}
				},
				{
					"frame": 9,
					"elements": {
						"Body": { "offsetX": 0.0, "offsetY": -0.1, "offsetZ": 0.0, "rotationX": 0.0, "rotationY": 0.0, "rotationZ": 17.0 },
						"throat": { "offsetX": -0.08, "offsetY": 0.0, "offsetZ": 0.0, "rotationX": 0.0, "rotationY": 0.0, "rotationZ": 69.0 },
						"head": { "offsetX": -0.04, "offsetY": 0.0, "offsetZ": 0.0, "rotationX": 0.0, "rotationY": 0.0, "rotationZ": 0.0 },
						"leg right": { "offsetX": 0.0, "offsetY": 0.1, "offsetZ": 0.0, "rotationX": 0.0, "rotationY": 0.0, "rotationZ": -17.0 },
						"leg left": { "offsetX": 0.0, "offsetY": 0.1, "offsetZ": 0.0, "rotationX": 0.0, "rotationY": 0.0, "rotationZ": -17.0 }
					}
				},
				{
					"frame": 11,
					"elements": {
						"Body": { "offsetX": 0.0, "offsetY": -0.1, "offsetZ": 0.0, "rotationX": 0.0, "rotationY": 0.0, "rotationZ": 17.0 },
						"throat": { "offsetX": -0.08, "offsetY": 0.0, "offsetZ": 0.0, "rotationX": 0.0, "rotationY": 0.0, "rotationZ": 69.0 },
						"head": { "offsetX": -0.04, "offsetY": 0.0, "offsetZ": 0.0, "rotationX": 0.0, "rotationY": 0.0, "rotationZ": 0.0 },
						"leg right": { "offsetX": 0.0, "offsetY": 0.1, "offsetZ": 0.0, "rotationX": 0.0, "rotationY": 0.0, "rotationZ": -17.0 },
						"leg left": { "offsetX": 0.0, "offsetY": 0.1, "offsetZ": 0.0, "rotationX": 0.0, "rotationY": 0.0, "rotationZ": -17.0 }
					}
				},
				{
					"frame": 14,
					"elements": {
						"Body": { "offsetX": 0.0, "offsetY": -0.1, "offsetZ": 0.0, "rotationX": 0.0, "rotationY": 0.0, "rotationZ": 22.0 },
						"throat": { "offsetX": -0.08, "offsetY": 0.0, "offsetZ": 0.0, "rotationX": 0.0, "rotationY": 0.0, "rotationZ": 83.0 },
						"head": { "offsetX": -0.1, "offsetY": 0.0, "offsetZ": 0.0, "rotationX": 0.0, "rotationY": 0.0, "rotationZ": -22.5 },
						"leg right": { "offsetX": 0.0, "offsetY": 0.1, "offsetZ": 0.0, "rotationX": 0.0, "rotationY": 0.0, "rotationZ": -22.0 },
						"leg left": { "offsetX": 0.0, "offsetY": 0.1, "offsetZ": 0.0, "rotationX": 0.0, "rotationY": 0.0, "rotationZ": -22.0 }
					}
				},
				{
					"frame": 16,
					"elements": {
						"Body": { "offsetX": 0.0, "offsetY": -0.1, "offsetZ": 0.0, "rotationX": 0.0, "rotationY": 0.0, "rotationZ": 17.0 },
						"throat": { "offsetX": -0.08, "offsetY": 0.0, "offsetZ": 0.0, "rotationX": 0.0, "rotationY": 0.0, "rotationZ": 69.0 },
						"head": { "offsetX": -0.04, "offsetY": 0.0, "offsetZ": 0.0, "rotationX": 0.0, "rotationY": 0.0, "rotationZ": 0.0 },
						"leg right": { "offsetX": 0.0, "offsetY": 0.1, "offsetZ": 0.0, "rotationX": 0.0, "rotationY": 0.0, "rotationZ": -17.0 },
						"leg left": { "offsetX": 0.0, "offsetY": 0.1, "offsetZ": 0.0, "rotationX": 0.0, "rotationY": 0.0, "rotationZ": -17.0 }
					}
				},
				{
					"frame": 19,
					"elements": {
						"Body": { "offsetX": 0.0, "offsetY": -0.1, "offsetZ": 0.0, "rotationX": 0.0, "rotationY": 0.0, "rotationZ": 22.0 },
						"throat": { "offsetX": -0.08, "offsetY": 0.0, "offsetZ": 0.0, "rotationX": 0.0, "rotationY": 0.0, "rotationZ": 83.0 },
						"head": { "offsetX": -0.1, "offsetY": 0.0, "offsetZ": 0.0, "rotationX": 0.0, "rotationY": 0.0, "rotationZ": -22.5 },
						"leg right": { "offsetX": 0.0, "offsetY": 0.1, "offsetZ": 0.0, "rotationX": 0.0, "rotationY": 0.0, "rotationZ": -22.0 },
						"leg left": { "offsetX": 0.0, "offsetY": 0.1, "offsetZ": 0.0, "rotationX": 0.0, "rotationY": 0.0, "rotationZ": -22.0 }
					}
				},
				{
					"frame": 25,
					"elements": {
						"Body": { "offsetX": 0.0, "offsetY": -0.1, "offsetZ": 0.0, "rotationX": 0.0, "rotationY": 0.0, "rotationZ": 17.0 },
						"throat": { "offsetX": -0.08, "offsetY": 0.0, "offsetZ": 0.0, "rotationX": 0.0, "rotationY": 0.0, "rotationZ": 69.0 },
						"head": { "offsetX": -0.04, "offsetY": 0.0, "offsetZ": 0.0, "rotationX": 0.0, "rotationY": 0.0, "rotationZ": 0.0 },
						"leg right": { "offsetX": 0.0, "offsetY": 0.1, "offsetZ": 0.0, "rotationX": 0.0, "rotationY": 0.0, "rotationZ": -17.0 },
						"leg left": { "offsetX": 0.0, "offsetY": 0.1, "offsetZ": 0.0, "rotationX": 0.0, "rotationY": 0.0, "rotationZ": -17.0 }
					}
				}
			]
		},

		{
			"name": "Walk",
			"code": "walk",
			"quantityframes": 41,
			"onActivityStopped": "EaseOut",
			"onAnimationEnd": "Repeat",
			"keyframes": [
				{
					"frame": 0,
					"elements": {
						"Body": { "offsetX": -0.3, "offsetY": -0.1, "offsetZ": 0.0, "rotationX": -3.0, "rotationY": 0.0, "rotationZ": -12.0 },
						"throat": { "offsetX": -0.06, "offsetY": 0.2, "offsetZ": 0.0, "rotationX": 3.0, "rotationY": 0.0, "rotationZ": -38.0 },
						"head": { "offsetX": 0.0, "offsetY": 0.0, "offsetZ": 0.0, "rotationX": 0.0, "rotationY": 0.0, "rotationZ": 39.0 },
						"tail": { "offsetX": 0.06, "offsetY": 0.06, "offsetZ": 0.0, "rotationX": 0.0, "rotationY": 0.0, "rotationZ": 25.0 },
						"thighs right": { "offsetX": 0.3, "offsetY": -0.1, "offsetZ": 0.0, "rotationX": 3.0, "rotationY": 0.0, "rotationZ": 37.0 },
						"leg right": { "offsetX": 0.0, "offsetY": 0.0, "offsetZ": 0.0, "rotationX": 0.0, "rotationY": 0.0, "rotationZ": 8.0 },
						"toes right": { "offsetX": 0.0, "offsetY": 0.0, "offsetZ": 0.0, "rotationX": 0.0, "rotationY": 0.0, "rotationZ": -25.0 },
						"thighs left": { "offsetX": 0.0, "offsetY": 0.0, "offsetZ": 0.0, "rotationX": 3.0, "rotationY": 0.0, "rotationZ": -24.0 },
						"leg left": { "offsetX": -0.2, "offsetY": 0.2, "offsetZ": 0.0, "rotationX": 0.0, "rotationY": 0.0, "rotationZ": 28.0 },
						"toes left": { "offsetX": 0.0, "offsetY": 0.0, "offsetZ": 0.0, "rotationX": 0.0, "rotationY": 0.0, "rotationZ": 30.0 },
						"right wing": { "offsetX": 0.2, "offsetY": 0.0, "offsetZ": 0.0, "rotationX": 8.0, "rotationY": 14.0, "rotationZ": 8.0 },
						"left wing": { "offsetX": 0.2, "offsetY": 0.0, "offsetZ": 0.0, "rotationX": -8.0, "rotationY": -14.0, "rotationZ": 8.0 }
					}
				},
				{
					"frame": 6,
					"elements": {
						"Body": { "offsetX": 0.0, "offsetY": 0.0, "offsetZ": 0.0, "rotationX": -3.0, "rotationY": 0.0, "rotationZ": -1.0 },
						"throat": { "offsetX": 0.0, "offsetY": 0.0, "offsetZ": 0.0, "rotationX": 3.0, "rotationY": 0.0, "rotationZ": -15.0 },
						"head": { "offsetX": 0.0, "offsetY": 0.0, "offsetZ": 0.0, "rotationX": 0.0, "rotationY": 0.0, "rotationZ": 14.0 },
						"tail": { "offsetX": 0.0, "offsetY": 0.0, "offsetZ": 0.0, "rotationX": 0.0, "rotationY": 0.0, "rotationZ": 8.0 },
						"thighs right": { "offsetX": 0.1, "offsetY": -0.2, "offsetZ": 0.0, "rotationX": 3.0, "rotationY": 0.0, "rotationZ": 35.0 },
						"leg right": { "offsetX": 0.0, "offsetY": 0.0, "offsetZ": 0.0, "rotationX": 0.0, "rotationY": 0.0, "rotationZ": 11.0 },
						"toes right": { "offsetX": 0.0, "offsetY": 0.0, "offsetZ": 0.0, "rotationX": 0.0, "rotationY": 0.0, "rotationZ": -33.0 },
						"thighs left": { "offsetX": -0.1, "offsetY": -0.3, "offsetZ": 0.0, "rotationX": 3.0, "rotationY": 0.0, "rotationZ": -51.0 },
						"leg left": { "offsetX": -0.1, "offsetY": 0.0, "offsetZ": 0.0, "rotationX": 0.0, "rotationY": 0.0, "rotationZ": 17.0 },
						"toes left": { "offsetX": 0.0, "offsetY": 0.0, "offsetZ": 0.0, "rotationX": 0.0, "rotationY": 0.0, "rotationZ": 47.0 },
						"right wing": { "offsetX": 0.0, "offsetY": 0.0, "offsetZ": 0.0, "rotationX": 0.0, "rotationY": 0.0, "rotationZ": 0.0 },
						"left wing": { "offsetX": 0.0, "offsetY": 0.0, "offsetZ": 0.0, "rotationX": 0.0, "rotationY": 0.0, "rotationZ": 0.0 }
					}
				},
				{
					"frame": 14,
					"elements": {
						"Body": { "offsetX": 0.0, "offsetY": 0.04, "offsetZ": 0.0, "rotationX": 0.0, "rotationY": 0.0, "rotationZ": 4.0 },
						"throat": { "offsetX": 0.0, "offsetY": 0.0, "offsetZ": 0.0, "rotationX": 0.0, "rotationY": 0.0, "rotationZ": 1.0 },
						"head": { "offsetX": 0.0, "offsetY": 0.0, "offsetZ": 0.0, "rotationX": 0.0, "rotationY": 0.0, "rotationZ": -8.0 },
						"tail": { "offsetX": 0.0, "offsetY": 0.0, "offsetZ": 0.0, "rotationX": 0.0, "rotationY": 0.0, "rotationZ": -8.0 },
						"thighs right": { "offsetX": 0.0, "offsetY": 0.1, "offsetZ": 0.0, "rotationX": 0.0, "rotationY": 0.0, "rotationZ": 3.0 },
						"leg right": { "offsetX": 0.0, "offsetY": 0.0, "offsetZ": 0.0, "rotationX": 0.0, "rotationY": 0.0, "rotationZ": 6.0 },
						"toes right": { "offsetX": 0.0, "offsetY": 0.0, "offsetZ": 0.0, "rotationX": 0.0, "rotationY": 0.0, "rotationZ": 11.0 },
						"thighs left": { "offsetX": -0.2, "offsetY": -0.1, "offsetZ": 0.0, "rotationX": 0.0, "rotationY": 0.0, "rotationZ": -37.0 },
						"leg left": { "offsetX": 0.0, "offsetY": 0.0, "offsetZ": 0.0, "rotationX": 0.0, "rotationY": 0.0, "rotationZ": 39.0 },
						"toes left": { "offsetX": 0.0, "offsetY": 0.0, "offsetZ": 0.0, "rotationX": 0.0, "rotationY": 0.0, "rotationZ": 0.0 },
						"right wing": { "offsetX": 0.0, "offsetY": 0.0, "offsetZ": 0.0, "rotationX": 0.0, "rotationY": 0.0, "rotationZ": -3.0 },
						"left wing": { "offsetX": 0.0, "offsetY": 0.0, "offsetZ": 0.0, "rotationX": 0.0, "rotationY": 0.0, "rotationZ": -3.0 }
					}
				},
				{
					"frame": 20,
					"elements": {
						"Body": { "offsetX": -0.3, "offsetY": -0.1, "offsetZ": 0.0, "rotationX": 3.0, "rotationY": 0.0, "rotationZ": -12.0 },
						"throat": { "offsetX": -0.06, "offsetY": 0.2, "offsetZ": 0.0, "rotationX": -3.0, "rotationY": 0.0, "rotationZ": -38.0 },
						"head": { "offsetX": 0.0, "offsetY": 0.0, "offsetZ": 0.0, "rotationX": 0.0, "rotationY": 0.0, "rotationZ": 39.0 },
						"tail": { "offsetX": 0.06, "offsetY": 0.06, "offsetZ": 0.0, "rotationX": 0.0, "rotationY": 0.0, "rotationZ": 25.0 },
						"thighs right": { "offsetX": 0.0, "offsetY": 0.0, "offsetZ": 0.0, "rotationX": -3.0, "rotationY": 0.0, "rotationZ": -32.0 },
						"leg right": { "offsetX": -0.2, "offsetY": 0.2, "offsetZ": 0.0, "rotationX": 0.0, "rotationY": 0.0, "rotationZ": 28.0 },
						"toes right": { "offsetX": 0.0, "offsetY": 0.0, "offsetZ": 0.0, "rotationX": -5.0, "rotationY": 0.0, "rotationZ": 25.0 },
						"thighs left": { "offsetX": 0.3, "offsetY": -0.1, "offsetZ": 0.0, "rotationX": -3.0, "rotationY": 0.0, "rotationZ": 37.0 },
						"leg left": { "offsetX": 0.0, "offsetY": 0.0, "offsetZ": 0.0, "rotationX": 0.0, "rotationY": 0.0, "rotationZ": 8.0 },
						"toes left": { "offsetX": 0.0, "offsetY": 0.0, "offsetZ": 0.0, "rotationX": 0.0, "rotationY": 0.0, "rotationZ": -25.0 },
						"right wing": { "offsetX": 0.2, "offsetY": 0.0, "offsetZ": 0.0, "rotationX": 8.0, "rotationY": 14.0, "rotationZ": 8.0 },
						"left wing": { "offsetX": 0.2, "offsetY": 0.0, "offsetZ": 0.0, "rotationX": -8.0, "rotationY": -14.0, "rotationZ": 8.0 }
					}
				},
				{
					"frame": 26,
					"elements": {
						"Body": { "offsetX": -0.2, "offsetY": 0.0, "offsetZ": 0.0, "rotationX": 3.0, "rotationY": 0.0, "rotationZ": -1.0 },
						"throat": { "offsetX": 0.0, "offsetY": 0.0, "offsetZ": 0.0, "rotationX": -3.0, "rotationY": 0.0, "rotationZ": -15.0 },
						"head": { "offsetX": 0.0, "offsetY": 0.0, "offsetZ": 0.0, "rotationX": 0.0, "rotationY": 0.0, "rotationZ": 14.0 },
						"tail": { "offsetX": 0.0, "offsetY": 0.0, "offsetZ": 0.0, "rotationX": 0.0, "rotationY": 0.0, "rotationZ": 8.0 },
						"thighs right": { "offsetX": -0.1, "offsetY": -0.3, "offsetZ": 0.0, "rotationX": -3.0, "rotationY": 0.0, "rotationZ": -51.0 },
						"leg right": { "offsetX": 0.0, "offsetY": 0.0, "offsetZ": 0.0, "rotationX": 0.0, "rotationY": 0.0, "rotationZ": 17.0 },
						"toes right": { "offsetX": 0.0, "offsetY": 0.0, "offsetZ": 0.0, "rotationX": -5.0, "rotationY": 0.0, "rotationZ": 42.0 },
						"thighs left": { "offsetX": 0.1, "offsetY": -0.2, "offsetZ": 0.0, "rotationX": -3.0, "rotationY": 0.0, "rotationZ": 35.0 },
						"leg left": { "offsetX": 0.0, "offsetY": 0.0, "offsetZ": 0.0, "rotationX": 0.0, "rotationY": 0.0, "rotationZ": 11.0 },
						"toes left": { "offsetX": 0.0, "offsetY": 0.0, "offsetZ": 0.0, "rotationX": 0.0, "rotationY": 0.0, "rotationZ": -33.0 },
						"right wing": { "offsetX": 0.0, "offsetY": 0.0, "offsetZ": 0.0, "rotationX": 0.0, "rotationY": 0.0, "rotationZ": 0.0 },
						"left wing": { "offsetX": 0.0, "offsetY": 0.0, "offsetZ": 0.0, "rotationX": 0.0, "rotationY": 0.0, "rotationZ": 0.0 }
					}
				},
				{
					"frame": 34,
					"elements": {
						"Body": { "offsetX": 0.0, "offsetY": 0.04, "offsetZ": 0.0, "rotationX": 0.0, "rotationY": 0.0, "rotationZ": 4.0 },
						"throat": { "offsetX": 0.0, "offsetY": 0.0, "offsetZ": 0.0, "rotationX": -3.0, "rotationY": 0.0, "rotationZ": 1.0 },
						"head": { "offsetX": 0.0, "offsetY": 0.0, "offsetZ": 0.0, "rotationX": 0.0, "rotationY": 0.0, "rotationZ": -8.0 },
						"tail": { "offsetX": 0.0, "offsetY": 0.0, "offsetZ": 0.0, "rotationX": 0.0, "rotationY": 0.0, "rotationZ": -8.0 },
						"thighs right": { "offsetX": -0.2, "offsetY": -0.1, "offsetZ": 0.0, "rotationX": 0.0, "rotationY": 0.0, "rotationZ": -37.0 },
						"leg right": { "offsetX": 0.0, "offsetY": 0.0, "offsetZ": 0.0, "rotationX": 0.0, "rotationY": 0.0, "rotationZ": 39.0 },
						"toes right": { "offsetX": 0.0, "offsetY": 0.0, "offsetZ": 0.0, "rotationX": 0.0, "rotationY": 0.0, "rotationZ": 11.0 },
						"thighs left": { "offsetX": 0.0, "offsetY": 0.1, "offsetZ": 0.0, "rotationX": 0.0, "rotationY": 0.0, "rotationZ": -1.0 },
						"leg left": { "offsetX": 0.0, "offsetY": 0.0, "offsetZ": 0.0, "rotationX": 0.0, "rotationY": 0.0, "rotationZ": 6.0 },
						"toes left": { "offsetX": 0.0, "offsetY": 0.0, "offsetZ": 0.0, "rotationX": 0.0, "rotationY": 0.0, "rotationZ": 11.0 },
						"right wing": { "offsetX": 0.0, "offsetY": 0.0, "offsetZ": 0.0, "rotationX": 0.0, "rotationY": 0.0, "rotationZ": -3.0 },
						"left wing": { "offsetX": 0.0, "offsetY": 0.0, "offsetZ": 0.0, "rotationX": 0.0, "rotationY": 0.0, "rotationZ": -3.0 }
					}
				}
			]
		},

		{
			"name": "Death",
			"code": "death",
			"quantityframes": 45,
			"onActivityStopped": "PlayTillEnd",
			"onAnimationEnd": "Hold",
			"keyframes": [
				{
					"frame": 0,
					"elements": {
						"Body": { "offsetX": 0.0, "offsetY": 0.0, "offsetZ": 0.0, "rotationX": 0.0, "rotationY": 0.0, "rotationZ": 0.0 },
						"throat": { "offsetX": 0.0, "offsetY": 0.0, "offsetZ": 0.0, "rotationX": 0.0, "rotationY": 0.0, "rotationZ": 0.0 },
						"head": { "offsetX": 0.0, "offsetY": 0.0, "offsetZ": 0.0, "rotationX": 0.0, "rotationY": 0.0, "rotationZ": 0.0 },
						"tail": { "offsetX": 0.0, "offsetY": 0.0, "offsetZ": 0.0, "rotationX": 0.0, "rotationY": 0.0, "rotationZ": 0.0 },
						"thighs right": { "offsetX": 0.0, "offsetY": 0.0, "offsetZ": 0.0, "rotationX": 0.0, "rotationY": 0.0, "rotationZ": 0.0 },
						"leg right": { "offsetX": 0.0, "offsetY": 0.0, "offsetZ": 0.0, "rotationX": 0.0, "rotationY": 0.0, "rotationZ": 0.0 },
						"toes right": { "offsetX": 0.0, "offsetY": 0.0, "offsetZ": 0.0, "rotationX": 0.0, "rotationY": 0.0, "rotationZ": 0.0 },
						"thighs left": { "offsetX": 0.0, "offsetY": 0.0, "offsetZ": 0.0, "rotationX": 0.0, "rotationY": 0.0, "rotationZ": 0.0 },
						"leg left": { "offsetX": 0.0, "offsetY": 0.0, "offsetZ": 0.0, "rotationX": 0.0, "rotationY": 0.0, "rotationZ": 0.0 },
						"toes left": { "offsetX": 0.0, "offsetY": 0.0, "offsetZ": 0.0, "rotationX": 0.0, "rotationY": 0.0, "rotationZ": 0.0 },
						"right wing": { "offsetX": 0.0, "offsetY": 0.0, "offsetZ": 0.0, "rotationX": 0.0, "rotationY": 0.0, "rotationZ": 0.0 },
						"left wing": { "offsetX": 0.0, "offsetY": 0.0, "offsetZ": 0.0, "rotationX": 0.0, "rotationY": 0.0, "rotationZ": 0.0 }
					}
				},
				{
					"frame": 8,
					"elements": {
						"Body": { "offsetX": 0.2, "offsetY": 0.8, "offsetZ": 0.0, "rotationX": -25.0, "rotationY": 0.0, "rotationZ": -47.0 },
						"throat": { "offsetX": 0.0, "offsetY": 0.0, "offsetZ": 0.0, "rotationX": 19.0, "rotationY": 17.0, "rotationZ": 28.0 },
						"head": { "offsetX": 0.0, "offsetY": 0.0, "offsetZ": 0.0, "rotationX": -6.0, "rotationY": 0.0, "rotationZ": 30.0 },
						"tail": { "offsetX": 0.0, "offsetY": 0.0, "offsetZ": 0.0, "rotationX": 0.0, "rotationY": 0.0, "rotationZ": 50.0 },
						"thighs right": { "offsetX": 0.0, "offsetY": 0.0, "offsetZ": 0.0, "rotationX": 22.0, "rotationY": 8.0, "rotationZ": -55.0 },
						"leg right": { "offsetX": 0.0, "offsetY": 0.0, "offsetZ": 0.0, "rotationX": 14.0, "rotationY": -6.0, "rotationZ": 55.0 },
						"toes right": { "offsetX": 0.0, "offsetY": 0.0, "offsetZ": 0.0, "rotationX": 0.0, "rotationY": 0.0, "rotationZ": 47.0 },
						"thighs left": { "offsetX": 0.0, "offsetY": 0.0, "offsetZ": 0.0, "rotationX": 0.0, "rotationY": 0.0, "rotationZ": -30.0 },
						"leg left": { "offsetX": 0.0, "offsetY": 0.0, "offsetZ": 0.0, "rotationX": -8.0, "rotationY": 0.0, "rotationZ": 53.0 },
						"toes left": { "offsetX": 0.0, "offsetY": 0.0, "offsetZ": 0.0, "rotationX": 0.0, "rotationY": 0.0, "rotationZ": 39.0 },
						"right wing": { "offsetX": 0.0, "offsetY": 0.0, "offsetZ": 0.0, "rotationX": 22.0, "rotationY": 155.0, "rotationZ": -25.0 },
						"left wing": { "offsetX": 0.0, "offsetY": 0.0, "offsetZ": 0.0, "rotationX": -6.0, "rotationY": -133.0, "rotationZ": -3.0 }
					}
				},
				{
					"frame": 18,
					"elements": {
						"Body": { "offsetX": -0.4, "offsetY": 1.0, "offsetZ": -0.8, "rotationX": -83.0, "rotationY": -25.0, "rotationZ": -89.0 },
						"throat": { "offsetX": 0.0, "offsetY": -0.2, "offsetZ": 0.0, "rotationX": 28.0, "rotationY": -11.0, "rotationZ": 86.0 },
						"head": { "offsetX": 0.0, "offsetY": 0.0, "offsetZ": 0.0, "rotationX": 19.0, "rotationY": -19.0, "rotationZ": 39.0 },
						"tail": { "offsetX": 0.0, "offsetY": 0.0, "offsetZ": 0.0, "rotationX": -28.0, "rotationY": 42.0, "rotationZ": -3.0 },
						"thighs right": { "offsetX": 0.0, "offsetY": 0.0, "offsetZ": 0.0, "rotationX": -30.0, "rotationY": 3.0, "rotationZ": -66.0 },
						"leg right": { "offsetX": 0.0, "offsetY": 0.0, "offsetZ": 0.0, "rotationX": 39.0, "rotationY": -6.0, "rotationZ": 55.0 },
						"toes right": { "offsetX": 0.0, "offsetY": 0.0, "offsetZ": 0.0, "rotationX": 8.0, "rotationY": -44.0, "rotationZ": 55.0 },
						"thighs left": { "offsetX": 0.0, "offsetY": 0.0, "offsetZ": 0.0, "rotationX": 17.0, "rotationY": 25.0, "rotationZ": 3.0 },
						"leg left": { "offsetX": 0.0, "offsetY": 0.0, "offsetZ": 0.0, "rotationX": -14.0, "rotationY": 8.0, "rotationZ": 39.0 },
						"toes left": { "offsetX": 0.0, "offsetY": 0.0, "offsetZ": 0.0, "rotationX": 14.0, "rotationY": 33.0, "rotationZ": 64.0 },
						"right wing": { "offsetX": 0.0, "offsetY": 0.0, "offsetZ": 0.0, "rotationX": -14.0, "rotationY": 147.0, "rotationZ": -33.0 },
						"left wing": { "offsetX": 0.0, "offsetY": 0.0, "offsetZ": 0.0, "rotationX": -11.0, "rotationY": -11.0, "rotationZ": 22.0 }
					}
				},
				{
					"frame": 44,
					"elements": {
						"Body": { "offsetX": -0.4, "offsetY": 1.0, "offsetZ": -0.8, "rotationX": -83.0, "rotationY": -25.0, "rotationZ": -89.0 },
						"throat": { "offsetX": 0.0, "offsetY": -0.2, "offsetZ": 0.0, "rotationX": 28.0, "rotationY": -11.0, "rotationZ": 86.0 },
						"head": { "offsetX": 0.0, "offsetY": 0.0, "offsetZ": 0.0, "rotationX": 19.0, "rotationY": -19.0, "rotationZ": 39.0 },
						"tail": { "offsetX": 0.0, "offsetY": 0.0, "offsetZ": 0.0, "rotationX": -28.0, "rotationY": 42.0, "rotationZ": -3.0 },
						"thighs right": { "offsetX": 0.0, "offsetY": 0.0, "offsetZ": 0.0, "rotationX": -30.0, "rotationY": 3.0, "rotationZ": -66.0 },
						"leg right": { "offsetX": 0.0, "offsetY": 0.0, "offsetZ": 0.0, "rotationX": 39.0, "rotationY": -6.0, "rotationZ": 55.0 },
						"toes right": { "offsetX": 0.0, "offsetY": 0.0, "offsetZ": 0.0, "rotationX": 8.0, "rotationY": -44.0, "rotationZ": 55.0 },
						"thighs left": { "offsetX": 0.0, "offsetY": 0.0, "offsetZ": 0.0, "rotationX": 17.0, "rotationY": 25.0, "rotationZ": 3.0 },
						"leg left": { "offsetX": 0.0, "offsetY": 0.0, "offsetZ": 0.0, "rotationX": -14.0, "rotationY": 8.0, "rotationZ": 39.0 },
						"toes left": { "offsetX": 0.0, "offsetY": 0.0, "offsetZ": 0.0, "rotationX": 14.0, "rotationY": 33.0, "rotationZ": 64.0 },
						"right wing": { "offsetX": 0.0, "offsetY": 0.0, "offsetZ": 0.0, "rotationX": -14.0, "rotationY": 147.0, "rotationZ": -33.0 },
						"left wing": { "offsetX": 0.0, "offsetY": 0.0, "offsetZ": 0.0, "rotationX": -11.0, "rotationY": -11.0, "rotationZ": 22.0 }
					}
				}
			]
		},

		{
			"name": "Run",
			"code": "run",
			"quantityframes": 25,
			"onActivityStopped": "EaseOut",
			"onAnimationEnd": "Repeat",
			"keyframes": [
				{
					"frame": 0,
					"elements": {
						"Body": { "offsetX": -0.2, "offsetY": 0.0, "offsetZ": 0.0, "rotationX": 0.0, "rotationY": 0.0, "rotationZ": -25.0 },
						"throat": { "offsetX": 0.0, "offsetY": 0.0, "offsetZ": 0.0, "rotationX": 0.0, "rotationY": 0.0, "rotationZ": -14.0 },
						"head": { "offsetX": 0.06, "offsetY": 0.0, "offsetZ": 0.0, "rotationX": 0.0, "rotationY": 0.0, "rotationZ": 39.0 },
						"tail": { "offsetX": 0.0, "offsetY": 0.0, "offsetZ": 0.0, "rotationX": 0.0, "rotationY": 0.0, "rotationZ": 17.0 },
						"thighs right": { "offsetX": 0.0, "offsetY": -0.32, "offsetZ": 0.0, "rotationX": 0.0, "rotationY": 0.0, "rotationZ": 66.0 },
						"leg right": { "offsetX": 0.0, "offsetY": 0.0, "offsetZ": 0.0, "rotationX": 0.0, "rotationY": 0.0, "rotationZ": 0.0 },
						"toes right": { "offsetX": 0.0, "offsetY": 0.0, "offsetZ": 0.0, "rotationX": 0.0, "rotationY": 0.0, "rotationZ": -28.0 },
						"thighs left": { "offsetX": 0.14, "offsetY": 0.0, "offsetZ": 0.0, "rotationX": 0.0, "rotationY": 0.0, "rotationZ": -39.0 },
						"leg left": { "offsetX": -0.2, "offsetY": 0.0, "offsetZ": 0.0, "rotationX": 0.0, "rotationY": 0.0, "rotationZ": 39.0 },
						"toes left": { "offsetX": 0.0, "offsetY": 0.0, "offsetZ": 0.0, "rotationX": 0.0, "rotationY": 0.0, "rotationZ": 22.0 },
						"right wing": { "offsetX": 0.0, "offsetY": 0.0, "offsetZ": 0.0, "rotationX": 0.0, "rotationY": 62.0, "rotationZ": 42.0 },
						"left wing": { "offsetX": 0.0, "offsetY": 0.0, "offsetZ": 0.0, "rotationX": 0.0, "rotationY": -66.0, "rotationZ": 42.0 }
					}
				},
				{
					"frame": 6,
					"elements": {
						"Body": { "offsetX": 0.0, "offsetY": 0.0, "offsetZ": 0.0, "rotationX": 0.0, "rotationY": 0.0, "rotationZ": -19.0 },
						"throat": { "offsetX": 0.0, "offsetY": 0.0, "offsetZ": 0.0, "rotationX": 0.0, "rotationY": 0.0, "rotationZ": -14.0 },
						"head": { "offsetX": 0.06, "offsetY": 0.0, "offsetZ": 0.0, "rotationX": 0.0, "rotationY": 0.0, "rotationZ": 39.0 },
						"tail": { "offsetX": 0.0, "offsetY": 0.0, "offsetZ": 0.0, "rotationX": 0.0, "rotationY": 0.0, "rotationZ": 0.0 },
						"thighs right": { "offsetX": 0.0, "offsetY": 0.0, "offsetZ": 0.0, "rotationX": 0.0, "rotationY": 0.0, "rotationZ": 47.0 },
						"leg right": { "offsetX": 0.0, "offsetY": 0.0, "offsetZ": 0.0, "rotationX": 0.0, "rotationY": 0.0, "rotationZ": 17.0 },
						"toes right": { "offsetX": 0.0, "offsetY": 0.0, "offsetZ": 0.0, "rotationX": 0.0, "rotationY": 0.0, "rotationZ": 19.0 },
						"thighs left": { "offsetX": 0.1, "offsetY": 0.0, "offsetZ": 0.0, "rotationX": 0.0, "rotationY": 0.0, "rotationZ": 8.0 },
						"leg left": { "offsetX": -0.1, "offsetY": -0.1, "offsetZ": 0.0, "rotationX": 0.0, "rotationY": 0.0, "rotationZ": 17.0 },
						"toes left": { "offsetX": 0.0, "offsetY": 0.0, "offsetZ": 0.0, "rotationX": 0.0, "rotationY": 0.0, "rotationZ": 17.0 },
						"right wing": { "offsetX": 0.0, "offsetY": 0.0, "offsetZ": 0.0, "rotationX": 0.0, "rotationY": 11.0, "rotationZ": 42.0 },
						"left wing": { "offsetX": 0.0, "offsetY": 0.0, "offsetZ": 0.0, "rotationX": 0.0, "rotationY": -11.0, "rotationZ": 42.0 }
					}
				},
				{
					"frame": 12,
					"elements": {
						"Body": { "offsetX": -0.2, "offsetY": 0.0, "offsetZ": 0.0, "rotationX": 0.0, "rotationY": 0.0, "rotationZ": -25.0 },
						"throat": { "offsetX": 0.0, "offsetY": 0.0, "offsetZ": 0.0, "rotationX": 0.0, "rotationY": 0.0, "rotationZ": -14.0 },
						"head": { "offsetX": 0.06, "offsetY": 0.0, "offsetZ": 0.0, "rotationX": 0.0, "rotationY": 0.0, "rotationZ": 39.0 },
						"tail": { "offsetX": 0.0, "offsetY": 0.0, "offsetZ": 0.0, "rotationX": 0.0, "rotationY": 0.0, "rotationZ": 17.0 },
						"thighs right": { "offsetX": 0.14, "offsetY": 0.0, "offsetZ": 0.0, "rotationX": 0.0, "rotationY": 0.0, "rotationZ": -39.0 },
						"leg right": { "offsetX": -0.2, "offsetY": 0.0, "offsetZ": 0.0, "rotationX": 0.0, "rotationY": 0.0, "rotationZ": 39.0 },
						"toes right": { "offsetX": 0.0, "offsetY": 0.0, "offsetZ": 0.0, "rotationX": 0.0, "rotationY": 0.0, "rotationZ": 22.0 },
						"thighs left": { "offsetX": 0.0, "offsetY": -0.32, "offsetZ": 0.0, "rotationX": 0.0, "rotationY": 0.0, "rotationZ": 66.0 },
						"leg left": { "offsetX": 0.0, "offsetY": 0.0, "offsetZ": 0.0, "rotationX": 0.0, "rotationY": 0.0, "rotationZ": 0.0 },
						"toes left": { "offsetX": 0.0, "offsetY": 0.0, "offsetZ": 0.0, "rotationX": 0.0, "rotationY": 0.0, "rotationZ": -28.0 },
						"right wing": { "offsetX": 0.0, "offsetY": 0.0, "offsetZ": 0.0, "rotationX": 0.0, "rotationY": 62.0, "rotationZ": 42.0 },
						"left wing": { "offsetX": 0.0, "offsetY": 0.0, "offsetZ": 0.0, "rotationX": 0.0, "rotationY": -66.0, "rotationZ": 42.0 }
					}
				},
				{
					"frame": 18,
					"elements": {
						"Body": { "offsetX": 0.0, "offsetY": 0.0, "offsetZ": 0.0, "rotationX": 0.0, "rotationY": 0.0, "rotationZ": -19.0 },
						"throat": { "offsetX": 0.0, "offsetY": 0.0, "offsetZ": 0.0, "rotationX": 0.0, "rotationY": 0.0, "rotationZ": -14.0 },
						"head": { "offsetX": 0.06, "offsetY": 0.0, "offsetZ": 0.0, "rotationX": 0.0, "rotationY": 0.0, "rotationZ": 39.0 },
						"tail": { "offsetX": 0.0, "offsetY": 0.0, "offsetZ": 0.0, "rotationX": 0.0, "rotationY": 0.0, "rotationZ": 0.0 },
						"thighs right": { "offsetX": 0.1, "offsetY": 0.0, "offsetZ": 0.0, "rotationX": 0.0, "rotationY": 0.0, "rotationZ": 8.0 },
						"leg right": { "offsetX": -0.1, "offsetY": -0.1, "offsetZ": 0.0, "rotationX": 0.0, "rotationY": 0.0, "rotationZ": 17.0 },
						"toes right": { "offsetX": 0.0, "offsetY": 0.0, "offsetZ": 0.0, "rotationX": 0.0, "rotationY": 0.0, "rotationZ": 17.0 },
						"thighs left": { "offsetX": 0.0, "offsetY": 0.0, "offsetZ": 0.0, "rotationX": 0.0, "rotationY": 0.0, "rotationZ": 47.0 },
						"leg left": { "offsetX": 0.0, "offsetY": 0.0, "offsetZ": 0.0, "rotationX": 0.0, "rotationY": 0.0, "rotationZ": 17.0 },
						"toes left": { "offsetX": 0.0, "offsetY": 0.0, "offsetZ": 0.0, "rotationX": 0.0, "rotationY": 0.0, "rotationZ": 19.0 },
						"right wing": { "offsetX": 0.0, "offsetY": 0.0, "offsetZ": 0.0, "rotationX": 0.0, "rotationY": 11.0, "rotationZ": 42.0 },
						"left wing": { "offsetX": 0.0, "offsetY": 0.0, "offsetZ": 0.0, "rotationX": 0.0, "rotationY": -11.0, "rotationZ": 42.0 }
					}
				},
				{
					"frame": 24,
					"elements": {
						"Body": { "offsetX": -0.2, "offsetY": 0.0, "offsetZ": 0.0, "rotationX": 0.0, "rotationY": 0.0, "rotationZ": -25.0 },
						"throat": { "offsetX": 0.0, "offsetY": 0.0, "offsetZ": 0.0, "rotationX": 0.0, "rotationY": 0.0, "rotationZ": -14.0 },
						"head": { "offsetX": 0.06, "offsetY": 0.0, "offsetZ": 0.0, "rotationX": 0.0, "rotationY": 0.0, "rotationZ": 39.0 },
						"tail": { "offsetX": 0.0, "offsetY": 0.0, "offsetZ": 0.0, "rotationX": 0.0, "rotationY": 0.0, "rotationZ": 17.0 },
						"thighs right": { "offsetX": 0.0, "offsetY": -0.32, "offsetZ": 0.0, "rotationX": 0.0, "rotationY": 0.0, "rotationZ": 66.0 },
						"leg right": { "offsetX": 0.0, "offsetY": 0.0, "offsetZ": 0.0, "rotationX": 0.0, "rotationY": 0.0, "rotationZ": 0.0 },
						"toes right": { "offsetX": 0.0, "offsetY": 0.0, "offsetZ": 0.0, "rotationX": 0.0, "rotationY": 0.0, "rotationZ": -28.0 },
						"thighs left": { "offsetX": 0.14, "offsetY": 0.0, "offsetZ": 0.0, "rotationX": 0.0, "rotationY": 0.0, "rotationZ": -39.0 },
						"leg left": { "offsetX": -0.2, "offsetY": 0.0, "offsetZ": 0.0, "rotationX": 0.0, "rotationY": 0.0, "rotationZ": 39.0 },
						"toes left": { "offsetX": 0.0, "offsetY": 0.0, "offsetZ": 0.0, "rotationX": 0.0, "rotationY": 0.0, "rotationZ": 22.0 },
						"right wing": { "offsetX": 0.0, "offsetY": 0.0, "offsetZ": 0.0, "rotationX": 0.0, "rotationY": 62.0, "rotationZ": 42.0 },
						"left wing": { "offsetX": 0.0, "offsetY": 0.0, "offsetZ": 0.0, "rotationX": 0.0, "rotationY": -66.0, "rotationZ": 42.0 }
					}
				}
			]
		},

		{
			"name": "Hurt",
			"code": "hurt",
			"quantityframes": 30,
			"onActivityStopped": "PlayTillEnd",
			"onAnimationEnd": "Stop",
			"keyframes": [
				{
					"frame": 0,
					"elements": {
						"Body": { "offsetX": 0.0, "offsetY": 0.0, "offsetZ": 0.0, "rotationX": 0.0, "rotationY": 0.0, "rotationZ": 0.0 },
						"throat": { "offsetX": 0.0, "offsetY": 0.0, "offsetZ": 0.0, "rotationX": 0.0, "rotationY": 0.0, "rotationZ": 0.0 },
						"head": { "offsetX": 0.0, "offsetY": 0.0, "offsetZ": 0.0, "rotationX": 0.0, "rotationY": 0.0, "rotationZ": 0.0 },
						"tail": { "rotationX": 0.0, "rotationY": 0.0, "rotationZ": 0.0 },
						"thighs right": { "offsetX": 0.0, "offsetY": 0.0, "offsetZ": 0.0, "rotationX": 0.0, "rotationY": 0.0, "rotationZ": 0.0 },
						"leg right": { "offsetX": 0.0, "offsetY": 0.0, "offsetZ": 0.0, "rotationX": 0.0, "rotationY": 0.0, "rotationZ": 0.0 },
						"toes right": { "offsetX": 0.0, "offsetY": 0.0, "offsetZ": 0.0, "rotationX": 0.0, "rotationY": 0.0, "rotationZ": 0.0 },
						"thighs left": { "offsetX": 0.0, "offsetY": 0.0, "offsetZ": 0.0, "rotationX": 0.0, "rotationY": 0.0, "rotationZ": 0.0 },
						"leg left": { "offsetX": 0.0, "offsetY": 0.0, "offsetZ": 0.0, "rotationX": 0.0, "rotationY": 0.0, "rotationZ": 0.0 },
						"toes left": { "offsetX": 0.0, "offsetY": 0.0, "offsetZ": 0.0, "rotationX": 0.0, "rotationY": 0.0, "rotationZ": 0.0 },
						"right wing": { "rotationX": 0.0, "rotationY": 0.0, "rotationZ": 0.0 },
						"left wing": { "rotationX": 0.0, "rotationY": 0.0, "rotationZ": 0.0 }
					}
				},
				{
					"frame": 6,
					"elements": {
						"Body": { "offsetX": 0.0, "offsetY": 0.0, "offsetZ": 0.0, "rotationX": 0.0, "rotationY": 0.0, "rotationZ": -10.0 },
						"throat": { "offsetX": 0.0, "offsetY": 0.0, "offsetZ": 0.0, "rotationX": 0.0, "rotationY": 0.0, "rotationZ": -15.0 },
						"head": { "offsetX": 0.0, "offsetY": 0.0, "offsetZ": 0.0, "rotationX": 0.0, "rotationY": 0.0, "rotationZ": 5.0 },
						"tail": { "rotationX": 0.0, "rotationY": 0.0, "rotationZ": 15.0 },
						"thighs right": { "offsetX": 0.0, "offsetY": 0.0, "offsetZ": 0.0, "rotationX": 0.0, "rotationY": 0.0, "rotationZ": 2.0 },
						"leg right": { "offsetX": 0.0, "offsetY": 0.0, "offsetZ": 0.0, "rotationX": 0.0, "rotationY": 0.0, "rotationZ": 5.0 },
						"toes right": { "offsetX": 0.0, "offsetY": 0.0, "offsetZ": 0.0, "rotationX": 0.0, "rotationY": 0.0, "rotationZ": 0.0 },
						"thighs left": { "offsetX": 0.0, "offsetY": 0.0, "offsetZ": 0.0, "rotationX": 0.0, "rotationY": 0.0, "rotationZ": 0.0 },
						"leg left": { "offsetX": 0.0, "offsetY": 0.0, "offsetZ": 0.0, "rotationX": 0.0, "rotationY": 0.0, "rotationZ": 3.0 },
						"toes left": { "offsetX": 0.0, "offsetY": 0.0, "offsetZ": 0.0, "rotationX": 0.0, "rotationY": 0.0, "rotationZ": 0.0 },
						"right wing": { "rotationX": 30.0, "rotationY": 34.0, "rotationZ": 8.0 },
						"left wing": { "rotationX": -30.0, "rotationY": -34.0, "rotationZ": 8.0 }
					}
				}
			]
		},

		{
			"name": "Idle",
			"code": "idle",
			"quantityframes": 30,
			"onActivityStopped": "EaseOut",
			"onAnimationEnd": "Repeat",
			"keyframes": [
				{
					"frame": 0,
					"elements": {
						"Body": { "offsetX": 0.0, "offsetY": 0.0, "offsetZ": 0.0, "rotationX": 0.0, "rotationY": 0.0, "rotationZ": 0.0 },
						"throat": { "offsetX": 0.0, "offsetY": 0.0, "offsetZ": 0.0, "rotationX": 0.0, "rotationY": 0.0, "rotationZ": 0.0 },
						"head": { "offsetX": 0.0, "offsetY": 0.0, "offsetZ": 0.0, "rotationX": 0.0, "rotationY": 0.0, "rotationZ": 0.0 },
						"tail": { "rotationX": 0.0, "rotationY": 0.0, "rotationZ": 0.0 },
						"thighs right": { "offsetX": 0.0, "offsetY": 0.0, "offsetZ": 0.0, "rotationX": 0.0, "rotationY": 0.0, "rotationZ": 0.0 },
						"leg right": { "offsetX": 0.0, "offsetY": 0.0, "offsetZ": 0.0, "rotationX": 0.0, "rotationY": 0.0, "rotationZ": 0.0 },
						"toes right": { "offsetX": 0.0, "offsetY": 0.0, "offsetZ": 0.0, "rotationX": 0.0, "rotationY": 0.0, "rotationZ": 0.0 },
						"thighs left": { "offsetX": 0.0, "offsetY": 0.0, "offsetZ": 0.0, "rotationX": 0.0, "rotationY": 0.0, "rotationZ": 0.0 },
						"leg left": { "offsetX": 0.0, "offsetY": 0.0, "offsetZ": 0.0, "rotationX": 0.0, "rotationY": 0.0, "rotationZ": 0.0 },
						"toes left": { "offsetX": 0.0, "offsetY": 0.0, "offsetZ": 0.0, "rotationX": 0.0, "rotationY": 0.0, "rotationZ": 0.0 },
						"left wing": { "rotationX": 0.0, "rotationY": 0.0, "rotationZ": 0.0 },
						"right wing": { "rotationX": 0.0, "rotationY": 0.0, "rotationZ": 0.0 }
					}
				},
				{
					"frame": 15,
					"elements": {
						"Body": { "offsetX": 0.0, "offsetY": 0.0, "offsetZ": 0.0, "rotationX": 0.0, "rotationY": 0.0, "rotationZ": -1.0 },
						"throat": { "offsetX": 0.0, "offsetY": 0.0, "offsetZ": 0.0, "rotationX": 0.0, "rotationY": 0.0, "rotationZ": 1.0 },
						"head": { "offsetX": 0.0, "offsetY": 0.0, "offsetZ": 0.0, "rotationX": 0.0, "rotationY": 0.0, "rotationZ": 0.0 },
						"tail": { "rotationX": 0.0, "rotationY": 0.0, "rotationZ": 0.0 },
						"thighs right": { "offsetX": 0.0, "offsetY": 0.0, "offsetZ": 0.0, "rotationX": 0.0, "rotationY": 0.0, "rotationZ": 1.0 },
						"leg right": { "offsetX": 0.0, "offsetY": 0.0, "offsetZ": 0.0, "rotationX": 0.0, "rotationY": 0.0, "rotationZ": 0.0 },
						"toes right": { "offsetX": 0.0, "offsetY": 0.0, "offsetZ": 0.0, "rotationX": 0.0, "rotationY": 0.0, "rotationZ": 0.0 },
						"thighs left": { "offsetX": 0.0, "offsetY": 0.0, "offsetZ": 0.0, "rotationX": 0.0, "rotationY": 0.0, "rotationZ": 1.0 },
						"leg left": { "offsetX": 0.0, "offsetY": 0.0, "offsetZ": 0.0, "rotationX": 0.0, "rotationY": 0.0, "rotationZ": 0.0 },
						"toes left": { "offsetX": 0.0, "offsetY": 0.0, "offsetZ": 0.0, "rotationX": 0.0, "rotationY": 0.0, "rotationZ": 0.0 },
						"right wing": { "rotationX": 0.0, "rotationY": 0.0, "rotationZ": 0.0 },
						"left wing": { "rotationX": 0.0, "rotationY": 0.0, "rotationZ": 0.0 }
					}
				}
			]
		},

		{
			"name": "Sit",
			"code": "sit",
			"quantityframes": 30,
			"onActivityStopped": "EaseOut",
			"onAnimationEnd": "Repeat",
			"keyframes": [
				{
					"frame": 0,
					"elements": {
						"Body": { "offsetX": 0.0, "offsetY": -0.8, "offsetZ": 0.0, "rotationX": 0.0, "rotationY": 0.0, "rotationZ": 3.0 },
						"throat": { "rotationX": 0.0, "rotationY": 0.0, "rotationZ": -33.0 },
						"head": { "offsetX": 0.06, "offsetY": 0.0, "offsetZ": 0.0, "rotationX": 0.0, "rotationY": 0.0, "rotationZ": 28.0 },
						"thighs right": { "offsetX": 0.2, "offsetY": 0.1, "offsetZ": 0.0, "rotationX": 0.0, "rotationY": 0.0, "rotationZ": 3.0 },
						"leg right": { "offsetX": 0.2, "offsetY": 0.0, "offsetZ": 0.0, "rotationX": 0.0, "rotationY": 0.0, "rotationZ": -94.0 },
						"toes right": { "offsetX": 0.0, "offsetY": 0.1, "offsetZ": 0.0, "rotationX": 0.0, "rotationY": 0.0, "rotationZ": -102.0 },
						"thighs left": { "offsetX": 0.2, "offsetY": 0.1, "offsetZ": 0.0, "rotationX": 0.0, "rotationY": 0.0, "rotationZ": 7.0 },
						"leg left": { "offsetX": 0.1, "offsetY": 0.0, "offsetZ": 0.0, "rotationX": 0.0, "rotationY": 0.0, "rotationZ": -89.0 },
						"toes left": { "offsetX": 0.0, "offsetY": -0.1, "offsetZ": 0.0, "rotationX": 0.0, "rotationY": 0.0, "rotationZ": 78.0 }
					}
				},
				{
					"frame": 15,
					"elements": {
						"Body": { "offsetX": 0.0, "offsetY": -0.8, "offsetZ": 0.0, "rotationX": 0.0, "rotationY": 0.0, "rotationZ": 2.0 },
						"throat": { "rotationX": 0.0, "rotationY": 0.0, "rotationZ": -32.0 },
						"head": { "offsetX": 0.06, "offsetY": 0.0, "offsetZ": 0.0, "rotationX": 0.0, "rotationY": 0.0, "rotationZ": 28.0 },
						"thighs right": { "offsetX": 0.22, "offsetY": 0.1, "offsetZ": 0.0, "rotationX": 0.0, "rotationY": 0.0, "rotationZ": 4.0 },
						"leg right": { "offsetX": 0.2, "offsetY": 0.0, "offsetZ": 0.0, "rotationX": 0.0, "rotationY": 0.0, "rotationZ": -94.0 },
						"toes right": { "offsetX": 0.0, "offsetY": 0.1, "offsetZ": 0.0, "rotationX": 0.0, "rotationY": 0.0, "rotationZ": -102.0 },
						"thighs left": { "offsetX": 0.22, "offsetY": 0.1, "offsetZ": 0.0, "rotationX": 0.0, "rotationY": 0.0, "rotationZ": 8.0 },
						"leg left": { "offsetX": 0.1, "offsetY": 0.0, "offsetZ": 0.0, "rotationX": 0.0, "rotationY": 0.0, "rotationZ": -89.0 },
						"toes left": { "offsetX": 0.0, "offsetY": -0.1, "offsetZ": 0.0, "rotationX": 0.0, "rotationY": 0.0, "rotationZ": 78.0 }
					}
				}
			]
		},

		{
			"name": "Sleep",
			"code": "sleep",
			"quantityframes": 30,
			"onActivityStopped": "EaseOut",
			"onAnimationEnd": "Repeat",
			"keyframes": [
				{
					"frame": 0,
					"elements": {
						"Body": { "offsetX": 0.0, "offsetY": -0.8, "offsetZ": 0.0, "rotationX": 0.0, "rotationY": 0.0, "rotationZ": 3.0 },
						"throat": { "offsetX": 0.0, "offsetY": -0.2, "offsetZ": 0.0, "rotationX": 0.0, "rotationY": 0.0, "rotationZ": -30.0 },
						"head": { "offsetX": 0.06, "offsetY": 0.0, "offsetZ": 0.0, "rotationX": 0.0, "rotationY": 0.0, "rotationZ": 61.0 },
						"thighs right": { "offsetX": 0.2, "offsetY": 0.1, "offsetZ": 0.0, "rotationX": 0.0, "rotationY": 0.0, "rotationZ": 3.0 },
						"leg right": { "offsetX": 0.2, "offsetY": 0.0, "offsetZ": 0.0, "rotationX": 0.0, "rotationY": 0.0, "rotationZ": -94.0 },
						"toes right": { "offsetX": 0.0, "offsetY": 0.1, "offsetZ": 0.0, "rotationX": 0.0, "rotationY": 0.0, "rotationZ": -102.0 },
						"thighs left": { "offsetX": 0.2, "offsetY": 0.1, "offsetZ": 0.0, "rotationX": 0.0, "rotationY": 0.0, "rotationZ": 6.0 },
						"leg left": { "offsetX": 0.1, "offsetY": 0.0, "offsetZ": 0.0, "rotationX": 0.0, "rotationY": 0.0, "rotationZ": -89.0 },
						"toes left": { "offsetX": 0.0, "offsetY": -0.1, "offsetZ": 0.0, "rotationX": 0.0, "rotationY": 0.0, "rotationZ": 78.0 }
					}
				},
				{
					"frame": 15,
					"elements": {
						"Body": { "offsetX": 0.0, "offsetY": -0.8, "offsetZ": 0.0, "rotationX": 0.0, "rotationY": 0.0, "rotationZ": 2.0 },
						"throat": { "offsetX": 0.0, "offsetY": -0.2, "offsetZ": 0.0, "rotationX": 0.0, "rotationY": 0.0, "rotationZ": -30.0 },
						"head": { "offsetX": 0.06, "offsetY": 0.0, "offsetZ": 0.0, "rotationX": 0.0, "rotationY": 0.0, "rotationZ": 63.0 },
						"thighs right": { "offsetX": 0.22, "offsetY": 0.1, "offsetZ": 0.0, "rotationX": 0.0, "rotationY": 0.0, "rotationZ": 4.0 },
						"leg right": { "offsetX": 0.2, "offsetY": 0.0, "offsetZ": 0.0, "rotationX": 0.0, "rotationY": 0.0, "rotationZ": -94.0 },
						"toes right": { "offsetX": 0.0, "offsetY": 0.1, "offsetZ": 0.0, "rotationX": 0.0, "rotationY": 0.0, "rotationZ": -102.0 },
						"thighs left": { "offsetX": 0.22, "offsetY": 0.1, "offsetZ": 0.0, "rotationX": 0.0, "rotationY": 0.0, "rotationZ": 7.0 },
						"leg left": { "offsetX": 0.1, "offsetY": 0.0, "offsetZ": 0.0, "rotationX": 0.0, "rotationY": 0.0, "rotationZ": -89.0 },
						"toes left": { "offsetX": 0.0, "offsetY": -0.1, "offsetZ": 0.0, "rotationX": 0.0, "rotationY": 0.0, "rotationZ": 78.0 }
					}
				}
			]
		}
	]
}