{
	"editor": {
		"collapsedPaths": "Root/BellQuarter1,Root/MainAxle/CrownCenter,Root/RimCenter/1Rim1/1Rim10/1Rim11/1Rim12/1Rim13/1Rim14,Root/BellQuarter3,Root/bellnails,Root/BellQuarter2,Root/stator,Root/RimCenter/CrownSocket/CrownH7A,Root/RimCenter/CrownSocket/CrownL2A2,Root/Q1Center,Root/RimCenter/CrownSocket/CrownL4A2,Root/BellQuarter3/CrownSocket3,Root/Q1Center3,Root/BellQuarter1/1Rim4A,Root/BellQuarter4,Root/Q1Center2,Root/RimCenter/1Rim3.0,Root/Q1Center4,Root/BellQuarter1/CrownSocket,Root/RimCenter/CrownSocket/10RimSAVE2,Root/OriginMetalNails/bellnail7,Root/BellQuarter1/1Rim3to4,Root/stator/rope,Root/RimCenter/1Rim1to2,Root/OriginMetalNails/bellnail3,Root/EmptyCenter,Root/OriginMetalNails/bellnail4,Root/OriginMetalNails/bellnail1,Root/OriginMetalNails/bellnail2,Root/bellnails2,Root/RimCenter/CrownSocket/CrownL8A,Root/BellQuarter1/CrownSocket/CrownH1A,Root/MainAxle/RotorRope1,Root/BellQuarter1/1Rim1B,Root/BellQuarter1/1Rim2,Root/RimCenter/1Rim2to3,Root/BellQuarter1/1Rim3,Root/RimCenter3,Root/RimCenter2,Root/stator/woodnailBig1,Root/RimCenter4,Root/RimCenter/1Rim1A/1Rim2/1Rim3,Root/RimCenter/CrownSocket/CrownH5A,Root/nails,Root/BellQuarter4/CrownSocket4,Root/RimCenter/1Rim2.0,Root/BellQuarter2/CrownSocket2,Root/CrownCenter,Root/BellQuarter1/1Rim1to2,Root/OriginRotor/bellAxle1,Root/RimCenter/1Rim3to4,Root/RimCenter/CrownSocket/CrownH9A,Root/RimCenter/CrownSocket/10Rim4,Root/RimCenter/1Rim1/1Rim18,Root/rotor/bell,Root/RimCenter/1Rim1A,Root/RimCenter/1Rim2/2Rim2/3Rim2/4Rim2/5Rim2/6Rim2/7Rim2,Root/originPowerchain,Root/1Rim1,Root/Frame,Root/originMetal,Root/OriginRotor/bell/bell3/WedgeMetal1,Root/OriginRotor/bell/bell3/CrownCenter,Root/MainAxle/Roundarch",
		"allAngles": false,
		"entityTextureMode": false
	},
	"textureWidth": 16,
	"textureHeight": 16,
	"textureSizes": {
	},
	"textures": {
		"bell": "C:/Users/Wanja/Pictures/vintage story textures/bell"
	},
	"elements": [
		{
			"name": "ClapperCenter",
			"from": [ 8.0, -1.0, 8.0 ],
			"to": [ 8.0, -1.0, 8.0 ],
			"rotationOrigin": [ 8.0, -1.0, 8.0 ],
			"faces": {
			},
			"children": [
				{
					"name": "Cube2",
					"from": [ -0.5, 3.5, -0.5 ],
					"to": [ 0.5, 11.5, 0.5 ],
					"rotationOrigin": [ -0.5, 3.5, -0.5 ],
					"faces": {
						"north": { "texture": "#bell", "uv": [ 7.25, 7.0, 8.25, 15.0 ] },
						"east": { "texture": "#bell", "uv": [ 11.5, 4.0, 12.5, 12.0 ] },
						"south": { "texture": "#bell", "uv": [ 2.25, 8.25, 3.25, 16.25 ] },
						"west": { "texture": "#bell", "uv": [ 4.75, 1.75, 5.75, 9.75 ] },
						"up": { "texture": "#bell", "uv": [ 2.75, 7.5, 3.75, 8.5 ] }
					},
					"children": [
						{
							"name": "Cube3",
							"from": [ 0.0, -3.0, 0.0 ],
							"to": [ 1.4, 0.0, 1.0 ],
							"rotationOrigin": [ 0.0, 0.0, 0.0 ],
							"rotationZ": 10.0,
							"faces": {
								"north": { "texture": "#bell", "uv": [ 1.5, 4.25, 2.75, 7.25 ] },
								"east": { "texture": "#bell", "uv": [ 9.0, 0.0, 10.0, 3.0 ] },
								"south": { "texture": "#bell", "uv": [ 13.25, 0.0, 14.5, 3.0 ] },
								"up": { "texture": "#bell", "uv": [ 9.25, 4.0, 10.5, 5.0 ] },
								"down": { "texture": "#bell", "uv": [ 1.5, 14.5, 2.75, 15.5 ] }
							},
							"children": [
								{
									"name": "Cube4",
									"from": [ -0.3152, -0.1736, 0.01 ],
									"to": [ 1.0848, 2.8264, 1.01 ],
									"rotationOrigin": [ 0.9848, 2.8264, 0.0 ],
									"rotationZ": -20.0,
									"faces": {
										"north": { "texture": "#bell", "uv": [ 6.25, 3.25, 7.5, 6.25 ], "windMode": [-1,-1,-1,-1] },
										"south": { "texture": "#bell", "uv": [ 4.5, 0.75, 5.75, 3.75 ] },
										"west": { "texture": "#bell", "uv": [ 11.0, 9.0, 12.0, 12.0 ] },
										"up": { "texture": "#bell", "uv": [ 6.75, 3.5, 8.0, 4.5 ] },
										"down": { "texture": "#bell", "uv": [ 10.5, 13.0, 11.75, 14.0 ] }
									}
								}
							]
						}
					]
				},
				{
					"name": "Cube5",
					"from": [ -0.5, 3.5, -0.5 ],
					"to": [ -0.5, 3.5, -0.5 ],
					"rotationOrigin": [ 0.0, 3.5, 0.0 ],
					"rotationY": -90.0,
					"faces": {
					},
					"children": [
						{
							"name": "Cube6",
							"from": [ 0.0, -3.0, 0.0 ],
							"to": [ 1.4, 0.0, 1.0 ],
							"rotationOrigin": [ 0.0, 0.0, 0.0 ],
							"rotationZ": 10.0,
							"faces": {
								"north": { "texture": "#bell", "uv": [ 6.0, 6.5, 7.25, 9.5 ] },
								"east": { "texture": "#bell", "uv": [ 6.25, 4.75, 7.25, 7.75 ] },
								"south": { "texture": "#bell", "uv": [ 11.0, 8.25, 12.25, 11.25 ] },
								"up": { "texture": "#bell", "uv": [ 1.0, 1.75, 2.25, 2.75 ] },
								"down": { "texture": "#bell", "uv": [ 14.0, 0.5, 15.25, 1.5 ] }
							},
							"children": [
								{
									"name": "Cube7",
									"from": [ -0.3152, -0.1736, 0.01 ],
									"to": [ 1.0848, 2.8264, 1.01 ],
									"rotationOrigin": [ 0.9848, 2.8264, 0.0 ],
									"rotationZ": -20.0,
									"faces": {
										"north": { "texture": "#bell", "uv": [ 4.25, 1.5, 5.5, 4.5 ] },
										"south": { "texture": "#bell", "uv": [ 4.25, 1.75, 5.5, 4.75 ], "windMode": [-1,-1,-1,-1] },
										"west": { "texture": "#bell", "uv": [ 3.75, 10.5, 4.75, 13.5 ] },
										"up": { "texture": "#bell", "uv": [ 2.75, 0.25, 4.0, 1.25 ] },
										"down": { "texture": "#bell", "uv": [ 10.25, 5.0, 11.5, 6.0 ] }
									}
								}
							]
						}
					]
				},
				{
					"name": "Cube8",
					"from": [ -0.5, -0.5, -0.5 ],
					"to": [ 0.5, 0.8, 0.5 ],
					"rotationOrigin": [ -0.5, -0.5, -0.5 ],
					"faces": {
						"north": { "texture": "#bell", "uv": [ 1.75, 0.5, 2.75, 1.75 ] },
						"east": { "texture": "#bell", "uv": [ 14.75, 3.75, 15.75, 5.0 ] },
						"south": { "texture": "#bell", "uv": [ 1.75, 6.5, 2.75, 7.75 ] },
						"west": { "texture": "#bell", "uv": [ 2.25, 9.0, 3.25, 10.25 ] },
						"down": { "texture": "#bell", "uv": [ 9.25, 8.0, 10.25, 9.0 ] }
					}
				}
			]
		}
	]}