{
	"editor": {
		"collapsedPaths": "Root/BellQuarter1,Root/MainAxle/CrownCenter,Root/RimCenter/1Rim1/1Rim10/1Rim11/1Rim12/1Rim13/1Rim14,Root/BellQuarter3,Root/BellQuarter2,Root/stator,Root/RimCenter/CrownSocket/CrownH7A,Root/RimCenter/CrownSocket/CrownL2A2,Root/RimCenter/CrownSocket/CrownL4A2,Root/BellQuarter3/CrownSocket3,Root/BellQuarter1/1Rim4A,Root/BellQuarter4,Root/RimCenter/1Rim3.0,Root/BellQuarter1/CrownSocket,Root/RimCenter/CrownSocket/10RimSAVE2,Root/BellQuarter1/1Rim3to4,Root/OriginRotor,Root/stator/rope,Root/RimCenter/1Rim1to2,Root/RimCenter/CrownSocket/CrownL8A,Root/BellQuarter1/CrownSocket/CrownH1A,Root/MainAxle/RotorRope1,Root/BellQuarter1/1Rim1B,Root/BellQuarter1/1Rim2,Root/RimCenter/1Rim2to3,Root/BellQuarter1/1Rim3,Root/RimCenter3,Root/RimCenter2,Root/stator/woodnailBig1,Root/RimCenter4,Root/RimCenter/1Rim1A/1Rim2/1Rim3,Root/RimCenter/CrownSocket/CrownH5A,Root/nails,Root/BellQuarter4/CrownSocket4,Root/RimCenter/1Rim2.0,Root/BellQuarter2/CrownSocket2,Root/CrownCenter,Root/BellQuarter1/1Rim1to2,Root/RimCenter/1Rim3to4,Root/RimCenter/CrownSocket/CrownH9A,Root/RimCenter/CrownSocket/10Rim4,Root/metalnails2,Root/RimCenter/1Rim1/1Rim18,Root/RimCenter/1Rim1A,Root/rotor/metal,Root/RimCenter/1Rim2/2Rim2/3Rim2/4Rim2/5Rim2/6Rim2/7Rim2,Root/1Rim1,Root/Frame,Root/metalnails,Root/MainAxle/Roundarch",
		"allAngles": false,
		"entityTextureMode": false
	},
	"textureWidth": 16,
	"textureHeight": 16,
	"textureSizes": {
	},
	"textures": {
	},
	"elements": [
		{
			"name": "Frame",
			"from": [ 8.0, 0.0, 8.0 ],
			"to": [ 8.0, 0.0, 8.0 ],
			"rotationOrigin": [ 8.0, 0.0, 8.0 ],
			"faces": {
				"north": { "texture": "#null", "uv": [ 0.0, 0.0, 0.5, 0.5 ] },
				"east": { "texture": "#null", "uv": [ 0.0, 0.0, 0.5, 0.5 ] },
				"south": { "texture": "#null", "uv": [ 0.0, 0.0, 0.5, 0.5 ] },
				"west": { "texture": "#null", "uv": [ 0.0, 0.0, 0.5, 0.5 ] },
				"up": { "texture": "#null", "uv": [ 0.0, 0.0, 0.5, 0.5 ] },
				"down": { "texture": "#null", "uv": [ 0.0, 0.0, 0.5, 0.5 ] }
			},
			"children": [
				{
					"name": "beam1S",
					"from": [ -7.0, 14.0, 6.0 ],
					"to": [ 7.0, 16.0, 8.0 ],
					"rotationOrigin": [ -7.0, 14.0, 6.0 ],
					"faces": {
						"north": { "texture": "#wood", "uv": [ 0.0, 0.0, 14.0, 2.0 ] },
						"south": { "texture": "#wood", "uv": [ 0.0, 0.0, 14.0, 2.0 ] },
						"up": { "texture": "#wood", "uv": [ 0.0, 0.0, 14.0, 2.0 ] },
						"down": { "texture": "#wood", "uv": [ 0.0, 0.0, 14.0, 2.0 ] }
					},
					"children": [
						{
							"name": "beam1.W",
							"from": [ -0.8, 0.0, 0.5 ],
							"to": [ 0.0, 2.0, 1.5 ],
							"rotationOrigin": [ -0.8, 0.0, 0.5 ],
							"faces": {
								"up": { "texture": "#wood", "uv": [ 0.0, 1.5, 0.5, 2.5 ] },
								"down": { "texture": "#wood", "uv": [ 0.0, 0.5, 0.5, 1.5 ], "windMode": [-1,-1,-1,-1] }
							}
						},
						{
							"name": "beam1.E",
							"from": [ 14.0, 0.0, 0.5 ],
							"to": [ 14.8, 2.0, 1.5 ],
							"rotationOrigin": [ 14.0, 0.0, 0.5 ],
							"faces": {
								"up": { "texture": "#wood", "uv": [ 0.0, 1.5, 0.5, 2.5 ] },
								"down": { "texture": "#wood", "uv": [ 0.0, 0.5, 0.5, 1.5 ] }
							}
						}
					]
				},
				{
					"name": "beam2N",
					"from": [ -7.0, 14.0, -8.0 ],
					"to": [ 7.0, 16.0, -6.0 ],
					"rotationOrigin": [ -7.0, 14.0, -8.0 ],
					"faces": {
						"north": { "texture": "#wood", "uv": [ 0.0, 0.0, 14.0, 2.0 ] },
						"south": { "texture": "#wood", "uv": [ 0.0, 0.0, 14.0, 2.0 ] },
						"up": { "texture": "#wood", "uv": [ 0.0, 0.0, 14.0, 2.0 ] },
						"down": { "texture": "#wood", "uv": [ 0.0, 0.0, 14.0, 2.0 ] }
					},
					"children": [
						{
							"name": "beam2.W",
							"from": [ -0.8, 0.0, 0.5 ],
							"to": [ 0.0, 2.0, 1.5 ],
							"rotationOrigin": [ -0.8, 0.0, 0.5 ],
							"faces": {
								"up": { "texture": "#wood", "uv": [ 0.0, 1.5, 0.5, 2.5 ] },
								"down": { "texture": "#wood", "uv": [ 0.0, 0.5, 0.5, 1.5 ] }
							}
						},
						{
							"name": "beam2.E",
							"from": [ 14.0, 0.0, 0.5 ],
							"to": [ 14.8, 2.0, 1.5 ],
							"rotationOrigin": [ 14.0, 0.0, 0.5 ],
							"faces": {
								"up": { "texture": "#wood", "uv": [ 0.0, 1.5, 0.5, 2.5 ] },
								"down": { "texture": "#wood", "uv": [ 0.0, 0.5, 0.5, 1.5 ] }
							}
						}
					]
				},
				{
					"name": "beam3",
					"from": [ -1.0, 14.5, -6.0 ],
					"to": [ 1.0, 15.5, 6.0 ],
					"rotationOrigin": [ -1.0, 14.5, -6.0 ],
					"faces": {
						"east": { "texture": "#wood", "uv": [ 0.0, 0.0, 12.0, 1.0 ] },
						"west": { "texture": "#wood", "uv": [ 0.0, 0.0, 12.0, 1.0 ] },
						"up": { "texture": "#wood", "uv": [ 1.0, 8.5, 13.0, 10.5 ], "rotation": 90 },
						"down": { "texture": "#wood", "uv": [ 1.5, 3.5, 13.5, 5.5 ], "rotation": 90 }
					}
				},
				{
					"name": "Frame1W",
					"from": [ -8.0, 13.99, -8.0 ],
					"to": [ -7.0, 15.99, 8.0 ],
					"rotationOrigin": [ -8.0, 14.0, -8.0 ],
					"faces": {
						"north": { "texture": "#wood2", "uv": [ 8.0, 10.0, 9.0, 12.0 ] },
						"east": { "texture": "#wood", "uv": [ 0.0, 13.5, 16.0, 15.5 ] },
						"south": { "texture": "#wood2", "uv": [ 9.5, 13.5, 10.5, 15.5 ] },
						"west": { "texture": "#wood", "uv": [ 0.0, 3.5, 16.0, 5.5 ] },
						"up": { "texture": "#wood2", "uv": [ 0.0, 4.5, 16.0, 5.5 ], "rotation": 90 },
						"down": { "texture": "#wood2", "uv": [ 0.0, 0.0, 16.0, 1.0 ], "rotation": 90 }
					}
				},
				{
					"name": "Frame1E",
					"from": [ 7.0, 13.99, -8.0 ],
					"to": [ 8.0, 15.99, 8.0 ],
					"rotationOrigin": [ 7.0, 14.0, -8.0 ],
					"faces": {
						"north": { "texture": "#wood2", "uv": [ 13.5, 6.0, 14.5, 8.0 ] },
						"east": { "texture": "#wood", "uv": [ 0.0, 11.0, 16.0, 13.0 ] },
						"south": { "texture": "#wood2", "uv": [ 6.5, 13.0, 7.5, 15.0 ] },
						"west": { "texture": "#wood", "uv": [ 0.0, 5.5, 16.0, 7.5 ] },
						"up": { "texture": "#wood2", "uv": [ 0.0, 14.0, 16.0, 15.0 ], "rotation": 90 },
						"down": { "texture": "#wood2", "uv": [ 0.0, 9.0, 16.0, 10.0 ], "rotation": 90 }
					}
				},
				{
					"name": "FrameDownW",
					"from": [ -8.0, 0.0, -5.0 ],
					"to": [ -6.5, 2.0, 5.0 ],
					"rotationOrigin": [ -8.0, 0.0, -5.0 ],
					"faces": {
						"north": { "texture": "#wood2", "uv": [ 12.5, 6.0, 14.0, 8.0 ] },
						"east": { "texture": "#wood", "uv": [ 4.5, 5.0, 14.5, 7.0 ] },
						"south": { "texture": "#wood2", "uv": [ 0.5, 0.0, 2.0, 2.0 ] },
						"west": { "texture": "#wood", "uv": [ 2.0, 11.0, 12.0, 13.0 ] },
						"up": { "texture": "#wood", "uv": [ 2.0, 1.0, 3.5, 11.0 ] },
						"down": { "texture": "#wood", "uv": [ 9.5, 3.5, 11.0, 13.5 ] }
					}
				},
				{
					"name": "FrameDownE",
					"from": [ 6.5, 0.0, -5.0 ],
					"to": [ 8.0, 2.0, 5.0 ],
					"rotationOrigin": [ 6.5, 0.0, -5.0 ],
					"faces": {
						"north": { "texture": "#wood2", "uv": [ 4.0, 4.5, 5.5, 6.5 ] },
						"east": { "texture": "#wood", "uv": [ 2.5, 13.0, 12.5, 15.0 ] },
						"south": { "texture": "#wood2", "uv": [ 10.0, 8.5, 11.5, 10.5 ] },
						"west": { "texture": "#wood", "uv": [ 5.5, 12.5, 15.5, 14.5 ] },
						"up": { "texture": "#wood", "uv": [ 9.5, 1.5, 11.0, 11.5 ] },
						"down": { "texture": "#wood", "uv": [ 3.5, 4.5, 5.0, 14.5 ] }
					}
				},
				{
					"name": "Frame1NW",
					"from": [ -7.99, 0.0, -5.0 ],
					"to": [ -7.19, 15.0, -3.0 ],
					"rotationOrigin": [ -8.0, 0.0, -5.0 ],
					"rotationX": -11.0,
					"faces": {
						"north": { "texture": "#wood", "uv": [ 0.0, 13.5, 15.0, 14.0 ], "rotation": 90, "windMode": [-1,-1,-1,-1] },
						"east": { "texture": "#wood", "uv": [ 0.5, 7.5, 15.5, 9.5 ], "rotation": 90, "windMode": [-1,-1,-1,-1] },
						"south": { "texture": "#wood", "uv": [ 0.0, 13.0, 15.0, 13.5 ], "rotation": 90, "windMode": [-1,-1,-1,-1] },
						"west": { "texture": "#wood", "uv": [ 0.5, 7.0, 15.5, 9.0 ], "rotation": 90, "windMode": [-1,-1,-1,-1] }
					}
				},
				{
					"name": "Frame1SW",
					"from": [ -7.99, 0.0, 3.0 ],
					"to": [ -7.19, 15.0, 5.0 ],
					"rotationOrigin": [ -8.0, 0.0, 5.0 ],
					"rotationX": 11.0,
					"faces": {
						"north": { "texture": "#wood", "uv": [ 0.5, 6.0, 15.5, 6.5 ], "rotation": 90, "windMode": [-1,-1,-1,-1] },
						"east": { "texture": "#wood", "uv": [ 0.5, 3.5, 15.5, 5.5 ], "rotation": 90, "windMode": [-1,-1,-1,-1] },
						"south": { "texture": "#wood", "uv": [ 0.5, 0.0, 15.5, 0.5 ], "rotation": 90, "windMode": [-1,-1,-1,-1] },
						"west": { "texture": "#wood", "uv": [ 0.0, 0.5, 15.0, 2.5 ], "rotation": 90, "windMode": [-1,-1,-1,-1] }
					}
				},
				{
					"name": "Frame1SE",
					"from": [ 7.19, 0.0, 3.0 ],
					"to": [ 7.99, 15.0, 5.0 ],
					"rotationOrigin": [ 7.2, 0.0, 5.0 ],
					"rotationX": 11.0,
					"faces": {
						"north": { "texture": "#wood", "uv": [ 0.0, 1.0, 15.0, 1.5 ], "rotation": 90 },
						"east": { "texture": "#wood", "uv": [ 0.5, 0.0, 15.5, 2.0 ], "rotation": 90 },
						"south": { "texture": "#wood", "uv": [ 0.0, 1.5, 15.0, 2.0 ], "rotation": 90 },
						"west": { "texture": "#wood", "uv": [ 0.0, 2.5, 15.0, 4.5 ], "rotation": 90 }
					}
				},
				{
					"name": "Frame1NE",
					"from": [ 7.19, 0.0, -5.0 ],
					"to": [ 7.99, 15.0, -3.0 ],
					"rotationOrigin": [ 7.2, 0.0, -5.0 ],
					"rotationX": -11.0,
					"faces": {
						"north": { "texture": "#wood", "uv": [ 0.5, 4.0, 15.5, 4.5 ], "rotation": 90 },
						"east": { "texture": "#wood", "uv": [ 0.5, 11.5, 15.5, 13.5 ], "rotation": 90 },
						"south": { "texture": "#wood", "uv": [ 0.0, 1.5, 15.0, 2.0 ], "rotation": 90 },
						"west": { "texture": "#wood", "uv": [ 0.0, 11.0, 15.0, 13.0 ], "rotation": 90 }
					}
				},
				{
					"name": "metalE",
					"from": [ 7.3, 7.0, -5.0 ],
					"to": [ 7.9, 9.0, 5.0 ],
					"rotationOrigin": [ 7.3, 7.0, -5.0 ],
					"faces": {
						"east": { "texture": "#metal", "uv": [ 0.0, 13.0, 16.0, 16.0 ], "autoUv": false },
						"west": { "texture": "#metal", "uv": [ 0.0, 2.0, 16.0, 5.0 ], "autoUv": false },
						"up": { "texture": "#metal", "uv": [ 0.0, 1.5, 16.0, 3.0 ], "rotation": 270, "autoUv": false },
						"down": { "texture": "#metal", "uv": [ 0.0, 8.0, 16.0, 9.5 ], "rotation": 90, "autoUv": false }
					}
				},
				{
					"name": "metalW",
					"from": [ -7.9, 7.0, -5.0 ],
					"to": [ -7.3, 9.0, 5.0 ],
					"rotationOrigin": [ -7.9, 7.0, -5.0 ],
					"faces": {
						"east": { "texture": "#metal", "uv": [ 0.0, 5.0, 16.0, 8.0 ], "autoUv": false },
						"west": { "texture": "#metal", "uv": [ 0.0, 9.0, 16.0, 12.0 ], "autoUv": false },
						"up": { "texture": "#metal", "uv": [ 0.0, 10.5, 16.0, 12.0 ], "rotation": 90, "autoUv": false },
						"down": { "texture": "#metal", "uv": [ 0.0, 9.5, 16.0, 11.0 ], "rotation": 90, "autoUv": false }
					}
				}
			]
		},
		{
			"name": "metalnails",
			"from": [ 8.0, 0.0, 8.0 ],
			"to": [ 8.0, 0.0, 8.0 ],
			"rotationOrigin": [ 8.0, 0.0, 8.0 ],
			"faces": {
			},
			"children": [
				{
					"name": "nail1",
					"from": [ -8.0, 0.7, 3.9 ],
					"to": [ -6.2, 1.1, 4.3 ],
					"rotationOrigin": [ -8.0, 0.9, 4.1 ],
					"rotationX": 10.0,
					"faces": {
						"north": { "texture": "#metal", "uv": [ 0.0, 0.0, 1.5, 0.5 ] },
						"east": { "texture": "#metal", "uv": [ 0.0, 0.0, 0.5, 0.5 ] },
						"south": { "texture": "#metal", "uv": [ 0.0, 0.0, 1.5, 0.5 ] },
						"up": { "texture": "#metal", "uv": [ 0.0, 0.0, 1.5, 0.5 ] },
						"down": { "texture": "#metal", "uv": [ 0.0, 0.0, 1.5, 0.5 ] }
					},
					"children": [
						{
							"name": "nailhead1",
							"from": [ 1.4, -0.1, -0.1 ],
							"to": [ 1.6, 0.5, 0.5 ],
							"rotationOrigin": [ 1.4, -0.1, -0.1 ],
							"faces": {
								"north": { "texture": "#metal", "uv": [ 0.0, 0.0, 0.5, 0.5 ] },
								"east": { "texture": "#metal", "uv": [ 0.0, 0.0, 0.5, 0.5 ] },
								"south": { "texture": "#metal", "uv": [ 0.0, 0.0, 0.5, 0.5 ] },
								"up": { "texture": "#metal", "uv": [ 0.0, 0.0, 0.5, 0.5 ] },
								"down": { "texture": "#metal", "uv": [ 0.0, 0.0, 0.5, 0.5 ] }
							}
						}
					]
				},
				{
					"name": "nail2",
					"from": [ -8.0, 0.7, -4.3 ],
					"to": [ -6.2, 1.1, -3.9 ],
					"rotationOrigin": [ -8.0, 0.9, -4.1 ],
					"rotationX": 30.0,
					"faces": {
						"north": { "texture": "#metal", "uv": [ 0.0, 0.0, 1.5, 0.5 ] },
						"east": { "texture": "#metal", "uv": [ 0.0, 0.0, 0.5, 0.5 ] },
						"south": { "texture": "#metal", "uv": [ 0.0, 0.0, 1.5, 0.5 ] },
						"up": { "texture": "#metal", "uv": [ 0.0, 0.0, 1.5, 0.5 ] },
						"down": { "texture": "#metal", "uv": [ 0.0, 0.0, 1.5, 0.5 ] }
					},
					"children": [
						{
							"name": "nailhead2",
							"from": [ 1.4, -0.1, -0.1 ],
							"to": [ 1.6, 0.5, 0.5 ],
							"rotationOrigin": [ 1.4, -0.1, -0.1 ],
							"faces": {
								"north": { "texture": "#metal", "uv": [ 0.0, 0.0, 0.5, 0.5 ] },
								"east": { "texture": "#metal", "uv": [ 0.0, 0.0, 0.5, 0.5 ] },
								"south": { "texture": "#metal", "uv": [ 0.0, 0.0, 0.5, 0.5 ] },
								"up": { "texture": "#metal", "uv": [ 0.0, 0.0, 0.5, 0.5 ] },
								"down": { "texture": "#metal", "uv": [ 0.0, 0.0, 0.5, 0.5 ] }
							}
						}
					]
				}
			]
		},
		{
			"name": "metalnails2",
			"from": [ 8.0, 0.0, 8.0 ],
			"to": [ 8.0, 0.0, 8.0 ],
			"rotationOrigin": [ 8.0, 0.0, 8.0 ],
			"rotationY": 180.0,
			"faces": {
			},
			"children": [
				{
					"name": "nail3",
					"from": [ -7.0, 0.7, 3.9 ],
					"to": [ -6.2, 1.1, 4.3 ],
					"rotationOrigin": [ -7.0, 0.9, 4.1 ],
					"rotationX": 20.0,
					"faces": {
						"north": { "texture": "#metal", "uv": [ 0.0, 0.0, 0.5, 0.5 ] },
						"east": { "texture": "#metal", "uv": [ 0.0, 0.0, 0.5, 0.5 ] },
						"south": { "texture": "#metal", "uv": [ 0.0, 0.0, 0.5, 0.5 ] },
						"up": { "texture": "#metal", "uv": [ 0.0, 0.0, 0.5, 0.5 ] },
						"down": { "texture": "#metal", "uv": [ 0.0, 0.0, 0.5, 0.5 ] }
					},
					"children": [
						{
							"name": "nailhead3",
							"from": [ 0.4, -0.1, -0.1 ],
							"to": [ 0.6, 0.5, 0.5 ],
							"rotationOrigin": [ 0.4, -0.1, -0.1 ],
							"faces": {
								"north": { "texture": "#metal", "uv": [ 0.0, 0.0, 0.5, 0.5 ] },
								"east": { "texture": "#metal", "uv": [ 0.0, 0.0, 0.5, 0.5 ] },
								"south": { "texture": "#metal", "uv": [ 0.0, 0.0, 0.5, 0.5 ] },
								"up": { "texture": "#metal", "uv": [ 0.0, 0.0, 0.5, 0.5 ] },
								"down": { "texture": "#metal", "uv": [ 0.0, 0.0, 0.5, 0.5 ] }
							}
						}
					]
				},
				{
					"name": "nail4",
					"from": [ -7.0, 0.7, -4.3 ],
					"to": [ -6.2, 1.1, -3.9 ],
					"rotationOrigin": [ -7.0, 0.9, -4.1 ],
					"rotationX": -9.0,
					"faces": {
						"north": { "texture": "#metal", "uv": [ 0.0, 0.0, 0.5, 0.5 ] },
						"east": { "texture": "#metal", "uv": [ 0.0, 0.0, 0.5, 0.5 ] },
						"south": { "texture": "#metal", "uv": [ 0.0, 0.0, 0.5, 0.5 ] },
						"up": { "texture": "#metal", "uv": [ 0.0, 0.0, 0.5, 0.5 ] },
						"down": { "texture": "#metal", "uv": [ 0.0, 0.0, 0.5, 0.5 ] }
					},
					"children": [
						{
							"name": "nailhead4",
							"from": [ 0.4, -0.1, -0.1 ],
							"to": [ 0.6, 0.5, 0.5 ],
							"rotationOrigin": [ 0.4, -0.1, -0.1 ],
							"faces": {
								"north": { "texture": "#metal", "uv": [ 0.0, 0.0, 0.5, 0.5 ] },
								"east": { "texture": "#metal", "uv": [ 0.0, 0.0, 0.5, 0.5 ] },
								"south": { "texture": "#metal", "uv": [ 0.0, 0.0, 0.5, 0.5 ] },
								"up": { "texture": "#metal", "uv": [ 0.0, 0.0, 0.5, 0.5 ] },
								"down": { "texture": "#metal", "uv": [ 0.0, 0.0, 0.5, 0.5 ] }
							}
						}
					]
				}
			]
		},
		{
			"name": "OriginRotor",
			"from": [ 0.0, 8.0, 8.0 ],
			"to": [ 0.0, 8.0, 8.0 ],
			"rotationOrigin": [ 0.0, 8.0, 8.0 ],
			"faces": {
			},
			"children": [
				{
					"name": "Axle",
					"from": [ -1.5, -0.5, -0.5 ],
					"to": [ 1.5, 0.5, 0.5 ],
					"rotationOrigin": [ -1.5, 0.0, 0.0 ],
					"faces": {
						"north": { "texture": "#metal", "uv": [ 0.0, 0.0, 3.0, 1.0 ] },
						"east": { "texture": "#metal", "uv": [ 0.0, 0.0, 1.0, 1.0 ] },
						"south": { "texture": "#metal", "uv": [ 0.0, 0.0, 3.0, 1.0 ] },
						"west": { "texture": "#metal", "uv": [ 0.0, 0.0, 1.0, 1.0 ] },
						"up": { "texture": "#metal", "uv": [ 0.0, 0.0, 3.0, 1.0 ] },
						"down": { "texture": "#metal", "uv": [ 0.0, 0.0, 3.0, 1.0 ] }
					},
					"children": [
						{
							"name": "Cube2",
							"from": [ 2.3, -0.5, -0.5 ],
							"to": [ 5.1, 1.5, 1.5 ],
							"rotationOrigin": [ 2.3, -0.5, -0.5 ],
							"faces": {
								"north": { "texture": "#wood", "uv": [ 0.0, 0.0, 2.5, 2.0 ] },
								"east": { "texture": "#wood2", "uv": [ 0.0, 0.0, 2.0, 2.0 ] },
								"south": { "texture": "#wood", "uv": [ 0.0, 0.0, 2.5, 2.0 ] },
								"west": { "texture": "#wood2", "uv": [ 0.0, 0.0, 2.0, 2.0 ] },
								"up": { "texture": "#wood", "uv": [ 0.0, 0.0, 2.5, 2.0 ] },
								"down": { "texture": "#wood", "uv": [ 0.0, 0.0, 2.5, 2.0 ] }
							},
							"children": [
								{
									"name": "metalCube1",
									"from": [ 2.2, -0.3, -0.2 ],
									"to": [ 9.7, 0.7, 2.2 ],
									"rotationOrigin": [ 2.2, -0.3, 0.0 ],
									"rotationZ": 80.0,
									"faces": {
										"north": { "texture": "#metal", "uv": [ 7.5, 1.0, 15.0, 2.0 ] },
										"east": { "texture": "#metal", "uv": [ 3.5, 4.5, 5.5, 5.5 ] },
										"south": { "texture": "#metal", "uv": [ 0.0, 13.0, 7.5, 14.0 ] },
										"west": { "texture": "#metal", "uv": [ 13.0, 4.0, 15.0, 5.0 ] },
										"up": { "texture": "#metal", "uv": [ 6.0, 6.5, 13.5, 8.5 ] },
										"down": { "texture": "#metal", "uv": [ 2.0, 8.5, 9.5, 10.5 ] }
									}
								},
								{
									"name": "Cube4",
									"from": [ 2.0, 5.0, 0.0 ],
									"to": [ 12.4, 7.0, 2.0 ],
									"rotationOrigin": [ 2.0, 5.0, 0.0 ],
									"faces": {
										"north": { "texture": "#wood", "uv": [ 0.0, 0.0, 10.0, 2.0 ] },
										"east": { "texture": "#wood2", "uv": [ 0.0, 0.0, 2.0, 2.0 ] },
										"south": { "texture": "#wood", "uv": [ 0.0, 0.0, 10.0, 2.0 ] },
										"west": { "texture": "#wood2", "uv": [ 0.0, 0.0, 2.0, 2.0 ] },
										"up": { "texture": "#wood", "uv": [ 0.0, 0.0, 10.0, 2.0 ] },
										"down": { "texture": "#wood", "uv": [ 0.0, 0.0, 10.0, 2.0 ] }
									},
									"children": [
										{
											"name": "metal",
											"from": [ 4.0, -0.1, -0.1 ],
											"to": [ 4.8, 2.1, 2.1 ],
											"rotationOrigin": [ 4.0, -0.1, -0.1 ],
											"faces": {
												"north": { "texture": "#metal", "uv": [ 4.5, 7.5, 6.0, 12.5 ], "autoUv": false },
												"east": { "texture": "#metal", "uv": [ 1.0, 4.0, 2.0, 8.0 ], "autoUv": false },
												"south": { "texture": "#metal", "uv": [ 5.5, 7.0, 7.0, 12.0 ], "autoUv": false },
												"west": { "texture": "#metal", "uv": [ 0.5, 1.5, 1.5, 6.5 ], "autoUv": false },
												"up": { "texture": "#metal", "uv": [ 10.5, 12.5, 12.0, 15.5 ], "autoUv": false },
												"down": { "texture": "#metal", "uv": [ 9.0, 6.0, 10.5, 9.0 ], "autoUv": false }
											},
											"children": [
												{
													"name": "metal3",
													"from": [ 0.0, -2.7, 0.5 ],
													"to": [ 0.8, 0.0, 0.7 ],
													"rotationOrigin": [ 0.0, -2.7, 0.5 ],
													"faces": {
														"north": { "texture": "#metal", "uv": [ 7.0, 8.5, 8.5, 12.0 ], "autoUv": false },
														"east": { "texture": "#metal", "uv": [ 9.0, 0.0, 9.5, 3.5 ], "autoUv": false },
														"south": { "texture": "#metal", "uv": [ 5.0, 4.5, 6.5, 8.0 ], "autoUv": false },
														"west": { "texture": "#metal", "uv": [ 2.0, 8.0, 2.5, 11.5 ], "autoUv": false },
														"down": { "texture": "#metal", "uv": [ 1.0, 10.5, 1.5, 11.0 ] }
													}
												},
												{
													"name": "metal4",
													"from": [ 0.0, -2.7, 1.5 ],
													"to": [ 0.8, 0.0, 1.7 ],
													"rotationOrigin": [ 0.0, -2.7, 1.5 ],
													"faces": {
														"north": { "texture": "#metal", "uv": [ 6.0, 5.0, 7.5, 8.5 ], "autoUv": false },
														"east": { "texture": "#metal", "uv": [ 3.5, 2.0, 4.0, 5.5 ], "autoUv": false },
														"south": { "texture": "#metal", "uv": [ 1.0, 10.5, 2.5, 14.0 ], "autoUv": false },
														"west": { "texture": "#metal", "uv": [ 5.0, 6.0, 5.5, 9.5 ], "autoUv": false },
														"down": { "texture": "#metal", "uv": [ 1.0, 0.0, 1.5, 0.5 ] }
													}
												},
												{
													"name": "WedgeMetal1",
													"from": [ 0.15, -2.4, -0.5 ],
													"to": [ 0.65, -1.9, 2.2 ],
													"rotationOrigin": [ 0.2, -2.4, -0.5 ],
													"faces": {
														"north": { "texture": "#metal", "uv": [ 7.5, 7.0, 8.0, 7.5 ] },
														"east": { "texture": "#metal", "uv": [ 11.0, 3.5, 13.5, 4.0 ] },
														"south": { "texture": "#metal", "uv": [ 12.0, 8.5, 12.5, 9.0 ] },
														"west": { "texture": "#metal", "uv": [ 13.0, 2.5, 15.5, 3.0 ] },
														"up": { "texture": "#metal", "uv": [ 5.0, 0.0, 5.5, 2.5 ] },
														"down": { "texture": "#metal", "uv": [ 10.5, 6.5, 11.0, 9.0 ] }
													},
													"children": [
														{
															"name": "WedgeMetal2",
															"from": [ -0.01, 0.0, 2.7 ],
															"to": [ 0.49, 0.3, 3.3 ],
															"rotationOrigin": [ 0.05, 0.0, 2.7 ],
															"rotationX": -8.0,
															"faces": {
																"north": { "texture": "#metal", "uv": [ 10.5, 0.0, 11.0, 0.5 ] },
																"east": { "texture": "#metal", "uv": [ 11.5, 12.5, 12.0, 13.0 ] },
																"south": { "texture": "#metal", "uv": [ 2.5, 6.5, 3.0, 7.0 ] },
																"west": { "texture": "#metal", "uv": [ 12.0, 6.5, 12.5, 7.0 ] },
																"up": { "texture": "#metal", "uv": [ 11.5, 14.5, 12.0, 15.0 ] },
																"down": { "texture": "#metal", "uv": [ 6.0, 8.5, 6.5, 9.0 ] }
															}
														},
														{
															"name": "WedgeMetal3",
															"from": [ 0.0, 0.2, 2.7 ],
															"to": [ 0.5, 0.5, 3.3 ],
															"rotationOrigin": [ 0.05, 0.5, 2.7 ],
															"rotationX": 8.0,
															"faces": {
																"north": { "texture": "#metal", "uv": [ 4.5, 2.5, 5.0, 3.0 ] },
																"east": { "texture": "#metal", "uv": [ 6.0, 14.5, 6.5, 15.0 ] },
																"south": { "texture": "#metal", "uv": [ 2.5, 7.5, 3.0, 8.0 ] },
																"west": { "texture": "#metal", "uv": [ 14.5, 6.5, 15.0, 7.0 ] },
																"up": { "texture": "#metal", "uv": [ 4.5, 2.0, 5.0, 2.5 ] },
																"down": { "texture": "#metal", "uv": [ 6.5, 11.5, 7.0, 12.0 ] }
															}
														}
													]
												},
												{
													"name": "WedgeMetal4",
													"from": [ 2.15, -2.4, 2.5 ],
													"to": [ 2.65, -1.9, 5.2 ],
													"rotationOrigin": [ 2.2, -2.4, 2.5 ],
													"rotationY": 180.0,
													"faces": {
														"north": { "texture": "#metal", "uv": [ 7.0, 14.5, 7.5, 15.0 ] },
														"east": { "texture": "#metal", "uv": [ 3.5, 14.0, 6.0, 14.5 ] },
														"south": { "texture": "#metal", "uv": [ 3.5, 5.5, 4.0, 6.0 ] },
														"west": { "texture": "#metal", "uv": [ 8.0, 1.0, 10.5, 1.5 ] },
														"up": { "texture": "#metal", "uv": [ 11.0, 2.0, 11.5, 4.5 ] },
														"down": { "texture": "#metal", "uv": [ 6.5, 1.0, 7.0, 3.5 ] }
													},
													"children": [
														{
															"name": "WedgeMetal5",
															"from": [ -0.01, 0.0, 2.7 ],
															"to": [ 0.49, 0.3, 3.3 ],
															"rotationOrigin": [ 0.05, 0.0, 2.7 ],
															"rotationX": -8.0,
															"faces": {
																"north": { "texture": "#metal", "uv": [ 7.5, 6.5, 8.0, 7.0 ] },
																"east": { "texture": "#metal", "uv": [ 5.5, 5.0, 6.0, 5.5 ] },
																"south": { "texture": "#metal", "uv": [ 3.5, 14.5, 4.0, 15.0 ] },
																"west": { "texture": "#metal", "uv": [ 10.0, 2.5, 10.5, 3.0 ] },
																"up": { "texture": "#metal", "uv": [ 7.0, 7.0, 7.5, 7.5 ] },
																"down": { "texture": "#metal", "uv": [ 10.5, 11.0, 11.0, 11.5 ] }
															}
														},
														{
															"name": "WedgeMetal6",
															"from": [ 0.0, 0.2, 2.7 ],
															"to": [ 0.5, 0.5, 3.3 ],
															"rotationOrigin": [ 0.05, 0.5, 2.7 ],
															"rotationX": 8.0,
															"faces": {
																"north": { "texture": "#metal", "uv": [ 1.0, 7.0, 1.5, 7.5 ] },
																"east": { "texture": "#metal", "uv": [ 10.5, 12.0, 11.0, 12.5 ] },
																"south": { "texture": "#metal", "uv": [ 12.0, 6.0, 12.5, 6.5 ] },
																"west": { "texture": "#metal", "uv": [ 13.0, 0.5, 13.5, 1.0 ] },
																"up": { "texture": "#metal", "uv": [ 6.5, 2.0, 7.0, 2.5 ] },
																"down": { "texture": "#metal", "uv": [ 6.0, 0.5, 6.5, 1.0 ] }
															}
														}
													]
												},
												{
													"name": "metal2",
													"from": [ 1.6, 0.0, 0.0 ],
													"to": [ 2.4, 2.2, 2.2 ],
													"rotationOrigin": [ 1.6, 0.0, 0.0 ],
													"faces": {
														"north": { "texture": "#metal", "uv": [ 11.0, 5.0, 12.5, 11.0 ], "autoUv": false },
														"east": { "texture": "#metal", "uv": [ 5.0, 5.0, 8.0, 10.0 ], "autoUv": false },
														"south": { "texture": "#metal", "uv": [ 13.0, 8.0, 14.5, 15.0 ], "autoUv": false },
														"west": { "texture": "#metal", "uv": [ 1.5, 6.5, 3.5, 8.5 ] },
														"up": { "texture": "#metal", "uv": [ 10.0, 8.5, 11.5, 11.5 ], "autoUv": false },
														"down": { "texture": "#metal", "uv": [ 9.5, 5.0, 11.0, 8.0 ], "autoUv": false }
													},
													"children": [
														{
															"name": "metal5",
															"from": [ 0.0, -2.7, 0.5 ],
															"to": [ 0.8, 0.0, 0.7 ],
															"rotationOrigin": [ 0.0, -2.7, 0.5 ],
															"faces": {
																"north": { "texture": "#metal", "uv": [ 14.0, 7.5, 15.5, 11.0 ], "autoUv": false },
																"east": { "texture": "#metal", "uv": [ 2.0, 10.0, 2.5, 13.5 ], "autoUv": false },
																"south": { "texture": "#metal", "uv": [ 8.0, 9.5, 9.5, 13.0 ], "autoUv": false },
																"west": { "texture": "#metal", "uv": [ 6.0, 5.0, 6.5, 8.5 ], "autoUv": false },
																"down": { "texture": "#metal", "uv": [ 9.5, 0.5, 10.0, 1.0 ] }
															}
														},
														{
															"name": "metal6",
															"from": [ 0.0, -2.7, 1.5 ],
															"to": [ 0.8, 0.0, 1.7 ],
															"rotationOrigin": [ 0.0, -2.7, 1.5 ],
															"faces": {
																"north": { "texture": "#metal", "uv": [ 13.0, 9.0, 14.5, 12.5 ], "autoUv": false },
																"east": { "texture": "#metal", "uv": [ 5.0, 1.0, 5.5, 4.5 ], "autoUv": false },
																"south": { "texture": "#metal", "uv": [ 9.0, 0.5, 10.5, 4.0 ], "autoUv": false },
																"west": { "texture": "#metal", "uv": [ 15.0, 8.5, 15.5, 12.0 ], "autoUv": false },
																"down": { "texture": "#metal", "uv": [ 1.0, 13.5, 1.5, 14.0 ] }
															}
														},
														{
															"name": "metal7",
															"from": [ -1.8, -1.9, 0.0 ],
															"to": [ 0.8, -1.4, 0.5 ],
															"rotationOrigin": [ -1.8, -1.9, 0.0 ],
															"rotationX": -5.0,
															"faces": {
																"north": { "texture": "#metal", "uv": [ 2.5, 9.0, 5.0, 9.5 ] },
																"east": { "texture": "#metal", "uv": [ 2.5, 11.5, 3.0, 12.0 ] },
																"south": { "texture": "#metal", "uv": [ 1.0, 8.0, 3.5, 8.5 ] },
																"west": { "texture": "#metal", "uv": [ 11.5, 5.5, 12.0, 6.0 ] },
																"up": { "texture": "#metal", "uv": [ 5.5, 11.5, 8.0, 12.0 ], "windMode": [-1,-1,-1,-1] },
																"down": { "texture": "#metal", "uv": [ 9.5, 13.0, 12.0, 13.5 ] }
															}
														},
														{
															"name": "metal8",
															"from": [ -1.6, -1.9, 1.65 ],
															"to": [ 1.0, -1.4, 2.15 ],
															"rotationOrigin": [ -1.6, -1.9, 2.15 ],
															"rotationX": 8.0,
															"faces": {
																"north": { "texture": "#metal", "uv": [ 3.5, 3.0, 6.0, 3.5 ] },
																"east": { "texture": "#metal", "uv": [ 13.5, 6.0, 14.0, 6.5 ] },
																"south": { "texture": "#metal", "uv": [ 1.5, 3.5, 4.0, 4.0 ] },
																"west": { "texture": "#metal", "uv": [ 3.5, 1.5, 4.0, 2.0 ] },
																"up": { "texture": "#metal", "uv": [ 8.0, 12.5, 10.5, 13.0 ] },
																"down": { "texture": "#metal", "uv": [ 13.0, 6.0, 15.5, 6.5 ] }
															}
														}
													]
												},
												{
													"name": "CrownCenter",
													"from": [ 0.8, -1.3, 0.7 ],
													"to": [ 1.6, -0.3, 1.5 ],
													"rotationOrigin": [ -6.7, -8.8, -6.8 ],
													"faces": {
														"north": { "texture": "#bell", "uv": [ 8.0, 8.0, 8.5, 9.0 ] },
														"east": { "texture": "#bell", "uv": [ 2.5, 6.5, 3.0, 7.5 ] },
														"south": { "texture": "#bell", "uv": [ 0.5, 3.0, 1.0, 4.0 ] },
														"west": { "texture": "#bell", "uv": [ 1.0, 2.5, 1.5, 3.5 ] },
														"up": { "texture": "#bell", "uv": [ 1.0, 2.5, 1.5, 3.0 ] },
														"down": { "texture": "#bell", "uv": [ 0.5, 2.5, 1.0, 3.0 ] }
													},
													"children": [
														{
															"name": "CrownHook",
															"from": [ -1.4, -2.6, 0.0 ],
															"to": [ -0.6, -1.1, 0.8 ],
															"rotationOrigin": [ 0.4, 0.9, 0.4 ],
															"faces": {
																"north": { "texture": "#bell", "uv": [ 0.0, 1.5, 0.75, 3.0 ] },
																"east": { "texture": "#bell", "uv": [ 0.25, 1.25, 1.0, 2.75 ] },
																"south": { "texture": "#bell", "uv": [ 0.25, 1.5, 1.0, 3.0 ] },
																"west": { "texture": "#bell", "uv": [ 0.25, 2.5, 1.0, 4.0 ] },
																"up": { "texture": "#bell", "uv": [ 0.25, 0.25, 1.0, 1.0 ] },
																"down": { "texture": "#bell", "uv": [ 0.0, 0.0, 0.75, 0.75 ] }
															},
															"children": [
																{
																	"name": "CrownHook2",
																	"from": [ 0.02, 1.3, 0.01 ],
																	"to": [ 0.82, 2.3, 0.81 ],
																	"rotationOrigin": [ 0.0, 1.3, 0.0 ],
																	"rotationZ": 10.0,
																	"faces": {
																		"north": { "texture": "#bell", "uv": [ 0.0, 1.5, 0.75, 2.5 ] },
																		"east": { "texture": "#bell", "uv": [ 0.25, 1.5, 1.0, 2.5 ] },
																		"south": { "texture": "#bell", "uv": [ 0.5, 1.75, 1.25, 2.75 ] },
																		"west": { "texture": "#bell", "uv": [ 0.25, 1.25, 1.0, 2.25 ] },
																		"up": { "texture": "#bell", "uv": [ 0.25, 1.0, 1.0, 1.75 ] },
																		"down": { "texture": "#bell", "uv": [ 0.25, 1.25, 1.0, 2.0 ] }
																	},
																	"children": [
																		{
																			"name": "CrownHook3",
																			"from": [ 0.0, 1.0, 0.0 ],
																			"to": [ 1.8, 1.8, 0.8 ],
																			"rotationOrigin": [ 0.0, 1.0, -0.01 ],
																			"faces": {
																				"north": { "texture": "#bell", "uv": [ 0.0, 0.5, 1.75, 1.25 ] },
																				"east": { "texture": "#bell", "uv": [ 1.25, 1.5, 2.0, 2.25 ] },
																				"south": { "texture": "#bell", "uv": [ 0.25, 0.5, 2.0, 1.25 ] },
																				"west": { "texture": "#bell", "uv": [ 0.5, 1.0, 1.25, 1.75 ] },
																				"up": { "texture": "#bell", "uv": [ 0.25, 0.75, 2.0, 1.5 ] },
																				"down": { "texture": "#bell", "uv": [ 0.5, 0.75, 2.25, 1.5 ] }
																			}
																		}
																	]
																}
															]
														},
														{
															"name": "CrownHook4",
															"from": [ -1.4, -2.6, 0.0 ],
															"to": [ -0.6, -1.1, 0.8 ],
															"rotationOrigin": [ 0.4, 0.9, 0.4 ],
															"rotationY": 90.0,
															"faces": {
																"north": { "texture": "#bell", "uv": [ 0.0, 1.25, 0.75, 2.75 ] },
																"east": { "texture": "#bell", "uv": [ 0.25, 2.0, 1.0, 3.5 ] },
																"south": { "texture": "#bell", "uv": [ 0.0, 1.75, 0.75, 3.25 ] },
																"west": { "texture": "#bell", "uv": [ 0.25, 1.75, 1.0, 3.25 ] },
																"up": { "texture": "#bell", "uv": [ 0.5, 1.25, 1.25, 2.0 ] },
																"down": { "texture": "#bell", "uv": [ 0.25, 0.5, 1.0, 1.25 ] }
															},
															"children": [
																{
																	"name": "CrownHook5",
																	"from": [ 0.02, 1.3, 0.01 ],
																	"to": [ 0.82, 2.3, 0.81 ],
																	"rotationOrigin": [ 0.0, 1.3, 0.0 ],
																	"rotationZ": 10.0,
																	"faces": {
																		"north": { "texture": "#bell", "uv": [ 0.25, 1.5, 1.0, 2.5 ] },
																		"east": { "texture": "#bell", "uv": [ 0.25, 1.25, 1.0, 2.25 ] },
																		"south": { "texture": "#bell", "uv": [ 0.25, 1.5, 1.0, 2.5 ] },
																		"west": { "texture": "#bell", "uv": [ 0.25, 1.75, 1.0, 2.75 ] },
																		"up": { "texture": "#bell", "uv": [ 0.0, 1.75, 0.75, 2.5 ] },
																		"down": { "texture": "#bell", "uv": [ 0.5, 1.25, 1.25, 2.0 ] }
																	},
																	"children": [
																		{
																			"name": "CrownHook6",
																			"from": [ 0.0, 1.0, 0.0 ],
																			"to": [ 1.8, 1.8, 0.8 ],
																			"rotationOrigin": [ 0.0, 1.0, -0.01 ],
																			"faces": {
																				"north": { "texture": "#bell", "uv": [ 0.25, 0.5, 2.0, 1.25 ] },
																				"east": { "texture": "#bell", "uv": [ 9.5, 0.5, 10.25, 1.25 ] },
																				"south": { "texture": "#bell", "uv": [ 0.0, 0.5, 1.75, 1.25 ] },
																				"west": { "texture": "#bell", "uv": [ 7.5, 6.75, 8.25, 7.5 ] },
																				"up": { "texture": "#bell", "uv": [ 0.25, 1.0, 2.0, 1.75 ] },
																				"down": { "texture": "#bell", "uv": [ 0.0, 0.0, 1.75, 0.75 ] }
																			}
																		}
																	]
																}
															]
														},
														{
															"name": "CrownHook7",
															"from": [ -1.4, -2.6, 0.0 ],
															"to": [ -0.6, -1.1, 0.8 ],
															"rotationOrigin": [ 0.4, 0.9, 0.4 ],
															"rotationY": 180.0,
															"faces": {
																"north": { "texture": "#bell", "uv": [ 0.0, 0.75, 0.75, 2.25 ] },
																"east": { "texture": "#bell", "uv": [ 0.0, 1.75, 0.75, 3.25 ] },
																"south": { "texture": "#bell", "uv": [ 0.25, 1.5, 1.0, 3.0 ] },
																"west": { "texture": "#bell", "uv": [ 0.0, 1.5, 0.75, 3.0 ] },
																"up": { "texture": "#bell", "uv": [ 0.25, 1.25, 1.0, 2.0 ] },
																"down": { "texture": "#bell", "uv": [ 0.25, 2.5, 1.0, 3.25 ] }
															},
															"children": [
																{
																	"name": "CrownHook8",
																	"from": [ 0.02, 1.3, 0.01 ],
																	"to": [ 0.82, 2.3, 0.81 ],
																	"rotationOrigin": [ 0.0, 1.3, 0.0 ],
																	"rotationZ": 10.0,
																	"faces": {
																		"north": { "texture": "#bell", "uv": [ 0.25, 1.5, 1.0, 2.5 ] },
																		"east": { "texture": "#bell", "uv": [ 0.25, 1.0, 1.0, 2.0 ] },
																		"south": { "texture": "#bell", "uv": [ 0.5, 1.5, 1.25, 2.5 ] },
																		"west": { "texture": "#bell", "uv": [ 0.25, 1.0, 1.0, 2.0 ] },
																		"up": { "texture": "#bell", "uv": [ 0.25, 1.25, 1.0, 2.0 ] },
																		"down": { "texture": "#bell", "uv": [ 0.25, 1.5, 1.0, 2.25 ] }
																	},
																	"children": [
																		{
																			"name": "CrownHook9",
																			"from": [ 0.0, 1.0, 0.0 ],
																			"to": [ 1.8, 1.8, 0.8 ],
																			"rotationOrigin": [ 0.0, 1.0, -0.01 ],
																			"faces": {
																				"north": { "texture": "#bell", "uv": [ 0.25, 1.0, 2.0, 1.75 ] },
																				"east": { "texture": "#bell", "uv": [ 0.25, 1.0, 1.0, 1.75 ] },
																				"south": { "texture": "#bell", "uv": [ 0.25, 1.25, 2.0, 2.0 ] },
																				"west": { "texture": "#bell", "uv": [ 0.25, 1.75, 1.0, 2.5 ] },
																				"up": { "texture": "#bell", "uv": [ 0.0, 0.0, 1.75, 0.75 ] },
																				"down": { "texture": "#bell", "uv": [ 0.25, 1.25, 2.0, 2.0 ] }
																			}
																		}
																	]
																}
															]
														},
														{
															"name": "CrownHook10",
															"from": [ -1.4, -2.6, 0.0 ],
															"to": [ -0.6, -1.1, 0.8 ],
															"rotationOrigin": [ 0.4, 0.9, 0.4 ],
															"rotationY": -90.0,
															"faces": {
																"north": { "texture": "#bell", "uv": [ 0.0, 2.0, 0.75, 3.5 ] },
																"east": { "texture": "#bell", "uv": [ 0.25, 1.25, 1.0, 2.75 ] },
																"south": { "texture": "#bell", "uv": [ 0.25, 1.75, 1.0, 3.25 ] },
																"west": { "texture": "#bell", "uv": [ 0.0, 1.75, 0.75, 3.25 ] },
																"up": { "texture": "#bell", "uv": [ 0.25, 2.25, 1.0, 3.0 ] },
																"down": { "texture": "#bell", "uv": [ 0.25, 1.75, 1.0, 2.5 ] }
															},
															"children": [
																{
																	"name": "CrownHook11",
																	"from": [ 0.02, 1.3, 0.01 ],
																	"to": [ 0.82, 2.3, 0.81 ],
																	"rotationOrigin": [ 0.0, 1.3, 0.0 ],
																	"rotationZ": 10.0,
																	"faces": {
																		"north": { "texture": "#bell", "uv": [ 0.0, 1.25, 0.75, 2.25 ] },
																		"east": { "texture": "#bell", "uv": [ 0.25, 1.75, 1.0, 2.75 ] },
																		"south": { "texture": "#bell", "uv": [ 0.25, 1.5, 1.0, 2.5 ] },
																		"west": { "texture": "#bell", "uv": [ 0.0, 2.0, 0.75, 3.0 ] },
																		"up": { "texture": "#bell", "uv": [ 0.75, 1.25, 1.5, 2.0 ] },
																		"down": { "texture": "#bell", "uv": [ 1.25, 0.0, 2.0, 0.75 ] }
																	},
																	"children": [
																		{
																			"name": "CrownHook12",
																			"from": [ 0.0, 1.0, 0.0 ],
																			"to": [ 1.8, 1.8, 0.8 ],
																			"rotationOrigin": [ 0.0, 1.0, -0.01 ],
																			"faces": {
																				"north": { "texture": "#bell", "uv": [ 0.25, 1.5, 2.0, 2.25 ] },
																				"east": { "texture": "#bell", "uv": [ 0.0, 1.25, 0.75, 2.0 ] },
																				"south": { "texture": "#bell", "uv": [ 0.0, 1.5, 1.75, 2.25 ] },
																				"west": { "texture": "#bell", "uv": [ 0.25, 1.75, 1.0, 2.5 ] },
																				"up": { "texture": "#bell", "uv": [ 0.0, 0.25, 1.75, 1.0 ] },
																				"down": { "texture": "#bell", "uv": [ 0.0, 1.5, 1.75, 2.25 ] }
																			}
																		}
																	]
																}
															]
														}
													]
												}
											]
										}
									]
								}
							]
						},
						{
							"name": "Cube3",
							"from": [ 13.9, -0.5, -0.5 ],
							"to": [ 16.7, 1.5, 1.5 ],
							"rotationOrigin": [ 13.9, -0.5, -0.5 ],
							"faces": {
								"north": { "texture": "#wood", "uv": [ 9.0, 1.0, 11.5, 3.0 ] },
								"east": { "texture": "#wood2", "uv": [ 6.5, 0.0, 8.5, 2.0 ] },
								"south": { "texture": "#wood", "uv": [ 8.0, 13.5, 10.5, 15.5 ] },
								"west": { "texture": "#wood2", "uv": [ 7.0, 9.0, 9.0, 11.0 ] },
								"up": { "texture": "#wood", "uv": [ 7.5, 12.0, 10.0, 14.0 ] },
								"down": { "texture": "#wood", "uv": [ 11.0, 13.5, 13.5, 15.5 ] }
							},
							"children": [
								{
									"name": "metalCube2",
									"from": [ 0.6, -1.3, -0.2 ],
									"to": [ 8.1, -0.3, 2.2 ],
									"rotationOrigin": [ 0.6, -0.3, 0.0 ],
									"rotationZ": 100.0,
									"faces": {
										"north": { "texture": "#metal", "uv": [ 2.0, 1.5, 9.5, 2.5 ] },
										"east": { "texture": "#metal", "uv": [ 9.5, 8.0, 11.5, 9.0 ] },
										"south": { "texture": "#metal", "uv": [ 3.0, 11.5, 10.5, 12.5 ] },
										"west": { "texture": "#metal", "uv": [ 12.5, 11.5, 14.5, 12.5 ] },
										"up": { "texture": "#metal", "uv": [ 0.5, 6.5, 8.0, 8.5 ] },
										"down": { "texture": "#metal", "uv": [ 2.0, 9.0, 9.5, 11.0 ] }
									}
								}
							]
						},
						{
							"name": "Axle2",
							"from": [ 16.0, 0.0, 0.0 ],
							"to": [ 19.0, 1.0, 1.0 ],
							"rotationOrigin": [ 16.0, 0.5, 0.5 ],
							"faces": {
								"north": { "texture": "#metal", "uv": [ 0.0, 0.0, 3.0, 1.0 ] },
								"east": { "texture": "#metal", "uv": [ 0.0, 0.0, 1.0, 1.0 ] },
								"south": { "texture": "#metal", "uv": [ 0.0, 0.0, 3.0, 1.0 ] },
								"west": { "texture": "#metal", "uv": [ 0.0, 0.0, 1.0, 1.0 ] },
								"up": { "texture": "#metal", "uv": [ 0.0, 0.0, 3.0, 1.0 ] },
								"down": { "texture": "#metal", "uv": [ 0.0, 0.0, 3.0, 1.0 ] }
							}
						}
					]
				}
			]
		},
		{
			"name": "Origin2",
			"from": [ 0.0, 0.0, 0.0 ],
			"to": [ 0.0, 0.0, 0.0 ],
			"faces": {
			}
		},
		{
			"name": "Origin3",
			"from": [ 0.0, 0.0, 0.0 ],
			"to": [ 0.0, 0.0, 0.0 ],
			"faces": {
			}
		},
		{
			"name": "Origin4",
			"from": [ 0.0, 0.0, 0.0 ],
			"to": [ 0.0, 0.0, 0.0 ],
			"faces": {
			}
		},
		{
			"name": "Origin5",
			"from": [ 0.0, 0.0, 0.0 ],
			"to": [ 0.0, 0.0, 0.0 ],
			"faces": {
			}
		},
		{
			"name": "Origin6",
			"from": [ 0.0, 0.0, 0.0 ],
			"to": [ 0.0, 0.0, 0.0 ],
			"faces": {
			}
		}
	]}