{
	"editor": {
		"collapsedPaths": "Root/BellQuarter1,Root/MainAxle/CrownCenter,Root/RimCenter/1Rim1/1Rim10/1Rim11/1Rim12/1Rim13/1Rim14,Root/BellQuarter3,Root/BellQuarter2,Root/stator,Root/RimCenter/CrownSocket/CrownH7A,Root/RimCenter/CrownSocket/CrownL2A2,Root/RimCenter/CrownSocket/CrownL4A2,Root/BellQuarter3/CrownSocket3,Root/BellQuarter1/1Rim4A,Root/BellQuarter4,Root/RimCenter/1Rim3.0,Root/BellQuarter1/CrownSocket,Root/RimCenter/CrownSocket/10RimSAVE2,Root/BellQuarter1/1Rim3to4,Root/stator/rope,Root/RimCenter/1Rim1to2,Root/RimCenter/CrownSocket/CrownL8A,Root/BellQuarter1/CrownSocket/CrownH1A,Root/MainAxle/RotorRope1,Root/BellQuarter1/1Rim1B,Root/BellQuarter1/1Rim2,Root/RimCenter/1Rim2to3,Root/BellQuarter1/1Rim3,Root/RimCenter3,Root/RimCenter2,Root/stator/woodnailBig1,Root/RimCenter4,Root/RimCenter/1Rim1A/1Rim2/1Rim3,Root/RimCenter/CrownSocket/CrownH5A,Root/nails,Root/BellQuarter4/CrownSocket4,Root/RimCenter/1Rim2.0,Root/BellQuarter2/CrownSocket2,Root/CrownCenter,Root/BellQuarter1/1Rim1to2,Root/RimCenter/1Rim3to4,Root/RimCenter/CrownSocket/CrownH9A,Root/RimCenter/CrownSocket/10Rim4,Root/metalnails2,Root/RimCenter/1Rim1/1Rim18,Root/RimCenter/1Rim1A,Root/rotor/metal,Root/RimCenter/1Rim2/2Rim2/3Rim2/4Rim2/5Rim2/6Rim2/7Rim2,Root/1Rim1,Root/Frame,Root/metalnails,Root/MainAxle/Roundarch,Root/OriginRotor/Axle/Cube2/Cube4",
		"allAngles": false,
		"entityTextureMode": false
	},
	"textureWidth": 16,
	"textureHeight": 16,
	"textureSizes": {
	},
	"textures": {
	},
	"elements": [
		{
			"name": "Frame",
			"from": [ 8.0, 0.0, 8.0 ],
			"to": [ 8.0, 0.0, 8.0 ],
			"rotationOrigin": [ 8.0, 0.0, 8.0 ],
			"faces": {
				"north": { "texture": "#null", "uv": [ 0.0, 0.0, 0.5, 0.5 ] },
				"east": { "texture": "#null", "uv": [ 0.0, 0.0, 0.5, 0.5 ] },
				"south": { "texture": "#null", "uv": [ 0.0, 0.0, 0.5, 0.5 ] },
				"west": { "texture": "#null", "uv": [ 0.0, 0.0, 0.5, 0.5 ] },
				"up": { "texture": "#null", "uv": [ 0.0, 0.0, 0.5, 0.5 ] },
				"down": { "texture": "#null", "uv": [ 0.0, 0.0, 0.5, 0.5 ] }
			},
			"children": [
				{
					"name": "beam1S",
					"from": [ -7.0, 14.0, 6.0 ],
					"to": [ 7.0, 16.0, 8.0 ],
					"rotationOrigin": [ -7.0, 14.0, 6.0 ],
					"faces": {
						"north": { "texture": "#wood", "uv": [ 0.0, 0.0, 14.0, 2.0 ] },
						"south": { "texture": "#wood", "uv": [ 0.0, 0.0, 14.0, 2.0 ] },
						"up": { "texture": "#wood", "uv": [ 0.0, 0.0, 14.0, 2.0 ] },
						"down": { "texture": "#wood", "uv": [ 0.0, 0.0, 14.0, 2.0 ] }
					},
					"children": [
						{
							"name": "beam1.W",
							"from": [ -0.8, 0.0, 0.5 ],
							"to": [ 0.0, 2.0, 1.5 ],
							"rotationOrigin": [ -0.8, 0.0, 0.5 ],
							"faces": {
								"up": { "texture": "#wood", "uv": [ 0.0, 1.5, 0.5, 2.5 ] },
								"down": { "texture": "#wood", "uv": [ 0.0, 0.5, 0.5, 1.5 ], "windMode": [-1,-1,-1,-1] }
							}
						},
						{
							"name": "beam1.E",
							"from": [ 14.0, 0.0, 0.5 ],
							"to": [ 14.8, 2.0, 1.5 ],
							"rotationOrigin": [ 14.0, 0.0, 0.5 ],
							"faces": {
								"up": { "texture": "#wood", "uv": [ 0.0, 1.5, 0.5, 2.5 ] },
								"down": { "texture": "#wood", "uv": [ 0.0, 0.5, 0.5, 1.5 ] }
							}
						}
					]
				},
				{
					"name": "beam2N",
					"from": [ -7.0, 14.0, -8.0 ],
					"to": [ 7.0, 16.0, -6.0 ],
					"rotationOrigin": [ -7.0, 14.0, -8.0 ],
					"faces": {
						"north": { "texture": "#wood", "uv": [ 0.0, 0.0, 14.0, 2.0 ] },
						"south": { "texture": "#wood", "uv": [ 0.0, 0.0, 14.0, 2.0 ] },
						"up": { "texture": "#wood", "uv": [ 0.0, 0.0, 14.0, 2.0 ] },
						"down": { "texture": "#wood", "uv": [ 0.0, 0.0, 14.0, 2.0 ] }
					},
					"children": [
						{
							"name": "beam2.W",
							"from": [ -0.8, 0.0, 0.5 ],
							"to": [ 0.0, 2.0, 1.5 ],
							"rotationOrigin": [ -0.8, 0.0, 0.5 ],
							"faces": {
								"up": { "texture": "#wood", "uv": [ 0.0, 1.5, 0.5, 2.5 ] },
								"down": { "texture": "#wood", "uv": [ 0.0, 0.5, 0.5, 1.5 ] }
							}
						},
						{
							"name": "beam2.E",
							"from": [ 14.0, 0.0, 0.5 ],
							"to": [ 14.8, 2.0, 1.5 ],
							"rotationOrigin": [ 14.0, 0.0, 0.5 ],
							"faces": {
								"up": { "texture": "#wood", "uv": [ 0.0, 1.5, 0.5, 2.5 ] },
								"down": { "texture": "#wood", "uv": [ 0.0, 0.5, 0.5, 1.5 ] }
							}
						}
					]
				},
				{
					"name": "beam3",
					"from": [ -1.0, 14.5, -6.0 ],
					"to": [ 1.0, 15.5, 6.0 ],
					"rotationOrigin": [ -1.0, 14.5, -6.0 ],
					"faces": {
						"east": { "texture": "#wood", "uv": [ 0.0, 0.0, 12.0, 1.0 ] },
						"west": { "texture": "#wood", "uv": [ 0.0, 0.0, 12.0, 1.0 ] },
						"up": { "texture": "#wood", "uv": [ 1.0, 8.5, 13.0, 10.5 ], "rotation": 90 },
						"down": { "texture": "#wood", "uv": [ 1.5, 3.5, 13.5, 5.5 ], "rotation": 90 }
					}
				},
				{
					"name": "Frame1W",
					"from": [ -8.0, 13.99, -8.0 ],
					"to": [ -7.0, 15.99, 8.0 ],
					"rotationOrigin": [ -8.0, 14.0, -8.0 ],
					"faces": {
						"north": { "texture": "#wood2", "uv": [ 8.0, 10.0, 9.0, 12.0 ] },
						"east": { "texture": "#wood", "uv": [ 0.0, 13.5, 16.0, 15.5 ] },
						"south": { "texture": "#wood2", "uv": [ 9.5, 13.5, 10.5, 15.5 ] },
						"west": { "texture": "#wood", "uv": [ 0.0, 3.5, 16.0, 5.5 ] },
						"up": { "texture": "#wood2", "uv": [ 0.0, 4.5, 16.0, 5.5 ], "rotation": 90 },
						"down": { "texture": "#wood2", "uv": [ 0.0, 0.0, 16.0, 1.0 ], "rotation": 90 }
					}
				},
				{
					"name": "Frame1E",
					"from": [ 7.0, 13.99, -8.0 ],
					"to": [ 8.0, 15.99, 8.0 ],
					"rotationOrigin": [ 7.0, 14.0, -8.0 ],
					"faces": {
						"north": { "texture": "#wood2", "uv": [ 13.5, 6.0, 14.5, 8.0 ] },
						"east": { "texture": "#wood", "uv": [ 0.0, 11.0, 16.0, 13.0 ] },
						"south": { "texture": "#wood2", "uv": [ 6.5, 13.0, 7.5, 15.0 ] },
						"west": { "texture": "#wood", "uv": [ 0.0, 5.5, 16.0, 7.5 ] },
						"up": { "texture": "#wood2", "uv": [ 0.0, 14.0, 16.0, 15.0 ], "rotation": 90 },
						"down": { "texture": "#wood2", "uv": [ 0.0, 9.0, 16.0, 10.0 ], "rotation": 90 }
					}
				},
				{
					"name": "FrameDownW",
					"from": [ -8.0, 0.0, -5.0 ],
					"to": [ -6.5, 2.0, 5.0 ],
					"rotationOrigin": [ -8.0, 0.0, -5.0 ],
					"faces": {
						"north": { "texture": "#wood2", "uv": [ 12.5, 6.0, 14.0, 8.0 ] },
						"east": { "texture": "#wood", "uv": [ 4.5, 5.0, 14.5, 7.0 ] },
						"south": { "texture": "#wood2", "uv": [ 0.5, 0.0, 2.0, 2.0 ] },
						"west": { "texture": "#wood", "uv": [ 2.0, 11.0, 12.0, 13.0 ] },
						"up": { "texture": "#wood", "uv": [ 2.0, 1.0, 3.5, 11.0 ] },
						"down": { "texture": "#wood", "uv": [ 9.5, 3.5, 11.0, 13.5 ] }
					}
				},
				{
					"name": "FrameDownE",
					"from": [ 6.5, 0.0, -5.0 ],
					"to": [ 8.0, 2.0, 5.0 ],
					"rotationOrigin": [ 6.5, 0.0, -5.0 ],
					"faces": {
						"north": { "texture": "#wood2", "uv": [ 4.0, 4.5, 5.5, 6.5 ] },
						"east": { "texture": "#wood", "uv": [ 2.5, 13.0, 12.5, 15.0 ] },
						"south": { "texture": "#wood2", "uv": [ 10.0, 8.5, 11.5, 10.5 ] },
						"west": { "texture": "#wood", "uv": [ 5.5, 12.5, 15.5, 14.5 ] },
						"up": { "texture": "#wood", "uv": [ 9.5, 1.5, 11.0, 11.5 ] },
						"down": { "texture": "#wood", "uv": [ 3.5, 4.5, 5.0, 14.5 ] }
					}
				},
				{
					"name": "Frame1NW",
					"from": [ -7.99, 0.0, -5.0 ],
					"to": [ -7.19, 15.0, -3.0 ],
					"rotationOrigin": [ -8.0, 0.0, -5.0 ],
					"rotationX": -11.0,
					"faces": {
						"north": { "texture": "#wood", "uv": [ 0.0, 13.5, 15.0, 14.0 ], "rotation": 90, "windMode": [-1,-1,-1,-1] },
						"east": { "texture": "#wood", "uv": [ 0.5, 7.5, 15.5, 9.5 ], "rotation": 90, "windMode": [-1,-1,-1,-1] },
						"south": { "texture": "#wood", "uv": [ 0.0, 13.0, 15.0, 13.5 ], "rotation": 90, "windMode": [-1,-1,-1,-1] },
						"west": { "texture": "#wood", "uv": [ 0.5, 7.0, 15.5, 9.0 ], "rotation": 90, "windMode": [-1,-1,-1,-1] }
					}
				},
				{
					"name": "Frame1SW",
					"from": [ -7.99, 0.0, 3.0 ],
					"to": [ -7.19, 15.0, 5.0 ],
					"rotationOrigin": [ -8.0, 0.0, 5.0 ],
					"rotationX": 11.0,
					"faces": {
						"north": { "texture": "#wood", "uv": [ 0.5, 6.0, 15.5, 6.5 ], "rotation": 90, "windMode": [-1,-1,-1,-1] },
						"east": { "texture": "#wood", "uv": [ 0.5, 3.5, 15.5, 5.5 ], "rotation": 90, "windMode": [-1,-1,-1,-1] },
						"south": { "texture": "#wood", "uv": [ 0.5, 0.0, 15.5, 0.5 ], "rotation": 90, "windMode": [-1,-1,-1,-1] },
						"west": { "texture": "#wood", "uv": [ 0.0, 0.5, 15.0, 2.5 ], "rotation": 90, "windMode": [-1,-1,-1,-1] }
					}
				},
				{
					"name": "Frame1SE",
					"from": [ 7.19, 0.0, 3.0 ],
					"to": [ 7.99, 15.0, 5.0 ],
					"rotationOrigin": [ 7.2, 0.0, 5.0 ],
					"rotationX": 11.0,
					"faces": {
						"north": { "texture": "#wood", "uv": [ 0.0, 1.0, 15.0, 1.5 ], "rotation": 90 },
						"east": { "texture": "#wood", "uv": [ 0.5, 0.0, 15.5, 2.0 ], "rotation": 90 },
						"south": { "texture": "#wood", "uv": [ 0.0, 1.5, 15.0, 2.0 ], "rotation": 90 },
						"west": { "texture": "#wood", "uv": [ 0.0, 2.5, 15.0, 4.5 ], "rotation": 90 }
					}
				},
				{
					"name": "Frame1NE",
					"from": [ 7.19, 0.0, -5.0 ],
					"to": [ 7.99, 15.0, -3.0 ],
					"rotationOrigin": [ 7.2, 0.0, -5.0 ],
					"rotationX": -11.0,
					"faces": {
						"north": { "texture": "#wood", "uv": [ 0.5, 4.0, 15.5, 4.5 ], "rotation": 90 },
						"east": { "texture": "#wood", "uv": [ 0.5, 11.5, 15.5, 13.5 ], "rotation": 90 },
						"south": { "texture": "#wood", "uv": [ 0.0, 1.5, 15.0, 2.0 ], "rotation": 90 },
						"west": { "texture": "#wood", "uv": [ 0.0, 11.0, 15.0, 13.0 ], "rotation": 90 }
					}
				},
				{
					"name": "metalE",
					"from": [ 7.3, 7.0, -5.0 ],
					"to": [ 7.9, 9.0, 5.0 ],
					"rotationOrigin": [ 7.3, 7.0, -5.0 ],
					"faces": {
						"east": { "texture": "#metal", "uv": [ 0.0, 13.0, 16.0, 16.0 ], "autoUv": false },
						"west": { "texture": "#metal", "uv": [ 0.0, 2.0, 16.0, 5.0 ], "autoUv": false },
						"up": { "texture": "#metal", "uv": [ 0.0, 1.5, 16.0, 3.0 ], "rotation": 270, "autoUv": false },
						"down": { "texture": "#metal", "uv": [ 0.0, 8.0, 16.0, 9.5 ], "rotation": 90, "autoUv": false }
					}
				},
				{
					"name": "metalW",
					"from": [ -7.9, 7.0, -5.0 ],
					"to": [ -7.3, 9.0, 5.0 ],
					"rotationOrigin": [ -7.9, 7.0, -5.0 ],
					"faces": {
						"east": { "texture": "#metal", "uv": [ 0.0, 5.0, 16.0, 8.0 ], "autoUv": false },
						"west": { "texture": "#metal", "uv": [ 0.0, 9.0, 16.0, 12.0 ], "autoUv": false },
						"up": { "texture": "#metal", "uv": [ 0.0, 10.5, 16.0, 12.0 ], "rotation": 90, "autoUv": false },
						"down": { "texture": "#metal", "uv": [ 0.0, 9.5, 16.0, 11.0 ], "rotation": 90, "autoUv": false }
					}
				}
			]
		},
		{
			"name": "metalnails",
			"from": [ 8.0, 0.0, 8.0 ],
			"to": [ 8.0, 0.0, 8.0 ],
			"rotationOrigin": [ 8.0, 0.0, 8.0 ],
			"faces": {
			},
			"children": [
				{
					"name": "nail1",
					"from": [ -8.0, 0.7, 3.9 ],
					"to": [ -6.2, 1.1, 4.3 ],
					"rotationOrigin": [ -8.0, 0.9, 4.1 ],
					"rotationX": 10.0,
					"faces": {
						"north": { "texture": "#metal", "uv": [ 0.0, 0.0, 1.5, 0.5 ] },
						"east": { "texture": "#metal", "uv": [ 0.0, 0.0, 0.5, 0.5 ] },
						"south": { "texture": "#metal", "uv": [ 0.0, 0.0, 1.5, 0.5 ] },
						"up": { "texture": "#metal", "uv": [ 0.0, 0.0, 1.5, 0.5 ] },
						"down": { "texture": "#metal", "uv": [ 0.0, 0.0, 1.5, 0.5 ] }
					},
					"children": [
						{
							"name": "nailhead1",
							"from": [ 1.4, -0.1, -0.1 ],
							"to": [ 1.6, 0.5, 0.5 ],
							"rotationOrigin": [ 1.4, -0.1, -0.1 ],
							"faces": {
								"north": { "texture": "#metal", "uv": [ 0.0, 0.0, 0.5, 0.5 ] },
								"east": { "texture": "#metal", "uv": [ 0.0, 0.0, 0.5, 0.5 ] },
								"south": { "texture": "#metal", "uv": [ 0.0, 0.0, 0.5, 0.5 ] },
								"up": { "texture": "#metal", "uv": [ 0.0, 0.0, 0.5, 0.5 ] },
								"down": { "texture": "#metal", "uv": [ 0.0, 0.0, 0.5, 0.5 ] }
							}
						}
					]
				},
				{
					"name": "nail2",
					"from": [ -8.0, 0.7, -4.3 ],
					"to": [ -6.2, 1.1, -3.9 ],
					"rotationOrigin": [ -8.0, 0.9, -4.1 ],
					"rotationX": 30.0,
					"faces": {
						"north": { "texture": "#metal", "uv": [ 0.0, 0.0, 1.5, 0.5 ] },
						"east": { "texture": "#metal", "uv": [ 0.0, 0.0, 0.5, 0.5 ] },
						"south": { "texture": "#metal", "uv": [ 0.0, 0.0, 1.5, 0.5 ] },
						"up": { "texture": "#metal", "uv": [ 0.0, 0.0, 1.5, 0.5 ] },
						"down": { "texture": "#metal", "uv": [ 0.0, 0.0, 1.5, 0.5 ] }
					},
					"children": [
						{
							"name": "nailhead2",
							"from": [ 1.4, -0.1, -0.1 ],
							"to": [ 1.6, 0.5, 0.5 ],
							"rotationOrigin": [ 1.4, -0.1, -0.1 ],
							"faces": {
								"north": { "texture": "#metal", "uv": [ 0.0, 0.0, 0.5, 0.5 ] },
								"east": { "texture": "#metal", "uv": [ 0.0, 0.0, 0.5, 0.5 ] },
								"south": { "texture": "#metal", "uv": [ 0.0, 0.0, 0.5, 0.5 ] },
								"up": { "texture": "#metal", "uv": [ 0.0, 0.0, 0.5, 0.5 ] },
								"down": { "texture": "#metal", "uv": [ 0.0, 0.0, 0.5, 0.5 ] }
							}
						}
					]
				}
			]
		},
		{
			"name": "metalnails2",
			"from": [ 8.0, 0.0, 8.0 ],
			"to": [ 8.0, 0.0, 8.0 ],
			"rotationOrigin": [ 8.0, 0.0, 8.0 ],
			"rotationY": 180.0,
			"faces": {
			},
			"children": [
				{
					"name": "nail3",
					"from": [ -7.0, 0.7, 3.9 ],
					"to": [ -6.2, 1.1, 4.3 ],
					"rotationOrigin": [ -7.0, 0.9, 4.1 ],
					"rotationX": 20.0,
					"faces": {
						"north": { "texture": "#metal", "uv": [ 0.0, 0.0, 0.5, 0.5 ] },
						"east": { "texture": "#metal", "uv": [ 0.0, 0.0, 0.5, 0.5 ] },
						"south": { "texture": "#metal", "uv": [ 0.0, 0.0, 0.5, 0.5 ] },
						"up": { "texture": "#metal", "uv": [ 0.0, 0.0, 0.5, 0.5 ] },
						"down": { "texture": "#metal", "uv": [ 0.0, 0.0, 0.5, 0.5 ] }
					},
					"children": [
						{
							"name": "nailhead3",
							"from": [ 0.4, -0.1, -0.1 ],
							"to": [ 0.6, 0.5, 0.5 ],
							"rotationOrigin": [ 0.4, -0.1, -0.1 ],
							"faces": {
								"north": { "texture": "#metal", "uv": [ 0.0, 0.0, 0.5, 0.5 ] },
								"east": { "texture": "#metal", "uv": [ 0.0, 0.0, 0.5, 0.5 ] },
								"south": { "texture": "#metal", "uv": [ 0.0, 0.0, 0.5, 0.5 ] },
								"up": { "texture": "#metal", "uv": [ 0.0, 0.0, 0.5, 0.5 ] },
								"down": { "texture": "#metal", "uv": [ 0.0, 0.0, 0.5, 0.5 ] }
							}
						}
					]
				},
				{
					"name": "nail4",
					"from": [ -7.0, 0.7, -4.3 ],
					"to": [ -6.2, 1.1, -3.9 ],
					"rotationOrigin": [ -7.0, 0.9, -4.1 ],
					"rotationX": -9.0,
					"faces": {
						"north": { "texture": "#metal", "uv": [ 0.0, 0.0, 0.5, 0.5 ] },
						"east": { "texture": "#metal", "uv": [ 0.0, 0.0, 0.5, 0.5 ] },
						"south": { "texture": "#metal", "uv": [ 0.0, 0.0, 0.5, 0.5 ] },
						"up": { "texture": "#metal", "uv": [ 0.0, 0.0, 0.5, 0.5 ] },
						"down": { "texture": "#metal", "uv": [ 0.0, 0.0, 0.5, 0.5 ] }
					},
					"children": [
						{
							"name": "nailhead4",
							"from": [ 0.4, -0.1, -0.1 ],
							"to": [ 0.6, 0.5, 0.5 ],
							"rotationOrigin": [ 0.4, -0.1, -0.1 ],
							"faces": {
								"north": { "texture": "#metal", "uv": [ 0.0, 0.0, 0.5, 0.5 ] },
								"east": { "texture": "#metal", "uv": [ 0.0, 0.0, 0.5, 0.5 ] },
								"south": { "texture": "#metal", "uv": [ 0.0, 0.0, 0.5, 0.5 ] },
								"up": { "texture": "#metal", "uv": [ 0.0, 0.0, 0.5, 0.5 ] },
								"down": { "texture": "#metal", "uv": [ 0.0, 0.0, 0.5, 0.5 ] }
							}
						}
					]
				}
			]
		},
		{
			"name": "Origin2",
			"from": [ 0.0, 0.0, 0.0 ],
			"to": [ 0.0, 0.0, 0.0 ],
			"faces": {
			}
		},
		{
			"name": "Origin3",
			"from": [ 0.0, 0.0, 0.0 ],
			"to": [ 0.0, 0.0, 0.0 ],
			"faces": {
			}
		},
		{
			"name": "Origin4",
			"from": [ 0.0, 0.0, 0.0 ],
			"to": [ 0.0, 0.0, 0.0 ],
			"faces": {
			}
		},
		{
			"name": "Origin5",
			"from": [ 0.0, 0.0, 0.0 ],
			"to": [ 0.0, 0.0, 0.0 ],
			"faces": {
			}
		},
		{
			"name": "Origin6",
			"from": [ 0.0, 0.0, 0.0 ],
			"to": [ 0.0, 0.0, 0.0 ],
			"faces": {
			}
		},
		{
			"name": "Empty",
			"from": [ 0.0, 0.0, 0.0 ],
			"to": [ 0.0, 0.0, 0.0 ],
			"faces": {
				"north": { "texture": "#null", "uv": [ 0.0, 0.0, 0.5, 0.5 ] },
				"east": { "texture": "#null", "uv": [ 0.0, 0.0, 0.5, 0.5 ] },
				"south": { "texture": "#null", "uv": [ 0.0, 0.0, 0.5, 0.5 ] },
				"west": { "texture": "#null", "uv": [ 0.0, 0.0, 0.5, 0.5 ] },
				"up": { "texture": "#null", "uv": [ 0.0, 0.0, 0.5, 0.5 ] },
				"down": { "texture": "#null", "uv": [ 0.0, 0.0, 0.5, 0.5 ] }
			},
			"attachmentpoints": [
				{
					"code": "BellAttachmentFrame",
					"posX": "8.0","posY": "9.0","posZ": "8.0",
					"rotationX": "0.0","rotationY": "0.0","rotationZ": "0.0"
				},
				{
					"code": "RotorAxis",
					"posX": "8.0","posY": "8.0","posZ": "8.0",
					"rotationX": "0.0","rotationY": "0.0","rotationZ": "0.0"
				}
			]
		}
	]}