{
	"editor": {
		"allAngles": false,
		"entityTextureMode": false
	},
	"textureWidth": 16,
	"textureHeight": 16,
	"textureSizes": {
	},
	"textures": {
	},
	"elements": [
		{
			"name": "origin",
			"from": [ 6.4, 0.7, 6.2 ],
			"to": [ 6.4, 0.7, 6.2 ],
			"rotationOrigin": [ 8.0, 1.2, 8.0 ],
			"faces": {
			},
			"children": [
				{
					"name": "origin",
					"from": [ 0.4, 0.2, 0.2 ],
					"to": [ 0.4, 0.2, 0.2 ],
					"rotationOrigin": [ 1.6, 0.7, 1.8 ],
					"rotationX": -180.0,
					"faces": {
					},
					"children": [
						{
							"name": "Cube1",
							"from": [ 0.2, 1.2, 0.9 ],
							"to": [ 1.8, 2.0, 2.4 ],
							"rotationOrigin": [ 0.0, 0.7, 0.0 ],
							"rotationY": 11.0,
							"faces": {
								"north": { "texture": "#material1", "uv": [ 7.5, 7.5, 9.0, 8.0 ], "glow": 50 },
								"east": { "texture": "#material1", "uv": [ 8.0, 9.0, 9.5, 9.5 ], "glow": 50 },
								"south": { "texture": "#material1", "uv": [ 7.5, 7.5, 9.0, 8.0 ], "glow": 50 },
								"west": { "texture": "#material1", "uv": [ 7.0, 10.0, 8.5, 10.5 ], "glow": 50 },
								"up": { "texture": "#material1", "uv": [ 7.5, 10.0, 9.0, 11.5 ], "glow": 50 },
								"down": { "texture": "#material1", "uv": [ 6.5, 7.0, 8.0, 8.5 ], "glow": 50 }
							}
						},
						{
							"name": "Cube5",
							"from": [ 0.8, 0.9, 1.2 ],
							"to": [ 1.6, 2.1, 1.9 ],
							"rotationOrigin": [ 0.0, 0.1, 0.0 ],
							"rotationY": 19.0,
							"rotationZ": -8.0,
							"faces": {
								"north": { "texture": "#material1", "uv": [ 8.5, 6.5, 9.0, 7.5 ], "glow": 50 },
								"east": { "texture": "#material1", "uv": [ 14.0, 11.0, 14.5, 12.0 ], "glow": 50 },
								"south": { "texture": "#material1", "uv": [ 7.5, 8.0, 8.0, 9.0 ], "glow": 50 },
								"west": { "texture": "#material1", "uv": [ 8.0, 6.0, 8.5, 7.0 ], "glow": 50 },
								"up": { "texture": "#material1", "uv": [ 4.5, 6.5, 5.0, 7.0 ], "glow": 50 },
								"down": { "texture": "#material1", "uv": [ 3.5, 6.5, 4.0, 7.0 ], "glow": 50 }
							}
						},
						{
							"name": "Cube6",
							"from": [ 1.2, 1.5, 0.0 ],
							"to": [ 2.1, 2.5, 0.9 ],
							"rotationOrigin": [ 0.0, 0.0, 0.0 ],
							"rotationX": 8.0,
							"rotationY": -42.0,
							"rotationZ": -17.0,
							"faces": {
								"north": { "texture": "#material1", "uv": [ 8.5, 11.0, 9.0, 12.0 ], "glow": 50 },
								"east": { "texture": "#material1", "uv": [ 7.5, 7.5, 8.0, 8.5 ], "glow": 50 },
								"south": { "texture": "#material1", "uv": [ 7.0, 10.0, 7.5, 11.0 ], "glow": 50 },
								"west": { "texture": "#material1", "uv": [ 9.5, 8.5, 10.0, 9.5 ], "glow": 50 },
								"up": { "texture": "#material1", "uv": [ 7.0, 12.0, 7.5, 12.5 ], "glow": 50 },
								"down": { "texture": "#material1", "uv": [ 8.5, 8.0, 9.0, 8.5 ], "glow": 50 }
							}
						},
						{
							"name": "Cube7",
							"from": [ 0.8, 0.6, 0.1 ],
							"to": [ 1.8, 1.4, 1.0 ],
							"rotationOrigin": [ 0.0, -0.1, -0.1 ],
							"rotationY": -22.0,
							"rotationZ": 8.0,
							"faces": {
								"north": { "texture": "#material1", "uv": [ 4.0, 9.5, 5.0, 10.0 ], "glow": 50 },
								"east": { "texture": "#material1", "uv": [ 8.0, 7.5, 8.5, 8.0 ], "glow": 50 },
								"south": { "texture": "#material1", "uv": [ 10.0, 7.0, 11.0, 7.5 ], "glow": 50 },
								"west": { "texture": "#material1", "uv": [ 8.0, 7.5, 8.5, 8.0 ], "glow": 50 },
								"up": { "texture": "#material1", "uv": [ 7.5, 9.5, 8.5, 10.0 ], "glow": 50 },
								"down": { "texture": "#material1", "uv": [ 7.0, 5.0, 8.0, 5.5 ], "glow": 50 }
							}
						},
						{
							"name": "Cube8",
							"from": [ 0.8, 0.2, 0.8 ],
							"to": [ 1.8, 1.5, 1.8 ],
							"rotationOrigin": [ 0.0, -0.2, 0.0 ],
							"rotationY": -8.0,
							"rotationZ": 11.0,
							"faces": {
								"north": { "texture": "#material1", "uv": [ 7.0, 6.0, 8.0, 7.0 ], "glow": 50 },
								"east": { "texture": "#material1", "uv": [ 8.5, 7.0, 9.5, 8.0 ], "glow": 50 },
								"south": { "texture": "#material1", "uv": [ 7.5, 5.5, 8.5, 6.5 ], "glow": 50 },
								"west": { "texture": "#material1", "uv": [ 7.0, 4.5, 8.0, 5.5 ], "glow": 50 },
								"up": { "texture": "#material1", "uv": [ 4.0, 9.0, 5.0, 10.0 ], "glow": 50 },
								"down": { "texture": "#material1", "uv": [ 7.0, 7.0, 8.0, 8.0 ], "glow": 50 }
							}
						},
						{
							"name": "Cube9",
							"from": [ 0.9, 0.6, 0.9 ],
							"to": [ 1.7, 1.9, 1.6 ],
							"rotationOrigin": [ 0.1, 0.2, 0.0 ],
							"faces": {
								"north": { "texture": "#material1", "uv": [ 7.5, 5.0, 8.0, 6.0 ], "glow": 50 },
								"east": { "texture": "#material1", "uv": [ 11.0, 4.5, 11.5, 5.5 ], "glow": 50 },
								"south": { "texture": "#material1", "uv": [ 7.5, 7.0, 8.0, 8.0 ], "glow": 50 },
								"west": { "texture": "#material1", "uv": [ 7.5, 4.0, 8.0, 5.0 ], "glow": 50 },
								"up": { "texture": "#material1", "uv": [ 4.5, 6.0, 5.0, 6.5 ], "glow": 50 },
								"down": { "texture": "#material1", "uv": [ 5.0, 5.0, 5.5, 5.5 ], "glow": 50 }
							}
						}
					]
				}
			]
		}
	]}