﻿{
  "code": "toolbasicwand",
  "class": "ItemToolBasicWandRM",
  "enabled": true,

  "storageFlags": 131333,

  "variantgroups": [
    {
      "code": "variant",
      "states": [ "stone" ] //,
      //"loadFromProperties": "rustboundmagic:abstract/elements"
    },
    {
      "code": "type",
      "states": [
        "magiciansbrick0"
      ] //,
      //"loadFromProperties": "rustboundmagic:abstract/elements"
    }
  ],
  //"storageFlags": 257,

  "attributesByType": {
    "*": {
      "rackable": true,
      "toolrackTransform": {
        "rotation": {
          "y": 0,
          "z": 0
        },
        "translation": {
          "x": -0.2,
          "y": 0.75,
          "z": 0
        },
        "scale": 1.5
      },
      "handbook": {
        "exclude":  true,
        "groupBy": [ "toolbasicwand-*" ],
        "extraSections": [
          {
            "title": "game:Created by",
            "text": "rustboundmagic:handbook-thaumicworkbenchonlytier1-text"
          },
          {
            "title": "rustboundmagic:handbook-magictooluse-title",
            "text": "rustboundmagic:handbook-toolusespellcastingsinglespell-text"
          }
        ]
      }
    }
  },



  "creativeinventory": {
    "general": [ "*" ],
    "items": [ "*" ],
    "tools": [ "*" ],
    "rustboundmagicequipment": [ "*" ]
  },

  "maxstacksize": 1,
  "materialDensity": 1200,

  "heldTpHitAnimation": "smithingwide",
  "heldTpUseAnimation": "interactstatic",

  "shapeByType": {
    "*": { "base": "game:item/stone" }
  },
  "texturesByType": {
    "*-stone-*": {
      "default": { "base": "default" },
      "material": { "base": "items/tools/toolbasicwand/magiciansbrick0" }
    }
  },

  "damagedby": [ "blockbreaking", "attacking" ],

  "durabilityByType": {
    "*": 50
  },

  "tooltierByType": {
    "*": 1
  },

  "attackpowerByType": {
    "*": 0.8
  },


  "guiTransformByType": {
    "*": {
      "translation": {
        "x": 2,
        "y": 1,
        "z": 0
      },
      "rotation": {
        "x": 150,
        "y": -38,
        "z": 0
      },
      "origin": {
        "x": 0.5,
        "y": 0.1,
        "z": 0.5
      },
      "scale": 2.8
    }
  },
  "fpHandTransformByType": {
    "*": {
      "translation": {
        "x": 0.05,
        "y": 0.2,
        "z": 0
      },
      "rotation": {
        "x": 94,
        "y": 95,
        "z": -21
      },
      "origin": {
        "x": 0.5,
        "y": 0.1,
        "z": 0.5
      },
      "scale": 1.78
    }
  },
  "groundTransform": {
    "translation": {
      "x": 0,
      "y": 0,
      "z": 0
    },
    "rotation": {
      "x": 0,
      "y": 0,
      "z": 0
    },
    "origin": {
      "x": 0.5,
      "y": 0,
      "z": 0.5
    },
    "scale": 4.5
  },
  "tpHandTransform": {
    "translation": {
      "x": -0.7,
      "y": -0.12,
      "z": -0.7
    },
    "rotation": {
      "x": -44,
      "y": 7,
      "z": -9
    },
    "origin": {
      "x": 0.5,
      "y": 0.1,
      "z": 0.5
    },
    "scale": 0.7
  }
}