{
	"editor": {
		"backDropShape": "C:/Users/Cal/AppData/Roaming/VintagestoryData/Mods/koboldplayerrdx_1.0.26/assets/koboldrdx/shapes/entity/humanoid/kobold-faceless",
		"collapsedPaths": "Root/hood/goggleR,Root/hood/goggleL",
		"allAngles": true,
		"entityTextureMode": true
	},
	"textureWidth": 24,
	"textureHeight": 16,
	"textureSizes": {
	},
	"textures": {
		"headtexture": "entity/humanoid/villagerclothes/head/blacksmith"
	},
	"elements": [
		{
			"name": "hood",
			"stepParentName": "Head",
			"from": [ -2.69, -2.93, -0.25 ],
			"to": [ 5.72, 5.47, 5.15 ],
			"renderPass": 1,
			"unwrapMode": 4,
			"autoUnwrap": false,
			"uv": [ 0.5, 0.5 ],
			"rotationOrigin": [ -0.3519, 1.17, 2.6 ],
			"faces": {
				"north": { "texture": "#headtexture", "uv": [ 0.0, 8.0, 8.0, 16.0 ] },
				"east": { "texture": "#headtexture", "uv": [ 16.0, 8.0, 21.0, 16.0 ] },
				"south": { "texture": "#headtexture", "uv": [ 8.0, 8.0, 16.0, 16.0 ] },
				"west": { "texture": "#headtexture", "uv": [ 5.5, 8.0, 10.5, 16.0 ] },
				"up": { "texture": "#headtexture", "uv": [ 5.5, 2.5, 10.5, 10.5 ], "rotation": 90 }
			},
			"children": [
				{
					"name": "goggleR",
					"from": [ -0.0705, 4.4093, 0.53 ],
					"to": [ 0.4295, 6.4093, 2.53 ],
					"autoUnwrap": false,
					"uv": [ 0.0, 3.5 ],
					"rotationOrigin": [ -0.0705, 5.4093, 0.53 ],
					"rotationX": 2.9995,
					"rotationY": -0.0523,
					"rotationZ": -0.9986,
					"faces": {
						"north": { "texture": "#headtexture", "uv": [ 0.0, 5.5, 0.5, 7.5 ] },
						"east": { "texture": "#headtexture", "uv": [ 0.5, 5.5, 2.5, 7.5 ] },
						"south": { "texture": "#headtexture", "uv": [ 2.5, 5.5, 3.0, 7.5 ] },
						"west": { "texture": "#headtexture", "uv": [ 0.5, 5.5, 2.5, 7.5 ] },
						"up": { "texture": "#headtexture", "uv": [ 0.5, 5.0, 2.5, 5.5 ], "rotation": 90 },
						"down": { "texture": "#headtexture", "uv": [ 0.5, 7.5, 2.5, 8.0 ], "rotation": 90 }
					},
					"children": [
						{
							"name": "hole1",
							"from": [ -0.1, 0.9, 0.9 ],
							"to": [ 0.0, 1.1, 1.1 ],
							"uv": [ 1.0, 0.0 ],
							"rotationOrigin": [ 0.0, 1.0, 1.0 ],
							"faces": {
								"north": { "texture": "#headtexture", "uv": [ 1.0, 0.5, 1.5, 1.0 ] },
								"south": { "texture": "#headtexture", "uv": [ 1.5, 0.5, 2.0, 1.0 ] },
								"west": { "texture": "#headtexture", "uv": [ 2.0, 0.5, 2.5, 1.0 ] },
								"up": { "texture": "#headtexture", "uv": [ 1.0, 0.0, 1.5, 0.5 ] },
								"down": { "texture": "#headtexture", "uv": [ 1.5, 0.0, 2.0, 0.5 ] }
							}
						},
						{
							"name": "hole2",
							"from": [ -0.1, 0.4, 0.9 ],
							"to": [ 0.0, 0.6, 1.1 ],
							"uv": [ 0.0, 0.0 ],
							"rotationOrigin": [ 0.0, 0.5, 1.0 ],
							"faces": {
								"north": { "texture": "#headtexture", "uv": [ 0.0, 0.5, 0.5, 1.0 ] },
								"south": { "texture": "#headtexture", "uv": [ 0.5, 0.5, 1.0, 1.0 ] },
								"west": { "texture": "#headtexture", "uv": [ 1.0, 0.5, 1.5, 1.0 ] },
								"up": { "texture": "#headtexture", "uv": [ 0.0, 0.0, 0.5, 0.5 ] },
								"down": { "texture": "#headtexture", "uv": [ 0.5, 0.0, 1.0, 0.5 ] }
							}
						},
						{
							"name": "hole3",
							"from": [ -0.1, 1.4, 0.9 ],
							"to": [ 0.0, 1.6, 1.1 ],
							"autoUnwrap": false,
							"uv": [ 2.5, 0.5 ],
							"rotationOrigin": [ 0.0, 1.5, 1.0 ],
							"faces": {
								"north": { "texture": "#headtexture", "uv": [ 2.5, 1.0, 3.0, 1.5 ] },
								"south": { "texture": "#headtexture", "uv": [ 1.5, 1.0, 2.0, 1.5 ] },
								"west": { "texture": "#headtexture", "uv": [ 3.0, 0.0, 3.5, 0.5 ] },
								"up": { "texture": "#headtexture", "uv": [ 2.5, 0.5, 3.0, 1.0 ] },
								"down": { "texture": "#headtexture", "uv": [ 3.0, 0.5, 3.5, 1.0 ] }
							}
						},
						{
							"name": "hole4",
							"from": [ -0.1, 0.9, 0.4 ],
							"to": [ 0.0, 1.1, 0.6 ],
							"uv": [ 1.0, 0.5 ],
							"rotationOrigin": [ 0.0, 1.0, 0.5 ],
							"faces": {
								"north": { "texture": "#headtexture", "uv": [ 1.0, 1.0, 1.5, 1.5 ] },
								"south": { "texture": "#headtexture", "uv": [ 1.5, 1.0, 2.0, 1.5 ] },
								"west": { "texture": "#headtexture", "uv": [ 2.0, 1.0, 2.5, 1.5 ] },
								"up": { "texture": "#headtexture", "uv": [ 1.0, 0.5, 1.5, 1.0 ] },
								"down": { "texture": "#headtexture", "uv": [ 1.5, 0.5, 2.0, 1.0 ] }
							}
						},
						{
							"name": "hole5",
							"from": [ -0.1, 0.9, 1.4 ],
							"to": [ 0.0, 1.1, 1.6 ],
							"uv": [ 0.0, 0.5 ],
							"rotationOrigin": [ 0.0, 1.0, 1.5 ],
							"faces": {
								"north": { "texture": "#headtexture", "uv": [ 0.0, 1.0, 0.5, 1.5 ] },
								"south": { "texture": "#headtexture", "uv": [ 0.5, 1.0, 1.0, 1.5 ] },
								"west": { "texture": "#headtexture", "uv": [ 1.0, 1.0, 1.5, 1.5 ] },
								"up": { "texture": "#headtexture", "uv": [ 0.0, 0.5, 0.5, 1.0 ] },
								"down": { "texture": "#headtexture", "uv": [ 0.5, 0.5, 1.0, 1.0 ] }
							}
						}
					]
				},
				{
					"name": "goggleL",
					"from": [ -0.0705, 4.4093, 3.03 ],
					"to": [ 0.4295, 6.4093, 5.03 ],
					"autoUnwrap": false,
					"uv": [ 0.0, 0.5 ],
					"rotationOrigin": [ -0.0705, 5.4093, 5.03 ],
					"rotationX": -2.9995,
					"rotationY": 0.0523,
					"rotationZ": -0.9986,
					"faces": {
						"north": { "texture": "#headtexture", "uv": [ 0.0, 2.5, 0.5, 4.5 ] },
						"east": { "texture": "#headtexture", "uv": [ 0.5, 2.5, 2.5, 4.5 ] },
						"south": { "texture": "#headtexture", "uv": [ 2.5, 2.5, 3.0, 4.5 ] },
						"west": { "texture": "#headtexture", "uv": [ 0.5, 2.5, 2.5, 4.5 ] },
						"up": { "texture": "#headtexture", "uv": [ 0.5, 2.0, 2.5, 2.5 ], "rotation": 90 },
						"down": { "texture": "#headtexture", "uv": [ 0.5, 4.5, 2.5, 5.0 ], "rotation": 90 }
					},
					"children": [
						{
							"name": "hole6",
							"from": [ -0.1, 0.9, 0.9 ],
							"to": [ 0.0, 1.1, 1.1 ],
							"uv": [ 2.0, 0.0 ],
							"rotationOrigin": [ 0.0, 1.0, 1.0 ],
							"faces": {
								"north": { "texture": "#headtexture", "uv": [ 2.0, 0.5, 2.5, 1.0 ] },
								"south": { "texture": "#headtexture", "uv": [ 2.5, 0.5, 3.0, 1.0 ] },
								"west": { "texture": "#headtexture", "uv": [ 3.0, 0.5, 3.5, 1.0 ] },
								"up": { "texture": "#headtexture", "uv": [ 2.0, 0.0, 2.5, 0.5 ] },
								"down": { "texture": "#headtexture", "uv": [ 2.5, 0.0, 3.0, 0.5 ] }
							}
						},
						{
							"name": "hole7",
							"from": [ -0.1, 0.4, 0.9 ],
							"to": [ 0.0, 0.6, 1.1 ],
							"uv": [ 2.0, 0.5 ],
							"rotationOrigin": [ 0.0, 0.5, 1.0 ],
							"faces": {
								"north": { "texture": "#headtexture", "uv": [ 2.0, 1.0, 2.5, 1.5 ] },
								"south": { "texture": "#headtexture", "uv": [ 2.5, 1.0, 3.0, 1.5 ] },
								"west": { "texture": "#headtexture", "uv": [ 3.0, 1.0, 3.5, 1.5 ] },
								"up": { "texture": "#headtexture", "uv": [ 2.0, 0.5, 2.5, 1.0 ] },
								"down": { "texture": "#headtexture", "uv": [ 2.5, 0.5, 3.0, 1.0 ] }
							}
						},
						{
							"name": "hole8",
							"from": [ -0.1, 1.4, 0.9 ],
							"to": [ 0.0, 1.6, 1.1 ],
							"uv": [ 2.0, 0.0 ],
							"rotationOrigin": [ 0.0, 1.5, 1.0 ],
							"faces": {
								"north": { "texture": "#headtexture", "uv": [ 2.0, 0.5, 2.5, 1.0 ] },
								"south": { "texture": "#headtexture", "uv": [ 2.5, 0.5, 3.0, 1.0 ] },
								"west": { "texture": "#headtexture", "uv": [ 3.0, 0.5, 3.5, 1.0 ] },
								"up": { "texture": "#headtexture", "uv": [ 2.0, 0.0, 2.5, 0.5 ] },
								"down": { "texture": "#headtexture", "uv": [ 2.5, 0.0, 3.0, 0.5 ] }
							}
						},
						{
							"name": "hole9",
							"from": [ -0.1, 0.9, 0.4 ],
							"to": [ 0.0, 1.1, 0.6 ],
							"uv": [ 0.0, 0.0 ],
							"rotationOrigin": [ 0.0, 1.0, 0.5 ],
							"faces": {
								"north": { "texture": "#headtexture", "uv": [ 0.0, 0.5, 0.5, 1.0 ] },
								"south": { "texture": "#headtexture", "uv": [ 0.5, 0.5, 1.0, 1.0 ] },
								"west": { "texture": "#headtexture", "uv": [ 1.0, 0.5, 1.5, 1.0 ] },
								"up": { "texture": "#headtexture", "uv": [ 0.0, 0.0, 0.5, 0.5 ] },
								"down": { "texture": "#headtexture", "uv": [ 0.5, 0.0, 1.0, 0.5 ] }
							}
						},
						{
							"name": "hole10",
							"from": [ -0.1, 0.9, 1.4 ],
							"to": [ 0.0, 1.1, 1.6 ],
							"uv": [ 0.0, 0.0 ],
							"rotationOrigin": [ 0.0, 1.0, 1.5 ],
							"faces": {
								"north": { "texture": "#headtexture", "uv": [ 0.0, 0.5, 0.5, 1.0 ] },
								"south": { "texture": "#headtexture", "uv": [ 0.5, 0.5, 1.0, 1.0 ] },
								"west": { "texture": "#headtexture", "uv": [ 1.0, 0.5, 1.5, 1.0 ] },
								"up": { "texture": "#headtexture", "uv": [ 0.0, 0.0, 0.5, 0.5 ] },
								"down": { "texture": "#headtexture", "uv": [ 0.5, 0.0, 1.0, 0.5 ] }
							}
						}
					]
				},
				{
					"name": "rivet1",
					"from": [ 0.8, 7.7, -0.1 ],
					"to": [ 1.2, 8.1, 5.5 ],
					"autoUnwrap": false,
					"uv": [ 12.0, 1.0 ],
					"rotationOrigin": [ 1.0, 7.9, 3.0 ],
					"faces": {
						"north": { "texture": "#headtexture", "uv": [ 21.5, 0.5, 22.0, 1.0 ] },
						"east": { "texture": "#headtexture", "uv": [ 18.5, 0.0, 24.0, 0.5 ] },
						"south": { "texture": "#headtexture", "uv": [ 21.0, 1.0, 21.5, 1.5 ] },
						"west": { "texture": "#headtexture", "uv": [ 18.5, 1.0, 24.0, 1.5 ] },
						"up": { "texture": "#headtexture", "uv": [ 18.5, 0.0, 24.0, 0.5 ], "rotation": 90 },
						"down": { "texture": "#headtexture", "uv": [ 18.5, 0.5, 24.0, 1.0 ], "rotation": 90 }
					}
				},
				{
					"name": "rivet2",
					"from": [ 1.8, 7.7, -0.1 ],
					"to": [ 2.2, 8.1, 5.5 ],
					"autoUnwrap": false,
					"uv": [ 12.0, 1.0 ],
					"rotationOrigin": [ 2.0, 7.9, 3.0 ],
					"faces": {
						"north": { "texture": "#headtexture", "uv": [ 22.0, 1.0, 22.5, 1.5 ] },
						"east": { "texture": "#headtexture", "uv": [ 18.5, 2.0, 24.0, 2.5 ] },
						"south": { "texture": "#headtexture", "uv": [ 20.0, 0.5, 20.5, 1.0 ] },
						"west": { "texture": "#headtexture", "uv": [ 18.5, 0.0, 24.0, 0.5 ] },
						"up": { "texture": "#headtexture", "uv": [ 18.5, 0.0, 24.0, 0.5 ], "rotation": 90 },
						"down": { "texture": "#headtexture", "uv": [ 18.5, 2.0, 24.0, 2.5 ], "rotation": 90 }
					}
				},
				{
					"name": "rivet3",
					"from": [ 2.8, 7.7, -0.1 ],
					"to": [ 3.2, 8.1, 5.5 ],
					"autoUnwrap": false,
					"uv": [ 12.0, 1.0 ],
					"rotationOrigin": [ 3.0, 7.9, 3.0 ],
					"faces": {
						"north": { "texture": "#headtexture", "uv": [ 23.0, 1.0, 23.5, 1.5 ] },
						"east": { "texture": "#headtexture", "uv": [ 18.5, 1.0, 24.0, 1.5 ] },
						"south": { "texture": "#headtexture", "uv": [ 19.0, 0.5, 19.5, 1.0 ] },
						"west": { "texture": "#headtexture", "uv": [ 18.5, 1.5, 24.0, 2.0 ] },
						"up": { "texture": "#headtexture", "uv": [ 18.5, 1.0, 24.0, 1.5 ], "rotation": 90 },
						"down": { "texture": "#headtexture", "uv": [ 18.5, 1.5, 24.0, 2.0 ], "rotation": 90 }
					}
				},
				{
					"name": "rivet4",
					"from": [ 3.8, 7.7, -0.1 ],
					"to": [ 4.2, 8.1, 5.5 ],
					"autoUnwrap": false,
					"uv": [ 12.0, 1.0 ],
					"rotationOrigin": [ 4.0, 7.9, 3.0 ],
					"faces": {
						"north": { "texture": "#headtexture", "uv": [ 23.5, 0.5, 24.0, 1.0 ] },
						"east": { "texture": "#headtexture", "uv": [ 18.5, 0.0, 24.0, 0.5 ] },
						"south": { "texture": "#headtexture", "uv": [ 18.5, 1.0, 19.0, 1.5 ] },
						"west": { "texture": "#headtexture", "uv": [ 18.5, 0.5, 24.0, 1.0 ] },
						"up": { "texture": "#headtexture", "uv": [ 18.5, 0.0, 24.0, 0.5 ], "rotation": 90 },
						"down": { "texture": "#headtexture", "uv": [ 18.5, 1.5, 24.0, 2.0 ], "rotation": 90 }
					}
				},
				{
					"name": "rivet5",
					"from": [ 4.8, 7.7, -0.1 ],
					"to": [ 5.2, 8.1, 5.5 ],
					"autoUnwrap": false,
					"uv": [ 12.0, 1.0 ],
					"rotationOrigin": [ 5.0, 7.9, 3.0 ],
					"faces": {
						"north": { "texture": "#headtexture", "uv": [ 22.5, 0.5, 23.0, 1.0 ] },
						"east": { "texture": "#headtexture", "uv": [ 18.5, 1.0, 24.0, 1.5 ] },
						"south": { "texture": "#headtexture", "uv": [ 19.5, 1.0, 20.0, 1.5 ] },
						"west": { "texture": "#headtexture", "uv": [ 18.5, 1.0, 24.0, 1.5 ] },
						"up": { "texture": "#headtexture", "uv": [ 18.5, 1.0, 24.0, 1.5 ], "rotation": 90 },
						"down": { "texture": "#headtexture", "uv": [ 18.5, 0.0, 24.0, 0.5 ], "rotation": 90 }
					}
				},
				{
					"name": "rivet6",
					"from": [ 5.9, 7.7, 0.3 ],
					"to": [ 6.0, 8.1, 0.7 ],
					"uv": [ 18.5, 1.5 ],
					"rotationOrigin": [ 5.9, 7.9, 0.5 ],
					"faces": {
						"north": { "texture": "#headtexture", "uv": [ 18.5, 2.0, 19.0, 2.5 ] },
						"east": { "texture": "#headtexture", "uv": [ 19.0, 2.0, 19.5, 2.5 ], "windMode": [-1,-1,-1,-1], "windData": [1,1,1,1] },
						"south": { "texture": "#headtexture", "uv": [ 19.5, 2.0, 20.0, 2.5 ] },
						"up": { "texture": "#headtexture", "uv": [ 18.5, 1.5, 19.0, 2.0 ] },
						"down": { "texture": "#headtexture", "uv": [ 19.0, 1.5, 19.5, 2.0 ] }
					}
				},
				{
					"name": "rivet7",
					"from": [ 5.9, 7.7, 4.7 ],
					"to": [ 6.0, 8.1, 5.1 ],
					"uv": [ 21.5, 0.5 ],
					"rotationOrigin": [ 5.9, 7.9, 4.9 ],
					"faces": {
						"north": { "texture": "#headtexture", "uv": [ 21.5, 1.0, 22.0, 1.5 ] },
						"east": { "texture": "#headtexture", "uv": [ 22.0, 1.0, 22.5, 1.5 ], "windMode": [-1,-1,-1,-1], "windData": [1,1,1,1] },
						"south": { "texture": "#headtexture", "uv": [ 22.5, 1.0, 23.0, 1.5 ] },
						"up": { "texture": "#headtexture", "uv": [ 21.5, 0.5, 22.0, 1.0 ] },
						"down": { "texture": "#headtexture", "uv": [ 22.0, 0.5, 22.5, 1.0 ] }
					}
				},
				{
					"name": "rivet8",
					"from": [ 5.9, 7.7, 2.5 ],
					"to": [ 6.0, 8.1, 2.9 ],
					"uv": [ 21.5, 1.5 ],
					"rotationOrigin": [ 5.9, 7.9, 2.7 ],
					"faces": {
						"north": { "texture": "#headtexture", "uv": [ 21.5, 2.0, 22.0, 2.5 ] },
						"east": { "texture": "#headtexture", "uv": [ 22.0, 2.0, 22.5, 2.5 ], "windMode": [-1,-1,-1,-1], "windData": [1,1,1,1] },
						"south": { "texture": "#headtexture", "uv": [ 22.5, 2.0, 23.0, 2.5 ] },
						"up": { "texture": "#headtexture", "uv": [ 21.5, 1.5, 22.0, 2.0 ] },
						"down": { "texture": "#headtexture", "uv": [ 22.0, 1.5, 22.5, 2.0 ] }
					}
				},
				{
					"name": "rivet9",
					"from": [ 5.9, 7.7, 1.4 ],
					"to": [ 6.0, 8.1, 1.8 ],
					"uv": [ 19.5, 0.5 ],
					"rotationOrigin": [ 5.9, 7.9, 1.6 ],
					"faces": {
						"north": { "texture": "#headtexture", "uv": [ 19.5, 1.0, 20.0, 1.5 ] },
						"east": { "texture": "#headtexture", "uv": [ 20.0, 1.0, 20.5, 1.5 ], "windMode": [-1,-1,-1,-1], "windData": [1,1,1,1] },
						"south": { "texture": "#headtexture", "uv": [ 20.5, 1.0, 21.0, 1.5 ] },
						"up": { "texture": "#headtexture", "uv": [ 19.5, 0.5, 20.0, 1.0 ] },
						"down": { "texture": "#headtexture", "uv": [ 20.0, 0.5, 20.5, 1.0 ] }
					}
				},
				{
					"name": "rivet10",
					"from": [ 5.9, 7.7, 3.5 ],
					"to": [ 6.0, 8.1, 3.9 ],
					"uv": [ 22.5, 1.5 ],
					"rotationOrigin": [ 5.9, 7.9, 3.7 ],
					"faces": {
						"north": { "texture": "#headtexture", "uv": [ 22.5, 2.0, 23.0, 2.5 ] },
						"east": { "texture": "#headtexture", "uv": [ 23.0, 2.0, 23.5, 2.5 ], "windMode": [-1,-1,-1,-1], "windData": [1,1,1,1] },
						"south": { "texture": "#headtexture", "uv": [ 23.5, 2.0, 24.0, 2.5 ] },
						"up": { "texture": "#headtexture", "uv": [ 22.5, 1.5, 23.0, 2.0 ] },
						"down": { "texture": "#headtexture", "uv": [ 23.0, 1.5, 23.5, 2.0 ] }
					}
				}
			]
		}
	]}