[
  {
    "ingredientPattern": "_P_,FCF,_F_",
    "ingredients": {
      "F": { "type": "item", "code": "game:burnedbrick-fire", "quantity": 4},
      "C": { "type": "block", "code": "labeledstoragevessel-{color}", "attributes": { "type": "iron" } },
      "P": { "type": "item", "code": "game:metalplate-steel", "quantity": 2 } },
    "width": 3,
    "height": 3,   
    "output": { "type": "block", "code": "labeledstoragevessel-{color}", "attributes": { "type": "steel" } }
  },

  {
    "ingredientPattern": "SC",
    "ingredients": {
      "S": { "type": "block", "code": "game:sign-ground-north" },
      "C": { "type": "block", "code": "storagevessel-{color}", "attributes": { "type": "steel" } }
    },
    "width": 1,
    "height": 2,
    "shapeless": true,
    "output": { "type": "block", "code": "labeledstoragevessel-{color}", "attributes": { "type": "steel" }
    }
  }
]