﻿[
  {
    "ingredientPattern": "S,H",
    "recipeGroup": 1,
    "ingredients": {
      "S": {
        "type": "item",
        "code": "armory:part-shortsword-*",
        "name": "material",
        "allowedVariants": ["copper", "tinbronze", "bismuthbronze", "blackbronze", "iron", "meteoriciron"]
      },
      "H": {"type": "item", "code": "armory:handle-short"}
    },
    "copyAttributesFrom": "H",
    "width": 1,
    "height": 2,
    "name": "sword",
    "output": {"type": "item", "code": "armory:sword-short-plain-{material}"}
  },
  {
    "ingredientPattern": "B,P",
    "recipeGroup": 1,
    "ingredients": {"B": {"type": "item", "code": "armory:part-shortsword-steel"}, "P": {"type": "item", "code": "game:leather-normal-*", "quantity": 1, "name": "color"}},
    "width": 1,
    "height": 2,
    "name": "sword",
    "output": {"type": "item", "code": "armory:sword-short-plain-steel", "attributes": {"handleTexture": "game:block/leather/{color}"}}
  },
  {
    "ingredientPattern": "B,P",
    "recipeGroup": 1,
    "ingredients": {"B": {"type": "item", "code": "armory:part-shortsword-steel"}, "P": {"type": "item", "code": "game:leather-normal-plain"}},
    "width": 1,
    "height": 2,
    "name": "sword",
    "output": {"type": "item", "code": "armory:sword-short-plain-steel"}
  },
  {
    "ingredientPattern": "S,H,P",
    "recipeGroup": 1,
    "ingredients": {
      "S": {"type": "item", "code": "armory:part-shortsword-*", "name": "material", "allowedVariants": ["iron", "meteoriciron", "steel"]},
      "H": {"type": "item", "code": "armory:handle-short"},
      "P": {"type": "item", "code": "game:leather-normal-*", "quantity": 1, "name": "color"}
    },
    "copyAttributesFrom": "H",
    "width": 1,
    "height": 3,
    "name": "sword",
    "output": {"type": "item", "code": "armory:sword-arming-plain-{material}", "attributes": {"handleTexture": "game:block/leather/{color}"}}
  },
  {
    "ingredientPattern": "S,H,P",
    "recipeGroup": 1,
    "ingredients": {
      "S": {"type": "item", "code": "armory:part-shortsword-*", "name": "material", "allowedVariants": ["iron", "meteoriciron", "steel"]},
      "H": {"type": "item", "code": "armory:handle-short"},
      "P": {"type": "item", "code": "game:leather-normal-plain"}
    },
    "copyAttributesFrom": "H",
    "width": 1,
    "height": 3,
    "name": "sword",
    "output": {"type": "item", "code": "armory:sword-arming-plain-{material}"}
  },
  {
    "ingredientPattern": "S,H",
    "recipeGroup": 1,
    "ingredients": {
      "S": {"type": "item", "code": "armory:part-longsword-*", "name": "material", "allowedVariants": ["tinbronze", "bismuthbronze", "blackbronze", "iron", "meteoriciron"]},
      "H": {"type": "item", "code": "armory:handle-short"}
    },
    "copyAttributesFrom": "H",
    "width": 1,
    "height": 2,
    "name": "sword",
    "output": {"type": "item", "code": "armory:sword-long-plain-{material}"}
  },
  {
    "ingredientPattern": "B,P",
    "recipeGroup": 1,
    "ingredients": {"B": {"type": "item", "code": "armory:part-longsword-steel"}, "P": {"type": "item", "code": "game:leather-normal-*", "quantity": 1, "name": "color"}},
    "width": 1,
    "height": 2,
    "name": "sword",
    "output": {"type": "item", "code": "armory:sword-long-plain-steel", "attributes": {"handleTexture": "game:block/leather/{color}"}}
  },
  {
    "ingredientPattern": "B,P",
    "recipeGroup": 1,
    "ingredients": {"B": {"type": "item", "code": "armory:part-greatsword-iron"}, "P": {"type": "item", "code": "game:leather-normal-*", "quantity": 1, "name": "color"}},
    "width": 1,
    "height": 2,
    "name": "sword",
    "output": {"type": "item", "code": "armory:sword-great-plain-iron", "attributes": {"handleTexture": "game:block/leather/{color}"}}
  },
  {
    "ingredientPattern": "B,P",
    "recipeGroup": 1,
    "ingredients": {"B": {"type": "item", "code": "armory:part-greatsword-meteoriciron"}, "P": {"type": "item", "code": "game:leather-normal-*", "quantity": 1, "name": "color"}},
    "width": 1,
    "height": 2,
    "name": "sword",
    "output": {"type": "item", "code": "armory:sword-great-plain-meteoriciron", "attributes": {"handleTexture": "game:block/leather/{color}"}}
  },
  {
    "ingredientPattern": "B,P",
    "recipeGroup": 1,
    "ingredients": {"B": {"type": "item", "code": "armory:part-greatsword-steel"}, "P": {"type": "item", "code": "game:leather-normal-*", "quantity": 1, "name": "color"}},
    "width": 1,
    "height": 2,
    "name": "sword",
    "output": {"type": "item", "code": "armory:sword-great-plain-steel", "attributes": {"handleTexture": "game:block/leather/{color}"}}
  },
  {
    "ingredientPattern": "B,P",
    "recipeGroup": 1,
    "ingredients": {"B": {"type": "item", "code": "armory:part-longsword-steel"}, "P": {"type": "item", "code": "game:leather-normal-plain"}},
    "width": 1,
    "height": 2,
    "name": "sword",
    "output": {"type": "item", "code": "armory:sword-long-plain-steel"}
  },
  {
    "ingredientPattern": "B,P",
    "recipeGroup": 1,
    "ingredients": {"B": {"type": "item", "code": "armory:part-greatsword-iron"}, "P": {"type": "item", "code": "game:leather-normal-plain"}},
    "width": 1,
    "height": 2,
    "name": "sword",
    "output": {"type": "item", "code": "armory:sword-great-plain-iron"}
  },
  {
    "ingredientPattern": "B,P",
    "recipeGroup": 1,
    "ingredients": {"B": {"type": "item", "code": "armory:part-greatsword-meteoriciron"}, "P": {"type": "item", "code": "game:leather-normal-plain"}},
    "width": 1,
    "height": 2,
    "name": "sword",
    "output": {"type": "item", "code": "armory:sword-great-plain-meteoriciron"}
  },
  {
    "ingredientPattern": "B,P",
    "recipeGroup": 1,
    "ingredients": {"B": {"type": "item", "code": "armory:part-greatsword-steel"}, "P": {"type": "item", "code": "game:leather-normal-plain"}},
    "width": 1,
    "height": 2,
    "name": "sword",
    "output": {"type": "item", "code": "armory:sword-great-plain-steel"}
  }
]