{
  "code": "crystallizedmemories",
  "class": "ItemCrystallizedMemoriesRM",
  "enabled": true,

  "storageFlags": 131073,

  "creativeinventory": {
    "general": [ "*" ],
    "items": [ "*" ],
    "rustboundmagic": [ "*" ]
  },

  "behaviors": [
    {
      "name": "GroundStorable",
      "properties": {
        "layout": "Quadrants",
        "collisionBox": {
          "x1": 0,
          "y1": 0,
          "z1": 0,
          "x2": 1,
          "y2": 0.125,
          "z2": 1
        }
      }
    }
  ],

  "maxstacksize": 64,
  "materialDensity": 1200,

  "shapeByType": {
    "*": {
      "base": "items/crystallizedmemories"
    }
  },
  "texturesByType": {
    "*": {
      "default": { "base": "default" },
      "inner": { "base": "items/crystallizedmemories" }
    }
  },
  "attributesByType": {
    "*": {
      "displaycaseable": true,
      "onDisplayTransform": {
        "translation": {
          "x": 0,
          "y": -0.125,
          "z": 0
        },
        "scale": 0.75
      },
      "shelvable": true,
      "onshelfTransform": {
        "translation": {
          "x": 0,
          "y": -0.125,
          "z": 0
        },
        "scale": 0.75
      },
      "groundStorageTransform": {
        "origin": {
          "x": 0.5,
          "y": 0,
          "z": 0.5
        },
        "scale": 1.5
      },
      "handbook": {
        "extraSections": [
          {
            "title": "rustboundmagic:handbook-rustcreatures-title",
            "text": "rustboundmagic:handbook-rustcreatures-text"
          },
          {
            "title": "rustboundmagic:handbook-ancientartifacts-title",
            "text": "rustboundmagic:handbook-ancientartifacts-text"
          },
          {
            "title": "rustboundmagic:handbook-spelldropentropy1-title",
            "text": "rustboundmagic:handbook-spelldropentropy1-text"
          }
        ]
      }
    }
  },

  "guiTransform": {
    "translation": {
      "x": 0,
      "y": 0,
      "z": 0
    },
    "rotation": {
      "x": 151,
      "y": -48,
      "z": 0
    },
    "origin": {
      "x": 0.525,
      "y": 0.1,
      "z": 0.55
    },
    "scale": 3
  },
  "fpHandTransform": {
    "translation": {
      "x": 0.18,
      "y": 0,
      "z": 0
    },
    "rotation": {
      "x": 5,
      "y": 100,
      "z": 0
    },
    "origin": {
      "x": 0.5,
      "y": -0.13,
      "z": 0.5
    },
    "scale": 2.5
  },
  "tpHandTransform": {
    "translation": {
      "x": -0.7799,
      "y": -0.12,
      "z": -0.66
    },
    "rotation": {
      "x": -41,
      "y": -29,
      "z": -60
    },
    "origin": {
      "x": 0.5,
      "y": 0.09,
      "z": 0.5
    },
    "scale": 0.75
  },
  "groundTransform": {
    "translation": {
      "x": 0,
      "y": 0,
      "z": 0
    },
    "rotation": {
      "x": 0,
      "y": 0,
      "z": 0
    },
    "origin": {
      "x": 0.5,
      "y": 0,
      "z": 0.5
    },
    "scale": 4.5
  }
}
