{
  "code": "etherium",
  "class": "ItemArcanusRM",
  "enabled": true,

  "storageFlags": 131077,

  "variantgroups": [
    {
      "code": "type",
      "states": [
        "normal" //,
        //"primal",
        //"seraphic"
      ]
    }
  ],

  "creativeinventory": {
    "general": [ "*" ],
    "items": [ "*" ],
    "rustboundmagic": [ "*" ]
  },

  "behaviors": [
    {
      "name": "GroundStorable",
      "properties": {
        "layout": "Quadrants",
        "collisionBox": {
          "x1": 0,
          "y1": 0,
          "z1": 0,
          "x2": 1,
          "y2": 0.125,
          "z2": 1
        }
      }
    }
  ],

  "maxstacksize": 64,
  "materialDensity": 1200,

  "shapeByType": {
    "*": {
      "base": "items/resources/arcanus-{type}"
    }
  },
  "texturesByType": {
    "*": {
      "default": { "base": "default" },
      "material1": { "base": "items/resources/etherium-{type}" }
    }
  },
  "attributesByType": {
    "*": {
      "displaycaseable": true,
      "onDisplayTransform": {
        "translation": {
          "x": 0,
          "y": -0.125,
          "z": 0
        },
        "scale": 0.75
      },
      "shelvable": true,
      "onshelfTransform": {
        "translation": {
          "x": 0,
          "y": -0.25,
          "z": 0
        },
        "scale": 0.5
      },
      "groundStorageTransform": {
        "origin": {
          "x": 0.5,
          "y": 0,
          "z": 0.5
        },
        "scale": 1
      },
      "handbookByType": {
        "*-normal": {
          "extraSections": [
            {
              "title": "game:Created by",
              "text": "rustboundmagic:handbook-createdbythaumicfoundryusingatablet-text"
            }
          ]
        },
        "*-primal": {
          "extraSections": [
            {
              "title": "game:Created by",
              "text": "rustboundmagic:handbook-createdbythaumicfoundryusingatablet-text"
            }
          ]
        },
        "*-seraphic": {
          "extraSections": [
            {
              "title": "game:Created by",
              "text": "rustboundmagic:handbook-createdbythaumicfoundryusingatablet-text"
            }
          ]
        }
      }
    }
  },



  "guiTransform": {
    "translation": {
      "x": 3,
      "y": 2,
      "z": 0
    },
    "rotation": {
      "x": 150,
      "y": -38,
      "z": 0
    },
    "origin": {
      "x": 0.5,
      "y": 0.1,
      "z": 0.5
    },
    "scale": 3
  },
  "tpHandTransform": {
    "translation": {
      "x": -1.2,
      "y": -0.25,
      "z": -1
    },
    "rotation": {
      "x": -41,
      "y": -29,
      "z": -60
    },
    "origin": {
      "x": 0.5,
      "y": 0.1,
      "z": 0.5
    },
    "scale": 0.5
  },
  "groundTransform": {
    "translation": {
      "x": 0,
      "y": 0,
      "z": 0
    },
    "rotation": {
      "x": 0,
      "y": 0,
      "z": 0
    },
    "origin": {
      "x": 0.5,
      "y": 0,
      "z": 0.5
    },
    "scale": 3.5
  }
}
