[
	{
	"ingredientPattern": "BS",
	"ingredients": {
		"S": { "type": "item", "code": "game:saw-*", "isTool": true },
		"B": { "type": "block", "code": "bricklayers:claytiles-dull-*", "name": "type", "quantity": 1 }
	},
	"width": 2,
	"height": 1,
	"recipeGroup": 2,
	"output": { "type": "block", "code": "bricklayers:claytilesslab-dull-{type}-down-free", "quantity": 2 }
	},

	{
	"ingredientPattern": "BS",
	"ingredients": {
		"S": { "type": "item", "code": "game:saw-*", "isTool": true },
		"B": { "type": "block", "code": "bricklayers:claytiles-polished-*", "name": "type", "quantity": 1 }
	},
	"width": 2,
	"height": 1,
	"recipeGroup": 2,
	"output": { "type": "block", "code": "bricklayers:claytilesslab-polished-{type}-down-free", "quantity": 2 }
	}
]
