[
	{
	"code": "glass-tile-vanilla-plain",
	"ingredientPattern": "H_,C_,GS",
	"ingredients": {
		"H": { "type": "item", "code": "game:hammer-*", "isTool": true, "toolDurabilityCost": 2 },
		"C": { "type": "item", "code": "game:chisel-*", "isTool": true, "toolDurabilityCost": 2 },
		"G": { "type": "block", "code": "game:glassslab-*-down-free", "name": "type", "allowedVariants": [ "plain", "smoky", "quartz" ] },
		"S": { "type": "item", "code": "game:saw-*", "isTool": true, "toolDurabilityCost": 2 }
	},
	"width": 2,
	"height": 3,
	"recipeGroup": 3,
	"output": { "type": "block", "code": "bricklayers:glasstile-normal-{type}-white", "quantity": 2 }
	},

	{
	"code": "glass-tile-vanilla-vintage",
	"ingredientPattern": "H_,C_,GS",
	"ingredients": {
		"H": { "type": "item", "code": "game:hammer-*", "isTool": true, "toolDurabilityCost": 2 },
		"C": { "type": "item", "code": "game:chisel-*", "isTool": true, "toolDurabilityCost": 2 },
		"G": { "type": "block", "code": "game:glassslab-*-down-free", "name": "type", "allowedVariants": [ "vintage" ] },
		"S": { "type": "item", "code": "game:saw-*", "isTool": true, "toolDurabilityCost": 2 }
	},
	"width": 2,
	"height": 3,
	"recipeGroup": 3,
	"output": { "type": "block", "code": "bricklayers:glasstile-normal-milky-white", "quantity": 2 }
	},

	{
	"code": "glass-tile-vanilla-colored",
	"ingredientPattern": "H_,C_,GS",
	"ingredients": {
		"H": { "type": "item", "code": "game:hammer-*", "isTool": true, "toolDurabilityCost": 2 },
		"C": { "type": "item", "code": "game:chisel-*", "isTool": true, "toolDurabilityCost": 2 },
		"G": { "type": "block", "code": "game:glassslab-*-down-free", "name": "color", "allowedVariants": [ "blue", "brown", "green", "pink", "red", "violet", "yellow" ] },
		"S": { "type": "item", "code": "game:saw-*", "isTool": true, "toolDurabilityCost": 2 }
	},
	"width": 2,
	"height": 3,
	"recipeGroup": 3,
	"output": { "type": "block", "code": "bricklayers:glasstile-normal-plain-{color}", "quantity": 2 }
	},

	{
	"code": "glass-tile-bricklayers-colored",
	"ingredientPattern": "H_,C_,GS",
	"ingredients": {
		"H": { "type": "item", "code": "game:hammer-*", "isTool": true, "toolDurabilityCost": 2 },
		"C": { "type": "item", "code": "game:chisel-*", "isTool": true, "toolDurabilityCost": 2 },
		"G": { "type": "block", "code": "bricklayers:glassslabcolored-plain-*-down-free", "name": "color", "allowedVariants": [ "black", "orange" ] },
		"S": { "type": "item", "code": "game:saw-*", "isTool": true, "toolDurabilityCost": 2 }
	},
	"width": 2,
	"height": 3,
	"recipeGroup": 3,
	"output": { "type": "block", "code": "bricklayers:glasstile-normal-plain-{color}", "quantity": 2 }
	},

	{
	"code": "glass-tile-bricklayers-smoky",
	"ingredientPattern": "H_,C_,GS",
	"ingredients": {
		"H": { "type": "item", "code": "game:hammer-*", "isTool": true, "toolDurabilityCost": 2 },
		"C": { "type": "item", "code": "game:chisel-*", "isTool": true, "toolDurabilityCost": 2 },
		"G": { "type": "block", "code": "bricklayers:glassslabcolored-smoky-*-down-free", "name": "color" },
		"S": { "type": "item", "code": "game:saw-*", "isTool": true, "toolDurabilityCost": 2 }
	},
	"width": 2,
	"height": 3,
	"recipeGroup": 3,
	"output": { "type": "block", "code": "bricklayers:glasstile-normal-smoky-{color}", "quantity": 2 }
	},

	{
	"code": "glass-tile-bricklayers-dark",
	"ingredientPattern": "H_,C_,GS",
	"ingredients": {
		"H": { "type": "item", "code": "game:hammer-*", "isTool": true, "toolDurabilityCost": 2 },
		"C": { "type": "item", "code": "game:chisel-*", "isTool": true, "toolDurabilityCost": 2 },
		"G": { "type": "block", "code": "bricklayers:glassslabcolored-dark-*-down-free", "name": "color" },
		"S": { "type": "item", "code": "game:saw-*", "isTool": true, "toolDurabilityCost": 2 }
	},
	"width": 2,
	"height": 3,
	"recipeGroup": 3,
	"output": { "type": "block", "code": "bricklayers:glasstile-normal-dark-{color}", "quantity": 2 }
	},

	{
	"code": "glass-tile-bricklayers-opaque",
	"ingredientPattern": "H_,C_,GS",
	"ingredients": {
		"H": { "type": "item", "code": "game:hammer-*", "isTool": true, "toolDurabilityCost": 2 },
		"C": { "type": "item", "code": "game:chisel-*", "isTool": true, "toolDurabilityCost": 2 },
		"G": { "type": "block", "code": "bricklayers:glassslabcolored-opaque-*-down-free", "name": "color" },
		"S": { "type": "item", "code": "game:saw-*", "isTool": true, "toolDurabilityCost": 2 }
	},
	"width": 2,
	"height": 3,
	"recipeGroup": 3,
	"output": { "type": "block", "code": "bricklayers:glasstile-normal-opaque-{color}", "quantity": 2 }
	},

	{
	"code": "glass-tile-bricklayers-quartz",
	"ingredientPattern": "H_,C_,GS",
	"ingredients": {
		"H": { "type": "item", "code": "game:hammer-*", "isTool": true, "toolDurabilityCost": 2 },
		"C": { "type": "item", "code": "game:chisel-*", "isTool": true, "toolDurabilityCost": 2 },
		"G": { "type": "block", "code": "bricklayers:glassslabcolored-quartz-*-down-free", "name": "color" },
		"S": { "type": "item", "code": "game:saw-*", "isTool": true, "toolDurabilityCost": 2 }
	},
	"width": 2,
	"height": 3,
	"recipeGroup": 3,
	"output": { "type": "block", "code": "bricklayers:glasstile-normal-quartz-{color}", "quantity": 2 }
	},

	{
	"code": "glass-tile-colored-milky",
	"ingredientPattern": "H_,C_,GS",
	"ingredients": {
		"H": { "type": "item", "code": "game:hammer-*", "isTool": true, "toolDurabilityCost": 2 },
		"C": { "type": "item", "code": "game:chisel-*", "isTool": true, "toolDurabilityCost": 2 },
		"G": { "type": "block", "code": "bricklayers:glassslabcolored-milky-*-down-free", "name": "color" },
		"S": { "type": "item", "code": "game:saw-*", "isTool": true, "toolDurabilityCost": 2 }
	},
	"width": 2,
	"height": 3,
	"recipeGroup": 3,
	"output": { "type": "block", "code": "bricklayers:glasstile-normal-milky-{color}", "quantity": 2 }
	}

]
