[
	{
		"ingredientPattern": "A,L",
		"recipeGroup": 2,
		"ingredients": {
			"A": {
				"type": "item",
				"code": "toolprotowand-eldrathium-tier3",
				"quantity": 1
			},
			"L": {
				"type": "item",
				"code": "magicalrepairkit",
				"quantity": 1
			}
		},
		"width": 1,
		"height": 2,
		"shapeless": true,
		"copyAttributesFrom": "A",
		"averageDurability": false,
		"name": "Wand repair",
		"output": {
			"type": "item",
			"code": "toolprotowand-eldrathium-tier3",
			"quantity": 1
		}
	},

	{
		"ingredientPattern": "A,L",
		"recipeGroup": 2,
		"ingredients": {
			"A": {
				"type": "item",
				"code": "toolprotowand-silver-tier3",
				"quantity": 1
			},
			"L": {
				"type": "item",
				"code": "magicalrepairkit",
				"quantity": 1
			}
		},
		"width": 1,
		"height": 2,
		"shapeless": true,
		"copyAttributesFrom": "A",
		"averageDurability": false,
		"name": "Wand repair",
		"output": {
			"type": "item",
			"code": "toolprotowand-silver-tier3",
			"quantity": 1
		}
	},

	{
		"ingredientPattern": "A,L",
		"recipeGroup": 2,
		"ingredients": {
			"A": {
				"type": "item",
				"code": "toolprotowand-cupronickel-tier3",
				"quantity": 1
			},
			"L": {
				"type": "item",
				"code": "magicalrepairkit",
				"quantity": 1
			}
		},
		"width": 1,
		"height": 2,
		"shapeless": true,
		"copyAttributesFrom": "A",
		"averageDurability": false,
		"name": "Wand repair",
		"output": {
			"type": "item",
			"code": "toolprotowand-cupronickel-tier3",
			"quantity": 1
		}
	},

	{
		"ingredientPattern": "A,L",
		"recipeGroup": 2,
		"ingredients": {
			"A": {
				"type": "item",
				"code": "toolprotowand-bismuth-tier3",
				"quantity": 1
			},
			"L": {
				"type": "item",
				"code": "magicalrepairkit",
				"quantity": 1
			}
		},
		"width": 1,
		"height": 2,
		"shapeless": true,
		"copyAttributesFrom": "A",
		"averageDurability": false,
		"name": "Wand repair",
		"output": {
			"type": "item",
			"code": "toolprotowand-bismuth-tier3",
			"quantity": 1
		}
	},

	{
		"ingredientPattern": "A,L",
		"recipeGroup": 2,
		"ingredients": {
			"A": {
				"type": "item",
				"code": "toolprotowand-bismuthbronze-tier3",
				"quantity": 1
			},
			"L": {
				"type": "item",
				"code": "magicalrepairkit",
				"quantity": 1
			}
		},
		"width": 1,
		"height": 2,
		"shapeless": true,
		"copyAttributesFrom": "A",
		"averageDurability": false,
		"name": "Wand repair",
		"output": {
			"type": "item",
			"code": "toolprotowand-bismuthbronze-tier3",
			"quantity": 1
		}
	},

	{
		"ingredientPattern": "A,L",
		"recipeGroup": 2,
		"ingredients": {
			"A": {
				"type": "item",
				"code": "toolprotowand-meteoriciron-tier3",
				"quantity": 1
			},
			"L": {
				"type": "item",
				"code": "magicalrepairkit",
				"quantity": 1
			}
		},
		"width": 1,
		"height": 2,
		"shapeless": true,
		"copyAttributesFrom": "A",
		"averageDurability": false,
		"name": "Wand repair",
		"output": {
			"type": "item",
			"code": "toolprotowand-meteoriciron-tier3",
			"quantity": 1
		}
	},

	{
		"ingredientPattern": "A,L",
		"recipeGroup": 2,
		"ingredients": {
			"A": {
				"type": "item",
				"code": "toolprotowand-electrum-tier3",
				"quantity": 1
			},
			"L": {
				"type": "item",
				"code": "magicalrepairkit",
				"quantity": 1
			}
		},
		"width": 1,
		"height": 2,
		"shapeless": true,
		"copyAttributesFrom": "A",
		"averageDurability": false,
		"name": "Wand repair",
		"output": {
			"type": "item",
			"code": "toolprotowand-electrum-tier3",
			"quantity": 1
		}
	}
]