{
	"editor": {
		"collapsedPaths": "Root/Cube3",
		"allAngles": false,
		"entityTextureMode": false
	},
	"textureWidth": 16,
	"textureHeight": 16,
	"textureSizes": {
	},
	"textures": {
		"steel": "electricalprogressivebasics:block/steel"
	},
	"elements": [
		{
			"name": "Cube3",
			"from": [ 1.0, 0.0, 10.0 ],
			"to": [ 15.0, 1.0, 15.0 ],
			"rotationOrigin": [ 1.0, 0.0, 1.0 ],
			"faces": {
				"north": { "texture": "#steel", "uv": [ 0.5, 1.0, 14.5, 2.0 ] },
				"east": { "texture": "#steel", "uv": [ 2.5, 7.0, 7.5, 8.0 ], "windMode": [-1,-1,-1,-1] },
				"south": { "texture": "#steel", "uv": [ 0.0, 12.5, 14.0, 13.5 ] },
				"west": { "texture": "#steel", "uv": [ 1.0, 9.0, 6.0, 10.0 ], "windMode": [-1,-1,-1,-1] },
				"up": { "texture": "#steel", "uv": [ 1.0, 10.0, 15.0, 15.0 ] },
				"down": { "texture": "#steel", "uv": [ 1.0, 10.0, 15.0, 15.0 ] }
			},
			"children": [
				{
					"name": "NorthLong",
					"from": [ 0.0, 0.0, -9.0 ],
					"to": [ 14.0, 1.0, -3.0 ],
					"rotationOrigin": [ 4.0, 0.0, -6.0 ],
					"faces": {
						"north": { "texture": "#steel", "uv": [ 0.5, 7.0, 14.5, 8.0 ] },
						"east": { "texture": "#steel", "uv": [ 4.0, 11.0, 10.0, 12.0 ] },
						"south": { "texture": "#steel", "uv": [ 7.0, 1.5, 9.0, 3.5 ], "autoUv": false },
						"west": { "texture": "#steel", "uv": [ 1.0, 10.0, 15.0, 12.0 ], "autoUv": false },
						"up": { "texture": "#steel", "uv": [ 1.0, 1.0, 15.0, 7.0 ] },
						"down": { "texture": "#steel", "uv": [ 1.0, 1.0, 15.0, 7.0 ] }
					}
				},
				{
					"name": "Cube5",
					"from": [ 11.0, 0.0, -3.0 ],
					"to": [ 14.0, 1.0, 0.0 ],
					"rotationOrigin": [ 5.0, 0.0, 0.0 ],
					"faces": {
						"east": { "texture": "#steel", "uv": [ 1.5, 5.0, 4.5, 6.0 ] },
						"west": { "texture": "#steel", "uv": [ 3.5, 10.5, 6.5, 11.5 ], "windMode": [-1,-1,-1,-1] },
						"up": { "texture": "#steel", "uv": [ 12.0, 6.5, 15.0, 9.5 ] },
						"down": { "texture": "#steel", "uv": [ 12.0, 6.5, 15.0, 9.5 ] }
					}
				},
				{
					"name": "Cube6",
					"from": [ 0.0, 0.0, -3.0 ],
					"to": [ 2.0, 1.0, 0.0 ],
					"rotationOrigin": [ 0.0, -1.0, -6.0 ],
					"faces": {
						"east": { "texture": "#steel", "uv": [ 12.0, 4.0, 15.0, 5.0 ] },
						"west": { "texture": "#steel", "uv": [ 12.0, 9.0, 15.0, 10.0 ] },
						"up": { "texture": "#steel", "uv": [ 1.0, 7.0, 3.0, 10.0 ] },
						"down": { "texture": "#steel", "uv": [ 1.0, 6.0, 3.0, 9.0 ] }
					}
				},
				{
					"name": "Cube8",
					"from": [ 2.0, 0.0, -2.0 ],
					"to": [ 4.0, 1.0, -1.0 ],
					"rotationOrigin": [ 2.0, 0.0, -2.0 ],
					"faces": {
						"north": { "texture": "#steel", "uv": [ 12.0, 4.0, 14.0, 5.0 ] },
						"east": { "texture": "#steel", "uv": [ 4.5, 1.5, 5.5, 2.5 ] },
						"south": { "texture": "#steel", "uv": [ 0.0, 7.0, 2.0, 8.0 ] },
						"west": { "texture": "#steel", "uv": [ 2.0, 9.5, 3.0, 10.5 ] },
						"up": { "texture": "#steel", "uv": [ 3.0, 8.0, 5.0, 9.0 ] },
						"down": { "texture": "#steel", "uv": [ 0.0, 0.0, 2.0, 1.0 ], "windMode": [-1,-1,-1,-1] }
					},
					"children": [
						{
							"name": "Cube12",
							"from": [ 3.0, 0.0, 0.0 ],
							"to": [ 4.0, 1.0, 1.0 ],
							"rotationOrigin": [ 3.0, 0.0, 1.0 ],
							"faces": {
								"north": { "texture": "#steel", "uv": [ 13.0, 7.0, 14.0, 8.0 ] },
								"east": { "texture": "#steel", "uv": [ 4.0, 6.0, 5.0, 7.0 ] },
								"south": { "texture": "#steel", "uv": [ 7.5, 6.0, 8.5, 7.0 ] },
								"west": { "texture": "#steel", "uv": [ 12.0, 7.5, 13.0, 8.5 ] },
								"up": { "texture": "#steel", "uv": [ 10.5, 9.0, 11.5, 10.0 ] },
								"down": { "texture": "#steel", "uv": [ 0.0, 0.0, 1.0, 1.0 ], "windMode": [-1,-1,-1,-1] }
							}
						}
					]
				}
			]
		}
	]}