{
	"editor": {
		"collapsedPaths": "",
		"allAngles": true,
		"entityTextureMode": false
	},
	"textureWidth": 16,
	"textureHeight": 16,
	"textureSizes": {
	},
	"textures": {
	},
	"elements": [
		{
			"name": "FrameC2",
			"from": [ 15.9932, 0.0, 7.5 ],
			"to": [ 24.8932, 0.9, 23.5 ],
			"rotationOrigin": [ 15.9977, 0.4984, 7.4971 ],
			"rotationY": -89.9802,
			"faces": {
				"north": { "texture": "#frame", "uv": [ 0.0, 0.0, 8.5, 0.5 ] },
				"east": { "texture": "#frame", "uv": [ 0.0, 0.0, 16.0, 0.5 ] },
				"south": { "texture": "#frame", "uv": [ 0.0, 0.0, 8.5, 0.5 ] },
				"west": { "texture": "#frame", "uv": [ 0.0, 0.0, 16.0, 0.5 ] },
				"up": { "texture": "#frame", "uv": [ 0.0, 0.0, 8.5, 16.0 ] },
				"down": { "texture": "#frame", "uv": [ 0.0, 0.0, 8.5, 16.0 ] }
			}
		},
		{
			"name": "FrameC4",
			"from": [ -0.01, 0.3, 7.5 ],
			"to": [ 1.79, 1.0, 23.5 ],
			"rotationOrigin": [ -0.0052, 0.7984, 7.4971 ],
			"rotationY": 90.0,
			"rotationZ": -11.0,
			"faces": {
				"north": { "texture": "#frame", "uv": [ 0.0, 0.0, 1.5, 0.5 ] },
				"east": { "texture": "#frame", "uv": [ 0.0, 0.0, 16.0, 0.5 ] },
				"south": { "texture": "#frame", "uv": [ 0.0, 0.0, 1.5, 0.5 ] },
				"west": { "texture": "#frame", "uv": [ 0.0, 0.0, 16.0, 0.5 ] },
				"up": { "texture": "#frame", "uv": [ 0.0, 0.0, 1.5, 16.0 ] },
				"down": { "texture": "#frame", "uv": [ 0.0, 0.0, 1.5, 16.0 ] }
			}
		},
		{
			"name": "FrameC6",
			"from": [ 16.78, 0.0, 5.0 ],
			"to": [ 18.58, 0.5, 21.0 ],
			"rotationOrigin": [ 15.9974, 0.9, 5.0 ],
			"rotationY": -90.0,
			"faces": {
				"north": { "texture": "#frame", "uv": [ 0.0, 0.0, 1.5, 0.5 ] },
				"east": { "texture": "#frame", "uv": [ 0.0, 0.0, 16.0, 0.5 ] },
				"south": { "texture": "#frame", "uv": [ 0.0, 0.0, 1.5, 0.5 ] },
				"west": { "texture": "#frame", "uv": [ 0.0, 0.0, 16.0, 0.5 ] },
				"up": { "texture": "#frame", "uv": [ 0.0, 0.0, 1.5, 16.0 ] },
				"down": { "texture": "#frame", "uv": [ 0.0, 0.0, 1.5, 16.0 ] }
			}
		},
		{
			"name": "Frame2",
			"from": [ 17.52, 0.9, 5.5 ],
			"to": [ 19.52, 1.4, 21.5 ],
			"rotationOrigin": [ 16.0, 0.9, 5.5 ],
			"rotationY": -89.9802,
			"faces": {
				"north": { "texture": "#frame", "uv": [ 0.0, 0.0, 2.0, 0.5 ] },
				"east": { "texture": "#frame", "uv": [ 0.0, 0.0, 16.0, 0.5 ] },
				"south": { "texture": "#frame", "uv": [ 0.0, 0.0, 2.0, 0.5 ] },
				"west": { "texture": "#frame", "uv": [ 0.0, 0.0, 16.0, 0.5 ] },
				"up": { "texture": "#frame", "uv": [ 0.0, 0.0, 2.0, 16.0 ] },
				"down": { "texture": "#frame", "uv": [ 0.0, 0.0, 2.0, 16.0 ] }
			},
			"children": [
				{
					"name": "PuttyB",
					"from": [ 0.167, 14.5, 0.4008 ],
					"to": [ 0.367, 14.7, 15.4008 ],
					"rotationOrigin": [ -1.533, 14.2, -1.0992 ],
					"faces": {
						"north": { "texture": "#putty", "uv": [ 0.0, 0.0, 0.5, 0.5 ] },
						"east": { "texture": "#putty", "uv": [ 0.0, 0.0, 15.0, 0.5 ] },
						"south": { "texture": "#putty", "uv": [ 0.0, 0.0, 0.5, 0.5 ] },
						"west": { "texture": "#putty", "uv": [ 0.0, 0.0, 15.0, 0.5 ] },
						"up": { "texture": "#putty", "uv": [ 0.0, 0.0, 0.5, 15.0 ] },
						"down": { "texture": "#putty", "uv": [ 0.0, 0.0, 0.5, 15.0 ] }
					}
				},
				{
					"name": "PuttyC",
					"from": [ 0.167, 7.5, 15.4008 ],
					"to": [ 0.367, 14.6, 15.6008 ],
					"rotationOrigin": [ -1.533, 19.8, 13.9008 ],
					"faces": {
						"north": { "texture": "#putty", "uv": [ 0.0, 0.0, 0.5, 7.0 ] },
						"east": { "texture": "#putty", "uv": [ 0.0, 0.0, 0.5, 7.0 ] },
						"south": { "texture": "#putty", "uv": [ 0.0, 0.0, 0.5, 7.0 ] },
						"west": { "texture": "#putty", "uv": [ 0.0, 0.0, 0.5, 7.0 ] },
						"up": { "texture": "#putty", "uv": [ 0.0, 0.0, 0.5, 0.5 ] },
						"down": { "texture": "#putty", "uv": [ 0.0, 0.0, 0.5, 0.5 ] }
					}
				},
				{
					"name": "PuttyB2",
					"from": [ 0.167, 7.4, 0.4008 ],
					"to": [ 0.367, 7.6, 15.4008 ],
					"rotationOrigin": [ -1.533, 7.1, -1.0992 ],
					"faces": {
						"north": { "texture": "#putty", "uv": [ 0.0, 0.0, 0.5, 0.5 ] },
						"east": { "texture": "#putty", "uv": [ 0.0, 0.0, 15.0, 0.5 ] },
						"south": { "texture": "#putty", "uv": [ 0.0, 0.0, 0.5, 0.5 ] },
						"west": { "texture": "#putty", "uv": [ 0.0, 0.0, 15.0, 0.5 ] },
						"up": { "texture": "#putty", "uv": [ 0.0, 0.0, 0.5, 15.0 ] },
						"down": { "texture": "#putty", "uv": [ 0.0, 0.0, 0.5, 15.0 ] }
					}
				},
				{
					"name": "PuttyC2",
					"from": [ 0.167, 7.5, 0.4008 ],
					"to": [ 0.367, 14.6, 0.6008 ],
					"rotationOrigin": [ -1.533, 19.8, -1.0992 ],
					"faces": {
						"north": { "texture": "#putty", "uv": [ 0.0, 0.0, 0.5, 7.0 ] },
						"east": { "texture": "#putty", "uv": [ 0.0, 0.0, 0.5, 7.0 ] },
						"south": { "texture": "#putty", "uv": [ 0.0, 0.0, 0.5, 7.0 ] },
						"west": { "texture": "#putty", "uv": [ 0.0, 0.0, 0.5, 7.0 ] },
						"up": { "texture": "#putty", "uv": [ 0.0, 0.0, 0.5, 0.5 ] },
						"down": { "texture": "#putty", "uv": [ 0.0, 0.0, 0.5, 0.5 ] }
					}
				},
				{
					"name": "FrameB2",
					"from": [ 0.0, 0.5, 0.0 ],
					"to": [ 2.0, 14.6, 0.5 ],
					"faces": {
						"north": { "texture": "#frame", "uv": [ 0.0, 0.0, 2.0, 14.0 ] },
						"east": { "texture": "#frame", "uv": [ 0.0, 0.0, 0.5, 14.0 ] },
						"south": { "texture": "#frame", "uv": [ 0.0, 0.0, 2.0, 14.0 ] },
						"west": { "texture": "#frame", "uv": [ 0.0, 0.0, 0.5, 14.0 ] },
						"up": { "texture": "#frame", "uv": [ 0.0, 0.0, 2.0, 0.5 ] },
						"down": { "texture": "#frame", "uv": [ 0.0, 0.0, 2.0, 0.5 ] }
					}
				},
				{
					"name": "FrameD2",
					"from": [ 0.0, 0.5, 15.5 ],
					"to": [ 2.0, 14.6, 16.0 ],
					"rotationOrigin": [ 0.0, 0.0, 16.0 ],
					"faces": {
						"north": { "texture": "#frame", "uv": [ 0.0, 0.0, 2.0, 14.0 ] },
						"east": { "texture": "#frame", "uv": [ 0.0, 0.0, 0.5, 14.0 ] },
						"south": { "texture": "#frame", "uv": [ 0.0, 0.0, 2.0, 14.0 ] },
						"west": { "texture": "#frame", "uv": [ 0.0, 0.0, 0.5, 14.0 ] },
						"up": { "texture": "#frame", "uv": [ 0.0, 0.0, 2.0, 0.5 ] },
						"down": { "texture": "#frame", "uv": [ 0.0, 0.0, 2.0, 0.5 ] }
					}
				},
				{
					"name": "Glass",
					"from": [ 0.3761, 7.5, 0.5976 ],
					"to": [ 0.5761, 14.5, 15.4976 ],
					"renderPass": 3,
					"rotationOrigin": [ -7.5266, 7.0, -0.8993 ],
					"faces": {
						"north": { "texture": "#null", "uv": [ 0.0, 0.0, 0.5, 7.0 ], "enabled": false },
						"east": { "texture": "#glass", "uv": [ 0.6, 0.5, 15.4, 7.5 ], "autoUv": false },
						"south": { "texture": "#null", "uv": [ 0.0, 0.0, 0.5, 7.0 ], "enabled": false },
						"west": { "texture": "#glass", "uv": [ 0.5, 0.5, 15.5, 7.5 ], "rotation": 180, "autoUv": false },
						"up": { "texture": "#null", "uv": [ 0.0, 0.0, 0.5, 14.5 ], "enabled": false },
						"down": { "texture": "#null", "uv": [ 0.0, 0.0, 0.5, 14.5 ], "enabled": false }
					}
				},
				{
					"name": "Frame",
					"from": [ 0.0019, 7.0, 0.4934 ],
					"to": [ 1.0019, 7.5, 15.4934 ],
					"rotationOrigin": [ -1.4981, 7.0, 0.4934 ],
					"rotationY": -0.0198,
					"faces": {
						"north": { "texture": "#frame", "uv": [ 0.0, 0.0, 1.0, 0.5 ] },
						"east": { "texture": "#frame", "uv": [ 0.0, 0.0, 15.0, 0.5 ] },
						"south": { "texture": "#frame", "uv": [ 0.0, 0.0, 1.0, 0.5 ] },
						"west": { "texture": "#frame", "uv": [ 0.0, 0.0, 15.0, 0.5 ] },
						"up": { "texture": "#frame", "uv": [ 0.0, 0.0, 1.0, 15.0 ] },
						"down": { "texture": "#frame", "uv": [ 0.0, 0.0, 1.0, 15.0 ] }
					}
				},
				{
					"name": "FrameC3",
					"from": [ 0.0, 14.6, 0.0 ],
					"to": [ 2.0, 15.1, 16.0 ],
					"rotationOrigin": [ 0.0, 15.1, 0.0 ],
					"faces": {
						"north": { "texture": "#frame", "uv": [ 0.0, 0.0, 2.0, 0.5 ] },
						"east": { "texture": "#frame", "uv": [ 0.0, 0.0, 16.0, 0.5 ] },
						"south": { "texture": "#frame", "uv": [ 0.0, 0.0, 2.0, 0.5 ] },
						"west": { "texture": "#frame", "uv": [ 0.0, 0.0, 16.0, 0.5 ] },
						"up": { "texture": "#frame", "uv": [ 0.0, 0.0, 2.0, 16.0 ] },
						"down": { "texture": "#frame", "uv": [ 0.0, 0.0, 2.0, 16.0 ] }
					}
				},
				{
					"name": "PuttyC3",
					"from": [ 0.57, 7.5, 0.4008 ],
					"to": [ 0.77, 14.6, 0.6008 ],
					"rotationOrigin": [ -1.133, 19.8, -1.0992 ],
					"faces": {
						"north": { "texture": "#putty", "uv": [ 0.0, 0.0, 0.5, 7.0 ] },
						"east": { "texture": "#putty", "uv": [ 0.0, 0.0, 0.5, 7.0 ] },
						"south": { "texture": "#putty", "uv": [ 0.0, 0.0, 0.5, 7.0 ] },
						"west": { "texture": "#putty", "uv": [ 0.0, 0.0, 0.5, 7.0 ] },
						"up": { "texture": "#putty", "uv": [ 0.0, 0.0, 0.5, 0.5 ] },
						"down": { "texture": "#putty", "uv": [ 0.0, 0.0, 0.5, 0.5 ] }
					}
				},
				{
					"name": "PuttyB3",
					"from": [ 0.57, 14.5, 0.4008 ],
					"to": [ 0.77, 14.7, 15.4008 ],
					"rotationOrigin": [ -1.133, 14.2, -1.0992 ],
					"faces": {
						"north": { "texture": "#putty", "uv": [ 0.0, 0.0, 0.5, 0.5 ] },
						"east": { "texture": "#putty", "uv": [ 0.0, 0.0, 15.0, 0.5 ] },
						"south": { "texture": "#putty", "uv": [ 0.0, 0.0, 0.5, 0.5 ] },
						"west": { "texture": "#putty", "uv": [ 0.0, 0.0, 15.0, 0.5 ] },
						"up": { "texture": "#putty", "uv": [ 0.0, 0.0, 0.5, 15.0 ] },
						"down": { "texture": "#putty", "uv": [ 0.0, 0.0, 0.5, 15.0 ] }
					}
				},
				{
					"name": "PuttyC4",
					"from": [ 0.57, 7.5, 15.4008 ],
					"to": [ 0.77, 14.6, 15.6008 ],
					"rotationOrigin": [ -1.133, 19.8, 13.9008 ],
					"faces": {
						"north": { "texture": "#putty", "uv": [ 0.0, 0.0, 0.5, 7.0 ] },
						"east": { "texture": "#putty", "uv": [ 0.0, 0.0, 0.5, 7.0 ] },
						"south": { "texture": "#putty", "uv": [ 0.0, 0.0, 0.5, 7.0 ] },
						"west": { "texture": "#putty", "uv": [ 0.0, 0.0, 0.5, 7.0 ] },
						"up": { "texture": "#putty", "uv": [ 0.0, 0.0, 0.5, 0.5 ] },
						"down": { "texture": "#putty", "uv": [ 0.0, 0.0, 0.5, 0.5 ] }
					}
				},
				{
					"name": "PuttyB4",
					"from": [ 0.57, 7.4, 0.4008 ],
					"to": [ 0.77, 7.6, 15.4008 ],
					"rotationOrigin": [ -1.133, 7.1, -1.0992 ],
					"faces": {
						"north": { "texture": "#putty", "uv": [ 0.0, 0.0, 0.5, 0.5 ] },
						"east": { "texture": "#putty", "uv": [ 0.0, 0.0, 15.0, 0.5 ] },
						"south": { "texture": "#putty", "uv": [ 0.0, 0.0, 0.5, 0.5 ] },
						"west": { "texture": "#putty", "uv": [ 0.0, 0.0, 15.0, 0.5 ] },
						"up": { "texture": "#putty", "uv": [ 0.0, 0.0, 0.5, 15.0 ] },
						"down": { "texture": "#putty", "uv": [ 0.0, 0.0, 0.5, 15.0 ] }
					}
				}
			]
		}
	]}