{
	"editor": {
		"collapsedPaths": "",
		"allAngles": true,
		"entityTextureMode": false
	},
	"textureWidth": 16,
	"textureHeight": 16,
	"textureSizes": {
	},
	"textures": {
	},
	"elements": [
		{
			"name": "Frame2",
			"from": [ 19.52, 4.4, 1.5 ],
			"to": [ 21.52, 4.9, 17.5 ],
			"rotationOrigin": [ 18.0, 4.4, 1.5 ],
			"rotationY": -102.0,
			"rotationZ": -90.0,
			"faces": {
				"north": { "texture": "#frame", "uv": [ 0.0, 0.0, 2.0, 0.5 ] },
				"east": { "texture": "#frame", "uv": [ 0.0, 0.0, 16.0, 0.5 ] },
				"south": { "texture": "#frame", "uv": [ 0.0, 0.0, 2.0, 0.5 ] },
				"west": { "texture": "#frame", "uv": [ 0.0, 0.0, 16.0, 0.5 ] },
				"up": { "texture": "#frame", "uv": [ 0.0, 0.0, 2.0, 16.0 ] },
				"down": { "texture": "#frame", "uv": [ 0.0, 0.0, 2.0, 16.0 ] }
			},
			"children": [
				{
					"name": "Putty",
					"from": [ 0.68, 1.5, 1.4002 ],
					"to": [ 1.28, 1.7, 14.4002 ],
					"rotationOrigin": [ -1.02, 1.0, -0.0998 ],
					"faces": {
						"north": { "texture": "#null", "uv": [ 0.0, 0.0, 0.5, 0.5 ], "enabled": false },
						"east": { "texture": "#putty", "uv": [ 0.0, 0.0, 13.0, 0.5 ] },
						"south": { "texture": "#null", "uv": [ 0.0, 0.0, 0.5, 0.5 ], "enabled": false },
						"west": { "texture": "#putty", "uv": [ 0.0, 0.0, 13.0, 0.5 ] },
						"up": { "texture": "#putty", "uv": [ 0.0, 0.0, 0.5, 13.0 ] },
						"down": { "texture": "#null", "uv": [ 0.0, 0.0, 0.5, 13.0 ], "enabled": false }
					},
					"children": [
						{
							"name": "Glass",
							"from": [ 0.2, 0.0, 0.0 ],
							"to": [ 0.4, 12.0, 13.0 ],
							"renderPass": 3,
							"rotationOrigin": [ -7.7, -0.5, -1.5 ],
							"faces": {
								"north": { "texture": "#null", "uv": [ 0.0, 0.0, 0.5, 12.0 ], "enabled": false },
								"east": { "texture": "#glass", "uv": [ 0.0, 0.0, 13.0, 12.0 ] },
								"south": { "texture": "#null", "uv": [ 0.0, 0.0, 0.5, 12.0 ], "enabled": false },
								"west": { "texture": "#glass", "uv": [ 0.0, 0.0, 13.0, 12.0 ] },
								"up": { "texture": "#null", "uv": [ 0.0, 0.0, 0.5, 13.0 ], "enabled": false },
								"down": { "texture": "#null", "uv": [ 0.0, 0.0, 0.5, 13.0 ], "enabled": false }
							},
							"children": [
								{
									"name": "Frame",
									"from": [ -0.3991, -1.0, -0.9 ],
									"to": [ 0.6009, 0.0, 14.1 ],
									"rotationOrigin": [ -1.8991, -1.0, -0.9007 ],
									"rotationY": -0.0198,
									"faces": {
										"north": { "texture": "#frame", "uv": [ 0.0, 0.0, 1.0, 1.0 ] },
										"east": { "texture": "#frame", "uv": [ 0.0, 0.0, 15.0, 1.0 ] },
										"south": { "texture": "#frame", "uv": [ 0.0, 0.0, 1.0, 1.0 ] },
										"west": { "texture": "#frame", "uv": [ 0.0, 0.0, 15.0, 1.0 ] },
										"up": { "texture": "#frame", "uv": [ 0.0, 0.0, 1.0, 15.0 ] },
										"down": { "texture": "#frame", "uv": [ 0.0, 0.0, 1.0, 15.0 ] }
									}
								}
							]
						},
						{
							"name": "FrameD",
							"from": [ -0.2, 0.0, 13.2 ],
							"to": [ 0.8, 12.1, 14.1 ],
							"rotationOrigin": [ -0.2, -0.5, 13.7 ],
							"faces": {
								"north": { "texture": "#frame", "uv": [ 0.0, 0.0, 1.0, 12.0 ] },
								"east": { "texture": "#frame", "uv": [ 0.0, 0.0, 0.5, 12.0 ] },
								"south": { "texture": "#frame", "uv": [ 0.0, 0.0, 1.0, 12.0 ] },
								"west": { "texture": "#frame", "uv": [ 0.0, 0.0, 0.5, 12.0 ] },
								"up": { "texture": "#frame", "uv": [ 0.0, 0.0, 1.0, 0.5 ] },
								"down": { "texture": "#frame", "uv": [ 0.0, 0.0, 1.0, 0.5 ] }
							}
						},
						{
							"name": "FrameC",
							"from": [ -0.2, 12.1, -0.9 ],
							"to": [ 0.8, 13.1, 14.1 ],
							"rotationOrigin": [ -0.2, 12.6, -0.9 ],
							"faces": {
								"north": { "texture": "#frame", "uv": [ 0.0, 0.0, 1.0, 1.0 ] },
								"east": { "texture": "#frame", "uv": [ 0.0, 0.0, 15.0, 1.0 ] },
								"south": { "texture": "#frame", "uv": [ 0.0, 0.0, 1.0, 1.0 ] },
								"west": { "texture": "#frame", "uv": [ 0.0, 0.0, 15.0, 1.0 ] },
								"up": { "texture": "#frame", "uv": [ 0.0, 0.0, 1.0, 15.0 ] },
								"down": { "texture": "#frame", "uv": [ 0.0, 0.0, 1.0, 15.0 ] }
							}
						},
						{
							"name": "FrameB",
							"from": [ -0.2, 0.0, -0.9 ],
							"to": [ 0.8, 12.1, 0.0 ],
							"rotationOrigin": [ -0.2, -0.5, -0.9 ],
							"faces": {
								"north": { "texture": "#frame", "uv": [ 0.0, 0.0, 1.0, 12.0 ] },
								"east": { "texture": "#frame", "uv": [ 0.0, 0.0, 0.5, 12.0 ] },
								"south": { "texture": "#frame", "uv": [ 0.0, 0.0, 1.0, 12.0 ] },
								"west": { "texture": "#frame", "uv": [ 0.0, 0.0, 0.5, 12.0 ] },
								"up": { "texture": "#frame", "uv": [ 0.0, 0.0, 1.0, 0.5 ] },
								"down": { "texture": "#frame", "uv": [ 0.0, 0.0, 1.0, 0.5 ] }
							}
						},
						{
							"name": "PuttyB",
							"from": [ 0.0, 11.9, 0.2 ],
							"to": [ 0.6, 12.1, 13.0 ],
							"rotationOrigin": [ -1.7, 11.6, -1.3 ],
							"faces": {
								"north": { "texture": "#null", "uv": [ 0.0, 0.0, 0.5, 0.5 ], "enabled": false },
								"east": { "texture": "#putty", "uv": [ 0.0, 0.0, 12.5, 0.5 ] },
								"south": { "texture": "#null", "uv": [ 0.0, 0.0, 0.5, 0.5 ], "enabled": false },
								"west": { "texture": "#putty", "uv": [ 0.0, 0.0, 12.5, 0.5 ] },
								"up": { "texture": "#null", "uv": [ 0.0, 0.0, 0.5, 12.5 ], "enabled": false },
								"down": { "texture": "#putty", "uv": [ 0.0, 0.0, 0.5, 12.5 ] }
							}
						},
						{
							"name": "PuttyC",
							"from": [ 0.0, 0.2, 0.0 ],
							"to": [ 0.6, 12.1, 0.2 ],
							"rotationOrigin": [ -1.7, 12.5, -1.5 ],
							"faces": {
								"north": { "texture": "#null", "uv": [ 0.0, 0.0, 0.5, 11.5 ], "enabled": false },
								"east": { "texture": "#putty", "uv": [ 0.0, 0.0, 0.5, 11.5 ] },
								"south": { "texture": "#putty", "uv": [ 0.0, 0.0, 0.5, 11.5 ] },
								"west": { "texture": "#putty", "uv": [ 0.0, 0.0, 0.5, 11.5 ] },
								"up": { "texture": "#null", "uv": [ 0.0, 0.0, 0.5, 0.5 ], "enabled": false },
								"down": { "texture": "#null", "uv": [ 0.0, 0.0, 0.5, 0.5 ], "enabled": false }
							}
						},
						{
							"name": "PuttyD",
							"from": [ 0.0, 0.0, 13.0 ],
							"to": [ 0.6, 12.2, 13.2 ],
							"rotationOrigin": [ -1.7, 12.3, -1.3 ],
							"faces": {
								"north": { "texture": "#putty", "uv": [ 0.0, 0.0, 0.5, 12.0 ] },
								"east": { "texture": "#putty", "uv": [ 0.0, 0.0, 0.5, 12.0 ] },
								"south": { "texture": "#null", "uv": [ 0.0, 0.0, 0.5, 12.0 ], "enabled": false },
								"west": { "texture": "#putty", "uv": [ 0.0, 0.0, 0.5, 12.0 ] },
								"up": { "texture": "#null", "uv": [ 0.0, 0.0, 0.5, 0.5 ], "enabled": false },
								"down": { "texture": "#null", "uv": [ 0.0, 0.0, 0.5, 0.5 ], "enabled": false }
							}
						},
						{
							"name": "FrameC5",
							"from": [ 0.8, 12.2, 5.1 ],
							"to": [ 1.3, 12.9, 8.1 ],
							"rotationOrigin": [ 0.8, 12.7, 5.1 ],
							"faces": {
								"north": { "texture": "#frame", "uv": [ 0.0, 0.0, 0.5, 0.5 ] },
								"east": { "texture": "#frame", "uv": [ 0.0, 0.0, 3.0, 0.5 ] },
								"south": { "texture": "#frame", "uv": [ 0.0, 0.0, 0.5, 0.5 ] },
								"west": { "texture": "#frame", "uv": [ 0.0, 0.0, 3.0, 0.5 ] },
								"up": { "texture": "#frame", "uv": [ 0.0, 0.0, 0.5, 3.0 ] },
								"down": { "texture": "#frame", "uv": [ 0.0, 0.0, 0.5, 3.0 ] }
							}
						}
					]
				},
				{
					"name": "FrameB2",
					"from": [ 0.0, 0.5, 0.0 ],
					"to": [ 2.0, 14.6, 0.5 ],
					"faces": {
						"north": { "texture": "#frame", "uv": [ 0.0, 0.0, 2.0, 14.0 ] },
						"east": { "texture": "#frame", "uv": [ 0.0, 0.0, 0.5, 14.0 ] },
						"south": { "texture": "#frame", "uv": [ 0.0, 0.0, 2.0, 14.0 ] },
						"west": { "texture": "#frame", "uv": [ 0.0, 0.0, 0.5, 14.0 ] },
						"up": { "texture": "#frame", "uv": [ 0.0, 0.0, 2.0, 0.5 ] },
						"down": { "texture": "#frame", "uv": [ 0.0, 0.0, 2.0, 0.5 ] }
					}
				},
				{
					"name": "FrameD2",
					"from": [ 0.0, 0.5, 15.5 ],
					"to": [ 2.0, 14.6, 16.0 ],
					"rotationOrigin": [ 0.0, 0.0, 16.0 ],
					"faces": {
						"north": { "texture": "#frame", "uv": [ 0.0, 0.0, 2.0, 14.0 ] },
						"east": { "texture": "#frame", "uv": [ 0.0, 0.0, 0.5, 14.0 ] },
						"south": { "texture": "#frame", "uv": [ 0.0, 0.0, 2.0, 14.0 ] },
						"west": { "texture": "#frame", "uv": [ 0.0, 0.0, 0.5, 14.0 ] },
						"up": { "texture": "#frame", "uv": [ 0.0, 0.0, 2.0, 0.5 ] },
						"down": { "texture": "#frame", "uv": [ 0.0, 0.0, 2.0, 0.5 ] }
					}
				},
				{
					"name": "FrameC3",
					"from": [ 0.0, 14.6, 0.0 ],
					"to": [ 2.0, 15.1, 16.0 ],
					"rotationOrigin": [ 0.0, 15.1, 0.0 ],
					"faces": {
						"north": { "texture": "#frame", "uv": [ 0.0, 0.0, 2.0, 0.5 ] },
						"east": { "texture": "#frame", "uv": [ 0.0, 0.0, 16.0, 0.5 ] },
						"south": { "texture": "#frame", "uv": [ 0.0, 0.0, 2.0, 0.5 ] },
						"west": { "texture": "#frame", "uv": [ 0.0, 0.0, 16.0, 0.5 ] },
						"up": { "texture": "#frame", "uv": [ 0.0, 0.0, 2.0, 16.0 ] },
						"down": { "texture": "#frame", "uv": [ 0.0, 0.0, 2.0, 16.0 ] }
					}
				}
			]
		},
		{
			"name": "FrameC6",
			"from": [ 16.78, 0.0, -0.9 ],
			"to": [ 24.38, 0.5, 15.1 ],
			"rotationOrigin": [ 15.9974, 0.9, -0.9 ],
			"rotationY": -90.0,
			"faces": {
				"north": { "texture": "#frame", "uv": [ 0.0, 0.0, 7.5, 0.5 ] },
				"east": { "texture": "#frame", "uv": [ 0.0, 0.0, 16.0, 0.5 ] },
				"south": { "texture": "#frame", "uv": [ 0.0, 0.0, 7.5, 0.5 ] },
				"west": { "texture": "#frame", "uv": [ 0.0, 0.0, 16.0, 0.5 ] },
				"up": { "texture": "#frame", "uv": [ 0.0, 0.0, 7.5, 16.0 ] },
				"down": { "texture": "#frame", "uv": [ 0.0, 0.0, 7.5, 16.0 ] }
			},
			"children": [
				{
					"name": "FrameC2",
					"from": [ 7.61, 0.0, 0.0 ],
					"to": [ 16.51, 0.9, 16.0 ],
					"rotationOrigin": [ 7.6145, 0.4984, -3.0E-4 ],
					"faces": {
						"north": { "texture": "#frame", "uv": [ 0.0, 0.0, 8.5, 0.5 ] },
						"east": { "texture": "#frame", "uv": [ 0.0, 0.0, 16.0, 0.5 ] },
						"south": { "texture": "#frame", "uv": [ 0.0, 0.0, 8.5, 0.5 ] },
						"west": { "texture": "#frame", "uv": [ 0.0, 0.0, 16.0, 0.5 ] },
						"up": { "texture": "#frame", "uv": [ 0.0, 0.0, 8.5, 16.0 ] },
						"down": { "texture": "#frame", "uv": [ 0.0, 0.0, 8.5, 16.0 ] }
					}
				},
				{
					"name": "FrameC4",
					"from": [ -0.2855, 0.1984, 0.0026 ],
					"to": [ 7.6145, 0.8984, 16.0026 ],
					"rotationOrigin": [ -0.2855, 0.6984, 0.0026 ],
					"faces": {
						"north": { "texture": "#frame", "uv": [ 0.0, 0.0, 7.5, 0.5 ] },
						"east": { "texture": "#frame", "uv": [ 0.0, 0.0, 16.0, 0.5 ] },
						"south": { "texture": "#frame", "uv": [ 0.0, 0.0, 7.5, 0.5 ] },
						"west": { "texture": "#frame", "uv": [ 0.0, 0.0, 16.0, 0.5 ] },
						"up": { "texture": "#frame", "uv": [ 0.0, 0.0, 7.5, 16.0 ] },
						"down": { "texture": "#frame", "uv": [ 0.0, 0.0, 7.5, 16.0 ] }
					}
				}
			]
		}
	],
	"animations": [
		{
			"name": "open",
			"code": "open",
			"quantityframes": 30,
			"onActivityStopped": "EaseOut",
			"onAnimationEnd": "Hold",
			"keyframes": [
				{
					"frame": 0,
					"elements": {
						"Putty": { "rotationX": 0.0, "rotationY": 0.0, "rotationZ": 0.0 }
					}
				},
				{
					"frame": 29,
					"elements": {
						"Putty": { "rotationX": 0.0, "rotationY": 0.0, "rotationZ": -20.0 }
					}
				}
			]
		},

		{
			"name": "close",
			"code": "close",
			"quantityframes": 30,
			"onActivityStopped": "EaseOut",
			"onAnimationEnd": "Hold",
			"keyframes": [
				{
					"frame": 0,
					"elements": {
						"Putty": { "rotationX": 0.0, "rotationY": 0.0, "rotationZ": -20.0 }
					}
				},
				{
					"frame": 29,
					"elements": {
						"Putty": { "rotationX": 0.0, "rotationY": 0.0, "rotationZ": -2.0 }
					}
				}
			]
		}
	]
}