{
	"editor": {
		"collapsedPaths": "",
		"allAngles": true,
		"entityTextureMode": false
	},
	"textureWidth": 16,
	"textureHeight": 16,
	"textureSizes": {
	},
	"textures": {
	},
	"elements": [
		{
			"name": "Frame2",
			"from": [ 17.52, 0.9, 5.5 ],
			"to": [ 19.52, 1.4, 21.5 ],
			"rotationOrigin": [ 16.0, 0.9, 5.5 ],
			"rotationY": -89.9802,
			"faces": {
				"north": { "texture": "#frame", "uv": [ 0.0, 0.0, 2.0, 0.5 ] },
				"east": { "texture": "#frame", "uv": [ 0.0, 0.0, 16.0, 0.5 ] },
				"south": { "texture": "#frame", "uv": [ 0.0, 0.0, 2.0, 0.5 ] },
				"west": { "texture": "#frame", "uv": [ 0.0, 0.0, 16.0, 0.5 ] },
				"up": { "texture": "#frame", "uv": [ 0.0, 0.0, 2.0, 16.0 ] },
				"down": { "texture": "#frame", "uv": [ 0.0, 0.0, 2.0, 16.0 ] }
			},
			"children": [
				{
					"name": "Frame",
					"from": [ 0.5053, 7.0, 0.4915 ],
					"to": [ 1.5053, 7.5, 15.4915 ],
					"rotationOrigin": [ -0.9981, 7.0, 0.4936 ],
					"faces": {
						"north": { "texture": "#frame", "uv": [ 0.0, 0.0, 1.0, 0.5 ] },
						"east": { "texture": "#frame", "uv": [ 0.0, 0.0, 15.0, 0.5 ] },
						"south": { "texture": "#frame", "uv": [ 0.0, 0.0, 1.0, 0.5 ] },
						"west": { "texture": "#frame", "uv": [ 0.0, 0.0, 15.0, 0.5 ] },
						"up": { "texture": "#frame", "uv": [ 0.0, 0.0, 1.0, 15.0 ] },
						"down": { "texture": "#frame", "uv": [ 0.0, 0.0, 1.0, 15.0 ] }
					},
					"children": [
						{
							"name": "PuttyB2",
							"from": [ 0.1653, -6.6, -0.0931 ],
							"to": [ 0.3653, -6.4, 14.9069 ],
							"rotationOrigin": [ -1.5347, -6.9, -1.5931 ],
							"faces": {
								"north": { "texture": "#putty", "uv": [ 0.0, 0.0, 0.5, 0.5 ] },
								"east": { "texture": "#putty", "uv": [ 0.0, 0.0, 15.0, 0.5 ] },
								"south": { "texture": "#putty", "uv": [ 0.0, 0.0, 0.5, 0.5 ] },
								"west": { "texture": "#putty", "uv": [ 0.0, 0.0, 15.0, 0.5 ] },
								"up": { "texture": "#putty", "uv": [ 0.0, 0.0, 0.5, 15.0 ] },
								"down": { "texture": "#putty", "uv": [ 0.0, 0.0, 0.5, 15.0 ] }
							}
						},
						{
							"name": "PuttyC",
							"from": [ 0.1653, -6.5, 14.9069 ],
							"to": [ 0.3653, 0.4, 15.1069 ],
							"rotationOrigin": [ -1.5347, 5.8, 13.4069 ],
							"faces": {
								"north": { "texture": "#putty", "uv": [ 0.0, 0.0, 0.5, 6.5 ] },
								"east": { "texture": "#putty", "uv": [ 0.0, 0.0, 0.5, 6.5 ] },
								"south": { "texture": "#putty", "uv": [ 0.0, 0.0, 0.5, 6.5 ] },
								"west": { "texture": "#putty", "uv": [ 0.0, 0.0, 0.5, 6.5 ] },
								"up": { "texture": "#putty", "uv": [ 0.0, 0.0, 0.5, 0.5 ] },
								"down": { "texture": "#putty", "uv": [ 0.0, 0.0, 0.5, 0.5 ] }
							}
						},
						{
							"name": "Glass",
							"from": [ 0.3744, -6.5, 0.1037 ],
							"to": [ 0.5744, 0.0, 15.0037 ],
							"renderPass": 3,
							"rotationOrigin": [ -7.5283, -7.0, -1.3932 ],
							"faces": {
								"north": { "texture": "#null", "uv": [ 0.0, 0.0, 0.5, 6.5 ], "enabled": false },
								"east": { "texture": "#glass", "uv": [ 0.6, 0.5, 15.4, 7.5 ], "autoUv": false },
								"south": { "texture": "#null", "uv": [ 0.0, 0.0, 0.5, 6.5 ], "enabled": false },
								"west": { "texture": "#glass", "uv": [ 0.5, 0.5, 15.5, 7.5 ], "rotation": 180, "autoUv": false },
								"up": { "texture": "#null", "uv": [ 0.0, 0.0, 0.5, 14.5 ], "enabled": false },
								"down": { "texture": "#null", "uv": [ 0.0, 0.0, 0.5, 14.5 ], "enabled": false }
							}
						},
						{
							"name": "PuttyB",
							"from": [ 0.17, -0.1, -0.0931 ],
							"to": [ 0.37, 0.1, 14.9069 ],
							"rotationOrigin": [ -1.5347, -0.4, -1.5931 ],
							"faces": {
								"north": { "texture": "#putty", "uv": [ 0.0, 0.0, 0.5, 0.5 ] },
								"east": { "texture": "#putty", "uv": [ 0.0, 0.0, 15.0, 0.5 ] },
								"south": { "texture": "#putty", "uv": [ 0.0, 0.0, 0.5, 0.5 ] },
								"west": { "texture": "#putty", "uv": [ 0.0, 0.0, 15.0, 0.5 ] },
								"up": { "texture": "#putty", "uv": [ 0.0, 0.0, 0.5, 15.0 ] },
								"down": { "texture": "#putty", "uv": [ 0.0, 0.0, 0.5, 15.0 ] }
							}
						},
						{
							"name": "PuttyC2",
							"from": [ 0.1653, -6.5, -0.0931 ],
							"to": [ 0.3653, 0.3, 0.1069 ],
							"rotationOrigin": [ -1.5347, 5.8, -1.5931 ],
							"faces": {
								"north": { "texture": "#putty", "uv": [ 0.0, 0.0, 0.5, 6.5 ] },
								"east": { "texture": "#putty", "uv": [ 0.0, 0.0, 0.5, 6.5 ] },
								"south": { "texture": "#putty", "uv": [ 0.0, 0.0, 0.5, 6.5 ] },
								"west": { "texture": "#putty", "uv": [ 0.0, 0.0, 0.5, 6.5 ] },
								"up": { "texture": "#putty", "uv": [ 0.0, 0.0, 0.5, 0.5 ] },
								"down": { "texture": "#putty", "uv": [ 0.0, 0.0, 0.5, 0.5 ] }
							}
						},
						{
							"name": "PuttyC3",
							"from": [ 0.57, -6.5, -0.0931 ],
							"to": [ 0.77, 0.3, 0.1069 ],
							"rotationOrigin": [ -1.1347, 5.8, -1.5931 ],
							"faces": {
								"north": { "texture": "#putty", "uv": [ 0.0, 0.0, 0.5, 6.5 ] },
								"east": { "texture": "#putty", "uv": [ 0.0, 0.0, 0.5, 6.5 ] },
								"south": { "texture": "#putty", "uv": [ 0.0, 0.0, 0.5, 6.5 ] },
								"west": { "texture": "#putty", "uv": [ 0.0, 0.0, 0.5, 6.5 ] },
								"up": { "texture": "#putty", "uv": [ 0.0, 0.0, 0.5, 0.5 ] },
								"down": { "texture": "#putty", "uv": [ 0.0, 0.0, 0.5, 0.5 ] }
							}
						},
						{
							"name": "PuttyB3",
							"from": [ 0.57, -0.1, -0.0931 ],
							"to": [ 0.77, 0.1, 14.9069 ],
							"rotationOrigin": [ -1.1347, -0.4, -1.5931 ],
							"faces": {
								"north": { "texture": "#putty", "uv": [ 0.0, 0.0, 0.5, 0.5 ] },
								"east": { "texture": "#putty", "uv": [ 0.0, 0.0, 15.0, 0.5 ] },
								"south": { "texture": "#putty", "uv": [ 0.0, 0.0, 0.5, 0.5 ] },
								"west": { "texture": "#putty", "uv": [ 0.0, 0.0, 15.0, 0.5 ] },
								"up": { "texture": "#putty", "uv": [ 0.0, 0.0, 0.5, 15.0 ] },
								"down": { "texture": "#putty", "uv": [ 0.0, 0.0, 0.5, 15.0 ] }
							}
						},
						{
							"name": "PuttyB4",
							"from": [ 0.57, -6.6, -0.0931 ],
							"to": [ 0.77, -6.4, 14.9069 ],
							"rotationOrigin": [ -1.1347, -6.9, -1.5931 ],
							"faces": {
								"north": { "texture": "#putty", "uv": [ 0.0, 0.0, 0.5, 0.5 ] },
								"east": { "texture": "#putty", "uv": [ 0.0, 0.0, 15.0, 0.5 ] },
								"south": { "texture": "#putty", "uv": [ 0.0, 0.0, 0.5, 0.5 ] },
								"west": { "texture": "#putty", "uv": [ 0.0, 0.0, 15.0, 0.5 ] },
								"up": { "texture": "#putty", "uv": [ 0.0, 0.0, 0.5, 15.0 ] },
								"down": { "texture": "#putty", "uv": [ 0.0, 0.0, 0.5, 15.0 ] }
							}
						},
						{
							"name": "PuttyC4",
							"from": [ 0.57, -6.5, 14.9069 ],
							"to": [ 0.77, 0.4, 15.1069 ],
							"rotationOrigin": [ -1.1347, 5.8, 13.4069 ],
							"faces": {
								"north": { "texture": "#putty", "uv": [ 0.0, 0.0, 0.5, 6.5 ] },
								"east": { "texture": "#putty", "uv": [ 0.0, 0.0, 0.5, 6.5 ] },
								"south": { "texture": "#putty", "uv": [ 0.0, 0.0, 0.5, 6.5 ] },
								"west": { "texture": "#putty", "uv": [ 0.0, 0.0, 0.5, 6.5 ] },
								"up": { "texture": "#putty", "uv": [ 0.0, 0.0, 0.5, 0.5 ] },
								"down": { "texture": "#putty", "uv": [ 0.0, 0.0, 0.5, 0.5 ] }
							}
						}
					]
				},
				{
					"name": "FrameC3",
					"from": [ 0.0, 14.6, 0.0 ],
					"to": [ 2.0, 15.1, 16.0 ],
					"rotationOrigin": [ 0.0, 15.1, 0.0 ],
					"faces": {
						"north": { "texture": "#frame", "uv": [ 0.0, 0.0, 2.0, 0.5 ] },
						"east": { "texture": "#frame", "uv": [ 0.0, 0.0, 16.0, 0.5 ] },
						"south": { "texture": "#frame", "uv": [ 0.0, 0.0, 2.0, 0.5 ] },
						"west": { "texture": "#frame", "uv": [ 0.0, 0.0, 16.0, 0.5 ] },
						"up": { "texture": "#frame", "uv": [ 0.0, 0.0, 2.0, 16.0 ] },
						"down": { "texture": "#frame", "uv": [ 0.0, 0.0, 2.0, 16.0 ] }
					}
				},
				{
					"name": "FrameB2",
					"from": [ 0.0, 0.5, 0.0 ],
					"to": [ 2.0, 14.6, 0.5 ],
					"faces": {
						"north": { "texture": "#frame", "uv": [ 0.0, 0.0, 2.0, 14.0 ] },
						"east": { "texture": "#frame", "uv": [ 0.0, 0.0, 0.5, 14.0 ] },
						"south": { "texture": "#frame", "uv": [ 0.0, 0.0, 2.0, 14.0 ] },
						"west": { "texture": "#frame", "uv": [ 0.0, 0.0, 0.5, 14.0 ] },
						"up": { "texture": "#frame", "uv": [ 0.0, 0.0, 2.0, 0.5 ] },
						"down": { "texture": "#frame", "uv": [ 0.0, 0.0, 2.0, 0.5 ] }
					}
				},
				{
					"name": "FrameD2",
					"from": [ 0.0, 0.5, 15.5 ],
					"to": [ 2.0, 14.6, 16.0 ],
					"rotationOrigin": [ 0.0, 0.0, 16.0 ],
					"faces": {
						"north": { "texture": "#frame", "uv": [ 0.0, 0.0, 2.0, 14.0 ] },
						"east": { "texture": "#frame", "uv": [ 0.0, 0.0, 0.5, 14.0 ] },
						"south": { "texture": "#frame", "uv": [ 0.0, 0.0, 2.0, 14.0 ] },
						"west": { "texture": "#frame", "uv": [ 0.0, 0.0, 0.5, 14.0 ] },
						"up": { "texture": "#frame", "uv": [ 0.0, 0.0, 2.0, 0.5 ] },
						"down": { "texture": "#frame", "uv": [ 0.0, 0.0, 2.0, 0.5 ] }
					}
				}
			]
		},
		{
			"name": "FrameC2",
			"from": [ 15.9932, 0.0, 7.5 ],
			"to": [ 24.8932, 0.9, 23.5 ],
			"rotationOrigin": [ 15.9977, 0.4984, 7.4971 ],
			"rotationY": -89.9802,
			"faces": {
				"north": { "texture": "#frame", "uv": [ 0.0, 0.0, 8.5, 0.5 ] },
				"east": { "texture": "#frame", "uv": [ 0.0, 0.0, 16.0, 0.5 ] },
				"south": { "texture": "#frame", "uv": [ 0.0, 0.0, 8.5, 0.5 ] },
				"west": { "texture": "#frame", "uv": [ 0.0, 0.0, 16.0, 0.5 ] },
				"up": { "texture": "#frame", "uv": [ 0.0, 0.0, 8.5, 16.0 ] },
				"down": { "texture": "#frame", "uv": [ 0.0, 0.0, 8.5, 16.0 ] }
			}
		},
		{
			"name": "FrameC4",
			"from": [ -0.01, 0.3, 7.5 ],
			"to": [ 1.79, 1.0, 23.5 ],
			"rotationOrigin": [ -0.0052, 0.7984, 7.4971 ],
			"rotationY": 90.0,
			"rotationZ": -11.0,
			"faces": {
				"north": { "texture": "#frame", "uv": [ 0.0, 0.0, 1.5, 0.5 ] },
				"east": { "texture": "#frame", "uv": [ 0.0, 0.0, 16.0, 0.5 ] },
				"south": { "texture": "#frame", "uv": [ 0.0, 0.0, 1.5, 0.5 ] },
				"west": { "texture": "#frame", "uv": [ 0.0, 0.0, 16.0, 0.5 ] },
				"up": { "texture": "#frame", "uv": [ 0.0, 0.0, 1.5, 16.0 ] },
				"down": { "texture": "#frame", "uv": [ 0.0, 0.0, 1.5, 16.0 ] }
			}
		},
		{
			"name": "FrameC6",
			"from": [ 16.78, 0.0, 5.0 ],
			"to": [ 18.58, 0.5, 21.0 ],
			"rotationOrigin": [ 15.9974, 0.9, 5.0 ],
			"rotationY": -90.0,
			"faces": {
				"north": { "texture": "#frame", "uv": [ 0.0, 0.0, 1.5, 0.5 ] },
				"east": { "texture": "#frame", "uv": [ 0.0, 0.0, 16.0, 0.5 ] },
				"south": { "texture": "#frame", "uv": [ 0.0, 0.0, 1.5, 0.5 ] },
				"west": { "texture": "#frame", "uv": [ 0.0, 0.0, 16.0, 0.5 ] },
				"up": { "texture": "#frame", "uv": [ 0.0, 0.0, 1.5, 16.0 ] },
				"down": { "texture": "#frame", "uv": [ 0.0, 0.0, 1.5, 16.0 ] }
			}
		}
	]}