{
	"editor": {
		"collapsedPaths": "",
		"allAngles": true,
		"entityTextureMode": false
	},
	"textureWidth": 16,
	"textureHeight": 16,
	"textureSizes": {
	},
	"textures": {
	},
	"elements": [
		{
			"name": "FrameC2",
			"from": [ 15.9932, 0.0, 7.5 ],
			"to": [ 24.8932, 0.9, 23.5 ],
			"rotationOrigin": [ 15.9977, 0.4984, 7.4971 ],
			"rotationY": -89.9802,
			"faces": {
				"north": { "texture": "#frame", "uv": [ 0.0, 0.0, 8.5, 0.5 ] },
				"east": { "texture": "#frame", "uv": [ 0.0, 0.0, 16.0, 0.5 ] },
				"south": { "texture": "#frame", "uv": [ 0.0, 0.0, 8.5, 0.5 ] },
				"west": { "texture": "#frame", "uv": [ 0.0, 0.0, 16.0, 0.5 ] },
				"up": { "texture": "#frame", "uv": [ 0.0, 0.0, 8.5, 16.0 ] },
				"down": { "texture": "#frame", "uv": [ 0.0, 0.0, 8.5, 16.0 ] }
			}
		},
		{
			"name": "FrameC4",
			"from": [ -0.01, 0.3, 7.5 ],
			"to": [ 1.79, 1.0, 23.5 ],
			"rotationOrigin": [ -0.0052, 0.7984, 7.4971 ],
			"rotationY": 90.0,
			"rotationZ": -11.0,
			"faces": {
				"north": { "texture": "#frame", "uv": [ 0.0, 0.0, 1.5, 0.5 ] },
				"east": { "texture": "#frame", "uv": [ 0.0, 0.0, 16.0, 0.5 ] },
				"south": { "texture": "#frame", "uv": [ 0.0, 0.0, 1.5, 0.5 ] },
				"west": { "texture": "#frame", "uv": [ 0.0, 0.0, 16.0, 0.5 ] },
				"up": { "texture": "#frame", "uv": [ 0.0, 0.0, 1.5, 16.0 ] },
				"down": { "texture": "#frame", "uv": [ 0.0, 0.0, 1.5, 16.0 ] }
			}
		},
		{
			"name": "FrameC6",
			"from": [ 16.78, 0.0, 5.0 ],
			"to": [ 18.58, 0.5, 21.0 ],
			"rotationOrigin": [ 15.9974, 0.9, 5.0 ],
			"rotationY": -90.0,
			"faces": {
				"north": { "texture": "#frame", "uv": [ 0.0, 0.0, 1.5, 0.5 ] },
				"east": { "texture": "#frame", "uv": [ 0.0, 0.0, 16.0, 0.5 ] },
				"south": { "texture": "#frame", "uv": [ 0.0, 0.0, 1.5, 0.5 ] },
				"west": { "texture": "#frame", "uv": [ 0.0, 0.0, 16.0, 0.5 ] },
				"up": { "texture": "#frame", "uv": [ 0.0, 0.0, 1.5, 16.0 ] },
				"down": { "texture": "#frame", "uv": [ 0.0, 0.0, 1.5, 16.0 ] }
			}
		},
		{
			"name": "Frame2",
			"from": [ 17.52, 0.9, 5.5 ],
			"to": [ 19.52, 1.4, 21.5 ],
			"rotationOrigin": [ 16.0, 0.9, 5.5 ],
			"rotationY": -89.9802,
			"faces": {
				"north": { "texture": "#frame", "uv": [ 0.0, 0.0, 2.0, 0.5 ] },
				"east": { "texture": "#frame", "uv": [ 0.0, 0.0, 16.0, 0.5 ] },
				"south": { "texture": "#frame", "uv": [ 0.0, 0.0, 2.0, 0.5 ] },
				"west": { "texture": "#frame", "uv": [ 0.0, 0.0, 16.0, 0.5 ] },
				"up": { "texture": "#frame", "uv": [ 0.0, 0.0, 2.0, 16.0 ] },
				"down": { "texture": "#frame", "uv": [ 0.0, 0.0, 2.0, 16.0 ] }
			},
			"children": [
				{
					"name": "FrameB2",
					"from": [ 0.0, 0.5, 0.0 ],
					"to": [ 2.0, 14.6, 0.5 ],
					"faces": {
						"north": { "texture": "#frame", "uv": [ 0.0, 0.0, 2.0, 14.0 ] },
						"east": { "texture": "#frame", "uv": [ 0.0, 0.0, 0.5, 14.0 ] },
						"south": { "texture": "#frame", "uv": [ 0.0, 0.0, 2.0, 14.0 ] },
						"west": { "texture": "#frame", "uv": [ 0.0, 0.0, 0.5, 14.0 ] },
						"up": { "texture": "#frame", "uv": [ 0.0, 0.0, 2.0, 0.5 ] },
						"down": { "texture": "#frame", "uv": [ 0.0, 0.0, 2.0, 0.5 ] }
					}
				},
				{
					"name": "FrameD2",
					"from": [ 0.0, 0.5, 15.5 ],
					"to": [ 2.0, 14.6, 16.0 ],
					"rotationOrigin": [ 0.0, 0.0, 16.0 ],
					"faces": {
						"north": { "texture": "#frame", "uv": [ 0.0, 0.0, 2.0, 14.0 ] },
						"east": { "texture": "#frame", "uv": [ 0.0, 0.0, 0.5, 14.0 ] },
						"south": { "texture": "#frame", "uv": [ 0.0, 0.0, 2.0, 14.0 ] },
						"west": { "texture": "#frame", "uv": [ 0.0, 0.0, 0.5, 14.0 ] },
						"up": { "texture": "#frame", "uv": [ 0.0, 0.0, 2.0, 0.5 ] },
						"down": { "texture": "#frame", "uv": [ 0.0, 0.0, 2.0, 0.5 ] }
					}
				},
				{
					"name": "FrameC3",
					"from": [ 0.0, 14.6, 0.0 ],
					"to": [ 2.0, 15.1, 16.0 ],
					"rotationOrigin": [ 0.0, 15.1, 0.0 ],
					"faces": {
						"north": { "texture": "#frame", "uv": [ 0.0, 0.0, 2.0, 0.5 ] },
						"east": { "texture": "#frame", "uv": [ 0.0, 0.0, 16.0, 0.5 ] },
						"south": { "texture": "#frame", "uv": [ 0.0, 0.0, 2.0, 0.5 ] },
						"west": { "texture": "#frame", "uv": [ 0.0, 0.0, 16.0, 0.5 ] },
						"up": { "texture": "#frame", "uv": [ 0.0, 0.0, 2.0, 16.0 ] },
						"down": { "texture": "#frame", "uv": [ 0.0, 0.0, 2.0, 16.0 ] }
					}
				}
			]
		}
	]}