{
	"editor": {
		"collapsedPaths": "",
		"allAngles": true,
		"entityTextureMode": false
	},
	"textureWidth": 16,
	"textureHeight": 16,
	"textureSizes": {
	},
	"textures": {
	},
	"elements": [
		{
			"name": "Frame2",
			"from": [ 17.52, -0.6, 15.5 ],
			"to": [ 19.52, -0.1, 31.5 ],
			"rotationOrigin": [ 16.0, -0.6, 15.5 ],
			"rotationY": -89.9802,
			"rotationZ": 90.0,
			"faces": {
				"north": { "texture": "#frame", "uv": [ 0.0, 0.0, 2.0, 0.5 ] },
				"east": { "texture": "#frame", "uv": [ 0.0, 0.0, 16.0, 0.5 ] },
				"south": { "texture": "#frame", "uv": [ 0.0, 0.0, 2.0, 0.5 ] },
				"west": { "texture": "#frame", "uv": [ 0.0, 0.0, 16.0, 0.5 ] },
				"up": { "texture": "#frame", "uv": [ 0.0, 0.0, 2.0, 16.0 ] },
				"down": { "texture": "#frame", "uv": [ 0.0, 0.0, 2.0, 16.0 ] }
			},
			"children": [
				{
					"name": "PuttyB",
					"from": [ 0.167, 14.5, 0.4008 ],
					"to": [ 0.767, 14.7, 15.4008 ],
					"rotationOrigin": [ -1.533, 14.2, -1.0992 ],
					"faces": {
						"north": { "texture": "#null", "uv": [ 0.0, 0.0, 0.5, 0.5 ], "enabled": false },
						"east": { "texture": "#putty", "uv": [ 0.0, 0.0, 15.0, 0.5 ] },
						"south": { "texture": "#null", "uv": [ 0.0, 0.0, 0.5, 0.5 ], "enabled": false },
						"west": { "texture": "#putty", "uv": [ 0.0, 0.0, 15.0, 0.5 ] },
						"up": { "texture": "#null", "uv": [ 0.0, 0.0, 0.5, 15.0 ], "enabled": false },
						"down": { "texture": "#putty", "uv": [ 0.0, 0.0, 0.5, 15.0 ] }
					}
				},
				{
					"name": "PuttyC",
					"from": [ 0.167, 7.5, 15.4008 ],
					"to": [ 0.767, 14.6, 15.6008 ],
					"rotationOrigin": [ -1.533, 19.8, 13.9008 ],
					"faces": {
						"north": { "texture": "#null", "uv": [ 0.0, 0.0, 0.5, 7.0 ], "enabled": false },
						"east": { "texture": "#putty", "uv": [ 0.0, 0.0, 0.5, 7.0 ] },
						"south": { "texture": "#putty", "uv": [ 0.0, 0.0, 0.5, 7.0 ] },
						"west": { "texture": "#putty", "uv": [ 0.0, 0.0, 0.5, 7.0 ] },
						"up": { "texture": "#null", "uv": [ 0.0, 0.0, 0.5, 0.5 ], "enabled": false },
						"down": { "texture": "#null", "uv": [ 0.0, 0.0, 0.5, 0.5 ], "enabled": false }
					}
				},
				{
					"name": "PuttyB2",
					"from": [ 0.167, 7.4, 0.4008 ],
					"to": [ 0.767, 7.6, 15.4008 ],
					"rotationOrigin": [ -1.533, 7.1, -1.0992 ],
					"faces": {
						"north": { "texture": "#null", "uv": [ 0.0, 0.0, 0.5, 0.5 ], "enabled": false },
						"east": { "texture": "#putty", "uv": [ 0.0, 0.0, 15.0, 0.5 ] },
						"south": { "texture": "#null", "uv": [ 0.0, 0.0, 0.5, 0.5 ], "enabled": false },
						"west": { "texture": "#putty", "uv": [ 0.0, 0.0, 15.0, 0.5 ] },
						"up": { "texture": "#null", "uv": [ 0.0, 0.0, 0.5, 15.0 ], "enabled": false },
						"down": { "texture": "#putty", "uv": [ 0.0, 0.0, 0.5, 15.0 ] }
					}
				},
				{
					"name": "PuttyC2",
					"from": [ 0.167, 7.5, 0.4008 ],
					"to": [ 0.767, 14.6, 0.6008 ],
					"rotationOrigin": [ -1.533, 19.8, -1.0992 ],
					"faces": {
						"north": { "texture": "#null", "uv": [ 0.0, 0.0, 0.5, 7.0 ], "enabled": false },
						"east": { "texture": "#putty", "uv": [ 0.0, 0.0, 0.5, 7.0 ] },
						"south": { "texture": "#putty", "uv": [ 0.0, 0.0, 0.5, 7.0 ] },
						"west": { "texture": "#putty", "uv": [ 0.0, 0.0, 0.5, 7.0 ] },
						"up": { "texture": "#null", "uv": [ 0.0, 0.0, 0.5, 0.5 ], "enabled": false },
						"down": { "texture": "#null", "uv": [ 0.0, 0.0, 0.5, 0.5 ], "enabled": false }
					}
				},
				{
					"name": "FrameB2",
					"from": [ 0.0, 0.5, 0.0 ],
					"to": [ 2.0, 14.6, 0.5 ],
					"faces": {
						"north": { "texture": "#frame", "uv": [ 0.0, 0.0, 2.0, 14.0 ] },
						"east": { "texture": "#frame", "uv": [ 0.0, 0.0, 0.5, 14.0 ] },
						"south": { "texture": "#frame", "uv": [ 0.0, 0.0, 2.0, 14.0 ] },
						"west": { "texture": "#frame", "uv": [ 0.0, 0.0, 0.5, 14.0 ] },
						"up": { "texture": "#frame", "uv": [ 0.0, 0.0, 2.0, 0.5 ] },
						"down": { "texture": "#frame", "uv": [ 0.0, 0.0, 2.0, 0.5 ] }
					}
				},
				{
					"name": "FrameD2",
					"from": [ 0.0, 0.5, 15.5 ],
					"to": [ 2.0, 14.6, 16.0 ],
					"rotationOrigin": [ 0.0, 0.0, 16.0 ],
					"faces": {
						"north": { "texture": "#frame", "uv": [ 0.0, 0.0, 2.0, 14.0 ] },
						"east": { "texture": "#frame", "uv": [ 0.0, 0.0, 0.5, 14.0 ] },
						"south": { "texture": "#frame", "uv": [ 0.0, 0.0, 2.0, 14.0 ] },
						"west": { "texture": "#frame", "uv": [ 0.0, 0.0, 0.5, 14.0 ] },
						"up": { "texture": "#frame", "uv": [ 0.0, 0.0, 2.0, 0.5 ] },
						"down": { "texture": "#frame", "uv": [ 0.0, 0.0, 2.0, 0.5 ] }
					}
				},
				{
					"name": "Glass",
					"from": [ 0.3761, 7.5, 0.5976 ],
					"to": [ 0.5761, 14.5, 15.4976 ],
					"renderPass": 3,
					"rotationOrigin": [ -7.5266, 7.0, -0.8993 ],
					"faces": {
						"north": { "texture": "#null", "uv": [ 0.0, 0.0, 0.5, 7.0 ], "enabled": false },
						"east": { "texture": "#glass", "uv": [ 0.6, 1.0, 15.4, 8.0 ], "autoUv": false },
						"south": { "texture": "#null", "uv": [ 0.0, 0.0, 0.5, 7.0 ], "enabled": false },
						"west": { "texture": "#glass", "uv": [ 0.5, 0.0, 15.5, 7.0 ], "rotation": 180, "autoUv": false },
						"up": { "texture": "#null", "uv": [ 0.0, 0.0, 0.5, 14.5 ], "enabled": false },
						"down": { "texture": "#null", "uv": [ 0.0, 0.0, 0.5, 14.5 ], "enabled": false }
					}
				},
				{
					"name": "Frame",
					"from": [ 0.0019, 7.0, 0.4934 ],
					"to": [ 1.0019, 7.5, 15.4934 ],
					"rotationOrigin": [ -1.4981, 7.0, 0.4934 ],
					"rotationY": -0.0198,
					"faces": {
						"north": { "texture": "#frame", "uv": [ 0.0, 0.0, 1.0, 0.5 ] },
						"east": { "texture": "#frame", "uv": [ 0.0, 0.0, 15.0, 0.5 ] },
						"south": { "texture": "#frame", "uv": [ 0.0, 0.0, 1.0, 0.5 ] },
						"west": { "texture": "#frame", "uv": [ 0.0, 0.0, 15.0, 0.5 ] },
						"up": { "texture": "#frame", "uv": [ 0.0, 0.0, 1.0, 15.0 ] },
						"down": { "texture": "#frame", "uv": [ 0.0, 0.0, 1.0, 15.0 ] }
					}
				},
				{
					"name": "FrameC3",
					"from": [ 0.0, 14.6, 0.0 ],
					"to": [ 2.0, 15.1, 16.0 ],
					"rotationOrigin": [ 0.0, 15.1, 0.0 ],
					"faces": {
						"north": { "texture": "#frame", "uv": [ 0.0, 0.0, 2.0, 0.5 ] },
						"east": { "texture": "#frame", "uv": [ 0.0, 0.0, 16.0, 0.5 ] },
						"south": { "texture": "#frame", "uv": [ 0.0, 0.0, 2.0, 0.5 ] },
						"west": { "texture": "#frame", "uv": [ 0.0, 0.0, 16.0, 0.5 ] },
						"up": { "texture": "#frame", "uv": [ 0.0, 0.0, 2.0, 16.0 ] },
						"down": { "texture": "#frame", "uv": [ 0.0, 0.0, 2.0, 16.0 ] }
					}
				},
				{
					"name": "BottomFrame4",
					"from": [ 0.9998, 0.5, 0.4908 ],
					"to": [ 1.9998, 1.0, 15.4908 ],
					"rotationOrigin": [ -0.4981, 0.5, 0.4935 ],
					"rotationY": 0.0,
					"faces": {
						"north": { "texture": "#frame", "uv": [ 0.0, 0.0, 1.0, 0.5 ] },
						"east": { "texture": "#frame", "uv": [ 0.0, 0.0, 15.0, 0.5 ] },
						"south": { "texture": "#frame", "uv": [ 0.0, 0.0, 1.0, 0.5 ] },
						"west": { "texture": "#frame", "uv": [ 0.0, 0.0, 15.0, 0.5 ] },
						"up": { "texture": "#frame", "uv": [ 0.0, 0.0, 1.0, 15.0 ] },
						"down": { "texture": "#frame", "uv": [ 0.0, 0.0, 1.0, 15.0 ] }
					},
					"children": [
						{
							"name": "FrameD4",
							"from": [ 2.0E-4, 0.5, 0.0091 ],
							"to": [ 1.0002, 6.5, 0.5091 ],
							"rotationOrigin": [ 2.0E-4, 0.0, 0.5091 ],
							"faces": {
								"north": { "texture": "#frame", "uv": [ 0.0, 0.0, 1.0, 6.0 ] },
								"east": { "texture": "#frame", "uv": [ 0.0, 0.0, 0.5, 6.0 ] },
								"south": { "texture": "#frame", "uv": [ 0.0, 0.0, 1.0, 6.0 ] },
								"west": { "texture": "#frame", "uv": [ 0.0, 0.0, 0.5, 6.0 ] },
								"up": { "texture": "#frame", "uv": [ 0.0, 0.0, 1.0, 0.5 ] },
								"down": { "texture": "#frame", "uv": [ 0.0, 0.0, 1.0, 0.5 ] }
							}
						},
						{
							"name": "FrameD3",
							"from": [ 2.0E-4, 0.5, 14.5091 ],
							"to": [ 1.0002, 6.5, 15.0091 ],
							"rotationOrigin": [ 2.0E-4, 0.0, 15.0091 ],
							"faces": {
								"north": { "texture": "#frame", "uv": [ 0.0, 0.0, 1.0, 6.0 ] },
								"east": { "texture": "#frame", "uv": [ 0.0, 0.0, 0.5, 6.0 ] },
								"south": { "texture": "#frame", "uv": [ 0.0, 0.0, 1.0, 6.0 ] },
								"west": { "texture": "#frame", "uv": [ 0.0, 0.0, 0.5, 6.0 ] },
								"up": { "texture": "#frame", "uv": [ 0.0, 0.0, 1.0, 0.5 ] },
								"down": { "texture": "#frame", "uv": [ 0.0, 0.0, 1.0, 0.5 ] }
							}
						},
						{
							"name": "PuttyB3",
							"from": [ 0.0672, 6.4, -0.09 ],
							"to": [ 0.6672, 6.6, 14.91 ],
							"rotationOrigin": [ -1.6328, 6.1, -1.59 ],
							"faces": {
								"north": { "texture": "#null", "uv": [ 0.0, 0.0, 0.5, 0.5 ], "enabled": false },
								"east": { "texture": "#putty", "uv": [ 0.0, 0.0, 15.0, 0.5 ] },
								"south": { "texture": "#null", "uv": [ 0.0, 0.0, 0.5, 0.5 ], "enabled": false },
								"west": { "texture": "#putty", "uv": [ 0.0, 0.0, 15.0, 0.5 ] },
								"up": { "texture": "#null", "uv": [ 0.0, 0.0, 0.5, 15.0 ], "enabled": false },
								"down": { "texture": "#putty", "uv": [ 0.0, 0.0, 0.5, 15.0 ] }
							}
						},
						{
							"name": "PuttyB4",
							"from": [ 0.0672, 0.3, -0.09 ],
							"to": [ 0.6672, 0.6, 14.91 ],
							"rotationOrigin": [ -1.6328, 0.0, -1.59 ],
							"faces": {
								"north": { "texture": "#null", "uv": [ 0.0, 0.0, 0.5, 0.5 ], "enabled": false },
								"east": { "texture": "#putty", "uv": [ 0.0, 0.0, 15.0, 0.5 ] },
								"south": { "texture": "#null", "uv": [ 0.0, 0.0, 0.5, 0.5 ], "enabled": false },
								"west": { "texture": "#putty", "uv": [ 0.0, 0.0, 15.0, 0.5 ] },
								"up": { "texture": "#null", "uv": [ 0.0, 0.0, 0.5, 15.0 ], "enabled": false },
								"down": { "texture": "#putty", "uv": [ 0.0, 0.0, 0.5, 15.0 ] }
							}
						},
						{
							"name": "PuttyC3",
							"from": [ 0.0672, 0.0, 0.41 ],
							"to": [ 0.6672, 6.5, 0.61 ],
							"rotationOrigin": [ -1.6328, 12.3, -1.09 ],
							"faces": {
								"north": { "texture": "#null", "uv": [ 0.0, 0.0, 0.5, 6.5 ], "enabled": false },
								"east": { "texture": "#putty", "uv": [ 0.0, 0.0, 0.5, 6.5 ] },
								"south": { "texture": "#putty", "uv": [ 0.0, 0.0, 0.5, 6.5 ] },
								"west": { "texture": "#putty", "uv": [ 0.0, 0.0, 0.5, 6.5 ] },
								"up": { "texture": "#null", "uv": [ 0.0, 0.0, 0.5, 0.5 ], "enabled": false },
								"down": { "texture": "#null", "uv": [ 0.0, 0.0, 0.5, 0.5 ], "enabled": false }
							}
						},
						{
							"name": "PuttyC4",
							"from": [ 0.0672, 0.0, 14.41 ],
							"to": [ 0.6672, 6.5, 14.61 ],
							"rotationOrigin": [ -1.6328, 12.3, 12.91 ],
							"faces": {
								"north": { "texture": "#null", "uv": [ 0.0, 0.0, 0.5, 6.5 ], "enabled": false },
								"east": { "texture": "#putty", "uv": [ 0.0, 0.0, 0.5, 6.5 ] },
								"south": { "texture": "#putty", "uv": [ 0.0, 0.0, 0.5, 6.5 ] },
								"west": { "texture": "#putty", "uv": [ 0.0, 0.0, 0.5, 6.5 ] },
								"up": { "texture": "#null", "uv": [ 0.0, 0.0, 0.5, 0.5 ], "enabled": false },
								"down": { "texture": "#null", "uv": [ 0.0, 0.0, 0.5, 0.5 ], "enabled": false }
							}
						},
						{
							"name": "Glass2",
							"from": [ 0.3763, 0.5, 0.107 ],
							"to": [ 0.5763, 6.5, 15.007 ],
							"renderPass": 3,
							"rotationOrigin": [ -7.5264, 0.0, -1.3899 ],
							"faces": {
								"north": { "texture": "#null", "uv": [ 0.0, 0.0, 0.5, 6.0 ], "enabled": false },
								"east": { "texture": "#glass", "uv": [ 0.6, 1.0, 15.4, 8.0 ], "autoUv": false },
								"south": { "texture": "#null", "uv": [ 0.0, 0.0, 0.5, 6.0 ], "enabled": false },
								"west": { "texture": "#glass", "uv": [ 0.5, 0.0, 15.5, 7.0 ], "rotation": 180, "autoUv": false },
								"up": { "texture": "#null", "uv": [ 0.0, 0.0, 0.5, 14.5 ], "enabled": false },
								"down": { "texture": "#null", "uv": [ 0.0, 0.0, 0.5, 14.5 ], "enabled": false }
							}
						},
						{
							"name": "Frame3",
							"from": [ 2.0E-4, 6.5, -9.0E-4 ],
							"to": [ 1.0002, 7.0, 14.9991 ],
							"rotationOrigin": [ -1.4979, 6.5, 0.0026 ],
							"rotationY": -0.0198,
							"faces": {
								"north": { "texture": "#frame", "uv": [ 0.0, 0.0, 1.0, 0.5 ] },
								"east": { "texture": "#frame", "uv": [ 0.0, 0.0, 15.0, 0.5 ] },
								"south": { "texture": "#frame", "uv": [ 0.0, 0.0, 1.0, 0.5 ] },
								"west": { "texture": "#frame", "uv": [ 0.0, 0.0, 15.0, 0.5 ] },
								"up": { "texture": "#frame", "uv": [ 0.0, 0.0, 1.0, 15.0 ] },
								"down": { "texture": "#frame", "uv": [ 0.0, 0.0, 1.0, 15.0 ] }
							}
						}
					]
				}
			]
		},
		{
			"name": "FrameC6",
			"from": [ 16.78, 0.0, -0.9 ],
			"to": [ 24.38, 0.5, 15.1 ],
			"rotationOrigin": [ 15.9974, 0.9, -0.9 ],
			"rotationY": -90.0,
			"faces": {
				"north": { "texture": "#frame", "uv": [ 0.0, 0.0, 7.5, 0.5 ] },
				"east": { "texture": "#frame", "uv": [ 0.0, 0.0, 16.0, 0.5 ] },
				"south": { "texture": "#frame", "uv": [ 0.0, 0.0, 7.5, 0.5 ] },
				"west": { "texture": "#frame", "uv": [ 0.0, 0.0, 16.0, 0.5 ] },
				"up": { "texture": "#frame", "uv": [ 0.0, 0.0, 7.5, 16.0 ] },
				"down": { "texture": "#frame", "uv": [ 0.0, 0.0, 7.5, 16.0 ] }
			},
			"children": [
				{
					"name": "FrameC2",
					"from": [ 7.61, 0.0, 0.0 ],
					"to": [ 16.51, 0.9, 16.0 ],
					"rotationOrigin": [ 7.6145, 0.4984, -3.0E-4 ],
					"faces": {
						"north": { "texture": "#frame", "uv": [ 0.0, 0.0, 8.5, 0.5 ] },
						"east": { "texture": "#frame", "uv": [ 0.0, 0.0, 16.0, 0.5 ] },
						"south": { "texture": "#frame", "uv": [ 0.0, 0.0, 8.5, 0.5 ] },
						"west": { "texture": "#frame", "uv": [ 0.0, 0.0, 16.0, 0.5 ] },
						"up": { "texture": "#frame", "uv": [ 0.0, 0.0, 8.5, 16.0 ] },
						"down": { "texture": "#frame", "uv": [ 0.0, 0.0, 8.5, 16.0 ] }
					}
				},
				{
					"name": "FrameC4",
					"from": [ -0.2855, 0.1984, 0.0026 ],
					"to": [ 7.6145, 0.8984, 16.0026 ],
					"rotationOrigin": [ -0.2855, 0.6984, 0.0026 ],
					"faces": {
						"north": { "texture": "#frame", "uv": [ 0.0, 0.0, 7.5, 0.5 ] },
						"east": { "texture": "#frame", "uv": [ 0.0, 0.0, 16.0, 0.5 ] },
						"south": { "texture": "#frame", "uv": [ 0.0, 0.0, 7.5, 0.5 ] },
						"west": { "texture": "#frame", "uv": [ 0.0, 0.0, 16.0, 0.5 ] },
						"up": { "texture": "#frame", "uv": [ 0.0, 0.0, 7.5, 16.0 ] },
						"down": { "texture": "#frame", "uv": [ 0.0, 0.0, 7.5, 16.0 ] }
					}
				}
			]
		}
	],
	"animations": [
		{
			"name": "SlideOpen",
			"code": "slideopen",
			"quantityframes": 30,
			"onActivityStopped": "EaseOut",
			"onAnimationEnd": "Hold",
			"keyframes": [
				{
					"frame": 0,
					"elements": {
						"BottomFrame4": { "offsetX": 0.0, "offsetY": 0.0, "offsetZ": 0.0 }
					}
				},
				{
					"frame": 29,
					"elements": {
						"BottomFrame4": { "offsetX": 0.0, "offsetY": 7.1, "offsetZ": 0.0 }
					}
				}
			]
		},

		{
			"name": "SlideClosed",
			"code": "slideclosed",
			"quantityframes": 30,
			"onActivityStopped": "EaseOut",
			"onAnimationEnd": "Hold",
			"keyframes": [
				{
					"frame": 0,
					"elements": {
						"BottomFrame4": { "offsetX": 0.0, "offsetY": 7.0, "offsetZ": 0.0 }
					}
				},
				{
					"frame": 29,
					"elements": {
						"BottomFrame4": { "offsetX": 0.0, "offsetY": 0.0, "offsetZ": 0.0 }
					}
				}
			]
		}
	]
}