{
	"editor": {
		"collapsedPaths": "",
		"allAngles": true,
		"entityTextureMode": false
	},
	"textureWidth": 16,
	"textureHeight": 16,
	"textureSizes": {
	},
	"textures": {
	},
	"elements": [
		{
			"name": "PuttyB3",
			"from": [ 7.618, 14.9, 0.58 ],
			"to": [ 7.718, 15.1, 15.38 ],
			"rotationOrigin": [ 7.9, 14.6, 8.08 ],
			"rotationY": -89.9802,
			"faces": {
				"north": { "texture": "#putty", "uv": [ 0.0, 0.0, 0.5, 0.5 ] },
				"east": { "texture": "#putty", "uv": [ 0.0, 0.0, 14.5, 0.5 ] },
				"south": { "texture": "#putty", "uv": [ 0.0, 0.0, 0.5, 0.5 ] },
				"west": { "texture": "#putty", "uv": [ 0.0, 0.0, 14.5, 0.5 ] },
				"up": { "texture": "#putty", "uv": [ 0.0, 0.0, 0.5, 14.5 ] },
				"down": { "texture": "#putty", "uv": [ 0.0, 0.0, 0.5, 14.5 ] }
			},
			"children": [
				{
					"name": "PuttyB4",
					"from": [ 0.0, -6.2, 0.0 ],
					"to": [ 0.1, -5.9, 14.8 ],
					"rotationOrigin": [ -1.7028, -6.5, -1.5 ],
					"faces": {
						"north": { "texture": "#putty", "uv": [ 0.0, 0.0, 0.5, 0.5 ] },
						"east": { "texture": "#putty", "uv": [ 0.0, 0.0, 14.5, 0.5 ] },
						"south": { "texture": "#putty", "uv": [ 0.0, 0.0, 0.5, 0.5 ] },
						"west": { "texture": "#putty", "uv": [ 0.0, 0.0, 14.5, 0.5 ] },
						"up": { "texture": "#putty", "uv": [ 0.0, 0.0, 0.5, 14.5 ] },
						"down": { "texture": "#putty", "uv": [ 0.0, 0.0, 0.5, 14.5 ] }
					}
				},
				{
					"name": "PuttyC3",
					"from": [ 0.0, -6.5, 0.3 ],
					"to": [ 0.1, 0.0, 0.5 ],
					"rotationOrigin": [ -1.7028, 5.8, -1.2 ],
					"faces": {
						"north": { "texture": "#putty", "uv": [ 0.0, 0.0, 0.5, 6.5 ] },
						"east": { "texture": "#putty", "uv": [ 0.0, 0.0, 0.5, 6.5 ] },
						"south": { "texture": "#putty", "uv": [ 0.0, 0.0, 0.5, 6.5 ] },
						"west": { "texture": "#putty", "uv": [ 0.0, 0.0, 0.5, 6.5 ] },
						"up": { "texture": "#putty", "uv": [ 0.0, 0.0, 0.5, 0.5 ] },
						"down": { "texture": "#putty", "uv": [ 0.0, 0.0, 0.5, 0.5 ] }
					}
				},
				{
					"name": "PuttyC4",
					"from": [ 0.0, -6.5, 14.3 ],
					"to": [ 0.1, 0.0, 14.5 ],
					"rotationOrigin": [ -1.7028, 5.8, 12.8 ],
					"faces": {
						"north": { "texture": "#putty", "uv": [ 0.0, 0.0, 0.5, 6.5 ] },
						"east": { "texture": "#putty", "uv": [ 0.0, 0.0, 0.5, 6.5 ] },
						"south": { "texture": "#putty", "uv": [ 0.0, 0.0, 0.5, 6.5 ] },
						"west": { "texture": "#putty", "uv": [ 0.0, 0.0, 0.5, 6.5 ] },
						"up": { "texture": "#putty", "uv": [ 0.0, 0.0, 0.5, 0.5 ] },
						"down": { "texture": "#putty", "uv": [ 0.0, 0.0, 0.5, 0.5 ] }
					}
				},
				{
					"name": "Glass2",
					"from": [ 0.1063, -6.0, -0.003 ],
					"to": [ 0.3063, 0.0, 14.897 ],
					"renderPass": 3,
					"transparent": true,

					"rotationOrigin": [ -7.7964, -6.5, -1.4999 ],
					"faces": {
						"north": { "texture": "#null", "uv": [ 0.0, 0.0, 0.5, 6.0 ], "enabled": false },
						"east": { "texture": "#glass", "uv": [ 0.6, 0.5, 15.4, 7.5 ], "autoUv": false },
						"south": { "texture": "#null", "uv": [ 0.0, 0.0, 0.5, 6.0 ], "enabled": false },
						"west": { "texture": "#glass", "uv": [ 0.5, 0.5, 15.5, 7.5 ], "rotation": 180, "autoUv": false },
						"up": { "texture": "#null", "uv": [ 0.0, 0.0, 0.5, 14.5 ], "enabled": false },
						"down": { "texture": "#null", "uv": [ 0.0, 0.0, 0.5, 14.5 ], "enabled": false }
					}
				},
				{
					"name": "BottomFrame4",
					"from": [ -0.27, -6.5, -0.11 ],
					"to": [ 0.73, -6.0, 14.89 ],
					"rotationOrigin": [ -1.7631, -6.5, -0.1079 ],
					"faces": {
						"north": { "texture": "#frame", "uv": [ 0.0, 0.0, 1.0, 0.5 ] },
						"east": { "texture": "#frame", "uv": [ 0.0, 0.0, 15.0, 0.5 ] },
						"south": { "texture": "#frame", "uv": [ 0.0, 0.0, 1.0, 0.5 ] },
						"west": { "texture": "#frame", "uv": [ 0.0, 0.0, 15.0, 0.5 ] },
						"up": { "texture": "#frame", "uv": [ 0.0, 0.0, 1.0, 15.0 ] },
						"down": { "texture": "#frame", "uv": [ 0.0, 0.0, 1.0, 15.0 ] }
					}
				},
				{
					"name": "Frame3",
					"from": [ -0.268, 0.1, -0.1104 ],
					"to": [ 0.732, 0.6, 14.8896 ],
					"rotationOrigin": [ -1.7661, 0.1, -0.1074 ],
					"faces": {
						"north": { "texture": "#frame", "uv": [ 0.0, 0.0, 1.0, 0.5 ] },
						"east": { "texture": "#frame", "uv": [ 0.0, 0.0, 15.0, 0.5 ] },
						"south": { "texture": "#frame", "uv": [ 0.0, 0.0, 1.0, 0.5 ] },
						"west": { "texture": "#frame", "uv": [ 0.0, 0.0, 15.0, 0.5 ] },
						"up": { "texture": "#frame", "uv": [ 0.0, 0.0, 1.0, 15.0 ] },
						"down": { "texture": "#frame", "uv": [ 0.0, 0.0, 1.0, 15.0 ] }
					},
					"attachmentpoints": [
						{
							"code": "Point1",
							"posX": "0.0","posY": "0.6","posZ": "7.0",
							"rotationX": "0.0","rotationY": "0.0","rotationZ": "0.0"
						}
					]
				},
				{
					"name": "FrameD4",
					"from": [ -0.2698, -6.0, -0.1009 ],
					"to": [ 0.7302, 0.1, 0.3991 ],
					"rotationOrigin": [ -0.2698, -6.5, 0.3991 ],
					"faces": {
						"north": { "texture": "#frame", "uv": [ 0.0, 0.0, 1.0, 6.0 ] },
						"east": { "texture": "#frame", "uv": [ 0.0, 0.0, 0.5, 6.0 ] },
						"south": { "texture": "#frame", "uv": [ 0.0, 0.0, 1.0, 6.0 ] },
						"west": { "texture": "#frame", "uv": [ 0.0, 0.0, 0.5, 6.0 ] },
						"up": { "texture": "#frame", "uv": [ 0.0, 0.0, 1.0, 0.5 ] },
						"down": { "texture": "#frame", "uv": [ 0.0, 0.0, 1.0, 0.5 ] }
					}
				},
				{
					"name": "FrameD3",
					"from": [ -0.2698, -6.0, 14.3991 ],
					"to": [ 0.7302, 0.1, 14.8991 ],
					"rotationOrigin": [ -0.2698, -6.5, 14.8991 ],
					"faces": {
						"north": { "texture": "#frame", "uv": [ 0.0, 0.0, 1.0, 6.0 ] },
						"east": { "texture": "#frame", "uv": [ 0.0, 0.0, 0.5, 6.0 ] },
						"south": { "texture": "#frame", "uv": [ 0.0, 0.0, 1.0, 6.0 ] },
						"west": { "texture": "#frame", "uv": [ 0.0, 0.0, 0.5, 6.0 ] },
						"up": { "texture": "#frame", "uv": [ 0.0, 0.0, 1.0, 0.5 ] },
						"down": { "texture": "#frame", "uv": [ 0.0, 0.0, 1.0, 0.5 ] }
					}
				},
				{
					"name": "PuttyC5",
					"from": [ 0.3, -6.5, 0.3 ],
					"to": [ 0.4, 0.0, 0.5 ],
					"rotationOrigin": [ -1.4028, 5.8, -1.2 ],
					"faces": {
						"north": { "texture": "#putty", "uv": [ 0.0, 0.0, 0.5, 6.5 ] },
						"east": { "texture": "#putty", "uv": [ 0.0, 0.0, 0.5, 6.5 ] },
						"south": { "texture": "#putty", "uv": [ 0.0, 0.0, 0.5, 6.5 ] },
						"west": { "texture": "#putty", "uv": [ 0.0, 0.0, 0.5, 6.5 ] },
						"up": { "texture": "#putty", "uv": [ 0.0, 0.0, 0.5, 0.5 ] },
						"down": { "texture": "#putty", "uv": [ 0.0, 0.0, 0.5, 0.5 ] }
					}
				},
				{
					"name": "PuttyB5",
					"from": [ 0.3, -6.2, 0.0 ],
					"to": [ 0.4, -5.9, 14.8 ],
					"rotationOrigin": [ -1.4028, -6.5, -1.5 ],
					"faces": {
						"north": { "texture": "#putty", "uv": [ 0.0, 0.0, 0.5, 0.5 ] },
						"east": { "texture": "#putty", "uv": [ 0.0, 0.0, 14.5, 0.5 ] },
						"south": { "texture": "#putty", "uv": [ 0.0, 0.0, 0.5, 0.5 ] },
						"west": { "texture": "#putty", "uv": [ 0.0, 0.0, 14.5, 0.5 ] },
						"up": { "texture": "#putty", "uv": [ 0.0, 0.0, 0.5, 14.5 ] },
						"down": { "texture": "#putty", "uv": [ 0.0, 0.0, 0.5, 14.5 ] }
					}
				},
				{
					"name": "PuttyB6",
					"from": [ 0.3, 0.0, 0.0 ],
					"to": [ 0.4, 0.3, 14.8 ],
					"rotationOrigin": [ -1.4028, -0.3, -1.5 ],
					"faces": {
						"north": { "texture": "#putty", "uv": [ 0.0, 0.0, 0.5, 0.5 ] },
						"east": { "texture": "#putty", "uv": [ 0.0, 0.0, 14.5, 0.5 ] },
						"south": { "texture": "#putty", "uv": [ 0.0, 0.0, 0.5, 0.5 ] },
						"west": { "texture": "#putty", "uv": [ 0.0, 0.0, 14.5, 0.5 ] },
						"up": { "texture": "#putty", "uv": [ 0.0, 0.0, 0.5, 14.5 ] },
						"down": { "texture": "#putty", "uv": [ 0.0, 0.0, 0.5, 14.5 ] }
					}
				},
				{
					"name": "PuttyC6",
					"from": [ 0.3, -6.5, 14.3 ],
					"to": [ 0.4, 0.0, 14.5 ],
					"rotationOrigin": [ -1.4028, 5.8, 12.8 ],
					"faces": {
						"north": { "texture": "#putty", "uv": [ 0.0, 0.0, 0.5, 6.5 ] },
						"east": { "texture": "#putty", "uv": [ 0.0, 0.0, 0.5, 6.5 ] },
						"south": { "texture": "#putty", "uv": [ 0.0, 0.0, 0.5, 6.5 ] },
						"west": { "texture": "#putty", "uv": [ 0.0, 0.0, 0.5, 6.5 ] },
						"up": { "texture": "#putty", "uv": [ 0.0, 0.0, 0.5, 0.5 ] },
						"down": { "texture": "#putty", "uv": [ 0.0, 0.0, 0.5, 0.5 ] }
					}
				}
			]
		}
	],
	"animations": [
		{
			"name": "swingopen",
			"code": "swingopen",
			"quantityframes": 30,
			"onActivityStopped": "EaseOut",
			"onAnimationEnd": "Hold",
			"keyframes": [
				{
					"frame": 0,
					"elements": {
						"PuttyB3": { "rotationX": 0.0, "rotationY": 0.0, "rotationZ": 0.0 },
						"Glass2": { "rotationX": 0.0, "rotationY": 0.0, "rotationZ": 0.0 }
					}
				},
				{
					"frame": 29,
					"elements": {
						"PuttyB3": { "rotationX": 0.0, "rotationY": 0.0, "rotationZ": -30.0 }
					}
				}
			]
		},

		{
			"name": "swingclosed",
			"code": "swingclosed",
			"quantityframes": 30,
			"onActivityStopped": "EaseOut",
			"onAnimationEnd": "Hold",
			"keyframes": [
				{
					"frame": 0,
					"elements": {
						"PuttyB3": { "rotationX": 0.0, "rotationY": 0.0, "rotationZ": -30.0 },
						"Glass2": { "rotationX": 0.0, "rotationY": 0.0, "rotationZ": 0.0 }
					}
				},
				{
					"frame": 29,
					"elements": {
						"PuttyB3": { "rotationX": 0.0, "rotationY": 0.0, "rotationZ": 0.0 }
					}
				}
			]
		}
	]
}