{
	"editor": {
		"collapsedPaths": "",
		"allAngles": false,
		"entityTextureMode": false
	},
	"textureWidth": 16,
	"textureHeight": 16,
	"textureSizes": {
	},
	"textures": {
	},
	"elements": [
		{
			"name": "BottomFrame4",
			"from": [ 17.0048, 1.4, 6.5195 ],
			"to": [ 18.0048, 1.9, 21.5195 ],
			"rotationOrigin": [ 15.5069, 1.4, 6.5221 ],
			"rotationY": -89.9802,
			"faces": {
				"north": { "texture": "#frame", "uv": [ 0.0, 0.0, 1.0, 0.5 ] },
				"east": { "texture": "#frame", "uv": [ 0.0, 0.0, 15.0, 0.5 ] },
				"south": { "texture": "#frame", "uv": [ 0.0, 0.0, 1.0, 0.5 ] },
				"west": { "texture": "#frame", "uv": [ 0.0, 0.0, 15.0, 0.5 ] },
				"up": { "texture": "#frame", "uv": [ 0.0, 0.0, 1.0, 15.0 ] },
				"down": { "texture": "#frame", "uv": [ 0.0, 0.0, 1.0, 15.0 ] }
			},
			"children": [
				{
					"name": "FrameD4",
					"from": [ 2.0E-4, 0.5, 0.0091 ],
					"to": [ 1.0002, 6.5, 0.5091 ],
					"rotationOrigin": [ 2.0E-4, 0.0, 0.5091 ],
					"faces": {
						"north": { "texture": "#frame", "uv": [ 0.0, 0.0, 1.0, 6.0 ] },
						"east": { "texture": "#frame", "uv": [ 0.0, 0.0, 0.5, 6.0 ] },
						"south": { "texture": "#frame", "uv": [ 0.0, 0.0, 1.0, 6.0 ] },
						"west": { "texture": "#frame", "uv": [ 0.0, 0.0, 0.5, 6.0 ] },
						"up": { "texture": "#frame", "uv": [ 0.0, 0.0, 1.0, 0.5 ] },
						"down": { "texture": "#frame", "uv": [ 0.0, 0.0, 1.0, 0.5 ] }
					}
				},
				{
					"name": "FrameD3",
					"from": [ 2.0E-4, 0.5, 14.5091 ],
					"to": [ 1.0002, 6.5, 15.0091 ],
					"rotationOrigin": [ 2.0E-4, 0.0, 15.0091 ],
					"faces": {
						"north": { "texture": "#frame", "uv": [ 0.0, 0.0, 1.0, 6.0 ] },
						"east": { "texture": "#frame", "uv": [ 0.0, 0.0, 0.5, 6.0 ] },
						"south": { "texture": "#frame", "uv": [ 0.0, 0.0, 1.0, 6.0 ] },
						"west": { "texture": "#frame", "uv": [ 0.0, 0.0, 0.5, 6.0 ] },
						"up": { "texture": "#frame", "uv": [ 0.0, 0.0, 1.0, 0.5 ] },
						"down": { "texture": "#frame", "uv": [ 0.0, 0.0, 1.0, 0.5 ] }
					}
				},
				{
					"name": "PuttyB3",
					"from": [ 0.27, 6.4, 0.21 ],
					"to": [ 0.37, 6.6, 14.71 ],
					"rotationOrigin": [ -1.4328, 6.1, -1.29 ],
					"faces": {
						"north": { "texture": "#null", "uv": [ 0.0, 0.0, 0.5, 0.5 ], "enabled": false },
						"east": { "texture": "#putty", "uv": [ 0.0, 0.0, 14.5, 0.5 ] },
						"south": { "texture": "#null", "uv": [ 0.0, 0.0, 0.5, 0.5 ], "enabled": false },
						"west": { "texture": "#putty", "uv": [ 0.0, 0.0, 14.5, 0.5 ] },
						"up": { "texture": "#null", "uv": [ 0.0, 0.0, 0.5, 14.5 ], "enabled": false },
						"down": { "texture": "#putty", "uv": [ 0.0, 0.0, 0.5, 14.5 ] }
					}
				},
				{
					"name": "Glass2",
					"from": [ 0.3763, 0.5, 0.107 ],
					"to": [ 0.5763, 6.5, 15.007 ],
					"renderPass": 3,
					"transparent": true,

					"rotationOrigin": [ -7.5264, 0.0, -1.3899 ],
					"faces": {
						"north": { "texture": "#glass", "uv": [ 0.0, 0.0, 0.5, 6.0 ], "enabled": false },
						"east": { "texture": "#glass", "uv": [ 0.6, 0.5, 15.4, 7.5 ], "autoUv": false },
						"south": { "texture": "#glass", "uv": [ 0.0, 0.0, 0.5, 6.0 ], "enabled": false },
						"west": { "texture": "#glass", "uv": [ 0.5, 0.5, 15.5, 7.5 ], "rotation": 180, "autoUv": false },
						"up": { "texture": "#glass", "uv": [ 0.0, 0.0, 0.5, 14.5 ], "enabled": false },
						"down": { "texture": "#glass", "uv": [ 0.0, 0.0, 0.5, 14.5 ], "enabled": false }
					}
				},
				{
					"name": "Frame3",
					"from": [ 2.0E-4, 6.5, -9.0E-4 ],
					"to": [ 1.0002, 7.0, 14.9991 ],
					"rotationOrigin": [ -1.4979, 6.5, 0.0026 ],
					"rotationY": -0.0198,
					"faces": {
						"north": { "texture": "#frame", "uv": [ 0.0, 0.0, 1.0, 0.5 ] },
						"east": { "texture": "#frame", "uv": [ 0.0, 0.0, 15.0, 0.5 ] },
						"south": { "texture": "#frame", "uv": [ 0.0, 0.0, 1.0, 0.5 ] },
						"west": { "texture": "#frame", "uv": [ 0.0, 0.0, 15.0, 0.5 ] },
						"up": { "texture": "#frame", "uv": [ 0.0, 0.0, 1.0, 15.0 ] },
						"down": { "texture": "#frame", "uv": [ 0.0, 0.0, 1.0, 15.0 ] }
					}
				},
				{
					"name": "PuttyB4",
					"from": [ 0.27, 1.2, 17.91 ],
					"to": [ 0.37, 1.4, 32.81 ],
					"rotationOrigin": [ -1.4328, 0.9, 16.41 ],
					"rotationX": -180.0,
					"faces": {
						"north": { "texture": "#null", "uv": [ 0.0, 0.0, 0.5, 0.5 ], "enabled": false },
						"east": { "texture": "#putty", "uv": [ 0.0, 0.0, 14.5, 0.5 ] },
						"south": { "texture": "#null", "uv": [ 0.0, 0.0, 0.5, 0.5 ], "enabled": false },
						"west": { "texture": "#putty", "uv": [ 0.0, 0.0, 14.5, 0.5 ] },
						"up": { "texture": "#null", "uv": [ 0.0, 0.0, 0.5, 14.5 ], "enabled": false },
						"down": { "texture": "#putty", "uv": [ 0.0, 0.0, 0.5, 14.5 ] }
					}
				},
				{
					"name": "PuttyB5",
					"from": [ 4.07, -0.6, 15.61 ],
					"to": [ 4.17, -0.4, 21.41 ],
					"rotationOrigin": [ 2.3672, -0.9, 14.11 ],
					"rotationX": -90.0,
					"rotationZ": -180.0,
					"faces": {
						"north": { "texture": "#null", "uv": [ 0.0, 0.0, 0.5, 0.5 ], "enabled": false },
						"east": { "texture": "#putty", "uv": [ 0.0, 0.0, 5.5, 0.5 ] },
						"south": { "texture": "#null", "uv": [ 0.0, 0.0, 0.5, 0.5 ], "enabled": false },
						"west": { "texture": "#putty", "uv": [ 0.0, 0.0, 5.5, 0.5 ] },
						"up": { "texture": "#null", "uv": [ 0.0, 0.0, 0.5, 5.5 ], "enabled": false },
						"down": { "texture": "#putty", "uv": [ 0.0, 0.0, 0.5, 5.5 ] }
					}
				},
				{
					"name": "PuttyB6",
					"from": [ 0.27, -0.6, 2.41 ],
					"to": [ 0.37, -0.4, 8.21 ],
					"rotationOrigin": [ -1.4328, -0.9, 0.91 ],
					"rotationX": -90.0,
					"faces": {
						"north": { "texture": "#null", "uv": [ 0.0, 0.0, 0.5, 0.5 ], "enabled": false },
						"east": { "texture": "#putty", "uv": [ 0.0, 0.0, 5.5, 0.5 ] },
						"south": { "texture": "#null", "uv": [ 0.0, 0.0, 0.5, 0.5 ], "enabled": false },
						"west": { "texture": "#putty", "uv": [ 0.0, 0.0, 5.5, 0.5 ] },
						"up": { "texture": "#null", "uv": [ 0.0, 0.0, 0.5, 5.5 ], "enabled": false },
						"down": { "texture": "#putty", "uv": [ 0.0, 0.0, 0.5, 5.5 ] }
					}
				},
				{
					"name": "PuttyB7",
					"from": [ 3.77, -0.6, 15.61 ],
					"to": [ 3.87, -0.4, 21.41 ],
					"rotationOrigin": [ 2.0672, -0.9, 14.11 ],
					"rotationX": -90.0,
					"rotationZ": -180.0,
					"faces": {
						"north": { "texture": "#null", "uv": [ 0.0, 0.0, 0.5, 0.5 ], "enabled": false },
						"east": { "texture": "#putty", "uv": [ 0.0, 0.0, 5.5, 0.5 ] },
						"south": { "texture": "#null", "uv": [ 0.0, 0.0, 0.5, 0.5 ], "enabled": false },
						"west": { "texture": "#putty", "uv": [ 0.0, 0.0, 5.5, 0.5 ] },
						"up": { "texture": "#null", "uv": [ 0.0, 0.0, 0.5, 5.5 ], "enabled": false },
						"down": { "texture": "#putty", "uv": [ 0.0, 0.0, 0.5, 5.5 ] }
					}
				},
				{
					"name": "PuttyB8",
					"from": [ 0.57, 1.2, 17.91 ],
					"to": [ 0.67, 1.4, 32.81 ],
					"rotationOrigin": [ -1.1328, 0.9, 16.41 ],
					"rotationX": -180.0,
					"faces": {
						"north": { "texture": "#null", "uv": [ 0.0, 0.0, 0.5, 0.5 ], "enabled": false },
						"east": { "texture": "#putty", "uv": [ 0.0, 0.0, 14.5, 0.5 ] },
						"south": { "texture": "#null", "uv": [ 0.0, 0.0, 0.5, 0.5 ], "enabled": false },
						"west": { "texture": "#putty", "uv": [ 0.0, 0.0, 14.5, 0.5 ] },
						"up": { "texture": "#null", "uv": [ 0.0, 0.0, 0.5, 14.5 ], "enabled": false },
						"down": { "texture": "#putty", "uv": [ 0.0, 0.0, 0.5, 14.5 ] }
					}
				},
				{
					"name": "PuttyB9",
					"from": [ 0.57, -0.6, 2.41 ],
					"to": [ 0.67, -0.4, 8.21 ],
					"rotationOrigin": [ -1.1328, -0.9, 0.91 ],
					"rotationX": -90.0,
					"faces": {
						"north": { "texture": "#null", "uv": [ 0.0, 0.0, 0.5, 0.5 ], "enabled": false },
						"east": { "texture": "#putty", "uv": [ 0.0, 0.0, 5.5, 0.5 ] },
						"south": { "texture": "#null", "uv": [ 0.0, 0.0, 0.5, 0.5 ], "enabled": false },
						"west": { "texture": "#putty", "uv": [ 0.0, 0.0, 5.5, 0.5 ] },
						"up": { "texture": "#null", "uv": [ 0.0, 0.0, 0.5, 5.5 ], "enabled": false },
						"down": { "texture": "#putty", "uv": [ 0.0, 0.0, 0.5, 5.5 ] }
					}
				},
				{
					"name": "PuttyB10",
					"from": [ 0.57, 6.4, 0.21 ],
					"to": [ 0.67, 6.6, 14.71 ],
					"rotationOrigin": [ -1.1328, 6.1, -1.29 ],
					"faces": {
						"north": { "texture": "#null", "uv": [ 0.0, 0.0, 0.5, 0.5 ], "enabled": false },
						"east": { "texture": "#putty", "uv": [ 0.0, 0.0, 14.5, 0.5 ] },
						"south": { "texture": "#null", "uv": [ 0.0, 0.0, 0.5, 0.5 ], "enabled": false },
						"west": { "texture": "#putty", "uv": [ 0.0, 0.0, 14.5, 0.5 ] },
						"up": { "texture": "#null", "uv": [ 0.0, 0.0, 0.5, 14.5 ], "enabled": false },
						"down": { "texture": "#putty", "uv": [ 0.0, 0.0, 0.5, 14.5 ] }
					}
				}
			]
		}
	],
	"animations": [
		{
			"name": "SlideOpen",
			"code": "slideopen",
			"quantityframes": 30,
			"onActivityStopped": "EaseOut",
			"onAnimationEnd": "Hold",
			"keyframes": [
				{
					"frame": 0,
					"elements": {
						"BottomFrame4": { "offsetX": 0.0, "offsetY": 0.0, "offsetZ": 0.0 }
					}
				},
				{
					"frame": 29,
					"elements": {
						"BottomFrame4": { "offsetX": 0.0, "offsetY": 7.1, "offsetZ": 0.0 }
					}
				}
			]
		},

		{
			"name": "SlideClosed",
			"code": "slideclosed",
			"quantityframes": 30,
			"onActivityStopped": "EaseOut",
			"onAnimationEnd": "Hold",
			"keyframes": [
				{
					"frame": 0,
					"elements": {
						"BottomFrame4": { "offsetX": 0.0, "offsetY": 7.0, "offsetZ": 0.0 }
					}
				},
				{
					"frame": 29,
					"elements": {
						"BottomFrame4": { "offsetX": 0.0, "offsetY": 0.0, "offsetZ": 0.0 }
					}
				}
			]
		}
	]
}