[
	{
	"ingredientPattern": "P,B",
	"ingredients": {
		"P": { "type": "item", "code": "game:pickaxe-*", "isTool": true },
		"B": { "type": "block", "code": "bricklayers:smallstonebrickstairs-*-up-north-free", "name": "stone", "quantity": 1 }
	},
	"width": 1,
	"height": 2,
	"recipeGroup": 3,
	"output": { "type": "item", "code": "bricklayers:smallstonebrick-{stone}", "quantity": 3 }
	},
	{
	"ingredientPattern": "H,B",
	"ingredients": {
		"H": { "type": "item", "code": "game:hammer-*", "isTool": true },
		"B": { "type": "block", "code": "bricklayers:smallstonebrickstairs-*-up-north-free", "name": "stone", "quantity": 1 }
	},
	"width": 1,
	"height": 2,
	"recipeGroup": 3,
	"output": { "type": "item", "code": "bricklayers:smallstonebrick-{stone}", "quantity": 3 }
	}
]
