[
	{
	"ingredientPattern": "CSC,GLG",
	"ingredients": {
		"G": { "type": "item",  "code": "game:drygrass", "quantity": 2 },
		"C": { "type": "item",  "code": "game:clay-*" },
		"L": { "type": "block", "code": "game:soil-low-none" },
		"S": { "type": "block", "code": "game:sand-*" }
	},
	"name": "mudbrickslablight",
	"recipeGroup": 1,
	"width": 3,
	"height": 2,
	"output": { "type": "block", "code": "game:mudbrickslab-light-down-free", "quantity": 4 }
	},

	{
	"ingredientPattern": "CSC,GLG",
	"ingredients": {
		"G": { "type": "item",  "code": "game:drygrass", "quantity": 2 },
		"C": { "type": "item",  "code": "game:clay-*" },
		"L": { "type": "block", "code": "game:soil-medium-none" },
		"S": { "type": "block", "code": "game:sand-*", "name": "sand", "allowedVariants": [ "granite", "chalk", "limestone", "sandstone", "claystone", "chert", "conglomerate" ] }
	},
	"name": "mudbrickslablight",
	"recipeGroup": 1,
	"width": 3,
	"height": 2,
	"output": { "type": "block", "code": "game:mudbrickslab-light-down-free", "quantity": 4 }
	},

	{
	"ingredientPattern": "CSC,GLG",
	"ingredients": {
		"G": { "type": "item",  "code": "game:drygrass", "quantity": 2 },
		"C": { "type": "item",  "code": "game:clay-*" },
		"L": { "type": "block", "code": "game:soil-medium-none" },
		"S": { "type": "block", "code": "game:sand-*", "name": "sand", "allowedVariants": [ "basalt", "obsidian", "slate", "shale", "kimberlite", "peridotite" ] }
	},
	"name": "mudbrickslabdark",
	"recipeGroup": 1,
	"width": 3,
	"height": 2,
	"output": { "type": "block", "code": "game:mudbrickslab-dark-down-free", "quantity": 4 }
	}
]
