{
	"editor": {
		"allAngles": false,
		"entityTextureMode": false
	},
	"textureWidth": 16,
	"textureHeight": 16,
	"textureSizes": {
	},
	"textures": {
		"RosesInStainedGlass": "C:/Users/Poiso/Desktop/FSWilds/fswilds/assets/feverstonewilds/textures/block/painting/RosesInStainedGlass"
	},
	"elements": [
		{
			"name": "Left",
			"from": [ 0.0, 0.0, 15.0 ],
			"to": [ 1.0, 16.0, 16.0 ],
			"rotationOrigin": [ 8.0, 0.0, 0.0 ],
			"faces": {
				"north": { "texture": "#RosesInStainedGlass", "uv": [ 3.7778, 0.0, 4.2222, 14.0 ], "autoUv": false },
				"east": { "texture": "#RosesInStainedGlass", "uv": [ 3.7778, 0.0, 4.2222, 14.0 ], "autoUv": false },
				"south": { "texture": "#RosesInStainedGlass", "uv": [ 3.7778, 0.0, 4.2222, 14.0 ], "autoUv": false },
				"west": { "texture": "#RosesInStainedGlass", "uv": [ 3.7778, 0.0, 4.2222, 14.0 ], "autoUv": false },
				"up": { "texture": "#RosesInStainedGlass", "uv": [ 3.7778, 0.0, 4.2222, 0.4444 ], "autoUv": false },
				"down": { "texture": "#RosesInStainedGlass", "uv": [ 3.7778, 0.0, 4.2222, 0.4444 ], "autoUv": false }
			}
		},
		{
			"name": "Top",
			"from": [ 1.0, 29.0, 15.0 ],
			"to": [ 15.0, 30.0, 16.0 ],
			"rotationOrigin": [ 0.0, 14.0, 0.0 ],
			"faces": {
				"north": { "texture": "#RosesInStainedGlass", "uv": [ 3.7778, 0.0, 11.7778, 0.4444 ], "autoUv": false },
				"east": { "texture": "#RosesInStainedGlass", "uv": [ 3.7778, 0.0, 4.2222, 0.4444 ], "autoUv": false },
				"south": { "texture": "#RosesInStainedGlass", "uv": [ 3.7778, 0.0, 11.7778, 0.4444 ], "autoUv": false },
				"west": { "texture": "#RosesInStainedGlass", "uv": [ 3.7778, 0.0, 4.2222, 0.4444 ], "autoUv": false },
				"up": { "texture": "#RosesInStainedGlass", "uv": [ 3.7778, 0.0, 11.5556, 0.4444 ], "autoUv": false },
				"down": { "texture": "#RosesInStainedGlass", "uv": [ 4.4444, 13.5556, 11.5556, 14.0 ], "autoUv": false }
			}
		},
		{
			"name": "Canvas",
			"from": [ 1.0, 1.0, 15.9 ],
			"to": [ 15.0, 29.0, 15.9 ],
			"zOffset": 1,
			"renderPass": 1,
			"rotationOrigin": [ 8.0, 0.0, 0.0 ],
			"faces": {
				"north": { "texture": "#RosesInStainedGlass", "uv": [ 4.2222, 0.4444, 11.3333, 13.5556 ], "autoUv": false }
			}
		},
		{
			"name": "Left2",
			"from": [ 0.0, 16.0, 15.0 ],
			"to": [ 1.0, 30.0, 16.0 ],
			"rotationOrigin": [ 8.0, 16.0, 0.0 ],
			"faces": {
				"north": { "texture": "#RosesInStainedGlass", "uv": [ 3.7778, 0.0, 4.2222, 14.0 ], "autoUv": false },
				"east": { "texture": "#RosesInStainedGlass", "uv": [ 3.7778, 0.0, 4.2222, 14.0 ], "autoUv": false },
				"south": { "texture": "#RosesInStainedGlass", "uv": [ 3.7778, 0.0, 4.2222, 14.0 ], "autoUv": false },
				"west": { "texture": "#RosesInStainedGlass", "uv": [ 3.7778, 0.0, 4.2222, 14.0 ], "autoUv": false },
				"up": { "texture": "#RosesInStainedGlass", "uv": [ 3.7778, 0.0, 4.2222, 0.4444 ], "autoUv": false },
				"down": { "texture": "#RosesInStainedGlass", "uv": [ 3.7778, 0.0, 4.2222, 0.4444 ], "autoUv": false }
			}
		},
		{
			"name": "Right",
			"from": [ 15.0, 0.0, 15.0 ],
			"to": [ 16.0, 16.0, 16.0 ],
			"rotationOrigin": [ 0.0, 8.0, 0.0 ],
			"faces": {
				"north": { "texture": "#RosesInStainedGlass", "uv": [ 3.7778, 0.0, 4.2222, 14.0 ], "autoUv": false },
				"east": { "texture": "#RosesInStainedGlass", "uv": [ 3.7778, 0.0, 4.2222, 14.0 ], "autoUv": false },
				"south": { "texture": "#RosesInStainedGlass", "uv": [ 3.7778, 0.0, 4.2222, 14.0 ], "autoUv": false },
				"west": { "texture": "#RosesInStainedGlass", "uv": [ 3.7778, 0.0, 4.2222, 14.0 ], "autoUv": false },
				"up": { "texture": "#RosesInStainedGlass", "uv": [ 3.7778, 0.0, 4.2222, 0.4444 ], "autoUv": false },
				"down": { "texture": "#RosesInStainedGlass", "uv": [ 3.7778, 0.0, 4.2222, 0.4444 ], "autoUv": false }
			}
		},
		{
			"name": "Right2",
			"from": [ 15.0, 16.0, 15.0 ],
			"to": [ 16.0, 30.0, 16.0 ],
			"rotationOrigin": [ 0.0, 24.0, 0.0 ],
			"faces": {
				"north": { "texture": "#RosesInStainedGlass", "uv": [ 3.7778, 0.0, 4.2222, 14.0 ], "autoUv": false },
				"east": { "texture": "#RosesInStainedGlass", "uv": [ 3.7778, 0.0, 4.2222, 14.0 ], "autoUv": false },
				"south": { "texture": "#RosesInStainedGlass", "uv": [ 3.7778, 0.0, 4.2222, 14.0 ], "autoUv": false },
				"west": { "texture": "#RosesInStainedGlass", "uv": [ 3.7778, 0.0, 4.2222, 14.0 ], "autoUv": false },
				"up": { "texture": "#RosesInStainedGlass", "uv": [ 3.7778, 0.0, 4.2222, 0.4444 ], "autoUv": false },
				"down": { "texture": "#RosesInStainedGlass", "uv": [ 3.7778, 0.0, 4.2222, 0.4444 ], "autoUv": false }
			}
		},
		{
			"name": "Bottom",
			"from": [ 1.0, 0.0, 15.0 ],
			"to": [ 15.0, 1.0, 16.0 ],
			"faces": {
				"north": { "texture": "#RosesInStainedGlass", "uv": [ 3.7778, 0.0, 11.7778, 0.4444 ], "autoUv": false },
				"east": { "texture": "#RosesInStainedGlass", "uv": [ 3.7778, 0.0, 4.2222, 0.4444 ], "autoUv": false },
				"south": { "texture": "#RosesInStainedGlass", "uv": [ 3.7778, 0.0, 11.7778, 0.4444 ], "autoUv": false },
				"west": { "texture": "#RosesInStainedGlass", "uv": [ 3.7778, 0.0, 4.2222, 0.4444 ], "autoUv": false },
				"up": { "texture": "#RosesInStainedGlass", "uv": [ 3.7778, 0.0, 11.5556, 0.4444 ], "autoUv": false },
				"down": { "texture": "#RosesInStainedGlass", "uv": [ 4.4444, 13.5556, 11.5556, 14.0 ], "autoUv": false }
			}
		}
	]}