[
  {
    "op": "add",
    "path": "/animations/-",
    "value": {
      "name": "HP-SitSpinning",
      "code": "hp-sitspinning",
      "quantityframes": 61,
      "onActivityStopped": "EaseOut",
      "onAnimationEnd": "Repeat",
      "keyframes": [
        {
          "frame": 0,
          "elements": {
            "LowerTorso": { "offsetX": 6.2, "offsetY": -4.0, "offsetZ": 0.0 },
            "UpperTorso": { "rotationX": 0.0, "rotationY": 0.0, "rotationZ": 12.0 },
            "UpperArmR": { "offsetX": 1.0, "offsetY": 0.0, "offsetZ": 0.0, "rotationX": 0.0, "rotationY": -22.5, "rotationZ": -34.0 },
            "LowerArmR": { "offsetX": 0.0, "offsetY": 0.2, "offsetZ": 0.3, "rotationX": -33.0, "rotationY": 11.0, "rotationZ": -50.0 },
            "UpperArmL": { "offsetX": 1.0, "offsetY": 0.0, "offsetZ": 0.0, "rotationX": 0.0, "rotationY": 22.5, "rotationZ": -55.0 },
            "LowerArmL": { "offsetX": 0.0, "offsetY": 0.5, "offsetZ": 0.0, "rotationX": 43.13, "rotationY": 2.34, "rotationZ": -33.0 },
            "Head": { "offsetX": 0.0, "offsetY": 0.0, "offsetZ": 0.0, "rotationX": 0.0, "rotationY": 22.5, "rotationZ": 0.0 },
            "UpperFootL": { "rotationX": 0.0, "rotationY": 8.0, "rotationZ": -85.0 },
            "LowerFootL": { "offsetX": 0.0, "offsetY": 1.5, "offsetZ": 0.0, "rotationX": 0.0, "rotationY": 0.0, "rotationZ": 84.0 },
            "UpperFootR": { "rotationX": 0.0, "rotationY": -11.0, "rotationZ": -86.0 },
            "LowerFootR": { "offsetX": 0.0, "offsetY": 1.5, "offsetZ": 0.0, "rotationX": 0.0, "rotationY": 0.0, "rotationZ": 78.0 }
          }
        },
        {
          "frame": 18,
          "elements": {
            "Head": { "rotationX": 0.61, "rotationY": 19.85, "rotationZ": 5.0 }
          }
        },
        {
          "frame": 19,
          "elements": {
            "UpperArmL": { "rotationX": -10.1, "rotationY": 24.55, "rotationZ": -35.93 },
            "LowerArmL": { "rotationX": 41.34, "rotationY": 4.75, "rotationZ": -47.35 }
          }
        },
        {
          "frame": 25,
          "elements": {
            "LowerFootL": { "rotationX": 0.0, "rotationY": 0.0, "rotationZ": 82.0 }
          }
        },
        {
          "frame": 30,
          "elements": {
            "UpperTorso": { "rotationX": 0.0, "rotationY": 0.0, "rotationZ": 11.0 },
            "UpperArmR": { "rotationX": 1.96, "rotationY": -17.85, "rotationZ": -28.32 },
            "LowerFootR": { "offsetX": 0.0, "offsetY": 1.1, "offsetZ": 0.0, "rotationX": 0.0, "rotationY": 0.0, "rotationZ": 42.0 },
            "UpperFootR": { "rotationX": 0.0, "rotationY": -11.0, "rotationZ": -61.0 },
            "LowerArmR": { "rotationX": -45.0, "rotationY": 0.0, "rotationZ": -36.5 }
          }
        },
        {
          "frame": 40,
          "elements": {
            "Head": { "rotationX": 0.97, "rotationY": 18.32, "rotationZ": 3.95 }
          }
        },
        {
          "frame": 49,
          "elements": {
            "LowerFootL": { "rotationX": 0.0, "rotationY": 0.0, "rotationZ": 84.0 }
          }
        }
      ]
    },
    "file": "game:shapes/entity/humanoid/seraph-faceless.json"
  },
  {
    "op": "add",
    "path": "/animations/-",
    "value": {
      "name": "Holding spindle with both hands",
      "code": "holdbothhandsspindle",
      "quantityframes": 60,
      "onActivityStopped": "EaseOut",
      "onAnimationEnd": "Repeat",
      "keyframes": [
        {
          "frame": 0,
          "elements": {
            "UpperArmR": {
              "offsetX": 0.0,
              "offsetY": -0.4,
              "offsetZ": 0.4,
              "rotationX": 6.0,
              "rotationY": 0.0,
              "rotationZ": -20.0
            },
            "LowerArmR": {
              "offsetX": 0.4,
              "offsetY": 0.6,
              "offsetZ": 0.0,
              "rotationX": -45.0,
              "rotationY": 23.0,
              "rotationZ": -52.0
            },
            "UpperArmL": {
              "offsetX": 0.0,
              "offsetY": -0.4,
              "offsetZ": -0.2,
              "rotationX": -4.0,
              "rotationY": 0.0,
              "rotationZ": -20.0
            },
            "LowerArmL": {
              "offsetX": 0.4,
              "offsetY": 0.6,
              "offsetZ": 0.0,
              "rotationX": 30.0,
              "rotationY": -16.0,
              "rotationZ": -60.0
            },
            "ItemAnchorL": {
              "offsetX": 0.0,
              "offsetY": 0.0,
              "offsetZ": -2.0,
              "rotationX": -45.0,
              "rotationY": -17.0,
              "rotationZ": 0.0
            },
            "Neck": {
              "rotationX": 0.0,
              "rotationY": 0.0,
              "rotationZ": 11.0
            },
            "Head": {
              "rotationX": 0.0,
              "rotationY": 0.0,
              "rotationZ": 14.0
            }
          }
        }
      ]
    },
    "file": "game:shapes/entity/humanoid/seraph-faceless.json"
  },
  {
    "op": "add",
    "path": "/animations/-",
    "value": {
      "name": "Holding spindle with both hands-fp",
      "code": "holdbothhandsspindle-fp",
      "quantityframes": 60,
      "onActivityStopped": "EaseOut",
      "onAnimationEnd": "Repeat",
      "keyframes": [
        {
          "frame": 0,
          "elements": {
            "UpperArmR": {
              "offsetX": 0.0,
              "offsetY": -1.0,
              "offsetZ": 0.4,
              "rotationX": 6.0,
              "rotationY": 21.0,
              "rotationZ": -35.0
            },
            "LowerArmR": {
              "offsetX": -0.1,
              "offsetY": 1.3,
              "offsetZ": 0.0,
              "rotationX": 6.0,
              "rotationY": 0.0,
              "rotationZ": -74.0
            },
            "UpperArmL": {
              "offsetX": 0.0,
              "offsetY": -1.0,
              "offsetZ": -0.2,
              "rotationX": -4.0,
              "rotationY": -19.0,
              "rotationZ": -35.0
            },
            "LowerArmL": {
              "offsetX": -0.2,
              "offsetY": 1.4,
              "offsetZ": 0.0,
              "rotationX": -6.0,
              "rotationY": 0.0,
              "rotationZ": -71.0
            },
            "ItemAnchorL": {
              "offsetX": 0.0,
              "offsetY": -0.2,
              "offsetZ": -1.7,
              "rotationX": -45.0,
              "rotationY": 0.0,
              "rotationZ": 0.0
            },
            "ItemAnchor": {
              "offsetX": -0.5,
              "offsetY": 0.0,
              "offsetZ": 0.7,
              "rotationX": 23.0,
              "rotationY": -25.0,
              "rotationZ": 18.0
            },
            "Head": {
              "rotationX": 0.0,
              "rotationY": 0.0,
              "rotationZ": 14.0
            },
            "Neck": {
              "rotationX": 0.0,
              "rotationY": 0.0,
              "rotationZ": 11.0
            }
          }
        }
      ]
    },
    "file": "game:shapes/entity/humanoid/seraph-faceless.json"
  },
  {
    "op": "add",
    "path": "/animations/-",
    "value": {
      "name": "Holding spindle with both hands idle",
      "code": "holdbothhandsspindleidle",
      "quantityframes": 60,
      "onActivityStopped": "EaseOut",
      "onAnimationEnd": "Repeat",
      "keyframes": [
        {
          "frame": 0,
          "elements": {
            "UpperArmR": {
              "offsetX": 0.0,
              "offsetY": -0.4,
              "offsetZ": 0.4,
              "rotationX": 6.0,
              "rotationY": 0.0,
              "rotationZ": -20.0
            },
            "LowerArmR": {
              "offsetX": 0.4,
              "offsetY": 0.6,
              "offsetZ": 0.0,
              "rotationX": -45.0,
              "rotationY": 23.0,
              "rotationZ": -52.0
            },
            "UpperArmL": {
              "offsetX": 0.0,
              "offsetY": -0.4,
              "offsetZ": -0.2,
              "rotationX": -4.0,
              "rotationY": 0.0,
              "rotationZ": -20.0
            },
            "LowerArmL": {
              "offsetX": 0.4,
              "offsetY": 0.6,
              "offsetZ": 0.0,
              "rotationX": 30.0,
              "rotationY": -16.0,
              "rotationZ": -60.0
            },
            "ItemAnchorL": {
              "offsetX": 0.0,
              "offsetY": 0.0,
              "offsetZ": -2.0,
              "rotationX": -45.0,
              "rotationY": -17.0,
              "rotationZ": 0.0
            },
            "Neck": {
              "rotationX": 0.0,
              "rotationY": 0.0,
              "rotationZ": 11.0
            },
            "Head": {
              "rotationX": 0.0,
              "rotationY": 0.0,
              "rotationZ": 14.0
            }
          }
        }
      ]
    },
    "file": "game:shapes/entity/humanoid/seraph-faceless.json"
  },
  {
    "op": "add",
    "path": "/animations/-",
    "value": {
      "name": "SitLoomIdle",
      "code": "sitloomidle",
      "quantityframes": 60,
      "onActivityStopped": "Rewind",
      "onAnimationEnd": "Repeat",
      "keyframes": [
        {
          "frame": 0,
          "elements": {
            "LowerTorso": { "offsetX": 6.2, "offsetY": -12.6, "offsetZ": 0.0 },
            "UpperTorso": { "rotationX": 0.0, "rotationY": 0.0, "rotationZ": 12.0 },
            "UpperArmR": { "offsetX": 1.0, "offsetY": 0.0, "offsetZ": 0.4, "rotationX": 0.0, "rotationY": -44.0, "rotationZ": -83.0 },
            "LowerArmR": { "rotationX": -91.0, "rotationY": 0.0, "rotationZ": 3.0 },
            "UpperArmL": { "offsetX": 1.0, "offsetY": 0.0, "offsetZ": -0.3, "rotationX": 0.0, "rotationY": 44.0, "rotationZ": -83.0 },
            "LowerArmL": { "rotationX": 89.0, "rotationY": -6.0, "rotationZ": 3.0 },
            "Head": { "offsetX": 0.0, "offsetY": 0.0, "offsetZ": 0.0, "rotationX": 0.0, "rotationY": 0.0, "rotationZ": -10.0 },
            "UpperFootL": { "offsetX": 0.0, "offsetY": 1.0, "offsetZ": 0.0, "rotationX": 0.0, "rotationY": 5.0, "rotationZ": -89.0 },
            "LowerFootL": { "offsetX": 0.0, "offsetY": 1.0, "offsetZ": 0.0, "rotationX": 0.0, "rotationY": 0.0, "rotationZ": 72.0 },
            "UpperFootR": { "offsetX": 0.0, "offsetY": 1.0, "offsetZ": 0.0, "rotationX": 0.0, "rotationY": -5.0, "rotationZ": -89.0 },
            "LowerFootR": { "offsetX": 0.0, "offsetY": 1.0, "offsetZ": 0.0, "rotationX": 0.0, "rotationY": 0.0, "rotationZ": 72.0 }
          }
        },
        {
          "frame": 30,
          "elements": {
            "UpperTorso": { "rotationX": 0.0, "rotationY": 0.0, "rotationZ": 13.0 }
          }
        }
      ]
    },
    "file": "game:shapes/entity/humanoid/seraph-faceless.json"
  },
  {
    "op": "add",
    "path": "/animations/-",
    "value": {
      "name": "SitLoomStart",
      "code": "sitloomstart",
      "quantityframes": 12,
      "onActivityStopped": "EaseOut",
      "onAnimationEnd": "Stop",
      "keyframes": [
        {
          "frame": 0,
          "elements": {
            "LowerTorso": { "offsetX": 6.2, "offsetY": -12.6, "offsetZ": 0.0 },
            "UpperTorso": { "rotationX": 0.0, "rotationY": 0.0, "rotationZ": 12.0 },
            "UpperArmR": { "offsetX": 1.0, "offsetY": 0.0, "offsetZ": 0.4, "rotationX": 0.0, "rotationY": -44.0, "rotationZ": -83.0 },
            "LowerArmR": { "rotationX": -91.0, "rotationY": 0.0, "rotationZ": 3.0 },
            "UpperArmL": { "offsetX": 1.0, "offsetY": 0.0, "offsetZ": -0.3, "rotationX": 0.0, "rotationY": 44.0, "rotationZ": -83.0 },
            "LowerArmL": { "rotationX": 89.0, "rotationY": -6.0, "rotationZ": 3.0 },
            "Head": { "offsetX": 0.0, "offsetY": 0.0, "offsetZ": 0.0, "rotationX": 0.0, "rotationY": 0.0, "rotationZ": 0.0 },
            "UpperFootL": { "offsetX": 0.0, "offsetY": 1.0, "offsetZ": 0.0, "rotationX": 0.0, "rotationY": 5.0, "rotationZ": -89.0 },
            "LowerFootL": { "offsetX": 0.0, "offsetY": 1.0, "offsetZ": 0.0, "rotationX": 0.0, "rotationY": 0.0, "rotationZ": 72.0 },
            "UpperFootR": { "offsetX": 0.0, "offsetY": 1.0, "offsetZ": 0.0, "rotationX": 0.0, "rotationY": -5.0, "rotationZ": -89.0 },
            "LowerFootR": { "offsetX": 0.0, "offsetY": 1.0, "offsetZ": 0.0, "rotationX": 0.0, "rotationY": 0.0, "rotationZ": 72.0 }
          }
        },
        {
          "frame": 11,
          "elements": {
            "UpperArmR": { "rotationX": 0.0, "rotationY": -25.0, "rotationZ": -91.0 },
            "LowerArmR": { "rotationX": -42.0, "rotationY": 3.0, "rotationZ": -5.5 },
            "UpperArmL": { "rotationX": 0.0, "rotationY": 22.0, "rotationZ": -91.0 },
            "LowerArmL": { "rotationX": 61.0, "rotationY": -6.0, "rotationZ": -11.0 },
            "UpperFootL": { "rotationX": 0.0, "rotationY": 5.0, "rotationZ": -66.0 },
            "LowerFootL": { "rotationX": 0.0, "rotationY": 0.0, "rotationZ": 43.0 }
          }
        }
      ]
    },
    "file": "game:shapes/entity/humanoid/seraph-faceless.json"
  },
  {
    "op": "add",
    "path": "/animations/-",
    "value": {
      "name": "SitLoomFull",
      "code": "sitloomfull",
      "quantityframes": 257,
      "onActivityStopped": "Stop",
      "onAnimationEnd": "Repeat",
      "keyframes": [
        {
          "frame": 0,
          "elements": {
            "LowerTorso": { "offsetX": 6.2, "offsetY": -12.6, "offsetZ": 0.0 },
            "UpperTorso": { "rotationX": 0.0, "rotationY": 0.0, "rotationZ": 12.0 },
            "UpperArmR": { "offsetX": 1.0, "offsetY": 0.0, "offsetZ": 0.4, "rotationX": 0.0, "rotationY": -25.0, "rotationZ": -91.0 },
            "LowerArmR": { "rotationX": -42.0, "rotationY": 3.0, "rotationZ": -5.5 },
            "UpperArmL": { "offsetX": 1.0, "offsetY": 0.0, "offsetZ": -0.3, "rotationX": 0.0, "rotationY": 22.0, "rotationZ": -91.0 },
            "LowerArmL": { "rotationX": 61.0, "rotationY": -6.0, "rotationZ": -11.0 },
            "Head": { "offsetX": 0.0, "offsetY": 0.0, "offsetZ": 0.0, "rotationX": 0.0, "rotationY": 0.0, "rotationZ": 0.0 },
            "UpperFootL": { "offsetX": 0.0, "offsetY": 1.0, "offsetZ": 0.0, "rotationX": 0.0, "rotationY": 5.0, "rotationZ": -66.0 },
            "LowerFootL": { "offsetX": 0.0, "offsetY": 1.0, "offsetZ": 0.0, "rotationX": 0.0, "rotationY": 0.0, "rotationZ": 43.0 },
            "UpperFootR": { "offsetX": 0.0, "offsetY": 1.0, "offsetZ": 0.0, "rotationX": 0.0, "rotationY": -5.0, "rotationZ": -89.0 },
            "LowerFootR": { "offsetX": 0.0, "offsetY": 1.0, "offsetZ": 0.0, "rotationX": 0.0, "rotationY": 0.0, "rotationZ": 72.0 }
          }
        },
        {
          "frame": 1,
          "elements": {
            "LowerArmL": { "rotationX": 63.5, "rotationY": -6.0, "rotationZ": -11.0 },
            "UpperArmL": { "rotationX": 0.0, "rotationY": 22.0, "rotationZ": -89.0 }
          }
        },
        {
          "frame": 8,
          "elements": {
            "UpperTorso": { "rotationX": 0.0, "rotationY": 0.0, "rotationZ": 12.0 },
            "UpperArmR": { "rotationX": 0.0, "rotationY": -25.0, "rotationZ": -91.0 },
            "UpperArmL": { "rotationX": 0.0, "rotationY": 22.0, "rotationZ": -89.0 },
            "Head": { "rotationX": 0.0, "rotationY": 0.0, "rotationZ": 0.0 },
            "LowerArmR": { "rotationX": -42.0, "rotationY": 3.0, "rotationZ": -5.5 },
            "LowerArmL": { "rotationX": 63.5, "rotationY": -6.0, "rotationZ": -11.0 }
          }
        },
        {
          "frame": 15,
          "elements": {
            "UpperFootL": { "rotationX": 0.0, "rotationY": 5.0, "rotationZ": -66.0 },
            "LowerFootL": { "rotationX": 0.0, "rotationY": 0.0, "rotationZ": 43.0 },
            "UpperFootR": { "rotationX": 0.0, "rotationY": -5.0, "rotationZ": -89.0 },
            "LowerFootR": { "rotationX": 0.0, "rotationY": 0.0, "rotationZ": 72.0 }
          }
        },
        {
          "frame": 16,
          "elements": {
            "UpperTorso": { "rotationX": 0.0, "rotationY": 0.0, "rotationZ": 6.0 },
            "UpperArmR": { "rotationX": 3.0, "rotationY": -78.0, "rotationZ": -78.0 },
            "LowerArmR": { "rotationX": -111.0, "rotationY": 10.0, "rotationZ": 3.0 },
            "UpperArmL": { "rotationX": 0.0, "rotationY": 41.0, "rotationZ": -86.0 },
            "LowerArmL": { "rotationX": 113.0, "rotationY": 3.0, "rotationZ": -10.0 },
            "Head": { "rotationX": 0.0, "rotationY": 0.0, "rotationZ": 6.0 }
          }
        },
        {
          "frame": 17,
          "elements": {
            "Head": { "rotationX": 0.0, "rotationY": 0.0, "rotationZ": 5.0 }
          }
        },
        {
          "frame": 23,
          "elements": {
            "LowerFootR": { "rotationX": 0.0, "rotationY": 0.0, "rotationZ": 43.0 },
            "UpperFootR": { "rotationX": 0.0, "rotationY": -5.0, "rotationZ": -66.0 },
            "UpperFootL": { "rotationX": 0.0, "rotationY": 5.0, "rotationZ": -89.0 },
            "LowerFootL": { "rotationX": 0.0, "rotationY": 0.0, "rotationZ": 72.0 }
          }
        },
        {
          "frame": 24,
          "elements": {
            "UpperTorso": { "rotationX": 0.0, "rotationY": 0.0, "rotationZ": 6.0 },
            "UpperArmR": { "rotationX": 3.0, "rotationY": -78.0, "rotationZ": -78.0 },
            "LowerArmR": { "rotationX": -111.0, "rotationY": 10.0, "rotationZ": 3.0 },
            "UpperArmL": { "rotationX": 0.0, "rotationY": 41.0, "rotationZ": -86.0 },
            "LowerArmL": { "rotationX": 113.0, "rotationY": 3.0, "rotationZ": -10.0 },
            "Head": { "rotationX": 0.0, "rotationY": 0.0, "rotationZ": 5.0 }
          }
        },
        {
          "frame": 32,
          "elements": {
            "UpperTorso": { "rotationX": 0.0, "rotationY": 0.0, "rotationZ": 12.0 },
            "UpperArmR": { "rotationX": 0.0, "rotationY": -25.0, "rotationZ": -91.0 },
            "LowerArmR": { "rotationX": -42.0, "rotationY": 3.0, "rotationZ": -5.5 },
            "UpperArmL": { "rotationX": 0.0, "rotationY": 22.0, "rotationZ": -89.0 },
            "LowerArmL": { "rotationX": 61.0, "rotationY": -6.0, "rotationZ": -11.0 },
            "Head": { "rotationX": 0.0, "rotationY": 0.0, "rotationZ": 0.0 }
          }
        },
        {
          "frame": 33,
          "elements": {
            "UpperArmL": { "rotationX": 0.0, "rotationY": 24.0, "rotationZ": -89.0 }
          }
        },
        {
          "frame": 40,
          "elements": {
            "LowerArmL": { "rotationX": 61.0, "rotationY": -6.0, "rotationZ": -11.0 },
            "UpperArmL": { "rotationX": 0.0, "rotationY": 24.0, "rotationZ": -89.0 },
            "LowerArmR": { "rotationX": -42.0, "rotationY": 3.0, "rotationZ": -5.5 },
            "UpperArmR": { "rotationX": 0.0, "rotationY": -25.0, "rotationZ": -91.0 },
            "UpperTorso": { "rotationX": 0.0, "rotationY": 0.0, "rotationZ": 12.0 },
            "Head": { "rotationX": 0.0, "rotationY": 0.0, "rotationZ": 0.0 }
          }
        },
        {
          "frame": 48,
          "elements": {
            "Head": { "rotationX": 0.0, "rotationY": 0.0, "rotationZ": 6.0 },
            "UpperTorso": { "rotationX": 0.0, "rotationY": 0.0, "rotationZ": 6.0 },
            "LowerArmR": { "rotationX": -104.0, "rotationY": 3.0, "rotationZ": 8.0 },
            "UpperArmR": { "rotationX": -13.0, "rotationY": -70.0, "rotationZ": -91.0 },
            "UpperArmL": { "rotationX": 14.0, "rotationY": 47.0, "rotationZ": -89.0 },
            "LowerArmL": { "rotationX": 114.0, "rotationY": 14.0, "rotationZ": -3.0 }
          }
        },
        {
          "frame": 49,
          "elements": {
            "UpperFootL": { "rotationX": 0.0, "rotationY": 5.0, "rotationZ": -89.0 },
            "LowerFootL": { "rotationX": 0.0, "rotationY": 0.0, "rotationZ": 72.0 },
            "UpperFootR": { "rotationX": 0.0, "rotationY": -5.0, "rotationZ": -66.0 },
            "LowerFootR": { "rotationX": 0.0, "rotationY": 0.0, "rotationZ": 43.0 },
            "Head": { "rotationX": 0.0, "rotationY": 0.0, "rotationZ": 5.0 }
          }
        },
        {
          "frame": 56,
          "elements": {
            "Head": { "rotationX": 0.0, "rotationY": 0.0, "rotationZ": 5.0 },
            "UpperTorso": { "rotationX": 0.0, "rotationY": 0.0, "rotationZ": 6.0 },
            "LowerArmR": { "rotationX": -104.0, "rotationY": 3.0, "rotationZ": 8.0 },
            "UpperArmR": { "rotationX": -13.0, "rotationY": -70.0, "rotationZ": -91.0 },
            "LowerArmL": { "rotationX": 114.0, "rotationY": 14.0, "rotationZ": -3.0 },
            "UpperArmL": { "rotationX": 14.0, "rotationY": 47.0, "rotationZ": -89.0 }
          }
        },
        {
          "frame": 57,
          "elements": {
            "UpperFootL": { "rotationX": 0.0, "rotationY": 5.0, "rotationZ": -66.0 },
            "LowerFootL": { "rotationX": 0.0, "rotationY": 0.0, "rotationZ": 43.0 },
            "UpperFootR": { "rotationX": 0.0, "rotationY": -5.0, "rotationZ": -89.0 },
            "LowerFootR": { "rotationX": 0.0, "rotationY": 0.0, "rotationZ": 72.0 }
          }
        },
        {
          "frame": 64,
          "elements": {
            "Head": { "rotationX": 0.0, "rotationY": 0.0, "rotationZ": 0.0 },
            "UpperTorso": { "rotationX": 0.0, "rotationY": 0.0, "rotationZ": 12.0 },
            "UpperArmR": { "rotationX": 0.0, "rotationY": -25.0, "rotationZ": -91.0 },
            "LowerArmR": { "rotationX": -42.0, "rotationY": 3.0, "rotationZ": -5.5 },
            "LowerArmL": { "rotationX": 61.0, "rotationY": -6.0, "rotationZ": -11.0 },
            "UpperArmL": { "rotationX": 0.0, "rotationY": 22.0, "rotationZ": -89.0 }
          }
        },
        {
          "frame": 65,
          "elements": {
            "UpperArmL": { "rotationX": 0.0, "rotationY": 19.0, "rotationZ": -89.0 },
            "LowerArmL": { "rotationX": 60.0, "rotationY": -6.0, "rotationZ": -12.0 }
          }
        },
        {
          "frame": 72,
          "elements": {
            "UpperTorso": { "rotationX": 0.0, "rotationY": 0.0, "rotationZ": 12.0 },
            "Head": { "rotationX": 0.0, "rotationY": 0.0, "rotationZ": 0.0 },
            "LowerArmR": { "rotationX": -42.0, "rotationY": 3.0, "rotationZ": -5.5 },
            "UpperArmR": { "rotationX": 0.0, "rotationY": -25.0, "rotationZ": -91.0 },
            "UpperArmL": { "rotationX": 0.0, "rotationY": 19.0, "rotationZ": -89.0 },
            "LowerArmL": { "rotationX": 60.0, "rotationY": -6.0, "rotationZ": -12.0 }
          }
        },
        {
          "frame": 79,
          "elements": {
            "LowerFootR": { "rotationX": 0.0, "rotationY": 0.0, "rotationZ": 72.0 },
            "UpperFootR": { "rotationX": 0.0, "rotationY": -5.0, "rotationZ": -89.0 },
            "UpperFootL": { "rotationX": 0.0, "rotationY": 5.0, "rotationZ": -66.0 },
            "LowerFootL": { "rotationX": 0.0, "rotationY": 0.0, "rotationZ": 43.0 }
          }
        },
        {
          "frame": 80,
          "elements": {
            "Head": { "rotationX": 0.0, "rotationY": 0.0, "rotationZ": 6.0 },
            "LowerArmR": { "rotationX": -102.0, "rotationY": 3.0, "rotationZ": 8.0 },
            "UpperArmR": { "rotationX": -13.0, "rotationY": -69.0, "rotationZ": -91.0 },
            "LowerTorso": { "rotationX": 0.0, "rotationY": 0.0, "rotationZ": 0.0 },
            "UpperTorso": { "rotationX": 0.0, "rotationY": 0.0, "rotationZ": 6.0 },
            "UpperArmL": { "rotationX": 13.0, "rotationY": 42.0, "rotationZ": -89.0 },
            "LowerArmL": { "rotationX": 111.0, "rotationY": 14.0, "rotationZ": -1.0 }
          }
        },
        {
          "frame": 81,
          "elements": {
            "Head": { "rotationX": 0.0, "rotationY": 0.0, "rotationZ": 5.0 }
          }
        },
        {
          "frame": 87,
          "elements": {
            "LowerFootL": { "rotationX": 0.0, "rotationY": 0.0, "rotationZ": 72.0 },
            "UpperFootL": { "rotationX": 0.0, "rotationY": 5.0, "rotationZ": -89.0 },
            "LowerFootR": { "rotationX": 0.0, "rotationY": 0.0, "rotationZ": 43.0 },
            "UpperFootR": { "rotationX": 0.0, "rotationY": -5.0, "rotationZ": -66.0 }
          }
        },
        {
          "frame": 88,
          "elements": {
            "UpperTorso": { "rotationX": 0.0, "rotationY": 0.0, "rotationZ": 6.0 },
            "Head": { "rotationX": 0.0, "rotationY": 0.0, "rotationZ": 5.0 },
            "UpperArmR": { "rotationX": -13.0, "rotationY": -69.0, "rotationZ": -91.0 },
            "LowerArmR": { "rotationX": -102.0, "rotationY": 3.0, "rotationZ": 8.0 },
            "LowerArmL": { "rotationX": 111.0, "rotationY": 14.0, "rotationZ": -1.0 },
            "UpperArmL": { "rotationX": 13.0, "rotationY": 42.0, "rotationZ": -89.0 }
          }
        },
        {
          "frame": 96,
          "elements": {
            "UpperTorso": { "rotationX": 0.0, "rotationY": 0.0, "rotationZ": 12.0 },
            "Head": { "rotationX": 0.0, "rotationY": 0.0, "rotationZ": 0.0 },
            "UpperArmR": { "rotationX": 0.0, "rotationY": -25.0, "rotationZ": -91.0 },
            "LowerArmR": { "rotationX": -42.0, "rotationY": 3.0, "rotationZ": -5.5 },
            "LowerArmL": { "rotationX": 60.0, "rotationY": -6.0, "rotationZ": -12.0 },
            "UpperArmL": { "rotationX": 0.0, "rotationY": 19.0, "rotationZ": -89.0 }
          }
        },
        {
          "frame": 97,
          "elements": {
            "LowerArmL": { "rotationX": 61.0, "rotationY": -6.0, "rotationZ": -12.0 },
            "UpperArmL": { "rotationX": 0.0, "rotationY": 24.0, "rotationZ": -89.0 }
          }
        },
        {
          "frame": 104,
          "elements": {
            "UpperTorso": { "rotationX": 0.0, "rotationY": 0.0, "rotationZ": 12.0 },
            "LowerArmR": { "rotationX": -42.0, "rotationY": 3.0, "rotationZ": -5.5 },
            "UpperArmR": { "rotationX": 0.0, "rotationY": -25.0, "rotationZ": -91.0 },
            "LowerArmL": { "rotationX": 61.0, "rotationY": -6.0, "rotationZ": -12.0 },
            "UpperArmL": { "rotationX": 0.0, "rotationY": 24.0, "rotationZ": -89.0 }
          }
        },
        {
          "frame": 112,
          "elements": {
            "UpperTorso": { "rotationX": 0.0, "rotationY": 0.0, "rotationZ": 6.0 },
            "Head": { "rotationX": 0.0, "rotationY": 0.0, "rotationZ": 6.0 },
            "LowerArmR": { "rotationX": -101.0, "rotationY": 3.0, "rotationZ": 7.0 },
            "UpperArmR": { "rotationX": -13.0, "rotationY": -70.0, "rotationZ": -91.0 },
            "LowerArmL": { "rotationX": 108.0, "rotationY": 8.0, "rotationZ": 0.0 },
            "UpperArmL": { "rotationX": 13.0, "rotationY": 45.0, "rotationZ": -89.0 }
          }
        },
        {
          "frame": 113,
          "elements": {
            "LowerFootR": { "rotationX": 0.0, "rotationY": 0.0, "rotationZ": 43.0 },
            "UpperFootR": { "rotationX": 0.0, "rotationY": -5.0, "rotationZ": -66.0 },
            "LowerFootL": { "rotationX": 0.0, "rotationY": 0.0, "rotationZ": 72.0 },
            "UpperFootL": { "rotationX": 0.0, "rotationY": 5.0, "rotationZ": -89.0 },
            "Head": { "rotationX": 0.0, "rotationY": 0.0, "rotationZ": 5.0 }
          }
        },
        {
          "frame": 120,
          "elements": {
            "UpperTorso": { "rotationX": 0.0, "rotationY": 0.0, "rotationZ": 6.0 },
            "Head": { "rotationX": 0.0, "rotationY": 0.0, "rotationZ": 5.0 },
            "LowerArmR": { "rotationX": -101.0, "rotationY": 3.0, "rotationZ": 7.0 },
            "UpperArmR": { "rotationX": -13.0, "rotationY": -70.0, "rotationZ": -91.0 },
            "LowerArmL": { "rotationX": 108.0, "rotationY": 8.0, "rotationZ": 0.0 },
            "UpperArmL": { "rotationX": 13.0, "rotationY": 45.0, "rotationZ": -89.0 }
          }
        },
        {
          "frame": 121,
          "elements": {
            "UpperFootL": { "rotationX": 0.0, "rotationY": 5.0, "rotationZ": -66.0 },
            "LowerFootL": { "rotationX": 0.0, "rotationY": 0.0, "rotationZ": 43.0 },
            "UpperFootR": { "rotationX": 0.0, "rotationY": -5.0, "rotationZ": -89.0 },
            "LowerFootR": { "rotationX": 0.0, "rotationY": 0.0, "rotationZ": 72.0 }
          }
        },
        {
          "frame": 128,
          "elements": {
            "UpperTorso": { "rotationX": 0.0, "rotationY": 0.0, "rotationZ": 12.0 },
            "Head": { "rotationX": 0.0, "rotationY": 0.0, "rotationZ": 0.0 },
            "LowerArmR": { "rotationX": -42.0, "rotationY": 3.0, "rotationZ": -5.5 },
            "UpperArmR": { "rotationX": 0.0, "rotationY": -25.0, "rotationZ": -91.0 },
            "LowerArmL": { "rotationX": 61.0, "rotationY": -6.0, "rotationZ": -12.0 },
            "UpperArmL": { "rotationX": 0.0, "rotationY": 24.0, "rotationZ": -89.0 }
          }
        },
        {
          "frame": 129,
          "elements": {
            "UpperArmL": { "rotationX": 0.0, "rotationY": 22.0, "rotationZ": -89.0156 },
            "LowerArmL": { "rotationX": 63.0, "rotationY": -6.0, "rotationZ": -12.0 }
          }
        },
        {
          "frame": 136,
          "elements": {
            "UpperTorso": { "rotationX": 0.0, "rotationY": 0.0, "rotationZ": 12.0 },
            "Head": { "rotationX": 0.0, "rotationY": 0.0, "rotationZ": 0.0 },
            "UpperArmR": { "rotationX": 0.0, "rotationY": -25.0, "rotationZ": -91.0 },
            "LowerArmR": { "rotationX": -42.0, "rotationY": 3.0, "rotationZ": -5.5 },
            "UpperArmL": { "rotationX": 0.0, "rotationY": 22.0, "rotationZ": -89.0 },
            "LowerArmL": { "rotationX": 63.0, "rotationY": -6.0, "rotationZ": -12.0 }
          }
        },
        {
          "frame": 143,
          "elements": {
            "UpperFootL": { "rotationX": 0.0, "rotationY": 5.0, "rotationZ": -66.0 },
            "LowerFootL": { "rotationX": 0.0, "rotationY": 0.0, "rotationZ": 43.0 },
            "UpperFootR": { "rotationX": 0.0, "rotationY": -5.0, "rotationZ": -89.0 },
            "LowerFootR": { "rotationX": 0.0, "rotationY": 0.0, "rotationZ": 72.0 }
          }
        },
        {
          "frame": 144,
          "elements": {
            "UpperTorso": { "rotationX": 0.0, "rotationY": 0.0, "rotationZ": 6.0 },
            "Head": { "rotationX": 0.0, "rotationY": 0.0, "rotationZ": 6.0 },
            "LowerArmR": { "rotationX": -94.0, "rotationY": 3.0, "rotationZ": 5.0 },
            "UpperArmR": { "rotationX": -13.0, "rotationY": -64.0, "rotationZ": -91.0 },
            "LowerArmL": { "rotationX": 102.0, "rotationY": -6.0, "rotationZ": 0.0 },
            "UpperArmL": { "rotationX": 13.0, "rotationY": 39.0, "rotationZ": -89.1333 }
          }
        },
        {
          "frame": 145,
          "elements": {
            "Head": { "rotationX": 0.0, "rotationY": 0.0, "rotationZ": 5.0 }
          }
        },
        {
          "frame": 151,
          "elements": {
            "LowerTorso": { "offsetX": 6.2, "offsetY": -12.6, "offsetZ": 0.0 },
            "UpperTorso": { "rotationX": 0.0, "rotationY": 0.0, "rotationZ": 6.0 },
            "UpperFootL": { "rotationX": 0.0, "rotationY": 5.0, "rotationZ": -89.0 },
            "LowerFootL": { "rotationX": 0.0, "rotationY": 0.0, "rotationZ": 72.0 },
            "UpperFootR": { "rotationX": 0.0, "rotationY": -5.0, "rotationZ": -66.0 },
            "LowerFootR": { "rotationX": 0.0, "rotationY": 0.0, "rotationZ": 43.0 }
          }
        },
        {
          "frame": 152,
          "elements": {
            "Head": { "rotationX": 0.0, "rotationY": 0.0, "rotationZ": 5.0 },
            "UpperArmR": { "rotationX": -13.0, "rotationY": -64.0, "rotationZ": -91.0 },
            "LowerArmR": { "rotationX": -94.0, "rotationY": 3.0, "rotationZ": 5.0 },
            "LowerArmL": { "rotationX": 102.0, "rotationY": -6.0, "rotationZ": 0.0 },
            "UpperArmL": { "rotationX": 13.0, "rotationY": 39.0, "rotationZ": -89.0 }
          }
        },
        {
          "frame": 160,
          "elements": {
            "UpperTorso": { "rotationX": 0.0, "rotationY": 0.0, "rotationZ": 12.0 },
            "Head": { "rotationX": 0.0, "rotationY": 0.0, "rotationZ": 0.0 },
            "UpperArmR": { "rotationX": 0.0, "rotationY": -25.0, "rotationZ": -91.0 },
            "LowerArmR": { "rotationX": -42.0, "rotationY": 3.0, "rotationZ": -5.5 },
            "LowerArmL": { "rotationX": 63.0, "rotationY": -6.0, "rotationZ": -12.0 },
            "UpperArmL": { "rotationX": 0.0, "rotationY": 22.0, "rotationZ": -89.0 }
          }
        },
        {
          "frame": 161,
          "elements": {
            "UpperArmL": { "rotationX": 0.0, "rotationY": 25.0, "rotationZ": -89.0 },
            "LowerArmL": { "rotationX": 61.0, "rotationY": -6.0, "rotationZ": -12.0 }
          }
        },
        {
          "frame": 168,
          "elements": {
            "UpperTorso": { "rotationX": 0.0, "rotationY": 0.0, "rotationZ": 12.0 },
            "LowerArmR": { "rotationX": -42.0, "rotationY": 3.0, "rotationZ": -5.5 },
            "UpperArmR": { "rotationX": 0.0, "rotationY": -25.0, "rotationZ": -91.0 },
            "LowerArmL": { "rotationX": 61.0, "rotationY": -6.0, "rotationZ": -12.0 },
            "UpperArmL": { "rotationX": 0.0, "rotationY": 25.0, "rotationZ": -89.0 }
          }
        },
        {
          "frame": 176,
          "elements": {
            "UpperTorso": { "rotationX": 0.0, "rotationY": 0.0, "rotationZ": 6.0 },
            "Head": { "rotationX": 0.0, "rotationY": 0.0, "rotationZ": 6.0 },
            "UpperArmR": { "rotationX": -13.0, "rotationY": -61.0, "rotationZ": -91.0 },
            "LowerArmR": { "rotationX": -89.0, "rotationY": 3.0, "rotationZ": 6.0 },
            "LowerArmL": { "rotationX": 100.0, "rotationY": -2.0, "rotationZ": -2.0 },
            "UpperArmL": { "rotationX": 0.0, "rotationY": 42.0, "rotationZ": -89.0 }
          }
        },
        {
          "frame": 177,
          "elements": {
            "LowerTorso": { "offsetX": 6.2, "offsetY": -12.6, "offsetZ": 0.0 },
            "Head": { "rotationX": 0.0, "rotationY": 0.0, "rotationZ": 5.0 },
            "UpperFootL": { "rotationX": 0.0, "rotationY": 5.0, "rotationZ": -89.0 },
            "LowerFootL": { "rotationX": 0.0, "rotationY": 0.0, "rotationZ": 72.0 },
            "UpperFootR": { "rotationX": 0.0, "rotationY": -5.0, "rotationZ": -66.0 },
            "LowerFootR": { "rotationX": 0.0, "rotationY": 0.0, "rotationZ": 43.0 }
          }
        },
        {
          "frame": 184,
          "elements": {
            "UpperTorso": { "rotationX": 0.0, "rotationY": 0.0, "rotationZ": 6.0 },
            "Head": { "rotationX": 0.0, "rotationY": 0.0, "rotationZ": 5.0 },
            "UpperArmR": { "rotationX": -13.0, "rotationY": -61.0, "rotationZ": -91.0 },
            "LowerArmR": { "rotationX": -89.0, "rotationY": 3.0, "rotationZ": 6.0 },
            "LowerArmL": { "rotationX": 100.0, "rotationY": -2.0, "rotationZ": -2.0 },
            "UpperArmL": { "rotationX": 0.0, "rotationY": 42.0, "rotationZ": -89.0 }
          }
        },
        {
          "frame": 185,
          "elements": {
            "LowerTorso": { "offsetX": 6.2, "offsetY": -12.6, "offsetZ": 0.0 },
            "UpperFootL": { "rotationX": 0.0, "rotationY": 5.0, "rotationZ": -66.0 },
            "LowerFootL": { "rotationX": 0.0, "rotationY": 0.0, "rotationZ": 43.0 },
            "UpperFootR": { "rotationX": 0.0, "rotationY": -5.0, "rotationZ": -89.0 },
            "LowerFootR": { "rotationX": 0.0, "rotationY": 0.0, "rotationZ": 72.0 }
          }
        },
        {
          "frame": 192,
          "elements": {
            "UpperTorso": { "rotationX": 0.0, "rotationY": 0.0, "rotationZ": 12.0 },
            "Head": { "rotationX": 0.0, "rotationY": 0.0, "rotationZ": 0.0 },
            "UpperArmR": { "rotationX": 0.0, "rotationY": -25.0, "rotationZ": -91.0 },
            "LowerArmR": { "rotationX": -42.0, "rotationY": 3.0, "rotationZ": -5.5 },
            "LowerArmL": { "rotationX": 61.0, "rotationY": -6.0, "rotationZ": -12.0 },
            "UpperArmL": { "rotationX": 0.0, "rotationY": 25.0, "rotationZ": -89.0 }
          }
        },
        {
          "frame": 193,
          "elements": {
            "LowerArmL": { "rotationX": 66.0, "rotationY": 0.0, "rotationZ": -11.0 },
            "UpperArmL": { "rotationX": 0.0, "rotationY": 23.0, "rotationZ": -89.0 }
          }
        },
        {
          "frame": 200,
          "elements": {
            "UpperTorso": { "rotationX": 0.0, "rotationY": 0.0, "rotationZ": 12.0 },
            "Head": { "rotationX": 0.0, "rotationY": 0.0, "rotationZ": 0.0 },
            "UpperArmR": { "rotationX": 0.0, "rotationY": -25.0, "rotationZ": -91.0 },
            "LowerArmR": { "rotationX": -42.0, "rotationY": 3.0, "rotationZ": -5.5 },
            "LowerArmL": { "rotationX": 66.0, "rotationY": 0.0, "rotationZ": -11.0 },
            "UpperArmL": { "rotationX": 0.0, "rotationY": 23.0, "rotationZ": -89.0 }
          }
        },
        {
          "frame": 207,
          "elements": {
            "LowerTorso": { "offsetX": 6.2, "offsetY": -12.6, "offsetZ": 0.0 },
            "UpperFootL": { "rotationX": 0.0, "rotationY": 5.0, "rotationZ": -66.0 },
            "LowerFootL": { "rotationX": 0.0, "rotationY": 0.0, "rotationZ": 43.0 },
            "UpperFootR": { "rotationX": 0.0, "rotationY": -5.0, "rotationZ": -89.0 },
            "LowerFootR": { "rotationX": 0.0, "rotationY": 0.0, "rotationZ": 72.0 }
          }
        },
        {
          "frame": 208,
          "elements": {
            "UpperTorso": { "rotationX": 0.0, "rotationY": 0.0, "rotationZ": 6.0 },
            "Head": { "rotationX": 0.0, "rotationY": 0.0, "rotationZ": 6.0 },
            "LowerArmR": { "rotationX": -83.0, "rotationY": 3.0, "rotationZ": 5.0 },
            "UpperArmR": { "rotationX": -13.0, "rotationY": -59.0, "rotationZ": -91.0 },
            "LowerArmL": { "rotationX": 98.0, "rotationY": 10.0, "rotationZ": -4.0 },
            "UpperArmL": { "rotationX": 0.0, "rotationY": 37.0, "rotationZ": -89.0 }
          }
        },
        {
          "frame": 209,
          "elements": {
            "Head": { "rotationX": 0.0, "rotationY": 0.0, "rotationZ": 5.0 }
          }
        },
        {
          "frame": 215,
          "elements": {
            "LowerTorso": { "offsetX": 6.2, "offsetY": -12.6, "offsetZ": 0.0 },
            "UpperFootL": { "rotationX": 0.0, "rotationY": 5.0, "rotationZ": -89.0 },
            "LowerFootL": { "rotationX": 0.0, "rotationY": 0.0, "rotationZ": 72.0 },
            "UpperFootR": { "rotationX": 0.0, "rotationY": -5.0, "rotationZ": -66.0 },
            "LowerFootR": { "rotationX": 0.0, "rotationY": 0.0, "rotationZ": 43.0 }
          }
        },
        {
          "frame": 216,
          "elements": {
            "UpperTorso": { "rotationX": 0.0, "rotationY": 0.0, "rotationZ": 6.0 },
            "Head": { "rotationX": 0.0, "rotationY": 0.0, "rotationZ": 5.0 },
            "UpperArmR": { "rotationX": -13.0, "rotationY": -59.0, "rotationZ": -91.0 },
            "LowerArmR": { "rotationX": -83.0, "rotationY": 3.0, "rotationZ": 5.0 },
            "LowerArmL": { "rotationX": 98.0, "rotationY": 10.0, "rotationZ": -4.0 },
            "UpperArmL": { "rotationX": 0.0, "rotationY": 37.0, "rotationZ": -89.0 }
          }
        },
        {
          "frame": 224,
          "elements": {
            "UpperTorso": { "rotationX": 0.0, "rotationY": 0.0, "rotationZ": 12.0 },
            "Head": { "rotationX": 0.0, "rotationY": 0.0, "rotationZ": 0.0 },
            "UpperArmR": { "rotationX": 0.0, "rotationY": -25.0, "rotationZ": -91.0 },
            "LowerArmR": { "rotationX": -42.0, "rotationY": 3.0, "rotationZ": -5.5 },
            "LowerArmL": { "rotationX": 66.0, "rotationY": 0.0, "rotationZ": -11.0 },
            "UpperArmL": { "rotationX": 0.0, "rotationY": 23.0, "rotationZ": -89.0 }
          }
        },
        {
          "frame": 225,
          "elements": {
            "LowerArmL": { "rotationX": 63.0, "rotationY": 0.0, "rotationZ": -11.0 },
            "UpperArmL": { "rotationX": 0.0, "rotationY": 24.0, "rotationZ": -89.0 }
          }
        },
        {
          "frame": 232,
          "elements": {
            "UpperTorso": { "rotationX": 0.0, "rotationY": 0.0, "rotationZ": 12.0 },
            "UpperArmR": { "rotationX": 0.0, "rotationY": -25.0, "rotationZ": -91.0 },
            "LowerArmR": { "rotationX": -42.0, "rotationY": 3.0, "rotationZ": -5.5 },
            "LowerArmL": { "rotationX": 63.0, "rotationY": 0.0, "rotationZ": -11.0 },
            "UpperArmL": { "rotationX": 0.0, "rotationY": 24.0, "rotationZ": -89.0 }
          }
        },
        {
          "frame": 240,
          "elements": {
            "UpperTorso": { "rotationX": 0.0, "rotationY": 0.0, "rotationZ": 6.0 },
            "Head": { "rotationX": 0.0, "rotationY": 0.0, "rotationZ": 6.0 },
            "LowerArmR": { "rotationX": -81.0, "rotationY": 3.0, "rotationZ": 6.0 },
            "UpperArmR": { "rotationX": -13.0, "rotationY": -56.0, "rotationZ": -91.0 },
            "LowerArmL": { "rotationX": 92.0, "rotationY": 5.0, "rotationZ": -3.0 },
            "UpperArmL": { "rotationX": 0.0, "rotationY": 37.0, "rotationZ": -89.0 }
          }
        },
        {
          "frame": 241,
          "elements": {
            "LowerTorso": { "offsetX": 6.2, "offsetY": -12.6, "offsetZ": 0.0 },
            "Head": { "rotationX": 0.0, "rotationY": 0.0, "rotationZ": 5.0 },
            "UpperFootL": { "rotationX": 0.0, "rotationY": 5.0, "rotationZ": -89.0 },
            "LowerFootL": { "rotationX": 0.0, "rotationY": 0.0, "rotationZ": 72.0 },
            "UpperFootR": { "rotationX": 0.0, "rotationY": -5.0, "rotationZ": -66.0 },
            "LowerFootR": { "rotationX": 0.0, "rotationY": 0.0, "rotationZ": 43.0 }
          }
        },
        {
          "frame": 248,
          "elements": {
            "UpperTorso": { "rotationX": 0.0, "rotationY": 0.0, "rotationZ": 6.0 },
            "UpperArmR": { "rotationX": -13.0, "rotationY": -56.0, "rotationZ": -91.0 },
            "LowerArmR": { "rotationX": -81.0, "rotationY": 3.0, "rotationZ": 6.0 },
            "LowerArmL": { "rotationX": 92.5, "rotationY": 5.0, "rotationZ": -3.0 },
            "UpperArmL": { "rotationX": 0.0, "rotationY": 37.0, "rotationZ": -89.0 }
          }
        },
        {
          "frame": 249,
          "elements": {
            "LowerTorso": { "offsetX": 6.2, "offsetY": -12.6, "offsetZ": 0.0 },
            "Head": { "rotationX": 0.0, "rotationY": 0.0, "rotationZ": 5.0 },
            "UpperFootL": { "rotationX": 0.0, "rotationY": 5.0, "rotationZ": -66.0 },
            "LowerFootL": { "rotationX": 0.0, "rotationY": 0.0, "rotationZ": 43.0 },
            "UpperFootR": { "rotationX": 0.0, "rotationY": -5.0, "rotationZ": -89.0 },
            "LowerFootR": { "rotationX": 0.0, "rotationY": 0.0, "rotationZ": 72.0 }
          }
        },
        {
          "frame": 255,
          "elements": {
            "UpperTorso": { "rotationX": 0.0, "rotationY": 0.0, "rotationZ": 12.0 },
            "Head": { "rotationX": 0.0, "rotationY": 0.0, "rotationZ": 0.0 }
          }
        }
      ]
    },
    "file": "game:shapes/entity/humanoid/seraph-faceless.json"
  }
]