[
    {
        ingredientPattern: "LB,LP",
        recipeGroup: 1,
        ingredients: {
            "L": { type: "item", code: "game:leather-normal-plain", quantity: 1},
            "P": { type: "item", code: "game:paper-parchment", quantity: 8},
            "B": { type: "block", code: "bellstatic-*-small0-east", name: "material", allowedVariants: ["blackbronze", "bismuthbronze", "tinbronze", "brass", "iron", "steel"], returnedStack: { type: "block", code: "bellstatic-{material}-small0-east" } }
        },
        width: 2,
        height:2,
        output: { type: "block", code: "bellbook-0-north", quantity: 1}
    },
    {
        ingredientPattern: "B",
        recipeGroup: 2,
        ingredients: {
            "B": { type: "block", code: "bellbook-0-north", quantity: 1}
        },
        width: 1,
        height:1,
        output: { type: "block", code: "bellbook-1-north", quantity: 1}
    },
    {
        ingredientPattern: "B",
        recipeGroup: 2,
        ingredients: {
            "B": { type: "block", code: "bellbook-1-north", quantity: 1}
        },
        width: 1,
        height:1,
        output: { type: "block", code: "bellbook-2-north", quantity: 1}
    },
    {
        ingredientPattern: "B",
        recipeGroup: 2,
        ingredients: {
            "B": { type: "block", code: "bellbook-2-north", quantity: 1}
        },
        width: 1,
        height:1,
        output: { type: "block", code: "bellbook-3-north", quantity: 1}
    },
    {
        ingredientPattern: "B",
        recipeGroup: 2,
        ingredients: {
            "B": { type: "block", code: "bellbook-3-north", quantity: 1}
        },
        width: 1,
        height:1,
        output: { type: "block", code: "bellbook-4-north", quantity: 1}
    },
    {
        ingredientPattern: "B",
        recipeGroup: 2,
        ingredients: {
            "B": { type: "block", code: "bellbook-4-north", quantity: 1}
        },
        width: 1,
        height:1,
        output: { type: "block", code: "bellbook-5-north", quantity: 1}
    },
    {
        ingredientPattern: "B",
        recipeGroup: 2,
        ingredients: {
            "B": { type: "block", code: "bellbook-5-north", quantity: 1}
        },
        width: 1,
        height:1,
        output: { type: "block", code: "bellbook-0-north", quantity: 1}
    },
    {
        ingredientPattern: "BSB,HIH",
        recipeGroup: 1,
        ingredients: {

            "S": { type: "item", code: "game:stick" },
            "H": { type: "block", code: "game:supportbeam-*", quantity: 2},
            "B": { type: "item", code: "game:plank-*"  },
            "I": { type: "block", code: "bellstatic-*-small0-east", name: "material", allowedVariants: ["blackbronze", "bismuthbronze", "tinbronze", "brass", "iron", "steel"]  }
        },
        width: 3,
        height: 2,
        output: { type: "block", code: "bell-{material}-tiny-east", quantity: 1  }
    },

    {
        ingredientPattern: "BHB,NAN,BIB",
        ingredients: {

            "A": { type: "block", code: "game:woodenaxle-ud" },
            "B": { type: "item", code: "game:plank-*"  },
            "I": { type: "block", code: "bellstatic-*-medium0-east", name: "material", allowedVariants: ["blackbronze", "bismuthbronze", "tinbronze", "brass", "iron", "steel"]  },
            "N": { type: "item", code: "game:ingot-*",name: "material", allowedVariants: ["blackbronze", "bismuthbronze", "tinbronze", "brass", "iron", "steel"], quantity: 1},
            "H": { type: "block", code: "bellbook-1-north", returnedStack: { type: "block", code: "bellbook-1-north" } }
        },
        width: 3,
        height: 3,
        output: { type: "block", code: "bell-{material}-small1-east", quantity: 1  }
    },
    {
        ingredientPattern: "BHB,NAN,BIB",
        ingredients: {

            "A": { type: "block", code: "game:woodenaxle-ud" },
            "B": { type: "item", code: "game:plank-*"  },
            "I": { type: "block", code: "bellstatic-*-medium0-east", name: "material", allowedVariants: ["blackbronze", "bismuthbronze", "tinbronze", "brass", "iron", "steel"]  },
            "N": { type: "item", code: "game:ingot-*",name: "material", allowedVariants: ["blackbronze", "bismuthbronze", "tinbronze", "brass", "iron", "steel"], quantity: 1},
            "H": { type: "block", code: "bellbook-2-north", returnedStack: { type: "block", code: "bellbook-2-north" } }
        },
        width: 3,
        height: 3,
        output: { type: "block", code: "bell-{material}-small2-east", quantity: 1  }
    },
    {
        ingredientPattern: "BHB,NAN,BIB",
        ingredients: {

            "A": { type: "block", code: "game:woodenaxle-ud", quantity: 2 },
            "B": { type: "item", code: "game:plank-*", quantity: 2  },
            "I": { type: "block", code: "bellstatic-*-large0-east", name: "material", allowedVariants: ["blackbronze", "bismuthbronze", "tinbronze", "brass", "iron", "steel"]  },
            "N": { type: "item", code: "game:ingot-*", name: "material", allowedVariants: ["blackbronze", "bismuthbronze", "tinbronze", "brass", "iron", "steel"], quantity: 2},
            "H": { type: "block", code: "bellbook-3-north", returnedStack: { type: "block", code: "bellbook-3-north" } }
        },
        width: 3,
        height: 3,
        output: { type: "block", code: "bell-{material}-medium-east", quantity: 1  }
    },
    {
        ingredientPattern: "BHB,NAN,SIS",
        ingredients: {

           "A": { type: "block", code: "game:woodenaxle-ud", quantity: 2 },
            "B": { type: "item", code: "game:plank-*", quantity: 4  },
            "S": { type: "block", code: "game:supportbeam-*", quantity: 6},
            "I": { type: "block", code: "bellstatic-*-large0-east", name: "material", allowedVariants: ["blackbronze", "bismuthbronze", "tinbronze", "brass", "iron", "steel"]  },
            "N": { type: "item", code: "game:metalplate-*", name: "material", allowedVariants: ["blackbronze", "bismuthbronze", "tinbronze", "brass", "iron", "steel"], quantity: 2},
            "H": { type: "block", code: "bellbook-4-north", returnedStack: { type: "block", code: "bellbook-4-north" } }
        },
        width: 3,
        height: 3,
        output: { type: "block", code: "bell-{material}-large-east", quantity: 1  }
    },
    {
        ingredientPattern: "SHS,GAN,SIS",
        ingredients: {

            "A": { type: "item", code: "game:pulverizertoggle-oak", quantity: 1 },
            "G": { type: "block", code: "game:woodentoggle-ns", quantity: 1  },
            "S": { type: "block", code: "game:helvehammerbase-north", quantity: 1},
            "I": { type: "block", code: "bellstatic-*-large0-east", name: "material", allowedVariants: ["blackbronze", "bismuthbronze", "tinbronze", "brass", "iron", "steel"]  },
            "N": { type: "item", code: "game:metalplate-*", name: "material", allowedVariants: ["blackbronze", "bismuthbronze", "tinbronze", "brass", "iron", "steel"], quantity: 1},
            "H": { type: "block", code: "bellbook-5-north", returnedStack: { type: "block", code: "bellbook-5-north" } }
        },
        width: 3,
        height: 3,
        output: { type: "block", code: "bell-{material}-huge-east", quantity: 1  }
    },
    {
        ingredientPattern: "H,B",
        recipeGroup: 2,
        ingredients: {

            "H": { type: "item", code: "game:saw-*", isTool: true},
            "B": { type: "block", code: "bell-*-tiny-east", name: "material", allowedVariants: ["blackbronze", "bismuthbronze", "tinbronze", "brass", "iron", "steel"]  }
        },
        width: 1,
        height: 2,
        output: { type: "block", code: "bellstatic-{material}-small0-east", quantity: 1  }
    },

    {
        ingredientPattern: "H,B",
        recipeGroup: 2,
        ingredients: {

            "H": { type: "item", code: "game:saw-*", isTool: true},
            "B": { type: "block", code: "bell-*-small1-east", name: "material", allowedVariants: ["blackbronze", "bismuthbronze", "tinbronze", "brass", "iron", "steel"]  }
        },
        width: 1,
        height: 2,
        output: { type: "block", code: "bellstatic-{material}-medium0-east", quantity: 1  }
    },
    {
        ingredientPattern: "H,B",
        recipeGroup: 2,
        ingredients: {

            "H": { type: "item", code: "game:saw-*", isTool: true},
            "B": { type: "block", code: "bell-*-small2-east", name: "material", allowedVariants: ["blackbronze", "bismuthbronze", "tinbronze", "brass", "iron", "steel"]  }
        },
        width: 1,
        height: 2,
        output: { type: "block", code: "bellstatic-{material}-medium0-east", quantity: 1  }
    },

    {
        ingredientPattern: "H,B",
        recipeGroup: 2,
        ingredients: {

            "H": { type: "item", code: "game:saw-*", isTool: true},
            "B": { type: "block", code: "bell-*-medium-east", name: "material", allowedVariants: ["blackbronze", "bismuthbronze", "tinbronze", "brass", "iron", "steel"]  }
        },
        width: 1,
        height: 2,
        output: { type: "block", code: "bellstatic-{material}-large0-east", quantity: 1  }
    },
    {
        ingredientPattern: "H,B",
        recipeGroup: 2,
        ingredients: {

            "H": { type: "item", code: "game:saw-*", isTool: true},
            "B": { type: "block", code: "bell-*-large-east", name: "material", allowedVariants: ["blackbronze", "bismuthbronze", "tinbronze", "brass", "iron", "steel"]  }
        },
        width: 1,
        height: 2,
        output: { type: "block", code: "bellstatic-{material}-large0-east", quantity: 1  }
    },
    {
        ingredientPattern: "H,B",
        recipeGroup: 2,
        ingredients: {

            "H": { type: "item", code: "game:saw-*", isTool: true},
            "B": { type: "block", code: "bell-*-huge-east", name: "material", allowedVariants: ["blackbronze", "bismuthbronze", "tinbronze", "brass", "iron", "steel"]  }
        },
        width: 1,
        height: 2,
        output: { type: "block", code: "bellstatic-{material}-large0-east", quantity: 1  }
    },

    {
        ingredientPattern: "H,B",
        ingredients: {

            "H": { type: "item", code: "game:hammer-*", isTool: true},
            "B": { type: "block", code: "bellstatic-*-small0-east", name: "material", allowedVariants: ["blackbronze", "bismuthbronze", "tinbronze", "brass", "iron", "steel"]  }
        },
        width: 1,
        height: 2,
        output: { type: "block", code: "bellrubble-{material}", quantity: 7  }
    },
    {
        ingredientPattern: "H,B",
        ingredients: {

            "H": { type: "item", code: "game:hammer-*", isTool: true},
            "B": { type: "block", code: "bellstatic-*-medium0-east", name: "material", allowedVariants: ["blackbronze", "bismuthbronze", "tinbronze", "brass", "iron", "steel"]  }
        },
        width: 1,
        height: 2,
        output: { type: "block", code: "bellrubble-{material}", quantity: 11  }
    },
    {
        ingredientPattern: "H,B",
        ingredients: {

            "H": { type: "item", code: "game:hammer-*", isTool: true},
            "B": { type: "block", code: "bellstatic-*-large0-east", name: "material", allowedVariants: ["blackbronze", "bismuthbronze", "tinbronze", "brass", "iron", "steel"]  }
        },
        width: 1,
        height: 2,
        output: { type: "block", code: "bellrubble-{material}", quantity: 15  }
    },
    {
        ingredientPattern: "C,B",
        recipeGroup: 3,
        ingredients: {

            "C": { type: "item", code: "game:chisel-*", isTool: true},
            "B": { type: "block", code: "bellrubble-*", name: "material", allowedVariants: ["blackbronze", "bismuthbronze", "tinbronze", "brass", "iron", "steel"], quantity: 1  }
        },
        width: 1,
        height: 2,
        output: { type: "item", code: "game:metalbit-{material}", quantity: 20  }
    }

]