[
{
        enabled: false,
        ingredientPattern: "HPH,SBJ,HGH",
        recipeGroup: 1,
        ingredients: {
            "H": { type: "block", code: "game:supportbeam-*", quantity: 1},
            "B": { type: "block", code: "game:barrel", quantity: 1},
            "S": { type: "item", code: "game:jonasframes-gears01", quantity: 1},
            "J": { type: "item", code: "game:jonasframes-spring01", quantity: 1},
            "G": { type: "block", code: "game:angledgears-s", quantity: 1},
            "P": { type: "item", code: "game:metalplate-*", quantity: 1}
        },
        width: 3,
        height:3,
        output: { type: "block", code: "transmission", quantity: 1}
    }

]