[
	{
	"op": "addmerge",
	"path": "/variantgroups/0/states/-",
	"value": "komatiite",
	"file": "game:itemtypes/tool/axe-stone.json"
	},
	{
	"op": "addmerge",
	"path": "/variantgroups/0/states/-",
	"value": "pyroxenite",
	"file": "game:itemtypes/tool/axe-stone.json"
	},
	{
	"op": "addmerge",
	"path": "/variantgroups/0/states/-",
	"value": "serpentinite",
	"file": "game:itemtypes/tool/axe-stone.json"
	},
	{
	"op": "addmerge",
	"path": "/variantgroups/0/states/-",
	"value": "monzonite",
	"file": "game:itemtypes/tool/axe-stone.json"
	},
	{
	"op": "addmerge",
	"path": "/variantgroups/0/states/-",
	"value": "syenite",
	"file": "game:itemtypes/tool/axe-stone.json"
	},


	{
	"op": "addmerge",
	"path": "/variantgroups/0/states/-",
	"value": "bone-komatiite",
	"file": "game:itemtypes/tool/axe-stone.json"
	},
	{
	"op": "addmerge",
	"path": "/variantgroups/0/states/-",
	"value": "bone-pyroxenite",
	"file": "game:itemtypes/tool/axe-stone.json"
	},
	{
	"op": "addmerge",
	"path": "/variantgroups/0/states/-",
	"value": "bone-serpentinite",
	"file": "game:itemtypes/tool/axe-stone.json"
	},
	{
	"op": "addmerge",
	"path": "/variantgroups/0/states/-",
	"value": "bone-monzonite",
	"file": "game:itemtypes/tool/axe-stone.json"
	},
	{
	"op": "addmerge",
	"path": "/variantgroups/0/states/-",
	"value": "bone-syenite",
	"file": "game:itemtypes/tool/axe-stone.json"
	},


  {
    "op": "remove",
    "path": "/texturesByType/*",
    "file": "game:itemtypes/tool/axe-stone.json"
  },
  {
    "op": "addmerge",
    "path": "/texturesByType",
    "file": "game:itemtypes/tool/axe-stone.json",
    "value": {
      "*-bone-komatiite": { "material": { "base": "block/stone/rock/komatiite1" }, "handle": { "base": "block/creature/bone-yellow" } },
      "*-bone-pyroxenite": { "material": { "base": "block/stone/rock/pyroxenite1" }, "handle": { "base": "block/creature/bone-yellow" } },
      "*-bone-serpentinite": { "material": { "base": "block/stone/rock/serpentinite1" }, "handle": { "base": "block/creature/bone-yellow" } },
      "*-bone-monzonite": { "material": { "base": "block/stone/rock/monzonite1" }, "handle": { "base": "block/creature/bone-yellow" } },
      "*-bone-syenite": { "material": { "base": "block/stone/rock/syenite1" }, "handle": { "base": "block/creature/bone-yellow" } },
    }
  },
  {
    "op": "addmerge",
    "path": "/texturesByType",
    "value": {
		"*": { 
			"material": { base: "block/stone/rock/{material}1" }
		},
    },
    "file": "game:itemtypes/tool/axe-stone.json"
  },
]