[
	{
	"op": "addmerge",
	"path": "/variantgroups/0/states/-",
	"value": "komatiite",
	"file": "game:itemtypes/tool/hoe.json"
	},
	{
	"op": "addmerge",
	"path": "/variantgroups/0/states/-",
	"value": "pyroxenite",
	"file": "game:itemtypes/tool/hoe.json"
	},
	{
	"op": "addmerge",
	"path": "/variantgroups/0/states/-",
	"value": "serpentinite",
	"file": "game:itemtypes/tool/hoe.json"
	},
	{
	"op": "addmerge",
	"path": "/variantgroups/0/states/-",
	"value": "monzonite",
	"file": "game:itemtypes/tool/hoe.json"
	},
	{
	"op": "addmerge",
	"path": "/variantgroups/0/states/-",
	"value": "syenite",
	"file": "game:itemtypes/tool/hoe.json"
	},


	{
	"op": "addmerge",
	"path": "/shapeByType",
	"value": { 
		"*-komatiite": { "base": "item/tool/hoe-stone" },
		"*-pyroxenite": { "base": "item/tool/hoe-stone" },
		"*-serpentinite": { "base": "item/tool/hoe-stone" },
		"*-monzonite": { "base": "item/tool/hoe-stone" },
		"*-syenite": { "base": "item/tool/hoe-stone" },
		 },
	"file": "game:itemtypes/tool/hoe.json"
	},
]