[
  {
    "file": "game:entities/humanoid/player",
    "op": "add",
    "path": "/client/animations/-",
    "value": {
      "code": "battlehammer",
      "animation": "battlehammer",
      "animationSpeed": 1,
			"attributes": {

				"damageAtFrame": 20,
				"authorative": true,
				"quantityframes": 25
			},
      "blendMode": "Add",
      "elementWeight": {"UpperArmR": 16, "LowerArmR": 16, "UpperArmL": 16, "LowerArmL": 16, "ItemAnchor": 16},
      "elementBlendMode": {
        "UpperArmR": "AddAverage",
        "LowerArmR": "AddAverage",
        "UpperArmL": "AddAverage",
        "LowerArmL": "AddAverage",
        "ItemAnchor": "AddAverage"
      }
    }
  },
  {
    "file": "game:shapes/entity/humanoid/seraph-faceless",
    "op": "add",
    "path": "/animations/-",
    "value": {
			"name": "BattlehammerStart",
			"code": "battlehammer",
			"quantityframes": 26,
			"onActivityStopped": "PlayTillEnd",
			"onAnimationEnd": "EaseOut",
			"keyframes": [
				{
					"frame": 18,
					"elements": {
						"LowerTorso": { "offsetX": 0.3, "offsetY": 0.0, "offsetZ": -0.3, "rotationX": -3.0, "rotationY": -30.0, "rotationZ": -1.0 },
						"UpperTorso": { "offsetX": 0.0, "offsetY": 0.0, "offsetZ": 0.0, "rotationX": 1.0, "rotationY": -15.0, "rotationZ": 2.0 },
						"UpperArmR": { "offsetX": 0.0, "offsetY": 0.5, "offsetZ": 0.0, "rotationX": -8.0, "rotationY": -36.0, "rotationZ": -64.0 },
						"LowerArmR": { "offsetX": 0.0, "offsetY": 1.5, "offsetZ": 0.0, "rotationX": -23.0, "rotationY": 0.0, "rotationZ": -105.0 },
						"ItemAnchor": { "offsetX": 0.0, "offsetY": 0.0, "offsetZ": 0.0, "rotationX": 39.0, "rotationY": 0.0, "rotationZ": 42.0 },
						"UpperArmL": { "offsetX": 0.0, "offsetY": 0.0, "offsetZ": 0.0, "rotationX": 36.0, "rotationY": -14.0, "rotationZ": -66.0 },
						"LowerArmL": { "offsetX": 0.0, "offsetY": 1.0, "offsetZ": 0.0, "rotationX": 0.0, "rotationY": -25.0, "rotationZ": -16.0 },
						"Neck": { "offsetX": 0.0, "offsetY": 0.0, "offsetZ": 0.0, "rotationX": 1.0, "rotationY": 3.0, "rotationZ": -2.0 },
						"Head": { "offsetX": 0.0, "offsetY": 0.0, "offsetZ": 0.0, "rotationX": 1.0, "rotationY": 25.0, "rotationZ": 6.0 },
						"UpperFootL": { "offsetX": 0.0, "offsetY": 0.0, "offsetZ": 0.0, "rotationX": 0.0, "rotationY": 19.0, "rotationZ": -15.0 },
						"LowerFootL": { "offsetX": 0.0, "offsetY": 0.0, "offsetZ": 0.0, "rotationX": 0.0, "rotationY": 0.0, "rotationZ": 25.0 },
						"UpperFootR": { "offsetX": 0.0, "offsetY": 0.0, "offsetZ": 0.0, "rotationX": 0.0, "rotationY": -8.0, "rotationZ": -20.0 },
						"LowerFootR": { "offsetX": 0.0, "offsetY": 0.0, "offsetZ": 0.0, "rotationX": 0.0, "rotationY": 0.0, "rotationZ": 15.0 }
					}
				},
				{
					"frame": 23,
					"elements": {
						"LowerTorso": { "offsetX": 0.3, "offsetY": 0.0, "offsetZ": -0.3, "rotationX": -3.0, "rotationY": 15.0, "rotationZ": -1.0 },
						"UpperTorso": { "offsetX": 0.0, "offsetY": 0.0, "offsetZ": 0.0, "rotationX": 1.0, "rotationY": 39.0, "rotationZ": 2.0 },
						"UpperArmR": { "offsetX": 0.0, "offsetY": 0.5, "offsetZ": 0.0, "rotationX": -81.0, "rotationY": -42.0, "rotationZ": -64.0 },
						"LowerArmR": { "offsetX": 0.0, "offsetY": 1.5, "offsetZ": 0.0, "rotationX": -10.0, "rotationY": 0.0, "rotationZ": -14.0 },
						"ItemAnchor": { "offsetX": -6.0, "offsetY": 0.0, "offsetZ": 0.0, "rotationX": -28.0, "rotationY": 11.0, "rotationZ": 69.0 },
						"UpperArmL": { "offsetX": 0.0, "offsetY": 0.0, "offsetZ": 0.0, "rotationX": -14.0, "rotationY": -22.0, "rotationZ": -26.0 },
						"LowerArmL": { "offsetX": 0.0, "offsetY": 1.0, "offsetZ": 0.0, "rotationX": 0.0, "rotationY": -25.0, "rotationZ": -65.0 },
						"Neck": { "offsetX": 0.0, "offsetY": 0.0, "offsetZ": 0.0, "rotationX": -1.0, "rotationY": -3.0, "rotationZ": -2.0 },
						"Head": { "offsetX": 0.0, "offsetY": 0.0, "offsetZ": 0.0, "rotationX": 1.0, "rotationY": -5.0, "rotationZ": 10.0 },
						"UpperFootL": { "offsetX": 0.0, "offsetY": 0.0, "offsetZ": 0.0, "rotationX": 0.0, "rotationY": 0.0, "rotationZ": -13.0 },
						"LowerFootL": { "offsetX": 0.0, "offsetY": 0.0, "offsetZ": 0.0, "rotationX": 0.0, "rotationY": 0.0, "rotationZ": 10.0 },
						"UpperFootR": { "offsetX": 0.0, "offsetY": -0.5, "offsetZ": 0.0, "rotationX": 2.0, "rotationY": 5.0, "rotationZ": -19.0 },
						"LowerFootR": { "offsetX": 0.0, "offsetY": 0.5, "offsetZ": 0.0, "rotationX": 0.0, "rotationY": 0.0, "rotationZ": 32.0 }
					}
				}
			]
		}
  },

	  {
    "file": "game:entities/humanoid/player",
    "op": "add",
    "path": "/client/animations/-",
    "value": {
      "code": "battlehammer1",
      "animation": "battlehammer1",
      "animationSpeed": 1,
			"attributes": {

				"damageAtFrame": 20,
				"authorative": true,
				"quantityframes": 26
			},
      "blendMode": "Add",
      "elementWeight": {"UpperArmR": 16, "LowerArmR": 16, "UpperArmL": 16, "LowerArmL": 16, "ItemAnchor": 16},
      "elementBlendMode": {
        "UpperArmR": "AddAverage",
        "LowerArmR": "AddAverage",
        "UpperArmL": "AddAverage",
        "LowerArmL": "AddAverage",
        "ItemAnchor": "AddAverage"
      }
    }
  },
  {
    "file": "game:shapes/entity/humanoid/seraph-faceless",
    "op": "add",
    "path": "/animations/-",
    "value": {
			"name": "BattlehammerMid",
			"code": "battlehammer1",
			"quantityframes": 27,
			"onActivityStopped": "PlayTillEnd",
			"onAnimationEnd": "EaseOut",
			"keyframes": [
				{
					"frame": 3,
					"elements": {
						"LowerTorso": { "offsetX": 0.3, "offsetY": 0.0, "offsetZ": -0.3, "rotationX": -3.0, "rotationY": 15.0, "rotationZ": -1.0 },
						"UpperTorso": { "offsetX": 0.0, "offsetY": 0.0, "offsetZ": 0.0, "rotationX": 1.0, "rotationY": 42.0, "rotationZ": 2.0 },
						"UpperArmR": { "offsetX": 0.0, "offsetY": 0.5, "offsetZ": 0.0, "rotationX": -81.0, "rotationY": -42.0, "rotationZ": -64.0 },
						"LowerArmR": { "offsetX": 0.0, "offsetY": 1.5, "offsetZ": 0.0, "rotationX": -10.0, "rotationY": 0.0, "rotationZ": -14.0 },
						"ItemAnchor": { "offsetX": -2.0, "offsetY": 0.0, "offsetZ": 0.0, "rotationX": -28.0, "rotationY": 172.0, "rotationZ": 102.0 },
						"UpperArmL": { "offsetX": 0.0, "offsetY": 0.0, "offsetZ": 0.0, "rotationX": -36.0, "rotationY": -36.0, "rotationZ": -44.0 },
						"LowerArmL": { "offsetX": 0.0, "offsetY": 1.0, "offsetZ": 0.0, "rotationX": 0.0, "rotationY": -47.0, "rotationZ": -65.0 },
						"Neck": { "offsetX": 0.0, "offsetY": 0.0, "offsetZ": 0.0, "rotationX": -1.0, "rotationY": -3.0, "rotationZ": -2.0 },
						"Head": { "offsetX": 0.0, "offsetY": 0.0, "offsetZ": 0.0, "rotationX": 1.0, "rotationY": 0.0, "rotationZ": 10.0 },
						"UpperFootL": { "offsetX": 0.0, "offsetY": 0.0, "offsetZ": 0.0, "rotationX": 0.0, "rotationY": 0.0, "rotationZ": -13.0 },
						"LowerFootL": { "offsetX": 0.0, "offsetY": 0.0, "offsetZ": 0.0, "rotationX": 0.0, "rotationY": 0.0, "rotationZ": 10.0 },
						"UpperFootR": { "offsetX": 0.0, "offsetY": -0.5, "offsetZ": 0.0, "rotationX": 2.0, "rotationY": 5.0, "rotationZ": -19.0 },
						"LowerFootR": { "offsetX": 0.0, "offsetY": 0.5, "offsetZ": 0.0, "rotationX": 0.0, "rotationY": 0.0, "rotationZ": 32.0 }
					}
				},
				{
					"frame": 10,
					"elements": {
						"LowerTorso": { "offsetX": 0.3, "offsetY": 0.0, "offsetZ": -0.3, "rotationX": -3.0, "rotationY": 15.0, "rotationZ": -1.0 },
						"UpperTorso": { "offsetX": 0.0, "offsetY": 0.0, "offsetZ": 0.0, "rotationX": 1.0, "rotationY": 42.0, "rotationZ": 2.0 },
						"UpperArmR": { "rotationX": -25.0, "rotationY": -42.0, "rotationZ": -64.0 },
						"LowerArmR": { "rotationX": -83.0, "rotationY": 6.0, "rotationZ": 11.0 },
						"ItemAnchor": { "offsetX": -8.0, "offsetY": 0.0, "offsetZ": 0.0, "rotationX": -58.0, "rotationY": 141.0, "rotationZ": 75.0 },
						"UpperArmL": { "rotationX": -19.0, "rotationY": 78.0, "rotationZ": -28.0 },
						"LowerArmL": { "rotationX": 36.0, "rotationY": -39.0, "rotationZ": -89.0 },
						"Neck": { "offsetX": 0.0, "offsetY": 0.0, "offsetZ": 0.0, "rotationX": -1.0, "rotationY": -3.0, "rotationZ": -2.0 },
						"Head": { "offsetX": 0.0, "offsetY": 0.0, "offsetZ": 0.0, "rotationX": 1.0, "rotationY": -2.0, "rotationZ": 8.0 },
						"UpperFootL": { "offsetX": 0.0, "offsetY": 0.0, "offsetZ": 0.0, "rotationX": 0.0, "rotationY": 0.0, "rotationZ": -13.0 },
						"LowerFootL": { "offsetX": 0.0, "offsetY": 0.0, "offsetZ": 0.0, "rotationX": 0.0, "rotationY": 0.0, "rotationZ": 10.0 },
						"UpperFootR": { "offsetX": 0.0, "offsetY": -0.5, "offsetZ": 0.0, "rotationX": 2.0, "rotationY": 5.0, "rotationZ": -19.0 },
						"LowerFootR": { "offsetX": 0.0, "offsetY": 0.5, "offsetZ": 0.0, "rotationX": 0.0, "rotationY": 0.0, "rotationZ": 32.0 }
					}
				},
				{
					"frame": 17,
					"elements": {
						"LowerTorso": { "offsetX": 0.3, "offsetY": 0.0, "offsetZ": -0.3, "rotationX": -3.0, "rotationY": 15.0, "rotationZ": -1.0 },
						"UpperTorso": { "offsetX": 0.0, "offsetY": 0.0, "offsetZ": 0.0, "rotationX": 1.0, "rotationY": 42.0, "rotationZ": 2.0 },
						"UpperArmR": { "offsetX": 0.0, "offsetY": 0.5, "offsetZ": 0.0, "rotationX": -25.0, "rotationY": -42.0, "rotationZ": -64.0 },
						"LowerArmR": { "offsetX": 0.0, "offsetY": 1.5, "offsetZ": 0.0, "rotationX": -83.0, "rotationY": 6.0, "rotationZ": 11.0 },
						"ItemAnchor": { "offsetX": -8.0, "offsetY": 0.0, "offsetZ": 0.0, "rotationX": -58.0, "rotationY": 141.0, "rotationZ": 75.0 },
						"UpperArmL": { "offsetX": 0.0, "offsetY": 0.0, "offsetZ": 0.0, "rotationX": -19.0, "rotationY": 80.0, "rotationZ": -14.0 },
						"LowerArmL": { "offsetX": 0.0, "offsetY": 1.0, "offsetZ": 0.0, "rotationX": 22.0, "rotationY": -19.0, "rotationZ": -89.0 },
						"Neck": { "offsetX": 0.0, "offsetY": 0.0, "offsetZ": 0.0, "rotationX": -1.0, "rotationY": -3.0, "rotationZ": -2.0 },
						"Head": { "offsetX": 0.0, "offsetY": 0.0, "offsetZ": 0.0, "rotationX": 1.0, "rotationY": -5.0, "rotationZ": 10.0 },
						"UpperFootL": { "offsetX": 0.0, "offsetY": 0.0, "offsetZ": 0.0, "rotationX": 0.0, "rotationY": 0.0, "rotationZ": -13.0 },
						"LowerFootL": { "offsetX": 0.0, "offsetY": 0.0, "offsetZ": 0.0, "rotationX": 0.0, "rotationY": 0.0, "rotationZ": 10.0 },
						"UpperFootR": { "offsetX": 0.0, "offsetY": -0.5, "offsetZ": 0.0, "rotationX": 2.0, "rotationY": 5.0, "rotationZ": -19.0 },
						"LowerFootR": { "offsetX": 0.0, "offsetY": 0.5, "offsetZ": 0.0, "rotationX": 0.0, "rotationY": 0.0, "rotationZ": 32.0 },
						"UpperTorso": { "rotationX": 1.0, "rotationY": -3.0, "rotationZ": 2.0 },
						"UpperArmL": { "rotationX": -11.0, "rotationY": 42.0, "rotationZ": -28.0 },
						"LowerArmL": { "rotationX": -3.0, "rotationY": -53.0, "rotationZ": -61.0 },
						"UpperArmR": { "rotationX": -14.0, "rotationY": -66.0, "rotationZ": -47.0 },
						"ItemAnchor": { "rotationX": 6.0, "rotationY": 136.0, "rotationZ": 33.0 },
						"Head": { "rotationX": 1.0, "rotationY": 14.0, "rotationZ": 10.0 }
					}
				},
				{
					"frame": 22,
					"elements": {
						"LowerTorso": { "offsetX": 0.3, "offsetY": 0.0, "offsetZ": -0.3, "rotationX": -3.0, "rotationY": 11.0, "rotationZ": -1.0 },
						"UpperTorso": { "rotationX": 1.0, "rotationY": -53.0, "rotationZ": 2.0 },
						"UpperArmR": { "rotationX": 39.0, "rotationY": -30.0, "rotationZ": 22.0 },
						"LowerArmR": { "rotationX": -86.0, "rotationY": 44.0, "rotationZ": -22.0 },
						"ItemAnchor": { "offsetX": -8.0, "offsetY": 0.0, "offsetZ": 0.0, "rotationX": -53.0, "rotationY": 127.0, "rotationZ": 147.0 },
						"UpperArmL": { "rotationX": -33.0, "rotationY": -50.0, "rotationZ": -53.0 },
						"LowerArmL": { "rotationX": 44.0, "rotationY": -6.0, "rotationZ": -72.0 },
						"Neck": { "offsetX": 0.0, "offsetY": 0.0, "offsetZ": 0.0, "rotationX": -1.0, "rotationY": -3.0, "rotationZ": -2.0 },
						"Head": { "rotationX": 1.0, "rotationY": 14.0, "rotationZ": 6.0 },
						"UpperFootL": { "offsetX": 0.0, "offsetY": 0.0, "offsetZ": 0.0, "rotationX": 0.0, "rotationY": 0.0, "rotationZ": -13.0 },
						"LowerFootL": { "offsetX": 0.0, "offsetY": 0.0, "offsetZ": 0.0, "rotationX": 0.0, "rotationY": 0.0, "rotationZ": 10.0 },
						"UpperFootR": { "offsetX": 0.0, "offsetY": -0.5, "offsetZ": 0.0, "rotationX": 2.0, "rotationY": 5.0, "rotationZ": -19.0 },
						"LowerFootR": { "offsetX": 0.0, "offsetY": 0.5, "offsetZ": 0.0, "rotationX": 0.0, "rotationY": 0.0, "rotationZ": 32.0 }
					}
				}
			]
		}
  },


	{
    "file": "game:entities/humanoid/player",
    "op": "add",
    "path": "/client/animations/-",
    "value": {
      "code": "battlehammer2",
      "animation": "battlehammer2",
      "animationSpeed": 1.1,
			"attributes": {

				"damageAtFrame": 15,
				"authorative": true,
				"quantityframes": 36
			},
      "blendMode": "Add",
      "elementWeight": {"UpperArmR": 16, "LowerArmR": 16, "UpperArmL": 16, "LowerArmL": 16, "ItemAnchor": 16},
      "elementBlendMode": {
        "UpperArmR": "AddAverage",
        "LowerArmR": "AddAverage",
        "UpperArmL": "AddAverage",
        "LowerArmL": "AddAverage",
        "ItemAnchor": "AddAverage"
      }
    }
  },
  {
    "file": "game:shapes/entity/humanoid/seraph-faceless",
    "op": "add",
    "path": "/animations/-",
    "value": {
			"name": "BattlehammerEnd",
			"code": "Battlehammer2",
			"quantityframes": 37,
			"onActivityStopped": "PlayTillEnd",
			"onAnimationEnd": "EaseOut",
			"keyframes": [
				{
					"frame": 0,
					"elements": {
						"LowerTorso": { "offsetX": 0.0, "offsetY": 0.0, "offsetZ": 0.0, "rotationX": 0.0, "rotationY": 0.0, "rotationZ": 0.0 },
						"UpperTorso": { "offsetX": 0.0, "offsetY": 0.0, "offsetZ": 0.0, "rotationX": 0.0, "rotationY": 0.0, "rotationZ": 0.0 },
						"UpperArmR": { "offsetX": 0.0, "offsetY": 0.0, "offsetZ": 0.0, "rotationX": 0.0, "rotationY": 0.0, "rotationZ": 0.0 },
						"LowerArmR": { "offsetX": 0.0, "offsetY": 0.0, "offsetZ": 0.0, "rotationX": 0.0, "rotationY": 0.0, "rotationZ": 0.0 },
						"ItemAnchor": { "offsetX": -1.5882, "offsetY": 0.0, "offsetZ": 0.0, "rotationX": 0.0, "rotationY": 0.0, "rotationZ": 0.0 },
						"UpperArmL": { "offsetX": 0.0, "offsetY": 0.0, "offsetZ": 0.0, "rotationX": 0.0, "rotationY": 0.0, "rotationZ": 0.0 },
						"LowerArmL": { "offsetX": 0.0, "offsetY": 0.0, "offsetZ": 0.0, "rotationX": 0.0, "rotationY": 0.0, "rotationZ": 0.0 },
						"Neck": { "offsetX": 0.0, "offsetY": 0.0, "offsetZ": 0.0, "rotationX": 0.0, "rotationY": 0.0, "rotationZ": 0.0 },
						"Head": { "offsetX": 0.0, "offsetY": 0.0, "offsetZ": 0.0, "rotationX": 0.0, "rotationY": 0.0, "rotationZ": 0.0 },
						"UpperFootL": { "offsetX": 0.0, "offsetY": 0.0, "offsetZ": 0.0, "rotationX": 0.0, "rotationY": 0.0, "rotationZ": 0.0 },
						"LowerFootL": { "offsetX": 0.0, "offsetY": 0.0, "offsetZ": 0.0, "rotationX": 0.0, "rotationY": 0.0, "rotationZ": 0.0 },
						"UpperFootR": { "offsetX": 0.0, "offsetY": 0.0, "offsetZ": 0.0, "rotationX": 0.0, "rotationY": 0.0, "rotationZ": 0.0 },
						"LowerFootR": { "offsetX": 0.0, "offsetY": 0.0, "offsetZ": 0.0, "rotationX": 0.0, "rotationY": 0.0, "rotationZ": 0.0 }
					}
				},
				{
					"frame": 5,
					"elements": {
						"LowerTorso": { "offsetX": 1.0, "offsetY": 0.0, "offsetZ": -1.0, "rotationX": 0.0, "rotationY": -19.0, "rotationZ": 0.0 },
						"UpperTorso": { "offsetX": 0.0, "offsetY": 0.0, "offsetZ": 0.0, "rotationX": 2.0, "rotationY": 44.0, "rotationZ": -4.0 },
						"UpperArmR": { "offsetX": 0.0, "offsetY": 0.0, "offsetZ": 1.0, "rotationX": 19.0, "rotationY": 11.0, "rotationZ": 0.0 },
						"LowerArmR": { "offsetX": 0.0, "offsetY": 0.0, "offsetZ": 0.0, "rotationX": -6.0, "rotationY": 11.0, "rotationZ": -91.0 },
						"ItemAnchor": { "offsetX": -2.1176, "offsetY": 0.0, "offsetZ": 0.0, "rotationX": 97.0, "rotationY": -50.0, "rotationZ": 91.0 },
						"UpperArmL": { "offsetX": -0.4, "offsetY": 0.0, "offsetZ": 0.0, "rotationX": -17.0, "rotationY": -6.0, "rotationZ": 19.0 },
						"LowerArmL": { "offsetX": 0.0, "offsetY": 0.0, "offsetZ": 0.0, "rotationX": 6.0, "rotationY": -19.0, "rotationZ": -94.0 },
						"Neck": { "offsetX": 0.0, "offsetY": 0.0, "offsetZ": 0.0, "rotationX": 0.0, "rotationY": 8.0, "rotationZ": 0.0 },
						"Head": { "offsetX": 0.0, "offsetY": 0.0, "offsetZ": 0.0, "rotationX": 2.0, "rotationY": -14.0, "rotationZ": 8.0 },
						"UpperFootL": { "offsetX": 0.0, "offsetY": 0.0, "offsetZ": 0.0, "rotationX": -2.0, "rotationY": 6.0, "rotationZ": -8.0 },
						"LowerFootL": { "offsetX": 0.0, "offsetY": 0.0, "offsetZ": 0.0, "rotationX": 0.0, "rotationY": 0.0, "rotationZ": 8.0 },
						"UpperFootR": { "offsetX": 0.0, "offsetY": 0.0, "offsetZ": 0.0, "rotationX": 2.0, "rotationY": 17.0, "rotationZ": 3.0 },
						"LowerFootR": { "offsetX": 0.0, "offsetY": 0.0, "offsetZ": 0.0, "rotationX": 0.0, "rotationY": 0.0, "rotationZ": 0.0 }
					}
				},
				{
					"frame": 12,
					"elements": {
						"UpperFootR": { "offsetX": 0.0, "offsetY": 0.5, "offsetZ": 0.0 },
						"LowerFootR": { "offsetX": 0.0, "offsetY": 0.5, "offsetZ": 0.0 },
						"UpperArmR": { "offsetX": 0.0, "offsetY": 0.0, "offsetZ": 0.0, "rotationX": 3.0, "rotationY": 6.0, "rotationZ": -8.0 },
						"LowerArmR": { "offsetX": 0.0, "offsetY": 1.0, "offsetZ": 0.0, "rotationX": 0.0, "rotationY": 0.0, "rotationZ": -55.0 },
						"ItemAnchor": { "offsetX": -2.8235, "offsetY": 0.0, "offsetZ": 0.0 }
					}
				},
				{
					"frame": 14,
					"elements": {
						"LowerTorso": { "offsetX": -2.0, "offsetY": 0.0, "offsetZ": -2.0, "rotationX": 0.0, "rotationY": 42.0, "rotationZ": 0.0 },
						"UpperTorso": { "offsetX": 0.0, "offsetY": 0.0, "offsetZ": 0.0, "rotationX": -3.0, "rotationY": -3.0, "rotationZ": -4.0 },
						"UpperArmR": { "offsetX": 0.0, "offsetY": -1.5, "offsetZ": 0.0, "rotationX": 0.0, "rotationY": -30.0, "rotationZ": -42.0 },
						"LowerArmR": { "offsetX": 0.0, "offsetY": 1.0, "offsetZ": 0.0, "rotationX": 0.0, "rotationY": 0.0, "rotationZ": -19.0 },
						"ItemAnchor": { "offsetX": -4.0, "offsetY": 0.0, "offsetZ": 0.0, "rotationX": 11.0, "rotationY": -11.0, "rotationZ": 64.0 },
						"UpperArmL": { "offsetX": -0.4, "offsetY": 0.0, "offsetZ": 0.0, "rotationX": -25.0, "rotationY": -61.0, "rotationZ": -50.0 },
						"LowerArmL": { "offsetX": 0.0, "offsetY": 0.0, "offsetZ": 0.0, "rotationX": 0.0, "rotationY": -25.0, "rotationZ": -53.0 },
						"Neck": { "offsetX": 0.0, "offsetY": 0.0, "offsetZ": 0.0, "rotationX": 0.0, "rotationY": -19.0, "rotationZ": 0.0 },
						"Head": { "offsetX": 0.0, "offsetY": 0.0, "offsetZ": 0.0, "rotationX": 0.0, "rotationY": -8.0, "rotationZ": 5.0 },
						"UpperFootL": { "offsetX": 0.0, "offsetY": 0.0, "offsetZ": 0.0, "rotationX": -6.0, "rotationY": 0.0, "rotationZ": 3.0 },
						"LowerFootL": { "offsetX": 0.0, "offsetY": 0.0, "offsetZ": 0.0, "rotationX": 0.0, "rotationY": 0.0, "rotationZ": 0.0 },
						"UpperFootR": { "offsetX": -1.0, "offsetY": -0.5, "offsetZ": 0.0, "rotationX": 6.0, "rotationY": -28.0, "rotationZ": -18.0 },
						"LowerFootR": { "offsetX": 0.0, "offsetY": 0.0, "offsetZ": 0.0, "rotationX": 0.0, "rotationY": 0.0, "rotationZ": 19.0 }
					}
				},
				{
					"frame": 19,
					"elements": {
						"LowerTorso": { "offsetX": -2.0, "offsetY": 0.0, "offsetZ": -2.0, "rotationX": 0.0, "rotationY": 42.0, "rotationZ": 0.0 },
						"UpperTorso": { "offsetX": 0.0, "offsetY": 0.0, "offsetZ": 0.0, "rotationX": 0.0, "rotationY": -8.0, "rotationZ": -4.0 },
						"UpperArmR": { "offsetX": 0.0, "offsetY": -1.5, "offsetZ": 0.0, "rotationX": 0.0, "rotationY": -30.0, "rotationZ": -42.0 },
						"LowerArmR": { "offsetX": 0.0, "offsetY": 1.0, "offsetZ": 0.0, "rotationX": 0.0, "rotationY": 0.0, "rotationZ": -19.0 },
						"ItemAnchor": { "offsetX": -4.0, "offsetY": 0.0, "offsetZ": 0.0, "rotationX": 11.0, "rotationY": -11.0, "rotationZ": 64.0 },
						"UpperArmL": { "offsetX": -0.4, "offsetY": 0.0, "offsetZ": 0.0, "rotationX": -25.0, "rotationY": -61.0, "rotationZ": -50.0 },
						"LowerArmL": { "offsetX": 0.0, "offsetY": 0.0, "offsetZ": 0.0, "rotationX": 0.0, "rotationY": -25.0, "rotationZ": -53.0 },
						"Neck": { "offsetX": 0.0, "offsetY": 0.0, "offsetZ": 0.0, "rotationX": 0.0, "rotationY": -19.0, "rotationZ": 0.0 },
						"Head": { "offsetX": 0.0, "offsetY": 0.0, "offsetZ": 0.0, "rotationX": 0.0, "rotationY": -8.0, "rotationZ": 5.0 },
						"UpperFootL": { "offsetX": 0.0, "offsetY": 0.0, "offsetZ": 0.0, "rotationX": -6.0, "rotationY": 0.0, "rotationZ": 3.0 },
						"LowerFootL": { "offsetX": 0.0, "offsetY": 0.0, "offsetZ": 0.0, "rotationX": 0.0, "rotationY": 0.0, "rotationZ": 0.0 },
						"UpperFootR": { "offsetX": -1.0, "offsetY": -0.5, "offsetZ": 0.0, "rotationX": 6.0, "rotationY": -28.0, "rotationZ": -18.0 },
						"LowerFootR": { "offsetX": 0.0, "offsetY": 0.0, "offsetZ": 0.0, "rotationX": 0.0, "rotationY": 0.0, "rotationZ": 19.0 }
					}
				},
				{
					"frame": 26,
					"elements": {
						"LowerTorso": { "offsetX": -1.8, "offsetY": 0.0, "offsetZ": -1.8, "rotationX": 0.0, "rotationY": 36.0, "rotationZ": 0.0 },
						"UpperTorso": { "offsetX": 0.0, "offsetY": 0.0, "offsetZ": -0.1, "rotationX": -3.0, "rotationY": -6.0, "rotationZ": -4.0 },
						"Neck": { "rotationX": 1.0, "rotationY": -18.0, "rotationZ": 0.0 },
						"UpperFootR": { "offsetX": -1.0, "offsetY": -0.5, "offsetZ": 0.0, "rotationX": 6.0, "rotationY": -25.0, "rotationZ": -3.0 },
						"LowerFootR": { "rotationX": 0.0, "rotationY": 0.0, "rotationZ": 8.0 },
						"UpperFootL": { "offsetX": 0.1, "offsetY": 0.0, "offsetZ": 0.0, "rotationX": -6.0, "rotationY": 0.0, "rotationZ": 2.0 },
						"LowerFootL": { "rotationX": 0.0, "rotationY": 0.0, "rotationZ": 1.0 },
						"UpperArmR": { "rotationX": 3.0, "rotationY": -28.0, "rotationZ": -30.0 },
						"LowerArmR": { "rotationX": -69.0, "rotationY": 11.0, "rotationZ": 0.0 },
						"ItemAnchor": { "offsetX": -2.8, "offsetY": 0.0, "offsetZ": 0.0, "rotationX": 86.0, "rotationY": 0.0, "rotationZ": 47.0 },
						"LowerArmL": { "rotationX": 13.2222, "rotationY": -33.0, "rotationZ": -80.0 },
						"UpperArmL": { "rotationX": -17.8363, "rotationY": -25.0, "rotationZ": 11.0 }
					}
				},
				{
					"frame": 29,
					"elements": {
						"LowerTorso": { "offsetX": -1.8, "offsetY": 0.0, "offsetZ": -1.8, "rotationX": 0.0, "rotationY": 36.0, "rotationZ": 0.0 },
						"UpperTorso": { "offsetX": 0.0, "offsetY": 0.0, "offsetZ": -0.1, "rotationX": -3.0, "rotationY": -6.0, "rotationZ": -4.0 },
						"UpperArmR": { "offsetX": 0.0, "offsetY": -0.9474, "offsetZ": 0.0, "rotationX": 3.0, "rotationY": -28.0, "rotationZ": -30.0 },
						"LowerArmR": { "offsetX": 0.0, "offsetY": 0.6316, "offsetZ": 0.0, "rotationX": -69.0, "rotationY": 11.0, "rotationZ": 0.0 },
						"ItemAnchor": { "offsetX": -2.8, "offsetY": 0.0, "offsetZ": 0.0, "rotationX": 86.0, "rotationY": 0.0, "rotationZ": 47.0 },
						"UpperArmL": { "offsetX": -0.2526, "offsetY": 0.0, "offsetZ": 0.0, "rotationX": -17.8363, "rotationY": -25.0, "rotationZ": 11.0 },
						"LowerArmL": { "offsetX": 0.0, "offsetY": 0.0, "offsetZ": 0.0, "rotationX": 13.2222, "rotationY": -33.0, "rotationZ": -80.0 },
						"Neck": { "offsetX": 0.0, "offsetY": 0.0, "offsetZ": 0.0, "rotationX": 1.0, "rotationY": -18.0, "rotationZ": 0.0 },
						"Head": { "offsetX": 0.0, "offsetY": 0.0, "offsetZ": 0.0, "rotationX": 0.0, "rotationY": -5.0526, "rotationZ": 3.1579 },
						"UpperFootL": { "offsetX": 0.1, "offsetY": 0.0, "offsetZ": 0.0, "rotationX": -6.0, "rotationY": 0.0, "rotationZ": 2.0 },
						"LowerFootL": { "offsetX": 0.0, "offsetY": 0.0, "offsetZ": 0.0, "rotationX": 0.0, "rotationY": 0.0, "rotationZ": 1.0 },
						"UpperFootR": { "offsetX": -1.0, "offsetY": -0.5, "offsetZ": 0.0, "rotationX": 6.0, "rotationY": -25.0, "rotationZ": -3.0 },
						"LowerFootR": { "offsetX": 0.0, "offsetY": 0.0, "offsetZ": 0.0, "rotationX": 0.0, "rotationY": 0.0, "rotationZ": 8.0 }
					}
				}
			]
		}
	}
]