[
  {
    "file": "game:entities/humanoid/player",
    "op": "add",
    "path": "/client/animations/-",
    "value": {
      "code": "dagger",
      "animation": "dagger",
      "animationSpeed": 1,
			"attributes": {

				"damageAtFrame": 19,
				"authorative": true,
				"quantityframes": 33
			},
      "blendMode": "Add",
      "elementWeight": {"UpperArmR": 16, "LowerArmR": 16, "UpperArmL": 16, "LowerArmL": 16, "ItemAnchor": 16},
      "elementBlendMode": {
        "UpperArmR": "AddAverage",
        "LowerArmR": "AddAverage",
        "UpperArmL": "AddAverage",
        "LowerArmL": "AddAverage",
        "ItemAnchor": "AddAverage"
      }
    }
  },
  {
    "file": "game:shapes/entity/humanoid/seraph-faceless",
    "op": "add",
    "path": "/animations/-",
    "value": {
			"name": "Dagger",
			"code": "dagger",
			"quantityframes": 34,
			"onActivityStopped": "PlayTillEnd",
			"onAnimationEnd": "EaseOut",
			"keyframes": [
				{
					"frame": 6,
					"elements": {
						"UpperArmR": { "rotationX": 22.0, "rotationY": -47.0, "rotationZ": -97.0 },
						"LowerArmR": { "rotationX": -42.0, "rotationY": -13.0, "rotationZ": -86.0 },
						"LowerArmL": { "rotationX": 0.0, "rotationY": 0.0, "rotationZ": -14.0 },
						"UpperArmL": { "rotationX": -2.0, "rotationY": -3.0, "rotationZ": 6.0 },
						"ItemAnchor": { "rotationX": 0.0, "rotationY": 0.0, "rotationZ": 180.0 },
						"UpperFootR": { "rotationX": 0.0, "rotationY": 0.0, "rotationZ": -8.0 },
						"UpperFootL": { "rotationX": 0.0, "rotationY": 8.0, "rotationZ": 0.0 },
						"UpperTorso": { "rotationX": 0.0, "rotationY": 6.0, "rotationZ": 0.0 },
						"Head": { "rotationX": 0.0, "rotationY": -3.0, "rotationZ": 0.0 },
						"LowerFootR": { "rotationX": 0.0, "rotationY": 0.0, "rotationZ": 6.0 },
						"LowerFootL": { "rotationX": 0.0, "rotationY": 0.0, "rotationZ": 0.0 },
						"LowerTorso": { "offsetX": 0.0, "offsetY": 0.0, "offsetZ": 0.0 }
					}
				},
				{
					"frame": 16,
					"elements": {
						"LowerTorso": { "offsetX": 0.0, "offsetY": 0.0, "offsetZ": 0.0, "rotationX": 0.0, "rotationY": 4.0, "rotationZ": -3.0 },
						"UpperTorso": { "rotationX": 0.0, "rotationY": 6.0, "rotationZ": 0.0 },
						"UpperArmR": { "rotationX": 22.0, "rotationY": -47.0, "rotationZ": -97.0 },
						"LowerArmR": { "rotationX": -20.0, "rotationY": -14.0, "rotationZ": -100.0 },
						"ItemAnchor": { "rotationX": 0.0, "rotationY": 0.0, "rotationZ": 180.0 },
						"UpperArmL": { "rotationX": -2.0, "rotationY": -3.0, "rotationZ": 6.0 },
						"LowerArmL": { "rotationX": 0.0, "rotationY": 0.0, "rotationZ": -14.0 },
						"Head": { "rotationX": 0.0, "rotationY": -3.0, "rotationZ": 0.0 },
						"UpperFootL": { "rotationX": 0.0, "rotationY": 6.0, "rotationZ": 8.0 },
						"LowerFootL": { "rotationX": 0.0, "rotationY": 0.0, "rotationZ": 8.0 },
						"UpperFootR": { "rotationX": 0.0, "rotationY": 0.0, "rotationZ": -17.0 },
						"LowerFootR": { "rotationX": 0.0, "rotationY": 0.0, "rotationZ": 22.0 }
					}
				},
				{
					"frame": 18,
					"elements": {
						"UpperTorso": { "rotationX": -6.0, "rotationY": 11.0, "rotationZ": 6.0 },
						"UpperArmR": { "rotationX": 28.0, "rotationY": -34.0, "rotationZ": -64.0 },
						"LowerArmR": { "rotationX": -36.0, "rotationY": -8.0, "rotationZ": -47.0 },
						"ItemAnchor": { "rotationX": 3.0, "rotationY": 0.0, "rotationZ": 172.0 },
						"UpperArmL": { "rotationX": -10.0, "rotationY": 8.0, "rotationZ": 6.0 },
						"LowerArmL": { "rotationX": 0.0, "rotationY": 0.0, "rotationZ": -14.0 },
						"Head": { "rotationX": 0.0, "rotationY": -3.0, "rotationZ": 0.0 },
						"UpperFootL": { "rotationX": 0.0, "rotationY": 6.0, "rotationZ": 0.0 },
						"LowerFootL": { "rotationX": 0.0, "rotationY": 0.0, "rotationZ": 8.0 },
						"UpperFootR": { "rotationX": 0.0, "rotationY": 0.0, "rotationZ": -17.0 },
						"LowerFootR": { "rotationX": 0.0, "rotationY": 0.0, "rotationZ": 6.0 },
						"LowerTorso": { "rotationX": 0.0, "rotationY": 14.0, "rotationZ": 6.0 }
					}
				},
				{
					"frame": 21,
					"elements": {
						"LowerTorso": { "offsetX": 0.0, "offsetY": 0.0, "offsetZ": 0.0, "rotationX": 0.0, "rotationY": 14.0, "rotationZ": 6.0 },
						"UpperTorso": { "rotationX": -6.0, "rotationY": 11.0, "rotationZ": 6.0 },
						"UpperArmR": { "rotationX": 17.0, "rotationY": -34.0, "rotationZ": -64.0 },
						"LowerArmR": { "rotationX": -36.0, "rotationY": -6.0, "rotationZ": -30.0 },
						"ItemAnchor": { "rotationX": 3.0, "rotationY": 0.0, "rotationZ": 172.0 },
						"UpperArmL": { "rotationX": -9.0, "rotationY": -3.0, "rotationZ": 6.0 },
						"LowerArmL": { "rotationX": 0.0, "rotationY": 0.0, "rotationZ": -14.0 },
						"Head": { "rotationX": 0.0, "rotationY": -3.0, "rotationZ": 0.0 },
						"UpperFootL": { "rotationX": 0.0, "rotationY": 6.0, "rotationZ": 0.0 },
						"LowerFootL": { "rotationX": 0.0, "rotationY": 0.0, "rotationZ": 8.0 },
						"UpperFootR": { "rotationX": 0.0, "rotationY": 0.0, "rotationZ": -17.0 },
						"LowerFootR": { "rotationX": 0.0, "rotationY": 0.0, "rotationZ": 6.0 }
					}
				},
				{
					"frame": 25,
					"elements": {
						"LowerTorso": { "offsetX": 0.0, "offsetY": 0.0, "offsetZ": 0.0, "rotationX": 0.0, "rotationY": 14.0, "rotationZ": 6.0 },
						"UpperTorso": { "rotationX": -3.0, "rotationY": 11.0, "rotationZ": 6.0 },
						"UpperArmR": { "rotationX": 17.0, "rotationY": -30.0, "rotationZ": -64.0 },
						"LowerArmR": { "rotationX": -36.0, "rotationY": -6.0, "rotationZ": -30.0 },
						"ItemAnchor": { "rotationX": 3.0, "rotationY": 0.0, "rotationZ": 172.0 },
						"UpperArmL": { "rotationX": -7.0, "rotationY": -3.0, "rotationZ": 6.0 },
						"LowerArmL": { "rotationX": 0.0, "rotationY": 0.0, "rotationZ": -14.0 },
						"Head": { "rotationX": 0.0, "rotationY": -3.0, "rotationZ": 0.0 },
						"UpperFootL": { "rotationX": 0.0, "rotationY": 6.0, "rotationZ": 0.0 },
						"LowerFootL": { "rotationX": 0.0, "rotationY": 0.0, "rotationZ": 8.0 },
						"UpperFootR": { "rotationX": 0.0, "rotationY": 0.0, "rotationZ": -17.0 },
						"LowerFootR": { "rotationX": 0.0, "rotationY": 0.0, "rotationZ": 6.0 }
					}
				},
				{
					"frame": 30,
					"elements": {
						"LowerTorso": { "rotationX": 0.0, "rotationY": 0.0, "rotationZ": 0.0 },
						"UpperTorso": { "rotationX": 0.0, "rotationY": 11.0, "rotationZ": 0.0 },
						"UpperArmR": { "rotationX": 19.0, "rotationY": -22.0, "rotationZ": -65.0 },
						"LowerArmR": { "rotationX": -34.0, "rotationY": -8.0, "rotationZ": -47.0 },
						"ItemAnchor": { "rotationX": -10.0, "rotationY": 6.0, "rotationZ": 180.0 },
						"UpperArmL": { "rotationX": -2.0, "rotationY": -3.0, "rotationZ": 6.0 },
						"LowerArmL": { "rotationX": 0.0, "rotationY": 0.0, "rotationZ": -14.0 },
						"Head": { "rotationX": 0.0, "rotationY": -3.0, "rotationZ": 0.0 },
						"UpperFootL": { "rotationX": 0.0, "rotationY": 8.0, "rotationZ": 2.0 },
						"LowerFootL": { "rotationX": 0.0, "rotationY": 0.0, "rotationZ": 0.0 },
						"UpperFootR": { "rotationX": 0.0, "rotationY": 0.0, "rotationZ": -8.0 },
						"LowerFootR": { "rotationX": 0.0, "rotationY": 0.0, "rotationZ": 6.0 }
					}
				}
			]
		}
  },

	{
    "file": "game:entities/humanoid/player",
    "op": "add",
    "path": "/client/animations/-",
    "value": {
      "code": "dagger1",
      "animation": "dagger1",
      "animationSpeed": 1.1,
			"attributes": {

				"damageAtFrame": 19,
				"authorative": true,
				"quantityframes": 31
			},
      "blendMode": "Add",
      "elementWeight": {"UpperArmR": 32, "LowerArmR": 32, "UpperArmL": 32, "LowerArmL": 32, "ItemAnchor": 16 },
      "elementBlendMode": {
        "UpperArmR": "AddAverage",
        "LowerArmR": "AddAverage",
        "UpperArmL": "AddAverage",
        "LowerArmL": "AddAverage",
        "ItemAnchor": "AddAverage"
      }
    }
  },
  {
    "file": "game:shapes/entity/humanoid/seraph-faceless",
    "op": "add",
    "path": "/animations/-",
    "value": {
			"name": "DaggerMid",
			"code": "dagger1",
			"quantityframes": 32,
			"onActivityStopped": "PlayTillEnd",
			"onAnimationEnd": "EaseOut",
			"keyframes": [
				{
					"frame": 13,
					"elements": {
						"LowerTorso": { "offsetX": 0.0, "offsetY": 0.0, "offsetZ": 0.0, "rotationX": 0.0, "rotationY": 4.0, "rotationZ": -3.0 },
						"UpperTorso": { "rotationX": 0.0, "rotationY": 6.0, "rotationZ": 0.0 },
						"UpperArmR": { "rotationX": 0.0, "rotationY": -19.0, "rotationZ": -22.0 },
						"LowerArmR": { "rotationX": 25.0, "rotationY": 39.0, "rotationZ": -100.0 },
						"ItemAnchor": { "rotationX": 22.0, "rotationY": 0.0, "rotationZ": 116.0 },
						"UpperArmL": { "rotationX": -22.0, "rotationY": -3.0, "rotationZ": -50.0 },
						"LowerArmL": { "rotationX": 50.0, "rotationY": -22.0, "rotationZ": -42.0 },
						"Head": { "rotationX": 0.0, "rotationY": -8.0, "rotationZ": 0.0 },
						"UpperFootL": { "rotationX": 0.0, "rotationY": 6.0, "rotationZ": 8.0 },
						"LowerFootL": { "rotationX": 0.0, "rotationY": 0.0, "rotationZ": 8.0 },
						"UpperFootR": { "rotationX": 0.0, "rotationY": 0.0, "rotationZ": -17.0 },
						"LowerFootR": { "rotationX": 0.0, "rotationY": 0.0, "rotationZ": 22.0 }
					}
				},
				{
					"frame": 18,
					"elements": {
						"LowerTorso": { "offsetX": 0.0, "offsetY": 0.0, "offsetZ": 0.0, "rotationX": 0.0, "rotationY": 4.0, "rotationZ": -3.0 },
						"UpperTorso": { "rotationX": 0.0, "rotationY": 6.0, "rotationZ": 0.0 },
						"UpperArmR": { "rotationX": 0.0, "rotationY": -19.0, "rotationZ": -22.0 },
						"LowerArmR": { "rotationX": 25.0, "rotationY": 39.0, "rotationZ": -100.0 },
						"ItemAnchor": { "rotationX": 22.0, "rotationY": 0.0, "rotationZ": 116.0 },
						"UpperArmL": { "rotationX": -22.0, "rotationY": -3.0, "rotationZ": -50.0 },
						"LowerArmL": { "rotationX": 50.0, "rotationY": -22.0, "rotationZ": -42.0 },
						"Head": { "rotationX": 0.0, "rotationY": -8.0, "rotationZ": 0.0 },
						"UpperFootL": { "rotationX": 0.0, "rotationY": 6.0, "rotationZ": 8.0 },
						"LowerFootL": { "rotationX": 0.0, "rotationY": 0.0, "rotationZ": 8.0 },
						"UpperFootR": { "rotationX": 0.0, "rotationY": 0.0, "rotationZ": -17.0 },
						"LowerFootR": { "rotationX": 0.0, "rotationY": 0.0, "rotationZ": 22.0 }
					}
				},
				{
					"frame": 20,
					"elements": {
						"UpperArmR": { "rotationX": 0.0, "rotationY": -14.0, "rotationZ": -50.0 },
						"LowerArmR": { "rotationX": 0.0, "rotationY": 36.0, "rotationZ": -53.0 },
						"UpperArmL": { "rotationX": 14.0, "rotationY": -3.0, "rotationZ": -64.0 },
						"LowerArmL": { "rotationX": 14.0, "rotationY": -36.0, "rotationZ": -22.0 },
						"ItemAnchor": { "rotationX": 30.0, "rotationY": -19.0, "rotationZ": 111.0 }
					}
				},
				{
					"frame": 21,
					"elements": {
						"LowerTorso": { "offsetX": 0.0, "offsetY": 0.0, "offsetZ": 0.0, "rotationX": 0.0, "rotationY": 14.0, "rotationZ": 6.0 },
						"UpperTorso": { "rotationX": -6.0, "rotationY": -11.0, "rotationZ": 6.0 },
						"UpperArmR": { "rotationX": 0.0, "rotationY": -3.0, "rotationZ": -89.0 },
						"LowerArmR": { "rotationX": -17.0, "rotationY": -6.0, "rotationZ": -8.0 },
						"ItemAnchor": { "rotationX": 22.0, "rotationY": 0.0, "rotationZ": 83.0 },
						"UpperArmL": { "rotationX": 0.0, "rotationY": -3.0, "rotationZ": -78.0 },
						"LowerArmL": { "rotationX": 25.0, "rotationY": -3.0, "rotationZ": -25.0 },
						"Head": { "rotationX": 0.0, "rotationY": -3.0, "rotationZ": 0.0 },
						"UpperFootL": { "rotationX": 0.0, "rotationY": 6.0, "rotationZ": 0.0 },
						"LowerFootL": { "rotationX": 0.0, "rotationY": 0.0, "rotationZ": 8.0 },
						"UpperFootR": { "rotationX": 0.0, "rotationY": 0.0, "rotationZ": -17.0 },
						"LowerFootR": { "rotationX": 0.0, "rotationY": 0.0, "rotationZ": 6.0 }
					}
				},
				{
					"frame": 25,
					"elements": {
						"LowerTorso": { "offsetX": 0.0, "offsetY": 0.0, "offsetZ": 0.0, "rotationX": 0.0, "rotationY": 14.0, "rotationZ": 6.0 },
						"UpperTorso": { "rotationX": -6.0, "rotationY": -11.0, "rotationZ": 6.0 },
						"UpperArmR": { "rotationX": 0.0, "rotationY": -3.0, "rotationZ": -89.0 },
						"LowerArmR": { "rotationX": -17.0, "rotationY": -6.0, "rotationZ": -8.0 },
						"ItemAnchor": { "rotationX": 22.0, "rotationY": 0.0, "rotationZ": 83.0 },
						"UpperArmL": { "rotationX": 0.0, "rotationY": -3.0, "rotationZ": -78.0 },
						"LowerArmL": { "rotationX": 25.0, "rotationY": -3.0, "rotationZ": -25.0 },
						"Head": { "rotationX": 0.0, "rotationY": -3.0, "rotationZ": 0.0 },
						"UpperFootL": { "rotationX": 0.0, "rotationY": 6.0, "rotationZ": 0.0 },
						"LowerFootL": { "rotationX": 0.0, "rotationY": 0.0, "rotationZ": 8.0 },
						"UpperFootR": { "rotationX": 0.0, "rotationY": 0.0, "rotationZ": -17.0 },
						"LowerFootR": { "rotationX": 0.0, "rotationY": 0.0, "rotationZ": 6.0 }
					}
				},
				{
					"frame": 28,
					"elements": {
						"LowerTorso": { "offsetX": 0.0, "offsetY": 0.0, "offsetZ": 0.0, "rotationX": 0.0, "rotationY": 14.0, "rotationZ": 6.0 },
						"UpperTorso": { "rotationX": -6.0, "rotationY": -11.0, "rotationZ": 6.0 },
						"UpperArmR": { "rotationX": 0.0, "rotationY": -3.0, "rotationZ": -64.0 },
						"LowerArmR": { "rotationX": -19.0, "rotationY": -6.0, "rotationZ": -22.0 },
						"ItemAnchor": { "rotationX": 19.0, "rotationY": 0.0, "rotationZ": 66.0 },
						"UpperArmL": { "rotationX": 14.0, "rotationY": -3.0, "rotationZ": -55.0 },
						"LowerArmL": { "rotationX": 28.0, "rotationY": -3.0, "rotationZ": -30.0 },
						"Head": { "rotationX": 0.0, "rotationY": -3.0, "rotationZ": 0.0 },
						"UpperFootL": { "rotationX": 0.0, "rotationY": 6.0, "rotationZ": 0.0 },
						"LowerFootL": { "rotationX": 0.0, "rotationY": 0.0, "rotationZ": 8.0 },
						"UpperFootR": { "rotationX": 0.0, "rotationY": 0.0, "rotationZ": -17.0 },
						"LowerFootR": { "rotationX": 0.0, "rotationY": 0.0, "rotationZ": 6.0 }
					}
				}
			]
		}
  },

	{
    "file": "game:entities/humanoid/player",
    "op": "add",
    "path": "/client/animations/-",
    "value": {
      "code": "dagger2",
      "animation": "dagger2",
      "animationSpeed": 1,
			"attributes": {

				"damageAtFrame": 12,
				"damageAtFrame2": 24,
				"authorative": true,
				"quantityframes": 32
			},
      "blendMode": "Add",
      "elementWeight": {"UpperArmR": 16, "LowerArmR": 16, "UpperArmL": 16, "LowerArmL": 16, "ItemAnchor": 16},
      "elementBlendMode": {
        "UpperArmR": "AddAverage",
        "LowerArmR": "AddAverage",
        "UpperArmL": "AddAverage",
        "LowerArmL": "AddAverage",
        "ItemAnchor": "AddAverage"
      }
    }
  },
  {
    "file": "game:shapes/entity/humanoid/seraph-faceless",
    "op": "add",
    "path": "/animations/-",
    "value": {
			"name": "DaggerEnd",
			"code": "dagger2",
			"quantityframes": 32,
			"onActivityStopped": "PlayTillEnd",
			"onAnimationEnd": "EaseOut",
			"keyframes": [
				{
					"frame": 6,
					"elements": {
						"LowerTorso": { "offsetX": 0.0, "offsetY": 0.0, "offsetZ": 0.0, "rotationX": 0.0, "rotationY": 4.0, "rotationZ": -3.0 },
						"UpperTorso": { "rotationX": 0.0, "rotationY": -14.0, "rotationZ": 0.0 },
						"UpperArmR": { "rotationX": 0.0, "rotationY": 0.0, "rotationZ": -127.0 },
						"LowerArmR": { "rotationX": 0.0, "rotationY": 0.0, "rotationZ": -72.0 },
						"ItemAnchor": { "rotationX": 22.0, "rotationY": 0.0, "rotationZ": 180.0 },
						"UpperArmL": { "rotationX": -11.0, "rotationY": 0.0, "rotationZ": 17.0 },
						"LowerArmL": { "rotationX": -3.0, "rotationY": -22.0, "rotationZ": -39.0 },
						"Head": { "rotationX": 0.0, "rotationY": -8.0, "rotationZ": 0.0 },
						"UpperFootL": { "rotationX": 0.0, "rotationY": 6.0, "rotationZ": 8.0 },
						"LowerFootL": { "rotationX": 0.0, "rotationY": 0.0, "rotationZ": 8.0 },
						"UpperFootR": { "rotationX": 0.0, "rotationY": 0.0, "rotationZ": -17.0 },
						"LowerFootR": { "rotationX": 0.0, "rotationY": 0.0, "rotationZ": 22.0 }
					}
				},
				{
					"frame": 8,
					"elements": {
						"LowerTorso": { "offsetX": 0.0, "offsetY": 0.0, "offsetZ": 0.0, "rotationX": 0.0, "rotationY": 4.0, "rotationZ": -3.0 },
						"UpperTorso": { "rotationX": 0.0, "rotationY": -14.0, "rotationZ": 0.0 },
						"UpperArmR": { "rotationX": 0.0, "rotationY": 0.0, "rotationZ": -127.0 },
						"LowerArmR": { "rotationX": 0.0, "rotationY": 0.0, "rotationZ": -72.0 },
						"ItemAnchor": { "rotationX": 22.0, "rotationY": 0.0, "rotationZ": 180.0 },
						"UpperArmL": { "rotationX": -11.0, "rotationY": 0.0, "rotationZ": 17.0 },
						"LowerArmL": { "rotationX": -3.0, "rotationY": -22.0, "rotationZ": -39.0 },
						"Head": { "rotationX": 0.0, "rotationY": -8.0, "rotationZ": 0.0 },
						"UpperFootL": { "rotationX": 0.0, "rotationY": 6.0, "rotationZ": 8.0 },
						"LowerFootL": { "rotationX": 0.0, "rotationY": 0.0, "rotationZ": 8.0 },
						"UpperFootR": { "rotationX": 0.0, "rotationY": 0.0, "rotationZ": -17.0 },
						"LowerFootR": { "rotationX": 0.0, "rotationY": 0.0, "rotationZ": 22.0 }
					}
				},
				{
					"frame": 11,
					"elements": {
						"UpperArmR": { "rotationX": 0.0, "rotationY": -22.0, "rotationZ": -86.0 },
						"LowerArmR": { "rotationX": 0.0, "rotationY": 0.0, "rotationZ": -22.0 },
						"UpperArmL": { "rotationX": 0.0, "rotationY": 0.0, "rotationZ": 0.0 },
						"LowerArmL": { "rotationX": 8.0, "rotationY": -22.0, "rotationZ": -22.0 },
						"ItemAnchor": { "rotationX": 0.0, "rotationY": 0.0, "rotationZ": 180.0 },
						"UpperTorso": { "rotationX": -11.0, "rotationY": 6.0, "rotationZ": 14.0 },
						"Head": { "rotationX": 0.0, "rotationY": -11.0, "rotationZ": 0.0 }
					}
				},
				{
					"frame": 14,
					"elements": {
						"LowerTorso": { "offsetX": 0.0, "offsetY": 0.0, "offsetZ": 0.0, "rotationX": 0.0, "rotationY": 5.7647, "rotationZ": -1.4118 },
						"UpperTorso": { "rotationX": -11.0, "rotationY": 6.0, "rotationZ": 14.0 },
						"UpperArmR": { "rotationX": 0.0, "rotationY": -22.0, "rotationZ": -86.0 },
						"LowerArmR": { "rotationX": 0.0, "rotationY": 0.0, "rotationZ": -22.0 },
						"ItemAnchor": { "rotationX": 0.0, "rotationY": 0.0, "rotationZ": 180.0 },
						"UpperArmL": { "rotationX": 0.0, "rotationY": 0.0, "rotationZ": 0.0 },
						"LowerArmL": { "rotationX": 8.0, "rotationY": -22.0, "rotationZ": -22.0 },
						"Head": { "rotationX": 0.0, "rotationY": -11.0, "rotationZ": 0.0 },
						"UpperFootL": { "rotationX": 0.0, "rotationY": 6.0, "rotationZ": 6.5882 },
						"LowerFootL": { "rotationX": 0.0, "rotationY": 0.0, "rotationZ": 8.0 },
						"UpperFootR": { "rotationX": 0.0, "rotationY": 0.0, "rotationZ": -17.0 },
						"LowerFootR": { "rotationX": 0.0, "rotationY": 0.0, "rotationZ": 19.1765 }
					}
				},
				{
					"frame": 19,
					"elements": {
						"LowerTorso": { "offsetX": 0.0, "offsetY": 0.0, "offsetZ": 0.0, "rotationX": 0.0, "rotationY": 4.0, "rotationZ": -3.0 },
						"UpperTorso": { "rotationX": 0.0, "rotationY": -14.0, "rotationZ": 0.0 },
						"UpperArmR": { "rotationX": 0.0, "rotationY": 0.0, "rotationZ": -127.0 },
						"LowerArmR": { "rotationX": 0.0, "rotationY": 0.0, "rotationZ": -72.0 },
						"ItemAnchor": { "rotationX": 22.0, "rotationY": 0.0, "rotationZ": 180.0 },
						"UpperArmL": { "rotationX": -11.0, "rotationY": 0.0, "rotationZ": 17.0 },
						"LowerArmL": { "rotationX": -3.0, "rotationY": -22.0, "rotationZ": -39.0 },
						"Head": { "rotationX": 0.0, "rotationY": -8.0, "rotationZ": 0.0 },
						"UpperFootL": { "rotationX": 0.0, "rotationY": 6.0, "rotationZ": 8.0 },
						"LowerFootL": { "rotationX": 0.0, "rotationY": 0.0, "rotationZ": 8.0 },
						"UpperFootR": { "rotationX": 0.0, "rotationY": 0.0, "rotationZ": -17.0 },
						"LowerFootR": { "rotationX": 0.0, "rotationY": 0.0, "rotationZ": 22.0 }
					}
				},
				{
					"frame": 21,
					"elements": {
						"LowerTorso": { "offsetX": 0.0, "offsetY": 0.0, "offsetZ": 0.0, "rotationX": 0.0, "rotationY": 4.0, "rotationZ": -3.0 },
						"UpperTorso": { "rotationX": 0.0, "rotationY": -14.0, "rotationZ": 0.0 },
						"UpperArmR": { "rotationX": 0.0, "rotationY": 0.0, "rotationZ": -127.0 },
						"LowerArmR": { "rotationX": 0.0, "rotationY": 0.0, "rotationZ": -72.0 },
						"ItemAnchor": { "rotationX": 22.0, "rotationY": 0.0, "rotationZ": 180.0 },
						"UpperArmL": { "rotationX": -11.0, "rotationY": 0.0, "rotationZ": 17.0 },
						"LowerArmL": { "rotationX": -3.0, "rotationY": -22.0, "rotationZ": -39.0 },
						"Head": { "rotationX": 0.0, "rotationY": -8.0, "rotationZ": 0.0 },
						"UpperFootL": { "rotationX": 0.0, "rotationY": 6.0, "rotationZ": 8.0 },
						"LowerFootL": { "rotationX": 0.0, "rotationY": 0.0, "rotationZ": 8.0 },
						"UpperFootR": { "rotationX": 0.0, "rotationY": 0.0, "rotationZ": -17.0 },
						"LowerFootR": { "rotationX": 0.0, "rotationY": 0.0, "rotationZ": 22.0 }
					}
				},
				{
					"frame": 24,
					"elements": {
						"LowerTorso": { "offsetX": 0.0, "offsetY": 0.0, "offsetZ": 0.0, "rotationX": 0.0, "rotationY": 5.3235, "rotationZ": -1.8088 },
						"UpperTorso": { "rotationX": -11.0, "rotationY": 6.0, "rotationZ": 14.0 },
						"UpperArmR": { "rotationX": 0.0, "rotationY": -22.0, "rotationZ": -86.0 },
						"LowerArmR": { "rotationX": 0.0, "rotationY": 0.0, "rotationZ": -22.0 },
						"ItemAnchor": { "rotationX": 0.0, "rotationY": 0.0, "rotationZ": 180.0 },
						"UpperArmL": { "rotationX": 0.0, "rotationY": 0.0, "rotationZ": 0.0 },
						"LowerArmL": { "rotationX": 8.0, "rotationY": -22.0, "rotationZ": -22.0 },
						"Head": { "rotationX": 0.0, "rotationY": -11.0, "rotationZ": 0.0 },
						"UpperFootL": { "rotationX": 0.0, "rotationY": 6.0, "rotationZ": 6.9412 },
						"LowerFootL": { "rotationX": 0.0, "rotationY": 0.0, "rotationZ": 8.0 },
						"UpperFootR": { "rotationX": 0.0, "rotationY": 0.0, "rotationZ": -17.0 },
						"LowerFootR": { "rotationX": 0.0, "rotationY": 0.0, "rotationZ": 19.8824 }
					}
				},
				{
					"frame": 28,
					"elements": {
						"LowerTorso": { "offsetX": 0.0, "offsetY": 0.0, "offsetZ": 0.0, "rotationX": 0.0, "rotationY": 5.3235, "rotationZ": -1.8088 },
						"UpperTorso": { "rotationX": -11.0, "rotationY": 6.0, "rotationZ": 14.0 },
						"UpperArmR": { "rotationX": 0.0, "rotationY": -22.0, "rotationZ": -86.0 },
						"LowerArmR": { "rotationX": 0.0, "rotationY": 0.0, "rotationZ": -22.0 },
						"ItemAnchor": { "rotationX": 0.0, "rotationY": 0.0, "rotationZ": 180.0 },
						"UpperArmL": { "rotationX": 0.0, "rotationY": 0.0, "rotationZ": 0.0 },
						"LowerArmL": { "rotationX": 8.0, "rotationY": -22.0, "rotationZ": -22.0 },
						"Head": { "rotationX": 0.0, "rotationY": -11.0, "rotationZ": 0.0 },
						"UpperFootL": { "rotationX": 0.0, "rotationY": 6.0, "rotationZ": 6.9412 },
						"LowerFootL": { "rotationX": 0.0, "rotationY": 0.0, "rotationZ": 8.0 },
						"UpperFootR": { "rotationX": 0.0, "rotationY": 0.0, "rotationZ": -17.0 },
						"LowerFootR": { "rotationX": 0.0, "rotationY": 0.0, "rotationZ": 19.8824 }
					}
				},
				{
					"frame": 31,
					"elements": {
						"LowerTorso": { "offsetX": 0.0, "offsetY": 0.0, "offsetZ": 0.0, "rotationX": 0.0, "rotationY": 14.0, "rotationZ": 6.0 },
						"UpperTorso": { "rotationX": -6.0, "rotationY": -11.0, "rotationZ": 6.0 },
						"UpperArmR": { "rotationX": 0.0, "rotationY": -3.0, "rotationZ": -11.0 },
						"LowerArmR": { "rotationX": -19.0, "rotationY": -6.0, "rotationZ": -22.0 },
						"ItemAnchor": { "rotationX": 0.0, "rotationY": 0.0, "rotationZ": 0.0 },
						"UpperArmL": { "rotationX": 0.0, "rotationY": 0.0, "rotationZ": 0.0 },
						"LowerArmL": { "rotationX": 28.0, "rotationY": -3.0, "rotationZ": -30.0 },
						"Head": { "rotationX": 0.0, "rotationY": -3.0, "rotationZ": 0.0 },
						"UpperFootL": { "rotationX": 0.0, "rotationY": 6.0, "rotationZ": 0.0 },
						"LowerFootL": { "rotationX": 0.0, "rotationY": 0.0, "rotationZ": 8.0 },
						"UpperFootR": { "rotationX": 0.0, "rotationY": 0.0, "rotationZ": -17.0 },
						"LowerFootR": { "rotationX": 0.0, "rotationY": 0.0, "rotationZ": 6.0 }
					}
				}
			]
		}
  }
]