[
  {
    "file": "game:entities/humanoid/player",
    "op": "add",
    "path": "/client/animations/-",
    "value": {
      "code": "longsword",
      "animation": "longsword",
      "animationSpeed": 1.5,
			"attributes": {

				"damageAtFrame": 12,
				"authorative": true,
				"quantityframes": 29
			},
      "blendMode": "Add",
      "elementWeight": {"UpperArmR": 16, "LowerArmR": 16, "UpperArmL": 16, "LowerArmL": 16, "ItemAnchor": 16},
      "elementBlendMode": {
        "UpperArmR": "AddAverage",
        "LowerArmR": "AddAverage",
        "UpperArmL": "AddAverage",
        "LowerArmL": "AddAverage",
        "ItemAnchor": "AddAverage"
      }
    }
  },
  {
    "file": "game:shapes/entity/humanoid/seraph-faceless",
    "op": "add",
    "path": "/animations/-",
    "value": {
			"name": "LongSword",
			"code": "longsword",
			"quantityframes": 30,
			"onActivityStopped": "PlayTillEnd",
			"onAnimationEnd": "EaseOut",
			"keyframes": [
				{
					"frame": 5,
					"elements": {
						"UpperArmR": { "rotationX": 53.0, "rotationY": 0.0, "rotationZ": -30.0 },
						"LowerArmR": { "rotationX": -58.0, "rotationY": 3.0, "rotationZ": -125.0 },
						"UpperTorso": { "rotationX": 0.0, "rotationY": -30.0, "rotationZ": 0.0 },
						"UpperArmL": { "rotationX": 30.0, "rotationY": -22.0, "rotationZ": -83.0 },
						"LowerArmL": { "rotationX": 66.0, "rotationY": 3.0, "rotationZ": -17.0 },
						"ItemAnchor": { "rotationX": -14.0, "rotationY": 11.0, "rotationZ": -3.0 },
						"UpperFootR": { "rotationX": 0.0, "rotationY": -17.0, "rotationZ": -28.0 },
						"LowerFootR": { "rotationX": -3.0, "rotationY": 0.0, "rotationZ": 36.0 },
						"UpperFootL": { "rotationX": 3.0, "rotationY": 14.0, "rotationZ": -6.0 },
						"LowerFootL": { "rotationX": 0.0, "rotationY": 0.0, "rotationZ": 6.0 },
						"Head": { "rotationX": 0.0, "rotationY": 14.0, "rotationZ": 0.0 },
						"LowerTorso": { "offsetX": 0.0, "offsetY": -0.5, "offsetZ": 0.0, "rotationX": 0.0, "rotationY": 6.0, "rotationZ": 3.0 }
					}
				},
				{
					"frame": 9,
					"elements": {
						"LowerTorso": { "offsetX": 0.0, "offsetY": -0.5, "offsetZ": 0.0, "rotationX": 0.0, "rotationY": 6.0, "rotationZ": 3.0 },
						"UpperTorso": { "rotationX": 0.0, "rotationY": -30.0, "rotationZ": 0.0 },
						"UpperArmR": { "rotationX": 53.0, "rotationY": 0.0, "rotationZ": -30.0 },
						"LowerArmR": { "rotationX": -58.0, "rotationY": 3.0, "rotationZ": -125.0 },
						"ItemAnchor": { "rotationX": -14.0, "rotationY": 11.0, "rotationZ": -3.0 },
						"UpperArmL": { "rotationX": 30.0, "rotationY": -22.0, "rotationZ": -83.0 },
						"LowerArmL": { "rotationX": 66.0, "rotationY": 3.0, "rotationZ": -17.0 },
						"Head": { "rotationX": 0.0, "rotationY": 14.0, "rotationZ": 0.0 },
						"UpperFootL": { "rotationX": 3.0, "rotationY": 14.0, "rotationZ": -6.0 },
						"LowerFootL": { "rotationX": 0.0, "rotationY": 0.0, "rotationZ": 6.0 },
						"UpperFootR": { "rotationX": 0.0, "rotationY": -17.0, "rotationZ": -28.0 },
						"LowerFootR": { "rotationX": -3.0, "rotationY": 0.0, "rotationZ": 36.0 }
					}
				},
				{
					"frame": 11,
					"elements": {
						"ItemAnchor": { "rotationX": -17.0, "rotationY": 11.0, "rotationZ": 30.0 },
						"UpperArmR": { "rotationX": 19.0, "rotationY": 0.0, "rotationZ": -25.0 },
						"LowerArmR": { "rotationX": -94.0, "rotationY": -14.0, "rotationZ": -69.0 },
						"LowerArmL": { "rotationX": 44.0, "rotationY": -19.0, "rotationZ": -11.0 }
					}
				},
				{
					"frame": 14,
					"elements": {
						"UpperTorso": { "rotationX": 0.0, "rotationY": 28.0, "rotationZ": 14.0 },
						"UpperArmR": { "rotationX": -19.0, "rotationY": 0.0, "rotationZ": -44.0 },
						"LowerArmR": { "rotationX": -39.0, "rotationY": -11.0, "rotationZ": -25.0 },
						"ItemAnchor": { "rotationX": 3.0, "rotationY": 0.0, "rotationZ": 53.0 },
						"UpperArmL": { "rotationX": -17.0, "rotationY": 0.0, "rotationZ": -42.0 },
						"LowerArmL": { "rotationX": 39.0, "rotationY": 0.0, "rotationZ": -36.0 },
						"Head": { "rotationX": 0.0, "rotationY": -11.0, "rotationZ": 0.0 },
						"UpperFootL": { "rotationX": -11.0, "rotationY": 19.0, "rotationZ": 0.0 },
						"LowerFootL": { "rotationX": 0.0, "rotationY": 0.0, "rotationZ": 22.0 },
						"UpperFootR": { "rotationX": 0.0, "rotationY": -17.0, "rotationZ": -55.0 },
						"LowerFootR": { "rotationX": -3.0, "rotationY": 0.0, "rotationZ": 55.0 },
						"LowerTorso": { "offsetX": -0.4, "offsetY": -1.4, "offsetZ": 0.0, "rotationX": 0.0, "rotationY": 6.0, "rotationZ": 11.0 }
					}
				},
				{
					"frame": 21,
					"elements": {
						"LowerTorso": { "offsetX": -0.4, "offsetY": -1.4, "offsetZ": 0.0, "rotationX": 0.0, "rotationY": 6.0, "rotationZ": 11.0 },
						"UpperTorso": { "rotationX": 0.0, "rotationY": 28.0, "rotationZ": 14.0 },
						"UpperArmR": { "rotationX": -19.0, "rotationY": 0.0, "rotationZ": -44.0 },
						"LowerArmR": { "rotationX": -39.0, "rotationY": -11.0, "rotationZ": -25.0 },
						"ItemAnchor": { "rotationX": 3.0, "rotationY": 0.0, "rotationZ": 53.0 },
						"UpperArmL": { "rotationX": -17.0, "rotationY": 0.0, "rotationZ": -42.0 },
						"LowerArmL": { "rotationX": 39.0, "rotationY": 0.0, "rotationZ": -36.0 },
						"Head": { "rotationX": 0.0, "rotationY": -11.0, "rotationZ": 0.0 },
						"UpperFootL": { "rotationX": -11.0, "rotationY": 19.0, "rotationZ": 0.0 },
						"LowerFootL": { "rotationX": 0.0, "rotationY": 0.0, "rotationZ": 22.0 },
						"UpperFootR": { "rotationX": 0.0, "rotationY": -17.0, "rotationZ": -55.0 },
						"LowerFootR": { "rotationX": -3.0, "rotationY": 0.0, "rotationZ": 55.0 }
					}
				}
			]
		}
  },

	
	{
    "file": "game:entities/humanoid/player",
    "op": "add",
    "path": "/client/animations/-",
    "value": {
      "code": "longsword1",
      "animation": "longsword1",
      "animationSpeed": 1.5,
			"attributes": {

				"damageAtFrame": 12,
				"authorative": true,
				"quantityframes": 29
			},
      "blendMode": "Add",
      "elementWeight": {"UpperArmR": 16, "LowerArmR": 16, "UpperArmL": 16, "LowerArmL": 16, "ItemAnchor": 16},
      "elementBlendMode": {
        "UpperArmR": "AddAverage",
        "LowerArmR": "AddAverage",
        "UpperArmL": "AddAverage",
        "LowerArmL": "AddAverage",
        "ItemAnchor": "AddAverage"
      }
    }
  },
  {
    "file": "game:shapes/entity/humanoid/seraph-faceless",
    "op": "add",
    "path": "/animations/-",
    "value":{
			"name": "LongSwordMid",
			"code": "longsword1",
			"quantityframes": 30,
			"onActivityStopped": "PlayTillEnd",
			"onAnimationEnd": "EaseOut",
			"keyframes": [
				{
					"frame": 5,
					"elements": {
						"UpperArmR": { "rotationX": -28.0, "rotationY": -14.0, "rotationZ": -138.0 },
						"LowerArmR": { "rotationX": -53.0, "rotationY": 3.0, "rotationZ": -25.0 },
						"UpperTorso": { "rotationX": 0.0, "rotationY": -11.0, "rotationZ": 0.0 },
						"UpperArmL": { "rotationX": 11.0, "rotationY": 11.0, "rotationZ": -152.0 },
						"LowerArmL": { "rotationX": 53.0, "rotationY": 3.0, "rotationZ": -17.0 },
						"ItemAnchor": { "rotationX": -14.0, "rotationY": 11.0, "rotationZ": -3.0 },
						"UpperFootR": { "rotationX": 0.0, "rotationY": -17.0, "rotationZ": -28.0 },
						"LowerFootR": { "rotationX": -3.0, "rotationY": 0.0, "rotationZ": 36.0 },
						"UpperFootL": { "rotationX": 3.0, "rotationY": 14.0, "rotationZ": -6.0 },
						"LowerFootL": { "rotationX": 0.0, "rotationY": 0.0, "rotationZ": 6.0 },
						"Head": { "rotationX": 0.0, "rotationY": 3.0, "rotationZ": 0.0 },
						"LowerTorso": { "offsetX": 0.0, "offsetY": -0.5, "offsetZ": 0.0, "rotationX": 0.0, "rotationY": 6.0, "rotationZ": 3.0 }
					}
				},
				{
					"frame": 8,
					"elements": {
						"LowerTorso": { "offsetX": 0.0, "offsetY": -0.5, "offsetZ": 0.0, "rotationX": 0.0, "rotationY": 6.0, "rotationZ": 3.0 },
						"UpperTorso": { "rotationX": 0.0, "rotationY": -11.0, "rotationZ": 0.0 },
						"UpperArmR": { "rotationX": -28.0, "rotationY": -14.0, "rotationZ": -138.0 },
						"LowerArmR": { "rotationX": -53.0, "rotationY": 3.0, "rotationZ": -25.0 },
						"ItemAnchor": { "rotationX": -14.0, "rotationY": 11.0, "rotationZ": -3.0 },
						"UpperArmL": { "rotationX": 11.0, "rotationY": 11.0, "rotationZ": -152.0 },
						"LowerArmL": { "rotationX": 53.0, "rotationY": 3.0, "rotationZ": -17.0 },
						"Head": { "rotationX": 0.0, "rotationY": 3.0, "rotationZ": 0.0 },
						"UpperFootL": { "rotationX": 3.0, "rotationY": 14.0, "rotationZ": -6.0 },
						"LowerFootL": { "rotationX": 0.0, "rotationY": 0.0, "rotationZ": 6.0 },
						"UpperFootR": { "rotationX": 0.0, "rotationY": -17.0, "rotationZ": -28.0 },
						"LowerFootR": { "rotationX": -3.0, "rotationY": 0.0, "rotationZ": 36.0 }
					}
				},
				{
					"frame": 13,
					"elements": {
						"UpperTorso": { "rotationX": 0.0, "rotationY": -3.0, "rotationZ": 14.0 },
						"UpperArmR": { "rotationX": -19.0, "rotationY": 0.0, "rotationZ": -44.0 },
						"LowerArmR": { "rotationX": -39.0, "rotationY": -11.0, "rotationZ": -25.0 },
						"ItemAnchor": { "rotationX": 3.0, "rotationY": 0.0, "rotationZ": 53.0 },
						"UpperArmL": { "rotationX": -17.0, "rotationY": 0.0, "rotationZ": -42.0 },
						"LowerArmL": { "rotationX": 39.0, "rotationY": 0.0, "rotationZ": -36.0 },
						"Head": { "rotationX": 0.0, "rotationY": 0.0, "rotationZ": 0.0 },
						"UpperFootL": { "rotationX": -11.0, "rotationY": 19.0, "rotationZ": 0.0 },
						"LowerFootL": { "rotationX": 0.0, "rotationY": 0.0, "rotationZ": 22.0 },
						"UpperFootR": { "rotationX": 0.0, "rotationY": -17.0, "rotationZ": -55.0 },
						"LowerFootR": { "rotationX": -3.0, "rotationY": 0.0, "rotationZ": 55.0 },
						"LowerTorso": { "offsetX": -0.4, "offsetY": -1.4, "offsetZ": 0.0, "rotationX": 0.0, "rotationY": 6.0, "rotationZ": 11.0 }
					}
				},
				{
					"frame": 16,
					"elements": {
						"LowerTorso": { "offsetX": -0.4, "offsetY": -1.4, "offsetZ": 0.0, "rotationX": 0.0, "rotationY": 6.0, "rotationZ": 11.0 },
						"UpperTorso": { "rotationX": 0.0, "rotationY": -3.0, "rotationZ": 14.0 },
						"UpperArmR": { "rotationX": -19.0, "rotationY": 0.0, "rotationZ": -33.0 },
						"LowerArmR": { "rotationX": -39.0, "rotationY": -11.0, "rotationZ": -25.0 },
						"ItemAnchor": { "rotationX": 3.0, "rotationY": 0.0, "rotationZ": 53.0 },
						"UpperArmL": { "rotationX": -17.0, "rotationY": 0.0, "rotationZ": -36.0 },
						"LowerArmL": { "rotationX": 39.0, "rotationY": 0.0, "rotationZ": -36.0 },
						"Head": { "rotationX": 0.0, "rotationY": 0.0, "rotationZ": 0.0 },
						"UpperFootL": { "rotationX": -11.0, "rotationY": 19.0, "rotationZ": 0.0 },
						"LowerFootL": { "rotationX": 0.0, "rotationY": 0.0, "rotationZ": 22.0 },
						"UpperFootR": { "rotationX": 0.0, "rotationY": -17.0, "rotationZ": -55.0 },
						"LowerFootR": { "rotationX": -3.0, "rotationY": 0.0, "rotationZ": 55.0 }
					}
				}
			]
		}
  },




	{
    "file": "game:entities/humanoid/player",
    "op": "add",
    "path": "/client/animations/-",
    "value": {
      "code": "longsword2",
      "animation": "longsword2",
      "animationSpeed": 1.5,
			"attributes": {

				"damageAtFrame": 12,
				"authorative": true,
				"quantityframes": 29
			},
      "blendMode": "Add",
      "elementWeight": {"UpperArmR": 16, "LowerArmR": 16, "UpperArmL": 16, "LowerArmL": 16, "ItemAnchor": 16},
      "elementBlendMode": {
        "UpperArmR": "AddAverage",
        "LowerArmR": "AddAverage",
        "UpperArmL": "AddAverage",
        "LowerArmL": "AddAverage",
        "ItemAnchor": "AddAverage"
      }
    }
  },
  {
    "file": "game:shapes/entity/humanoid/seraph-faceless",
    "op": "add",
    "path": "/animations/-",
    "value": {
			"name": "LongSwordEnd",
			"code": "longsword2",
			"quantityframes": 30,
			"onActivityStopped": "PlayTillEnd",
			"onAnimationEnd": "EaseOut",
			"keyframes": [
				{
					"frame": 4,
					"elements": {
						"LowerTorso": { "offsetX": 0.0, "offsetY": -0.5, "offsetZ": 0.0, "rotationX": 0.0, "rotationY": 0.0, "rotationZ": -3.0 },
						"UpperTorso": { "rotationX": 0.0, "rotationY": 19.0, "rotationZ": 0.0 },
						"UpperArmR": { "rotationX": 0.0, "rotationY": 22.0, "rotationZ": -53.0 },
						"LowerArmR": { "rotationX": -55.0, "rotationY": 22.0, "rotationZ": -25.0 },
						"ItemAnchor": { "rotationX": 86.0, "rotationY": 8.0, "rotationZ": -25.0 },
						"UpperArmL": { "rotationX": 0.0, "rotationY": 14.0, "rotationZ": 11.0 },
						"LowerArmL": { "rotationX": 17.0, "rotationY": -17.0, "rotationZ": -105.0 },
						"Head": { "rotationX": 0.0, "rotationY": -25.0, "rotationZ": 0.0 },
						"UpperFootL": { "rotationX": 3.0, "rotationY": 14.0, "rotationZ": -30.0 },
						"LowerFootL": { "rotationX": 3.0, "rotationY": -11.0, "rotationZ": 30.0 },
						"UpperFootR": { "rotationX": 8.0, "rotationY": -19.0, "rotationZ": 8.0 },
						"LowerFootR": { "rotationX": -6.0, "rotationY": 0.0, "rotationZ": 8.0 }
					}
				},
				{
					"frame": 8,
					"elements": {
						"LowerTorso": { "offsetX": 0.0, "offsetY": -0.5, "offsetZ": 0.0, "rotationX": 0.0, "rotationY": 0.0, "rotationZ": -3.0 },
						"UpperTorso": { "rotationX": 0.0, "rotationY": 19.0, "rotationZ": -8.0 },
						"UpperArmR": { "rotationX": 0.0, "rotationY": 22.0, "rotationZ": -94.0 },
						"LowerArmR": { "rotationX": -55.0, "rotationY": 22.0, "rotationZ": -53.0 },
						"ItemAnchor": { "rotationX": 127.0, "rotationY": 47.0, "rotationZ": -30.0 },
						"UpperArmL": { "rotationX": 0.0, "rotationY": 14.0, "rotationZ": -61.0 },
						"LowerArmL": { "rotationX": 8.0, "rotationY": -8.0, "rotationZ": -119.0 },
						"Head": { "rotationX": 0.0, "rotationY": -25.0, "rotationZ": 0.0 },
						"UpperFootL": { "rotationX": 3.0, "rotationY": 14.0, "rotationZ": -30.0 },
						"LowerFootL": { "rotationX": 3.0, "rotationY": -11.0, "rotationZ": 30.0 },
						"UpperFootR": { "rotationX": 8.0, "rotationY": -19.0, "rotationZ": 8.0 },
						"LowerFootR": { "rotationX": -6.0, "rotationY": 0.0, "rotationZ": 8.0 }
					}
				},
				{
					"frame": 9,
					"elements": {
						"LowerTorso": { "offsetX": 0.0, "offsetY": -0.5, "offsetZ": 0.0, "rotationX": 0.0, "rotationY": 0.0, "rotationZ": -3.0 },
						"UpperTorso": { "rotationX": 0.0, "rotationY": 19.0, "rotationZ": -8.0 },
						"UpperArmR": { "rotationX": 0.0, "rotationY": 22.0, "rotationZ": -94.0 },
						"LowerArmR": { "rotationX": -55.0, "rotationY": 22.0, "rotationZ": -53.0 },
						"ItemAnchor": { "rotationX": 127.0, "rotationY": 47.0, "rotationZ": -30.0 },
						"UpperArmL": { "rotationX": 0.0, "rotationY": 14.0, "rotationZ": -61.0 },
						"LowerArmL": { "rotationX": 8.0, "rotationY": -8.0, "rotationZ": -119.0 },
						"Head": { "rotationX": 0.0, "rotationY": -25.0, "rotationZ": 0.0 },
						"UpperFootL": { "rotationX": 3.0, "rotationY": 14.0, "rotationZ": -30.0 },
						"LowerFootL": { "rotationX": 3.0, "rotationY": -11.0, "rotationZ": 30.0 },
						"UpperFootR": { "rotationX": 8.0, "rotationY": -19.0, "rotationZ": 8.0 },
						"LowerFootR": { "rotationX": -6.0, "rotationY": 0.0, "rotationZ": 8.0 }
					}
				},
				{
					"frame": 14,
					"elements": {
						"UpperTorso": { "rotationX": 0.0, "rotationY": -17.0, "rotationZ": 14.0 },
						"UpperArmR": { "rotationX": -19.0, "rotationY": 0.0, "rotationZ": -44.0 },
						"LowerArmR": { "rotationX": -39.0, "rotationY": -11.0, "rotationZ": -25.0 },
						"ItemAnchor": { "rotationX": 39.0, "rotationY": 39.0, "rotationZ": 53.0 },
						"UpperArmL": { "rotationX": -17.0, "rotationY": 0.0, "rotationZ": -42.0 },
						"LowerArmL": { "rotationX": 39.0, "rotationY": 0.0, "rotationZ": -36.0 },
						"Head": { "rotationX": 0.0, "rotationY": 6.0, "rotationZ": 0.0 },
						"UpperFootL": { "rotationX": 0.0, "rotationY": 17.0, "rotationZ": -66.0 },
						"LowerFootL": { "rotationX": 0.0, "rotationY": 0.0, "rotationZ": 58.0 },
						"UpperFootR": { "rotationX": 3.0, "rotationY": -17.0, "rotationZ": 11.0 },
						"LowerFootR": { "rotationX": 0.0, "rotationY": -3.0, "rotationZ": 0.0 },
						"LowerTorso": { "offsetX": -1.5, "offsetY": -1.5, "offsetZ": 0.0, "rotationX": 0.0, "rotationY": 6.0, "rotationZ": 14.0 }
					}
				},
				{
					"frame": 20,
					"elements": {
						"LowerTorso": { "offsetX": -1.5, "offsetY": -1.5, "offsetZ": 0.0, "rotationX": 0.0, "rotationY": 6.0, "rotationZ": 14.0 },
						"UpperTorso": { "rotationX": 0.0, "rotationY": -17.0, "rotationZ": 14.0 },
						"UpperArmR": { "rotationX": -19.0, "rotationY": 0.0, "rotationZ": -44.0 },
						"LowerArmR": { "rotationX": -39.0, "rotationY": -11.0, "rotationZ": -25.0 },
						"ItemAnchor": { "rotationX": 39.0, "rotationY": 39.0, "rotationZ": 53.0 },
						"UpperArmL": { "rotationX": -17.0, "rotationY": 0.0, "rotationZ": -42.0 },
						"LowerArmL": { "rotationX": 39.0, "rotationY": 0.0, "rotationZ": -36.0 },
						"Head": { "rotationX": 0.0, "rotationY": 6.0, "rotationZ": 0.0 },
						"UpperFootL": { "rotationX": 0.0, "rotationY": 17.0, "rotationZ": -66.0 },
						"LowerFootL": { "rotationX": 0.0, "rotationY": 0.0, "rotationZ": 58.0 },
						"UpperFootR": { "rotationX": 3.0, "rotationY": -17.0, "rotationZ": 11.0 },
						"LowerFootR": { "rotationX": 0.0, "rotationY": -3.0, "rotationZ": 0.0 }
					}
				}
			]
		}
  }
]