﻿[
  {"enabled": true, "file": "game:config/traits", "op": "replace", "path": "/9/attributes/armorWalkSpeedAffectedness", "value": -0.5},
  {"enabled": true, "file": "game:config/traits", "op": "addmerge", "path": "/9/attributes", "value": {"armorManipulationSpeedAffectedness": -0.5}},
  {"enabled": true, "file": "game:config/traits", "op": "addmerge", "path": "/9/attributes", "value": {"armorHungerRateAffectedness": -0.5}},
  {"enabled": true, "file": "game:config/traits", "op": "remove", "path": "/9/attributes/meleeWeaponsDamage"},
  {"enabled": true, "file": "game:config/characterclasses", "op": "remove", "path": "/4/traits/4"},
  {
    "enabled": true,
    "file": "game:config/characterclasses",
    "op": "addeach",
    "path": "/4/traits/-",
    "value": ["meleeExpert", "oneHandedSwordsProficiency", "twoHandedSwordsProficiency", "poleaxeProficiency", "tremblingAim", "clumsyHands", "canParryProjectiles", "legDay"]
  }
]