{
	"editor": {
		"allAngles": false,
		"entityTextureMode": false
	},
	"textureWidth": 16,
	"textureHeight": 16,
	"textureSizes": {
	},
	"textures": {
		"rope": "game:item/resource/rope"
	},
	"elements": [
		{
			"name": "ToolBinding2",
			"from": [ 1.5927, 3.8789, 1.235 ],
			"to": [ 2.5927, 6.8789, 4.235 ],
			"rotationOrigin": [ 2.5927, 3.8789, 2.735 ],
			"rotationX": 0.0523,
			"rotationY": 0.9986,
			"rotationZ": 89.9995,
			"faces": {
				"north": { "texture": "#rope", "uv": [ 1.0, 0.5, 4.0, 1.5 ], "rotation": 90 },
				"east": { "texture": "#rope", "uv": [ 0.0, 2.0, 3.0, 5.0 ] },
				"south": { "texture": "#rope", "uv": [ 0.0, 2.5, 3.0, 3.5 ], "rotation": 90 },
				"west": { "texture": "#rope", "uv": [ 2.0, 2.5, 5.0, 5.5 ] },
				"up": { "texture": "#rope", "uv": [ 4.5, 0.0, 7.5, 1.0 ], "rotation": 90 },
				"down": { "texture": "#rope", "uv": [ 2.5, 2.0, 5.5, 3.0 ], "rotation": 90 }
			},
			"children": [
				{
					"name": "ToolBinding",
					"from": [ 0.0, 3.0, 0.5 ],
					"to": [ 1.0, 5.0, 2.5 ],
					"rotationOrigin": [ 1.0, 3.0, 2.0 ],
					"rotationX": 0.0,
					"rotationY": 0.0,
					"rotationZ": 3.0,
					"faces": {
						"north": { "texture": "#rope", "uv": [ 1.0, 0.5, 3.0, 1.5 ], "rotation": 90 },
						"east": { "texture": "#rope", "uv": [ 0.0, 2.0, 2.0, 4.0 ] },
						"south": { "texture": "#rope", "uv": [ 0.0, 2.5, 2.0, 3.5 ], "rotation": 90 },
						"west": { "texture": "#rope", "uv": [ 2.0, 2.5, 4.0, 4.5 ] },
						"up": { "texture": "#rope", "uv": [ 4.5, 0.0, 6.5, 1.0 ], "rotation": 90 },
						"down": { "texture": "#rope", "uv": [ 2.5, 2.0, 4.5, 3.0 ], "rotation": 90 }
					},
					"children": [
						{
							"name": "origin",
							"from": [ 0.2, 0.893, 0.7931 ],
							"to": [ 0.2, 0.893, 0.7931 ],
							"rotationOrigin": [ -2.8, 0.393, 1.0931 ],
							"rotationX": -1.0,
							"rotationY": 0.0,
							"rotationZ": 0.0,
							"faces": {
								"north": { "texture": "#string", "uv": [ 0.0, 0.0, 0.5, 0.5 ] },
								"east": { "texture": "#string", "uv": [ 0.0, 0.0, 0.5, 0.5 ] },
								"south": { "texture": "#string", "uv": [ 0.0, 0.0, 0.5, 0.5 ] },
								"west": { "texture": "#string", "uv": [ 0.0, 0.0, 0.5, 0.5 ] },
								"up": { "texture": "#string", "uv": [ 0.0, 0.0, 0.5, 0.5 ] },
								"down": { "texture": "#string", "uv": [ 0.0, 0.0, 0.5, 0.5 ] }
							},
							"children": [
								{
									"name": "handle 2",
									"from": [ -8.5, -0.5, -0.5 ],
									"to": [ 7.5, 1.0, 1.0 ],
									"rotationOrigin": [ -0.5, 0.3, 0.0 ],
									"faces": {
										"north": { "texture": "#handle", "uv": [ 0.0, 5.5, 16.0, 7.0 ] },
										"east": { "texture": "#handle", "uv": [ 0.5, 0.5, 2.0, 2.0 ] },
										"south": { "texture": "#handle", "uv": [ 0.0, 10.5, 16.0, 12.0 ] },
										"west": { "texture": "#handle", "uv": [ 14.0, 10.0, 15.5, 11.5 ], "enabled": false },
										"up": { "texture": "#handle", "uv": [ 0.0, 4.5, 16.0, 6.0 ] },
										"down": { "texture": "#handle", "uv": [ 0.0, 5.0, 16.0, 6.5 ] }
									}
								},
								{
									"name": "string",
									"from": [ 5.5, -0.8, -1.0 ],
									"to": [ 6.0, 1.2, 2.0 ],
									"rotationOrigin": [ 5.5, -0.8, 0.5 ],
									"rotationY": 52.0,
									"faces": {
										"north": { "texture": "#string", "uv": [ 9.5, 0.0, 11.5, 0.5 ], "rotation": 90 },
										"east": { "texture": "#string", "uv": [ 2.0, 2.0, 5.0, 4.0 ] },
										"south": { "texture": "#string", "uv": [ 5.5, 2.0, 7.5, 2.5 ], "rotation": 90 },
										"west": { "texture": "#string", "uv": [ 1.0, 1.5, 4.0, 3.5 ] },
										"up": { "texture": "#string", "uv": [ 1.0, 0.0, 4.0, 0.5 ], "rotation": 90 },
										"down": { "texture": "#string", "uv": [ 7.5, 1.0, 10.5, 1.5 ], "rotation": 90 }
									}
								},
								{
									"name": "string7",
									"from": [ 5.6, -0.7, -1.5 ],
									"to": [ 6.1, 1.3, 1.5 ],
									"rotationOrigin": [ 5.6, -0.7, 0.0 ],
									"rotationY": -52.0,
									"faces": {
										"north": { "texture": "#string", "uv": [ 1.0, 0.0, 3.0, 0.5 ], "rotation": 90 },
										"east": { "texture": "#string", "uv": [ 0.0, 0.0, 3.0, 2.0 ] },
										"south": { "texture": "#string", "uv": [ 0.0, 0.0, 0.5, 2.0 ] },
										"west": { "texture": "#string", "uv": [ 0.0, 0.0, 3.0, 2.0 ] },
										"up": { "texture": "#string", "uv": [ 3.5, 0.0, 6.5, 0.5 ], "rotation": 90 },
										"down": { "texture": "#string", "uv": [ 0.0, 0.0, 0.5, 3.0 ] }
									}
								},
								{
									"name": "string8",
									"from": [ 4.0, -0.6, -0.7 ],
									"to": [ 4.5, 1.1, 1.3 ],
									"rotationOrigin": [ 4.0, -0.6, 0.8 ],
									"rotationY": 12.0,
									"faces": {
										"north": { "texture": "#string", "uv": [ 8.5, 0.5, 10.0, 1.0 ], "rotation": 90 },
										"east": { "texture": "#string", "uv": [ 0.0, 0.0, 2.0, 1.5 ] },
										"south": { "texture": "#string", "uv": [ 1.0, 0.5, 2.5, 1.0 ], "rotation": 90 },
										"west": { "texture": "#string", "uv": [ 2.0, 2.5, 4.0, 4.0 ] },
										"up": { "texture": "#string", "uv": [ 0.0, 0.0, 0.5, 2.0 ] },
										"down": { "texture": "#string", "uv": [ 0.0, 0.0, 0.5, 2.0 ] }
									}
								},
								{
									"name": "string9",
									"from": [ 3.2, -0.6, -0.9 ],
									"to": [ 3.7, 1.1, 1.1 ],
									"rotationOrigin": [ 3.2, -0.6, 0.6 ],
									"rotationX": 2.0,
									"rotationY": -26.0,
									"faces": {
										"north": { "texture": "#string", "uv": [ 0.0, 0.5, 1.5, 1.0 ], "rotation": 90 },
										"east": { "texture": "#string", "uv": [ 0.0, 0.0, 2.0, 1.5 ] },
										"south": { "texture": "#string", "uv": [ 2.0, 0.5, 3.5, 1.0 ], "rotation": 90 },
										"west": { "texture": "#string", "uv": [ 0.0, 4.0, 2.0, 5.5 ] },
										"up": { "texture": "#string", "uv": [ 3.0, 0.5, 5.0, 1.0 ], "rotation": 90 },
										"down": { "texture": "#string", "uv": [ 6.5, 0.5, 8.5, 1.0 ], "rotation": 90 }
									}
								},
								{
									"name": "string10",
									"from": [ 2.8, -0.6, -0.8 ],
									"to": [ 3.3, 1.1, 1.2 ],
									"rotationOrigin": [ 2.8, -0.6, 0.7 ],
									"rotationX": 1.0,
									"faces": {
										"north": { "texture": "#string", "uv": [ 1.0, 0.5, 2.5, 1.0 ], "rotation": 90 },
										"east": { "texture": "#string", "uv": [ 0.0, 2.0, 2.0, 3.5 ] },
										"south": { "texture": "#string", "uv": [ 0.0, 2.5, 1.5, 3.0 ], "rotation": 90 },
										"west": { "texture": "#string", "uv": [ 2.0, 2.5, 4.0, 4.0 ] },
										"up": { "texture": "#string", "uv": [ 4.5, 0.0, 6.5, 0.5 ], "rotation": 90 },
										"down": { "texture": "#string", "uv": [ 2.5, 2.0, 4.5, 2.5 ], "rotation": 90 }
									}
								},
								{
									"name": "bladeneck",
									"from": [ 4.7, 0.0, -1.2 ],
									"to": [ 6.7, 0.5, -0.2 ],
									"rotationOrigin": [ 4.7, 0.0, -1.2 ],
									"rotationX": 1.0,
									"faces": {
										"north": { "texture": "#material", "uv": [ 2.0, 9.0, 4.0, 9.5 ] },
										"east": { "texture": "#material", "uv": [ 5.0, 10.0, 6.0, 10.5 ] },
										"south": { "texture": "#material", "uv": [ 6.5, 3.5, 8.5, 4.0 ] },
										"west": { "texture": "#material", "uv": [ 6.0, 2.0, 7.0, 2.5 ] },
										"up": { "texture": "#material", "uv": [ 0.5, 8.5, 2.5, 9.5 ] },
										"down": { "texture": "#material", "uv": [ 1.0, 8.5, 3.0, 9.5 ] }
									},
									"children": [
										{
											"name": "axe head 2",
											"from": [ -0.6, 0.0, -3.4 ],
											"to": [ 2.4, 0.5, 0.1 ],
											"rotationOrigin": [ 0.4, 0.0, -0.4 ],
											"rotationX": -1.0,
											"rotationY": 2.0,
											"faces": {
												"north": { "texture": "#material", "uv": [ 10.0, 14.0, 13.0, 14.5 ] },
												"east": { "texture": "#material", "uv": [ 6.5, 11.5, 10.0, 12.0 ] },
												"south": { "texture": "#material", "uv": [ 2.0, 7.0, 5.0, 7.5 ] },
												"west": { "texture": "#material", "uv": [ 2.5, 7.0, 6.0, 7.5 ] },
												"up": { "texture": "#material", "uv": [ 4.5, 1.0, 7.5, 4.5 ] },
												"down": { "texture": "#material", "uv": [ 4.5, 1.0, 7.5, 4.5 ] }
											}
										}
									]
								},
								{
									"name": "handle 11",
									"from": [ -12.5, -0.5, -0.5 ],
									"to": [ -8.5, 1.0, 1.0 ],
									"rotationOrigin": [ -9.5, 0.3, 0.0 ],
									"faces": {
										"north": { "texture": "#handle", "uv": [ 0.0, 5.5, 4.0, 7.0 ] },
										"east": { "texture": "#handle", "uv": [ 0.5, 0.5, 2.0, 2.0 ], "enabled": false },
										"south": { "texture": "#handle", "uv": [ 0.0, 10.5, 4.0, 12.0 ] },
										"west": { "texture": "#handle", "uv": [ 14.0, 10.0, 15.5, 11.5 ] },
										"up": { "texture": "#handle", "uv": [ 0.0, 4.5, 4.0, 6.0 ] },
										"down": { "texture": "#handle", "uv": [ 0.0, 5.0, 4.0, 6.5 ] }
									}
								},
								{
									"name": "socket",
									"from": [ 4.5, -0.6, -0.6 ],
									"to": [ 7.0, 1.1, 1.1 ],
									"rotationOrigin": [ 4.5, -0.6, -0.6 ],
									"faces": {
										"north": { "texture": "#material", "uv": [ 7.0, 3.0, 9.5, 4.5 ] },
										"east": { "texture": "#material", "uv": [ 1.0, 2.0, 2.5, 3.5 ] },
										"south": { "texture": "#material", "uv": [ 8.5, 6.5, 11.0, 8.0 ] },
										"west": { "texture": "#material", "uv": [ 6.0, 2.0, 7.5, 3.5 ] },
										"up": { "texture": "#material", "uv": [ 0.5, 8.0, 3.0, 9.5 ] },
										"down": { "texture": "#material", "uv": [ 8.0, 2.5, 10.5, 4.0 ] }
									}
								},
								{
									"name": "haftstraps",
									"from": [ 2.0, 0.0, -0.6 ],
									"to": [ 4.5, 0.5, 1.1 ],
									"rotationOrigin": [ 2.0, 0.0, -0.6 ],
									"faces": {
										"north": { "texture": "#material", "uv": [ 8.5, 3.5, 11.0, 4.0 ] },
										"east": { "texture": "#material", "uv": [ 1.0, 2.0, 2.5, 2.5 ] },
										"south": { "texture": "#material", "uv": [ 2.0, 14.5, 4.5, 15.0 ] },
										"west": { "texture": "#material", "uv": [ 6.0, 2.0, 7.5, 2.5 ] },
										"up": { "texture": "#material", "uv": [ 7.5, 6.5, 10.0, 8.0 ] },
										"down": { "texture": "#material", "uv": [ 4.0, 3.0, 6.5, 4.5 ] }
									}
								}
							]
						}
					]
				}
			]
		}
	]}