{
	"editor": {
		"allAngles": false,
		"entityTextureMode": false
	},
	"textureWidth": 16,
	"textureHeight": 16,
	"textureSizes": {
	},
	"textures": {
		"rope": "game:item/resource/rope"
	},
	"elements": [
		{
			"name": "ToolBinding2",
			"from": [ 1.69, 3.86, 1.53 ],
			"to": [ 2.69, 6.86, 4.53 ],
			"rotationOrigin": [ 2.6923, 3.862, 3.028 ],
			"rotationX": 0.0523,
			"rotationY": 0.9986,
			"rotationZ": 89.9995,
			"faces": {
				"north": { "texture": "#rope", "uv": [ 1.0, 0.5, 4.0, 1.5 ], "rotation": 90 },
				"east": { "texture": "#rope", "uv": [ 0.0, 2.0, 3.0, 5.0 ] },
				"south": { "texture": "#rope", "uv": [ 0.0, 2.5, 3.0, 3.5 ], "rotation": 90 },
				"west": { "texture": "#rope", "uv": [ 2.0, 2.5, 5.0, 5.5 ] },
				"up": { "texture": "#rope", "uv": [ 4.5, 0.0, 7.5, 1.0 ], "rotation": 90 },
				"down": { "texture": "#rope", "uv": [ 2.5, 2.0, 5.5, 3.0 ], "rotation": 90 }
			},
			"children": [
				{
					"name": "ToolBinding",
					"from": [ 0.0, 1.4, -0.5 ],
					"to": [ 1.0, 3.0, 1.5 ],
					"rotationOrigin": [ 1.0, 3.0, 1.0 ],
					"rotationX": 180.0,
					"rotationZ": -3.0,
					"faces": {
						"north": { "texture": "#rope", "uv": [ 1.0, 0.5, 2.5, 1.5 ], "rotation": 90 },
						"east": { "texture": "#rope", "uv": [ 0.0, 2.0, 2.0, 3.5 ] },
						"south": { "texture": "#rope", "uv": [ 0.0, 2.5, 1.5, 3.5 ], "rotation": 90 },
						"west": { "texture": "#rope", "uv": [ 2.0, 2.5, 4.0, 4.0 ] },
						"up": { "texture": "#rope", "uv": [ 4.5, 0.0, 6.5, 1.0 ], "rotation": 90 },
						"down": { "texture": "#rope", "uv": [ 2.5, 2.0, 4.5, 3.0 ], "rotation": 90 }
					},
					"children": [
						{
							"name": "origin",
							"from": [ -0.3629, 2.0401, 0.373 ],
							"to": [ -0.3629, 2.0401, 0.373 ],
							"rotationOrigin": [ -1.8629, 1.5401, 0.873 ],
							"rotationX": -1.0,
							"rotationZ": -176.9999,
							"faces": {
								"north": { "texture": "#string", "uv": [ 0.0, 0.0, 0.5, 0.5 ] },
								"east": { "texture": "#string", "uv": [ 0.0, 0.0, 0.5, 0.5 ] },
								"south": { "texture": "#string", "uv": [ 0.0, 0.0, 0.5, 0.5 ] },
								"west": { "texture": "#string", "uv": [ 0.0, 0.0, 0.5, 0.5 ] },
								"up": { "texture": "#string", "uv": [ 0.0, 0.0, 0.5, 0.5 ] },
								"down": { "texture": "#string", "uv": [ 0.0, 0.0, 0.5, 0.5 ] }
							},
							"children": [
								{
									"name": "handle 2",
									"from": [ -4.5, -0.5, -0.1 ],
									"to": [ 3.5, 0.7, 1.1 ],
									"rotationOrigin": [ -0.5, 0.0, 0.5 ],
									"rotationY": 180.0,
									"faces": {
										"north": { "texture": "#metal", "uv": [ 0.0, 5.5, 8.0, 6.5 ] },
										"east": { "texture": "#metal", "uv": [ 0.5, 0.5, 1.5, 1.5 ] },
										"south": { "texture": "#metal", "uv": [ 0.0, 10.5, 8.0, 11.5 ] },
										"west": { "texture": "#metal", "uv": [ 14.0, 10.0, 15.0, 11.0 ] },
										"up": { "texture": "#metal", "uv": [ 0.0, 2.5, 8.0, 3.5 ] },
										"down": { "texture": "#metal", "uv": [ 0.0, 5.0, 8.0, 6.0 ] }
									},
									"children": [
										{
											"name": "blade",
											"from": [ 8.0, 0.4, -0.3 ],
											"to": [ 10.0, 0.8, 1.5 ],
											"rotationOrigin": [ 8.0, 0.4, -0.3 ],
											"rotationY": -2.0,
											"faces": {
												"north": { "texture": "#metal", "uv": [ 12.0, 1.0, 14.0, 1.5 ] },
												"east": { "texture": "#metal", "uv": [ 11.0, 12.0, 12.5, 12.5 ] },
												"south": { "texture": "#metal", "uv": [ 8.0, 12.0, 10.0, 12.5 ] },
												"west": { "texture": "#metal", "uv": [ 10.0, 11.0, 11.5, 11.5 ] },
												"up": { "texture": "#metal", "uv": [ 7.0, 11.0, 9.0, 12.5 ] },
												"down": { "texture": "#metal", "uv": [ 4.0, 5.0, 6.0, 6.5 ] }
											}
										},
										{
											"name": "RampU",
											"from": [ 8.0, 0.8, 0.0 ],
											"to": [ 10.0, 1.2, 1.2 ],
											"rotationOrigin": [ 8.0, 1.2, 0.0 ],
											"rotationY": -2.0,
											"rotationZ": -11.5,
											"faces": {
												"north": { "texture": "#metal", "uv": [ 12.0, 1.0, 14.0, 1.5 ] },
												"east": { "texture": "#metal", "uv": [ 11.0, 12.0, 12.0, 12.5 ] },
												"south": { "texture": "#metal", "uv": [ 8.0, 12.0, 10.0, 12.5 ] },
												"west": { "texture": "#metal", "uv": [ 10.0, 11.0, 11.0, 11.5 ] },
												"up": { "texture": "#metal", "uv": [ 6.0, 14.0, 8.0, 15.0 ] },
												"down": { "texture": "#metal", "uv": [ 4.0, 5.0, 6.0, 6.0 ] }
											}
										},
										{
											"name": "RampD",
											"from": [ 8.0, 0.0, 0.0 ],
											"to": [ 10.0, 0.4, 1.2 ],
											"rotationOrigin": [ 8.0, 0.0, 0.0 ],
											"rotationY": -2.0,
											"rotationZ": 11.5,
											"faces": {
												"north": { "texture": "#metal", "uv": [ 12.0, 1.0, 14.0, 1.5 ] },
												"east": { "texture": "#metal", "uv": [ 11.0, 12.0, 12.0, 12.5 ] },
												"south": { "texture": "#metal", "uv": [ 8.0, 12.0, 10.0, 12.5 ] },
												"west": { "texture": "#metal", "uv": [ 10.0, 11.0, 11.0, 11.5 ] },
												"up": { "texture": "#metal", "uv": [ 6.0, 14.0, 8.0, 15.0 ] },
												"down": { "texture": "#metal", "uv": [ 4.0, 5.0, 6.0, 6.0 ] }
											}
										}
									]
								}
							]
						}
					]
				}
			]
		}
	]}