{
	"editor": {
		"allAngles": false,
		"entityTextureMode": true
	},
	"textureWidth": 16,
	"textureHeight": 16,
	"textureSizes": {
	},
	"textures": {		"brown": "game:item/tool/shield/leather/brown",
		"swordforlorn": "game:item/tool/sword-forlorn"
	},
	"elements": [
		{
			"name": "ToolBinding2",
			"from": [ 1.5008, 3.8563, 1.7262 ],
			"to": [ 2.5008, 6.6563, 4.2262 ],
			"uv": [ 0.0, 0.0 ],
			"rotationOrigin": [ 2.5008, 3.8563, 3.2262 ],
			"rotationX": 0.0523,
			"rotationY": 0.9986,
			"rotationZ": 89.9995,
			"faces": {
				"north": { "texture": "#brown", "uv": [ 0.0, 1.0, 2.5, 2.0 ], "rotation": 90 },
				"east": { "texture": "#brown", "uv": [ 2.5, 1.0, 5.0, 3.5 ] },
				"south": { "texture": "#brown", "uv": [ 5.0, 1.0, 7.5, 2.0 ], "rotation": 90 },
				"west": { "texture": "#brown", "uv": [ 7.5, 1.0, 10.0, 3.5 ] },
				"up": { "texture": "#brown", "uv": [ 0.0, 0.0, 2.5, 1.0 ], "rotation": 90 },
				"down": { "texture": "#brown", "uv": [ 2.5, 0.0, 5.0, 1.0 ], "rotation": 90 }
			},
			"children": [
				{
					"name": "ToolBinding",
					"from": [ 0.0, 2.8, 0.0 ],
					"to": [ 1.0, 4.3, 2.5 ],
					"uv": [ 0.0, 0.0 ],
					"rotationOrigin": [ 1.0, 2.8, 1.5 ],
					"rotationX": 0.0,
					"rotationY": 0.0,
					"rotationZ": 3.0,
					"faces": {
						"north": { "texture": "#brown", "uv": [ 0.0, 1.0, 1.5, 2.0 ], "rotation": 90 },
						"east": { "texture": "#brown", "uv": [ 1.5, 1.0, 4.0, 2.5 ] },
						"south": { "texture": "#brown", "uv": [ 4.0, 1.0, 5.5, 2.0 ], "rotation": 90 },
						"west": { "texture": "#brown", "uv": [ 5.5, 1.0, 8.0, 2.5 ] },
						"up": { "texture": "#brown", "uv": [ 0.0, 0.0, 2.5, 1.0 ], "rotation": 90 },
						"down": { "texture": "#brown", "uv": [ 2.5, 0.0, 5.0, 1.0 ], "rotation": 90 }
					},
					"children": [
						{
							"name": "origin",
							"from": [ 4.4808, 0.5, 2.28 ],
							"to": [ 4.4808, 0.5, 2.28 ],
							"uv": [ 0.0, 0.0 ],
							"rotationOrigin": [ 4.4808, 0.4958, 2.2845 ],
							"rotationX": -0.2,
							"rotationY": -14.98,
							"rotationZ": -182.89,
							"faces": {
								"north": { "texture": "#null", "uv": [ 0.0, 0.0, 0.5, 0.5 ], "enabled": false },
								"east": { "texture": "#null", "uv": [ 0.0, 0.0, 0.5, 0.5 ], "enabled": false },
								"south": { "texture": "#null", "uv": [ 0.0, 0.0, 0.5, 0.5 ], "enabled": false },
								"west": { "texture": "#null", "uv": [ 0.0, 0.0, 0.5, 0.5 ], "enabled": false },
								"up": { "texture": "#null", "uv": [ 0.0, 0.0, 0.5, 0.5 ], "enabled": false },
								"down": { "texture": "#null", "uv": [ 0.0, 0.0, 0.5, 0.5 ], "enabled": false }
							},
							"children": [
								{
									"name": "handle",
									"from": [ -10.5, -0.7, -0.8 ],
									"to": [ -4.5, 0.7, 0.7 ],
									"autoUnwrap": false,
									"uv": [ 0.0, 13.5 ],
									"rotationOrigin": [ -5.0, 0.0, 0.0 ],
									"faces": {
										"north": { "texture": "#swordforlorn", "uv": [ 0.0, 15.0, 6.0, 16.0 ], "rotation": 180 },
										"east": { "texture": "#swordforlorn", "uv": [ 3.0, 1.5, 4.5, 2.5 ], "enabled": false },
										"south": { "texture": "#swordforlorn", "uv": [ 0.0, 11.0, 6.0, 12.0 ] },
										"west": { "texture": "#swordforlorn", "uv": [ 7.0, 12.5, 8.5, 13.5 ] },
										"up": { "texture": "#swordforlorn", "uv": [ 0.0, 13.5, 6.0, 15.0 ] },
										"down": { "texture": "#swordforlorn", "uv": [ 0.0, 12.0, 6.0, 13.5 ], "rotation": 180 }
									},
									"children": [
										{
											"name": "pommel",
											"from": [ 0.7, -0.3, -0.2 ],
											"to": [ 1.7, 1.7, 1.8 ],
											"uv": [ 0.0, 0.0 ],
											"rotationOrigin": [ 1.7, 0.7, 0.8 ],
											"faces": {
												"north": { "texture": "#swordforlorn", "uv": [ 0.0, 2.0, 1.0, 4.0 ] },
												"east": { "texture": "#swordforlorn", "uv": [ 1.0, 2.0, 3.0, 4.0 ] },
												"south": { "texture": "#swordforlorn", "uv": [ 3.0, 2.0, 4.0, 4.0 ] },
												"west": { "texture": "#swordforlorn", "uv": [ 4.0, 2.0, 6.0, 4.0 ] },
												"up": { "texture": "#swordforlorn", "uv": [ 0.0, 0.0, 1.0, 2.0 ] },
												"down": { "texture": "#swordforlorn", "uv": [ 1.0, 0.0, 2.0, 2.0 ] }
											}
										},
										{
											"name": "hilt",
											"from": [ 6.0, -0.6, -0.5 ],
											"to": [ 6.5, 1.9, 2.0 ],
											"uv": [ 6.0, 11.0 ],
											"rotationOrigin": [ 6.0, 0.6, 0.7 ],
											"faces": {
												"north": { "texture": "#swordforlorn", "uv": [ 6.0, 13.5, 6.5, 16.0 ] },
												"east": { "texture": "#swordforlorn", "uv": [ 6.5, 13.5, 9.0, 16.0 ] },
												"south": { "texture": "#swordforlorn", "uv": [ 9.0, 13.5, 9.5, 16.0 ] },
												"west": { "texture": "#swordforlorn", "uv": [ 9.5, 13.5, 12.0, 16.0 ] },
												"up": { "texture": "#swordforlorn", "uv": [ 6.0, 11.0, 6.5, 13.5 ] },
												"down": { "texture": "#swordforlorn", "uv": [ 6.5, 11.0, 7.0, 13.5 ] }
											},
											"children": [
												{
													"name": "hilt1",
													"from": [ 0.3, 1.1, -0.1 ],
													"to": [ 2.3, 1.5, 0.9 ],
													"uv": [ 6.0, 2.0 ],
													"rotationOrigin": [ 0.3, 1.3, 0.4 ],
													"rotationY": 45.0,
													"faces": {
														"north": { "texture": "#swordforlorn", "uv": [ 6.0, 3.0, 8.0, 3.5 ] },
														"east": { "texture": "#swordforlorn", "uv": [ 8.0, 3.0, 9.0, 3.5 ] },
														"south": { "texture": "#swordforlorn", "uv": [ 9.0, 3.0, 11.0, 3.5 ] },
														"west": { "texture": "#swordforlorn", "uv": [ 2.5, 0.5, 3.0, 1.0 ], "enabled": false },
														"up": { "texture": "#swordforlorn", "uv": [ 6.0, 2.0, 8.0, 3.0 ] },
														"down": { "texture": "#swordforlorn", "uv": [ 8.0, 2.0, 10.0, 3.0 ] }
													}
												},
												{
													"name": "hilt2",
													"from": [ 0.3, 1.1, 1.6 ],
													"to": [ 2.3, 1.5, 2.6 ],
													"uv": [ 6.0, 0.0 ],
													"rotationOrigin": [ 0.3, 1.3, 2.1 ],
													"rotationY": -45.0,
													"faces": {
														"north": { "texture": "#swordforlorn", "uv": [ 6.0, 1.0, 8.0, 1.5 ] },
														"east": { "texture": "#swordforlorn", "uv": [ 8.0, 1.0, 9.0, 1.5 ] },
														"south": { "texture": "#swordforlorn", "uv": [ 9.0, 1.0, 11.0, 1.5 ] },
														"west": { "texture": "#swordforlorn", "uv": [ 2.5, 0.5, 3.0, 1.0 ], "enabled": false },
														"up": { "texture": "#swordforlorn", "uv": [ 6.0, 0.0, 8.0, 1.0 ] },
														"down": { "texture": "#swordforlorn", "uv": [ 8.0, 0.0, 10.0, 1.0 ] }
													}
												}
											]
										},
										{
											"name": "blade",
											"from": [ 8.5, 0.5, 0.05 ],
											"to": [ 21.5, 0.9, 1.55 ],
											"autoUnwrap": false,
											"uv": [ 0.5, 6.5 ],
											"rotationOrigin": [ 8.5, 0.7, 0.8 ],
											"faces": {
												"north": { "texture": "#swordforlorn", "uv": [ 0.0, 7.0, 13.0, 7.5 ] },
												"east": { "texture": "#swordforlorn", "uv": [ 11.0, 6.5, 12.5, 7.0 ] },
												"south": { "texture": "#swordforlorn", "uv": [ 0.0, 7.5, 13.0, 8.0 ] },
												"west": { "texture": "#swordforlorn", "uv": [ 3.0, 1.0, 4.5, 1.5 ], "enabled": false },
												"up": { "texture": "#swordforlorn", "uv": [ 0.0, 9.5, 13.0, 11.0 ] },
												"down": { "texture": "#swordforlorn", "uv": [ 0.0, 8.0, 13.0, 9.5 ] }
											},
											"children": [
												{
													"name": "bladetip",
													"from": [ 13.0, 0.0, 0.3 ],
													"to": [ 24.0, 0.4, 1.3 ],
													"autoUnwrap": false,
													"uv": [ 0.0, 0.0 ],
													"rotationOrigin": [ 13.0, 0.2, 0.8 ],
													"faces": {
														"north": { "texture": "#swordforlorn", "uv": [ 0.0, 4.5, 11.0, 5.0 ] },
														"east": { "texture": "#swordforlorn", "uv": [ 11.0, 6.0, 12.0, 6.5 ] },
														"south": { "texture": "#swordforlorn", "uv": [ 0.0, 4.0, 11.0, 4.5 ] },
														"west": { "texture": "#swordforlorn", "uv": [ 3.0, 1.0, 4.0, 1.5 ], "enabled": false },
														"up": { "texture": "#swordforlorn", "uv": [ 0.0, 6.0, 11.0, 7.0 ] },
														"down": { "texture": "#swordforlorn", "uv": [ 0.0, 5.0, 11.0, 6.0 ] }
													}
												},
												{
													"name": "bladeguard",
													"from": [ -2.0, -0.1, -0.1 ],
													"to": [ 0.0, 0.5, 1.6 ],
													"uv": [ 2.0, 0.0 ],
													"rotationOrigin": [ -2.0, 0.2, 0.8 ],
													"faces": {
														"north": { "texture": "#swordforlorn", "uv": [ 2.0, 1.5, 4.0, 2.0 ] },
														"east": { "texture": "#swordforlorn", "uv": [ 4.0, 1.5, 5.5, 2.0 ] },
														"south": { "texture": "#swordforlorn", "uv": [ 5.5, 1.5, 7.5, 2.0 ] },
														"west": { "texture": "#swordforlorn", "uv": [ 5.5, 1.5, 7.0, 2.0 ], "enabled": false },
														"up": { "texture": "#swordforlorn", "uv": [ 2.0, 0.0, 4.0, 1.5 ] },
														"down": { "texture": "#swordforlorn", "uv": [ 4.0, 0.0, 6.0, 1.5 ] }
													}
												}
											]
										}
									]
								},
								{
									"name": "ToolBinding3",
									"from": [ 4.5076, 0.2376, -0.8983 ],
									"to": [ 12.5076, 0.8376, 0.9017 ],
									"autoUnwrap": false,
									"uv": [ 7.5, -3.0 ],
									"rotationOrigin": [ 5.5076, 0.2376, 0.6017 ],
									"rotationX": -0.9986,
									"rotationY": 0.0523,
									"rotationZ": -179.9996,
									"faces": {
										"north": { "texture": "#brown", "uv": [ 7.5, 5.0, 8.0, 13.0 ], "rotation": 90 },
										"east": { "texture": "#brown", "uv": [ 8.0, 5.0, 9.5, 5.5 ] },
										"south": { "texture": "#brown", "uv": [ 9.5, 5.0, 10.0, 13.0 ], "rotation": 90 },
										"west": { "texture": "#brown", "uv": [ 10.0, 5.0, 11.5, 5.5 ] },
										"up": { "texture": "#brown", "uv": [ 9.5, 1.0, 11.0, 9.0 ], "rotation": 90 },
										"down": { "texture": "#brown", "uv": [ 11.0, 0.5, 12.5, 8.5 ], "rotation": 90 }
									},
									"children": [
										{
											"name": "ToolBinding4",
											"from": [ -5.0, 0.0, 0.0 ],
											"to": [ 0.0, 0.6, 1.8 ],
											"uv": [ 3.0, 3.0 ],
											"rotationOrigin": [ -4.0, 0.0, 1.5 ],
											"faces": {
												"north": { "texture": "#brown", "uv": [ 3.0, 8.0, 3.5, 13.0 ], "rotation": 90 },
												"east": { "texture": "#brown", "uv": [ 3.5, 8.0, 5.0, 8.5 ] },
												"south": { "texture": "#brown", "uv": [ 5.0, 8.0, 5.5, 13.0 ], "rotation": 90 },
												"west": { "texture": "#brown", "uv": [ 5.5, 8.0, 7.0, 8.5 ] },
												"up": { "texture": "#brown", "uv": [ 3.0, 3.0, 4.5, 8.0 ], "rotation": 90 },
												"down": { "texture": "#brown", "uv": [ 4.5, 3.0, 6.0, 8.0 ], "rotation": 90 }
											}
										},
										{
											"name": "ToolBinding5",
											"from": [ -13.0, 0.0, 0.2 ],
											"to": [ -5.0, 0.6, 1.6 ],
											"autoUnwrap": false,
											"uv": [ 10.0, -2.5 ],
											"rotationOrigin": [ -12.0, 0.0, 1.7 ],
											"faces": {
												"north": { "texture": "#brown", "uv": [ 10.0, 5.5, 10.5, 13.5 ], "rotation": 90 },
												"east": { "texture": "#brown", "uv": [ 10.5, 5.5, 11.5, 6.0 ] },
												"south": { "texture": "#brown", "uv": [ 11.5, 5.5, 12.0, 13.5 ], "rotation": 90 },
												"west": { "texture": "#brown", "uv": [ 12.0, 5.5, 13.0, 6.0 ] },
												"up": { "texture": "#brown", "uv": [ 10.5, 3.5, 11.5, 11.5 ], "rotation": 90 },
												"down": { "texture": "#brown", "uv": [ 12.5, 4.0, 13.5, 12.0 ], "rotation": 90 }
											}
										},
										{
											"name": "ToolBinding6",
											"from": [ -16.0, 0.0, 0.2 ],
											"to": [ -13.0, 0.6, 0.9 ],
											"autoUnwrap": false,
											"uv": [ 0.0, 4.5 ],
											"rotationOrigin": [ -15.0, 0.0, 1.7 ],
											"faces": {
												"north": { "texture": "#brown", "uv": [ 0.0, 8.5, 0.5, 11.5 ], "rotation": 90 },
												"east": { "texture": "#brown", "uv": [ 1.5, 15.5, 2.0, 16.0 ] },
												"south": { "texture": "#brown", "uv": [ 0.0, 11.5, 0.5, 14.5 ], "rotation": 90 },
												"west": { "texture": "#brown", "uv": [ 0.5, 15.5, 1.0, 16.0 ] },
												"up": { "texture": "#brown", "uv": [ 0.0, 5.5, 0.5, 8.5 ], "rotation": 90 },
												"down": { "texture": "#brown", "uv": [ 0.0, 3.0, 0.5, 6.0 ], "rotation": 90 }
											}
										},
										{
											"name": "ToolBinding7",
											"from": [ 8.0, -0.1, 0.0 ],
											"to": [ 9.0, 0.6, 1.8 ],
											"autoUnwrap": false,
											"uv": [ 3.0, 0.0 ],
											"rotationOrigin": [ 9.0, -0.1, 1.5 ],
											"faces": {
												"north": { "texture": "#brown", "uv": [ 0.0, 0.5, 0.5, 1.5 ], "rotation": 90 },
												"east": { "texture": "#brown", "uv": [ 1.0, 0.0, 2.5, 0.5 ] },
												"south": { "texture": "#brown", "uv": [ 0.0, 2.0, 0.5, 3.0 ], "rotation": 90 },
												"west": { "texture": "#brown", "uv": [ 7.0, 0.0, 8.5, 0.5 ] },
												"up": { "texture": "#brown", "uv": [ 3.0, 0.0, 4.5, 1.0 ], "rotation": 90 },
												"down": { "texture": "#brown", "uv": [ 4.5, 0.0, 6.0, 1.0 ], "rotation": 90 }
											}
										},
										{
											"name": "ToolBinding8",
											"from": [ -16.0, 0.0, 0.9 ],
											"to": [ -13.0, 0.6, 1.6 ],
											"autoUnwrap": false,
											"uv": [ 0.0, 4.5 ],
											"rotationOrigin": [ -15.0, 0.0, 2.4 ],
											"faces": {
												"north": { "texture": "#brown", "uv": [ 0.0, 10.0, 0.5, 13.0 ], "rotation": 90 },
												"east": { "texture": "#brown", "uv": [ 1.5, 15.5, 2.0, 16.0 ] },
												"south": { "texture": "#brown", "uv": [ 0.0, 13.0, 0.5, 16.0 ], "rotation": 90 },
												"west": { "texture": "#brown", "uv": [ 0.5, 15.5, 1.0, 16.0 ] },
												"up": { "texture": "#brown", "uv": [ 0.0, 7.0, 0.5, 10.0 ], "rotation": 90 },
												"down": { "texture": "#brown", "uv": [ 0.0, 4.0, 0.5, 7.0 ], "rotation": 90 }
											}
										}
									]
								}
							]
						}
					]
				}
			]
		}
	]}