{
	"editor": {
		"allAngles": false,
		"entityTextureMode": false
	},
	"textureWidth": 16,
	"textureHeight": 8,
	"textureSizes": {
		"rope": [16,16]
	},
	"textures": {
		"rope": "game:item/resource/rope",
	},
	"elements": [
		{
			"name": "ToolBinding2",
			"from": [ 1.5868, 3.8413, 1.22 ],
			"to": [ 2.5868, 6.8413, 4.22 ],
			"rotationOrigin": [ 2.5868, 3.8413, 2.7211 ],
			"rotationX": 0.0523,
			"rotationY": 0.9986,
			"rotationZ": 89.9995,
			"faces": {
				"north": { "texture": "#rope", "uv": [ 1.0, 0.5, 4.0, 1.5 ], "rotation": 90 },
				"east": { "texture": "#rope", "uv": [ 0.0, 2.0, 3.0, 5.0 ] },
				"south": { "texture": "#rope", "uv": [ 0.0, 2.5, 3.0, 3.5 ], "rotation": 90 },
				"west": { "texture": "#rope", "uv": [ 2.0, 2.5, 5.0, 5.5 ] },
				"up": { "texture": "#rope", "uv": [ 4.5, 0.0, 7.5, 1.0 ], "rotation": 90 },
				"down": { "texture": "#rope", "uv": [ 2.5, 2.0, 5.5, 3.0 ], "rotation": 90 }
			},
			"children": [
				{
					"name": "ToolBinding",
					"from": [ 0.0, 1.8, -0.5722 ],
					"to": [ 1.0, 3.0, 1.4278 ],
					"rotationOrigin": [ 1.0, 3.0, 0.9278 ],
					"rotationX": 179.0014,
					"rotationZ": -7.0005,
					"faces": {
						"north": { "texture": "#rope", "uv": [ 1.0, 0.5, 2.0, 1.5 ], "rotation": 90 },
						"east": { "texture": "#rope", "uv": [ 0.0, 2.0, 2.0, 3.0 ] },
						"south": { "texture": "#rope", "uv": [ 0.0, 2.5, 1.0, 3.5 ], "rotation": 90 },
						"west": { "texture": "#rope", "uv": [ 2.0, 2.5, 4.0, 3.5 ] },
						"up": { "texture": "#rope", "uv": [ 4.5, 0.0, 6.5, 1.0 ], "rotation": 90 },
						"down": { "texture": "#rope", "uv": [ 2.5, 2.0, 4.5, 3.0 ], "rotation": 90 }
					},
					"children": [
						{
							"name": "handle",
							"from": [ -7.3349, 0.2631, 0.2865 ],
							"to": [ 3.6651, 1.2631, 1.2865 ],
							"rotationOrigin": [ -10.8349, 0.7631, 0.7865 ],
							"rotationX": -1.0,
							"faces": {
								"north": { "texture": "#wood", "uv": [ 2.0, 3.0, 13.0, 4.0 ] },
								"east": { "texture": "#wood", "uv": [ 3.0, 0.0, 4.0, 1.0 ] },
								"south": { "texture": "#wood", "uv": [ 1.0, 5.5, 12.0, 6.5 ] },
								"west": { "texture": "#wood", "uv": [ 4.0, 0.0, 5.0, 1.0 ] },
								"up": { "texture": "#wood", "uv": [ 5.0, 2.0, 16.0, 3.0 ] },
								"down": { "texture": "#wood", "uv": [ 0.0, 5.0, 11.0, 6.0 ] }
							},
							"children": [
								{
									"name": "Cube1",
									"from": [ 8.5, -0.5, -1.5 ],
									"to": [ 10.5, 1.5, 2.5 ],
									"rotationOrigin": [ -3.5, -7.5, -7.5 ],
									"faces": {
										"north": { "texture": "#metal", "uv": [ 1.0, 5.0, 3.0, 7.0 ] },
										"east": { "texture": "#metal", "uv": [ 2.0, 1.0, 6.0, 3.0 ] },
										"south": { "texture": "#metal", "uv": [ 2.0, 3.0, 4.0, 5.0 ] },
										"west": { "texture": "#metal", "uv": [ 1.0, 5.0, 5.0, 7.0 ] },
										"up": { "texture": "#metal", "uv": [ 5.0, 2.0, 7.0, 6.0 ] },
										"down": { "texture": "#metal", "uv": [ 1.0, 3.0, 3.0, 7.0 ] }
									}
								}
							]
						}
					]
				}
			]
		}
	]}