{
	"editor": {
		"allAngles": true,
		"entityTextureMode": false
	},
	"textureWidth": 16,
	"textureHeight": 16,
	"textureSizes": {
	},
	"textures": {
		"rope": "game:item/resource/rope"
	},
	"elements": [
		{
			"name": "ToolBinding2",
			"from": [ 1.4963, 3.884, 1.4367 ],
			"to": [ 2.4963, 6.884, 4.4367 ],
			"rotationOrigin": [ 2.4963, 3.884, 2.9367 ],
			"rotationX": 0.0523,
			"rotationY": 0.9986,
			"rotationZ": 89.9995,
			"faces": {
				"north": { "texture": "#rope", "uv": [ 1.0, 0.5, 4.0, 1.5 ], "rotation": 90 },
				"east": { "texture": "#rope", "uv": [ 0.0, 2.0, 3.0, 5.0 ] },
				"south": { "texture": "#rope", "uv": [ 0.0, 2.5, 3.0, 3.5 ], "rotation": 90 },
				"west": { "texture": "#rope", "uv": [ 2.0, 2.5, 5.0, 5.5 ] },
				"up": { "texture": "#rope", "uv": [ 4.5, 0.0, 7.5, 1.0 ], "rotation": 90 },
				"down": { "texture": "#rope", "uv": [ 2.5, 2.0, 5.5, 3.0 ], "rotation": 90 }
			},
			"children": [
				{
					"name": "ToolBinding",
					"from": [ 0.0, 3.0, 0.3 ],
					"to": [ 1.0, 5.1, 2.3 ],
					"rotationOrigin": [ 1.0, 3.0, 1.8 ],
					"rotationX": 0.0,
					"rotationY": 0.0,
					"rotationZ": 3.0,
					"faces": {
						"north": { "texture": "#rope", "uv": [ 1.0, 0.5, 3.0, 1.5 ], "rotation": 90 },
						"east": { "texture": "#rope", "uv": [ 0.0, 2.0, 2.0, 4.0 ] },
						"south": { "texture": "#rope", "uv": [ 0.0, 2.5, 2.0, 3.5 ], "rotation": 90 },
						"west": { "texture": "#rope", "uv": [ 2.0, 2.5, 4.0, 4.5 ] },
						"up": { "texture": "#rope", "uv": [ 4.5, 0.0, 6.5, 1.0 ], "rotation": 90 },
						"down": { "texture": "#rope", "uv": [ 2.5, 2.0, 4.5, 3.0 ], "rotation": 90 }
					},
					"children": [
						{
							"name": "originhoe",
							"from": [ -1.3, 0.79, 0.79 ],
							"to": [ -1.3, 0.79, 0.79 ],
							"rotationOrigin": [ -2.8, 0.293, 1.0931 ],
							"rotationX": -1.0,
							"rotationY": 0.0,
							"rotationZ": 0.0,
							"faces": {
								"north": { "texture": "#string", "uv": [ 0.0, 0.0, 0.5, 0.5 ] },
								"east": { "texture": "#string", "uv": [ 0.0, 0.0, 0.5, 0.5 ] },
								"south": { "texture": "#string", "uv": [ 0.0, 0.0, 0.5, 0.5 ] },
								"west": { "texture": "#string", "uv": [ 0.0, 0.0, 0.5, 0.5 ] },
								"up": { "texture": "#string", "uv": [ 0.0, 0.0, 0.5, 0.5 ] },
								"down": { "texture": "#string", "uv": [ 0.0, 0.0, 0.5, 0.5 ] }
							},
							"children": [
								{
									"name": "handle 2",
									"from": [ -9.5, -0.5, -0.5 ],
									"to": [ 6.5, 1.0, 1.0 ],
									"rotationOrigin": [ -1.5, 0.3, 0.0 ],
									"faces": {
										"north": { "texture": "#handle", "uv": [ 0.0, 5.5, 16.0, 7.0 ] },
										"east": { "texture": "#handle", "uv": [ 0.5, 0.5, 2.0, 2.0 ], "enabled": false },
										"south": { "texture": "#handle", "uv": [ 0.0, 10.5, 16.0, 12.0 ] },
										"west": { "texture": "#handle", "uv": [ 14.0, 10.0, 15.5, 11.5 ] },
										"up": { "texture": "#handle", "uv": [ 0.0, 4.5, 16.0, 6.0 ] },
										"down": { "texture": "#handle", "uv": [ 0.0, 5.0, 16.0, 6.5 ] }
									},
									"children": [
										{
											"name": "string",
											"from": [ 15.1, -0.1, -0.1 ],
											"to": [ 15.6, 1.6, 1.6 ],
											"rotationOrigin": [ 15.3, 0.7, 0.7 ],
											"rotationY": 8.0,
											"faces": {
												"north": { "texture": "#string", "uv": [ 0.0, 0.0, 0.5, 1.5 ] },
												"east": { "texture": "#string", "uv": [ 0.0, 0.0, 1.5, 1.5 ] },
												"south": { "texture": "#string", "uv": [ 0.0, 0.0, 0.5, 1.5 ] },
												"west": { "texture": "#string", "uv": [ 0.0, 0.0, 1.5, 1.5 ] },
												"up": { "texture": "#string", "uv": [ 0.0, 0.0, 0.5, 1.5 ] },
												"down": { "texture": "#string", "uv": [ 0.0, 0.0, 0.5, 1.5 ] }
											}
										},
										{
											"name": "string8",
											"from": [ 14.6, -0.1, -0.1 ],
											"to": [ 15.1, 1.6, 1.6 ],
											"rotationOrigin": [ 14.8, 0.7, 0.7 ],
											"rotationY": -16.0,
											"rotationZ": 1.0,
											"faces": {
												"north": { "texture": "#string", "uv": [ 3.0, 6.5, 3.5, 8.0 ] },
												"east": { "texture": "#string", "uv": [ 2.0, 1.5, 3.5, 3.0 ] },
												"south": { "texture": "#string", "uv": [ 1.0, 1.5, 1.5, 3.0 ] },
												"west": { "texture": "#string", "uv": [ 1.5, 2.0, 3.0, 3.5 ] },
												"up": { "texture": "#string", "uv": [ 2.0, 2.0, 2.5, 3.5 ] },
												"down": { "texture": "#string", "uv": [ 3.0, 3.5, 3.5, 5.0 ] }
											}
										},
										{
											"name": "string9",
											"from": [ 13.5, -0.11, -0.1 ],
											"to": [ 14.0, 1.59, 1.7 ],
											"rotationOrigin": [ 13.7, 0.7, 0.7 ],
											"rotationY": 22.0,
											"faces": {
												"north": { "texture": "#string", "uv": [ 5.0, 9.5, 5.5, 11.0 ] },
												"east": { "texture": "#string", "uv": [ 4.0, 3.5, 5.5, 5.0 ] },
												"south": { "texture": "#string", "uv": [ 2.0, 2.5, 2.5, 4.0 ] },
												"west": { "texture": "#string", "uv": [ 1.5, 2.0, 3.0, 3.5 ] },
												"up": { "texture": "#string", "uv": [ 3.5, 4.0, 4.0, 5.5 ] },
												"down": { "texture": "#string", "uv": [ 5.5, 4.5, 6.0, 6.0 ] }
											}
										},
										{
											"name": "string10",
											"from": [ 12.7, -0.11, -0.1 ],
											"to": [ 13.2, 1.59, 1.6 ],
											"rotationOrigin": [ 12.9, 0.7, 0.7 ],
											"rotationY": -22.0,
											"rotationZ": -2.0,
											"faces": {
												"north": { "texture": "#string", "uv": [ 5.0, 9.5, 5.5, 11.0 ] },
												"east": { "texture": "#string", "uv": [ 4.0, 3.5, 5.5, 5.0 ] },
												"south": { "texture": "#string", "uv": [ 2.0, 2.5, 2.5, 4.0 ] },
												"west": { "texture": "#string", "uv": [ 1.5, 2.0, 3.0, 3.5 ] },
												"up": { "texture": "#string", "uv": [ 5.5, 3.0, 6.0, 4.5 ] },
												"down": { "texture": "#string", "uv": [ 5.5, 4.5, 6.0, 6.0 ] }
											}
										},
										{
											"name": "string12",
											"from": [ 15.6, -0.1, -0.5 ],
											"to": [ 16.1, 1.7, 2.5 ],
											"rotationOrigin": [ 15.8, 0.7, 0.3 ],
											"rotationX": 2.0,
											"rotationY": 60.0,
											"rotationZ": -1.0,
											"faces": {
												"north": { "texture": "#string", "uv": [ 0.0, 0.0, 0.5, 1.5 ] },
												"east": { "texture": "#string", "uv": [ 8.0, 4.0, 11.0, 5.5 ] },
												"south": { "texture": "#string", "uv": [ 6.5, 3.0, 7.0, 4.5 ] },
												"west": { "texture": "#string", "uv": [ 0.0, 0.0, 3.0, 1.5 ] },
												"up": { "texture": "#string", "uv": [ 7.5, 4.0, 10.5, 4.5 ], "rotation": 90 },
												"down": { "texture": "#string", "uv": [ 0.0, 0.0, 0.5, 3.0 ] }
											}
										},
										{
											"name": "string13",
											"from": [ 16.6, -0.11, -0.3 ],
											"to": [ 17.1, 1.69, 2.2 ],
											"rotationOrigin": [ 16.8, 0.7, 0.5 ],
											"rotationX": -5.0,
											"rotationY": -49.0,
											"rotationZ": -3.0,
											"faces": {
												"north": { "texture": "#string", "uv": [ 5.0, 9.5, 5.5, 11.0 ] },
												"east": { "texture": "#string", "uv": [ 4.0, 3.5, 6.5, 5.0 ] },
												"south": { "texture": "#string", "uv": [ 2.0, 2.5, 2.5, 4.0 ] },
												"west": { "texture": "#string", "uv": [ 1.5, 2.0, 4.0, 3.5 ] },
												"up": { "texture": "#string", "uv": [ 9.0, 4.0, 9.5, 6.5 ] },
												"down": { "texture": "#string", "uv": [ 5.5, 4.5, 6.0, 7.0 ] }
											}
										},
										{
											"name": "string16",
											"from": [ 16.1, -0.11, -2.1 ],
											"to": [ 16.6, 1.69, 0.4 ],
											"rotationOrigin": [ 16.3, 0.7, -1.3 ],
											"rotationY": -37.0,
											"faces": {
												"north": { "texture": "#string", "uv": [ 5.0, 9.5, 5.5, 11.0 ] },
												"east": { "texture": "#string", "uv": [ 4.0, 3.5, 6.5, 5.0 ] },
												"south": { "texture": "#string", "uv": [ 2.0, 2.5, 2.5, 4.0 ] },
												"west": { "texture": "#string", "uv": [ 1.5, 2.0, 4.0, 3.5 ] },
												"up": { "texture": "#string", "uv": [ 9.0, 4.0, 9.5, 6.5 ] },
												"down": { "texture": "#string", "uv": [ 5.5, 4.5, 6.0, 7.0 ] }
											}
										},
										{
											"name": "string17",
											"from": [ 15.7, -0.2, -0.8 ],
											"to": [ 16.2, 1.8, 1.5 ],
											"rotationOrigin": [ 15.9, 0.6, 0.0 ],
											"rotationX": -5.0,
											"rotationY": 93.0,
											"faces": {
												"north": { "texture": "#string", "uv": [ 0.5, 0.5, 1.0, 2.5 ] },
												"east": { "texture": "#string", "uv": [ 8.0, 4.0, 10.0, 6.0 ] },
												"south": { "texture": "#string", "uv": [ 5.0, 3.5, 5.5, 5.5 ] },
												"west": { "texture": "#string", "uv": [ 0.0, 0.0, 2.0, 2.0 ] },
												"up": { "texture": "#string", "uv": [ 7.5, 3.0, 9.5, 3.5 ], "rotation": 90 },
												"down": { "texture": "#string", "uv": [ 1.0, 3.0, 1.5, 5.0 ] }
											}
										}
									]
								},
								{
									"name": "Blade",
									"from": [ 7.1, -0.6, -2.1 ],
									"to": [ 8.1, 1.1, 1.9 ],
									"rotationOrigin": [ 7.1, 1.1, 1.0 ],
									"rotationY": 11.0,
									"faces": {
										"north": { "texture": "#material", "uv": [ 7.0, 3.0, 8.0, 4.5 ] },
										"east": { "texture": "#material", "uv": [ 8.5, 2.5, 12.5, 4.0 ] },
										"south": { "texture": "#material", "uv": [ 6.0, 4.0, 7.0, 5.5 ] },
										"west": { "texture": "#material", "uv": [ 4.0, 4.0, 8.0, 5.5 ] },
										"up": { "texture": "#material", "uv": [ 9.0, 8.0, 10.0, 12.0 ] },
										"down": { "texture": "#material", "uv": [ 4.0, 3.0, 5.0, 7.0 ] }
									},
									"children": [
										{
											"name": "Cube1",
											"from": [ -0.7, 0.1, -2.0 ],
											"to": [ 0.3, 1.6, 1.3 ],
											"rotationOrigin": [ -0.7, 0.1, -2.0 ],
											"rotationY": 12.0,
											"faces": {
												"north": { "texture": "#material", "uv": [ 0.0, 0.0, 1.0, 1.5 ] },
												"east": { "texture": "#material", "uv": [ 0.0, 0.0, 3.0, 1.5 ] },
												"south": { "texture": "#material", "uv": [ 0.0, 0.0, 1.0, 1.5 ] },
												"west": { "texture": "#material", "uv": [ 0.0, 0.0, 3.0, 1.5 ] },
												"up": { "texture": "#material", "uv": [ 0.0, 0.0, 1.0, 3.0 ] },
												"down": { "texture": "#material", "uv": [ 0.0, 0.0, 1.0, 3.0 ] }
											}
										},
										{
											"name": "Cube15",
											"from": [ 0.0, 0.0, 4.0 ],
											"to": [ 0.5, 1.7, 4.5 ],
											"rotationOrigin": [ 0.5, 0.0, 4.0 ],
											"faces": {
												"north": { "texture": "#material", "uv": [ 14.5, 12.0, 15.0, 13.5 ], "enabled": false },
												"east": { "texture": "#material", "uv": [ 4.0, 5.0, 4.5, 6.5 ] },
												"south": { "texture": "#material", "uv": [ 8.5, 9.5, 9.0, 11.0 ] },
												"west": { "texture": "#material", "uv": [ 5.0, 7.0, 5.5, 8.5 ] },
												"up": { "texture": "#material", "uv": [ 3.0, 8.0, 3.5, 8.5 ] },
												"down": { "texture": "#material", "uv": [ 9.0, 7.5, 9.5, 8.0 ] }
											}
										}
									]
								},
								{
									"name": "handle 12",
									"from": [ -11.5, -0.5, -0.5 ],
									"to": [ -9.5, 1.0, 0.5 ],
									"rotationOrigin": [ -9.5, 0.3, 0.0 ],
									"faces": {
										"north": { "texture": "#handle", "uv": [ 0.0, 5.5, 2.0, 7.0 ] },
										"east": { "texture": "#handle", "uv": [ 0.5, 0.5, 1.5, 2.0 ], "enabled": false },
										"south": { "texture": "#handle", "uv": [ 0.0, 10.5, 2.0, 12.0 ] },
										"west": { "texture": "#handle", "uv": [ 14.0, 10.0, 15.0, 11.5 ] },
										"up": { "texture": "#handle", "uv": [ 9.5, 3.5, 11.5, 4.5 ] },
										"down": { "texture": "#handle", "uv": [ 0.0, 5.0, 2.0, 6.0 ] }
									}
								},
								{
									"name": "handle 15",
									"from": [ 4.5, -0.5, 0.0 ],
									"to": [ 9.0, 1.0, 1.0 ],
									"rotationOrigin": [ 6.5, 0.3, 0.5 ],
									"rotationY": -75.0,
									"rotationZ": 0.1,
									"faces": {
										"north": { "texture": "#handle", "uv": [ 0.0, 5.5, 4.5, 7.0 ] },
										"east": { "texture": "#handle", "uv": [ 0.5, 0.5, 1.5, 2.0 ] },
										"south": { "texture": "#handle", "uv": [ 0.0, 10.5, 4.5, 12.0 ] },
										"west": { "texture": "#handle", "uv": [ 14.0, 10.0, 15.0, 11.5 ] },
										"up": { "texture": "#handle", "uv": [ 0.0, 4.5, 4.5, 5.5 ] },
										"down": { "texture": "#handle", "uv": [ 0.0, 5.0, 4.5, 6.0 ] }
									}
								},
								{
									"name": "handle 16",
									"from": [ -11.5, -0.5, 0.0 ],
									"to": [ -11.0, 1.0, 0.5 ],
									"rotationOrigin": [ -9.5, 0.3, 0.5 ],
									"faces": {
										"north": { "texture": "#handle", "uv": [ 0.0, 5.5, 0.5, 7.0 ] },
										"east": { "texture": "#handle", "uv": [ 0.5, 0.5, 1.0, 2.0 ], "enabled": false },
										"south": { "texture": "#handle", "uv": [ 0.0, 10.5, 0.5, 12.0 ] },
										"west": { "texture": "#handle", "uv": [ 14.0, 10.0, 14.5, 11.5 ] },
										"up": { "texture": "#handle", "uv": [ 9.5, 3.5, 10.0, 4.0 ] },
										"down": { "texture": "#handle", "uv": [ 0.0, 5.0, 0.5, 5.5 ] }
									}
								}
							]
						}
					]
				}
			]
		}
	]}