{
	"editor": {
		"collapsedPaths": "",
		"allAngles": false,
		"entityTextureMode": false
	},
	"textureWidth": 16,
	"textureHeight": 8,
	"textureSizes": {
		"rope": [16,16]
	},
	"textures": {
		"rope": "game:item/resource/rope"
	},
	"elements": [
		{
			"name": "ToolBinding2",
			"from": [ 1.5953, 3.8304, 1.32 ],
			"to": [ 2.5953, 6.8304, 4.32 ],
			"rotationOrigin": [ 2.5953, 3.8304, 2.8175 ],
			"rotationX": 0.0523,
			"rotationY": 0.9986,
			"rotationZ": 89.9995,
			"faces": {
				"north": { "texture": "#rope", "uv": [ 1.0, 0.5, 4.0, 1.5 ], "rotation": 90 },
				"east": { "texture": "#rope", "uv": [ 0.0, 2.0, 3.0, 5.0 ] },
				"south": { "texture": "#rope", "uv": [ 0.0, 2.5, 3.0, 3.5 ], "rotation": 90 },
				"west": { "texture": "#rope", "uv": [ 2.0, 2.5, 5.0, 5.5 ] },
				"up": { "texture": "#rope", "uv": [ 4.5, 0.0, 7.5, 1.0 ], "rotation": 90 },
				"down": { "texture": "#rope", "uv": [ 2.5, 2.0, 5.5, 3.0 ], "rotation": 90 }
			},
			"children": [
				{
					"name": "ToolBinding",
					"from": [ 0.0, 3.0, 0.5 ],
					"to": [ 1.0, 4.0, 3.0 ],
					"rotationOrigin": [ 1.0, 3.0, 2.0 ],
					"rotationZ": 3.0,
					"faces": {
						"north": { "texture": "#rope", "uv": [ 1.0, 0.5, 2.0, 1.5 ], "rotation": 90 },
						"east": { "texture": "#rope", "uv": [ 0.0, 2.0, 2.5, 3.0 ] },
						"south": { "texture": "#rope", "uv": [ 0.0, 2.5, 1.0, 3.5 ], "rotation": 90 },
						"west": { "texture": "#rope", "uv": [ 2.0, 2.5, 4.5, 3.5 ] },
						"up": { "texture": "#rope", "uv": [ 4.5, 0.0, 7.0, 1.0 ], "rotation": 90 },
						"down": { "texture": "#rope", "uv": [ 2.5, 2.0, 5.0, 3.0 ], "rotation": 90 }
					},
					"children": [
						{
							"name": "handle",
							"from": [ 0.97, 0.93, -0.22 ],
							"to": [ 5.97, 1.93, 0.78 ],
							"rotationOrigin": [ -0.5315, 0.4258, 0.2836 ],
							"rotationX": 89.0,
							"rotationY": -3.0,
							"faces": {
								"north": { "texture": "#handle", "uv": [ 0.0, 2.0, 5.0, 3.0 ] },
								"east": { "texture": "#handle", "uv": [ 3.0, 0.0, 4.0, 1.0 ] },
								"south": { "texture": "#handle", "uv": [ 0.0, 4.5, 5.0, 5.5 ] },
								"west": { "texture": "#handle", "uv": [ 3.0, 0.0, 4.0, 1.0 ] },
								"up": { "texture": "#handle", "uv": [ 0.0, 2.0, 5.0, 3.0 ] },
								"down": { "texture": "#handle", "uv": [ 0.0, 3.0, 5.0, 4.0 ] }
							},
							"children": [
								{
									"name": "metal",
									"from": [ -5.0, 0.1, 0.4 ],
									"to": [ 2.0, 1.1, 0.6 ],
									"faces": {
										"north": { "texture": "#material", "uv": [ 1.0, 1.0, 8.0, 2.0 ] },
										"east": { "texture": "#material", "uv": [ 0.0, 0.0, 0.0, 1.0 ] },
										"south": { "texture": "#material", "uv": [ 0.0, 7.0, 7.0, 8.0 ] },
										"west": { "texture": "#material", "uv": [ 0.0, 0.0, 0.0, 1.0 ] },
										"up": { "texture": "#material", "uv": [ 1.0, 2.0, 8.0, 2.0 ] },
										"down": { "texture": "#material", "uv": [ 0.0, 0.0, 7.0, 0.0 ] }
									}
								},
								{
									"name": "metal3",
									"from": [ -6.0, 0.6, 0.4 ],
									"to": [ -5.0, 1.1, 0.6 ],
									"faces": {
										"north": { "texture": "#material", "uv": [ 4.0, 4.0, 5.0, 4.5 ] },
										"east": { "texture": "#material", "uv": [ 2.0, 2.0, 2.0, 2.5 ], "enabled": false },
										"south": { "texture": "#material", "uv": [ 4.0, 3.0, 5.0, 3.5 ] },
										"west": { "texture": "#material", "uv": [ 2.0, 5.0, 2.0, 5.5 ] },
										"up": { "texture": "#material", "uv": [ 3.0, 4.0, 4.0, 4.0 ] },
										"down": { "texture": "#material", "uv": [ 1.0, 2.0, 2.0, 2.0 ] }
									}
								},
								{
									"name": "metal4",
									"from": [ -3.0, -0.4, 0.4 ],
									"to": [ 2.0, 0.1, 0.6 ],
									"faces": {
										"north": { "texture": "#material", "uv": [ 3.0, 6.0, 8.0, 6.5 ] },
										"east": { "texture": "#material", "uv": [ 1.0, 2.0, 1.0, 2.5 ] },
										"south": { "texture": "#material", "uv": [ 1.0, 3.0, 6.0, 3.5 ] },
										"west": { "texture": "#material", "uv": [ 0.0, 1.0, 0.0, 1.5 ] },
										"up": { "texture": "#material", "uv": [ 0.0, 0.0, 5.0, 0.0 ], "enabled": false },
										"down": { "texture": "#material", "uv": [ 1.0, 2.0, 6.0, 2.0 ] }
									}
								}
							]
						}
					]
				}
			]
		}
	]}