{
	"editor": {
		"allAngles": false,
		"entityTextureMode": false
	},
	"textureWidth": 16,
	"textureHeight": 16,
	"textureSizes": {
	},
	"textures": {
		"rope": "game:item/resource/rope"
	},
	"elements": [
		{
			"name": "ToolBinding2",
			"from": [ 1.6, 3.88, 1.33 ],
			"to": [ 2.6, 6.88, 4.33 ],
			"rotationOrigin": [ 2.6, 3.8789, 2.835 ],
			"rotationX": 0.0523,
			"rotationY": 0.9986,
			"rotationZ": 89.9995,
			"faces": {
				"north": { "texture": "#rope", "uv": [ 1.0, 0.5, 4.0, 1.5 ], "rotation": 90 },
				"east": { "texture": "#rope", "uv": [ 0.0, 2.0, 3.0, 5.0 ] },
				"south": { "texture": "#rope", "uv": [ 0.0, 2.5, 3.0, 3.5 ], "rotation": 90 },
				"west": { "texture": "#rope", "uv": [ 2.0, 2.5, 5.0, 5.5 ] },
				"up": { "texture": "#rope", "uv": [ 4.5, 0.0, 7.5, 1.0 ], "rotation": 90 },
				"down": { "texture": "#rope", "uv": [ 2.5, 2.0, 5.5, 3.0 ], "rotation": 90 }
			},
			"children": [
				{
					"name": "ToolBinding",
					"from": [ 0.0, 3.0, 0.4 ],
					"to": [ 1.0, 5.0, 2.6 ],
					"rotationOrigin": [ 1.0, 3.0, 1.9 ],
					"rotationZ": 3.0,
					"faces": {
						"north": { "texture": "#rope", "uv": [ 1.0, 0.5, 3.0, 1.5 ], "rotation": 90 },
						"east": { "texture": "#rope", "uv": [ 0.0, 2.0, 2.0, 4.0 ] },
						"south": { "texture": "#rope", "uv": [ 0.0, 2.5, 2.0, 3.5 ], "rotation": 90 },
						"west": { "texture": "#rope", "uv": [ 2.0, 2.5, 4.0, 4.5 ] },
						"up": { "texture": "#rope", "uv": [ 4.5, 0.0, 6.5, 1.0 ], "rotation": 90 },
						"down": { "texture": "#rope", "uv": [ 2.5, 2.0, 4.5, 3.0 ], "rotation": 90 }
					},
					"children": [
						{
							"name": "origin",
							"from": [ -0.8, 0.69, 0.7931 ],
							"to": [ -0.8, 0.69, 0.7931 ],
							"rotationOrigin": [ -2.8, 0.193, 1.0931 ],
							"rotationX": -1.0,
							"faces": {
								"north": { "texture": "#string", "uv": [ 0.0, 0.0, 0.5, 0.5 ] },
								"east": { "texture": "#string", "uv": [ 0.0, 0.0, 0.5, 0.5 ] },
								"south": { "texture": "#string", "uv": [ 0.0, 0.0, 0.5, 0.5 ] },
								"west": { "texture": "#string", "uv": [ 0.0, 0.0, 0.5, 0.5 ] },
								"up": { "texture": "#string", "uv": [ 0.0, 0.0, 0.5, 0.5 ] },
								"down": { "texture": "#string", "uv": [ 0.0, 0.0, 0.5, 0.5 ] }
							},
							"children": [
								{
									"name": "handle",
									"from": [ -8.0, -0.5, -0.5 ],
									"to": [ 7.5, 1.0, 1.0 ],
									"rotationOrigin": [ -9.5, -8.0, 0.0 ],
									"faces": {
										"north": { "texture": "#handle", "uv": [ 0.0, 5.5, 15.5, 7.0 ] },
										"east": { "texture": "#handle", "uv": [ 0.5, 0.5, 2.0, 2.0 ] },
										"south": { "texture": "#handle", "uv": [ 0.0, 10.5, 15.5, 12.0 ] },
										"west": { "texture": "#handle", "uv": [ 14.0, 10.0, 15.5, 11.5 ], "enabled": false },
										"up": { "texture": "#handle", "uv": [ 0.0, 4.5, 15.5, 6.0 ] },
										"down": { "texture": "#handle", "uv": [ 0.0, 5.0, 15.5, 6.5 ] }
									}
								},
								{
									"name": "string 1",
									"from": [ 5.4, -0.9, -1.0 ],
									"to": [ 5.9, 1.3, 2.0 ],
									"rotationOrigin": [ 5.4, -0.9, 0.5 ],
									"rotationY": 52.0,
									"rotationZ": -1.0,
									"faces": {
										"north": { "texture": "#string", "uv": [ 9.5, 0.0, 11.5, 0.5 ], "rotation": 90 },
										"east": { "texture": "#string", "uv": [ 2.0, 2.0, 5.0, 4.0 ] },
										"south": { "texture": "#string", "uv": [ 5.5, 2.0, 7.5, 2.5 ], "rotation": 90 },
										"west": { "texture": "#string", "uv": [ 1.0, 1.5, 4.0, 3.5 ] },
										"up": { "texture": "#string", "uv": [ 1.0, 0.0, 4.0, 0.5 ], "rotation": 90 },
										"down": { "texture": "#string", "uv": [ 7.5, 1.0, 10.5, 1.5 ], "rotation": 90 }
									}
								},
								{
									"name": "string 2",
									"from": [ 5.5, -0.9, -1.5 ],
									"to": [ 6.0, 1.3, 1.7 ],
									"rotationOrigin": [ 5.5, -0.9, 0.0 ],
									"rotationY": -52.0,
									"faces": {
										"north": { "texture": "#string", "uv": [ 1.0, 0.0, 3.0, 0.5 ], "rotation": 90 },
										"east": { "texture": "#string", "uv": [ 0.0, 0.0, 3.0, 2.0 ] },
										"south": { "texture": "#string", "uv": [ 0.0, 0.0, 0.5, 2.0 ] },
										"west": { "texture": "#string", "uv": [ 0.0, 0.0, 3.0, 2.0 ] },
										"up": { "texture": "#string", "uv": [ 3.5, 0.0, 6.5, 0.5 ], "rotation": 90 },
										"down": { "texture": "#string", "uv": [ 0.0, 0.0, 0.5, 3.0 ] }
									}
								},
								{
									"name": "string 3",
									"from": [ 4.0, -0.6, -0.7 ],
									"to": [ 4.5, 1.1, 1.3 ],
									"rotationOrigin": [ 4.0, -0.6, 0.8 ],
									"rotationY": 12.0,
									"faces": {
										"north": { "texture": "#string", "uv": [ 8.5, 0.5, 10.0, 1.0 ], "rotation": 90 },
										"east": { "texture": "#string", "uv": [ 0.0, 0.0, 2.0, 1.5 ] },
										"south": { "texture": "#string", "uv": [ 1.0, 0.5, 2.5, 1.0 ], "rotation": 90 },
										"west": { "texture": "#string", "uv": [ 2.0, 2.5, 4.0, 4.0 ] },
										"up": { "texture": "#string", "uv": [ 0.0, 0.0, 0.5, 2.0 ] },
										"down": { "texture": "#string", "uv": [ 0.0, 0.0, 0.5, 2.0 ] }
									}
								},
								{
									"name": "string 4",
									"from": [ 3.2, -0.6, -0.9 ],
									"to": [ 3.7, 1.1, 1.1 ],
									"rotationOrigin": [ 3.2, -0.6, 0.6 ],
									"rotationX": 2.0,
									"rotationY": -26.0,
									"faces": {
										"north": { "texture": "#string", "uv": [ 0.0, 0.5, 1.5, 1.0 ], "rotation": 90 },
										"east": { "texture": "#string", "uv": [ 0.0, 0.0, 2.0, 1.5 ] },
										"south": { "texture": "#string", "uv": [ 2.0, 0.5, 3.5, 1.0 ], "rotation": 90 },
										"west": { "texture": "#string", "uv": [ 0.0, 4.0, 2.0, 5.5 ] },
										"up": { "texture": "#string", "uv": [ 3.0, 0.5, 5.0, 1.0 ], "rotation": 90 },
										"down": { "texture": "#string", "uv": [ 6.5, 0.5, 8.5, 1.0 ], "rotation": 90 }
									}
								},
								{
									"name": "string 5",
									"from": [ 2.8, -0.6, -0.8 ],
									"to": [ 3.3, 1.1, 1.2 ],
									"rotationOrigin": [ 2.8, -0.6, 0.7 ],
									"rotationX": 1.0,
									"faces": {
										"north": { "texture": "#string", "uv": [ 1.0, 0.5, 2.5, 1.0 ], "rotation": 90 },
										"east": { "texture": "#string", "uv": [ 0.0, 2.0, 2.0, 3.5 ] },
										"south": { "texture": "#string", "uv": [ 0.0, 2.5, 1.5, 3.0 ], "rotation": 90 },
										"west": { "texture": "#string", "uv": [ 2.0, 2.5, 4.0, 4.0 ] },
										"up": { "texture": "#string", "uv": [ 4.5, 0.0, 6.5, 0.5 ], "rotation": 90 },
										"down": { "texture": "#string", "uv": [ 2.5, 2.0, 4.5, 2.5 ], "rotation": 90 }
									}
								},
								{
									"name": "segment main",
									"from": [ 4.5, -0.8, -1.0 ],
									"to": [ 6.5, 1.2, 1.5 ],
									"rotationOrigin": [ 4.5, -0.8, -1.0 ],
									"faces": {
										"north": { "texture": "#metal", "uv": [ 7.0, 3.0, 9.0, 5.0 ] },
										"east": { "texture": "#metal", "uv": [ 1.0, 2.0, 3.5, 4.0 ] },
										"south": { "texture": "#metal", "uv": [ 6.0, 4.0, 8.0, 6.0 ] },
										"west": { "texture": "#metal", "uv": [ 6.0, 2.0, 8.5, 4.0 ] },
										"up": { "texture": "#metal", "uv": [ 6.0, 7.5, 8.5, 9.5 ], "rotation": 90 },
										"down": { "texture": "#metal", "uv": [ 4.0, 3.0, 6.0, 5.5 ] }
									}
								},
								{
									"name": "segment 1",
									"from": [ 4.9, -0.3, -3.8 ],
									"to": [ 5.9, 0.7, 4.2 ],
									"rotationOrigin": [ 5.9, -0.3, -0.8 ],
									"faces": {
										"north": { "texture": "#metal", "uv": [ 1.0, 5.0, 2.0, 6.0 ] },
										"east": { "texture": "#metal", "uv": [ 2.0, 5.0, 10.0, 6.0 ] },
										"south": { "texture": "#metal", "uv": [ 2.0, 7.0, 3.0, 8.0 ] },
										"west": { "texture": "#metal", "uv": [ 2.0, 6.0, 10.0, 7.0 ] },
										"up": { "texture": "#metal", "uv": [ 7.0, 3.5, 8.0, 11.5 ] },
										"down": { "texture": "#metal", "uv": [ 3.0, 3.0, 4.0, 11.0 ] }
									},
									"children": [
										{
											"name": "segment 2",
											"from": [ 0.0, 0.3, -1.9 ],
											"to": [ 1.0, 0.8, 0.1 ],
											"rotationOrigin": [ 0.5, 0.8, 0.1 ],
											"rotationX": -1.0,
											"rotationY": 10.0,
											"faces": {
												"north": { "texture": "#metal", "uv": [ 0.0, 0.0, 1.0, 0.5 ] },
												"east": { "texture": "#metal", "uv": [ 0.0, 0.0, 2.0, 0.5 ] },
												"south": { "texture": "#metal", "uv": [ 0.0, 0.0, 1.0, 0.5 ] },
												"west": { "texture": "#metal", "uv": [ 0.0, 0.0, 2.0, 0.5 ] },
												"up": { "texture": "#metal", "uv": [ 0.0, 0.0, 1.0, 2.0 ] },
												"down": { "texture": "#metal", "uv": [ 0.0, 0.0, 1.0, 2.0 ] }
											}
										},
										{
											"name": "segment 2 tip",
											"from": [ -0.4, 0.2, -3.3 ],
											"to": [ 0.1, 0.7, -1.8 ],
											"rotationOrigin": [ 0.1, 0.7, -2.3 ],
											"rotationY": 30.0,
											"faces": {
												"north": { "texture": "#metal", "uv": [ 0.0, 0.0, 0.5, 0.5 ] },
												"east": { "texture": "#metal", "uv": [ 0.0, 0.0, 1.5, 0.5 ] },
												"south": { "texture": "#metal", "uv": [ 0.0, 0.0, 0.5, 0.5 ] },
												"west": { "texture": "#metal", "uv": [ 0.0, 0.0, 1.5, 0.5 ] },
												"up": { "texture": "#metal", "uv": [ 0.0, 0.0, 0.5, 1.5 ] },
												"down": { "texture": "#metal", "uv": [ 0.0, 0.0, 0.5, 1.5 ] }
											}
										},
										{
											"name": "segment 3",
											"from": [ 0.0, 0.3, 7.8 ],
											"to": [ 1.0, 0.8, 9.8 ],
											"rotationOrigin": [ 0.5, 0.8, 7.8 ],
											"rotationX": -1.0,
											"rotationY": -10.0,
											"faces": {
												"north": { "texture": "#metal", "uv": [ 0.0, 0.0, 1.0, 0.5 ] },
												"east": { "texture": "#metal", "uv": [ 0.0, 0.0, 2.0, 0.5 ] },
												"south": { "texture": "#metal", "uv": [ 0.0, 0.0, 1.0, 0.5 ] },
												"west": { "texture": "#metal", "uv": [ 0.0, 0.0, 2.0, 0.5 ] },
												"up": { "texture": "#metal", "uv": [ 0.0, 0.0, 1.0, 2.0 ] },
												"down": { "texture": "#metal", "uv": [ 0.0, 0.0, 1.0, 2.0 ] }
											}
										},
										{
											"name": "segment 3 tip",
											"from": [ -0.1, 0.3, 9.7 ],
											"to": [ 0.4, 0.8, 11.2 ],
											"rotationOrigin": [ 0.4, 0.8, 9.7 ],
											"rotationY": -30.0,
											"faces": {
												"north": { "texture": "#metal", "uv": [ 0.0, 0.0, 0.5, 0.5 ] },
												"east": { "texture": "#metal", "uv": [ 0.0, 0.0, 1.5, 0.5 ] },
												"south": { "texture": "#metal", "uv": [ 0.0, 0.0, 0.5, 0.5 ] },
												"west": { "texture": "#metal", "uv": [ 0.0, 0.0, 1.5, 0.5 ] },
												"up": { "texture": "#metal", "uv": [ 0.0, 0.0, 0.5, 1.5 ] },
												"down": { "texture": "#metal", "uv": [ 0.0, 0.0, 0.5, 1.5 ] }
											}
										}
									]
								},
								{
									"name": "segment 4",
									"from": [ 5.9, -0.3, -1.5 ],
									"to": [ 6.4, 0.7, 2.0 ],
									"rotationOrigin": [ 6.9, -0.3, 1.5 ],
									"faces": {
										"north": { "texture": "#metal", "uv": [ 1.0, 5.0, 1.5, 6.0 ] },
										"east": { "texture": "#metal", "uv": [ 2.0, 5.0, 5.5, 6.0 ] },
										"south": { "texture": "#metal", "uv": [ 2.0, 7.0, 2.5, 8.0 ] },
										"west": { "texture": "#metal", "uv": [ 2.0, 6.0, 5.5, 7.0 ] },
										"up": { "texture": "#metal", "uv": [ 1.0, 15.5, 4.5, 16.0 ], "rotation": 90 },
										"down": { "texture": "#metal", "uv": [ 3.0, 3.0, 3.5, 6.5 ] }
									}
								},
								{
									"name": "string 6",
									"from": [ 6.4, -0.6, -0.8 ],
									"to": [ 6.9, 1.1, 1.2 ],
									"rotationOrigin": [ 6.4, -0.6, 0.7 ],
									"rotationY": 6.0,
									"rotationZ": 2.0,
									"faces": {
										"north": { "texture": "#string", "uv": [ 7.5, 1.0, 9.0, 1.5 ], "rotation": 90 },
										"east": { "texture": "#string", "uv": [ 0.0, 2.0, 2.0, 3.5 ] },
										"south": { "texture": "#string", "uv": [ 6.0, 3.5, 7.5, 4.0 ], "rotation": 90 },
										"west": { "texture": "#string", "uv": [ 3.0, 2.5, 5.0, 4.0 ] },
										"up": { "texture": "#string", "uv": [ 6.5, 1.0, 8.5, 1.5 ], "rotation": 90 },
										"down": { "texture": "#string", "uv": [ 7.0, 2.0, 9.0, 2.5 ], "rotation": 90 }
									}
								},
								{
									"name": "handle16",
									"from": [ -11.0, -0.5, -0.5 ],
									"to": [ -8.0, 1.0, 1.0 ],
									"rotationOrigin": [ -12.5, -8.0, 0.0 ],
									"faces": {
										"north": { "texture": "#handle", "uv": [ 0.0, 5.5, 3.0, 7.0 ] },
										"east": { "texture": "#handle", "uv": [ 0.5, 0.5, 2.0, 2.0 ], "enabled": false },
										"south": { "texture": "#handle", "uv": [ 0.0, 10.5, 3.0, 12.0 ] },
										"west": { "texture": "#handle", "uv": [ 14.0, 10.0, 15.5, 11.5 ] },
										"up": { "texture": "#handle", "uv": [ 0.0, 4.5, 3.0, 6.0 ] },
										"down": { "texture": "#handle", "uv": [ 0.0, 5.0, 3.0, 6.5 ] }
									}
								}
							]
						}
					]
				}
			]
		}
	]}