{
	"editor": {
		"allAngles": false,
		"entityTextureMode": false
	},
	"textureWidth": 16,
	"textureHeight": 8,
	"textureSizes": {
		"rope": [16,16]
	},
	"textures": {
		"rope": "game:item/resource/rope"
	},
	"elements": [
		{
			"name": "ToolBinding2",
			"from": [ 1.5927, 3.8789, 1.235 ],
			"to": [ 2.5927, 6.8789, 4.235 ],
			"rotationOrigin": [ 2.5927, 3.8789, 2.735 ],
			"rotationX": 0.0523,
			"rotationY": 0.9986,
			"rotationZ": 89.9995,
			"faces": {
				"north": { "texture": "#rope", "uv": [ 1.0, 0.5, 4.0, 1.5 ], "rotation": 90 },
				"east": { "texture": "#rope", "uv": [ 0.0, 2.0, 3.0, 5.0 ] },
				"south": { "texture": "#rope", "uv": [ 0.0, 2.5, 3.0, 3.5 ], "rotation": 90 },
				"west": { "texture": "#rope", "uv": [ 2.0, 2.5, 5.0, 5.5 ] },
				"up": { "texture": "#rope", "uv": [ 4.5, 0.0, 7.5, 1.0 ], "rotation": 90 },
				"down": { "texture": "#rope", "uv": [ 2.5, 2.0, 5.5, 3.0 ], "rotation": 90 }
			},
			"children": [
				{
					"name": "ToolBinding",
					"from": [ 0.0, 3.0, 0.5 ],
					"to": [ 1.0, 5.0, 2.5 ],
					"rotationOrigin": [ 1.0, 3.0, 2.0 ],
					"rotationX": 0.0,
					"rotationY": 0.0,
					"rotationZ": 3.0,
					"faces": {
						"north": { "texture": "#rope", "uv": [ 1.0, 0.5, 3.0, 1.5 ], "rotation": 90 },
						"east": { "texture": "#rope", "uv": [ 0.0, 2.0, 2.0, 4.0 ] },
						"south": { "texture": "#rope", "uv": [ 0.0, 2.5, 2.0, 3.5 ], "rotation": 90 },
						"west": { "texture": "#rope", "uv": [ 2.0, 2.5, 4.0, 4.5 ] },
						"up": { "texture": "#rope", "uv": [ 4.5, 0.0, 6.5, 1.0 ], "rotation": 90 },
						"down": { "texture": "#rope", "uv": [ 2.5, 2.0, 4.5, 3.0 ], "rotation": 90 }
					},
					"children": [
						{
							"name": "Metal",
							"from": [ -8.31, 16.78, -4.34 ],
							"to": [ 3.19, 16.98, -3.34 ],
							"rotationOrigin": [ -10.3085, 9.2836, -5.3386 ],
							"rotationX": -179.7581,
							"rotationY": 22.4675,
							"rotationZ": 2.75,
							"faces": {
								"north": { "texture": "#metal", "uv": [ 3.0, 7.5, 14.5, 8.0 ] },
								"east": { "texture": "#null", "uv": [ 0.0, 0.0, 1.0, 0.5 ], "enabled": false },
								"south": { "texture": "#metal", "uv": [ 4.0, 5.0, 15.5, 5.5 ] },
								"west": { "texture": "#null", "uv": [ 0.0, 0.0, 1.0, 0.5 ], "enabled": false },
								"up": { "texture": "#metal", "uv": [ 2.0, 5.5, 13.5, 6.5 ] },
								"down": { "texture": "#metal", "uv": [ 1.0, 0.0, 12.5, 1.0 ] }
							},
							"children": [
								{
									"name": "tooth1",
									"from": [ 0.0, 0.0, 1.0 ],
									"to": [ 0.5, 0.2, 1.5 ],
									"faces": {
										"north": { "texture": "#null", "uv": [ 0.0, 0.0, 0.5, 0.5 ], "enabled": false },
										"east": { "texture": "#metal", "uv": [ 4.5, 1.25, 5.0, 1.5 ] },
										"south": { "texture": "#metal", "uv": [ 13.5, 2.75, 14.0, 3.0 ] },
										"west": { "texture": "#metal", "uv": [ 4.0, 4.75, 4.5, 5.0 ] },
										"up": { "texture": "#metal", "uv": [ 6.5, 2.75, 7.0, 3.25 ] },
										"down": { "texture": "#metal", "uv": [ 8.25, 5.75, 8.75, 6.25 ] }
									}
								},
								{
									"name": "tooth3",
									"from": [ 1.0, 0.0, 1.0 ],
									"to": [ 1.5, 0.2, 1.5 ],
									"faces": {
										"north": { "texture": "#null", "uv": [ 0.0, 0.0, 0.5, 0.5 ], "enabled": false },
										"east": { "texture": "#metal", "uv": [ 0.0, 2.0, 0.5, 2.0 ] },
										"south": { "texture": "#metal", "uv": [ 9.25, 2.5, 9.75, 2.5 ] },
										"west": { "texture": "#metal", "uv": [ 1.25, 7.25, 1.75, 7.25 ] },
										"up": { "texture": "#metal", "uv": [ 11.25, 3.5, 11.75, 4.0 ] },
										"down": { "texture": "#metal", "uv": [ 2.75, 6.5, 3.25, 7.0 ] }
									}
								},
								{
									"name": "tooth4",
									"from": [ 2.0, 0.0, 1.0 ],
									"to": [ 2.5, 0.2, 1.5 ],
									"faces": {
										"north": { "texture": "#null", "uv": [ 0.0, 0.0, 0.5, 0.5 ], "enabled": false },
										"east": { "texture": "#metal", "uv": [ 2.25, 0.25, 2.75, 0.25 ] },
										"south": { "texture": "#metal", "uv": [ 0.5, 2.25, 1.0, 2.25 ] },
										"west": { "texture": "#metal", "uv": [ 6.75, 0.75, 7.25, 0.75 ] },
										"up": { "texture": "#metal", "uv": [ 5.25, 0.5, 5.75, 1.0 ] },
										"down": { "texture": "#metal", "uv": [ 13.75, 7.25, 14.25, 7.75 ] }
									}
								},
								{
									"name": "tooth5",
									"from": [ 3.0, 0.0, 1.0 ],
									"to": [ 3.5, 0.2, 1.5 ],
									"faces": {
										"north": { "texture": "#null", "uv": [ 0.0, 0.0, 0.5, 0.5 ], "enabled": false },
										"east": { "texture": "#metal", "uv": [ 9.0, 6.75, 9.5, 6.75 ] },
										"south": { "texture": "#metal", "uv": [ 8.25, 5.5, 8.75, 5.5 ] },
										"west": { "texture": "#metal", "uv": [ 9.5, 4.25, 10.0, 4.25 ] },
										"up": { "texture": "#metal", "uv": [ 0.5, 6.0, 1.0, 6.5 ] },
										"down": { "texture": "#metal", "uv": [ 8.5, 1.5, 9.0, 2.0 ] }
									}
								},
								{
									"name": "tooth6",
									"from": [ 4.0, 0.0, 1.0 ],
									"to": [ 4.5, 0.2, 1.5 ],
									"faces": {
										"north": { "texture": "#null", "uv": [ 0.0, 0.0, 0.5, 0.5 ], "enabled": false },
										"east": { "texture": "#metal", "uv": [ 3.75, 3.75, 4.25, 3.75 ] },
										"south": { "texture": "#metal", "uv": [ 9.0, 1.25, 9.5, 1.25 ] },
										"west": { "texture": "#metal", "uv": [ 0.0, 1.75, 0.5, 1.75 ] },
										"up": { "texture": "#metal", "uv": [ 2.0, 0.0, 2.5, 0.5 ] },
										"down": { "texture": "#metal", "uv": [ 1.25, 4.0, 1.75, 4.5 ] }
									}
								},
								{
									"name": "tooth7",
									"from": [ 5.0, 0.0, 1.0 ],
									"to": [ 5.5, 0.2, 1.5 ],
									"faces": {
										"north": { "texture": "#null", "uv": [ 0.0, 0.0, 0.5, 0.5 ], "enabled": false },
										"east": { "texture": "#metal", "uv": [ 13.5, 2.75, 14.0, 2.75 ] },
										"south": { "texture": "#metal", "uv": [ 5.25, 6.25, 5.75, 6.25 ] },
										"west": { "texture": "#metal", "uv": [ 2.25, 1.0, 2.75, 1.0 ] },
										"up": { "texture": "#metal", "uv": [ 12.25, 1.75, 12.75, 2.25 ] },
										"down": { "texture": "#metal", "uv": [ 7.75, 2.5, 8.25, 3.0 ] }
									}
								},
								{
									"name": "tooth8",
									"from": [ 6.0, 0.0, 1.0 ],
									"to": [ 6.5, 0.2, 1.5 ],
									"faces": {
										"north": { "texture": "#null", "uv": [ 0.0, 0.0, 0.5, 0.5 ], "enabled": false },
										"east": { "texture": "#metal", "uv": [ 9.25, 4.0, 9.75, 4.0 ] },
										"south": { "texture": "#metal", "uv": [ 14.5, 1.5, 15.0, 1.5 ] },
										"west": { "texture": "#metal", "uv": [ 5.0, 2.5, 5.5, 2.5 ] },
										"up": { "texture": "#metal", "uv": [ 3.0, 4.5, 3.5, 5.0 ] },
										"down": { "texture": "#metal", "uv": [ 9.75, 1.0, 10.25, 1.5 ] }
									}
								},
								{
									"name": "tooth9",
									"from": [ 7.0, 0.0, 1.0 ],
									"to": [ 7.5, 0.2, 1.5 ],
									"faces": {
										"north": { "texture": "#null", "uv": [ 0.0, 0.0, 0.5, 0.5 ], "enabled": false },
										"east": { "texture": "#metal", "uv": [ 3.25, 2.0, 3.75, 2.0 ] },
										"south": { "texture": "#metal", "uv": [ 2.5, 0.5, 3.0, 0.5 ] },
										"west": { "texture": "#metal", "uv": [ 5.0, 6.75, 5.5, 6.75 ] },
										"up": { "texture": "#metal", "uv": [ 12.5, 6.25, 13.0, 6.75 ] },
										"down": { "texture": "#metal", "uv": [ 7.0, 5.5, 7.5, 6.0 ] }
									}
								},
								{
									"name": "tooth10",
									"from": [ 8.0, 0.0, 1.0 ],
									"to": [ 8.5, 0.2, 1.5 ],
									"faces": {
										"north": { "texture": "#null", "uv": [ 0.0, 0.0, 0.5, 0.5 ], "enabled": false },
										"east": { "texture": "#metal", "uv": [ 11.25, 7.0, 11.75, 7.0 ] },
										"south": { "texture": "#metal", "uv": [ 11.0, 3.75, 11.5, 3.75 ] },
										"west": { "texture": "#metal", "uv": [ 0.25, 3.5, 0.75, 3.5 ] },
										"up": { "texture": "#metal", "uv": [ 7.0, 6.75, 7.5, 7.25 ] },
										"down": { "texture": "#metal", "uv": [ 13.25, 1.25, 13.75, 1.75 ] }
									}
								},
								{
									"name": "tooth11",
									"from": [ 9.0, 0.0, 1.0 ],
									"to": [ 9.5, 0.2, 1.5 ],
									"faces": {
										"north": { "texture": "#null", "uv": [ 0.0, 0.0, 0.5, 0.5 ], "enabled": false },
										"east": { "texture": "#metal", "uv": [ 14.75, 5.25, 15.25, 5.25 ] },
										"south": { "texture": "#metal", "uv": [ 4.5, 7.75, 5.0, 7.75 ] },
										"west": { "texture": "#metal", "uv": [ 12.25, 6.0, 12.75, 6.0 ] },
										"up": { "texture": "#metal", "uv": [ 15.25, 4.75, 15.75, 5.25 ] },
										"down": { "texture": "#metal", "uv": [ 12.5, 5.5, 13.0, 6.0 ] }
									}
								},
								{
									"name": "tooth12",
									"from": [ 10.0, 0.0, 1.0 ],
									"to": [ 10.5, 0.2, 1.5 ],
									"faces": {
										"north": { "texture": "#null", "uv": [ 0.0, 0.0, 0.5, 0.5 ], "enabled": false },
										"east": { "texture": "#metal", "uv": [ 4.0, 6.75, 4.5, 6.75 ] },
										"south": { "texture": "#metal", "uv": [ 5.0, 2.5, 5.5, 2.5 ] },
										"west": { "texture": "#metal", "uv": [ 9.5, 7.0, 10.0, 7.0 ] },
										"up": { "texture": "#metal", "uv": [ 14.5, 6.75, 15.0, 7.25 ] },
										"down": { "texture": "#metal", "uv": [ 8.5, 5.5, 9.0, 6.0 ] }
									}
								},
								{
									"name": "tooth13",
									"from": [ 11.0, 0.0, 1.0 ],
									"to": [ 11.5, 0.2, 1.5 ],
									"faces": {
										"north": { "texture": "#null", "uv": [ 0.0, 0.0, 0.5, 0.5 ], "enabled": false },
										"east": { "texture": "#metal", "uv": [ 4.5, 0.75, 5.0, 0.75 ] },
										"south": { "texture": "#metal", "uv": [ 0.5, 7.5, 1.0, 7.5 ] },
										"west": { "texture": "#metal", "uv": [ 13.25, 4.75, 13.75, 4.75 ] },
										"up": { "texture": "#metal", "uv": [ 3.75, 6.75, 4.25, 7.25 ] },
										"down": { "texture": "#metal", "uv": [ 6.75, 4.75, 7.25, 5.25 ] }
									}
								},
								{
									"name": "handle",
									"from": [ -1.0, -0.5, -6.0 ],
									"to": [ 0.0, 0.5, 1.0 ],
									"faces": {
										"north": { "texture": "#wood", "uv": [ 9.5, 4.0, 10.5, 5.0 ] },
										"east": { "texture": "#wood", "uv": [ 2.75, 0.25, 9.75, 1.25 ] },
										"south": { "texture": "#wood", "uv": [ 7.0, 4.5, 8.0, 5.5 ] },
										"west": { "texture": "#wood", "uv": [ 3.0, 2.0, 10.0, 3.0 ] },
										"up": { "texture": "#wood", "uv": [ 0.0, 4.5, 7.0, 5.5 ], "rotation": 90 },
										"down": { "texture": "#wood", "uv": [ 8.0, 2.5, 15.0, 3.5 ], "rotation": 90 }
									}
								},
								{
									"name": "handle15",
									"from": [ 11.5, -0.5, -6.0 ],
									"to": [ 12.5, 0.5, 1.0 ],
									"faces": {
										"north": { "texture": "#wood", "uv": [ 11.5, 4.25, 12.5, 5.25 ] },
										"east": { "texture": "#wood", "uv": [ 4.0, 3.25, 11.0, 4.25 ] },
										"south": { "texture": "#wood", "uv": [ 7.5, 1.25, 8.5, 2.25 ] },
										"west": { "texture": "#wood", "uv": [ 4.0, 3.5, 11.0, 4.5 ] },
										"up": { "texture": "#wood", "uv": [ 5.5, 5.5, 12.5, 6.5 ], "rotation": 90 },
										"down": { "texture": "#wood", "uv": [ 4.0, 1.5, 11.0, 2.5 ], "rotation": 90 }
									}
								},
								{
									"name": "handle16",
									"from": [ 0.0, -0.5, -3.0 ],
									"to": [ 11.5, 0.5, -2.0 ],
									"faces": {
										"north": { "texture": "#wood", "uv": [ 4.0, 5.75, 15.5, 6.75 ] },
										"east": { "texture": "#null", "uv": [ 0.0, 0.0, 1.0, 1.0 ], "enabled": false },
										"south": { "texture": "#wood", "uv": [ 2.75, 5.75, 14.25, 6.75 ] },
										"west": { "texture": "#null", "uv": [ 0.0, 0.0, 1.0, 1.0 ], "enabled": false },
										"up": { "texture": "#wood", "uv": [ 1.5, 5.75, 13.0, 6.75 ] },
										"down": { "texture": "#wood", "uv": [ 3.75, 1.5, 15.25, 2.5 ] }
									}
								},
								{
									"name": "handle17",
									"from": [ 5.5, -0.5, -6.0 ],
									"to": [ 6.5, 0.5, -3.0 ],
									"faces": {
										"north": { "texture": "#wood", "uv": [ 0.0, 2.75, 1.0, 3.75 ] },
										"east": { "texture": "#wood", "uv": [ 9.75, 3.5, 12.75, 4.5 ] },
										"south": { "texture": "#null", "uv": [ 0.0, 0.0, 1.0, 1.0 ], "enabled": false },
										"west": { "texture": "#wood", "uv": [ 6.0, 1.0, 9.0, 2.0 ] },
										"up": { "texture": "#wood", "uv": [ 5.5, 1.5, 8.5, 2.5 ], "rotation": 90 },
										"down": { "texture": "#wood", "uv": [ 4.0, 5.0, 7.0, 6.0 ], "rotation": 90 }
									}
								},
								{
									"name": "linen",
									"from": [ 0.0, -0.4, -5.0 ],
									"to": [ 11.5, 0.1, -4.5 ],
									"faces": {
										"north": { "texture": "#linen", "uv": [ 2.0, 1.25, 13.5, 1.75 ] },
										"east": { "texture": "#null", "uv": [ 0.0, 0.0, 0.5, 0.5 ], "enabled": false },
										"south": { "texture": "#linen", "uv": [ 3.0, 6.0, 14.5, 6.5 ] },
										"west": { "texture": "#null", "uv": [ 0.0, 0.0, 0.5, 0.5 ], "enabled": false },
										"up": { "texture": "#linen", "uv": [ 2.0, 5.0, 13.5, 5.5 ] },
										"down": { "texture": "#linen", "uv": [ 4.0, 5.5, 15.5, 6.0 ] }
									}
								}
							]
						}
					]
				}
			]
		}
	]}