{
	"editor": {
		"allAngles": true,
		"entityTextureMode": false
	},
	"textureWidth": 16,
	"textureHeight": 16,
	"textureSizes": {
	},
	"textures": {
		"rope": "game:item/resource/rope"
	},
	"elements": [
		{
			"name": "ToolBinding2",
			"from": [ 1.5914, 3.8306, 1.3175 ],
			"to": [ 2.5914, 6.8306, 4.3175 ],
			"rotationOrigin": [ 2.5914, 3.8306, 2.8175 ],
			"rotationX": 0.0523,
			"rotationY": 0.9986,
			"rotationZ": 89.9995,
			"faces": {
				"north": { "texture": "#rope", "uv": [ 1.0, 0.5, 4.0, 1.5 ], "rotation": 90 },
				"east": { "texture": "#rope", "uv": [ 0.0, 2.0, 3.0, 5.0 ] },
				"south": { "texture": "#rope", "uv": [ 0.0, 2.5, 3.0, 3.5 ], "rotation": 90 },
				"west": { "texture": "#rope", "uv": [ 2.0, 2.5, 5.0, 5.5 ] },
				"up": { "texture": "#rope", "uv": [ 4.5, 0.0, 7.5, 1.0 ], "rotation": 90 },
				"down": { "texture": "#rope", "uv": [ 2.5, 2.0, 5.5, 3.0 ], "rotation": 90 }
			},
			"children": [
				{
					"name": "ToolBinding",
					"from": [ 0.0, 2.0, -0.5 ],
					"to": [ 1.0, 3.0, 1.0 ],
					"rotationOrigin": [ 1.0, 3.0, 1.0 ],
					"rotationX": -180.0,
					"rotationZ": -3.0,
					"faces": {
						"north": { "texture": "#rope", "uv": [ 1.0, 0.5, 2.0, 1.5 ], "rotation": 90, "autoUv": false },
						"east": { "texture": "#rope", "uv": [ 0.0, 2.0, 1.5, 3.0 ], "autoUv": false },
						"south": { "texture": "#rope", "uv": [ 0.0, 2.5, 1.0, 3.5 ], "rotation": 90, "autoUv": false },
						"west": { "texture": "#rope", "uv": [ 2.0, 2.5, 3.5, 3.5 ], "autoUv": false },
						"up": { "texture": "#rope", "uv": [ 4.5, 0.0, 6.0, 1.0 ], "rotation": 90, "autoUv": false },
						"down": { "texture": "#rope", "uv": [ 2.5, 2.0, 4.0, 3.0 ], "rotation": 90, "autoUv": false }
					},
					"children": [
						{
							"name": "origin",
							"from": [ 13.54, 1.98, 1.77 ],
							"to": [ 13.54, 1.98, 1.77 ],
							"rotationOrigin": [ 1.5432, 1.4835, 1.7738 ],
							"rotationY": 4.9931,
							"rotationZ": -180.0,
							"faces": {
								"north": { "texture": "#string", "uv": [ 0.0, 0.0, 0.5, 0.5 ] },
								"east": { "texture": "#string", "uv": [ 0.0, 0.0, 0.5, 0.5 ] },
								"south": { "texture": "#string", "uv": [ 0.0, 0.0, 0.5, 0.5 ] },
								"west": { "texture": "#string", "uv": [ 0.0, 0.0, 0.5, 0.5 ] },
								"up": { "texture": "#string", "uv": [ 0.0, 0.0, 0.5, 0.5 ] },
								"down": { "texture": "#string", "uv": [ 0.0, 0.0, 0.5, 0.5 ] }
							},
							"children": [
								{
									"name": "handleNW",
									"from": [ -12.0, -0.5, -1.5 ],
									"to": [ -10.0, 0.5, -1.0 ],
									"rotationOrigin": [ -12.0, -0.5, -1.0 ],
									"faces": {
										"north": { "texture": "#metal", "uv": [ 0.0, 5.0, 2.0, 6.0 ] },
										"east": { "texture": "#metal", "uv": [ 2.0, 5.0, 2.5, 6.0 ] },
										"south": { "texture": "#metal", "uv": [ 0.0, 8.0, 2.0, 9.0 ] },
										"west": { "texture": "#metal", "uv": [ 2.0, 6.0, 2.5, 7.0 ] },
										"up": { "texture": "#metal", "uv": [ 8.0, 2.0, 10.0, 2.5 ] },
										"down": { "texture": "#metal", "uv": [ 0.0, 3.0, 2.0, 3.5 ] }
									}
								},
								{
									"name": "handleW",
									"from": [ -12.0, -0.5, -1.0 ],
									"to": [ -11.5, 0.5, 1.0 ],
									"rotationOrigin": [ -12.0, -0.5, 0.0 ],
									"faces": {
										"north": { "texture": "#metal", "uv": [ 0.0, 5.0, 0.5, 6.0 ] },
										"east": { "texture": "#metal", "uv": [ 2.0, 5.0, 4.0, 6.0 ] },
										"south": { "texture": "#metal", "uv": [ 0.0, 8.0, 0.5, 9.0 ] },
										"west": { "texture": "#metal", "uv": [ 2.0, 6.0, 4.0, 7.0 ] },
										"up": { "texture": "#metal", "uv": [ 8.0, 2.0, 8.5, 4.0 ] },
										"down": { "texture": "#metal", "uv": [ 0.0, 3.0, 0.5, 5.0 ] }
									}
								},
								{
									"name": "handleN",
									"from": [ -10.0, -0.3, -1.5 ],
									"to": [ -3.0, 0.3, -1.0 ],
									"rotationOrigin": [ -10.0, -0.3, -1.0 ],
									"rotationY": 5.0,
									"faces": {
										"north": { "texture": "#metal", "uv": [ 0.0, 5.0, 7.0, 5.5 ] },
										"east": { "texture": "#metal", "uv": [ 2.0, 5.0, 2.5, 5.5 ] },
										"south": { "texture": "#metal", "uv": [ 0.0, 8.0, 7.0, 8.5 ] },
										"west": { "texture": "#metal", "uv": [ 2.0, 6.0, 2.5, 6.5 ] },
										"up": { "texture": "#metal", "uv": [ 8.0, 2.0, 15.0, 2.5 ] },
										"down": { "texture": "#metal", "uv": [ 0.0, 3.0, 7.0, 3.5 ] }
									},
									"children": [
										{
											"name": "BladeEdgeN",
											"from": [ 3.0, 0.2, 0.5 ],
											"to": [ 9.0, 0.4, 1.5 ],
											"rotationOrigin": [ 3.0, 0.1, 1.0 ],
											"faces": {
												"north": { "texture": "#metal", "uv": [ 0.0, 5.0, 6.0, 5.5 ] },
												"east": { "texture": "#metal", "uv": [ 2.0, 5.0, 3.0, 5.5 ] },
												"south": { "texture": "#metal", "uv": [ 0.0, 8.0, 6.0, 8.5 ] },
												"west": { "texture": "#metal", "uv": [ 2.0, 6.0, 3.0, 6.5 ] },
												"up": { "texture": "#metal", "uv": [ 8.0, 0.0, 9.0, 6.0 ], "rotation": 90 },
												"down": { "texture": "#metal", "uv": [ 0.0, 5.0, 6.0, 6.0 ] }
											}
										},
										{
											"name": "BladeTaperN",
											"from": [ 7.0, 0.15, 0.0 ],
											"to": [ 9.0, 0.45, 0.5 ],
											"rotationOrigin": [ 7.0, 0.1, 0.0 ],
											"rotationY": -15.0,
											"faces": {
												"north": { "texture": "#metal", "uv": [ 0.0, 5.0, 2.0, 5.5 ] },
												"east": { "texture": "#metal", "uv": [ 2.0, 5.0, 2.5, 5.5 ] },
												"south": { "texture": "#metal", "uv": [ 0.0, 8.0, 2.0, 8.5 ] },
												"west": { "texture": "#metal", "uv": [ 2.0, 6.0, 2.5, 6.5 ] },
												"up": { "texture": "#metal", "uv": [ 8.0, 0.0, 8.5, 2.0 ], "rotation": 90 },
												"down": { "texture": "#metal", "uv": [ 0.0, 5.0, 2.0, 5.5 ] }
											}
										}
									]
								},
								{
									"name": "handleSW",
									"from": [ -12.0, -0.5, 1.0 ],
									"to": [ -10.0, 0.5, 1.5 ],
									"rotationOrigin": [ -12.0, -0.5, 1.5 ],
									"faces": {
										"north": { "texture": "#metal", "uv": [ 0.0, 5.0, 2.0, 6.0 ] },
										"east": { "texture": "#metal", "uv": [ 2.0, 5.0, 2.5, 6.0 ] },
										"south": { "texture": "#metal", "uv": [ 0.0, 8.0, 2.0, 9.0 ] },
										"west": { "texture": "#metal", "uv": [ 2.0, 6.0, 2.5, 7.0 ] },
										"up": { "texture": "#metal", "uv": [ 8.0, 2.0, 10.0, 2.5 ] },
										"down": { "texture": "#metal", "uv": [ 0.0, 3.0, 2.0, 3.5 ] }
									}
								},
								{
									"name": "handleS",
									"from": [ -10.0, -0.3, 1.0 ],
									"to": [ -3.0, 0.3, 1.5 ],
									"rotationOrigin": [ -10.0, -0.3, 1.0 ],
									"rotationY": -5.0,
									"faces": {
										"north": { "texture": "#metal", "uv": [ 0.0, 5.0, 7.0, 5.5 ] },
										"east": { "texture": "#metal", "uv": [ 2.0, 5.0, 2.5, 5.5 ] },
										"south": { "texture": "#metal", "uv": [ 0.0, 8.0, 7.0, 8.5 ] },
										"west": { "texture": "#metal", "uv": [ 2.0, 6.0, 2.5, 6.5 ] },
										"up": { "texture": "#metal", "uv": [ 8.0, 2.0, 15.0, 2.5 ] },
										"down": { "texture": "#metal", "uv": [ 0.0, 3.0, 7.0, 3.5 ] }
									},
									"children": [
										{
											"name": "BladeEdgeS",
											"from": [ 3.0, 0.2, -1.0 ],
											"to": [ 9.0, 0.4, 0.0 ],
											"rotationOrigin": [ 3.0, 0.1, -0.5 ],
											"faces": {
												"north": { "texture": "#metal", "uv": [ 0.0, 5.0, 6.0, 5.5 ] },
												"east": { "texture": "#metal", "uv": [ 2.0, 5.0, 3.0, 5.5 ] },
												"south": { "texture": "#metal", "uv": [ 0.0, 8.0, 6.0, 8.5 ] },
												"west": { "texture": "#metal", "uv": [ 2.0, 6.0, 3.0, 6.5 ] },
												"up": { "texture": "#metal", "uv": [ 8.0, 0.0, 9.0, 6.0 ], "rotation": 90 },
												"down": { "texture": "#metal", "uv": [ 0.0, 5.0, 6.0, 6.0 ] }
											}
										},
										{
											"name": "BladeTaperS",
											"from": [ 7.0, 0.15, 0.0 ],
											"to": [ 9.0, 0.45, 0.5 ],
											"rotationOrigin": [ 7.0, 0.1, 0.5 ],
											"rotationY": 15.0,
											"faces": {
												"north": { "texture": "#metal", "uv": [ 0.0, 5.0, 2.0, 5.5 ] },
												"east": { "texture": "#metal", "uv": [ 2.0, 5.0, 2.5, 5.5 ] },
												"south": { "texture": "#metal", "uv": [ 0.0, 8.0, 2.0, 8.5 ] },
												"west": { "texture": "#metal", "uv": [ 2.0, 6.0, 2.5, 6.5 ] },
												"up": { "texture": "#metal", "uv": [ 8.0, 0.0, 8.5, 2.0 ], "rotation": 90 },
												"down": { "texture": "#metal", "uv": [ 0.0, 5.0, 2.0, 5.5 ] }
											}
										}
									]
								}
							]
						}
					]
				}
			]
		}
	]}