{
	"editor": {
		"collapsedPaths": "Root/origin",
		"allAngles": false,
		"entityTextureMode": false
	},
	"textureWidth": 16,
	"textureHeight": 16,
	"textureSizes": {
	},
	"textures": {
		"rope": "game:item/resource/rope"
	},
	"elements": [
		{
			"name": "ToolBinding2",
			"from": [ 1.5927, 3.8789, 1.235 ],
			"to": [ 2.5927, 6.8789, 4.235 ],
			"rotationOrigin": [ 2.5927, 3.8789, 2.735 ],
			"rotationX": 0.0523,
			"rotationY": 0.9986,
			"rotationZ": 89.9995,
			"faces": {
				"north": { "texture": "#rope", "uv": [ 1.0, 0.5, 4.0, 1.5 ], "rotation": 90 },
				"east": { "texture": "#rope", "uv": [ 0.0, 2.0, 3.0, 5.0 ] },
				"south": { "texture": "#rope", "uv": [ 0.0, 2.5, 3.0, 3.5 ], "rotation": 90 },
				"west": { "texture": "#rope", "uv": [ 2.0, 2.5, 5.0, 5.5 ] },
				"up": { "texture": "#rope", "uv": [ 4.5, 0.0, 7.5, 1.0 ], "rotation": 90 },
				"down": { "texture": "#rope", "uv": [ 2.5, 2.0, 5.5, 3.0 ], "rotation": 90 }
			},
			"children": [
				{
					"name": "ToolBinding",
					"from": [ 0.0, 0.96, -0.5 ],
					"to": [ 1.0, 2.96, 1.6 ],
					"rotationOrigin": [ 1.0, 2.96, 1.0 ],
					"rotationX": 180.0,
					"rotationZ": -3.0,
					"faces": {
						"north": { "texture": "#rope", "uv": [ 1.0, 0.5, 3.0, 1.5 ], "rotation": 90 },
						"east": { "texture": "#rope", "uv": [ 0.0, 2.0, 2.0, 4.0 ] },
						"south": { "texture": "#rope", "uv": [ 0.0, 2.5, 2.0, 3.5 ], "rotation": 90 },
						"west": { "texture": "#rope", "uv": [ 2.0, 2.5, 4.0, 4.5 ] },
						"up": { "texture": "#rope", "uv": [ 4.5, 0.0, 6.5, 1.0 ], "rotation": 90 },
						"down": { "texture": "#rope", "uv": [ 2.5, 2.0, 4.5, 3.0 ], "rotation": 90 }
					},
					"children": [
						{
							"name": "origin",
							"from": [ 16.2, 0.89, 0.19 ],
							"to": [ 16.2, 0.89, 0.19 ],
							"rotationOrigin": [ 2.2, 0.39, 0.1931 ],
							"rotationX": -1.0,
							"rotationY": 19.0,
							"faces": {
								"north": { "texture": "#string", "uv": [ 0.0, 0.0, 0.5, 0.5 ], "enabled": false },
								"east": { "texture": "#string", "uv": [ 0.0, 0.0, 0.5, 0.5 ], "enabled": false },
								"south": { "texture": "#string", "uv": [ 0.0, 0.0, 0.5, 0.5 ], "enabled": false },
								"west": { "texture": "#string", "uv": [ 0.0, 0.0, 0.5, 0.5 ], "enabled": false },
								"up": { "texture": "#string", "uv": [ 0.0, 0.0, 0.5, 0.5 ], "enabled": false },
								"down": { "texture": "#string", "uv": [ 0.0, 0.0, 0.5, 0.5 ], "enabled": false }
							},
							"children": [
								{
									"name": "handle 1",
									"from": [ -21.0, -0.5, -0.5 ],
									"to": [ -5.0, 1.0, 1.0 ],
									"rotationOrigin": [ -20.5, 0.0, 0.0 ],
									"faces": {
										"north": { "texture": "#handle", "uv": [ 0.0, 5.5, 16.0, 7.0 ] },
										"east": { "texture": "#handle", "uv": [ 0.5, 0.5, 2.0, 2.0 ] },
										"south": { "texture": "#handle", "uv": [ 0.0, 10.5, 16.0, 12.0 ] },
										"west": { "texture": "#handle", "uv": [ 14.0, 10.0, 15.5, 11.5 ], "enabled": false },
										"up": { "texture": "#handle", "uv": [ 0.0, 4.5, 16.0, 6.0 ] },
										"down": { "texture": "#handle", "uv": [ 0.0, 5.0, 16.0, 6.5 ] }
									},
									"children": [
										{
											"name": "handle 2",
											"from": [ -11.0, 0.0, 0.0 ],
											"to": [ 0.0, 1.5, 1.5 ],
											"rotationOrigin": [ -10.5, 0.5, 0.5 ],
											"faces": {
												"north": { "texture": "#handle", "uv": [ 1.0, 8.5, 12.0, 10.0 ] },
												"east": { "texture": "#handle", "uv": [ 3.5, 0.5, 5.0, 2.0 ], "enabled": false },
												"south": { "texture": "#handle", "uv": [ 3.0, 5.0, 14.0, 6.5 ] },
												"west": { "texture": "#handle", "uv": [ 11.0, 10.0, 12.5, 11.5 ] },
												"up": { "texture": "#handle", "uv": [ 4.5, 2.5, 15.5, 4.0 ] },
												"down": { "texture": "#handle", "uv": [ 2.0, 5.0, 13.0, 6.5 ] }
											}
										},
										{
											"name": "handle 17",
											"from": [ -11.5, 0.3, -1.5 ],
											"to": [ -10.5, 1.3, 3.0 ],
											"rotationOrigin": [ -11.0, 0.8, -1.0 ],
											"faces": {
												"north": { "texture": "#handle", "uv": [ 1.0, 8.5, 2.0, 9.5 ] },
												"east": { "texture": "#handle", "uv": [ 3.5, 4.5, 8.0, 5.5 ] },
												"south": { "texture": "#handle", "uv": [ 3.0, 5.0, 4.0, 6.0 ] },
												"west": { "texture": "#handle", "uv": [ 5.5, 2.5, 10.0, 3.5 ] },
												"up": { "texture": "#handle", "uv": [ 7.0, 4.5, 11.5, 5.5 ], "rotation": 90 },
												"down": { "texture": "#handle", "uv": [ 8.0, 5.0, 12.5, 6.0 ], "rotation": 90 }
											}
										},
										{
											"name": "handle tip",
											"from": [ 16.0, 0.0, 0.0 ],
											"to": [ 18.0, 1.5, 1.0 ],
											"rotationOrigin": [ 16.5, 0.5, 0.5 ],
											"faces": {
												"north": { "texture": "#handle", "uv": [ 1.0, 8.5, 3.0, 10.0 ] },
												"east": { "texture": "#handle", "uv": [ 3.5, 0.5, 4.5, 2.0 ] },
												"south": { "texture": "#handle", "uv": [ 3.0, 5.0, 5.0, 6.5 ] },
												"west": { "texture": "#handle", "uv": [ 11.0, 10.0, 12.0, 11.5 ] },
												"up": { "texture": "#handle", "uv": [ 12.0, 3.5, 14.0, 4.5 ] },
												"down": { "texture": "#handle", "uv": [ 8.0, 5.0, 10.0, 6.0 ] }
											}
										},
										{
											"name": "handle tip31",
											"from": [ 18.0, 0.0, 0.5 ],
											"to": [ 18.5, 1.5, 1.0 ],
											"rotationOrigin": [ 18.5, 0.5, 1.0 ],
											"faces": {
												"north": { "texture": "#handle", "uv": [ 1.0, 8.5, 1.5, 10.0 ] },
												"east": { "texture": "#handle", "uv": [ 3.5, 0.5, 4.0, 2.0 ] },
												"south": { "texture": "#handle", "uv": [ 3.0, 5.0, 3.5, 6.5 ] },
												"west": { "texture": "#handle", "uv": [ 11.0, 10.0, 11.5, 11.5 ] },
												"up": { "texture": "#handle", "uv": [ 9.0, 4.5, 9.5, 5.0 ] },
												"down": { "texture": "#handle", "uv": [ 8.0, 5.0, 8.5, 5.5 ] }
											}
										},
										{
											"name": "handle tip32",
											"from": [ 16.0, 0.0, 1.0 ],
											"to": [ 17.5, 1.5, 1.5 ],
											"rotationOrigin": [ 16.5, 0.5, 1.5 ],
											"faces": {
												"north": { "texture": "#handle", "uv": [ 1.0, 8.5, 2.5, 10.0 ] },
												"east": { "texture": "#handle", "uv": [ 3.5, 0.5, 4.0, 2.0 ] },
												"south": { "texture": "#handle", "uv": [ 3.0, 5.0, 4.5, 6.5 ] },
												"west": { "texture": "#handle", "uv": [ 11.0, 10.0, 11.5, 11.5 ] },
												"up": { "texture": "#handle", "uv": [ 9.0, 4.5, 10.5, 5.0 ] },
												"down": { "texture": "#handle", "uv": [ 8.0, 5.0, 9.5, 5.5 ] }
											}
										}
									]
								},
								{
									"name": "string 3",
									"from": [ -9.0, -0.6, -1.0 ],
									"to": [ -8.5, 1.1, 2.0 ],
									"rotationOrigin": [ -9.0, -0.6, 0.5 ],
									"rotationY": 40.0,
									"faces": {
										"north": { "texture": "#string", "uv": [ 8.5, 0.5, 10.0, 1.0 ], "rotation": 90 },
										"east": { "texture": "#string", "uv": [ 0.0, 0.0, 3.0, 1.5 ] },
										"south": { "texture": "#string", "uv": [ 10.0, 2.0, 11.5, 2.5 ], "rotation": 90 },
										"west": { "texture": "#string", "uv": [ 2.0, 2.5, 5.0, 4.0 ] },
										"up": { "texture": "#string", "uv": [ 0.0, 0.5, 0.5, 3.5 ] },
										"down": { "texture": "#string", "uv": [ 0.0, 0.0, 0.5, 3.0 ] }
									}
								},
								{
									"name": "string 4",
									"from": [ -8.7, -0.6, -1.5 ],
									"to": [ -8.2, 1.2, 1.5 ],
									"rotationOrigin": [ -8.7, -0.6, 0.0 ],
									"rotationX": 2.0,
									"rotationY": -48.0,
									"faces": {
										"north": { "texture": "#string", "uv": [ 0.0, 0.5, 1.5, 1.0 ], "rotation": 90 },
										"east": { "texture": "#string", "uv": [ 0.0, 0.0, 3.0, 1.5 ] },
										"south": { "texture": "#string", "uv": [ 2.0, 0.5, 3.5, 1.0 ], "rotation": 90 },
										"west": { "texture": "#string", "uv": [ 0.0, 4.0, 3.0, 5.5 ] },
										"up": { "texture": "#string", "uv": [ 5.0, 1.5, 8.0, 2.0 ], "rotation": 90 },
										"down": { "texture": "#string", "uv": [ 6.5, 1.5, 9.5, 2.0 ], "rotation": 90 }
									}
								},
								{
									"name": "string 5",
									"from": [ -5.8, -0.6, -0.7 ],
									"to": [ -5.3, 1.2, 1.3 ],
									"rotationOrigin": [ -5.8, -0.6, 0.8 ],
									"rotationX": 1.0,
									"rotationY": 24.0,
									"faces": {
										"north": { "texture": "#string", "uv": [ 1.0, 0.5, 2.5, 1.0 ], "rotation": 90 },
										"east": { "texture": "#string", "uv": [ 0.0, 2.0, 2.0, 3.5 ] },
										"south": { "texture": "#string", "uv": [ 0.0, 2.5, 1.5, 3.0 ], "rotation": 90 },
										"west": { "texture": "#string", "uv": [ 2.0, 2.5, 4.0, 4.0 ] },
										"up": { "texture": "#string", "uv": [ 7.0, 0.0, 9.0, 0.5 ], "rotation": 90 },
										"down": { "texture": "#string", "uv": [ 2.5, 2.0, 4.5, 2.5 ], "rotation": 90 }
									}
								},
								{
									"name": "holder",
									"from": [ -7.0, -0.3, -0.7 ],
									"to": [ -5.5, 0.7, 1.3 ],
									"rotationOrigin": [ -7.0, -0.3, -0.7 ],
									"faces": {
										"north": { "texture": "#material", "uv": [ 7.0, 3.0, 8.5, 4.0 ] },
										"east": { "texture": "#material", "uv": [ 1.0, 2.0, 3.0, 3.0 ] },
										"south": { "texture": "#material", "uv": [ 6.0, 4.0, 7.5, 5.0 ] },
										"west": { "texture": "#material", "uv": [ 6.0, 2.0, 8.0, 3.0 ] },
										"up": { "texture": "#material", "uv": [ 6.0, 7.5, 8.0, 9.0 ], "rotation": 90 },
										"down": { "texture": "#material", "uv": [ 4.0, 3.0, 5.5, 5.0 ] }
									},
									"children": [
										{
											"name": "Blade base 1",
											"from": [ -0.5, 0.2, -1.0 ],
											"to": [ 5.0, 0.7, 1.0 ],
											"rotationOrigin": [ 1.0, 0.2, 1.5 ],
											"rotationX": 4.0,
											"faces": {
												"north": { "texture": "#material", "uv": [ 1.0, 5.0, 6.5, 5.5 ] },
												"east": { "texture": "#material", "uv": [ 2.0, 5.0, 4.0, 5.5 ] },
												"south": { "texture": "#material", "uv": [ 2.0, 7.0, 7.5, 7.5 ] },
												"west": { "texture": "#material", "uv": [ 2.0, 6.0, 4.0, 6.5 ] },
												"up": { "texture": "#material", "uv": [ 7.0, 7.5, 9.0, 13.0 ], "rotation": 90 },
												"down": { "texture": "#material", "uv": [ 4.5, 8.5, 10.0, 10.5 ] }
											},
											"children": [
												{
													"name": "Cube27",
													"from": [ 1.0, 0.0, -0.5 ],
													"to": [ 5.0, 0.5, 0.0 ],
													"rotationOrigin": [ 1.0, 0.0, -0.5 ],
													"faces": {
														"north": { "texture": "#material", "uv": [ 0.0, 0.0, 4.0, 0.5 ] },
														"east": { "texture": "#material", "uv": [ 0.0, 0.0, 0.5, 0.5 ] },
														"south": { "texture": "#material", "uv": [ 0.0, 0.0, 4.0, 0.5 ] },
														"west": { "texture": "#material", "uv": [ 0.0, 0.0, 0.5, 0.5 ] },
														"up": { "texture": "#material", "uv": [ 0.0, 0.0, 4.0, 0.5 ] },
														"down": { "texture": "#material", "uv": [ 0.0, 0.0, 4.0, 0.5 ] }
													}
												}
											]
										},
										{
											"name": "Blade base 2",
											"from": [ -0.5, 0.2, 0.9 ],
											"to": [ 5.0, 0.7, 2.9 ],
											"rotationOrigin": [ 1.0, 0.2, 1.0 ],
											"rotationX": -4.0,
											"faces": {
												"north": { "texture": "#material", "uv": [ 1.0, 5.0, 6.5, 5.5 ] },
												"east": { "texture": "#material", "uv": [ 2.0, 5.0, 4.0, 5.5 ] },
												"south": { "texture": "#material", "uv": [ 2.0, 7.0, 7.5, 7.5 ] },
												"west": { "texture": "#material", "uv": [ 2.0, 6.0, 4.0, 6.5 ] },
												"up": { "texture": "#material", "uv": [ 2.0, 9.5, 4.0, 15.0 ], "rotation": 90 },
												"down": { "texture": "#material", "uv": [ 3.0, 3.0, 8.5, 5.0 ] }
											},
											"children": [
												{
													"name": "Cube1",
													"from": [ 1.0, 0.0, 2.0 ],
													"to": [ 5.0, 0.5, 2.5 ],
													"rotationOrigin": [ 1.0, 0.0, 2.0 ],
													"faces": {
														"north": { "texture": "#material", "uv": [ 0.0, 0.0, 4.0, 0.5 ] },
														"east": { "texture": "#material", "uv": [ 0.0, 0.0, 0.5, 0.5 ] },
														"south": { "texture": "#material", "uv": [ 0.0, 0.0, 4.0, 0.5 ] },
														"west": { "texture": "#material", "uv": [ 0.0, 0.0, 0.5, 0.5 ] },
														"up": { "texture": "#material", "uv": [ 0.0, 0.0, 4.0, 0.5 ] },
														"down": { "texture": "#material", "uv": [ 0.0, 0.0, 4.0, 0.5 ] }
													}
												}
											]
										},
										{
											"name": "Blade holder",
											"from": [ -2.5, 0.0, -0.3 ],
											"to": [ -1.0, 1.0, 2.3 ],
											"rotationOrigin": [ -1.0, 0.0, 2.6 ],
											"faces": {
												"north": { "texture": "#material", "uv": [ 1.0, 5.0, 2.5, 6.0 ] },
												"east": { "texture": "#material", "uv": [ 2.0, 5.0, 4.5, 6.0 ] },
												"south": { "texture": "#material", "uv": [ 2.0, 7.0, 3.5, 8.0 ] },
												"west": { "texture": "#material", "uv": [ 2.0, 6.0, 4.5, 7.0 ] },
												"up": { "texture": "#material", "uv": [ 7.0, 7.5, 9.5, 9.0 ], "rotation": 90 },
												"down": { "texture": "#material", "uv": [ 4.5, 8.5, 6.0, 11.0 ] }
											}
										},
										{
											"name": "Blade holder 2",
											"from": [ -1.0, 0.0, 0.0 ],
											"to": [ 0.5, 1.2, 2.0 ],
											"rotationOrigin": [ 0.5, 0.0, 2.9 ],
											"faces": {
												"north": { "texture": "#material", "uv": [ 1.0, 5.0, 2.5, 6.0 ] },
												"east": { "texture": "#material", "uv": [ 2.0, 5.0, 4.0, 6.0 ] },
												"south": { "texture": "#material", "uv": [ 2.0, 7.0, 3.5, 8.0 ] },
												"west": { "texture": "#material", "uv": [ 2.0, 6.0, 4.0, 7.0 ] },
												"up": { "texture": "#material", "uv": [ 7.0, 7.5, 9.0, 9.0 ], "rotation": 90 },
												"down": { "texture": "#material", "uv": [ 4.5, 8.5, 6.0, 10.5 ] }
											}
										}
									]
								},
								{
									"name": "string 2",
									"from": [ -7.7, -0.6, -0.9 ],
									"to": [ -7.2, 1.2, 1.3 ],
									"rotationOrigin": [ -7.7, -0.6, 0.6 ],
									"rotationX": 2.0,
									"rotationY": -17.0,
									"faces": {
										"north": { "texture": "#string", "uv": [ 5.0, 5.5, 6.5, 6.0 ], "rotation": 90 },
										"east": { "texture": "#string", "uv": [ 6.0, 2.0, 8.0, 3.5 ] },
										"south": { "texture": "#string", "uv": [ 10.0, 2.5, 11.5, 3.0 ], "rotation": 90 },
										"west": { "texture": "#string", "uv": [ 3.0, 6.0, 5.0, 7.5 ] },
										"up": { "texture": "#string", "uv": [ 5.0, 0.5, 7.0, 1.0 ], "rotation": 90 },
										"down": { "texture": "#string", "uv": [ 8.5, 0.5, 10.5, 1.0 ], "rotation": 90 }
									}
								},
								{
									"name": "string 1",
									"from": [ -10.0, -0.6, -0.7 ],
									"to": [ -9.5, 1.2, 1.1 ],
									"rotationOrigin": [ -10.0, -0.6, 0.8 ],
									"rotationX": 1.0,
									"faces": {
										"north": { "texture": "#string", "uv": [ 3.0, 4.5, 4.5, 5.0 ], "rotation": 90 },
										"east": { "texture": "#string", "uv": [ 1.0, 3.0, 2.5, 4.5 ] },
										"south": { "texture": "#string", "uv": [ 0.0, 7.5, 1.5, 8.0 ], "rotation": 90 },
										"west": { "texture": "#string", "uv": [ 3.0, 5.5, 4.5, 7.0 ] },
										"up": { "texture": "#string", "uv": [ 5.5, 0.0, 7.0, 0.5 ], "rotation": 90 },
										"down": { "texture": "#string", "uv": [ 5.5, 2.0, 7.0, 2.5 ], "rotation": 90 }
									}
								},
								{
									"name": "string 18",
									"from": [ -31.6, -0.65, -0.7 ],
									"to": [ -31.1, 1.15, 1.1 ],
									"rotationOrigin": [ -31.6, -0.6, 0.8 ],
									"rotationX": 1.0,
									"faces": {
										"north": { "texture": "#string", "uv": [ 1.0, 0.5, 2.5, 1.0 ], "rotation": 90 },
										"east": { "texture": "#string", "uv": [ 0.0, 2.0, 1.5, 3.5 ] },
										"south": { "texture": "#string", "uv": [ 0.0, 2.5, 1.5, 3.0 ], "rotation": 90 },
										"west": { "texture": "#string", "uv": [ 2.0, 2.5, 3.5, 4.0 ] },
										"up": { "texture": "#string", "uv": [ 4.5, 0.0, 6.0, 0.5 ], "rotation": 90 },
										"down": { "texture": "#string", "uv": [ 2.5, 2.0, 4.0, 2.5 ], "rotation": 90 }
									}
								},
								{
									"name": "string 19",
									"from": [ -32.2, -0.45, -0.9 ],
									"to": [ -31.7, 1.05, 1.6 ],
									"rotationOrigin": [ -32.2, -0.4, 0.6 ],
									"rotationX": 2.0,
									"rotationY": -27.0,
									"faces": {
										"north": { "texture": "#string", "uv": [ 0.0, 0.5, 1.5, 1.0 ], "rotation": 90 },
										"east": { "texture": "#string", "uv": [ 0.0, 0.0, 2.5, 1.5 ] },
										"south": { "texture": "#string", "uv": [ 2.0, 0.5, 3.5, 1.0 ], "rotation": 90 },
										"west": { "texture": "#string", "uv": [ 0.0, 4.0, 2.5, 5.5 ] },
										"up": { "texture": "#string", "uv": [ 5.0, 1.5, 7.5, 2.0 ], "rotation": 90 },
										"down": { "texture": "#string", "uv": [ 6.5, 1.5, 9.0, 2.0 ], "rotation": 90 }
									}
								},
								{
									"name": "string 20",
									"from": [ -32.0, -0.5, -1.1 ],
									"to": [ -31.5, 1.2, 1.4 ],
									"rotationOrigin": [ -32.0, -0.5, 0.4 ],
									"rotationX": -1.0,
									"rotationY": 25.0,
									"faces": {
										"north": { "texture": "#string", "uv": [ 8.5, 0.5, 10.0, 1.0 ], "rotation": 90 },
										"east": { "texture": "#string", "uv": [ 0.0, 0.0, 2.5, 1.5 ] },
										"south": { "texture": "#string", "uv": [ 1.0, 0.5, 2.5, 1.0 ], "rotation": 90 },
										"west": { "texture": "#string", "uv": [ 2.0, 2.5, 4.5, 4.0 ] },
										"up": { "texture": "#string", "uv": [ 0.0, 0.0, 0.5, 2.5 ] },
										"down": { "texture": "#string", "uv": [ 0.0, 0.0, 0.5, 2.5 ] }
									}
								},
								{
									"name": "string 21",
									"from": [ -31.2, -0.35, -0.4 ],
									"to": [ -30.7, 1.15, 1.6 ],
									"rotationOrigin": [ -31.2, -0.3, 1.1 ],
									"rotationX": 2.0,
									"rotationY": 73.0,
									"faces": {
										"north": { "texture": "#string", "uv": [ 5.0, 5.5, 6.5, 6.0 ], "rotation": 90 },
										"east": { "texture": "#string", "uv": [ 6.0, 2.0, 8.0, 3.5 ] },
										"south": { "texture": "#string", "uv": [ 10.0, 2.5, 11.5, 3.0 ], "rotation": 90 },
										"west": { "texture": "#string", "uv": [ 3.0, 6.0, 5.0, 7.5 ] },
										"up": { "texture": "#string", "uv": [ 5.0, 0.5, 7.0, 1.0 ], "rotation": 90 },
										"down": { "texture": "#string", "uv": [ 8.5, 0.5, 10.5, 1.0 ], "rotation": 90 }
									}
								},
								{
									"name": "string 22",
									"from": [ -30.8, -0.65, -0.9 ],
									"to": [ -30.3, 1.15, 1.1 ],
									"rotationOrigin": [ -30.8, -0.6, 0.6 ],
									"rotationX": 2.0,
									"rotationY": -32.0,
									"faces": {
										"north": { "texture": "#string", "uv": [ 0.0, 0.5, 1.5, 1.0 ], "rotation": 90 },
										"east": { "texture": "#string", "uv": [ 0.0, 0.0, 2.0, 1.5 ] },
										"south": { "texture": "#string", "uv": [ 2.0, 0.5, 3.5, 1.0 ], "rotation": 90 },
										"west": { "texture": "#string", "uv": [ 0.0, 4.0, 2.0, 5.5 ] },
										"up": { "texture": "#string", "uv": [ 5.0, 1.5, 7.0, 2.0 ], "rotation": 90 },
										"down": { "texture": "#string", "uv": [ 6.5, 1.5, 8.5, 2.0 ], "rotation": 90 }
									}
								},
								{
									"name": "string 23",
									"from": [ -29.2, -0.65, -0.7 ],
									"to": [ -28.7, 1.15, 1.3 ],
									"rotationOrigin": [ -29.2, -0.6, 0.8 ],
									"rotationX": 2.0,
									"rotationY": 28.0,
									"faces": {
										"north": { "texture": "#string", "uv": [ 5.0, 5.5, 6.5, 6.0 ], "rotation": 90 },
										"east": { "texture": "#string", "uv": [ 6.0, 2.0, 8.0, 3.5 ] },
										"south": { "texture": "#string", "uv": [ 10.0, 2.5, 11.5, 3.0 ], "rotation": 90 },
										"west": { "texture": "#string", "uv": [ 3.0, 6.0, 5.0, 7.5 ] },
										"up": { "texture": "#string", "uv": [ 5.0, 0.5, 7.0, 1.0 ], "rotation": 90 },
										"down": { "texture": "#string", "uv": [ 8.5, 0.5, 10.5, 1.0 ], "rotation": 90 }
									}
								},
								{
									"name": "string 24",
									"from": [ -28.8, -0.6, -0.7 ],
									"to": [ -28.3, 1.2, 1.1 ],
									"rotationOrigin": [ -28.9, -0.6, 0.8 ],
									"rotationX": 1.0,
									"rotationY": -11.0,
									"faces": {
										"north": { "texture": "#string", "uv": [ 1.0, 0.5, 2.5, 1.0 ], "rotation": 90 },
										"east": { "texture": "#string", "uv": [ 0.0, 2.0, 1.5, 3.5 ] },
										"south": { "texture": "#string", "uv": [ 0.0, 2.5, 1.5, 3.0 ], "rotation": 90 },
										"west": { "texture": "#string", "uv": [ 2.0, 2.5, 3.5, 4.0 ] },
										"up": { "texture": "#string", "uv": [ 4.5, 0.0, 6.0, 0.5 ], "rotation": 90 },
										"down": { "texture": "#string", "uv": [ 2.5, 2.0, 4.0, 2.5 ], "rotation": 90 }
									}
								},
								{
									"name": "string 25",
									"from": [ -28.0, -0.63, -0.7 ],
									"to": [ -27.5, 1.13, 1.3 ],
									"rotationOrigin": [ -28.0, -0.6, 0.8 ],
									"rotationY": 3.0,
									"faces": {
										"north": { "texture": "#string", "uv": [ 8.5, 0.5, 10.0, 1.0 ], "rotation": 90 },
										"east": { "texture": "#string", "uv": [ 0.0, 0.0, 2.0, 1.5 ] },
										"south": { "texture": "#string", "uv": [ 1.0, 0.5, 2.5, 1.0 ], "rotation": 90 },
										"west": { "texture": "#string", "uv": [ 2.0, 2.5, 4.0, 4.0 ] },
										"up": { "texture": "#string", "uv": [ 0.0, 0.0, 0.5, 2.0 ] },
										"down": { "texture": "#string", "uv": [ 0.0, 0.0, 0.5, 2.0 ] }
									}
								},
								{
									"name": "string 28",
									"from": [ -7.9, -0.6, -0.7 ],
									"to": [ -7.4, 1.1, 1.4 ],
									"rotationOrigin": [ -7.9, -0.6, 0.8 ],
									"rotationY": 12.0,
									"faces": {
										"north": { "texture": "#string", "uv": [ 8.5, 0.5, 10.0, 1.0 ], "rotation": 90 },
										"east": { "texture": "#string", "uv": [ 0.0, 0.0, 2.0, 1.5 ] },
										"south": { "texture": "#string", "uv": [ 1.0, 0.5, 2.5, 1.0 ], "rotation": 90 },
										"west": { "texture": "#string", "uv": [ 2.0, 2.5, 4.0, 4.0 ] },
										"up": { "texture": "#string", "uv": [ 0.0, 0.0, 0.5, 2.0 ] },
										"down": { "texture": "#string", "uv": [ 0.0, 0.0, 0.5, 2.0 ] }
									}
								},
								{
									"name": "string 29",
									"from": [ -6.2, -0.6, -0.9 ],
									"to": [ -5.7, 1.2, 1.1 ],
									"rotationOrigin": [ -6.2, -0.6, 0.6 ],
									"rotationY": -22.0,
									"faces": {
										"north": { "texture": "#string", "uv": [ 1.0, 0.5, 2.5, 1.0 ], "rotation": 90 },
										"east": { "texture": "#string", "uv": [ 0.0, 2.0, 2.0, 3.5 ] },
										"south": { "texture": "#string", "uv": [ 0.0, 2.5, 1.5, 3.0 ], "rotation": 90 },
										"west": { "texture": "#string", "uv": [ 2.0, 2.5, 4.0, 4.0 ] },
										"up": { "texture": "#string", "uv": [ 9.0, 0.0, 11.0, 0.5 ], "rotation": 90 },
										"down": { "texture": "#string", "uv": [ 2.5, 2.0, 4.5, 2.5 ], "rotation": 90 }
									}
								},
								{
									"name": "string 30",
									"from": [ -6.3, -0.2, -1.8 ],
									"to": [ -5.8, 0.8, 1.2 ],
									"rotationOrigin": [ -6.3, -0.2, -0.3 ],
									"rotationX": 1.0,
									"rotationY": 24.0,
									"faces": {
										"north": { "texture": "#string", "uv": [ 1.0, 0.5, 2.0, 1.0 ], "rotation": 90 },
										"east": { "texture": "#string", "uv": [ 0.0, 2.0, 3.0, 3.0 ] },
										"south": { "texture": "#string", "uv": [ 0.0, 2.5, 1.0, 3.0 ], "rotation": 90 },
										"west": { "texture": "#string", "uv": [ 2.0, 2.5, 5.0, 3.5 ] },
										"up": { "texture": "#string", "uv": [ 4.5, 0.0, 7.5, 0.5 ], "rotation": 90 },
										"down": { "texture": "#string", "uv": [ 2.5, 2.0, 5.5, 2.5 ], "rotation": 90 }
									}
								},
								{
									"name": "string 31",
									"from": [ -6.7, -0.2, 0.3 ],
									"to": [ -6.2, 0.8, 2.3 ],
									"rotationOrigin": [ -6.7, -0.2, 1.8 ],
									"rotationX": 1.0,
									"rotationY": -22.0,
									"faces": {
										"north": { "texture": "#string", "uv": [ 1.0, 0.5, 2.0, 1.0 ], "rotation": 90 },
										"east": { "texture": "#string", "uv": [ 0.0, 2.0, 2.0, 3.0 ] },
										"south": { "texture": "#string", "uv": [ 0.0, 2.5, 1.0, 3.0 ], "rotation": 90 },
										"west": { "texture": "#string", "uv": [ 2.0, 2.5, 4.0, 3.5 ] },
										"up": { "texture": "#string", "uv": [ 7.0, 1.0, 9.0, 1.5 ], "rotation": 90 },
										"down": { "texture": "#string", "uv": [ 2.5, 2.0, 4.5, 2.5 ], "rotation": 90 }
									}
								}
							]
						}
					]
				}
			]
		}
	]}