{
	"editor": {
		"allAngles": false,
		"entityTextureMode": false
	},
	"textureWidth": 16,
	"textureHeight": 16,
	"textureSizes": {
	},
	"textures": {
		"rope": "game:item/resource/rope"
	},
	"elements": [
		{
			"name": "ToolBinding2",
			"from": [ 1.4921, 3.8568, 1.4263 ],
			"to": [ 2.4921, 6.8568, 4.4263 ],
			"rotationOrigin": [ 2.4921, 3.8568, 2.9263 ],
			"rotationX": 0.0523,
			"rotationY": 0.9986,
			"rotationZ": 89.9995,
			"faces": {
				"north": { "texture": "#rope", "uv": [ 1.0, 0.5, 4.0, 1.5 ], "rotation": 90 },
				"east": { "texture": "#rope", "uv": [ 0.0, 2.0, 3.0, 5.0 ] },
				"south": { "texture": "#rope", "uv": [ 0.0, 2.5, 3.0, 3.5 ], "rotation": 90 },
				"west": { "texture": "#rope", "uv": [ 2.0, 2.5, 5.0, 5.5 ] },
				"up": { "texture": "#rope", "uv": [ 4.5, 0.0, 7.5, 1.0 ], "rotation": 90 },
				"down": { "texture": "#rope", "uv": [ 2.5, 2.0, 5.5, 3.0 ], "rotation": 90 }
			},
			"children": [
				{
					"name": "ToolBinding",
					"from": [ 0.0, 3.0, 0.5 ],
					"to": [ 1.0, 4.5, 2.0 ],
					"rotationOrigin": [ 1.0, 3.0, 2.0 ],
					"rotationX": 0.0,
					"rotationY": 0.0,
					"rotationZ": 3.0,
					"faces": {
						"north": { "texture": "#rope", "uv": [ 1.0, 0.5, 2.5, 1.5 ], "rotation": 90 },
						"east": { "texture": "#rope", "uv": [ 0.0, 2.0, 1.5, 3.5 ] },
						"south": { "texture": "#rope", "uv": [ 0.0, 2.5, 1.5, 3.5 ], "rotation": 90 },
						"west": { "texture": "#rope", "uv": [ 2.0, 2.5, 3.5, 4.0 ] },
						"up": { "texture": "#rope", "uv": [ 4.5, 0.0, 6.0, 1.0 ], "rotation": 90 },
						"down": { "texture": "#rope", "uv": [ 2.5, 2.0, 4.0, 3.0 ], "rotation": 90 }
					},
					"children": [
						{
							"name": "origin",
							"from": [ -1.283, 0.99, 0.4 ],
							"to": [ -1.283, 0.99, 0.4 ],
							"rotationOrigin": [ -2.783, 0.4883, 0.9001 ],
							"rotationX": -1.0,
							"rotationY": 0.0,
							"rotationZ": -3.0,
							"faces": {
								"north": { "texture": "#string", "uv": [ 0.0, 0.0, 0.5, 0.5 ] },
								"east": { "texture": "#string", "uv": [ 0.0, 0.0, 0.5, 0.5 ] },
								"south": { "texture": "#string", "uv": [ 0.0, 0.0, 0.5, 0.5 ] },
								"west": { "texture": "#string", "uv": [ 0.0, 0.0, 0.5, 0.5 ] },
								"up": { "texture": "#string", "uv": [ 0.0, 0.0, 0.5, 0.5 ] },
								"down": { "texture": "#string", "uv": [ 0.0, 0.0, 0.5, 0.5 ] }
							},
							"children": [
								{
									"name": "handle",
									"from": [ 3.4, -0.5, -0.1 ],
									"to": [ 8.4, 0.7, 1.1 ],
									"rotationOrigin": [ 5.4, 0.0, 0.4 ],
									"rotationY": 180.0,
									"faces": {
										"north": { "texture": "#oak", "uv": [ 0.0, 5.5, 1.0, 10.5 ], "rotation": 90 },
										"east": { "texture": "#oak", "uv": [ 0.5, 0.5, 1.5, 1.5 ] },
										"south": { "texture": "#oak", "uv": [ 7.0, 4.5, 8.0, 9.5 ], "rotation": 90 },
										"west": { "texture": "#oak", "uv": [ 14.0, 10.0, 15.0, 11.0 ] },
										"up": { "texture": "#oak", "uv": [ 1.0, 2.5, 2.0, 7.5 ], "rotation": 90 },
										"down": { "texture": "#oak", "uv": [ 10.0, 5.0, 11.0, 10.0 ], "rotation": 90 }
									},
									"children": [
										{
											"name": "head",
											"from": [ 7.5, 0.0, 0.0 ],
											"to": [ 10.5, 1.2, 1.2 ],
											"rotationOrigin": [ 4.5, 0.5, 0.6 ],
											"faces": {
												"north": { "texture": "#metal", "uv": [ 0.0, 5.5, 3.0, 6.5 ] },
												"east": { "texture": "#metal", "uv": [ 0.5, 0.5, 1.5, 1.5 ] },
												"south": { "texture": "#metal", "uv": [ 0.0, 10.5, 3.0, 11.5 ] },
												"west": { "texture": "#metal", "uv": [ 14.0, 10.0, 15.0, 11.0 ] },
												"up": { "texture": "#metal", "uv": [ 0.0, 2.5, 3.0, 3.5 ] },
												"down": { "texture": "#metal", "uv": [ 0.0, 5.0, 3.0, 6.0 ] }
											},
											"children": [
												{
													"name": "rod",
													"from": [ -3.0, 0.3, 0.3 ],
													"to": [ 0.0, 0.9, 0.9 ],
													"rotationOrigin": [ -3.0, 0.5, 0.5 ],
													"faces": {
														"north": { "texture": "#metal", "uv": [ 12.0, 1.0, 15.0, 1.5 ] },
														"east": { "texture": "#metal", "uv": [ 11.0, 12.0, 11.5, 12.5 ] },
														"south": { "texture": "#metal", "uv": [ 8.0, 12.0, 11.0, 12.5 ] },
														"west": { "texture": "#metal", "uv": [ 10.0, 11.0, 10.5, 11.5 ] },
														"up": { "texture": "#metal", "uv": [ 7.0, 11.0, 10.0, 11.5 ] },
														"down": { "texture": "#metal", "uv": [ 4.0, 5.0, 7.0, 5.5 ] }
													}
												},
												{
													"name": "point",
													"from": [ 2.58, 0.18, 0.01 ],
													"to": [ 3.42, 1.02, 1.19 ],
													"rotationOrigin": [ 3.0, 0.6, 0.0 ],
													"rotationZ": 45.0,
													"faces": {
														"north": { "texture": "#metal", "uv": [ 12.0, 1.0, 12.5, 1.5 ] },
														"east": { "texture": "#metal", "uv": [ 11.0, 12.0, 12.0, 12.5 ] },
														"south": { "texture": "#metal", "uv": [ 8.0, 12.0, 8.5, 12.5 ] },
														"west": { "texture": "#metal", "uv": [ 10.0, 11.0, 11.0, 11.5 ] },
														"up": { "texture": "#metal", "uv": [ 6.0, 14.0, 6.5, 15.0 ] },
														"down": { "texture": "#metal", "uv": [ 4.0, 5.0, 4.5, 6.0 ] }
													}
												}
											]
										}
									]
								}
							]
						}
					]
				}
			]
		}
	]}