{
	"editor": {
		"allAngles": true,
		"entityTextureMode": false
	},
	"textureWidth": 16,
	"textureHeight": 16,
	"textureSizes": {
	},
	"textures": {
		"rope": "game:item/resource/rope"
	},
	"elements": [
		{
			"name": "ToolBinding2",
			"from": [ 1.5927, 3.8789, 1.235 ],
			"to": [ 2.5927, 6.8789, 4.235 ],
			"rotationOrigin": [ 2.5927, 3.8789, 2.735 ],
			"rotationX": 0.0523,
			"rotationY": 0.9986,
			"rotationZ": 90.0,
			"faces": {
				"north": { "texture": "#rope", "uv": [ 1.0, 0.5, 4.0, 1.5 ], "rotation": 90 },
				"east": { "texture": "#rope", "uv": [ 0.0, 2.0, 3.0, 5.0 ] },
				"south": { "texture": "#rope", "uv": [ 0.0, 2.5, 3.0, 3.5 ], "rotation": 90 },
				"west": { "texture": "#rope", "uv": [ 2.0, 2.5, 5.0, 5.5 ] },
				"up": { "texture": "#rope", "uv": [ 4.5, 0.0, 7.5, 1.0 ], "rotation": 90 },
				"down": { "texture": "#rope", "uv": [ 2.5, 2.0, 5.5, 3.0 ], "rotation": 90 }
			},
			"children": [
				{
					"name": "ToolBinding",
					"from": [ 0.0, 3.0, 0.5 ],
					"to": [ 1.0, 5.0, 2.5 ],
					"rotationOrigin": [ 1.0, 3.0, 2.0 ],
					"rotationX": 0.0,
					"rotationY": 0.0,
					"rotationZ": 3.0,
					"faces": {
						"north": { "texture": "#rope", "uv": [ 1.0, 0.5, 3.0, 1.5 ], "rotation": 90 },
						"east": { "texture": "#rope", "uv": [ 0.0, 2.0, 2.0, 4.0 ] },
						"south": { "texture": "#rope", "uv": [ 0.0, 2.5, 2.0, 3.5 ], "rotation": 90 },
						"west": { "texture": "#rope", "uv": [ 2.0, 2.5, 4.0, 4.5 ] },
						"up": { "texture": "#rope", "uv": [ 4.5, 0.0, 6.5, 1.0 ], "rotation": 90 },
						"down": { "texture": "#rope", "uv": [ 2.5, 2.0, 4.5, 3.0 ], "rotation": 90 }
					},
					"children": [
						{
							"name": "origin",
							"from": [ -4.9542, 3.2157, -2.8568 ],
							"to": [ -4.9542, 3.2157, -2.8568 ],
							"rotationOrigin": [ -4.9542, 3.2157, -2.8568 ],
							"rotationX": 0.3978,
							"rotationY": -24.9634,
							"rotationZ": -176.691,
							"faces": {
								"north": { "texture": "#null", "uv": [ 0.0, 0.0, 0.5, 0.5 ], "enabled": false },
								"east": { "texture": "#null", "uv": [ 0.0, 0.0, 0.5, 0.5 ], "enabled": false },
								"south": { "texture": "#null", "uv": [ 0.0, 0.0, 0.5, 0.5 ], "enabled": false },
								"west": { "texture": "#null", "uv": [ 0.0, 0.0, 0.5, 0.5 ], "enabled": false },
								"up": { "texture": "#null", "uv": [ 0.0, 0.0, 0.5, 0.5 ], "enabled": false },
								"down": { "texture": "#null", "uv": [ 0.0, 0.0, 0.5, 0.5 ], "enabled": false }
							},
							"children": [
								{
									"name": "HandleB",
									"from": [ -3.5, 2.0, 2.5 ],
									"to": [ 4.5, 3.0, 3.5 ],
									"rotationOrigin": [ -3.5, 3.0, 3.5 ],
									"faces": {
										"north": { "texture": "#plainoak", "uv": [ 3.0, 7.5, 11.0, 8.5 ] },
										"east": { "texture": "#plainoak", "uv": [ 12.5, 13.5, 13.5, 14.5 ] },
										"south": { "texture": "#plainoak", "uv": [ 0.5, 9.0, 8.5, 10.0 ] },
										"west": { "texture": "#plainoak", "uv": [ 4.0, 2.0, 5.0, 3.0 ] },
										"up": { "texture": "#plainoak", "uv": [ 4.5, 5.5, 12.5, 6.5 ] },
										"down": { "texture": "#plainoak", "uv": [ 7.0, 10.0, 15.0, 11.0 ] }
									},
									"children": [
										{
											"name": "HandleBfore",
											"from": [ 0.0, 0.0, 1.0 ],
											"to": [ 9.0, 1.0, 2.0 ],
											"rotationOrigin": [ 0.0, 1.0, 1.0 ],
											"rotationX": -177.0,
											"rotationY": 30.0,
											"rotationZ": -180.0,
											"faces": {
												"north": { "texture": "#plainoak", "uv": [ 3.0, 9.0, 12.0, 10.0 ] },
												"east": { "texture": "#plainoak", "uv": [ 14.5, 7.0, 15.5, 8.0 ] },
												"south": { "texture": "#plainoak", "uv": [ 4.5, 12.5, 13.5, 13.5 ] },
												"west": { "texture": "#plainoak", "uv": [ 13.5, 11.0, 14.5, 12.0 ] },
												"up": { "texture": "#plainoak", "uv": [ 6.0, 9.0, 15.0, 10.0 ] },
												"down": { "texture": "#plainoak", "uv": [ 4.5, 4.0, 13.5, 5.0 ] }
											},
											"children": [
												{
													"name": "RopeLeft",
													"from": [ 5.0, -0.2, -0.2 ],
													"to": [ 8.0, 1.2, 1.2 ],
													"rotationOrigin": [ 6.7, -0.2, 0.5 ],
													"faces": {
														"north": { "texture": "#ropedcloth", "uv": [ 12.0, 13.5, 15.0, 14.5 ] },
														"east": { "texture": "#ropedcloth", "uv": [ 9.5, 6.0, 10.5, 7.0 ] },
														"south": { "texture": "#ropedcloth", "uv": [ 1.5, 1.5, 4.5, 2.5 ] },
														"west": { "texture": "#ropedcloth", "uv": [ 7.5, 2.5, 8.5, 3.5 ] },
														"up": { "texture": "#ropedcloth", "uv": [ 0.5, 3.0, 3.5, 4.0 ] },
														"down": { "texture": "#ropedcloth", "uv": [ 12.0, 4.0, 15.0, 5.0 ] }
													}
												},
												{
													"name": "TwigB",
													"from": [ 1.0, 0.2, 0.0 ],
													"to": [ 2.0, 0.8, 0.6 ],
													"rotationOrigin": [ 1.0, 0.2, 0.0 ],
													"rotationY": 61.0,
													"faces": {
														"north": { "texture": "#plainoak", "uv": [ 0.0, 0.0, 1.0, 0.5 ] },
														"east": { "texture": "#plainoak", "uv": [ 0.0, 0.0, 0.5, 0.5 ] },
														"south": { "texture": "#plainoak", "uv": [ 0.0, 0.0, 1.0, 0.5 ] },
														"west": { "texture": "#plainoak", "uv": [ 0.0, 0.0, 0.5, 0.5 ] },
														"up": { "texture": "#plainoak", "uv": [ 0.0, 0.0, 1.0, 0.5 ] },
														"down": { "texture": "#plainoak", "uv": [ 0.0, 0.0, 1.0, 0.5 ] }
													}
												}
											]
										},
										{
											"name": "HandleBBack",
											"from": [ 8.0, 0.0, 0.0 ],
											"to": [ 16.0, 1.0, 1.0 ],
											"rotationOrigin": [ 8.0, 0.5, 1.0 ],
											"rotationX": -3.0,
											"rotationY": 6.0,
											"faces": {
												"north": { "texture": "#plainoak", "uv": [ 7.5, 4.0, 15.5, 5.0 ] },
												"east": { "texture": "#plainoak", "uv": [ 2.5, 12.0, 3.5, 13.0 ] },
												"south": { "texture": "#plainoak", "uv": [ 3.0, 8.5, 11.0, 9.5 ] },
												"west": { "texture": "#plainoak", "uv": [ 6.5, 11.0, 7.5, 12.0 ] },
												"up": { "texture": "#plainoak", "uv": [ 1.5, 3.0, 9.5, 4.0 ] },
												"down": { "texture": "#plainoak", "uv": [ 2.5, 14.5, 10.5, 15.5 ] }
											},
											"children": [
												{
													"name": "TwigC",
													"from": [ 1.0, 1.0, 0.2 ],
													"to": [ 3.0, 1.6, 0.8 ],
													"rotationOrigin": [ 1.0, 1.0, 0.2 ],
													"rotationX": 8.0,
													"rotationZ": 127.0,
													"faces": {
														"north": { "texture": "#plainoak", "uv": [ 8.5, 11.5, 10.5, 12.0 ] },
														"east": { "texture": "#plainoak", "uv": [ 9.0, 1.0, 9.5, 1.5 ] },
														"south": { "texture": "#plainoak", "uv": [ 1.5, 5.0, 3.5, 5.5 ] },
														"west": { "texture": "#plainoak", "uv": [ 1.0, 14.0, 1.5, 14.5 ] },
														"up": { "texture": "#plainoak", "uv": [ 11.0, 5.0, 13.0, 5.5 ] },
														"down": { "texture": "#plainoak", "uv": [ 2.0, 13.0, 4.0, 13.5 ] }
													}
												}
											]
										}
									],
									"attachmentpoints": [
										{
											"code": "Center",
											"posX": "4.0","posY": "0.0","posZ": "-2.5",
											"rotationX": "0.0","rotationY": "0.0","rotationZ": "0.0"
										}
									]
								},
								{
									"name": "HandleA",
									"from": [ -3.0, 3.0, -3.5 ],
									"to": [ 5.0, 4.0, -2.5 ],
									"rotationOrigin": [ -3.0, 3.0, -3.5 ],
									"faces": {
										"north": { "texture": "#plainoak", "uv": [ 5.0, 12.0, 13.0, 13.0 ] },
										"east": { "texture": "#plainoak", "uv": [ 13.5, 10.5, 14.5, 11.5 ] },
										"south": { "texture": "#plainoak", "uv": [ 2.0, 13.0, 10.0, 14.0 ] },
										"west": { "texture": "#plainoak", "uv": [ 5.0, 9.5, 6.0, 10.5 ] },
										"up": { "texture": "#plainoak", "uv": [ 4.5, 10.0, 12.5, 11.0 ] },
										"down": { "texture": "#plainoak", "uv": [ 4.5, 7.5, 12.5, 8.5 ] }
									},
									"children": [
										{
											"name": "diagonalA",
											"from": [ 0.0, 0.0, -1.0 ],
											"to": [ 9.9, 1.0, 0.0 ],
											"rotationOrigin": [ 0.0, 1.0, 0.0 ],
											"rotationX": -1.0,
											"rotationY": -157.5,
											"faces": {
												"north": { "texture": "#plainoak", "uv": [ 4.0, 5.5, 13.5, 6.5 ] },
												"east": { "texture": "#plainoak", "uv": [ 6.0, 2.0, 7.0, 3.0 ] },
												"south": { "texture": "#plainoak", "uv": [ 2.5, 14.0, 12.0, 15.0 ] },
												"west": { "texture": "#plainoak", "uv": [ 11.0, 12.0, 12.0, 13.0 ] },
												"up": { "texture": "#plainoak", "uv": [ 4.0, 12.5, 13.5, 13.5 ] },
												"down": { "texture": "#plainoak", "uv": [ 4.5, 5.5, 14.0, 6.5 ] }
											},
											"children": [
												{
													"name": "RopeRight",
													"from": [ 5.5, -0.2, -0.2 ],
													"to": [ 8.5, 1.2, 1.2 ],
													"rotationOrigin": [ 7.0, -0.2, 0.5 ],
													"faces": {
														"north": { "texture": "#ropedcloth", "uv": [ 10.5, 0.0, 13.5, 1.0 ] },
														"east": { "texture": "#ropedcloth", "uv": [ 13.5, 14.0, 14.5, 15.0 ] },
														"south": { "texture": "#ropedcloth", "uv": [ 4.0, 14.5, 7.0, 15.5 ] },
														"west": { "texture": "#ropedcloth", "uv": [ 13.0, 5.5, 14.0, 6.5 ] },
														"up": { "texture": "#ropedcloth", "uv": [ 6.5, 7.5, 9.5, 8.5 ] },
														"down": { "texture": "#ropedcloth", "uv": [ 8.5, 4.5, 11.5, 5.5 ] }
													}
												}
											]
										},
										{
											"name": "TwigA",
											"from": [ 2.1, 0.0, 0.0 ],
											"to": [ 5.0, 1.0, 1.0 ],
											"rotationOrigin": [ 2.1, 0.5, 0.5 ],
											"rotationX": -5.0,
											"rotationY": 135.0,
											"rotationZ": -5.0,
											"faces": {
												"north": { "texture": "#plainoak", "uv": [ 12.5, 11.0, 15.0, 12.0 ] },
												"east": { "texture": "#plainoak", "uv": [ 2.0, 9.5, 3.0, 10.5 ] },
												"south": { "texture": "#plainoak", "uv": [ 1.0, 13.0, 3.5, 14.0 ] },
												"west": { "texture": "#plainoak", "uv": [ 11.0, 5.5, 12.0, 6.5 ] },
												"up": { "texture": "#plainoak", "uv": [ 11.0, 5.5, 13.5, 6.5 ] },
												"down": { "texture": "#plainoak", "uv": [ 0.5, 6.5, 3.0, 7.5 ] }
											}
										},
										{
											"name": "HandleABack",
											"from": [ 8.0, 0.0, 0.0 ],
											"to": [ 16.0, 1.0, 1.0 ],
											"rotationOrigin": [ 8.0, 1.0, 0.0 ],
											"rotationY": -8.0,
											"rotationZ": -3.0,
											"faces": {
												"north": { "texture": "#plainoak", "uv": [ 3.0, 8.0, 11.0, 9.0 ] },
												"east": { "texture": "#plainoak", "uv": [ 13.0, 6.0, 14.0, 7.0 ] },
												"south": { "texture": "#plainoak", "uv": [ 0.5, 0.5, 8.5, 1.5 ] },
												"west": { "texture": "#plainoak", "uv": [ 3.0, 6.0, 4.0, 7.0 ] },
												"up": { "texture": "#plainoak", "uv": [ 7.5, 3.0, 15.5, 4.0 ] },
												"down": { "texture": "#plainoak", "uv": [ 8.0, 8.0, 16.0, 9.0 ] }
											}
										}
									]
								}
							]
						}
					]
				}
			]
		}
	]}