{
	"editor": {
		"backDropShape": "entity/land/hooved/deer/elk/female",
		"allAngles": false,
		"entityTextureMode": false
	},
	"textureWidth": 16,
	"textureHeight": 16,
	"textureSizes": {
	},
	"textures": {		"plain": "game:block/leather/plain",
		"handle": "game:item/tool/sword-blackguard"
	},
	"elements": [
		{
			"name": "Cube3",
			"from": [ 2.0, 3.6509, 1.67 ],
			"to": [ 3.0, 3.9509, 4.27 ],
			"rotationOrigin": [ 2.0, 3.6509, 1.6743 ],
			"rotationZ": -90.0,
			"faces": {
				"north": { "texture": "#plain", "uv": [ 0.0, 3.5, 1.0, 4.0 ] },
				"east": { "texture": "#plain", "uv": [ 1.0, 3.5, 3.5, 4.0 ] },
				"south": { "texture": "#plain", "uv": [ 4.5, 3.5, 5.5, 4.0 ] },
				"west": { "texture": "#plain", "uv": [ 5.5, 3.5, 8.0, 4.0 ] },
				"up": { "texture": "#plain", "uv": [ 0.0, 0.0, 1.0, 2.5 ] },
				"down": { "texture": "#plain", "uv": [ 1.0, 0.0, 2.0, 2.5 ] }
			},
			"children": [
				{
					"name": "Cube4",
					"from": [ 0.0, -0.3, 2.6 ],
					"to": [ 1.0, 0.0, 4.6 ],
					"rotationOrigin": [ 0.0, 0.0, 2.6 ],
					"rotationX": 90.0,
					"faces": {
						"north": { "texture": "#plain", "uv": [ 0.0, 2.0, 1.0, 2.5 ] },
						"east": { "texture": "#plain", "uv": [ 1.0, 2.0, 3.0, 2.5 ] },
						"south": { "texture": "#plain", "uv": [ 3.0, 2.0, 4.0, 2.5 ] },
						"west": { "texture": "#plain", "uv": [ 4.0, 2.0, 6.0, 2.5 ] },
						"up": { "texture": "#plain", "uv": [ 0.0, 0.0, 1.0, 2.0 ] },
						"down": { "texture": "#plain", "uv": [ 1.0, 0.0, 2.0, 2.0 ] }
					},
					"children": [
						{
							"name": "Cube5",
							"from": [ 0.0, -2.3, 0.0 ],
							"to": [ 1.0, -2.0, 2.0 ],
							"rotationOrigin": [ 0.0, -2.0, 0.0 ],
							"faces": {
								"north": { "texture": "#plain", "uv": [ 0.0, 2.0, 1.0, 2.5 ] },
								"east": { "texture": "#plain", "uv": [ 1.0, 2.0, 3.0, 2.5 ] },
								"south": { "texture": "#plain", "uv": [ 3.0, 2.0, 4.0, 2.5 ] },
								"west": { "texture": "#plain", "uv": [ 4.0, 2.0, 6.0, 2.5 ] },
								"up": { "texture": "#plain", "uv": [ 0.0, 0.0, 1.0, 2.0 ] },
								"down": { "texture": "#plain", "uv": [ 1.0, 0.0, 2.0, 2.0 ] }
							}
						},
						{
							"name": "Cube6",
							"from": [ 0.0, -2.6, 2.0 ],
							"to": [ 1.0, -2.3, 4.6 ],
							"rotationOrigin": [ 0.0, -2.3, 2.0 ],
							"rotationX": -90.0,
							"faces": {
								"north": { "texture": "#plain", "uv": [ 0.0, 2.5, 1.0, 3.0 ] },
								"east": { "texture": "#plain", "uv": [ 1.0, 2.5, 3.5, 3.0 ] },
								"south": { "texture": "#plain", "uv": [ 3.5, 2.5, 4.5, 3.0 ] },
								"west": { "texture": "#plain", "uv": [ 4.5, 2.5, 7.0, 3.0 ] },
								"up": { "texture": "#plain", "uv": [ 0.0, 0.0, 1.0, 2.5 ] },
								"down": { "texture": "#plain", "uv": [ 1.0, 0.0, 2.0, 2.5 ] }
							}
						}
					]
				},
				{
					"name": "origin",
					"from": [ 1.65, -3.05, 0.83 ],
					"to": [ 1.65, -3.05, 0.83 ],
					"rotationOrigin": [ 1.6509, -3.55, 1.08 ],
					"rotationX": 0.0,
					"rotationY": -3.0,
					"rotationZ": 0.0,
					"faces": {
						"north": { "texture": "#null", "uv": [ 0.0, 0.0, 0.5, 0.5 ], "enabled": false },
						"east": { "texture": "#null", "uv": [ 0.0, 0.0, 0.5, 0.5 ], "enabled": false },
						"south": { "texture": "#null", "uv": [ 0.0, 0.0, 0.5, 0.5 ], "enabled": false },
						"west": { "texture": "#null", "uv": [ 0.0, 0.0, 0.5, 0.5 ], "enabled": false },
						"up": { "texture": "#null", "uv": [ 0.0, 0.0, 0.5, 0.5 ], "enabled": false },
						"down": { "texture": "#null", "uv": [ 0.0, 0.0, 0.5, 0.5 ], "enabled": false }
					},
					"children": [
						{
							"name": "handle",
							"from": [ -6.0, -0.375, -0.375 ],
							"to": [ -3.75, 0.75, 0.825 ],
							"rotationOrigin": [ -7.125, -6.0, 0.0 ],
							"faces": {
								"north": { "texture": "#handle", "uv": [ 0.0, 5.0, 2.25, 6.125 ] },
								"east": { "texture": "#null", "uv": [ 0.0, 0.0, 1.0, 1.0 ], "enabled": false },
								"south": { "texture": "#handle", "uv": [ 0.0, 2.0, 2.25, 3.125 ] },
								"west": { "texture": "#null", "uv": [ 0.0, 0.0, 1.0, 1.0 ], "enabled": false },
								"up": { "texture": "#handle", "uv": [ 0.0, 6.5, 2.25, 7.625 ] },
								"down": { "texture": "#handle", "uv": [ 0.0, 3.5, 2.25, 4.625 ] }
							},
							"children": [
								{
									"name": "hilt",
									"from": [ 2.25, -0.15, -0.15 ],
									"to": [ 3.0, 1.35, 1.35 ],
									"rotationOrigin": [ 2.25, -0.15, -0.15 ],
									"faces": {
										"north": { "texture": "#handle", "uv": [ 7.0, 4.0, 7.75, 5.5 ] },
										"east": { "texture": "#handle", "uv": [ 5.0, 4.0, 6.5, 5.5 ] },
										"south": { "texture": "#handle", "uv": [ 9.0, 4.0, 9.75, 5.5 ] },
										"west": { "texture": "#handle", "uv": [ 3.0, 4.0, 4.5, 5.5 ] },
										"up": { "texture": "#handle", "uv": [ 8.0, 4.0, 8.75, 5.5 ] },
										"down": { "texture": "#handle", "uv": [ 10.0, 4.0, 10.75, 5.5 ] }
									}
								},
								{
									"name": "pommel",
									"from": [ -0.75, -0.15, -0.15 ],
									"to": [ 0.0, 1.35, 1.35 ],
									"rotationOrigin": [ -0.75, -0.15, -0.15 ],
									"faces": {
										"north": { "texture": "#handle", "uv": [ 7.0, 6.0, 7.75, 7.5 ] },
										"east": { "texture": "#handle", "uv": [ 5.0, 6.0, 6.5, 7.5 ] },
										"south": { "texture": "#handle", "uv": [ 9.0, 6.0, 9.75, 7.5 ] },
										"west": { "texture": "#handle", "uv": [ 3.0, 6.0, 4.5, 7.5 ] },
										"up": { "texture": "#handle", "uv": [ 8.0, 6.0, 8.75, 7.5 ] },
										"down": { "texture": "#handle", "uv": [ 10.0, 6.0, 10.75, 7.5 ] }
									}
								}
							]
						},
						{
							"name": "blade1",
							"from": [ -3.0, -0.25, -0.75 ],
							"to": [ 7.5, 0.75, 1.25 ],
							"rotationOrigin": [ -2.25, -0.25, 0.4 ],
							"faces": {
								"north": { "texture": "#plain", "uv": [ 5.0, 6.0, 15.5, 7.0 ] },
								"east": { "texture": "#plain", "uv": [ 2.5, 11.0, 4.5, 12.0 ] },
								"south": { "texture": "#plain", "uv": [ 1.0, 1.5, 11.5, 2.5 ] },
								"west": { "texture": "#plain", "uv": [ 0.0, 0.0, 2.0, 1.0 ] },
								"up": { "texture": "#plain", "uv": [ 5.0, 0.5, 15.5, 2.5 ] },
								"down": { "texture": "#plain", "uv": [ 3.0, 6.0, 13.5, 8.0 ] }
							},
							"children": [
								{
									"name": "Cube2",
									"from": [ 10.5, -0.01, 0.0 ],
									"to": [ 11.9, 0.99, 1.4 ],
									"rotationOrigin": [ 10.5, 0.0, 0.0 ],
									"rotationY": -45.0,
									"faces": {
										"north": { "texture": "#plain", "uv": [ 5.5, 4.5, 6.5, 5.5 ] },
										"east": { "texture": "#plain", "uv": [ 6.5, 4.5, 7.5, 5.5 ] },
										"south": { "texture": "#plain", "uv": [ 7.5, 4.5, 8.5, 5.5 ] },
										"west": { "texture": "#plain", "uv": [ 8.5, 4.5, 9.5, 5.5 ] },
										"up": { "texture": "#plain", "uv": [ 5.5, 0.5, 7.0, 2.0 ], "autoUv": false },
										"down": { "texture": "#plain", "uv": [ 5.5, 3.5, 6.5, 4.5 ] }
									}
								}
							]
						}
					]
				}
			]
		}
	]}