{
	"editor": {
		"allAngles": false,
		"entityTextureMode": false
	},
	"textureWidth": 16,
	"textureHeight": 16,
	"textureSizes": {
	},
	"textures": {
		"rope": "game:item/resource/rope",
	},
	"elements": [
		{
			"name": "ToolBinding2",
			"from": [ 1.6008, 3.8563, 1.2262 ],
			"to": [ 2.6008, 6.8563, 4.2262 ],
			"rotationOrigin": [ 2.6008, 3.8563, 2.7262 ],
			"rotationX": 0.0523,
			"rotationY": 0.9986,
			"rotationZ": 89.9995,
			"faces": {
				"north": { "texture": "#rope", "uv": [ 1.0, 0.5, 4.0, 1.5 ], "rotation": 90 },
				"east": { "texture": "#rope", "uv": [ 0.0, 2.0, 3.0, 5.0 ] },
				"south": { "texture": "#rope", "uv": [ 0.0, 2.5, 3.0, 3.5 ], "rotation": 90 },
				"west": { "texture": "#rope", "uv": [ 2.0, 2.5, 5.0, 5.5 ] },
				"up": { "texture": "#rope", "uv": [ 4.5, 0.0, 7.5, 1.0 ], "rotation": 90 },
				"down": { "texture": "#rope", "uv": [ 2.5, 2.0, 5.5, 3.0 ], "rotation": 90 }
			},
			"children": [
				{
					"name": "ToolBinding",
					"from": [ 0.0, 1.5, 0.0 ],
					"to": [ 1.0, 3.0, 3.0 ],
					"rotationOrigin": [ 1.0, 3.0, 1.5 ],
					"rotationX": 180.0,
					"rotationZ": -3.0,
					"faces": {
						"north": { "texture": "#rope", "uv": [ 1.0, 0.5, 2.5, 1.5 ], "rotation": 90 },
						"east": { "texture": "#rope", "uv": [ 0.0, 2.0, 3.0, 3.5 ] },
						"south": { "texture": "#rope", "uv": [ 0.0, 2.5, 1.5, 3.5 ], "rotation": 90 },
						"west": { "texture": "#rope", "uv": [ 2.0, 2.5, 5.0, 4.0 ] },
						"up": { "texture": "#rope", "uv": [ 4.5, 0.0, 7.5, 1.0 ], "rotation": 90 },
						"down": { "texture": "#rope", "uv": [ 2.5, 2.0, 5.5, 3.0 ], "rotation": 90 }
					},
					"children": [
						{
							"name": "Cube1",
							"from": [ -5.7987, 0.2826, 0.4949 ],
							"to": [ 2.2013, 1.2826, 2.4949 ],
							"rotationOrigin": [ -2.7987, 0.2826, 0.4949 ],
							"rotationX": -1.0,
							"rotationY": 0.0,
							"rotationZ": 3.0001,
							"faces": {
								"north": { "texture": "#metal", "uv": [ 0.0, 0.0, 8.0, 1.0 ] },
								"east": { "texture": "#metal", "uv": [ 0.0, 0.0, 2.0, 1.0 ] },
								"south": { "texture": "#metal", "uv": [ 0.0, 0.0, 8.0, 1.0 ] },
								"west": { "texture": "#metal", "uv": [ 0.0, 0.0, 2.0, 1.0 ] },
								"up": { "texture": "#metal", "uv": [ 0.0, 0.0, 8.0, 2.0 ] },
								"down": { "texture": "#metal", "uv": [ 0.0, 0.0, 8.0, 2.0 ] }
							},
							"children": [
								{
									"name": "Cube2",
									"from": [ 7.0, -0.1, 0.0 ],
									"to": [ 9.0, 1.1, 1.0 ],
									"rotationOrigin": [ 7.0, -0.1, 0.0 ],
									"rotationY": 45.0,
									"faces": {
										"north": { "texture": "#metal", "uv": [ 0.0, 0.0, 2.0, 1.0 ] },
										"east": { "texture": "#metal", "uv": [ 0.0, 0.0, 1.0, 1.0 ] },
										"south": { "texture": "#metal", "uv": [ 0.0, 0.0, 2.0, 1.0 ] },
										"west": { "texture": "#metal", "uv": [ 0.0, 0.0, 1.0, 1.0 ] },
										"up": { "texture": "#metal", "uv": [ 0.0, 0.0, 2.0, 1.0 ] },
										"down": { "texture": "#metal", "uv": [ 0.0, 0.0, 2.0, 1.0 ] }
									},
									"children": [
										{
											"name": "Cube3",
											"from": [ 2.0, 0.1, 0.0 ],
											"to": [ 4.0, 1.1, 1.0 ],
											"rotationOrigin": [ 2.0, 0.1, 0.0 ],
											"rotationY": -45.0,
											"faces": {
												"north": { "texture": "#metal", "uv": [ 0.0, 0.0, 2.0, 1.0 ] },
												"east": { "texture": "#metal", "uv": [ 0.0, 0.0, 1.0, 1.0 ] },
												"south": { "texture": "#metal", "uv": [ 0.0, 0.0, 2.0, 1.0 ] },
												"west": { "texture": "#metal", "uv": [ 0.0, 0.0, 1.0, 1.0 ] },
												"up": { "texture": "#metal", "uv": [ 0.0, 0.0, 2.0, 1.0 ] },
												"down": { "texture": "#metal", "uv": [ 0.0, 0.0, 2.0, 1.0 ] }
											}
										}
									]
								},
								{
									"name": "Cube4",
									"from": [ 7.0, -0.1, 1.0 ],
									"to": [ 9.0, 1.1, 2.0 ],
									"rotationOrigin": [ 7.0, -0.1, 2.0 ],
									"rotationY": -45.0,
									"faces": {
										"north": { "texture": "#metal", "uv": [ 0.0, 0.0, 2.0, 1.0 ] },
										"east": { "texture": "#metal", "uv": [ 0.0, 0.0, 1.0, 1.0 ] },
										"south": { "texture": "#metal", "uv": [ 0.0, 0.0, 2.0, 1.0 ] },
										"west": { "texture": "#metal", "uv": [ 0.0, 0.0, 1.0, 1.0 ] },
										"up": { "texture": "#metal", "uv": [ 0.0, 0.0, 2.0, 1.0 ] },
										"down": { "texture": "#metal", "uv": [ 0.0, 0.0, 2.0, 1.0 ] }
									},
									"children": [
										{
											"name": "Cube5",
											"from": [ 2.0, 0.1, 0.0 ],
											"to": [ 4.0, 1.1, 1.0 ],
											"rotationOrigin": [ 2.0, 0.1, 1.0 ],
											"rotationY": 45.0,
											"faces": {
												"north": { "texture": "#metal", "uv": [ 0.0, 0.0, 2.0, 1.0 ] },
												"east": { "texture": "#metal", "uv": [ 0.0, 0.0, 1.0, 1.0 ] },
												"south": { "texture": "#metal", "uv": [ 0.0, 0.0, 2.0, 1.0 ] },
												"west": { "texture": "#metal", "uv": [ 0.0, 0.0, 1.0, 1.0 ] },
												"up": { "texture": "#metal", "uv": [ 0.0, 0.0, 2.0, 1.0 ] },
												"down": { "texture": "#metal", "uv": [ 0.0, 0.0, 2.0, 1.0 ] }
											}
										}
									]
								}
							]
						}
					]
				}
			]
		}
	]}