{
	"editor": {
		"collapsedPaths": "Root/BellQuarter1,Root/MainAxle/CrownCenter,Root/RimCenter/1Rim1/1Rim10/1Rim11/1Rim12/1Rim13/1Rim14,Root/BellQuarter3,Root/bellnails,Root/BellQuarter2,Root/stator,Root/RimCenter/CrownSocket/CrownH7A,Root/RimCenter/CrownSocket/CrownL2A2,Root/Q1Center,Root/RimCenter/CrownSocket/CrownL4A2,Root/BellQuarter3/CrownSocket3,Root/Q1Center3,Root/BellQuarter1/1Rim4A,Root/BellQuarter4,Root/Q1Center2,Root/RimCenter/1Rim3.0,Root/Q1Center4,Root/BellQuarter1/CrownSocket,Root/RimCenter/CrownSocket/10RimSAVE2,Root/OriginMetalNails/bellnail7,Root/BellQuarter1/1Rim3to4,Root/stator/rope,Root/RimCenter/1Rim1to2,Root/OriginMetalNails/bellnail3,Root/EmptyCenter,Root/OriginMetalNails/bellnail4,Root/OriginMetalNails/bellnail1,Root/OriginMetalNails/bellnail2,Root/bellnails2,Root/RimCenter/CrownSocket/CrownL8A,Root/BellQuarter1/CrownSocket/CrownH1A,Root/MainAxle/RotorRope1,Root/BellQuarter1/1Rim1B,Root/BellQuarter1/1Rim2,Root/RimCenter/1Rim2to3,Root/BellQuarter1/1Rim3,Root/RimCenter3,Root/RimCenter2,Root/stator/woodnailBig1,Root/RimCenter4,Root/RimCenter/1Rim1A/1Rim2/1Rim3,Root/RimCenter/CrownSocket/CrownH5A,Root/nails,Root/BellQuarter4/CrownSocket4,Root/RimCenter/1Rim2.0,Root/BellQuarter2/CrownSocket2,Root/CrownCenter,Root/BellQuarter1/1Rim1to2,Root/OriginRotor/bellAxle1,Root/RimCenter/1Rim3to4,Root/RimCenter/CrownSocket/CrownH9A,Root/RimCenter/CrownSocket/10Rim4,Root/RimCenter/1Rim1/1Rim18,Root/rotor/bell,Root/RimCenter/1Rim1A,Root/RimCenter/1Rim2/2Rim2/3Rim2/4Rim2/5Rim2/6Rim2/7Rim2,Root/originPowerchain,Root/1Rim1,Root/Frame,Root/originMetal,Root/OriginRotor/bell/bell3/WedgeMetal1,Root/OriginRotor/bell/bell3/CrownCenter,Root/MainAxle/Roundarch",
		"allAngles": false,
		"entityTextureMode": false
	},
	"textureWidth": 16,
	"textureHeight": 16,
	"textureSizes": {
	},
	"textures": {
		"hole": "C:/Users/Wanja/Pictures/vintage story textures/hole"
	},
	"elements": [
		{
			"name": "Cube2",
			"from": [ 3.0, 0.0, 3.0 ],
			"to": [ 12.0, 2.0, 12.0 ],
			"rotationOrigin": [ 3.0, 0.0, 3.0 ],
			"faces": {
				"north": { "texture": "#clay", "uv": [ 0.0, 0.0, 9.0, 2.0 ] },
				"east": { "texture": "#clay", "uv": [ 0.0, 0.0, 9.0, 2.0 ] },
				"south": { "texture": "#clay", "uv": [ 0.0, 0.0, 9.0, 2.0 ] },
				"west": { "texture": "#clay", "uv": [ 0.0, 0.0, 9.0, 2.0 ] },
				"up": { "texture": "#clay", "uv": [ 0.0, 0.0, 9.0, 9.0 ] },
				"down": { "texture": "#clay", "uv": [ 0.0, 0.0, 9.0, 9.0 ] }
			},
			"children": [
				{
					"name": "Cube9",
					"from": [ 4.0, 6.1, 4.0 ],
					"to": [ 5.0, 7.1, 5.0 ],
					"rotationOrigin": [ 4.0, 6.0, 4.0 ],
					"faces": {
						"up": { "texture": "#hole", "uv": [ 0.0, 0.0, 1.0, 1.0 ], "windMode": [-1,-1,-1,-1] }
					}
				}
			]
		},
		{
			"name": "Cube3",
			"from": [ 4.0, 2.0, 4.0 ],
			"to": [ 11.0, 6.0, 11.0 ],
			"rotationOrigin": [ 4.0, 2.0, 4.0 ],
			"faces": {
				"north": { "texture": "#clay", "uv": [ 0.0, 0.0, 7.0, 4.0 ] },
				"east": { "texture": "#clay", "uv": [ 0.0, 0.0, 7.0, 4.0 ] },
				"south": { "texture": "#clay", "uv": [ 0.0, 0.0, 7.0, 4.0 ] },
				"west": { "texture": "#clay", "uv": [ 0.0, 0.0, 7.0, 4.0 ] },
				"up": { "texture": "#clay", "uv": [ 0.0, 0.0, 7.0, 7.0 ] }
			}
		},
		{
			"name": "Cube4",
			"from": [ 5.0, 6.0, 5.0 ],
			"to": [ 10.0, 7.0, 10.0 ],
			"rotationOrigin": [ 5.0, 6.0, 5.0 ],
			"faces": {
				"north": { "texture": "#clay", "uv": [ 0.0, 0.0, 5.0, 1.0 ] },
				"east": { "texture": "#clay", "uv": [ 0.0, 0.0, 5.0, 1.0 ] },
				"south": { "texture": "#clay", "uv": [ 0.0, 0.0, 5.0, 1.0 ] },
				"west": { "texture": "#clay", "uv": [ 0.0, 0.0, 5.0, 1.0 ] },
				"up": { "texture": "#clay", "uv": [ 0.0, 0.0, 5.0, 5.0 ] }
			}
		},
		{
			"name": "Cube5",
			"from": [ 6.0, 7.0, 6.0 ],
			"to": [ 8.0, 8.0, 7.0 ],
			"rotationOrigin": [ 6.0, 7.0, 6.0 ],
			"faces": {
				"north": { "texture": "#clay", "uv": [ 0.0, 0.0, 2.0, 1.0 ] },
				"south": { "texture": "#clay", "uv": [ 0.0, 0.0, 2.0, 1.0 ] },
				"west": { "texture": "#clay", "uv": [ 0.0, 0.0, 1.0, 1.0 ] },
				"up": { "texture": "#clay", "uv": [ 0.0, 0.0, 2.0, 1.0 ] }
			}
		},
		{
			"name": "Cube6",
			"from": [ 7.0, 7.0, 8.0 ],
			"to": [ 9.0, 8.0, 9.0 ],
			"rotationOrigin": [ 7.0, 7.0, 8.0 ],
			"faces": {
				"north": { "texture": "#clay", "uv": [ 0.0, 0.0, 2.0, 1.0 ] },
				"east": { "texture": "#clay", "uv": [ 0.0, 0.0, 1.0, 1.0 ] },
				"south": { "texture": "#clay", "uv": [ 0.0, 0.0, 2.0, 1.0 ] },
				"up": { "texture": "#clay", "uv": [ 0.0, 0.0, 2.0, 1.0 ] }
			}
		},
		{
			"name": "Cube7",
			"from": [ 6.0, 7.0, 7.0 ],
			"to": [ 7.0, 8.0, 9.0 ],
			"rotationOrigin": [ 6.0, 7.0, 7.0 ],
			"faces": {
				"east": { "texture": "#clay", "uv": [ 0.0, 0.0, 2.0, 1.0 ] },
				"south": { "texture": "#clay", "uv": [ 0.0, 0.0, 1.0, 1.0 ] },
				"west": { "texture": "#clay", "uv": [ 0.0, 0.0, 2.0, 1.0 ] },
				"up": { "texture": "#clay", "uv": [ 0.0, 0.0, 1.0, 2.0 ] }
			}
		},
		{
			"name": "Cube8",
			"from": [ 8.0, 7.0, 6.0 ],
			"to": [ 9.0, 8.0, 8.0 ],
			"rotationOrigin": [ 8.0, 7.0, 6.0 ],
			"faces": {
				"north": { "texture": "#clay", "uv": [ 0.0, 0.0, 1.0, 1.0 ] },
				"east": { "texture": "#clay", "uv": [ 0.0, 0.0, 2.0, 1.0 ] },
				"west": { "texture": "#clay", "uv": [ 0.0, 0.0, 2.0, 1.0 ] },
				"up": { "texture": "#clay", "uv": [ 0.0, 0.0, 1.0, 2.0 ] }
			}
		}
	]}