{
	"editor": {
		"collapsedPaths": "Root/center/Cube0,Root/center",
		"allAngles": false,
		"entityTextureMode": false
	},
	"textureWidth": 16,
	"textureHeight": 16,
	"textureSizes": {
	},
	
	"elements": [
		{
			"name": "center",
			"from": [ 9.0, 2.0, 9.0 ],
			"to": [ 9.0, 2.0, 9.0 ],
			"rotationOrigin": [ 8.0, 0.0, 8.0 ],
			"faces": {
			},
			"children": [
				{
					"name": "Cube1",
					"from": [ -8.0, 0.0, -5.0 ],
					"to": [ -5.0, 5.0, -1.0 ],
					"rotationOrigin": [ -8.0, 0.0, -5.0 ],
					"faces": {
						"north": { "texture": "#clay", "uv": [ 7.0, 0.5, 10.0, 5.5 ] },
						"west": { "texture": "#clay", "uv": [ 6.0, 0.5, 10.0, 5.5 ] },
						"up": { "texture": "#clay", "uv": [ 4.0, 0.0, 7.0, 4.0 ] }
					},
					"children": [
						{
							"name": "Cube1.1",
							"from": [ 1.0, 5.0, 0.0 ],
							"to": [ 3.0, 10.0, 4.0 ],
							"rotationOrigin": [ 1.0, 5.0, 0.0 ],
							"faces": {
								"north": { "texture": "#clay", "uv": [ 6.5, 0.5, 8.5, 5.5 ] },
								"west": { "texture": "#clay", "uv": [ 10.0, 3.0, 14.0, 8.0 ] },
								"up": { "texture": "#clay", "uv": [ 8.0, 7.0, 10.0, 11.0 ] }
							}
						},
						{
							"name": "Cube1.2",
							"from": [ 2.0, 10.0, 0.0 ],
							"to": [ 3.0, 12.0, 4.0 ],
							"rotationOrigin": [ 2.0, 10.0, 0.0 ],
							"faces": {
								"north": { "texture": "#clay", "uv": [ 5.5, 9.5, 6.5, 11.5 ] },
								"west": { "texture": "#clay", "uv": [ 1.0, 3.5, 5.0, 5.5 ] },
								"up": { "texture": "#clay", "uv": [ 8.0, 10.5, 9.0, 14.5 ] }
							}
						}
					]
				},
				{
					"name": "Cube2",
					"from": [ -5.0, 0.0, -8.0 ],
					"to": [ -1.0, 5.0, -5.0 ],
					"rotationOrigin": [ -5.0, 0.0, -8.0 ],
					"faces": {
						"north": { "texture": "#clay", "uv": [ 8.5, 6.0, 12.5, 11.0 ] },
						"west": { "texture": "#clay", "uv": [ 9.5, 7.0, 12.5, 12.0 ], "windMode": [-1,-1,-1,-1] },
						"up": { "texture": "#clay", "uv": [ 11.5, 6.5, 15.5, 9.5 ] }
					},
					"children": [
						{
							"name": "Cube2.1",
							"from": [ 0.0, 5.0, 1.0 ],
							"to": [ 4.0, 10.0, 3.0 ],
							"rotationOrigin": [ 0.0, 5.0, 1.0 ],
							"faces": {
								"north": { "texture": "#clay", "uv": [ 5.0, 6.0, 9.0, 11.0 ] },
								"west": { "texture": "#clay", "uv": [ 4.5, 9.0, 6.5, 14.0 ] },
								"up": { "texture": "#clay", "uv": [ 6.0, 6.0, 10.0, 8.0 ] }
							}
						},
						{
							"name": "Cube2.2",
							"from": [ 0.0, 10.0, 2.0 ],
							"to": [ 4.0, 12.0, 3.0 ],
							"rotationOrigin": [ 0.0, 10.0, 2.0 ],
							"faces": {
								"north": { "texture": "#clay", "uv": [ 9.5, 7.5, 13.5, 9.5 ] },
								"west": { "texture": "#clay", "uv": [ 3.0, 12.5, 4.0, 14.5 ] },
								"up": { "texture": "#clay", "uv": [ 0.5, 10.0, 4.5, 11.0 ] }
							}
						}
					]
				},
				{
					"name": "Cube3",
					"from": [ -7.0, 0.0, -7.0 ],
					"to": [ -5.0, 4.0, -5.0 ],
					"rotationOrigin": [ -7.0, 0.0, -7.0 ],
					"faces": {
						"north": { "texture": "#clay", "uv": [ 13.0, 9.5, 15.0, 13.5 ] },
						"west": { "texture": "#clay", "uv": [ 4.5, 4.0, 6.5, 8.0 ] },
						"up": { "texture": "#clay", "uv": [ 2.5, 1.5, 4.5, 3.5 ] }
					},
					"children": [
						{
							"name": "Cube3.1",
							"from": [ 1.0, 4.0, 1.0 ],
							"to": [ 2.0, 10.0, 2.0 ],
							"rotationOrigin": [ 1.0, 4.0, 1.0 ],
							"faces": {
								"north": { "texture": "#clay", "uv": [ 8.0, 5.0, 9.0, 11.0 ] },
								"west": { "texture": "#clay", "uv": [ 5.5, 7.5, 6.5, 13.5 ] },
								"up": { "texture": "#clay", "uv": [ 10.0, 7.0, 11.0, 8.0 ] }
							}
						}
					]
				}
			]
		},
		{
			"name": "Cube0",
			"from": [ 0.0, 0.0, 0.0 ],
			"to": [ 16.0, 2.0, 16.0 ],
			"rotationOrigin": [ 4.0, 0.0, 8.0 ],
			"faces": {
				"north": { "texture": "#clay", "uv": [ 0.0, 5.0, 16.0, 7.0 ] },
				"east": { "texture": "#clay", "uv": [ 0.0, 8.0, 16.0, 10.0 ] },
				"south": { "texture": "#clay", "uv": [ 0.0, 12.5, 16.0, 14.5 ] },
				"west": { "texture": "#clay", "uv": [ 0.0, 8.0, 16.0, 10.0 ] },
				"up": { "texture": "#clay", "uv": [ 0.0, 0.0, 16.0, 16.0 ] },
				"down": { "texture": "#clay", "uv": [ 0.0, 0.0, 16.0, 16.0 ] }
			},
			"children": [
				{
					"name": "Cube0.1",
					"from": [ 4.0, 14.0, 4.0 ],
					"to": [ 12.0, 15.0, 12.0 ],
					"rotationOrigin": [ 8.0, 14.0, 12.0 ],
					"faces": {
						"north": { "texture": "#clay", "uv": [ 4.5, 10.5, 12.5, 11.5 ] },
						"east": { "texture": "#clay", "uv": [ 6.0, 1.5, 14.0, 2.5 ] },
						"south": { "texture": "#clay", "uv": [ 5.5, 3.5, 13.5, 4.5 ] },
						"west": { "texture": "#clay", "uv": [ 0.0, 3.0, 8.0, 4.0 ] },
						"up": { "texture": "#clay", "uv": [ 1.5, 7.0, 9.5, 15.0 ] }
					}
				},
				{
					"name": "Cube0.2",
					"from": [ 5.0, 15.0, 5.0 ],
					"to": [ 11.0, 15.5, 11.0 ],
					"rotationOrigin": [ 9.0, 15.0, 13.0 ],
					"faces": {
						"north": { "texture": "#clay", "uv": [ 4.0, 11.5, 10.0, 12.0 ] },
						"east": { "texture": "#clay", "uv": [ 0.0, 5.5, 6.0, 6.0 ] },
						"south": { "texture": "#clay", "uv": [ 2.5, 4.0, 8.5, 4.5 ] },
						"west": { "texture": "#clay", "uv": [ 5.5, 3.0, 11.5, 3.5 ] },
						"up": { "texture": "#clay", "uv": [ 2.5, 1.0, 8.5, 7.0 ] }
					}
				},
				{
					"name": "Cube0.3",
					"from": [ 6.0, 15.5, 6.0 ],
					"to": [ 10.0, 16.5, 7.0 ],
					"rotationOrigin": [ 10.0, 15.5, 14.0 ],
					"faces": {
						"north": { "texture": "#clay", "uv": [ 3.0, 8.0, 7.0, 9.0 ] },
						"east": { "texture": "#clay", "uv": [ 11.0, 7.0, 12.0, 8.0 ] },
						"south": { "texture": "#clay", "uv": [ 9.0, 4.0, 13.0, 5.0 ] },
						"west": { "texture": "#clay", "uv": [ 2.0, 14.5, 3.0, 15.5 ] },
						"up": { "texture": "#clay", "uv": [ 5.5, 5.0, 9.5, 6.0 ] }
					}
				},
				{
					"name": "Cube0.4",
					"from": [ 6.0, 15.5, 9.0 ],
					"to": [ 10.0, 16.5, 10.0 ],
					"rotationOrigin": [ 10.0, 15.5, 17.0 ],
					"faces": {
						"north": { "texture": "#clay", "uv": [ 6.0, 6.0, 10.0, 7.0 ] },
						"east": { "texture": "#clay", "uv": [ 13.0, 11.5, 14.0, 12.5 ] },
						"south": { "texture": "#clay", "uv": [ 2.0, 9.5, 6.0, 10.5 ] },
						"west": { "texture": "#clay", "uv": [ 4.5, 12.5, 5.5, 13.5 ] },
						"up": { "texture": "#clay", "uv": [ 8.0, 3.0, 12.0, 4.0 ] }
					}
				},
				{
					"name": "Cube0.5",
					"from": [ 6.0, 15.5, 7.0 ],
					"to": [ 7.0, 16.5, 9.0 ],
					"rotationOrigin": [ 10.0, 15.5, 15.0 ],
					"faces": {
						"north": { "texture": "#clay", "uv": [ 6.0, 1.5, 7.0, 2.5 ] },
						"east": { "texture": "#clay", "uv": [ 0.5, 4.5, 2.5, 5.5 ] },
						"south": { "texture": "#clay", "uv": [ 13.0, 5.0, 14.0, 6.0 ] },
						"west": { "texture": "#clay", "uv": [ 9.0, 9.0, 11.0, 10.0 ] },
						"up": { "texture": "#clay", "uv": [ 10.0, 1.0, 11.0, 3.0 ] }
					}
				},
				{
					"name": "Cube0.6",
					"from": [ 9.0, 15.5, 7.0 ],
					"to": [ 10.0, 16.5, 9.0 ],
					"rotationOrigin": [ 13.0, 15.5, 15.0 ],
					"faces": {
						"north": { "texture": "#clay", "uv": [ 1.0, 4.0, 2.0, 5.0 ] },
						"east": { "texture": "#clay", "uv": [ 3.5, 2.0, 5.5, 3.0 ] },
						"south": { "texture": "#clay", "uv": [ 4.0, 14.5, 5.0, 15.5 ] },
						"west": { "texture": "#clay", "uv": [ 8.0, 8.5, 10.0, 9.5 ] },
						"up": { "texture": "#clay", "uv": [ 10.5, 3.0, 11.5, 5.0 ] }
					}
				},
				{
					"name": "Cube0.7",
					"from": [ 7.0, 14.6, 7.0 ],
					"to": [ 9.0, 15.6, 9.0 ],
					"rotationOrigin": [ 11.0, 14.6, 15.0 ],
					"faces": {
						"up": { "texture": "#hole", "uv": [ 10.5, 3.0, 12.5, 5.0 ] }
					}
				}
			]
		},
		{
			"name": "center2",
			"from": [ 9.0, 2.0, 9.0 ],
			"to": [ 9.0, 2.0, 9.0 ],
			"rotationOrigin": [ 8.0, 0.0, 8.0 ],
			"rotationY": 90.0,
			"faces": {
			},
			"children": [
				{
					"name": "Cube4",
					"from": [ -8.0, 0.0, -5.0 ],
					"to": [ -5.0, 5.0, -1.0 ],
					"rotationOrigin": [ -8.0, 0.0, -5.0 ],
					"faces": {
						"north": { "texture": "#clay", "uv": [ 0.0, 4.0, 3.0, 9.0 ] },
						"west": { "texture": "#clay", "uv": [ 8.0, 0.0, 12.0, 5.0 ] },
						"up": { "texture": "#clay", "uv": [ 9.0, 3.5, 12.0, 7.5 ] }
					},
					"children": [
						{
							"name": "Cube1.3",
							"from": [ 1.0, 5.0, 0.0 ],
							"to": [ 3.0, 10.0, 4.0 ],
							"rotationOrigin": [ 1.0, 5.0, 0.0 ],
							"faces": {
								"north": { "texture": "#clay", "uv": [ 11.5, 5.5, 13.5, 10.5 ] },
								"west": { "texture": "#clay", "uv": [ 6.0, 1.5, 10.0, 6.5 ] },
								"up": { "texture": "#clay", "uv": [ 8.0, 6.5, 10.0, 10.5 ] }
							}
						},
						{
							"name": "Cube1.4",
							"from": [ 2.0, 10.0, 0.0 ],
							"to": [ 3.0, 12.0, 4.0 ],
							"rotationOrigin": [ 2.0, 10.0, 0.0 ],
							"faces": {
								"north": { "texture": "#clay", "uv": [ 11.0, 11.0, 12.0, 13.0 ] },
								"west": { "texture": "#clay", "uv": [ 1.5, 8.0, 5.5, 10.0 ] },
								"up": { "texture": "#clay", "uv": [ 12.5, 5.5, 13.5, 9.5 ] }
							}
						}
					]
				},
				{
					"name": "Cube5",
					"from": [ -5.0, 0.0, -8.0 ],
					"to": [ -1.0, 5.0, -5.0 ],
					"rotationOrigin": [ -5.0, 0.0, -8.0 ],
					"faces": {
						"north": { "texture": "#clay", "uv": [ 1.5, 2.5, 5.5, 7.5 ] },
						"west": { "texture": "#clay", "uv": [ 1.5, 4.0, 4.5, 9.0 ] },
						"up": { "texture": "#clay", "uv": [ 9.0, 5.0, 13.0, 8.0 ] }
					},
					"children": [
						{
							"name": "Cube2.3",
							"from": [ 0.0, 5.0, 1.0 ],
							"to": [ 4.0, 10.0, 3.0 ],
							"rotationOrigin": [ 0.0, 5.0, 1.0 ],
							"faces": {
								"north": { "texture": "#clay", "uv": [ 11.5, 10.5, 15.5, 15.5 ] },
								"west": { "texture": "#clay", "uv": [ 9.0, 9.5, 11.0, 14.5 ] },
								"up": { "texture": "#clay", "uv": [ 6.5, 1.5, 10.5, 3.5 ] }
							}
						},
						{
							"name": "Cube2.4",
							"from": [ 0.0, 10.0, 2.0 ],
							"to": [ 4.0, 12.0, 3.0 ],
							"rotationOrigin": [ 0.0, 10.0, 2.0 ],
							"faces": {
								"north": { "texture": "#clay", "uv": [ 1.0, 0.0, 5.0, 2.0 ] },
								"west": { "texture": "#clay", "uv": [ 6.0, 12.5, 7.0, 14.5 ] },
								"up": { "texture": "#clay", "uv": [ 6.5, 0.0, 10.5, 1.0 ] }
							}
						}
					]
				},
				{
					"name": "Cube6",
					"from": [ -7.0, 0.0, -7.0 ],
					"to": [ -5.0, 4.0, -5.0 ],
					"rotationOrigin": [ -7.0, 0.0, -7.0 ],
					"faces": {
						"north": { "texture": "#clay", "uv": [ 1.0, 1.5, 3.0, 5.5 ] },
						"west": { "texture": "#clay", "uv": [ 10.5, 3.5, 12.5, 7.5 ] },
						"up": { "texture": "#clay", "uv": [ 9.5, 7.0, 11.5, 9.0 ] }
					},
					"children": [
						{
							"name": "Cube3.2",
							"from": [ 1.0, 4.0, 1.0 ],
							"to": [ 2.0, 10.0, 2.0 ],
							"rotationOrigin": [ 1.0, 4.0, 1.0 ],
							"faces": {
								"north": { "texture": "#clay", "uv": [ 3.0, 3.0, 4.0, 9.0 ] },
								"west": { "texture": "#clay", "uv": [ 13.0, 0.0, 14.0, 6.0 ] },
								"up": { "texture": "#clay", "uv": [ 8.0, 7.5, 9.0, 8.5 ] }
							}
						}
					]
				}
			]
		},
		{
			"name": "center3",
			"from": [ 9.0, 2.0, 9.0 ],
			"to": [ 9.0, 2.0, 9.0 ],
			"rotationOrigin": [ 8.0, 0.0, 8.0 ],
			"rotationY": 180.0,
			"faces": {
			},
			"children": [
				{
					"name": "Cube7",
					"from": [ -8.0, 0.0, -5.0 ],
					"to": [ -5.0, 5.0, -1.0 ],
					"rotationOrigin": [ -8.0, 0.0, -5.0 ],
					"faces": {
						"north": { "texture": "#clay", "uv": [ 7.0, 5.5, 10.0, 10.5 ] },
						"west": { "texture": "#clay", "uv": [ 3.5, 0.0, 7.5, 5.0 ] },
						"up": { "texture": "#clay", "uv": [ 6.0, 11.5, 9.0, 15.5 ] }
					},
					"children": [
						{
							"name": "Cube1.5",
							"from": [ 1.0, 5.0, 0.0 ],
							"to": [ 3.0, 10.0, 4.0 ],
							"rotationOrigin": [ 1.0, 5.0, 0.0 ],
							"faces": {
								"north": { "texture": "#clay", "uv": [ 10.0, 1.5, 12.0, 6.5 ] },
								"west": { "texture": "#clay", "uv": [ 6.5, 3.0, 10.5, 8.0 ] },
								"up": { "texture": "#clay", "uv": [ 10.5, 0.5, 12.5, 4.5 ] }
							}
						},
						{
							"name": "Cube1.6",
							"from": [ 2.0, 10.0, 0.0 ],
							"to": [ 3.0, 12.0, 4.0 ],
							"rotationOrigin": [ 2.0, 10.0, 0.0 ],
							"faces": {
								"north": { "texture": "#clay", "uv": [ 11.0, 1.0, 12.0, 3.0 ] },
								"west": { "texture": "#clay", "uv": [ 5.5, 10.5, 9.5, 12.5 ] },
								"up": { "texture": "#clay", "uv": [ 6.0, 1.5, 7.0, 5.5 ] }
							}
						}
					]
				},
				{
					"name": "Cube8",
					"from": [ -5.0, 0.0, -8.0 ],
					"to": [ -1.0, 5.0, -5.0 ],
					"rotationOrigin": [ -5.0, 0.0, -8.0 ],
					"faces": {
						"north": { "texture": "#clay", "uv": [ 1.0, 5.5, 5.0, 10.5 ] },
						"west": { "texture": "#clay", "uv": [ 12.5, 7.0, 15.5, 12.0 ] },
						"up": { "texture": "#clay", "uv": [ 3.5, 5.0, 7.5, 8.0 ] }
					},
					"children": [
						{
							"name": "Cube2.5",
							"from": [ 0.0, 5.0, 1.0 ],
							"to": [ 4.0, 10.0, 3.0 ],
							"rotationOrigin": [ 0.0, 5.0, 1.0 ],
							"faces": {
								"north": { "texture": "#clay", "uv": [ 8.0, 2.0, 12.0, 7.0 ] },
								"west": { "texture": "#clay", "uv": [ 9.0, 9.0, 11.0, 14.0 ] },
								"up": { "texture": "#clay", "uv": [ 11.5, 6.0, 15.5, 8.0 ] }
							}
						},
						{
							"name": "Cube2.6",
							"from": [ 0.0, 10.0, 2.0 ],
							"to": [ 4.0, 12.0, 3.0 ],
							"rotationOrigin": [ 0.0, 10.0, 2.0 ],
							"faces": {
								"north": { "texture": "#clay", "uv": [ 9.0, 9.0, 13.0, 11.0 ] },
								"west": { "texture": "#clay", "uv": [ 8.5, 4.0, 9.5, 6.0 ] },
								"up": { "texture": "#clay", "uv": [ 0.5, 0.0, 4.5, 1.0 ] }
							}
						}
					]
				},
				{
					"name": "Cube9",
					"from": [ -7.0, 0.0, -7.0 ],
					"to": [ -5.0, 4.0, -5.0 ],
					"rotationOrigin": [ -7.0, 0.0, -7.0 ],
					"faces": {
						"north": { "texture": "#clay", "uv": [ 11.5, 10.0, 13.5, 14.0 ] },
						"west": { "texture": "#clay", "uv": [ 13.0, 8.5, 15.0, 12.5 ] },
						"up": { "texture": "#clay", "uv": [ 0.5, 9.0, 2.5, 11.0 ] }
					},
					"children": [
						{
							"name": "Cube3.3",
							"from": [ 1.0, 4.0, 1.0 ],
							"to": [ 2.0, 10.0, 2.0 ],
							"rotationOrigin": [ 1.0, 4.0, 1.0 ],
							"faces": {
								"north": { "texture": "#clay", "uv": [ 14.0, 1.5, 15.0, 7.5 ] },
								"west": { "texture": "#clay", "uv": [ 13.5, 5.5, 14.5, 11.5 ] },
								"up": { "texture": "#clay", "uv": [ 2.5, 10.5, 3.5, 11.5 ] }
							}
						}
					]
				}
			]
		},
		{
			"name": "center4",
			"from": [ 9.0, 2.0, 9.0 ],
			"to": [ 9.0, 2.0, 9.0 ],
			"rotationOrigin": [ 8.0, 0.0, 8.0 ],
			"rotationY": -90.0,
			"faces": {
			},
			"children": [
				{
					"name": "Cube10",
					"from": [ -8.0, 0.0, -5.0 ],
					"to": [ -5.0, 5.0, -1.0 ],
					"rotationOrigin": [ -8.0, 0.0, -5.0 ],
					"faces": {
						"north": { "texture": "#clay", "uv": [ 8.0, 3.0, 11.0, 8.0 ] },
						"west": { "texture": "#clay", "uv": [ 0.5, 4.5, 4.5, 9.5 ] },
						"up": { "texture": "#clay", "uv": [ 2.5, 11.0, 5.5, 15.0 ] }
					},
					"children": [
						{
							"name": "Cube1.7",
							"from": [ 1.0, 5.0, 0.0 ],
							"to": [ 3.0, 10.0, 4.0 ],
							"rotationOrigin": [ 1.0, 5.0, 0.0 ],
							"faces": {
								"north": { "texture": "#clay", "uv": [ 11.0, 5.0, 13.0, 10.0 ] },
								"west": { "texture": "#clay", "uv": [ 1.5, 0.0, 5.5, 5.0 ] },
								"up": { "texture": "#clay", "uv": [ 11.0, 10.5, 13.0, 14.5 ] }
							}
						},
						{
							"name": "Cube1.8",
							"from": [ 2.0, 10.0, 0.0 ],
							"to": [ 3.0, 12.0, 4.0 ],
							"rotationOrigin": [ 2.0, 10.0, 0.0 ],
							"faces": {
								"north": { "texture": "#clay", "uv": [ 11.0, 10.0, 12.0, 12.0 ] },
								"west": { "texture": "#clay", "uv": [ 10.5, 11.0, 14.5, 13.0 ] },
								"up": { "texture": "#clay", "uv": [ 4.0, 3.5, 5.0, 7.5 ] }
							}
						}
					]
				},
				{
					"name": "Cube11",
					"from": [ -5.0, 0.0, -8.0 ],
					"to": [ -1.0, 5.0, -5.0 ],
					"rotationOrigin": [ -5.0, 0.0, -8.0 ],
					"faces": {
						"north": { "texture": "#clay", "uv": [ 9.5, 7.5, 13.5, 12.5 ] },
						"west": { "texture": "#clay", "uv": [ 3.5, 9.5, 6.5, 14.5 ] },
						"up": { "texture": "#clay", "uv": [ 0.5, 11.5, 4.5, 14.5 ] }
					},
					"children": [
						{
							"name": "Cube2.7",
							"from": [ 0.0, 5.0, 1.0 ],
							"to": [ 4.0, 10.0, 3.0 ],
							"rotationOrigin": [ 0.0, 5.0, 1.0 ],
							"faces": {
								"north": { "texture": "#clay", "uv": [ 5.5, 3.0, 9.5, 8.0 ] },
								"west": { "texture": "#clay", "uv": [ 10.5, 6.0, 12.5, 11.0 ] },
								"up": { "texture": "#clay", "uv": [ 10.0, 0.5, 14.0, 2.5 ] }
							}
						},
						{
							"name": "Cube2.8",
							"from": [ 0.0, 10.0, 2.0 ],
							"to": [ 4.0, 12.0, 3.0 ],
							"rotationOrigin": [ 0.0, 10.0, 2.0 ],
							"faces": {
								"north": { "texture": "#clay", "uv": [ 0.5, 6.0, 4.5, 8.0 ] },
								"west": { "texture": "#clay", "uv": [ 0.5, 9.0, 1.5, 11.0 ] },
								"up": { "texture": "#clay", "uv": [ 10.0, 12.5, 14.0, 13.5 ] }
							}
						}
					]
				},
				{
					"name": "Cube12",
					"from": [ -7.0, 0.0, -7.0 ],
					"to": [ -5.0, 4.0, -5.0 ],
					"rotationOrigin": [ -7.0, 0.0, -7.0 ],
					"faces": {
						"north": { "texture": "#clay", "uv": [ 2.5, 7.5, 4.5, 11.5 ] },
						"west": { "texture": "#clay", "uv": [ 0.0, 9.5, 2.0, 13.5 ] },
						"up": { "texture": "#clay", "uv": [ 5.0, 2.5, 7.0, 4.5 ] }
					},
					"children": [
						{
							"name": "Cube3.4",
							"from": [ 1.0, 4.0, 1.0 ],
							"to": [ 2.0, 10.0, 2.0 ],
							"rotationOrigin": [ 1.0, 4.0, 1.0 ],
							"faces": {
								"north": { "texture": "#clay", "uv": [ 1.0, 7.0, 2.0, 13.0 ] },
								"west": { "texture": "#clay", "uv": [ 12.5, 6.5, 13.5, 12.5 ] },
								"up": { "texture": "#clay", "uv": [ 10.0, 14.5, 11.0, 15.5 ] }
							}
						}
					]
				}
			]
		}
	]}