{
    "code": "chesspiece",
    "class": "Item",
    "maxStackSize": 8,

    "variantgroups": [
        {
            "code": "colour",
            "states": [ "white", "black" ]
        },

        {
            "code": "rank",
            "states": [ "rook", "bishop", "knight", "pawn", "king", "queen" ]
        }

    ],

    "allowedVariants": [
        "chesspiece-white-rook",
        "chesspiece-white-bishop",
        "chesspiece-white-knight",
        "chesspiece-white-pawn",
        "chesspiece-white-king",
        "chesspiece-white-queen",
        "chesspiece-black-rook",
        "chesspiece-black-bishop",
        "chesspiece-black-knight",
        "chesspiece-black-pawn",
        "chesspiece-black-king",
        "chesspiece-black-queen"


    ],


    "shapeByType": {
        "chesspiece-white-rook": { "base": "figurines:item/chess/chess-piece-rook" },
        "chesspiece-white-bishop": { "base": "figurines:item/chess/chess-piece-bishop" },
        "chesspiece-white-knight": { "base": "figurines:item/chess/chess-piece-knight" },
        "chesspiece-white-pawn": { "base": "figurines:item/chess/chess-piece-pawn" },
        "chesspiece-white-king": { "base": "figurines:item/chess/chess-piece-king" },
        "chesspiece-white-queen": { "base": "figurines:item/chess/chess-piece-queen" },
        "chesspiece-black-rook": { "base": "figurines:item/chess/chess-piece-rook" },
        "chesspiece-black-bishop": { "base": "figurines:item/chess/chess-piece-bishop" },
        "chesspiece-black-knight": { "base": "figurines:item/chess/chess-piece-knight" },
        "chesspiece-black-pawn": { "base": "figurines:item/chess/chess-piece-pawn" },
        "chesspiece-black-king": { "base": "figurines:item/chess/chess-piece-king" },
        "chesspiece-black-queen": { "base": "figurines:item/chess/chess-piece-queen" }


    },

    "textures": {
        "colour": { "base": "figurines:item/chess/{colour}" }

    },

    "creativeinventoryByType": {
        "*": {
            "general": [ "*" ],
            "figurines": [ "*" ]
        }
    },

    "guiTransformByType": {
        "*": {
            "translation": {
                "x": 0,
                "y": 0,
                "z": 0
            },
            "rotation": {
                "x": -18,
                "y": -52,
                "z": 180
            },
            "origin": {
                "x": 0.5,
                "y": 0.1,
                "z": 0.5
            },
            "scale": 6
        }
    },

    "tpHandTransformByType": {
        "*": {
            "translation": {
                "x": -1.0,
                "y": -0.5,
                "z": -0.48
            },
            "rotation": {
                "x": 0,
                "y": -180,
                "z": 90
            },
            "scale": 1.05
        }
    },

    "groundTransformByType": {
        "*": {
            "translation": {
                "x": -0,
                "y": -0,
                "z": 0
            },
            "rotation": {
                "x": 90,
                "y": 4,
                "z": -3
            },
            "origin": {
                "x": 0.5,
                "y": 0.1,
                "z": 0.55
            },
            "scale": 6
        }
    },

    "attributes": {
        "groundstorable": true,
        "displaycaseable": true,
        "shelvable": true,
        "moldrackable": true,
        "groundStorageTransformByType": {
            "*": {
                "translation": {
                    "x": 0,
                    "y": 0,
                    "z": 0
                },
                "rotation": {
                    "x": 90,
                    "y": 90,
                    "z": -90
                },
                "origin": {
                    "x": 0.5,
                    "y": 0.0,
                    "z": 0.5
                },
                "scale": 1.2
            }
        },
        "onDisplayTransformByType": {
            "*": {
                "translation": {
                    "x": 0,
                    "y": 0,
                    "z": 0
                },
                "rotation": {
                    "x": 90,
                    "y": 90,
                    "z": -90
                },
                "origin": {
                    "x": 0.5,
                    "y": 0.0,
                    "z": 0.5
                },
                "scale": 1.4
            }
        },
        "onshelfTransformByType": {
            "*": {
                "translation": {
                    "x": 0,
                    "y": 0,
                    "z": 0
                },
                "rotation": {
                    "x": 90,
                    "y": 90,
                    "z": -90
                },
                "origin": {
                    "x": 0.5,
                    "y": 0.0,
                    "z": 0.5
                },
                "scale": 1.2
            }
        },
    "onmoldrackTransformByType": {
        "*": {
            "translation": {
                "x": 0.44,
                "y": 0.07,
                "z": 0.25
            },
            "rotation": {
                "x": 0,
                "y": 90,
                "z": 0
            },
            "origin": {
                "x": 0.5,
                "y": 0.0,
                "z": 0.5
            },
            "scale": 1.2
        }
       }
    },

    "behaviors": [
        {
            "name": "GroundStorable",
            "properties": {
                "layout": "quadrants",
                "rotation": true,
                "wallOffYByType": { "*": 1 },
                "ctrlKey": true,
                "selectionBox": {
                    "x1": 0,
                    "y1": 0,
                    "z1": 0,
                    "x2": 1,
                    "y2": 0.1,
                    "z2": 1
                },
                "collisionBox": {
                    "x1": 0,
                    "y1": 0,
                    "z1": 0,
                    "x2": 0,
                    "y2": 0,
                    "z2": 0
                }
            }
        } 
    ]
}







   


