{
	"editor": {
		"backDropShape": "entity/humanoid/seraph-hairless",
		"collapsedPaths": "",
		"allAngles": true,
		"entityTextureMode": false
	},
	"textureWidth": 48,
	"textureHeight": 48,
	"textureSizes": {
		"hair": [48,48],
		"mesh10": [16,16],
		"mesh5": [16,16],
		"mesh2": [16,16],
		"bush-base": [16,16]
	},
	"textures": {
		"bush-base": "block/devastation/bush-base"
	},
	"elements": [
		{
			"name": "Hair",
			"stepParentName": "Head",
			"from": [ -0.2, -1.3, -0.25 ],
			"to": [ 5.8, 5.2, 5.25 ],
			"rotationOrigin": [ 3.0, 2.0, 2.5 ],
			"faces": {
				"north": { "texture": "#bush-base", "uv": [ 2.0, 0.0, 8.0, 6.5 ] },
				"east": { "texture": "#bush-base", "uv": [ 9.0, 3.0, 14.5, 9.5 ] },
				"south": { "texture": "#bush-base", "uv": [ 9.0, 0.0, 15.0, 6.5 ] },
				"up": { "texture": "#bush-base", "uv": [ 4.0, 5.5, 9.5, 11.5 ], "rotation": 90 }
			},
			"children": [
				{
					"name": "hair-uncovered",
					"from": [ 3.0, 6.0, 2.8 ],
					"to": [ 3.0, 6.0, 2.8 ],
					"rotationOrigin": [ 3.0, 6.0, 2.8 ],
					"faces": {
					},
					"children": [
						{
							"name": "E3",
							"from": [ 3.0, -4.0, -2.8 ],
							"to": [ 3.0, 0.0, 2.7 ],
							"rotationOrigin": [ 3.0, 0.0, 0.2 ],
							"rotationZ": 14.0,
							"faces": {
								"east": { "texture": "#bush-base", "uv": [ 8.0, 6.5, 13.5, 10.5 ] }
							}
						},
						{
							"name": "S1",
							"from": [ -3.0, -6.0, 2.6 ],
							"to": [ 3.0, -3.0, 2.6 ],
							"rotationOrigin": [ 0.0, -3.0, 2.6 ],
							"rotationX": -14.0,
							"faces": {
								"south": { "texture": "#bush-base", "uv": [ 9.0, 8.5, 15.0, 11.5 ], "windMode": [-1,-1,-1,-1], "windData": [1,1,1,1] }
							}
						},
						{
							"name": "S2",
							"from": [ -3.5, -5.5, 2.6 ],
							"to": [ 3.5, -1.5, 2.6 ],
							"rotationOrigin": [ 0.0, -1.5, 2.6 ],
							"rotationX": -14.0,
							"faces": {
								"south": { "texture": "#bush-base", "uv": [ 9.0, 11.0, 16.0, 15.0 ], "windMode": [-1,-1,-1,-1], "windData": [1,1,1,1] }
							}
						},
						{
							"name": "S3",
							"from": [ -3.0, -4.0, 2.7 ],
							"to": [ 3.0, 0.0, 2.7 ],
							"rotationOrigin": [ 0.0, 0.0, 2.7 ],
							"rotationX": -14.0,
							"faces": {
								"south": { "texture": "#bush-base", "uv": [ 2.0, 12.0, 8.0, 16.0 ], "windMode": [-1,-1,-1,-1], "windData": [1,1,1,1] }
							}
						},
						{
							"name": "N1",
							"from": [ -3.0, -6.0, -2.8 ],
							"to": [ 3.0, -3.0, -2.8 ],
							"rotationOrigin": [ 0.0, -3.0, -2.8 ],
							"rotationX": 14.0,
							"faces": {
								"south": { "texture": "#bush-base", "uv": [ 6.5, 0.0, 12.5, 3.0 ], "windMode": [-1,-1,-1,-1], "windData": [1,1,1,1] }
							}
						},
						{
							"name": "N2",
							"from": [ -3.4, -5.5, -2.8 ],
							"to": [ 3.6, -1.5, -2.8 ],
							"rotationOrigin": [ 0.0, -1.5, -2.8 ],
							"rotationX": 14.0,
							"faces": {
								"south": { "texture": "#bush-base", "uv": [ 9.0, 11.0, 16.0, 15.0 ], "windMode": [-1,-1,-1,-1], "windData": [1,1,1,1] }
							}
						},
						{
							"name": "N3",
							"from": [ -3.0, -4.0, -2.8 ],
							"to": [ 3.0, 0.0, -2.8 ],
							"rotationOrigin": [ 0.0, 0.0, -2.8 ],
							"rotationX": 14.0,
							"faces": {
								"south": { "texture": "#bush-base", "uv": [ 2.0, 12.0, 8.0, 16.0 ], "windMode": [-1,-1,-1,-1], "windData": [1,1,1,1] }
							}
						},
						{
							"name": "E1",
							"from": [ 3.0, -7.0, -2.8 ],
							"to": [ 3.0, -3.0, 2.7 ],
							"rotationOrigin": [ 3.0, -3.0, 0.2 ],
							"rotationZ": 14.0,
							"faces": {
								"east": { "texture": "#bush-base", "uv": [ 1.0, 12.0, 6.5, 16.0 ] }
							}
						},
						{
							"name": "E2",
							"from": [ 3.0, -5.0, -3.3 ],
							"to": [ 3.0, -1.0, 3.2 ],
							"rotationOrigin": [ 3.0, -1.0, 0.2 ],
							"rotationZ": 14.0,
							"faces": {
								"east": { "texture": "#bush-base", "uv": [ 9.5, 12.0, 16.0, 16.0 ] }
							}
						},
						{
							"name": "Up",
							"from": [ -3.0, 0.501, -2.8 ],
							"to": [ 3.0, 0.501, 2.7 ],
							"rotationOrigin": [ 0.0, 0.6, 0.0 ],
							"faces": {
								"up": { "texture": "#bush-base", "uv": [ 3.0, 3.5, 9.0, 9.0 ] }
							}
						},
						{
							"name": "S4",
							"from": [ -3.0, -1.5, 2.7 ],
							"to": [ 3.0, 0.5, 2.7 ],
							"rotationOrigin": [ 0.0, 0.5, 2.7 ],
							"rotationX": -14.0,
							"faces": {
								"south": { "texture": "#bush-base", "uv": [ 9.0, 1.5, 15.0, 3.5 ], "windMode": [-1,-1,-1,-1], "windData": [1,1,1,1] }
							}
						},
						{
							"name": "N4",
							"from": [ -3.0, -1.5, -2.8 ],
							"to": [ 3.0, 0.5, -2.8 ],
							"rotationOrigin": [ 0.0, 0.5, -2.8 ],
							"rotationX": 14.0,
							"faces": {
								"south": { "texture": "#bush-base", "uv": [ 2.0, 9.0, 8.0, 11.0 ], "windMode": [-1,-1,-1,-1], "windData": [1,1,1,1] }
							}
						},
						{
							"name": "W1",
							"from": [ -3.0, -2.5, -3.3 ],
							"to": [ -3.0, -1.0, 3.2 ],
							"rotationOrigin": [ -3.0, -1.0, 0.0 ],
							"rotationZ": -17.0,
							"faces": {
								"west": { "texture": "#bush-base", "uv": [ 9.5, 7.5, 16.0, 9.0 ] }
							}
						},
						{
							"name": "W2",
							"from": [ -3.0, -2.0, -3.3 ],
							"to": [ -3.0, -0.5, 3.2 ],
							"rotationOrigin": [ -3.0, -0.5, 0.0 ],
							"rotationZ": -17.0,
							"faces": {
								"west": { "texture": "#bush-base", "uv": [ 7.5, 4.5, 14.0, 6.0 ] }
							}
						},
						{
							"name": "W3",
							"from": [ -3.0, -1.5, -2.8 ],
							"to": [ -3.0, 0.5, 2.7 ],
							"rotationOrigin": [ -3.0, 0.5, 0.0 ],
							"rotationZ": -17.0,
							"faces": {
								"west": { "texture": "#bush-base", "uv": [ 3.5, 2.5, 9.0, 4.5 ] }
							}
						},
						{
							"name": "NW1",
							"from": [ -3.0, -4.5, -3.3 ],
							"to": [ -3.0, -1.0, -1.3 ],
							"rotationOrigin": [ -3.0, -1.0, -2.0 ],
							"rotationZ": -6.0,
							"faces": {
								"west": { "texture": "#bush-base", "uv": [ 10.5, 11.5, 12.5, 15.0 ] }
							}
						},
						{
							"name": "NW2",
							"from": [ -3.0, -3.0, -3.0 ],
							"to": [ -3.0, 0.5, -1.5 ],
							"rotationOrigin": [ -3.0, 0.5, -2.2 ],
							"rotationY": -3.0,
							"rotationZ": -8.0,
							"faces": {
								"west": { "texture": "#bush-base", "uv": [ 6.0, 1.5, 7.5, 5.0 ] }
							}
						},
						{
							"name": "SW1",
							"from": [ -3.0, -4.5, 1.3 ],
							"to": [ -3.0, -1.0, 3.3 ],
							"rotationOrigin": [ -3.0, -1.0, 2.6 ],
							"rotationZ": -6.0,
							"faces": {
								"west": { "texture": "#bush-base", "uv": [ 0.5, 8.5, 2.5, 12.0 ] }
							}
						},
						{
							"name": "SW2",
							"from": [ -3.0, -3.0, 1.4 ],
							"to": [ -3.0, 0.5, 2.9 ],
							"rotationOrigin": [ -3.0, 0.5, 2.6 ],
							"rotationY": 2.0,
							"rotationZ": -6.0,
							"faces": {
								"west": { "texture": "#bush-base", "uv": [ 0.0, 5.0, 1.5, 8.5 ] }
							}
						},
						{
							"name": "E4",
							"from": [ 3.0, -9.0, -2.8 ],
							"to": [ 3.0, -5.0, 2.7 ],
							"rotationOrigin": [ 3.0, -5.0, 0.2 ],
							"rotationZ": 8.0,
							"faces": {
								"east": { "texture": "#bush-base", "uv": [ 1.0, 12.0, 6.5, 16.0 ] }
							}
						}
					]
				},
				{
					"name": "hairW1",
					"from": [ 0.0, 5.0, 0.0 ],
					"to": [ 0.0, 6.5, 5.5 ],
					"rotationOrigin": [ 0.0, 6.5, 2.7 ],
					"faces": {
						"west": { "texture": "#bush-base", "uv": [ 3.0, 3.0, 8.5, 4.5 ] }
					},
					"children": [
						{
							"name": "hairNW",
							"from": [ 0.0, -4.0, 0.0 ],
							"to": [ 0.0, 0.0, 1.5 ],
							"faces": {
								"west": { "texture": "#bush-base", "uv": [ 12.5, 7.5, 14.0, 11.5 ], "windMode": [-1,-1,-1,-1], "windData": [1,1,1,1] }
							}
						},
						{
							"name": "hairSW",
							"from": [ 0.0, -4.0, 4.0 ],
							"to": [ 0.0, 0.0, 5.5 ],
							"rotationOrigin": [ 0.0, 0.0, 5.5 ],
							"faces": {
								"west": { "texture": "#bush-base", "uv": [ 14.0, 6.0, 15.5, 10.0 ], "windMode": [-1,-1,-1,-1], "windData": [1,1,1,1] }
							}
						}
					]
				}
			]
		}
	]}