{
	"editor": {
		"backDropShape": "entity/humanoid/seraph-hairless",
		"collapsedPaths": "",
		"allAngles": true,
		"entityTextureMode": false
	},
	"textureWidth": 48,
	"textureHeight": 48,
	"textureSizes": {
		"hair": [48,48],
		"mesh10": [16,16],
		"mesh5": [16,16],
		"mesh2": [16,16],
		"bush-base": [16,16],
		"copper": [16,16]
	},
	"textures": {
		"copper": "block/metal/tarnished/copper"
	},
	"elements": [
		{
			"name": "Hair",
			"stepParentName": "Head",
			"from": [ -0.2, -1.3, -0.25 ],
			"to": [ 5.8, 5.2, 5.25 ],
			"rotationOrigin": [ 3.0, 2.0, 2.5 ],
			"faces": {
			},
			"children": [
				{
					"name": "hair-uncovered",
					"from": [ 3.0, 6.0, 2.8 ],
					"to": [ 3.0, 6.0, 2.8 ],
					"rotationOrigin": [ 3.0, 6.0, 2.8 ],
					"faces": {
					},
					"children": [
						{
							"name": "spike1",
							"from": [ -0.2, -1.2, 2.3 ],
							"to": [ 0.2, -0.8, 4.3 ],
							"rotationOrigin": [ 0.0, -1.0, 2.3 ],
							"rotationX": -39.0,
							"rotationZ": -3.0,
							"faces": {
								"east": { "texture": "#copper", "uv": [ 11.5, 10.0, 13.5, 10.5 ] },
								"south": { "texture": "#copper", "uv": [ 10.5, 9.5, 11.0, 10.0 ] },
								"west": { "texture": "#copper", "uv": [ 5.0, 6.0, 7.0, 6.5 ] },
								"up": { "texture": "#copper", "uv": [ 11.0, 4.0, 11.5, 6.0 ] },
								"down": { "texture": "#copper", "uv": [ 5.0, 0.0, 5.5, 2.0 ] }
							}
						},
						{
							"name": "spike2",
							"from": [ -1.2, -2.8, 2.2 ],
							"to": [ -0.8, -2.4, 3.8 ],
							"rotationOrigin": [ -1.0, -2.6, 2.2 ],
							"rotationX": -28.0,
							"rotationY": -30.0,
							"rotationZ": -3.0,
							"faces": {
								"east": { "texture": "#copper", "uv": [ 10.5, 11.5, 12.0, 12.0 ] },
								"south": { "texture": "#copper", "uv": [ 7.5, 12.0, 8.0, 12.5 ] },
								"west": { "texture": "#copper", "uv": [ 2.0, 5.5, 3.5, 6.0 ] },
								"up": { "texture": "#copper", "uv": [ 8.0, 3.0, 8.5, 4.5 ] },
								"down": { "texture": "#copper", "uv": [ 9.0, 3.5, 9.5, 5.0 ] }
							}
						},
						{
							"name": "spike3",
							"from": [ -2.3, -1.6, 2.2 ],
							"to": [ -1.9, -1.2, 4.0 ],
							"rotationOrigin": [ -2.1, -1.4, 2.2 ],
							"rotationX": -36.0,
							"rotationY": -11.0,
							"rotationZ": -3.0,
							"faces": {
								"east": { "texture": "#copper", "uv": [ 5.0, 4.5, 6.5, 5.0 ] },
								"south": { "texture": "#copper", "uv": [ 14.0, 2.0, 14.5, 2.5 ] },
								"west": { "texture": "#copper", "uv": [ 0.0, 12.5, 1.5, 13.0 ] },
								"up": { "texture": "#copper", "uv": [ 4.5, 3.0, 5.0, 4.5 ] },
								"down": { "texture": "#copper", "uv": [ 14.5, 12.5, 15.0, 14.0 ] }
							}
						},
						{
							"name": "spike4",
							"from": [ 1.4, -0.7, 2.3 ],
							"to": [ 1.8, -0.3, 3.7 ],
							"rotationOrigin": [ 1.6, -0.5, 2.3 ],
							"rotationX": -44.0,
							"rotationZ": 8.0,
							"faces": {
								"east": { "texture": "#copper", "uv": [ 2.5, 6.0, 3.5, 6.5 ] },
								"south": { "texture": "#copper", "uv": [ 5.5, 11.5, 6.0, 12.0 ] },
								"west": { "texture": "#copper", "uv": [ 1.0, 7.5, 2.0, 8.0 ] },
								"up": { "texture": "#copper", "uv": [ 5.0, 13.5, 5.5, 14.5 ] },
								"down": { "texture": "#copper", "uv": [ 14.0, 6.0, 14.5, 7.0 ] }
							}
						},
						{
							"name": "spike5",
							"from": [ 0.7, -2.0, 2.2 ],
							"to": [ 1.1, -1.6, 3.6 ],
							"rotationOrigin": [ 0.9, -1.8, 2.3 ],
							"rotationX": -39.0,
							"rotationY": 14.0,
							"rotationZ": 6.0,
							"faces": {
								"east": { "texture": "#copper", "uv": [ 1.0, 8.0, 2.0, 8.5 ] },
								"south": { "texture": "#copper", "uv": [ 11.5, 12.5, 12.0, 13.0 ] },
								"west": { "texture": "#copper", "uv": [ 11.5, 9.0, 12.5, 9.5 ] },
								"up": { "texture": "#copper", "uv": [ 5.0, 2.0, 5.5, 3.0 ] },
								"down": { "texture": "#copper", "uv": [ 11.5, 14.5, 12.0, 15.5 ] }
							}
						},
						{
							"name": "spike6",
							"from": [ -1.0, -0.9, -4.2 ],
							"to": [ -0.6, -0.5, -2.4 ],
							"rotationOrigin": [ -0.8, -0.7, -2.4 ],
							"rotationX": 19.0,
							"rotationZ": 8.0,
							"faces": {
								"north": { "texture": "#copper", "uv": [ 6.5, 4.5, 7.0, 5.0 ] },
								"east": { "texture": "#copper", "uv": [ 6.0, 2.0, 7.5, 2.5 ] },
								"west": { "texture": "#copper", "uv": [ 14.0, 13.0, 15.5, 13.5 ] },
								"up": { "texture": "#copper", "uv": [ 13.0, 1.5, 13.5, 3.0 ] },
								"down": { "texture": "#copper", "uv": [ 4.0, 2.5, 4.5, 4.0 ] }
							}
						},
						{
							"name": "spike7",
							"from": [ 0.7, -0.6, -4.6 ],
							"to": [ 1.1, -0.2, -2.3 ],
							"rotationOrigin": [ 0.9, -0.4, -2.4 ],
							"rotationX": 14.0,
							"rotationY": -25.0,
							"rotationZ": 8.0,
							"faces": {
								"north": { "texture": "#copper", "uv": [ 5.5, 9.5, 6.0, 10.0 ] },
								"east": { "texture": "#copper", "uv": [ 8.0, 0.0, 10.0, 0.5 ] },
								"west": { "texture": "#copper", "uv": [ 12.0, 15.0, 14.0, 15.5 ] },
								"up": { "texture": "#copper", "uv": [ 5.5, 12.5, 6.0, 14.5 ] },
								"down": { "texture": "#copper", "uv": [ 14.0, 10.5, 14.5, 12.5 ] }
							}
						},
						{
							"name": "spike8",
							"from": [ 1.7, -1.7, -4.0 ],
							"to": [ 2.1, -1.3, -2.4 ],
							"rotationOrigin": [ 1.9, -1.5, -2.4 ],
							"rotationX": 28.0,
							"rotationY": -17.0,
							"rotationZ": 8.0,
							"faces": {
								"north": { "texture": "#copper", "uv": [ 0.0, 8.5, 0.5, 9.0 ] },
								"east": { "texture": "#copper", "uv": [ 11.5, 7.0, 13.0, 7.5 ] },
								"west": { "texture": "#copper", "uv": [ 12.0, 2.0, 13.5, 2.5 ] },
								"up": { "texture": "#copper", "uv": [ 4.0, 9.0, 4.5, 10.5 ] },
								"down": { "texture": "#copper", "uv": [ 13.5, 2.0, 14.0, 3.5 ] }
							}
						},
						{
							"name": "spike9",
							"from": [ -2.1, -1.8, -4.1 ],
							"to": [ -1.7, -1.4, -2.4 ],
							"rotationOrigin": [ -1.9, -1.6, -2.4 ],
							"rotationX": 8.0,
							"rotationY": 11.0,
							"rotationZ": -11.0,
							"faces": {
								"north": { "texture": "#copper", "uv": [ 10.5, 14.5, 11.0, 15.0 ] },
								"east": { "texture": "#copper", "uv": [ 14.0, 6.0, 15.5, 6.5 ] },
								"west": { "texture": "#copper", "uv": [ 12.0, 8.5, 13.5, 9.0 ] },
								"up": { "texture": "#copper", "uv": [ 12.0, 3.0, 12.5, 4.5 ] },
								"down": { "texture": "#copper", "uv": [ 7.5, 6.0, 8.0, 7.5 ] }
							}
						},
						{
							"name": "spike10",
							"from": [ 0.0, -2.3, -4.5 ],
							"to": [ 0.4, -1.9, -2.3 ],
							"rotationOrigin": [ 0.2, -2.1, -2.4 ],
							"rotationX": 3.0,
							"rotationZ": 8.0,
							"faces": {
								"north": { "texture": "#copper", "uv": [ 14.0, 11.5, 14.5, 12.0 ] },
								"east": { "texture": "#copper", "uv": [ 13.5, 11.0, 15.5, 11.5 ] },
								"west": { "texture": "#copper", "uv": [ 10.5, 5.5, 12.5, 6.0 ] },
								"up": { "texture": "#copper", "uv": [ 2.0, 3.5, 2.5, 5.5 ] },
								"down": { "texture": "#copper", "uv": [ 9.0, 12.5, 9.5, 14.5 ] }
							}
						},
						{
							"name": "spike11",
							"from": [ -4.6, -0.4, -0.2 ],
							"to": [ -2.6, 0.0, 0.2 ],
							"rotationOrigin": [ -2.6, -0.2, 0.0 ],
							"rotationY": -8.0,
							"rotationZ": -22.0,
							"faces": {
								"north": { "texture": "#copper", "uv": [ 11.0, 8.5, 13.0, 9.0 ] },
								"south": { "texture": "#copper", "uv": [ 2.0, 1.0, 4.0, 1.5 ] },
								"west": { "texture": "#copper", "uv": [ 4.5, 10.5, 5.0, 11.0 ] },
								"up": { "texture": "#copper", "uv": [ 11.5, 1.5, 13.5, 2.0 ] },
								"down": { "texture": "#copper", "uv": [ 5.5, 10.5, 7.5, 11.0 ] }
							}
						},
						{
							"name": "spike12",
							"from": [ -4.2, -0.9, -2.1 ],
							"to": [ -2.6, -0.5, -1.7 ],
							"rotationOrigin": [ -2.6, -0.7, -1.9 ],
							"rotationY": -17.0,
							"rotationZ": -3.0,
							"faces": {
								"north": { "texture": "#copper", "uv": [ 5.5, 3.5, 7.0, 4.0 ] },
								"south": { "texture": "#copper", "uv": [ 2.0, 10.5, 3.5, 11.0 ] },
								"west": { "texture": "#copper", "uv": [ 6.0, 0.0, 6.5, 0.5 ] },
								"up": { "texture": "#copper", "uv": [ 11.0, 3.5, 12.5, 4.0 ] },
								"down": { "texture": "#copper", "uv": [ 0.0, 9.5, 1.5, 10.0 ] }
							}
						},
						{
							"name": "spike13",
							"from": [ -3.9, -0.6, 1.4 ],
							"to": [ -2.5, -0.2, 1.8 ],
							"rotationOrigin": [ -2.6, -0.4, 1.6 ],
							"rotationZ": -36.0,
							"faces": {
								"north": { "texture": "#copper", "uv": [ 10.0, 4.0, 11.0, 4.5 ] },
								"south": { "texture": "#copper", "uv": [ 3.0, 13.5, 4.0, 14.0 ] },
								"west": { "texture": "#copper", "uv": [ 5.0, 3.5, 5.5, 4.0 ] },
								"up": { "texture": "#copper", "uv": [ 14.5, 5.5, 15.5, 6.0 ] },
								"down": { "texture": "#copper", "uv": [ 4.0, 11.0, 5.0, 11.5 ] }
							}
						},
						{
							"name": "spike14",
							"from": [ 2.5, -0.7, 0.3 ],
							"to": [ 4.1, -0.3, 0.7 ],
							"rotationOrigin": [ 2.5, -0.5, 0.5 ],
							"rotationZ": 28.0,
							"faces": {
								"north": { "texture": "#copper", "uv": [ 4.0, 11.0, 5.5, 11.5 ] },
								"east": { "texture": "#copper", "uv": [ 4.5, 7.5, 5.0, 8.0 ], "windMode": [-1,-1,-1,-1], "windData": [1,1,1,1] },
								"south": { "texture": "#copper", "uv": [ 14.0, 5.5, 15.5, 6.0 ] },
								"up": { "texture": "#copper", "uv": [ 9.5, 1.0, 11.0, 1.5 ] },
								"down": { "texture": "#copper", "uv": [ 13.0, 3.0, 14.5, 3.5 ] }
							}
						},
						{
							"name": "spike15",
							"from": [ 2.5, -1.3, -1.5 ],
							"to": [ 4.5, -0.9, -1.1 ],
							"rotationOrigin": [ 2.5, -1.1, -1.3 ],
							"rotationY": 17.0,
							"rotationZ": 17.0,
							"faces": {
								"north": { "texture": "#copper", "uv": [ 7.5, 8.0, 9.5, 8.5 ] },
								"east": { "texture": "#copper", "uv": [ 2.5, 6.5, 3.0, 7.0 ], "windMode": [-1,-1,-1,-1], "windData": [1,1,1,1] },
								"south": { "texture": "#copper", "uv": [ 13.0, 2.0, 15.0, 2.5 ] },
								"up": { "texture": "#copper", "uv": [ 0.5, 2.0, 2.5, 2.5 ] },
								"down": { "texture": "#copper", "uv": [ 10.5, 3.5, 12.5, 4.0 ] }
							}
						},
						{
							"name": "spike16",
							"from": [ 2.5, -2.0, -0.4 ],
							"to": [ 4.8, -1.6, 0.0 ],
							"rotationOrigin": [ 2.5, -1.8, -0.2 ],
							"rotationZ": 28.0,
							"faces": {
								"north": { "texture": "#copper", "uv": [ 11.0, 13.5, 13.0, 14.0 ] },
								"east": { "texture": "#copper", "uv": [ 5.5, 6.0, 6.0, 6.5 ], "windMode": [-1,-1,-1,-1], "windData": [1,1,1,1] },
								"south": { "texture": "#copper", "uv": [ 9.0, 0.0, 11.0, 0.5 ] },
								"up": { "texture": "#copper", "uv": [ 13.0, 7.0, 15.0, 7.5 ] },
								"down": { "texture": "#copper", "uv": [ 1.0, 4.5, 3.0, 5.0 ] }
							}
						},
						{
							"name": "spike17",
							"from": [ 2.5, -1.2, 1.6 ],
							"to": [ 4.3, -0.8, 2.0 ],
							"rotationOrigin": [ 2.5, -1.0, 1.8 ],
							"rotationY": -28.0,
							"rotationZ": 17.0,
							"faces": {
								"north": { "texture": "#copper", "uv": [ 1.5, 0.5, 3.0, 1.0 ] },
								"east": { "texture": "#copper", "uv": [ 15.0, 5.5, 15.5, 6.0 ], "windMode": [-1,-1,-1,-1], "windData": [1,1,1,1] },
								"south": { "texture": "#copper", "uv": [ 2.5, 2.5, 4.0, 3.0 ] },
								"up": { "texture": "#copper", "uv": [ 0.0, 13.0, 1.5, 13.5 ] },
								"down": { "texture": "#copper", "uv": [ 1.5, 15.0, 3.0, 15.5 ] }
							}
						},
						{
							"name": "spike18",
							"from": [ 2.5, -2.5, 0.9 ],
							"to": [ 4.5, -2.1, 1.3 ],
							"rotationOrigin": [ 2.5, -2.3, 1.1 ],
							"rotationX": 22.0,
							"rotationY": -6.0,
							"rotationZ": 17.0,
							"faces": {
								"north": { "texture": "#copper", "uv": [ 7.5, 11.0, 9.5, 11.5 ] },
								"east": { "texture": "#copper", "uv": [ 13.0, 4.0, 13.5, 4.5 ], "windMode": [-1,-1,-1,-1], "windData": [1,1,1,1] },
								"south": { "texture": "#copper", "uv": [ 3.0, 13.0, 5.0, 13.5 ] },
								"up": { "texture": "#copper", "uv": [ 6.0, 15.0, 8.0, 15.5 ] },
								"down": { "texture": "#copper", "uv": [ 6.0, 8.0, 8.0, 8.5 ] }
							}
						},
						{
							"name": "spike19",
							"from": [ 1.7, -3.0, 2.2 ],
							"to": [ 2.1, -2.6, 4.0 ],
							"rotationOrigin": [ 1.9, -2.8, 2.3 ],
							"rotationX": -39.0,
							"rotationY": 50.0,
							"rotationZ": 6.0,
							"faces": {
								"east": { "texture": "#copper", "uv": [ 10.0, 11.0, 11.5, 11.5 ] },
								"south": { "texture": "#copper", "uv": [ 5.0, 11.5, 5.5, 12.0 ] },
								"west": { "texture": "#copper", "uv": [ 3.0, 14.0, 4.5, 14.5 ] },
								"up": { "texture": "#copper", "uv": [ 6.0, 13.5, 6.5, 15.0 ] },
								"down": { "texture": "#copper", "uv": [ 9.0, 11.0, 9.5, 12.5 ] }
							}
						},
						{
							"name": "spike20",
							"from": [ 1.6, -3.3, -4.6 ],
							"to": [ 2.0, -2.9, -2.3 ],
							"rotationOrigin": [ 1.8, -3.1, -2.4 ],
							"rotationX": 25.0,
							"rotationY": -30.0,
							"rotationZ": 8.0,
							"faces": {
								"north": { "texture": "#copper", "uv": [ 4.0, 4.5, 4.5, 5.0 ] },
								"east": { "texture": "#copper", "uv": [ 0.0, 13.0, 2.0, 13.5 ] },
								"west": { "texture": "#copper", "uv": [ 4.5, 8.0, 6.5, 8.5 ] },
								"up": { "texture": "#copper", "uv": [ 11.5, 11.0, 12.0, 13.0 ] },
								"down": { "texture": "#copper", "uv": [ 6.5, 5.0, 7.0, 7.0 ] }
							}
						},
						{
							"name": "spike21",
							"from": [ 2.5, -2.8, -1.5 ],
							"to": [ 4.4, -2.4, -1.1 ],
							"rotationOrigin": [ 2.5, -2.6, -1.3 ],
							"rotationY": 25.0,
							"rotationZ": 17.0,
							"faces": {
								"north": { "texture": "#copper", "uv": [ 11.0, 7.0, 12.5, 7.5 ] },
								"east": { "texture": "#copper", "uv": [ 6.0, 2.0, 6.5, 2.5 ], "windMode": [-1,-1,-1,-1], "windData": [1,1,1,1] },
								"south": { "texture": "#copper", "uv": [ 0.5, 9.0, 2.0, 9.5 ] },
								"up": { "texture": "#copper", "uv": [ 7.0, 6.5, 8.5, 7.0 ] },
								"down": { "texture": "#copper", "uv": [ 13.5, 4.5, 15.0, 5.0 ] }
							}
						},
						{
							"name": "spike22",
							"from": [ -4.0, -0.7, -1.2 ],
							"to": [ -2.6, -0.3, -0.8 ],
							"rotationOrigin": [ -2.6, -0.5, -1.0 ],
							"rotationY": -30.0,
							"rotationZ": -39.0,
							"faces": {
								"north": { "texture": "#copper", "uv": [ 1.5, 9.5, 2.5, 10.0 ] },
								"south": { "texture": "#copper", "uv": [ 2.5, 5.5, 3.5, 6.0 ] },
								"west": { "texture": "#copper", "uv": [ 7.5, 5.5, 8.0, 6.0 ] },
								"up": { "texture": "#copper", "uv": [ 1.5, 7.0, 2.5, 7.5 ] },
								"down": { "texture": "#copper", "uv": [ 5.0, 4.0, 6.0, 4.5 ] }
							}
						},
						{
							"name": "spike23",
							"from": [ 2.5, -3.1, -0.2 ],
							"to": [ 4.1, -2.7, 0.2 ],
							"rotationOrigin": [ 2.5, -2.9, 0.0 ],
							"rotationX": -25.0,
							"rotationZ": 17.0,
							"faces": {
								"north": { "texture": "#copper", "uv": [ 2.0, 9.5, 3.5, 10.0 ] },
								"east": { "texture": "#copper", "uv": [ 3.5, 10.0, 4.0, 10.5 ], "windMode": [-1,-1,-1,-1], "windData": [1,1,1,1] },
								"south": { "texture": "#copper", "uv": [ 8.5, 7.0, 10.0, 7.5 ] },
								"up": { "texture": "#copper", "uv": [ 2.0, 0.0, 3.5, 0.5 ] },
								"down": { "texture": "#copper", "uv": [ 2.5, 6.0, 4.0, 6.5 ] }
							}
						},
						{
							"name": "spike24",
							"from": [ 0.8, 0.0, -0.2 ],
							"to": [ 1.2, 2.0, 0.2 ],
							"rotationOrigin": [ 1.0, 0.0, 0.0 ],
							"rotationX": 22.0,
							"rotationZ": -19.0,
							"faces": {
								"north": { "texture": "#copper", "uv": [ 12.5, 10.5, 13.0, 12.5 ] },
								"east": { "texture": "#copper", "uv": [ 8.5, 10.0, 9.0, 12.0 ] },
								"south": { "texture": "#copper", "uv": [ 8.5, 2.5, 9.0, 4.5 ] },
								"west": { "texture": "#copper", "uv": [ 0.0, 2.5, 0.5, 4.5 ] },
								"up": { "texture": "#copper", "uv": [ 9.0, 14.5, 9.5, 15.0 ] }
							}
						},
						{
							"name": "spike25",
							"from": [ 1.1, 0.0, 1.3 ],
							"to": [ 1.5, 1.5, 1.7 ],
							"rotationOrigin": [ 1.3, 0.0, 1.5 ],
							"rotationX": 22.0,
							"rotationZ": 11.0,
							"faces": {
								"north": { "texture": "#copper", "uv": [ 13.0, 11.5, 13.5, 13.0 ] },
								"east": { "texture": "#copper", "uv": [ 10.5, 2.5, 11.0, 4.0 ] },
								"south": { "texture": "#copper", "uv": [ 10.5, 3.0, 11.0, 4.5 ] },
								"west": { "texture": "#copper", "uv": [ 8.0, 7.0, 8.5, 8.5 ] },
								"up": { "texture": "#copper", "uv": [ 8.5, 2.0, 9.0, 2.5 ] }
							}
						},
						{
							"name": "spike26",
							"from": [ 1.9, 0.0, 0.8 ],
							"to": [ 2.3, 1.8, 1.2 ],
							"rotationOrigin": [ 2.1, 0.0, 1.0 ],
							"rotationX": -3.0,
							"rotationZ": -28.0,
							"faces": {
								"north": { "texture": "#copper", "uv": [ 10.0, 2.0, 10.5, 3.5 ] },
								"east": { "texture": "#copper", "uv": [ 0.0, 12.5, 0.5, 14.0 ] },
								"south": { "texture": "#copper", "uv": [ 4.5, 12.0, 5.0, 13.5 ] },
								"west": { "texture": "#copper", "uv": [ 11.5, 1.5, 12.0, 3.0 ] },
								"up": { "texture": "#copper", "uv": [ 11.0, 15.0, 11.5, 15.5 ] }
							}
						},
						{
							"name": "spike27",
							"from": [ 1.4, 0.0, -0.9 ],
							"to": [ 1.8, 2.0, -0.5 ],
							"rotationOrigin": [ 1.6, 0.0, -0.7 ],
							"rotationX": -14.0,
							"rotationZ": -30.0,
							"faces": {
								"north": { "texture": "#copper", "uv": [ 4.0, 9.5, 4.5, 11.5 ] },
								"east": { "texture": "#copper", "uv": [ 15.0, 12.0, 15.5, 14.0 ] },
								"south": { "texture": "#copper", "uv": [ 4.5, 13.5, 5.0, 15.5 ] },
								"west": { "texture": "#copper", "uv": [ 15.0, 1.0, 15.5, 3.0 ] },
								"up": { "texture": "#copper", "uv": [ 4.0, 0.5, 4.5, 1.0 ] }
							}
						},
						{
							"name": "spike28",
							"from": [ 0.5, 0.0, -1.9 ],
							"to": [ 0.9, 2.4, -1.5 ],
							"rotationOrigin": [ 0.7, 0.0, -1.7 ],
							"rotationX": -36.0,
							"rotationZ": -22.0,
							"faces": {
								"north": { "texture": "#copper", "uv": [ 7.0, 6.5, 7.5, 8.5 ] },
								"east": { "texture": "#copper", "uv": [ 10.0, 13.0, 10.5, 15.0 ] },
								"south": { "texture": "#copper", "uv": [ 4.0, 4.0, 4.5, 6.0 ] },
								"west": { "texture": "#copper", "uv": [ 1.0, 12.0, 1.5, 14.0 ] },
								"up": { "texture": "#copper", "uv": [ 7.5, 9.0, 8.0, 9.5 ] }
							}
						},
						{
							"name": "spike29",
							"from": [ -0.5, 0.0, -0.9 ],
							"to": [ -0.1, 2.0, -0.5 ],
							"rotationOrigin": [ -0.3, 0.0, -0.7 ],
							"rotationX": -17.0,
							"rotationZ": 3.0,
							"faces": {
								"north": { "texture": "#copper", "uv": [ 9.0, 0.0, 9.5, 2.0 ] },
								"east": { "texture": "#copper", "uv": [ 12.0, 1.0, 12.5, 3.0 ] },
								"south": { "texture": "#copper", "uv": [ 6.0, 5.0, 6.5, 7.0 ] },
								"west": { "texture": "#copper", "uv": [ 0.0, 13.0, 0.5, 15.0 ] },
								"up": { "texture": "#copper", "uv": [ 9.5, 10.0, 10.0, 10.5 ] }
							}
						},
						{
							"name": "spike30",
							"from": [ -1.8, 0.0, -1.9 ],
							"to": [ -1.4, 2.2, -1.5 ],
							"rotationOrigin": [ -1.6, 0.0, -1.7 ],
							"rotationX": -17.0,
							"rotationY": 14.0,
							"rotationZ": 3.0,
							"faces": {
								"north": { "texture": "#copper", "uv": [ 5.5, 0.5, 6.0, 2.5 ] },
								"east": { "texture": "#copper", "uv": [ 2.5, 12.0, 3.0, 14.0 ] },
								"south": { "texture": "#copper", "uv": [ 11.0, 1.0, 11.5, 3.0 ] },
								"west": { "texture": "#copper", "uv": [ 2.0, 8.5, 2.5, 10.5 ] },
								"up": { "texture": "#copper", "uv": [ 13.5, 10.5, 14.0, 11.0 ] }
							}
						},
						{
							"name": "spike31",
							"from": [ -1.7, 0.0, -0.7 ],
							"to": [ -1.3, 1.6, -0.3 ],
							"rotationOrigin": [ -1.5, 0.0, -0.5 ],
							"rotationX": 8.0,
							"rotationY": 25.0,
							"rotationZ": 28.0,
							"faces": {
								"north": { "texture": "#copper", "uv": [ 14.0, 6.0, 14.5, 7.5 ] },
								"east": { "texture": "#copper", "uv": [ 11.5, 13.5, 12.0, 15.0 ] },
								"south": { "texture": "#copper", "uv": [ 4.5, 10.0, 5.0, 11.5 ] },
								"west": { "texture": "#copper", "uv": [ 3.5, 13.0, 4.0, 14.5 ] },
								"up": { "texture": "#copper", "uv": [ 6.0, 3.5, 6.5, 4.0 ] }
							}
						},
						{
							"name": "spike32",
							"from": [ -2.4, 0.0, 0.6 ],
							"to": [ -2.0, 1.5, 1.0 ],
							"rotationOrigin": [ -2.2, 0.0, 0.8 ],
							"rotationX": 8.0,
							"rotationY": 8.0,
							"rotationZ": 44.0,
							"faces": {
								"north": { "texture": "#copper", "uv": [ 6.5, 6.5, 7.0, 8.0 ] },
								"east": { "texture": "#copper", "uv": [ 4.0, 6.5, 4.5, 8.0 ] },
								"south": { "texture": "#copper", "uv": [ 12.0, 12.5, 12.5, 14.0 ] },
								"west": { "texture": "#copper", "uv": [ 6.0, 9.5, 6.5, 11.0 ] },
								"up": { "texture": "#copper", "uv": [ 2.5, 9.0, 3.0, 9.5 ] }
							}
						},
						{
							"name": "spike33",
							"from": [ -2.1, 0.0, -1.3 ],
							"to": [ -1.7, 1.5, -0.9 ],
							"rotationOrigin": [ -1.9, 0.0, -1.1 ],
							"rotationX": 8.0,
							"rotationZ": 33.0,
							"faces": {
								"north": { "texture": "#copper", "uv": [ 10.0, 2.0, 10.5, 3.5 ] },
								"east": { "texture": "#copper", "uv": [ 0.0, 10.0, 0.5, 11.5 ] },
								"south": { "texture": "#copper", "uv": [ 5.0, 2.5, 5.5, 4.0 ] },
								"west": { "texture": "#copper", "uv": [ 14.5, 7.5, 15.0, 9.0 ] },
								"up": { "texture": "#copper", "uv": [ 2.0, 11.0, 2.5, 11.5 ] }
							}
						},
						{
							"name": "spike34",
							"from": [ -0.2, 0.0, 0.6 ],
							"to": [ 0.2, 2.4, 1.0 ],
							"rotationOrigin": [ 0.0, 0.0, 0.8 ],
							"rotationX": 3.0,
							"rotationZ": -8.0,
							"faces": {
								"north": { "texture": "#copper", "uv": [ 9.0, 6.5, 9.5, 8.5 ] },
								"east": { "texture": "#copper", "uv": [ 6.0, 5.5, 6.5, 7.5 ] },
								"south": { "texture": "#copper", "uv": [ 11.0, 11.5, 11.5, 13.5 ] },
								"west": { "texture": "#copper", "uv": [ 11.0, 12.5, 11.5, 14.5 ] },
								"up": { "texture": "#copper", "uv": [ 0.5, 13.5, 1.0, 14.0 ] }
							}
						},
						{
							"name": "spike35",
							"from": [ -1.2, 0.0, 1.6 ],
							"to": [ -0.8, 1.9, 2.0 ],
							"rotationOrigin": [ -1.0, 0.0, 1.8 ],
							"rotationX": 47.0,
							"rotationZ": -17.0,
							"faces": {
								"north": { "texture": "#copper", "uv": [ 2.0, 12.0, 2.5, 13.5 ] },
								"east": { "texture": "#copper", "uv": [ 13.5, 2.0, 14.0, 3.5 ] },
								"south": { "texture": "#copper", "uv": [ 12.5, 5.0, 13.0, 6.5 ] },
								"west": { "texture": "#copper", "uv": [ 11.0, 11.5, 11.5, 13.0 ] },
								"up": { "texture": "#copper", "uv": [ 14.0, 10.5, 14.5, 11.0 ] }
							}
						},
						{
							"name": "spike36",
							"from": [ -0.9, -0.8, 2.2 ],
							"to": [ -0.5, -0.4, 3.8 ],
							"rotationOrigin": [ -0.7, -0.6, 2.2 ],
							"rotationX": -47.0,
							"rotationY": -19.0,
							"rotationZ": 11.0,
							"faces": {
								"east": { "texture": "#copper", "uv": [ 5.5, 14.0, 7.0, 14.5 ] },
								"south": { "texture": "#copper", "uv": [ 11.5, 4.0, 12.0, 4.5 ] },
								"west": { "texture": "#copper", "uv": [ 2.0, 6.5, 3.5, 7.0 ] },
								"up": { "texture": "#copper", "uv": [ 9.5, 13.0, 10.0, 14.5 ] },
								"down": { "texture": "#copper", "uv": [ 7.0, 7.0, 7.5, 8.5 ] }
							}
						},
						{
							"name": "spike37",
							"from": [ -1.5, 0.0, 0.5 ],
							"to": [ -1.1, 1.6, 0.9 ],
							"rotationOrigin": [ -1.3, 0.0, 0.7 ],
							"rotationX": 6.0,
							"rotationZ": -17.0,
							"faces": {
								"north": { "texture": "#copper", "uv": [ 7.0, 5.0, 7.5, 6.5 ] },
								"east": { "texture": "#copper", "uv": [ 3.0, 6.5, 3.5, 8.0 ] },
								"south": { "texture": "#copper", "uv": [ 6.0, 4.5, 6.5, 6.0 ] },
								"west": { "texture": "#copper", "uv": [ 4.0, 13.0, 4.5, 14.5 ] },
								"up": { "texture": "#copper", "uv": [ 6.5, 5.0, 7.0, 5.5 ] }
							}
						},
						{
							"name": "spike38",
							"from": [ -3.4, -1.1, 0.3 ],
							"to": [ -2.5, -0.7, 0.7 ],
							"rotationOrigin": [ -2.6, -0.9, 0.5 ],
							"rotationY": 8.0,
							"rotationZ": 22.0,
							"faces": {
								"north": { "texture": "#copper", "uv": [ 1.5, 12.5, 2.0, 13.0 ] },
								"south": { "texture": "#copper", "uv": [ 11.0, 11.5, 11.5, 12.0 ] },
								"west": { "texture": "#copper", "uv": [ 1.0, 13.0, 1.5, 13.5 ] },
								"up": { "texture": "#copper", "uv": [ 9.5, 1.5, 10.0, 2.0 ] },
								"down": { "texture": "#copper", "uv": [ 7.0, 7.0, 7.5, 7.5 ] }
							}
						}
					]
				}
			]
		}
	]}