{
	"editor": {
		"backDropShape": "entity/humanoid/seraph-hairless",
		"allAngles": true,
		"entityTextureMode": true
	},
	"textureWidth": 48,
	"textureHeight": 48,
	"textureSizes": {
		"hair": [48,48],
		"birch": [16,16],
		"lightgray": [48,48],
		"bush-base": [16,16],
		"grass5": [16,16],
		"grass6": [16,16]
	},
	"textures": {
		"bush-base": "block/devastation/bush-base",
		"grass5": "block/devastation/grass5",
		"grass6": "block/devastation/grass6"
	},
	"elements": [
		{
			"name": "Hair",
			"stepParentName": "Head",
			"from": [ -0.2, -0.3, -0.3 ],
			"to": [ 5.8, 5.2, 5.2 ],
			"autoUnwrap": false,
			"uv": [ 2.0, 2.5 ],
			"rotationOrigin": [ 3.0, 1.8, 2.5 ],
			"faces": {
				"north": { "texture": "#grass6", "uv": [ 4.5, 5.0, 10.5, 10.5 ] },
				"east": { "texture": "#grass5", "uv": [ 1.5, 2.0, 7.0, 7.5 ] },
				"south": { "texture": "#grass6", "uv": [ 6.0, 10.0, 12.0, 15.5 ] },
				"west": { "texture": "#grass6", "uv": [ 7.5, 3.5, 13.0, 9.0 ], "windMode": [-1,-1,-1,-1], "windData": [1,1,1,1] },
				"up": { "texture": "#grass5", "uv": [ 7.5, 7.0, 13.0, 13.0 ], "rotation": 90 }
			},
			"children": [
				{
					"name": "hair-uncovered",
					"from": [ 0.0, -3.0, 0.0 ],
					"to": [ 0.0, -3.0, 0.0 ],
					"uv": [ 0.0, 0.0 ],
					"rotationOrigin": [ 0.0, 5.0, 2.8 ],
					"faces": {
					},
					"children": [
						{
							"name": "curl1",
							"from": [ 0.5, 8.0, 0.4 ],
							"to": [ 3.5, 9.0, 1.4 ],
							"uv": [ 1.5, 2.5 ],
							"rotationOrigin": [ 3.0, 8.5, 0.9 ],
							"rotationX": 8.0,
							"rotationY": -75.0,
							"rotationZ": -22.0,
							"faces": {
								"north": { "texture": "#bush-base", "uv": [ 1.5, 3.5, 4.5, 4.5 ], "windMode": [-1,-1,-1,-1], "windData": [1,1,1,1] },
								"south": { "texture": "#bush-base", "uv": [ 4.5, 3.5, 7.5, 4.5 ] },
								"up": { "texture": "#bush-base", "uv": [ 1.5, 2.5, 4.5, 3.5 ] },
								"down": { "texture": "#bush-base", "uv": [ 4.5, 2.5, 7.5, 3.5 ] }
							}
						},
						{
							"name": "curl2",
							"from": [ 5.1, 7.1, -0.1 ],
							"to": [ 8.1, 8.1, 0.9 ],
							"uv": [ 6.0, 8.0 ],
							"rotationOrigin": [ 5.6, 7.6, 0.4 ],
							"rotationX": -3.0,
							"rotationY": 33.0,
							"rotationZ": -28.0,
							"faces": {
								"north": { "texture": "#bush-base", "uv": [ 6.0, 9.0, 9.0, 10.0 ], "windMode": [-1,-1,-1,-1], "windData": [1,1,1,1] },
								"south": { "texture": "#bush-base", "uv": [ 9.0, 9.0, 12.0, 10.0 ], "windMode": [-1,-1,-1,-1], "windData": [1,1,1,1] },
								"up": { "texture": "#bush-base", "uv": [ 6.0, 8.0, 9.0, 9.0 ] },
								"down": { "texture": "#bush-base", "uv": [ 9.0, 8.0, 12.0, 9.0 ] }
							}
						},
						{
							"name": "curl3",
							"from": [ 4.5, 8.0, 3.0 ],
							"to": [ 7.5, 9.0, 4.0 ],
							"uv": [ 0.0, 12.5 ],
							"rotationOrigin": [ 5.0, 8.5, 3.5 ],
							"rotationX": -3.0,
							"rotationY": -36.0,
							"rotationZ": 44.0,
							"faces": {
								"north": { "texture": "#bush-base", "uv": [ 0.0, 13.5, 3.0, 14.5 ], "windMode": [-1,-1,-1,-1], "windData": [1,1,1,1] },
								"south": { "texture": "#bush-base", "uv": [ 3.0, 13.5, 6.0, 14.5 ] },
								"up": { "texture": "#bush-base", "uv": [ 0.0, 12.5, 3.0, 13.5 ] }
							}
						},
						{
							"name": "curl4",
							"from": [ 1.5, 6.5, -0.2 ],
							"to": [ 4.5, 7.5, 0.8 ],
							"uv": [ 4.5, 12.5 ],
							"rotationOrigin": [ 2.0, 7.0, 0.3 ],
							"rotationX": 28.0,
							"rotationY": 30.0,
							"rotationZ": -97.0,
							"faces": {
								"north": { "texture": "#bush-base", "uv": [ 4.5, 13.5, 7.5, 14.5 ], "windMode": [-1,-1,-1,-1], "windData": [1,1,1,1] },
								"up": { "texture": "#bush-base", "uv": [ 4.5, 12.5, 7.5, 13.5 ] }
							}
						},
						{
							"name": "curl5",
							"from": [ -0.5, 8.0, 1.8 ],
							"to": [ 1.5, 9.0, 2.8 ],
							"uv": [ 10.0, 13.5 ],
							"rotationOrigin": [ 1.0, 8.5, 2.3 ],
							"rotationX": 8.0,
							"rotationY": -30.0,
							"rotationZ": -44.0,
							"faces": {
								"north": { "texture": "#bush-base", "uv": [ 10.0, 14.5, 12.0, 15.5 ], "windMode": [-1,-1,-1,-1], "windData": [1,1,1,1] },
								"south": { "texture": "#bush-base", "uv": [ 12.0, 14.5, 14.0, 15.5 ] },
								"up": { "texture": "#bush-base", "uv": [ 10.0, 13.5, 12.0, 14.5 ] },
								"down": { "texture": "#bush-base", "uv": [ 12.0, 13.5, 14.0, 14.5 ], "windMode": [-1,-1,-1,-1], "windData": [1,1,1,1] }
							}
						},
						{
							"name": "curl6",
							"from": [ 0.5, 7.0, -0.2 ],
							"to": [ 3.5, 8.0, 0.8 ],
							"uv": [ 7.0, 10.0 ],
							"rotationOrigin": [ 1.0, 7.5, 0.3 ],
							"rotationX": 42.0,
							"rotationY": 36.0,
							"rotationZ": -94.0,
							"faces": {
								"north": { "texture": "#bush-base", "uv": [ 7.0, 11.0, 10.0, 12.0 ], "windMode": [-1,-1,-1,-1], "windData": [1,1,1,1] },
								"south": { "texture": "#bush-base", "uv": [ 10.0, 11.0, 13.0, 12.0 ] },
								"up": { "texture": "#bush-base", "uv": [ 7.0, 10.0, 10.0, 11.0 ] },
								"down": { "texture": "#bush-base", "uv": [ 10.0, 10.0, 13.0, 11.0 ] }
							}
						},
						{
							"name": "curl7",
							"from": [ -1.2, 7.9, 0.2 ],
							"to": [ 1.8, 8.9, 1.2 ],
							"uv": [ 2.5, 11.5 ],
							"rotationOrigin": [ 1.3, 8.4, 0.7 ],
							"rotationX": 14.0,
							"rotationY": -47.0,
							"rotationZ": -39.0,
							"faces": {
								"north": { "texture": "#bush-base", "uv": [ 2.5, 12.5, 5.5, 13.5 ], "windMode": [-1,-1,-1,-1], "windData": [1,1,1,1] },
								"south": { "texture": "#bush-base", "uv": [ 5.5, 12.5, 8.5, 13.5 ] },
								"up": { "texture": "#bush-base", "uv": [ 2.5, 11.5, 5.5, 12.5 ] },
								"down": { "texture": "#bush-base", "uv": [ 5.5, 11.5, 8.5, 12.5 ] }
							}
						},
						{
							"name": "curl8",
							"from": [ 4.1, 7.0, -0.2 ],
							"to": [ 7.1, 8.0, 0.8 ],
							"uv": [ 4.0, 10.5 ],
							"rotationOrigin": [ 4.6, 7.5, 0.3 ],
							"rotationX": -3.0,
							"rotationY": 83.0,
							"rotationZ": -50.0,
							"faces": {
								"north": { "texture": "#bush-base", "uv": [ 4.0, 11.5, 7.0, 12.5 ], "windMode": [-1,-1,-1,-1], "windData": [1,1,1,1] },
								"south": { "texture": "#bush-base", "uv": [ 7.0, 11.5, 10.0, 12.5 ] },
								"up": { "texture": "#bush-base", "uv": [ 4.0, 10.5, 7.0, 11.5 ] }
							}
						},
						{
							"name": "curl9",
							"from": [ 2.5, 7.2, -0.2 ],
							"to": [ 5.5, 8.2, 0.8 ],
							"uv": [ 7.5, 9.5 ],
							"rotationOrigin": [ 3.0, 7.7, 0.3 ],
							"rotationX": 11.0,
							"rotationY": 47.0,
							"rotationZ": -58.0,
							"faces": {
								"north": { "texture": "#bush-base", "uv": [ 7.5, 10.5, 10.5, 11.5 ], "windMode": [-1,-1,-1,-1], "windData": [1,1,1,1] },
								"up": { "texture": "#bush-base", "uv": [ 7.5, 9.5, 10.5, 10.5 ] },
								"down": { "texture": "#bush-base", "uv": [ 10.5, 9.5, 13.5, 10.5 ] }
							}
						},
						{
							"name": "curl10",
							"from": [ 5.2, 7.6, 0.9 ],
							"to": [ 8.2, 8.6, 1.9 ],
							"uv": [ 8.5, 12.5 ],
							"rotationOrigin": [ 5.7, 8.1, 1.4 ],
							"rotationX": 19.0,
							"rotationY": -6.0,
							"rotationZ": 25.0,
							"faces": {
								"north": { "texture": "#bush-base", "uv": [ 8.5, 13.5, 11.5, 14.5 ], "windMode": [-1,-1,-1,-1], "windData": [1,1,1,1] },
								"south": { "texture": "#bush-base", "uv": [ 11.5, 13.5, 14.5, 14.5 ] },
								"up": { "texture": "#bush-base", "uv": [ 8.5, 12.5, 11.5, 13.5 ] }
							}
						},
						{
							"name": "curl12",
							"from": [ 5.2, 6.1, 4.8 ],
							"to": [ 8.2, 7.1, 5.8 ],
							"uv": [ 4.5, 6.5 ],
							"rotationOrigin": [ 5.7, 6.6, 5.3 ],
							"rotationX": -6.0,
							"rotationY": -39.0,
							"rotationZ": -47.0,
							"faces": {
								"north": { "texture": "#bush-base", "uv": [ 4.5, 7.5, 7.5, 8.5 ], "windMode": [-1,-1,-1,-1], "windData": [1,1,1,1] },
								"south": { "texture": "#bush-base", "uv": [ 7.5, 7.5, 10.5, 8.5 ] },
								"up": { "texture": "#bush-base", "uv": [ 4.5, 6.5, 7.5, 7.5 ] }
							}
						},
						{
							"name": "curl13",
							"from": [ -1.8, 8.2, 3.1 ],
							"to": [ 1.2, 9.2, 4.1 ],
							"uv": [ 8.0, 0.5 ],
							"rotationOrigin": [ 0.7, 8.7, 3.6 ],
							"rotationX": 25.0,
							"rotationY": -6.0,
							"rotationZ": -42.0,
							"faces": {
								"north": { "texture": "#bush-base", "uv": [ 8.0, 1.5, 11.0, 2.5 ], "windMode": [-1,-1,-1,-1], "windData": [1,1,1,1] },
								"south": { "texture": "#bush-base", "uv": [ 11.0, 1.5, 14.0, 2.5 ] },
								"up": { "texture": "#bush-base", "uv": [ 8.0, 0.5, 11.0, 1.5 ] },
								"down": { "texture": "#bush-base", "uv": [ 11.0, 0.5, 14.0, 1.5 ], "windMode": [-1,-1,-1,-1], "windData": [1,1,1,1] }
							}
						},
						{
							"name": "curl14",
							"from": [ 3.9, 7.1, 4.9 ],
							"to": [ 6.9, 8.1, 5.9 ],
							"uv": [ 7.5, 3.0 ],
							"rotationOrigin": [ 4.4, 7.6, 5.4 ],
							"rotationX": -50.0,
							"rotationY": -6.0,
							"rotationZ": -72.0,
							"faces": {
								"south": { "texture": "#bush-base", "uv": [ 7.5, 4.0, 10.5, 5.0 ] },
								"up": { "texture": "#bush-base", "uv": [ 7.5, 3.0, 10.5, 4.0 ] }
							}
						},
						{
							"name": "curl15",
							"from": [ 5.2, 7.1, 4.6 ],
							"to": [ 8.2, 8.1, 5.6 ],
							"uv": [ 7.5, 5.5 ],
							"rotationOrigin": [ 5.7, 7.6, 5.1 ],
							"rotationX": -53.0,
							"rotationY": -8.0,
							"rotationZ": -53.0,
							"faces": {
								"north": { "texture": "#bush-base", "uv": [ 7.5, 6.5, 10.5, 7.5 ], "windMode": [-1,-1,-1,-1], "windData": [1,1,1,1] },
								"south": { "texture": "#bush-base", "uv": [ 10.5, 6.5, 13.5, 7.5 ] },
								"up": { "texture": "#bush-base", "uv": [ 7.5, 5.5, 10.5, 6.5 ] },
								"down": { "texture": "#bush-base", "uv": [ 10.5, 5.5, 13.5, 6.5 ] }
							}
						},
						{
							"name": "curl16",
							"from": [ 5.2, 7.7, 2.6 ],
							"to": [ 8.2, 8.7, 3.6 ],
							"uv": [ 9.0, 5.5 ],
							"rotationOrigin": [ 5.7, 8.2, 3.1 ],
							"rotationX": -17.0,
							"rotationY": -11.0,
							"rotationZ": 30.0,
							"faces": {
								"north": { "texture": "#bush-base", "uv": [ 9.0, 6.5, 12.0, 7.5 ], "windMode": [-1,-1,-1,-1], "windData": [1,1,1,1] },
								"south": { "texture": "#bush-base", "uv": [ 12.0, 6.5, 15.0, 7.5 ] },
								"up": { "texture": "#bush-base", "uv": [ 9.0, 5.5, 12.0, 6.5 ] }
							}
						},
						{
							"name": "curl19",
							"from": [ 5.2, 6.8, 2.1 ],
							"to": [ 8.2, 7.8, 3.1 ],
							"uv": [ 1.0, 12.5 ],
							"rotationOrigin": [ 5.7, 7.3, 2.6 ],
							"rotationX": 25.0,
							"rotationY": -3.0,
							"rotationZ": -42.0,
							"faces": {
								"north": { "texture": "#bush-base", "uv": [ 1.0, 13.5, 4.0, 14.5 ], "windMode": [-1,-1,-1,-1], "windData": [1,1,1,1] },
								"south": { "texture": "#bush-base", "uv": [ 4.0, 13.5, 7.0, 14.5 ] },
								"up": { "texture": "#bush-base", "uv": [ 1.0, 12.5, 4.0, 13.5 ] }
							}
						},
						{
							"name": "curl20",
							"from": [ 5.2, 7.1, 3.8 ],
							"to": [ 8.2, 8.1, 4.8 ],
							"uv": [ 6.0, 2.5 ],
							"rotationOrigin": [ 5.7, 7.6, 4.3 ],
							"rotationX": 8.0,
							"rotationY": -3.0,
							"rotationZ": -58.0,
							"faces": {
								"north": { "texture": "#bush-base", "uv": [ 6.0, 3.5, 9.0, 4.5 ], "windMode": [-1,-1,-1,-1], "windData": [1,1,1,1] },
								"south": { "texture": "#bush-base", "uv": [ 9.0, 3.5, 12.0, 4.5 ] },
								"up": { "texture": "#bush-base", "uv": [ 6.0, 2.5, 9.0, 3.5 ] }
							}
						},
						{
							"name": "curl21",
							"from": [ 4.8, 7.7, 4.6 ],
							"to": [ 7.8, 8.7, 5.6 ],
							"uv": [ 9.0, 6.5 ],
							"rotationOrigin": [ 5.3, 8.2, 5.1 ],
							"rotationX": -17.0,
							"rotationY": -42.0,
							"rotationZ": 28.0,
							"faces": {
								"north": { "texture": "#bush-base", "uv": [ 9.0, 7.5, 12.0, 8.5 ], "windMode": [-1,-1,-1,-1], "windData": [1,1,1,1] },
								"south": { "texture": "#bush-base", "uv": [ 12.0, 7.5, 15.0, 8.5 ] },
								"up": { "texture": "#bush-base", "uv": [ 9.0, 6.5, 12.0, 7.5 ] },
								"down": { "texture": "#bush-base", "uv": [ 12.0, 6.5, 15.0, 7.5 ] }
							}
						},
						{
							"name": "curl22",
							"from": [ 5.3, 6.6, 0.6 ],
							"to": [ 8.3, 7.6, 1.6 ],
							"uv": [ 8.5, 13.5 ],
							"rotationOrigin": [ 5.8, 7.1, 1.1 ],
							"rotationX": 3.0,
							"rotationY": 11.0,
							"rotationZ": -58.0,
							"faces": {
								"north": { "texture": "#bush-base", "uv": [ 8.5, 14.5, 11.5, 15.5 ], "windMode": [-1,-1,-1,-1], "windData": [1,1,1,1] },
								"south": { "texture": "#bush-base", "uv": [ 11.5, 14.5, 14.5, 15.5 ] },
								"up": { "texture": "#bush-base", "uv": [ 8.5, 13.5, 11.5, 14.5 ] }
							}
						},
						{
							"name": "curl23",
							"from": [ 0.0, 7.2, 0.8 ],
							"to": [ 3.0, 8.2, 1.8 ],
							"uv": [ 10.0, 8.0 ],
							"rotationOrigin": [ 0.5, 7.7, 1.3 ],
							"rotationX": 64.0,
							"rotationY": 11.0,
							"rotationZ": -138.0,
							"faces": {
								"north": { "texture": "#bush-base", "uv": [ 10.0, 9.0, 13.0, 10.0 ], "windMode": [-1,-1,-1,-1], "windData": [1,1,1,1] },
								"south": { "texture": "#bush-base", "uv": [ 13.0, 9.0, 16.0, 10.0 ] },
								"down": { "texture": "#bush-base", "uv": [ 10.0, 8.0, 13.0, 9.0 ] }
							}
						},
						{
							"name": "curl24",
							"from": [ 0.0, 7.2, 4.0 ],
							"to": [ 2.5, 8.2, 5.0 ],
							"uv": [ 4.5, 2.5 ],
							"rotationOrigin": [ 0.5, 7.7, 4.5 ],
							"rotationX": -3.0,
							"rotationY": -14.0,
							"rotationZ": -141.0,
							"faces": {
								"north": { "texture": "#bush-base", "uv": [ 4.5, 3.5, 7.0, 4.5 ], "windMode": [-1,-1,-1,-1], "windData": [1,1,1,1] },
								"south": { "texture": "#bush-base", "uv": [ 7.0, 3.5, 9.5, 4.5 ] },
								"down": { "texture": "#bush-base", "uv": [ 4.5, 2.5, 7.0, 3.5 ] }
							}
						},
						{
							"name": "curl25",
							"from": [ 1.2, 7.7, 4.6 ],
							"to": [ 4.2, 8.7, 5.6 ],
							"uv": [ 2.5, 3.0 ],
							"rotationOrigin": [ 1.7, 8.2, 5.1 ],
							"rotationX": -111.0,
							"rotationY": -8.0,
							"rotationZ": -78.0,
							"faces": {
								"north": { "texture": "#bush-base", "uv": [ 2.5, 4.0, 5.5, 5.0 ], "windMode": [-1,-1,-1,-1], "windData": [1,1,1,1] },
								"south": { "texture": "#bush-base", "uv": [ 5.5, 4.0, 8.5, 5.0 ] },
								"up": { "texture": "#bush-base", "uv": [ 2.5, 3.0, 5.5, 4.0 ] },
								"down": { "texture": "#bush-base", "uv": [ 5.5, 3.0, 8.5, 4.0 ] }
							}
						},
						{
							"name": "curl26",
							"from": [ -1.8, 7.5, -0.4 ],
							"to": [ 1.2, 8.5, 0.6 ],
							"uv": [ 6.5, 7.0 ],
							"rotationOrigin": [ 0.7, 8.0, 0.1 ],
							"rotationX": -30.0,
							"rotationY": -36.0,
							"rotationZ": -33.0,
							"faces": {
								"north": { "texture": "#bush-base", "uv": [ 6.5, 8.0, 9.5, 9.0 ], "windMode": [-1,-1,-1,-1], "windData": [1,1,1,1] },
								"south": { "texture": "#bush-base", "uv": [ 9.5, 8.0, 12.5, 9.0 ] },
								"up": { "texture": "#bush-base", "uv": [ 6.5, 7.0, 9.5, 8.0 ] },
								"down": { "texture": "#bush-base", "uv": [ 9.5, 7.0, 12.5, 8.0 ] }
							}
						},
						{
							"name": "curl27",
							"from": [ 1.7, 7.2, 4.6 ],
							"to": [ 4.7, 8.2, 5.6 ],
							"uv": [ 3.5, 8.5 ],
							"rotationOrigin": [ 2.2, 7.7, 5.1 ],
							"rotationX": 14.0,
							"rotationY": -69.0,
							"faces": {
								"north": { "texture": "#bush-base", "uv": [ 3.5, 9.5, 6.5, 10.5 ], "windMode": [-1,-1,-1,-1], "windData": [1,1,1,1] },
								"south": { "texture": "#bush-base", "uv": [ 6.5, 9.5, 9.5, 10.5 ] },
								"up": { "texture": "#bush-base", "uv": [ 3.5, 8.5, 6.5, 9.5 ] },
								"down": { "texture": "#bush-base", "uv": [ 6.5, 8.5, 9.5, 9.5 ] }
							}
						},
						{
							"name": "curl28",
							"from": [ 2.8, 7.8, 4.6 ],
							"to": [ 5.8, 8.8, 5.6 ],
							"uv": [ 2.5, 4.5 ],
							"rotationOrigin": [ 3.3, 8.3, 5.1 ],
							"rotationX": -114.0,
							"rotationY": -8.0,
							"rotationZ": -75.0,
							"faces": {
								"north": { "texture": "#bush-base", "uv": [ 2.5, 5.5, 5.5, 6.5 ], "windMode": [-1,-1,-1,-1], "windData": [1,1,1,1] },
								"south": { "texture": "#bush-base", "uv": [ 5.5, 5.5, 8.5, 6.5 ] },
								"up": { "texture": "#bush-base", "uv": [ 2.5, 4.5, 5.5, 5.5 ] },
								"down": { "texture": "#bush-base", "uv": [ 5.5, 4.5, 8.5, 5.5 ] }
							}
						},
						{
							"name": "curl29",
							"from": [ 0.8, 8.0, 1.6 ],
							"to": [ 3.8, 9.0, 2.6 ],
							"uv": [ 4.5, 5.0 ],
							"rotationOrigin": [ 3.3, 8.5, 2.1 ],
							"rotationX": -47.0,
							"rotationY": -8.0,
							"rotationZ": -100.0,
							"faces": {
								"south": { "texture": "#bush-base", "uv": [ 4.5, 6.0, 7.5, 7.0 ] },
								"up": { "texture": "#bush-base", "uv": [ 4.5, 5.0, 7.5, 6.0 ] },
								"down": { "texture": "#bush-base", "uv": [ 7.5, 5.0, 10.5, 6.0 ] }
							}
						},
						{
							"name": "curl30",
							"from": [ 0.5, 7.8, 2.6 ],
							"to": [ 3.5, 8.8, 3.6 ],
							"uv": [ 1.5, 13.5 ],
							"rotationOrigin": [ 3.0, 8.3, 3.1 ],
							"rotationX": 47.0,
							"rotationY": -8.0,
							"rotationZ": -86.0,
							"faces": {
								"north": { "texture": "#bush-base", "uv": [ 1.5, 14.5, 4.5, 15.5 ], "windMode": [-1,-1,-1,-1], "windData": [1,1,1,1] },
								"up": { "texture": "#bush-base", "uv": [ 1.5, 13.5, 4.5, 14.5 ] },
								"down": { "texture": "#bush-base", "uv": [ 4.5, 13.5, 7.5, 14.5 ] }
							}
						},
						{
							"name": "curl31",
							"from": [ 0.2, 7.2, 4.7 ],
							"to": [ 3.2, 8.2, 5.7 ],
							"uv": [ 4.0, 13.5 ],
							"rotationOrigin": [ 0.7, 7.7, 5.2 ],
							"rotationX": -47.0,
							"rotationY": -3.0,
							"rotationZ": -102.0,
							"faces": {
								"south": { "texture": "#bush-base", "uv": [ 4.0, 14.5, 7.0, 15.5 ] },
								"up": { "texture": "#bush-base", "uv": [ 4.0, 13.5, 7.0, 14.5 ] },
								"down": { "texture": "#bush-base", "uv": [ 7.0, 13.5, 10.0, 14.5 ] }
							}
						},
						{
							"name": "curl32",
							"from": [ 2.1, 7.8, 0.6 ],
							"to": [ 5.1, 8.8, 1.6 ],
							"uv": [ 8.0, 4.0 ],
							"rotationOrigin": [ 4.6, 8.3, 1.1 ],
							"rotationX": -47.0,
							"rotationY": -8.0,
							"rotationZ": -125.0,
							"faces": {
								"south": { "texture": "#bush-base", "uv": [ 8.0, 5.0, 11.0, 6.0 ] },
								"up": { "texture": "#bush-base", "uv": [ 8.0, 4.0, 11.0, 5.0 ] },
								"down": { "texture": "#bush-base", "uv": [ 11.0, 4.0, 14.0, 5.0 ] }
							}
						},
						{
							"name": "curl33",
							"from": [ 3.1, 6.5, 4.6 ],
							"to": [ 5.1, 7.5, 5.6 ],
							"uv": [ 11.5, 12.0 ],
							"rotationOrigin": [ 3.6, 7.0, 5.1 ],
							"rotationX": -47.0,
							"rotationY": -8.0,
							"rotationZ": -86.0,
							"faces": {
								"south": { "texture": "#bush-base", "uv": [ 11.5, 13.0, 13.5, 14.0 ] },
								"up": { "texture": "#bush-base", "uv": [ 11.5, 12.0, 13.5, 13.0 ] },
								"down": { "texture": "#bush-base", "uv": [ 13.5, 12.0, 15.5, 13.0 ] }
							}
						},
						{
							"name": "curl34",
							"from": [ 1.2, 6.2, 4.6 ],
							"to": [ 3.2, 7.2, 5.6 ],
							"uv": [ 3.5, 7.0 ],
							"rotationOrigin": [ 1.7, 6.7, 5.1 ],
							"rotationX": -53.0,
							"rotationY": 8.0,
							"rotationZ": -102.0,
							"faces": {
								"south": { "texture": "#bush-base", "uv": [ 3.5, 8.0, 5.5, 9.0 ] },
								"up": { "texture": "#bush-base", "uv": [ 3.5, 7.0, 5.5, 8.0 ] },
								"down": { "texture": "#bush-base", "uv": [ 5.5, 7.0, 7.5, 8.0 ] }
							}
						},
						{
							"name": "curl35",
							"from": [ 0.0, 7.2, 2.0 ],
							"to": [ 2.0, 8.2, 3.0 ],
							"uv": [ 4.0, 4.0 ],
							"rotationOrigin": [ 0.5, 7.7, 2.5 ],
							"rotationX": -3.0,
							"rotationY": -14.0,
							"rotationZ": -172.0,
							"faces": {
								"north": { "texture": "#bush-base", "uv": [ 4.0, 5.0, 6.0, 6.0 ], "windMode": [-1,-1,-1,-1], "windData": [1,1,1,1] },
								"south": { "texture": "#bush-base", "uv": [ 6.0, 5.0, 8.0, 6.0 ] },
								"down": { "texture": "#bush-base", "uv": [ 4.0, 4.0, 6.0, 5.0 ] }
							}
						}
					]
				}
			]
		}
	]}