{
	"editor": {
		"backDropShape": "shapes/entity/humanoid/seraph-faceless",
		"allAngles": true,
		"entityTextureMode": true
	},
	"textureWidth": 48,
	"textureHeight": 48,
	"textureSizes": {
		"hair": [48,48]
	},
	"textures": {
	},
	"elements": [
		{
			"name": "hidefacialhair",
			"stepParentName": "Head",
			"from": [ -2.2, 0.7, 1.5 ],
			"to": [ -1.8, 1.1, 3.5 ],
			"unwrapMode": 2,
			"uv": [ 16.0, 1.0 ],
			"rotationOrigin": [ -2.2, 0.1, 1.5 ],
			"faces": {
				"north": { "texture": "#hair", "uv": [ 18.5, 1.5, 19.0, 2.0 ] },
				"east": { "texture": "#hair", "uv": [ 16.5, 1.5, 18.5, 2.0 ] },
				"south": { "texture": "#hair", "uv": [ 16.0, 1.5, 16.5, 2.0 ] },
				"west": { "texture": "#hair", "uv": [ 19.0, 1.5, 21.0, 2.0 ] },
				"up": { "texture": "#hair", "uv": [ 16.5, 1.0, 18.5, 1.5 ], "rotation": 270 },
				"down": { "texture": "#hair", "uv": [ 16.5, 2.0, 18.5, 2.5 ], "rotation": 270 }
			},
			"children": [
				{
					"name": "seagullR",
					"from": [ 0.01, 0.1, -2.0 ],
					"to": [ 0.41, 0.4, 0.0 ],
					"unwrapMode": 2,
					"uv": [ 23.0, 0.0 ],
					"rotationOrigin": [ 0.0, 0.4, 0.0 ],
					"rotationX": -40.0,
					"faces": {
						"north": { "texture": "#hair", "uv": [ 25.5, 0.5, 26.0, 1.0 ] },
						"east": { "texture": "#hair", "uv": [ 23.5, 0.5, 25.5, 1.0 ] },
						"south": { "texture": "#hair", "uv": [ 23.0, 0.5, 23.5, 1.0 ] },
						"west": { "texture": "#hair", "uv": [ 26.0, 0.5, 28.0, 1.0 ] },
						"up": { "texture": "#hair", "uv": [ 23.5, 0.0, 25.5, 0.5 ], "rotation": 270 },
						"down": { "texture": "#hair", "uv": [ 23.5, 1.0, 25.5, 1.5 ], "rotation": 270 }
					}
				},
				{
					"name": "seagullL",
					"from": [ 0.01, 0.1, 2.0 ],
					"to": [ 0.41, 0.4, 4.0 ],
					"unwrapMode": 2,
					"uv": [ 14.0, 2.0 ],
					"rotationOrigin": [ 0.0, 0.4, 2.0 ],
					"rotationX": 40.0,
					"faces": {
						"north": { "texture": "#hair", "uv": [ 16.5, 2.5, 17.0, 3.0 ] },
						"east": { "texture": "#hair", "uv": [ 14.5, 2.5, 16.5, 3.0 ] },
						"south": { "texture": "#hair", "uv": [ 14.0, 2.5, 14.5, 3.0 ] },
						"west": { "texture": "#hair", "uv": [ 17.0, 2.5, 19.0, 3.0 ] },
						"up": { "texture": "#hair", "uv": [ 14.5, 2.0, 16.5, 2.5 ], "rotation": 270 },
						"down": { "texture": "#hair", "uv": [ 14.5, 3.0, 16.5, 3.5 ], "rotation": 270 }
					}
				}
			]
		}
	],
	"animations": [
		{
			"name": "axechop",
			"code": "axechop",
			"quantityframes": 34,
			"onActivityStopped": "Rewind",
			"onAnimationEnd": "Repeat",
			"keyframes": [

			]
		}
	]
}