{
	"editor": {
		"allAngles": false,
		"entityTextureMode": false
	},
	"textureWidth": 16,
	"textureHeight": 16,
	"textureSizes": {
	},
	"textures": {
		"castiron": "block/castiron",
		"copperspoolrotated": "block/copperspoolrotated",
		"gold": "block/gold",
		"wornsteel": "block/wornsteel"
	},
	"elements": [
		{
			"name": "CoilBaseBottom",
			"from": [ 4.0, 0.0, 0.0 ],
			"to": [ 12.0, 1.0, 2.0 ],
			"rotationOrigin": [ 4.0, 0.0, 0.0 ],
			"faces": {
				"north": { "texture": "#wornsteel", "uv": [ 0.0, 0.0, 8.0, 1.0 ] },
				"east": { "texture": "#wornsteel", "uv": [ 0.0, 0.0, 2.0, 1.0 ] },
				"west": { "texture": "#wornsteel", "uv": [ 0.0, 0.0, 2.0, 1.0 ] },
				"up": { "texture": "#wornsteel", "uv": [ 0.0, 0.0, 8.0, 2.0 ] },
				"down": { "texture": "#wornsteel", "uv": [ 0.0, 0.0, 8.0, 2.0 ] }
			},
			"children": [
				{
					"name": "Cube3",
					"from": [ -2.0, 0.0, 2.0 ],
					"to": [ 10.0, 1.0, 4.0 ],
					"rotationOrigin": [ -2.0, 0.0, 2.0 ],
					"faces": {
						"north": { "texture": "#wornsteel", "uv": [ 0.0, 0.0, 12.0, 1.0 ] },
						"east": { "texture": "#wornsteel", "uv": [ 0.0, 0.0, 2.0, 1.0 ] },
						"west": { "texture": "#wornsteel", "uv": [ 0.0, 0.0, 2.0, 1.0 ] },
						"up": { "texture": "#wornsteel", "uv": [ 0.0, 0.0, 12.0, 2.0 ] },
						"down": { "texture": "#wornsteel", "uv": [ 0.0, 0.0, 12.0, 2.0 ] }
					}
				},
				{
					"name": "Cube4",
					"from": [ -4.0, 0.0, 4.0 ],
					"to": [ 12.0, 1.0, 12.0 ],
					"rotationOrigin": [ -4.0, 0.0, 4.0 ],
					"faces": {
						"north": { "texture": "#wornsteel", "uv": [ 0.0, 0.0, 16.0, 1.0 ] },
						"east": { "texture": "#wornsteel", "uv": [ 0.0, 0.0, 8.0, 1.0 ] },
						"south": { "texture": "#wornsteel", "uv": [ 0.0, 0.0, 16.0, 1.0 ] },
						"west": { "texture": "#wornsteel", "uv": [ 0.0, 0.0, 8.0, 1.0 ] },
						"up": { "texture": "#wornsteel", "uv": [ 0.0, 0.0, 16.0, 8.0 ] },
						"down": { "texture": "#wornsteel", "uv": [ 0.0, 0.0, 16.0, 8.0 ] }
					}
				},
				{
					"name": "Cube5",
					"from": [ -2.0, 0.0, 12.0 ],
					"to": [ 10.0, 1.0, 14.0 ],
					"rotationOrigin": [ -2.0, 0.0, 12.0 ],
					"faces": {
						"east": { "texture": "#wornsteel", "uv": [ 0.0, 0.0, 2.0, 1.0 ] },
						"south": { "texture": "#wornsteel", "uv": [ 0.0, 0.0, 12.0, 1.0 ] },
						"west": { "texture": "#wornsteel", "uv": [ 0.0, 0.0, 2.0, 1.0 ] },
						"up": { "texture": "#wornsteel", "uv": [ 0.0, 0.0, 12.0, 2.0 ] },
						"down": { "texture": "#wornsteel", "uv": [ 0.0, 0.0, 12.0, 2.0 ] }
					}
				},
				{
					"name": "Cube6",
					"from": [ 0.0, 0.0, 14.0 ],
					"to": [ 8.0, 1.0, 16.0 ],
					"rotationOrigin": [ 0.0, 0.0, 14.0 ],
					"faces": {
						"east": { "texture": "#wornsteel", "uv": [ 0.0, 0.0, 2.0, 1.0 ] },
						"south": { "texture": "#wornsteel", "uv": [ 0.0, 0.0, 8.0, 1.0 ] },
						"west": { "texture": "#wornsteel", "uv": [ 0.0, 0.0, 2.0, 1.0 ] },
						"up": { "texture": "#wornsteel", "uv": [ 0.0, 0.0, 8.0, 2.0 ] },
						"down": { "texture": "#wornsteel", "uv": [ 0.0, 0.0, 8.0, 2.0 ] }
					}
				}
			]
		},
		{
			"name": "WireConnection1",
			"from": [ 7.0, 14.25, 7.0 ],
			"to": [ 9.0, 16.0, 9.0 ],
			"rotationOrigin": [ 7.0, 14.0, 7.0 ],
			"faces": {
				"north": { "texture": "#gold", "uv": [ 0.0, 0.0, 2.0, 1.5 ] },
				"east": { "texture": "#gold", "uv": [ 0.0, 0.0, 2.0, 1.5 ] },
				"south": { "texture": "#gold", "uv": [ 0.0, 0.0, 2.0, 1.5 ] },
				"west": { "texture": "#gold", "uv": [ 0.0, 0.0, 2.0, 1.5 ] },
				"up": { "texture": "#gold", "uv": [ 0.0, 0.0, 2.0, 2.0 ] }
			},
			"children": [
				{
					"name": "Cube2",
					"from": [ -0.5, -0.25, -0.5 ],
					"to": [ 2.5, 0.0, 2.5 ],
					"rotationOrigin": [ -1.0, 0.0, -1.0 ],
					"faces": {
						"north": { "texture": "#castiron", "uv": [ 0.0, 0.0, 3.0, 0.5 ] },
						"east": { "texture": "#castiron", "uv": [ 0.0, 0.0, 3.0, 0.5 ] },
						"south": { "texture": "#castiron", "uv": [ 0.0, 0.0, 3.0, 0.5 ] },
						"west": { "texture": "#castiron", "uv": [ 0.0, 0.0, 3.0, 0.5 ] },
						"up": { "texture": "#castiron", "uv": [ 0.0, 0.0, 3.0, 3.0 ] }
					}
				}
			]
		},
		{
			"name": "Coil",
			"from": [ 5.0, 1.0, 1.0 ],
			"to": [ 11.0, 13.0, 2.0 ],
			"rotationOrigin": [ 5.0, 1.0, 1.0 ],
			"faces": {
				"north": { "texture": "#copperspoolrotated", "uv": [ 0.0, 0.0, 6.0, 12.0 ] },
				"east": { "texture": "#copperspoolrotated", "uv": [ 0.0, 0.0, 1.0, 12.0 ] },
				"west": { "texture": "#copperspoolrotated", "uv": [ 0.0, 0.0, 1.0, 12.0 ] }
			},
			"children": [
				{
					"name": "Cube11",
					"from": [ -2.0, 0.0, 1.0 ],
					"to": [ 8.0, 12.0, 3.0 ],
					"rotationOrigin": [ -2.0, 0.0, 1.0 ],
					"faces": {
						"north": { "texture": "#copperspoolrotated", "uv": [ 0.0, 0.0, 10.0, 12.0 ] },
						"east": { "texture": "#copperspoolrotated", "uv": [ 0.0, 0.0, 2.0, 12.0 ] },
						"west": { "texture": "#copperspoolrotated", "uv": [ 0.0, 0.0, 2.0, 12.0 ] }
					}
				},
				{
					"name": "Cube12",
					"from": [ -4.0, 0.0, 3.0 ],
					"to": [ 10.0, 12.0, 11.0 ],
					"rotationOrigin": [ -4.0, 0.0, 3.0 ],
					"faces": {
						"north": { "texture": "#copperspoolrotated", "uv": [ 0.0, 0.0, 14.0, 12.0 ] },
						"east": { "texture": "#copperspoolrotated", "uv": [ 0.0, 0.0, 8.0, 12.0 ] },
						"south": { "texture": "#copperspoolrotated", "uv": [ 0.0, 0.0, 14.0, 12.0 ] },
						"west": { "texture": "#copperspoolrotated", "uv": [ 0.0, 0.0, 8.0, 12.0 ] }
					}
				},
				{
					"name": "Cube13",
					"from": [ -2.0, 0.0, 11.0 ],
					"to": [ 8.0, 12.0, 13.0 ],
					"rotationOrigin": [ -2.0, 0.0, 11.0 ],
					"faces": {
						"east": { "texture": "#copperspoolrotated", "uv": [ 0.0, 0.0, 2.0, 12.0 ] },
						"south": { "texture": "#copperspoolrotated", "uv": [ 0.0, 0.0, 10.0, 12.0 ] },
						"west": { "texture": "#copperspoolrotated", "uv": [ 0.0, 0.0, 2.0, 12.0 ] }
					}
				},
				{
					"name": "Cube14",
					"from": [ 0.0, 0.0, 13.0 ],
					"to": [ 6.0, 12.0, 14.0 ],
					"rotationOrigin": [ 0.0, 0.0, 13.0 ],
					"faces": {
						"east": { "texture": "#copperspoolrotated", "uv": [ 0.0, 0.0, 1.0, 12.0 ] },
						"south": { "texture": "#copperspoolrotated", "uv": [ 0.0, 0.0, 6.0, 12.0 ] },
						"west": { "texture": "#copperspoolrotated", "uv": [ 0.0, 0.0, 1.0, 12.0 ] }
					}
				}
			]
		},
		{
			"name": "CoilBaseTop",
			"from": [ 4.0, 13.0, 0.0 ],
			"to": [ 12.0, 14.0, 2.0 ],
			"rotationOrigin": [ 4.0, 13.0, 0.0 ],
			"faces": {
				"north": { "texture": "#wornsteel", "uv": [ 0.0, 0.0, 8.0, 1.0 ] },
				"east": { "texture": "#wornsteel", "uv": [ 0.0, 0.0, 2.0, 1.0 ] },
				"west": { "texture": "#wornsteel", "uv": [ 0.0, 0.0, 2.0, 1.0 ] },
				"up": { "texture": "#wornsteel", "uv": [ 0.0, 0.0, 8.0, 2.0 ] },
				"down": { "texture": "#wornsteel", "uv": [ 0.0, 0.0, 8.0, 2.0 ] }
			},
			"children": [
				{
					"name": "Cube7",
					"from": [ -2.0, 0.0, 2.0 ],
					"to": [ 10.0, 1.0, 4.0 ],
					"rotationOrigin": [ -2.0, 0.0, 2.0 ],
					"faces": {
						"north": { "texture": "#wornsteel", "uv": [ 0.0, 0.0, 12.0, 1.0 ] },
						"east": { "texture": "#wornsteel", "uv": [ 0.0, 0.0, 2.0, 1.0 ] },
						"west": { "texture": "#wornsteel", "uv": [ 0.0, 0.0, 2.0, 1.0 ] },
						"up": { "texture": "#wornsteel", "uv": [ 0.0, 0.0, 12.0, 2.0 ] },
						"down": { "texture": "#wornsteel", "uv": [ 0.0, 0.0, 12.0, 2.0 ] }
					}
				},
				{
					"name": "Cube8",
					"from": [ -4.0, 0.0, 4.0 ],
					"to": [ 12.0, 1.0, 12.0 ],
					"rotationOrigin": [ -4.0, 0.0, 4.0 ],
					"faces": {
						"north": { "texture": "#wornsteel", "uv": [ 0.0, 0.0, 16.0, 1.0 ] },
						"east": { "texture": "#wornsteel", "uv": [ 0.0, 0.0, 8.0, 1.0 ] },
						"south": { "texture": "#wornsteel", "uv": [ 0.0, 0.0, 16.0, 1.0 ] },
						"west": { "texture": "#wornsteel", "uv": [ 0.0, 0.0, 8.0, 1.0 ] },
						"up": { "texture": "#wornsteel", "uv": [ 0.0, 0.0, 16.0, 8.0 ] },
						"down": { "texture": "#wornsteel", "uv": [ 0.0, 0.0, 16.0, 8.0 ] }
					}
				},
				{
					"name": "Cube9",
					"from": [ -2.0, 0.0, 12.0 ],
					"to": [ 10.0, 1.0, 14.0 ],
					"rotationOrigin": [ -2.0, 0.0, 12.0 ],
					"faces": {
						"east": { "texture": "#wornsteel", "uv": [ 0.0, 0.0, 2.0, 1.0 ] },
						"south": { "texture": "#wornsteel", "uv": [ 0.0, 0.0, 12.0, 1.0 ] },
						"west": { "texture": "#wornsteel", "uv": [ 0.0, 0.0, 2.0, 1.0 ] },
						"up": { "texture": "#wornsteel", "uv": [ 0.0, 0.0, 12.0, 2.0 ] },
						"down": { "texture": "#wornsteel", "uv": [ 0.0, 0.0, 12.0, 2.0 ] }
					}
				},
				{
					"name": "Cube10",
					"from": [ 0.0, 0.0, 14.0 ],
					"to": [ 8.0, 1.0, 16.0 ],
					"rotationOrigin": [ 0.0, 0.0, 14.0 ],
					"faces": {
						"east": { "texture": "#wornsteel", "uv": [ 0.0, 0.0, 2.0, 1.0 ] },
						"south": { "texture": "#wornsteel", "uv": [ 0.0, 0.0, 8.0, 1.0 ] },
						"west": { "texture": "#wornsteel", "uv": [ 0.0, 0.0, 2.0, 1.0 ] },
						"up": { "texture": "#wornsteel", "uv": [ 0.0, 0.0, 8.0, 2.0 ] },
						"down": { "texture": "#wornsteel", "uv": [ 0.0, 0.0, 8.0, 2.0 ] }
					}
				}
			]
		},
		{
			"name": "Cube15",
			"from": [ 7.0, 1.0, 0.0 ],
			"to": [ 9.0, 13.0, 1.0 ],
			"rotationOrigin": [ 7.0, 1.0, 0.0 ],
			"faces": {
				"north": { "texture": "#wornsteel", "uv": [ 0.0, 0.0, 2.0, 12.0 ] },
				"east": { "texture": "#wornsteel", "uv": [ 0.0, 0.0, 1.0, 12.0 ] },
				"west": { "texture": "#wornsteel", "uv": [ 0.0, 0.0, 1.0, 12.0 ] }
			}
		},
		{
			"name": "Cube16",
			"from": [ 7.0, 1.0, 15.0 ],
			"to": [ 9.0, 13.0, 16.0 ],
			"rotationOrigin": [ 7.0, 1.0, 15.0 ],
			"faces": {
				"east": { "texture": "#wornsteel", "uv": [ 0.0, 0.0, 1.0, 12.0 ] },
				"south": { "texture": "#wornsteel", "uv": [ 0.0, 0.0, 2.0, 12.0 ] },
				"west": { "texture": "#wornsteel", "uv": [ 0.0, 0.0, 1.0, 12.0 ] }
			}
		},
		{
			"name": "Cube17",
			"from": [ 0.0, 1.0, 7.0 ],
			"to": [ 1.0, 13.0, 9.0 ],
			"rotationOrigin": [ 0.0, 1.0, 7.0 ],
			"faces": {
				"north": { "texture": "#wornsteel", "uv": [ 0.0, 0.0, 1.0, 12.0 ] },
				"south": { "texture": "#wornsteel", "uv": [ 0.0, 0.0, 1.0, 12.0 ] },
				"west": { "texture": "#wornsteel", "uv": [ 0.0, 0.0, 2.0, 12.0 ] }
			}
		},
		{
			"name": "Cube18",
			"from": [ 15.0, 1.0, 7.0 ],
			"to": [ 16.0, 13.0, 9.0 ],
			"rotationOrigin": [ 15.0, 1.0, 7.0 ],
			"faces": {
				"north": { "texture": "#wornsteel", "uv": [ 0.0, 0.0, 1.0, 12.0 ] },
				"east": { "texture": "#wornsteel", "uv": [ 0.0, 0.0, 2.0, 12.0 ] },
				"south": { "texture": "#wornsteel", "uv": [ 0.0, 0.0, 1.0, 12.0 ] }
			}
		}
	]}