[
  {
    "dependsOn": [{ "modid": "realsmoke" }, { "modid": "chiseltools" }],
    "file": "chiseltools:blocktypes/chiseledfirepit.json",
    "op": "addmerge",
    "path": "/entityBehaviors",
    "value": [
      {
        "name": "BlockEntityBehaviorRealSmokeEmitter",
        "properties": {
          "smokeProduction": 6,
          "isSmoking": "IsBurning",
          "extinguishFunction": "CoolNow",
          "temperatureFunction": "furnaceTemperature",
          "ventAbove": 1,
          "canVentSideways": true
        }
      }
    ]
  },
  {
    "dependsOn": [{ "modid": "realsmoke" }, { "modid": "chiseltools" }],
    "file": "chiseltools:blocktypes/chiseledfirepit.json",
    "op": "remove",
    "path": "/particlePropertiesByType/chiseledfirepit-lit/1"
  }
]
