[
  {
    "dependsOn": [{ "modid": "realsmoke" }, { "modid": "chiseltools" }],
    "file": "chiseltools:blocktypes/chiseledchimney.json",
    "op": "addmerge",
    "path": "/entityBehaviors",
    "value": [
      {
        "name": "BlockEntityBehaviorRealGasPump",
        "properties": {
          "inputLocation": "below",
          "outputLocations": ["above"],
          "outputDistanceFromInput": 1,
          "amountLimit": 64
        }
      }
    ]
  },
  {
    "dependsOn": [{ "modid": "realsmoke" }, { "modid": "chiseltools" }],
    "file": "chiseltools:blocktypes/chiseledchimney.json",
    "op": "remove",
    "path": "/particlePropertiesByType/*/0"
  }
]
