{
    "code": "seraph-figurine",
    "class": "Item",
    "maxStackSize": 8,
    "variantcode": "{activity}",


    "variantgroups": [

        {
            "code": "activity",
            "states": [ "camping", "smithing", "farming", "training" ]
        }

    ],

    "allowedVariants": [
        "seraph-figurine-camping",
        "seraph-figurine-smithing",
        "seraph-figurine-farming",
        "seraph-figurine-training"



    ],


    "shapeByType": {
        "seraph-figurine-camping": { "base": "figurines:item/seraph/seraph-figurine-camping" },
        "seraph-figurine-smithing": { "base": "figurines:item/seraph/seraph-figurine-smithing" },
        "seraph-figurine-farming": { "base": "figurines:item/seraph/seraph-figurine-farming" },
        "seraph-figurine-training": { "base": "figurines:item/seraph/seraph-figurine-training" }


    },

    "textures": {
        "seraph": { "base": "figurines:item/seraph/seraph" },
        "base": { "base": "figurines:item/base/base" }

    },

    "creativeinventoryByType": {
        "*": {
            "general": [ "*" ],
            "figurines": [ "*" ]
        }
    },

    "guiTransformByType": {
        "*": {
            "translation": {
                "x": 0,
                "y": 0,
                "z": 0
            },
            "rotation": {
                "x": -18,
                "y": -52,
                "z": 180
            },
            "origin": {
                "x": 0.5,
                "y": 0.1,
                "z": 0.5
            },
            "scale": 6
        }
    },

    "tpHandTransformByType": {
        "*": {
            "translation": {
                "x": -1.0,
                "y": -0.5,
                "z": -0.48
            },
            "rotation": {
                "x": 0,
                "y": -180,
                "z": 90
            },
            "scale": 1.05
        }
    },

    "groundTransformByType": {
        "*": {
            "translation": {
                "x": -0,
                "y": -0,
                "z": 0
            },
            "rotation": {
                "x": 90,
                "y": 4,
                "z": -3
            },
            "origin": {
                "x": 0.5,
                "y": 0.1,
                "z": 0.55
            },
            "scale": 6
        }
    },

    "attributes": {
        "groundstorable": true,
        "displaycaseable": true,
        "shelvable": true,
        "moldrackable": true,
        "groundStorageTransformByType": {
            "*": {
                "translation": {
                    "x": 0,
                    "y": 0,
                    "z": 0
                },
                "rotation": {
                    "x": 90,
                    "y": 90,
                    "z": -90
                },
                "origin": {
                    "x": 0.5,
                    "y": 0.0,
                    "z": 0.5
                },
                "scale": 1.2
            }
        },
        "onDisplayTransformByType": {
            "*": {
                "translation": {
                    "x": 0,
                    "y": 0,
                    "z": 0
                },
                "rotation": {
                    "x": 90,
                    "y": 90,
                    "z": -90
                },
                "origin": {
                    "x": 0.5,
                    "y": 0.0,
                    "z": 0.5
                },
                "scale": 1.4
            }
        },
        "onshelfTransformByType": {
            "*": {
                "translation": {
                    "x": 0,
                    "y": 0,
                    "z": 0
                },
                "rotation": {
                    "x": 90,
                    "y": 90,
                    "z": -90
                },
                "origin": {
                    "x": 0.5,
                    "y": 0.0,
                    "z": 0.5
                },
                "scale": 1.2
            }
        },
        "onmoldrackTransformByType": {
            "*": {
                "translation": {
                    "x": 0.44,
                    "y": 0.07,
                    "z": 0.25
                },
                "rotation": {
                    "x": 0,
                    "y": 90,
                    "z": 0
                },
                "origin": {
                    "x": 0.5,
                    "y": 0.0,
                    "z": 0.5
                },
                "scale": 1.2
            }
        }
    },

    "behaviors": [
        {
            "name": "GroundStorable",
            "properties": {
                "layout": "quadrants",
                "rotation": true,
                "wallOffYByType": { "*": 1 },
                "ctrlKey": true,
                "selectionBox": {
                    "x1": 0,
                    "y1": 0,
                    "z1": 0,
                    "x2": 1,
                    "y2": 0.1,
                    "z2": 1
                },
                "collisionBox": {
                    "x1": 0,
                    "y1": 0,
                    "z1": 0,
                    "x2": 0,
                    "y2": 0,
                    "z2": 0
                }
            }
        }
    ]
}







   


