[
    {
        "file": "game:itemtypes/tool/firestarter",
        "op": "add",
        "path": "/storageFlags",
        "value": 257
    },
    {
        "file": "game:itemtypes/tool/firestarter",
        "op": "replace",
        "path": "/fpHandTransform",
        "value": {
            "translation": { "x": 0, "y": 0, "z": 0 },
            "rotation": { "x": 0, "y": 0, "z": 0 },
            "origin": { "x": 0.5, "y": 0.5, "z": 0.5 },
            "scale": 1.0
        }
    }
]
