{
	"code": "ladder",
	"class": "ladder",
	"creativeinventory": {
		"general": [ "*-north" ],
		"Ladder Mod": [ "*" ]
	},
	"attributesByType": {
		"ladder-north": { "handbook": { "groupBy": [ "*" ] } },
		"*": { "handbook": { "exclude": true } }
	},
	"variantgroups": [
		{
			"code": "side",
			"loadFromProperties": "abstract/horizontalorientation"
		}
	],

	"shapeByType": {
		"*-north": {
			"base": "block/ladder",
			"rotateY": 180
		},
		"*-east": {
			"base": "block/ladder",
			"rotateY": 90
		},
		"*-south": {
			"base": "block/ladder",
			"rotateY": 0
		},
		"*-west": {
			"base": "block/ladder",
			"rotateY": 270
		}
	},

	"guiTransform": {
		"translation": {
			"x": 0,
			"y": 53,
			"z": 0
		},
		"rotation": {
			"x": -8,
			"y": -137,
			"z": 4
		},
		"scale": 1.19
	},


	"drops": [
		{
			"type": "block",
			"code": "ladder-north"
		}
	],


	"behaviors": [
		{ "name": "RightClickPickup" },
		{ "name": "BreakIfFloating" },
		{ "name": "HorizontalOrientable" },
		{
			"name": "Multiblock",
			"properties": {
				"sizex": 1,
				"sizey": 3,
				"sizez": 1,
				"cposition": {
					"x": 0,
					"y": 0,
					"z": 0
				}
			}
		}
	],
	"rainPermeable": true,
	"lightAbsorption": 0,
	"climbable": true,
	"blockmaterial": "Wood",
	"resistance": 1,
	"materialDensity": 0,
	"maxstacksize": 1,
	"sideopaque": {
		"all": false
	},

	"sounds": {
		"place": "game:block/planks",
		"hit": "game:block/planks",
		"break": "game:block/planks",
		"walk": "game:walk/wood"
	}


}