﻿[
  {
    "ingredientPattern": "WLB,PWR",
    "ingredients": {
      "B": {"type": "item", "code": "maltiezfirearms:barrel-musket-steel", "quantity": 1},
      "P": {"type": "item", "code": "game:metalplate-brass", "quantity": 1},
      "L": {"type": "item", "code": "maltiezfirearms:lock-flintlock-steel", "quantity": 1},
      "W": {"type": "item", "code": "game:plank-*", "quantity": 2},
      "R": {"type": "item", "code": "maltiezfirearms:ramrod-musket-steel", "quantity": 1}
    },
    "width": 3,
    "height": 2,
    "output": {"type": "item", "code": "maltiezfirearms:firearm-musket-steel"}
  }
]