[
  {
    "ingredientPattern": "LLB,MWR",
    "ingredients": {
      "B": {"type": "item", "code": "maltiezfirearms:barrel-pistol-{metal1}", "quantity": 1},
      "M": {"type": "item", "code": "game:metalplate-brass", "quantity": 2},
      "L": {"type": "item", "code": "maltiezfirearms:lock-wheellock-{metal2}", "quantity": 1},
      "W": {"type": "item", "code": "game:plank-*", "quantity": 2},
      "R": {"type": "item", "code": "maltiezfirearms:ramrod-pistol-{metal3}", "quantity": 1}
    },
    "allowedVariants": {
      "metal1": ["tinbronze", "bismuthbronze", "blackbronze"],
      "metal2": ["tinbronze", "bismuthbronze", "blackbronze"],
      "metal3": ["tinbronze", "bismuthbronze", "blackbronze"]
    },
    "width": 3,
    "height": 2,
    "output": {"type": "item", "code": "maltiezfirearms:firearm-superimposed-{metal1}"}
  }
]