[
  {
    "file": "game:entities/humanoid/player",
    "op": "Add",
    "path": "/client/animations/-",
    "value": {
      "code": "Painting",
      "animation": "Painting",
      "blendMode": "AddAverage",
      "weight": 0.0,
      "easeInSpeed": 5.0,
      "easeOutSpeed": 5.0,
      "elementWeight": {
        "UpperArmR": 50,
        "LowerArmR": 50,
        "UpperArmL": 10,
        "LowerArmL": 10
      },
      "elementBlendMode": {
        "UpperArmR": "AddAverage",
        "LowerArmR": "AddAverage",
        "UpperArmL": "AddAverage",
        "LowerArmL": "AddAverage"
      }
    }
  },
  {
    "file": "game:shapes/entity/humanoid/seraph-faceless",
    "op": "Add",
    "path": "/animations/-",
    "value": {
      "name": "Painting",
      "code": "Painting",
      "quantityframes": 20,
      "onActivityStopped": "EaseOut",
      "onAnimationEnd": "Repeat",
      "keyframes": [
        {                               
					"frame": 0,
					"elements": {
						"UpperArmL": { "rotationX": -40.0, "rotationY": 0.0, "rotationZ": -25.0 },
						"LowerArmL": { "rotationX": 108.0, "rotationY": 0.0, "rotationZ": -22.0 },
						"UpperArmR": { "rotationX": 10.0, "rotationY": -50.0, "rotationZ": -60.0 },
						"LowerArmR": { "rotationX": 36.0, "rotationY": 20.0, "rotationZ": -40.0 }
					}
				},
				{
					"frame": 10,
					"elements": {
						"UpperArmR": { "rotationX": 20.0, "rotationY": -50.0, "rotationZ": -60.0 },
						"LowerArmR": { "rotationX": 36.0, "rotationY": 0.0, "rotationZ": -50.0 }
          }
        }
      ]
    }
  }
]
