[
  {
    "file": "game:entities/humanoid/player",
    "op": "Add",
    "path": "/client/animations/-",
    "value": {
      "code": "waitingpainting",
      "animation": "waitingpainting",
      "blendMode": "AddAverage",
      "weight": 0.0,
      "easeInSpeed": 5.0,
      "easeOutSpeed": 5.0,
      "elementWeight": {
        "UpperArmR": 10,
        "LowerArmR": 10,
        "UpperArmL": 10,
        "LowerArmL": 10
      },
      "elementBlendMode": {
        "UpperArmR": "AddAverage",
        "LowerArmR": "AddAverage",
        "UpperArmL": "AddAverage",
        "LowerArmL": "AddAverage"
      }
    }
  },
  {
    "file": "game:shapes/entity/humanoid/seraph-faceless",
    "op": "Add",
    "path": "/animations/-",
    "value": {
      "name": "waitingpainting",
      "code": "waitingpainting",
      "quantityframes": 10,
      "onActivityStopped": "EaseOut",
      "onAnimationEnd": "Repeat",
      "keyframes": [
        {
          "frame": 0,
					"elements": {
						"UpperArmL": { "rotationX": -40.0, "rotationY": 0.0, "rotationZ": -25.0 },
						"LowerArmL": { "rotationX": 108.0, "rotationY": 0.0, "rotationZ": -22.0 },
						"UpperArmR": { "rotationX": 0.0, "rotationY": 0.0, "rotationZ": -25.0 },
						"LowerArmR": { "rotationX": -50.0, "rotationY": 39.0, "rotationZ": -94.0 }
          }
        }
      ]
    }
  }
]
