[
  {
    "op": "addmerge",
    "path": "/client/animations",
    "value": [
      {
        "code": "sitflooridlecomfy",
        "animation": "sitflooridlecomfy",
        "blendMode": "Average", 
        "easeInSpeed": 2,
        "elementWeight": {
          "LowerTorso": 80,
          "UpperTorso": 80,
          "UpperFootR": 80,
          "UpperFootL": 80,
          "LowerFootR": 80,
          "LowerFootL": 80,
          "UpperArmR": 80,
          "UpperArmL": 80,
          "LowerArmR": 80,
          "LowerArmL": 100
        },
        "elementBlendMode": {
          "LowerTorso": "Average",
          "UpperTorso": "Average",
          "UpperFootR": "Average",
          "UpperFootL": "Average",
          "LowerFootR": "Average",
          "LowerFootL": "Average",
          "UpperArmR": "Average",
          "UpperArmL": "Average",
          "LowerArmR": "Average",
          "LowerArmL": "Average"
        }
      }
    ],
    "file": "game:entities/humanoid/player.json",
    "side": "Server"
  }
]