{
	"editor": {
		"collapsedPaths": "Root",
		"allAngles": false,
		"entityTextureMode": false
	},
	"textureWidth": 16,
	"textureHeight": 16,
	"textureSizes": {
	},
	"textures": {
		"material": "game:block/wood/debarked/mossy"
	},
	"elements": [
		{
			"name": "origin",
			"from": [ 8.0, 0.0, 8.0 ],
			"to": [ 8.0, 0.0, 8.0 ],
			"rotationOrigin": [ 8.0, 0.0, 8.0 ],
			"faces": {
			},
			"children": [
				{
					"name": "N frame",
					"from": [ -8.0, 0.0, -8.0 ],
					"to": [ 8.0, 3.0, -5.0 ],
					"rotationOrigin": [ 0.0, 1.5, -6.5 ],
					"faces": {
						"north": { "texture": "#material", "uv": [ 0.0, 10.0, 16.0, 13.0 ] },
						"east": { "texture": "#material", "uv": [ 13.0, 7.0, 16.0, 10.0 ] },
						"south": { "texture": "#material", "uv": [ 0.0, 10.0, 16.0, 13.0 ] },
						"west": { "texture": "#material", "uv": [ 13.0, 7.0, 16.0, 10.0 ] },
						"up": { "texture": "#material", "uv": [ 0.0, 13.0, 16.0, 16.0 ] },
						"down": { "texture": "#material", "uv": [ 0.0, 13.0, 16.0, 16.0 ] }
					},
					"children": [
						{
							"name": "S frame",
							"from": [ 0.0, 0.0, 13.0 ],
							"to": [ 16.0, 3.0, 16.0 ],
							"rotationOrigin": [ 8.0, 1.5, 15.0 ],
							"faces": {
								"north": { "texture": "#material", "uv": [ 0.0, 13.0, 16.0, 16.0 ] },
								"east": { "texture": "#material", "uv": [ 13.0, 7.0, 16.0, 10.0 ] },
								"south": { "texture": "#material", "uv": [ 0.0, 13.0, 16.0, 16.0 ] },
								"west": { "texture": "#material", "uv": [ 13.0, 7.0, 16.0, 10.0 ] },
								"up": { "texture": "#material", "uv": [ 0.0, 13.0, 16.0, 16.0 ], "rotation": 180 },
								"down": { "texture": "#material", "uv": [ 0.0, 10.0, 16.0, 13.0 ] }
							},
							"children": [
								{
									"name": "handle",
									"from": [ 7.0, -0.5, 0.5 ],
									"to": [ 9.0, 3.5, 2.5 ],
									"rotationOrigin": [ 8.0, 1.5, 1.5 ],
									"rotationY": -45.0,
									"faces": {
										"north": { "texture": "#material", "uv": [ 12.0, 0.5, 14.0, 4.5 ] },
										"east": { "texture": "#material", "uv": [ 13.0, 0.5, 15.0, 4.5 ] },
										"south": { "texture": "#material", "uv": [ 12.5, 0.5, 14.5, 4.5 ] },
										"west": { "texture": "#material", "uv": [ 12.5, 1.0, 14.5, 5.0 ] },
										"up": { "texture": "#material", "uv": [ 14.0, 5.0, 16.0, 7.0 ] },
										"down": { "texture": "#material", "uv": [ 14.0, 5.0, 16.0, 7.0 ] }
									}
								}
							]
						},
						{
							"name": "W frame",
							"from": [ 0.0, 0.0, 3.0 ],
							"to": [ 2.0, 3.0, 13.0 ],
							"rotationOrigin": [ 1.0, 1.5, 3.0 ],
							"faces": {
								"east": { "texture": "#material", "uv": [ 0.0, 13.0, 10.0, 16.0 ] },
								"west": { "texture": "#material", "uv": [ 3.0, 13.0, 13.0, 16.0 ] },
								"up": { "texture": "#material", "uv": [ 0.0, 7.5, 10.0, 9.5 ], "rotation": 90 },
								"down": { "texture": "#material", "uv": [ 2.0, 7.5, 12.0, 9.5 ], "rotation": 90 }
							}
						},
						{
							"name": "E frame",
							"from": [ 14.0, 0.0, 3.0 ],
							"to": [ 16.0, 3.0, 13.0 ],
							"rotationOrigin": [ 15.0, 1.5, 3.0 ],
							"faces": {
								"east": { "texture": "#material", "uv": [ 0.0, 13.0, 10.0, 16.0 ] },
								"west": { "texture": "#material", "uv": [ 0.0, 10.0, 10.0, 13.0 ] },
								"up": { "texture": "#material", "uv": [ 0.5, 7.5, 10.5, 9.5 ], "rotation": 90 },
								"down": { "texture": "#material", "uv": [ 0.0, 7.5, 10.0, 9.5 ], "rotation": 90 }
							}
						},
						{
							"name": "Inside 1",
							"from": [ 2.0, 0.4, 3.0 ],
							"to": [ 14.0, 2.4, 5.0 ],
							"rotationOrigin": [ 2.0, 1.4, 4.0 ],
							"faces": {
								"south": { "texture": "#material", "uv": [ 0.0, 4.0, 12.0, 6.0 ], "windMode": [-1,-1,-1,-1] },
								"up": { "texture": "#material", "uv": [ 0.0, 4.0, 12.0, 6.0 ] },
								"down": { "texture": "#material", "uv": [ 0.0, 0.0, 12.0, 2.0 ] }
							}
						},
						{
							"name": "Inside 2",
							"from": [ 2.0, 0.7, 5.0 ],
							"to": [ 14.0, 2.7, 7.0 ],
							"rotationOrigin": [ 14.0, 1.7, 6.0 ],
							"faces": {
								"north": { "texture": "#material", "uv": [ 0.0, 7.5, 12.0, 9.5 ], "windMode": [-1,-1,-1,-1] },
								"south": { "texture": "#material", "uv": [ 0.0, 5.5, 12.0, 7.5 ] },
								"up": { "texture": "#material", "uv": [ 0.0, 6.0, 12.0, 8.0 ] },
								"down": { "texture": "#material", "uv": [ 0.0, 6.0, 12.0, 8.0 ] }
							}
						},
						{
							"name": "Inside 3",
							"from": [ 2.0, 0.4, 7.0 ],
							"to": [ 14.0, 2.4, 9.0 ],
							"rotationOrigin": [ 2.0, 1.4, 8.0 ],
							"faces": {
								"north": { "texture": "#material", "uv": [ 0.0, 5.5, 12.0, 7.5 ], "windMode": [-1,-1,-1,-1] },
								"south": { "texture": "#material", "uv": [ 0.0, 5.5, 12.0, 7.5 ] },
								"up": { "texture": "#material", "uv": [ 0.0, 4.0, 12.0, 6.0 ] },
								"down": { "texture": "#material", "uv": [ 0.0, 4.0, 12.0, 6.0 ] }
							}
						},
						{
							"name": "Inside 4",
							"from": [ 2.0, 0.7, 9.0 ],
							"to": [ 14.0, 2.7, 11.0 ],
							"rotationOrigin": [ 14.0, 1.7, 10.0 ],
							"faces": {
								"north": { "texture": "#material", "uv": [ 0.0, 2.0, 12.0, 4.0 ], "windMode": [-1,-1,-1,-1] },
								"south": { "texture": "#material", "uv": [ 0.0, 2.0, 12.0, 4.0 ] },
								"up": { "texture": "#material", "uv": [ 0.0, 2.0, 12.0, 4.0 ] },
								"down": { "texture": "#material", "uv": [ 0.0, 2.0, 12.0, 4.0 ] }
							}
						},
						{
							"name": "Inside 5",
							"from": [ 2.0, 0.4, 11.0 ],
							"to": [ 14.0, 2.4, 13.0 ],
							"rotationOrigin": [ 2.0, 1.4, 12.0 ],
							"faces": {
								"north": { "texture": "#material", "uv": [ 0.0, 0.0, 12.0, 2.0 ], "windMode": [-1,-1,-1,-1] },
								"up": { "texture": "#material", "uv": [ 0.0, 0.0, 12.0, 2.0 ] },
								"down": { "texture": "#material", "uv": [ 0.0, 0.0, 12.0, 2.0 ] }
							}
						}
					]
				}
			]
		}
	],
	"animations": [
		{
			"name": "opened",
			"code": "opened",
			"quantityframes": 2,
			"onActivityStopped": "EaseOut",
			"onAnimationEnd": "Repeat",
			"keyframes": [
				{
					"frame": 0,
					"elements": {
						"N frame": { "rotationX": -90.0, "rotationY": 0.0, "rotationZ": 0.0 }
					}
				}
			]
		}
	]
}

