{
	"code": "companionhelmet",
	"variantgroups": [ { "code": "type", "states": [ "skullhelmetdirewolf" ] } ],
	"attributes": {
		"attachableToEntity": {
			"categoryCode": "helmet-direwolf"
		}, 
		"attachedShape": { "base": "item/wearable/direwolf/direwolfskullhelmet" },
		"isBridle": true,
		"controlScheme": "Hold"
	},
	"behaviors": [
		{
			"name": "GroundStorable",
			"properties": {
				"layout": "SingleCenter",
				"collisionBox": {
					"x1": 0, "y1": 0, "z1": 0,
					"x2": 1, "y2": 0.125, "z2": 1
				}
			}
		}
	],
	"shape": { "base": "item/wearable/direwolf/direwolfskullhelmet" },
	"maxstacksize": 1,
	"heldTpIdleAnimation": "holdunderarm",
	"creativeinventory": {
		"general": [
			"*"
		],
		"items": [
			"*"
		],
		"clothing": [
			"*"
		]
	},
	"guiTransform": {
		"translation": { "x": 0.1, "y": -4, "z": 0.3 },
		"rotation": { "x": 120, "y": -60, "z": -45 },
		"origin": { "x": 0.1, "y": 0.3, "z": 0.3 },
		"scale": 2.52
	},
	"groundTransform": {
		"rotation": { "x": 0, "y": 45, "z": 180 },
		"scale": 3.5
	},
	"fpHandTransform": {
		"translation": {
			"x": 0.5,
			"y": 0,
			"z": 0
		},
		"rotation": {
			"x": -2,
			"y": 50,
			"z": 1
		},
		"origin": {
			"x": 0,
			"y": 0,
			"z": 0
		},
		"scale": 2.41
	},
	"tpHandTransform": {
		"translation": {
			"x": -0.1,
			"y": 0.3,
			"z": -0.05
		},
		"rotation": {
			"x": 21,
			"y": -170,
			"z": 22
		},
		"origin": {
			"x": 0,
			"y": 0,
			"z": 0
		},
		"scale": 0.65
	}
}