﻿[
  {
    "ingredientPattern": "H,S,F",
    "ingredients": {
      "H": {"type": "item", "code": "morearrows:part-arrowhead-barbed-*", "name": "metal"},
      "S": {"type": "item", "code": "game:stick"},
      "F": {"type": "item", "code": "game:feather"}
    },
    "width": 1,
    "height": 3,
    "output": {"type": "item", "code": "morearrows:arrow-barbed-{metal}", "quantity": 1}
  },
  {
    "ingredientPattern": "H,S,F",
    "ingredients": {
      "H": {"type": "item", "code": "morearrows:part-arrowhead-blunt-*", "name": "metal"},
      "S": {"type": "item", "code": "game:stick"},
      "F": {"type": "item", "code": "game:feather"}
    },
    "width": 1,
    "height": 3,
    "output": {"type": "item", "code": "morearrows:arrow-blunt-{metal}", "quantity": 1}
  },
  {
    "ingredientPattern": "H,S,F",
    "ingredients": {
      "H": {"type": "item", "code": "morearrows:part-arrowhead-bodkin-*", "name": "metal"},
      "S": {"type": "item", "code": "game:stick"},
      "F": {"type": "item", "code": "game:feather"}
    },
    "width": 1,
    "height": 3,
    "output": {"type": "item", "code": "morearrows:arrow-bodkin-{metal}", "quantity": 1}
  }
]