{
    "code": "cobbleroadslab",
    "variantgroups": [
        {
            "code": "stone",
            "states": [
                "andesite",
                "basalt",
                "bauxite",
                "granite",
                "peridotite"
            ]
        },
        {
            "code": "soil",
            "states": [
                "verylow",
                "low",
                "medium"
            ]
        },
        {
			"code": "orientation",
			"states": [
				"n",
				"w"
			]
		}
    ],
    "attributes": {
		"canChisel": false,
        "mapColorCode": "road",
        "partialAttachable": true,
		"liquidBarrierOnSidesByType": {
		   "*": [ 0.5, 0.5, 0.5, 0.5 ]
		}
	},
    "creativeinventory": {
        "general": ["*-n"], "morefloors": ["*-n"]
    },
    "behaviors": [
		{
			"name": "WrenchOrientable",
			"properties": {
				"baseCode": "morefloors:cobbleroadslab-{stone}-{soil}"
			}
		}
	],
    "blockmatetial": "Stone",
    "shape": {
        "base": "game:block/basic/slab/slab-down"
    },
    "texturesByType": {
        "*-n": {
            "up": {
                "base": "morefloors:block/cobbleroad/cobbleroad-up-{stone}-fert{soil}_*"
            },
            "down": {
                "base": "game:block/soil/fert{soil}"
            },
            "north": {
                "base": "morefloors:block/cobbleroad/slabs/cobbleroad-north-{stone}-fert{soil}"
            },
            "south": {
                "base": "game:block/soil/fert{soil}"
            },
            "east": {
                "base": "morefloors:block/cobbleroad/slabs/cobbleroad-east-{stone}-fert{soil}"
            },
            "west": {
                "base": "morefloors:block/cobbleroad/slabs/cobbleroad-west-{stone}-fert{soil}"
            }
        },
        "*-w": {
            "up": {
                "base": "morefloors:block/cobbleroad/cobbleroad-up-{stone}-fert{soil}_*",
                "rotation": 90
            },
            "down": {
                "base": "game:block/soil/fert{soil}",
                "rotation": 90
            },
            "north": {
                "base": "morefloors:block/cobbleroad/slabs/cobbleroad-east-{stone}-fert{soil}"
            },
            "south": {
                "base": "morefloors:block/cobbleroad/slabs/cobbleroad-west-{stone}-fert{soil}"
            },
            "east": {
                "base": "game:block/soil/fert{soil}"
            },
            "west": {
                "base": "morefloors:block/cobbleroad/slabs/cobbleroad-north-{stone}-fert{soil}"
            }
        }
    },
    "collisionbox": { 
        "x1": 0, "y1": 0, "z1": 0,   "x2": 1, "y2": 0.5, "z2": 1
    },
    "selectionbox": { "x1": 0, "y1": 0, "z1": 0,   "x2": 1, "y2": 0.5, "z2": 1 },
    "sidesolid": {
        "all": false
    },
    "sideopaque": {
        "all": false
    },
    "resistance": 3,
    "walkspeedmultiplier": 1.4,
    "sounds": {
        "break": "game:effect/stonecrush",
        "walk": "game:walk/stone*",
        "byTool": {
            "Pickaxe": { "hit": "game:block/rock-hit-pickaxe", "break": "game:block/rock-break-pickaxe" }
        }
    },
    "drops": [
		{
			"type": "block",
			"code": "morefloors:cobbleroadslab-{stone}-{soil}-n"
		}
	],
    "maxStackSize": 16,
    "materialDensity": 2000,
    "guiTransform": {
		"translation": { "x": 0, "y": 2, "z": 0 },
		"origin": { "x": 0.5, "y": 0.25, "z": 0.5 }
	},
	"heldTpIdleAnimation": "holdbothhandslarge", "heldRightReadyAnimation": "heldblockready", "heldTpUseAnimation": "twohandplaceblock",
	"tpHandTransform": {
		"translation": { "x": -1.23, "y": -0.91, "z": -0.8 },
		"rotation": { "x": -2, "y": 25, "z": -78 },
		"scale": 0.4
	}
}