{
	"code": "crudeoil",
	"class": "VEBlockCrudeOil",
	"behaviors":
	[
		{
			"name": "FiniteSpreadingLiquid",
			"properties":
			{
				"spreadDelay": 1000,
				"liquidCollisionSound": "sizzle",
				"sourceReplacementCode": "game:rock-obsidian",
				"flowingReplacementCode": "game:rock-basalt",
				"collidesWith": "lava"
			}
		},
		{
			"name": "FiniteSpreadingLiquid",
			"properties":
			{
				"spreadDelay": 250,
				"liquidCollisionSound": "sizzle",
				"sourceReplacementCode": "game:sludgygravel",
				"flowingReplacementCode": "game:sludgygravel",
				"collidesWith": "water"
			}
		}
	],
	"attributes": {
		"pushVectorByType": {
			"*-n-*": { "x": 0, "y": 0, "z": -0.0015 },
			"*-ne-*": { "x": 0.0015, "y": 0, "z": -0.0015 },
			"*-e-*": { "x": 0.0015, "y": 0, "z": 0 },
			"*-se-*": { "x": 0.0015, "y": 0, "z": 0.0015 },
			"*-s-*": { "x": 0, "y": 0, "z": 0.0015 },
			"*-sw-*": { "x": -0.0015, "y": 0, "z": 0.0015 },
			"*-w-*": { "x": -0.0015, "y": 0, "z": 0 },
			"*-nw-*": { "x": -0.0015, "y": 0, "z": -0.0015 },
			"*-d-*": { "x": 0, "y": -0.003, "z": 0 }
		},
		"waterTightContainerProps": {
			"containable": true,
			"itemsPerLitre": 0.001,
			"whenFilled": { "stack": { "type": "item", "code": "vinteng:crudeoilportion" } },
			"allowSpill": true,
			"whenSpilled": {
				"action": "DropContents",
				"stack": { "type": "item", "code": "vinteng:crudeoilportion" }
			}
		}
	},
	"shape": { "base": "game:block/basic/cube" },
	"variantgroups": [
		{ "code": "flow", "states": ["n", "ne", "e", "se", "s", "sw", "w", "nw", "d", "still"] },
		{ "code": "height", "states": ["1", "2", "3", "4", "5", "6", "7"] }
	],
	"drawtype": "liquid",
	"renderpass": "liquid",
	"matterstate": "liquid",
	"blockmaterial": "liquid",
	"faceCullMode": "liquid",
	"liquidCode": "crudeoil",
	"snowCoverage": false,
	"materialdensity": 3000,
	"creativeinventory": { "general": ["vinteng:crudeoil-still-7"], "terrain": ["vinteng:crudeoil-still-7"] },
	"replaceable": 9500,
	"lightAbsorption": 99,
	"vertexFlags": {
		"windMode": "Bend"
	},
	"drops": [],
	"liquidLevelByType": {
		"*-1": 1,
		"*-2": 2,
		"*-3": 3,
		"*-4": 4,
		"*-5": 5,
		"*-6": 6,
		"*-7": 7
	},
	"textures": {
		"all": { "base": "vinteng:block/liquid/crudeoil" },
		"specialSecondTexture": { "base": "vinteng:block/liquid/crudeoil2" }
	},
	"sidesolid": {
		"all": false
	},
	"sideopaque": {
		"all": false
	},
	"collisionbox": null,
	"selectionbox": null,
	"soundsByType": {
		"crudeoil-still-*": {
			"place": "game:block/water",
			"inside": "game:walk/water",
			"ambient": "game:environment/waterwaves",
			"ambientBlockCount": 50
		},
		"crudeoil-d-*": { "place": "game:block/water", "inside": "game:walk/water", "ambient": "game:environment/waterfall" },
		"*": { "place": "game:block/water", "inside": "game:walk/water", "ambient": "game:environment/creek" }
	},
	"particlePropertiesByType": {
		"crudeoil-*": [
			{
				"hsvaColor": [{ "avg": 10, "var": 0 }, { "avg": 0, "var": 0 }, { "avg": 3, "var": 2 },  { "avg": 255, "var": 10 }],
				"gravityEffect": { "avg": 0.3, "var": 0 },
				"posOffset": [ { "avg": 0, "var": 0.2 }, { "avg": 0.7, "var": 0.2 }, { "avg": 0.5, "var": 0.5 }],
				"velocity": [ { "avg": 0, "var": 0.9 }, { "avg": 4, "var": 0 }, { "avg": 0, "var": 0.9 }],
				"quantity": { "avg": 0.002 },
				"lifeLength": { "avg": 0.5 },
				"size": { "avg": 0.5, "var": 0.2 },
				"sizeEvolve": { "transform": "quadratic", "factor": -0.7 },
				"secondaryParticles": [
					{
						"hsvaColor": [{ "avg": 0, "var": 0 }, { "avg": 0, "var": 0 }, { "avg": 3, "var": 2 },  { "avg": 220, "var": 50 }],
						"opacityEvolve": { "transform": "quadratic", "factor": -16 },
						"gravityEffect": { "avg": 0, "var": 0 },
						"posOffset": [ { "avg": 0, "var": 0.1 }, { "avg": 0, "var": 0 }, { "avg": 0, "var": 0.1 }],
						"velocity": [ { "avg": 0, "var": 0.025 }, { "avg": 0.15, "var": 0.1 }, { "avg": 0, "var": 0.025 }],
						"quantity": { "avg": 1, "var": 1 },
						"size": { "avg": 0.25, "var": 0.1 },
						"sizeEvolve": { "transform": "linear", "factor": 0.5 },
						"dieInLiquid": true,
						"particleModel": "Quad",
						"secondarySpawnInterval": {"avg": 0.15, "var": 0}
					}
				]
			},
			{
				"hsvaColor": [{ "avg": 10, "var": 0 }, { "avg": 0, "var": 0 }, { "avg": 3, "var": 2 },  { "avg": 255, "var": 0 }],
				"gravityEffect": { "avg": 0, "var": 0 },
				"posOffset": [ { "avg": 0, "var": 0.3 }, { "avg": -0.14, "var": 0 }, { "avg": 0, "var": 0.3 }],
				"velocity": [ { "avg": 0 }, { "avg": 0 }, { "avg": 0 }],
				"quantity": { "avg": 0.0005, "var": 0.0005 },
				"size": { "avg": 0.1, "var": 0 },
				"lifeLength": { "avg": 0.9, "var": 0.4 },
				"vertexFlags": 196,
				"sizeEvolve": { "transform": "quadratic", "factor": 1.5 },
				"deathParticles": [
					{
						"hsvaColor": [{ "avg": 30, "var": 20 }, { "avg": 255, "var": 50 }, { "avg": 255, "var": 50 },  { "avg": 255, "var": 0 }],
						"gravityEffect": { "avg": 0.3, "var": 0 },
						"posOffset": [ { "avg": 0, "var": 0.1 }, { "avg": -0.1, "var": 0.1 }, { "avg": 0, "var": 0.1 }],
						"velocity": [ { "avg": 0, "var": 2 }, { "avg": 3.3, "var": 0.5, "dist": "GAUSSIAN" }, { "avg": 0, "var": 2 }],
						"quantity": { "avg": 10, "var": 6 },
						"size": { "avg": 0.4, "var": 0.25 },
						"vertexFlags": 128,
						"sizeEvolve": { "transform": "quadratic", "factor": -0.5 }
					}
				]
			}
		]
	},
	"heldTpIdleAnimation": "holdbothhandslarge", "heldTpUseAnimation": "twohandplaceblock",
	"tpHandtransform": {
		"translation": { "x": -1.2, "y": -1.1, "z": -0.8 },
		"rotation": { "x": -2, "y": 25, "z": -78 },
		"scale": 0.37
	}
}
