{
  "code": "flowercrown-blackroses",
  "perishableProps": {
    "type": "None",
    "freshHours": { "avg": 48 },
    "transitionHours": { "avg": 48 },
    "transitionRatio": 1,
    "transitionedStack": {
      "type": "item",
      "code": "flowercrown-blackroses"
    }
  },
  "shape": { "base": "block/food/meal/liquid" },
  "ingredients": [
    {
      "code": "crown",
      "validStacks": [
        {
          "type": "item",
          "code": "flowercrown-whiteroses"
        }
      ],
      "minQuantity": 1,
      "maxQuantity": 1
    },
    {
      "code": "dye-black",
      "validStacks": [
        {
          "type": "item",
          "code": "game:dye-black",
          "shapeElement": "bowl/water"
        }
      ],
      "minQuantity": 1,
      "maxQuantity": 1,
      "portionSizeLitres": 1
    }
  ],
  "cooksInto": {
    "type": "Item",
    "code": "flowercrown-blackroses",
    "quantity": 1
  }
}