[
  {
    "code": "flowercrown-seaside",
    "perishableProps": {
      "type": "None",
      "freshHours": { "avg": 48 },
      "transitionHours": { "avg": 48 },
      "transitionRatio": 1,
      "transitionedStack": {
        "type": "item",
        "code": "flowercrown-seaside"
      }
    },
    "shape": { "base": "block/food/meal/liquid" },
    "ingredients": [
      {
        "code": "crown",
        "validStacks": [
          {
            "type": "item",
            "code": "flowercrown-whiteroses"
          }
        ],
        "minQuantity": 1,
        "maxQuantity": 1
      },
      {
        "code": "dye-blue",
        "validStacks": [
          {
            "type": "item",
            "code": "game:dye-woad",
            "shapeElement": "bowl/water"
          },
          {
            "type": "item",
            "code": "game:dye-blue",
            "shapeElement": "bowl/water"
          }
        ],
        "minQuantity": 1,
        "maxQuantity": 1,
        "portionSizeLitres": 1
      },
      {
        "code": "dye-green",
        "validStacks": [
          {
            "type": "item",
            "code": "game:dye-green",
            "shapeElement": "bowl/water"
          }
        ],
        "minQuantity": 1,
        "maxQuantity": 1,
        "portionSizeLitres": 1
      }
    ],
    "cooksInto": {
      "type": "Item",
      "code": "flowercrown-seaside",
      "quantity": 1
    }
  },
  {
    "code": "flowercrown-sunset",
    "perishableProps": {
      "type": "None",
      "freshHours": { "avg": 48 },
      "transitionHours": { "avg": 48 },
      "transitionRatio": 1,
      "transitionedStack": {
        "type": "item",
        "code": "flowercrown-seaside"
      }
    },
    "shape": { "base": "block/food/meal/liquid" },
    "ingredients": [
      {
        "code": "crown",
        "validStacks": [
          {
            "type": "item",
            "code": "flowercrown-whiteroses"
          }
        ],
        "minQuantity": 1,
        "maxQuantity": 1
      },
      {
        "code": "dye-pink",
        "validStacks": [
          {
            "type": "item",
            "code": "game:dye-pink",
            "shapeElement": "bowl/water"
          }
        ],
        "minQuantity": 1,
        "maxQuantity": 1,
        "portionSizeLitres": 1
      },
      {
        "code": "dye-orange",
        "validStacks": [
          {
            "type": "item",
            "code": "game:dye-orange",
            "shapeElement": "bowl/water"
          }
        ],
        "minQuantity": 1,
        "maxQuantity": 1,
        "portionSizeLitres": 1
      }
    ],
    "cooksInto": {
      "type": "Item",
      "code": "flowercrown-sunset",
      "quantity": 1
    }
  },
  {
    "code": "flowercrown-change",
    "perishableProps": {
      "type": "None",
      "freshHours": { "avg": 48 },
      "transitionHours": { "avg": 48 },
      "transitionRatio": 1,
      "transitionedStack": {
        "type": "item",
        "code": "flowercrown-change"
      }
    },
    "shape": { "base": "block/food/meal/liquid" },
    "ingredients": [
      {
        "code": "crown",
        "validStacks": [
          {
            "type": "item",
            "code": "flowercrown-whiteroses"
          }
        ],
        "minQuantity": 1,
        "maxQuantity": 1
      },
      {
        "code": "dye-blue",
        "validStacks": [
          {
            "type": "item",
            "code": "game:dye-blue",
            "shapeElement": "bowl/water"
          },
          {
            "type": "item",
            "code": "game:dye-woad",
            "shapeElement": "bowl/water"
          }
        ],
        "minQuantity": 1,
        "maxQuantity": 1,
        "portionSizeLitres": 1
      },
      {
        "code": "dye-pink",
        "validStacks": [
          {
            "type": "item",
            "code": "game:dye-pink",
            "shapeElement": "bowl/water"
          }
        ],
        "minQuantity": 1,
        "maxQuantity": 1,
        "portionSizeLitres": 1
      },
      {
        "code": "dye-white",
        "validStacks": [
          {
            "type": "item",
            "code": "game:dye-white",
            "shapeElement": "bowl/water"
          }
        ],
        "minQuantity": 1,
        "maxQuantity": 1,
        "portionSizeLitres": 1
      }
    ],
    "cooksInto": {
      "type": "Item",
      "code": "flowercrown-change",
      "quantity": 1
    }
  },
  {
    "code": "flowercrown-treefrog",
    "perishableProps": {
      "type": "None",
      "freshHours": { "avg": 48 },
      "transitionHours": { "avg": 48 },
      "transitionRatio": 1,
      "transitionedStack": {
        "type": "item",
        "code": "flowercrown-treefrog"
      }
    },
    "shape": { "base": "block/food/meal/liquid" },
    "ingredients": [
      {
        "code": "crown",
        "validStacks": [
          {
            "type": "item",
            "code": "flowercrown-whiteroses"
          }
        ],
        "minQuantity": 1,
        "maxQuantity": 1
      },
      {
        "code": "dye-green",
        "validStacks": [
          {
            "type": "item",
            "code": "game:dye-green",
            "shapeElement": "bowl/water"
          }
        ],
        "minQuantity": 1,
        "maxQuantity": 1,
        "portionSizeLitres": 1
      },
      {
        "code": "dye-gray",
        "validStacks": [
          {
            "type": "item",
            "code": "game:dye-gray",
            "shapeElement": "bowl/water"
          }
        ],
        "minQuantity": 1,
        "maxQuantity": 1,
        "portionSizeLitres": 1
      },
      {
        "code": "dye-black",
        "validStacks": [
          {
            "type": "item",
            "code": "game:dye-black",
            "shapeElement": "bowl/water"
          }
        ],
        "minQuantity": 1,
        "maxQuantity": 1,
        "portionSizeLitres": 1
      }
    ],
    "cooksInto": {
      "type": "Item",
      "code": "flowercrown-treefrog",
      "quantity": 1
    }
  },
  {
    "code": "flowercrown-orchid",
    "perishableProps": {
      "type": "None",
      "freshHours": { "avg": 48 },
      "transitionHours": { "avg": 48 },
      "transitionRatio": 1,
      "transitionedStack": {
        "type": "item",
        "code": "flowercrown-orchid"
      }
    },
    "shape": { "base": "block/food/meal/liquid" },
    "ingredients": [
      {
        "code": "crown",
        "validStacks": [
          {
            "type": "item",
            "code": "flowercrown-whiteroses"
          }
        ],
        "minQuantity": 1,
        "maxQuantity": 1
      },
      {
        "code": "dye-gray",
        "validStacks": [
          {
            "type": "item",
            "code": "game:dye-gray",
            "shapeElement": "bowl/water"
          }
        ],
        "minQuantity": 1,
        "maxQuantity": 1,
        "portionSizeLitres": 1
      },
      {
        "code": "dye-purple",
        "validStacks": [
          {
            "type": "item",
            "code": "game:dye-purple",
            "shapeElement": "bowl/water"
          }
        ],
        "minQuantity": 1,
        "maxQuantity": 1,
        "portionSizeLitres": 1
      },
      {
        "code": "dye-black",
        "validStacks": [
          {
            "type": "item",
            "code": "game:dye-black",
            "shapeElement": "bowl/water"
          }
        ],
        "minQuantity": 1,
        "maxQuantity": 1,
        "portionSizeLitres": 1
      }
    ],
    "cooksInto": {
      "type": "Item",
      "code": "flowercrown-orchid",
      "quantity": 1
    }
  },
  {
    "code": "flowercrown-complete",
    "perishableProps": {
      "type": "None",
      "freshHours": { "avg": 48 },
      "transitionHours": { "avg": 48 },
      "transitionRatio": 1,
      "transitionedStack": {
        "type": "item",
        "code": "flowercrown-complete"
      }
    },
    "shape": { "base": "block/food/meal/liquid" },
    "ingredients": [
      {
        "code": "crown",
        "validStacks": [
          {
            "type": "item",
            "code": "flowercrown-whiteroses"
          }
        ],
        "minQuantity": 1,
        "maxQuantity": 1
      },
      {
        "code": "dye-yellow",
        "validStacks": [
          {
            "type": "item",
            "code": "game:dye-yellow",
            "shapeElement": "bowl/water"
          }
        ],
        "minQuantity": 1,
        "maxQuantity": 1,
        "portionSizeLitres": 1
      },
      {
        "code": "dye-purple",
        "validStacks": [
          {
            "type": "item",
            "code": "game:dye-purple",
            "shapeElement": "bowl/water"
          }
        ],
        "minQuantity": 1,
        "maxQuantity": 1,
        "portionSizeLitres": 1
      }
    ],
    "cooksInto": {
      "type": "Item",
      "code": "flowercrown-complete",
      "quantity": 1
    }
  },
  {
    "code": "flowercrown-wildberry",
    "perishableProps": {
      "type": "None",
      "freshHours": { "avg": 48 },
      "transitionHours": { "avg": 48 },
      "transitionRatio": 1,
      "transitionedStack": {
        "type": "item",
        "code": "flowercrown-wildberry"
      }
    },
    "shape": { "base": "block/food/meal/liquid" },
    "ingredients": [
      {
        "code": "crown",
        "validStacks": [
          {
            "type": "item",
            "code": "flowercrown-whiteroses"
          }
        ],
        "minQuantity": 1,
        "maxQuantity": 1
      },
      {
        "code": "dye-pink",
        "validStacks": [
          {
            "type": "item",
            "code": "game:dye-pink",
            "shapeElement": "bowl/water"
          }
        ],
        "minQuantity": 1,
        "maxQuantity": 1,
        "portionSizeLitres": 1
      },
      {
        "code": "dye-blue",
        "validStacks": [
          {
            "type": "item",
            "code": "game:dye-blue",
            "shapeElement": "bowl/water"
          },
          {
            "type": "item",
            "code": "game:dye-woad",
            "shapeElement": "bowl/water"
          }
        ],
        "minQuantity": 1,
        "maxQuantity": 1,
        "portionSizeLitres": 1
      },
      {
        "code": "dye-purple",
        "validStacks": [
          {
            "type": "item",
            "code": "game:dye-purple",
            "shapeElement": "bowl/water"
          }
        ],
        "minQuantity": 1,
        "maxQuantity": 1,
        "portionSizeLitres": 1
      }
    ],
    "cooksInto": {
      "type": "Item",
      "code": "flowercrown-wildberry",
      "quantity": 1
    }
  },
  {
    "code": "flowercrown-fireworks",
    "perishableProps": {
      "type": "None",
      "freshHours": { "avg": 48 },
      "transitionHours": { "avg": 48 },
      "transitionRatio": 1,
      "transitionedStack": {
        "type": "item",
        "code": "flowercrown-fireworks"
      }
    },
    "shape": { "base": "block/food/meal/liquid" },
    "ingredients": [
      {
        "code": "crown",
        "validStacks": [
          {
            "type": "item",
            "code": "flowercrown-whiteroses"
          }
        ],
        "minQuantity": 1,
        "maxQuantity": 1
      },
      {
        "code": "dye-pink",
        "validStacks": [
          {
            "type": "item",
            "code": "game:dye-pink",
            "shapeElement": "bowl/water"
          }
        ],
        "minQuantity": 1,
        "maxQuantity": 1,
        "portionSizeLitres": 1
      },
      {
        "code": "dye-yellow",
        "validStacks": [
          {
            "type": "item",
            "code": "game:dye-yellow",
            "shapeElement": "bowl/water"
          }
        ],
        "minQuantity": 1,
        "maxQuantity": 1,
        "portionSizeLitres": 1
      },
      {
        "code": "dye-blue",
        "validStacks": [
          {
            "type": "item",
            "code": "game:dye-blue",
            "shapeElement": "bowl/water"
          },
          {
            "type": "item",
            "code": "game:dye-woad",
            "shapeElement": "bowl/water"
          }
        ],
        "minQuantity": 1,
        "maxQuantity": 1,
        "portionSizeLitres": 1
      }
    ],
    "cooksInto": {
      "type": "Item",
      "code": "flowercrown-fireworks",
      "quantity": 1
    }
  },
  {
    "code": "flowercrown-undefinable",
    "perishableProps": {
      "type": "None",
      "freshHours": { "avg": 48 },
      "transitionHours": { "avg": 48 },
      "transitionRatio": 1,
      "transitionedStack": {
        "type": "item",
        "code": "flowercrown-undefinable"
      }
    },
    "shape": { "base": "block/food/meal/liquid" },
    "ingredients": [
      {
        "code": "crown",
        "validStacks": [
          {
            "type": "item",
            "code": "flowercrown-whiteroses"
          }
        ],
        "minQuantity": 1,
        "maxQuantity": 1
      },
      {
        "code": "dye-purple",
        "validStacks": [
          {
            "type": "item",
            "code": "game:dye-purple",
            "shapeElement": "bowl/water"
          }
        ],
        "minQuantity": 1,
        "maxQuantity": 1,
        "portionSizeLitres": 1
      },
      {
        "code": "dye-yellow",
        "validStacks": [
          {
            "type": "item",
            "code": "game:dye-yellow",
            "shapeElement": "bowl/water"
          }
        ],
        "minQuantity": 1,
        "maxQuantity": 1,
        "portionSizeLitres": 1
      },
      {
        "code": "dye-black",
        "validStacks": [
          {
            "type": "item",
            "code": "game:dye-black",
            "shapeElement": "bowl/water"
          }
        ],
        "minQuantity": 1,
        "maxQuantity": 1,
        "portionSizeLitres": 1
      }
    ],
    "cooksInto": {
      "type": "Item",
      "code": "flowercrown-undefinable",
      "quantity": 1
    }
  }
]