{
	code: "goodoar",
	class: "ItemOar",
	storageFlags: 257,
	heldTpIdleAnimation: "crudeOarIdle",
	heldRightReadyAnimation: "crudeOarStandingReady",
	NOTheldTpHitAnimation: "crudeOarHit",
	heldTpUseAnimation: "interactStaticLong",
	materialDensity: 700,
	attributes: {
		paddlingTool: true,
		groundStorageTransform: {
			translation: { x: 0, y: 1.4, z: 0.08 },
			rotation: { x: 16, y: 90, z: 270 },
			scale: 0.85
		},
		rackable: true,
		toolrackTransform: {
			translation: { x: 1.25, y: -0.65, z: 0 },
			rotation: { x: 0, y: 1, z: 180 },
			scale: 1.5
		},
		attachableToEntity: {
			categoryCode: "carvedoar",
			attachedShapeBySlotCode: {
			 "Oar Storage": {base: "item/tool/carvedoar-rafted"},
			 "Oar Storage Rack": {base: "item/tool/carvedoar-mounted"},
			 "*": {base: "item/tool/carvedoar-mounted"}
			}
			}
		},
	behaviors: [{ 
		name: "GroundStorable",
		properties: {
			layout: 'WallHalves',
			wallOffY: 2,
			ctrlKey: true,
			selectionBox: { x1: 0, y1: 0, z1: 0, x2: 1, y2: 0.1, z2: 1 },
			collisionBox: { x1: 0, y1: 0, z1: 0, x2: 0, y2: 0, z2: 0 },
		}
	}],
	variantgroups: [
		{ code: "material", states: ["carved" ] },
		{ code: "wood", states: ["aged"], loadFromProperties: "block/wood" },
	],
	shape: { base: "item/tool/carvedoar" },
	textures: {
		"wood": { base: "game:block/wood/debarked/{wood}" },
		"charred": { base: "game:block/wood/charred" },
		"rope": { base: "game:item/resource/rope" }
	},
	creativeinventory: { "general": ["*"], "items": ["*"], "tools": ["*"] },
	guiTransform: {
		translation: { x: -68, y: -40, z: 0 },
		rotation: { x: 90, y: 45, z: 0 },
		origin: { x: -0, y: 0, z: 0 },
		scale: 1.5
	},
	fpHandTransform: {
		translation: { x: -0.07, y: 0.02, z: 0.4 },
		rotation: { x: -63, y: -79, z: 114 },
		origin: { x: 0.5, y: 0, z: 0.5 },
		scale: 2.75
	},
	groundTransform: {
		translation: { x: 0, y: 0, z: 0 },
		rotation: { x: 0, y: 0, z: 0 },
		origin: { x: 0.5, y: 0, z: 0.5 },
		scale: 4.5
	},
	tpHandTransform: {
		translation: { x: -0.30, y: 0.15, z: -0.53 },
		rotation: { x: -3, y: 1, z: -22 },
		origin: { x: 0.5, y: 0.2, z: 0.5 },
		scale: 0.9
	}
}