﻿{
  "javelin-ready": {
    "Hold": true,
    "PlayerKeyFrames": [
      {
        "EasingTime": 300,
        "EasingFunction": "Sin",
        "DetachedAnchor": false,
        "SwitchArms": false,
        "PitchFollow": false,
        "PitchDontFollow": false,
        "FOVMultiplier": 1,
        "BobbingAmplitude": 1,
        "Elements": {"ItemAnchor": [0, 0, -0.4, 0, -18, 198], "LowerArmR": [0, 0, -0.22, 2, 0, -87], "UpperArmR": [1.2, 0, -0.8, -9, -29, -102]}
      },
      {
        "EasingTime": 3000,
        "EasingFunction": "EaseOutElastic",
        "DetachedAnchor": false,
        "SwitchArms": false,
        "PitchFollow": false,
        "PitchDontFollow": false,
        "FOVMultiplier": 1,
        "BobbingAmplitude": 1,
        "Elements": {"ItemAnchor": [0, 0, -0.4, 0, -18, 200], "LowerArmR": [0, 0, -0.22, 2, 0, -87], "UpperArmR": [1.2, 0, -0.8, -9, -29, -102]}
      }
    ],
    "ItemKeyFrames": [],
    "SoundFrames": [],
    "ParticlesFrames": [],
    "CallbackFrames": [],
    "ItemAnimationStart": 0,
    "ItemAnimationEnd": 0
  },
  "javelin-idle": {
    "Hold": true,
    "PlayerKeyFrames": [
      {
        "EasingTime": 3000,
        "EasingFunction": "EaseOutExpo",
        "DetachedAnchor": false,
        "SwitchArms": false,
        "PitchFollow": false,
        "PitchDontFollow": false,
        "FOVMultiplier": 1,
        "BobbingAmplitude": 1,
        "Elements": {"ItemAnchor": [0, 0, 0, 0, 0, 165], "LowerArmR": [0, 0, 0, -21, 0, -85], "UpperArmR": [0.8, 0.8, -0.8, 0, -31, -45]}
      }
    ],
    "ItemKeyFrames": [],
    "SoundFrames": [],
    "ParticlesFrames": [],
    "CallbackFrames": [],
    "ItemAnimationStart": 0,
    "ItemAnimationEnd": 0
  },
  "javelin-aim": {
    "Hold": true,
    "PlayerKeyFrames": [
      {
        "EasingTime": 500,
        "EasingFunction": "Sin",
        "DetachedAnchor": false,
        "SwitchArms": false,
        "PitchFollow": true,
        "FOVMultiplier": 1,
        "BobbingAmplitude": 0.651,
        "Elements": {"ItemAnchor": [8, 0, 0, 0, -3, 187], "LowerArmR": [0, 0, 0, 0, -11, -120], "UpperArmR": [0, -1.6, 0, 0, -11, -78]}
      }
    ],
    "ItemKeyFrames": [],
    "SoundFrames": [],
    "ParticlesFrames": [],
    "CallbackFrames": [],
    "ItemAnimationStart": 0,
    "ItemAnimationEnd": 0
  },
  "javelin-throw": {
    "Hold": false,
    "PlayerKeyFrames": [
      {
        "EasingTime": 100,
        "EasingFunction": "Sin",
        "DetachedAnchor": false,
        "SwitchArms": false,
        "PitchFollow": true,
        "FOVMultiplier": 1,
        "BobbingAmplitude": 0.651,
        "Elements": {"ItemAnchor": [8, 0, 0, 0, -3, 208], "LowerArmR": [0, 0, 0, 0, -11, -120], "UpperArmR": [0, -1.6, 0, 0, -11, -100]}
      },
      {
        "EasingTime": 500,
        "EasingFunction": "Cubic",
        "DetachedAnchor": false,
        "SwitchArms": false,
        "PitchFollow": true,
        "FOVMultiplier": 1,
        "BobbingAmplitude": 0.651,
        "Elements": {"ItemAnchor": [6, 0, 0, 0, -3, 123], "LowerArmR": [0, 0, 0, 0, 0, -32], "UpperArmR": [0, -1.6, 0, 0, -6, -89]}
      }
    ],
    "ItemKeyFrames": [],
    "SoundFrames": [],
    "ParticlesFrames": [],
    "CallbackFrames": [],
    "ItemAnimationStart": 0,
    "ItemAnimationEnd": 0
  },
  "javelin-attack-1": {
    "Hold": true,
    "PlayerKeyFrames": [
      {
        "EasingTime": 200,
        "EasingFunction": "Skip",
        "DetachedAnchor": false,
        "SwitchArms": false,
        "PitchFollow": true,
        "PitchDontFollow": false,
        "FOVMultiplier": 1,
        "BobbingAmplitude": 0.8,
        "Elements": {"ItemAnchor": [0, -0.05, 0, 0, -8, 105], "LowerArmR": [0, 0, 0, -4, 0, -36], "UpperArmR": [0.8, -0.8, 0, 0, -7, -74]}
      },
      {
        "EasingTime": 300,
        "EasingFunction": "Cubic",
        "DetachedAnchor": false,
        "SwitchArms": false,
        "PitchFollow": true,
        "PitchDontFollow": false,
        "FOVMultiplier": 1,
        "BobbingAmplitude": 0.8,
        "Elements": {"ItemAnchor": [-2.5, 0, 0, 0, -8, 99], "LowerArmR": [0, 0, 0, -4, 0, -3], "UpperArmR": [1.6, -3.2, 0, 0, -7, -99]}
      },
      {
        "EasingTime": 900,
        "EasingFunction": "Sin",
        "DetachedAnchor": false,
        "SwitchArms": false,
        "PitchFollow": false,
        "PitchDontFollow": false,
        "FOVMultiplier": 1,
        "BobbingAmplitude": 1,
        "Elements": {"ItemAnchor": [0, 0, 0, 0, -10, 204], "LowerArmR": [0, 0, 0, -2, -15, -102], "UpperArmR": [2.5, 2, 0, 0, -17, -97]}
      }
    ],
    "ItemKeyFrames": [],
    "SoundFrames": [
      {"Code": ["game:sounds/player/strike1", "game:sounds/player/strike2"], "DurationFraction": 0, "RandomizePitch": true, "Range": 16, "Volume": 0.5, "Synchronize": true}
    ],
    "ParticlesFrames": [],
    "CallbackFrames": [{"Code": "start", "DurationFraction": 0.11111111}, {"Code": "stop", "DurationFraction": 0.33333334}, {"Code": "ready", "DurationFraction": 0.8333333}],
    "ItemAnimationStart": 0,
    "ItemAnimationEnd": 0
  },
  "javelin-attack-2": {
    "Hold": true,
    "PlayerKeyFrames": [
      {
        "EasingTime": 200,
        "EasingFunction": "Skip",
        "DetachedAnchor": false,
        "SwitchArms": false,
        "PitchFollow": true,
        "PitchDontFollow": false,
        "FOVMultiplier": 1,
        "BobbingAmplitude": 0.8,
        "Elements": {"ItemAnchor": [0, -0.05, 0, 0, -8, 105], "LowerArmR": [0, 0, 0, -4, 0, -36], "UpperArmR": [0.8, -0.8, 0, 30, -7, -74]}
      },
      {
        "EasingTime": 300,
        "EasingFunction": "Cubic",
        "DetachedAnchor": false,
        "SwitchArms": false,
        "PitchFollow": true,
        "PitchDontFollow": false,
        "FOVMultiplier": 1,
        "BobbingAmplitude": 0.8,
        "Elements": {"ItemAnchor": [-2.5, 0, 0, 0, -8, 99], "LowerArmR": [0, 0, 0, -4, 0, -3], "UpperArmR": [1.6, -3.2, 0, 40, -7.6, -100.7]}
      },
      {
        "EasingTime": 900,
        "EasingFunction": "Sin",
        "DetachedAnchor": false,
        "SwitchArms": false,
        "PitchFollow": false,
        "PitchDontFollow": false,
        "FOVMultiplier": 1,
        "BobbingAmplitude": 1,
        "Elements": {"ItemAnchor": [0, 0, 0, 0, -10, 204], "LowerArmR": [0, 0, 0, -2, -15, -102], "UpperArmR": [2.5, 2, 0, -10, -17, -97]}
      }
    ],
    "ItemKeyFrames": [],
    "SoundFrames": [
      {"Code": ["game:sounds/player/strike1", "game:sounds/player/strike2"], "DurationFraction": 0, "RandomizePitch": true, "Range": 16, "Volume": 0.5, "Synchronize": true}
    ],
    "ParticlesFrames": [],
    "CallbackFrames": [{"Code": "start", "DurationFraction": 0.11111111}, {"Code": "stop", "DurationFraction": 0.33333334}, {"Code": "ready", "DurationFraction": 0.8333333}],
    "ItemAnimationStart": 0,
    "ItemAnimationEnd": 0
  },
  "javelin-attack-3": {
    "Hold": true,
    "PlayerKeyFrames": [
      {
        "EasingTime": 200,
        "EasingFunction": "Skip",
        "DetachedAnchor": false,
        "SwitchArms": false,
        "PitchFollow": true,
        "PitchDontFollow": false,
        "FOVMultiplier": 1,
        "BobbingAmplitude": 0.8,
        "Elements": {"ItemAnchor": [0, -0.05, 0, 0, -8, 102], "LowerArmR": [0, 0, 0, -4, 0, -36], "UpperArmR": [0.8, -0.8, 0, -20, -6, -71]}
      },
      {
        "EasingTime": 300,
        "EasingFunction": "Cubic",
        "DetachedAnchor": false,
        "SwitchArms": false,
        "PitchFollow": true,
        "PitchDontFollow": false,
        "FOVMultiplier": 1,
        "BobbingAmplitude": 0.8,
        "Elements": {"ItemAnchor": [-2.5, 0, 0, 3, 3.2, 99], "LowerArmR": [0, 0, 0, -6, 0, -3], "UpperArmR": [1.6, -3.2, 0, -20, -6, -98.2]}
      },
      {
        "EasingTime": 900,
        "EasingFunction": "Sin",
        "DetachedAnchor": false,
        "SwitchArms": false,
        "PitchFollow": false,
        "PitchDontFollow": false,
        "FOVMultiplier": 1,
        "BobbingAmplitude": 1,
        "Elements": {"ItemAnchor": [0, 0, 0, -3, 3, 204], "LowerArmR": [0, 0, 0, -6, -15, -102], "UpperArmR": [2.5, 2, 0, 7, -17, -97]}
      }
    ],
    "ItemKeyFrames": [],
    "SoundFrames": [
      {"Code": ["game:sounds/player/strike1", "game:sounds/player/strike2"], "DurationFraction": 0, "RandomizePitch": true, "Range": 16, "Volume": 0.5, "Synchronize": true}
    ],
    "ParticlesFrames": [],
    "CallbackFrames": [{"Code": "start", "DurationFraction": 0.11111111}, {"Code": "stop", "DurationFraction": 0.33333334}, {"Code": "ready", "DurationFraction": 0.8333333}],
    "ItemAnimationStart": 0,
    "ItemAnimationEnd": 0
  }
}