﻿{
  "sword-long-idle-1h": {
    "Hold": false,
    "PlayerKeyFrames": [
      {
        "EasingTime": 300,
        "EasingFunction": "Sin",
        "DetachedAnchor": false,
        "SwitchArms": false,
        "PitchFollow": false,
        "PitchDontFollow": false,
        "FOVMultiplier": 1,
        "BobbingAmplitude": 1,
        "Elements": {"ItemAnchor": [0, 0, 0, 0, -9, 12], "LowerArmR": [0, 0, 0, 0, 0, -13], "UpperArmR": [1, -1, -0.1, -16, -23, -41]}
      },
      {
        "EasingTime": 3000,
        "EasingFunction": "Sin",
        "DetachedAnchor": false,
        "SwitchArms": false,
        "PitchFollow": false,
        "PitchDontFollow": false,
        "FOVMultiplier": 1,
        "BobbingAmplitude": 1,
        "Elements": {"ItemAnchor": [0, 0, 0, 0, -9, 12], "LowerArmR": [0, 0, 0, 0, 0, -13], "UpperArmR": [1, -1, -0.1, -16, -23, -41]}
      }
    ],
    "ItemKeyFrames": [],
    "SoundFrames": [],
    "ParticlesFrames": [],
    "CallbackFrames": [],
    "ItemAnimationStart": 0,
    "ItemAnimationEnd": 0
  },
  "sword-long-ready-1h": {
    "Hold": false,
    "PlayerKeyFrames": [
      {
        "EasingTime": 300,
        "EasingFunction": "Sin",
        "DetachedAnchor": false,
        "SwitchArms": false,
        "PitchFollow": false,
        "PitchDontFollow": false,
        "FOVMultiplier": 1,
        "BobbingAmplitude": 1,
        "Elements": {"ItemAnchor": [0, 0, 0, 0, -6, -1], "LowerArmR": [0, 0, 0, 0, 0, -34], "UpperArmR": [0, 0, 0, -18, -23, -52]}
      },
      {
        "EasingTime": 3000,
        "EasingFunction": "Sin",
        "DetachedAnchor": false,
        "SwitchArms": false,
        "PitchFollow": false,
        "PitchDontFollow": false,
        "FOVMultiplier": 1,
        "BobbingAmplitude": 1,
        "Elements": {"ItemAnchor": [0, 0, 0, 0, -6, -1], "LowerArmR": [0, 0, 0, 0, 0, -34], "UpperArmR": [0, 0, 0, -18, -23, -52]}
      }
    ],
    "ItemKeyFrames": [],
    "SoundFrames": [],
    "ParticlesFrames": [],
    "CallbackFrames": [],
    "ItemAnimationStart": 0,
    "ItemAnimationEnd": 0
  },
  "sword-long-idle-2h": {
    "Hold": false,
    "PlayerKeyFrames": [
      {
        "EasingTime": 300,
        "EasingFunction": "Sin",
        "DetachedAnchor": false,
        "SwitchArms": false,
        "PitchFollow": false,
        "PitchDontFollow": false,
        "FOVMultiplier": 1,
        "BobbingAmplitude": 1,
        "Elements": {
          "ItemAnchor": [0, 0, 0, 0, -6, 5],
          "LowerArmR": [0, 0, 0, 0, 0, -34],
          "UpperArmR": [1, 0, -1, -18, -22, -49],
          "ItemAnchorL": [0, 0, 0, 0, 0, 0],
          "LowerArmL": [0, 0, 0, 0, 0, -8],
          "UpperArmL": [2, -1, -1, 0, -40, -65]
        }
      },
      {
        "EasingTime": 3000,
        "EasingFunction": "Sin",
        "DetachedAnchor": false,
        "SwitchArms": false,
        "PitchFollow": false,
        "PitchDontFollow": false,
        "FOVMultiplier": 1,
        "BobbingAmplitude": 1,
        "Elements": {
          "ItemAnchor": [0, 0, 0, 0, -6, 5],
          "LowerArmR": [0, 0, 0, 0, 0, -34],
          "UpperArmR": [1, 0, -1, -18, -22, -49],
          "ItemAnchorL": [0, 0, 0, 0, 0, 0],
          "LowerArmL": [0, 0, 0, 0, 0, -8],
          "UpperArmL": [2, -1, -1, 0, -40, -65]
        }
      }
    ],
    "ItemKeyFrames": [],
    "SoundFrames": [],
    "ParticlesFrames": [],
    "CallbackFrames": [],
    "ItemAnimationStart": 0,
    "ItemAnimationEnd": 0
  },
  "sword-long-ready-2h": {
    "Hold": false,
    "PlayerKeyFrames": [
      {
        "EasingTime": 300,
        "EasingFunction": "Sin",
        "DetachedAnchor": false,
        "SwitchArms": false,
        "PitchFollow": false,
        "PitchDontFollow": false,
        "FOVMultiplier": 1,
        "BobbingAmplitude": 1,
        "Elements": {
          "ItemAnchor": [0, 0, 0, 0, -6, 14],
          "LowerArmR": [0, 0, 0, 0, 0, -65],
          "UpperArmR": [0, 0, 0, -18, -17, -43],
          "ItemAnchorL": [0, 0, 0, 0, 0, 0],
          "LowerArmL": [0, 0, 0, 0, 0, -25],
          "UpperArmL": [2, -1, 0, 0, -37, -70]
        }
      },
      {
        "EasingTime": 3000,
        "EasingFunction": "Sin",
        "DetachedAnchor": false,
        "SwitchArms": false,
        "PitchFollow": false,
        "PitchDontFollow": false,
        "FOVMultiplier": 1,
        "BobbingAmplitude": 1,
        "Elements": {
          "ItemAnchor": [0, 0, 0, 0, -6, 14],
          "LowerArmR": [0, 0, 0, 0, 0, -65],
          "UpperArmR": [0, 0, 0, -18, -17, -43],
          "ItemAnchorL": [0, 0, 0, 0, 0, 0],
          "LowerArmL": [0, 0, 0, 0, 0, -25],
          "UpperArmL": [2, -1, 0, 0, -37, -70]
        }
      }
    ],
    "ItemKeyFrames": [],
    "SoundFrames": [],
    "ParticlesFrames": [],
    "CallbackFrames": [],
    "ItemAnimationStart": 0,
    "ItemAnimationEnd": 0
  },
  "sword-long-slash-1h-1": {
    "Hold": false,
    "PlayerKeyFrames": [
      {
        "EasingTime": 100,
        "EasingFunction": "Sin",
        "DetachedAnchor": false,
        "SwitchArms": false,
        "PitchFollow": true,
        "PitchDontFollow": false,
        "FOVMultiplier": 1,
        "BobbingAmplitude": 1,
        "Elements": {"ItemAnchor": [0, 0, 0, 0, -6, 5], "LowerArmR": [0, 0, 0, 0, 0, -70], "UpperArmR": [1.6, 0, 0, -8, 0, -57.2]}
      },
      {
        "EasingTime": 400,
        "EasingFunction": "Quintic",
        "DetachedAnchor": false,
        "SwitchArms": false,
        "PitchFollow": true,
        "PitchDontFollow": false,
        "FOVMultiplier": 1,
        "BobbingAmplitude": 1,
        "Elements": {"ItemAnchor": [0, 0, 0, 0, 0, 67], "LowerArmR": [0, 0, 0, 0, 0, -3], "UpperArmR": [0, -1.6, 0, -34.4, -1.1, -75.1]}
      },
      {
        "EasingTime": 750,
        "EasingFunction": "Sin",
        "DetachedAnchor": false,
        "SwitchArms": false,
        "PitchFollow": true,
        "PitchDontFollow": false,
        "FOVMultiplier": 1,
        "BobbingAmplitude": 1,
        "Elements": {"ItemAnchor": [0, 0, 0, 0, 0, 92], "LowerArmR": [0, 0, 0, -16, 0, 3], "UpperArmR": [0, 0, 0, -24, -0.8, -39.2]}
      },
      {
        "EasingTime": 1100,
        "EasingFunction": "Sin",
        "DetachedAnchor": false,
        "SwitchArms": false,
        "PitchFollow": true,
        "PitchDontFollow": false,
        "FOVMultiplier": 1,
        "BobbingAmplitude": 1,
        "Elements": {"ItemAnchor": [0, 0, 0, -9, -11, 8], "LowerArmR": [0, 0, 0, 0, 0, -34], "UpperArmR": [0, 0, 0, -16, -23, -41]}
      }
    ],
    "ItemKeyFrames": [],
    "SoundFrames": [
      {
        "Code": ["game:sounds/player/strike1", "game:sounds/player/strike2"],
        "DurationFraction": 0.083333336,
        "RandomizePitch": true,
        "Range": 16,
        "Volume": 0.5,
        "Synchronize": true
      }
    ],
    "ParticlesFrames": [],
    "CallbackFrames": [{"Code": "start", "DurationFraction": 0.14285715}, {"Code": "stop", "DurationFraction": 0.64285713}, {"Code": "ready", "DurationFraction": 0.85714287}],
    "ItemAnimationStart": 0,
    "ItemAnimationEnd": 0
  },
  "sword-long-slash-1h-2": {
    "Hold": false,
    "PlayerKeyFrames": [
      {
        "EasingTime": 100,
        "EasingFunction": "Sin",
        "DetachedAnchor": false,
        "SwitchArms": false,
        "PitchFollow": true,
        "PitchDontFollow": false,
        "FOVMultiplier": 1,
        "BobbingAmplitude": 1,
        "Elements": {"ItemAnchor": [0, 0, 0, 0, 17, 20], "LowerArmR": [0, 0, 0, 0, 23, -75], "UpperArmR": [1.6, 0, 0, 7, 0, -55.2]}
      },
      {
        "EasingTime": 400,
        "EasingFunction": "Quintic",
        "DetachedAnchor": false,
        "SwitchArms": false,
        "PitchFollow": true,
        "PitchDontFollow": false,
        "FOVMultiplier": 1,
        "BobbingAmplitude": 1,
        "Elements": {"ItemAnchor": [0, 0, 0, 0, 0, 67], "LowerArmR": [0, 0, 0, 0, 0, -3], "UpperArmR": [0, -1.6, 0, 11.6, -1.1, -75.1]}
      },
      {
        "EasingTime": 750,
        "EasingFunction": "Sin",
        "DetachedAnchor": false,
        "SwitchArms": false,
        "PitchFollow": true,
        "PitchDontFollow": false,
        "FOVMultiplier": 1,
        "BobbingAmplitude": 1,
        "Elements": {"ItemAnchor": [0, 0, 0, 0, 0, 92], "LowerArmR": [0, 0, 0, 15, 0, 3], "UpperArmR": [0, 0, 0, 9, 0, -37.2]}
      },
      {
        "EasingTime": 1100,
        "EasingFunction": "Sin",
        "DetachedAnchor": false,
        "SwitchArms": false,
        "PitchFollow": true,
        "PitchDontFollow": false,
        "FOVMultiplier": 1,
        "BobbingAmplitude": 1,
        "Elements": {"ItemAnchor": [0, 0, 0, -6, 6, -4], "LowerArmR": [0, 0, 0, 0, 0, -34], "UpperArmR": [0, 0, 0, -16, -23, -41]}
      }
    ],
    "ItemKeyFrames": [],
    "SoundFrames": [
      {
        "Code": ["game:sounds/player/strike1", "game:sounds/player/strike2"],
        "DurationFraction": 0.083333336,
        "RandomizePitch": true,
        "Range": 16,
        "Volume": 0.5,
        "Synchronize": true
      }
    ],
    "ParticlesFrames": [],
    "CallbackFrames": [{"Code": "start", "DurationFraction": 0.14285715}, {"Code": "stop", "DurationFraction": 0.64285713}, {"Code": "ready", "DurationFraction": 0.85714287}],
    "ItemAnimationStart": 0,
    "ItemAnimationEnd": 0
  },
  "sword-long-thrust-1h-1": {
    "Hold": false,
    "PlayerKeyFrames": [
      {
        "EasingTime": 100,
        "EasingFunction": "Sin",
        "DetachedAnchor": false,
        "SwitchArms": false,
        "PitchFollow": true,
        "PitchDontFollow": false,
        "FOVMultiplier": 1,
        "BobbingAmplitude": 1,
        "Elements": {"ItemAnchor": [0, 0, 0, 0, -6, 77], "LowerArmR": [0, 0, 0, 0, 0, -81], "UpperArmR": [1.6, 0, 0, 29, 0, -11.2]}
      },
      {
        "EasingTime": 400,
        "EasingFunction": "Quintic",
        "DetachedAnchor": false,
        "SwitchArms": false,
        "PitchFollow": true,
        "PitchDontFollow": false,
        "FOVMultiplier": 1,
        "BobbingAmplitude": 1,
        "Elements": {"ItemAnchor": [0, 0, 0, 0, 0, 79], "LowerArmR": [0, 0, 0, 0, 0, -3], "UpperArmR": [0, -1.6, 0, 8.6, -2.4, -85.3]}
      },
      {
        "EasingTime": 750,
        "EasingFunction": "Quintic",
        "DetachedAnchor": false,
        "SwitchArms": false,
        "PitchFollow": true,
        "PitchDontFollow": false,
        "FOVMultiplier": 1,
        "BobbingAmplitude": 1,
        "Elements": {"ItemAnchor": [0, 0, 0, 0, 0, 77], "LowerArmR": [0, 0, 0, 0, 0, -3], "UpperArmR": [0, -1.6, 0, 21.6, -2.8, -85.8]}
      },
      {
        "EasingTime": 1100,
        "EasingFunction": "Sin",
        "DetachedAnchor": false,
        "SwitchArms": false,
        "PitchFollow": true,
        "PitchDontFollow": false,
        "FOVMultiplier": 1,
        "BobbingAmplitude": 1,
        "Elements": {"ItemAnchor": [0, 0, 0, 0, -6, 77], "LowerArmR": [0, 0, 0, 0, 0, -81], "UpperArmR": [1.6, 0, 0, 29, 0, -11.2]}
      }
    ],
    "ItemKeyFrames": [],
    "SoundFrames": [
      {
        "Code": ["game:sounds/player/strike1", "game:sounds/player/strike2"],
        "DurationFraction": 0.083333336,
        "RandomizePitch": true,
        "Range": 16,
        "Volume": 0.5,
        "Synchronize": true
      }
    ],
    "ParticlesFrames": [],
    "CallbackFrames": [{"Code": "start", "DurationFraction": 0.14285715}, {"Code": "stop", "DurationFraction": 0.64285713}, {"Code": "ready", "DurationFraction": 0.85714287}],
    "ItemAnimationStart": 0,
    "ItemAnimationEnd": 0
  },
  "sword-long-thrust-1h-2": {
    "Hold": false,
    "PlayerKeyFrames": [
      {
        "EasingTime": 100,
        "EasingFunction": "Sin",
        "DetachedAnchor": false,
        "SwitchArms": false,
        "PitchFollow": true,
        "PitchDontFollow": false,
        "FOVMultiplier": 1,
        "BobbingAmplitude": 1,
        "Elements": {"ItemAnchor": [0, 0, 0, 0, -6, 77], "LowerArmR": [0, 0, 0, 0, 1, -80], "UpperArmR": [1.6, 0, 0, -17, 13, -13.2]}
      },
      {
        "EasingTime": 400,
        "EasingFunction": "Quintic",
        "DetachedAnchor": false,
        "SwitchArms": false,
        "PitchFollow": true,
        "PitchDontFollow": false,
        "FOVMultiplier": 1,
        "BobbingAmplitude": 1,
        "Elements": {"ItemAnchor": [0, 0, 0, 0, 0, 74], "LowerArmR": [0, 0, 0, 0, 0, -3], "UpperArmR": [0, -1.6, 0, -31.4, -1.5, -79.1]}
      },
      {
        "EasingTime": 750,
        "EasingFunction": "Quintic",
        "DetachedAnchor": false,
        "SwitchArms": false,
        "PitchFollow": true,
        "PitchDontFollow": false,
        "FOVMultiplier": 1,
        "BobbingAmplitude": 1,
        "Elements": {"ItemAnchor": [0, 0, 0, 0, 0, 70], "LowerArmR": [0, 0, 0, 0, 0, -3], "UpperArmR": [0, -1.6, 0, -29.4, -0.1, -80.1]}
      },
      {
        "EasingTime": 1100,
        "EasingFunction": "Sin",
        "DetachedAnchor": false,
        "SwitchArms": false,
        "PitchFollow": true,
        "PitchDontFollow": false,
        "FOVMultiplier": 1,
        "BobbingAmplitude": 1,
        "Elements": {"ItemAnchor": [0, 0, 0, 0, -6, 77], "LowerArmR": [0, 0, 0, 0, 0, -81], "UpperArmR": [1.6, 0, 0, 29, 0, -11.2]}
      }
    ],
    "ItemKeyFrames": [],
    "SoundFrames": [
      {
        "Code": ["game:sounds/player/strike1", "game:sounds/player/strike2"],
        "DurationFraction": 0.083333336,
        "RandomizePitch": true,
        "Range": 16,
        "Volume": 0.5,
        "Synchronize": true
      }
    ],
    "ParticlesFrames": [],
    "CallbackFrames": [{"Code": "start", "DurationFraction": 0.14285715}, {"Code": "stop", "DurationFraction": 0.64285713}, {"Code": "ready", "DurationFraction": 0.85714287}],
    "ItemAnimationStart": 0,
    "ItemAnimationEnd": 0
  },
  "sword-long-thrust-1h-3": {
    "Hold": false,
    "PlayerKeyFrames": [
      {
        "EasingTime": 100,
        "EasingFunction": "Sin",
        "DetachedAnchor": false,
        "SwitchArms": false,
        "PitchFollow": true,
        "PitchDontFollow": false,
        "FOVMultiplier": 1,
        "BobbingAmplitude": 1,
        "Elements": {"ItemAnchor": [0, 0, 0, 0, -6, 77], "LowerArmR": [0, 0, 0, 0, 0, -81], "UpperArmR": [1.6, 0, 0, 76, 2, -11.2]}
      },
      {
        "EasingTime": 400,
        "EasingFunction": "Quintic",
        "DetachedAnchor": false,
        "SwitchArms": false,
        "PitchFollow": true,
        "PitchDontFollow": false,
        "FOVMultiplier": 1,
        "BobbingAmplitude": 1,
        "Elements": {"ItemAnchor": [0, 0, 0, 0, 0, 70], "LowerArmR": [0, 0, 0, 0, 0, -3], "UpperArmR": [0.9, -1.6, 0, 72.6, -5.4, -81.7]}
      },
      {
        "EasingTime": 750,
        "EasingFunction": "Quintic",
        "DetachedAnchor": false,
        "SwitchArms": false,
        "PitchFollow": true,
        "PitchDontFollow": false,
        "FOVMultiplier": 1,
        "BobbingAmplitude": 1,
        "Elements": {"ItemAnchor": [0, 0, 0, 0, 0, 78], "LowerArmR": [0, 0, 0, 0, 0, -3], "UpperArmR": [0.9, -1.6, 0, 72.6, -5.7, -88.1]}
      },
      {
        "EasingTime": 1100,
        "EasingFunction": "Sin",
        "DetachedAnchor": false,
        "SwitchArms": false,
        "PitchFollow": true,
        "PitchDontFollow": false,
        "FOVMultiplier": 1,
        "BobbingAmplitude": 1,
        "Elements": {"ItemAnchor": [0, 0, 0, 0, -6, 77], "LowerArmR": [0, 0, 0, 0, 0, -81], "UpperArmR": [1.6, 0, 0, 29, 0, -11.2]}
      }
    ],
    "ItemKeyFrames": [],
    "SoundFrames": [
      {
        "Code": ["game:sounds/player/strike1", "game:sounds/player/strike2"],
        "DurationFraction": 0.083333336,
        "RandomizePitch": true,
        "Range": 16,
        "Volume": 0.5,
        "Synchronize": true
      }
    ],
    "ParticlesFrames": [],
    "CallbackFrames": [{"Code": "start", "DurationFraction": 0.14285715}, {"Code": "stop", "DurationFraction": 0.64285713}, {"Code": "ready", "DurationFraction": 0.85714287}],
    "ItemAnimationStart": 0,
    "ItemAnimationEnd": 0
  },
  "sword-long-parry-2h": {
    "Hold": false,
    "PlayerKeyFrames": [
      {
        "EasingTime": 200,
        "EasingFunction": "Quadratic",
        "DetachedAnchor": false,
        "SwitchArms": false,
        "PitchFollow": false,
        "PitchDontFollow": false,
        "FOVMultiplier": 1,
        "BobbingAmplitude": 1,
        "Elements": {
          "ItemAnchor": [0, 0, 0, 0, 14, 43],
          "LowerArmR": [0, 0, 0, 0, 31, -29],
          "UpperArmR": [1.6, 0, 0, 0, 19, -81],
          "ItemAnchorL": [0, 0, 0, 0, 0, 0],
          "LowerArmL": [0, 0, 0, 0, 0, -49],
          "UpperArmL": [1.6, 0, 0, 0, -16, -53]
        }
      },
      {
        "EasingTime": 500,
        "EasingFunction": "Sin",
        "DetachedAnchor": false,
        "SwitchArms": false,
        "PitchFollow": false,
        "PitchDontFollow": false,
        "FOVMultiplier": 1,
        "BobbingAmplitude": 1,
        "Elements": {
          "ItemAnchor": [0, 0, 0, 0, -26, 53],
          "LowerArmR": [0, 0, 0, 0, 0, 0],
          "UpperArmR": [1.6, 0, 0, -25, -29, -92],
          "ItemAnchorL": [0, 0, 0, 0, 0, 0],
          "LowerArmL": [0, 0, 0, 0, 0, 0],
          "UpperArmL": [1.6, 0, 0, 0, -41, -88]
        }
      }
    ],
    "ItemKeyFrames": [],
    "SoundFrames": [
      {"Code": ["game:sounds/player/strike1", "game:sounds/player/strike2"], "DurationFraction": 0.1, "RandomizePitch": true, "Range": 16, "Volume": 0.5, "Synchronize": true}
    ],
    "ParticlesFrames": [],
    "CallbackFrames": [{"Code": "startParry", "DurationFraction": 0.2}, {"Code": "stopParry", "DurationFraction": 1}],
    "ItemAnimationStart": 0,
    "ItemAnimationEnd": 0
  },
  "sword-long-slash-2h-left": {
    "Hold": false,
    "PlayerKeyFrames": [
      {
        "EasingTime": 100,
        "EasingFunction": "Sin",
        "DetachedAnchor": false,
        "SwitchArms": false,
        "PitchFollow": true,
        "PitchDontFollow": false,
        "FOVMultiplier": 1,
        "BobbingAmplitude": 1,
        "Elements": {
          "ItemAnchor": [0, 0, 0, 7, 10, 31],
          "LowerArmR": [0, 0, 0, 20, 24, -39],
          "UpperArmR": [1.6, 0, 1.6, 43, 28, -95.2],
          "ItemAnchorL": [0, 0, 0, 0, 0, 0],
          "LowerArmL": [0, 0, 0, 0, 0, -45],
          "UpperArmL": [0, 0, 0, 34, 0, -45]
        }
      },
      {
        "EasingTime": 400,
        "EasingFunction": "Quintic",
        "DetachedAnchor": false,
        "SwitchArms": false,
        "PitchFollow": true,
        "PitchDontFollow": false,
        "FOVMultiplier": 1,
        "BobbingAmplitude": 1,
        "Elements": {
          "ItemAnchor": [0, 0, 0, 21, 9, 31],
          "LowerArmR": [0, 0, 0, 24, 0, 0],
          "UpperArmR": [1.6, 0, 0, 63, 8, -57.2],
          "ItemAnchorL": [0, 0, 0, 0, 0, 0],
          "LowerArmL": [0, 0, 0, 0, 0, -4],
          "UpperArmL": [0, -1.6, 0, 37, -59, -60]
        }
      },
      {
        "EasingTime": 600,
        "EasingFunction": "Sin",
        "DetachedAnchor": false,
        "SwitchArms": false,
        "PitchFollow": true,
        "PitchDontFollow": false,
        "FOVMultiplier": 1,
        "BobbingAmplitude": 1,
        "Elements": {
          "ItemAnchor": [0, 0, 0, 0, 0, 81],
          "LowerArmR": [0, 0, 0, 33, 0, 12],
          "UpperArmR": [1.6, 0, 0, 63, 11, -55.2],
          "ItemAnchorL": [0, 0, 0, 0, 0, 0],
          "LowerArmL": [0, 0, 0, 0, 0, -4],
          "UpperArmL": [0, -1.6, 0, 37, -59, -60]
        }
      },
      {
        "EasingTime": 900,
        "EasingFunction": "Sin",
        "DetachedAnchor": false,
        "SwitchArms": false,
        "PitchFollow": true,
        "PitchDontFollow": false,
        "FOVMultiplier": 1,
        "BobbingAmplitude": 1,
        "Elements": {
          "ItemAnchor": [0, 0, 0, -9, -11, 8],
          "LowerArmR": [0, 0, 0, 0, 0, -34],
          "UpperArmR": [0, 0, 0, -16, -23, -41],
          "ItemAnchorL": [0, 0, 0, 0, 0, 0],
          "LowerArmL": [0, 0, 0, 0, 0, 0],
          "UpperArmL": [0, 0, 0, 0, -45, -58]
        }
      }
    ],
    "ItemKeyFrames": [],
    "SoundFrames": [
      {
        "Code": ["game:sounds/player/strike1", "game:sounds/player/strike2"],
        "DurationFraction": 0.083333336,
        "RandomizePitch": true,
        "Range": 16,
        "Volume": 0.5,
        "Synchronize": true
      }
    ],
    "ParticlesFrames": [],
    "CallbackFrames": [{"Code": "start", "DurationFraction": 0.11111111}, {"Code": "stop", "DurationFraction": 0.6666667}, {"Code": "ready", "DurationFraction": 0.8333333}],
    "ItemAnimationStart": 0,
    "ItemAnimationEnd": 0
  },
  "sword-long-slash-2h-right": {
    "Hold": false,
    "PlayerKeyFrames": [
      {
        "EasingTime": 100,
        "EasingFunction": "Sin",
        "DetachedAnchor": false,
        "SwitchArms": false,
        "PitchFollow": true,
        "PitchDontFollow": false,
        "FOVMultiplier": 1,
        "BobbingAmplitude": 1,
        "Elements": {
          "ItemAnchor": [0, 0, 0, 0, -30, 6],
          "LowerArmR": [0, 0, 0, -28, -40, -30],
          "UpperArmR": [1.6, 0, 0, -11, -32, -84.2],
          "ItemAnchorL": [0, 0, 0, 0, 0, 0],
          "LowerArmL": [0, 0, 0, 0, 0, -7],
          "UpperArmL": [0, 0, -1, -39, -27, -109]
        }
      },
      {
        "EasingTime": 300,
        "EasingFunction": "Quintic",
        "DetachedAnchor": false,
        "SwitchArms": false,
        "PitchFollow": true,
        "PitchDontFollow": false,
        "FOVMultiplier": 1,
        "BobbingAmplitude": 1,
        "Elements": {
          "ItemAnchor": [0, 0, 0, 0, -30, 53],
          "LowerArmR": [0, 0, 0, -28, -40, -20],
          "UpperArmR": [1.6, 0, 0, -5, 17, -80.2],
          "ItemAnchorL": [0, 0, 0, 0, 0, 0],
          "LowerArmL": [0, 0, 0, 0, 0, -83],
          "UpperArmL": [0, 0, -1, -36, -20, -30]
        }
      },
      {
        "EasingTime": 600,
        "EasingFunction": "Sin",
        "DetachedAnchor": false,
        "SwitchArms": false,
        "PitchFollow": true,
        "PitchDontFollow": false,
        "FOVMultiplier": 1,
        "BobbingAmplitude": 1,
        "Elements": {
          "ItemAnchor": [0, 0, 0, 0, -30, 81],
          "LowerArmR": [0, 0, 0, -28, -40, -24],
          "UpperArmR": [1.6, 0, 0, -5, 47, -79.2],
          "ItemAnchorL": [0, 0, 0, 0, 0, 0],
          "LowerArmL": [0, 0, 0, 0, 0, -99],
          "UpperArmL": [0, 0, -1, -36, -20, -4]
        }
      },
      {
        "EasingTime": 900,
        "EasingFunction": "Sin",
        "DetachedAnchor": false,
        "SwitchArms": false,
        "PitchFollow": true,
        "PitchDontFollow": false,
        "FOVMultiplier": 1,
        "BobbingAmplitude": 1,
        "Elements": {
          "ItemAnchor": [0, 0, 0, -9, -11, 8],
          "LowerArmR": [0, 0, 0, 0, 0, -34],
          "UpperArmR": [0, 0, 0, -16, -23, -41],
          "ItemAnchorL": [0, 0, 0, 0, 0, 0],
          "LowerArmL": [0, 0, 0, 0, 0, 0],
          "UpperArmL": [0, 0, 0, 0, -44, -57]
        }
      }
    ],
    "ItemKeyFrames": [],
    "SoundFrames": [
      {
        "Code": ["game:sounds/player/strike1", "game:sounds/player/strike2"],
        "DurationFraction": 0.083333336,
        "RandomizePitch": true,
        "Range": 16,
        "Volume": 0.5,
        "Synchronize": true
      }
    ],
    "ParticlesFrames": [],
    "CallbackFrames": [{"Code": "start", "DurationFraction": 0.11111111}, {"Code": "stop", "DurationFraction": 0.6666667}, {"Code": "ready", "DurationFraction": 0.8333333}],
    "ItemAnimationStart": 0,
    "ItemAnimationEnd": 0
  },
  "sword-long-slash-2h-top": {
    "Hold": false,
    "PlayerKeyFrames": [
      {
        "EasingTime": 100,
        "EasingFunction": "Sin",
        "DetachedAnchor": false,
        "SwitchArms": false,
        "PitchFollow": true,
        "PitchDontFollow": false,
        "FOVMultiplier": 1,
        "BobbingAmplitude": 1,
        "Elements": {
          "ItemAnchor": [0, 0, 0, 0, -6, 5],
          "LowerArmR": [0, 0, 0, 0, 0, -70],
          "UpperArmR": [1.6, 0, 0, -8, 0, -57.2],
          "ItemAnchorL": [0, 0, 0, 0, 0, 0],
          "LowerArmL": [0, 0, 0, 0, 0, -50],
          "UpperArmL": [0, 0, 0, -16, -30, -60]
        }
      },
      {
        "EasingTime": 300,
        "EasingFunction": "Quintic",
        "DetachedAnchor": false,
        "SwitchArms": false,
        "PitchFollow": true,
        "PitchDontFollow": false,
        "FOVMultiplier": 1,
        "BobbingAmplitude": 1,
        "Elements": {
          "ItemAnchor": [0, 0, 0, 0, 0, 67],
          "LowerArmR": [0, 0, 0, 0, 0, -3],
          "UpperArmR": [0, -1.6, 0, -34.4, -1.1, -75.1],
          "ItemAnchorL": [0, 0, 0, 0, 0, 0],
          "LowerArmL": [0, 0, 0, 0, 0, -42],
          "UpperArmL": [0, 0, 0, -11, -22, -49]
        }
      },
      {
        "EasingTime": 500,
        "EasingFunction": "Sin",
        "DetachedAnchor": false,
        "SwitchArms": false,
        "PitchFollow": true,
        "PitchDontFollow": false,
        "FOVMultiplier": 1,
        "BobbingAmplitude": 1,
        "Elements": {
          "ItemAnchor": [0, 0, 0, 0, 0, 39],
          "LowerArmR": [0, 0, 0, 0, 0, -3],
          "UpperArmR": [0, -1.6, 0, -34.4, 1.9, -58.1],
          "ItemAnchorL": [0, 0, 0, 0, 0, 0],
          "LowerArmL": [0, 0, 0, 0, 0, -21],
          "UpperArmL": [0, 0, 0, -11, -22, -49]
        }
      },
      {
        "EasingTime": 900,
        "EasingFunction": "Sin",
        "DetachedAnchor": false,
        "SwitchArms": false,
        "PitchFollow": true,
        "PitchDontFollow": false,
        "FOVMultiplier": 1,
        "BobbingAmplitude": 1,
        "Elements": {
          "ItemAnchor": [0, 0, 0, -9, -11, 8],
          "LowerArmR": [0, 0, 0, 0, 0, -34],
          "UpperArmR": [0, 0, 0, -16, -23, -41],
          "ItemAnchorL": [0, 0, 0, 0, 0, 0],
          "LowerArmL": [0, 0, 0, 0, 0, -12],
          "UpperArmL": [0, 0, 0, 0, -42, -53]
        }
      }
    ],
    "ItemKeyFrames": [],
    "SoundFrames": [
      {
        "Code": ["game:sounds/player/strike1", "game:sounds/player/strike2"],
        "DurationFraction": 0.083333336,
        "RandomizePitch": true,
        "Range": 16,
        "Volume": 0.5,
        "Synchronize": true
      }
    ],
    "ParticlesFrames": [],
    "CallbackFrames": [{"Code": "start", "DurationFraction": 0.11111111}, {"Code": "stop", "DurationFraction": 0.6666667}, {"Code": "ready", "DurationFraction": 0.8333333}],
    "ItemAnimationStart": 0,
    "ItemAnimationEnd": 0
  },
  "sword-long-thrust-2h-bottom": {
    "Hold": false,
    "PlayerKeyFrames": [
      {
        "EasingTime": 100,
        "EasingFunction": "Sin",
        "DetachedAnchor": false,
        "SwitchArms": false,
        "PitchFollow": true,
        "PitchDontFollow": false,
        "FOVMultiplier": 1,
        "BobbingAmplitude": 1,
        "Elements": {
          "ItemAnchor": [0, 0, 0, 0, -6, 71],
          "LowerArmR": [0, 0, 0, 0, 0, -81],
          "UpperArmR": [1.6, 0, 0, -41, 12, -1.2],
          "ItemAnchorL": [0, 0, 0, 0, 0, 0],
          "LowerArmL": [0, 0, 0, 0, 0, -93],
          "UpperArmL": [0, 0, 0, 17, -2, 4]
        }
      },
      {
        "EasingTime": 300,
        "EasingFunction": "Quintic",
        "DetachedAnchor": false,
        "SwitchArms": false,
        "PitchFollow": true,
        "PitchDontFollow": false,
        "FOVMultiplier": 1,
        "BobbingAmplitude": 1,
        "Elements": {
          "ItemAnchor": [0, 0, 0, 0, 0, 76],
          "LowerArmR": [0, 0, 0, 0, 0, -3],
          "UpperArmR": [0, -1.6, 0, -37.4, -1.1, -81.1],
          "ItemAnchorL": [0, 0, 0, 0, 0, 0],
          "LowerArmL": [0, 0, 0, 0, 0, -21],
          "UpperArmL": [0, 0, 0, -12, -19, -68]
        }
      },
      {
        "EasingTime": 600,
        "EasingFunction": "Sin",
        "DetachedAnchor": false,
        "SwitchArms": false,
        "PitchFollow": true,
        "PitchDontFollow": false,
        "FOVMultiplier": 1,
        "BobbingAmplitude": 1,
        "Elements": {
          "ItemAnchor": [0, 0, 0, 0, 0, 76],
          "LowerArmR": [0, 0, 0, 0, 0, -3],
          "UpperArmR": [0, -1.6, 0, 20.6, -3.1, -83.1],
          "ItemAnchorL": [0, 0, 0, 0, 0, 0],
          "LowerArmL": [0, 0, 0, 0, 0, -21],
          "UpperArmL": [0, 0, 0, -12, -32, -78]
        }
      },
      {
        "EasingTime": 900,
        "EasingFunction": "Sin",
        "DetachedAnchor": false,
        "SwitchArms": false,
        "PitchFollow": true,
        "PitchDontFollow": false,
        "FOVMultiplier": 1,
        "BobbingAmplitude": 1,
        "Elements": {
          "ItemAnchor": [0, 0, 0, 0, -6, 77],
          "LowerArmR": [0, 0, 0, 0, 0, -81],
          "UpperArmR": [1.6, 0, 0, 29, 0, -11.2],
          "ItemAnchorL": [0, 0, 0, 0, 0, 0],
          "LowerArmL": [0, 0, 0, 0, 0, -40],
          "UpperArmL": [0, 0, 0, 1, -74, -53]
        }
      }
    ],
    "ItemKeyFrames": [],
    "SoundFrames": [
      {
        "Code": ["game:sounds/player/strike1", "game:sounds/player/strike2"],
        "DurationFraction": 0.083333336,
        "RandomizePitch": true,
        "Range": 16,
        "Volume": 0.5,
        "Synchronize": true
      }
    ],
    "ParticlesFrames": [],
    "CallbackFrames": [{"Code": "start", "DurationFraction": 0.11111111}, {"Code": "stop", "DurationFraction": 0.6666667}, {"Code": "ready", "DurationFraction": 0.8333333}],
    "ItemAnimationStart": 0,
    "ItemAnimationEnd": 0
  }
}