﻿{
  "mace-idle-1h": {
    "Hold": false,
    "PlayerKeyFrames": [
      {
        "EasingTime": 300,
        "EasingFunction": "Sin",
        "DetachedAnchor": false,
        "SwitchArms": false,
        "PitchFollow": false,
        "PitchDontFollow": false,
        "FOVMultiplier": 1,
        "BobbingAmplitude": 1,
        "Elements": {"ItemAnchor": [0, 0, 0, 0, -9, 12], "LowerArmR": [0, 0, 0, 0, 0, -13], "UpperArmR": [1, -1, -0.1, -16, -23, -41]}
      },
      {
        "EasingTime": 3000,
        "EasingFunction": "Sin",
        "DetachedAnchor": false,
        "SwitchArms": false,
        "PitchFollow": false,
        "PitchDontFollow": false,
        "FOVMultiplier": 1,
        "BobbingAmplitude": 1,
        "Elements": {"ItemAnchor": [0, 0, 0, 0, -9, 12], "LowerArmR": [0, 0, 0, 0, 0, -13], "UpperArmR": [1, -1, -0.1, -16, -23, -41]}
      }
    ],
    "ItemKeyFrames": [],
    "SoundFrames": [],
    "ParticlesFrames": [],
    "CallbackFrames": [],
    "ItemAnimationStart": 0,
    "ItemAnimationEnd": 0
  },
  "mace-ready-1h": {
    "Hold": false,
    "PlayerKeyFrames": [
      {
        "EasingTime": 300,
        "EasingFunction": "Sin",
        "DetachedAnchor": false,
        "SwitchArms": false,
        "PitchFollow": false,
        "PitchDontFollow": false,
        "FOVMultiplier": 1,
        "BobbingAmplitude": 1,
        "Elements": {"ItemAnchor": [0, 0, 0, 0, -9, 12], "LowerArmR": [0, 0, 0, 0, 0, -34], "UpperArmR": [0, 0, 0, -16, -23, -41]}
      },
      {
        "EasingTime": 3000,
        "EasingFunction": "Sin",
        "DetachedAnchor": false,
        "SwitchArms": false,
        "PitchFollow": false,
        "PitchDontFollow": false,
        "FOVMultiplier": 1,
        "BobbingAmplitude": 1,
        "Elements": {"ItemAnchor": [0, 0, 0, 0, -9, 12], "LowerArmR": [0, 0, 0, 0, 0, -34], "UpperArmR": [0, 0, 0, -16, -23, -41]}
      }
    ],
    "ItemKeyFrames": [],
    "SoundFrames": [],
    "ParticlesFrames": [],
    "CallbackFrames": [],
    "ItemAnimationStart": 0,
    "ItemAnimationEnd": 0
  },
  "mace-strike-1h-1": {
    "Hold": false,
    "PlayerKeyFrames": [
      {
        "EasingTime": 100,
        "EasingFunction": "Sin",
        "DetachedAnchor": false,
        "SwitchArms": false,
        "PitchFollow": true,
        "PitchDontFollow": false,
        "FOVMultiplier": 1,
        "BobbingAmplitude": 1,
        "Elements": {"ItemAnchor": [0, 0, 0, 0, -6, 5], "LowerArmR": [0, 0, 0, 0, 0, -70], "UpperArmR": [1.6, 0, 0, -8, 0, -57.2]}
      },
      {
        "EasingTime": 300,
        "EasingFunction": "Quintic",
        "DetachedAnchor": false,
        "SwitchArms": false,
        "PitchFollow": true,
        "PitchDontFollow": false,
        "FOVMultiplier": 1,
        "BobbingAmplitude": 1,
        "Elements": {"ItemAnchor": [0, 0, 0, 0, 0, 67], "LowerArmR": [0, 0, 0, 0, 0, -3], "UpperArmR": [0, -1.6, 0, -34.4, 2.9, -80.1]}
      },
      {
        "EasingTime": 600,
        "EasingFunction": "Sin",
        "DetachedAnchor": false,
        "SwitchArms": false,
        "PitchFollow": true,
        "PitchDontFollow": false,
        "FOVMultiplier": 1,
        "BobbingAmplitude": 1,
        "Elements": {"ItemAnchor": [0, 0, 0, 0, 0, 58], "LowerArmR": [0, 0, 0, 0, 0, -40], "UpperArmR": [0, -1.6, 0, -31.4, 5.9, -41.1]}
      },
      {
        "EasingTime": 900,
        "EasingFunction": "Sin",
        "DetachedAnchor": false,
        "SwitchArms": false,
        "PitchFollow": true,
        "PitchDontFollow": false,
        "FOVMultiplier": 1,
        "BobbingAmplitude": 1,
        "Elements": {"ItemAnchor": [0, 0, 0, -9, -11, 8], "LowerArmR": [0, 0, 0, 0, 0, -34], "UpperArmR": [0, 0, 0, -16, -23, -41]}
      }
    ],
    "ItemKeyFrames": [],
    "SoundFrames": [
      {
        "Code": ["game:sounds/player/strike1", "game:sounds/player/strike2"],
        "DurationFraction": 0.083333336,
        "RandomizePitch": true,
        "Range": 16,
        "Volume": 0.5,
        "Synchronize": true
      }
    ],
    "ParticlesFrames": [],
    "CallbackFrames": [{"Code": "start", "DurationFraction": 0.11111111}, {"Code": "stop", "DurationFraction": 0.6666667}, {"Code": "ready", "DurationFraction": 0.8333333}],
    "ItemAnimationStart": 0,
    "ItemAnimationEnd": 0
  },
  "mace-strike-1h-2": {
    "Hold": false,
    "PlayerKeyFrames": [
      {
        "EasingTime": 100,
        "EasingFunction": "Sin",
        "DetachedAnchor": false,
        "SwitchArms": false,
        "PitchFollow": true,
        "PitchDontFollow": false,
        "FOVMultiplier": 1,
        "BobbingAmplitude": 1,
        "Elements": {"ItemAnchor": [0, 0, 0, 0, 17, 20], "LowerArmR": [0, 0, 0, 0, 23, -75], "UpperArmR": [1.6, 0, 0, 7, 0, -55.2]}
      },
      {
        "EasingTime": 300,
        "EasingFunction": "Quintic",
        "DetachedAnchor": false,
        "SwitchArms": false,
        "PitchFollow": true,
        "PitchDontFollow": false,
        "FOVMultiplier": 1,
        "BobbingAmplitude": 1,
        "Elements": {"ItemAnchor": [0, 0, 0, 0, 9, 67], "LowerArmR": [0, 0, 0, 0, 0, -3], "UpperArmR": [0.8, -1.6, 0, 11.6, -2.1, -85.1]}
      },
      {
        "EasingTime": 600,
        "EasingFunction": "Sin",
        "DetachedAnchor": false,
        "SwitchArms": false,
        "PitchFollow": true,
        "PitchDontFollow": false,
        "FOVMultiplier": 1,
        "BobbingAmplitude": 1,
        "Elements": {"ItemAnchor": [0, 0, 0, 0, 0, 61], "LowerArmR": [0, 0, 0, 0, 0, -65], "UpperArmR": [0.8, -1.6, 0, 22.6, 0.9, -24.1]}
      },
      {
        "EasingTime": 900,
        "EasingFunction": "Sin",
        "DetachedAnchor": false,
        "SwitchArms": false,
        "PitchFollow": true,
        "PitchDontFollow": false,
        "FOVMultiplier": 1,
        "BobbingAmplitude": 1,
        "Elements": {"ItemAnchor": [0, 0, 0, -6, 6, -4], "LowerArmR": [0, 0, 0, 0, 0, -34], "UpperArmR": [0, 0, 0, -16, -23, -41]}
      }
    ],
    "ItemKeyFrames": [],
    "SoundFrames": [
      {
        "Code": ["game:sounds/player/strike1", "game:sounds/player/strike2"],
        "DurationFraction": 0.083333336,
        "RandomizePitch": true,
        "Range": 16,
        "Volume": 0.5,
        "Synchronize": true
      }
    ],
    "ParticlesFrames": [],
    "CallbackFrames": [{"Code": "start", "DurationFraction": 0.11111111}, {"Code": "stop", "DurationFraction": 0.6666667}, {"Code": "ready", "DurationFraction": 0.8333333}],
    "ItemAnimationStart": 0,
    "ItemAnimationEnd": 0
  }
}