{
	"code": "claytile",
	"behaviors": [ { "name": "Decor", "properties": { "sides": [ "north", "east", "south", "west", "up", "down" ], "thickness": 0.0312, "removable": true } } ],
	"attributes": {
		"handbook": { "groupBy": ["claytile-*"] }
	},
	"variantgroups": [
		{ "code": "edge", "states": [ "dull", "polished" ] },
		{ "code": "color", "states": [ "black", "blurple", "blue", "brown", "darkgrey", "fire", "red", "green", "light", "pink", "purple", "malachite", "orange", "yellow", "lavender", "paleblue", "palegreen", "palered", "peach", "sunflower", "white" ] }
	],
	"shape": { "base": "bricklayers:block/basic/layers/05voxel" },
	"sidesolid": { "all": false, "down": true },
	"sideopaque": { "all": false, "down": true },
	"blockmaterial": "Ceramic",
	"creativeinventory": { "general": ["*"], "decorative": ["*"], "ceramics": ["*"] },
	"replaceable": 900,
	"resistance": 1,
	"lightAbsorption": 1,
	"emitSideAo": { "all": false },
	"texturesByType": {
		"@.*-(lavender|paleblue|palegreen|palered|peach|sunflower|white)": {
			"all": {
				"base": "bricklayers:block/clay/burnt/{color}",
				"overlays": [ "bricklayers:block/ceramic/overlay_tile" ],
				"alternates": [ { "base": "bricklayers:block/clay/burnt/{color}1", "overlays": [ "bricklayers:block/ceramic/overlay_tile" ] } ]
			}
		},
		"*": {
			"all": {
				"base": "bricklayers:block/clay/hardened/{color}1",
				"overlays": [ "bricklayers:block/ceramic/overlay_tile" ],
				"alternates": [ { "base": "bricklayers:block/clay/hardened/{color}2", "overlays": [ "bricklayers:block/ceramic/overlay_tile" ] } ]
			}
		}
	},
	"vertexFlags": { "zOffset": 1 },
	"selectionbox": { "x1": 0, "y1": 0, "z1": 0, "x2": 1, "y2": 0.0312, "z2": 1 },
	"collisionbox": { "x1": 0, "y1": 0, "z1": 0, "x2": 1, "y2": 0.0312, "z2": 1 },
	"sounds": {
		"place": "game:block/ceramicplace",
		"break": "game:block/rock-break-pickaxe",
		"hit": "game:block/rock-hit-pickaxe",
		"walk": "game:walk/stone"
	},
	"materialDensity": 5000,
	"guiTransform": {
		"translation": { "x": 0, "y": 3, "z": 0 },
		"origin": { "x": 0.5, "y": 0.0312, "z": 0.5 }
	},
	"tpHandTransform": {
		"translation": { "x": -2, "y": -1, "z": -1.4 },
		"scale": 0.37
	}
}
