{
	"code": "crockcolored",
	"behaviorsByType": {
		"*": [
			{ "name": "GroundStorable", "properties": { "layout": "Quadrants", "placeRemoveSound": "game:sounds/player/build", "collisionBox": { "x1": 0, "y1": 0, "z1": 0, "x2": 1, "y2": 0.3125, "z2": 1 } } },
			{ "name": "Unplaceable" },
			{ "name": "RightClickPickup" }
		]
		},
	"heldTpIdleAnimation": "holdbothhands",
	"heldTpUseAnimation": "twohandplaceblock",
	"classByType": {
		"crockcolored-burned-*": "BlockCrock"
	},
	"entityClassByType": {
		"crockcolored-burned-*": "Crock"
	},
	"variantgroups": [
		{ "code": "type", "states": [ "raw", "burned" ] },
		{ "code": "color", "states": [
			"blurple", "green", "malachite", "purple",
			"lavender", "paleblue", "palegreen", "palered", "peach", "sunflower", "white" ] }
	],
	"skipVariants": [ "crockcolored-raw-blurple", "crockcolored-raw-green", "crockcolored-raw-purple" ],
	"attributesByType": {
		"@crockcolored-burned-(lavender|paleblue|palegreen|palered|peach|sunflower|white)": {
			"shelvable": true,
			"mealContainer": true,
			"mealBlockCode": "bricklayers:crockcolored-burned-{color}",
			"servingCapacity": 6,
			"bowlContents": null,
			"handleLiquidContainerInteract": true,
			"handleCookingContainerInteract": true,
			"emptiedBlockCode": "bricklayers:crockcolored-burned-{color}",
			"handbook": { "groupBy": [ "crockcolored-burned-*" ] },
	                "onTongTransform": { "translation": { "x": -1.1, "y": -0.8, "z": -1.1 }, "rotation": { "x": -84, "y": -22, "z": -1 }, "scale": 0.81 },
			"labelNames": [
				"carrot", "cabbage", "onion", "parsnip", "turnip", "pumpkin", "soybean", "bellpepper", "cassava", "mushroom", "redmeat", "poultry", "porridge", "egg", "fish", "bushmeat"
			]
		},
		"crockcolored-burned-*": {
			"shelvable": true,
			"mealContainer": true,
			"mealBlockCode": "bricklayers:crockcolored-burned-{color}",
			"servingCapacity": 4,
			"bowlContents": null,
			"handleLiquidContainerInteract": true,
			"handleCookingContainerInteract": true,
			"emptiedBlockCode": "bricklayers:crockcolored-burned-{color}",
			"handbook": { "groupBy": [ "crockcolored-burned-*" ] },
	                "onTongTransform": { "translation": { "x": -1.1, "y": -0.8, "z": -1.1 }, "rotation": { "x": -84, "y": -22, "z": -1 }, "scale": 0.81 },
			"labelNames": [
				"carrot", "cabbage", "onion", "parsnip", "turnip", "pumpkin", "soybean", "bellpepper", "cassava", "mushroom", "redmeat", "poultry", "porridge", "egg", "fish", "bushmeat"
			]
		},
		"@crockcolored-raw-(lavender|paleblue|palegreen|palered|peach|sunflower|white)": {
			"shelvable": true,
			"handbook": {
				"groupBy": [ "crockcolored-raw" ],
				"extraSections": [ { "title": "game:handbook-item-usage", "text": "handbook-item-usage-crockcolored-raw-porcelain" } ]
			}
		},
                "crockcolored-raw-malachite": {
			"beehivekiln": {
				"0": { "type": "block", "code": "bricklayers:crockcolored-burned-malachite" },
				"1": { "type": "block", "code": "bricklayers:crockcolored-burned-green" },
				"2": { "type": "block", "code": "bricklayers:crockcolored-burned-blurple" },
				"3": { "type": "block", "code": "bricklayers:crockcolored-burned-purple" }
			}
		},
		"*": {
			"shelvable": true,
			"handbook": {
				"groupBy": [ "crockcolored-raw" ],
				"extraSections": [ { "title": "game:handbook-item-usage", "text": "handbook-item-usage-crockcolored-raw-clay" } ]
			}
		}
	},
	"combustiblePropsByType": {
		"@^crockcolored-raw-(lavender|paleblue|palegreen|palered|peach|sunflower|white)": {
			"meltingPoint": 1350,
			"meltingDuration": 45,
			"smeltedRatio": 1,
			"smeltingType": "fire",
			"smeltedStack": { "type": "block", "code": "bricklayers:crockcolored-burned-{color}" },
			"requiresContainer": false
		},
		"crockcolored-raw-*": {
			"meltingPoint": 600,
			"meltingDuration": 45,
			"smeltedRatio": 1,
			"smeltingType": "fire",
			"smeltedStackByType": {
				"*-malachite": { "type": "block", "code": "bricklayers:crockcolored-burned-green" }
			},
			"requiresContainer": false
		}
	},
	"shape_comment": "shape is completely ignored for the burned variants up until at least 1.17.3, so they all look the same and 'assets/bricklayers/shapes/block/clay/crock/base.json' is expected to be there. Raw crocks do have the high shape, however.",
	"shapeByType": {
		"@.*(lavender|paleblue|palegreen|palered|peach|sunflower|white)": { "base": "bricklayers:block/clay/crock/base" },
		"*": { "base": "game:block/clay/crock/base" }
	},
	"doNotRenderAtLod2": true,
	"blockmaterial": "Ceramic",
	"creativeinventory": {
		"general": [ "crockcolored-raw-*", "crockcolored-burned-*" ],
		"decorative": [ "crockcolored-raw-*", "crockcolored-burned-*" ],
		"ceramics": [ "crockcolored-raw-*", "crockcolored-burned-*" ]
	},
	"replaceable": 400,
	"resistance": 1.5,
	"maxStackSizeByType": {
		"*-raw-*": 8,
		"*": 1
	},
	"lightAbsorption": 0,
	"texturesByType": {
		"@crockcolored-burned-(lavender|paleblue|palegreen|palered|peach|sunflower|white)": {
			"ceramic": {
				"base": "bricklayers:block/clay/burnt/{color}",
				"overlays": [ "bricklayers:block/clay/burnt/overlay_crock_porcelain" ]
			},
			"seal": { "base": "game:item/resource/ungraded/sulfur" },
			"label": { "base": "game:block/clay/crock/label" }
		},
		"*-raw-*": {
			"ceramic": {
				"base": "bricklayers:block/clay/raw/{color}",
				"overlays": [ "bricklayers:block/clay/raw/overlay_crock" ]
		       	},
			"seal": { "base": "game:block/transparent" },
			"label": { "base": "game:block/transparent" }
		},
		"*": {
			"ceramic": {
				"base": "bricklayers:block/clay/burnt/{color}",
				"overlays": [ "bricklayers:block/clay/burnt/overlay_crock" ]
		       	},
			"seal": { "base": "game:item/resource/ungraded/sulfur" },
			"label": { "base": "game:block/clay/crock/label" }
		}
	},
	"sounds": {
		"walk": "game:walk/stone"
	},
	"sideopaque": { "all": false },
	"sidesolid": { "all": false },
	"emitsideao": { "all": false },
	"collisionbox": { "x1": 0.25, "y1": 0, "z1": 0.25, "x2": 0.75, "y2": 0.3125, "z2": 0.75 },
	"selectionbox": { "x1": 0.25, "y1": 0, "z1": 0.25, "x2": 0.75, "y2": 0.3125, "z2": 0.75 },
	"guiTransform": {
		"rotation": { "x": -22.6, "y": -125, "z": 0 },
		"origin": { "x": 0.5, "y": 0.18, "z": 0.5 },
		"scale": 3.09
	},
	"groundTransform": { "scale": 3 },
	"tpHandTransform": {
		"translation": { "x": -0.56, "y": -0.03, "z": -0.52 },
		"rotation": { "x": -139, "y": -21, "z": -118 },
		"origin": { "x": 0.5, "y": 0.01, "z": 0.5 },
		"scale": 0.81
	}
}
