{
	"editor": {
		"collapsedPaths": "Root/Cube2",
		"allAngles": false,
		"entityTextureMode": true
	},
	"textureWidth": 16,
	"textureHeight": 16,
	"textureSizes": {
	},
	"textures": {
		"charcoal": "game:block/coal/charcoal",
		"fibers": "game:item/resource/fibers"
	},
	"elements": [
		{
			"name": "Body",
			"from": [ 1.0, 0.0, 0.0 ],
			"to": [ 5.0, 1.0, 1.0 ],
			"uv": [ 4.0, 1.5 ],
			"rotationOrigin": [ 1.0, 0.0, 0.0 ],
			"faces": {
				"north": { "texture": "#charcoal", "uv": [ 4.0, 2.5, 8.0, 3.5 ] },
				"east": { "texture": "#charcoal", "uv": [ 8.0, 2.5, 9.0, 3.5 ] },
				"south": { "texture": "#charcoal", "uv": [ 9.0, 2.5, 13.0, 3.5 ] },
				"west": { "texture": "#charcoal", "uv": [ 13.0, 2.5, 14.0, 3.5 ] },
				"up": { "texture": "#charcoal", "uv": [ 4.0, 1.5, 8.0, 2.5 ] },
				"down": { "texture": "#charcoal", "uv": [ 8.0, 1.5, 12.0, 2.5 ] }
			},
			"children": [
				{
					"name": "End",
					"from": [ -1.0, 0.1, 0.1 ],
					"to": [ 0.0, 0.9, 0.9 ],
					"uv": [ 6.0, 7.0 ],
					"rotationOrigin": [ -1.0, 0.0, 0.0 ],
					"faces": {
						"north": { "texture": "#charcoal", "uv": [ 6.0, 7.5, 7.0, 8.0 ] },
						"east": { "texture": "#charcoal", "uv": [ 7.0, 7.5, 7.5, 8.0 ], "windMode": [-1,-1,-1,-1], "enabled": false },
						"south": { "texture": "#charcoal", "uv": [ 7.0, 7.5, 8.0, 8.0 ] },
						"west": { "texture": "#charcoal", "uv": [ 8.0, 7.5, 8.5, 8.0 ] },
						"up": { "texture": "#charcoal", "uv": [ 6.0, 7.0, 7.0, 7.5 ] },
						"down": { "texture": "#charcoal", "uv": [ 7.0, 7.0, 8.0, 7.5 ] }
					}
				},
				{
					"name": "Tip",
					"from": [ 4.0, 0.15, 0.15 ],
					"to": [ 5.0, 0.85, 0.85 ],
					"uv": [ 10.0, 11.5 ],
					"rotationOrigin": [ 4.0, 0.0, 0.0 ],
					"faces": {
						"north": { "texture": "#charcoal", "uv": [ 10.0, 12.0, 11.0, 12.5 ] },
						"east": { "texture": "#charcoal", "uv": [ 11.0, 12.0, 11.5, 12.5 ] },
						"south": { "texture": "#charcoal", "uv": [ 11.5, 12.0, 12.5, 12.5 ] },
						"west": { "texture": "#charcoal", "uv": [ 12.5, 12.0, 13.0, 12.5 ], "windMode": [-1,-1,-1,-1], "enabled": false },
						"up": { "texture": "#charcoal", "uv": [ 10.0, 11.5, 11.0, 12.0 ] },
						"down": { "texture": "#charcoal", "uv": [ 11.0, 11.5, 12.0, 12.0 ] }
					}
				},
				{
					"name": "Fibers",
					"from": [ 0.15, -0.1, -0.1 ],
					"to": [ 3.55, 1.1, 1.1 ],
					"uv": [ 5.5, 9.5 ],
					"faces": {
						"north": { "texture": "#fibers", "uv": [ 5.5, 10.5, 8.5, 11.5 ] },
						"east": { "texture": "#fibers", "uv": [ 8.5, 10.5, 9.5, 11.5 ] },
						"south": { "texture": "#fibers", "uv": [ 9.5, 10.5, 12.5, 11.5 ] },
						"west": { "texture": "#fibers", "uv": [ 12.5, 10.5, 13.5, 11.5 ] },
						"up": { "texture": "#fibers", "uv": [ 5.5, 9.5, 8.5, 10.5 ] },
						"down": { "texture": "#fibers", "uv": [ 8.5, 9.5, 11.5, 10.5 ] }
					}
				}
			]
		}
	]}