{
	"editor": {
		"allAngles": true,
		"entityTextureMode": false
	},
	"textureWidth": 16,
	"textureHeight": 16,
	"textureSizes": {
	},
	"textures": {
		"scrolls-rotten": "game:item/lore/scrolls-rotten"
	},
	"elements": [
		{
			"name": "Top1",
			"from": [ 8.0, 0.0, 8.0 ],
			"to": [ 8.0, 0.0, 8.0 ],
			"rotationOrigin": [ 8.0, 0.0, 8.0 ],
			"rotationY": 4.0,
			"faces": {
				"north": { "texture": "#null", "uv": [ 0.0, 0.5, 0.5, 1.0 ], "enabled": false },
				"east": { "texture": "#null", "uv": [ 0.5, 0.5, 1.0, 1.0 ], "enabled": false },
				"south": { "texture": "#null", "uv": [ 1.0, 0.5, 1.5, 1.0 ], "enabled": false },
				"west": { "texture": "#null", "uv": [ 1.5, 0.5, 2.0, 1.0 ], "enabled": false },
				"up": { "texture": "#null", "uv": [ 0.0, 0.0, 0.5, 0.5 ], "enabled": false },
				"down": { "texture": "#null", "uv": [ 0.5, 0.0, 1.0, 0.5 ], "enabled": false }
			},
			"children": [
				{
					"name": "mid",
					"from": [ -5.5, 0.5, -0.5 ],
					"to": [ 5.5, 1.5, 0.5 ],
					"rotationOrigin": [ 0.0, 1.0, 0.0 ],
					"faces": {
						"north": { "texture": "#null", "uv": [ 0.0, 1.0, 11.0, 2.0 ], "enabled": false },
						"east": { "texture": "#scrolls-rotten", "uv": [ 5.0, 7.0, 6.0, 8.0 ], "windMode": [-1,-1,-1,-1] },
						"south": { "texture": "#null", "uv": [ 12.0, 1.0, 23.0, 2.0 ], "enabled": false },
						"west": { "texture": "#scrolls-rotten", "uv": [ 5.5, 10.0, 6.5, 11.0 ] },
						"up": { "texture": "#null", "uv": [ 0.0, 0.0, 11.0, 1.0 ], "enabled": false },
						"down": { "texture": "#null", "uv": [ 11.0, 0.0, 22.0, 1.0 ], "enabled": false }
					},
					"children": [
						{
							"name": "d",
							"from": [ -0.5, -0.5, 0.0 ],
							"to": [ 11.5, 0.0, 1.5 ],
							"rotationOrigin": [ 5.5, -0.5, 0.5 ],
							"faces": {
								"north": { "texture": "#null", "uv": [ 0.0, 1.5, 12.0, 2.0 ], "enabled": false },
								"east": { "texture": "#scrolls-rotten", "uv": [ 9.5, 14.5, 11.0, 15.0 ] },
								"south": { "texture": "#scrolls-rotten", "uv": [ 0.0, 8.0, 12.0, 8.5 ] },
								"west": { "texture": "#scrolls-rotten", "uv": [ 0.0, 7.0, 0.5, 8.5 ], "rotation": 90 },
								"up": { "texture": "#scrolls-rotten", "uv": [ 0.0, 11.0, 12.0, 12.5 ] },
								"down": { "texture": "#scrolls-rotten", "uv": [ 0.0, 13.0, 12.0, 14.5 ] }
							}
						},
						{
							"name": "n",
							"from": [ -0.5, -0.5, -0.5 ],
							"to": [ 11.5, 1.0, 0.0 ],
							"rotationOrigin": [ 5.5, 0.5, 0.6 ],
							"faces": {
								"north": { "texture": "#scrolls-rotten", "uv": [ 0.0, 13.0, 12.0, 14.5 ] },
								"east": { "texture": "#scrolls-rotten", "uv": [ 0.0, 0.0, 0.5, 1.5 ] },
								"south": { "texture": "#scrolls-rotten", "uv": [ 0.0, 14.0, 12.0, 15.5 ] },
								"west": { "texture": "#scrolls-rotten", "uv": [ 1.5, 9.0, 2.0, 10.5 ] },
								"up": { "texture": "#null", "uv": [ 0.0, 0.0, 12.0, 0.5 ], "enabled": false },
								"down": { "texture": "#scrolls-rotten", "uv": [ 0.0, 11.0, 12.0, 11.5 ] }
							}
						},
						{
							"name": "u",
							"from": [ -0.5, 1.0, -0.5 ],
							"to": [ 11.5, 1.5, 1.0 ],
							"rotationOrigin": [ 5.5, 1.0, 0.5 ],
							"faces": {
								"north": { "texture": "#scrolls-rotten", "uv": [ 0.0, 7.0, 12.0, 7.5 ], "windMode": [-1,-1,-1,-1] },
								"east": { "texture": "#scrolls-rotten", "uv": [ 10.0, 3.5, 11.5, 4.0 ], "windMode": [-1,-1,-1,-1] },
								"south": { "texture": "#scrolls-rotten", "uv": [ 0.0, 1.0, 12.0, 1.5 ] },
								"west": { "texture": "#scrolls-rotten", "uv": [ 0.0, 14.0, 1.5, 14.5 ], "windMode": [-1,-1,-1,-1] },
								"up": { "texture": "#scrolls-rotten", "uv": [ 0.0, 7.0, 12.0, 8.5 ], "windMode": [-1,-1,-1,-1] },
								"down": { "texture": "#scrolls-rotten", "uv": [ 0.0, 10.0, 12.0, 11.5 ], "windMode": [-1,-1,-1,-1] }
							}
						},
						{
							"name": "s",
							"from": [ -0.5, 0.0, 1.0 ],
							"to": [ 11.5, 1.5, 1.5 ],
							"rotationOrigin": [ 5.5, 0.0, 0.5 ],
							"faces": {
								"north": { "texture": "#scrolls-rotten", "uv": [ 0.0, 11.0, 12.0, 12.5 ] },
								"east": { "texture": "#scrolls-rotten", "uv": [ 11.0, 9.0, 11.5, 10.5 ] },
								"south": { "texture": "#scrolls-rotten", "uv": [ 0.0, 5.0, 12.0, 6.5 ] },
								"west": { "texture": "#scrolls-rotten", "uv": [ 0.0, 0.0, 0.5, 1.5 ] },
								"up": { "texture": "#scrolls-rotten", "uv": [ 0.0, 5.0, 12.0, 5.5 ] },
								"down": { "texture": "#null", "uv": [ 12.0, 0.0, 24.0, 0.5 ], "enabled": false }
							}
						},
						{
							"name": "u2",
							"from": [ -0.51, 1.0, -0.4 ],
							"to": [ 11.49, 1.5, 1.6 ],
							"rotationOrigin": [ 5.5, 1.0, -0.4 ],
							"rotationX": -27.0,
							"faces": {
								"north": { "texture": "#scrolls-rotten", "uv": [ 0.0, 7.0, 12.0, 7.5 ] },
								"east": { "texture": "#scrolls-rotten", "uv": [ 10.0, 3.5, 12.0, 4.0 ] },
								"south": { "texture": "#scrolls-rotten", "uv": [ 0.0, 0.0, 12.0, 0.5 ] },
								"west": { "texture": "#scrolls-rotten", "uv": [ 0.0, 14.0, 2.0, 14.5 ] },
								"up": { "texture": "#scrolls-rotten", "uv": [ 0.0, 7.0, 12.0, 9.0 ] },
								"down": { "texture": "#scrolls-rotten", "uv": [ 0.0, 10.0, 12.0, 12.0 ] }
							}
						}
					]
				}
			]
		},
		{
			"name": "Top2",
			"from": [ 8.0, 0.0, 11.0 ],
			"to": [ 8.0, 0.0, 11.0 ],
			"rotationOrigin": [ 8.0, 0.0, 11.0 ],
			"rotationY": -2.0,
			"faces": {
				"north": { "texture": "#null", "uv": [ 0.0, 0.5, 0.5, 1.0 ], "enabled": false },
				"east": { "texture": "#null", "uv": [ 0.5, 0.5, 1.0, 1.0 ], "enabled": false },
				"south": { "texture": "#null", "uv": [ 1.0, 0.5, 1.5, 1.0 ], "enabled": false },
				"west": { "texture": "#null", "uv": [ 1.5, 0.5, 2.0, 1.0 ], "enabled": false },
				"up": { "texture": "#null", "uv": [ 0.0, 0.0, 0.5, 0.5 ], "enabled": false },
				"down": { "texture": "#null", "uv": [ 0.5, 0.0, 1.0, 0.5 ], "enabled": false }
			},
			"children": [
				{
					"name": "mid2",
					"from": [ -5.5, 0.5, -0.5 ],
					"to": [ 5.5, 1.5, 0.5 ],
					"rotationOrigin": [ 0.0, 1.0, 0.0 ],
					"faces": {
						"north": { "texture": "#null", "uv": [ 0.0, 1.0, 11.0, 2.0 ], "enabled": false },
						"east": { "texture": "#scrolls-rotten", "uv": [ 5.0, 7.0, 6.0, 8.0 ], "windMode": [-1,-1,-1,-1] },
						"south": { "texture": "#null", "uv": [ 12.0, 1.0, 23.0, 2.0 ], "enabled": false },
						"west": { "texture": "#scrolls-rotten", "uv": [ 5.5, 10.0, 6.5, 11.0 ] },
						"up": { "texture": "#null", "uv": [ 0.0, 0.0, 11.0, 1.0 ], "enabled": false },
						"down": { "texture": "#null", "uv": [ 11.0, 0.0, 22.0, 1.0 ], "enabled": false }
					},
					"children": [
						{
							"name": "d2",
							"from": [ -0.5, -0.5, 0.0 ],
							"to": [ 11.5, 0.0, 1.5 ],
							"rotationOrigin": [ 5.5, -0.5, 0.5 ],
							"faces": {
								"north": { "texture": "#null", "uv": [ 0.0, 1.5, 12.0, 2.0 ], "enabled": false },
								"east": { "texture": "#scrolls-rotten", "uv": [ 9.5, 14.5, 11.0, 15.0 ] },
								"south": { "texture": "#scrolls-rotten", "uv": [ 0.0, 8.0, 12.0, 8.5 ] },
								"west": { "texture": "#scrolls-rotten", "uv": [ 0.0, 7.0, 0.5, 8.5 ], "rotation": 90 },
								"up": { "texture": "#scrolls-rotten", "uv": [ 0.0, 11.0, 12.0, 12.5 ] },
								"down": { "texture": "#scrolls-rotten", "uv": [ 0.0, 13.0, 12.0, 14.5 ] }
							}
						},
						{
							"name": "n2",
							"from": [ -0.5, -0.5, -0.5 ],
							"to": [ 11.5, 1.0, 0.0 ],
							"rotationOrigin": [ 5.5, 0.5, 0.6 ],
							"faces": {
								"north": { "texture": "#scrolls-rotten", "uv": [ 0.0, 13.0, 12.0, 14.5 ] },
								"east": { "texture": "#scrolls-rotten", "uv": [ 0.0, 0.0, 0.5, 1.5 ] },
								"south": { "texture": "#scrolls-rotten", "uv": [ 0.0, 14.0, 12.0, 15.5 ] },
								"west": { "texture": "#scrolls-rotten", "uv": [ 1.5, 9.0, 2.0, 10.5 ] },
								"up": { "texture": "#null", "uv": [ 0.0, 0.0, 12.0, 0.5 ], "enabled": false },
								"down": { "texture": "#scrolls-rotten", "uv": [ 0.0, 11.0, 12.0, 11.5 ] }
							}
						},
						{
							"name": "u3",
							"from": [ -0.5, 1.0, -0.5 ],
							"to": [ 11.5, 1.5, 1.0 ],
							"rotationOrigin": [ 5.5, 1.0, 0.5 ],
							"faces": {
								"north": { "texture": "#scrolls-rotten", "uv": [ 0.0, 7.0, 12.0, 7.5 ], "windMode": [-1,-1,-1,-1] },
								"east": { "texture": "#scrolls-rotten", "uv": [ 10.0, 3.5, 11.5, 4.0 ], "windMode": [-1,-1,-1,-1] },
								"south": { "texture": "#scrolls-rotten", "uv": [ 0.0, 1.0, 12.0, 1.5 ] },
								"west": { "texture": "#scrolls-rotten", "uv": [ 0.0, 14.0, 1.5, 14.5 ], "windMode": [-1,-1,-1,-1] },
								"up": { "texture": "#scrolls-rotten", "uv": [ 0.0, 7.0, 12.0, 8.5 ], "windMode": [-1,-1,-1,-1] },
								"down": { "texture": "#scrolls-rotten", "uv": [ 0.0, 10.0, 12.0, 11.5 ], "windMode": [-1,-1,-1,-1] }
							}
						},
						{
							"name": "s2",
							"from": [ -0.5, 0.0, 1.0 ],
							"to": [ 11.5, 1.5, 1.5 ],
							"rotationOrigin": [ 5.5, 0.0, 0.5 ],
							"faces": {
								"north": { "texture": "#scrolls-rotten", "uv": [ 0.0, 11.0, 12.0, 12.5 ] },
								"east": { "texture": "#scrolls-rotten", "uv": [ 11.0, 9.0, 11.5, 10.5 ] },
								"south": { "texture": "#scrolls-rotten", "uv": [ 0.0, 5.0, 12.0, 6.5 ] },
								"west": { "texture": "#scrolls-rotten", "uv": [ 0.0, 0.0, 0.5, 1.5 ] },
								"up": { "texture": "#scrolls-rotten", "uv": [ 0.0, 5.0, 12.0, 5.5 ] },
								"down": { "texture": "#null", "uv": [ 12.0, 0.0, 24.0, 0.5 ], "enabled": false }
							}
						},
						{
							"name": "u4",
							"from": [ -0.51, 1.0, -0.4 ],
							"to": [ 11.49, 1.5, 1.6 ],
							"rotationOrigin": [ 5.5, 1.0, -0.4 ],
							"rotationX": -27.0,
							"faces": {
								"north": { "texture": "#scrolls-rotten", "uv": [ 0.0, 7.0, 12.0, 7.5 ] },
								"east": { "texture": "#scrolls-rotten", "uv": [ 10.0, 3.5, 12.0, 4.0 ] },
								"south": { "texture": "#scrolls-rotten", "uv": [ 0.0, 0.0, 12.0, 0.5 ] },
								"west": { "texture": "#scrolls-rotten", "uv": [ 0.0, 14.0, 2.0, 14.5 ] },
								"up": { "texture": "#scrolls-rotten", "uv": [ 0.0, 7.0, 12.0, 9.0 ] },
								"down": { "texture": "#scrolls-rotten", "uv": [ 0.0, 10.0, 12.0, 12.0 ] }
							}
						}
					]
				}
			]
		},
		{
			"name": "Top3",
			"from": [ 8.0, 0.0, 5.0 ],
			"to": [ 8.0, 0.0, 5.0 ],
			"rotationOrigin": [ 8.0, 0.0, 5.0 ],
			"rotationY": 3.0,
			"faces": {
				"north": { "texture": "#null", "uv": [ 0.0, 0.5, 0.5, 1.0 ], "enabled": false },
				"east": { "texture": "#null", "uv": [ 0.5, 0.5, 1.0, 1.0 ], "enabled": false },
				"south": { "texture": "#null", "uv": [ 1.0, 0.5, 1.5, 1.0 ], "enabled": false },
				"west": { "texture": "#null", "uv": [ 1.5, 0.5, 2.0, 1.0 ], "enabled": false },
				"up": { "texture": "#null", "uv": [ 0.0, 0.0, 0.5, 0.5 ], "enabled": false },
				"down": { "texture": "#null", "uv": [ 0.5, 0.0, 1.0, 0.5 ], "enabled": false }
			},
			"children": [
				{
					"name": "mid3",
					"from": [ -5.5, 0.5, -0.5 ],
					"to": [ 5.5, 1.5, 0.5 ],
					"rotationOrigin": [ 0.0, 1.0, 0.0 ],
					"faces": {
						"north": { "texture": "#null", "uv": [ 0.0, 1.0, 11.0, 2.0 ], "enabled": false },
						"east": { "texture": "#scrolls-rotten", "uv": [ 5.0, 7.0, 6.0, 8.0 ], "windMode": [-1,-1,-1,-1] },
						"south": { "texture": "#null", "uv": [ 12.0, 1.0, 23.0, 2.0 ], "enabled": false },
						"west": { "texture": "#scrolls-rotten", "uv": [ 5.5, 10.0, 6.5, 11.0 ] },
						"up": { "texture": "#null", "uv": [ 0.0, 0.0, 11.0, 1.0 ], "enabled": false },
						"down": { "texture": "#null", "uv": [ 11.0, 0.0, 22.0, 1.0 ], "enabled": false }
					},
					"children": [
						{
							"name": "d3",
							"from": [ -0.5, -0.5, 0.0 ],
							"to": [ 11.5, 0.0, 1.5 ],
							"rotationOrigin": [ 5.5, -0.5, 0.5 ],
							"faces": {
								"north": { "texture": "#null", "uv": [ 0.0, 1.5, 12.0, 2.0 ], "enabled": false },
								"east": { "texture": "#scrolls-rotten", "uv": [ 9.5, 14.5, 11.0, 15.0 ] },
								"south": { "texture": "#scrolls-rotten", "uv": [ 0.0, 8.0, 12.0, 8.5 ] },
								"west": { "texture": "#scrolls-rotten", "uv": [ 0.0, 7.0, 0.5, 8.5 ], "rotation": 90 },
								"up": { "texture": "#scrolls-rotten", "uv": [ 0.0, 11.0, 12.0, 12.5 ] },
								"down": { "texture": "#scrolls-rotten", "uv": [ 0.0, 13.0, 12.0, 14.5 ] }
							}
						},
						{
							"name": "n3",
							"from": [ -0.5, -0.5, -0.5 ],
							"to": [ 11.5, 1.0, 0.0 ],
							"rotationOrigin": [ 5.5, 0.5, 0.6 ],
							"faces": {
								"north": { "texture": "#scrolls-rotten", "uv": [ 0.0, 13.0, 12.0, 14.5 ] },
								"east": { "texture": "#scrolls-rotten", "uv": [ 0.0, 0.0, 0.5, 1.5 ] },
								"south": { "texture": "#scrolls-rotten", "uv": [ 0.0, 14.0, 12.0, 15.5 ] },
								"west": { "texture": "#scrolls-rotten", "uv": [ 1.5, 9.0, 2.0, 10.5 ] },
								"up": { "texture": "#null", "uv": [ 0.0, 0.0, 12.0, 0.5 ], "enabled": false },
								"down": { "texture": "#scrolls-rotten", "uv": [ 0.0, 11.0, 12.0, 11.5 ] }
							}
						},
						{
							"name": "u5",
							"from": [ -0.5, 1.0, -0.5 ],
							"to": [ 11.5, 1.5, 1.0 ],
							"rotationOrigin": [ 5.5, 1.0, 0.5 ],
							"faces": {
								"north": { "texture": "#scrolls-rotten", "uv": [ 0.0, 7.0, 12.0, 7.5 ], "windMode": [-1,-1,-1,-1] },
								"east": { "texture": "#scrolls-rotten", "uv": [ 10.0, 3.5, 11.5, 4.0 ], "windMode": [-1,-1,-1,-1] },
								"south": { "texture": "#scrolls-rotten", "uv": [ 0.0, 1.0, 12.0, 1.5 ] },
								"west": { "texture": "#scrolls-rotten", "uv": [ 0.0, 14.0, 1.5, 14.5 ], "windMode": [-1,-1,-1,-1] },
								"up": { "texture": "#scrolls-rotten", "uv": [ 0.0, 7.0, 12.0, 8.5 ], "windMode": [-1,-1,-1,-1] },
								"down": { "texture": "#scrolls-rotten", "uv": [ 0.0, 10.0, 12.0, 11.5 ], "windMode": [-1,-1,-1,-1] }
							}
						},
						{
							"name": "s3",
							"from": [ -0.5, 0.0, 1.0 ],
							"to": [ 11.5, 1.5, 1.5 ],
							"rotationOrigin": [ 5.5, 0.0, 0.5 ],
							"faces": {
								"north": { "texture": "#scrolls-rotten", "uv": [ 0.0, 11.0, 12.0, 12.5 ] },
								"east": { "texture": "#scrolls-rotten", "uv": [ 11.0, 9.0, 11.5, 10.5 ] },
								"south": { "texture": "#scrolls-rotten", "uv": [ 0.0, 5.0, 12.0, 6.5 ] },
								"west": { "texture": "#scrolls-rotten", "uv": [ 0.0, 0.0, 0.5, 1.5 ] },
								"up": { "texture": "#scrolls-rotten", "uv": [ 0.0, 5.0, 12.0, 5.5 ] },
								"down": { "texture": "#null", "uv": [ 12.0, 0.0, 24.0, 0.5 ], "enabled": false }
							}
						},
						{
							"name": "u6",
							"from": [ -0.51, 1.0, -0.4 ],
							"to": [ 11.49, 1.5, 1.6 ],
							"rotationOrigin": [ 5.5, 1.0, -0.4 ],
							"rotationX": -27.0,
							"faces": {
								"north": { "texture": "#scrolls-rotten", "uv": [ 0.0, 7.0, 12.0, 7.5 ] },
								"east": { "texture": "#scrolls-rotten", "uv": [ 10.0, 3.5, 12.0, 4.0 ] },
								"south": { "texture": "#scrolls-rotten", "uv": [ 0.0, 0.0, 12.0, 0.5 ] },
								"west": { "texture": "#scrolls-rotten", "uv": [ 0.0, 14.0, 2.0, 14.5 ] },
								"up": { "texture": "#scrolls-rotten", "uv": [ 0.0, 7.0, 12.0, 9.0 ] },
								"down": { "texture": "#scrolls-rotten", "uv": [ 0.0, 10.0, 12.0, 12.0 ] }
							}
						}
					]
				}
			]
		},
		{
			"name": "Top4",
			"from": [ 8.0, 0.0, 14.0 ],
			"to": [ 8.0, 0.0, 14.0 ],
			"rotationOrigin": [ 8.0, 0.0, 14.0 ],
			"rotationY": -1.0,
			"faces": {
				"north": { "texture": "#null", "uv": [ 0.0, 0.5, 0.5, 1.0 ], "enabled": false },
				"east": { "texture": "#null", "uv": [ 0.5, 0.5, 1.0, 1.0 ], "enabled": false },
				"south": { "texture": "#null", "uv": [ 1.0, 0.5, 1.5, 1.0 ], "enabled": false },
				"west": { "texture": "#null", "uv": [ 1.5, 0.5, 2.0, 1.0 ], "enabled": false },
				"up": { "texture": "#null", "uv": [ 0.0, 0.0, 0.5, 0.5 ], "enabled": false },
				"down": { "texture": "#null", "uv": [ 0.5, 0.0, 1.0, 0.5 ], "enabled": false }
			},
			"children": [
				{
					"name": "mid4",
					"from": [ -5.5, 0.5, -0.5 ],
					"to": [ 5.5, 1.5, 0.5 ],
					"rotationOrigin": [ 0.0, 1.0, 0.0 ],
					"faces": {
						"north": { "texture": "#null", "uv": [ 0.0, 1.0, 11.0, 2.0 ], "enabled": false },
						"east": { "texture": "#scrolls-rotten", "uv": [ 5.0, 7.0, 6.0, 8.0 ], "windMode": [-1,-1,-1,-1] },
						"south": { "texture": "#null", "uv": [ 12.0, 1.0, 23.0, 2.0 ], "enabled": false },
						"west": { "texture": "#scrolls-rotten", "uv": [ 5.5, 10.0, 6.5, 11.0 ] },
						"up": { "texture": "#null", "uv": [ 0.0, 0.0, 11.0, 1.0 ], "enabled": false },
						"down": { "texture": "#null", "uv": [ 11.0, 0.0, 22.0, 1.0 ], "enabled": false }
					},
					"children": [
						{
							"name": "d4",
							"from": [ -0.5, -0.5, 0.0 ],
							"to": [ 11.5, 0.0, 1.5 ],
							"rotationOrigin": [ 5.5, -0.5, 0.5 ],
							"faces": {
								"north": { "texture": "#null", "uv": [ 0.0, 1.5, 12.0, 2.0 ], "enabled": false },
								"east": { "texture": "#scrolls-rotten", "uv": [ 9.5, 14.5, 11.0, 15.0 ] },
								"south": { "texture": "#scrolls-rotten", "uv": [ 0.0, 8.0, 12.0, 8.5 ] },
								"west": { "texture": "#scrolls-rotten", "uv": [ 0.0, 7.0, 0.5, 8.5 ], "rotation": 90 },
								"up": { "texture": "#scrolls-rotten", "uv": [ 0.0, 11.0, 12.0, 12.5 ] },
								"down": { "texture": "#scrolls-rotten", "uv": [ 0.0, 13.0, 12.0, 14.5 ] }
							}
						},
						{
							"name": "n4",
							"from": [ -0.5, -0.5, -0.5 ],
							"to": [ 11.5, 1.0, 0.0 ],
							"rotationOrigin": [ 5.5, 0.5, 0.6 ],
							"faces": {
								"north": { "texture": "#scrolls-rotten", "uv": [ 0.0, 13.0, 12.0, 14.5 ] },
								"east": { "texture": "#scrolls-rotten", "uv": [ 0.0, 0.0, 0.5, 1.5 ] },
								"south": { "texture": "#scrolls-rotten", "uv": [ 0.0, 14.0, 12.0, 15.5 ] },
								"west": { "texture": "#scrolls-rotten", "uv": [ 1.5, 9.0, 2.0, 10.5 ] },
								"up": { "texture": "#null", "uv": [ 0.0, 0.0, 12.0, 0.5 ], "enabled": false },
								"down": { "texture": "#scrolls-rotten", "uv": [ 0.0, 11.0, 12.0, 11.5 ] }
							}
						},
						{
							"name": "u7",
							"from": [ -0.5, 1.0, -0.5 ],
							"to": [ 11.5, 1.5, 1.0 ],
							"rotationOrigin": [ 5.5, 1.0, 0.5 ],
							"faces": {
								"north": { "texture": "#scrolls-rotten", "uv": [ 0.0, 7.0, 12.0, 7.5 ], "windMode": [-1,-1,-1,-1] },
								"east": { "texture": "#scrolls-rotten", "uv": [ 10.0, 3.5, 11.5, 4.0 ], "windMode": [-1,-1,-1,-1] },
								"south": { "texture": "#scrolls-rotten", "uv": [ 0.0, 1.0, 12.0, 1.5 ] },
								"west": { "texture": "#scrolls-rotten", "uv": [ 0.0, 14.0, 1.5, 14.5 ], "windMode": [-1,-1,-1,-1] },
								"up": { "texture": "#scrolls-rotten", "uv": [ 0.0, 7.0, 12.0, 8.5 ], "windMode": [-1,-1,-1,-1] },
								"down": { "texture": "#scrolls-rotten", "uv": [ 0.0, 10.0, 12.0, 11.5 ], "windMode": [-1,-1,-1,-1] }
							}
						},
						{
							"name": "s4",
							"from": [ -0.5, 0.0, 1.0 ],
							"to": [ 11.5, 1.5, 1.5 ],
							"rotationOrigin": [ 5.5, 0.0, 0.5 ],
							"faces": {
								"north": { "texture": "#scrolls-rotten", "uv": [ 0.0, 11.0, 12.0, 12.5 ] },
								"east": { "texture": "#scrolls-rotten", "uv": [ 11.0, 9.0, 11.5, 10.5 ] },
								"south": { "texture": "#scrolls-rotten", "uv": [ 0.0, 5.0, 12.0, 6.5 ] },
								"west": { "texture": "#scrolls-rotten", "uv": [ 0.0, 0.0, 0.5, 1.5 ] },
								"up": { "texture": "#scrolls-rotten", "uv": [ 0.0, 5.0, 12.0, 5.5 ] },
								"down": { "texture": "#null", "uv": [ 12.0, 0.0, 24.0, 0.5 ], "enabled": false }
							}
						},
						{
							"name": "u8",
							"from": [ -0.51, 1.0, -0.4 ],
							"to": [ 11.49, 1.5, 1.6 ],
							"rotationOrigin": [ 5.5, 1.0, -0.4 ],
							"rotationX": -27.0,
							"faces": {
								"north": { "texture": "#scrolls-rotten", "uv": [ 0.0, 7.0, 12.0, 7.5 ] },
								"east": { "texture": "#scrolls-rotten", "uv": [ 10.0, 3.5, 12.0, 4.0 ] },
								"south": { "texture": "#scrolls-rotten", "uv": [ 0.0, 0.0, 12.0, 0.5 ] },
								"west": { "texture": "#scrolls-rotten", "uv": [ 0.0, 14.0, 2.0, 14.5 ] },
								"up": { "texture": "#scrolls-rotten", "uv": [ 0.0, 7.0, 12.0, 9.0 ] },
								"down": { "texture": "#scrolls-rotten", "uv": [ 0.0, 10.0, 12.0, 12.0 ] }
							}
						}
					]
				}
			]
		},
		{
			"name": "Top5",
			"from": [ 8.0, 0.0, 2.0 ],
			"to": [ 8.0, 0.0, 2.0 ],
			"rotationOrigin": [ 8.0, 0.0, 2.0 ],
			"rotationY": 8.0,
			"faces": {
				"north": { "texture": "#null", "uv": [ 0.0, 0.5, 0.5, 1.0 ], "enabled": false },
				"east": { "texture": "#null", "uv": [ 0.5, 0.5, 1.0, 1.0 ], "enabled": false },
				"south": { "texture": "#null", "uv": [ 1.0, 0.5, 1.5, 1.0 ], "enabled": false },
				"west": { "texture": "#null", "uv": [ 1.5, 0.5, 2.0, 1.0 ], "enabled": false },
				"up": { "texture": "#null", "uv": [ 0.0, 0.0, 0.5, 0.5 ], "enabled": false },
				"down": { "texture": "#null", "uv": [ 0.5, 0.0, 1.0, 0.5 ], "enabled": false }
			},
			"children": [
				{
					"name": "mid5",
					"from": [ -5.5, 0.5, -0.5 ],
					"to": [ 5.5, 1.5, 0.5 ],
					"rotationOrigin": [ 0.0, 1.0, 0.0 ],
					"faces": {
						"north": { "texture": "#null", "uv": [ 0.0, 1.0, 11.0, 2.0 ], "enabled": false },
						"east": { "texture": "#scrolls-rotten", "uv": [ 5.0, 7.0, 6.0, 8.0 ], "windMode": [-1,-1,-1,-1] },
						"south": { "texture": "#null", "uv": [ 12.0, 1.0, 23.0, 2.0 ], "enabled": false },
						"west": { "texture": "#scrolls-rotten", "uv": [ 5.5, 10.0, 6.5, 11.0 ] },
						"up": { "texture": "#null", "uv": [ 0.0, 0.0, 11.0, 1.0 ], "enabled": false },
						"down": { "texture": "#null", "uv": [ 11.0, 0.0, 22.0, 1.0 ], "enabled": false }
					},
					"children": [
						{
							"name": "d5",
							"from": [ -0.5, -0.5, 0.0 ],
							"to": [ 11.5, 0.0, 1.5 ],
							"rotationOrigin": [ 5.5, -0.5, 0.5 ],
							"faces": {
								"north": { "texture": "#null", "uv": [ 0.0, 1.5, 12.0, 2.0 ], "enabled": false },
								"east": { "texture": "#scrolls-rotten", "uv": [ 9.5, 14.5, 11.0, 15.0 ] },
								"south": { "texture": "#scrolls-rotten", "uv": [ 0.0, 8.0, 12.0, 8.5 ] },
								"west": { "texture": "#scrolls-rotten", "uv": [ 0.0, 7.0, 0.5, 8.5 ], "rotation": 90 },
								"up": { "texture": "#scrolls-rotten", "uv": [ 0.0, 11.0, 12.0, 12.5 ] },
								"down": { "texture": "#scrolls-rotten", "uv": [ 0.0, 13.0, 12.0, 14.5 ] }
							}
						},
						{
							"name": "n5",
							"from": [ -0.5, -0.5, -0.5 ],
							"to": [ 11.5, 1.0, 0.0 ],
							"rotationOrigin": [ 5.5, 0.5, 0.6 ],
							"faces": {
								"north": { "texture": "#scrolls-rotten", "uv": [ 0.0, 13.0, 12.0, 14.5 ] },
								"east": { "texture": "#scrolls-rotten", "uv": [ 0.0, 0.0, 0.5, 1.5 ] },
								"south": { "texture": "#scrolls-rotten", "uv": [ 0.0, 14.0, 12.0, 15.5 ] },
								"west": { "texture": "#scrolls-rotten", "uv": [ 1.5, 9.0, 2.0, 10.5 ] },
								"up": { "texture": "#null", "uv": [ 0.0, 0.0, 12.0, 0.5 ], "enabled": false },
								"down": { "texture": "#scrolls-rotten", "uv": [ 0.0, 11.0, 12.0, 11.5 ] }
							}
						},
						{
							"name": "u9",
							"from": [ -0.5, 1.0, -0.5 ],
							"to": [ 11.5, 1.5, 1.0 ],
							"rotationOrigin": [ 5.5, 1.0, 0.5 ],
							"faces": {
								"north": { "texture": "#scrolls-rotten", "uv": [ 0.0, 7.0, 12.0, 7.5 ], "windMode": [-1,-1,-1,-1] },
								"east": { "texture": "#scrolls-rotten", "uv": [ 10.0, 3.5, 11.5, 4.0 ], "windMode": [-1,-1,-1,-1] },
								"south": { "texture": "#scrolls-rotten", "uv": [ 0.0, 1.0, 12.0, 1.5 ] },
								"west": { "texture": "#scrolls-rotten", "uv": [ 0.0, 14.0, 1.5, 14.5 ], "windMode": [-1,-1,-1,-1] },
								"up": { "texture": "#scrolls-rotten", "uv": [ 0.0, 7.0, 12.0, 8.5 ], "windMode": [-1,-1,-1,-1] },
								"down": { "texture": "#scrolls-rotten", "uv": [ 0.0, 10.0, 12.0, 11.5 ], "windMode": [-1,-1,-1,-1] }
							}
						},
						{
							"name": "s5",
							"from": [ -0.5, 0.0, 1.0 ],
							"to": [ 11.5, 1.5, 1.5 ],
							"rotationOrigin": [ 5.5, 0.0, 0.5 ],
							"faces": {
								"north": { "texture": "#scrolls-rotten", "uv": [ 0.0, 11.0, 12.0, 12.5 ] },
								"east": { "texture": "#scrolls-rotten", "uv": [ 11.0, 9.0, 11.5, 10.5 ] },
								"south": { "texture": "#scrolls-rotten", "uv": [ 0.0, 5.0, 12.0, 6.5 ] },
								"west": { "texture": "#scrolls-rotten", "uv": [ 0.0, 0.0, 0.5, 1.5 ] },
								"up": { "texture": "#scrolls-rotten", "uv": [ 0.0, 5.0, 12.0, 5.5 ] },
								"down": { "texture": "#null", "uv": [ 12.0, 0.0, 24.0, 0.5 ], "enabled": false }
							}
						},
						{
							"name": "u10",
							"from": [ -0.51, 1.0, -0.4 ],
							"to": [ 11.49, 1.5, 1.6 ],
							"rotationOrigin": [ 5.5, 1.0, -0.4 ],
							"rotationX": -27.0,
							"faces": {
								"north": { "texture": "#scrolls-rotten", "uv": [ 0.0, 7.0, 12.0, 7.5 ] },
								"east": { "texture": "#scrolls-rotten", "uv": [ 10.0, 3.5, 12.0, 4.0 ] },
								"south": { "texture": "#scrolls-rotten", "uv": [ 0.0, 0.0, 12.0, 0.5 ] },
								"west": { "texture": "#scrolls-rotten", "uv": [ 0.0, 14.0, 2.0, 14.5 ] },
								"up": { "texture": "#scrolls-rotten", "uv": [ 0.0, 7.0, 12.0, 9.0 ] },
								"down": { "texture": "#scrolls-rotten", "uv": [ 0.0, 10.0, 12.0, 12.0 ] }
							}
						}
					]
				}
			]
		},
		{
			"name": "Top6",
			"from": [ 8.0, 2.0, 6.5 ],
			"to": [ 8.0, 2.0, 6.5 ],
			"rotationOrigin": [ 8.0, 2.0, 7.0 ],
			"faces": {
				"north": { "texture": "#null", "uv": [ 0.0, 0.5, 0.5, 1.0 ], "enabled": false },
				"east": { "texture": "#null", "uv": [ 0.5, 0.5, 1.0, 1.0 ], "enabled": false },
				"south": { "texture": "#null", "uv": [ 1.0, 0.5, 1.5, 1.0 ], "enabled": false },
				"west": { "texture": "#null", "uv": [ 1.5, 0.5, 2.0, 1.0 ], "enabled": false },
				"up": { "texture": "#null", "uv": [ 0.0, 0.0, 0.5, 0.5 ], "enabled": false },
				"down": { "texture": "#null", "uv": [ 0.5, 0.0, 1.0, 0.5 ], "enabled": false }
			},
			"children": [
				{
					"name": "mid6",
					"from": [ -5.5, 0.5, -0.5 ],
					"to": [ 5.5, 1.5, 0.5 ],
					"rotationOrigin": [ 0.0, 1.0, 0.0 ],
					"faces": {
						"north": { "texture": "#null", "uv": [ 0.0, 1.0, 11.0, 2.0 ], "enabled": false },
						"east": { "texture": "#scrolls-rotten", "uv": [ 5.0, 7.0, 6.0, 8.0 ], "windMode": [-1,-1,-1,-1] },
						"south": { "texture": "#null", "uv": [ 12.0, 1.0, 23.0, 2.0 ], "enabled": false },
						"west": { "texture": "#scrolls-rotten", "uv": [ 5.5, 10.0, 6.5, 11.0 ] },
						"up": { "texture": "#null", "uv": [ 0.0, 0.0, 11.0, 1.0 ], "enabled": false },
						"down": { "texture": "#null", "uv": [ 11.0, 0.0, 22.0, 1.0 ], "enabled": false }
					},
					"children": [
						{
							"name": "d6",
							"from": [ -0.5, -0.5, 0.0 ],
							"to": [ 11.5, 0.0, 1.5 ],
							"rotationOrigin": [ 5.5, -0.5, 0.5 ],
							"faces": {
								"north": { "texture": "#null", "uv": [ 0.0, 1.5, 12.0, 2.0 ], "enabled": false },
								"east": { "texture": "#scrolls-rotten", "uv": [ 9.5, 14.5, 11.0, 15.0 ] },
								"south": { "texture": "#scrolls-rotten", "uv": [ 0.0, 8.0, 12.0, 8.5 ] },
								"west": { "texture": "#scrolls-rotten", "uv": [ 0.0, 7.0, 0.5, 8.5 ], "rotation": 90 },
								"up": { "texture": "#scrolls-rotten", "uv": [ 0.0, 11.0, 12.0, 12.5 ] },
								"down": { "texture": "#scrolls-rotten", "uv": [ 0.0, 13.0, 12.0, 14.5 ] }
							}
						},
						{
							"name": "n6",
							"from": [ -0.5, -0.5, -0.5 ],
							"to": [ 11.5, 1.0, 0.0 ],
							"rotationOrigin": [ 5.5, 0.5, 0.6 ],
							"faces": {
								"north": { "texture": "#scrolls-rotten", "uv": [ 0.0, 13.0, 12.0, 14.5 ] },
								"east": { "texture": "#scrolls-rotten", "uv": [ 0.0, 0.0, 0.5, 1.5 ] },
								"south": { "texture": "#scrolls-rotten", "uv": [ 0.0, 14.0, 12.0, 15.5 ] },
								"west": { "texture": "#scrolls-rotten", "uv": [ 1.5, 9.0, 2.0, 10.5 ] },
								"up": { "texture": "#null", "uv": [ 0.0, 0.0, 12.0, 0.5 ], "enabled": false },
								"down": { "texture": "#scrolls-rotten", "uv": [ 0.0, 11.0, 12.0, 11.5 ] }
							}
						},
						{
							"name": "u11",
							"from": [ -0.5, 1.0, -0.5 ],
							"to": [ 11.5, 1.5, 1.0 ],
							"rotationOrigin": [ 5.5, 1.0, 0.5 ],
							"faces": {
								"north": { "texture": "#scrolls-rotten", "uv": [ 0.0, 7.0, 12.0, 7.5 ], "windMode": [-1,-1,-1,-1] },
								"east": { "texture": "#scrolls-rotten", "uv": [ 10.0, 3.5, 11.5, 4.0 ], "windMode": [-1,-1,-1,-1] },
								"south": { "texture": "#scrolls-rotten", "uv": [ 0.0, 1.0, 12.0, 1.5 ] },
								"west": { "texture": "#scrolls-rotten", "uv": [ 0.0, 14.0, 1.5, 14.5 ], "windMode": [-1,-1,-1,-1] },
								"up": { "texture": "#scrolls-rotten", "uv": [ 0.0, 7.0, 12.0, 8.5 ], "windMode": [-1,-1,-1,-1] },
								"down": { "texture": "#scrolls-rotten", "uv": [ 0.0, 10.0, 12.0, 11.5 ], "windMode": [-1,-1,-1,-1] }
							}
						},
						{
							"name": "s6",
							"from": [ -0.5, 0.0, 1.0 ],
							"to": [ 11.5, 1.5, 1.5 ],
							"rotationOrigin": [ 5.5, 0.0, 0.5 ],
							"faces": {
								"north": { "texture": "#scrolls-rotten", "uv": [ 0.0, 11.0, 12.0, 12.5 ] },
								"east": { "texture": "#scrolls-rotten", "uv": [ 11.0, 9.0, 11.5, 10.5 ] },
								"south": { "texture": "#scrolls-rotten", "uv": [ 0.0, 5.0, 12.0, 6.5 ] },
								"west": { "texture": "#scrolls-rotten", "uv": [ 0.0, 0.0, 0.5, 1.5 ] },
								"up": { "texture": "#scrolls-rotten", "uv": [ 0.0, 5.0, 12.0, 5.5 ] },
								"down": { "texture": "#null", "uv": [ 12.0, 0.0, 24.0, 0.5 ], "enabled": false }
							}
						},
						{
							"name": "u12",
							"from": [ -0.51, 1.0, -0.4 ],
							"to": [ 11.49, 1.5, 1.6 ],
							"rotationOrigin": [ 5.5, 1.0, -0.4 ],
							"rotationX": -27.0,
							"faces": {
								"north": { "texture": "#scrolls-rotten", "uv": [ 0.0, 7.0, 12.0, 7.5 ] },
								"east": { "texture": "#scrolls-rotten", "uv": [ 10.0, 3.5, 12.0, 4.0 ] },
								"south": { "texture": "#scrolls-rotten", "uv": [ 0.0, 0.0, 12.0, 0.5 ] },
								"west": { "texture": "#scrolls-rotten", "uv": [ 0.0, 14.0, 2.0, 14.5 ] },
								"up": { "texture": "#scrolls-rotten", "uv": [ 0.0, 7.0, 12.0, 9.0 ] },
								"down": { "texture": "#scrolls-rotten", "uv": [ 0.0, 10.0, 12.0, 12.0 ] }
							}
						}
					]
				}
			]
		},
		{
			"name": "Top7",
			"from": [ 8.0, 2.0, 9.5 ],
			"to": [ 8.0, 2.0, 9.5 ],
			"rotationOrigin": [ 8.0, 2.0, 10.0 ],
			"rotationY": -3.0,
			"faces": {
				"north": { "texture": "#null", "uv": [ 0.0, 0.5, 0.5, 1.0 ], "enabled": false },
				"east": { "texture": "#null", "uv": [ 0.5, 0.5, 1.0, 1.0 ], "enabled": false },
				"south": { "texture": "#null", "uv": [ 1.0, 0.5, 1.5, 1.0 ], "enabled": false },
				"west": { "texture": "#null", "uv": [ 1.5, 0.5, 2.0, 1.0 ], "enabled": false },
				"up": { "texture": "#null", "uv": [ 0.0, 0.0, 0.5, 0.5 ], "enabled": false },
				"down": { "texture": "#null", "uv": [ 0.5, 0.0, 1.0, 0.5 ], "enabled": false }
			},
			"children": [
				{
					"name": "mid7",
					"from": [ -5.5, 0.5, -0.5 ],
					"to": [ 5.5, 1.5, 0.5 ],
					"rotationOrigin": [ 0.0, 1.0, 0.0 ],
					"faces": {
						"north": { "texture": "#null", "uv": [ 0.0, 1.0, 11.0, 2.0 ], "enabled": false },
						"east": { "texture": "#scrolls-rotten", "uv": [ 5.0, 7.0, 6.0, 8.0 ], "windMode": [-1,-1,-1,-1] },
						"south": { "texture": "#null", "uv": [ 12.0, 1.0, 23.0, 2.0 ], "enabled": false },
						"west": { "texture": "#scrolls-rotten", "uv": [ 5.5, 10.0, 6.5, 11.0 ] },
						"up": { "texture": "#null", "uv": [ 0.0, 0.0, 11.0, 1.0 ], "enabled": false },
						"down": { "texture": "#null", "uv": [ 11.0, 0.0, 22.0, 1.0 ], "enabled": false }
					},
					"children": [
						{
							"name": "d7",
							"from": [ -0.5, -0.5, 0.0 ],
							"to": [ 11.5, 0.0, 1.5 ],
							"rotationOrigin": [ 5.5, -0.5, 0.5 ],
							"faces": {
								"north": { "texture": "#null", "uv": [ 0.0, 1.5, 12.0, 2.0 ], "enabled": false },
								"east": { "texture": "#scrolls-rotten", "uv": [ 9.5, 14.5, 11.0, 15.0 ] },
								"south": { "texture": "#scrolls-rotten", "uv": [ 0.0, 8.0, 12.0, 8.5 ] },
								"west": { "texture": "#scrolls-rotten", "uv": [ 0.0, 7.0, 0.5, 8.5 ], "rotation": 90 },
								"up": { "texture": "#scrolls-rotten", "uv": [ 0.0, 11.0, 12.0, 12.5 ] },
								"down": { "texture": "#scrolls-rotten", "uv": [ 0.0, 13.0, 12.0, 14.5 ] }
							}
						},
						{
							"name": "n7",
							"from": [ -0.5, -0.5, -0.5 ],
							"to": [ 11.5, 1.0, 0.0 ],
							"rotationOrigin": [ 5.5, 0.5, 0.6 ],
							"faces": {
								"north": { "texture": "#scrolls-rotten", "uv": [ 0.0, 13.0, 12.0, 14.5 ] },
								"east": { "texture": "#scrolls-rotten", "uv": [ 0.0, 0.0, 0.5, 1.5 ] },
								"south": { "texture": "#scrolls-rotten", "uv": [ 0.0, 14.0, 12.0, 15.5 ] },
								"west": { "texture": "#scrolls-rotten", "uv": [ 1.5, 9.0, 2.0, 10.5 ] },
								"up": { "texture": "#null", "uv": [ 0.0, 0.0, 12.0, 0.5 ], "enabled": false },
								"down": { "texture": "#scrolls-rotten", "uv": [ 0.0, 11.0, 12.0, 11.5 ] }
							}
						},
						{
							"name": "u13",
							"from": [ -0.5, 1.0, -0.5 ],
							"to": [ 11.5, 1.5, 1.0 ],
							"rotationOrigin": [ 5.5, 1.0, 0.5 ],
							"faces": {
								"north": { "texture": "#scrolls-rotten", "uv": [ 0.0, 7.0, 12.0, 7.5 ], "windMode": [-1,-1,-1,-1] },
								"east": { "texture": "#scrolls-rotten", "uv": [ 10.0, 3.5, 11.5, 4.0 ], "windMode": [-1,-1,-1,-1] },
								"south": { "texture": "#scrolls-rotten", "uv": [ 0.0, 1.0, 12.0, 1.5 ] },
								"west": { "texture": "#scrolls-rotten", "uv": [ 0.0, 14.0, 1.5, 14.5 ], "windMode": [-1,-1,-1,-1] },
								"up": { "texture": "#scrolls-rotten", "uv": [ 0.0, 7.0, 12.0, 8.5 ], "windMode": [-1,-1,-1,-1] },
								"down": { "texture": "#scrolls-rotten", "uv": [ 0.0, 10.0, 12.0, 11.5 ], "windMode": [-1,-1,-1,-1] }
							}
						},
						{
							"name": "s7",
							"from": [ -0.5, 0.0, 1.0 ],
							"to": [ 11.5, 1.5, 1.5 ],
							"rotationOrigin": [ 5.5, 0.0, 0.5 ],
							"faces": {
								"north": { "texture": "#scrolls-rotten", "uv": [ 0.0, 11.0, 12.0, 12.5 ] },
								"east": { "texture": "#scrolls-rotten", "uv": [ 11.0, 9.0, 11.5, 10.5 ] },
								"south": { "texture": "#scrolls-rotten", "uv": [ 0.0, 5.0, 12.0, 6.5 ] },
								"west": { "texture": "#scrolls-rotten", "uv": [ 0.0, 0.0, 0.5, 1.5 ] },
								"up": { "texture": "#scrolls-rotten", "uv": [ 0.0, 5.0, 12.0, 5.5 ] },
								"down": { "texture": "#null", "uv": [ 12.0, 0.0, 24.0, 0.5 ], "enabled": false }
							}
						},
						{
							"name": "u14",
							"from": [ -0.51, 1.0, -0.4 ],
							"to": [ 11.49, 1.5, 1.6 ],
							"rotationOrigin": [ 5.5, 1.0, -0.4 ],
							"rotationX": -27.0,
							"faces": {
								"north": { "texture": "#scrolls-rotten", "uv": [ 0.0, 7.0, 12.0, 7.5 ] },
								"east": { "texture": "#scrolls-rotten", "uv": [ 10.0, 3.5, 12.0, 4.0 ] },
								"south": { "texture": "#scrolls-rotten", "uv": [ 0.0, 0.0, 12.0, 0.5 ] },
								"west": { "texture": "#scrolls-rotten", "uv": [ 0.0, 14.0, 2.0, 14.5 ] },
								"up": { "texture": "#scrolls-rotten", "uv": [ 0.0, 7.0, 12.0, 9.0 ] },
								"down": { "texture": "#scrolls-rotten", "uv": [ 0.0, 10.0, 12.0, 12.0 ] }
							}
						}
					]
				}
			]
		},
		{
			"name": "Top8",
			"from": [ 8.0, 2.0, 3.5 ],
			"to": [ 8.0, 2.0, 3.5 ],
			"rotationOrigin": [ 8.0, 2.0, 4.0 ],
			"rotationY": 2.0,
			"faces": {
				"north": { "texture": "#null", "uv": [ 0.0, 0.5, 0.5, 1.0 ], "enabled": false },
				"east": { "texture": "#null", "uv": [ 0.5, 0.5, 1.0, 1.0 ], "enabled": false },
				"south": { "texture": "#null", "uv": [ 1.0, 0.5, 1.5, 1.0 ], "enabled": false },
				"west": { "texture": "#null", "uv": [ 1.5, 0.5, 2.0, 1.0 ], "enabled": false },
				"up": { "texture": "#null", "uv": [ 0.0, 0.0, 0.5, 0.5 ], "enabled": false },
				"down": { "texture": "#null", "uv": [ 0.5, 0.0, 1.0, 0.5 ], "enabled": false }
			},
			"children": [
				{
					"name": "mid8",
					"from": [ -5.5, 0.5, -0.5 ],
					"to": [ 5.5, 1.5, 0.5 ],
					"rotationOrigin": [ 0.0, 1.0, 0.0 ],
					"faces": {
						"north": { "texture": "#null", "uv": [ 0.0, 1.0, 11.0, 2.0 ], "enabled": false },
						"east": { "texture": "#scrolls-rotten", "uv": [ 5.0, 7.0, 6.0, 8.0 ], "windMode": [-1,-1,-1,-1] },
						"south": { "texture": "#null", "uv": [ 12.0, 1.0, 23.0, 2.0 ], "enabled": false },
						"west": { "texture": "#scrolls-rotten", "uv": [ 5.5, 10.0, 6.5, 11.0 ] },
						"up": { "texture": "#null", "uv": [ 0.0, 0.0, 11.0, 1.0 ], "enabled": false },
						"down": { "texture": "#null", "uv": [ 11.0, 0.0, 22.0, 1.0 ], "enabled": false }
					},
					"children": [
						{
							"name": "d8",
							"from": [ -0.5, -0.5, 0.0 ],
							"to": [ 11.5, 0.0, 1.5 ],
							"rotationOrigin": [ 5.5, -0.5, 0.5 ],
							"faces": {
								"north": { "texture": "#null", "uv": [ 0.0, 1.5, 12.0, 2.0 ], "enabled": false },
								"east": { "texture": "#scrolls-rotten", "uv": [ 9.5, 14.5, 11.0, 15.0 ] },
								"south": { "texture": "#scrolls-rotten", "uv": [ 0.0, 8.0, 12.0, 8.5 ] },
								"west": { "texture": "#scrolls-rotten", "uv": [ 0.0, 7.0, 0.5, 8.5 ], "rotation": 90 },
								"up": { "texture": "#scrolls-rotten", "uv": [ 0.0, 11.0, 12.0, 12.5 ] },
								"down": { "texture": "#scrolls-rotten", "uv": [ 0.0, 13.0, 12.0, 14.5 ] }
							}
						},
						{
							"name": "n8",
							"from": [ -0.5, -0.5, -0.5 ],
							"to": [ 11.5, 1.0, 0.0 ],
							"rotationOrigin": [ 5.5, 0.5, 0.6 ],
							"faces": {
								"north": { "texture": "#scrolls-rotten", "uv": [ 0.0, 13.0, 12.0, 14.5 ] },
								"east": { "texture": "#scrolls-rotten", "uv": [ 0.0, 0.0, 0.5, 1.5 ] },
								"south": { "texture": "#scrolls-rotten", "uv": [ 0.0, 14.0, 12.0, 15.5 ] },
								"west": { "texture": "#scrolls-rotten", "uv": [ 1.5, 9.0, 2.0, 10.5 ] },
								"up": { "texture": "#null", "uv": [ 0.0, 0.0, 12.0, 0.5 ], "enabled": false },
								"down": { "texture": "#scrolls-rotten", "uv": [ 0.0, 11.0, 12.0, 11.5 ] }
							}
						},
						{
							"name": "u15",
							"from": [ -0.5, 1.0, -0.5 ],
							"to": [ 11.5, 1.5, 1.0 ],
							"rotationOrigin": [ 5.5, 1.0, 0.5 ],
							"faces": {
								"north": { "texture": "#scrolls-rotten", "uv": [ 0.0, 7.0, 12.0, 7.5 ], "windMode": [-1,-1,-1,-1] },
								"east": { "texture": "#scrolls-rotten", "uv": [ 10.0, 3.5, 11.5, 4.0 ], "windMode": [-1,-1,-1,-1] },
								"south": { "texture": "#scrolls-rotten", "uv": [ 0.0, 1.0, 12.0, 1.5 ] },
								"west": { "texture": "#scrolls-rotten", "uv": [ 0.0, 14.0, 1.5, 14.5 ], "windMode": [-1,-1,-1,-1] },
								"up": { "texture": "#scrolls-rotten", "uv": [ 0.0, 7.0, 12.0, 8.5 ], "windMode": [-1,-1,-1,-1] },
								"down": { "texture": "#scrolls-rotten", "uv": [ 0.0, 10.0, 12.0, 11.5 ], "windMode": [-1,-1,-1,-1] }
							}
						},
						{
							"name": "s8",
							"from": [ -0.5, 0.0, 1.0 ],
							"to": [ 11.5, 1.5, 1.5 ],
							"rotationOrigin": [ 5.5, 0.0, 0.5 ],
							"faces": {
								"north": { "texture": "#scrolls-rotten", "uv": [ 0.0, 11.0, 12.0, 12.5 ] },
								"east": { "texture": "#scrolls-rotten", "uv": [ 11.0, 9.0, 11.5, 10.5 ] },
								"south": { "texture": "#scrolls-rotten", "uv": [ 0.0, 5.0, 12.0, 6.5 ] },
								"west": { "texture": "#scrolls-rotten", "uv": [ 0.0, 0.0, 0.5, 1.5 ] },
								"up": { "texture": "#scrolls-rotten", "uv": [ 0.0, 5.0, 12.0, 5.5 ] },
								"down": { "texture": "#null", "uv": [ 12.0, 0.0, 24.0, 0.5 ], "enabled": false }
							}
						},
						{
							"name": "u16",
							"from": [ -0.51, 1.0, -0.4 ],
							"to": [ 11.49, 1.5, 1.6 ],
							"rotationOrigin": [ 5.5, 1.0, -0.4 ],
							"rotationX": -27.0,
							"faces": {
								"north": { "texture": "#scrolls-rotten", "uv": [ 0.0, 7.0, 12.0, 7.5 ] },
								"east": { "texture": "#scrolls-rotten", "uv": [ 10.0, 3.5, 12.0, 4.0 ] },
								"south": { "texture": "#scrolls-rotten", "uv": [ 0.0, 0.0, 12.0, 0.5 ] },
								"west": { "texture": "#scrolls-rotten", "uv": [ 0.0, 14.0, 2.0, 14.5 ] },
								"up": { "texture": "#scrolls-rotten", "uv": [ 0.0, 7.0, 12.0, 9.0 ] },
								"down": { "texture": "#scrolls-rotten", "uv": [ 0.0, 10.0, 12.0, 12.0 ] }
							}
						}
					]
				}
			]
		},
		{
			"name": "Top9",
			"from": [ 8.0, 2.0, 12.5 ],
			"to": [ 8.0, 2.0, 12.5 ],
			"rotationOrigin": [ 8.0, 2.0, 13.0 ],
			"rotationY": -8.0,
			"faces": {
				"north": { "texture": "#null", "uv": [ 0.0, 0.5, 0.5, 1.0 ], "enabled": false },
				"east": { "texture": "#null", "uv": [ 0.5, 0.5, 1.0, 1.0 ], "enabled": false },
				"south": { "texture": "#null", "uv": [ 1.0, 0.5, 1.5, 1.0 ], "enabled": false },
				"west": { "texture": "#null", "uv": [ 1.5, 0.5, 2.0, 1.0 ], "enabled": false },
				"up": { "texture": "#null", "uv": [ 0.0, 0.0, 0.5, 0.5 ], "enabled": false },
				"down": { "texture": "#null", "uv": [ 0.5, 0.0, 1.0, 0.5 ], "enabled": false }
			},
			"children": [
				{
					"name": "mid9",
					"from": [ -5.5, 0.5, -0.5 ],
					"to": [ 5.5, 1.5, 0.5 ],
					"rotationOrigin": [ 0.0, 1.0, 0.0 ],
					"faces": {
						"north": { "texture": "#null", "uv": [ 0.0, 1.0, 11.0, 2.0 ], "enabled": false },
						"east": { "texture": "#scrolls-rotten", "uv": [ 5.0, 7.0, 6.0, 8.0 ], "windMode": [-1,-1,-1,-1] },
						"south": { "texture": "#null", "uv": [ 12.0, 1.0, 23.0, 2.0 ], "enabled": false },
						"west": { "texture": "#scrolls-rotten", "uv": [ 5.5, 10.0, 6.5, 11.0 ] },
						"up": { "texture": "#null", "uv": [ 0.0, 0.0, 11.0, 1.0 ], "enabled": false },
						"down": { "texture": "#null", "uv": [ 11.0, 0.0, 22.0, 1.0 ], "enabled": false }
					},
					"children": [
						{
							"name": "d9",
							"from": [ -0.5, -0.5, 0.0 ],
							"to": [ 11.5, 0.0, 1.5 ],
							"rotationOrigin": [ 5.5, -0.5, 0.5 ],
							"faces": {
								"north": { "texture": "#null", "uv": [ 0.0, 1.5, 12.0, 2.0 ], "enabled": false },
								"east": { "texture": "#scrolls-rotten", "uv": [ 9.5, 14.5, 11.0, 15.0 ] },
								"south": { "texture": "#scrolls-rotten", "uv": [ 0.0, 8.0, 12.0, 8.5 ] },
								"west": { "texture": "#scrolls-rotten", "uv": [ 0.0, 7.0, 0.5, 8.5 ], "rotation": 90 },
								"up": { "texture": "#scrolls-rotten", "uv": [ 0.0, 11.0, 12.0, 12.5 ] },
								"down": { "texture": "#scrolls-rotten", "uv": [ 0.0, 13.0, 12.0, 14.5 ] }
							}
						},
						{
							"name": "n9",
							"from": [ -0.5, -0.5, -0.5 ],
							"to": [ 11.5, 1.0, 0.0 ],
							"rotationOrigin": [ 5.5, 0.5, 0.6 ],
							"faces": {
								"north": { "texture": "#scrolls-rotten", "uv": [ 0.0, 13.0, 12.0, 14.5 ] },
								"east": { "texture": "#scrolls-rotten", "uv": [ 0.0, 0.0, 0.5, 1.5 ] },
								"south": { "texture": "#scrolls-rotten", "uv": [ 0.0, 14.0, 12.0, 15.5 ] },
								"west": { "texture": "#scrolls-rotten", "uv": [ 1.5, 9.0, 2.0, 10.5 ] },
								"up": { "texture": "#null", "uv": [ 0.0, 0.0, 12.0, 0.5 ], "enabled": false },
								"down": { "texture": "#scrolls-rotten", "uv": [ 0.0, 11.0, 12.0, 11.5 ] }
							}
						},
						{
							"name": "u17",
							"from": [ -0.5, 1.0, -0.5 ],
							"to": [ 11.5, 1.5, 1.0 ],
							"rotationOrigin": [ 5.5, 1.0, 0.5 ],
							"faces": {
								"north": { "texture": "#scrolls-rotten", "uv": [ 0.0, 7.0, 12.0, 7.5 ], "windMode": [-1,-1,-1,-1] },
								"east": { "texture": "#scrolls-rotten", "uv": [ 10.0, 3.5, 11.5, 4.0 ], "windMode": [-1,-1,-1,-1] },
								"south": { "texture": "#scrolls-rotten", "uv": [ 0.0, 1.0, 12.0, 1.5 ] },
								"west": { "texture": "#scrolls-rotten", "uv": [ 0.0, 14.0, 1.5, 14.5 ], "windMode": [-1,-1,-1,-1] },
								"up": { "texture": "#scrolls-rotten", "uv": [ 0.0, 7.0, 12.0, 8.5 ], "windMode": [-1,-1,-1,-1] },
								"down": { "texture": "#scrolls-rotten", "uv": [ 0.0, 10.0, 12.0, 11.5 ], "windMode": [-1,-1,-1,-1] }
							}
						},
						{
							"name": "s9",
							"from": [ -0.5, 0.0, 1.0 ],
							"to": [ 11.5, 1.5, 1.5 ],
							"rotationOrigin": [ 5.5, 0.0, 0.5 ],
							"faces": {
								"north": { "texture": "#scrolls-rotten", "uv": [ 0.0, 11.0, 12.0, 12.5 ] },
								"east": { "texture": "#scrolls-rotten", "uv": [ 11.0, 9.0, 11.5, 10.5 ] },
								"south": { "texture": "#scrolls-rotten", "uv": [ 0.0, 5.0, 12.0, 6.5 ] },
								"west": { "texture": "#scrolls-rotten", "uv": [ 0.0, 0.0, 0.5, 1.5 ] },
								"up": { "texture": "#scrolls-rotten", "uv": [ 0.0, 5.0, 12.0, 5.5 ] },
								"down": { "texture": "#null", "uv": [ 12.0, 0.0, 24.0, 0.5 ], "enabled": false }
							}
						},
						{
							"name": "u18",
							"from": [ -0.51, 1.0, -0.4 ],
							"to": [ 11.49, 1.5, 1.6 ],
							"rotationOrigin": [ 5.5, 1.0, -0.4 ],
							"rotationX": -27.0,
							"faces": {
								"north": { "texture": "#scrolls-rotten", "uv": [ 0.0, 7.0, 12.0, 7.5 ] },
								"east": { "texture": "#scrolls-rotten", "uv": [ 10.0, 3.5, 12.0, 4.0 ] },
								"south": { "texture": "#scrolls-rotten", "uv": [ 0.0, 0.0, 12.0, 0.5 ] },
								"west": { "texture": "#scrolls-rotten", "uv": [ 0.0, 14.0, 2.0, 14.5 ] },
								"up": { "texture": "#scrolls-rotten", "uv": [ 0.0, 7.0, 12.0, 9.0 ] },
								"down": { "texture": "#scrolls-rotten", "uv": [ 0.0, 10.0, 12.0, 12.0 ] }
							}
						}
					]
				}
			]
		},
		{
			"name": "Top10",
			"from": [ 8.0, 4.0, 8.0 ],
			"to": [ 8.0, 4.0, 8.0 ],
			"rotationOrigin": [ 8.0, 4.0, 9.0 ],
			"rotationY": -5.0,
			"faces": {
				"north": { "texture": "#null", "uv": [ 0.0, 0.5, 0.5, 1.0 ], "enabled": false },
				"east": { "texture": "#null", "uv": [ 0.5, 0.5, 1.0, 1.0 ], "enabled": false },
				"south": { "texture": "#null", "uv": [ 1.0, 0.5, 1.5, 1.0 ], "enabled": false },
				"west": { "texture": "#null", "uv": [ 1.5, 0.5, 2.0, 1.0 ], "enabled": false },
				"up": { "texture": "#null", "uv": [ 0.0, 0.0, 0.5, 0.5 ], "enabled": false },
				"down": { "texture": "#null", "uv": [ 0.5, 0.0, 1.0, 0.5 ], "enabled": false }
			},
			"children": [
				{
					"name": "mid10",
					"from": [ -5.5, 0.5, -0.5 ],
					"to": [ 5.5, 1.5, 0.5 ],
					"rotationOrigin": [ 0.0, 1.0, 0.0 ],
					"faces": {
						"north": { "texture": "#null", "uv": [ 0.0, 1.0, 11.0, 2.0 ], "enabled": false },
						"east": { "texture": "#scrolls-rotten", "uv": [ 5.0, 7.0, 6.0, 8.0 ], "windMode": [-1,-1,-1,-1] },
						"south": { "texture": "#null", "uv": [ 12.0, 1.0, 23.0, 2.0 ], "enabled": false },
						"west": { "texture": "#scrolls-rotten", "uv": [ 5.5, 10.0, 6.5, 11.0 ] },
						"up": { "texture": "#null", "uv": [ 0.0, 0.0, 11.0, 1.0 ], "enabled": false },
						"down": { "texture": "#null", "uv": [ 11.0, 0.0, 22.0, 1.0 ], "enabled": false }
					},
					"children": [
						{
							"name": "d10",
							"from": [ -0.5, -0.5, 0.0 ],
							"to": [ 11.5, 0.0, 1.5 ],
							"rotationOrigin": [ 5.5, -0.5, 0.5 ],
							"faces": {
								"north": { "texture": "#null", "uv": [ 0.0, 1.5, 12.0, 2.0 ], "enabled": false },
								"east": { "texture": "#scrolls-rotten", "uv": [ 9.5, 14.5, 11.0, 15.0 ] },
								"south": { "texture": "#scrolls-rotten", "uv": [ 0.0, 8.0, 12.0, 8.5 ] },
								"west": { "texture": "#scrolls-rotten", "uv": [ 0.0, 7.0, 0.5, 8.5 ], "rotation": 90 },
								"up": { "texture": "#scrolls-rotten", "uv": [ 0.0, 11.0, 12.0, 12.5 ] },
								"down": { "texture": "#scrolls-rotten", "uv": [ 0.0, 13.0, 12.0, 14.5 ] }
							}
						},
						{
							"name": "n10",
							"from": [ -0.5, -0.5, -0.5 ],
							"to": [ 11.5, 1.0, 0.0 ],
							"rotationOrigin": [ 5.5, 0.5, 0.6 ],
							"faces": {
								"north": { "texture": "#scrolls-rotten", "uv": [ 0.0, 13.0, 12.0, 14.5 ] },
								"east": { "texture": "#scrolls-rotten", "uv": [ 0.0, 0.0, 0.5, 1.5 ] },
								"south": { "texture": "#scrolls-rotten", "uv": [ 0.0, 14.0, 12.0, 15.5 ] },
								"west": { "texture": "#scrolls-rotten", "uv": [ 1.5, 9.0, 2.0, 10.5 ] },
								"up": { "texture": "#null", "uv": [ 0.0, 0.0, 12.0, 0.5 ], "enabled": false },
								"down": { "texture": "#scrolls-rotten", "uv": [ 0.0, 11.0, 12.0, 11.5 ] }
							}
						},
						{
							"name": "u19",
							"from": [ -0.5, 1.0, -0.5 ],
							"to": [ 11.5, 1.5, 1.0 ],
							"rotationOrigin": [ 5.5, 1.0, 0.5 ],
							"faces": {
								"north": { "texture": "#scrolls-rotten", "uv": [ 0.0, 7.0, 12.0, 7.5 ], "windMode": [-1,-1,-1,-1] },
								"east": { "texture": "#scrolls-rotten", "uv": [ 10.0, 3.5, 11.5, 4.0 ], "windMode": [-1,-1,-1,-1] },
								"south": { "texture": "#scrolls-rotten", "uv": [ 0.0, 1.0, 12.0, 1.5 ] },
								"west": { "texture": "#scrolls-rotten", "uv": [ 0.0, 14.0, 1.5, 14.5 ], "windMode": [-1,-1,-1,-1] },
								"up": { "texture": "#scrolls-rotten", "uv": [ 0.0, 7.0, 12.0, 8.5 ], "windMode": [-1,-1,-1,-1] },
								"down": { "texture": "#scrolls-rotten", "uv": [ 0.0, 10.0, 12.0, 11.5 ], "windMode": [-1,-1,-1,-1] }
							}
						},
						{
							"name": "s10",
							"from": [ -0.5, 0.0, 1.0 ],
							"to": [ 11.5, 1.5, 1.5 ],
							"rotationOrigin": [ 5.5, 0.0, 0.5 ],
							"faces": {
								"north": { "texture": "#scrolls-rotten", "uv": [ 0.0, 11.0, 12.0, 12.5 ] },
								"east": { "texture": "#scrolls-rotten", "uv": [ 11.0, 9.0, 11.5, 10.5 ] },
								"south": { "texture": "#scrolls-rotten", "uv": [ 0.0, 5.0, 12.0, 6.5 ] },
								"west": { "texture": "#scrolls-rotten", "uv": [ 0.0, 0.0, 0.5, 1.5 ] },
								"up": { "texture": "#scrolls-rotten", "uv": [ 0.0, 5.0, 12.0, 5.5 ] },
								"down": { "texture": "#null", "uv": [ 12.0, 0.0, 24.0, 0.5 ], "enabled": false }
							}
						},
						{
							"name": "u20",
							"from": [ -0.51, 1.0, -0.4 ],
							"to": [ 11.49, 1.5, 1.6 ],
							"rotationOrigin": [ 5.5, 1.0, -0.4 ],
							"rotationX": -27.0,
							"faces": {
								"north": { "texture": "#scrolls-rotten", "uv": [ 0.0, 7.0, 12.0, 7.5 ] },
								"east": { "texture": "#scrolls-rotten", "uv": [ 10.0, 3.5, 12.0, 4.0 ] },
								"south": { "texture": "#scrolls-rotten", "uv": [ 0.0, 0.0, 12.0, 0.5 ] },
								"west": { "texture": "#scrolls-rotten", "uv": [ 0.0, 14.0, 2.0, 14.5 ] },
								"up": { "texture": "#scrolls-rotten", "uv": [ 0.0, 7.0, 12.0, 9.0 ] },
								"down": { "texture": "#scrolls-rotten", "uv": [ 0.0, 10.0, 12.0, 12.0 ] }
							}
						}
					]
				}
			]
		},
		{
			"name": "Top11",
			"from": [ 8.0, 4.0, 5.0 ],
			"to": [ 8.0, 4.0, 5.0 ],
			"rotationOrigin": [ 8.0, 4.0, 6.0 ],
			"rotationY": 2.0,
			"faces": {
				"north": { "texture": "#null", "uv": [ 0.0, 0.5, 0.5, 1.0 ], "enabled": false },
				"east": { "texture": "#null", "uv": [ 0.5, 0.5, 1.0, 1.0 ], "enabled": false },
				"south": { "texture": "#null", "uv": [ 1.0, 0.5, 1.5, 1.0 ], "enabled": false },
				"west": { "texture": "#null", "uv": [ 1.5, 0.5, 2.0, 1.0 ], "enabled": false },
				"up": { "texture": "#null", "uv": [ 0.0, 0.0, 0.5, 0.5 ], "enabled": false },
				"down": { "texture": "#null", "uv": [ 0.5, 0.0, 1.0, 0.5 ], "enabled": false }
			},
			"children": [
				{
					"name": "mid11",
					"from": [ -5.5, 0.5, -0.5 ],
					"to": [ 5.5, 1.5, 0.5 ],
					"rotationOrigin": [ 0.0, 1.0, 0.0 ],
					"faces": {
						"north": { "texture": "#null", "uv": [ 0.0, 1.0, 11.0, 2.0 ], "enabled": false },
						"east": { "texture": "#scrolls-rotten", "uv": [ 5.0, 7.0, 6.0, 8.0 ], "windMode": [-1,-1,-1,-1] },
						"south": { "texture": "#null", "uv": [ 12.0, 1.0, 23.0, 2.0 ], "enabled": false },
						"west": { "texture": "#scrolls-rotten", "uv": [ 5.5, 10.0, 6.5, 11.0 ] },
						"up": { "texture": "#null", "uv": [ 0.0, 0.0, 11.0, 1.0 ], "enabled": false },
						"down": { "texture": "#null", "uv": [ 11.0, 0.0, 22.0, 1.0 ], "enabled": false }
					},
					"children": [
						{
							"name": "d11",
							"from": [ -0.5, -0.5, 0.0 ],
							"to": [ 11.5, 0.0, 1.5 ],
							"rotationOrigin": [ 5.5, -0.5, 0.5 ],
							"faces": {
								"north": { "texture": "#null", "uv": [ 0.0, 1.5, 12.0, 2.0 ], "enabled": false },
								"east": { "texture": "#scrolls-rotten", "uv": [ 9.5, 14.5, 11.0, 15.0 ] },
								"south": { "texture": "#scrolls-rotten", "uv": [ 0.0, 8.0, 12.0, 8.5 ] },
								"west": { "texture": "#scrolls-rotten", "uv": [ 0.0, 7.0, 0.5, 8.5 ], "rotation": 90 },
								"up": { "texture": "#scrolls-rotten", "uv": [ 0.0, 11.0, 12.0, 12.5 ] },
								"down": { "texture": "#scrolls-rotten", "uv": [ 0.0, 13.0, 12.0, 14.5 ] }
							}
						},
						{
							"name": "n11",
							"from": [ -0.5, -0.5, -0.5 ],
							"to": [ 11.5, 1.0, 0.0 ],
							"rotationOrigin": [ 5.5, 0.5, 0.6 ],
							"faces": {
								"north": { "texture": "#scrolls-rotten", "uv": [ 0.0, 13.0, 12.0, 14.5 ] },
								"east": { "texture": "#scrolls-rotten", "uv": [ 0.0, 0.0, 0.5, 1.5 ] },
								"south": { "texture": "#scrolls-rotten", "uv": [ 0.0, 14.0, 12.0, 15.5 ] },
								"west": { "texture": "#scrolls-rotten", "uv": [ 1.5, 9.0, 2.0, 10.5 ] },
								"up": { "texture": "#null", "uv": [ 0.0, 0.0, 12.0, 0.5 ], "enabled": false },
								"down": { "texture": "#scrolls-rotten", "uv": [ 0.0, 11.0, 12.0, 11.5 ] }
							}
						},
						{
							"name": "u21",
							"from": [ -0.5, 1.0, -0.5 ],
							"to": [ 11.5, 1.5, 1.0 ],
							"rotationOrigin": [ 5.5, 1.0, 0.5 ],
							"faces": {
								"north": { "texture": "#scrolls-rotten", "uv": [ 0.0, 7.0, 12.0, 7.5 ], "windMode": [-1,-1,-1,-1] },
								"east": { "texture": "#scrolls-rotten", "uv": [ 10.0, 3.5, 11.5, 4.0 ], "windMode": [-1,-1,-1,-1] },
								"south": { "texture": "#scrolls-rotten", "uv": [ 0.0, 1.0, 12.0, 1.5 ] },
								"west": { "texture": "#scrolls-rotten", "uv": [ 0.0, 14.0, 1.5, 14.5 ], "windMode": [-1,-1,-1,-1] },
								"up": { "texture": "#scrolls-rotten", "uv": [ 0.0, 7.0, 12.0, 8.5 ], "windMode": [-1,-1,-1,-1] },
								"down": { "texture": "#scrolls-rotten", "uv": [ 0.0, 10.0, 12.0, 11.5 ], "windMode": [-1,-1,-1,-1] }
							}
						},
						{
							"name": "s11",
							"from": [ -0.5, 0.0, 1.0 ],
							"to": [ 11.5, 1.5, 1.5 ],
							"rotationOrigin": [ 5.5, 0.0, 0.5 ],
							"faces": {
								"north": { "texture": "#scrolls-rotten", "uv": [ 0.0, 11.0, 12.0, 12.5 ] },
								"east": { "texture": "#scrolls-rotten", "uv": [ 11.0, 9.0, 11.5, 10.5 ] },
								"south": { "texture": "#scrolls-rotten", "uv": [ 0.0, 5.0, 12.0, 6.5 ] },
								"west": { "texture": "#scrolls-rotten", "uv": [ 0.0, 0.0, 0.5, 1.5 ] },
								"up": { "texture": "#scrolls-rotten", "uv": [ 0.0, 5.0, 12.0, 5.5 ] },
								"down": { "texture": "#null", "uv": [ 12.0, 0.0, 24.0, 0.5 ], "enabled": false }
							}
						},
						{
							"name": "u22",
							"from": [ -0.51, 1.0, -0.4 ],
							"to": [ 11.49, 1.5, 1.6 ],
							"rotationOrigin": [ 5.5, 1.0, -0.4 ],
							"rotationX": -27.0,
							"faces": {
								"north": { "texture": "#scrolls-rotten", "uv": [ 0.0, 7.0, 12.0, 7.5 ] },
								"east": { "texture": "#scrolls-rotten", "uv": [ 10.0, 3.5, 12.0, 4.0 ] },
								"south": { "texture": "#scrolls-rotten", "uv": [ 0.0, 0.0, 12.0, 0.5 ] },
								"west": { "texture": "#scrolls-rotten", "uv": [ 0.0, 14.0, 2.0, 14.5 ] },
								"up": { "texture": "#scrolls-rotten", "uv": [ 0.0, 7.0, 12.0, 9.0 ] },
								"down": { "texture": "#scrolls-rotten", "uv": [ 0.0, 10.0, 12.0, 12.0 ] }
							}
						}
					]
				}
			]
		},
		{
			"name": "Top12",
			"from": [ 8.0, 4.0, 11.0 ],
			"to": [ 8.0, 4.0, 11.0 ],
			"rotationOrigin": [ 8.0, 4.0, 12.0 ],
			"rotationY": 3.0,
			"faces": {
				"north": { "texture": "#null", "uv": [ 0.0, 0.5, 0.5, 1.0 ], "enabled": false },
				"east": { "texture": "#null", "uv": [ 0.5, 0.5, 1.0, 1.0 ], "enabled": false },
				"south": { "texture": "#null", "uv": [ 1.0, 0.5, 1.5, 1.0 ], "enabled": false },
				"west": { "texture": "#null", "uv": [ 1.5, 0.5, 2.0, 1.0 ], "enabled": false },
				"up": { "texture": "#null", "uv": [ 0.0, 0.0, 0.5, 0.5 ], "enabled": false },
				"down": { "texture": "#null", "uv": [ 0.5, 0.0, 1.0, 0.5 ], "enabled": false }
			},
			"children": [
				{
					"name": "mid12",
					"from": [ -5.5, 0.5, -0.5 ],
					"to": [ 5.5, 1.5, 0.5 ],
					"rotationOrigin": [ 0.0, 1.0, 0.0 ],
					"faces": {
						"north": { "texture": "#null", "uv": [ 0.0, 1.0, 11.0, 2.0 ], "enabled": false },
						"east": { "texture": "#scrolls-rotten", "uv": [ 5.0, 7.0, 6.0, 8.0 ], "windMode": [-1,-1,-1,-1] },
						"south": { "texture": "#null", "uv": [ 12.0, 1.0, 23.0, 2.0 ], "enabled": false },
						"west": { "texture": "#scrolls-rotten", "uv": [ 5.5, 10.0, 6.5, 11.0 ] },
						"up": { "texture": "#null", "uv": [ 0.0, 0.0, 11.0, 1.0 ], "enabled": false },
						"down": { "texture": "#null", "uv": [ 11.0, 0.0, 22.0, 1.0 ], "enabled": false }
					},
					"children": [
						{
							"name": "d12",
							"from": [ -0.5, -0.5, 0.0 ],
							"to": [ 11.5, 0.0, 1.5 ],
							"rotationOrigin": [ 5.5, -0.5, 0.5 ],
							"faces": {
								"north": { "texture": "#null", "uv": [ 0.0, 1.5, 12.0, 2.0 ], "enabled": false },
								"east": { "texture": "#scrolls-rotten", "uv": [ 9.5, 14.5, 11.0, 15.0 ] },
								"south": { "texture": "#scrolls-rotten", "uv": [ 0.0, 8.0, 12.0, 8.5 ] },
								"west": { "texture": "#scrolls-rotten", "uv": [ 0.0, 7.0, 0.5, 8.5 ], "rotation": 90 },
								"up": { "texture": "#scrolls-rotten", "uv": [ 0.0, 11.0, 12.0, 12.5 ] },
								"down": { "texture": "#scrolls-rotten", "uv": [ 0.0, 13.0, 12.0, 14.5 ] }
							}
						},
						{
							"name": "n12",
							"from": [ -0.5, -0.5, -0.5 ],
							"to": [ 11.5, 1.0, 0.0 ],
							"rotationOrigin": [ 5.5, 0.5, 0.6 ],
							"faces": {
								"north": { "texture": "#scrolls-rotten", "uv": [ 0.0, 13.0, 12.0, 14.5 ] },
								"east": { "texture": "#scrolls-rotten", "uv": [ 0.0, 0.0, 0.5, 1.5 ] },
								"south": { "texture": "#scrolls-rotten", "uv": [ 0.0, 14.0, 12.0, 15.5 ] },
								"west": { "texture": "#scrolls-rotten", "uv": [ 1.5, 9.0, 2.0, 10.5 ] },
								"up": { "texture": "#null", "uv": [ 0.0, 0.0, 12.0, 0.5 ], "enabled": false },
								"down": { "texture": "#scrolls-rotten", "uv": [ 0.0, 11.0, 12.0, 11.5 ] }
							}
						},
						{
							"name": "u23",
							"from": [ -0.5, 1.0, -0.5 ],
							"to": [ 11.5, 1.5, 1.0 ],
							"rotationOrigin": [ 5.5, 1.0, 0.5 ],
							"faces": {
								"north": { "texture": "#scrolls-rotten", "uv": [ 0.0, 7.0, 12.0, 7.5 ], "windMode": [-1,-1,-1,-1] },
								"east": { "texture": "#scrolls-rotten", "uv": [ 10.0, 3.5, 11.5, 4.0 ], "windMode": [-1,-1,-1,-1] },
								"south": { "texture": "#scrolls-rotten", "uv": [ 0.0, 1.0, 12.0, 1.5 ] },
								"west": { "texture": "#scrolls-rotten", "uv": [ 0.0, 14.0, 1.5, 14.5 ], "windMode": [-1,-1,-1,-1] },
								"up": { "texture": "#scrolls-rotten", "uv": [ 0.0, 7.0, 12.0, 8.5 ], "windMode": [-1,-1,-1,-1] },
								"down": { "texture": "#scrolls-rotten", "uv": [ 0.0, 10.0, 12.0, 11.5 ], "windMode": [-1,-1,-1,-1] }
							}
						},
						{
							"name": "s12",
							"from": [ -0.5, 0.0, 1.0 ],
							"to": [ 11.5, 1.5, 1.5 ],
							"rotationOrigin": [ 5.5, 0.0, 0.5 ],
							"faces": {
								"north": { "texture": "#scrolls-rotten", "uv": [ 0.0, 11.0, 12.0, 12.5 ] },
								"east": { "texture": "#scrolls-rotten", "uv": [ 11.0, 9.0, 11.5, 10.5 ] },
								"south": { "texture": "#scrolls-rotten", "uv": [ 0.0, 5.0, 12.0, 6.5 ] },
								"west": { "texture": "#scrolls-rotten", "uv": [ 0.0, 0.0, 0.5, 1.5 ] },
								"up": { "texture": "#scrolls-rotten", "uv": [ 0.0, 5.0, 12.0, 5.5 ] },
								"down": { "texture": "#null", "uv": [ 12.0, 0.0, 24.0, 0.5 ], "enabled": false }
							}
						},
						{
							"name": "u24",
							"from": [ -0.51, 1.0, -0.4 ],
							"to": [ 11.49, 1.5, 1.6 ],
							"rotationOrigin": [ 5.5, 1.0, -0.4 ],
							"rotationX": -27.0,
							"faces": {
								"north": { "texture": "#scrolls-rotten", "uv": [ 0.0, 7.0, 12.0, 7.5 ] },
								"east": { "texture": "#scrolls-rotten", "uv": [ 10.0, 3.5, 12.0, 4.0 ] },
								"south": { "texture": "#scrolls-rotten", "uv": [ 0.0, 0.0, 12.0, 0.5 ] },
								"west": { "texture": "#scrolls-rotten", "uv": [ 0.0, 14.0, 2.0, 14.5 ] },
								"up": { "texture": "#scrolls-rotten", "uv": [ 0.0, 7.0, 12.0, 9.0 ] },
								"down": { "texture": "#scrolls-rotten", "uv": [ 0.0, 10.0, 12.0, 12.0 ] }
							}
						}
					]
				}
			]
		},
		{
			"name": "Top13",
			"from": [ 8.0, 6.0, 9.5 ],
			"to": [ 8.0, 6.0, 9.5 ],
			"rotationOrigin": [ 8.0, 6.0, 10.0 ],
			"rotationY": -4.0,
			"faces": {
				"north": { "texture": "#null", "uv": [ 0.0, 0.5, 0.5, 1.0 ], "enabled": false },
				"east": { "texture": "#null", "uv": [ 0.5, 0.5, 1.0, 1.0 ], "enabled": false },
				"south": { "texture": "#null", "uv": [ 1.0, 0.5, 1.5, 1.0 ], "enabled": false },
				"west": { "texture": "#null", "uv": [ 1.5, 0.5, 2.0, 1.0 ], "enabled": false },
				"up": { "texture": "#null", "uv": [ 0.0, 0.0, 0.5, 0.5 ], "enabled": false },
				"down": { "texture": "#null", "uv": [ 0.5, 0.0, 1.0, 0.5 ], "enabled": false }
			},
			"children": [
				{
					"name": "mid13",
					"from": [ -5.5, 0.5, -0.5 ],
					"to": [ 5.5, 1.5, 0.5 ],
					"rotationOrigin": [ 0.0, 1.0, 0.0 ],
					"faces": {
						"north": { "texture": "#null", "uv": [ 0.0, 1.0, 11.0, 2.0 ], "enabled": false },
						"east": { "texture": "#scrolls-rotten", "uv": [ 5.0, 7.0, 6.0, 8.0 ], "windMode": [-1,-1,-1,-1] },
						"south": { "texture": "#null", "uv": [ 12.0, 1.0, 23.0, 2.0 ], "enabled": false },
						"west": { "texture": "#scrolls-rotten", "uv": [ 5.5, 10.0, 6.5, 11.0 ] },
						"up": { "texture": "#null", "uv": [ 0.0, 0.0, 11.0, 1.0 ], "enabled": false },
						"down": { "texture": "#null", "uv": [ 11.0, 0.0, 22.0, 1.0 ], "enabled": false }
					},
					"children": [
						{
							"name": "d13",
							"from": [ -0.5, -0.5, 0.0 ],
							"to": [ 11.5, 0.0, 1.5 ],
							"rotationOrigin": [ 5.5, -0.5, 0.5 ],
							"faces": {
								"north": { "texture": "#null", "uv": [ 0.0, 1.5, 12.0, 2.0 ], "enabled": false },
								"east": { "texture": "#scrolls-rotten", "uv": [ 9.5, 14.5, 11.0, 15.0 ] },
								"south": { "texture": "#scrolls-rotten", "uv": [ 0.0, 8.0, 12.0, 8.5 ] },
								"west": { "texture": "#scrolls-rotten", "uv": [ 0.0, 7.0, 0.5, 8.5 ], "rotation": 90 },
								"up": { "texture": "#scrolls-rotten", "uv": [ 0.0, 11.0, 12.0, 12.5 ] },
								"down": { "texture": "#scrolls-rotten", "uv": [ 0.0, 13.0, 12.0, 14.5 ] }
							}
						},
						{
							"name": "n13",
							"from": [ -0.5, -0.5, -0.5 ],
							"to": [ 11.5, 1.0, 0.0 ],
							"rotationOrigin": [ 5.5, 0.5, 0.6 ],
							"faces": {
								"north": { "texture": "#scrolls-rotten", "uv": [ 0.0, 13.0, 12.0, 14.5 ] },
								"east": { "texture": "#scrolls-rotten", "uv": [ 0.0, 0.0, 0.5, 1.5 ] },
								"south": { "texture": "#scrolls-rotten", "uv": [ 0.0, 14.0, 12.0, 15.5 ] },
								"west": { "texture": "#scrolls-rotten", "uv": [ 1.5, 9.0, 2.0, 10.5 ] },
								"up": { "texture": "#null", "uv": [ 0.0, 0.0, 12.0, 0.5 ], "enabled": false },
								"down": { "texture": "#scrolls-rotten", "uv": [ 0.0, 11.0, 12.0, 11.5 ] }
							}
						},
						{
							"name": "u25",
							"from": [ -0.5, 1.0, -0.5 ],
							"to": [ 11.5, 1.5, 1.0 ],
							"rotationOrigin": [ 5.5, 1.0, 0.5 ],
							"faces": {
								"north": { "texture": "#scrolls-rotten", "uv": [ 0.0, 7.0, 12.0, 7.5 ], "windMode": [-1,-1,-1,-1] },
								"east": { "texture": "#scrolls-rotten", "uv": [ 10.0, 3.5, 11.5, 4.0 ], "windMode": [-1,-1,-1,-1] },
								"south": { "texture": "#scrolls-rotten", "uv": [ 0.0, 1.0, 12.0, 1.5 ] },
								"west": { "texture": "#scrolls-rotten", "uv": [ 0.0, 14.0, 1.5, 14.5 ], "windMode": [-1,-1,-1,-1] },
								"up": { "texture": "#scrolls-rotten", "uv": [ 0.0, 7.0, 12.0, 8.5 ], "windMode": [-1,-1,-1,-1] },
								"down": { "texture": "#scrolls-rotten", "uv": [ 0.0, 10.0, 12.0, 11.5 ], "windMode": [-1,-1,-1,-1] }
							}
						},
						{
							"name": "s13",
							"from": [ -0.5, 0.0, 1.0 ],
							"to": [ 11.5, 1.5, 1.5 ],
							"rotationOrigin": [ 5.5, 0.0, 0.5 ],
							"faces": {
								"north": { "texture": "#scrolls-rotten", "uv": [ 0.0, 11.0, 12.0, 12.5 ] },
								"east": { "texture": "#scrolls-rotten", "uv": [ 11.0, 9.0, 11.5, 10.5 ] },
								"south": { "texture": "#scrolls-rotten", "uv": [ 0.0, 5.0, 12.0, 6.5 ] },
								"west": { "texture": "#scrolls-rotten", "uv": [ 0.0, 0.0, 0.5, 1.5 ] },
								"up": { "texture": "#scrolls-rotten", "uv": [ 0.0, 5.0, 12.0, 5.5 ] },
								"down": { "texture": "#null", "uv": [ 12.0, 0.0, 24.0, 0.5 ], "enabled": false }
							}
						},
						{
							"name": "u26",
							"from": [ -0.51, 1.0, -0.4 ],
							"to": [ 11.49, 1.5, 1.6 ],
							"rotationOrigin": [ 5.5, 1.0, -0.4 ],
							"rotationX": -27.0,
							"faces": {
								"north": { "texture": "#scrolls-rotten", "uv": [ 0.0, 7.0, 12.0, 7.5 ] },
								"east": { "texture": "#scrolls-rotten", "uv": [ 10.0, 3.5, 12.0, 4.0 ] },
								"south": { "texture": "#scrolls-rotten", "uv": [ 0.0, 0.0, 12.0, 0.5 ] },
								"west": { "texture": "#scrolls-rotten", "uv": [ 0.0, 14.0, 2.0, 14.5 ] },
								"up": { "texture": "#scrolls-rotten", "uv": [ 0.0, 7.0, 12.0, 9.0 ] },
								"down": { "texture": "#scrolls-rotten", "uv": [ 0.0, 10.0, 12.0, 12.0 ] }
							}
						}
					]
				}
			]
		},
		{
			"name": "Top14",
			"from": [ 8.0, 6.0, 6.5 ],
			"to": [ 8.0, 6.0, 6.5 ],
			"rotationOrigin": [ 8.0, 6.0, 7.0 ],
			"rotationY": -1.0,
			"faces": {
				"north": { "texture": "#null", "uv": [ 0.0, 0.5, 0.5, 1.0 ], "enabled": false },
				"east": { "texture": "#null", "uv": [ 0.5, 0.5, 1.0, 1.0 ], "enabled": false },
				"south": { "texture": "#null", "uv": [ 1.0, 0.5, 1.5, 1.0 ], "enabled": false },
				"west": { "texture": "#null", "uv": [ 1.5, 0.5, 2.0, 1.0 ], "enabled": false },
				"up": { "texture": "#null", "uv": [ 0.0, 0.0, 0.5, 0.5 ], "enabled": false },
				"down": { "texture": "#null", "uv": [ 0.5, 0.0, 1.0, 0.5 ], "enabled": false }
			},
			"children": [
				{
					"name": "mid14",
					"from": [ -5.5, 0.5, -0.5 ],
					"to": [ 5.5, 1.5, 0.5 ],
					"rotationOrigin": [ 0.0, 1.0, 0.0 ],
					"faces": {
						"north": { "texture": "#null", "uv": [ 0.0, 1.0, 11.0, 2.0 ], "enabled": false },
						"east": { "texture": "#scrolls-rotten", "uv": [ 5.0, 7.0, 6.0, 8.0 ], "windMode": [-1,-1,-1,-1] },
						"south": { "texture": "#null", "uv": [ 12.0, 1.0, 23.0, 2.0 ], "enabled": false },
						"west": { "texture": "#scrolls-rotten", "uv": [ 5.5, 10.0, 6.5, 11.0 ] },
						"up": { "texture": "#null", "uv": [ 0.0, 0.0, 11.0, 1.0 ], "enabled": false },
						"down": { "texture": "#null", "uv": [ 11.0, 0.0, 22.0, 1.0 ], "enabled": false }
					},
					"children": [
						{
							"name": "d14",
							"from": [ -0.5, -0.5, 0.0 ],
							"to": [ 11.5, 0.0, 1.5 ],
							"rotationOrigin": [ 5.5, -0.5, 0.5 ],
							"faces": {
								"north": { "texture": "#null", "uv": [ 0.0, 1.5, 12.0, 2.0 ], "enabled": false },
								"east": { "texture": "#scrolls-rotten", "uv": [ 9.5, 14.5, 11.0, 15.0 ] },
								"south": { "texture": "#scrolls-rotten", "uv": [ 0.0, 8.0, 12.0, 8.5 ] },
								"west": { "texture": "#scrolls-rotten", "uv": [ 0.0, 7.0, 0.5, 8.5 ], "rotation": 90 },
								"up": { "texture": "#scrolls-rotten", "uv": [ 0.0, 11.0, 12.0, 12.5 ] },
								"down": { "texture": "#scrolls-rotten", "uv": [ 0.0, 13.0, 12.0, 14.5 ] }
							}
						},
						{
							"name": "n14",
							"from": [ -0.5, -0.5, -0.5 ],
							"to": [ 11.5, 1.0, 0.0 ],
							"rotationOrigin": [ 5.5, 0.5, 0.6 ],
							"faces": {
								"north": { "texture": "#scrolls-rotten", "uv": [ 0.0, 13.0, 12.0, 14.5 ] },
								"east": { "texture": "#scrolls-rotten", "uv": [ 0.0, 0.0, 0.5, 1.5 ] },
								"south": { "texture": "#scrolls-rotten", "uv": [ 0.0, 14.0, 12.0, 15.5 ] },
								"west": { "texture": "#scrolls-rotten", "uv": [ 1.5, 9.0, 2.0, 10.5 ] },
								"up": { "texture": "#null", "uv": [ 0.0, 0.0, 12.0, 0.5 ], "enabled": false },
								"down": { "texture": "#scrolls-rotten", "uv": [ 0.0, 11.0, 12.0, 11.5 ] }
							}
						},
						{
							"name": "u27",
							"from": [ -0.5, 1.0, -0.5 ],
							"to": [ 11.5, 1.5, 1.0 ],
							"rotationOrigin": [ 5.5, 1.0, 0.5 ],
							"faces": {
								"north": { "texture": "#scrolls-rotten", "uv": [ 0.0, 7.0, 12.0, 7.5 ], "windMode": [-1,-1,-1,-1] },
								"east": { "texture": "#scrolls-rotten", "uv": [ 10.0, 3.5, 11.5, 4.0 ], "windMode": [-1,-1,-1,-1] },
								"south": { "texture": "#scrolls-rotten", "uv": [ 0.0, 1.0, 12.0, 1.5 ] },
								"west": { "texture": "#scrolls-rotten", "uv": [ 0.0, 14.0, 1.5, 14.5 ], "windMode": [-1,-1,-1,-1] },
								"up": { "texture": "#scrolls-rotten", "uv": [ 0.0, 7.0, 12.0, 8.5 ], "windMode": [-1,-1,-1,-1] },
								"down": { "texture": "#scrolls-rotten", "uv": [ 0.0, 10.0, 12.0, 11.5 ], "windMode": [-1,-1,-1,-1] }
							}
						},
						{
							"name": "s14",
							"from": [ -0.5, 0.0, 1.0 ],
							"to": [ 11.5, 1.5, 1.5 ],
							"rotationOrigin": [ 5.5, 0.0, 0.5 ],
							"faces": {
								"north": { "texture": "#scrolls-rotten", "uv": [ 0.0, 11.0, 12.0, 12.5 ] },
								"east": { "texture": "#scrolls-rotten", "uv": [ 11.0, 9.0, 11.5, 10.5 ] },
								"south": { "texture": "#scrolls-rotten", "uv": [ 0.0, 5.0, 12.0, 6.5 ] },
								"west": { "texture": "#scrolls-rotten", "uv": [ 0.0, 0.0, 0.5, 1.5 ] },
								"up": { "texture": "#scrolls-rotten", "uv": [ 0.0, 5.0, 12.0, 5.5 ] },
								"down": { "texture": "#null", "uv": [ 12.0, 0.0, 24.0, 0.5 ], "enabled": false }
							}
						},
						{
							"name": "u28",
							"from": [ -0.51, 1.0, -0.4 ],
							"to": [ 11.49, 1.5, 1.6 ],
							"rotationOrigin": [ 5.5, 1.0, -0.4 ],
							"rotationX": -27.0,
							"faces": {
								"north": { "texture": "#scrolls-rotten", "uv": [ 0.0, 7.0, 12.0, 7.5 ] },
								"east": { "texture": "#scrolls-rotten", "uv": [ 10.0, 3.5, 12.0, 4.0 ] },
								"south": { "texture": "#scrolls-rotten", "uv": [ 0.0, 0.0, 12.0, 0.5 ] },
								"west": { "texture": "#scrolls-rotten", "uv": [ 0.0, 14.0, 2.0, 14.5 ] },
								"up": { "texture": "#scrolls-rotten", "uv": [ 0.0, 7.0, 12.0, 9.0 ] },
								"down": { "texture": "#scrolls-rotten", "uv": [ 0.0, 10.0, 12.0, 12.0 ] }
							}
						}
					]
				}
			]
		},
		{
			"name": "Top15",
			"from": [ 8.0, 8.0, 8.0 ],
			"to": [ 8.0, 8.0, 8.0 ],
			"rotationOrigin": [ 8.0, 8.0, 8.0 ],
			"faces": {
				"north": { "texture": "#null", "uv": [ 0.0, 0.5, 0.5, 1.0 ], "enabled": false },
				"east": { "texture": "#null", "uv": [ 0.5, 0.5, 1.0, 1.0 ], "enabled": false },
				"south": { "texture": "#null", "uv": [ 1.0, 0.5, 1.5, 1.0 ], "enabled": false },
				"west": { "texture": "#null", "uv": [ 1.5, 0.5, 2.0, 1.0 ], "enabled": false },
				"up": { "texture": "#null", "uv": [ 0.0, 0.0, 0.5, 0.5 ], "enabled": false },
				"down": { "texture": "#null", "uv": [ 0.5, 0.0, 1.0, 0.5 ], "enabled": false }
			},
			"children": [
				{
					"name": "mid15",
					"from": [ -5.5, 0.5, -0.5 ],
					"to": [ 5.5, 1.5, 0.5 ],
					"rotationOrigin": [ 0.0, 1.0, 0.0 ],
					"faces": {
						"north": { "texture": "#null", "uv": [ 0.0, 1.0, 11.0, 2.0 ], "enabled": false },
						"east": { "texture": "#scrolls-rotten", "uv": [ 5.0, 7.0, 6.0, 8.0 ], "windMode": [-1,-1,-1,-1] },
						"south": { "texture": "#null", "uv": [ 12.0, 1.0, 23.0, 2.0 ], "enabled": false },
						"west": { "texture": "#scrolls-rotten", "uv": [ 5.5, 10.0, 6.5, 11.0 ] },
						"up": { "texture": "#null", "uv": [ 0.0, 0.0, 11.0, 1.0 ], "enabled": false },
						"down": { "texture": "#null", "uv": [ 11.0, 0.0, 22.0, 1.0 ], "enabled": false }
					},
					"children": [
						{
							"name": "d15",
							"from": [ -0.5, -0.5, 0.0 ],
							"to": [ 11.5, 0.0, 1.5 ],
							"rotationOrigin": [ 5.5, -0.5, 0.5 ],
							"faces": {
								"north": { "texture": "#null", "uv": [ 0.0, 1.5, 12.0, 2.0 ], "enabled": false },
								"east": { "texture": "#scrolls-rotten", "uv": [ 9.5, 14.5, 11.0, 15.0 ] },
								"south": { "texture": "#scrolls-rotten", "uv": [ 0.0, 8.0, 12.0, 8.5 ] },
								"west": { "texture": "#scrolls-rotten", "uv": [ 0.0, 7.0, 0.5, 8.5 ], "rotation": 90 },
								"up": { "texture": "#scrolls-rotten", "uv": [ 0.0, 11.0, 12.0, 12.5 ] },
								"down": { "texture": "#scrolls-rotten", "uv": [ 0.0, 13.0, 12.0, 14.5 ] }
							}
						},
						{
							"name": "n15",
							"from": [ -0.5, -0.5, -0.5 ],
							"to": [ 11.5, 1.0, 0.0 ],
							"rotationOrigin": [ 5.5, 0.5, 0.6 ],
							"faces": {
								"north": { "texture": "#scrolls-rotten", "uv": [ 0.0, 13.0, 12.0, 14.5 ] },
								"east": { "texture": "#scrolls-rotten", "uv": [ 0.0, 0.0, 0.5, 1.5 ] },
								"south": { "texture": "#scrolls-rotten", "uv": [ 0.0, 14.0, 12.0, 15.5 ] },
								"west": { "texture": "#scrolls-rotten", "uv": [ 1.5, 9.0, 2.0, 10.5 ] },
								"up": { "texture": "#null", "uv": [ 0.0, 0.0, 12.0, 0.5 ], "enabled": false },
								"down": { "texture": "#scrolls-rotten", "uv": [ 0.0, 11.0, 12.0, 11.5 ] }
							}
						},
						{
							"name": "u29",
							"from": [ -0.5, 1.0, -0.5 ],
							"to": [ 11.5, 1.5, 1.0 ],
							"rotationOrigin": [ 5.5, 1.0, 0.5 ],
							"faces": {
								"north": { "texture": "#scrolls-rotten", "uv": [ 0.0, 7.0, 12.0, 7.5 ], "windMode": [-1,-1,-1,-1] },
								"east": { "texture": "#scrolls-rotten", "uv": [ 10.0, 3.5, 11.5, 4.0 ], "windMode": [-1,-1,-1,-1] },
								"south": { "texture": "#scrolls-rotten", "uv": [ 0.0, 1.0, 12.0, 1.5 ] },
								"west": { "texture": "#scrolls-rotten", "uv": [ 0.0, 14.0, 1.5, 14.5 ], "windMode": [-1,-1,-1,-1] },
								"up": { "texture": "#scrolls-rotten", "uv": [ 0.0, 7.0, 12.0, 8.5 ], "windMode": [-1,-1,-1,-1] },
								"down": { "texture": "#scrolls-rotten", "uv": [ 0.0, 10.0, 12.0, 11.5 ], "windMode": [-1,-1,-1,-1] }
							}
						},
						{
							"name": "s15",
							"from": [ -0.5, 0.0, 1.0 ],
							"to": [ 11.5, 1.5, 1.5 ],
							"rotationOrigin": [ 5.5, 0.0, 0.5 ],
							"faces": {
								"north": { "texture": "#scrolls-rotten", "uv": [ 0.0, 11.0, 12.0, 12.5 ] },
								"east": { "texture": "#scrolls-rotten", "uv": [ 11.0, 9.0, 11.5, 10.5 ] },
								"south": { "texture": "#scrolls-rotten", "uv": [ 0.0, 5.0, 12.0, 6.5 ] },
								"west": { "texture": "#scrolls-rotten", "uv": [ 0.0, 0.0, 0.5, 1.5 ] },
								"up": { "texture": "#scrolls-rotten", "uv": [ 0.0, 5.0, 12.0, 5.5 ] },
								"down": { "texture": "#null", "uv": [ 12.0, 0.0, 24.0, 0.5 ], "enabled": false }
							}
						},
						{
							"name": "u30",
							"from": [ -0.51, 1.0, -0.4 ],
							"to": [ 11.49, 1.5, 1.6 ],
							"rotationOrigin": [ 5.5, 1.0, -0.4 ],
							"rotationX": -27.0,
							"faces": {
								"north": { "texture": "#scrolls-rotten", "uv": [ 0.0, 7.0, 12.0, 7.5 ] },
								"east": { "texture": "#scrolls-rotten", "uv": [ 10.0, 3.5, 12.0, 4.0 ] },
								"south": { "texture": "#scrolls-rotten", "uv": [ 0.0, 0.0, 12.0, 0.5 ] },
								"west": { "texture": "#scrolls-rotten", "uv": [ 0.0, 14.0, 2.0, 14.5 ] },
								"up": { "texture": "#scrolls-rotten", "uv": [ 0.0, 7.0, 12.0, 9.0 ] },
								"down": { "texture": "#scrolls-rotten", "uv": [ 0.0, 10.0, 12.0, 12.0 ] }
							}
						}
					]
				}
			]
		}
	]}