﻿{
  "editor": {
    "allAngles": true,
    "entityTextureMode": true
  },
  "textureWidth": 16,
  "textureHeight": 16,
  "textureSizes": {
    "base": [16,16]
  },
  "textures": {
    "base": "game:item/lore/pages-aged"
  },
  "elements": [
    {
      "name": "origin",
      "from": [ 0.0, 0.0, 0.0 ],
      "to": [ 0.0, 0.0, 0.0 ],
      "uv": [ 1.5, 1.0 ],
      "rotationOrigin": [ 8.0, 0.0, 8.0 ],
      "faces": {
      },
      "children": [
        {
          "name": "Paper-mid",
          "from": [ 5.0, 1.1, 4.0 ],
          "to": [ 11.0, 1.6, 8.0 ],
          "autoUnwrap": false,
          "uv": [ 4.0, 4.0 ],
          "rotationOrigin": [ 8.0, 1.3, 8.0 ],
          "rotationX": 4.0,
          "faces": {
            "north": { "texture": "#base", "uv": [ 10.5, 6.0, 11.0, 12.0 ], "rotation": 90 },
            "east": { "texture": "#base", "uv": [ 11.0, 6.0, 11.5, 10.0 ], "rotation": 90 },
            "west": { "texture": "#base", "uv": [ 11.5, 6.0, 12.0, 10.0 ], "rotation": 90 },
            "up": { "texture": "#base", "uv": [ 2.0, 4.0, 8.0, 8.0 ] },
            "down": { "texture": "#base", "uv": [ 2.0, 4.0, 8.0, 8.0 ] }
          },
          "children": [
            {
              "name": "paper-high",
              "from": [ 0.0, 0.0, -2.1 ],
              "to": [ 6.0, 0.5, -0.1 ],
              "autoUnwrap": false,
              "uv": [ 10.5, 0.5 ],
              "rotationOrigin": [ 4.0, 0.0, -0.1 ],
              "rotationX": 20.0,
              "faces": {
                "north": { "texture": "#base", "uv": [ 12.0, 6.0, 12.5, 12.0 ], "rotation": 90 },
                "east": { "texture": "#base", "uv": [ 10.0, 5.0, 12.0, 5.5 ] },
                "west": { "texture": "#base", "uv": [ 10.0, 4.5, 12.0, 5.0 ] },
                "up": { "texture": "#base", "uv": [ 2.0, 2.0, 8.0, 4.0 ], "windMode": [-1,-1,-1,-1] },
                "down": { "texture": "#base", "uv": [ 2.0, 2.0, 8.0, 4.0 ], "windMode": [-1,-1,-1,-1] }
              },
              "children": [
                {
                  "name": "edge1",
                  "from": [ -1.0, 0.0, -1.0 ],
                  "to": [ 1.0, 0.5, 0.0 ],
                  "autoUnwrap": false,
                  "uv": [ 0.0, 0.0 ],
                  "rotationOrigin": [ 0.0, 0.5, 0.0 ],
                  "rotationX": 22.0,
                  "faces": {
                    "north": { "texture": "#base", "uv": [ 10.0, 15.5, 12.0, 16.0 ] },
                    "east": { "texture": "#base", "uv": [ 11.0, 15.0, 12.0, 15.5 ] },
                    "west": { "texture": "#base", "uv": [ 10.0, 15.0, 11.0, 15.5 ] },
                    "up": { "texture": "#base", "uv": [ 0.0, 1.0, 2.0, 2.0 ] },
                    "down": { "texture": "#base", "uv": [ 0.0, 1.0, 2.0, 2.0 ] }
                  }
                },
                {
                  "name": "edge2",
                  "from": [ 1.0, 0.0, -2.0 ],
                  "to": [ 2.0, 0.5, 0.0 ],
                  "autoUnwrap": false,
                  "uv": [ 2.0, 0.0 ],
                  "rotationOrigin": [ 2.0, 0.5, 0.0 ],
                  "rotationX": -17.0,
                  "faces": {
                    "north": { "texture": "#base", "uv": [ 11.5, 14.0, 12.5, 14.5 ] },
                    "east": { "texture": "#base", "uv": [ 10.0, 14.0, 12.0, 14.5 ] },
                    "west": { "texture": "#base", "uv": [ 10.0, 12.0, 12.0, 12.5 ], "windMode": [-1,-1,-1,-1] },
                    "up": { "texture": "#base", "uv": [ 2.0, 0.0, 3.0, 2.0 ] },
                    "down": { "texture": "#base", "uv": [ 2.0, 0.0, 3.0, 2.0 ] }
                  }
                },
                {
                  "name": "edge3",
                  "from": [ 3.0, 0.0, -1.0 ],
                  "to": [ 4.0, 0.5, 0.0 ],
                  "autoUnwrap": false,
                  "uv": [ 4.0, 0.0 ],
                  "rotationOrigin": [ 4.0, 0.5, 0.0 ],
                  "rotationX": -17.0,
                  "faces": {
                    "north": { "texture": "#base", "uv": [ 10.0, 5.5, 11.0, 6.0 ] },
                    "east": { "texture": "#base", "uv": [ 13.0, 5.5, 14.0, 6.0 ] },
                    "west": { "texture": "#base", "uv": [ 13.0, 5.0, 14.0, 5.5 ] },
                    "up": { "texture": "#base", "uv": [ 4.0, 1.0, 5.0, 2.0 ] },
                    "down": { "texture": "#base", "uv": [ 4.0, 1.0, 5.0, 2.0 ] }
                  }
                },
                {
                  "name": "edge4",
                  "from": [ 4.0, 0.0, -0.5 ],
                  "to": [ 5.0, 0.5, 0.0 ],
                  "autoUnwrap": false,
                  "uv": [ 4.0, 0.0 ],
                  "rotationOrigin": [ 5.0, 0.5, 0.0 ],
                  "rotationX": 3.0,
                  "faces": {
                    "north": { "texture": "#base", "uv": [ 10.0, 5.5, 11.0, 6.0 ] },
                    "east": { "texture": "#base", "uv": [ 13.0, 5.5, 13.5, 6.0 ] },
                    "west": { "texture": "#base", "uv": [ 13.0, 5.0, 13.5, 5.5 ] },
                    "up": { "texture": "#base", "uv": [ 5.0, 1.5, 6.0, 2.0 ], "windMode": [-1,-1,-1,-1] },
                    "down": { "texture": "#base", "uv": [ 5.0, 1.5, 6.0, 2.0 ] }
                  }
                },
                {
                  "name": "edge5",
                  "from": [ -1.5, 0.0, -0.5 ],
                  "to": [ 0.0, 0.5, 1.0 ],
                  "autoUnwrap": false,
                  "uv": [ 7.0, 0.0 ],
                  "rotationOrigin": [ 0.0, 0.5, 0.0 ],
                  "rotationZ": -22.0,
                  "faces": {
                    "north": { "texture": "#base", "uv": [ 10.5, 13.5, 12.0, 14.0 ] },
                    "south": { "texture": "#base", "uv": [ 10.0, 12.5, 11.5, 13.0 ], "windMode": [-1,-1,-1,-1] },
                    "west": { "texture": "#base", "uv": [ 11.0, 10.5, 12.5, 11.0 ], "windMode": [-1,-1,-1,-1] },
                    "up": { "texture": "#base", "uv": [ 0.5, 1.5, 2.0, 3.0 ] },
                    "down": { "texture": "#base", "uv": [ 0.5, 1.5, 2.0, 3.0 ] }
                  }
                },
                {
                  "name": "edge6",
                  "from": [ -0.5, 0.0, 1.0 ],
                  "to": [ 0.0, 0.5, 2.0 ],
                  "autoUnwrap": false,
                  "uv": [ 7.0, 0.0 ],
                  "rotationOrigin": [ 0.0, 0.5, 1.5 ],
                  "rotationZ": -22.0,
                  "faces": {
                    "north": { "texture": "#base", "uv": [ 10.5, 13.5, 11.0, 14.0 ] },
                    "west": { "texture": "#base", "uv": [ 11.0, 10.5, 12.0, 11.0 ], "windMode": [-1,-1,-1,-1] },
                    "up": { "texture": "#base", "uv": [ 1.5, 3.0, 2.0, 4.0 ] },
                    "down": { "texture": "#base", "uv": [ 1.5, 3.0, 2.0, 4.0 ], "windMode": [-1,-1,-1,-1] }
                  }
                },
                {
                  "name": "edge23",
                  "from": [ 6.0, 0.0, 1.0 ],
                  "to": [ 7.0, 0.5, 2.0 ],
                  "autoUnwrap": false,
                  "uv": [ 0.0, 0.0 ],
                  "rotationOrigin": [ 6.0, 0.5, 1.0 ],
                  "rotationZ": 28.0,
                  "faces": {
                    "north": { "texture": "#base", "uv": [ 12.5, 5.0, 13.5, 5.5 ], "windMode": [-1,-1,-1,-1] },
                    "east": { "texture": "#base", "uv": [ 11.5, 11.0, 12.5, 11.5 ], "windMode": [-1,-1,-1,-1] },
                    "south": { "texture": "#base", "uv": [ 10.0, 4.5, 11.0, 5.0 ], "windMode": [-1,-1,-1,-1] },
                    "up": { "texture": "#base", "uv": [ 8.0, 3.0, 9.0, 4.0 ] },
                    "down": { "texture": "#base", "uv": [ 8.0, 3.0, 9.0, 4.0 ] }
                  }
                },
                {
                  "name": "edge24",
                  "from": [ 6.0, 0.0, -0.5 ],
                  "to": [ 6.5, 0.5, 1.0 ],
                  "autoUnwrap": false,
                  "uv": [ 0.0, 0.0 ],
                  "rotationOrigin": [ 6.0, 0.5, 1.0 ],
                  "rotationZ": 28.0,
                  "faces": {
                    "north": { "texture": "#base", "uv": [ 10.0, 7.0, 10.5, 7.5 ], "windMode": [-1,-1,-1,-1] },
                    "east": { "texture": "#base", "uv": [ 11.0, 5.0, 12.5, 5.5 ], "windMode": [-1,-1,-1,-1] },
                    "south": { "texture": "#base", "uv": [ 10.5, 8.0, 11.0, 8.5 ], "windMode": [-1,-1,-1,-1] },
                    "west": { "texture": "#base", "uv": [ 11.0, 9.0, 12.5, 9.5 ] },
                    "up": { "texture": "#base", "uv": [ 8.0, 1.5, 8.5, 3.0 ] },
                    "down": { "texture": "#base", "uv": [ 8.0, 1.5, 8.5, 3.0 ], "windMode": [-1,-1,-1,-1] }
                  }
                },
                {
                  "name": "edge25",
                  "from": [ 2.0, 0.0, -0.5 ],
                  "to": [ 2.5, 0.5, 0.0 ],
                  "autoUnwrap": false,
                  "uv": [ 4.0, 0.0 ],
                  "rotationOrigin": [ 2.0, 0.5, 0.0 ],
                  "rotationX": -17.0,
                  "faces": {
                    "north": { "texture": "#base", "uv": [ 10.0, 5.5, 10.5, 6.0 ] },
                    "east": { "texture": "#base", "uv": [ 13.0, 5.5, 13.5, 6.0 ] },
                    "west": { "texture": "#base", "uv": [ 13.0, 5.0, 13.5, 5.5 ] },
                    "up": { "texture": "#base", "uv": [ 3.0, 1.5, 3.5, 2.0 ] },
                    "down": { "texture": "#base", "uv": [ 3.0, 1.5, 3.5, 2.0 ], "windMode": [-1,-1,-1,-1] }
                  }
                }
              ]
            },
            {
              "name": "paper-mid2",
              "from": [ 0.0, 0.0, 4.0 ],
              "to": [ 6.0, 0.5, 8.0 ],
              "autoUnwrap": false,
              "uv": [ -0.5, 6.0 ],
              "rotationOrigin": [ 3.0, 0.5, 4.0 ],
              "rotationX": -10.0,
              "faces": {
                "east": { "texture": "#base", "uv": [ 9.5, 5.0, 13.5, 5.5 ], "windMode": [-1,-1,-1,-1] },
                "west": { "texture": "#base", "uv": [ 9.5, 5.5, 13.5, 6.0 ], "windMode": [-1,-1,-1,-1] },
                "up": { "texture": "#base", "uv": [ 2.0, 8.0, 8.0, 12.0 ] },
                "down": { "texture": "#base", "uv": [ 2.0, 8.0, 8.0, 12.0 ] }
              },
              "children": [
                {
                  "name": "paper-low",
                  "from": [ 0.0, 0.0, 3.8 ],
                  "to": [ 6.0, 0.5, 4.8 ],
                  "autoUnwrap": false,
                  "uv": [ 9.5, 7.5 ],
                  "rotationOrigin": [ 4.0, 0.0, 3.8 ],
                  "rotationX": 22.5,
                  "faces": {
                    "east": { "texture": "#base", "uv": [ 10.0, 5.0, 11.0, 5.5 ] },
                    "south": { "texture": "#base", "uv": [ 10.0, 6.0, 10.5, 12.0 ], "rotation": 90 },
                    "west": { "texture": "#base", "uv": [ 11.0, 4.5, 12.0, 5.0 ] },
                    "up": { "texture": "#base", "uv": [ 2.0, 12.0, 8.0, 13.0 ] },
                    "down": { "texture": "#base", "uv": [ 2.0, 12.0, 8.0, 13.0 ] }
                  },
                  "children": [
                    {
                      "name": "edge13",
                      "from": [ -0.5, 0.0, 0.0 ],
                      "to": [ 0.0, 0.5, 0.5 ],
                      "autoUnwrap": false,
                      "uv": [ 0.0, 14.0 ],
                      "rotationOrigin": [ 0.0, 0.5, 0.0 ],
                      "rotationZ": -25.0,
                      "faces": {
                        "north": { "texture": "#base", "uv": [ 10.0, 12.0, 10.5, 12.5 ] },
                        "south": { "texture": "#base", "uv": [ 10.0, 12.5, 10.5, 13.0 ] },
                        "west": { "texture": "#base", "uv": [ 10.0, 13.5, 10.5, 14.0 ] },
                        "up": { "texture": "#base", "uv": [ 1.5, 12.0, 2.0, 12.5 ] },
                        "down": { "texture": "#base", "uv": [ 1.5, 12.0, 2.0, 12.5 ] }
                      }
                    },
                    {
                      "name": "edge14",
                      "from": [ 4.0, 0.0, 1.0 ],
                      "to": [ 7.0, 0.5, 2.0 ],
                      "autoUnwrap": false,
                      "uv": [ 1.0, 14.0 ],
                      "rotationOrigin": [ 4.0, 0.5, 1.0 ],
                      "rotationX": -36.0,
                      "faces": {
                        "north": { "texture": "#base", "uv": [ 12.0, 4.5, 12.5, 7.5 ], "rotation": 90 },
                        "east": { "texture": "#base", "uv": [ 10.5, 4.5, 11.5, 5.0 ] },
                        "south": { "texture": "#base", "uv": [ 10.5, 11.5, 11.0, 14.5 ], "rotation": 90 },
                        "west": { "texture": "#base", "uv": [ 10.0, 15.0, 11.0, 15.5 ] },
                        "up": { "texture": "#base", "uv": [ 6.0, 13.0, 9.0, 14.0 ] },
                        "down": { "texture": "#base", "uv": [ 6.0, 13.0, 9.0, 14.0 ] }
                      }
                    },
                    {
                      "name": "edge15",
                      "from": [ 2.0, 0.0, 1.0 ],
                      "to": [ 4.0, 0.5, 3.0 ],
                      "autoUnwrap": false,
                      "uv": [ 1.0, 14.0 ],
                      "rotationOrigin": [ 2.0, 0.5, 1.0 ],
                      "rotationX": 19.0,
                      "faces": {
                        "east": { "texture": "#base", "uv": [ 10.5, 4.5, 12.5, 5.0 ] },
                        "south": { "texture": "#base", "uv": [ 10.5, 11.5, 11.0, 13.5 ], "rotation": 90 },
                        "west": { "texture": "#base", "uv": [ 10.0, 15.0, 12.0, 15.5 ] },
                        "up": { "texture": "#base", "uv": [ 4.0, 13.0, 6.0, 15.0 ] },
                        "down": { "texture": "#base", "uv": [ 4.0, 13.0, 6.0, 15.0 ] }
                      }
                    },
                    {
                      "name": "edge16",
                      "from": [ 1.0, 0.0, 1.0 ],
                      "to": [ 2.0, 0.5, 2.0 ],
                      "autoUnwrap": false,
                      "uv": [ 1.0, 14.0 ],
                      "rotationOrigin": [ 2.0, 0.5, 1.0 ],
                      "rotationX": -6.0,
                      "faces": {
                        "east": { "texture": "#base", "uv": [ 10.5, 4.5, 11.5, 5.0 ] },
                        "south": { "texture": "#base", "uv": [ 10.5, 11.5, 11.0, 12.5 ], "rotation": 90 },
                        "west": { "texture": "#base", "uv": [ 10.0, 15.0, 11.0, 15.5 ] },
                        "up": { "texture": "#base", "uv": [ 3.0, 13.0, 4.0, 14.0 ] },
                        "down": { "texture": "#base", "uv": [ 3.0, 13.0, 4.0, 14.0 ], "windMode": [-1,-1,-1,-1] }
                      }
                    },
                    {
                      "name": "edge17",
                      "from": [ 6.0, 0.0, 0.0 ],
                      "to": [ 7.5, 0.5, 1.0 ],
                      "autoUnwrap": false,
                      "uv": [ 1.0, 14.5 ],
                      "rotationOrigin": [ 6.0, 0.5, 0.0 ],
                      "rotationZ": 25.0,
                      "faces": {
                        "north": { "texture": "#base", "uv": [ 11.0, 6.0, 12.5, 6.5 ] },
                        "east": { "texture": "#base", "uv": [ 11.0, 7.0, 12.0, 7.5 ] },
                        "south": { "texture": "#base", "uv": [ 10.0, 8.5, 11.5, 9.0 ] },
                        "up": { "texture": "#base", "uv": [ 8.0, 12.0, 9.5, 13.0 ] },
                        "down": { "texture": "#base", "uv": [ 8.0, 12.0, 9.5, 13.0 ] }
                      }
                    }
                  ]
                },
                {
                  "name": "edge10",
                  "from": [ -1.0, 0.0, 0.0 ],
                  "to": [ 0.0, 0.5, 1.0 ],
                  "autoUnwrap": false,
                  "uv": [ 0.0, 8.0 ],
                  "rotationOrigin": [ 0.0, 0.5, 0.0 ],
                  "rotationZ": -28.0,
                  "faces": {
                    "north": { "texture": "#base", "uv": [ 11.5, 14.5, 12.5, 15.0 ] },
                    "south": { "texture": "#base", "uv": [ 11.0, 10.0, 12.0, 10.5 ], "windMode": [-1,-1,-1,-1] },
                    "west": { "texture": "#base", "uv": [ 11.5, 12.0, 12.5, 12.5 ] },
                    "up": { "texture": "#base", "uv": [ 1.0, 8.0, 2.0, 9.0 ] },
                    "down": { "texture": "#base", "uv": [ 1.0, 8.0, 2.0, 9.0 ] }
                  }
                },
                {
                  "name": "edge11",
                  "from": [ -1.5, 0.0, 1.0 ],
                  "to": [ 0.0, 0.5, 2.0 ],
                  "autoUnwrap": false,
                  "uv": [ 0.0, 8.0 ],
                  "rotationOrigin": [ 0.0, 0.5, 1.0 ],
                  "faces": {
                    "north": { "texture": "#base", "uv": [ 11.0, 14.5, 12.5, 15.0 ] },
                    "south": { "texture": "#base", "uv": [ 11.0, 10.0, 12.5, 10.5 ], "windMode": [-1,-1,-1,-1] },
                    "west": { "texture": "#base", "uv": [ 11.5, 12.0, 12.5, 12.5 ] },
                    "up": { "texture": "#base", "uv": [ 0.5, 9.0, 2.0, 10.0 ], "windMode": [-1,-1,-1,-1] },
                    "down": { "texture": "#base", "uv": [ 0.5, 9.0, 2.0, 10.0 ], "windMode": [-1,-1,-1,-1] }
                  }
                },
                {
                  "name": "edge12",
                  "from": [ -1.0, 0.0, 2.0 ],
                  "to": [ 0.0, 0.5, 4.0 ],
                  "autoUnwrap": false,
                  "uv": [ 0.0, 8.0 ],
                  "rotationOrigin": [ 0.0, 0.5, 2.0 ],
                  "rotationZ": 17.0,
                  "faces": {
                    "south": { "texture": "#base", "uv": [ 11.0, 10.0, 12.0, 10.5 ], "windMode": [-1,-1,-1,-1] },
                    "west": { "texture": "#base", "uv": [ 10.5, 12.0, 12.5, 12.5 ], "windMode": [-1,-1,-1,-1] },
                    "up": { "texture": "#base", "uv": [ 1.0, 10.0, 2.0, 12.0 ], "windMode": [-1,-1,-1,-1] },
                    "down": { "texture": "#base", "uv": [ 1.0, 10.0, 2.0, 12.0 ], "windMode": [-1,-1,-1,-1] }
                  }
                },
                {
                  "name": "edge18",
                  "from": [ 6.0, 0.0, 2.0 ],
                  "to": [ 8.0, 0.5, 4.0 ],
                  "autoUnwrap": false,
                  "uv": [ 0.0, 13.5 ],
                  "rotationOrigin": [ 6.0, 0.5, 2.0 ],
                  "rotationZ": -6.0,
                  "faces": {
                    "north": { "texture": "#base", "uv": [ 10.0, 6.0, 12.0, 6.5 ] },
                    "east": { "texture": "#base", "uv": [ 10.5, 6.5, 12.5, 7.0 ] },
                    "south": { "texture": "#base", "uv": [ 10.0, 9.5, 12.0, 10.0 ] },
                    "up": { "texture": "#base", "uv": [ 8.0, 10.0, 10.0, 12.0 ] },
                    "down": { "texture": "#base", "uv": [ 8.0, 10.0, 10.0, 12.0 ] }
                  }
                },
                {
                  "name": "edge19",
                  "from": [ 6.0, 0.0, 0.0 ],
                  "to": [ 7.5, 0.5, 2.0 ],
                  "autoUnwrap": false,
                  "uv": [ 0.0, 13.5 ],
                  "rotationOrigin": [ 6.0, 0.5, 0.0 ],
                  "rotationZ": 17.0,
                  "faces": {
                    "north": { "texture": "#base", "uv": [ 10.0, 6.0, 11.5, 6.5 ] },
                    "east": { "texture": "#base", "uv": [ 10.5, 6.5, 12.5, 7.0 ] },
                    "south": { "texture": "#base", "uv": [ 10.0, 9.5, 11.5, 10.0 ] },
                    "up": { "texture": "#base", "uv": [ 8.0, 8.0, 9.5, 10.0 ], "windMode": [-1,-1,-1,-1] },
                    "down": { "texture": "#base", "uv": [ 8.0, 8.0, 9.5, 10.0 ], "windMode": [-1,-1,-1,-1] }
                  }
                }
              ]
            },
            {
              "name": "edge7",
              "from": [ -1.0, 0.0, 0.0 ],
              "to": [ 0.0, 0.5, 1.0 ],
              "autoUnwrap": false,
              "uv": [ 6.0, 0.0 ],
              "rotationOrigin": [ 0.0, 0.5, 0.0 ],
              "rotationZ": -22.0,
              "faces": {
                "north": { "texture": "#base", "uv": [ 11.0, 11.0, 12.0, 11.5 ] },
                "south": { "texture": "#base", "uv": [ 11.0, 5.5, 12.0, 6.0 ] },
                "west": { "texture": "#base", "uv": [ 11.0, 11.5, 12.0, 12.0 ] },
                "up": { "texture": "#base", "uv": [ 1.0, 4.0, 2.0, 5.0 ] },
                "down": { "texture": "#base", "uv": [ 1.0, 4.0, 2.0, 5.0 ] }
              }
            },
            {
              "name": "edge8",
              "from": [ -2.0, 0.0, 1.0 ],
              "to": [ 0.0, 0.5, 3.0 ],
              "autoUnwrap": false,
              "uv": [ 6.0, 0.0 ],
              "rotationOrigin": [ 0.0, 0.5, 1.0 ],
              "rotationZ": 11.0,
              "faces": {
                "north": { "texture": "#base", "uv": [ 10.5, 13.5, 12.5, 14.0 ] },
                "south": { "texture": "#base", "uv": [ 11.0, 5.5, 13.0, 6.0 ] },
                "west": { "texture": "#base", "uv": [ 10.5, 13.0, 12.5, 13.5 ] },
                "up": { "texture": "#base", "uv": [ 0.0, 5.0, 2.0, 7.0 ] },
                "down": { "texture": "#base", "uv": [ 0.0, 5.0, 2.0, 7.0 ], "windMode": [-1,-1,-1,-1] }
              }
            },
            {
              "name": "edge9",
              "from": [ -0.5, 0.0, 3.5 ],
              "to": [ 0.0, 0.5, 4.0 ],
              "autoUnwrap": false,
              "uv": [ 6.0, 0.0 ],
              "rotationOrigin": [ 0.0, 0.5, 3.5 ],
              "rotationZ": -17.0,
              "faces": {
                "north": { "texture": "#base", "uv": [ 10.5, 13.5, 11.0, 14.0 ] },
                "south": { "texture": "#base", "uv": [ 11.0, 5.5, 11.5, 6.0 ] },
                "west": { "texture": "#base", "uv": [ 10.5, 13.0, 11.0, 13.5 ] },
                "up": { "texture": "#base", "uv": [ 1.5, 7.5, 2.0, 8.0 ] },
                "down": { "texture": "#base", "uv": [ 1.5, 7.5, 2.0, 8.0 ], "windMode": [-1,-1,-1,-1] }
              }
            },
            {
              "name": "edge20",
              "from": [ 6.0, 0.0, 2.0 ],
              "to": [ 7.0, 0.5, 4.0 ],
              "autoUnwrap": false,
              "uv": [ 8.0, 5.5 ],
              "rotationOrigin": [ 6.0, 0.5, 2.0 ],
              "rotationZ": 11.0,
              "faces": {
                "north": { "texture": "#base", "uv": [ 10.5, 9.0, 11.5, 9.5 ] },
                "east": { "texture": "#base", "uv": [ 10.5, 11.5, 12.5, 12.0 ] },
                "up": { "texture": "#base", "uv": [ 8.0, 6.0, 9.0, 8.0 ] },
                "down": { "texture": "#base", "uv": [ 8.0, 6.0, 9.0, 8.0 ] }
              }
            },
            {
              "name": "edge21",
              "from": [ 6.0, 0.0, 1.0 ],
              "to": [ 6.5, 0.5, 2.0 ],
              "autoUnwrap": false,
              "uv": [ 8.0, 5.5 ],
              "rotationOrigin": [ 6.0, 0.5, 2.0 ],
              "rotationZ": -19.0,
              "faces": {
                "north": { "texture": "#base", "uv": [ 10.5, 9.0, 11.0, 9.5 ] },
                "east": { "texture": "#base", "uv": [ 10.5, 11.5, 11.5, 12.0 ] },
                "south": { "texture": "#base", "uv": [ 11.0, 7.5, 11.5, 8.0 ], "windMode": [-1,-1,-1,-1] },
                "up": { "texture": "#base", "uv": [ 8.0, 5.0, 8.5, 6.0 ], "windMode": [-1,-1,-1,-1] },
                "down": { "texture": "#base", "uv": [ 8.0, 5.0, 8.5, 6.0 ] }
              }
            },
            {
              "name": "edge22",
              "from": [ 6.0, 0.0, 0.0 ],
              "to": [ 6.5, 0.5, 0.5 ],
              "autoUnwrap": false,
              "uv": [ 8.0, 5.5 ],
              "rotationOrigin": [ 6.0, 0.5, 0.0 ],
              "rotationZ": 11.0,
              "faces": {
                "east": { "texture": "#base", "uv": [ 10.5, 11.5, 11.0, 12.0 ] },
                "south": { "texture": "#base", "uv": [ 11.0, 7.5, 11.5, 8.0 ] },
                "up": { "texture": "#base", "uv": [ 8.0, 4.0, 8.5, 4.5 ], "windMode": [-1,-1,-1,-1] },
                "down": { "texture": "#base", "uv": [ 8.0, 4.0, 8.5, 4.5 ], "windMode": [-1,-1,-1,-1] }
              }
            }
          ]
        }
      ]
    }
  ]}