{
	"editor": {
		"allAngles": false,
		"entityTextureMode": false
	},
	"textureWidth": 16,
	"textureHeight": 16,
	"textureSizes": {
	},
	"textures": {
		"pipe": "block/bluepaintedwornsteelplate",
		"cable": "vinteng:block/cable"
	},
	"elements": [
		{
			"name": "PipeCenter",
			"from": [ 6.0, 6.0, 6.0 ],
			"to": [ 10.0, 10.0, 10.0 ],
			"rotationOrigin": [ 6.0, 6.0, 6.0 ],
			"faces": {
				"north": { "texture": "#pipe", "uv": [ 0.0, 0.0, 4.0, 4.0 ] },
				"east": { "texture": "#pipe", "uv": [ 0.0, 0.0, 4.0, 4.0 ] },
				"south": { "texture": "#pipe", "uv": [ 0.0, 0.0, 4.0, 4.0 ] },
				"west": { "texture": "#pipe", "uv": [ 0.0, 0.0, 4.0, 4.0 ] },
				"up": { "texture": "#pipe", "uv": [ 0.0, 0.0, 4.0, 4.0 ] },
				"down": { "texture": "#pipe", "uv": [ 0.0, 0.0, 4.0, 4.0 ] }
			}
		}
	]}