{
	"code": "wiretool",	
	"behaviors": [{ 
		"name": "GroundStorable",
		"properties": {
			"layout": "WallHalves",
			"wallOffY": 1,
			"sprintKey": true,
			"selectionBox": { "x1": 0, "y1": 0, "z1": 0, "x2": 1, "y2": 0.1, "z2": 1 },
			"collisionBox": { "x1": 0, "y1": 0, "z1": 0, "x2": 0, "y2": 0, "z2": 0 }
		}
		},
		{
		"name": "CatenaryWireToolBehavior"
		}],
	"variantgroups": [
		{ "code": "metal", "states": ["iron", "meteoriciron", "steel" ] }
	],
	"tool": "wrench",
	"storageFlags": 257,
	"heldTpIdleAnimation": "crudeOarIdle",
	"attributes": {
		"rackable": true,
		"toolrackTransform": {
			"translation": { "x": 1, "y": 0, "z": 0 },
			"rotation": { "x": 0, "y": 0, "z": 180 },
			"origin": { "x": 0, "y": 0.5, "z": 0 },
			"scale": 1.01
		},
		"heatResistant": true,
		"groundStorageTransformByType": {
			"*": {
				"translation": { "x": 0, "y": -0.1, "z": 0.3 },
				"rotation": { "x": 0, "y": -91, "z": -109 }
			}
		}
	},
	"durabilitybytype": {
		"wiretool-iron": 1800,
		"wiretool-meteoriciron": 2100,
		"wiretool-steel": 4500
	},	
	"shape": { "base": "game:item/tool/wiretoolmetal" },
	"textures": {
		"metal": { "base": "game:block/metal/ingot/{metal}" }
	},
	"creativeinventory": { "general": ["*"], "items": ["*"], "tools": ["*"],"vinteng": ["*"] },
	"guiTransform": {
		"translation": { "x": 0, "y": 0, "z": 0 },
		"rotation": { "x": -65, "y": 60, "z": 33 },
		"origin": { "x": 0.57, "y": 0.5, "z": 0.47 },
		"scale": 1.84
	},
	"fpHandTransform": {
		"translation": { "x": -0.01, "y": -0.48, "z": 0 },
		"rotation": { "x": 35, "y": 50, "z": -11 },
		"scale": 2.75
	},
	"groundTransform": {
		"translation": { "x": 0, "y": 0, "z": 0 },
		"rotation": { "x": 0, "y": 0, "z": 0 },
		"origin": { "x": 0.5, "y": 0, "z": 0.5 },
		"scale": 4.5
	},
	"tpHandTransform": {
		"translation": { "x": -0.8, "y": -0.9, "z": -1.1 },
		"rotation": { "x": 26, "y": 0, "z": -73 },
		"origin": { "x": 0.5, "y": 0.2, "z": 0.5 },
		"scale": 0.6
	}
}