{
	"code": "bison-calf",
	"class": "EntityAgent",
	"variantgroups": [
		{ "code": "tamed", "states": [ "wild", "tamed" ] }
	],
	"hitboxSize": { "x": 1, "y": 1 },
	"deadHitboxSize": { "x": 1, "y": 1 },
	"eyeHeight": 0.4,
	"weight": 30,
	"drops": [],
	"attributes": {
		"creatureDiet": {
			"foodCategories": [ "Grain" ],
			"foodTags": [ "grass", "tamingfeedbundle", "carrot", "cabbage", "turnip", "peach", "pear", "mango" ],
			"skipFoodTags": [ "rice", "amaranth", "sunflower" ]
		},
		"handbook": {
			"groupcode": "feverstonewilds:creaturegroup-fswbison"
		}
	},
	"client": {
		"renderer": "Shape",
		"shape": { "base": "entity/land/mammal/bison-calf" },
		"texture": { "base": "entity/land/bison/bisonskin1",
			"alternates": [
				{ "base": "entity/land/bison/bisonskin2" }, { "base": "entity/land/bison/bisonskin3" },
				{ "base": "entity/land/bison/bisonskin4" }, { "base": "entity/land/bison/bisonskin5" },
				{ "base": "entity/land/bison/bisonskin6" }
			]
		},
		"size": 0.95,
		"sizeGrowthFactor": 0.2,
		"behaviors": [
			{ "code": "mouthinventory",
				"acceptStacks": [
					{ "type": "item", "code": "vegetable-carrot" },
					{ "type": "item", "code": "vegetable-cabbage" },
					{ "type": "item", "code": "vegetable-turnip" },
					{ "type": "item", "code": "feverstonewilds:carrotbundle" },
					{ "type": "item", "code": "feverstonewilds:drygrassbundle" },
					{ "type": "item", "code": "drygrass" },
					{ "type": "item", "code": "fruit-peach" },
					{ "type": "item", "code": "fruit-pear" },
					{ "type": "item", "code": "fruit-mango" },
					{ "type": "item", "code": "grain-flax" },
					{ "type": "item", "code": "grain-rye" },
					{ "type": "item", "code": "grain-spelt" }
				]
			},
			{ "code": "repulseagents" },
			{ "code": "controlledphysics", "stepHeight": 1.1251 },
			{ "code": "floatupwhenstuck", "onlyWhenDead": true },
			{ "code": "interpolateposition" },
			{ "code": "harvestable" },
			{ "code": "despawn", "minPlayerDistance": 8, "belowLightLevel": 8, "minSeconds": 300 },
			{ "code": "ropetieable", "minGeneration": 2 }
		],
		"animations": [
			{
				"code": "hurt",
				"animation": "hurt",
				"animationSpeed": 2.2,
				"weight": 10,
				"blendMode": "addAverage"
			},
			{
				"code": "die",
				"animation": "die",
				"animationSpeed": 1.25,
				"weight": 10,
				"blendMode": "average",
				"triggeredBy": { "onControls": [ "dead" ] }
			},
            {
                "code": "dead",
                "animation": "dead",
                "blendMode": "Average",
                "weight": 10,
                "easeInSpeed": 3
            },
			{
				"code": "idle",
				"animation": "idle",
				"blendMode": "addAverage",
				"easeOutSpeed": 4,
				"triggeredBy": { "defaultAnim": true }
			},
			{
				"code": "sleep",
				"animation": "sleep",
				"easeInSpeed": 1,
				"easeOutSpeed": 1,
				"blendMode": "average"
			},
			{
				"code": "sleep",
				"animation": "sleep",
				"easeInSpeed": 4,
				"easeOutSpeed": 4,
				"blendMode": "average"
			},
			{
				"code": "sit",
				"animation": "sit",
				"easeInSpeed": 4,
				"easeOutSpeed": 4,
				"blendMode": "average"
			}
		]
	},
	"server": {
		"attributes": {
			"pathfinder": {
				"minTurnAnglePerSec": 180,
				"maxTurnAnglePerSec": 360
			}
		},
		"behaviors": [
                { "code": "mouthinventory",
                    "acceptStacks": [
                        { "type": "item", "code": "vegetable-carrot" },
                        { "type": "item", "code": "vegetable-cabbage" },
                        { "type": "item", "code": "vegetable-turnip" },
                        { "type": "item", "code": "feverstonewilds:carrotbundle" },
                        { "type": "item", "code": "feverstonewilds:drygrassbundle" },
                        { "type": "item", "code": "drygrass" },
                        { "type": "item", "code": "fruit-peach" },
                        { "type": "item", "code": "fruit-pear" },
                        { "type": "item", "code": "fruit-mango" },
                        { "type": "item", "code": "grain-flax" },
                        { "type": "item", "code": "grain-rye" },
                        { "type": "item", "code": "grain-spelt" }
                    ]
                },
			{ "code": "repulseagents" },
			{ "code": "controlledphysics", "stepHeight": 1.1251 },
			{ "code": "despawn", "minPlayerDistance": 8, "belowLightLevel": 8, "minSeconds": 300 },
			{ "code": "health", "maxhealth": 15 },
			{ "code": "deaddecay", "hoursToDecay": 96, "decayedBlock": "carcass-medium" },
			{ "code": "floatupwhenstuck", "onlyWhenDead": true },
			{ "code": "harvestable",
				"drops": [
					{ "type": "item", "code": "redmeat-raw", "quantity": { "avg": 7.5, "var": 1.5 } },
					{ "type": "item", "code": "hide-raw-medium", "quantity": { "avg": 2.5, "var": 0.5 } }
				]
			},
			{ "code": "breathe" },
			{ "code": "emotionstates",
				"states": [ { "code": "alarmherdondamage", "chance": 1, "slot": 1, "priority": 1, "accumType": "max" },
							{ "code": "fleeondamage", "duration": 60, "chance": 0.85, "slot": 0, "priority": 5, "accumType": "max", "whenHealthRelBelow": 0.75 }]
			},
			{ "code": "grow", "hoursToGrow": 168, 
				"adultEntityCodesByType": {
					"*": [ "feverstonewilds:bison-{tamed}-male", "feverstonewilds:bison-{tamed}-female" ]
				} 
			},
			{ "code": "taskai",
				"aiCreatureType": "LandCreature",
				"aitasks": [
					{
						"code": "fleeentity",
						"entityCodes": [ "player", "hyena-male", "hyena-female", "bear-*" ],
						"priority": 1.5,
						"movespeed": 0.025,
						"seekingRange": 8,
						"animationSpeed": 4,
						"animation": "Run",
						"sound": "game:creature/sheep/lamb-hurt2"
					},
					{
						"code": "getoutofwater",
						"priority": 1.4,
						"movespeed": 0.015,
						"animation": "Walk",
						"animationSpeed": 4
					},
					{
						"code": "stayclosetoentity",
						"priority": 1.4,
						"entityCode": "bison-female",
						"movespeed": 0.025,
						"maxDistance": 7,
						"searchRange": 25,
						"animation": "Run",
						"animationSpeed": 4
					},
					{
						"code": "idle",
						"priority": 1.35,
						"priorityForCancel": 1.35,
						"minduration": 5000000,
						"maxduration": 5000000,
						"mincooldown": 10000,
						"maxcooldown": 30000,
						"animation": "Sleep",
						"whenNotInEmotionState": "aggressiveondamage",
						"duringDayTimeFrames": [
							{ "fromHour": 22, "toHour": 24 },
							{ "fromHour": 0, "toHour": 5 } ],
						"stopOnNearbyEntityCodes": [ "player" ],
						"stopRange": 8,
						"stopOnHurt": true
					},
					{
						"code": "idle",
						"priority": 1.2,
						"priorityForCancel": 1.35,
						"minduration": 1500,
						"maxduration": 1500,
						"mincooldown": 6000,
						"maxcooldown": 20000,
						"animation": "Eat",
						"animationSpeed": 2
					},
					{
						"code": "idle",
						"priority": 1.1,
						"priorityForCancel": 1.35,
						"minduration": 1500,
						"maxduration": 1500,
						"mincooldown": 6000,
						"maxcooldown": 90000,
						"animation": "look",
						"animationSpeed": 1
					},
					{
						"code": "wander",
						"priority": 1.0,
						"priorityForCancel": 1.35,
						"movespeed": 0.004,
						"animationSpeed": 2,
						"animation": "Walk",
						"preferredLightLevel": 24
					},
					{
						"code": "idle",
						"priority": 0.9,
						"minduration": 5000,
						"maxduration": 45000,
						"mincooldown": 6000,
						"maxcooldown": 120000,
						"priorityForCancel": 1.28,
						"stopOnHurt": true,
						"animation": "Sit"
					},
					{ "code": "lookaround", "priority": 0.5 }
				]
			},
			{ "code": "ropetieable", "minGeneration": 2 },
			{ "code": "pettable", "minGeneration": 1 }
		]
	},
	"sounds": {
		"hurt": "game:creature/sheep/lamb-hurt",
		"death": "game:creature/sheep/lamb-hurt",
		"idle": "game:creature/sheep/idle"
	},
	"idleSoundChance": 0.01,
	"hurtSoundChance": 0.005
}