{
	"code": "bison",
	"class": "EntityAgent",
	"variantgroups": [
		{ "code": "tame", "states": [ "wild", "tamed" ] },
		{ "code": "gender", "states": [ "male", "female" ] } 
	],
	"collisionBoxSizeByType": {
        "bison-*-male": { "x": 2.15, "y": 2.4 },
        "bison-*-female": { "x":2.10, "y": 2.3 }
    },
    "deadCollisionBoxSizeByType": {
        "bison-*-male": { "x": 1.9, "y": 0.8 },
        "bison-*-female": { "x": 1.9, "y": 0.8 }
    },
    "selectionBoxSizeByType": {
        "*-male": { "x": 2.2, "y": 2.2 },
        "*-female": { "x": 2.1, "y": 2.1 }
    },
    "deadSelectionBoxSizeByType": {        
        "*-male": { "x": 1.9, "y": 1 },
        "*-female": { "x": 1.9, "y": 0.75 }
    },
    "knockbackResistanceByType": {
        "*-male": 0.35,
        "*-female": 0.25
    },
	"eyeHeight": 1.4,
	"weight": 350,
	"drops": [],
	"fallDamage": false,
    "attributes": {
        "tamedByType": {
            "*-tamed-*": true,
            "*": false
        },
        "killedbyInfoText": "feverstonewilds:deadcreature-bisongored",
		"creatureDiet": {
			"foodCategories": [ "Grain" ],
			"foodTags": [ "grass", "tamingfeedbundle", "carrot", "cabbage", "turnip", "peach", "pear", "mango" ],
			"skipFoodTags": [ "rice", "amaranth", "sunflower" ]
		},
		"handbook": {
			"groupcode": "feverstonewilds:creaturegroup-fswbison"
		}
    },
	"behaviorConfigs": {
		"controlledphysics": { 
            "stepHeight": 1.1251,
            "stepUpSpeed": 0.1
        },
        "floatupwhenstuck": { "onlyWhenDead": true },
        "rideableaccessories": {
            "wearableSlots": [
                    { "code": "head", "forCategoryCodes": ["bridle-bison"], "attachmentPointCode": "HeadAP" }, 
                    { "code": "face", "forCategoryCodes": ["face"], "attachmentPointCode": "FaceAP" }, 
					{ "code": "neck", "forCategoryCodes": ["lantern"], "attachmentPointCode": "NeckAP" },
                    { "code": "middlebackupper", "forCategoryCodes": ["saddle-bison"], "attachmentPointCode": "MidUpperAP" },
                    { "code": "lowerback", "forCategoryCodes": ["bedroll", "pillion"], "attachmentPointCode": "RearUpperAP" },
                    { "code": "lowerbackside", "forCategoryCodes": ["sidebags-bison"], "attachmentPointCode": "RearSideAP" },
                    {
                        "code": "frontrightside",
                        "forCategoryCodes": ["utilities", "pot", "weaponfalx", "weapon1m", "bowshort", "bowlong" ],
                        "attachmentPointCode": "RFrontAP"
                    },
                    {
                        "code": "frontleftside",
                        "forCategoryCodes": ["utilities", "pot", "weaponfalx", "weapon1m", "bowshort", "bowlong" ],
                        "attachmentPointCode": "LFrontAP"
                    },
                    { "code": "gearleft", "forCategoryCodes": ["gear"], "attachmentPointCode": "TempGear1AP" }, 
                    { "code": "gearback", "forCategoryCodes": ["gear"], "attachmentPointCode": "TempGear2AP" }, 
                    { "code": "gearright", "forCategoryCodes": ["gear"], "attachmentPointCode": "TempGear3AP" }
                ]
        },
        "selectionboxes": {
                "selectionBoxes": ["HeadAP", "FaceAP", "NeckAP", "MidUpperAP", "RearUpperAP",
                                    "RearSideAP", "RFrontAP", "LFrontAP", "TempGear1AP", "TempGear2AP", "TempGear3AP"]
        },
        "gait": {
			"idleGait": "idle",
			"gaits": [
				{
					"code": "walkback",
					"movespeed": 0.011,
					"backwards": true,
					"yawMultiplier": 1,
					"sound": "game:creature/hooved/trot"
				},
				{
					"code": "idle",
					"yawMultiplier": 1
				},
				{
					"code": "walk",
					"movespeed": 0.019,
					"yawMultiplier": 1.2,
					"sound": "game:creature/hooved/trot"
				},
				{
					"code": "trot",
					"movespeed": 0.036,
					"yawMultiplier": 0.90,
					"fallbackGaitCode": "walk",
					"sound": "game:creature/hooved/trot"
				},
				{
					"code": "canter",
					"movespeed": 0.075,
					"yawMultiplier": 0.82,
					"fallbackGaitCode": "trot",
					"sound": "game:creature/hooved/trot"
				},
				{
					"code": "sprint",
					"movespeed": 0.1067,
					"yawMultiplier": 1,
					"isSprint": true,
					"fallbackGaitCode": "walk",
					"sound": "game:creature/hooved/gallop"
				},
				{
					"code": "swim",
					"movespeed": 0.02,
					"yawMultiplier": 1,
					"fallbackGaitCode": "idle",
					"sound": "game:creature/hooved/gallop"
				},
				{
					"code": "swimback",
					"movespeed": 0.02,
					"backwards": true,
					"yawMultiplier": 1,
					"fallbackGaitCode": "idle",
					"sound": "game:creature/hooved/gallop"
				},
				{
					"code": "jump",
					"movespeed": 0.1067,
					"yawMultiplier": 1,
					"fallbackGaitCode": "walk",
					"sound": "game:creature/hooved/gallop"
				}
			]
		},
        "rideable": {
            "interactMountAnySeat": false,
            "seats": [
                { "apName": "Rider", "selectionBox": "MidUpperAP", "bodyYawLimit": 0.2, "controllable": true,
                    "mountOffsetByType": {
                        "*-female": { "x": -0.25, "y": -0.15, "z": -0.05 },
                        "*-male": { "x": -0.25, "y": -0.1, "z": -0.05 }
                    }
                }
            ],
            "rideableGaitOrder": ["walkback", "idle", "walk", "sprint"],
            "controls": {
                "idle": {
                    "animation": "Idle",
                    "weight": 1,
                    "riderAnim": {
                        "animation": "rideelk-idle",
                        "animationSpeed": 1,
                        "weight": 1,
                        "withFpVariant": true,
                        "blendMode": "Average", 
                        "elementWeight": {
                            "LowerTorso": 80,
                            "UpperTorso": 80,
                            "UpperFootR": 80,
                            "UpperFootL": 80,
                            "LowerFootR": 80,
                            "LowerFootL": 80
                        },
                        "elementBlendMode": {
                            "LowerTorso": "Average",
                            "UpperTorso": "Average",
                            "UpperFootR": "Average",
                            "UpperFootL": "Average",
                            "LowerFootR": "Average",
                            "LowerFootL": "Average"
                        }
                    }
                },
                "walk": {
                    "animation": "Walk",
                    "animationSpeed": 1.25,
                    "weight": 10,
                    "movespeed": 0.013,
                    "blendMode": "Average",
                    "riderAnim": {
                        "animation": "rideelk-walk",
                        "animationSpeed": 1,
                        "weight": 1,	
                        "withFpVariant": true,
                        "blendMode": "Average", 
                        "elementWeight": {
                            "LowerTorso": 80,
                            "UpperTorso": 80,
                            "UpperFootR": 80,
                            "UpperFootL": 80,
                            "LowerFootR": 80,
                            "LowerFootL": 80
                        },
                        "elementBlendMode": {
                            "LowerTorso": "Average",
                            "UpperTorso": "Average",
                            "UpperFootR": "Average",
                            "UpperFootL": "Average",
                            "LowerFootR": "Average",
                            "LowerFootL": "Average"
                        }
                    }
                },
                "walkback": {
                    "animation": "walkback",
                    "animationSpeed": 0.8,
                    "weight": 10,
                    "movespeed": 0.009,
                    "easeInSpeed": 1,
                    "easeOutSpeed": 3,
                    "blendMode": "Average",
                    "riderAnim": {
                        "animation": "rideelk-walk",
                        "animationSpeed": 1,
                        "weight": 1,
                        "withFpVariant": true,
                        "blendMode": "Average", 
                        "elementWeight": {
                            "LowerTorso": 80,
                            "UpperTorso": 80,
                            "UpperFootR": 80,
                            "UpperFootL": 80,
                            "LowerFootR": 80,
                            "LowerFootL": 80
                        },
                        "elementBlendMode": {
                            "LowerTorso": "Average",
                            "UpperTorso": "Average",
                            "UpperFootR": "Average",
                            "UpperFootL": "Average",
                            "LowerFootR": "Average",
                            "LowerFootL": "Average"
                        }
                    }
                },
                "sprint": {
                    "animation": "Run",
                    "weight": 10,
                    "animationSpeed": 2,
                    "movespeed": 0.10,
                    "blendMode": "Average",
                    "riderAnim": {
                        "animation": "rideelk-run",
                        "animationSpeed": 1.8,
                        "weight": 1,
                        "withFpVariant": true,
                        "blendMode": "Average", 
                        "elementWeight": {
                            "LowerTorso": 80,
                            "UpperTorso": 80,
                            "UpperFootR": 80,
                            "UpperFootL": 80,
                            "LowerFootR": 80,
                            "LowerFootL": 80
                        },
                        "elementBlendMode": {
                            "LowerTorso": "Average",
                            "UpperTorso": "Average",
                            "UpperFootR": "Average",
                            "UpperFootL": "Average",
                            "LowerFootR": "Average",
                            "LowerFootL": "Average"
                        }
                    }
                },
                "jump": {
                    "animation": "jump",
                    "weight": 50,
                    "easeOutSpeed": 5,
                    "blendMode": "Average",
                    "animationSpeed": 1.75,
                    "movespeed": 0.08,
                    "riderAnim": {
                        "animation": "rideelk-jump",
                        "animationSpeed": 1,
                        "weight": 10,
                        "withFpVariant": true,
                        "blendMode": "Average", 
                        "elementWeight": {
                            "LowerTorso": 160,
                            "UpperTorso": 160,
                            "UpperFootR": 160,
                            "UpperFootL": 160,
                            "LowerFootR": 160,
                            "LowerFootL": 160
                        },
                        "elementBlendMode": {
                            "LowerTorso": "Average",
                            "UpperTorso": "Average",
                            "UpperFootR": "Average",
                            "UpperFootL": "Average",
                            "LowerFootR": "Average",
                            "LowerFootL": "Average"
                        }
                    }
                },
                "swim": {
					"animation": "walk",
					"animationSpeed": 1,
					"weight": 10,
					"blendMode": "Average",
					"riderAnim": {
						"animation": "rideelk-walk",
						"animationSpeed": 1,
						"weight": 1,	
						"withFpVariant": true,
						"blendMode": "Average", 
						"elementWeight": {
							"LowerTorso": 80,
							"UpperTorso": 80,
							"UpperFootR": 80,
							"UpperFootL": 80,
							"LowerFootR": 80,
							"LowerFootL": 80
						},
						"elementBlendMode": {
							"LowerTorso": "Average",
							"UpperTorso": "Average",
							"UpperFootR": "Average",
							"UpperFootL": "Average",
							"LowerFootR": "Average",
							"LowerFootL": "Average"
						}
					}
				},
				"swimback": {
					"animation": "walkback",
					"animationSpeed": 1,
					"weight": 10,
					"blendMode": "Average",
					"riderAnim": {
						"animation": "rideelk-walk",
						"animationSpeed": 1,
						"weight": 1,	
						"withFpVariant": true,
						"blendMode": "Average", 
						"elementWeight": {
							"LowerTorso": 80,
							"UpperTorso": 80,
							"UpperFootR": 80,
							"UpperFootL": 80,
							"LowerFootR": 80,
							"LowerFootL": 80
						},
						"elementBlendMode": {
							"LowerTorso": "Average",
							"UpperTorso": "Average",
							"UpperFootR": "Average",
							"UpperFootL": "Average",
							"LowerFootR": "Average",
							"LowerFootL": "Average"
						}
					}
				}
            }
        },
        "ownable": {
            "groupCode": "mountableanimal"
        }
	},
	"client": {
		"renderer": "Shape",
		"shapeByType": {
			"*-male": { "base": "entity/land/mammal/bison-male" },
			"*-female": { "base": "entity/land/mammal/bison-female" }
		},
		"textureByType": {
			"*-male": { "base": "entity/land/bison/bisonskin1",
                    "alternates": [ { "base": "entity/land/bison/bisonskin2" }, { "base": "entity/land/bison/bisonskin3" }, 
                                    { "base": "entity/land/bison/bisonskin4" }, { "base": "entity/land/bison/bisonskin5" },
									{ "base": "entity/land/bison/bisonskin6" } ] },
			"*-female": { "base": "entity/land/bison/bisonskin1",
					"alternates": [ { "base": "entity/land/bison/bisonskin2" }, { "base": "entity/land/bison/bisonskin3" }, 
							 		{ "base": "entity/land/bison/bisonskin4" }, { "base": "entity/land/bison/bisonskin5" },
									{ "base": "entity/land/bison/bisonskin6" } ] }
		},
		"behaviors": [
			{ "code": "gait" },
			{ "code": "rideable",
				"enabledByType": { "*-tamed-*": true, "*": false } },
			{ "code": "repulseagents" }, 
			{ "code": "controlledphysics" }, 
			{ "code": "floatupwhenstuck" },
			{ "code": "interpolateposition" },
			{ "code": "ownable" },
			{ "code": "selectionboxes",
                    "enabledByType": { "*-tamed-*": true, "*": false } },
			{ "code": "rideableaccessories",
                    "enabledByType": { "*-tamed-*": true, "*": false } },
			{ "code": "multiply", "enabledByType": { "*-female": true, "*-male": false } },
			{ "code": "harvestable" },
			{ "code": "milkable", "enabledByType": { "*-female": true, "*-male": false }  },
			{ "code": "despawn",
                    "enabledByType": { "*-tamed-*": false, "*": true },
					"minPlayerDistance": 8, "belowLightLevel": 8, "minSeconds": 300 },
			{ "code": "ropetieable", "minGeneration": 2 },
			{ "code": "mouthinventory",
				"acceptStacks": [
					{ "type": "item", "code": "vegetable-carrot" },
					{ "type": "item", "code": "vegetable-cabbage" },
					{ "type": "item", "code": "vegetable-turnip" },
					{ "type": "item", "code": "feverstonewilds:carrotbundle" },
					{ "type": "item", "code": "feverstonewilds:drygrassbundle" },
					{ "type": "item", "code": "drygrass" },
					{ "type": "item", "code": "fruit-peach" },
					{ "type": "item", "code": "fruit-pear" },
					{ "type": "item", "code": "fruit-mango" },
					{ "type": "item", "code": "grain-flax" },
					{ "type": "item", "code": "grain-rye" },
					{ "type": "item", "code": "grain-spelt" }
				]
			}
		],
		"animations": [
			{
				"code": "hurt",
				"animation": "hurt", 
				"animationSpeed": 2.2,
				"weight": 10,
				"blendMode": "addAverage" 
			},
			{
				"code": "die",
				"animation": "die", 
				"animationSpeed": 1.25,
				"weight": 10,
				"blendMode": "average",
				"triggeredBy": { "onControls": ["dead"] }
			},
            {
                "code": "dead",
                "animation": "dead",
                "blendMode": "average",
                "weight": 10,
                "easeInSpeed": 3
            },
			{ 
				"code": "idle", 
				"animation": "idle",
				"blendMode": "addAverage",
				"easeOutSpeed": 4,
				"triggeredBy": { "defaultAnim": true }
			},
			{
				"code": "sleep", 
				"animation": "sleep",
				"easeInSpeed": 4,
				"easeOutSpeed": 4,
				"blendMode": "average" 
			},
			{
				"code": "sit", 
				"animation": "sit",
				"easeInSpeed": 4,
				"easeOutSpeed": 4,
				"blendMode": "average" 
			},
            {
                "code": "walk",
                "animation": "walk",
                "blendMode": "average",
                "mulWithWalkSpeed": true,
                "animationSpeed": 0.8,
				"triggeredBy": {"onControls": ["move"], "matchExact": true }
            },
            {
                "code": "run",
                "animation": "run",
                "blendMode": "average",
                "mulWithWalkSpeed": true,
                "animationSpeed": 1.1,
				"triggeredBy": {"onControls": ["move", "sprintMode"], "matchExact": true }
            }
		]
	},
	"server": {
		"attributes": {
			"pathfinder": {
				"minTurnAnglePerSec": 90,
				"maxTurnAnglePerSec": 180
			}
		},
		"behaviors": [
			{ "code": "gait" },
			{ "code": "rideable",
				"enabledByType": { "*-tamed-*": true, "*": false } },
			{ "code": "repulseagents" }, 
			{ "code": "controlledphysics" },
			{ "code": "despawn",
                    "enabledByType": { "*-wild-*": true, "*": false }, 
					"minPlayerDistance": 28, "belowLightLevel": 8, "minSeconds": 600 },
			{ "code": "health", "maxhealth": 60 },
			{ "code": "deaddecay", "hoursToDecay": 96, "decayedBlock": "carcass-large" },
			{ "code": "floatupwhenstuck" },
			{ "code": "harvestable", "drops": [
				{
					"type": "item", 
					"code": "redmeat-raw", 
					"quantity": { "avg": 25, "var": 4 } 
				},
				{
					"type": "item", 
					"code": "hide-raw-huge", 
					"quantity": { "avg": 2.5, "var": 0.5 } 
				},
				{
					"type": "item", 
					"code": "fat", 
					"quantity": { "avg": 5.5, "var": 0.5 } 
				},
				{
					"type": "item",
					"code": "feverstonewilds:bisonleg-raw",
					"quantity": { "avg": 2.5, "var": 1.5 }
				}
			]
			},
			{ "code": "breathe" },
			{ "code": "multiply",
				"enabledByType": { "*-female": true, "*-male": false },
				"spawnEntityCode": "feverstonewilds:bison-calf-{tame}",
				"requiresNearbyEntityCode": "feverstonewilds:bison-*-male",
				"requiresNearbyEntityRange": 10,
				"spawnQuantityMin": 1,
				"spawnQuantityMax": 2,
				"pregnancyDays": 20,
				"multiplyCooldownDaysMin": 4,
				"multiplyCooldownDaysMax": 11,
				"portionsEatenForMultiply": 16
			},
			{ "code": "mouthinventory",
				"acceptStacks": [
					{ "type": "item", "code": "vegetable-carrot" },
					{ "type": "item", "code": "vegetable-cabbage" },
					{ "type": "item", "code": "vegetable-turnip" },
					{ "type": "item", "code": "feverstonewilds:carrotbundle" },
					{ "type": "item", "code": "feverstonewilds:drygrassbundle" },
					{ "type": "item", "code": "drygrass" },
					{ "type": "item", "code": "fruit-peach" },
					{ "type": "item", "code": "fruit-pear" },
					{ "type": "item", "code": "fruit-mango" },
					{ "type": "item", "code": "grain-flax" },
					{ "type": "item", "code": "grain-rye" },
					{ "type": "item", "code": "grain-spelt" }
				]
			},
			{ 
				"code": "emotionstates",
				"states": [
					{ "code": "fleeondamage", "duration": 60, "chance": 0.85, "slot": 0, "priority": 5, "accumType": "max", "whenHealthRelBelow": 0.4 },
					{ "code": "aggressiveondamage", "duration": 30, "chance": 0.95, "slot": 0, "priority": 2, "accumType": "noaccum" },
					{ "code": "fleeondamage", "duration": 30, "chance": 1, "slot": 0, "priority": 1, "accumType": "max" },
					{ "code": "saturated", "duration": 600, "chance": 0.4, "slot": 0, "priority": 1, "accumType": "sum" },
					{ "code": "alarmherdondamage", "chance": 1, "slot": 1, "priority": 1, "accumType": "max" }
				]
			},
			{ 
				"code": "taskai",
				"aiCreatureType": "LandCreature",
				"aitasks": [
					{
						"code": "meleeattack",
						"entityCodes": ["player", "hyena-male", "hyena-female", "wolf-*", "bear-*",
										"feverstonewilds:direwolf-*"],
						"knockbackStrength": 5.65,
						"priority": 4,
						"slot": 1,
						"damage": 7.5,
						"damageTier": 2,
						"mincooldown": 1500, 
						"maxcooldown": 2500, 
						"attackDurationMs": 1250,
						"damagePlayerAtMs": 800,
						"animation": "Attack",
						"animationSpeed": 2,
						"whenInEmotionState": "aggressiveondamage"
					},
					{
						"code": "meleeattack",
						"entityCodes": ["hyena-male", "hyena-female", "wolf-*", "bear-*",
										"feverstonewilds:direwolf-*"],
						"knockbackStrength": 5.65,
						"priority": 3,
						"slot": 1,
						"damage": 7.5,
						"damageTier": 2,
						"mincooldown": 1500, 
						"maxcooldown": 2500, 
						"attackDurationMs": 1250,
						"damagePlayerAtMs": 800,
						"animation": "Attack",
						"animationSpeed": 2
					},
					{
						"code": "seekentity",
						"entityCodes": ["player"],
						"priority": 1.55,
						"mincooldown": 1000, 
						"maxcooldown": 1500, 
						"seekingRange": 25,
						"movespeed": 0.05,
						"animation": "Run",
						"animationSpeed": 2.5,
						"whenInEmotionState": "aggressiveondamage"
					},
					{
						"code": "seekentity",
						"entityCodes": ["hyena-female", "hyena-male", "wolf-*", "bear-*",
										"feverstonewilds:direwolf-*"],
						"priority": 1.5,
						"mincooldown": 1000, 
						"maxcooldown": 1500, 
						"seekingRange": 6,
						"movespeed": 0.05,
						"animation": "Run",
						"animationSpeed": 2.5
					},
					{
						"code": "stayclosetoentity",
						"priority": 1.3,
						"entityCodeByType": {
							"*-female": "bison-{tame}-male"
						},
						"maxDistance": 10,
						"searchRange": 25,
						"movespeed": 0.035,
						"animation": "Run",
						"animationSpeed": 4
					},
					{
						"code": "fleeentity",
						"entityCodes": ["player"],
						"priority": 1.75,
						"movespeed": 0.052,
						"seekingRange": 12,
						"animation": "Run",
						"animationSpeed": 3.5,
						"sound": "bison/bisonhurt",
						"whenInEmotionState": "fleeondamage"
					},
					{
						"code": "getoutofwater",
						"priority": 1.4,
						"movespeed": 0.02,
						"animation": "Walk",
						"animationSpeed": 4
					},
					{
						"code": "useinventory",
						"animation": "eat",
						"animationSpeed": 1,
						"priority": 1.5,
						"priorityForCancel": 1.7,
						"eatItemCategories": [ "Vegetable", "Grain", "Fruit" ],
						"eatItemCodes": [ "drygrass", "feverstonewilds:carrotbundle", "feverstonewilds:drygrassbundle" ],
						"soundRange": 3,
						"soundStartMs": 950,
						"useTime": 3.2,
						"mincooldownHours": 1,
						"maxcooldownHours": 1.5,
						"sound": "bison/bisoneating"
					},
					{
						"code": "idle",
						"priority": 1.35,
						"priorityForCancel": 1.35,
						"minduration": 5000000,
						"maxduration": 5000000,
						"mincooldown": 10000,
						"maxcooldown": 30000,
						"animation": "Sleep",
						"whenNotInEmotionState": "aggressiveondamage",
						"duringDayTimeFrames": [ { "fromHour": 22, "toHour": 24 }, { "fromHour": 0, "toHour": 5 } ],
						"stopOnNearbyEntityCodes": ["player"],
						"stopRange": 8,
						"stopOnHurt": true
					},
					{
						"code": "seekfoodandeat",
						"movespeed": 0.006,
						"priority": 1.35,
						"eatSound": "bison/bisoneating",
						"soundRange": 4,
						"soundStartMs": 900,
						"eatTime": 2.0,
						"animationSpeed": 1.5,
						"animation": "Walk",
						"mincooldownHours": 1,
						"maxcooldownHours": 4
					},
					{
						"code": "idle",
						"priority": 1.3,
						"priorityForCancel": 1.35,
						"minduration": 2667,
						"maxduration": 2667,
						"mincooldown": 6000,
						"maxcooldown": 20000,
						"animation": "Eat",
						"eatSound": "bison/bisoneating",
						"soundRange": 4,
						"soundStartMs": 900,
						"animationSpeed": 1.5,
						"whenNotInEmotionState": "aggressiveondamage"
					},
					{
						"code": "idle",
						"priority": 1.2,
						"priorityForCancel": 1.35,
						"minduration": 2500,
						"maxduration": 2500,
						"mincooldown": 6000,
						"maxcooldown": 20000,
						"animation": "Idle",
						"animationSpeed": 1.25,
						"whenNotInEmotionState": "aggressiveondamage"
					},
					{
						"code": "idle",
						"priority": 1.0,
						"priorityForCancel": 1.35,
						"minduration": 5333,
						"maxduration": 5333,
						"mincooldown": 6000,
						"maxcooldown": 120000,
						"animation": "Look"
					},
					{
						"code": "wander", 
						"priority": 1.0, 
						"priorityForCancel": 1.35,
						"movespeed": 0.006,
						"animationSpeed": 1.2,
						"animation": "Walk",
						"preferredLightLevel": 24
					},
					{
						"code": "idle",
						"priority": 0.9,
						"minduration": 7000,
						"maxduration": 45000,
						"mincooldown": 6000,
						"maxcooldown": 120000,
						"priorityForCancel": 1.33,
						"stopOnNearbyEntityCodes": ["player"],
						"stopRange": 5,
						"stopOnHurt": true,
						"animation": "Sit",
						"sound": "bison/bisonidle"
					},
					{ 
						"code": "lookaround", 
						"priority": 0.5
					}
				]
			},
			{ "code": "ownable" },
			{ "code": "selectionboxes",
                    "enabledByType": { "*-tamed-*": true, "*": false } },
			{ "code": "rideableaccessories",
                    "enabledByType": { "*-tamed-*": true, "*": false } },
			{ "code": "milkable", "enabledByType": { "*-female": true, "*-male": false }  },
			{ "code": "ropetieable", "minGeneration": 2 },
			{ "code": "pettable", "minGeneration": 1 }
		],
		"spawnconditionsByType": {
			"*-wild-male":{
				"worldgen": {
					"TriesPerChunk": { "avg": 0.002, "var": 0.0005 },
					"tryOnlySurface": true,
					"minLightLevel": 11,
					"groupSize": { "dist": "verynarrowgaussian", "avg": 3, "var": 4 },
					"insideBlockCodes": ["game:air", "game:tallgrass-*", "game:snowlayer-1"],
					"minTemp": 22,
					"maxTemp": 50,
					"minRain": 0.2,
					"minForestOrShrubs": 0.25,
					"maxForest": 0.75,
					"maxShrubs": 0.75,
					"companions": ["bison-wild-female", "bison-calf-wild"]
				},
				"runtime": {
					"group": "neutral",
					"tryOnlySurface": true,
					"chance": 0.00003,
					"maxQuantity": 4,
				    "maxQuantityByGroup": { "code": "bison-*", "maxQuantity": 4 },
					"minLightLevel": 10,
					"groupSize": { "dist": "verynarrowgaussian", "avg": 3, "var": 4 },
					"insideBlockCodes": ["game:air", "game:tallgrass-*", "game:snowlayer-1"],
					"minTemp": 20,
					"maxTemp": 50,
					"minRain": 0.2,
					"minForestOrShrubs": 0.25,
					"maxForest": 0.75,
					"maxShrubs": 0.75,
					"companions": ["bison-wild-female", "bison-calf-wild"]
				}
			}
		}
	},
	"sounds": {
		"hurt": "feverstonewilds:bison/bisonhurt",
		"death": "feverstonewilds:bison/bisonhurt",
		"idle": "feverstonewilds:bison/bisonidle"
	},
	"idleSoundChance": 0.0001,
	"hurtSoundChance": 0.005
}