{
	"code": "cockatrice",
	"class": "EntityAgent",
	"variantgroups": [ { "code": "gender", "states": [ "male", "female" ] } ],
	"hitboxSize": {
		"x": 1.15,
		"y": 1.4
	},
	"deadHitboxSize": {
		"x": 1.15,
		"y": 0.75
	},
	"eyeHeight": 1.4,
	"weight": 150,
	"drops": [],
	"attributes": {
		"killedByInfoText": "feverstonewilds:deadcreature-eaten-cockatrice",
		"creatureDiet": {
			"foodCategories": [ "Grain" ],
			"foodTags": [ "meat" ],
			"skipFoodTags": [ "rice" ]
		},
		"handbook": {
			"groupcode": "feverstonewilds:creaturegroup-fswcockatrice"
		},
		"trappable": {
			"large": { "trapChance": 0.5, "trapDestroyChance": 0.01 }
		}
	},
	"client": {
		"renderer": "Shape",
		"shape": { "base": "entity/land/bird/cockatrice" },
		"texture": {
			"base": "entity/land/cockatrice/cockatriceskin1",
			"alternates": [
				{ "base": "entity/land/cockatrice/cockatriceskin2" },
				{ "base": "entity/land/cockatrice/cockatriceskin3" },
				{ "base": "entity/land/cockatrice/cockatriceskin4" },
				{ "base": "entity/land/cockatrice/cockatriceskin5" },
				{ "base": "entity/land/cockatrice/cockatriceskin6" },
				{ "base": "entity/land/cockatrice/cockatriceskin7" },
				{ "base": "entity/land/cockatrice/cockatriceskin8" },
				{ "base": "entity/land/cockatrice/cockatriceskin9" }
			]
		},
		"sizeByType": {
			"cockatrice-male": 1,
			"cockatrice-female": 0.95
		},
		"behaviors": [
			{ "code": "repulseagents" },
			{ "code": "controlledphysics", "stepHeight": 1.1251 },
			{ "code": "floatupwhenstuck", "onlyWhenDead": true },
			{ "code": "interpolateposition" },
			{ "code": "harvestable" },
			{ "code": "despawn", "minPlayerDistance": 8,
				"belowLightLevel": 8, "minSeconds": 300 },
			{ "code": "ropetieable" }
		],
		"animations": [
			{
				"code": "hurt",
				"animation": "hurt",
				"animationSpeed": 2.2,
				"weight": 10,
				"blendMode": "addAverage"
			},
			{
				"code": "die",
				"animation": "die",
				"animationSpeed": 1.25,
				"weight": 10,
				"blendMode": "average",
				"triggeredBy": { "onControls": [ "dead" ] }
			},
            {
                "code": "dead",
                "animation": "dead",
                "blendMode": "Average",
                "weight": 10,
                "easeInSpeed": 3
            },
			{
				"code": "idle",
				"animation": "idle",
				"blendMode": "addAverage",
				"easeOutSpeed": 4,
				"triggeredBy": { "defaultAnim": true }
			},
			{
				"code": "sleep",
				"animation": "sleep",
				"easeInSpeed": 4,
				"easeOutSpeed": 4,
				"blendMode": "average"
			},
			{
				"code": "idlelook",
				"animation": "idlelook",
				"easeInSpeed": 4,
				"easeOutSpeed": 4,
				"blendMode": "average"
			}
		]
	},
	"server": {
		"attributes": {
			"pathfinder": {
				"minTurnAnglePerSec": 90,
				"maxTurnAnglePerSec": 180
			}
		},
		"behaviors": [
			{ "code": "repulseagents" },
			{ "code": "controlledphysics", "stepHeight": 1.1251 },
			{
				"code": "despawn",
				"minPlayerDistance": 8,
				"belowLightLevel": 8,
				"minSeconds": 300
			},
			{ "code": "health",
				"currenthealth": 19, "maxhealth": 19 },
			{ "code": "deaddecay",
				"hoursToDecay": 56, "decayedBlock": "carcass-medium" },
			{ "code": "floatupwhenstuck", "onlyWhenDead": true },
			{ "code": "harvestable",
				"drops": [
					{ "type": "item", "code": "poultry-raw",
						"quantity": { "avg": 5, "var": 2 } },
					{ "type": "item", "code": "hide-raw-medium",
						"quantity": { "avg": 1.5, "var": 0.5 } },
					{ "type": "item", "code": "feather",
						"quantity": { "avg": 5.5, "var": 0.5 } },
					{ "type": "item", "code": "fat",
						"quantity": { "avg": 1.25, "var": 0.25 } },
					{ "type": "item", "code": "feverstonewilds:cockatrice-tail-raw",
						"quantity": { "avg": 0.5, "var": 0.5 } }
				]
			},
			{ "code": "breathe" },
			{ "code": "emotionstates",
				"states": [
					{
						"code": "fleeondamage",
						"duration": 60,
						"chance": 0.85,
						"slot": 0,
						"priority": 5,
						"accumtype": "max",
						"whenHealthRelBelow": 0.4
					},
					{
						"code": "aggressiveondamage",
						"duration": 30,
						"chance": 0.95,
						"slot": 0,
						"priority": 2,
						"accumtype": "noaccum"
					},
					{
						"code": "fleeondamage",
						"duration": 30,
						"chance": 1,
						"slot": 0,
						"priority": 1,
						"accumtype": "max"
					},
					{
						"code": "alarmherdondamage",
						"chance": 1,
						"slot": 1,
						"priority": 1,
						"accumtype": "max"
					}
				]
			},
			{ "code": "taskai",
			"aiCreatureType": "LandCreature",
				"aitasks": [
					{
						"code": "meleeattack",
						"entityCodes": [ "player", "drifter-*", "toad-*", "spider-*", "hare-*", "raccoon-*", "fox-*" ],
						"knockbackStrength": 2.65,
						"priority": 2,
						"slot": 1,
						"damage": 5.5,
						"damageTier": 2,
						"mincooldown": 1500,
						"maxcooldown": 2500,
						"attackDurationMs": 1250,
						"damagePlayerAtMs": 800,
						"animation": "Attack",
						"animationSpeed": 2
					},
					{
						"code": "seekentity",
						"entityCodes": [ "drifter-*", "toad-*", "spider-*", "hare-*", "raccoon-*", "fox-*" ],
						"priority": 1.5,
						"mincooldown": 1000,
						"maxcooldown": 1500,
						"seekingRange": 25,
						"movespeed": 0.05,
						"animation": "Run",
						"animationSpeed": 2.5,
						"whenInEmotionState": "aggressiveondamage"
					},
					{
						"code": "seekentity",
						"entityCodes": [ "player" ],
						"priority": 1.5,
						"mincooldown": 1000,
						"maxcooldown": 1500,
						"seekingRange": 20,
						"movespeed": 0.055,
						"animation": "Run",
						"animationSpeed": 2.75,
						"whenInEmotionState": "aggressiveondamage"
					},
					{
						"code": "fleeentity",
						"entityCodes": [ "player", "bear-*" ],
						"priority": 1.5,
						"movespeed": 0.052,
						"seekingRange": 12,
						"animation": "Run",
						"animationSpeed": 2.7,
						"sound": "game:creature/chicken/hen-flee",
						"whenInEmotionState": "fleeondamage"
					},
					{
						"code": "followleadholder",
						"minGeneration": 0,
						"priority": 1.45,
						"animation": "Run",
						"animationSpeed": 2.25,
						"movespeed": 0.045
					},
					{
						"code": "getoutofwater",
						"priority": 1.4,
						"movespeed": 0.02,
						"animation": "Run",
						"animationSpeed": 2
					},
					{
						"code": "idle",
						"priority": 1.35,
						"priorityForCancel": 1.35,
						"minduration": 5000000,
						"maxduration": 5000000,
						"mincooldown": 10000,
						"maxcooldown": 30000,
						"animation": "sleep",
						"whenNotInEmotionState": "aggressiveondamage",
						"duringDayTimeFrames": [
							{ "fromHour": 22, "toHour": 24 },
							{ "fromHour": 0, "toHour": 5 }
						],
						"stopOnNearbyentityCodes": [ "player" ],
						"stopRange": 8,
						"stopOnHurt": true
					},
					{
						"code": "seekfoodandeat",
						"movespeed": 0.006,
						"priority": 1.35,
						"eatSound": "game:creature/animal-eat-small",
						"eatTime": 1.5,
						"animationSpeed": 1.5,
						"animation": "Walk",
						"mincooldownHours": 1,
						"maxcooldownHours": 4
					},
					{
						"code": "idle",
						"priority": 1.3,
						"priorityForCancel": 1.35,
						"minduration": 2667,
						"maxduration": 2667,
						"mincooldown": 6000,
						"maxcooldown": 20000,
						"animation": "Eat",
						"animationSpeed": 1.5,
						"whenNotInEmotionState": "aggressiveondamage"
					},
					{
						"code": "idle",
						"priority": 1.2,
						"priorityForCancel": 1.35,
						"minduration": 2500,
						"maxduration": 2500,
						"mincooldown": 6000,
						"maxcooldown": 20000,
						"animation": "Idle",
						"animationSpeed": 1.25,
						"whenNotInEmotionState": "aggressiveondamage"
					},
					{
						"code": "idle",
						"priority": 1.0,
						"priorityForCancel": 1.35,
						"minduration": 5333,
						"maxduration": 5333,
						"mincooldown": 6000,
						"maxcooldown": 120000,
						"animation": "idlelook"
					},
					{
						"code": "wander",
						"priority": 1.0,
						"movespeed": 0.006,
						"animationSpeed": 1.68,
						"animation": "Walk",
						"preferredLightLevel": 24,
						"priorityForCancel": 1.37
					},
					{
						"code": "idle",
						"priority": 0.9,
						"minduration": 7000,
						"maxduration": 45000,
						"mincooldown": 6000,
						"maxcooldown": 120000,
						"priorityForCancel": 1.33,
						"stopOnNearbyentityCodes": [ "player" ],
						"stopRange": 5,
						"stopOnHurt": true,
						"animation": "sleep"
					},
					{
						"code": "lookaround",
						"priority": 0.5
					}
				]
			},
			{ "code": "ropetieable", "minGeneration": 2 },
			{ "code": "pettable", "minGeneration": 1 }
		],
		"spawnconditionsByType": {
			"*-male": {
				"worldgen": {
					"TriesPerChunk": {
						"avg": 0.004,
						"var": 0
					},
					"tryOnlySurface": true,
					"minLightLevel": 10,
					"groupSize": {
						"dist": "verynarrowgaussian",
						"avg": 2,
						"var": 1
					},
					"insideBlockCodes": [ "game:air", "game:tallgrass-*", "game:snowlayer-1" ],
					"minTemp": -10,
					"maxTemp": 20,
					"minRain": 0.43,
					"companions": [ "cockatrice-female", "cockatrice-chick" ]
				},
				"runtime": {
					"group": "neutral",
					"tryOnlySurface": true,
					"chance": 0.00003,
					"maxquantity": 4,
					"minLightLevel": 10,
					"groupSize": {
						"dist": "verynarrowgaussian",
						"avg": 2,
						"var": 1
					},
					"insideBlockCodes": [ "game:air", "game:tallgrass-*", "game:snowlayer-1" ],
					"minTemp": -10,
					"maxTemp": 20,
					"minRain": 0.43,
					"companions": [ "cockatrice-female", "cockatrice-chick" ]
				}
			}
		}
	},
	"sounds": {
		"hurt": "game:creature/chicken/hurt",
		"death": "game:creature/chicken/hurt",
		"idle": "game:creature/chicken/hen-idle*"
	},
	"idleSoundchance": 0.001
}