{
    "code": "faunling",
    "class": "EntityAgent",
    "variantgroups": [
        { "code": "gender", "states": [ "male", "female" ] }
    ],
    "collisionBoxSizeByType": {
        "faunling-male": { "x": 0.8, "y": 1.7 },
        "faunling-female": { "x": 0.75, "y": 1.65 }
    },
    "deadCollisionBoxSizeByType": {
        "faunling-male": { "x": 1.7, "y": 0.5 },
        "faunling-female": { "x": 1.65, "y": 0.5 }
    },
    "selectionBoxSizeByType": {
        "faunling-male": { "x": 1.0, "y": 1.8 },
        "faunling-female": { "x": 0.9, "y": 1.8 }
    },
    "deadSelectionBoxSizeByType": {
        "faunling-male": { "x": 1.8, "y": 0.6 },
        "faunling-female": { "x": 1.75, "y": 0.6 }
    },
    "knockbackResistanceByType": {
        "faunling-male": 0.075,
        "faunling-female": 0.05
    },
    "eyeHeight": 1.6,
    "drops": [
        { "type": "item", "code": "game:drygrass", "quantity": { "avg": 4, "var": 1 } },
        { "type": "item", "code": "game:seeds-flax", "quantity": { "avg": 1, "var": 1 } },
        { "type": "item", "code": "game:treeseed-birch", "quantity": { "avg": 0.5, "var": 0.5 } },
        { "type": "item", "code": "game:treeseed-maple", "quantity": { "avg": 0.5, "var": 0.5 } },
        { "type": "item", "code": "game:treeseed-pine", "quantity": { "avg": 0.5, "var": 0.5 } },
        { "type": "item", "code": "game:treeseed-oak", "quantity": { "avg": 0.5, "var": 0.5 } }   
    ],
    "attributes": {
        "killedByInfoText": "feverstonewilds:deadcreature-beaten-faunling",
        "handbook":{
            "groupcode": "feverstonewilds:creaturegroup-fswfaunling"
        }
    },
    "client": {
        "renderer": "Shape",
        "shapeByType": {
            "*-male": { "base": "entity/land/humanoid/malefaunling" },
            "*-female": { "base": "entity/land/humanoid/faunlingfemale" }
        },
        "textureByType": {
            "faunling-male": { "base": "entity/land/malefaunling/malefaunling1",
                "alternates": [ { "base": "entity/land/malefaunling/malefaunling2" }, { "base": "entity/land/malefaunling/malefaunling3" }, 
                    { "base": "entity/land/malefaunling/malefaunling4" }, { "base": "entity/land/malefaunling/malefaunling5" }, 
                    { "base": "entity/land/malefaunling/malefaunling6" }, { "base": "entity/land/malefaunling/malefaunling7" }, 
                    { "base": "entity/land/malefaunling/malefaunling8" }, { "base": "entity/land/malefaunling/malefaunling9" }, 
                    { "base": "entity/land/malefaunling/malefaunling10" }, { "base": "entity/land/malefaunling/malefaunling11" }, 
                    { "base": "entity/land/malefaunling/malefaunling12" }, { "base": "entity/land/malefaunling/malefaunling13" }, 
                    { "base": "entity/land/malefaunling/malefaunling14" }, { "base": "entity/land/malefaunling/malefaunling15" }
                ]
            }
        },
        "texturesByType": {
            "faunling-female": { "faunling1": { "base": "entity/land/faunling/femalefaunlingskin1", 
                                    "alternates": [ { "base": "entity/land/faunling/femalefaunlingskin2" }, { "base": "entity/land/faunling/femalefaunlingskin3" }, 
                                                    { "base": "entity/land/faunling/femalefaunlingskin4" }, { "base": "entity/land/faunling/femalefaunlingskin5" } ],
                                 "scraped": { "base": "game:item/resource/hide/scraped" },
                                 "pudu-adult": { "base": "game:entity/animal/mammal/hooved/deer/pudu-adult" },
                                 "linen": { "base": "game:item/bag/linensack/linen" },
                                 "feather": { "base": "game:item/resource/feather" },
                                 "pelt": { "base": "game:item/resource/hide/pelt" } 
                }
            }
        },
        "behaviors": [
            { "code": "nametag", "showtagonlywhentargeted": true },
            { "code": "repulseagents" },
            { "code": "controlledphysics", "stepHeight": 1.1251 },
            { "code": "floatupwhenstuck", "onlyWhenDead": true },
            { "code": "interpolateposition" },
            { "code": "harvestable" },
            { "code": "despawn", "minPlayerDistance": 20, "belowLightLevel": 6, "minSeconds": 300 }
        ],
        "animations": [            
			{
				"code": "idle",
				"animation": "idle",
				"blendMode": "addAverage",
				"easeOutSpeed": 3,
				"triggeredBy": { "defaultAnim": true },
				"animationSpeed": 0.5
			},
			{
				"code": "sit",
				"animation": "sit",
				"easeInSpeed": 4,
				"easeOutSpeed": 3,
				"blendMode": "average"
			},
			{
				"code": "die",
				"animation": "die",
				"easeInSpeed": 2,
				"weight": 10,
				"blendMode": "average",
				"triggeredBy": { "onControls": ["dead"] }
			},
            {
                "code": "dead",
                "animation": "dead",
                "blendMode": "Average",
                "weight": 10,
                "easeInSpeed": 3
            }
        ]
    },
    "server": {
        "attributes": {
            "pathfinder": {
                "minTurnAnglePerSec": 90,
                "maxTurnAnglePerSec": 135
            }
        },
        "behaviors": [
            { "code": "nametag", "showtagonlywhentargeted": true, "selectFromRandomNameByType": 
                {
                    "*-female": ["Nadia", "Alina", "Della", "Ximuku", "Kelta", "Udemya", "Nabafae", "Shiva", "Edith", "Cara", "Midoris", "Honwish", "Eriza", "Aris", "Edel"],
                    "*-male": ["Merzost", "Valsgo", "Malafes", "Xibo", "Xival", "Samsuro", "Asubos", "Debino", "Zane", "Cedric", "Vathiel", "Vero", "Vorin", "Kain", "Knudson"]
                }
            },
            { "code": "repulseagents" },
            { "code": "controlledphysics", "stepHeight": 1.1251 },
            { "code": "despawn", "minPlayerDistance": 20, "belowLightLevel": 6, "minSeconds": 300 },
            { "code": "health", "maxhealth": 16 },
            { "code": "deaddecay", "hoursToDecay": 48 },
            { "code": "floatupwhenstuck", "onlyWhenDead": true },
            { "code": "harvestable",
                "drops": [
                    { "type": "item", "code": "bushmeat-raw", "quantity": { "avg": 4, "var": 0.55 } },
                    { "type": "item", "code": "flaxfibers", "quantity": { "avg": 2.5, "var": 0.5 } }
                ]
            },
            { "code": "breathe" },
            {
                "code": "emotionstates",
                "states": [
                    {
                        "code": "fleeondamage",
                        "duration": 60,
                        "chance": 0.85,
                        "slot": 0,
                        "priority": 5,
                        "accumType": "max",
                        "whenHealthRelBelow": 0.4
                    },
                    {
                        "code": "aggressiveondamage",
                        "duration": 30,
                        "chance": 0.95,
                        "slot": 0,
                        "priority": 2,
                        "accumType": "noaccum"
                    },
                    {
                        "code": "fleeondamage",
                        "duration": 30,
                        "chance": 1,
                        "slot": 0,
                        "priority": 1,
                        "accumType": "max"
                    }
                ]
            },
            {
                "code": "taskai",
                "aiCreatureType": "LandCreature",
                "aitasks": [
                    {
                        "code": "meleeattack",
                        "entityCodes": [ "player" ],
                        "priority": 2,
                        "slot": 1,
                        "damage": 3,
                        "damageTier": 1,
                        "mincooldown": 2000,
                        "maxcooldown": 3000,
                        "attackDurationMs": 750,
                        "damagePlayerAtMs": 400,
                        "animation": "attackrhand",
                        "animationSpeed": 1.3,
                        "whenNotInEmotionState": "fleeondamage",
                        "whenInEmotionState": "aggressiveondamage"
                    },
                    {
                        "code": "meleeattack",
                        "entityCodes": [ "drifter-*" ],
                        "priority": 1.9,
                        "slot": 1,
                        "damage": 3,
                        "damageTier": 1,
                        "mincooldown": 2000,
                        "maxcooldown": 3000,
                        "attackDurationMs": 750,
                        "damagePlayerAtMs": 400,
                        "animation": "attackrhand",
                        "animationSpeed": 1.3,
                        "whenNotInEmotionState": "fleeondamage"
                    },
                    {
                        "code": "seekentity",
                        "entityCodes": [ "player", "drifter-normal", "drifter-deep" ],
                        "priority": 1.6,
                        "mincooldown": 1000,
                        "maxcooldown": 1500,
                        "seekingRange": 20,
                        "movespeed": 0.035,
                        "animation": "run",
                        "animationSpeed": 2,
                        "whenInEmotionState": "aggressiveondamage"
                    },
                    {
                        "code": "fleeentity",
                        "entityCodes": [ "player", "drifter-*" ],
                        "priority": 1.5,
                        "movespeed": 0.045,
                        "seekingRange": 18,
                        "animation": "run",
                        "animationSpeed": 2.2,
                        "whenInEmotionState": "fleeondamage"
                    },
                    {
                        "code": "getoutofwater",
                        "priority": 1.4,
                        "movespeed": 0.02,
                        "animation": "walk",
                        "animationSpeed": 0.8
                    },
                    {
                        "code": "idle",
                        "priority": 1.35,
                        "priorityForCancel": 1.35,
                        "minduration": 5000000,
                        "maxduration": 5000000,
                        "mincooldown": 10000,
                        "maxcooldown": 30000,
                        "animation": "sit2",
                        "animationSpeed": 0.25,
                        "whenNotInEmotionState": "aggressiveondamage",
                        "duringDayTimeFrames": [ 
                            { "fromHour": 22, "toHour": 24 },
                            { "fromHour": 0, "toHour": 5 }
                        ],
                        "stopOnNearbyEntityCodes": [ "player" ],
                        "stopRange": 6,
                        "stopOnHurt": true
                    },
                    {
                        "code": "idle",
                        "priority": 1.1,
                        "priorityForCancel": 1.35,
                        "minduration": 16000,
                        "maxduration": 24000,
                        "mincooldown": 9000,
                        "maxcooldown": 160000,
                        "animation": "sit",
                        "stopOnNearbyEntityCodes": [ "player" ],
                        "stopRange": 5,
                        "animationSpeed": 0.75,
                        "whenNotInEmotionState": "aggressiveondamage"
                    },
                    {
                        "code": "idle",
                        "priority": 1.2,
                        "priorityForCancel": 1.35,
                        "minduration": 16000,
                        "maxduration": 24000,
                        "mincooldown": 9000,
                        "maxcooldown": 160000,
                        "animation": "sit2",
                        "stopOnNearbyEntityCodes": [ "player" ],
                        "stopRange": 5,
                        "animationSpeed": 0.75,
                        "whenNotInEmotionState": "aggressiveondamage"
                    },
                    {
                        "code": "wander",
                        "priority": 1.0,
                        "priorityForCancel": 1.35,
                        "movespeed": 0.005,
                        "animationSpeed": 1.45,
                        "animation": "walk",
                        "preferredLightLevel": 14
                    },
                    {
                        "code": "idle",
                        "priority": 0.9,
                        "minduration": 7000,
                        "maxduration": 45000,
                        "mincooldown": 6000,
                        "maxcooldown": 120000,
                        "priorityForCancel": 1.33,
                        "stopOnHurt": true,
                        "animation": "idleLook",
                        "animationSpeed": 0.75
                    },
                    {
                        "code": "wander",
                        "priority": 0.55,
                        "priorityForCancel": 1.35,
                        "movespeed": 0.025,
                        "animationSpeed": 1.65,
                        "animation": "run",
                        "minduration": 15000,
                        "chance": 0.02
                    },
                    {
                        "code": "lookaround",
                        "priority": 0.5
                    }
                ]
            }
        ],
        "spawnconditionsByType": {
            "*-female": {
                "worldgen": {
                    "TriesPerChunk": {
                        "avg": 0.0095,
                        "var": 0.0005
                    },
                    "tryOnlySurface": true,
                    "minLightLevel": 11,
                    "groupSize": {
                        "dist": "verynarrowgaussian",
                        "avg": 2,
                        "var": 1
                    },
                    "insideBlockCodes": [ "game:air", "game:tallgrass-*" ],
                    "minTemp": 0,
                    "maxTemp": 25,
                    "minRain": 0.25,
                    "minForest": 0.25,
                    "companions": ["faunling-male"]
                },
                "runtime": {
                    "group": "neutral",
                    "tryOnlySurface": true,
                    "chance": 0.00002,
                    "maxQuantity": 3,
				    "maxQuantityByGroup": { "code": "faunling-*", "maxQuantity": 3 },
                    "mindistancetoplayer": 160,
                    "minLightLevel": 11,
                    "lightLevelType": "onlyBlockLight",
                    "groupSize": {
                        "dist": "verynarrowgaussian",
                        "avg": 2,
                        "var": 1
                    },
                    "insideBlockCodes": [ "game:air", "game:tallgrass-*" ],
                    "minTemp": 0,
                    "maxTemp": 25,
                    "minRain": 0.25,
                    "minForest": 0.25,
                    "companions": ["faunling-male"]
                }
            }
        }
    },
    "sounds": {
    },
    "idleSoundChance": 0.001
}