{
	"code": "geodecrab",
	"class": "EntityAgent",
	"hitboxSize": { "x": 0.6, "y": 0.6 },
	"deadHitboxSize": { "x": 0.7, "y": 0.7 },
	"eyeHeight": 0.3,
	"drops": [
		{
			"type": "item",
			"code": "game:nugget-nativecopper",
			"quantity": { "avg": 4, "var": 2 }
		},
		{
			"type": "item",
			"code": "game:salt",
			"quantity": { "avg": 1.5, "var": 0.5 }
		}
	],
	"client": {
		"renderer": "Shape",
		"shape": { "base": "entity/land/elemental/oregeodecrab" },
		"texture": { "base": "entity/land/geodecrab/geodecrab" },
		"behaviors": [
			{ "code": "repulseagents" },
			{ "code": "controlledphysics", "stepHeight": 1.1251 },
			{ "code": "floatupwhenstuck", "onlyWhenDead": true },
			{ "code": "interpolateposition" },
			{ "code": "harvestable" },
			{ "code": "despawn", "minPlayerDistance": 10, "belowLightLevel": 4, "minSeconds": 300 }
		],
		"animations": [
			{
				"code": "idle",
				"animation": "idle",
				"blendMode": "addAverage",
				"easeOutSpeed": 3,
				"triggeredBy": { "defaultAnim": true },
				"animationSpeed": 0.5
			},
			{
				"code": "die",
				"animation": "dead",
				"blendMode": "average",
				"animationSpeed": 0.8,
				"weight": 10,
				"triggeredBy": { "onControls": ["dead"] }
			},
            {
                "code": "dead",
                "animation": "dead",
                "blendMode": "Average",
                "weight": 10,
                "easeInSpeed": 3
            }
		]
	},
	"server": {
		"attributes": {
			"pathfinder": {
				"minTurnAnglePerSec": 90,
				"maxTurnAnglePerSec": 120
			}
		},
		"behaviors": [
			{ "code": "repulseagents" },
			{ "code": "controlledphysics", "stepHeight": 1.25 },
			{ "code": "despawn", "minPlayerDistance": 10, "belowLightLevel": 6, "minSeconds": 300 },
			{ "code": "health", "currenthealth": 12.5, "maxhealth": 12.5 },
			{ "code": "deaddecay", "hoursToDecay": 48 },
			{ "code": "floatupwhenstuck", "onlyWhenDead": true },
			{ "code": "harvestable",
				"drops": [
					{
						"type": "item",
						"code": "ore-medium-nativecopper-granite",
						"quantity": {
							"avg": 2,
							"var": 1
						}
					},
					{
						"type": "item",
						"code": "nugget-nativecopper",
						"quantity": {
							"avg": 4,
							"var": 2
						}
					}
				]
			},
			{ "code": "breathe" },
			{
				"code": "emotionstates",
				"states": [
					{
						"code": "fleeondamage",
						"duration": 60,
						"chance": 0.85,
						"slot": 0,
						"priority": 5,
						"accumType": "max",
						"whenHealthRelBelow": 0.4
					},
					{
						"code": "fleeondamage",
						"duration": 30,
						"chance": 1,
						"slot": 0,
						"priority": 1,
						"accumType": "max"
					}
				]
			},
			{"code": "taskai",
			"aiCreatureType": "LandCreature",
				"aitasks": [
					{
						"code": "fleeentity",
						"entityCodes": [ "player" ],
						"priority": 1.5,
						"movespeed": 0.030,
						"seekingRange": 12,
						"animation": "run",
						"animationSpeed": 3.5
					},
					{
						"code": "getoutofwater",
						"priority": 1.4,
						"movespeed": 0.02,
						"animation": "run",
						"animationSpeed": 0.8
					},
					{
						"code": "idle",
						"priority": 1.35,
						"priorityForCancel": 1.35,
						"minduration": 5000000,
						"maxduration": 5000000,
						"mincooldown": 10000,
						"maxcooldown": 30000,
						"animation": " ",
						"whenNotInEmotionState": "aggressiveondamage",
						"duringDayTimeFrames": [
							{ "fromHour": 22,"toHour": 24 },
							{ "fromHour": 0,"toHour": 5 }
						],
						"stopOnNearbyEntityCodes": [ "player" ],
						"stopRange": 6,
						"stopOnHurt": true
					},
					{
						"code": "idle",
						"priority": 0.9,
						"priorityForCancel": 1.35,
						"minduration": 8000,
						"maxduration": 14000,
						"mincooldown": 9000,
						"maxcooldown": 160000,
						"animation": "idle",
						"stopOnNearbyEntityCodes": [ "player" ],
						"stopRange": 5,
						"animationSpeed": 0.75,
						"whenNotInEmotionState": "aggressiveondamage"
					},
					{
						"code": "wander",
						"priority": 1.0,
						"priorityForCancel": 1.35,
						"movespeed": 0.005,
						"animationSpeed": 0.4,
						"animation": "run",
						"preferredLightLevel": 10
					},
					{
						"code": "idle",
						"priority": 0.9,
						"minduration": 7000,
						"maxduration": 45000,
						"mincooldown": 6000,
						"maxcooldown": 120000,
						"priorityForCancel": 1.33,
						"stopOnHurt": true,
						"animation": "idle"
					},
					{
						"code": "lookaround",
						"priority": 0.5
					}
				]
			}
		],
		"spawnconditions": {
			"worldgen": {
				"TriesPerChunk": { "avg": 0.006, "var": 0 },
				"tryOnlySurface": true,
				"minLightLevel": 12,
				"groupSize": { "dist": "verynarrowgaussian", "avg": 1, "var": 1 },
				"insideBlockCodes": [ "game:air", "game:tallgrass-*" ],
				"minTemp": -12,
				"maxTemp": 25
			},
			"runtime": {
				"group": "passive",
				"tryOnlySurface": true,
				"chance": 0.0006,
				"maxQuantity": 3,
				"minLightLevel": 12,
				"groupSize": { "dist": "verynarrowgaussian", "avg": 1, "var": 1 },
				"insideBlockCodes": [ "game:air", "game:tallgrass-*" ],
				"minTemp": -12,
				"maxTemp": 25
			}
		}
	},
	"sounds": {
	},
	"idleSoundChance": 0.001
}