{
    "code": "hellboar-piglet",
    "class": "EntityAgent",
    "collisionBoxSize": { "x": 1, "y": 1.4, "z": 0.8 },
    "deadCollisionBoxSize": { "x": 0.6, "y": 1.1 },
    "selectionBoxSize": { "x": 1.2, "y": 1.4, "z": 0.8 },
    "deadSelectionBoxSize": { "x": 0.6, "y": 1.1 },
    "knockbackResistance": 0.10,
    "eyeheight": 1.1,
    "drops": [],
    "attributes": {
        "killedByInfoText": "feverstonewilds:deadcreature-eaten-hellboar",
        "handbook": {
            "groupcode": "feverstonewilds:creaturegroup-fswhellboar"
        }
    },
    "client": {
        "renderer": "Shape",
        "shape": { "base": "entity/land/mammal/hellboar" },
        "texture": { "base": "entity/land/hellboar/hellboarskin1",
                    "alternates": [ { "base": "entity/land/hellboar/hellboarskin2" }, { "base": "entity/land/hellboar/hellboarskin3" }, 
                                    { "base": "entity/land/hellboar/hellboarskin4" }, { "base": "entity/land/hellboar/hellboarskin5" }, 
                                    { "base": "entity/land/hellboar/hellboarskin6" }, { "base": "entity/land/hellboar/hellboarskin7" },
                                    { "base": "entity/land/hellboar/hellboarskin8" } ] },
        "size": 0.45,
        "sizeGrowthFactor": 0.3,
        "behaviors": [
            { "code": "repulseagents" },
            { "code": "controlledphysics", "stepHeight": 1.1251 },
            { "code": "floatupwhenstuck", "onlyWhenDead": true },
            { "code": "interpolateposition" },
            { "code": "harvestable" },
            { "code": "despawn", "minPlayerDistance": 15, "belowLightLevel": 7, "minSeconds": 300 }
        ],
        "animations": [
            {
                "code": "hurt",
                "animation": "hurt",
                "animationSpeed": 2.2,
                "weight": 10,
                "blendMode": "addAverage"
            },
			{
				"code": "die",
				"animation": "death", 
				"animationSpeed": 1.25,
				"weight": 10,
				"blendMode": "average",
				"triggeredBy": { "onControls": ["dead"] }
			},
            {
                "code": "dead",
                "animation": "dead",
                "blendMode": "Average",
                "weight": 10,
                "easeInSpeed": 3
            },
			{ 
				"code": "idle", 
				"animation": "idle",
				"blendMode": "addAverage",
				"easeOutSpeed": 4,
				"triggeredBy": { "defaultAnim": true }
			},
			{
				"code": "idleitch", 
				"animation": "idleitch",
				"easeInSpeed": 4,
				"easeOutSpeed": 4,
				"blendMode": "average" 
			},
			{
				"code": "sleep", 
				"animation": "sleep",
				"easeInSpeed": 4,
				"easeOutSpeed": 4,
				"blendMode": "average" 
			},
			{
				"code": "sit", 
				"animation": "sit",
				"easeInSpeed": 4,
				"easeOutSpeed": 4,
				"blendMode": "average" 
			}
        ]
    },
    "server": {
        "attributes": {
            "pathfinder": {
                "minTurnAnglePerSec": 125,
                "maxTurnAnglePerSec": 210
            }
        },
        "behaviors": [
                { "code": "repulseagents" },
                { "code": "controlledphysics", "stepHeight": 1.1251 },
                { "code": "floatupwhenstuck", "onlyWhenDead": true },
                { "code": "harvestable",
                    "drops": [
                        { "type": "item", "code": "bushmeat-raw", "quantity": { "avg": 4, "var": 1 } },
                        { "type": "item", "code": "hide-raw-medium", "quantity": { "avg": 1, "var": 0.4 } },
                        { "type": "item", "code": "fat", "quantity": { "avg": 1, "var": 0.2 } }
                    ] },
                { "code": "despawn", "minPlayerDistance": 15, "belowLightLevel": 7, "minSeconds": 300 },
                { "code": "health", "maxHealth": 10 },
                { "code": "breathe" },
                { "code": "deaddecay", "hoursToDecay": 96, "decayedBlock": "carcass-medium" },
                { "code": "emotionstates",
                    "states": [
                        { "code": "fleeondamage", "duration": 60, "chance": 0.75, "slot": 2, "priority": 5, "accumType": "max", "whenHealthRelBelow": 0.3 },
                        { 
                            "code": "saturated", "duration": 1200, "chance": 1, "slot": 0, "priority": 1, "accumType": "sum",
                            "belowTempDuration": 600,
                            "belowTempThreshold": -5
                        },
                        { "code": "aggressiveondamage", "duration": 30, "chance": 1, "slot": 2, "priority": 2, "accumType": "noaccum" },
                        { "code": "alarmherdondamage", "chance": 1, "slot": 1, "priority": 1, "accumType": "max" }
                    ]
			    },
                { "code": "grow", "hoursToGrow": 128,
                    "adultEntityCodes": [ "feverstonewilds:hellboar-male", "feverstonewilds:hellboar-female" ]
                },
                { "code": "taskai",
                "aiCreatureType": "LandCreature",
                    "aitasks": [
                        {
                            "code": "fleeentity",
                            "entityCodes": ["player"],
                            "priority": 1.6,
                            "movespeed": 0.032,
                            "seekingRange": 20,
                            "animation": "Run",
                            "animationSpeed": 2.3,
                            "whenInEmotionState": "fleeondamage"
                        },
                        {
                            "code": "idle",
                            "priority": 1.45,
                            "priorityForCancel": 1.55,
                            "minduration": 200000,
                            "maxduration": 800000,
                            "mincooldown": 10000,
                            "maxcooldown": 30000,
                            "animation": "Sleep",
                            "whenNotInEmotionState": "aggressiveondamage",
                            "duringDayTimeFrames": [ { "fromHour": 10, "toHour": 18 }, { "fromHour": 1, "toHour": 3 } ],
                            "stopOnNearbyEntityCodes": ["player"],
                            "stopRange": 10,
                            "stopOnHurt": true
                        },
                        {
                            "code": "getoutofwater",
                            "priority": 1.4,
                            "movespeed": 0.015,
                            "animation": "Walk",
                            "animationSpeed": 2.2
                        },
                        {
                            "code": "wander", 
                            "priority": 1.0, 
                            "priorityForCancel": 1.35,
                            "movespeed": 0.006,
                            "animation": "Walk",
                            "preferredLightLevel": 20
                        },
                        {
                            "code": "idle",
                            "priority": 0.9,
                            "minduration": 5000,
                            "maxduration": 30000,
                            "mincooldown": 2000,
                            "maxcooldown": 120000,
                            "priorityForCancel": 1.33,
                            "animation": "Sleep",
                            "whenNotInEmotionState": "aggressiveondamage",
                            "stopOnNearbyEntityCodes": ["player", "bear-*", 
                                                        "feverstonewilds:cockatrice"],
                            "stopRange": 5
                        },
                        { 
                            "code": "lookaround", 
                            "priority": 0.5
                        }
                    ]
                },
                { "code": "ropetieable", "minGeneration": 2 },
                { "code": "pettable", "minGeneration": 1 }
            ]
    },
    "sounds": {
        "hurt": "game:creature/pig/piglet-hurt",
        "death": "game:creature/pig/piglet-hurt",
        "idle": "game:creature/pig/idle"
    },
    "idleSoundChance": 0.015,
    "hurtSoundChance": 0.25
}