{
    "code": "horse",
    "class": "EntityAgent",
    "variantgroups": [
        { "code": "tamed", "states": ["wild", "tamed"] },
        { "code": "gender", "states": ["male", "female"] },
        { "code": "type", "states": ["percheron", "arabian", "donkey", "shire", "quarter"] }
    ],
    "skipVariants": [ "horse-wild-male-percheron", "horse-wild-female-percheron",
                      "horse-wild-male-arabian", "horse-wild-female-arabian",
                      "horse-tamed-male-percheron", "horse-tamed-female-percheron",
                      "horse-tamed-male-arabian", "horse-tamed-female-arabian" ],
    "tagsByType": {
        "*-tamed-*": [ "animal", "huntable", "habitat-land", "tamed" ],
        "*": [ "animal", "huntable", "habitat-land" ]
    },
    "weight": 355,
    "hitBoxSizeByType": {
        "*-male-percheron": { "x": 1.75, "y": 1.9 },
        "*-female-percheron": { "x":1.65, "y": 1.9 },

        "*-male-arabian": { "x": 1.4, "y": 1.55 },
        "*-female-arabian": { "x": 1.3, "y": 1.5 },

        "*-male-shire": { "x": 1.8, "y": 2.15 },
        "*-female-shire": { "x": 1.75, "y": 2.05 },

        "*-male-quarter": { "x": 1.8, "y": 1.65 },
        "*-female-quarter": { "x": 1.75, "y": 1.55 },

        "*-male-donkey": { "x": 1.3, "y": 1.45 },
        "*-female-donkey": { "x": 1.25, "y": 1.40 }
    },
    "deadhitBoxSizeByType": {
        "*-male-percheron": { "x": 1.9, "y": 0.8 },
        "*-female-percheron": { "x": 1.8, "y": 0.8 },

        "*-male-arabian": { "x": 1.55, "y": 0.7 },
        "*-female-arabian": { "x": 1.5, "y": 0.7 },

        "*-male-shire": { "x": 1.95, "y": 0.95 },
        "*-female-shire": { "x": 1.9, "y": 0.9 },

        "*-male-quarter": { "x": 1.6, "y": 0.65 },
        "*-female-quarter": { "x": 1.55, "y": 0.6 },

        "*-male-donkey": { "x": 1.45, "y": 0.5 },
        "*-female-donkey": { "x": 1.40, "y": 0.47 }
    },
    "knockbackResistanceByType": {
        "*-percheron": 0.25,
        "*-arabian": 0.15,
        "*-donkey": 0.175,
        "*-shire": 0.28,
        "*-quarter": 0.22
    },
    "eyeHeightByType": {
        "*-percheron": 1.8,
        "*-arabian": 1.5,
        "*-donkey": 1.4,
        "*-shire": 1.85,
        "*-quarter": 1.6
    },
    "drops": [],
    "fallDamage": false,
    "attributes": {
        "tamedByType": {
            "*-tamed-*": true,
            "*": false
        },
        "killedbyInfoText": "deadcreature-horsetrampled",
        "creatureDiet": {
            "foodCategories": [ "Grain", "Fruit" ],
            "weightedFoodTags": [ 
                { "weight": 0.1, "code": "grass" },
                { "weight": 0.85, "code": "tamingfeedbundle"},
                { "weight": 0.45, "code": "carrot"},
                { "weight": 0.3, "code": "cabbage"},
                { "weight": 0.35, "code": "turnip"},
                { "weight": 1, "code": "redapple"},
                { "weight": 1, "code": "yellowapple"},
                { "weight": 1, "code": "pinkapple"} 
            ],
            "skipFoodTags": [ "rice", "amaranth", "sunflower" ]
        },
        "trappable": {
			"large": { "trapChance": 0.0, "trapDestroyChance": 0.45 }
		},
        "minGenerationToAllowHealing": 0,
        
        "handbook": {
			"groupcode": "feverstonewilds:creaturegroup-fswhorse"
		}
    },
    "behaviorConfigs": {
        "controlledphysics": { 
            "stepHeight": 1.1251,
            "stepUpSpeed": 0.1
        },
        "floatupwhenstuck": { "onlyWhenDead": true },
        "rideableaccessories": {
            "wearableSlots": [
                    { "code": "head", "forCategoryCodes": ["bridle-{type}"], "attachmentPointCode": "HeadAP" }, 
                    { "code": "face", "forCategoryCodes": ["face"], "attachmentPointCode": "FaceAP" }, 
                    { "code": "middlebackupper", "forCategoryCodes": ["saddle-{type}"], "attachmentPointCode": "MidUpperAP" },
                    { "code": "lowerback", "forCategoryCodes": ["bedroll"], "attachmentPointCode": "RearUpperAP" },
                    { "code": "lowerbackside", "forCategoryCodes": ["sidebags-{type}"], "attachmentPointCode": "RearSideAP" },
                    {
                        "code": "frontrightside",
                        "forCategoryCodes": ["utilities", "pot", "weaponfalx", "weapon1m", "bowshort", "bowlong" ],
                        "attachmentPointCode": "RFrontAP"
                    },
                    {
                        "code": "frontleftside",
                        "forCategoryCodes": ["utilities", "pot", "weaponfalx", "weapon1m", "bowshort", "bowlong" ],
                        "attachmentPointCode": "LFrontAP"
                    },
                    { "code": "gearleft", "forCategoryCodes": ["gear"], "attachmentPointCode": "TempGear1AP" }, 
                    { "code": "gearback", "forCategoryCodes": ["gear"], "attachmentPointCode": "TempGear2AP" }, 
                    { "code": "gearright", "forCategoryCodes": ["gear"], "attachmentPointCode": "TempGear3AP" }
                ]
        },
        "selectionboxes": {
                "selectionBoxes": ["HeadAP", "FaceAP", "MidUpperAP", "RearUpperAP",
                                    "RearSideAP", "RFrontAP", "LFrontAP", "TempGear1AP", "TempGear2AP", "TempGear3AP"]
        },
        "gait": {
			"idleGait": "idle",
			"gaits": [
				{
					"code": "walkback",
					"movespeed": 0.011,
					"backwards": true,
					"yawMultiplier": 1,
					"sound": "game:creature/hooved/trot"
				},
				{
					"code": "idle",
					"yawMultiplier": 1
				},
				{
					"code": "walk",
					"movespeed": 0.019,
					"yawMultiplier": 1.2,
					"sound": "game:creature/hooved/trot"
				},
				{
					"code": "trot",
					"movespeed": 0.036,
					"yawMultiplier": 0.90,
					"fallbackGaitCode": "walk",
					"sound": "game:creature/hooved/trot"
				},
				{
					"code": "canter",
					"movespeed": 0.075,
					"yawMultiplier": 0.82,
					"fallbackGaitCode": "trot",
					"sound": "game:creature/hooved/trot"
				},
				{
					"code": "sprint",
					"movespeed": 0.1067,
					"yawMultiplier": 1,
					"isSprint": true,
					"fallbackGaitCode": "walk",
					"sound": "game:creature/hooved/gallop"
				},
				{
					"code": "swim",
					"movespeed": 0.02,
					"yawMultiplier": 1,
					"fallbackGaitCode": "idle"
				},
				{
					"code": "swimback",
					"movespeed": 0.02,
					"backwards": true,
					"yawMultiplier": 1,
					"fallbackGaitCode": "idle"
				},
				{
					"code": "jump",
					"movespeed": 0.1067,
					"yawMultiplier": 1,
					"fallbackGaitCode": "walk",
					"sound": "game:creature/hooved/gallop"
				}
			]
		},
        "rideable": {
            "interactMountAnySeat": false,
            "seats": [
                { "apName": "Rider", "selectionBox": "MidUpperAP", "bodyYawLimit": 0.2, "controllable": true,
                    "mountOffsetByType": {
                        "*-female-shire": { "x": 0, "y": -0.75, "z": 0 },
                        "*-male-shire": { "x": 0, "y": -0.7, "z": 0 },

                        "*-female-quarter": { "x": 0, "y": -0.65, "z": 0 },
                        "*-male-quarter": { "x": 0, "y": -0.6, "z": 0 },

                        "*-female-donkey": { "x": 0, "y": -0.85, "z": 0 },
                        "*-male-donkey": { "x": 0, "y": -0.80, "z": 0 }
                    }
                }
            ],
            "rideableGaitOrder": ["walkback", "idle", "walk", "sprint"],
            "controls": {
                "walkback": {
                    "animation": "walkback",
                    "animationSpeed": 1.4,
                    "weight": 10,
                    "movespeed": 0.011,
                    "easeInSpeed": 1,
                    "easeOutSpeed": 3,
                    "blendMode": "Average",
                    "riderAnim": {
                        "animation": "rideelk-walk",
                        "animationSpeed": 1,
                        "weight": 1,
                        "withFpVariant": true,
                        "blendMode": "Average", 
                        "elementWeight": {
                            "LowerTorso": 80,
                            "UpperTorso": 80,
                            "UpperFootR": 80,
                            "UpperFootL": 80,
                            "LowerFootR": 80,
                            "LowerFootL": 80
                        },
                        "elementBlendMode": {
                            "LowerTorso": "Average",
                            "UpperTorso": "Average",
                            "UpperFootR": "Average",
                            "UpperFootL": "Average",
                            "LowerFootR": "Average",
                            "LowerFootL": "Average"
                        }
                    }
                },
                "idle": {
                    "animation": "Idle",
                    "weight": 1,
                    "riderAnim": {
                        "animation": "rideelk-idle",
                        "animationSpeed": 1,
                        "weight": 1,
                        "withFpVariant": true,
                        "blendMode": "Average", 
                        "elementWeight": {
                            "LowerTorso": 80,
                            "UpperTorso": 80,
                            "UpperFootR": 80,
                            "UpperFootL": 80,
                            "LowerFootR": 80,
                            "LowerFootL": 80
                        },
                        "elementBlendMode": {
                            "LowerTorso": "Average",
                            "UpperTorso": "Average",
                            "UpperFootR": "Average",
                            "UpperFootL": "Average",
                            "LowerFootR": "Average",
                            "LowerFootL": "Average"
                        }
                    }
                },
                "walk": {
                    "animation": "Trot",
                    "animationSpeedByType": {
                        "*-shire": 1.25,
                        "*-quarter": 1.6
                    },
                    "weight": 10,
                    "movespeed": 0.019,
                    "blendMode": "Average",
                    "riderAnim": {
                        "animation": "rideelk-walk",
                        "animationSpeed": 1,
                        "weight": 1,	
                        "withFpVariant": true,
                        "blendMode": "Average", 
                        "elementWeight": {
                            "LowerTorso": 80,
                            "UpperTorso": 80,
                            "UpperFootR": 80,
                            "UpperFootL": 80,
                            "LowerFootR": 80,
                            "LowerFootL": 80
                        },
                        "elementBlendMode": {
                            "LowerTorso": "Average",
                            "UpperTorso": "Average",
                            "UpperFootR": "Average",
                            "UpperFootL": "Average",
                            "LowerFootR": "Average",
                            "LowerFootL": "Average"
                        }
                    }
                },
                "sprint": {
                    "animation": "Gallop",
                    "weight": 10,
                    "animationSpeed": 2,
                    "movespeed": 0.10,
                    "blendMode": "Average",
                    "riderAnim": {
                        "animation": "rideelk-run",
                        "animationSpeed": 1.8,
                        "weight": 1,
                        "withFpVariant": true,
                        "blendMode": "Average", 
                        "elementWeight": {
                            "LowerTorso": 80,
                            "UpperTorso": 80,
                            "UpperFootR": 80,
                            "UpperFootL": 80,
                            "LowerFootR": 80,
                            "LowerFootL": 80
                        },
                        "elementBlendMode": {
                            "LowerTorso": "Average",
                            "UpperTorso": "Average",
                            "UpperFootR": "Average",
                            "UpperFootL": "Average",
                            "LowerFootR": "Average",
                            "LowerFootL": "Average"
                        }
                    }
                },
                "jump": {
                    "animation": "jump",
                    "weight": 50,
                    "easeOutSpeed": 5,
                    "blendMode": "Average",
                    "animationSpeed": 1.75,
                    "movespeed": 0.08,
                    "riderAnim": {
                        "animation": "rideelk-jump",
                        "animationSpeed": 1,
                        "weight": 10,
                        "withFpVariant": true,
                        "blendMode": "Average", 
                        "elementWeight": {
                            "LowerTorso": 160,
                            "UpperTorso": 160,
                            "UpperFootR": 160,
                            "UpperFootL": 160,
                            "LowerFootR": 160,
                            "LowerFootL": 160
                        },
                        "elementBlendMode": {
                            "LowerTorso": "Average",
                            "UpperTorso": "Average",
                            "UpperFootR": "Average",
                            "UpperFootL": "Average",
                            "LowerFootR": "Average",
                            "LowerFootL": "Average"
                        }
                    }
                },
                "swim": {
					"animation": "walk",
					"animationSpeed": 1,
                    "movespeed": 0.02,
					"weight": 10,
					"blendMode": "Average",
					"riderAnim": {
						"animation": "rideelk-walk",
						"animationSpeed": 1,
						"weight": 1,	
						"withFpVariant": true,
						"blendMode": "Average", 
						"elementWeight": {
							"LowerTorso": 80,
							"UpperTorso": 80,
							"UpperFootR": 80,
							"UpperFootL": 80,
							"LowerFootR": 80,
							"LowerFootL": 80
						},
						"elementBlendMode": {
							"LowerTorso": "Average",
							"UpperTorso": "Average",
							"UpperFootR": "Average",
							"UpperFootL": "Average",
							"LowerFootR": "Average",
							"LowerFootL": "Average"
						}
					}
				},
				"swimback": {
					"animation": "walkback",
                    "movespeed": 0.01,
					"animationSpeed": 1,
					"weight": 10,
					"blendMode": "Average",
					"riderAnim": {
						"animation": "rideelk-walk",
						"animationSpeed": 1,
						"weight": 1,	
						"withFpVariant": true,
						"blendMode": "Average", 
						"elementWeight": {
							"LowerTorso": 80,
							"UpperTorso": 80,
							"UpperFootR": 80,
							"UpperFootL": 80,
							"LowerFootR": 80,
							"LowerFootL": 80
						},
						"elementBlendMode": {
							"LowerTorso": "Average",
							"UpperTorso": "Average",
							"UpperFootR": "Average",
							"UpperFootL": "Average",
							"LowerFootR": "Average",
							"LowerFootL": "Average"
						}
					}
				}
            }
        },
        "ownable": {
            "groupCode": "mountableanimal"
        },
        "health": {
            "maxhealthByType": {
                "*-percheron": 31,
                "*-arabian": 26,
                "*-donkey": 24,
                "*-shire": 34,
                "*-quarter": 28
            }
        },
        "emotionstates": {
            "states": [
                { "code": "aggressiveondamage", "duration": 30, "chance": 0.10, "slot": 0, "priority": 2, "accumType": "noaccum", "whenHealthRelBelow": 0.4 },
                { "code": "fleeondamage", "duration": 30, "chance": 1, "slot": 0, "priority": 1, "accumType": "max" }, 
                { "code": "saturated", "duration": 600, "chance": 0.4, "slot": 0, "priority": 1, "accumType": "sum" },
                { "code": "alarmherdondamage", "chance": 1, "slot": 1, "priority": 1, "accumType": "max" }
            ]
        }
    },
    "client": {
        "renderer": "Shape",
        "shapeByType": {
            "*-percheron": { "base": "entity/land/mammal/horse-percheron" },
            "*-arabian": { "base": "entity/land/mammal/horse-arabian" },
            "*-donkey": { "base": "entity/land/mammal/horse-donkey" },
            "*-shire": { "base": "entity/land/mammal/horse-shire" },
            "*-quarter": { "base": "entity/land/mammal/horse-quarter" }
        },
        "texturesByType": {
            "*-shire": { "skin": { "base": "entity/land/horse/horseskin1", 
                            "alternates": [ { "base": "entity/land/horse/horseskin2" }, { "base": "entity/land/horse/horseskin4"},
                                            { "base": "entity/land/horse/horseskin6" }, { "base": "entity/land/horse/horseskin10"},
                                            { "base": "entity/land/horse/horseskin18" }, { "base": "entity/land/horse/horseskin22"},
                                            { "base": "entity/land/horse/horseskin21" }, { "base": "entity/land/horse/horseskin12"},
                                            { "base": "entity/land/horse/horseskin20" }, { "base": "entity/land/horse/horseskin23"},
                                            { "base": "entity/land/horse/horseskin24" }, { "base": "entity/land/horse/horseskin25"},
                                            { "base": "entity/land/horse/horseskin26" } ] },
                         "mane": { "base": "entity/land/horse/horsemane", 
                            "alternates": [ { "base": "entity/land/horse/horsemane2" }, { "base": "entity/land/horse/horsemane3" },
                                            { "base": "entity/land/horse/horsemane4" }, { "base": "entity/land/horse/horsemane5" },
                                            { "base": "entity/land/horse/horsemane6" }, { "base": "entity/land/horse/horsemane7" },
                                            { "base": "entity/land/horse/horsemane8" }, { "base": "entity/land/horse/horsemane9" },
                                            { "base": "entity/land/horse/horsemane10" }, { "base": "entity/land/horse/horsemane11" },
                                            { "base": "entity/land/horse/horsemane12" } ] } },
            "*-quarter": { "skin": { "base": "entity/land/horse/horseskin3", 
                            "alternates": [ { "base": "entity/land/horse/horseskin5" }, { "base": "entity/land/horse/horseskin7"},
                                            { "base": "entity/land/horse/horseskin8" }, { "base": "entity/land/horse/horseskin9"},
                                            { "base": "entity/land/horse/horseskin11" }, { "base": "entity/land/horse/horseskin13"},
                                            { "base": "entity/land/horse/horseskin14" }, { "base": "entity/land/horse/horseskin15"},
                                            { "base": "entity/land/horse/horseskin21" }, { "base": "entity/land/horse/horseskin12"},
                                            { "base": "entity/land/horse/horseskin20" }, { "base": "entity/land/horse/horseskin23"},
                                            { "base": "entity/land/horse/horseskin24" }, { "base": "entity/land/horse/horseskin25"},
                                            { "base": "entity/land/horse/horseskin26" } ] },
                         "mane": { "base": "entity/land/horse/horsemane", 
                            "alternates": [ { "base": "entity/land/horse/horsemane2" }, { "base": "entity/land/horse/horsemane3" },
                                            { "base": "entity/land/horse/horsemane4" }, { "base": "entity/land/horse/horsemane5" },
                                            { "base": "entity/land/horse/horsemane6" }, { "base": "entity/land/horse/horsemane7" },
                                            { "base": "entity/land/horse/horsemane8" }, { "base": "entity/land/horse/horsemane9" },
                                            { "base": "entity/land/horse/horsemane10" }, { "base": "entity/land/horse/horsemane11" },
                                            { "base": "entity/land/horse/horsemane12" } ] } },
            "*-donkey": { "skin": { "base": "entity/land/donkey/donkeyskin1", 
                            "alternates": [ { "base": "entity/land/donkey/donkeyskin2" }, { "base": "entity/land/donkey/donkeyskin3"},
                                            { "base": "entity/land/donkey/donkeyskin4" }, { "base": "entity/land/donkey/donkeyskin5"},
                                            { "base": "entity/land/donkey/donkeyskin6" } ] },
                         "mane": { "base": "entity/land/horse/horsemane", 
                            "alternates": [ { "base": "entity/land/horse/horsemane2" }, { "base": "entity/land/horse/horsemane3" },
                                            { "base": "entity/land/horse/horsemane4" }, { "base": "entity/land/horse/horsemane5" },
                                            { "base": "entity/land/horse/horsemane6" }, { "base": "entity/land/horse/horsemane7" },
                                            { "base": "entity/land/horse/horsemane8" }, { "base": "entity/land/horse/horsemane9" },
                                            { "base": "entity/land/horse/horsemane10" }, { "base": "entity/land/horse/horsemane11" },
                                            { "base": "entity/land/horse/horsemane12" } ] } },

            "__comment": "More horse breeds to come!"
            
        },
        "sizeByType": {
            "*-male-percheron": 0.85,
            "*-female-percheron": 0.80,

            "*-male-arabian": 1,
            "*-female-arabian": 0.925,

            "*-male-shire": 0.9,
            "*-female-shire": 0.875,

            "*-male-donkey": 0.85,
            "*-female-donkey": 0.81,

            "*-male-quarter": 0.975,
            "*-female-quarter": 0.925
        },
        "behaviors": [ 
                { "code": "multiply",
                    "enabledByType": { "*-female-*": true, "*": false } },
                { "code": "gait" },
                { "code": "rideable",
                    "enabledByType": { "*-tamed-*": true, "*": false } },
                { "code": "mouthinventory",
                    "acceptStacks": [
                        { "type": "item", "code": "vegetable-carrot" },
                        { "type": "item", "code": "vegetable-cabbage" },
                        { "type": "item", "code": "vegetable-turnip" },
                        { "type": "item", "code": "feverstonewilds:carrotbundle" },
                        { "type": "item", "code": "feverstonewilds:drygrassbundle" },
                        { "type": "item", "code": "drygrass" },
                        { "type": "item", "code": "fruit-pinkapple" },
                        { "type": "item", "code": "fruit-redapple" },
                        { "type": "item", "code": "fruit-yellowapple" },
                        { "type": "item", "code": "grain-flax" },
                        { "type": "item", "code": "grain-rye" },
                        { "type": "item", "code": "grain-spelt" }
                    ]
                },
                { "code": "repulseagents" },
                { "code": "harvestable" },
                { "code": "controlledphysics" },
                { "code": "floatupwhenstuck" },
                { "code": "interpolateposition" },
                { "code": "ownable" },
                { "code": "selectionboxes",
                    "enabledByType": { "*-tamed-*": true, "*": false } },
                { "code": "rideableaccessories",
                    "enabledByType": { "*-tamed-*": true, "*": false } },
                { "code": "mortallywoundable" },
                { "code": "health" },
                { "code": "despawn",
                    "enabledByType": { "*-wild-*": true, "*": false },
                     "minPlayerDistance": 12, "belowLightLevel": 8, "minSeconds": 600 },
                { "code": "ropetieable" }
            ],
        "animations": [
            {
				"code": "attack",
				"animation": "Attack",
				"animationSpeed": 2.2,
				"weight": 10,
				"blendMode": "AddAverage"
			},
            {
                "code": "idle",
                "animation": "Idle",
                "blendMode": "addAverage",
                "easeOutSpeed": 3,
                "triggeredBy": { "defaultAnim": true },
                "animationSpeed": 0.5
            },
            {
                "code": "sleep",
                "animation": "Sleep",
                "blendMode": "Average",
                "easeOutSpeed": 3,
                "easeInSpeed": 3
            },
            {
                "code": "sleeplie",
                "animation": "SleepLie",
                "blendMode": "Average",
                "easeOutSpeed": 3,
                "easeInSpeed": 3
            },
            {
                "code": "sleepstand",
                "animation": "SleepStand",
                "blendMode": "Average",
                "easeInSpeed": 3,
                "easeOutSpeed": 3
            },
            {
				"code": "hurt",
				"animation": "Hurt",
				"animationSpeed": 1.2,
				"weight": 10,
				"blendMode": "AddAverage"
			},
            {
                "code": "die",
                "animation": "Die",
                "easeInSpeed": 2,
                "weight": 10,
                "blendMode": "Average",
                "triggeredBy": { "onControls": [ "dead" ] }
            },
            {
                "code": "dead",
                "animation": "Dead",
                "blendMode": "Average",
                "weight": 10,
                "easeInSpeed": 3
            },
			{
				"code": "wounded-idle",
				"animation": "wounded-idle",
				"easeInSpeed": 3,
				"weight": 10,
				"blendMode": "Average"
			},
			{
				"code": "wounded-stand",
				"animation": "wounded-stand",
				"weight": 10,
				"blendMode": "Average"
			},
            {
                "code": "walk",
                "animation": "walk",
                "blendMode": "Average",
                "animationSpeed": 1.2
            },
            {
                "code": "trot",
                "animation": "Trot",
                "blendMode": "Average",
                "animationSpeed": 1.25
            },
            {
                "code": "canter",
                "animation": "Canter",
                "blendMode": "Average",
                "animationSpeed": 1.1
            },
            {
                "code": "gallop",
                "animation": "Gallop",
                "blendMode": "Average",
                "animationSpeed": 1.5
            },
			{
				"code": "jump",
				"animation": "Jump",
				"blendMode": "Average",
				"easeInSpeed": 0.5,
				"easeOutSpeed": 0.5,
                "animationSpeed": 1.5,
				"triggeredBy": { "onControls": ["jump"] }
			},
			{
				"code": "turn-left",
				"animation": "Turn-Left",
				"easeInSpeed": 6,
				"easeOutSpeed": 10,
				"weight": 0.01,
				"blendMode": "Average",
				"elementWeight": {
					"HeadBase": 80,
					"Neck1": 80,
					"Neck2": 80,
                    "Neck3": 80
				},
				"elementBlendMode": {
					"HeadBase": "AddAverage",
					"Neck1": "AddAverage",
					"Neck2": "AddAverage",
					"Neck3": "AddAverage"
				}					
			},
			{
				"code": "turn-right",
				"animation": "Turn-Right",
				"easeInSpeed": 6,
				"easeOutSpeed": 10,
				"weight": 0.01,
				"blendMode": "Average",
				"elementWeight": {
					"HeadBase": 80,
					"Neck1": 80,
					"Neck2": 80,
                    "Neck3": 80
				},
				"elementBlendMode": {
					"HeadBase": "AddAverage",
					"Neck1": "AddAverage",
					"Neck2": "AddAverage",
					"Neck3": "AddAverage"
				}				
			},
			{
				"code": "idle-turn-left",
				"animation": "turn-left",
				"easeInSpeed": 3,
				"easeOutSpeed": 10,
				"weight": 0.01,
				"blendMode": "Average",
				"elementWeight": {
					"HeadBase": 5,
					"Neck1": 5,
					"Neck2": 5
				},
				"elementBlendMode": {
					"HeadBase": "AddAverage",
					"Neck1": "AddAverage",
					"Neck2": "AddAverage"
				}				
			},
			{
				"code": "idle-turn-right",
				"animation": "turn-right",
				"easeInSpeed": 3,
				"easeOutSpeed": 10,
				"weight": 0.01,
				"blendMode": "Average",
				"elementWeight": {
					"HeadBase": 5,
					"Neck1": 5,
					"Neck2": 5
				},
				"elementBlendMode": {
					"HeadBase": "AddAverage",
					"Neck1": "AddAverage",
					"Neck2": "AddAverage"
				}				
			}
        ]
    },
    "server": {
        "attributes": {
            "pathfinder": {
                "minTurnAnglePerSec": 105,
                "maxTurnAnglePerSec": 165
            }
        },
        "behaviors": [
                {
                    "code": "multiply",
                    "enabledByType": { "*-female-*": true, "*": false },
                    "spawnEntityCode": "feverstonewilds:foal-{tamed}-{type}",
                    "requiresNearbyEntityCode": "feverstonewilds:horse-*-male-*",
                    "requiresNearbyEntityRange": 10,
                    "spawnQuantityMax": 1,
                    "spawnQuantityMin": 1,
                    "eatAnyway": true,
                    "pregnancyDays": 14,
                    "multiplyCooldownDaysMin": 21,
                    "multiplyCooldownDaysMax": 28,
                    "portionsEatenForMultiply": 14
                },
                { "code": "gait" },
                { "code": "rideable",
                    "enabledByType": { "*-tamed-*": true, "*": false } },
                { "code": "mouthinventory",
                    "acceptStacks": [
                        { "type": "item", "code": "vegetable-carrot" },
                        { "type": "item", "code": "vegetable-cabbage" },
                        { "type": "item", "code": "vegetable-turnip" },
                        { "type": "item", "code": "feverstonewilds:carrotbundle" },
                        { "type": "item", "code": "feverstonewilds:drygrassbundle" },
                        { "type": "item", "code": "drygrass" },
                        { "type": "item", "code": "fruit-pinkapple" },
                        { "type": "item", "code": "fruit-redapple" },
                        { "type": "item", "code": "fruit-yellowapple" },
                        { "type": "item", "code": "grain-flax" },
                        { "type": "item", "code": "grain-rye" },
                        { "type": "item", "code": "grain-spelt" }
                    ]
                },
                { "code": "repulseagents" },
                { "code": "controlledphysics" },
                { "code": "mortallywoundable",
                    "enabledByType": { "*-tamed-*": true, "*": false },
                    "whenBelowHealth": 7 },
                { "code": "despawn",
                    "enabledByType": { "*-wild-*": true, "*": false },
                     "minPlayerDistance": 28, "belowLightLevel": 8, "minSeconds": 600 },
                { "code": "deaddecay",  "hoursToDecay": 96, "decayedBlock": "carcass-large" },
                { "code": "floatupwhenstuck" },
                { "code": "health" },
                { "code": "harvestable",
                    "drops": [
                        { "type": "item", "code": "redmeat-raw",
                            "quantityByType": {
                                "*-percheron": { "avg": 15, "var": 4 },
                                "*-arabian": { "avg": 13, "var": 3 },
                                "*-donkey": { "avg": 11, "var": 2 },
                                "*-shire": { "avg": 14, "var": 4 },
                                "*-quarter": { "avg": 12, "var": 3 }
                                
                            }
                        },
                        { "type": "item", "code": "hide-raw-large",
                            "quantityByType": {
                                "*-percheron": { "avg": 1.5, "var": 0.5 },
                                "*-arabian": { "avg": 1.5, "var": 0.5 },
                                "*-donkey": { "avg": 1.5, "var": 0.5 },
                                "*-shire": { "avg": 1.5, "var": 0.5 },
                                "*-quarter": { "avg": 1.5, "var": 0.5 }                               
                            }
                        },
                        { "type": "item", "code": "fat",
                            "quantityByType": {
                                "*-percheron": { "avg": 3, "var": 1 },
                                "*-arabian": { "avg": 2, "var": 1 },
                                "*-donkey": { "avg": 2, "var": 1 },
                                "*-shire": { "avg": 2, "var": 1 },
                                "*-quarter": { "avg": 2, "var": 1 }
                            }
                        }
                    ]
                },
                { "code": "breathe" },
                { "code": "emotionstates" },
                {
                    "code": "taskai",
                    "aiCreatureType": "LandCreature",
                    "aitasks": [
                        {
                            "code": "cometoowner",
                            "priority": 4,
                            "animation": "trot",
                            "animationSpeed": 1.35,
                            "movespeed": 0.019,
                            "__allowTeleport": true,
                            "teleportMaxRange": 1000,
                            "teleportAfterRange": 200,
                            "teleportToRange": 20
                        },
                        {
                            "code": "meleeattack",
                            "entityCodesbyType": {
                                "*-tamed-*": [ "wolf-*", "hyena-*" ],
                                "*": [ "player", "wolf-*", "hyena-*" ]
                            },
                            "priority": 2,
                            "slot": 1,
                            "damageByType":{
                                "*-percheron": 4,
                                "*-shire": 3.6,
                                "*-quarter": 2.8,
                                "*-arabian": 2.5,
                                "*-donkey": 2.0
                            },
                            "damageTier": 2,
                            "mincooldown": 1500,
                            "maxcooldown": 2500,
                            "attackDurationMs": 750,
                            "damagePlayerAtMs": 500,
                            "animation": "attackFront",
                            "animationSpeed": 1.4,
                            "whenInEmotionState": "aggressiveondamage"
                        },
                        {
                            "code": "fleeentity",
                            "entityCodesbyType": {
                                "*-tamed-*": [ "wolf-*", "hyena-*", "bear-*", "direwolf-adult" ],
                                "*": [ "player", "wolf-*", "hyena-*", "bear-*", "direwolf-adult" ]
                            },
                            "priority": 1.8,
                            "movespeed": 0.058,
                            "seekingRange": 24,
                            "animation": "gallop",
                            "animationSpeed": 2.2,
						    "instafleeOnDamageChance": 1
                        },
                        {
                            "code": "getoutofwater",
                            "priority": 1.4,
                            "movespeed": 0.02,
                            "animation": "Swim",
                            "animationSpeed": 1.2
                        },
                        {
                            "code": "followleadholder",
                            "priority": 1.45,
                            "animation": "trot",
                            "animationSpeed": 1.25,
                            "movespeedByType": {
                                "*-percheron": 0.040,
                                "*-arabian": 0.045,
                                "*-donkey": 0.035,
                                "*-shire": 0.038, 
                                "*-quarter": 0.0425
                            }
                        },
                        {
                            "code": "useinventory",
                            "animation": "eat",
                            "animationSpeed": 1,
                            "priority": 1.5,
                            "priorityForCancel": 1.7,
                            "eatItemCategories": [ "Vegetable", "Grain", "Fruit" ],
                            "eatItemCodes": [ "drygrass", "feverstonewilds:carrotbundle", "feverstonewilds:drygrassbundle" ],
                            "eatSound": "horse/horseeating",
                            "soundRange": 3,
                            "soundStartMs": 950,
                            "useTime": 3.2,
                            "mincooldownHours": 1,
                            "maxcooldownHours": 1.5
                        },
                        {
                            "code": "idle",
                            "priority": 1.38,
                            "priorityForCancel": 1.38,
                            "minduration": 5000000,
                            "maxduration": 5000000,
                            "mincooldown": 10000,
                            "maxcooldown": 30000,
                            "animation": "sleeplie",
                            "easeInSpeed": 0.5,
                            "easeOutSpeed": 0.5,
                            "whenNotInEmotionState": "aggressiveondamage",
                            "duringDayTimeFrames": [
                                {
                                    "fromHour": 23,
                                    "toHour": 24
                                },
                                {
                                    "fromHour": 0,
                                    "toHour": 7
                                }
                            ],
                            "stopOnNearbyEntityCodes": [ "player", "wolf-*" ],
                            "stopRange": 8,
                            "stopOnHurt": true
                        },
                        {
                            "code": "seekfoodandeat",
                            "movespeed": 0.004,
                            "priority": 1.35,
                            "eatSound": "game:creature/animal-eat-small",
                            "soundRange": 3,
                            "soundStartMs": 800,
                            "eatTime": 4.5,
                            "animationSpeed": 1.4,
                            "animation": "walk",
                            "eatAnimation": "eat",
                            "mincooldownHours": 1,
                            "maxcooldownHours": 4
                        },
                        {
                            "code": "idle",
                            "priority": 1.2,
                            "priorityForCancel": 1.35,
                            "minduration": 2667,
                            "maxduration": 2667,
                            "mincooldown": 6000,
                            "maxcooldown": 20000,
                            "animation": "Eat",
                            "sound": "horse/horseeating",
                            "soundRange": 3,
                            "soundStartMs": 800,
                            "animationSpeed": 0.9
                        },
                        {
                            "code": "wander",
                            "priority": 1.0,
                            "priorityForCancel": 1.35,
                            "movespeed": 0.006,
                            "animationSpeed": 1.1,
                            "animation": "walk",
                            "preferredLightLevel": 16
                        },
                        {
                            "code": "wander",
                            "priority": 0.55,
                            "priorityForCancel": 1.35,
                            "movespeed": 0.026,
                            "animationSpeed": 1.6,
                            "animation": "Trot",
                            "minduration": 20000,
                            "chance": 0.02
                        },
                        { "code": "lookaround", "priority": 0.5 }
                    ]
                },
                { "code": "selectionboxes",
                    "enabledByType": { "*-tamed-*": true, "*": false } },
                { "code": "ownable" },
                { "code": "rideableaccessories",
                    "enabledByType": { "*-tamed-*": true, "*": false } },
                { "code": "ropetieable" },
                { "code": "pettable", "minGeneration": 1 }
            ],
        "spawnconditionsByType": {
            "horse-wild-male-*": {
                "worldgen": {
                    "TriesPerChunk": { "avg": 0.0010, "var": 0.0005 },
                    "tryOnlySurface": true,
                    "groupSize": { "dist": "verynarrowgaussian", "avg": 1.5, "var": 0.5 },
                    "insideBlockCodes": [ "game:air", "game:tallgrass-*", "game:snowlayer-1" ],
                    "companions": [ "horse-wild-female-{type}", "feverstonewilds:foal-wild-{type}" ]
                },
                "runtime": {
                    "group": "neutral",
                    "tryOnlySurface": true,
                    "chance": 0.00003,
                    "maxQuantity": 3,
				    "maxQuantityByGroup": { "code": "horse-*", "maxQuantity": 3 },
                    "maxLightLevel": 10,
                    "lightLevelType": "onlyBlockLight",
                    "groupSize": { "dist": "verynarrowgaussian", "avg": 1.5, "var": 0.5 },
                    "insideBlockCodes": [ "game:air", "game:tallgrass-*", "game:snowlayer-1" ],
                    "companions": [ "horse-wild-female-{type}", "feverstonewilds:foal-wild-{type}" ]
                },
                "climate": {
                    "minTempByType": {
                        "*-percheron": -10,
                        "*-arabian": 5,
                        "*-donkey": -5,
                        "*-shire": -8,
                        "*-quarter": 2
                    },
                    "maxTempByType": {
                        "*-percheron": 20,
                        "*-arabian": 35,
                        "*-donkey": 24,
                        "*-shire": 26,
                        "*-quarter": 28
                    },
                    "minRainByType": {
                        "*-percheron": 0.25,
                        "*-arabian": 0,
                        "*-donkey": 0.25,
                        "*-shire": 0.25,
                        "*-quarter": 0.25
                    },
                    "minForestOrShrubsByType": {
                        "*-percheron": 0.1,
                        "*-arabian": 0.1,
                        "*-donkey": 0.1,
                        "*-shire": 0.1,
                        "*-quarter": 0.1
                    },
                    "maxForestByType": {
                        "*-percheron": 0.25,
                        "*-arabian": 0.25,
                        "*-donkey": 0.25,
                        "*-shire": 0.25,
                        "*-quarter": 0.25
                    }
                }
            }
        }
    },
    "soundsByType": {
        "*-donkey": {
            "hurt": "feverstonewilds:horse/donkeybray",
            "death": "feverstonewilds:horse/donkeybray",
            "idle": "feverstonewilds:horse/donkeybray"
        },
        "*": {
            "hurt": "feverstonewilds:horse/horsedamage",
            "death": "feverstonewilds:horse/horsedamage",
            "idle": "feverstonewilds:horse/neigh"
        }
    },
    "idleSoundChance": 0.005,
    "hurtSoundChance": 0.01
}