{
	"code": "spider",
	"class": "EntityAgent",
	"canClimb": true,
	"canClimbAnywhere": true,
	"climbTouchDistance": 0.01,
	"rotateModelOnClimb": true,
	"fallDamage": false,
	"hitboxSize": { "x": 0.2, "y": 0.12 },
	"deadHitboxSize": { "x": 0.2, "y": 0.12 },
	"eyeHeight": 0.1,
	"drops": [],
	"attributes": {
		"netCaughtItemCode": "feverstonewilds:creature-spider"
	},
	"client": {
		"renderer": "Shape",
		"shape": { "base": "entity/land/insect/spider" },
		"texture": { "base": "entity/land/spider/spider1" },
		"behaviors": [
			{ "code": "repulseagents" }, 
			{ "code": "controlledphysics", "stepHeight": 1.1251 }, 
			{ "code": "interpolateposition" }, 
			{ "code": "floatupwhenstuck", "onlyWhenDead": true },
			{ "code": "harvestable" },
			{ "code": "despawn", "minPlayerDistance": 8, "belowLightLevel": 8, "minSeconds": 300 }
		],
		"animations": [
			{
				"code": "hurt",
				"animation": "hurt", 
				"animationSpeed": 2.2,
				"weight": 10,
				"blendMode": "addAverage" 
			},
			{
				"code": "die",
				"animation": "death", 
				"animationSpeed": 1.25,
				"weight": 10,
				"blendMode": "average",
				"triggeredBy": { "onControls": ["dead"] }
			},
			{ 
				"code": "idle", 
				"animation": "idle",
				"blendMode": "addAverage",
				"easeOutSpeed": 4,
				"triggeredBy": { "defaultAnim": true }
			},
			{
				"code": "sleep", 
				"animation": "sleep",
				"easeInSpeed": 4,
				"easeOutSpeed": 4,
				"blendMode": "average" 
			}
		]
	},
	"server": {
		"behaviors": [
			{ "code": "repulseagents" }, 
			{ "code": "controlledphysics", "stepHeight": 1.1251 },
			{ "code": "despawn", "minPlayerDistance": 8, "belowLightLevel": 8, "minSeconds": 300 },
			{ "code": "health", "maxhealth": 3 },
			{ "code": "deaddecay", "hoursToDecay": 0 },
			{ "code": "floatupwhenstuck", "onlyWhenDead": true },
			{ "code": "harvestable", "drops": [
				{ "type": "item", "code": "bushmeat-raw", "quantity": { "avg": 0, "var": 0 } }
				]
			},
			{ "code": "breathe" },
			{ "code": "emotionstates",
				"states": [
					{ "code": "aggressiveondamage", "duration": 15, "chance": 0.6, "slot": 0, "priority": 2, "accumType": "noaccum" },
					{ "code": "fleeondamage", "duration": 10, "chance": 1, "slot": 0, "priority": 1, "accumType": "max" }
				]
			},
			{ "code": "taskai",
				"aiCreatureType": "LandCreature",
				"aitasks": [
					{
						"code": "meleeattack",
						"entityCodes": ["player"],
						"priority": 3,
						"damage": 1,
						"damageType": "SlashingAttack",
						"slot": 1,
						"mincooldown": 1500, 
						"maxcooldown": 1500, 
						"attackDurationMs": 800,
						"damagePlayerAtMs": 500,
						"animation": "leap",
						"animationSpeed": 2.5,
						"sound": "",
						"whenInEmotionState": "aggressiveondamage"
					},
					{
						"code": "seekentity",
						"entityCodes": ["player"],
						"priority": 2.5,
						"movespeed": 0.03,
						"seekingRange": 20,
						"animation": "skitter",
						"animationSpeed": 1.5,
						"sound": "",
						"whenInEmotionState": "aggressiveondamage"
					},
					{
						"code": "fleeentity",
						"entityCodes": ["*"],
						"priority": 2,
						"movespeed": 0.01,
						"seekingRange": 14,
						"animation": "skitter",
						"animationSpeed": 2.5
					},
					{
						"code": "getoutofwater",
						"priority": 1.4,
						"movespeed": 0.015,
						"animation": "Walk",
						"animationSpeed": 2.2
					},
					{
						"code": "idle",
						"priority": 1.38,
						"minduration": 200000,
						"maxduration": 800000,
						"mincooldown": 10000,
						"maxcooldown": 30000,
						"priorityForCancel": 1.38,
						"animation": "Sleep",
						"whenNotInEmotionState": "aggressiveondamage",
						"duringDayTimeFrames": [ { "fromHour": 10, "toHour": 18 }, { "fromHour": 1, "toHour": 4 } ],
						"stopOnNearbyEntityCodes": ["player", "wolf-male", "wolf-female"],
						"stopRange": 8,
						"stopOnHurt": true
					},
					{
						"code": "idle",
						"priority": 1.2,
						"priorityForCancel": 1.35,
						"minduration": 2500,
						"maxduration": 2500,
						"mincooldown": 6000,
						"maxcooldown": 20000,
						"animation": "idle",
						"animationSpeed": 1.25
					},
					{
						"code": "wander", 
						"priority": 1.0, 
						"priorityForCancel": 1.35,
						"movespeed": 0.006,
						"animation": "Walk",
						"preferredLightLevel": 20
					},
					{
						"code": "idle",
						"priority": 0.9,
						"minduration": 5000,
						"maxduration": 30000,
						"mincooldown": 2000,
						"maxcooldown": 120000,
						"priorityForCancel": 1.39,
						"animation": "idle",
						"stopOnNearbyEntityCodes": ["player"],
						"stopRange": 3
					},
					{ 
						"code": "lookaround",
						"priority": 0.5 
					}
				]
			}
		],
		"spawnconditions": {
			"worldgen": {
				"TriesPerChunk": { "avg": 0.075, "var": 0 },
				"tryOnlySurface": true,
				"groupSize": { "dist": "verynarrowgaussian", "avg": 3, "var": 1 },
				"insideBlockCodes": ["game:air", "game:tallgrass-*", "game:snowlayer-1"],
				"maxLightLevel": 7,
				"lightLevelType": "onlyBlockLight",	
				"minTemp": -5,
				"maxTemp": 30,
				"minRain": 0.25,
				"minForestOrShrubs": 0.25,
				"maxForest": 0.75,
				"maxShrubs": 0.75,
				"companions": ["spider"]
			},
			"runtime": {
				"group": "neutral",
				"tryOnlySurface": true,
				"chance": 0.0006,
				"maxQuantity": 4,
				"maxLightLevel": 7,
				"lightLevelType": "onlyBlockLight",					
				"groupSize": { "dist": "verynarrowgaussian", "avg": 3, "var": 1 },
				"insideBlockCodes": ["game:air", "game:tallgrass-*", "game:snowlayer-1"],
				"minTemp": -5,
				"maxTemp": 25,
				"minRain": 0.25,
				"minForestOrShrubs": 0.25,
				"maxForest": 0.75,
				"maxShrubs": 0.75,
				"companions": ["spider"]
			}
		}
	},
	"sounds": {
		"hurt": "creature/-/hurt",
		"death": "creature/-/die",
		"idle": "creature/-/yip"
	},
	"idleSoundChance": 0
}
