{
    "code": "tame-direwolf-pup",
    "class": "EntityAgent",
    "hitboxSize": { "x": 0.85, "y": 0.5 },
    "deadHitboxSize": { "x": 0.75, "y": 0.4 },
    "eyeHeight": 0.4,
    "drops": [],
	"attributes": {
		"creatureDiet": {
			"foodTags": [ "meat" ]
		},
		"handbook": {
			"groupcode": "feverstonewilds:creaturegroup-fswdirewolf"
		},
        "tamed": true
	},
    "client": {
        "renderer": "Shape",
        "shape": { "base": "entity/land/mammal/direwolf-pup" },
        "texture": {
            "base": "entity/land/direwolf/direwolf-pup1",
            "alternates": [ { "base": "entity/land/direwolf/direwolf-pup2" } ]
        },
        "size": 0.9,
        "sizeGrowthFactor": 0.2,
        "behaviors": [
            { "code": "mouthinventory",
                "acceptStacks": [
                    { "type": "item", "code": "bone" },
                    { "type": "item", "code": "bushmeat-raw" },
                    { "type": "item", "code": "redmeat-raw" },
                    { "type": "item", "code": "poultry-raw" },
                    { "type": "item", "code": "wolftaming:dogtoy" },
                    { "type": "item", "code": "petai:petcookie-meat-perfect" }
                ]
            },
            { "code": "repulseagents" },
            { "code": "controlledphysics", "stepHeight": 1.1251 },
            { "code": "floatupwhenstuck", "onlyWhenDead": true },
            { "code": "interpolateposition" },
            { "code": "ropetieable", "minGeneration": 2 }
        ],
        "animations": [
            {
                "code": "hurt",
                "animation": "hurt",
                "animationSpeed": 2.2,
                "weight": 10,
                "blendMode": "addAverage"
            },
            {
                "code": "die",
                "animation": "die",
                "animationSpeed": 1.5,
                "weight": 10,
                "blendMode": "average",
                "triggeredBy": { "onControls": [ "dead" ] }
            },
            {
                "code": "dead",
                "animation": "dead",
                "blendMode": "Average",
                "weight": 10,
                "easeInSpeed": 3
            },
            {
                "code": "idle",
                "animation": "idle",
                "blendMode": "addAverage",
                "easeOutSpeed": 4,
                "triggeredBy": { "defaultAnim": true }
            },
            {
                "code": "sleep",
                "animation": "sleep",
                "easeInSpeed": 4,
                "easeOutSpeed": 4,
                "blendMode": "average"
            },
            {
                "code": "sit",
                "animation": "sit",
                "easeInSpeed": 4,
                "easeOutSpeed": 4,
                "blendMode": "average"
            }
        ]
    },
    "server": {
        "behaviors": [
            { "code": "mouthinventory",
                "acceptStacks": [
                    { "type": "item", "code": "bone" },
                    { "type": "item", "code": "bushmeat-raw" },
                    { "type": "item", "code": "redmeat-raw" },
                    { "type": "item", "code": "poultry-raw" },
                    { "type": "item", "code": "wolftaming:dogtoy" },
                    { "type": "item", "code": "petai:petcookie-meat-perfect" }
                ]
            },
            { "code": "repulseagents" },
            { "code": "controlledphysics", "stepHeight": 1.1251 },
            { "code": "health", "maxhealth": 5 },
            { "code": "deaddecay", "hoursToDecay": 96, "decayedBlock": "carcass-small" },
            { "code": "floatupwhenstuck", "onlyWhenDead": true },
            { "code": "breathe" },
            { "code": "emotionstates",
                "states": [
                    {
                        "code": "alarmherdondamage",
                        "chance": 1,
                        "slot": 1,
                        "priority": 1,
                        "accumType": "max"
                    }
                ]
            },
            { "code": "grow", "hoursToGrow": 100, 
                "adultEntityCodes": [ "feverstonewilds:tame-direwolf-male", "feverstonewilds:tame-direwolf-female" ] },
            { "code": "taskai",
                "aiCreatureType": "LandCreature",
                "aitasks": [
                    {
                        "code": "stayclosetoentity",
                        "priority": 1.4,
                        "entityCode": "player",
                        "movespeed": 0.02,
                        "animationSpeed": 4,
                        "maxDistance": 15,
                        "searchRange": 25,
                        "animation": "Run"
                    },
                    {
                        "code": "stayclosetoentity",
                        "priority": 1.5,
                        "entityCode": "feverstonewilds:tame-direwolf-female",
                        "movespeed": 0.02,
                        "animationSpeed": 4,
                        "maxDistance": 15,
                        "searchRange": 25,
                        "animation": "Run"
                    },
                    {
                        "code": "getoutofwater",
                        "priority": 1.45,
                        "movespeed": 0.015,
                        "animation": "Walk",
                        "animationSpeed": 2.2
                    },
                    {
                        "code": "seeknest",
                        "priority": 1.4,
                        "duringDayTimeFrames": [
                            { "fromHour": 10, "toHour": 18 },
                            { "fromHour": 1, "toHour": 3 }
                        ],
                        "movespeed": 0.004,
                        "animationSpeed": 2,
                        "animation": "Walk"
                    },
                    {
                        "code": "idle",
                        "priority": 1.35,
                        "priorityForCancel": 1.35,
                        "minduration": 200000,
                        "maxduration": 800000,
                        "mincooldown": 10000,
                        "maxcooldown": 30000,
                        "animation": "Sleep",
                        "whenNotInEmotionState": "aggressiveondamage",
                        "duringDayTimeFrames": [
                            { "fromHour": 10, "toHour": 18 },
                            { "fromHour": 1, "toHour": 3 }
                        ],
                        "stopOnNearbyEntityCodes": [ "drifter-*" ],
                        "stopRange": 6,
                        "stopOnHurt": true
                    },
                    {
                        "code": "idle",
                        "priority": 1.3,
                        "priorityForCancel": 1.35,
                        "minduration": 2500,
                        "maxduration": 2500,
                        "mincooldown": 10000,
                        "maxcooldown": 50000,
                        "animation": "Sniff",
                        "animationSpeed": 0.8
                    },
                    {
                        "code": "idle",
                        "priority": 1.31,
                        "priorityForCancel": 1.35,
                        "minduration": 1500,
                        "maxduration": 1500,
                        "mincooldown": 50000,
                        "maxcooldown": 300000,
                        "animation": "Howl",
                        "animationSpeed": 0.8,
                        "sound": "game:creature/wolf/pup-howl*"
                    },
                    {
                        "code": "idle",
                        "priority": 1.32,
                        "priorityForCancel": 1.35,
                        "minduration": 2830,
                        "maxduration": 2830,
                        "mincooldown": 80000,
                        "maxcooldown": 200000,
                        "animation": "Flop",
                        "sound": "game:creature/wolf/pup-flop"
                    },
                    {
                        "code": "wander",
                        "priority": 1.0,
                        "priorityForCancel": 1.35,
                        "movespeed": 0.004,
                        "animationSpeed": 2,
                        "animation": "Walk",
                        "preferredLightLevel": 18
                    },
                    {
                        "code": "useinventory",
                        "animation": "eat",
                        "animationSpeed": 0.75,
                        "priority": 1.4,
                        "priorityForCancel": 1.7,
                        "eatItemCodes": [
                            "bone",
                            "bushmeat-raw",
                            "redmeat-raw",
                            "poultry-raw",
                            "petai:petcookie-meat-perfect"
                        ],
                        "useTime": 1.5,
                        "mincooldownHours": 1,
                        "maxcooldownHours": 1.5
                    },
                    {
                        "code": "idle",
                        "priority": 0.9,
                        "minduration": 5000,
                        "maxduration": 30000,
                        "mincooldown": 2000,
                        "maxcooldown": 120000,
                        "priorityForCancel": 1.35,
                        "animation": "Sit"
                    },
                    {
                        "code": "lookaround",
                        "priority": 0.5
                    }
                ]
            },
            { "code": "ropetieable", "minGeneration": 2 },
            { "code": "pettable", "minGeneration": 1 }
        ]
    },
    "sounds": {
        "hurt": "game:creature/wolf/pup-hurt",
        "death": "game:creature/wolf/pup-hurt",
        "idle": "game:creature/wolf/pup-bark"
    },
    "idleSoundChance": 0.01
}