{
    "code": "tame-cockatrice-chick",
    "class": "EntityAgent",
    "hitboxSize": { "x": 0.4, "y": 0.4 },
    "deadHitboxSize": { "x": 0.4, "y": 0.4 },
    "eyeHeight": 0.15,
	"weight": 0.1,
    "drops": [],
    "attributes": {
        "killedByInfoText": "feverstonewilds:deadcreature-eaten-cockatrice",
        "creatureDiet": {
            "foodCategories": [ "Grain" ],
            "foodTags": [ "nibbleCrop", "meat" ],
            "skipFoodTags": [ "rice" ]
        },
        "handbook": {
            "groupcode": "feverstonewilds:creaturegroup-fswcockatrice" 
        },
		"netCaughtItemCode": "feverstonewilds:creature-tame-cockatrice-chick",
        "basketCatchable": true,
        "trapChance": 0.35,
        "trapDestroyChance": 0.025,
        "tamed": true
    },
    "client": {
        "renderer": "Shape",
        "shape": { "base": "entity/land/bird/cockatrice-chick" },
		"texture": { "base": "entity/land/cockatrice/cockatriceskin1",
			"alternates": [ { "base": "entity/land/cockatrice/cockatriceskin2" }, { "base": "entity/land/cockatrice/cockatriceskin3" }, 
							{ "base": "entity/land/cockatrice/cockatriceskin4" }, { "base": "entity/land/cockatrice/cockatriceskin5" }, 
							{ "base": "entity/land/cockatrice/cockatriceskin6" }, { "base": "entity/land/cockatrice/cockatriceskin7" },
							{ "base": "entity/land/cockatrice/cockatriceskin8" }, { "base": "entity/land/cockatrice/cockatriceskin9" }
							] },
        "size": 0.9,
        "sizeGrowthFactor": 0.2,
        "behaviors": [
            { "code": "mouthinventory",
                "acceptStacks": [
                    { "type": "item", "code": "bone" },
                    { "type": "item", "code": "bushmeat-raw" },
                    { "type": "item", "code": "redmeat-raw" },
                    { "type": "item", "code": "poultry-raw" },
					{ "type": "item", "code": "grain-flax" },
					{ "type": "item", "code": "grain-spelt" },
					{ "type": "item", "code": "grain-rye" },
					{ "type": "item", "code": "grain-sunflower" },
                    { "type": "item", "code": "wolftaming:dogtoy" },
                    { "type": "item", "code": "petai:petcookie-meat-perfect" }
                ]
            },
            { "code": "repulseagents" },
            { "code": "controlledphysics", "stepHeight": 1.1251 },
            { "code": "floatupwhenstuck", "onlyWhenDead": true },
            { "code": "interpolateposition" },
            { "code": "ropetieable" },
            { "code": "harvestable", "drops": [] }
        ],
        "animations": [
            {
                "code": "hurt",
                "animation": "hurt",
                "animationSpeed": 2.2,
                "weight": 10,
                "blendMode": "addAverage"
            },
            {
                "code": "die",
                "animation": "die",
                "animationSpeed": 1.5,
                "weight": 10,
                "blendMode": "average",
                "triggeredBy": { "onControls": [ "dead" ] }
            },
            {
                "code": "dead",
                "animation": "dead",
                "blendMode": "Average",
                "weight": 10,
                "easeInSpeed": 3
            },
            {
                "code": "idle",
                "animation": "idle",
                "blendMode": "addAverage",
                "easeOutSpeed": 4,
                "triggeredBy": { "defaultAnim": true }
            },
            {
                "code": "sleep",
                "animation": "sleep",
                "easeInSpeed": 4,
                "easeOutSpeed": 4,
                "blendMode": "average"
            },
            {
                "code": "sit",
                "animation": "sit",
                "easeInSpeed": 4,
                "easeOutSpeed": 4,
                "blendMode": "average"
            }
        ]
    },
    "server": {
        "behaviors": [
            { "code": "mouthinventory",
                "acceptStacks": [
                    { "type": "item", "code": "bone" },
                    { "type": "item", "code": "bushmeat-raw" },
                    { "type": "item", "code": "redmeat-raw" },
                    { "type": "item", "code": "poultry-raw" },
					{ "type": "item", "code": "grain-flax" },
					{ "type": "item", "code": "grain-spelt" },
					{ "type": "item", "code": "grain-rye" },
					{ "type": "item", "code": "grain-sunflower" },
                    { "type": "item", "code": "petai:petcookie-meat-perfect" }
                ]
            },
            { "code": "repulseagents" },
            { "code": "controlledphysics", "stepHeight": 1.1251 },
            { "code": "health", "maxhealth": 5 },
            { "code": "deaddecay", "hoursToDecay": 96, "decayedBlock": "carcass-small" },
            { "code": "floatupwhenstuck", "onlyWhenDead": true },
            { "code": "breathe" },
            { "code": "emotionstates",
                "states": [
                    {
                        "code": "alarmherdondamage",
                        "chance": 1,
                        "slot": 1,
                        "priority": 1,
                        "accumType": "max"
                    }
                ]
            },
            { "code": "grow", "hoursToGrow": 100, 
                "adultEntityCodes": [ "feverstonewilds:tame-cockatrice-male", "feverstonewilds:tame-cockatrice-female"] },
            { "code": "taskai",
                "aiCreatureType": "LandCreature",
                "aitasks": [
                    {
                        "code": "stayclosetoentity",
                        "priority": 1.4,
                        "entityCode": "player",
                        "movespeed": 0.02,
                        "animationSpeed": 4,
                        "maxDistance": 15,
                        "searchRange": 25,
                        "animation": "Run"
                    },
                    {
                        "code": "stayclosetoentity",
                        "priority": 1.5,
                        "entityCode": "feverstonewilds:tame-cockatrice-female",
                        "movespeed": 0.02,
                        "animationSpeed": 4,
                        "maxDistance": 15,
                        "searchRange": 25,
                        "animation": "Run"
                    },
                    {
                        "code": "getoutofwater",
                        "priority": 1.45,
                        "movespeed": 0.015,
                        "animation": "Walk",
                        "animationSpeed": 2.2
                    },
                    {
                        "code": "idle",
                        "priority": 1.35,
                        "priorityForCancel": 1.35,
                        "minduration": 200000,
                        "maxduration": 800000,
                        "mincooldown": 10000,
                        "maxcooldown": 30000,
                        "animation": "Sleep",
                        "whenNotInEmotionState": "aggressiveondamage",
                        "duringDayTimeFrames": [
                            { "fromHour": 10, "toHour": 18 },
                            { "fromHour": 1, "toHour": 3 }
                        ],
                        "stopOnNearbyEntityCodes": [ "drifter-*" ],
                        "stopRange": 6,
                        "stopOnHurt": true
                    },
                    {
                        "code": "seekfoodandeat",
                        "movespeed": 0.004,
                        "priority": 1.35,
                        "eatSound": "game:creature/animal-eat-small",
                        "soundRange": 3,
                        "soundStartMs": 800,
                        "eatTime": 1.5,
                        "animationSpeed": 1.4,
                        "animation": "walk",
                        "eatAnimation": "eat",
                        "mincooldownHours": 1,
                        "maxcooldownHours": 4
                    },
                    {
                        "code": "wander",
                        "priority": 1.0,
                        "priorityForCancel": 1.35,
                        "movespeed": 0.004,
                        "animationSpeed": 2,
                        "animation": "Walk",
                        "preferredLightLevel": 18
                    },
                    {
                        "code": "useinventory",
                        "animation": "eat",
                        "animationSpeed": 0.75,
                        "priority": 1.4,
                        "priorityForCancel": 1.7,
                        "eatItemCategories": [ "Grain" ],
                        "eatItemCodes": [
                            "bone", "bushmeat-raw", "redmeat-raw",
                            "poultry-raw", "petai:petcookie-meat-perfect"
                        ],
                        "useTime": 1.5,
                        "mincooldownHours": 1,
                        "maxcooldownHours": 1.5
                    },
                    {
                        "code": "idle",
                        "priority": 0.9,
                        "minduration": 5000,
                        "maxduration": 30000,
                        "mincooldown": 2000,
                        "maxcooldown": 120000,
                        "priorityForCancel": 1.35,
                        "animation": "Sit"
                    },
                    {
                        "code": "lookaround",
                        "priority": 0.5
                    }
                ]
            },
            { "code": "ropetieable", "minGeneration": 0 },
            { "code": "pettable", "minGeneration": 1 }
        ]
    },
  "sounds": {
    "hurt": "game:creature/chicken/chick*",
    "death": "game:creature/chicken/chick*",
    "idle": "game:creature/chicken/chick*"
  },
    "idleSoundChance": 0.01
}