{
	"code": "tame-ostrich",
	"class": "EntityAgent",
	"variantgroups": [
        { "code": "gender", "states": ["male", "female"] }
	],
	"hitboxSize": { "x": 1.25, "y": 2.2 },
	"deadHitboxSize": { "x": 2.25, "y": 1.25 },
	"eyeHeight": 2,
	"drops": [],
	"attributes": {
        "killedByInfoText": "feverstonewilds:deadcreature-ostrich",
		"handbook": {
			"groupcode": "feverstonewilds:creaturegroup-fswostrich"
		},
		"creatureDiet": {
			"foodCategories": [ "Grain" ],
			"foodTags": [ "cabbage", "carrot", "parsnip", "blueberry", "cranberry", "cherry", "whitecurrant", "redcurrant", "blackcurrant", "lychee" ],
			"skipFoodTags": [ "rice" ]
		},
        "eggTypes": [ { "type": "item", "code": "feverstonewilds:egg-ostrich-raw" } ]
    },
	"behaviorConfigs": {
        "controlledphysics": { 
            "stepHeight": 1.1251,
            "stepUpSpeed": 0.1
        },
        "floatupwhenstuck": { "onlyWhenDead": true },
        "rideableaccessories": {
            "wearableSlots": [
                { "code": "head", "forCategoryCodes": ["bridle-ostrich"], "attachmentPointCode": "HeadAP" },
				{ "code": "fswostrich-neck", "forCategoryCodes": ["lantern", "sidebags-ostrich"], "attachmentPointCode": "NeckAP" },
                { "code": "middlebackupper", "forCategoryCodes": ["saddle-ostrich"], "attachmentPointCode": "MidUpperAP" },
                { "code": "lowerback", "forCategoryCodes": ["bedroll"], "attachmentPointCode": "RearUpperAP" }
            ]
        },
        "selectionboxes": {
            "selectionBoxes": [ "HeadAP", "NeckAP", "MidUpperAP", "RearUpperAP" ]
        },
        "gait": {
			"idleGait": "idle",
			"gaits": [
				{
					"code": "walkback",
					"movespeed": 0.011,
					"backwards": true,
					"yawMultiplier": 1
				},
				{
					"code": "idle",
					"yawMultiplier": 1
				},
				{
					"code": "walk",
					"movespeed": 0.019,
					"yawMultiplier": 1.2
				},
				{
					"code": "sprint",
					"movespeed": 0.1467,
					"yawMultiplier": 1,
					"isSprint": true,
					"fallbackGaitCode": "walk"
				},
				{
					"code": "swim",
					"movespeed": 0.02,
					"yawMultiplier": 1,
					"fallbackGaitCode": "idle"
				},
				{
					"code": "swimback",
					"movespeed": 0.02,
					"backwards": true,
					"yawMultiplier": 1,
					"fallbackGaitCode": "idle"
				},
				{
					"code": "jump",
					"movespeed": 0.1067,
					"yawMultiplier": 1,
					"fallbackGaitCode": "walk"
				}
			]
		},
        "rideable": {
            "interactMountAnySeat": false,
            "seats": [
                { "apName": "Rider", "selectionBox": "MidUpperAP", "bodyYawLimit": 0.2, "controllable": true,
                    "mountOffsetByType": {
                        "*-female":{ "x": -0.35, "y": -0.32, "z": -0.3 },
                        "*-male": { "x": -0.35, "y": -0.3, "z": -0.3 }
                    }
                }
            ],
            "rideableGaitOrder": ["walkback", "idle", "walk", "sprint"],
            "controls": {
                "walkback": {
                    "animation": "walkback",
                    "animationSpeed": 1.2,
                    "weight": 10,
                    "movespeed": 0.015,
                    "easeInSpeed": 1,
                    "easeOutSpeed": 3,
                    "blendMode": "Average",
                    "riderAnim": {
                        "animation": "rideelk-walk",
                        "animationSpeed": 1,
                        "weight": 1,
                        "withFpVariant": true,
                        "blendMode": "Average", 
                        "elementWeight": {
                            "LowerTorso": 80,
                            "UpperTorso": 80,
                            "UpperFootR": 80,
                            "UpperFootL": 80,
                            "LowerFootR": 80,
                            "LowerFootL": 80
                        },
                        "elementBlendMode": {
                            "LowerTorso": "Average",
                            "UpperTorso": "Average",
                            "UpperFootR": "Average",
                            "UpperFootL": "Average",
                            "LowerFootR": "Average",
                            "LowerFootL": "Average"
                        }
                    }
                },
                "idle": {
                    "animation": "Idle",
                    "weight": 1,
                    "riderAnim": {
                        "animation": "rideelk-idle",
                        "animationSpeed": 1,
                        "weight": 1,
                        "withFpVariant": true,
                        "blendMode": "Average", 
                        "elementWeight": {
                            "LowerTorso": 80,
                            "UpperTorso": 80,
                            "UpperFootR": 80,
                            "UpperFootL": 80,
                            "LowerFootR": 80,
                            "LowerFootL": 80
                        },
                        "elementBlendMode": {
                            "LowerTorso": "Average",
                            "UpperTorso": "Average",
                            "UpperFootR": "Average",
                            "UpperFootL": "Average",
                            "LowerFootR": "Average",
                            "LowerFootL": "Average"
                        }
                    }
                },
                "walk": {
                    "animation": "Walk",
                    "animationSpeed": 1.35,
                    "weight": 10,
                    "movespeed": 0.021,
                    "blendMode": "Average",
                    "riderAnim": {
                        "animation": "rideelk-walk",
                        "animationSpeed": 1,
                        "weight": 1,	
                        "withFpVariant": true,
                        "blendMode": "Average", 
                        "elementWeight": {
                            "LowerTorso": 80,
                            "UpperTorso": 80,
                            "UpperFootR": 80,
                            "UpperFootL": 80,
                            "LowerFootR": 80,
                            "LowerFootL": 80
                        },
                        "elementBlendMode": {
                            "LowerTorso": "Average",
                            "UpperTorso": "Average",
                            "UpperFootR": "Average",
                            "UpperFootL": "Average",
                            "LowerFootR": "Average",
                            "LowerFootL": "Average"
                        }
                    }
                },
                "sprint": {
                    "animation": "Run",
                    "weight": 10,
                    "animationSpeed": 2,
                    "movespeed": 0.14,
                    "blendMode": "Average",
                    "riderAnim": {
                        "animation": "rideelk-run",
                        "animationSpeed": 1.4,
                        "weight": 1,
                        "withFpVariant": true,
                        "blendMode": "Average", 
                        "elementWeight": {
                            "LowerTorso": 80,
                            "UpperTorso": 80,
                            "UpperFootR": 80,
                            "UpperFootL": 80,
                            "LowerFootR": 80,
                            "LowerFootL": 80
                        },
                        "elementBlendMode": {
                            "LowerTorso": "Average",
                            "UpperTorso": "Average",
                            "UpperFootR": "Average",
                            "UpperFootL": "Average",
                            "LowerFootR": "Average",
                            "LowerFootL": "Average"
                        }
                    }
                },
                "jump": {
                    "animation": "jump",
                    "weight": 50,
                    "easeOutSpeed": 5,
                    "blendMode": "Average",
                    "animationSpeed": 1.75,
                    "movespeed": 0.08,
                    "riderAnim": {
                        "animation": "rideelk-jump",
                        "animationSpeed": 1,
                        "weight": 10,
                        "withFpVariant": true,
                        "blendMode": "Average", 
                        "elementWeight": {
                            "LowerTorso": 160,
                            "UpperTorso": 160,
                            "UpperFootR": 160,
                            "UpperFootL": 160,
                            "LowerFootR": 160,
                            "LowerFootL": 160
                        },
                        "elementBlendMode": {
                            "LowerTorso": "Average",
                            "UpperTorso": "Average",
                            "UpperFootR": "Average",
                            "UpperFootL": "Average",
                            "LowerFootR": "Average",
                            "LowerFootL": "Average"
                        }
                    }
                },
                "swim": {
                    "animation": "run",
                    "animationSpeed": 1.5,
                    "movespeed": 0.02,
                    "weight": 10,
                    "blendMode": "Average",
                    "riderAnim": {
                        "animation": "rideelk-walk",
                        "animationSpeed": 1,
                        "weight": 1,	
                        "withFpVariant": true,
                        "blendMode": "Average", 
                        "elementWeight": {
                            "LowerTorso": 80,
                            "UpperTorso": 80,
                            "UpperFootR": 80,
                            "UpperFootL": 80,
                            "LowerFootR": 80,
                            "LowerFootL": 80
                        },
                        "elementBlendMode": {
                            "LowerTorso": "Average",
                            "UpperTorso": "Average",
                            "UpperFootR": "Average",
                            "UpperFootL": "Average",
                            "LowerFootR": "Average",
                            "LowerFootL": "Average"
                        }
                    }
                },
				"swimback": {
					"animation": "walkback",
                    "movespeed": 0.01,
					"animationSpeed": 1,
					"weight": 10,
					"blendMode": "Average",
					"riderAnim": {
						"animation": "rideelk-walk",
						"animationSpeed": 1,
						"weight": 1,	
						"withFpVariant": true,
						"blendMode": "Average", 
						"elementWeight": {
							"LowerTorso": 80,
							"UpperTorso": 80,
							"UpperFootR": 80,
							"UpperFootL": 80,
							"LowerFootR": 80,
							"LowerFootL": 80
						},
						"elementBlendMode": {
							"LowerTorso": "Average",
							"UpperTorso": "Average",
							"UpperFootR": "Average",
							"UpperFootL": "Average",
							"LowerFootR": "Average",
							"LowerFootL": "Average"
						}
					}
				}
            }
        },
        "ownable": {
            "groupCode": "mountableanimal"
        }
    },
	"client": {
		"renderer": "Shape",
		"shape": { "base": "entity/land/bird/ostrich" },
		"texture": { "base": "entity/land/ostrich/ostrichskin1", 
			"alternates":  [{ "base": "entity/land/ostrich/ostrichskin2" }, { "base": "entity/land/ostrich/ostrichskin3" }, 
							{ "base": "entity/land/ostrich/ostrichskin4" }, { "base": "entity/land/ostrich/ostrichskin5" }, 
							{ "base": "entity/land/ostrich/ostrichskin6" }, { "base": "entity/land/ostrich/ostrichskin7" },
							{ "base": "entity/land/ostrich/ostrichskin8" }, { "base": "entity/land/ostrich/ostrichskin9" },
							{ "base": "entity/land/ostrich/ostrichskin10" } ] },
		"behaviors": [
			{ "code": "repulseagents" }, 
			{ "code": "controlledphysics", "stepHeight": 1.1251 }, 
			{ "code": "floatupwhenstuck", "onlyWhenDead": true },
			{ "code": "interpolateposition" },
            { "code": "gait" },
            { "code": "rideable" },
            { "code": "ownable" },
            { "code": "selectionboxes" },
            { "code": "rideableaccessories" },
			{ "code": "harvestable" },
			{ "code": "multiplybase",
				"enabledByType": { "*-male": false, "*-female": true } },
			{ "code": "ropetieable", "minGeneration": 2 },
            { "code": "mouthinventory",
                "acceptStacks": [
                    { "type": "item", "code": "vegetable-carrot" },
                    { "type": "item", "code": "vegetable-cabbage" },
                    { "type": "item", "code": "vegetable-turnip" },
                    { "type": "item", "code": "feverstonewilds:carrotbundle" },
                    { "type": "item", "code": "fruit-pinkapple" },
                    { "type": "item", "code": "fruit-redapple" },
                    { "type": "item", "code": "fruit-yellowapple" },
                    { "type": "item", "code": "grain-flax" },
                    { "type": "item", "code": "grain-rye" },
                    { "type": "item", "code": "grain-spelt" }
                ]
            }
		],
		"animations": [
			{
				"code": "hurt",
				"animation": "hurt", 
				"animationSpeed": 2.2,
				"weight": 10,
				"blendMode": "addAverage" 
			},
			{
				"code": "die",
				"animation": "die", 
				"animationSpeed": 2,
				"weight": 10,
				"blendMode": "average",
				"triggeredBy": { "onControls": ["dead"] }
			},
            {
                "code": "dead",
                "animation": "dead",
                "blendMode": "Average",
                "weight": 10,
                "easeInSpeed": 3
            },
			{ 
				"code": "idle", 
				"animation": "idle",
				"blendMode": "addAverage",
				"easeOutSpeed": 4,
				"triggeredBy": { "defaultAnim": true }
			},
			{
				"code": "sleep", 
				"animation": "sleep",
				"easeInSpeed": 4,
				"easeOutSpeed": 4,
				"blendMode": "average"
			},
			{
				"code": "sit", 
				"animation": "sit",
				"easeInSpeed": 4,
				"easeOutSpeed": 4,
				"blendMode": "average"
			},
			{
				"code": "eat",
				"animation": "eat", 
				"animationSpeed": 1,
				"weight": 4,
				"easeOutSpeed": 8,
				"easeInSpeed": 5,
				"blendMode": "addAverage" 
			},
            {
                "code": "walk",
                "animation": "walk",
                "blendMode": "average",
                "mulWithWalkSpeed": true,
                "animationSpeed": 1.0
            },
            {
                "code": "run",
                "animation": "run",
                "blendMode": "average",
                "mulWithWalkSpeed": true,
                "animationSpeed": 1.1
            }
		]
	},
	"server": {
		"attributes": {
            "pathfinder": {
                "minTurnAnglePerSec": 125,
                "maxTurnAnglePerSec": 210
            }
		},
		"behaviors": [
			{ "code": "multiplybase",
				"enabledByType": { "*-female": true, "*-male": false },
				"multiplyCooldownDaysMin": 0,
				"multiplyCooldownDaysMax": 1,
				"portionsEatenForMultiply": 9
			},
            { "code": "nametag", "showtagonlywhentargeted": true },
			{ "code": "repulseagents" }, 
			{ "code": "controlledphysics" },
            { "code": "gait" },
            { "code": "rideable" },
            { "code": "ownable" },
            { "code": "selectionboxes" },
            { "code": "rideableaccessories" },
			{ "code": "health", "currenthealth": 18, "maxhealth": 18 },
			{ "code": "deaddecay", "hoursToDecay": 96, "decayedBlock": "carcass-medium" },
			{ "code": "floatupwhenstuck" },
			{ "code": "harvestable", "drops": [
				{
					"type": "item", 
					"code": "poultry-raw", 
					"quantity": { "avg": 9, "var": 1.5 } 
				},
				{
					"type": "item", 
					"code": "feather", 
					"quantity": { "avg": 9, "var": 1.5 } 
				},
				{
					"type": "item", 
					"code": "fat", 
					"quantity": { "avg": 2, "var": 0 } 
				}
			]
			},
			{ "code": "breathe" },
			{ 
				"code": "emotionstates",
				"states": [
					{ "code": "fleeondamage", "duration": 60, "chance": 0.8, "slot": 0, "priority": 5, "accumType": "max", "whenHealthRelBelow": 0.4 },
					{ "code": "aggressiveondamage", "duration": 20, "chance": 0.9, "slot": 0, "priority": 2, "accumType": "noaccum" },
					{ "code": "fleeondamage", "duration": 10, "chance": 1, "slot": 0, "priority": 1, "accumType": "max" },
					{ "code": "alarmherdondamage", "chance": 1, "slot": 1, "priority": 1, "accumType": "max" }
				]
			},
            { "code": "mouthinventory",
                "acceptStacks": [
                    { "type": "item", "code": "vegetable-carrot" },
                    { "type": "item", "code": "vegetable-cabbage" },
                    { "type": "item", "code": "vegetable-turnip" },
                    { "type": "item", "code": "feverstonewilds:carrotbundle" },
                    { "type": "item", "code": "fruit-pinkapple" },
                    { "type": "item", "code": "fruit-redapple" },
                    { "type": "item", "code": "fruit-yellowapple" },
                    { "type": "item", "code": "grain-flax" },
                    { "type": "item", "code": "grain-rye" },
                    { "type": "item", "code": "grain-spelt" }
                ]
            },
			{ 
				"code": "taskai",
				"aiCreatureType": "LandCreature",
				"aitasks": [
                    {
                        "code": "useinventory",
                        "animation": "eat",
                        "animationSpeed": 1,
                        "priority": 1.5,
                        "priorityForCancel": 1.7,
                        "eatItemCategories": [ "Vegetable", "Grain", "Fruit" ],
                        "eatItemCodes": [ "feverstonewilds:carrotbundle" ],
                        "eatSound": "game:creature/animal-eat-small",
                        "soundRange": 3,
                        "soundStartMs": 950,
                        "useTime": 3.2,
                        "mincooldownHours": 1,
                        "maxcooldownHours": 1.5
                    },
					{
						"code": "meleeattack",
						"entityCodes": ["player", "fox-*", "wolf-*", "hyena-*"],
						"priority": 2,
						"damage": 8,
						"damageTier": 2,
						"damageType": "SlashingAttack",
						"slot": 1,
						"mincooldown": 1500, 
						"maxcooldown": 1500, 
						"attackDurationMs": 900,
						"damagePlayerAtMs": 300,
						"animation": "Attack",
						"animationSpeed": 2,
						"whenInEmotionState": "aggressiveondamage",
						"sound": "creature/ostrich/attack"
					},
					{
						"code": "fleeentity",
						"entityCodes": ["wolf-*", "hyena-*", "bear-*"],
						"priority": 1.8,
						"movespeed": 0.057,
						"seekingRange": 12,
						"animation": "Run",
						"animationSpeed": 3,
						"sound": "creature/ostrich/hurt",
						"whenInEmotionState": "fleeondamage"
					},
					{
						"code": "seekentity",
						"entityCodes": ["player"],
						"priority": 1.7,
						"mincooldown": 1000, 
						"maxcooldown": 1500, 
						"seekingRange": 20,
						"movespeed": 0.050,
						"animation": "Run",
						"animationSpeed": 3,
						"whenInEmotionState": "aggressiveondamage"
					},
					{
						"code": "seekblockandlay",
						"enabledByType": { "*-female": true, "*-male": false },
						"priority": 1.6,
						"layTime": 4,
						"chickCodes": [ "ostrich-chick" ],
						"nestTypes": [ "ground-large" ],
						"sitDays": 0.9,
						"incubationDays": 6,
						"movespeed": 0.012,
						"animation": "Walk",
						"mincooldownHours": 1,
						"maxcooldownHours": 2,
						"sitAnimation": "Sit",
						"requiresNearbyEntityCode": "feverstonewilds:tame-ostrich-male",
						"requiresNearbyEntityRange": 12,
						"growthCapEntityCodes": ["feverstonewilds:tame-ostrich-chick", "tame-ostrich-female", "tame-ostrich-male"],
						"failBlockCode": "feverstonewilds:egg-ostrich-1",
						"sound": "feverstonewilds:ostrich/ostrichlay",
						"priorityForCancel": 1.65
					},
					{
						"code": "getoutofwater",
						"priority": 1.65,
						"movespeed": 0.015,
						"animation": "Walk",
						"animationSpeed": 2
					},
					{
						"code": "seekfoodandeat",
						"movespeed": 0.004,
						"priority": 1.4,
						"animationSpeed": 1,
						"animation": "Walk",
						"eatAnimation": "Eat",
						"eatSound": "game:creature/animal-eat-small",
						"eatTime": 1.5,
						"mincooldownHours": 1,
						"maxcooldownHours": 4
					},
					{
						"code": "wander", 
						"priority": 1.3, 
						"movespeed": 0.004,
						"animationSpeed": 0.75,
						"animation": "Walk",
						"preferredLightLevel": 20,
						"priorityForCancel": 1.35
					},
					{
						"code": "idle",
						"priority": 1.2,
						"minduration": 3200,
						"maxduration": 3200,
						"mincooldown": 6000,
						"maxcooldown": 20000,
						"animation": "honk",
						"animationSpeed": 0.95,
						"whenNotInEmotionState": "aggressiveondamage"
					},
					{
						"code": "idle",
						"priority": 0.9,
						"minduration": 5000,
						"maxduration": 30000,
						"mincooldown": 2000,
						"maxcooldown": 120000,
						"priorityForCancel": 1.25,
						"animation": "Sit",
						"whenNotInEmotionState": "aggressiveondamage",
						"stopOnNearbyEntityCodes": ["player"],
						"stopRange": 5
					},
					{
						"code": "idle",
						"priority": 0.8,
						"minduration": 5000000,
						"maxduration": 5000000,
						"mincooldown": 10000,
						"maxcooldown": 30000,
						"priorityForCancel": 1.45,
						"animation": "Sleep",
						"whenNotInEmotionState": "aggressiveondamage",
						"duringDayTimeFrames": [ { "fromHour": 21, "toHour": 24 }, { "fromHour": 0, "toHour": 6 } ],
						"stopOnNearbyEntityCodes": ["wolf-*", "bear-*", "direwolf-*"],
						"stopRange": 6,
						"stopOnHurt": true
					},
					{
						"code": "lookaround", 
						"priority": 0.5
					}
				]
			},
			{ "code": "ropetieable", "minGeneration": 2 },
			{ "code": "pettable", "minGeneration": 1 }
		]
		},
		"sounds": {
		"hurt": "creature/ostrich/hurt",
		"death": "creature/ostrich/hurt",
		"idle": "creature/ostrich/idle"
	},
	"idleSoundChance": 0.01
}