{
    "code": "tame-direwolf",
    "class": "EntityAgent",
    "variantgroups": [
        { "code": "gender", "states": [ "male", "female" ] }
    ],
    "collisionBoxSizeByType": {
        "tame-direwolf-male": { "x": 1.4, "y": 1.8, "z": 1.1 },
        "tame-direwolf-female": { "x": 1.3, "y": 1.75, "z": 1.1 }
    },
    "deadCollisionBoxSizeByType": {
        "tame-direwolf-male": { "x": 0.8, "y": 1.3 },
        "tame-direwolf-female": { "x": 0.8, "y": 1.3 }
    },
    "selectionBoxSizeByType": {
        "*-male": { "x": 1.4, "y": 1.8, "z": 1.1 },
        "*-female": { "x": 1.75, "y": 1.35, "z": 1.0 }
    },
    "deadSelectionBoxSizeByType": {
        "*-male": { "x": 0.9, "y": 1.3 },
        "*-female": { "x": 0.9 , "y": 1.3 }
    },
    "knockbackResistanceByType": {
        "*-male": 0.15,
        "*-female": 0.10
    },
    "fallDamage": false,
    "eyeHeight": 1.1,
    "drops": [],
	"attributes": {
        "killedByInfoText": "feverstonewilds:deadcreature-tamedirewolf",
		"creatureDiet": {
			"foodTags": [ "meat" ]
		},
		"handbook": {
			"groupcode": "feverstonewilds:creaturegroup-fswdirewolf"
		},
        "tamed": true,
        "minGenerationToAllowHealing": 0
    },
    "sizeByType": {
        "tame-direwolf-male": 1,
        "tame-direwolf-female": 0.95
    },
    "behaviorConfigs": {
        "controlledphysics": { 
            "stepHeight": 1.1251,
            "stepUpSpeed": 0.1
        },
        "floatupwhenstuck": { "onlyWhenDead": true },
        "rideableaccessories": {
            "wearableSlots": [
                { "code": "head", "forCategoryCodes": ["bridle-direwolf", "helmet-direwolf"], "attachmentPointCode": "HeadAP" },
                { "code": "face", "forCategoryCodes": ["face"], "attachmentPointCode": "FaceAP" },
				{ "code": "fswdirewolf-neck", "forCategoryCodes": ["lantern"], "attachmentPointCode": "NeckAP" },
                { "code": "middlebackupper", "forCategoryCodes": ["saddle-direwolf"], "attachmentPointCode": "MidUpperAP" },
                { "code": "lowerback", "forCategoryCodes": ["bedroll"], "attachmentPointCode": "RearUpperAP" },
                { "code": "lowerbackside", "forCategoryCodes": ["sidebags-direwolf"], "attachmentPointCode": "RearSideAP" },
                {
                    "code": "frontrightside",
                    "forCategoryCodes": ["utilities", "pot", "weaponfalx", "weapon1m", "bowshort", "bowlong" ],
                    "attachmentPointCode": "RFrontAP"
                },
                {
                    "code": "frontleftside",
                    "forCategoryCodes": ["utilities", "pot", "weaponfalx", "weapon1m", "bowshort", "bowlong" ],
                    "attachmentPointCode": "LFrontAP"
                }
            ]
        },
        "selectionboxes": {
            "selectionBoxes": ["HeadAP", "FaceAP", "NeckAP", "MidUpperAP", "RearUpperAP", "RearSideAP", "RFrontAP", "LFrontAP"]
        },
        "gait": {
			"idleGait": "idle",
			"gaits": [
				{
					"code": "walkback",
					"movespeed": 0.011,
					"backwards": true,
					"yawMultiplier": 1,
					"sound": "direwolf-walking"
				},
				{
					"code": "idle",
					"yawMultiplier": 1
				},
				{
					"code": "walk",
					"movespeed": 0.019,
					"yawMultiplier": 1.2,
					"sound": "direwolf-walking"
				},
				{
					"code": "trot",
					"movespeed": 0.036,
					"yawMultiplier": 0.90,
					"fallbackGaitCode": "walk"
				},
				{
					"code": "canter",
					"movespeed": 0.075,
					"yawMultiplier": 0.82,
					"fallbackGaitCode": "trot"
				},
				{
					"code": "sprint",
					"movespeed": 0.1067,
					"yawMultiplier": 1,
					"isSprint": true,
					"fallbackGaitCode": "walk"
				},
				{
					"code": "swim",
					"movespeed": 0.02,
					"yawMultiplier": 1,
					"fallbackGaitCode": "idle"
				},
				{
					"code": "swimback",
					"movespeed": 0.02,
					"backwards": true,
					"yawMultiplier": 1,
					"fallbackGaitCode": "idle"
				},
				{
					"code": "jump",
					"movespeed": 0.1067,
					"yawMultiplier": 1,
					"fallbackGaitCode": "walk"
				}
			]
		},
        "rideable": {
            "interactMountAnySeat": false,
            "seats": [
                { "apName": "Rider", "selectionBox": "MidUpperAP", "bodyYawLimit": 0.2, "controllable": true,
                    "mountOffsetByType": {
                        "*-female":{ "x": -0.05, "y": -0.52, "z": 0 },
                        "*-male": { "x": -0.05, "y": -0.5, "z": 0 }
                    }
                }
            ],
            "rideableGaitOrder": ["walkback", "idle", "walk", "sprint"],
            "controls": {
                "walkback": {
                    "animation": "walkback",
                    "animationSpeed": 1.2,
                    "weight": 10,
                    "movespeed": 0.013,
                    "easeInSpeed": 1,
                    "easeOutSpeed": 3,
                    "blendMode": "Average",
                    "riderAnim": {
                        "animation": "rideelk-walk",
                        "animationSpeed": 1,
                        "weight": 1,
                        "withFpVariant": true,
                        "blendMode": "Average", 
                        "elementWeight": {
                            "LowerTorso": 80,
                            "UpperTorso": 80,
                            "UpperFootR": 80,
                            "UpperFootL": 80,
                            "LowerFootR": 80,
                            "LowerFootL": 80
                        },
                        "elementBlendMode": {
                            "LowerTorso": "Average",
                            "UpperTorso": "Average",
                            "UpperFootR": "Average",
                            "UpperFootL": "Average",
                            "LowerFootR": "Average",
                            "LowerFootL": "Average"
                        }
                    }
                },
                "idle": {
                    "animation": "Idle",
                    "weight": 1,
                    "riderAnim": {
                        "animation": "rideelk-idle",
                        "animationSpeed": 1,
                        "weight": 1,
                        "withFpVariant": true,
                        "blendMode": "Average", 
                        "elementWeight": {
                            "LowerTorso": 80,
                            "UpperTorso": 80,
                            "UpperFootR": 80,
                            "UpperFootL": 80,
                            "LowerFootR": 80,
                            "LowerFootL": 80
                        },
                        "elementBlendMode": {
                            "LowerTorso": "Average",
                            "UpperTorso": "Average",
                            "UpperFootR": "Average",
                            "UpperFootL": "Average",
                            "LowerFootR": "Average",
                            "LowerFootL": "Average"
                        }
                    }
                },
                "walk": {
                    "animation": "Walk",
                    "animationSpeed": 1.35,
                    "weight": 10,
                    "movespeed": 0.018,
                    "blendMode": "Average",
                    "riderAnim": {
                        "animation": "rideelk-walk",
                        "animationSpeed": 1,
                        "weight": 1,	
                        "withFpVariant": true,
                        "blendMode": "Average", 
                        "elementWeight": {
                            "LowerTorso": 80,
                            "UpperTorso": 80,
                            "UpperFootR": 80,
                            "UpperFootL": 80,
                            "LowerFootR": 80,
                            "LowerFootL": 80
                        },
                        "elementBlendMode": {
                            "LowerTorso": "Average",
                            "UpperTorso": "Average",
                            "UpperFootR": "Average",
                            "UpperFootL": "Average",
                            "LowerFootR": "Average",
                            "LowerFootL": "Average"
                        }
                    }
                },
                "sprint": {
                    "animation": "Run",
                    "weight": 10,
                    "animationSpeed": 2,
                    "movespeed": 0.11,
                    "blendMode": "Average",
                    "riderAnim": {
                        "animation": "rideelk-run",
                        "animationSpeed": 1.8,
                        "weight": 1,
                        "withFpVariant": true,
                        "blendMode": "Average", 
                        "elementWeight": {
                            "LowerTorso": 80,
                            "UpperTorso": 80,
                            "UpperFootR": 80,
                            "UpperFootL": 80,
                            "LowerFootR": 80,
                            "LowerFootL": 80
                        },
                        "elementBlendMode": {
                            "LowerTorso": "Average",
                            "UpperTorso": "Average",
                            "UpperFootR": "Average",
                            "UpperFootL": "Average",
                            "LowerFootR": "Average",
                            "LowerFootL": "Average"
                        }
                    }
                },
                "jump": {
                    "animation": "jump",
                    "weight": 50,
                    "easeOutSpeed": 5,
                    "blendMode": "Average",
                    "animationSpeed": 1.75,
                    "movespeed": 0.08,
                    "riderAnim": {
                        "animation": "rideelk-jump",
                        "animationSpeed": 1,
                        "weight": 10,
                        "withFpVariant": true,
                        "blendMode": "Average", 
                        "elementWeight": {
                            "LowerTorso": 160,
                            "UpperTorso": 160,
                            "UpperFootR": 160,
                            "UpperFootL": 160,
                            "LowerFootR": 160,
                            "LowerFootL": 160
                        },
                        "elementBlendMode": {
                            "LowerTorso": "Average",
                            "UpperTorso": "Average",
                            "UpperFootR": "Average",
                            "UpperFootL": "Average",
                            "LowerFootR": "Average",
                            "LowerFootL": "Average"
                        }
                    }
                },
                "swim": {
                    "animation": "Swim",
                    "animationSpeed": 1,
                    "movespeed": 0.02,
                    "weight": 10,
                    "blendMode": "Average",
                    "riderAnim": {
                        "animation": "rideelk-walk",
                        "animationSpeed": 1,
                        "weight": 1,	
                        "withFpVariant": true,
                        "blendMode": "Average", 
                        "elementWeight": {
                            "LowerTorso": 80,
                            "UpperTorso": 80,
                            "UpperFootR": 80,
                            "UpperFootL": 80,
                            "LowerFootR": 80,
                            "LowerFootL": 80
                        },
                        "elementBlendMode": {
                            "LowerTorso": "Average",
                            "UpperTorso": "Average",
                            "UpperFootR": "Average",
                            "UpperFootL": "Average",
                            "LowerFootR": "Average",
                            "LowerFootL": "Average"
                        }
                    }
                },
				"swimback": {
					"animation": "walkback",
                    "movespeed": 0.01,
					"animationSpeed": 1,
					"weight": 10,
					"blendMode": "Average",
					"riderAnim": {
						"animation": "rideelk-walk",
						"animationSpeed": 1,
						"weight": 1,	
						"withFpVariant": true,
						"blendMode": "Average", 
						"elementWeight": {
							"LowerTorso": 80,
							"UpperTorso": 80,
							"UpperFootR": 80,
							"UpperFootL": 80,
							"LowerFootR": 80,
							"LowerFootL": 80
						},
						"elementBlendMode": {
							"LowerTorso": "Average",
							"UpperTorso": "Average",
							"UpperFootR": "Average",
							"UpperFootL": "Average",
							"LowerFootR": "Average",
							"LowerFootL": "Average"
						}
					}
				}
            }
        },
        "ownable": {
            "groupCode": "mountableanimal"
        }
    },
    "client": {
        "renderer": "Shape",
        "shape": { "base": "entity/land/mammal/direwolf-adult" },
        "texture": {
            "base": "entity/land/direwolf/direwolf1",
            "alternates": [ { "base": "entity/land/direwolf/direwolf2" }, { "base": "entity/land/direwolf/direwolf3" }, 
                                    { "base": "entity/land/direwolf/direwolf4" }, { "base": "entity/land/direwolf/direwolf5" }, 
                                    { "base": "entity/land/direwolf/direwolf6" }, { "base": "entity/land/direwolf/direwolf7" },
                                    { "base": "entity/land/direwolf/direwolf8" }, { "base": "entity/land/direwolf/direwolf9" }, 
                                    { "base": "entity/land/direwolf/direwolf10" }, { "base": "entity/land/direwolf/direwolf11" }, 
                                    { "base": "entity/land/direwolf/direwolf12" }, { "base": "entity/land/direwolf/direwolf13" }, 
                                    { "base": "entity/land/direwolf/direwolf14" } ]
        },
        "sizeByType": {
            "tame-direwolf-male": 1,
            "tame-direwolf-female": 0.95
        },
        "behaviors": [
            { "code": "multiply", "enabledByType": { "*-male": false, "*-female": true } },
            { "code": "mouthinventory",
                "acceptStacks": [
                    { "type": "item", "code": "bone" },
                    { "type": "item", "code": "bushmeat-raw" },
                    { "type": "item", "code": "redmeat-raw" },
                    { "type": "item", "code": "poultry-raw" },
                    { "type": "item", "code": "wolftaming:dogtoy" },
                    { "type": "item", "code": "petai:petcookie-meat-perfect" }
                ]
            },
            { "code": "repulseagents" },
            { "code": "controlledphysics" },
            { "code": "health" },
            { "code": "floatupwhenstuck" },
            { "code": "interpolateposition" },
            { "code": "gait" },
            { "code": "rideable" },
            { "code": "ownable" },
            { "code": "selectionboxes" },
            { "code": "rideableaccessories" },
            { "code": "mortallywoundable" },
            { "code": "harvestable" },
            { "code": "ropetieable", "minGeneration": 1 }
        ],
        "animations": [
            {
                "code": "hurt",
                "animation": "hurt",
                "animationSpeed": 2.2,
                "weight": 10,
                "blendMode": "addAverage"
            },
            {
                "code": "die",
                "animation": "die",
                "animationSpeed": 1.25,
                "weight": 10,
                "blendMode": "average",
                "triggeredBy": { "onControls": [ "dead" ] }
            },
            {
                "code": "dead",
                "animation": "dead",
                "blendMode": "Average",
                "weight": 10,
                "easeInSpeed": 3
            },
            {
                "code": "idle",
                "animation": "idle",
                "blendMode": "addAverage",
                "easeOutSpeed": 4,
                "triggeredBy": { "defaultAnim": true }
            },
            {
                "code": "sleep",
                "animation": "sleep",
                "easeInSpeed": 4,
                "easeOutSpeed": 4,
                "blendMode": "average"
            },
            {
                "code": "sit",
                "animation": "sit",
                "easeInSpeed": 4,
                "easeOutSpeed": 4,
                "blendMode": "average"
            },
            {
                "code": "walk",
                "animation": "walk",
                "blendMode": "average",
                "animationSpeed": 0.8
            },
            {
                "code": "run",
                "animation": "run",
                "blendMode": "average",
                "animationSpeed": 1.1
            },
			{
				"code": "wounded-idle",
				"animation": "wounded-idle",
				"easeInSpeed": 3,
				"weight": 10,
				"blendMode": "Average"
			},
			{
				"code": "wounded-stand",
				"animation": "wounded-stand",
				"weight": 10,
				"blendMode": "Average"
			},
			{
				"code": "turn-left",
				"animation": "turn-left",
				"easeInSpeed": 3,
				"easeOutSpeed": 10,
				"weight": 0.01,
				"weightCapFactor": 0.85,
				"blendMode": "Average",
				"elementWeight": {
					"Head": 80,
					"Neck": 80,
					"fur down": 80
				},
				"elementBlendMode": {
					"Head": "AddAverage",
					"Neck": "AddAverage",
					"fur down": "AddAverage"
				}				
			},
			{
				"code": "turn-right",
				"animation": "turn-right",
				"easeInSpeed": 3,
				"easeOutSpeed": 10,
				"weightCapFactor": 0.85,
				"weight": 0.01,
				"blendMode": "Average",
				"elementWeight": {
					"Head": 80,
					"Neck": 80,
					"fur down": 80
				},
				"elementBlendMode": {
					"Head": "AddAverage",
					"Neck": "AddAverage",
					"fur down": "AddAverage"
				}				
			},
			{
				"code": "idle-turn-left",
				"animation": "turn-left",
				"easeInSpeed": 3,
				"easeOutSpeed": 10,
				"weight": 0.01,
				"blendMode": "Average",
				"elementWeight": {
					"Head": 5,
					"Neck": 5,
					"fur down": 5
				},
				"elementBlendMode": {
					"Head": "AddAverage",
					"Neck": "AddAverage",
					"fur down": "AddAverage"
				}				
			},
			{
				"code": "idle-turn-right",
				"animation": "turn-right",
				"easeInSpeed": 3,
				"easeOutSpeed": 10,
				"weight": 0.01,
				"blendMode": "Average",
				"elementWeight": {
					"Head": 5,
					"Neck": 5,
					"fur down": 5
				},
				"elementBlendMode": {
					"Head": "AddAverage",
					"Neck": "AddAverage",
					"fur down": "AddAverage"
				}				
			}
        ]
    },
    "server": {
        "attributes": {
            "pathfinder": {
                "minTurnAnglePerSec": 250,
                "maxTurnAnglePerSec": 500
            }
        },
        "behaviors": [
            { "code": "mouthinventory",
                "acceptStacks": [
                    { "type": "item", "code": "bone" },
                    { "type": "item", "code": "bushmeat-raw" },
                    { "type": "item", "code": "redmeat-raw" },
                    { "type": "item", "code": "poultry-raw" },
                    { "type": "item", "code": "wolftaming:dogtoy" },
                    { "type": "item", "code": "petai:petcookie-meat-perfect" }
                ]
            },
            { "code": "repulseagents" },
            { "code": "controlledphysics" },
            { "code": "gait" },
            { "code": "rideable" },
            { "code": "ownable" },
            { "code": "selectionboxes" },
            { "code": "rideableaccessories" },
            { "code": "mortallywoundable", "whenBelowHealth": 7 },
            { "code": "health", "maxhealth": 32 },
            { "code": "deaddecay", "hoursToDecay": 96, "decayedBlock": "carcass-medium" },
            { "code": "floatupwhenstuck" },
            { "code": "breathe" },
            {
                "code": "multiply",
                "enabledByType": { "*-female": true, "*": false },
                "eatAnyway": true,
                "spawnEntityCode": "feverstonewilds:tame-direwolf-pup",
                "requiresNearbyEntityCode": "feverstonewilds:tame-direwolf-male",
                "requiresNearbyEntityRange": 4,
                "spawnQuantityMin": 1,
                "spawnQuantityMax": 2,
                "pregnancyDays": 12,
                "multiplyCooldownDaysMin": 4,
                "multiplyCooldownDaysMax": 11,
                "portionsEatenForMultiply": 10
            },
            { "code": "emotionstates",
                "states": [
                    {
                        "code": "fleeondamage",
                        "duration": 60,
                        "chance": 0.75,
                        "slot": 2,
                        "priority": 5,
                        "accumType": "max",
                        "whenHealthRelBelow": 0.05
                    },
                    {
                        "code": "saturated",
                        "duration": 1200,
                        "chance": 1,
                        "slot": 0,
                        "priority": 1,
                        "accumType": "sum",
                        "belowTempDuration": 600,
                        "belowTempThreshold": -5
                    },
                    {
                        "code": "aggressiveondamage",
                        "duration": 30,
                        "chance": 1,
                        "slot": 2,
                        "priority": 2,
                        "accumType": "noaccum"
                    }
                ]
            },
            {
                "code": "taskai",
                "aiCreatureType": "LandCreature",
                "aitasks": [
                    {
                        "code": "cometoowner",
                        "priority": 4,
                        "animation": "trot",
                        "animationSpeed": 1.35,
                        "movespeed": 0.019,
                        "__allowTeleport": true,
                        "teleportMaxRange": 1000,
                        "teleportAfterRange": 200,
                        "teleportToRange": 20
                    },
                    {
                        "code": "meleeattack",
                        "entityCodes": ["chicken-*",  "wolf-*", 
                                        "drifter-*", "bear-*", "hare-*",
                                        "feverstonewilds:cockatrice", "feverstonewilds:horse-*",
                                        "feverstonewilds:ostrich-*", "feverstonewilds:ostrich-chick",
                                        "feverstonewilds:bison-*", "feverstonewilds:bison-calf",
                                        "feverstonewilds:giraffe"],
                        "priority": 2,
                        "damage": 8,
                        "damageTier": 2,
                        "damageType": "SlashingAttack",
                        "slot": 1,
                        "mincooldown": 1500, 
                        "maxcooldown": 1500, 
                        "attackDurationMs": 800,
                        "damagePlayerAtMs": 500,
                        "animation": "Attack",
                        "animationSpeed": 2.5,
                        "sound": "game:creature/wolf/attack"
                    },
                    {
                        "code": "meleeattack",
                        "entityCodes": ["chicken-*", "drifter-*", "hare-*",
                                        "feverstonewilds:cockatrice", "feverstonewilds:ostrich-chick",
                                        "feverstonewilds:bison-calf" ],
                        "priority": 2,
                        "damage": 8,
                        "damageTier": 2,
                        "damageType": "SlashingAttack",
                        "slot": 1,
                        "mincooldown": 1500, 
                        "maxcooldown": 1500, 
                        "attackDurationMs": 800,
                        "damagePlayerAtMs": 500,
                        "animation": "Attack-Low",
                        "animationSpeed": 2.5,
                        "sound": "game:creature/wolf/attack"
                    },
                    {
                        "code": "meleeattack",
                        "entityCodes": ["bear-*", "feverstonewilds:horse-*",
                                        "feverstonewilds:bison-*", "feverstonewilds:giraffe"],
                        "priority": 2,
                        "damage": 8,
                        "damageTier": 2,
                        "damageType": "SlashingAttack",
                        "slot": 1,
                        "mincooldown": 1500, 
                        "maxcooldown": 1500, 
                        "attackDurationMs": 800,
                        "damagePlayerAtMs": 500,
                        "animation": "Attack-High",
                        "retaliateAttacks": false,
                        "animationSpeed": 2.5,
                        "sound": "game:creature/wolf/attack"
                    },
                    {
                        "code": "idle",
                        "priority": 1.45,
                        "priorityForCancel": 1.55,
                        "minduration": 200000,
                        "maxduration": 800000,
                        "mincooldown": 10000,
                        "maxcooldown": 30000,
                        "animation": "Sleep",
                        "whenNotInEmotionState": "aggressiveondamage",
                        "duringDayTimeFrames": [
                            { "fromHour": 10, "toHour": 18 },
                            { "fromHour": 1, "toHour": 3 }
                        ],
                        "stopOnNearbyEntityCodes": [ "drifter-*", "bear-*", "wolf-*",
                                                     "feverstonewilds:direwolf", "feverstonewilds:cockatrice",
                                                     "hyena-*", "moose-*" ],
                        "stopRange": 10,
                        "stopOnHurt": true,
                        "sound": "direwolf/direwolf-sleeping",
                        "soundChance": 0.4
                    },
                    {
                        "code": "getoutofwater",
                        "priority": 1.4,
                        "movespeed": 0.015,
                        "animation": "Walk",
                        "animationSpeed": 2.2
                    },
                    {
                        "code": "idle",
                        "priority": 1.3,
                        "priorityForCancel": 1.35,
                        "minduration": 4667,
                        "maxduration": 4667,
                        "mincooldown": 80000,
                        "maxcooldown": 500000,
                        "animation": "Howl",
                        "animationSpeed": 0.65,
                        "sound": "game:creature/wolf/howl*",
                        "soundRange": 110
                    },
                    {
                        "code": "idle",
                        "priority": 1.2,
                        "priorityForCancel": 1.3,
                        "minduration": 2500,
                        "maxduration": 2500,
                        "mincooldown": 6000,
                        "maxcooldown": 20000,
                        "animation": "Sniff",
                        "animationSpeed": 1.25,
                        "whenNotInEmotionState": "aggressiveondamage"
                    },
                    {
                        "code": "wander",
                        "priority": 1.0,
                        "priorityForCancel": 1.35,
                        "movespeed": 0.006,
                        "animation": "Walk",
                        "preferredLightLevel": 20
                    },
                    {
                        "code": "useinventory",
                        "animation": "eat",
                        "animationSpeed": 0.75,
                        "priority": 1.6,
                        "priorityForCancel": 1.7,
                        "eatItemCodes": [
                            "bone",
                            "bushmeat-raw",
                            "redmeat-raw",
                            "poultry-raw",
                            "petai:petcookie-meat-perfect"
                        ],
                        "useTime": 1.5,
                        "mincooldownHours": 1,
                        "maxcooldownHours": 1.5
                    },
					{
						"code": "seekfoodandeat",
						"movespeed": 0.004,
						"priority": 1.4,
						"animationSpeed": 1.25,
						"animation": "Walk",
						"eatAnimation": "Eat",
						"eatSound": "game:creature/animal-eat-small",
						"eatTime": 1.75,
						"mincooldownHours": 1,
						"maxcooldownHours": 4
					},
                    {
                        "code": "idle",
                        "priority": 0.9,
                        "minduration": 2000,
                        "maxduration": 10000,
                        "mincooldown": 2000,
                        "maxcooldown": 120000,
                        "priorityForCancel": 1.33,
                        "animation": "Sit",
                        "whenNotInEmotionState": "aggressiveondamage",
                        "stopRange": 5
                    },
                    {
                        "code": "lookaround",
                        "priority": 0.5
                    }
                ]
            },
            { "code": "ropetieable", "minGeneration": 1 },
            { "code": "pettable", "minGeneration": 1 }
        ]
    },
    "sounds": {
        "hurt": "game:creature/wolf/hurt",
        "death": "game:creature/wolf/hurt",
        "idle": "game:creature/wolf/howl*"
    },
    "idleSoundChance": 0.01,
    "hurtSoundChance": 0.2
}