{
	"code": "toad",
	"class": "EntityAgent",
	"hitboxSize": { "x": 0.8, "y": 1.7 },
	"deadHitboxSize": { "x": 1.7, "y": 0.5 },
	"eyeHeight": 1.6,
	"drops": [	],
	"attributes": {
		"netCaughtItemCode": "feverstonewilds:creature-toad"
	},
	"client": {
		"renderer": "Shape",
		"shape": { "base": "entity/land/toad" },
		"texture": { "base": "entity/land/toad/toad1", 
					 "alternates": [ { "base": "entity/land/toad/toad2" }, 
									 { "base": "entity/land/toad/toad3" }
									] 
		},
		"behaviors": [
			{ "code": "repulseagents" },
			{
				"code": "controlledphysics",
				"stepHeight": 1.1251
			},
			{
				"code": "floatupwhenstuck",
				"onlyWhenDead": true
			},
			{ "code": "interpolateposition" },
			{ "code": "harvestable" },
			{
				"code": "despawn",
				"minPlayerDistance": 20,
				"belowLightLevel": 6,
				"minSeconds": 300
			}
		],
		"animations": [
			{
				"code": "idle",
				"animation": "idle",
				"blendMode": "addAverage",
				"easeOutSpeed": 3,
				"triggeredBy": { "defaultAnim": true },
				"animationSpeed": 0.5
			},
			{
				"code": "sit",
				"animation": "sit",
				"easeInSpeed": 4,
				"easeOutSpeed": 3,
				"blendMode": "average"
			},
			{
				"code": "die",
				"animation": "dead",
				"easeInSpeed": 2,
				"weight": 10,
				"blendMode": "average",
				"triggeredBy": { "onControls": ["dead"] }
			}
		]
	},

	"server": {
		"attributes": {
			"pathfinder": {
				"minTurnAnglePerSec": 120,
				"maxTurnAnglePerSec": 165
			}
		},
		"behaviors": [
			{ "code": "repulseagents" },
			{
				"code": "controlledphysics",
				"stepHeight": 1.05
			},
			{
				"code": "despawn",
				"minPlayerDistance": 10,
				"belowLightLevel": 6,
				"minSeconds": 300
			},
			{
				"code": "health",
				"maxhealth": 3
			},
			{
				"code": "deaddecay",
				"hoursToDecay": 2
			},
			{
				"code": "floatupwhenstuck",
				"onlyWhenDead": true
			},
			{
				"code": "harvestable",
				"drops": [
					{
						"type": "item",
						"code": "bushmeat-raw",
						"quantity": {
							"avg": 0.7,
							"var": 0.3
						}
					}
				]
			},
			{ "code": "breathe" },
			{
				"code": "emotionstates",
				"states": [
					{
						"code": "fleeondamage",
						"duration": 60,
						"chance": 0.85,
						"slot": 0,
						"priority": 5,
						"accumType": "max",
						"whenHealthRelBelow": 0.4
					},
					{
						"code": "fleeondamage",
						"duration": 30,
						"chance": 1,
						"slot": 0,
						"priority": 1,
						"accumType": "max"
					}
				]
			},
			{
				"code": "taskai",
				"aiCreatureType": "LandCreature",
				"aitasks": [
					{
						"code": "seekentity",
						"entityCodes": [ "game:butterfly" ],
						"priority": 1.25,
						"mincooldown": 3000,
						"maxcooldown": 5500,
						"seekingRange": 20,
						"movespeed": 0.01,
						"animation": "walk",
						"animationSpeed": 1,
						"stopOnHurt": true
					},
					{
						"code": "fleeentity",
						"entityCodes": [ "player" ],
						"priority": 1.5,
						"movespeed": 0.025,
						"seekingRange": 12,
						"animation": "run",
						"animationSpeed": 2.2,
						"whenInEmotionState": "fleeondamage"
					},
					{
						"code": "getoutofwater",
						"priority": 1.4,
						"movespeed": 0.02,
						"animation": "walk",
						"animationSpeed": 0.8
					},
					{
						"code": "idle",
						"priority": 1.35,
						"priorityForCancel": 1.35,
						"minduration": 5000000,
						"maxduration": 5000000,
						"mincooldown": 10000,
						"maxcooldown": 30000,
						"animation": "Sleep",
						"whenNotInEmotionState": "aggressiveondamage",
						"duringDayTimeFrames": [
							{
								"fromHour": 22,
								"toHour": 24
							},
							{
								"fromHour": 0,
								"toHour": 5
							}
						],
						"stopOnNearbyEntityCodes": [ "player" ],
						"stopRange": 6,
						"stopOnHurt": true
					},
					{
						"code": "idle",
						"priority": 1.1,
						"priorityForCancel": 1.35,
						"minduration": 16000,
						"maxduration": 24000,
						"mincooldown": 9000,
						"maxcooldown": 160000,
						"animation": "Sleep",
						"stopOnNearbyEntityCodes": [ "player" ],
						"stopRange": 5,
						"animationSpeed": 0.75
					},
					{
						"code": "wander",
						"priority": 1.0,
						"priorityForCancel": 1.35,
						"movespeed": 0.005,
						"animationSpeed": 1.4,
						"animation": "walk",
						"preferredLightLevel": 10
					},
					{
						"code": "lookaround",
						"priority": 0.5
					}
				]
			}
		],
		"spawnconditions": {
			"worldgen": {
				"TriesPerChunk": {
					"avg": 0.08,
					"var": 0
				},
				"tryOnlySurface": true,
				"maxLightLevel": 6,
				"lightLevelType": "onlyBlockLight",
				"groupSize": {
					"dist": "verynarrowgaussian",
					"avg": 1,
					"var": 2
				},
				"insideBlockCodes": [ "game:air", "game:tallgrass-*", "game:freshwater-*" ],
				"minTemp": -2,
				"maxTemp": 25,
				"minRain": 0.25,
				"minForest": 0.25
			},
			"runtime": {
				"group": "neutral",
				"tryOnlySurface": true,
				"chance": 0.0006,
				"maxQuantity": 3,
				"maxLightLevel": 6,
				"lightLevelType": "onlyBlockLight",
				"groupSize": {
					"dist": "verynarrowgaussian",
					"avg": 3,
					"var": 2
				},
				"insideBlockCodes": [ "game:air", "game:tallgrass-*", "game:freshwater-*" ],
				"minTemp": -2,
				"maxTemp": 25,
				"minRain": 0.25,
				"minForest": 0.25
			}
		}
	},
	"sounds": {
	},
	"idleSoundChance": 0.001
}