[
	{ "op": "addmerge", "path": "/allowedVariants/-", "value": "ore-poor-quartz_nativesilver-arenite", "file": "game:blocktypes/stone/ore-graded.json", },
	{ "op": "addmerge", "path": "/allowedVariants/-", "value": "ore-medium-quartz_nativesilver-arenite", "file": "game:blocktypes/stone/ore-graded.json", },
	{ "op": "addmerge", "path": "/allowedVariants/-", "value": "ore-rich-quartz_nativesilver-arenite", "file": "game:blocktypes/stone/ore-graded.json", },

	{ "op": "addmerge", "path": "/allowedVariants/-", "value": "ore-poor-quartz_nativesilver-arkose", "file": "game:blocktypes/stone/ore-graded.json", },
	{ "op": "addmerge", "path": "/allowedVariants/-", "value": "ore-medium-quartz_nativesilver-arkose", "file": "game:blocktypes/stone/ore-graded.json", },
	{ "op": "addmerge", "path": "/allowedVariants/-", "value": "ore-rich-quartz_nativesilver-arkose", "file": "game:blocktypes/stone/ore-graded.json", },

	{ "op": "addmerge", "path": "/allowedVariants/-", "value": "ore-poor-quartz_nativesilver-marl", "file": "game:blocktypes/stone/ore-graded.json", },
	{ "op": "addmerge", "path": "/allowedVariants/-", "value": "ore-medium-quartz_nativesilver-marl", "file": "game:blocktypes/stone/ore-graded.json", },
	{ "op": "addmerge", "path": "/allowedVariants/-", "value": "ore-rich-quartz_nativesilver-marl", "file": "game:blocktypes/stone/ore-graded.json", },

	{ "op": "addmerge", "path": "/allowedVariants/-", "value": "ore-poor-quartz_nativesilver-wacke", "file": "game:blocktypes/stone/ore-graded.json", },
	{ "op": "addmerge", "path": "/allowedVariants/-", "value": "ore-medium-quartz_nativesilver-wacke", "file": "game:blocktypes/stone/ore-graded.json", },
	{ "op": "addmerge", "path": "/allowedVariants/-", "value": "ore-rich-quartz_nativesilver-wacke", "file": "game:blocktypes/stone/ore-graded.json", },

	{ "op": "addmerge", "path": "/allowedVariants/-", "value": "ore-poor-quartz_nativesilver-monzonite", "file": "game:blocktypes/stone/ore-graded.json", },
	{ "op": "addmerge", "path": "/allowedVariants/-", "value": "ore-medium-quartz_nativesilver-monzonite", "file": "game:blocktypes/stone/ore-graded.json", },
	{ "op": "addmerge", "path": "/allowedVariants/-", "value": "ore-rich-quartz_nativesilver-monzonite", "file": "game:blocktypes/stone/ore-graded.json", },
]