[
	{ "op": "addmerge", "path": "/allowedVariants/-", "value": "ore-poor-pentlandite-serpentinite", "file": "game:blocktypes/stone/ore-graded.json", },
	{ "op": "addmerge", "path": "/allowedVariants/-", "value": "ore-medium-pentlandite-serpentinite", "file": "game:blocktypes/stone/ore-graded.json", },
	{ "op": "addmerge", "path": "/allowedVariants/-", "value": "ore-rich-pentlandite-serpentinite", "file": "game:blocktypes/stone/ore-graded.json", },
	{ "op": "addmerge", "path": "/allowedVariants/-", "value": "ore-bountiful-pentlandite-serpentinite", "file": "game:blocktypes/stone/ore-graded.json", },

	{ "op": "addmerge", "path": "/allowedVariants/-", "value": "ore-poor-pentlandite-komatiite", "file": "game:blocktypes/stone/ore-graded.json", },
	{ "op": "addmerge", "path": "/allowedVariants/-", "value": "ore-medium-pentlandite-komatiite", "file": "game:blocktypes/stone/ore-graded.json", },
	{ "op": "addmerge", "path": "/allowedVariants/-", "value": "ore-rich-pentlandite-komatiite", "file": "game:blocktypes/stone/ore-graded.json", },
	{ "op": "addmerge", "path": "/allowedVariants/-", "value": "ore-bountiful-pentlandite-komatiite", "file": "game:blocktypes/stone/ore-graded.json", },

	{ "op": "addmerge", "path": "/allowedVariants/-", "value": "ore-poor-pentlandite-pyroxenite", "file": "game:blocktypes/stone/ore-graded.json", },
	{ "op": "addmerge", "path": "/allowedVariants/-", "value": "ore-medium-pentlandite-pyroxenite", "file": "game:blocktypes/stone/ore-graded.json", },
	{ "op": "addmerge", "path": "/allowedVariants/-", "value": "ore-rich-pentlandite-pyroxenite", "file": "game:blocktypes/stone/ore-graded.json", },
	{ "op": "addmerge", "path": "/allowedVariants/-", "value": "ore-bountiful-pentlandite-pyroxenite", "file": "game:blocktypes/stone/ore-graded.json", },
]