{
	"editor": {
		"backDropShape": "entity/direwolf-adult",
		"collapsedPaths": "Root/Origin/Cube5/Cube9,Root/Origin/Cube5/Cube6,Root/Origin/Cube5/Cube12,Root/Origin/Cube5/Cube15",
		"allAngles": false,
		"entityTextureMode": false
	},
	"textureWidth": 16,
	"textureHeight": 16,
	"textureSizes": {
	},
	"textures": {
		"skullandsaddle": "items/skullandsaddle"
	},
	"elements": [
		{
			"name": "Origin",
			"stepParentName": "Neck",
			"from": [ 4.3, -14.5, 4.0 ],
			"to": [ 4.3, -14.5, 4.0 ],
			"rotationOrigin": [ 4.0, 3.4, 3.0 ],
			"rotationZ": -2.0,
			"faces": {
				"north": { "texture": "#null", "uv": [ 0.0, 0.0, 0.5, 0.5 ] },
				"east": { "texture": "#null", "uv": [ 0.0, 0.0, 0.5, 0.5 ] },
				"south": { "texture": "#null", "uv": [ 0.0, 0.0, 0.5, 0.5 ] },
				"west": { "texture": "#null", "uv": [ 0.0, 0.0, 0.5, 0.5 ] },
				"up": { "texture": "#null", "uv": [ 0.0, 0.0, 0.5, 0.5 ] },
				"down": { "texture": "#null", "uv": [ 0.0, 0.0, 0.5, 0.5 ] }
			},
			"children": [
				{
					"name": "Cube4",
					"from": [ -0.4506, 22.3157, -4.8 ],
					"to": [ 0.5294, 23.1157, 3.8 ],
					"rotationOrigin": [ -0.5606, 22.9657, -0.2 ],
					"faces": {
						"north": { "texture": "#skullandsaddle", "uv": [ 7.0, 0.5, 7.75, 1.25 ] },
						"east": { "texture": "#skullandsaddle", "uv": [ 6.75, 0.0, 11.5, 0.75 ], "autoUv": false },
						"south": { "texture": "#skullandsaddle", "uv": [ 6.75, 0.5, 7.5, 1.25 ] },
						"west": { "texture": "#skullandsaddle", "uv": [ 6.5, 0.0, 11.5, 0.75 ], "autoUv": false },
						"up": { "texture": "#skullandsaddle", "uv": [ 7.0, 0.75, 7.5, 4.5 ], "autoUv": false },
						"down": { "texture": "#skullandsaddle", "uv": [ 6.75, 0.75, 7.5, 4.5 ], "autoUv": false }
					},
					"children": [
						{
							"name": "Cube9",
							"from": [ -0.1957, -0.2548, 4.0 ],
							"to": [ 1.3043, 1.0452, 4.6 ],
							"rotationOrigin": [ 0.5543, -0.4048, 4.0 ],
							"faces": {
								"north": { "texture": "#skullandsaddle", "uv": [ 0.25, 0.5, 1.75, 1.75 ] },
								"east": { "texture": "#skullandsaddle", "uv": [ 0.75, 1.25, 1.25, 2.5 ] },
								"south": { "texture": "#skullandsaddle", "uv": [ 0.5, 0.75, 2.0, 2.0 ] },
								"west": { "texture": "#skullandsaddle", "uv": [ 0.0, 0.0, 0.5, 1.25 ] },
								"up": { "texture": "#skullandsaddle", "uv": [ 0.0, 0.0, 1.5, 0.5 ] },
								"down": { "texture": "#skullandsaddle", "uv": [ 0.0, 0.0, 1.5, 0.5 ] }
							},
							"children": [
								{
									"name": "Cube10",
									"from": [ 0.0, 0.0, 2.5 ],
									"to": [ 1.5, 1.3, 3.1 ],
									"rotationOrigin": [ 0.75, -0.75, 2.8 ],
									"faces": {
										"north": { "texture": "#skullandsaddle", "uv": [ 0.0, 0.0, 1.5, 1.0 ] },
										"east": { "texture": "#skullandsaddle", "uv": [ 0.0, 0.0, 0.5, 1.0 ] },
										"south": { "texture": "#skullandsaddle", "uv": [ 0.0, 0.0, 1.5, 1.0 ] },
										"west": { "texture": "#skullandsaddle", "uv": [ 0.0, 0.0, 0.5, 1.0 ] },
										"up": { "texture": "#skullandsaddle", "uv": [ 0.0, 0.0, 1.5, 0.5 ] },
										"down": { "texture": "#skullandsaddle", "uv": [ 0.0, 0.0, 1.5, 0.5 ] }
									}
								},
								{
									"name": "Cube11",
									"from": [ 0.0, 0.0, -2.5 ],
									"to": [ 1.5, 1.3, -1.9 ],
									"rotationOrigin": [ 0.75, -0.75, -2.2 ],
									"faces": {
										"north": { "texture": "#skullandsaddle", "uv": [ 0.0, 0.0, 1.5, 1.0 ] },
										"east": { "texture": "#skullandsaddle", "uv": [ 0.0, 0.0, 0.5, 1.0 ] },
										"south": { "texture": "#skullandsaddle", "uv": [ 0.0, 0.0, 1.5, 1.0 ] },
										"west": { "texture": "#skullandsaddle", "uv": [ 0.0, 0.0, 0.5, 1.0 ] },
										"up": { "texture": "#skullandsaddle", "uv": [ 0.0, 0.0, 1.5, 0.5 ] },
										"down": { "texture": "#skullandsaddle", "uv": [ 0.0, 0.0, 1.5, 0.5 ] }
									}
								}
							]
						}
					]
				},
				{
					"name": "Cube5",
					"from": [ -0.4463, 13.9, -4.8 ],
					"to": [ 0.5337, 14.7, 3.8 ],
					"rotationOrigin": [ -0.4563, 13.9109, -0.2 ],
					"faces": {
						"north": { "texture": "#skullandsaddle", "uv": [ 6.5, 0.25, 7.25, 1.0 ] },
						"east": { "texture": "#skullandsaddle", "uv": [ 7.0, 0.0, 11.75, 0.5 ], "autoUv": false },
						"south": { "texture": "#skullandsaddle", "uv": [ 6.5, 0.0, 7.25, 0.75 ] },
						"west": { "texture": "#skullandsaddle", "uv": [ 6.5, 0.5, 11.75, 1.0 ], "autoUv": false },
						"up": { "texture": "#skullandsaddle", "uv": [ 6.75, 0.5, 7.5, 5.5 ], "autoUv": false },
						"down": { "texture": "#skullandsaddle", "uv": [ 6.75, 0.0, 7.5, 5.5 ], "autoUv": false }
					},
					"children": [
						{
							"name": "Cube6",
							"from": [ -0.2, -0.25, 4.0 ],
							"to": [ 1.3, 1.05, 4.6 ],
							"rotationOrigin": [ 0.55, -1.0, 4.0 ],
							"faces": {
								"north": { "texture": "#skullandsaddle", "uv": [ 0.0, 0.0, 1.5, 1.0 ] },
								"east": { "texture": "#skullandsaddle", "uv": [ 0.0, 0.0, 0.5, 1.0 ] },
								"south": { "texture": "#skullandsaddle", "uv": [ 0.0, 0.0, 1.5, 1.0 ] },
								"west": { "texture": "#skullandsaddle", "uv": [ 0.0, 0.0, 0.5, 1.0 ] },
								"up": { "texture": "#skullandsaddle", "uv": [ 0.0, 0.0, 1.5, 0.5 ] },
								"down": { "texture": "#skullandsaddle", "uv": [ 0.0, 0.0, 1.5, 0.5 ] }
							},
							"children": [
								{
									"name": "Cube7",
									"from": [ 0.0, 0.0, 2.5 ],
									"to": [ 1.5, 1.3, 3.1 ],
									"rotationOrigin": [ 0.75, -0.75, 2.8 ],
									"faces": {
										"north": { "texture": "#skullandsaddle", "uv": [ 0.0, 0.0, 1.5, 1.0 ] },
										"east": { "texture": "#skullandsaddle", "uv": [ 0.0, 0.0, 0.5, 1.0 ] },
										"south": { "texture": "#skullandsaddle", "uv": [ 0.0, 0.0, 1.5, 1.0 ] },
										"west": { "texture": "#skullandsaddle", "uv": [ 0.0, 0.0, 0.5, 1.0 ] },
										"up": { "texture": "#skullandsaddle", "uv": [ 0.0, 0.0, 1.5, 0.5 ] },
										"down": { "texture": "#skullandsaddle", "uv": [ 0.0, 0.0, 1.5, 0.5 ] }
									}
								},
								{
									"name": "Cube8",
									"from": [ 0.0, 0.0, -2.5 ],
									"to": [ 1.5, 1.3, -1.9 ],
									"rotationOrigin": [ 0.75, -0.75, -2.2 ],
									"faces": {
										"north": { "texture": "#skullandsaddle", "uv": [ 0.0, 0.0, 1.5, 1.0 ] },
										"east": { "texture": "#skullandsaddle", "uv": [ 0.0, 0.0, 0.5, 1.0 ] },
										"south": { "texture": "#skullandsaddle", "uv": [ 0.0, 0.0, 1.5, 1.0 ] },
										"west": { "texture": "#skullandsaddle", "uv": [ 0.0, 0.0, 0.5, 1.0 ] },
										"up": { "texture": "#skullandsaddle", "uv": [ 0.0, 0.0, 1.5, 0.5 ] },
										"down": { "texture": "#skullandsaddle", "uv": [ 0.0, 0.0, 1.5, 0.5 ] }
									}
								}
							]
						}
					]
				},
				{
					"name": "Cube2",
					"from": [ -0.4563, 13.9109, 3.0 ],
					"to": [ 0.5437, 22.9109, 4.0 ],
					"rotationOrigin": [ -0.4563, 13.9109, 3.3 ],
					"faces": {
						"north": { "texture": "#skullandsaddle", "uv": [ 6.75, 0.25, 7.5, 5.25 ], "autoUv": false },
						"east": { "texture": "#skullandsaddle", "uv": [ 6.5, 0.5, 7.25, 5.0 ], "autoUv": false },
						"south": { "texture": "#skullandsaddle", "uv": [ 6.75, 0.5, 7.25, 5.25 ], "autoUv": false },
						"west": { "texture": "#skullandsaddle", "uv": [ 6.5, 0.25, 7.25, 5.25 ], "autoUv": false },
						"up": { "texture": "#skullandsaddle", "uv": [ 6.5, 0.5, 7.5, 1.5 ] },
						"down": { "texture": "#skullandsaddle", "uv": [ 6.75, 0.25, 7.75, 1.25 ] }
					},
					"children": [
						{
							"name": "Cube12",
							"from": [ -0.19, 4.0, 1.2 ],
							"to": [ 1.31, 5.3, 1.8 ],
							"rotationOrigin": [ 0.56, 4.0, 1.2 ],
							"rotationX": -90.0,
							"faces": {
								"north": { "texture": "#skullandsaddle", "uv": [ 0.0, 0.0, 1.5, 1.0 ] },
								"east": { "texture": "#skullandsaddle", "uv": [ 0.0, 0.0, 0.5, 1.0 ] },
								"south": { "texture": "#skullandsaddle", "uv": [ 0.0, 0.0, 1.5, 1.0 ] },
								"west": { "texture": "#skullandsaddle", "uv": [ 0.0, 0.0, 0.5, 1.0 ] },
								"up": { "texture": "#skullandsaddle", "uv": [ 0.0, 0.0, 1.5, 0.5 ] },
								"down": { "texture": "#skullandsaddle", "uv": [ 0.0, 0.0, 1.5, 0.5 ] }
							},
							"children": [
								{
									"name": "Cube13",
									"from": [ 0.0, 0.0, 2.5 ],
									"to": [ 1.5, 1.3, 3.1 ],
									"rotationOrigin": [ 0.75, -0.75, 2.8 ],
									"faces": {
										"north": { "texture": "#skullandsaddle", "uv": [ 0.0, 0.0, 1.5, 1.0 ] },
										"east": { "texture": "#skullandsaddle", "uv": [ 0.0, 0.0, 0.5, 1.0 ] },
										"south": { "texture": "#skullandsaddle", "uv": [ 0.0, 0.0, 1.5, 1.0 ] },
										"west": { "texture": "#skullandsaddle", "uv": [ 0.0, 0.0, 0.5, 1.0 ] },
										"up": { "texture": "#skullandsaddle", "uv": [ 0.0, 0.0, 1.5, 0.5 ] },
										"down": { "texture": "#skullandsaddle", "uv": [ 0.0, 0.0, 1.5, 0.5 ] }
									}
								},
								{
									"name": "Cube14",
									"from": [ 0.0, 0.0, -2.5 ],
									"to": [ 1.5, 1.3, -1.9 ],
									"rotationOrigin": [ 0.75, -0.75, -2.2 ],
									"faces": {
										"north": { "texture": "#skullandsaddle", "uv": [ 0.0, 0.0, 1.5, 1.0 ] },
										"east": { "texture": "#skullandsaddle", "uv": [ 0.0, 0.0, 0.5, 1.0 ] },
										"south": { "texture": "#skullandsaddle", "uv": [ 0.0, 0.0, 1.5, 1.0 ] },
										"west": { "texture": "#skullandsaddle", "uv": [ 0.0, 0.0, 0.5, 1.0 ] },
										"up": { "texture": "#skullandsaddle", "uv": [ 0.0, 0.0, 1.5, 0.5 ] },
										"down": { "texture": "#skullandsaddle", "uv": [ 0.0, 0.0, 1.5, 0.5 ] }
									}
								}
							]
						}
					]
				},
				{
					"name": "Cube3",
					"from": [ -0.4563, 13.9109, -5.0 ],
					"to": [ 0.5437, 22.9109, -4.0 ],
					"rotationOrigin": [ -0.4563, 13.9109, -4.7 ],
					"faces": {
						"north": { "texture": "#skullandsaddle", "uv": [ 6.5, 0.25, 7.25, 5.0 ], "autoUv": false },
						"east": { "texture": "#skullandsaddle", "uv": [ 6.5, 0.0, 7.5, 4.75 ], "autoUv": false },
						"south": { "texture": "#skullandsaddle", "uv": [ 6.5, 0.5, 7.5, 5.25 ], "autoUv": false },
						"west": { "texture": "#skullandsaddle", "uv": [ 6.5, 0.25, 7.25, 5.5 ], "autoUv": false },
						"up": { "texture": "#skullandsaddle", "uv": [ 6.25, 0.25, 7.25, 1.25 ] },
						"down": { "texture": "#skullandsaddle", "uv": [ 7.0, 0.5, 8.0, 1.5 ] }
					},
					"children": [
						{
							"name": "Cube15",
							"from": [ -0.19, 4.06, 1.2 ],
							"to": [ 1.31, 5.36, 1.8 ],
							"rotationOrigin": [ 0.56, 4.0, 1.2 ],
							"rotationX": -90.0,
							"faces": {
								"north": { "texture": "#skullandsaddle", "uv": [ 0.0, 0.0, 1.5, 1.0 ] },
								"east": { "texture": "#skullandsaddle", "uv": [ 0.0, 0.0, 0.5, 1.0 ] },
								"south": { "texture": "#skullandsaddle", "uv": [ 0.0, 0.0, 1.5, 1.0 ] },
								"west": { "texture": "#skullandsaddle", "uv": [ 0.0, 0.0, 0.5, 1.0 ] },
								"up": { "texture": "#skullandsaddle", "uv": [ 0.0, 0.0, 1.5, 0.5 ] },
								"down": { "texture": "#skullandsaddle", "uv": [ 0.0, 0.0, 1.5, 0.5 ] }
							},
							"children": [
								{
									"name": "Cube16",
									"from": [ 0.0, 0.0, 2.5 ],
									"to": [ 1.5, 1.3, 3.1 ],
									"rotationOrigin": [ 0.75, -0.75, 2.8 ],
									"faces": {
										"north": { "texture": "#skullandsaddle", "uv": [ 0.0, 0.0, 1.5, 1.0 ] },
										"east": { "texture": "#skullandsaddle", "uv": [ 0.0, 0.0, 0.5, 1.0 ] },
										"south": { "texture": "#skullandsaddle", "uv": [ 0.0, 0.0, 1.5, 1.0 ] },
										"west": { "texture": "#skullandsaddle", "uv": [ 0.0, 0.0, 0.5, 1.0 ] },
										"up": { "texture": "#skullandsaddle", "uv": [ 0.0, 0.0, 1.5, 0.5 ] },
										"down": { "texture": "#skullandsaddle", "uv": [ 0.0, 0.0, 1.5, 0.5 ] }
									}
								},
								{
									"name": "Cube17",
									"from": [ 0.0, 0.0, -2.5 ],
									"to": [ 1.5, 1.3, -1.9 ],
									"rotationOrigin": [ 0.75, -0.75, -2.2 ],
									"faces": {
										"north": { "texture": "#skullandsaddle", "uv": [ 0.0, 0.0, 1.5, 1.0 ] },
										"east": { "texture": "#skullandsaddle", "uv": [ 0.0, 0.0, 0.5, 1.0 ] },
										"south": { "texture": "#skullandsaddle", "uv": [ 0.0, 0.0, 1.5, 1.0 ] },
										"west": { "texture": "#skullandsaddle", "uv": [ 0.0, 0.0, 0.5, 1.0 ] },
										"up": { "texture": "#skullandsaddle", "uv": [ 0.0, 0.0, 1.5, 0.5 ] },
										"down": { "texture": "#skullandsaddle", "uv": [ 0.0, 0.0, 1.5, 0.5 ] }
									}
								}
							]
						}
					]
				}
			]
		}
	],
	"animations": [
	]
}