[
  {
		"code": "humans-human-stout",
		"type": "mixed",
		"attributes": {
			"maxhealthExtraPoints": 5.0,
			"walkspeed": -0.1,
			"jumpHeightMul": -0.1,
			"hungerrate": 0.1
		}
	},
	{
		"code": "humans-human-naturalforagers",
		"type": "positive",
		"attributes": {
			"forageDropRate": 0.1,
			"wildCropDropRate": 0.1,
			"animalLootDropRate": 0.1
		}
	},
	{
		"code": "humans-traveler",
		"type": "mixed",
		"attributes": {
			"walkspeed": 0.3,
			"armorWalkSpeedAffectedness": 1.2
		}
	},
	{
		"code": "humans-nadiyan",
		"type": "mixed",
		"attributes": {
			"walkspeed": -0.1,
			"maxhealthExtraPoints": 2.0,
			"forageDropRate": 0.1
		}
	},
	{
		"code": "humans-ancient",
		"type": "mixed",
		"attributes": {
			"maxhealthExtraPoints": 2.0,
			"hungerrate": 0.1
		}
	},
	{
		"code": "humans-selfsustained",
		"type": "positive",
		"attributes": {
			"forageDropRate": 0.3,
			"wildCropDropRate": 0.3,
			"vesselContentsDropRate": 0.3,
			"animalSeekingRange": -0.5
		}
	},
	{
		"code": "humans-unusedtoarmor",
		"type": "negative",
		"attributes": {
			"armorDurabilityLoss": 0.3,
			"armorWalkSpeedAffectedness": 0.6
		}
	},
	{
		"code": "humans-hunter",
		"type": "positive",
		"attributes": {
			"animalLootDropRate": 0.2,
			"animalHarvestingTime": -0.5,
			"animalSeekingRange": -0.5
		}
	},
	{
		"code": "humans-archer",
		"type": "mixed",
		"attributes": {
			"rangedWeaponsDamage": 0.15,
			"rangedWeaponsAcc": 0.15,
			"bowDrawingStrength": 0.15,
			"meleeWeaponsDamage": -0.3,
			"armorDurabilityLoss": 0.3,
			"armorWalkSpeedAffectedness": 0.6
		}
	},
	{
		"code": "humans-peasant",
		"type": "positive",
		"attributes": {
			"forageDropRate": 0.3,
			"wildCropDropRate": 0.3,
			"animalLootDropRate": 0.3
		}
	},
	{
		"code": "humans-civil",
		"type": "negative",
		"attributes": {
			"rangedWeaponsDamage": -0.3,
			"meleeWeaponsDamage": -0.3,
			"armorDurabilityLoss": 0.3,
			"armorWalkSpeedAffectedness": 0.6,
			"bowDrawingStrength": -0.15,
			"rangedWeaponsAcc": -0.15
		}
	},
	{
		"code": "humans-artisan",
		"type": "positive",
		"attributes": {
			"armorDurabilityLoss": -0.6
		}
	},
	{
		"code": "humans-miner",
		"type": "positive",
		"attributes": {
			"miningSpeedMul": 0.5,
			"oreDropRate": 0.5
		}
	},
	{
		"code": "humans-strong",
		"type": "positive",
		"attributes": {
			"meleeWeaponsDamage": 0.3
		}
	},
	{
		"code": "humans-guard",
		"type": "positive",
		"attributes": {
			"meleeWeaponsDamage": 0.1,
			"armorDurabilityLoss": -0.1,
			"armorWalkSpeedAffectedness": -0.4,
			"rangedWeaponsDamage": 0.1,
			"rangedWeaponsAcc": 0.1,
			"bowDrawingStrength": 0.1
		}
	},
	{
		"code": "humans-behindthewalls",
		"type": "negative",
		"attributes": {
			"animalLootDropRate": -0.2,
			"animalHarvestingTime": 0.2,
			"animalSeekingRange": 0.2,
			"wildCropDropRate": -0.2,
			"vesselContentsDropRate": -0.2
		}
	},
	{
		"code": "humans-meleefighter",
		"type": "mixed",
		"attributes": {
			"meleeWeaponsDamage": 0.3,
			"rangedWeaponsDamage": -0.3,
			"rangedWeaponsAcc": -0.3,
			"bowDrawingStrength": -0.3
		}
	},
	{
		"code": "humans-rangedfighter",
		"type": "mixed",
		"attributes": {
			"meleeWeaponsDamage": -0.3,
			"rangedWeaponsDamage": 0.3,
			"rangedWeaponsAcc": 0.3,
			"bowDrawingStrength": 0.3
		}
	},
	{
		"code": "humans-knight",
		"type": "positive",
		"attributes": {
			"meleeWeaponsDamage": 0.2,
			"armorDurabilityLoss": -0.6,
			"armorWalkSpeedAffectedness": -0.8
		}
	},
	{
		"code": "humans-soldier",
		"type": "mixed",
		"attributes": {
			"animalLootDropRate": -0.3,
			"animalHarvestingTime": 0.3,
			"animalSeekingRange": 0.3,
			"armorDurabilityLoss": -0.3,
			"armorWalkSpeedAffectedness": -0.6
		}
	},
	{
		"code": "humans-nobility",
		"type": "negative",
		"attributes": {
			"animalLootDropRate": -0.6,
			"animalHarvestingTime": 0.6,
			"animalSeekingRange": 0.6,
			"forageDropRate": -0.6,
			"wildCropDropRate": -0.6
		}
	},
	{
		"code": "humans-human-hunter",
		"type": "positive",
		"attributes": {
			"forageDropRate": -0.2,
			"wildCropDropRate": -0.2,
			"animalLootDropRate": 0.2,
			"animalHarvestingTime": -0.2,
			"animalSeekingRange": -0.2
		}
	},
	{
		"code": "humans-human-gatherer",
		"type": "positive",
		"attributes": {
			"forageDropRate": 0.2,
			"wildCropDropRate": 0.2,
			"animalLootDropRate": -0.2,
			"animalHarvestingTime": 0.2,
			"animalSeekingRange": 0.2
		}
	}
]