{
	"editor": {
		"allAngles": false,
		"entityTextureMode": false
	},
	"textureWidth": 16,
	"textureHeight": 16,
	"textureSizes": {
	},
	"textures": {
		"skin": "entity/land/snail/snail"
	},
	"elements": [
		{
			"name": "Origin",
			"from": [ 7.6, 0.0, 7.6 ], 
			"to": [ 7.6, 0.0, 7.6 ], 
			"rotationOrigin": [ 7.6, 0.0, 7.6 ],
			"faces": {
				"north": { "texture": "#skin", "uv": [ 0.0, 0.0, 0.0625, 0.0625 ] },
				"east": { "texture": "#skin", "uv": [ 0.0, 0.0, 0.0625, 0.0625 ] },
				"south": { "texture": "#skin", "uv": [ 0.0, 0.0, 0.0625, 0.0625 ] },
				"west": { "texture": "#skin", "uv": [ 0.0, 0.0, 0.0625, 0.0625 ] },
				"up": { "texture": "#skin", "uv": [ 0.0, 0.0, 0.0625, 0.0625 ] },
				"down": { "texture": "#skin", "uv": [ 0.0, 0.0, 0.0625, 0.0625 ] }
			},
			"children": [
				{
					"name": "Body",
					"from": [ -1.2, 0.0, 0.18 ], 
					"to": [ 0.6, 0.72, 1.02 ], 
					"rotationOrigin": [ -1.2, 0.0, 0.0 ],
					"faces": {
						"north": { "texture": "#skin", "uv": [ 1.125, 10.1875, 4.7625, 14.975 ], "autoUv": false },
						"east": { "texture": "#skin", "uv": [ 1.875, 9.25, 5.5625, 15.0 ], "autoUv": false },
						"south": { "texture": "#skin", "uv": [ 1.4375, 5.375, 6.6875, 14.8125 ], "autoUv": false },
						"west": { "texture": "#skin", "uv": [ 2.0625, 7.8125, 5.375, 15.125 ], "autoUv": false },
						"up": { "texture": "#skin", "uv": [ 3.25, 5.125, 6.875, 10.0625 ], "autoUv": false },
						"down": { "texture": "#skin", "uv": [ 3.0, 2.75, 5.875, 6.8125 ], "autoUv": false }
					},
					"children": [
						{
							"name": "Head",
							"from": [ 1.044, -0.264, 0.0 ], 
							"to": [ 2.244, 0.456, 0.84 ], 
							"rotationOrigin": [ 0.0, 0.0, -0.18 ],
							"rotationZ": 112.49998992292704,
							"faces": {
								"north": { "texture": "#skin", "uv": [ 1.9375, 9.5, 6.5, 15.3125 ], "autoUv": false },
								"east": { "texture": "#skin", "uv": [ 2.375, 9.3125, 5.6875, 15.25 ], "autoUv": false },
								"south": { "texture": "#skin", "uv": [ 1.8125, 8.8125, 5.375, 15.25 ], "autoUv": false },
								"west": { "texture": "#skin", "uv": [ 1.4375, 8.3125, 6.25, 15.0 ], "autoUv": false },
								"up": { "texture": "#skin", "uv": [ 2.4375, 9.4375, 5.9375, 14.9375 ], "autoUv": false },
								"down": { "texture": "#skin", "uv": [ 2.0625, 2.0, 5.9375, 7.5625 ], "autoUv": false }
							},
							"children": [
								{
									"name": "Mid body",
									"from": [ 1.0039, 0.9134, 0.0 ], 
									"to": [ 2.2039, 1.6334, 0.84 ], 
									"rotationOrigin": [ 0.5239, 0.9134, -0.18 ],
									"rotationZ": -157.49997424911325,
									"faces": {
										"north": { "texture": "#skin", "uv": [ 1.875, 9.5, 5.6875, 14.9375 ], "autoUv": false },
										"east": { "texture": "#skin", "uv": [ 1.625, 8.4375, 5.25, 15.0 ], "autoUv": false },
										"south": { "texture": "#skin", "uv": [ 1.75, 7.1875, 5.3125, 14.875 ], "autoUv": false },
										"west": { "texture": "#skin", "uv": [ 1.8125, 8.3125, 5.625, 15.0 ], "autoUv": false },
										"up": { "texture": "#skin", "uv": [ 2.375, 1.3125, 6.0625, 7.75 ], "autoUv": false },
										"down": { "texture": "#skin", "uv": [ 1.75, 8.5625, 5.1875, 14.5625 ], "autoUv": false }
									},
									"children": [
										{
											"name": "Eyes",
											"from": [ -0.7346, 0.7637, 0.048 ], 
											"to": [ -0.7346, 0.7637, 0.048 ], 
											"rotationOrigin": [ -0.7346, 0.7637, 0.048 ],
											"rotationZ": 44.999992699547086,
											"faces": {
												"north": { "texture": "#skin", "uv": [ 0.0, 0.0, 0.0625, 0.0625 ] },
												"east": { "texture": "#skin", "uv": [ 0.0, 0.0, 0.0625, 0.0625 ] },
												"south": { "texture": "#skin", "uv": [ 0.0, 0.0, 0.0625, 0.0625 ] },
												"west": { "texture": "#skin", "uv": [ 0.0, 0.0, 0.0625, 0.0625 ] },
												"up": { "texture": "#skin", "uv": [ 0.0, 0.0, 0.0625, 0.0625 ] },
												"down": { "texture": "#skin", "uv": [ 0.0, 0.0, 0.0625, 0.0625 ] }
											},
											"children": [
												{
													"name": "L Eye",
													"from": [ 0.0, 0.0, 0.492 ], 
													"to": [ 0.24, 0.72, 0.732 ], 
													"rotationOrigin": [ 0.0, 0.0, 0.0 ],
													"faces": {
														"north": { "texture": "#skin", "uv": [ 2.125, 4.0, 5.975, 9.7875 ], "autoUv": false },
														"east": { "texture": "#skin", "uv": [ 1.5625, 3.375, 6.0625, 10.25 ], "autoUv": false },
														"south": { "texture": "#skin", "uv": [ 1.75, 3.6875, 6.125, 10.6875 ], "autoUv": false },
														"west": { "texture": "#skin", "uv": [ 1.875, 3.625, 6.125, 10.375 ], "autoUv": false },
														"up": { "texture": "#skin", "uv": [ 2.625, 3.6875, 6.5625, 10.125 ], "autoUv": false },
														"down": { "texture": "#skin", "uv": [ 1.25, 3.0625, 6.25, 10.0625 ], "autoUv": false }
													},
													"children": [
														{
															"name": "Cube14",
															"from": [ 0.0079, 0.6462, 0.0 ], 
															"to": [ 0.2479, 1.2462, 0.24 ], 
															"rotationOrigin": [ 0.0079, 0.6462, -0.492 ],
															"rotationZ": -22.5000003066977,
															"faces": {
																"north": { "texture": "#skin", "uv": [ 2.4375, 3.0, 5.75, 8.1875 ], "autoUv": false },
																"east": { "texture": "#skin", "uv": [ 2.375, 3.875, 5.5, 9.5625 ], "autoUv": false },
																"south": { "texture": "#skin", "uv": [ 2.1875, 2.4375, 5.75, 8.1875 ], "autoUv": false },
																"west": { "texture": "#skin", "uv": [ 2.125, 2.9375, 6.3125, 8.625 ], "autoUv": false },
																"up": { "texture": "#skin", "uv": [ 2.5625, 2.625, 5.875, 7.8125 ], "autoUv": false },
																"down": { "texture": "#skin", "uv": [ 2.9375, 2.75, 5.9375, 8.4375 ], "autoUv": false }
															}
														}
													]
												},
												{
													"name": "R eye",
													"from": [ 0.0, 0.0, 0.0 ], 
													"to": [ 0.24, 0.72, 0.24 ], 
													"rotationOrigin": [ 0.0, 0.0, 0.0 ],
													"faces": {
														"north": { "texture": "#skin", "uv": [ 1.4375, 5.5, 6.6625, 11.9125 ], "autoUv": false },
														"east": { "texture": "#skin", "uv": [ 2.1875, 6.9375, 5.8125, 11.875 ], "autoUv": false },
														"south": { "texture": "#skin", "uv": [ 2.0, 8.625, 6.5625, 13.125 ], "autoUv": false },
														"west": { "texture": "#skin", "uv": [ 1.5, 9.4375, 5.625, 13.625 ], "autoUv": false },
														"up": { "texture": "#skin", "uv": [ 2.25, 8.0, 5.75, 13.25 ], "autoUv": false },
														"down": { "texture": "#skin", "uv": [ 2.1875, 5.375, 6.6875, 10.9375 ], "autoUv": false }
													},
													"children": [
														{
															"name": "Cube13",
															"from": [ -0.24, 0.6, 0.0 ], 
															"to": [ 0.0, 1.2, 0.24 ], 
															"rotationOrigin": [ 0.0, 0.0, 0.0 ],
															"rotationZ": -22.5000003066977,
															"faces": {
																"north": { "texture": "#skin", "uv": [ 2.5625, 4.6875, 5.6625, 10.4125 ], "autoUv": false },
																"east": { "texture": "#skin", "uv": [ 1.75, 4.5625, 5.375, 10.8125 ], "autoUv": false },
																"south": { "texture": "#skin", "uv": [ 1.8125, 3.25, 5.75, 10.0 ], "autoUv": false },
																"west": { "texture": "#skin", "uv": [ 1.875, 3.8125, 5.75, 9.6875 ], "autoUv": false },
																"up": { "texture": "#skin", "uv": [ 2.25, 4.8125, 5.875, 11.0 ], "autoUv": false },
																"down": { "texture": "#skin", "uv": [ 2.0, 4.0, 5.8125, 11.3125 ], "autoUv": false }
															}
														}
													]
												}
											]
										}
									]
								}
							]
						}
					]
				},
				{
					"name": "Shell",
					"from": [ 0.0, 0.0, 0.0 ], 
					"to": [ 3.6, 3.6, 1.2 ], 
					"faces": {
						"north": { "texture": "#skin", "uv": [ 9.8125, 0.875, 15.3375, 15.0125 ], "autoUv": false },
						"east": { "texture": "#skin", "uv": [ 9.0625, 1.4375, 10.325, 5.2 ], "autoUv": false },
						"south": { "texture": "#skin", "uv": [ 10.0, 0.9375, 15.375, 13.75 ], "autoUv": false },
						"west": { "texture": "#skin", "uv": [ 9.3125, 1.875, 10.5, 5.4375 ] },
						"up": { "texture": "#skin", "uv": [ 9.8125, 4.0625, 15.9625, 6.3875 ], "autoUv": false },
						"down": { "texture": "#skin", "uv": [ 10.625, 1.4375, 14.1875, 2.625 ] }
					},
					"children": [
						{
							"name": "Cube2",
							"from": [ 0.6, 3.24, 0.12 ], 
							"to": [ 2.988, 3.84, 1.08 ], 
							"faces": {
								"north": { "texture": "#skin", "uv": [ 9.25, 2.3125, 15.7, 3.7875 ], "autoUv": false },
								"east": { "texture": "#skin", "uv": [ 9.5625, 2.75, 10.0125, 6.35 ], "autoUv": false },
								"south": { "texture": "#skin", "uv": [ 10.0, 2.8125, 15.4, 3.7875 ], "autoUv": false },
								"west": { "texture": "#skin", "uv": [ 10.25, 3.25, 11.1875, 3.8125 ] },
								"up": { "texture": "#skin", "uv": [ 9.0, 1.625, 15.65, 2.8 ], "autoUv": false },
								"down": { "texture": "#skin", "uv": [ 9.75, 3.375, 10.05, 7.275 ], "autoUv": false }
							}
						},
						{
							"name": "Cube3",
							"from": [ 4.2, 3.24, 0.12 ], 
							"to": [ 6.588, 3.84, 1.08 ], 
							"rotationOrigin": [ 3.6, 0.0, 0.0 ],
							"rotationZ": 90.0,
							"faces": {
								"north": { "texture": "#skin", "uv": [ 9.375, 3.8125, 10.55, 6.1625 ], "autoUv": false },
								"east": { "texture": "#skin", "uv": [ 9.4375, 2.5, 10.0, 3.4375 ], "autoUv": false },
								"south": { "texture": "#skin", "uv": [ 8.875, 2.5, 9.75, 4.5 ], "autoUv": false },
								"west": { "texture": "#skin", "uv": [ 9.3125, 2.4375, 9.4375, 4.4375 ], "autoUv": false },
								"up": { "texture": "#skin", "uv": [ 9.0, 1.75, 9.5625, 5.0 ], "autoUv": false },
								"down": { "texture": "#skin", "uv": [ 9.0625, 3.5, 9.6875, 6.125 ], "autoUv": false }
							}
						},
						{
							"name": "Cube5",
							"from": [ 0.276, 0.144, -0.24 ], 
							"to": [ 3.276, 3.144, 1.44 ], 
							"faces": {
								"north": { "texture": "#skin", "uv": [ 9.0, 2.625, 15.4375, 4.5 ], "autoUv": false },
								"east": { "texture": "#skin", "uv": [ 9.0, 3.25, 9.5625, 4.5625 ], "autoUv": false },
								"south": { "texture": "#skin", "uv": [ 9.1875, 2.0625, 14.875, 4.6875 ], "autoUv": false },
								"west": { "texture": "#skin", "uv": [ 9.125, 2.8125, 9.8125, 4.6875 ], "autoUv": false },
								"up": { "texture": "#skin", "uv": [ 9.125, 1.0, 10.125, 2.875 ], "autoUv": false },
								"down": { "texture": "#skin", "uv": [ 9.5, 3.5, 10.25, 5.125 ], "autoUv": false }
							}
						},
						{
							"name": "Cube6",
							"from": [ 0.6, 0.288, -0.48 ], 
							"to": [ 3.0, 2.688, 1.68 ], 
							"faces": {
								"north": { "texture": "#skin", "uv": [ 9.375, 1.9375, 15.1875, 4.375 ], "autoUv": false },
								"east": { "texture": "#skin", "uv": [ 9.3125, 1.875, 9.8125, 3.125 ], "autoUv": false },
								"south": { "texture": "#skin", "uv": [ 9.1875, 1.6875, 15.5, 3.1875 ], "autoUv": false },
								"west": { "texture": "#skin", "uv": [ 9.375, 1.8125, 9.8125, 3.125 ], "autoUv": false },
								"up": { "texture": "#skin", "uv": [ 8.9375, 2.0625, 9.5, 3.125 ], "autoUv": false },
								"down": { "texture": "#skin", "uv": [ 9.4375, 1.4375, 9.75, 3.625 ], "autoUv": false }
							}
						},
						{
							"name": "Cube7",
							"from": [ 0.876, 0.6, -0.792 ], 
							"to": [ 2.676, 2.4, 1.968 ], 
							"faces": {
								"north": { "texture": "#skin", "uv": [ 8.875, 2.875, 15.5625, 4.8125 ], "autoUv": false },
								"east": { "texture": "#skin", "uv": [ 8.9375, 2.1875, 9.9375, 4.0625 ], "autoUv": false },
								"south": { "texture": "#skin", "uv": [ 9.375, 1.4375, 15.0, 6.4375 ], "autoUv": false },
								"west": { "texture": "#skin", "uv": [ 9.0625, 1.75, 9.8125, 2.875 ], "autoUv": false },
								"up": { "texture": "#skin", "uv": [ 9.0625, 3.375, 10.0625, 4.75 ], "autoUv": false },
								"down": { "texture": "#skin", "uv": [ 9.375, 3.125, 10.375, 4.9375 ], "autoUv": false }
							}
						},
						{
							"name": "Cube4",
							"from": [ 7.8, 3.36, 0.12 ], 
							"to": [ 10.188, 3.96, 1.08 ], 
							"rotationOrigin": [ 7.2, 0.0, 0.0 ],
							"rotationZ": 89.99998481315616,
							"faces": {
								"north": { "texture": "#skin", "uv": [ 8.9375, 2.875, 9.675, 4.1625 ], "autoUv": false },
								"east": { "texture": "#skin", "uv": [ 8.9375, 2.0, 9.5625, 3.4375 ], "autoUv": false },
								"south": { "texture": "#skin", "uv": [ 9.375, 2.8125, 10.0, 5.0625 ], "autoUv": false },
								"west": { "texture": "#skin", "uv": [ 9.3125, 2.875, 10.0, 5.1875 ], "autoUv": false },
								"up": { "texture": "#skin", "uv": [ 9.125, 3.25, 9.6875, 5.5625 ], "autoUv": false },
								"down": { "texture": "#skin", "uv": [ 9.3125, 4.125, 9.9375, 6.375 ], "autoUv": false }
							}
						}
					]
				}
			]
		}
	],
	"animations": [
		{
			"name": "Animation 1",
			"code": "idleskin",
			"quantityframes": 75,
			"onActivityStopped": "Rewind",
			"onAnimationEnd": "Repeat",
			"keyframes": [
				{
					"frame": 4,
					"elements": {
						"Origin": {  },
						"Body": { "offsetX": 0.0, "offsetY": 0.0, "offsetZ": 0.0, "rotationX": 0.0, "rotationY": 0.0, "rotationZ": 0.0 },
						"R eye": { "rotationX": 0.0, "rotationY": 0.0, "rotationZ": -22.5 },
						"L Eye": { "rotationX": 0.0, "rotationY": 0.0, "rotationZ": -22.5 },
						"Head": { "offsetX": 0.0, "offsetY": 0.0, "offsetZ": 0.0, "rotationX": 0.0, "rotationY": 0.0, "rotationZ": 0.0 }
					}
				},
				{
					"frame": 16,
					"elements": {
						"Origin": {  },
						"Body": {  },
						"R eye": { "rotationX": 0.0, "rotationY": 0.0, "rotationZ": 0.0 },
						"Mid body": {  },
						"Head": { "offsetX": 0.2, "offsetY": 0.0, "offsetZ": 0.0 }
					}
				},
				{
					"frame": 27,
					"elements": {
						"Origin": {  },
						"Body": { "offsetX": -0.2, "offsetY": 0.2, "offsetZ": 0.0, "rotationX": 0.0, "rotationY": 0.0, "rotationZ": -10.0 },
						"Head": { "offsetX": 0.2, "offsetY": 0.0, "offsetZ": 0.0, "rotationX": 0.0, "rotationY": 0.0, "rotationZ": 0.0 },
						"Mid body": { "offsetX": 0.0, "offsetY": 0.0, "offsetZ": 0.0 },
						"Eyes": {  },
						"L Eye": { "rotationX": 0.0, "rotationY": 0.0, "rotationZ": -13.5 },
						"R eye": { "rotationX": 0.0, "rotationY": 0.0, "rotationZ": 0.0 }
					}
				},
				{
					"frame": 34,
					"elements": {
						"Origin": {  },
						"Body": {  },
						"Head": { "offsetX": 0.1, "offsetY": 0.0, "offsetZ": 0.0, "rotationX": 0.0, "rotationY": 0.0, "rotationZ": 0.0 },
						"Mid body": {  },
						"Eyes": {  },
						"L Eye": { "rotationX": 0.0, "rotationY": 0.0, "rotationZ": 0.0 },
						"R eye": { "rotationX": 0.0, "rotationY": 0.0, "rotationZ": -0.5889423076923077 }
					}
				},
				{
					"frame": 55,
					"elements": {
						"Origin": {  },
						"Body": {  },
						"Head": { "offsetX": 0.05, "offsetY": 0.0, "offsetZ": 0.0, "rotationX": 0.0, "rotationY": 0.0, "rotationZ": 0.0 },
						"Mid body": {  },
						"Eyes": {  },
						"L Eye": { "rotationX": 0.0, "rotationY": 0.0, "rotationZ": 0.0 },
						"R eye": { "rotationX": 0.0, "rotationY": 0.0, "rotationZ": -3.28125 }
					}
				}
			]
		},

		{
			"name": "Animation 2",
			"code": "dead",
			"quantityframes": 30,
			"onActivityStopped": "Rewind",
			"onAnimationEnd": "Repeat",
			"keyframes": [
				{
					"frame": 24,
					"elements": {
						"Origin": { "offsetX": 0.0, "offsetY": 0.0, "offsetZ": -0.2, "rotationX": -90.0, "rotationY": 0.0, "rotationZ": 0.0 },
						"Body": { "offsetX": 1.3, "offsetY": 0.1, "offsetZ": 0.0 },
						"Head": { "offsetX": -3.0, "offsetY": -0.5, "offsetZ": 0.0, "rotationX": 0.0, "rotationY": 0.0, "rotationZ": 67.5 },
						"Mid body": { "offsetX": -0.2, "offsetY": 0.0, "offsetZ": 0.0, "rotationX": 0.0, "rotationY": 0.0, "rotationZ": 0.0 },
						"Eyes": {  },
						"L Eye": { "offsetX": -0.2, "offsetY": -0.8, "offsetZ": -0.2, "rotationX": 0.0, "rotationY": 0.0, "rotationZ": 22.5 },
						"R eye": { "offsetX": 0.0, "offsetY": -0.6, "offsetZ": 0.0, "rotationX": 0.0, "rotationY": 0.0, "rotationZ": 0.0 }
					}
				}
			]
		},

		{
			"name": "Animation 3",
			"code": "moveskin",
			"quantityframes": 30,
			"onActivityStopped": "Rewind",
			"onAnimationEnd": "Repeat",
			"keyframes": [
				{
					"frame": 0,
					"elements": {
						"Origin": {  },
						"Body": { "offsetX": -0.3, "offsetY": 0.0, "offsetZ": 0.0, "rotationX": 0.0, "rotationY": 0.0, "rotationZ": 0.0 },
						"Head": {  },
						"Mid body": {  },
						"Eyes": { "rotationX": 0.0, "rotationY": 0.0, "rotationZ": -12.5 }
					}
				},
				{
					"frame": 10,
					"elements": {
						"Origin": {  },
						"Body": { "offsetX": -0.3, "offsetY": 0.0, "offsetZ": 0.0, "rotationX": 0.0, "rotationY": 0.0, "rotationZ": 0.0 },
						"Head": {  },
						"Mid body": {  },
						"Eyes": { "rotationX": 0.0, "rotationY": 0.0, "rotationZ": -16.0 }
					}
				}
			]
		}
	]
}