{
	"editor": {
		"collapsedPaths": "Root/Origin/Cube14,Root/Origin/R back leg/Cube14,Root/Origin/Cube15,Root/Origin/PlaceHolder/abdomen,Root/Cube1/body/head,Root/Origin/R back leg/Cube14/FootR,Root/Origin/body/L front leg,Root/Origin/PlaceHolder/L front leg,Root/Origin/L back leg,Root/Origin/body/head,Root/Origin/PlaceHolder/R front leg,Root/Cube1/body/L front leg,Root/Origin/PlaceHolder/head,Root/Origin/R back leg,Root/Cube1/body/abdomen,Root/Cube1/body/R front leg,Root/Origin/R back leg/Cube14/FootROrigin",
		"allAngles": true,
		"entityTextureMode": true
	},
	"textureWidth": 32,
	"textureHeight": 32,
	"textureSizes": {
	},
	"textures": {
		"toad1": "entity/land/toad/toad1"
	},
	"elements": [
		{
			"name": "Origin",
			"from": [ 8.0, 1.8, 8.0 ],
			"to": [ 8.0, 1.8, 8.0 ],
			"uv": [ 0.0, 0.0 ],
			"rotationOrigin": [ 8.0, 1.0, 8.0 ],
			"faces": {
				"north": { "texture": "#toad1", "uv": [ 0.0, 0.5, 0.125, 0.625 ] },
				"east": { "texture": "#null", "uv": [ 0.0, 0.5, 0.5, 1.0 ] },
				"south": { "texture": "#null", "uv": [ 0.5, 0.5, 1.0, 1.0 ] },
				"west": { "texture": "#null", "uv": [ 1.0, 0.5, 1.5, 1.0 ] },
				"up": { "texture": "#null", "uv": [ 0.0, 0.0, 0.5, 0.5 ] },
				"down": { "texture": "#null", "uv": [ 0.5, 0.0, 1.0, 0.5 ] }
			},
			"children": [
				{
					"name": "body",
					"from": [ -1.2, -0.13, -1.0 ],
					"to": [ 1.0, 1.57, 0.9 ],
					"unwrapRotation": 1,
					"autoUnwrap": false,
					"uv": [ 1.5, 1.5 ],
					"rotationOrigin": [ 0.0, 0.24, 0.0 ],
					"rotationZ": -3.0,
					"faces": {
						"north": { "texture": "#toad1", "uv": [ 2.6263, 3.1223, 4.4255, 4.6239 ], "rotation": 270, "autoUv": false },
						"east": { "texture": "#toad1", "uv": [ 23.0, 29.5, 24.5, 31.0 ], "rotation": 180 },
						"south": { "texture": "#toad1", "uv": [ 5.968, 3.0133, 7.7692, 4.5113 ], "rotation": 90, "autoUv": false },
						"west": { "texture": "#toad1", "uv": [ 14.375, 1.625, 16.25, 3.25 ] },
						"up": { "texture": "#toad1", "uv": [ 4.125, 2.375, 5.925, 3.275 ], "rotation": 90, "autoUv": false },
						"down": { "texture": "#toad1", "uv": [ 17.0, 11.0, 18.5, 13.0 ], "rotation": 270 }
					},
					"children": [
						{
							"name": "Cube12",
							"from": [ -0.5, 0.0, 0.5 ],
							"to": [ 1.7, 0.5, 1.5 ],
							"uv": [ 14.0, 16.625 ],
							"rotationOrigin": [ 0.0, 0.0, 1.0 ],
							"rotationZ": -25.0,
							"faces": {
								"north": { "texture": "#toad1", "uv": [ 14.0, 17.625, 16.125, 18.125 ] },
								"east": { "texture": "#toad1", "uv": [ 16.125, 17.625, 17.125, 18.125 ] },
								"south": { "texture": "#toad1", "uv": [ 17.125, 17.625, 19.25, 18.125 ] },
								"west": { "texture": "#toad1", "uv": [ 19.25, 17.625, 20.25, 18.125 ] },
								"up": { "texture": "#toad1", "uv": [ 14.0, 16.625, 16.125, 17.625 ] },
								"down": { "texture": "#toad1", "uv": [ 16.125, 16.625, 18.25, 17.625 ] }
							}
						},
						{
							"name": "Cube5",
							"from": [ 0.0, -0.03, 1.0 ],
							"to": [ 2.0, 1.47, 2.0 ],
							"autoUnwrap": false,
							"uv": [ 23.125, 22.5 ],
							"rotationOrigin": [ 0.0, -0.08, 1.0 ],
							"rotationY": -11.0,
							"rotationZ": -22.0,
							"faces": {
								"north": { "texture": "#toad1", "uv": [ 22.5, 23.5, 24.5, 25.0 ] },
								"east": { "texture": "#toad1", "uv": [ 7.25, 6.375, 8.25, 7.875 ] },
								"south": { "texture": "#toad1", "uv": [ 7.0, 7.5, 8.5, 9.5 ], "rotation": 90 },
								"west": { "texture": "#toad1", "uv": [ 19.25, 16.125, 20.25, 17.625 ] },
								"up": { "texture": "#toad1", "uv": [ 23.625, 22.5, 25.625, 23.5 ] },
								"down": { "texture": "#toad1", "uv": [ 18.25, 17.625, 20.25, 18.625 ] }
							}
						},
						{
							"name": "Cube9",
							"from": [ 0.0, 0.52, 1.01 ],
							"to": [ 2.45, 1.52, 2.01 ],
							"autoUnwrap": false,
							"uv": [ 23.125, 20.5 ],
							"rotationOrigin": [ 0.0, -0.08, 1.0 ],
							"rotationY": -11.0,
							"rotationZ": 2.0,
							"faces": {
								"north": { "texture": "#toad1", "uv": [ 23.125, 20.75, 25.5, 21.75 ] },
								"east": { "texture": "#toad1", "uv": [ 5.75, 7.75, 6.75, 8.75 ] },
								"south": { "texture": "#toad1", "uv": [ 2.5, 2.0, 3.5, 4.0 ], "rotation": 270 },
								"west": { "texture": "#toad1", "uv": [ 28.875, 21.0, 29.875, 22.0 ] },
								"up": { "texture": "#toad1", "uv": [ 29.375, 25.25, 31.75, 26.25 ] },
								"down": { "texture": "#toad1", "uv": [ 25.625, 21.0, 28.0, 22.0 ] }
							}
						},
						{
							"name": "Cube10",
							"from": [ -0.2, -0.12, -0.1 ],
							"to": [ 1.8, 1.38, 0.9 ],
							"autoUnwrap": false,
							"uv": [ 23.125, 22.5 ],
							"rotationOrigin": [ 0.0, -0.08, 0.0 ],
							"rotationY": 11.0,
							"rotationZ": -22.0,
							"faces": {
								"north": { "texture": "#toad1", "uv": [ 1.5, 7.5, 3.0, 9.5 ], "rotation": 270 },
								"east": { "texture": "#toad1", "uv": [ 7.25, 6.375, 8.25, 7.875 ] },
								"south": { "texture": "#toad1", "uv": [ 7.0, 7.5, 8.5, 9.5 ], "rotation": 90 },
								"west": { "texture": "#toad1", "uv": [ 19.25, 16.125, 20.25, 17.625 ] },
								"up": { "texture": "#toad1", "uv": [ 22.5, 22.5, 24.5, 23.5 ] },
								"down": { "texture": "#toad1", "uv": [ 18.25, 17.625, 20.25, 18.625 ] }
							}
						},
						{
							"name": "Cube11",
							"from": [ -0.2, 0.52, -0.11 ],
							"to": [ 2.25, 1.52, 0.89 ],
							"autoUnwrap": false,
							"uv": [ 23.125, 20.5 ],
							"rotationOrigin": [ 0.0, -0.08, 0.0 ],
							"rotationY": 11.0,
							"rotationZ": 2.0,
							"faces": {
								"north": { "texture": "#toad1", "uv": [ 6.62, 2.0, 7.62, 4.375 ], "rotation": 90, "autoUv": false },
								"east": { "texture": "#toad1", "uv": [ 5.75, 7.75, 6.75, 8.75 ] },
								"south": { "texture": "#toad1", "uv": [ 2.5, 2.0, 3.5, 4.0 ], "rotation": 270 },
								"west": { "texture": "#toad1", "uv": [ 28.875, 21.5, 29.875, 22.5 ] },
								"up": { "texture": "#toad1", "uv": [ 29.375, 25.25, 31.75, 26.25 ] },
								"down": { "texture": "#toad1", "uv": [ 25.625, 20.125, 28.0, 21.125 ] }
							}
						},
						{
							"name": "head",
							"from": [ -1.1827, 0.1732, -0.08 ],
							"to": [ 0.3173, 1.6732, 2.02 ],
							"autoUnwrap": false,
							"uv": [ 20.5, 1.0 ],
							"rotationOrigin": [ 0.2573, 0.9532, 0.94 ],
							"rotationZ": 1.0,
							"faces": {
								"north": { "texture": "#toad1", "uv": [ 1.472, 1.972, 2.9708, 3.4708 ], "rotation": 270, "autoUv": false },
								"east": { "texture": "#toad1", "uv": [ 17.75, 3.625, 19.75, 5.125 ] },
								"south": { "texture": "#toad1", "uv": [ 5.9413, 1.8683, 7.4389, 4.5663 ], "rotation": 90, "autoUv": false },
								"west": { "texture": "#toad1", "uv": [ 3.875, 5.0, 5.875, 6.5 ] },
								"up": { "texture": "#toad1", "uv": [ 4.081, 1.758, 5.7994, 3.2532 ], "rotation": 90, "autoUv": false },
								"down": { "texture": "#toad1", "uv": [ 17.0, 14.5, 18.5, 16.5 ] }
							},
							"children": [
								{
									"name": "mouth",
									"from": [ -0.9, 0.54, 0.3 ],
									"to": [ 0.6, 0.99, 1.8 ],
									"unwrapMode": 5,
									"unwrapRotation": 1,
									"autoUnwrap": false,
									"uv": [ 21.5, 19.0 ],
									"rotationOrigin": [ 0.6, 1.02, 0.9 ],
									"faces": {
										"north": { "texture": "#toad1", "uv": [ 19.0, 2.0, 19.5, 3.5 ], "rotation": 270 },
										"south": { "texture": "#toad1", "uv": [ 19.0, 2.0, 19.5, 3.5 ], "rotation": 90 },
										"west": { "texture": "#toad1", "uv": [ 18.0, 1.5, 19.5, 1.875 ] },
										"up": { "texture": "#toad1", "uv": [ 4.0, 1.5, 5.5, 3.0 ], "rotation": 270 },
										"down": { "texture": "#toad1", "uv": [ 25.5, 11.0, 27.0, 12.5 ], "rotation": 270 }
									},
									"children": [
										{
											"name": "jaw",
											"from": [ 0.0, -0.2, 0.0 ],
											"to": [ 1.25, 0.0, 1.5 ],
											"unwrapMode": 5,
											"unwrapRotation": 1,
											"autoUnwrap": false,
											"uv": [ 14.0, 7.0 ],
											"rotationOrigin": [ 1.3, -0.2, 0.7 ],
											"faces": {
												"north": { "texture": "#toad1", "uv": [ 14.0, 7.0, 14.5, 8.0 ], "rotation": 270 },
												"south": { "texture": "#toad1", "uv": [ 17.0, 7.0, 17.5, 8.0 ], "rotation": 90 },
												"west": { "texture": "#toad1", "uv": [ 14.625, 9.0, 16.125, 9.125 ] },
												"up": { "texture": "#toad1", "uv": [ 25.0, 16.0, 26.5, 17.0 ], "rotation": 90 },
												"down": { "texture": "#toad1", "uv": [ 14.5, 7.0, 16.0, 8.0 ], "rotation": 270 }
											},
											"children": [
												{
													"name": "Tongue1",
													"from": [ 0.6, 0.18, 0.6 ],
													"to": [ 1.8, 0.36, 0.9 ],
													"unwrapMode": 5,
													"unwrapRotation": 1,
													"uv": [ 30.0, 13.5 ],
													"rotationOrigin": [ 1.8, -0.54, 1.02 ],
													"faces": {
														"north": { "texture": "#toad1", "uv": [ 30.0, 13.5, 30.5, 14.5 ], "rotation": 270 },
														"south": { "texture": "#toad1", "uv": [ 31.0, 13.5, 31.5, 14.5 ], "rotation": 90 },
														"west": { "texture": "#toad1", "uv": [ 30.2933, 15.4987, 30.5877, 15.6779 ] },
														"up": { "texture": "#toad1", "uv": [ 30.5, 13.5, 31.0, 14.5 ], "rotation": 90 },
														"down": { "texture": "#toad1", "uv": [ 31.0, 13.5, 31.5, 14.5 ], "rotation": 270 }
													},
													"children": [
														{
															"name": "Tongue2",
															"from": [ 0.0, 0.0, 0.0 ],
															"to": [ 1.2, 0.18, 0.3 ],
															"unwrapMode": 5,
															"unwrapRotation": 1,
															"uv": [ 30.0, 11.5 ],
															"rotationOrigin": [ 1.2, -0.72, 0.42 ],
															"faces": {
																"north": { "texture": "#toad1", "uv": [ 30.0, 11.5, 30.5, 12.5 ], "rotation": 270 },
																"south": { "texture": "#toad1", "uv": [ 31.0, 11.5, 31.5, 12.5 ], "rotation": 90 },
																"west": { "texture": "#toad1", "uv": [ 30.2933, 13.5147, 30.5877, 13.6939 ] },
																"up": { "texture": "#toad1", "uv": [ 30.5, 11.5, 31.0, 12.5 ], "rotation": 90 },
																"down": { "texture": "#toad1", "uv": [ 31.0, 11.5, 31.5, 12.5 ], "rotation": 270 }
															},
															"children": [
																{
																	"name": "Tongue3",
																	"from": [ 0.0, 0.0, 0.0 ],
																	"to": [ 1.2, 0.18, 0.3 ],
																	"unwrapMode": 5,
																	"unwrapRotation": 1,
																	"uv": [ 30.0, 15.5 ],
																	"rotationOrigin": [ 1.2, -0.72, 0.42 ],
																	"faces": {
																		"north": { "texture": "#toad1", "uv": [ 30.0, 15.5, 30.5, 16.5 ], "rotation": 270 },
																		"south": { "texture": "#toad1", "uv": [ 31.0, 15.5, 31.5, 16.5 ], "rotation": 90 },
																		"west": { "texture": "#toad1", "uv": [ 30.2933, 17.5147, 30.5877, 17.6939 ] },
																		"up": { "texture": "#toad1", "uv": [ 30.5, 15.5, 31.0, 16.5 ], "rotation": 90 },
																		"down": { "texture": "#toad1", "uv": [ 31.0, 15.5, 31.5, 16.5 ], "rotation": 270 }
																	}
																}
															]
														}
													]
												},
												{
													"name": "Cube7",
													"from": [ 0.1, 0.0, 0.01 ],
													"to": [ 1.0, 0.25, 1.49 ],
													"uv": [ 9.25, 0.5 ],
													"rotationOrigin": [ 0.0, -0.05, 0.75 ],
													"rotationZ": -16.0,
													"faces": {
														"north": { "texture": "#toad1", "uv": [ 9.25, 1.875, 10.125, 2.125 ] },
														"east": { "texture": "#toad1", "uv": [ 10.125, 1.875, 11.5, 2.125 ] },
														"south": { "texture": "#toad1", "uv": [ 11.5, 1.875, 12.375, 2.125 ] },
														"west": { "texture": "#toad1", "uv": [ 12.375, 1.875, 13.75, 2.125 ] },
														"up": { "texture": "#toad1", "uv": [ 9.25, 0.5, 10.125, 1.875 ] },
														"down": { "texture": "#toad1", "uv": [ 10.125, 0.5, 11.0, 1.875 ] }
													}
												}
											]
										},
										{
											"name": "Cube2",
											"from": [ 0.2, 0.0, 0.2 ],
											"to": [ 1.3, 0.5, 1.2 ],
											"autoUnwrap": false,
											"uv": [ 10.0, 7.0 ],
											"rotationOrigin": [ 0.2, 0.0, 0.8 ],
											"rotationZ": 28.0,
											"faces": {
												"north": { "texture": "#toad1", "uv": [ 10.0, 8.375, 11.0, 8.875 ] },
												"east": { "texture": "#toad1", "uv": [ 11.25, 8.375, 12.25, 8.875 ] },
												"south": { "texture": "#toad1", "uv": [ 12.625, 8.375, 13.625, 8.875 ] },
												"west": { "texture": "#toad1", "uv": [ 13.875, 8.375, 14.875, 8.875 ] },
												"up": { "texture": "#toad1", "uv": [ 4.5, 5.5, 5.5, 6.5 ], "rotation": 90 },
												"down": { "texture": "#toad1", "uv": [ 11.375, 7.0, 12.375, 8.0 ] }
											}
										}
									]
								},
								{
									"name": "croak cube",
									"from": [ 0.3, -0.06, 0.36 ],
									"to": [ 1.14, 0.78, 1.74 ],
									"uv": [ 0.5, 14.5 ],
									"rotationOrigin": [ 1.2, 0.0, 0.0 ],
									"faces": {
										"north": { "texture": "#toad1", "uv": [ 0.5013, 16.8, 1.3397, 17.6384 ] },
										"east": { "texture": "#toad1", "uv": [ 1.8987, 16.8, 3.2747, 17.6384 ] },
										"south": { "texture": "#toad1", "uv": [ 4.192, 16.8, 5.0304, 17.6384 ] },
										"west": { "texture": "#toad1", "uv": [ 5.5787, 16.8, 6.9547, 17.6384 ] },
										"up": { "texture": "#toad1", "uv": [ 0.5013, 14.496, 1.3397, 15.872 ] },
										"down": { "texture": "#toad1", "uv": [ 1.8987, 14.496, 2.7371, 15.872 ] }
									}
								},
								{
									"name": "Cube3",
									"from": [ 0.8, 1.0, 1.6 ],
									"to": [ 1.8, 1.6, 2.2 ],
									"uv": [ 27.25, 29.75 ],
									"rotationOrigin": [ 1.0, 1.0, 2.0 ],
									"faces": {
										"north": { "texture": "#toad1", "uv": [ 27.25, 30.25, 28.25, 30.75 ] },
										"east": { "texture": "#toad1", "uv": [ 28.25, 30.25, 28.75, 30.75 ] },
										"south": { "texture": "#toad1", "uv": [ 28.75, 30.25, 29.75, 30.75 ] },
										"west": { "texture": "#toad1", "uv": [ 29.75, 30.25, 30.25, 30.75 ] },
										"up": { "texture": "#toad1", "uv": [ 27.25, 29.75, 28.25, 30.25 ] },
										"down": { "texture": "#toad1", "uv": [ 28.25, 29.75, 29.25, 30.25 ] }
									}
								},
								{
									"name": "Cube4",
									"from": [ 0.8, 1.0, -0.1 ],
									"to": [ 1.8, 1.6, 0.5 ],
									"uv": [ 27.25, 28.625 ],
									"rotationOrigin": [ 1.0, 1.0, 0.0 ],
									"faces": {
										"north": { "texture": "#toad1", "uv": [ 27.25, 29.125, 28.25, 29.625 ] },
										"east": { "texture": "#toad1", "uv": [ 28.25, 29.125, 28.75, 29.625 ] },
										"south": { "texture": "#toad1", "uv": [ 28.75, 29.125, 29.75, 29.625 ] },
										"west": { "texture": "#toad1", "uv": [ 29.75, 29.125, 30.25, 29.625 ] },
										"up": { "texture": "#toad1", "uv": [ 27.25, 28.625, 28.25, 29.125 ] },
										"down": { "texture": "#toad1", "uv": [ 28.25, 28.625, 29.25, 29.125 ] }
									}
								},
								{
									"name": "EyeL",
									"from": [ -0.4, 1.0, 1.3 ],
									"to": [ 0.6, 1.6, 2.0 ],
									"autoUnwrap": false,
									"uv": [ 18.625, 8.5 ],
									"rotationOrigin": [ 0.0, 1.0, 1.6 ],
									"rotationY": -45.0,
									"faces": {
										"north": { "texture": "#toad1", "uv": [ 18.625, 9.125, 19.625, 9.625 ] },
										"east": { "texture": "#toad1", "uv": [ 19.625, 9.125, 20.25, 9.625 ] },
										"south": { "texture": "#toad1", "uv": [ 23.3, 25.5, 25.125, 27.125 ], "autoUv": false },
										"west": { "texture": "#toad1", "uv": [ 21.25, 9.125, 21.875, 9.625 ] },
										"up": { "texture": "#toad1", "uv": [ 27.125, 25.25, 28.125, 25.875 ] },
										"down": { "texture": "#toad1", "uv": [ 19.75, 8.5, 20.75, 9.125 ] }
									}
								},
								{
									"name": "Cube6",
									"from": [ -0.75, 0.541, 1.35 ],
									"to": [ 0.25, 1.001, 2.05 ],
									"uv": [ 16.25, 8.625 ],
									"rotationOrigin": [ 0.0, 1.0, 1.6 ],
									"rotationY": -18.0,
									"faces": {
										"north": { "texture": "#toad1", "uv": [ 16.25, 9.25, 17.25, 9.625 ] },
										"east": { "texture": "#toad1", "uv": [ 17.25, 9.25, 17.875, 9.625 ] },
										"south": { "texture": "#toad1", "uv": [ 17.875, 9.25, 18.875, 9.625 ] },
										"west": { "texture": "#toad1", "uv": [ 18.875, 9.25, 19.5, 9.625 ] },
										"up": { "texture": "#toad1", "uv": [ 16.25, 8.625, 17.25, 9.25 ] },
										"down": { "texture": "#toad1", "uv": [ 17.25, 8.625, 18.25, 9.25 ] }
									}
								},
								{
									"name": "Cube8",
									"from": [ -0.75, 0.541, 0.05 ],
									"to": [ 0.25, 1.001, 0.75 ],
									"uv": [ 16.25, 8.625 ],
									"rotationOrigin": [ 0.0, 1.0, 0.6 ],
									"rotationY": 18.0,
									"faces": {
										"north": { "texture": "#toad1", "uv": [ 16.25, 9.25, 17.25, 9.625 ] },
										"east": { "texture": "#toad1", "uv": [ 17.25, 9.25, 17.875, 9.625 ] },
										"south": { "texture": "#toad1", "uv": [ 17.875, 9.25, 18.875, 9.625 ] },
										"west": { "texture": "#toad1", "uv": [ 18.875, 9.25, 19.5, 9.625 ] },
										"up": { "texture": "#toad1", "uv": [ 16.25, 8.625, 17.25, 9.25 ] },
										"down": { "texture": "#toad1", "uv": [ 17.25, 8.625, 18.25, 9.25 ] }
									}
								},
								{
									"name": "EyeR",
									"from": [ -1.03, 1.0, 0.62 ],
									"to": [ -0.03, 1.6, 1.32 ],
									"autoUnwrap": false,
									"uv": [ 22.0, 8.5 ],
									"rotationOrigin": [ -1.0, 1.0, 0.0 ],
									"rotationY": 45.0,
									"faces": {
										"north": { "texture": "#toad1", "uv": [ 23.25, 25.5, 25.13, 27.125 ], "autoUv": false },
										"east": { "texture": "#toad1", "uv": [ 23.0, 9.125, 23.625, 9.625 ] },
										"south": { "texture": "#toad1", "uv": [ 23.625, 9.125, 24.625, 9.625 ] },
										"west": { "texture": "#toad1", "uv": [ 24.625, 9.125, 25.25, 9.625 ] },
										"up": { "texture": "#toad1", "uv": [ 27.125, 25.875, 28.125, 26.5 ] },
										"down": { "texture": "#toad1", "uv": [ 23.0, 8.5, 24.0, 9.125 ] }
									}
								}
							]
						},
						{
							"name": "R front leg",
							"from": [ 0.0109, -0.8051, -0.5 ],
							"to": [ 0.9109, 0.6949, 0.4 ],
							"unwrapMode": 4,
							"uv": [ 23.5, 3.0 ],
							"rotationOrigin": [ 0.4909, 0.6949, 0.2 ],
							"rotationX": 18.9893,
							"rotationY": -0.651,
							"rotationZ": 15.1089,
							"faces": {
								"north": { "texture": "#toad1", "uv": [ 23.5, 3.875, 24.375, 5.375 ] },
								"east": { "texture": "#toad1", "uv": [ 26.125, 3.875, 27.0, 5.375 ] },
								"south": { "texture": "#toad1", "uv": [ 25.25, 3.875, 26.125, 5.375 ] },
								"west": { "texture": "#toad1", "uv": [ 24.375, 3.875, 25.25, 5.375 ] },
								"up": { "texture": "#toad1", "uv": [ 24.375, 3.0, 25.25, 3.875 ], "rotation": 90 },
								"down": { "texture": "#toad1", "uv": [ 24.375, 5.375, 25.25, 6.25 ], "rotation": 90 }
							},
							"children": [
								{
									"name": "right front feet",
									"from": [ 0.24, -1.15, 0.18 ],
									"to": [ 0.78, 0.55, 0.78 ],
									"unwrapMode": 4,
									"uv": [ 25.5, 4.0 ],
									"rotationOrigin": [ 0.48, 0.54, 0.65 ],
									"rotationX": -34.0,
									"rotationY": 8.0,
									"rotationZ": -32.0,
									"faces": {
										"north": { "texture": "#toad1", "uv": [ 25.5, 4.5, 26.0, 6.125 ] },
										"east": { "texture": "#toad1", "uv": [ 27.0, 4.5, 27.5, 6.125 ] },
										"south": { "texture": "#toad1", "uv": [ 26.5, 4.5, 27.0, 6.125 ] },
										"west": { "texture": "#toad1", "uv": [ 26.0, 4.5, 26.5, 6.125 ] },
										"up": { "texture": "#toad1", "uv": [ 26.0, 4.0, 26.5, 4.5 ], "rotation": 90 },
										"down": { "texture": "#toad1", "uv": [ 26.0, 6.125, 26.5, 6.625 ], "rotation": 90 }
									}
								}
							]
						},
						{
							"name": "L front leg",
							"from": [ 0.0674, -0.805, 1.6 ],
							"to": [ 0.9674, 0.695, 2.5 ],
							"unwrapMode": 4,
							"uv": [ 23.5, 2.5 ],
							"rotationOrigin": [ 0.4874, 0.595, 1.6 ],
							"rotationX": -18.9893,
							"rotationY": 0.651,
							"rotationZ": 15.1089,
							"faces": {
								"north": { "texture": "#toad1", "uv": [ 23.5, 3.375, 24.375, 4.875 ] },
								"east": { "texture": "#toad1", "uv": [ 26.125, 3.375, 27.0, 4.875 ] },
								"south": { "texture": "#toad1", "uv": [ 25.25, 3.375, 26.125, 4.875 ] },
								"west": { "texture": "#toad1", "uv": [ 24.375, 3.375, 25.25, 4.875 ] },
								"up": { "texture": "#toad1", "uv": [ 24.5, 2.5, 25.0, 3.0 ], "rotation": 90 },
								"down": { "texture": "#toad1", "uv": [ 24.5, 5.0, 25.0, 5.5 ], "rotation": 90 }
							},
							"children": [
								{
									"name": "left front feet",
									"from": [ 0.24, -1.25, 0.5 ],
									"to": [ 0.78, 0.45, 1.0 ],
									"unwrapMode": 4,
									"uv": [ 25.5, 4.0 ],
									"rotationOrigin": [ 0.48, 0.54, 0.5 ],
									"rotationX": 34.0,
									"rotationY": -8.0,
									"rotationZ": -32.0,
									"faces": {
										"north": { "texture": "#toad1", "uv": [ 25.5, 4.5, 26.0, 6.125 ] },
										"east": { "texture": "#toad1", "uv": [ 27.0, 4.5, 27.5, 6.125 ] },
										"south": { "texture": "#toad1", "uv": [ 26.5, 4.5, 27.0, 6.125 ] },
										"west": { "texture": "#toad1", "uv": [ 26.0, 4.5, 26.5, 6.125 ] },
										"up": { "texture": "#toad1", "uv": [ 26.0, 4.0, 26.5, 4.5 ], "rotation": 90 },
										"down": { "texture": "#toad1", "uv": [ 26.0, 6.125, 26.5, 6.625 ], "rotation": 90 }
									}
								}
							]
						},
						{
							"name": "abdomen",
							"from": [ 1.5703, -0.6428, -0.5 ],
							"to": [ 3.9103, 1.8972, 2.4 ],
							"unwrapMode": 5,
							"unwrapRotation": 1,
							"autoUnwrap": false,
							"uv": [ 0.5, 10.0 ],
							"rotationOrigin": [ 1.5703, 0.6572, 2.0 ],
							"rotationZ": -31.0,
							"faces": {
								"north": { "texture": "#toad1", "uv": [ 2.5, 5.5, 5.0, 7.5 ], "rotation": 270 },
								"east": { "texture": "#toad1", "uv": [ 3.315, 2.48, 6.429, 6.194 ], "autoUv": false },
								"south": { "texture": "#toad1", "uv": [ 5.0, 5.5, 7.5, 7.5 ], "rotation": 90 },
								"west": { "texture": "#toad1", "uv": [ 10.75, 2.5, 13.625, 5.0 ] },
								"up": { "texture": "#toad1", "uv": [ 3.94, 2.785, 5.854, 3.985 ], "rotation": 270, "autoUv": false },
								"down": { "texture": "#toad1", "uv": [ 14.0, 14.0, 16.5, 16.0 ], "rotation": 270 }
							},
							"children": [
								{
									"name": "Cube13",
									"from": [ 0.5, -0.01, 1.0 ],
									"to": [ 2.5, 2.51, 3.2 ],
									"autoUnwrap": false,
									"uv": [ 19.875, 3.625 ],
									"rotationOrigin": [ 1.0, 0.0, 1.0 ],
									"rotationY": 42.0,
									"faces": {
										"east": { "texture": "#toad1", "uv": [ 5.0, 4.25, 7.125, 6.75 ] },
										"south": { "texture": "#toad1", "uv": [ 3.125, 4.25, 5.125, 6.75 ] },
										"up": { "texture": "#toad1", "uv": [ 29.375, 26.25, 31.375, 28.375 ] },
										"down": { "texture": "#toad1", "uv": [ 18.125, 10.25, 20.125, 12.375 ] }
									}
								},
								{
									"name": "R back leg",
									"from": [ 1.4211, 0.22, -0.43 ],
									"to": [ 2.6211, 2.22, 0.57 ],
									"unwrapMode": 4,
									"uv": [ 14.5, 24.25 ],
									"rotationOrigin": [ 1.98, 2.02, 0.0 ],
									"rotationX": 33.8035,
									"rotationY": -17.388,
									"rotationZ": -19.355,
									"faces": {
										"north": { "texture": "#toad1", "uv": [ 14.5, 25.375, 15.625, 27.375 ] },
										"east": { "texture": "#toad1", "uv": [ 17.75, 25.375, 18.75, 27.375 ] },
										"south": { "texture": "#toad1", "uv": [ 16.625, 25.375, 17.75, 27.375 ] },
										"west": { "texture": "#toad1", "uv": [ 15.625, 25.375, 16.625, 27.375 ] },
										"up": { "texture": "#toad1", "uv": [ 15.625, 24.25, 16.625, 25.375 ], "rotation": 90 },
										"down": { "texture": "#toad1", "uv": [ 15.625, 27.375, 16.625, 28.5 ], "rotation": 90 }
									},
									"children": [
										{
											"name": "Cube18",
											"from": [ 0.0, 0.2, 0.05 ],
											"to": [ 1.0, 2.1, 0.95 ],
											"uv": [ 13.75, 3.25 ],
											"rotationOrigin": [ 0.0, 0.0, 0.0 ],
											"rotationZ": -19.0,
											"faces": {
												"north": { "texture": "#toad1", "uv": [ 13.75, 4.125, 14.75, 6.0 ] },
												"east": { "texture": "#toad1", "uv": [ 14.75, 4.125, 15.625, 6.0 ] },
												"south": { "texture": "#toad1", "uv": [ 15.625, 4.125, 16.625, 6.0 ] },
												"west": { "texture": "#toad1", "uv": [ 16.625, 4.125, 17.5, 6.0 ] },
												"up": { "texture": "#toad1", "uv": [ 13.75, 3.25, 14.75, 4.125 ] },
												"down": { "texture": "#toad1", "uv": [ 14.75, 3.25, 15.75, 4.125 ] }
											}
										},
										{
											"name": "Cube14",
											"from": [ 0.8893, 0.0, 0.0982 ],
											"to": [ 2.5893, 0.7, 0.7982 ],
											"uv": [ 11.5, 0.375 ],
											"rotationOrigin": [ 1.0125, 0.1518, 0.4482 ],
											"rotationX": 0.0,
											"rotationY": -8.0,
											"rotationZ": 45.0041,
											"faces": {
												"north": { "texture": "#toad1", "uv": [ 11.5, 1.0, 13.125, 1.625 ] },
												"east": { "texture": "#toad1", "uv": [ 13.125, 1.0, 13.75, 1.625 ] },
												"south": { "texture": "#toad1", "uv": [ 13.75, 1.0, 15.375, 1.625 ] },
												"west": { "texture": "#toad1", "uv": [ 15.375, 1.0, 16.0, 1.625 ] },
												"up": { "texture": "#toad1", "uv": [ 11.5, 0.375, 13.125, 1.0 ] },
												"down": { "texture": "#toad1", "uv": [ 13.125, 0.375, 14.75, 1.0 ] }
											},
											"children": [
												{
													"name": "Cube17",
													"from": [ 0.2968, 0.53, 0.0557 ],
													"to": [ 1.7968, 1.13, 0.6757 ],
													"uv": [ 0.0, 0.0 ],
													"rotationOrigin": [ 0.0, 0.1823, 0.35 ],
													"rotationX": 0.0,
													"rotationY": 0.0,
													"rotationZ": -16.0,
													"faces": {
														"north": { "texture": "#toad1", "uv": [ 0.0, 0.5, 1.5, 1.0 ] },
														"east": { "texture": "#toad1", "uv": [ 1.5, 0.5, 2.0, 1.0 ] },
														"south": { "texture": "#toad1", "uv": [ 2.0, 0.5, 3.5, 1.0 ] },
														"west": { "texture": "#toad1", "uv": [ 3.5, 0.5, 4.0, 1.0 ] },
														"up": { "texture": "#toad1", "uv": [ 0.0, 0.0, 1.5, 0.5 ] },
														"down": { "texture": "#toad1", "uv": [ 1.5, 0.0, 3.0, 0.5 ] }
													}
												},
												{
													"name": "FootROrigin",
													"from": [ 1.9068, -0.0033, -0.1292 ],
													"to": [ 1.9068, -0.0033, -0.1292 ],
													"uv": [ 0.0, 0.0 ],
													"rotationOrigin": [ 1.9068, -0.0033, 0.1708 ],
													"rotationX": -10.8206,
													"rotationY": 4.7595,
													"rotationZ": 19.2197,
													"faces": {
														"north": { "texture": "#toad1", "uv": [ 0.0, 0.125, 0.125, 0.25 ] },
														"east": { "texture": "#toad1", "uv": [ 0.125, 0.125, 0.25, 0.25 ] },
														"south": { "texture": "#toad1", "uv": [ 0.25, 0.125, 0.375, 0.25 ] },
														"west": { "texture": "#toad1", "uv": [ 0.375, 0.125, 0.5, 0.25 ] },
														"up": { "texture": "#toad1", "uv": [ 0.0, 0.0, 0.125, 0.125 ] },
														"down": { "texture": "#toad1", "uv": [ 0.125, 0.0, 0.25, 0.125 ] }
													},
													"children": [
														{
															"name": "FootR",
															"from": [ -1.5, 0.0, 0.0 ],
															"to": [ 0.0, 0.25, 0.7 ],
															"uv": [ 0.0, 0.0 ],
															"rotationOrigin": [ -0.9033, 0.0, 0.7 ],
															"rotationX": 0.0,
															"rotationY": 0.0,
															"rotationZ": 0.0,
															"faces": {
																"north": { "texture": "#toad1", "uv": [ 0.0, 0.625, 1.5, 0.875 ] },
																"east": { "texture": "#toad1", "uv": [ 1.5, 0.625, 2.125, 0.875 ] },
																"south": { "texture": "#toad1", "uv": [ 2.125, 0.625, 3.625, 0.875 ] },
																"west": { "texture": "#toad1", "uv": [ 3.625, 0.625, 4.25, 0.875 ] },
																"up": { "texture": "#toad1", "uv": [ 0.0, 0.0, 1.5, 0.625 ] },
																"down": { "texture": "#toad1", "uv": [ 1.5, 0.0, 3.0, 0.625 ] }
															},
															"children": [
																{
																	"name": "Cube16",
																	"from": [ 0.0, 0.1, -0.01 ],
																	"to": [ 1.5, 0.35, 0.69 ],
																	"uv": [ 0.0, 0.0 ],
																	"rotationOrigin": [ 0.9, 0.0, 0.7 ],
																	"rotationZ": 5.0,
																	"faces": {
																		"north": { "texture": "#toad1", "uv": [ 0.0, 0.625, 1.5, 0.875 ] },
																		"east": { "texture": "#toad1", "uv": [ 1.5, 0.625, 2.125, 0.875 ] },
																		"south": { "texture": "#toad1", "uv": [ 2.125, 0.625, 3.625, 0.875 ] },
																		"west": { "texture": "#toad1", "uv": [ 3.625, 0.625, 4.25, 0.875 ] },
																		"up": { "texture": "#toad1", "uv": [ 0.0, 0.0, 1.5, 0.625 ] },
																		"down": { "texture": "#toad1", "uv": [ 1.5, 0.0, 3.0, 0.625 ] }
																	}
																},
																{
																	"name": "Cube15",
																	"from": [ -0.35, -0.01, -0.01 ],
																	"to": [ 0.05, 0.14, 0.14 ],
																	"uv": [ 0.0, 0.0 ],
																	"rotationOrigin": [ 0.0, 0.0, 0.0 ],
																	"rotationY": -15.0,
																	"faces": {
																		"north": { "texture": "#toad1", "uv": [ 0.0, 0.125, 0.375, 0.25 ] },
																		"east": { "texture": "#toad1", "uv": [ 0.375, 0.125, 0.5, 0.25 ] },
																		"south": { "texture": "#toad1", "uv": [ 0.5, 0.125, 0.875, 0.25 ] },
																		"west": { "texture": "#toad1", "uv": [ 0.875, 0.125, 1.0, 0.25 ] },
																		"up": { "texture": "#toad1", "uv": [ 0.0, 0.0, 0.375, 0.125 ] },
																		"down": { "texture": "#toad1", "uv": [ 0.375, 0.0, 0.75, 0.125 ] }
																	}
																},
																{
																	"name": "Cube19",
																	"from": [ -0.65, -0.01, 0.15 ],
																	"to": [ 0.0, 0.14, 0.3 ],
																	"uv": [ 0.0, 0.0 ],
																	"rotationOrigin": [ 0.0, 0.0, 0.15 ],
																	"faces": {
																		"north": { "texture": "#toad1", "uv": [ 0.0, 0.125, 0.625, 0.25 ] },
																		"east": { "texture": "#toad1", "uv": [ 0.625, 0.125, 0.75, 0.25 ] },
																		"south": { "texture": "#toad1", "uv": [ 0.75, 0.125, 1.375, 0.25 ] },
																		"west": { "texture": "#toad1", "uv": [ 1.375, 0.125, 1.5, 0.25 ] },
																		"up": { "texture": "#toad1", "uv": [ 0.0, 0.0, 0.625, 0.125 ] },
																		"down": { "texture": "#toad1", "uv": [ 0.625, 0.0, 1.25, 0.125 ] }
																	}
																},
																{
																	"name": "Cube20",
																	"from": [ -0.45, -0.01, 0.35 ],
																	"to": [ 0.0, 0.14, 0.5 ],
																	"uv": [ 0.0, 0.0 ],
																	"rotationOrigin": [ 0.0, 0.0, 0.35 ],
																	"rotationY": 7.0,
																	"faces": {
																		"north": { "texture": "#toad1", "uv": [ 0.0, 0.125, 0.375, 0.25 ] },
																		"east": { "texture": "#toad1", "uv": [ 0.375, 0.125, 0.5, 0.25 ] },
																		"south": { "texture": "#toad1", "uv": [ 0.5, 0.125, 0.875, 0.25 ] },
																		"west": { "texture": "#toad1", "uv": [ 0.875, 0.125, 1.0, 0.25 ] },
																		"up": { "texture": "#toad1", "uv": [ 0.0, 0.0, 0.375, 0.125 ] },
																		"down": { "texture": "#toad1", "uv": [ 0.375, 0.0, 0.75, 0.125 ] }
																	}
																},
																{
																	"name": "Cube21",
																	"from": [ -0.3, -0.01, 0.55 ],
																	"to": [ 0.0, 0.14, 0.7 ],
																	"uv": [ 0.0, 0.0 ],
																	"rotationOrigin": [ 0.0, 0.0, 0.55 ],
																	"rotationY": 13.0,
																	"faces": {
																		"north": { "texture": "#toad1", "uv": [ 0.0, 0.125, 0.25, 0.25 ] },
																		"east": { "texture": "#toad1", "uv": [ 0.25, 0.125, 0.375, 0.25 ] },
																		"south": { "texture": "#toad1", "uv": [ 0.375, 0.125, 0.625, 0.25 ] },
																		"west": { "texture": "#toad1", "uv": [ 0.625, 0.125, 0.75, 0.25 ] },
																		"up": { "texture": "#toad1", "uv": [ 0.0, 0.0, 0.25, 0.125 ] },
																		"down": { "texture": "#toad1", "uv": [ 0.25, 0.0, 0.5, 0.125 ] }
																	}
																}
															]
														}
													]
												}
											]
										}
									]
								},
								{
									"name": "L back leg",
									"from": [ 1.4211, 0.3528, 2.57 ],
									"to": [ 2.6211, 2.3528, 3.57 ],
									"unwrapMode": 4,
									"uv": [ 14.5, 24.25 ],
									"rotationOrigin": [ 1.98, 2.02, 3.0 ],
									"rotationX": -33.8035,
									"rotationY": 17.388,
									"rotationZ": -19.355,
									"faces": {
										"north": { "texture": "#toad1", "uv": [ 14.5, 25.375, 15.625, 27.375 ] },
										"east": { "texture": "#toad1", "uv": [ 17.75, 25.375, 18.75, 27.375 ] },
										"south": { "texture": "#toad1", "uv": [ 16.625, 25.375, 17.75, 27.375 ] },
										"west": { "texture": "#toad1", "uv": [ 15.625, 25.375, 16.625, 27.375 ] },
										"up": { "texture": "#toad1", "uv": [ 15.625, 24.25, 16.625, 25.375 ], "rotation": 90 },
										"down": { "texture": "#toad1", "uv": [ 15.625, 27.375, 16.625, 28.5 ], "rotation": 90 }
									},
									"children": [
										{
											"name": "Cube22",
											"from": [ 0.0, 0.2, 0.05 ],
											"to": [ 1.0, 2.1, 0.95 ],
											"uv": [ 13.75, 3.25 ],
											"rotationOrigin": [ 0.0, 0.0, 0.0 ],
											"rotationZ": -19.0,
											"faces": {
												"north": { "texture": "#toad1", "uv": [ 13.75, 4.125, 14.75, 6.0 ] },
												"east": { "texture": "#toad1", "uv": [ 14.75, 4.125, 15.625, 6.0 ] },
												"south": { "texture": "#toad1", "uv": [ 15.625, 4.125, 16.625, 6.0 ] },
												"west": { "texture": "#toad1", "uv": [ 16.625, 4.125, 17.5, 6.0 ] },
												"up": { "texture": "#toad1", "uv": [ 13.75, 3.25, 14.75, 4.125 ] },
												"down": { "texture": "#toad1", "uv": [ 14.75, 3.25, 15.75, 4.125 ] }
											}
										},
										{
											"name": "Cube23",
											"from": [ 0.8893, 0.0, 0.0982 ],
											"to": [ 2.5893, 0.7, 0.7982 ],
											"uv": [ 11.5, 0.375 ],
											"rotationOrigin": [ 1.0125, 0.1518, 0.4482 ],
											"rotationX": 0.0,
											"rotationY": 8.0,
											"rotationZ": 45.0041,
											"faces": {
												"north": { "texture": "#toad1", "uv": [ 11.5, 1.0, 13.125, 1.625 ] },
												"east": { "texture": "#toad1", "uv": [ 13.125, 1.0, 13.75, 1.625 ] },
												"south": { "texture": "#toad1", "uv": [ 13.75, 1.0, 15.375, 1.625 ] },
												"west": { "texture": "#toad1", "uv": [ 15.375, 1.0, 16.0, 1.625 ] },
												"up": { "texture": "#toad1", "uv": [ 11.5, 0.375, 13.125, 1.0 ] },
												"down": { "texture": "#toad1", "uv": [ 13.125, 0.375, 14.75, 1.0 ] }
											},
											"children": [
												{
													"name": "Cube24",
													"from": [ 0.2968, 0.53, 0.0557 ],
													"to": [ 1.7968, 1.13, 0.6757 ],
													"uv": [ 0.0, 0.0 ],
													"rotationOrigin": [ 0.0, 0.1823, 0.35 ],
													"rotationX": 0.0,
													"rotationY": 0.0,
													"rotationZ": -16.0,
													"faces": {
														"north": { "texture": "#toad1", "uv": [ 0.0, 0.5, 1.5, 1.0 ] },
														"east": { "texture": "#toad1", "uv": [ 1.5, 0.5, 2.0, 1.0 ] },
														"south": { "texture": "#toad1", "uv": [ 2.0, 0.5, 3.5, 1.0 ] },
														"west": { "texture": "#toad1", "uv": [ 3.5, 0.5, 4.0, 1.0 ] },
														"up": { "texture": "#toad1", "uv": [ 0.0, 0.0, 1.5, 0.5 ] },
														"down": { "texture": "#toad1", "uv": [ 1.5, 0.0, 3.0, 0.5 ] }
													}
												},
												{
													"name": "FootLOrigin",
													"from": [ 1.9068, -0.0033, -0.1292 ],
													"to": [ 1.9068, -0.0033, -0.1292 ],
													"uv": [ 0.0, 0.0 ],
													"rotationOrigin": [ 1.9068, -0.0033, 0.1708 ],
													"rotationX": 10.18,
													"rotationY": 4.76,
													"rotationZ": 19.2197,
													"faces": {
														"north": { "texture": "#toad1", "uv": [ 0.0, 0.125, 0.125, 0.25 ] },
														"east": { "texture": "#toad1", "uv": [ 0.125, 0.125, 0.25, 0.25 ] },
														"south": { "texture": "#toad1", "uv": [ 0.25, 0.125, 0.375, 0.25 ] },
														"west": { "texture": "#toad1", "uv": [ 0.375, 0.125, 0.5, 0.25 ] },
														"up": { "texture": "#toad1", "uv": [ 0.0, 0.0, 0.125, 0.125 ] },
														"down": { "texture": "#toad1", "uv": [ 0.125, 0.0, 0.25, 0.125 ] }
													},
													"children": [
														{
															"name": "FootL",
															"from": [ -1.5, 0.0, 0.0 ],
															"to": [ 0.0, 0.25, 0.7 ],
															"uv": [ 0.0, 0.0 ],
															"rotationOrigin": [ -0.9033, 0.0, 0.7 ],
															"rotationX": 0.0,
															"rotationY": 0.0,
															"rotationZ": 0.0,
															"faces": {
																"north": { "texture": "#toad1", "uv": [ 0.0, 0.625, 1.5, 0.875 ] },
																"east": { "texture": "#toad1", "uv": [ 1.5, 0.625, 2.125, 0.875 ] },
																"south": { "texture": "#toad1", "uv": [ 2.125, 0.625, 3.625, 0.875 ] },
																"west": { "texture": "#toad1", "uv": [ 3.625, 0.625, 4.25, 0.875 ] },
																"up": { "texture": "#toad1", "uv": [ 0.0, 0.0, 1.5, 0.625 ] },
																"down": { "texture": "#toad1", "uv": [ 1.5, 0.0, 3.0, 0.625 ] }
															},
															"children": [
																{
																	"name": "Cube25",
																	"from": [ 0.0, 0.1, -0.01 ],
																	"to": [ 1.5, 0.35, 0.69 ],
																	"uv": [ 0.0, 0.0 ],
																	"rotationOrigin": [ 0.9, 0.0, 0.7 ],
																	"rotationZ": 5.0,
																	"faces": {
																		"north": { "texture": "#toad1", "uv": [ 0.0, 0.625, 1.5, 0.875 ] },
																		"east": { "texture": "#toad1", "uv": [ 1.5, 0.625, 2.125, 0.875 ] },
																		"south": { "texture": "#toad1", "uv": [ 2.125, 0.625, 3.625, 0.875 ] },
																		"west": { "texture": "#toad1", "uv": [ 3.625, 0.625, 4.25, 0.875 ] },
																		"up": { "texture": "#toad1", "uv": [ 0.0, 0.0, 1.5, 0.625 ] },
																		"down": { "texture": "#toad1", "uv": [ 1.5, 0.0, 3.0, 0.625 ] }
																	}
																},
																{
																	"name": "Cube26",
																	"from": [ -0.35, -0.01, -0.01 ],
																	"to": [ 0.05, 0.14, 0.14 ],
																	"uv": [ 0.0, 0.0 ],
																	"rotationOrigin": [ 0.0, 0.0, 0.0 ],
																	"rotationY": -15.0,
																	"faces": {
																		"north": { "texture": "#toad1", "uv": [ 0.0, 0.125, 0.375, 0.25 ] },
																		"east": { "texture": "#toad1", "uv": [ 0.375, 0.125, 0.5, 0.25 ] },
																		"south": { "texture": "#toad1", "uv": [ 0.5, 0.125, 0.875, 0.25 ] },
																		"west": { "texture": "#toad1", "uv": [ 0.875, 0.125, 1.0, 0.25 ] },
																		"up": { "texture": "#toad1", "uv": [ 0.0, 0.0, 0.375, 0.125 ] },
																		"down": { "texture": "#toad1", "uv": [ 0.375, 0.0, 0.75, 0.125 ] }
																	}
																},
																{
																	"name": "Cube27",
																	"from": [ -0.65, -0.01, 0.15 ],
																	"to": [ 0.0, 0.14, 0.3 ],
																	"uv": [ 0.0, 0.0 ],
																	"rotationOrigin": [ 0.0, 0.0, 0.15 ],
																	"faces": {
																		"north": { "texture": "#toad1", "uv": [ 0.0, 0.125, 0.625, 0.25 ] },
																		"east": { "texture": "#toad1", "uv": [ 0.625, 0.125, 0.75, 0.25 ] },
																		"south": { "texture": "#toad1", "uv": [ 0.75, 0.125, 1.375, 0.25 ] },
																		"west": { "texture": "#toad1", "uv": [ 1.375, 0.125, 1.5, 0.25 ] },
																		"up": { "texture": "#toad1", "uv": [ 0.0, 0.0, 0.625, 0.125 ] },
																		"down": { "texture": "#toad1", "uv": [ 0.625, 0.0, 1.25, 0.125 ] }
																	}
																},
																{
																	"name": "Cube28",
																	"from": [ -0.45, -0.01, 0.35 ],
																	"to": [ 0.0, 0.14, 0.5 ],
																	"uv": [ 0.0, 0.0 ],
																	"rotationOrigin": [ 0.0, 0.0, 0.35 ],
																	"rotationY": 7.0,
																	"faces": {
																		"north": { "texture": "#toad1", "uv": [ 0.0, 0.125, 0.375, 0.25 ] },
																		"east": { "texture": "#toad1", "uv": [ 0.375, 0.125, 0.5, 0.25 ] },
																		"south": { "texture": "#toad1", "uv": [ 0.5, 0.125, 0.875, 0.25 ] },
																		"west": { "texture": "#toad1", "uv": [ 0.875, 0.125, 1.0, 0.25 ] },
																		"up": { "texture": "#toad1", "uv": [ 0.0, 0.0, 0.375, 0.125 ] },
																		"down": { "texture": "#toad1", "uv": [ 0.375, 0.0, 0.75, 0.125 ] }
																	}
																},
																{
																	"name": "Cube29",
																	"from": [ -0.3, -0.01, 0.55 ],
																	"to": [ 0.0, 0.14, 0.7 ],
																	"uv": [ 0.0, 0.0 ],
																	"rotationOrigin": [ 0.0, 0.0, 0.55 ],
																	"rotationY": 13.0,
																	"faces": {
																		"north": { "texture": "#toad1", "uv": [ 0.0, 0.125, 0.25, 0.25 ] },
																		"east": { "texture": "#toad1", "uv": [ 0.25, 0.125, 0.375, 0.25 ] },
																		"south": { "texture": "#toad1", "uv": [ 0.375, 0.125, 0.625, 0.25 ] },
																		"west": { "texture": "#toad1", "uv": [ 0.625, 0.125, 0.75, 0.25 ] },
																		"up": { "texture": "#toad1", "uv": [ 0.0, 0.0, 0.25, 0.125 ] },
																		"down": { "texture": "#toad1", "uv": [ 0.25, 0.0, 0.5, 0.125 ] }
																	}
																}
															]
														}
													]
												}
											]
										}
									]
								}
							]
						}
					],
					"attachmentpoints": [
						{
							"code": "Center",
							"posX": "2.0","posY": "2.0","posZ": "2.0",
							"rotationX": "0.0","rotationY": "0.0","rotationZ": "0.0"
						}
					]
				},
				{
					"name": "PlaceHolder",
					"from": [ -1.1257, 1.1415, 0.0 ],
					"to": [ -1.1257, 1.1415, 0.0 ],
					"uv": [ 0.0, 0.0 ],
					"renderInEditor": false,
					"rotationOrigin": [ -1.1257, 1.1415, 0.0 ],
					"rotationZ": -5.0,
					"faces": {
					}
				}
			]
		}
	],
	"animations": [
		{
			"name": "Walk",
			"code": "walk",
			"quantityframes": 18,
			"onActivityStopped": "Stop",
			"onAnimationEnd": "Repeat",
			"keyframes": [
				{
					"frame": 0,
					"elements": {
						"body": { "offsetX": 0.0, "offsetY": 0.0, "offsetZ": 0.0, "rotationX": 0.0, "rotationY": 0.0, "rotationZ": -14.0 },
						"abdomen": { "offsetX": 0.0, "offsetY": -0.12, "offsetZ": 0.0, "rotationX": 0.0, "rotationY": 0.0, "rotationZ": 23.0 },
						"R back leg": { "offsetX": 0.0, "offsetY": 0.0, "offsetZ": 0.0, "rotationX": 0.0, "rotationY": 0.0, "rotationZ": 3.0 },
						"L front leg": { "offsetX": -0.5, "offsetY": 0.0, "offsetZ": 0.0, "rotationX": 0.0, "rotationY": 0.0, "rotationZ": 33.0 },
						"left front feet": { "offsetX": 0.0, "offsetY": 0.0, "offsetZ": 0.0, "rotationX": 0.0, "rotationY": 0.0, "rotationZ": 28.0 },
						"R front leg": { "offsetX": -0.5, "offsetY": 0.18, "offsetZ": 0.0, "rotationX": 0.0, "rotationY": 0.0, "rotationZ": 25.0 },
						"right front feet": { "offsetX": 0.0, "offsetY": 0.0, "offsetZ": 0.0, "rotationX": 0.0, "rotationY": 0.0, "rotationZ": 30.0 },
						"L back leg": { "offsetX": 0.0, "offsetY": 0.0, "offsetZ": 0.0, "rotationX": 0.0, "rotationY": 0.0, "rotationZ": 3.0 },
						"Cube14": { "offsetX": 0.0, "offsetY": 0.0, "offsetZ": 0.0, "rotationX": 0.0, "rotationY": 0.0, "rotationZ": 0.0 },
						"FootROrigin": { "offsetX": 0.0, "offsetY": 0.0, "offsetZ": 0.0, "rotationX": 0.0, "rotationY": 0.0, "rotationZ": 0.0 },
						"Cube23": { "offsetX": 0.0, "offsetY": 0.0, "offsetZ": 0.0, "rotationX": 0.0, "rotationY": 0.0, "rotationZ": 0.0 },
						"FootLOrigin": { "offsetX": 0.0, "offsetY": 0.0, "offsetZ": 0.0, "rotationX": 0.0, "rotationY": 0.0, "rotationZ": 0.0 }
					}
				},
				{
					"frame": 2,
					"elements": {
						"R back leg": { "offsetX": 0.0, "offsetY": 0.18, "offsetZ": 0.0 },
						"L back leg": { "offsetX": 0.0, "offsetY": 0.0, "offsetZ": 0.0 },
						"Cube14": { "offsetX": 0.0, "offsetY": 0.0, "offsetZ": 0.0, "rotationX": 0.0, "rotationY": 0.0, "rotationZ": -27.0 },
						"FootROrigin": { "offsetX": 0.0, "offsetY": 0.0, "offsetZ": 0.0, "rotationX": 0.0, "rotationY": 0.0, "rotationZ": 11.0 },
						"Cube23": { "offsetX": 0.0, "offsetY": 0.0, "offsetZ": 0.0, "rotationX": 0.0, "rotationY": 0.0, "rotationZ": -27.0 },
						"FootLOrigin": { "rotationX": 0.0, "rotationY": 0.0, "rotationZ": 11.0 }
					}
				},
				{
					"frame": 6,
					"elements": {
						"body": { "offsetX": 0.0, "offsetY": 0.9, "offsetZ": 0.0, "rotationX": 0.0, "rotationY": 0.0, "rotationZ": -8.0 },
						"abdomen": { "offsetX": 0.0, "offsetY": -0.18, "offsetZ": 0.0, "rotationX": 0.0, "rotationY": 0.0, "rotationZ": 35.0 },
						"R back leg": { "offsetX": 0.18, "offsetY": 0.0, "offsetZ": 0.0, "rotationX": 0.0, "rotationY": 0.0, "rotationZ": 43.0 },
						"L front leg": { "offsetX": -0.18, "offsetY": -0.3, "offsetZ": 0.0, "rotationX": -14.0, "rotationY": 0.0, "rotationZ": 22.0 },
						"left front feet": { "offsetX": 0.0, "offsetY": 0.3, "offsetZ": 0.0, "rotationX": 0.0, "rotationY": 0.0, "rotationZ": 14.0 },
						"R front leg": { "offsetX": -0.18, "offsetY": -0.3, "offsetZ": 0.0, "rotationX": 3.0, "rotationY": 0.0, "rotationZ": 30.0 },
						"right front feet": { "offsetX": 0.0, "offsetY": 0.3, "offsetZ": 0.0, "rotationX": 0.0, "rotationY": 0.0, "rotationZ": 14.0 },
						"L back leg": { "offsetX": 0.18, "offsetY": 0.0, "offsetZ": 0.0, "rotationX": 0.0, "rotationY": 0.0, "rotationZ": 38.0 },
						"Cube14": { "offsetX": -0.5, "offsetY": 0.0, "offsetZ": 0.0, "rotationX": 0.0, "rotationY": 0.0, "rotationZ": -44.0 },
						"FootROrigin": { "offsetX": 0.0, "offsetY": 0.0, "offsetZ": 0.0, "rotationX": 0.0, "rotationY": 0.0, "rotationZ": 47.0 },
						"Cube23": { "offsetX": 0.0, "offsetY": 0.0, "offsetZ": 0.0, "rotationX": 0.0, "rotationY": 0.0, "rotationZ": -44.0 },
						"FootLOrigin": { "rotationX": 0.0, "rotationY": 0.0, "rotationZ": 47.0 }
					}
				},
				{
					"frame": 12,
					"elements": {
						"body": { "offsetX": 0.0, "offsetY": 0.3, "offsetZ": 0.0, "rotationX": 0.0, "rotationY": 0.0, "rotationZ": 28.0 },
						"abdomen": { "offsetX": 0.0, "offsetY": -0.06, "offsetZ": 0.0, "rotationX": 0.0, "rotationY": 0.0, "rotationZ": 14.0 },
						"R back leg": { "offsetX": -0.3, "offsetY": 0.6, "offsetZ": 0.0, "rotationX": 0.0, "rotationY": 0.0, "rotationZ": 14.0 },
						"L front leg": { "offsetX": -0.12, "offsetY": 0.06, "offsetZ": 0.0, "rotationX": 0.0, "rotationY": 0.0, "rotationZ": -19.0 },
						"left front feet": { "offsetX": 0.0, "offsetY": 0.3, "offsetZ": 0.0, "rotationX": 0.0, "rotationY": 0.0, "rotationZ": 14.0 },
						"R front leg": { "offsetX": -0.12, "offsetY": 0.0, "offsetZ": 0.0, "rotationX": 0.0, "rotationY": 0.0, "rotationZ": -14.0 },
						"right front feet": { "offsetX": 0.0, "offsetY": 0.3, "offsetZ": 0.0, "rotationX": 0.0, "rotationY": 0.0, "rotationZ": 25.0 },
						"L back leg": { "offsetX": -0.3, "offsetY": 0.4, "offsetZ": 0.0, "rotationX": 0.0, "rotationY": 0.0, "rotationZ": 10.0 },
						"FootROrigin": { "rotationX": 0.0, "rotationY": 0.0, "rotationZ": 78.0 },
						"Cube14": { "rotationX": 0.0, "rotationY": 0.0, "rotationZ": -55.0 },
						"Cube23": { "rotationX": 0.0, "rotationY": 0.0, "rotationZ": -55.0 },
						"FootLOrigin": { "offsetX": 0.3, "offsetY": 0.0, "offsetZ": 0.0, "rotationX": 0.0, "rotationY": 0.0, "rotationZ": 78.0 }
					}
				},
				{
					"frame": 14,
					"elements": {
						"R front leg": { "offsetX": -0.06, "offsetY": -0.12, "offsetZ": 0.0, "rotationX": 0.0, "rotationY": 0.0, "rotationZ": 0.0 }
					}
				}
			]
		},

		{
			"name": "Attack",
			"code": "attack",
			"quantityframes": 25,
			"onActivityStopped": "PlayTillEnd",
			"onAnimationEnd": "Stop",
			"keyframes": [
				{
					"frame": 0,
					"elements": {
						"body": { "offsetX": 0.0, "offsetY": 0.0, "offsetZ": 0.0, "rotationX": 0.0, "rotationY": 0.0, "rotationZ": 0.0 },
						"abdomen": { "offsetX": 0.0, "offsetY": 0.0, "offsetZ": 0.0, "rotationX": 0.0, "rotationY": 0.0, "rotationZ": 0.0 },
						"R back leg": { "offsetX": 0.0, "offsetY": 0.0, "offsetZ": 0.0, "rotationX": 0.0, "rotationY": 0.0, "rotationZ": 0.0 },
						"L front leg": { "offsetX": 0.0, "offsetY": 0.0, "offsetZ": 0.0, "rotationX": 0.0, "rotationY": 0.0, "rotationZ": 0.0 },
						"left front feet": { "offsetX": 0.0, "offsetY": 0.0, "offsetZ": 0.0, "rotationX": 0.0, "rotationY": 0.0, "rotationZ": 0.0 },
						"R front leg": { "offsetX": 0.0, "offsetY": 0.0, "offsetZ": 0.0, "rotationX": 0.0, "rotationY": 0.0, "rotationZ": 0.0 },
						"right front feet": { "offsetX": 0.0, "offsetY": 0.0, "offsetZ": 0.0, "rotationX": 0.0, "rotationY": 0.0, "rotationZ": 0.0 },
						"jaw": { "offsetX": 0.0, "offsetY": 0.0, "offsetZ": 0.0, "rotationX": 0.0, "rotationY": 0.0, "rotationZ": 0.0 },
						"Tongue1": { "offsetX": 0.0, "offsetY": 0.0, "offsetZ": 0.0, "rotationX": 0.0, "rotationY": 0.0, "rotationZ": 0.0 },
						"Tongue2": { "offsetX": 0.0, "offsetY": 0.0, "offsetZ": 0.0, "rotationX": 0.0, "rotationY": 0.0, "rotationZ": 0.0 },
						"Tongue3": { "offsetX": 0.0, "offsetY": 0.0, "offsetZ": 0.0, "rotationX": 0.0, "rotationY": 0.0, "rotationZ": 0.0 }
					}
				},
				{
					"frame": 10,
					"elements": {
						"body": { "offsetX": 0.6, "offsetY": -0.6, "offsetZ": 0.0, "rotationX": 0.0, "rotationY": 0.0, "rotationZ": 6.0 },
						"abdomen": { "offsetX": 0.0, "offsetY": 0.0, "offsetZ": 0.0, "rotationX": 0.0, "rotationY": 0.0, "rotationZ": 0.0 },
						"R back leg": { "offsetX": 0.0, "offsetY": 0.0, "offsetZ": 0.0, "rotationX": 8.0, "rotationY": -6.0, "rotationZ": -17.0 },
						"L front leg": { "offsetX": 0.0, "offsetY": 0.0, "offsetZ": 0.0, "rotationX": -17.0, "rotationY": 22.0, "rotationZ": 25.0 },
						"left front feet": { "offsetX": 0.0, "offsetY": 0.0, "offsetZ": 0.0, "rotationX": 0.0, "rotationY": 0.0, "rotationZ": -55.0 },
						"R front leg": { "offsetX": 0.0, "offsetY": 0.0, "offsetZ": 0.0, "rotationX": 17.0, "rotationY": -22.0, "rotationZ": 25.0 },
						"right front feet": { "offsetX": 0.0, "offsetY": 0.0, "offsetZ": 0.0, "rotationX": 0.0, "rotationY": 0.0, "rotationZ": -55.0 },
						"Tongue3": { "offsetX": 0.0, "offsetY": 0.0, "offsetZ": 0.0 }
					}
				},
				{
					"frame": 15,
					"elements": {
						"body": { "offsetX": 0.0, "offsetY": 0.6, "offsetZ": 0.0, "rotationX": 8.0, "rotationY": 0.0, "rotationZ": -17.0 },
						"abdomen": { "offsetX": 0.0, "offsetY": 0.0, "offsetZ": 0.0, "rotationX": -8.0, "rotationY": 0.0, "rotationZ": 0.0 },
						"R back leg": { "offsetX": 0.0, "offsetY": 0.0, "offsetZ": 0.0, "rotationX": 8.0, "rotationY": -6.0, "rotationZ": 14.0 },
						"L front leg": { "offsetX": -0.6, "offsetY": -0.48, "offsetZ": 0.0, "rotationX": -17.0, "rotationY": 11.0, "rotationZ": 44.0 },
						"left front feet": { "offsetX": 0.0, "offsetY": 0.0, "offsetZ": 0.0, "rotationX": 0.0, "rotationY": 0.0, "rotationZ": -19.0 },
						"R front leg": { "offsetX": -0.6, "offsetY": -0.84, "offsetZ": 0.0, "rotationX": 6.0, "rotationY": -11.0, "rotationZ": 42.0 },
						"right front feet": { "offsetX": 0.0, "offsetY": 0.0, "offsetZ": 0.0, "rotationX": 0.0, "rotationY": 0.0, "rotationZ": -22.0 },
						"jaw": { "offsetX": 0.3, "offsetY": 0.0, "offsetZ": 0.0, "rotationX": 0.0, "rotationY": 0.0, "rotationZ": 30.0 },
						"Tongue1": { "offsetX": -0.6, "offsetY": -0.3, "offsetZ": 0.0, "rotationX": 0.0, "rotationY": 0.0, "rotationZ": -19.0 },
						"Tongue2": { "offsetX": -1.2, "offsetY": 0.0, "offsetZ": 0.0 },
						"Tongue3": { "offsetX": -1.2, "offsetY": 0.0, "offsetZ": 0.0 }
					}
				},
				{
					"frame": 20,
					"elements": {
						"body": { "offsetX": -1.2, "offsetY": 0.0, "offsetZ": 0.0, "rotationX": 3.0, "rotationY": 0.0, "rotationZ": 3.0 },
						"abdomen": { "offsetX": 0.0, "offsetY": 0.0, "offsetZ": 0.0, "rotationX": -2.0, "rotationY": 0.0, "rotationZ": 0.0 },
						"R back leg": { "offsetX": 0.0, "offsetY": 0.0, "offsetZ": 0.0, "rotationX": 8.0, "rotationY": -6.0, "rotationZ": 11.0 },
						"L front leg": { "offsetX": -0.6, "offsetY": 0.0, "offsetZ": 0.0, "rotationX": -15.0, "rotationY": 5.0, "rotationZ": 66.0 },
						"left front feet": { "offsetX": 0.0, "offsetY": 0.0, "offsetZ": 0.0, "rotationX": 0.0, "rotationY": 0.0, "rotationZ": -50.0 },
						"R front leg": { "offsetX": -0.6, "offsetY": 0.0, "offsetZ": 0.0, "rotationX": 15.0, "rotationY": -5.0, "rotationZ": 66.0 },
						"right front feet": { "offsetX": 0.0, "offsetY": 0.0, "offsetZ": 0.0, "rotationX": 0.0, "rotationY": 0.0, "rotationZ": -50.0 }
					}
				}
			]
		},

		{
			"name": "Death",
			"code": "death",
			"quantityframes": 45,
			"onActivityStopped": "PlayTillEnd",
			"onAnimationEnd": "Hold",
			"keyframes": [
				{
					"frame": 0,
					"elements": {
						"body": { "offsetX": 0.0, "offsetY": 0.0, "offsetZ": 0.0, "rotationX": 0.0, "rotationY": 0.0, "rotationZ": 0.0 },
						"L front leg": { "offsetX": 0.0, "offsetY": 0.0, "offsetZ": 0.0, "rotationX": 0.0, "rotationY": 0.0, "rotationZ": 0.0 },
						"left front feet": { "offsetX": 0.0, "offsetY": 0.0, "offsetZ": 0.0, "rotationX": 0.0, "rotationY": 0.0, "rotationZ": 0.0 },
						"R front leg": { "offsetX": 0.0, "offsetY": 0.0, "offsetZ": 0.0, "rotationX": 0.0, "rotationY": 0.0, "rotationZ": 0.0 },
						"right front feet": { "offsetX": 0.0, "offsetY": 0.0, "offsetZ": 0.0, "rotationX": 0.0, "rotationY": 0.0, "rotationZ": 0.0 },
						"abdomen": { "offsetX": 0.0, "offsetY": 0.0, "offsetZ": 0.0, "rotationX": 0.0, "rotationY": 0.0, "rotationZ": 0.0 },
						"R back leg": { "offsetX": 0.0, "offsetY": 0.0, "offsetZ": 0.0, "rotationX": 0.0, "rotationY": 0.0, "rotationZ": 0.0 }
					}
				},
				{
					"frame": 10,
					"elements": {
						"body": { "offsetX": 0.6, "offsetY": 1.8, "offsetZ": -0.6, "rotationX": -33.0, "rotationY": -17.0, "rotationZ": -25.0 },
						"L front leg": { "offsetX": 0.0, "offsetY": 0.0, "offsetZ": 0.0, "rotationX": 0.0, "rotationY": 0.0, "rotationZ": -30.0 },
						"left front feet": { "offsetX": 0.0, "offsetY": 0.0, "offsetZ": 0.0, "rotationX": 0.0, "rotationY": 0.0, "rotationZ": 50.0 },
						"R front leg": { "offsetX": 0.0, "offsetY": 0.0, "offsetZ": 0.0, "rotationX": 0.0, "rotationY": 0.0, "rotationZ": -61.0 },
						"right front feet": { "offsetX": 0.0, "offsetY": 0.0, "offsetZ": 0.0, "rotationX": 0.0, "rotationY": 0.0, "rotationZ": 66.0 },
						"abdomen": { "offsetX": 0.0, "offsetY": 0.0, "offsetZ": 0.0, "rotationX": 0.0, "rotationY": 0.0, "rotationZ": -33.0 },
						"R back leg": { "offsetX": 0.0, "offsetY": 0.0, "offsetZ": 0.0, "rotationX": 0.0, "rotationY": 0.0, "rotationZ": 28.0 }
					}
				},
				{
					"frame": 20,
					"elements": {
						"body": { "offsetX": 1.2, "offsetY": 2.4, "offsetZ": -1.5, "rotationX": -95.0, "rotationY": -6.0, "rotationZ": -28.0 },
						"L front leg": { "offsetX": 0.0, "offsetY": 0.0, "offsetZ": 0.0, "rotationX": 19.0, "rotationY": 28.0, "rotationZ": -17.0 },
						"left front feet": { "offsetX": 0.0, "offsetY": 0.0, "offsetZ": 0.0, "rotationX": 0.0, "rotationY": 8.0, "rotationZ": 55.0 },
						"R front leg": { "offsetX": 0.0, "offsetY": 0.0, "offsetZ": 0.0, "rotationX": 0.0, "rotationY": 0.0, "rotationZ": -53.0 },
						"right front feet": { "offsetX": 0.0, "offsetY": 0.0, "offsetZ": 0.0, "rotationX": 0.0, "rotationY": 0.0, "rotationZ": 47.0 },
						"abdomen": { "offsetX": 0.0, "offsetY": 0.0, "offsetZ": 0.0, "rotationX": 6.0, "rotationY": -19.0, "rotationZ": -53.0 },
						"R back leg": { "offsetX": 0.0, "offsetY": 0.0, "offsetZ": 0.0, "rotationX": -17.0, "rotationY": 0.0, "rotationZ": 28.0 }
					}
				},
				{
					"frame": 44,
					"elements": {
						"body": { "offsetX": 1.2, "offsetY": 2.4, "offsetZ": -1.5, "rotationX": -95.0, "rotationY": -6.0, "rotationZ": -28.0 },
						"L front leg": { "offsetX": 0.0, "offsetY": 0.0, "offsetZ": 0.0, "rotationX": 19.0, "rotationY": 28.0, "rotationZ": -17.0 },
						"left front feet": { "offsetX": 0.0, "offsetY": 0.0, "offsetZ": 0.0, "rotationX": 0.0, "rotationY": 8.0, "rotationZ": 55.0 },
						"R front leg": { "offsetX": 0.0, "offsetY": 0.0, "offsetZ": 0.0, "rotationX": 0.0, "rotationY": 0.0, "rotationZ": -53.0 },
						"right front feet": { "offsetX": 0.0, "offsetY": 0.0, "offsetZ": 0.0, "rotationX": 0.0, "rotationY": 0.0, "rotationZ": 47.0 },
						"abdomen": { "offsetX": 0.0, "offsetY": 0.0, "offsetZ": 0.0, "rotationX": 6.0, "rotationY": -19.0, "rotationZ": -53.0 },
						"R back leg": { "offsetX": 0.0, "offsetY": 0.0, "offsetZ": 0.0, "rotationX": -17.0, "rotationY": 0.0, "rotationZ": 28.0 }
					}
				}
			]
		},

		{
			"name": "Run",
			"code": "run",
			"quantityframes": 15,
			"onActivityStopped": "Stop",
			"onAnimationEnd": "Repeat",
			"keyframes": [
				{
					"frame": 0,
					"elements": {
						"body": { "offsetX": -0.3, "offsetY": 0.3, "offsetZ": 0.0, "rotationX": 0.0, "rotationY": 0.0, "rotationZ": -19.0 },
						"abdomen": { "offsetX": 0.0, "offsetY": -0.24, "offsetZ": 0.0, "rotationX": 0.0, "rotationY": 0.0, "rotationZ": 30.0 },
						"R back leg": { "offsetX": -0.6, "offsetY": 0.0, "offsetZ": 0.0, "rotationX": 0.0, "rotationY": 0.0, "rotationZ": 42.0 },
						"L front leg": { "offsetX": -0.6, "offsetY": -0.24, "offsetZ": 0.24, "rotationX": 0.0, "rotationY": 0.0, "rotationZ": 55.0 },
						"left front feet": { "offsetX": 0.0, "offsetY": 0.3, "offsetZ": 0.0, "rotationX": 0.0, "rotationY": 0.0, "rotationZ": -25.0 },
						"R front leg": { "offsetX": -0.6, "offsetY": -0.12, "offsetZ": -0.24, "rotationX": 0.0, "rotationY": 0.0, "rotationZ": 44.0 },
						"right front feet": { "offsetX": 0.0, "offsetY": 0.3, "offsetZ": 0.0, "rotationX": 0.0, "rotationY": 0.0, "rotationZ": 0.0 },
						"L back leg": { "offsetX": -0.4, "offsetY": 0.0, "offsetZ": 0.0, "rotationX": 0.0, "rotationY": 0.0, "rotationZ": 42.0 },
						"Cube14": { "offsetX": 0.0, "offsetY": 0.0, "offsetZ": 0.0, "rotationX": 0.0, "rotationY": 0.0, "rotationZ": 0.0 },
						"FootROrigin": { "offsetX": 0.0, "offsetY": 0.0, "offsetZ": 0.0, "rotationX": 0.0, "rotationY": 0.0, "rotationZ": 0.0 },
						"Cube23": { "offsetX": 0.0, "offsetY": 0.0, "offsetZ": 0.0, "rotationX": 0.0, "rotationY": 0.0, "rotationZ": 0.0 },
						"FootLOrigin": { "offsetX": 0.0, "offsetY": 0.0, "offsetZ": 0.0, "rotationX": 0.0, "rotationY": 0.0, "rotationZ": 0.0 }
					}
				},
				{
					"frame": 4,
					"elements": {
						"body": { "offsetX": 0.0, "offsetY": 1.8, "offsetZ": 0.0, "rotationX": 0.0, "rotationY": 0.0, "rotationZ": 3.0 },
						"abdomen": { "offsetX": 0.0, "offsetY": -0.24, "offsetZ": 0.0, "rotationX": 0.0, "rotationY": 0.0, "rotationZ": 36.0 },
						"R back leg": { "offsetX": -0.5, "offsetY": 0.0, "offsetZ": 0.5, "rotationX": 0.0, "rotationY": 0.0, "rotationZ": 61.0 },
						"L front leg": { "offsetX": 0.0, "offsetY": -0.6, "offsetZ": 0.0, "rotationX": 0.0, "rotationY": 0.0, "rotationZ": 36.0 },
						"left front feet": { "offsetX": 0.0, "offsetY": 0.0, "offsetZ": 0.0, "rotationX": 0.0, "rotationY": 0.0, "rotationZ": 28.0 },
						"R front leg": { "offsetX": 0.0, "offsetY": -0.6, "offsetZ": 0.0, "rotationX": 0.0, "rotationY": 0.0, "rotationZ": 30.0 },
						"right front feet": { "offsetX": 0.0, "offsetY": 0.0, "offsetZ": 0.0, "rotationX": 0.0, "rotationY": 0.0, "rotationZ": 17.0 },
						"L back leg": { "offsetX": -0.4, "offsetY": 0.0, "offsetZ": -0.5, "rotationX": 0.0, "rotationY": 0.0, "rotationZ": 61.0 },
						"Cube14": { "offsetX": -0.6, "offsetY": -0.6, "offsetZ": 0.0, "rotationX": 0.0, "rotationY": 0.0, "rotationZ": -78.0 },
						"FootROrigin": { "offsetX": 0.3, "offsetY": 0.0, "offsetZ": 0.15, "rotationX": 0.0, "rotationY": 0.0, "rotationZ": 94.0 },
						"Cube23": { "offsetX": -0.6, "offsetY": -0.4, "offsetZ": 0.0, "rotationX": 0.0, "rotationY": 0.0, "rotationZ": -78.0 },
						"FootLOrigin": { "offsetX": 0.3, "offsetY": -0.2, "offsetZ": 0.05, "rotationX": 0.0, "rotationY": 0.0, "rotationZ": 105.0 }
					}
				},
				{
					"frame": 8,
					"elements": {
						"body": { "offsetX": 0.0, "offsetY": 0.12, "offsetZ": 0.0, "rotationX": 0.0, "rotationY": 0.0, "rotationZ": 19.0 },
						"abdomen": { "offsetX": 0.0, "offsetY": -0.24, "offsetZ": 0.0, "rotationX": 0.0, "rotationY": 0.0, "rotationZ": 36.0 },
						"R back leg": { "offsetX": 0.0, "offsetY": 0.0, "offsetZ": 0.0, "rotationX": 0.0, "rotationY": 0.0, "rotationZ": 55.0 },
						"L front leg": { "offsetX": 0.0, "offsetY": 0.0, "offsetZ": 0.0, "rotationX": 0.0, "rotationY": 0.0, "rotationZ": -6.0 },
						"left front feet": { "offsetX": 0.0, "offsetY": 0.0, "offsetZ": 0.0, "rotationX": 0.0, "rotationY": 0.0, "rotationZ": 28.0 },
						"R front leg": { "offsetX": 0.0, "offsetY": 0.0, "offsetZ": 0.0, "rotationX": 0.0, "rotationY": 0.0, "rotationZ": 6.0 },
						"right front feet": { "offsetX": 0.0, "offsetY": 0.0, "offsetZ": 0.0, "rotationX": 0.0, "rotationY": 0.0, "rotationZ": 17.0 },
						"L back leg": { "offsetX": 0.0, "offsetY": 0.0, "offsetZ": 0.0, "rotationX": 0.0, "rotationY": 0.0, "rotationZ": 55.0 }
					}
				},
				{
					"frame": 11,
					"elements": {
						"body": { "offsetX": 0.0, "offsetY": 0.0, "offsetZ": 0.0, "rotationX": 0.0, "rotationY": 0.0, "rotationZ": 33.0 },
						"abdomen": { "offsetX": -0.12, "offsetY": -0.18, "offsetZ": 0.0, "rotationX": 0.0, "rotationY": 0.0, "rotationZ": 3.0 },
						"R back leg": { "offsetX": -0.6, "offsetY": 0.0, "offsetZ": 0.0, "rotationX": 0.0, "rotationY": 0.0, "rotationZ": 0.0 },
						"L front leg": { "offsetX": 0.0, "offsetY": 0.36, "offsetZ": 0.12, "rotationX": 0.0, "rotationY": 0.0, "rotationZ": 6.0 },
						"left front feet": { "offsetX": 0.0, "offsetY": 0.12, "offsetZ": 0.0, "rotationX": 0.0, "rotationY": 0.0, "rotationZ": 8.0 },
						"R front leg": { "offsetX": 0.0, "offsetY": 0.48, "offsetZ": -0.12, "rotationX": 0.0, "rotationY": 0.0, "rotationZ": -3.0 },
						"right front feet": { "offsetX": 0.0, "offsetY": 0.12, "offsetZ": 0.0, "rotationX": 0.0, "rotationY": 0.0, "rotationZ": 6.0 },
						"L back leg": { "offsetX": -0.6, "offsetY": 0.0, "offsetZ": 0.0, "rotationX": 0.0, "rotationY": 0.0, "rotationZ": 0.0 }
					}
				}
			]
		},

		{
			"name": "Hurt",
			"code": "hurt",
			"quantityframes": 10,
			"onActivityStopped": "PlayTillEnd",
			"onAnimationEnd": "Stop",
			"keyframes": [
				{
					"frame": 0,
					"elements": {
						"body": { "offsetX": 0.0, "offsetY": 0.0, "offsetZ": 0.0, "rotationX": 0.0, "rotationY": 0.0, "rotationZ": 0.0 },
						"L front leg": { "offsetX": 0.0, "offsetY": 0.0, "offsetZ": 0.0, "rotationX": 0.0, "rotationY": 0.0, "rotationZ": 0.0 },
						"left front feet": { "offsetX": 0.0, "offsetY": 0.0, "offsetZ": 0.0, "rotationX": 0.0, "rotationY": 0.0, "rotationZ": 0.0 },
						"abdomen": { "offsetX": 0.0, "offsetY": 0.0, "offsetZ": 0.0, "rotationX": 0.0, "rotationY": 0.0, "rotationZ": 0.0 },
						"R back leg": { "offsetX": 0.0, "offsetY": 0.0, "offsetZ": 0.0, "rotationX": 0.0, "rotationY": 0.0, "rotationZ": 0.0 },
						"R front leg": { "offsetX": 0.0, "offsetY": 0.0, "offsetZ": 0.0, "rotationX": 0.0, "rotationY": 0.0, "rotationZ": 0.0 },
						"right front feet": { "offsetX": 0.0, "offsetY": 0.0, "offsetZ": 0.0, "rotationX": 0.0, "rotationY": 0.0, "rotationZ": 0.0 }
					}
				},
				{
					"frame": 3,
					"elements": {
						"body": { "offsetX": 0.12, "offsetY": 0.0, "offsetZ": 0.0 }
					}
				},
				{
					"frame": 4,
					"elements": {
						"body": { "offsetX": 0.0, "offsetY": 0.0, "offsetZ": 0.0, "rotationX": 5.0, "rotationY": -15.0, "rotationZ": 5.0 },
						"L front leg": { "offsetX": 0.0, "offsetY": 0.0, "offsetZ": 0.0, "rotationX": -14.0, "rotationY": 5.0, "rotationZ": 6.0 },
						"left front feet": { "offsetX": 0.0, "offsetY": 0.0, "offsetZ": 0.0, "rotationX": 0.0, "rotationY": 0.0, "rotationZ": -14.0 },
						"abdomen": { "offsetX": 0.0, "offsetY": 0.0, "offsetZ": 0.0, "rotationX": 0.0, "rotationY": 10.0, "rotationZ": -3.0 },
						"R back leg": { "offsetX": 0.0, "offsetY": 0.0, "offsetZ": 0.0, "rotationX": -3.0, "rotationY": -4.0, "rotationZ": -7.0 },
						"R front leg": { "offsetX": 0.0, "offsetY": 0.0, "offsetZ": 0.0, "rotationX": -6.0, "rotationY": -5.0, "rotationZ": 0.0 },
						"right front feet": { "offsetX": 0.0, "offsetY": 0.0, "offsetZ": 0.0, "rotationX": 0.0, "rotationY": 0.0, "rotationZ": -10.0 }
					}
				}
			]
		},

		{
			"name": "Idle",
			"code": "idle",
			"quantityframes": 25,
			"onActivityStopped": "EaseOut",
			"onAnimationEnd": "Repeat",
			"keyframes": [
				{
					"frame": 0,
					"elements": {
						"body": { "offsetX": 0.0, "offsetY": 0.0, "offsetZ": 0.0, "rotationX": 0.0, "rotationY": 0.0, "rotationZ": 0.0 },
						"L front leg": { "offsetX": 0.0, "offsetY": 0.0, "offsetZ": 0.0, "rotationX": 0.0, "rotationY": 0.0, "rotationZ": 0.0 },
						"left front feet": { "offsetX": 0.0, "offsetY": 0.0, "offsetZ": 0.0, "rotationX": 0.0, "rotationY": 0.0, "rotationZ": 0.0 },
						"abdomen": { "offsetX": 0.0, "offsetY": 0.0, "offsetZ": 0.0, "rotationX": 0.0, "rotationY": 0.0, "rotationZ": 0.0 },
						"R back leg": { "offsetX": 0.0, "offsetY": 0.0, "offsetZ": 0.0, "rotationX": 0.0, "rotationY": 0.0, "rotationZ": 0.0 },
						"R front leg": { "offsetX": 0.0, "offsetY": 0.0, "offsetZ": 0.0, "rotationX": 0.0, "rotationY": 0.0, "rotationZ": 0.0 },
						"right front feet": { "offsetX": 0.0, "offsetY": 0.0, "offsetZ": 0.0, "rotationX": 0.0, "rotationY": 0.0, "rotationZ": 0.0 },
						"croak cube": { "offsetX": 0.0, "offsetY": 0.0, "offsetZ": 0.0 }
					}
				},
				{
					"frame": 10,
					"elements": {
						"body": { "offsetX": 0.0, "offsetY": 0.0, "offsetZ": 0.0, "rotationX": 0.0, "rotationY": 0.0, "rotationZ": 0.0 },
						"abdomen": { "offsetX": 0.0, "offsetY": 0.0, "offsetZ": 0.0, "rotationX": 0.0, "rotationY": 0.0, "rotationZ": 0.0 },
						"R back leg": { "offsetX": 0.0, "offsetY": 0.0, "offsetZ": 0.0, "rotationX": 0.0, "rotationY": 0.0, "rotationZ": 0.0 },
						"L front leg": { "offsetX": 0.0, "offsetY": 0.0, "offsetZ": 0.0, "rotationX": 0.0, "rotationY": 0.0, "rotationZ": 0.0 },
						"left front feet": { "offsetX": 0.0, "offsetY": 0.0, "offsetZ": 0.0, "rotationX": 0.0, "rotationY": 0.0, "rotationZ": 0.0 },
						"R front leg": { "offsetX": 0.0, "offsetY": 0.0, "offsetZ": 0.0, "rotationX": 0.0, "rotationY": 0.0, "rotationZ": 0.0 },
						"right front feet": { "offsetX": 0.0, "offsetY": 0.0, "offsetZ": 0.0, "rotationX": 0.0, "rotationY": 0.0, "rotationZ": 0.0 },
						"croak cube": { "offsetX": 0.0, "offsetY": -0.3, "offsetZ": 0.0 }
					}
				},
				{
					"frame": 15,
					"elements": {
						"body": { "offsetX": 0.0, "offsetY": 0.0, "offsetZ": 0.0, "rotationX": 0.0, "rotationY": 0.0, "rotationZ": -1.0 },
						"abdomen": { "offsetX": 0.0, "offsetY": 0.0, "offsetZ": 0.0, "rotationX": 0.0, "rotationY": 0.0, "rotationZ": 1.0 },
						"R back leg": { "offsetX": 0.0, "offsetY": 0.0, "offsetZ": 0.0, "rotationX": 0.0, "rotationY": 0.0, "rotationZ": 0.0 },
						"L front leg": { "offsetX": 0.0, "offsetY": 0.0, "offsetZ": 0.0, "rotationX": 0.0, "rotationY": 0.0, "rotationZ": 1.0 },
						"left front feet": { "offsetX": 0.0, "offsetY": 0.0, "offsetZ": 0.0, "rotationX": 0.0, "rotationY": 0.0, "rotationZ": 0.0 },
						"R front leg": { "offsetX": 0.0, "offsetY": 0.0, "offsetZ": 0.0, "rotationX": 0.0, "rotationY": 0.0, "rotationZ": 1.0 },
						"right front feet": { "offsetX": 0.0, "offsetY": 0.0, "offsetZ": 0.0, "rotationX": 0.0, "rotationY": 0.0, "rotationZ": 0.0 },
						"croak cube": { "offsetX": 0.0, "offsetY": 0.0, "offsetZ": 0.0 }
					}
				}
			]
		},

		{
			"name": "Sleep",
			"code": "sleep",
			"quantityframes": 30,
			"onActivityStopped": "EaseOut",
			"onAnimationEnd": "Repeat",
			"keyframes": [
				{
					"frame": 0,
					"elements": {
						"body": { "offsetX": 0.0, "offsetY": -1.0, "offsetZ": 0.0, "rotationX": 0.0, "rotationY": 3.0, "rotationZ": 16.0 },
						"abdomen": { "offsetX": 0.0, "offsetY": -0.1, "offsetZ": 0.0, "rotationX": 0.0, "rotationY": -5.0, "rotationZ": 17.0 },
						"R back leg": { "offsetX": 0.48, "offsetY": 0.3, "offsetZ": 0.0, "rotationX": -17.0, "rotationY": 2.0, "rotationZ": -39.0 },
						"L front leg": { "offsetX": 0.0, "offsetY": 0.3, "offsetZ": 0.0, "rotationX": 13.0, "rotationY": -19.0, "rotationZ": -7.0 },
						"left front feet": { "offsetX": 0.3, "offsetY": 0.0, "offsetZ": 0.0, "rotationX": 6.0, "rotationY": -11.0, "rotationZ": -71.0 },
						"R front leg": { "offsetX": 0.3, "offsetY": 0.3, "offsetZ": 0.0, "rotationX": -13.0, "rotationY": 19.0, "rotationZ": -7.0 },
						"right front feet": { "offsetX": 0.3, "offsetY": 0.0, "offsetZ": 0.0, "rotationX": 6.0, "rotationY": 3.0, "rotationZ": -71.0 },
						"head": { "rotationX": 0.0, "rotationY": 0.0, "rotationZ": 11.0 },
						"L back leg": { "offsetX": 0.4, "offsetY": 0.3, "offsetZ": 0.0, "rotationX": 17.0, "rotationY": 2.0, "rotationZ": -39.0 },
						"croak cube": { "offsetX": 0.0, "offsetY": 0.0, "offsetZ": 0.0, "rotationX": 0.0, "rotationY": 0.0, "rotationZ": 0.0 }
					}
				},
				{
					"frame": 15,
					"elements": {
						"body": { "offsetX": 0.0, "offsetY": -1.0, "offsetZ": 0.0, "rotationX": 0.0, "rotationY": 3.0, "rotationZ": 16.0 },
						"head": { "rotationX": 0.0, "rotationY": 0.0, "rotationZ": 11.0 },
						"R front leg": { "offsetX": 0.3, "offsetY": 0.3, "offsetZ": 0.0, "rotationX": -13.0, "rotationY": 19.0, "rotationZ": -7.0 },
						"right front feet": { "offsetX": 0.3, "offsetY": 0.0, "offsetZ": 0.0, "rotationX": 6.0, "rotationY": 3.0, "rotationZ": -71.0 },
						"L front leg": { "offsetX": 0.0, "offsetY": 0.3, "offsetZ": 0.0, "rotationX": 13.0, "rotationY": -19.0, "rotationZ": -7.0 },
						"left front feet": { "offsetX": 0.3, "offsetY": 0.0, "offsetZ": 0.0, "rotationX": 6.0, "rotationY": -11.0, "rotationZ": -71.0 },
						"abdomen": { "offsetX": 0.0, "offsetY": -0.1, "offsetZ": 0.0, "rotationX": 0.0, "rotationY": -5.0, "rotationZ": 17.0 },
						"R back leg": { "offsetX": 0.48, "offsetY": 0.3, "offsetZ": 0.0, "rotationX": -17.0, "rotationY": 2.0, "rotationZ": -39.0 },
						"L back leg": { "offsetX": 0.4, "offsetY": 0.3, "offsetZ": 0.0, "rotationX": 17.0, "rotationY": 2.0, "rotationZ": -39.0 },
						"croak cube": { "offsetX": 0.0, "offsetY": -0.2, "offsetZ": 0.0, "rotationX": 0.0, "rotationY": 0.0, "rotationZ": 0.0 }
					}
				}
			]
		}
	]
}