{
	"code": "wiretoolarm",
	"variantgroups": [
		{ "code": "metal", "states": ["iron", "meteoriciron", "steel" ] }
	],
	"heldTpUseAnimation": "interactstatic", "maxstacksize": 8,
	"shape": { "base": "game:item/toolhead/wiretoolarm" },
	"texturesByType": {
		"*": {
			"metal": { "base": "game:block/metal/ingot/{metal}" }
		}
	},
	"creativeinventory": { "general": ["*"], "items": ["*"],"vinteng": ["*"]  },
	"guiTransform": {
		"translation": { "x": 0, "y": 0, "z": 0 },
		"rotation": { "x": -65, "y": 60, "z": 33 },
		"origin": { "x": 0.57, "y": 0.5, "z": 0.47 },
		"scale": 1.84
	},
	"fpHandTransform": {
		"translation": { "x": -0.01, "y": -0.48, "z": 0 },
		"rotation": { "x": 35, "y": 50, "z": -11 },
		"scale": 2.75
	},
	"groundTransform": {
		"translation": { "x": 0, "y": 0, "z": 0 },
		"rotation": { "x": 0, "y": 0, "z": 0 },
		"origin": { "x": 0.5, "y": 0, "z": 0.5 },
		"scale": 4.5
	},
	"tpHandTransform": {
		"translation": { "x": -0.8, "y": -0.9, "z": -1.1 },
		"rotation": { "x": 26, "y": 0, "z": -73 },
		"origin": { "x": 0.5, "y": 0.2, "z": 0.5 },
		"scale": 0.6
	}
}