﻿{
  "code": "tub",
  "class": "mashtubs.BlockTubGeneric",
  "entityClass": "mashtubs.BlockEntityTreadingTub",
  "variantgroups": [
    {
      "code": "side",
      "loadFromProperties": "abstract/horizontalorientation"
    }
  ],
  "behaviors": [
    {
      "name": "Lockable"
    },
    {
      "name": "HorizontalOrientable",
      "properties": {
        "dropBlockFace": "east"
      }
    },
    {
      "name": "AdvancedMultiBlock",
      "propertiesByType": {
        "*-north": {
          "sizex": 2,
          "sizey": 1,
          "sizez": 2,
          "cposition": {
            "x": 0,
            "y": 0,
            "z": 1
          }
        },
        "*-east": {
          "sizex": 2,
          "sizey": 1,
          "sizez": 2,
          "cposition": {
            "x": 0,
            "y": 0,
            "z": 0
          }
        },
        "*-south": {
          "sizex": 2,
          "sizey": 1,
          "sizez": 2,
          "cposition": {
            "x": 1,
            "y": 0,
            "z": 0
          }
        },
        "*-west": {
          "sizex": 2,
          "sizey": 1,
          "sizez": 2,
          "cposition": {
            "x": 1,
            "y": 0,
            "z": 1
          }
        }
      }
    },
    {
      "name": "UnstableFalling"
    },
    {
      "name": "Container"
    }
  ],
  "drawtype": "json",
  "shapeByType": {
    "*-north": {
      "base": "block/wood/tub/empty",
      "rotateY": 0
    },
    "*-east": {
      "base": "block/wood/tub/empty",
      "rotateY": 270
    },
    "*-west": {
      "base": "block/wood/tub/empty",
      "rotateY": 90
    },
    "*-south": {
      "base": "block/wood/tub/empty",
      "rotateY": 180
    }
  },
  "creativeinventoryStacksByType": {
    "*-east": [
      {
        "tabs": [
          "general",
          "decorative",
          "mashtubs"
        ],
        "stacks": [
          {
            "type": "block",
            "code": "tub-east",
            "attributes": {
              "type": "treading"
            }
          }
        ]
      }
    ]
  },
  "textures": {
    "lid": {
      "base": "game:block/wood/barrel/lid"
    }
  },
  "blockmaterial": "Wood",
  "replaceable": 900,
  "resistance": 1.5,
  "maxStackSize": 1,
  "lightAbsorption": 1,
  "attributes": {
    "reinforcable": true,
    "partialAttachable": true,
    "capacityLitres": 100,
    "valuesByMultiblockOffset": {
      "collisionSelectionBoxesByType": {
        "*-north": {
          "0,0,1,": [
            {
              "x1": 0.25,
              "y1": 0,
              "z1": 0.26,
              "x2": 1,
              "y2": 0.0625,
              "z2": 1
            },
            {
              "x1": 0.25,
              "y1": 0,
              "z1": 0.17,
              "x2": 1,
              "y2": 0.77,
              "z2": 0.26
            },
            {
              "x1": 0.17,
              "y1": 0,
              "z1": 0.17,
              "x2": 0.25,
              "y2": 0.77,
              "z2": 1
            }
          ],
          "-1,0,1": [
            {
              "x1": 0.74,
              "y1": 0,
              "z1": 0.25,
              "x2": 0,
              "y2": 0.0625,
              "z2": 1
            },
            {
              "x1": 0.83,
              "y1": 0,
              "z1": 0.25,
              "x2": 0.74,
              "y2": 0.77,
              "z2": 1
            },
            {
              "x1": 0.83,
              "y1": 0,
              "z1": 0.17,
              "x2": 0,
              "y2": 0.77,
              "z2": 0.25
            }
          ],
          "-1,0,0": [
            {
              "x1": 0.75,
              "y1": 0,
              "z1": 0.74,
              "x2": 0,
              "y2": 0.0625,
              "z2": 0
            },
            {
              "x1": 0.75,
              "y1": 0,
              "z1": 0.83,
              "x2": 0,
              "y2": 0.77,
              "z2": 0.74
            },
            {
              "x1": 0.83,
              "y1": 0,
              "z1": 0.83,
              "x2": 0.75,
              "y2": 0.77,
              "z2": 0
            }
          ]
        },
        "*-east": {
          "0,0,-1": [
            {
              "x1": 0.26,
              "y1": 0,
              "z1": 0.75,
              "x2": 1,
              "y2": 0.0625,
              "z2": 0
            },
            {
              "x1": 0.17,
              "y1": 0,
              "z1": 0.75,
              "x2": 0.26,
              "y2": 0.77,
              "z2": 0
            },
            {
              "x1": 0.17,
              "y1": 0,
              "z1": 0.83,
              "x2": 1,
              "y2": 0.77,
              "z2": 0.75
            }
          ],
          "-1,0,-1": [
            {
              "x1": 0.75,
              "y1": 0,
              "z1": 0.74,
              "x2": 0,
              "y2": 0.0625,
              "z2": 0
            },
            {
              "x1": 0.75,
              "y1": 0,
              "z1": 0.83,
              "x2": 0,
              "y2": 0.77,
              "z2": 0.74
            },
            {
              "x1": 0.83,
              "y1": 0,
              "z1": 0.83,
              "x2": 0.75,
              "y2": 0.77,
              "z2": 0
            }
          ],
          "-1,0,0": [
            {
              "x1": 0.74,
              "y1": 0,
              "z1": 0.25,
              "x2": 0,
              "y2": 0.0625,
              "z2": 1
            },
            {
              "x1": 0.83,
              "y1": 0,
              "z1": 0.25,
              "x2": 0.74,
              "y2": 0.77,
              "z2": 1
            },
            {
              "x1": 0.83,
              "y1": 0,
              "z1": 0.17,
              "x2": 0,
              "y2": 0.77,
              "z2": 0.25
            }
          ]
        },
        "*-south": {
          "1,0,-1": [
            {
              "x1": 0.26,
              "y1": 0,
              "z1": 0.75,
              "x2": 1,
              "y2": 0.0625,
              "z2": 0
            },
            {
              "x1": 0.17,
              "y1": 0,
              "z1": 0.75,
              "x2": 0.26,
              "y2": 0.77,
              "z2": 0
            },
            {
              "x1": 0.17,
              "y1": 0,
              "z1": 0.83,
              "x2": 1,
              "y2": 0.77,
              "z2": 0.75
            }
          ],
          "0,0,-1": [
            {
              "x1": 0.75,
              "y1": 0,
              "z1": 0.74,
              "x2": 0,
              "y2": 0.0625,
              "z2": 0
            },
            {
              "x1": 0.75,
              "y1": 0,
              "z1": 0.83,
              "x2": 0,
              "y2": 0.77,
              "z2": 0.74
            },
            {
              "x1": 0.83,
              "y1": 0,
              "z1": 0.83,
              "x2": 0.75,
              "y2": 0.77,
              "z2": 0
            }
          ],
          "1,0,0": [
            {
              "x1": 0.25,
              "y1": 0,
              "z1": 0.26,
              "x2": 1,
              "y2": 0.0625,
              "z2": 1
            },
            {
              "x1": 0.25,
              "y1": 0,
              "z1": 0.17,
              "x2": 1,
              "y2": 0.77,
              "z2": 0.26
            },
            {
              "x1": 0.17,
              "y1": 0,
              "z1": 0.17,
              "x2": 0.25,
              "y2": 0.77,
              "z2": 1
            }
          ]
        },
        "*-west": {
          // "-1,0,0": [

          //"-1,0,-1": [

          //"0,0,-1": [
          "1,0,0": [
            {
              "x1": 0.26,
              "y1": 0,
              "z1": 0.75,
              "x2": 1,
              "y2": 0.0625,
              "z2": 0
            },
            {
              "x1": 0.17,
              "y1": 0,
              "z1": 0.75,
              "x2": 0.26,
              "y2": 0.77,
              "z2": 0
            },
            {
              "x1": 0.17,
              "y1": 0,
              "z1": 0.83,
              "x2": 1,
              "y2": 0.77,
              "z2": 0.75
            }
          ],
          "1,0,1": [
            {
              "x1": 0.25,
              "y1": 0,
              "z1": 0.26,
              "x2": 1,
              "y2": 0.0625,
              "z2": 1
            },
            {
              "x1": 0.25,
              "y1": 0,
              "z1": 0.17,
              "x2": 1,
              "y2": 0.77,
              "z2": 0.26
            },
            {
              "x1": 0.17,
              "y1": 0,
              "z1": 0.17,
              "x2": 0.25,
              "y2": 0.77,
              "z2": 1
            }
          ],
          "0,0,1": [
            {
              "x1": 0.74,
              "y1": 0,
              "z1": 0.25,
              "x2": 0,
              "y2": 0.0625,
              "z2": 1
            },
            {
              "x1": 0.83,
              "y1": 0,
              "z1": 0.25,
              "x2": 0.74,
              "y2": 0.77,
              "z2": 1
            },
            {
              "x1": 0.83,
              "y1": 0,
              "z1": 0.17,
              "x2": 0,
              "y2": 0.77,
              "z2": 0.25
            }
          ]
        }
      }
    }
  },

  "sideao": {
    "all": false
  },
  "sidesolid": {
    "all": false
  },
  "emitsideao": {
    "all": false
  },
  "sideopaque": {
    "all": false
  },
  "collisionSelectionBoxes": [
    {
      "x1": 0.25,
      "y1": 0,
      "z1": 0.26,
      "x2": 1,
      "y2": 0.0625,
      "z2": 1,
      "rotateYByType": {
        "*-north": 90,
        "*-west": 180,
        "*-south": 270
      }
    },
    {
      "x1": 0.25,
      "y1": 0,
      "z1": 0.17,
      "x2": 1,
      "y2": 0.77,
      "z2": 0.26,
      "rotateYByType": {
        "*-north": 90,
        "*-west": 180,
        "*-south": 270
      }
    },
    {
      "x1": 0.17,
      "y1": 0,
      "z1": 0.17,
      "x2": 0.25,
      "y2": 0.77,
      "z2": 1,
      "rotateYByType": {
        "*-north": 90,
        "*-west": 180,
        "*-south": 270
      }
    }
  ],

  "combustibleProps": {
    "burnTemperature": 600,
    "burnDuration": 20
  },
  "sounds": {
    "place": "game:block/planks",
    "hit": "game:block/planks",
    "break": "game:block/planks",
    "walk": "game:walk/wood"
  },
  "materialDensity": 600,
  "heldTpIdleAnimation": "holdbothhandslarge",
  "heldRightReadyAnimation": "heldblockready",
  "heldTpUseAnimation": "twohandplaceblock",
  "tpHandTransform": {
    "translation": {
      "x": -1.7,
      "y": -0.95,
      "z": -0.69
    },
    "rotation": {
      "x": 12,
      "y": 14,
      "z": -81
    },
    "scale": 0.36
  }
}