[
	{
	"ingredientPattern": "LC,FF",
	"ingredients": {
		"L": { "type": "item", "code": "game:lime" },
		"C": { "type": "item", "code": "em:powdered-ore-malachite" },
		"F": { "type": "item", "code": "game:clay-fire", "quantity": 3 }
	},
	"width": 2,
	"height": 2,
	"output": { "type": "item", "code": "game:clay-malachite", "quantity": 8 }
	},

	{
	"ingredientPattern": "LC,FF",
	"ingredients": {
		"L": { "type": "item", "code": "game:lime" },
		"C": { "type": "item", "code": "em:powdered-ore-malachite" },
		"F": { "type": "item", "code": "game:clay-blue", "quantity": 3 }
	},
	"width": 2,
	"height": 2,
	"output": { "type": "item", "code": "game:clay-malachite", "quantity": 8 }
	},

	{
	"ingredientPattern": "LC,FF",
	"ingredients": {
		"L": { "type": "item", "code": "game:lime" },
		"C": { "type": "item", "code": "em:powdered-ore-chromiumoxide" },
		"F": { "type": "item", "code": "game:clay-blue", "quantity": 3 }
	},
	"width": 2,
	"height": 2,
	"output": { "type": "item", "code": "game:clay-malachite", "quantity": 8 }
	},

	{
	"ingredientPattern": "LC,FF",
	"ingredients": {
		"L": { "type": "item", "code": "game:lime" },
		"C": { "type": "item", "code": "em:powdered-ore-chromiumoxide" },
		"F": { "type": "item", "code": "game:clay-red", "quantity": 3 }
	},
	"width": 2,
	"height": 2,
	"output": { "type": "item", "code": "game:clay-malachite", "quantity": 8 }
	},

	{
	"ingredientPattern": "LC,FF",
	"ingredients": {
		"L": { "type": "item", "code": "game:lime" },
		"C": { "type": "item", "code": "em:powdered-ore-manganeseoxide" },
		"F": { "type": "item", "code": "game:clay-blue", "quantity": 3 }
	},
	"width": 2,
	"height": 2,
	"output": { "type": "item", "code": "game:clay-malachite", "quantity": 8 }
	},

	{
	"ingredientPattern": "LC,FF",
	"ingredients": {
		"L": { "type": "item", "code": "game:lime" },
		"C": { "type": "item", "code": "em:powdered-ore-manganeseoxide" },
		"F": { "type": "item", "code": "game:clay-red", "quantity": 3 }
	},
	"width": 2,
	"height": 2,
	"output": { "type": "item", "code": "game:clay-malachite", "quantity": 8 }
	}
]
