[
	{
	"ingredientPattern": "S_,MC,S_",
	"ingredients": {
		"M": { "type": "item", "code": "game:mortar" },
		"C": { "type": "item", "code": "game:chisel-*", "isTool": true },
		"S": { "type": "block", "code": "game:polishedrockslab-*-down-free", "name": "rock", "allowedVariants": [ "andesite", "bauxite", "chalk", "chert", "conglomerate", "limestone", "claystone", "granite", "sandstone", "shale", "basalt", "peridotite", "phyllite", "slate", "whitemarble", "greenmarble", "redmarble", "suevite", "kimberlite", "obsidian" ] }
	},
	"recipeGroup": 9,
	"width": 2,
	"height": 3,
	"output": { "type": "block", "code": "game:rockpolished-{rock}" }
	}
]
