{
  "code": "magicchalk",
  "class": "ItemMagicChalkRM",
  "enabled": true,

  "storageFlags": 131073,

  "variantgroups": [
    {
      "code": "variant",
      "states": [ "normal", "temporal" ]
    }
  ],
  "creativeinventory": {
    "general": [ "*" ],
    "items": [ "*" ],
    "rustboundmagic": [ "*" ]
  },

  //"behaviors": [
  //  {
  //    "name": "ArtPigment",
  //    "properties": {
  //      "decorBlockCodesByType": {
  //        //"*-scribbles": [ "scribbles-black-1-*" ],
  //        "*-normal": [ "symbols-magicchalkrunes-1-*" ], //,
  //        "*-temporal": [ "symbols-magicchalkrunestemporal-1-*" ] //,
  //        //"*-geometry": [ "symbols-geometry-1-*" ]
  //      },
  //      "paintableOnBlockMaterials": [ "Stone", "Wood", "Brick", "Ceramic", "Metal", "Meta" ],
  //      "consumeChance": 0,
  //      "requireSprintKey": false
  //    }
  //  }
  //],



  "maxstacksize": 1,
  "materialDensity": 200,

  "durabilitybytype": {
    "*-normal": 200,
    "*-temporal": 250
  },

  "shapeByType": {
    "*": {
      "base": "items/tools/magicchalk"
    }
  },
  "texturesByType": {
    "*-normal": {
      "default": { "base": "default" },
      "chalk": { "base": "game:block/stone/rock/chalk1" },
      "handle": { "base": "game:block/clay/hardened/brown1" },
      "col26": { "base": "game:block/creative/col77" }
    },
    "*-temporal": {
      "default": { "base": "default" },
      "chalk": { "base": "game:block/machine/statictranslocator/rustyglow" },
      "handle": { "base": "game:block/clay/hardened/brown1" },
      "col26": { "base": "game:block/creative/col45" }
    }
  },

  "attributesByType": {
    "*-normal": {

      //"inks": [
      //  "game:creativeblock-0",
      //  "game:creativeblock-1",
      //  "rustboundmagic:elementalcrystals-rust-small-up",
      //  "rustboundmagic:ritualsigil-enchantedstone-minorritualofcreation-north",
      //  "rustboundmagic:ritualsigil-enchantedstone-minorritualofdestruction-north",
      //  "rustboundmagic:ritualsigil-enchantedstone-minorritualofbalance-north"
      //],



      "displaycaseable": true,
      "onDisplayTransform": {
        "translation": {
          "x": -0.07,
          "y": -0.245,
          "z": 0
        },
        "scale": 0.5
      },
      "shelvable": true,
      "onshelfTransform": {
        "translation": {
          "x": -0.07,
          "y": -0.245,
          "z": 0
        },
        "scale": 0.5
      },
      "rackable": true,
      "toolrackTransform": {
        "rotation": {
          "X": 0,
          "y": 1,
          "z": -1
        },
        "translation": {
          "x": -0.2,
          "y": 0.75,
          "z": 0
        },
        "scale": 1.5
      },
      "handbook": {
        "extraSections": [
          {
            "title": "game:Created by",
            "text": "rustboundmagic:handbook-createdbythaumicfoundryusingatablet-text"
          },
          {
            "title": "rustboundmagic:handbook-ritualsystem-title",
            "text": "rustboundmagic:handbook-ritualsystem-text"
          }
        ]
      } //,
      //"pigment": {
      //  "name": "Carbon black",
      //  "color": {
      //    "red": 25,
      //    "green": 24,
      //    "blue": 22
      //  }
      //}
    },
    "*-temporal": {
      "displaycaseable": true,
      "onDisplayTransform": {
        "translation": {
          "x": -0.07,
          "y": -0.245,
          "z": 0
        },
        "scale": 0.5
      },
      "shelvable": true,
      "onshelfTransform": {
        "translation": {
          "x": -0.07,
          "y": -0.245,
          "z": 0
        },
        "scale": 0.5
      },
      "rackable": true,
      "toolrackTransform": {
        "rotation": {
          "X": 0,
          "y": 1,
          "z": -1
        },
        "translation": {
          "x": -0.2,
          "y": 0.75,
          "z": 0
        },
        "scale": 1.5
      },
      "handbook": {
        "extraSections": [
          {
            "title": "game:Created by",
            "text": "rustboundmagic:handbook-createdbythaumicfoundryusingatablet-text"
          },
          {
            "title": "rustboundmagic:handbook-ritualsystem-title",
            "text": "rustboundmagic:handbook-ritualsystem-text"
          }
        ]
      } //,
      //"pigment": {
      //  "name": "Carbon black",
      //  "color": {
      //    "red": 25,
      //    "green": 24,
      //    "blue": 22
      //  }
      //}
    }
  },



  "guiTransform": {
    "rotation": {
      "x": -23,
      "y": -39,
      "z": -139
    },
    "origin": {
      "x": 0.7,
      "y": -0.45,
      "z": 0
    },
    "scale": 2.25
  },
  "fpHandTransform": {
    "translation": {
      "x": 0.35,
      "y": -0.2,
      "z": 0
    },
    "rotation": {
      "x": 87,
      "y": 90,
      "z": -30
    },
    "scale": 2.25
  },
  "tpHandTransform": {
    "translation": {
      "x": -0.7,
      "y": -0.2498,
      "z": -0.7499
    },
    "rotation": {
      "x": 0,
      "y": 2,
      "z": 3
    },
    "scale": 0.65
  },
  "groundTransform": {
    "translation": {
      "x": 0,
      "y": 0,
      "z": 0
    },
    "rotation": {
      "x": 0,
      "y": 0,
      "z": 0
    },
    "origin": {
      "x": 0.5,
      "y": -0.03,
      "z": 0.5
    },
    "scale": 4
  }
}
