{
	"editor": {
		"allAngles": true,
		"entityTextureMode": true
	},
	"textureWidth": 48,
	"textureHeight": 48,
	"textureSizes": {
		"hair": [48,48]
	},
	"textures": {
		"koboldbodytex": "koboldrdx:textures/entity/humanoid/koboldbodytex"
	},
	"elements": [
		{
			"name": "hidefacialhair",
			"stepParentName": "Head",
			"from": [ -0.15, 0.8, 2.2 ],
			"to": [ 0.05, 1.5, 2.8 ],
			"unwrapMode": 2,
			"uv": [ 28.0, 1.0 ],
			"rotationOrigin": [ 0.0, 1.2, 2.5 ],
			"faces": {
				"north": { "texture": "#koboldbodytex", "uv": [ 29.0, 1.5, 29.5, 2.0 ] },
				"east": { "texture": "#koboldbodytex", "uv": [ 28.5, 1.5, 29.0, 2.0 ] },
				"south": { "texture": "#koboldbodytex", "uv": [ 28.0, 1.5, 28.5, 2.0 ] },
				"west": { "texture": "#koboldbodytex", "uv": [ 29.5, 1.5, 30.0, 2.0 ] },
				"up": { "texture": "#koboldbodytex", "uv": [ 28.5, 1.0, 29.0, 1.5 ], "rotation": 270 },
				"down": { "texture": "#koboldbodytex", "uv": [ 28.5, 2.0, 29.0, 2.5 ], "rotation": 270 }
			},
			"children": [
				{
					"name": "Cube2",
					"from": [ -1.8, 0.5, 0.0 ],
					"to": [ 0.2, 2.5, 0.6 ],
					"autoUnwrap": false,
					"uv": [ 26.875, -0.125 ],
					"rotationOrigin": [ -1.8, 0.5, 0.0 ],
					"faces": {
						"north": { "texture": "#koboldbodytex", "uv": [ 27.5, 0.5, 29.5, 2.5 ] },
						"east": { "texture": "#koboldbodytex", "uv": [ 29.0, 0.5, 29.5, 2.5 ] },
						"south": { "texture": "#koboldbodytex", "uv": [ 29.5, 0.5, 31.5, 2.5 ] },
						"west": { "texture": "#koboldbodytex", "uv": [ 31.5, 0.5, 32.0, 2.5 ] },
						"up": { "texture": "#koboldbodytex", "uv": [ 28.0, 0.0, 30.0, 0.5 ] },
						"down": { "texture": "#koboldbodytex", "uv": [ 29.0, 0.0, 31.0, 0.5 ] }
					}
				},
				{
					"name": "Cube3",
					"from": [ -1.0, 2.5, 0.0 ],
					"to": [ 1.0, 3.7, 0.6 ],
					"uv": [ 27.375, 0.625 ],
					"rotationOrigin": [ -1.0, 2.5, 0.0 ],
					"faces": {
						"north": { "texture": "#koboldbodytex", "uv": [ 27.5, 1.5, 29.5, 2.5 ] },
						"east": { "texture": "#koboldbodytex", "uv": [ 29.5, 1.5, 30.0, 2.5 ] },
						"south": { "texture": "#koboldbodytex", "uv": [ 30.0, 1.5, 32.0, 2.5 ] },
						"west": { "texture": "#koboldbodytex", "uv": [ 32.0, 1.5, 32.5, 2.5 ] },
						"up": { "texture": "#koboldbodytex", "uv": [ 27.5, 0.5, 29.5, 1.0 ] },
						"down": { "texture": "#koboldbodytex", "uv": [ 29.5, 0.5, 31.5, 1.0 ] }
					}
				},
				{
					"name": "Cube4",
					"from": [ -0.3, 3.7, 0.0 ],
					"to": [ 1.0, 4.8, 0.6 ],
					"uv": [ 28.5, 1.125 ],
					"rotationOrigin": [ -0.3, 3.7, 0.0 ],
					"faces": {
						"north": { "texture": "#koboldbodytex", "uv": [ 28.5, 1.5, 29.625, 2.25 ] },
						"east": { "texture": "#koboldbodytex", "uv": [ 29.625, 1.5, 30.0, 2.25 ] },
						"south": { "texture": "#koboldbodytex", "uv": [ 30.0, 1.5, 31.125, 2.25 ] },
						"west": { "texture": "#koboldbodytex", "uv": [ 31.125, 1.5, 31.5, 2.25 ] },
						"up": { "texture": "#koboldbodytex", "uv": [ 28.5, 1.125, 29.625, 1.5 ] },
						"down": { "texture": "#koboldbodytex", "uv": [ 29.625, 1.125, 30.75, 1.5 ] }
					}
				},
				{
					"name": "Cube5",
					"from": [ 1.0, 3.4, 0.0 ],
					"to": [ 3.0, 5.4, 0.6 ],
					"uv": [ 27.5, -0.125 ],
					"rotationOrigin": [ 1.0, 3.4, 0.0 ],
					"faces": {
						"north": { "texture": "#koboldbodytex", "uv": [ 27.5, 0.5, 29.5, 2.5 ] },
						"east": { "texture": "#koboldbodytex", "uv": [ 29.5, 0.5, 30.0, 2.5 ] },
						"south": { "texture": "#koboldbodytex", "uv": [ 30.0, 0.5, 32.0, 2.5 ] },
						"west": { "texture": "#koboldbodytex", "uv": [ 32.0, 0.5, 32.5, 2.5 ] },
						"up": { "texture": "#koboldbodytex", "uv": [ 27.5, 0.0, 29.5, 0.5 ] },
						"down": { "texture": "#koboldbodytex", "uv": [ 29.5, 0.0, 31.5, 0.5 ] }
					}
				},
				{
					"name": "Cube6",
					"from": [ 3.0, 3.2, 0.0 ],
					"to": [ 5.0, 5.2, 0.6 ],
					"uv": [ 27.375, -0.25 ],
					"rotationOrigin": [ 3.0, 3.2, 0.0 ],
					"faces": {
						"north": { "texture": "#koboldbodytex", "uv": [ 27.5, 0.5, 29.5, 2.5 ] },
						"east": { "texture": "#koboldbodytex", "uv": [ 29.5, 0.5, 30.0, 2.5 ] },
						"south": { "texture": "#koboldbodytex", "uv": [ 30.0, 0.5, 32.0, 2.5 ] },
						"west": { "texture": "#koboldbodytex", "uv": [ 32.0, 0.5, 32.5, 2.5 ] },
						"up": { "texture": "#koboldbodytex", "uv": [ 27.5, 0.0, 29.5, 0.5 ] },
						"down": { "texture": "#koboldbodytex", "uv": [ 29.5, 0.0, 31.5, 0.5 ] }
					}
				},
				{
					"name": "Cube7",
					"from": [ 5.0, 2.7, 0.0 ],
					"to": [ 6.5, 4.7, 0.6 ],
					"uv": [ 27.75, -0.125 ],
					"rotationOrigin": [ 5.0, 2.7, 0.0 ],
					"faces": {
						"north": { "texture": "#koboldbodytex", "uv": [ 28.0, 0.5, 29.5, 2.5 ] },
						"east": { "texture": "#koboldbodytex", "uv": [ 29.5, 0.5, 30.0, 2.5 ] },
						"south": { "texture": "#koboldbodytex", "uv": [ 30.0, 0.5, 31.5, 2.5 ] },
						"west": { "texture": "#koboldbodytex", "uv": [ 31.5, 0.5, 32.0, 2.5 ] },
						"up": { "texture": "#koboldbodytex", "uv": [ 28.0, 0.0, 29.5, 0.5 ] },
						"down": { "texture": "#koboldbodytex", "uv": [ 29.5, 0.0, 31.0, 0.5 ] }
					}
				}
			]
		}
	]}