{
	"editor": {
		"backDropShape": "C:/Users/Cal/Desktop/Kobold Player Redux/seraph-faceless",
		"allAngles": false,
		"entityTextureMode": true
	},
	"textureWidth": 64,
	"textureHeight": 64,
	"textureSizes": {
		"koboldbodytex": [64,64]
	},
	"textures": {
		"koboldbodytex": "koboldrdx:textures/entity/humanoid/koboldbodytex"
	},
	"elements": [
		{
			"name": "Cube2",
			"stepParentName": "Head",
			"from": [ 1.0, 0.3, 0.4 ],
			"to": [ 2.0, 1.3, 1.4 ],
			"uv": [ 35.625, 2.0 ],
			"rotationOrigin": [ 1.0, 0.3, 0.4 ],
			"rotationX": -45.0,
			"rotationY": 45.0,
			"rotationZ": -45.0,
			"faces": {
				"north": { "texture": "#koboldbodytex", "uv": [ 35.5, 3.0, 36.5, 4.0 ] },
				"east": { "texture": "#koboldbodytex", "uv": [ 37.0, 3.0, 38.0, 4.0 ] },
				"south": { "texture": "#koboldbodytex", "uv": [ 38.0, 3.0, 39.0, 4.0 ] },
				"west": { "texture": "#koboldbodytex", "uv": [ 39.0, 3.0, 40.0, 4.0 ] },
				"up": { "texture": "#koboldbodytex", "uv": [ 35.5, 2.0, 36.5, 3.0 ] },
				"down": { "texture": "#koboldbodytex", "uv": [ 37.0, 2.0, 38.0, 3.0 ] }
			}
		},
		{
			"name": "Cube3",
			"stepParentName": "Head",
			"from": [ 4.0, 0.1, 0.7 ],
			"to": [ 5.0, 1.1, 1.7 ],
			"uv": [ 34.0, 0.5 ],
			"rotationOrigin": [ 4.0, 0.1, 0.7 ],
			"rotationX": -45.0,
			"rotationY": -157.5,
			"faces": {
				"north": { "texture": "#koboldbodytex", "uv": [ 34.0, 1.5, 35.0, 2.5 ] },
				"east": { "texture": "#koboldbodytex", "uv": [ 35.0, 1.5, 36.0, 2.5 ] },
				"south": { "texture": "#koboldbodytex", "uv": [ 36.0, 1.5, 37.0, 2.5 ] },
				"west": { "texture": "#koboldbodytex", "uv": [ 37.0, 1.5, 38.0, 2.5 ] },
				"up": { "texture": "#koboldbodytex", "uv": [ 34.0, 0.5, 35.0, 1.5 ] },
				"down": { "texture": "#koboldbodytex", "uv": [ 35.0, 0.5, 36.0, 1.5 ] }
			}
		},
		{
			"name": "Cube4",
			"stepParentName": "Head",
			"from": [ 5.0, 0.1, 0.5 ],
			"to": [ 6.0, 1.1, 1.5 ],
			"uv": [ 42.0, 2.0 ],
			"rotationOrigin": [ 5.0, 0.1, 0.5 ],
			"rotationX": -90.0,
			"rotationY": -67.5,
			"rotationZ": -22.5,
			"faces": {
				"north": { "texture": "#koboldbodytex", "uv": [ 42.0, 3.0, 43.0, 4.0 ] },
				"east": { "texture": "#koboldbodytex", "uv": [ 43.0, 3.0, 44.0, 4.0 ] },
				"south": { "texture": "#koboldbodytex", "uv": [ 44.0, 3.0, 45.0, 4.0 ] },
				"west": { "texture": "#koboldbodytex", "uv": [ 45.0, 3.0, 46.0, 4.0 ] },
				"up": { "texture": "#koboldbodytex", "uv": [ 42.0, 2.0, 43.0, 3.0 ] },
				"down": { "texture": "#koboldbodytex", "uv": [ 43.0, 2.0, 44.0, 3.0 ] }
			}
		},
		{
			"name": "Cube5",
			"stepParentName": "Head",
			"from": [ 1.4, 0.1, 4.0 ],
			"to": [ 2.4, 1.1, 5.0 ],
			"uv": [ 38.5, 0.5 ],
			"rotationOrigin": [ 1.4, 0.1, 4.0 ],
			"rotationX": 45.0,
			"rotationY": -45.0,
			"rotationZ": 45.0,
			"faces": {
				"north": { "texture": "#koboldbodytex", "uv": [ 38.5, 1.5, 39.5, 2.5 ] },
				"east": { "texture": "#koboldbodytex", "uv": [ 39.5, 1.5, 40.5, 2.5 ] },
				"south": { "texture": "#koboldbodytex", "uv": [ 40.5, 1.5, 41.5, 2.5 ] },
				"west": { "texture": "#koboldbodytex", "uv": [ 41.5, 1.5, 42.5, 2.5 ] },
				"up": { "texture": "#koboldbodytex", "uv": [ 38.5, 0.5, 39.5, 1.5 ] },
				"down": { "texture": "#koboldbodytex", "uv": [ 39.5, 0.5, 40.5, 1.5 ] }
			}
		},
		{
			"name": "Cube6",
			"stepParentName": "Head",
			"from": [ 3.3, -0.6, 4.9 ],
			"to": [ 4.3, 0.4, 5.9 ],
			"uv": [ 37.0, 1.5 ],
			"rotationOrigin": [ 3.3, -0.6, 4.9 ],
			"rotationX": 45.0,
			"rotationY": 157.5,
			"faces": {
				"north": { "texture": "#koboldbodytex", "uv": [ 37.0, 2.5, 38.0, 3.5 ] },
				"east": { "texture": "#koboldbodytex", "uv": [ 38.0, 2.5, 39.0, 3.5 ] },
				"south": { "texture": "#koboldbodytex", "uv": [ 39.0, 2.5, 40.0, 3.5 ] },
				"west": { "texture": "#koboldbodytex", "uv": [ 40.0, 2.5, 41.0, 3.5 ] },
				"up": { "texture": "#koboldbodytex", "uv": [ 37.0, 1.5, 38.0, 2.5 ] },
				"down": { "texture": "#koboldbodytex", "uv": [ 38.0, 1.5, 39.0, 2.5 ] }
			}
		},
		{
			"name": "Cube7",
			"stepParentName": "Head",
			"from": [ 4.7, 0.9, 4.7 ],
			"to": [ 5.7, 1.9, 5.7 ],
			"uv": [ 39.5, 1.0 ],
			"rotationOrigin": [ 4.7, 1.9, 4.7 ],
			"rotationX": 45.0,
			"rotationY": -45.0,
			"faces": {
				"north": { "texture": "#koboldbodytex", "uv": [ 39.5, 2.0, 40.5, 3.0 ] },
				"east": { "texture": "#koboldbodytex", "uv": [ 40.5, 2.0, 41.5, 3.0 ] },
				"south": { "texture": "#koboldbodytex", "uv": [ 41.5, 2.0, 42.5, 3.0 ] },
				"west": { "texture": "#koboldbodytex", "uv": [ 42.5, 2.0, 43.5, 3.0 ] },
				"up": { "texture": "#koboldbodytex", "uv": [ 39.5, 1.0, 40.5, 2.0 ] },
				"down": { "texture": "#koboldbodytex", "uv": [ 40.5, 1.0, 41.5, 2.0 ] }
			}
		}
	]}