{
	"editor": {
		"allAngles": true,
		"entityTextureMode": true
	},
	"textureWidth": 48,
	"textureHeight": 48,
	"textureSizes": {
		"hair": [48,48]
	},
	"textures": {
		"koboldbodytex": "koboldrdx:textures/entity/humanoid/koboldbodytex"
	},
	"elements": [
		{
			"name": "hidefacialhair",
			"stepParentName": "Head",
			"from": [ -0.18, 2.8, 2.2 ],
			"to": [ 0.02, 3.5, 2.8 ],
			"unwrapMode": 2,
			"uv": [ 20.25, 1.5 ],
			"rotationOrigin": [ 0.0, 3.2, 2.5 ],
			"faces": {
			},
			"children": [
				{
					"name": "FatWalrusL1",
					"from": [ 2.2, 2.4, 1.2 ],
					"to": [ 2.6, 3.1, 2.2 ],
					"unwrapMode": 2,
					"uv": [ 27.125, -0.125 ],
					"rotationOrigin": [ 2.4, 3.1, 2.2 ],
					"rotationX": -75.0,
					"rotationZ": 20.0,
					"faces": {
						"north": { "texture": "#koboldbodytex", "uv": [ 29.0, 0.5, 29.5, 1.0 ] },
						"east": { "texture": "#koboldbodytex", "uv": [ 28.0, 0.5, 29.0, 1.0 ] },
						"south": { "texture": "#koboldbodytex", "uv": [ 27.0, 0.5, 27.5, 1.0 ] },
						"west": { "texture": "#koboldbodytex", "uv": [ 29.5, 0.5, 30.5, 1.0 ] },
						"up": { "texture": "#koboldbodytex", "uv": [ 28.0, 0.0, 29.0, 0.5 ], "rotation": 270 },
						"down": { "texture": "#koboldbodytex", "uv": [ 28.0, 1.0, 29.0, 1.5 ], "rotation": 270 }
					},
					"children": [
						{
							"name": "FatWalrusL2",
							"from": [ 0.0, 0.0, 1.0 ],
							"to": [ 0.4, 0.6, 2.0 ],
							"unwrapMode": 2,
							"uv": [ 27.125, 0.125 ],
							"rotationOrigin": [ 0.2, 0.6, 1.0 ],
							"rotationX": 10.0,
							"faces": {
								"north": { "texture": "#koboldbodytex", "uv": [ 29.0, 1.0, 29.5, 1.5 ] },
								"east": { "texture": "#koboldbodytex", "uv": [ 28.0, 1.0, 29.0, 1.5 ] },
								"south": { "texture": "#koboldbodytex", "uv": [ 27.0, 1.0, 27.5, 1.5 ] },
								"west": { "texture": "#koboldbodytex", "uv": [ 29.5, 1.0, 30.5, 1.5 ] },
								"up": { "texture": "#koboldbodytex", "uv": [ 28.0, 0.0, 29.0, 0.5 ], "rotation": 270 },
								"down": { "texture": "#koboldbodytex", "uv": [ 28.0, 1.5, 29.0, 2.0 ], "rotation": 270 }
							},
							"children": [
								{
									"name": "FatWalrusL3",
									"from": [ 0.0, 0.0, 0.9 ],
									"to": [ 0.4, 0.4, 1.3 ],
									"unwrapMode": 2,
									"uv": [ 27.75, 0.125 ],
									"rotationOrigin": [ 0.2, 0.4, 0.9 ],
									"rotationX": -5.0,
									"faces": {
										"north": { "texture": "#koboldbodytex", "uv": [ 29.0, 1.0, 29.5, 1.5 ] },
										"east": { "texture": "#koboldbodytex", "uv": [ 28.5, 1.0, 29.0, 1.5 ] },
										"south": { "texture": "#koboldbodytex", "uv": [ 28.0, 1.0, 28.5, 1.5 ] },
										"west": { "texture": "#koboldbodytex", "uv": [ 29.5, 1.0, 30.0, 1.5 ] },
										"up": { "texture": "#koboldbodytex", "uv": [ 28.5, 0.0, 29.0, 0.5 ], "rotation": 270 },
										"down": { "texture": "#koboldbodytex", "uv": [ 28.5, 1.5, 29.0, 2.0 ], "rotation": 270 }
									}
								}
							]
						}
					]
				},
				{
					"name": "FatWalrusR1",
					"from": [ 2.0, 1.5, -2.0 ],
					"to": [ 2.5, 2.2, -1.0 ],
					"unwrapMode": 2,
					"uv": [ 27.625, 0.125 ],
					"rotationOrigin": [ 3.2, 2.2, -1.0 ],
					"rotationX": 75.0,
					"rotationZ": 20.0,
					"faces": {
						"north": { "texture": "#koboldbodytex", "uv": [ 29.5, 1.0, 30.0, 1.5 ] },
						"east": { "texture": "#koboldbodytex", "uv": [ 28.5, 1.0, 29.5, 1.5 ] },
						"south": { "texture": "#koboldbodytex", "uv": [ 27.5, 1.0, 28.0, 1.5 ] },
						"west": { "texture": "#koboldbodytex", "uv": [ 30.0, 1.0, 31.0, 1.5 ] },
						"up": { "texture": "#koboldbodytex", "uv": [ 28.5, 0.0, 29.5, 0.5 ], "rotation": 270 },
						"down": { "texture": "#koboldbodytex", "uv": [ 28.5, 1.5, 29.5, 2.0 ], "rotation": 270 }
					},
					"children": [
						{
							"name": "FatWalrusR2",
							"from": [ 0.0, 0.0, -1.0 ],
							"to": [ 0.5, 0.6, 0.0 ],
							"unwrapMode": 2,
							"uv": [ 27.625, 0.5 ],
							"rotationOrigin": [ 0.2, 0.6, 0.0 ],
							"rotationX": -10.0,
							"faces": {
								"north": { "texture": "#koboldbodytex", "uv": [ 29.5, 1.0, 30.0, 1.5 ] },
								"east": { "texture": "#koboldbodytex", "uv": [ 28.5, 1.0, 29.5, 1.5 ] },
								"south": { "texture": "#koboldbodytex", "uv": [ 27.5, 1.0, 28.0, 1.5 ] },
								"west": { "texture": "#koboldbodytex", "uv": [ 30.0, 1.0, 31.0, 1.5 ] },
								"up": { "texture": "#koboldbodytex", "uv": [ 28.5, 0.5, 29.5, 1.0 ], "rotation": 270 },
								"down": { "texture": "#koboldbodytex", "uv": [ 28.5, 1.5, 29.5, 2.0 ], "rotation": 270 }
							},
							"children": [
								{
									"name": "FatWalrusR3",
									"from": [ 0.0, 0.0, -0.3 ],
									"to": [ 0.5, 0.4, 0.1 ],
									"unwrapMode": 2,
									"uv": [ 28.625, 0.375 ],
									"rotationOrigin": [ 0.2, 0.4, 0.1 ],
									"rotationX": 5.0,
									"faces": {
										"north": { "texture": "#koboldbodytex", "uv": [ 30.0, 1.0, 30.5, 1.5 ] },
										"east": { "texture": "#koboldbodytex", "uv": [ 29.5, 1.0, 30.0, 1.5 ] },
										"south": { "texture": "#koboldbodytex", "uv": [ 28.5, 1.0, 29.0, 1.5 ] },
										"west": { "texture": "#koboldbodytex", "uv": [ 30.5, 1.0, 31.0, 1.5 ] },
										"up": { "texture": "#koboldbodytex", "uv": [ 29.5, 0.5, 30.0, 1.0 ], "rotation": 270 },
										"down": { "texture": "#koboldbodytex", "uv": [ 29.5, 1.5, 30.0, 2.0 ], "rotation": 270 }
									}
								}
							]
						}
					]
				}
			]
		}
	]}