{
	"editor": {
		"backDropShape": "C:/Users/Cal/Desktop/boobold",
		"collapsedPaths": "Root/SideDecorationCrown/CrownFront,Root/ArmorHelmet/ArmorHelmetTop,Root/ArmorHelmet/PlumeP3/Plume22,Root/ArmorHelmet/SideDecorationCrown/CrownBack,Root/ArmorHelmet/TopDecorationLion/leg2/legdown2,Root/ArmorHelmet/TopDecorationLion/hand2,Root/ArmorHelmet/ArmorHelmetTop/ArmorHelmetTopFront,Root/ArmorHelmet/TopDecorationLion/hand1,Root/ArmorHelmet/SideDecorationCrown/CrownRight,Root/SideDecorationCrown,Root/ArmorHelmet/Plume/Plume12,Root/ArmorHelmet/ArmorHelmetFront,Root/ArmorHelmet/SunblockAxle3,Root/ArmorHelmet/SunblockAxle4,Root/ArmorHelmet/SunblockAxle2,Root/ArmorHelmet/ArmorNose,Root/ArmorHelmet/TopDecorationLion/hand1/forearm1,Root/ArmorHelmet/lining,Root/TopDecorationLion/hand1,Root/ArmorHelmet/TopDecorationLion/Tail,Root/ArmorHelmet/SideDecorationCrown/CrownLeft,Root/ArmorHelmet/SunblockAxle,Root/ArmorHelmet/HeadDecCrownBase,Root/TopDecorationLion/hand2,Root/TopDecorationLion/Head,Root/ArmorHelmet/Plume/Plume4,Root/ArmorHelmet/Plume/Plume3,Root/ArmorHelmet/HeadDecCrownBase/CrownBack,Root/ArmorHelmet/TopDecorationLion/leg2,Root/ArmorHelmet/TopDecorationLion/leg1,Root/ArmorHelmet/Plume/Plume21,Root/TopDecorationLion/leg2,Root/ArmorHelmet/TopDecorationLion/hand2/forearm2,Root/ArmorHelmet/TopDecorationLion/Head,Root/ArmorHelmet/SideDecorationCrown/CrownFront,Root/ArmorHelmet/PlumeP2,Root/ArmorHelmet/TopDecorationLion/Bottomtop,Root/ArmorHelmet/Plume/Plume3/Plume4,Root/TopDecorationLion,Root/ArmorHelmet/TopDecorationLion/Head/Nose,Root/ArmorHelmet/HeadDecCrownBase/CrownFront3,Root/SideDecorationCrown/CrownRight,Root/ArmorHelmet/Plume/Plume21/Plume22,Root/ArmorHelmet/HeadDecCrownBase/CrownFront4,Root/ArmorHelmet/ArmorHelmetTop/ArmorHelmetTop3,Root/ArmorHelmet/ArmorHelmetTop/ArmorHelmetTop2,Root/ArmorHelmet/PlumeP1/Plume4,Root/ArmorHelmet/TopDecorationLion/leg1/legdown1,Root/ArmorHelmet/Axel/ArmorHelmetTop4/Visorcentre4,Root/ArmorHelmet/HeadDecCrownBase/CrownLeft,Root/ArmorHelmet/HeadDecCrownBase/CrownFront2,Root/ArmorHelmet/Fin,Root/ArmorHelmet/Hinge1,Root/ArmorHelmet/HeadDecCrownBase/CrownFront,Root/ArmorHelmet/BackCover3,Root/ArmorHelmet/BackCover2,Root/ArmorHelmet/Hinge4,Root/ArmorHelmet/BackCover1/BackCover4,Root/SideDecorationCrown/CrownLeft,Root/ArmorHelmet/HeadDecCrownBase/CrownRight,Root/ArmorHelmet/HeadDecCrownBase/CrownRight2,Root/ArmorHelmet/PlumeBase,Root/SideDecorationCrown/CrownFront4,Root/SideDecorationCrown/CrownFront3,Root/SideDecorationCrown/CrownFront2",
		"allAngles": true,
		"entityTextureMode": true
	},
	"textureWidth": 64,
	"textureHeight": 64,
	"textureSizes": {
	},
	"textures": {
		"trenchmenhead": "armor/entity/trenchmen_steel",
		"plume": "block/plume/plumebeige"
	},
	"elements": [
		{
			"name": "ArmorHelmet",
			"stepParentName": "Head",
			"from": [ -0.6, 4.1, -0.4 ],
			"to": [ 6.1, 6.3, 5.5 ],
			"autoUnwrap": false,
			"uv": [ 27.0, 14.0 ],
			"rotationOrigin": [ -0.6, 4.1, -0.4 ],
			"rotationZ": -1.0,
			"faces": {
				"north": { "texture": "#plume", "uv": [ 45.0, 20.0, 51.5, 22.0 ], "windMode": [-1,-1,-1,-1], "windData": [1,1,1,1] },
				"east": { "texture": "#plume", "uv": [ 45.5, 20.0, 51.0, 22.0 ], "windMode": [-1,-1,-1,-1], "windData": [0,0,0,0] },
				"south": { "texture": "#plume", "uv": [ 44.5, 25.5, 51.0, 27.5 ], "windMode": [-1,-1,-1,-1], "windData": [1,1,1,1] },
				"west": { "texture": "#plume", "uv": [ 45.5, 20.0, 51.0, 22.0 ], "windMode": [-1,-1,-1,-1], "windData": [1,1,1,1] },
				"up": { "texture": "#plume", "uv": [ 45.5, 21.5, 51.0, 28.0 ], "rotation": 90, "windMode": [-1,-1,-1,-1], "windData": [1,1,1,1] },
				"down": { "texture": "#plume", "uv": [ 45.5, 20.5, 51.0, 27.0 ], "rotation": 90, "windMode": [-1,-1,-1,-1], "windData": [1,1,1,1] }
			},
			"children": [
				{
					"name": "ArmorHelmetTop",
					"from": [ 0.5, 2.2, 0.5 ],
					"to": [ 6.1, 2.7, 5.4 ],
					"unwrapMode": 4,
					"autoUnwrap": false,
					"uv": [ 23.5, 7.5 ],
					"rotationOrigin": [ 0.5, 2.2, 0.5 ],
					"faces": {
						"north": { "texture": "#plume", "uv": [ 45.5, 26.5, 51.0, 27.0 ], "windMode": [-1,-1,-1,-1], "windData": [1,1,1,1] },
						"east": { "texture": "#plume", "uv": [ 48.5, 21.5, 53.0, 22.0 ], "windMode": [-1,-1,-1,-1], "windData": [1,1,1,1] },
						"south": { "texture": "#plume", "uv": [ 45.5, 26.0, 51.0, 26.5 ], "windMode": [-1,-1,-1,-1], "windData": [1,1,1,1] },
						"west": { "texture": "#plume", "uv": [ 47.5, 26.0, 52.0, 26.5 ], "windMode": [-1,-1,-1,-1], "windData": [1,1,1,1] },
						"up": { "texture": "#plume", "uv": [ 46.0, 22.0, 50.5, 27.5 ], "rotation": 90, "windMode": [-1,-1,-1,-1], "windData": [1,1,1,1] },
						"down": { "texture": "#null", "uv": [ 5.5, 0.0, 11.0, 4.5 ], "enabled": false }
					}
				},
				{
					"name": "ArmorNeck",
					"from": [ 2.0, -5.2, 1.1 ],
					"to": [ 5.6, -3.4, 4.7 ],
					"autoUnwrap": false,
					"uv": [ 42.0, 18.0 ],
					"rotationOrigin": [ 2.0, -3.2, 1.1 ],
					"faces": {
						"north": { "texture": "#plume", "uv": [ 42.0, 18.0, 45.5, 19.5 ], "windMode": [-1,-1,-1,-1], "windData": [1,1,1,1] },
						"east": { "texture": "#plume", "uv": [ 45.5, 18.0, 49.0, 19.5 ], "windMode": [-1,-1,-1,-1], "windData": [1,1,1,1] },
						"south": { "texture": "#plume", "uv": [ 45.5, 18.0, 49.0, 19.5 ], "windMode": [-1,-1,-1,-1], "windData": [1,1,1,1] },
						"west": { "texture": "#plume", "uv": [ 43.0, 18.0, 46.5, 19.5 ], "windMode": [-1,-1,-1,-1], "windData": [0,0,0,0] },
						"up": { "texture": "#null", "uv": [ 0.0, 0.0, 3.5, 3.5 ], "enabled": false },
						"down": { "texture": "#null", "uv": [ 3.5, 0.0, 7.0, 3.5 ], "enabled": false }
					}
				},
				{
					"name": "ArmorHelmetTop2",
					"from": [ 1.0, 2.7, 0.9 ],
					"to": [ 5.6, 3.2, 5.0 ],
					"unwrapMode": 4,
					"autoUnwrap": false,
					"uv": [ 23.5, 7.5 ],
					"rotationOrigin": [ 1.0, 2.7, 0.9 ],
					"faces": {
						"north": { "texture": "#plume", "uv": [ 48.5, 26.5, 53.0, 27.0 ], "windMode": [-1,-1,-1,-1], "windData": [1,1,1,1] },
						"east": { "texture": "#plume", "uv": [ 47.5, 26.5, 51.5, 27.0 ], "windMode": [-1,-1,-1,-1], "windData": [1,1,1,1] },
						"south": { "texture": "#plume", "uv": [ 47.5, 26.5, 52.0, 27.0 ], "windMode": [-1,-1,-1,-1], "windData": [1,1,1,1] },
						"west": { "texture": "#plume", "uv": [ 48.5, 21.0, 52.5, 21.5 ], "windMode": [-1,-1,-1,-1], "windData": [1,1,1,1] },
						"up": { "texture": "#plume", "uv": [ 46.0, 22.5, 50.0, 27.0 ], "rotation": 90, "windMode": [-1,-1,-1,-1], "windData": [1,1,1,1] },
						"down": { "texture": "#null", "uv": [ 4.5, 0.0, 9.0, 4.0 ], "enabled": false }
					},
					"children": [
						{
							"name": "Pike1",
							"from": [ 2.0, 0.5, 1.5 ],
							"to": [ 3.0, 0.8, 2.5 ],
							"uv": [ 23.0, 10.0 ],
							"rotationOrigin": [ 2.0, 0.5, 1.5 ],
							"faces": {
								"north": { "texture": "#plume", "uv": [ 23.0, 11.0, 24.0, 11.5 ] },
								"east": { "texture": "#plume", "uv": [ 24.0, 11.0, 25.0, 11.5 ] },
								"south": { "texture": "#plume", "uv": [ 25.0, 11.0, 26.0, 11.5 ] },
								"west": { "texture": "#plume", "uv": [ 26.0, 11.0, 27.0, 11.5 ] },
								"up": { "texture": "#plume", "uv": [ 23.0, 10.0, 24.0, 11.0 ] },
								"down": { "texture": "#plume", "uv": [ 24.0, 10.0, 25.0, 11.0 ] }
							}
						},
						{
							"name": "Pike2",
							"from": [ 2.3, 0.8, 1.8 ],
							"to": [ 2.7, 1.0, 2.2 ],
							"uv": [ 25.0, 12.0 ],
							"rotationOrigin": [ 2.3, 0.8, 1.8 ],
							"faces": {
								"north": { "texture": "#plume", "uv": [ 25.0, 12.5, 25.5, 13.0 ] },
								"east": { "texture": "#plume", "uv": [ 25.5, 12.5, 26.0, 13.0 ] },
								"south": { "texture": "#plume", "uv": [ 26.0, 12.5, 26.5, 13.0 ] },
								"west": { "texture": "#plume", "uv": [ 26.5, 12.5, 27.0, 13.0 ] },
								"up": { "texture": "#plume", "uv": [ 25.0, 12.0, 25.5, 12.5 ] },
								"down": { "texture": "#plume", "uv": [ 25.5, 12.0, 26.0, 12.5 ] }
							}
						},
						{
							"name": "Pike3",
							"from": [ 2.3, 1.0, 1.8 ],
							"to": [ 2.7, 1.6, 2.2 ],
							"uv": [ 24.0, 13.0 ],
							"rotationOrigin": [ 2.3, 1.0, 1.8 ],
							"faces": {
								"north": { "texture": "#plume", "uv": [ 24.0, 13.5, 24.5, 14.0 ] },
								"east": { "texture": "#plume", "uv": [ 24.5, 13.5, 25.0, 14.0 ] },
								"south": { "texture": "#plume", "uv": [ 25.0, 13.5, 25.5, 14.0 ] },
								"west": { "texture": "#plume", "uv": [ 25.5, 13.5, 26.0, 14.0 ] },
								"up": { "texture": "#plume", "uv": [ 24.0, 13.0, 24.5, 13.5 ] },
								"down": { "texture": "#plume", "uv": [ 24.5, 13.0, 25.0, 13.5 ] }
							},
							"children": [
								{
									"name": "Pike4",
									"from": [ -0.2, 0.0, 0.0 ],
									"to": [ 0.6, 0.6, 0.4 ],
									"uv": [ 24.0, 11.0 ],
									"rotationOrigin": [ -0.2, 0.0, 0.0 ],
									"rotationX": -50.0,
									"faces": {
										"north": { "texture": "#plume", "uv": [ 24.0, 11.5, 24.5, 12.0 ] },
										"east": { "texture": "#plume", "uv": [ 24.5, 11.5, 25.0, 12.0 ] },
										"south": { "texture": "#plume", "uv": [ 25.0, 11.5, 25.5, 12.0 ] },
										"west": { "texture": "#plume", "uv": [ 25.5, 11.5, 26.0, 12.0 ] },
										"up": { "texture": "#plume", "uv": [ 24.0, 11.0, 24.5, 11.5 ] },
										"down": { "texture": "#plume", "uv": [ 24.5, 11.0, 25.0, 11.5 ] }
									}
								},
								{
									"name": "Pike5",
									"from": [ -0.2, 0.0, 0.0 ],
									"to": [ 0.6, 0.6, 0.4 ],
									"uv": [ 24.0, 11.0 ],
									"rotationOrigin": [ -0.2, 0.0, 0.4 ],
									"rotationX": 50.0,
									"faces": {
										"north": { "texture": "#plume", "uv": [ 24.0, 11.5, 24.5, 12.0 ] },
										"east": { "texture": "#plume", "uv": [ 24.5, 11.5, 25.0, 12.0 ] },
										"south": { "texture": "#plume", "uv": [ 25.0, 11.5, 25.5, 12.0 ] },
										"west": { "texture": "#plume", "uv": [ 25.5, 11.5, 26.0, 12.0 ] },
										"up": { "texture": "#plume", "uv": [ 24.0, 11.0, 24.5, 11.5 ] },
										"down": { "texture": "#plume", "uv": [ 24.5, 11.0, 25.0, 11.5 ] }
									}
								},
								{
									"name": "Pike6",
									"from": [ 0.0, 0.0, -0.2 ],
									"to": [ 0.4, 0.6, 0.6 ],
									"uv": [ 24.0, 11.0 ],
									"rotationOrigin": [ 0.0, 0.0, -0.2 ],
									"rotationZ": 50.0,
									"faces": {
										"north": { "texture": "#plume", "uv": [ 24.0, 11.5, 24.5, 12.0 ] },
										"east": { "texture": "#plume", "uv": [ 24.5, 11.5, 25.0, 12.0 ] },
										"south": { "texture": "#plume", "uv": [ 25.0, 11.5, 25.5, 12.0 ] },
										"west": { "texture": "#plume", "uv": [ 25.5, 11.5, 26.0, 12.0 ] },
										"up": { "texture": "#plume", "uv": [ 24.0, 11.0, 24.5, 11.5 ] },
										"down": { "texture": "#plume", "uv": [ 24.5, 11.0, 25.0, 11.5 ] }
									}
								},
								{
									"name": "Pike7",
									"from": [ 0.0, 0.0, -0.2 ],
									"to": [ 0.4, 0.6, 0.6 ],
									"uv": [ 24.0, 11.0 ],
									"rotationOrigin": [ 0.4, 0.0, -0.2 ],
									"rotationZ": -50.0,
									"faces": {
										"north": { "texture": "#plume", "uv": [ 24.0, 11.5, 24.5, 12.0 ] },
										"east": { "texture": "#plume", "uv": [ 24.5, 11.5, 25.0, 12.0 ] },
										"south": { "texture": "#plume", "uv": [ 25.0, 11.5, 25.5, 12.0 ] },
										"west": { "texture": "#plume", "uv": [ 25.5, 11.5, 26.0, 12.0 ] },
										"up": { "texture": "#plume", "uv": [ 24.0, 11.0, 24.5, 11.5 ] },
										"down": { "texture": "#plume", "uv": [ 24.5, 11.0, 25.0, 11.5 ] }
									}
								},
								{
									"name": "Pike8",
									"from": [ 0.0, 0.6, 0.0 ],
									"to": [ 0.4, 1.8, 0.4 ],
									"uv": [ 24.0, 11.0 ],
									"rotationOrigin": [ 0.0, 1.8, 0.0 ],
									"faces": {
										"north": { "texture": "#plume", "uv": [ 24.0, 11.5, 24.5, 12.5 ] },
										"east": { "texture": "#plume", "uv": [ 24.5, 11.5, 25.0, 12.5 ] },
										"south": { "texture": "#plume", "uv": [ 25.0, 11.5, 25.5, 12.5 ] },
										"west": { "texture": "#plume", "uv": [ 25.5, 11.5, 26.0, 12.5 ] },
										"up": { "texture": "#plume", "uv": [ 24.0, 11.0, 24.5, 11.5 ] },
										"down": { "texture": "#plume", "uv": [ 24.5, 11.0, 25.0, 11.5 ] }
									}
								},
								{
									"name": "Pike9",
									"from": [ 0.0, 0.5, -0.1 ],
									"to": [ 0.4, 1.7, 0.5 ],
									"uv": [ 24.0, 11.0 ],
									"rotationOrigin": [ 0.0, 1.7, -0.1 ],
									"rotationZ": 12.0,
									"faces": {
										"north": { "texture": "#plume", "uv": [ 24.0, 11.5, 24.5, 12.5 ] },
										"east": { "texture": "#plume", "uv": [ 24.5, 11.5, 25.0, 12.5 ] },
										"south": { "texture": "#plume", "uv": [ 25.0, 11.5, 25.5, 12.5 ] },
										"west": { "texture": "#plume", "uv": [ 25.5, 11.5, 26.0, 12.5 ] },
										"up": { "texture": "#plume", "uv": [ 24.0, 11.0, 24.5, 11.5 ] },
										"down": { "texture": "#plume", "uv": [ 24.5, 11.0, 25.0, 11.5 ] }
									}
								},
								{
									"name": "Pike10",
									"from": [ 0.0, 0.5, -0.1 ],
									"to": [ 0.4, 1.7, 0.5 ],
									"uv": [ 24.0, 11.0 ],
									"rotationOrigin": [ 0.4, 1.7, -0.1 ],
									"rotationZ": -12.0,
									"faces": {
										"north": { "texture": "#plume", "uv": [ 24.0, 11.5, 24.5, 12.5 ] },
										"east": { "texture": "#plume", "uv": [ 24.5, 11.5, 25.0, 12.5 ] },
										"south": { "texture": "#plume", "uv": [ 25.0, 11.5, 25.5, 12.5 ] },
										"west": { "texture": "#plume", "uv": [ 25.5, 11.5, 26.0, 12.5 ] },
										"up": { "texture": "#plume", "uv": [ 24.0, 11.0, 24.5, 11.5 ] },
										"down": { "texture": "#plume", "uv": [ 24.5, 11.0, 25.0, 11.5 ] }
									}
								},
								{
									"name": "Pike11",
									"from": [ -0.1, 0.5, 0.0 ],
									"to": [ 0.5, 1.7, 0.4 ],
									"uv": [ 24.0, 11.0 ],
									"rotationOrigin": [ -0.1, 1.7, 0.0 ],
									"rotationX": -12.0,
									"faces": {
										"north": { "texture": "#plume", "uv": [ 24.0, 11.5, 24.5, 12.5 ] },
										"east": { "texture": "#plume", "uv": [ 24.5, 11.5, 25.0, 12.5 ] },
										"south": { "texture": "#plume", "uv": [ 25.0, 11.5, 25.5, 12.5 ] },
										"west": { "texture": "#plume", "uv": [ 25.5, 11.5, 26.0, 12.5 ] },
										"up": { "texture": "#plume", "uv": [ 24.0, 11.0, 24.5, 11.5 ] },
										"down": { "texture": "#plume", "uv": [ 24.5, 11.0, 25.0, 11.5 ] }
									}
								},
								{
									"name": "Pike12",
									"from": [ -0.1, 0.5, 0.0 ],
									"to": [ 0.5, 1.7, 0.4 ],
									"uv": [ 24.0, 11.0 ],
									"rotationOrigin": [ -0.1, 1.7, 0.4 ],
									"rotationX": 12.0,
									"faces": {
										"north": { "texture": "#plume", "uv": [ 24.0, 11.5, 24.5, 12.5 ] },
										"east": { "texture": "#plume", "uv": [ 24.5, 11.5, 25.0, 12.5 ] },
										"south": { "texture": "#plume", "uv": [ 25.0, 11.5, 25.5, 12.5 ] },
										"west": { "texture": "#plume", "uv": [ 25.5, 11.5, 26.0, 12.5 ] },
										"up": { "texture": "#plume", "uv": [ 24.0, 11.0, 24.5, 11.5 ] },
										"down": { "texture": "#plume", "uv": [ 24.5, 11.0, 25.0, 11.5 ] }
									}
								},
								{
									"name": "Pike13",
									"from": [ 0.1, 1.6, 0.1 ],
									"to": [ 0.3, 2.2, 0.3 ],
									"uv": [ 24.0, 11.0 ],
									"rotationOrigin": [ 0.1, 2.8, 0.1 ],
									"faces": {
										"north": { "texture": "#plume", "uv": [ 24.0, 11.5, 24.5, 12.0 ] },
										"east": { "texture": "#plume", "uv": [ 24.5, 11.5, 25.0, 12.0 ] },
										"south": { "texture": "#plume", "uv": [ 25.0, 11.5, 25.5, 12.0 ] },
										"west": { "texture": "#plume", "uv": [ 25.5, 11.5, 26.0, 12.0 ] },
										"up": { "texture": "#plume", "uv": [ 24.0, 11.0, 24.5, 11.5 ] },
										"down": { "texture": "#plume", "uv": [ 24.5, 11.0, 25.0, 11.5 ] }
									}
								}
							]
						}
					]
				},
				{
					"name": "BackCover1",
					"from": [ 7.15, -1.2, 4.2 ],
					"to": [ 7.95, 0.3, 6.62 ],
					"unwrapMode": 4,
					"uv": [ 38.0, 34.5 ],
					"rotationOrigin": [ 7.1527, -1.2034, 4.2 ],
					"rotationX": -180.0,
					"rotationZ": 160.0,
					"faces": {
						"north": { "texture": "#plume", "uv": [ 38.0, 35.0, 38.5, 36.5 ] },
						"east": { "texture": "#plume", "uv": [ 41.0, 35.0, 43.0, 36.5 ] },
						"south": { "texture": "#plume", "uv": [ 40.5, 35.0, 41.0, 36.5 ] },
						"west": { "texture": "#plume", "uv": [ 38.5, 35.0, 40.5, 36.5 ] },
						"up": { "texture": "#plume", "uv": [ 38.5, 34.5, 40.5, 35.0 ], "rotation": 90 },
						"down": { "texture": "#plume", "uv": [ 38.5, 36.5, 40.5, 37.0 ], "rotation": 90 }
					},
					"children": [
						{
							"name": "BackCover1R",
							"from": [ 0.0, 0.0139, 2.3 ],
							"to": [ 0.8, 2.5139, 4.05 ],
							"unwrapMode": 4,
							"uv": [ 41.0, 34.0 ],
							"rotationOrigin": [ -0.001, 0.0139, 2.42 ],
							"rotationX": 4.0,
							"rotationY": 20.0,
							"rotationZ": -9.0,
							"faces": {
								"north": { "texture": "#plume", "uv": [ 41.0, 34.5, 41.5, 37.0 ] },
								"east": { "texture": "#plume", "uv": [ 43.5, 34.5, 45.0, 37.0 ] },
								"south": { "texture": "#plume", "uv": [ 43.0, 34.5, 43.5, 37.0 ] },
								"west": { "texture": "#plume", "uv": [ 41.5, 34.5, 43.0, 37.0 ] },
								"up": { "texture": "#plume", "uv": [ 41.5, 34.0, 43.0, 34.5 ], "rotation": 90 },
								"down": { "texture": "#plume", "uv": [ 41.5, 37.0, 43.0, 37.5 ], "rotation": 90 }
							},
							"children": [
								{
									"name": "BackCoverRimR",
									"from": [ -0.2, -0.1, 1.7 ],
									"to": [ 1.2, 3.2, 2.2 ],
									"uv": [ 31.5, 38.5 ],
									"rotationOrigin": [ -0.2, -0.1, 1.7 ],
									"faces": {
										"north": { "texture": "#trenchmenhead", "uv": [ 31.5, 39.0, 32.5, 42.0 ] },
										"east": { "texture": "#trenchmenhead", "uv": [ 32.5, 39.0, 33.0, 42.0 ] },
										"south": { "texture": "#trenchmenhead", "uv": [ 33.0, 39.0, 34.0, 42.0 ] },
										"west": { "texture": "#trenchmenhead", "uv": [ 34.0, 39.0, 34.5, 42.0 ] },
										"up": { "texture": "#trenchmenhead", "uv": [ 31.5, 38.5, 32.5, 39.0 ] },
										"down": { "texture": "#trenchmenhead", "uv": [ 32.5, 38.5, 33.5, 39.0 ] }
									}
								}
							]
						},
						{
							"name": "BackCover1L",
							"from": [ 0.0, 0.01, -1.8 ],
							"to": [ 0.8, 2.51, 0.05 ],
							"unwrapMode": 4,
							"uv": [ 36.0, 34.0 ],
							"rotationOrigin": [ -0.001, 0.0139, 0.32 ],
							"rotationX": -4.0,
							"rotationY": -20.0,
							"rotationZ": -9.0,
							"faces": {
								"north": { "texture": "#plume", "uv": [ 36.0, 34.5, 36.5, 37.0 ] },
								"east": { "texture": "#plume", "uv": [ 38.5, 34.5, 40.0, 37.0 ] },
								"south": { "texture": "#plume", "uv": [ 38.0, 34.5, 38.5, 37.0 ] },
								"west": { "texture": "#plume", "uv": [ 36.5, 34.5, 38.0, 37.0 ] },
								"up": { "texture": "#plume", "uv": [ 36.5, 34.0, 38.0, 34.5 ], "rotation": 90 },
								"down": { "texture": "#plume", "uv": [ 36.5, 37.0, 38.0, 37.5 ], "rotation": 90 }
							},
							"children": [
								{
									"name": "BackCoverRimL",
									"from": [ -0.2, -0.1, -0.3 ],
									"to": [ 1.2, 3.2, 0.2 ],
									"uv": [ 31.0, 38.5 ],
									"rotationOrigin": [ -0.2, -0.1, -0.3 ],
									"faces": {
										"north": { "texture": "#trenchmenhead", "uv": [ 31.0, 39.0, 32.0, 42.0 ] },
										"east": { "texture": "#trenchmenhead", "uv": [ 32.0, 39.0, 32.5, 42.0 ] },
										"south": { "texture": "#trenchmenhead", "uv": [ 32.5, 39.0, 33.5, 42.0 ] },
										"west": { "texture": "#trenchmenhead", "uv": [ 33.5, 39.0, 34.0, 42.0 ] },
										"up": { "texture": "#trenchmenhead", "uv": [ 31.0, 38.5, 32.0, 39.0 ] },
										"down": { "texture": "#trenchmenhead", "uv": [ 32.0, 38.5, 33.0, 39.0 ] }
									}
								}
							]
						},
						{
							"name": "BackCover2",
							"from": [ -0.1696, -0.9062, -0.1 ],
							"to": [ 0.6304, 0.5938, 2.52 ],
							"unwrapMode": 4,
							"uv": [ 36.5, 34.5 ],
							"rotationOrigin": [ -0.1669, -0.9096, -0.1 ],
							"rotationZ": -16.0,
							"faces": {
								"north": { "texture": "#plume", "uv": [ 36.5, 35.0, 37.0, 36.5 ] },
								"east": { "texture": "#plume", "uv": [ 40.0, 35.0, 42.5, 36.5 ] },
								"south": { "texture": "#plume", "uv": [ 39.5, 35.0, 40.0, 36.5 ] },
								"west": { "texture": "#plume", "uv": [ 37.0, 35.0, 39.5, 36.5 ] },
								"up": { "texture": "#plume", "uv": [ 37.0, 34.5, 39.5, 35.0 ], "rotation": 90 },
								"down": { "texture": "#plume", "uv": [ 37.0, 36.5, 39.5, 37.0 ], "rotation": 90 }
							},
							"children": [
								{
									"name": "BackCover1R2",
									"from": [ 0.0, 0.0139, 2.5 ],
									"to": [ 0.8, 1.5139, 4.35 ],
									"unwrapMode": 4,
									"uv": [ 41.0, 34.5 ],
									"rotationOrigin": [ -0.001, 0.0139, 2.62 ],
									"rotationX": 4.0,
									"rotationY": 30.0,
									"faces": {
										"north": { "texture": "#plume", "uv": [ 41.0, 35.0, 41.5, 36.5 ] },
										"east": { "texture": "#plume", "uv": [ 43.5, 35.0, 45.0, 36.5 ] },
										"south": { "texture": "#plume", "uv": [ 43.0, 35.0, 43.5, 36.5 ] },
										"west": { "texture": "#plume", "uv": [ 41.5, 35.0, 43.0, 36.5 ] },
										"up": { "texture": "#plume", "uv": [ 41.5, 34.5, 43.0, 35.0 ], "rotation": 90 },
										"down": { "texture": "#plume", "uv": [ 41.5, 36.5, 43.0, 37.0 ], "rotation": 90 }
									},
									"children": [
										{
											"name": "BackCoverRimR2",
											"from": [ -0.4, -0.1, 2.1 ],
											"to": [ 1.0, 1.4, 2.6 ],
											"uv": [ 7.5, 35.5 ],
											"rotationOrigin": [ -0.4, -0.1, 2.1 ],
											"rotationX": -23.0,
											"rotationZ": 10.0,
											"faces": {
												"north": { "texture": "#trenchmenhead", "uv": [ 7.5, 36.0, 8.5, 37.5 ] },
												"east": { "texture": "#trenchmenhead", "uv": [ 8.5, 36.0, 9.0, 37.5 ] },
												"south": { "texture": "#trenchmenhead", "uv": [ 9.0, 36.0, 10.0, 37.5 ] },
												"west": { "texture": "#trenchmenhead", "uv": [ 10.0, 36.0, 10.5, 37.5 ] },
												"up": { "texture": "#trenchmenhead", "uv": [ 7.5, 35.5, 8.5, 36.0 ] },
												"down": { "texture": "#trenchmenhead", "uv": [ 8.5, 35.5, 9.5, 36.0 ] }
											}
										}
									]
								},
								{
									"name": "BackCover1L2",
									"from": [ 0.1, 0.01, -1.9 ],
									"to": [ 0.9, 1.51, 0.05 ],
									"unwrapMode": 4,
									"uv": [ 36.0, 34.5 ],
									"rotationOrigin": [ 0.099, 0.0139, 0.22 ],
									"rotationX": -4.0,
									"rotationY": -30.0,
									"faces": {
										"north": { "texture": "#plume", "uv": [ 36.0, 35.0, 36.5, 36.5 ] },
										"east": { "texture": "#plume", "uv": [ 38.5, 35.0, 40.0, 36.5 ] },
										"south": { "texture": "#plume", "uv": [ 38.0, 35.0, 38.5, 36.5 ] },
										"west": { "texture": "#plume", "uv": [ 36.5, 35.0, 38.0, 36.5 ] },
										"up": { "texture": "#plume", "uv": [ 36.5, 34.5, 38.0, 35.0 ], "rotation": 90 },
										"down": { "texture": "#plume", "uv": [ 36.5, 36.5, 38.0, 37.0 ], "rotation": 90 }
									},
									"children": [
										{
											"name": "BackCoverRimL2",
											"from": [ -0.4, 0.0, -0.6 ],
											"to": [ 1.0, 1.5, -0.1 ],
											"uv": [ 31.0, 39.5 ],
											"rotationOrigin": [ -0.4, 0.0, -0.6 ],
											"rotationX": 23.0,
											"rotationZ": 10.0,
											"faces": {
												"north": { "texture": "#trenchmenhead", "uv": [ 31.0, 40.0, 32.0, 41.5 ] },
												"east": { "texture": "#trenchmenhead", "uv": [ 32.0, 40.0, 32.5, 41.5 ] },
												"south": { "texture": "#trenchmenhead", "uv": [ 32.5, 40.0, 33.5, 41.5 ] },
												"west": { "texture": "#trenchmenhead", "uv": [ 33.5, 40.0, 34.0, 41.5 ] },
												"up": { "texture": "#trenchmenhead", "uv": [ 31.0, 39.5, 32.0, 40.0 ] },
												"down": { "texture": "#trenchmenhead", "uv": [ 32.0, 39.5, 33.0, 40.0 ] }
											}
										}
									]
								}
							]
						},
						{
							"name": "BackCover3",
							"from": [ -0.3392, -1.8124, 0.0 ],
							"to": [ 0.4608, -0.3124, 2.22 ],
							"unwrapMode": 4,
							"uv": [ 38.0, 34.5 ],
							"rotationOrigin": [ -0.3365, -1.8158, 0.0 ],
							"rotationZ": -29.0,
							"faces": {
								"north": { "texture": "#plume", "uv": [ 38.0, 35.0, 38.5, 36.5 ] },
								"east": { "texture": "#plume", "uv": [ 41.0, 35.0, 43.0, 36.5 ] },
								"south": { "texture": "#plume", "uv": [ 40.5, 35.0, 41.0, 36.5 ] },
								"west": { "texture": "#plume", "uv": [ 38.5, 35.0, 40.5, 36.5 ] },
								"up": { "texture": "#plume", "uv": [ 38.5, 34.5, 40.5, 35.0 ], "rotation": 90 },
								"down": { "texture": "#plume", "uv": [ 38.5, 36.5, 40.5, 37.0 ], "rotation": 90 }
							},
							"children": [
								{
									"name": "BackCover1R3",
									"from": [ 0.0, 0.0139, 2.2 ],
									"to": [ 0.8, 1.5139, 4.35 ],
									"unwrapMode": 4,
									"uv": [ 40.5, 34.5 ],
									"rotationOrigin": [ -0.001, 0.0139, 2.32 ],
									"rotationX": 4.0,
									"rotationY": 35.0,
									"faces": {
										"north": { "texture": "#plume", "uv": [ 40.5, 35.0, 41.0, 36.5 ] },
										"east": { "texture": "#plume", "uv": [ 43.5, 35.0, 45.5, 36.5 ] },
										"south": { "texture": "#plume", "uv": [ 43.0, 35.0, 43.5, 36.5 ] },
										"west": { "texture": "#plume", "uv": [ 41.0, 35.0, 43.0, 36.5 ] },
										"up": { "texture": "#plume", "uv": [ 41.0, 34.5, 43.0, 35.0 ], "rotation": 90 },
										"down": { "texture": "#plume", "uv": [ 41.0, 36.5, 43.0, 37.0 ], "rotation": 90 }
									},
									"children": [
										{
											"name": "BackCoverRimR3",
											"from": [ -0.2, -0.2, 2.0 ],
											"to": [ 1.2, 1.3, 2.5 ],
											"uv": [ 7.0, 36.0 ],
											"rotationOrigin": [ -0.2, -0.2, 2.0 ],
											"rotationY": -1.0,
											"rotationZ": 27.0,
											"faces": {
												"north": { "texture": "#trenchmenhead", "uv": [ 7.0, 36.5, 8.0, 38.0 ] },
												"east": { "texture": "#trenchmenhead", "uv": [ 8.0, 36.5, 8.5, 38.0 ] },
												"south": { "texture": "#trenchmenhead", "uv": [ 8.5, 36.5, 9.5, 38.0 ] },
												"west": { "texture": "#trenchmenhead", "uv": [ 9.5, 36.5, 10.0, 38.0 ] },
												"up": { "texture": "#trenchmenhead", "uv": [ 7.0, 36.0, 8.0, 36.5 ] },
												"down": { "texture": "#trenchmenhead", "uv": [ 8.0, 36.0, 9.0, 36.5 ] }
											}
										},
										{
											"name": "BackCoverRimR4",
											"from": [ -0.1, -0.3, 0.0 ],
											"to": [ 0.9, 0.3, 2.5 ],
											"uv": [ 3.5, 34.5 ],
											"rotationOrigin": [ -0.1, -0.3, 0.0 ],
											"faces": {
												"north": { "texture": "#trenchmenhead", "uv": [ 3.5, 37.0, 4.5, 37.5 ] },
												"east": { "texture": "#trenchmenhead", "uv": [ 4.5, 37.0, 7.0, 37.5 ] },
												"south": { "texture": "#trenchmenhead", "uv": [ 7.0, 37.0, 8.0, 37.5 ] },
												"west": { "texture": "#trenchmenhead", "uv": [ 8.0, 37.0, 10.5, 37.5 ] },
												"up": { "texture": "#trenchmenhead", "uv": [ 3.5, 34.5, 4.5, 37.0 ] },
												"down": { "texture": "#trenchmenhead", "uv": [ 4.5, 34.5, 5.5, 37.0 ] }
											}
										}
									]
								},
								{
									"name": "BackCover1L3",
									"from": [ 0.0, 0.01, -2.0 ],
									"to": [ 0.8, 1.51, 0.25 ],
									"unwrapMode": 4,
									"uv": [ 36.0, 34.5 ],
									"rotationOrigin": [ -0.001, 0.0139, 0.12 ],
									"rotationX": -4.0,
									"rotationY": -35.0,
									"faces": {
										"north": { "texture": "#plume", "uv": [ 36.0, 35.0, 36.5, 36.5 ] },
										"east": { "texture": "#plume", "uv": [ 39.0, 35.0, 41.0, 36.5 ] },
										"south": { "texture": "#plume", "uv": [ 38.5, 35.0, 39.0, 36.5 ] },
										"west": { "texture": "#plume", "uv": [ 36.5, 35.0, 38.5, 36.5 ] },
										"up": { "texture": "#plume", "uv": [ 36.5, 34.5, 38.5, 35.0 ], "rotation": 90 },
										"down": { "texture": "#plume", "uv": [ 36.5, 36.5, 38.5, 37.0 ], "rotation": 90 }
									},
									"children": [
										{
											"name": "BackCoverRimL3",
											"from": [ -0.2, -0.1, -0.4 ],
											"to": [ 1.2, 1.4, 0.1 ],
											"uv": [ 31.0, 40.5 ],
											"rotationOrigin": [ -0.2, -0.1, -0.4 ],
											"rotationY": 1.0,
											"rotationZ": 27.0,
											"faces": {
												"north": { "texture": "#trenchmenhead", "uv": [ 31.0, 41.0, 32.0, 42.5 ] },
												"east": { "texture": "#trenchmenhead", "uv": [ 32.0, 41.0, 32.5, 42.5 ] },
												"south": { "texture": "#trenchmenhead", "uv": [ 32.5, 41.0, 33.5, 42.5 ] },
												"west": { "texture": "#trenchmenhead", "uv": [ 33.5, 41.0, 34.0, 42.5 ] },
												"up": { "texture": "#trenchmenhead", "uv": [ 31.0, 40.5, 32.0, 41.0 ] },
												"down": { "texture": "#trenchmenhead", "uv": [ 32.0, 40.5, 33.0, 41.0 ] }
											}
										},
										{
											"name": "BackCoverRimL4",
											"from": [ -0.1, -0.3, -0.3 ],
											"to": [ 0.9, 0.3, 2.2 ],
											"uv": [ 1.5, 35.0 ],
											"rotationOrigin": [ -0.1, -0.3, -0.3 ],
											"rotationY": -1.0,
											"faces": {
												"north": { "texture": "#trenchmenhead", "uv": [ 1.5, 37.5, 2.5, 38.0 ] },
												"east": { "texture": "#trenchmenhead", "uv": [ 2.5, 37.5, 5.0, 38.0 ] },
												"south": { "texture": "#trenchmenhead", "uv": [ 5.0, 37.5, 6.0, 38.0 ] },
												"west": { "texture": "#trenchmenhead", "uv": [ 6.0, 37.5, 8.5, 38.0 ] },
												"up": { "texture": "#trenchmenhead", "uv": [ 1.5, 35.0, 2.5, 37.5 ] },
												"down": { "texture": "#trenchmenhead", "uv": [ 2.5, 35.0, 3.5, 37.5 ] }
											}
										}
									]
								},
								{
									"name": "BackCoverRimM¨",
									"from": [ -0.1, -0.3, 0.1 ],
									"to": [ 0.9, 0.3, 2.3 ],
									"uv": [ 3.0, 35.5 ],
									"rotationOrigin": [ -0.1, -0.3, 0.1 ],
									"faces": {
										"north": { "texture": "#trenchmenhead", "uv": [ 3.0, 37.5, 4.0, 38.0 ] },
										"east": { "texture": "#trenchmenhead", "uv": [ 4.0, 37.5, 6.0, 38.0 ] },
										"south": { "texture": "#trenchmenhead", "uv": [ 6.0, 37.5, 7.0, 38.0 ] },
										"west": { "texture": "#trenchmenhead", "uv": [ 7.0, 37.5, 9.0, 38.0 ] },
										"up": { "texture": "#trenchmenhead", "uv": [ 3.0, 35.5, 4.0, 37.5 ] },
										"down": { "texture": "#trenchmenhead", "uv": [ 4.0, 35.5, 5.0, 37.5 ] }
									}
								}
							]
						}
					]
				},
				{
					"name": "SideCoverL1",
					"from": [ 1.7, -2.0, 5.5 ],
					"to": [ 4.9, 0.0, 6.5 ],
					"uv": [ 44.0, 22.5 ],
					"rotationOrigin": [ 1.7, -2.0, 5.5 ],
					"rotationX": -5.0,
					"rotationZ": 3.0,
					"faces": {
						"north": { "texture": "#plume", "uv": [ 44.0, 23.5, 47.0, 25.5 ] },
						"east": { "texture": "#plume", "uv": [ 47.0, 23.5, 48.0, 25.5 ] },
						"south": { "texture": "#plume", "uv": [ 48.0, 23.5, 51.0, 25.5 ] },
						"west": { "texture": "#plume", "uv": [ 51.0, 23.5, 52.0, 25.5 ] },
						"up": { "texture": "#plume", "uv": [ 44.0, 22.5, 47.0, 23.5 ] },
						"down": { "texture": "#plume", "uv": [ 47.0, 22.5, 50.0, 23.5 ] }
					},
					"children": [
						{
							"name": "SideCoverL3",
							"from": [ 2.3, -1.2, 0.29 ],
							"to": [ 4.5, 0.0, 1.09 ],
							"uv": [ 50.5, 30.4 ],
							"rotationOrigin": [ 2.3, -1.2, 0.2 ],
							"rotationZ": 50.0,
							"faces": {
								"north": { "texture": "#plume", "uv": [ 50.5, 31.0, 52.5, 32.0 ] },
								"east": { "texture": "#plume", "uv": [ 52.5, 31.0, 53.0, 32.0 ] },
								"south": { "texture": "#plume", "uv": [ 53.0, 31.0, 55.0, 32.0 ] },
								"west": { "texture": "#plume", "uv": [ 55.0, 31.0, 55.5, 32.0 ] },
								"up": { "texture": "#plume", "uv": [ 50.5, 30.5, 52.5, 31.0 ] },
								"down": { "texture": "#plume", "uv": [ 52.5, 30.5, 54.5, 31.0 ] }
							}
						},
						{
							"name": "SideCoverL4",
							"from": [ 0.3, -1.5, 0.3 ],
							"to": [ 2.3, 0.3, 1.1 ],
							"uv": [ 43.5, 30.5 ],
							"rotationOrigin": [ 0.3, -1.5, 0.3 ],
							"rotationZ": 10.0,
							"faces": {
								"north": { "texture": "#plume", "uv": [ 43.5, 31.0, 45.5, 32.5 ] },
								"east": { "texture": "#plume", "uv": [ 45.5, 31.0, 46.0, 32.5 ] },
								"south": { "texture": "#plume", "uv": [ 46.0, 31.0, 48.0, 32.5 ] },
								"west": { "texture": "#plume", "uv": [ 48.0, 31.0, 48.5, 32.5 ] },
								"up": { "texture": "#plume", "uv": [ 43.5, 30.5, 45.5, 31.0 ] },
								"down": { "texture": "#plume", "uv": [ 45.5, 30.5, 47.5, 31.0 ] }
							}
						}
					]
				},
				{
					"name": "SideCoverL5",
					"from": [ 1.7, -2.0, -0.6 ],
					"to": [ 4.9, 0.0, 0.4 ],
					"uv": [ 44.0, 22.5 ],
					"rotationOrigin": [ 1.7, -2.0, 0.2 ],
					"rotationX": 5.0,
					"rotationZ": 3.0,
					"faces": {
						"north": { "texture": "#plume", "uv": [ 44.0, 23.5, 47.0, 25.5 ] },
						"east": { "texture": "#plume", "uv": [ 47.0, 23.5, 48.0, 25.5 ] },
						"south": { "texture": "#plume", "uv": [ 48.0, 23.5, 51.0, 25.5 ] },
						"west": { "texture": "#plume", "uv": [ 51.0, 23.5, 52.0, 25.5 ] },
						"up": { "texture": "#plume", "uv": [ 44.0, 22.5, 47.0, 23.5 ] },
						"down": { "texture": "#plume", "uv": [ 47.0, 22.5, 50.0, 23.5 ] }
					},
					"children": [
						{
							"name": "SideCoverL7",
							"from": [ 2.3, -1.2, -0.09 ],
							"to": [ 4.7, 0.0, 0.71 ],
							"uv": [ 50.5, 31.0 ],
							"rotationOrigin": [ 2.3, -1.2, -0.2 ],
							"rotationZ": 50.0,
							"faces": {
								"north": { "texture": "#plume", "uv": [ 50.5, 31.5, 52.5, 32.5 ] },
								"east": { "texture": "#plume", "uv": [ 52.5, 31.5, 53.0, 32.5 ] },
								"south": { "texture": "#plume", "uv": [ 53.0, 31.5, 55.0, 32.5 ] },
								"west": { "texture": "#plume", "uv": [ 55.0, 31.5, 55.5, 32.5 ] },
								"up": { "texture": "#plume", "uv": [ 50.5, 31.0, 52.5, 31.5 ] },
								"down": { "texture": "#plume", "uv": [ 52.5, 31.0, 54.5, 31.5 ] }
							}
						},
						{
							"name": "SideCoverL8",
							"from": [ 0.3, -1.5, -0.1 ],
							"to": [ 2.3, 0.3, 0.7 ],
							"uv": [ 44.0, 30.5 ],
							"rotationOrigin": [ 0.3, -1.5, -0.1 ],
							"rotationZ": 10.0,
							"faces": {
								"north": { "texture": "#plume", "uv": [ 44.0, 31.0, 46.0, 32.5 ] },
								"east": { "texture": "#plume", "uv": [ 46.0, 31.0, 46.5, 32.5 ] },
								"south": { "texture": "#plume", "uv": [ 46.5, 31.0, 48.5, 32.5 ] },
								"west": { "texture": "#plume", "uv": [ 48.5, 31.0, 49.0, 32.5 ] },
								"up": { "texture": "#plume", "uv": [ 44.0, 30.5, 46.0, 31.0 ] },
								"down": { "texture": "#plume", "uv": [ 46.0, 30.5, 48.0, 31.0 ] }
							}
						}
					]
				},
				{
					"name": "SunblockBase3",
					"from": [ -2.7, 0.4, 1.85 ],
					"to": [ 0.0, 0.9, 3.95 ],
					"autoUnwrap": false,
					"uv": [ 54.5, 26.5 ],
					"rotationOrigin": [ -2.7, 0.4, 1.8 ],
					"rotationZ": 25.0,
					"faces": {
						"north": { "texture": "#plume", "uv": [ 54.5, 28.5, 57.0, 29.0 ] },
						"east": { "texture": "#plume", "uv": [ 56.5, 28.5, 58.5, 29.0 ] },
						"south": { "texture": "#plume", "uv": [ 58.0, 22.5, 60.5, 23.0 ] },
						"west": { "texture": "#plume", "uv": [ 58.0, 22.0, 60.0, 22.5 ] },
						"up": { "texture": "#plume", "uv": [ 54.5, 26.5, 57.0, 28.5 ] },
						"down": { "texture": "#plume", "uv": [ 56.5, 26.5, 59.0, 28.5 ] }
					},
					"children": [
						{
							"name": "SunblockBase5",
							"from": [ 0.5, -0.2, -0.9 ],
							"to": [ 2.8, 0.3, 0.2 ],
							"uv": [ 45.0, 13.0 ],
							"rotationOrigin": [ 0.4, -0.2, -0.9 ],
							"rotationX": -10.0,
							"faces": {
								"north": { "texture": "#plume", "uv": [ 45.0, 14.0, 47.0, 14.5 ] },
								"east": { "texture": "#plume", "uv": [ 47.0, 14.0, 48.0, 14.5 ] },
								"south": { "texture": "#plume", "uv": [ 48.0, 14.0, 50.0, 14.5 ] },
								"west": { "texture": "#plume", "uv": [ 50.0, 14.0, 51.0, 14.5 ] },
								"up": { "texture": "#plume", "uv": [ 45.0, 13.0, 47.0, 14.0 ] },
								"down": { "texture": "#plume", "uv": [ 47.0, 13.0, 49.0, 14.0 ] }
							}
						},
						{
							"name": "SunblockBase6",
							"from": [ -0.4, -0.2, 3.3 ],
							"to": [ 1.9, 0.3, 4.4 ],
							"uv": [ 45.0, 13.0 ],
							"rotationOrigin": [ 1.2, -0.2, 3.2 ],
							"rotationX": -170.0,
							"rotationZ": -180.0,
							"faces": {
								"north": { "texture": "#plume", "uv": [ 45.0, 14.0, 47.0, 14.5 ] },
								"east": { "texture": "#plume", "uv": [ 47.0, 14.0, 48.0, 14.5 ] },
								"south": { "texture": "#plume", "uv": [ 48.0, 14.0, 50.0, 14.5 ] },
								"west": { "texture": "#plume", "uv": [ 50.0, 14.0, 51.0, 14.5 ] },
								"up": { "texture": "#plume", "uv": [ 45.0, 13.0, 47.0, 14.0 ] },
								"down": { "texture": "#plume", "uv": [ 47.0, 13.0, 49.0, 14.0 ] }
							}
						},
						{
							"name": "SunblockBase15",
							"from": [ 1.0, -0.8, -1.7 ],
							"to": [ 3.2, -0.3, -0.5 ],
							"uv": [ 45.0, 13.0 ],
							"rotationOrigin": [ 1.06, -0.9, -1.7 ],
							"rotationX": -30.0,
							"faces": {
								"north": { "texture": "#plume", "uv": [ 45.0, 14.0, 47.0, 14.5 ] },
								"east": { "texture": "#plume", "uv": [ 47.0, 14.0, 48.0, 14.5 ] },
								"south": { "texture": "#plume", "uv": [ 48.0, 14.0, 50.0, 14.5 ] },
								"west": { "texture": "#plume", "uv": [ 50.0, 14.0, 51.0, 14.5 ] },
								"up": { "texture": "#plume", "uv": [ 45.0, 13.0, 47.0, 14.0 ] },
								"down": { "texture": "#plume", "uv": [ 47.0, 13.0, 49.0, 14.0 ] }
							},
							"children": [
								{
									"name": "SunBlockBaseRimR",
									"from": [ -0.2, -0.2, -0.2 ],
									"to": [ 2.4, 0.7, 0.4 ],
									"uv": [ 1.5, 37.0 ],
									"rotationOrigin": [ -0.2, -0.2, -0.2 ],
									"faces": {
										"north": { "texture": "#trenchmenhead", "uv": [ 1.5, 37.5, 4.0, 38.0 ] },
										"east": { "texture": "#trenchmenhead", "uv": [ 4.0, 37.5, 4.5, 38.0 ] },
										"south": { "texture": "#trenchmenhead", "uv": [ 4.5, 37.5, 7.0, 38.0 ] },
										"west": { "texture": "#trenchmenhead", "uv": [ 7.0, 37.5, 7.5, 38.0 ] },
										"up": { "texture": "#trenchmenhead", "uv": [ 1.5, 37.0, 4.0, 37.5 ] },
										"down": { "texture": "#trenchmenhead", "uv": [ 4.0, 37.0, 6.5, 37.5 ] }
									}
								}
							]
						},
						{
							"name": "SunblockBase16",
							"from": [ -0.1, -0.8, 4.1 ],
							"to": [ 2.1, -0.3, 5.3 ],
							"uv": [ 45.0, 13.0 ],
							"rotationOrigin": [ 1.54, -0.8, 4.0 ],
							"rotationX": -155.0,
							"rotationZ": -180.0,
							"faces": {
								"north": { "texture": "#plume", "uv": [ 45.0, 14.0, 47.0, 14.5 ] },
								"east": { "texture": "#plume", "uv": [ 47.0, 14.0, 48.0, 14.5 ] },
								"south": { "texture": "#plume", "uv": [ 48.0, 14.0, 50.0, 14.5 ] },
								"west": { "texture": "#plume", "uv": [ 50.0, 14.0, 51.0, 14.5 ] },
								"up": { "texture": "#plume", "uv": [ 45.0, 13.0, 47.0, 14.0 ] },
								"down": { "texture": "#plume", "uv": [ 47.0, 13.0, 49.0, 14.0 ] }
							},
							"children": [
								{
									"name": "SunBlockBaseRimL",
									"from": [ -0.3, -0.2, -0.3 ],
									"to": [ 2.4, 0.7, 0.3 ],
									"uv": [ 1.0, 34.5 ],
									"rotationOrigin": [ -0.3, -0.2, -0.3 ],
									"faces": {
										"north": { "texture": "#trenchmenhead", "uv": [ 1.0, 35.0, 3.5, 35.5 ] },
										"east": { "texture": "#trenchmenhead", "uv": [ 3.5, 35.0, 4.0, 35.5 ] },
										"south": { "texture": "#trenchmenhead", "uv": [ 4.0, 35.0, 6.5, 35.5 ] },
										"west": { "texture": "#trenchmenhead", "uv": [ 6.5, 35.0, 7.0, 35.5 ] },
										"up": { "texture": "#trenchmenhead", "uv": [ 1.0, 34.5, 3.5, 35.0 ] },
										"down": { "texture": "#trenchmenhead", "uv": [ 3.5, 34.5, 6.0, 35.0 ] }
									}
								}
							]
						},
						{
							"name": "SunBlockRimR1",
							"from": [ 0.7, -0.8, -2.0 ],
							"to": [ 1.4, -0.1, 0.3 ],
							"uv": [ 3.0, 34.5 ],
							"rotationOrigin": [ 0.7, -0.8, -2.0 ],
							"rotationX": -20.0,
							"rotationY": -20.0,
							"faces": {
								"north": { "texture": "#trenchmenhead", "uv": [ 3.0, 36.5, 3.5, 37.0 ] },
								"east": { "texture": "#trenchmenhead", "uv": [ 3.5, 36.5, 5.5, 37.0 ] },
								"south": { "texture": "#trenchmenhead", "uv": [ 5.5, 36.5, 6.0, 37.0 ] },
								"west": { "texture": "#trenchmenhead", "uv": [ 6.0, 36.5, 8.0, 37.0 ] },
								"up": { "texture": "#trenchmenhead", "uv": [ 3.0, 34.5, 3.5, 36.5 ] },
								"down": { "texture": "#trenchmenhead", "uv": [ 3.5, 34.5, 4.0, 36.5 ] }
							}
						},
						{
							"name": "SunBlockRimL1",
							"from": [ 0.7, -0.8, 1.9 ],
							"to": [ 1.4, -0.1, 4.2 ],
							"uv": [ 30.0, 39.5 ],
							"rotationOrigin": [ 0.7, -0.8, 4.2 ],
							"rotationX": 20.0,
							"rotationY": 20.0,
							"faces": {
								"north": { "texture": "#trenchmenhead", "uv": [ 30.0, 41.5, 30.5, 42.0 ] },
								"east": { "texture": "#trenchmenhead", "uv": [ 30.5, 41.5, 32.5, 42.0 ] },
								"south": { "texture": "#trenchmenhead", "uv": [ 32.5, 41.5, 33.0, 42.0 ] },
								"west": { "texture": "#trenchmenhead", "uv": [ 33.0, 41.5, 35.0, 42.0 ] },
								"up": { "texture": "#trenchmenhead", "uv": [ 30.0, 39.5, 30.5, 41.5 ] },
								"down": { "texture": "#trenchmenhead", "uv": [ 30.5, 39.5, 31.0, 41.5 ] }
							}
						},
						{
							"name": "SunBlockRimM",
							"from": [ -0.1, -0.1, -0.1 ],
							"to": [ 0.5, 0.6, 2.3 ],
							"uv": [ 3.5, 35.0 ],
							"rotationOrigin": [ -0.1, -0.1, -0.1 ],
							"faces": {
								"north": { "texture": "#trenchmenhead", "uv": [ 3.5, 37.0, 4.0, 37.5 ] },
								"east": { "texture": "#trenchmenhead", "uv": [ 4.0, 37.0, 6.0, 37.5 ] },
								"south": { "texture": "#trenchmenhead", "uv": [ 6.0, 37.0, 6.5, 37.5 ] },
								"west": { "texture": "#trenchmenhead", "uv": [ 6.5, 37.0, 8.5, 37.5 ] },
								"up": { "texture": "#trenchmenhead", "uv": [ 3.5, 35.0, 4.0, 37.0 ] },
								"down": { "texture": "#trenchmenhead", "uv": [ 4.0, 35.0, 4.5, 37.0 ] }
							}
						}
					]
				},
				{
					"name": "ArmorHeadFront1",
					"from": [ -0.5, 0.0, 0.8 ],
					"to": [ 0.0, 1.9, 5.1 ],
					"uv": [ 43.5, 7.0 ],
					"rotationOrigin": [ -0.5, 0.0, 0.8 ],
					"faces": {
						"north": { "texture": "#plume", "uv": [ 43.5, 11.0, 44.0, 12.5 ] },
						"east": { "texture": "#plume", "uv": [ 44.0, 11.0, 48.0, 12.5 ] },
						"south": { "texture": "#plume", "uv": [ 48.0, 11.0, 48.5, 12.5 ] },
						"west": { "texture": "#plume", "uv": [ 48.5, 11.0, 52.5, 12.5 ] },
						"up": { "texture": "#plume", "uv": [ 43.5, 7.0, 44.0, 11.0 ] },
						"down": { "texture": "#plume", "uv": [ 44.0, 7.0, 44.5, 11.0 ] }
					}
				},
				{
					"name": "ArmorHeadFront2",
					"from": [ -0.9, 0.0, 0.9 ],
					"to": [ -0.5, 1.5, 5.0 ],
					"uv": [ 43.5, 12.0 ],
					"rotationOrigin": [ -0.9, 0.0, 0.9 ],
					"faces": {
						"north": { "texture": "#plume", "uv": [ 43.5, 16.0, 44.0, 17.5 ] },
						"east": { "texture": "#plume", "uv": [ 44.0, 16.0, 48.0, 17.5 ] },
						"south": { "texture": "#plume", "uv": [ 48.0, 16.0, 48.5, 17.5 ] },
						"west": { "texture": "#plume", "uv": [ 48.5, 16.0, 52.5, 17.5 ] },
						"up": { "texture": "#plume", "uv": [ 43.5, 12.0, 44.0, 16.0 ] },
						"down": { "texture": "#plume", "uv": [ 44.0, 12.0, 44.5, 16.0 ] }
					}
				},
				{
					"name": "ArmorHeadBack1",
					"from": [ 6.7, 0.0, 0.8 ],
					"to": [ 7.2, 1.9, 5.1 ],
					"uv": [ 43.5, 1.5 ],
					"rotationOrigin": [ 6.7, 0.0, 0.8 ],
					"faces": {
						"north": { "texture": "#plume", "uv": [ 43.5, 5.5, 44.0, 7.0 ] },
						"east": { "texture": "#plume", "uv": [ 44.0, 5.5, 48.0, 7.0 ] },
						"south": { "texture": "#plume", "uv": [ 48.0, 5.5, 48.5, 7.0 ] },
						"west": { "texture": "#plume", "uv": [ 48.5, 5.5, 52.5, 7.0 ] },
						"up": { "texture": "#plume", "uv": [ 43.5, 1.5, 44.0, 5.5 ] },
						"down": { "texture": "#plume", "uv": [ 44.0, 1.5, 44.5, 5.5 ] }
					}
				},
				{
					"name": "ArmorHeadBack2",
					"from": [ 7.2, 0.0, 1.1 ],
					"to": [ 7.7, 1.5, 4.8 ],
					"uv": [ 43.5, 2.0 ],
					"rotationOrigin": [ 7.2, 0.0, 1.1 ],
					"faces": {
						"north": { "texture": "#plume", "uv": [ 43.5, 5.5, 44.0, 7.0 ] },
						"east": { "texture": "#plume", "uv": [ 44.0, 5.5, 47.5, 7.0 ] },
						"south": { "texture": "#plume", "uv": [ 47.5, 5.5, 48.0, 7.0 ] },
						"west": { "texture": "#plume", "uv": [ 48.0, 5.5, 51.5, 7.0 ] },
						"up": { "texture": "#plume", "uv": [ 43.5, 2.0, 44.0, 5.5 ] },
						"down": { "texture": "#plume", "uv": [ 44.0, 2.0, 44.5, 5.5 ] }
					}
				},
				{
					"name": "Facemask",
					"from": [ -1.95, -2.8, -0.1 ],
					"to": [ -1.35, 0.2, 2.9 ],
					"uv": [ 32.5, 57.0 ],
					"rotationOrigin": [ -1.9455, -2.7996, -0.1 ],
					"rotationX": -0.1405,
					"rotationY": -7.9988,
					"rotationZ": -1.0098,
					"faces": {
						"north": { "texture": "#trenchmenhead", "uv": [ 32.5, 60.0, 33.0, 63.0 ] },
						"east": { "texture": "#trenchmenhead", "uv": [ 33.0, 60.0, 36.0, 63.0 ] },
						"south": { "texture": "#trenchmenhead", "uv": [ 36.0, 60.0, 36.5, 63.0 ] },
						"west": { "texture": "#trenchmenhead", "uv": [ 36.5, 60.0, 39.5, 63.0 ] },
						"up": { "texture": "#trenchmenhead", "uv": [ 32.5, 57.0, 33.0, 60.0 ] },
						"down": { "texture": "#trenchmenhead", "uv": [ 33.0, 57.0, 33.5, 60.0 ] }
					},
					"children": [
						{
							"name": "Facemask2",
							"from": [ 0.835, 0.0, 2.9416 ],
							"to": [ 1.435, 3.0, 5.9416 ],
							"uv": [ 34.5, 56.0 ],
							"rotationOrigin": [ 0.835, 0.0, 5.9416 ],
							"rotationY": 16.0,
							"faces": {
								"north": { "texture": "#trenchmenhead", "uv": [ 34.5, 59.0, 35.0, 62.0 ] },
								"east": { "texture": "#trenchmenhead", "uv": [ 35.0, 59.0, 38.0, 62.0 ] },
								"south": { "texture": "#trenchmenhead", "uv": [ 38.0, 59.0, 38.5, 62.0 ] },
								"west": { "texture": "#trenchmenhead", "uv": [ 38.5, 59.0, 41.5, 62.0 ] },
								"up": { "texture": "#trenchmenhead", "uv": [ 34.5, 56.0, 35.0, 59.0 ] },
								"down": { "texture": "#trenchmenhead", "uv": [ 35.0, 56.0, 35.5, 59.0 ] }
							},
							"children": [
								{
									"name": "Eye1",
									"from": [ -0.3, 0.6, 0.4 ],
									"to": [ 0.0, 2.6, 2.0 ],
									"autoUnwrap": false,
									"uv": [ 21.5, 27.0 ],
									"rotationOrigin": [ -0.3, 0.6, 0.4 ],
									"rotationX": 10.0,
									"faces": {
										"north": { "texture": "#trenchmenhead", "uv": [ 16.5, 41.5, 17.0, 43.5 ] },
										"east": { "texture": "#trenchmenhead", "uv": [ 16.5, 41.0, 18.0, 43.0 ] },
										"south": { "texture": "#trenchmenhead", "uv": [ 16.0, 43.5, 16.5, 45.5 ] },
										"west": { "texture": "#trenchmenhead", "uv": [ 24.0, 26.5, 27.5, 31.0 ], "autoUv": false },
										"up": { "texture": "#trenchmenhead", "uv": [ 16.0, 41.5, 16.5, 43.0 ] },
										"down": { "texture": "#trenchmenhead", "uv": [ 16.0, 41.0, 16.5, 42.5 ] }
									}
								}
							]
						},
						{
							"name": "FacemaskRightRim",
							"from": [ 0.9, 0.0, -0.3 ],
							"to": [ 1.4, 3.6, 0.5 ],
							"uv": [ 30.5, 55.0 ],
							"rotationOrigin": [ 0.9, 0.0, -0.3 ],
							"rotationY": -70.0,
							"faces": {
								"north": { "texture": "#trenchmenhead", "uv": [ 30.5, 55.5, 31.0, 59.0 ] },
								"east": { "texture": "#trenchmenhead", "uv": [ 31.0, 55.5, 31.5, 59.0 ] },
								"south": { "texture": "#trenchmenhead", "uv": [ 31.5, 55.5, 32.0, 59.0 ] },
								"west": { "texture": "#trenchmenhead", "uv": [ 32.0, 55.5, 32.5, 59.0 ] },
								"up": { "texture": "#trenchmenhead", "uv": [ 30.5, 55.0, 31.0, 55.5 ] },
								"down": { "texture": "#trenchmenhead", "uv": [ 31.0, 55.0, 31.5, 55.5 ] }
							}
						},
						{
							"name": "FacemaskLeftRim",
							"from": [ 1.7, 0.0, 5.3 ],
							"to": [ 2.2, 3.6, 6.1 ],
							"uv": [ 30.5, 56.5 ],
							"rotationOrigin": [ 1.7, 0.0, 6.1 ],
							"rotationY": 70.0,
							"faces": {
								"north": { "texture": "#trenchmenhead", "uv": [ 30.5, 57.0, 31.0, 60.5 ] },
								"east": { "texture": "#trenchmenhead", "uv": [ 31.0, 57.0, 31.5, 60.5 ] },
								"south": { "texture": "#trenchmenhead", "uv": [ 31.5, 57.0, 32.0, 60.5 ] },
								"west": { "texture": "#trenchmenhead", "uv": [ 32.0, 57.0, 32.5, 60.5 ] },
								"up": { "texture": "#trenchmenhead", "uv": [ 30.5, 56.5, 31.0, 57.0 ] },
								"down": { "texture": "#trenchmenhead", "uv": [ 31.0, 56.5, 31.5, 57.0 ] }
							}
						},
						{
							"name": "GasMask",
							"from": [ 0.3, -1.3, 2.2915 ],
							"to": [ 1.3, 0.1, 3.6915 ],
							"uv": [ 25.0, 56.5 ],
							"rotationOrigin": [ 0.3, -1.3, 2.2915 ],
							"rotationY": 8.0,
							"rotationZ": 39.0,
							"faces": {
								"north": { "texture": "#trenchmenhead", "uv": [ 25.0, 57.5, 26.0, 58.5 ] },
								"east": { "texture": "#trenchmenhead", "uv": [ 26.0, 57.5, 27.0, 58.5 ] },
								"south": { "texture": "#trenchmenhead", "uv": [ 27.0, 57.5, 28.0, 58.5 ] },
								"west": { "texture": "#trenchmenhead", "uv": [ 28.0, 57.5, 29.0, 58.5 ] },
								"up": { "texture": "#trenchmenhead", "uv": [ 25.0, 56.5, 26.0, 57.5 ] },
								"down": { "texture": "#trenchmenhead", "uv": [ 26.0, 56.5, 27.0, 57.5 ] }
							},
							"children": [
								{
									"name": "GasMask2",
									"from": [ -1.2, -0.5, -0.5 ],
									"to": [ 0.0, 1.9, 1.9 ],
									"autoUnwrap": false,
									"uv": [ 32.5, 45.0 ],
									"rotationOrigin": [ -1.2, -0.5, -0.5 ],
									"faces": {
										"north": { "texture": "#trenchmenhead", "uv": [ 26.5, 59.0, 27.5, 61.0 ] },
										"east": { "texture": "#trenchmenhead", "uv": [ 24.5, 57.5, 26.5, 59.5 ] },
										"south": { "texture": "#trenchmenhead", "uv": [ 26.5, 56.5, 27.5, 58.5 ] },
										"west": { "texture": "#trenchmenhead", "uv": [ 23.0, 52.0, 26.5, 55.5 ], "autoUv": false },
										"up": { "texture": "#trenchmenhead", "uv": [ 26.5, 58.0, 27.5, 60.0 ] },
										"down": { "texture": "#trenchmenhead", "uv": [ 26.5, 61.0, 27.5, 63.0 ] }
									}
								}
							]
						},
						{
							"name": "Facemask3",
							"from": [ 0.0139, -0.9, 0.099 ],
							"to": [ 0.6139, 0.6, 2.799 ],
							"uv": [ 33.5, 58.0 ],
							"rotationOrigin": [ 0.0139, -0.9, 0.099 ],
							"rotationX": 9.9017,
							"rotationY": -0.12,
							"rotationZ": -1.3848,
							"faces": {
								"north": { "texture": "#trenchmenhead", "uv": [ 33.5, 60.5, 34.0, 62.0 ] },
								"east": { "texture": "#trenchmenhead", "uv": [ 34.0, 60.5, 36.5, 62.0 ] },
								"south": { "texture": "#trenchmenhead", "uv": [ 36.5, 60.5, 37.0, 62.0 ] },
								"west": { "texture": "#trenchmenhead", "uv": [ 37.0, 60.5, 39.5, 62.0 ] },
								"up": { "texture": "#trenchmenhead", "uv": [ 33.5, 58.0, 34.0, 60.5 ] },
								"down": { "texture": "#trenchmenhead", "uv": [ 34.0, 58.0, 34.5, 60.5 ] }
							}
						},
						{
							"name": "Facemask4",
							"from": [ 0.8211, -1.0, 3.1426 ],
							"to": [ 1.4211, 0.5, 5.8426 ],
							"uv": [ 35.5, 59.0 ],
							"rotationOrigin": [ 0.8211, -1.0, 5.8426 ],
							"rotationX": -10.2985,
							"rotationY": 15.8752,
							"rotationZ": 1.4397,
							"faces": {
								"north": { "texture": "#trenchmenhead", "uv": [ 35.5, 61.5, 36.0, 63.0 ] },
								"east": { "texture": "#trenchmenhead", "uv": [ 36.0, 61.5, 38.5, 63.0 ] },
								"south": { "texture": "#trenchmenhead", "uv": [ 38.5, 61.5, 39.0, 63.0 ] },
								"west": { "texture": "#trenchmenhead", "uv": [ 39.0, 61.5, 41.5, 63.0 ] },
								"up": { "texture": "#trenchmenhead", "uv": [ 35.5, 59.0, 36.0, 61.5 ] },
								"down": { "texture": "#trenchmenhead", "uv": [ 36.0, 59.0, 36.5, 61.5 ] }
							}
						},
						{
							"name": "FacemaskConnect",
							"from": [ 0.0014, 0.2, 2.9765 ],
							"to": [ 0.0214, 2.9, 3.0765 ],
							"uv": [ 38.0, 59.5 ],
							"rotationOrigin": [ 0.0214, 0.2, 3.0265 ],
							"rotationY": 8.0,
							"faces": {
								"north": { "texture": "#trenchmenhead", "uv": [ 38.0, 60.0, 38.5, 62.5 ] },
								"east": { "texture": "#trenchmenhead", "uv": [ 38.5, 60.0, 39.0, 62.5 ] },
								"south": { "texture": "#trenchmenhead", "uv": [ 39.0, 60.0, 39.5, 62.5 ] },
								"west": { "texture": "#trenchmenhead", "uv": [ 39.5, 60.0, 40.0, 62.5 ] },
								"up": { "texture": "#trenchmenhead", "uv": [ 38.0, 59.5, 38.5, 60.0 ] },
								"down": { "texture": "#trenchmenhead", "uv": [ 38.5, 59.5, 39.0, 60.0 ] }
							}
						},
						{
							"name": "Facemask5",
							"from": [ 1.6273, -1.6, 3.03 ],
							"to": [ 2.2273, -0.6, 6.03 ],
							"uv": [ 35.0, 59.0 ],
							"rotationOrigin": [ 1.6272, -1.6, 6.0303 ],
							"rotationX": -10.2985,
							"rotationY": 15.8752,
							"rotationZ": 51.4397,
							"faces": {
								"north": { "texture": "#trenchmenhead", "uv": [ 35.0, 62.0, 35.5, 63.0 ] },
								"east": { "texture": "#trenchmenhead", "uv": [ 35.5, 62.0, 38.5, 63.0 ] },
								"south": { "texture": "#trenchmenhead", "uv": [ 38.5, 62.0, 39.0, 63.0 ] },
								"west": { "texture": "#trenchmenhead", "uv": [ 39.0, 62.0, 42.0, 63.0 ] },
								"up": { "texture": "#trenchmenhead", "uv": [ 35.0, 59.0, 35.5, 62.0 ] },
								"down": { "texture": "#trenchmenhead", "uv": [ 35.5, 59.0, 36.0, 62.0 ] }
							},
							"children": [
								{
									"name": "Facemask8",
									"from": [ 0.2, 0.0, 2.7 ],
									"to": [ 2.9, 1.7, 3.3 ],
									"uv": [ 56.0, 21.5 ],
									"rotationOrigin": [ 0.2, 0.0, 3.3 ],
									"rotationX": 2.0,
									"rotationY": -15.0,
									"rotationZ": -15.0,
									"faces": {
										"north": { "texture": "#plume", "uv": [ 56.0, 22.0, 58.5, 23.5 ] },
										"east": { "texture": "#plume", "uv": [ 58.5, 22.0, 59.0, 23.5 ] },
										"south": { "texture": "#plume", "uv": [ 59.0, 22.0, 61.5, 23.5 ] },
										"west": { "texture": "#plume", "uv": [ 61.5, 22.0, 62.0, 23.5 ] },
										"up": { "texture": "#plume", "uv": [ 56.0, 21.5, 58.5, 22.0 ] },
										"down": { "texture": "#plume", "uv": [ 58.5, 21.5, 61.0, 22.0 ] }
									}
								}
							]
						},
						{
							"name": "Facemask6",
							"from": [ 0.75, -1.6, -0.3 ],
							"to": [ 1.35, -0.6, 2.7 ],
							"uv": [ 32.5, 59.0 ],
							"rotationOrigin": [ 0.75, -1.6, -0.3 ],
							"rotationX": 9.9,
							"rotationY": -0.12,
							"rotationZ": 48.62,
							"faces": {
								"north": { "texture": "#trenchmenhead", "uv": [ 32.5, 62.0, 33.0, 63.0 ] },
								"east": { "texture": "#trenchmenhead", "uv": [ 33.0, 62.0, 36.0, 63.0 ] },
								"south": { "texture": "#trenchmenhead", "uv": [ 36.0, 62.0, 36.5, 63.0 ] },
								"west": { "texture": "#trenchmenhead", "uv": [ 36.5, 62.0, 39.5, 63.0 ] },
								"up": { "texture": "#trenchmenhead", "uv": [ 32.5, 59.0, 33.0, 62.0 ] },
								"down": { "texture": "#trenchmenhead", "uv": [ 33.0, 59.0, 33.5, 62.0 ] }
							},
							"children": [
								{
									"name": "Facemask7",
									"from": [ 0.1, 0.0, -0.2 ],
									"to": [ 2.8, 1.7, 0.4 ],
									"uv": [ 56.0, 21.5 ],
									"rotationOrigin": [ 0.1, 0.0, -0.2 ],
									"rotationX": 2.0,
									"rotationY": 15.0,
									"rotationZ": -15.0,
									"faces": {
										"north": { "texture": "#plume", "uv": [ 56.0, 22.0, 58.5, 23.5 ] },
										"east": { "texture": "#plume", "uv": [ 58.5, 22.0, 59.0, 23.5 ] },
										"south": { "texture": "#plume", "uv": [ 59.0, 22.0, 61.5, 23.5 ] },
										"west": { "texture": "#plume", "uv": [ 61.5, 22.0, 62.0, 23.5 ] },
										"up": { "texture": "#plume", "uv": [ 56.0, 21.5, 58.5, 22.0 ] },
										"down": { "texture": "#plume", "uv": [ 58.5, 21.5, 61.0, 22.0 ] }
									}
								}
							]
						},
						{
							"name": "Baklava",
							"from": [ 0.49, -1.4, -0.21 ],
							"to": [ 8.29, 3.1, 6.09 ],
							"uv": [ 0.0, 53.5 ],
							"rotationOrigin": [ 0.4922, -1.4, -0.2113 ],
							"rotationY": 8.0,
							"faces": {
								"north": { "texture": "#trenchmenhead", "uv": [ 0.0, 59.5, 7.5, 64.0 ] },
								"east": { "texture": "#trenchmenhead", "uv": [ 7.5, 59.5, 13.5, 64.0 ] },
								"south": { "texture": "#trenchmenhead", "uv": [ 13.5, 59.5, 21.0, 64.0 ] },
								"west": { "texture": "#trenchmenhead", "uv": [ 21.0, 59.5, 27.0, 64.0 ] },
								"up": { "texture": "#trenchmenhead", "uv": [ 0.0, 53.5, 7.5, 59.5 ] },
								"down": { "texture": "#trenchmenhead", "uv": [ 7.5, 53.5, 15.0, 59.5 ] }
							},
							"children": [
								{
									"name": "Strip1",
									"from": [ 2.0, 1.7, -0.3 ],
									"to": [ 6.6, 2.7, 6.4 ],
									"uv": [ 0.5, 41.0 ],
									"rotationOrigin": [ 2.0, 1.7, -0.3 ],
									"faces": {
										"north": { "texture": "#trenchmenhead", "uv": [ 0.5, 47.5, 5.0, 48.5 ] },
										"east": { "texture": "#trenchmenhead", "uv": [ 5.0, 47.5, 11.5, 48.5 ] },
										"south": { "texture": "#trenchmenhead", "uv": [ 11.5, 47.5, 16.0, 48.5 ] },
										"west": { "texture": "#trenchmenhead", "uv": [ 16.0, 47.5, 22.5, 48.5 ] },
										"up": { "texture": "#trenchmenhead", "uv": [ 0.5, 41.0, 5.0, 47.5 ] },
										"down": { "texture": "#trenchmenhead", "uv": [ 5.0, 41.0, 9.5, 47.5 ] }
									}
								},
								{
									"name": "Strip2",
									"from": [ 0.1, -0.8, 0.6 ],
									"to": [ 4.7, 0.4, 5.8 ],
									"uv": [ 0.5, 41.0 ],
									"rotationOrigin": [ 0.1, -0.8, 0.6 ],
									"rotationZ": -3.0,
									"faces": {
										"north": { "texture": "#trenchmenhead", "uv": [ 0.5, 46.0, 5.0, 47.0 ] },
										"east": { "texture": "#trenchmenhead", "uv": [ 5.0, 46.0, 10.0, 47.0 ] },
										"south": { "texture": "#trenchmenhead", "uv": [ 10.0, 46.0, 14.5, 47.0 ] },
										"west": { "texture": "#trenchmenhead", "uv": [ 14.5, 46.0, 19.5, 47.0 ] },
										"up": { "texture": "#trenchmenhead", "uv": [ 0.5, 41.0, 5.0, 46.0 ] },
										"down": { "texture": "#trenchmenhead", "uv": [ 5.0, 41.0, 9.5, 46.0 ] }
									}
								}
							]
						},
						{
							"name": "Eye2",
							"from": [ -0.3, 0.6, 1.1 ],
							"to": [ 0.0, 2.6, 2.7 ],
							"autoUnwrap": false,
							"uv": [ 18.0, 25.5 ],
							"rotationOrigin": [ -0.3, 0.6, 2.7 ],
							"rotationX": -10.0,
							"faces": {
								"north": { "texture": "#trenchmenhead", "uv": [ 26.5, 57.0, 27.0, 59.0 ] },
								"east": { "texture": "#trenchmenhead", "uv": [ 25.0, 56.5, 26.5, 58.5 ] },
								"south": { "texture": "#trenchmenhead", "uv": [ 27.5, 56.5, 28.0, 58.5 ] },
								"west": { "texture": "#trenchmenhead", "uv": [ 24.0, 26.5, 27.5, 31.0 ], "autoUv": false },
								"up": { "texture": "#trenchmenhead", "uv": [ 26.5, 60.5, 27.0, 62.0 ] },
								"down": { "texture": "#trenchmenhead", "uv": [ 27.0, 59.0, 27.5, 60.5 ] }
							}
						}
					]
				},
				{
					"name": "ArmorHeadRight",
					"from": [ 0.3, -0.3, -0.6 ],
					"to": [ 6.4, 1.5, 0.0 ],
					"uv": [ 46.5, 27.5 ],
					"rotationOrigin": [ 0.3, -0.3, -0.6 ],
					"faces": {
						"north": { "texture": "#plume", "uv": [ 46.5, 28.0, 52.5, 29.5 ] },
						"east": { "texture": "#plume", "uv": [ 52.5, 28.0, 53.0, 29.5 ] },
						"south": { "texture": "#plume", "uv": [ 53.0, 28.0, 59.0, 29.5 ] },
						"west": { "texture": "#plume", "uv": [ 59.0, 28.0, 59.5, 29.5 ] },
						"up": { "texture": "#plume", "uv": [ 46.5, 27.5, 52.5, 28.0 ] },
						"down": { "texture": "#plume", "uv": [ 52.5, 27.5, 58.5, 28.0 ] }
					}
				},
				{
					"name": "ArmorHeadLeft",
					"from": [ 0.3, -0.3, 5.9 ],
					"to": [ 6.4, 1.5, 6.5 ],
					"autoUnwrap": false,
					"uv": [ 45.0, 27.5 ],
					"rotationOrigin": [ 0.3, -0.3, 5.9 ],
					"faces": {
						"north": { "texture": "#plume", "uv": [ 45.0, 28.0, 51.0, 29.5 ] },
						"east": { "texture": "#plume", "uv": [ 51.0, 28.0, 51.5, 29.5 ] },
						"south": { "texture": "#plume", "uv": [ 48.0, 28.0, 54.0, 29.5 ] },
						"west": { "texture": "#plume", "uv": [ 57.5, 28.0, 58.0, 29.5 ] },
						"up": { "texture": "#plume", "uv": [ 45.0, 27.5, 51.0, 28.0 ] },
						"down": { "texture": "#plume", "uv": [ 51.0, 27.5, 57.0, 28.0 ] }
					}
				},
				{
					"name": "HeadStripe1",
					"from": [ 0.8, 0.6, -0.9 ],
					"to": [ 1.5, 1.5, -0.4 ],
					"uv": [ 23.0, 14.5 ],
					"rotationOrigin": [ 0.8, 0.6, -0.9 ],
					"rotationZ": -9.0,
					"faces": {
						"north": { "texture": "#plume", "uv": [ 23.0, 15.0, 23.5, 15.5 ] },
						"east": { "texture": "#plume", "uv": [ 23.5, 15.0, 24.0, 15.5 ] },
						"south": { "texture": "#plume", "uv": [ 24.0, 15.0, 24.5, 15.5 ] },
						"west": { "texture": "#plume", "uv": [ 24.5, 15.0, 25.0, 15.5 ] },
						"up": { "texture": "#plume", "uv": [ 23.0, 14.5, 23.5, 15.0 ] },
						"down": { "texture": "#plume", "uv": [ 23.5, 14.5, 24.0, 15.0 ] }
					},
					"children": [
						{
							"name": "HeadStripe2",
							"from": [ 0.0, 0.0, 7.2 ],
							"to": [ 0.7, 0.9, 7.7 ],
							"uv": [ 26.0, 14.5 ],
							"rotationOrigin": [ 0.0, 0.0, 7.2 ],
							"faces": {
								"north": { "texture": "#plume", "uv": [ 26.0, 15.0, 26.5, 15.5 ] },
								"east": { "texture": "#plume", "uv": [ 26.5, 15.0, 27.0, 15.5 ] },
								"south": { "texture": "#plume", "uv": [ 27.0, 15.0, 27.5, 15.5 ] },
								"west": { "texture": "#plume", "uv": [ 27.5, 15.0, 28.0, 15.5 ] },
								"up": { "texture": "#plume", "uv": [ 26.0, 14.5, 26.5, 15.0 ] },
								"down": { "texture": "#plume", "uv": [ 26.5, 14.5, 27.0, 15.0 ] }
							}
						},
						{
							"name": "HeadStripe3",
							"from": [ -0.9, 0.1, 0.1 ],
							"to": [ 0.1, 0.8, 0.5 ],
							"uv": [ 25.0, 24.0 ],
							"rotationOrigin": [ -0.9, 0.1, 0.1 ],
							"faces": {
								"north": { "texture": "#plume", "uv": [ 25.0, 24.5, 26.0, 25.0 ] },
								"east": { "texture": "#plume", "uv": [ 26.0, 24.5, 26.5, 25.0 ] },
								"south": { "texture": "#plume", "uv": [ 26.5, 24.5, 27.5, 25.0 ] },
								"west": { "texture": "#plume", "uv": [ 27.5, 24.5, 28.0, 25.0 ] },
								"up": { "texture": "#plume", "uv": [ 25.0, 24.0, 26.0, 24.5 ] },
								"down": { "texture": "#plume", "uv": [ 26.0, 24.0, 27.0, 24.5 ] }
							}
						},
						{
							"name": "HeadStripe4",
							"from": [ -1.7, 0.11, 0.7 ],
							"to": [ -0.7, 0.82, 1.1 ],
							"uv": [ 30.0, 24.5 ],
							"rotationOrigin": [ -1.7, 0.1, 0.7 ],
							"rotationY": 37.0,
							"faces": {
								"north": { "texture": "#plume", "uv": [ 30.0, 25.0, 31.0, 25.5 ] },
								"east": { "texture": "#plume", "uv": [ 31.0, 25.0, 31.5, 25.5 ] },
								"south": { "texture": "#plume", "uv": [ 31.5, 25.0, 32.5, 25.5 ] },
								"west": { "texture": "#plume", "uv": [ 32.5, 25.0, 33.0, 25.5 ] },
								"up": { "texture": "#plume", "uv": [ 30.0, 24.5, 31.0, 25.0 ] },
								"down": { "texture": "#plume", "uv": [ 31.0, 24.5, 32.0, 25.0 ] }
							}
						},
						{
							"name": "HeadStripe5",
							"from": [ -2.1, 0.1, 1.7 ],
							"to": [ -1.0, 0.8, 2.1 ],
							"uv": [ 32.0, 25.5 ],
							"rotationOrigin": [ -2.1, 0.1, 1.7 ],
							"rotationY": 68.0,
							"faces": {
								"north": { "texture": "#plume", "uv": [ 32.0, 26.0, 33.0, 26.5 ] },
								"east": { "texture": "#plume", "uv": [ 33.0, 26.0, 33.5, 26.5 ] },
								"south": { "texture": "#plume", "uv": [ 33.5, 26.0, 34.5, 26.5 ] },
								"west": { "texture": "#plume", "uv": [ 34.5, 26.0, 35.0, 26.5 ] },
								"up": { "texture": "#plume", "uv": [ 32.0, 25.5, 33.0, 26.0 ] },
								"down": { "texture": "#plume", "uv": [ 33.0, 25.5, 34.0, 26.0 ] }
							}
						},
						{
							"name": "HeadStripe6",
							"from": [ -0.9, 0.1, 7.2 ],
							"to": [ 0.1, 0.8, 7.6 ],
							"uv": [ 31.5, 24.5 ],
							"rotationOrigin": [ -0.9, 0.1, 7.2 ],
							"faces": {
								"north": { "texture": "#plume", "uv": [ 31.5, 25.0, 32.5, 25.5 ] },
								"east": { "texture": "#plume", "uv": [ 32.5, 25.0, 33.0, 25.5 ] },
								"south": { "texture": "#plume", "uv": [ 33.0, 25.0, 34.0, 25.5 ] },
								"west": { "texture": "#plume", "uv": [ 34.0, 25.0, 34.5, 25.5 ] },
								"up": { "texture": "#plume", "uv": [ 31.5, 24.5, 32.5, 25.0 ] },
								"down": { "texture": "#plume", "uv": [ 32.5, 24.5, 33.5, 25.0 ] }
							}
						},
						{
							"name": "HeadStripe7",
							"from": [ -1.7, 0.11, 6.6 ],
							"to": [ -0.7, 0.82, 7.0 ],
							"uv": [ 28.5, 24.0 ],
							"rotationOrigin": [ -1.7, 0.1, 7.0 ],
							"rotationY": -37.0,
							"faces": {
								"north": { "texture": "#plume", "uv": [ 28.5, 24.5, 29.5, 25.0 ] },
								"east": { "texture": "#plume", "uv": [ 29.5, 24.5, 30.0, 25.0 ] },
								"south": { "texture": "#plume", "uv": [ 30.0, 24.5, 31.0, 25.0 ] },
								"west": { "texture": "#plume", "uv": [ 31.0, 24.5, 31.5, 25.0 ] },
								"up": { "texture": "#plume", "uv": [ 28.5, 24.0, 29.5, 24.5 ] },
								"down": { "texture": "#plume", "uv": [ 29.5, 24.0, 30.5, 24.5 ] }
							}
						},
						{
							"name": "HeadStripe8",
							"from": [ -2.1, 0.1, 5.6 ],
							"to": [ -1.0, 0.8, 6.0 ],
							"uv": [ 31.5, 25.5 ],
							"rotationOrigin": [ -2.1, 0.1, 6.0 ],
							"rotationY": -68.0,
							"faces": {
								"north": { "texture": "#plume", "uv": [ 31.5, 26.0, 32.5, 26.5 ] },
								"east": { "texture": "#plume", "uv": [ 32.5, 26.0, 33.0, 26.5 ] },
								"south": { "texture": "#plume", "uv": [ 33.0, 26.0, 34.0, 26.5 ] },
								"west": { "texture": "#plume", "uv": [ 34.0, 26.0, 34.5, 26.5 ] },
								"up": { "texture": "#plume", "uv": [ 31.5, 25.5, 32.5, 26.0 ] },
								"down": { "texture": "#plume", "uv": [ 32.5, 25.5, 33.5, 26.0 ] }
							}
						},
						{
							"name": "HeadStripe9",
							"from": [ -2.1, 0.1, 1.6 ],
							"to": [ -1.7, 0.8, 6.0 ],
							"autoUnwrap": false,
							"uv": [ 23.0, 22.5 ],
							"rotationOrigin": [ -2.1, 0.1, 2.0 ],
							"faces": {
								"north": { "texture": "#plume", "uv": [ 23.0, 26.5, 23.5, 27.0 ] },
								"east": { "texture": "#plume", "uv": [ 23.5, 26.5, 27.5, 27.0 ] },
								"south": { "texture": "#plume", "uv": [ 27.5, 26.5, 28.0, 27.0 ] },
								"west": { "texture": "#plume", "uv": [ 28.0, 26.5, 32.0, 27.0 ] },
								"up": { "texture": "#plume", "uv": [ 24.5, 25.0, 28.5, 25.5 ], "rotation": 90 },
								"down": { "texture": "#plume", "uv": [ 24.5, 24.5, 28.5, 25.0 ], "rotation": 90 }
							}
						}
					]
				}
			]
		}
	],
	"animations": [
	]
}