{
	"editor": {
		"backDropShape": "C:/Users/Cal/Desktop/boobold",
		"collapsedPaths": "Root/ArmorUpperArmR/ArmorUpperArmR2,Root/ArmorLowerLegL/LineDownBackL,Root/LineUpSideR,Root/ArmorUpperLegL/ArmorUpperLegL3,Root/ArmorUpperLegL/ArmorUpperArmR18,Root/LineDownBackR",
		"allAngles": true,
		"entityTextureMode": true
	},
	"textureWidth": 64,
	"textureHeight": 64,
	"textureSizes": {
	},
	"textures": {
		"trenchmenlegs": "armor/entity/trenchmen_steel",
		"line": "block/lines/linebeige"
	},
	"elements": [
		{
			"name": "ArmorUpperLegR",
			"stepParentName": "UpperFootR",
			"from": [ -0.39, 0.5, -0.1 ],
			"to": [ 4.21, 9.5, 3.7 ],
			"uv": [ 26.5, 24.0 ],
			"rotationOrigin": [ -0.4, 0.5, -0.1 ],
			"faces": {
				"north": { "texture": "#line", "uv": [ 26.5, 27.5, 31.0, 36.5 ] },
				"east": { "texture": "#line", "uv": [ 31.0, 27.5, 34.5, 36.5 ] },
				"south": { "texture": "#line", "uv": [ 34.5, 27.5, 39.0, 36.5 ] },
				"west": { "texture": "#line", "uv": [ 39.0, 27.5, 42.5, 36.5 ] },
				"up": { "texture": "#line", "uv": [ 26.5, 24.0, 31.0, 27.5 ] },
				"down": { "texture": "#line", "uv": [ 31.0, 24.0, 35.5, 27.5 ] }
			},
			"children": [
				{
					"name": "ArmorUpperLegL3",
					"from": [ -0.54, 4.13, -0.63 ],
					"to": [ 5.26, 8.13, 3.57 ],
					"unwrapRotation": 1,
					"uv": [ 0.0, 36.3 ],
					"rotationOrigin": [ -0.5442, 4.1364, -0.629 ],
					"rotationX": 4.0,
					"faces": {
						"north": { "texture": "#line", "uv": [ 0.0, 42.0, 4.0, 47.5 ], "rotation": 270 },
						"east": { "texture": "#line", "uv": [ 4.0, 42.0, 8.0, 46.0 ], "rotation": 180 },
						"south": { "texture": "#line", "uv": [ 8.0, 42.0, 12.0, 47.5 ], "rotation": 90 },
						"west": { "texture": "#line", "uv": [ 12.0, 42.0, 16.0, 46.0 ] },
						"up": { "texture": "#line", "uv": [ 0.0, 36.5, 4.0, 42.0 ], "rotation": 90 },
						"down": { "texture": "#line", "uv": [ 4.0, 36.5, 8.0, 42.0 ], "rotation": 270 }
					}
				},
				{
					"name": "ArmorUpperLegL6",
					"from": [ -0.84, 1.23, -0.93 ],
					"to": [ 5.56, 4.23, 3.87 ],
					"unwrapMode": 5,
					"uv": [ 3.0, 36.5 ],
					"rotationOrigin": [ -0.8442, 1.2364, -0.929 ],
					"rotationX": 4.0,
					"faces": {
						"north": { "texture": "#line", "uv": [ 6.0, 36.5, 12.0, 39.5 ], "rotation": 180 },
						"east": { "texture": "#line", "uv": [ 12.0, 39.5, 15.0, 44.0 ], "rotation": 90 },
						"south": { "texture": "#line", "uv": [ 6.0, 44.0, 12.0, 47.0 ] },
						"west": { "texture": "#line", "uv": [ 3.0, 39.5, 6.0, 44.0 ], "rotation": 270 },
						"up": { "texture": "#line", "uv": [ 6.0, 39.5, 12.0, 44.0 ] },
						"down": { "texture": "#line", "uv": [ 15.0, 39.5, 21.0, 44.0 ] }
					}
				}
			]
		},
		{
			"name": "ArmorUpperLegL",
			"stepParentName": "UpperFootL",
			"from": [ -0.39, 0.5, -0.5 ],
			"to": [ 4.21, 9.5, 3.3 ],
			"uv": [ 34.5, 24.0 ],
			"rotationOrigin": [ -0.4, 0.5, -0.5 ],
			"faces": {
				"north": { "texture": "#line", "uv": [ 34.5, 27.5, 39.0, 36.5 ] },
				"east": { "texture": "#line", "uv": [ 39.0, 27.5, 42.5, 36.5 ] },
				"south": { "texture": "#line", "uv": [ 42.5, 27.5, 47.0, 36.5 ] },
				"west": { "texture": "#line", "uv": [ 47.0, 27.5, 50.5, 36.5 ] },
				"up": { "texture": "#line", "uv": [ 34.5, 24.0, 39.0, 27.5 ] },
				"down": { "texture": "#line", "uv": [ 39.0, 24.0, 43.5, 27.5 ] }
			},
			"children": [
				{
					"name": "ArmorUpperLegL2",
					"from": [ -0.54, 3.9824, -0.1294 ],
					"to": [ 5.26, 7.9824, 4.0706 ],
					"uv": [ 0.0, 36.5 ],
					"rotationOrigin": [ -0.5486, 3.9865, -0.1321 ],
					"faces": {
						"north": { "texture": "#line", "uv": [ 0.0, 40.5, 5.5, 44.5 ] },
						"east": { "texture": "#line", "uv": [ 5.5, 40.5, 9.5, 44.5 ] },
						"south": { "texture": "#line", "uv": [ 9.5, 40.5, 15.0, 44.5 ] },
						"west": { "texture": "#line", "uv": [ 15.0, 40.5, 19.0, 44.5 ] },
						"up": { "texture": "#line", "uv": [ 0.0, 36.5, 5.5, 40.5 ] },
						"down": { "texture": "#line", "uv": [ 5.5, 36.5, 11.0, 40.5 ] }
					}
				},
				{
					"name": "ArmorUpperLegL4",
					"from": [ -0.84, 0.98, -0.43 ],
					"to": [ 5.56, 3.98, 4.37 ],
					"unwrapMode": 6,
					"uv": [ 2.0, 36.5 ],
					"rotationOrigin": [ -0.8486, 0.9865, -0.4321 ],
					"faces": {
						"north": { "texture": "#line", "uv": [ 5.0, 36.5, 11.0, 39.5 ] },
						"east": { "texture": "#line", "uv": [ 2.0, 39.5, 5.0, 44.0 ], "rotation": 90 },
						"south": { "texture": "#line", "uv": [ 5.0, 44.0, 11.0, 47.0 ], "rotation": 180 },
						"west": { "texture": "#line", "uv": [ 11.0, 39.5, 14.0, 44.0 ], "rotation": 270 },
						"up": { "texture": "#line", "uv": [ 14.0, 39.5, 20.0, 44.0 ] },
						"down": { "texture": "#line", "uv": [ 5.0, 39.5, 11.0, 44.0 ] }
					}
				}
			]
		},
		{
			"name": "ArmorLowerLegR",
			"stepParentName": "LowerFootR",
			"from": [ -0.25, -0.2, -0.25 ],
			"to": [ 4.25, 7.3, 3.25 ],
			"uv": [ 34.5, 24.0 ],
			"rotationOrigin": [ -0.25, -0.2, -0.25 ],
			"faces": {
				"north": { "texture": "#line", "uv": [ 34.5, 27.5, 39.0, 35.0 ] },
				"east": { "texture": "#line", "uv": [ 39.0, 27.5, 42.5, 35.0 ] },
				"south": { "texture": "#line", "uv": [ 42.5, 27.5, 47.0, 35.0 ] },
				"west": { "texture": "#line", "uv": [ 47.0, 27.5, 50.5, 35.0 ] },
				"up": { "texture": "#line", "uv": [ 34.5, 24.0, 39.0, 27.5 ] },
				"down": { "texture": "#line", "uv": [ 39.0, 24.0, 43.5, 27.5 ] }
			},
			"children": [
				{
					"name": "FootR3",
					"from": [ -0.5, 1.9, -0.3 ],
					"to": [ 4.6, 6.7, 3.6 ],
					"uv": [ 32.5, 38.0 ],
					"rotationOrigin": [ -0.5, 1.9, -0.3 ],
					"faces": {
						"north": { "texture": "#line", "uv": [ 32.5, 41.5, 37.5, 46.0 ] },
						"east": { "texture": "#line", "uv": [ 37.5, 41.5, 41.0, 46.0 ] },
						"south": { "texture": "#line", "uv": [ 41.0, 41.5, 46.0, 46.0 ] },
						"west": { "texture": "#line", "uv": [ 46.0, 41.5, 49.5, 46.0 ] },
						"up": { "texture": "#line", "uv": [ 32.5, 38.0, 37.5, 41.5 ] },
						"down": { "texture": "#line", "uv": [ 37.5, 38.0, 42.5, 41.5 ] }
					}
				},
				{
					"name": "FootR4",
					"from": [ -1.0, 0.7, 0.3 ],
					"to": [ 0.3, 7.5, 3.2 ],
					"uv": [ 11.0, 29.5 ],
					"rotationOrigin": [ -1.0, 0.7, 0.3 ],
					"rotationZ": 3.0,
					"faces": {
						"north": { "texture": "#trenchmenlegs", "uv": [ 11.0, 32.0, 12.0, 38.5 ] },
						"east": { "texture": "#trenchmenlegs", "uv": [ 12.0, 32.0, 14.5, 38.5 ] },
						"south": { "texture": "#trenchmenlegs", "uv": [ 14.5, 32.0, 15.5, 38.5 ] },
						"west": { "texture": "#trenchmenlegs", "uv": [ 15.5, 32.0, 18.0, 38.5 ] },
						"up": { "texture": "#trenchmenlegs", "uv": [ 11.0, 29.5, 12.0, 32.0 ] },
						"down": { "texture": "#trenchmenlegs", "uv": [ 12.0, 29.5, 13.0, 32.0 ] }
					}
				}
			]
		},
		{
			"name": "ArmorLowerLegL",
			"stepParentName": "LowerFootL",
			"from": [ -0.3, -0.05, -0.1 ],
			"to": [ 4.2, 7.45, 3.4 ],
			"uv": [ 26.5, 24.5 ],
			"rotationOrigin": [ 5.7212, -0.386, 8.2278 ],
			"rotationX": -0.9971,
			"rotationY": -0.2268,
			"rotationZ": 0.0026,
			"faces": {
				"north": { "texture": "#line", "uv": [ 26.5, 28.0, 31.0, 35.5 ] },
				"east": { "texture": "#line", "uv": [ 31.0, 28.0, 34.5, 35.5 ] },
				"south": { "texture": "#line", "uv": [ 34.5, 28.0, 39.0, 35.5 ] },
				"west": { "texture": "#line", "uv": [ 39.0, 28.0, 42.5, 35.5 ] },
				"up": { "texture": "#line", "uv": [ 26.5, 24.5, 31.0, 28.0 ] },
				"down": { "texture": "#line", "uv": [ 31.0, 24.5, 35.5, 28.0 ] }
			},
			"children": [
				{
					"name": "FootL3",
					"from": [ -0.5, 1.9, -0.2 ],
					"to": [ 4.6, 6.7, 3.7 ],
					"uv": [ 32.5, 38.0 ],
					"rotationOrigin": [ -0.5, 1.9, -0.2 ],
					"faces": {
						"north": { "texture": "#line", "uv": [ 32.5, 41.5, 37.5, 46.0 ] },
						"east": { "texture": "#line", "uv": [ 37.5, 41.5, 41.0, 46.0 ] },
						"south": { "texture": "#line", "uv": [ 41.0, 41.5, 46.0, 46.0 ] },
						"west": { "texture": "#line", "uv": [ 46.0, 41.5, 49.5, 46.0 ] },
						"up": { "texture": "#line", "uv": [ 32.5, 38.0, 37.5, 41.5 ] },
						"down": { "texture": "#line", "uv": [ 37.5, 38.0, 42.5, 41.5 ] }
					}
				},
				{
					"name": "FootL4",
					"from": [ -1.0, 0.7, 0.3 ],
					"to": [ 0.3, 7.5, 3.2 ],
					"uv": [ 11.0, 29.5 ],
					"rotationOrigin": [ -1.0, -0.1, 0.3 ],
					"rotationZ": 3.0,
					"faces": {
						"north": { "texture": "#trenchmenlegs", "uv": [ 11.0, 32.0, 12.0, 38.5 ] },
						"east": { "texture": "#trenchmenlegs", "uv": [ 12.0, 32.0, 14.5, 38.5 ] },
						"south": { "texture": "#trenchmenlegs", "uv": [ 14.5, 32.0, 15.5, 38.5 ] },
						"west": { "texture": "#trenchmenlegs", "uv": [ 15.5, 32.0, 18.0, 38.5 ] },
						"up": { "texture": "#trenchmenlegs", "uv": [ 11.0, 29.5, 12.0, 32.0 ] },
						"down": { "texture": "#trenchmenlegs", "uv": [ 12.0, 29.5, 13.0, 32.0 ] }
					}
				}
			]
		},
		{
			"name": "ArmorLowerLegL2",
			"stepParentName": "PawL",
			"from": [ -0.3, -0.05, -0.1 ],
			"to": [ 3.2, 7.45, 3.4 ],
			"uv": [ 26.5, 24.5 ],
			"rotationOrigin": [ 5.7212, -0.386, 8.2278 ],
			"rotationX": -0.9971,
			"rotationY": -0.2268,
			"rotationZ": 0.0026,
			"faces": {
				"north": { "texture": "#line", "uv": [ 26.5, 28.0, 30.0, 35.5 ] },
				"east": { "texture": "#line", "uv": [ 30.0, 28.0, 33.5, 35.5 ] },
				"south": { "texture": "#line", "uv": [ 33.5, 28.0, 37.0, 35.5 ] },
				"west": { "texture": "#line", "uv": [ 37.0, 28.0, 40.5, 35.5 ] },
				"up": { "texture": "#line", "uv": [ 26.5, 24.5, 30.0, 28.0 ] },
				"down": { "texture": "#line", "uv": [ 30.0, 24.5, 33.5, 28.0 ] }
			},
			"children": [
				{
					"name": "FootL5",
					"from": [ -0.2, 1.9, -0.2 ],
					"to": [ 3.7, 7.7, 3.7 ],
					"uv": [ 32.5, 38.0 ],
					"rotationOrigin": [ -0.2, 1.9, -0.2 ],
					"faces": {
						"north": { "texture": "#line", "uv": [ 32.5, 41.5, 36.0, 47.0 ] },
						"east": { "texture": "#line", "uv": [ 36.0, 41.5, 39.5, 47.0 ] },
						"south": { "texture": "#line", "uv": [ 39.5, 41.5, 43.0, 47.0 ] },
						"west": { "texture": "#line", "uv": [ 43.0, 41.5, 46.5, 47.0 ] },
						"up": { "texture": "#line", "uv": [ 32.5, 38.0, 36.0, 41.5 ] },
						"down": { "texture": "#line", "uv": [ 36.0, 38.0, 39.5, 41.5 ] }
					}
				},
				{
					"name": "FootL6",
					"from": [ -1.0, 0.7, 0.3 ],
					"to": [ 0.3, 7.5, 3.2 ],
					"uv": [ 11.0, 29.5 ],
					"rotationOrigin": [ -1.0, -0.1, 0.3 ],
					"rotationZ": 3.0,
					"faces": {
						"north": { "texture": "#trenchmenlegs", "uv": [ 11.0, 32.0, 12.0, 38.5 ] },
						"east": { "texture": "#trenchmenlegs", "uv": [ 12.0, 32.0, 14.5, 38.5 ] },
						"south": { "texture": "#trenchmenlegs", "uv": [ 14.5, 32.0, 15.5, 38.5 ] },
						"west": { "texture": "#trenchmenlegs", "uv": [ 15.5, 32.0, 18.0, 38.5 ] },
						"up": { "texture": "#trenchmenlegs", "uv": [ 11.0, 29.5, 12.0, 32.0 ] },
						"down": { "texture": "#trenchmenlegs", "uv": [ 12.0, 29.5, 13.0, 32.0 ] }
					}
				}
			]
		},
		{
			"name": "ArmorLowerLegR2",
			"stepParentName": "PawR",
			"from": [ -0.25, -0.2, -0.25 ],
			"to": [ 3.25, 7.3, 3.25 ],
			"uv": [ 34.5, 24.0 ],
			"rotationOrigin": [ -0.25, -0.2, -0.25 ],
			"faces": {
				"north": { "texture": "#line", "uv": [ 34.5, 27.5, 38.0, 35.0 ] },
				"east": { "texture": "#line", "uv": [ 38.0, 27.5, 41.5, 35.0 ] },
				"south": { "texture": "#line", "uv": [ 41.5, 27.5, 45.0, 35.0 ] },
				"west": { "texture": "#line", "uv": [ 45.0, 27.5, 48.5, 35.0 ] },
				"up": { "texture": "#line", "uv": [ 34.5, 24.0, 38.0, 27.5 ] },
				"down": { "texture": "#line", "uv": [ 38.0, 24.0, 41.5, 27.5 ] }
			},
			"children": [
				{
					"name": "FootR5",
					"from": [ -0.2, 1.9, -0.3 ],
					"to": [ 3.7, 7.7, 3.6 ],
					"uv": [ 32.5, 38.0 ],
					"rotationOrigin": [ -0.2, 1.9, -0.3 ],
					"faces": {
						"north": { "texture": "#line", "uv": [ 32.5, 41.5, 36.0, 47.0 ] },
						"east": { "texture": "#line", "uv": [ 36.0, 41.5, 39.5, 47.0 ] },
						"south": { "texture": "#line", "uv": [ 39.5, 41.5, 43.0, 47.0 ] },
						"west": { "texture": "#line", "uv": [ 43.0, 41.5, 46.5, 47.0 ] },
						"up": { "texture": "#line", "uv": [ 32.5, 38.0, 36.0, 41.5 ] },
						"down": { "texture": "#line", "uv": [ 36.0, 38.0, 39.5, 41.5 ] }
					}
				},
				{
					"name": "FootR6",
					"from": [ -1.0, 0.7, 0.3 ],
					"to": [ 0.3, 7.5, 3.2 ],
					"uv": [ 11.0, 29.5 ],
					"rotationOrigin": [ -1.0, 0.7, 0.3 ],
					"rotationZ": 3.0,
					"faces": {
						"north": { "texture": "#trenchmenlegs", "uv": [ 11.0, 32.0, 12.0, 38.5 ] },
						"east": { "texture": "#trenchmenlegs", "uv": [ 12.0, 32.0, 14.5, 38.5 ] },
						"south": { "texture": "#trenchmenlegs", "uv": [ 14.5, 32.0, 15.5, 38.5 ] },
						"west": { "texture": "#trenchmenlegs", "uv": [ 15.5, 32.0, 18.0, 38.5 ] },
						"up": { "texture": "#trenchmenlegs", "uv": [ 11.0, 29.5, 12.0, 32.0 ] },
						"down": { "texture": "#trenchmenlegs", "uv": [ 12.0, 29.5, 13.0, 32.0 ] }
					}
				}
			]
		}
	],
	"animations": [
	]
}