[
  {
    "op": "addeach",
    "path": "/selling/list/-",
    "value": [
	{ "code": "bricklayers:storagevesselcolored-burnt-red", "type": "block", "stacksize": 1, "stock": { "avg": 2, "var": 1 }, "price": { "avg": 12, "var": 2 } },
	{ "code": "bricklayers:glazedplanter-burnt-milky-gold-checker", "type": "block", "stacksize": 1, "stock": { "avg": 1, "var": 0 }, "price": { "avg": 32, "var": 4 } },
	{ "code": "bricklayers:glazedplanter-burnt-clear-blue-lines", "type": "block", "stacksize": 1, "stock": { "avg": 1, "var": 0 }, "price": { "avg": 16, "var": 3 } },
	{ "code": "bricklayers:glazedplanter-burnt-milky-red-plain", "type": "block", "stacksize": 1, "stock": { "avg": 1, "var": 0 }, "price": { "avg": 16, "var": 3 } },
	{ "code": "bricklayers:glazedplanter-burnt-milky-malachite-plain", "type": "block", "stacksize": 1, "stock": { "avg": 1, "var": 0 }, "price": { "avg": 15, "var": 3 } },
	{ "code": "bricklayers:glazedplanter-burnt-milky-white-plain", "type": "block", "stacksize": 1, "stock": { "avg": 1, "var": 0 }, "price": { "avg": 17, "var": 3 } },
	{ "code": "bricklayers:glazedplanter-burnt-clear-white-plain", "type": "block", "stacksize": 1, "stock": { "avg": 1, "var": 0 }, "price": { "avg": 17, "var": 3 } },
	{ "code": "bricklayers:glazedflowerpot-burnt-clear-white-plain", "type": "block", "stacksize": 1, "stock": { "avg": 3, "var": 1 }, "price": { "avg": 7, "var": 1 } },
	{ "code": "bricklayers:glazedflowerpot-burnt-milky-malachite-lines", "type": "block", "stacksize": 1, "stock": { "avg": 3, "var": 1 }, "price": { "avg": 7, "var": 1 } },
	{ "code": "bricklayers:glazedbowl-burnt-milky-blue-plain", "type": "block", "stacksize": 1, "stock": { "avg": 2, "var": 1 }, "price": { "avg": 2, "var": 0.25 } },
	{ "code": "bricklayers:glasscolored-plain-black", "type": "block", "stacksize": 4, "stock": { "avg": 16, "var": 4 }, "price": { "avg": 2, "var": 0.5 } }
    ],
    "file": "game:config/tradelists/trader-luxuries.json",
    "side": "Server"
  }
]
