[
  {
    "op": "add",
    "path": "/combustibleProps",
    "value": {
	"meltingPoint": 1150,
	"meltingDuration": 18,
	"smeltedRatio": 3,
	"smeltingType": "convert",
	"smeltedStack": { "type": "item", "code": "em:powdered-ore-boneash", "quantity": 2 },
	"requiresContainer": false
    },
    "comment": "Items with a conversion temp cannot be used in cooking recipes.",
    "dependsOn": [ { "modid": "bonebroth", "invert": true } ],
    "file": "game:itemtypes/resource/crushed/bonemeal.json",
    "side": "Server"
  }
]
