[
  {
    "op": "addeach",
    "path": "/variantgroups/0/states/-",
    "value": [ "malachite", "lavender", "paleblue", "palegreen", "palered", "peach", "sunflower", "white" ],
    "file": "game:itemtypes/resource/clay.json",
    "side": "Server"
  },
  {
    "op": "remove",
    "path": "/textures",
    "file": "game:itemtypes/resource/clay.json",
    "side": "Server"
  },
  {
    "op": "add",
    "path": "/texturesByType",
    "value": {
      "*-blue": { "clay": { "base": "game:block/soil/{type}clay" } },
      "*-fire": { "clay": { "base": "game:block/soil/{type}clay" } },
      "*-red": { "clay": { "base": "game:block/soil/{type}clay" } },
      "*-lavender": { "clay": { "base": "bricklayers:block/clay/raw/lavender" } },
      "*-paleblue": { "clay": { "base": "bricklayers:block/clay/raw/paleblue" } },
      "*-palegreen": { "clay": { "base": "bricklayers:block/clay/raw/palegreen" } },
      "*-palered": { "clay": { "base": "bricklayers:block/clay/raw/palered" } },
      "*-sunflower": { "clay": { "base": "bricklayers:block/clay/raw/sunflower" } },
      "*-white": { "clay": { "base": "bricklayers:block/clay/raw/white" } },
      "*-peach": { "clay": { "base": "bricklayers:block/clay/raw/peach" } },
      "*-malachite": { "clay": { "base": "bricklayers:block/clay/raw/malachite" } }
    },
    "file": "game:itemtypes/resource/clay.json",
    "side": "Server"
  },
  {
    "op": "add",
    "path": "/creativeinventory/ceramics",
    "value":  ["*"],
    "file": "game:itemtypes/resource/clay.json",
    "side": "Server"
  },
  {
    "op": "add",
    "path": "/attributesByType",
    "value": {
      "*-blue": {
		"inContainerTexture": { "base": "game:block/soil/{type}clay" }
      },
      "*-fire": {
		"inContainerTexture": { "base": "game:block/soil/{type}clay" }
      },
      "*-red": {
		"inContainerTexture": { "base": "game:block/soil/{type}clay" }
      },
      "*-lavender": {
		"inContainerTexture": { "base": "bricklayers:block/clay/raw/lavender" }
      },
      "*-paleblue": {
		"inContainerTexture": { "base": "bricklayers:block/clay/raw/paleblue" }
      },
      "*-palegreen": {
		"inContainerTexture": { "base": "bricklayers:block/clay/raw/palegreen" }
      },
      "*-palered": {
		"inContainerTexture": { "base": "bricklayers:block/clay/raw/palered" }
      },
      "*-sunflower": {
		"inContainerTexture": { "base": "bricklayers:block/clay/raw/sunflower" }
      },
      "*-white": {
		"inContainerTexture": { "base": "bricklayers:block/clay/raw/white" }
      },
      "*": {
		"inContainerTexture": { "base": "bricklayers:item/resource/clay/raw-{type}clay" }
      }
    },
    "file": "game:itemtypes/resource/clay.json",
    "side": "Server"
  }
]
