[
  {
    "op": "addeach",
    "path": "/variantgroups/0/states/-",
    "value": [ "malachite", "lavender", "paleblue", "palegreen", "palered", "peach", "sunflower", "white" ],
    "file": "game:itemtypes/resource/clayworkitem.json",
    "side": "Server"
  },

  {
    "op": "remove",
    "path": "/texture",
    "file": "game:itemtypes/resource/clayworkitem.json",
    "side": "Server"
  },

  {
    "op": "addmerge",
    "path": "/texturesByType",
    "value": {
      "clayworkitem-blue": { "base": "game:block/soil/{type}clay" },
      "clayworkitem-fire": { "base": "game:block/soil/{type}clay" },
      "clayworkitem-red": { "base": "game:block/soil/{type}clay" },
      "clayworkitem-malachite": { "base": "bricklayers:block/clay/raw/malachite" },
      "clayworkitem-lavender": { "base": "bricklayers:block/clay/raw/lavender" },
      "clayworkitem-paleblue": { "base": "bricklayers:block/clay/raw/paleblue" },
      "clayworkitem-palegreen": { "base": "bricklayers:block/clay/raw/palegreen" },
      "clayworkitem-palered": { "base": "bricklayers:block/clay/raw/palered" },
      "clayworkitem-peach": { "base": "bricklayers:block/clay/raw/peach" },
      "clayworkitem-sunflower": { "base": "bricklayers:block/clay/raw/sunflower" },
      "clayworkitem-white": { "base": "bricklayers:block/clay/raw/white" }
    },
    "file": "game:blocktypes/clay/clayform.json",
    "side": "Server"
  }
]
