{
  "code": "charcoal-pencil",
  "storageFlags": 257,
  "durability": 1000,
  "tool": "meter",
  "attributes": {
    "slotRefillIdentifier": "pencil"
  },
  "creativeinventory": { "general": ["*"], "items": ["*"], "tools": ["*"] },
  "shape": {
    "base": "item/charcoal-pencil"
  },
  "tpHandTransform": {
    "translation": { "x": -0.1, "y": 0, "z": 0 },
    "rotation": { "x": 0, "y": 0, "z": 0 },
    "origin": { "x": 0, "y": 0, "z": 0 },
    "scale": 0.6
  },
  "tpOffHandTransform": {
    "translation": { "x": -0.1, "y": 0, "z": 0 },
    "rotation": { "x": 0, "y": 0, "z": 0 },
    "origin": { "x": 0, "y": 0, "z": 0 },
    "scale": 0.6
  },
  "guiTransform": {
    "translation": { "x": -11, "y": 11, "z": 0 },
    "rotation": { "x": 0, "y": 0, "z": -45 },
    "origin": { "x": 0, "y": 0, "z": 0 },
    "scale": 3.43
  },
  "groundTransform": {
    "translation": { "x": 0, "y": 0, "z": 0 },
    "rotation": { "x": 0, "y": 0, "z": 0 },
    "origin": { "x": 0, "y": 0, "z": 0 },
    "scale": 3
  }
}