{
  "code": "map-parchment",
  "class": "immersivemaps.map-parchment",
  "storageFlags": 257,
  "creativeinventory": { "general": ["*"], "items": ["*"], "tools": ["*"] },
  "shape": {
    "base": "item/map-parchment"
  },
  "texture": {
    "base": "game:item/lore/map-blank"
  },
  "heldRightReadyAnimation": "chiselready",
  "guiTransform": {
    "translation": { "x": 3, "y": -14, "z": 0 },
    "rotation": { "x": 45, "y": 0, "z": 45 },
    "origin": { "x": 0, "y": 0, "z": 0 },
    "scale": 1.3
  },
  "tpHandTransform": {
    "translation": { "x": 0.3, "y": 0.3, "z": -0.1 },
    "rotation": { "x": 53, "y": -65, "z": 33 },
    "origin": { "x": 0.25, "y": 0, "z": -0.25 },
    "scaleXyz": { "x": -0.25, "y": 0.25, "z": 0.25 }
  },
  "groundTransform": {
    "translation": { "x": 0, "y": 0.05, "z": 0 },
    "rotation": { "x": -90, "y": 180, "z": 0 },
    "origin": { "x": 0, "y": 0, "z": 0 },
    "scaleXyz": { "x": -2, "y": 2, "z": 2 }
  },
  "tpOffHandTransform": {
    "translation": { "x": 0, "y": -1, "z": 0 },
    "rotation": { "x": 0, "y": 0, "z": 0 },
    "origin": { "x": 0, "y": 0, "z": 0 },
    "scaleXyz": { "x": -0.25, "y": 0.25, "z": 0.25 }
  }
}