﻿{
  "code": "paper-papyrus",
  "creativeinventory": { "general": ["*"], "items": ["*"] },
  "maxstacksize": 32,
  "shape": {
    "base": "item/paper-papyrus"
  },
  "texture": {
    "base": "game:item/lore/pages-aged"
  },
  "behaviors": [
    { "name": "GroundStorable",
      "properties": {
        "layout": "Stacking",
        "placeRemoveSound": "game:sounds/block/leather",
        "stackingModel": "item/paper-papyrus-pile",
        "upSolid": false,
        "modelItemsToStackSizeRatio": 7,
        "stackingCapacity": 15,
        "transferQuantity": 1,
        "bulkTransferQuantity": 5,
        "collisionBox": { "x1": 0, "y1": 0, "z1": 0, "x2": 1, "y2": 0.2, "z2": 1 },
        "cbScaleYByLayer": 0.21
      }
    }
  ],
  "guiTransform": {
    "translation": { "x": 0, "y": 0, "z": 0 },
    "rotation": { "x": -45, "y": 28, "z": -159 },
    "origin": { "x": 0.59, "y": 0.18, "z": 0.47 },
    "scale": 1.6
  },
  "tpHandTransform": {
    "translation": { "x": -0.75, "y": -0.16, "z": -0.73 },
    "rotation": { "x": 0, "y": -84, "z": -65 },
    "origin": { "x": 0.5, "y": 0.1, "z": 0.5 },
    "scale": 0.67
  },
  "groundTransform": {
    "translation": { "x": 0, "y": 0, "z": 0 },
    "rotation": { "x": -7, "y": 0, "z": 0 },
    "origin": { "x": 0.5, "y": 0.07, "z": 0.41 },
    "scale": 1
  }
}