{
	"editor": {
		"backDropShape": "entity/land/smallstall-slanted",
		"collapsedPaths": "Root/Cube4",
		"allAngles": false,
		"entityTextureMode": false
	},
	"textureWidth": 16,
	"textureHeight": 24,
	"textureSizes": {
		"blanket": [16,24]
	},
	"textures": {
		"blanket": "item/wearable/hooved/blanket/forlorn"
	},
	"elements": [
		{
			"name": "Cube2",
			"stepParentName": "Blanket",
			"from": [ -3.0, -3.51, 3.65 ],
			"to": [ -3.0, -3.51, 3.65 ],
			"rotationOrigin": [ -3.0, -3.5141, 3.6517 ],
			"rotationX": -67.5,
			"rotationZ": -180.0,
			"faces": {
				"north": { "texture": "#blanket", "uv": [ 0.0, 0.0, 0.5, 0.5 ] },
				"east": { "texture": "#blanket", "uv": [ 0.0, 0.0, 0.5, 0.5 ] },
				"south": { "texture": "#blanket", "uv": [ 0.0, 0.0, 0.5, 0.5 ] },
				"west": { "texture": "#blanket", "uv": [ 0.0, 0.0, 0.5, 0.5 ] },
				"up": { "texture": "#blanket", "uv": [ 0.0, 0.0, 0.5, 0.5 ] },
				"down": { "texture": "#blanket", "uv": [ 0.0, 0.0, 0.5, 0.5 ] }
			},
			"children": [
				{
					"name": "Cube25",
					"from": [ 0.0, 0.0, 0.0 ],
					"to": [ 28.0, 0.4, 7.0 ],
					"rotationOrigin": [ 0.0, 0.4, 7.0 ],
					"faces": {
						"north": { "texture": "#blanket", "uv": [ 1.0, 4.5, 15.0, 4.0 ], "autoUv": false },
						"east": { "texture": "#blanket", "uv": [ 1.0, 0.5, 2.0, 21.0 ], "rotation": 90, "autoUv": false },
						"south": { "texture": "#blanket", "uv": [ 1.0, 16.0, 15.0, 16.5 ], "autoUv": false },
						"west": { "texture": "#blanket", "uv": [ 1.0, 1.0, 2.0, 21.5 ], "rotation": 90, "autoUv": false },
						"up": { "texture": "#blanket", "uv": [ 1.0, 9.5, 15.0, 12.5 ], "autoUv": false },
						"down": { "texture": "#blanket", "uv": [ 1.0, 10.0, 15.0, 13.0 ], "autoUv": false }
					},
					"children": [
						{
							"name": "Cube25",
							"from": [ 0.0, 0.4, 7.0 ],
							"to": [ 28.0, 0.8, 15.5 ],
							"rotationOrigin": [ 0.0, 0.4, 7.0 ],
							"rotationX": 112.5,
							"faces": {
								"north": { "texture": "#blanket", "uv": [ 1.0, 11.5, 15.0, 11.0 ], "autoUv": false },
								"east": { "texture": "#blanket", "uv": [ 1.0, 0.5, 2.0, 21.0 ], "rotation": 90, "autoUv": false },
								"south": { "texture": "#blanket", "uv": [ 1.0, 16.0, 15.0, 16.5 ], "autoUv": false },
								"west": { "texture": "#blanket", "uv": [ 1.0, 1.0, 2.0, 21.5 ], "rotation": 90, "autoUv": false },
								"up": { "texture": "#blanket", "uv": [ 1.0, 12.5, 15.0, 16.5 ], "autoUv": false },
								"down": { "texture": "#blanket", "uv": [ 1.0, 13.0, 15.0, 16.5 ], "autoUv": false }
							}
						},
						{
							"name": "Cube23",
							"from": [ 0.0, 16.1489, -1.8254 ],
							"to": [ 28.0, 16.5489, 7.1746 ],
							"rotationOrigin": [ -0.1, 16.2389, 7.1746 ],
							"rotationX": 22.5,
							"faces": {
								"north": { "texture": "#blanket", "uv": [ 1.0, 0.0, 2.0, 17.5 ], "rotation": 90, "autoUv": false },
								"east": { "texture": "#blanket", "uv": [ 1.0, 0.5, 2.0, 21.0 ], "rotation": 90, "autoUv": false },
								"south": { "texture": "#blanket", "uv": [ 1.0, 4.0, 15.0, 4.5 ], "autoUv": false },
								"west": { "texture": "#blanket", "uv": [ 1.0, 0.5, 2.0, 21.0 ], "rotation": 90, "autoUv": false },
								"up": { "texture": "#blanket", "uv": [ 1.0, 0.0, 15.0, 4.5 ], "autoUv": false },
								"down": { "texture": "#blanket", "uv": [ 1.0, 0.5, 15.0, 5.0 ], "autoUv": false }
							},
							"children": [
								{
									"name": "Cube22",
									"from": [ 0.0, 0.39, 8.9 ],
									"to": [ 28.0, 0.79, 15.9 ],
									"rotationOrigin": [ 0.001, 0.29, 8.9 ],
									"rotationX": 158.0,
									"faces": {
										"north": { "texture": "#blanket", "uv": [ 1.0, 4.5, 15.0, 4.0 ], "autoUv": false },
										"east": { "texture": "#blanket", "uv": [ 1.0, 0.5, 2.0, 21.0 ], "rotation": 90, "autoUv": false },
										"south": { "texture": "#blanket", "uv": [ 1.0, 16.0, 15.0, 16.5 ], "autoUv": false },
										"west": { "texture": "#blanket", "uv": [ 1.0, 1.0, 2.0, 21.5 ], "rotation": 90, "autoUv": false },
										"up": { "texture": "#blanket", "uv": [ 1.0, 4.5, 15.0, 8.0 ], "autoUv": false },
										"down": { "texture": "#blanket", "uv": [ 1.0, 4.5, 15.0, 8.0 ], "autoUv": false }
									}
								}
							]
						},
						{
							"name": "Cube27",
							"from": [ 0.001, -7.15, 3.895 ],
							"to": [ 28.001, -6.75, 18.895 ],
							"rotationOrigin": [ 0.1, -7.16, 4.085 ],
							"rotationX": -158.5,
							"faces": {
								"north": { "texture": "#blanket", "uv": [ 1.0, 16.0, 15.0, 16.5 ], "autoUv": false },
								"east": { "texture": "#blanket", "uv": [ 1.0, 0.5, 2.0, 21.0 ], "rotation": 90, "autoUv": false },
								"south": { "texture": "#blanket", "uv": [ 1.0, 2.0, 2.0, 17.5 ], "rotation": 90, "autoUv": false },
								"west": { "texture": "#blanket", "uv": [ 1.0, 0.5, 2.0, 21.0 ], "rotation": 90, "autoUv": false },
								"up": { "texture": "#blanket", "uv": [ 1.0, 16.5, 15.0, 23.5 ], "autoUv": false },
								"down": { "texture": "#blanket", "uv": [ 1.0, 18.0, 15.0, 23.5 ], "autoUv": false, "windMode": [-1,-1,-1,-1], "windData": [1,1,0,0] }
							}
						}
					]
				}
			]
		}
	]}