{
	"editor": {
		"backDropShape": "entity/land/smallstall-classic",
		"collapsedPaths": "Root/Cube4",
		"allAngles": false,
		"entityTextureMode": false
	},
	"textureWidth": 16,
	"textureHeight": 24,
	"textureSizes": {
		"blanket": [16,24]
	},
	"textures": {
	},
	"elements": [
		{
			"name": "Cube22",
			"stepParentName": "Blanket",
			"from": [ -31.0, 2.8, -1.8 ],
			"to": [ -3.0, 3.2, 23.2 ],
			"rotationOrigin": [ -31.0, 2.8, -1.8 ],
			"faces": {
				"north": { "texture": "#blanket", "uv": [ 1.0, 4.5, 15.0, 4.0 ], "autoUv": false },
				"east": { "texture": "#blanket", "uv": [ 1.0, 0.5, 2.0, 21.0 ], "rotation": 90, "autoUv": false },
				"south": { "texture": "#blanket", "uv": [ 1.0, 16.0, 15.0, 16.5 ], "autoUv": false },
				"west": { "texture": "#blanket", "uv": [ 1.0, 1.0, 2.0, 21.5 ], "rotation": 90, "autoUv": false },
				"up": { "texture": "#blanket", "uv": [ 1.0, 4.5, 15.0, 16.5 ], "autoUv": false },
				"down": { "texture": "#blanket", "uv": [ 1.0, 4.5, 15.0, 16.5 ], "autoUv": false }
			},
			"children": [
				{
					"name": "Cube23",
					"from": [ -0.001, 0.31, -8.701 ],
					"to": [ 27.999, 0.71, 0.299 ],
					"rotationOrigin": [ -0.1, 0.4, 0.3 ],
					"rotationX": -90.0,
					"faces": {
						"north": { "texture": "#blanket", "uv": [ 1.0, 0.0, 2.0, 17.5 ], "rotation": 90, "autoUv": false },
						"east": { "texture": "#blanket", "uv": [ 1.0, 0.5, 2.0, 21.0 ], "rotation": 90, "autoUv": false },
						"south": { "texture": "#blanket", "uv": [ 1.0, 4.0, 15.0, 4.5 ], "autoUv": false },
						"west": { "texture": "#blanket", "uv": [ 1.0, 0.5, 2.0, 21.0 ], "rotation": 90, "autoUv": false },
						"up": { "texture": "#blanket", "uv": [ 1.0, 0.0, 15.0, 4.5 ], "autoUv": false },
						"down": { "texture": "#blanket", "uv": [ 1.0, 0.5, 15.0, 5.0 ], "autoUv": false }
					}
				},
				{
					"name": "Cube27",
					"from": [ 0.001, 0.21, 24.41 ],
					"to": [ 28.001, 0.61, 39.41 ],
					"rotationOrigin": [ 0.1, 0.2, 24.6 ],
					"rotationX": 89.0,
					"faces": {
						"north": { "texture": "#blanket", "uv": [ 1.0, 16.0, 15.0, 16.5 ], "autoUv": false },
						"east": { "texture": "#blanket", "uv": [ 1.0, 0.5, 2.0, 24.0 ], "rotation": 90, "autoUv": false, "windMode": [-1,-1,-1,-1] },
						"south": { "texture": "#blanket", "uv": [ 1.0, 2.0, 2.0, 17.5 ], "rotation": 90, "autoUv": false, "windMode": [-1,-1,-1,-1] },
						"west": { "texture": "#blanket", "uv": [ 1.0, 0.5, 2.0, 24.0 ], "rotation": 90, "autoUv": false, "windMode": [-1,-1,-1,-1] },
						"up": { "texture": "#blanket", "uv": [ 1.0, 16.5, 15.0, 24.0 ], "autoUv": false, "windMode": [-1,-1,-1,-1] },
						"down": { "texture": "#blanket", "uv": [ 1.0, 18.0, 15.0, 24.0 ], "autoUv": false, "windMode": [-1,-1,-1,-1] }
					}
				}
			]
		}
	]}