{
  "code": "machinecompletebasic",
  "class": "EntityMachineComplete",
  "enabled": false,
  //"habitat": "Air",

  //"variantgroups": [
  //  {
  //    "code": "type",
  //    "states": [ "flying" ]
  //  }
  //],

  "attributes": {
    "basketCatchable": false,
    "deconstructible": false,
    //"deconstructDropsByType": {
    //  "boat-raft-*": [
    //    {
    //      "type": "block",
    //      "code": "log-placed-{material}-ud",
    //      "quantity": 6
    //    },
    //    {
    //      "type": "item",
    //      "code": "rope",
    //      "quantity": 1
    //    }
    //  ]
    //},
    "shouldSwivelFromMotion": false,
    "swimmingOffsetYByType": {
      "*": 0.45
    },
    "requiresPaddlingToolByType": {
      "*": false
    },
    "rightClickPickupByType": {
      "*": false
    },
    "unfurlSailsByType": {
      "*": false
    },
    "mountAnimationsByType": {
      "*": {
        "idle": "sitflooridle",
        "ready": "",
        "forwards": "",
        "backwards": ""
      }
    }
  },

  "hitboxSizeByType": {
    "*": {
      "x": 2.8,
      "y": 1.0,
      "z": 2.8
    }
  },

  "behaviorConfigs": {
    //"ellipsoidalrepulseagentsByType": {
    //  "*": {
    //    "offset": {
    //      "x": 0.1,
    //      "z": 1.5
    //    },
    //    "__comment": "Not a 3d Ellipse but essentially a 2d ellipse lengthened in the y-axis",
    //    "radius": {
    //      "x": 1.9,
    //      "y": 1.5,
    //      "z": 4.6
    //    }
    //  }
    //},
    "passivephysicsmultibox": {
      "collisionBoxesByType": {
        "*": [
          {
            "x1": -0.75,
            "y1": 0,
            "z1": 0,
            "x2": 0.75,
            "y2": 1.0,
            "z2": 1.5
          },
          {
            "x1": -0.75,
            "y1": 0,
            "z1": -1.5,
            "x2": 0.75,
            "y2": 1.0,
            "z2": 0
          },



          {
            "x1": -0.75,
            "y1": 2.5,
            "z1": 0,
            "x2": 0.75,
            "y2": 4.85,
            "z2": 1.5
          },
          {
            "x1": -0.75,
            "y1": 2.5,
            "z1": -1.5,
            "x2": 0.75,
            "y2": 4.85,
            "z2": 0
          }
        ]
      },
      "groundDragFactor": 1,
      "airDragFallingFactor": 0.5,
      "gravityFactor": 1.0
    },
    "creaturecarrier": {
      "__comment": "Note: The FrontSeat selection box originally had that Y-Rotation of 180 degrees - it offseted the player somehow weirdly. Was not able to figure out why. Setting mountRotation works better.",
      "seatsByType": {
        "*": [
          {
            "apName": "FrontSeatAP",
            //"selectionBox": "FrontSeatAP",
            "controllable": true,
            "bodyYawLimit": null,
            "eyeHeight": 1,
            "mountRotation": { "y": 180 }
          },
          {
            "apName": "BackSeatAP",
            //"selectionBox": "BackSeatAP",
            "controllable": false,
            "bodyYawLimit": null,
            "eyeHeight": 1,
            //"mountOffset": {
            //  "x": 0.2,
            //  "y": 0,
            //  "z": 0
            //},
            "reverse": true
          }
        ]
      }
    },
    "rideableaccessories": {
      "dropContentsOnDeath": true,
      "__comment": "These need to be in the same order as the selectionBoxes array further down",
      "wearableSlotsByType": {
        "*": [
          {
            "code": "Front Seat",
            "forCategoryCodes": [],
            "attachmentPointCode": "FrontSeatAP",
            "stepParentTo": {
              "": { "elementName": "FrontSeat" }
            },
            "emptyInteractPassThrough": true
          },
          {
            "code": "Back Seat",
            "forCategoryCodes": [ "chest", "basket", "crate" ],
            "attachmentPointCode": "BackSeatAP",
            "stepParentTo": {
              "": { "elementName": "BackSeat" }
            } //,
            //"emptyInteractPassThrough": true
          }
        ]
      }
    },
    "selectionboxes": {
      "__comment": "Modders, make sure the selectionBoxes are in the same order as the wearableSlots, or things can go haywire. Placed chest contents dont get synced properly for example, if wrongly ordered.",
      "selectionBoxesByType": {
        "*": [
          "FrontSeatAP",
          "BackSeatAP"
        ]
      }
    },




    //"health": {
    //  "currenthealthByType": {
    //    "*": 30
    //  },
    //  "maxhealthByType": {
    //    "*": 30
    //  }
    //},
    "ownable": {
      "groupCode": "mountableanimal"
    }

  },



  "client": {
    "size": 1.0,
    "renderer": "ShapeEntityMachineRenderer", // "ShapeEntityMachineRenderer",//
    "shapeByType": {
      "*": {
        //"base": "entities/machines/shapemachinetype-flyingdarter", //shapemachinetype-flyingdarter
        "base": "entities/machines/shapemachinetype-debug", //
        "ignoreElements": [ "hideWater" ]
      }
    },
    "animations": [
      {
        "code": "skidsup",
        "animation": "skidsup",
        "animationSpeed": 1,
        "easeInSpeed": 2,
        "easeOutSpeed": 2
      }
    ],
    "texturesByType": {
      "*": {
        //"base": "entity/bear/black1",
        "default": { "base": "default" },
        "color-black": { "base": "color-black" },
        "color-blue": { "base": "color-blue" },
        "color-cyan": { "base": "color-cyan" },
        "color-gray": { "base": "color-gray" },
        "color-green": { "base": "color-green" },
        "color-yellow": { "base": "color-yellow" },
        "color-red": { "base": "color-red" },
        "color-purple": { "base": "color-purple" },
        "color-orange": { "base": "color-orange" },

        "color-buttonblue": { "base": "color-gray" },
        "color-buttongreen": { "base": "color-gray" },
        "color-buttonred": { "base": "color-gray" },
        "color-buttonpurple": { "base": "color-gray" },
        "color-buttonorange": { "base": "color-gray" },

        "slotglass": { "base": "default" },
        "rope": { "base": "entities/machines/rope" },
        "frame": { "base": "entities/machines/frame" },
        "panel": { "base": "entities/machines/panelbasic" },
        "metal": { "base": "entities/machines/metalbasic" },
        "cloth": { "base": "entities/machines/clothbasic" },
        "screen": { "base": "color-black" },
        "vintageglass": { "base": "game:block/glass/plain" },

        "screenoff": { "base": "entities/machines/screenoff" },
        "screenon": { "base": "entities/machines/screenon" },
        "hatch": { "base": "entities/machines/hatch" },
        "vent": { "base": "entities/machines/vent" },
        "screenfuelslot": { "base": "entities/machines/screenfuelslot" },
        "screenbar": { "base": "default" },
        "screenlock": { "base": "default" },
        "licenseplatedecal": { "base": "entities/machines/licenseplatedecal" },

        "screenbar0": { "base": "entities/machines/display/screenbar0" },
        "screenbar1": { "base": "entities/machines/display/screenbar1" },
        "screenbar2": { "base": "entities/machines/display/screenbar2" },
        "screenbar3": { "base": "entities/machines/display/screenbar3" },
        "screenbar4": { "base": "entities/machines/display/screenbar4" },
        "screenbar5": { "base": "entities/machines/display/screenbar5" },
        "screenbar6": { "base": "entities/machines/display/screenbar6" },
        "screenbar7": { "base": "entities/machines/display/screenbar7" },
        "screenbar8": { "base": "entities/machines/display/screenbar8" },
        "screenbar9": { "base": "entities/machines/display/screenbar9" },
        "screenbar10": { "base": "entities/machines/display/screenbar10" },
        "screenbar11": { "base": "entities/machines/display/screenbar11" },
        "screenbar12": { "base": "entities/machines/display/screenbar12" },
        "screenbar13": { "base": "entities/machines/display/screenbar13" },
        "screenbar14": { "base": "entities/machines/display/screenbar14" },
        "screenbar15": { "base": "entities/machines/display/screenbar15" },
        "screenbar16": { "base": "entities/machines/display/screenbar16" },

        "screenbarnotcharging": { "base": "entities/machines/display/screenbarnotcharging" },
        "screenbarcharging0": { "base": "entities/machines/display/screenbarcharging0" },
        "screenbarcharging1": { "base": "entities/machines/display/screenbarcharging1" },
        "screenbarcharging2": { "base": "entities/machines/display/screenbarcharging2" },
        "screenbarcharging3": { "base": "entities/machines/display/screenbarcharging3" },
        "screenbarcharging4": { "base": "entities/machines/display/screenbarcharging4" },
        "screenbarcharging5": { "base": "entities/machines/display/screenbarcharging5" },
        "screenbarcharging6": { "base": "entities/machines/display/screenbarcharging6" },
        "screenbarcharging7": { "base": "entities/machines/display/screenbarcharging7" },
        "screenbarcharging8": { "base": "entities/machines/display/screenbarcharging8" },
        "screenbarcharging9": { "base": "entities/machines/display/screenbarcharging9" },
        "screenbarcharging10": { "base": "entities/machines/display/screenbarcharging10" },
        "screenbarcharging11": { "base": "entities/machines/display/screenbarcharging11" },
        "screenbarcharging12": { "base": "entities/machines/display/screenbarcharging12" },
        "screenbarcharging13": { "base": "entities/machines/display/screenbarcharging13" },
        "screenbarcharging14": { "base": "entities/machines/display/screenbarcharging14" },
        "screenbarcharging15": { "base": "entities/machines/display/screenbarcharging15" },
        "screenbarcharging16": { "base": "entities/machines/display/screenbarcharging16" },

        "screenlock-locked": { "base": "entities/machines/display/screenlock-locked" },
        "screenlock-unlocked": { "base": "entities/machines/display/screenlock-unlocked" },

        "plank_basic": { "base": "entities/machines/panelbasic" },
        "plank_birch": { "base": "game:block/wood/planks/birch1" },
        "plank_oak": { "base": "game:block/wood/planks/oak1" },
        "plank_maple": { "base": "game:block/wood/planks/maple1" },
        "plank_pine": { "base": "game:block/wood/planks/pine1" },
        "plank_acacia": { "base": "game:block/wood/planks/acacia1" },
        "plank_kapok": { "base": "game:block/wood/planks/kapok1" },
        "plank_baldcypress": { "base": "game:block/wood/planks/baldcypress1" },
        "plank_larch": { "base": "game:block/wood/planks/larch1" },
        "plank_redwood": { "base": "game:block/wood/planks/redwood1" },
        "plank_ebony": { "base": "game:block/wood/planks/ebony1" },
        "plank_walnut": { "base": "game:block/wood/planks/walnut1" },
        "plank_purpleheart": { "base": "game:block/wood/planks/purpleheart1" },

        "metal_basic": { "base": "entities/machines/metalbasic" },
        "metal_bismuth": { "base": "game:block/metal/ingot/bismuth" },
        "metal_bismuthbronze": { "base": "game:block/metal/ingot/bismuthbronze" },
        "metal_blackbronze": { "base": "game:block/metal/ingot/blackbronze" },
        "metal_brass": { "base": "game:block/metal/ingot/brass" },
        "metal_chromium": { "base": "game:block/metal/ingot/chromium" },
        "metal_copper": { "base": "game:block/metal/ingot/copper" },
        "metal_gold": { "base": "game:block/metal/ingot/gold" },
        "metal_iron": { "base": "game:block/metal/ingot/iron" },
        "metal_lead": { "base": "game:block/metal/ingot/lead" },
        "metal_meteoriciron": { "base": "game:block/metal/ingot/meteoriciron" },
        "metal_molybdochalkos": { "base": "game:block/metal/ingot/molybdochalkos" },
        "metal_platinum": { "base": "game:block/metal/ingot/platinum" },
        "metal_cupronickel": { "base": "game:block/metal/ingot/cupronickel" },
        "metal_silver": { "base": "game:block/metal/ingot/silver" },
        "metal_stainlesssteel": { "base": "game:block/metal/ingot/stainlesssteel" },
        "metal_steel": { "base": "game:block/metal/ingot/steel" },
        "metal_tin": { "base": "game:block/metal/ingot/tin" },
        "metal_tinbronze": { "base": "game:block/metal/ingot/tinbronze" },
        "metal_titanium": { "base": "game:block/metal/ingot/titanium" },
        "metal_uranium": { "base": "game:block/metal/ingot/uranium" },
        "metal_zinc": { "base": "game:block/metal/ingot/zinc" },
        "metal_meteoriteiron": { "base": "game:block/stone/rock/meteorite-iron1" },
        "metal_rhodium": { "base": "game:block/metal/ingot/tin" },

        "cloth_basic": { "base": "entities/machines/clothbasic" },
        "cloth_black": { "base": "game:block/cloth/linen/black" },
        "cloth_blue": { "base": "game:block/cloth/linen/blue" },
        "cloth_brown": { "base": "game:block/cloth/linen/brown" },
        "cloth_gray": { "base": "game:block/cloth/linen/gray" },
        "cloth_green": { "base": "game:block/cloth/linen/green" },
        "cloth_orange": { "base": "game:block/cloth/linen/orange" },
        "cloth_pink": { "base": "game:block/cloth/linen/pink" },
        "cloth_purple": { "base": "game:block/cloth/linen/purple" },
        "cloth_red": { "base": "game:block/cloth/linen/red" },
        "cloth_white": { "base": "game:block/cloth/linen/white" },
        "cloth_yellow": { "base": "game:block/cloth/linen/yellow" },

        "frame_basic": { "base": "expansions/frame/framebasic" },
        "frame_black": { "base": "expansions/frame/frameblack" },
        "frame_blue": { "base": "expansions/frame/frameblue" },
        "frame_brown": { "base": "expansions/frame/framebrown" },
        "frame_gray": { "base": "expansions/frame/framegray" },
        "frame_green": { "base": "expansions/frame/framegreen" },
        "frame_orange": { "base": "expansions/frame/frameorange" },
        "frame_pink": { "base": "expansions/frame/framepink" },
        "frame_purple": { "base": "expansions/frame/framepurple" },
        "frame_red": { "base": "expansions/frame/framered" },
        "frame_white": { "base": "expansions/frame/framewhite" },
        "frame_yellow": { "base": "expansions/frame/frameyellow" },

        "gem_rocksalt": { "base": "game:block/stone/rocksaltlamp" },
        "gem_corundum": { "base": "game:block/stone/gem/corundum" },
        "gem_fluorite": { "base": "game:block/stone/gem/fluorite" },
        "gem_malachite": { "base": "game:block/stone/gem/malachite" },
        "gem_olivine": { "base": "game:block/stone/gem/olivine" },
        "gem_quartz": { "base": "game:block/stone/gem/quartz" },
        "gem_lapislazuli": { "base": "game:block/stone/gem/lapislazuli" },
        "gem_diamond": { "base": "game:block/stone/gem/diamond" },
        "gem_emerald": { "base": "game:block/stone/gem/emerald" },
        "gem_uranium": { "base": "game:block/stone/gem/uranium" },

        "glass_vintage": { "base": "expansions/glass/vintage" },
        "glass_gray": { "base": "expansions/glass/gray" },
        "glass_red": { "base": "expansions/glass/red" },
        "glass_orange": { "base": "expansions/glass/orange" },
        "glass_yellow": { "base": "expansions/glass/yellow" },
        "glass_green": { "base": "expansions/glass/green" },
        "glass_blue": { "base": "expansions/glass/blue" },
        "glass_purple": { "base": "expansions/glass/purple" },
        "glass_pink": { "base": "expansions/glass/pink" },
        "glass_brown": { "base": "expansions/glass/brown" },
        "glass_white": { "base": "expansions/glass/white" },
        "glass_black": { "base": "expansions/glass/black" },

        "stone_andesite": { "base": "game:block/stone/rock/andesite1" },
        "stone_basalt": { "base": "game:block/stone/rock/basalt1" },
        "stone_bauxite": { "base": "game:block/stone/rock/bauxite1" },
        "stone_chalk": { "base": "game:block/stone/rock/chalk1" },
        "stone_chert": { "base": "game:block/stone/rock/chert1" },
        "stone_claystone": { "base": "game:block/stone/rock/claystone1" },
        "stone_conglomerate": { "base": "game:block/stone/rock/conglomerate1" },
        "stone_granite": { "base": "game:block/stone/rock/granite1" },
        "stone_greenmarble": { "base": "game:block/stone/rock/greenmarble1" },
        "stone_halite": { "base": "game:block/stone/rock/halite1" },
        "stone_kimberlite": { "base": "game:block/stone/rock/kimberlite1" },
        "stone_limestone": { "base": "game:block/stone/rock/limestone1" },
        "stone_obsidian": { "base": "game:block/stone/rock/obsidian1" },
        "stone_peridotite": { "base": "game:block/stone/rock/peridotite1" },
        "stone_phyllite": { "base": "game:block/stone/rock/phyllite1" },
        "stone_redmarble": { "base": "game:block/stone/rock/redmarble1" },
        "stone_sandstone": { "base": "game:block/stone/rock/sandstone1" },
        "stone_scoria": { "base": "game:block/stone/rock/scoria1" },
        "stone_shale": { "base": "game:block/stone/rock/shale1" },
        "stone_slate": { "base": "game:block/stone/rock/slate1" },
        "stone_suevite": { "base": "game:block/stone/rock/suevite1" },
        "stone_sulfur": { "base": "game:block/stone/rock/sulfur1" },
        "stone_tuff": { "base": "game:block/stone/rock/tuff1" },
        "stone_whitemarble": { "base": "game:block/stone/rock/whitemarble1" },

        "holiday_newyears1": { "base": "expansions/holiday/holiday_newyears1" },
        "holiday_saintpatricksday1": { "base": "expansions/holiday/holiday_saintpatricksday1" },
        "holiday_easter1": { "base": "expansions/holiday/holiday_easter1" },
        "holiday_easter2": { "base": "expansions/holiday/holiday_easter2" },
        "holiday_easter3": { "base": "expansions/holiday/holiday_easter3" },
        "holiday_halloween1": { "base": "expansions/holiday/holiday_halloween1" },
        "holiday_halloween2": { "base": "expansions/holiday/holiday_halloween2" },
        "holiday_halloween3": { "base": "expansions/holiday/holiday_halloween3" },
        "holiday_halloween4": { "base": "expansions/holiday/holiday_halloween4" },
        "holiday_thanksgiving1": { "base": "expansions/holiday/holiday_thanksgiving1" },
        "holiday_christmas1": { "base": "expansions/holiday/holiday_christmas1" },
        "holiday_christmas2": { "base": "expansions/holiday/holiday_christmas2" },
        "holiday_christmas3": { "base": "expansions/holiday/holiday_christmas3" },
        "holiday_christmas4": { "base": "expansions/holiday/holiday_christmas4" },


        "rustyglow": { "base": "game:block/machine/statictranslocator/rustyglow" },

        "rustyglowon": { "base": "game:block/machine/statictranslocator/rustyglow" },
        "rustyglowoff": { "base": "game:block/machine/statictranslocator/rusty" },

        "gold": { "base": "game:block/metal/plate/gold" },
        "lead2": { "base": "game:block/metal/sheet-plain/lead2" },
        "cupronickel1": { "base": "game:block/metal/sheet/cupronickel1" },
        "bituminous": { "base": "game:block/coal/bituminous" },
        "quartzglass": { "base": "game:block/glass/quartzglass" },
        "cupronickel12": { "base": "game:block/metal/sheet-plain/cupronickel1" },
        "gold2": { "base": "game:block/metal/sheet-plain/gold2" },
        "ebony": { "base": "game:block/wood/debarked/ebony" },
        "gold1": { "base": "game:block/metal/sheet-plain/gold1" },
        "temporal": { "base": "game:item/resource/temporalgear" },
        "lead": { "base": "game:block/metal/sheet-plain/lead1" },
        "tarnished-bronze": { "base": "game:block/metal/tarnished/tarnished-bronze" },
        "whitemarble2": { "base": "game:block/stone/rock/whitemarble1" },
        "patternscrolls": { "base": "game:block/machine/patternscrolls" },
        "plain": { "base": "game:block/wood/carved/acacia/normal/plain1" }






      }
    },
    "behaviors": [
      //{
      //  "code": "ellipsoidalrepulseagents",
      //  "enabledByType": {
      //    "*": false
      //  }
      //},
      {
        "code": "repulseagents",
        "enabledByType": {
          "*": true
        }
      },
      { "code": "passivephysicsmultibox" },
      { "code": "interpolateposition" },
      //{
      //  "code": "hidewatersurface",
      //  "hideWaterElement": "ORIGIN/hideWater/*",
      //  "enabledByType": {
      //    //"boat-sailed-*": true,
      //    "*": false //false
      //  }
      //},
      { "code": "selectionboxes" },
      { "code": "rideableaccessories" },
      { "code": "creaturecarrier" }
    ]
  },
  "server": {
    "behaviors": [
      //{
      //  "code": "ellipsoidalrepulseagents",
      //  "enabledByType": {
      //    "*": false
      //  }
      //},
      {
        "code": "repulseagents",
        "enabledByType": {
          "*": true
        }
      },
      { "code": "passivephysicsmultibox" },
      { "code": "selectionboxes" },
      { "code": "rideableaccessories" },
      { "code": "creaturecarrier" }
    ]
  },
  "sounds": {}
}