{
  "code": "machinecompletethrown",
  "class": "EntityMachineThrown",
  "enabled": false,

  "variantgroups": [
    {
      "code": "type",
      "states": [ "basic", "flying", "ground", "sea", "underwater", "hauler" ]
    } //,
    //{
    //  "code": "panel",
    //  "loadFromProperties": "game:block/wood"
    //},
    //{
    //  "code": "metal",
    //  "loadFromProperties": "game:block/metal"
    //},
    //{
    //  "code": "cloth",
    //  "states": [ "black", "blue", "brown", "gray", "green", "orange", "pink", "purple", "red", "white", "yellow" ]
    //}
  ],

  "hitboxSize": {
    "x": 0.5,
    "y": 0.5,
    "z": 0.5
  },
  "client": {
    "size": 1.0,
    "renderer": "Shape",
    "shapeByType": {
      "*": { "base": "entities/machines/shapemachinethrown" }
    },
    "texturesByType": {
      "*-flying": {
        "default": { "base": "default" },
        "frame": { "base": "entities/machines/frame" },
        "metal": { "base": "game:block/metal/ingot/iron" },
        "cloth": { "base": "color-purple" }
      },
      "*-ground": {
        "default": { "base": "default" },
        "frame": { "base": "entities/machines/frame" },
        "metal": { "base": "game:block/metal/ingot/iron" },
        "cloth": { "base": "color-green" }
      },
      "*-sea": {
        "default": { "base": "default" },
        "frame": { "base": "entities/machines/frame" },
        "metal": { "base": "game:block/metal/ingot/iron" },
        "cloth": { "base": "color-cyan" }
      },
      "*-hauler": {
        "default": { "base": "default" },
        "frame": { "base": "entities/machines/frame" },
        "metal": { "base": "game:block/metal/ingot/iron" },
        "cloth": { "base": "color-yellow" }
      },
      "*": {
        "default": { "base": "default" },
        "frame": { "base": "entities/machines/frame" },
        "metal": { "base": "game:block/metal/ingot/iron" },
        "cloth": { "base": "color-greylight" }
      }
    },
    "behaviors": [
      {
        "code": "passivephysics",
        "groundDragFactor": 1,
        "airDragFallingFactor": 0.5,
        "gravityFactor": 1.0
      },
      { "code": "interpolateposition" },
      { "code": "floatupwhenstuck" }
    ]
  },
  "server": {
    "behaviors": [
      {
        "code": "passivephysics",
        "groundDragFactor": 1,
        "airDragFallingFactor": 0.5,
        "gravityFactor": 1.0
      },
      { "code": "floatupwhenstuck" }
    ]
  },
  "sounds": {
  }
}