{
	"editor": {
		"backDropShape": "C:/Users/Cal/AppData/Roaming/VintagestoryData/Mods/koboldplayerrdx_1.0.27/assets/koboldrdx/shapes/entity/humanoid/kobold-faceless",
		"collapsedPaths": "Root/ArmorUpperTorso,Root/ArmorUpperLegR/TextwhiteLam9,Root/ArmorUpperLegR/LinLam10,Root/ArmorUpperLegR/LinLam12,Root/ArmorUpperLegL/PeltDecL8,Root/ArmorUpperLegR/UpperlegLamR8,Root/ArmorUpperLegR/UpperlegLamR6,Root/ArmorUpperLegR/UpperlegLamR3,Root/ArmorLowerTorso,Root/ArmorUpperLegL/PeltDecL2,Root/ArmorUpperLegR/linesRightleg1/linesRightleg3,Root/ArmorUpperLegR/UpperlegLamR13,Root/ArmorUpperLegR/PeltDecR8,Root/ArmorUpperLegR/UpperlegLamR18,Root/ArmorUpperLegL/linesLeftLeg1/linesLeftLeg6,Root/ArmorUpperLegR/linesRightleg1/linesRightleg6,Root/ArmorUpperLegR/PeltDecR2,Root/ArmorUpperArmR,Root/ArmorUpperLegR/TextwhiteLam6,Root/ArmorUpperArmL,Root/ArmorUpperLegR/LinLam1,Root/ArmorLowerLegL/ArmorLowerBearLegL",
		"allAngles": true,
		"entityTextureMode": true
	},
	"textureWidth": 64,
	"textureHeight": 64,
	"textureSizes": {
	},
	"textures": {
			"dynastylegs": "armor/entity/dynasties_ming_steel",
			"line": "block/lines/linered"
	},
	"elements": [
		{
			"name": "ArmorUpperLegR",
			"stepParentName": "UpperFootR",
			"from": [ 2.11, -0.5, -0.1 ],
			"to": [ 2.11, -0.5, -0.1 ],
			"uv": [ 44.0, 44.5 ],
			"rotationOrigin": [ 2.1, -0.5, -0.1 ],
			"rotationZ": 25.0,
			"faces": {
				"north": { "texture": "#dynastylegs", "uv": [ 44.0, 45.0, 44.5, 45.5 ] },
				"east": { "texture": "#dynastylegs", "uv": [ 44.5, 45.0, 45.0, 45.5 ] },
				"south": { "texture": "#dynastylegs", "uv": [ 45.0, 45.0, 45.5, 45.5 ] },
				"west": { "texture": "#dynastylegs", "uv": [ 45.5, 45.0, 46.0, 45.5 ] },
				"up": { "texture": "#dynastylegs", "uv": [ 44.0, 44.5, 44.5, 45.0 ] },
				"down": { "texture": "#dynastylegs", "uv": [ 44.5, 44.5, 45.0, 45.0 ] }
			},
			"children": [
				{
					"name": "UpperlegLamR1",
					"from": [ -2.67, 1.8, 1.7 ],
					"to": [ -1.77, 7.31, 3.7 ],
					"autoUnwrap": false,
					"uv": [ 32.0, 53.0 ],
					"rotationOrigin": [ -2.6661, 1.8567, 1.6981 ],
					"rotationX": -2.9885,
					"rotationY": -0.2647,
					"rotationZ": -2.0103,
					"faces": {
						"north": { "texture": "#dynastylegs", "uv": [ 32.0, 55.0, 32.5, 60.5 ] },
						"east": { "texture": "#dynastylegs", "uv": [ 32.5, 55.0, 34.5, 60.5 ] },
						"south": { "texture": "#dynastylegs", "uv": [ 37.5, 55.0, 38.0, 60.5 ] },
						"west": { "texture": "#dynastylegs", "uv": [ 35.0, 55.0, 37.0, 60.5 ] },
						"up": { "texture": "#dynastylegs", "uv": [ 32.0, 53.0, 32.5, 55.0 ] },
						"down": { "texture": "#dynastylegs", "uv": [ 32.5, 53.0, 33.0, 55.0 ] }
					},
					"children": [
						{
							"name": "UpperlegLamR2",
							"from": [ -0.2, 0.0, -2.9 ],
							"to": [ 0.9, 5.5, -0.3 ],
							"uv": [ 19.0, 52.5 ],
							"rotationOrigin": [ -0.2, -0.3, -0.1 ],
							"rotationX": 7.0,
							"rotationY": -37.0,
							"faces": {
								"north": { "texture": "#dynastylegs", "uv": [ 19.0, 55.0, 20.0, 60.5 ] },
								"east": { "texture": "#dynastylegs", "uv": [ 20.0, 55.0, 22.5, 60.5 ] },
								"south": { "texture": "#dynastylegs", "uv": [ 22.5, 55.0, 23.5, 60.5 ] },
								"west": { "texture": "#dynastylegs", "uv": [ 23.5, 55.0, 26.0, 60.5 ] },
								"up": { "texture": "#dynastylegs", "uv": [ 19.0, 52.5, 20.0, 55.0 ] },
								"down": { "texture": "#dynastylegs", "uv": [ 20.0, 52.5, 21.0, 55.0 ] }
							}
						},
						{
							"name": "Xand1",
							"from": [ 0.0, 5.0, 0.0 ],
							"to": [ 1.0, 9.3, 0.6 ],
							"uv": [ 33.5, 36.5 ],
							"rotationOrigin": [ 0.0, 5.0, 0.0 ],
							"rotationZ": -40.0,
							"faces": {
								"north": { "texture": "#dynastylegs", "uv": [ 33.5, 37.0, 34.5, 41.0 ] },
								"east": { "texture": "#dynastylegs", "uv": [ 34.5, 37.0, 35.0, 41.0 ] },
								"south": { "texture": "#dynastylegs", "uv": [ 35.0, 37.0, 36.0, 41.0 ] },
								"west": { "texture": "#dynastylegs", "uv": [ 36.0, 37.0, 36.5, 41.0 ] },
								"up": { "texture": "#dynastylegs", "uv": [ 33.5, 36.5, 34.5, 37.0 ] },
								"down": { "texture": "#dynastylegs", "uv": [ 34.5, 36.5, 35.5, 37.0 ] }
							}
						}
					]
				},
				{
					"name": "UpperlegLamR3",
					"from": [ 3.12, 2.09, -2.0 ],
					"to": [ 4.22, 7.59, -0.4 ],
					"uv": [ 26.0, 53.2 ],
					"rotationOrigin": [ 3.1, 2.1, -2.0 ],
					"rotationX": -91.161,
					"rotationY": -89.9802,
					"rotationZ": -101.1035,
					"faces": {
						"north": { "texture": "#dynastylegs", "uv": [ 26.0, 55.0, 27.0, 60.5 ] },
						"east": { "texture": "#dynastylegs", "uv": [ 27.0, 55.0, 28.5, 60.5 ] },
						"south": { "texture": "#dynastylegs", "uv": [ 28.5, 55.0, 29.5, 60.5 ] },
						"west": { "texture": "#dynastylegs", "uv": [ 29.5, 55.0, 31.0, 60.5 ] },
						"up": { "texture": "#dynastylegs", "uv": [ 26.0, 53.0, 27.0, 54.5 ] },
						"down": { "texture": "#dynastylegs", "uv": [ 27.0, 53.0, 28.0, 54.5 ] }
					},
					"children": [
						{
							"name": "UpperlegLamR4",
							"from": [ 0.0, 0.01, 1.6 ],
							"to": [ 1.1, 5.51, 4.4 ],
							"uv": [ 22.5, 52.5 ],
							"rotationOrigin": [ 0.0, 0.0, 1.6 ],
							"rotationY": 20.0,
							"faces": {
								"north": { "texture": "#dynastylegs", "uv": [ 22.5, 55.0, 23.5, 60.5 ] },
								"east": { "texture": "#dynastylegs", "uv": [ 23.5, 55.0, 26.0, 60.5 ] },
								"south": { "texture": "#dynastylegs", "uv": [ 26.0, 55.0, 27.0, 60.5 ] },
								"west": { "texture": "#dynastylegs", "uv": [ 27.0, 55.0, 29.5, 60.5 ] },
								"up": { "texture": "#dynastylegs", "uv": [ 22.5, 52.5, 23.5, 55.0 ] },
								"down": { "texture": "#dynastylegs", "uv": [ 23.5, 52.5, 24.5, 55.0 ] }
							}
						},
						{
							"name": "UpperlegLamR5",
							"from": [ 0.0, 0.01, -2.1 ],
							"to": [ 1.1, 5.51, 0.0 ],
							"uv": [ 27.0, 53.0 ],
							"rotationOrigin": [ 0.0, 0.0, 0.0 ],
							"rotationY": -20.0,
							"faces": {
								"north": { "texture": "#dynastylegs", "uv": [ 27.0, 55.0, 28.0, 60.5 ] },
								"east": { "texture": "#dynastylegs", "uv": [ 28.0, 55.0, 30.0, 60.5 ] },
								"south": { "texture": "#dynastylegs", "uv": [ 30.0, 55.0, 31.0, 60.5 ] },
								"west": { "texture": "#dynastylegs", "uv": [ 31.0, 55.0, 33.0, 60.5 ] },
								"up": { "texture": "#dynastylegs", "uv": [ 27.0, 53.0, 28.0, 55.0 ] },
								"down": { "texture": "#dynastylegs", "uv": [ 28.0, 53.0, 29.0, 55.0 ] }
							}
						}
					]
				},
				{
					"name": "UpperlegLamR6",
					"from": [ 6.2, 1.7, 3.4 ],
					"to": [ 7.3, 7.2, 5.4 ],
					"uv": [ 14.7, 53.0 ],
					"rotationOrigin": [ 6.2, 1.7, 3.4 ],
					"rotationY": 180.0,
					"faces": {
						"north": { "texture": "#dynastylegs", "uv": [ 14.5, 55.0, 15.5, 60.5 ] },
						"east": { "texture": "#dynastylegs", "uv": [ 16.0, 55.0, 18.0, 60.5 ] },
						"south": { "texture": "#dynastylegs", "uv": [ 18.0, 55.0, 19.0, 60.5 ] },
						"west": { "texture": "#dynastylegs", "uv": [ 19.0, 55.0, 21.0, 60.5 ] },
						"up": { "texture": "#dynastylegs", "uv": [ 14.5, 53.0, 15.5, 55.0 ] },
						"down": { "texture": "#dynastylegs", "uv": [ 16.0, 53.0, 17.0, 55.0 ] }
					},
					"children": [
						{
							"name": "UpperlegLamR7",
							"from": [ 0.0, 0.01, 1.9 ],
							"to": [ 1.1, 5.51, 4.7 ],
							"uv": [ 21.5, 52.5 ],
							"rotationOrigin": [ 0.0, 0.0, 1.9 ],
							"rotationX": -4.0,
							"rotationY": 20.0,
							"faces": {
								"north": { "texture": "#dynastylegs", "uv": [ 21.5, 55.0, 22.5, 60.5 ] },
								"east": { "texture": "#dynastylegs", "uv": [ 22.5, 55.0, 25.0, 60.5 ] },
								"south": { "texture": "#dynastylegs", "uv": [ 25.0, 55.0, 26.0, 60.5 ] },
								"west": { "texture": "#dynastylegs", "uv": [ 26.0, 55.0, 28.5, 60.5 ] },
								"up": { "texture": "#dynastylegs", "uv": [ 21.5, 52.5, 22.5, 55.0 ] },
								"down": { "texture": "#dynastylegs", "uv": [ 22.5, 52.5, 23.5, 55.0 ] }
							}
						},
						{
							"name": "Xand4",
							"from": [ 0.1, 5.3, 1.0 ],
							"to": [ 1.1, 8.6, 1.6 ],
							"uv": [ 35.0, 36.5 ],
							"rotationOrigin": [ 0.1, 5.3, 1.0 ],
							"rotationZ": -30.0,
							"faces": {
								"north": { "texture": "#dynastylegs", "uv": [ 35.0, 37.0, 36.0, 40.0 ] },
								"east": { "texture": "#dynastylegs", "uv": [ 36.0, 37.0, 36.5, 40.0 ] },
								"south": { "texture": "#dynastylegs", "uv": [ 36.5, 37.0, 37.5, 40.0 ] },
								"west": { "texture": "#dynastylegs", "uv": [ 37.5, 37.0, 38.0, 40.0 ] },
								"up": { "texture": "#dynastylegs", "uv": [ 35.0, 36.5, 36.0, 37.0 ] },
								"down": { "texture": "#dynastylegs", "uv": [ 36.0, 36.5, 37.0, 37.0 ] }
							}
						}
					]
				},
				{
					"name": "UpperlegLamR8",
					"from": [ -2.47, -1.2, 1.7 ],
					"to": [ -1.57, 2.31, 3.8 ],
					"autoUnwrap": false,
					"uv": [ 32.0, 54.7 ],
					"rotationOrigin": [ -2.4661, -1.1433, 1.6981 ],
					"rotationX": -2.99,
					"rotationY": -0.26,
					"rotationZ": -9.01,
					"faces": {
						"north": { "texture": "#dynastylegs", "uv": [ 32.0, 57.0, 32.5, 60.5 ] },
						"east": { "texture": "#dynastylegs", "uv": [ 32.5, 57.0, 34.5, 60.5 ] },
						"south": { "texture": "#dynastylegs", "uv": [ 34.5, 57.0, 35.0, 60.5 ] },
						"west": { "texture": "#dynastylegs", "uv": [ 35.0, 57.0, 37.0, 60.5 ] },
						"up": { "texture": "#dynastylegs", "uv": [ 32.0, 54.5, 32.5, 56.5 ] },
						"down": { "texture": "#dynastylegs", "uv": [ 32.5, 50.5, 33.0, 52.5 ] }
					},
					"children": [
						{
							"name": "UpperlegLamR9",
							"from": [ -0.1, 0.0, -3.2 ],
							"to": [ 1.0, 3.5, -0.3 ],
							"autoUnwrap": false,
							"uv": [ 19.5, 54.5 ],
							"rotationOrigin": [ -0.1, -0.3, -0.1 ],
							"rotationX": 5.0,
							"rotationY": -37.0,
							"faces": {
								"north": { "texture": "#dynastylegs", "uv": [ 19.5, 57.0, 20.5, 60.5 ] },
								"east": { "texture": "#dynastylegs", "uv": [ 20.5, 57.0, 23.0, 60.5 ] },
								"south": { "texture": "#dynastylegs", "uv": [ 23.0, 57.0, 24.0, 60.5 ] },
								"west": { "texture": "#dynastylegs", "uv": [ 24.0, 57.0, 26.5, 60.5 ] },
								"up": { "texture": "#dynastylegs", "uv": [ 19.5, 54.5, 20.5, 57.0 ] },
								"down": { "texture": "#dynastylegs", "uv": [ 31.0, 50.5, 32.0, 53.0 ] }
							}
						}
					]
				},
				{
					"name": "UpperlegLamR10",
					"from": [ 3.12, -1.11, -2.0 ],
					"to": [ 4.22, 2.39, -0.4 ],
					"autoUnwrap": false,
					"uv": [ 20.5, 55.5 ],
					"rotationOrigin": [ 3.1, -1.1, -2.0 ],
					"rotationX": -91.161,
					"rotationY": -89.9802,
					"rotationZ": -101.1035,
					"faces": {
						"north": { "texture": "#dynastylegs", "uv": [ 20.5, 57.0, 21.5, 60.5 ] },
						"east": { "texture": "#dynastylegs", "uv": [ 21.5, 57.0, 23.0, 60.5 ] },
						"south": { "texture": "#dynastylegs", "uv": [ 23.0, 57.0, 24.0, 60.5 ] },
						"west": { "texture": "#dynastylegs", "uv": [ 24.0, 57.0, 25.5, 60.5 ] },
						"up": { "texture": "#dynastylegs", "uv": [ 20.5, 55.5, 21.5, 57.0 ] },
						"down": { "texture": "#dynastylegs", "uv": [ 21.5, 51.5, 22.5, 53.0 ] }
					},
					"children": [
						{
							"name": "UpperlegLamR11",
							"from": [ 0.0, 0.01, 1.6 ],
							"to": [ 1.1, 3.51, 4.4 ],
							"autoUnwrap": false,
							"uv": [ 21.5, 54.5 ],
							"rotationOrigin": [ 0.0, 0.0, 1.6 ],
							"rotationY": 20.0,
							"faces": {
								"north": { "texture": "#dynastylegs", "uv": [ 21.5, 57.0, 22.5, 60.5 ] },
								"east": { "texture": "#dynastylegs", "uv": [ 22.5, 57.0, 25.0, 60.5 ] },
								"south": { "texture": "#dynastylegs", "uv": [ 25.0, 57.0, 26.0, 60.5 ] },
								"west": { "texture": "#dynastylegs", "uv": [ 26.0, 57.0, 28.5, 60.5 ] },
								"up": { "texture": "#dynastylegs", "uv": [ 21.5, 54.5, 22.5, 57.0 ] },
								"down": { "texture": "#dynastylegs", "uv": [ 31.5, 50.0, 32.5, 52.5 ] }
							}
						},
						{
							"name": "UpperlegLamR12",
							"from": [ 0.0, 0.01, -2.1 ],
							"to": [ 1.1, 3.51, 0.0 ],
							"autoUnwrap": false,
							"uv": [ 29.0, 55.0 ],
							"rotationOrigin": [ 0.0, 0.0, 0.0 ],
							"rotationY": -20.0,
							"faces": {
								"north": { "texture": "#dynastylegs", "uv": [ 29.0, 57.0, 30.0, 60.5 ] },
								"east": { "texture": "#dynastylegs", "uv": [ 30.0, 57.0, 32.0, 60.5 ] },
								"south": { "texture": "#dynastylegs", "uv": [ 32.0, 57.0, 33.0, 60.5 ] },
								"west": { "texture": "#dynastylegs", "uv": [ 33.0, 57.0, 35.0, 60.5 ] },
								"up": { "texture": "#dynastylegs", "uv": [ 29.0, 55.0, 30.0, 57.0 ] },
								"down": { "texture": "#dynastylegs", "uv": [ 30.0, 51.0, 31.0, 53.0 ] }
							}
						}
					]
				},
				{
					"name": "UpperlegLamR13",
					"from": [ 6.3, -1.6, 3.5 ],
					"to": [ 7.4, 1.9, 5.5 ],
					"uv": [ 14.5, 55.0 ],
					"rotationOrigin": [ 6.3, -1.6, 3.5 ],
					"rotationY": 180.0,
					"rotationZ": -6.0,
					"faces": {
						"north": { "texture": "#dynastylegs", "uv": [ 14.5, 57.0, 15.5, 60.5 ] },
						"east": { "texture": "#dynastylegs", "uv": [ 15.5, 57.0, 17.5, 60.5 ] },
						"south": { "texture": "#dynastylegs", "uv": [ 17.5, 57.0, 18.5, 60.5 ] },
						"west": { "texture": "#dynastylegs", "uv": [ 18.5, 57.0, 20.5, 60.5 ] },
						"up": { "texture": "#dynastylegs", "uv": [ 14.5, 55.0, 15.5, 57.0 ] },
						"down": { "texture": "#dynastylegs", "uv": [ 15.5, 55.0, 16.5, 57.0 ] }
					},
					"children": [
						{
							"name": "UpperlegLamR14",
							"from": [ 0.0, 0.01, 2.1 ],
							"to": [ 1.1, 3.51, 4.9 ],
							"autoUnwrap": false,
							"uv": [ 21.5, 54.5 ],
							"rotationOrigin": [ 0.0, 0.0, 2.1 ],
							"rotationX": -10.0,
							"rotationY": 20.0,
							"faces": {
								"north": { "texture": "#dynastylegs", "uv": [ 21.5, 57.0, 22.5, 60.5 ] },
								"east": { "texture": "#dynastylegs", "uv": [ 22.5, 57.0, 25.0, 60.5 ] },
								"south": { "texture": "#dynastylegs", "uv": [ 25.0, 57.0, 26.0, 60.5 ] },
								"west": { "texture": "#dynastylegs", "uv": [ 26.0, 57.0, 28.5, 60.5 ] },
								"up": { "texture": "#dynastylegs", "uv": [ 21.5, 54.5, 22.5, 57.0 ] },
								"down": { "texture": "#dynastylegs", "uv": [ 22.5, 51.5, 23.5, 54.0 ] }
							}
						}
					]
				},
				{
					"name": "UpperlegLamR15",
					"from": [ 3.12, -4.11, -2.0 ],
					"to": [ 4.22, -0.61, -0.4 ],
					"uv": [ 20.5, 56.0 ],
					"rotationOrigin": [ 3.1, -4.1, -2.0 ],
					"rotationX": -91.161,
					"rotationY": -89.9802,
					"rotationZ": -101.1035,
					"faces": {
						"north": { "texture": "#dynastylegs", "uv": [ 20.5, 57.5, 21.5, 61.0 ] },
						"east": { "texture": "#dynastylegs", "uv": [ 21.5, 57.5, 23.0, 61.0 ] },
						"south": { "texture": "#dynastylegs", "uv": [ 23.0, 57.5, 24.0, 61.0 ] },
						"west": { "texture": "#dynastylegs", "uv": [ 24.0, 57.5, 25.5, 61.0 ] },
						"up": { "texture": "#dynastylegs", "uv": [ 20.5, 56.0, 21.5, 57.5 ] },
						"down": { "texture": "#dynastylegs", "uv": [ 21.5, 56.0, 22.5, 57.5 ] }
					},
					"children": [
						{
							"name": "UpperlegLamR16",
							"from": [ 0.0, 0.01, 1.6 ],
							"to": [ 1.1, 3.51, 4.4 ],
							"uv": [ 23.5, 54.9 ],
							"rotationOrigin": [ 0.0, 0.0, 1.6 ],
							"rotationY": 20.0,
							"faces": {
								"north": { "texture": "#dynastylegs", "uv": [ 23.5, 57.5, 24.5, 61.0 ] },
								"east": { "texture": "#dynastylegs", "uv": [ 24.5, 57.5, 27.0, 61.0 ] },
								"south": { "texture": "#dynastylegs", "uv": [ 27.0, 57.5, 28.0, 61.0 ] },
								"west": { "texture": "#dynastylegs", "uv": [ 28.0, 57.5, 30.5, 61.0 ] },
								"up": { "texture": "#dynastylegs", "uv": [ 23.5, 55.0, 24.5, 57.5 ] },
								"down": { "texture": "#dynastylegs", "uv": [ 24.5, 55.0, 25.5, 57.5 ] }
							}
						},
						{
							"name": "UpperlegLamR17",
							"from": [ -0.1, 0.01, -2.2 ],
							"to": [ 1.0, 3.51, -0.1 ],
							"uv": [ 26.0, 55.5 ],
							"rotationOrigin": [ -0.1, 0.0, -0.1 ],
							"rotationY": -20.0,
							"faces": {
								"north": { "texture": "#dynastylegs", "uv": [ 26.0, 57.5, 27.0, 61.0 ] },
								"east": { "texture": "#dynastylegs", "uv": [ 27.0, 57.5, 29.0, 61.0 ] },
								"south": { "texture": "#dynastylegs", "uv": [ 29.0, 57.5, 30.0, 61.0 ] },
								"west": { "texture": "#dynastylegs", "uv": [ 30.0, 57.5, 32.0, 61.0 ] },
								"up": { "texture": "#dynastylegs", "uv": [ 26.0, 55.5, 27.0, 57.5 ] },
								"down": { "texture": "#dynastylegs", "uv": [ 27.0, 55.5, 28.0, 57.5 ] }
							}
						}
					]
				},
				{
					"name": "UpperlegLamR18",
					"from": [ -2.47, -4.2, 1.7 ],
					"to": [ -1.57, -0.69, 3.9 ],
					"uv": [ 32.0, 55.5 ],
					"rotationOrigin": [ -2.4661, -4.1433, 1.6981 ],
					"rotationX": -2.99,
					"rotationY": -0.26,
					"rotationZ": -9.01,
					"faces": {
						"north": { "texture": "#dynastylegs", "uv": [ 32.0, 57.5, 32.5, 61.0 ] },
						"east": { "texture": "#dynastylegs", "uv": [ 32.5, 57.5, 34.5, 61.0 ] },
						"south": { "texture": "#dynastylegs", "uv": [ 34.5, 57.5, 35.0, 61.0 ] },
						"west": { "texture": "#dynastylegs", "uv": [ 35.0, 57.5, 37.0, 61.0 ] },
						"up": { "texture": "#dynastylegs", "uv": [ 32.0, 55.5, 32.5, 57.5 ] },
						"down": { "texture": "#dynastylegs", "uv": [ 32.5, 55.5, 33.0, 57.5 ] }
					},
					"children": [
						{
							"name": "UpperlegLamR19",
							"from": [ -0.2, 0.0, -3.1 ],
							"to": [ 0.9, 3.5, -0.2 ],
							"uv": [ 19.5, 55.0 ],
							"rotationOrigin": [ -0.2, -0.3, 0.0 ],
							"rotationX": 3.0,
							"rotationY": -37.0,
							"faces": {
								"north": { "texture": "#dynastylegs", "uv": [ 19.5, 57.5, 20.5, 61.0 ] },
								"east": { "texture": "#dynastylegs", "uv": [ 20.5, 57.5, 23.0, 61.0 ] },
								"south": { "texture": "#dynastylegs", "uv": [ 23.0, 57.5, 24.0, 61.0 ] },
								"west": { "texture": "#dynastylegs", "uv": [ 24.0, 57.5, 26.5, 61.0 ] },
								"up": { "texture": "#dynastylegs", "uv": [ 19.5, 55.0, 20.5, 57.5 ] },
								"down": { "texture": "#dynastylegs", "uv": [ 20.5, 55.0, 21.5, 57.5 ] }
							}
						}
					]
				},
				{
					"name": "LinLam1",
					"from": [ -2.37, 0.9, 1.7 ],
					"to": [ -1.77, 1.9, 3.7 ],
					"uv": [ 8.0, 48.5 ],
					"rotationOrigin": [ -2.3661, 0.9567, 1.6981 ],
					"rotationX": -2.9885,
					"rotationY": -0.2647,
					"rotationZ": -2.0103,
					"faces": {
						"north": { "texture": "#line", "uv": [ 8.0, 50.5, 8.5, 51.5 ] },
						"east": { "texture": "#line", "uv": [ 8.5, 50.5, 10.5, 51.5 ] },
						"south": { "texture": "#line", "uv": [ 10.5, 50.5, 11.0, 51.5 ] },
						"west": { "texture": "#line", "uv": [ 11.0, 50.5, 13.0, 51.5 ] },
						"up": { "texture": "#line", "uv": [ 8.0, 48.5, 8.5, 50.5 ] },
						"down": { "texture": "#line", "uv": [ 8.5, 48.5, 9.0, 50.5 ] }
					},
					"children": [
						{
							"name": "LinLam2",
							"from": [ -0.2, 0.0, -2.9 ],
							"to": [ 0.3, 1.0, -0.2 ],
							"uv": [ 7.0, 47.5 ],
							"rotationOrigin": [ -0.2, 0.0, -0.1 ],
							"rotationX": 7.0,
							"rotationY": -37.0,
							"faces": {
								"north": { "texture": "#line", "uv": [ 7.0, 50.0, 7.5, 51.0 ] },
								"east": { "texture": "#line", "uv": [ 7.5, 50.0, 10.0, 51.0 ] },
								"south": { "texture": "#line", "uv": [ 10.0, 50.0, 10.5, 51.0 ] },
								"west": { "texture": "#line", "uv": [ 10.5, 50.0, 13.0, 51.0 ] },
								"up": { "texture": "#line", "uv": [ 7.0, 47.5, 7.5, 50.0 ] },
								"down": { "texture": "#line", "uv": [ 7.5, 47.5, 8.0, 50.0 ] }
							}
						}
					]
				},
				{
					"name": "LinLam10",
					"from": [ 6.2, 1.0, 3.4 ],
					"to": [ 6.7, 2.0, 5.4 ],
					"uv": [ 10.5, 47.0 ],
					"rotationOrigin": [ 6.2, 1.0, 3.4 ],
					"rotationY": 180.0,
					"rotationZ": -5.0,
					"faces": {
						"north": { "texture": "#line", "uv": [ 10.5, 49.0, 11.0, 50.0 ] },
						"east": { "texture": "#line", "uv": [ 11.0, 49.0, 13.0, 50.0 ] },
						"south": { "texture": "#line", "uv": [ 13.0, 49.0, 13.5, 50.0 ] },
						"west": { "texture": "#line", "uv": [ 13.5, 49.0, 15.5, 50.0 ] },
						"up": { "texture": "#line", "uv": [ 10.5, 47.0, 11.0, 49.0 ] },
						"down": { "texture": "#line", "uv": [ 11.0, 47.0, 11.5, 49.0 ] }
					},
					"children": [
						{
							"name": "LinLam11",
							"from": [ 0.0, 0.01, 1.9 ],
							"to": [ 0.5, 1.01, 4.7 ],
							"uv": [ 6.5, 48.0 ],
							"rotationOrigin": [ 0.0, 0.0, 1.9 ],
							"rotationX": -7.0,
							"rotationY": 20.0,
							"faces": {
								"north": { "texture": "#line", "uv": [ 6.5, 50.5, 7.0, 51.5 ] },
								"east": { "texture": "#line", "uv": [ 7.0, 50.5, 9.5, 51.5 ] },
								"south": { "texture": "#line", "uv": [ 9.5, 50.5, 10.0, 51.5 ] },
								"west": { "texture": "#line", "uv": [ 10.0, 50.5, 12.5, 51.5 ] },
								"up": { "texture": "#line", "uv": [ 6.5, 48.0, 7.0, 50.5 ] },
								"down": { "texture": "#line", "uv": [ 7.0, 48.0, 7.5, 50.5 ] }
							}
						}
					]
				},
				{
					"name": "LinLam12",
					"from": [ 3.02, 1.39, -2.0 ],
					"to": [ 3.52, 2.39, -0.4 ],
					"uv": [ 1.0, 49.5 ],
					"rotationOrigin": [ 3.0, 1.4, -2.0 ],
					"rotationX": -91.161,
					"rotationY": -89.9802,
					"rotationZ": -101.1035,
					"faces": {
						"north": { "texture": "#line", "uv": [ 1.0, 51.0, 1.5, 52.0 ] },
						"east": { "texture": "#line", "uv": [ 1.5, 51.0, 3.0, 52.0 ] },
						"south": { "texture": "#line", "uv": [ 3.0, 51.0, 3.5, 52.0 ] },
						"west": { "texture": "#line", "uv": [ 3.5, 51.0, 5.0, 52.0 ] },
						"up": { "texture": "#line", "uv": [ 1.0, 49.5, 1.5, 51.0 ] },
						"down": { "texture": "#line", "uv": [ 1.5, 49.5, 2.0, 51.0 ] }
					},
					"children": [
						{
							"name": "LinLam13",
							"from": [ 0.0, 0.01, 1.6 ],
							"to": [ 0.5, 1.01, 4.6 ],
							"uv": [ 6.5, 49.5 ],
							"rotationOrigin": [ 0.0, 0.0, 1.6 ],
							"rotationX": 2.0,
							"rotationY": 27.0,
							"faces": {
								"north": { "texture": "#line", "uv": [ 6.5, 52.5, 7.0, 53.5 ] },
								"east": { "texture": "#line", "uv": [ 7.0, 52.5, 10.0, 53.5 ] },
								"south": { "texture": "#line", "uv": [ 10.0, 52.5, 10.5, 53.5 ] },
								"west": { "texture": "#line", "uv": [ 10.5, 52.5, 13.5, 53.5 ] },
								"up": { "texture": "#line", "uv": [ 6.5, 49.5, 7.0, 52.5 ] },
								"down": { "texture": "#line", "uv": [ 7.0, 49.5, 7.5, 52.5 ] }
							}
						},
						{
							"name": "LinLam14",
							"from": [ 0.0, 0.01, -2.1 ],
							"to": [ 0.5, 1.01, 0.0 ],
							"uv": [ 7.0, 48.0 ],
							"rotationOrigin": [ 0.0, 0.0, 0.0 ],
							"rotationY": -20.0,
							"faces": {
								"north": { "texture": "#line", "uv": [ 7.0, 50.0, 7.5, 51.0 ] },
								"east": { "texture": "#line", "uv": [ 7.5, 50.0, 9.5, 51.0 ] },
								"south": { "texture": "#line", "uv": [ 9.5, 50.0, 10.0, 51.0 ] },
								"west": { "texture": "#line", "uv": [ 10.0, 50.0, 12.0, 51.0 ] },
								"up": { "texture": "#line", "uv": [ 7.0, 48.0, 7.5, 50.0 ] },
								"down": { "texture": "#line", "uv": [ 7.5, 48.0, 8.0, 50.0 ] }
							}
						}
					]
				}
			]
		},
		{
			"name": "ArmorUpperLegL",
			"stepParentName": "UpperFootL",
			"from": [ 2.21, -0.5, -0.5 ],
			"to": [ 2.21, -0.5, -0.5 ],
			"uv": [ 44.0, 44.5 ],
			"rotationOrigin": [ 2.2, -0.5, -0.5 ],
			"rotationZ": 25.0,
			"faces": {
				"north": { "texture": "#dynastylegs", "uv": [ 44.0, 45.0, 44.5, 45.5 ] },
				"east": { "texture": "#dynastylegs", "uv": [ 44.5, 45.0, 45.0, 45.5 ] },
				"south": { "texture": "#dynastylegs", "uv": [ 45.0, 45.0, 45.5, 45.5 ] },
				"west": { "texture": "#dynastylegs", "uv": [ 45.5, 45.0, 46.0, 45.5 ] },
				"up": { "texture": "#dynastylegs", "uv": [ 44.0, 44.5, 44.5, 45.0 ] },
				"down": { "texture": "#dynastylegs", "uv": [ 44.5, 44.5, 45.0, 45.0 ] }
			},
			"children": [
				{
					"name": "UpperlegLamL1",
					"from": [ -2.48, 1.85, 0.6 ],
					"to": [ -1.58, 7.36, 2.6 ],
					"uv": [ 16.0, 53.0 ],
					"rotationOrigin": [ -2.4794, 1.9082, 0.6008 ],
					"rotationX": 2.0,
					"faces": {
						"north": { "texture": "#dynastylegs", "uv": [ 16.0, 55.0, 16.5, 60.5 ] },
						"east": { "texture": "#dynastylegs", "uv": [ 16.5, 55.0, 18.5, 60.5 ] },
						"south": { "texture": "#dynastylegs", "uv": [ 18.5, 55.0, 19.0, 60.5 ] },
						"west": { "texture": "#dynastylegs", "uv": [ 19.0, 55.0, 21.0, 60.5 ] },
						"up": { "texture": "#dynastylegs", "uv": [ 16.0, 53.0, 16.5, 55.0 ] },
						"down": { "texture": "#dynastylegs", "uv": [ 16.5, 53.0, 17.0, 55.0 ] }
					},
					"children": [
						{
							"name": "UpperlegLamL2",
							"from": [ -0.1, 0.0, 2.3 ],
							"to": [ 1.0, 5.5, 4.9 ],
							"autoUnwrap": false,
							"uv": [ 19.5, 52.5 ],
							"rotationOrigin": [ -0.1, -0.3, 2.3 ],
							"rotationX": -7.0,
							"rotationY": 37.0,
							"faces": {
								"north": { "texture": "#dynastylegs", "uv": [ 20.5, 55.0, 21.5, 60.5 ] },
								"east": { "texture": "#dynastylegs", "uv": [ 20.5, 55.0, 23.0, 60.5 ] },
								"south": { "texture": "#dynastylegs", "uv": [ 23.0, 55.0, 24.0, 60.5 ] },
								"west": { "texture": "#dynastylegs", "uv": [ 24.0, 55.0, 26.5, 60.5 ] },
								"up": { "texture": "#dynastylegs", "uv": [ 19.5, 52.5, 20.5, 55.0 ] },
								"down": { "texture": "#dynastylegs", "uv": [ 20.5, 52.5, 21.5, 55.0 ] }
							}
						},
						{
							"name": "Xand2",
							"from": [ 0.0, 5.0, 1.2 ],
							"to": [ 1.0, 9.3, 1.8 ],
							"uv": [ 32.5, 36.0 ],
							"rotationOrigin": [ 0.0, 5.0, 1.2 ],
							"rotationZ": -40.0,
							"faces": {
								"north": { "texture": "#dynastylegs", "uv": [ 32.5, 36.5, 33.5, 40.5 ] },
								"east": { "texture": "#dynastylegs", "uv": [ 33.5, 36.5, 34.0, 40.5 ] },
								"south": { "texture": "#dynastylegs", "uv": [ 34.0, 36.5, 35.0, 40.5 ] },
								"west": { "texture": "#dynastylegs", "uv": [ 35.0, 36.5, 35.5, 40.5 ] },
								"up": { "texture": "#dynastylegs", "uv": [ 32.5, 36.0, 33.5, 36.5 ] },
								"down": { "texture": "#dynastylegs", "uv": [ 33.5, 36.0, 34.5, 36.5 ] }
							}
						}
					]
				},
				{
					"name": "UpperlegLamL3",
					"from": [ 1.1, 2.0, 5.7 ],
					"to": [ 2.2, 7.5, 7.3 ],
					"uv": [ 20.5, 53.5 ],
					"rotationOrigin": [ 1.0493, 2.0791, 5.7083 ],
					"rotationY": 90.0,
					"rotationZ": -7.0,
					"faces": {
						"north": { "texture": "#dynastylegs", "uv": [ 20.5, 55.0, 21.5, 60.5 ] },
						"east": { "texture": "#dynastylegs", "uv": [ 21.5, 55.0, 23.0, 60.5 ] },
						"south": { "texture": "#dynastylegs", "uv": [ 23.0, 55.0, 24.0, 60.5 ] },
						"west": { "texture": "#dynastylegs", "uv": [ 24.0, 55.0, 25.5, 60.5 ] },
						"up": { "texture": "#dynastylegs", "uv": [ 20.5, 53.5, 21.5, 55.0 ] },
						"down": { "texture": "#dynastylegs", "uv": [ 21.5, 53.5, 22.5, 55.0 ] }
					},
					"children": [
						{
							"name": "UpperlegLamL4",
							"from": [ 0.0, 0.01, 1.6 ],
							"to": [ 1.1, 5.51, 4.4 ],
							"uv": [ 21.5, 52.5 ],
							"rotationOrigin": [ 0.0, 0.0, 1.6 ],
							"rotationX": -5.0,
							"rotationY": 20.0,
							"faces": {
								"north": { "texture": "#dynastylegs", "uv": [ 21.5, 55.0, 22.5, 60.5 ] },
								"east": { "texture": "#dynastylegs", "uv": [ 22.5, 55.0, 25.0, 60.5 ] },
								"south": { "texture": "#dynastylegs", "uv": [ 25.0, 55.0, 26.0, 60.5 ] },
								"west": { "texture": "#dynastylegs", "uv": [ 26.0, 55.0, 28.5, 60.5 ] },
								"up": { "texture": "#dynastylegs", "uv": [ 21.5, 52.5, 22.5, 55.0 ] },
								"down": { "texture": "#dynastylegs", "uv": [ 22.5, 52.5, 23.5, 55.0 ] }
							}
						},
						{
							"name": "UpperlegLamL5",
							"from": [ 0.0, 0.01, -2.1 ],
							"to": [ 1.1, 5.51, 0.0 ],
							"uv": [ 27.0, 53.0 ],
							"rotationOrigin": [ 0.0, 0.0, 0.0 ],
							"rotationY": -20.0,
							"faces": {
								"north": { "texture": "#dynastylegs", "uv": [ 27.0, 55.0, 28.0, 60.5 ] },
								"east": { "texture": "#dynastylegs", "uv": [ 28.0, 55.0, 30.0, 60.5 ] },
								"south": { "texture": "#dynastylegs", "uv": [ 30.0, 55.0, 31.0, 60.5 ] },
								"west": { "texture": "#dynastylegs", "uv": [ 31.0, 55.0, 33.0, 60.5 ] },
								"up": { "texture": "#dynastylegs", "uv": [ 27.0, 53.0, 28.0, 55.0 ] },
								"down": { "texture": "#dynastylegs", "uv": [ 28.0, 53.0, 29.0, 55.0 ] }
							}
						}
					]
				},
				{
					"name": "UpperlegLamL6",
					"from": [ 5.2, 1.8, 0.1 ],
					"to": [ 6.3, 7.3, 2.1 ],
					"autoUnwrap": false,
					"uv": [ 32.7, 53.0 ],
					"rotationOrigin": [ 6.2, 1.8, 0.1 ],
					"faces": {
						"north": { "texture": "#dynastylegs", "uv": [ 32.5, 55.0, 33.5, 60.5 ] },
						"east": { "texture": "#dynastylegs", "uv": [ 35.0, 55.0, 37.0, 60.5 ] },
						"south": { "texture": "#dynastylegs", "uv": [ 34.0, 55.0, 35.0, 60.5 ] },
						"west": { "texture": "#dynastylegs", "uv": [ 35.0, 48.5, 37.0, 54.0 ] },
						"up": { "texture": "#dynastylegs", "uv": [ 32.5, 53.0, 33.5, 55.0 ] },
						"down": { "texture": "#dynastylegs", "uv": [ 34.0, 53.0, 35.0, 55.0 ] }
					},
					"children": [
						{
							"name": "UpperlegLamL7",
							"from": [ 0.0, 0.01, 2.1 ],
							"to": [ 1.1, 5.51, 4.9 ],
							"uv": [ 21.5, 52.1 ],
							"rotationOrigin": [ 1.1, 0.0, 2.1 ],
							"rotationX": -7.0,
							"rotationY": -20.0,
							"faces": {
								"north": { "texture": "#dynastylegs", "uv": [ 21.5, 55.0, 22.5, 60.5 ] },
								"east": { "texture": "#dynastylegs", "uv": [ 22.5, 55.0, 25.0, 60.5 ] },
								"south": { "texture": "#dynastylegs", "uv": [ 25.0, 55.0, 26.0, 60.5 ] },
								"west": { "texture": "#dynastylegs", "uv": [ 26.0, 55.0, 28.5, 60.5 ] },
								"up": { "texture": "#dynastylegs", "uv": [ 21.5, 52.0, 22.5, 54.5 ] },
								"down": { "texture": "#dynastylegs", "uv": [ 22.5, 52.0, 23.5, 54.5 ] }
							}
						},
						{
							"name": "Xand3",
							"from": [ 0.0, 5.0, 1.0 ],
							"to": [ 1.0, 8.3, 1.6 ],
							"uv": [ 35.0, 36.0 ],
							"rotationOrigin": [ 0.0, 5.0, 1.0 ],
							"rotationZ": 30.0,
							"faces": {
								"north": { "texture": "#dynastylegs", "uv": [ 35.0, 36.5, 36.0, 39.5 ] },
								"east": { "texture": "#dynastylegs", "uv": [ 36.0, 36.5, 36.5, 39.5 ] },
								"south": { "texture": "#dynastylegs", "uv": [ 36.5, 36.5, 37.5, 39.5 ] },
								"west": { "texture": "#dynastylegs", "uv": [ 37.5, 36.5, 38.0, 39.5 ] },
								"up": { "texture": "#dynastylegs", "uv": [ 35.0, 36.0, 36.0, 36.5 ] },
								"down": { "texture": "#dynastylegs", "uv": [ 36.0, 36.0, 37.0, 36.5 ] }
							}
						}
					]
				},
				{
					"name": "UpperlegLamL8",
					"from": [ -2.48, -1.15, 0.4 ],
					"to": [ -1.58, 2.36, 2.6 ],
					"autoUnwrap": false,
					"uv": [ 16.0, 55.0 ],
					"rotationOrigin": [ -2.4794, -1.0918, 0.4008 ],
					"rotationZ": -9.0,
					"faces": {
						"north": { "texture": "#dynastylegs", "uv": [ 16.0, 57.0, 16.5, 60.5 ] },
						"east": { "texture": "#dynastylegs", "uv": [ 16.5, 57.0, 18.5, 60.5 ] },
						"south": { "texture": "#dynastylegs", "uv": [ 18.5, 57.0, 19.0, 60.5 ] },
						"west": { "texture": "#dynastylegs", "uv": [ 19.0, 57.0, 21.0, 60.5 ] },
						"up": { "texture": "#dynastylegs", "uv": [ 16.0, 55.0, 16.5, 57.0 ] },
						"down": { "texture": "#dynastylegs", "uv": [ 31.0, 51.0, 31.5, 53.0 ] }
					},
					"children": [
						{
							"name": "UpperlegLamL9",
							"from": [ 0.0, 0.0, 2.5 ],
							"to": [ 1.1, 3.5, 5.1 ],
							"autoUnwrap": false,
							"uv": [ 19.5, 54.5 ],
							"rotationOrigin": [ 0.0, -0.3, 2.5 ],
							"rotationX": -6.0,
							"rotationY": 37.0,
							"faces": {
								"north": { "texture": "#dynastylegs", "uv": [ 19.5, 57.0, 22.5, 60.5 ], "autoUv": false },
								"east": { "texture": "#dynastylegs", "uv": [ 20.5, 57.0, 23.0, 60.5 ] },
								"south": { "texture": "#dynastylegs", "uv": [ 23.0, 57.0, 24.0, 60.5 ] },
								"west": { "texture": "#dynastylegs", "uv": [ 24.0, 57.0, 26.5, 60.5 ] },
								"up": { "texture": "#dynastylegs", "uv": [ 19.5, 54.5, 20.5, 57.0 ] },
								"down": { "texture": "#dynastylegs", "uv": [ 20.5, 52.5, 21.5, 55.0 ] }
							}
						}
					]
				},
				{
					"name": "UpperlegLamL10",
					"from": [ 1.1, -1.1, 5.7 ],
					"to": [ 2.2, 2.4, 7.3 ],
					"autoUnwrap": false,
					"uv": [ 20.5, 55.5 ],
					"rotationOrigin": [ 1.0493, -1.0209, 5.7083 ],
					"rotationY": 90.0,
					"rotationZ": -7.0,
					"faces": {
						"north": { "texture": "#dynastylegs", "uv": [ 20.5, 57.0, 21.5, 60.5 ] },
						"east": { "texture": "#dynastylegs", "uv": [ 21.5, 57.0, 23.0, 60.5 ] },
						"south": { "texture": "#dynastylegs", "uv": [ 23.0, 57.0, 24.0, 60.5 ] },
						"west": { "texture": "#dynastylegs", "uv": [ 24.0, 57.0, 25.5, 60.5 ] },
						"up": { "texture": "#dynastylegs", "uv": [ 20.5, 55.5, 21.5, 57.0 ] },
						"down": { "texture": "#dynastylegs", "uv": [ 21.5, 52.5, 22.5, 54.0 ] }
					},
					"children": [
						{
							"name": "UpperlegLamL11",
							"from": [ 0.0, 0.01, 1.6 ],
							"to": [ 1.1, 3.51, 4.4 ],
							"autoUnwrap": false,
							"uv": [ 24.5, 54.5 ],
							"rotationOrigin": [ 0.0, 0.0, 1.6 ],
							"rotationY": 20.0,
							"faces": {
								"north": { "texture": "#dynastylegs", "uv": [ 24.5, 57.0, 25.5, 60.5 ] },
								"east": { "texture": "#dynastylegs", "uv": [ 25.5, 57.0, 28.0, 60.5 ] },
								"south": { "texture": "#dynastylegs", "uv": [ 28.0, 57.0, 29.0, 60.5 ] },
								"west": { "texture": "#dynastylegs", "uv": [ 29.0, 57.0, 31.5, 60.5 ] },
								"up": { "texture": "#dynastylegs", "uv": [ 24.5, 54.5, 25.5, 57.0 ] },
								"down": { "texture": "#dynastylegs", "uv": [ 31.0, 50.5, 32.0, 53.0 ] }
							}
						},
						{
							"name": "UpperlegLamL12",
							"from": [ 0.0, 0.01, -2.1 ],
							"to": [ 1.1, 3.51, 0.0 ],
							"autoUnwrap": false,
							"uv": [ 29.0, 55.0 ],
							"rotationOrigin": [ 0.0, 0.0, 0.0 ],
							"rotationY": -20.0,
							"faces": {
								"north": { "texture": "#dynastylegs", "uv": [ 29.0, 57.0, 30.0, 60.5 ] },
								"east": { "texture": "#dynastylegs", "uv": [ 30.0, 57.0, 32.0, 60.5 ] },
								"south": { "texture": "#dynastylegs", "uv": [ 32.0, 57.0, 33.0, 60.5 ] },
								"west": { "texture": "#dynastylegs", "uv": [ 33.0, 57.0, 35.0, 60.5 ] },
								"up": { "texture": "#dynastylegs", "uv": [ 29.0, 55.0, 30.0, 57.0 ] },
								"down": { "texture": "#dynastylegs", "uv": [ 30.0, 52.0, 31.0, 54.0 ] }
							}
						}
					]
				},
				{
					"name": "UpperlegLamL13",
					"from": [ 5.2, -1.5, 0.0 ],
					"to": [ 6.3, 2.0, 2.0 ],
					"autoUnwrap": false,
					"uv": [ 34.5, 55.0 ],
					"rotationOrigin": [ 6.2, -1.5, 0.0 ],
					"rotationZ": 7.0,
					"faces": {
						"north": { "texture": "#dynastylegs", "uv": [ 34.5, 57.0, 35.5, 60.5 ] },
						"east": { "texture": "#dynastylegs", "uv": [ 35.5, 57.0, 37.5, 60.5 ] },
						"south": { "texture": "#dynastylegs", "uv": [ 37.5, 57.0, 38.5, 60.5 ] },
						"west": { "texture": "#dynastylegs", "uv": [ 38.5, 57.0, 40.5, 60.5 ] },
						"up": { "texture": "#dynastylegs", "uv": [ 34.5, 55.0, 35.5, 57.0 ] },
						"down": { "texture": "#dynastylegs", "uv": [ 35.5, 52.0, 36.5, 54.0 ] }
					},
					"children": [
						{
							"name": "UpperlegLamL14",
							"from": [ 0.0, 0.01, 2.1 ],
							"to": [ 1.1, 3.51, 4.9 ],
							"autoUnwrap": false,
							"uv": [ 24.5, 54.5 ],
							"rotationOrigin": [ 1.1, 0.0, 2.1 ],
							"rotationX": -8.0,
							"rotationY": -18.0,
							"faces": {
								"north": { "texture": "#dynastylegs", "uv": [ 24.5, 57.0, 25.5, 60.5 ] },
								"east": { "texture": "#dynastylegs", "uv": [ 25.5, 57.0, 28.0, 60.5 ] },
								"south": { "texture": "#dynastylegs", "uv": [ 28.0, 57.0, 29.0, 60.5 ] },
								"west": { "texture": "#dynastylegs", "uv": [ 29.0, 57.0, 31.5, 60.5 ] },
								"up": { "texture": "#dynastylegs", "uv": [ 24.5, 54.5, 25.5, 57.0 ] },
								"down": { "texture": "#dynastylegs", "uv": [ 25.5, 51.5, 26.5, 54.0 ] }
							}
						}
					]
				},
				{
					"name": "UpperlegLamL15",
					"from": [ -2.48, -4.15, 0.2 ],
					"to": [ -1.58, -0.64, 2.4 ],
					"uv": [ 16.0, 55.5 ],
					"rotationOrigin": [ -2.4794, -4.0918, 0.2008 ],
					"rotationX": 2.0,
					"rotationZ": -9.0,
					"faces": {
						"north": { "texture": "#dynastylegs", "uv": [ 16.0, 57.5, 16.5, 61.0 ] },
						"east": { "texture": "#dynastylegs", "uv": [ 16.5, 57.5, 18.5, 61.0 ] },
						"south": { "texture": "#dynastylegs", "uv": [ 18.5, 57.5, 19.0, 61.0 ] },
						"west": { "texture": "#dynastylegs", "uv": [ 19.0, 57.5, 21.0, 61.0 ] },
						"up": { "texture": "#dynastylegs", "uv": [ 16.0, 55.5, 16.5, 57.5 ] },
						"down": { "texture": "#dynastylegs", "uv": [ 16.5, 55.5, 17.0, 57.5 ] }
					},
					"children": [
						{
							"name": "UpperlegLamL16",
							"from": [ -0.2, 0.0, 2.7 ],
							"to": [ 0.9, 3.5, 5.3 ],
							"uv": [ 21.5, 55.0 ],
							"rotationOrigin": [ -0.2, -0.3, 2.7 ],
							"rotationX": -9.0,
							"rotationY": 37.0,
							"faces": {
								"north": { "texture": "#dynastylegs", "uv": [ 21.5, 57.5, 22.5, 61.0 ] },
								"east": { "texture": "#dynastylegs", "uv": [ 22.5, 57.5, 25.0, 61.0 ] },
								"south": { "texture": "#dynastylegs", "uv": [ 25.0, 57.5, 26.0, 61.0 ] },
								"west": { "texture": "#dynastylegs", "uv": [ 26.0, 57.5, 28.5, 61.0 ] },
								"up": { "texture": "#dynastylegs", "uv": [ 21.5, 55.0, 22.5, 57.5 ] },
								"down": { "texture": "#dynastylegs", "uv": [ 22.5, 55.0, 23.5, 57.5 ] }
							}
						}
					]
				},
				{
					"name": "UpperlegLamL17",
					"from": [ 1.1, -4.1, 5.7 ],
					"to": [ 2.2, -0.6, 7.3 ],
					"uv": [ 20.5, 56.0 ],
					"rotationOrigin": [ 1.0493, -4.0209, 5.7083 ],
					"rotationY": 90.0,
					"rotationZ": -7.0,
					"faces": {
						"north": { "texture": "#dynastylegs", "uv": [ 20.5, 57.5, 21.5, 61.0 ] },
						"east": { "texture": "#dynastylegs", "uv": [ 21.5, 57.5, 23.0, 61.0 ] },
						"south": { "texture": "#dynastylegs", "uv": [ 23.0, 57.5, 24.0, 61.0 ] },
						"west": { "texture": "#dynastylegs", "uv": [ 24.0, 57.5, 25.5, 61.0 ] },
						"up": { "texture": "#dynastylegs", "uv": [ 20.5, 56.0, 21.5, 57.5 ] },
						"down": { "texture": "#dynastylegs", "uv": [ 21.5, 56.0, 22.5, 57.5 ] }
					},
					"children": [
						{
							"name": "UpperlegLamL18",
							"from": [ 0.0, 0.01, 1.6 ],
							"to": [ 1.1, 3.51, 4.4 ],
							"uv": [ 17.5, 55.0 ],
							"rotationOrigin": [ 0.0, 0.0, 1.6 ],
							"rotationY": 20.0,
							"faces": {
								"north": { "texture": "#dynastylegs", "uv": [ 17.5, 57.5, 18.5, 61.0 ] },
								"east": { "texture": "#dynastylegs", "uv": [ 18.5, 57.5, 21.0, 61.0 ] },
								"south": { "texture": "#dynastylegs", "uv": [ 21.0, 57.5, 22.0, 61.0 ] },
								"west": { "texture": "#dynastylegs", "uv": [ 22.0, 57.5, 24.5, 61.0 ] },
								"up": { "texture": "#dynastylegs", "uv": [ 17.5, 55.0, 18.5, 57.5 ] },
								"down": { "texture": "#dynastylegs", "uv": [ 18.5, 55.0, 19.5, 57.5 ] }
							}
						},
						{
							"name": "UpperlegLamL19",
							"from": [ 0.0, 0.01, -2.1 ],
							"to": [ 1.1, 3.51, 0.0 ],
							"uv": [ 29.0, 55.5 ],
							"rotationOrigin": [ 0.0, 0.0, 0.0 ],
							"rotationY": -20.0,
							"faces": {
								"north": { "texture": "#dynastylegs", "uv": [ 29.0, 57.5, 30.0, 61.0 ] },
								"east": { "texture": "#dynastylegs", "uv": [ 30.0, 57.5, 32.0, 61.0 ] },
								"south": { "texture": "#dynastylegs", "uv": [ 32.0, 57.5, 33.0, 61.0 ] },
								"west": { "texture": "#dynastylegs", "uv": [ 33.0, 57.5, 35.0, 61.0 ] },
								"up": { "texture": "#dynastylegs", "uv": [ 29.0, 55.5, 30.0, 57.5 ] },
								"down": { "texture": "#dynastylegs", "uv": [ 30.0, 55.5, 31.0, 57.5 ] }
							}
						}
					]
				},
				{
					"name": "LinLam3",
					"from": [ -2.28, 0.95, 0.6 ],
					"to": [ -1.78, 1.95, 2.6 ],
					"uv": [ 7.5, 48.5 ],
					"rotationOrigin": [ -2.2794, 1.0082, 0.6008 ],
					"rotationX": 2.0,
					"faces": {
						"north": { "texture": "#line", "uv": [ 7.5, 50.5, 8.0, 51.5 ] },
						"east": { "texture": "#line", "uv": [ 8.0, 50.5, 10.0, 51.5 ] },
						"south": { "texture": "#line", "uv": [ 10.0, 50.5, 10.5, 51.5 ] },
						"west": { "texture": "#line", "uv": [ 10.5, 50.5, 12.5, 51.5 ] },
						"up": { "texture": "#line", "uv": [ 7.5, 48.5, 8.0, 50.5 ] },
						"down": { "texture": "#line", "uv": [ 8.0, 48.5, 8.5, 50.5 ] }
					},
					"children": [
						{
							"name": "LinLam4",
							"from": [ -0.1, 0.0, 2.3 ],
							"to": [ 0.4, 1.0, 4.9 ],
							"uv": [ 3.5, 47.0 ],
							"rotationOrigin": [ -0.1, -0.3, 2.3 ],
							"rotationX": -7.0,
							"rotationY": 37.0,
							"faces": {
								"north": { "texture": "#line", "uv": [ 3.5, 49.5, 4.0, 50.5 ] },
								"east": { "texture": "#line", "uv": [ 4.0, 49.5, 6.5, 50.5 ] },
								"south": { "texture": "#line", "uv": [ 6.5, 49.5, 7.0, 50.5 ] },
								"west": { "texture": "#line", "uv": [ 7.0, 49.5, 9.5, 50.5 ] },
								"up": { "texture": "#line", "uv": [ 3.5, 47.0, 4.0, 49.5 ] },
								"down": { "texture": "#line", "uv": [ 4.0, 47.0, 4.5, 49.5 ] }
							}
						}
					]
				},
				{
					"name": "LinLam5",
					"from": [ 1.1, 1.2, 5.6 ],
					"to": [ 1.6, 2.2, 7.2 ],
					"uv": [ 6.0, 48.0 ],
					"rotationOrigin": [ 1.0493, 1.2791, 5.6083 ],
					"rotationY": 90.0,
					"rotationZ": -7.0,
					"faces": {
						"north": { "texture": "#line", "uv": [ 6.0, 49.5, 6.5, 50.5 ] },
						"east": { "texture": "#line", "uv": [ 6.5, 49.5, 8.0, 50.5 ] },
						"south": { "texture": "#line", "uv": [ 8.0, 49.5, 8.5, 50.5 ] },
						"west": { "texture": "#line", "uv": [ 8.5, 49.5, 10.0, 50.5 ] },
						"up": { "texture": "#line", "uv": [ 6.0, 48.0, 6.5, 49.5 ] },
						"down": { "texture": "#line", "uv": [ 6.5, 48.0, 7.0, 49.5 ] }
					},
					"children": [
						{
							"name": "LinLam6",
							"from": [ 0.0, 0.01, 1.6 ],
							"to": [ 0.5, 1.01, 4.4 ],
							"uv": [ 5.5, 47.5 ],
							"rotationOrigin": [ 0.0, 0.0, 1.6 ],
							"rotationX": -3.0,
							"rotationY": 20.0,
							"faces": {
								"north": { "texture": "#line", "uv": [ 5.5, 50.0, 6.0, 51.0 ] },
								"east": { "texture": "#line", "uv": [ 6.0, 50.0, 8.5, 51.0 ] },
								"south": { "texture": "#line", "uv": [ 8.5, 50.0, 9.0, 51.0 ] },
								"west": { "texture": "#line", "uv": [ 9.0, 50.0, 11.5, 51.0 ] },
								"up": { "texture": "#line", "uv": [ 5.5, 47.5, 6.0, 50.0 ] },
								"down": { "texture": "#line", "uv": [ 6.0, 47.5, 6.5, 50.0 ] }
							}
						},
						{
							"name": "LinLam7",
							"from": [ 0.0, 0.01, -2.1 ],
							"to": [ 0.5, 1.01, 0.0 ],
							"uv": [ 9.5, 46.5 ],
							"rotationOrigin": [ 0.0, 0.0, 0.0 ],
							"rotationY": -20.0,
							"faces": {
								"north": { "texture": "#line", "uv": [ 9.5, 48.5, 10.0, 49.5 ] },
								"east": { "texture": "#line", "uv": [ 10.0, 48.5, 12.0, 49.5 ] },
								"south": { "texture": "#line", "uv": [ 12.0, 48.5, 12.5, 49.5 ] },
								"west": { "texture": "#line", "uv": [ 12.5, 48.5, 14.5, 49.5 ] },
								"up": { "texture": "#line", "uv": [ 9.5, 46.5, 10.0, 48.5 ] },
								"down": { "texture": "#line", "uv": [ 10.0, 46.5, 10.5, 48.5 ] }
							}
						}
					]
				},
				{
					"name": "LinLam8",
					"from": [ 5.7, 1.0, 0.1 ],
					"to": [ 6.2, 2.0, 2.1 ],
					"uv": [ 3.5, 47.0 ],
					"rotationOrigin": [ 6.7, 1.0, 0.1 ],
					"faces": {
						"north": { "texture": "#line", "uv": [ 3.5, 49.0, 4.0, 50.0 ] },
						"east": { "texture": "#line", "uv": [ 4.0, 49.0, 6.0, 50.0 ] },
						"south": { "texture": "#line", "uv": [ 6.0, 49.0, 6.5, 50.0 ] },
						"west": { "texture": "#line", "uv": [ 6.5, 49.0, 8.5, 50.0 ] },
						"up": { "texture": "#line", "uv": [ 3.5, 47.0, 4.0, 49.0 ] },
						"down": { "texture": "#line", "uv": [ 4.0, 47.0, 4.5, 49.0 ] }
					},
					"children": [
						{
							"name": "LinLam9",
							"from": [ 0.0, 0.01, 2.1 ],
							"to": [ 0.5, 1.01, 4.9 ],
							"uv": [ 9.0, 47.5 ],
							"rotationOrigin": [ 1.1, 0.0, 2.1 ],
							"rotationX": -7.0,
							"rotationY": -20.0,
							"faces": {
								"north": { "texture": "#line", "uv": [ 9.0, 50.0, 9.5, 51.0 ] },
								"east": { "texture": "#line", "uv": [ 9.5, 50.0, 12.0, 51.0 ] },
								"south": { "texture": "#line", "uv": [ 12.0, 50.0, 12.5, 51.0 ] },
								"west": { "texture": "#line", "uv": [ 12.5, 50.0, 15.0, 51.0 ] },
								"up": { "texture": "#line", "uv": [ 9.0, 47.5, 9.5, 50.0 ] },
								"down": { "texture": "#line", "uv": [ 9.5, 47.5, 10.0, 50.0 ] }
							}
						}
					]
				}
			]
		},
		{
			"name": "ArmorLowerLegR",
			"stepParentName": "LowerFootR",
			"from": [ -0.3, -2.7, -0.25 ],
			"to": [ -0.3, -2.7, -0.25 ],
			"uv": [ 44.0, 44.5 ],
			"rotationOrigin": [ -0.3, -2.7, -0.4 ],
			"faces": {
				"north": { "texture": "#dynastylegs", "uv": [ 44.0, 45.0, 44.5, 45.5 ] },
				"east": { "texture": "#dynastylegs", "uv": [ 44.5, 45.0, 45.0, 45.5 ] },
				"south": { "texture": "#dynastylegs", "uv": [ 45.0, 45.0, 45.5, 45.5 ] },
				"west": { "texture": "#dynastylegs", "uv": [ 45.5, 45.0, 46.0, 45.5 ] },
				"up": { "texture": "#dynastylegs", "uv": [ 44.0, 44.5, 44.5, 45.0 ] },
				"down": { "texture": "#dynastylegs", "uv": [ 44.5, 44.5, 45.0, 45.0 ] }
			},
			"children": [
				{
					"name": "LowerLegLamR1",
					"from": [ 6.39, 2.86, 3.7 ],
					"to": [ 7.49, 6.36, 5.6 ],
					"uv": [ 32.5, 47.5 ],
					"rotationOrigin": [ 6.3949, 2.8719, 3.7023 ],
					"rotationX": -174.993,
					"rotationY": 0.1746,
					"rotationZ": 169.98,
					"faces": {
						"north": { "texture": "#dynastylegs", "uv": [ 32.5, 49.0, 33.5, 52.5 ] },
						"east": { "texture": "#dynastylegs", "uv": [ 33.5, 49.0, 35.0, 52.5 ] },
						"south": { "texture": "#dynastylegs", "uv": [ 35.0, 49.0, 36.0, 52.5 ] },
						"west": { "texture": "#dynastylegs", "uv": [ 36.0, 49.0, 37.5, 52.5 ] },
						"up": { "texture": "#dynastylegs", "uv": [ 32.5, 47.5, 33.5, 49.0 ] },
						"down": { "texture": "#dynastylegs", "uv": [ 33.5, 47.5, 34.5, 49.0 ] }
					},
					"children": [
						{
							"name": "LowerLegLamR2",
							"from": [ -0.2, 0.0, 2.0 ],
							"to": [ 0.9, 3.5, 4.8 ],
							"uv": [ 14.5, 55.0 ],
							"rotationOrigin": [ -0.2, 0.0, 2.0 ],
							"rotationX": 2.0,
							"rotationY": 20.0,
							"faces": {
								"north": { "texture": "#dynastylegs", "uv": [ 14.5, 57.5, 15.5, 61.0 ] },
								"east": { "texture": "#dynastylegs", "uv": [ 15.5, 57.5, 18.0, 61.0 ] },
								"south": { "texture": "#dynastylegs", "uv": [ 18.0, 57.5, 19.0, 61.0 ] },
								"west": { "texture": "#dynastylegs", "uv": [ 19.0, 57.5, 21.5, 61.0 ] },
								"up": { "texture": "#dynastylegs", "uv": [ 14.5, 55.0, 15.5, 57.5 ] },
								"down": { "texture": "#dynastylegs", "uv": [ 15.5, 55.0, 16.5, 57.5 ] }
							}
						}
					]
				},
				{
					"name": "ShoulderRFluff1",
					"from": [ -1.35, 3.0, -4.23 ],
					"to": [ 4.05, 6.0, 0.77 ],
					"unwrapMode": 5,
					"autoUnwrap": false,
					"uv": [ 51.5, 27.0 ],
					"rotationOrigin": [ 1.1494, 5.0, -1.726 ],
					"rotationX": -35.0,
					"faces": {
						"east": { "texture": "#line", "uv": [ 59.5, 27.0, 62.5, 32.0 ], "rotation": 270 },
						"west": { "texture": "#line", "uv": [ 51.5, 27.0, 54.5, 32.0 ], "rotation": 90 },
						"up": { "texture": "#line", "uv": [ 54.5, 27.0, 59.5, 32.0 ], "rotation": 180 }
					},
					"children": [
						{
							"name": "ShoulderRFluff2",
							"from": [ 0.2, -0.5, -1.5 ],
							"to": [ 5.2, 2.5, 2.5 ],
							"unwrapMode": 5,
							"autoUnwrap": false,
							"uv": [ 20.0, 44.0 ],
							"rotationOrigin": [ 2.6, 2.5, 2.0 ],
							"rotationX": -28.0,
							"faces": {
								"east": { "texture": "#line", "uv": [ 27.5, 44.0, 30.5, 48.0 ], "rotation": 270 },
								"west": { "texture": "#line", "uv": [ 20.0, 44.0, 23.0, 48.0 ], "rotation": 90 },
								"up": { "texture": "#line", "uv": [ 23.0, 44.0, 28.0, 48.0 ], "rotation": 180, "windMode": [-1,-1,-1,-1], "windData": [1,1,1,1] }
							}
						}
					]
				},
				{
					"name": "ShoulderRFluff3",
					"from": [ -4.85, 2.6, -0.23 ],
					"to": [ 0.55, 5.6, 4.77 ],
					"unwrapMode": 5,
					"autoUnwrap": false,
					"uv": [ 51.5, 27.0 ],
					"rotationOrigin": [ -2.3506, 4.6, 2.274 ],
					"rotationX": -80.0,
					"rotationY": 40.0,
					"rotationZ": 75.0,
					"faces": {
						"east": { "texture": "#line", "uv": [ 59.5, 27.0, 62.5, 32.0 ], "rotation": 270 },
						"west": { "texture": "#line", "uv": [ 51.5, 27.0, 54.5, 32.0 ], "rotation": 90 },
						"up": { "texture": "#line", "uv": [ 54.5, 27.0, 59.5, 32.0 ], "rotation": 180 }
					},
					"children": [
						{
							"name": "ShoulderRFluff4",
							"from": [ 0.2, -0.5, -1.5 ],
							"to": [ 5.2, 2.5, 2.5 ],
							"unwrapMode": 5,
							"autoUnwrap": false,
							"uv": [ 20.0, 44.0 ],
							"rotationOrigin": [ 2.6, 2.5, 2.0 ],
							"rotationX": -28.0,
							"faces": {
								"east": { "texture": "#line", "uv": [ 27.5, 44.0, 30.5, 48.0 ], "rotation": 270 },
								"west": { "texture": "#line", "uv": [ 20.0, 44.0, 23.0, 48.0 ], "rotation": 90 },
								"up": { "texture": "#line", "uv": [ 23.0, 44.0, 28.0, 48.0 ], "rotation": 180, "windMode": [-1,-1,-1,-1], "windData": [1,1,1,1] }
							}
						}
					]
				},
				{
					"name": "ShoulderRFluff5",
					"from": [ 2.25, 2.5, -2.73 ],
					"to": [ 7.65, 5.5, 2.27 ],
					"unwrapMode": 5,
					"autoUnwrap": false,
					"uv": [ 51.5, 27.0 ],
					"rotationOrigin": [ 4.7494, 4.5, -0.226 ],
					"rotationX": -35.0,
					"rotationY": -40.0,
					"rotationZ": -11.0,
					"faces": {
						"east": { "texture": "#line", "uv": [ 59.5, 27.0, 62.5, 32.0 ], "rotation": 270 },
						"west": { "texture": "#line", "uv": [ 51.5, 27.0, 54.5, 32.0 ], "rotation": 90 },
						"up": { "texture": "#line", "uv": [ 54.5, 27.0, 59.5, 32.0 ], "rotation": 180 }
					},
					"children": [
						{
							"name": "ShoulderRFluff6",
							"from": [ 0.2, -0.5, -1.5 ],
							"to": [ 5.2, 2.5, 2.5 ],
							"unwrapMode": 5,
							"autoUnwrap": false,
							"uv": [ 20.0, 44.0 ],
							"rotationOrigin": [ 2.6, 2.5, 2.0 ],
							"rotationX": -28.0,
							"faces": {
								"east": { "texture": "#line", "uv": [ 27.5, 44.0, 30.5, 48.0 ], "rotation": 270 },
								"west": { "texture": "#line", "uv": [ 20.0, 44.0, 23.0, 48.0 ], "rotation": 90 },
								"up": { "texture": "#line", "uv": [ 23.0, 44.0, 28.0, 48.0 ], "rotation": 180, "windMode": [-1,-1,-1,-1], "windData": [1,1,1,1] }
							}
						}
					]
				}
			]
		},
		{
			"name": "ArmorLowerLegL",
			"stepParentName": "LowerFootL",
			"from": [ -0.3, -2.7, -0.25 ],
			"to": [ -0.3, -2.7, -0.25 ],
			"uv": [ 44.0, 44.5 ],
			"rotationOrigin": [ -0.3, -2.7, -0.4 ],
			"faces": {
				"north": { "texture": "#dynastylegs", "uv": [ 44.0, 45.0, 44.5, 45.5 ] },
				"east": { "texture": "#dynastylegs", "uv": [ 44.5, 45.0, 45.0, 45.5 ] },
				"south": { "texture": "#dynastylegs", "uv": [ 45.0, 45.0, 45.5, 45.5 ] },
				"west": { "texture": "#dynastylegs", "uv": [ 45.5, 45.0, 46.0, 45.5 ] },
				"up": { "texture": "#dynastylegs", "uv": [ 44.0, 44.5, 44.5, 45.0 ] },
				"down": { "texture": "#dynastylegs", "uv": [ 44.5, 44.5, 45.0, 45.0 ] }
			},
			"children": [
				{
					"name": "LowerLegLamL1",
					"from": [ 6.38, 2.96, 1.69 ],
					"to": [ 7.48, 6.46, 3.49 ],
					"uv": [ 32.5, 47.5 ],
					"rotationOrigin": [ 6.3819, 2.9741, 1.6995 ],
					"rotationX": 175.9924,
					"rotationY": -0.14,
					"rotationZ": 169.99,
					"faces": {
						"north": { "texture": "#dynastylegs", "uv": [ 32.5, 49.0, 33.5, 52.5 ] },
						"east": { "texture": "#dynastylegs", "uv": [ 33.5, 49.0, 35.0, 52.5 ] },
						"south": { "texture": "#dynastylegs", "uv": [ 35.0, 49.0, 36.0, 52.5 ] },
						"west": { "texture": "#dynastylegs", "uv": [ 36.0, 49.0, 37.5, 52.5 ] },
						"up": { "texture": "#dynastylegs", "uv": [ 32.5, 47.5, 33.5, 49.0 ] },
						"down": { "texture": "#dynastylegs", "uv": [ 33.5, 47.5, 34.5, 49.0 ] }
					},
					"children": [
						{
							"name": "LowerLegLamL2",
							"from": [ -0.1, 0.01, -2.4 ],
							"to": [ 1.0, 3.51, 0.0 ],
							"uv": [ 30.4, 55.5 ],
							"rotationOrigin": [ -0.1, 0.0, 0.0 ],
							"rotationY": -17.0,
							"faces": {
								"north": { "texture": "#dynastylegs", "uv": [ 30.5, 57.5, 31.5, 61.0 ] },
								"east": { "texture": "#dynastylegs", "uv": [ 31.5, 57.5, 33.5, 61.0 ] },
								"south": { "texture": "#dynastylegs", "uv": [ 33.5, 57.5, 34.5, 61.0 ] },
								"west": { "texture": "#dynastylegs", "uv": [ 34.5, 57.5, 36.5, 61.0 ] },
								"up": { "texture": "#dynastylegs", "uv": [ 30.5, 55.5, 31.5, 57.5 ] },
								"down": { "texture": "#dynastylegs", "uv": [ 31.5, 55.5, 32.5, 57.5 ] }
							}
						}
					]
				},
				{
					"name": "ShoulderLFluff1",
					"from": [ -1.15, 3.0, 2.22 ],
					"to": [ 4.25, 6.0, 7.22 ],
					"unwrapMode": 5,
					"uv": [ 51.5, 32.5 ],
					"rotationOrigin": [ 1.353, 5.0, 4.7221 ],
					"rotationX": 35.0,
					"faces": {
						"east": { "texture": "#line", "uv": [ 59.5, 32.5, 62.5, 37.5 ], "rotation": 90 },
						"west": { "texture": "#line", "uv": [ 51.5, 32.5, 54.5, 37.5 ], "rotation": 270 },
						"up": { "texture": "#line", "uv": [ 54.5, 32.5, 59.5, 37.5 ] }
					},
					"children": [
						{
							"name": "ShoulderLFluff2",
							"from": [ 0.2, -0.5, 2.0 ],
							"to": [ 5.2, 2.5, 6.0 ],
							"unwrapMode": 5,
							"autoUnwrap": false,
							"uv": [ 20.0, 39.5 ],
							"rotationOrigin": [ 2.2, 2.5, 2.5 ],
							"rotationX": 28.0,
							"faces": {
								"east": { "texture": "#line", "uv": [ 27.5, 39.5, 30.5, 43.5 ], "rotation": 90 },
								"west": { "texture": "#line", "uv": [ 20.0, 39.5, 23.0, 43.5 ], "rotation": 270 },
								"up": { "texture": "#line", "uv": [ 23.0, 39.5, 28.0, 43.5 ] }
							}
						}
					]
				},
				{
					"name": "ShoulderLFluff3",
					"from": [ -4.65, 2.8, -0.88 ],
					"to": [ 0.75, 5.8, 4.12 ],
					"unwrapMode": 5,
					"uv": [ 51.5, 32.5 ],
					"rotationOrigin": [ -2.147, 4.8, 1.6221 ],
					"rotationX": 80.0,
					"rotationY": -40.0,
					"rotationZ": 75.0,
					"faces": {
						"east": { "texture": "#line", "uv": [ 59.5, 32.5, 62.5, 37.5 ], "rotation": 90 },
						"west": { "texture": "#line", "uv": [ 51.5, 32.5, 54.5, 37.5 ], "rotation": 270 },
						"up": { "texture": "#line", "uv": [ 54.5, 32.5, 59.5, 37.5 ] }
					},
					"children": [
						{
							"name": "ShoulderLFluff4",
							"from": [ 0.2, -0.5, 2.0 ],
							"to": [ 5.2, 2.5, 6.0 ],
							"unwrapMode": 5,
							"autoUnwrap": false,
							"uv": [ 20.0, 39.5 ],
							"rotationOrigin": [ 2.2, 2.5, 2.5 ],
							"rotationX": 28.0,
							"faces": {
								"east": { "texture": "#line", "uv": [ 27.5, 39.5, 30.5, 43.5 ], "rotation": 90 },
								"west": { "texture": "#line", "uv": [ 20.0, 39.5, 23.0, 43.5 ], "rotation": 270 },
								"up": { "texture": "#line", "uv": [ 23.0, 39.5, 28.0, 43.5 ] }
							}
						}
					]
				},
				{
					"name": "ShoulderLFluff5",
					"from": [ 2.55, 2.5, 1.22 ],
					"to": [ 7.95, 5.5, 6.22 ],
					"unwrapMode": 5,
					"uv": [ 51.5, 32.5 ],
					"rotationOrigin": [ 5.053, 4.5, 3.7221 ],
					"rotationX": 35.0,
					"rotationY": 40.0,
					"rotationZ": -11.0,
					"faces": {
						"east": { "texture": "#line", "uv": [ 59.5, 32.5, 62.5, 37.5 ], "rotation": 90 },
						"west": { "texture": "#line", "uv": [ 51.5, 32.5, 54.5, 37.5 ], "rotation": 270 },
						"up": { "texture": "#line", "uv": [ 54.5, 32.5, 59.5, 37.5 ] }
					},
					"children": [
						{
							"name": "ShoulderLFluff6",
							"from": [ 0.2, -0.5, 2.0 ],
							"to": [ 5.2, 2.5, 6.0 ],
							"unwrapMode": 5,
							"autoUnwrap": false,
							"uv": [ 20.0, 39.5 ],
							"rotationOrigin": [ 2.2, 2.5, 2.5 ],
							"rotationX": 28.0,
							"faces": {
								"east": { "texture": "#line", "uv": [ 27.5, 39.5, 30.5, 43.5 ], "rotation": 90 },
								"west": { "texture": "#line", "uv": [ 20.0, 39.5, 23.0, 43.5 ], "rotation": 270 },
								"up": { "texture": "#line", "uv": [ 23.0, 39.5, 28.0, 43.5 ] }
							}
						}
					]
				}
			]
		}
	]}