{
  "code": "machineschematics",
  "class": "ItemMachineSchematic",
  "enabled": false,

  "maxstacksize": 1,
  "attributes": {
    "placeSound": "block/planks"
  },
  "shape": { "base": "game:item/roller" },
  "creativeinventory": {
    "general": [ "*" ],
    "items": [ "*" ],
    "construction": [ "*" ],
    "viescraftmachines": [ "*" ]
  },
  "guiTransform": {
    "translation": {
      "x": 3,
      "y": 0,
      "z": 0
    },
    "rotation": {
      "x": -22.5,
      "y": -37,
      "z": 180
    },
    "origin": {
      "x": 0.43,
      "y": 0.15,
      "z": 0.5
    },
    "scale": 1.43
  },
  "materialDensity": 700,
  "fpHandTransform": {
    "translation": {
      "x": 0.046875,
      "y": -0.34375,
      "z": 0
    },
    "rotation": {
      "x": 4,
      "y": 15,
      "z": 0
    }
  },
  "groundTransform": {
    "translation": {
      "x": 0,
      "y": 0,
      "z": 0
    },
    "rotation": {
      "x": 0,
      "y": 0,
      "z": 0
    },
    "origin": {
      "x": 0.5,
      "y": 0,
      "z": 0.5
    },
    "scale": 4
  },
  "tpHandTransform": {
    "translation": {
      "x": -1.1,
      "y": -1,
      "z": -0.8
    },
    "scale": 0.5
  }
}