[
	{
		"code": "planks-from-logs",
		"enabled": true,
		"attributes": {
			"requires": "vinteng:vesawblade-*",
			"requiresvariants": ["tinbronze", "iron", "meteoriciron", "steel", "titanium"],
			"requiresdurability": true
		},
		"powerpercraft": 400,
		"ingredients": [
			{ "type": "block", "code": "game:log-placed-*-ud", "quantity": 1, "name": "wood" }
		],
		"outputs": [
			{ "type": "item", "code": "game:plank-{wood}", "stacksize": 14 },
			{ "type": "item", "code": "vinteng:sawdust", "stacksize": 4, "variable": 1 },
			{ "type": "item", "code": "game:stick", "stacksize": 2, "variable": 1 }
		]
	},
	{
		"code": "planks-from-logsections",
		"enabled": true,
		"attributes": {
			"requires": "vinteng:vesawblade-*",
			"requiresvariants": ["tinbronze", "iron", "meteoriciron", "steel", "titanium"],
			"requiresdurability": true
		},
		"powerpercraft": 400,
		"ingredients": [
			{ "type": "block", "code": "game:logsection-placed-*-ne-ud", "quantity": 1, "name": "wood" }
		],
		"outputs": [
			{ "type": "item", "code": "game:plank-{wood}", "stacksize": 14 },
			{ "type": "item", "code": "vinteng:sawdust", "stacksize": 4, "variable": 1 },
			{ "type": "item", "code": "game:stick", "stacksize": 2, "variable": 1 }
		]
	},
	{
		"code": "planks-from-plank-blocks-ud",
		"enabled": true,
		"attributes": {
			"requires": "vinteng:vesawblade-*",
			"requiresvariants": ["tinbronze", "iron", "meteoriciron", "steel", "titanium"],
			"requiresdurability": true
		},
		"powerpercraft": 400,
		"ingredients": [
			{ "type": "block", "code": "game:planks-*-ud", "quantity": 1, "name": "wood", "skipVariants": ["agedebony", "rottenebony"] }
		],
		"outputs": [
			{ "type": "item", "code": "game:plank-{wood}", "stacksize": 4 }
		]
	},
	{
		"code": "planks-from-plank-blocks-ns",
		"enabled": true,
		"attributes": {
			"requires": "vinteng:vesawblade-*",
			"requiresvariants": ["tinbronze", "iron", "meteoriciron", "steel", "titanium"],
			"requiresdurability": true
		},
		"powerpercraft": 400,
		"ingredients": [
			{ "type": "block", "code": "game:planks-*-ns", "quantity": 1, "name": "wood", "skipVariants": ["agedebony", "rottenebony"] }
		],
		"outputs": [
			{ "type": "item", "code": "game:plank-{wood}", "stacksize": 4 }
		]
	},
	{
		"code": "planks-from-plank-stairs",
		"enabled": true,
		"attributes": {
			"requires": "vinteng:vesawblade-*",
			"requiresvariants": ["tinbronze", "iron", "meteoriciron", "steel", "titanium"],
			"requiresdurability": true
		},
		"powerpercraft": 300,
		"ingredients": [
			{ "type": "block", "code": "game:plankstairs-*-up-north-free", "quantity": 1, "name": "wood", "skipVariants": ["agedebony", "rottenebony"] }
		],
		"outputs": [
			{ "type": "item", "code": "game:plank-{wood}", "stacksize": 3 }
		]
	},
	{
		"code": "planks-from-plank-slab",
		"enabled": true,
		"attributes": {
			"requires": "vinteng:vesawblade-*",
			"requiresvariants": ["tinbronze", "iron", "meteoriciron", "steel", "titanium"],
			"requiresdurability": true
		},
		"powerpercraft": 200,
		"ingredients": [
			{ "type": "block", "code": "game:plankslab-*-down-free", "quantity": 1, "name": "wood", "skipVariants": ["agedebony", "rottenebony"] }
		],
		"outputs": [
			{ "type": "item", "code": "game:plank-{wood}", "stacksize": 2 }
		]
	}
]