{
	"editor": {
		"backDropShape": "C:/Users/ahron/Documents/GitHub/VS_Horse/resources/assets/feverstonehorses/shapes/entity/land/horse-shire",
		"collapsedPaths": "",
		"allAngles": false,
		"entityTextureMode": false
	},
	"textureWidth": 16,
	"textureHeight": 16,
	"textureSizes": {
	},
	"textures": {
		"blackguard": "game:item/wearable/hooved/blanket/blackguard"
	},
	"elements": [
		{
			"name": "BlanketMidUpperR",
			"stepParentName": "MidBodyUpperRight",
			"from": [ 0.0, 0.2, -0.2 ],
			"to": [ 14.5, 0.6, 5.0 ],
			"rotationOrigin": [ 0.0, 0.2, -0.2 ],
			"faces": {
				"north": { "texture": "#blackguard", "uv": [ 1.0, 5.3333, 14.5, 5.6667 ], "autoUv": false },
				"east": { "texture": "#blackguard", "uv": [ 5.0, 4.6667, 10.0, 5.0 ] },
				"south": { "texture": "#blackguard", "uv": [ 1.0, 5.6667, 14.5, 6.0 ], "autoUv": false },
				"west": { "texture": "#blackguard", "uv": [ 2.0, 4.6667, 7.0, 5.0 ] },
				"up": { "texture": "#blackguard", "uv": [ 1.0, 3.0, 15.0, 8.0 ], "autoUv": false },
				"down": { "texture": "#blackguard", "uv": [ 1.0, 3.0, 15.0, 8.0 ], "autoUv": false }
			},
			"children": [
				{
					"name": "BlanketSideR",
					"from": [ 0.0, 0.3, 0.2 ],
					"to": [ 14.5, 9.3, 0.7 ],
					"rotationOrigin": [ 0.0, 0.3, 0.2 ],
					"rotationX": -174.5,
					"faces": {
						"north": { "texture": "#blackguard", "uv": [ 1.0, 0.0, 14.5, 9.0 ], "autoUv": false },
						"east": { "texture": "#blackguard", "uv": [ 2.0, 3.0, 2.5, 12.0 ] },
						"south": { "texture": "#blackguard", "uv": [ 1.0, 0.0, 14.5, 9.0 ], "autoUv": false },
						"west": { "texture": "#blackguard", "uv": [ 2.0, 3.0, 2.5, 12.0 ] },
						"up": { "texture": "#blackguard", "uv": [ 1.0, 14.6667, 14.5, 15.0 ], "autoUv": false },
						"down": { "texture": "#blackguard", "uv": [ 1.0, 8.3333, 14.5, 8.6667 ], "autoUv": false }
					}
				}
			]
		},
		{
			"name": "BlanketMidUpperL",
			"stepParentName": "MidBodyUpperLeft",
			"from": [ 0.0, 0.2, 0.0 ],
			"to": [ 14.5, 0.6, 5.2 ],
			"rotationOrigin": [ 0.0, 0.2, 0.0 ],
			"faces": {
				"north": { "texture": "#blackguard", "uv": [ 1.0, 5.6667, 14.5, 6.0 ], "autoUv": false },
				"east": { "texture": "#blackguard", "uv": [ 4.5, 5.3333, 9.5, 5.6667 ] },
				"south": { "texture": "#blackguard", "uv": [ 1.5, 5.3333, 15.0, 5.6667 ], "autoUv": false },
				"west": { "texture": "#blackguard", "uv": [ 5.0, 5.6667, 10.0, 6.0 ] },
				"up": { "texture": "#blackguard", "uv": [ 1.0, 7.3333, 15.0, 12.3333 ], "autoUv": false },
				"down": { "texture": "#blackguard", "uv": [ 1.0, 6.6667, 15.0, 11.6667 ], "autoUv": false }
			},
			"children": [
				{
					"name": "BlanketSideL",
					"from": [ 0.0, 0.3, 5.5 ],
					"to": [ 14.5, 9.3, 6.0 ],
					"rotationOrigin": [ 0.0, 0.3, 5.5 ],
					"rotationX": 174.5,
					"faces": {
						"north": { "texture": "#blackguard", "uv": [ 1.0, 0.0, 14.5, 9.0 ], "autoUv": false },
						"east": { "texture": "#blackguard", "uv": [ 2.5, 3.0, 3.0, 12.0 ] },
						"south": { "texture": "#blackguard", "uv": [ 1.0, 3.0, 14.5, 12.0 ], "autoUv": false },
						"west": { "texture": "#blackguard", "uv": [ 2.0, 3.0, 2.5, 12.0 ] },
						"up": { "texture": "#blackguard", "uv": [ 1.0, 5.6667, 14.5, 6.0 ], "autoUv": false },
						"down": { "texture": "#blackguard", "uv": [ 1.5, 8.3333, 15.0, 8.6667 ], "autoUv": false }
					}
				}
			]
		},
		{
			"name": "BlanketFrontUpperR",
			"stepParentName": "FrontBodyUpperRight1",
			"from": [ 5.1, 1.3, -0.8 ],
			"to": [ 8.1, 1.7, 4.7 ],
			"rotationOrigin": [ 5.1, 1.3, -0.8 ],
			"rotationX": 1.0,
			"faces": {
				"north": { "texture": "#blackguard", "uv": [ 1.0, 5.3333, 3.5, 5.6667 ], "autoUv": false },
				"east": { "texture": "#blackguard", "uv": [ 5.0, 4.6667, 10.5, 5.0 ] },
				"south": { "texture": "#blackguard", "uv": [ 1.0, 5.6667, 3.5, 6.0 ], "autoUv": false },
				"west": { "texture": "#blackguard", "uv": [ 2.0, 4.3333, 9.0, 4.6667 ], "autoUv": false },
				"up": { "texture": "#blackguard", "uv": [ 1.0, 3.0, 3.5, 8.0 ], "autoUv": false },
				"down": { "texture": "#blackguard", "uv": [ 1.0, 3.0, 15.0, 8.0 ], "autoUv": false }
			},
			"children": [
				{
					"name": "BlanketFrontSideR",
					"from": [ 0.0, 0.0, 0.1 ],
					"to": [ 3.0, 9.0, 0.6 ],
					"rotationOrigin": [ 0.0, 0.0, 0.1 ],
					"rotationX": -172.5,
					"rotationZ": -9.0,
					"faces": {
						"north": { "texture": "#blackguard", "uv": [ 1.0, 0.0, 14.5, 9.0 ], "autoUv": false },
						"east": { "texture": "#blackguard", "uv": [ 2.0, 0.6667, 2.5, 7.6667 ], "autoUv": false },
						"south": { "texture": "#blackguard", "uv": [ 11.5, 0.3333, 15.0, 9.3333 ], "autoUv": false },
						"west": { "texture": "#blackguard", "uv": [ 2.0, 3.0, 2.5, 12.0 ] },
						"up": { "texture": "#blackguard", "uv": [ 1.0, 14.6667, 14.5, 15.0 ], "autoUv": false },
						"down": { "texture": "#blackguard", "uv": [ 1.0, 8.3333, 4.5, 8.6667 ], "autoUv": false }
					},
					"children": [
						{
							"name": "BlanketFrontSideR2",
							"from": [ 0.0, 0.1, 0.5 ],
							"to": [ 3.0, 9.1, 1.0 ],
							"rotationOrigin": [ 0.0, 0.1, 0.5 ],
							"rotationX": -1.0,
							"rotationY": 5.0,
							"rotationZ": 0.0,
							"faces": {
								"north": { "texture": "#blackguard", "uv": [ 1.0, 0.0, 14.5, 9.0 ], "autoUv": false },
								"east": { "texture": "#blackguard", "uv": [ 2.0, 0.6667, 2.5, 7.6667 ], "autoUv": false },
								"south": { "texture": "#blackguard", "uv": [ 11.5, 0.3333, 15.0, 9.3333 ], "autoUv": false },
								"west": { "texture": "#blackguard", "uv": [ 2.0, 3.0, 2.5, 12.0 ] },
								"up": { "texture": "#blackguard", "uv": [ 1.0, 14.6667, 14.5, 15.0 ], "autoUv": false },
								"down": { "texture": "#blackguard", "uv": [ 1.0, 8.3333, 4.5, 8.6667 ], "autoUv": false }
							}
						}
					]
				}
			]
		},
		{
			"name": "BlanketFrontUpperL",
			"stepParentName": "FrontBodyUpperLeft1",
			"from": [ 5.1, 1.2, 0.1 ],
			"to": [ 8.1, 1.6, 5.6 ],
			"rotationOrigin": [ 5.1, 1.2, 0.1 ],
			"rotationX": -1.0,
			"faces": {
				"north": { "texture": "#blackguard", "uv": [ 1.0, 5.6667, 14.5, 6.0 ], "autoUv": false },
				"east": { "texture": "#blackguard", "uv": [ 4.0, 5.3333, 9.5, 5.6667 ] },
				"south": { "texture": "#blackguard", "uv": [ 2.0, 5.3333, 4.5, 5.6667 ], "autoUv": false },
				"west": { "texture": "#blackguard", "uv": [ 4.0, 5.6667, 9.5, 6.0 ] },
				"up": { "texture": "#blackguard", "uv": [ 1.0, 7.3333, 3.0, 12.3333 ], "autoUv": false },
				"down": { "texture": "#blackguard", "uv": [ 1.0, 6.6667, 15.0, 11.6667 ], "autoUv": false }
			},
			"children": [
				{
					"name": "BlanketFrontSideL",
					"from": [ 0.0, -0.5, 5.9 ],
					"to": [ 3.1, 8.5, 6.4 ],
					"rotationOrigin": [ 0.0, -0.2, 5.9 ],
					"rotationX": 173.5,
					"rotationZ": -9.0,
					"faces": {
						"north": { "texture": "#blackguard", "uv": [ 1.0, 0.0, 3.5, 9.0 ], "autoUv": false },
						"east": { "texture": "#blackguard", "uv": [ 2.0, 0.0, 2.5, 9.0 ], "autoUv": false },
						"south": { "texture": "#blackguard", "uv": [ 1.0, 3.0, 14.5, 12.0 ], "autoUv": false },
						"west": { "texture": "#blackguard", "uv": [ 2.0, 3.0, 2.5, 12.0 ], "autoUv": false },
						"up": { "texture": "#blackguard", "uv": [ 1.0, 5.6667, 10.5, 6.0 ], "autoUv": false },
						"down": { "texture": "#blackguard", "uv": [ 1.0, 9.3333, 4.5, 9.6667 ], "autoUv": false }
					},
					"children": [
						{
							"name": "BlanketFrontSideL2",
							"from": [ 0.0, 0.7, -0.5 ],
							"to": [ 3.0, 9.0, 0.0 ],
							"rotationOrigin": [ 0.0, 1.0, -0.5 ],
							"rotationY": -5.0,
							"rotationZ": 0.0,
							"faces": {
								"north": { "texture": "#blackguard", "uv": [ 1.0, 0.0, 3.5, 9.0 ], "autoUv": false },
								"east": { "texture": "#blackguard", "uv": [ 2.0, 0.0, 2.5, 9.0 ], "autoUv": false },
								"south": { "texture": "#blackguard", "uv": [ 1.0, 3.0, 14.5, 12.0 ], "autoUv": false },
								"west": { "texture": "#blackguard", "uv": [ 2.0, 3.0, 2.5, 12.0 ], "autoUv": false },
								"up": { "texture": "#blackguard", "uv": [ 1.0, 5.6667, 10.5, 6.0 ], "autoUv": false },
								"down": { "texture": "#blackguard", "uv": [ 1.0, 9.3333, 4.5, 9.6667 ], "autoUv": false }
							}
						}
					]
				}
			]
		}
	],
	"animations": [
	]
}