{
	"editor": {
		"backDropShape": "entity/direwolf-adult",
		"collapsedPaths": "Root/ORIGIN/saddle/lsaddlebone2,Root/ORIGIN/saddle/lsaddlebone1,Root/ORIGIN/saddle/Cube42,Root/Body/neck/head/mouth up/Cube22,Root/Body/neck,Root/blankettop,Root/lfarmbrace,Root/ORIGIN/saddle/lsaddlebone4,Root/ORIGIN/saddle/lsaddlebone3,Root/rfarmbrace,Root/ORIGIN/saddle/Cube18,Root/ORIGIN/saddle,Root/rbackarmbrace,Root/Body/neck/head/mouth up/jaw,Root/ORIGIN/saddle/Cube10,Root/ORIGIN/rbackarmbrace,Root/Body/abdomen/right back leg,Root/ORIGIN/saddle/Cube14,Root/ORIGIN/saddle/Cube102,Root/saddle,Root/Body/neck/head/mouth up/Cube37,Root/ORIGIN/saddle/Cube30,Root/ORIGIN/rfarmbrace,Root/ORIGIN/saddle/saddlefrontbone,Root/ORIGIN/saddle/rsaddlebone2,Root/ORIGIN/saddle/rsaddlebone1,Root/ORIGIN/saddle/rsaddlebone4,Root/Body/neck/head/mouth up/nose,Root/ORIGIN/lbackarmbrace,Root/ORIGIN/saddle/rsaddlebone3,Root/ORIGIN/saddle/linentop/linentop2,Root/lbackarmbrace,Root/ORIGIN/lfarmbrace,Root/ORIGIN/saddle/linentop,Root/ORIGIN/saddle/saddlerear1/Cube26",
		"allAngles": false,
		"entityTextureMode": false
	},
	"textureWidth": 16,
	"textureHeight": 16,
	"textureSizes": {
	},
	"textures": {
		"skullandsaddle": "items/skullandsaddledirewolf"
	},
	"elements": [
		{
			"name": "ORIGIN",
			"stepParentName": "Midsection",
			"from": [ 3.1, 9.0, 1.02 ],
			"to": [ 3.1, 9.0, 1.02 ],
			"rotationOrigin": [ 3.4, 12.62, 5.02 ],
			"rotationZ": 2.0,
			"faces": {
				"north": { "texture": "#null", "uv": [ 0.0, 0.0, 0.5, 0.5 ] },
				"east": { "texture": "#null", "uv": [ 0.0, 0.0, 0.5, 0.5 ] },
				"south": { "texture": "#null", "uv": [ 0.0, 0.0, 0.5, 0.5 ] },
				"west": { "texture": "#null", "uv": [ 0.0, 0.0, 0.5, 0.5 ] },
				"up": { "texture": "#null", "uv": [ 0.0, 0.0, 0.5, 0.5 ] },
				"down": { "texture": "#null", "uv": [ 0.0, 0.0, 0.5, 0.5 ] }
			},
			"children": [
				{
					"name": "saddle",
					"from": [ -4.84, 2.2, -1.76 ],
					"to": [ -3.08, 3.784, 3.08 ],
					"rotationOrigin": [ -4.4, 2.64, 2.2 ],
					"faces": {
						"north": { "texture": "#skullandsaddle", "uv": [ 7.0, 0.5, 8.76, 1.82 ] },
						"east": { "texture": "#skullandsaddle", "uv": [ 7.0, 0.25, 8.54, 4.65 ], "rotation": 90, "autoUv": false },
						"south": { "texture": "#skullandsaddle", "uv": [ 7.0, 0.5, 8.76, 1.82 ] },
						"west": { "texture": "#skullandsaddle", "uv": [ 7.0, 0.0, 8.98, 4.84 ], "rotation": 90, "autoUv": false },
						"up": { "texture": "#skullandsaddle", "uv": [ 7.0, 0.0, 8.76, 4.84 ] },
						"down": { "texture": "#skullandsaddle", "uv": [ 7.0, 0.0, 8.76, 4.84 ] }
					},
					"children": [
						{
							"name": "Cube98",
							"from": [ 0.0, 0.0, 4.84 ],
							"to": [ 1.76, 1.584, 9.68 ],
							"rotationOrigin": [ 0.0, 0.88, 6.732 ],
							"faces": {
								"north": { "texture": "#skullandsaddle", "uv": [ 7.0, 0.5, 8.76, 2.04 ] },
								"east": { "texture": "#skullandsaddle", "uv": [ 7.0, 0.25, 8.54, 4.65 ], "rotation": 90, "autoUv": false },
								"south": { "texture": "#skullandsaddle", "uv": [ 7.0, 0.5, 8.76, 2.04 ] },
								"west": { "texture": "#skullandsaddle", "uv": [ 6.75, 0.25, 8.73, 5.09 ], "rotation": 90, "autoUv": false },
								"up": { "texture": "#skullandsaddle", "uv": [ 7.0, 0.25, 8.76, 5.09 ] },
								"down": { "texture": "#skullandsaddle", "uv": [ 7.0, 0.25, 8.76, 5.09 ] }
							}
						},
						{
							"name": "linentop",
							"from": [ 1.76, 0.264, -0.132 ],
							"to": [ 10.56, 0.704, 9.9 ],
							"rotationOrigin": [ 1.76, 0.88, 4.092 ],
							"faces": {
								"north": { "texture": "#skullandsaddle", "uv": [ 6.5, 6.0, 9.58, 6.88 ], "autoUv": false },
								"east": { "texture": "#skullandsaddle", "uv": [ 6.5, 6.5, 9.8, 6.94 ], "autoUv": false },
								"south": { "texture": "#skullandsaddle", "uv": [ 7.5, 6.25, 10.58, 7.57 ], "autoUv": false },
								"west": { "texture": "#skullandsaddle", "uv": [ 7.0, 7.25, 10.3, 8.13 ], "autoUv": false },
								"up": { "texture": "#skullandsaddle", "uv": [ 7.5, 6.25, 11.02, 9.77 ], "rotation": 90, "autoUv": false },
								"down": { "texture": "#skullandsaddle", "uv": [ 6.75, 6.75, 10.27, 8.07 ], "autoUv": false }
							},
							"children": [
								{
									"name": "linentop2",
									"from": [ 0.0, 0.44, 0.044 ],
									"to": [ 5.28, 0.88, 9.9 ],
									"rotationOrigin": [ 0.0, 0.616, 4.664 ],
									"faces": {
										"north": { "texture": "#skullandsaddle", "uv": [ 6.5, 6.0, 9.58, 6.88 ], "autoUv": false },
										"east": { "texture": "#skullandsaddle", "uv": [ 6.5, 6.5, 9.8, 6.94 ], "autoUv": false },
										"south": { "texture": "#skullandsaddle", "uv": [ 7.5, 6.25, 10.58, 7.57 ], "autoUv": false },
										"west": { "texture": "#skullandsaddle", "uv": [ 7.0, 7.25, 10.3, 8.13 ], "autoUv": false },
										"up": { "texture": "#skullandsaddle", "uv": [ 10.0, 5.75, 11.98, 9.05 ], "rotation": 180, "autoUv": false },
										"down": { "texture": "#skullandsaddle", "uv": [ 6.75, 6.75, 10.27, 8.07 ], "autoUv": false }
									},
									"children": [
										{
											"name": "linenR",
											"from": [ 0.0, -3.08, -0.06 ],
											"to": [ 8.8, -0.264, 0.204 ],
											"rotationOrigin": [ 3.96, -1.76, 0.0 ],
											"rotationY": -5.0,
											"faces": {
												"north": { "texture": "#skullandsaddle", "uv": [ 6.5, 6.25, 10.24, 8.01 ], "autoUv": false },
												"east": { "texture": "#skullandsaddle", "uv": [ 7.0, 7.25, 7.25, 10.0 ] },
												"south": { "texture": "#skullandsaddle", "uv": [ 7.25, 7.0, 11.21, 10.08 ], "autoUv": false },
												"west": { "texture": "#skullandsaddle", "uv": [ 7.0, 6.25, 7.25, 9.0 ] },
												"up": { "texture": "#skullandsaddle", "uv": [ 7.0, 7.5, 11.4, 7.94 ], "autoUv": false },
												"down": { "texture": "#skullandsaddle", "uv": [ 6.5, 6.25, 11.12, 6.69 ], "autoUv": false }
											}
										},
										{
											"name": "linenL",
											"from": [ 0.0, -3.08, 9.5 ],
											"to": [ 8.8, -0.264, 9.764 ],
											"rotationOrigin": [ 3.96, -1.76, 9.68 ],
											"rotationY": 5.0,
											"faces": {
												"north": { "texture": "#skullandsaddle", "uv": [ 6.5, 6.0, 10.9, 8.42 ], "autoUv": false },
												"east": { "texture": "#skullandsaddle", "uv": [ 7.0, 7.25, 7.25, 10.0 ] },
												"south": { "texture": "#skullandsaddle", "uv": [ 6.5, 6.25, 10.02, 7.79 ], "autoUv": false },
												"west": { "texture": "#skullandsaddle", "uv": [ 7.0, 6.25, 7.25, 9.0 ] },
												"up": { "texture": "#skullandsaddle", "uv": [ 6.25, 7.5, 11.09, 7.94 ], "autoUv": false },
												"down": { "texture": "#skullandsaddle", "uv": [ 6.5, 6.25, 11.12, 6.69 ], "autoUv": false }
											}
										}
									]
								}
							]
						},
						{
							"name": "saddlefrontbone",
							"from": [ -0.44, -11.88, 4.092 ],
							"to": [ 6.16, -11.0, 5.676 ],
							"rotationOrigin": [ 0.0, -10.56, 4.972 ],
							"faces": {
								"north": { "texture": "#skullandsaddle", "uv": [ 0.0, 0.0, 3.08, 0.88 ], "autoUv": false },
								"east": { "texture": "#skullandsaddle", "uv": [ 0.75, 0.5, 2.29, 1.38 ] },
								"south": { "texture": "#skullandsaddle", "uv": [ 0.25, 0.5, 3.33, 1.82 ], "autoUv": false },
								"west": { "texture": "#skullandsaddle", "uv": [ 0.5, 0.0, 2.04, 0.88 ] },
								"up": { "texture": "#skullandsaddle", "uv": [ 0.0, 0.0, 3.3, 1.54 ], "autoUv": false },
								"down": { "texture": "#skullandsaddle", "uv": [ 0.0, 0.0, 3.52, 1.32 ], "autoUv": false }
							},
							"children": [
								{
									"name": "Cube33",
									"from": [ 6.6, 0.0, 0.0 ],
									"to": [ 11.616, 0.88, 1.584 ],
									"rotationOrigin": [ 6.6, 0.792, 0.88 ],
									"faces": {
										"north": { "texture": "#skullandsaddle", "uv": [ 0.0, 0.0, 3.08, 0.88 ], "autoUv": false },
										"east": { "texture": "#skullandsaddle", "uv": [ 0.75, 0.5, 2.29, 1.38 ] },
										"south": { "texture": "#skullandsaddle", "uv": [ 0.25, 0.5, 3.33, 1.82 ], "autoUv": false },
										"west": { "texture": "#skullandsaddle", "uv": [ 0.5, 0.0, 2.04, 0.88 ] },
										"up": { "texture": "#skullandsaddle", "uv": [ 0.0, 0.0, 3.3, 1.54 ], "autoUv": false },
										"down": { "texture": "#skullandsaddle", "uv": [ 0.0, 0.0, 3.52, 1.32 ], "autoUv": false }
									},
									"children": [
										{
											"name": "Cube6",
											"from": [ -0.88, 0.176, -1.76 ],
											"to": [ 0.0, 0.88, 0.0 ],
											"rotationOrigin": [ -0.88, 0.0, -0.88 ],
											"faces": {
												"north": { "texture": "#skullandsaddle", "uv": [ 0.0, 0.0, 0.88, 0.66 ] },
												"east": { "texture": "#skullandsaddle", "uv": [ 0.0, 0.0, 1.76, 0.66 ] },
												"south": { "texture": "#skullandsaddle", "uv": [ 0.0, 0.0, 0.88, 0.66 ] },
												"west": { "texture": "#skullandsaddle", "uv": [ 0.0, 0.0, 1.76, 0.66 ] },
												"up": { "texture": "#skullandsaddle", "uv": [ 0.0, 0.0, 0.88, 1.76 ] },
												"down": { "texture": "#skullandsaddle", "uv": [ 0.0, 0.0, 0.88, 1.76 ] }
											}
										},
										{
											"name": "Cube7",
											"from": [ 0.88, 0.176, -2.64 ],
											"to": [ 1.76, 0.88, 0.0 ],
											"rotationOrigin": [ 0.88, 0.0, -0.88 ],
											"faces": {
												"north": { "texture": "#skullandsaddle", "uv": [ 0.0, 0.0, 0.88, 0.66 ] },
												"east": { "texture": "#skullandsaddle", "uv": [ 0.0, 0.0, 2.64, 0.66 ] },
												"south": { "texture": "#skullandsaddle", "uv": [ 0.0, 0.0, 0.88, 0.66 ] },
												"west": { "texture": "#skullandsaddle", "uv": [ 0.0, 0.0, 2.64, 0.66 ] },
												"up": { "texture": "#skullandsaddle", "uv": [ 0.0, 0.0, 0.88, 2.64 ] },
												"down": { "texture": "#skullandsaddle", "uv": [ 0.0, 0.0, 0.88, 2.64 ] }
											}
										},
										{
											"name": "Cube8",
											"from": [ 2.64, 0.176, -1.76 ],
											"to": [ 3.52, 0.88, 0.0 ],
											"rotationOrigin": [ 2.64, 0.0, -0.88 ],
											"faces": {
												"north": { "texture": "#skullandsaddle", "uv": [ 0.0, 0.0, 0.88, 0.66 ] },
												"east": { "texture": "#skullandsaddle", "uv": [ 0.0, 0.0, 1.76, 0.66 ] },
												"south": { "texture": "#skullandsaddle", "uv": [ 0.0, 0.0, 0.88, 0.66 ] },
												"west": { "texture": "#skullandsaddle", "uv": [ 0.0, 0.0, 1.76, 0.66 ] },
												"up": { "texture": "#skullandsaddle", "uv": [ 0.0, 0.0, 0.88, 1.76 ] },
												"down": { "texture": "#skullandsaddle", "uv": [ 0.0, 0.0, 0.88, 1.76 ] }
											}
										},
										{
											"name": "Cube11",
											"from": [ 2.64, 0.176, 1.584 ],
											"to": [ 3.52, 0.88, 3.344 ],
											"rotationOrigin": [ 2.64, 0.0, 1.76 ],
											"faces": {
												"north": { "texture": "#skullandsaddle", "uv": [ 0.0, 0.0, 0.88, 0.66 ] },
												"east": { "texture": "#skullandsaddle", "uv": [ 0.0, 0.0, 1.76, 0.66 ] },
												"south": { "texture": "#skullandsaddle", "uv": [ 0.0, 0.0, 0.88, 0.66 ] },
												"west": { "texture": "#skullandsaddle", "uv": [ 0.0, 0.0, 1.76, 0.66 ] },
												"up": { "texture": "#skullandsaddle", "uv": [ 0.0, 0.0, 0.88, 1.76 ] },
												"down": { "texture": "#skullandsaddle", "uv": [ 0.0, 0.0, 0.88, 1.76 ] }
											}
										},
										{
											"name": "Cube13",
											"from": [ 0.88, 0.176, 1.584 ],
											"to": [ 1.76, 0.88, 4.224 ],
											"rotationOrigin": [ 0.88, 0.0, 2.64 ],
											"faces": {
												"north": { "texture": "#skullandsaddle", "uv": [ 0.0, 0.0, 0.88, 0.66 ] },
												"east": { "texture": "#skullandsaddle", "uv": [ 0.0, 0.0, 2.64, 0.66 ] },
												"south": { "texture": "#skullandsaddle", "uv": [ 0.0, 0.0, 0.88, 0.66 ] },
												"west": { "texture": "#skullandsaddle", "uv": [ 0.0, 0.0, 2.64, 0.66 ] },
												"up": { "texture": "#skullandsaddle", "uv": [ 0.0, 0.0, 0.88, 2.64 ] },
												"down": { "texture": "#skullandsaddle", "uv": [ 0.0, 0.0, 0.88, 2.64 ] }
											}
										},
										{
											"name": "Cube16",
											"from": [ -0.88, 0.176, 1.584 ],
											"to": [ 0.0, 0.88, 3.344 ],
											"rotationOrigin": [ -0.88, 0.0, 3.52 ],
											"faces": {
												"north": { "texture": "#skullandsaddle", "uv": [ 0.0, 0.0, 0.88, 0.66 ] },
												"east": { "texture": "#skullandsaddle", "uv": [ 0.0, 0.0, 1.76, 0.66 ] },
												"south": { "texture": "#skullandsaddle", "uv": [ 0.0, 0.0, 0.88, 0.66 ] },
												"west": { "texture": "#skullandsaddle", "uv": [ 0.0, 0.0, 1.76, 0.66 ] },
												"up": { "texture": "#skullandsaddle", "uv": [ 0.0, 0.0, 0.88, 1.76 ] },
												"down": { "texture": "#skullandsaddle", "uv": [ 0.0, 0.0, 0.88, 1.76 ] }
											}
										}
									]
								}
							]
						},
						{
							"name": "saddlerear1",
							"from": [ 10.56, -0.88, 0.0 ],
							"to": [ 12.32, 0.704, 4.84 ],
							"rotationOrigin": [ 10.56, 0.0, 2.332 ],
							"faces": {
								"north": { "texture": "#skullandsaddle", "uv": [ 7.0, 0.5, 8.76, 2.04 ] },
								"east": { "texture": "#skullandsaddle", "uv": [ 7.0, 0.25, 8.54, 4.65 ], "rotation": 90, "autoUv": false },
								"south": { "texture": "#skullandsaddle", "uv": [ 7.0, 0.5, 8.76, 2.04 ] },
								"west": { "texture": "#skullandsaddle", "uv": [ 7.0, 0.0, 8.98, 4.84 ], "rotation": 90, "autoUv": false },
								"up": { "texture": "#skullandsaddle", "uv": [ 6.75, 0.0, 8.51, 4.84 ] },
								"down": { "texture": "#skullandsaddle", "uv": [ 7.0, 0.0, 8.76, 4.84 ] }
							},
							"children": [
								{
									"name": "saddlerear2",
									"from": [ 0.0, 0.0, 4.84 ],
									"to": [ 1.76, 1.584, 9.68 ],
									"rotationOrigin": [ 0.0, 0.88, 6.732 ],
									"faces": {
										"north": { "texture": "#skullandsaddle", "uv": [ 7.0, 0.5, 8.76, 2.04 ] },
										"east": { "texture": "#skullandsaddle", "uv": [ 7.0, 0.25, 8.54, 4.65 ], "rotation": 90, "autoUv": false },
										"south": { "texture": "#skullandsaddle", "uv": [ 7.0, 0.5, 8.76, 2.04 ] },
										"west": { "texture": "#skullandsaddle", "uv": [ 6.75, 0.25, 8.73, 5.09 ], "rotation": 90, "autoUv": false },
										"up": { "texture": "#skullandsaddle", "uv": [ 7.0, 0.25, 8.76, 5.09 ] },
										"down": { "texture": "#skullandsaddle", "uv": [ 7.0, 0.25, 8.76, 5.09 ] }
									}
								},
								{
									"name": "Cube23",
									"from": [ -2.816, -10.5, 0.65 ],
									"to": [ -1.672, -10.06, 4.49 ],
									"rotationOrigin": [ -2.64, -9.68, 1.0 ],
									"faces": {
										"north": { "texture": "#skullandsaddle", "uv": [ 7.0, 0.5, 8.0, 0.75 ] },
										"east": { "texture": "#skullandsaddle", "uv": [ 6.5, 0.5, 10.25, 0.75 ] },
										"south": { "texture": "#skullandsaddle", "uv": [ 7.25, 0.75, 8.25, 1.0 ] },
										"west": { "texture": "#skullandsaddle", "uv": [ 6.5, 1.0, 10.25, 1.25 ] },
										"up": { "texture": "#skullandsaddle", "uv": [ 6.75, 0.25, 7.85, 4.65 ], "autoUv": false },
										"down": { "texture": "#skullandsaddle", "uv": [ 6.75, 0.25, 7.85, 4.87 ], "autoUv": false }
									}
								},
								{
									"name": "Cube26",
									"from": [ -10.736, -11.5, -0.352 ],
									"to": [ -9.592, -11.06, 4.488 ],
									"rotationOrigin": [ -10.56, -11.68, 4.4 ],
									"faces": {
										"north": { "texture": "#skullandsaddle", "uv": [ 7.0, 0.5, 8.0, 0.75 ] },
										"east": { "texture": "#skullandsaddle", "uv": [ 6.5, 0.5, 11.25, 0.75 ] },
										"south": { "texture": "#skullandsaddle", "uv": [ 7.25, 0.75, 8.25, 1.0 ] },
										"west": { "texture": "#skullandsaddle", "uv": [ 6.5, 1.0, 11.25, 1.25 ] },
										"up": { "texture": "#skullandsaddle", "uv": [ 6.75, 0.25, 7.85, 4.65 ], "autoUv": false },
										"down": { "texture": "#skullandsaddle", "uv": [ 6.75, 0.25, 7.85, 4.87 ], "autoUv": false }
									},
									"children": [
										{
											"name": "Cube28",
											"from": [ 0.0, 0.0, 5.324 ],
											"to": [ 1.144, 0.44, 10.34 ],
											"rotationOrigin": [ 0.176, 0.6952, 5.632 ],
											"faces": {
												"north": { "texture": "#skullandsaddle", "uv": [ 7.0, 0.5, 7.88, 0.94 ] },
												"east": { "texture": "#skullandsaddle", "uv": [ 6.5, 0.5, 11.34, 0.94 ] },
												"south": { "texture": "#skullandsaddle", "uv": [ 7.5, 1.0, 8.38, 1.44 ] },
												"west": { "texture": "#skullandsaddle", "uv": [ 6.5, 1.0, 11.34, 1.44 ] },
												"up": { "texture": "#skullandsaddle", "uv": [ 6.75, 0.25, 7.85, 4.65 ], "autoUv": false },
												"down": { "texture": "#skullandsaddle", "uv": [ 6.75, 0.25, 7.85, 4.87 ], "autoUv": false }
											}
										}
									]
								},
								{
									"name": "Cube25",
									"from": [ -2.816, -10.5, 4.972 ],
									"to": [ -1.672, -10.06, 9.172 ],
									"rotationOrigin": [ -2.64, -9.8048, 5.28 ],
									"faces": {
										"north": { "texture": "#skullandsaddle", "uv": [ 7.0, 0.5, 8.0, 0.75 ] },
										"east": { "texture": "#skullandsaddle", "uv": [ 6.5, 0.5, 10.5, 0.75 ] },
										"south": { "texture": "#skullandsaddle", "uv": [ 7.25, 0.75, 8.25, 1.0 ] },
										"west": { "texture": "#skullandsaddle", "uv": [ 6.5, 1.0, 10.5, 1.25 ] },
										"up": { "texture": "#skullandsaddle", "uv": [ 6.75, 0.25, 7.85, 4.65 ], "autoUv": false },
										"down": { "texture": "#skullandsaddle", "uv": [ 6.75, 0.25, 7.85, 4.87 ], "autoUv": false }
									}
								}
							]
						},
						{
							"name": "beltRfront",
							"from": [ 0.88, -7.568, -0.44 ],
							"to": [ 2.024, -3.168, -0.088 ],
							"rotationOrigin": [ 1.408, -3.52, 0.0 ],
							"rotationZ": -7.0,
							"faces": {
								"north": { "texture": "#skullandsaddle", "uv": [ 7.0, 0.5, 8.1, 4.9 ] },
								"east": { "texture": "#skullandsaddle", "uv": [ 6.75, 0.5, 6.97, 4.9 ] },
								"south": { "texture": "#skullandsaddle", "uv": [ 7.0, 0.75, 8.1, 5.15 ] },
								"west": { "texture": "#skullandsaddle", "uv": [ 6.75, 0.5, 6.97, 4.9 ] },
								"up": { "texture": "#skullandsaddle", "uv": [ 6.75, 0.5, 7.85, 0.72 ] },
								"down": { "texture": "#skullandsaddle", "uv": [ 7.0, 0.5, 8.1, 0.72 ] }
							},
							"children": [
								{
									"name": "Cube22",
									"from": [ 0.0179, -4.53, 0.0088 ],
									"to": [ 1.1619, 0.02, 0.3608 ],
									"rotationOrigin": [ 1.3379, -0.9292, 0.44 ],
									"faces": {
										"north": { "texture": "#skullandsaddle", "uv": [ 7.0, 0.5, 8.0, 5.0 ] },
										"east": { "texture": "#skullandsaddle", "uv": [ 6.75, 0.5, 7.0, 5.0 ] },
										"south": { "texture": "#skullandsaddle", "uv": [ 7.0, 0.75, 8.0, 5.25 ] },
										"west": { "texture": "#skullandsaddle", "uv": [ 6.75, 0.5, 7.0, 5.0 ] },
										"up": { "texture": "#skullandsaddle", "uv": [ 6.75, 0.5, 7.75, 0.75 ] },
										"down": { "texture": "#skullandsaddle", "uv": [ 7.0, 0.5, 8.0, 0.75 ] }
									}
								},
								{
									"name": "ringRfront",
									"from": [ -0.264, -1.76, -0.176 ],
									"to": [ 1.496, -0.88, 0.352 ],
									"rotationOrigin": [ 0.616, -1.76, 0.44 ],
									"faces": {
										"north": { "texture": "#skullandsaddle", "uv": [ 0.0, 0.0, 1.76, 0.88 ] },
										"east": { "texture": "#skullandsaddle", "uv": [ 0.0, 0.0, 0.44, 0.88 ] },
										"south": { "texture": "#skullandsaddle", "uv": [ 0.0, 0.0, 1.76, 0.88 ] },
										"west": { "texture": "#skullandsaddle", "uv": [ 0.0, 0.0, 0.44, 0.88 ] },
										"up": { "texture": "#skullandsaddle", "uv": [ 0.0, 0.0, 1.76, 0.44 ] },
										"down": { "texture": "#skullandsaddle", "uv": [ 0.0, 0.0, 1.76, 0.44 ] }
									}
								}
							]
						},
						{
							"name": "beltRback",
							"from": [ 7.04, -7.92, 0.56 ],
							"to": [ 8.184, -3.52, 0.912 ],
							"rotationOrigin": [ 7.568, -3.52, 1.0 ],
							"rotationZ": 5.0,
							"faces": {
								"north": { "texture": "#skullandsaddle", "uv": [ 7.0, 0.5, 8.0, 4.75 ] },
								"east": { "texture": "#skullandsaddle", "uv": [ 6.75, 0.5, 7.0, 4.75 ] },
								"south": { "texture": "#skullandsaddle", "uv": [ 7.5, 0.5, 8.5, 4.75 ] },
								"west": { "texture": "#skullandsaddle", "uv": [ 6.75, 0.5, 7.0, 4.75 ] },
								"up": { "texture": "#skullandsaddle", "uv": [ 6.75, 0.5, 7.75, 0.75 ] },
								"down": { "texture": "#skullandsaddle", "uv": [ 7.0, 0.5, 8.0, 0.75 ] }
							},
							"children": [
								{
									"name": "Cube20",
									"from": [ 0.0322, -3.08, -0.0088 ],
									"to": [ 1.1762, 0.0, 0.3432 ],
									"rotationOrigin": [ 0.4722, -0.2769, 0.44 ],
									"faces": {
										"north": { "texture": "#skullandsaddle", "uv": [ 7.0, 0.5, 7.88, 3.58 ] },
										"east": { "texture": "#skullandsaddle", "uv": [ 7.0, 0.5, 7.44, 3.58 ] },
										"south": { "texture": "#skullandsaddle", "uv": [ 7.5, 0.5, 8.38, 3.58 ] },
										"west": { "texture": "#skullandsaddle", "uv": [ 7.0, 0.5, 7.44, 3.58 ] },
										"up": { "texture": "#skullandsaddle", "uv": [ 7.0, 0.5, 7.88, 0.94 ] },
										"down": { "texture": "#skullandsaddle", "uv": [ 7.0, 0.5, 7.88, 0.94 ] }
									}
								}
							]
						},
						{
							"name": "beltLfront",
							"from": [ 0.88, -7.67, 9.68 ],
							"to": [ 2.024, -3.24, 10.032 ],
							"rotationOrigin": [ 1.408, -3.52, 9.68 ],
							"rotationZ": -7.0,
							"faces": {
								"north": { "texture": "#skullandsaddle", "uv": [ 7.0, 0.5, 8.0, 4.75 ] },
								"east": { "texture": "#skullandsaddle", "uv": [ 6.75, 0.5, 7.0, 4.75 ] },
								"south": { "texture": "#skullandsaddle", "uv": [ 7.0, 0.75, 8.0, 5.0 ] },
								"west": { "texture": "#skullandsaddle", "uv": [ 6.75, 0.5, 7.0, 4.75 ] },
								"up": { "texture": "#skullandsaddle", "uv": [ 6.75, 0.5, 7.75, 0.75 ] },
								"down": { "texture": "#skullandsaddle", "uv": [ 7.0, 0.5, 8.0, 0.75 ] }
							},
							"children": [
								{
									"name": "Cube97",
									"from": [ 0.0179, -4.4, 0.0088 ],
									"to": [ 1.1619, 0.0496, 0.3608 ],
									"rotationOrigin": [ 1.3379, -0.9292, 0.44 ],
									"faces": {
										"north": { "texture": "#skullandsaddle", "uv": [ 7.0, 0.5, 8.0, 4.75 ] },
										"east": { "texture": "#skullandsaddle", "uv": [ 6.75, 0.5, 7.0, 4.75 ] },
										"south": { "texture": "#skullandsaddle", "uv": [ 7.0, 0.75, 8.0, 5.0 ] },
										"west": { "texture": "#skullandsaddle", "uv": [ 6.75, 0.5, 7.0, 4.75 ] },
										"up": { "texture": "#skullandsaddle", "uv": [ 6.75, 0.5, 7.75, 0.75 ] },
										"down": { "texture": "#skullandsaddle", "uv": [ 7.0, 0.5, 8.0, 0.75 ] }
									}
								},
								{
									"name": "Cube110",
									"from": [ -0.264, -1.76, 0.0 ],
									"to": [ 1.496, -0.88, 0.528 ],
									"rotationOrigin": [ 0.616, -1.76, 0.0 ],
									"faces": {
										"north": { "texture": "#skullandsaddle", "uv": [ 0.0, 0.0, 1.76, 0.88 ] },
										"east": { "texture": "#skullandsaddle", "uv": [ 0.0, 0.0, 0.44, 0.88 ] },
										"south": { "texture": "#skullandsaddle", "uv": [ 0.0, 0.0, 1.76, 0.88 ] },
										"west": { "texture": "#skullandsaddle", "uv": [ 0.0, 0.0, 0.44, 0.88 ] },
										"up": { "texture": "#skullandsaddle", "uv": [ 0.0, 0.0, 1.76, 0.44 ] },
										"down": { "texture": "#skullandsaddle", "uv": [ 0.0, 0.0, 1.76, 0.44 ] }
									}
								}
							]
						},
						{
							"name": "beltLback",
							"from": [ 7.04, -7.92, 9.0 ],
							"to": [ 8.184, -3.52, 9.352 ],
							"rotationOrigin": [ 7.568, -3.52, 8.68 ],
							"rotationZ": 5.0,
							"faces": {
								"north": { "texture": "#skullandsaddle", "uv": [ 7.0, 0.5, 8.0, 4.75 ] },
								"east": { "texture": "#skullandsaddle", "uv": [ 6.75, 0.5, 7.0, 4.75 ] },
								"south": { "texture": "#skullandsaddle", "uv": [ 7.5, 0.5, 8.5, 4.75 ] },
								"west": { "texture": "#skullandsaddle", "uv": [ 6.75, 0.5, 7.0, 4.75 ] },
								"up": { "texture": "#skullandsaddle", "uv": [ 6.75, 0.5, 7.75, 0.75 ] },
								"down": { "texture": "#skullandsaddle", "uv": [ 7.0, 0.5, 8.0, 0.75 ] }
							},
							"children": [
								{
									"name": "Cube103",
									"from": [ 0.0322, -3.256, -0.0088 ],
									"to": [ 1.1762, 0.0, 0.3432 ],
									"rotationOrigin": [ 0.4722, -0.2769, 0.44 ],
									"faces": {
										"north": { "texture": "#skullandsaddle", "uv": [ 7.0, 0.5, 7.88, 3.58 ] },
										"east": { "texture": "#skullandsaddle", "uv": [ 7.0, 0.5, 7.44, 3.58 ] },
										"south": { "texture": "#skullandsaddle", "uv": [ 7.5, 0.5, 8.38, 3.58 ] },
										"west": { "texture": "#skullandsaddle", "uv": [ 7.0, 0.5, 7.44, 3.58 ] },
										"up": { "texture": "#skullandsaddle", "uv": [ 7.0, 0.5, 7.88, 0.94 ] },
										"down": { "texture": "#skullandsaddle", "uv": [ 7.0, 0.5, 7.88, 0.94 ] }
									}
								}
							]
						},
						{
							"name": "Cube106",
							"from": [ -0.4, -12.7, 4.136 ],
							"to": [ 1.36, -11.82, 5.72 ],
							"rotationOrigin": [ 0.0, -12.56, 4.84 ],
							"faces": {
								"north": { "texture": "#skullandsaddle", "uv": [ 0.0, 0.0, 1.75, 0.75 ] },
								"east": { "texture": "#skullandsaddle", "uv": [ 0.0, 0.0, 1.5, 0.75 ] },
								"south": { "texture": "#skullandsaddle", "uv": [ 0.0, 0.0, 1.75, 0.75 ] },
								"west": { "texture": "#skullandsaddle", "uv": [ 0.0, 0.0, 1.5, 0.75 ] },
								"up": { "texture": "#skullandsaddle", "uv": [ 0.0, 0.0, 1.75, 1.5 ] },
								"down": { "texture": "#skullandsaddle", "uv": [ 0.0, 0.0, 1.75, 1.5 ] }
							}
						},
						{
							"name": "saddleringR",
							"from": [ -0.44, 0.0, 1.76 ],
							"to": [ 2.2, 2.024, 2.64 ],
							"rotationOrigin": [ 0.88, 0.0, 1.76 ],
							"faces": {
								"north": { "texture": "#skullandsaddle", "uv": [ 0.5, 0.25, 3.14, 2.23 ] },
								"east": { "texture": "#skullandsaddle", "uv": [ 1.25, 0.25, 2.13, 2.23 ] },
								"south": { "texture": "#skullandsaddle", "uv": [ 0.5, 1.0, 3.14, 2.98 ] },
								"west": { "texture": "#skullandsaddle", "uv": [ 0.5, 0.75, 1.38, 2.73 ] },
								"up": { "texture": "#skullandsaddle", "uv": [ 0.5, 0.25, 3.14, 1.13 ] },
								"down": { "texture": "#skullandsaddle", "uv": [ 0.5, 0.5, 3.14, 1.38 ] }
							}
						},
						{
							"name": "saddleringL",
							"from": [ -0.44, 0.0, 6.996 ],
							"to": [ 2.2, 2.024, 7.876 ],
							"rotationOrigin": [ 0.88, 0.0, 7.48 ],
							"faces": {
								"north": { "texture": "#skullandsaddle", "uv": [ 0.5, 0.25, 3.14, 2.23 ] },
								"east": { "texture": "#skullandsaddle", "uv": [ 1.25, 0.25, 2.13, 2.23 ] },
								"south": { "texture": "#skullandsaddle", "uv": [ 0.5, 1.0, 3.14, 2.98 ] },
								"west": { "texture": "#skullandsaddle", "uv": [ 0.5, 0.75, 1.38, 2.73 ] },
								"up": { "texture": "#skullandsaddle", "uv": [ 0.5, 0.25, 3.14, 1.13 ] },
								"down": { "texture": "#skullandsaddle", "uv": [ 0.5, 0.5, 3.14, 1.38 ] }
							}
						},
						{
							"name": "rear",
							"from": [ 11.44, -0.704, 1.76 ],
							"to": [ 13.2, 0.528, 7.92 ],
							"rotationOrigin": [ 11.44, -0.44, 4.84 ],
							"rotationZ": 45.0,
							"faces": {
								"north": { "texture": "#skullandsaddle", "uv": [ 6.75, 0.5, 8.51, 1.6 ] },
								"east": { "texture": "#skullandsaddle", "uv": [ 6.5, 0.25, 11.34, 1.35 ], "autoUv": false },
								"south": { "texture": "#skullandsaddle", "uv": [ 6.75, 0.5, 8.51, 1.6 ] },
								"west": { "texture": "#skullandsaddle", "uv": [ 6.75, 1.25, 11.37, 2.35 ], "autoUv": false },
								"up": { "texture": "#skullandsaddle", "uv": [ 6.75, 0.0, 8.51, 4.18 ], "autoUv": false },
								"down": { "texture": "#skullandsaddle", "uv": [ 7.5, 0.5, 9.48, 4.9 ], "autoUv": false }
							}
						},
						{
							"name": "rimR",
							"from": [ 6.0, 0.0, 0.75 ],
							"to": [ 7.0, 0.0, 0.75 ],
							"rotationOrigin": [ 6.0, 0.0, 0.0 ],
							"rotationY": -5.0,
							"faces": {
								"north": { "texture": "#skullandsaddle", "uv": [ 0.0, 0.0, 1.0, 0.25 ] },
								"east": { "texture": "#skullandsaddle", "uv": [ 0.0, 0.0, 0.25, 0.25 ] },
								"south": { "texture": "#skullandsaddle", "uv": [ 0.0, 0.0, 1.0, 0.25 ] },
								"west": { "texture": "#skullandsaddle", "uv": [ 0.0, 0.0, 0.25, 0.25 ] },
								"up": { "texture": "#skullandsaddle", "uv": [ 0.0, 0.0, 1.0, 0.25 ] },
								"down": { "texture": "#skullandsaddle", "uv": [ 0.0, 0.0, 1.0, 0.25 ] }
							},
							"children": [
								{
									"name": "Cube14",
									"from": [ -5.208, -3.168, -0.88 ],
									"to": [ -0.368, -1.408, 0.0 ],
									"rotationOrigin": [ -5.12, -2.288, -0.44 ],
									"rotationZ": -8.0,
									"faces": {
										"north": { "texture": "#skullandsaddle", "uv": [ 6.5, 1.0, 11.34, 2.76 ], "autoUv": false },
										"east": { "texture": "#skullandsaddle", "uv": [ 7.0, 0.5, 7.88, 2.26 ] },
										"south": { "texture": "#skullandsaddle", "uv": [ 6.5, 0.75, 11.12, 2.51 ], "autoUv": false },
										"west": { "texture": "#skullandsaddle", "uv": [ 6.75, 0.5, 7.63, 2.26 ] },
										"up": { "texture": "#skullandsaddle", "uv": [ 6.5, 0.75, 11.34, 1.63 ], "autoUv": false },
										"down": { "texture": "#skullandsaddle", "uv": [ 6.5, 0.75, 11.12, 1.63 ], "autoUv": false }
									},
									"children": [
										{
											"name": "Cube24",
											"from": [ 4.7351, 0.1274, -0.0088 ],
											"to": [ 10.3671, 1.8874, 0.8712 ],
											"rotationOrigin": [ 5.4391, 0.7434, 0.44 ],
											"rotationZ": 16.0,
											"faces": {
												"north": { "texture": "#skullandsaddle", "uv": [ 6.5, 1.0, 11.34, 2.76 ], "autoUv": false },
												"east": { "texture": "#skullandsaddle", "uv": [ 7.0, 0.5, 7.88, 2.26 ] },
												"south": { "texture": "#skullandsaddle", "uv": [ 6.5, 0.75, 11.12, 2.51 ], "autoUv": false },
												"west": { "texture": "#skullandsaddle", "uv": [ 6.75, 0.5, 7.63, 2.26 ] },
												"up": { "texture": "#skullandsaddle", "uv": [ 6.5, 0.75, 11.34, 1.63 ], "autoUv": false },
												"down": { "texture": "#skullandsaddle", "uv": [ 6.5, 0.75, 11.12, 1.63 ], "autoUv": false }
											}
										},
										{
											"name": "Cube31",
											"from": [ -0.7502, 0.6251, -0.0176 ],
											"to": [ 1.0098, 4.5851, 0.88 ],
											"rotationOrigin": [ 0.0418, 2.4731, 0.44 ],
											"rotationZ": 18.0,
											"faces": {
												"north": { "texture": "#skullandsaddle", "uv": [ 6.5, 0.75, 11.34, 2.51 ], "rotation": 90, "autoUv": false },
												"east": { "texture": "#skullandsaddle", "uv": [ 7.0, 0.5, 7.88, 4.46 ] },
												"south": { "texture": "#skullandsaddle", "uv": [ 6.5, 0.75, 11.12, 2.51 ], "autoUv": false },
												"west": { "texture": "#skullandsaddle", "uv": [ 6.75, 0.5, 7.63, 4.46 ] },
												"up": { "texture": "#skullandsaddle", "uv": [ 6.5, 0.75, 11.34, 1.63 ], "autoUv": false },
												"down": { "texture": "#skullandsaddle", "uv": [ 6.5, 0.75, 11.12, 1.63 ], "autoUv": false }
											}
										},
										{
											"name": "Cube32",
											"from": [ 9.0116, 1.8843, 0.0 ],
											"to": [ 10.7716, 4.9643, 0.9064 ],
											"rotationOrigin": [ 9.6276, 3.8203, 0.44 ],
											"rotationZ": -2.0,
											"faces": {
												"north": { "texture": "#skullandsaddle", "uv": [ 6.75, 1.0, 11.59, 2.76 ], "rotation": 90, "autoUv": false },
												"east": { "texture": "#skullandsaddle", "uv": [ 7.0, 0.5, 7.88, 3.58 ] },
												"south": { "texture": "#skullandsaddle", "uv": [ 6.75, 1.0, 11.37, 2.76 ], "autoUv": false },
												"west": { "texture": "#skullandsaddle", "uv": [ 6.75, 0.5, 7.63, 3.58 ] },
												"up": { "texture": "#skullandsaddle", "uv": [ 6.5, 0.75, 11.34, 1.63 ], "autoUv": false },
												"down": { "texture": "#skullandsaddle", "uv": [ 6.5, 0.75, 11.12, 1.63 ], "autoUv": false }
											}
										}
									]
								},
								{
									"name": "rsaddlebone1",
									"from": [ -4.2312, -5.632, -0.8 ],
									"to": [ -2.9992, -1.848, -0.272 ],
									"rotationOrigin": [ -3.624, -1.848, 0.308 ],
									"rotationX": 2.0,
									"rotationZ": -2.0,
									"faces": {
										"north": { "texture": "#skullandsaddle", "uv": [ 2.0, 0.25, 2.88, 4.87 ], "autoUv": false },
										"east": { "texture": "#skullandsaddle", "uv": [ 0.5, 0.25, 1.16, 4.43 ], "autoUv": false },
										"south": { "texture": "#skullandsaddle", "uv": [ 2.5, 0.25, 3.82, 4.65 ], "autoUv": false },
										"west": { "texture": "#skullandsaddle", "uv": [ 3.0, 0.5, 4.1, 4.9 ], "autoUv": false },
										"up": { "texture": "#skullandsaddle", "uv": [ 0.0, 0.25, 1.0, 0.75 ] },
										"down": { "texture": "#skullandsaddle", "uv": [ 0.0, 0.5, 1.0, 1.0 ] }
									},
									"children": [
										{
											"name": "Cube12",
											"from": [ 0.176, -1.76, 0.088 ],
											"to": [ 1.056, 0.44, 0.528 ],
											"rotationOrigin": [ 0.44, 0.0, 0.0 ],
											"rotationZ": 22.5,
											"faces": {
												"north": { "texture": "#skullandsaddle", "uv": [ 0.0, 0.0, 0.88, 2.2 ] },
												"east": { "texture": "#skullandsaddle", "uv": [ 0.0, 0.0, 0.44, 2.2 ] },
												"south": { "texture": "#skullandsaddle", "uv": [ 0.0, 0.0, 0.88, 2.2 ] },
												"west": { "texture": "#skullandsaddle", "uv": [ 0.0, 0.0, 0.44, 2.2 ] },
												"up": { "texture": "#skullandsaddle", "uv": [ 0.0, 0.0, 0.88, 0.44 ] },
												"down": { "texture": "#skullandsaddle", "uv": [ 0.0, 0.0, 0.88, 0.44 ] }
											}
										}
									]
								},
								{
									"name": "rsaddlebone2",
									"from": [ -2.04, -6.512, -0.8 ],
									"to": [ -0.808, -3.608, -0.272 ],
									"rotationOrigin": [ -1.864, -3.608, -0.308 ],
									"rotationX": 2.0,
									"rotationZ": 2.0,
									"faces": {
										"north": { "texture": "#skullandsaddle", "uv": [ 2.5, 0.25, 3.6, 4.87 ], "autoUv": false },
										"east": { "texture": "#skullandsaddle", "uv": [ 2.5, 0.25, 3.16, 4.43 ], "autoUv": false },
										"south": { "texture": "#skullandsaddle", "uv": [ 2.5, 0.25, 3.82, 4.65 ], "autoUv": false },
										"west": { "texture": "#skullandsaddle", "uv": [ 2.5, 0.5, 3.6, 4.9 ], "autoUv": false },
										"up": { "texture": "#skullandsaddle", "uv": [ 0.0, 0.25, 1.0, 0.75 ] },
										"down": { "texture": "#skullandsaddle", "uv": [ 0.0, 0.5, 1.0, 1.0 ] }
									},
									"children": [
										{
											"name": "Cube21",
											"from": [ 0.528, -2.64, 0.088 ],
											"to": [ 1.408, 0.44, 0.528 ],
											"rotationOrigin": [ 0.44, -0.88, 0.0 ],
											"rotationZ": 22.5,
											"faces": {
												"north": { "texture": "#skullandsaddle", "uv": [ 0.0, 0.0, 0.88, 3.08 ] },
												"east": { "texture": "#skullandsaddle", "uv": [ 0.0, 0.0, 0.44, 3.08 ] },
												"south": { "texture": "#skullandsaddle", "uv": [ 0.0, 0.0, 0.88, 3.08 ] },
												"west": { "texture": "#skullandsaddle", "uv": [ 0.0, 0.0, 0.44, 3.08 ] },
												"up": { "texture": "#skullandsaddle", "uv": [ 0.0, 0.0, 0.88, 0.44 ] },
												"down": { "texture": "#skullandsaddle", "uv": [ 0.0, 0.0, 0.88, 0.44 ] }
											}
										}
									]
								},
								{
									"name": "rsaddlebone3",
									"from": [ 2.8088, -5.632, -0.8 ],
									"to": [ 4.0408, -2.728, -0.272 ],
									"rotationOrigin": [ 3.416, -2.728, 0.308 ],
									"rotationX": 2.0,
									"rotationZ": 22.5,
									"faces": {
										"north": { "texture": "#skullandsaddle", "uv": [ 2.5, 0.0, 3.6, 5.06 ], "autoUv": false },
										"east": { "texture": "#skullandsaddle", "uv": [ 2.5, 0.25, 3.16, 4.43 ], "autoUv": false },
										"south": { "texture": "#skullandsaddle", "uv": [ 2.5, 0.25, 3.82, 4.65 ], "autoUv": false },
										"west": { "texture": "#skullandsaddle", "uv": [ 0.5, 0.5, 1.6, 4.9 ], "autoUv": false },
										"up": { "texture": "#skullandsaddle", "uv": [ 0.0, 0.25, 1.0, 0.75 ] },
										"down": { "texture": "#skullandsaddle", "uv": [ 0.0, 0.5, 1.0, 1.0 ] }
									},
									"children": [
										{
											"name": "Cube29",
											"from": [ 0.176, -1.76, 0.088 ],
											"to": [ 1.056, 0.44, 0.528 ],
											"rotationOrigin": [ 0.44, 0.0, 0.0 ],
											"rotationZ": 22.5,
											"faces": {
												"north": { "texture": "#skullandsaddle", "uv": [ 0.0, 0.0, 0.88, 2.2 ] },
												"east": { "texture": "#skullandsaddle", "uv": [ 0.0, 0.0, 0.44, 2.2 ] },
												"south": { "texture": "#skullandsaddle", "uv": [ 0.0, 0.0, 0.88, 2.2 ] },
												"west": { "texture": "#skullandsaddle", "uv": [ 0.0, 0.0, 0.44, 2.2 ] },
												"up": { "texture": "#skullandsaddle", "uv": [ 0.0, 0.0, 0.88, 0.44 ] },
												"down": { "texture": "#skullandsaddle", "uv": [ 0.0, 0.0, 0.88, 0.44 ] }
											}
										}
									]
								},
								{
									"name": "rsaddlebone4",
									"from": [ 0.16, -5.632, -0.7 ],
									"to": [ 1.392, -2.728, -0.172 ],
									"rotationOrigin": [ 0.776, -2.728, -0.308 ],
									"rotationX": 5.0,
									"rotationZ": 10.0,
									"faces": {
										"north": { "texture": "#skullandsaddle", "uv": [ 2.5, 0.25, 3.6, 4.87 ], "autoUv": false },
										"east": { "texture": "#skullandsaddle", "uv": [ 2.5, 0.25, 3.16, 4.43 ], "autoUv": false },
										"south": { "texture": "#skullandsaddle", "uv": [ 2.5, 0.25, 3.82, 4.65 ], "autoUv": false },
										"west": { "texture": "#skullandsaddle", "uv": [ 2.5, 0.5, 3.6, 4.9 ], "autoUv": false },
										"up": { "texture": "#skullandsaddle", "uv": [ 0.0, 0.25, 1.0, 0.75 ] },
										"down": { "texture": "#skullandsaddle", "uv": [ 0.0, 0.5, 1.0, 1.0 ] }
									},
									"children": [
										{
											"name": "Cube104",
											"from": [ 0.528, -2.64, 0.088 ],
											"to": [ 1.408, 0.44, 0.528 ],
											"rotationOrigin": [ 0.44, -0.88, 0.0 ],
											"rotationZ": 22.5,
											"faces": {
												"north": { "texture": "#skullandsaddle", "uv": [ 0.0, 0.0, 0.88, 3.08 ] },
												"east": { "texture": "#skullandsaddle", "uv": [ 0.0, 0.0, 0.44, 3.08 ] },
												"south": { "texture": "#skullandsaddle", "uv": [ 0.0, 0.0, 0.88, 3.08 ] },
												"west": { "texture": "#skullandsaddle", "uv": [ 0.0, 0.0, 0.44, 3.08 ] },
												"up": { "texture": "#skullandsaddle", "uv": [ 0.0, 0.0, 0.88, 0.44 ] },
												"down": { "texture": "#skullandsaddle", "uv": [ 0.0, 0.0, 0.88, 0.44 ] }
											}
										}
									]
								}
							]
						},
						{
							"name": "rimL",
							"from": [ 6.0, 0.0, 9.2 ],
							"to": [ 6.0, 0.0, 9.2 ],
							"rotationOrigin": [ 6.0, 0.0, 8.84 ],
							"rotationY": 2.0,
							"faces": {
								"north": { "texture": "#skullandsaddle", "uv": [ 0.0, 0.0, 0.25, 0.25 ] },
								"east": { "texture": "#skullandsaddle", "uv": [ 0.0, 0.0, 0.25, 0.25 ] },
								"south": { "texture": "#skullandsaddle", "uv": [ 0.0, 0.0, 0.25, 0.25 ] },
								"west": { "texture": "#skullandsaddle", "uv": [ 0.0, 0.0, 0.25, 0.25 ] },
								"up": { "texture": "#skullandsaddle", "uv": [ 0.0, 0.0, 0.25, 0.25 ] },
								"down": { "texture": "#skullandsaddle", "uv": [ 0.0, 0.0, 0.25, 0.25 ] }
							},
							"children": [
								{
									"name": "Cube42",
									"from": [ -5.208, -3.168, -0.16 ],
									"to": [ -0.368, -1.408, 0.72 ],
									"rotationOrigin": [ -5.12, -2.288, 0.28 ],
									"rotationZ": -8.0,
									"faces": {
										"north": { "texture": "#skullandsaddle", "uv": [ 6.5, 1.0, 11.34, 2.76 ], "autoUv": false },
										"east": { "texture": "#skullandsaddle", "uv": [ 7.0, 0.5, 7.88, 2.26 ] },
										"south": { "texture": "#skullandsaddle", "uv": [ 6.5, 0.75, 11.12, 2.51 ], "autoUv": false },
										"west": { "texture": "#skullandsaddle", "uv": [ 6.75, 0.5, 7.63, 2.26 ] },
										"up": { "texture": "#skullandsaddle", "uv": [ 6.5, 0.75, 11.34, 1.63 ], "autoUv": false },
										"down": { "texture": "#skullandsaddle", "uv": [ 6.5, 0.75, 11.12, 1.63 ], "autoUv": false }
									},
									"children": [
										{
											"name": "Cube52",
											"from": [ 4.7351, 0.1274, -0.0088 ],
											"to": [ 10.3671, 1.8874, 0.8712 ],
											"rotationOrigin": [ 5.4391, 0.7434, 0.44 ],
											"rotationZ": 16.0,
											"faces": {
												"north": { "texture": "#skullandsaddle", "uv": [ 6.5, 1.0, 11.34, 2.76 ], "autoUv": false },
												"east": { "texture": "#skullandsaddle", "uv": [ 7.0, 0.5, 7.88, 2.26 ] },
												"south": { "texture": "#skullandsaddle", "uv": [ 6.5, 0.75, 11.12, 2.51 ], "autoUv": false },
												"west": { "texture": "#skullandsaddle", "uv": [ 6.75, 0.5, 7.63, 2.26 ] },
												"up": { "texture": "#skullandsaddle", "uv": [ 6.5, 0.75, 11.34, 1.63 ], "autoUv": false },
												"down": { "texture": "#skullandsaddle", "uv": [ 6.5, 0.75, 11.12, 1.63 ], "autoUv": false }
											}
										},
										{
											"name": "Cube67",
											"from": [ -0.7502, 0.6251, -0.0176 ],
											"to": [ 1.0098, 4.5851, 0.88 ],
											"rotationOrigin": [ 0.0418, 2.4731, 0.44 ],
											"rotationZ": 18.0,
											"faces": {
												"north": { "texture": "#skullandsaddle", "uv": [ 6.5, 1.0, 11.34, 2.76 ], "autoUv": false },
												"east": { "texture": "#skullandsaddle", "uv": [ 7.0, 0.5, 7.88, 4.46 ] },
												"south": { "texture": "#skullandsaddle", "uv": [ 6.75, 0.75, 11.37, 2.51 ], "rotation": 90, "autoUv": false },
												"west": { "texture": "#skullandsaddle", "uv": [ 6.75, 0.5, 7.63, 4.46 ] },
												"up": { "texture": "#skullandsaddle", "uv": [ 6.5, 0.75, 11.34, 1.63 ], "autoUv": false },
												"down": { "texture": "#skullandsaddle", "uv": [ 6.5, 0.75, 11.12, 1.63 ], "autoUv": false }
											}
										},
										{
											"name": "Cube82",
											"from": [ 9.0116, 1.8843, 0.0 ],
											"to": [ 10.7716, 4.9643, 0.9064 ],
											"rotationOrigin": [ 9.6276, 3.8203, 0.44 ],
											"rotationZ": -2.0,
											"faces": {
												"north": { "texture": "#skullandsaddle", "uv": [ 6.5, 1.0, 11.34, 2.76 ], "autoUv": false },
												"east": { "texture": "#skullandsaddle", "uv": [ 7.0, 0.5, 7.88, 3.58 ] },
												"south": { "texture": "#skullandsaddle", "uv": [ 6.5, 1.0, 11.12, 2.76 ], "rotation": 90, "autoUv": false },
												"west": { "texture": "#skullandsaddle", "uv": [ 6.75, 0.5, 7.63, 3.58 ] },
												"up": { "texture": "#skullandsaddle", "uv": [ 6.75, 0.75, 11.59, 1.63 ], "autoUv": false },
												"down": { "texture": "#skullandsaddle", "uv": [ 6.5, 0.75, 11.12, 1.63 ], "autoUv": false }
											}
										}
									]
								},
								{
									"name": "lsaddlebone1",
									"from": [ -3.888, -5.632, -0.028 ],
									"to": [ -2.656, -1.848, 0.5 ],
									"rotationOrigin": [ -2.744, -1.848, -0.028 ],
									"rotationX": -5.0,
									"rotationZ": -5.0,
									"faces": {
										"north": { "texture": "#skullandsaddle", "uv": [ 0.25, 0.25, 1.35, 5.31 ], "autoUv": false },
										"east": { "texture": "#skullandsaddle", "uv": [ 0.5, 0.25, 1.16, 4.43 ], "autoUv": false },
										"south": { "texture": "#skullandsaddle", "uv": [ 2.5, 0.25, 3.82, 4.65 ], "autoUv": false },
										"west": { "texture": "#skullandsaddle", "uv": [ 0.5, 0.5, 1.6, 4.9 ], "autoUv": false },
										"up": { "texture": "#skullandsaddle", "uv": [ 0.0, 0.25, 1.1, 0.69 ] },
										"down": { "texture": "#skullandsaddle", "uv": [ 0.0, 0.5, 1.1, 0.94 ] }
									},
									"children": [
										{
											"name": "Cube9",
											"from": [ 0.176, -1.76, 0.0 ],
											"to": [ 1.056, 0.44, 0.44 ],
											"rotationOrigin": [ 0.44, 0.0, 0.0 ],
											"rotationZ": 22.5,
											"faces": {
												"north": { "texture": "#skullandsaddle", "uv": [ 0.0, 0.0, 0.88, 2.2 ] },
												"east": { "texture": "#skullandsaddle", "uv": [ 0.0, 0.0, 0.44, 2.2 ] },
												"south": { "texture": "#skullandsaddle", "uv": [ 0.0, 0.0, 0.88, 2.2 ] },
												"west": { "texture": "#skullandsaddle", "uv": [ 0.0, 0.0, 0.44, 2.2 ] },
												"up": { "texture": "#skullandsaddle", "uv": [ 0.0, 0.0, 0.88, 0.44 ] },
												"down": { "texture": "#skullandsaddle", "uv": [ 0.0, 0.0, 0.88, 0.44 ] }
											}
										}
									]
								},
								{
									"name": "lsaddlebone2",
									"from": [ -2.04, -6.16, -0.028 ],
									"to": [ -0.808, -3.256, 0.5 ],
									"rotationOrigin": [ -0.984, -2.728, -0.028 ],
									"rotationZ": 5.0,
									"faces": {
										"north": { "texture": "#skullandsaddle", "uv": [ 0.25, 0.25, 1.35, 5.31 ], "autoUv": false },
										"east": { "texture": "#skullandsaddle", "uv": [ 0.5, 0.25, 1.16, 4.43 ], "autoUv": false },
										"south": { "texture": "#skullandsaddle", "uv": [ 2.5, 0.25, 3.82, 4.65 ], "autoUv": false },
										"west": { "texture": "#skullandsaddle", "uv": [ 0.5, 0.5, 1.6, 4.9 ], "autoUv": false },
										"up": { "texture": "#skullandsaddle", "uv": [ 0.0, 0.25, 1.1, 0.69 ] },
										"down": { "texture": "#skullandsaddle", "uv": [ 0.0, 0.5, 1.1, 0.94 ] }
									},
									"children": [
										{
											"name": "Cube19",
											"from": [ 0.528, -2.64, 0.0 ],
											"to": [ 1.408, 0.44, 0.44 ],
											"rotationOrigin": [ 1.32, -0.88, 0.0 ],
											"rotationZ": 22.5,
											"faces": {
												"north": { "texture": "#skullandsaddle", "uv": [ 0.0, 0.0, 0.88, 3.08 ] },
												"east": { "texture": "#skullandsaddle", "uv": [ 0.0, 0.0, 0.44, 3.08 ] },
												"south": { "texture": "#skullandsaddle", "uv": [ 0.0, 0.0, 0.88, 3.08 ] },
												"west": { "texture": "#skullandsaddle", "uv": [ 0.0, 0.0, 0.44, 3.08 ] },
												"up": { "texture": "#skullandsaddle", "uv": [ 0.0, 0.0, 0.88, 0.44 ] },
												"down": { "texture": "#skullandsaddle", "uv": [ 0.0, 0.0, 0.88, 0.44 ] }
											}
										}
									]
								},
								{
									"name": "lsaddlebone3",
									"from": [ 2.8088, -5.632, -0.028 ],
									"to": [ 4.0408, -2.728, 0.5 ],
									"rotationOrigin": [ 3.416, -2.728, -0.028 ],
									"rotationZ": 22.5,
									"faces": {
										"north": { "texture": "#skullandsaddle", "uv": [ 0.25, 0.25, 1.35, 5.31 ], "autoUv": false },
										"east": { "texture": "#skullandsaddle", "uv": [ 0.5, 0.25, 1.16, 4.43 ], "autoUv": false },
										"south": { "texture": "#skullandsaddle", "uv": [ 2.5, 0.25, 3.82, 4.65 ], "autoUv": false },
										"west": { "texture": "#skullandsaddle", "uv": [ 0.5, 0.5, 1.6, 4.9 ], "autoUv": false },
										"up": { "texture": "#skullandsaddle", "uv": [ 0.0, 0.25, 1.1, 0.69 ] },
										"down": { "texture": "#skullandsaddle", "uv": [ 0.0, 0.5, 1.1, 0.94 ] }
									},
									"children": [
										{
											"name": "Cube27",
											"from": [ 0.176, -1.76, 0.0 ],
											"to": [ 1.056, 0.44, 0.44 ],
											"rotationOrigin": [ 0.44, 0.0, 0.0 ],
											"rotationZ": 22.5,
											"faces": {
												"north": { "texture": "#skullandsaddle", "uv": [ 0.0, 0.0, 0.88, 2.2 ] },
												"east": { "texture": "#skullandsaddle", "uv": [ 0.0, 0.0, 0.44, 2.2 ] },
												"south": { "texture": "#skullandsaddle", "uv": [ 0.0, 0.0, 0.88, 2.2 ] },
												"west": { "texture": "#skullandsaddle", "uv": [ 0.0, 0.0, 0.44, 2.2 ] },
												"up": { "texture": "#skullandsaddle", "uv": [ 0.0, 0.0, 0.88, 0.44 ] },
												"down": { "texture": "#skullandsaddle", "uv": [ 0.0, 0.0, 0.88, 0.44 ] }
											}
										}
									]
								},
								{
									"name": "lsaddlebone4",
									"from": [ 0.16, -5.632, -0.16 ],
									"to": [ 1.392, -2.728, 0.368 ],
									"rotationOrigin": [ 0.776, -2.728, -0.468 ],
									"rotationZ": 10.0,
									"faces": {
										"north": { "texture": "#skullandsaddle", "uv": [ 2.5, 0.25, 3.6, 4.87 ], "autoUv": false },
										"east": { "texture": "#skullandsaddle", "uv": [ 2.5, 0.25, 3.16, 4.43 ], "autoUv": false },
										"south": { "texture": "#skullandsaddle", "uv": [ 2.5, 0.25, 3.82, 4.65 ], "autoUv": false },
										"west": { "texture": "#skullandsaddle", "uv": [ 2.5, 0.5, 3.6, 4.9 ], "autoUv": false },
										"up": { "texture": "#skullandsaddle", "uv": [ 0.0, 0.25, 1.1, 0.69 ] },
										"down": { "texture": "#skullandsaddle", "uv": [ 0.0, 0.5, 1.1, 0.94 ] }
									},
									"children": [
										{
											"name": "Cube105",
											"from": [ 0.528, -2.64, 0.0968 ],
											"to": [ 1.408, 0.44, 0.5368 ],
											"rotationOrigin": [ 0.44, -0.88, 0.0 ],
											"rotationZ": 22.5,
											"faces": {
												"north": { "texture": "#skullandsaddle", "uv": [ 0.0, 0.0, 0.88, 3.08 ] },
												"east": { "texture": "#skullandsaddle", "uv": [ 0.0, 0.0, 0.44, 3.08 ] },
												"south": { "texture": "#skullandsaddle", "uv": [ 0.0, 0.0, 0.88, 3.08 ] },
												"west": { "texture": "#skullandsaddle", "uv": [ 0.0, 0.0, 0.44, 3.08 ] },
												"up": { "texture": "#skullandsaddle", "uv": [ 0.0, 0.0, 0.88, 0.44 ] },
												"down": { "texture": "#skullandsaddle", "uv": [ 0.0, 0.0, 0.88, 0.44 ] }
											}
										}
									]
								}
							]
						}
					]
				}
			]
		}
	],
	"animations": [
	]
}