{
	"editor": {
		"backDropShape": "C:/Users/ahron/Documents/GitHub/VS_FeverstoneWilds/feverstonewilds/resources/assets/feverstonewilds/shapes/entity/land/bison-male",
		"collapsedPaths": "Root/bisonsaddle/Chair,Root/bisonsaddle/Saddle/L_fender,Root/bisonsaddle/ropesidel,Root/bisonsaddle/ropefrontr,Root/bisonsaddle/ropesider,Root/bisonsaddle/Saddle/R_fender,Root/bisonsaddle/Bedroll,Root/bisonsaddle/ropefrontl,Root/bisonsaddle/Saddle/Pomel,Root/bisonsaddle/Saddle/seatR,Root/bisonsaddle/Saddle/L_Cube65,Root/bisonsaddle/Saddle/seatL",
		"allAngles": false,
		"entityTextureMode": false
	},
	"textureWidth": 16,
	"textureHeight": 16,
	"textureSizes": {
	},
	"textures": {
		"bisonsaddle": "items/bisonsaddle"
	},
	"elements": [
		{
			"name": "bisonsaddle",
			"stepParentName": "Mid Body",
			"from": [ 14.5, 6.0, 7.0 ],
			"to": [ 14.5, 6.0, 7.0 ],
			"rotationOrigin": [ 17.0, 6.0, 7.0 ],
			"faces": {
				"north": { "texture": "#Saddle", "uv": [ 0.0, 0.0, 0.5, 0.5 ] },
				"east": { "texture": "#Saddle", "uv": [ 0.0, 0.0, 0.5, 0.5 ] },
				"south": { "texture": "#Saddle", "uv": [ 0.0, 0.0, 0.5, 0.5 ] },
				"west": { "texture": "#Saddle", "uv": [ 0.0, 0.0, 0.5, 0.5 ] },
				"up": { "texture": "#Saddle", "uv": [ 0.0, 0.0, 0.5, 0.5 ] },
				"down": { "texture": "#Saddle", "uv": [ 0.0, 0.0, 0.5, 0.5 ] }
			},
			"children": [
				{
					"name": "Saddle",
					"from": [ -4.0, -1.0, -4.1 ],
					"to": [ 10.0, 2.2, 5.9 ],
					"rotationOrigin": [ -4.0, -1.0, -5.0 ],
					"faces": {
						"north": { "texture": "#bisonsaddle", "uv": [ 5.75, 12.75, 7.5, 14.5 ], "autoUv": false },
						"east": { "texture": "#bisonsaddle", "uv": [ 5.75, 12.75, 7.75, 14.75 ], "autoUv": false },
						"south": { "texture": "#bisonsaddle", "uv": [ 5.5, 12.75, 7.25, 14.5 ], "autoUv": false },
						"west": { "texture": "#bisonsaddle", "uv": [ 5.5, 12.75, 7.5, 14.75 ], "autoUv": false },
						"up": { "texture": "#bisonsaddle", "uv": [ 2.0, 12.75, 5.75, 15.25 ], "autoUv": false },
						"down": { "texture": "#bisonsaddle", "uv": [ 5.5, 12.75, 7.5, 14.75 ], "autoUv": false }
					},
					"children": [
						{
							"name": "L_curb",
							"from": [ 0.0, 2.5, 9.1 ],
							"to": [ 14.0, 3.7, 12.1 ],
							"rotationOrigin": [ 0.0, 2.0, 9.1 ],
							"rotationX": 45.0,
							"faces": {
								"north": { "texture": "#bisonsaddle", "uv": [ 5.75, 12.75, 7.5, 14.5 ], "autoUv": false },
								"east": { "texture": "#bisonsaddle", "uv": [ 5.75, 12.75, 7.75, 14.75 ], "autoUv": false },
								"south": { "texture": "#bisonsaddle", "uv": [ 5.5, 12.75, 7.25, 14.5 ], "autoUv": false },
								"west": { "texture": "#bisonsaddle", "uv": [ 5.5, 12.75, 7.5, 14.75 ], "autoUv": false },
								"up": { "texture": "#bisonsaddle", "uv": [ 2.0, 12.75, 5.75, 15.25 ], "autoUv": false },
								"down": { "texture": "#bisonsaddle", "uv": [ 5.5, 12.75, 7.5, 14.75 ], "autoUv": false }
							}
						},
						{
							"name": "R_curb",
							"from": [ 0.0, -0.2, -0.79 ],
							"to": [ 14.0, 1.0, 2.21 ],
							"rotationOrigin": [ 0.0, -1.0, -1.9 ],
							"rotationX": -44.0,
							"faces": {
								"north": { "texture": "#bisonsaddle", "uv": [ 5.75, 12.75, 7.5, 14.5 ], "autoUv": false },
								"east": { "texture": "#bisonsaddle", "uv": [ 5.75, 12.75, 7.75, 14.75 ], "autoUv": false },
								"south": { "texture": "#bisonsaddle", "uv": [ 5.5, 12.75, 7.25, 14.5 ], "autoUv": false },
								"west": { "texture": "#bisonsaddle", "uv": [ 5.5, 12.75, 7.5, 14.75 ], "autoUv": false },
								"up": { "texture": "#bisonsaddle", "uv": [ 2.0, 12.75, 5.75, 15.25 ], "autoUv": false },
								"down": { "texture": "#bisonsaddle", "uv": [ 5.5, 12.75, 7.5, 14.75 ], "autoUv": false }
							}
						},
						{
							"name": "seatL",
							"from": [ 2.0, 2.7, 9.0 ],
							"to": [ 12.0, 3.9, 12.2 ],
							"rotationOrigin": [ 2.0, 2.0, 9.1 ],
							"rotationX": 45.0,
							"faces": {
								"north": { "texture": "#bisonsaddle", "uv": [ 5.5, 8.0, 7.25, 9.75 ], "autoUv": false },
								"east": { "texture": "#bisonsaddle", "uv": [ 5.25, 8.0, 7.25, 10.0 ], "autoUv": false },
								"south": { "texture": "#bisonsaddle", "uv": [ 5.5, 8.25, 7.25, 10.0 ], "autoUv": false },
								"west": { "texture": "#bisonsaddle", "uv": [ 5.5, 8.0, 7.5, 10.0 ], "autoUv": false },
								"up": { "texture": "#bisonsaddle", "uv": [ 5.0, 8.0, 7.5, 10.25 ], "autoUv": false },
								"down": { "texture": "#bisonsaddle", "uv": [ 5.5, 8.0, 7.5, 10.0 ], "autoUv": false }
							},
							"children": [
								{
									"name": "L_Cube65",
									"from": [ 0.0, -0.7707, 6.1861 ],
									"to": [ 10.0, 2.2293, 6.4861 ],
									"rotationOrigin": [ 0.0, -0.7707, 5.6861 ],
									"rotationX": -67.5,
									"faces": {
										"north": { "texture": "#bisonsaddle", "uv": [ 5.0, 8.0, 7.5, 10.0 ], "autoUv": false },
										"east": { "texture": "#bisonsaddle", "uv": [ 4.5, 8.5, 7.5, 9.0 ], "rotation": 90 },
										"south": { "texture": "#bisonsaddle", "uv": [ 5.25, 8.0, 7.75, 10.0 ], "autoUv": false },
										"west": { "texture": "#bisonsaddle", "uv": [ 5.0, 9.5, 8.0, 10.0 ], "rotation": 90 },
										"up": { "texture": "#bisonsaddle", "uv": [ 5.0, 9.0, 7.0, 9.25 ], "autoUv": false },
										"down": { "texture": "#bisonsaddle", "uv": [ 5.0, 8.0, 8.0, 9.5 ], "autoUv": false }
									},
									"children": [
										{
											"name": "Cube69",
											"from": [ 2.2, -2.2, -0.01 ],
											"to": [ 8.2, 0.8, 0.29 ],
											"rotationOrigin": [ 2.0, -2.0, -0.3 ],
											"faces": {
												"north": { "texture": "#bisonsaddle", "uv": [ 5.0, 8.0, 7.75, 10.25 ], "autoUv": false },
												"east": { "texture": "#bisonsaddle", "uv": [ 5.0, 9.0, 8.0, 9.5 ], "rotation": 90 },
												"south": { "texture": "#bisonsaddle", "uv": [ 4.75, 8.0, 7.25, 10.25 ], "autoUv": false },
												"west": { "texture": "#bisonsaddle", "uv": [ 5.0, 8.5, 8.0, 9.0 ], "rotation": 90 },
												"up": { "texture": "#bisonsaddle", "uv": [ 5.0, 8.25, 7.0, 8.5 ], "autoUv": false },
												"down": { "texture": "#bisonsaddle", "uv": [ 5.0, 8.25, 8.0, 10.0 ], "autoUv": false }
											},
											"children": [
												{
													"name": "Cube67",
													"from": [ -2.2, 2.2, -0.01 ],
													"to": [ 0.8, 5.2, 0.29 ],
													"rotationOrigin": [ -2.2, 2.2, -0.29 ],
													"rotationZ": -45.0,
													"faces": {
														"north": { "texture": "#bisonsaddle", "uv": [ 5.0, 8.0, 7.75, 10.25 ], "autoUv": false },
														"east": { "texture": "#bisonsaddle", "uv": [ 5.0, 8.5, 8.0, 9.0 ], "rotation": 90 },
														"south": { "texture": "#bisonsaddle", "uv": [ 5.0, 8.25, 7.5, 10.25 ], "autoUv": false },
														"west": { "texture": "#bisonsaddle", "uv": [ 5.0, 9.0, 8.0, 9.5 ], "rotation": 90 },
														"up": { "texture": "#bisonsaddle", "uv": [ 5.25, 8.5, 7.25, 8.75 ], "autoUv": false },
														"down": { "texture": "#bisonsaddle", "uv": [ 5.0, 8.0, 8.0, 10.0 ], "autoUv": false }
													}
												},
												{
													"name": "Cube68",
													"from": [ 5.8, 0.0, -0.01 ],
													"to": [ 8.8, 3.0, 0.29 ],
													"rotationOrigin": [ 5.8, 0.2, -0.29 ],
													"rotationZ": 50.0,
													"faces": {
														"north": { "texture": "#bisonsaddle", "uv": [ 4.75, 8.0, 7.5, 10.25 ], "autoUv": false },
														"east": { "texture": "#bisonsaddle", "uv": [ 5.0, 9.5, 8.0, 10.0 ], "rotation": 90 },
														"south": { "texture": "#bisonsaddle", "uv": [ 5.0, 8.5, 7.25, 10.0 ], "autoUv": false },
														"west": { "texture": "#bisonsaddle", "uv": [ 4.5, 9.0, 7.5, 9.5 ], "rotation": 90 },
														"up": { "texture": "#bisonsaddle", "uv": [ 4.75, 8.5, 6.75, 8.75 ], "autoUv": false },
														"down": { "texture": "#bisonsaddle", "uv": [ 4.75, 8.25, 7.75, 9.75 ], "autoUv": false }
													}
												}
											]
										}
									]
								}
							]
						},
						{
							"name": "seatR",
							"from": [ 2.0, -0.5, -1.79 ],
							"to": [ 12.0, 0.7, 1.21 ],
							"rotationOrigin": [ 0.0, 0.0, -2.9 ],
							"rotationX": -44.0,
							"faces": {
								"north": { "texture": "#bisonsaddle", "uv": [ 5.25, 8.0, 7.0, 9.75 ], "autoUv": false },
								"east": { "texture": "#bisonsaddle", "uv": [ 5.25, 8.0, 6.5, 9.75 ], "autoUv": false },
								"south": { "texture": "#bisonsaddle", "uv": [ 5.5, 8.0, 7.0, 9.75 ], "autoUv": false },
								"west": { "texture": "#bisonsaddle", "uv": [ 5.0, 8.0, 7.0, 10.0 ], "autoUv": false },
								"up": { "texture": "#bisonsaddle", "uv": [ 5.0, 8.25, 7.0, 9.75 ], "autoUv": false },
								"down": { "texture": "#bisonsaddle", "uv": [ 5.75, 8.25, 7.5, 10.0 ], "autoUv": false }
							},
							"children": [
								{
									"name": "R_Cube66",
									"from": [ 0.0, -1.07, 0.75 ],
									"to": [ 10.0, 2.13, 1.05 ],
									"rotationOrigin": [ 6.0, 2.23, -0.37 ],
									"rotationX": 67.5,
									"faces": {
										"north": { "texture": "#bisonsaddle", "uv": [ 5.0, 8.0, 7.75, 10.25 ], "autoUv": false },
										"east": { "texture": "#bisonsaddle", "uv": [ 5.0, 9.5, 8.0, 10.0 ], "rotation": 90 },
										"south": { "texture": "#bisonsaddle", "uv": [ 5.25, 8.0, 7.75, 10.0 ], "autoUv": false },
										"west": { "texture": "#bisonsaddle", "uv": [ 5.0, 8.5, 8.0, 9.0 ], "rotation": 90 },
										"up": { "texture": "#bisonsaddle", "uv": [ 5.25, 9.5, 7.25, 9.75 ], "autoUv": false },
										"down": { "texture": "#bisonsaddle", "uv": [ 5.0, 8.0, 7.75, 9.75 ], "autoUv": false }
									},
									"children": [
										{
											"name": "Cube70",
											"from": [ 2.2, -2.2, 0.01 ],
											"to": [ 8.2, 0.8, 0.31 ],
											"rotationOrigin": [ 2.0, -2.0, -0.3 ],
											"faces": {
												"north": { "texture": "#bisonsaddle", "uv": [ 5.0, 8.0, 7.75, 10.25 ], "autoUv": false },
												"east": { "texture": "#bisonsaddle", "uv": [ 4.5, 8.0, 7.5, 8.5 ], "rotation": 90 },
												"south": { "texture": "#bisonsaddle", "uv": [ 5.0, 8.0, 7.75, 10.25 ], "autoUv": false },
												"west": { "texture": "#bisonsaddle", "uv": [ 5.0, 9.0, 8.0, 9.5 ], "rotation": 90 },
												"up": { "texture": "#bisonsaddle", "uv": [ 4.75, 8.25, 6.75, 8.5 ], "autoUv": false },
												"down": { "texture": "#bisonsaddle", "uv": [ 4.75, 8.25, 8.0, 10.0 ], "autoUv": false }
											},
											"children": [
												{
													"name": "Cube71",
													"from": [ -2.2, 2.2, -0.02 ],
													"to": [ 0.8, 5.2, 0.28 ],
													"rotationOrigin": [ -2.2, 2.2, -0.43 ],
													"rotationZ": -45.0,
													"faces": {
														"north": { "texture": "#bisonsaddle", "uv": [ 5.0, 8.0, 7.5, 10.0 ], "autoUv": false },
														"east": { "texture": "#bisonsaddle", "uv": [ 5.0, 9.0, 8.0, 9.5 ], "rotation": 90 },
														"south": { "texture": "#bisonsaddle", "uv": [ 5.0, 8.0, 7.75, 10.0 ], "autoUv": false },
														"west": { "texture": "#bisonsaddle", "uv": [ 5.0, 8.5, 8.0, 9.0 ], "rotation": 90 },
														"up": { "texture": "#bisonsaddle", "uv": [ 5.0, 8.25, 7.0, 8.5 ], "autoUv": false },
														"down": { "texture": "#bisonsaddle", "uv": [ 4.75, 8.25, 7.75, 9.5 ], "autoUv": false }
													}
												},
												{
													"name": "Cube72",
													"from": [ 5.8, 0.0, -0.02 ],
													"to": [ 8.8, 3.0, 0.28 ],
													"rotationOrigin": [ 5.8, 0.2, -0.33 ],
													"rotationZ": 50.0,
													"faces": {
														"north": { "texture": "#bisonsaddle", "uv": [ 4.75, 8.0, 7.75, 9.75 ], "autoUv": false },
														"east": { "texture": "#bisonsaddle", "uv": [ 4.5, 9.0, 7.5, 9.5 ], "rotation": 90 },
														"south": { "texture": "#bisonsaddle", "uv": [ 4.5, 8.0, 7.0, 10.0 ], "autoUv": false },
														"west": { "texture": "#bisonsaddle", "uv": [ 5.0, 9.0, 8.0, 9.5 ], "rotation": 90 },
														"up": { "texture": "#bisonsaddle", "uv": [ 5.25, 8.75, 7.25, 9.0 ], "autoUv": false },
														"down": { "texture": "#bisonsaddle", "uv": [ 5.0, 8.25, 8.0, 9.75 ], "autoUv": false }
													}
												}
											]
										}
									]
								}
							]
						},
						{
							"name": "L_fender",
							"from": [ 0.0, -3.0, 13.2 ],
							"to": [ 13.95, 1.0, 14.4 ],
							"rotationOrigin": [ 0.0, -3.8, 13.2 ],
							"rotationX": -22.5,
							"faces": {
								"north": { "texture": "#bisonsaddle", "uv": [ 5.75, 12.75, 7.5, 14.5 ], "autoUv": false },
								"east": { "texture": "#bisonsaddle", "uv": [ 5.75, 12.75, 7.75, 14.75 ], "autoUv": false },
								"south": { "texture": "#bisonsaddle", "uv": [ 5.5, 12.75, 7.25, 14.5 ], "autoUv": false },
								"west": { "texture": "#bisonsaddle", "uv": [ 5.5, 12.75, 7.5, 14.75 ], "autoUv": false },
								"up": { "texture": "#bisonsaddle", "uv": [ 2.0, 12.75, 5.75, 15.25 ], "autoUv": false },
								"down": { "texture": "#bisonsaddle", "uv": [ 5.5, 12.75, 7.5, 14.75 ], "autoUv": false }
							},
							"children": [
								{
									"name": "L_side2",
									"from": [ 2.0, -3.0, -0.1 ],
									"to": [ 12.0, 1.0, 1.1 ],
									"rotationOrigin": [ 2.0, -3.8, 0.0 ],
									"faces": {
										"north": { "texture": "#bisonsaddle", "uv": [ 5.75, 12.75, 7.5, 14.5 ], "autoUv": false },
										"east": { "texture": "#bisonsaddle", "uv": [ 5.75, 12.75, 7.75, 14.75 ], "autoUv": false },
										"south": { "texture": "#bisonsaddle", "uv": [ 5.5, 12.75, 7.25, 14.5 ], "autoUv": false },
										"west": { "texture": "#bisonsaddle", "uv": [ 5.5, 12.75, 7.5, 14.75 ], "autoUv": false },
										"up": { "texture": "#bisonsaddle", "uv": [ 2.0, 12.75, 5.75, 15.25 ], "autoUv": false },
										"down": { "texture": "#bisonsaddle", "uv": [ 5.5, 12.75, 7.5, 14.75 ], "autoUv": false }
									},
									"children": [
										{
											"name": "L_Strap",
											"from": [ 2.0, -5.7, 0.1 ],
											"to": [ 5.45, 0.3, 1.1 ],
											"rotationOrigin": [ 3.7, 0.3, 1.1 ],
											"rotationX": 13.0,
											"faces": {
												"north": { "texture": "#bisonsaddle", "uv": [ 2.5, 10.75, 3.25, 11.75 ], "autoUv": false },
												"east": { "texture": "#bisonsaddle", "uv": [ 3.75, 10.5, 2.5, 11.5 ], "autoUv": false },
												"south": { "texture": "#bisonsaddle", "uv": [ 1.75, 10.5, 2.75, 11.5 ], "autoUv": false },
												"west": { "texture": "#bisonsaddle", "uv": [ 1.5, 10.5, 2.25, 11.5 ], "autoUv": false },
												"up": { "texture": "#bisonsaddle", "uv": [ 1.75, 10.5, 2.5, 11.75 ], "autoUv": false },
												"down": { "texture": "#bisonsaddle", "uv": [ 2.5, 10.5, 3.25, 11.25 ], "autoUv": false }
											},
											"children": [
												{
													"name": "L_Strap2",
													"from": [ 0.0, -8.6, 1.21 ],
													"to": [ 3.45, 0.1, 2.21 ],
													"rotationOrigin": [ 1.5, 4.2, 1.21 ],
													"rotationX": 16.0,
													"faces": {
														"north": { "texture": "#bisonsaddle", "uv": [ 2.5, 10.75, 3.25, 11.75 ], "autoUv": false },
														"east": { "texture": "#bisonsaddle", "uv": [ 3.75, 10.5, 2.5, 11.5 ], "autoUv": false },
														"south": { "texture": "#bisonsaddle", "uv": [ 1.75, 10.5, 2.75, 11.5 ], "autoUv": false },
														"west": { "texture": "#bisonsaddle", "uv": [ 1.5, 10.5, 2.25, 11.5 ], "autoUv": false },
														"up": { "texture": "#bisonsaddle", "uv": [ 1.75, 10.5, 2.5, 11.75 ], "autoUv": false },
														"down": { "texture": "#bisonsaddle", "uv": [ 2.5, 10.5, 3.25, 11.25 ], "autoUv": false }
													},
													"children": [
														{
															"name": "L_Strap3",
															"from": [ 0.0, -3.0, 0.04 ],
															"to": [ 3.45, 0.0, 1.04 ],
															"rotationOrigin": [ 1.5, 0.0, 1.04 ],
															"rotationX": 45.0,
															"faces": {
																"north": { "texture": "#bisonsaddle", "uv": [ 2.5, 10.75, 3.25, 11.75 ], "autoUv": false },
																"east": { "texture": "#bisonsaddle", "uv": [ 3.75, 10.5, 2.5, 11.5 ], "autoUv": false },
																"south": { "texture": "#bisonsaddle", "uv": [ 1.75, 10.5, 2.75, 11.5 ], "autoUv": false },
																"west": { "texture": "#bisonsaddle", "uv": [ 1.5, 10.5, 2.25, 11.5 ], "autoUv": false },
																"up": { "texture": "#bisonsaddle", "uv": [ 1.75, 10.5, 2.5, 11.75 ], "autoUv": false },
																"down": { "texture": "#bisonsaddle", "uv": [ 2.5, 10.5, 3.25, 11.25 ], "autoUv": false }
															},
															"children": [
																{
																	"name": "BellyStrap",
																	"from": [ 0.2, -1.8, -12.8 ],
																	"to": [ 3.2, -0.8, 1.6 ],
																	"rotationOrigin": [ 1.7, -1.8, -0.5 ],
																	"rotationX": -50.0,
																	"faces": {
																		"north": { "texture": "#bisonsaddle", "uv": [ 1.5, 10.0, 4.5, 11.0 ] },
																		"east": { "texture": "#bisonsaddle", "uv": [ 0.25, 10.5, 7.5, 12.0 ], "autoUv": false },
																		"south": { "texture": "#bisonsaddle", "uv": [ 1.5, 10.5, 4.5, 11.5 ] },
																		"west": { "texture": "#bisonsaddle", "uv": [ 0.75, 10.25, 7.5, 11.25 ], "autoUv": false },
																		"up": { "texture": "#bisonsaddle", "uv": [ 0.25, 10.5, 8.0, 11.25 ], "rotation": 90, "autoUv": false },
																		"down": { "texture": "#bisonsaddle", "uv": [ 0.25, 10.5, 8.0, 11.5 ], "rotation": 90, "autoUv": false }
																	}
																}
															]
														}
													]
												}
											]
										}
									]
								},
								{
									"name": "L_side3",
									"from": [ -1.0, 0.35, -0.1 ],
									"to": [ 2.49, 4.35, 1.02 ],
									"rotationOrigin": [ -1.0, -0.8, 0.0 ],
									"rotationZ": -55.0,
									"faces": {
										"north": { "texture": "#bisonsaddle", "uv": [ 5.75, 12.75, 7.5, 14.5 ], "autoUv": false },
										"east": { "texture": "#bisonsaddle", "uv": [ 5.75, 12.75, 7.75, 14.75 ], "autoUv": false },
										"south": { "texture": "#bisonsaddle", "uv": [ 5.5, 12.75, 7.25, 14.5 ], "autoUv": false },
										"west": { "texture": "#bisonsaddle", "uv": [ 5.5, 12.75, 7.5, 14.75 ], "autoUv": false },
										"up": { "texture": "#bisonsaddle", "uv": [ 2.0, 12.75, 5.75, 15.25 ], "autoUv": false },
										"down": { "texture": "#bisonsaddle", "uv": [ 5.5, 12.75, 7.5, 14.75 ], "autoUv": false }
									}
								},
								{
									"name": "L_side4",
									"from": [ 8.79, -1.1, -0.1 ],
									"to": [ 12.28, 2.37, 1.02 ],
									"rotationOrigin": [ 9.0, -1.8, 0.0 ],
									"rotationZ": -33.0,
									"faces": {
										"north": { "texture": "#bisonsaddle", "uv": [ 5.75, 12.75, 7.5, 14.5 ], "autoUv": false },
										"east": { "texture": "#bisonsaddle", "uv": [ 5.75, 12.75, 7.75, 14.75 ], "autoUv": false },
										"south": { "texture": "#bisonsaddle", "uv": [ 5.5, 12.75, 7.25, 14.5 ], "autoUv": false },
										"west": { "texture": "#bisonsaddle", "uv": [ 5.5, 12.75, 7.5, 14.75 ], "autoUv": false },
										"up": { "texture": "#bisonsaddle", "uv": [ 2.0, 12.75, 5.75, 15.25 ], "autoUv": false },
										"down": { "texture": "#bisonsaddle", "uv": [ 5.5, 12.75, 7.5, 14.75 ], "autoUv": false }
									}
								}
							]
						},
						{
							"name": "R_fender",
							"from": [ 0.0, -2.4, -4.4 ],
							"to": [ 13.95, 1.6, -3.2 ],
							"rotationOrigin": [ 0.0, -3.5, -4.6 ],
							"rotationX": 22.5,
							"faces": {
								"north": { "texture": "#bisonsaddle", "uv": [ 5.75, 12.75, 7.5, 14.5 ], "autoUv": false },
								"east": { "texture": "#bisonsaddle", "uv": [ 5.75, 12.75, 7.75, 14.75 ], "autoUv": false },
								"south": { "texture": "#bisonsaddle", "uv": [ 5.5, 12.75, 7.25, 14.5 ], "autoUv": false },
								"west": { "texture": "#bisonsaddle", "uv": [ 5.5, 12.75, 7.5, 14.75 ], "autoUv": false },
								"up": { "texture": "#bisonsaddle", "uv": [ 2.0, 12.75, 5.75, 15.25 ], "autoUv": false },
								"down": { "texture": "#bisonsaddle", "uv": [ 5.5, 12.75, 7.5, 14.75 ], "autoUv": false }
							},
							"children": [
								{
									"name": "R_side4",
									"from": [ 8.79, -1.1, 0.1 ],
									"to": [ 12.28, 2.37, 1.22 ],
									"rotationOrigin": [ 9.0, -1.8, 0.0 ],
									"rotationX": -4.0,
									"rotationZ": -33.0,
									"faces": {
										"north": { "texture": "#bisonsaddle", "uv": [ 5.75, 12.75, 7.5, 14.5 ], "autoUv": false },
										"east": { "texture": "#bisonsaddle", "uv": [ 5.75, 12.75, 7.75, 14.75 ], "autoUv": false },
										"south": { "texture": "#bisonsaddle", "uv": [ 5.5, 12.75, 7.25, 14.5 ], "autoUv": false },
										"west": { "texture": "#bisonsaddle", "uv": [ 5.5, 12.75, 7.5, 14.75 ], "autoUv": false },
										"up": { "texture": "#bisonsaddle", "uv": [ 2.0, 12.75, 5.75, 15.25 ], "autoUv": false },
										"down": { "texture": "#bisonsaddle", "uv": [ 5.5, 12.75, 7.5, 14.75 ], "autoUv": false }
									}
								},
								{
									"name": "R_side3",
									"from": [ -1.0, 0.3462, 0.0128 ],
									"to": [ 2.49, 4.3462, 1.1328 ],
									"rotationOrigin": [ -1.0, -0.8038, -0.0872 ],
									"rotationX": -4.1613,
									"rotationY": -0.5446,
									"rotationZ": -54.996,
									"faces": {
										"north": { "texture": "#bisonsaddle", "uv": [ 5.75, 12.75, 7.5, 14.5 ], "autoUv": false },
										"east": { "texture": "#bisonsaddle", "uv": [ 5.75, 12.75, 7.75, 14.75 ], "autoUv": false },
										"south": { "texture": "#bisonsaddle", "uv": [ 5.5, 12.75, 7.25, 14.5 ], "autoUv": false },
										"west": { "texture": "#bisonsaddle", "uv": [ 5.5, 12.75, 7.5, 14.75 ], "autoUv": false },
										"up": { "texture": "#bisonsaddle", "uv": [ 2.0, 12.75, 5.75, 15.25 ], "autoUv": false },
										"down": { "texture": "#bisonsaddle", "uv": [ 5.5, 12.75, 7.5, 14.75 ], "autoUv": false }
									},
									"children": [
										{
											"name": "R_side2",
											"from": [ 4.1781, 0.3868, 0.0154 ],
											"to": [ 14.1781, 4.3868, 1.2154 ],
											"rotationOrigin": [ 4.1781, -0.4132, -0.0846 ],
											"rotationX": -0.9272,
											"rotationY": -0.3746,
											"rotationZ": 54.997,
											"faces": {
												"north": { "texture": "#bisonsaddle", "uv": [ 5.75, 12.75, 7.5, 14.5 ], "autoUv": false },
												"east": { "texture": "#bisonsaddle", "uv": [ 5.75, 12.75, 7.75, 14.75 ], "autoUv": false },
												"south": { "texture": "#bisonsaddle", "uv": [ 5.5, 12.75, 7.25, 14.5 ], "autoUv": false },
												"west": { "texture": "#bisonsaddle", "uv": [ 5.5, 12.75, 7.5, 14.75 ], "autoUv": false },
												"up": { "texture": "#bisonsaddle", "uv": [ 2.0, 12.75, 5.75, 15.25 ], "autoUv": false },
												"down": { "texture": "#bisonsaddle", "uv": [ 5.5, 12.75, 7.5, 14.75 ], "autoUv": false }
											},
											"children": [
												{
													"name": "R_strap",
													"from": [ 2.0, -5.5, 0.1 ],
													"to": [ 5.45, 0.5, 1.1 ],
													"rotationOrigin": [ 3.7, -0.3, 0.5 ],
													"rotationX": -9.0,
													"faces": {
														"north": { "texture": "#bisonsaddle", "uv": [ 2.75, 10.5, 3.75, 11.25 ], "autoUv": false },
														"east": { "texture": "#bisonsaddle", "uv": [ 3.0, 10.5, 4.0, 11.5 ], "autoUv": false },
														"south": { "texture": "#bisonsaddle", "uv": [ 1.75, 10.5, 2.75, 11.5 ], "autoUv": false },
														"west": { "texture": "#bisonsaddle", "uv": [ 2.25, 10.5, 3.25, 11.5 ], "autoUv": false },
														"up": { "texture": "#bisonsaddle", "uv": [ 2.0, 10.5, 3.25, 11.5 ], "autoUv": false },
														"down": { "texture": "#bisonsaddle", "uv": [ 2.5, 10.5, 3.75, 11.5 ], "autoUv": false }
													},
													"children": [
														{
															"name": "R_strap2",
															"from": [ -0.02, -8.68, -0.3 ],
															"to": [ 3.47, 0.02, 0.7 ],
															"rotationOrigin": [ 1.6793, 1.02, -0.36 ],
															"rotationX": -16.0,
															"faces": {
																"north": { "texture": "#bisonsaddle", "uv": [ 2.75, 10.5, 3.75, 11.25 ], "autoUv": false },
																"east": { "texture": "#bisonsaddle", "uv": [ 3.0, 10.5, 4.0, 11.5 ], "autoUv": false },
																"south": { "texture": "#bisonsaddle", "uv": [ 1.75, 10.5, 2.75, 11.5 ], "autoUv": false },
																"west": { "texture": "#bisonsaddle", "uv": [ 2.25, 10.5, 3.25, 11.5 ], "autoUv": false },
																"up": { "texture": "#bisonsaddle", "uv": [ 2.0, 10.5, 3.25, 11.5 ], "autoUv": false },
																"down": { "texture": "#bisonsaddle", "uv": [ 2.5, 10.5, 3.75, 11.5 ], "autoUv": false }
															},
															"children": [
																{
																	"name": "R_Strap3",
																	"from": [ 0.0, -3.0, 0.0 ],
																	"to": [ 3.45, 0.0, 1.0 ],
																	"rotationOrigin": [ 1.7, 0.0, 0.0 ],
																	"rotationX": -45.0,
																	"faces": {
																		"north": { "texture": "#bisonsaddle", "uv": [ 2.5, 10.75, 3.25, 11.75 ], "autoUv": false },
																		"east": { "texture": "#bisonsaddle", "uv": [ 3.75, 10.5, 2.5, 11.5 ], "autoUv": false },
																		"south": { "texture": "#bisonsaddle", "uv": [ 1.75, 10.5, 2.75, 11.5 ], "autoUv": false },
																		"west": { "texture": "#bisonsaddle", "uv": [ 1.5, 10.5, 2.25, 11.5 ], "autoUv": false },
																		"up": { "texture": "#bisonsaddle", "uv": [ 1.75, 10.5, 2.5, 11.75 ], "autoUv": false },
																		"down": { "texture": "#bisonsaddle", "uv": [ 2.5, 10.5, 3.25, 11.25 ], "autoUv": false }
																	}
																}
															]
														}
													]
												}
											]
										}
									]
								}
							]
						},
						{
							"name": "cantel",
							"from": [ 12.5, -1.6, 0.1 ],
							"to": [ 15.5, 1.4, 10.1 ],
							"rotationOrigin": [ 13.0, -1.0, 0.1 ],
							"rotationZ": 22.5,
							"faces": {
								"north": { "texture": "#bisonsaddle", "uv": [ 1.0, 13.5, 2.0, 14.5 ], "autoUv": false },
								"east": { "texture": "#bisonsaddle", "uv": [ 1.75, 13.5, 3.25, 14.5 ], "autoUv": false },
								"south": { "texture": "#bisonsaddle", "uv": [ 1.0, 13.25, 2.0, 14.5 ], "autoUv": false },
								"west": { "texture": "#bisonsaddle", "uv": [ 0.5, 13.25, 1.75, 14.25 ], "autoUv": false },
								"up": { "texture": "#bisonsaddle", "uv": [ 0.25, 13.0, 1.5, 14.0 ], "autoUv": false },
								"down": { "texture": "#bisonsaddle", "uv": [ 0.25, 13.5, 1.5, 14.5 ], "autoUv": false }
							}
						},
						{
							"name": "Pomel",
							"from": [ -3.5, 2.8, 3.6 ],
							"to": [ -1.2, 4.3, 6.6 ],
							"rotationOrigin": [ -3.0, 2.0, 3.1 ],
							"rotationZ": -10.0,
							"faces": {
								"north": { "texture": "#bisonsaddle", "uv": [ 0.25, 13.25, 2.25, 14.75 ], "autoUv": false },
								"east": { "texture": "#bisonsaddle", "uv": [ 0.25, 13.0, 2.0, 15.0 ], "autoUv": false },
								"south": { "texture": "#bisonsaddle", "uv": [ 0.25, 13.0, 2.25, 15.0 ], "autoUv": false },
								"west": { "texture": "#bisonsaddle", "uv": [ 0.25, 13.0, 2.0, 14.75 ], "autoUv": false },
								"up": { "texture": "#bisonsaddle", "uv": [ 0.25, 13.0, 2.0, 15.0 ], "autoUv": false },
								"down": { "texture": "#bisonsaddle", "uv": [ 0.5, 13.0, 2.5, 14.75 ], "autoUv": false }
							},
							"children": [
								{
									"name": "Cube25",
									"from": [ 1.148, -0.2749, 0.0 ],
									"to": [ 5.648, 1.5251, 3.0 ],
									"rotationOrigin": [ 1.798, -0.9549, -0.5 ],
									"rotationZ": -27.5,
									"faces": {
										"north": { "texture": "#bisonsaddle", "uv": [ 0.25, 13.25, 2.25, 14.75 ], "autoUv": false },
										"east": { "texture": "#bisonsaddle", "uv": [ 0.25, 13.0, 2.0, 15.0 ], "autoUv": false },
										"south": { "texture": "#bisonsaddle", "uv": [ 0.25, 13.0, 2.25, 15.0 ], "autoUv": false },
										"west": { "texture": "#bisonsaddle", "uv": [ 0.25, 13.0, 2.0, 14.75 ], "autoUv": false },
										"up": { "texture": "#bisonsaddle", "uv": [ 0.25, 13.0, 2.0, 15.0 ], "autoUv": false },
										"down": { "texture": "#bisonsaddle", "uv": [ 0.5, 13.0, 2.5, 14.75 ], "autoUv": false }
									}
								},
								{
									"name": "Cube27",
									"from": [ 2.0, -3.0, 0.1 ],
									"to": [ 4.0, 0.0, 2.9 ],
									"rotationOrigin": [ 2.0, -3.0, 0.0 ],
									"faces": {
										"north": { "texture": "#bisonsaddle", "uv": [ 0.75, 13.0, 1.75, 14.25 ], "autoUv": false },
										"east": { "texture": "#bisonsaddle", "uv": [ 1.0, 10.5, 2.0, 11.5 ], "autoUv": false },
										"south": { "texture": "#bisonsaddle", "uv": [ 0.5, 13.5, 1.5, 14.5 ], "autoUv": false },
										"west": { "texture": "#bisonsaddle", "uv": [ 1.5, 13.0, 2.5, 14.0 ], "autoUv": false },
										"up": { "texture": "#bisonsaddle", "uv": [ 0.5, 13.25, 1.5, 14.75 ], "autoUv": false },
										"down": { "texture": "#bisonsaddle", "uv": [ 0.5, 13.75, 1.5, 15.0 ], "autoUv": false }
									}
								},
								{
									"name": "Cube26",
									"from": [ 2.4848, -1.7264, 2.5 ],
									"to": [ 5.4848, 0.2736, 7.5 ],
									"rotationOrigin": [ 1.4848, -0.6264, 2.5 ],
									"rotationX": 18.266,
									"rotationY": 25.993,
									"rotationZ": -12.219,
									"faces": {
										"north": { "texture": "#bisonsaddle", "uv": [ 0.25, 13.25, 2.25, 14.75 ], "autoUv": false },
										"east": { "texture": "#bisonsaddle", "uv": [ 0.25, 13.0, 2.0, 15.0 ], "autoUv": false },
										"south": { "texture": "#bisonsaddle", "uv": [ 0.25, 13.0, 2.25, 15.0 ], "autoUv": false },
										"west": { "texture": "#bisonsaddle", "uv": [ 0.25, 13.0, 2.0, 14.75 ], "autoUv": false },
										"up": { "texture": "#bisonsaddle", "uv": [ 0.25, 13.0, 2.0, 15.0 ], "autoUv": false },
										"down": { "texture": "#bisonsaddle", "uv": [ 0.5, 13.0, 2.5, 14.75 ], "autoUv": false }
									}
								},
								{
									"name": "Cube1",
									"from": [ 3.9754, -3.6335, -3.5 ],
									"to": [ 6.9754, -1.6335, 1.5 ],
									"rotationOrigin": [ 3.9754, -3.2335, -3.5 ],
									"rotationX": -18.266,
									"rotationY": -25.993,
									"rotationZ": -12.219,
									"faces": {
										"north": { "texture": "#bisonsaddle", "uv": [ 0.25, 13.25, 2.25, 14.75 ], "autoUv": false },
										"east": { "texture": "#bisonsaddle", "uv": [ 0.25, 13.0, 2.0, 15.0 ], "autoUv": false },
										"south": { "texture": "#bisonsaddle", "uv": [ 0.25, 13.0, 2.25, 15.0 ], "autoUv": false },
										"west": { "texture": "#bisonsaddle", "uv": [ 0.25, 13.0, 2.0, 14.75 ], "autoUv": false },
										"up": { "texture": "#bisonsaddle", "uv": [ 0.25, 13.0, 2.0, 15.0 ], "autoUv": false },
										"down": { "texture": "#bisonsaddle", "uv": [ 0.5, 13.0, 2.5, 14.75 ], "autoUv": false }
									}
								}
							]
						}
					]
				},
				{
					"name": "Chair",
					"from": [ 8.5, -4.0, 1.0 ],
					"to": [ 8.5, -4.0, 1.0 ],
					"rotationOrigin": [ 8.5, -4.0, 1.0 ],
					"faces": {
						"north": { "texture": "#bisonsaddle", "uv": [ 0.0, 0.0, 0.5, 0.5 ] },
						"east": { "texture": "#bisonsaddle", "uv": [ 0.0, 0.0, 0.5, 0.5 ] },
						"south": { "texture": "#bisonsaddle", "uv": [ 0.0, 0.0, 0.5, 0.5 ] },
						"west": { "texture": "#bisonsaddle", "uv": [ 0.0, 0.0, 0.5, 0.5 ] },
						"up": { "texture": "#bisonsaddle", "uv": [ 0.0, 0.0, 0.5, 0.5 ] },
						"down": { "texture": "#bisonsaddle", "uv": [ 0.0, 0.0, 0.5, 0.5 ] }
					},
					"children": [
						{
							"name": "Cube1",
							"from": [ -8.0, 6.5, -4.0 ],
							"to": [ -6.0, 7.5, 4.0 ],
							"rotationOrigin": [ -8.0, 6.5, 0.0 ],
							"faces": {
								"north": { "texture": "#bisonsaddle", "uv": [ 3.0, 1.0, 5.0, 2.0 ] },
								"east": { "texture": "#bisonsaddle", "uv": [ 0.25, 2.0, 7.0, 3.0 ], "autoUv": false },
								"south": { "texture": "#bisonsaddle", "uv": [ 2.75, 1.0, 4.75, 2.0 ] },
								"west": { "texture": "#bisonsaddle", "uv": [ 0.5, 1.75, 7.25, 2.75 ], "autoUv": false },
								"up": { "texture": "#bisonsaddle", "uv": [ 1.0, 1.5, 7.5, 3.25 ], "autoUv": false },
								"down": { "texture": "#bisonsaddle", "uv": [ 1.0, 1.75, 6.75, 3.0 ], "autoUv": false }
							},
							"children": [
								{
									"name": "Cube60",
									"from": [ 5.0, 0.0, 0.0 ],
									"to": [ 7.0, 1.0, 8.0 ],
									"rotationOrigin": [ 5.0, 0.0, 4.0 ],
									"faces": {
										"north": { "texture": "#bisonsaddle", "uv": [ 2.25, 2.25, 4.25, 3.25 ] },
										"east": { "texture": "#bisonsaddle", "uv": [ 1.25, 2.0, 6.75, 3.0 ], "autoUv": false },
										"south": { "texture": "#bisonsaddle", "uv": [ 2.75, 2.0, 4.75, 3.0 ] },
										"west": { "texture": "#bisonsaddle", "uv": [ 0.75, 2.25, 7.0, 3.5 ], "autoUv": false },
										"up": { "texture": "#bisonsaddle", "uv": [ 0.75, 1.25, 7.25, 3.25 ], "rotation": 90, "autoUv": false },
										"down": { "texture": "#bisonsaddle", "uv": [ 1.25, 1.75, 7.25, 3.5 ], "rotation": 90, "autoUv": false }
									}
								},
								{
									"name": "Cube61",
									"from": [ 2.5, 0.0, 0.0 ],
									"to": [ 4.5, 1.0, 8.0 ],
									"rotationOrigin": [ 3.0, 0.0, 4.0 ],
									"faces": {
										"north": { "texture": "#bisonsaddle", "uv": [ 3.0, 1.75, 5.0, 2.75 ] },
										"east": { "texture": "#bisonsaddle", "uv": [ 1.0, 1.75, 7.25, 3.0 ], "autoUv": false },
										"south": { "texture": "#bisonsaddle", "uv": [ 2.5, 2.5, 4.5, 3.5 ] },
										"west": { "texture": "#bisonsaddle", "uv": [ 1.0, 1.75, 7.25, 3.0 ], "autoUv": false },
										"up": { "texture": "#bisonsaddle", "uv": [ 1.25, 1.75, 7.0, 3.0 ], "rotation": 90, "autoUv": false },
										"down": { "texture": "#bisonsaddle", "uv": [ 1.0, 1.75, 8.0, 3.5 ], "rotation": 90, "autoUv": false }
									}
								}
							]
						},
						{
							"name": "Cube83",
							"from": [ -8.5, 6.0, -4.7 ],
							"to": [ -7.2, 7.0, 4.8 ],
							"rotationOrigin": [ -7.35, 6.0, 0.0 ],
							"faces": {
								"north": { "texture": "#bisonsaddle", "uv": [ 0.0, 0.0, 1.25, 1.0 ] },
								"east": { "texture": "#bisonsaddle", "uv": [ 0.0, 0.25, 8.0, 1.25 ], "autoUv": false },
								"south": { "texture": "#bisonsaddle", "uv": [ 0.0, 0.0, 1.25, 1.0 ] },
								"west": { "texture": "#bisonsaddle", "uv": [ 0.25, 0.25, 7.75, 0.75 ], "autoUv": false },
								"up": { "texture": "#bisonsaddle", "uv": [ 0.5, 0.0, 1.75, 7.5 ], "autoUv": false },
								"down": { "texture": "#bisonsaddle", "uv": [ 0.25, 0.0, 1.5, 7.75 ], "autoUv": false }
							}
						},
						{
							"name": "Cube85",
							"from": [ -8.0, 9.5, 3.5 ],
							"to": [ -1.2, 10.0, 5.0 ],
							"rotationOrigin": [ -7.05, 9.5, 4.0 ],
							"faces": {
								"north": { "texture": "#bisonsaddle", "uv": [ 0.75, 2.25, 7.5, 2.75 ] },
								"east": { "texture": "#bisonsaddle", "uv": [ 3.25, 1.75, 4.75, 2.25 ] },
								"south": { "texture": "#bisonsaddle", "uv": [ 0.75, 2.25, 7.5, 2.75 ] },
								"west": { "texture": "#bisonsaddle", "uv": [ 3.0, 1.0, 4.5, 1.5 ] },
								"up": { "texture": "#bisonsaddle", "uv": [ 0.5, 1.5, 7.25, 3.0 ] },
								"down": { "texture": "#bisonsaddle", "uv": [ 0.5, 1.75, 7.25, 3.25 ] }
							},
							"children": [
								{
									"name": "Cube84",
									"from": [ -0.45, -2.5, 0.0 ],
									"to": [ 0.35, 0.0, 1.5 ],
									"rotationOrigin": [ -0.05, -2.5, 0.5 ],
									"faces": {
										"north": { "texture": "#bisonsaddle", "uv": [ 3.0, 2.0, 5.5, 2.5 ], "rotation": 90 },
										"east": { "texture": "#bisonsaddle", "uv": [ 2.0, 2.0, 4.5, 3.5 ], "rotation": 90 },
										"south": { "texture": "#bisonsaddle", "uv": [ 2.5, 2.5, 5.0, 3.0 ], "rotation": 90 },
										"west": { "texture": "#bisonsaddle", "uv": [ 2.5, 1.5, 5.0, 3.0 ], "rotation": 90 },
										"up": { "texture": "#bisonsaddle", "uv": [ 2.75, 1.5, 3.5, 3.0 ] },
										"down": { "texture": "#bisonsaddle", "uv": [ 2.75, 2.0, 3.5, 3.5 ] }
									}
								}
							]
						},
						{
							"name": "linen",
							"from": [ -7.6, 7.5, -3.5 ],
							"to": [ -1.8, 7.8, 3.5 ],
							"rotationOrigin": [ -8.0, 7.5, 0.0 ],
							"faces": {
								"north": { "texture": "#bisonsaddle", "uv": [ 10.5, 13.75, 15.5, 14.25 ], "autoUv": false },
								"east": { "texture": "#bisonsaddle", "uv": [ 10.25, 13.0, 15.75, 13.25 ], "autoUv": false },
								"south": { "texture": "#bisonsaddle", "uv": [ 10.5, 13.5, 16.0, 13.75 ], "autoUv": false },
								"west": { "texture": "#bisonsaddle", "uv": [ 10.25, 13.0, 15.75, 13.5 ], "autoUv": false },
								"up": { "texture": "#bisonsaddle", "uv": [ 10.25, 13.0, 15.75, 15.75 ], "autoUv": false },
								"down": { "texture": "#bisonsaddle", "uv": [ 10.5, 12.75, 15.5, 15.75 ], "autoUv": false }
							}
						},
						{
							"name": "Cube88",
							"from": [ 0.0, 18.0, -2.45 ],
							"to": [ 1.2, 19.0, 2.55 ],
							"rotationOrigin": [ -0.5, 18.5, 0.0 ],
							"faces": {
								"north": { "texture": "#bisonsaddle", "uv": [ 1.75, 2.0, 2.75, 3.0 ] },
								"east": { "texture": "#bisonsaddle", "uv": [ 1.75, 1.75, 6.75, 2.75 ] },
								"south": { "texture": "#bisonsaddle", "uv": [ 3.0, 2.25, 4.0, 3.25 ] },
								"west": { "texture": "#bisonsaddle", "uv": [ 1.5, 2.0, 6.5, 3.0 ] },
								"up": { "texture": "#bisonsaddle", "uv": [ 2.0, 2.0, 7.0, 3.0 ], "rotation": 90 },
								"down": { "texture": "#bisonsaddle", "uv": [ 2.5, 2.0, 7.5, 3.0 ], "rotation": 90 }
							},
							"children": [
								{
									"name": "Cube82",
									"from": [ -2.0, -12.0, -1.7 ],
									"to": [ -0.7, -11.0, 8.6 ],
									"rotationOrigin": [ -1.5, -11.5, -1.7 ],
									"rotationX": -90.0,
									"rotationY": 8.0,
									"faces": {
										"north": { "texture": "#bisonsaddle", "uv": [ 2.25, 1.75, 3.5, 2.75 ] },
										"east": { "texture": "#bisonsaddle", "uv": [ 0.5, 1.75, 6.75, 3.0 ], "autoUv": false },
										"south": { "texture": "#bisonsaddle", "uv": [ 1.5, 2.0, 2.75, 3.0 ] },
										"west": { "texture": "#bisonsaddle", "uv": [ 0.5, 2.0, 6.5, 3.25 ], "autoUv": false },
										"up": { "texture": "#bisonsaddle", "uv": [ 1.0, 1.75, 7.25, 3.0 ], "rotation": 90, "autoUv": false },
										"down": { "texture": "#bisonsaddle", "uv": [ 1.0, 1.75, 7.25, 2.75 ], "rotation": 90, "autoUv": false }
									}
								},
								{
									"name": "Cube89",
									"from": [ -0.48, -1.6, 7.8 ],
									"to": [ 0.72, -0.6, 10.8 ],
									"rotationOrigin": [ -0.5, -1.5, 7.3 ],
									"rotationX": -135.0,
									"rotationY": 10.0,
									"faces": {
										"north": { "texture": "#bisonsaddle", "uv": [ 2.5, 1.75, 3.5, 2.75 ] },
										"east": { "texture": "#bisonsaddle", "uv": [ 2.75, 2.0, 5.75, 3.0 ] },
										"south": { "texture": "#bisonsaddle", "uv": [ 2.75, 2.0, 3.75, 3.0 ] },
										"west": { "texture": "#bisonsaddle", "uv": [ 2.0, 2.0, 5.0, 3.0 ] },
										"up": { "texture": "#bisonsaddle", "uv": [ 2.5, 2.0, 5.5, 3.0 ], "rotation": 90 },
										"down": { "texture": "#bisonsaddle", "uv": [ 2.0, 2.0, 5.0, 3.0 ], "rotation": 90 }
									}
								},
								{
									"name": "Cube90",
									"from": [ -2.0, -12.4, 6.3 ],
									"to": [ -0.7, -11.4, 16.6 ],
									"rotationOrigin": [ -1.5, -11.5, 6.3 ],
									"rotationX": -90.0,
									"rotationY": 8.0,
									"faces": {
										"north": { "texture": "#bisonsaddle", "uv": [ 2.0, 2.0, 3.25, 3.0 ] },
										"east": { "texture": "#bisonsaddle", "uv": [ 0.75, 2.0, 7.25, 3.25 ], "autoUv": false },
										"south": { "texture": "#bisonsaddle", "uv": [ 2.0, 2.25, 3.25, 3.25 ] },
										"west": { "texture": "#bisonsaddle", "uv": [ 1.25, 1.75, 7.25, 2.75 ], "autoUv": false },
										"up": { "texture": "#bisonsaddle", "uv": [ 0.5, 1.75, 7.5, 2.75 ], "rotation": 90, "autoUv": false },
										"down": { "texture": "#bisonsaddle", "uv": [ 0.75, 1.75, 7.0, 3.0 ], "rotation": 90, "autoUv": false }
									}
								},
								{
									"name": "Cube87",
									"from": [ -0.48, -2.0, -1.7 ],
									"to": [ 0.72, -1.0, 1.3 ],
									"rotationOrigin": [ -0.5, -1.5, -1.7 ],
									"rotationX": -45.0,
									"rotationY": 10.0,
									"faces": {
										"north": { "texture": "#bisonsaddle", "uv": [ 2.0, 2.0, 3.0, 3.0 ] },
										"east": { "texture": "#bisonsaddle", "uv": [ 2.25, 1.75, 5.25, 2.75 ] },
										"south": { "texture": "#bisonsaddle", "uv": [ 1.75, 1.75, 2.75, 2.75 ] },
										"west": { "texture": "#bisonsaddle", "uv": [ 2.25, 1.75, 5.25, 2.75 ] },
										"up": { "texture": "#bisonsaddle", "uv": [ 1.5, 2.0, 4.5, 3.0 ], "rotation": 90 },
										"down": { "texture": "#bisonsaddle", "uv": [ 2.0, 2.5, 5.0, 3.5 ], "rotation": 90 }
									}
								}
							]
						},
						{
							"name": "Cube91",
							"from": [ -8.0, 9.5, -5.1 ],
							"to": [ -1.2, 10.0, -3.6 ],
							"rotationOrigin": [ -7.05, 9.5, -4.0 ],
							"faces": {
								"north": { "texture": "#bisonsaddle", "uv": [ 0.75, 2.0, 7.5, 2.5 ] },
								"east": { "texture": "#bisonsaddle", "uv": [ 2.25, 2.5, 3.75, 3.0 ] },
								"south": { "texture": "#bisonsaddle", "uv": [ 0.75, 2.5, 7.5, 3.0 ] },
								"west": { "texture": "#bisonsaddle", "uv": [ 2.25, 2.25, 3.75, 2.75 ] },
								"up": { "texture": "#bisonsaddle", "uv": [ 0.5, 1.5, 7.25, 3.0 ] },
								"down": { "texture": "#bisonsaddle", "uv": [ 0.75, 2.0, 7.5, 3.5 ] }
							},
							"children": [
								{
									"name": "Cube92",
									"from": [ -0.45, -2.5, 0.0 ],
									"to": [ 0.35, 0.0, 1.5 ],
									"rotationOrigin": [ -0.05, -2.5, 0.5 ],
									"faces": {
										"north": { "texture": "#bisonsaddle", "uv": [ 1.5, 2.0, 4.0, 2.5 ], "rotation": 90 },
										"east": { "texture": "#bisonsaddle", "uv": [ 2.0, 1.5, 4.5, 3.0 ], "rotation": 90 },
										"south": { "texture": "#bisonsaddle", "uv": [ 4.0, 2.0, 6.5, 2.5 ], "rotation": 90 },
										"west": { "texture": "#bisonsaddle", "uv": [ 2.0, 2.0, 4.5, 3.5 ], "rotation": 90 },
										"up": { "texture": "#bisonsaddle", "uv": [ 1.5, 1.5, 2.25, 3.0 ] },
										"down": { "texture": "#bisonsaddle", "uv": [ 1.0, 1.75, 1.75, 3.25 ] }
									}
								}
							]
						},
						{
							"name": "Cube93",
							"from": [ -1.0, 6.7, 2.0 ],
							"to": [ 9.0, 7.2, 3.8 ],
							"rotationOrigin": [ -1.0, 6.5, 3.0 ],
							"rotationY": -22.5,
							"rotationZ": 80.0,
							"faces": {
								"north": { "texture": "#bisonsaddle", "uv": [ 0.75, 2.0, 7.0, 2.5 ], "autoUv": false },
								"east": { "texture": "#bisonsaddle", "uv": [ 1.25, 3.25, 3.0, 3.75 ] },
								"south": { "texture": "#bisonsaddle", "uv": [ 1.0, 2.25, 7.25, 2.5 ], "autoUv": false },
								"west": { "texture": "#bisonsaddle", "uv": [ 3.0, 2.25, 4.75, 2.75 ] },
								"up": { "texture": "#bisonsaddle", "uv": [ 0.75, 1.75, 7.5, 3.5 ], "autoUv": false },
								"down": { "texture": "#bisonsaddle", "uv": [ 1.0, 1.75, 6.75, 3.5 ], "autoUv": false }
							}
						},
						{
							"name": "Cube94",
							"from": [ -1.0, 6.4, 0.0 ],
							"to": [ 11.0, 6.9, 1.8 ],
							"rotationOrigin": [ -1.0, 6.5, 1.0 ],
							"rotationY": -10.0,
							"rotationZ": 80.0,
							"faces": {
								"north": { "texture": "#bisonsaddle", "uv": [ 0.75, 2.0, 7.0, 2.75 ], "autoUv": false },
								"east": { "texture": "#bisonsaddle", "uv": [ 2.0, 1.75, 3.75, 2.25 ] },
								"south": { "texture": "#bisonsaddle", "uv": [ 0.75, 2.25, 7.5, 2.75 ], "autoUv": false },
								"west": { "texture": "#bisonsaddle", "uv": [ 1.5, 1.75, 3.25, 2.25 ] },
								"up": { "texture": "#bisonsaddle", "uv": [ 0.75, 1.75, 7.75, 3.5 ], "autoUv": false },
								"down": { "texture": "#bisonsaddle", "uv": [ 0.5, 1.75, 7.75, 3.25 ], "autoUv": false }
							}
						},
						{
							"name": "Cube95",
							"from": [ -1.0, 6.4, -2.0 ],
							"to": [ 11.0, 6.9, -0.2 ],
							"rotationOrigin": [ -1.0, 6.5, -1.0 ],
							"rotationY": 10.0,
							"rotationZ": 80.0,
							"faces": {
								"north": { "texture": "#bisonsaddle", "uv": [ 0.5, 2.0, 7.25, 3.25 ], "autoUv": false },
								"east": { "texture": "#bisonsaddle", "uv": [ 1.0, 2.25, 2.75, 2.75 ] },
								"south": { "texture": "#bisonsaddle", "uv": [ 0.75, 2.5, 6.75, 3.0 ], "autoUv": false },
								"west": { "texture": "#bisonsaddle", "uv": [ 2.0, 2.25, 3.75, 2.75 ] },
								"up": { "texture": "#bisonsaddle", "uv": [ 0.75, 1.75, 7.5, 3.25 ], "autoUv": false },
								"down": { "texture": "#bisonsaddle", "uv": [ 0.75, 1.75, 7.25, 3.5 ], "autoUv": false }
							}
						},
						{
							"name": "Cube81",
							"from": [ -1.0, 6.7, -4.0 ],
							"to": [ 9.0, 7.2, -2.2 ],
							"rotationOrigin": [ -1.0, 6.5, -3.0 ],
							"rotationY": 22.5,
							"rotationZ": 80.0,
							"faces": {
								"north": { "texture": "#bisonsaddle", "uv": [ 0.75, 2.25, 6.5, 3.0 ], "autoUv": false },
								"east": { "texture": "#bisonsaddle", "uv": [ 2.25, 2.0, 4.0, 2.5 ] },
								"south": { "texture": "#bisonsaddle", "uv": [ 1.0, 2.0, 7.25, 2.75 ], "autoUv": false },
								"west": { "texture": "#bisonsaddle", "uv": [ 0.75, 2.5, 2.5, 3.0 ] },
								"up": { "texture": "#bisonsaddle", "uv": [ 0.75, 1.75, 7.5, 3.5 ], "autoUv": false },
								"down": { "texture": "#bisonsaddle", "uv": [ 0.75, 1.75, 7.25, 3.5 ], "autoUv": false }
							}
						},
						{
							"name": "Cube96",
							"from": [ -1.5, 6.0, -4.7 ],
							"to": [ -0.2, 7.0, 4.8 ],
							"rotationOrigin": [ -0.35, 6.0, 0.0 ],
							"faces": {
								"north": { "texture": "#bisonsaddle", "uv": [ 1.0, 1.75, 2.25, 2.75 ] },
								"east": { "texture": "#bisonsaddle", "uv": [ 0.25, 2.25, 7.75, 3.25 ], "autoUv": false },
								"south": { "texture": "#bisonsaddle", "uv": [ 1.5, 1.75, 2.75, 2.75 ] },
								"west": { "texture": "#bisonsaddle", "uv": [ 0.75, 2.0, 7.0, 3.0 ], "autoUv": false },
								"up": { "texture": "#bisonsaddle", "uv": [ 0.5, 1.75, 7.5, 2.75 ], "rotation": 90, "autoUv": false },
								"down": { "texture": "#bisonsaddle", "uv": [ 0.5, 1.75, 7.5, 3.0 ], "rotation": 90, "autoUv": false }
							}
						},
						{
							"name": "Cube97",
							"from": [ -8.6, 6.1, -5.3 ],
							"to": [ -0.1, 7.1, -4.4 ],
							"rotationOrigin": [ -7.8, 6.0, -5.3 ],
							"faces": {
								"north": { "texture": "#bisonsaddle", "uv": [ 0.5, 2.0, 7.5, 3.5 ], "autoUv": false },
								"east": { "texture": "#bisonsaddle", "uv": [ 1.25, 2.0, 2.0, 3.0 ] },
								"south": { "texture": "#bisonsaddle", "uv": [ 0.75, 1.75, 7.5, 2.5 ], "autoUv": false },
								"west": { "texture": "#bisonsaddle", "uv": [ 1.0, 2.0, 1.75, 3.0 ] },
								"up": { "texture": "#bisonsaddle", "uv": [ 0.5, 2.0, 7.5, 2.75 ], "autoUv": false },
								"down": { "texture": "#bisonsaddle", "uv": [ 0.5, 1.75, 7.75, 2.5 ], "autoUv": false }
							}
						},
						{
							"name": "Chairrim",
							"from": [ -8.6, 6.1, 4.2 ],
							"to": [ -0.1, 7.1, 5.1 ],
							"rotationOrigin": [ -7.8, 6.0, 3.7 ],
							"faces": {
								"north": { "texture": "#bisonsaddle", "uv": [ 0.75, 2.0, 7.25, 3.25 ], "autoUv": false },
								"east": { "texture": "#bisonsaddle", "uv": [ 2.0, 2.25, 2.75, 3.25 ] },
								"south": { "texture": "#bisonsaddle", "uv": [ 0.5, 2.0, 7.25, 3.0 ], "autoUv": false },
								"west": { "texture": "#bisonsaddle", "uv": [ 2.25, 2.0, 3.0, 3.0 ] },
								"up": { "texture": "#bisonsaddle", "uv": [ 0.5, 2.25, 7.0, 2.75 ], "autoUv": false },
								"down": { "texture": "#bisonsaddle", "uv": [ 0.75, 2.5, 7.75, 3.5 ], "autoUv": false }
							}
						}
					]
				},
				{
					"name": "ropefrontr",
					"from": [ -4.3, 2.0, -3.8 ],
					"to": [ -3.5, 6.0, -3.0 ],
					"rotationOrigin": [ -3.5, 2.0, -4.0 ],
					"rotationZ": -67.5,
					"faces": {
						"north": { "texture": "#bisonsaddle", "uv": [ 0.25, 8.5, 4.0, 9.5 ], "rotation": 90, "autoUv": false },
						"east": { "texture": "#bisonsaddle", "uv": [ 0.25, 8.5, 4.0, 9.75 ], "rotation": 90, "autoUv": false },
						"south": { "texture": "#bisonsaddle", "uv": [ 0.25, 8.5, 3.25, 9.75 ], "rotation": 90, "autoUv": false },
						"west": { "texture": "#bisonsaddle", "uv": [ 0.25, 9.0, 4.0, 9.5 ], "rotation": 90, "autoUv": false },
						"up": { "texture": "#bisonsaddle", "uv": [ 0.25, 8.5, 1.0, 9.25 ] },
						"down": { "texture": "#bisonsaddle", "uv": [ 0.25, 8.25, 1.0, 9.0 ] }
					},
					"children": [
						{
							"name": "ropefront2",
							"from": [ 1.8803, -1.11, 0.0 ],
							"to": [ 2.6803, 1.89, 0.8 ],
							"rotationOrigin": [ 3.3803, -1.61, 0.5 ],
							"rotationZ": 45.0,
							"faces": {
								"north": { "texture": "#bisonsaddle", "uv": [ 0.25, 8.5, 4.0, 9.5 ], "rotation": 90, "autoUv": false },
								"east": { "texture": "#bisonsaddle", "uv": [ 0.25, 8.5, 4.0, 9.75 ], "rotation": 90, "autoUv": false },
								"south": { "texture": "#bisonsaddle", "uv": [ 0.25, 8.5, 3.25, 9.75 ], "rotation": 90, "autoUv": false },
								"west": { "texture": "#bisonsaddle", "uv": [ 0.25, 9.0, 4.0, 9.5 ], "rotation": 90, "autoUv": false },
								"up": { "texture": "#bisonsaddle", "uv": [ 0.25, 8.5, 1.0, 9.25 ] },
								"down": { "texture": "#bisonsaddle", "uv": [ 0.25, 8.25, 1.0, 9.0 ] }
							}
						},
						{
							"name": "ropefront3",
							"from": [ 2.3, -1.0, 0.0 ],
							"to": [ 3.1, 3.0, 0.8 ],
							"rotationOrigin": [ 0.8, 0.0, -0.2 ],
							"rotationZ": -22.5,
							"faces": {
								"north": { "texture": "#bisonsaddle", "uv": [ 0.25, 8.5, 4.0, 9.5 ], "rotation": 90, "autoUv": false },
								"east": { "texture": "#bisonsaddle", "uv": [ 0.25, 8.5, 4.0, 9.75 ], "rotation": 90, "autoUv": false },
								"south": { "texture": "#bisonsaddle", "uv": [ 0.25, 8.5, 3.25, 9.75 ], "rotation": 90, "autoUv": false },
								"west": { "texture": "#bisonsaddle", "uv": [ 0.25, 9.0, 4.0, 9.5 ], "rotation": 90, "autoUv": false },
								"up": { "texture": "#bisonsaddle", "uv": [ 0.25, 8.5, 1.0, 9.25 ] },
								"down": { "texture": "#bisonsaddle", "uv": [ 0.25, 8.25, 1.0, 9.0 ] }
							}
						},
						{
							"name": "ropefront242",
							"from": [ 2.88, 2.89, 0.0 ],
							"to": [ 3.68, 5.89, 0.8 ],
							"rotationOrigin": [ 4.3803, 2.39, 0.5 ],
							"rotationZ": 45.0,
							"faces": {
								"north": { "texture": "#bisonsaddle", "uv": [ 0.25, 8.5, 4.0, 9.5 ], "rotation": 90, "autoUv": false },
								"east": { "texture": "#bisonsaddle", "uv": [ 0.25, 8.5, 4.0, 9.75 ], "rotation": 90, "autoUv": false },
								"south": { "texture": "#bisonsaddle", "uv": [ 0.25, 8.5, 3.25, 9.75 ], "rotation": 90, "autoUv": false },
								"west": { "texture": "#bisonsaddle", "uv": [ 0.25, 9.0, 4.0, 9.5 ], "rotation": 90, "autoUv": false },
								"up": { "texture": "#bisonsaddle", "uv": [ 0.25, 8.5, 1.0, 9.25 ] },
								"down": { "texture": "#bisonsaddle", "uv": [ 0.25, 8.25, 1.0, 9.0 ] }
							}
						}
					]
				},
				{
					"name": "ropefrontl",
					"from": [ -4.3, 2.0, 4.8 ],
					"to": [ -3.5, 6.0, 5.6 ],
					"rotationOrigin": [ -3.5, 2.0, 4.0 ],
					"rotationZ": -67.5,
					"faces": {
						"north": { "texture": "#bisonsaddle", "uv": [ 0.25, 8.5, 4.0, 9.5 ], "rotation": 90, "autoUv": false },
						"east": { "texture": "#bisonsaddle", "uv": [ 0.25, 8.5, 4.0, 9.75 ], "rotation": 90, "autoUv": false },
						"south": { "texture": "#bisonsaddle", "uv": [ 0.25, 8.5, 3.25, 9.75 ], "rotation": 90, "autoUv": false },
						"west": { "texture": "#bisonsaddle", "uv": [ 0.25, 9.0, 4.0, 9.5 ], "rotation": 90, "autoUv": false },
						"up": { "texture": "#bisonsaddle", "uv": [ 0.25, 8.5, 1.0, 9.25 ] },
						"down": { "texture": "#bisonsaddle", "uv": [ 0.25, 8.25, 1.0, 9.0 ] }
					},
					"children": [
						{
							"name": "ropefront223",
							"from": [ 1.8803, -1.11, 0.0 ],
							"to": [ 2.6803, 1.89, 0.8 ],
							"rotationOrigin": [ 3.3803, -1.61, 0.5 ],
							"rotationZ": 45.0,
							"faces": {
								"north": { "texture": "#bisonsaddle", "uv": [ 0.25, 8.5, 4.0, 9.5 ], "rotation": 90, "autoUv": false },
								"east": { "texture": "#bisonsaddle", "uv": [ 0.25, 8.5, 4.0, 9.75 ], "rotation": 90, "autoUv": false },
								"south": { "texture": "#bisonsaddle", "uv": [ 0.25, 8.5, 3.25, 9.75 ], "rotation": 90, "autoUv": false },
								"west": { "texture": "#bisonsaddle", "uv": [ 0.25, 9.0, 4.0, 9.5 ], "rotation": 90, "autoUv": false },
								"up": { "texture": "#bisonsaddle", "uv": [ 0.25, 8.5, 1.0, 9.25 ] },
								"down": { "texture": "#bisonsaddle", "uv": [ 0.25, 8.25, 1.0, 9.0 ] }
							}
						},
						{
							"name": "ropefront224",
							"from": [ 2.3, -1.0, 0.0 ],
							"to": [ 3.1, 3.0, 0.8 ],
							"rotationOrigin": [ 0.8, 0.0, -0.2 ],
							"rotationZ": -22.5,
							"faces": {
								"north": { "texture": "#bisonsaddle", "uv": [ 0.25, 8.5, 4.0, 9.5 ], "rotation": 90, "autoUv": false },
								"east": { "texture": "#bisonsaddle", "uv": [ 0.25, 8.5, 4.0, 9.75 ], "rotation": 90, "autoUv": false },
								"south": { "texture": "#bisonsaddle", "uv": [ 0.25, 8.5, 3.25, 9.75 ], "rotation": 90, "autoUv": false },
								"west": { "texture": "#bisonsaddle", "uv": [ 0.25, 9.0, 4.0, 9.5 ], "rotation": 90, "autoUv": false },
								"up": { "texture": "#bisonsaddle", "uv": [ 0.25, 8.5, 1.0, 9.25 ] },
								"down": { "texture": "#bisonsaddle", "uv": [ 0.25, 8.25, 1.0, 9.0 ] }
							}
						},
						{
							"name": "ropefront241",
							"from": [ 2.88, 2.89, 0.0 ],
							"to": [ 3.68, 5.89, 0.8 ],
							"rotationOrigin": [ 4.3803, 2.39, 0.5 ],
							"rotationZ": 45.0,
							"faces": {
								"north": { "texture": "#bisonsaddle", "uv": [ 0.25, 8.5, 4.0, 9.5 ], "rotation": 90, "autoUv": false },
								"east": { "texture": "#bisonsaddle", "uv": [ 0.25, 8.5, 4.0, 9.75 ], "rotation": 90, "autoUv": false },
								"south": { "texture": "#bisonsaddle", "uv": [ 0.25, 8.5, 3.25, 9.75 ], "rotation": 90, "autoUv": false },
								"west": { "texture": "#bisonsaddle", "uv": [ 0.25, 9.0, 4.0, 9.5 ], "rotation": 90, "autoUv": false },
								"up": { "texture": "#bisonsaddle", "uv": [ 0.25, 8.5, 1.0, 9.25 ] },
								"down": { "texture": "#bisonsaddle", "uv": [ 0.25, 8.25, 1.0, 9.0 ] }
							}
						}
					]
				}
			]
		}
	]
}