{
	"editor": {
		"collapsedPaths": "",
		"allAngles": false,
		"entityTextureMode": false
	},
	"textureWidth": 16,
	"textureHeight": 16,
	"textureSizes": {
	},
	"textures": {
		"ruin-paper": "figurines:item/xmas/paper/ruin-paper",
		"ruin-ribbon": "figurines:item/xmas/ribbon/ruin-ribbon"
	},
	"elements": [
		{
			"name": "Box",
			"from": [ 5.6, 0.0, 5.6 ],
			"to": [ 10.4, 4.8, 10.4 ],
			"rotationOrigin": [ 5.6, 0.0, 5.6 ],
			"faces": {
				"north": { "texture": "#ruin-paper", "uv": [ 0.0, 0.0, 4.5, 4.5 ] },
				"east": { "texture": "#ruin-paper", "uv": [ 0.0, 0.0, 4.5, 4.5 ] },
				"south": { "texture": "#ruin-paper", "uv": [ 0.0, 0.0, 4.5, 4.5 ] },
				"west": { "texture": "#ruin-paper", "uv": [ 0.0, 0.0, 4.5, 4.5 ] },
				"up": { "texture": "#ruin-paper", "uv": [ 0.0, 0.0, 4.5, 4.5 ] },
				"down": { "texture": "#ruin-paper", "uv": [ 0.0, 0.0, 4.5, 4.5 ], "rotation": 90 }
			},
			"children": [
				{
					"name": "Bow10",
					"from": [ 2.11, 4.86, 3.86 ],
					"to": [ 3.31, 5.4, 3.907 ],
					"rotationOrigin": [ 2.1091, 4.86, 3.8637 ],
					"rotationX": -90.0,
					"rotationZ": 67.5,
					"faces": {
						"north": { "texture": "#ruin-ribbon", "uv": [ 0.0, 0.0, 1.0, 0.5 ] },
						"east": { "texture": "#ruin-ribbon", "uv": [ 0.0, 0.0, 0.5, 0.5 ] },
						"south": { "texture": "#ruin-ribbon", "uv": [ 0.0, 0.0, 1.0, 0.5 ] },
						"west": { "texture": "#ruin-ribbon", "uv": [ 0.0, 0.0, 0.5, 0.5 ] },
						"up": { "texture": "#ruin-ribbon", "uv": [ 0.0, 0.0, 1.0, 0.5 ] },
						"down": { "texture": "#ruin-ribbon", "uv": [ 0.0, 0.0, 1.0, 0.5 ] }
					}
				},
				{
					"name": "Bow",
					"from": [ 2.3, 4.86, 2.7 ],
					"to": [ 2.9, 5.46, 2.9 ],
					"rotationOrigin": [ 2.3, 4.86, 2.7 ],
					"rotationX": -90.0,
					"rotationZ": 45.0,
					"faces": {
						"north": { "texture": "#ruin-ribbon", "uv": [ 0.0, 0.0, 0.5, 0.5 ] },
						"east": { "texture": "#ruin-ribbon", "uv": [ 0.0, 0.0, 0.5, 0.5 ] },
						"south": { "texture": "#ruin-ribbon", "uv": [ 0.0, 0.0, 0.5, 0.5 ] },
						"west": { "texture": "#ruin-ribbon", "uv": [ 0.0, 0.0, 0.5, 0.5 ] },
						"up": { "texture": "#ruin-ribbon", "uv": [ 0.0, 0.0, 0.5, 0.5 ] },
						"down": { "texture": "#ruin-ribbon", "uv": [ 0.0, 0.0, 0.5, 0.5 ] }
					},
					"children": [
						{
							"name": "Bow2",
							"from": [ -1.34, 0.03, 0.15 ],
							"to": [ 0.16, 0.57, 0.19 ],
							"rotationOrigin": [ -1.34, 0.03, 0.15 ],
							"faces": {
								"north": { "texture": "#ruin-ribbon", "uv": [ 0.0, 0.0, 1.5, 0.5 ] },
								"east": { "texture": "#ruin-ribbon", "uv": [ 0.0, 0.0, 0.5, 0.5 ] },
								"south": { "texture": "#ruin-ribbon", "uv": [ 0.0, 0.0, 1.5, 0.5 ] },
								"west": { "texture": "#ruin-ribbon", "uv": [ 0.0, 0.0, 0.5, 0.5 ] },
								"up": { "texture": "#ruin-ribbon", "uv": [ 0.0, 0.0, 1.5, 0.5 ] },
								"down": { "texture": "#ruin-ribbon", "uv": [ 0.0, 0.0, 1.5, 0.5 ] }
							},
							"children": [
								{
									"name": "Bow5",
									"from": [ -1.36, 0.001, -0.57 ],
									"to": [ 0.13, 0.531, -0.52 ],
									"rotationOrigin": [ -1.36, 0.0, -0.57 ],
									"rotationY": -22.5,
									"faces": {
										"north": { "texture": "#ruin-ribbon", "uv": [ 0.0, 0.0, 1.0, 0.5 ] },
										"east": { "texture": "#ruin-ribbon", "uv": [ 0.0, 0.0, 0.5, 0.5 ] },
										"south": { "texture": "#ruin-ribbon", "uv": [ 0.0, 0.0, 1.0, 0.5 ] },
										"west": { "texture": "#ruin-ribbon", "uv": [ 0.0, 0.0, 0.5, 0.5 ] },
										"up": { "texture": "#ruin-ribbon", "uv": [ 0.0, 0.0, 1.0, 0.5 ] },
										"down": { "texture": "#ruin-ribbon", "uv": [ 0.0, 0.0, 1.0, 0.5 ] }
									},
									"children": [
										{
											"name": "Bow4",
											"from": [ 1.03, 0.01, 0.03 ],
											"to": [ 1.72, 0.538, 0.08 ],
											"rotationOrigin": [ 1.0267, 0.06, 0.0268 ],
											"rotationX": 179.9999,
											"rotationY": -22.5,
											"rotationZ": 179.9999,
											"faces": {
												"north": { "texture": "#ruin-ribbon", "uv": [ 0.0, 0.0, 0.5, 0.5 ] },
												"east": { "texture": "#ruin-ribbon", "uv": [ 0.0, 0.0, 0.5, 0.5 ] },
												"south": { "texture": "#ruin-ribbon", "uv": [ 0.0, 0.0, 0.5, 0.5 ] },
												"west": { "texture": "#ruin-ribbon", "uv": [ 0.0, 0.0, 0.5, 0.5 ] },
												"up": { "texture": "#ruin-ribbon", "uv": [ 0.0, 0.0, 0.5, 0.5 ] },
												"down": { "texture": "#ruin-ribbon", "uv": [ 0.0, 0.0, 0.5, 0.5 ] }
											}
										}
									]
								}
							]
						},
						{
							"name": "Bow11",
							"from": [ 0.0, 0.27, 0.0 ],
							"to": [ 1.8, 0.81, 0.05 ],
							"rotationOrigin": [ 0.0, 0.27, 0.0 ],
							"rotationZ": -22.5,
							"faces": {
								"north": { "texture": "#ruin-ribbon", "uv": [ 0.0, 0.0, 1.5, 0.5 ] },
								"east": { "texture": "#ruin-ribbon", "uv": [ 0.0, 0.0, 0.5, 0.5 ] },
								"south": { "texture": "#ruin-ribbon", "uv": [ 0.0, 0.0, 1.5, 0.5 ] },
								"west": { "texture": "#ruin-ribbon", "uv": [ 0.0, 0.0, 0.5, 0.5 ] },
								"up": { "texture": "#ruin-ribbon", "uv": [ 0.0, 0.0, 1.5, 0.5 ] },
								"down": { "texture": "#ruin-ribbon", "uv": [ 0.0, 0.0, 1.5, 0.5 ] }
							}
						},
						{
							"name": "Bow3",
							"from": [ 1.06, -0.87, 0.15 ],
							"to": [ 2.56, -0.33, 0.19 ],
							"rotationOrigin": [ 1.06, -0.87, 0.15 ],
							"rotationZ": 112.5,
							"faces": {
								"north": { "texture": "#ruin-ribbon", "uv": [ 0.0, 0.0, 1.5, 0.5 ] },
								"east": { "texture": "#ruin-ribbon", "uv": [ 0.0, 0.0, 0.5, 0.5 ] },
								"south": { "texture": "#ruin-ribbon", "uv": [ 0.0, 0.0, 1.5, 0.5 ] },
								"west": { "texture": "#ruin-ribbon", "uv": [ 0.0, 0.0, 0.5, 0.5 ] },
								"up": { "texture": "#ruin-ribbon", "uv": [ 0.0, 0.0, 1.5, 0.5 ] },
								"down": { "texture": "#ruin-ribbon", "uv": [ 0.0, 0.0, 1.5, 0.5 ] }
							},
							"children": [
								{
									"name": "Bow6",
									"from": [ -1.06, 0.001, -0.47 ],
									"to": [ 0.21, 0.541, -0.42 ],
									"rotationOrigin": [ -1.06, 0.0, -0.47 ],
									"rotationY": -22.5,
									"faces": {
										"north": { "texture": "#ruin-ribbon", "uv": [ 0.0, 0.0, 1.0, 0.5 ] },
										"east": { "texture": "#ruin-ribbon", "uv": [ 0.0, 0.0, 0.5, 0.5 ] },
										"south": { "texture": "#ruin-ribbon", "uv": [ 0.0, 0.0, 1.0, 0.5 ] },
										"west": { "texture": "#ruin-ribbon", "uv": [ 0.0, 0.0, 0.5, 0.5 ] },
										"up": { "texture": "#ruin-ribbon", "uv": [ 0.0, 0.0, 1.0, 0.5 ] },
										"down": { "texture": "#ruin-ribbon", "uv": [ 0.0, 0.0, 1.0, 0.5 ] }
									},
									"children": [
										{
											"name": "Bow7",
											"from": [ 0.73, 0.01, 0.03 ],
											"to": [ 1.42, 0.538, 0.08 ],
											"rotationOrigin": [ 0.7267, 0.06, 0.0268 ],
											"rotationX": 179.9999,
											"rotationY": -22.5,
											"rotationZ": 179.9999,
											"faces": {
												"north": { "texture": "#ruin-ribbon", "uv": [ 0.0, 0.0, 0.5, 0.5 ] },
												"east": { "texture": "#ruin-ribbon", "uv": [ 0.0, 0.0, 0.5, 0.5 ] },
												"south": { "texture": "#ruin-ribbon", "uv": [ 0.0, 0.0, 0.5, 0.5 ] },
												"west": { "texture": "#ruin-ribbon", "uv": [ 0.0, 0.0, 0.5, 0.5 ] },
												"up": { "texture": "#ruin-ribbon", "uv": [ 0.0, 0.0, 0.5, 0.5 ] },
												"down": { "texture": "#ruin-ribbon", "uv": [ 0.0, 0.0, 0.5, 0.5 ] }
											}
										}
									]
								}
							]
						}
					]
				},
				{
					"name": "meteoriciron",
					"from": [ 2.7, 4.8, 4.86 ],
					"to": [ 3.3, 4.86, 9.78 ],
					"rotationOrigin": [ 2.7, 4.8, 4.86 ],
					"rotationX": 180.0,
					"rotationZ": 180.0,
					"faces": {
						"north": { "texture": "#ruin-ribbon", "uv": [ 0.0, 0.0, 0.5, 0.5 ] },
						"east": { "texture": "#ruin-ribbon", "uv": [ 0.0, 0.0, 4.5, 0.5 ] },
						"south": { "texture": "#ruin-ribbon", "uv": [ 0.0, 0.0, 0.5, 0.5 ] },
						"west": { "texture": "#ruin-ribbon", "uv": [ 0.0, 0.0, 4.5, 0.5 ] },
						"up": { "texture": "#ruin-ribbon", "uv": [ 0.0, 0.0, 0.5, 4.5 ] },
						"down": { "texture": "#ruin-ribbon", "uv": [ 0.0, 0.0, 0.5, 4.5 ] }
					},
					"children": [
						{
							"name": "Cube8",
							"from": [ 2.76, -4.8, 2.76 ],
							"to": [ 3.36, -4.74, 7.56 ],
							"rotationOrigin": [ 2.76, -4.8, 2.76 ],
							"rotationX": -90.0,
							"rotationZ": 90.0,
							"faces": {
								"north": { "texture": "#ruin-ribbon", "uv": [ 0.0, 0.0, 0.5, 0.5 ] },
								"east": { "texture": "#ruin-ribbon", "uv": [ 0.0, 0.0, 4.5, 0.5 ] },
								"south": { "texture": "#ruin-ribbon", "uv": [ 0.0, 0.0, 0.5, 0.5 ] },
								"west": { "texture": "#ruin-ribbon", "uv": [ 0.0, 0.0, 4.5, 0.5 ] },
								"up": { "texture": "#ruin-ribbon", "uv": [ 0.0, 0.0, 0.5, 4.5 ] },
								"down": { "texture": "#ruin-ribbon", "uv": [ 0.0, 0.0, 0.5, 4.5 ], "rotation": 180 }
							}
						},
						{
							"name": "Cube9",
							"from": [ -2.1, -4.8, 2.76 ],
							"to": [ -1.5, -4.74, 7.56 ],
							"rotationOrigin": [ -2.1, -4.8, 2.76 ],
							"rotationX": -90.0,
							"rotationZ": 90.0,
							"faces": {
								"north": { "texture": "#ruin-ribbon", "uv": [ 0.0, 0.0, 0.5, 0.5 ] },
								"east": { "texture": "#ruin-ribbon", "uv": [ 0.0, 0.0, 4.5, 0.5 ] },
								"south": { "texture": "#ruin-ribbon", "uv": [ 0.0, 0.0, 0.5, 0.5 ] },
								"west": { "texture": "#ruin-ribbon", "uv": [ 0.0, 0.0, 4.5, 0.5 ] },
								"up": { "texture": "#ruin-ribbon", "uv": [ 0.0, 0.0, 0.5, 4.5 ] },
								"down": { "texture": "#ruin-ribbon", "uv": [ 0.0, 0.0, 0.5, 4.5 ] }
							}
						},
						{
							"name": "Cube10",
							"from": [ 0.0, -4.8, 4.92 ],
							"to": [ 0.6, -4.74, 9.72 ],
							"rotationOrigin": [ 0.0, -4.8, 4.92 ],
							"rotationX": -90.0,
							"faces": {
								"north": { "texture": "#ruin-ribbon", "uv": [ 0.0, 0.0, 0.5, 0.5 ] },
								"east": { "texture": "#ruin-ribbon", "uv": [ 0.0, 0.0, 4.5, 0.5 ] },
								"south": { "texture": "#ruin-ribbon", "uv": [ 0.0, 0.0, 0.5, 0.5 ] },
								"west": { "texture": "#ruin-ribbon", "uv": [ 0.0, 0.0, 4.5, 0.5 ] },
								"up": { "texture": "#ruin-ribbon", "uv": [ 0.0, 0.0, 0.5, 4.5 ] },
								"down": { "texture": "#ruin-ribbon", "uv": [ 0.0, 0.0, 0.5, 4.5 ], "rotation": 180 }
							}
						},
						{
							"name": "Cube11",
							"from": [ 0.0, -4.8, 0.06 ],
							"to": [ 0.6, -4.74, 4.86 ],
							"rotationOrigin": [ 0.0, -4.8, 0.06 ],
							"rotationX": -90.0,
							"faces": {
								"north": { "texture": "#ruin-ribbon", "uv": [ 0.0, 0.0, 0.5, 0.5 ] },
								"east": { "texture": "#ruin-ribbon", "uv": [ 0.0, 0.0, 4.5, 0.5 ] },
								"south": { "texture": "#ruin-ribbon", "uv": [ 0.0, 0.0, 0.5, 0.5 ] },
								"west": { "texture": "#ruin-ribbon", "uv": [ 0.0, 0.0, 4.5, 0.5 ] },
								"up": { "texture": "#ruin-ribbon", "uv": [ 0.0, 0.0, 0.5, 4.5 ], "rotation": 180 },
								"down": { "texture": "#ruin-ribbon", "uv": [ 0.0, 0.0, 0.5, 4.5 ] }
							}
						},
						{
							"name": "Cube14",
							"from": [ -2.1596, -6.0E-4, 2.7604 ],
							"to": [ -1.5596, 0.0594, 4.9204 ],
							"rotationOrigin": [ -2.16, 0.0, 2.76 ],
							"rotationX": -55.7139,
							"rotationY": 89.9802,
							"rotationZ": 55.7139,
							"faces": {
								"north": { "texture": "#ruin-ribbon", "uv": [ 0.0, 0.0, 0.5, 0.5 ] },
								"east": { "texture": "#ruin-ribbon", "uv": [ 0.0, 0.0, 2.0, 0.5 ] },
								"south": { "texture": "#ruin-ribbon", "uv": [ 0.0, 0.0, 0.5, 0.5 ] },
								"west": { "texture": "#ruin-ribbon", "uv": [ 0.0, 0.0, 2.0, 0.5 ] },
								"up": { "texture": "#ruin-ribbon", "uv": [ 0.0, 0.0, 0.5, 2.0 ] },
								"down": { "texture": "#ruin-ribbon", "uv": [ 0.0, 0.0, 0.5, 2.0 ] }
							}
						},
						{
							"name": "Cube17",
							"from": [ 0.6004, -4.8606, 2.7596 ],
							"to": [ 1.2004, -4.8006, 4.8896 ],
							"rotationOrigin": [ 0.6, -4.86, 2.76 ],
							"rotationX": -55.7139,
							"rotationY": 89.9802,
							"rotationZ": 55.7139,
							"faces": {
								"north": { "texture": "#ruin-ribbon", "uv": [ 0.0, 0.0, 0.5, 0.5 ] },
								"east": { "texture": "#ruin-ribbon", "uv": [ 0.0, 0.0, 2.0, 0.5 ] },
								"south": { "texture": "#ruin-ribbon", "uv": [ 0.0, 0.0, 0.5, 0.5 ] },
								"west": { "texture": "#ruin-ribbon", "uv": [ 0.0, 0.0, 2.0, 0.5 ] },
								"up": { "texture": "#ruin-ribbon", "uv": [ 0.0, 0.0, 0.5, 2.0 ] },
								"down": { "texture": "#ruin-ribbon", "uv": [ 0.0, 0.0, 0.5, 2.0 ], "rotation": 180 }
							}
						},
						{
							"name": "Cube16",
							"from": [ -2.1601, -4.8598, 2.7586 ],
							"to": [ -1.5601, -4.7998, 4.9186 ],
							"rotationOrigin": [ -2.16, -4.86, 2.76 ],
							"rotationX": -55.7369,
							"rotationY": 90.0,
							"rotationZ": 55.7369,
							"faces": {
								"north": { "texture": "#ruin-ribbon", "uv": [ 0.0, 0.0, 0.5, 0.5 ] },
								"east": { "texture": "#ruin-ribbon", "uv": [ 0.0, 0.0, 2.0, 0.5 ] },
								"south": { "texture": "#ruin-ribbon", "uv": [ 0.0, 0.0, 0.5, 0.5 ] },
								"west": { "texture": "#ruin-ribbon", "uv": [ 0.0, 0.0, 2.0, 0.5 ] },
								"up": { "texture": "#ruin-ribbon", "uv": [ 0.0, 0.0, 0.5, 2.0 ] },
								"down": { "texture": "#ruin-ribbon", "uv": [ 0.0, 0.0, 0.5, 2.0 ] }
							}
						},
						{
							"name": "Cube15",
							"from": [ 0.5999, 2.0E-4, 2.7597 ],
							"to": [ 1.1999, 0.0602, 4.9197 ],
							"rotationOrigin": [ 0.6, 0.0, 2.76 ],
							"rotationX": -55.7369,
							"rotationY": 90.0,
							"rotationZ": 55.7369,
							"faces": {
								"north": { "texture": "#ruin-ribbon", "uv": [ 0.0, 0.0, 0.5, 0.5 ] },
								"east": { "texture": "#ruin-ribbon", "uv": [ 0.0, 0.0, 2.0, 0.5 ] },
								"south": { "texture": "#ruin-ribbon", "uv": [ 0.0, 0.0, 0.5, 0.5 ] },
								"west": { "texture": "#ruin-ribbon", "uv": [ 0.0, 0.0, 2.0, 0.5 ] },
								"up": { "texture": "#ruin-ribbon", "uv": [ 0.0, 0.0, 0.5, 2.0 ] },
								"down": { "texture": "#ruin-ribbon", "uv": [ 0.0, 0.0, 0.5, 2.0 ] }
							}
						},
						{
							"name": "Cube13",
							"from": [ 0.0, -4.86, 0.0 ],
							"to": [ 0.6, -4.8, 4.92 ],
							"rotationOrigin": [ 0.0, -4.86, 0.0 ],
							"faces": {
								"north": { "texture": "#ruin-ribbon", "uv": [ 0.0, 0.0, 0.5, 0.5 ] },
								"east": { "texture": "#ruin-ribbon", "uv": [ 0.0, 0.0, 4.5, 0.5 ] },
								"south": { "texture": "#ruin-ribbon", "uv": [ 0.0, 0.0, 0.5, 0.5 ] },
								"west": { "texture": "#ruin-ribbon", "uv": [ 0.0, 0.0, 4.5, 0.5 ] },
								"up": { "texture": "#ruin-ribbon", "uv": [ 0.0, 0.0, 0.5, 4.5 ] },
								"down": { "texture": "#ruin-ribbon", "uv": [ 0.0, 0.0, 0.5, 4.5 ], "rotation": 180 }
							}
						}
					]
				}
			]
		}
	]}