{
	"editor": {
		"collapsedPaths": "",
		"allAngles": true,
		"entityTextureMode": false
	},
	"textureWidth": 16,
	"textureHeight": 16,
	"textureSizes": {
	},
	"textures": {
		"red-paper": "figurines:item/xmas/paper/red-paper",
		"gold-ribbon": "figurines:item/xmas/ribbon/gold-ribbon"
	},
	"elements": [
		{
			"name": "Box",
			"from": [ 5.6, 0.0, 5.6 ],
			"to": [ 10.4, 4.8, 10.4 ],
			"rotationOrigin": [ 5.6, 0.0, 5.6 ],
			"faces": {
				"north": { "texture": "#red-paper", "uv": [ 0.0, 0.0, 4.5, 4.5 ] },
				"east": { "texture": "#red-paper", "uv": [ 0.0, 0.0, 4.5, 4.5 ] },
				"south": { "texture": "#red-paper", "uv": [ 0.0, 0.0, 4.5, 4.5 ] },
				"west": { "texture": "#red-paper", "uv": [ 2.0, 8.5, 6.5, 13.0 ] },
				"up": { "texture": "#red-paper", "uv": [ 3.5, 2.5, 8.0, 7.0 ] },
				"down": { "texture": "#red-paper", "uv": [ 11.0, 0.5, 15.5, 5.0 ] }
			},
			"children": [
				{
					"name": "ribbon",
					"from": [ 2.7, 4.8, 4.86 ],
					"to": [ 3.3, 4.86, 9.78 ],
					"rotationOrigin": [ 2.7, 4.8, 4.86 ],
					"rotationX": 180.0,
					"rotationZ": 180.0,
					"faces": {
						"north": { "texture": "#gold-ribbon", "uv": [ 0.0, 0.0, 0.5, 0.5 ] },
						"east": { "texture": "#gold-ribbon", "uv": [ 0.0, 0.0, 4.5, 0.5 ] },
						"south": { "texture": "#gold-ribbon", "uv": [ 0.0, 0.0, 0.5, 0.5 ] },
						"west": { "texture": "#gold-ribbon", "uv": [ 0.0, 0.0, 4.5, 0.5 ] },
						"up": { "texture": "#gold-ribbon", "uv": [ 3.5, 3.0, 4.0, 7.5 ] },
						"down": { "texture": "#gold-ribbon", "uv": [ 0.0, 0.0, 0.5, 4.5 ] }
					},
					"children": [
						{
							"name": "Cube8",
							"from": [ 2.76, -4.8, 2.76 ],
							"to": [ 3.36, -4.74, 7.56 ],
							"rotationOrigin": [ 2.76, -4.8, 2.76 ],
							"rotationX": -90.0,
							"rotationZ": 90.0,
							"faces": {
								"north": { "texture": "#gold-ribbon", "uv": [ 0.0, 0.0, 0.5, 0.5 ] },
								"east": { "texture": "#gold-ribbon", "uv": [ 0.0, 0.0, 4.5, 0.5 ] },
								"south": { "texture": "#gold-ribbon", "uv": [ 0.0, 0.0, 0.5, 0.5 ] },
								"west": { "texture": "#gold-ribbon", "uv": [ 0.0, 0.0, 4.5, 0.5 ] },
								"up": { "texture": "#gold-ribbon", "uv": [ 0.0, 0.0, 0.5, 4.5 ] },
								"down": { "texture": "#gold-ribbon", "uv": [ 0.0, 0.0, 0.5, 4.5 ] }
							}
						},
						{
							"name": "Cube9",
							"from": [ -2.1, -4.8, 2.76 ],
							"to": [ -1.5, -4.74, 7.56 ],
							"rotationOrigin": [ -2.1, -4.8, 2.76 ],
							"rotationX": -90.0,
							"rotationZ": 90.0,
							"faces": {
								"north": { "texture": "#gold-ribbon", "uv": [ 0.0, 0.0, 0.5, 0.5 ] },
								"east": { "texture": "#gold-ribbon", "uv": [ 0.0, 0.0, 4.5, 0.5 ] },
								"south": { "texture": "#gold-ribbon", "uv": [ 0.0, 0.0, 0.5, 0.5 ] },
								"west": { "texture": "#gold-ribbon", "uv": [ 0.0, 0.0, 4.5, 0.5 ] },
								"up": { "texture": "#gold-ribbon", "uv": [ 0.0, 0.0, 0.5, 4.5 ] },
								"down": { "texture": "#gold-ribbon", "uv": [ 0.0, 0.0, 0.5, 4.5 ] }
							}
						},
						{
							"name": "Cube10",
							"from": [ 0.0, -4.8, 4.92 ],
							"to": [ 0.6, -4.74, 9.72 ],
							"rotationOrigin": [ 0.0, -4.8, 4.92 ],
							"rotationX": -90.0,
							"faces": {
								"north": { "texture": "#gold-ribbon", "uv": [ 0.0, 0.0, 0.5, 0.5 ] },
								"east": { "texture": "#gold-ribbon", "uv": [ 0.0, 0.0, 4.5, 0.5 ] },
								"south": { "texture": "#gold-ribbon", "uv": [ 0.0, 0.0, 0.5, 0.5 ] },
								"west": { "texture": "#gold-ribbon", "uv": [ 0.0, 0.0, 4.5, 0.5 ] },
								"up": { "texture": "#gold-ribbon", "uv": [ 6.0, 0.0, 6.5, 4.5 ] },
								"down": { "texture": "#gold-ribbon", "uv": [ 0.0, 0.0, 0.5, 4.5 ] }
							}
						},
						{
							"name": "Cube11",
							"from": [ 0.0, -4.8, 0.06 ],
							"to": [ 0.6, -4.74, 4.86 ],
							"rotationOrigin": [ 0.0, -4.8, 0.06 ],
							"rotationX": -90.0,
							"faces": {
								"north": { "texture": "#gold-ribbon", "uv": [ 0.0, 0.0, 0.5, 0.5 ] },
								"east": { "texture": "#gold-ribbon", "uv": [ 0.0, 0.0, 4.5, 0.5 ] },
								"south": { "texture": "#gold-ribbon", "uv": [ 0.0, 0.0, 0.5, 0.5 ] },
								"west": { "texture": "#gold-ribbon", "uv": [ 0.0, 0.0, 4.5, 0.5 ] },
								"up": { "texture": "#gold-ribbon", "uv": [ 13.0, 1.5, 13.5, 6.0 ] },
								"down": { "texture": "#gold-ribbon", "uv": [ 0.0, 0.0, 0.5, 4.5 ] }
							}
						},
						{
							"name": "Cube14",
							"from": [ -2.1596, -6.0E-4, 2.7604 ],
							"to": [ -1.5596, 0.0594, 4.9204 ],
							"rotationOrigin": [ -2.16, 0.0, 2.76 ],
							"rotationX": -55.7139,
							"rotationY": 89.9802,
							"rotationZ": 55.7139,
							"faces": {
								"north": { "texture": "#gold-ribbon", "uv": [ 0.0, 0.0, 0.5, 0.5 ] },
								"east": { "texture": "#gold-ribbon", "uv": [ 0.0, 0.0, 2.0, 0.5 ] },
								"south": { "texture": "#gold-ribbon", "uv": [ 0.0, 0.0, 0.5, 0.5 ] },
								"west": { "texture": "#gold-ribbon", "uv": [ 0.0, 0.0, 2.0, 0.5 ] },
								"up": { "texture": "#gold-ribbon", "uv": [ 3.0, 2.0, 3.5, 4.0 ] },
								"down": { "texture": "#gold-ribbon", "uv": [ 0.0, 0.0, 0.5, 2.0 ] }
							}
						},
						{
							"name": "Cube17",
							"from": [ 0.6004, -4.8606, 2.7596 ],
							"to": [ 1.2004, -4.8006, 4.8896 ],
							"rotationOrigin": [ 0.6, -4.86, 2.76 ],
							"rotationX": -55.7139,
							"rotationY": 89.9802,
							"rotationZ": 55.7139,
							"faces": {
								"north": { "texture": "#gold-ribbon", "uv": [ 0.0, 0.0, 0.5, 0.5 ] },
								"east": { "texture": "#gold-ribbon", "uv": [ 0.0, 0.0, 2.0, 0.5 ] },
								"south": { "texture": "#gold-ribbon", "uv": [ 0.0, 0.0, 0.5, 0.5 ] },
								"west": { "texture": "#gold-ribbon", "uv": [ 0.0, 0.0, 2.0, 0.5 ] },
								"up": { "texture": "#gold-ribbon", "uv": [ 7.0, 4.0, 7.5, 6.0 ] },
								"down": { "texture": "#gold-ribbon", "uv": [ 0.0, 0.0, 0.5, 2.0 ] }
							}
						},
						{
							"name": "Cube16",
							"from": [ -2.1601, -4.8598, 2.7586 ],
							"to": [ -1.5601, -4.7998, 4.9186 ],
							"rotationOrigin": [ -2.16, -4.86, 2.76 ],
							"rotationX": -55.7369,
							"rotationY": 90.0,
							"rotationZ": 55.7369,
							"faces": {
								"north": { "texture": "#gold-ribbon", "uv": [ 0.0, 0.0, 0.5, 0.5 ] },
								"east": { "texture": "#gold-ribbon", "uv": [ 0.0, 0.0, 2.0, 0.5 ] },
								"south": { "texture": "#gold-ribbon", "uv": [ 0.0, 0.0, 0.5, 0.5 ] },
								"west": { "texture": "#gold-ribbon", "uv": [ 0.0, 0.0, 2.0, 0.5 ] },
								"up": { "texture": "#gold-ribbon", "uv": [ 0.0, 0.0, 0.5, 2.0 ] },
								"down": { "texture": "#gold-ribbon", "uv": [ 0.0, 0.0, 0.5, 2.0 ] }
							}
						},
						{
							"name": "Cube15",
							"from": [ 0.5999, 2.0E-4, 2.7597 ],
							"to": [ 1.1999, 0.0602, 4.9197 ],
							"rotationOrigin": [ 0.6, 0.0, 2.76 ],
							"rotationX": -55.7369,
							"rotationY": 90.0,
							"rotationZ": 55.7369,
							"faces": {
								"north": { "texture": "#gold-ribbon", "uv": [ 0.0, 0.0, 0.5, 0.5 ] },
								"east": { "texture": "#gold-ribbon", "uv": [ 0.0, 0.0, 2.0, 0.5 ] },
								"south": { "texture": "#gold-ribbon", "uv": [ 0.0, 0.0, 0.5, 0.5 ] },
								"west": { "texture": "#gold-ribbon", "uv": [ 0.0, 0.0, 2.0, 0.5 ] },
								"up": { "texture": "#gold-ribbon", "uv": [ 2.5, 2.5, 3.0, 4.5 ] },
								"down": { "texture": "#gold-ribbon", "uv": [ 0.0, 0.0, 0.5, 2.0 ] }
							}
						},
						{
							"name": "Cube13",
							"from": [ 0.0, -4.86, 0.0 ],
							"to": [ 0.6, -4.8, 4.92 ],
							"rotationOrigin": [ 0.0, -4.86, 0.0 ],
							"faces": {
								"north": { "texture": "#gold-ribbon", "uv": [ 0.0, 0.0, 0.5, 0.5 ] },
								"east": { "texture": "#gold-ribbon", "uv": [ 0.0, 0.0, 4.5, 0.5 ] },
								"south": { "texture": "#gold-ribbon", "uv": [ 0.0, 0.0, 0.5, 0.5 ] },
								"west": { "texture": "#gold-ribbon", "uv": [ 0.0, 0.0, 4.5, 0.5 ] },
								"up": { "texture": "#gold-ribbon", "uv": [ 0.0, 0.0, 0.5, 4.5 ] },
								"down": { "texture": "#gold-ribbon", "uv": [ 0.0, 0.0, 0.5, 4.5 ] }
							}
						}
					]
				},
				{
					"name": "Bow",
					"from": [ 2.5, 4.86, 2.8 ],
					"to": [ 3.1, 5.46, 3.0 ],
					"rotationOrigin": [ 2.5, 4.86, 2.8 ],
					"rotationX": -90.0,
					"rotationZ": 53.0,
					"faces": {
						"north": { "texture": "#gold-ribbon", "uv": [ 0.0, 0.0, 0.5, 0.5 ] },
						"east": { "texture": "#gold-ribbon", "uv": [ 0.0, 0.0, 0.5, 0.5 ] },
						"south": { "texture": "#gold-ribbon", "uv": [ 0.0, 0.0, 0.5, 0.5 ] },
						"west": { "texture": "#gold-ribbon", "uv": [ 0.0, 0.0, 0.5, 0.5 ] },
						"up": { "texture": "#gold-ribbon", "uv": [ 0.0, 0.0, 0.5, 0.5 ] },
						"down": { "texture": "#gold-ribbon", "uv": [ 1.5, 1.0, 2.0, 1.5 ] }
					},
					"children": [
						{
							"name": "Bow2",
							"from": [ -1.04, 0.03, 0.45 ],
							"to": [ 0.46, 0.57, 0.5 ],
							"rotationOrigin": [ -1.04, 0.03, 0.45 ],
							"rotationY": 22.5,
							"faces": {
								"north": { "texture": "#gold-ribbon", "uv": [ 0.0, 0.0, 1.5, 0.5 ] },
								"east": { "texture": "#gold-ribbon", "uv": [ 0.0, 0.0, 0.5, 0.5 ] },
								"south": { "texture": "#gold-ribbon", "uv": [ 0.0, 0.0, 1.5, 0.5 ] },
								"west": { "texture": "#gold-ribbon", "uv": [ 0.0, 0.0, 0.5, 0.5 ] },
								"up": { "texture": "#gold-ribbon", "uv": [ 0.0, 0.0, 1.5, 0.5 ] },
								"down": { "texture": "#gold-ribbon", "uv": [ 0.0, 0.0, 1.5, 0.5 ] }
							},
							"children": [
								{
									"name": "Bow5",
									"from": [ -0.1342, 0.0, 0.9511 ],
									"to": [ 1.6358, 0.54, 1.0011 ],
									"rotationOrigin": [ -0.1342, 0.0, 0.9511 ],
									"rotationY": 22.5,
									"faces": {
										"north": { "texture": "#gold-ribbon", "uv": [ 0.0, 0.0, 1.5, 0.5 ] },
										"east": { "texture": "#gold-ribbon", "uv": [ 0.0, 0.0, 0.5, 0.5 ] },
										"south": { "texture": "#gold-ribbon", "uv": [ 0.0, 0.0, 1.5, 0.5 ] },
										"west": { "texture": "#gold-ribbon", "uv": [ 0.0, 0.0, 0.5, 0.5 ] },
										"up": { "texture": "#gold-ribbon", "uv": [ 0.0, 0.0, 1.5, 0.5 ] },
										"down": { "texture": "#gold-ribbon", "uv": [ 0.0, 0.0, 1.5, 0.5 ] }
									}
								},
								{
									"name": "Bow3",
									"from": [ -0.34, 0.0, 0.32 ],
									"to": [ 0.18, 0.537, 0.37 ],
									"rotationOrigin": [ -0.2905, 0.06, 0.3787 ],
									"rotationY": 45.0,
									"faces": {
										"north": { "texture": "#gold-ribbon", "uv": [ 0.0, 0.0, 0.5, 0.5 ] },
										"east": { "texture": "#gold-ribbon", "uv": [ 0.0, 0.0, 0.5, 0.5 ] },
										"south": { "texture": "#gold-ribbon", "uv": [ 0.0, 0.0, 0.5, 0.5 ] },
										"west": { "texture": "#gold-ribbon", "uv": [ 0.0, 0.0, 0.5, 0.5 ] },
										"up": { "texture": "#gold-ribbon", "uv": [ 0.0, 0.0, 0.5, 0.5 ] },
										"down": { "texture": "#gold-ribbon", "uv": [ 0.0, 0.0, 0.5, 0.5 ] }
									}
								},
								{
									"name": "Bow4",
									"from": [ -0.13, 0.006, 0.92 ],
									"to": [ 0.51, 0.534, 0.97 ],
									"rotationOrigin": [ -0.1145, 0.06, 0.9451 ],
									"rotationX": -180.0,
									"rotationY": 67.5,
									"rotationZ": 179.9999,
									"faces": {
										"north": { "texture": "#gold-ribbon", "uv": [ 0.0, 0.0, 0.5, 0.5 ] },
										"east": { "texture": "#gold-ribbon", "uv": [ 0.0, 0.0, 0.5, 0.5 ] },
										"south": { "texture": "#gold-ribbon", "uv": [ 0.0, 0.0, 0.5, 0.5 ] },
										"west": { "texture": "#gold-ribbon", "uv": [ 0.0, 0.0, 0.5, 0.5 ] },
										"up": { "texture": "#gold-ribbon", "uv": [ 0.0, 0.0, 0.5, 0.5 ] },
										"down": { "texture": "#gold-ribbon", "uv": [ 0.0, 0.0, 0.5, 0.5 ] }
									}
								}
							]
						},
						{
							"name": "Bow6",
							"from": [ 1.83, 0.0, 0.48 ],
							"to": [ 3.33, 0.54, 0.53 ],
							"rotationOrigin": [ 1.83, 0.0, 0.48 ],
							"rotationY": -22.5,
							"rotationZ": 157.5,
							"faces": {
								"north": { "texture": "#gold-ribbon", "uv": [ 0.0, 0.0, 1.5, 0.5 ] },
								"east": { "texture": "#gold-ribbon", "uv": [ 0.0, 0.0, 0.5, 0.5 ] },
								"south": { "texture": "#gold-ribbon", "uv": [ 0.0, 0.0, 1.5, 0.5 ] },
								"west": { "texture": "#gold-ribbon", "uv": [ 0.0, 0.0, 0.5, 0.5 ] },
								"up": { "texture": "#gold-ribbon", "uv": [ 0.0, 0.0, 1.5, 0.5 ] },
								"down": { "texture": "#gold-ribbon", "uv": [ 0.0, 0.0, 1.5, 0.5 ] }
							},
							"children": [
								{
									"name": "Bow11",
									"from": [ 1.835, 0.4679, 0.2568 ],
									"to": [ 3.635, 1.0079, 0.3068 ],
									"rotationOrigin": [ 1.835, 0.4679, 0.2568 ],
									"rotationX": 9.0072,
									"rotationY": -20.7048,
									"rotationZ": -178.3513,
									"faces": {
										"north": { "texture": "#gold-ribbon", "uv": [ 0.0, 0.0, 1.5, 0.5 ] },
										"east": { "texture": "#gold-ribbon", "uv": [ 0.0, 0.0, 0.5, 0.5 ] },
										"south": { "texture": "#gold-ribbon", "uv": [ 0.0, 0.0, 1.5, 0.5 ] },
										"west": { "texture": "#gold-ribbon", "uv": [ 0.0, 0.0, 0.5, 0.5 ] },
										"up": { "texture": "#gold-ribbon", "uv": [ 0.0, 0.0, 1.5, 0.5 ] },
										"down": { "texture": "#gold-ribbon", "uv": [ 0.0, 0.0, 1.5, 0.5 ] }
									}
								},
								{
									"name": "Bow10",
									"from": [ 2.9476, -0.0454, 0.6013 ],
									"to": [ 4.1476, 0.4946, 0.6483 ],
									"rotationOrigin": [ 2.9476, -0.0454, 0.6013 ],
									"rotationX": 9.0072,
									"rotationY": -20.7048,
									"rotationZ": 159.1487,
									"faces": {
										"north": { "texture": "#gold-ribbon", "uv": [ 0.0, 0.0, 1.0, 0.5 ] },
										"east": { "texture": "#gold-ribbon", "uv": [ 0.0, 0.0, 0.5, 0.5 ] },
										"south": { "texture": "#gold-ribbon", "uv": [ 0.0, 0.0, 1.0, 0.5 ] },
										"west": { "texture": "#gold-ribbon", "uv": [ 0.0, 0.0, 0.5, 0.5 ] },
										"up": { "texture": "#gold-ribbon", "uv": [ 0.0, 0.0, 1.0, 0.5 ] },
										"down": { "texture": "#gold-ribbon", "uv": [ 0.0, 0.0, 1.0, 0.5 ] }
									}
								},
								{
									"name": "Bow7",
									"from": [ -0.23, 0.0, 1.15 ],
									"to": [ 1.74, 0.54, 1.2 ],
									"rotationOrigin": [ -0.2342, 0.0, 1.1511 ],
									"rotationY": 28.0,
									"faces": {
										"north": { "texture": "#gold-ribbon", "uv": [ 0.0, 0.0, 1.5, 0.5 ] },
										"east": { "texture": "#gold-ribbon", "uv": [ 0.0, 0.0, 0.5, 0.5 ] },
										"south": { "texture": "#gold-ribbon", "uv": [ 0.0, 0.0, 1.5, 0.5 ] },
										"west": { "texture": "#gold-ribbon", "uv": [ 0.0, 0.0, 0.5, 0.5 ] },
										"up": { "texture": "#gold-ribbon", "uv": [ 0.0, 0.0, 1.5, 0.5 ] },
										"down": { "texture": "#gold-ribbon", "uv": [ 0.0, 0.0, 1.5, 0.5 ] }
									}
								},
								{
									"name": "Bow8",
									"from": [ -0.51, 0.0, 0.4787 ],
									"to": [ 0.19, 0.537, 0.5287 ],
									"rotationOrigin": [ -0.4905, 0.06, 0.4787 ],
									"rotationY": 45.0,
									"faces": {
										"north": { "texture": "#gold-ribbon", "uv": [ 0.0, 0.0, 0.5, 0.5 ] },
										"east": { "texture": "#gold-ribbon", "uv": [ 0.0, 0.0, 0.5, 0.5 ] },
										"south": { "texture": "#gold-ribbon", "uv": [ 0.0, 0.0, 0.5, 0.5 ] },
										"west": { "texture": "#gold-ribbon", "uv": [ 0.0, 0.0, 0.5, 0.5 ] },
										"up": { "texture": "#gold-ribbon", "uv": [ 0.0, 0.0, 0.5, 0.5 ] },
										"down": { "texture": "#gold-ribbon", "uv": [ 0.0, 0.0, 0.5, 0.5 ] }
									}
								},
								{
									"name": "Bow9",
									"from": [ -0.21, 0.006, 1.13 ],
									"to": [ 0.49, 0.534, 1.18 ],
									"rotationOrigin": [ -0.2145, 0.06, 1.1451 ],
									"rotationX": -180.0,
									"rotationY": 67.5,
									"rotationZ": 179.9999,
									"faces": {
										"north": { "texture": "#gold-ribbon", "uv": [ 0.0, 0.0, 0.5, 0.5 ] },
										"east": { "texture": "#gold-ribbon", "uv": [ 0.0, 0.0, 0.5, 0.5 ] },
										"south": { "texture": "#gold-ribbon", "uv": [ 0.0, 0.0, 0.5, 0.5 ] },
										"west": { "texture": "#gold-ribbon", "uv": [ 0.0, 0.0, 0.5, 0.5 ] },
										"up": { "texture": "#gold-ribbon", "uv": [ 0.0, 0.0, 0.5, 0.5 ] },
										"down": { "texture": "#gold-ribbon", "uv": [ 0.0, 0.0, 0.5, 0.5 ] }
									}
								}
							]
						}
					]
				}
			]
		}
	]}