{
	code: "bell",
	classByType: {
	"*": "BlockBell"
	},
	entityClass: "BlockEntityBell",
	behaviors: [
	{name: "HorizontalOrientable", properties: {  dropBlockFace: "east", drop: { type: "block", code: "bell-{material}-{size}-east" }}},
	{name: "Multiblock", propertiesByType: {
		"*-tiny*": { sizex: 1, sizey: 1, sizez: 1, cposition: { x: 0, y: 0, z: 0 }},
		"*-small1*": { sizex: 1, sizey: 1, sizez: 1, cposition: { x: 0, y: 0, z: 0 }},
		"*-small2*": { sizex: 1, sizey: 2, sizez: 1, cposition: { x: 0, y: 1, z: 0 }},
		"*-medium-*": { sizex: 1, sizey: 2, sizez: 1, cposition: { x: 0, y: 1, z: 0 }},
		"*-large-*": { sizex: 1, sizey: 2, sizez: 1, cposition: { x: 0, y: 1, z: 0 }},
		"*-huge-north":{ sizex: 2, sizey: 2, sizez: 2, cposition: { x: 0, y: 1, z: 0 }},
		"*-huge-south":{ sizex: 2, sizey: 2, sizez: 2, cposition: { x: 1, y: 1, z: 1 }},
		"*-huge-west":{ sizex: 2, sizey: 2, sizez: 2, cposition: { x: 0, y: 1, z: 1 }},
		"*-huge-east":{ sizex: 2, sizey: 2, sizez: 2, cposition: { x: 1, y: 1, z: 0 }}
		}
	}],
	variantgroups: [
		{ code: "material", states: ["blackbronze", "bismuthbronze", "tinbronze", "brass", "iron", "steel"] },
		{ code: "size", states: ["tiny", "small1", "small2", "medium", "large", "huge"] },
		{ loadFromProperties: "abstract/horizontalorientation" }
		
	],
	skipVariants : [
	],
	attributesByType: {
		"*-tiny-*" : {
			bellScaleFactor : 0.8,
			rampUpTime : 1,
			rampDownTime : 4,
			maxAngle : 80,
			minStrikingPower : 0.75,
			bellSoundA : "sounds/block/bell-tiny",
			bellSoundB : "sounds/block/bell-tiny",
			shapes : {
				rotor: "shapes/block/bell/tiny/rotor",
				bell : "shapes/block/bell/tiny/bell",
				clapper : "shapes/block/bell/tiny/clapper",
				frame : "shapes/block/bell/tiny/frame"
			},
			enemyDamageRadius : 20,
			enemyDamage: 0.5,
			handbook: {
				include: true,
				groupBy: ["confession:bell-*"],
				excludeByType: {
					"*-north*": true,
					"*-west*": true,
					"*-snow": true,
					"*-south*": true
				}
			}
		},
		"*-small1-*" : {
			bellScaleFactor : 0.7,
			rampUpTime : 2,
			rampDownTime : 6,
			maxAngle : 60,
			minStrikingPower : 0.75,
			bellSoundA : "sounds/block/bell-small1",
			bellSoundB : "sounds/block/bell-small1",
			shapes : {
				rotor: "shapes/block/bell/small/rotor",
				bell : "shapes/block/bell/small/bell",
				clapper : "shapes/block/bell/small/clapper",
				frame : "shapes/block/bell/small/frame"
			},
			enemyDamageRadius : 20,
			enemyDamage: 0.5,
			handbook: {
				include: true,
				groupBy: ["confession:bell-*"],
				excludeByType: {
					"*-north*": true,
					"*-west*": true,
					"*-snow": true,
					"*-south*": true
				}
			}
		},
		"*-small2-*" : {
			bellScaleFactor : 0.9,
			rampUpTime : 3,
			rampDownTime : 7,
			maxAngle : 60,
			minStrikingPower : 0.75,
			bellSoundA : "sounds/block/bell-small2",
			bellSoundB : "sounds/block/bell-small2",
			shapes : {
				rotor: "shapes/block/bell/small/rotor",
				bell : "shapes/block/bell/small/bell",
				clapper : "shapes/block/bell/small/clapper",
				frame : "shapes/block/bell/small/frame"
			},
			enemyDamageRadius : 40,
			enemyDamage: 0.5,
			handbook: {
				include: true,
				groupBy: ["confession:bell-*"],
				excludeByType: {
					"*-north*": true,
					"*-west*": true,
					"*-snow": true,
					"*-south*": true
				}
			}
		},
		"*-medium-*" : {
			bellScaleFactor : 0.9,
			rampUpTime : 5,
			rampDownTime : 10,
			maxAngle : 60,
			minStrikingPower : 0.75,
			bellSoundA : "sounds/block/bell-medium",
			bellSoundB : "sounds/block/bell-medium",
			shapes : {
				rotor: "shapes/block/bell/large/rotor",
				bell : "shapes/block/bell/large/bell",
				clapper : "shapes/block/bell/large/clapper",
				frame : "shapes/block/bell/large/frame"
			},
			enemyDamageRadius : 80,
			enemyDamage: 1,
			handbook: {
				include: true,
				groupBy: ["confession:bell-*"],
				excludeByType: {
					"*-north*": true,
					"*-west*": true,
					"*-snow": true,
					"*-south*": true
				}
			}
		},
		"*-large-*" : {
			bellScaleFactor : 1.25,
			rampUpTime : 7,
			rampDownTime : 15,
			maxAngle : 60,
			minStrikingPower : 0.75,
			bellSoundA : "sounds/block/bell-large",
			bellSoundB : "sounds/block/bell-large",
			shapes : {
				rotor: "shapes/block/bell/large/rotor",
				bell : "shapes/block/bell/large/bell",
				clapper : "shapes/block/bell/large/clapper",
				frame : "shapes/block/bell/large/frame"
			},
			enemyDamageRadius : 120,
			enemyDamage: 1,
			handbook: {
				include: true,
				groupBy: ["confession:bell-*"],
				excludeByType: {
					"*-north*": true,
					"*-west*": true,
					"*-snow": true,
					"*-south*": true
				}
			}
		},
		"*-huge-*" : {
			bellScaleFactor : 1.5,
			rampUpTime : 15,
			rampDownTime : 25,
			maxAngle : 50,
			minStrikingPower : 0.75,
			bellSoundA : "sounds/block/bell-huge",
			bellSoundB : "sounds/block/bell-huge",
			shapes : {
				rotor: "shapes/block/bell/huge/rotor",
				bell : "shapes/block/bell/huge/bell",
				clapper : "shapes/block/bell/huge/clapper",
				frame : "shapes/block/bell/huge/frame"
			},
			enemyDamageRadius : 200,
			enemyDamage: 2,
			handbook: {
				include: true,
				groupBy: ["confession:bell-*"],
				excludeByType: {
					"*-north*": true,
					"*-west*": true,
					"*-snow": true,
					"*-south*": true
				}
			}
		}
	},	
	shapeinventoryByType: {
		"*-tiny-*" : {
			base: "block/bell/static/crate"
		},
		"*-small1-*" : {
			base: "block/bell/static/crate"
		},
		"*-small2-*" : {
			base: "block/bell/static/crate"
		},
		"*-medium-*" : {
			base: "block/bell/static/crate"
		},
		"*-large-*" : {
			base: "block/bell/static/crate"
		},
		"*-huge-*" : {
			base: "block/bell/static/crate"
		}
	},
	creativeinventory: { "confession": ["*-east"], "general": ["*-east"] },
	heldTpIdleAnimation: "holdbothhandslarge",
	heldTpUseAnimation: "twohandplaceblock",
	blockmaterial: "metal",
	replaceable: 900,
	resistance: 1.5,
	lightAbsorption: 0,
	renderPass: "Opaque",
	facecullmode: "nevercull",
	sideAo: { all: true },
	sidesolid: {
		all: false
	},	
	sideopaque: {
		all: false
	},
	sounds: {
		"place": "game:block/anvil3",
		"hit": "game:block/anvil3",
		"break": "game:block/anvil3",
		"walk": "game:walk/wood3"
	},
	texturesByType: {
		"*-blackbronze-small*": {
			"bell": { base: "game:block/metal/plate/{material}" },
			"wood": { base: "game:block/wood/debarked/aged" },
			"wood2": { base: "game:block/wood/planks/generic" },
			"black": { base: "game:block/black" },
			"metal": { base: "game:block/metal/sheet-plain/iron5" },
			"nail": { base: "game:block/wood/debarked/oak" },
			"rope": { base: "game:item/resource/rope" },
			"leather": { base: "game:block/leather/poor"},
			"sideA": { base: "overlays/bell_{size}_a"},
			"sideB": { base: "overlays/bell_{size}_b"}
		},
		"*-small*": {
			"bell": { base: "block/metal/bell/bell_{material}0" },
			"wood": { base: "game:block/wood/debarked/aged" },
			"wood2": { base: "game:block/wood/planks/generic" },
			"black": { base: "game:block/black" },
			"metal": { base: "game:block/metal/sheet-plain/iron*" },
			"nail": { base: "game:block/wood/debarked/oak" },
			"rope": { base: "game:item/resource/rope" },
			"leather": { base: "game:block/leather/poor"},
			"sideA": { base: "overlays/bell_{size}_a"},
			"sideB": { base: "overlays/bell_{size}_b"}
		},
		"*-blackbronze-tiny*": {
			"bell": { base: "game:block/metal/plate/{material}" },
			"wood": { base: "game:block/wood/debarked/aged" },
			"wood2": { base: "game:block/wood/planks/generic" },
			"black": { base: "game:block/black" },
			"metal": { base: "game:block/metal/sheet-plain/iron*" },
			"rope": { base: "game:item/resource/rope" },
			"sideA": { base: "overlays/bell_{size}_a"},
			"sideB": { base: "overlays/bell_{size}_b"}
		},
		"*-brass-tiny*": {
			"bell": { base: "game:block/metal/plate/{material}" },
			"wood": { base: "game:block/wood/debarked/aged" },
			"wood2": { base: "game:block/wood/planks/generic" },
			"black": { base: "game:block/black" },
			"metal": { base: "game:block/metal/sheet-plain/iron*" },
			"rope": { base: "game:item/resource/rope" },
			"sideA": { base: "overlays/bell_{size}_a"},
			"sideB": { base: "overlays/bell_{size}_b"}
		},
		"*tiny*": {
			"bell": { base: "game:block/metal/sheet-plain/{material}*" },
			"wood": { base: "game:block/wood/debarked/aged" },
			"wood2": { base: "game:block/wood/planks/generic" },
			"black": { base: "game:block/black" },
			"metal": { base: "game:block/metal/sheet-plain/iron*" },
			"rope": { base: "game:item/resource/rope" },
			"sideA": { base: "overlays/bell_{size}_a"},
			"sideB": { base: "overlays/bell_{size}_b"}
		},
		"*": {
			"bell": {base: "block/metal/bell/bell_{material}"},
			"wood": { base: "game:block/wood/debarked/aged" },
			"wood2": { base: "game:block/wood/planks/generic" },
			"black": { base: "game:block/black" },
			"metal": { base: "game:block/metal/sheet-plain/iron*" },
			"nail": { base: "game:block/wood/debarked/oak" },
			"rope": { base: "game:item/resource/rope" },
			"leather": { base: "game:block/leather/poor"},
			"sideA": { base: "overlays/bell_{size}_a"},
			"sideB": { base: "overlays/bell_{size}_b"}

		}
	},
	collisionSelectionBoxesByType: {
		"*-tiny-*": [
			{ x1: 0, y1: 0, z1: 0, x2: 1, y2: 1, z2: 1 }
		],
		"*-small1-*": [
			{ x1: 0, y1: 0, z1: 0, x2: 1, y2: 1, z2: 1 }
		],
		"*-small2-*": [
			{ x1: 0, y1: 0, z1: 0, x2: 1, y2: 1, z2: 1 }
		],
		"*-medium-*": [
			{ x1: 0, y1: 0, z1: 0, x2: 1, y2: 1, z2: 1 }
		],
		"*-large-*": [
				{ x1: 0, y1: 0, z1: 0, x2: 1, y2: 1, z2: 1 }
		],
		"*-huge-*": [
			{ x1: 0, y1: 0, z1: 0, x2: 1, y2: 1, z2: 1 }
		]
	},
	materialDensity: 800,
	groundTransformByType: {

		"*": {
			translation: { x: 0, y: 0, z: 0 },
			rotation: { x: 0, y: 0, z: 0 },
			origin: { x: 0.5, y: 0, z: 0.5 },
			scale: 4.46
		}
	},
	tpHandTransformByType: {
		"*": {
				translation: { x: -1.1, y: -0.75, z: -0.45 },
				rotation: { x: 9, y: 12, z: -73 },
				scale: 0.56
		},
		
		"*-huge-*": {
				translation: { x: -2, y: -0.5, z: 0.5 },
				rotation: { x: 18, y: 13, z: 28 },
				scale: 0.82
		}	
	},
	fpHandTransformByType: {
	"*": {
			translation: { x: -0.4, y: 0.85, z: 1 },
			rotation: { x: -17, y: -31, z: -21 },
			scale: 2.16
		}
	},
	guiTransformByType: {
		
		
		"*": {
			translation: { x: 0.8, y: 0, z: 0 },
			rotation: { x: -13, y: 180, z: 0 },
			scaleXyz: { x: -1.3, y: 1.3, z: 1.3 }
		},
		"*-tiny-*" : {
			translation: { x: 0.8, y: 0, z: 0 },
			rotation: { x: 0, y: 0, z: 0 },
			origin: { x: 0.5, y: -0.1, z: 0.5 },
			scale: 1
		},
		"*-small1-*" : {
			translation: { x: 0.8, y: 0, z: 0 },
			rotation: { x: 0, y: 0, z: 0 },
			origin: { x: 0.5, y: -0.1, z: 0.5 },
			scale: 0.5
		},
		"*-small2-*" : {
			translation: { x: 0.8, y: 0, z: 0 },
			rotation: { x: 0, y: 0, z: 0 },
			origin: { x: 0.5, y: -0.1, z: 0.5 },
			scale: 0.6
		},
		"*-medium-*" : {
			translation: { x: 0.8, y: 0, z: 0 },
			rotation: { x: 0, y: 0, z: 0 },
			origin: { x: 0.5, y: -0.1, z: 0.5 },
			scale: 0.8
		},
		"*-large-*" : {
			translation: { x: 0.8, y: 0, z: 0 },
			rotation: { x: 0, y: 0, z: 0 },
			origin: { x: 0.5, y: -0.1, z: 0.5 },
			scale: 1
		},
		"*-huge-*" : {
			translation: { x: 0.6, y: 1.1, z: -0 },
				rotation: { x: 0, y: 0, z: 0 },
				origin: { x: 0.5, y: -0.2, z: 0.5 },
				scale: 1.86
		}
	}
}
