{
	code: "bellstatic",
	behaviors: [
	{name: "UnstableFalling"}, 
	{name: "HorizontalOrientable", properties: {  dropBlockFace: "east", drop: { type: "block", code: "bellstatic-{material}-{size}-east" }}}
	],
	variantgroups: [
		{ code: "material", states: ["blackbronze", "bismuthbronze", "tinbronze", "brass", "iron", "steel"] },
		{ code:"size", states: ["small0", "medium0", "large0"] },
		{ loadFromProperties: "abstract/horizontalorientation" }
		
	],
	attributes: {
		handbook: {
			include: true,
			excludeByType: {
				"*-north": true,
				"*-west": true,
				"*-south": true
			},
			extraSections: [
				{ title: "confession:bellstatic-handbook-help-title", text: "confession:bellstatic-handbook-help-text" },
				{ title: "confession:bellinstall-handbook-help-title", text: "confession:bellinstall-handbook-help-text" },
				{ title: "confession:bell-handbook-help-title", text: "confession:bell-handbook-help-text" }
			]
		}
	},	
	shapeByType: { 
	"*-large0-north": { base: "block/bell/static/bell1", rotateY: 180 },
	"*-large0-west": { base: "block/bell/static/bell1", rotateY: 270 },
	"*-large0-south": { base: "block/bell/static/bell1" },
	"*-large0-east": { base: "block/bell/static/bell1", rotateY: 90 },
	"*-medium0-north": { base: "block/bell/static/bell2", rotateY: 180 },
	"*-medium0-west": { base: "block/bell/static/bell2", rotateY: 270 },
	"*-medium0-south": { base: "block/bell/static/bell2" },
	"*-medium0-east": { base: "block/bell/static/bell2", rotateY: 90 },
	"*-small0-north": { base: "block/bell/static/bell3", rotateY: 180 },
	"*-small0-west": { base: "block/bell/static/bell3", rotateY: 270 },
	"*-small0-south": { base: "block/bell/static/bell3" },
	"*-small0-east": { base: "block/bell/static/bell3", rotateY: 90 },
	},
	creativeinventory: { "confession": ["*-east"], "general": ["*-east"] },
	heldTpIdleAnimation: "holdbothhandslarge",
	heldTpUseAnimation: "twohandplaceblock",
	blockmaterial: "metal",
	replaceable: 900,
	resistance: 1.5,
	lightAbsorption: 1,
	sidesolid: {
		all: false
	},	
	sideopaque: {
		all: false
	},
	sounds: {
		"place": "game:block/anvil3",
		"hit": "game:block/anvil3",
		"break": "game:block/anvil3",
		"walk": "game:walk/wood3"
	},
	
	texturesByType: {

		"*-large0-*": {
			"bell": { base: "block/metal/bell/bell_{material}" },
			"wood": { base: "game:block/wood/debarked/veryaged" }
		},
		"*-medium0-*": {
			"bell": { base: "block/metal/bell/bell_{material}0" },
			"wood": { base: "game:block/wood/debarked/veryaged" }
		},
		"*-blackbronze-small0-*": {
			"bell": { base: "game:block/metal/plate/{material}" },
			"wood": { base: "game:block/wood/debarked/veryaged" }
		},
		"*-brass-small0-*": {
			"bell": { base: "game:block/metal/plate/{material}" },
			"wood": { base: "game:block/wood/debarked/veryaged" }
		},
		"*-small0-*": {
			"bell": { base: "game:block/metal/sheet-plain/{material}*" },
			"wood": { base: "game:block/wood/debarked/veryaged" }
		}
			

	},
	collisionSelectionBoxesByType: {


		"*-large0-*": [
			{ x1: 0.2, y1: 0.2, z1: 0.2, x2: 0.8, y2: 0.9, z2: 0.8 },
			{ x1: 0, y1: 0, z1: 0, x2: 1, y2: 0.2, z2: 1 },
			{ x1: 0.35, y1: 0.9, z1: 0.35, x2: 0.65, y2: 1.05, z2: 0.65 }
		],
		"*-medium0-*": [
			{ x1: 0.2, y1: 0, z1: 0.2, x2: 0.8, y2: 0.7, z2: 0.8 },
			{ x1: 0.35, y1: 0.7, z1: 0.35, x2: 0.65, y2: 0.925, z2: 0.65 }
		],
		"*-small0-*": [
			{ x1: 0.3, y1: 0, z1: 0.3, x2: 0.7, y2: 0.525, z2: 0.7 }

		]
	},
	materialDensity: 800,
	groundTransformByType: {
	"*": {
		translation: { x: 0, y: 0, z: 0 },
		rotation: { x: 0, y: 0, z: 0 },
		origin: { x: 0.5, y: 0, z: 0.5 },
		scale: 4.46
		}
	},
	tpHandTransformByType: {
	"*": {
		translation: { x: -0.9, y: -0.4, z: -0.35 },
		rotation: { x: -7, y: 19, z: -62 },
		scale: 0.67
		}
	},
	fpHandTransformByType: {
	"*": {
		translation: { x: -0.4, y: 0.85, z: 1 },
		rotation: { x: -17, y: -31, z: -21 },
		scale: 2.16
		}
	},
	guiTransformByType: {
	"*": {
			translation: { x: 0.8, y: 0, z: 0 },
			rotation: { x: -10, y: 0, z: 0 },
			scale: 1.29	
		}
	}
}
