{
	code: "bellmold",
	classByType: {
		"bellmold-raw-*": "Block",
		"bellmold-burned-*": "BlockBellMold"
	},
	behaviorsByType: {
		"*-raw-*": [
			{ name: "GroundStorable", properties: { layout: 'SingleCenter' } },
			{ name: "Unplaceable", "__comment": "The ground storable obsoletes this being a block. Should be an item, but is kept a block for backwards compatibility" }, 
			{ name: "RightClickPickup"} 
		],
		"*": [{name: "UnstableFalling"}]
	},
	variantgroups: [
		{ code:"materialtype", states: ["raw", "burned"] },
		{ code:"size", states: ["small", "medium", "large"] }
	],
	attributesByType: {
		"*-large": {
			"requiredUnits": 1500,
			"fillHeight": 15,
			"fillQuadsByLevel": [
				{ x1: 7, z1: 7, x2: 9, z2: 9 },
				{ x1: 7, z1: 7, x2: 9, z2: 9 },
				{ x1: 7, z1: 7, x2: 9, z2: 9 },
				{ x1: 7, z1: 7, x2: 9, z2: 9 },

				{ x1: 7, z1: 7, x2: 9, z2: 9 },
				{ x1: 7, z1: 7, x2: 9, z2: 9 },
				{ x1: 7, z1: 7, x2: 9, z2: 9 },
				{ x1: 7, z1: 7, x2: 9, z2: 9 },

				{ x1: 7, z1: 7, x2: 9, z2: 9 },
				{ x1: 7, z1: 7, x2: 9, z2: 9 },
				{ x1: 7, z1: 7, x2: 9, z2: 9 },
				{ x1: 7, z1: 7, x2: 9, z2: 9 },
     
				{ x1: 7, z1: 7, x2: 9, z2: 9 },
				{ x1: 7, z1: 7, x2: 9, z2: 9 },
				{ x1: 7, z1: 7, x2: 9, z2: 9 },
                
			],
			"drop": { type:"Block", code: "bellstatic-{metal}-large0-east" }
		},
		"*-medium": {
			"requiredUnits": 1100,
			"fillHeight": 11,
			"fillQuadsByLevel": [
				{ x1: 7, z1: 7, x2: 9, z2: 9 },
				{ x1: 7, z1: 7, x2: 9, z2: 9 },
				{ x1: 7, z1: 7, x2: 9, z2: 9 },
				{ x1: 7, z1: 7, x2: 9, z2: 9 },

				{ x1: 7, z1: 7, x2: 9, z2: 9 },
				{ x1: 7, z1: 7, x2: 9, z2: 9 },
				{ x1: 7, z1: 7, x2: 9, z2: 9 },
				{ x1: 7, z1: 7, x2: 9, z2: 9 },

				{ x1: 7, z1: 7, x2: 9, z2: 9 },
				{ x1: 7, z1: 7, x2: 9, z2: 9 },
				{ x1: 7, z1: 7, x2: 9, z2: 9 }

			],
			"drop": { type:"Block", code: "bellstatic-{metal}-medium0-east" }
		},
		"*-small": {
			"requiredUnits": 700,
			"fillHeight": 7,
			"fillQuadsByLevel": [
				{ x1: 7, z1: 7, x2: 9, z2: 9 },
				{ x1: 7, z1: 7, x2: 9, z2: 9 },
				{ x1: 7, z1: 7, x2: 9, z2: 9 },
				{ x1: 7, z1: 7, x2: 9, z2: 9 },

				{ x1: 7, z1: 7, x2: 9, z2: 9 },
				{ x1: 7, z1: 7, x2: 9, z2: 9 },
				{ x1: 7, z1: 7, x2: 9, z2: 9 },
				{ x1: 7, z1: 7, x2: 9, z2: 9 }
                
			],
			"drop": { type:"Block", code: "bellstatic-{metal}-small0-east" }
		}
		
	},
	entityClassByType: {
		"bellmold-burned-*": "BlockEntityBellMold"
	},
	combustiblePropsByType: {
		"bellmold-raw-large": {
			meltingPoint: 650,
			meltingDuration: 55,
			smeltedRatio: 1,
			smeltingType: "fire",
			smeltedStack: { type: "block", code: "bellmold-burned-large"},
			requiresContainer: false
		},
		"bellmold-raw-medium": {
			meltingPoint: 650,
			meltingDuration: 45,
			smeltedRatio: 1,
			smeltingType: "fire",
			smeltedStack: { type: "block", code: "bellmold-burned-medium"},
			requiresContainer: false
		},
		"bellmold-raw-small": {
			meltingPoint: 650,
			meltingDuration: 35,
			smeltedRatio: 1,
			smeltingType: "fire",
			smeltedStack: { type: "block", code: "bellmold-burned-small"},
			requiresContainer: false
		}
	},
	blockmaterial: "Ceramic",
	creativeinventory: { "confession": ["*"]},
	replaceable: 700,
	resistance: 1.5,
	maxStackSize: 1,
	lightAbsorption: 0,
	texturesByType: {
		"bellmold-raw-*": {
            "clay": { base: "game:block/clay/blueclay" },
            "hole": { base: "game:block/coal/anthracite" }
        },
		"bellmold-burned-*": {
            "clay": { base: "game:block/clay/ceramic"},
            "hole": { base: "game:block/coal/anthracite"}
        }
    },
	shapeByType: {

		"*-large": { base: "block/bell/mold/mold1"},
		"*-medium": { base: "block/bell/mold/mold2"},
		"*-small": { base: "block/bell/mold/mold3"}
	}, 
	sounds: {
		walk: "walk/stone"
	},
	collisionboxesByType: {

		"*-large": [{ x1: 0, y1: 0, z1: 0, x2: 1, y2: 0.125, z2: 1 },{ x1: 0.1, y1: 0.125, z1: 0.1, x2: 0.9, y2: 0.75, z2: 0.9 }, { x1: 0.2, y1: 0.75, z1: 0.2, x2: 0.8, y2: 1, z2: 0.8 }],
		"*-medium": [{ x1: 0.1875, y1: 0, z1: 0.1875, x2: 0.8125, y2: 0.6825, z2: 0.8125 }],
		"*-small": [{ x1: 0.3, y1: 0, z1: 0.3, x2: 0.7, y2: 0.525, z2: 0.7 }]
	},
	selectionboxByType: {
		 

		"*-large": { x1: 0.37, y1: 0.75, z1: 0.37, x2: 0.63, y2: 1.04, z2: 0.63 },
		"*-medium": { x1: 0.37, y1: 0.6875, z1: 0.37, x2: 0.63, y2: 0.79, z2: 0.63 },
		"*-small": { x1: 0.37, y1: 0.4375, z1: 0.37, x2: 0.5675, y2: 0.54, z2: 0.5675 }
	},
	sideopaque: {
		all: false
	},
	sidesolid: {
		all: false
	},
	heldTpIdleAnimationByType: {
		"*": "holdbothhands"
	},
	heldTpUseAnimationByType: {
		"*": "twohandplaceblock",
	},
	guiTransformByType: {
		"*": {
			translation: { x: 0, y: -2.8, z: 2.2 },
            rotation: { x: -22, y: -44, z: 0 },
            scale: 1.07
		}
	},
	tpHandTransformByType: {
		"*": {
            translation: { x: -1.1, y: -0.8, z: -0.6 },
            rotation: { x: 39, y: 16, z: -79 },
            scale: 0.6
		}
	},
	fpHandTransformByType: {
		"*": {
			translation: { x: -0.3, y: 0, z: 0.5 },
			rotation: { x: 16, y: -51, z: 91 },
			origin: { x: 0.5, y: 0.125, z: 0.5 }
		}
	},
	groundTransform: {
		translation: { x: 0, y: 0, z: 0 },
        rotation: { x: 0, y: -29, z: 0 },
        origin: { x: 0.5, y: 0, z: 0.5 },
        scale: 3.96
	}
}
