{
	code: "bellrubble",
	heldTpUseAnimation: "interactstatic", maxstacksize: 15,
    variantgroups: [
		{ code:"material", states: ["blackbronze", "bismuthbronze", "tinbronze", "brass", "iron", "steel"] }
	],
	shapeByType: {
		"*": { "base": "game:block/clutter/pile-weapon8" }
	},
	attributes: {
		handbook: {
		include: true,
		groupBy: ["confession:bellrubble-*"]
		}
	},
	texturesByType: {
		"*": {
			"aged1": { base: "game:block/metal/plate/{material}" },
            "bismuthbronze": { base: "game:block/metal/ingot/{material}" }
		}
	},
	creativeinventory: { "confession": ["*-blackbronze"], "general": ["*-blackbronze"] },
    materialDensity: 9000,
	sideopaque: {
		all: false
	},
	selectionBox: { x1: 0, y1: 0, z1: 0, x2: 1, y2: 0.0625, z2: 1 },
    fpHandTransform: {
		translation: { x: -0.2, y: -0.1, z: 0.5 },
		rotation: { x: -148, y: 10, z: 89 },
		origin: { x: 0.5, y: 0.4, z: 0.4 },
		scale: 2.38
	},
	guiTransform: {
		translation: { x: 0, y: -3.8, z: 93 },
		rotation: { x: -31, y: 28, z: 0 },
		origin: { x: 0.6, y: 0.2, z: 0.5 },
		scale: 1.61
	},

    groundTransform: {
		translation: { x: 0, y: 0.31, z: 0 },
		rotation: { x: 0, y: 0, z: 0 },
		origin: { x: 0.81, y: 0.45, z: 0.42 },
		scale: 3.5
	},
    tpHandTransform: {
		translation: { x: -0.3, y: 0.19, z: -0.1 },
		rotation: { x: 6, y: 90, z: 7 },
		origin: { x: 0.4, y: -0.7, z: -0 },
		scale: 0.74
	}
}