{
	"editor": {
		"backDropShape": "C:/Users/Cal/Desktop/Kobold Player Redux/seraph-faceless",
		"collapsedPaths": "Root/shoeL/front16,Root/shoeL/LacesR1,Root/shoeL/LacesL1",
		"allAngles": true,
		"entityTextureMode": true
	},
	"textureWidth": 16,
	"textureHeight": 28,
	"textureSizes": {
		"commoner-boots": [16,28]
	},
	"textures": {
		"commoner-boots": "entity/humanoid/seraphclothes/foot/commoner-boots"
	},
	"elements": [
		{
			"name": "shoeR",
			"stepParentName": "PawR",
			"from": [ -0.1, -0.1, -0.2 ],
			"to": [ 3.1, 6.4, 3.0 ],
			"unwrapMode": 4,
			"autoUnwrap": false,
			"uv": [ 1.0, 17.0 ],
			"rotationOrigin": [ -0.1, -0.1, -0.2 ],
			"faces": {
				"north": { "texture": "#commoner-boots", "uv": [ 1.0, 21.5, 4.0, 28.0 ] },
				"east": { "texture": "#commoner-boots", "uv": [ 12.0, 21.5, 15.0, 28.0 ] },
				"south": { "texture": "#commoner-boots", "uv": [ 8.0, 21.5, 11.0, 28.0 ] },
				"west": { "texture": "#commoner-boots", "uv": [ 5.0, 21.5, 8.0, 28.0 ] },
				"up": { "texture": "#commoner-boots", "uv": [ 10.0, 0.0, 13.0, 3.0 ], "rotation": 90 },
				"down": { "texture": "#commoner-boots", "uv": [ 0.0, 4.0, 3.0, 7.0 ], "rotation": 90 }
			},
			"children": [
				{
					"name": "N fold 1",
					"from": [ 0.0, 6.5, 0.0 ],
					"to": [ 3.2, 8.0, 0.2 ],
					"unwrapMode": 1,
					"autoUnwrap": false,
					"uv": [ 0.5, 19.5 ],
					"rotationOrigin": [ 0.0, 6.5, 0.2 ],
					"rotationX": -4.0,
					"faces": {
						"north": { "texture": "#commoner-boots", "uv": [ 1.0, 20.0, 4.0, 21.5 ] },
						"east": { "texture": "#commoner-boots", "uv": [ 1.0, 20.0, 1.5, 21.5 ] },
						"south": { "texture": "#commoner-boots", "uv": [ 5.0, 0.0, 8.0, 1.5 ] },
						"west": { "texture": "#commoner-boots", "uv": [ 4.5, 20.0, 5.0, 21.5 ] },
						"up": { "texture": "#commoner-boots", "uv": [ 1.0, 19.5, 4.0, 20.0 ], "rotation": 180 }
					}
				},
				{
					"name": "S fold 1",
					"from": [ 0.0, 6.5, 3.0 ],
					"to": [ 3.2, 8.0, 3.2 ],
					"unwrapMode": 3,
					"autoUnwrap": false,
					"uv": [ 7.5, 19.5 ],
					"rotationOrigin": [ 0.0, 6.5, 3.0 ],
					"rotationX": 4.0,
					"faces": {
						"north": { "texture": "#commoner-boots", "uv": [ 5.0, 2.0, 8.0, 3.5 ] },
						"east": { "texture": "#commoner-boots", "uv": [ 11.5, 20.0, 12.0, 21.5 ] },
						"south": { "texture": "#commoner-boots", "uv": [ 8.0, 20.0, 11.0, 21.5 ] },
						"west": { "texture": "#commoner-boots", "uv": [ 8.0, 20.0, 8.5, 21.5 ] },
						"up": { "texture": "#commoner-boots", "uv": [ 8.0, 19.5, 11.0, 20.0 ] }
					}
				},
				{
					"name": "back fold 1",
					"from": [ 3.0, 6.5, 0.0 ],
					"to": [ 3.2, 8.0, 3.2 ],
					"unwrapMode": 4,
					"autoUnwrap": false,
					"uv": [ 11.5, 19.5 ],
					"rotationOrigin": [ 3.0, 6.5, 0.0 ],
					"rotationZ": -4.0,
					"faces": {
						"north": { "texture": "#commoner-boots", "uv": [ 12.0, 20.0, 12.5, 21.5 ] },
						"east": { "texture": "#commoner-boots", "uv": [ 12.0, 20.0, 15.0, 21.5 ], "autoUv": false, "windMode": [-1,-1,-1,-1] },
						"south": { "texture": "#commoner-boots", "uv": [ 14.5, 20.0, 15.0, 21.5 ] },
						"west": { "texture": "#commoner-boots", "uv": [ 12.0, 20.0, 15.0, 21.5 ], "windMode": [-1,-1,-1,-1] },
						"up": { "texture": "#commoner-boots", "uv": [ 12.0, 19.5, 15.0, 20.0 ], "rotation": 90 }
					}
				}
			]
		},
		{
			"name": "shoeL",
			"stepParentName": "PawL",
			"from": [ -0.1, -0.1, -0.2 ],
			"to": [ 3.1, 6.4, 3.0 ],
			"unwrapMode": 4,
			"autoUnwrap": false,
			"uv": [ 1.0, 7.5 ],
			"rotationOrigin": [ -0.1, -0.1, -0.2 ],
			"faces": {
				"north": { "texture": "#commoner-boots", "uv": [ 1.0, 11.5, 4.0, 18.0 ] },
				"east": { "texture": "#commoner-boots", "uv": [ 12.0, 11.5, 15.0, 18.0 ] },
				"south": { "texture": "#commoner-boots", "uv": [ 8.0, 11.5, 11.0, 18.0 ] },
				"west": { "texture": "#commoner-boots", "uv": [ 5.0, 11.5, 8.0, 18.0 ] },
				"up": { "texture": "#commoner-boots", "uv": [ 13.0, 0.0, 16.0, 3.0 ], "rotation": 90 },
				"down": { "texture": "#commoner-boots", "uv": [ 4.0, 4.0, 7.0, 7.0 ], "rotation": 90 }
			},
			"children": [
				{
					"name": "N fold 2",
					"from": [ 0.0, 6.5, 0.0 ],
					"to": [ 3.2, 8.0, 0.2 ],
					"unwrapMode": 1,
					"autoUnwrap": false,
					"uv": [ 0.5, 9.5 ],
					"rotationOrigin": [ 0.0, 6.5, 0.2 ],
					"rotationX": -4.0,
					"faces": {
						"north": { "texture": "#commoner-boots", "uv": [ 1.0, 10.0, 4.0, 11.5 ] },
						"east": { "texture": "#commoner-boots", "uv": [ 1.0, 10.0, 1.5, 11.5 ] },
						"south": { "texture": "#commoner-boots", "uv": [ 0.0, 0.0, 3.0, 1.5 ] },
						"west": { "texture": "#commoner-boots", "uv": [ 4.5, 10.0, 5.0, 11.5 ] },
						"up": { "texture": "#commoner-boots", "uv": [ 1.0, 9.5, 4.0, 10.0 ], "rotation": 180 }
					}
				},
				{
					"name": "S fold 2",
					"from": [ 0.0, 6.5, 3.0 ],
					"to": [ 3.2, 8.0, 3.2 ],
					"unwrapMode": 3,
					"autoUnwrap": false,
					"uv": [ 7.5, 9.5 ],
					"rotationOrigin": [ 0.0, 6.5, 3.0 ],
					"rotationX": 4.0,
					"faces": {
						"north": { "texture": "#commoner-boots", "uv": [ 0.0, 2.0, 3.0, 3.5 ] },
						"east": { "texture": "#commoner-boots", "uv": [ 11.5, 10.0, 12.0, 11.5 ] },
						"south": { "texture": "#commoner-boots", "uv": [ 8.0, 10.0, 11.0, 11.5 ] },
						"west": { "texture": "#commoner-boots", "uv": [ 8.0, 10.0, 8.5, 11.5 ] },
						"up": { "texture": "#commoner-boots", "uv": [ 8.0, 9.5, 11.0, 10.0 ] }
					}
				},
				{
					"name": "back fold 2",
					"from": [ 3.0, 6.5, 0.0 ],
					"to": [ 3.2, 8.0, 3.2 ],
					"unwrapMode": 2,
					"autoUnwrap": false,
					"uv": [ 11.5, 9.5 ],
					"rotationOrigin": [ 3.0, 6.5, 0.0 ],
					"rotationZ": -4.0,
					"faces": {
						"north": { "texture": "#commoner-boots", "uv": [ 14.5, 10.0, 15.0, 11.5 ] },
						"east": { "texture": "#commoner-boots", "uv": [ 12.0, 10.0, 15.0, 11.5 ], "windMode": [-1,-1,-1,-1] },
						"south": { "texture": "#commoner-boots", "uv": [ 12.0, 10.0, 12.5, 11.5 ] },
						"west": { "texture": "#commoner-boots", "uv": [ 1.0, 2.5, 4.0, 4.0 ] },
						"up": { "texture": "#commoner-boots", "uv": [ 12.0, 9.5, 15.0, 10.0 ], "rotation": 270 }
					}
				}
			]
		},
		{
			"name": "front fold 2",
			"stepParentName": "LowerFootL",
			"from": [ -0.1, 0.0, -0.1 ],
			"to": [ 0.1, 3.5, 3.1 ],
			"unwrapMode": 4,
			"autoUnwrap": false,
			"uv": [ 4.5, 9.5 ],
			"rotationOrigin": [ -0.1, 0.0, -0.1 ],
			"faces": {
				"north": { "texture": "#commoner-boots", "uv": [ 5.0, 10.0, 5.5, 13.5 ] },
				"east": { "texture": "#commoner-boots", "uv": [ 0.0, 1.0, 3.0, 4.5 ] },
				"south": { "texture": "#commoner-boots", "uv": [ 7.5, 10.0, 8.0, 13.5 ] },
				"west": { "texture": "#commoner-boots", "uv": [ 5.0, 10.0, 8.0, 13.5 ] },
				"up": { "texture": "#commoner-boots", "uv": [ 5.0, 9.5, 8.0, 10.0 ], "rotation": 90 }
			}
		},
		{
			"name": "front fold 1",
			"stepParentName": "LowerFootR",
			"from": [ -0.1, 0.0, -0.1 ],
			"to": [ 0.1, 3.5, 3.1 ],
			"unwrapMode": 4,
			"autoUnwrap": false,
			"uv": [ 4.5, 19.5 ],
			"rotationOrigin": [ -0.1, 0.0, -0.1 ],
			"faces": {
				"north": { "texture": "#commoner-boots", "uv": [ 5.0, 20.0, 5.5, 23.5 ] },
				"east": { "texture": "#commoner-boots", "uv": [ 5.0, 1.0, 8.0, 4.5 ] },
				"south": { "texture": "#commoner-boots", "uv": [ 7.5, 20.0, 8.0, 23.5 ] },
				"west": { "texture": "#commoner-boots", "uv": [ 5.0, 20.0, 8.0, 23.5 ] },
				"up": { "texture": "#commoner-boots", "uv": [ 5.0, 19.5, 8.0, 20.0 ], "rotation": 90 }
			}
		}
	],
	"animations": [
	]
}