{
	"editor": {
		"backDropShape": "C:/Users/Cal/Desktop/Kobold Player Redux/seraph-faceless",
		"collapsedPaths": "Root/shoeL/showshoeL,Root/shoeL/front16,Root/shoeL/LacesR1,Root/shoeL/LacesL1",
		"allAngles": true,
		"entityTextureMode": true
	},
	"textureWidth": 16,
	"textureHeight": 24,
	"textureSizes": {
		"shoes": [16,24]
	},
	"textures": {
		"shoes": "entity/humanoid/seraphclothes/foot/forlorn-shoes"
	},
	"elements": [
		{
			"name": "shoeR",
			"stepParentName": "PawR",
			"from": [ -0.1, -0.1, -0.1 ],
			"to": [ 3.1, 4.9, 3.1 ],
			"unwrapMode": 4,
			"autoUnwrap": false,
			"uv": [ 1.0, 16.5 ],
			"rotationOrigin": [ -0.1, -0.1, -0.1 ],
			"faces": {
				"north": { "texture": "#shoes", "uv": [ 1.0, 19.0, 4.0, 24.0 ], "windMode": [-1,-1,-1,-1] },
				"east": { "texture": "#shoes", "uv": [ 12.0, 19.0, 15.0, 24.0 ] },
				"south": { "texture": "#shoes", "uv": [ 8.0, 19.0, 11.0, 24.0 ] },
				"west": { "texture": "#shoes", "uv": [ 5.0, 19.0, 8.0, 24.0 ] },
				"up": { "texture": "#shoes", "uv": [ 13.0, 0.0, 16.0, 3.0 ], "rotation": 90 },
				"down": { "texture": "#shoes", "uv": [ 0.0, 4.0, 3.0, 7.0 ], "rotation": 90 }
			},
			"children": [
				{
					"name": "hideshoeR",
					"from": [ 0.0, 5.0, 0.0 ],
					"to": [ 1.0, 6.0, 1.0 ],
					"uv": [ 3.0, 1.5 ],
					"rotationOrigin": [ 0.0, 5.0, 0.0 ],
					"faces": {
					},
					"children": [
						{
							"name": "LlipELower2",
							"from": [ 3.0, 0.0, 0.0 ],
							"to": [ 3.2, 1.0, 3.2 ],
							"unwrapMode": 2,
							"autoUnwrap": false,
							"uv": [ 11.5, 17.5 ],
							"rotationOrigin": [ 3.0, 0.0, 0.0 ],
							"rotationZ": -8.0,
							"faces": {
								"north": { "texture": "#shoes", "uv": [ 15.0, 18.0, 15.5, 19.0 ] },
								"east": { "texture": "#shoes", "uv": [ 12.0, 18.0, 15.0, 19.0 ] },
								"south": { "texture": "#shoes", "uv": [ 11.5, 18.0, 12.0, 19.0 ] },
								"west": { "texture": "#shoes", "uv": [ 6.5, 3.0, 9.5, 4.0 ] },
								"up": { "texture": "#shoes", "uv": [ 12.0, 17.5, 15.0, 18.0 ], "rotation": 270 }
							}
						},
						{
							"name": "LlipSLower2",
							"from": [ 0.0, -0.01, 3.0 ],
							"to": [ 3.2, 0.99, 3.2 ],
							"unwrapMode": 3,
							"autoUnwrap": false,
							"uv": [ 7.5, 17.5 ],
							"rotationOrigin": [ 0.0, 0.0, 3.0 ],
							"rotationX": 8.0,
							"faces": {
								"north": { "texture": "#shoes", "uv": [ 5.0, 2.0, 8.0, 3.0 ] },
								"east": { "texture": "#shoes", "uv": [ 12.0, 18.0, 12.5, 19.0 ] },
								"south": { "texture": "#shoes", "uv": [ 8.0, 18.0, 11.0, 19.0 ] },
								"west": { "texture": "#shoes", "uv": [ 7.5, 18.0, 8.0, 19.0 ] },
								"up": { "texture": "#shoes", "uv": [ 8.0, 17.5, 11.0, 18.0 ] }
							},
							"children": [
								{
									"name": "LlipSMid2",
									"from": [ 0.0, 1.0, 0.0 ],
									"to": [ 1.6, 1.5, 0.2 ],
									"unwrapMode": 3,
									"autoUnwrap": false,
									"uv": [ 7.5, 17.0 ],
									"rotationOrigin": [ 0.0, 1.01, 0.0 ],
									"faces": {
										"north": { "texture": "#shoes", "uv": [ 5.0, 3.0, 6.5, 3.5 ] },
										"east": { "texture": "#shoes", "uv": [ 9.5, 17.5, 10.0, 18.0 ] },
										"south": { "texture": "#shoes", "uv": [ 8.0, 17.5, 9.5, 18.0 ] },
										"west": { "texture": "#shoes", "uv": [ 7.5, 17.5, 8.0, 18.0 ] },
										"up": { "texture": "#shoes", "uv": [ 8.0, 17.0, 9.5, 17.5 ] }
									}
								}
							]
						},
						{
							"name": "LLipNLower2",
							"from": [ 0.0, 0.0, 0.0 ],
							"to": [ 3.2, 1.0, 0.2 ],
							"unwrapMode": 1,
							"autoUnwrap": false,
							"uv": [ 0.5, 17.5 ],
							"rotationOrigin": [ 0.0, 0.0, 0.2 ],
							"rotationX": -8.0,
							"faces": {
								"north": { "texture": "#shoes", "uv": [ 1.0, 18.0, 4.0, 19.0 ] },
								"east": { "texture": "#shoes", "uv": [ 0.5, 18.0, 1.0, 19.0 ] },
								"south": { "texture": "#shoes", "uv": [ 5.0, 0.0, 8.0, 1.0 ] },
								"west": { "texture": "#shoes", "uv": [ 5.0, 18.0, 5.5, 19.0 ] },
								"up": { "texture": "#shoes", "uv": [ 1.0, 17.5, 4.0, 18.0 ], "rotation": 180 }
							},
							"children": [
								{
									"name": "LLipNMid2",
									"from": [ 0.0, 1.0, 0.0 ],
									"to": [ 1.6, 1.5, 0.2 ],
									"unwrapMode": 1,
									"autoUnwrap": false,
									"uv": [ 3.0, 17.0 ],
									"rotationOrigin": [ 0.0, 1.0, 0.2 ],
									"faces": {
										"north": { "texture": "#shoes", "uv": [ 3.5, 17.5, 5.0, 18.0 ] },
										"east": { "texture": "#shoes", "uv": [ 3.0, 17.5, 3.5, 18.0 ] },
										"south": { "texture": "#shoes", "uv": [ 5.0, 1.0, 6.5, 1.5 ] },
										"west": { "texture": "#shoes", "uv": [ 5.0, 17.5, 5.5, 18.0 ] },
										"up": { "texture": "#shoes", "uv": [ 3.5, 17.0, 5.0, 17.5 ], "rotation": 180 }
									}
								}
							]
						}
					]
				},
				{
					"name": "showshoeR",
					"from": [ 0.0, 5.0, 0.0 ],
					"to": [ 1.0, 7.0, 3.2 ],
					"unwrapMode": 4,
					"uv": [ 5.0, 17.0 ],
					"rotationOrigin": [ 0.0, 5.0, 0.0 ],
					"faces": {
						"west": { "texture": "#shoes", "uv": [ 5.0, 17.0, 8.0, 19.0 ] }
					},
					"children": [
						{
							"name": "showshoeR2",
							"from": [ 0.0, 1.0, 0.0 ],
							"to": [ 1.57, 1.5, 3.2 ],
							"unwrapMode": 4,
							"autoUnwrap": false,
							"uv": [ 9.0, 17.0 ],
							"rotationOrigin": [ 0.0, 1.0, 0.0 ],
							"faces": {
								"north": { "texture": "#shoes", "uv": [ 3.5, 17.5, 5.0, 18.0 ], "windMode": [-1,-1,-1,-1] },
								"south": { "texture": "#shoes", "uv": [ 8.0, 17.5, 9.5, 18.0 ], "windMode": [-1,-1,-1,-1] }
							}
						},
						{
							"name": "showshoeR3",
							"from": [ 0.0, 0.0, 0.0 ],
							"to": [ 3.2, 1.0, 3.2 ],
							"unwrapMode": 4,
							"autoUnwrap": false,
							"uv": [ 9.0, 17.0 ],
							"faces": {
								"north": { "texture": "#shoes", "uv": [ 1.0, 18.0, 4.0, 19.0 ], "windMode": [-1,-1,-1,-1] },
								"east": { "texture": "#shoes", "uv": [ 12.0, 18.0, 15.0, 19.0 ], "windMode": [-1,-1,-1,-1] },
								"south": { "texture": "#shoes", "uv": [ 8.0, 18.0, 11.0, 19.0 ], "windMode": [-1,-1,-1,-1] }
							}
						}
					]
				}
			]
		},
		{
			"name": "shoeL",
			"stepParentName": "PawL",
			"from": [ -0.1, -0.1, -0.1 ],
			"to": [ 3.1, 4.9, 3.1 ],
			"unwrapMode": 4,
			"autoUnwrap": false,
			"uv": [ 1.0, 7.0 ],
			"rotationOrigin": [ -0.1, -0.1, -0.1 ],
			"faces": {
				"north": { "texture": "#shoes", "uv": [ 1.0, 11.0, 4.0, 16.0 ] },
				"east": { "texture": "#shoes", "uv": [ 12.0, 11.0, 15.0, 16.0 ] },
				"south": { "texture": "#shoes", "uv": [ 8.0, 11.0, 11.0, 16.0 ] },
				"west": { "texture": "#shoes", "uv": [ 5.0, 11.0, 8.0, 16.0 ] },
				"up": { "texture": "#shoes", "uv": [ 10.0, 0.0, 13.0, 3.0 ], "rotation": 90 },
				"down": { "texture": "#shoes", "uv": [ 4.0, 4.0, 7.0, 7.0 ], "rotation": 90 }
			},
			"children": [
				{
					"name": "hideshoeL",
					"from": [ 0.0, 5.0, 0.0 ],
					"to": [ 1.0, 6.0, 1.0 ],
					"uv": [ 3.0, 1.5 ],
					"rotationOrigin": [ 0.0, 5.0, 0.0 ],
					"faces": {
					},
					"children": [
						{
							"name": "LlipELower",
							"from": [ 3.0, 0.0, 0.0 ],
							"to": [ 3.2, 1.0, 3.2 ],
							"unwrapMode": 2,
							"autoUnwrap": false,
							"uv": [ 11.5, 9.5 ],
							"rotationOrigin": [ 3.0, 0.0, 0.0 ],
							"rotationZ": -8.0,
							"faces": {
								"north": { "texture": "#shoes", "uv": [ 15.0, 10.0, 15.5, 11.0 ] },
								"east": { "texture": "#shoes", "uv": [ 12.0, 10.0, 15.0, 11.0 ] },
								"south": { "texture": "#shoes", "uv": [ 11.5, 10.0, 12.0, 11.0 ] },
								"west": { "texture": "#shoes", "uv": [ 0.0, 3.0, 3.0, 4.0 ] },
								"up": { "texture": "#shoes", "uv": [ 12.0, 9.5, 15.0, 10.0 ], "rotation": 270 }
							}
						},
						{
							"name": "LlipSLower",
							"from": [ 0.0, -0.01, 3.0 ],
							"to": [ 3.2, 0.99, 3.2 ],
							"unwrapMode": 3,
							"autoUnwrap": false,
							"uv": [ 7.5, 9.5 ],
							"rotationOrigin": [ 0.0, 0.0, 3.0 ],
							"rotationX": 8.0,
							"faces": {
								"north": { "texture": "#shoes", "uv": [ 0.0, 2.0, 3.0, 3.0 ] },
								"east": { "texture": "#shoes", "uv": [ 12.0, 10.0, 12.5, 11.0 ] },
								"south": { "texture": "#shoes", "uv": [ 8.0, 10.0, 11.0, 11.0 ] },
								"west": { "texture": "#shoes", "uv": [ 7.5, 10.0, 8.0, 11.0 ] },
								"up": { "texture": "#shoes", "uv": [ 8.0, 9.5, 11.0, 10.0 ], "windMode": [-1,-1,-1,-1] }
							},
							"children": [
								{
									"name": "LlipSMid",
									"from": [ 0.0, 1.0, 0.0 ],
									"to": [ 1.6, 1.5, 0.2 ],
									"unwrapMode": 3,
									"autoUnwrap": false,
									"uv": [ 7.5, 9.0 ],
									"rotationOrigin": [ 0.0, 1.01, 0.0 ],
									"faces": {
										"north": { "texture": "#shoes", "uv": [ 0.0, 3.0, 1.5, 3.5 ] },
										"east": { "texture": "#shoes", "uv": [ 9.5, 9.5, 10.0, 10.0 ] },
										"south": { "texture": "#shoes", "uv": [ 8.0, 9.5, 9.5, 10.0 ] },
										"west": { "texture": "#shoes", "uv": [ 7.5, 9.5, 8.0, 10.0 ] },
										"up": { "texture": "#shoes", "uv": [ 8.0, 9.0, 9.5, 9.5 ] }
									}
								}
							]
						},
						{
							"name": "LLipNLower",
							"from": [ 0.0, 0.0, 0.0 ],
							"to": [ 3.2, 1.0, 0.2 ],
							"unwrapMode": 1,
							"autoUnwrap": false,
							"uv": [ 0.5, 9.5 ],
							"rotationOrigin": [ 0.0, 0.0, 0.2 ],
							"rotationX": -8.0,
							"faces": {
								"north": { "texture": "#shoes", "uv": [ 1.0, 10.0, 5.0, 11.0 ] },
								"east": { "texture": "#shoes", "uv": [ 0.5, 10.0, 1.0, 11.0 ] },
								"south": { "texture": "#shoes", "uv": [ 0.0, 0.0, 4.0, 1.0 ], "windMode": [-1,-1,-1,-1] },
								"west": { "texture": "#shoes", "uv": [ 5.0, 10.0, 5.5, 11.0 ] },
								"up": { "texture": "#shoes", "uv": [ 1.0, 9.5, 5.0, 10.0 ], "rotation": 180, "windMode": [-1,-1,-1,-1] }
							},
							"children": [
								{
									"name": "LLipNMid",
									"from": [ 0.0, 1.0, 0.0 ],
									"to": [ 1.6, 1.5, 0.2 ],
									"unwrapMode": 1,
									"autoUnwrap": false,
									"uv": [ 3.0, 9.0 ],
									"rotationOrigin": [ 0.0, 1.0, 0.2 ],
									"faces": {
										"north": { "texture": "#shoes", "uv": [ 3.5, 9.5, 5.0, 10.0 ] },
										"east": { "texture": "#shoes", "uv": [ 3.0, 9.5, 3.5, 10.0 ] },
										"south": { "texture": "#shoes", "uv": [ 0.0, 0.5, 1.5, 1.0 ] },
										"west": { "texture": "#shoes", "uv": [ 5.0, 9.5, 5.5, 10.0 ] },
										"up": { "texture": "#shoes", "uv": [ 3.5, 9.0, 5.0, 9.5 ], "rotation": 180 }
									}
								}
							]
						}
					]
				},
				{
					"name": "showshoeL",
					"from": [ 0.0, 5.0, 0.0 ],
					"to": [ 1.0, 7.0, 3.2 ],
					"unwrapMode": 4,
					"uv": [ 5.0, 9.0 ],
					"rotationOrigin": [ 0.0, 5.0, 0.0 ],
					"faces": {
						"west": { "texture": "#shoes", "uv": [ 5.0, 9.0, 8.0, 11.0 ] }
					},
					"children": [
						{
							"name": "showshoeL2",
							"from": [ 0.0, 0.0, 0.0 ],
							"to": [ 3.2, 1.0, 3.2 ],
							"unwrapMode": 4,
							"autoUnwrap": false,
							"uv": [ 4.0, 7.5 ],
							"faces": {
								"north": { "texture": "#shoes", "uv": [ 1.0, 10.0, 4.0, 11.0 ], "windMode": [-1,-1,-1,-1] },
								"east": { "texture": "#shoes", "uv": [ 12.0, 10.0, 15.0, 11.0 ], "windMode": [-1,-1,-1,-1] },
								"south": { "texture": "#shoes", "uv": [ 8.0, 10.0, 11.0, 11.0 ], "windMode": [-1,-1,-1,-1] }
							},
							"children": [
								{
									"name": "showshoeL3",
									"from": [ 0.0, 1.0, 0.0 ],
									"to": [ 1.6, 1.5, 3.2 ],
									"unwrapMode": 4,
									"autoUnwrap": false,
									"uv": [ 4.0, 7.5 ],
									"rotationOrigin": [ 0.0, 1.0, 0.0 ],
									"faces": {
										"north": { "texture": "#shoes", "uv": [ 3.5, 9.5, 5.0, 10.0 ], "windMode": [-1,-1,-1,-1] },
										"south": { "texture": "#shoes", "uv": [ 8.0, 9.5, 9.5, 10.0 ], "windMode": [-1,-1,-1,-1] }
									}
								}
							]
						}
					]
				}
			]
		},
		{
			"name": "LlipWLower",
			"stepParentName": "LowerFootL",
			"from": [ -0.1, 0.0, 0.0 ],
			"to": [ 0.1, 2.0, 3.2 ],
			"unwrapMode": 4,
			"autoUnwrap": false,
			"uv": [ 4.5, 8.5 ],
			"rotationOrigin": [ -0.1, 0.0, 0.0 ],
			"rotationX": -3.2578,
			"faces": {
				"north": { "texture": "#shoes", "uv": [ 4.5, 9.0, 5.0, 11.0 ] },
				"east": { "texture": "#shoes", "uv": [ 0.0, 1.0, 3.0, 3.0 ] },
				"south": { "texture": "#shoes", "uv": [ 8.0, 9.0, 8.5, 11.0 ] },
				"west": { "texture": "#shoes", "uv": [ 5.0, 9.0, 8.0, 11.0 ] },
				"up": { "texture": "#shoes", "uv": [ 5.0, 8.5, 8.0, 9.0 ], "rotation": 90, "windMode": [-1,-1,-1,-1] }
			}
		},
		{
			"name": "RLlipWLower",
			"stepParentName": "LowerFootR",
			"from": [ -0.1, 0.0, 0.0 ],
			"to": [ 0.1, 2.0, 3.2 ],
			"unwrapMode": 4,
			"autoUnwrap": false,
			"uv": [ 4.5, 16.5 ],
			"rotationOrigin": [ -0.1, 0.0, 0.0 ],
			"faces": {
				"north": { "texture": "#shoes", "uv": [ 4.5, 17.0, 5.0, 19.0 ] },
				"east": { "texture": "#shoes", "uv": [ 5.0, 0.5, 8.0, 2.5 ] },
				"south": { "texture": "#shoes", "uv": [ 8.0, 17.0, 8.5, 19.0 ] },
				"west": { "texture": "#shoes", "uv": [ 5.0, 17.0, 8.0, 19.0 ] },
				"up": { "texture": "#shoes", "uv": [ 5.0, 16.5, 8.0, 17.0 ], "rotation": 90 }
			}
		}
	],
	"animations": [
	]
}