{
	"editor": {
		"backDropShape": "C:/Users/Cal/Desktop/Kobold Player Redux/seraph-faceless",
		"allAngles": true,
		"entityTextureMode": true
	},
	"textureWidth": 16,
	"textureHeight": 16,
	"textureSizes": {
		"shoes-hunter-R": [16,16],
		"shoes-hunter-L": [16,16]
	},
	"textures": {
		"shoes-hunter-L": "entity/humanoid/seraphclothes/foot/hunter-boots-l",
		"shoes-hunter-R": "entity/humanoid/seraphclothes/foot/hunter-boots-r"
	},
	"elements": [
		{
			"name": "shoeR",
			"stepParentName": "PawR",
			"from": [ -0.1, -0.1, -0.2 ],
			"to": [ 3.1, 6.4, 3.0 ],
			"unwrapMode": 1,
			"autoUnwrap": false,
			"uv": [ 0.0, 6.5 ],
			"rotationOrigin": [ -0.1, -0.1, -0.2 ],
			"faces": {
				"north": { "texture": "#shoes-hunter-R", "uv": [ 3.0, 9.5, 6.0, 16.0 ] },
				"east": { "texture": "#shoes-hunter-R", "uv": [ 0.0, 9.5, 3.0, 16.0 ] },
				"south": { "texture": "#shoes-hunter-R", "uv": [ 10.0, 9.5, 13.0, 16.0 ] },
				"west": { "texture": "#shoes-hunter-R", "uv": [ 7.0, 9.5, 10.0, 16.0 ] },
				"up": { "texture": "#shoes-hunter-R", "uv": [ 4.0, 0.0, 7.0, 3.0 ], "rotation": 90 },
				"down": { "texture": "#shoes-hunter-R", "uv": [ 0.0, 0.0, 3.0, 3.0 ], "rotation": 90, "windMode": [-1,-1,-1,-1] }
			},
			"children": [
				{
					"name": "hideshoeR",
					"from": [ 0.0, 6.5, 0.0 ],
					"to": [ 1.0, 7.5, 1.0 ],
					"uv": [ 0.0, 0.0 ],
					"rotationOrigin": [ 0.0, 6.5, 0.0 ],
					"faces": {
					},
					"children": [
						{
							"name": "N fold 1",
							"from": [ 0.0, 0.0, 0.0 ],
							"to": [ 3.2, 1.0, 0.2 ],
							"uv": [ 4.0, 0.0 ],
							"rotationOrigin": [ 0.0, 0.0, 0.2 ],
							"rotationX": -18.0,
							"faces": {
								"north": { "texture": "#shoes-hunter-R", "uv": [ 4.0, 0.5, 7.0, 1.5 ] },
								"east": { "texture": "#shoes-hunter-R", "uv": [ 7.0, 0.5, 7.5, 1.5 ] },
								"south": { "texture": "#shoes-hunter-R", "uv": [ 7.5, 0.5, 10.5, 1.5 ] },
								"west": { "texture": "#shoes-hunter-R", "uv": [ 10.5, 0.5, 11.0, 1.5 ] },
								"up": { "texture": "#shoes-hunter-R", "uv": [ 4.0, 0.0, 7.0, 0.5 ], "rotation": 180 },
								"down": { "texture": "#shoes-hunter-R", "uv": [ 7.0, 0.0, 10.0, 0.5 ] }
							}
						},
						{
							"name": "S fold 1",
							"from": [ 0.0, 0.0, 3.0 ],
							"to": [ 3.2, 1.0, 3.2 ],
							"uv": [ 1.5, 8.0 ],
							"rotationOrigin": [ 0.0, 0.0, 3.0 ],
							"rotationX": 18.0,
							"faces": {
								"north": { "texture": "#shoes-hunter-R", "uv": [ 1.5, 8.5, 4.5, 9.5 ] },
								"east": { "texture": "#shoes-hunter-R", "uv": [ 4.5, 8.5, 5.0, 9.5 ] },
								"south": { "texture": "#shoes-hunter-R", "uv": [ 5.0, 8.5, 8.0, 9.5 ] },
								"west": { "texture": "#shoes-hunter-R", "uv": [ 8.0, 8.5, 8.5, 9.5 ] },
								"up": { "texture": "#shoes-hunter-R", "uv": [ 1.5, 8.0, 4.5, 8.5 ] },
								"down": { "texture": "#shoes-hunter-R", "uv": [ 4.5, 8.0, 7.5, 8.5 ] }
							}
						},
						{
							"name": "back fold 1",
							"from": [ 3.0, 0.0, 0.0 ],
							"to": [ 3.2, 1.0, 3.2 ],
							"uv": [ 5.5, 8.5 ],
							"rotationOrigin": [ 3.0, 0.0, 0.0 ],
							"rotationZ": -18.0,
							"faces": {
								"north": { "texture": "#shoes-hunter-R", "uv": [ 5.5, 11.5, 6.0, 12.5 ] },
								"east": { "texture": "#shoes-hunter-R", "uv": [ 6.0, 11.5, 9.0, 12.5 ] },
								"south": { "texture": "#shoes-hunter-R", "uv": [ 9.0, 11.5, 9.5, 12.5 ] },
								"west": { "texture": "#shoes-hunter-R", "uv": [ 9.5, 11.5, 12.5, 12.5 ] },
								"up": { "texture": "#shoes-hunter-R", "uv": [ 5.5, 8.5, 8.5, 9.0 ], "rotation": 270 },
								"down": { "texture": "#shoes-hunter-R", "uv": [ 8.5, 8.5, 9.0, 11.5 ] }
							}
						},
						{
							"name": "front fold 1",
							"from": [ -0.1, -1.0, 0.0 ],
							"to": [ 0.1, 2.0, 3.2 ],
							"uv": [ 3.5, 9.0 ],
							"rotationOrigin": [ 0.1, -1.0, 0.0 ],
							"rotationZ": 55.0,
							"faces": {
								"north": { "texture": "#shoes-hunter-R", "uv": [ 3.5, 12.0, 4.0, 15.0 ] },
								"east": { "texture": "#shoes-hunter-R", "uv": [ 4.0, 12.0, 7.0, 15.0 ] },
								"south": { "texture": "#shoes-hunter-R", "uv": [ 7.0, 12.0, 7.5, 15.0 ] },
								"west": { "texture": "#shoes-hunter-R", "uv": [ 7.5, 12.0, 10.5, 15.0 ] },
								"up": { "texture": "#shoes-hunter-R", "uv": [ 3.5, 9.0, 6.5, 9.5 ], "rotation": 90 },
								"down": { "texture": "#shoes-hunter-R", "uv": [ 6.5, 9.0, 7.0, 12.0 ] }
							}
						},
						{
							"name": "N fold 11",
							"from": [ 0.0, 0.0, 0.1 ],
							"to": [ 3.2, 2.5, 0.1 ],
							"uv": [ 3.0, 7.0 ],
							"rotationOrigin": [ 0.0, 0.0, 0.1 ],
							"rotationX": -8.0,
							"faces": {
								"north": { "texture": "#shoes-hunter-R", "uv": [ 3.0, 7.0, 6.0, 9.5 ] }
							}
						},
						{
							"name": "S fold 12",
							"from": [ 0.0, 0.0, 3.1 ],
							"to": [ 3.2, 2.5, 3.1 ],
							"uv": [ 10.0, 7.0 ],
							"rotationOrigin": [ 0.0, 0.0, 3.1 ],
							"rotationX": 8.0,
							"faces": {
								"south": { "texture": "#shoes-hunter-R", "uv": [ 10.0, 7.0, 13.0, 9.5 ] }
							}
						},
						{
							"name": "front fold 13",
							"from": [ 0.0, 0.0, 0.0 ],
							"to": [ 0.0, 2.5, 3.2 ],
							"uv": [ 7.0, 7.0 ],
							"rotationOrigin": [ 0.2, 0.0, 0.0 ],
							"rotationZ": 8.0,
							"faces": {
								"west": { "texture": "#shoes-hunter-R", "uv": [ 7.0, 7.0, 10.0, 9.5 ] }
							}
						},
						{
							"name": "back fold 14",
							"from": [ 3.1, 0.0, 0.0 ],
							"to": [ 3.1, 2.5, 3.2 ],
							"uv": [ 0.0, 7.0 ],
							"rotationOrigin": [ 3.1, 0.0, 0.0 ],
							"rotationZ": -8.0,
							"faces": {
								"east": { "texture": "#shoes-hunter-R", "uv": [ 0.0, 7.0, 3.0, 9.5 ] }
							}
						}
					]
				},
				{
					"name": "showshoeR",
					"from": [ 0.0, 6.5, 0.0 ],
					"to": [ 3.2, 9.0, 3.2 ],
					"unwrapMode": 1,
					"uv": [ 0.0, 4.0 ],
					"rotationOrigin": [ 0.0, 6.5, 0.0 ],
					"faces": {
						"north": { "texture": "#shoes-hunter-R", "uv": [ 3.0, 4.0, 6.0, 6.5 ] },
						"east": { "texture": "#shoes-hunter-R", "uv": [ 0.0, 4.0, 3.0, 6.5 ] },
						"south": { "texture": "#shoes-hunter-R", "uv": [ 9.0, 4.0, 12.0, 6.5 ] },
						"west": { "texture": "#shoes-hunter-R", "uv": [ 6.0, 4.0, 9.0, 6.5 ] }
					}
				}
			]
		},
		{
			"name": "shoeL",
			"stepParentName": "PawL",
			"from": [ -0.1, -0.1, -0.2 ],
			"to": [ 3.1, 6.4, 3.0 ],
			"uv": [ 0.0, 6.5 ],
			"rotationOrigin": [ -0.1, -0.1, -0.2 ],
			"faces": {
				"north": { "texture": "#shoes-hunter-L", "uv": [ 0.0, 9.5, 3.0, 16.0 ] },
				"east": { "texture": "#shoes-hunter-L", "uv": [ 3.0, 9.5, 6.0, 16.0 ] },
				"south": { "texture": "#shoes-hunter-L", "uv": [ 6.0, 9.5, 9.0, 16.0 ] },
				"west": { "texture": "#shoes-hunter-L", "uv": [ 9.0, 9.5, 12.0, 16.0 ] },
				"up": { "texture": "#shoes-hunter-L", "uv": [ 0.0, 6.5, 3.0, 9.5 ], "rotation": 90 },
				"down": { "texture": "#shoes-hunter-L", "uv": [ 3.0, 6.5, 6.0, 9.5 ], "rotation": 90 }
			},
			"children": [
				{
					"name": "hideshoeL",
					"from": [ 0.0, 6.5, 0.0 ],
					"to": [ 1.0, 7.5, 1.0 ],
					"uv": [ 0.0, 0.0 ],
					"rotationOrigin": [ 0.0, 6.5, 0.0 ],
					"faces": {
					},
					"children": [
						{
							"name": "N fold 2",
							"from": [ 0.0, 0.0, 0.0 ],
							"to": [ 3.2, 1.0, 0.2 ],
							"uv": [ 0.0, 0.0 ],
							"rotationOrigin": [ 0.0, 0.0, 0.2 ],
							"rotationX": -18.0,
							"faces": {
								"north": { "texture": "#shoes-hunter-L", "uv": [ 0.0, 8.5, 4.0, 9.5 ] },
								"east": { "texture": "#shoes-hunter-L", "uv": [ 0.0, 8.5, 0.5, 9.5 ] },
								"south": { "texture": "#shoes-hunter-L", "uv": [ 10.0, 2.0, 14.0, 3.0 ] },
								"west": { "texture": "#shoes-hunter-L", "uv": [ 3.5, 8.5, 4.0, 9.5 ] },
								"up": { "texture": "#shoes-hunter-L", "uv": [ 0.0, 8.5, 4.0, 9.0 ], "rotation": 180 },
								"down": { "texture": "#shoes-hunter-L", "uv": [ 0.0, 0.0, 4.0, 0.5 ] }
							}
						},
						{
							"name": "S fold 2",
							"from": [ 0.0, 0.0, 3.0 ],
							"to": [ 3.2, 1.0, 3.2 ],
							"uv": [ 0.0, 10.0 ],
							"rotationOrigin": [ 0.0, 0.0, 3.0 ],
							"rotationX": 18.0,
							"faces": {
								"north": { "texture": "#shoes-hunter-L", "uv": [ 0.0, 10.5, 3.0, 11.5 ] },
								"east": { "texture": "#shoes-hunter-L", "uv": [ 3.0, 10.5, 3.5, 11.5 ] },
								"south": { "texture": "#shoes-hunter-L", "uv": [ 3.5, 10.5, 6.5, 11.5 ] },
								"west": { "texture": "#shoes-hunter-L", "uv": [ 6.5, 10.5, 7.0, 11.5 ] },
								"up": { "texture": "#shoes-hunter-L", "uv": [ 0.0, 10.0, 3.0, 10.5 ] },
								"down": { "texture": "#shoes-hunter-L", "uv": [ 3.0, 10.0, 6.0, 10.5 ] }
							}
						},
						{
							"name": "back fold 2",
							"from": [ 3.0, 0.0, 0.0 ],
							"to": [ 3.2, 1.0, 3.2 ],
							"uv": [ 4.0, 7.0 ],
							"rotationOrigin": [ 3.0, 0.0, 0.0 ],
							"rotationZ": -18.0,
							"faces": {
								"north": { "texture": "#shoes-hunter-L", "uv": [ 4.0, 10.0, 4.5, 11.0 ] },
								"east": { "texture": "#shoes-hunter-L", "uv": [ 4.5, 10.0, 7.5, 11.0 ] },
								"south": { "texture": "#shoes-hunter-L", "uv": [ 7.5, 10.0, 8.0, 11.0 ] },
								"west": { "texture": "#shoes-hunter-L", "uv": [ 8.0, 10.0, 11.0, 11.0 ] },
								"up": { "texture": "#shoes-hunter-L", "uv": [ 4.0, 7.0, 7.0, 7.5 ], "rotation": 270 },
								"down": { "texture": "#shoes-hunter-L", "uv": [ 7.0, 7.0, 7.5, 10.0 ] }
							}
						},
						{
							"name": "front fold 2",
							"from": [ 0.0, -1.2, 0.0 ],
							"to": [ 0.2, 1.8, 3.2 ],
							"uv": [ 5.5, 7.5 ],
							"rotationOrigin": [ 0.2, -1.2, 0.0 ],
							"rotationZ": 55.0,
							"faces": {
								"north": { "texture": "#shoes-hunter-L", "uv": [ 5.5, 10.5, 6.0, 13.5 ] },
								"east": { "texture": "#shoes-hunter-L", "uv": [ 6.0, 10.5, 9.0, 13.5 ] },
								"south": { "texture": "#shoes-hunter-L", "uv": [ 9.0, 10.5, 9.5, 13.5 ] },
								"west": { "texture": "#shoes-hunter-L", "uv": [ 9.5, 10.5, 12.5, 13.5 ] },
								"up": { "texture": "#shoes-hunter-L", "uv": [ 5.5, 7.5, 8.5, 8.0 ], "rotation": 90 },
								"down": { "texture": "#shoes-hunter-L", "uv": [ 8.5, 7.5, 9.0, 10.5 ] }
							}
						},
						{
							"name": "front fold 15",
							"from": [ 0.0, 0.0, 0.0 ],
							"to": [ 0.0, 2.5, 3.2 ],
							"autoUnwrap": false,
							"uv": [ 4.0, 7.0 ],
							"rotationOrigin": [ 0.2, 0.0, 0.0 ],
							"rotationZ": 8.0,
							"faces": {
								"west": { "texture": "#shoes-hunter-L", "uv": [ 11.0, 7.0, 14.0, 9.5 ] }
							}
						},
						{
							"name": "S fold 16",
							"from": [ 0.0, 0.0, 3.1 ],
							"to": [ 3.2, 2.5, 3.1 ],
							"uv": [ 7.0, 7.0 ],
							"rotationOrigin": [ 0.0, 0.0, 3.1 ],
							"rotationX": 8.0,
							"faces": {
								"south": { "texture": "#shoes-hunter-L", "uv": [ 7.0, 7.0, 10.0, 9.5 ] }
							}
						},
						{
							"name": "back fold 17",
							"from": [ 3.1, 0.0, 0.0 ],
							"to": [ 3.1, 2.5, 3.2 ],
							"uv": [ 4.0, 7.0 ],
							"rotationOrigin": [ 3.1, 0.0, 0.0 ],
							"rotationZ": -8.0,
							"faces": {
								"east": { "texture": "#shoes-hunter-L", "uv": [ 4.0, 7.0, 7.0, 9.5 ] }
							}
						},
						{
							"name": "N fold 18",
							"from": [ 0.0, 0.0, 0.1 ],
							"to": [ 3.2, 2.5, 0.1 ],
							"uv": [ 0.0, 7.0 ],
							"rotationOrigin": [ 0.0, 0.0, 0.3 ],
							"rotationX": -8.0,
							"faces": {
								"north": { "texture": "#shoes-hunter-L", "uv": [ 0.0, 7.0, 3.0, 9.5 ] }
							}
						}
					]
				},
				{
					"name": "showshoeL",
					"from": [ 0.0, 6.5, 0.0 ],
					"to": [ 3.2, 9.0, 3.2 ],
					"unwrapMode": 4,
					"autoUnwrap": false,
					"uv": [ 0.0, 7.0 ],
					"rotationOrigin": [ 0.0, 6.5, 0.0 ],
					"faces": {
						"north": { "texture": "#shoes-hunter-L", "uv": [ 0.0, 7.0, 3.0, 9.5 ] },
						"east": { "texture": "#shoes-hunter-L", "uv": [ 4.0, 7.0, 7.0, 9.5 ] },
						"south": { "texture": "#shoes-hunter-L", "uv": [ 7.0, 7.0, 10.0, 9.5 ] },
						"west": { "texture": "#shoes-hunter-L", "uv": [ 11.0, 7.0, 14.0, 9.5 ] }
					}
				}
			]
		}
	],
	"animations": [
	]
}