{
	"editor": {
		"backDropShape": "C:/Users/Cal/Desktop/Kobold Player Redux/seraph-faceless",
		"collapsedPaths": "Root/shoeL/front16,Root/shoeL/LacesR1,Root/shoeL/LacesL1",
		"allAngles": true,
		"entityTextureMode": true
	},
	"textureWidth": 16,
	"textureHeight": 20,
	"textureSizes": {
		"shoes": [16,20]
	},
	"textures": {
		"shoes": "entity/humanoid/seraphclothes/foot/king"
	},
	"elements": [
		{
			"name": "shoeR",
			"stepParentName": "PawR",
			"from": [ -0.1, -0.1, -0.1 ],
			"to": [ 3.1, 3.9, 3.1 ],
			"unwrapMode": 4,
			"autoUnwrap": false,
			"uv": [ 1.0, 11.5 ],
			"rotationOrigin": [ -0.1, -0.1, -0.1 ],
			"faces": {
				"north": { "texture": "#shoes", "uv": [ 1.0, 16.0, 4.0, 20.0 ], "windMode": [-1,-1,-1,-1] },
				"east": { "texture": "#shoes", "uv": [ 12.0, 16.0, 15.0, 20.0 ] },
				"south": { "texture": "#shoes", "uv": [ 8.0, 16.0, 11.0, 20.0 ] },
				"west": { "texture": "#shoes", "uv": [ 5.0, 16.0, 8.0, 20.0 ] },
				"up": { "texture": "#shoes", "uv": [ 13.0, 0.0, 16.0, 3.0 ], "rotation": 90 },
				"down": { "texture": "#shoes", "uv": [ 0.0, 4.0, 3.0, 7.0 ], "rotation": 90 }
			},
			"children": [
				{
					"name": "hideshoeR",
					"from": [ 0.0, 4.0, 0.0 ],
					"to": [ 1.0, 5.0, 1.0 ],
					"uv": [ 3.0, 1.5 ],
					"rotationOrigin": [ 0.0, 4.0, 0.0 ],
					"faces": {
					},
					"children": [
						{
							"name": "LlipELower2",
							"from": [ 3.0, 0.0, 0.0 ],
							"to": [ 3.2, 1.0, 3.2 ],
							"unwrapMode": 2,
							"autoUnwrap": false,
							"uv": [ 11.5, 14.5 ],
							"rotationOrigin": [ 3.0, 0.0, 0.0 ],
							"rotationZ": -8.0,
							"faces": {
								"north": { "texture": "#shoes", "uv": [ 15.0, 15.0, 15.5, 16.0 ] },
								"east": { "texture": "#shoes", "uv": [ 12.0, 15.0, 15.0, 16.0 ] },
								"south": { "texture": "#shoes", "uv": [ 11.5, 15.0, 12.0, 16.0 ] },
								"west": { "texture": "#shoes", "uv": [ 4.5, 3.0, 7.5, 4.0 ] },
								"up": { "texture": "#shoes", "uv": [ 12.0, 14.5, 15.0, 15.0 ], "rotation": 270 }
							}
						},
						{
							"name": "LlipSLower2",
							"from": [ 0.0, -0.01, 3.0 ],
							"to": [ 3.2, 0.99, 3.2 ],
							"unwrapMode": 3,
							"autoUnwrap": false,
							"uv": [ 7.5, 14.5 ],
							"rotationOrigin": [ 0.0, 0.0, 3.0 ],
							"rotationX": 8.0,
							"faces": {
								"north": { "texture": "#shoes", "uv": [ 4.5, 2.0, 7.5, 3.0 ] },
								"east": { "texture": "#shoes", "uv": [ 12.0, 15.0, 12.5, 16.0 ] },
								"south": { "texture": "#shoes", "uv": [ 8.0, 15.0, 11.0, 16.0 ] },
								"west": { "texture": "#shoes", "uv": [ 7.5, 15.0, 8.0, 16.0 ] },
								"up": { "texture": "#shoes", "uv": [ 8.0, 14.5, 11.0, 15.0 ] }
							}
						},
						{
							"name": "LLipNLower2",
							"from": [ 0.0, 0.0, 0.0 ],
							"to": [ 3.2, 1.0, 0.2 ],
							"unwrapMode": 1,
							"autoUnwrap": false,
							"uv": [ 0.5, 14.5 ],
							"rotationOrigin": [ 0.0, 0.0, 0.2 ],
							"rotationX": -8.0,
							"faces": {
								"north": { "texture": "#shoes", "uv": [ 1.0, 15.0, 4.0, 16.0 ] },
								"east": { "texture": "#shoes", "uv": [ 0.5, 15.0, 1.0, 16.0 ] },
								"south": { "texture": "#shoes", "uv": [ 4.5, 0.0, 7.5, 1.0 ] },
								"west": { "texture": "#shoes", "uv": [ 5.0, 15.0, 5.5, 16.0 ] },
								"up": { "texture": "#shoes", "uv": [ 1.0, 14.5, 4.0, 15.0 ], "rotation": 180 }
							}
						},
						{
							"name": "RLlipWLower",
							"from": [ 0.0, 0.0, 0.0 ],
							"to": [ 0.2, 1.0, 3.2 ],
							"unwrapMode": 4,
							"autoUnwrap": false,
							"uv": [ 4.5, 14.5 ],
							"rotationOrigin": [ 0.2, 0.0, 0.0 ],
							"rotationZ": 8.0,
							"faces": {
								"north": { "texture": "#shoes", "uv": [ 4.5, 15.0, 5.0, 16.0 ] },
								"east": { "texture": "#shoes", "uv": [ 4.5, 1.0, 7.5, 2.0 ] },
								"south": { "texture": "#shoes", "uv": [ 8.0, 15.0, 8.5, 16.0 ] },
								"west": { "texture": "#shoes", "uv": [ 5.0, 15.0, 8.0, 16.0 ] },
								"up": { "texture": "#shoes", "uv": [ 5.0, 14.5, 8.0, 15.0 ], "rotation": 90 }
							}
						}
					]
				},
				{
					"name": "showshoeR",
					"from": [ 0.0, 4.0, 0.0 ],
					"to": [ 3.2, 5.0, 3.2 ],
					"unwrapMode": 4,
					"uv": [ 1.0, 15.0 ],
					"rotationOrigin": [ 0.0, 4.0, 0.0 ],
					"faces": {
						"north": { "texture": "#shoes", "uv": [ 1.0, 15.0, 5.0, 16.0 ] },
						"east": { "texture": "#shoes", "uv": [ 12.0, 15.0, 15.0, 16.0 ] },
						"south": { "texture": "#shoes", "uv": [ 8.0, 15.0, 12.0, 16.0 ] },
						"west": { "texture": "#shoes", "uv": [ 5.0, 15.0, 8.0, 16.0 ] }
					}
				}
			]
		},
		{
			"name": "shoeL",
			"stepParentName": "PawL",
			"from": [ -0.1, -0.1, -0.1 ],
			"to": [ 3.1, 3.9, 3.1 ],
			"unwrapMode": 4,
			"autoUnwrap": false,
			"uv": [ 1.0, 7.0 ],
			"rotationOrigin": [ -0.1, -0.1, -0.1 ],
			"faces": {
				"north": { "texture": "#shoes", "uv": [ 1.0, 10.0, 4.0, 14.0 ] },
				"east": { "texture": "#shoes", "uv": [ 12.0, 10.0, 15.0, 14.0 ] },
				"south": { "texture": "#shoes", "uv": [ 8.0, 10.0, 11.0, 14.0 ] },
				"west": { "texture": "#shoes", "uv": [ 5.0, 10.0, 8.0, 14.0 ] },
				"up": { "texture": "#shoes", "uv": [ 10.0, 0.0, 13.0, 3.0 ], "rotation": 90 },
				"down": { "texture": "#shoes", "uv": [ 4.0, 4.0, 7.0, 7.0 ], "rotation": 90 }
			},
			"children": [
				{
					"name": "hideshoeL",
					"from": [ 0.0, 4.0, 0.0 ],
					"to": [ 1.0, 5.0, 1.0 ],
					"uv": [ 3.0, 1.5 ],
					"rotationOrigin": [ 0.0, 4.0, 0.0 ],
					"faces": {
					},
					"children": [
						{
							"name": "LlipELower",
							"from": [ 3.0, 0.0, 0.0 ],
							"to": [ 3.2, 1.0, 3.2 ],
							"unwrapMode": 2,
							"autoUnwrap": false,
							"uv": [ 11.5, 8.5 ],
							"rotationOrigin": [ 3.0, 0.0, 0.0 ],
							"rotationZ": -8.0,
							"faces": {
								"north": { "texture": "#shoes", "uv": [ 15.0, 9.0, 15.5, 10.0 ] },
								"east": { "texture": "#shoes", "uv": [ 12.0, 9.0, 15.0, 10.0 ] },
								"south": { "texture": "#shoes", "uv": [ 11.5, 9.0, 12.0, 10.0 ] },
								"west": { "texture": "#shoes", "uv": [ 0.0, 3.0, 3.0, 4.0 ] },
								"up": { "texture": "#shoes", "uv": [ 12.0, 8.5, 15.0, 9.0 ], "rotation": 270 }
							}
						},
						{
							"name": "LlipSLower",
							"from": [ 0.0, -0.01, 3.0 ],
							"to": [ 3.2, 0.99, 3.2 ],
							"unwrapMode": 3,
							"autoUnwrap": false,
							"uv": [ 7.5, 8.5 ],
							"rotationOrigin": [ 0.0, 0.0, 3.0 ],
							"rotationX": 8.0,
							"faces": {
								"north": { "texture": "#shoes", "uv": [ 0.0, 2.0, 3.0, 3.0 ] },
								"east": { "texture": "#shoes", "uv": [ 12.0, 9.0, 12.5, 10.0 ] },
								"south": { "texture": "#shoes", "uv": [ 8.0, 9.0, 11.0, 10.0 ] },
								"west": { "texture": "#shoes", "uv": [ 7.5, 9.0, 8.0, 10.0 ] },
								"up": { "texture": "#shoes", "uv": [ 8.0, 8.5, 11.0, 9.0 ], "windMode": [-1,-1,-1,-1] }
							}
						},
						{
							"name": "LLipNLower",
							"from": [ 0.0, 0.0, 0.0 ],
							"to": [ 3.2, 1.0, 0.2 ],
							"unwrapMode": 1,
							"autoUnwrap": false,
							"uv": [ 0.5, 8.5 ],
							"rotationOrigin": [ 0.0, 0.0, 0.2 ],
							"rotationX": -8.0,
							"faces": {
								"north": { "texture": "#shoes", "uv": [ 1.0, 9.0, 4.0, 10.0 ] },
								"east": { "texture": "#shoes", "uv": [ 0.5, 9.0, 1.0, 10.0 ] },
								"south": { "texture": "#shoes", "uv": [ 0.0, 0.0, 3.0, 1.0 ], "windMode": [-1,-1,-1,-1] },
								"west": { "texture": "#shoes", "uv": [ 5.0, 9.0, 5.5, 10.0 ] },
								"up": { "texture": "#shoes", "uv": [ 1.0, 8.5, 4.0, 9.0 ], "rotation": 180, "windMode": [-1,-1,-1,-1] }
							}
						},
						{
							"name": "LlipWLower",
							"from": [ 0.0, 0.0, 0.0 ],
							"to": [ 0.2, 1.0, 3.2 ],
							"unwrapMode": 4,
							"autoUnwrap": false,
							"uv": [ 4.5, 8.5 ],
							"rotationOrigin": [ 0.2, 0.0, 0.0 ],
							"rotationZ": 8.0,
							"faces": {
								"north": { "texture": "#shoes", "uv": [ 4.5, 9.0, 5.0, 10.0 ] },
								"east": { "texture": "#shoes", "uv": [ 0.0, 1.0, 3.0, 2.0 ] },
								"south": { "texture": "#shoes", "uv": [ 8.0, 9.0, 8.5, 10.0 ] },
								"west": { "texture": "#shoes", "uv": [ 5.0, 9.0, 8.0, 10.0 ] },
								"up": { "texture": "#shoes", "uv": [ 5.0, 8.5, 8.0, 9.0 ], "rotation": 90, "windMode": [-1,-1,-1,-1] }
							}
						}
					]
				},
				{
					"name": "showshoeL",
					"from": [ 0.0, 4.0, 0.0 ],
					"to": [ 3.2, 5.0, 3.2 ],
					"uv": [ 1.0, 9.0 ],
					"rotationOrigin": [ 0.0, 4.0, 0.0 ],
					"faces": {
						"north": { "texture": "#shoes", "uv": [ 1.0, 9.0, 4.0, 10.0 ] },
						"east": { "texture": "#shoes", "uv": [ 4.0, 9.0, 7.0, 10.0 ] },
						"south": { "texture": "#shoes", "uv": [ 7.0, 9.0, 10.0, 10.0 ] },
						"west": { "texture": "#shoes", "uv": [ 10.0, 9.0, 13.0, 10.0 ] }
					}
				}
			]
		}
	],
	"animations": [
	]
}