{
	"editor": {
		"backDropShape": "C:/Users/Cal/Desktop/Kobold Player Redux/seraph-faceless",
		"collapsedPaths": "Root/shoeL/front16,Root/shoeL/LacesR1,Root/shoeL/LacesL1",
		"allAngles": true,
		"entityTextureMode": false
	},
	"textureWidth": 16,
	"textureHeight": 16,
	"textureSizes": {
		"shoes": [16,16]
	},
	"textures": {
		"shoes": "entity/humanoid/seraphclothes/foot/prisoner-binds"
	},
	"elements": [
		{
			"name": "shoeR",
			"stepParentName": "PawR",
			"from": [ -0.1, 1.0, -0.1 ],
			"to": [ 3.1, 3.0, 3.1 ],
			"rotationOrigin": [ -0.1, 1.0, -0.1 ],
			"faces": {
				"north": { "texture": "#shoes", "uv": [ 3.0, 13.0, 6.0, 15.0 ] },
				"east": { "texture": "#shoes", "uv": [ 0.0, 13.0, 3.0, 15.0 ] },
				"south": { "texture": "#shoes", "uv": [ 10.0, 13.0, 13.0, 15.0 ] },
				"west": { "texture": "#shoes", "uv": [ 7.0, 13.0, 10.0, 15.0 ] },
				"up": { "texture": "#shoes", "uv": [ 4.0, 4.0, 7.0, 7.0 ], "rotation": 90 },
				"down": { "texture": "#shoes", "uv": [ 0.0, 4.0, 3.0, 7.0 ], "rotation": 90 }
			},
			"children": [
				{
					"name": "ringletL5",
					"from": [ 1.2311, -0.6367, -0.4547 ],
					"to": [ 1.6311, 0.8633, 0.0453 ],
					"rotationOrigin": [ 1.4311, -0.6367, -0.4546 ],
					"rotationX": -1.994,
					"rotationY": -0.453,
					"rotationZ": -0.008,
					"faces": {
						"north": { "texture": "#shoes", "uv": [ 10.5, 2.0, 11.0, 3.5 ] },
						"east": { "texture": "#shoes", "uv": [ 12.5, 2.0, 13.0, 3.5 ] },
						"south": { "texture": "#shoes", "uv": [ 11.5, 1.5, 12.0, 3.0 ] },
						"west": { "texture": "#shoes", "uv": [ 6.0, 9.5, 6.5, 11.0 ] },
						"up": { "texture": "#shoes", "uv": [ 3.0, 2.0, 3.5, 2.5 ], "rotation": 90 },
						"down": { "texture": "#shoes", "uv": [ 6.5, 2.5, 7.0, 3.0 ] }
					},
					"children": [
						{
							"name": "ringletL6",
							"from": [ 0.9, 0.0, 0.0 ],
							"to": [ 1.3, 1.5, 0.5 ],
							"rotationOrigin": [ 1.1, 0.0, 0.0 ],
							"faces": {
								"north": { "texture": "#shoes", "uv": [ 14.5, 1.0, 15.0, 2.5 ] },
								"east": { "texture": "#shoes", "uv": [ 8.0, 0.5, 8.5, 2.0 ] },
								"south": { "texture": "#shoes", "uv": [ 9.0, 1.5, 9.5, 3.0 ] },
								"west": { "texture": "#shoes", "uv": [ 4.5, 1.5, 5.0, 3.0 ] },
								"up": { "texture": "#shoes", "uv": [ 8.0, 2.0, 8.5, 2.5 ], "rotation": 90 },
								"down": { "texture": "#shoes", "uv": [ 7.0, 1.5, 7.5, 2.0 ] }
							}
						},
						{
							"name": "ringletL7",
							"from": [ 0.4, 0.0, 0.0 ],
							"to": [ 0.9, 0.4, 0.5 ],
							"rotationOrigin": [ 0.6, 0.0, 0.0 ],
							"faces": {
								"north": { "texture": "#shoes", "uv": [ 8.5, 1.0, 9.0, 1.5 ] },
								"south": { "texture": "#shoes", "uv": [ 10.5, 2.0, 11.0, 2.5 ] },
								"up": { "texture": "#shoes", "uv": [ 8.0, 2.0, 8.5, 2.5 ], "rotation": 90 },
								"down": { "texture": "#shoes", "uv": [ 8.5, 2.0, 9.0, 2.5 ] }
							}
						},
						{
							"name": "ringletL8",
							"from": [ -0.4, 1.0, 0.1 ],
							"to": [ 1.7, 1.4, 0.5 ],
							"rotationOrigin": [ -0.2, 1.0, 0.1 ],
							"faces": {
								"north": { "texture": "#shoes", "uv": [ 8.5, 1.0, 10.5, 1.5 ] },
								"east": { "texture": "#shoes", "uv": [ 10.5, 1.5, 11.0, 2.0 ] },
								"south": { "texture": "#shoes", "uv": [ 9.5, 2.5, 11.5, 3.0 ] },
								"west": { "texture": "#shoes", "uv": [ 7.5, 3.0, 8.0, 3.5 ] },
								"up": { "texture": "#shoes", "uv": [ 9.5, 1.0, 10.0, 3.0 ], "rotation": 90 },
								"down": { "texture": "#shoes", "uv": [ 7.0, 2.5, 9.0, 3.0 ] }
							}
						}
					]
				},
				{
					"name": "LinerR",
					"from": [ 0.5, 0.0, 0.5 ],
					"to": [ 2.7, 2.0, 2.7 ],
					"rotationOrigin": [ 0.5, 0.0, 0.5 ],
					"faces": {
						"north": { "texture": "#shoes", "uv": [ 4.0, 1.5, 6.0, 3.5 ] },
						"east": { "texture": "#shoes", "uv": [ 12.0, 1.0, 14.0, 3.0 ] },
						"south": { "texture": "#shoes", "uv": [ 8.0, 0.0, 10.0, 2.0 ] },
						"west": { "texture": "#shoes", "uv": [ 4.0, 1.5, 6.0, 3.5 ] }
					}
				}
			]
		},
		{
			"name": "shoeL",
			"stepParentName": "PawL",
			"from": [ -0.1, 1.0, -0.1 ],
			"to": [ 3.1, 3.0, 3.1 ],
			"rotationOrigin": [ -0.1, 1.0, -0.1 ],
			"faces": {
				"north": { "texture": "#shoes", "uv": [ 0.0, 9.0, 3.0, 11.0 ] },
				"east": { "texture": "#shoes", "uv": [ 11.0, 9.0, 14.0, 11.0 ] },
				"south": { "texture": "#shoes", "uv": [ 7.0, 9.0, 10.0, 11.0 ] },
				"west": { "texture": "#shoes", "uv": [ 4.0, 9.0, 7.0, 11.0 ] },
				"up": { "texture": "#shoes", "uv": [ 0.0, 4.0, 3.0, 7.0 ], "rotation": 90 },
				"down": { "texture": "#shoes", "uv": [ 4.0, 4.0, 7.0, 7.0 ], "rotation": 90 }
			},
			"children": [
				{
					"name": "ringletL1",
					"from": [ 1.2, -0.5, 3.2 ],
					"to": [ 1.6, 1.0, 3.7 ],
					"rotationOrigin": [ 1.4, -0.5, 3.2 ],
					"faces": {
						"north": { "texture": "#shoes", "uv": [ 3.5, 9.0, 4.0, 10.5 ] },
						"east": { "texture": "#shoes", "uv": [ 7.5, 1.0, 8.0, 2.5 ] },
						"south": { "texture": "#shoes", "uv": [ 7.0, 9.0, 7.5, 10.5 ] },
						"west": { "texture": "#shoes", "uv": [ 4.0, 9.0, 4.5, 10.5 ] },
						"up": { "texture": "#shoes", "uv": [ 4.0, 9.0, 4.5, 9.5 ], "rotation": 90 },
						"down": { "texture": "#shoes", "uv": [ 0.0, 0.0, 0.5, 0.5 ] }
					},
					"children": [
						{
							"name": "ringletL2",
							"from": [ 0.9, 0.0, 0.0 ],
							"to": [ 1.3, 1.5, 0.5 ],
							"rotationOrigin": [ 1.1, 0.0, 0.0 ],
							"faces": {
								"north": { "texture": "#shoes", "uv": [ 8.0, 2.0, 8.5, 3.5 ] },
								"east": { "texture": "#shoes", "uv": [ 9.5, 1.0, 10.0, 2.5 ] },
								"south": { "texture": "#shoes", "uv": [ 13.5, 1.5, 14.0, 3.0 ] },
								"west": { "texture": "#shoes", "uv": [ 2.0, 1.5, 2.5, 3.0 ] },
								"up": { "texture": "#shoes", "uv": [ 6.0, 1.5, 6.5, 2.0 ], "rotation": 90 },
								"down": { "texture": "#shoes", "uv": [ 5.5, 1.0, 6.0, 1.5 ] }
							}
						},
						{
							"name": "ringletL3",
							"from": [ 0.4, 0.0, 0.0 ],
							"to": [ 0.9, 0.4, 0.5 ],
							"rotationOrigin": [ 0.6, 0.0, 0.0 ],
							"faces": {
								"north": { "texture": "#shoes", "uv": [ 8.5, 1.0, 9.0, 1.5 ] },
								"south": { "texture": "#shoes", "uv": [ 10.5, 2.0, 11.0, 2.5 ] },
								"up": { "texture": "#shoes", "uv": [ 8.0, 2.0, 8.5, 2.5 ], "rotation": 90 },
								"down": { "texture": "#shoes", "uv": [ 8.5, 2.0, 9.0, 2.5 ] }
							}
						},
						{
							"name": "ringletL4",
							"from": [ -0.4, 1.0, 0.0 ],
							"to": [ 1.7, 1.4, 0.4 ],
							"rotationOrigin": [ -0.2, 1.0, 0.0 ],
							"faces": {
								"north": { "texture": "#shoes", "uv": [ 9.0, 3.0, 11.0, 3.5 ] },
								"east": { "texture": "#shoes", "uv": [ 10.5, 1.5, 11.0, 2.0 ] },
								"south": { "texture": "#shoes", "uv": [ 8.5, 1.5, 10.5, 2.0 ] },
								"west": { "texture": "#shoes", "uv": [ 7.5, 3.0, 8.0, 3.5 ] },
								"up": { "texture": "#shoes", "uv": [ 6.5, 1.0, 7.0, 3.0 ], "rotation": 90 },
								"down": { "texture": "#shoes", "uv": [ 10.5, 1.0, 12.5, 1.5 ] }
							}
						}
					]
				},
				{
					"name": "LinerL",
					"from": [ 0.5, 0.0, 0.5 ],
					"to": [ 2.7, 2.0, 2.7 ],
					"rotationOrigin": [ 0.5, 0.0, 0.5 ],
					"faces": {
						"north": { "texture": "#shoes", "uv": [ 3.5, 1.5, 5.5, 3.5 ] },
						"east": { "texture": "#shoes", "uv": [ 5.5, 0.0, 7.5, 2.0 ] },
						"south": { "texture": "#shoes", "uv": [ 8.0, 1.5, 10.0, 3.5 ] },
						"west": { "texture": "#shoes", "uv": [ 2.5, 1.0, 4.5, 3.0 ] }
					}
				}
			]
		}
	],
	"animations": [
	]
}