{
	"editor": {
		"backDropShape": "C:/Users/Cal/Desktop/Kobold Player Redux/seraph-faceless",
		"allAngles": true,
		"entityTextureMode": true
	},
	"textureWidth": 24,
	"textureHeight": 4,
	"textureSizes": {
		"metal": [24,4],
		"rusty-iron3": [16,16]
	},
	"textures": {
		"rusty-iron3": "block/metal/tarnished/rusty-iron3"
	},
	"elements": [
		{
			"name": "WL",
			"stepParentName": "PawL",
			"from": [ -0.3, 2.26, -0.26 ],
			"to": [ 0.2, 3.76, 3.24 ],
			"uv": [ 6.5, 2.5 ],
			"rotationOrigin": [ -0.0031, 2.9631, 1.0361 ],
			"rotationX": -2.0052,
			"rotationY": 1.0782,
			"rotationZ": -2.066,
			"faces": {
				"north": { "texture": "#rusty-iron3", "uv": [ 6.5, 6.0, 7.0, 7.5 ] },
				"east": { "texture": "#rusty-iron3", "uv": [ 7.0, 6.0, 10.5, 7.5 ] },
				"south": { "texture": "#rusty-iron3", "uv": [ 10.5, 6.0, 11.0, 7.5 ] },
				"west": { "texture": "#rusty-iron3", "uv": [ 11.0, 6.0, 14.5, 7.5 ] },
				"up": { "texture": "#rusty-iron3", "uv": [ 6.5, 2.5, 7.0, 6.0 ] },
				"down": { "texture": "#rusty-iron3", "uv": [ 7.0, 2.5, 7.5, 6.0 ] }
			},
			"children": [
				{
					"name": "NL",
					"from": [ 0.0, 0.0, 0.0 ],
					"to": [ 3.5, 1.5, 0.5 ],
					"uv": [ 2.0, 0.0 ],
					"rotationOrigin": [ 1.0, 0.8, 0.0 ],
					"rotationX": -1.0,
					"rotationZ": -1.0,
					"faces": {
						"north": { "texture": "#rusty-iron3", "uv": [ 2.0, 0.5, 5.5, 2.0 ] },
						"east": { "texture": "#rusty-iron3", "uv": [ 5.5, 0.5, 6.0, 2.0 ] },
						"south": { "texture": "#rusty-iron3", "uv": [ 6.0, 0.5, 9.5, 2.0 ] },
						"west": { "texture": "#rusty-iron3", "uv": [ 9.5, 0.5, 10.0, 2.0 ] },
						"up": { "texture": "#rusty-iron3", "uv": [ 2.0, 0.0, 5.5, 0.5 ] },
						"down": { "texture": "#rusty-iron3", "uv": [ 5.5, 0.0, 9.0, 0.5 ] }
					}
				},
				{
					"name": "SL1",
					"from": [ 0.0, 0.0, 3.0 ],
					"to": [ 2.0, 1.5, 3.5 ],
					"uv": [ 6.0, 4.5 ],
					"rotationOrigin": [ 1.0, 0.8, 3.5 ],
					"rotationX": 1.0,
					"rotationZ": -1.0,
					"faces": {
						"north": { "texture": "#rusty-iron3", "uv": [ 6.0, 5.0, 8.0, 6.5 ] },
						"east": { "texture": "#rusty-iron3", "uv": [ 8.0, 5.0, 8.5, 6.5 ] },
						"south": { "texture": "#rusty-iron3", "uv": [ 8.5, 5.0, 10.5, 6.5 ] },
						"west": { "texture": "#rusty-iron3", "uv": [ 10.5, 5.0, 11.0, 6.5 ] },
						"up": { "texture": "#rusty-iron3", "uv": [ 6.0, 4.5, 8.0, 5.0 ] },
						"down": { "texture": "#rusty-iron3", "uv": [ 8.0, 4.5, 10.0, 5.0 ] }
					},
					"children": [
						{
							"name": "lockL1",
							"from": [ 1.5, 0.0, 0.5 ],
							"to": [ 2.0, 1.5, 1.5 ],
							"uv": [ 0.0, 5.5 ],
							"rotationOrigin": [ 1.8, 0.7, 0.5 ],
							"faces": {
								"east": { "texture": "#rusty-iron3", "uv": [ 0.0, 6.5, 1.0, 8.0 ] },
								"south": { "texture": "#rusty-iron3", "uv": [ 1.0, 6.5, 1.5, 8.0 ] },
								"west": { "texture": "#rusty-iron3", "uv": [ 1.5, 6.5, 2.5, 8.0 ] },
								"up": { "texture": "#rusty-iron3", "uv": [ 0.0, 5.5, 0.5, 6.5 ] },
								"down": { "texture": "#rusty-iron3", "uv": [ 0.5, 5.5, 1.0, 6.5 ] }
							}
						},
						{
							"name": "boltL",
							"from": [ 1.3, 0.5, 0.7 ],
							"to": [ 3.3, 0.9, 1.1 ],
							"uv": [ 0.0, 7.5 ],
							"rotationOrigin": [ 2.0, 0.7, 0.9 ],
							"rotationX": -45.0,
							"faces": {
								"north": { "texture": "#rusty-iron3", "uv": [ 0.0, 8.0, 2.0, 8.5 ] },
								"south": { "texture": "#rusty-iron3", "uv": [ 2.0, 8.0, 4.0, 8.5 ] },
								"up": { "texture": "#rusty-iron3", "uv": [ 0.0, 7.5, 2.0, 8.0 ] },
								"down": { "texture": "#rusty-iron3", "uv": [ 2.0, 7.5, 4.0, 8.0 ] }
							},
							"children": [
								{
									"name": "boltL1",
									"from": [ 2.0, -0.2, -0.2 ],
									"to": [ 2.5, 0.6, 0.6 ],
									"uv": [ 8.0, 5.5 ],
									"rotationOrigin": [ 2.0, 0.2, 0.2 ],
									"faces": {
										"north": { "texture": "#rusty-iron3", "uv": [ 8.0, 6.0, 8.5, 6.5 ] },
										"east": { "texture": "#rusty-iron3", "uv": [ 8.5, 6.0, 9.0, 6.5 ] },
										"south": { "texture": "#rusty-iron3", "uv": [ 9.0, 6.0, 9.5, 6.5 ] },
										"west": { "texture": "#rusty-iron3", "uv": [ 9.5, 6.0, 10.0, 6.5 ] },
										"up": { "texture": "#rusty-iron3", "uv": [ 8.0, 5.5, 8.5, 6.0 ] },
										"down": { "texture": "#rusty-iron3", "uv": [ 8.5, 5.5, 9.0, 6.0 ] }
									}
								},
								{
									"name": "boltL2",
									"from": [ -0.5, -0.2, -0.2 ],
									"to": [ 0.0, 0.6, 0.6 ],
									"uv": [ 9.0, 7.0 ],
									"rotationOrigin": [ 0.0, 0.2, 0.2 ],
									"faces": {
										"north": { "texture": "#rusty-iron3", "uv": [ 9.0, 7.5, 9.5, 8.0 ] },
										"east": { "texture": "#rusty-iron3", "uv": [ 9.5, 7.5, 10.0, 8.0 ] },
										"south": { "texture": "#rusty-iron3", "uv": [ 10.0, 7.5, 10.5, 8.0 ] },
										"west": { "texture": "#rusty-iron3", "uv": [ 10.5, 7.5, 11.0, 8.0 ] },
										"up": { "texture": "#rusty-iron3", "uv": [ 9.0, 7.0, 9.5, 7.5 ] },
										"down": { "texture": "#rusty-iron3", "uv": [ 9.5, 7.0, 10.0, 7.5 ] }
									}
								}
							]
						}
					]
				},
				{
					"name": "SL2",
					"from": [ 2.5, 0.0, 3.0 ],
					"to": [ 3.5, 1.5, 3.5 ],
					"uv": [ 1.0, 4.0 ],
					"rotationOrigin": [ 2.5, 0.8, 3.5 ],
					"rotationX": 1.0,
					"rotationZ": -1.0,
					"faces": {
						"north": { "texture": "#rusty-iron3", "uv": [ 1.0, 4.5, 2.0, 6.0 ] },
						"east": { "texture": "#rusty-iron3", "uv": [ 2.0, 4.5, 2.5, 6.0 ] },
						"south": { "texture": "#rusty-iron3", "uv": [ 2.5, 4.5, 3.5, 6.0 ] },
						"west": { "texture": "#rusty-iron3", "uv": [ 3.5, 4.5, 4.0, 6.0 ] },
						"up": { "texture": "#rusty-iron3", "uv": [ 1.0, 4.0, 2.0, 4.5 ] },
						"down": { "texture": "#rusty-iron3", "uv": [ 2.0, 4.0, 3.0, 4.5 ] }
					},
					"children": [
						{
							"name": "lockL2",
							"from": [ 0.0, 0.0, 0.5 ],
							"to": [ 0.5, 1.5, 1.5 ],
							"uv": [ 11.0, 2.0 ],
							"rotationOrigin": [ 0.0, 0.7, 0.5 ],
							"faces": {
								"east": { "texture": "#rusty-iron3", "uv": [ 11.0, 3.0, 12.0, 4.5 ] },
								"south": { "texture": "#rusty-iron3", "uv": [ 12.0, 3.0, 12.5, 4.5 ] },
								"west": { "texture": "#rusty-iron3", "uv": [ 12.5, 3.0, 13.5, 4.5 ] },
								"up": { "texture": "#rusty-iron3", "uv": [ 11.0, 2.0, 11.5, 3.0 ] },
								"down": { "texture": "#rusty-iron3", "uv": [ 11.5, 2.0, 12.0, 3.0 ] }
							}
						}
					]
				},
				{
					"name": "EL",
					"from": [ 3.0, 0.0, 0.0 ],
					"to": [ 3.5, 1.5, 3.5 ],
					"uv": [ 5.5, 3.5 ],
					"rotationOrigin": [ 3.1, 0.8, 1.4 ],
					"rotationZ": -1.0,
					"faces": {
						"north": { "texture": "#rusty-iron3", "uv": [ 5.5, 7.0, 6.0, 8.5 ] },
						"east": { "texture": "#rusty-iron3", "uv": [ 6.0, 7.0, 9.5, 8.5 ] },
						"south": { "texture": "#rusty-iron3", "uv": [ 9.5, 7.0, 10.0, 8.5 ] },
						"west": { "texture": "#rusty-iron3", "uv": [ 10.0, 7.0, 13.5, 8.5 ] },
						"up": { "texture": "#rusty-iron3", "uv": [ 5.5, 3.5, 6.0, 7.0 ] },
						"down": { "texture": "#rusty-iron3", "uv": [ 6.0, 3.5, 6.5, 7.0 ] }
					},
					"children": [
						{
							"name": "chainL1",
							"from": [ 0.5, 0.5, 1.5 ],
							"to": [ 1.5, 1.0, 2.0 ],
							"uv": [ 13.0, 14.0 ],
							"rotationOrigin": [ 0.5, 0.5, 1.5 ],
							"faces": {
								"north": { "texture": "#rusty-iron3", "uv": [ 13.0, 14.5, 14.0, 15.0 ] },
								"east": { "texture": "#rusty-iron3", "uv": [ 14.0, 14.5, 14.5, 15.0 ] },
								"south": { "texture": "#rusty-iron3", "uv": [ 14.5, 14.5, 15.5, 15.0 ] },
								"up": { "texture": "#rusty-iron3", "uv": [ 13.0, 14.0, 14.0, 14.5 ] },
								"down": { "texture": "#rusty-iron3", "uv": [ 14.0, 14.0, 15.0, 14.5 ] }
							},
							"children": [
								{
									"name": "chainL2",
									"from": [ 0.0, 0.0, -1.0 ],
									"to": [ 1.0, 0.5, -0.5 ],
									"uv": [ 7.5, 11.0 ],
									"rotationOrigin": [ 0.0, 0.0, -0.5 ],
									"faces": {
										"north": { "texture": "#rusty-iron3", "uv": [ 7.5, 11.5, 8.5, 12.0 ] },
										"east": { "texture": "#rusty-iron3", "uv": [ 8.5, 11.5, 9.0, 12.0 ] },
										"south": { "texture": "#rusty-iron3", "uv": [ 9.0, 11.5, 10.0, 12.0 ] },
										"up": { "texture": "#rusty-iron3", "uv": [ 7.5, 11.0, 8.5, 11.5 ] },
										"down": { "texture": "#rusty-iron3", "uv": [ 8.5, 11.0, 9.5, 11.5 ] }
									}
								},
								{
									"name": "chainL3",
									"from": [ 0.5, 0.0, -0.5 ],
									"to": [ 1.0, 0.5, 0.0 ],
									"uv": [ 8.0, 6.0 ],
									"rotationOrigin": [ 0.5, 0.0, -0.5 ],
									"faces": {
										"east": { "texture": "#rusty-iron3", "uv": [ 8.0, 6.5, 8.5, 7.0 ] },
										"west": { "texture": "#rusty-iron3", "uv": [ 8.5, 6.5, 9.0, 7.0 ] },
										"up": { "texture": "#rusty-iron3", "uv": [ 8.0, 6.0, 8.5, 6.5 ] },
										"down": { "texture": "#rusty-iron3", "uv": [ 8.5, 6.0, 9.0, 6.5 ] }
									}
								}
							]
						}
					]
				}
			]
		},
		{
			"name": "WR",
			"stepParentName": "PawR",
			"from": [ -0.3, 2.22, -0.24 ],
			"to": [ 0.2, 3.72, 3.26 ],
			"uv": [ 1.5, 0.5 ],
			"rotationOrigin": [ -0.0046, 2.9217, 2.0587 ],
			"rotationX": 2.0052,
			"rotationY": -1.0782,
			"rotationZ": -2.066,
			"faces": {
				"north": { "texture": "#rusty-iron3", "uv": [ 1.5, 4.0, 2.0, 5.5 ] },
				"east": { "texture": "#rusty-iron3", "uv": [ 2.0, 4.0, 5.5, 5.5 ] },
				"south": { "texture": "#rusty-iron3", "uv": [ 5.5, 4.0, 6.0, 5.5 ] },
				"west": { "texture": "#rusty-iron3", "uv": [ 6.0, 4.0, 9.5, 5.5 ] },
				"up": { "texture": "#rusty-iron3", "uv": [ 1.5, 0.5, 2.0, 4.0 ] },
				"down": { "texture": "#rusty-iron3", "uv": [ 2.0, 0.5, 2.5, 4.0 ] }
			},
			"children": [
				{
					"name": "SR",
					"from": [ 0.0, 0.0, 3.0 ],
					"to": [ 3.5, 1.5, 3.5 ],
					"uv": [ 0.0, 4.5 ],
					"rotationOrigin": [ 1.0, 0.8, 3.0 ],
					"rotationX": 1.0,
					"rotationZ": -1.0,
					"faces": {
						"north": { "texture": "#rusty-iron3", "uv": [ 0.0, 5.0, 3.5, 6.5 ] },
						"east": { "texture": "#rusty-iron3", "uv": [ 3.5, 5.0, 4.0, 6.5 ] },
						"south": { "texture": "#rusty-iron3", "uv": [ 4.0, 5.0, 7.5, 6.5 ] },
						"west": { "texture": "#rusty-iron3", "uv": [ 7.5, 5.0, 8.0, 6.5 ] },
						"up": { "texture": "#rusty-iron3", "uv": [ 0.0, 4.5, 3.5, 5.0 ] },
						"down": { "texture": "#rusty-iron3", "uv": [ 3.5, 4.5, 7.0, 5.0 ] }
					}
				},
				{
					"name": "NR1",
					"from": [ 0.0, 0.0, 0.0 ],
					"to": [ 2.0, 1.5, 0.5 ],
					"uv": [ 4.0, 8.0 ],
					"rotationOrigin": [ 1.0, 0.8, 0.5 ],
					"rotationX": -1.0,
					"rotationZ": -1.0,
					"faces": {
						"north": { "texture": "#rusty-iron3", "uv": [ 4.0, 8.5, 6.0, 10.0 ] },
						"east": { "texture": "#rusty-iron3", "uv": [ 6.0, 8.5, 6.5, 10.0 ] },
						"south": { "texture": "#rusty-iron3", "uv": [ 6.5, 8.5, 8.5, 10.0 ] },
						"west": { "texture": "#rusty-iron3", "uv": [ 8.5, 8.5, 9.0, 10.0 ] },
						"up": { "texture": "#rusty-iron3", "uv": [ 4.0, 8.0, 6.0, 8.5 ] },
						"down": { "texture": "#rusty-iron3", "uv": [ 6.0, 8.0, 8.0, 8.5 ] }
					},
					"children": [
						{
							"name": "lockR1",
							"from": [ 1.5, 0.0, -1.0 ],
							"to": [ 2.0, 1.5, 0.0 ],
							"uv": [ 4.0, 11.0 ],
							"rotationOrigin": [ 1.8, 0.7, 0.0 ],
							"faces": {
								"north": { "texture": "#rusty-iron3", "uv": [ 4.0, 12.0, 4.5, 13.5 ], "windMode": [-1,-1,-1,-1] },
								"east": { "texture": "#rusty-iron3", "uv": [ 4.5, 12.0, 5.5, 13.5 ] },
								"west": { "texture": "#rusty-iron3", "uv": [ 5.5, 12.0, 6.5, 13.5 ] },
								"up": { "texture": "#rusty-iron3", "uv": [ 4.0, 11.0, 4.5, 12.0 ] },
								"down": { "texture": "#rusty-iron3", "uv": [ 4.5, 11.0, 5.0, 12.0 ] }
							}
						},
						{
							"name": "boltR1",
							"from": [ 1.3, 0.5, -0.7 ],
							"to": [ 3.3, 0.9, -0.3 ],
							"uv": [ 11.5, 12.5 ],
							"rotationOrigin": [ 2.0, 0.7, -0.5 ],
							"rotationX": -45.0,
							"faces": {
								"north": { "texture": "#rusty-iron3", "uv": [ 11.5, 13.0, 13.5, 13.5 ], "windMode": [-1,-1,-1,-1], "windData": [1,1,1,1] },
								"south": { "texture": "#rusty-iron3", "uv": [ 13.5, 13.0, 15.5, 13.5 ], "windMode": [-1,-1,-1,-1], "windData": [1,1,1,1] },
								"up": { "texture": "#rusty-iron3", "uv": [ 11.5, 12.5, 13.5, 13.0 ] },
								"down": { "texture": "#rusty-iron3", "uv": [ 13.5, 12.5, 15.5, 13.0 ] }
							},
							"children": [
								{
									"name": "boltR2",
									"from": [ 2.0, -0.2, -0.2 ],
									"to": [ 2.5, 0.6, 0.6 ],
									"uv": [ 8.0, 10.0 ],
									"rotationOrigin": [ 2.0, 0.2, 0.2 ],
									"faces": {
										"north": { "texture": "#rusty-iron3", "uv": [ 8.0, 10.5, 8.5, 11.0 ] },
										"east": { "texture": "#rusty-iron3", "uv": [ 8.5, 10.5, 9.0, 11.0 ] },
										"south": { "texture": "#rusty-iron3", "uv": [ 9.0, 10.5, 9.5, 11.0 ] },
										"west": { "texture": "#rusty-iron3", "uv": [ 9.5, 10.5, 10.0, 11.0 ] },
										"up": { "texture": "#rusty-iron3", "uv": [ 8.0, 10.0, 8.5, 10.5 ] },
										"down": { "texture": "#rusty-iron3", "uv": [ 8.5, 10.0, 9.0, 10.5 ] }
									}
								},
								{
									"name": "boltR3",
									"from": [ -0.5, -0.2, -0.2 ],
									"to": [ 0.0, 0.6, 0.6 ],
									"uv": [ 8.5, 11.0 ],
									"rotationOrigin": [ 0.0, 0.2, 0.2 ],
									"faces": {
										"north": { "texture": "#rusty-iron3", "uv": [ 8.5, 11.5, 9.0, 12.0 ] },
										"east": { "texture": "#rusty-iron3", "uv": [ 9.0, 11.5, 9.5, 12.0 ] },
										"south": { "texture": "#rusty-iron3", "uv": [ 9.5, 11.5, 10.0, 12.0 ] },
										"west": { "texture": "#rusty-iron3", "uv": [ 10.0, 11.5, 10.5, 12.0 ] },
										"up": { "texture": "#rusty-iron3", "uv": [ 8.5, 11.0, 9.0, 11.5 ] },
										"down": { "texture": "#rusty-iron3", "uv": [ 9.0, 11.0, 9.5, 11.5 ] }
									}
								}
							]
						}
					]
				},
				{
					"name": "NR2",
					"from": [ 2.5, 0.0, 0.0 ],
					"to": [ 3.5, 1.5, 0.5 ],
					"uv": [ 5.0, 13.5 ],
					"rotationOrigin": [ 2.5, 0.8, 0.5 ],
					"rotationX": -1.0,
					"rotationZ": -1.0,
					"faces": {
						"north": { "texture": "#rusty-iron3", "uv": [ 5.0, 14.0, 6.0, 15.5 ] },
						"east": { "texture": "#rusty-iron3", "uv": [ 6.0, 14.0, 6.5, 15.5 ] },
						"south": { "texture": "#rusty-iron3", "uv": [ 6.5, 14.0, 7.5, 15.5 ] },
						"west": { "texture": "#rusty-iron3", "uv": [ 7.5, 14.0, 8.0, 15.5 ] },
						"up": { "texture": "#rusty-iron3", "uv": [ 5.0, 13.5, 6.0, 14.0 ] },
						"down": { "texture": "#rusty-iron3", "uv": [ 6.0, 13.5, 7.0, 14.0 ] }
					},
					"children": [
						{
							"name": "lockR2",
							"from": [ 0.0, 0.0, -1.0 ],
							"to": [ 0.5, 1.5, 0.0 ],
							"uv": [ 12.0, 0.0 ],
							"rotationOrigin": [ 0.0, 0.7, 0.0 ],
							"faces": {
								"north": { "texture": "#rusty-iron3", "uv": [ 12.0, 1.0, 12.5, 2.5 ] },
								"east": { "texture": "#rusty-iron3", "uv": [ 12.5, 1.0, 13.5, 2.5 ] },
								"west": { "texture": "#rusty-iron3", "uv": [ 13.5, 1.0, 14.5, 2.5 ] },
								"up": { "texture": "#rusty-iron3", "uv": [ 12.0, 0.0, 12.5, 1.0 ] },
								"down": { "texture": "#rusty-iron3", "uv": [ 12.5, 0.0, 13.0, 1.0 ] }
							}
						}
					]
				},
				{
					"name": "ER",
					"from": [ 3.1, 0.0, 0.0 ],
					"to": [ 3.6, 1.5, 3.5 ],
					"uv": [ 6.0, 10.0 ],
					"rotationOrigin": [ 3.7, 0.8, 1.4 ],
					"rotationZ": -1.0,
					"faces": {
						"north": { "texture": "#rusty-iron3", "uv": [ 6.0, 13.5, 6.5, 15.0 ] },
						"east": { "texture": "#rusty-iron3", "uv": [ 6.5, 13.5, 10.0, 15.0 ] },
						"south": { "texture": "#rusty-iron3", "uv": [ 10.0, 13.5, 10.5, 15.0 ] },
						"west": { "texture": "#rusty-iron3", "uv": [ 10.5, 13.5, 14.0, 15.0 ] },
						"up": { "texture": "#rusty-iron3", "uv": [ 6.0, 10.0, 6.5, 13.5 ] },
						"down": { "texture": "#rusty-iron3", "uv": [ 6.5, 10.0, 7.0, 13.5 ] }
					},
					"children": [
						{
							"name": "chainR1",
							"from": [ 0.5, 0.5, 2.5 ],
							"to": [ 1.5, 1.0, 3.0 ],
							"uv": [ 11.5, 11.0 ],
							"rotationOrigin": [ 0.5, 0.5, 2.5 ],
							"faces": {
								"north": { "texture": "#rusty-iron3", "uv": [ 11.5, 11.5, 12.5, 12.0 ] },
								"east": { "texture": "#rusty-iron3", "uv": [ 12.5, 11.5, 13.0, 12.0 ] },
								"south": { "texture": "#rusty-iron3", "uv": [ 13.0, 11.5, 14.0, 12.0 ] },
								"up": { "texture": "#rusty-iron3", "uv": [ 11.5, 11.0, 12.5, 11.5 ] },
								"down": { "texture": "#rusty-iron3", "uv": [ 12.5, 11.0, 13.5, 11.5 ] }
							},
							"children": [
								{
									"name": "chainR2",
									"from": [ 0.0, 0.0, -1.0 ],
									"to": [ 1.0, 0.5, -0.5 ],
									"uv": [ 5.0, 8.5 ],
									"rotationOrigin": [ 0.0, 0.0, -0.5 ],
									"faces": {
										"north": { "texture": "#rusty-iron3", "uv": [ 5.0, 9.0, 6.0, 9.5 ] },
										"east": { "texture": "#rusty-iron3", "uv": [ 6.0, 9.0, 6.5, 9.5 ] },
										"south": { "texture": "#rusty-iron3", "uv": [ 6.5, 9.0, 7.5, 9.5 ] },
										"up": { "texture": "#rusty-iron3", "uv": [ 5.0, 8.5, 6.0, 9.0 ] },
										"down": { "texture": "#rusty-iron3", "uv": [ 6.0, 8.5, 7.0, 9.0 ] }
									}
								},
								{
									"name": "chainR3",
									"from": [ 0.5, 0.0, -0.5 ],
									"to": [ 1.0, 0.5, 0.0 ],
									"uv": [ 1.0, 8.0 ],
									"rotationOrigin": [ 0.5, 0.0, -0.5 ],
									"faces": {
										"east": { "texture": "#rusty-iron3", "uv": [ 1.0, 8.5, 1.5, 9.0 ] },
										"west": { "texture": "#rusty-iron3", "uv": [ 1.5, 8.5, 2.0, 9.0 ] },
										"up": { "texture": "#rusty-iron3", "uv": [ 1.0, 8.0, 1.5, 8.5 ] },
										"down": { "texture": "#rusty-iron3", "uv": [ 1.5, 8.0, 2.0, 8.5 ] }
									}
								}
							]
						}
					]
				}
			]
		}
	],
	"animations": [
	]
}