{
	"editor": {
		"backDropShape": "C:/Users/Cal/Desktop/Kobold Player Redux/seraph-faceless",
		"collapsedPaths": "Root/shoeL/front16,Root/shoeL/LacesR1,Root/shoeL/LacesL1",
		"allAngles": true,
		"entityTextureMode": true
	},
	"textureWidth": 32,
	"textureHeight": 24,
	"textureSizes": {
		"shoes": [32,24]
	},
	"textures": {
		"shoes": "entity/humanoid/seraphclothes/foot/tigh-high-boots"
	},
	"elements": [
		{
			"name": "shoeR",
			"stepParentName": "PawR",
			"from": [ -0.015, -0.1, -0.015 ],
			"to": [ 3.015, 7.1, 3.015 ],
			"unwrapMode": 4,
			"uv": [ 2.0, 7.5 ],
			"rotationOrigin": [ -0.1, -0.1, -0.1 ],
			"faces": {
				"north": { "texture": "#shoes", "uv": [ 2.0, 10.5, 5.0, 17.5 ] },
				"east": { "texture": "#shoes", "uv": [ 11.0, 10.5, 14.0, 17.5 ] },
				"south": { "texture": "#shoes", "uv": [ 8.0, 10.5, 11.0, 17.5 ] },
				"west": { "texture": "#shoes", "uv": [ 5.0, 10.5, 8.0, 17.5 ] },
				"up": { "texture": "#shoes", "uv": [ 5.0, 7.5, 8.0, 10.5 ], "rotation": 90 },
				"down": { "texture": "#shoes", "uv": [ 5.0, 17.5, 8.0, 20.5 ], "rotation": 90 }
			}
		},
		{
			"name": "shoeL",
			"stepParentName": "PawL",
			"from": [ -0.015, -0.1, -0.015 ],
			"to": [ 3.015, 7.1, 3.015 ],
			"unwrapMode": 4,
			"uv": [ 16.0, 7.5 ],
			"rotationOrigin": [ -0.1, -0.1, -0.1 ],
			"faces": {
				"north": { "texture": "#shoes", "uv": [ 16.0, 10.5, 19.0, 17.5 ] },
				"east": { "texture": "#shoes", "uv": [ 25.0, 10.5, 28.0, 17.5 ] },
				"south": { "texture": "#shoes", "uv": [ 22.0, 10.5, 25.0, 17.5 ] },
				"west": { "texture": "#shoes", "uv": [ 19.0, 10.5, 22.0, 17.5 ] },
				"up": { "texture": "#shoes", "uv": [ 19.0, 7.5, 22.0, 10.5 ], "rotation": 90 },
				"down": { "texture": "#shoes", "uv": [ 19.0, 17.5, 22.0, 20.5 ], "rotation": 90, "windMode": [-1,-1,-1,-1] }
			}
		},
		{
			"name": "UpperFootRight",
			"stepParentName": "LowerFootR",
			"from": [ -0.015, -0.1, -0.12 ],
			"to": [ 3.42, 4.4, 3.115 ],
			"unwrapMode": 4,
			"uv": [ 2.0, 1.5 ],
			"rotationOrigin": [ -0.1, -0.1, -0.2 ],
			"faces": {
				"north": { "texture": "#shoes", "uv": [ 2.0, 1.5, 5.0, 6.0 ] },
				"east": { "texture": "#shoes", "uv": [ 11.0, 1.5, 14.0, 6.0 ] },
				"south": { "texture": "#shoes", "uv": [ 8.0, 1.5, 11.0, 6.0 ] },
				"west": { "texture": "#shoes", "uv": [ 5.0, 1.5, 8.0, 6.0 ] },
				"down": { "texture": "#shoes", "uv": [ 5.0, 6.0, 8.0, 9.0 ], "rotation": 90 }
			},
			"children": [
				{
					"name": "LLinerN2",
					"from": [ -0.004, 0.0, 0.0 ],
					"to": [ 3.436, 4.5, 0.2 ],
					"unwrapMode": 3,
					"uv": [ 16.0, 11.0 ],
					"rotationOrigin": [ -0.004, 0.0, 0.0 ],
					"faces": {
						"south": { "texture": "#shoes", "uv": [ 16.0, 11.5, 19.0, 16.0 ] },
						"up": { "texture": "#shoes", "uv": [ 16.0, 11.0, 19.0, 11.5 ] }
					},
					"children": [
						{
							"name": "LLinerW2",
							"from": [ 0.0, 0.0, 0.2 ],
							"to": [ 0.2, 4.5, 3.2 ],
							"unwrapMode": 2,
							"uv": [ 16.0, 11.0 ],
							"rotationOrigin": [ 0.0, 0.0, 0.2 ],
							"faces": {
								"east": { "texture": "#shoes", "uv": [ 16.0, 11.5, 19.0, 16.0 ] },
								"up": { "texture": "#shoes", "uv": [ 16.0, 11.0, 19.0, 11.5 ], "rotation": 270 }
							}
						},
						{
							"name": "LLinerS2",
							"from": [ 0.0, 0.0, 3.04 ],
							"to": [ 3.44, 4.5, 3.24 ],
							"unwrapMode": 1,
							"uv": [ 16.0, 10.0 ],
							"rotationOrigin": [ 0.0, 0.0, 3.0 ],
							"faces": {
								"north": { "texture": "#shoes", "uv": [ 16.0, 10.5, 19.0, 15.0 ] },
								"up": { "texture": "#shoes", "uv": [ 16.0, 10.0, 19.0, 10.5 ], "rotation": 180 }
							}
						},
						{
							"name": "LLinerE2",
							"from": [ 3.24, 0.0, 0.2 ],
							"to": [ 3.44, 4.5, 3.2 ],
							"unwrapMode": 4,
							"uv": [ 16.0, 11.0 ],
							"rotationOrigin": [ 3.2, 0.0, 0.2 ],
							"faces": {
								"west": { "texture": "#shoes", "uv": [ 16.0, 11.5, 19.0, 16.0 ] },
								"up": { "texture": "#shoes", "uv": [ 16.0, 11.0, 19.0, 11.5 ], "rotation": 90 }
							}
						}
					]
				}
			]
		},
		{
			"name": "UpperFootLeft",
			"stepParentName": "LowerFootL",
			"from": [ -0.015, -0.2, -0.015 ],
			"to": [ 3.42, 4.3, 3.22 ],
			"unwrapMode": 4,
			"uv": [ 16.0, 1.5 ],
			"rotationOrigin": [ -0.1, -0.2, -0.1 ],
			"faces": {
				"north": { "texture": "#shoes", "uv": [ 16.0, 1.5, 19.0, 6.0 ] },
				"east": { "texture": "#shoes", "uv": [ 25.0, 1.5, 28.0, 6.0 ] },
				"south": { "texture": "#shoes", "uv": [ 22.0, 1.5, 25.0, 6.0 ] },
				"west": { "texture": "#shoes", "uv": [ 19.0, 1.5, 22.0, 6.0 ] },
				"down": { "texture": "#shoes", "uv": [ 19.0, 6.0, 22.0, 9.0 ], "rotation": 90 }
			},
			"children": [
				{
					"name": "LLinerN",
					"from": [ 0.0, 0.0, 0.0 ],
					"to": [ 3.55, 4.5, 0.2 ],
					"unwrapMode": 3,
					"uv": [ 16.0, 11.0 ],
					"faces": {
						"south": { "texture": "#shoes", "uv": [ 16.0, 11.5, 19.5, 16.0 ], "windMode": [-1,-1,-1,-1] },
						"up": { "texture": "#shoes", "uv": [ 16.0, 11.0, 19.5, 11.5 ] }
					},
					"children": [
						{
							"name": "LLinerW",
							"from": [ 0.0, -0.001, 0.2 ],
							"to": [ 0.2, 4.499, 3.2 ],
							"unwrapMode": 2,
							"uv": [ 16.0, 11.0 ],
							"rotationOrigin": [ 0.0, 0.0, 0.2 ],
							"faces": {
								"east": { "texture": "#shoes", "uv": [ 16.0, 11.5, 19.0, 16.0 ], "windMode": [-1,-1,-1,-1] },
								"up": { "texture": "#shoes", "uv": [ 16.0, 11.0, 19.0, 11.5 ], "rotation": 270 }
							}
						},
						{
							"name": "LLinerS",
							"from": [ 0.0, 0.0, 3.04 ],
							"to": [ 3.55, 4.5, 3.24 ],
							"unwrapMode": 1,
							"uv": [ 16.0, 10.0 ],
							"rotationOrigin": [ 0.0, 0.0, 3.1 ],
							"faces": {
								"north": { "texture": "#shoes", "uv": [ 16.0, 10.5, 19.5, 15.0 ] },
								"up": { "texture": "#shoes", "uv": [ 16.0, 10.0, 19.5, 10.5 ], "rotation": 180 }
							}
						},
						{
							"name": "LLinerE",
							"from": [ 3.35, 0.0, 0.2 ],
							"to": [ 3.55, 4.5, 3.2 ],
							"unwrapMode": 4,
							"uv": [ 16.0, 11.0 ],
							"rotationOrigin": [ 3.3, 0.0, 0.2 ],
							"faces": {
								"west": { "texture": "#shoes", "uv": [ 16.0, 11.5, 19.0, 16.0 ], "windMode": [-1,-1,-1,-1] },
								"up": { "texture": "#shoes", "uv": [ 16.0, 11.0, 19.0, 11.5 ], "rotation": 90 }
							}
						}
					]
				}
			]
		}
	],
	"animations": [
	]
}