{
	"editor": {
		"backDropShape": "C:/Users/Cal/Desktop/Kobold Player Redux/seraph-faceless",
		"collapsedPaths": "Root/shoeR/front 1,Root/shoeL/front16,Root/shoeL/LacesR1,Root/shoeL/LacesL1",
		"allAngles": true,
		"entityTextureMode": true
	},
	"textureWidth": 16,
	"textureHeight": 16,
	"textureSizes": {
		"shoes": [16,16]
	},
	"textures": {
		"shoes": "entity/humanoid/seraphclothes/foot/worn-leather-boots"
	},
	"elements": [
		{
			"name": "shoeR",
			"stepParentName": "PawR",
			"from": [ -0.1, -0.1, -0.1 ],
			"to": [ 3.1, 1.9, 3.1 ],
			"autoUnwrap": false,
			"uv": [ 0.0, 0.5 ],
			"rotationOrigin": [ -0.1, -0.1, -0.1 ],
			"faces": {
				"north": { "texture": "#shoes", "uv": [ 3.0, 14.0, 6.0, 16.0 ] },
				"east": { "texture": "#shoes", "uv": [ 0.0, 14.0, 3.0, 16.0 ] },
				"south": { "texture": "#shoes", "uv": [ 10.0, 14.0, 13.0, 16.0 ] },
				"west": { "texture": "#shoes", "uv": [ 7.0, 14.0, 10.0, 16.0 ] },
				"up": { "texture": "#shoes", "uv": [ 8.5, 0.5, 11.5, 3.5 ] },
				"down": { "texture": "#shoes", "uv": [ 0.0, 4.0, 3.0, 7.0 ], "rotation": 90 }
			},
			"children": [
				{
					"name": "hideshoeR",
					"from": [ 0.0, 2.0, 0.0 ],
					"to": [ 1.0, 3.0, 1.0 ],
					"uv": [ 0.0, 0.0 ],
					"rotationOrigin": [ 0.0, 2.0, 0.0 ],
					"faces": {
					},
					"children": [
						{
							"name": "N fold 20",
							"from": [ 0.0, -0.5, 0.0 ],
							"to": [ 3.2, 1.5, 0.2 ],
							"uv": [ 0.0, 0.0 ],
							"rotationOrigin": [ 0.0, -0.5, 0.2 ],
							"rotationX": -8.0,
							"faces": {
								"north": { "texture": "#shoes", "uv": [ 0.0, 0.5, 3.0, 2.5 ] },
								"east": { "texture": "#shoes", "uv": [ 3.0, 0.5, 3.5, 2.5 ] },
								"south": { "texture": "#shoes", "uv": [ 3.5, 0.5, 6.5, 2.5 ] },
								"west": { "texture": "#shoes", "uv": [ 6.5, 0.5, 7.0, 2.5 ] },
								"up": { "texture": "#shoes", "uv": [ 0.0, 0.0, 3.0, 0.5 ] }
							}
						},
						{
							"name": "back fold R1",
							"from": [ 3.0, 0.0, 0.0 ],
							"to": [ 3.2, 0.5, 3.2 ],
							"uv": [ 0.0, 1.5 ],
							"rotationOrigin": [ 3.0, 0.0, 0.0 ],
							"rotationZ": -7.0,
							"faces": {
								"north": { "texture": "#shoes", "uv": [ 0.0, 2.0, 0.5, 2.5 ] },
								"east": { "texture": "#shoes", "uv": [ 0.5, 2.0, 3.5, 2.5 ] },
								"south": { "texture": "#shoes", "uv": [ 3.5, 2.0, 4.0, 2.5 ] },
								"west": { "texture": "#shoes", "uv": [ 4.0, 2.0, 7.0, 2.5 ] },
								"up": { "texture": "#shoes", "uv": [ 0.0, 1.5, 3.0, 2.0 ], "rotation": 270 }
							},
							"children": [
								{
									"name": "back fold R2",
									"from": [ -0.1, 1.0, -0.15 ],
									"to": [ 0.2, 1.5, 3.35 ],
									"uv": [ 0.0, 12.5 ],
									"rotationOrigin": [ -0.1, 1.0, -0.15 ],
									"faces": {
										"north": { "texture": "#shoes", "uv": [ 2.5, 13.5, 3.0, 14.0 ] },
										"east": { "texture": "#shoes", "uv": [ 0.0, 12.5, 3.5, 13.0 ] },
										"south": { "texture": "#shoes", "uv": [ 0.0, 13.5, 0.5, 14.0 ] },
										"west": { "texture": "#shoes", "uv": [ 0.0, 12.5, 3.5, 13.0 ] },
										"up": { "texture": "#shoes", "uv": [ 0.0, 12.5, 3.5, 13.0 ], "rotation": 270 },
										"down": { "texture": "#shoes", "uv": [ 0.0, 12.5, 3.5, 13.0 ], "rotation": 90, "windMode": [-1,-1,-1,-1] }
									}
								}
							]
						},
						{
							"name": "front R1",
							"from": [ 0.0, 0.0, 0.0 ],
							"to": [ 0.2, 1.5, 0.5 ],
							"uv": [ 7.0, 1.0 ],
							"rotationOrigin": [ 0.2, 0.0, 0.0 ],
							"rotationZ": 10.0,
							"faces": {
								"north": { "texture": "#shoes", "uv": [ 7.0, 12.5, 7.5, 14.0 ] },
								"east": { "texture": "#shoes", "uv": [ 8.5, 1.0, 9.0, 2.5 ] },
								"south": { "texture": "#shoes", "uv": [ 7.0, 12.5, 7.5, 14.0 ] },
								"west": { "texture": "#shoes", "uv": [ 7.0, 12.5, 7.5, 14.0 ] },
								"up": { "texture": "#shoes", "uv": [ 7.0, 12.5, 7.5, 13.0 ], "rotation": 90 }
							},
							"children": [
								{
									"name": "front R2",
									"from": [ 0.0, 0.0, 0.5 ],
									"to": [ 0.2, 0.5, 1.0 ],
									"uv": [ 7.5, 1.0 ],
									"rotationOrigin": [ 0.2, 0.0, 0.5 ],
									"faces": {
										"north": { "texture": "#shoes", "uv": [ 7.5, 13.5, 8.0, 14.0 ] },
										"east": { "texture": "#shoes", "uv": [ 8.5, 1.0, 9.0, 1.5 ] },
										"south": { "texture": "#shoes", "uv": [ 7.5, 13.5, 8.0, 14.0 ] },
										"west": { "texture": "#shoes", "uv": [ 7.5, 13.5, 8.0, 14.0 ] },
										"up": { "texture": "#shoes", "uv": [ 7.5, 13.5, 8.0, 14.0 ], "rotation": 90 }
									}
								},
								{
									"name": "front R3",
									"from": [ 0.0, 0.0, 2.2 ],
									"to": [ 0.2, 0.5, 2.7 ],
									"uv": [ 8.5, 1.0 ],
									"rotationOrigin": [ 0.2, 0.0, 2.2 ],
									"faces": {
										"north": { "texture": "#shoes", "uv": [ 9.0, 13.5, 9.5, 14.0 ] },
										"east": { "texture": "#shoes", "uv": [ 8.5, 1.0, 9.0, 1.5 ] },
										"south": { "texture": "#shoes", "uv": [ 9.0, 13.5, 9.5, 14.0 ] },
										"west": { "texture": "#shoes", "uv": [ 9.0, 13.5, 9.5, 14.0 ] },
										"up": { "texture": "#shoes", "uv": [ 9.0, 13.5, 9.5, 14.0 ], "rotation": 90 }
									}
								},
								{
									"name": "front R4",
									"from": [ 0.0, 0.0, 2.7 ],
									"to": [ 0.2, 1.5, 3.2 ],
									"uv": [ 9.5, 1.0 ],
									"rotationOrigin": [ 0.2, 0.0, 2.7 ],
									"faces": {
										"north": { "texture": "#shoes", "uv": [ 9.5, 12.5, 10.0, 14.0 ] },
										"east": { "texture": "#shoes", "uv": [ 11.0, 1.0, 11.5, 2.5 ] },
										"south": { "texture": "#shoes", "uv": [ 9.5, 12.5, 10.0, 14.0 ] },
										"west": { "texture": "#shoes", "uv": [ 9.5, 12.5, 10.0, 14.0 ] },
										"up": { "texture": "#shoes", "uv": [ 9.5, 12.5, 10.0, 13.0 ], "rotation": 90 }
									}
								}
							]
						},
						{
							"name": "S fold 18",
							"from": [ 0.0, -0.0049, 3.0696 ],
							"to": [ 3.2, 1.4951, 3.2696 ],
							"uv": [ 4.0, 1.0 ],
							"rotationOrigin": [ 0.0, -0.0049, 3.0696 ],
							"rotationX": 8.0,
							"faces": {
								"north": { "texture": "#shoes", "uv": [ 4.0, 1.0, 8.0, 2.5 ] },
								"east": { "texture": "#shoes", "uv": [ 13.5, 12.5, 14.0, 14.0 ], "windMode": [-1,-1,-1,-1] },
								"south": { "texture": "#shoes", "uv": [ 10.0, 12.5, 14.0, 14.0 ] },
								"west": { "texture": "#shoes", "uv": [ 9.5, 12.5, 10.0, 14.0 ], "windMode": [-1,-1,-1,-1] },
								"up": { "texture": "#shoes", "uv": [ 10.0, 12.5, 14.0, 13.0 ] }
							}
						}
					]
				},
				{
					"name": "showshoeR",
					"from": [ 0.0, 2.0, 0.0 ],
					"to": [ 3.2, 3.5, 3.2 ],
					"unwrapMode": 1,
					"uv": [ 0.0, 12.5 ],
					"rotationOrigin": [ 0.0, 2.0, 0.0 ],
					"faces": {
						"north": { "texture": "#shoes", "uv": [ 3.0, 12.5, 6.0, 14.0 ] },
						"east": { "texture": "#shoes", "uv": [ 0.0, 12.5, 3.0, 14.0 ] },
						"south": { "texture": "#shoes", "uv": [ 9.0, 12.5, 12.0, 14.0 ] },
						"west": { "texture": "#shoes", "uv": [ 6.0, 12.5, 9.0, 14.0 ] }
					}
				}
			]
		},
		{
			"name": "shoeL",
			"stepParentName": "PawL",
			"from": [ -0.1, -0.1, -0.1 ],
			"to": [ 3.1, 1.9, 3.1 ],
			"autoUnwrap": false,
			"uv": [ 0.0, 0.5 ],
			"rotationOrigin": [ -0.1, -0.1, -0.1 ],
			"faces": {
				"north": { "texture": "#shoes", "uv": [ 0.0, 10.0, 3.0, 12.0 ] },
				"east": { "texture": "#shoes", "uv": [ 11.0, 10.0, 14.0, 12.0 ] },
				"south": { "texture": "#shoes", "uv": [ 7.0, 10.0, 10.0, 12.0 ] },
				"west": { "texture": "#shoes", "uv": [ 4.0, 10.0, 7.0, 12.0 ] },
				"up": { "texture": "#shoes", "uv": [ 2.5, 0.5, 5.5, 3.5 ] },
				"down": { "texture": "#shoes", "uv": [ 4.0, 4.0, 7.0, 7.0 ], "rotation": 90 }
			},
			"children": [
				{
					"name": "hideshoeL",
					"from": [ 0.0, 2.0, 0.0 ],
					"to": [ 1.0, 3.0, 1.0 ],
					"uv": [ 0.0, 0.0 ],
					"rotationOrigin": [ 0.0, 2.0, 0.0 ],
					"faces": {
					},
					"children": [
						{
							"name": "N fold 23",
							"from": [ 0.0, 0.0, 0.0 ],
							"to": [ 3.2, 1.5, 0.2 ],
							"uv": [ 0.0, 0.0 ],
							"rotationOrigin": [ 0.0, 0.0, 0.2 ],
							"rotationX": -8.0,
							"faces": {
								"north": { "texture": "#shoes", "uv": [ 0.0, 0.5, 3.0, 2.0 ] },
								"east": { "texture": "#shoes", "uv": [ 3.0, 0.5, 3.5, 2.0 ] },
								"south": { "texture": "#shoes", "uv": [ 3.5, 0.5, 6.5, 2.0 ] },
								"west": { "texture": "#shoes", "uv": [ 6.5, 0.5, 7.0, 2.0 ] },
								"up": { "texture": "#shoes", "uv": [ 0.0, 0.0, 3.0, 0.5 ] }
							}
						},
						{
							"name": "S fold 24",
							"from": [ 0.0, 0.0, 3.0 ],
							"to": [ 3.2, 1.5, 3.2 ],
							"uv": [ 0.0, 0.0 ],
							"rotationOrigin": [ 0.0, 0.0, 3.0 ],
							"rotationX": 8.0,
							"faces": {
								"north": { "texture": "#shoes", "uv": [ 0.0, 0.5, 3.0, 2.0 ] },
								"east": { "texture": "#shoes", "uv": [ 3.0, 0.5, 3.5, 2.0 ] },
								"south": { "texture": "#shoes", "uv": [ 3.5, 0.5, 6.5, 2.0 ] },
								"west": { "texture": "#shoes", "uv": [ 6.5, 0.5, 7.0, 2.0 ] },
								"up": { "texture": "#shoes", "uv": [ 0.0, 0.0, 3.0, 0.5 ] }
							}
						},
						{
							"name": "back fold L1",
							"from": [ 3.0, 0.0, 0.0 ],
							"to": [ 3.2, 0.5, 3.2 ],
							"uv": [ 0.0, 0.0 ],
							"rotationOrigin": [ 3.0, 0.0, 0.0 ],
							"rotationZ": -7.0,
							"faces": {
								"north": { "texture": "#shoes", "uv": [ 0.0, 0.5, 0.5, 1.0 ] },
								"east": { "texture": "#shoes", "uv": [ 0.5, 0.5, 3.5, 1.0 ] },
								"south": { "texture": "#shoes", "uv": [ 3.5, 0.5, 4.0, 1.0 ] },
								"west": { "texture": "#shoes", "uv": [ 4.0, 0.5, 7.0, 1.0 ] },
								"up": { "texture": "#shoes", "uv": [ 0.0, 0.0, 3.0, 0.5 ], "rotation": 270 }
							},
							"children": [
								{
									"name": "back fold L2",
									"from": [ -0.1, 1.0, 0.0 ],
									"to": [ 0.2, 1.5, 3.2 ],
									"uv": [ 3.0, 2.0 ],
									"rotationOrigin": [ -0.1, 1.0, 0.0 ],
									"faces": {
										"north": { "texture": "#shoes", "uv": [ 13.5, 8.5, 14.0, 9.0 ] },
										"east": { "texture": "#shoes", "uv": [ 11.0, 8.5, 14.0, 9.0 ] },
										"south": { "texture": "#shoes", "uv": [ 11.0, 8.5, 11.5, 9.0 ] },
										"west": { "texture": "#shoes", "uv": [ 3.0, 2.0, 6.0, 2.5 ] },
										"up": { "texture": "#shoes", "uv": [ 11.0, 8.5, 14.0, 9.0 ], "rotation": 270 }
									}
								}
							]
						},
						{
							"name": "front fold 26",
							"from": [ 0.0, 0.0, 0.0 ],
							"to": [ 0.2, 1.5, 0.5 ],
							"uv": [ 4.0, 1.0 ],
							"rotationOrigin": [ 0.2, 0.0, 0.0 ],
							"rotationZ": 10.0,
							"faces": {
								"north": { "texture": "#shoes", "uv": [ 4.0, 8.5, 4.5, 10.0 ] },
								"east": { "texture": "#shoes", "uv": [ 7.5, 1.0, 8.0, 2.5 ] },
								"south": { "texture": "#shoes", "uv": [ 4.0, 8.5, 4.5, 10.0 ] },
								"west": { "texture": "#shoes", "uv": [ 4.0, 8.5, 4.5, 10.0 ] },
								"up": { "texture": "#shoes", "uv": [ 4.0, 8.5, 4.5, 9.0 ], "rotation": 90 }
							},
							"children": [
								{
									"name": "front fold 27",
									"from": [ 0.0, 0.0, 0.5 ],
									"to": [ 0.2, 0.5, 1.1 ],
									"uv": [ 4.5, 1.0 ],
									"rotationOrigin": [ 0.2, 0.0, 0.5 ],
									"faces": {
										"north": { "texture": "#shoes", "uv": [ 4.5, 9.5, 5.0, 10.0 ] },
										"east": { "texture": "#shoes", "uv": [ 7.5, 1.0, 8.0, 1.5 ] },
										"south": { "texture": "#shoes", "uv": [ 4.5, 9.5, 5.0, 10.0 ] },
										"west": { "texture": "#shoes", "uv": [ 4.5, 9.5, 5.0, 10.0 ] },
										"up": { "texture": "#shoes", "uv": [ 4.5, 9.5, 5.0, 10.0 ], "rotation": 90 }
									}
								},
								{
									"name": "front fold 28",
									"from": [ 0.0, 0.0, 2.1 ],
									"to": [ 0.2, 0.5, 2.7 ],
									"uv": [ 6.0, 1.0 ],
									"rotationOrigin": [ 0.2, 0.0, 2.1 ],
									"faces": {
										"north": { "texture": "#shoes", "uv": [ 6.0, 9.5, 6.5, 10.0 ] },
										"east": { "texture": "#shoes", "uv": [ 7.5, 1.0, 8.0, 1.5 ] },
										"south": { "texture": "#shoes", "uv": [ 6.0, 9.5, 6.5, 10.0 ] },
										"west": { "texture": "#shoes", "uv": [ 6.0, 9.5, 6.5, 10.0 ] },
										"up": { "texture": "#shoes", "uv": [ 6.0, 9.5, 6.5, 10.0 ], "rotation": 90 }
									}
								},
								{
									"name": "front fold 29",
									"from": [ 0.0, 0.0, 2.7 ],
									"to": [ 0.2, 1.5, 3.2 ],
									"uv": [ 6.5, 1.0 ],
									"rotationOrigin": [ 0.2, 0.0, 2.7 ],
									"faces": {
										"north": { "texture": "#shoes", "uv": [ 6.5, 8.5, 7.0, 10.0 ] },
										"east": { "texture": "#shoes", "uv": [ 7.5, 1.0, 8.0, 2.5 ] },
										"south": { "texture": "#shoes", "uv": [ 6.5, 8.5, 7.0, 10.0 ] },
										"west": { "texture": "#shoes", "uv": [ 6.5, 8.5, 7.0, 10.0 ] },
										"up": { "texture": "#shoes", "uv": [ 6.5, 8.5, 7.0, 9.0 ], "rotation": 90 }
									}
								}
							]
						}
					]
				},
				{
					"name": "showshoeL",
					"from": [ 0.0, 2.0, 0.0 ],
					"to": [ 3.2, 3.5, 3.2 ],
					"unwrapMode": 4,
					"uv": [ 0.0, 8.5 ],
					"rotationOrigin": [ 0.0, 2.0, 0.0 ],
					"faces": {
						"north": { "texture": "#shoes", "uv": [ 0.0, 8.5, 3.0, 10.0 ] },
						"east": { "texture": "#shoes", "uv": [ 9.0, 8.5, 12.0, 10.0 ] },
						"south": { "texture": "#shoes", "uv": [ 6.0, 8.5, 9.0, 10.0 ] },
						"west": { "texture": "#shoes", "uv": [ 3.0, 8.5, 6.0, 10.0 ] }
					}
				}
			]
		}
	],
	"animations": [
	]
}