{
	"code": "heavyweight",
	"class": "EntityAgent",
	"canClimbByType": {
		"*": true // Гориллы должны уметь лазить!
	},
	"variantgroups": [
		{
			"code": "type",
			"states": [ "mad", "infected", "alpha" ] // Добавим вариантов
		}
	],
	"collisionBoxSizeByType": {
		"*": {
			"x": 1.4,
			"y": 1.3
		},
		"*-alpha": {
			"x": 1.6,
			"y": 1.5
		}
	},
	"deadCollisionBoxSizeByType": {
		"*": {
			"x": 1.1,
			"y": 0.8
		}
	},
	"selectionBoxSizeByType": {
		"*": {
			"x": 1.6,
			"y": 2.0
		},
		"*-alpha": {
			"x": 1.8,
			"y": 2.3
		}
	},
	"deadSelectionBoxSizeByType": {
		"*": {
			"x": 1.3,
			"y": 1.2
		}
	},
	"knockbackResistanceByType": {
		"*": 0.8,
		"*-alpha": 0.95
	},
	"eyeHeight": 1.1,
	"swimmingEyeHeight": 1.3,
	"drops": [],
	"attributes": {
		"killedByInfoText": "deadcreature-mauled",
		"handbook": {
			"groupcode": "Heavyweight-{type}"
		},
		"basketCatchable": false,
		"trapChance": 0.0,
		"trapDestroyChance": 0.95
		// ... остальные transform настройки
	},
	"client": {
		"renderer": "Shape",
		"pitchStep": false,
		"shapeByType": {
			"*": { "base": "entity/gorilla_monster" }
		},
		"texturesByType": {
			"heavyweight-mad": {
				"skin": { "base": "entity/surface" }
			},
			"heavyweight-infected": {
				"skin": { "base": "entity/deerhorn" }
			},
			"heavyweight-alpha": {
				"skin": { "base": "entity/crouched" }
			}
		},
		"sizeByType": {
			"*-mad": 1.0,
			"*-infected": 1.1,
			"*-alpha": 1.25
		},
		"behaviors": [
			{ "code": "repulseagents" },
			{
				"code": "controlledphysics",
				"stepHeight": 1.5 // Гориллы высоко шагают
			},
			{
				"code": "floatupwhenstuck",
				"onlyWhenDead": true
			},
			{ "code": "interpolateposition" },
			{
				"code": "harvestable",
				"duration": 3
			}
		],
		"animations": [
			{
				"code": "hurt",
				"animation": "hurt",
				"animationSpeed": 1.8,
				"weight": 10,
				"blendMode": "AddAverage"
			},
			{
				"code": "die",
				"animation": "die",
				"animationSpeed": 0.9,
				"weight": 15,
				"blendMode": "Average",
				"triggeredBy": { "onControls": [ "dead" ] }
			},
			{
				"code": "idle",
				"animation": "idle",
				"blendMode": "Average",
				"triggeredBy": { "defaultAnim": true }
			},
			{
				"code": "walk",
				"animation": "walk",
				"blendMode": "Average",
				"animationSpeed": 0.9
			},
			{
				"code": "run",
				"animation": "run",
				"blendMode": "Average",
				"animationSpeed": 1.1
			},
			{
				"code": "attack",
				"animation": "attack",
				"blendMode": "Average",
				"animationSpeed": 1.1
			},
			{
				"code": "charge",
				"animation": "charge",
				"blendMode": "Average",
				"animationSpeed": 1.3
			}
		]
	},
	"server": {
		"behaviors": [
			{ "code": "repulseagents" },
			{
				"code": "controlledphysics",
				"stepHeight": 1.5
			},
			{
				"code": "health",
				"currenthealthByType": {
					"*-mad": 60,
					"*-infected": 80,
					"*-alpha": 120
				},
				"maxhealthByType": {
					"*-mad": 20,
					"*-infected": 35,
					"*-alpha": 50
				}
			},
			{
				"code": "deaddecay",
				"hoursToDecay": 6
			},
			{
				"code": "floatupwhenstuck",
				"onlyWhenDead": true
			},
			{
				"code": "despawn",
				"minPlayerDistance": 48,
				"minSeconds": 45
			},
			{
				"code": "emotionstates",
				"states": [
					{
						"code": "aggressive",
						"duration": 45,
						"chance": 1,
						"slot": 0,
						"priority": 3,
						"accumType": "max",
						"whenNotInEmotionState": "fleeing",
						"onEntitySighted": [ "player" ],
						"sightRange": 20,
						"forgetAfterMs": 30000
					},
					{
						"code": "enraged",
						"duration": 30,
						"chance": 0.5,
						"slot": 1,
						"priority": 4,
						"accumType": "max",
						"whenHealthRelBelow": 0.4,
						"onHurt": true
					},
					{
						"code": "alwaysaggressive",
						"duration": 999999,
						"chance": 1,
						"slot": 2,
						"priority": 5,
						"accumType": "max",
						"permanent": true
					}
				]
			},
			{
				"code": "taskai",
				"aiCreatureType": "LandCreature",
				"aitasks": [
					{
						"code": "meleeattack",
						"entityCodes": [ "player" ],
						"priority": 1.5,
						"minDist": 2,
						"minVerDist": 1.5,
						"slot": 1,
						"mincooldown": 1500,
						"maxcooldown": 1500,
						"attackDurationMs": 800,
						"damagePlayerAtMs": 500,
						"animation": "Attack",
						"animationSpeed": 1.3,
						"sound": "creature/bear/attack",

						"damageByType": {
							"*-mad": 8,
							"*-infected": 10,
							"*-alpha": 12
						},
						"damageTierByType": {
							"*-mad": 2,
							"*-infected": 3,
							"*-alpha": 4
						},
						"damageType": "BluntAttack"
					},
					{
						"code": "seekentity",
						"entityCodes": [ "player" ],
						"priority": 1.8,
						"movespeedByType": {
							"*-mad": 0.035,
							"*-infected": 0.04,
							"*-alpha": 0.045
						},
						"seekingRange": 20,
						"animation": "run",
						"animationSpeedByType": {
							"*-mad": 1.2,
							"*-infected": 1.25,
							"*-alpha": 1.3
						}
					},
					{
						"code": "wander",
						"priority": 1.0,
						"movespeedByType": {
							"*-mad": 0.010,
							"*-infected": 0.010,
							"*-alpha": 0.010
						},
						"animationSpeedByType": {
							"*-mad": 1,
							"*-infected": 1,
							"*-alpha": 1
						},
						"animation": "walk"
					},
					{
						"code": "getoutofwater",
						"priority": 1.4,
						"movespeed": 0.025,
						"animation": "walk",
						"animationSpeed": 1.2
					},
					{
						"code": "lookaround",
						"priority": 0.5,
						"turnSpeedMul": 0.3
					}
				]
			},
			{
				"code": "harvestable",
				"duration": 3,
				"fixedweight": true,
				"dropsByType": {
					"*": [
						{
							"type": "item",
							"code": "gear-temporal",
							"quantity": {
								"avg": 0.02666,
								"var": 0
							}
						},
						{
							"type": "item",
							"code": "flaxfibers",
							"quantity": {
								"avg": 0.2,
								"var": 0
							}
						},
						{
							"type": "item",
							"code": "gear-rusty",
							"dropModbyStat": "rustyGearDropRate",
							"quantity": {
								"avg": 0.01,
								"var": 0
							}
						}
					]
				}
			}
		]
	},
	"idleSoundRange": 16,
	"sounds": {
		"hurt": "game:creature/drifter-hurt",
		"death": "game:creature/drifter-death",
		"idle": "game:creature/drifter-idle"
	},
	"idleSoundChance": 0.15
}