[
	{
		"code": "basic-metal-gears",
		"enabled": true,
		"attributes": {
			"requires": "vinteng:vepressmold-gear-tinbronze",
			"requiresdurability": true,
			"requirestemp": -1
		},
		"powerpercraft": 250,
		"ingredients": [
			{ "type": "item", "code": "game:metalplate-*", "quantity": 1, "name": "metal", "allowedVariants": ["copper", "brass", "tinbronze", "gold"] }
		],
		"outputs": [
			{ "type": "item", "code": "vinteng:metalgear-{metal}", "stacksize": 1 },
			{ "type": "item", "code": "game:metalbit-{metal}", "stacksize": 4, "variable": 1 }
		]
	},
	{
		"code": "advanced-metal-gears",
		"enabled": true,
		"attributes": {
			"requires": "vinteng:vepressmold-gear-*",
			"requiresvariants": ["iron", "meteoriciron", "steel", "titanium"],
			"requiresdurability": true,
			"requirestemp": -1
		},
		"powerpercraft": 500,
		"ingredients": [
			{ "type": "item", "code": "game:metalplate-*", "quantity": 1, "name": "metal", "allowedVariants": ["copper", "brass", "tinbronze", "gold", "iron", "steel", "chromium", "electrum", "platinum", "titanium"] }
		],
		"outputs": [
			{ "type": "item", "code": "vinteng:metalgear-{metal}", "stacksize": 1 },
			{ "type": "item", "code": "game:metalbit-{metal}", "stacksize": 4, "variable": 1 }
		]
	}
]