[
	{
		"code": "basic-metal-plate",
		"enabled": true,
		"attributes": {
			"requires": "vinteng:vepressmold-plate-tinbronze",
			"requiresdurability": true,
			"requirestemp": -1
		},
		"powerpercraft": 250,
		"ingredients": [
			{ "type": "item", "code": "game:ingot-*", "quantity": 1, "name": "metal", "allowedVariants": ["copper", "brass", "tinbronze", "bismuthbronze", "blackbronze", "silver", "gold"] }
		],
		"outputs": [
			{ "type": "item", "code": "game:metalplate-{metal}", "stacksize": 1 }
		]
	},
	{
		"code": "advanced-metal-plate",
		"enabled": true,
		"attributes": {
			"requires": "vinteng:vepressmold-plate-*",
			"requiresvariants": ["iron", "meteoriciron", "steel", "titanium"],
			"requiresdurability": true,
			"requirestemp": -1
		},
		"powerpercraft": 500,
		"ingredients": [
			{ "type": "item", "code": "game:ingot-*", "quantity": 1, "name": "metal", "allowedVariants": ["copper", "brass", "tinbronze", "bismuthbronze", "blackbronze", "silver", "gold", "iron", "lead", "tin", "zinc", "bismuth", "chromium", "electrum", "platinum", "titanium", "molybdochalkos", "meteoriciron", "steel"] }
		],
		"outputs": [
			{ "type": "item", "code": "game:metalplate-{metal}", "stacksize": 1 }
		]
	}
]