{
	"editor": {
		"allAngles": false,
		"entityTextureMode": false
	},
	"textureWidth": 16,
	"textureHeight": 16,
	"textureSizes": {
	},
	"textures": {
		"bisonleg": "items/food/rawmeat"
	},
	"elements": [
		{
			"name": "Cube2",
			"from": [ 0.0, 0.0, 5.0 ],
			"to": [ 8.0, 6.0, 11.0 ],
			"rotationOrigin": [ 0.0, 3.0, 8.0 ],
			"faces": {
				"north": { "texture": "#bisonleg", "uv": [ 1.0, 0.25, 4.75, 4.75 ], "autoUv": false },
				"east": { "texture": "#bisonleg", "uv": [ 0.75, 0.25, 4.5, 4.75 ], "autoUv": false },
				"south": { "texture": "#bisonleg", "uv": [ 0.5, 0.0, 4.5, 5.0 ], "autoUv": false },
				"west": { "texture": "#bisonleg", "uv": [ 1.0, 0.25, 4.5, 5.0 ], "autoUv": false },
				"up": { "texture": "#bisonleg", "uv": [ 1.0, 0.25, 4.75, 4.75 ], "autoUv": false },
				"down": { "texture": "#bisonleg", "uv": [ 1.0, 0.25, 4.5, 5.0 ], "autoUv": false }
			},
			"children": [
				{
					"name": "Cube3",
					"from": [ 8.0, 0.5, 0.5 ],
					"to": [ 13.0, 5.5, 5.5 ],
					"rotationOrigin": [ 8.0, 3.0, 3.0 ],
					"faces": {
						"north": { "texture": "#bisonleg", "uv": [ 1.0, 0.25, 4.75, 4.25 ], "rotation": 90, "autoUv": false },
						"east": { "texture": "#bisonleg", "uv": [ 1.0, 0.25, 4.75, 4.0 ], "rotation": 90, "autoUv": false },
						"south": { "texture": "#bisonleg", "uv": [ 0.75, 0.25, 4.75, 4.75 ], "rotation": 90, "autoUv": false },
						"west": { "texture": "#bisonleg", "uv": [ 0.75, 0.25, 4.25, 4.75 ], "rotation": 90, "autoUv": false },
						"up": { "texture": "#bisonleg", "uv": [ 0.5, 0.25, 4.75, 4.75 ], "rotation": 90, "autoUv": false },
						"down": { "texture": "#bisonleg", "uv": [ 0.75, 0.25, 4.75, 4.5 ], "rotation": 90, "autoUv": false }
					},
					"children": [
						{
							"name": "Cube4",
							"from": [ 5.0, 1.5, 1.5 ],
							"to": [ 10.0, 3.5, 3.5 ],
							"rotationOrigin": [ 5.0, 2.0, 2.0 ],
							"faces": {
								"north": { "texture": "#bisonleg", "uv": [ 0.25, 13.5, 5.0, 15.5 ], "autoUv": false },
								"east": { "texture": "#bisonleg", "uv": [ 0.5, 13.5, 2.5, 15.5 ] },
								"south": { "texture": "#bisonleg", "uv": [ 0.25, 13.5, 5.0, 15.5 ], "autoUv": false },
								"west": { "texture": "#bisonleg", "uv": [ 0.25, 13.25, 2.25, 15.25 ] },
								"up": { "texture": "#bisonleg", "uv": [ 0.25, 13.5, 4.75, 15.75 ], "autoUv": false },
								"down": { "texture": "#bisonleg", "uv": [ 0.25, 13.25, 4.75, 15.25 ], "autoUv": false }
							},
							"children": [
								{
									"name": "Cube5",
									"from": [ 4.5, 1.0, -0.15 ],
									"to": [ 6.5, 3.0, 2.35 ],
									"rotationOrigin": [ 5.0, 2.0, 1.2 ],
									"rotationZ": 15.0,
									"faces": {
										"north": { "texture": "#bisonleg", "uv": [ 0.5, 13.0, 2.5, 15.0 ] },
										"east": { "texture": "#bisonleg", "uv": [ 0.5, 13.25, 3.0, 15.25 ] },
										"south": { "texture": "#bisonleg", "uv": [ 0.25, 13.25, 2.25, 15.25 ] },
										"west": { "texture": "#bisonleg", "uv": [ 0.25, 13.25, 2.75, 15.25 ] },
										"up": { "texture": "#bisonleg", "uv": [ 0.5, 13.25, 2.5, 15.75 ] },
										"down": { "texture": "#bisonleg", "uv": [ 0.5, 13.25, 2.5, 15.75 ] }
									}
								},
								{
									"name": "Cube6",
									"from": [ 4.5, -0.7, -0.2 ],
									"to": [ 6.8, 1.3, 2.2 ],
									"rotationOrigin": [ 4.5, 0.0, 1.0 ],
									"rotationZ": -10.0,
									"faces": {
										"north": { "texture": "#bisonleg", "uv": [ 0.5, 13.5, 2.75, 15.5 ] },
										"east": { "texture": "#bisonleg", "uv": [ 0.5, 13.25, 2.75, 15.25 ] },
										"south": { "texture": "#bisonleg", "uv": [ 0.25, 13.25, 2.5, 15.25 ] },
										"west": { "texture": "#bisonleg", "uv": [ 0.25, 13.5, 2.5, 15.5 ] },
										"up": { "texture": "#bisonleg", "uv": [ 0.5, 13.25, 2.75, 15.5 ] },
										"down": { "texture": "#bisonleg", "uv": [ 0.5, 13.5, 2.75, 15.75 ] }
									}
								}
							]
						},
						{
							"name": "Cube11",
							"from": [ 5.0, 3.55, 1.5 ],
							"to": [ 6.0, 3.55, 3.5 ],
							"rotationOrigin": [ 5.0, 3.0, 1.0 ],
							"faces": {
								"north": { "texture": "#bisonleg", "uv": [ 0.75, 5.75, 1.75, 6.0 ] },
								"east": { "texture": "#bisonleg", "uv": [ 0.25, 5.75, 2.25, 6.0 ] },
								"south": { "texture": "#bisonleg", "uv": [ 0.25, 5.75, 1.25, 6.0 ] },
								"west": { "texture": "#bisonleg", "uv": [ 1.0, 5.25, 3.0, 5.5 ] },
								"up": { "texture": "#bisonleg", "uv": [ 0.0, 5.25, 2.0, 6.25 ], "rotation": 90 },
								"down": { "texture": "#bisonleg", "uv": [ 0.0, 5.25, 2.0, 6.25 ], "rotation": 90 }
							}
						},
						{
							"name": "Cube14",
							"from": [ 5.0, 1.45, 1.5 ],
							"to": [ 6.0, 1.45, 3.5 ],
							"rotationOrigin": [ 5.0, 1.4, 1.0 ],
							"faces": {
								"north": { "texture": "#bisonleg", "uv": [ 0.75, 5.75, 1.75, 6.0 ] },
								"east": { "texture": "#bisonleg", "uv": [ 0.25, 5.75, 2.25, 6.0 ] },
								"south": { "texture": "#bisonleg", "uv": [ 0.25, 5.75, 1.25, 6.0 ] },
								"west": { "texture": "#bisonleg", "uv": [ 1.0, 5.25, 3.0, 5.5 ] },
								"up": { "texture": "#bisonleg", "uv": [ 0.0, 5.25, 2.0, 6.25 ], "rotation": 90 },
								"down": { "texture": "#bisonleg", "uv": [ 0.0, 5.25, 2.0, 6.25 ], "rotation": 90 }
							}
						},
						{
							"name": "Cube15",
							"from": [ 5.0, 1.54, 1.45 ],
							"to": [ 6.0, 3.54, 1.45 ],
							"rotationOrigin": [ 5.0, 3.0, 1.0 ],
							"faces": {
								"north": { "texture": "#bisonleg", "uv": [ 1.0, 5.0, 3.0, 6.0 ], "rotation": 90 },
								"east": { "texture": "#bisonleg", "uv": [ 1.0, 5.5, 3.0, 5.75 ], "rotation": 90 },
								"south": { "texture": "#bisonleg", "uv": [ 1.0, 5.25, 3.0, 6.25 ], "rotation": 90 },
								"west": { "texture": "#bisonleg", "uv": [ 1.5, 5.25, 3.5, 5.5 ], "rotation": 90 },
								"up": { "texture": "#bisonleg", "uv": [ 0.75, 5.5, 1.0, 6.5 ], "rotation": 90 },
								"down": { "texture": "#bisonleg", "uv": [ 0.25, 5.25, 0.5, 6.25 ], "rotation": 90 }
							}
						},
						{
							"name": "Cube16",
							"from": [ 5.0, 1.54, 3.55 ],
							"to": [ 6.0, 3.54, 3.55 ],
							"rotationOrigin": [ 5.0, 3.0, 3.5 ],
							"faces": {
								"north": { "texture": "#bisonleg", "uv": [ 1.0, 5.0, 3.0, 6.0 ], "rotation": 90 },
								"east": { "texture": "#bisonleg", "uv": [ 1.0, 5.5, 3.0, 5.75 ], "rotation": 90 },
								"south": { "texture": "#bisonleg", "uv": [ 1.0, 5.25, 3.0, 6.25 ], "rotation": 90 },
								"west": { "texture": "#bisonleg", "uv": [ 1.5, 5.25, 3.5, 5.5 ], "rotation": 90 },
								"up": { "texture": "#bisonleg", "uv": [ 0.75, 5.5, 1.0, 6.5 ], "rotation": 90 },
								"down": { "texture": "#bisonleg", "uv": [ 0.25, 5.25, 0.5, 6.25 ], "rotation": 90 }
							}
						}
					]
				},
				{
					"name": "Cube7",
					"from": [ -0.3, 0.0, 0.0 ],
					"to": [ 0.0, 6.0, 1.0 ],
					"rotationOrigin": [ 0.0, 3.0, 0.0 ],
					"faces": {
						"north": { "texture": "#bisonleg", "uv": [ 0.25, 0.25, 0.5, 4.5 ], "autoUv": false },
						"east": { "texture": "#bisonleg", "uv": [ 0.25, 0.25, 1.25, 4.25 ], "autoUv": false },
						"south": { "texture": "#bisonleg", "uv": [ 0.0, 0.25, 0.25, 4.25 ], "autoUv": false },
						"west": { "texture": "#bisonleg", "uv": [ 0.25, 0.25, 1.25, 4.75 ], "autoUv": false },
						"up": { "texture": "#bisonleg", "uv": [ 0.0, 0.25, 0.25, 1.25 ] },
						"down": { "texture": "#bisonleg", "uv": [ 0.25, 0.25, 0.5, 1.25 ] }
					}
				},
				{
					"name": "Cube8",
					"from": [ -0.3, 0.0, 5.0 ],
					"to": [ 0.0, 6.0, 6.0 ],
					"rotationOrigin": [ 0.0, 0.0, 5.0 ],
					"faces": {
						"north": { "texture": "#bisonleg", "uv": [ 0.0, 0.0, 0.25, 4.75 ], "autoUv": false },
						"east": { "texture": "#bisonleg", "uv": [ 0.0, 0.0, 1.0, 4.75 ], "autoUv": false },
						"south": { "texture": "#bisonleg", "uv": [ 0.0, 0.0, 0.25, 4.5 ], "autoUv": false },
						"west": { "texture": "#bisonleg", "uv": [ 0.0, 0.0, 1.0, 4.25 ], "autoUv": false },
						"up": { "texture": "#bisonleg", "uv": [ 0.0, 1.0, 0.25, 2.0 ] },
						"down": { "texture": "#bisonleg", "uv": [ 0.0, 0.0, 0.25, 1.0 ] }
					}
				},
				{
					"name": "Cube9",
					"from": [ -0.3, 0.0, 1.0 ],
					"to": [ 0.0, 1.0, 5.0 ],
					"rotationOrigin": [ 0.0, 0.0, 1.0 ],
					"faces": {
						"north": { "texture": "#bisonleg", "uv": [ 0.0, 0.0, 0.25, 1.0 ] },
						"east": { "texture": "#bisonleg", "uv": [ 0.0, 0.0, 1.0, 4.0 ], "rotation": 90 },
						"south": { "texture": "#bisonleg", "uv": [ 0.0, 0.0, 0.25, 1.0 ] },
						"west": { "texture": "#bisonleg", "uv": [ 0.0, 0.75, 1.0, 4.75 ], "rotation": 90 },
						"up": { "texture": "#bisonleg", "uv": [ 0.0, 0.0, 0.25, 4.0 ] },
						"down": { "texture": "#bisonleg", "uv": [ 0.0, 0.0, 0.25, 4.0 ] }
					}
				},
				{
					"name": "Cube10",
					"from": [ -0.3, 5.0, 1.0 ],
					"to": [ 0.0, 6.0, 5.0 ],
					"rotationOrigin": [ 0.0, 5.0, 1.0 ],
					"faces": {
						"north": { "texture": "#bisonleg", "uv": [ 0.0, 0.0, 0.25, 1.0 ] },
						"east": { "texture": "#bisonleg", "uv": [ 0.0, 0.0, 1.0, 4.0 ], "rotation": 90 },
						"south": { "texture": "#bisonleg", "uv": [ 0.0, 0.0, 0.25, 1.0 ] },
						"west": { "texture": "#bisonleg", "uv": [ 0.0, 0.0, 1.0, 4.0 ], "rotation": 90 },
						"up": { "texture": "#bisonleg", "uv": [ 0.0, 0.0, 0.25, 4.0 ] },
						"down": { "texture": "#bisonleg", "uv": [ 0.0, 0.0, 0.25, 4.0 ] }
					}
				},
				{
					"name": "haunchbone",
					"from": [ -0.5, 2.0, 2.0 ],
					"to": [ 0.0, 4.0, 4.0 ],
					"rotationOrigin": [ 0.0, 3.0, 3.0 ],
					"faces": {
						"north": { "texture": "#bisonleg", "uv": [ 0.75, 13.5, 1.25, 15.5 ] },
						"east": { "texture": "#bisonleg", "uv": [ 0.75, 13.5, 2.75, 15.5 ] },
						"south": { "texture": "#bisonleg", "uv": [ 0.5, 13.75, 1.0, 15.75 ] },
						"west": { "texture": "#bisonleg", "uv": [ 0.75, 13.5, 2.75, 15.5 ] },
						"up": { "texture": "#bisonleg", "uv": [ 1.0, 13.25, 1.5, 15.25 ] },
						"down": { "texture": "#bisonleg", "uv": [ 0.75, 13.75, 1.25, 15.75 ] }
					}
				},
				{
					"name": "Cube12",
					"from": [ -0.09, 0.5, 0.3 ],
					"to": [ 0.21, 5.5, 5.7 ],
					"rotationOrigin": [ 0.0, 2.0, 2.0 ],
					"faces": {
						"north": { "texture": "#bisonleg", "uv": [ 0.0, 5.75, 4.75, 6.0 ], "rotation": 90, "autoUv": false },
						"east": { "texture": "#bisonleg", "uv": [ 0.5, 5.25, 4.5, 6.25 ], "autoUv": false },
						"south": { "texture": "#bisonleg", "uv": [ 0.25, 5.75, 4.25, 6.0 ], "rotation": 90, "autoUv": false },
						"west": { "texture": "#bisonleg", "uv": [ 0.5, 5.25, 4.25, 6.25 ], "rotation": 90, "autoUv": false },
						"up": { "texture": "#bisonleg", "uv": [ 0.25, 5.5, 4.5, 5.75 ], "rotation": 90, "autoUv": false },
						"down": { "texture": "#bisonleg", "uv": [ 0.25, 5.75, 4.5, 6.0 ], "rotation": 90, "autoUv": false }
					}
				},
				{
					"name": "Cube13",
					"from": [ -0.18, 1.5, 1.3 ],
					"to": [ 0.12, 4.5, 4.7 ],
					"rotationOrigin": [ 0.0, 3.0, 3.0 ],
					"faces": {
						"north": { "texture": "#bisonleg", "uv": [ 0.75, 5.75, 3.75, 6.0 ], "rotation": 90 },
						"east": { "texture": "#bisonleg", "uv": [ 1.0, 5.25, 4.0, 6.25 ], "autoUv": false },
						"south": { "texture": "#bisonleg", "uv": [ 1.0, 5.75, 4.0, 6.0 ], "rotation": 90 },
						"west": { "texture": "#bisonleg", "uv": [ 1.25, 5.5, 4.25, 6.25 ], "rotation": 90, "autoUv": false },
						"up": { "texture": "#bisonleg", "uv": [ 0.5, 5.5, 3.75, 5.75 ], "rotation": 90 },
						"down": { "texture": "#bisonleg", "uv": [ 0.5, 5.5, 3.75, 5.75 ], "rotation": 90 }
					}
				}
			]
		}
	]}