{
	"editor": {
		"backDropShape": "C:/Users/Cal/Desktop/boobold",
		"collapsedPaths": "Root/ArmorLowerLegR/BootR1,Root/ArmorLowerLegL/BootL1",
		"allAngles": true,
		"entityTextureMode": true
	},
	"textureWidth": 64,
	"textureHeight": 64,
	"textureSizes": {
	},
	"textures": {
		"divingsuit": "armour/entity/mk2",
		"cloth": "game:item/armor/cloth/normal"
	},
	"elements": [
		{
			"name": "ArmorUpperLegR",
			"stepParentName": "UpperFootR",
			"from": [ -0.19, -0.5, -0.5 ],
			"to": [ 4.81, 9.5, 3.7 ],
			"uv": [ 8.0, 8.0 ],
			"rotationOrigin": [ -0.2, -0.5, -0.5 ],
			"faces": {
				"north": { "texture": "#cloth", "uv": [ 8.0, 18.0, 26.0, 58.0 ], "autoUv": false },
				"east": { "texture": "#cloth", "uv": [ 20.0, 10.0, 36.0, 50.0 ], "autoUv": false, "windMode": [-1,-1,-1,-1], "windData": [0,1,1,0] },
				"south": { "texture": "#cloth", "uv": [ 32.0, 18.0, 50.0, 58.0 ], "autoUv": false, "windMode": [-1,-1,-1,-1], "windData": [0,0,1,1] },
				"west": { "texture": "#cloth", "uv": [ 38.0, 10.0, 54.0, 50.0 ], "autoUv": false, "windMode": [-1,-1,-1,-1], "windData": [0,0,1,1] },
				"up": { "texture": "#cloth", "uv": [ 44.0, 34.0, 52.0, 42.0 ], "autoUv": false, "windMode": [-1,-1,-1,-1], "windData": [1,1,1,1] },
				"down": { "texture": "#cloth", "uv": [ 24.0, 8.0, 32.0, 16.0 ], "autoUv": false, "windMode": [-1,-1,-1,-1] }
			},
			"children": [
				{
					"name": "ArmorUpperLegR2",
					"from": [ 0.0, -0.1, -0.1 ],
					"to": [ 6.6, 1.9, 4.5 ],
					"uv": [ 2.0, 0.0 ],
					"rotationOrigin": [ -0.01, -0.1, -0.1 ],
					"rotationZ": 25.0,
					"faces": {
						"north": { "texture": "#divingsuit", "uv": [ 2.0, 4.5, 8.5, 6.5 ] },
						"east": { "texture": "#divingsuit", "uv": [ 7.5, 4.5, 12.0, 6.5 ] },
						"south": { "texture": "#divingsuit", "uv": [ 8.5, 3.0, 15.0, 5.0 ] },
						"west": { "texture": "#divingsuit", "uv": [ 6.5, 3.5, 11.0, 5.5 ] },
						"up": { "texture": "#divingsuit", "uv": [ 2.0, 0.0, 8.5, 4.5 ] },
						"down": { "texture": "#divingsuit", "uv": [ 7.5, 0.0, 14.0, 4.5 ] }
					}
				}
			]
		},
		{
			"name": "ArmorUpperLegL",
			"stepParentName": "UpperFootL",
			"from": [ -0.19, -0.5, -0.5 ],
			"to": [ 4.81, 9.5, 3.7 ],
			"uv": [ 0.0, 10.0 ],
			"rotationOrigin": [ -0.2, -0.5, -0.5 ],
			"faces": {
				"north": { "texture": "#cloth", "uv": [ 38.0, 22.0, 56.0, 62.0 ], "autoUv": false, "windMode": [-1,-1,-1,-1], "windData": [0,1,1,0] },
				"east": { "texture": "#cloth", "uv": [ 42.0, 12.0, 58.0, 52.0 ], "autoUv": false, "windMode": [-1,-1,-1,-1], "windData": [0,1,1,0] },
				"south": { "texture": "#cloth", "uv": [ 38.0, 12.0, 56.0, 52.0 ], "autoUv": false, "windMode": [-1,-1,-1,-1], "windData": [0,0,1,1] },
				"west": { "texture": "#cloth", "uv": [ 0.0, 10.0, 16.0, 50.0 ], "autoUv": false, "windMode": [-1,-1,-1,-1], "windData": [0,0,1,1] },
				"up": { "texture": "#cloth", "uv": [ 42.0, 44.0, 50.0, 52.0 ], "autoUv": false, "windMode": [-1,-1,-1,-1], "windData": [1,1,1,1] },
				"down": { "texture": "#cloth", "uv": [ 10.0, 18.0, 18.0, 26.0 ], "autoUv": false, "windMode": [-1,-1,-1,-1] }
			},
			"children": [
				{
					"name": "ArmorUpperLegL2",
					"from": [ 0.0, -0.1, -0.1 ],
					"to": [ 6.6, 1.9, 4.5 ],
					"uv": [ 2.5, 0.0 ],
					"rotationOrigin": [ 0.0, -0.1, -0.1 ],
					"rotationZ": 25.0,
					"faces": {
						"north": { "texture": "#divingsuit", "uv": [ 2.5, 4.5, 9.0, 6.5 ] },
						"east": { "texture": "#divingsuit", "uv": [ 8.0, 4.5, 12.5, 6.5 ] },
						"south": { "texture": "#divingsuit", "uv": [ 6.5, 3.5, 13.0, 5.5 ] },
						"west": { "texture": "#divingsuit", "uv": [ 9.0, 2.0, 13.5, 4.0 ] },
						"up": { "texture": "#divingsuit", "uv": [ 2.5, 0.0, 9.0, 4.5 ] },
						"down": { "texture": "#divingsuit", "uv": [ 8.0, 0.0, 14.5, 4.5 ] }
					}
				}
			]
		},
		{
			"name": "ArmorLowerLegR",
			"stepParentName": "PawR",
			"from": [ -0.5, -0.2, -0.35 ],
			"to": [ 3.4, 8.3, 3.15 ],
			"uv": [ 10.0, 8.0 ],
			"rotationOrigin": [ -0.5, -0.2, -0.5 ],
			"faces": {
				"north": { "texture": "#cloth", "uv": [ 16.0, 12.0, 32.0, 52.0 ], "autoUv": false },
				"east": { "texture": "#cloth", "uv": [ 22.0, 20.0, 36.0, 56.0 ], "autoUv": false, "windMode": [-1,-1,-1,-1] },
				"south": { "texture": "#cloth", "uv": [ 28.0, 8.0, 44.0, 48.0 ], "autoUv": false, "windMode": [-1,-1,-1,-1] },
				"west": { "texture": "#cloth", "uv": [ 10.0, 14.0, 24.0, 50.0 ], "autoUv": false, "windMode": [-1,-1,-1,-1] },
				"up": { "texture": "#cloth", "uv": [ 26.0, 26.0, 44.0, 40.0 ], "autoUv": false, "windMode": [-1,-1,-1,-1] },
				"down": { "texture": "#cloth", "uv": [ 44.0, 20.0, 62.0, 34.0 ], "autoUv": false, "windMode": [-1,-1,-1,-1] }
			},
			"children": [
				{
					"name": "BootR1",
					"from": [ -0.15, 1.4, -0.3 ],
					"to": [ 5.15, 4.41, 4.0 ],
					"uv": [ 31.0, 20.5 ],
					"rotationOrigin": [ -0.15, 1.3992, -0.3 ],
					"rotationZ": 13.0,
					"faces": {
						"north": { "texture": "#divingsuit", "uv": [ 31.0, 23.0, 36.0, 26.0 ] },
						"east": { "texture": "#divingsuit", "uv": [ 36.0, 23.0, 40.0, 26.0 ] },
						"south": { "texture": "#divingsuit", "uv": [ 40.0, 23.0, 45.0, 26.0 ] },
						"west": { "texture": "#divingsuit", "uv": [ 45.0, 23.0, 49.0, 26.0 ] },
						"up": { "texture": "#divingsuit", "uv": [ 32.0, 20.5, 37.0, 24.5 ] },
						"down": { "texture": "#divingsuit", "uv": [ 36.5, 22.0, 41.5, 26.0 ] }
					},
					"children": [
						{
							"name": "BootR2",
							"from": [ -0.2, -2.0, -0.2 ],
							"to": [ 5.5, 0.0, 4.5 ],
							"uv": [ 0.0, 1.5 ],
							"rotationOrigin": [ -0.2, -2.0, -0.2 ],
							"faces": {
								"north": { "texture": "#divingsuit", "uv": [ 0.0, 18.0, 5.5, 20.0 ] },
								"east": { "texture": "#divingsuit", "uv": [ 0.5, 18.0, 5.0, 20.0 ] },
								"south": { "texture": "#divingsuit", "uv": [ 14.5, 18.0, 20.0, 20.0 ] },
								"west": { "texture": "#divingsuit", "uv": [ 15.0, 18.0, 19.5, 20.0 ] },
								"up": { "texture": "#divingsuit", "uv": [ 34.5, 1.5, 40.0, 6.0 ] },
								"down": { "texture": "#divingsuit", "uv": [ 33.0, 15.5, 38.5, 20.0 ] }
							}
						},
						{
							"name": "BootR3",
							"from": [ 1.8, -2.3, -0.3 ],
							"to": [ 5.6, -0.3, 4.6 ],
							"uv": [ 0.0, 0.0 ],
							"rotationOrigin": [ 1.8, -2.3, -0.3 ],
							"faces": {
								"north": { "texture": "#divingsuit", "uv": [ 0.0, 4.5, 3.5, 6.5 ] },
								"east": { "texture": "#divingsuit", "uv": [ 3.5, 4.5, 8.0, 6.5 ] },
								"south": { "texture": "#divingsuit", "uv": [ 8.0, 4.5, 11.5, 6.5 ] },
								"west": { "texture": "#divingsuit", "uv": [ 11.5, 4.5, 16.0, 6.5 ] },
								"up": { "texture": "#divingsuit", "uv": [ 0.0, 0.0, 3.5, 4.5 ] },
								"down": { "texture": "#divingsuit", "uv": [ 3.5, 0.0, 7.0, 4.5 ] }
							}
						},
						{
							"name": "BootR4",
							"from": [ -2.1, -2.2, -0.21 ],
							"to": [ 1.2, -0.2, 4.51 ],
							"uv": [ 0.0, 0.0 ],
							"rotationOrigin": [ -2.1, -2.2, -0.2 ],
							"faces": {
								"north": { "texture": "#divingsuit", "uv": [ 0.0, 4.5, 3.0, 6.5 ] },
								"east": { "texture": "#divingsuit", "uv": [ 3.0, 4.5, 7.5, 6.5 ] },
								"south": { "texture": "#divingsuit", "uv": [ 7.5, 4.5, 10.5, 6.5 ] },
								"west": { "texture": "#divingsuit", "uv": [ 10.5, 4.5, 15.0, 6.5 ] },
								"up": { "texture": "#divingsuit", "uv": [ 0.0, 0.0, 3.0, 4.5 ] },
								"down": { "texture": "#divingsuit", "uv": [ 3.0, 0.0, 6.0, 4.5 ] }
							}
						},
						{
							"name": "BootR5",
							"from": [ -2.0, -0.7, 0.3 ],
							"to": [ 0.3, 0.3, 4.0 ],
							"uv": [ 0.0, 0.0 ],
							"rotationOrigin": [ -2.0, -0.7, 0.3 ],
							"faces": {
								"north": { "texture": "#divingsuit", "uv": [ 0.0, 3.5, 2.0, 4.5 ] },
								"east": { "texture": "#divingsuit", "uv": [ 2.0, 3.5, 5.5, 4.5 ] },
								"south": { "texture": "#divingsuit", "uv": [ 5.5, 3.5, 7.5, 4.5 ] },
								"west": { "texture": "#divingsuit", "uv": [ 7.5, 3.5, 11.0, 4.5 ] },
								"up": { "texture": "#divingsuit", "uv": [ 0.0, 0.0, 2.0, 3.5 ] },
								"down": { "texture": "#divingsuit", "uv": [ 2.0, 0.0, 4.0, 3.5 ] }
							}
						},
						{
							"name": "BootLNut3",
							"from": [ 0.2, 2.0, -0.4 ],
							"to": [ 1.0, 2.8, 0.0 ],
							"uv": [ 57.5, 50.0 ],
							"rotationOrigin": [ 0.2, 2.0, -0.4 ],
							"faces": {
								"north": { "texture": "#divingsuit", "uv": [ 57.5, 50.5, 58.0, 51.0 ] },
								"east": { "texture": "#divingsuit", "uv": [ 58.0, 50.5, 58.5, 51.0 ] },
								"south": { "texture": "#divingsuit", "uv": [ 58.5, 50.5, 59.0, 51.0 ] },
								"west": { "texture": "#divingsuit", "uv": [ 59.0, 50.5, 59.5, 51.0 ] },
								"up": { "texture": "#divingsuit", "uv": [ 57.5, 50.0, 58.0, 50.5 ] },
								"down": { "texture": "#divingsuit", "uv": [ 58.0, 50.0, 58.5, 50.5 ] }
							},
							"children": [
								{
									"name": "BootLNutHead3",
									"from": [ 0.1, 0.1, -0.2 ],
									"to": [ 0.7, 0.7, 0.0 ],
									"uv": [ 6.0, 12.5 ],
									"rotationOrigin": [ 0.1, 0.1, -0.2 ],
									"faces": {
										"north": { "texture": "#divingsuit", "uv": [ 6.0, 13.0, 6.5, 13.5 ] },
										"east": { "texture": "#divingsuit", "uv": [ 6.5, 13.0, 7.0, 13.5 ] },
										"south": { "texture": "#divingsuit", "uv": [ 7.0, 13.0, 7.5, 13.5 ] },
										"west": { "texture": "#divingsuit", "uv": [ 7.5, 13.0, 8.0, 13.5 ] },
										"up": { "texture": "#divingsuit", "uv": [ 6.0, 12.5, 6.5, 13.0 ] },
										"down": { "texture": "#divingsuit", "uv": [ 6.5, 12.5, 7.0, 13.0 ] }
									}
								}
							]
						},
						{
							"name": "BootLNut6",
							"from": [ 2.2, 2.0, -0.4 ],
							"to": [ 3.0, 2.8, 0.0 ],
							"uv": [ 57.5, 50.0 ],
							"rotationOrigin": [ 2.2, 2.0, -0.4 ],
							"faces": {
								"north": { "texture": "#divingsuit", "uv": [ 57.5, 50.5, 58.0, 51.0 ] },
								"east": { "texture": "#divingsuit", "uv": [ 58.0, 50.5, 58.5, 51.0 ] },
								"south": { "texture": "#divingsuit", "uv": [ 58.5, 50.5, 59.0, 51.0 ] },
								"west": { "texture": "#divingsuit", "uv": [ 59.0, 50.5, 59.5, 51.0 ] },
								"up": { "texture": "#divingsuit", "uv": [ 57.5, 50.0, 58.0, 50.5 ] },
								"down": { "texture": "#divingsuit", "uv": [ 58.0, 50.0, 58.5, 50.5 ] }
							},
							"children": [
								{
									"name": "BootLNutHead6",
									"from": [ 0.1, 0.1, -0.2 ],
									"to": [ 0.7, 0.7, 0.0 ],
									"uv": [ 5.0, 14.5 ],
									"rotationOrigin": [ 0.1, 0.1, -0.2 ],
									"faces": {
										"north": { "texture": "#divingsuit", "uv": [ 5.0, 15.0, 5.5, 15.5 ] },
										"east": { "texture": "#divingsuit", "uv": [ 5.5, 15.0, 6.0, 15.5 ] },
										"south": { "texture": "#divingsuit", "uv": [ 6.0, 15.0, 6.5, 15.5 ] },
										"west": { "texture": "#divingsuit", "uv": [ 6.5, 15.0, 7.0, 15.5 ] },
										"up": { "texture": "#divingsuit", "uv": [ 5.0, 14.5, 5.5, 15.0 ] },
										"down": { "texture": "#divingsuit", "uv": [ 5.5, 14.5, 6.0, 15.0 ] }
									}
								}
							]
						},
						{
							"name": "BootLNut8",
							"from": [ 4.3, 2.0, -0.4 ],
							"to": [ 5.1, 2.8, 0.0 ],
							"uv": [ 57.5, 50.0 ],
							"rotationOrigin": [ 4.3, 2.0, -0.4 ],
							"faces": {
								"north": { "texture": "#divingsuit", "uv": [ 57.5, 50.5, 58.0, 51.0 ] },
								"east": { "texture": "#divingsuit", "uv": [ 58.0, 50.5, 58.5, 51.0 ] },
								"south": { "texture": "#divingsuit", "uv": [ 58.5, 50.5, 59.0, 51.0 ] },
								"west": { "texture": "#divingsuit", "uv": [ 59.0, 50.5, 59.5, 51.0 ] },
								"up": { "texture": "#divingsuit", "uv": [ 57.5, 50.0, 58.0, 50.5 ] },
								"down": { "texture": "#divingsuit", "uv": [ 58.0, 50.0, 58.5, 50.5 ] }
							},
							"children": [
								{
									"name": "BootLNutHead8",
									"from": [ 0.1, 0.1, -0.2 ],
									"to": [ 0.7, 0.7, 0.0 ],
									"uv": [ 10.0, 13.0 ],
									"rotationOrigin": [ 0.1, 0.1, -0.2 ],
									"faces": {
										"north": { "texture": "#divingsuit", "uv": [ 10.0, 13.5, 10.5, 14.0 ] },
										"east": { "texture": "#divingsuit", "uv": [ 10.5, 13.5, 11.0, 14.0 ] },
										"south": { "texture": "#divingsuit", "uv": [ 11.0, 13.5, 11.5, 14.0 ] },
										"west": { "texture": "#divingsuit", "uv": [ 11.5, 13.5, 12.0, 14.0 ] },
										"up": { "texture": "#divingsuit", "uv": [ 10.0, 13.0, 10.5, 13.5 ] },
										"down": { "texture": "#divingsuit", "uv": [ 10.5, 13.0, 11.0, 13.5 ] }
									}
								}
							]
						},
						{
							"name": "BootLNut9",
							"from": [ 0.0, 2.0, 3.0 ],
							"to": [ 0.8, 2.8, 3.4 ],
							"uv": [ 57.5, 50.0 ],
							"rotationOrigin": [ 0.0, 2.0, 3.0 ],
							"rotationY": -90.0,
							"faces": {
								"north": { "texture": "#divingsuit", "uv": [ 57.5, 50.5, 58.0, 51.0 ] },
								"east": { "texture": "#divingsuit", "uv": [ 58.0, 50.5, 58.5, 51.0 ] },
								"south": { "texture": "#divingsuit", "uv": [ 58.5, 50.5, 59.0, 51.0 ] },
								"west": { "texture": "#divingsuit", "uv": [ 59.0, 50.5, 59.5, 51.0 ] },
								"up": { "texture": "#divingsuit", "uv": [ 57.5, 50.0, 58.0, 50.5 ] },
								"down": { "texture": "#divingsuit", "uv": [ 58.0, 50.0, 58.5, 50.5 ] }
							},
							"children": [
								{
									"name": "BootLNutHead9",
									"from": [ 0.1, 0.1, 0.4 ],
									"to": [ 0.7, 0.7, 0.6 ],
									"uv": [ 10.5, 13.5 ],
									"rotationOrigin": [ 0.1, 0.1, 0.4 ],
									"faces": {
										"north": { "texture": "#divingsuit", "uv": [ 10.5, 14.0, 11.0, 14.5 ] },
										"east": { "texture": "#divingsuit", "uv": [ 11.0, 14.0, 11.5, 14.5 ] },
										"south": { "texture": "#divingsuit", "uv": [ 11.5, 14.0, 12.0, 14.5 ] },
										"west": { "texture": "#divingsuit", "uv": [ 12.0, 14.0, 12.5, 14.5 ] },
										"up": { "texture": "#divingsuit", "uv": [ 10.5, 13.5, 11.0, 14.0 ] },
										"down": { "texture": "#divingsuit", "uv": [ 11.0, 13.5, 11.5, 14.0 ] }
									}
								}
							]
						},
						{
							"name": "BootLNut10",
							"from": [ 0.0, 2.0, 0.2 ],
							"to": [ 0.8, 2.8, 0.6 ],
							"uv": [ 57.5, 50.0 ],
							"rotationOrigin": [ 0.0, 2.0, 0.2 ],
							"rotationY": -90.0,
							"faces": {
								"north": { "texture": "#divingsuit", "uv": [ 57.5, 50.5, 58.0, 51.0 ] },
								"east": { "texture": "#divingsuit", "uv": [ 58.0, 50.5, 58.5, 51.0 ] },
								"south": { "texture": "#divingsuit", "uv": [ 58.5, 50.5, 59.0, 51.0 ] },
								"west": { "texture": "#divingsuit", "uv": [ 59.0, 50.5, 59.5, 51.0 ] },
								"up": { "texture": "#divingsuit", "uv": [ 57.5, 50.0, 58.0, 50.5 ] },
								"down": { "texture": "#divingsuit", "uv": [ 58.0, 50.0, 58.5, 50.5 ] }
							},
							"children": [
								{
									"name": "BootLNutHead10",
									"from": [ 0.1, 0.1, 0.4 ],
									"to": [ 0.7, 0.7, 0.6 ],
									"uv": [ 9.0, 14.0 ],
									"rotationOrigin": [ 0.1, 0.1, 0.4 ],
									"faces": {
										"north": { "texture": "#divingsuit", "uv": [ 9.0, 14.5, 9.5, 15.0 ] },
										"east": { "texture": "#divingsuit", "uv": [ 9.5, 14.5, 10.0, 15.0 ] },
										"south": { "texture": "#divingsuit", "uv": [ 10.0, 14.5, 10.5, 15.0 ] },
										"west": { "texture": "#divingsuit", "uv": [ 10.5, 14.5, 11.0, 15.0 ] },
										"up": { "texture": "#divingsuit", "uv": [ 9.0, 14.0, 9.5, 14.5 ] },
										"down": { "texture": "#divingsuit", "uv": [ 9.5, 14.0, 10.0, 14.5 ] }
									}
								}
							]
						},
						{
							"name": "BootLNut13",
							"from": [ 5.7, 2.0, 0.3 ],
							"to": [ 6.5, 2.8, 0.7 ],
							"uv": [ 57.5, 50.0 ],
							"rotationOrigin": [ 5.7, 2.0, 0.3 ],
							"rotationY": -90.0,
							"faces": {
								"north": { "texture": "#divingsuit", "uv": [ 57.5, 50.5, 58.0, 51.0 ] },
								"east": { "texture": "#divingsuit", "uv": [ 58.0, 50.5, 58.5, 51.0 ] },
								"south": { "texture": "#divingsuit", "uv": [ 58.5, 50.5, 59.0, 51.0 ] },
								"west": { "texture": "#divingsuit", "uv": [ 59.0, 50.5, 59.5, 51.0 ] },
								"up": { "texture": "#divingsuit", "uv": [ 57.5, 50.0, 58.0, 50.5 ] },
								"down": { "texture": "#divingsuit", "uv": [ 58.0, 50.0, 58.5, 50.5 ] }
							},
							"children": [
								{
									"name": "BootLNutHead13",
									"from": [ 0.1, 0.1, -0.2 ],
									"to": [ 0.7, 0.7, 0.0 ],
									"uv": [ 10.5, 13.5 ],
									"rotationOrigin": [ 0.1, 0.1, -0.2 ],
									"faces": {
										"north": { "texture": "#divingsuit", "uv": [ 10.5, 14.0, 11.0, 14.5 ] },
										"east": { "texture": "#divingsuit", "uv": [ 11.0, 14.0, 11.5, 14.5 ] },
										"south": { "texture": "#divingsuit", "uv": [ 11.5, 14.0, 12.0, 14.5 ] },
										"west": { "texture": "#divingsuit", "uv": [ 12.0, 14.0, 12.5, 14.5 ] },
										"up": { "texture": "#divingsuit", "uv": [ 10.5, 13.5, 11.0, 14.0 ] },
										"down": { "texture": "#divingsuit", "uv": [ 11.0, 13.5, 11.5, 14.0 ] }
									}
								}
							]
						},
						{
							"name": "BootLNut14",
							"from": [ 5.7, 2.0, 2.8 ],
							"to": [ 6.5, 2.8, 3.2 ],
							"uv": [ 57.5, 50.0 ],
							"rotationOrigin": [ 5.7, 2.0, 2.8 ],
							"rotationY": -90.0,
							"faces": {
								"north": { "texture": "#divingsuit", "uv": [ 57.5, 50.5, 58.0, 51.0 ] },
								"east": { "texture": "#divingsuit", "uv": [ 58.0, 50.5, 58.5, 51.0 ] },
								"south": { "texture": "#divingsuit", "uv": [ 58.5, 50.5, 59.0, 51.0 ] },
								"west": { "texture": "#divingsuit", "uv": [ 59.0, 50.5, 59.5, 51.0 ] },
								"up": { "texture": "#divingsuit", "uv": [ 57.5, 50.0, 58.0, 50.5 ] },
								"down": { "texture": "#divingsuit", "uv": [ 58.0, 50.0, 58.5, 50.5 ] }
							},
							"children": [
								{
									"name": "BootLNutHead14",
									"from": [ 0.1, 0.1, -0.2 ],
									"to": [ 0.7, 0.7, 0.0 ],
									"uv": [ 10.5, 13.5 ],
									"rotationOrigin": [ 0.1, 0.1, -0.2 ],
									"faces": {
										"north": { "texture": "#divingsuit", "uv": [ 10.5, 14.0, 11.0, 14.5 ] },
										"east": { "texture": "#divingsuit", "uv": [ 11.0, 14.0, 11.5, 14.5 ] },
										"south": { "texture": "#divingsuit", "uv": [ 11.5, 14.0, 12.0, 14.5 ] },
										"west": { "texture": "#divingsuit", "uv": [ 12.0, 14.0, 12.5, 14.5 ] },
										"up": { "texture": "#divingsuit", "uv": [ 10.5, 13.5, 11.0, 14.0 ] },
										"down": { "texture": "#divingsuit", "uv": [ 11.0, 13.5, 11.5, 14.0 ] }
									}
								}
							]
						}
					]
				}
			]
		},
		{
			"name": "ArmorLowerLegL",
			"stepParentName": "PawL",
			"from": [ -0.5, -0.2, -0.15 ],
			"to": [ 3.4, 8.3, 3.35 ],
			"uv": [ 2.0, 6.0 ],
			"rotationOrigin": [ -0.5, -0.2, -0.3 ],
			"faces": {
				"north": { "texture": "#cloth", "uv": [ 2.0, 22.0, 18.0, 62.0 ], "autoUv": false, "windMode": [-1,-1,-1,-1] },
				"east": { "texture": "#cloth", "uv": [ 44.0, 6.0, 58.0, 42.0 ], "autoUv": false, "windMode": [-1,-1,-1,-1] },
				"south": { "texture": "#cloth", "uv": [ 26.0, 20.0, 42.0, 60.0 ], "autoUv": false, "windMode": [-1,-1,-1,-1] },
				"west": { "texture": "#cloth", "uv": [ 12.0, 8.0, 26.0, 44.0 ], "autoUv": false, "windMode": [-1,-1,-1,-1] },
				"up": { "texture": "#cloth", "uv": [ 8.0, 36.0, 26.0, 50.0 ], "autoUv": false, "windMode": [-1,-1,-1,-1] },
				"down": { "texture": "#cloth", "uv": [ 10.0, 12.0, 28.0, 26.0 ], "autoUv": false, "windMode": [-1,-1,-1,-1] }
			},
			"children": [
				{
					"name": "BootL1",
					"from": [ -0.15, 1.4, -0.5 ],
					"to": [ 5.15, 4.4, 3.8 ],
					"uv": [ 30.5, 20.5 ],
					"rotationOrigin": [ -0.15, 1.4, -0.5 ],
					"rotationZ": 13.0,
					"faces": {
						"north": { "texture": "#divingsuit", "uv": [ 31.0, 23.0, 36.0, 26.0 ] },
						"east": { "texture": "#divingsuit", "uv": [ 36.0, 23.0, 40.0, 26.0 ] },
						"south": { "texture": "#divingsuit", "uv": [ 40.0, 23.0, 45.0, 26.0 ] },
						"west": { "texture": "#divingsuit", "uv": [ 45.0, 23.0, 49.0, 26.0 ] },
						"up": { "texture": "#divingsuit", "uv": [ 30.5, 21.0, 35.5, 25.0 ] },
						"down": { "texture": "#divingsuit", "uv": [ 37.0, 20.5, 42.0, 24.5 ] }
					},
					"children": [
						{
							"name": "BootL2",
							"from": [ -0.2, -2.0, -0.2 ],
							"to": [ 5.5, 0.0, 4.5 ],
							"uv": [ 0.0, 1.5 ],
							"rotationOrigin": [ -0.2, -2.0, -0.2 ],
							"faces": {
								"north": { "texture": "#divingsuit", "uv": [ 0.0, 18.0, 5.5, 20.0 ] },
								"east": { "texture": "#divingsuit", "uv": [ 0.5, 18.0, 5.0, 20.0 ] },
								"south": { "texture": "#divingsuit", "uv": [ 15.0, 18.0, 20.5, 20.0 ] },
								"west": { "texture": "#divingsuit", "uv": [ 15.0, 18.0, 19.5, 20.0 ] },
								"up": { "texture": "#divingsuit", "uv": [ 33.0, 15.5, 38.5, 20.0 ] },
								"down": { "texture": "#divingsuit", "uv": [ 32.5, 1.5, 38.0, 6.0 ] }
							}
						},
						{
							"name": "BootL3",
							"from": [ 1.8, -2.3, -0.3 ],
							"to": [ 5.6, -0.3, 4.6 ],
							"uv": [ 0.0, 0.0 ],
							"rotationOrigin": [ 1.8, -2.3, -0.3 ],
							"faces": {
								"north": { "texture": "#divingsuit", "uv": [ 0.0, 4.5, 3.5, 6.5 ] },
								"east": { "texture": "#divingsuit", "uv": [ 3.5, 4.5, 8.0, 6.5 ] },
								"south": { "texture": "#divingsuit", "uv": [ 8.0, 4.5, 11.5, 6.5 ] },
								"west": { "texture": "#divingsuit", "uv": [ 11.5, 4.5, 16.0, 6.5 ] },
								"up": { "texture": "#divingsuit", "uv": [ 0.0, 0.0, 3.5, 4.5 ] },
								"down": { "texture": "#divingsuit", "uv": [ 3.5, 0.0, 7.0, 4.5 ] }
							}
						},
						{
							"name": "BootL4",
							"from": [ -2.1, -2.2, -0.21 ],
							"to": [ 1.2, -0.2, 4.51 ],
							"uv": [ 0.0, 0.0 ],
							"rotationOrigin": [ -2.1, -2.2, -0.2 ],
							"faces": {
								"north": { "texture": "#divingsuit", "uv": [ 0.0, 4.5, 3.0, 6.5 ] },
								"east": { "texture": "#divingsuit", "uv": [ 3.0, 4.5, 7.5, 6.5 ] },
								"south": { "texture": "#divingsuit", "uv": [ 7.5, 4.5, 10.5, 6.5 ] },
								"west": { "texture": "#divingsuit", "uv": [ 10.5, 4.5, 15.0, 6.5 ] },
								"up": { "texture": "#divingsuit", "uv": [ 0.0, 0.0, 3.0, 4.5 ] },
								"down": { "texture": "#divingsuit", "uv": [ 3.0, 0.0, 6.0, 4.5 ] }
							}
						},
						{
							"name": "BootL5",
							"from": [ -2.0, -0.7, 0.3 ],
							"to": [ 0.3, 0.3, 4.0 ],
							"uv": [ 0.0, 0.0 ],
							"rotationOrigin": [ -2.0, -0.7, 0.3 ],
							"faces": {
								"north": { "texture": "#divingsuit", "uv": [ 0.0, 3.5, 2.0, 4.5 ] },
								"east": { "texture": "#divingsuit", "uv": [ 2.0, 3.5, 5.5, 4.5 ] },
								"south": { "texture": "#divingsuit", "uv": [ 5.5, 3.5, 7.5, 4.5 ] },
								"west": { "texture": "#divingsuit", "uv": [ 7.5, 3.5, 11.0, 4.5 ] },
								"up": { "texture": "#divingsuit", "uv": [ 0.0, 0.0, 2.0, 3.5 ] },
								"down": { "texture": "#divingsuit", "uv": [ 2.0, 0.0, 4.0, 3.5 ] }
							}
						},
						{
							"name": "BootLNut1",
							"from": [ 0.2, 2.0, 4.3 ],
							"to": [ 1.0, 2.8, 4.7 ],
							"uv": [ 57.5, 50.0 ],
							"rotationOrigin": [ 0.2, 2.0, 4.3 ],
							"faces": {
								"north": { "texture": "#divingsuit", "uv": [ 57.5, 50.5, 58.0, 51.0 ] },
								"east": { "texture": "#divingsuit", "uv": [ 58.0, 50.5, 58.5, 51.0 ] },
								"south": { "texture": "#divingsuit", "uv": [ 58.5, 50.5, 59.0, 51.0 ] },
								"west": { "texture": "#divingsuit", "uv": [ 59.0, 50.5, 59.5, 51.0 ] },
								"up": { "texture": "#divingsuit", "uv": [ 57.5, 50.0, 58.0, 50.5 ] },
								"down": { "texture": "#divingsuit", "uv": [ 58.0, 50.0, 58.5, 50.5 ] }
							},
							"children": [
								{
									"name": "BootLNutHead1",
									"from": [ 0.1, 0.1, 0.4 ],
									"to": [ 0.7, 0.7, 0.6 ],
									"uv": [ 7.5, 15.0 ],
									"rotationOrigin": [ 0.1, 0.1, 0.4 ],
									"faces": {
										"north": { "texture": "#divingsuit", "uv": [ 7.5, 15.5, 8.0, 16.0 ] },
										"east": { "texture": "#divingsuit", "uv": [ 8.0, 15.5, 8.5, 16.0 ] },
										"south": { "texture": "#divingsuit", "uv": [ 8.5, 15.5, 9.0, 16.0 ] },
										"west": { "texture": "#divingsuit", "uv": [ 9.0, 15.5, 9.5, 16.0 ] },
										"up": { "texture": "#divingsuit", "uv": [ 7.5, 15.0, 8.0, 15.5 ] },
										"down": { "texture": "#divingsuit", "uv": [ 8.0, 15.0, 8.5, 15.5 ] }
									}
								}
							]
						},
						{
							"name": "BootLNut2",
							"from": [ 2.2, 2.0, 4.3 ],
							"to": [ 3.0, 2.8, 4.7 ],
							"uv": [ 57.5, 50.0 ],
							"rotationOrigin": [ 2.2, 2.0, 4.3 ],
							"faces": {
								"north": { "texture": "#divingsuit", "uv": [ 57.5, 50.5, 58.0, 51.0 ] },
								"east": { "texture": "#divingsuit", "uv": [ 58.0, 50.5, 58.5, 51.0 ] },
								"south": { "texture": "#divingsuit", "uv": [ 58.5, 50.5, 59.0, 51.0 ] },
								"west": { "texture": "#divingsuit", "uv": [ 59.0, 50.5, 59.5, 51.0 ] },
								"up": { "texture": "#divingsuit", "uv": [ 57.5, 50.0, 58.0, 50.5 ] },
								"down": { "texture": "#divingsuit", "uv": [ 58.0, 50.0, 58.5, 50.5 ] }
							},
							"children": [
								{
									"name": "BootLNutHead2",
									"from": [ 0.1, 0.1, 0.4 ],
									"to": [ 0.7, 0.7, 0.6 ],
									"uv": [ 7.5, 14.0 ],
									"rotationOrigin": [ 0.1, 0.1, 0.4 ],
									"faces": {
										"north": { "texture": "#divingsuit", "uv": [ 7.5, 14.5, 8.0, 15.0 ] },
										"east": { "texture": "#divingsuit", "uv": [ 8.0, 14.5, 8.5, 15.0 ] },
										"south": { "texture": "#divingsuit", "uv": [ 8.5, 14.5, 9.0, 15.0 ] },
										"west": { "texture": "#divingsuit", "uv": [ 9.0, 14.5, 9.5, 15.0 ] },
										"up": { "texture": "#divingsuit", "uv": [ 7.5, 14.0, 8.0, 14.5 ] },
										"down": { "texture": "#divingsuit", "uv": [ 8.0, 14.0, 8.5, 14.5 ] }
									}
								}
							]
						},
						{
							"name": "BootLNut4",
							"from": [ 4.3, 2.0, 4.3 ],
							"to": [ 5.1, 2.8, 4.7 ],
							"uv": [ 57.5, 50.0 ],
							"rotationOrigin": [ 4.3, 2.0, 4.3 ],
							"faces": {
								"north": { "texture": "#divingsuit", "uv": [ 57.5, 50.5, 58.0, 51.0 ] },
								"east": { "texture": "#divingsuit", "uv": [ 58.0, 50.5, 58.5, 51.0 ] },
								"south": { "texture": "#divingsuit", "uv": [ 58.5, 50.5, 59.0, 51.0 ] },
								"west": { "texture": "#divingsuit", "uv": [ 59.0, 50.5, 59.5, 51.0 ] },
								"up": { "texture": "#divingsuit", "uv": [ 57.5, 50.0, 58.0, 50.5 ] },
								"down": { "texture": "#divingsuit", "uv": [ 58.0, 50.0, 58.5, 50.5 ] }
							},
							"children": [
								{
									"name": "BootLNutHead4",
									"from": [ 0.1, 0.1, 0.4 ],
									"to": [ 0.7, 0.7, 0.6 ],
									"uv": [ 4.5, 11.5 ],
									"rotationOrigin": [ 0.1, 0.1, 0.4 ],
									"faces": {
										"north": { "texture": "#divingsuit", "uv": [ 4.5, 12.0, 5.0, 12.5 ] },
										"east": { "texture": "#divingsuit", "uv": [ 5.0, 12.0, 5.5, 12.5 ] },
										"south": { "texture": "#divingsuit", "uv": [ 5.5, 12.0, 6.0, 12.5 ] },
										"west": { "texture": "#divingsuit", "uv": [ 6.0, 12.0, 6.5, 12.5 ] },
										"up": { "texture": "#divingsuit", "uv": [ 4.5, 11.5, 5.0, 12.0 ] },
										"down": { "texture": "#divingsuit", "uv": [ 5.0, 11.5, 5.5, 12.0 ] }
									}
								}
							]
						},
						{
							"name": "BootLNut5",
							"from": [ 0.0, 2.0, 3.2 ],
							"to": [ 0.8, 2.8, 3.6 ],
							"uv": [ 57.5, 50.0 ],
							"rotationOrigin": [ 0.0, 2.0, 3.2 ],
							"rotationY": -90.0,
							"faces": {
								"north": { "texture": "#divingsuit", "uv": [ 57.5, 50.5, 58.0, 51.0 ] },
								"east": { "texture": "#divingsuit", "uv": [ 58.0, 50.5, 58.5, 51.0 ] },
								"south": { "texture": "#divingsuit", "uv": [ 58.5, 50.5, 59.0, 51.0 ] },
								"west": { "texture": "#divingsuit", "uv": [ 59.0, 50.5, 59.5, 51.0 ] },
								"up": { "texture": "#divingsuit", "uv": [ 57.5, 50.0, 58.0, 50.5 ] },
								"down": { "texture": "#divingsuit", "uv": [ 58.0, 50.0, 58.5, 50.5 ] }
							},
							"children": [
								{
									"name": "BootLNutHead5",
									"from": [ 0.1, 0.1, 0.4 ],
									"to": [ 0.7, 0.7, 0.6 ],
									"uv": [ 8.5, 12.5 ],
									"rotationOrigin": [ 0.1, 0.1, 0.4 ],
									"faces": {
										"north": { "texture": "#divingsuit", "uv": [ 8.5, 13.0, 9.0, 13.5 ] },
										"east": { "texture": "#divingsuit", "uv": [ 9.0, 13.0, 9.5, 13.5 ] },
										"south": { "texture": "#divingsuit", "uv": [ 9.5, 13.0, 10.0, 13.5 ] },
										"west": { "texture": "#divingsuit", "uv": [ 10.0, 13.0, 10.5, 13.5 ] },
										"up": { "texture": "#divingsuit", "uv": [ 8.5, 12.5, 9.0, 13.0 ] },
										"down": { "texture": "#divingsuit", "uv": [ 9.0, 12.5, 9.5, 13.0 ] }
									}
								}
							]
						},
						{
							"name": "BootLNut7",
							"from": [ 0.0, 2.0, 0.4 ],
							"to": [ 0.8, 2.8, 0.8 ],
							"uv": [ 57.5, 50.0 ],
							"rotationOrigin": [ 0.0, 2.0, 0.4 ],
							"rotationY": -90.0,
							"faces": {
								"north": { "texture": "#divingsuit", "uv": [ 57.5, 50.5, 58.0, 51.0 ] },
								"east": { "texture": "#divingsuit", "uv": [ 58.0, 50.5, 58.5, 51.0 ] },
								"south": { "texture": "#divingsuit", "uv": [ 58.5, 50.5, 59.0, 51.0 ] },
								"west": { "texture": "#divingsuit", "uv": [ 59.0, 50.5, 59.5, 51.0 ] },
								"up": { "texture": "#divingsuit", "uv": [ 57.5, 50.0, 58.0, 50.5 ] },
								"down": { "texture": "#divingsuit", "uv": [ 58.0, 50.0, 58.5, 50.5 ] }
							},
							"children": [
								{
									"name": "BootLNutHead7",
									"from": [ 0.1, 0.1, 0.4 ],
									"to": [ 0.7, 0.7, 0.6 ],
									"uv": [ 4.5, 14.0 ],
									"rotationOrigin": [ 0.1, 0.1, 0.4 ],
									"faces": {
										"north": { "texture": "#divingsuit", "uv": [ 4.5, 14.5, 5.0, 15.0 ] },
										"east": { "texture": "#divingsuit", "uv": [ 5.0, 14.5, 5.5, 15.0 ] },
										"south": { "texture": "#divingsuit", "uv": [ 5.5, 14.5, 6.0, 15.0 ] },
										"west": { "texture": "#divingsuit", "uv": [ 6.0, 14.5, 6.5, 15.0 ] },
										"up": { "texture": "#divingsuit", "uv": [ 4.5, 14.0, 5.0, 14.5 ] },
										"down": { "texture": "#divingsuit", "uv": [ 5.0, 14.0, 5.5, 14.5 ] }
									}
								}
							]
						},
						{
							"name": "BootLNut11",
							"from": [ 5.7, 2.0, 3.2 ],
							"to": [ 6.5, 2.8, 3.6 ],
							"uv": [ 57.5, 50.0 ],
							"rotationOrigin": [ 5.7, 2.0, 3.2 ],
							"rotationY": -90.0,
							"faces": {
								"north": { "texture": "#divingsuit", "uv": [ 57.5, 50.5, 58.0, 51.0 ] },
								"east": { "texture": "#divingsuit", "uv": [ 58.0, 50.5, 58.5, 51.0 ] },
								"south": { "texture": "#divingsuit", "uv": [ 58.5, 50.5, 59.0, 51.0 ] },
								"west": { "texture": "#divingsuit", "uv": [ 59.0, 50.5, 59.5, 51.0 ] },
								"up": { "texture": "#divingsuit", "uv": [ 57.5, 50.0, 58.0, 50.5 ] },
								"down": { "texture": "#divingsuit", "uv": [ 58.0, 50.0, 58.5, 50.5 ] }
							},
							"children": [
								{
									"name": "BootLNutHead11",
									"from": [ 0.1, 0.1, -0.2 ],
									"to": [ 0.7, 0.7, 0.0 ],
									"uv": [ 8.5, 12.5 ],
									"rotationOrigin": [ 0.1, 0.1, -0.2 ],
									"faces": {
										"north": { "texture": "#divingsuit", "uv": [ 8.5, 13.0, 9.0, 13.5 ] },
										"east": { "texture": "#divingsuit", "uv": [ 9.0, 13.0, 9.5, 13.5 ] },
										"south": { "texture": "#divingsuit", "uv": [ 9.5, 13.0, 10.0, 13.5 ] },
										"west": { "texture": "#divingsuit", "uv": [ 10.0, 13.0, 10.5, 13.5 ] },
										"up": { "texture": "#divingsuit", "uv": [ 8.5, 12.5, 9.0, 13.0 ] },
										"down": { "texture": "#divingsuit", "uv": [ 9.0, 12.5, 9.5, 13.0 ] }
									}
								}
							]
						},
						{
							"name": "BootLNut12",
							"from": [ 5.7, 2.0, 0.6 ],
							"to": [ 6.5, 2.8, 1.0 ],
							"uv": [ 57.5, 50.0 ],
							"rotationOrigin": [ 5.7, 2.0, 0.6 ],
							"rotationY": -90.0,
							"faces": {
								"north": { "texture": "#divingsuit", "uv": [ 57.5, 50.5, 58.0, 51.0 ] },
								"east": { "texture": "#divingsuit", "uv": [ 58.0, 50.5, 58.5, 51.0 ] },
								"south": { "texture": "#divingsuit", "uv": [ 58.5, 50.5, 59.0, 51.0 ] },
								"west": { "texture": "#divingsuit", "uv": [ 59.0, 50.5, 59.5, 51.0 ] },
								"up": { "texture": "#divingsuit", "uv": [ 57.5, 50.0, 58.0, 50.5 ] },
								"down": { "texture": "#divingsuit", "uv": [ 58.0, 50.0, 58.5, 50.5 ] }
							},
							"children": [
								{
									"name": "BootLNutHead12",
									"from": [ 0.1, 0.1, -0.2 ],
									"to": [ 0.7, 0.7, 0.0 ],
									"uv": [ 8.5, 12.5 ],
									"rotationOrigin": [ 0.1, 0.1, -0.2 ],
									"faces": {
										"north": { "texture": "#divingsuit", "uv": [ 8.5, 13.0, 9.0, 13.5 ] },
										"east": { "texture": "#divingsuit", "uv": [ 9.0, 13.0, 9.5, 13.5 ] },
										"south": { "texture": "#divingsuit", "uv": [ 9.5, 13.0, 10.0, 13.5 ] },
										"west": { "texture": "#divingsuit", "uv": [ 10.0, 13.0, 10.5, 13.5 ] },
										"up": { "texture": "#divingsuit", "uv": [ 8.5, 12.5, 9.0, 13.0 ] },
										"down": { "texture": "#divingsuit", "uv": [ 9.0, 12.5, 9.5, 13.0 ] }
									}
								}
							]
						}
					]
				}
			]
		},
		{
			"name": "ArmorUpperLegR3",
			"stepParentName": "LowerFootL",
			"from": [ -0.19, 0.1, -0.5 ],
			"to": [ 3.81, 6.1, 3.7 ],
			"uv": [ 8.0, 8.0 ],
			"rotationOrigin": [ -0.2, 0.1, -0.5 ],
			"faces": {
				"north": { "texture": "#cloth", "uv": [ 8.0, 18.0, 26.0, 58.0 ], "autoUv": false },
				"east": { "texture": "#cloth", "uv": [ 20.0, 10.0, 36.0, 50.0 ], "autoUv": false, "windMode": [-1,-1,-1,-1], "windData": [0,1,1,0] },
				"south": { "texture": "#cloth", "uv": [ 32.0, 18.0, 50.0, 58.0 ], "autoUv": false, "windMode": [-1,-1,-1,-1], "windData": [0,0,1,1] },
				"west": { "texture": "#cloth", "uv": [ 38.0, 10.0, 54.0, 50.0 ], "autoUv": false, "windMode": [-1,-1,-1,-1], "windData": [0,0,1,1] },
				"up": { "texture": "#cloth", "uv": [ 44.0, 34.0, 52.0, 42.0 ], "autoUv": false, "windMode": [-1,-1,-1,-1], "windData": [1,1,1,1] },
				"down": { "texture": "#cloth", "uv": [ 24.0, 8.0, 32.0, 16.0 ], "autoUv": false, "windMode": [-1,-1,-1,-1] }
			}
		},
		{
			"name": "ArmorUpperLegR4",
			"stepParentName": "LowerFootR",
			"from": [ -0.19, 0.1, -0.5 ],
			"to": [ 3.81, 6.1, 3.7 ],
			"uv": [ 8.0, 8.0 ],
			"rotationOrigin": [ -0.2, 0.1, -0.5 ],
			"faces": {
				"north": { "texture": "#cloth", "uv": [ 8.0, 18.0, 26.0, 58.0 ], "autoUv": false },
				"east": { "texture": "#cloth", "uv": [ 20.0, 10.0, 36.0, 50.0 ], "autoUv": false, "windMode": [-1,-1,-1,-1], "windData": [0,1,1,0] },
				"south": { "texture": "#cloth", "uv": [ 32.0, 18.0, 50.0, 58.0 ], "autoUv": false, "windMode": [-1,-1,-1,-1], "windData": [0,0,1,1] },
				"west": { "texture": "#cloth", "uv": [ 38.0, 10.0, 54.0, 50.0 ], "autoUv": false, "windMode": [-1,-1,-1,-1], "windData": [0,0,1,1] },
				"up": { "texture": "#cloth", "uv": [ 44.0, 34.0, 52.0, 42.0 ], "autoUv": false, "windMode": [-1,-1,-1,-1], "windData": [1,1,1,1] },
				"down": { "texture": "#cloth", "uv": [ 24.0, 8.0, 32.0, 16.0 ], "autoUv": false, "windMode": [-1,-1,-1,-1] }
			}
		},
		{
			"name": "Tailarmor1",
			"stepParentName": "Tail1",
			"from": [ -0.39, -0.5, -0.5 ],
			"to": [ 7.21, 4.3, 4.5 ],
			"uv": [ 0.0, 0.0 ],
			"rotationOrigin": [ -0.4, -0.5, -0.5 ],
			"faces": {
				"north": { "texture": "#cloth", "uv": [ 16.0, 0.0, 34.0, 16.0 ], "autoUv": false },
				"east": { "texture": "#cloth", "uv": [ 0.0, 24.0, 16.0, 64.0 ], "autoUv": false, "windMode": [-1,-1,-1,-1], "windData": [0,1,1,0] },
				"south": { "texture": "#cloth", "uv": [ 22.0, 24.0, 40.0, 39.0 ], "autoUv": false, "windMode": [-1,-1,-1,-1], "windData": [0,0,1,1] },
				"west": { "texture": "#cloth", "uv": [ 48.0, 24.0, 64.0, 64.0 ], "autoUv": false, "windMode": [-1,-1,-1,-1], "windData": [0,0,1,1] },
				"up": { "texture": "#cloth", "uv": [ 0.0, 0.0, 28.0, 24.0 ], "autoUv": false, "windMode": [-1,-1,-1,-1], "windData": [1,1,1,1] },
				"down": { "texture": "#cloth", "uv": [ 0.0, 0.0, 8.0, 8.0 ], "autoUv": false, "windMode": [-1,-1,-1,-1] }
			}
		},
		{
			"name": "Tailarmor2",
			"stepParentName": "Tail2",
			"from": [ -0.39, -0.3, -0.5 ],
			"to": [ 5.41, 4.0, 4.0 ],
			"uv": [ 0.0, 0.0 ],
			"rotationOrigin": [ -0.4, -0.3, -0.5 ],
			"faces": {
				"north": { "texture": "#cloth", "uv": [ 16.0, 0.0, 34.0, 16.0 ], "autoUv": false },
				"east": { "texture": "#cloth", "uv": [ 0.0, 24.0, 16.0, 64.0 ], "autoUv": false, "windMode": [-1,-1,-1,-1], "windData": [0,1,1,0] },
				"south": { "texture": "#cloth", "uv": [ 22.0, 24.0, 40.0, 39.0 ], "autoUv": false, "windMode": [-1,-1,-1,-1], "windData": [0,0,1,1] },
				"west": { "texture": "#cloth", "uv": [ 48.0, 24.0, 64.0, 64.0 ], "autoUv": false, "windMode": [-1,-1,-1,-1], "windData": [0,0,1,1] },
				"up": { "texture": "#cloth", "uv": [ 0.0, 0.0, 28.0, 24.0 ], "autoUv": false, "windMode": [-1,-1,-1,-1], "windData": [1,1,1,1] },
				"down": { "texture": "#cloth", "uv": [ 0.0, 0.0, 8.0, 8.0 ], "autoUv": false, "windMode": [-1,-1,-1,-1] }
			}
		},
		{
			"name": "Tailarmor3",
			"stepParentName": "Tail3",
			"from": [ -0.39, -0.1, -0.2 ],
			"to": [ 5.41, 3.3, 3.3 ],
			"uv": [ 0.0, 0.0 ],
			"rotationOrigin": [ -0.4, -0.1, -0.2 ],
			"faces": {
				"north": { "texture": "#cloth", "uv": [ 16.0, 0.0, 34.0, 16.0 ], "autoUv": false },
				"east": { "texture": "#cloth", "uv": [ 0.0, 24.0, 16.0, 64.0 ], "autoUv": false, "windMode": [-1,-1,-1,-1], "windData": [0,1,1,0] },
				"south": { "texture": "#cloth", "uv": [ 22.0, 24.0, 40.0, 39.0 ], "autoUv": false, "windMode": [-1,-1,-1,-1], "windData": [0,0,1,1] },
				"west": { "texture": "#cloth", "uv": [ 48.0, 24.0, 64.0, 64.0 ], "autoUv": false, "windMode": [-1,-1,-1,-1], "windData": [0,0,1,1] },
				"up": { "texture": "#cloth", "uv": [ 0.0, 0.0, 28.0, 24.0 ], "autoUv": false, "windMode": [-1,-1,-1,-1], "windData": [1,1,1,1] },
				"down": { "texture": "#cloth", "uv": [ 0.0, 0.0, 8.0, 8.0 ], "autoUv": false, "windMode": [-1,-1,-1,-1] }
			}
		},
		{
			"name": "Tailarmor4",
			"stepParentName": "Tail4",
			"from": [ -0.39, -0.1, -0.2 ],
			"to": [ 4.91, 2.4, 2.3 ],
			"uv": [ 0.0, 0.0 ],
			"rotationOrigin": [ -0.4, -0.1, -0.2 ],
			"faces": {
				"north": { "texture": "#cloth", "uv": [ 16.0, 0.0, 34.0, 16.0 ], "autoUv": false },
				"east": { "texture": "#cloth", "uv": [ 0.0, 24.0, 16.0, 64.0 ], "autoUv": false, "windMode": [-1,-1,-1,-1], "windData": [0,1,1,0] },
				"south": { "texture": "#cloth", "uv": [ 22.0, 24.0, 40.0, 39.0 ], "autoUv": false, "windMode": [-1,-1,-1,-1], "windData": [0,0,1,1] },
				"west": { "texture": "#cloth", "uv": [ 48.0, 24.0, 64.0, 64.0 ], "autoUv": false, "windMode": [-1,-1,-1,-1], "windData": [0,0,1,1] },
				"up": { "texture": "#cloth", "uv": [ 0.0, 0.0, 28.0, 24.0 ], "autoUv": false, "windMode": [-1,-1,-1,-1], "windData": [1,1,1,1] },
				"down": { "texture": "#cloth", "uv": [ 0.0, 0.0, 8.0, 8.0 ], "autoUv": false, "windMode": [-1,-1,-1,-1] }
			}
		}
	],
	"animations": [
	]
}