{
	"editor": {
		"collapsedPaths": "Root/centerBell",
		"allAngles": false,
		"entityTextureMode": false
	},
	"textureWidth": 16,
	"textureHeight": 16,
	"textureSizes": {
	},
	"textures": {
		"bell": "C:/Users/Wanja/Pictures/vintage story textures/bell"
	},
	"elements": [
		{
			"name": "centerBell",
			"from": [ 8.0, 6.0, 8.0 ],
			"to": [ 8.0, 6.0, 8.0 ],
			"rotationOrigin": [ 8.0, 6.0, 8.0 ],
			"rotationY": 90.0,
			"faces": {
			},
			"children": [
				{
					"name": "Cube1",
					"from": [ -1.5, 7.0, -1.5 ],
					"to": [ 1.5, 8.0, 1.5 ],
					"rotationOrigin": [ 0.0, 7.0, 0.0 ],
					"faces": {
						"north": { "texture": "#bell", "uv": [ 6.25, 1.25, 9.25, 2.25 ] },
						"east": { "texture": "#bell", "uv": [ 12.5, 6.0, 15.5, 7.0 ] },
						"south": { "texture": "#bell", "uv": [ 10.75, 8.75, 13.75, 9.75 ] },
						"west": { "texture": "#bell", "uv": [ 3.25, 8.25, 6.25, 9.25 ] },
						"up": { "texture": "#bell", "uv": [ 10.0, 9.25, 13.0, 12.25 ] },
						"down": { "texture": "#bell", "uv": [ 6.25, 5.75, 9.25, 8.75 ] }
					}
				},
				{
					"name": "Cube2",
					"from": [ -1.5, 6.0, -1.5 ],
					"to": [ -0.5, 7.0, -0.5 ],
					"rotationOrigin": [ 0.0, 6.0, 0.0 ],
					"faces": {
						"east": { "texture": "#bell", "uv": [ 11.75, 2.75, 12.75, 3.75 ] },
						"south": { "texture": "#bell", "uv": [ 5.5, 11.0, 6.5, 12.0 ], "windMode": [-1,-1,-1,-1] },
						"down": { "texture": "#bell", "uv": [ 4.75, 4.25, 5.75, 5.25 ] }
					}
				},
				{
					"name": "Cube3",
					"from": [ -1.5, 6.0, 0.5 ],
					"to": [ -0.5, 7.0, 1.5 ],
					"rotationOrigin": [ 0.0, 6.0, 2.0 ],
					"faces": {
						"north": { "texture": "#bell", "uv": [ 7.75, 1.75, 8.75, 2.75 ], "windMode": [-1,-1,-1,-1] },
						"east": { "texture": "#bell", "uv": [ 4.0, 4.25, 5.0, 5.25 ] },
						"down": { "texture": "#bell", "uv": [ 11.0, 1.0, 12.0, 2.0 ] }
					}
				},
				{
					"name": "Cube4",
					"from": [ 0.5, 6.0, 0.5 ],
					"to": [ 1.5, 7.0, 1.5 ],
					"rotationOrigin": [ 2.0, 6.0, 2.0 ],
					"faces": {
						"north": { "texture": "#bell", "uv": [ 14.5, 5.0, 15.5, 6.0 ] },
						"west": { "texture": "#bell", "uv": [ 11.5, 3.5, 12.5, 4.5 ], "windMode": [-1,-1,-1,-1] },
						"down": { "texture": "#bell", "uv": [ 12.5, 2.0, 13.5, 3.0 ] }
					}
				},
				{
					"name": "Cube5",
					"from": [ 0.5, 6.0, -1.5 ],
					"to": [ 1.5, 7.0, -0.5 ],
					"rotationOrigin": [ 2.0, 6.0, 0.0 ],
					"faces": {
						"south": { "texture": "#bell", "uv": [ 4.75, 2.5, 5.75, 3.5 ], "windMode": [-1,-1,-1,-1] },
						"west": { "texture": "#bell", "uv": [ 0.75, 1.75, 1.75, 2.75 ] },
						"down": { "texture": "#bell", "uv": [ 11.0, 3.0, 12.0, 4.0 ] }
					}
				},
				{
					"name": "Cube6",
					"from": [ 1.5, 2.0, -1.5 ],
					"to": [ 2.5, 7.0, 1.5 ],
					"rotationOrigin": [ 2.5, 2.0, -0.5 ],
					"faces": {
						"north": { "texture": "#bell", "uv": [ 1.0, 9.75, 2.0, 14.75 ], "windMode": [-1,-1,-1,-1] },
						"east": { "texture": "#bell", "uv": [ 0.75, 6.75, 3.75, 11.75 ], "windMode": [-1,-1,-1,-1] },
						"south": { "texture": "#bell", "uv": [ 11.25, 10.25, 12.25, 15.25 ] },
						"west": { "texture": "#bell", "uv": [ 9.0, 5.0, 12.0, 10.0 ] },
						"up": { "texture": "#bell", "uv": [ 6.5, 8.0, 7.5, 11.0 ], "windMode": [-1,-1,-1,-1] },
						"down": { "texture": "#bell", "uv": [ 3.25, 0.25, 4.25, 3.25 ] }
					}
				},
				{
					"name": "Cube7",
					"from": [ -2.5, 2.0, -1.5 ],
					"to": [ -1.5, 7.0, 1.5 ],
					"rotationOrigin": [ -1.5, 2.0, -0.5 ],
					"faces": {
						"north": { "texture": "#bell", "uv": [ 5.5, 10.25, 6.5, 15.25 ] },
						"east": { "texture": "#bell", "uv": [ 0.75, 9.75, 3.75, 14.75 ] },
						"south": { "texture": "#bell", "uv": [ 8.75, 1.75, 9.75, 6.75 ] },
						"west": { "texture": "#bell", "uv": [ 8.75, 4.25, 11.75, 9.25 ] },
						"up": { "texture": "#bell", "uv": [ 8.25, 12.25, 9.25, 15.25 ] },
						"down": { "texture": "#bell", "uv": [ 12.25, 1.5, 13.25, 4.5 ] }
					}
				},
				{
					"name": "Cube8",
					"from": [ -1.5, 2.0, -2.5 ],
					"to": [ 1.5, 7.0, -1.5 ],
					"rotationOrigin": [ -0.5, 2.0, -1.5 ],
					"faces": {
						"north": { "texture": "#bell", "uv": [ 11.75, 1.25, 14.75, 6.25 ] },
						"east": { "texture": "#bell", "uv": [ 0.75, 0.5, 1.75, 5.5 ] },
						"south": { "texture": "#bell", "uv": [ 10.5, 9.75, 13.5, 14.75 ] },
						"west": { "texture": "#bell", "uv": [ 12.25, 1.5, 13.25, 6.5 ] },
						"up": { "texture": "#bell", "uv": [ 1.5, 13.0, 4.5, 14.0 ] },
						"down": { "texture": "#bell", "uv": [ 7.5, 9.75, 10.5, 10.75 ] }
					}
				},
				{
					"name": "Cube9",
					"from": [ -1.5, 2.0, 1.5 ],
					"to": [ 1.5, 7.0, 2.5 ],
					"rotationOrigin": [ -0.5, 2.0, 2.5 ],
					"faces": {
						"north": { "texture": "#bell", "uv": [ 4.5, 1.75, 7.5, 6.75 ] },
						"east": { "texture": "#bell", "uv": [ 10.75, 8.75, 11.75, 13.75 ] },
						"south": { "texture": "#bell", "uv": [ 9.25, 0.5, 12.25, 5.5 ] },
						"west": { "texture": "#bell", "uv": [ 13.5, 8.0, 14.5, 13.0 ] },
						"up": { "texture": "#bell", "uv": [ 10.5, 5.75, 13.5, 6.75 ] },
						"down": { "texture": "#bell", "uv": [ 10.25, 1.25, 13.25, 2.25 ] }
					}
				},
				{
					"name": "Crown1",
					"from": [ 0.0, 8.0, -0.4 ],
					"to": [ 0.8, 9.7, 0.4 ],
					"rotationOrigin": [ 0.0, 8.0, -0.4 ],
					"rotationZ": -10.0,
					"faces": {
						"north": { "texture": "#bell", "uv": [ 4.5, 6.0, 5.25, 7.5 ] },
						"east": { "texture": "#bell", "uv": [ 10.0, 9.25, 10.75, 10.75 ] },
						"south": { "texture": "#bell", "uv": [ 0.5, 13.5, 1.25, 15.0 ] },
						"west": { "texture": "#bell", "uv": [ 7.25, 13.0, 8.0, 14.5 ] },
						"up": { "texture": "#bell", "uv": [ 1.0, 2.0, 1.75, 2.75 ] }
					}
				},
				{
					"name": "Crown2",
					"from": [ -0.8, 8.0, -0.4 ],
					"to": [ 0.0, 9.7, 0.4 ],
					"rotationOrigin": [ 0.0, 8.0, -0.4 ],
					"rotationZ": 10.0,
					"faces": {
						"north": { "texture": "#bell", "uv": [ 15.0, 0.25, 15.75, 1.75 ] },
						"east": { "texture": "#bell", "uv": [ 10.25, 11.5, 11.0, 13.0 ] },
						"south": { "texture": "#bell", "uv": [ 15.0, 7.0, 15.75, 8.5 ] },
						"west": { "texture": "#bell", "uv": [ 7.25, 12.5, 8.0, 14.0 ] },
						"up": { "texture": "#bell", "uv": [ 7.5, 10.5, 8.25, 11.25 ] }
					}
				},
				{
					"name": "Crown3",
					"from": [ -0.3, 9.1, -0.41 ],
					"to": [ 0.3, 9.7, 0.39 ],
					"rotationOrigin": [ -0.3878, 9.0611, -0.4 ],
					"faces": {
						"north": { "texture": "#bell", "uv": [ 5.5, 6.75, 6.0, 7.25 ] },
						"east": { "texture": "#bell", "uv": [ 11.75, 14.0, 12.5, 14.5 ] },
						"south": { "texture": "#bell", "uv": [ 9.5, 3.25, 10.0, 3.75 ] },
						"west": { "texture": "#bell", "uv": [ 7.75, 3.0, 8.5, 3.5 ] },
						"up": { "texture": "#bell", "uv": [ 0.5, 7.0, 1.0, 7.75 ] },
						"down": { "texture": "#bell", "uv": [ 11.5, 13.75, 12.0, 14.5 ] }
					}
				}
			]
		},
		{
			"name": "centerRim",
			"from": [ 8.0, 6.0, 8.0 ],
			"to": [ 8.0, 6.0, 8.0 ],
			"rotationOrigin": [ 8.0, 6.0, 8.0 ],
			"faces": {
			},
			"children": [
				{
					"name": "bellrim1",
					"from": [ -1.45, 1.0, 2.0 ],
					"to": [ 1.45, 2.0, 3.5 ],
					"rotationOrigin": [ 0.0, 1.0, 2.0 ],
					"faces": {
						"north": { "texture": "#bell", "uv": [ 3.5, 10.75, 6.0, 11.75 ], "autoUv": false, "windMode": [-1,-1,-1,-1] },
						"south": { "texture": "#bell", "uv": [ 7.5, 1.0, 10.25, 2.0 ] },
						"up": { "texture": "#bell", "uv": [ 9.75, 0.75, 12.5, 2.25 ] },
						"down": { "texture": "#bell", "uv": [ 11.5, 7.0, 14.25, 8.5 ] }
					}
				},
				{
					"name": "bellrim2",
					"from": [ -1.45, 1.01, 2.0 ],
					"to": [ 1.45, 2.01, 3.5 ],
					"rotationOrigin": [ 0.0, 1.0, 0.0 ],
					"rotationY": 45.0,
					"faces": {
						"north": { "texture": "#bell", "uv": [ 6.75, 1.25, 9.5, 2.25 ] },
						"south": { "texture": "#bell", "uv": [ 12.75, 6.25, 15.5, 7.25 ] },
						"up": { "texture": "#bell", "uv": [ 13.25, 9.0, 16.0, 10.5 ] },
						"down": { "texture": "#bell", "uv": [ 12.0, 1.0, 14.75, 2.5 ] }
					}
				},
				{
					"name": "bellrim3",
					"from": [ -1.45, 1.0, 2.0 ],
					"to": [ 1.45, 2.0, 3.5 ],
					"rotationOrigin": [ 0.0, 1.0, 0.0 ],
					"rotationY": 90.0,
					"faces": {
						"north": { "texture": "#bell", "uv": [ 3.75, 11.25, 6.5, 12.25 ] },
						"south": { "texture": "#bell", "uv": [ 1.25, 14.5, 4.0, 15.5 ] },
						"up": { "texture": "#bell", "uv": [ 1.0, 2.5, 3.75, 4.0 ] },
						"down": { "texture": "#bell", "uv": [ 3.5, 9.5, 6.25, 11.0 ] }
					}
				},
				{
					"name": "bellrim4",
					"from": [ -1.45, 1.01, 2.0 ],
					"to": [ 1.45, 2.01, 3.5 ],
					"rotationOrigin": [ 0.0, 1.0, 0.0 ],
					"rotationY": -45.0,
					"faces": {
						"north": { "texture": "#bell", "uv": [ 2.0, 12.5, 4.75, 13.5 ] },
						"south": { "texture": "#bell", "uv": [ 12.0, 8.0, 14.75, 9.0 ] },
						"up": { "texture": "#bell", "uv": [ 7.25, 0.0, 10.0, 1.5 ] },
						"down": { "texture": "#bell", "uv": [ 5.75, 10.25, 8.5, 11.75 ] }
					}
				},
				{
					"name": "bellrim5",
					"from": [ -1.45, 1.0, 2.0 ],
					"to": [ 1.45, 2.0, 3.5 ],
					"rotationOrigin": [ 0.0, 1.0, 0.0 ],
					"rotationY": -90.0,
					"faces": {
						"north": { "texture": "#bell", "uv": [ 0.75, 8.0, 3.5, 9.0 ] },
						"south": { "texture": "#bell", "uv": [ 9.25, 3.75, 12.0, 4.75 ] },
						"up": { "texture": "#bell", "uv": [ 5.75, 10.75, 8.5, 12.25 ] },
						"down": { "texture": "#bell", "uv": [ 4.0, 13.25, 6.75, 14.75 ] }
					}
				},
				{
					"name": "bellrim6",
					"from": [ -1.45, 1.01, 2.0 ],
					"to": [ 1.45, 2.01, 3.5 ],
					"rotationOrigin": [ 0.0, 1.0, 0.0 ],
					"rotationY": -135.0,
					"faces": {
						"north": { "texture": "#bell", "uv": [ 12.25, 5.5, 15.0, 6.5 ] },
						"south": { "texture": "#bell", "uv": [ 9.25, 6.75, 12.0, 7.75 ] },
						"up": { "texture": "#bell", "uv": [ 10.5, 2.75, 13.25, 4.25 ] },
						"down": { "texture": "#bell", "uv": [ 10.25, 6.0, 13.0, 7.5 ] }
					}
				},
				{
					"name": "bellrim7",
					"from": [ -1.45, 1.01, 2.0 ],
					"to": [ 1.45, 2.01, 3.5 ],
					"rotationOrigin": [ 0.0, 1.0, 0.0 ],
					"rotationY": 135.0,
					"faces": {
						"north": { "texture": "#bell", "uv": [ 7.0, 1.0, 9.75, 2.0 ] },
						"south": { "texture": "#bell", "uv": [ 5.0, 14.25, 7.75, 15.25 ] },
						"up": { "texture": "#bell", "uv": [ 7.75, 12.0, 10.5, 13.5 ] },
						"down": { "texture": "#bell", "uv": [ 0.75, 11.5, 3.5, 13.0 ] }
					}
				},
				{
					"name": "bellrim8",
					"from": [ -1.45, 1.0, 2.0 ],
					"to": [ 1.45, 2.0, 3.5 ],
					"rotationOrigin": [ 0.0, 1.0, 0.0 ],
					"rotationY": 180.0,
					"faces": {
						"north": { "texture": "#bell", "uv": [ 1.0, 6.75, 3.75, 7.75 ] },
						"south": { "texture": "#bell", "uv": [ 1.0, 14.5, 3.75, 15.5 ], "windMode": [-1,-1,-1,-1] },
						"up": { "texture": "#bell", "uv": [ 0.0, 4.25, 2.75, 5.75 ] },
						"down": { "texture": "#bell", "uv": [ 11.0, 12.0, 13.75, 13.5 ] }
					}
				}
			]
		},
		{
			"name": "Empty",
			"from": [ 0.0, 0.0, 0.0 ],
			"to": [ 0.0, 0.0, 0.0 ],
			"faces": {
			},
			"attachmentpoints": [
				{
					"code": "BellAttachmentBell",
					"posX": "8.0","posY": "14.8","posZ": "8.0",
					"rotationX": "0.0","rotationY": "0.0","rotationZ": "0.0"
				}
			]
		}
	]}