{
	"editor": {
		"collapsedPaths": "Root/centerBell",
		"allAngles": false,
		"entityTextureMode": false
	},
	"textureWidth": 16,
	"textureHeight": 16,
	"textureSizes": {
	},
	"textures": {
		"bell": "C:/Users/Wanja/Pictures/vintage story textures/bell"
	},
	"elements": [
		{
			"name": "Clapper1",
			"from": [ 7.7, 6.7, 7.7 ],
			"to": [ 8.3, 12.6, 8.3 ],
			"rotationOrigin": [ 7.7, 6.7, 7.7 ],
			"faces": {
				"north": { "texture": "#bell", "uv": [ 3.75, 1.75, 4.25, 7.5 ] },
				"east": { "texture": "#bell", "uv": [ 1.0, 4.75, 1.5, 10.5 ] },
				"south": { "texture": "#bell", "uv": [ 4.0, 5.75, 4.5, 11.5 ] },
				"west": { "texture": "#bell", "uv": [ 11.5, 5.0, 12.0, 10.75 ] }
			},
			"children": [
				{
					"name": "Clapper2",
					"from": [ -0.2, -0.7, -0.2 ],
					"to": [ 0.8, 0.7, 0.8 ],
					"rotationOrigin": [ -0.2, -0.7, -0.2 ],
					"faces": {
						"north": { "texture": "#bell", "uv": [ 3.5, 7.25, 4.5, 8.5 ] },
						"east": { "texture": "#bell", "uv": [ 8.0, 6.0, 9.0, 7.25 ] },
						"south": { "texture": "#bell", "uv": [ 11.5, 9.25, 12.5, 10.5 ] },
						"west": { "texture": "#bell", "uv": [ 8.0, 9.25, 9.0, 10.5 ] },
						"down": { "texture": "#bell", "uv": [ 10.5, 1.25, 11.5, 2.25 ] }
					}
				}
			]
		}
	]}