{
	"editor": {
		"collapsedPaths": "Root/root/slope2",
		"allAngles": false,
		"entityTextureMode": false
	},
	"textureWidth": 16,
	"textureHeight": 16,
	"textureSizes": {
	},
	"textures": {
	},
	"elements": [
		{
			"name": "Origin",
			"from": [ 8.0, 0.0, 8.0 ],
			"to": [ 8.0, 0.0, 8.0 ],
			"rotationOrigin": [ 8.0, 0.0, 8.0 ],
			"rotationY": 90.0,
			"faces": {
			},
			"children": [
				{
					"name": "Cube13",
					"from": [ -7.99, -3.0, 6.99 ],
					"to": [ 7.99, 1.0, 7.99 ],
					"rotationOrigin": [ -8.0, -3.0, 7.0 ],
					"faces": {
						"north": { "texture": "#wood", "uv": [ 0.0, 11.5, 15.5, 15.5 ] },
						"east": { "texture": "#wood", "uv": [ 7.5, 10.0, 8.5, 14.0 ] },
						"south": { "texture": "#wood", "uv": [ 0.0, 11.0, 15.5, 15.0 ] },
						"west": { "texture": "#wood", "uv": [ 1.5, 1.5, 2.5, 5.5 ] },
						"up": { "texture": "#wood", "uv": [ 0.0, 1.5, 15.5, 2.5 ] },
						"down": { "texture": "#wood", "uv": [ 0.0, 6.0, 15.5, 7.0 ] }
					},
					"children": [
						{
							"name": "Cube14",
							"from": [ 1.6, 12.8, 0.2 ],
							"to": [ 7.6, 13.8, 0.8 ],
							"rotationOrigin": [ 1.6, 12.8, 0.2 ],
							"rotationZ": 45.0,
							"faces": {
								"north": { "texture": "#wood", "uv": [ 5.5, 10.5, 11.5, 11.5 ] },
								"south": { "texture": "#wood", "uv": [ 9.0, 14.0, 15.0, 15.0 ] },
								"up": { "texture": "#wood", "uv": [ 5.0, 8.0, 11.0, 8.5 ] },
								"down": { "texture": "#wood", "uv": [ 4.0, 9.0, 10.0, 9.5 ] }
							}
						},
						{
							"name": "Cube15",
							"from": [ 1.6, 12.8, -14.8 ],
							"to": [ 7.6, 13.8, -14.2 ],
							"rotationOrigin": [ 1.6, 12.8, -14.8 ],
							"rotationZ": 45.0,
							"faces": {
								"north": { "texture": "#wood", "uv": [ 6.5, 11.0, 12.5, 12.0 ] },
								"south": { "texture": "#wood", "uv": [ 5.5, 6.5, 11.5, 7.5 ] },
								"up": { "texture": "#wood", "uv": [ 2.0, 9.5, 8.0, 10.0 ] },
								"down": { "texture": "#wood", "uv": [ 9.5, 7.5, 15.5, 8.0 ] }
							}
						},
						{
							"name": "Cube16",
							"from": [ 14.3, 12.8, -14.8 ],
							"to": [ 20.3, 13.8, -14.2 ],
							"rotationOrigin": [ 14.3, 13.8, -14.8 ],
							"rotationZ": 135.0,
							"faces": {
								"north": { "texture": "#wood", "uv": [ 3.5, 2.5, 9.5, 3.5 ] },
								"south": { "texture": "#wood", "uv": [ 9.5, 11.0, 15.5, 12.0 ] },
								"up": { "texture": "#wood", "uv": [ 8.0, 4.5, 14.0, 5.0 ] },
								"down": { "texture": "#wood", "uv": [ 1.5, 12.5, 7.5, 13.0 ] }
							}
						},
						{
							"name": "Cube17",
							"from": [ 14.3, 12.8, 0.2 ],
							"to": [ 20.3, 13.8, 0.8 ],
							"rotationOrigin": [ 14.3, 13.8, 0.2 ],
							"rotationZ": 135.0,
							"faces": {
								"north": { "texture": "#wood", "uv": [ 4.5, 11.5, 10.5, 12.5 ] },
								"south": { "texture": "#wood", "uv": [ 5.0, 3.5, 11.0, 4.5 ] },
								"up": { "texture": "#wood", "uv": [ 9.0, 11.0, 15.0, 11.5 ] },
								"down": { "texture": "#wood", "uv": [ 1.0, 1.0, 7.0, 1.5 ] }
							}
						}
					]
				},
				{
					"name": "Cube12",
					"from": [ -7.99, -3.0, -7.99 ],
					"to": [ 7.99, 1.0, -4.99 ],
					"rotationOrigin": [ -8.0, -3.0, -8.0 ],
					"faces": {
						"north": { "texture": "#wood", "uv": [ 0.0, 4.5, 15.5, 8.5 ] },
						"east": { "texture": "#wood", "uv": [ 5.5, 3.5, 8.5, 7.5 ] },
						"south": { "texture": "#wood", "uv": [ 0.0, 11.0, 15.5, 15.0 ] },
						"west": { "texture": "#wood", "uv": [ 5.5, 10.5, 8.5, 14.5 ] },
						"up": { "texture": "#wood", "uv": [ 0.0, 10.0, 15.5, 13.0 ] },
						"down": { "texture": "#wood", "uv": [ 0.0, 6.5, 15.5, 9.5 ] }
					},
					"children": [
						{
							"name": "black1",
							"from": [ 6.0, 3.01, 1.7 ],
							"to": [ 7.0, 4.01, 2.7 ],
							"rotationOrigin": [ 6.0, 3.0, 1.7 ],
							"faces": {
								"up": { "texture": "#black", "uv": [ 0.0, 0.0, 1.0, 1.0 ] }
							}
						},
						{
							"name": "black2",
							"from": [ 9.0, 3.01, 1.7 ],
							"to": [ 10.0, 4.01, 2.7 ],
							"rotationOrigin": [ 9.0, 3.0, 1.7 ],
							"faces": {
								"up": { "texture": "#black", "uv": [ 0.0, 0.0, 1.0, 1.0 ] }
							},
							"children": [
								{
									"name": "rope2",
									"from": [ -2.8, 0.0, 0.1 ],
									"to": [ -2.5, 15.4, 0.9 ],
									"rotationOrigin": [ -2.8, 0.0, 0.1 ],
									"rotationX": 1.0,
									"faces": {
										"north": { "texture": "#rope", "uv": [ 0.0, 0.0, 0.5, 15.0 ] },
										"east": { "texture": "#rope", "uv": [ 0.0, 0.0, 0.5, 15.0 ] },
										"south": { "texture": "#rope", "uv": [ 0.0, 0.0, 0.5, 15.0 ] },
										"west": { "texture": "#rope", "uv": [ 0.0, 0.0, 0.5, 15.0 ] }
									},
									"children": [
										{
											"name": "rope3",
											"from": [ 0.0, 15.4, 0.0 ],
											"to": [ 0.3, 16.9, 0.8 ],
											"rotationOrigin": [ 0.0, 15.4, 0.0 ],
											"rotationZ": -45.0,
											"faces": {
												"north": { "texture": "#rope", "uv": [ 11.5, 0.0, 12.0, 1.5 ] },
												"east": { "texture": "#rope", "uv": [ 9.0, 13.5, 9.5, 15.0 ] },
												"south": { "texture": "#rope", "uv": [ 4.0, 13.0, 4.5, 14.5 ] },
												"west": { "texture": "#rope", "uv": [ 15.0, 13.5, 15.5, 15.0 ] }
											},
											"children": [
												{
													"name": "rope4",
													"from": [ 0.0, 1.5, 0.0 ],
													"to": [ 0.3, 2.9, 0.8 ],
													"rotationOrigin": [ 0.0, 1.5, 0.0 ],
													"rotationZ": -45.0,
													"faces": {
														"north": { "texture": "#rope", "uv": [ 14.5, 1.0, 15.0, 2.0 ] },
														"east": { "texture": "#rope", "uv": [ 9.0, 10.0, 9.5, 11.0 ] },
														"south": { "texture": "#rope", "uv": [ 9.0, 10.0, 9.5, 11.0 ] },
														"west": { "texture": "#rope", "uv": [ 3.5, 9.0, 4.0, 10.0 ] }
													},
													"children": [
														{
															"name": "rope5",
															"from": [ 0.0, 1.4, 0.0 ],
															"to": [ 0.3, 2.9, 0.8 ],
															"rotationOrigin": [ 0.0, 1.4, 0.0 ],
															"rotationZ": -45.0,
															"faces": {
																"north": { "texture": "#rope", "uv": [ 14.5, 1.0, 15.0, 2.5 ] },
																"east": { "texture": "#rope", "uv": [ 9.0, 10.0, 9.5, 11.5 ] },
																"south": { "texture": "#rope", "uv": [ 9.0, 10.0, 9.5, 11.5 ] },
																"west": { "texture": "#rope", "uv": [ 3.5, 9.0, 4.0, 10.5 ] }
															},
															"children": [
																{
																	"name": "rope6",
																	"from": [ 0.0, 1.5, 0.0 ],
																	"to": [ 0.3, 16.5, 0.8 ],
																	"rotationOrigin": [ 0.0, 1.5, 0.0 ],
																	"rotationZ": -45.0,
																	"faces": {
																		"north": { "texture": "#rope", "uv": [ 11.5, 0.0, 12.0, 15.0 ] },
																		"east": { "texture": "#rope", "uv": [ 9.0, 0.0, 9.5, 15.0 ] },
																		"south": { "texture": "#rope", "uv": [ 4.5, 0.0, 5.0, 15.0 ] },
																		"west": { "texture": "#rope", "uv": [ 6.5, 1.0, 7.0, 16.0 ] }
																	}
																}
															]
														}
													]
												}
											]
										}
									]
								}
							]
						}
					]
				},
				{
					"name": "Cube7",
					"from": [ -8.0, 14.0, 6.3 ],
					"to": [ 8.0, 16.0, 8.3 ],
					"rotationOrigin": [ -8.0, 14.0, 6.3 ],
					"faces": {
						"north": { "texture": "#wood", "uv": [ 0.0, 0.0, 16.0, 2.0 ] },
						"east": { "texture": "#wood", "uv": [ 2.0, 12.5, 4.0, 14.5 ] },
						"south": { "texture": "#wood", "uv": [ 0.0, 10.5, 16.0, 12.5 ] },
						"west": { "texture": "#wood", "uv": [ 12.5, 13.0, 14.5, 15.0 ] },
						"up": { "texture": "#wood", "uv": [ 0.0, 2.0, 16.0, 4.0 ] },
						"down": { "texture": "#wood", "uv": [ 0.0, 5.5, 16.0, 7.5 ] }
					},
					"children": [
						{
							"name": "Cube6",
							"from": [ 0.0, 0.0, -14.6 ],
							"to": [ 16.0, 2.0, -12.6 ],
							"rotationOrigin": [ 0.0, 0.0, -14.6 ],
							"faces": {
								"north": { "texture": "#wood", "uv": [ 0.0, 12.0, 16.0, 14.0 ] },
								"east": { "texture": "#wood", "uv": [ 13.0, 3.0, 15.0, 5.0 ] },
								"south": { "texture": "#wood", "uv": [ 0.0, 6.5, 16.0, 8.5 ] },
								"west": { "texture": "#wood", "uv": [ 4.0, 11.5, 6.0, 13.5 ] },
								"up": { "texture": "#wood", "uv": [ 0.0, 3.0, 16.0, 5.0 ] },
								"down": { "texture": "#wood", "uv": [ 0.0, 2.0, 16.0, 4.0 ] }
							}
						}
					]
				},
				{
					"name": "Cube10",
					"from": [ 6.3, -2.0, -8.0 ],
					"to": [ 7.8, 14.0, -6.5 ],
					"rotationOrigin": [ 6.3, -2.0, -8.0 ],
					"faces": {
						"north": { "texture": "#wood", "uv": [ 0.0, 1.0, 16.0, 2.5 ], "rotation": 90 },
						"east": { "texture": "#wood", "uv": [ 0.0, 13.5, 16.0, 15.0 ], "rotation": 90 },
						"south": { "texture": "#wood", "uv": [ 0.0, 6.5, 16.0, 8.0 ], "rotation": 90 },
						"west": { "texture": "#wood", "uv": [ 0.0, 13.5, 16.0, 15.0 ], "rotation": 90 }
					},
					"children": [
						{
							"name": "Cube11",
							"from": [ -14.1, 0.0, 0.0 ],
							"to": [ -12.6, 16.0, 1.5 ],
							"rotationOrigin": [ -14.1, 0.0, 0.0 ],
							"faces": {
								"north": { "texture": "#wood", "uv": [ 0.0, 12.5, 16.0, 14.0 ], "rotation": 90 },
								"east": { "texture": "#wood", "uv": [ 0.0, 6.5, 16.0, 8.0 ], "rotation": 90 },
								"south": { "texture": "#wood", "uv": [ 0.0, 3.0, 16.0, 4.5 ], "rotation": 90 },
								"west": { "texture": "#wood", "uv": [ 0.0, 1.5, 16.0, 3.0 ], "rotation": 90 }
							}
						}
					]
				},
				{
					"name": "Cube9",
					"from": [ 6.3, -2.0, 6.5 ],
					"to": [ 7.8, 14.0, 8.0 ],
					"rotationOrigin": [ 6.3, -2.0, 6.5 ],
					"faces": {
						"north": { "texture": "#wood", "uv": [ 0.0, 11.5, 16.0, 13.0 ], "rotation": 90 },
						"east": { "texture": "#wood", "uv": [ 0.0, 1.5, 16.0, 3.0 ], "rotation": 90 },
						"south": { "texture": "#wood", "uv": [ 0.0, 13.5, 16.0, 15.0 ], "rotation": 90 },
						"west": { "texture": "#wood", "uv": [ 0.0, 9.0, 16.0, 10.5 ], "rotation": 90 }
					},
					"children": [
						{
							"name": "Cube8",
							"from": [ -14.1, 0.0, 0.0 ],
							"to": [ -12.6, 16.0, 1.5 ],
							"rotationOrigin": [ -14.1, 0.0, 0.0 ],
							"faces": {
								"north": { "texture": "#wood", "uv": [ 0.0, 0.5, 16.0, 2.0 ], "rotation": 90 },
								"east": { "texture": "#wood", "uv": [ 0.0, 11.0, 16.0, 12.5 ], "rotation": 90 },
								"south": { "texture": "#wood", "uv": [ 0.0, 1.5, 16.0, 3.0 ], "rotation": 90 },
								"west": { "texture": "#wood", "uv": [ 0.0, 9.0, 16.0, 10.5 ], "rotation": 90 }
							}
						}
					]
				}
			]
		},
		{
			"name": "EMPTY",
			"from": [ 0.0, 0.0, 0.0 ],
			"to": [ 0.0, 0.0, 0.0 ],
			"faces": {
			},
			"attachmentpoints": [
				{
					"code": "RotorAxis",
					"posX": "8.0","posY": "14.8","posZ": "8.0",
					"rotationX": "0.0","rotationY": "0.0","rotationZ": "0.0"
				},
				{
					"code": "BellAttachmentFrame",
					"posX": "8.0","posY": "14.8","posZ": "8.0",
					"rotationX": "0.0","rotationY": "0.0","rotationZ": "0.0"
				}
			]
		}
	]}