{
	"editor": {
		"collapsedPaths": "Root/root/slope2",
		"allAngles": false,
		"entityTextureMode": false
	},
	"textureWidth": 16,
	"textureHeight": 16,
	"textureSizes": {
	},
	"textures": {
		"metal": "C:/Users/Wanja/Pictures/vintage story textures/metal"
	},
	"elements": [
		{
			"name": "originRotor",
			"from": [ 8.0, 0.0, 8.0 ],
			"to": [ 8.0, 0.0, 8.0 ],
			"rotationOrigin": [ 8.0, 0.0, 8.0 ],
			"rotationY": 90.0,
			"faces": {
			},
			"children": [
				{
					"name": "rotor1",
					"from": [ -0.3, 14.5, -7.0 ],
					"to": [ 0.3, 15.1, 8.0 ],
					"rotationOrigin": [ 0.0, 14.8, -7.0 ],
					"rotationZ": 45.0,
					"faces": {
						"east": { "texture": "#metal", "uv": [ 0.5, 13.0, 15.5, 13.5 ] },
						"west": { "texture": "#metal", "uv": [ 0.5, 11.0, 15.5, 11.5 ] },
						"up": { "texture": "#metal", "uv": [ 0.0, 3.0, 15.0, 3.5 ], "rotation": 90 },
						"down": { "texture": "#metal", "uv": [ 1.0, 3.0, 16.0, 3.5 ], "rotation": 90 }
					},
					"children": [
						{
							"name": "Cube18",
							"from": [ -1.3, -0.3, 1.01 ],
							"to": [ 1.7, 0.9, 2.01 ],
							"rotationOrigin": [ 0.2, 0.3, 1.0 ],
							"faces": {
								"north": { "texture": "#metal", "uv": [ 2.5, 9.0, 5.5, 10.0 ] },
								"east": { "texture": "#metal", "uv": [ 1.0, 4.0, 2.0, 5.0 ] },
								"south": { "texture": "#metal", "uv": [ 10.5, 2.5, 13.5, 3.5 ] },
								"west": { "texture": "#metal", "uv": [ 1.0, 6.0, 2.0, 7.0 ] },
								"up": { "texture": "#metal", "uv": [ 8.5, 9.0, 11.5, 10.0 ] },
								"down": { "texture": "#metal", "uv": [ 10.5, 13.0, 13.5, 14.0 ] }
							}
						},
						{
							"name": "Cube19",
							"from": [ -1.3, -0.3, 1.0 ],
							"to": [ 1.7, 0.9, 2.0 ],
							"rotationOrigin": [ 0.2, 0.3, 1.0 ],
							"rotationZ": 45.0,
							"faces": {
								"north": { "texture": "#metal", "uv": [ 10.5, 7.0, 13.5, 8.0 ] },
								"east": { "texture": "#metal", "uv": [ 10.0, 4.0, 11.0, 5.0 ] },
								"south": { "texture": "#metal", "uv": [ 1.0, 14.0, 4.0, 15.0 ] },
								"west": { "texture": "#metal", "uv": [ 4.5, 2.0, 5.5, 3.0 ] },
								"up": { "texture": "#metal", "uv": [ 11.5, 7.5, 14.5, 8.5 ] },
								"down": { "texture": "#metal", "uv": [ 3.0, 0.5, 6.0, 1.5 ] }
							}
						},
						{
							"name": "Cube20",
							"from": [ -1.3, -0.3, 1.02 ],
							"to": [ 1.7, 0.9, 2.02 ],
							"rotationOrigin": [ 0.2, 0.3, 1.0 ],
							"rotationZ": 90.0,
							"faces": {
								"north": { "texture": "#metal", "uv": [ 7.5, 7.5, 10.5, 8.5 ] },
								"east": { "texture": "#metal", "uv": [ 13.5, 10.0, 14.5, 11.0 ] },
								"south": { "texture": "#metal", "uv": [ 0.5, 11.5, 3.5, 12.5 ] },
								"west": { "texture": "#metal", "uv": [ 14.0, 3.5, 15.0, 4.5 ] },
								"up": { "texture": "#metal", "uv": [ 11.0, 13.0, 14.0, 14.0 ] },
								"down": { "texture": "#metal", "uv": [ 10.0, 1.5, 13.0, 2.5 ] }
							}
						},
						{
							"name": "Cube21",
							"from": [ -1.3, -0.3, 0.99 ],
							"to": [ 1.7, 0.9, 1.99 ],
							"rotationOrigin": [ 0.2, 0.3, 1.0 ],
							"rotationZ": 135.0,
							"faces": {
								"north": { "texture": "#metal", "uv": [ 10.0, 6.5, 13.0, 7.5 ] },
								"east": { "texture": "#metal", "uv": [ 3.0, 5.5, 4.0, 6.5 ] },
								"south": { "texture": "#metal", "uv": [ 4.5, 1.0, 7.5, 2.0 ] },
								"west": { "texture": "#metal", "uv": [ 5.5, 9.5, 6.5, 10.5 ] },
								"up": { "texture": "#metal", "uv": [ 0.0, 6.5, 3.0, 7.5 ] },
								"down": { "texture": "#metal", "uv": [ 7.0, 12.0, 10.0, 13.0 ] }
							}
						}
					]
				}
			]
		},
		{
			"name": "EMPTY",
			"from": [ 0.0, 0.0, 0.0 ],
			"to": [ 0.0, 0.0, 0.0 ],
			"rotationOrigin": [ 0.0, 0.0, 0.0 ],
			"rotationY": 89.98,
			"faces": {
			},
			"attachmentpoints": [
				{
					"code": "RotorAxis",
					"posX": "-8.0","posY": "14.8","posZ": "8.0",
					"rotationX": "0.0","rotationY": "0.0","rotationZ": "0.0"
				},
				{
					"code": "BellAttachment",
					"posX": "-8.0","posY": "14.8","posZ": "8.0",
					"rotationX": "0.0","rotationY": "0.0","rotationZ": "0.0"
				}
			]
		}
	]}