{
	"code": "asphaltstairs",
	"class": "BlockStairs",
	"attributes": {
		"mapColorCode": "settlement",
		"canChisel": true,
		"chiselShapeFromCollisionBox": true,
		"handbook": {
			"groupBy": ["asphaltstairs-up-north"]	
		},
		"partialAttachable": true,
		"liquidBarrierOnSidesByType": {
		   "*-up-north": [ 1.0, 0.5, 0.5, 0.5 ],
		   "*-up-south": [ 0.5, 0.5, 1.0, 0.5 ],
		   "*-up-west": [ 0.5, 0.5, 0.5, 1.0 ],
		   "*-up-east": [ 0.5, 1.0, 0.5, 0.5 ]
		}
	},
	"behaviors": [
		{ "name": "WrenchOrientable", "properties": { "baseCode": "asphaltstairs-*-*" } }
	],
	"variantgroups": [
		{ "loadFromProperties": "abstract/verticalorientation" },
		{ "loadFromProperties": "abstract/horizontalorientation" }
	],
	"creativeinventory": { "general": ["*-up-north"], "construction": ["*-up-north"], "vinteng-decor": ["*-up-north"] },
	"sideSolidOpaqueAoByType": {	
		"*-up-north": { "all":false, "down":true, "north": true },
		"*-up-west": { "all":false, "down":true, "west": true },
		"*-up-south": { "all":false, "down":true, "south": true },
		"*-up-east": { "all":false, "down":true, "east": true },
		"*-down-north": { "all":false, "up":true, "north": true },
		"*-down-south": { "all":false, "up":true, "south": true },
		"*-down-west": { "all":false, "up":true, "west": true },
		"*-down-east": { "all":false, "up":true, "east": true }
	},
	"shapebytype": { 
		"*-up-north": { "base": "game:block/basic/stairs/normal", "rotateY": 0 },
		"*-up-west": { "base": "game:block/basic/stairs/normal", "rotateY": 90 },
		"*-up-south": { "base": "game:block/basic/stairs/normal", "rotateY": 180 },
		"*-up-east": { "base": "game:block/basic/stairs/normal", "rotateY": 270 },
		"*-down-north": { "base": "game:block/basic/stairs/normal", "rotateY": 0, "rotateZ": 180 },
		"*-down-west": { "base": "game:block/basic/stairs/normal", "rotateY": 90, "rotateX": 180 },
		"*-down-south": { "base": "game:block/basic/stairs/normal", "rotateY": 180, "rotateZ": 180 },
		"*-down-east": { "base": "game:block/basic/stairs/normal", "rotateY": 270, "rotateX": 180 }
	},
	"faceCullMode": "Stairs",
	"blockmaterial": "Stone",
	"textures": {
		"sides": {"base": "block/stone/asphalt" }
	},
	"replaceable": 160,
	"resistance": 4,
	"sounds": {
		"walk": "walk/stone",
		"byTool": {
			"Pickaxe": { "hit": "game:block/rock-hit-pickaxe", "break": "game:block/rock-break-pickaxe" }
		}
	},
	"collisionselectionBoxesByType": {
		"*-up-*": [
			{ "x1": 0, "y1": 0, "z1": 0, "x2": 1, "y2": 0.25, "z2": 1 },
			{ 
				"x1": 0.25, "y1": 0, "z1": 0, "x2": 1, "y2": 0.5, "z2": 1, 
				"rotateYByType": {
					"*-north": 90,
					"*-east": 0,
					"*-south": 270,
					"*-west": 180
				}
			},
            { 
				"x1": 0.5, "y1": 0, "z1": 0, "x2": 1, "y2": 0.75, "z2": 1, 
				"rotateYByType": {
					"*-north": 90,
					"*-east": 0,
					"*-south": 270,
					"*-west": 180
				}
			},
            { 
				"x1": 0.75, "y1": 0, "z1": 0, "x2": 1, "y2": 1, "z2": 1, 
				"rotateYByType": {
					"*-north": 90,
					"*-east": 0,
					"*-south": 270,
					"*-west": 180
				}
			}
		],
		"*-down-*": [
			{ "x1": 0.75, "y1": 0.75, "z1": 0, "x2": 1, "y2": 1, "z2": 1 },
			{ 
				"x1": 0.5, "y1": 0.5, "z1": 0, "x2": 0.75, "y2": 0.75, "z2": 1, 
				"rotateYByType": {
					"*-north": 90,
					"*-east": 270,
					"*-west": 180
				}
			},
            { 
				"x1": 0.25, "y1": 0.25, "z1": 0, "x2": 0.5, "y2": 0.5, "z2": 1, 
				"rotateYByType": {
					"*-north": 90,
					"*-east": 0,
					"*-south": 270,
					"*-west": 180
				}
			},
            { 
				"x1": 0, "y1": 0, "z1": 0, "x2": 0.25, "y2": 0.25, "z2": 1, 
				"rotateYByType": {
					"*-north": 90,
					"*-east": 0,
					"*-south": 270,
					"*-west": 180
				}
			}
		]
	},
	"heldTpIdleAnimation": "holdbothhandslarge", "heldRightReadyAnimation": "heldblockready", "heldTpUseAnimation": "twohandplaceblock",
	"tpHandTransform": {
		"translation": { "x": -1.23, "y": -0.91, "z": -0.8 },
		"rotation": { "x": -2, "y": 25, "z": -78 },
		"scale": 0.4
	},
    "walkspeedmultiplier": 1.6
}