{
	"code": "industrialglass",
	"variantgroups": [
		{ "code": "color", "states": [ "plain" ] }
	],
	"attributes": {
		"canChisel": true
	},
	"drawtype": "Cube",
	"creativeinventory": {
		"vinteng-decor": [ "*" ]

	},
	"blockmaterial": "Glass",
	"faceCullMode": "MergeMaterial",
	"replaceable": 900,
	"lightAbsorption": 0,
	"renderPass": "Transparent",
	"vertexFlags": {
		"zOffset": 2,
		"shiny": true
	},
	"textures": {
		"all": { "base": "block/glass/industrialglass-plain" }
	},
	"resistance": 0.25,
	"sideopaque": {
		"all": false
	},
	"sounds": {
		"place": "game:player/buildhigh",
		"break": "game:block/glass",
		"hit": "game:block/glass",
		"walk":"game:walk/glass*"
	},
	"groundTransform": {
		"origin": {
			"x": 0.5,
			"y": -0.01,
			"z": 0.5
		}
	},
	"heldTpIdleAnimation": "holdbothhandslarge",
	"heldTpUseAnimation": "twohandplaceblock",
	"tpHandTransform": {
		"translation": {
			"x": -1.2,
			"y": -1.1,
			"z": -0.8
		},
		"rotation": {
			"x": -2,
			"y": 25,
			"z": -78
		},
		"scale": 0.37
	}
}