[
	{
	"code": "glassbatchluminous-opaque",
	"ingredientPattern": "MQ,BB",
	"ingredients": {
		"M": { "type": "item", "code": "em:powdered-ore-magnetite", "quantity": 2 },
		"Q": { "type": "item", "code": "em:powdered-ore-quartz", "quantity": 2 },
		"B": { "type": "item", "code": "bricklayers:glassbatchluminous-plain-*-normal", "quantity": 1, "name": "color",
			"allowedVariants": [ "black", "blue", "brown", "green", "orange", "pink", "red", "violet", "white", "yellow" ] }
	},
	"width": 2,
	"height": 2,
	"recipeGroup": 4,
	"output": { "type": "item", "code": "bricklayers:glassbatchluminous-opaque-{color}-normal", "quantity": 4 }
	},

	{
	"code": "glassbatchluminous-opaque",
	"ingredientPattern": "MQ,BB",
	"ingredients": {
		"M": { "type": "item", "code": "em:powdered-metal-rusty", "quantity": 2 },
		"Q": { "type": "item", "code": "em:powdered-ore-quartz", "quantity": 2 },
		"B": { "type": "item", "code": "bricklayers:glassbatchluminous-plain-*-normal", "quantity": 1, "name": "color",
			"allowedVariants": [ "black", "blue", "brown", "green", "orange", "pink", "red", "violet", "white", "yellow" ] }
	},
	"width": 2,
	"height": 2,
	"recipeGroup": 4,
	"output": { "type": "item", "code": "bricklayers:glassbatchluminous-opaque-{color}-normal", "quantity": 4 }
	},

	{
	"code": "glassbatchluminous-opaque",
	"ingredientPattern": "MQ,BB",
	"ingredients": {
		"M": { "type": "item", "code": "em:powdered-metal-nickel", "quantity": 2 },
		"Q": { "type": "item", "code": "em:powdered-ore-quartz", "quantity": 2 },
		"B": { "type": "item", "code": "bricklayers:glassbatchluminous-plain-*-normal", "quantity": 1, "name": "color",
			"allowedVariants": [ "black", "blue", "brown", "green", "orange", "pink", "red", "violet", "white", "yellow" ] }
	},
	"width": 2,
	"height": 2,
	"recipeGroup": 4,
	"output": { "type": "item", "code": "bricklayers:glassbatchluminous-opaque-{color}-normal", "quantity": 4 }
	},

	{
	"code": "glassbatchluminous-opaque",
	"ingredientPattern": "MQ,BB",
	"ingredients": {
		"M": { "type": "item", "code": "em:powdered-ore-cupronickel", "quantity": 2 },
		"Q": { "type": "item", "code": "em:powdered-ore-quartz", "quantity": 2 },
		"B": { "type": "item", "code": "bricklayers:glassbatchluminous-plain-*-normal", "quantity": 1, "name": "color",
			"allowedVariants": [ "black", "blue", "brown", "green", "orange", "pink", "red", "violet", "white", "yellow" ] }
	},
	"width": 2,
	"height": 2,
	"recipeGroup": 4,
	"output": { "type": "item", "code": "bricklayers:glassbatchluminous-opaque-{color}-normal", "quantity": 4 }
	},

	{
	"code": "glassbatchluminous-opaque",
	"ingredientPattern": "MQ,BB",
	"ingredients": {
		"M": { "type": "item", "code": "em:powdered-ore-cassiterite", "quantity": 2 },
		"Q": { "type": "item", "code": "em:powdered-ore-quartz", "quantity": 2 },
		"B": { "type": "item", "code": "bricklayers:glassbatchluminous-plain-white-normal", "quantity": 1 }
	},
	"width": 2,
	"height": 2,
	"recipeGroup": 4,
	"output": { "type": "item", "code": "bricklayers:glassbatchluminous-opaque-white-normal", "quantity": 4 }
	}

]
