{
	"editor": {
		"allAngles": false,
		"entityTextureMode": false
	},
	"textureWidth": 16,
	"textureHeight": 16,
	"textureSizes": {
		"metal": [16,16],
		"handle": [16,16]
	},
	"textures": {
		"string": "game:item/tool/material/string",
		"metal": "game:block/metal/ingot/copper",
		"handle": "game:item/tool/material/handle"
	},
	"elements": [
		{
			"name": "origin",
			"from": [ 10.0, 0.5, 7.7 ],
			"to": [ 10.0, 0.5, 7.7 ],
			"rotationOrigin": [ 8.0, 0.0, 8.0 ],
			"faces": {
			},
			"children": [
				{
					"name": " knob",
					"from": [ -14.4517, -0.2934, -0.2858 ],
					"to": [ -13.1905, 0.7921, 0.7962 ],
					"rotationOrigin": [ -14.453, 0.2484, 0.2543 ],
					"faces": {
						"north": { "texture": "#metal", "uv": [ 6.0, 9.0, 7.0, 10.0 ] },
						"east": { "texture": "#metal", "uv": [ 7.0, 9.0, 8.0, 10.0 ] },
						"south": { "texture": "#metal", "uv": [ 8.0, 9.0, 9.0, 10.0 ] },
						"west": { "texture": "#metal", "uv": [ 9.0, 9.0, 10.0, 10.0 ] },
						"up": { "texture": "#metal", "uv": [ 6.0, 8.0, 7.0, 9.0 ], "rotation": 90 },
						"down": { "texture": "#metal", "uv": [ 7.0, 8.0, 8.0, 9.0 ] }
					},
					"children": [
						{
							"name": " knob1",
							"from": [ -0.8653, 0.2307, 0.23 ],
							"to": [ -0.1412, 0.8539, 0.8512 ],
							"rotationOrigin": [ -0.8653, 0.5417, 0.5401 ],
							"rotationX": 45.0,
							"faces": {
								"north": { "texture": "#metal", "uv": [ 10.0, 8.0, 11.0, 9.0 ], "autoUv": false },
								"east": { "texture": "#metal", "uv": [ 11.0, 8.0, 12.0, 9.0 ], "autoUv": false },
								"south": { "texture": "#metal", "uv": [ 12.0, 8.0, 13.0, 9.0 ], "autoUv": false },
								"west": { "texture": "#metal", "uv": [ 13.0, 8.0, 14.0, 9.0 ], "autoUv": false },
								"up": { "texture": "#metal", "uv": [ 10.0, 7.0, 11.0, 8.0 ], "rotation": 90, "autoUv": false },
								"down": { "texture": "#metal", "uv": [ 12.0, 8.0, 11.0, 7.0 ], "autoUv": false }
							}
						},
						{
							"name": " knob2",
							"from": [ -0.1847, 0.3119, 0.311 ],
							"to": [ 0.3503, 0.7724, 0.7699 ],
							"rotationOrigin": [ -0.1847, 0.5417, 0.5401 ],
							"rotationX": 45.0,
							"faces": {
								"north": { "texture": "#metal", "uv": [ 12.0, 6.0, 12.5, 6.5 ] },
								"east": { "texture": "#metal", "uv": [ 12.5, 6.0, 13.0, 6.5 ] },
								"south": { "texture": "#metal", "uv": [ 13.0, 6.0, 13.5, 6.5 ] },
								"west": { "texture": "#metal", "uv": [ 13.5, 6.0, 14.0, 6.5 ] },
								"up": { "texture": "#metal", "uv": [ 12.0, 5.5, 12.5, 6.0 ], "rotation": 90 },
								"down": { "texture": "#metal", "uv": [ 12.5, 5.5, 13.0, 6.0 ] }
							}
						}
					]
				},
				{
					"name": " pommel",
					"from": [ 4.5, -0.74, -0.7209 ],
					"to": [ 6.5, 1.26, 1.4711 ],
					"rotationOrigin": [ 4.5, -0.7362, -0.7433 ],
					"faces": {
						"north": { "texture": "#metal", "uv": [ 7.0, 8.5, 9.0, 10.5 ] },
						"east": { "texture": "#metal", "uv": [ 9.0, 8.5, 11.0, 10.5 ] },
						"south": { "texture": "#metal", "uv": [ 11.0, 8.5, 13.0, 10.5 ] },
						"west": { "texture": "#metal", "uv": [ 13.0, 8.5, 15.0, 10.5 ] },
						"up": { "texture": "#metal", "uv": [ 7.0, 6.5, 9.0, 8.5 ], "rotation": 90 },
						"down": { "texture": "#metal", "uv": [ 9.0, 6.5, 11.0, 8.5 ] }
					}
				},
				{
					"name": " pommel.001",
					"from": [ 4.7005, -0.534, 1.4387 ],
					"to": [ 6.2802, 1.0457, 2.1993 ],
					"rotationOrigin": [ 4.7005, -0.531, 1.4309 ],
					"faces": {
						"north": { "texture": "#metal", "uv": [ 6.5, 8.5, 8.0, 10.0 ] },
						"east": { "texture": "#metal", "uv": [ 8.0, 8.5, 8.5, 10.0 ] },
						"south": { "texture": "#metal", "uv": [ 8.5, 8.5, 10.0, 10.0 ] },
						"west": { "texture": "#metal", "uv": [ 10.0, 8.5, 10.5, 10.0 ] },
						"up": { "texture": "#metal", "uv": [ 6.5, 7.0, 7.0, 8.5 ], "rotation": 90 },
						"down": { "texture": "#metal", "uv": [ 7.0, 7.0, 8.5, 7.5 ] }
					}
				},
				{
					"name": " pommel.002",
					"from": [ 4.2366, -1.0009, 2.7634 ],
					"to": [ 6.7627, 1.5252, 3.9797 ],
					"rotationOrigin": [ 4.2366, -0.9961, 2.7509 ],
					"faces": {
						"north": { "texture": "#metal", "uv": [ 7.5, 11.0, 10.0, 13.5 ] },
						"east": { "texture": "#metal", "uv": [ 9.0, 8.0, 10.0, 10.5 ] },
						"south": { "texture": "#metal", "uv": [ 10.5, 10.0, 13.0, 12.5 ] },
						"west": { "texture": "#metal", "uv": [ 10.5, 9.0, 11.5, 11.5 ] },
						"up": { "texture": "#metal", "uv": [ 6.5, 11.0, 7.5, 13.5 ], "rotation": 90 },
						"down": { "texture": "#metal", "uv": [ 8.5, 12.0, 11.0, 13.0 ] }
					}
				},
				{
					"name": " pommel.003",
					"from": [ 4.4543, -0.782, 1.9903 ],
					"to": [ 6.5588, 1.3225, 3.5333 ],
					"rotationOrigin": [ 4.4543, -0.778, 1.9746 ],
					"faces": {
						"north": { "texture": "#metal", "uv": [ 7.0, 9.5, 9.0, 11.5 ] },
						"east": { "texture": "#metal", "uv": [ 9.0, 9.5, 10.5, 11.5 ] },
						"south": { "texture": "#metal", "uv": [ 10.5, 9.5, 12.5, 11.5 ] },
						"west": { "texture": "#metal", "uv": [ 12.5, 9.5, 14.0, 11.5 ] },
						"up": { "texture": "#metal", "uv": [ 7.0, 7.5, 8.5, 9.5 ], "rotation": 90 },
						"down": { "texture": "#metal", "uv": [ 8.5, 7.5, 10.5, 9.0 ] }
					}
				},
				{
					"name": " pommel.004",
					"from": [ 4.5615, -0.6645, 0.921 ],
					"to": [ 6.421, 1.195, 1.8164 ],
					"rotationOrigin": [ 4.5615, -0.661, 0.9119 ],
					"faces": {
						"north": { "texture": "#metal", "uv": [ 7.0, 9.5, 8.5, 11.0 ] },
						"east": { "texture": "#metal", "uv": [ 8.5, 9.5, 9.0, 11.0 ] },
						"south": { "texture": "#metal", "uv": [ 9.0, 9.5, 10.5, 11.0 ] },
						"west": { "texture": "#metal", "uv": [ 10.5, 9.5, 11.0, 11.0 ] },
						"up": { "texture": "#metal", "uv": [ 7.0, 8.0, 7.5, 9.5 ], "rotation": 90 },
						"down": { "texture": "#metal", "uv": [ 7.5, 8.0, 9.0, 8.5 ] }
					}
				},
				{
					"name": " pommel.005",
					"from": [ 4.5024, -0.2495, -2.8157 ],
					"to": [ 6.4944, 0.461, -2.0978 ],
					"rotationOrigin": [ 4.5024, -0.2481, -2.8231 ],
					"rotationX": -45.0,
					"faces": {
						"north": { "texture": "#metal", "uv": [ 7.5, 10.0, 9.0, 10.5 ] },
						"east": { "texture": "#metal", "uv": [ 9.0, 10.0, 9.5, 10.5 ] },
						"south": { "texture": "#metal", "uv": [ 9.5, 10.0, 11.0, 10.5 ] },
						"west": { "texture": "#metal", "uv": [ 11.0, 10.0, 11.5, 10.5 ] },
						"up": { "texture": "#metal", "uv": [ 7.5, 8.5, 8.0, 10.0 ], "rotation": 90 },
						"down": { "texture": "#metal", "uv": [ 8.0, 8.5, 9.5, 9.0 ] }
					}
				},
				{
					"name": " pommel.006",
					"from": [ 4.5037, -0.2415, -2.8183 ],
					"to": [ 6.4977, 0.4185, -0.6263 ],
					"rotationOrigin": [ 4.5037, -0.2403, -2.8407 ],
					"rotationX": 13.0,
					"faces": {
						"north": { "texture": "#metal", "uv": [ 7.0, 9.5, 8.5, 10.0 ] },
						"east": { "texture": "#metal", "uv": [ 8.5, 9.5, 10.5, 10.0 ] },
						"south": { "texture": "#metal", "uv": [ 10.5, 9.5, 12.0, 10.0 ] },
						"west": { "texture": "#metal", "uv": [ 12.0, 9.5, 14.0, 10.0 ] },
						"up": { "texture": "#metal", "uv": [ 7.0, 7.5, 9.0, 9.0 ], "rotation": 90 },
						"down": { "texture": "#metal", "uv": [ 9.0, 7.5, 10.5, 9.5 ] }
					}
				},
				{
					"name": " pommel.007",
					"from": [ 4.5037, 0.1174, -2.671 ],
					"to": [ 6.4977, 0.7774, -0.479 ],
					"rotationOrigin": [ 4.5037, 0.1186, -2.6934 ],
					"rotationX": -13.0,
					"faces": {
						"north": { "texture": "#metal", "uv": [ 7.0, 10.0, 8.5, 10.5 ] },
						"east": { "texture": "#metal", "uv": [ 8.5, 10.0, 10.5, 10.5 ] },
						"south": { "texture": "#metal", "uv": [ 10.5, 10.0, 12.0, 10.5 ] },
						"west": { "texture": "#metal", "uv": [ 12.0, 10.0, 14.0, 10.5 ] },
						"up": { "texture": "#metal", "uv": [ 7.0, 8.0, 9.0, 9.5 ], "rotation": 90 },
						"down": { "texture": "#metal", "uv": [ 9.0, 8.0, 10.5, 10.0 ] }
					}
				},
				{
					"name": " pommel.008",
					"from": [ 4.5037, -0.3423, -2.1096 ],
					"to": [ 6.4942, 0.8702, -0.5887 ],
					"rotationOrigin": [ 4.5037, -0.34, -2.1252 ],
					"faces": {
						"north": { "texture": "#metal", "uv": [ 7.0, 9.5, 8.5, 10.5 ] },
						"east": { "texture": "#metal", "uv": [ 8.5, 9.5, 10.0, 10.5 ] },
						"south": { "texture": "#metal", "uv": [ 10.0, 9.5, 11.5, 10.5 ] },
						"west": { "texture": "#metal", "uv": [ 11.5, 9.5, 13.0, 10.5 ] },
						"up": { "texture": "#metal", "uv": [ 7.0, 8.0, 8.5, 9.5 ], "rotation": 90 },
						"down": { "texture": "#metal", "uv": [ 8.5, 8.0, 10.0, 9.5 ] }
					}
				},
				{
					"name": "handle",
					"from": [ -9.168, -0.5, -0.5 ],
					"to": [ 5.5056, 1.0, 1.0 ],
					"rotationOrigin": [ -4.78, -0.2, 0.0 ],
					"faces": {
						"north": { "texture": "#handle", "uv": [ 0.5, 0.5, 15.0, 2.0 ] },
						"east": { "texture": "#handle", "uv": [ 6.0, 13.0, 7.5, 14.5 ] },
						"south": { "texture": "#handle", "uv": [ 1.0, 4.0, 15.5, 5.5 ] },
						"up": { "texture": "#handle", "uv": [ 1.0, 2.5, 15.5, 4.0 ] },
						"down": { "texture": "#handle", "uv": [ 0.0, 5.5, 14.5, 7.0 ] }
					}
				},
				{
					"name": "handle16",
					"from": [ -14.0763, -0.5673, -0.5673 ],
					"to": [ -12.6977, 1.0673, 1.0673 ],
					"rotationOrigin": [ -15.5265, -8.0, 0.0 ],
					"faces": {
						"north": { "texture": "#metal", "uv": [ 10.0, 3.5, 11.0, 5.0 ] },
						"east": { "texture": "#metal", "uv": [ 8.5, 3.5, 10.0, 5.0 ] },
						"south": { "texture": "#metal", "uv": [ 7.0, 4.5, 8.0, 6.0 ] },
						"west": { "texture": "#metal", "uv": [ 6.5, 3.0, 8.0, 4.5 ] },
						"up": { "texture": "#metal", "uv": [ 8.5, 2.0, 9.5, 3.5 ] },
						"down": { "texture": "#metal", "uv": [ 8.0, 2.5, 9.0, 4.0 ], "rotation": 180 }
					}
				},
				{
					"name": "handle16.001",
					"from": [ -12.8528, -0.5, -0.5 ],
					"to": [ -9.1631, 1.0, 1.0 ],
					"rotationOrigin": [ -14.1511, -8.0, 0.0 ],
					"faces": {
						"north": { "texture": "#handle", "uv": [ 6.5, 3.5, 10.0, 5.0 ] },
						"south": { "texture": "#handle", "uv": [ 10.5, 2.0, 14.0, 3.5 ] },
						"west": { "texture": "#handle", "uv": [ 7.5, 4.0, 9.0, 5.5 ] },
						"up": { "texture": "#handle", "uv": [ 7.5, 1.5, 11.0, 3.0 ] },
						"down": { "texture": "#handle", "uv": [ 2.0, 2.5, 5.5, 4.0 ], "rotation": 180 }
					}
				},
				{
					"name": "pins1",
					"from": [ 2.2149, -0.7, 0.065 ],
					"to": [ 2.5149, 1.2, 0.365 ],
					"rotationOrigin": [ 2.2156, -0.7024, 0.065 ],
					"rotationY": -45.0,
					"faces": {
						"north": { "texture": "#metal", "uv": [ 9.5, 9.5, 10.0, 11.0 ] },
						"east": { "texture": "#metal", "uv": [ 10.0, 9.5, 10.5, 11.0 ] },
						"south": { "texture": "#metal", "uv": [ 10.5, 9.5, 11.0, 11.0 ] },
						"west": { "texture": "#metal", "uv": [ 11.0, 9.5, 11.5, 11.0 ] },
						"up": { "texture": "#metal", "uv": [ 9.5, 9.0, 10.0, 9.5 ], "rotation": 90 },
						"down": { "texture": "#metal", "uv": [ 10.0, 9.0, 10.5, 9.5 ] }
					}
				},
				{
					"name": "pins1.001",
					"from": [ 0.8441, -0.7, 0.065 ],
					"to": [ 1.1441, 1.2, 0.365 ],
					"rotationOrigin": [ 0.8448, -0.7024, 0.065 ],
					"rotationY": -45.0,
					"faces": {
						"north": { "texture": "#metal", "uv": [ 7.0, 11.0, 7.5, 12.5 ] },
						"east": { "texture": "#metal", "uv": [ 7.5, 11.0, 8.0, 12.5 ] },
						"south": { "texture": "#metal", "uv": [ 8.0, 11.0, 8.5, 12.5 ] },
						"west": { "texture": "#metal", "uv": [ 8.5, 11.0, 9.0, 12.5 ] },
						"up": { "texture": "#metal", "uv": [ 7.0, 10.5, 7.5, 11.0 ], "rotation": 90 },
						"down": { "texture": "#metal", "uv": [ 7.5, 10.5, 8.0, 11.0 ] }
					}
				},
				{
					"name": "pins2",
					"from": [ 3.5, -0.7, 0.065 ],
					"to": [ 3.8, 1.2, 0.365 ],
					"rotationOrigin": [ 3.5007, -0.7024, 0.065 ],
					"rotationY": -45.0,
					"faces": {
						"north": { "texture": "#metal", "uv": [ 5.0, 12.0, 5.5, 13.5 ] },
						"east": { "texture": "#metal", "uv": [ 5.5, 12.0, 6.0, 13.5 ] },
						"south": { "texture": "#metal", "uv": [ 6.0, 12.0, 6.5, 13.5 ] },
						"west": { "texture": "#metal", "uv": [ 6.5, 12.0, 7.0, 13.5 ] },
						"up": { "texture": "#metal", "uv": [ 5.0, 11.5, 5.5, 12.0 ], "rotation": 90 },
						"down": { "texture": "#metal", "uv": [ 5.5, 11.5, 6.0, 12.0 ] }
					}
				},
				{
					"name": "segment main.005",
					"from": [ -0.2966, -0.6096, -0.4305 ],
					"to": [ 4.6833, 1.1137, 0.9271 ],
					"rotationOrigin": [ 0.4024, -0.6096, -0.4305 ],
					"faces": {
						"north": { "texture": "#metal", "uv": [ 1.0, 5.5, 5.5, 7.0 ] },
						"east": { "texture": "#metal", "uv": [ 5.5, 5.5, 6.5, 7.0 ] },
						"south": { "texture": "#metal", "uv": [ 6.5, 5.5, 11.0, 7.0 ] },
						"west": { "texture": "#metal", "uv": [ 11.0, 5.5, 12.0, 7.0 ] },
						"up": { "texture": "#metal", "uv": [ 1.0, 1.0, 2.0, 5.5 ], "rotation": 90 },
						"down": { "texture": "#metal", "uv": [ 2.0, 1.0, 6.5, 2.0 ] }
					}
				},
				{
					"name": "segment main.006",
					"from": [ -0.3007, -0.6042, -0.4287 ],
					"to": [ 0.6603, 1.107, 0.5289 ],
					"rotationOrigin": [ -0.3007, -0.6024, -0.4287 ],
					"rotationY": -45.0,
					"faces": {
						"north": { "texture": "#metal", "uv": [ 2.5, 12.5, 3.0, 14.0 ] },
						"east": { "texture": "#metal", "uv": [ 3.0, 12.5, 3.5, 14.0 ] },
						"south": { "texture": "#metal", "uv": [ 3.5, 12.5, 4.0, 14.0 ] },
						"west": { "texture": "#metal", "uv": [ 4.0, 12.5, 4.5, 14.0 ] },
						"up": { "texture": "#metal", "uv": [ 2.5, 12.0, 3.0, 12.5 ], "rotation": 90 },
						"down": { "texture": "#metal", "uv": [ 3.0, 12.0, 3.5, 12.5 ] }
					}
				}
			]
		}
	]}