{
	"editor": {
		"allAngles": false,
		"entityTextureMode": true
	},
	"textureWidth": 16,
	"textureHeight": 16,
	"textureSizes": {
		"metal": [16,16]
	},
	"textures": {
		"metal": "game:block/metal/ingot/copper",
		"handle": "game:item/tool/material/handle"
	},
	"elements": [
		{
			"name": "origin",
			"from": [ 8.0, 0.0, 8.0 ],
			"to": [ 8.0, 0.0, 8.0 ],
			"uv": [ 999.0, 999.0 ],
			"rotationOrigin": [ 8.0, 0.0, 8.0 ],
			"faces": {
			},
			"children": [
				{
					"name": "handle",
					"from": [ -3.02, -0.2622, -0.2865 ],
					"to": [ -3.02, -0.2622, -0.2865 ],
					"uv": [ 1.0, 1.0 ],
					"rotationOrigin": [ -1.7, -0.49, -0.5 ],
					"faces": {
						"up": { "texture": "#metal", "uv": [ 1.0, 1.0, 1.5, 1.5 ], "rotation": 180 }
					},
					"children": [
						{
							"name": "hilt",
							"from": [ 3.0141, -0.8638, -0.2366 ],
							"to": [ 3.6923, 1.3882, 0.8096 ],
							"uv": [ 1.0, 1.0 ],
							"rotationOrigin": [ 3.1034, 0.2622, 0.2865 ],
							"faces": {
								"north": { "texture": "#metal", "uv": [ 1.0, 2.0, 1.5, 4.0 ] },
								"east": { "texture": "#metal", "uv": [ 1.5, 2.0, 2.5, 4.0 ] },
								"south": { "texture": "#metal", "uv": [ 2.5, 2.0, 3.0, 4.0 ] },
								"west": { "texture": "#metal", "uv": [ 3.0, 2.0, 4.0, 4.0 ] },
								"up": { "texture": "#metal", "uv": [ 1.0, 1.0, 1.5, 2.0 ] },
								"down": { "texture": "#metal", "uv": [ 1.5, 1.0, 2.0, 2.0 ] }
							},
							"children": [
								{
									"name": "hilt2",
									"from": [ -4.6, 0.64, 0.1 ],
									"to": [ 0.0782, 1.6921, 0.9463 ],
									"uv": [ 0.5, 0.0 ],
									"rotationOrigin": [ -4.5107, 1.826, 0.52 ],
									"faces": {
										"north": { "texture": "#handle", "uv": [ 0.5, 0.5, 5.0, 1.5 ] },
										"east": { "texture": "#handle", "uv": [ 5.0, 0.5, 5.5, 1.5 ] },
										"south": { "texture": "#handle", "uv": [ 5.5, 0.5, 10.0, 1.5 ] },
										"west": { "texture": "#handle", "uv": [ 10.0, 0.5, 10.5, 1.5 ] },
										"up": { "texture": "#handle", "uv": [ 0.5, 0.0, 5.0, 0.5 ] },
										"down": { "texture": "#handle", "uv": [ 5.0, 0.0, 9.5, 0.5 ] }
									}
								}
							]
						},
						{
							"name": "hilt.001",
							"from": [ 3.6607, -0.0561, -0.23 ],
							"to": [ 6.7528, 0.5564, -4.0E-4 ],
							"uv": [ 0.0, 0.0 ],
							"rotationOrigin": [ 4.1653, 0.2622, 0.1569 ],
							"rotationY": -1.6555,
							"faces": {
								"north": { "texture": "#metal", "uv": [ 0.0, 0.5, 3.0, 1.0 ] },
								"east": { "texture": "#metal", "uv": [ 3.0, 0.5, 3.5, 1.0 ] },
								"south": { "texture": "#metal", "uv": [ 3.5, 0.5, 6.5, 1.0 ] },
								"west": { "texture": "#metal", "uv": [ 6.5, 0.5, 7.0, 1.0 ] },
								"up": { "texture": "#metal", "uv": [ 0.0, 0.0, 3.0, 0.5 ], "rotation": 180 },
								"down": { "texture": "#metal", "uv": [ 3.0, 0.0, 6.0, 0.5 ], "rotation": 180 }
							}
						},
						{
							"name": "hilt.002",
							"from": [ 11.1381, -0.099, 0.0459 ],
							"to": [ 11.9551, 0.701, 0.5271 ],
							"uv": [ 1.0, 1.0 ],
							"rotationOrigin": [ 11.477, 0.31, 0.2865 ],
							"rotationZ": -45.8397,
							"faces": {
								"north": { "texture": "#metal", "uv": [ 1.0, 1.5, 1.5, 2.0 ], "rotation": 90 },
								"east": { "texture": "#metal", "uv": [ 1.5, 1.5, 2.0, 2.0 ] },
								"south": { "texture": "#metal", "uv": [ 2.0, 1.5, 2.5, 2.0 ] },
								"west": { "texture": "#metal", "uv": [ 2.5, 1.5, 3.0, 2.0 ] },
								"up": { "texture": "#metal", "uv": [ 1.0, 1.0, 1.5, 1.5 ], "rotation": 270 },
								"down": { "texture": "#metal", "uv": [ 1.5, 1.0, 2.0, 1.5 ], "rotation": 270 }
							}
						},
						{
							"name": "hilt.003",
							"from": [ 1.578, -0.032, 0.57 ],
							"to": [ 4.6701, 0.5805, 0.7996 ],
							"uv": [ 1.0, 1.0 ],
							"rotationOrigin": [ 4.1654, 0.2622, 0.4151 ],
							"rotationX": 0.0,
							"rotationY": 1.6968,
							"rotationZ": -180.0,
							"faces": {
								"north": { "texture": "#metal", "uv": [ 1.0, 1.5, 4.0, 2.0 ], "rotation": 180 },
								"east": { "texture": "#metal", "uv": [ 4.0, 1.5, 4.5, 2.0 ], "rotation": 180 },
								"south": { "texture": "#metal", "uv": [ 4.5, 1.5, 7.5, 2.0 ], "rotation": 180 },
								"west": { "texture": "#metal", "uv": [ 7.5, 1.5, 8.0, 2.0 ], "rotation": 180 },
								"up": { "texture": "#metal", "uv": [ 1.0, 1.0, 4.0, 1.5 ] },
								"down": { "texture": "#metal", "uv": [ 4.0, 1.0, 7.0, 1.5 ] }
							}
						},
						{
							"name": "hilt.004",
							"from": [ 6.7077, 0.0237, -0.15 ],
							"to": [ 8.7425, 0.4691, 0.0489 ],
							"uv": [ 1.0, 1.0 ],
							"rotationOrigin": [ 7.3187, 0.2622, 0.1807 ],
							"rotationY": -1.6555,
							"faces": {
								"north": { "texture": "#metal", "uv": [ 1.0, 1.5, 3.0, 2.0 ] },
								"east": { "texture": "#metal", "uv": [ 3.0, 1.5, 3.5, 2.0 ] },
								"south": { "texture": "#metal", "uv": [ 3.5, 1.5, 5.5, 2.0 ] },
								"west": { "texture": "#metal", "uv": [ 5.5, 1.5, 6.0, 2.0 ] },
								"up": { "texture": "#metal", "uv": [ 1.0, 1.0, 3.0, 1.5 ], "rotation": 180 },
								"down": { "texture": "#metal", "uv": [ 3.0, 1.0, 5.0, 1.5 ], "rotation": 180 }
							}
						},
						{
							"name": "hilt.005",
							"from": [ -1.5615, 0.8853, 0.0743 ],
							"to": [ 6.2306, 1.3018, 0.4899 ],
							"uv": [ 0.0, 8.5 ],
							"rotationOrigin": [ 4.959, 1.0941, 0.2818 ],
							"rotationX": 44.9122,
							"rotationY": -3.1688,
							"rotationZ": 176.8263,
							"faces": {
								"north": { "texture": "#metal", "uv": [ 0.0, 9.0, 7.5, 9.5 ], "rotation": 180 },
								"east": { "texture": "#metal", "uv": [ 7.5, 9.0, 8.0, 9.5 ], "rotation": 180 },
								"south": { "texture": "#metal", "uv": [ 8.0, 9.0, 15.5, 9.5 ], "rotation": 180 },
								"west": { "texture": "#metal", "uv": [ 15.5, 9.0, 16.0, 9.5 ], "rotation": 180 },
								"up": { "texture": "#metal", "uv": [ 0.0, 8.5, 7.5, 9.0 ] },
								"down": { "texture": "#metal", "uv": [ 7.5, 8.5, 15.0, 9.0 ] }
							}
						},
						{
							"name": "hilt.006",
							"from": [ 5.89, 0.06, 0.52 ],
							"to": [ 7.9249, 0.5054, 0.7189 ],
							"uv": [ 1.0, 1.0 ],
							"rotationOrigin": [ 7.3188, 0.2622, 0.389 ],
							"rotationX": 0.0,
							"rotationY": 1.6968,
							"rotationZ": -180.0,
							"faces": {
								"north": { "texture": "#metal", "uv": [ 1.0, 1.5, 3.0, 2.0 ], "rotation": 180 },
								"east": { "texture": "#metal", "uv": [ 3.0, 1.5, 3.5, 2.0 ], "rotation": 180 },
								"south": { "texture": "#metal", "uv": [ 3.5, 1.5, 5.5, 2.0 ], "rotation": 180 },
								"west": { "texture": "#metal", "uv": [ 5.5, 1.5, 6.0, 2.0 ], "rotation": 180 },
								"up": { "texture": "#metal", "uv": [ 1.0, 1.0, 3.0, 1.5 ] },
								"down": { "texture": "#metal", "uv": [ 3.0, 1.0, 5.0, 1.5 ] }
							}
						},
						{
							"name": "hilt.007",
							"from": [ 8.7032, 0.1409, -0.12 ],
							"to": [ 10.9089, 0.3593, 0.0942 ],
							"uv": [ 1.0, 1.0 ],
							"rotationOrigin": [ 9.2639, 0.2622, 0.209 ],
							"rotationY": -1.6555,
							"faces": {
								"north": { "texture": "#metal", "uv": [ 1.0, 1.5, 3.0, 2.0 ] },
								"east": { "texture": "#metal", "uv": [ 3.0, 1.5, 3.5, 2.0 ] },
								"south": { "texture": "#metal", "uv": [ 3.5, 1.5, 5.5, 2.0 ] },
								"west": { "texture": "#metal", "uv": [ 5.5, 1.5, 6.0, 2.0 ] },
								"up": { "texture": "#metal", "uv": [ 1.0, 1.0, 3.0, 1.5 ], "rotation": 180 },
								"down": { "texture": "#metal", "uv": [ 3.0, 1.0, 5.0, 1.5 ], "rotation": 180 }
							}
						},
						{
							"name": "hilt.008",
							"from": [ 3.6459, 0.4858, -0.2429 ],
							"to": [ 11.5022, 1.1657, 0.1283 ],
							"uv": [ 0.0, 13.5 ],
							"rotationOrigin": [ 3.8156, 0.5454, 0.0222 ],
							"rotationX": 10.0041,
							"rotationY": -1.6304,
							"rotationZ": -2.0124,
							"faces": {
								"north": { "texture": "#metal", "uv": [ 0.0, 14.0, 7.5, 14.5 ] },
								"east": { "texture": "#metal", "uv": [ 7.5, 14.0, 8.0, 14.5 ] },
								"south": { "texture": "#metal", "uv": [ 8.0, 14.0, 15.5, 14.5 ] },
								"west": { "texture": "#metal", "uv": [ 15.5, 14.0, 16.0, 14.5 ] },
								"up": { "texture": "#metal", "uv": [ 0.0, 13.5, 7.5, 14.0 ], "rotation": 180 },
								"down": { "texture": "#metal", "uv": [ 7.5, 13.5, 15.0, 14.0 ], "rotation": 180 }
							}
						},
						{
							"name": "hilt.009",
							"from": [ 7.619, 0.1651, 0.47 ],
							"to": [ 9.8247, 0.3835, 0.6842 ],
							"uv": [ 1.0, 1.0 ],
							"rotationOrigin": [ 9.264, 0.2622, 0.3593 ],
							"rotationX": 0.0,
							"rotationY": 1.6968,
							"rotationZ": -180.0,
							"faces": {
								"north": { "texture": "#metal", "uv": [ 1.0, 1.5, 3.0, 2.0 ], "rotation": 180 },
								"east": { "texture": "#metal", "uv": [ 3.0, 1.5, 3.5, 2.0 ], "rotation": 180 },
								"south": { "texture": "#metal", "uv": [ 3.5, 1.5, 5.5, 2.0 ], "rotation": 180 },
								"west": { "texture": "#metal", "uv": [ 5.5, 1.5, 6.0, 2.0 ], "rotation": 180 },
								"up": { "texture": "#metal", "uv": [ 1.0, 1.0, 3.0, 1.5 ] },
								"down": { "texture": "#metal", "uv": [ 3.0, 1.0, 5.0, 1.5 ] }
							}
						},
						{
							"name": "hilt.010",
							"from": [ 3.6459, -0.6585, -0.2414 ],
							"to": [ 11.5022, 0.0214, 0.1298 ],
							"uv": [ 0.0, 11.5 ],
							"rotationOrigin": [ 3.8156, -0.0382, 0.0237 ],
							"rotationX": -10.0041,
							"rotationY": -1.6304,
							"rotationZ": 2.0124,
							"faces": {
								"north": { "texture": "#metal", "uv": [ 0.0, 12.0, 7.5, 12.5 ], "rotation": 180 },
								"east": { "texture": "#metal", "uv": [ 7.5, 12.0, 8.0, 12.5 ], "rotation": 180 },
								"south": { "texture": "#metal", "uv": [ 8.0, 12.0, 15.5, 12.5 ], "rotation": 180 },
								"west": { "texture": "#metal", "uv": [ 15.5, 12.0, 16.0, 12.5 ], "rotation": 180 },
								"up": { "texture": "#metal", "uv": [ 0.0, 11.5, 7.5, 12.0 ] },
								"down": { "texture": "#metal", "uv": [ 7.5, 11.5, 15.0, 12.0 ] }
							}
						},
						{
							"name": "hilt.011",
							"from": [ -3.8709, -0.075, 0.4439 ],
							"to": [ 3.9855, 0.6049, 0.8151 ],
							"uv": [ 0.0, 12.5 ],
							"rotationOrigin": [ 3.8157, 0.5454, 0.55 ],
							"rotationX": -10.0043,
							"rotationY": 1.671,
							"rotationZ": 177.9947,
							"faces": {
								"north": { "texture": "#metal", "uv": [ 0.0, 13.0, 7.5, 13.5 ], "rotation": 180 },
								"east": { "texture": "#metal", "uv": [ 7.5, 13.0, 8.0, 13.5 ], "rotation": 180 },
								"south": { "texture": "#metal", "uv": [ 8.0, 13.0, 15.5, 13.5 ], "rotation": 180 },
								"west": { "texture": "#metal", "uv": [ 15.5, 13.0, 16.0, 13.5 ], "rotation": 180 },
								"up": { "texture": "#metal", "uv": [ 0.0, 12.5, 7.5, 13.0 ] },
								"down": { "texture": "#metal", "uv": [ 7.5, 12.5, 15.0, 13.0 ] }
							}
						},
						{
							"name": "hilt.012",
							"from": [ -3.8709, -0.0977, 0.4424 ],
							"to": [ 3.9855, 0.5822, 0.8137 ],
							"uv": [ 0.0, 10.5 ],
							"rotationOrigin": [ 3.8157, -0.0382, 0.5485 ],
							"rotationX": 10.0043,
							"rotationY": 1.671,
							"rotationZ": -177.9947,
							"faces": {
								"north": { "texture": "#metal", "uv": [ 0.0, 11.0, 7.5, 11.5 ] },
								"east": { "texture": "#metal", "uv": [ 7.5, 11.0, 8.0, 11.5 ] },
								"south": { "texture": "#metal", "uv": [ 8.0, 11.0, 15.5, 11.5 ] },
								"west": { "texture": "#metal", "uv": [ 15.5, 11.0, 16.0, 11.5 ] },
								"up": { "texture": "#metal", "uv": [ 0.0, 10.5, 7.5, 11.0 ], "rotation": 180 },
								"down": { "texture": "#metal", "uv": [ 7.5, 10.5, 15.0, 11.0 ], "rotation": 180 }
							}
						},
						{
							"name": "hilt.013",
							"from": [ 3.6873, -0.7774, 0.0737 ],
							"to": [ 11.4794, -0.3609, 0.4894 ],
							"uv": [ 0.0, 9.5 ],
							"rotationOrigin": [ 4.959, -0.5697, 0.2818 ],
							"rotationX": 135.0878,
							"rotationY": 3.1688,
							"rotationZ": -3.1737,
							"faces": {
								"north": { "texture": "#metal", "uv": [ 0.0, 10.0, 7.5, 10.5 ] },
								"east": { "texture": "#metal", "uv": [ 7.5, 10.0, 8.0, 10.5 ] },
								"south": { "texture": "#metal", "uv": [ 8.0, 10.0, 15.5, 10.5 ] },
								"west": { "texture": "#metal", "uv": [ 15.5, 10.0, 16.0, 10.5 ] },
								"up": { "texture": "#metal", "uv": [ 0.0, 9.5, 7.5, 10.0 ], "rotation": 180 },
								"down": { "texture": "#metal", "uv": [ 7.5, 9.5, 15.0, 10.0 ], "rotation": 180 }
							}
						},
						{
							"name": "hilt.014",
							"from": [ 3.0643, 1.3395, -0.2108 ],
							"to": [ 3.7145, 2.0322, 0.7838 ],
							"uv": [ 1.0, 1.0 ],
							"rotationOrigin": [ 3.1499, 1.6859, 0.2865 ],
							"rotationZ": -7.1263,
							"faces": {
								"north": { "texture": "#metal", "uv": [ 1.0, 1.5, 1.5, 2.0 ] },
								"east": { "texture": "#metal", "uv": [ 1.5, 1.5, 2.0, 2.0 ] },
								"south": { "texture": "#metal", "uv": [ 2.0, 1.5, 2.5, 2.0 ] },
								"west": { "texture": "#metal", "uv": [ 2.5, 1.5, 3.0, 2.0 ] },
								"up": { "texture": "#metal", "uv": [ 1.0, 1.0, 1.5, 1.5 ] },
								"down": { "texture": "#metal", "uv": [ 1.5, 1.0, 2.0, 1.5 ] }
							}
						},
						{
							"name": "hilt.015",
							"from": [ 3.4755, 1.8482, -0.1537 ],
							"to": [ 4.1336, 3.025, 0.7267 ],
							"uv": [ 1.0, 1.0 ],
							"rotationOrigin": [ 3.5621, 2.4366, 0.2865 ],
							"rotationZ": -39.9269,
							"faces": {
								"north": { "texture": "#metal", "uv": [ 1.0, 1.5, 1.5, 2.5 ] },
								"east": { "texture": "#metal", "uv": [ 1.5, 1.5, 2.0, 2.5 ] },
								"south": { "texture": "#metal", "uv": [ 2.0, 1.5, 2.5, 2.5 ] },
								"west": { "texture": "#metal", "uv": [ 2.5, 1.5, 3.0, 2.5 ] },
								"up": { "texture": "#metal", "uv": [ 1.0, 1.0, 1.5, 1.5 ] },
								"down": { "texture": "#metal", "uv": [ 1.5, 1.0, 2.0, 1.5 ] }
							}
						},
						{
							"name": "hilt.016",
							"from": [ 4.3408, 2.1249, -0.1001 ],
							"to": [ 4.9989, 3.3017, 0.6731 ],
							"uv": [ 1.0, 1.0 ],
							"rotationOrigin": [ 4.4274, 2.7133, 0.2865 ],
							"rotationZ": -102.8283,
							"faces": {
								"north": { "texture": "#metal", "uv": [ 1.0, 1.5, 1.5, 2.5 ] },
								"east": { "texture": "#metal", "uv": [ 1.5, 1.5, 2.0, 2.5 ] },
								"south": { "texture": "#metal", "uv": [ 2.0, 1.5, 2.5, 2.5 ] },
								"west": { "texture": "#metal", "uv": [ 2.5, 1.5, 3.0, 2.5 ] },
								"up": { "texture": "#metal", "uv": [ 1.0, 1.0, 1.5, 1.5 ] },
								"down": { "texture": "#metal", "uv": [ 1.5, 1.0, 2.0, 1.5 ] }
							}
						},
						{
							"name": "hilt.017",
							"from": [ 4.6114, 2.2398, -0.0348 ],
							"to": [ 5.2695, 3.4166, 0.6078 ],
							"uv": [ 1.0, 1.0 ],
							"rotationOrigin": [ 4.698, 2.8282, 0.2865 ],
							"rotationZ": -31.8616,
							"faces": {
								"north": { "texture": "#metal", "uv": [ 1.0, 1.5, 1.5, 2.5 ] },
								"east": { "texture": "#metal", "uv": [ 1.5, 1.5, 2.0, 2.5 ] },
								"south": { "texture": "#metal", "uv": [ 2.0, 1.5, 2.5, 2.5 ] },
								"west": { "texture": "#metal", "uv": [ 2.5, 1.5, 3.0, 2.5 ] },
								"up": { "texture": "#metal", "uv": [ 1.0, 1.0, 1.5, 1.5 ] },
								"down": { "texture": "#metal", "uv": [ 1.5, 1.0, 2.0, 1.5 ] }
							}
						},
						{
							"name": "hilt.018",
							"from": [ 2.5853, -1.5078, -0.2108 ],
							"to": [ 3.2355, -0.8151, 0.7838 ],
							"uv": [ 1.0, 1.0 ],
							"rotationOrigin": [ 3.1499, -1.1615, 0.2865 ],
							"rotationX": 0.0,
							"rotationY": -180.0,
							"rotationZ": -7.1263,
							"faces": {
								"north": { "texture": "#metal", "uv": [ 1.0, 1.5, 1.5, 2.0 ], "rotation": 180 },
								"east": { "texture": "#metal", "uv": [ 1.5, 1.5, 2.0, 2.0 ], "rotation": 180 },
								"south": { "texture": "#metal", "uv": [ 2.0, 1.5, 2.5, 2.0 ], "rotation": 180 },
								"west": { "texture": "#metal", "uv": [ 2.5, 1.5, 3.0, 2.0 ], "rotation": 180 },
								"up": { "texture": "#metal", "uv": [ 1.0, 1.0, 1.5, 1.5 ], "rotation": 180 },
								"down": { "texture": "#metal", "uv": [ 1.5, 1.0, 2.0, 1.5 ], "rotation": 180 }
							}
						},
						{
							"name": "hilt.019",
							"from": [ 2.9907, -2.5006, -0.1537 ],
							"to": [ 3.6488, -1.3238, 0.7267 ],
							"uv": [ 1.0, 1.0 ],
							"rotationOrigin": [ 3.5621, -1.9122, 0.2865 ],
							"rotationX": 0.0,
							"rotationY": -180.0,
							"rotationZ": -39.9269,
							"faces": {
								"north": { "texture": "#metal", "uv": [ 1.0, 1.5, 1.5, 2.5 ], "rotation": 180 },
								"east": { "texture": "#metal", "uv": [ 1.5, 1.5, 2.0, 2.5 ], "rotation": 180 },
								"south": { "texture": "#metal", "uv": [ 2.0, 1.5, 2.5, 2.5 ], "rotation": 180 },
								"west": { "texture": "#metal", "uv": [ 2.5, 1.5, 3.0, 2.5 ], "rotation": 180 },
								"up": { "texture": "#metal", "uv": [ 1.0, 1.0, 1.5, 1.5 ], "rotation": 180 },
								"down": { "texture": "#metal", "uv": [ 1.5, 1.0, 2.0, 1.5 ], "rotation": 180 }
							}
						},
						{
							"name": "hilt.020",
							"from": [ 3.8559, -2.7773, -0.1001 ],
							"to": [ 4.5141, -1.6005, 0.6731 ],
							"uv": [ 1.0, 1.0 ],
							"rotationOrigin": [ 4.4274, -2.1889, 0.2865 ],
							"rotationX": -180.0,
							"rotationY": 0.0,
							"rotationZ": 77.1717,
							"faces": {
								"north": { "texture": "#metal", "uv": [ 1.0, 1.5, 1.5, 2.5 ], "rotation": 180 },
								"east": { "texture": "#metal", "uv": [ 1.5, 1.5, 2.0, 2.5 ], "rotation": 180 },
								"south": { "texture": "#metal", "uv": [ 2.0, 1.5, 2.5, 2.5 ], "rotation": 180 },
								"west": { "texture": "#metal", "uv": [ 2.5, 1.5, 3.0, 2.5 ], "rotation": 180 },
								"up": { "texture": "#metal", "uv": [ 1.0, 1.0, 1.5, 1.5 ], "rotation": 180 },
								"down": { "texture": "#metal", "uv": [ 1.5, 1.0, 2.0, 1.5 ], "rotation": 180 }
							}
						},
						{
							"name": "hilt.021",
							"from": [ 4.1265, -2.8922, -0.0348 ],
							"to": [ 4.7847, -1.7154, 0.6078 ],
							"uv": [ 1.0, 1.0 ],
							"rotationOrigin": [ 4.698, -2.3038, 0.2865 ],
							"rotationX": 0.0,
							"rotationY": -180.0,
							"rotationZ": -31.8616,
							"faces": {
								"north": { "texture": "#metal", "uv": [ 1.0, 1.5, 1.5, 2.5 ], "rotation": 180 },
								"east": { "texture": "#metal", "uv": [ 1.5, 1.5, 2.0, 2.5 ], "rotation": 180 },
								"south": { "texture": "#metal", "uv": [ 2.0, 1.5, 2.5, 2.5 ], "rotation": 180 },
								"west": { "texture": "#metal", "uv": [ 2.5, 1.5, 3.0, 2.5 ], "rotation": 180 },
								"up": { "texture": "#metal", "uv": [ 1.0, 1.0, 1.5, 1.5 ], "rotation": 180 },
								"down": { "texture": "#metal", "uv": [ 1.5, 1.0, 2.0, 1.5 ], "rotation": 180 }
							}
						},
						{
							"name": "pommel",
							"from": [ -2.4716, -0.9216, -0.4049 ],
							"to": [ -1.9292, 1.4481, 0.9686 ],
							"uv": [ 1.0, 1.0 ],
							"rotationOrigin": [ -1.5634, 0.2562, 0.1089 ],
							"faces": {
								"north": { "texture": "#metal", "uv": [ 1.0, 2.0, 1.5, 4.0 ] },
								"east": { "texture": "#metal", "uv": [ 1.5, 2.0, 2.5, 4.0 ] },
								"south": { "texture": "#metal", "uv": [ 2.5, 2.0, 3.0, 4.0 ] },
								"west": { "texture": "#metal", "uv": [ 3.0, 2.0, 4.0, 4.0 ] },
								"up": { "texture": "#metal", "uv": [ 1.0, 1.0, 1.5, 2.0 ] },
								"down": { "texture": "#metal", "uv": [ 1.5, 1.0, 2.0, 2.0 ] }
							}
						},
						{
							"name": "pommel.014",
							"from": [ -2.1059, -0.4562, -0.3093 ],
							"to": [ -0.9672, 1.0069, 0.8869 ],
							"uv": [ 1.0, 1.0 ],
							"rotationOrigin": [ -0.1332, 0.2683, 0.0447 ],
							"faces": {
								"north": { "texture": "#metal", "uv": [ 1.0, 2.0, 2.0, 3.0 ] },
								"east": { "texture": "#metal", "uv": [ 2.0, 2.0, 3.0, 3.0 ] },
								"south": { "texture": "#metal", "uv": [ 3.0, 2.0, 4.0, 3.0 ] },
								"west": { "texture": "#metal", "uv": [ 4.0, 2.0, 5.0, 3.0 ] },
								"up": { "texture": "#metal", "uv": [ 1.0, 1.0, 2.0, 2.0 ] },
								"down": { "texture": "#metal", "uv": [ 2.0, 1.0, 3.0, 2.0 ] }
							}
						},
						{
							"name": "pommel.015",
							"from": [ -3.1553, -0.7077, -0.1882 ],
							"to": [ -2.0624, 1.2211, 0.7793 ],
							"uv": [ 1.0, 1.0 ],
							"rotationOrigin": [ -0.7353, 0.248, 0.0982 ],
							"faces": {
								"north": { "texture": "#metal", "uv": [ 1.0, 1.5, 2.0, 3.0 ] },
								"east": { "texture": "#metal", "uv": [ 2.0, 1.5, 2.5, 3.0 ] },
								"south": { "texture": "#metal", "uv": [ 2.5, 1.5, 3.5, 3.0 ] },
								"west": { "texture": "#metal", "uv": [ 3.5, 1.5, 4.0, 3.0 ] },
								"up": { "texture": "#metal", "uv": [ 1.0, 1.0, 2.0, 1.5 ] },
								"down": { "texture": "#metal", "uv": [ 2.0, 1.0, 3.0, 1.5 ] }
							}
						}
					]
				}
			]
		}
	]}