[
	{
	"name": "nadiyan-hunter-mask",
	"ingredientPattern": "PTN",
	"enabled": true,
	"requiresTrait": "clothier",
	"ingredients": {
		"P": { "type": "item", "code": "game:cloth-plain" },
		"T": { "type": "item", "code": "tailorsdelight:twine-gray", "quantity": 2 },
		"N": { "type": "item", "code": "tailorsdelight:needle-*" }
	},
	"width": 3,
	"height": 1,
	"output": { "type": "item", "code": "game:clothes-nadiya-face-hunter" }
	},

	{
	"ingredientPattern": "PTN",
	"enabled": true,
	"requiresTrait": "bowyer",
	"ingredients": {
		"P": { "type": "item", "code": "game:cloth-plain" },
		"T": { "type": "item", "code": "tailorsdelight:twine-gray", "quantity": 3 },
		"N": { "type": "item", "code": "tailorsdelight:needle-*" }
	},
	"recipeGroup": 2,
	"width": 3,
	"height": 1,
	"output": { "type": "item", "code": "game:clothes-nadiya-face-hunter" }
	},

	{
	"name": "nadiyan-barber-hood",
	"enabled": true,
	"ingredientPattern": "WNW,BWB",
	"requiresTrait": "clothier",
	"ingredients": {
		"W": { "type": "item", "code": "game:cloth-white" },
		"N": { "type": "item", "code": "game:sewingkit" },
		"B": { "type": "item", "code": "tailorsdelight:twine-darkblue" }
	},
	"width": 3,
	"height": 2,
	"output": { "type": "item", "code": "game:clothes-nadiya-face-barber" }
	},

	{
	"name": "nadiyan-alchemist-hood",
	"enabled": true,
	"ingredientPattern": "WNW,BWT",
	"requiresTrait": "clothier",
	"ingredients": {
		"W": { "type": "item", "code": "game:cloth-white" },
		"N": { "type": "item", "code": "game:sewingkit" },
		"B": { "type": "item", "code": "tailorsdelight:twine-darkblue" },
		"T": { "type": "item", "code": "tailorsdelight:twine-darkbrown" }
	},
	"width": 3,
	"height": 2,
	"output": { "type": "item", "code": "game:clothes-nadiya-face-alchemist" }
	},

	{
	"name": "nadiyan-alchemist-hood",
	"enabled": true,
	"ingredientPattern": "WNW,BWT",
	"requiresTrait": "tinkerer",
	"ingredients": {
		"W": { "type": "item", "code": "game:cloth-white" },
		"N": { "type": "item", "code": "game:sewingkit" },
		"B": { "type": "item", "code": "tailorsdelight:twine-darkblue", "quantity": 2 },
		"T": { "type": "item", "code": "tailorsdelight:twine-darkbrown", "quantity": 2 }
	},
	"width": 3,
	"height": 2,
	"output": { "type": "item", "code": "game:clothes-nadiya-face-alchemist" }
	},

	{
	"name": "nadiyan-blacksmith-googles",
	"enabled": true,
	"ingredientPattern": "DAB,ZGH",
	"requiresTrait": "clothier",
	"ingredients": {
		"D": { "type": "item", "code": "tailorsdelight:leatherbundle-plain" },
		"G": { "type": "block", "code": "game:glass-smoky" },
		"Z": { "type": "item", "code": "game:metalplate-zinc" },
		"A": { "type": "item", "code": "tailorsdelight:awl-*", "isTool": true },
		"H": { "type": "item", "code": "game:hammer-*", "isTool": true },
		"B": { "type": "item", "code": "tailorsdelight:twine-darkbrown", "quantity": 2 }
	},
	"width": 3,
	"height": 2,
	"output": { "type": "item", "code": "game:clothes-nadiya-face-blacksmith" }
	},

	{
	"name": "nadiyan-blacksmith-googles",
	"enabled": true,
	"ingredientPattern": "DAB,ZGH",
	"requiresTrait": "tinkerer",
	"ingredients": {
		"D": { "type": "item", "code": "game:leather-normal-plain", "quantity": 3 },
		"G": { "type": "block", "code": "game:glass-smoky" },
		"Z": { "type": "item", "code": "game:metalplate-zinc" },
		"A": { "type": "item", "code": "tailorsdelight:awl-*", "isTool": true },
		"H": { "type": "item", "code": "game:hammer-*", "isTool": true },
		"B": { "type": "item", "code": "tailorsdelight:twine-darkbrown", "quantity": 3 }
	},
	"recipeGroup": 8,
	"width": 3,
	"height": 2,
	"output": { "type": "item", "code": "game:clothes-nadiya-face-blacksmith" }
	},

	{
	"name": "nadiyan-miner-mask",
	"ingredientPattern": "BAD,TST",
	"enabled": true,
	"requiresTrait": "clothier",
	"ingredients": {
		"B": { "type": "item", "code": "tailorsdelight:leatherbundle-plain" },
		"A": { "type": "item", "code": "tailorsdelight:awl-*", "isTool": true },
		"D": { "type": "item", "code": "tailorsdelight:leatherbundle-darkbrown" },
		"S": { "type": "item", "code": "game:shears-*", "isTool": true },
		"T": { "type": "item", "code": "tailorsdelight:twine-darkbrown" }
	},
	"width": 3,
	"height": 2,
	"output": { "type": "item", "code": "game:clothes-nadiya-face-miner" }
	}
]
