[
	{
	"name": "nadiyan-alchemist-capelet",
	"enabled": true,
	"ingredientPattern": "GNG,DCB",
	"requiresTrait": "clothier",
	"ingredients": {
		"G": { "type": "item", "code": "game:cloth-gray" },
		"C": { "type": "item", "code": "game:cloth-brown" },
		"N": { "type": "item", "code": "tailorsdelight:needle-*" },
		"D": { "type": "item", "code": "tailorsdelight:twine-darkblue", "quantity": 2 },
		"B": { "type": "item", "code": "tailorsdelight:twine-darkbrown", "quantity": 2 }
	},
	"width": 3,
	"height": 2,
	"output": { "type": "item", "code": "game:clothes-nadiya-shoulder-alchemist" }
	},

	{
	"name": "nadiyan-alchemist-capelet",
	"enabled": true,
	"ingredientPattern": "GNG,DCB",
	"requiresTrait": "tinkerer",
	"ingredients": {
		"G": { "type": "item", "code": "game:cloth-gray" },
		"C": { "type": "item", "code": "game:cloth-brown" },
		"N": { "type": "item", "code": "tailorsdelight:needle-*" },
		"D": { "type": "item", "code": "tailorsdelight:twine-darkblue", "quantity": 3 },
		"B": { "type": "item", "code": "tailorsdelight:twine-darkbrown", "quantity": 3 }
	},
	"recipeGroup": 3,
	"width": 3,
	"height": 2,
	"output": { "type": "item", "code": "game:clothes-nadiya-shoulder-alchemist" }
	},

	{
	"name": "nadiyan-blacksmith-apron",
	"enabled": true,
	"ingredientPattern": "CAC,TST,FSF",
	"requiresTrait": "clothier",
	"ingredients": {
		"C": { "type": "item", "code": "tailorsdelight:leatherbundle-nadiyan" },
		"S": { "type": "item", "code": "tailorsdelight:leatherbundle-sturdy" },
		"A": { "type": "item", "code": "tailorsdelight:awl-*", "isTool": true },
		"T": { "type": "item", "code": "tailorsdelight:twine-red" },
		"F": { "type": "item", "code": "game:fat", "quantity": 1 }
	},
	"width": 3,
	"height": 3,
	"output": { "type": "item", "code": "game:clothes-nadiya-shoulder-blacksmith" }
	},

	{
	"name": "nadiyan-blacksmith-apron",
	"enabled": true,
	"ingredientPattern": "CAC,TST,FSF",
	"requiresTrait": "tinkerer",
	"ingredients": {
		"C": { "type": "item", "code": "tailorsdelight:leather-nadiyan", "quantity": 3 },
		"S": { "type": "item", "code": "game:leather-sturdy-plain", "quantity": 3 },
		"A": { "type": "item", "code": "tailorsdelight:awl-*", "isTool": true },
		"T": { "type": "item", "code": "tailorsdelight:twine-red", "quantity": 2 },
		"F": { "type": "item", "code": "game:fat", "quantity": 2 }
	},
	"recipeGroup": 4,
	"width": 3,
	"height": 3,
	"output": { "type": "item", "code": "game:clothes-nadiya-shoulder-blacksmith" }
	},

	{
	"name": "nadiyan-barber-apron",
	"enabled": true,
	"ingredientPattern": "CAC,FLP,WLW",
	"requiresTrait": "clothier",
	"ingredients": {
		"C": { "type": "item", "code": "game:cloth-plain" },
		"L": { "type": "item", "code": "tailorsdelight:leatherbundle-nadiyan" },
		"A": { "type": "item", "code": "tailorsdelight:awl-*", "isTool": true },
		"F": { "type": "item", "code": "tailorsdelight:twine-darkblue", "quantity": 2 },
		"P": { "type": "item", "code": "tailorsdelight:twine-purple", "quantity": 2 },
		"W": { "type": "item", "code": "game:fat" }
	},
	"width": 3,
	"height": 3,
	"output": { "type": "item", "code": "game:clothes-nadiya-shoulder-barber" }
	},

	{
	"name": "nadiyan-innkeeper-apron",
	"enabled": true,
	"ingredientPattern": "CAC,TST,FSF",
	"requiresTrait": "clothier",
	"ingredients": {
		"C": { "type": "item", "code": "tailorsdelight:leatherbundle-nadiyan" },
		"S": { "type": "item", "code": "tailorsdelight:leatherbundle-plain" },
		"A": { "type": "item", "code": "tailorsdelight:awl-*", "isTool": true },
		"T": { "type": "item", "code": "tailorsdelight:twine-blue" },
		"F": { "type": "item", "code": "game:fat", "quantity": 1 }
	},
	"width": 3,
	"height": 3,
	"output": { "type": "item", "code": "game:clothes-nadiya-shoulder-innkeeper" }
	},

	{
	"ingredientPattern": "NPO,TGT,_P_",
	"enabled": true,
	"requiresTrait": "clothier",
	"ingredients": {
		"P": { "type": "item", "code": "game:cloth-plain" },
		"G": { "type": "item", "code": "game:cloth-gray" },
		"N": { "type": "item", "code": "tailorsdelight:needle-*" },
		"O": { "type": "item", "code": "tailorsdelight:twine-orange" },
		"T": { "type": "item", "code": "tailorsdelight:twine-darkblue" }
	},
	"width": 3,
	"height": 3,
	"output": { "type": "item", "code": "game:clothes-nadiya-shoulder-guard" }
	},

	{
	"ingredientPattern": "NPO,TGT,_P_",
	"enabled": true,
	"requiresTrait": "soldier",
	"ingredients": {
		"P": { "type": "item", "code": "game:cloth-plain" },
		"G": { "type": "item", "code": "game:cloth-gray" },
		"N": { "type": "item", "code": "tailorsdelight:needle-*" },
		"O": { "type": "item", "code": "tailorsdelight:twine-orange", "quantity": 2 },
		"T": { "type": "item", "code": "tailorsdelight:twine-darkblue", "quantity": 2 }
	},
	"recipeGroup": 3,
	"width": 3,
	"height": 3,
	"output": { "type": "item", "code": "game:clothes-nadiya-shoulder-guard" }
	},

	{
	"name": "nadiyan-fisher-capelet",
	"enabled": true,
	"ingredientPattern": "WNW,BWB,ODO",
	"requiresTrait": "clothier",
	"ingredients": {
		"W": { "type": "item", "code": "game:cloth-white" },
		"N": { "type": "item", "code": "tailorsdelight:needle-*" },
		"O": { "type": "item", "code": "tailorsdelight:twine-orange", "quantity": 2 },
		"B": { "type": "item", "code": "tailorsdelight:twine-brown" },
		"D": { "type": "item", "code": "tailorsdelight:twine-darkblue", "quantity": 2 }
	},
	"width": 3,
	"height": 3,
	"output": { "type": "item", "code": "game:clothes-nadiya-shoulder-fisher" }
	},

	{
	"name": "nadiyan-fur-capelet",
	"enabled": true,
	"ingredientPattern": "NWA,TLT,OPO",
	"requiresTrait": "clothier",
	"ingredients": {
		"W": { "type": "item", "code": "game:cloth-white" },
		"L": { "type": "item", "code": "tailorsdelight:leatherbundle-nadiyan" },
		"A": { "type": "item", "code": "tailorsdelight:awl-*", "isTool": true },
		"N": { "type": "item", "code": "tailorsdelight:needle-*" },
		"O": { "type": "item", "code": "tailorsdelight:twine-orange" },
		"P": { "type": "item", "code": "tailorsdelight:leatherbundle-pelt" },
		"T": { "type": "item", "code": "tailorsdelight:twine-darkblue" }
	},
	"width": 3,
	"height": 3,
	"output": { "type": "item", "code": "game:clothes-nadiya-shoulder-winter1" }
	},

	{
	"name": "nadiyan-shepherd-cape",
	"enabled": true,
	"ingredientPattern": "WNW,BWB,ODO",
	"requiresTrait": "clothier",
	"ingredients": {
		"W": { "type": "item", "code": "tailorsdelight:cloth-darkbrown" },
		"N": { "type": "item", "code": "tailorsdelight:needle-*" },
		"O": { "type": "item", "code": "tailorsdelight:twine-orange", "quantity": 1 },
		"B": { "type": "item", "code": "tailorsdelight:twine-gray" },
		"D": { "type": "item", "code": "tailorsdelight:twine-darkblue", "quantity": 1 }
	},
	"width": 3,
	"height": 3,
	"output": { "type": "item", "code": "game:clothes-nadiya-shoulder-shepherd" }
	},

	{
	"name": "nadiyan-shepherd-cape",
	"enabled": true,
	"ingredientPattern": "WNW,BWB,ODO",
	"ingredients": {
		"W": { "type": "item", "code": "tailorsdelight:cloth-darkbrown" },
		"N": { "type": "item", "code": "tailorsdelight:needle-*" },
		"O": { "type": "item", "code": "tailorsdelight:twine-orange", "quantity": 2 },
		"B": { "type": "item", "code": "tailorsdelight:twine-gray" },
		"D": { "type": "item", "code": "tailorsdelight:twine-darkblue", "quantity": 2 }
	},
	"recipeGroup": 2,
	"width": 3,
	"height": 3,
	"output": { "type": "item", "code": "game:clothes-nadiya-shoulder-shepherd" }
	},

	{
	"name": "nadiyan-hunter-cape",
	"enabled": true,
	"ingredientPattern": "WNW,BWB,ODO",
	"requiresTrait": "clothier",
	"ingredients": {
		"W": { "type": "item", "code": "game:cloth-brown" },
		"N": { "type": "item", "code": "tailorsdelight:needle-*" },
		"O": { "type": "item", "code": "tailorsdelight:twine-orange", "quantity": 1 },
		"B": { "type": "item", "code": "tailorsdelight:twine-brown" },
		"D": { "type": "item", "code": "tailorsdelight:twine-white", "quantity": 1 }
	},
	"width": 3,
	"height": 3,
	"output": { "type": "item", "code": "game:clothes-nadiya-shoulder-hunter" }
	},

	{
	"name": "nadiyan-hunter-cape",
	"enabled": true,
	"ingredientPattern": "WNW,BWB,ODO",
	"requiresTrait": "bowyer",
	"ingredients": {
		"W": { "type": "item", "code": "game:cloth-brown" },
		"N": { "type": "item", "code": "tailorsdelight:needle-*" },
		"O": { "type": "item", "code": "tailorsdelight:twine-orange", "quantity": 2 },
		"B": { "type": "item", "code": "tailorsdelight:twine-brown" },
		"D": { "type": "item", "code": "tailorsdelight:twine-white", "quantity": 2 }
	},
	"recipeGroup": 2,
	"width": 3,
	"height": 3,
	"output": { "type": "item", "code": "game:clothes-nadiya-shoulder-hunter" }
	},

	{
	"name": "nadiyan-peasant-cape-blue",
	"enabled": true,
	"ingredientPattern": "WNW,BWB,OBO",
	"requiresTrait": "clothier",
	"ingredients": {
		"W": { "type": "item", "code": "tailorsdelight:cloth-darkblue" },
		"N": { "type": "item", "code": "tailorsdelight:needle-*" },
		"O": { "type": "item", "code": "tailorsdelight:twine-white", "quantity": 2 },
		"B": { "type": "item", "code": "tailorsdelight:twine-black", "quantity": 2 }
	},
	"width": 3,
	"height": 3,
	"output": { "type": "item", "code": "game:clothes-nadiya-shoulder-peasant1" }
	},

	{
	"name": "nadiyan-peasant-cape-beige",
	"enabled": true,
	"ingredientPattern": "WNW,BWB,OBO",
	"requiresTrait": "clothier",
	"ingredients": {
		"W": { "type": "item", "code": "game:cloth-gray" },
		"N": { "type": "item", "code": "tailorsdelight:needle-*" },
		"O": { "type": "item", "code": "tailorsdelight:twine-white", "quantity": 2 },
		"B": { "type": "item", "code": "tailorsdelight:twine-darkblue", "quantity": 2 }
	},
	"width": 3,
	"height": 3,
	"output": { "type": "item", "code": "game:clothes-nadiya-shoulder-peasant2" }
	},

	{
	"name": "nadiyan-peasant-cape-beige",
	"enabled": true,
	"ingredientPattern": "WNW,BWB,OBO",
	"requiresTrait": "clothier",
	"ingredients": {
		"W": { "type": "item", "code": "game:cloth-brown" },
		"N": { "type": "item", "code": "tailorsdelight:needle-*" },
		"O": { "type": "item", "code": "tailorsdelight:twine-red", "quantity": 2 },
		"B": { "type": "item", "code": "tailorsdelight:twine-white", "quantity": 2 }
	},
	"width": 3,
	"height": 3,
	"output": { "type": "item", "code": "game:clothes-nadiya-shoulder-peasant3" }
	},

	{
	"name": "nadiyan-musician-hood",
	"enabled": true,
	"ingredientPattern": "GNG,DPB",
	"requiresTrait": "clothier",
	"ingredients": {
		"G": { "type": "item", "code": "game:cloth-gray" },
		"P": { "type": "item", "code": "game:cloth-plain" },
		"N": { "type": "item", "code": "tailorsdelight:needle-*" },
		"D": { "type": "item", "code": "tailorsdelight:twine-darkblue", "quantity": 1 },
		"B": { "type": "item", "code": "tailorsdelight:twine-darkbrown", "quantity": 2 }
	},
	"width": 3,
	"height": 2,
	"output": { "type": "item", "code": "game:clothes-nadiya-shoulder-musician" }
	}
]
