[
	{
	"name": "nadiyan-alchemist-belt",
	"enabled": true,
	"ingredientPattern": "RKT,_B_,GLO",
	"requiresTrait": "clothier",
	"ingredients": {
		"R": { "type": "item", "code": "tailorsdelight:buttons-brass" },
		"B": { "type": "item", "code": "game:cloth-brown" },
		"T": { "type": "item", "code": "tailorsdelight:twine-white", "quantity": 2 },
		"G": { "type": "item", "code": "tailorsdelight:twine-green" },
		"L": { "type": "item", "code": "tailorsdelight:twine-blue" },
		"O": { "type": "item", "code": "tailorsdelight:twine-orange" },
		"K": { "type": "item", "code": "game:sewingkit" }
	},
	"width": 3,
	"height": 3,
	"output": { "type": "item", "code": "game:clothes-nadiya-waist-alchemist" }
	},

	{
	"name": "nadiyan-alchemist-belt",
	"enabled": true,
	"ingredientPattern": "RKT,_B_,GLO",
	"requiresTrait": "tinkerer",
	"ingredients": {
		"R": { "type": "item", "code": "tailorsdelight:buttons-brass" },
		"B": { "type": "item", "code": "game:cloth-brown" },
		"T": { "type": "item", "code": "tailorsdelight:twine-white", "quantity": 3 },
		"G": { "type": "item", "code": "tailorsdelight:twine-green", "quantity": 2 },
		"L": { "type": "item", "code": "tailorsdelight:twine-blue", "quantity": 2 },
		"O": { "type": "item", "code": "tailorsdelight:twine-orange", "quantity": 2 },
		"K": { "type": "item", "code": "game:sewingkit" }
	},
	"recipeGroup": 2,
	"width": 3,
	"height": 3,
	"output": { "type": "item", "code": "game:clothes-nadiya-waist-alchemist" }
	},

	{
	"name": "nadiyan-barber-belt",
	"enabled": true,
	"ingredientPattern": "RDT,BK_",
	"requiresTrait": "clothier",
	"ingredients": {
		"R": { "type": "item", "code": "tailorsdelight:buttons-brass" },
		"D": { "type": "item", "code": "tailorsdelight:cloth-darkbrown" },
		"B": { "type": "item", "code": "game:cloth-brown" },
		"T": { "type": "item", "code": "tailorsdelight:twine-brown" },
		"K": { "type": "item", "code": "game:sewingkit" }
	},
	"width": 3,
	"height": 2,
	"output": { "type": "item", "code": "game:clothes-nadiya-waist-barber" }
	},

	{
	"name": "nadiyan-beekeeper-belt",
	"enabled": true,
	"ingredientPattern": "TBT,_K_",
	"requiresTrait": "clothier",
	"ingredients": {
		"B": { "type": "item", "code": "tailorsdelight:cloth-darkbrown" },
		"T": { "type": "item", "code": "game:flaxtwine" },
		"K": { "type": "item", "code": "game:sewingkit" }
	},
	"width": 3,
	"height": 2,
	"output": { "type": "item", "code": "game:clothes-nadiya-waist-beekeeper" }
	},

	{
	"name": "nadiyan-fisher-belt",
	"enabled": true,
	"ingredientPattern": "WST,ABK",
	"requiresTrait": "clothier",
	"ingredients": {
		"B": { "type": "item", "code": "tailorsdelight:buttons-copper" },
		"S": { "type": "item", "code": "tailorsdelight:leatherbundle-nadiyan" },
		"A": { "type": "item", "code": "tailorsdelight:awl-*", "isTool": true },
		"W": { "type": "item", "code": "tailorsdelight:leatherbundle-white" },
		"T": { "type": "item", "code": "tailorsdelight:twine-brown" },
		"K": { "type": "item", "code": "tailorsdelight:leatherstrips-plain" }
	},
	"width": 3,
	"height": 2,
	"output": { "type": "item", "code": "game:clothes-nadiya-waist-fisher" }
	},

	{
	"name": "nadiyan-guard-belt",
	"enabled": true,
	"ingredientPattern": "BSA,LKD",
	"requiresTrait": "clothier",
	"ingredients": {
		"B": { "type": "item", "code": "tailorsdelight:buttons-brass" },
		"S": { "type": "item", "code": "tailorsdelight:leatherbundle-darkbrown" },
		"A": { "type": "item", "code": "tailorsdelight:awl-*", "isTool": true },
		"D": { "type": "item", "code": "tailorsdelight:twine-darkblue" },
		"L": { "type": "item", "code": "tailorsdelight:twine-blue" },
		"K": { "type": "item", "code": "tailorsdelight:leatherstrips-plain", "quantity": 2 }
	},
	"width": 3,
	"height": 2,
	"output": { "type": "item", "code": "game:clothes-nadiya-waist-guard" }
	},

	{
	"name": "nadiyan-guard-belt",
	"enabled": true,
	"ingredientPattern": "BSA,LKD",
	"requiresTrait": "soldier",
	"ingredients": {
		"B": { "type": "item", "code": "tailorsdelight:buttons-brass" },
		"S": { "type": "item", "code": "tailorsdelight:leatherbundle-darkbrown" },
		"A": { "type": "item", "code": "tailorsdelight:awl-*", "isTool": true },
		"D": { "type": "item", "code": "tailorsdelight:twine-darkblue", "quantity": 2 },
		"L": { "type": "item", "code": "tailorsdelight:twine-blue", "quantity": 2 },
		"K": { "type": "item", "code": "tailorsdelight:leatherstrips-plain", "quantity": 3 }
	},
	"recipeGroup": 2,
	"width": 3,
	"height": 2,
	"output": { "type": "item", "code": "game:clothes-nadiya-waist-guard" }
	},

	{
	"name": "nadiyan-hunter-belt",
	"enabled": true,
	"ingredientPattern": "HPB,TAK,DCL",
	"requiresTrait": "clothier",
	"ingredients": {
		"H": { "type": "item", "code": "game:antler-*" },
		"B": { "type": "item", "code": "game:bone" },
		"P": { "type": "item", "code": "tailorsdelight:leatherbundle-raw" },
		"T": { "type": "item", "code": "tailorsdelight:twine-blue" },
		"A": { "type": "item", "code": "tailorsdelight:awl-*", "isTool": true },
		"K": { "type": "item", "code": "game:knife-generic-*", "isTool": true },
		"D": { "type": "item", "code": "tailorsdelight:twine-darkbrown" },
		"C": { "type": "item", "code": "game:cloth-brown" },
		"L": { "type": "item", "code": "tailorsdelight:twine-blue" }
	},
	"width": 3,
	"height": 3,
	"output": { "type": "item", "code": "game:clothes-nadiya-waist-hunter" }
	},

	{
	"name": "nadiyan-hunter-belt",
	"enabled": true,
	"ingredientPattern": "HPB,TAK,DCL",
	"requiresTrait": "bowyer",
	"ingredients": {
		"H": { "type": "item", "code": "game:antler-*" },
		"B": { "type": "item", "code": "game:bone" },
		"P": { "type": "item", "code": "tailorsdelight:leatherbundle-raw" },
		"T": { "type": "item", "code": "tailorsdelight:twine-blue", "quantity": 2 },
		"A": { "type": "item", "code": "tailorsdelight:awl-*", "isTool": true },
		"K": { "type": "item", "code": "game:knife-generic-*", "isTool": true },
		"D": { "type": "item", "code": "tailorsdelight:twine-darkbrown", "quantity": 2 },
		"C": { "type": "item", "code": "game:cloth-brown" },
		"L": { "type": "item", "code": "tailorsdelight:twine-blue", "quantity": 2 }
	},
	"recipeGroup": 2,
	"width": 3,
	"height": 3,
	"output": { "type": "item", "code": "game:clothes-nadiya-waist-hunter" }
	},

	{
	"name": "nadiyan-innkeeper-belt",
	"enabled": true,
	"ingredientPattern": "WST,ABK",
	"requiresTrait": "clothier",
	"ingredients": {
		"B": { "type": "item", "code": "tailorsdelight:buttons-brass" },
		"S": { "type": "item", "code": "tailorsdelight:leatherbundle-darkbrown" },
		"A": { "type": "item", "code": "tailorsdelight:awl-*", "isTool": true },
		"T": { "type": "item", "code": "tailorsdelight:twine-brown" },
		"W": { "type": "item", "code": "tailorsdelight:twine-black" },
		"K": { "type": "item", "code": "game:sewingkit" }
	},
	"width": 3,
	"height": 2,
	"output": { "type": "item", "code": "game:clothes-nadiya-waist-innkeeper" }
	},

	{
	"name": "nadiyan-innkeeper-belt-and-tab",
	"enabled": true,
	"ingredientPattern": "WST,ABK,RH_",
	"requiresTrait": "clothier",
	"ingredients": {
		"B": { "type": "item", "code": "tailorsdelight:buttons-brass" },
		"S": { "type": "item", "code": "tailorsdelight:leatherbundle-darkbrown" },
		"A": { "type": "item", "code": "tailorsdelight:awl-*", "isTool": true },
		"T": { "type": "item", "code": "tailorsdelight:twine-brown" },
		"W": { "type": "item", "code": "tailorsdelight:twine-black" },
		"K": { "type": "item", "code": "game:sewingkit" },
		"H": { "type": "item", "code": "game:hammer-*", "isTool": true },
		"R": { "type": "item", "code": "game:metalplate-brass" }
	},
	"width": 3,
	"height": 3,
	"output": { "type": "item", "code": "game:clothes-nadiya-waist-innkeeper-accessories" }
	},

	{
	"name": "nadiyan-innkeeper-belt-and-tab",
	"enabled": true,
	"ingredientPattern": "BHR",
	"requiresTrait": "clothier",
	"ingredients": {
		"B": { "type": "item", "code": "game:clothes-nadiya-waist-innkeeper" },
		"H": { "type": "item", "code": "game:hammer-*", "isTool": true },
		"R": { "type": "item", "code": "game:metalplate-brass" }
	},
	"recipeGroup": 7,
	"width": 3,
	"height": 1,
	"output": { "type": "item", "code": "game:clothes-nadiya-waist-innkeeper-accessories" }
	},

	{
	"name": "nadiyan-brown-peasant-belt",
	"enabled": true,
	"ingredientPattern": "TBT,CK_",
	"requiresTrait": "clothier",
	"ingredients": {
		"B": { "type": "item", "code": "tailorsdelight:cloth-darkbrown" },
		"T": { "type": "item", "code": "tailorsdelight:twine-black" },
		"C": { "type": "item", "code": "game:cloth-plain" },
		"K": { "type": "item", "code": "game:sewingkit" }
	},
	"width": 3,
	"height": 2,
	"output": { "type": "item", "code": "game:clothes-nadiya-waist-peasant1" }
	},

	{
	"name": "nadiyan-red-peasant-belt",
	"enabled": true,
	"ingredientPattern": "TRT,_K_",
	"requiresTrait": "clothier",
	"ingredients": {
		"R": { "type": "item", "code": "tailorsdelight:cloth-darkred" },
		"T": { "type": "item", "code": "tailorsdelight:twine-black" },
		"K": { "type": "item", "code": "game:sewingkit" }
	},
	"width": 3,
	"height": 2,
	"output": { "type": "item", "code": "game:clothes-nadiya-waist-peasant2" }
	},

	{
	"name": "nadiyan-miner-belt",
	"enabled": true,
	"ingredientPattern": "NRN,NAN,BTB",
	"requiresTrait": "clothier",
	"ingredients": {
		"N": { "type": "item", "code": "tailorsdelight:leatherbundle-nadiyan" },
		"R": { "type": "item", "code": "tailorsdelight:leatherbundle-darkred" },
		"A": { "type": "item", "code": "tailorsdelight:awl-*", "isTool": true },
		"B": { "type": "item", "code": "tailorsdelight:twine-brown" },
		"T": { "type": "item", "code": "tailorsdelight:twine-red" }
	},
	"width": 3,
	"height": 3,
	"output": { "type": "item", "code": "game:clothes-nadiya-waist-miner" }
	},

	{
	"name": "nadiyan-miner-belt-and-lantern",
	"enabled": true,
	"ingredientPattern": "BSL,TDT",
	"requiresTrait": "clothier",
	"ingredients": {
		"B": { "type": "item", "code": "game:clothes-nadiya-waist-miner" },
		"S": { "type": "item", "code": "game:sewingkit" },
		"L": { "type": "block", "code": "game:lantern-up", "attributes": { "material": "brass", "lining": "plain", "glass": "quartz" } },
		"D": { "type": "item", "code": "tailorsdelight:twine-darkbrown" },
		"T": { "type": "item", "code": "tailorsdelight:twine-brown" }
	},
	"width": 3,
	"height": 2,
	"output": { "type": "item", "code": "game:clothes-nadiya-waist-miner-accessories" }
	},

	{
	"name": "nadiyan-miner-belt-and-lantern",
	"enabled": true,
	"ingredientPattern": "BSL,TDT",
	"requiresTrait": "clothier",
	"ingredients": {
		"B": { "type": "item", "code": "game:clothes-nadiya-waist-miner" },
		"S": { "type": "item", "code": "game:sewingkit" },
		"L": { "type": "block", "code": "game:lantern-up", "attributes": { "material": "brass", "lining": "plain", "glass": "plain" } },
		"D": { "type": "item", "code": "tailorsdelight:twine-darkbrown" },
		"T": { "type": "item", "code": "tailorsdelight:twine-brown" }
	},
	"width": 3,
	"height": 2,
	"output": { "type": "item", "code": "game:clothes-nadiya-waist-miner-accessories" }
	},

	{
	"name": "nadiyan-heavy-belt",
	"enabled": true,
	"ingredientPattern": "WST,ABK",
	"requiresTrait": "clothier",
	"ingredients": {
		"B": { "type": "item", "code": "tailorsdelight:buttons-zinc" },
		"S": { "type": "item", "code": "tailorsdelight:leatherbundle-sturdy" },
		"A": { "type": "item", "code": "tailorsdelight:awl-*", "isTool": true },
		"T": { "type": "item", "code": "tailorsdelight:twine-black" },
		"W": { "type": "item", "code": "tailorsdelight:twine-white" },
		"K": { "type": "item", "code": "game:sewingkit" }
	},
	"width": 3,
	"height": 2,
	"output": { "type": "item", "code": "game:clothes-nadiya-waist-winter1" }
	},

	{
	"name": "nadiyan-fur-belt",
	"enabled": true,
	"ingredientPattern": "HPB,TAK",
	"requiresTrait": "clothier",
	"ingredients": {
		"H": { "type": "item", "code": "game:antler-*" },
		"B": { "type": "item", "code": "game:bone" },
		"P": { "type": "item", "code": "tailorsdelight:leatherbundle-raw" },
		"T": { "type": "item", "code": "tailorsdelight:twine-orange" },
		"A": { "type": "item", "code": "tailorsdelight:awl-*", "isTool": true },
		"K": { "type": "item", "code": "game:knife-generic-*", "isTool": true }
	},
	"width": 3,
	"height": 2,
	"output": { "type": "item", "code": "game:clothes-nadiya-waist-winter2" }
	},

	{
	"name": "nadiyan-musician-belt",
	"enabled": true,
	"ingredientPattern": "WST,ABK,LCG",
	"requiresTrait": "clothier",
	"ingredients": {
		"W": { "type": "item", "code": "tailorsdelight:twine-gray" },
		"S": { "type": "item", "code": "tailorsdelight:leatherbundle-darkbrown" },
		"T": { "type": "item", "code": "tailorsdelight:twine-brown" },
		"A": { "type": "item", "code": "tailorsdelight:awl-*", "isTool": true },
		"B": { "type": "item", "code": "tailorsdelight:buttons-copper" },
		"K": { "type": "item", "code": "game:sewingkit" },
		"L": { "type": "item", "code": "game:cloth-plain" },
		"G": { "type": "item", "code": "game:cloth-gray" },
		"C": { "type": "item", "code": "game:cloth-blue" }
	},
	"width": 3,
	"height": 3,
	"output": { "type": "item", "code": "game:clothes-nadiya-waist-musician" }
	},

	{
	"name": "nadiyan-shepherd-rope",
	"enabled": true,
	"ingredientPattern": "STS,ALK",
	"ingredients": {
		"S": { "type": "item", "code": "game:cloth-brown" },
		"T": { "type": "item", "code": "tailorsdelight:twine-darkbrown" },
		"A": { "type": "item", "code": "tailorsdelight:needle-*" },
		"K": { "type": "item", "code": "game:sewingkit" },
		"L": { "type": "item", "code": "game:cloth-plain" }
	},
	"width": 3,
	"height": 2,
	"output": { "type": "item", "code": "game:clothes-nadiya-waist-shepherd" }
	},

	{
	"name": "nadiyan-tailor-sash",
	"enabled": true,
	"ingredientPattern": "DKD,_T_",
	"requiresTrait": "clothier",
	"ingredients": {
		"D": { "type": "item", "code": "tailorsdelight:cloth-darkblue" },
		"T": { "type": "item", "code": "tailorsdelight:twine-darkblue", "quantity": 2 },
		"K": { "type": "item", "code": "game:sewingkit" }
	},
	"width": 3,
	"height": 2,
	"output": { "type": "item", "code": "game:clothes-nadiya-waist-tailor" }
	}
]
