{
	"editor": {
		"collapsedPaths": "Root/BackpackMain,Root/BootR,Root/Armor-ArmR,Root/Armor-LowerTorso,Root/origin,Root/SwordBlade,Root/Armor-ArmL,Root/BootL,Root/Armor-Head",
		"allAngles": true,
		"entityTextureMode": true
	},
	"textureWidth": 64,
	"textureHeight": 64,
	"textureSizes": {
	},
	"textures": {
	},
	"elements": [
		{
			"name": "Base2",
			"from": [ 8.0, 0.0, 8.0 ],
			"to": [ 9.0, 0.25, 9.0 ],
			"unwrapMode": 4,
			"uv": [ 1.0, 0.5 ],
			"rotationOrigin": [ 8.3774, 0.0349, 8.3095 ],
			"faces": {
				"north": { "texture": "#base", "uv": [ 1.0, 6.0, 6.5, 11.0 ], "autoUv": false },
				"east": { "texture": "#base", "uv": [ 17.0, 6.0, 22.0, 11.0 ], "autoUv": false },
				"south": { "texture": "#base", "uv": [ 11.5, 6.0, 17.0, 11.0 ], "autoUv": false },
				"west": { "texture": "#base", "uv": [ 6.5, 6.0, 11.5, 11.0 ], "autoUv": false },
				"up": { "texture": "#base", "uv": [ 6.5, 0.5, 11.5, 6.0 ], "rotation": 90, "autoUv": false },
				"down": { "texture": "#base", "uv": [ 6.5, 11.0, 11.5, 16.5 ], "rotation": 90, "autoUv": false }
			},
			"children": [
				{
					"name": "Base3",
					"from": [ -1.0, 0.0, 0.0 ],
					"to": [ 0.0, 0.25, 1.0 ],
					"unwrapMode": 4,
					"uv": [ 1.0, 0.5 ],
					"rotationOrigin": [ -0.6226, 0.0049, 0.3096 ],
					"faces": {
						"north": { "texture": "#base", "uv": [ 1.0, 6.0, 6.5, 11.0 ], "autoUv": false },
						"east": { "texture": "#base", "uv": [ 17.0, 6.0, 22.0, 11.0 ], "autoUv": false },
						"south": { "texture": "#base", "uv": [ 11.5, 6.0, 17.0, 11.0 ], "autoUv": false },
						"west": { "texture": "#base", "uv": [ 6.5, 6.0, 11.5, 11.0 ], "autoUv": false },
						"up": { "texture": "#base", "uv": [ 6.5, 0.5, 11.5, 6.0 ], "rotation": 90, "autoUv": false },
						"down": { "texture": "#base", "uv": [ 6.5, 11.0, 11.5, 16.5 ], "rotation": 90, "autoUv": false }
					}
				},
				{
					"name": "Base12",
					"from": [ -1.0, 0.0, -1.0 ],
					"to": [ 0.0, 0.25, 0.0 ],
					"unwrapMode": 4,
					"uv": [ 1.0, 0.5 ],
					"rotationOrigin": [ -0.6226, 0.0049, -0.6905 ],
					"faces": {
						"north": { "texture": "#base", "uv": [ 1.0, 6.0, 6.5, 11.0 ], "autoUv": false },
						"east": { "texture": "#base", "uv": [ 17.0, 6.0, 22.0, 11.0 ], "autoUv": false },
						"south": { "texture": "#base", "uv": [ 11.5, 6.0, 17.0, 11.0 ], "autoUv": false },
						"west": { "texture": "#base", "uv": [ 6.5, 6.0, 11.5, 11.0 ], "autoUv": false },
						"up": { "texture": "#base", "uv": [ 6.5, 0.5, 11.5, 6.0 ], "rotation": 90, "autoUv": false },
						"down": { "texture": "#base", "uv": [ 6.5, 11.0, 11.5, 16.5 ], "rotation": 90, "autoUv": false }
					}
				},
				{
					"name": "Base17",
					"from": [ 0.0, 0.0, -1.0 ],
					"to": [ 1.0, 0.25, 0.0 ],
					"unwrapMode": 4,
					"uv": [ 1.0, 0.5 ],
					"rotationOrigin": [ 0.3774, 0.0049, -0.6904 ],
					"faces": {
						"north": { "texture": "#base", "uv": [ 1.0, 6.0, 6.5, 11.0 ], "autoUv": false },
						"east": { "texture": "#base", "uv": [ 17.0, 6.0, 22.0, 11.0 ], "autoUv": false },
						"south": { "texture": "#base", "uv": [ 11.5, 6.0, 17.0, 11.0 ], "autoUv": false },
						"west": { "texture": "#base", "uv": [ 6.5, 6.0, 11.5, 11.0 ], "autoUv": false },
						"up": { "texture": "#base", "uv": [ 6.5, 0.5, 11.5, 6.0 ], "rotation": 90, "autoUv": false },
						"down": { "texture": "#base", "uv": [ 6.5, 11.0, 11.5, 16.5 ], "rotation": 90, "autoUv": false }
					}
				}
			]
		}
	]}