{
  "code": "tamefox",
  "class": "EntityAgent",
  "variantgroups": [
    {
      "code": "type",
      "states": [
        "red",
        "arctic"
      ]
    },
    {
      "code": "age",
      "states": [
        "baby",
        "adult"
      ]
    },
    {
      "code": "gender",
      "states": [
        "male",
        "female"
      ]
    }
  ],
  "hitboxSizeByType": {
    "*-baby-*": {
      "x": 0.4,
      "y": 0.4
    },
    "*": {
      "x": 0.75,
      "y": 0.5
    }
  },
  "deadHitboxSizeByType": {
    "*-baby-*": {
      "x": 0.4,
      "y": 0.2
    },
    "*": {
      "x": 0.75,
      "y": 0.3
    }
  },
  "eyeHeight": 0.7,
  "drops": [],
  "attributes": {
    "killedByInfoText": "deadcreature-eaten",
    "basketCatchableByType": {
      "*-baby-*": true
    },
    "handbook": {
      "groupcode": "creaturegroup-tamefox-{type}"
    }
  },
  "client": {
    "renderer": "Shape",
    "shapeByType": {
      "*-baby-*": {
        "base": "game:entity/animal/mammal/fox/fox-baby"
      },
      "*": {
        "base": "game:entity/animal/mammal/fox/fox-{gender}"
      }
    },
    "textureByType": {
      "*-baby-*": {
        "base": "game:entity/animal/mammal/fox/{type}-baby"
      },
      "*": {
        "base": "game:entity/animal/mammal/fox/{type}-{gender}"
      }
    },
    "behaviors": [
      {
        "code": "nametag",
        "showtagonlywhentargeted": true
      },
      {
        "code": "receivecommand",
        "availableCommands": [
          {
            "commandName": "sit",
            "commandType": "SIMPLE",
            "minObedience": 0.2
          },
          {
            "commandName": "lay",
            "commandType": "SIMPLE",
            "minObedience": 0.2
          },
          {
            "commandName": "stay",
            "commandType": "COMPLEX",
            "minObedience": 0.1
          },
          {
            "commandName": "followmaster",
            "commandType": "COMPLEX",
            "minObedience": 0.6
          },
          {
            "commandName": "NEUTRAL",
            "commandType": "AGGRESSIONLEVEL",
            "minObedience": 0
          },
          {
            "commandName": "PROTECTIVE",
            "commandType": "AGGRESSIONLEVEL",
            "minObedience": 0.5
          },
          {
            "commandName": "PASSIVE",
            "commandType": "AGGRESSIONLEVEL",
            "minObedience": 0.8
          }
        ]
      },
      {
        "code": "tameable",
        "size": "small",
        "disobediencePerDay": 0,
        "treat": [
          {
            "code": "fruit-blueberry",
            "progress": 0.1,
            "cooldown": 1
          },
          {
            "code": "fruit-redcurrant",
            "progress": 0.1,
            "cooldown": 1
          },
          {
            "code": "fruit-whitecurrant",
            "progress": 0.1,
            "cooldown": 1
          },
          {
            "code": "fruit-blackcurrant",
            "progress": 0.1,
            "cooldown": 1
          },
          {
            "code": "bushmeat-raw",
            "progress": 0.15,
            "cooldown": 2
          },
          {
            "code": "petcookie-meat-perfect",
            "domain": "petai",
            "progress": 0.8,
            "cooldown": 3
          },
          {
            "code": "redmeat-raw",
            "progress": 0.3,
            "cooldown": 3
          },
          {
            "code": "poultry-raw",
            "progress": 0.3,
            "cooldown": 3
          }
        ]
      },
      {
        "code": "mouthinventory",
        "acceptStacks": [
          {
            "type": "item",
            "code": "fruit-blueberry"
          },
          {
            "type": "item",
            "code": "fruit-redcurrant"
          },
          {
            "type": "item",
            "code": "fruit-whitecurrant"
          },
          {
            "type": "item",
            "code": "fruit-blackcurrant"
          },
          {
            "type": "item",
            "code": "bushmeat-raw"
          },
          {
            "type": "item",
            "code": "redmeat-raw"
          },
          {
            "type": "item",
            "code": "poultry-raw"
          },
          {
            "type": "item",
            "code": "petai:petcookie-meat-perfect"
          }
        ]
      },
      {
        "code": "repulseagents"
      },
      {
        "code": "controlledphysics",
        "stepHeight": 1.1251
      },
      {
        "code": "interpolateposition"
      },
      {
        "code": "floatupwhenstuck",
        "onlyWhenDead": true
      },
      {
        "code": "harvestable"
      },
      {
        "code": "multiply",
        "enabledByType": {
          "*-adult-female": true,
          "*": false
        }
      },
      {
        "code": "ropetieable",
        "minGeneration": 0
      }
    ],
    "animations": [
      {
        "code": "hurt",
        "animation": "hurt",
        "animationSpeed": 2.2,
        "weight": 10,
        "blendMode": "AddAverage"
      },
      {
        "code": "die",
        "animation": "death",
        "animationSpeed": 1.25,
        "weight": 10,
        "blendMode": "Average",
        "triggeredBy": {
          "onControls": [
            "dead"
          ]
        }
      },
      {
        "code": "idle",
        "animation": "idle",
        "blendMode": "AddAverage",
        "easeOutSpeed": 4,
        "triggeredBy": {
          "defaultAnim": true
        }
      },
      {
        "code": "sleep",
        "animation": "sleep",
        "easeInSpeed": 4,
        "easeOutSpeed": 4,
        "blendMode": "Average"
      },
      {
        "code": "sit",
        "animation": "sit",
        "easeInSpeed": 4,
        "easeOutSpeed": 4,
        "blendMode": "Average"
      }
    ]
  },
  "server": {
    "behaviors": [
      {
        "code": "ropetieable",
        "minGeneration": 0
      },
      {
        "code": "nametag",
        "showtagonlywhentargeted": true
      },
      {
        "code": "receivecommand",
        "availableCommands": [
          {
            "commandName": "sit",
            "commandType": "SIMPLE",
            "minObedience": 0.2
          },
          {
            "commandName": "lay",
            "commandType": "SIMPLE",
            "minObedience": 0.2
          },
          {
            "commandName": "stay",
            "commandType": "COMPLEX",
            "minObedience": 0.1
          },
          {
            "commandName": "followmaster",
            "commandType": "COMPLEX",
            "minObedience": 0.6
          },
          {
            "commandName": "NEUTRAL",
            "commandType": "AGGRESSIONLEVEL",
            "minObedience": 0
          },
          {
            "commandName": "PROTECTIVE",
            "commandType": "AGGRESSIONLEVEL",
            "minObedience": 0.5
          },
          {
            "commandName": "PASSIVE",
            "commandType": "AGGRESSIONLEVEL",
            "minObedience": 0.8
          }
        ]
      },
      {
        "code": "tameable",
        "size": "small",
        "disobediencePerDay": 0,
        "treat": [
          {
            "code": "fruit-blueberry",
            "progress": 0.1,
            "cooldown": 1
          },
          {
            "code": "fruit-redcurrant",
            "progress": 0.1,
            "cooldown": 1
          },
          {
            "code": "fruit-whitecurrant",
            "progress": 0.1,
            "cooldown": 1
          },
          {
            "code": "fruit-blackcurrant",
            "progress": 0.1,
            "cooldown": 1
          },
          {
            "code": "bushmeat-raw",
            "progress": 0.15,
            "cooldown": 2
          },
          {
            "code": "petcookie-meat-perfect",
            "domain": "petai",
            "progress": 0.8,
            "cooldown": 3
          },
          {
            "code": "redmeat-raw",
            "progress": 0.3,
            "cooldown": 3
          },
          {
            "code": "poultry-raw",
            "progress": 0.3,
            "cooldown": 3
          }
        ]
      },
      {
        "code": "mouthinventory",
        "acceptStacks": [
          {
            "type": "item",
            "code": "fruit-blueberry"
          },
          {
            "type": "item",
            "code": "fruit-redcurrant"
          },
          {
            "type": "item",
            "code": "fruit-whitecurrant"
          },
          {
            "type": "item",
            "code": "fruit-blackcurrant"
          },
          {
            "type": "item",
            "code": "bushmeat-raw"
          },
          {
            "type": "item",
            "code": "redmeat-raw"
          },
          {
            "type": "item",
            "code": "poultry-raw"
          },
          {
            "type": "item",
            "code": "petai:petcookie-meat-perfect"
          }
        ]
      },
      {
        "code": "repulseagents"
      },
      {
        "code": "controlledphysics",
        "stepHeight": 1.1251
      },
      {
        "code": "health",
        "currenthealthByType": {
          "*-baby-*": 3,
          "*": 6
        },
        "maxhealthByType": {
          "*-baby-*": 3,
          "*": 6
        }
      },
      {
        "code": "deaddecay",
        "hoursToDecay": 96,
        "decayedBlockByType": {
          "*-baby-*": "carcass-tiny",
          "*": "carcass-small"
        }
      },
      {
        "code": "floatupwhenstuck",
        "onlyWhenDead": true
      },
      {
        "code": "harvestable",
        "drops": [
          {
            "type": "item",
            "code": "bushmeat-raw",
            "quantityByType": {
              "*-baby-*": {
                "avg": 0,
                "var": 0
              },
              "*": {
                "avg": 2,
                "var": 1
              }
            }
          },
          {
            "type": "item",
            "code": "hide-raw-small",
            "quantityByType": {
              "*-baby-*": {
                "avg": 1,
                "var": 0
              },
              "*": {
                "avg": 1,
                "var": 0
              }
            }
          },
          {
            "type": "item",
            "code": "fat",
            "quantityByType": {
              "*-baby-*": {
                "avg": 0.25,
                "var": 0
              },
              "*": {
                "avg": 0.25,
                "var": 0
              }
            }
          }
        ]
      },
      {
        "code": "breathe"
      },
      {
        "code": "multiply",
        "enabledByType": {
          "*-adult-female": true,
          "*": false
        },
        "spawnEntityCodes": [
          {
            "code": "foxtaming:tamefox-{type}-baby-male"
          },
          {
            "code": "foxtaming:tamefox-{type}-baby-female"
          }
        ],
        "requiresNearbyEntityCode": "foxtaming:tamefox-{type}-adult-male",
        "requiresNearbyEntityRange": 10,
        "spawnQuantityMin": 1,
        "spawnQuantityMax": 2,
        "eatAnyway": true,
        "pregnancyDays": 10,
        "multiplyCooldownDaysMin": 6,
        "multiplyCooldownDaysMax": 13,
        "portionsEatenForMultiply": 6
      },
      {
        "code": "raisable",
        "enabledByType": {
          "*-baby-*": true,
          "*": false
        },
        "hoursToGrow": 336,
        "adultEntityCodes": [
          "foxtaming:tamefox-{type}-adult-{gender}"
        ]
      },
      {
        "code": "emotionstates",
        "states": [
          {
            "code": "aggressiveondamage",
            "duration": 15,
            "chance": 0.6,
            "slot": 0,
            "priority": 2,
            "accumType": "noaccum"
          },
          {
            "code": "fleeondamage",
            "duration": 10,
            "chance": 1,
            "slot": 0,
            "priority": 1,
            "accumType": "max"
          },
          {
            "code": "saturated",
            "duration": 1200,
            "chance": 1,
            "slot": 0,
            "priority": 1,
            "accumType": "sum"
          }
        ]
      },
      {
        "code": "taskai",
        "aiCreatureType": "LandCreature",
        "aitasks": [
          {
            "code": "stayclosetoentity",
            "enabledByType": {
              "*-baby-*": true,
              "*-female-*": true,
              "*": false
            },
            "priority": 1.4,
            "entityCode": "foxtaming:tamefox-{type}-adult-female",
            "movespeed": 0.02,
            "animationSpeed": 3,
            "maxDistance": 8,
            "searchRange": 25,
            "animationByType": {
              "*-baby-*": "Run",
              "*": "Walk"
            }
          },
          {
            "code": "stayclosetoentity",
            "enabledByType": {
              "*-baby-*": true,
              "*": false
            },
            "priority": 1.39,
            "entityCode": "foxtaming:tamefox-{type}-adult-male",
            "movespeed": 0.02,
            "animationSpeed": 3,
            "maxDistance": 8,
            "searchRange": 25,
            "animation": "Run"
          },
          {
            "code": "fleeentity",
            "entityCodes": [
              "wolf-*",
              "hyena-*",
              "bear-*"
            ],
            "priority": 2,
            "movespeed": 0.03,
            "seekingRange": 14,
            "animation": "Run",
            "animationSpeed": 2.5
          },
          {
            "code": "petmeleeattack",
            "enabledByType": {
              "*-baby-*": false,
              "*": true
            },
            "entityCodes": [
              "chicken-*",
              "hare-*"
            ],
            "isCommandable": true,
            "priority": 3,
            "damage": 4,
            "damageType": "SlashingAttack",
            "slot": 1,
            "mincooldown": 1500,
            "maxcooldown": 1500,
            "attackDurationMs": 800,
            "damagePlayerAtMs": 500,
            "animation": "Attack",
            "animationSpeed": 2.5,
            "sound": "game:creature/fox/attack",
            "whenNotInEmotionState": "saturated"
          },
          {
            "code": "petseekentity",
            "entityCodes": [
              "chicken-*",
              "hare-*"
            ],
            "isCommandable": true,
            "priority": 2.9,
            "movespeed": 0.04,
            "animationSpeed": 2,
            "seekingRange": 20,
            "animation": "Run",
            "leapAtTarget": true,
            "sound": "game:creature/fox/growl",
            "leapChance": 0.01,
            "whenNotInEmotionState": "saturated"
          },
          {
            "code": "followleadholder",
            "minGeneration": 2,
            "priority": 1.45,
            "animation": "walk",
            "animationSpeed": 2.2,
            "movespeed": 0.015
          },
          {
            "code": "getoutofwater",
            "priority": 1.4,
            "movespeed": 0.015,
            "animation": "Walk",
            "animationSpeed": 2.2
          },
          {
            "code": "useinventory",
            "animation": "eat",
            "animationSpeed": 0.75,
            "priority": 1.6,
            "priorityForCancel": 1.7,
            "eatItemCategories": [
              "Protein",
              "Fruit"
            ],
            "eatItemCodes": [
              "fruit-blueberry",
              "fruit-redcurrant",
              "fruit-whitecurrant",
              "fruit-blackcurrant",
              "bushmeat-raw",
              "redmeat-raw",
              "poultry-raw",
              "petai:petcookie-meat-perfect"
            ],
            "useTime": 1.5,
            "mincooldownHours": 1,
            "maxcooldownHours": 1.5
          },
          {
            "code": "seeknest",
            "priority": 1.56,
            "duringDayTimeFrames": [
              {
                "fromHour": 10,
                "toHour": 18
              },
              {
                "fromHour": 1,
                "toHour": 4
              }
            ],
            "movespeed": 0.006,
            "animation": "Walk"
          },
          {
            "code": "idle",
            "priority": 1.45,
            "minduration": 200000,
            "maxduration": 800000,
            "mincooldown": 10000,
            "maxcooldown": 30000,
            "priorityForCancel": 1.55,
            "animation": "Sleep",
            "whenNotInEmotionState": "aggressiveondamage",
            "duringDayTimeFrames": [
              {
                "fromHour": 10,
                "toHour": 18
              },
              {
                "fromHour": 1,
                "toHour": 4
              }
            ],
            "stopOnNearbyEntityCodes": [
              "wolf-*",
              "hyena-*",
              "drifter-*",
              "shiver-*",
              "bowtorn-*"
            ],
            "stopRange": 8,
            "stopOnHurt": true
          },
          {
            "code": "idle",
            "priority": 1.45,
            "minduration": 200000,
            "maxduration": 800000,
            "mincooldown": 10000,
            "maxcooldown": 30000,
            "priorityForCancel": 1.55,
            "animation": "Loaf",
            "whenNotInEmotionState": "aggressiveondamage",
            "duringDayTimeFrames": [
              {
                "fromHour": 10,
                "toHour": 18
              }
            ],
            "stopOnNearbyEntityCodes": [
              "wolf-*",
              "hyena-*",
              "drifter-*",
              "shiver-*",
              "bowtorn-*"
            ],
            "stopRange": 8,
            "stopOnHurt": true
          },
          {
            "code": "idle",
            "onBlockBelowCode": "snowblock",
            "enabledByType": {
              "*-baby-*": false,
              "*": true
            },
            "priority": 1.35,
            "priorityForCancel": 5,
            "minduration": 2400,
            "maxduration": 2400,
            "mincooldown": 8000,
            "maxcooldown": 30000,
            "animation": "Dive",
            "animationSpeed": 1.25,
            "sound": "game:walk/deepsnow1",
            "soundStartMs": 950
          },
          {
            "code": "seekfoodandeat",
            "movespeed": 0.006,
            "priority": 1.3,
            "eatItemCategories": [
              "protein"
            ],
            "eatSound": "game:creature/animal-eat-small",
            "eatTime": 1.5,
            "animation": "Walk",
            "eatAnimation": "Eat",
            "mincooldownHours": 1,
            "maxcooldownHours": 4
          },
          {
            "code": "idle",
            "priority": 1.3,
            "priorityForCancel": 1.35,
            "minduration": 4680,
            "maxduration": 4680,
            "mincooldown": 80000,
            "maxcooldown": 400000,
            "animation": "yip",
            "animationSpeed": 0.25,
            "sound": "game:creature/fox/yip",
            "soundRange": 110
          },
          {
            "code": "idle",
            "enabledByType": {
              "*-baby-*": false,
              "*": true
            },
            "priority": 1.3,
            "priorityForCancel": 1.35,
            "minduration": 2500,
            "maxduration": 7500,
            "mincooldown": 10000,
            "maxcooldown": 50000,
            "animation": "Flop",
            "animationSpeed": 1
          },
          {
            "code": "idle",
            "priority": 1.2,
            "priorityForCancel": 1.35,
            "minduration": 2500,
            "maxduration": 2500,
            "mincooldown": 6000,
            "maxcooldown": 20000,
            "animation": "Sniff",
            "animationSpeed": 1.25
          },
          {
            "code": "wander",
            "priority": 1.0,
            "priorityForCancel": 1.35,
            "movespeed": 0.004,
            "animation": "Walk",
            "preferredLightLevel": 20
          },
          {
            "code": "idle",
            "priority": 0.9,
            "minduration": 5000,
            "maxduration": 30000,
            "mincooldown": 2000,
            "maxcooldown": 120000,
            "priorityForCancel": 1.39,
            "animation": "Sit",
            "stopRange": 5
          },
          {
            "code": "idle",
            "enabledByType": {
              "*-baby-*": false,
              "*": true
            },
            "priority": 0.9,
            "minduration": 5000,
            "maxduration": 30000,
            "mincooldown": 2000,
            "maxcooldown": 120000,
            "priorityForCancel": 1.39,
            "animation": "Loaf",
            "stopRange": 5
          },
          {
            "code": "lookaround",
            "priority": 0.5
          },
          {
            "code": "simplecommand",
            "priority": 3,
            "minduration": 2000,
            "maxduration": 10000,
            "priorityForCancel": 2.8,
            "animation": "Sit",
            "command": "sit"
          },
          {
            "code": "simplecommand",
            "priority": 3,
            "minduration": 5000,
            "maxduration": 15000,
            "priorityForCancel": 2.8,
            "animation": "Lie",
            "animationSpeed": 0.8,
            "command": "lay"
          },
          {
            "code": "stay",
            "priority": 2,
            "priorityForCancel": 1.9,
            "command": "stay",
            "movespeed": 0.006,
            "maxDistance": 10,
            "searchRange": 40,
            "animation": "Walk"
          },
          {
            "code": "followmaster",
            "priority": 2,
            "priorityForCancel": 1.9,
            "command": "followmaster",
            "movespeed": 0.045,
            "animationSpeed": 2.2,
            "maxDistance": 8,
            "searchRange": 40,
            "animation": "Run",
            "allowTeleport": true
          }
        ]
      },
      {
        "code": "pettableextended",
        "minGeneration": 0
      }
    ]
  },
  "sounds": {
    "hurt": "game:creature/fox/hurt",
    "death": "game:creature/fox/die",
    "idle": "game:creature/fox/yip"
  },
  "idleSoundChance": 0
}
