﻿[
  {
    "enabled": true,
    "dependsOn": [{ "modid": "maltiezcrossbows" }],
    "op": "add",
    "file": "humans:config/customplayermodels/ancestor.json",
    "path": "/ancestor/AvailableClasses/-",
    "value": "humans-ancient-crossbowman"
  },
  {
    "enabled": true,
    "dependsOn": [{ "modid": "maltiezcrossbows" }],
    "op": "add",
    "file": "humans:config/customplayermodels/ancestor.json",
    "path": "/ancestor/ExclusiveClasses/-",
    "value": "humans-ancient-crossbowman"
  },
  { "enabled": true, "dependsOn": [{ "modid": "maltiezcrossbows" }], "op": "add", "file": "humans:config/characterclasses.json", "path": "/13/enabled", "value": true },
  {
    "enabled": true,
    "dependsOn": [{ "modid": "maltiezfirearms" }],
    "op": "add",
    "file": "humans:config/customplayermodels/ancestor.json",
    "path": "/ancestor/AvailableClasses/-",
    "value": "humans-ancient-harquebusier"
  },
  {
    "enabled": true,
    "dependsOn": [{ "modid": "maltiezfirearms" }],
    "op": "add",
    "file": "humans:config/customplayermodels/ancestor.json",
    "path": "/ancestor/ExclusiveClasses/-",
    "value": "humans-ancient-harquebusier"
  },
  { "enabled": true, "dependsOn": [{ "modid": "maltiezfirearms" }], "op": "add", "file": "humans:config/characterclasses.json", "path": "/14/enabled", "value": true }
]
