﻿[
  { "enabled": true, "dependsOn": [{ "modid": "combatoverhaul" }], "op": "add", "file": "humans:config/characterclasses.json", "path": "/2/traits/-", "value": "slingsProficiency" },
  { "enabled": true, "dependsOn": [{ "modid": "combatoverhaul" }], "op": "add", "file": "humans:config/characterclasses.json", "path": "/2/traits/-", "value": "improviser" },
  { "enabled": true, "dependsOn": [{ "modid": "combatoverhaul" }], "op": "add", "file": "humans:config/characterclasses.json", "path": "/2/traits/-", "value": "quarterstaffProficiency" },
  { "enabled": true, "dependsOn": [{ "modid": "combatoverhaul" }], "op": "remove", "file": "humans:config/characterclasses.json", "path": "/4/traits/2" },
  { "enabled": true, "dependsOn": [{ "modid": "combatoverhaul" }], "op": "add", "file": "humans:config/characterclasses.json", "path": "/4/traits/-", "value": "humans-rangedfighter" },
  { "enabled": true, "dependsOn": [{ "modid": "combatoverhaul" }], "op": "add", "file": "humans:config/characterclasses.json", "path": "/4/traits/-", "value": "slingsProficiency" },
  { "enabled": true, "dependsOn": [{ "modid": "combatoverhaul" }], "op": "add", "file": "humans:config/characterclasses.json", "path": "/4/traits/-", "value": "crossbowsProficiency" },
  { "enabled": true, "dependsOn": [{ "modid": "combatoverhaul" }], "op": "add", "file": "humans:config/characterclasses.json", "path": "/4/traits/-", "value": "improviser" },
  { "enabled": true, "dependsOn": [{ "modid": "combatoverhaul" }], "op": "add", "file": "humans:config/characterclasses.json", "path": "/7/traits/-", "value": "spearsProficiency" },
  { "enabled": true, "dependsOn": [{ "modid": "combatoverhaul" }], "op": "add", "file": "humans:config/characterclasses.json", "path": "/7/traits/-", "value": "halberdsProficiency" },
  { "enabled": true, "dependsOn": [{ "modid": "combatoverhaul" }], "op": "add", "file": "humans:config/characterclasses.json", "path": "/10/traits/-", "value": "canParryProjectiles" },
  { "enabled": true, "dependsOn": [{ "modid": "combatoverhaul" }], "op": "add", "file": "humans:config/characterclasses.json", "path": "/10/traits/-", "value": "clumsyHands" },
  { "enabled": true, "dependsOn": [{ "modid": "combatoverhaul" }], "op": "add", "file": "humans:config/characterclasses.json", "path": "/11/traits/-", "value": "clumsyHands" },
  { "enabled": true, "dependsOn": [{ "modid": "combatoverhaul" }], "op": "add", "file": "humans:config/characterclasses.json", "path": "/11/traits/-", "value": "spearsProficiency" },
  { "enabled": true, "dependsOn": [{ "modid": "combatoverhaul" }], "op": "add", "file": "humans:config/characterclasses.json", "path": "/11/traits/-", "value": "halberdsProficiency" },
  { "enabled": true, "dependsOn": [{ "modid": "combatoverhaul" }], "op": "add", "file": "humans:config/characterclasses.json", "path": "/11/traits/-", "value": "clubsProficiency" },
  { "enabled": true, "dependsOn": [{ "modid": "combatoverhaul" }], "op": "add", "file": "humans:config/characterclasses.json", "path": "/12/traits/-", "value": "bowsProficiency" },
  { "enabled": true, "dependsOn": [{ "modid": "combatoverhaul" }], "op": "add", "file": "humans:config/characterclasses.json", "path": "/12/traits/-", "value": "oneHandedSwordsProficiency" },
  { "enabled": true, "dependsOn": [{ "modid": "combatoverhaul" }], "op": "add", "file": "humans:config/characterclasses.json", "path": "/13/traits/-", "value": "crossbowsProficiency" },
  { "enabled": true, "dependsOn": [{ "modid": "combatoverhaul" }], "op": "add", "file": "humans:config/characterclasses.json", "path": "/13/traits/-", "value": "oneHandedSwordsProficiency" },
  { "enabled": true, "dependsOn": [{ "modid": "combatoverhaul" }], "op": "add", "file": "humans:config/characterclasses.json", "path": "/14/traits/-", "value": "firearmsProficiency" },
  { "enabled": true, "dependsOn": [{ "modid": "combatoverhaul" }], "op": "add", "file": "humans:config/characterclasses.json", "path": "/14/traits/-", "value": "oneHandedSwordsProficiency" }
]
