﻿[
  { "enabled": true, "dependsOn": [{ "modid": "combatoverhaul" }], "op": "remove", "file": "humans:config/traits.json", "path": "/8/attributes/rangedWeaponsAcc" },
  { "enabled": true, "dependsOn": [{ "modid": "combatoverhaul" }], "op": "remove", "file": "humans:config/traits.json", "path": "/17/attributes/rangedWeaponsAcc" },
  { "enabled": true, "dependsOn": [{ "modid": "combatoverhaul" }], "op": "remove", "file": "humans:config/traits.json", "path": "/14/attributes/rangedWeaponsAcc" },
  { "enabled": true, "dependsOn": [{ "modid": "combatoverhaul" }], "op": "remove", "file": "humans:config/traits.json", "path": "/16/attributes/rangedWeaponsAcc" },
  { "enabled": true, "dependsOn": [{ "modid": "combatoverhaul" }], "op": "remove", "file": "humans:config/traits.json", "path": "/10/attributes/rangedWeaponsAcc" },
  { "enabled": true, "dependsOn": [{ "modid": "combatoverhaul" }], "op": "remove", "file": "humans:config/traits.json", "path": "/8/attributes/bowDrawingStrength" },
  { "enabled": true, "dependsOn": [{ "modid": "combatoverhaul" }], "op": "remove", "file": "humans:config/traits.json", "path": "/10/attributes/bowDrawingStrength" },
  { "enabled": true, "dependsOn": [{ "modid": "combatoverhaul" }], "op": "remove", "file": "humans:config/traits.json", "path": "/14/attributes/bowDrawingStrength" },
  { "enabled": true, "dependsOn": [{ "modid": "combatoverhaul" }], "op": "remove", "file": "humans:config/traits.json", "path": "/16/attributes/bowDrawingStrength" },
  { "enabled": true, "dependsOn": [{ "modid": "combatoverhaul" }], "op": "remove", "file": "humans:config/traits.json", "path": "/17/attributes/bowDrawingStrength" },
  { "enabled": true, "dependsOn": [{ "modid": "combatoverhaul" }], "op": "remove", "file": "humans:config/traits.json", "path": "/8/attributes/rangedWeaponsDamage" },
  { "enabled": true, "dependsOn": [{ "modid": "combatoverhaul" }], "op": "remove", "file": "humans:config/traits.json", "path": "/10/attributes/rangedWeaponsDamage" },
  { "enabled": true, "dependsOn": [{ "modid": "combatoverhaul" }], "op": "remove", "file": "humans:config/traits.json", "path": "/14/attributes/rangedWeaponsDamage" },
  { "enabled": true, "dependsOn": [{ "modid": "combatoverhaul" }], "op": "remove", "file": "humans:config/traits.json", "path": "/16/attributes/rangedWeaponsDamage" },
  { "enabled": true, "dependsOn": [{ "modid": "combatoverhaul" }], "op": "remove", "file": "humans:config/traits.json", "path": "/17/attributes/rangedWeaponsDamage" },
  { "enabled": true, "dependsOn": [{ "modid": "combatoverhaul" }], "op": "remove", "file": "humans:config/traits.json", "path": "/8/attributes/meleeWeaponsDamage" },
  { "enabled": true, "dependsOn": [{ "modid": "combatoverhaul" }], "op": "remove", "file": "humans:config/traits.json", "path": "/10/attributes/meleeWeaponsDamage" },
  { "enabled": true, "dependsOn": [{ "modid": "combatoverhaul" }], "op": "remove", "file": "humans:config/traits.json", "path": "/13/attributes/meleeWeaponsDamage" },
  { "enabled": true, "dependsOn": [{ "modid": "combatoverhaul" }], "op": "remove", "file": "humans:config/traits.json", "path": "/14/attributes/meleeWeaponsDamage" },
  { "enabled": true, "dependsOn": [{ "modid": "combatoverhaul" }], "op": "remove", "file": "humans:config/traits.json", "path": "/16/attributes/meleeWeaponsDamage" },
  { "enabled": true, "dependsOn": [{ "modid": "combatoverhaul" }], "op": "remove", "file": "humans:config/traits.json", "path": "/17/attributes/meleeWeaponsDamage" },
  { "enabled": true, "dependsOn": [{ "modid": "combatoverhaul" }], "op": "remove", "file": "humans:config/traits.json", "path": "/18/attributes/meleeWeaponsDamage" },
  { "enabled": true, "dependsOn": [{ "modid": "combatoverhaul" }], "op": "add", "file": "humans:config/traits.json", "path": "/8/attributes/meleeProficiency", "value": "-0.3" },
  { "enabled": true, "dependsOn": [{ "modid": "combatoverhaul" }], "op": "add", "file": "humans:config/traits.json", "path": "/10/attributes/meleeProficiency", "value": "-0.1" },
  { "enabled": true, "dependsOn": [{ "modid": "combatoverhaul" }], "op": "add", "file": "humans:config/traits.json", "path": "/13/attributes/meleeDamageTierBonusBluntAttack", "value": 1 },
  { "enabled": true, "dependsOn": [{ "modid": "combatoverhaul" }], "op": "add", "file": "humans:config/traits.json", "path": "/14/attributes/meleeProficiency", "value": "0.1" },
  { "enabled": true, "dependsOn": [{ "modid": "combatoverhaul" }], "op": "add", "file": "humans:config/traits.json", "path": "/16/attributes/meleeProficiency", "value": "0.1" },
  { "enabled": true, "dependsOn": [{ "modid": "combatoverhaul" }], "op": "add", "file": "humans:config/traits.json", "path": "/17/attributes/meleeProficiency", "value": "-0.1" },
  { "enabled": true, "dependsOn": [{ "modid": "combatoverhaul" }], "op": "add", "file": "humans:config/traits.json", "path": "/18/attributes/knightlyProficiency", "value": "0.3" },
  { "enabled": true, "dependsOn": [{ "modid": "combatoverhaul" }], "op": "add", "file": "humans:config/traits.json", "path": "/10/attributes/steadyAim", "value": "-0.3" },
  { "enabled": true, "dependsOn": [{ "modid": "combatoverhaul" }], "op": "add", "file": "humans:config/traits.json", "path": "/16/attributes/steadyAim", "value": "-0.3" },
  { "enabled": true, "dependsOn": [{ "modid": "combatoverhaul" }], "op": "add", "file": "humans:config/traits.json", "path": "/17/attributes/steadyAim", "value": "0.3" }
]
