[
	{
		"dependsOn": [
			{ "modid": "geoaddons" }
		],
		"side": "Server",
		"file": "game:blocktypes/stone/ore-gem.json",
		"op": "add",
		"path": "/allowedVariants/-",
		"value": "ore-low-corundumruby-pyroxenite"
	},
	{
		"dependsOn": [
			{ "modid": "geoaddons" }
		],
		"side": "Server",
		"file": "game:blocktypes/stone/ore-gem.json",
		"op": "add",
		"path": "/allowedVariants/-",
		"value": "ore-medium-corundumruby-pyroxenite"
	},
	{
		"dependsOn": [
			{ "modid": "geoaddons" }
		],
		"side": "Server",
		"file": "game:blocktypes/stone/ore-gem.json",
		"op": "add",
		"path": "/allowedVariants/-",
		"value": "ore-high-corundumruby-pyroxenite"
	},
	{
		"dependsOn": [
			{ "modid": "geoaddons" }
		],
		"side": "Server",
		"file": "game:blocktypes/stone/ore-gem.json",
		"op": "add",
		"path": "/allowedVariants/-",
		"value": "ore-low-corundumruby-serpentinite"
	},
	{
		"dependsOn": [
			{ "modid": "geoaddons" }
		],
		"side": "Server",
		"file": "game:blocktypes/stone/ore-gem.json",
		"op": "add",
		"path": "/allowedVariants/-",
		"value": "ore-medium-corundumruby-serpentinite"
	},
	{
		"dependsOn": [
			{ "modid": "geoaddons" }
		],
		"side": "Server",
		"file": "game:blocktypes/stone/ore-gem.json",
		"op": "add",
		"path": "/allowedVariants/-",
		"value": "ore-high-corundumruby-serpentinite"
	},
	{
		"dependsOn": [
			{ "modid": "geoaddons" }
		],
		"side": "Server",
		"file": "game:blocktypes/stone/looseores.json",
		"op": "add",
		"path": "/allowedVariants/-",
		"value": "looseores-corundumruby-pyroxenite-free"
	},
	{
		"dependsOn": [
			{ "modid": "geoaddons" }
		],
		"side": "Server",
		"file": "game:blocktypes/stone/looseores.json",
		"op": "add",
		"path": "/allowedVariants/-",
		"value": "looseores-corundumruby-serpentinite-free"
	},
]