[
	{
		"dependsOn": [
			{ "modid": "geoaddons" }
		],
		"side": "Server",
		"file": "game:blocktypes/stone/ore-gem.json",
		"op": "add",
		"path": "/allowedVariants/-",
		"value": "ore-low-corundumsapphire-pyroxenite"
	},
	{
		"dependsOn": [
			{ "modid": "geoaddons" }
		],
		"side": "Server",
		"file": "game:blocktypes/stone/ore-gem.json",
		"op": "add",
		"path": "/allowedVariants/-",
		"value": "ore-medium-corundumsapphire-pyroxenite"
	},
	{
		"dependsOn": [
			{ "modid": "geoaddons" }
		],
		"side": "Server",
		"file": "game:blocktypes/stone/ore-gem.json",
		"op": "add",
		"path": "/allowedVariants/-",
		"value": "ore-high-corundumsapphire-pyroxenite"
	},
	{
		"dependsOn": [
			{ "modid": "geoaddons" }
		],
		"side": "Server",
		"file": "game:blocktypes/stone/ore-gem.json",
		"op": "add",
		"path": "/allowedVariants/-",
		"value": "ore-low-corundumsapphire-serpentinite"
	},
	{
		"dependsOn": [
			{ "modid": "geoaddons" }
		],
		"side": "Server",
		"file": "game:blocktypes/stone/ore-gem.json",
		"op": "add",
		"path": "/allowedVariants/-",
		"value": "ore-medium-corundumsapphire-serpentinite"
	},
	{
		"dependsOn": [
			{ "modid": "geoaddons" }
		],
		"side": "Server",
		"file": "game:blocktypes/stone/ore-gem.json",
		"op": "add",
		"path": "/allowedVariants/-",
		"value": "ore-high-corundumsapphire-serpentinite"
	},
	{
		"dependsOn": [
			{ "modid": "geoaddons" }
		],
		"side": "Server",
		"file": "game:blocktypes/stone/looseores.json",
		"op": "add",
		"path": "/allowedVariants/-",
		"value": "looseores-corundumsapphire-pyroxenite-free"
	},
	{
		"dependsOn": [
			{ "modid": "geoaddons" }
		],
		"side": "Server",
		"file": "game:blocktypes/stone/looseores.json",
		"op": "add",
		"path": "/allowedVariants/-",
		"value": "looseores-corundumsapphire-serpentinite-free"
	},
]