[
	{
		"dependsOn": [
			{ "modid": "geoaddons" }
		],
		"side": "Server",
		"file": "game:blocktypes/stone/ore-gem.json",
		"op": "add",
		"path": "/allowedVariants/-",
		"value": "ore-low-topazblue-monzonite"
	},
	{
		"dependsOn": [
			{ "modid": "geoaddons" }
		],
		"side": "Server",
		"file": "game:blocktypes/stone/ore-gem.json",
		"op": "add",
		"path": "/allowedVariants/-",
		"value": "ore-medium-topazblue-monzonite"
	},
	{
		"dependsOn": [
			{ "modid": "geoaddons" }
		],
		"side": "Server",
		"file": "game:blocktypes/stone/ore-gem.json",
		"op": "add",
		"path": "/allowedVariants/-",
		"value": "ore-high-topazblue-monzonite"
	},
	{
		"dependsOn": [
			{ "modid": "geoaddons" }
		],
		"side": "Server",
		"file": "game:blocktypes/stone/ore-gem.json",
		"op": "add",
		"path": "/allowedVariants/-",
		"value": "ore-low-topazblue-syenite"
	},
	{
		"dependsOn": [
			{ "modid": "geoaddons" }
		],
		"side": "Server",
		"file": "game:blocktypes/stone/ore-gem.json",
		"op": "add",
		"path": "/allowedVariants/-",
		"value": "ore-medium-topazblue-syenite"
	},
	{
		"dependsOn": [
			{ "modid": "geoaddons" }
		],
		"side": "Server",
		"file": "game:blocktypes/stone/ore-gem.json",
		"op": "add",
		"path": "/allowedVariants/-",
		"value": "ore-high-topazblue-syenite"
	},
	{
		"dependsOn": [
			{ "modid": "geoaddons" }
		],
		"side": "Server",
		"file": "game:blocktypes/stone/looseores.json",
		"op": "add",
		"path": "/allowedVariants/-",
		"value": "looseores-topazblue-monzonite-free"
	},
	{
		"dependsOn": [
			{ "modid": "geoaddons" }
		],
		"side": "Server",
		"file": "game:blocktypes/stone/looseores.json",
		"op": "add",
		"path": "/allowedVariants/-",
		"value": "looseores-topazblue-syenite-free"
	},
]