[
	{
		"dependsOn": [
			{ "modid": "geoaddons" }
		],
		"side": "Server",
		"file": "game:blocktypes/stone/ore-gem.json",
		"op": "add",
		"path": "/allowedVariants/-",
		"value": "ore-low-tourmalinerubellite-monzonite"
	},
	{
		"dependsOn": [
			{ "modid": "geoaddons" }
		],
		"side": "Server",
		"file": "game:blocktypes/stone/ore-gem.json",
		"op": "add",
		"path": "/allowedVariants/-",
		"value": "ore-medium-tourmalinerubellite-monzonite"
	},
	{
		"dependsOn": [
			{ "modid": "geoaddons" }
		],
		"side": "Server",
		"file": "game:blocktypes/stone/ore-gem.json",
		"op": "add",
		"path": "/allowedVariants/-",
		"value": "ore-high-tourmalinerubellite-monzonite"
	},
	{
		"dependsOn": [
			{ "modid": "geoaddons" }
		],
		"side": "Server",
		"file": "game:blocktypes/stone/ore-gem.json",
		"op": "add",
		"path": "/allowedVariants/-",
		"value": "ore-low-tourmalinerubellite-syenite"
	},
	{
		"dependsOn": [
			{ "modid": "geoaddons" }
		],
		"side": "Server",
		"file": "game:blocktypes/stone/ore-gem.json",
		"op": "add",
		"path": "/allowedVariants/-",
		"value": "ore-medium-tourmalinerubellite-syenite"
	},
	{
		"dependsOn": [
			{ "modid": "geoaddons" }
		],
		"side": "Server",
		"file": "game:blocktypes/stone/ore-gem.json",
		"op": "add",
		"path": "/allowedVariants/-",
		"value": "ore-high-tourmalinerubellite-syenite"
	},
	{
		"dependsOn": [
			{ "modid": "geoaddons" }
		],
		"side": "Server",
		"file": "game:blocktypes/stone/looseores.json",
		"op": "add",
		"path": "/allowedVariants/-",
		"value": "looseores-tourmalinerubellite-monzonite-free"
	},
	{
		"dependsOn": [
			{ "modid": "geoaddons" }
		],
		"side": "Server",
		"file": "game:blocktypes/stone/looseores.json",
		"op": "add",
		"path": "/allowedVariants/-",
		"value": "looseores-tourmalinerubellite-syenite-free"
	},
]