{
	"code": "creature",
	"class": "ItemCreature",
	"maxstackssize": 1,
	"variantgroups": [
			{
				"code": "type",
				"states": [ "bison-wild-female", "bison-wild-male",
							"bison-tamed-female", "bison-tamed-male",
							"bison-calf-wild", "bison-calf-tamed"]
			}
		],
	"shapeByType": {
		"*-male": { "base": "entity/land/mammal/bison-male" },
		"*-female": { "base": "entity/land/mammal/bison-female" },
		"*-calf-*": { "base": "entity/land/mammal/bison-calf" }
	},
	"texturesByType": {
		"*": { "skin": { "base": "entity/land/bison/bisonskin1" } }
	},
	"creativeinventory": {
		"general": ["*"],
		"items": ["*"],
		"creatures": ["*"]
		},
	
	"guiTransform": {
		"translation": { "x": 0, "y": 7, "z": 0 },
		"rotation": { "x": 15, "y": -120, "z": -163 },
		"origin": { "x": 0.5, "y": 0.8, "z": 0.5 },
		"scale": 0.39
	},
	"fpHandTransform": {
		"translation": { "x": -0.3, "y": -0.1, "z": 0.7 },
		"rotation": { "x": -23, "y": -50, "z": -66 },
		"origin": { "x": 0.5, "y": 0.8, "z": 0.5 },
		"scale": 0.3
	},
	"tpHandTransform": {
		"translation": { "x": -1.8, "y": -2.2, "z": -1.2 },
		"rotation": { "x": 127, "y": 7, "z": -174 },
		"origin": { "x": 0.5, "y": 0.8, "z": 0.5 },
		"scale": 0.25
	}
	
}