{
	"code": "creature",
	"class": "ItemCreature",
	"maxStackSize": 1,
	"variantgroups": [
		{
			"code": "type",
			"states": ["direwolf-male", "direwolf-female", "direwolf-pup",
						"tame-direwolf-male", "tame-direwolf-female", "tame-direwolf-pup" ]	
		}
	],
	"shapeByType": {
		"*-direwolf-male": { "base": "entity/land/mammal/direwolf-adult" },
		"*-direwolf-female": { "base": "entity/land/mammal/direwolf-adult" },
		"*-direwolf-pup": { "base": "entity/land/mammal/direwolf-pup" }
		},
	"texturesByType": {
		"*-direwolf-male": { "skin": { "base": "entity/land/direwolf/direwolf1" } },
		"*-direwolf-female": { "skin": { "base": "entity/land/direwolf/direwolf2" } },
		"*-direwolf-pup": {"skin": { "base": "entity/land/direwolf/direwolf-pup1" } }
		},
		
	"creativeinventory": {
		"general": ["*"],
		"items": ["*"],
		"creatures": ["*"]
		},
		
	"guiTransformByType": {
		"creature-direwolf-pup": {
			"rotate": "true",
			"translation": { "x": 0, "y": 0, "z": 0 },
			"rotation": { "x": 180, "y": -115, "z": 6 },
			"origin": { "x": 0.5, "y": 0.5, "z": 0.5 },
			"scale": 1.4
		},
		"creature-tame-direwolf-pup": {
			"rotate": "true",
			"translation": { "x": 0, "y": 0, "z": 0 },
			"rotation": { "x": 180, "y": -115, "z": 6 },
			"origin": { "x": 0.5, "y": 0.5, "z": 0.5 },
			"scale": 1.4
		},
		"creature-direwolf-*": {
			"rotate": "true",
			"translation": { "x": 0, "y": 3, "z": 0 },
			"rotation": { "x": 180, "y": -115, "z": 6 },
			"origin": { "x": 0.75, "y": 0.75, "z": 0.5 },
			"scale": 0.8
		},
		"creature-tame-direwolf-*": {
			"rotate": "true",
			"translation": { "x": 0, "y": 3, "z": 0 },
			"rotation": { "x": 180, "y": -115, "z": 6 },
			"origin": { "x": 0.75, "y": 0.75, "z": 0.5 },
			"scale": 0.8
		}
	},
	"fpHandTransform": {
		"translation": { "x": 0.2, "y": 0, "z": 0 },
		"rotation": { "x": -8, "y": -63, "z": -7 },
		"scale": 0.35
	},
	"tpHandTransform": {
		"translation": { "x": -0.9, "y": -0.9, "z": -0.7 },
		"rotation": { "x": -180, "y": 0, "z": -156 },
		"scale": 0.4
	}
	
}
