{
	"code": "creature",
	"class": "ItemCreature",
	"maxStackSize": 1,
	"variantgroups": [
		{
			"code": "type",
			"states": ["horse-wild-male-draft", "horse-wild-female-draft",
			"horse-tamed-male-draft", "horse-tamed-female-draft",
			"horse-wild-male-arabian", "horse-wild-female-arabian",
			"horse-tamed-male-arabian", "horse-tamed-female-arabian",
			"horse-wild-male-donkey", "horse-wild-female-donkey",
			"horse-tamed-male-donkey", "horse-tamed-female-donkey",
			"horse-wild-male-shire", "horse-wild-female-shire",
			"horse-tamed-male-shire", "horse-tamed-female-shire",
			"horse-wild-male-quarter", "horse-wild-female-quarter",
			"horse-tamed-male-quarter", "horse-tamed-female-quarter",
			"foal-wild-draft", "foal-wild-arabian", "foal-wild-donkey", "foal-wild-shire", "foal-wild-quarter",
			"foal-tamed-draft", "foal-tamed-arabian", "foal-tamed-donkey", "foal-tamed-shire", "foal-tamed-quarter"]	
		}
	],
	"shapeByType": {
		"*-foal-wild-percheron": { "base": "entity/land/mammal/horse-percheron" },
		"*-foal-wild-arabian": { "base": "entity/land/mammal/horse-arabian" },
		"*-foal-wild-donkey": { "base": "entity/land/mammal/horse-donkey" },
		"*-foal-wild-shire": { "base": "entity/land/mammal/horse-donkey" },
		"*-foal-wild-quarter": { "base": "entity/land/mammal/horse-donkey" },
		"*-foal-tamed-percheron": { "base": "entity/land/mammal/horse-percheron" },
		"*-foal-tamed-arabian": { "base": "entity/land/mammal/horse-arabian" },
		"*-foal-tamed-donkey": { "base": "entity/land/mammal/horse-donkey" },
		"*-foal-tamed-shire": { "base": "entity/land/mammal/horse-donkey" },
		"*-foal-tamed-quarter": { "base": "entity/land/mammal/horse-donkey" },
		"*-horse-wild-male-percheron": { "base": "entity/land/mammal/horse-percheron" },
		"*-horse-tamed-male-percheron": { "base": "entity/land/mammal/horse-percheron" },
		"*-horse-wild-female-percheron": { "base": "entity/land/mammal/horse-percheron" },
		"*-horse-tamed-female-percheron": { "base": "entity/land/mammal/horse-percheron" },
		"*-horse-wild-male-arabian": { "base": "entity/land/mammal/horse-arabian" },
		"*-horse-tamed-male-arabian": { "base": "entity/land/mammal/horse-arabian" },
		"*-horse-wild-female-arabian": { "base": "entity/land/mammal/horse-arabian" },
		"*-horse-tamed-female-arabian": { "base": "entity/land/mammal/horse-arabian" },
		"*-horse-wild-male-shire": { "base": "entity/land/mammal/horse-shire" },
		"*-horse-tamed-male-shire": { "base": "entity/land/mammal/horse-shire" },
		"*-horse-wild-female-shire": { "base": "entity/land/mammal/horse-shire" },
		"*-horse-tamed-female-shire": { "base": "entity/land/mammal/horse-shire" },
		"*-horse-wild-male-quarter": { "base": "entity/land/mammal/horse-quarter" },
		"*-horse-tamed-male-quarter": { "base": "entity/land/mammal/horse-quarter" },
		"*-horse-wild-female-quarter": { "base": "entity/land/mammal/horse-quarter" },
		"*-horse-tamed-female-quarter": { "base": "entity/land/mammal/horse-quarter" },
		"*-horse-wild-male-donkey": { "base": "entity/land/mammal/horse-donkey" },
		"*-horse-tamed-male-donkey": { "base": "entity/land/mammal/horse-donkey" },
		"*-horse-wild-female-donkey": { "base": "entity/land/mammal/horse-donkey" },
		"*-horse-tamed-female-donkey": { "base": "entity/land/mammal/horse-donkey" }
		},
	"texturesByType": {
		"*-foal-wild-percheron": { "skin": { "base": "entity/land/horse/horseskin2" } },
		"*-foal-wild-arabian": { "skin": { "base": "entity/land/horse/horseskin15" } },
		"*-foal-wild-donkey": { "skin": { "base": "entity/land/donkey/donkeyskin1" } },
		"*-foal-wild-shire": { "skin": { "base": "entity/land/horse/horseskin2" } },
		"*-foal-wild-quarter": { "skin": { "base": "entity/land/horse/horseskin5" } },
		"*-foal-tamed-percheron": { "skin": { "base": "entity/land/horse/horseskin2" } },
		"*-foal-tamed-arabian": { "skin": { "base": "entity/land/horse/horseskin15" } },
		"*-foal-tamed-donkey": { "skin": { "base": "entity/land/donkey/donkeyskin1" } },
		"*-foal-tamed-shire": { "skin": { "base": "entity/land/horse/horseskin2" } },
		"*-foal-tamed-quarter": { "skin": { "base": "entity/land/horse/horseskin5" } },
		"*-male-percheron": { "skin": { "base": "entity/land/horse/horseskin5" } },
		"*-female-percheron": { "skin": { "base": "entity/land/horse/horseskin20" } },
		"*-male-arabian": { "skin": { "base": "entity/land/horse/horseskin14" } },
		"*-female-arabian": { "skin": { "base": "entity/land/horse/horseskin13" } },
		"*-male-shire":  { "skin": { "base": "entity/land/horse/horseskin15" } },
		"*-female-shire": { "skin": { "base": "entity/land/horse/horseskin15" } },
		"*-male-quarter": { "skin": { "base": "entity/land/horse/horseskin25" } },
		"*-female-quarter": { "skin": { "base": "entity/land/horse/horseskin25" } },
		"*-male-donkey": { "skin": { "base": "entity/land/donkey/donkeyskin2" } },
		"*-female-donkey": { "skin": { "base": "entity/land/donkey/donkeyskin3" } }
		},
		
	"creativeinventory": {
		"general": ["*"],
		"items": ["*"],
		"creatures": ["*"]
		},
		
	"guiTransformByType": {
		"creature-horse-*": {
			"rotate": true,
			"translation": { "x": 0, "y": 0, "z": 0 },
			"rotation": { "x": 180, "y": -115, "z": 6 },
			"origin": { "x": 0.5, "y": 1.25, "z": 0.5 },
			"scale": 0.6
		},
		"creature-foal-*": {
			"rotate": true,
			"translation": { "x": 0, "y": 6, "z": 0 },
			"rotation": { "x": 180, "y": -115, "z": 6 },
			"origin": { "x": 0.5, "y": 1.25, "z": 0.5 },
			"scale": 0.4
		}
	},
	"fpHandTransform": {
		"translation": { "x": 0.2, "y": 0, "z": 0 },
		"rotation": { "x": -8, "y": -63, "z": -7 },
		"scale": 0.35
	},
	"tpHandTransform": {
		"translation": { "x": -0.9, "y": -1.1, "z": -0.85 },
		"rotation": { "x": -180, "y": 0, "z": -156 },
		"scale": 0.4
	}	
}
