{
	"code": "creature",
	"class": "ItemCreature",
	"maxStackSize": 1,
	"variantgroups": [
			{
				"code": "type",
				"states": ["faunling-female", "faunling-male"]
			}
		],
	"shapeByType": {
		"*-faunling-female": { "base": "entity/land/humanoid/faunlingfemale" },
		"*-faunling-male": { "base": "entity/land/humanoid/malefaunling" }
		},
	"texturesByType": {
		"*-faunling-female": { "skin": { "base": "entity/land/faunling/famalefaunlingskin1" } },
		"*-faunling-male": { "skin": { "base": "entity/land/malefaunling/malefaunling7" } }
		},
		
	"creativeinventory": {
		"general": ["*"],
		"items": ["*"],
		"creatures": ["*"]
		},
	
	"guiTransform": {
		"translation": { "x": 0, "y": 2, "z": 0 },
		"rotation": { "x": 0, "y": -120, "z": -163 },
		"origin": { "x": 0.5, "y": 0.8, "z": 0.5 },
		"scale": 0.8
	},
	"fpHandTransform": {
		"translation": { "x": 0.9, "y": 0.9, "z": 0.7 },
		"rotation": { "x": -0, "y": 0, "z": -0 },
		"origin": { "x": 0.5, "y": 0.8, "z": 0.5 },
		"scale": 1.25
	},
	"tpHandTransform": {
		"translation": { "x": 0.2, "y": 0, "z": 0 },
		"rotation": { "x": 0, "y": 0, "z": 0 },
		"origin": { "x": 0.5, "y": 0.8, "z": 0.5 },
		"scale": 1.25
	}
}