{
	"code": "creature",
	"class": "ItemCreature",
	"maxstackssize": 1,
	"variantgroups": [
			{ "code": "type", "states": ["geodecrab"] }
		],
	"shape": {
		"base": "entity/land/elemental/oregeodecrab"
		},
	"creativeinventory": {
		"general": ["*"],
		"items": ["*"],
		"creatures": ["*"]
		},
	
	"guiTransform": {
		"translation": { "x": -1, "y": 0, "z": 0 },
		"rotation": { "x": 180, "y": -69, "z": 15 },
		"origin": { "x": 0.4, "y": 0.2, "z": 0.55 },
		"scale": 1.73
	},
	"fpHandTransform": {
		"translation": { "x": -0.65, "y": 0.2, "z": 1 },
		"rotation": { "x": 9, "y": -82, "z": -11 },
		"origin": { "x": 0.35, "y": 1.45, "z": 0.75 },
		"scale": 0.65
	},
	"tpHandTransform": {
		"translation": { "x": -0.4, "y": -0.1, "z": -0.55 },
		"rotation": { "x": 32, "y": -164, "z": 61 },
		"origin": { "x": 0, "y": 0, "z": 0 },
		"scale": 0.61
	}
}