{
	"code": "creature",
	"class": "ItemCreature",
	"maxstackssize": 1,
	"variantgroups": [
			{
				"code": "type",
				"states": ["shark-freshwater", "shark-saltwater", "shark-hammerhead"]
			}
		],
	"shapeByType": {
		"*-freshwater": { "base": "entity/water/bullshark" },
		"*-saltwater": { "base": "entity/water/bullshark" },
		"*-hammerhead": { "base": "entity/water/hammerhead"} 
		},
	"creativeinventory": {
		"general": ["*"],
		"items": ["*"],
		"creatures": ["*"]
		},
	
	"guiTransformByType": {
		"*-hammerhead": {
			"translation": { "x": 0, "y": 7, "z": 0 },
			"rotation": { "x": 8, "y": -102, "z": -163 },
			"origin": { "x": 1.2, "y": 0.5, "z": 1 },
			"scale": 0.25
		},
		"*": {
			"translation": { "x": 0, "y": 7, "z": 0 },
			"rotation": { "x": 15, "y": -120, "z": -163 },
			"origin": { "x": 0.5, "y": 0.8, "z": 0.5 },
			"scale": 0.39
		}
	},
	"fpHandTransform": {
		"translation": { "x": -0.3, "y": -0.1, "z": 0.7 },
		"rotation": { "x": -23, "y": -50, "z": -66 },
		"origin": { "x": 0.5, "y": 0.8, "z": 0.5 },
		"scale": 0.3
	},
	"tpHandTransform": {
		"translation": { "x": -1.8, "y": -2.2, "z": -1.2 },
		"rotation": { "x": 127, "y": 7, "z": -174 },
		"origin": { "x": 0.5, "y": 0.8, "z": 0.5 },
		"scale": 0.25
	}
	
}