{
	"editor": {
		"allAngles": true,
		"entityTextureMode": true
	},
	"textureWidth": 32,
	"textureHeight": 16,
	"textureSizes": {
	},
	"textures": {
		"buromenfish1": "entity/water/buromenfish/buromenfish1"
	},
	"elements": [
		{
			"name": "origin",
			"from": [ 8.0, 0.0, 8.0 ], 
			"to": [ 8.0, 0.0, 8.0 ], 
			"uv": [ 999.0, 999.0 ],
			"rotationOrigin": [ 8.0, 0.0, 8.0 ],
			"faces": {
				"north": { "texture": "#null", "uv": [ 0.0, 0.0, 0.5, 0.5 ], "enabled": false },
				"east": { "texture": "#null", "uv": [ 0.0, 0.0, 0.5, 0.5 ], "enabled": false },
				"south": { "texture": "#null", "uv": [ 0.0, 0.0, 0.5, 0.5 ], "enabled": false },
				"west": { "texture": "#null", "uv": [ 0.0, 0.0, 0.5, 0.5 ], "enabled": false },
				"up": { "texture": "#null", "uv": [ 0.0, 0.0, 0.5, 0.5 ], "enabled": false },
				"down": { "texture": "#null", "uv": [ 0.0, 0.0, 0.5, 0.5 ], "enabled": false }
			},
			"children": [
				{
					"name": "Body",
					"from": [ -6.0, 1.0, -1.0 ], 
					"to": [ 2.0, 5.0, 0.8 ], 
					"unwrapMode": 7,
					"autoUnwrap": false,
					"uv": [ 1.5, -0.5 ],
					"rotationOrigin": [ -1.0, 3.0, 0.0 ],
					"faces": {
						"north": { "texture": "#buromenfish1", "uv": [ 22.5, 0.5, 30.5, 6.5 ], "autoUv": false },
						"east": { "texture": "#buromenfish1", "uv": [ 14.0, 0.75, 18.0, 2.5 ], "rotation": 270 },
						"south": { "texture": "#buromenfish1", "uv": [ 22.5, 0.5, 30.5, 6.5 ], "autoUv": false },
						"west": { "texture": "#buromenfish1", "uv": [ 10.0, 0.75, 14.0, 2.5 ], "rotation": 90 },
						"up": { "texture": "#buromenfish1", "uv": [ 1.0, 0.5, 9.0, 2.25 ], "rotation": 180 },
						"down": { "texture": "#buromenfish1", "uv": [ 22.0, 14.0, 30.0, 15.75 ] }
					},
					"children": [
						{
							"name": "Head",
							"from": [ -1.5, 0.6, -0.1 ], 
							"to": [ 1.4, 3.5, 1.9 ], 
							"unwrapMode": 7,
							"autoUnwrap": false,
							"uv": [ 17.0, 4.75 ],
							"rotationOrigin": [ 0.0, 2.1, 0.9 ],
							"rotationZ": 45.0,
							"faces": {
								"north": { "texture": "#buromenfish1", "uv": [ 19.5, 0.75, 22.0, 3.5 ] },
								"east": { "texture": "#buromenfish1", "uv": [ 17.5, 3.75, 20.0, 5.75 ], "rotation": 270 },
								"south": { "texture": "#buromenfish1", "uv": [ 18.0, 0.75, 20.5, 3.5 ], "rotation": 180 },
								"west": { "texture": "#buromenfish1", "uv": [ 20.0, 3.75, 22.5, 5.75 ], "rotation": 90 },
								"up": { "texture": "#buromenfish1", "uv": [ 12.0, 2.75, 14.5, 4.75 ], "rotation": 180 },
								"down": { "texture": "#buromenfish1", "uv": [ 14.5, 2.75, 17.0, 4.75 ] }
							},
							"children": [
								{
									"name": "Jaw",
									"from": [ -0.2, 0.1, 0.1 ], 
									"to": [ 0.4, 3.6, 1.8 ], 
									"unwrapMode": 7,
									"unwrapRotation": 1,
									"uv": [ 14.5, 2.75 ],
									"rotationOrigin": [ 0.3, 0.1, 1.0 ],
									"rotationZ": 11.0,
									"faces": {
										"north": { "texture": "#buromenfish1", "uv": [ 19.5, 6.25, 23.0, 6.75 ], "rotation": 90 },
										"east": { "texture": "#buromenfish1", "uv": [ 18.0, 6.75, 19.5, 10.25 ] },
										"south": { "texture": "#buromenfish1", "uv": [ 14.5, 6.25, 18.0, 6.75 ], "rotation": 270 },
										"west": { "texture": "#buromenfish1", "uv": [ 18.0, 2.75, 19.5, 6.25 ], "rotation": 180 },
										"up": { "texture": "#buromenfish1", "uv": [ 18.0, 6.25, 19.5, 6.75 ], "rotation": 270 },
										"down": { "texture": "#buromenfish1", "uv": [ 23.0, 6.25, 24.5, 6.75 ], "rotation": 90 }
									},
									"children": [
										{
											"name": "Cube18",
											"from": [ -0.1, 0.0, -0.2 ], 
											"to": [ 1.0, 2.0, 2.0 ], 
											"uv": [ 8.5, 3.25 ],
											"faces": {
												"north": { "texture": "#buromenfish1", "uv": [ 8.5, 5.25, 9.5, 7.25 ] },
												"east": { "texture": "#buromenfish1", "uv": [ 9.5, 5.25, 11.5, 7.25 ] },
												"south": { "texture": "#buromenfish1", "uv": [ 11.5, 5.25, 12.5, 7.25 ] },
												"west": { "texture": "#buromenfish1", "uv": [ 12.5, 5.25, 14.5, 7.25 ] },
												"up": { "texture": "#buromenfish1", "uv": [ 8.5, 3.25, 9.5, 5.25 ] },
												"down": { "texture": "#buromenfish1", "uv": [ 9.5, 3.25, 10.5, 5.25 ] }
											}
										}
									]
								},
								{
									"name": "Eye",
									"from": [ 1.0, 2.0, -0.1 ], 
									"to": [ 1.5, 2.5, 2.1 ], 
									"autoUnwrap": false,
									"uv": [ 3.5, 3.75 ],
									"rotationOrigin": [ 1.0, 2.0, -0.1 ],
									"faces": {
										"north": { "texture": "#buromenfish1", "uv": [ 6.5, 5.75, 7.0, 6.25 ] },
										"east": { "texture": "#buromenfish1", "uv": [ 5.5, 6.0, 7.5, 6.5 ] },
										"south": { "texture": "#buromenfish1", "uv": [ 6.0, 5.75, 6.5, 6.25 ] },
										"west": { "texture": "#buromenfish1", "uv": [ 5.5, 6.5, 7.5, 7.0 ] },
										"up": { "texture": "#buromenfish1", "uv": [ 6.0, 5.25, 6.5, 7.25 ] },
										"down": { "texture": "#buromenfish1", "uv": [ 6.5, 5.25, 7.0, 7.25 ] }
									}
								},
								{
									"name": "Cube1",
									"from": [ 0.0, 1.0, 0.02 ], 
									"to": [ 2.0, 3.1, 1.97 ], 
									"uv": [ 1.0, 0.5 ],
									"rotationOrigin": [ 0.0, 3.0, 1.0 ],
									"rotationZ": 42.0,
									"faces": {
										"north": { "texture": "#buromenfish1", "uv": [ 1.0, 2.25, 3.0, 4.25 ] },
										"east": { "texture": "#buromenfish1", "uv": [ 3.0, 2.25, 4.5, 4.25 ] },
										"south": { "texture": "#buromenfish1", "uv": [ 4.5, 2.25, 6.5, 4.25 ] },
										"west": { "texture": "#buromenfish1", "uv": [ 6.5, 2.25, 8.0, 4.25 ] },
										"up": { "texture": "#buromenfish1", "uv": [ 1.0, 0.5, 3.0, 2.25 ] },
										"down": { "texture": "#buromenfish1", "uv": [ 3.0, 0.5, 5.0, 2.25 ] }
									},
									"children": [
										{
											"name": "Cube17",
											"from": [ 0.2, 1.3, 0.1 ], 
											"to": [ 1.7, 2.8, 1.9 ], 
											"uv": [ 1.0, 0.5 ],
											"rotationOrigin": [ 1.0, 2.0, 1.0 ],
											"rotationZ": 53.0,
											"faces": {
												"north": { "texture": "#buromenfish1", "uv": [ 1.0, 2.25, 2.5, 3.75 ] },
												"east": { "texture": "#buromenfish1", "uv": [ 2.5, 2.25, 4.0, 3.75 ] },
												"south": { "texture": "#buromenfish1", "uv": [ 4.0, 2.25, 5.5, 3.75 ] },
												"west": { "texture": "#buromenfish1", "uv": [ 5.5, 2.25, 7.0, 3.75 ] },
												"up": { "texture": "#buromenfish1", "uv": [ 1.0, 0.5, 2.5, 2.25 ] },
												"down": { "texture": "#buromenfish1", "uv": [ 2.5, 0.5, 4.0, 2.25 ] }
											}
										}
									]
								}
							]
						},
						{
							"name": "Butt",
							"from": [ 7.6, 0.4, 0.2 ], 
							"to": [ 14.6, 3.6, 1.6 ], 
							"unwrapMode": 7,
							"unwrapRotation": 1,
							"autoUnwrap": false,
							"uv": [ 20.0, 0.5 ],
							"rotationOrigin": [ 7.9, 2.0, 0.9 ],
							"faces": {
								"north": { "texture": "#buromenfish1", "uv": [ 24.0, 0.5, 27.0, 7.5 ], "rotation": 90 },
								"east": { "texture": "#buromenfish1", "uv": [ 23.0, 7.5, 24.0, 10.5 ] },
								"south": { "texture": "#buromenfish1", "uv": [ 20.0, 0.5, 23.0, 7.5 ], "rotation": 270 },
								"west": { "texture": "#buromenfish1", "uv": [ 23.0, 0.5, 24.0, 3.5 ], "rotation": 180, "enabled": false },
								"up": { "texture": "#buromenfish1", "uv": [ 23.0, 0.5, 24.0, 7.5 ], "rotation": 270 },
								"down": { "texture": "#buromenfish1", "uv": [ 23.0, 11.0, 30.0, 12.25 ], "rotation": 180 }
							},
							"children": [
								{
									"name": "Tail",
									"from": [ 6.7, 0.4, 0.2 ], 
									"to": [ 11.7, 2.8, 1.2 ], 
									"unwrapMode": 7,
									"unwrapRotation": 1,
									"autoUnwrap": false,
									"uv": [ 24.5, 5.5 ],
									"rotationOrigin": [ 7.0, 1.6, 0.7 ],
									"faces": {
										"north": { "texture": "#buromenfish1", "uv": [ 27.5, 5.5, 29.5, 10.5 ], "rotation": 90 },
										"east": { "texture": "#buromenfish1", "uv": [ 26.5, 10.5, 27.5, 12.75 ] },
										"south": { "texture": "#buromenfish1", "uv": [ 24.5, 5.5, 26.5, 10.5 ], "rotation": 270 },
										"west": { "texture": "#buromenfish1", "uv": [ 26.5, 5.5, 27.5, 7.75 ], "rotation": 180, "enabled": false },
										"up": { "texture": "#buromenfish1", "uv": [ 26.5, 5.5, 27.5, 10.5 ], "rotation": 270 },
										"down": { "texture": "#buromenfish1", "uv": [ 18.0, 9.75, 19.0, 14.75 ], "rotation": 90 }
									},
									"children": [
										{
											"name": "TailFin",
											"from": [ 4.0, 0.2, 0.5 ], 
											"to": [ 6.0, 4.2, 0.5 ], 
											"uv": [ 4.5, 11.0 ],
											"rotationOrigin": [ 6.0, 2.2, 0.5 ],
											"rotationZ": -45.0,
											"faces": {
												"north": { "texture": "#buromenfish1", "uv": [ 4.5, 11.0, 6.5, 15.0 ] },
												"east": { "texture": "#buromenfish1", "uv": [ 0.0, 0.0, 0.5, 4.0 ], "enabled": false },
												"south": { "texture": "#buromenfish1", "uv": [ 0.0, 0.0, 4.0, 4.0 ], "enabled": false },
												"west": { "texture": "#buromenfish1", "uv": [ 0.0, 0.0, 0.5, 4.0 ], "enabled": false },
												"up": { "texture": "#buromenfish1", "uv": [ 0.0, 0.0, 4.0, 0.5 ], "enabled": false },
												"down": { "texture": "#buromenfish1", "uv": [ 0.0, 0.0, 4.0, 0.5 ], "enabled": false }
											}
										},
										{
											"name": "TailFin19",
											"from": [ 4.0, -1.5, 0.5 ], 
											"to": [ 6.0, 2.5, 0.5 ], 
											"uv": [ 6.5, 11.25 ],
											"rotationOrigin": [ 6.0, 0.2, 0.5 ],
											"rotationZ": 45.0,
											"faces": {
												"north": { "texture": "#buromenfish1", "uv": [ 6.5, 11.25, 8.5, 15.25 ] },
												"east": { "texture": "#buromenfish1", "uv": [ 0.0, 0.0, 0.5, 4.0 ], "enabled": false },
												"south": { "texture": "#buromenfish1", "uv": [ 0.0, 0.0, 4.0, 4.0 ], "enabled": false },
												"west": { "texture": "#buromenfish1", "uv": [ 0.0, 0.0, 0.5, 4.0 ], "enabled": false },
												"up": { "texture": "#buromenfish1", "uv": [ 0.0, 0.0, 4.0, 0.5 ], "enabled": false },
												"down": { "texture": "#buromenfish1", "uv": [ 0.0, 0.0, 4.0, 0.5 ], "enabled": false }
											}
										}
									]
								},
								{
									"name": "BackFin",
									"from": [ 0.0, 2.8, 0.7 ], 
									"to": [ 6.2, 3.8, 0.7 ], 
									"uv": [ 1.5, 11.0 ],
									"rotationOrigin": [ 0.0, 2.7, 0.7 ],
									"faces": {
										"north": { "texture": "#buromenfish1", "uv": [ 1.5, 11.0, 7.5, 12.0 ] },
										"east": { "texture": "#buromenfish1", "uv": [ 0.0, 0.0, 0.5, 1.0 ], "enabled": false },
										"south": { "texture": "#buromenfish1", "uv": [ 0.0, 0.0, 1.0, 1.0 ], "enabled": false },
										"west": { "texture": "#buromenfish1", "uv": [ 0.0, 0.0, 0.5, 1.0 ], "enabled": false },
										"up": { "texture": "#buromenfish1", "uv": [ 0.0, 0.0, 1.0, 0.5 ], "enabled": false },
										"down": { "texture": "#buromenfish1", "uv": [ 0.0, 0.0, 1.0, 0.5 ], "enabled": false }
									}
								},
								{
									"name": "FinVentral",
									"from": [ 4.0, 0.0, 0.6 ], 
									"to": [ 6.0, 1.2, 0.6 ], 
									"uv": [ 2.0, 14.75 ],
									"rotationOrigin": [ 4.0, 0.6, 0.6 ],
									"rotationZ": -36.0,
									"faces": {
										"north": { "texture": "#buromenfish1", "uv": [ 2.0, 14.75, 4.0, 15.75 ] },
										"east": { "texture": "#buromenfish1", "uv": [ 0.0, 0.0, 0.5, 1.0 ], "enabled": false },
										"south": { "texture": "#buromenfish1", "uv": [ 0.0, 0.0, 2.0, 1.0 ], "enabled": false },
										"west": { "texture": "#buromenfish1", "uv": [ 0.0, 0.0, 0.5, 1.0 ], "enabled": false },
										"up": { "texture": "#buromenfish1", "uv": [ 0.0, 0.0, 2.0, 0.5 ], "enabled": false },
										"down": { "texture": "#buromenfish1", "uv": [ 0.0, 0.0, 2.0, 0.5 ], "enabled": false }
									}
								}
							]
						},
						{
							"name": "DorsalFin",
							"from": [ 0.5, 3.0, 0.9 ], 
							"to": [ 4.0, 5.0, 0.9 ], 
							"uv": [ 21.5, 11.0 ],
							"rotationOrigin": [ 1.0, 4.0, 0.9 ],
							"faces": {
								"north": { "texture": "#buromenfish1", "uv": [ 21.5, 11.0, 25.0, 13.0 ] },
								"east": { "texture": "#buromenfish1", "uv": [ 0.0, 0.0, 0.5, 2.0 ], "enabled": false },
								"south": { "texture": "#buromenfish1", "uv": [ 0.0, 0.0, 2.5, 2.0 ], "enabled": false },
								"west": { "texture": "#buromenfish1", "uv": [ 0.0, 0.0, 0.5, 2.0 ], "enabled": false },
								"up": { "texture": "#buromenfish1", "uv": [ 0.0, 0.0, 2.5, 0.5 ], "enabled": false },
								"down": { "texture": "#buromenfish1", "uv": [ 0.0, 0.0, 2.5, 0.5 ], "enabled": false }
							}
						},
						{
							"name": "FinRight",
							"from": [ 1.3, 1.4, 0.0 ], 
							"to": [ 4.3, 2.8, 0.0 ], 
							"uv": [ 8.5, 11.25 ],
							"rotationOrigin": [ 1.3, 2.1, 0.0 ],
							"rotationY": 36.0,
							"rotationZ": 25.0,
							"faces": {
								"north": { "texture": "#buromenfish1", "uv": [ 8.5, 11.25, 11.5, 12.5 ] },
								"east": { "texture": "#buromenfish1", "uv": [ 0.0, 0.0, 0.5, 1.0 ], "enabled": false },
								"south": { "texture": "#buromenfish1", "uv": [ 0.0, 0.0, 2.0, 1.0 ], "enabled": false },
								"west": { "texture": "#buromenfish1", "uv": [ 0.0, 0.0, 0.5, 1.0 ], "enabled": false },
								"up": { "texture": "#buromenfish1", "uv": [ 0.0, 0.0, 2.0, 0.5 ], "enabled": false },
								"down": { "texture": "#buromenfish1", "uv": [ 0.0, 0.0, 2.0, 0.5 ], "enabled": false }
							}
						},
						{
							"name": "FinLeft",
							"from": [ 1.3, 1.4, 1.8 ], 
							"to": [ 4.3, 2.8, 1.8 ], 
							"uv": [ 11.0, 11.25 ],
							"rotationOrigin": [ 1.3, 2.1, 1.8 ],
							"rotationY": -36.0,
							"rotationZ": 25.0,
							"faces": {
								"north": { "texture": "#buromenfish1", "uv": [ 11.0, 11.25, 14.0, 12.5 ] },
								"east": { "texture": "#buromenfish1", "uv": [ 0.0, 0.0, 0.5, 1.0 ], "enabled": false },
								"south": { "texture": "#buromenfish1", "uv": [ 0.0, 0.0, 2.0, 1.0 ], "enabled": false },
								"west": { "texture": "#buromenfish1", "uv": [ 0.0, 0.0, 0.5, 1.0 ], "enabled": false },
								"up": { "texture": "#buromenfish1", "uv": [ 0.0, 0.0, 2.0, 0.5 ], "enabled": false },
								"down": { "texture": "#buromenfish1", "uv": [ 0.0, 0.0, 2.0, 0.5 ], "enabled": false }
							}
						},
						{
							"name": "FinRightMid",
							"from": [ 6.0, 1.0, 0.0 ], 
							"to": [ 7.6, 2.4, 0.0 ], 
							"uv": [ 14.0, 11.0 ],
							"rotationOrigin": [ 6.0, 1.7, 0.0 ],
							"rotationY": 36.0,
							"rotationZ": 3.0,
							"faces": {
								"north": { "texture": "#buromenfish1", "uv": [ 14.0, 11.0, 15.5, 12.25 ] },
								"east": { "texture": "#buromenfish1", "uv": [ 0.0, 0.0, 0.5, 1.0 ], "enabled": false },
								"south": { "texture": "#buromenfish1", "uv": [ 0.0, 0.0, 1.5, 1.0 ], "enabled": false },
								"west": { "texture": "#buromenfish1", "uv": [ 0.0, 0.0, 0.5, 1.0 ], "enabled": false },
								"up": { "texture": "#buromenfish1", "uv": [ 0.0, 0.0, 1.5, 0.5 ], "enabled": false },
								"down": { "texture": "#buromenfish1", "uv": [ 0.0, 0.0, 1.5, 0.5 ], "enabled": false }
							}
						},
						{
							"name": "FinLeftMid",
							"from": [ 6.0, 1.0, 1.8 ], 
							"to": [ 7.6, 2.4, 1.8 ], 
							"uv": [ 15.5, 11.0 ],
							"rotationOrigin": [ 6.0, 1.7, 1.8 ],
							"rotationY": -36.0,
							"rotationZ": 3.0,
							"faces": {
								"north": { "texture": "#buromenfish1", "uv": [ 15.5, 11.0, 17.0, 12.25 ] },
								"east": { "texture": "#buromenfish1", "uv": [ 0.0, 0.0, 0.5, 1.0 ], "enabled": false },
								"south": { "texture": "#buromenfish1", "uv": [ 0.0, 0.0, 1.5, 1.0 ], "enabled": false },
								"west": { "texture": "#buromenfish1", "uv": [ 0.0, 0.0, 0.5, 1.0 ], "enabled": false },
								"up": { "texture": "#buromenfish1", "uv": [ 0.0, 0.0, 1.5, 0.5 ], "enabled": false },
								"down": { "texture": "#buromenfish1", "uv": [ 0.0, 0.0, 1.5, 0.5 ], "enabled": false }
							}
						},
						{
							"name": "DorsalFin20",
							"from": [ 3.5, 3.0, 0.9 ], 
							"to": [ 8.0, 5.0, 0.9 ], 
							"uv": [ 17.0, 11.0 ],
							"rotationOrigin": [ 4.0, 4.0, 0.9 ],
							"faces": {
								"north": { "texture": "#buromenfish1", "uv": [ 17.0, 11.0, 21.5, 13.0 ] },
								"east": { "texture": "#buromenfish1", "uv": [ 0.0, 0.0, 0.5, 2.0 ], "enabled": false },
								"south": { "texture": "#buromenfish1", "uv": [ 0.0, 0.0, 2.5, 2.0 ], "enabled": false },
								"west": { "texture": "#buromenfish1", "uv": [ 0.0, 0.0, 0.5, 2.0 ], "enabled": false },
								"up": { "texture": "#buromenfish1", "uv": [ 0.0, 0.0, 2.5, 0.5 ], "enabled": false },
								"down": { "texture": "#buromenfish1", "uv": [ 0.0, 0.0, 2.5, 0.5 ], "enabled": false }
							}
						}
					]
				}
			]
		}
	],
	"animations": [
		{
			"name": "swim",
			"code": "swim",
			"quantityframes": 30,
			"onActivityStopped": "EaseOut",
			"onAnimationEnd": "Repeat",
			"keyframes": [
				{
					"frame": 0,
					"elements": {
						"origin": {  },
						"Body": { "rotationX": 0.0, "rotationY": 0.0, "rotationZ": 0.0 },
						"Butt": { "rotationX": 0.0, "rotationY": 0.0, "rotationZ": 0.0 },
						"Head": {  },
						"Jaw": { "rotationX": 0.0, "rotationY": 0.0, "rotationZ": 0.0 },
						"FinLeft": { "rotationX": 0.0, "rotationY": 0.0, "rotationZ": 0.0 },
						"FinRight": { "rotationX": 0.0, "rotationY": 0.0, "rotationZ": 0.0 },
						"FinLeftMid": { "rotationX": 0.0, "rotationY": -20.0, "rotationZ": 36.0 },
						"FinRightMid": { "rotationX": 0.0, "rotationY": 20.0, "rotationZ": 36.0 }
					}
				},
				{
					"frame": 10,
					"elements": {
						"origin": {  },
						"Body": { "rotationX": 0.0, "rotationY": 1.0, "rotationZ": 2.0 },
						"Head": { "rotationX": 0.0, "rotationY": 0.0, "rotationZ": -3.0 },
						"DorsalFin": { "rotationX": 0.0, "rotationY": 10.0, "rotationZ": 0.0 },
						"Butt": {  },
						"FinVentral": { "rotationX": 0.0, "rotationY": 10.0, "rotationZ": 0.0 }
					}
				},
				{
					"frame": 15,
					"elements": {
						"origin": {  },
						"Body": { "rotationX": 5.0, "rotationY": 2.0, "rotationZ": 0.0 },
						"Butt": { "rotationX": 0.0, "rotationY": 15.0, "rotationZ": 0.0 },
						"Tail": { "rotationX": 0.0, "rotationY": 15.0, "rotationZ": 0.0 },
						"TailFin": { "rotationX": 0.0, "rotationY": 15.0, "rotationZ": 0.0 },
						"Head": {  },
						"Jaw": { "rotationX": 0.0, "rotationY": 0.0, "rotationZ": -10.0 },
						"FinLeft": { "rotationX": 0.0, "rotationY": -30.0, "rotationZ": 36.0 },
						"FinRight": { "rotationX": 0.0, "rotationY": 30.0, "rotationZ": 36.0 },
						"FinLeftMid": { "rotationX": 0.0, "rotationY": 20.0, "rotationZ": 5.0 },
						"FinRightMid": { "rotationX": 0.0, "rotationY": -20.0, "rotationZ": 5.0 }
					}
				},
				{
					"frame": 20,
					"elements": {
						"origin": {  },
						"Body": { "rotationX": 0.0, "rotationY": 0.0, "rotationZ": -3.0 },
						"DorsalFin": { "rotationX": 0.0, "rotationY": -10.0, "rotationZ": 0.0 },
						"Butt": {  },
						"FinVentral": { "rotationX": 0.0, "rotationY": -10.0, "rotationZ": 0.0 }
					}
				},
				{
					"frame": 25,
					"elements": {
						"origin": {  },
						"Body": { "rotationX": -5.0, "rotationY": -3.0, "rotationZ": 1.0 },
						"Butt": { "rotationX": 0.0, "rotationY": -15.0, "rotationZ": 0.0 },
						"Tail": { "rotationX": 0.0, "rotationY": -15.0, "rotationZ": 0.0 },
						"TailFin": { "rotationX": 0.0, "rotationY": -15.0, "rotationZ": 0.0 },
						"Head": {  },
						"Jaw": { "rotationX": 0.0, "rotationY": 0.0, "rotationZ": 0.0 },
						"FinLeft": { "rotationX": 0.0, "rotationY": 5.0, "rotationZ": 0.0 },
						"FinRight": { "rotationX": 0.0, "rotationY": -5.0, "rotationZ": 0.0 }
					}
				},
				{
					"frame": 29,
					"elements": {
						"origin": {  },
						"Body": { "rotationX": 0.0, "rotationY": 0.0, "rotationZ": 0.0 }
					}
				}
			]
		},

		{
			"name": "idle",
			"code": "idle",
			"quantityframes": 30,
			"onActivityStopped": "PlayTillEnd",
			"onAnimationEnd": "Repeat",
			"keyframes": [
				{
					"frame": 0,
					"elements": {
						"origin": {  },
						"Body": { "rotationX": 0.0, "rotationY": 0.0, "rotationZ": 0.0 },
						"Butt": { "rotationX": 0.0, "rotationY": 0.0, "rotationZ": 0.0 },
						"Tail": { "rotationX": 0.0, "rotationY": 0.0, "rotationZ": 0.0 },
						"Head": {  },
						"Jaw": { "rotationX": 0.0, "rotationY": 0.0, "rotationZ": 0.0 }
					}
				},
				{
					"frame": 10,
					"elements": {
						"origin": {  },
						"Body": { "rotationX": 0.0, "rotationY": -1.0, "rotationZ": 1.0 },
						"Butt": { "rotationX": 0.0, "rotationY": 5.0, "rotationZ": 0.0 },
						"Tail": { "rotationX": 0.0, "rotationY": 5.0, "rotationZ": 0.0 },
						"TailFin": { "rotationX": 0.0, "rotationY": 5.0, "rotationZ": 0.0 },
						"BackFin": { "rotationX": 5.0, "rotationY": 0.0, "rotationZ": 0.0 },
						"FinVentral": { "rotationX": 5.0, "rotationY": 0.0, "rotationZ": 0.0 },
						"DorsalFin": { "rotationX": 5.0, "rotationY": 0.0, "rotationZ": 0.0 },
						"FinRight": { "rotationX": 10.0, "rotationY": 0.0, "rotationZ": 0.0 },
						"FinLeft": { "rotationX": -10.0, "rotationY": 0.0, "rotationZ": 0.0 },
						"FinLeftMid": { "rotationX": -10.0, "rotationY": -5.0, "rotationZ": 0.0 },
						"FinRightMid": { "rotationX": 10.0, "rotationY": 5.0, "rotationZ": 0.0 }
					}
				},
				{
					"frame": 15,
					"elements": {
						"origin": {  },
						"Body": { "rotationX": 0.0, "rotationY": 0.0, "rotationZ": 2.0 },
						"Head": {  },
						"Jaw": { "rotationX": 0.0, "rotationY": 0.0, "rotationZ": -6.0 }
					}
				},
				{
					"frame": 20,
					"elements": {
						"origin": {  },
						"Body": { "rotationX": 0.0, "rotationY": 1.0, "rotationZ": 1.0 },
						"Butt": { "rotationX": 0.0, "rotationY": -5.0, "rotationZ": 0.0 },
						"Tail": { "rotationX": 0.0, "rotationY": -5.0, "rotationZ": 0.0 },
						"TailFin": { "rotationX": 0.0, "rotationY": -5.0, "rotationZ": 0.0 },
						"BackFin": { "rotationX": -5.0, "rotationY": 0.0, "rotationZ": 0.0 },
						"FinVentral": { "rotationX": -5.0, "rotationY": 0.0, "rotationZ": 0.0 },
						"DorsalFin": { "rotationX": -5.0, "rotationY": 0.0, "rotationZ": 0.0 },
						"FinRight": { "rotationX": -10.0, "rotationY": 0.0, "rotationZ": 0.0 },
						"FinLeft": { "rotationX": 10.0, "rotationY": 0.0, "rotationZ": 0.0 },
						"FinLeftMid": { "rotationX": 10.0, "rotationY": 5.0, "rotationZ": 0.0 },
						"FinRightMid": { "rotationX": -10.0, "rotationY": -5.0, "rotationZ": 0.0 }
					}
				}
			]
		},

		{
			"name": "dead-floating",
			"code": "dead-floating",
			"quantityframes": 30,
			"onActivityStopped": "PlayTillEnd",
			"onAnimationEnd": "Hold",
			"keyframes": [
				{
					"frame": 0,
					"elements": {
						"origin": {  },
						"Body": { "offsetX": 0.0, "offsetY": 0.0, "offsetZ": 0.0, "rotationX": 0.0, "rotationY": 0.0, "rotationZ": 0.0 },
						"Butt": { "rotationX": 0.0, "rotationY": 0.0, "rotationZ": 0.0 },
						"Tail": { "rotationX": 0.0, "rotationY": 0.0, "rotationZ": 0.0 },
						"TailFin": { "rotationX": 0.0, "rotationY": 0.0, "rotationZ": 0.0 },
						"FinVentral": { "rotationX": 0.0, "rotationY": 0.0, "rotationZ": 0.0 },
						"BackFin": { "rotationX": 0.0, "rotationY": 0.0, "rotationZ": 0.0 },
						"FinLeftMid": { "rotationX": 0.0, "rotationY": 0.0, "rotationZ": 0.0 },
						"FinRightMid": { "rotationX": 0.0, "rotationY": 0.0, "rotationZ": 0.0 },
						"DorsalFin": { "rotationX": 0.0, "rotationY": 0.0, "rotationZ": 0.0 },
						"FinRight": { "rotationX": 0.0, "rotationY": 0.0, "rotationZ": 0.0 },
						"Head": { "rotationX": 0.0, "rotationY": 0.0, "rotationZ": 0.0 },
						"Jaw": { "rotationX": 0.0, "rotationY": 0.0, "rotationZ": 0.0 },
						"FinLeft": { "rotationX": 0.0, "rotationY": 0.0, "rotationZ": 0.0 }
					}
				},
				{
					"frame": 12,
					"elements": {
						"origin": {  },
						"Body": { "offsetX": 0.0, "offsetY": 0.0, "offsetZ": 0.0, "rotationX": 0.0, "rotationY": 8.0, "rotationZ": -17.0 },
						"Head": { "rotationX": 0.0, "rotationY": 36.0, "rotationZ": 0.0 },
						"Jaw": { "rotationX": 0.0, "rotationY": 0.0, "rotationZ": -22.0 },
						"FinLeft": { "rotationX": 19.0, "rotationY": -36.0, "rotationZ": 55.0 },
						"FinRight": { "rotationX": 0.0, "rotationY": 61.0, "rotationZ": 61.0 },
						"Butt": { "rotationX": 0.0, "rotationY": -39.0, "rotationZ": 0.0 },
						"Tail": { "rotationX": 0.0, "rotationY": -39.0, "rotationZ": 0.0 },
						"TailFin": { "rotationX": 0.0, "rotationY": -8.0, "rotationZ": 0.0 },
						"BackFin": { "rotationX": 14.0, "rotationY": 0.0, "rotationZ": 0.0 },
						"FinVentral": { "rotationX": -30.0, "rotationY": 0.0, "rotationZ": 0.0 },
						"FinLeftMid": { "rotationX": -61.0, "rotationY": -8.0, "rotationZ": -14.0 },
						"FinRightMid": { "rotationX": 69.0, "rotationY": 0.0, "rotationZ": 0.0 },
						"DorsalFin": { "rotationX": 19.0, "rotationY": 0.0, "rotationZ": 0.0 }
					}
				},
				{
					"frame": 28,
					"elements": {
						"origin": {  },
						"Body": { "offsetX": 0.0, "offsetY": 0.0, "offsetZ": 4.0, "rotationX": -83.0, "rotationY": 0.0, "rotationZ": 0.0 },
						"Butt": { "rotationX": 0.0, "rotationY": 33.0, "rotationZ": 0.0 },
						"Tail": { "rotationX": 0.0, "rotationY": 22.0, "rotationZ": 0.0 },
						"TailFin": { "rotationX": 0.0, "rotationY": 0.0, "rotationZ": 0.0 },
						"FinVentral": { "rotationX": 0.0, "rotationY": 33.0, "rotationZ": 0.0 },
						"BackFin": { "rotationX": -47.0, "rotationY": 0.0, "rotationZ": 0.0 },
						"FinLeftMid": { "rotationX": 0.0, "rotationY": 55.0, "rotationZ": 0.0 },
						"FinRightMid": { "rotationX": 0.0, "rotationY": 47.0, "rotationZ": 0.0 },
						"FinRight": { "rotationX": 0.0, "rotationY": 47.0, "rotationZ": 0.0 },
						"FinLeft": { "rotationX": 0.0, "rotationY": 8.0, "rotationZ": 0.0 },
						"DorsalFin": { "rotationX": -33.0, "rotationY": 0.0, "rotationZ": 0.0 },
						"Head": { "rotationX": 0.0, "rotationY": -19.0, "rotationZ": 0.0 },
						"Jaw": { "rotationX": 0.0, "rotationY": 0.0, "rotationZ": 6.0 }
					}
				}
			]
		},

		{
			"name": "dead-land",
			"code": "dead-land",
			"quantityframes": 10,
			"onActivityStopped": "PlayTillEnd",
			"onAnimationEnd": "Hold",
			"keyframes": [
				{
					"frame": 0,
					"elements": {
						"origin": {  },
						"Body": { "offsetX": 0.0, "offsetY": 0.0, "offsetZ": -2.0, "rotationX": -94.0, "rotationY": 0.0, "rotationZ": 2.0 },
						"Head": { "rotationX": 0.0, "rotationY": -14.0, "rotationZ": 0.0 },
						"Jaw": { "rotationX": 0.0, "rotationY": 0.0, "rotationZ": -3.0 },
						"Butt": { "rotationX": 0.0, "rotationY": 9.0, "rotationZ": 0.0 },
						"Tail": { "rotationX": 0.0, "rotationY": -8.0, "rotationZ": 0.0 },
						"TailFin": { "rotationX": 0.0, "rotationY": 10.0, "rotationZ": 0.0 },
						"BackFin": { "rotationX": -36.0, "rotationY": 0.0, "rotationZ": 0.0 },
						"FinVentral": { "rotationX": 0.0, "rotationY": 0.0, "rotationZ": 0.0 },
						"DorsalFin": { "rotationX": -28.0, "rotationY": 0.0, "rotationZ": 0.0 },
						"FinRight": { "rotationX": 0.0, "rotationY": -22.0, "rotationZ": 0.0 },
						"FinLeft": { "rotationX": 0.0, "rotationY": 28.0, "rotationZ": 0.0 },
						"FinRightMid": { "rotationX": 0.0, "rotationY": -33.0, "rotationZ": 0.0 },
						"FinLeftMid": { "rotationX": 0.0, "rotationY": 47.0, "rotationZ": 0.0 }
					}
				},
				{
					"frame": 9,
					"elements": {
						"origin": {  },
						"Body": { "offsetX": 0.0, "offsetY": 0.0, "offsetZ": -2.0, "rotationX": -94.0, "rotationY": 0.0, "rotationZ": 0.0 },
						"Head": { "rotationX": 0.0, "rotationY": -14.0, "rotationZ": 0.0 },
						"Jaw": { "rotationX": 0.0, "rotationY": 0.0, "rotationZ": 8.0 },
						"FinLeft": { "rotationX": 0.0, "rotationY": 19.0, "rotationZ": 0.0 },
						"FinRight": { "rotationX": 0.0, "rotationY": -22.0, "rotationZ": 0.0 },
						"DorsalFin": { "rotationX": -42.0, "rotationY": 0.0, "rotationZ": 0.0 },
						"Butt": { "rotationX": 0.0, "rotationY": 10.0, "rotationZ": 0.0 },
						"BackFin": { "rotationX": -50.0, "rotationY": 0.0, "rotationZ": 0.0 },
						"FinVentral": { "rotationX": 0.0, "rotationY": -8.0, "rotationZ": 0.0 },
						"Tail": { "rotationX": 0.0, "rotationY": -11.0, "rotationZ": 0.0 },
						"TailFin": { "rotationX": 0.0, "rotationY": 14.0, "rotationZ": 0.0 },
						"FinLeftMid": { "rotationX": 0.0, "rotationY": 42.0, "rotationZ": 0.0 },
						"FinRightMid": { "rotationX": 0.0, "rotationY": -42.0, "rotationZ": 0.0 }
					}
				}
			]
		},

		{
			"name": "idle-land",
			"code": "idle-land",
			"quantityframes": 20,
			"onActivityStopped": "EaseOut",
			"onAnimationEnd": "Repeat",
			"keyframes": [
				{
					"frame": 0,
					"elements": {
						"origin": {  },
						"Body": { "offsetX": 0.0, "offsetY": 0.0, "offsetZ": -2.0, "rotationX": -89.0, "rotationY": 0.0, "rotationZ": 0.0 },
						"FinRight": { "rotationX": 0.0, "rotationY": -36.0, "rotationZ": 0.0 },
						"FinLeft": { "rotationX": 0.0, "rotationY": 22.0, "rotationZ": 0.0 },
						"FinLeftMid": { "rotationX": 0.0, "rotationY": 39.0, "rotationZ": 0.0 },
						"FinRightMid": { "rotationX": 0.0, "rotationY": -33.0, "rotationZ": 0.0 },
						"Butt": { "rotationX": 0.0, "rotationY": 4.0, "rotationZ": 0.0 },
						"Tail": { "rotationX": 0.0, "rotationY": 4.0, "rotationZ": 0.0 },
						"TailFin": { "rotationX": 0.0, "rotationY": -8.0, "rotationZ": 0.0 },
						"FinVentral": { "rotationX": 0.0, "rotationY": 0.0, "rotationZ": 0.0 },
						"BackFin": { "rotationX": 0.0, "rotationY": 0.0, "rotationZ": 0.0 },
						"DorsalFin": { "rotationX": 0.0, "rotationY": 0.0, "rotationZ": 0.0 },
						"Head": {  },
						"Jaw": { "rotationX": 0.0, "rotationY": 0.0, "rotationZ": 0.0 }
					}
				},
				{
					"frame": 10,
					"elements": {
						"origin": {  },
						"Body": { "rotationX": -86.0, "rotationY": 0.0, "rotationZ": 0.0 },
						"Head": {  },
						"Jaw": { "rotationX": 0.0, "rotationY": 0.0, "rotationZ": 8.0 },
						"FinLeft": { "rotationX": 0.0, "rotationY": 6.0, "rotationZ": 0.0 },
						"FinRight": { "rotationX": 0.0, "rotationY": -28.0, "rotationZ": 0.0 },
						"DorsalFin": { "rotationX": 14.0, "rotationY": 0.0, "rotationZ": 0.0 },
						"Butt": {  },
						"Tail": { "rotationX": 0.0, "rotationY": 2.0, "rotationZ": 0.0 },
						"FinLeftMid": { "rotationX": 0.0, "rotationY": 19.0, "rotationZ": 0.0 }
					}
				}
			]
		},

		{
			"name": "flopping",
			"code": "flopping",
			"quantityframes": 30,
			"onActivityStopped": "PlayTillEnd",
			"onAnimationEnd": "Repeat",
			"keyframes": [
				{
					"frame": 0,
					"elements": {
						"origin": {  },
						"Body": { "offsetX": 0.0, "offsetY": 0.0, "offsetZ": -2.0, "rotationX": -87.0, "rotationY": 0.0, "rotationZ": 0.0 },
						"FinRight": { "rotationX": 0.0, "rotationY": -22.0, "rotationZ": 0.0 },
						"FinLeft": { "rotationX": 0.0, "rotationY": 28.0, "rotationZ": 0.0 },
						"Head": {  },
						"Jaw": { "rotationX": 0.0, "rotationY": 0.0, "rotationZ": -3.0 },
						"FinRightMid": { "rotationX": 0.0, "rotationY": -36.0, "rotationZ": 0.0 },
						"FinLeftMid": { "rotationX": 0.0, "rotationY": 39.0, "rotationZ": 0.0 },
						"Butt": { "rotationX": 0.0, "rotationY": 5.0, "rotationZ": 0.0 },
						"Tail": { "rotationX": 0.0, "rotationY": 1.0, "rotationZ": 0.0 },
						"TailFin": { "rotationX": 0.0, "rotationY": 0.0, "rotationZ": 0.0 },
						"FinVentral": { "rotationX": 19.0, "rotationY": 0.0, "rotationZ": 0.0 },
						"BackFin": { "rotationX": -33.0, "rotationY": 0.0, "rotationZ": 0.0 },
						"DorsalFin": { "rotationX": -19.0, "rotationY": 0.0, "rotationZ": 0.0 }
					}
				},
				{
					"frame": 4,
					"elements": {
						"origin": {  },
						"Body": { "offsetX": 0.0, "offsetY": 0.0, "offsetZ": -2.0, "rotationX": -86.0, "rotationY": 6.0, "rotationZ": 0.0 },
						"Butt": { "rotationX": 0.0, "rotationY": -14.0, "rotationZ": 0.0 },
						"Tail": { "rotationX": 0.0, "rotationY": -42.0, "rotationZ": 0.0 },
						"TailFin": { "rotationX": 0.0, "rotationY": -11.0, "rotationZ": 0.0 },
						"Head": {  },
						"Jaw": { "rotationX": 0.0, "rotationY": 0.0, "rotationZ": 0.0 },
						"FinLeft": { "rotationX": 0.0, "rotationY": 0.0, "rotationZ": 0.0 },
						"FinRight": { "rotationX": 0.0, "rotationY": -22.0, "rotationZ": 0.0 },
						"FinRightMid": { "rotationX": 0.0, "rotationY": -36.0, "rotationZ": 0.0 },
						"FinLeftMid": { "rotationX": 0.0, "rotationY": -17.0, "rotationZ": 0.0 }
					}
				},
				{
					"frame": 8,
					"elements": {
						"origin": {  },
						"Body": { "offsetX": 0.0, "offsetY": 0.0, "offsetZ": -1.0, "rotationX": -91.0, "rotationY": -8.0, "rotationZ": 0.0 },
						"Butt": { "rotationX": 0.0, "rotationY": 14.0, "rotationZ": 0.0 },
						"Tail": { "rotationX": 0.0, "rotationY": 14.0, "rotationZ": 0.0 },
						"TailFin": { "rotationX": 0.0, "rotationY": 28.0, "rotationZ": 0.0 },
						"FinVentral": { "rotationX": 47.0, "rotationY": 19.0, "rotationZ": 0.0 },
						"BackFin": { "rotationX": -33.0, "rotationY": 0.0, "rotationZ": 0.0 },
						"FinLeftMid": { "rotationX": 0.0, "rotationY": 39.0, "rotationZ": 0.0 },
						"FinRightMid": { "rotationX": -6.0, "rotationY": -22.0, "rotationZ": 0.0 },
						"Head": {  },
						"Jaw": { "rotationX": 0.0, "rotationY": 0.0, "rotationZ": 28.0 },
						"FinLeft": { "rotationX": 0.0, "rotationY": -6.0, "rotationZ": 0.0 },
						"FinRight": { "rotationX": 0.0, "rotationY": 42.0, "rotationZ": 0.0 },
						"DorsalFin": { "rotationX": 0.0, "rotationY": 8.0, "rotationZ": 0.0 }
					}
				},
				{
					"frame": 13,
					"elements": {
						"origin": {  },
						"Body": { "offsetX": 1.0, "offsetY": 0.0, "offsetZ": 3.0, "rotationX": -100.0, "rotationY": -33.0, "rotationZ": 0.0 },
						"Butt": { "offsetX": -0.2, "offsetY": 0.0, "offsetZ": 0.0, "rotationX": 0.0, "rotationY": 45.0, "rotationZ": 0.0 },
						"BackFin": { "rotationX": 0.0, "rotationY": 0.0, "rotationZ": 0.0 },
						"Tail": { "rotationX": 0.0, "rotationY": 39.0, "rotationZ": 0.0 },
						"TailFin": { "rotationX": 0.0, "rotationY": -22.0, "rotationZ": 0.0 },
						"FinVentral": { "rotationX": -33.0, "rotationY": 0.0, "rotationZ": 0.0 },
						"FinRightMid": { "rotationX": 0.0, "rotationY": 14.0, "rotationZ": 0.0 },
						"FinLeftMid": { "rotationX": 0.0, "rotationY": 0.0, "rotationZ": 0.0 }
					}
				},
				{
					"frame": 23,
					"elements": {
						"origin": {  },
						"Body": { "offsetX": 0.0, "offsetY": 0.0, "offsetZ": 2.0, "rotationX": -94.0, "rotationY": 19.0, "rotationZ": 0.0 },
						"Head": {  },
						"Jaw": { "rotationX": 0.0, "rotationY": 0.0, "rotationZ": 0.0 },
						"Butt": { "rotationX": 0.0, "rotationY": -14.0, "rotationZ": 0.0 },
						"Tail": { "rotationX": 0.0, "rotationY": -42.0, "rotationZ": 0.0 },
						"TailFin": { "rotationX": 0.0, "rotationY": -11.0, "rotationZ": 0.0 },
						"BackFin": { "rotationX": -33.0, "rotationY": 0.0, "rotationZ": 0.0 },
						"FinVentral": { "rotationX": 27.0, "rotationY": 5.429, "rotationZ": 0.0 },
						"DorsalFin": { "rotationX": -13.571, "rotationY": 2.286, "rotationZ": 0.0 },
						"FinRight": { "rotationX": 0.0, "rotationY": -22.0, "rotationZ": 0.0 },
						"FinLeft": { "rotationX": 0.0, "rotationY": 0.0, "rotationZ": 0.0 },
						"FinRightMid": { "rotationX": 0.0, "rotationY": -36.0, "rotationZ": 0.0 },
						"FinLeftMid": { "rotationX": 0.0, "rotationY": -17.0, "rotationZ": 0.0 }
					}
				}
			]
		},

		{
			"name": "rising-eat",
			"code": "rising-eat",
			"quantityframes": 60,
			"onActivityStopped": "PlayTillEnd",
			"onAnimationEnd": "Stop",
			"keyframes": [
				{
					"frame": 0,
					"elements": {
						"origin": {  },
						"Body": { "offsetX": 0.0, "offsetY": 0.0, "offsetZ": 0.0, "rotationX": 0.0, "rotationY": 0.0, "rotationZ": 0.0 },
						"Butt": { "rotationX": 0.0, "rotationY": 0.0, "rotationZ": 0.0 },
						"Tail": { "rotationX": 0.0, "rotationY": 0.0, "rotationZ": 0.0 },
						"Head": {  },
						"Jaw": { "rotationX": 0.0, "rotationY": 0.0, "rotationZ": 0.0 }
					}
				},
				{
					"frame": 10,
					"elements": {
						"origin": {  },
						"Body": { "rotationX": 0.0, "rotationY": 2.0, "rotationZ": -30.0 },
						"Butt": { "rotationX": 0.0, "rotationY": 5.0, "rotationZ": 0.0 },
						"Tail": { "rotationX": 0.0, "rotationY": 5.0, "rotationZ": 0.0 },
						"TailFin": { "rotationX": 0.0, "rotationY": 5.0, "rotationZ": 0.0 },
						"BackFin": { "rotationX": 5.0, "rotationY": 0.0, "rotationZ": 0.0 },
						"FinVentral": { "rotationX": 5.0, "rotationY": 0.0, "rotationZ": 0.0 },
						"DorsalFin": { "rotationX": 5.0, "rotationY": 0.0, "rotationZ": 0.0 },
						"FinRight": { "rotationX": 20.0, "rotationY": 0.0, "rotationZ": 0.0 },
						"FinLeft": { "rotationX": -10.0, "rotationY": 0.0, "rotationZ": 0.0 },
						"FinLeftMid": { "rotationX": -10.0, "rotationY": -5.0, "rotationZ": 0.0 },
						"FinRightMid": { "rotationX": 10.0, "rotationY": 5.0, "rotationZ": 0.0 }
					}
				},
				{
					"frame": 15,
					"elements": {
						"origin": {  },
						"Body": { "offsetX": 0.0, "offsetY": 0.0, "offsetZ": 0.0, "rotationX": 0.0, "rotationY": 0.0, "rotationZ": -45.0 },
						"Head": {  },
						"Jaw": { "rotationX": 0.0, "rotationY": 0.0, "rotationZ": 11.0 }
					}
				},
				{
					"frame": 20,
					"elements": {
						"origin": {  },
						"Body": { "offsetX": -0.2, "offsetY": 0.0, "offsetZ": 0.0, "rotationX": 0.0, "rotationY": -2.0, "rotationZ": -46.0 },
						"Butt": { "rotationX": 0.0, "rotationY": -5.0, "rotationZ": 0.0 },
						"Tail": { "rotationX": 0.0, "rotationY": -5.0, "rotationZ": 0.0 },
						"TailFin": { "rotationX": 0.0, "rotationY": -5.0, "rotationZ": 0.0 },
						"BackFin": { "rotationX": -5.0, "rotationY": 0.0, "rotationZ": 0.0 },
						"FinVentral": { "rotationX": -5.0, "rotationY": 0.0, "rotationZ": 0.0 },
						"DorsalFin": { "rotationX": -5.0, "rotationY": 0.0, "rotationZ": 0.0 },
						"FinRight": { "rotationX": -10.0, "rotationY": -10.0, "rotationZ": 0.0 },
						"FinLeft": { "rotationX": 10.0, "rotationY": 10.0, "rotationZ": 0.0 },
						"FinLeftMid": { "rotationX": 10.0, "rotationY": 5.0, "rotationZ": 0.0 },
						"FinRightMid": { "rotationX": -10.0, "rotationY": -5.0, "rotationZ": 0.0 }
					}
				},
				{
					"frame": 25,
					"elements": {
						"origin": {  },
						"Body": { "offsetX": 0.0, "offsetY": 0.0, "offsetZ": 0.0 },
						"Head": {  },
						"Jaw": { "rotationX": 0.0, "rotationY": 0.0, "rotationZ": -3.0 }
					}
				},
				{
					"frame": 30,
					"elements": {
						"origin": {  },
						"Body": { "rotationX": 0.0, "rotationY": 5.0, "rotationZ": -44.0 },
						"Butt": { "rotationX": 0.0, "rotationY": 5.0, "rotationZ": 0.0 },
						"Tail": { "rotationX": 0.0, "rotationY": 5.0, "rotationZ": 0.0 },
						"DorsalFin": { "rotationX": 5.0, "rotationY": 0.0, "rotationZ": 0.0 },
						"FinRight": { "rotationX": 10.0, "rotationY": 0.0, "rotationZ": 0.0 },
						"FinLeft": { "rotationX": -10.0, "rotationY": 0.0, "rotationZ": 0.0 },
						"FinRightMid": { "rotationX": 10.0, "rotationY": 5.0, "rotationZ": 0.0 },
						"FinLeftMid": { "rotationX": -10.0, "rotationY": -5.0, "rotationZ": 0.0 }
					}
				},
				{
					"frame": 32,
					"elements": {
						"origin": {  },
						"Body": { "offsetX": 0.2, "offsetY": 0.0, "offsetZ": 0.0 }
					}
				},
				{
					"frame": 35,
					"elements": {
						"origin": {  },
						"Body": {  },
						"Head": {  },
						"Jaw": { "rotationX": 0.0, "rotationY": 0.0, "rotationZ": 11.0 }
					}
				},
				{
					"frame": 40,
					"elements": {
						"origin": {  },
						"Body": { "offsetX": 0.0, "offsetY": 0.0, "offsetZ": 0.0, "rotationX": 0.0, "rotationY": -2.0, "rotationZ": -45.0 },
						"Butt": { "rotationX": 0.0, "rotationY": -5.0, "rotationZ": 0.0 },
						"Tail": { "rotationX": 0.0, "rotationY": -5.0, "rotationZ": 0.0 },
						"DorsalFin": { "rotationX": -5.0, "rotationY": 0.0, "rotationZ": 0.0 },
						"FinRight": { "rotationX": -10.0, "rotationY": -10.0, "rotationZ": 0.0 },
						"FinLeft": { "rotationX": 10.0, "rotationY": 10.0, "rotationZ": 0.0 },
						"FinRightMid": { "rotationX": -10.0, "rotationY": -5.0, "rotationZ": 0.0 },
						"FinLeftMid": { "rotationX": 10.0, "rotationY": 5.0, "rotationZ": 0.0 }
					}
				},
				{
					"frame": 45,
					"elements": {
						"origin": {  },
						"Body": { "offsetX": -0.2, "offsetY": 0.0, "offsetZ": 0.0, "rotationX": 0.0, "rotationY": 0.0, "rotationZ": -46.0 },
						"Head": {  },
						"Jaw": { "rotationX": 0.0, "rotationY": 0.0, "rotationZ": -3.0 },
						"Butt": {  },
						"Tail": { "rotationX": 0.0, "rotationY": 0.0, "rotationZ": 0.0 },
						"TailFin": { "rotationX": 0.0, "rotationY": 0.0, "rotationZ": 0.0 },
						"BackFin": { "rotationX": 0.0, "rotationY": 0.0, "rotationZ": 0.0 },
						"FinVentral": { "rotationX": 0.0, "rotationY": 0.0, "rotationZ": 0.0 }
					}
				},
				{
					"frame": 50,
					"elements": {
						"origin": {  },
						"Body": { "offsetX": 0.0, "offsetY": 0.0, "offsetZ": 0.0, "rotationX": 0.0, "rotationY": 2.0, "rotationZ": -30.0 },
						"Butt": { "rotationX": 0.0, "rotationY": 5.0, "rotationZ": 0.0 },
						"Tail": { "rotationX": 0.0, "rotationY": 5.0, "rotationZ": 0.0 },
						"DorsalFin": { "rotationX": 5.0, "rotationY": 0.0, "rotationZ": 0.0 },
						"FinRight": { "rotationX": 10.0, "rotationY": 0.0, "rotationZ": 0.0 },
						"FinLeft": { "rotationX": -10.0, "rotationY": 0.0, "rotationZ": 0.0 },
						"FinRightMid": { "rotationX": 10.0, "rotationY": 6.0, "rotationZ": 0.0 },
						"FinLeftMid": { "rotationX": -10.0, "rotationY": -5.0, "rotationZ": 0.0 }
					}
				}
			]
		},

		{
			"name": "eat",
			"code": "eat",
			"quantityframes": 60,
			"onActivityStopped": "PlayTillEnd",
			"onAnimationEnd": "Stop",
			"keyframes": [
				{
					"frame": 0,
					"elements": {
						"origin": {  },
						"Body": { "offsetX": 0.0, "offsetY": 0.0, "offsetZ": 0.0, "rotationX": 0.0, "rotationY": 0.0, "rotationZ": 0.0 },
						"Butt": { "rotationX": 0.0, "rotationY": 0.0, "rotationZ": 0.0 },
						"Tail": { "rotationX": 0.0, "rotationY": 0.0, "rotationZ": 0.0 },
						"Head": {  },
						"Jaw": { "rotationX": 0.0, "rotationY": 0.0, "rotationZ": 0.0 }
					}
				},
				{
					"frame": 10,
					"elements": {
						"origin": {  },
						"Body": { "rotationX": 0.0, "rotationY": 2.0, "rotationZ": 5.0 },
						"Butt": { "rotationX": 0.0, "rotationY": 5.0, "rotationZ": 0.0 },
						"Tail": { "rotationX": 0.0, "rotationY": 5.0, "rotationZ": 0.0 },
						"TailFin": { "rotationX": 0.0, "rotationY": 5.0, "rotationZ": 0.0 },
						"BackFin": { "rotationX": 5.0, "rotationY": 0.0, "rotationZ": 0.0 },
						"FinVentral": { "rotationX": 5.0, "rotationY": 0.0, "rotationZ": 0.0 },
						"DorsalFin": { "rotationX": 5.0, "rotationY": 0.0, "rotationZ": 0.0 },
						"FinRight": { "rotationX": 20.0, "rotationY": 0.0, "rotationZ": 0.0 },
						"FinLeft": { "rotationX": -10.0, "rotationY": 0.0, "rotationZ": 0.0 },
						"FinLeftMid": { "rotationX": -10.0, "rotationY": -5.0, "rotationZ": 0.0 },
						"FinRightMid": { "rotationX": 10.0, "rotationY": 5.0, "rotationZ": 0.0 }
					}
				},
				{
					"frame": 15,
					"elements": {
						"origin": {  },
						"Body": { "offsetX": 0.0, "offsetY": 0.0, "offsetZ": 0.0, "rotationX": 0.0, "rotationY": 0.0, "rotationZ": 10.0 },
						"Head": {  },
						"Jaw": { "rotationX": 0.0, "rotationY": 0.0, "rotationZ": 8.0 }
					}
				},
				{
					"frame": 20,
					"elements": {
						"origin": {  },
						"Body": { "offsetX": -0.2, "offsetY": 0.0, "offsetZ": 0.0, "rotationX": 0.0, "rotationY": -2.0, "rotationZ": 9.0 },
						"Butt": { "rotationX": 0.0, "rotationY": -5.0, "rotationZ": 0.0 },
						"Tail": { "rotationX": 0.0, "rotationY": -5.0, "rotationZ": 0.0 },
						"TailFin": { "rotationX": 0.0, "rotationY": -5.0, "rotationZ": 0.0 },
						"BackFin": { "rotationX": -5.0, "rotationY": 0.0, "rotationZ": 0.0 },
						"FinVentral": { "rotationX": -5.0, "rotationY": 0.0, "rotationZ": 0.0 },
						"DorsalFin": { "rotationX": -5.0, "rotationY": 0.0, "rotationZ": 0.0 },
						"FinRight": { "rotationX": -10.0, "rotationY": -10.0, "rotationZ": 0.0 },
						"FinLeft": { "rotationX": 10.0, "rotationY": 10.0, "rotationZ": 0.0 },
						"FinLeftMid": { "rotationX": 10.0, "rotationY": 5.0, "rotationZ": 0.0 },
						"FinRightMid": { "rotationX": -10.0, "rotationY": -5.0, "rotationZ": 0.0 }
					}
				},
				{
					"frame": 25,
					"elements": {
						"origin": {  },
						"Body": { "offsetX": 0.0, "offsetY": 0.0, "offsetZ": 0.0 },
						"Head": {  },
						"Jaw": { "rotationX": 0.0, "rotationY": 0.0, "rotationZ": -8.0 }
					}
				},
				{
					"frame": 30,
					"elements": {
						"origin": {  },
						"Body": { "rotationX": 0.0, "rotationY": 5.0, "rotationZ": 11.0 },
						"Butt": { "rotationX": 0.0, "rotationY": 5.0, "rotationZ": 0.0 },
						"Tail": { "rotationX": 0.0, "rotationY": 5.0, "rotationZ": 0.0 },
						"DorsalFin": { "rotationX": 5.0, "rotationY": 0.0, "rotationZ": 0.0 },
						"FinRight": { "rotationX": 10.0, "rotationY": 0.0, "rotationZ": 0.0 },
						"FinLeft": { "rotationX": -10.0, "rotationY": 0.0, "rotationZ": 0.0 },
						"FinRightMid": { "rotationX": 10.0, "rotationY": 5.0, "rotationZ": 0.0 },
						"FinLeftMid": { "rotationX": -10.0, "rotationY": -5.0, "rotationZ": 0.0 }
					}
				},
				{
					"frame": 35,
					"elements": {
						"origin": {  },
						"Body": {  },
						"Head": {  },
						"Jaw": { "rotationX": 0.0, "rotationY": 0.0, "rotationZ": 0.0 }
					}
				},
				{
					"frame": 40,
					"elements": {
						"origin": {  },
						"Body": { "offsetX": 0.0, "offsetY": 0.0, "offsetZ": 0.0, "rotationX": 0.0, "rotationY": -2.0, "rotationZ": 10.0 },
						"Butt": { "rotationX": 0.0, "rotationY": -5.0, "rotationZ": 0.0 },
						"Tail": { "rotationX": 0.0, "rotationY": -5.0, "rotationZ": 0.0 },
						"DorsalFin": { "rotationX": -5.0, "rotationY": 0.0, "rotationZ": 0.0 },
						"FinRight": { "rotationX": -10.0, "rotationY": -10.0, "rotationZ": 0.0 },
						"FinLeft": { "rotationX": 10.0, "rotationY": 10.0, "rotationZ": 0.0 },
						"FinRightMid": { "rotationX": -10.0, "rotationY": -5.0, "rotationZ": 0.0 },
						"FinLeftMid": { "rotationX": 10.0, "rotationY": 5.0, "rotationZ": 0.0 }
					}
				},
				{
					"frame": 45,
					"elements": {
						"origin": {  },
						"Body": { "offsetX": -0.2, "offsetY": 0.0, "offsetZ": 0.0, "rotationX": 0.0, "rotationY": 0.0, "rotationZ": 9.0 },
						"Head": {  },
						"Jaw": { "rotationX": 0.0, "rotationY": 0.0, "rotationZ": 0.0 },
						"Butt": {  },
						"Tail": { "rotationX": 0.0, "rotationY": 0.0, "rotationZ": 0.0 },
						"TailFin": { "rotationX": 0.0, "rotationY": 0.0, "rotationZ": 0.0 },
						"BackFin": { "rotationX": 0.0, "rotationY": 0.0, "rotationZ": 0.0 },
						"FinVentral": { "rotationX": 0.0, "rotationY": 0.0, "rotationZ": 0.0 }
					}
				},
				{
					"frame": 50,
					"elements": {
						"origin": {  },
						"Body": { "offsetX": 0.0, "offsetY": 0.0, "offsetZ": 0.0, "rotationX": 0.0, "rotationY": 2.0, "rotationZ": 5.0 },
						"Butt": { "rotationX": 0.0, "rotationY": 5.0, "rotationZ": 0.0 },
						"Tail": { "rotationX": 0.0, "rotationY": 5.0, "rotationZ": 0.0 },
						"DorsalFin": { "rotationX": 5.0, "rotationY": 0.0, "rotationZ": 0.0 },
						"FinRight": { "rotationX": 10.0, "rotationY": 0.0, "rotationZ": 0.0 },
						"FinLeft": { "rotationX": -10.0, "rotationY": 0.0, "rotationZ": 0.0 },
						"FinRightMid": { "rotationX": 10.0, "rotationY": 6.0, "rotationZ": 0.0 },
						"FinLeftMid": { "rotationX": -10.0, "rotationY": -5.0, "rotationZ": 0.0 }
					}
				}
			]
		},

		{
			"name": "hurt",
			"code": "hurt",
			"quantityframes": 20,
			"onActivityStopped": "EaseOut",
			"onAnimationEnd": "Stop",
			"keyframes": [
				{
					"frame": 0,
					"elements": {
						"origin": {  },
						"Body": { "rotationX": 0.0, "rotationY": 0.0, "rotationZ": 0.0 },
						"Butt": { "rotationX": 0.0, "rotationY": 0.0, "rotationZ": 0.0 },
						"Tail": { "rotationX": 0.0, "rotationY": 0.0, "rotationZ": 0.0 },
						"TailFin": { "rotationX": 0.0, "rotationY": 0.0, "rotationZ": 0.0 },
						"FinVentral": { "rotationX": 0.0, "rotationY": 0.0, "rotationZ": 0.0 },
						"BackFin": { "rotationX": 0.0, "rotationY": 0.0, "rotationZ": 0.0 },
						"Head": { "rotationX": 0.0, "rotationY": 0.0, "rotationZ": 0.0 },
						"Jaw": { "rotationX": 0.0, "rotationY": 0.0, "rotationZ": 0.0 },
						"FinLeftMid": { "rotationX": 0.0, "rotationY": 0.0, "rotationZ": 0.0 },
						"FinRightMid": { "rotationX": 0.0, "rotationY": 0.0, "rotationZ": 0.0 },
						"FinRight": { "rotationX": 0.0, "rotationY": 0.0, "rotationZ": 0.0 },
						"FinLeft": { "rotationX": 0.0, "rotationY": 0.0, "rotationZ": 0.0 },
						"DorsalFin": { "rotationX": 0.0, "rotationY": 0.0, "rotationZ": 0.0 }
					}
				},
				{
					"frame": 7,
					"elements": {
						"origin": {  },
						"Body": { "rotationX": 19.0, "rotationY": 3.0, "rotationZ": 0.0 },
						"Head": { "rotationX": 0.0, "rotationY": 15.0, "rotationZ": 0.0 },
						"Jaw": { "rotationX": 0.0, "rotationY": 0.0, "rotationZ": -10.0 },
						"FinRight": { "rotationX": 0.0, "rotationY": 42.0, "rotationZ": 22.0 },
						"FinLeft": { "rotationX": 0.0, "rotationY": -22.0, "rotationZ": 0.0 },
						"Butt": { "rotationX": 0.0, "rotationY": 9.0, "rotationZ": 0.0 },
						"Tail": { "rotationX": 0.0, "rotationY": 25.0, "rotationZ": 0.0 },
						"TailFin": { "rotationX": 0.0, "rotationY": 4.0, "rotationZ": 0.0 },
						"FinVentral": { "rotationX": 0.0, "rotationY": 3.0, "rotationZ": 8.0 },
						"BackFin": { "rotationX": -42.0, "rotationY": 0.0, "rotationZ": 0.0 },
						"FinRightMid": { "rotationX": 33.0, "rotationY": 14.0, "rotationZ": 8.0 },
						"FinLeftMid": { "rotationX": -17.0, "rotationY": -28.0, "rotationZ": 0.0 },
						"DorsalFin": { "rotationX": -19.0, "rotationY": 0.0, "rotationZ": 0.0 }
					}
				},
				{
					"frame": 14,
					"elements": {
						"origin": {  },
						"Body": { "rotationX": -14.0, "rotationY": 0.0, "rotationZ": 0.0 },
						"Butt": { "rotationX": 0.0, "rotationY": -28.0, "rotationZ": 0.0 },
						"Tail": { "rotationX": 0.0, "rotationY": -22.0, "rotationZ": 0.0 },
						"TailFin": { "rotationX": 0.0, "rotationY": -22.0, "rotationZ": 0.0 },
						"Head": { "rotationX": 8.0, "rotationY": 0.0, "rotationZ": 0.0 }
					}
				}
			]
		}
	]
}