{
	"editor": {
		"allAngles": false,
		"entityTextureMode": false
	},
	"textureWidth": 16,
	"textureHeight": 16,
	"textureSizes": {
	},
	"textures": {
		"eelskin5": "entity/water/eel/eelskin5"
	},
	"elements": [
		{
			"name": "origin",
			"from": [ 8.0, 7.0, 9.0 ], 
			"to": [ 8.0, 7.0, 9.0 ], 
			"rotationOrigin": [ 8.0, 7.0, 9.0 ],
			"faces": {
				"north": { "texture": "#eelskin5", "uv": [ 0.0, 0.0, 0.5, 0.5 ] },
				"east": { "texture": "#null", "uv": [ 0.0, 0.0, 0.5, 0.5 ] },
				"south": { "texture": "#null", "uv": [ 0.0, 0.0, 0.5, 0.5 ] },
				"west": { "texture": "#null", "uv": [ 0.0, 0.0, 0.5, 0.5 ] },
				"up": { "texture": "#null", "uv": [ 0.0, 0.0, 0.5, 0.5 ] },
				"down": { "texture": "#null", "uv": [ 0.0, 0.0, 0.5, 0.5 ] }
			},
			"children": [
				{
					"name": "head",
					"from": [ -20.0, 1.0, -1.2 ], 
					"to": [ -16.0, 3.2, 3.2 ], 
					"rotationOrigin": [ -16.0, 1.0, 1.0 ],
					"faces": {
						"north": { "texture": "#eelskin5", "uv": [ 10.2222, 5.3333, 14.2222, 7.3333 ] },
						"east": { "texture": "#eelskin5", "uv": [ 10.2222, 6.0, 14.4444, 8.0 ] },
						"south": { "texture": "#eelskin5", "uv": [ 10.4444, 5.7778, 12.6667, 8.4444 ], "autoUv": false },
						"west": { "texture": "#eelskin5", "uv": [ 10.6667, 6.0, 13.1111, 8.4444 ], "autoUv": false },
						"up": { "texture": "#eelskin5", "uv": [ 11.7778, 5.1111, 14.8889, 7.7778 ], "autoUv": false },
						"down": { "texture": "#eelskin5", "uv": [ 0.6667, 4.8889, 4.8889, 9.1111 ], "rotation": 90, "autoUv": false }
					},
					"children": [
						{
							"name": "topmouth",
							"from": [ -2.0, 0.0, 0.45 ], 
							"to": [ 0.0, 1.2, 3.95 ], 
							"rotationOrigin": [ 0.0, 0.5, 2.2 ],
							"faces": {
								"north": { "texture": "#eelskin5", "uv": [ 12.6667, 7.1111, 14.6667, 8.2222 ] },
								"east": { "texture": "#eelskin5", "uv": [ 11.3333, 7.1111, 14.6667, 8.2222 ] },
								"south": { "texture": "#eelskin5", "uv": [ 12.4444, 6.8889, 14.4444, 8.0 ] },
								"west": { "texture": "#eelskin5", "uv": [ 11.7778, 7.1111, 15.1111, 8.2222 ] },
								"up": { "texture": "#eelskin5", "uv": [ 11.7778, 8.2222, 13.7778, 11.5556 ] },
								"down": { "texture": "#eelskin5", "uv": [ 0.6667, 4.8889, 4.6667, 9.3333 ], "rotation": 90, "autoUv": false }
							},
							"children": [
								{
									"name": "Cube16",
									"from": [ -1.0, 0.0, 0.25 ], 
									"to": [ 0.0, 1.0, 3.25 ], 
									"rotationOrigin": [ 0.0, 0.0, 2.0 ],
									"faces": {
										"north": { "texture": "#eelskin5", "uv": [ 12.4444, 7.7778, 13.3333, 8.6667 ] },
										"east": { "texture": "#eelskin5", "uv": [ 12.2222, 7.5556, 15.1111, 8.4444 ] },
										"south": { "texture": "#eelskin5", "uv": [ 12.6667, 7.7778, 13.5556, 8.6667 ] },
										"west": { "texture": "#eelskin5", "uv": [ 12.6667, 7.3333, 15.5556, 8.2222 ] },
										"up": { "texture": "#eelskin5", "uv": [ 12.8889, 5.5556, 13.7778, 8.4444 ] },
										"down": { "texture": "#eelskin5", "uv": [ 0.6667, 4.2222, 4.6667, 8.6667 ], "rotation": 90, "autoUv": false }
									}
								},
								{
									"name": "Cube10",
									"from": [ -0.8, 0.6, 0.1 ], 
									"to": [ 2.2, 1.8, 3.4 ], 
									"rotationOrigin": [ 1.0, 1.5, 1.75 ],
									"rotationZ": 22.5,
									"faces": {
										"north": { "texture": "#eelskin5", "uv": [ 11.3333, 7.3333, 14.2222, 8.4444 ] },
										"east": { "texture": "#eelskin5", "uv": [ 11.3333, 7.5556, 14.4444, 8.6667 ] },
										"south": { "texture": "#eelskin5", "uv": [ 12.2222, 6.8889, 15.1111, 8.0 ] },
										"west": { "texture": "#eelskin5", "uv": [ 11.3333, 7.3333, 14.4444, 8.4444 ] },
										"up": { "texture": "#eelskin5", "uv": [ 11.1111, 1.5556, 14.2222, 4.8889 ], "autoUv": false },
										"down": { "texture": "#eelskin5", "uv": [ 0.0, 0.0, 2.8889, 3.1111 ] }
									}
								}
							]
						},
						{
							"name": "botmouth",
							"from": [ 0.1, -1.0, 0.1 ], 
							"to": [ 4.0, 0.2, 4.3 ], 
							"rotationOrigin": [ 4.0, -1.0, 2.2 ],
							"faces": {
								"north": { "texture": "#eelskin5", "uv": [ 9.3333, 7.1111, 13.1111, 8.2222 ] },
								"east": { "texture": "#eelskin5", "uv": [ 10.6667, 7.5556, 14.6667, 8.6667 ] },
								"south": { "texture": "#eelskin5", "uv": [ 10.6667, 7.1111, 14.4444, 8.2222 ] },
								"west": { "texture": "#eelskin5", "uv": [ 11.1111, 7.5556, 15.1111, 8.6667 ] },
								"up": { "texture": "#eelskin5", "uv": [ 0.6667, 5.1111, 4.6667, 9.1111 ], "rotation": 90, "autoUv": false },
								"down": { "texture": "#eelskin5", "uv": [ 11.5556, 6.4444, 14.6667, 9.7778 ], "autoUv": false }
							},
							"children": [
								{
									"name": "Cube12",
									"from": [ -1.8, 0.0, 0.545 ], 
									"to": [ 0.0, 1.0, 3.845 ], 
									"rotationOrigin": [ 0.0, 0.5, 2.2 ],
									"faces": {
										"north": { "texture": "#eelskin5", "uv": [ 11.7778, 7.7778, 13.5556, 8.6667 ] },
										"east": { "texture": "#eelskin5", "uv": [ 10.8889, 7.7778, 14.0, 8.6667 ] },
										"south": { "texture": "#eelskin5", "uv": [ 11.1111, 8.0, 12.8889, 8.8889 ] },
										"west": { "texture": "#eelskin5", "uv": [ 12.0, 7.7778, 15.1111, 8.6667 ] },
										"up": { "texture": "#eelskin5", "uv": [ 0.4444, 4.6667, 4.6667, 9.1111 ], "rotation": 90, "autoUv": false },
										"down": { "texture": "#eelskin5", "uv": [ 13.7778, 6.6667, 15.5556, 9.7778 ] }
									},
									"children": [
										{
											"name": "Cube14",
											"from": [ -1.0, 0.5, 0.6 ], 
											"to": [ 0.0, 1.0, 2.9 ], 
											"rotationOrigin": [ -1.0, 0.0, 0.0 ],
											"faces": {
												"north": { "texture": "#eelskin5", "uv": [ 12.4444, 8.6667, 13.3333, 9.1111 ] },
												"east": { "texture": "#eelskin5", "uv": [ 12.0, 7.7778, 14.2222, 8.2222 ] },
												"south": { "texture": "#eelskin5", "uv": [ 13.3333, 6.8889, 14.2222, 7.3333 ] },
												"west": { "texture": "#eelskin5", "uv": [ 11.3333, 7.5556, 13.5556, 8.0 ] },
												"up": { "texture": "#eelskin5", "uv": [ 0.6667, 4.2222, 4.6667, 8.4444 ], "rotation": 270, "autoUv": false },
												"down": { "texture": "#eelskin5", "uv": [ 14.6667, 6.2222, 15.5556, 8.4444 ] }
											}
										},
										{
											"name": "Cube15",
											"from": [ -1.0, 0.0, 0.5 ], 
											"to": [ 0.0, 0.5, 3.0 ], 
											"rotationOrigin": [ 0.0, 0.0, 2.0 ],
											"rotationZ": -28.0,
											"faces": {
												"north": { "texture": "#eelskin5", "uv": [ 12.2222, 7.3333, 13.1111, 7.7778 ] },
												"east": { "texture": "#eelskin5", "uv": [ 12.2222, 7.3333, 14.6667, 7.7778 ] },
												"south": { "texture": "#eelskin5", "uv": [ 12.6667, 7.1111, 13.5556, 7.5556 ] },
												"west": { "texture": "#eelskin5", "uv": [ 11.7778, 7.7778, 14.2222, 8.2222 ] },
												"up": { "texture": "#eelskin5", "uv": [ 13.7778, 6.6667, 14.6667, 9.1111 ] },
												"down": { "texture": "#eelskin5", "uv": [ 13.7778, 6.8889, 14.6667, 9.3333 ] }
											}
										}
									]
								},
								{
									"name": "Cube1",
									"from": [ 1.7, 1.0, 0.56 ], 
									"to": [ 3.7, 2.0, 3.86 ], 
									"rotationOrigin": [ 1.0, 1.0, 1.5 ],
									"faces": {
										"north": { "texture": "#eelskin5", "uv": [ 12.2222, 8.2222, 14.2222, 9.1111 ] },
										"east": { "texture": "#eelskin5", "uv": [ 11.7778, 7.7778, 14.8889, 8.6667 ] },
										"south": { "texture": "#eelskin5", "uv": [ 12.8889, 8.6667, 14.8889, 9.5556 ] },
										"west": { "texture": "#eelskin5", "uv": [ 1.5556, 7.5556, 4.0, 8.4444 ], "autoUv": false },
										"up": { "texture": "#eelskin5", "uv": [ 12.8889, 6.2222, 14.8889, 9.3333 ] },
										"down": { "texture": "#eelskin5", "uv": [ 12.6667, 6.6667, 14.6667, 9.7778 ] }
									}
								}
							]
						},
						{
							"name": "gullet",
							"from": [ 1.1, -1.55, 0.5 ], 
							"to": [ 5.1, 1.95, 3.9 ], 
							"rotationOrigin": [ 2.0, -1.0, 2.2 ],
							"faces": {
								"north": { "texture": "#eelskin5", "uv": [ 11.1111, 6.0, 15.1111, 9.3333 ] },
								"east": { "texture": "#eelskin5", "uv": [ 11.7778, 6.2222, 15.1111, 9.5556 ] },
								"south": { "texture": "#eelskin5", "uv": [ 11.1111, 6.4444, 15.1111, 9.7778 ] },
								"west": { "texture": "#eelskin5", "uv": [ 1.1111, 4.2222, 4.4444, 7.5556 ], "rotation": 180 },
								"up": { "texture": "#eelskin5", "uv": [ 11.3333, 6.2222, 15.3333, 9.5556 ] },
								"down": { "texture": "#eelskin5", "uv": [ 11.3333, 7.1111, 15.3333, 10.4444 ] }
							}
						},
						{
							"name": "eyes",
							"from": [ -0.5, 1.2, 0.4 ], 
							"to": [ 0.0, 1.7, 4.0 ], 
							"rotationOrigin": [ 0.0, 1.0, 2.0 ],
							"faces": {
								"north": { "texture": "#eelskin5", "uv": [ 2.2222, 1.7778, 3.5556, 3.1111 ], "autoUv": false },
								"east": { "texture": "#eelskin5", "uv": [ 2.0, 2.2222, 2.0, 2.4444 ], "autoUv": false },
								"south": { "texture": "#eelskin5", "uv": [ 2.2222, 1.7778, 3.5556, 3.1111 ], "autoUv": false },
								"west": { "texture": "#eelskin5", "uv": [ 2.0, 2.0, 2.2222, 2.6667 ], "autoUv": false },
								"up": { "texture": "#eelskin5", "uv": [ 1.7778, 2.0, 2.0, 2.4444 ], "autoUv": false },
								"down": { "texture": "#eelskin5", "uv": [ 2.2222, 2.0, 2.0, 2.6667 ], "autoUv": false }
							}
						},
						{
							"name": "body1",
							"from": [ 4.0, -2.0, 0.2 ], 
							"to": [ 12.0, 2.0, 4.2 ], 
							"rotationOrigin": [ 4.0, 0.0, 2.2 ],
							"rotationY": 15.0,
							"faces": {
								"north": { "texture": "#eelskin5", "uv": [ 9.5556, 5.1111, 15.7778, 8.8889 ], "autoUv": false },
								"east": { "texture": "#eelskin5", "uv": [ 10.2222, 5.5556, 14.2222, 9.5556 ] },
								"south": { "texture": "#eelskin5", "uv": [ 8.6667, 5.3333, 15.3333, 9.1111 ], "autoUv": false },
								"west": { "texture": "#eelskin5", "uv": [ 11.5556, 5.5556, 15.5556, 9.5556 ] },
								"up": { "texture": "#eelskin5", "uv": [ 6.6667, 5.3333, 12.2222, 8.8889 ], "autoUv": false },
								"down": { "texture": "#eelskin5", "uv": [ 10.6667, 7.1111, 15.3333, 9.5556 ], "autoUv": false }
							},
							"children": [
								{
									"name": "body2",
									"from": [ 7.0, -0.1, -0.1 ], 
									"to": [ 16.0, 4.1, 4.1 ], 
									"rotationOrigin": [ 7.0, 2.0, 2.0 ],
									"rotationY": -15.0,
									"faces": {
										"north": { "texture": "#eelskin5", "uv": [ 6.6667, 5.3333, 15.5556, 9.3333 ] },
										"east": { "texture": "#eelskin5", "uv": [ 11.7778, 6.6667, 14.8889, 9.3333 ], "autoUv": false },
										"south": { "texture": "#eelskin5", "uv": [ 8.0, 5.3333, 15.5556, 9.1111 ], "autoUv": false },
										"west": { "texture": "#eelskin5", "uv": [ 12.0, 6.6667, 14.8889, 8.8889 ], "autoUv": false },
										"up": { "texture": "#eelskin5", "uv": [ 6.6667, 0.6667, 15.5556, 4.6667 ] },
										"down": { "texture": "#eelskin5", "uv": [ 11.5556, 6.8889, 14.8889, 8.8889 ], "autoUv": false }
									},
									"children": [
										{
											"name": "body3",
											"from": [ 7.8, 0.1, 0.1 ], 
											"to": [ 16.8, 4.1, 4.1 ], 
											"rotationOrigin": [ 8.0, 2.1, 2.1 ],
											"rotationY": -15.0,
											"faces": {
												"north": { "texture": "#eelskin5", "uv": [ 8.0, 5.5556, 15.5556, 9.5556 ], "autoUv": false },
												"east": { "texture": "#eelskin5", "uv": [ 12.0, 6.6667, 14.4444, 8.8889 ], "autoUv": false },
												"south": { "texture": "#eelskin5", "uv": [ 7.5556, 5.3333, 15.3333, 9.3333 ], "autoUv": false },
												"west": { "texture": "#eelskin5", "uv": [ 12.0, 7.1111, 14.8889, 9.5556 ], "autoUv": false },
												"up": { "texture": "#eelskin5", "uv": [ 7.3333, 0.4444, 15.1111, 4.2222 ], "autoUv": false },
												"down": { "texture": "#eelskin5", "uv": [ 8.4444, 6.8889, 15.1111, 9.7778 ], "autoUv": false }
											},
											"children": [
												{
													"name": "body4",
													"from": [ 8.0, 0.1, 0.3 ], 
													"to": [ 17.0, 3.8, 3.7 ], 
													"rotationOrigin": [ 8.0, 2.0, 2.0 ],
													"faces": {
														"north": { "texture": "#eelskin5", "uv": [ 7.5556, 5.5556, 15.5556, 8.8889 ], "autoUv": false },
														"east": { "texture": "#eelskin5", "uv": [ 12.4444, 6.6667, 15.3333, 9.3333 ], "autoUv": false },
														"south": { "texture": "#eelskin5", "uv": [ 6.8889, 5.5556, 15.7778, 9.1111 ] },
														"west": { "texture": "#eelskin5", "uv": [ 12.8889, 6.6667, 15.3333, 9.3333 ], "autoUv": false },
														"up": { "texture": "#eelskin5", "uv": [ 7.7778, 0.4444, 15.3333, 3.7778 ], "autoUv": false },
														"down": { "texture": "#eelskin5", "uv": [ 9.5556, 6.4444, 15.5556, 9.5556 ], "autoUv": false }
													},
													"children": [
														{
															"name": "body5",
															"from": [ 8.0, 0.4, 0.4 ], 
															"to": [ 16.5, 3.4, 3.0 ], 
															"rotationOrigin": [ 7.0, 2.0, 1.7 ],
															"rotationY": 10.0,
															"faces": {
																"north": { "texture": "#eelskin5", "uv": [ 8.8889, 5.5556, 15.1111, 8.4444 ], "autoUv": false },
																"east": { "texture": "#eelskin5", "uv": [ 12.2222, 6.8889, 14.6667, 9.7778 ] },
																"south": { "texture": "#eelskin5", "uv": [ 9.1111, 6.0, 15.3333, 8.6667 ], "autoUv": false },
																"west": { "texture": "#eelskin5", "uv": [ 11.5556, 6.8889, 14.0, 9.7778 ] },
																"up": { "texture": "#eelskin5", "uv": [ 9.7778, 0.8889, 15.3333, 3.5556 ], "autoUv": false },
																"down": { "texture": "#eelskin5", "uv": [ 10.6667, 7.1111, 15.7778, 9.5556 ], "autoUv": false }
															},
															"children": [
																{
																	"name": "body6",
																	"from": [ 8.2, 0.2, 0.6 ], 
																	"to": [ 16.2, 2.5, 1.8 ], 
																	"rotationOrigin": [ 8.0, 2.0, 1.3 ],
																	"rotationY": 15.0,
																	"faces": {
																		"north": { "texture": "#eelskin5", "uv": [ 7.7778, 0.4444, 15.5556, 2.6667 ], "autoUv": false },
																		"east": { "texture": "#eelskin5", "uv": [ 14.0, 0.4444, 15.1111, 2.6667 ] },
																		"south": { "texture": "#eelskin5", "uv": [ 7.3333, 0.4444, 15.3333, 2.6667 ] },
																		"west": { "texture": "#eelskin5", "uv": [ 14.0, 0.6667, 15.1111, 2.8889 ] },
																		"up": { "texture": "#eelskin5", "uv": [ 7.3333, 0.6667, 15.3333, 1.7778 ] },
																		"down": { "texture": "#eelskin5", "uv": [ 0.0, 0.0, 8.0, 1.1111 ] }
																	},
																	"children": [
																		{
																			"name": "body7",
																			"from": [ 8.0, 0.4, 0.2 ], 
																			"to": [ 14.0, 2.0, 1.0 ], 
																			"rotationOrigin": [ 8.0, 1.0, 0.6 ],
																			"rotationY": -15.0,
																			"faces": {
																				"north": { "texture": "#eelskin5", "uv": [ 9.5556, 0.2222, 15.5556, 1.7778 ] },
																				"east": { "texture": "#eelskin5", "uv": [ 13.7778, 0.6667, 14.4444, 2.2222 ] },
																				"south": { "texture": "#eelskin5", "uv": [ 9.3333, 0.4444, 15.3333, 2.0 ] },
																				"west": { "texture": "#eelskin5", "uv": [ 13.5556, 0.8889, 14.2222, 2.4444 ] },
																				"up": { "texture": "#eelskin5", "uv": [ 9.5556, 0.4444, 15.5556, 1.1111 ] },
																				"down": { "texture": "#eelskin5", "uv": [ 9.3333, 0.8889, 15.3333, 1.5556 ] }
																			},
																			"children": [
																				{
																					"name": "Cube24",
																					"from": [ 0.0, 1.0, 0.44 ], 
																					"to": [ 5.0, 2.0, 0.54 ], 
																					"rotationOrigin": [ 4.0, 0.6, 0.5 ],
																					"faces": {
																						"north": { "texture": "#eelskin5", "uv": [ 0.6667, 12.8889, 5.5556, 13.7778 ] },
																						"east": { "texture": "#eelskin5", "uv": [ 0.8889, 11.7778, 1.1111, 12.6667 ] },
																						"south": { "texture": "#eelskin5", "uv": [ 1.1111, 12.8889, 6.0, 13.7778 ] },
																						"west": { "texture": "#eelskin5", "uv": [ 1.3333, 12.0, 1.5556, 12.8889 ] },
																						"up": { "texture": "#eelskin5", "uv": [ 0.8889, 12.6667, 5.7778, 12.8889 ] },
																						"down": { "texture": "#eelskin5", "uv": [ 1.1111, 12.8889, 6.0, 13.1111 ] }
																					}
																				}
																			]
																		},
																		{
																			"name": "Cube23",
																			"from": [ 0.0, 2.0, 0.62 ], 
																			"to": [ 8.0, 3.0, 0.77 ], 
																			"rotationOrigin": [ 4.0, 2.0, 0.7 ],
																			"faces": {
																				"north": { "texture": "#eelskin5", "uv": [ 6.2222, 11.7778, 14.2222, 12.6667 ] },
																				"east": { "texture": "#eelskin5", "uv": [ 7.1111, 11.5556, 7.3333, 12.4444 ] },
																				"south": { "texture": "#eelskin5", "uv": [ 5.7778, 11.5556, 13.7778, 12.4444 ] },
																				"west": { "texture": "#eelskin5", "uv": [ 11.5556, 11.3333, 11.7778, 12.2222 ] },
																				"up": { "texture": "#eelskin5", "uv": [ 6.2222, 11.7778, 14.2222, 12.0 ] },
																				"down": { "texture": "#eelskin5", "uv": [ 6.0, 11.5556, 14.0, 11.7778 ] }
																			}
																		}
																	]
																},
																{
																	"name": "Cube22",
																	"from": [ 0.0, 2.8, 1.15 ], 
																	"to": [ 8.0, 3.8, 1.45 ], 
																	"rotationOrigin": [ 4.0, 2.6, 1.3 ],
																	"faces": {
																		"north": { "texture": "#eelskin5", "uv": [ 3.1111, 11.7778, 11.1111, 12.6667 ] },
																		"east": { "texture": "#eelskin5", "uv": [ 4.4444, 11.5556, 4.6667, 12.4444 ] },
																		"south": { "texture": "#eelskin5", "uv": [ 2.2222, 11.7778, 10.2222, 12.6667 ] },
																		"west": { "texture": "#eelskin5", "uv": [ 5.5556, 12.4444, 5.7778, 13.3333 ] },
																		"up": { "texture": "#eelskin5", "uv": [ 4.0, 12.2222, 12.0, 12.4444 ] },
																		"down": { "texture": "#eelskin5", "uv": [ 4.2222, 13.7778, 12.2222, 14.0 ] }
																	}
																}
															]
														},
														{
															"name": "Cube21",
															"from": [ 0.0, 3.5, 1.4 ], 
															"to": [ 8.0, 5.5, 2.0 ], 
															"rotationOrigin": [ 4.0, 3.0, 1.7 ],
															"faces": {
																"north": { "texture": "#eelskin5", "uv": [ 1.3333, 13.3333, 9.3333, 15.3333 ] },
																"east": { "texture": "#eelskin5", "uv": [ 2.8889, 10.8889, 3.3333, 12.8889 ] },
																"south": { "texture": "#eelskin5", "uv": [ 1.7778, 12.8889, 9.7778, 14.8889 ] },
																"west": { "texture": "#eelskin5", "uv": [ 2.0, 12.6667, 2.4444, 14.6667 ] },
																"up": { "texture": "#eelskin5", "uv": [ 2.2222, 12.6667, 10.2222, 13.1111 ] },
																"down": { "texture": "#eelskin5", "uv": [ 2.6667, 12.6667, 10.6667, 13.1111 ] }
															}
														}
													]
												},
												{
													"name": "Cube20",
													"from": [ 0.0, 4.0, 1.5 ], 
													"to": [ 8.0, 6.0, 2.5 ], 
													"rotationOrigin": [ 4.0, 4.0, 2.0 ],
													"faces": {
														"north": { "texture": "#eelskin5", "uv": [ 1.5556, 11.7778, 9.5556, 13.7778 ] },
														"east": { "texture": "#eelskin5", "uv": [ 3.3333, 12.0, 4.2222, 14.0 ] },
														"south": { "texture": "#eelskin5", "uv": [ 2.4444, 12.0, 10.4444, 14.0 ] },
														"west": { "texture": "#eelskin5", "uv": [ 2.2222, 11.7778, 3.1111, 13.7778 ] },
														"up": { "texture": "#eelskin5", "uv": [ 2.4444, 12.6667, 10.4444, 13.5556 ] },
														"down": { "texture": "#eelskin5", "uv": [ 2.2222, 12.4444, 10.2222, 13.3333 ] }
													}
												}
											]
										},
										{
											"name": "Cube19",
											"from": [ 0.0, 4.1, 1.55 ], 
											"to": [ 8.2, 6.6, 2.75 ], 
											"rotationOrigin": [ 4.0, 4.1, 2.1 ],
											"faces": {
												"north": { "texture": "#eelskin5", "uv": [ 1.3333, 11.5556, 9.3333, 14.0 ] },
												"east": { "texture": "#eelskin5", "uv": [ 2.0, 11.7778, 3.1111, 14.2222 ] },
												"south": { "texture": "#eelskin5", "uv": [ 2.6667, 12.0, 10.6667, 14.4444 ] },
												"west": { "texture": "#eelskin5", "uv": [ 2.2222, 12.2222, 3.3333, 14.6667 ] },
												"up": { "texture": "#eelskin5", "uv": [ 2.6667, 12.6667, 10.6667, 13.7778 ] },
												"down": { "texture": "#eelskin5", "uv": [ 2.0, 12.2222, 10.0, 13.3333 ] }
											}
										}
									]
								},
								{
									"name": "Cube18",
									"from": [ 0.0, 4.0, 1.5 ], 
									"to": [ 8.0, 6.0, 2.5 ], 
									"rotationOrigin": [ 4.0, 4.0, 2.0 ],
									"faces": {
										"north": { "texture": "#eelskin5", "uv": [ 2.0, 12.2222, 10.0, 14.2222 ] },
										"east": { "texture": "#eelskin5", "uv": [ 3.3333, 12.6667, 4.2222, 14.6667 ] },
										"south": { "texture": "#eelskin5", "uv": [ 1.7778, 13.1111, 9.7778, 15.1111 ] },
										"west": { "texture": "#eelskin5", "uv": [ 2.0, 12.6667, 2.8889, 14.6667 ] },
										"up": { "texture": "#eelskin5", "uv": [ 2.8889, 12.4444, 10.8889, 13.3333 ] },
										"down": { "texture": "#eelskin5", "uv": [ 2.2222, 12.2222, 10.2222, 13.1111 ] }
									}
								}
							]
						}
					]
				}
			]
		}
	],
	"animations": [
		{
			"name": "swim",
			"code": "swim",
			"quantityframes": 30,
			"onActivityStopped": "EaseOut",
			"onAnimationEnd": "Repeat",
			"keyframes": [
				{
					"frame": 0,
					"elements": {
						"origin": {  },
						"head": {  },
						"body1": { "offsetX": 0.0, "offsetY": 0.0, "offsetZ": 0.0, "rotationX": 0.0, "rotationY": 0.0, "rotationZ": 0.0 },
						"body2": { "rotationX": 0.0, "rotationY": 0.0, "rotationZ": 0.0 },
						"body3": { "rotationX": 0.0, "rotationY": 0.0, "rotationZ": 0.0 },
						"body4": { "rotationX": 0.0, "rotationY": 0.0, "rotationZ": 0.0 },
						"body5": { "rotationX": 0.0, "rotationY": 0.0, "rotationZ": 0.0 },
						"body6": { "rotationX": 0.0, "rotationY": 0.0, "rotationZ": 0.0 },
						"body7": { "rotationX": 0.0, "rotationY": 22.5, "rotationZ": 0.0 }
					}
				},
				{
					"frame": 4,
					"elements": {
						"origin": {  },
						"head": {  },
						"body1": { "offsetX": 0.0, "offsetY": 0.0, "offsetZ": 0.0, "rotationX": 0.0, "rotationY": 22.5, "rotationZ": 0.0 },
						"body2": {  },
						"body3": { "rotationX": 0.0, "rotationY": -22.5, "rotationZ": 0.0 },
						"body4": { "rotationX": 0.0, "rotationY": -22.5, "rotationZ": 0.0 },
						"body5": { "rotationX": 0.0, "rotationY": 0.0, "rotationZ": 0.0 },
						"body6": { "rotationX": 0.0, "rotationY": 0.0, "rotationZ": 0.0 },
						"body7": { "rotationX": 0.0, "rotationY": 22.5, "rotationZ": 0.0 }
					}
				},
				{
					"frame": 8,
					"elements": {
						"origin": {  },
						"head": {  },
						"body1": { "offsetX": 0.0, "offsetY": 0.0, "offsetZ": 0.0, "rotationX": 0.0, "rotationY": 0.0, "rotationZ": 0.0 },
						"body2": { "rotationX": 0.0, "rotationY": 22.5, "rotationZ": 0.0 },
						"body3": { "rotationX": 0.0, "rotationY": 22.5, "rotationZ": 0.0 },
						"body4": { "rotationX": 0.0, "rotationY": -22.5, "rotationZ": 0.0 },
						"body5": { "rotationX": 0.0, "rotationY": -22.5, "rotationZ": 0.0 },
						"body6": { "rotationX": 0.0, "rotationY": -22.5, "rotationZ": 0.0 },
						"body7": { "rotationX": 0.0, "rotationY": 0.0, "rotationZ": 0.0 }
					}
				},
				{
					"frame": 12,
					"elements": {
						"origin": {  },
						"head": {  },
						"body1": { "offsetX": 0.0, "offsetY": 0.0, "offsetZ": 0.0, "rotationX": 0.0, "rotationY": -22.5, "rotationZ": 0.0 },
						"body2": { "rotationX": 0.0, "rotationY": 45.0, "rotationZ": 0.0 },
						"body3": { "rotationX": 0.0, "rotationY": 22.5, "rotationZ": 0.0 },
						"body4": { "rotationX": 0.0, "rotationY": 0.0, "rotationZ": 0.0 },
						"body5": { "rotationX": 0.0, "rotationY": -22.5, "rotationZ": 0.0 },
						"body6": { "rotationX": 0.0, "rotationY": -45.0, "rotationZ": 0.0 },
						"body7": { "rotationX": 0.0, "rotationY": 0.0, "rotationZ": 0.0 }
					}
				},
				{
					"frame": 16,
					"elements": {
						"origin": {  },
						"head": {  },
						"body1": { "offsetX": 0.0, "offsetY": 0.0, "offsetZ": 0.0, "rotationX": 0.0, "rotationY": -45.0, "rotationZ": 0.0 },
						"body2": { "rotationX": 0.0, "rotationY": 45.0, "rotationZ": 0.0 },
						"body3": { "rotationX": 0.0, "rotationY": 22.5, "rotationZ": 0.0 },
						"body4": { "rotationX": 0.0, "rotationY": 22.5, "rotationZ": 0.0 },
						"body5": { "rotationX": 0.0, "rotationY": 0.0, "rotationZ": 0.0 },
						"body6": { "rotationX": 0.0, "rotationY": -45.0, "rotationZ": 0.0 },
						"body7": { "rotationX": 0.0, "rotationY": 0.0, "rotationZ": 0.0 }
					}
				},
				{
					"frame": 20,
					"elements": {
						"origin": {  },
						"head": {  },
						"body1": { "offsetX": 0.0, "offsetY": 0.0, "offsetZ": 0.0, "rotationX": 0.0, "rotationY": -22.5, "rotationZ": 0.0 },
						"body2": { "rotationX": 0.0, "rotationY": 0.0, "rotationZ": 0.0 },
						"body3": { "rotationX": 0.0, "rotationY": 22.5, "rotationZ": 0.0 },
						"body4": { "rotationX": 0.0, "rotationY": 22.5, "rotationZ": 0.0 },
						"body5": { "rotationX": 0.0, "rotationY": 0.0, "rotationZ": 0.0 },
						"body6": { "rotationX": 0.0, "rotationY": 0.0, "rotationZ": 0.0 },
						"body7": { "rotationX": 0.0, "rotationY": 22.5, "rotationZ": 0.0 }
					}
				},
				{
					"frame": 24,
					"elements": {
						"origin": {  },
						"head": {  },
						"body1": { "offsetX": 0.0, "offsetY": 0.0, "offsetZ": 0.0, "rotationX": 0.0, "rotationY": -10.0, "rotationZ": 0.0 },
						"body2": { "rotationX": 0.0, "rotationY": 0.0, "rotationZ": 0.0 },
						"body3": { "rotationX": 0.0, "rotationY": 22.5, "rotationZ": 0.0 },
						"body4": { "rotationX": 0.0, "rotationY": 0.0, "rotationZ": 0.0 },
						"body5": { "rotationX": 0.0, "rotationY": 0.0, "rotationZ": 0.0 },
						"body6": { "rotationX": 0.0, "rotationY": 0.0, "rotationZ": 0.0 },
						"body7": { "rotationX": 0.0, "rotationY": 22.5, "rotationZ": 0.0 }
					}
				}
			]
		},

		{
			"name": "hurt",
			"code": "hurt",
			"quantityframes": 15,
			"onActivityStopped": "EaseOut",
			"onAnimationEnd": "Stop",
			"keyframes": [
				{
					"frame": 0,
					"elements": {
						"origin": {  },
						"head": { "offsetX": 0.0, "offsetY": 0.0, "offsetZ": 0.0, "rotationX": 0.0, "rotationY": 0.0, "rotationZ": 0.0 },
						"botmouth": { "rotationX": 0.0, "rotationY": 0.0, "rotationZ": 0.0 },
						"body1": { "rotationX": 0.0, "rotationY": 0.0, "rotationZ": 0.0 },
						"body2": { "rotationX": 0.0, "rotationY": 0.0, "rotationZ": 0.0 },
						"body3": {  },
						"body4": { "rotationX": 0.0, "rotationY": 0.0, "rotationZ": 0.0 },
						"body5": { "rotationX": 0.0, "rotationY": 0.0, "rotationZ": 0.0 },
						"body6": {  },
						"body7": { "rotationX": 0.0, "rotationY": 0.0, "rotationZ": 0.0 }
					}
				},
				{
					"frame": 5,
					"elements": {
						"origin": {  },
						"head": { "offsetX": 0.0, "offsetY": 0.0, "offsetZ": 0.0, "rotationX": 0.0, "rotationY": 0.0, "rotationZ": 22.5 },
						"body1": { "rotationX": 0.0, "rotationY": 0.0, "rotationZ": -22.5 },
						"body2": { "rotationX": 0.0, "rotationY": 22.5, "rotationZ": 0.0 },
						"body3": {  },
						"body4": { "rotationX": -22.5, "rotationY": -22.5, "rotationZ": 0.0 },
						"body5": { "rotationX": 0.0, "rotationY": -22.5, "rotationZ": 0.0 },
						"botmouth": { "rotationX": 0.0, "rotationY": 0.0, "rotationZ": 5.0 }
					}
				},
				{
					"frame": 10,
					"elements": {
						"origin": {  },
						"head": { "offsetX": 0.0, "offsetY": 0.0, "offsetZ": 0.0, "rotationX": 0.0, "rotationY": 0.0, "rotationZ": 15.0 },
						"botmouth": { "rotationX": 0.0, "rotationY": 0.0, "rotationZ": 2.0 },
						"body1": { "rotationX": 0.0, "rotationY": 0.0, "rotationZ": -15.0 },
						"body2": {  },
						"body3": {  },
						"body4": { "rotationX": 0.0, "rotationY": -22.5, "rotationZ": 0.0 },
						"body5": {  },
						"body6": {  },
						"body7": { "rotationX": 0.0, "rotationY": 22.5, "rotationZ": 0.0 }
					}
				}
			]
		},

		{
			"name": "eat",
			"code": "eat",
			"quantityframes": 30,
			"onActivityStopped": "PlayTillEnd",
			"onAnimationEnd": "Stop",
			"keyframes": [
				{
					"frame": 0,
					"elements": {
						"origin": {  },
						"head": { "rotationX": 0.0, "rotationY": 0.0, "rotationZ": 5.0 },
						"body1": { "rotationX": 0.0, "rotationY": 0.0, "rotationZ": -5.0 },
						"body2": { "rotationX": 0.0, "rotationY": 0.0, "rotationZ": 0.0 },
						"body3": {  },
						"body4": {  },
						"body5": { "rotationX": 0.0, "rotationY": 0.0, "rotationZ": 0.0 },
						"body6": { "rotationX": 0.0, "rotationY": 0.0, "rotationZ": 0.0 },
						"body7": { "rotationX": 0.0, "rotationY": 0.0, "rotationZ": 0.0 },
						"botmouth": { "rotationX": 0.0, "rotationY": 0.0, "rotationZ": 0.0 }
					}
				},
				{
					"frame": 5,
					"elements": {
						"origin": {  },
						"head": { "offsetX": -1.0, "offsetY": 0.0, "offsetZ": 0.0, "rotationX": 0.0, "rotationY": 0.0, "rotationZ": 15.0 },
						"botmouth": { "rotationX": 0.0, "rotationY": 0.0, "rotationZ": 5.0 },
						"body1": { "rotationX": 0.0, "rotationY": -22.5, "rotationZ": -15.0 },
						"body2": { "rotationX": 0.0, "rotationY": 22.5, "rotationZ": 0.0 },
						"body3": { "rotationX": 0.0, "rotationY": 22.5, "rotationZ": 0.0 },
						"body4": {  },
						"body5": {  },
						"body6": {  },
						"body7": { "rotationX": 0.0, "rotationY": 22.5, "rotationZ": 0.0 }
					}
				},
				{
					"frame": 10,
					"elements": {
						"origin": {  },
						"head": { "offsetX": -4.0, "offsetY": -1.0, "offsetZ": 0.0, "rotationX": 0.0, "rotationY": 0.0, "rotationZ": 15.0 },
						"botmouth": { "rotationX": 0.0, "rotationY": 0.0, "rotationZ": 10.0 },
						"body1": { "rotationX": 0.0, "rotationY": -22.5, "rotationZ": -15.0 },
						"body2": { "rotationX": 0.0, "rotationY": 15.0, "rotationZ": 0.0 },
						"body3": { "rotationX": 0.0, "rotationY": 0.0, "rotationZ": 0.0 },
						"body4": {  },
						"body5": { "rotationX": 0.0, "rotationY": -22.5, "rotationZ": 0.0 }
					}
				},
				{
					"frame": 15,
					"elements": {
						"origin": {  },
						"head": { "offsetX": -4.0, "offsetY": 0.0, "offsetZ": 0.0, "rotationX": 0.0, "rotationY": 0.0, "rotationZ": 0.0 },
						"botmouth": { "rotationX": 0.0, "rotationY": 0.0, "rotationZ": 0.0 },
						"body1": { "rotationX": -22.5, "rotationY": -22.5, "rotationZ": 0.0 },
						"body2": { "rotationX": 0.0, "rotationY": 22.5, "rotationZ": 0.0 },
						"body3": { "rotationX": 0.0, "rotationY": 0.0, "rotationZ": 0.0 },
						"body4": {  },
						"body5": { "rotationX": 0.0, "rotationY": -22.5, "rotationZ": 0.0 },
						"body6": { "rotationX": 0.0, "rotationY": -22.5, "rotationZ": 0.0 },
						"body7": { "rotationX": 0.0, "rotationY": 18.0, "rotationZ": 0.0 }
					}
				},
				{
					"frame": 20,
					"elements": {
						"origin": {  },
						"head": { "offsetX": -2.0, "offsetY": 1.0, "offsetZ": 0.0, "rotationX": 0.0, "rotationY": 0.0, "rotationZ": 0.0 },
						"botmouth": { "rotationX": 0.0, "rotationY": 0.0, "rotationZ": 0.0 },
						"body1": { "rotationX": 0.0, "rotationY": -10.0, "rotationZ": 0.0 },
						"body2": { "rotationX": 0.0, "rotationY": 22.5, "rotationZ": 0.0 },
						"body3": { "rotationX": 0.0, "rotationY": 0.0, "rotationZ": 0.0 },
						"body4": {  },
						"body5": { "rotationX": 0.0, "rotationY": -22.5, "rotationZ": 0.0 },
						"body6": { "rotationX": 0.0, "rotationY": -45.0, "rotationZ": 0.0 },
						"body7": { "rotationX": 0.0, "rotationY": 0.0, "rotationZ": 0.0 }
					}
				}
			]
		},

		{
			"name": "idle",
			"code": "iidle",
			"quantityframes": 45,
			"onActivityStopped": "PlayTillEnd",
			"onAnimationEnd": "Repeat",
			"keyframes": [
				{
					"frame": 0,
					"elements": {
						"origin": {  },
						"head": {  },
						"body1": {  },
						"body2": { "rotationX": 0.0, "rotationY": 0.0, "rotationZ": 0.0 },
						"body3": { "rotationX": 0.0, "rotationY": 0.0, "rotationZ": 0.0 },
						"body4": {  },
						"body5": {  },
						"body6": { "rotationX": 0.0, "rotationY": 0.0, "rotationZ": 0.0 },
						"body7": { "rotationX": 0.0, "rotationY": 0.0, "rotationZ": 0.0 }
					}
				},
				{
					"frame": 10,
					"elements": {
						"origin": {  },
						"head": {  },
						"body1": {  },
						"body2": { "rotationX": 0.0, "rotationY": -5.0, "rotationZ": 0.0 },
						"body3": { "rotationX": 0.0, "rotationY": 5.0, "rotationZ": 0.0 },
						"body4": {  },
						"body5": {  },
						"body6": { "rotationX": 0.0, "rotationY": -22.5, "rotationZ": 0.0 },
						"body7": { "rotationX": 0.0, "rotationY": 22.5, "rotationZ": 0.0 }
					}
				},
				{
					"frame": 20,
					"elements": {
						"origin": {  },
						"head": {  },
						"body1": {  },
						"body2": { "rotationX": 0.0, "rotationY": 0.0, "rotationZ": 0.0 },
						"body3": { "rotationX": 0.0, "rotationY": 0.0, "rotationZ": 0.0 },
						"body4": {  },
						"body5": {  },
						"body6": { "rotationX": 0.0, "rotationY": 0.0, "rotationZ": 0.0 },
						"body7": { "rotationX": 0.0, "rotationY": 0.0, "rotationZ": 0.0 }
					}
				},
				{
					"frame": 30,
					"elements": {
						"origin": {  },
						"head": {  },
						"body1": {  },
						"body2": { "rotationX": 0.0, "rotationY": -5.0, "rotationZ": 0.0 },
						"body3": { "rotationX": 0.0, "rotationY": 5.0, "rotationZ": 0.0 },
						"body4": {  },
						"body5": {  },
						"body6": { "rotationX": 0.0, "rotationY": -22.5, "rotationZ": 0.0 },
						"body7": { "rotationX": 0.0, "rotationY": 22.5, "rotationZ": 0.0 }
					}
				}
			]
		},

		{
			"name": "attack",
			"code": "attack",
			"quantityframes": 27,
			"onActivityStopped": "PlayTillEnd",
			"onAnimationEnd": "Stop",
			"keyframes": [
				{
					"frame": 2,
					"elements": {
						"origin": {  },
						"head": { "offsetX": 1.0, "offsetY": 0.0, "offsetZ": 0.0, "rotationX": 0.0, "rotationY": 0.0, "rotationZ": 0.0 },
						"body1": { "rotationX": 0.0, "rotationY": 0.0, "rotationZ": 0.0 },
						"body2": { "rotationX": 0.0, "rotationY": 22.5, "rotationZ": 0.0 },
						"body3": { "rotationX": 0.0, "rotationY": -22.5, "rotationZ": 0.0 },
						"body4": { "rotationX": 0.0, "rotationY": -22.5, "rotationZ": 0.0 },
						"body5": { "rotationX": 0.0, "rotationY": 22.5, "rotationZ": 0.0 },
						"body6": { "rotationX": 0.0, "rotationY": 0.0, "rotationZ": 0.0 },
						"body7": { "rotationX": 0.0, "rotationY": 0.0, "rotationZ": 0.0 },
						"botmouth": { "rotationX": 0.0, "rotationY": 0.0, "rotationZ": 0.0 }
					}
				},
				{
					"frame": 6,
					"elements": {
						"origin": {  },
						"head": { "offsetX": 2.0, "offsetY": 0.0, "offsetZ": 0.0, "rotationX": 0.0, "rotationY": 0.0, "rotationZ": 0.0 },
						"botmouth": { "rotationX": 0.0, "rotationY": 0.0, "rotationZ": 0.0 },
						"body1": { "rotationX": 0.0, "rotationY": -22.5, "rotationZ": 0.0 },
						"body2": { "rotationX": 0.0, "rotationY": 45.0, "rotationZ": 0.0 },
						"body3": { "rotationX": 0.0, "rotationY": 45.0, "rotationZ": 0.0 },
						"body4": { "rotationX": 0.0, "rotationY": -45.0, "rotationZ": 0.0 },
						"body5": { "rotationX": 0.0, "rotationY": -45.0, "rotationZ": 0.0 },
						"body6": { "rotationX": 0.0, "rotationY": 22.5, "rotationZ": 0.0 },
						"body7": { "rotationX": 0.0, "rotationY": 45.0, "rotationZ": 0.0 }
					}
				},
				{
					"frame": 11,
					"elements": {
						"origin": {  },
						"head": { "offsetX": 5.0, "offsetY": 0.0, "offsetZ": 0.0, "rotationX": 0.0, "rotationY": 0.0, "rotationZ": 0.0 },
						"botmouth": { "rotationX": 0.0, "rotationY": 0.0, "rotationZ": 0.0 },
						"body1": { "rotationX": 0.0, "rotationY": -45.0, "rotationZ": 0.0 },
						"body2": { "rotationX": 0.0, "rotationY": 45.0, "rotationZ": 0.0 },
						"body3": { "rotationX": 0.0, "rotationY": 90.0, "rotationZ": 0.0 },
						"body4": { "rotationX": 0.0, "rotationY": -67.5, "rotationZ": 0.0 },
						"body5": { "rotationX": 0.0, "rotationY": -67.5, "rotationZ": 0.0 },
						"body6": { "rotationX": 0.0, "rotationY": 45.0, "rotationZ": 0.0 },
						"body7": { "rotationX": 0.0, "rotationY": 67.5, "rotationZ": 0.0 }
					}
				},
				{
					"frame": 15,
					"elements": {
						"origin": {  },
						"head": { "offsetX": 2.0, "offsetY": 0.0, "offsetZ": 0.0, "rotationX": 0.0, "rotationY": 0.0, "rotationZ": 0.0 },
						"botmouth": { "rotationX": 0.0, "rotationY": 0.0, "rotationZ": 5.0 },
						"body1": { "rotationX": 0.0, "rotationY": -22.5, "rotationZ": 0.0 },
						"body2": { "rotationX": 0.0, "rotationY": 45.0, "rotationZ": 0.0 },
						"body3": { "rotationX": 0.0, "rotationY": 45.0, "rotationZ": 0.0 },
						"body4": { "rotationX": 0.0, "rotationY": -45.0, "rotationZ": 0.0 },
						"body5": { "rotationX": 0.0, "rotationY": -45.0, "rotationZ": 0.0 },
						"body6": { "rotationX": 0.0, "rotationY": 22.5, "rotationZ": 0.0 },
						"body7": { "rotationX": 0.0, "rotationY": 45.0, "rotationZ": 0.0 }
					}
				},
				{
					"frame": 20,
					"elements": {
						"origin": {  },
						"head": { "offsetX": -0.67, "offsetY": 0.5, "offsetZ": 0.0, "rotationX": 0.0, "rotationY": 0.0, "rotationZ": 0.0 },
						"botmouth": { "rotationX": 0.0, "rotationY": 0.0, "rotationZ": 22.5 },
						"body1": { "rotationX": 0.0, "rotationY": 0.0, "rotationZ": 0.0 },
						"body2": { "rotationX": 0.0, "rotationY": 22.5, "rotationZ": 0.0 },
						"body3": { "rotationX": 0.0, "rotationY": -22.5, "rotationZ": 0.0 },
						"body4": { "rotationX": 0.0, "rotationY": -22.5, "rotationZ": 0.0 },
						"body5": { "rotationX": 0.0, "rotationY": 22.5, "rotationZ": 0.0 },
						"body6": { "rotationX": 0.0, "rotationY": 0.0, "rotationZ": 0.0 },
						"body7": { "rotationX": 0.0, "rotationY": 0.0, "rotationZ": 0.0 }
					}
				},
				{
					"frame": 24,
					"elements": {
						"origin": {  },
						"head": { "offsetX": -1.67, "offsetY": 0.5, "offsetZ": 0.0, "rotationX": 0.0, "rotationY": 0.0, "rotationZ": 0.0 },
						"botmouth": { "rotationX": 0.0, "rotationY": 0.0, "rotationZ": 0.0 },
						"body1": { "rotationX": 0.0, "rotationY": -15.0, "rotationZ": 0.0 },
						"body2": { "rotationX": 0.0, "rotationY": 22.5, "rotationZ": 0.0 },
						"body3": { "rotationX": 0.0, "rotationY": 0.0, "rotationZ": 0.0 },
						"body4": { "rotationX": 0.0, "rotationY": 0.0, "rotationZ": 0.0 },
						"body5": { "rotationX": 0.0, "rotationY": 0.0, "rotationZ": 0.0 },
						"body6": { "rotationX": 0.0, "rotationY": -22.5, "rotationZ": 0.0 },
						"body7": { "rotationX": 0.0, "rotationY": 22.5, "rotationZ": 0.0 }
					}
				}
			]
		},

		{
			"name": "dead-floating",
			"code": "dead-floating",
			"quantityframes": 20,
			"onActivityStopped": "PlayTillEnd",
			"onAnimationEnd": "Hold",
			"keyframes": [
				{
					"frame": 0,
					"elements": {
						"origin": {  },
						"head": { "offsetX": 0.0, "offsetY": 0.0, "offsetZ": 0.0, "rotationX": 0.0, "rotationY": 0.0, "rotationZ": -22.5 },
						"botmouth": { "rotationX": 0.0, "rotationY": 0.0, "rotationZ": 5.0 },
						"body1": { "rotationX": 0.0, "rotationY": 0.0, "rotationZ": 0.0 },
						"body2": { "rotationX": 0.0, "rotationY": 0.0, "rotationZ": 22.5 },
						"body3": { "rotationX": 0.0, "rotationY": 0.0, "rotationZ": 5.0 },
						"body4": {  },
						"body5": {  },
						"body6": { "rotationX": 0.0, "rotationY": 0.0, "rotationZ": 0.0 },
						"body7": { "rotationX": 0.0, "rotationY": 0.0, "rotationZ": 0.0 }
					}
				},
				{
					"frame": 4,
					"elements": {
						"origin": {  },
						"head": { "offsetX": 2.0, "offsetY": -3.0, "offsetZ": 0.0, "rotationX": 0.0, "rotationY": 0.0, "rotationZ": -22.5 },
						"botmouth": { "rotationX": 0.0, "rotationY": 0.0, "rotationZ": 5.0 },
						"body1": { "rotationX": 0.0, "rotationY": 0.0, "rotationZ": 0.0 },
						"body2": { "rotationX": 0.0, "rotationY": 0.0, "rotationZ": 22.5 },
						"body3": { "rotationX": 0.0, "rotationY": 0.0, "rotationZ": 5.0 },
						"body4": { "rotationX": 0.0, "rotationY": 0.0, "rotationZ": 5.0 },
						"body5": { "rotationX": 0.0, "rotationY": 0.0, "rotationZ": 22.5 },
						"body6": { "rotationX": 0.0, "rotationY": 0.0, "rotationZ": 22.5 },
						"body7": { "rotationX": 0.0, "rotationY": 0.0, "rotationZ": 22.5 }
					}
				},
				{
					"frame": 6,
					"elements": {
						"origin": {  },
						"head": { "offsetX": 2.0, "offsetY": -6.0, "offsetZ": 0.0, "rotationX": 0.0, "rotationY": 0.0, "rotationZ": 0.0 },
						"botmouth": { "rotationX": 0.0, "rotationY": 0.0, "rotationZ": 0.0 },
						"body1": { "rotationX": 0.0, "rotationY": 0.0, "rotationZ": 0.0 },
						"body2": { "rotationX": 0.0, "rotationY": 0.0, "rotationZ": 0.0 },
						"body3": { "rotationX": 0.0, "rotationY": 0.0, "rotationZ": 0.0 },
						"body4": { "rotationX": 0.0, "rotationY": 0.0, "rotationZ": 5.0 },
						"body5": { "rotationX": 0.0, "rotationY": 0.0, "rotationZ": 0.0 },
						"body6": { "rotationX": 0.0, "rotationY": 0.0, "rotationZ": 0.0 },
						"body7": { "rotationX": 0.0, "rotationY": 0.0, "rotationZ": 0.0 }
					}
				}
			]
		},

		{
			"name": "dead-land",
			"code": "dead-land",
			"quantityframes": 5,
			"onActivityStopped": "PlayTillEnd",
			"onAnimationEnd": "Hold",
			"keyframes": [
				{
					"frame": 0,
					"elements": {
						"origin": {  },
						"head": { "offsetX": 0.0, "offsetY": -6.0, "offsetZ": 6.0, "rotationX": 90.0, "rotationY": 0.0, "rotationZ": 0.0 },
						"body1": { "rotationX": 0.0, "rotationY": -15.0, "rotationZ": 0.0 },
						"body2": { "rotationX": 0.0, "rotationY": 15.0, "rotationZ": 0.0 },
						"body3": { "rotationX": 0.0, "rotationY": 15.0, "rotationZ": 0.0 },
						"body4": {  },
						"body5": { "rotationX": 0.0, "rotationY": -15.0, "rotationZ": 0.0 },
						"body6": { "rotationX": 0.0, "rotationY": -15.0, "rotationZ": 0.0 },
						"body7": { "rotationX": 0.0, "rotationY": 15.0, "rotationZ": 0.0 }
					}
				}
			]
		},

		{
			"name": "idle-land",
			"code": "idle-land",
			"quantityframes": 30,
			"onActivityStopped": "EaseOut",
			"onAnimationEnd": "Repeat",
			"keyframes": [
				{
					"frame": 0,
					"elements": {
						"origin": {  },
						"head": { "offsetX": 0.0, "offsetY": 0.0, "offsetZ": 6.0, "rotationX": 90.0, "rotationY": 0.0, "rotationZ": 0.0 },
						"body1": { "rotationX": 0.0, "rotationY": -15.0, "rotationZ": 0.0 },
						"body2": { "rotationX": 0.0, "rotationY": 15.0, "rotationZ": 0.0 },
						"body3": { "rotationX": 0.0, "rotationY": 15.0, "rotationZ": 0.0 },
						"body4": {  },
						"body5": { "rotationX": 0.0, "rotationY": -15.0, "rotationZ": 0.0 },
						"body6": { "rotationX": 0.0, "rotationY": -15.0, "rotationZ": 0.0 },
						"body7": { "rotationX": 0.0, "rotationY": 15.0, "rotationZ": 0.0 },
						"botmouth": { "rotationX": 0.0, "rotationY": 0.0, "rotationZ": 0.0 }
					}
				},
				{
					"frame": 10,
					"elements": {
						"origin": {  },
						"head": { "offsetX": 0.0, "offsetY": 0.0, "offsetZ": 6.0, "rotationX": 85.0, "rotationY": 0.0, "rotationZ": 0.0 },
						"botmouth": { "rotationX": 0.0, "rotationY": 0.0, "rotationZ": 5.0 },
						"body1": { "rotationX": 0.0, "rotationY": -15.0, "rotationZ": 0.0 },
						"body2": { "rotationX": 0.0, "rotationY": 15.0, "rotationZ": 0.0 },
						"body3": { "rotationX": 0.0, "rotationY": 15.0, "rotationZ": 0.0 },
						"body4": {  },
						"body5": { "rotationX": 0.0, "rotationY": -15.0, "rotationZ": 0.0 },
						"body6": { "rotationX": 0.0, "rotationY": -15.0, "rotationZ": 0.0 },
						"body7": { "rotationX": 0.0, "rotationY": 15.0, "rotationZ": 0.0 }
					}
				}
			]
		},

		{
			"name": "flopping",
			"code": "flopping",
			"quantityframes": 25,
			"onActivityStopped": "PlayTillEnd",
			"onAnimationEnd": "Repeat",
			"keyframes": [
				{
					"frame": 0,
					"elements": {
						"origin": {  },
						"head": { "offsetX": 0.0, "offsetY": 0.0, "offsetZ": 6.0, "rotationX": 90.0, "rotationY": 0.0, "rotationZ": 0.0 },
						"body1": { "rotationX": 0.0, "rotationY": -15.0, "rotationZ": 0.0 },
						"body2": { "rotationX": 0.0, "rotationY": 15.0, "rotationZ": 0.0 },
						"body3": { "rotationX": 0.0, "rotationY": 15.0, "rotationZ": 0.0 },
						"body4": {  },
						"body5": { "rotationX": 0.0, "rotationY": -15.0, "rotationZ": 0.0 },
						"body6": { "rotationX": 0.0, "rotationY": -15.0, "rotationZ": 0.0 },
						"body7": { "rotationX": 0.0, "rotationY": 22.5, "rotationZ": 0.0 }
					}
				},
				{
					"frame": 4,
					"elements": {
						"origin": {  },
						"head": { "offsetX": 0.0, "offsetY": 0.0, "offsetZ": 6.0, "rotationX": 90.0, "rotationY": 0.0, "rotationZ": 0.0 },
						"body1": { "rotationX": 0.0, "rotationY": 2.0, "rotationZ": 0.0 },
						"body2": { "rotationX": 0.0, "rotationY": 0.0, "rotationZ": 0.0 },
						"body3": { "rotationX": 0.0, "rotationY": 0.0, "rotationZ": 0.0 },
						"body4": { "rotationX": 0.0, "rotationY": 0.0, "rotationZ": 0.0 },
						"body5": { "rotationX": 0.0, "rotationY": 0.0, "rotationZ": 0.0 },
						"body6": { "rotationX": 0.0, "rotationY": 0.0, "rotationZ": 0.0 },
						"body7": { "rotationX": 0.0, "rotationY": 0.0, "rotationZ": 0.0 }
					}
				},
				{
					"frame": 8,
					"elements": {
						"origin": {  },
						"head": { "offsetX": 0.0, "offsetY": 0.0, "offsetZ": 4.0, "rotationX": 90.0, "rotationY": 22.5, "rotationZ": 0.0 },
						"body1": { "rotationX": 0.0, "rotationY": 2.0, "rotationZ": 0.0 },
						"body2": { "rotationX": 0.0, "rotationY": 0.0, "rotationZ": 0.0 },
						"body3": { "rotationX": 0.0, "rotationY": 0.0, "rotationZ": 0.0 },
						"body4": { "rotationX": 0.0, "rotationY": -22.5, "rotationZ": 0.0 },
						"body5": { "rotationX": 0.0, "rotationY": -22.5, "rotationZ": 0.0 },
						"body6": { "rotationX": 0.0, "rotationY": -22.5, "rotationZ": 0.0 },
						"body7": { "rotationX": 0.0, "rotationY": 0.0, "rotationZ": 0.0 }
					}
				},
				{
					"frame": 13,
					"elements": {
						"origin": {  },
						"head": { "offsetX": 0.0, "offsetY": 0.0, "offsetZ": 5.0, "rotationX": 90.0, "rotationY": 22.5, "rotationZ": 0.0 },
						"body1": { "rotationX": 0.0, "rotationY": -22.5, "rotationZ": 0.0 },
						"body2": { "rotationX": 0.0, "rotationY": 22.5, "rotationZ": 0.0 },
						"body3": { "rotationX": 0.0, "rotationY": 22.5, "rotationZ": 0.0 },
						"body4": { "rotationX": 0.0, "rotationY": 0.0, "rotationZ": 0.0 },
						"body5": { "rotationX": 0.0, "rotationY": -22.5, "rotationZ": 0.0 },
						"body6": { "rotationX": 0.0, "rotationY": -22.5, "rotationZ": 0.0 },
						"body7": { "rotationX": 0.0, "rotationY": 0.0, "rotationZ": 0.0 }
					}
				},
				{
					"frame": 16,
					"elements": {
						"origin": {  },
						"head": { "offsetX": 1.0, "offsetY": 0.0, "offsetZ": 6.0, "rotationX": 90.0, "rotationY": -15.0, "rotationZ": 0.0 },
						"body1": { "rotationX": 0.0, "rotationY": 0.0, "rotationZ": 0.0 },
						"body2": { "rotationX": 0.0, "rotationY": 15.0, "rotationZ": 0.0 },
						"body3": { "rotationX": 0.0, "rotationY": 22.5, "rotationZ": 0.0 },
						"body4": { "rotationX": 0.0, "rotationY": 0.0, "rotationZ": 0.0 },
						"body5": { "rotationX": 0.0, "rotationY": 0.0, "rotationZ": 0.0 },
						"body6": { "rotationX": 0.0, "rotationY": 0.0, "rotationZ": 0.0 },
						"body7": { "rotationX": 0.0, "rotationY": 22.5, "rotationZ": 0.0 }
					}
				}
			]
		}
	]
}