{
	"editor": {
		"allAngles": false,
		"entityTextureMode": false
	},
	"textureWidth": 16,
	"textureHeight": 16,
	"textureSizes": {
	},
	"textures": {
		"stingrayskin1": "entity/water/stingray/stingrayskin1"
	},
	"elements": [
		{
			"name": "root",
			"from": [ 6.0, 7.0, 8.0 ], 
			"to": [ 6.0, 7.0, 8.0 ], 
			"rotationOrigin": [ 6.0, 7.0, 8.0 ],
			"faces": {
				"north": { "texture": "#stingrayskin1", "uv": [ 0.0, 0.0, 0.5, 0.5 ] },
				"east": { "texture": "#null", "uv": [ 0.0, 0.0, 0.5, 0.5 ] },
				"south": { "texture": "#null", "uv": [ 0.0, 0.0, 0.5, 0.5 ] },
				"west": { "texture": "#null", "uv": [ 0.0, 0.0, 0.5, 0.5 ] },
				"up": { "texture": "#null", "uv": [ 0.0, 0.0, 0.5, 0.5 ] },
				"down": { "texture": "#null", "uv": [ 0.0, 0.0, 0.5, 0.5 ] }
			},
			"children": [
				{
					"name": "body",
					"from": [ -8.0, -1.0, -4.5 ], 
					"to": [ 3.0, 1.0, 5.5 ], 
					"rotationOrigin": [ -8.0, -1.0, -4.0 ],
					"faces": {
						"north": { "texture": "#stingrayskin1", "uv": [ 2.5, 8.0, 4.5, 12.5 ], "autoUv": false },
						"east": { "texture": "#stingrayskin1", "uv": [ 3.0, 8.25, 4.75, 12.25 ], "autoUv": false },
						"south": { "texture": "#stingrayskin1", "uv": [ 2.25, 8.25, 4.25, 12.25 ], "rotation": 270, "autoUv": false },
						"west": { "texture": "#stingrayskin1", "uv": [ 0.5, 6.0, 3.75, 6.75 ], "autoUv": false },
						"up": { "texture": "#stingrayskin1", "uv": [ 5.5, 8.0, 10.75, 10.75 ], "rotation": 90, "autoUv": false },
						"down": { "texture": "#stingrayskin1", "uv": [ 8.0, 0.25, 15.75, 7.75 ], "rotation": 90, "autoUv": false }
					},
					"children": [
						{
							"name": "Cube5",
							"from": [ 11.0, 0.0, -1.0 ], 
							"to": [ 28.0, 2.0, 11.0 ], 
							"rotationOrigin": [ 11.0, 0.0, -0.5 ],
							"faces": {
								"north": { "texture": "#stingrayskin1", "uv": [ 1.75, 8.25, 2.75, 15.25 ], "autoUv": false },
								"east": { "texture": "#stingrayskin1", "uv": [ 2.0, 8.5, 2.5, 15.5 ], "autoUv": false },
								"south": { "texture": "#stingrayskin1", "uv": [ 2.0, 8.25, 3.0, 15.25 ], "autoUv": false },
								"west": { "texture": "#stingrayskin1", "uv": [ 1.75, 9.25, 2.75, 15.75 ], "autoUv": false },
								"up": { "texture": "#stingrayskin1", "uv": [ 5.0, 9.0, 11.25, 15.75 ], "rotation": 90, "autoUv": false },
								"down": { "texture": "#stingrayskin1", "uv": [ 10.5, 2.75, 13.25, 6.5 ], "autoUv": false }
							},
							"children": [
								{
									"name": "Cube9",
									"from": [ 17.0, 0.6, 0.5 ], 
									"to": [ 27.0, 2.04, 11.5 ], 
									"rotationOrigin": [ 17.0, 0.0, 0.5 ],
									"faces": {
										"north": { "texture": "#stingrayskin1", "uv": [ 2.25, 8.25, 3.5, 15.75 ], "autoUv": false },
										"east": { "texture": "#stingrayskin1", "uv": [ 2.25, 8.25, 3.5, 15.5 ], "autoUv": false },
										"south": { "texture": "#stingrayskin1", "uv": [ 2.0, 8.5, 3.0, 15.5 ], "autoUv": false },
										"west": { "texture": "#stingrayskin1", "uv": [ 2.25, 8.25, 3.25, 15.75 ], "autoUv": false },
										"up": { "texture": "#stingrayskin1", "uv": [ 4.75, 8.0, 11.5, 11.75 ], "rotation": 90, "autoUv": false },
										"down": { "texture": "#stingrayskin1", "uv": [ 10.5, 3.75, 13.25, 6.5 ], "rotation": 90, "autoUv": false }
									},
									"children": [
										{
											"name": "Cube12",
											"from": [ 7.0, 0.1, 1.5 ], 
											"to": [ 21.0, 1.34, 9.5 ], 
											"rotationOrigin": [ 10.0, 0.4, 2.0 ],
											"faces": {
												"north": { "texture": "#stingrayskin1", "uv": [ 2.0, 8.75, 2.75, 15.0 ], "autoUv": false },
												"east": { "texture": "#stingrayskin1", "uv": [ 2.5, 8.5, 3.5, 14.5 ], "autoUv": false },
												"south": { "texture": "#stingrayskin1", "uv": [ 2.5, 8.75, 3.5, 15.5 ], "autoUv": false },
												"west": { "texture": "#stingrayskin1", "uv": [ 2.75, 8.75, 3.5, 15.5 ], "autoUv": false },
												"up": { "texture": "#stingrayskin1", "uv": [ 5.75, 8.25, 10.25, 11.25 ], "rotation": 90, "autoUv": false },
												"down": { "texture": "#stingrayskin1", "uv": [ 5.0, 0.25, 7.75, 3.0 ], "autoUv": false }
											},
											"children": [
												{
													"name": "Cube13",
													"from": [ 14.0, 0.3, 1.5 ], 
													"to": [ 25.0, 1.3, 6.5 ], 
													"rotationOrigin": [ 14.0, 0.3, 1.5 ],
													"faces": {
														"north": { "texture": "#stingrayskin1", "uv": [ 2.75, 8.25, 3.25, 15.25 ], "autoUv": false },
														"east": { "texture": "#stingrayskin1", "uv": [ 3.5, 8.25, 4.25, 11.5 ], "autoUv": false },
														"south": { "texture": "#stingrayskin1", "uv": [ 3.0, 8.5, 3.5, 15.5 ], "autoUv": false },
														"west": { "texture": "#stingrayskin1", "uv": [ 3.25, 8.25, 4.0, 11.5 ], "autoUv": false },
														"up": { "texture": "#stingrayskin1", "uv": [ 6.25, 8.25, 9.0, 11.0 ], "rotation": 90, "autoUv": false },
														"down": { "texture": "#stingrayskin1", "uv": [ 4.75, 0.25, 8.0, 3.75 ], "autoUv": false }
													},
													"children": [
														{
															"name": "Cube17",
															"from": [ 11.0, 0.0, 0.7 ], 
															"to": [ 23.0, 1.0, 4.2 ], 
															"rotationOrigin": [ 11.0, 0.0, 0.0 ],
															"faces": {
																"north": { "texture": "#stingrayskin1", "uv": [ 1.75, 8.5, 2.25, 12.75 ], "autoUv": false },
																"east": { "texture": "#stingrayskin1", "uv": [ 3.25, 8.25, 3.75, 11.5 ], "autoUv": false },
																"south": { "texture": "#stingrayskin1", "uv": [ 3.75, 8.5, 4.0, 12.25 ], "autoUv": false },
																"west": { "texture": "#stingrayskin1", "uv": [ 2.0, 9.25, 2.5, 12.0 ], "autoUv": false },
																"up": { "texture": "#stingrayskin1", "uv": [ 0.25, 2.0, 3.75, 5.0 ], "rotation": 90, "autoUv": false },
																"down": { "texture": "#stingrayskin1", "uv": [ 4.75, 0.25, 7.75, 3.5 ], "autoUv": false }
															},
															"children": [
																{
																	"name": "Cube35",
																	"from": [ 12.0, 0.2, 1.0 ], 
																	"to": [ 24.0, 1.0, 2.5 ], 
																	"rotationOrigin": [ 12.0, 0.0, 0.3 ],
																	"faces": {
																		"north": { "texture": "#stingrayskin1", "uv": [ 2.25, 8.25, 2.75, 12.25 ], "autoUv": false },
																		"east": { "texture": "#stingrayskin1", "uv": [ 2.75, 8.75, 4.25, 9.5 ] },
																		"south": { "texture": "#stingrayskin1", "uv": [ 2.0, 8.5, 3.0, 12.0 ], "autoUv": false },
																		"west": { "texture": "#stingrayskin1", "uv": [ 2.0, 9.0, 3.5, 9.75 ] },
																		"up": { "texture": "#stingrayskin1", "uv": [ 0.5, 2.25, 4.0, 4.25 ], "autoUv": false },
																		"down": { "texture": "#stingrayskin1", "uv": [ 4.75, 0.25, 7.25, 1.75 ], "autoUv": false }
																	},
																	"children": [
																		{
																			"name": "Cube36",
																			"from": [ 12.0, 0.3, 0.3 ], 
																			"to": [ 20.0, 0.8, 0.8 ], 
																			"rotationOrigin": [ 12.0, -0.2, 0.3 ],
																			"faces": {
																				"north": { "texture": "#stingrayskin1", "uv": [ 2.5, 9.0, 3.0, 11.5 ], "autoUv": false },
																				"east": { "texture": "#stingrayskin1", "uv": [ 2.25, 8.5, 2.75, 9.0 ] },
																				"south": { "texture": "#stingrayskin1", "uv": [ 2.25, 8.75, 2.75, 12.0 ], "autoUv": false },
																				"west": { "texture": "#stingrayskin1", "uv": [ 2.5, 8.5, 3.0, 9.0 ] },
																				"up": { "texture": "#stingrayskin1", "uv": [ 0.25, 2.5, 4.0, 3.0 ], "autoUv": false },
																				"down": { "texture": "#stingrayskin1", "uv": [ 4.75, 0.5, 6.25, 2.0 ], "autoUv": false }
																			}
																		}
																	]
																}
															]
														}
													]
												}
											]
										}
									]
								}
							]
						},
						{
							"name": "leye",
							"from": [ 3.0, 2.0, 7.5 ], 
							"to": [ 7.0, 2.5, 9.5 ], 
							"rotationOrigin": [ 3.0, 2.0, 7.5 ],
							"faces": {
								"north": { "texture": "#stingrayskin1", "uv": [ 0.0, 2.25, 4.0, 2.75 ] },
								"east": { "texture": "#stingrayskin1", "uv": [ 0.25, 2.25, 2.25, 2.75 ] },
								"south": { "texture": "#stingrayskin1", "uv": [ 0.0, 2.5, 4.0, 3.0 ] },
								"west": { "texture": "#stingrayskin1", "uv": [ 0.5, 2.25, 2.5, 2.75 ] },
								"up": { "texture": "#stingrayskin1", "uv": [ 0.25, 2.25, 4.25, 4.25 ] },
								"down": { "texture": "#stingrayskin1", "uv": [ 0.0, 2.75, 4.0, 4.75 ] }
							},
							"children": [
								{
									"name": "Cube32",
									"from": [ 1.0, 0.5, 0.5 ], 
									"to": [ 3.0, 1.3, 2.0 ], 
									"rotationOrigin": [ 2.0, 0.0, 0.0 ],
									"faces": {
										"north": { "texture": "#stingrayskin1", "uv": [ 0.0, 2.25, 2.0, 3.0 ] },
										"east": { "texture": "#stingrayskin1", "uv": [ 0.5, 2.0, 2.0, 2.75 ] },
										"south": { "texture": "#stingrayskin1", "uv": [ 1.25, 0.75, 3.0, 2.0 ], "autoUv": false },
										"west": { "texture": "#stingrayskin1", "uv": [ 0.25, 2.25, 1.75, 3.0 ] },
										"up": { "texture": "#stingrayskin1", "uv": [ 0.25, 2.5, 2.25, 4.0 ] },
										"down": { "texture": "#stingrayskin1", "uv": [ 0.25, 2.0, 2.25, 3.5 ] }
									}
								}
							]
						},
						{
							"name": "Cube2",
							"from": [ -1.0, 0.0, 1.0 ], 
							"to": [ 0.0, 1.0, 9.0 ], 
							"rotationOrigin": [ -1.0, 0.0, 1.0 ],
							"faces": {
								"north": { "texture": "#stingrayskin1", "uv": [ 0.75, 2.0, 1.75, 3.0 ] },
								"east": { "texture": "#stingrayskin1", "uv": [ 0.25, 2.25, 4.0, 3.25 ], "autoUv": false },
								"south": { "texture": "#stingrayskin1", "uv": [ 0.0, 2.0, 1.0, 3.0 ] },
								"west": { "texture": "#stingrayskin1", "uv": [ 0.5, 2.25, 4.0, 2.75 ], "autoUv": false },
								"up": { "texture": "#stingrayskin1", "uv": [ 0.25, 2.25, 2.25, 3.5 ], "autoUv": false },
								"down": { "texture": "#stingrayskin1", "uv": [ 4.75, 0.25, 6.75, 1.25 ], "autoUv": false }
							}
						},
						{
							"name": "reye",
							"from": [ 3.0, 2.0, 0.5 ], 
							"to": [ 7.0, 2.5, 2.5 ], 
							"rotationOrigin": [ 3.0, 2.0, 0.5 ],
							"faces": {
								"north": { "texture": "#stingrayskin1", "uv": [ 0.0, 2.5, 4.0, 3.0 ] },
								"east": { "texture": "#stingrayskin1", "uv": [ 0.5, 2.25, 2.5, 2.75 ] },
								"south": { "texture": "#stingrayskin1", "uv": [ 0.25, 2.25, 4.25, 2.75 ] },
								"west": { "texture": "#stingrayskin1", "uv": [ 0.75, 2.25, 2.75, 2.75 ] },
								"up": { "texture": "#stingrayskin1", "uv": [ 0.25, 2.25, 4.25, 4.25 ] },
								"down": { "texture": "#stingrayskin1", "uv": [ 0.25, 2.25, 4.25, 4.25 ] }
							},
							"children": [
								{
									"name": "Cube34",
									"from": [ 1.0, 0.5, 0.0 ], 
									"to": [ 3.0, 1.3, 1.5 ], 
									"rotationOrigin": [ 2.0, 0.0, 0.0 ],
									"faces": {
										"north": { "texture": "#stingrayskin1", "uv": [ 1.25, 0.75, 2.75, 1.75 ], "autoUv": false },
										"east": { "texture": "#stingrayskin1", "uv": [ 0.25, 2.0, 1.75, 2.75 ] },
										"south": { "texture": "#stingrayskin1", "uv": [ 0.5, 2.0, 2.5, 2.75 ] },
										"west": { "texture": "#stingrayskin1", "uv": [ 0.5, 2.5, 2.0, 3.25 ] },
										"up": { "texture": "#stingrayskin1", "uv": [ 0.5, 2.5, 2.5, 4.0 ] },
										"down": { "texture": "#stingrayskin1", "uv": [ 0.75, 2.25, 2.75, 3.75 ] }
									}
								}
							]
						}
					]
				},
				{
					"name": "rwing",
					"from": [ 0.0, -0.1, 0.0 ], 
					"to": [ 0.0, -0.1, 0.0 ], 
					"rotationOrigin": [ 0.0, -1.0, 0.0 ],
					"faces": {
						"north": { "texture": "#null", "uv": [ 0.0, 0.0, 0.5, 0.5 ] },
						"east": { "texture": "#null", "uv": [ 0.0, 0.0, 0.5, 0.5 ] },
						"south": { "texture": "#null", "uv": [ 0.0, 0.0, 0.5, 0.5 ] },
						"west": { "texture": "#null", "uv": [ 0.0, 0.0, 0.5, 0.5 ] },
						"up": { "texture": "#null", "uv": [ 0.0, 0.0, 0.5, 0.5 ] },
						"down": { "texture": "#null", "uv": [ 0.0, 0.0, 0.5, 0.5 ] }
					},
					"children": [
						{
							"name": "Rin1",
							"from": [ -7.0, 0.0, -13.0 ], 
							"to": [ 1.0, 1.0, -4.0 ], 
							"rotationOrigin": [ -7.0, 0.0, -13.0 ],
							"faces": {
								"north": { "texture": "#stingrayskin1", "uv": [ 0.25, 6.5, 4.25, 7.5 ], "autoUv": false },
								"east": { "texture": "#stingrayskin1", "uv": [ 0.25, 6.75, 4.25, 7.5 ], "autoUv": false },
								"south": { "texture": "#stingrayskin1", "uv": [ 0.25, 6.75, 4.25, 7.5 ], "autoUv": false },
								"west": { "texture": "#stingrayskin1", "uv": [ 0.25, 6.75, 4.0, 7.5 ], "autoUv": false },
								"up": { "texture": "#stingrayskin1", "uv": [ 0.5, 3.75, 4.25, 6.25 ], "rotation": 180, "autoUv": false },
								"down": { "texture": "#stingrayskin1", "uv": [ 4.75, 0.25, 8.5, 4.5 ], "autoUv": false }
							},
							"children": [
								{
									"name": "REdge1",
									"from": [ 1.3, -0.01, -8.0 ], 
									"to": [ 10.3, 0.99, 1.0 ], 
									"rotationOrigin": [ 3.0, 0.0, -2.0 ],
									"rotationY": -22.5,
									"faces": {
										"north": { "texture": "#stingrayskin1", "uv": [ 0.5, 6.5, 4.0, 7.25 ], "autoUv": false },
										"east": { "texture": "#stingrayskin1", "uv": [ 0.25, 6.5, 4.0, 7.25 ], "autoUv": false },
										"south": { "texture": "#stingrayskin1", "uv": [ 0.0, 6.75, 4.25, 7.25 ], "autoUv": false },
										"west": { "texture": "#stingrayskin1", "uv": [ 0.25, 6.75, 4.0, 7.75 ], "autoUv": false },
										"up": { "texture": "#stingrayskin1", "uv": [ 0.5, 5.5, 4.0, 7.75 ], "rotation": 180, "autoUv": false },
										"down": { "texture": "#stingrayskin1", "uv": [ 4.75, 0.25, 8.25, 3.5 ], "autoUv": false }
									}
								}
							]
						},
						{
							"name": "REdge5",
							"from": [ 20.0, -0.02, -8.8 ], 
							"to": [ 32.0, 0.94, -1.8 ], 
							"rotationOrigin": [ 22.0, -1.0, -3.0 ],
							"rotationY": -19.0,
							"faces": {
								"north": { "texture": "#stingrayskin1", "uv": [ 0.25, 7.0, 4.0, 7.5 ], "autoUv": false },
								"east": { "texture": "#stingrayskin1", "uv": [ 0.25, 7.0, 4.25, 7.75 ], "autoUv": false },
								"south": { "texture": "#stingrayskin1", "uv": [ 0.25, 7.0, 3.75, 7.75 ], "autoUv": false },
								"west": { "texture": "#stingrayskin1", "uv": [ 0.25, 7.0, 4.25, 7.75 ], "autoUv": false },
								"up": { "texture": "#stingrayskin1", "uv": [ 0.25, 5.5, 3.75, 7.5 ], "rotation": 90, "autoUv": false },
								"down": { "texture": "#stingrayskin1", "uv": [ 5.0, 0.25, 8.5, 3.75 ], "autoUv": false }
							}
						},
						{
							"name": "REdge7",
							"from": [ 37.0, 0.0, -3.0 ], 
							"to": [ 50.0, 1.0, -1.0 ], 
							"rotationOrigin": [ 43.0, 0.0, 0.0 ],
							"rotationY": -9.0,
							"faces": {
								"north": { "texture": "#stingrayskin1", "uv": [ 0.25, 6.75, 4.25, 7.75 ], "autoUv": false },
								"east": { "texture": "#stingrayskin1", "uv": [ 0.75, 6.75, 2.75, 7.75 ] },
								"south": { "texture": "#stingrayskin1", "uv": [ 0.25, 6.5, 4.0, 7.5 ], "autoUv": false },
								"west": { "texture": "#stingrayskin1", "uv": [ 1.25, 6.75, 3.25, 7.75 ] },
								"up": { "texture": "#stingrayskin1", "uv": [ 0.5, 5.5, 3.75, 7.0 ], "autoUv": false },
								"down": { "texture": "#stingrayskin1", "uv": [ 4.75, 0.25, 8.25, 3.75 ], "autoUv": false }
							}
						},
						{
							"name": "Rin2",
							"from": [ 1.0, 0.0, -11.0 ], 
							"to": [ 9.0, 1.0, -1.0 ], 
							"rotationOrigin": [ 4.0, 0.0, -3.0 ],
							"faces": {
								"north": { "texture": "#stingrayskin1", "uv": [ 0.25, 6.75, 4.25, 7.5 ], "autoUv": false },
								"east": { "texture": "#stingrayskin1", "uv": [ 0.25, 6.75, 4.25, 7.75 ], "autoUv": false },
								"south": { "texture": "#stingrayskin1", "uv": [ 0.25, 6.75, 4.0, 7.5 ], "autoUv": false },
								"west": { "texture": "#stingrayskin1", "uv": [ 0.25, 6.75, 4.0, 7.25 ], "autoUv": false },
								"up": { "texture": "#stingrayskin1", "uv": [ 0.25, 2.5, 4.0, 6.0 ], "rotation": 180, "autoUv": false },
								"down": { "texture": "#stingrayskin1", "uv": [ 4.75, 0.25, 8.5, 4.25 ], "autoUv": false }
							},
							"children": [
								{
									"name": "REdge2",
									"from": [ 1.0, -0.01, -5.7 ], 
									"to": [ 10.0, 0.99, 3.3 ], 
									"rotationOrigin": [ 5.0, 1.0, 1.0 ],
									"rotationY": -22.5,
									"faces": {
										"north": { "texture": "#stingrayskin1", "uv": [ 0.0, 7.0, 4.0, 7.5 ], "autoUv": false },
										"east": { "texture": "#stingrayskin1", "uv": [ 0.25, 6.75, 4.0, 7.5 ], "autoUv": false },
										"south": { "texture": "#stingrayskin1", "uv": [ 0.25, 6.75, 4.0, 7.25 ], "autoUv": false },
										"west": { "texture": "#stingrayskin1", "uv": [ 0.25, 6.75, 3.75, 7.25 ], "autoUv": false },
										"up": { "texture": "#stingrayskin1", "uv": [ 0.25, 5.25, 4.25, 7.75 ], "rotation": 180, "autoUv": false },
										"down": { "texture": "#stingrayskin1", "uv": [ 4.75, 0.25, 8.25, 3.5 ], "autoUv": false }
									}
								}
							]
						},
						{
							"name": "Rin3",
							"from": [ 8.0, -0.02, -9.0 ], 
							"to": [ 16.0, 0.98, -1.0 ], 
							"rotationOrigin": [ 11.0, 0.0, -4.0 ],
							"faces": {
								"north": { "texture": "#stingrayskin1", "uv": [ 0.25, 7.0, 3.75, 7.75 ], "autoUv": false },
								"east": { "texture": "#stingrayskin1", "uv": [ 0.25, 6.5, 4.0, 7.0 ], "autoUv": false },
								"south": { "texture": "#stingrayskin1", "uv": [ 0.5, 6.75, 4.25, 7.75 ], "autoUv": false },
								"west": { "texture": "#stingrayskin1", "uv": [ 0.25, 7.0, 3.75, 7.5 ], "autoUv": false },
								"up": { "texture": "#stingrayskin1", "uv": [ 0.25, 2.75, 4.0, 6.0 ], "rotation": 180, "autoUv": false },
								"down": { "texture": "#stingrayskin1", "uv": [ 4.75, 0.25, 8.5, 4.0 ], "autoUv": false }
							},
							"children": [
								{
									"name": "REdge3",
									"from": [ 2.0, -0.01, -2.0 ], 
									"to": [ 9.0, 0.97, 5.0 ], 
									"rotationOrigin": [ 9.0, 0.0, 3.0 ],
									"rotationY": -22.5,
									"faces": {
										"north": { "texture": "#stingrayskin1", "uv": [ 0.25, 7.0, 4.25, 7.75 ], "autoUv": false },
										"east": { "texture": "#stingrayskin1", "uv": [ 0.25, 7.0, 4.25, 7.75 ], "autoUv": false },
										"south": { "texture": "#stingrayskin1", "uv": [ 0.25, 7.0, 4.0, 7.75 ], "autoUv": false },
										"west": { "texture": "#stingrayskin1", "uv": [ 0.25, 6.75, 3.5, 7.5 ], "autoUv": false },
										"up": { "texture": "#stingrayskin1", "uv": [ 0.25, 4.5, 4.25, 7.75 ], "rotation": 180, "autoUv": false },
										"down": { "texture": "#stingrayskin1", "uv": [ 4.75, 0.0, 8.0, 3.25 ], "autoUv": false }
									}
								}
							]
						},
						{
							"name": "REdge4",
							"from": [ 16.0, 0.0, -10.0 ], 
							"to": [ 24.0, 0.98, -3.0 ], 
							"rotationOrigin": [ 19.0, 0.0, -3.0 ],
							"rotationY": -22.5,
							"faces": {
								"north": { "texture": "#stingrayskin1", "uv": [ 0.5, 7.0, 4.0, 7.5 ], "autoUv": false },
								"east": { "texture": "#stingrayskin1", "uv": [ 0.25, 7.0, 4.25, 7.75 ], "autoUv": false },
								"south": { "texture": "#stingrayskin1", "uv": [ 0.25, 7.0, 4.0, 7.75 ], "autoUv": false },
								"west": { "texture": "#stingrayskin1", "uv": [ 0.5, 7.0, 3.75, 7.5 ], "autoUv": false },
								"up": { "texture": "#stingrayskin1", "uv": [ 0.25, 4.0, 4.0, 7.75 ], "rotation": 180, "autoUv": false },
								"down": { "texture": "#stingrayskin1", "uv": [ 4.75, 0.25, 8.25, 3.25 ], "autoUv": false }
							}
						},
						{
							"name": "REdge6",
							"from": [ 29.5, -0.03, -5.5 ], 
							"to": [ 36.5, 0.93, 1.5 ], 
							"rotationOrigin": [ 32.0, -1.0, -1.0 ],
							"rotationY": -19.0,
							"faces": {
								"north": { "texture": "#stingrayskin1", "uv": [ 0.25, 6.5, 4.0, 7.25 ], "autoUv": false },
								"east": { "texture": "#stingrayskin1", "uv": [ 0.25, 6.75, 4.25, 7.25 ], "autoUv": false },
								"south": { "texture": "#stingrayskin1", "uv": [ 0.25, 6.75, 4.0, 7.25 ], "autoUv": false },
								"west": { "texture": "#stingrayskin1", "uv": [ 0.25, 6.75, 4.0, 7.5 ], "autoUv": false },
								"up": { "texture": "#stingrayskin1", "uv": [ 0.5, 4.75, 4.25, 7.5 ], "rotation": 90, "autoUv": false },
								"down": { "texture": "#stingrayskin1", "uv": [ 5.0, 0.25, 8.25, 3.5 ], "autoUv": false }
							}
						}
					]
				},
				{
					"name": "Lwing",
					"from": [ 0.0, -0.1, 18.0 ], 
					"to": [ 0.0, -0.1, 18.0 ], 
					"rotationOrigin": [ 0.0, -1.0, 16.0 ],
					"faces": {
						"north": { "texture": "#null", "uv": [ 0.0, 0.0, 0.5, 0.5 ] },
						"east": { "texture": "#stingrayskin1", "uv": [ 0.0, 0.0, 0.5, 0.5 ] },
						"south": { "texture": "#stingrayskin1", "uv": [ 0.0, 0.0, 0.5, 0.5 ] },
						"west": { "texture": "#stingrayskin1", "uv": [ 0.0, 0.0, 0.5, 0.5 ] },
						"up": { "texture": "#stingrayskin1", "uv": [ 0.0, 0.0, 0.5, 0.5 ] },
						"down": { "texture": "#stingrayskin1", "uv": [ 0.0, 0.0, 0.5, 0.5 ] }
					},
					"children": [
						{
							"name": "Lin1",
							"from": [ -7.0, 0.0, -13.0 ], 
							"to": [ 1.0, 1.0, -4.0 ], 
							"rotationOrigin": [ -7.0, 0.0, -13.0 ],
							"faces": {
								"north": { "texture": "#stingrayskin1", "uv": [ 0.0, 6.75, 4.25, 7.5 ], "autoUv": false },
								"east": { "texture": "#stingrayskin1", "uv": [ 0.25, 6.75, 3.75, 7.75 ], "autoUv": false },
								"south": { "texture": "#stingrayskin1", "uv": [ 0.5, 6.5, 4.0, 7.25 ], "autoUv": false },
								"west": { "texture": "#stingrayskin1", "uv": [ 0.25, 6.75, 3.75, 7.5 ], "autoUv": false },
								"up": { "texture": "#stingrayskin1", "uv": [ 1.25, 4.0, 3.5, 6.25 ], "autoUv": false },
								"down": { "texture": "#stingrayskin1", "uv": [ 5.0, 0.25, 7.25, 3.5 ], "autoUv": false }
							},
							"children": [
								{
									"name": "LEdge1",
									"from": [ -0.6, -0.01, 5.5 ], 
									"to": [ 8.4, 0.99, 14.5 ], 
									"rotationOrigin": [ 5.0, 0.0, 5.0 ],
									"rotationY": 22.5,
									"faces": {
										"north": { "texture": "#stingrayskin1", "uv": [ 0.25, 7.0, 4.0, 7.75 ], "autoUv": false },
										"east": { "texture": "#stingrayskin1", "uv": [ 0.0, 7.0, 4.0, 7.75 ], "autoUv": false },
										"south": { "texture": "#stingrayskin1", "uv": [ 0.25, 7.0, 4.0, 7.75 ], "autoUv": false },
										"west": { "texture": "#stingrayskin1", "uv": [ 0.25, 7.25, 4.0, 7.75 ], "autoUv": false },
										"up": { "texture": "#stingrayskin1", "uv": [ 0.5, 4.75, 3.25, 7.0 ], "autoUv": false },
										"down": { "texture": "#stingrayskin1", "uv": [ 4.75, 0.25, 7.5, 3.5 ], "autoUv": false }
									}
								}
							]
						},
						{
							"name": "LEdge5",
							"from": [ 20.8, -0.02, -17.0 ], 
							"to": [ 32.8, 0.94, -10.0 ], 
							"rotationOrigin": [ 23.0, -1.0, -11.0 ],
							"rotationY": 15.0,
							"faces": {
								"north": { "texture": "#stingrayskin1", "uv": [ 0.25, 7.0, 4.0, 7.75 ], "autoUv": false },
								"east": { "texture": "#stingrayskin1", "uv": [ 0.25, 7.0, 4.25, 7.75 ], "autoUv": false },
								"south": { "texture": "#stingrayskin1", "uv": [ 0.25, 7.0, 4.25, 7.75 ], "autoUv": false },
								"west": { "texture": "#stingrayskin1", "uv": [ 0.25, 7.0, 4.0, 7.75 ], "autoUv": false },
								"up": { "texture": "#stingrayskin1", "uv": [ 0.5, 2.0, 3.5, 5.25 ], "autoUv": false },
								"down": { "texture": "#stingrayskin1", "uv": [ 4.75, 0.25, 8.25, 3.5 ], "autoUv": false }
							}
						},
						{
							"name": "LEdge7",
							"from": [ 38.0, 0.0, -16.5 ], 
							"to": [ 51.0, 1.0, -14.5 ], 
							"rotationOrigin": [ 44.0, 0.0, -13.0 ],
							"rotationY": 9.0,
							"faces": {
								"north": { "texture": "#stingrayskin1", "uv": [ 0.25, 6.75, 4.0, 7.5 ], "autoUv": false },
								"east": { "texture": "#stingrayskin1", "uv": [ 0.25, 6.75, 2.25, 7.75 ] },
								"south": { "texture": "#stingrayskin1", "uv": [ 0.25, 6.75, 4.25, 7.75 ], "autoUv": false },
								"west": { "texture": "#stingrayskin1", "uv": [ 0.25, 6.75, 2.25, 7.75 ] },
								"up": { "texture": "#stingrayskin1", "uv": [ 0.25, 2.25, 4.0, 4.0 ], "autoUv": false },
								"down": { "texture": "#stingrayskin1", "uv": [ 4.75, 0.25, 8.25, 3.25 ], "autoUv": false }
							}
						},
						{
							"name": "Lin2",
							"from": [ 1.0, 0.0, -16.0 ], 
							"to": [ 9.0, 1.0, -6.0 ], 
							"rotationOrigin": [ 4.0, 0.0, -8.0 ],
							"faces": {
								"north": { "texture": "#stingrayskin1", "uv": [ 0.0, 6.75, 4.25, 7.75 ], "autoUv": false },
								"east": { "texture": "#stingrayskin1", "uv": [ 0.25, 6.75, 4.0, 7.75 ], "autoUv": false },
								"south": { "texture": "#stingrayskin1", "uv": [ 0.0, 6.75, 4.25, 7.75 ], "autoUv": false },
								"west": { "texture": "#stingrayskin1", "uv": [ 0.25, 6.75, 4.25, 7.5 ], "autoUv": false },
								"up": { "texture": "#stingrayskin1", "uv": [ 0.5, 3.0, 3.75, 5.5 ], "autoUv": false },
								"down": { "texture": "#stingrayskin1", "uv": [ 4.75, 0.25, 8.25, 3.5 ], "autoUv": false }
							},
							"children": [
								{
									"name": "LEdge2",
									"from": [ 2.5, -0.01, 5.3 ], 
									"to": [ 11.5, 0.99, 14.3 ], 
									"rotationOrigin": [ 6.0, 1.0, 12.0 ],
									"rotationY": 22.5,
									"faces": {
										"north": { "texture": "#stingrayskin1", "uv": [ 0.25, 6.75, 4.25, 7.75 ], "autoUv": false },
										"east": { "texture": "#stingrayskin1", "uv": [ 0.25, 6.75, 4.25, 7.5 ], "autoUv": false },
										"south": { "texture": "#stingrayskin1", "uv": [ 0.25, 6.75, 4.25, 7.75 ], "autoUv": false },
										"west": { "texture": "#stingrayskin1", "uv": [ 0.25, 6.75, 4.25, 7.5 ], "rotation": 270, "autoUv": false },
										"up": { "texture": "#stingrayskin1", "uv": [ 0.5, 4.5, 4.0, 7.0 ], "autoUv": false },
										"down": { "texture": "#stingrayskin1", "uv": [ 4.75, 0.25, 8.0, 4.0 ], "autoUv": false }
									}
								}
							]
						},
						{
							"name": "Lin3",
							"from": [ 6.5, -0.02, -15.9 ], 
							"to": [ 16.5, 0.98, -7.9 ], 
							"rotationOrigin": [ 9.0, 0.0, -11.0 ],
							"faces": {
								"north": { "texture": "#stingrayskin1", "uv": [ 0.25, 6.75, 4.0, 7.75 ], "autoUv": false },
								"east": { "texture": "#stingrayskin1", "uv": [ 0.25, 6.75, 4.25, 7.5 ], "autoUv": false },
								"south": { "texture": "#stingrayskin1", "uv": [ 0.25, 6.75, 4.25, 7.5 ], "autoUv": false },
								"west": { "texture": "#stingrayskin1", "uv": [ 0.25, 6.5, 4.25, 7.5 ], "autoUv": false },
								"up": { "texture": "#stingrayskin1", "uv": [ 0.25, 2.75, 4.25, 5.5 ], "autoUv": false },
								"down": { "texture": "#stingrayskin1", "uv": [ 4.75, 0.25, 8.5, 3.25 ], "autoUv": false }
							},
							"children": [
								{
									"name": "LEdge3",
									"from": [ 3.0, -0.01, 3.0 ], 
									"to": [ 10.0, 0.97, 10.0 ], 
									"rotationOrigin": [ 6.0, 0.0, 3.0 ],
									"rotationY": 22.5,
									"faces": {
										"north": { "texture": "#stingrayskin1", "uv": [ 0.25, 7.0, 4.25, 7.5 ], "autoUv": false },
										"east": { "texture": "#stingrayskin1", "uv": [ 0.0, 7.0, 4.0, 7.75 ], "autoUv": false },
										"south": { "texture": "#stingrayskin1", "uv": [ 0.0, 7.0, 4.0, 7.75 ], "autoUv": false },
										"west": { "texture": "#stingrayskin1", "uv": [ 0.25, 7.0, 4.25, 7.5 ], "autoUv": false },
										"up": { "texture": "#stingrayskin1", "uv": [ 0.75, 4.0, 4.25, 6.75 ], "autoUv": false },
										"down": { "texture": "#stingrayskin1", "uv": [ 4.75, 0.25, 8.25, 4.0 ], "autoUv": false }
									}
								}
							]
						},
						{
							"name": "LEdge4",
							"from": [ 15.0, 0.0, -15.8 ], 
							"to": [ 23.0, 0.98, -8.8 ], 
							"rotationOrigin": [ 19.0, 0.0, -15.0 ],
							"rotationY": 22.0,
							"faces": {
								"north": { "texture": "#stingrayskin1", "uv": [ 0.25, 7.0, 4.25, 7.75 ], "autoUv": false },
								"east": { "texture": "#stingrayskin1", "uv": [ 0.0, 7.0, 4.25, 7.5 ], "autoUv": false },
								"south": { "texture": "#stingrayskin1", "uv": [ 0.25, 7.0, 4.0, 7.75 ], "autoUv": false },
								"west": { "texture": "#stingrayskin1", "uv": [ 0.25, 7.0, 4.25, 7.75 ], "autoUv": false },
								"up": { "texture": "#stingrayskin1", "uv": [ 0.0, 3.75, 4.5, 6.5 ], "autoUv": false },
								"down": { "texture": "#stingrayskin1", "uv": [ 4.75, 0.25, 8.25, 3.5 ], "autoUv": false }
							}
						},
						{
							"name": "LEdge6",
							"from": [ 30.5, -0.02, -19.5 ], 
							"to": [ 37.5, 0.94, -12.5 ], 
							"rotationOrigin": [ 33.0, -1.0, -15.0 ],
							"rotationY": 12.0,
							"faces": {
								"north": { "texture": "#stingrayskin1", "uv": [ 0.25, 6.75, 4.25, 7.5 ], "autoUv": false },
								"east": { "texture": "#stingrayskin1", "uv": [ 0.25, 7.0, 4.25, 7.75 ], "autoUv": false },
								"south": { "texture": "#stingrayskin1", "uv": [ 0.25, 7.0, 4.25, 7.5 ], "autoUv": false },
								"west": { "texture": "#stingrayskin1", "uv": [ 0.25, 7.0, 4.25, 7.75 ], "autoUv": false },
								"up": { "texture": "#stingrayskin1", "uv": [ 1.0, 3.5, 3.75, 5.75 ], "autoUv": false },
								"down": { "texture": "#stingrayskin1", "uv": [ 4.75, 0.25, 7.25, 2.75 ], "autoUv": false }
							}
						}
					]
				}
			]
		}
	],
	"animations": [
		{
			"name": "swim",
			"code": "swim",
			"quantityframes": 40,
			"onActivityStopped": "EaseOut",
			"onAnimationEnd": "Repeat",
			"keyframes": [
				{
					"frame": 0,
					"elements": {
						"root": {  },
						"rwing": {  },
						"Rin1": { "offsetX": 0.0, "offsetY": 4.0, "offsetZ": 0.0, "rotationX": 22.5, "rotationY": 0.0, "rotationZ": 0.0 },
						"REdge1": { "offsetX": 0.0, "offsetY": 0.0, "offsetZ": 0.0, "rotationX": 0.0, "rotationY": 0.0, "rotationZ": 0.0 },
						"Rin2": { "offsetX": 0.0, "offsetY": -0.6, "offsetZ": 0.0, "rotationX": 22.5, "rotationY": 0.0, "rotationZ": -10.0 },
						"Rin3": { "offsetX": 0.0, "offsetY": 0.0, "offsetZ": -1.0, "rotationX": 10.0, "rotationY": 0.0, "rotationZ": -5.0 },
						"Lwing": {  },
						"Lin1": { "offsetX": 0.0, "offsetY": 0.3, "offsetZ": 0.0, "rotationX": -22.5, "rotationY": 0.0, "rotationZ": 0.0 },
						"Lin2": { "offsetX": -1.0, "offsetY": 2.0, "offsetZ": 0.0, "rotationX": -22.5, "rotationY": 0.0, "rotationZ": -10.0 },
						"Lin3": { "offsetX": 0.0, "offsetY": 0.0, "offsetZ": 0.0, "rotationX": 0.0, "rotationY": 0.0, "rotationZ": -5.0 }
					}
				},
				{
					"frame": 5,
					"elements": {
						"root": {  },
						"rwing": {  },
						"Rin1": { "offsetX": 0.0, "offsetY": 3.0, "offsetZ": 0.0, "rotationX": 22.5, "rotationY": 0.0, "rotationZ": 15.0 },
						"Rin2": { "offsetX": -2.0, "offsetY": 0.4, "offsetZ": 0.0, "rotationX": 28.0, "rotationY": 0.0, "rotationZ": 0.0 },
						"Rin3": { "offsetX": -2.0, "offsetY": 0.0, "offsetZ": -1.0, "rotationX": 22.5, "rotationY": 0.0, "rotationZ": -22.5 },
						"REdge4": { "offsetX": -3.0, "offsetY": -0.5, "offsetZ": 0.0, "rotationX": 5.0, "rotationY": 0.0, "rotationZ": -7.0 },
						"Lwing": {  },
						"Lin1": { "offsetX": 0.0, "offsetY": -1.0, "offsetZ": 0.0, "rotationX": -22.5, "rotationY": 0.0, "rotationZ": 15.0 },
						"Lin2": { "offsetX": -1.0, "offsetY": 3.0, "offsetZ": 0.0, "rotationX": -28.0, "rotationY": 0.0, "rotationZ": 0.0 },
						"Lin3": { "offsetX": -2.0, "offsetY": 1.0, "offsetZ": 0.0, "rotationX": -5.0, "rotationY": 0.0, "rotationZ": -22.0 },
						"LEdge4": { "offsetX": -2.0, "offsetY": -1.5, "offsetZ": 0.0, "rotationX": -5.0, "rotationY": 0.0, "rotationZ": -7.0 }
					}
				},
				{
					"frame": 10,
					"elements": {
						"root": {  },
						"rwing": {  },
						"Rin1": { "offsetX": 0.0, "offsetY": 0.5, "offsetZ": 0.0, "rotationX": 8.0, "rotationY": 0.0, "rotationZ": 15.0 },
						"REdge1": { "rotationX": 15.0, "rotationY": 0.0, "rotationZ": 15.0 },
						"Rin2": { "offsetX": -2.0, "offsetY": 0.2, "offsetZ": 0.0, "rotationX": 25.0, "rotationY": 0.0, "rotationZ": 15.0 },
						"Rin3": { "offsetX": -2.0, "offsetY": 0.0, "offsetZ": -1.0, "rotationX": 35.0, "rotationY": 0.0, "rotationZ": -22.5 },
						"REdge4": { "offsetX": -3.0, "offsetY": -0.5, "offsetZ": 0.0, "rotationX": 9.0, "rotationY": 0.0, "rotationZ": -10.0 },
						"Lwing": {  },
						"Lin1": { "offsetX": 0.0, "offsetY": -1.0, "offsetZ": 0.0, "rotationX": -8.0, "rotationY": 0.0, "rotationZ": 15.0 },
						"LEdge1": { "offsetX": 0.0, "offsetY": 0.0, "offsetZ": 0.0, "rotationX": -15.0, "rotationY": 0.0, "rotationZ": 0.0 },
						"Lin3": { "offsetX": -1.0, "offsetY": 2.0, "offsetZ": 1.0, "rotationX": -22.5, "rotationY": 0.0, "rotationZ": -22.5 },
						"LEdge4": { "offsetX": -2.0, "offsetY": -1.0, "offsetZ": 0.0, "rotationX": -9.0, "rotationY": 0.0, "rotationZ": -10.0 }
					}
				},
				{
					"frame": 15,
					"elements": {
						"root": {  },
						"rwing": {  },
						"Rin1": { "offsetX": 0.0, "offsetY": -1.5, "offsetZ": 0.0, "rotationX": 0.0, "rotationY": 0.0, "rotationZ": 15.0 },
						"REdge1": { "offsetX": 0.0, "offsetY": 0.0, "offsetZ": 0.0, "rotationX": 15.0, "rotationY": 0.0, "rotationZ": 15.0 },
						"Rin2": { "offsetX": -2.0, "offsetY": 0.2, "offsetZ": 0.0, "rotationX": 15.0, "rotationY": 0.0, "rotationZ": 22.5 },
						"Rin3": { "offsetX": -2.0, "offsetY": 0.0, "offsetZ": -1.0, "rotationX": 35.0, "rotationY": 0.0, "rotationZ": 0.0 },
						"REdge4": { "offsetX": -3.0, "offsetY": -0.5, "offsetZ": 0.0, "rotationX": 9.0, "rotationY": 0.0, "rotationZ": -22.5 },
						"Lwing": {  },
						"Lin1": { "offsetX": 0.0, "offsetY": -1.5, "offsetZ": 0.0, "rotationX": 0.0, "rotationY": 0.0, "rotationZ": 15.0 },
						"LEdge1": { "offsetX": 0.0, "offsetY": 0.0, "offsetZ": 0.0, "rotationX": -15.0, "rotationY": 0.0, "rotationZ": 15.0 },
						"Lin2": { "offsetX": 0.0, "offsetY": 2.2, "offsetZ": 0.0, "rotationX": -15.0, "rotationY": 0.0, "rotationZ": 22.5 },
						"Lin3": { "offsetX": -1.0, "offsetY": 2.0, "offsetZ": 3.0, "rotationX": -35.0, "rotationY": 0.0, "rotationZ": 0.0 },
						"LEdge4": { "offsetX": -2.0, "offsetY": -1.0, "offsetZ": 0.0, "rotationX": -22.5, "rotationY": 0.0, "rotationZ": -22.5 }
					}
				},
				{
					"frame": 20,
					"elements": {
						"root": {  },
						"rwing": {  },
						"Rin1": { "offsetX": 0.0, "offsetY": -3.5, "offsetZ": 0.0, "rotationX": -20.0, "rotationY": 0.0, "rotationZ": 15.0 },
						"REdge1": { "offsetX": 0.0, "offsetY": 0.0, "offsetZ": 0.0, "rotationX": 15.0, "rotationY": 0.0, "rotationZ": 15.0 },
						"Rin2": { "offsetX": -1.0, "offsetY": 0.2, "offsetZ": 0.0, "rotationX": 10.0, "rotationY": 0.0, "rotationZ": 22.5 },
						"Rin3": { "offsetX": -1.0, "offsetY": 0.0, "offsetZ": -1.0, "rotationX": 28.0, "rotationY": 0.0, "rotationZ": 0.0 },
						"REdge3": { "offsetX": 0.0, "offsetY": 0.0, "offsetZ": 0.0, "rotationX": 0.0, "rotationY": 0.0, "rotationZ": 0.0 },
						"REdge4": { "offsetX": -3.0, "offsetY": -0.5, "offsetZ": 0.0, "rotationX": 9.0, "rotationY": 0.0, "rotationZ": -22.5 },
						"Lwing": {  },
						"Lin1": { "offsetX": 0.0, "offsetY": 0.0, "offsetZ": 0.0, "rotationX": 22.5, "rotationY": 0.0, "rotationZ": 15.0 },
						"LEdge1": { "rotationX": 0.0, "rotationY": 0.0, "rotationZ": 5.0 },
						"Lin2": { "offsetX": -1.0, "offsetY": 1.0, "offsetZ": 0.0, "rotationX": -10.0, "rotationY": 0.0, "rotationZ": 22.0 },
						"Lin3": { "offsetX": 0.0, "offsetY": 1.2, "offsetZ": 0.0, "rotationX": -22.5, "rotationY": 0.0, "rotationZ": 15.0 },
						"LEdge3": { "offsetX": -4.0, "offsetY": 0.0, "offsetZ": 0.0, "rotationX": 0.0, "rotationY": 0.0, "rotationZ": 0.0 },
						"LEdge4": { "offsetX": -3.0, "offsetY": 0.0, "offsetZ": 0.0, "rotationX": -15.0, "rotationY": 0.0, "rotationZ": -15.0 }
					}
				},
				{
					"frame": 25,
					"elements": {
						"root": {  },
						"rwing": {  },
						"Rin1": { "offsetX": 0.0, "offsetY": -4.5, "offsetZ": 0.0, "rotationX": -22.5, "rotationY": 0.0, "rotationZ": 0.0 },
						"REdge1": { "offsetX": -1.0, "offsetY": 0.0, "offsetZ": 0.0, "rotationX": 0.0, "rotationY": 22.5, "rotationZ": 0.0 },
						"REdge5": { "offsetX": -2.0, "offsetY": 0.0, "offsetZ": 0.0 },
						"Rin2": { "offsetX": -2.0, "offsetY": 0.2, "offsetZ": -2.0, "rotationX": -22.5, "rotationY": 0.0, "rotationZ": 22.5 },
						"Rin3": { "offsetX": -3.0, "offsetY": 1.0, "offsetZ": -1.0, "rotationX": 0.0, "rotationY": 0.0, "rotationZ": 22.5 },
						"REdge3": { "offsetX": -1.0, "offsetY": 0.0, "offsetZ": 0.0, "rotationX": -22.5, "rotationY": 0.0, "rotationZ": 0.0 },
						"REdge4": { "offsetX": -5.0, "offsetY": 0.5, "offsetZ": 0.0, "rotationX": 0.0, "rotationY": 0.0, "rotationZ": 0.0 },
						"Lwing": {  },
						"Lin1": { "offsetX": 0.0, "offsetY": -1.0, "offsetZ": 0.0, "rotationX": 22.5, "rotationY": 0.0, "rotationZ": 0.0 },
						"LEdge1": { "offsetX": 1.0, "offsetY": 0.0, "offsetZ": 0.0, "rotationX": 0.0, "rotationY": -22.5, "rotationZ": 0.0 },
						"Lin2": { "offsetX": -2.0, "offsetY": -3.0, "offsetZ": 2.0, "rotationX": 22.5, "rotationY": 0.0, "rotationZ": 0.0 },
						"Lin3": { "offsetX": -3.0, "offsetY": -1.0, "offsetZ": 0.0, "rotationX": 0.0, "rotationY": 0.0, "rotationZ": 22.5 },
						"LEdge3": { "offsetX": -1.0, "offsetY": 0.0, "offsetZ": 2.0, "rotationX": 22.5, "rotationY": 0.0, "rotationZ": 0.0 },
						"LEdge4": { "offsetX": -3.0, "offsetY": 0.5, "offsetZ": 0.0, "rotationX": 0.0, "rotationY": 0.0, "rotationZ": 0.0 }
					}
				},
				{
					"frame": 30,
					"elements": {
						"root": {  },
						"rwing": {  },
						"Rin1": { "offsetX": 0.0, "offsetY": -1.5, "offsetZ": 0.0, "rotationX": -15.0, "rotationY": 0.0, "rotationZ": -22.5 },
						"REdge1": { "offsetX": -1.0, "offsetY": 0.0, "offsetZ": 0.0, "rotationX": 0.0, "rotationY": 22.5, "rotationZ": 0.0 },
						"REdge5": { "offsetX": -2.0, "offsetY": 0.0, "offsetZ": 0.0 },
						"Rin2": { "offsetX": -2.0, "offsetY": 0.2, "offsetZ": -3.0, "rotationX": -22.5, "rotationY": 0.0, "rotationZ": 15.0 },
						"Rin3": { "offsetX": -3.0, "offsetY": 0.0, "offsetZ": -1.0, "rotationX": 0.0, "rotationY": 0.0, "rotationZ": 0.0 },
						"REdge3": { "offsetX": -1.0, "offsetY": 0.0, "offsetZ": 0.0, "rotationX": -22.5, "rotationY": 0.0, "rotationZ": 0.0 },
						"REdge4": { "offsetX": -5.0, "offsetY": 0.5, "offsetZ": 0.0, "rotationX": 0.0, "rotationY": 0.0, "rotationZ": 0.0 },
						"Lwing": {  },
						"Lin1": { "offsetX": 0.0, "offsetY": 1.0, "offsetZ": 0.0, "rotationX": 22.5, "rotationY": 0.0, "rotationZ": -15.0 },
						"Lin2": { "offsetX": -2.0, "offsetY": -2.0, "offsetZ": 2.0, "rotationX": 22.5, "rotationY": 0.0, "rotationZ": 22.5 },
						"Lin3": { "offsetX": 2.0, "offsetY": 0.0, "offsetZ": 0.0, "rotationX": 10.0, "rotationY": 0.0, "rotationZ": 0.0 },
						"LEdge3": { "offsetX": -4.0, "offsetY": 2.0, "offsetZ": 0.0, "rotationX": 0.0, "rotationY": 0.0, "rotationZ": 22.5 },
						"LEdge4": { "offsetX": -4.0, "offsetY": 0.5, "offsetZ": 0.0, "rotationX": 0.0, "rotationY": 0.0, "rotationZ": 0.0 }
					}
				},
				{
					"frame": 35,
					"elements": {
						"root": {  },
						"rwing": {  },
						"Rin1": { "offsetX": -1.0, "offsetY": 0.5, "offsetZ": 0.0, "rotationX": 0.0, "rotationY": 0.0, "rotationZ": -22.5 },
						"REdge1": { "offsetX": -1.0, "offsetY": 0.0, "offsetZ": 0.0, "rotationX": 0.0, "rotationY": 22.5, "rotationZ": 0.0 },
						"REdge5": { "offsetX": -2.0, "offsetY": 0.0, "offsetZ": 0.0 },
						"Rin2": { "offsetX": -4.0, "offsetY": -0.8, "offsetZ": -3.0, "rotationX": -5.0, "rotationY": 0.0, "rotationZ": 0.0 },
						"Rin3": { "offsetX": -5.0, "offsetY": 0.0, "offsetZ": -1.0, "rotationX": 0.0, "rotationY": 0.0, "rotationZ": 0.0 },
						"REdge3": { "offsetX": -1.0, "offsetY": 0.0, "offsetZ": 0.0, "rotationX": -22.5, "rotationY": 0.0, "rotationZ": 0.0 },
						"REdge4": { "offsetX": -6.0, "offsetY": 0.5, "offsetZ": 2.0, "rotationX": -22.5, "rotationY": 0.0, "rotationZ": 0.0 },
						"Lwing": {  },
						"Lin1": { "rotationX": 0.0, "rotationY": 0.0, "rotationZ": -22.5 },
						"Lin2": { "offsetX": -2.0, "offsetY": -1.0, "offsetZ": 0.0, "rotationX": 0.0, "rotationY": 0.0, "rotationZ": 15.0 },
						"LEdge2": { "offsetX": 0.0, "offsetY": -1.0, "offsetZ": 0.0, "rotationX": 0.0, "rotationY": 0.0, "rotationZ": 0.0 },
						"LEdge4": { "offsetX": -3.0, "offsetY": 0.0, "offsetZ": -1.0, "rotationX": 10.0, "rotationY": 0.0, "rotationZ": 0.0 },
						"Lin3": { "offsetX": 1.0, "offsetY": -1.0, "offsetZ": 0.0 }
					}
				}
			]
		},
		{
			"name": "die",
			"code": "die",
			"quantityframes": 30,
			"onActivityStopped": "PlayTillEnd",
			"onAnimationEnd": "Hold",
			"keyframes": [
				{
					"frame": 5,
					"elements": {
						"root": { "offsetX": 0.0, "offsetY": 2.0, "offsetZ": 0.0, "rotationX": 0.0, "rotationY": 0.0, "rotationZ": 0.0 },
						"body": {  },
						"Cube5": {  },
						"Cube9": {  },
						"Cube12": { "rotationX": 0.0, "rotationY": 0.0, "rotationZ": -10.0 },
						"Cube13": { "offsetX": -0.5, "offsetY": 0.0, "offsetZ": 0.0, "rotationX": 0.0, "rotationY": 0.0, "rotationZ": -22.5 },
						"Cube17": { "offsetX": -1.0, "offsetY": 0.0, "offsetZ": 0.0, "rotationX": 0.0, "rotationY": 0.0, "rotationZ": -22.5 },
						"Cube35": { "offsetX": -0.5, "offsetY": 0.0, "offsetZ": 0.0, "rotationX": 0.0, "rotationY": 0.0, "rotationZ": -22.5 },
						"rwing": {  },
						"Rin1": { "offsetX": 0.0, "offsetY": -3.0, "offsetZ": 0.0, "rotationX": -15.0, "rotationY": 0.0, "rotationZ": 0.0 },
						"REdge7": { "offsetX": 4.0, "offsetY": -8.0, "offsetZ": 0.0, "rotationX": 0.0, "rotationY": 0.0, "rotationZ": -45.0 },
						"Rin2": { "offsetX": 0.0, "offsetY": 0.0, "offsetZ": 0.0, "rotationX": -15.0, "rotationY": 0.0, "rotationZ": 0.0 },
						"Rin3": { "offsetX": 0.0, "offsetY": 0.0, "offsetZ": 0.0, "rotationX": -15.0, "rotationY": 0.0, "rotationZ": 0.0 },
						"REdge4": { "offsetX": 0.0, "offsetY": -1.0, "offsetZ": 0.0 },
						"Lwing": {  },
						"Lin1": { "offsetX": 0.0, "offsetY": 0.0, "offsetZ": 0.0, "rotationX": 22.5, "rotationY": 0.0, "rotationZ": 0.0 },
						"LEdge7": { "offsetX": 5.0, "offsetY": -8.0, "offsetZ": 0.0, "rotationX": 0.0, "rotationY": 0.0, "rotationZ": -45.0 },
						"Lin2": { "offsetX": 0.0, "offsetY": -2.0, "offsetZ": 0.0, "rotationX": 15.0, "rotationY": 0.0, "rotationZ": 0.0 },
						"Lin3": { "offsetX": 0.0, "offsetY": -1.0, "offsetZ": 0.0, "rotationX": 15.0, "rotationY": 0.0, "rotationZ": 0.0 },
						"LEdge4": { "offsetX": 0.0, "offsetY": -1.0, "offsetZ": 0.0 }
					}
				},
				{
					"frame": 10,
					"elements": {
						"root": { "offsetX": 0.0, "offsetY": 5.0, "offsetZ": 0.0, "rotationX": 0.0, "rotationY": 0.0, "rotationZ": 5.0 },
						"body": {  },
						"Cube5": {  },
						"Cube9": {  },
						"Cube12": { "rotationX": 0.0, "rotationY": 0.0, "rotationZ": -10.0 },
						"Cube13": { "offsetX": -0.5, "offsetY": 0.0, "offsetZ": 0.0, "rotationX": 0.0, "rotationY": 0.0, "rotationZ": -22.5 },
						"Cube17": { "offsetX": -1.0, "offsetY": 0.0, "offsetZ": 0.0, "rotationX": 0.0, "rotationY": 0.0, "rotationZ": -22.5 },
						"Cube35": { "offsetX": -0.5, "offsetY": 0.0, "offsetZ": 0.0, "rotationX": 0.0, "rotationY": 0.0, "rotationZ": -22.5 },
						"rwing": {  },
						"Rin1": { "offsetX": 0.0, "offsetY": -3.0, "offsetZ": 0.0, "rotationX": -15.0, "rotationY": 0.0, "rotationZ": 0.0 },
						"REdge7": { "offsetX": 6.0, "offsetY": -8.0, "offsetZ": 0.0, "rotationX": 0.0, "rotationY": 0.0, "rotationZ": -45.0 },
						"Rin2": { "offsetX": 0.0, "offsetY": 0.0, "offsetZ": 0.0, "rotationX": -15.0, "rotationY": 0.0, "rotationZ": 0.0 },
						"Rin3": { "offsetX": 0.0, "offsetY": 0.0, "offsetZ": 0.0, "rotationX": -15.0, "rotationY": 0.0, "rotationZ": 0.0 },
						"REdge4": { "offsetX": 0.0, "offsetY": -1.0, "offsetZ": 0.0 },
						"Lwing": {  },
						"Lin1": { "offsetX": 0.0, "offsetY": 0.0, "offsetZ": 0.0, "rotationX": 22.5, "rotationY": 0.0, "rotationZ": 0.0 },
						"LEdge7": { "offsetX": 6.0, "offsetY": -8.0, "offsetZ": 0.0, "rotationX": 0.0, "rotationY": 0.0, "rotationZ": -45.0 },
						"Lin2": { "offsetX": 0.0, "offsetY": -2.0, "offsetZ": 0.0, "rotationX": 15.0, "rotationY": 0.0, "rotationZ": 0.0 },
						"Lin3": { "offsetX": 0.0, "offsetY": -1.0, "offsetZ": 0.0, "rotationX": 15.0, "rotationY": 0.0, "rotationZ": 0.0 },
						"LEdge4": { "offsetX": 0.0, "offsetY": -1.0, "offsetZ": 0.0 }
					}
				},
				{
					"frame": 15,
					"elements": {
						"root": { "offsetX": 0.0, "offsetY": 7.0, "offsetZ": 0.0, "rotationX": 0.0, "rotationY": 0.0, "rotationZ": 15.0 },
						"body": {  },
						"Cube5": {  },
						"Cube9": { "rotationX": 0.0, "rotationY": 0.0, "rotationZ": -15.0 },
						"Cube12": { "rotationX": 0.0, "rotationY": 0.0, "rotationZ": -10.0 },
						"Cube13": { "offsetX": -0.5, "offsetY": 0.0, "offsetZ": 0.0, "rotationX": 0.0, "rotationY": 0.0, "rotationZ": -22.5 },
						"Cube17": { "offsetX": -1.0, "offsetY": 0.0, "offsetZ": 0.0, "rotationX": 0.0, "rotationY": 0.0, "rotationZ": -22.5 },
						"Cube35": { "offsetX": -0.5, "offsetY": 0.0, "offsetZ": 0.0, "rotationX": 0.0, "rotationY": 0.0, "rotationZ": -22.5 },
						"rwing": {  },
						"Rin1": { "offsetX": 0.0, "offsetY": -3.0, "offsetZ": 0.0, "rotationX": -15.0, "rotationY": 0.0, "rotationZ": 0.0 },
						"REdge5": { "offsetX": 0.0, "offsetY": 0.0, "offsetZ": 0.0, "rotationX": 0.0, "rotationY": 0.0, "rotationZ": -22.5 },
						"REdge7": { "offsetX": 7.0, "offsetY": -8.0, "offsetZ": 0.0, "rotationX": 0.0, "rotationY": 0.0, "rotationZ": -45.0 },
						"Rin2": { "offsetX": 0.0, "offsetY": 0.0, "offsetZ": 0.0, "rotationX": -15.0, "rotationY": 0.0, "rotationZ": 0.0 },
						"Rin3": { "offsetX": 0.0, "offsetY": 0.0, "offsetZ": 0.0, "rotationX": -15.0, "rotationY": 0.0, "rotationZ": 0.0 },
						"REdge4": { "offsetX": 0.0, "offsetY": -1.0, "offsetZ": 0.0 },
						"REdge6": { "offsetX": 0.0, "offsetY": -4.0, "offsetZ": 0.0, "rotationX": 0.0, "rotationY": 0.0, "rotationZ": -22.5 },
						"Lwing": {  },
						"Lin1": { "offsetX": 0.0, "offsetY": 0.0, "offsetZ": 0.0, "rotationX": 22.5, "rotationY": 0.0, "rotationZ": 0.0 },
						"LEdge5": { "offsetX": 0.0, "offsetY": -1.0, "offsetZ": 0.0, "rotationX": 0.0, "rotationY": 0.0, "rotationZ": -15.0 },
						"LEdge7": { "offsetX": 6.0, "offsetY": -9.0, "offsetZ": 0.0, "rotationX": 0.0, "rotationY": 0.0, "rotationZ": -45.0 },
						"Lin2": { "offsetX": 0.0, "offsetY": -2.0, "offsetZ": 0.0, "rotationX": 15.0, "rotationY": 0.0, "rotationZ": 0.0 },
						"Lin3": { "offsetX": 0.0, "offsetY": -1.0, "offsetZ": 0.0, "rotationX": 15.0, "rotationY": 0.0, "rotationZ": 0.0 },
						"LEdge4": { "offsetX": 0.0, "offsetY": -1.0, "offsetZ": 0.0 },
						"LEdge6": { "offsetX": 0.0, "offsetY": -4.0, "offsetZ": 0.0, "rotationX": 0.0, "rotationY": 0.0, "rotationZ": -22.5 }
					}
				}
			]
		},
		{
			"name": "dead",
			"code": "dead",
			"quantityframes": 2,
			"onActivityStopped": "PlayTillEnd",
			"onAnimationEnd": "Hold",
			"keyframes": [
				{
					"frame": 1,
					"elements": {
						"root": { "offsetX": 0.0, "offsetY": 7.0, "offsetZ": 0.0, "rotationX": 0.0, "rotationY": 0.0, "rotationZ": 15.0 },
						"body": {  },
						"Cube5": {  },
						"Cube9": { "rotationX": 0.0, "rotationY": 0.0, "rotationZ": -15.0 },
						"Cube12": { "rotationX": 0.0, "rotationY": 0.0, "rotationZ": -10.0 },
						"Cube13": { "offsetX": -0.5, "offsetY": 0.0, "offsetZ": 0.0, "rotationX": 0.0, "rotationY": 0.0, "rotationZ": -22.5 },
						"Cube17": { "offsetX": -1.0, "offsetY": 0.0, "offsetZ": 0.0, "rotationX": 0.0, "rotationY": 0.0, "rotationZ": -22.5 },
						"Cube35": { "offsetX": -0.5, "offsetY": 0.0, "offsetZ": 0.0, "rotationX": 0.0, "rotationY": 0.0, "rotationZ": -22.5 },
						"rwing": {  },
						"Rin1": { "offsetX": 0.0, "offsetY": -3.0, "offsetZ": 0.0, "rotationX": -15.0, "rotationY": 0.0, "rotationZ": 0.0 },
						"REdge5": { "offsetX": 0.0, "offsetY": 0.0, "offsetZ": 0.0, "rotationX": 0.0, "rotationY": 0.0, "rotationZ": -22.5 },
						"REdge7": { "offsetX": 7.0, "offsetY": -8.0, "offsetZ": 0.0, "rotationX": 0.0, "rotationY": 0.0, "rotationZ": -45.0 },
						"Rin2": { "offsetX": 0.0, "offsetY": 0.0, "offsetZ": 0.0, "rotationX": -15.0, "rotationY": 0.0, "rotationZ": 0.0 },
						"Rin3": { "offsetX": 0.0, "offsetY": 0.0, "offsetZ": 0.0, "rotationX": -15.0, "rotationY": 0.0, "rotationZ": 0.0 },
						"REdge4": { "offsetX": 0.0, "offsetY": -1.0, "offsetZ": 0.0 },
						"REdge6": { "offsetX": 0.0, "offsetY": -4.0, "offsetZ": 0.0, "rotationX": 0.0, "rotationY": 0.0, "rotationZ": -22.5 },
						"Lwing": {  },
						"Lin1": { "offsetX": 0.0, "offsetY": 0.0, "offsetZ": 0.0, "rotationX": 22.5, "rotationY": 0.0, "rotationZ": 0.0 },
						"LEdge5": { "offsetX": 0.0, "offsetY": -1.0, "offsetZ": 0.0, "rotationX": 0.0, "rotationY": 0.0, "rotationZ": -15.0 },
						"LEdge7": { "offsetX": 6.0, "offsetY": -9.0, "offsetZ": 0.0, "rotationX": 0.0, "rotationY": 0.0, "rotationZ": -45.0 },
						"Lin2": { "offsetX": 0.0, "offsetY": -2.0, "offsetZ": 0.0, "rotationX": 15.0, "rotationY": 0.0, "rotationZ": 0.0 },
						"Lin3": { "offsetX": 0.0, "offsetY": -1.0, "offsetZ": 0.0, "rotationX": 15.0, "rotationY": 0.0, "rotationZ": 0.0 },
						"LEdge4": { "offsetX": 0.0, "offsetY": -1.0, "offsetZ": 0.0 },
						"LEdge6": { "offsetX": 0.0, "offsetY": -4.0, "offsetZ": 0.0, "rotationX": 0.0, "rotationY": 0.0, "rotationZ": -22.5 }
					}
				}
			]
		},
		{
			"name": "idle",
			"code": "idle",
			"quantityframes": 45,
			"onActivityStopped": "PlayTillEnd",
			"onAnimationEnd": "Repeat",
			"keyframes": [
				{
					"frame": 0,
					"elements": {
						"root": {  },
						"body": {  },
						"Cube5": {  },
						"Cube9": {  },
						"Cube12": {  },
						"Cube13": { "rotationX": 0.0, "rotationY": 0.0, "rotationZ": 4.0 },
						"Cube17": { "rotationX": 0.0, "rotationY": 0.0, "rotationZ": -4.0 },
						"Cube35": { "rotationX": 0.0, "rotationY": 0.0, "rotationZ": -3.0 },
						"Cube36": { "rotationX": 0.0, "rotationY": 0.0, "rotationZ": -3.0 },
						"rwing": {  },
						"Rin1": { "offsetX": 0.0, "offsetY": -0.5, "offsetZ": 0.0 },
						"Rin3": { "offsetX": 0.0, "offsetY": 0.0, "offsetZ": 0.0 },
						"Lwing": {  },
						"Lin1": { "offsetX": 0.0, "offsetY": -0.5, "offsetZ": 0.0 },
						"Lin2": { "offsetX": 0.0, "offsetY": 0.0, "offsetZ": 0.0 },
						"Lin3": { "offsetX": 0.0, "offsetY": 0.0, "offsetZ": 0.0 }
					}
				},
				{
					"frame": 15,
					"elements": {
						"root": {  },
						"body": {  },
						"Cube5": {  },
						"Cube9": {  },
						"Cube12": {  },
						"Cube13": { "rotationX": 0.0, "rotationY": 0.0, "rotationZ": 0.0 },
						"Cube17": { "rotationX": 0.0, "rotationY": 0.0, "rotationZ": 4.0 },
						"Cube35": { "rotationX": 0.0, "rotationY": 0.0, "rotationZ": 0.0 },
						"Cube36": { "rotationX": 0.0, "rotationY": 0.0, "rotationZ": -3.0 },
						"rwing": {  },
						"Rin1": { "offsetX": 0.0, "offsetY": -1.0, "offsetZ": 0.0 },
						"Rin2": { "offsetX": 0.0, "offsetY": -0.5, "offsetZ": 0.0 },
						"Lwing": {  },
						"Lin1": { "offsetX": 0.0, "offsetY": -1.0, "offsetZ": 0.0 },
						"Lin2": { "offsetX": 0.0, "offsetY": -0.5, "offsetZ": 0.0 },
						"Lin3": { "offsetX": 0.0, "offsetY": 0.0, "offsetZ": 0.0 }
					}
				},
				{
					"frame": 26,
					"elements": {
						"root": {  },
						"body": {  },
						"Cube5": {  },
						"Cube9": {  },
						"Cube12": {  },
						"Cube13": { "rotationX": 0.0, "rotationY": 0.0, "rotationZ": -2.0 },
						"Cube17": { "rotationX": 0.0, "rotationY": 0.0, "rotationZ": 4.0 },
						"Cube35": { "rotationX": 0.0, "rotationY": 0.0, "rotationZ": 4.0 },
						"Cube36": { "rotationX": 0.0, "rotationY": 0.0, "rotationZ": 4.0 },
						"rwing": {  },
						"Rin3": { "offsetX": 0.0, "offsetY": -0.6, "offsetZ": 0.0 },
						"Lwing": {  },
						"Lin1": { "offsetX": 0.0, "offsetY": 0.0, "offsetZ": 0.0 },
						"Lin3": { "offsetX": 0.0, "offsetY": -0.5, "offsetZ": 0.0 }
					}
				},
				{
					"frame": 33,
					"elements": {
						"root": {  },
						"rwing": {  },
						"Rin1": { "offsetX": 0.0, "offsetY": 0.0, "offsetZ": 0.0 },
						"Rin2": { "offsetX": 0.0, "offsetY": 0.0, "offsetZ": 0.0 }
					}
				}
			]
		},

		{
			"name": "attack",
			"code": "attack",
			"quantityframes": 30,
			"onActivityStopped": "PlayTillEnd",
			"onAnimationEnd": "Stop",
			"keyframes": [
				{
					"frame": 4,
					"elements": {
						"root": { "offsetX": 0.0, "offsetY": 4.0, "offsetZ": 0.0, "rotationX": 0.0, "rotationY": 0.0, "rotationZ": 22.5 },
						"body": {  },
						"Cube5": {  },
						"Cube9": {  },
						"Cube12": {  },
						"Cube13": { "rotationX": 0.0, "rotationY": 0.0, "rotationZ": -5.0 },
						"Cube17": { "rotationX": 0.0, "rotationY": 0.0, "rotationZ": 0.0 },
						"Cube35": { "rotationX": 0.0, "rotationY": 0.0, "rotationZ": 0.0 },
						"Cube36": { "rotationX": 0.0, "rotationY": 0.0, "rotationZ": 0.0 },
						"rwing": {  },
						"Rin1": {  },
						"REdge1": { "rotationX": 0.0, "rotationY": 0.0, "rotationZ": 5.0 },
						"Rin2": {  },
						"REdge2": { "rotationX": 0.0, "rotationY": 0.0, "rotationZ": -5.0 },
						"Rin3": {  },
						"REdge3": { "rotationX": 0.0, "rotationY": 0.0, "rotationZ": 0.0 },
						"Lwing": {  },
						"Lin1": {  },
						"LEdge1": { "rotationX": 0.0, "rotationY": 0.0, "rotationZ": 5.0 },
						"Lin2": {  },
						"LEdge2": { "rotationX": 0.0, "rotationY": 0.0, "rotationZ": -5.0 },
						"Lin3": {  },
						"LEdge3": { "rotationX": 0.0, "rotationY": 0.0, "rotationZ": 0.0 }
					}
				},
				{
					"frame": 8,
					"elements": {
						"root": { "offsetX": 0.0, "offsetY": 6.0, "offsetZ": 0.0, "rotationX": 0.0, "rotationY": 0.0, "rotationZ": 22.5 },
						"body": {  },
						"Cube5": {  },
						"Cube9": {  },
						"Cube12": {  },
						"Cube13": { "rotationX": 0.0, "rotationY": 0.0, "rotationZ": -5.0 },
						"Cube17": { "rotationX": 0.0, "rotationY": 0.0, "rotationZ": -22.5 },
						"Cube35": { "rotationX": 0.0, "rotationY": 0.0, "rotationZ": -22.5 },
						"Cube36": { "rotationX": 0.0, "rotationY": 0.0, "rotationZ": -22.5 },
						"rwing": {  },
						"Rin1": {  },
						"REdge1": { "rotationX": 0.0, "rotationY": 0.0, "rotationZ": -10.0 },
						"Rin2": {  },
						"REdge2": { "rotationX": 0.0, "rotationY": 0.0, "rotationZ": 15.0 },
						"Rin3": {  },
						"REdge3": { "rotationX": 0.0, "rotationY": 0.0, "rotationZ": -15.0 },
						"Lwing": {  },
						"Lin1": {  },
						"LEdge1": { "rotationX": 0.0, "rotationY": 0.0, "rotationZ": -22.5 },
						"Lin2": {  },
						"LEdge2": { "rotationX": 0.0, "rotationY": 0.0, "rotationZ": 15.0 },
						"Lin3": {  },
						"LEdge3": { "rotationX": 0.0, "rotationY": 0.0, "rotationZ": -10.0 }
					}
				},
				{
					"frame": 12,
					"elements": {
						"root": { "offsetX": 0.0, "offsetY": 9.0, "offsetZ": 0.0, "rotationX": 0.0, "rotationY": 0.0, "rotationZ": -22.5 },
						"body": {  },
						"Cube5": {  },
						"Cube9": {  },
						"Cube12": {  },
						"Cube13": { "rotationX": 0.0, "rotationY": 0.0, "rotationZ": -5.0 },
						"Cube17": { "rotationX": 0.0, "rotationY": 0.0, "rotationZ": -22.5 },
						"Cube35": { "rotationX": 0.0, "rotationY": 0.0, "rotationZ": -22.5 }
					}
				}
			]
		},

		{
			"name": "idle-land",
			"code": "idle-land",
			"quantityframes": 30,
			"onActivityStopped": "EaseOut",
			"onAnimationEnd": "Repeat",
			"keyframes": [
				{
					"frame": 0,
					"elements": {
						"root": { "offsetX": 0.0, "offsetY": -6.0, "offsetZ": 0.0 },
						"rwing": {  },
						"Rin1": { "rotationX": -5.0, "rotationY": 0.0, "rotationZ": 0.0 },
						"Rin2": { "rotationX": -5.0, "rotationY": 0.0, "rotationZ": 0.0 },
						"Lwing": {  },
						"Lin1": { "rotationX": 5.0, "rotationY": 0.0, "rotationZ": 0.0 },
						"Lin2": { "rotationX": 5.0, "rotationY": 0.0, "rotationZ": 0.0 }
					}
				},
				{
					"frame": 1,
					"elements": {
						"root": {  },
						"rwing": {  },
						"Rin1": { "offsetX": 0.0, "offsetY": 0.0, "offsetZ": 0.0, "rotationX": 0.0, "rotationY": 0.0, "rotationZ": 0.0 }
					}
				}
			]
		},

		{
			"name": "hurt",
			"code": "hurt",
			"quantityframes": 30,
			"onActivityStopped": "EaseOut",
			"onAnimationEnd": "Stop",
			"keyframes": [
				{
					"frame": 0,
					"elements": {
						"root": { "rotationX": 0.0, "rotationY": 0.0, "rotationZ": 0.0 },
						"rwing": {  },
						"Rin1": { "offsetX": 0.0, "offsetY": 0.0, "offsetZ": 0.0, "rotationX": 0.0, "rotationY": 0.0, "rotationZ": 0.0 },
						"body": {  },
						"Cube5": {  },
						"Cube9": {  },
						"Cube12": {  },
						"Cube13": { "rotationX": 0.0, "rotationY": 0.0, "rotationZ": 0.0 },
						"Cube17": { "rotationX": 0.0, "rotationY": 0.0, "rotationZ": 0.0 },
						"Lwing": {  },
						"Lin2": { "rotationX": 0.0, "rotationY": 0.0, "rotationZ": 0.0 },
						"Lin1": { "rotationX": 0.0, "rotationY": 0.0, "rotationZ": 0.0 }
					}
				},
				{
					"frame": 7,
					"elements": {
						"root": { "rotationX": 22.5, "rotationY": 0.0, "rotationZ": 0.0 },
						"body": {  },
						"Cube5": {  },
						"Cube9": {  },
						"Cube12": {  },
						"Cube13": { "rotationX": 0.0, "rotationY": 0.0, "rotationZ": 5.0 },
						"Cube17": { "rotationX": 0.0, "rotationY": 0.0, "rotationZ": 22.5 },
						"Cube35": { "rotationX": 0.0, "rotationY": 0.0, "rotationZ": 0.0 },
						"Cube36": { "rotationX": 0.0, "rotationY": 0.0, "rotationZ": 0.0 },
						"rwing": {  },
						"Rin1": { "rotationX": 0.0, "rotationY": 0.0, "rotationZ": 10.0 },
						"Rin2": { "rotationX": 15.0, "rotationY": 0.0, "rotationZ": 0.0 },
						"Rin3": { "rotationX": 10.0, "rotationY": 0.0, "rotationZ": 0.0 }
					}
				},
				{
					"frame": 14,
					"elements": {
						"root": { "rotationX": -22.5, "rotationY": 0.0, "rotationZ": 0.0 },
						"body": {  },
						"Cube5": {  },
						"Cube9": {  },
						"Cube12": {  },
						"Cube13": {  },
						"Cube17": {  },
						"Cube35": { "rotationX": 0.0, "rotationY": 0.0, "rotationZ": 22.5 },
						"Cube36": { "rotationX": 0.0, "rotationY": 0.0, "rotationZ": 22.5 },
						"rwing": {  },
						"Rin1": { "offsetX": 0.0, "offsetY": -3.0, "offsetZ": 0.0, "rotationX": -22.5, "rotationY": 0.0, "rotationZ": 0.0 },
						"Rin2": { "rotationX": -22.5, "rotationY": 0.0, "rotationZ": 0.0 },
						"Rin3": { "rotationX": -15.0, "rotationY": 0.0, "rotationZ": 0.0 },
						"Lwing": {  },
						"Lin1": { "rotationX": 15.0, "rotationY": 0.0, "rotationZ": 0.0 },
						"Lin2": { "rotationX": 5.0, "rotationY": 0.0, "rotationZ": 0.0 }
					}
				}
			]
		}
	]
}