{
	"editor": {
		"backDropShape": "entity/land/basiccart",
		"collapsedPaths": "Root/ORIGIN/CanopyTop/CanopyTopRidge,Root/ORIGIN/RightBeam1,Root/ORIGIN/CanopyTop/CanopyTopRidge5,Root/ORIGIN/TopBeam,Root/ORIGIN/CanopyTop/CanopyTop5,Root/ORIGIN/CanopyTop41,Root/ORIGIN/CanopyTop/CanopyTop9,Root/ORIGIN/CanopyTop/CanopyTopRidge10",
		"allAngles": false,
		"entityTextureMode": false
	},
	"textureWidth": 16,
	"textureHeight": 16,
	"textureSizes": {
		"oak-h": [16,16],
		"canopycolor3": [16,16],
		"canopycolor4": [16,16],
		"oak": [16,16],
		"iron": [16,16]
	},
	"textures": {
		"iron": "block/metal/plate/iron",
		"oak": "block/wood/debarked/oak"
	},
	"elements": [
		{
			"name": "ORIGIN",
			"from": [ 20.0, -1.3, 23.0 ],
			"to": [ 21.0, -0.3, 24.0 ],
			"rotationOrigin": [ 21.0, -2.6, 23.0 ],
			"rotationY": 90.0,
			"faces": {
			},
			"children": [
				{
					"name": "LeftBeam",
					"from": [ -7.9, 0.4, 0.0 ],
					"to": [ -6.1, 13.4, 1.3 ],
					"rotationOrigin": [ -7.9, 0.4, 0.0 ],
					"faces": {
						"north": { "texture": "#oak-h", "uv": [ 3.5, 0.0, 16.5, 1.5 ], "rotation": 90 },
						"east": { "texture": "#oak-h", "uv": [ 3.0, 0.0, 16.0, 1.0 ], "rotation": 90 },
						"south": { "texture": "#oak-h", "uv": [ 3.5, 0.0, 16.5, 1.5 ], "rotation": 90 },
						"west": { "texture": "#oak-h", "uv": [ 4.0, 0.0, 17.0, 1.0 ], "rotation": 90 },
						"up": { "texture": "#oak-h", "uv": [ 0.0, 0.0, 1.0, 1.5 ], "rotation": 90 },
						"down": { "texture": "#oak-h", "uv": [ 0.0, 0.0, 1.0, 1.5 ], "rotation": 90 }
					},
					"children": [
						{
							"name": "LeftBeam4",
							"from": [ 15.0, 0.0, 0.0 ],
							"to": [ 16.8, 9.0, 1.3 ],
							"rotationOrigin": [ 15.0, 0.0, 0.0 ],
							"faces": {
								"north": { "texture": "#oak-h", "uv": [ 3.5, 0.0, 12.5, 1.5 ], "rotation": 90 },
								"east": { "texture": "#oak-h", "uv": [ 3.0, 0.0, 12.0, 1.0 ], "rotation": 90 },
								"south": { "texture": "#oak-h", "uv": [ 3.5, 0.0, 12.5, 1.5 ], "rotation": 90 },
								"west": { "texture": "#oak-h", "uv": [ 4.0, 0.0, 13.0, 1.0 ], "rotation": 90 },
								"up": { "texture": "#oak-h", "uv": [ 0.0, 0.0, 1.0, 1.5 ], "rotation": 90 },
								"down": { "texture": "#oak-h", "uv": [ 0.0, 0.0, 1.0, 1.5 ], "rotation": 90 }
							}
						},
						{
							"name": "LeftBeam7",
							"from": [ 30.0, 0.0, 0.0 ],
							"to": [ 31.8, 13.0, 1.3 ],
							"rotationOrigin": [ 15.0, 0.0, 0.0 ],
							"faces": {
								"north": { "texture": "#oak-h", "uv": [ 3.5, 0.0, 16.5, 1.5 ], "rotation": 90 },
								"east": { "texture": "#oak-h", "uv": [ 3.0, 0.0, 16.0, 1.0 ], "rotation": 90 },
								"south": { "texture": "#oak-h", "uv": [ 3.5, 0.0, 16.5, 1.5 ], "rotation": 90 },
								"west": { "texture": "#oak-h", "uv": [ 4.0, 0.0, 17.0, 1.0 ], "rotation": 90 },
								"up": { "texture": "#oak-h", "uv": [ 0.0, 0.0, 1.0, 1.5 ], "rotation": 90 },
								"down": { "texture": "#oak-h", "uv": [ 0.0, 0.0, 1.0, 1.5 ], "rotation": 90 }
							}
						},
						{
							"name": "Nail",
							"from": [ 0.65, 2.7, -0.7 ],
							"to": [ 1.15, 3.2, 1.5 ],
							"rotationOrigin": [ 0.6, 2.7, -0.7 ],
							"faces": {
								"north": { "texture": "#iron", "uv": [ 0.0, 0.0, 0.5, 0.5 ] },
								"east": { "texture": "#iron", "uv": [ 0.0, 0.0, 2.0, 0.5 ] },
								"south": { "texture": "#iron", "uv": [ 0.0, 0.0, 0.5, 0.5 ] },
								"west": { "texture": "#iron", "uv": [ 0.0, 0.0, 2.0, 0.5 ] },
								"up": { "texture": "#iron", "uv": [ 0.0, 0.0, 0.5, 2.0 ] },
								"down": { "texture": "#iron", "uv": [ 0.0, 0.0, 0.5, 2.0 ] }
							},
							"children": [
								{
									"name": "Nail2",
									"from": [ 0.0, -2.0, 0.0 ],
									"to": [ 0.5, -1.5, 2.2 ],
									"rotationOrigin": [ 0.0, -2.0, 0.0 ],
									"faces": {
										"north": { "texture": "#iron", "uv": [ 0.0, 0.0, 0.5, 0.5 ] },
										"east": { "texture": "#iron", "uv": [ 0.0, 0.0, 2.0, 0.5 ] },
										"south": { "texture": "#iron", "uv": [ 0.0, 0.0, 0.5, 0.5 ] },
										"west": { "texture": "#iron", "uv": [ 0.0, 0.0, 2.0, 0.5 ] },
										"up": { "texture": "#iron", "uv": [ 0.0, 0.0, 0.5, 2.0 ] },
										"down": { "texture": "#iron", "uv": [ 0.0, 0.0, 0.5, 2.0 ] }
									}
								},
								{
									"name": "Nail5",
									"from": [ 15.0, 2.3, 0.0 ],
									"to": [ 15.5, 2.8, 2.2 ],
									"rotationOrigin": [ 15.0, 2.3, 0.0 ],
									"faces": {
										"north": { "texture": "#iron", "uv": [ 0.0, 0.0, 0.5, 0.5 ] },
										"east": { "texture": "#iron", "uv": [ 0.0, 0.0, 2.0, 0.5 ] },
										"south": { "texture": "#iron", "uv": [ 0.0, 0.0, 0.5, 0.5 ] },
										"west": { "texture": "#iron", "uv": [ 0.0, 0.0, 2.0, 0.5 ] },
										"up": { "texture": "#iron", "uv": [ 0.0, 0.0, 0.5, 2.0 ] },
										"down": { "texture": "#iron", "uv": [ 0.0, 0.0, 0.5, 2.0 ] }
									},
									"children": [
										{
											"name": "Nail6",
											"from": [ 0.0, 2.0, 0.0 ],
											"to": [ 0.5, 2.5, 2.2 ],
											"rotationOrigin": [ 0.0, 2.0, 0.0 ],
											"faces": {
												"north": { "texture": "#iron", "uv": [ 0.0, 0.0, 0.5, 0.5 ] },
												"east": { "texture": "#iron", "uv": [ 0.0, 0.0, 2.0, 0.5 ] },
												"south": { "texture": "#iron", "uv": [ 0.0, 0.0, 0.5, 0.5 ] },
												"west": { "texture": "#iron", "uv": [ 0.0, 0.0, 2.0, 0.5 ] },
												"up": { "texture": "#iron", "uv": [ 0.0, 0.0, 0.5, 2.0 ] },
												"down": { "texture": "#iron", "uv": [ 0.0, 0.0, 0.5, 2.0 ] }
											}
										}
									]
								},
								{
									"name": "Nail9",
									"from": [ 30.0, -2.0, 0.0 ],
									"to": [ 30.5, -1.5, 2.2 ],
									"rotationOrigin": [ 30.0, -2.0, 0.0 ],
									"faces": {
										"north": { "texture": "#iron", "uv": [ 0.0, 0.0, 0.5, 0.5 ] },
										"east": { "texture": "#iron", "uv": [ 0.0, 0.0, 2.0, 0.5 ] },
										"south": { "texture": "#iron", "uv": [ 0.0, 0.0, 0.5, 0.5 ] },
										"west": { "texture": "#iron", "uv": [ 0.0, 0.0, 2.0, 0.5 ] },
										"up": { "texture": "#iron", "uv": [ 0.0, 0.0, 0.5, 2.0 ] },
										"down": { "texture": "#iron", "uv": [ 0.0, 0.0, 0.5, 2.0 ] }
									},
									"children": [
										{
											"name": "Nail10",
											"from": [ 0.0, 2.0, 0.0 ],
											"to": [ 0.5, 2.5, 2.2 ],
											"rotationOrigin": [ 0.0, 2.0, 0.0 ],
											"faces": {
												"north": { "texture": "#iron", "uv": [ 0.0, 0.0, 0.5, 0.5 ] },
												"east": { "texture": "#iron", "uv": [ 0.0, 0.0, 2.0, 0.5 ] },
												"south": { "texture": "#iron", "uv": [ 0.0, 0.0, 0.5, 0.5 ] },
												"west": { "texture": "#iron", "uv": [ 0.0, 0.0, 2.0, 0.5 ] },
												"up": { "texture": "#iron", "uv": [ 0.0, 0.0, 0.5, 2.0 ] },
												"down": { "texture": "#iron", "uv": [ 0.0, 0.0, 0.5, 2.0 ] }
											}
										}
									]
								}
							]
						},
						{
							"name": "Nail3",
							"from": [ 0.65, 11.4, -0.7 ],
							"to": [ 1.15, 11.9, 1.5 ],
							"rotationOrigin": [ 0.6, 11.4, -0.7 ],
							"faces": {
								"north": { "texture": "#iron", "uv": [ 0.0, 0.0, 0.5, 0.5 ] },
								"east": { "texture": "#iron", "uv": [ 0.0, 0.0, 2.0, 0.5 ] },
								"south": { "texture": "#iron", "uv": [ 0.0, 0.0, 0.5, 0.5 ] },
								"west": { "texture": "#iron", "uv": [ 0.0, 0.0, 2.0, 0.5 ] },
								"up": { "texture": "#iron", "uv": [ 0.0, 0.0, 0.5, 2.0 ] },
								"down": { "texture": "#iron", "uv": [ 0.0, 0.0, 0.5, 2.0 ] }
							},
							"children": [
								{
									"name": "Nail4",
									"from": [ 0.0, -2.0, 0.0 ],
									"to": [ 0.5, -1.5, 2.2 ],
									"rotationOrigin": [ 0.0, -2.0, 0.0 ],
									"faces": {
										"north": { "texture": "#iron", "uv": [ 0.0, 0.0, 0.5, 0.5 ] },
										"east": { "texture": "#iron", "uv": [ 0.0, 0.0, 2.0, 0.5 ] },
										"south": { "texture": "#iron", "uv": [ 0.0, 0.0, 0.5, 0.5 ] },
										"west": { "texture": "#iron", "uv": [ 0.0, 0.0, 2.0, 0.5 ] },
										"up": { "texture": "#iron", "uv": [ 0.0, 0.0, 0.5, 2.0 ] },
										"down": { "texture": "#iron", "uv": [ 0.0, 0.0, 0.5, 2.0 ] }
									}
								},
								{
									"name": "Nail11",
									"from": [ 30.0, -2.0, 0.0 ],
									"to": [ 30.5, -1.5, 2.2 ],
									"rotationOrigin": [ 30.0, -2.0, 0.0 ],
									"faces": {
										"north": { "texture": "#iron", "uv": [ 0.0, 0.0, 0.5, 0.5 ] },
										"east": { "texture": "#iron", "uv": [ 0.0, 0.0, 2.0, 0.5 ] },
										"south": { "texture": "#iron", "uv": [ 0.0, 0.0, 0.5, 0.5 ] },
										"west": { "texture": "#iron", "uv": [ 0.0, 0.0, 2.0, 0.5 ] },
										"up": { "texture": "#iron", "uv": [ 0.0, 0.0, 0.5, 2.0 ] },
										"down": { "texture": "#iron", "uv": [ 0.0, 0.0, 0.5, 2.0 ] }
									},
									"children": [
										{
											"name": "Nail12",
											"from": [ 0.0, 2.0, 0.0 ],
											"to": [ 0.5, 2.5, 2.2 ],
											"rotationOrigin": [ 0.0, 2.0, 0.0 ],
											"faces": {
												"north": { "texture": "#iron", "uv": [ 0.0, 0.0, 0.5, 0.5 ] },
												"east": { "texture": "#iron", "uv": [ 0.0, 0.0, 2.0, 0.5 ] },
												"south": { "texture": "#iron", "uv": [ 0.0, 0.0, 0.5, 0.5 ] },
												"west": { "texture": "#iron", "uv": [ 0.0, 0.0, 2.0, 0.5 ] },
												"up": { "texture": "#iron", "uv": [ 0.0, 0.0, 0.5, 2.0 ] },
												"down": { "texture": "#iron", "uv": [ 0.0, 0.0, 0.5, 2.0 ] }
											}
										}
									]
								}
							]
						}
					]
				},
				{
					"name": "Board2",
					"from": [ -7.32, 0.71, -0.5 ],
					"to": [ 8.68, 3.71, 0.0 ],
					"rotationOrigin": [ -7.3198, 0.7102, -0.5 ],
					"rotationZ": 16.0,
					"faces": {
						"north": { "texture": "#oak", "uv": [ 0.0, 0.0, 16.0, 3.0 ] },
						"east": { "texture": "#oak", "uv": [ 0.0, 0.0, 0.5, 3.0 ] },
						"south": { "texture": "#oak", "uv": [ 0.0, 0.0, 16.0, 3.0 ] },
						"west": { "texture": "#oak", "uv": [ 0.0, 0.0, 0.5, 3.0 ] },
						"up": { "texture": "#oak", "uv": [ 0.0, 0.0, 16.0, 0.5 ] },
						"down": { "texture": "#oak", "uv": [ 0.0, 0.0, 16.0, 0.5 ] }
					},
					"children": [
						{
							"name": "Board3",
							"from": [ 16.0, 0.0, 0.0 ],
							"to": [ 32.0, 3.0, 0.5 ],
							"rotationOrigin": [ 16.0, 0.0, 0.0 ],
							"rotationX": 0.0,
							"rotationY": 0.0,
							"rotationZ": 0.0,
							"faces": {
								"north": { "texture": "#oak", "uv": [ 0.0, 0.0, 16.0, 3.0 ] },
								"east": { "texture": "#oak", "uv": [ 0.0, 0.0, 0.5, 3.0 ] },
								"south": { "texture": "#oak", "uv": [ 0.0, 0.0, 16.0, 3.0 ] },
								"west": { "texture": "#oak", "uv": [ 0.0, 0.0, 0.5, 3.0 ] },
								"up": { "texture": "#oak", "uv": [ 0.0, 0.0, 16.0, 0.5 ] },
								"down": { "texture": "#oak", "uv": [ 0.0, 0.0, 16.0, 0.5 ] }
							}
						},
						{
							"name": "Board4",
							"from": [ 32.0, 0.0, 0.0 ],
							"to": [ 37.0, 3.0, 0.5 ],
							"rotationOrigin": [ 32.0, 0.0, 0.0 ],
							"rotationX": 0.0,
							"rotationY": 0.0,
							"rotationZ": 0.0,
							"faces": {
								"north": { "texture": "#oak", "uv": [ 1.5, 0.0, 6.5, 3.0 ] },
								"east": { "texture": "#oak", "uv": [ 0.0, 0.0, 0.5, 3.0 ] },
								"south": { "texture": "#oak", "uv": [ 2.0, 0.0, 7.0, 3.0 ] },
								"west": { "texture": "#oak", "uv": [ 0.0, 0.0, 0.5, 3.0 ] },
								"up": { "texture": "#oak", "uv": [ 0.0, 0.0, 5.0, 0.5 ] },
								"down": { "texture": "#oak", "uv": [ 0.0, 0.0, 5.0, 0.5 ] }
							}
						},
						{
							"name": "Board",
							"from": [ -2.2, 0.0, 0.0 ],
							"to": [ 0.0, 3.0, 0.5 ],
							"rotationOrigin": [ -2.2, 0.0, 0.0 ],
							"rotationX": 0.0,
							"rotationY": 0.0,
							"rotationZ": 0.0,
							"faces": {
								"north": { "texture": "#oak", "uv": [ 0.0, 0.0, 2.0, 3.0 ] },
								"east": { "texture": "#oak", "uv": [ 0.0, 0.0, 0.5, 3.0 ] },
								"south": { "texture": "#oak", "uv": [ 0.0, 0.0, 2.0, 3.0 ] },
								"west": { "texture": "#oak", "uv": [ 0.0, 0.0, 0.5, 3.0 ] },
								"up": { "texture": "#oak", "uv": [ 0.0, 0.0, 2.0, 0.5 ] },
								"down": { "texture": "#oak", "uv": [ 0.0, 0.0, 2.0, 0.5 ] }
							}
						}
					]
				},
				{
					"name": "Board8",
					"from": [ 23.38, -2.29, -0.5 ],
					"to": [ 39.38, 0.71, 0.0 ],
					"rotationOrigin": [ 23.38, 0.71, -0.5 ],
					"rotationZ": 164.0,
					"faces": {
						"north": { "texture": "#oak", "uv": [ 0.0, 0.0, 16.0, 3.0 ] },
						"east": { "texture": "#oak", "uv": [ 0.0, 0.0, 0.5, 3.0 ] },
						"south": { "texture": "#oak", "uv": [ 0.0, 0.0, 16.0, 3.0 ] },
						"west": { "texture": "#oak", "uv": [ 0.0, 0.0, 0.5, 3.0 ] },
						"up": { "texture": "#oak", "uv": [ 0.0, 0.0, 16.0, 0.5 ] },
						"down": { "texture": "#oak", "uv": [ 0.0, 0.0, 16.0, 0.5 ] }
					},
					"children": [
						{
							"name": "Board12",
							"from": [ 16.0, 0.0, 0.0 ],
							"to": [ 32.0, 3.0, 0.5 ],
							"rotationOrigin": [ 16.0, 0.0, 0.0 ],
							"rotationX": 0.0,
							"rotationY": 0.0,
							"rotationZ": 0.0,
							"faces": {
								"north": { "texture": "#oak", "uv": [ 0.0, 0.0, 16.0, 3.0 ] },
								"east": { "texture": "#oak", "uv": [ 0.0, 0.0, 0.5, 3.0 ] },
								"south": { "texture": "#oak", "uv": [ 0.0, 0.0, 16.0, 3.0 ] },
								"west": { "texture": "#oak", "uv": [ 0.0, 0.0, 0.5, 3.0 ] },
								"up": { "texture": "#oak", "uv": [ 0.0, 0.0, 16.0, 0.5 ] },
								"down": { "texture": "#oak", "uv": [ 0.0, 0.0, 16.0, 0.5 ] }
							}
						},
						{
							"name": "Board13",
							"from": [ 32.0, 0.0, 0.0 ],
							"to": [ 37.0, 3.0, 0.5 ],
							"rotationOrigin": [ 32.0, 0.0, 0.0 ],
							"rotationX": 0.0,
							"rotationY": 0.0,
							"rotationZ": 0.0,
							"faces": {
								"north": { "texture": "#oak", "uv": [ 1.5, 0.0, 6.5, 3.0 ] },
								"east": { "texture": "#oak", "uv": [ 0.0, 0.0, 0.5, 3.0 ] },
								"south": { "texture": "#oak", "uv": [ 2.0, 0.0, 7.0, 3.0 ] },
								"west": { "texture": "#oak", "uv": [ 0.0, 0.0, 0.5, 3.0 ] },
								"up": { "texture": "#oak", "uv": [ 0.0, 0.0, 5.0, 0.5 ] },
								"down": { "texture": "#oak", "uv": [ 0.0, 0.0, 5.0, 0.5 ] }
							}
						},
						{
							"name": "Board14",
							"from": [ -2.2, 0.0, 0.0 ],
							"to": [ 0.0, 3.0, 0.5 ],
							"rotationOrigin": [ -2.2, 0.0, 0.0 ],
							"rotationX": 0.0,
							"rotationY": 0.0,
							"rotationZ": 0.0,
							"faces": {
								"north": { "texture": "#oak", "uv": [ 0.0, 0.0, 2.0, 3.0 ] },
								"east": { "texture": "#oak", "uv": [ 0.0, 0.0, 0.5, 3.0 ] },
								"south": { "texture": "#oak", "uv": [ 0.0, 0.0, 2.0, 3.0 ] },
								"west": { "texture": "#oak", "uv": [ 0.0, 0.0, 0.5, 3.0 ] },
								"up": { "texture": "#oak", "uv": [ 0.0, 0.0, 2.0, 0.5 ] },
								"down": { "texture": "#oak", "uv": [ 0.0, 0.0, 2.0, 0.5 ] }
							}
						}
					]
				}
			]
		}
	]}