{
	"editor": {
		"backDropShape": "entity/land/cart1",
		"collapsedPaths": "Root/ORIGIN/LeftBeam",
		"allAngles": false,
		"entityTextureMode": false
	},
	"textureWidth": 16,
	"textureHeight": 16,
	"textureSizes": {
		"oak-h": [16,16],
		"oak": [16,16]
	},
	"textures": {
	},
	"elements": [
		{
			"name": "ORIGIN",
			"from": [ 1.2, 0.0, 0.0 ],
			"to": [ 2.2, 1.0, 1.0 ],
			"rotationOrigin": [ 1.2, 0.0, 0.0 ],
			"faces": {
			},
			"children": [
				{
					"name": "Top5",
					"from": [ 5.0, 0.5, 2.0 ],
					"to": [ 8.0, 1.0, 18.0 ],
					"rotationOrigin": [ 12.0, 1.5, 10.0 ],
					"rotationX": -180.0,
					"rotationY": 22.0,
					"faces": {
						"north": { "texture": "#oak", "uv": [ 0.0, 0.0, 3.0, 0.5 ] },
						"east": { "texture": "#oak", "uv": [ 0.0, 0.0, 16.0, 0.5 ] },
						"south": { "texture": "#oak", "uv": [ 0.0, 0.0, 3.0, 0.5 ] },
						"west": { "texture": "#oak", "uv": [ 0.0, 0.0, 16.0, 0.5 ] },
						"up": { "texture": "#oak", "uv": [ 0.0, 0.0, 3.0, 16.0 ] },
						"down": { "texture": "#oak", "uv": [ 0.0, 0.0, 3.0, 16.0 ] }
					},
					"children": [
						{
							"name": "Top6",
							"from": [ -1.3, 0.1, 4.0 ],
							"to": [ 1.7, 0.6, 20.0 ],
							"rotationOrigin": [ 5.7, 1.1, 12.0 ],
							"rotationY": -44.0,
							"faces": {
								"north": { "texture": "#oak", "uv": [ 0.0, 0.0, 3.0, 0.5 ] },
								"east": { "texture": "#oak", "uv": [ 0.0, 0.0, 16.0, 0.5 ] },
								"south": { "texture": "#oak", "uv": [ 0.0, 0.0, 3.0, 0.5 ] },
								"west": { "texture": "#oak", "uv": [ 0.0, 0.0, 16.0, 0.5 ] },
								"up": { "texture": "#oak", "uv": [ 0.0, 0.0, 3.0, 16.0 ] },
								"down": { "texture": "#oak", "uv": [ 0.0, 0.0, 3.0, 16.0 ] }
							}
						}
					]
				},
				{
					"name": "Beam",
					"from": [ -0.5, 2.0, 15.1 ],
					"to": [ 1.5, 12.8, 16.6 ],
					"rotationOrigin": [ 1.5, 2.0, 15.1 ],
					"rotationX": 180.0,
					"rotationZ": -90.0,
					"faces": {
						"north": { "texture": "#oak-h", "uv": [ 0.0, 0.0, 10.5, 2.0 ], "rotation": 90 },
						"east": { "texture": "#oak-h", "uv": [ 0.0, 0.0, 10.5, 1.5 ], "rotation": 90 },
						"south": { "texture": "#oak-h", "uv": [ 0.0, 0.0, 10.5, 2.0 ], "rotation": 90 },
						"west": { "texture": "#oak-h", "uv": [ 0.0, 0.0, 10.5, 1.5 ], "rotation": 90 },
						"up": { "texture": "#oak-h", "uv": [ 0.0, 0.0, 1.5, 2.0 ], "rotation": 90 },
						"down": { "texture": "#oak-h", "uv": [ 0.0, 0.0, 1.5, 2.0 ], "rotation": 90 }
					},
					"children": [
						{
							"name": "Beam2",
							"from": [ 0.0, 0.0, 12.6 ],
							"to": [ 2.0, 10.8, 14.1 ],
							"rotationOrigin": [ 2.0, 0.0, 12.6 ],
							"faces": {
								"north": { "texture": "#oak-h", "uv": [ 0.0, 0.0, 10.5, 2.0 ], "rotation": 90 },
								"east": { "texture": "#oak-h", "uv": [ 0.0, 0.0, 10.5, 1.5 ], "rotation": 90 },
								"south": { "texture": "#oak-h", "uv": [ 0.0, 0.0, 10.5, 2.0 ], "rotation": 90 },
								"west": { "texture": "#oak-h", "uv": [ 0.0, 0.0, 10.5, 1.5 ], "rotation": 90 },
								"up": { "texture": "#oak-h", "uv": [ 0.0, 0.0, 1.5, 2.0 ], "rotation": 90 },
								"down": { "texture": "#oak-h", "uv": [ 0.0, 0.0, 1.5, 2.0 ], "rotation": 90 }
							}
						}
					]
				}
			]
		}
	]}