{
  "textureWidth": 32,
  "textureHeight": 32,
  "textures": {
    "hat": "froghats:entity/humanoid/seraphclothes/head/froghat-green"
  },
  "elements": [
    {
      "name": "Froghat",
      "stepParentName": "Head",
      "from": [-0.5, 4.4, -0.6],
      "to": [6.3, 5.8, 5.6],
      "faces": {
        "north": { "texture": "#hat", "uv": [3.0, 28.0, 9.5, 29.0] },
        "east":  { "texture": "#hat", "uv": [8.0, 12.0, 14.0, 13.0] },
        "south": { "texture": "#hat", "uv": [1.0, 26.0, 7.5, 27.0] },
        "west":  { "texture": "#hat", "uv": [2.0, 24.0, 8.0, 25.0] },
        "up":    { "texture": "#hat", "uv": [5.0, 18.0, 11.5, 24.0] },
        "down":  { "texture": "#hat", "uv": [7.0, 13.0, 13.5, 19.0] }
      },
      "children": [
        {
          "name": "Rim1",
          "from": [-0.6, 0.0, -1.1],
          "to": [7.4, 0.3, 0.9],
          "rotationOrigin": [-0.6, 0.0, -1.6],
          "rotationX": -12.0,
          "faces": {
            "north": { "texture": "#hat", "uv": [2.0, 12.0, 10.0, 12.5] },
            "east":  { "texture": "#hat", "uv": [16.0, 12.0, 18.0, 12.5] },
            "south": { "texture": "#hat", "uv": [8.0, 19.0, 16.0, 19.5] },
            "west":  { "texture": "#hat", "uv": [22.0, 13.0, 24.0, 13.5] },
            "up":    { "texture": "#hat", "uv": [14.0, 21.0, 22.0, 23.0] },
            "down":  { "texture": "#hat", "uv": [14.0, 12.0, 22.0, 14.0] }
          }
        },
        {
          "name": "Rim2",
          "from": [-0.6, 0.7, 5.4],
          "to": [7.4, 1.0, 7.4],
          "rotationOrigin": [-0.6, 1.0, 4.4],
          "rotationX": 12.0,
          "faces": {
            "north": { "texture": "#hat", "uv": [1.0, 17.0, 9.0, 17.5] },
            "east":  { "texture": "#hat", "uv": [16.0, 17.0, 18.0, 17.5] },
            "south": { "texture": "#hat", "uv": [9.0, 16.0, 17.0, 16.5] },
            "west":  { "texture": "#hat", "uv": [25.0, 11.0, 27.0, 11.5] },
            "up":    { "texture": "#hat", "uv": [0.0, 13.0, 8.0, 15.0] },
            "down":  { "texture": "#hat", "uv": [16.0, 13.0, 24.0, 15.0] }
          }
        },
        {
          "name": "Rim3",
          "from": [-1.0, 0.1, -0.9],
          "to": [1.0, 0.4, 7.1],
          "rotationOrigin": [-1.0, 0.4, -0.9],
          "rotationZ": 12.0,
          "faces": {
            "north": { "texture": "#hat", "uv": [1.0, 27.0, 3.0, 27.5] },
            "east":  { "texture": "#hat", "uv": [5.0, 27.0, 13.0, 27.5] },
            "south": { "texture": "#hat", "uv": [21.0, 27.0, 23.0, 27.5] },
            "west":  { "texture": "#hat", "uv": [15.0, 20.0, 23.0, 20.5] },
            "up":    { "texture": "#hat", "uv": [4.0, 11.0, 6.0, 19.0] },
            "down":  { "texture": "#hat", "uv": [9.0, 12.0, 11.0, 20.0] }
          }
        },
        {
          "name": "Rim4",
          "from": [7.7, 0.1, 7.1],
          "to": [9.7, 0.4, 15.1],
          "rotationOrigin": [7.7, 0.4, 7.1],
          "rotationY": 180.0,
          "rotationZ": 12.0,
          "faces": {
            "north": { "texture": "#hat", "uv": [5.0, 16.0, 7.0, 16.5] },
            "east":  { "texture": "#hat", "uv": [9.0, 16.0, 17.0, 16.5] },
            "south": { "texture": "#hat", "uv": [25.0, 16.0, 27.0, 16.5] },
            "west":  { "texture": "#hat", "uv": [7.0, 16.0, 15.0, 16.5] },
            "up":    { "texture": "#hat", "uv": [16.0, 16.0, 18.0, 24.0] },
            "down":  { "texture": "#hat", "uv": [0.0, 15.0, 2.0, 23.0] }
          }
        },
        {
          "name": "Hatpart1",
          "from": [0.6, 1.4, 0.6],
          "to": [6.1, 2.1, 5.6],
          "rotationOrigin": [0.6, 1.4, 0.6],
          "faces": {
            "north": { "texture": "#hat", "uv": [6.0, 18.0, 11.5, 18.5] },
            "east":  { "texture": "#hat", "uv": [13.0, 19.0, 18.0, 19.5] },
            "south": { "texture": "#hat", "uv": [12.0, 18.0, 17.5, 18.5] },
            "west":  { "texture": "#hat", "uv": [10.0, 18.0, 15.0, 18.5] },
            "up":    { "texture": "#hat", "uv": [8.0, 13.0, 13.5, 18.0] },
            "down":  { "texture": "#hat", "uv": [16.0, 16.0, 21.5, 21.0] }
          }
        },
        {
          "name": "Hatpart2",
          "from": [1.0, 2.1, 1.1],
          "to": [5.6, 2.8, 5.1],
          "rotationOrigin": [1.0, 2.1, 1.1],
          "faces": {
            "north": { "texture": "#hat", "uv": [14.0, 21.0, 18.5, 21.5] },
            "east":  { "texture": "#hat", "uv": [16.0, 12.0, 20.0, 12.5] },
            "south": { "texture": "#hat", "uv": [18.0, 12.0, 22.5, 12.5] },
            "west":  { "texture": "#hat", "uv": [16.0, 14.0, 20.0, 14.5] },
            "up":    { "texture": "#hat", "uv": [17.0, 19.0, 21.5, 23.0] },
            "down":  { "texture": "#hat", "uv": [15.0, 13.0, 19.5, 17.0] }
          }
        },
        {
          "name": "Hatpart3",
          "from": [1.6, 2.8, 1.6],
          "to": [5.0, 3.2, 4.6],
          "rotationOrigin": [1.6, 2.8, 1.6],
          "faces": {
            "north": { "texture": "#hat", "uv": [15.0, 22.0, 18.0, 22.5] },
            "east":  { "texture": "#hat", "uv": [21.0, 21.0, 24.0, 21.5] },
            "south": { "texture": "#hat", "uv": [22.0, 22.0, 25.0, 22.5] },
            "west":  { "texture": "#hat", "uv": [24.0, 23.0, 27.0, 23.5] },
            "up":    { "texture": "#hat", "uv": [14.0, 19.0, 17.0, 22.0] },
            "down":  { "texture": "#hat", "uv": [21.0, 15.0, 24.0, 18.0] }
          }
        },
        {
          "name": "Bobbel",
          "from": [2.8, 3.2, 2.6],
          "to": [3.8, 3.3, 3.6],
          "rotationOrigin": [2.8, 3.2, 2.6],
          "faces": {
            "north": { "texture": "#hat", "uv": [3.0, 24.0, 4.0, 24.5] },
            "east":  { "texture": "#hat", "uv": [5.0, 24.0, 6.0, 24.5] },
            "south": { "texture": "#hat", "uv": [13.0, 26.0, 14.0, 26.5] },
            "west":  { "texture": "#hat", "uv": [9.0, 25.0, 10.0, 25.5] },
            "up":    { "texture": "#hat", "uv": [3.0, 22.0, 4.0, 23.0] },
            "down":  { "texture": "#hat", "uv": [5.0, 22.0, 6.0, 23.0] }
          }
        },
        {
          "name": "Eyepart1",
          "from": [3.0, 2.0, -0.3],
          "to": [3.5, 3.5, 1.2],
          "rotationOrigin": [6.0, 2.0, -0.4],
          "faces": {
            "north": { "texture": "#hat", "uv": [20.0, 23.0, 20.5, 24.5] },
            "east":  { "texture": "#hat", "uv": [21.0, 23.0, 22.5, 24.5] },
            "south": { "texture": "#hat", "uv": [24.0, 23.0, 24.5, 24.5] },
            "west":  { "texture": "#hat", "uv": [25.0, 23.0, 26.5, 24.5] },
            "up":    { "texture": "#hat", "uv": [20.0, 20.0, 20.5, 21.5] },
            "down":  { "texture": "#hat", "uv": [21.0, 20.0, 21.5, 21.5] }
          },
          "children": [
            {
              "name": "Eye1",
              "from": [-0.1, 0.25, 0.25],
              "to": [0.1, 1.25, 1.25],
              "rotationOrigin": [-0.1, 0.2, 0.2],
              "faces": {
                "north": { "texture": "#hat", "uv": [3.0, 4.0, 4.0, 6.0] },
                "east":  { "texture": "#hat", "uv": [0.0, 2.0, 2.0, 4.0] },
                "south": { "texture": "#hat", "uv": [1.0, 3.0, 2.0, 5.0] },
                "west":  { "texture": "#hat", "uv": [1.0, 4.0, 3.0, 6.0] },
                "up":    { "texture": "#hat", "uv": [1.0, 3.0, 2.0, 5.0] },
                "down":  { "texture": "#hat", "uv": [2.0, 3.0, 3.0, 5.0] }
              },
              "children": [
                {
                  "name": "Cube3",
                  "from": [-0.1, 0.2, 0.2],
                  "to": [0.5, 0.8, 0.8],
                  "rotationOrigin": [-0.1, 0.2, 0.2],
                  "faces": {
                    "north": { "texture": "#hat", "uv": [29.0, 3.0, 30.0, 4.0] },
                    "east":  { "texture": "#hat", "uv": [27.0, 2.0, 28.0, 3.0] },
                    "south": { "texture": "#hat", "uv": [29.0, 2.0, 30.0, 3.0] },
                    "west":  { "texture": "#hat", "uv": [28.0, 2.0, 29.0, 3.0] },
                    "up":    { "texture": "#hat", "uv": [29.0, 2.0, 30.0, 3.0] },
                    "down":  { "texture": "#hat", "uv": [29.0, 3.0, 30.0, 4.0] }
                  }
                }
              ]
            }
          ]
        },
        {
          "name": "Eyepart2",
          "from": [3.0, 2.0, 6.5],
          "to": [3.5, 3.5, 5.0],
          "rotationOrigin": [3.0, 2.0, 6.5],
          "faces": {
            "north": { "texture": "#hat", "uv": [12.0, 16.0, 12.5, 17.5] },
            "east":  { "texture": "#hat", "uv": [15.0, 12.0, 15.5, 13.5] },
            "south": { "texture": "#hat", "uv": [18.0, 13.0, 18.5, 14.5] },
            "west":  { "texture": "#hat", "uv": [19.0, 12.0, 19.5, 13.5] },
            "up":    { "texture": "#hat", "uv": [22.0, 21.0, 22.5, 21.5] },
            "down":  { "texture": "#hat", "uv": [8.0, 22.0, 8.5, 22.5] }
          },
          "children": [
            {
              "name": "Eye2",
              "from": [-0.1, 0.25, -1.25],
              "to": [0.1, 1.25, -0.25],
              "rotationOrigin": [-0.1, 0.2, -1.3],
              "faces": {
                "north": { "texture": "#hat", "uv": [2.0, 3.0, 2.5, 4.0] },
                "east":  { "texture": "#hat", "uv": [1.0, 2.0, 2.0, 3.0] },
                "south": { "texture": "#hat", "uv": [1.0, 3.0, 1.5, 4.0] },
                "west":  { "texture": "#hat", "uv": [2.0, 3.0, 3.0, 4.0] },
                "up":    { "texture": "#hat", "uv": [2.0, 2.0, 2.5, 3.0] },
                "down":  { "texture": "#hat", "uv": [1.0, 2.0, 1.5, 3.0] }
              },
              "children": [
                {
                  "name": "Cube2",
                  "from": [-0.1, 0.2, 0.2],
                  "to": [0.5, 0.8, 0.8],
                  "rotationOrigin": [-0.1, 0.2, 0.2],
                  "faces": {
                    "north": { "texture": "#hat", "uv": [29.0, 1.0, 30.0, 2.0] },
                    "east":  { "texture": "#hat", "uv": [31.0, 2.0, 32.0, 3.0] },
                    "south": { "texture": "#hat", "uv": [30.0, 1.0, 31.0, 2.0] },
                    "west":  { "texture": "#hat", "uv": [28.0, 1.0, 29.0, 2.0] },
                    "up":    { "texture": "#hat", "uv": [30.0, 1.0, 31.0, 2.0] },
                    "down":  { "texture": "#hat", "uv": [30.0, 1.0, 31.0, 2.0] }
                  }
                }
              ]
            }
          ]
        }
      ]
    }
  ]
}
