{
  "editor": {
    "allAngles": false,
    "entityTextureMode": false
  },
  "textureWidth": 32,
  "textureHeight": 32,
  "textures": {
    "kerochan": "froghats:entity/humanoid/seraphclothes/head/kerochan"
  },
  "elements": [
    {
      "name": "Kerochan",
      "stepParentName": "Head",
      "from": [-0.5, 4.4, -0.6],
      "to": [6.3, 5.8, 5.6],
      "faces": {
        "north": { "texture": "#kerochan", "uv": [13.0, 26.0, 19.0, 27.0] },
        "east":  { "texture": "#kerochan", "uv": [12.0, 16.0, 18.0, 17.0] },
        "south": { "texture": "#kerochan", "uv": [14.0, 25.0, 20.0, 26.0] },
        "west":  { "texture": "#kerochan", "uv": [15.0, 26.0, 21.0, 27.0] },
        "up":    { "texture": "#kerochan", "uv": [9.0, 17.0, 15.0, 23.0] },
        "down":  { "texture": "#kerochan", "uv": [7.0, 13.0, 13.0, 19.0] }
      },
      "children": [
        {
          "name": "Rim1",
          "from": [-1.6, 0.0, -2.1],
          "to": [8.4, 0.3, 0.9],
          "rotationOrigin": [-1.6, 0.0, -2.6],
          "rotationX": -12.0,
          "faces": {
            "north": { "texture": "#kerochan", "uv": [2.0, 12.0, 12.0, 13.0] },
            "east":  { "texture": "#kerochan", "uv": [16.0, 12.0, 19.0, 13.0] },
            "south": { "texture": "#kerochan", "uv": [8.0, 19.0, 18.0, 20.0] },
            "west":  { "texture": "#kerochan", "uv": [22.0, 13.0, 25.0, 14.0] },
            "up":    { "texture": "#kerochan", "uv": [1.0, 16.0, 11.0, 19.0] },
            "down":  { "texture": "#kerochan", "uv": [5.0, 16.0, 15.0, 19.0] }
          }
        },
        {
          "name": "Rim2",
          "from": [-1.6, 0.9, 5.4],
          "to": [8.4, 1.2, 8.4],
          "rotationOrigin": [-1.6, 1.2, 4.4],
          "rotationX": 12.0,
          "faces": {
            "north": { "texture": "#kerochan", "uv": [1.0, 17.0, 11.0, 18.0] },
            "east":  { "texture": "#kerochan", "uv": [13.0, 17.0, 16.0, 18.0] },
            "south": { "texture": "#kerochan", "uv": [6.0, 24.0, 16.0, 25.0] },
            "west":  { "texture": "#kerochan", "uv": [7.0, 23.0, 10.0, 24.0] },
            "up":    { "texture": "#kerochan", "uv": [7.0, 22.0, 17.0, 25.0] },
            "down":  { "texture": "#kerochan", "uv": [-1.0, 20.0, 9.0, 23.0] }
          }
        },
        {
          "name": "Rim3",
          "from": [-2.0, 0.1, -1.9],
          "to": [1.0, 0.4, 8.1],
          "rotationOrigin": [-2.0, 0.4, -1.9],
          "rotationZ": 12.0,
          "faces": {
            "north": { "texture": "#kerochan", "uv": [8.0, 23.0, 11.0, 24.0] },
            "east":  { "texture": "#kerochan", "uv": [5.0, 24.0, 15.0, 25.0] },
            "south": { "texture": "#kerochan", "uv": [8.0, 23.0, 11.0, 24.0] },
            "west":  { "texture": "#kerochan", "uv": [8.0, 23.0, 18.0, 24.0] },
            "up":    { "texture": "#kerochan", "uv": [5.0, 17.0, 8.0, 27.0] },
            "down":  { "texture": "#kerochan", "uv": [5.0, 16.0, 8.0, 26.0] }
          }
        },
        {
          "name": "Rim4",
          "from": [8.7, 0.1, 8.1],
          "to": [11.7, 0.4, 18.1],
          "rotationOrigin": [8.7, 0.4, 8.1],
          "rotationY": 180.0,
          "rotationZ": 12.0,
          "faces": {
            "north": { "texture": "#kerochan", "uv": [5.0, 20.0, 8.0, 21.0] },
            "east":  { "texture": "#kerochan", "uv": [3.0, 21.0, 13.0, 22.0] },
            "south": { "texture": "#kerochan", "uv": [6.0, 21.0, 9.0, 22.0] },
            "west":  { "texture": "#kerochan", "uv": [3.0, 26.0, 13.0, 27.0] },
            "up":    { "texture": "#kerochan", "uv": [13.0, 17.0, 16.0, 27.0] },
            "down":  { "texture": "#kerochan", "uv": [5.0, 15.0, 8.0, 25.0] }
          }
        },
        {
          "name": "Hatpart1",
          "from": [0.2, 1.4, 0.2],
          "to": [6.6, 2.1, 6.0],
          "rotationOrigin": [0.2, 1.4, 0.2],
          "faces": {
            "north": { "texture": "#kerochan", "uv": [15.0, 20.0, 21.0, 21.0] },
            "east":  { "texture": "#kerochan", "uv": [14.0, 19.0, 19.0, 20.0] },
            "south": { "texture": "#kerochan", "uv": [14.0, 19.0, 20.0, 20.0] },
            "west":  { "texture": "#kerochan", "uv": [14.0, 15.0, 19.0, 16.0], "windMode": [-1, -1, -1, -1] },
            "up":    { "texture": "#kerochan", "uv": [8.0, 13.0, 14.0, 18.0], "windMode": [-1, -1, -1, -1] },
            "down":  { "texture": "#kerochan", "uv": [4.0, 19.0, 10.0, 24.0], "windMode": [-1, -1, -1, -1] }
          }
        },
        {
          "name": "Hatpart2",
          "from": [0.5, 2.1, 0.6],
          "to": [6.1, 2.6, 5.6],
          "rotationOrigin": [0.5, 2.1, 0.6],
          "faces": {
            "north": { "texture": "#kerochan", "uv": [13.0, 21.0, 18.0, 22.0] },
            "east":  { "texture": "#kerochan", "uv": [14.0, 12.0, 19.0, 13.0], "windMode": [-1, -1, -1, -1] },
            "south": { "texture": "#kerochan", "uv": [14.0, 12.0, 19.0, 13.0], "windMode": [-1, -1, -1, -1] },
            "west":  { "texture": "#kerochan", "uv": [17.0, 19.0, 18.0, 24.0], "rotation": 90, "windMode": [-1, -1, -1, -1] },
            "up":    { "texture": "#kerochan", "uv": [13.0, 18.0, 18.0, 23.0], "windMode": [-1, -1, -1, -1] },
            "down":  { "texture": "#kerochan", "uv": [14.0, 16.0, 19.0, 21.0], "windMode": [-1, -1, -1, -1] }
          }
        },
        {
          "name": "Hatpart3",
          "from": [1.1, 2.6, 1.1],
          "to": [5.5, 3.0, 5.1],
          "rotationOrigin": [1.1, 2.6, 1.1],
          "faces": {
            "north": { "texture": "#kerochan", "uv": [17.0, 20.0, 18.0, 24.0], "rotation": 90 },
            "east":  { "texture": "#kerochan", "uv": [17.0, 21.0, 18.0, 25.0], "rotation": 90, "windMode": [-1, -1, -1, -1] },
            "south": { "texture": "#kerochan", "uv": [17.0, 20.0, 18.0, 24.0], "rotation": 90, "windMode": [-1, -1, -1, -1] },
            "west":  { "texture": "#kerochan", "uv": [17.0, 22.0, 18.0, 26.0], "rotation": 90, "windMode": [-1, -1, -1, -1] },
            "up":    { "texture": "#kerochan", "uv": [15.0, 16.0, 19.0, 20.0], "windMode": [-1, -1, -1, -1] },
            "down":  { "texture": "#kerochan", "uv": [15.0, 16.0, 19.0, 20.0], "windMode": [-1, -1, -1, -1] }
          }
        },
        {
          "name": "Eyepart1",
          "from": [0.0, 2.0, -0.6],
          "to": [0.8, 3.5, 0.9],
          "rotationOrigin": [3.0, 2.0, -0.7],
          "faces": {
            "north": { "texture": "#kerochan", "uv": [6.0, 4.0, 7.0, 5.0] },
            "east":  { "texture": "#kerochan", "uv": [7.0, 3.0, 8.0, 4.0] },
            "south": { "texture": "#kerochan", "uv": [4.0, 4.0, 5.0, 5.0] },
            "west":  { "texture": "#kerochan", "uv": [6.0, 3.0, 7.0, 4.0] },
            "up":    { "texture": "#kerochan", "uv": [4.0, 6.0, 5.0, 7.0] },
            "down":  { "texture": "#kerochan", "uv": [5.0, 4.0, 6.0, 5.0] }
          },
          "children": [
            {
              "name": "Eye1",
              "from": [-0.1, 0.25, 0.25],
              "to": [0.1, 1.25, 1.25],
              "rotationOrigin": [-0.1, 0.2, 0.2],
              "faces": {
                "north": { "texture": "#kerochan", "uv": [28.0, 3.0, 29.0, 4.0] },
                "east":  { "texture": "#kerochan", "uv": [28.0, 3.0, 29.0, 4.0] },
                "south": { "texture": "#kerochan", "uv": [28.0, 1.0, 29.0, 2.0] },
                "west":  { "texture": "#kerochan", "uv": [30.0, 3.0, 31.0, 4.0] },
                "up":    { "texture": "#kerochan", "uv": [27.0, 3.0, 28.0, 4.0] },
                "down":  { "texture": "#kerochan", "uv": [30.0, 3.0, 31.0, 4.0] }
              }
            }
          ]
        },
        {
          "name": "Eyepart2",
          "from": [0.0, 2.0, 6.8],
          "to": [0.8, 3.5, 5.3],
          "rotationOrigin": [0.0, 2.0, 6.8],
          "faces": {
            "north": { "texture": "#kerochan", "uv": [5.0, 2.0, 6.0, 3.0] },
            "east":  { "texture": "#kerochan", "uv": [4.0, 3.0, 5.0, 4.0], "windMode": [-1, -1, -1, -1] },
            "south": { "texture": "#kerochan", "uv": [4.0, 2.0, 5.0, 3.0], "windMode": [-1, -1, -1, -1] },
            "west":  { "texture": "#kerochan", "uv": [4.0, 3.0, 5.0, 4.0], "windMode": [-1, -1, -1, -1] },
            "up":    { "texture": "#kerochan", "uv": [6.0, 5.0, 7.0, 6.0], "windMode": [-1, -1, -1, -1] },
            "down":  { "texture": "#kerochan", "uv": [3.0, 4.0, 4.0, 5.0], "windMode": [-1, -1, -1, -1] }
          },
          "children": [
            {
              "name": "Eye2",
              "from": [-0.1, 0.25, -1.25],
              "to": [0.1, 1.25, -0.25],
              "rotationOrigin": [-0.1, 0.2, -1.3],
              "faces": {
                "north": { "texture": "#kerochan", "uv": [29.0, 4.0, 30.0, 5.0], "windMode": [-1, -1, -1, -1] },
                "east":  { "texture": "#kerochan", "uv": [29.0, 2.0, 30.0, 3.0], "windMode": [-1, -1, -1, -1] },
                "south": { "texture": "#kerochan", "uv": [30.0, 1.0, 31.0, 2.0], "windMode": [-1, -1, -1, -1] },
                "west":  { "texture": "#kerochan", "uv": [29.0, 4.0, 30.0, 5.0], "windMode": [-1, -1, -1, -1] },
                "up":    { "texture": "#kerochan", "uv": [27.0, 1.0, 28.0, 2.0], "windMode": [-1, -1, -1, -1] },
                "down":  { "texture": "#kerochan", "uv": [30.0, 3.0, 31.0, 4.0], "windMode": [-1, -1, -1, -1] }
              }
            }
          ]
        }
      ]
    }
  ]
}
