{
	"editor": {
		"collapsedPaths": "Root/MinerHelmetMain,Root/BootR,Root/Armor-ArmR,Root/Cube2/Cube1,Root/Armor-LowerTorso,Root/SwordBlade,Root/Armor-ArmL,Root/BootL,Root/BackpackMain,Root/origin,Root/LowerTorso,Root/Cube1,Root/Armor-Head,Root/Cube2/LowerTorso,Root/Cube2/origin",
		"allAngles": true,
		"entityTextureMode": true
	},
	"textureWidth": 64,
	"textureHeight": 64,
	"textureSizes": {
	},
	"textures": {
	},
	"elements": [
		{
			"name": "Base2",
			"from": [ 8.0, 0.0, 8.0 ],
			"to": [ 9.0, 0.25, 9.0 ],
			"unwrapMode": 4,
			"uv": [ 1.0, 0.5 ],
			"rotationOrigin": [ 8.3774, 0.0349, 8.3095 ],
			"faces": {
				"north": { "texture": "#base", "uv": [ 1.0, 6.0, 6.5, 11.0 ], "autoUv": false },
				"east": { "texture": "#base", "uv": [ 17.0, 6.0, 22.0, 11.0 ], "autoUv": false },
				"south": { "texture": "#base", "uv": [ 11.5, 6.0, 17.0, 11.0 ], "autoUv": false },
				"west": { "texture": "#base", "uv": [ 6.5, 6.0, 11.5, 11.0 ], "autoUv": false },
				"up": { "texture": "#base", "uv": [ 6.5, 0.5, 11.5, 6.0 ], "rotation": 90, "autoUv": false },
				"down": { "texture": "#base", "uv": [ 6.5, 11.0, 11.5, 16.5 ], "rotation": 90, "autoUv": false }
			},
			"children": [
				{
					"name": "Base3",
					"from": [ -1.0, 0.0, 0.0 ],
					"to": [ 0.0, 0.25, 1.0 ],
					"unwrapMode": 4,
					"uv": [ 1.0, 0.5 ],
					"rotationOrigin": [ -0.6226, 0.0049, 0.3096 ],
					"faces": {
						"north": { "texture": "#base", "uv": [ 1.0, 6.0, 6.5, 11.0 ], "autoUv": false },
						"east": { "texture": "#base", "uv": [ 17.0, 6.0, 22.0, 11.0 ], "autoUv": false },
						"south": { "texture": "#base", "uv": [ 11.5, 6.0, 17.0, 11.0 ], "autoUv": false },
						"west": { "texture": "#base", "uv": [ 6.5, 6.0, 11.5, 11.0 ], "autoUv": false },
						"up": { "texture": "#base", "uv": [ 6.5, 0.5, 11.5, 6.0 ], "rotation": 90, "autoUv": false },
						"down": { "texture": "#base", "uv": [ 6.5, 11.0, 11.5, 16.5 ], "rotation": 90, "autoUv": false }
					}
				},
				{
					"name": "Base12",
					"from": [ -1.0, 0.0, -1.0 ],
					"to": [ 0.0, 0.25, 0.0 ],
					"unwrapMode": 4,
					"uv": [ 1.0, 0.5 ],
					"rotationOrigin": [ -0.6226, 0.0049, -0.6905 ],
					"faces": {
						"north": { "texture": "#base", "uv": [ 1.0, 6.0, 6.5, 11.0 ], "autoUv": false },
						"east": { "texture": "#base", "uv": [ 17.0, 6.0, 22.0, 11.0 ], "autoUv": false },
						"south": { "texture": "#base", "uv": [ 11.5, 6.0, 17.0, 11.0 ], "autoUv": false },
						"west": { "texture": "#base", "uv": [ 6.5, 6.0, 11.5, 11.0 ], "autoUv": false },
						"up": { "texture": "#base", "uv": [ 6.5, 0.5, 11.5, 6.0 ], "rotation": 90, "autoUv": false },
						"down": { "texture": "#base", "uv": [ 6.5, 11.0, 11.5, 16.5 ], "rotation": 90, "autoUv": false }
					}
				},
				{
					"name": "Base17",
					"from": [ 0.0, 0.0, -1.0 ],
					"to": [ 1.0, 0.25, 0.0 ],
					"unwrapMode": 4,
					"uv": [ 1.0, 0.5 ],
					"rotationOrigin": [ 0.3774, 0.0049, -0.6904 ],
					"faces": {
						"north": { "texture": "#base", "uv": [ 1.0, 6.0, 6.5, 11.0 ], "autoUv": false },
						"east": { "texture": "#base", "uv": [ 17.0, 6.0, 22.0, 11.0 ], "autoUv": false },
						"south": { "texture": "#base", "uv": [ 11.5, 6.0, 17.0, 11.0 ], "autoUv": false },
						"west": { "texture": "#base", "uv": [ 6.5, 6.0, 11.5, 11.0 ], "autoUv": false },
						"up": { "texture": "#base", "uv": [ 6.5, 0.5, 11.5, 6.0 ], "rotation": 90, "autoUv": false },
						"down": { "texture": "#base", "uv": [ 6.5, 11.0, 11.5, 16.5 ], "rotation": 90, "autoUv": false }
					}
				},
				{
					"name": "Base4",
					"from": [ -1.3, 0.0, 0.0 ],
					"to": [ -1.0, 0.25, 1.0 ],
					"unwrapMode": 4,
					"uv": [ 1.0, 0.5 ],
					"rotationOrigin": [ -0.9226, 0.0049, 0.3096 ],
					"faces": {
						"north": { "texture": "#base", "uv": [ 1.0, 6.0, 6.5, 11.0 ], "autoUv": false },
						"east": { "texture": "#base", "uv": [ 17.0, 6.0, 22.0, 11.0 ], "autoUv": false },
						"south": { "texture": "#base", "uv": [ 11.5, 6.0, 17.0, 11.0 ], "autoUv": false },
						"west": { "texture": "#base", "uv": [ 6.5, 6.0, 11.5, 11.0 ], "autoUv": false },
						"up": { "texture": "#base", "uv": [ 6.5, 0.5, 11.5, 6.0 ], "rotation": 90, "autoUv": false },
						"down": { "texture": "#base", "uv": [ 6.5, 11.0, 11.5, 16.5 ], "rotation": 90, "autoUv": false }
					}
				},
				{
					"name": "Base5",
					"from": [ -1.3, 0.0, -1.0 ],
					"to": [ -1.0, 0.25, 0.0 ],
					"unwrapMode": 4,
					"uv": [ 1.0, 0.5 ],
					"rotationOrigin": [ -0.9226, 0.0049, -0.6904 ],
					"faces": {
						"north": { "texture": "#base", "uv": [ 1.0, 6.0, 6.5, 11.0 ], "autoUv": false },
						"east": { "texture": "#base", "uv": [ 17.0, 6.0, 22.0, 11.0 ], "autoUv": false },
						"south": { "texture": "#base", "uv": [ 11.5, 6.0, 17.0, 11.0 ], "autoUv": false },
						"west": { "texture": "#base", "uv": [ 6.5, 6.0, 11.5, 11.0 ], "autoUv": false },
						"up": { "texture": "#base", "uv": [ 6.5, 0.5, 11.5, 6.0 ], "rotation": 90, "autoUv": false },
						"down": { "texture": "#base", "uv": [ 6.5, 11.0, 11.5, 16.5 ], "rotation": 90, "autoUv": false }
					}
				},
				{
					"name": "Base6",
					"from": [ -1.3, 0.0, -1.3 ],
					"to": [ -1.0, 0.25, -1.0 ],
					"unwrapMode": 4,
					"uv": [ 1.0, 0.5 ],
					"rotationOrigin": [ -0.9226, 0.0049, -0.9904 ],
					"faces": {
						"north": { "texture": "#base", "uv": [ 1.0, 6.0, 6.5, 11.0 ], "autoUv": false },
						"east": { "texture": "#base", "uv": [ 17.0, 6.0, 22.0, 11.0 ], "autoUv": false },
						"south": { "texture": "#base", "uv": [ 11.5, 6.0, 17.0, 11.0 ], "autoUv": false },
						"west": { "texture": "#base", "uv": [ 6.5, 6.0, 11.5, 11.0 ], "autoUv": false },
						"up": { "texture": "#base", "uv": [ 6.5, 0.5, 11.5, 6.0 ], "rotation": 90, "autoUv": false },
						"down": { "texture": "#base", "uv": [ 6.5, 11.0, 11.5, 16.5 ], "rotation": 90, "autoUv": false }
					}
				},
				{
					"name": "Base7",
					"from": [ -1.0, 0.0, -1.3 ],
					"to": [ 0.0, 0.25, -1.0 ],
					"unwrapMode": 4,
					"uv": [ 1.0, 0.5 ],
					"rotationOrigin": [ -0.6226, 0.0049, -0.9904 ],
					"faces": {
						"north": { "texture": "#base", "uv": [ 1.0, 6.0, 6.5, 11.0 ], "autoUv": false },
						"east": { "texture": "#base", "uv": [ 17.0, 6.0, 22.0, 11.0 ], "autoUv": false },
						"south": { "texture": "#base", "uv": [ 11.5, 6.0, 17.0, 11.0 ], "autoUv": false },
						"west": { "texture": "#base", "uv": [ 6.5, 6.0, 11.5, 11.0 ], "autoUv": false },
						"up": { "texture": "#base", "uv": [ 6.5, 0.5, 11.5, 6.0 ], "rotation": 90, "autoUv": false },
						"down": { "texture": "#base", "uv": [ 6.5, 11.0, 11.5, 16.5 ], "rotation": 90, "autoUv": false }
					}
				},
				{
					"name": "Base8",
					"from": [ 0.0, 0.0, -1.3 ],
					"to": [ 1.0, 0.25, -1.0 ],
					"unwrapMode": 4,
					"uv": [ 1.0, 0.5 ],
					"rotationOrigin": [ 0.3774, 0.0049, -0.9904 ],
					"faces": {
						"north": { "texture": "#base", "uv": [ 1.0, 6.0, 6.5, 11.0 ], "autoUv": false },
						"east": { "texture": "#base", "uv": [ 17.0, 6.0, 22.0, 11.0 ], "autoUv": false },
						"south": { "texture": "#base", "uv": [ 11.5, 6.0, 17.0, 11.0 ], "autoUv": false },
						"west": { "texture": "#base", "uv": [ 6.5, 6.0, 11.5, 11.0 ], "autoUv": false },
						"up": { "texture": "#base", "uv": [ 6.5, 0.5, 11.5, 6.0 ], "rotation": 90, "autoUv": false },
						"down": { "texture": "#base", "uv": [ 6.5, 11.0, 11.5, 16.5 ], "rotation": 90, "autoUv": false }
					}
				},
				{
					"name": "Base9",
					"from": [ 0.0, 0.0, 1.0 ],
					"to": [ 1.0, 0.25, 1.3 ],
					"unwrapMode": 4,
					"uv": [ 1.0, 0.5 ],
					"rotationOrigin": [ 0.3774, 0.0049, 1.3096 ],
					"faces": {
						"north": { "texture": "#base", "uv": [ 1.0, 6.0, 6.5, 11.0 ], "autoUv": false },
						"east": { "texture": "#base", "uv": [ 17.0, 6.0, 22.0, 11.0 ], "autoUv": false },
						"south": { "texture": "#base", "uv": [ 11.5, 6.0, 17.0, 11.0 ], "autoUv": false },
						"west": { "texture": "#base", "uv": [ 6.5, 6.0, 11.5, 11.0 ], "autoUv": false },
						"up": { "texture": "#base", "uv": [ 6.5, 0.5, 11.5, 6.0 ], "rotation": 90, "autoUv": false },
						"down": { "texture": "#base", "uv": [ 6.5, 11.0, 11.5, 16.5 ], "rotation": 90, "autoUv": false }
					}
				},
				{
					"name": "Base10",
					"from": [ -1.0, 0.0, 1.0 ],
					"to": [ 0.0, 0.25, 1.3 ],
					"unwrapMode": 4,
					"uv": [ 1.0, 0.5 ],
					"rotationOrigin": [ -0.6226, 0.0049, 1.3096 ],
					"faces": {
						"north": { "texture": "#base", "uv": [ 1.0, 6.0, 6.5, 11.0 ], "autoUv": false },
						"east": { "texture": "#base", "uv": [ 17.0, 6.0, 22.0, 11.0 ], "autoUv": false },
						"south": { "texture": "#base", "uv": [ 11.5, 6.0, 17.0, 11.0 ], "autoUv": false },
						"west": { "texture": "#base", "uv": [ 6.5, 6.0, 11.5, 11.0 ], "autoUv": false },
						"up": { "texture": "#base", "uv": [ 6.5, 0.5, 11.5, 6.0 ], "rotation": 90, "autoUv": false },
						"down": { "texture": "#base", "uv": [ 6.5, 11.0, 11.5, 16.5 ], "rotation": 90, "autoUv": false }
					}
				},
				{
					"name": "Base11",
					"from": [ -1.3, 0.0, 1.0 ],
					"to": [ -1.0, 0.25, 1.3 ],
					"unwrapMode": 4,
					"uv": [ 1.0, 0.5 ],
					"rotationOrigin": [ -0.9226, 0.0049, 1.3096 ],
					"faces": {
						"north": { "texture": "#base", "uv": [ 1.0, 6.0, 6.5, 11.0 ], "autoUv": false },
						"east": { "texture": "#base", "uv": [ 17.0, 6.0, 22.0, 11.0 ], "autoUv": false },
						"south": { "texture": "#base", "uv": [ 11.5, 6.0, 17.0, 11.0 ], "autoUv": false },
						"west": { "texture": "#base", "uv": [ 6.5, 6.0, 11.5, 11.0 ], "autoUv": false },
						"up": { "texture": "#base", "uv": [ 6.5, 0.5, 11.5, 6.0 ], "rotation": 90, "autoUv": false },
						"down": { "texture": "#base", "uv": [ 6.5, 11.0, 11.5, 16.5 ], "rotation": 90, "autoUv": false }
					}
				},
				{
					"name": "Base13",
					"from": [ 1.0, 0.0, 0.0 ],
					"to": [ 1.3, 0.25, 1.0 ],
					"unwrapMode": 4,
					"uv": [ 1.0, 0.5 ],
					"rotationOrigin": [ 1.3774, 0.0049, 0.3096 ],
					"faces": {
						"north": { "texture": "#base", "uv": [ 1.0, 6.0, 6.5, 11.0 ], "autoUv": false },
						"east": { "texture": "#base", "uv": [ 17.0, 6.0, 22.0, 11.0 ], "autoUv": false },
						"south": { "texture": "#base", "uv": [ 11.5, 6.0, 17.0, 11.0 ], "autoUv": false },
						"west": { "texture": "#base", "uv": [ 6.5, 6.0, 11.5, 11.0 ], "autoUv": false },
						"up": { "texture": "#base", "uv": [ 6.5, 0.5, 11.5, 6.0 ], "rotation": 90, "autoUv": false },
						"down": { "texture": "#base", "uv": [ 6.5, 11.0, 11.5, 16.5 ], "rotation": 90, "autoUv": false }
					}
				},
				{
					"name": "Base14",
					"from": [ 1.0, 0.0, -1.0 ],
					"to": [ 1.3, 0.25, 0.0 ],
					"unwrapMode": 4,
					"uv": [ 1.0, 0.5 ],
					"rotationOrigin": [ 1.3774, 0.0049, -0.6904 ],
					"faces": {
						"north": { "texture": "#base", "uv": [ 1.0, 6.0, 6.5, 11.0 ], "autoUv": false },
						"east": { "texture": "#base", "uv": [ 17.0, 6.0, 22.0, 11.0 ], "autoUv": false },
						"south": { "texture": "#base", "uv": [ 11.5, 6.0, 17.0, 11.0 ], "autoUv": false },
						"west": { "texture": "#base", "uv": [ 6.5, 6.0, 11.5, 11.0 ], "autoUv": false },
						"up": { "texture": "#base", "uv": [ 6.5, 0.5, 11.5, 6.0 ], "rotation": 90, "autoUv": false },
						"down": { "texture": "#base", "uv": [ 6.5, 11.0, 11.5, 16.5 ], "rotation": 90, "autoUv": false }
					}
				},
				{
					"name": "Base15",
					"from": [ 1.0, 0.0, -1.3 ],
					"to": [ 1.3, 0.25, -1.0 ],
					"unwrapMode": 4,
					"uv": [ 1.0, 0.5 ],
					"rotationOrigin": [ 1.3774, 0.0049, -0.9904 ],
					"faces": {
						"north": { "texture": "#base", "uv": [ 1.0, 6.0, 6.5, 11.0 ], "autoUv": false },
						"east": { "texture": "#base", "uv": [ 17.0, 6.0, 22.0, 11.0 ], "autoUv": false },
						"south": { "texture": "#base", "uv": [ 11.5, 6.0, 17.0, 11.0 ], "autoUv": false },
						"west": { "texture": "#base", "uv": [ 6.5, 6.0, 11.5, 11.0 ], "autoUv": false },
						"up": { "texture": "#base", "uv": [ 6.5, 0.5, 11.5, 6.0 ], "rotation": 90, "autoUv": false },
						"down": { "texture": "#base", "uv": [ 6.5, 11.0, 11.5, 16.5 ], "rotation": 90, "autoUv": false }
					}
				},
				{
					"name": "Base16",
					"from": [ 1.0, 0.0, 1.0 ],
					"to": [ 1.3, 0.25, 1.3 ],
					"unwrapMode": 4,
					"uv": [ 1.0, 0.5 ],
					"rotationOrigin": [ 1.3774, 0.0049, 1.3096 ],
					"faces": {
						"north": { "texture": "#base", "uv": [ 1.0, 6.0, 6.5, 11.0 ], "autoUv": false },
						"east": { "texture": "#base", "uv": [ 17.0, 6.0, 22.0, 11.0 ], "autoUv": false },
						"south": { "texture": "#base", "uv": [ 11.5, 6.0, 17.0, 11.0 ], "autoUv": false },
						"west": { "texture": "#base", "uv": [ 6.5, 6.0, 11.5, 11.0 ], "autoUv": false },
						"up": { "texture": "#base", "uv": [ 6.5, 0.5, 11.5, 6.0 ], "rotation": 90, "autoUv": false },
						"down": { "texture": "#base", "uv": [ 6.5, 11.0, 11.5, 16.5 ], "rotation": 90, "autoUv": false }
					}
				},
				{
					"name": "LowerTorso",
					"from": [ -0.18, 0.61, -0.9 ],
					"to": [ 0.32, 1.11, -0.3 ],
					"unwrapMode": 4,
					"autoUnwrap": false,
					"uv": [ 41.5, 5.5 ],
					"rotationOrigin": [ 0.02, 1.05, -0.6 ],
					"rotationX": 1.0E-4,
					"rotationY": 1.0002,
					"rotationZ": 3.0001,
					"faces": {
						"north": { "texture": "#trader", "uv": [ 40.0, 10.0, 45.0, 15.0 ], "autoUv": false },
						"east": { "texture": "#trader", "uv": [ 56.0, 10.0, 62.0, 15.0 ], "autoUv": false },
						"south": { "texture": "#trader", "uv": [ 51.0, 10.0, 56.0, 15.0 ], "autoUv": false },
						"west": { "texture": "#trader", "uv": [ 45.0, 10.0, 51.0, 15.0 ], "autoUv": false },
						"up": { "texture": "#trader", "uv": [ 32.5, 5.0, 38.5, 10.0 ], "rotation": 90, "autoUv": false },
						"down": { "texture": "#trader", "uv": [ 32.5, 10.0, 38.5, 15.0 ], "rotation": 90, "autoUv": false }
					},
					"children": [
						{
							"name": "UpperTorso",
							"from": [ 0.0, 0.43, -0.01 ],
							"to": [ 0.5, 0.93, 0.61 ],
							"unwrapMode": 4,
							"autoUnwrap": false,
							"uv": [ 41.5, 0.5 ],
							"rotationOrigin": [ 0.2, 0.53, 0.29 ],
							"rotationY": 17.0,
							"rotationZ": 19.0,
							"faces": {
								"north": { "texture": "#trader", "uv": [ 40.0, 5.0, 45.0, 10.0 ], "autoUv": false },
								"east": { "texture": "#trader", "uv": [ 56.0, 5.0, 62.0, 10.0 ], "autoUv": false },
								"south": { "texture": "#trader", "uv": [ 51.0, 5.0, 56.0, 10.0 ], "autoUv": false },
								"west": { "texture": "#trader", "uv": [ 45.0, 5.0, 51.0, 10.0 ], "autoUv": false },
								"up": { "texture": "#trader", "uv": [ 45.0, 0.0, 51.0, 5.0 ], "rotation": 90, "autoUv": false },
								"down": { "texture": "#trader", "uv": [ 32.5, 5.0, 38.5, 10.0 ], "rotation": 90, "autoUv": false }
							},
							"children": [
								{
									"name": "UpperArmR",
									"from": [ 0.1, -0.21, -0.12 ],
									"to": [ 0.4, 0.49, 0.08 ],
									"unwrapMode": 4,
									"autoUnwrap": false,
									"uv": [ 31.0, 38.5 ],
									"rotationOrigin": [ 0.2, 0.47, 0.08 ],
									"rotationX": 19.0,
									"rotationY": 14.0,
									"rotationZ": -8.0,
									"faces": {
										"north": { "texture": "#trader", "uv": [ 32.0, 45.5, 35.0, 52.5 ], "autoUv": false },
										"east": { "texture": "#trader", "uv": [ 30.0, 45.5, 32.0, 52.5 ], "autoUv": false },
										"south": { "texture": "#trader", "uv": [ 37.0, 45.5, 40.0, 52.5 ], "autoUv": false },
										"west": { "texture": "#trader", "uv": [ 35.0, 45.5, 37.0, 52.5 ], "autoUv": false },
										"up": { "texture": "#trader", "uv": [ 35.0, 42.5, 37.0, 45.5 ], "rotation": 90, "autoUv": false },
										"down": { "texture": "#trader", "uv": [ 35.0, 52.5, 37.0, 55.5 ], "rotation": 90, "autoUv": false }
									},
									"children": [
										{
											"name": "LowerArmR",
											"from": [ 0.01, -0.54, 0.0 ],
											"to": [ 0.26, 0.06, 0.2 ],
											"unwrapMode": 4,
											"autoUnwrap": false,
											"uv": [ 31.0, 51.5 ],
											"rotationOrigin": [ 0.13, 0.06, 0.1 ],
											"rotationX": -8.0,
											"rotationZ": -97.0,
											"faces": {
												"north": { "texture": "#trader", "uv": [ 32.5, 55.5, 35.0, 61.5 ], "autoUv": false },
												"east": { "texture": "#trader", "uv": [ 30.5, 55.5, 32.5, 61.5 ], "autoUv": false },
												"south": { "texture": "#trader", "uv": [ 37.0, 55.5, 39.5, 61.5 ], "autoUv": false },
												"west": { "texture": "#trader", "uv": [ 35.0, 55.5, 37.0, 61.5 ], "autoUv": false },
												"up": { "texture": "#trader", "uv": [ 35.0, 53.0, 37.0, 55.5 ], "rotation": 90, "autoUv": false },
												"down": { "texture": "#trader", "uv": [ 35.0, 61.5, 37.0, 64.0 ], "rotation": 90, "autoUv": false }
											},
											"children": [
												{
													"name": "HammerHandle",
													"from": [ -0.27, -0.29, 0.08 ],
													"to": [ -0.21, 0.21, 0.14 ],
													"uv": [ 1.0, 0.5 ],
													"rotationOrigin": [ -0.2408, 0.1095, 0.112 ],
													"rotationX": 3.0,
													"rotationZ": 91.0,
													"faces": {
														"north": { "texture": "#trader", "uv": [ 2.5, 1.0, 7.5, 1.5 ], "rotation": 90, "autoUv": false },
														"east": { "texture": "#trader", "uv": [ 2.5, 2.0, 7.5, 2.5 ], "rotation": 90, "autoUv": false },
														"south": { "texture": "#trader", "uv": [ 1.5, 1.5, 6.5, 2.0 ], "rotation": 90, "autoUv": false },
														"west": { "texture": "#trader", "uv": [ 1.5, 1.0, 6.5, 1.5 ], "rotation": 90, "autoUv": false },
														"up": { "texture": "#trader", "uv": [ 1.25, 0.5, 1.75, 1.0 ], "autoUv": false },
														"down": { "texture": "#trader", "uv": [ 1.0, 0.5, 1.5, 1.0 ], "autoUv": false }
													},
													"children": [
														{
															"name": "HammerHead",
															"from": [ -0.07, 0.39, -0.02 ],
															"to": [ 0.13, 0.49, 0.08 ],
															"uv": [ 0.75, 0.25 ],
															"rotationOrigin": [ 0.03, 0.39, 0.03 ],
															"faces": {
																"north": { "texture": "#trader", "uv": [ 1.625, 1.75, 3.625, 2.75 ], "autoUv": false },
																"east": { "texture": "#trader", "uv": [ 1.5, 1.0, 2.5, 2.0 ], "autoUv": false },
																"south": { "texture": "#trader", "uv": [ 0.875, 0.75, 2.875, 1.75 ], "autoUv": false },
																"west": { "texture": "#trader", "uv": [ 0.75, 0.5, 1.75, 1.5 ], "autoUv": false },
																"up": { "texture": "#trader", "uv": [ 1.25, 0.75, 3.25, 1.75 ], "autoUv": false },
																"down": { "texture": "#trader", "uv": [ 0.875, 0.25, 2.875, 1.25 ], "autoUv": false }
															}
														}
													]
												}
											],
											"attachmentpoints": [
												{
													"code": "RightHand",
													"posX": "1.0","posY": "1.0","posZ": "1.0",
													"rotationX": "0.0","rotationY": "-180.0","rotationZ": "0.0"
												}
											]
										}
									]
								},
								{
									"name": "UpperArmL",
									"from": [ 0.1, -0.21, 0.54 ],
									"to": [ 0.4, 0.49, 0.74 ],
									"unwrapMode": 4,
									"uv": [ 41.0, 42.5 ],
									"rotationOrigin": [ 0.2, 0.47, 0.54 ],
									"rotationX": -28.0,
									"rotationY": -11.0,
									"rotationZ": -3.0,
									"faces": {
										"north": { "texture": "#trader", "uv": [ 41.0, 45.5, 44.0, 52.5 ], "autoUv": false },
										"east": { "texture": "#trader", "uv": [ 49.0, 45.5, 51.0, 52.5 ], "autoUv": false },
										"south": { "texture": "#trader", "uv": [ 46.0, 45.5, 49.0, 52.5 ], "autoUv": false },
										"west": { "texture": "#trader", "uv": [ 44.0, 45.5, 46.0, 52.5 ], "autoUv": false },
										"up": { "texture": "#trader", "uv": [ 44.0, 42.5, 46.0, 45.5 ], "rotation": 90, "autoUv": false },
										"down": { "texture": "#trader", "uv": [ 44.0, 52.5, 46.0, 55.5 ], "rotation": 90, "autoUv": false }
									},
									"children": [
										{
											"name": "LowerArmL",
											"from": [ 0.02, -0.52, 0.0 ],
											"to": [ 0.27, 0.08, 0.2 ],
											"unwrapMode": 4,
											"uv": [ 41.5, 53.0 ],
											"rotationOrigin": [ 0.14, 0.08, 0.1 ],
											"rotationX": 6.0,
											"rotationZ": -100.0,
											"faces": {
												"north": { "texture": "#trader", "uv": [ 41.5, 55.5, 44.0, 61.5 ], "autoUv": false },
												"east": { "texture": "#trader", "uv": [ 48.5, 55.5, 50.5, 61.5 ], "autoUv": false },
												"south": { "texture": "#trader", "uv": [ 46.0, 55.5, 48.5, 61.5 ], "autoUv": false },
												"west": { "texture": "#trader", "uv": [ 44.0, 55.5, 46.0, 61.5 ], "autoUv": false },
												"up": { "texture": "#trader", "uv": [ 44.0, 53.0, 46.0, 55.5 ], "rotation": 90, "autoUv": false },
												"down": { "texture": "#trader", "uv": [ 44.0, 61.5, 46.0, 64.0 ], "rotation": 90, "autoUv": false }
											},
											"children": [
												{
													"name": "Cube25",
													"from": [ 0.05, -4.0E-4, -0.07 ],
													"to": [ 0.47, 0.2396, 0.17 ],
													"uv": [ 0.0, 4.0 ],
													"rotationOrigin": [ 0.2587, -4.0E-4, 0.0538 ],
													"rotationX": -91.316,
													"rotationY": -22.0,
													"rotationZ": 89.0,
													"faces": {
														"north": { "texture": "#trader", "uv": [ 9.0, 4.0, 13.2, 6.4 ], "autoUv": false },
														"east": { "texture": "#trader", "uv": [ 12.0, 8.0, 14.4, 10.4 ], "autoUv": false },
														"south": { "texture": "#trader", "uv": [ 9.0, 4.0, 13.2, 6.4 ], "autoUv": false },
														"west": { "texture": "#trader", "uv": [ 12.0, 8.0, 14.4, 10.4 ], "autoUv": false },
														"up": { "texture": "#trader", "uv": [ 0.0, 12.0, 4.2, 14.4 ], "autoUv": false },
														"down": { "texture": "#trader", "uv": [ 0.0, 12.0, 4.2, 14.4 ], "autoUv": false }
													}
												}
											],
											"attachmentpoints": [
												{
													"code": "LeftHand",
													"posX": "1.0","posY": "1.0","posZ": "1.0",
													"rotationX": "0.0","rotationY": "-180.0","rotationZ": "0.0"
												}
											]
										}
									]
								},
								{
									"name": "Neck",
									"from": [ 0.1, 0.35, 0.16 ],
									"to": [ 0.4, 0.75, 0.46 ],
									"unwrapMode": 4,
									"uv": [ 12.5, 1.0 ],
									"rotationOrigin": [ 0.25, 0.46, 0.31 ],
									"rotationZ": 8.0,
									"faces": {
										"north": { "texture": "#trader", "uv": [ 12.5, 1.0, 15.5, 5.0 ], "autoUv": false },
										"east": { "texture": "#trader", "uv": [ 21.5, 1.0, 24.5, 5.0 ], "autoUv": false },
										"south": { "texture": "#trader", "uv": [ 18.5, 1.0, 21.5, 5.0 ], "autoUv": false },
										"west": { "texture": "#trader", "uv": [ 15.5, 1.0, 18.5, 5.0 ], "autoUv": false }
									},
									"children": [
										{
											"name": "Cube3",
											"from": [ -0.11, 0.22, -0.1 ],
											"to": [ 0.44, 0.72, 0.4 ],
											"uv": [ 0.0, 0.0 ],
											"rotationOrigin": [ -0.1137, 0.2234, -0.1 ],
											"rotationZ": 19.0,
											"faces": {
												"north": { "texture": "#trader", "uv": [ 0.0, 0.5, 0.5, 1.0 ] },
												"east": { "texture": "#trader", "uv": [ 0.5, 0.5, 1.0, 1.0 ] },
												"south": { "texture": "#trader", "uv": [ 1.0, 0.5, 1.5, 1.0 ] },
												"west": { "texture": "#trader", "uv": [ 1.5, 0.5, 2.0, 1.0 ] },
												"up": { "texture": "#trader", "uv": [ 0.0, 0.0, 0.5, 0.5 ] },
												"down": { "texture": "#trader", "uv": [ 0.5, 0.0, 1.0, 0.5 ] }
											}
										}
									]
								}
							]
						},
						{
							"name": "UpperFootL",
							"from": [ 0.05, -0.3, 0.3 ],
							"to": [ 0.45, 0.3, 0.62 ],
							"unwrapMode": 4,
							"uv": [ 15.0, 38.5 ],
							"rotationOrigin": [ 0.15, 0.05, 0.43 ],
							"rotationX": -8.0,
							"rotationZ": -69.0,
							"faces": {
								"north": { "texture": "#trader", "uv": [ 15.0, 42.5, 19.0, 48.5 ], "autoUv": false },
								"east": { "texture": "#trader", "uv": [ 26.0, 42.5, 29.0, 48.5 ], "autoUv": false },
								"south": { "texture": "#trader", "uv": [ 22.0, 42.5, 26.0, 48.5 ], "autoUv": false },
								"west": { "texture": "#trader", "uv": [ 19.0, 42.5, 22.0, 48.5 ], "autoUv": false },
								"up": { "texture": "#trader", "uv": [ 19.0, 38.5, 22.0, 42.5 ], "rotation": 90, "autoUv": false },
								"down": { "texture": "#trader", "uv": [ 19.0, 48.5, 22.0, 52.5 ], "rotation": 90, "autoUv": false }
							},
							"children": [
								{
									"name": "LowerFootL",
									"from": [ 0.01, -0.7, 0.01 ],
									"to": [ 0.39, 0.1, 0.31 ],
									"unwrapMode": 4,
									"uv": [ 15.5, 49.0 ],
									"rotationOrigin": [ 0.21, 0.1, 0.14 ],
									"rotationX": 2.0,
									"rotationZ": 155.0,
									"faces": {
										"north": { "texture": "#trader", "uv": [ 15.5, 52.5, 19.0, 60.5 ], "autoUv": false },
										"east": { "texture": "#trader", "uv": [ 25.5, 52.5, 28.5, 60.5 ], "autoUv": false },
										"south": { "texture": "#trader", "uv": [ 22.0, 52.5, 25.5, 60.5 ], "autoUv": false },
										"west": { "texture": "#trader", "uv": [ 19.0, 52.5, 22.0, 60.5 ], "autoUv": false },
										"up": { "texture": "#trader", "uv": [ 19.0, 49.0, 22.0, 52.5 ], "rotation": 90, "autoUv": false },
										"down": { "texture": "#trader", "uv": [ 19.0, 60.5, 22.0, 64.0 ], "rotation": 90, "autoUv": false }
									}
								}
							]
						},
						{
							"name": "UpperFootR",
							"from": [ 0.05, -0.3, -0.02 ],
							"to": [ 0.45, 0.3, 0.3 ],
							"unwrapMode": 4,
							"autoUnwrap": false,
							"uv": [ 1.0, 37.5 ],
							"rotationOrigin": [ 0.15, 0.05, 0.13 ],
							"rotationX": 3.0,
							"rotationZ": -69.0,
							"faces": {
								"north": { "texture": "#trader", "uv": [ 3.0, 42.5, 7.0, 48.5 ], "autoUv": false },
								"east": { "texture": "#trader", "uv": [ 0.0, 42.5, 3.0, 48.5 ], "autoUv": false },
								"south": { "texture": "#trader", "uv": [ 10.0, 42.5, 14.0, 48.5 ], "autoUv": false },
								"west": { "texture": "#trader", "uv": [ 7.0, 42.5, 10.0, 48.5 ], "autoUv": false },
								"up": { "texture": "#trader", "uv": [ 7.0, 38.5, 10.0, 42.5 ], "rotation": 90, "autoUv": false },
								"down": { "texture": "#trader", "uv": [ 7.0, 48.5, 10.0, 52.5 ], "rotation": 90, "autoUv": false }
							},
							"children": [
								{
									"name": "LowerFootR",
									"from": [ 0.01, -0.7, 0.01 ],
									"to": [ 0.39, 0.1, 0.31 ],
									"unwrapMode": 4,
									"autoUnwrap": false,
									"uv": [ 1.5, 47.5 ],
									"rotationOrigin": [ 0.21, 0.1, 0.14 ],
									"rotationX": -2.0,
									"rotationZ": 155.0,
									"faces": {
										"north": { "texture": "#trader", "uv": [ 3.5, 52.5, 7.0, 60.5 ], "autoUv": false },
										"east": { "texture": "#trader", "uv": [ 0.5, 52.5, 3.5, 60.5 ], "autoUv": false },
										"south": { "texture": "#trader", "uv": [ 10.0, 52.5, 13.5, 60.5 ], "autoUv": false },
										"west": { "texture": "#trader", "uv": [ 7.0, 52.5, 10.0, 60.5 ], "autoUv": false },
										"up": { "texture": "#trader", "uv": [ 7.0, 49.0, 10.0, 52.5 ], "rotation": 90, "autoUv": false },
										"down": { "texture": "#trader", "uv": [ 7.0, 60.5, 10.0, 64.0 ], "rotation": 90, "autoUv": false }
									}
								}
							]
						}
					],
					"attachmentpoints": [
						{
							"code": "Center",
							"posX": "2.5","posY": "4.0","posZ": "3.0",
							"rotationX": "0.0","rotationY": "0.0","rotationZ": "0.0"
						}
					]
				},
				{
					"name": "MinerHelmetMain",
					"from": [ -0.68, 1.84, -0.7 ],
					"to": [ -0.059, 1.984, -0.115 ],
					"autoUnwrap": false,
					"uv": [ 0.5, 0.5 ],
					"rotationOrigin": [ -0.684, 1.84, -0.703 ],
					"rotationX": 0.0,
					"rotationY": 17.0,
					"rotationZ": 47.0,
					"faces": {
						"north": { "texture": "#trader", "uv": [ 0.0, 0.0, 6.5, 1.5 ], "autoUv": false },
						"east": { "texture": "#trader", "uv": [ 7.5, 1.5, 9.0, 8.0 ], "rotation": 90, "autoUv": false },
						"south": { "texture": "#trader", "uv": [ 7.0, 0.0, 13.5, 1.5 ], "autoUv": false },
						"west": { "texture": "#trader", "uv": [ 9.5, 8.0, 16.0, 9.5 ], "autoUv": false },
						"up": { "texture": "#trader", "uv": [ 9.0, 1.5, 15.5, 8.0 ], "autoUv": false }
					},
					"children": [
						{
							"name": "MinerHelmetRim",
							"from": [ -0.018, -0.09, -0.018 ],
							"to": [ 0.639, 0.0, 0.603 ],
							"autoUnwrap": false,
							"uv": [ 0.0, 5.5 ],
							"rotationOrigin": [ -0.018, -0.09, -0.018 ],
							"faces": {
								"north": { "texture": "#trader", "uv": [ 0.0, 12.5, 7.0, 13.5 ], "autoUv": false },
								"east": { "texture": "#trader", "uv": [ 9.0, 15.0, 15.5, 16.0 ], "autoUv": false },
								"south": { "texture": "#trader", "uv": [ 0.0, 12.5, 7.0, 13.5 ], "autoUv": false },
								"west": { "texture": "#trader", "uv": [ 9.0, 15.0, 15.5, 16.0 ], "autoUv": false },
								"up": { "texture": "#trader", "uv": [ 0.0, 6.0, 7.0, 12.5 ], "autoUv": false },
								"down": { "texture": "#trader", "uv": [ 0.0, 6.0, 7.0, 12.5 ], "autoUv": false }
							}
						},
						{
							"name": "MinerHelmetTopRim",
							"from": [ -0.036, 0.0, 0.243 ],
							"to": [ 0.639, 0.171, 0.333 ],
							"autoUnwrap": false,
							"uv": [ 0.0, 13.5 ],
							"rotationOrigin": [ -0.036, 0.0, 0.243 ],
							"faces": {
								"north": { "texture": "#trader", "uv": [ 0.0, 14.5, 7.5, 16.0 ], "autoUv": false },
								"east": { "texture": "#trader", "uv": [ 8.0, 14.5, 9.0, 16.0 ], "autoUv": false },
								"south": { "texture": "#trader", "uv": [ 0.0, 14.5, 7.5, 16.0 ], "autoUv": false },
								"west": { "texture": "#trader", "uv": [ 8.0, 14.5, 9.0, 16.0 ], "autoUv": false },
								"up": { "texture": "#trader", "uv": [ 0.0, 13.5, 7.5, 14.5 ], "autoUv": false }
							}
						},
						{
							"name": "MinerHelmetReinforcementR",
							"from": [ 0.243, 0.036, -0.018 ],
							"to": [ 0.333, 0.162, 0.072 ],
							"uv": [ 7.5, 9.5 ],
							"rotationOrigin": [ 0.288, 0.036, -0.018 ],
							"faces": {
								"north": { "texture": "#trader", "uv": [ 7.5, 10.5, 8.5, 11.5 ], "autoUv": false },
								"east": { "texture": "#trader", "uv": [ 8.5, 10.5, 9.5, 11.5 ], "autoUv": false },
								"south": { "texture": "#trader", "uv": [ 9.5, 10.5, 10.5, 11.5 ], "autoUv": false },
								"west": { "texture": "#trader", "uv": [ 10.5, 10.5, 11.5, 11.5 ], "autoUv": false },
								"up": { "texture": "#trader", "uv": [ 7.5, 9.5, 8.5, 10.5 ], "autoUv": false },
								"down": { "texture": "#trader", "uv": [ 8.5, 9.5, 9.5, 10.5 ], "autoUv": false }
							}
						},
						{
							"name": "MinerHelmetReinforcementL",
							"from": [ 0.252, 0.036, 0.513 ],
							"to": [ 0.342, 0.162, 0.603 ],
							"autoUnwrap": false,
							"uv": [ 10.5, 9.5 ],
							"rotationOrigin": [ 0.297, 0.036, 0.513 ],
							"faces": {
								"north": { "texture": "#trader", "uv": [ 10.5, 10.5, 11.5, 11.5 ], "autoUv": false },
								"east": { "texture": "#trader", "uv": [ 11.5, 10.5, 12.5, 11.5 ], "autoUv": false },
								"south": { "texture": "#trader", "uv": [ 12.5, 10.5, 13.5, 11.5 ], "autoUv": false },
								"west": { "texture": "#trader", "uv": [ 12.5, 9.5, 13.5, 10.5 ], "autoUv": false },
								"up": { "texture": "#trader", "uv": [ 10.5, 9.5, 11.5, 10.5 ], "autoUv": false },
								"down": { "texture": "#trader", "uv": [ 11.5, 9.5, 12.5, 10.5 ], "autoUv": false }
							}
						},
						{
							"name": "MinerHelmetTop",
							"from": [ 0.045, 0.144, 0.09 ],
							"to": [ 0.576, 0.198, 0.495 ],
							"autoUnwrap": false,
							"uv": [ 0.5, 1.0 ],
							"rotationOrigin": [ 0.09, 0.144, 0.09 ],
							"faces": {
								"north": { "texture": "#trader", "uv": [ 7.5, 12.0, 13.0, 12.5 ], "autoUv": false },
								"east": { "texture": "#trader", "uv": [ 8.0, 14.0, 12.5, 14.5 ], "autoUv": false },
								"south": { "texture": "#trader", "uv": [ 7.5, 11.5, 13.0, 12.0 ], "autoUv": false },
								"west": { "texture": "#trader", "uv": [ 9.0, 14.5, 13.5, 15.0 ], "autoUv": false },
								"up": { "texture": "#trader", "uv": [ 0.0, 1.5, 5.5, 6.0 ], "autoUv": false }
							}
						}
					]
				},
				{
					"name": "origin",
					"from": [ -0.26, 0.2097, 0.512 ],
					"to": [ -0.212, 0.2097, 0.512 ],
					"uv": [ 0.0, 0.0 ],
					"rotationOrigin": [ -0.256, 0.21, 0.516 ],
					"rotationX": -88.0441,
					"rotationY": 89.9802,
					"rotationZ": 88.0441,
					"faces": {
						"north": { "texture": "#trader", "uv": [ 0.0, 0.0, 0.6, 0.3 ], "autoUv": false },
						"east": { "texture": "#trader", "uv": [ 0.0, 0.0, 0.3, 0.3 ], "autoUv": false },
						"south": { "texture": "#trader", "uv": [ 0.0, 0.0, 0.6, 0.3 ], "autoUv": false },
						"west": { "texture": "#trader", "uv": [ 0.0, 0.0, 0.3, 0.3 ], "autoUv": false },
						"up": { "texture": "#trader", "uv": [ 0.0, 0.0, 0.6, 0.3 ], "autoUv": false },
						"down": { "texture": "#trader", "uv": [ 0.0, 0.0, 0.6, 0.3 ], "autoUv": false }
					},
					"children": [
						{
							"name": "Floor",
							"from": [ -0.168, 0.0048, -0.168 ],
							"to": [ 0.168, 0.0528, 0.168 ],
							"uv": [ 5.5, 1.0 ],
							"rotationOrigin": [ 0.0, 0.0048, 0.0 ],
							"faces": {
								"up": { "texture": "#trader", "uv": [ 8.0, 4.0, 12.2, 8.2 ], "autoUv": false },
								"down": { "texture": "#trader", "uv": [ 5.5, 1.0, 9.7, 5.2 ], "autoUv": false }
							}
						},
						{
							"name": "N",
							"from": [ -0.144, -0.0048, -0.216 ],
							"to": [ 0.0, 0.432, -0.168 ],
							"uv": [ 1.0, 0.5 ],
							"rotationOrigin": [ -0.096, -0.0048, -0.168 ],
							"faces": {
								"north": { "texture": "#trader", "uv": [ 1.0, 6.5, 6.4, 8.3 ], "rotation": 90, "autoUv": false },
								"south": { "texture": "#trader", "uv": [ 3.0, 7.0, 8.4, 8.8 ], "rotation": 90, "autoUv": false },
								"west": { "texture": "#trader", "uv": [ 8.0, 6.0, 8.6, 11.4 ], "autoUv": false },
								"up": { "texture": "#trader", "uv": [ 11.0, 4.0, 12.8, 4.6 ], "autoUv": false },
								"down": { "texture": "#trader", "uv": [ 6.0, 0.5, 7.8, 1.1 ], "autoUv": false }
							}
						},
						{
							"name": "S",
							"from": [ -0.144, -0.0048, 0.168 ],
							"to": [ 0.0, 0.432, 0.216 ],
							"uv": [ 0.0, 2.0 ],
							"rotationOrigin": [ -0.096, -0.0048, -0.12 ],
							"faces": {
								"north": { "texture": "#trader", "uv": [ 2.5, 11.5, 7.9, 13.3 ], "rotation": 90, "autoUv": false },
								"south": { "texture": "#trader", "uv": [ 4.5, 2.0, 9.9, 3.8 ], "rotation": 90, "autoUv": false },
								"west": { "texture": "#trader", "uv": [ 3.5, 5.5, 8.9, 6.1 ], "rotation": 90, "autoUv": false },
								"up": { "texture": "#trader", "uv": [ 6.5, 11.0, 8.3, 11.6 ], "rotation": 180, "autoUv": false },
								"down": { "texture": "#trader", "uv": [ 0.0, 5.0, 1.8, 5.6 ], "autoUv": false }
							}
						},
						{
							"name": "W",
							"from": [ -0.216, -0.0048, -0.144 ],
							"to": [ -0.168, 0.432, 0.0 ],
							"uv": [ 2.0, 1.5 ],
							"rotationOrigin": [ -0.168, -0.0048, -0.144 ],
							"faces": {
								"north": { "texture": "#trader", "uv": [ 6.0, 1.5, 11.4, 2.1 ], "rotation": 90, "autoUv": false },
								"east": { "texture": "#trader", "uv": [ 6.0, 12.5, 11.4, 14.3 ], "rotation": 90, "autoUv": false },
								"west": { "texture": "#trader", "uv": [ 2.5, 2.5, 7.9, 4.3 ], "rotation": 90, "autoUv": false },
								"up": { "texture": "#trader", "uv": [ 6.0, 14.0, 7.8, 14.6 ], "rotation": 270, "autoUv": false },
								"down": { "texture": "#trader", "uv": [ 2.0, 11.5, 2.6, 13.3 ], "autoUv": false }
							}
						},
						{
							"name": "E",
							"from": [ 0.168, -0.0048, -0.144 ],
							"to": [ 0.216, 0.432, 0.0 ],
							"uv": [ 0.0, 6.0 ],
							"rotationOrigin": [ -0.12, -0.0048, -0.144 ],
							"faces": {
								"north": { "texture": "#trader", "uv": [ 0.0, 12.5, 5.4, 13.1 ], "rotation": 90, "autoUv": false },
								"east": { "texture": "#trader", "uv": [ 1.5, 9.0, 6.9, 10.8 ], "rotation": 90, "autoUv": false },
								"west": { "texture": "#trader", "uv": [ 5.0, 7.5, 10.4, 9.3 ], "rotation": 90, "autoUv": false },
								"up": { "texture": "#trader", "uv": [ 2.0, 7.0, 3.8, 7.6 ], "rotation": 90, "autoUv": false },
								"down": { "texture": "#trader", "uv": [ 2.0, 6.0, 2.6, 7.8 ], "autoUv": false }
							}
						},
						{
							"name": "WE",
							"from": [ -0.192, 0.0, 0.144 ],
							"to": [ -0.096, 0.4368, 0.192 ],
							"uv": [ 1.0, 0.0 ],
							"rotationOrigin": [ -0.144, 0.0, 0.144 ],
							"rotationY": -45.0,
							"faces": {
								"north": { "texture": "#trader", "uv": [ 3.0, 0.0, 8.4, 1.2 ], "rotation": 90, "autoUv": false },
								"east": { "texture": "#trader", "uv": [ 2.0, 7.0, 7.4, 7.6 ], "rotation": 90, "autoUv": false },
								"south": { "texture": "#trader", "uv": [ 6.0, 9.5, 11.4, 10.7 ], "rotation": 90, "autoUv": false },
								"west": { "texture": "#trader", "uv": [ 1.0, 0.5, 6.4, 1.1 ], "rotation": 90, "autoUv": false },
								"up": { "texture": "#trader", "uv": [ 13.0, 11.0, 14.2, 11.6 ], "rotation": 180, "autoUv": false },
								"down": { "texture": "#trader", "uv": [ 13.5, 11.5, 14.7, 12.1 ], "autoUv": false }
							}
						},
						{
							"name": "SE",
							"from": [ 0.096, 0.0, 0.144 ],
							"to": [ 0.192, 0.4368, 0.192 ],
							"uv": [ 0.0, 0.0 ],
							"rotationOrigin": [ 0.144, 0.0, 0.144 ],
							"rotationY": 45.0,
							"faces": {
								"north": { "texture": "#trader", "uv": [ 1.5, 0.0, 6.9, 1.2 ], "rotation": 90, "autoUv": false },
								"east": { "texture": "#trader", "uv": [ 2.0, 2.0, 7.4, 2.6 ], "rotation": 90, "autoUv": false },
								"south": { "texture": "#trader", "uv": [ 0.0, 0.5, 5.4, 1.7 ], "rotation": 90, "autoUv": false },
								"west": { "texture": "#trader", "uv": [ 1.5, 4.5, 6.9, 5.1 ], "rotation": 90, "autoUv": false },
								"up": { "texture": "#trader", "uv": [ 10.0, 9.0, 11.2, 9.6 ], "rotation": 180, "autoUv": false },
								"down": { "texture": "#trader", "uv": [ 1.0, 2.5, 2.2, 3.1 ], "autoUv": false }
							}
						},
						{
							"name": "NE",
							"from": [ 0.1344, 0.0, -0.1824 ],
							"to": [ 0.2304, 0.4368, -0.1344 ],
							"uv": [ 1.0, 0.0 ],
							"rotationOrigin": [ 0.1824, 0.0, -0.1824 ],
							"rotationY": -45.0,
							"faces": {
								"north": { "texture": "#trader", "uv": [ 5.5, 13.5, 10.9, 14.7 ], "rotation": 90, "autoUv": false },
								"east": { "texture": "#trader", "uv": [ 2.0, 0.0, 7.4, 0.6 ], "rotation": 90, "autoUv": false },
								"south": { "texture": "#trader", "uv": [ 3.0, 2.5, 8.4, 3.7 ], "rotation": 90, "autoUv": false },
								"west": { "texture": "#trader", "uv": [ 6.5, 10.5, 11.9, 11.1 ], "rotation": 90, "autoUv": false },
								"up": { "texture": "#trader", "uv": [ 1.0, 12.5, 2.2, 13.1 ], "rotation": 180, "autoUv": false },
								"down": { "texture": "#trader", "uv": [ 6.0, 1.5, 7.2, 2.1 ], "autoUv": false }
							}
						},
						{
							"name": "NW",
							"from": [ -0.2304, 0.0, -0.1824 ],
							"to": [ -0.1344, 0.4368, -0.1344 ],
							"uv": [ 0.0, 0.5 ],
							"rotationOrigin": [ -0.1824, 0.0, -0.1824 ],
							"rotationY": 45.0,
							"faces": {
								"north": { "texture": "#trader", "uv": [ 0.0, 13.5, 5.4, 14.7 ], "rotation": 90, "autoUv": false },
								"east": { "texture": "#trader", "uv": [ 0.0, 5.5, 5.4, 6.1 ], "rotation": 90, "autoUv": false },
								"south": { "texture": "#trader", "uv": [ 2.5, 8.0, 7.9, 9.2 ], "rotation": 90, "autoUv": false },
								"west": { "texture": "#trader", "uv": [ 2.0, 14.5, 7.4, 15.1 ], "rotation": 90, "autoUv": false },
								"up": { "texture": "#trader", "uv": [ 1.0, 12.5, 2.2, 13.1 ], "rotation": 180, "autoUv": false },
								"down": { "texture": "#trader", "uv": [ 1.0, 0.5, 2.2, 1.1 ], "autoUv": false }
							}
						},
						{
							"name": "S2",
							"from": [ 0.0, -0.0048, 0.168 ],
							"to": [ 0.144, 0.432, 0.216 ],
							"uv": [ 4.0, 2.5 ],
							"rotationOrigin": [ 0.048, -0.0048, -0.12 ],
							"faces": {
								"north": { "texture": "#trader", "uv": [ 4.0, 5.5, 9.4, 7.3 ], "rotation": 90, "autoUv": false },
								"east": { "texture": "#trader", "uv": [ 5.0, 2.5, 10.4, 3.1 ], "rotation": 90, "autoUv": false },
								"south": { "texture": "#trader", "uv": [ 5.0, 11.5, 10.4, 13.3 ], "rotation": 90, "autoUv": false },
								"up": { "texture": "#trader", "uv": [ 12.5, 4.0, 14.3, 4.6 ], "rotation": 180, "autoUv": false },
								"down": { "texture": "#trader", "uv": [ 12.5, 14.0, 14.3, 14.6 ], "autoUv": false }
							}
						},
						{
							"name": "W2",
							"from": [ -0.216, -0.0048, 0.0 ],
							"to": [ -0.168, 0.432, 0.144 ],
							"uv": [ 0.5, 1.5 ],
							"rotationOrigin": [ -0.168, -0.0048, 0.0 ],
							"faces": {
								"east": { "texture": "#trader", "uv": [ 1.5, 6.0, 6.9, 7.8 ], "rotation": 90, "autoUv": false },
								"south": { "texture": "#trader", "uv": [ 4.0, 3.5, 9.4, 4.1 ], "rotation": 90, "autoUv": false },
								"west": { "texture": "#trader", "uv": [ 0.5, 7.0, 5.9, 8.8 ], "rotation": 90, "autoUv": false },
								"up": { "texture": "#trader", "uv": [ 1.5, 13.0, 3.3, 13.6 ], "rotation": 270, "autoUv": false },
								"down": { "texture": "#trader", "uv": [ 7.5, 1.5, 8.1, 3.3 ], "autoUv": false }
							}
						},
						{
							"name": "N2",
							"from": [ 0.0, -0.0048, -0.216 ],
							"to": [ 0.144, 0.432, -0.168 ],
							"uv": [ 0.0, 2.0 ],
							"rotationOrigin": [ 0.048, -0.0048, -0.168 ],
							"faces": {
								"north": { "texture": "#trader", "uv": [ 2.0, 11.0, 7.4, 12.8 ], "rotation": 90, "autoUv": false },
								"east": { "texture": "#trader", "uv": [ 0.0, 8.0, 5.4, 8.6 ], "rotation": 90, "autoUv": false },
								"south": { "texture": "#trader", "uv": [ 5.5, 2.5, 10.9, 4.3 ], "rotation": 90, "autoUv": false },
								"up": { "texture": "#trader", "uv": [ 1.0, 2.0, 2.8, 2.6 ], "autoUv": false },
								"down": { "texture": "#trader", "uv": [ 4.5, 12.5, 6.3, 13.1 ], "autoUv": false }
							}
						},
						{
							"name": "E2",
							"from": [ 0.168, -0.0048, 0.0 ],
							"to": [ 0.216, 0.432, 0.144 ],
							"uv": [ 0.0, 1.5 ],
							"rotationOrigin": [ -0.12, -0.0048, 0.0 ],
							"faces": {
								"east": { "texture": "#trader", "uv": [ 1.5, 1.5, 6.9, 3.3 ], "rotation": 90, "autoUv": false },
								"south": { "texture": "#trader", "uv": [ 0.0, 6.5, 5.4, 7.1 ], "rotation": 90, "autoUv": false },
								"west": { "texture": "#trader", "uv": [ 5.0, 2.5, 10.4, 4.3 ], "rotation": 90, "autoUv": false },
								"up": { "texture": "#trader", "uv": [ 6.0, 2.0, 7.8, 2.6 ], "rotation": 90, "autoUv": false },
								"down": { "texture": "#trader", "uv": [ 9.5, 4.5, 10.1, 6.3 ], "autoUv": false }
							}
						},
						{
							"name": "origin ring 1",
							"from": [ 0.0, 0.0, 0.0 ],
							"to": [ 0.0, 0.0, 0.0 ],
							"uv": [ 0.0, 0.0 ],
							"faces": {
								"north": { "texture": "#trader", "uv": [ 0.0, 0.0, 0.3, 0.3 ], "autoUv": false },
								"east": { "texture": "#trader", "uv": [ 0.0, 0.0, 0.3, 0.3 ], "autoUv": false },
								"south": { "texture": "#trader", "uv": [ 0.0, 0.0, 0.3, 0.3 ], "autoUv": false },
								"west": { "texture": "#trader", "uv": [ 0.0, 0.0, 0.3, 0.3 ], "autoUv": false },
								"up": { "texture": "#trader", "uv": [ 0.0, 0.0, 0.3, 0.3 ], "autoUv": false },
								"down": { "texture": "#trader", "uv": [ 0.0, 0.0, 0.3, 0.3 ], "autoUv": false }
							},
							"children": [
								{
									"name": "S ring",
									"from": [ -0.1584, 0.288, 0.2016 ],
									"to": [ 0.1584, 0.336, 0.2256 ],
									"uv": [ 5.0, 1.5 ],
									"rotationOrigin": [ -0.1584, 0.288, 0.2016 ],
									"faces": {
										"east": { "texture": "#trader", "uv": [ 13.0, 14.5, 13.3, 15.1 ], "autoUv": false },
										"south": { "texture": "#trader", "uv": [ 5.0, 1.5, 8.9, 2.1 ], "autoUv": false },
										"west": { "texture": "#trader", "uv": [ 12.5, 5.5, 12.8, 6.1 ], "autoUv": false, "windMode": [-1,-1,-1,-1] },
										"up": { "texture": "#trader", "uv": [ 7.5, 2.5, 11.4, 2.8 ], "autoUv": false },
										"down": { "texture": "#trader", "uv": [ 5.0, 8.5, 8.9, 8.8 ], "autoUv": false }
									}
								},
								{
									"name": "N ring",
									"from": [ -0.1584, 0.288, -0.2256 ],
									"to": [ 0.1584, 0.336, -0.2016 ],
									"uv": [ 1.0, 0.0 ],
									"rotationOrigin": [ -0.1584, 0.288, -0.2016 ],
									"faces": {
										"north": { "texture": "#trader", "uv": [ 9.0, 1.5, 12.9, 2.1 ], "autoUv": false },
										"east": { "texture": "#trader", "uv": [ 1.0, 13.5, 1.3, 14.1 ], "autoUv": false },
										"west": { "texture": "#trader", "uv": [ 9.5, 10.5, 9.8, 11.1 ], "autoUv": false },
										"up": { "texture": "#trader", "uv": [ 6.0, 0.0, 9.9, 0.3 ], "autoUv": false },
										"down": { "texture": "#trader", "uv": [ 1.5, 0.5, 5.4, 0.8 ], "autoUv": false }
									}
								},
								{
									"name": "W ring",
									"from": [ -0.2256, 0.288, -0.1584 ],
									"to": [ -0.2016, 0.336, 0.1584 ],
									"uv": [ 2.5, 1.0 ],
									"rotationOrigin": [ -0.2256, 0.288, -0.1344 ],
									"faces": {
										"north": { "texture": "#trader", "uv": [ 9.0, 4.0, 9.3, 4.6 ], "autoUv": false },
										"south": { "texture": "#trader", "uv": [ 8.0, 2.0, 8.3, 2.6 ], "autoUv": false },
										"west": { "texture": "#trader", "uv": [ 5.0, 1.5, 8.9, 2.1 ], "autoUv": false },
										"up": { "texture": "#trader", "uv": [ 15.0, 4.5, 15.3, 8.4 ], "autoUv": false },
										"down": { "texture": "#trader", "uv": [ 2.5, 1.0, 2.8, 4.9 ], "autoUv": false }
									}
								},
								{
									"name": "E ring",
									"from": [ 0.2016, 0.288, -0.1584 ],
									"to": [ 0.2256, 0.336, 0.1584 ],
									"uv": [ 2.5, 1.0 ],
									"rotationOrigin": [ 0.2016, 0.288, -0.1344 ],
									"faces": {
										"north": { "texture": "#trader", "uv": [ 9.0, 4.0, 9.3, 4.6 ], "autoUv": false },
										"east": { "texture": "#trader", "uv": [ 4.5, 1.5, 8.4, 2.1 ], "autoUv": false },
										"south": { "texture": "#trader", "uv": [ 8.0, 2.0, 8.3, 2.6 ], "autoUv": false },
										"up": { "texture": "#trader", "uv": [ 15.0, 4.5, 15.3, 8.4 ], "autoUv": false },
										"down": { "texture": "#trader", "uv": [ 2.5, 1.0, 2.8, 4.9 ], "autoUv": false }
									}
								},
								{
									"name": "ring SE",
									"from": [ 0.12, 0.288, 0.1584 ],
									"to": [ 0.216, 0.336, 0.1824 ],
									"uv": [ 0.0, 0.0 ],
									"rotationOrigin": [ 0.192, 0.288, 0.1584 ],
									"rotationX": -0.1,
									"rotationY": 45.0,
									"faces": {
										"east": { "texture": "#trader", "uv": [ 10.0, 7.5, 10.3, 8.1 ], "autoUv": false },
										"south": { "texture": "#trader", "uv": [ 7.0, 10.5, 8.2, 11.1 ], "autoUv": false },
										"west": { "texture": "#trader", "uv": [ 11.5, 14.0, 11.8, 14.6 ], "autoUv": false },
										"up": { "texture": "#trader", "uv": [ 9.0, 0.0, 10.2, 0.3 ], "autoUv": false },
										"down": { "texture": "#trader", "uv": [ 0.0, 13.5, 1.2, 13.8 ], "autoUv": false }
									}
								},
								{
									"name": "ring SW",
									"from": [ -0.2304, 0.288, 0.192 ],
									"to": [ -0.1344, 0.336, 0.216 ],
									"uv": [ 0.0, 0.0 ],
									"rotationOrigin": [ -0.1584, 0.288, 0.192 ],
									"rotationX": -0.1,
									"rotationY": -45.0,
									"faces": {
										"north": { "texture": "#trader", "uv": [ 4.5, 14.0, 5.7, 14.6 ], "autoUv": false },
										"south": { "texture": "#trader", "uv": [ 3.5, 12.0, 4.7, 12.6 ], "autoUv": false },
										"west": { "texture": "#trader", "uv": [ 11.5, 14.0, 11.8, 14.6 ], "autoUv": false },
										"up": { "texture": "#trader", "uv": [ 4.0, 0.0, 5.2, 0.3 ], "autoUv": false },
										"down": { "texture": "#trader", "uv": [ 0.0, 13.5, 1.2, 13.8 ], "autoUv": false }
									}
								},
								{
									"name": "ring NW",
									"from": [ -0.2496, 0.288, -0.2112 ],
									"to": [ -0.1536, 0.336, -0.1872 ],
									"uv": [ 0.0, 7.5 ],
									"rotationOrigin": [ -0.1776, 0.288, -0.2112 ],
									"rotationX": -0.1,
									"rotationY": 45.0,
									"faces": {
										"north": { "texture": "#trader", "uv": [ 4.5, 12.0, 5.7, 12.6 ], "autoUv": false },
										"east": { "texture": "#trader", "uv": [ 10.0, 7.5, 10.3, 8.1 ], "autoUv": false },
										"west": { "texture": "#trader", "uv": [ 11.5, 14.0, 11.8, 14.6 ], "autoUv": false },
										"up": { "texture": "#trader", "uv": [ 9.5, 13.5, 10.7, 13.8 ], "autoUv": false },
										"down": { "texture": "#trader", "uv": [ 0.0, 13.5, 1.2, 13.8 ], "autoUv": false }
									}
								},
								{
									"name": "ring NE",
									"from": [ 0.1392, 0.288, -0.1776 ],
									"to": [ 0.2352, 0.336, -0.1536 ],
									"uv": [ 3.5, 0.5 ],
									"rotationOrigin": [ 0.2112, 0.288, -0.1776 ],
									"rotationX": 0.1,
									"rotationY": -45.0,
									"faces": {
										"north": { "texture": "#trader", "uv": [ 4.5, 13.0, 5.7, 13.6 ], "autoUv": false },
										"east": { "texture": "#trader", "uv": [ 10.0, 7.5, 10.3, 8.1 ], "autoUv": false },
										"south": { "texture": "#trader", "uv": [ 3.5, 12.0, 4.7, 12.6 ], "autoUv": false },
										"up": { "texture": "#trader", "uv": [ 10.5, 0.5, 11.7, 0.8 ], "autoUv": false },
										"down": { "texture": "#trader", "uv": [ 3.5, 13.0, 4.7, 13.3 ], "autoUv": false }
									}
								}
							]
						},
						{
							"name": "origin handle E",
							"from": [ 0.0, 0.0, 0.0 ],
							"to": [ 0.0, 0.0, 0.0 ],
							"uv": [ 0.0, 0.0 ],
							"faces": {
								"north": { "texture": "#trader", "uv": [ 0.0, 0.0, 0.3, 0.3 ], "autoUv": false },
								"east": { "texture": "#trader", "uv": [ 0.0, 0.0, 0.3, 0.3 ], "autoUv": false },
								"south": { "texture": "#trader", "uv": [ 0.0, 0.0, 0.3, 0.3 ], "autoUv": false },
								"west": { "texture": "#trader", "uv": [ 0.0, 0.0, 0.3, 0.3 ], "autoUv": false },
								"up": { "texture": "#trader", "uv": [ 0.0, 0.0, 0.3, 0.3 ], "autoUv": false },
								"down": { "texture": "#trader", "uv": [ 0.0, 0.0, 0.3, 0.3 ], "autoUv": false }
							},
							"children": [
								{
									"name": "E handle 1",
									"from": [ 0.1632, 0.408, -0.096 ],
									"to": [ 0.2208, 0.504, -0.072 ],
									"uv": [ 0.0, 0.0 ],
									"rotationOrigin": [ 0.1632, 0.408, -0.096 ],
									"rotationX": 25.0,
									"faces": {
										"north": { "texture": "#trader", "uv": [ 0.0, 0.0, 0.6, 1.2 ], "autoUv": false },
										"east": { "texture": "#trader", "uv": [ 0.0, 0.0, 0.3, 1.2 ], "autoUv": false },
										"south": { "texture": "#trader", "uv": [ 0.0, 0.0, 0.6, 1.2 ], "autoUv": false },
										"west": { "texture": "#trader", "uv": [ 0.0, 0.0, 0.3, 1.2 ], "autoUv": false },
										"up": { "texture": "#trader", "uv": [ 0.0, 0.0, 0.6, 0.3 ], "autoUv": false },
										"down": { "texture": "#trader", "uv": [ 0.0, 0.0, 0.6, 0.3 ], "autoUv": false }
									}
								},
								{
									"name": "E handle 2",
									"from": [ 0.1632, 0.408, 0.072 ],
									"to": [ 0.2208, 0.504, 0.096 ],
									"uv": [ 0.0, 0.0 ],
									"rotationOrigin": [ 0.1632, 0.408, 0.096 ],
									"rotationX": -25.0,
									"faces": {
										"north": { "texture": "#trader", "uv": [ 0.0, 0.0, 0.6, 1.2 ], "autoUv": false },
										"east": { "texture": "#trader", "uv": [ 0.0, 0.0, 0.3, 1.2 ], "autoUv": false },
										"south": { "texture": "#trader", "uv": [ 0.0, 0.0, 0.6, 1.2 ], "autoUv": false },
										"west": { "texture": "#trader", "uv": [ 0.0, 0.0, 0.3, 1.2 ], "autoUv": false },
										"up": { "texture": "#trader", "uv": [ 0.0, 0.0, 0.6, 0.3 ], "autoUv": false },
										"down": { "texture": "#trader", "uv": [ 0.0, 0.0, 0.6, 0.3 ], "autoUv": false }
									}
								},
								{
									"name": "E handle top",
									"from": [ 0.168, 0.4752, -0.048 ],
									"to": [ 0.216, 0.4992, 0.048 ],
									"uv": [ 0.0, 0.0 ],
									"rotationOrigin": [ 0.168, 0.4752, -0.048 ],
									"faces": {
										"north": { "texture": "#trader", "uv": [ 0.0, 0.0, 0.6, 0.3 ], "autoUv": false },
										"east": { "texture": "#trader", "uv": [ 0.0, 0.0, 1.2, 0.3 ], "autoUv": false },
										"south": { "texture": "#trader", "uv": [ 0.0, 0.0, 0.6, 0.3 ], "autoUv": false },
										"west": { "texture": "#trader", "uv": [ 0.0, 0.0, 1.2, 0.3 ], "autoUv": false },
										"up": { "texture": "#trader", "uv": [ 0.0, 0.0, 0.6, 1.2 ], "autoUv": false },
										"down": { "texture": "#trader", "uv": [ 0.0, 0.0, 0.6, 1.2 ], "autoUv": false }
									}
								}
							]
						},
						{
							"name": "origin handle W",
							"from": [ -0.384, 0.0, 0.0 ],
							"to": [ -0.384, 0.0, 0.0 ],
							"uv": [ 1.5, 0.0 ],
							"rotationOrigin": [ -0.384, 0.0, 0.0 ],
							"faces": {
								"north": { "texture": "#trader", "uv": [ 2.0, 13.5, 2.3, 13.8 ], "autoUv": false },
								"east": { "texture": "#trader", "uv": [ 6.0, 12.5, 6.3, 12.8 ], "autoUv": false },
								"south": { "texture": "#trader", "uv": [ 10.0, 11.0, 10.3, 11.3 ], "autoUv": false },
								"west": { "texture": "#trader", "uv": [ 7.5, 0.0, 7.8, 0.3 ], "autoUv": false },
								"up": { "texture": "#trader", "uv": [ 1.5, 2.0, 1.8, 2.3 ], "autoUv": false },
								"down": { "texture": "#trader", "uv": [ 13.0, 6.0, 13.3, 6.3 ], "autoUv": false }
							},
							"children": [
								{
									"name": "W handle 1",
									"from": [ 0.1632, 0.408, -0.096 ],
									"to": [ 0.2208, 0.504, -0.072 ],
									"uv": [ 3.0, 1.5 ],
									"rotationOrigin": [ 0.1632, 0.408, -0.096 ],
									"rotationX": 25.0,
									"faces": {
										"north": { "texture": "#trader", "uv": [ 11.0, 12.5, 11.6, 13.7 ], "autoUv": false },
										"east": { "texture": "#trader", "uv": [ 11.0, 5.5, 11.3, 6.7 ], "autoUv": false },
										"south": { "texture": "#trader", "uv": [ 9.0, 2.5, 9.6, 3.7 ], "autoUv": false },
										"west": { "texture": "#trader", "uv": [ 3.0, 2.5, 3.3, 3.7 ], "autoUv": false },
										"up": { "texture": "#trader", "uv": [ 12.5, 7.5, 13.1, 7.8 ], "autoUv": false },
										"down": { "texture": "#trader", "uv": [ 4.0, 1.5, 4.6, 1.8 ], "autoUv": false }
									}
								},
								{
									"name": "W handle 2",
									"from": [ 0.1632, 0.408, 0.072 ],
									"to": [ 0.2208, 0.504, 0.096 ],
									"uv": [ 2.0, 2.5 ],
									"rotationOrigin": [ 0.1632, 0.408, 0.096 ],
									"rotationX": -25.0,
									"faces": {
										"north": { "texture": "#trader", "uv": [ 2.0, 6.5, 2.6, 7.7 ], "autoUv": false },
										"east": { "texture": "#trader", "uv": [ 2.5, 9.5, 2.8, 10.7 ], "autoUv": false },
										"south": { "texture": "#trader", "uv": [ 9.5, 3.5, 10.1, 4.7 ], "autoUv": false },
										"west": { "texture": "#trader", "uv": [ 5.5, 2.5, 5.8, 3.7 ], "autoUv": false },
										"up": { "texture": "#trader", "uv": [ 7.0, 4.0, 7.6, 4.3 ], "autoUv": false },
										"down": { "texture": "#trader", "uv": [ 5.5, 9.5, 6.1, 9.8 ], "autoUv": false }
									}
								},
								{
									"name": "W handle top",
									"from": [ 0.168, 0.4752, -0.048 ],
									"to": [ 0.216, 0.4992, 0.048 ],
									"uv": [ 2.0, 1.5 ],
									"rotationOrigin": [ 0.168, 0.4752, -0.048 ],
									"faces": {
										"north": { "texture": "#trader", "uv": [ 11.5, 13.5, 12.1, 13.8 ], "autoUv": false },
										"east": { "texture": "#trader", "uv": [ 11.5, 13.0, 12.7, 13.3 ], "autoUv": false },
										"south": { "texture": "#trader", "uv": [ 4.5, 1.5, 5.1, 1.8 ], "autoUv": false },
										"west": { "texture": "#trader", "uv": [ 4.0, 14.5, 5.2, 14.8 ], "autoUv": false },
										"up": { "texture": "#trader", "uv": [ 2.0, 8.0, 2.6, 9.2 ], "autoUv": false },
										"down": { "texture": "#trader", "uv": [ 11.0, 4.5, 11.6, 5.7 ], "autoUv": false }
									}
								}
							]
						},
						{
							"name": "origin ring 2",
							"from": [ 0.0, -0.24, 0.0 ],
							"to": [ 0.0, -0.24, 0.0 ],
							"uv": [ 0.0, 0.0 ],
							"faces": {
								"north": { "texture": "#trader", "uv": [ 0.0, 0.0, 0.3, 0.3 ], "autoUv": false },
								"east": { "texture": "#trader", "uv": [ 0.0, 0.0, 0.3, 0.3 ], "autoUv": false },
								"south": { "texture": "#trader", "uv": [ 0.0, 0.0, 0.3, 0.3 ], "autoUv": false },
								"west": { "texture": "#trader", "uv": [ 0.0, 0.0, 0.3, 0.3 ], "autoUv": false },
								"up": { "texture": "#trader", "uv": [ 0.0, 0.0, 0.3, 0.3 ], "autoUv": false },
								"down": { "texture": "#trader", "uv": [ 0.0, 0.0, 0.3, 0.3 ], "autoUv": false }
							},
							"children": [
								{
									"name": "S ring3",
									"from": [ -0.1584, 0.288, 0.2016 ],
									"to": [ 0.1584, 0.336, 0.2256 ],
									"uv": [ 5.0, 1.5 ],
									"rotationOrigin": [ -0.1584, 0.288, 0.2016 ],
									"faces": {
										"east": { "texture": "#trader", "uv": [ 13.0, 14.5, 13.3, 15.1 ], "autoUv": false },
										"south": { "texture": "#trader", "uv": [ 5.0, 1.5, 8.9, 2.1 ], "autoUv": false },
										"west": { "texture": "#trader", "uv": [ 12.5, 5.5, 12.8, 6.1 ], "autoUv": false },
										"up": { "texture": "#trader", "uv": [ 7.5, 2.5, 11.4, 2.8 ], "autoUv": false },
										"down": { "texture": "#trader", "uv": [ 5.0, 8.5, 8.9, 8.8 ], "autoUv": false }
									}
								},
								{
									"name": "N ring3",
									"from": [ -0.1584, 0.288, -0.2256 ],
									"to": [ 0.1584, 0.336, -0.2016 ],
									"uv": [ 1.0, 0.0 ],
									"rotationOrigin": [ -0.1584, 0.288, -0.2016 ],
									"faces": {
										"north": { "texture": "#trader", "uv": [ 9.0, 1.5, 12.9, 2.1 ], "autoUv": false },
										"east": { "texture": "#trader", "uv": [ 1.0, 13.5, 1.3, 14.1 ], "autoUv": false },
										"west": { "texture": "#trader", "uv": [ 9.5, 10.5, 9.8, 11.1 ], "autoUv": false },
										"up": { "texture": "#trader", "uv": [ 6.0, 0.0, 9.9, 0.3 ], "autoUv": false },
										"down": { "texture": "#trader", "uv": [ 1.5, 0.5, 5.4, 0.8 ], "autoUv": false }
									}
								},
								{
									"name": "W ring3",
									"from": [ -0.2256, 0.288, -0.1584 ],
									"to": [ -0.2016, 0.336, 0.1584 ],
									"uv": [ 2.5, 1.0 ],
									"rotationOrigin": [ -0.2256, 0.288, -0.1344 ],
									"faces": {
										"north": { "texture": "#trader", "uv": [ 9.0, 4.0, 9.3, 4.6 ], "autoUv": false },
										"south": { "texture": "#trader", "uv": [ 8.0, 2.0, 8.3, 2.6 ], "autoUv": false },
										"west": { "texture": "#trader", "uv": [ 5.0, 1.5, 8.9, 2.1 ], "autoUv": false },
										"up": { "texture": "#trader", "uv": [ 15.0, 4.5, 15.3, 8.4 ], "autoUv": false },
										"down": { "texture": "#trader", "uv": [ 2.5, 1.0, 2.8, 4.9 ], "autoUv": false }
									}
								},
								{
									"name": "E ring3",
									"from": [ 0.2016, 0.288, -0.1584 ],
									"to": [ 0.2256, 0.336, 0.1584 ],
									"uv": [ 2.5, 1.0 ],
									"rotationOrigin": [ 0.2016, 0.288, -0.1344 ],
									"faces": {
										"north": { "texture": "#trader", "uv": [ 9.0, 4.0, 9.3, 4.6 ], "autoUv": false },
										"east": { "texture": "#trader", "uv": [ 4.5, 1.5, 8.4, 2.1 ], "autoUv": false },
										"south": { "texture": "#trader", "uv": [ 8.0, 2.0, 8.3, 2.6 ], "autoUv": false },
										"up": { "texture": "#trader", "uv": [ 15.0, 4.5, 15.3, 8.4 ], "autoUv": false },
										"down": { "texture": "#trader", "uv": [ 2.5, 1.0, 2.8, 4.9 ], "autoUv": false }
									}
								},
								{
									"name": "ring SE3",
									"from": [ 0.12, 0.288, 0.1584 ],
									"to": [ 0.216, 0.336, 0.1824 ],
									"uv": [ 0.0, 0.0 ],
									"rotationOrigin": [ 0.192, 0.288, 0.1584 ],
									"rotationX": -0.1,
									"rotationY": 45.0,
									"faces": {
										"east": { "texture": "#trader", "uv": [ 10.0, 7.5, 10.3, 8.1 ], "autoUv": false },
										"south": { "texture": "#trader", "uv": [ 7.0, 10.5, 8.2, 11.1 ], "autoUv": false },
										"west": { "texture": "#trader", "uv": [ 11.5, 14.0, 11.8, 14.6 ], "autoUv": false },
										"up": { "texture": "#trader", "uv": [ 9.0, 0.0, 10.2, 0.3 ], "autoUv": false },
										"down": { "texture": "#trader", "uv": [ 0.0, 13.5, 1.2, 13.8 ], "autoUv": false }
									}
								},
								{
									"name": "ring SW3",
									"from": [ -0.2304, 0.288, 0.192 ],
									"to": [ -0.1344, 0.336, 0.216 ],
									"uv": [ 0.0, 0.0 ],
									"rotationOrigin": [ -0.1584, 0.288, 0.192 ],
									"rotationX": -0.1,
									"rotationY": -45.0,
									"faces": {
										"north": { "texture": "#trader", "uv": [ 4.5, 14.0, 5.7, 14.6 ], "autoUv": false },
										"south": { "texture": "#trader", "uv": [ 3.5, 12.0, 4.7, 12.6 ], "autoUv": false },
										"west": { "texture": "#trader", "uv": [ 11.5, 14.0, 11.8, 14.6 ], "autoUv": false },
										"up": { "texture": "#trader", "uv": [ 4.0, 0.0, 5.2, 0.3 ], "autoUv": false },
										"down": { "texture": "#trader", "uv": [ 0.0, 13.5, 1.2, 13.8 ], "autoUv": false }
									}
								},
								{
									"name": "ring NW3",
									"from": [ -0.2496, 0.288, -0.2112 ],
									"to": [ -0.1536, 0.336, -0.1872 ],
									"uv": [ 0.0, 7.5 ],
									"rotationOrigin": [ -0.1776, 0.288, -0.2112 ],
									"rotationX": -0.1,
									"rotationY": 45.0,
									"faces": {
										"north": { "texture": "#trader", "uv": [ 4.5, 12.0, 5.7, 12.6 ], "autoUv": false },
										"east": { "texture": "#trader", "uv": [ 10.0, 7.5, 10.3, 8.1 ], "autoUv": false },
										"west": { "texture": "#trader", "uv": [ 11.5, 14.0, 11.8, 14.6 ], "autoUv": false },
										"up": { "texture": "#trader", "uv": [ 9.5, 13.5, 10.7, 13.8 ], "autoUv": false },
										"down": { "texture": "#trader", "uv": [ 0.0, 13.5, 1.2, 13.8 ], "autoUv": false }
									}
								},
								{
									"name": "ring NE3",
									"from": [ 0.1392, 0.288, -0.1776 ],
									"to": [ 0.2352, 0.336, -0.1536 ],
									"uv": [ 3.5, 0.5 ],
									"rotationOrigin": [ 0.2112, 0.288, -0.1776 ],
									"rotationX": 0.1,
									"rotationY": -45.0,
									"faces": {
										"north": { "texture": "#trader", "uv": [ 4.5, 13.0, 5.7, 13.6 ], "autoUv": false },
										"east": { "texture": "#trader", "uv": [ 10.0, 7.5, 10.3, 8.1 ], "autoUv": false },
										"south": { "texture": "#trader", "uv": [ 3.5, 12.0, 4.7, 12.6 ], "autoUv": false },
										"up": { "texture": "#trader", "uv": [ 10.5, 0.5, 11.7, 0.8 ], "autoUv": false },
										"down": { "texture": "#trader", "uv": [ 3.5, 13.0, 4.7, 13.3 ], "autoUv": false }
									}
								}
							]
						},
						{
							"name": "origin string",
							"from": [ 0.0, 0.0, 0.0 ],
							"to": [ 0.0, 0.0, 0.0 ],
							"uv": [ 0.0, 0.0 ],
							"faces": {
								"north": { "texture": "#trader", "uv": [ 0.0, 0.0, 0.3, 0.3 ], "autoUv": false },
								"east": { "texture": "#trader", "uv": [ 0.0, 0.0, 0.3, 0.3 ], "autoUv": false },
								"south": { "texture": "#trader", "uv": [ 0.0, 0.0, 0.3, 0.3 ], "autoUv": false },
								"west": { "texture": "#trader", "uv": [ 0.0, 0.0, 0.3, 0.3 ], "autoUv": false },
								"up": { "texture": "#trader", "uv": [ 0.0, 0.0, 0.3, 0.3 ], "autoUv": false },
								"down": { "texture": "#trader", "uv": [ 0.0, 0.0, 0.3, 0.3 ], "autoUv": false }
							},
							"children": [
								{
									"name": "Cube2",
									"from": [ -0.2184, 0.4728, -0.0384 ],
									"to": [ -0.1656, 0.5016, 0.0336 ],
									"uv": [ 5.0, 4.0 ],
									"rotationOrigin": [ -0.192, 0.4704, 0.0 ],
									"faces": {
										"north": { "texture": "#trader", "uv": [ 11.5, 5.5, 12.1, 5.8 ], "autoUv": false },
										"east": { "texture": "#trader", "uv": [ 14.5, 5.0, 15.4, 5.3 ], "autoUv": false },
										"south": { "texture": "#trader", "uv": [ 5.0, 12.0, 5.6, 12.3 ], "autoUv": false },
										"west": { "texture": "#trader", "uv": [ 8.5, 8.0, 9.4, 8.3 ], "autoUv": false },
										"up": { "texture": "#trader", "uv": [ 12.5, 13.5, 13.1, 14.4 ], "autoUv": false },
										"down": { "texture": "#trader", "uv": [ 6.5, 4.0, 7.1, 4.9 ], "autoUv": false }
									}
								},
								{
									"name": "Cube4",
									"from": [ -0.1824, 0.48, -0.024 ],
									"to": [ -0.0624, 0.504, 0.024 ],
									"uv": [ 4.5, 9.5 ],
									"rotationOrigin": [ -0.1824, 0.48, 0.0 ],
									"rotationZ": 34.0,
									"faces": {
										"north": { "texture": "#trader", "uv": [ 7.0, 10.0, 8.5, 10.3 ], "autoUv": false },
										"east": { "texture": "#trader", "uv": [ 8.0, 13.0, 8.6, 13.3 ], "autoUv": false },
										"south": { "texture": "#trader", "uv": [ 5.5, 10.5, 7.0, 10.8 ], "autoUv": false },
										"west": { "texture": "#trader", "uv": [ 8.5, 12.5, 9.1, 12.8 ], "autoUv": false },
										"up": { "texture": "#trader", "uv": [ 7.0, 10.5, 8.5, 11.1 ], "autoUv": false },
										"down": { "texture": "#trader", "uv": [ 4.5, 9.5, 6.0, 10.1 ], "autoUv": false }
									},
									"children": [
										{
											"name": "Cube5",
											"from": [ 0.1104, 0.0, 0.0 ],
											"to": [ 0.2064, 0.024, 0.048 ],
											"uv": [ 0.0, 0.5 ],
											"rotationOrigin": [ 0.1104, 0.0, 0.0 ],
											"rotationX": -0.1,
											"rotationZ": -21.0,
											"faces": {
												"north": { "texture": "#trader", "uv": [ 11.0, 12.5, 12.2, 12.8 ], "autoUv": false },
												"east": { "texture": "#trader", "uv": [ 14.5, 6.0, 15.1, 6.3 ], "autoUv": false },
												"south": { "texture": "#trader", "uv": [ 10.0, 14.5, 11.2, 14.8 ], "autoUv": false },
												"west": { "texture": "#trader", "uv": [ 0.0, 0.5, 0.6, 0.8 ], "autoUv": false },
												"up": { "texture": "#trader", "uv": [ 9.5, 14.0, 10.7, 14.6 ], "autoUv": false },
												"down": { "texture": "#trader", "uv": [ 9.5, 1.5, 10.7, 2.1 ], "autoUv": false }
											}
										}
									]
								},
								{
									"name": "Cube3",
									"from": [ 0.1656, 0.4728, -0.0384 ],
									"to": [ 0.2184, 0.5016, 0.0336 ],
									"uv": [ 5.0, 4.0 ],
									"rotationOrigin": [ 0.192, 0.4704, 0.0 ],
									"faces": {
										"north": { "texture": "#trader", "uv": [ 11.5, 5.5, 12.1, 5.8 ], "autoUv": false },
										"east": { "texture": "#trader", "uv": [ 14.5, 5.0, 15.4, 5.3 ], "autoUv": false },
										"south": { "texture": "#trader", "uv": [ 5.0, 12.0, 5.6, 12.3 ], "autoUv": false },
										"west": { "texture": "#trader", "uv": [ 8.5, 8.0, 9.4, 8.3 ], "autoUv": false },
										"up": { "texture": "#trader", "uv": [ 12.5, 13.5, 13.1, 14.4 ], "autoUv": false },
										"down": { "texture": "#trader", "uv": [ 6.5, 4.0, 7.1, 4.9 ], "autoUv": false }
									}
								},
								{
									"name": "Cube6",
									"from": [ 0.0576, 0.48, -0.024 ],
									"to": [ 0.1776, 0.504, 0.024 ],
									"uv": [ 4.0, 1.0 ],
									"rotationOrigin": [ 0.1776, 0.48, 0.0 ],
									"rotationZ": -34.0,
									"faces": {
										"north": { "texture": "#trader", "uv": [ 5.0, 10.0, 6.5, 10.3 ], "autoUv": false },
										"east": { "texture": "#trader", "uv": [ 13.5, 6.5, 14.1, 6.8 ], "autoUv": false },
										"south": { "texture": "#trader", "uv": [ 12.5, 12.5, 14.0, 12.8 ], "autoUv": false },
										"west": { "texture": "#trader", "uv": [ 13.5, 9.0, 14.1, 9.3 ], "autoUv": false },
										"up": { "texture": "#trader", "uv": [ 4.0, 6.0, 5.5, 6.6 ], "autoUv": false },
										"down": { "texture": "#trader", "uv": [ 5.0, 1.0, 6.5, 1.6 ], "autoUv": false }
									},
									"children": [
										{
											"name": "Cube7",
											"from": [ -0.0864, 0.0, 0.0 ],
											"to": [ 0.0096, 0.024, 0.048 ],
											"uv": [ 5.0, 9.5 ],
											"rotationOrigin": [ 0.0096, 0.0, 0.0 ],
											"rotationX": 0.1,
											"rotationZ": 21.0,
											"faces": {
												"north": { "texture": "#trader", "uv": [ 5.0, 10.0, 6.2, 10.3 ], "autoUv": false },
												"east": { "texture": "#trader", "uv": [ 5.5, 12.0, 6.1, 12.3 ], "autoUv": false },
												"south": { "texture": "#trader", "uv": [ 5.5, 9.5, 6.7, 9.8 ], "autoUv": false },
												"west": { "texture": "#trader", "uv": [ 10.5, 12.0, 11.1, 12.3 ], "autoUv": false },
												"up": { "texture": "#trader", "uv": [ 9.0, 11.5, 10.2, 12.1 ], "autoUv": false },
												"down": { "texture": "#trader", "uv": [ 9.0, 12.0, 10.2, 12.6 ], "autoUv": false }
											},
											"children": [
												{
													"name": "Cube17",
													"from": [ 0.7671, -0.3351, -0.656 ],
													"to": [ 1.1871, -0.0951, -0.416 ],
													"uv": [ 0.0, 4.0 ],
													"rotationOrigin": [ 0.9671, -0.3351, -0.536 ],
													"rotationX": -0.0934,
													"rotationY": 0.0358,
													"rotationZ": 13.0,
													"faces": {
														"north": { "texture": "#trader", "uv": [ 9.0, 4.0, 13.2, 6.4 ], "autoUv": false },
														"east": { "texture": "#trader", "uv": [ 12.0, 8.0, 14.4, 10.4 ], "autoUv": false },
														"south": { "texture": "#trader", "uv": [ 9.0, 4.0, 13.2, 6.4 ], "autoUv": false },
														"west": { "texture": "#trader", "uv": [ 12.0, 8.0, 14.4, 10.4 ], "autoUv": false },
														"up": { "texture": "#trader", "uv": [ 0.0, 12.0, 4.2, 14.4 ], "autoUv": false },
														"down": { "texture": "#trader", "uv": [ 0.0, 12.0, 4.2, 14.4 ], "autoUv": false }
													},
													"children": [
														{
															"name": "Cube18",
															"from": [ -0.43, 0.0, 0.0 ],
															"to": [ -0.01, 0.24, 0.24 ],
															"uv": [ 0.0, 4.0 ],
															"rotationOrigin": [ -0.3, 0.0, 0.12 ],
															"faces": {
																"north": { "texture": "#trader", "uv": [ 9.0, 4.0, 13.2, 6.4 ], "autoUv": false },
																"east": { "texture": "#trader", "uv": [ 12.0, 8.0, 14.4, 10.4 ], "autoUv": false },
																"south": { "texture": "#trader", "uv": [ 9.0, 4.0, 13.2, 6.4 ], "autoUv": false },
																"west": { "texture": "#trader", "uv": [ 12.0, 8.0, 14.4, 10.4 ], "autoUv": false },
																"up": { "texture": "#trader", "uv": [ 0.0, 12.0, 4.2, 14.4 ], "autoUv": false },
																"down": { "texture": "#trader", "uv": [ 0.0, 12.0, 4.2, 14.4 ], "autoUv": false }
															}
														},
														{
															"name": "Cube19",
															"from": [ -0.86, 0.0, 0.0 ],
															"to": [ -0.44, 0.24, 0.24 ],
															"uv": [ 0.0, 4.0 ],
															"rotationOrigin": [ -0.8, 0.0, 0.12 ],
															"faces": {
																"north": { "texture": "#trader", "uv": [ 9.0, 4.0, 13.2, 6.4 ], "autoUv": false },
																"east": { "texture": "#trader", "uv": [ 12.0, 8.0, 14.4, 10.4 ], "autoUv": false },
																"south": { "texture": "#trader", "uv": [ 9.0, 4.0, 13.2, 6.4 ], "autoUv": false },
																"west": { "texture": "#trader", "uv": [ 12.0, 8.0, 14.4, 10.4 ], "autoUv": false },
																"up": { "texture": "#trader", "uv": [ 0.0, 12.0, 4.2, 14.4 ], "autoUv": false },
																"down": { "texture": "#trader", "uv": [ 0.0, 12.0, 4.2, 14.4 ], "autoUv": false }
															}
														},
														{
															"name": "Cube20",
															"from": [ -1.213, 0.0, -0.11 ],
															"to": [ -0.793, 0.24, 0.13 ],
															"uv": [ 0.0, 4.0 ],
															"rotationOrigin": [ -1.1, 0.0, 0.12 ],
															"rotationY": -89.0,
															"faces": {
																"north": { "texture": "#trader", "uv": [ 9.0, 4.0, 13.2, 6.4 ], "autoUv": false },
																"east": { "texture": "#trader", "uv": [ 12.0, 8.0, 14.4, 10.4 ], "autoUv": false },
																"south": { "texture": "#trader", "uv": [ 9.0, 4.0, 13.2, 6.4 ], "autoUv": false },
																"west": { "texture": "#trader", "uv": [ 12.0, 8.0, 14.4, 10.4 ], "autoUv": false },
																"up": { "texture": "#trader", "uv": [ 0.0, 12.0, 4.2, 14.4 ], "autoUv": false },
																"down": { "texture": "#trader", "uv": [ 0.0, 12.0, 4.2, 14.4 ], "autoUv": false }
															}
														},
														{
															"name": "Cube21",
															"from": [ 0.23, 0.25, 0.0 ],
															"to": [ 0.65, 0.49, 0.24 ],
															"uv": [ 0.0, 4.0 ],
															"rotationOrigin": [ 0.4, 0.2, 0.12 ],
															"faces": {
																"north": { "texture": "#trader", "uv": [ 9.0, 4.0, 13.2, 6.4 ], "autoUv": false },
																"east": { "texture": "#trader", "uv": [ 12.0, 8.0, 14.4, 10.4 ], "autoUv": false },
																"south": { "texture": "#trader", "uv": [ 9.0, 4.0, 13.2, 6.4 ], "autoUv": false },
																"west": { "texture": "#trader", "uv": [ 12.0, 8.0, 14.4, 10.4 ], "autoUv": false },
																"up": { "texture": "#trader", "uv": [ 0.0, 12.0, 4.2, 14.4 ], "autoUv": false },
																"down": { "texture": "#trader", "uv": [ 0.0, 12.0, 4.2, 14.4 ], "autoUv": false }
															}
														},
														{
															"name": "Cube22",
															"from": [ -0.2, 0.25, 0.0 ],
															"to": [ 0.22, 0.49, 0.24 ],
															"uv": [ 0.0, 4.0 ],
															"rotationOrigin": [ -0.1, 0.2, 0.12 ],
															"faces": {
																"north": { "texture": "#trader", "uv": [ 9.0, 4.0, 13.2, 6.4 ], "autoUv": false },
																"east": { "texture": "#trader", "uv": [ 12.0, 8.0, 14.4, 10.4 ], "autoUv": false },
																"south": { "texture": "#trader", "uv": [ 9.0, 4.0, 13.2, 6.4 ], "autoUv": false },
																"west": { "texture": "#trader", "uv": [ 12.0, 8.0, 14.4, 10.4 ], "autoUv": false },
																"up": { "texture": "#trader", "uv": [ 0.0, 12.0, 4.2, 14.4 ], "autoUv": false },
																"down": { "texture": "#trader", "uv": [ 0.0, 12.0, 4.2, 14.4 ], "autoUv": false }
															}
														},
														{
															"name": "Cube23",
															"from": [ -0.63, 0.25, 0.0 ],
															"to": [ -0.21, 0.49, 0.24 ],
															"uv": [ 0.0, 4.0 ],
															"rotationOrigin": [ -0.6, 0.2, 0.12 ],
															"faces": {
																"north": { "texture": "#trader", "uv": [ 9.0, 4.0, 13.2, 6.4 ], "autoUv": false },
																"east": { "texture": "#trader", "uv": [ 12.0, 8.0, 14.4, 10.4 ], "autoUv": false },
																"south": { "texture": "#trader", "uv": [ 9.0, 4.0, 13.2, 6.4 ], "autoUv": false },
																"west": { "texture": "#trader", "uv": [ 12.0, 8.0, 14.4, 10.4 ], "autoUv": false },
																"up": { "texture": "#trader", "uv": [ 0.0, 12.0, 4.2, 14.4 ], "autoUv": false },
																"down": { "texture": "#trader", "uv": [ 0.0, 12.0, 4.2, 14.4 ], "autoUv": false }
															}
														},
														{
															"name": "Cube24",
															"from": [ -1.06, 0.25, 0.0 ],
															"to": [ -0.64, 0.49, 0.24 ],
															"uv": [ 0.0, 4.0 ],
															"rotationOrigin": [ -1.1, 0.2, 0.12 ],
															"faces": {
																"north": { "texture": "#trader", "uv": [ 9.0, 4.0, 13.2, 6.4 ], "autoUv": false },
																"east": { "texture": "#trader", "uv": [ 12.0, 8.0, 14.4, 10.4 ], "autoUv": false },
																"south": { "texture": "#trader", "uv": [ 9.0, 4.0, 13.2, 6.4 ], "autoUv": false },
																"west": { "texture": "#trader", "uv": [ 12.0, 8.0, 14.4, 10.4 ], "autoUv": false },
																"up": { "texture": "#trader", "uv": [ 0.0, 12.0, 4.2, 14.4 ], "autoUv": false },
																"down": { "texture": "#trader", "uv": [ 0.0, 12.0, 4.2, 14.4 ], "autoUv": false }
															}
														}
													]
												}
											]
										}
									]
								}
							]
						}
					]
				},
				{
					"name": "Cube16",
					"from": [ -0.99, 0.23, -0.86 ],
					"to": [ -0.57, 0.47, -0.62 ],
					"uv": [ 0.0, 4.0 ],
					"rotationOrigin": [ -0.82, 0.23, -0.74 ],
					"rotationX": -88.0441,
					"rotationY": 89.9802,
					"rotationZ": 88.0441,
					"faces": {
						"north": { "texture": "#trader", "uv": [ 9.0, 4.0, 13.2, 6.4 ], "autoUv": false },
						"east": { "texture": "#trader", "uv": [ 12.0, 8.0, 14.4, 10.4 ], "autoUv": false },
						"south": { "texture": "#trader", "uv": [ 9.0, 4.0, 13.2, 6.4 ], "autoUv": false },
						"west": { "texture": "#trader", "uv": [ 12.0, 8.0, 14.4, 10.4 ], "autoUv": false },
						"up": { "texture": "#trader", "uv": [ 0.0, 12.0, 4.2, 14.4 ], "autoUv": false },
						"down": { "texture": "#trader", "uv": [ 0.0, 12.0, 4.2, 14.4 ], "autoUv": false }
					}
				},
				{
					"name": "Cube1",
					"from": [ -0.03, 0.2497, 0.6401 ],
					"to": [ 0.39, 0.4897, 0.8801 ],
					"uv": [ 0.0, 0.0 ],
					"rotationOrigin": [ 0.18, 0.25, 0.76 ],
					"rotationX": -88.0441,
					"rotationY": 89.9802,
					"rotationZ": 88.0441,
					"faces": {
						"north": { "texture": "#trader", "uv": [ 0.0, 0.0, 4.2, 2.4 ], "autoUv": false },
						"east": { "texture": "#trader", "uv": [ 8.0, 8.0, 10.4, 10.4 ], "autoUv": false },
						"south": { "texture": "#trader", "uv": [ 0.0, 0.0, 4.2, 2.4 ], "autoUv": false },
						"west": { "texture": "#trader", "uv": [ 8.0, 8.0, 10.4, 10.4 ], "autoUv": false },
						"up": { "texture": "#trader", "uv": [ 0.0, 8.0, 4.2, 10.4 ], "autoUv": false },
						"down": { "texture": "#trader", "uv": [ 0.0, 8.0, 4.2, 10.4 ], "autoUv": false }
					},
					"children": [
						{
							"name": "Cube2",
							"from": [ 0.0, 0.0, 0.3 ],
							"to": [ 0.42, 0.24, 0.54 ],
							"uv": [ 0.0, 4.0 ],
							"rotationOrigin": [ 0.21, 0.0, 0.42 ],
							"faces": {
								"north": { "texture": "#trader", "uv": [ 0.0, 4.0, 4.2, 6.4 ], "autoUv": false },
								"east": { "texture": "#trader", "uv": [ 12.0, 8.0, 14.4, 10.4 ], "autoUv": false },
								"south": { "texture": "#trader", "uv": [ 0.0, 4.0, 4.2, 6.4 ], "autoUv": false },
								"west": { "texture": "#trader", "uv": [ 12.0, 8.0, 14.4, 10.4 ], "autoUv": false },
								"up": { "texture": "#trader", "uv": [ 0.0, 12.0, 4.2, 14.4 ], "autoUv": false },
								"down": { "texture": "#trader", "uv": [ 0.0, 12.0, 4.2, 14.4 ], "autoUv": false }
							}
						},
						{
							"name": "Cube3",
							"from": [ 0.0, 0.0, 0.6 ],
							"to": [ 0.42, 0.24, 0.84 ],
							"uv": [ 0.0, 0.0 ],
							"rotationOrigin": [ 0.21, 0.0, 0.72 ],
							"faces": {
								"north": { "texture": "#trader", "uv": [ 9.0, 0.0, 13.2, 2.4 ], "autoUv": false },
								"east": { "texture": "#trader", "uv": [ 8.0, 12.0, 10.4, 14.4 ], "autoUv": false },
								"south": { "texture": "#trader", "uv": [ 9.0, 0.0, 13.2, 2.4 ], "autoUv": false },
								"west": { "texture": "#trader", "uv": [ 8.0, 12.0, 10.4, 14.4 ], "autoUv": false },
								"up": { "texture": "#trader", "uv": [ 0.0, 12.0, 4.2, 14.4 ], "autoUv": false },
								"down": { "texture": "#trader", "uv": [ 0.0, 12.0, 4.2, 14.4 ], "autoUv": false }
							}
						},
						{
							"name": "Cube4",
							"from": [ 0.48, 0.0, 0.0 ],
							"to": [ 0.9, 0.24, 0.24 ],
							"uv": [ 0.0, 4.0 ],
							"rotationOrigin": [ 0.69, 0.0, 0.126 ],
							"faces": {
								"north": { "texture": "#trader", "uv": [ 9.0, 4.0, 13.2, 6.4 ], "autoUv": false },
								"east": { "texture": "#trader", "uv": [ 12.0, 12.0, 14.4, 14.4 ], "autoUv": false },
								"south": { "texture": "#trader", "uv": [ 9.0, 4.0, 13.2, 6.4 ], "autoUv": false },
								"west": { "texture": "#trader", "uv": [ 12.0, 12.0, 14.4, 14.4 ], "autoUv": false },
								"up": { "texture": "#trader", "uv": [ 0.0, 8.0, 4.2, 10.4 ], "autoUv": false },
								"down": { "texture": "#trader", "uv": [ 0.0, 8.0, 4.2, 10.4 ], "autoUv": false }
							}
						},
						{
							"name": "Cube5",
							"from": [ 0.48, 0.0, 0.3 ],
							"to": [ 0.9, 0.24, 0.54 ],
							"uv": [ 0.0, 0.0 ],
							"rotationOrigin": [ 0.69, 0.0, 0.42 ],
							"faces": {
								"north": { "texture": "#trader", "uv": [ 0.0, 0.0, 4.2, 2.4 ], "autoUv": false },
								"east": { "texture": "#trader", "uv": [ 8.0, 8.0, 10.4, 10.4 ], "autoUv": false },
								"south": { "texture": "#trader", "uv": [ 0.0, 0.0, 4.2, 2.4 ], "autoUv": false },
								"west": { "texture": "#trader", "uv": [ 8.0, 8.0, 10.4, 10.4 ], "autoUv": false },
								"up": { "texture": "#trader", "uv": [ 0.0, 12.0, 4.2, 14.4 ], "autoUv": false },
								"down": { "texture": "#trader", "uv": [ 0.0, 12.0, 4.2, 14.4 ], "autoUv": false }
							}
						},
						{
							"name": "Cube6",
							"from": [ 0.48, 0.0, 0.6 ],
							"to": [ 0.9, 0.24, 0.84 ],
							"uv": [ 0.0, 0.0 ],
							"rotationOrigin": [ 0.69, 0.0, 0.72 ],
							"faces": {
								"north": { "texture": "#trader", "uv": [ 0.0, 0.0, 4.2, 2.4 ], "autoUv": false },
								"east": { "texture": "#trader", "uv": [ 12.0, 8.0, 14.4, 10.4 ], "autoUv": false },
								"south": { "texture": "#trader", "uv": [ 0.0, 0.0, 4.2, 2.4 ], "autoUv": false },
								"west": { "texture": "#trader", "uv": [ 12.0, 8.0, 14.4, 10.4 ], "autoUv": false },
								"up": { "texture": "#trader", "uv": [ 0.0, 8.0, 4.2, 10.4 ], "autoUv": false },
								"down": { "texture": "#trader", "uv": [ 0.0, 8.0, 4.2, 10.4 ], "autoUv": false }
							}
						},
						{
							"name": "Cube7",
							"from": [ 0.03, 0.24, -0.03 ],
							"to": [ 0.27, 0.48, 0.39 ],
							"uv": [ 0.0, 4.0 ],
							"rotationOrigin": [ 0.15, 0.24, 0.18 ],
							"faces": {
								"north": { "texture": "#trader", "uv": [ 12.0, 12.0, 14.4, 14.4 ], "autoUv": false },
								"east": { "texture": "#trader", "uv": [ 9.0, 4.0, 13.2, 6.4 ], "autoUv": false },
								"south": { "texture": "#trader", "uv": [ 12.0, 12.0, 14.4, 14.4 ], "autoUv": false },
								"west": { "texture": "#trader", "uv": [ 9.0, 4.0, 13.2, 6.4 ], "autoUv": false },
								"up": { "texture": "#trader", "uv": [ 0.0, 12.0, 4.2, 14.4 ], "rotation": 90, "autoUv": false },
								"down": { "texture": "#trader", "uv": [ 0.0, 12.0, 4.2, 14.4 ], "rotation": 90, "autoUv": false }
							}
						},
						{
							"name": "Cube8",
							"from": [ 0.33, 0.24, -0.03 ],
							"to": [ 0.57, 0.48, 0.39 ],
							"uv": [ 0.0, 4.0 ],
							"rotationOrigin": [ 0.45, 0.24, 0.18 ],
							"faces": {
								"north": { "texture": "#trader", "uv": [ 8.0, 12.0, 10.4, 14.4 ], "autoUv": false },
								"east": { "texture": "#trader", "uv": [ 0.0, 4.0, 4.2, 6.4 ], "autoUv": false },
								"south": { "texture": "#trader", "uv": [ 8.0, 12.0, 10.4, 14.4 ], "autoUv": false },
								"west": { "texture": "#trader", "uv": [ 0.0, 4.0, 4.2, 6.4 ], "autoUv": false },
								"up": { "texture": "#trader", "uv": [ 0.0, 8.0, 4.2, 10.4 ], "rotation": 90, "autoUv": false },
								"down": { "texture": "#trader", "uv": [ 0.0, 8.0, 4.2, 10.4 ], "rotation": 90, "autoUv": false }
							}
						},
						{
							"name": "Cube9",
							"from": [ 0.63, 0.24, -0.03 ],
							"to": [ 0.87, 0.48, 0.39 ],
							"uv": [ 0.0, 0.0 ],
							"rotationOrigin": [ 0.75, 0.24, 0.18 ],
							"faces": {
								"north": { "texture": "#trader", "uv": [ 12.0, 12.0, 14.4, 14.4 ], "autoUv": false },
								"east": { "texture": "#trader", "uv": [ 0.0, 0.0, 4.2, 2.4 ], "autoUv": false },
								"south": { "texture": "#trader", "uv": [ 12.0, 12.0, 14.4, 14.4 ], "autoUv": false },
								"west": { "texture": "#trader", "uv": [ 0.0, 0.0, 4.2, 2.4 ], "autoUv": false },
								"up": { "texture": "#trader", "uv": [ 0.0, 12.0, 4.2, 14.4 ], "rotation": 90, "autoUv": false },
								"down": { "texture": "#trader", "uv": [ 0.0, 12.0, 4.2, 14.4 ], "rotation": 90, "autoUv": false }
							}
						},
						{
							"name": "Cube10",
							"from": [ 0.03, 0.24, 0.45 ],
							"to": [ 0.27, 0.48, 0.87 ],
							"uv": [ 0.0, 0.0 ],
							"rotationOrigin": [ 0.15, 0.24, 0.66 ],
							"faces": {
								"north": { "texture": "#trader", "uv": [ 8.0, 8.0, 10.4, 10.4 ], "autoUv": false },
								"east": { "texture": "#trader", "uv": [ 9.0, 0.0, 13.2, 2.4 ], "autoUv": false },
								"south": { "texture": "#trader", "uv": [ 8.0, 8.0, 10.4, 10.4 ], "autoUv": false },
								"west": { "texture": "#trader", "uv": [ 9.0, 0.0, 13.2, 2.4 ], "autoUv": false },
								"up": { "texture": "#trader", "uv": [ 0.0, 8.0, 4.2, 10.4 ], "rotation": 90, "autoUv": false },
								"down": { "texture": "#trader", "uv": [ 0.0, 8.0, 4.2, 10.4 ], "rotation": 90, "autoUv": false }
							}
						},
						{
							"name": "Cube11",
							"from": [ 0.33, 0.24, 0.45 ],
							"to": [ 0.57, 0.48, 0.87 ],
							"uv": [ 0.0, 4.0 ],
							"rotationOrigin": [ 0.45, 0.24, 0.66 ],
							"faces": {
								"north": { "texture": "#trader", "uv": [ 8.0, 12.0, 10.4, 14.4 ], "autoUv": false },
								"east": { "texture": "#trader", "uv": [ 9.0, 4.0, 13.2, 6.4 ], "autoUv": false },
								"south": { "texture": "#trader", "uv": [ 8.0, 12.0, 10.4, 14.4 ], "autoUv": false },
								"west": { "texture": "#trader", "uv": [ 9.0, 4.0, 13.2, 6.4 ], "autoUv": false },
								"up": { "texture": "#trader", "uv": [ 0.0, 12.0, 4.2, 14.4 ], "rotation": 90, "autoUv": false },
								"down": { "texture": "#trader", "uv": [ 0.0, 12.0, 4.2, 14.4 ], "rotation": 90, "autoUv": false }
							}
						},
						{
							"name": "Cube12",
							"from": [ 0.63, 0.24, 0.45 ],
							"to": [ 0.87, 0.48, 0.87 ],
							"uv": [ 0.0, 0.0 ],
							"rotationOrigin": [ 0.75, 0.24, 0.66 ],
							"faces": {
								"north": { "texture": "#trader", "uv": [ 8.0, 8.0, 10.4, 10.4 ], "autoUv": false },
								"east": { "texture": "#trader", "uv": [ 0.0, 0.0, 4.2, 2.4 ], "autoUv": false },
								"south": { "texture": "#trader", "uv": [ 8.0, 8.0, 10.4, 10.4 ], "autoUv": false },
								"west": { "texture": "#trader", "uv": [ 0.0, 0.0, 4.2, 2.4 ], "autoUv": false },
								"up": { "texture": "#trader", "uv": [ 0.0, 8.0, 4.2, 10.4 ], "rotation": 90, "autoUv": false },
								"down": { "texture": "#trader", "uv": [ 0.0, 8.0, 4.2, 10.4 ], "rotation": 90, "autoUv": false }
							}
						},
						{
							"name": "Cube13",
							"from": [ 0.0, 0.48, 0.0 ],
							"to": [ 0.42, 0.72, 0.24 ],
							"uv": [ 0.0, 4.0 ],
							"rotationOrigin": [ 0.21, 0.48, 0.12 ],
							"faces": {
								"north": { "texture": "#trader", "uv": [ 9.0, 4.0, 13.2, 6.4 ], "autoUv": false },
								"east": { "texture": "#trader", "uv": [ 12.0, 8.0, 14.4, 10.4 ], "autoUv": false },
								"south": { "texture": "#trader", "uv": [ 9.0, 4.0, 13.2, 6.4 ], "autoUv": false },
								"west": { "texture": "#trader", "uv": [ 12.0, 8.0, 14.4, 10.4 ], "autoUv": false },
								"up": { "texture": "#trader", "uv": [ 0.0, 12.0, 4.2, 14.4 ], "autoUv": false },
								"down": { "texture": "#trader", "uv": [ 0.0, 12.0, 4.2, 14.4 ], "autoUv": false }
							}
						},
						{
							"name": "Cube14",
							"from": [ 0.0, 0.48, 0.3 ],
							"to": [ 0.42, 0.72, 0.54 ],
							"uv": [ 0.0, 0.0 ],
							"rotationOrigin": [ 0.21, 0.48, 0.42 ],
							"faces": {
								"north": { "texture": "#trader", "uv": [ 0.0, 0.0, 4.2, 2.4 ], "autoUv": false },
								"east": { "texture": "#trader", "uv": [ 8.0, 12.0, 10.4, 14.4 ], "autoUv": false },
								"south": { "texture": "#trader", "uv": [ 0.0, 0.0, 4.2, 2.4 ], "autoUv": false },
								"west": { "texture": "#trader", "uv": [ 8.0, 12.0, 10.4, 14.4 ], "autoUv": false },
								"up": { "texture": "#trader", "uv": [ 0.0, 8.0, 4.2, 10.4 ], "autoUv": false },
								"down": { "texture": "#trader", "uv": [ 0.0, 8.0, 4.2, 10.4 ], "autoUv": false }
							}
						},
						{
							"name": "Cube15",
							"from": [ 0.0, 0.48, 0.6 ],
							"to": [ 0.42, 0.72, 0.84 ],
							"uv": [ 0.0, 4.0 ],
							"rotationOrigin": [ 0.21, 0.48, 0.72 ],
							"faces": {
								"north": { "texture": "#trader", "uv": [ 9.0, 4.0, 13.2, 6.4 ], "autoUv": false },
								"east": { "texture": "#trader", "uv": [ 12.0, 12.0, 14.4, 14.4 ], "autoUv": false },
								"south": { "texture": "#trader", "uv": [ 9.0, 4.0, 13.2, 6.4 ], "autoUv": false },
								"west": { "texture": "#trader", "uv": [ 12.0, 12.0, 14.4, 14.4 ], "autoUv": false },
								"up": { "texture": "#trader", "uv": [ 0.0, 8.0, 4.2, 10.4 ], "autoUv": false },
								"down": { "texture": "#trader", "uv": [ 0.0, 8.0, 4.2, 10.4 ], "autoUv": false }
							}
						}
					]
				}
			]
		}
	]}