{
	"editor": {
		"collapsedPaths": "Root/BootR,Root/Armor-ArmR,Root/backpack/base/HoodMain,Root/Armor-LowerTorso,Root/SwordBlade,Root/Armor-ArmL,Root/Cube2/backpack,Root/BootL,Root/BackpackMain,Root/HoodMain/HoodShoulder,Root/origin,Root/LowerTorso,Root/Armor-Head,Root/Cube2/LowerTorso,Root/Cube2/body",
		"allAngles": true,
		"entityTextureMode": true
	},
	"textureWidth": 64,
	"textureHeight": 64,
	"textureSizes": {
	},
	"textures": {
	},
	"elements": [
		{
			"name": "Base2",
			"from": [ 8.0, 0.0, 8.0 ],
			"to": [ 9.0, 0.25, 9.0 ],
			"unwrapMode": 4,
			"uv": [ 1.0, 0.5 ],
			"rotationOrigin": [ 8.3774, 0.0349, 8.3095 ],
			"faces": {
				"north": { "texture": "#base", "uv": [ 1.0, 6.0, 6.5, 11.0 ], "autoUv": false },
				"east": { "texture": "#base", "uv": [ 17.0, 6.0, 22.0, 11.0 ], "autoUv": false },
				"south": { "texture": "#base", "uv": [ 11.5, 6.0, 17.0, 11.0 ], "autoUv": false },
				"west": { "texture": "#base", "uv": [ 6.5, 6.0, 11.5, 11.0 ], "autoUv": false },
				"up": { "texture": "#base", "uv": [ 6.5, 0.5, 11.5, 6.0 ], "rotation": 90, "autoUv": false },
				"down": { "texture": "#base", "uv": [ 6.5, 11.0, 11.5, 16.5 ], "rotation": 90, "autoUv": false }
			},
			"children": [
				{
					"name": "Base3",
					"from": [ -1.0, 0.0, 0.0 ],
					"to": [ 0.0, 0.25, 1.0 ],
					"unwrapMode": 4,
					"uv": [ 1.0, 0.5 ],
					"rotationOrigin": [ -0.6226, 0.0049, 0.3096 ],
					"faces": {
						"north": { "texture": "#base", "uv": [ 1.0, 6.0, 6.5, 11.0 ], "autoUv": false },
						"east": { "texture": "#base", "uv": [ 17.0, 6.0, 22.0, 11.0 ], "autoUv": false },
						"south": { "texture": "#base", "uv": [ 11.5, 6.0, 17.0, 11.0 ], "autoUv": false },
						"west": { "texture": "#base", "uv": [ 6.5, 6.0, 11.5, 11.0 ], "autoUv": false },
						"up": { "texture": "#base", "uv": [ 6.5, 0.5, 11.5, 6.0 ], "rotation": 90, "autoUv": false },
						"down": { "texture": "#base", "uv": [ 6.5, 11.0, 11.5, 16.5 ], "rotation": 90, "autoUv": false }
					}
				},
				{
					"name": "Base12",
					"from": [ -1.0, 0.0, -1.0 ],
					"to": [ 0.0, 0.25, 0.0 ],
					"unwrapMode": 4,
					"uv": [ 1.0, 0.5 ],
					"rotationOrigin": [ -0.6226, 0.0049, -0.6905 ],
					"faces": {
						"north": { "texture": "#base", "uv": [ 1.0, 6.0, 6.5, 11.0 ], "autoUv": false },
						"east": { "texture": "#base", "uv": [ 17.0, 6.0, 22.0, 11.0 ], "autoUv": false },
						"south": { "texture": "#base", "uv": [ 11.5, 6.0, 17.0, 11.0 ], "autoUv": false },
						"west": { "texture": "#base", "uv": [ 6.5, 6.0, 11.5, 11.0 ], "autoUv": false },
						"up": { "texture": "#base", "uv": [ 6.5, 0.5, 11.5, 6.0 ], "rotation": 90, "autoUv": false },
						"down": { "texture": "#base", "uv": [ 6.5, 11.0, 11.5, 16.5 ], "rotation": 90, "autoUv": false }
					}
				},
				{
					"name": "Base17",
					"from": [ 0.0, 0.0, -1.0 ],
					"to": [ 1.0, 0.25, 0.0 ],
					"unwrapMode": 4,
					"uv": [ 1.0, 0.5 ],
					"rotationOrigin": [ 0.3774, 0.0049, -0.6904 ],
					"faces": {
						"north": { "texture": "#base", "uv": [ 1.0, 6.0, 6.5, 11.0 ], "autoUv": false },
						"east": { "texture": "#base", "uv": [ 17.0, 6.0, 22.0, 11.0 ], "autoUv": false },
						"south": { "texture": "#base", "uv": [ 11.5, 6.0, 17.0, 11.0 ], "autoUv": false },
						"west": { "texture": "#base", "uv": [ 6.5, 6.0, 11.5, 11.0 ], "autoUv": false },
						"up": { "texture": "#base", "uv": [ 6.5, 0.5, 11.5, 6.0 ], "rotation": 90, "autoUv": false },
						"down": { "texture": "#base", "uv": [ 6.5, 11.0, 11.5, 16.5 ], "rotation": 90, "autoUv": false }
					}
				},
				{
					"name": "Base4",
					"from": [ -1.3, 0.0, 0.0 ],
					"to": [ -1.0, 0.25, 1.0 ],
					"unwrapMode": 4,
					"uv": [ 1.0, 0.5 ],
					"rotationOrigin": [ -0.9226, 0.0049, 0.3096 ],
					"faces": {
						"north": { "texture": "#base", "uv": [ 1.0, 6.0, 6.5, 11.0 ], "autoUv": false },
						"east": { "texture": "#base", "uv": [ 17.0, 6.0, 22.0, 11.0 ], "autoUv": false },
						"south": { "texture": "#base", "uv": [ 11.5, 6.0, 17.0, 11.0 ], "autoUv": false },
						"west": { "texture": "#base", "uv": [ 6.5, 6.0, 11.5, 11.0 ], "autoUv": false },
						"up": { "texture": "#base", "uv": [ 6.5, 0.5, 11.5, 6.0 ], "rotation": 90, "autoUv": false },
						"down": { "texture": "#base", "uv": [ 6.5, 11.0, 11.5, 16.5 ], "rotation": 90, "autoUv": false }
					}
				},
				{
					"name": "Base5",
					"from": [ -1.3, 0.0, -1.0 ],
					"to": [ -1.0, 0.25, 0.0 ],
					"unwrapMode": 4,
					"uv": [ 1.0, 0.5 ],
					"rotationOrigin": [ -0.9226, 0.0049, -0.6904 ],
					"faces": {
						"north": { "texture": "#base", "uv": [ 1.0, 6.0, 6.5, 11.0 ], "autoUv": false },
						"east": { "texture": "#base", "uv": [ 17.0, 6.0, 22.0, 11.0 ], "autoUv": false },
						"south": { "texture": "#base", "uv": [ 11.5, 6.0, 17.0, 11.0 ], "autoUv": false },
						"west": { "texture": "#base", "uv": [ 6.5, 6.0, 11.5, 11.0 ], "autoUv": false },
						"up": { "texture": "#base", "uv": [ 6.5, 0.5, 11.5, 6.0 ], "rotation": 90, "autoUv": false },
						"down": { "texture": "#base", "uv": [ 6.5, 11.0, 11.5, 16.5 ], "rotation": 90, "autoUv": false }
					}
				},
				{
					"name": "Base6",
					"from": [ -1.3, 0.0, -1.3 ],
					"to": [ -1.0, 0.25, -1.0 ],
					"unwrapMode": 4,
					"uv": [ 1.0, 0.5 ],
					"rotationOrigin": [ -0.9226, 0.0049, -0.9904 ],
					"faces": {
						"north": { "texture": "#base", "uv": [ 1.0, 6.0, 6.5, 11.0 ], "autoUv": false },
						"east": { "texture": "#base", "uv": [ 17.0, 6.0, 22.0, 11.0 ], "autoUv": false },
						"south": { "texture": "#base", "uv": [ 11.5, 6.0, 17.0, 11.0 ], "autoUv": false },
						"west": { "texture": "#base", "uv": [ 6.5, 6.0, 11.5, 11.0 ], "autoUv": false },
						"up": { "texture": "#base", "uv": [ 6.5, 0.5, 11.5, 6.0 ], "rotation": 90, "autoUv": false },
						"down": { "texture": "#base", "uv": [ 6.5, 11.0, 11.5, 16.5 ], "rotation": 90, "autoUv": false }
					}
				},
				{
					"name": "Base7",
					"from": [ -1.0, 0.0, -1.3 ],
					"to": [ 0.0, 0.25, -1.0 ],
					"unwrapMode": 4,
					"uv": [ 1.0, 0.5 ],
					"rotationOrigin": [ -0.6226, 0.0049, -0.9904 ],
					"faces": {
						"north": { "texture": "#base", "uv": [ 1.0, 6.0, 6.5, 11.0 ], "autoUv": false },
						"east": { "texture": "#base", "uv": [ 17.0, 6.0, 22.0, 11.0 ], "autoUv": false },
						"south": { "texture": "#base", "uv": [ 11.5, 6.0, 17.0, 11.0 ], "autoUv": false },
						"west": { "texture": "#base", "uv": [ 6.5, 6.0, 11.5, 11.0 ], "autoUv": false },
						"up": { "texture": "#base", "uv": [ 6.5, 0.5, 11.5, 6.0 ], "rotation": 90, "autoUv": false },
						"down": { "texture": "#base", "uv": [ 6.5, 11.0, 11.5, 16.5 ], "rotation": 90, "autoUv": false }
					}
				},
				{
					"name": "Base8",
					"from": [ 0.0, 0.0, -1.3 ],
					"to": [ 1.0, 0.25, -1.0 ],
					"unwrapMode": 4,
					"uv": [ 1.0, 0.5 ],
					"rotationOrigin": [ 0.3774, 0.0049, -0.9904 ],
					"faces": {
						"north": { "texture": "#base", "uv": [ 1.0, 6.0, 6.5, 11.0 ], "autoUv": false },
						"east": { "texture": "#base", "uv": [ 17.0, 6.0, 22.0, 11.0 ], "autoUv": false },
						"south": { "texture": "#base", "uv": [ 11.5, 6.0, 17.0, 11.0 ], "autoUv": false },
						"west": { "texture": "#base", "uv": [ 6.5, 6.0, 11.5, 11.0 ], "autoUv": false },
						"up": { "texture": "#base", "uv": [ 6.5, 0.5, 11.5, 6.0 ], "rotation": 90, "autoUv": false },
						"down": { "texture": "#base", "uv": [ 6.5, 11.0, 11.5, 16.5 ], "rotation": 90, "autoUv": false }
					}
				},
				{
					"name": "Base9",
					"from": [ 0.0, 0.0, 1.0 ],
					"to": [ 1.0, 0.25, 1.3 ],
					"unwrapMode": 4,
					"uv": [ 1.0, 0.5 ],
					"rotationOrigin": [ 0.3774, 0.0049, 1.3096 ],
					"faces": {
						"north": { "texture": "#base", "uv": [ 1.0, 6.0, 6.5, 11.0 ], "autoUv": false },
						"east": { "texture": "#base", "uv": [ 17.0, 6.0, 22.0, 11.0 ], "autoUv": false },
						"south": { "texture": "#base", "uv": [ 11.5, 6.0, 17.0, 11.0 ], "autoUv": false },
						"west": { "texture": "#base", "uv": [ 6.5, 6.0, 11.5, 11.0 ], "autoUv": false },
						"up": { "texture": "#base", "uv": [ 6.5, 0.5, 11.5, 6.0 ], "rotation": 90, "autoUv": false },
						"down": { "texture": "#base", "uv": [ 6.5, 11.0, 11.5, 16.5 ], "rotation": 90, "autoUv": false }
					}
				},
				{
					"name": "Base10",
					"from": [ -1.0, 0.0, 1.0 ],
					"to": [ 0.0, 0.25, 1.3 ],
					"unwrapMode": 4,
					"uv": [ 1.0, 0.5 ],
					"rotationOrigin": [ -0.6226, 0.0049, 1.3096 ],
					"faces": {
						"north": { "texture": "#base", "uv": [ 1.0, 6.0, 6.5, 11.0 ], "autoUv": false },
						"east": { "texture": "#base", "uv": [ 17.0, 6.0, 22.0, 11.0 ], "autoUv": false },
						"south": { "texture": "#base", "uv": [ 11.5, 6.0, 17.0, 11.0 ], "autoUv": false },
						"west": { "texture": "#base", "uv": [ 6.5, 6.0, 11.5, 11.0 ], "autoUv": false },
						"up": { "texture": "#base", "uv": [ 6.5, 0.5, 11.5, 6.0 ], "rotation": 90, "autoUv": false },
						"down": { "texture": "#base", "uv": [ 6.5, 11.0, 11.5, 16.5 ], "rotation": 90, "autoUv": false }
					}
				},
				{
					"name": "Base11",
					"from": [ -1.3, 0.0, 1.0 ],
					"to": [ -1.0, 0.25, 1.3 ],
					"unwrapMode": 4,
					"uv": [ 1.0, 0.5 ],
					"rotationOrigin": [ -0.9226, 0.0049, 1.3096 ],
					"faces": {
						"north": { "texture": "#base", "uv": [ 1.0, 6.0, 6.5, 11.0 ], "autoUv": false },
						"east": { "texture": "#base", "uv": [ 17.0, 6.0, 22.0, 11.0 ], "autoUv": false },
						"south": { "texture": "#base", "uv": [ 11.5, 6.0, 17.0, 11.0 ], "autoUv": false },
						"west": { "texture": "#base", "uv": [ 6.5, 6.0, 11.5, 11.0 ], "autoUv": false },
						"up": { "texture": "#base", "uv": [ 6.5, 0.5, 11.5, 6.0 ], "rotation": 90, "autoUv": false },
						"down": { "texture": "#base", "uv": [ 6.5, 11.0, 11.5, 16.5 ], "rotation": 90, "autoUv": false }
					}
				},
				{
					"name": "Base13",
					"from": [ 1.0, 0.0, 0.0 ],
					"to": [ 1.3, 0.25, 1.0 ],
					"unwrapMode": 4,
					"uv": [ 1.0, 0.5 ],
					"rotationOrigin": [ 1.3774, 0.0049, 0.3096 ],
					"faces": {
						"north": { "texture": "#base", "uv": [ 1.0, 6.0, 6.5, 11.0 ], "autoUv": false },
						"east": { "texture": "#base", "uv": [ 17.0, 6.0, 22.0, 11.0 ], "autoUv": false },
						"south": { "texture": "#base", "uv": [ 11.5, 6.0, 17.0, 11.0 ], "autoUv": false },
						"west": { "texture": "#base", "uv": [ 6.5, 6.0, 11.5, 11.0 ], "autoUv": false },
						"up": { "texture": "#base", "uv": [ 6.5, 0.5, 11.5, 6.0 ], "rotation": 90, "autoUv": false },
						"down": { "texture": "#base", "uv": [ 6.5, 11.0, 11.5, 16.5 ], "rotation": 90, "autoUv": false }
					}
				},
				{
					"name": "Base14",
					"from": [ 1.0, 0.0, -1.0 ],
					"to": [ 1.3, 0.25, 0.0 ],
					"unwrapMode": 4,
					"uv": [ 1.0, 0.5 ],
					"rotationOrigin": [ 1.3774, 0.0049, -0.6904 ],
					"faces": {
						"north": { "texture": "#base", "uv": [ 1.0, 6.0, 6.5, 11.0 ], "autoUv": false },
						"east": { "texture": "#base", "uv": [ 17.0, 6.0, 22.0, 11.0 ], "autoUv": false },
						"south": { "texture": "#base", "uv": [ 11.5, 6.0, 17.0, 11.0 ], "autoUv": false },
						"west": { "texture": "#base", "uv": [ 6.5, 6.0, 11.5, 11.0 ], "autoUv": false },
						"up": { "texture": "#base", "uv": [ 6.5, 0.5, 11.5, 6.0 ], "rotation": 90, "autoUv": false },
						"down": { "texture": "#base", "uv": [ 6.5, 11.0, 11.5, 16.5 ], "rotation": 90, "autoUv": false }
					}
				},
				{
					"name": "Base15",
					"from": [ 1.0, 0.0, -1.3 ],
					"to": [ 1.3, 0.25, -1.0 ],
					"unwrapMode": 4,
					"uv": [ 1.0, 0.5 ],
					"rotationOrigin": [ 1.3774, 0.0049, -0.9904 ],
					"faces": {
						"north": { "texture": "#base", "uv": [ 1.0, 6.0, 6.5, 11.0 ], "autoUv": false },
						"east": { "texture": "#base", "uv": [ 17.0, 6.0, 22.0, 11.0 ], "autoUv": false },
						"south": { "texture": "#base", "uv": [ 11.5, 6.0, 17.0, 11.0 ], "autoUv": false },
						"west": { "texture": "#base", "uv": [ 6.5, 6.0, 11.5, 11.0 ], "autoUv": false },
						"up": { "texture": "#base", "uv": [ 6.5, 0.5, 11.5, 6.0 ], "rotation": 90, "autoUv": false },
						"down": { "texture": "#base", "uv": [ 6.5, 11.0, 11.5, 16.5 ], "rotation": 90, "autoUv": false }
					}
				},
				{
					"name": "Base16",
					"from": [ 1.0, 0.0, 1.0 ],
					"to": [ 1.3, 0.25, 1.3 ],
					"unwrapMode": 4,
					"uv": [ 1.0, 0.5 ],
					"rotationOrigin": [ 1.3774, 0.0049, 1.3096 ],
					"faces": {
						"north": { "texture": "#base", "uv": [ 1.0, 6.0, 6.5, 11.0 ], "autoUv": false },
						"east": { "texture": "#base", "uv": [ 17.0, 6.0, 22.0, 11.0 ], "autoUv": false },
						"south": { "texture": "#base", "uv": [ 11.5, 6.0, 17.0, 11.0 ], "autoUv": false },
						"west": { "texture": "#base", "uv": [ 6.5, 6.0, 11.5, 11.0 ], "autoUv": false },
						"up": { "texture": "#base", "uv": [ 6.5, 0.5, 11.5, 6.0 ], "rotation": 90, "autoUv": false },
						"down": { "texture": "#base", "uv": [ 6.5, 11.0, 11.5, 16.5 ], "rotation": 90, "autoUv": false }
					}
				},
				{
					"name": "backpack",
					"from": [ -0.75, 0.6, 0.5 ],
					"to": [ -0.25, 1.1, 0.85 ],
					"uv": [ 0.0, 1.0 ],
					"rotationOrigin": [ -0.5, 0.15, 0.7 ],
					"rotationY": -8.0,
					"faces": {
						"north": { "texture": "#trader", "uv": [ 0.0, 3.5, 5.0, 8.5 ], "autoUv": false },
						"east": { "texture": "#trader", "uv": [ 1.0, 3.5, 4.5, 8.5 ], "autoUv": false },
						"south": { "texture": "#trader", "uv": [ 5.0, 3.5, 10.0, 8.5 ], "autoUv": false },
						"west": { "texture": "#trader", "uv": [ 10.0, 3.5, 13.5, 8.5 ], "autoUv": false },
						"up": { "texture": "#trader", "uv": [ 5.0, 1.0, 10.0, 4.5 ], "autoUv": false },
						"down": { "texture": "#trader", "uv": [ 0.0, 7.0, 5.0, 10.5 ], "autoUv": false }
					},
					"children": [
						{
							"name": "top",
							"from": [ 0.05, 0.5, 0.1 ],
							"to": [ 0.45, 0.55, 0.3 ],
							"uv": [ 5.0, 0.0 ],
							"faces": {
								"north": { "texture": "#trader", "uv": [ 11.0, 0.0, 15.0, 0.5 ], "autoUv": false },
								"east": { "texture": "#trader", "uv": [ 5.0, 5.0, 7.0, 5.5 ], "autoUv": false },
								"south": { "texture": "#trader", "uv": [ 5.5, 9.0, 9.5, 9.5 ], "autoUv": false },
								"west": { "texture": "#trader", "uv": [ 8.0, 5.0, 10.0, 5.5 ], "autoUv": false },
								"up": { "texture": "#trader", "uv": [ 5.5, 4.0, 9.5, 6.0 ], "autoUv": false }
							}
						},
						{
							"name": "bottom",
							"from": [ 0.0, -0.05, 0.05 ],
							"to": [ 0.5, 0.0, 0.35 ],
							"uv": [ 0.0, 5.0 ],
							"faces": {
								"north": { "texture": "#trader", "uv": [ 0.0, 5.0, 5.0, 5.5 ], "autoUv": false },
								"east": { "texture": "#trader", "uv": [ 1.0, 5.0, 4.0, 5.5 ], "autoUv": false },
								"south": { "texture": "#trader", "uv": [ 11.0, 5.0, 16.0, 5.5 ], "autoUv": false },
								"west": { "texture": "#trader", "uv": [ 11.0, 5.0, 14.0, 5.5 ], "autoUv": false },
								"down": { "texture": "#trader", "uv": [ 6.0, 11.0, 11.0, 14.0 ], "autoUv": false }
							}
						},
						{
							"name": "L pocket",
							"from": [ -0.07, 0.15, 0.06 ],
							"to": [ 0.03, 0.45, 0.31 ],
							"uv": [ 0.0, 1.0 ],
							"rotationOrigin": [ -0.02, 0.45, 0.2 ],
							"rotationZ": -10.0,
							"faces": {
								"north": { "texture": "#trader", "uv": [ 0.5, 4.5, 1.5, 7.5 ], "autoUv": false },
								"east": { "texture": "#trader", "uv": [ 0.0, 2.0, 2.5, 5.0 ], "autoUv": false },
								"south": { "texture": "#trader", "uv": [ 2.0, 4.5, 3.0, 7.5 ], "autoUv": false },
								"west": { "texture": "#trader", "uv": [ 11.0, 4.5, 13.5, 7.5 ], "autoUv": false },
								"up": { "texture": "#trader", "uv": [ 7.5, 1.0, 8.5, 3.5 ], "autoUv": false },
								"down": { "texture": "#trader", "uv": [ 3.0, 7.0, 4.0, 9.5 ], "autoUv": false }
							}
						},
						{
							"name": "R pocket",
							"from": [ 0.47, 0.15, 0.06 ],
							"to": [ 0.57, 0.45, 0.31 ],
							"uv": [ 2.0, 1.0 ],
							"rotationOrigin": [ 0.52, 0.45, 0.16 ],
							"rotationZ": 10.0,
							"faces": {
								"north": { "texture": "#trader", "uv": [ 13.0, 4.5, 14.0, 7.5 ], "autoUv": false },
								"east": { "texture": "#trader", "uv": [ 2.0, 4.5, 4.5, 7.5 ], "autoUv": false },
								"south": { "texture": "#trader", "uv": [ 10.5, 4.5, 11.5, 7.5 ], "autoUv": false },
								"up": { "texture": "#trader", "uv": [ 8.0, 1.0, 9.0, 3.5 ], "autoUv": false },
								"down": { "texture": "#trader", "uv": [ 2.0, 6.5, 3.0, 9.0 ], "autoUv": false }
							}
						},
						{
							"name": "top pocket",
							"from": [ 0.1, 0.02, 0.3 ],
							"to": [ 0.4, 0.52, 0.4 ],
							"uv": [ 0.0, 1.5 ],
							"rotationOrigin": [ 0.25, 0.51, 0.3 ],
							"rotationX": -15.0,
							"faces": {
								"east": { "texture": "#trader", "uv": [ 9.5, 1.5, 10.5, 6.5 ], "autoUv": false },
								"south": { "texture": "#trader", "uv": [ 6.0, 2.0, 9.0, 7.0 ], "autoUv": false },
								"west": { "texture": "#trader", "uv": [ 2.5, 1.5, 3.5, 6.5 ], "autoUv": false },
								"up": { "texture": "#trader", "uv": [ 0.0, 3.0, 3.0, 4.0 ], "autoUv": false },
								"down": { "texture": "#trader", "uv": [ 6.0, 6.0, 9.0, 7.0 ], "autoUv": false }
							}
						},
						{
							"name": "L wood",
							"from": [ -0.01, -0.31, -0.01 ],
							"to": [ 0.09, 0.59, 0.09 ],
							"uv": [ 1.5, 1.5 ],
							"rotationOrigin": [ 0.04, 0.59, 0.0 ],
							"rotationX": 2.0,
							"rotationZ": -3.0,
							"faces": {
								"north": { "texture": "#trader", "uv": [ 7.5, 4.0, 8.5, 13.0 ], "autoUv": false },
								"east": { "texture": "#trader", "uv": [ 8.0, 5.0, 9.0, 14.0 ], "autoUv": false },
								"south": { "texture": "#trader", "uv": [ 3.0, 7.0, 4.0, 16.0 ], "autoUv": false },
								"west": { "texture": "#trader", "uv": [ 1.5, 1.5, 2.5, 10.5 ], "autoUv": false },
								"up": { "texture": "#trader", "uv": [ 2.0, 5.0, 3.0, 6.0 ], "autoUv": false },
								"down": { "texture": "#trader", "uv": [ 1.5, 2.0, 2.5, 3.0 ], "autoUv": false }
							}
						},
						{
							"name": "R wood",
							"from": [ 0.43, -0.31, -0.01 ],
							"to": [ 0.53, 0.59, 0.09 ],
							"uv": [ 0.0, 0.0 ],
							"rotationOrigin": [ 0.48, 0.59, 0.0 ],
							"rotationX": 2.0,
							"rotationZ": 3.0,
							"faces": {
								"north": { "texture": "#trader", "uv": [ 7.0, 6.5, 8.0, 15.5 ], "autoUv": false },
								"east": { "texture": "#trader", "uv": [ 7.5, 5.0, 8.5, 14.0 ], "autoUv": false },
								"south": { "texture": "#trader", "uv": [ 6.0, 1.5, 7.0, 10.5 ], "autoUv": false },
								"west": { "texture": "#trader", "uv": [ 7.5, 5.0, 8.5, 14.0 ], "autoUv": false },
								"up": { "texture": "#trader", "uv": [ 7.0, 3.0, 8.0, 4.0 ], "autoUv": false },
								"down": { "texture": "#trader", "uv": [ 0.0, 0.0, 1.0, 1.0 ], "autoUv": false }
							}
						},
						{
							"name": "base",
							"from": [ -0.05, -0.4, 0.04 ],
							"to": [ 0.55, 0.3, 0.44 ],
							"uv": [ 0.5, 3.5 ],
							"rotationOrigin": [ -0.05, -0.4, -0.01 ],
							"faces": {
								"north": { "texture": "#trader", "uv": [ 9.5, 8.0, 15.5, 15.0 ], "autoUv": false },
								"east": { "texture": "#trader", "uv": [ 0.5, 9.0, 4.5, 16.0 ], "autoUv": false },
								"south": { "texture": "#trader", "uv": [ 4.5, 5.5, 10.5, 12.5 ], "autoUv": false },
								"west": { "texture": "#trader", "uv": [ 10.0, 9.0, 14.0, 16.0 ], "autoUv": false },
								"up": { "texture": "#trader", "uv": [ 4.5, 3.5, 10.5, 7.5 ], "autoUv": false },
								"down": { "texture": "#trader", "uv": [ 1.5, 10.0, 7.5, 14.0 ], "autoUv": false }
							},
							"children": [
								{
									"name": "bottom 1",
									"from": [ 0.05, -0.05, 0.0 ],
									"to": [ 0.55, 0.0, 0.35 ],
									"uv": [ 2.5, 0.5 ],
									"rotationOrigin": [ 0.0, -0.05, -0.05 ],
									"faces": {
										"north": { "texture": "#trader", "uv": [ 5.5, 3.0, 10.5, 3.5 ], "autoUv": false },
										"east": { "texture": "#trader", "uv": [ 2.5, 3.5, 6.0, 4.0 ], "autoUv": false },
										"south": { "texture": "#trader", "uv": [ 5.5, 4.0, 10.5, 4.5 ], "autoUv": false },
										"west": { "texture": "#trader", "uv": [ 10.0, 3.0, 13.5, 3.5 ], "autoUv": false },
										"down": { "texture": "#trader", "uv": [ 5.5, 0.5, 10.5, 4.0 ], "autoUv": false }
									}
								}
							]
						},
						{
							"name": "L large pocket",
							"from": [ -0.15, -0.3, 0.05 ],
							"to": [ -0.05, 0.2, 0.4 ],
							"uv": [ 0.0, 0.0 ],
							"rotationOrigin": [ -0.1, 0.2, 0.24 ],
							"rotationZ": 6.0,
							"faces": {
								"north": { "texture": "#trader", "uv": [ 0.0, 0.0, 1.0, 5.0 ], "autoUv": false },
								"east": { "texture": "#trader", "uv": [ 0.0, 0.0, 3.5, 5.0 ], "autoUv": false },
								"south": { "texture": "#trader", "uv": [ 8.5, 0.0, 9.5, 5.0 ], "autoUv": false },
								"west": { "texture": "#trader", "uv": [ 7.0, 0.0, 10.5, 5.0 ], "autoUv": false },
								"up": { "texture": "#trader", "uv": [ 13.0, 9.5, 14.0, 13.0 ], "autoUv": false },
								"down": { "texture": "#trader", "uv": [ 0.0, 1.0, 1.0, 4.5 ], "autoUv": false }
							}
						},
						{
							"name": "R large pocket",
							"from": [ 0.54, -0.3, 0.05 ],
							"to": [ 0.64, 0.19, 0.4 ],
							"uv": [ 0.0, 0.0 ],
							"rotationOrigin": [ 0.59, 0.2, 0.2 ],
							"rotationZ": -6.0,
							"faces": {
								"north": { "texture": "#trader", "uv": [ 0.0, 0.0, 1.0, 4.5 ], "autoUv": false },
								"east": { "texture": "#trader", "uv": [ 2.5, 0.0, 6.0, 4.5 ], "autoUv": false },
								"south": { "texture": "#trader", "uv": [ 1.5, 0.0, 2.5, 4.5 ], "autoUv": false },
								"west": { "texture": "#trader", "uv": [ 6.5, 0.5, 10.0, 5.0 ], "autoUv": false },
								"up": { "texture": "#trader", "uv": [ 3.5, 6.5, 4.5, 10.0 ], "autoUv": false },
								"down": { "texture": "#trader", "uv": [ 1.0, 0.5, 2.0, 4.0 ], "autoUv": false }
							}
						}
					]
				},
				{
					"name": "body",
					"from": [ -0.44, 0.15, -0.74 ],
					"to": [ 0.6, 0.79, -0.18 ],
					"uv": [ 0.0, 0.0 ],
					"rotationOrigin": [ 0.04, 0.47, -0.5 ],
					"rotationX": -91.0,
					"rotationZ": 14.0,
					"faces": {
						"north": { "texture": "#trader", "uv": [ 0.0, 8.0, 8.0, 21.0 ], "rotation": 270, "autoUv": false },
						"east": { "texture": "#trader", "uv": [ 8.0, 0.0, 15.0, 8.0 ], "rotation": 180, "autoUv": false },
						"south": { "texture": "#trader", "uv": [ 15.0, 8.0, 23.0, 21.0 ], "rotation": 90, "autoUv": false },
						"west": { "texture": "#trader", "uv": [ 8.0, 21.0, 15.0, 29.0 ], "autoUv": false },
						"up": { "texture": "#trader", "uv": [ 8.0, 8.0, 15.0, 21.0 ], "rotation": 90, "autoUv": false },
						"down": { "texture": "#trader", "uv": [ 23.0, 8.0, 30.0, 21.0 ], "rotation": 270, "autoUv": false }
					},
					"children": [
						{
							"name": "neck",
							"from": [ -0.4, 0.064, 0.08 ],
							"to": [ 0.16, 0.624, 0.48 ],
							"uv": [ 32.0, 2.0 ],
							"rotationOrigin": [ 0.16, 0.384, 0.28 ],
							"rotationX": 11.0,
							"rotationZ": 10.0,
							"faces": {
								"north": { "texture": "#trader", "uv": [ 32.0, 9.0, 39.0, 16.0 ], "autoUv": false },
								"south": { "texture": "#trader", "uv": [ 44.0, 9.0, 51.0, 16.0 ], "autoUv": false },
								"west": { "texture": "#trader", "uv": [ 39.0, 9.0, 44.0, 16.0 ], "autoUv": false },
								"up": { "texture": "#trader", "uv": [ 39.0, 2.0, 44.0, 9.0 ], "rotation": 90, "autoUv": false },
								"down": { "texture": "#trader", "uv": [ 39.0, 16.0, 44.0, 23.0 ], "rotation": 90, "autoUv": false }
							},
							"children": [
								{
									"name": "cheeks",
									"from": [ -0.12, 0.016, -0.04 ],
									"to": [ 0.2, 0.336, 0.44 ],
									"uv": [ 16.0, 25.0 ],
									"rotationOrigin": [ 0.12, 0.176, 0.2 ],
									"rotationZ": -4.0,
									"faces": {
										"north": { "texture": "#trader", "uv": [ 16.0, 29.0, 20.0, 33.0 ], "autoUv": false },
										"east": { "texture": "#trader", "uv": [ 30.0, 29.0, 36.0, 33.0 ], "autoUv": false },
										"south": { "texture": "#trader", "uv": [ 26.0, 29.0, 30.0, 33.0 ], "autoUv": false },
										"west": { "texture": "#trader", "uv": [ 20.0, 29.0, 26.0, 33.0 ], "autoUv": false },
										"up": { "texture": "#trader", "uv": [ 20.0, 25.0, 26.0, 29.0 ], "rotation": 90, "autoUv": false },
										"down": { "texture": "#trader", "uv": [ 20.0, 33.0, 26.0, 37.0 ], "rotation": 90, "autoUv": false }
									}
								},
								{
									"name": "head",
									"from": [ -0.52, 0.4, 0.08 ],
									"to": [ 0.04, 0.56, 0.32 ],
									"uv": [ 44.0, 26.0 ],
									"rotationOrigin": [ 0.04, 0.52, 0.2 ],
									"rotationZ": 46.0,
									"faces": {
										"north": { "texture": "#trader", "uv": [ 44.0, 26.0, 46.0, 33.0 ], "rotation": 270, "autoUv": false },
										"south": { "texture": "#trader", "uv": [ 49.0, 26.0, 51.0, 33.0 ], "rotation": 90, "autoUv": false },
										"west": { "texture": "#trader", "uv": [ 46.0, 33.0, 49.0, 35.0 ], "autoUv": false },
										"up": { "texture": "#trader", "uv": [ 46.0, 26.0, 49.0, 33.0 ], "rotation": 90, "autoUv": false },
										"down": { "texture": "#trader", "uv": [ 51.0, 26.0, 54.0, 33.0 ], "rotation": 270, "autoUv": false }
									}
								},
								{
									"name": "jaw",
									"from": [ -0.248, 0.136, 0.12 ],
									"to": [ 0.072, 0.216, 0.28 ],
									"uv": [ 56.0, 29.0 ],
									"rotationOrigin": [ 0.072, 0.176, 0.2 ],
									"rotationZ": 23.0,
									"faces": {
										"north": { "texture": "#trader", "uv": [ 56.0, 29.0, 57.0, 33.0 ], "rotation": 270, "autoUv": false },
										"south": { "texture": "#trader", "uv": [ 59.0, 29.0, 60.0, 33.0 ], "rotation": 90, "autoUv": false },
										"west": { "texture": "#trader", "uv": [ 57.0, 33.0, 59.0, 34.0 ], "autoUv": false },
										"up": { "texture": "#trader", "uv": [ 57.0, 29.0, 59.0, 33.0 ], "rotation": 90, "autoUv": false },
										"down": { "texture": "#trader", "uv": [ 60.0, 29.0, 62.0, 33.0 ], "rotation": 270, "autoUv": false }
									},
									"children": [
										{
											"name": "R tooth",
											"from": [ 0.064, 0.04, -0.016 ],
											"to": [ 0.144, 0.2, 0.064 ],
											"uv": [ 3.0, 31.0 ],
											"rotationOrigin": [ 0.104, 0.04, 0.024 ],
											"rotationX": -25.0,
											"rotationZ": 15.0,
											"faces": {
												"north": { "texture": "#trader", "uv": [ 3.0, 32.0, 4.0, 34.0 ], "autoUv": false },
												"east": { "texture": "#trader", "uv": [ 6.0, 32.0, 7.0, 34.0 ], "autoUv": false },
												"south": { "texture": "#trader", "uv": [ 5.0, 32.0, 6.0, 34.0 ], "autoUv": false },
												"west": { "texture": "#trader", "uv": [ 4.0, 32.0, 5.0, 34.0 ], "autoUv": false },
												"up": { "texture": "#trader", "uv": [ 4.0, 31.0, 5.0, 32.0 ], "rotation": 90, "autoUv": false },
												"down": { "texture": "#trader", "uv": [ 4.0, 34.0, 5.0, 35.0 ], "rotation": 90, "autoUv": false }
											}
										},
										{
											"name": "R tooth18",
											"from": [ 0.064, 0.04, 0.096 ],
											"to": [ 0.144, 0.2, 0.176 ],
											"uv": [ 7.0, 31.0 ],
											"rotationOrigin": [ 0.104, 0.04, 0.136 ],
											"rotationX": 25.0,
											"rotationZ": 15.0,
											"faces": {
												"north": { "texture": "#trader", "uv": [ 7.0, 32.0, 8.0, 34.0 ], "autoUv": false },
												"east": { "texture": "#trader", "uv": [ 10.0, 32.0, 11.0, 34.0 ], "autoUv": false },
												"south": { "texture": "#trader", "uv": [ 9.0, 32.0, 10.0, 34.0 ], "autoUv": false },
												"west": { "texture": "#trader", "uv": [ 8.0, 32.0, 9.0, 34.0 ], "autoUv": false },
												"up": { "texture": "#trader", "uv": [ 8.0, 31.0, 9.0, 32.0 ], "rotation": 90, "autoUv": false },
												"down": { "texture": "#trader", "uv": [ 8.0, 34.0, 9.0, 35.0 ], "rotation": 90, "autoUv": false }
											}
										}
									]
								},
								{
									"name": "R ear",
									"from": [ 0.04, 0.504, -0.016 ],
									"to": [ 0.12, 0.744, 0.144 ],
									"uv": [ 18.0, 1.0 ],
									"rotationOrigin": [ 0.08, 0.504, 0.064 ],
									"rotationX": -40.0,
									"rotationY": -20.0,
									"faces": {
										"north": { "texture": "#trader", "uv": [ 18.0, 2.0, 19.0, 5.0 ], "autoUv": false },
										"east": { "texture": "#trader", "uv": [ 22.0, 2.0, 24.0, 5.0 ], "autoUv": false },
										"south": { "texture": "#trader", "uv": [ 21.0, 2.0, 22.0, 5.0 ], "autoUv": false },
										"west": { "texture": "#trader", "uv": [ 19.0, 2.0, 21.0, 5.0 ], "autoUv": false },
										"up": { "texture": "#trader", "uv": [ 19.0, 1.0, 21.0, 2.0 ], "rotation": 90, "autoUv": false }
									}
								},
								{
									"name": "L eat",
									"from": [ 0.04, 0.504, 0.256 ],
									"to": [ 0.12, 0.744, 0.416 ],
									"uv": [ 26.0, 1.0 ],
									"rotationOrigin": [ 0.08, 0.504, 0.336 ],
									"rotationX": 40.0,
									"rotationY": 20.0,
									"faces": {
										"north": { "texture": "#trader", "uv": [ 26.0, 2.0, 27.0, 5.0 ], "autoUv": false },
										"east": { "texture": "#trader", "uv": [ 30.0, 2.0, 32.0, 5.0 ], "autoUv": false },
										"south": { "texture": "#trader", "uv": [ 29.0, 2.0, 30.0, 5.0 ], "autoUv": false },
										"west": { "texture": "#trader", "uv": [ 27.0, 2.0, 29.0, 5.0 ], "autoUv": false },
										"up": { "texture": "#trader", "uv": [ 27.0, 1.0, 29.0, 2.0 ], "rotation": 90, "autoUv": false }
									}
								},
								{
									"name": "R front leg",
									"from": [ 0.24, -0.08, -0.064 ],
									"to": [ 0.48, 0.4, 0.176 ],
									"uv": [ 2.0, 39.0 ],
									"rotationOrigin": [ 0.36, 0.32, 0.048 ],
									"rotationX": -6.0,
									"rotationZ": 12.0,
									"faces": {
										"north": { "texture": "#trader", "uv": [ 2.0, 42.0, 5.0, 48.0 ], "autoUv": false },
										"east": { "texture": "#trader", "uv": [ 11.0, 42.0, 14.0, 48.0 ], "autoUv": false },
										"south": { "texture": "#trader", "uv": [ 8.0, 42.0, 11.0, 48.0 ], "autoUv": false },
										"west": { "texture": "#trader", "uv": [ 5.0, 42.0, 8.0, 48.0 ], "autoUv": false },
										"up": { "texture": "#trader", "uv": [ 5.0, 39.0, 8.0, 42.0 ], "rotation": 90, "autoUv": false },
										"down": { "texture": "#trader", "uv": [ 5.0, 48.0, 8.0, 51.0 ], "rotation": 90, "autoUv": false }
									},
									"children": [
										{
											"name": "R front feet",
											"from": [ 0.04, -0.384, 0.04 ],
											"to": [ 0.2, 0.096, 0.2 ],
											"uv": [ 3.0, 53.0 ],
											"rotationOrigin": [ 0.12, 0.096, 0.12 ],
											"rotationX": 19.0,
											"rotationZ": -39.0,
											"faces": {
												"north": { "texture": "#trader", "uv": [ 3.0, 55.0, 5.0, 61.0 ], "autoUv": false },
												"east": { "texture": "#trader", "uv": [ 9.0, 55.0, 11.0, 61.0 ], "autoUv": false },
												"south": { "texture": "#trader", "uv": [ 7.0, 55.0, 9.0, 61.0 ], "autoUv": false },
												"west": { "texture": "#trader", "uv": [ 5.0, 55.0, 7.0, 61.0 ], "autoUv": false },
												"up": { "texture": "#trader", "uv": [ 5.0, 53.0, 7.0, 55.0 ], "rotation": 90, "autoUv": false },
												"down": { "texture": "#trader", "uv": [ 5.0, 61.0, 7.0, 63.0 ], "rotation": 90, "autoUv": false }
											}
										}
									]
								},
								{
									"name": "L front leg",
									"from": [ 0.24, -0.08, 0.224 ],
									"to": [ 0.48, 0.4, 0.464 ],
									"uv": [ 16.0, 39.0 ],
									"rotationOrigin": [ 0.36, 0.32, 0.336 ],
									"rotationX": 6.0,
									"rotationZ": -19.0,
									"faces": {
										"north": { "texture": "#trader", "uv": [ 16.0, 42.0, 19.0, 48.0 ], "autoUv": false },
										"east": { "texture": "#trader", "uv": [ 25.0, 42.0, 28.0, 48.0 ], "autoUv": false },
										"south": { "texture": "#trader", "uv": [ 22.0, 42.0, 25.0, 48.0 ], "autoUv": false },
										"west": { "texture": "#trader", "uv": [ 19.0, 42.0, 22.0, 48.0 ], "autoUv": false },
										"up": { "texture": "#trader", "uv": [ 19.0, 39.0, 22.0, 42.0 ], "rotation": 90, "autoUv": false },
										"down": { "texture": "#trader", "uv": [ 19.0, 48.0, 22.0, 51.0 ], "rotation": 90, "autoUv": false }
									},
									"children": [
										{
											"name": "L front feet",
											"from": [ 0.04, -0.384, 0.04 ],
											"to": [ 0.2, 0.096, 0.2 ],
											"uv": [ 17.0, 53.0 ],
											"rotationOrigin": [ 0.12, 0.096, 0.12 ],
											"rotationX": 8.0,
											"rotationZ": -17.0,
											"faces": {
												"north": { "texture": "#trader", "uv": [ 17.0, 55.0, 19.0, 61.0 ], "autoUv": false },
												"east": { "texture": "#trader", "uv": [ 23.0, 55.0, 25.0, 61.0 ], "autoUv": false },
												"south": { "texture": "#trader", "uv": [ 21.0, 55.0, 23.0, 61.0 ], "autoUv": false },
												"west": { "texture": "#trader", "uv": [ 19.0, 55.0, 21.0, 61.0 ], "autoUv": false },
												"up": { "texture": "#trader", "uv": [ 19.0, 53.0, 21.0, 55.0 ], "rotation": 90, "autoUv": false },
												"down": { "texture": "#trader", "uv": [ 19.0, 61.0, 21.0, 63.0 ], "rotation": 90, "autoUv": false }
											}
										}
									]
								}
							],
							"attachmentpoints": [
								{
									"code": "rope",
									"posX": "3.0","posY": "5.0","posZ": "2.6",
									"rotationX": "0.0","rotationY": "0.0","rotationZ": "0.0"
								}
							]
						},
						{
							"name": "R back leg",
							"from": [ 0.64, -0.088, -0.08 ],
							"to": [ 0.96, 0.392, 0.16 ],
							"uv": [ 32.0, 38.0 ],
							"rotationOrigin": [ 0.8, 0.392, 0.04 ],
							"rotationX": -9.0,
							"rotationZ": 23.0,
							"faces": {
								"north": { "texture": "#trader", "uv": [ 39.0, 42.0, 43.0, 48.0 ], "autoUv": false },
								"east": { "texture": "#trader", "uv": [ 36.0, 42.0, 39.0, 48.0 ], "autoUv": false },
								"south": { "texture": "#trader", "uv": [ 32.0, 42.0, 36.0, 48.0 ], "autoUv": false },
								"west": { "texture": "#trader", "uv": [ 43.0, 42.0, 46.0, 48.0 ], "autoUv": false },
								"up": { "texture": "#trader", "uv": [ 36.0, 38.0, 39.0, 42.0 ], "rotation": 270, "autoUv": false },
								"down": { "texture": "#trader", "uv": [ 36.0, 48.0, 39.0, 52.0 ], "rotation": 270, "autoUv": false }
							},
							"children": [
								{
									"name": "R back feet",
									"from": [ 0.104, -0.352, 0.08 ],
									"to": [ 0.264, 0.128, 0.24 ],
									"uv": [ 38.0, 53.0 ],
									"rotationOrigin": [ 0.184, 0.128, 0.16 ],
									"rotationX": 14.0,
									"rotationZ": -22.0,
									"faces": {
										"north": { "texture": "#trader", "uv": [ 42.0, 55.0, 44.0, 61.0 ], "autoUv": false },
										"east": { "texture": "#trader", "uv": [ 40.0, 55.0, 42.0, 61.0 ], "autoUv": false },
										"south": { "texture": "#trader", "uv": [ 38.0, 55.0, 40.0, 61.0 ], "autoUv": false },
										"west": { "texture": "#trader", "uv": [ 44.0, 55.0, 46.0, 61.0 ], "autoUv": false },
										"up": { "texture": "#trader", "uv": [ 40.0, 53.0, 42.0, 55.0 ], "rotation": 270, "autoUv": false },
										"down": { "texture": "#trader", "uv": [ 40.0, 61.0, 42.0, 63.0 ], "rotation": 270, "autoUv": false }
									}
								}
							]
						},
						{
							"name": "L back leg",
							"from": [ 0.64, -0.088, 0.4 ],
							"to": [ 0.96, 0.392, 0.64 ],
							"uv": [ 48.0, 38.0 ],
							"rotationOrigin": [ 0.8, 0.392, 0.52 ],
							"rotationX": 9.0,
							"rotationZ": 39.0,
							"faces": {
								"north": { "texture": "#trader", "uv": [ 55.0, 42.0, 59.0, 48.0 ], "autoUv": false },
								"east": { "texture": "#trader", "uv": [ 52.0, 42.0, 55.0, 48.0 ], "autoUv": false },
								"south": { "texture": "#trader", "uv": [ 48.0, 42.0, 52.0, 48.0 ], "autoUv": false },
								"west": { "texture": "#trader", "uv": [ 59.0, 42.0, 62.0, 48.0 ], "autoUv": false },
								"up": { "texture": "#trader", "uv": [ 52.0, 38.0, 55.0, 42.0 ], "rotation": 270, "autoUv": false },
								"down": { "texture": "#trader", "uv": [ 52.0, 48.0, 55.0, 52.0 ], "rotation": 270, "autoUv": false }
							},
							"children": [
								{
									"name": "L back feet",
									"from": [ 0.104, -0.352, 0.0 ],
									"to": [ 0.264, 0.128, 0.16 ],
									"uv": [ 54.0, 53.0 ],
									"rotationOrigin": [ 0.184, 0.128, 0.08 ],
									"rotationX": 8.0,
									"rotationZ": -22.0,
									"faces": {
										"north": { "texture": "#trader", "uv": [ 58.0, 55.0, 60.0, 61.0 ], "autoUv": false },
										"east": { "texture": "#trader", "uv": [ 56.0, 55.0, 58.0, 61.0 ], "autoUv": false },
										"south": { "texture": "#trader", "uv": [ 54.0, 55.0, 56.0, 61.0 ], "autoUv": false },
										"west": { "texture": "#trader", "uv": [ 60.0, 55.0, 62.0, 61.0 ], "autoUv": false },
										"up": { "texture": "#trader", "uv": [ 56.0, 53.0, 58.0, 55.0 ], "rotation": 270, "autoUv": false },
										"down": { "texture": "#trader", "uv": [ 56.0, 61.0, 58.0, 63.0 ], "rotation": 270, "autoUv": false }
									}
								}
							]
						},
						{
							"name": "tail",
							"from": [ 0.96, 0.2, 0.24 ],
							"to": [ 1.04, 0.52, 0.32 ],
							"uv": [ 56.0, 10.0 ],
							"rotationOrigin": [ 1.0, 0.52, 0.28 ],
							"rotationZ": 39.0,
							"faces": {
								"north": { "texture": "#trader", "uv": [ 58.0, 11.0, 59.0, 15.0 ], "autoUv": false },
								"east": { "texture": "#trader", "uv": [ 57.0, 11.0, 58.0, 15.0 ], "autoUv": false },
								"south": { "texture": "#trader", "uv": [ 56.0, 11.0, 57.0, 15.0 ], "autoUv": false },
								"west": { "texture": "#trader", "uv": [ 59.0, 11.0, 60.0, 15.0 ], "autoUv": false },
								"up": { "texture": "#trader", "uv": [ 57.0, 10.0, 58.0, 11.0 ], "rotation": 270, "autoUv": false },
								"down": { "texture": "#trader", "uv": [ 57.0, 15.0, 58.0, 16.0 ], "rotation": 270, "autoUv": false }
							}
						}
					],
					"attachmentpoints": [
						{
							"code": "Center",
							"posX": "6.0","posY": "4.0","posZ": "3.5",
							"rotationX": "0.0","rotationY": "0.0","rotationZ": "0.0"
						}
					]
				},
				{
					"name": "LowerTorso",
					"from": [ 0.1, 0.85, 0.02 ],
					"to": [ 0.6, 1.35, 0.62 ],
					"unwrapMode": 4,
					"autoUnwrap": false,
					"uv": [ 41.5, 5.5 ],
					"rotationOrigin": [ 0.3, 1.35, 0.32 ],
					"rotationY": -61.0,
					"faces": {
						"north": { "texture": "#trader", "uv": [ 40.0, 10.0, 45.0, 15.0 ], "autoUv": false },
						"east": { "texture": "#trader", "uv": [ 56.0, 10.0, 62.0, 15.0 ], "autoUv": false },
						"south": { "texture": "#trader", "uv": [ 51.0, 10.0, 56.0, 15.0 ], "autoUv": false },
						"west": { "texture": "#trader", "uv": [ 45.0, 10.0, 51.0, 15.0 ], "autoUv": false },
						"up": { "texture": "#trader", "uv": [ 32.5, 5.0, 38.5, 10.0 ], "rotation": 90, "autoUv": false },
						"down": { "texture": "#trader", "uv": [ 32.5, 10.0, 38.5, 15.0 ], "rotation": 90, "autoUv": false }
					},
					"children": [
						{
							"name": "UpperTorso",
							"from": [ 0.0, 0.43, -0.01 ],
							"to": [ 0.5, 0.93, 0.61 ],
							"unwrapMode": 4,
							"autoUnwrap": false,
							"uv": [ 41.5, 0.5 ],
							"rotationOrigin": [ 0.2, 0.53, 0.29 ],
							"rotationZ": 11.0,
							"faces": {
								"north": { "texture": "#trader", "uv": [ 40.0, 5.0, 45.0, 10.0 ], "autoUv": false },
								"east": { "texture": "#trader", "uv": [ 56.0, 5.0, 62.0, 10.0 ], "autoUv": false },
								"south": { "texture": "#trader", "uv": [ 51.0, 5.0, 56.0, 10.0 ], "autoUv": false },
								"west": { "texture": "#trader", "uv": [ 45.0, 5.0, 51.0, 10.0 ], "autoUv": false },
								"up": { "texture": "#trader", "uv": [ 45.0, 0.0, 51.0, 5.0 ], "rotation": 90, "autoUv": false },
								"down": { "texture": "#trader", "uv": [ 32.5, 5.0, 38.5, 10.0 ], "rotation": 90, "autoUv": false }
							},
							"children": [
								{
									"name": "UpperArmR",
									"from": [ 0.1, -0.21, -0.12 ],
									"to": [ 0.4, 0.49, 0.08 ],
									"unwrapMode": 4,
									"autoUnwrap": false,
									"uv": [ 31.0, 38.5 ],
									"rotationOrigin": [ 0.2, 0.47, 0.08 ],
									"rotationX": 25.0,
									"rotationY": 22.0,
									"rotationZ": 11.0,
									"faces": {
										"north": { "texture": "#trader", "uv": [ 32.0, 45.5, 35.0, 52.5 ], "autoUv": false },
										"east": { "texture": "#trader", "uv": [ 30.0, 45.5, 32.0, 52.5 ], "autoUv": false },
										"south": { "texture": "#trader", "uv": [ 37.0, 45.5, 40.0, 52.5 ], "autoUv": false },
										"west": { "texture": "#trader", "uv": [ 35.0, 45.5, 37.0, 52.5 ], "autoUv": false },
										"up": { "texture": "#trader", "uv": [ 35.0, 42.5, 37.0, 45.5 ], "rotation": 90, "autoUv": false },
										"down": { "texture": "#trader", "uv": [ 35.0, 52.5, 37.0, 55.5 ], "rotation": 90, "autoUv": false }
									},
									"children": [
										{
											"name": "LowerArmR",
											"from": [ 0.01, -0.54, 0.0 ],
											"to": [ 0.26, 0.06, 0.2 ],
											"unwrapMode": 4,
											"autoUnwrap": false,
											"uv": [ 31.0, 51.5 ],
											"rotationOrigin": [ 0.13, 0.06, 0.1 ],
											"rotationX": -6.0,
											"rotationY": 3.0,
											"rotationZ": -55.0,
											"faces": {
												"north": { "texture": "#trader", "uv": [ 32.5, 55.5, 35.0, 61.5 ], "autoUv": false },
												"east": { "texture": "#trader", "uv": [ 30.5, 55.5, 32.5, 61.5 ], "autoUv": false },
												"south": { "texture": "#trader", "uv": [ 37.0, 55.5, 39.5, 61.5 ], "autoUv": false },
												"west": { "texture": "#trader", "uv": [ 35.0, 55.5, 37.0, 61.5 ], "autoUv": false },
												"up": { "texture": "#trader", "uv": [ 35.0, 53.0, 37.0, 55.5 ], "rotation": 90, "autoUv": false },
												"down": { "texture": "#trader", "uv": [ 35.0, 61.5, 37.0, 64.0 ], "rotation": 90, "autoUv": false }
											},
											"children": [
												{
													"name": "handle",
													"from": [ -0.0885, -0.0348, 0.0188 ],
													"to": [ 0.3615, 0.0552, 0.1088 ],
													"uv": [ 0.0, 0.0 ],
													"rotationOrigin": [ -0.2185, -0.0748, 0.0688 ],
													"rotationX": 3.8104,
													"rotationY": -8.9681,
													"rotationZ": 18.995,
													"faces": {
														"north": { "texture": "#trader", "uv": [ 0.0, 2.0, 5.0, 3.0 ], "autoUv": false },
														"east": { "texture": "#trader", "uv": [ 3.0, 0.0, 4.0, 1.0 ], "autoUv": false },
														"south": { "texture": "#trader", "uv": [ 0.0, 4.5, 5.0, 5.5 ], "autoUv": false },
														"west": { "texture": "#trader", "uv": [ 3.0, 0.0, 4.0, 1.0 ], "autoUv": false },
														"up": { "texture": "#trader", "uv": [ 0.0, 2.0, 5.0, 3.0 ], "autoUv": false },
														"down": { "texture": "#trader", "uv": [ 0.0, 3.0, 5.0, 4.0 ], "autoUv": false }
													},
													"children": [
														{
															"name": "metal",
															"from": [ -0.45, 0.009, 0.036 ],
															"to": [ 0.18, 0.099, 0.054 ],
															"uv": [ 0.0, 0.0 ],
															"faces": {
																"north": { "texture": "#trader", "uv": [ 1.0, 1.0, 8.0, 2.0 ], "autoUv": false },
																"east": { "texture": "#trader", "uv": [ 0.0, 0.0, 0.0, 1.0 ], "autoUv": false },
																"south": { "texture": "#trader", "uv": [ 0.0, 7.0, 7.0, 8.0 ], "autoUv": false },
																"west": { "texture": "#trader", "uv": [ 0.0, 0.0, 0.0, 1.0 ], "autoUv": false },
																"up": { "texture": "#trader", "uv": [ 1.0, 2.0, 8.0, 2.0 ], "autoUv": false },
																"down": { "texture": "#trader", "uv": [ 0.0, 0.0, 7.0, 0.0 ], "autoUv": false }
															}
														},
														{
															"name": "metal3",
															"from": [ -0.54, 0.054, 0.036 ],
															"to": [ -0.45, 0.099, 0.054 ],
															"uv": [ 1.0, 2.0 ],
															"faces": {
																"north": { "texture": "#trader", "uv": [ 4.0, 4.0, 5.0, 4.5 ], "autoUv": false },
																"south": { "texture": "#trader", "uv": [ 4.0, 3.0, 5.0, 3.5 ], "autoUv": false },
																"west": { "texture": "#trader", "uv": [ 2.0, 5.0, 2.0, 5.5 ], "autoUv": false },
																"up": { "texture": "#trader", "uv": [ 3.0, 4.0, 4.0, 4.0 ], "autoUv": false },
																"down": { "texture": "#trader", "uv": [ 1.0, 2.0, 2.0, 2.0 ], "autoUv": false }
															}
														},
														{
															"name": "metal4",
															"from": [ -0.27, -0.036, 0.036 ],
															"to": [ 0.18, 0.009, 0.054 ],
															"uv": [ 0.0, 1.0 ],
															"faces": {
																"north": { "texture": "#trader", "uv": [ 3.0, 6.0, 8.0, 6.5 ], "autoUv": false },
																"east": { "texture": "#trader", "uv": [ 1.0, 2.0, 1.0, 2.5 ], "autoUv": false },
																"south": { "texture": "#trader", "uv": [ 1.0, 3.0, 6.0, 3.5 ], "autoUv": false },
																"west": { "texture": "#trader", "uv": [ 0.0, 1.0, 0.0, 1.5 ], "autoUv": false },
																"down": { "texture": "#trader", "uv": [ 1.0, 2.0, 6.0, 2.0 ], "autoUv": false }
															}
														}
													]
												}
											],
											"attachmentpoints": [
												{
													"code": "RightHand",
													"posX": "1.0","posY": "1.0","posZ": "1.0",
													"rotationX": "0.0","rotationY": "-180.0","rotationZ": "0.0"
												}
											]
										}
									]
								},
								{
									"name": "UpperArmL",
									"from": [ 0.1, -0.21, 0.54 ],
									"to": [ 0.4, 0.49, 0.74 ],
									"unwrapMode": 4,
									"uv": [ 41.0, 42.5 ],
									"rotationOrigin": [ 0.2, 0.47, 0.54 ],
									"rotationX": -33.0,
									"rotationY": -25.0,
									"rotationZ": -42.0,
									"faces": {
										"north": { "texture": "#trader", "uv": [ 41.0, 45.5, 44.0, 52.5 ], "autoUv": false },
										"east": { "texture": "#trader", "uv": [ 49.0, 45.5, 51.0, 52.5 ], "autoUv": false },
										"south": { "texture": "#trader", "uv": [ 46.0, 45.5, 49.0, 52.5 ], "autoUv": false },
										"west": { "texture": "#trader", "uv": [ 44.0, 45.5, 46.0, 52.5 ], "autoUv": false },
										"up": { "texture": "#trader", "uv": [ 44.0, 42.5, 46.0, 45.5 ], "rotation": 90, "autoUv": false },
										"down": { "texture": "#trader", "uv": [ 44.0, 52.5, 46.0, 55.5 ], "rotation": 90, "autoUv": false }
									},
									"children": [
										{
											"name": "LowerArmL",
											"from": [ 0.02, -0.52, 0.0 ],
											"to": [ 0.27, 0.08, 0.2 ],
											"unwrapMode": 4,
											"uv": [ 41.5, 53.0 ],
											"rotationOrigin": [ 0.14, 0.08, 0.1 ],
											"rotationX": 6.0,
											"rotationZ": -42.0,
											"faces": {
												"north": { "texture": "#trader", "uv": [ 41.5, 55.5, 44.0, 61.5 ], "autoUv": false },
												"east": { "texture": "#trader", "uv": [ 48.5, 55.5, 50.5, 61.5 ], "autoUv": false },
												"south": { "texture": "#trader", "uv": [ 46.0, 55.5, 48.5, 61.5 ], "autoUv": false },
												"west": { "texture": "#trader", "uv": [ 44.0, 55.5, 46.0, 61.5 ], "autoUv": false },
												"up": { "texture": "#trader", "uv": [ 44.0, 53.0, 46.0, 55.5 ], "rotation": 90, "autoUv": false },
												"down": { "texture": "#trader", "uv": [ 44.0, 61.5, 46.0, 64.0 ], "rotation": 90, "autoUv": false }
											},
											"attachmentpoints": [
												{
													"code": "LeftHand",
													"posX": "1.0","posY": "1.0","posZ": "1.0",
													"rotationX": "0.0","rotationY": "-180.0","rotationZ": "0.0"
												}
											]
										}
									]
								},
								{
									"name": "Neck",
									"from": [ 0.1, 0.35, 0.16 ],
									"to": [ 0.4, 0.75, 0.46 ],
									"unwrapMode": 4,
									"uv": [ 12.5, 1.0 ],
									"rotationOrigin": [ 0.25, 0.46, 0.31 ],
									"rotationZ": 8.0,
									"faces": {
										"north": { "texture": "#trader", "uv": [ 12.5, 1.0, 15.5, 5.0 ], "autoUv": false },
										"east": { "texture": "#trader", "uv": [ 21.5, 1.0, 24.5, 5.0 ], "autoUv": false },
										"south": { "texture": "#trader", "uv": [ 18.5, 1.0, 21.5, 5.0 ], "autoUv": false },
										"west": { "texture": "#trader", "uv": [ 15.5, 1.0, 18.5, 5.0 ], "autoUv": false }
									},
									"children": [
										{
											"name": "Cube3",
											"from": [ -0.11, 0.22, -0.1 ],
											"to": [ 0.44, 0.72, 0.4 ],
											"autoUnwrap": false,
											"uv": [ 18.5, 15.0 ],
											"rotationOrigin": [ -0.1137, 0.2234, -0.1 ],
											"rotationZ": 19.0,
											"faces": {
												"north": { "texture": "#trader", "uv": [ 41.5, 55.5, 44.0, 61.5 ], "autoUv": false },
												"east": { "texture": "#trader", "uv": [ 48.5, 55.5, 50.5, 61.5 ], "autoUv": false },
												"south": { "texture": "#trader", "uv": [ 46.0, 55.5, 48.5, 61.5 ], "autoUv": false },
												"west": { "texture": "#trader", "uv": [ 44.0, 55.5, 46.0, 61.5 ], "autoUv": false },
												"up": { "texture": "#trader", "uv": [ 44.0, 53.0, 46.0, 55.5 ], "rotation": 90, "autoUv": false },
												"down": { "texture": "#trader", "uv": [ 44.0, 61.5, 46.0, 64.0 ], "rotation": 90, "autoUv": false }
											}
										},
										{
											"name": "HoodMain",
											"from": [ -0.0838, 0.162, -0.14 ],
											"to": [ 0.5282, 0.783, 0.445 ],
											"autoUnwrap": false,
											"uv": [ 0.0, 11.0 ],
											"rotationOrigin": [ -0.0838, 0.162, -0.1655 ],
											"rotationZ": 17.0,
											"faces": {
												"north": { "texture": "#trader", "uv": [ 13.5, 17.5, 20.0, 24.0 ], "autoUv": false },
												"east": { "texture": "#trader", "uv": [ 7.0, 17.5, 13.5, 24.0 ], "autoUv": false },
												"south": { "texture": "#trader", "uv": [ 0.0, 17.5, 6.5, 24.0 ], "autoUv": false },
												"west": { "texture": "#trader", "uv": [ 6.0, 11.0, 12.5, 17.5 ], "autoUv": false },
												"up": { "texture": "#trader", "uv": [ 0.0, 11.0, 6.5, 17.5 ], "autoUv": false }
											},
											"children": [
												{
													"name": "Hood1",
													"from": [ 0.522, 0.09, 0.117 ],
													"to": [ 0.657, 0.54, 0.477 ],
													"autoUnwrap": false,
													"uv": [ 18.5, 15.0 ],
													"rotationOrigin": [ 0.522, 0.27, 0.297 ],
													"rotationZ": -7.0,
													"faces": {
														"north": { "texture": "#trader", "uv": [ 22.0, 19.0, 23.5, 24.0 ], "autoUv": false },
														"east": { "texture": "#trader", "uv": [ 15.0, 0.5, 20.0, 4.5 ], "rotation": 90, "autoUv": false },
														"south": { "texture": "#trader", "uv": [ 20.5, 19.0, 22.0, 24.0 ], "autoUv": false },
														"up": { "texture": "#trader", "uv": [ 12.5, 13.5, 14.0, 17.5 ], "autoUv": false },
														"down": { "texture": "#trader", "uv": [ 14.0, 13.5, 15.5, 17.5 ], "autoUv": false }
													},
													"children": [
														{
															"name": "Hood2",
															"from": [ -0.045, -0.27, 0.09 ],
															"to": [ 0.135, 0.36, 0.27 ],
															"autoUnwrap": false,
															"uv": [ 0.0, 2.0 ],
															"rotationOrigin": [ 0.045, 0.36, 0.18 ],
															"rotationZ": 14.0,
															"faces": {
																"north": { "texture": "#trader", "uv": [ 0.0, 4.0, 2.0, 11.0 ], "autoUv": false },
																"east": { "texture": "#trader", "uv": [ 2.0, 4.0, 4.0, 11.0 ], "autoUv": false },
																"south": { "texture": "#trader", "uv": [ 4.0, 4.0, 6.0, 11.0 ], "autoUv": false },
																"west": { "texture": "#trader", "uv": [ 6.0, 4.0, 8.0, 11.0 ], "autoUv": false },
																"down": { "texture": "#trader", "uv": [ 12.5, 11.5, 14.5, 13.5 ], "autoUv": false }
															}
														}
													]
												}
											]
										}
									]
								},
								{
									"name": "HoodShoulder",
									"from": [ -0.11, 0.32, -0.0839 ],
									"to": [ 0.57, 0.57, 0.6461 ],
									"autoUnwrap": false,
									"uv": [ 8.0, 0.5 ],
									"rotationOrigin": [ 0.2855, 0.4211, 0.2961 ],
									"rotationZ": 8.0,
									"faces": {
										"north": { "texture": "#trader", "uv": [ 8.0, 8.5, 14.5, 11.0 ], "autoUv": false },
										"east": { "texture": "#trader", "uv": [ 15.0, 4.5, 22.0, 7.0 ], "autoUv": false },
										"south": { "texture": "#trader", "uv": [ 15.0, 7.0, 21.5, 9.5 ], "autoUv": false },
										"west": { "texture": "#trader", "uv": [ 0.0, 1.5, 7.0, 4.0 ], "autoUv": false },
										"up": { "texture": "#trader", "uv": [ 8.0, 1.5, 14.5, 8.5 ], "autoUv": false }
									},
									"children": [
										{
											"name": "HoodCape",
											"from": [ 0.62, -0.7, 0.03 ],
											"to": [ 0.67, 0.1, 0.71 ],
											"autoUnwrap": false,
											"uv": [ 8.0, -2.0 ],
											"rotationOrigin": [ 0.62, 0.1, 0.34 ],
											"rotationZ": -6.0,
											"faces": {
												"north": { "texture": "#trader", "uv": [ 23.5, 4.5, 24.0, 12.5 ], "autoUv": false },
												"east": { "texture": "#trader", "uv": [ 16.5, 9.5, 23.0, 17.5 ], "autoUv": false },
												"south": { "texture": "#trader", "uv": [ 23.0, 3.0, 23.5, 11.0 ], "autoUv": false },
												"west": { "texture": "#trader", "uv": [ 16.5, 9.5, 23.0, 17.5 ], "autoUv": false },
												"up": { "texture": "#trader", "uv": [ 23.0, 11.0, 23.5, 17.5 ], "autoUv": false },
												"down": { "texture": "#trader", "uv": [ 23.5, 12.5, 24.0, 19.0 ], "autoUv": false }
											}
										}
									]
								},
								{
									"name": "BowGrip",
									"from": [ 0.26, -0.38, 0.89 ],
									"to": [ 0.34, 0.02, 0.97 ],
									"uv": [ 0.5, 0.25 ],
									"rotationOrigin": [ 0.3005, -0.1798, 0.9267 ],
									"rotationX": -163.0,
									"rotationY": 155.0,
									"rotationZ": -177.0,
									"faces": {
										"north": { "texture": "#trader", "uv": [ 1.75, 1.75, 2.5, 5.75 ], "autoUv": false },
										"east": { "texture": "#trader", "uv": [ 1.5, 1.5, 2.25, 5.5 ], "autoUv": false },
										"south": { "texture": "#trader", "uv": [ 1.75, 1.0, 2.5, 5.0 ], "autoUv": false },
										"west": { "texture": "#trader", "uv": [ 0.75, 0.75, 1.5, 4.75 ], "autoUv": false },
										"up": { "texture": "#trader", "uv": [ 0.75, 0.75, 1.5, 1.5 ], "autoUv": false },
										"down": { "texture": "#trader", "uv": [ 0.5, 0.25, 1.25, 1.0 ], "autoUv": false }
									},
									"children": [
										{
											"name": "BowUpperLimb",
											"from": [ 0.01, 0.38, 0.01 ],
											"to": [ 0.07, 0.98, 0.07 ],
											"uv": [ 0.0, 0.0 ],
											"rotationOrigin": [ 0.04, 0.38, 0.04 ],
											"rotationZ": 10.0,
											"faces": {
												"north": { "texture": "#trader", "uv": [ 1.0, 3.0, 7.0, 3.5 ], "rotation": 90, "autoUv": false },
												"east": { "texture": "#trader", "uv": [ 0.5, 2.5, 6.5, 3.0 ], "rotation": 90, "autoUv": false },
												"south": { "texture": "#trader", "uv": [ 1.5, 3.0, 7.5, 3.5 ], "rotation": 90, "autoUv": false },
												"west": { "texture": "#trader", "uv": [ 1.5, 3.5, 7.5, 4.0 ], "rotation": 90, "autoUv": false },
												"up": { "texture": "#trader", "uv": [ 0.0, 0.0, 0.5, 0.5 ], "autoUv": false }
											},
											"children": [
												{
													"name": "BowUpperLimb2",
													"from": [ 0.01, 0.57, 0.01 ],
													"to": [ 0.05, 1.17, 0.05 ],
													"uv": [ 0.0, 0.0 ],
													"rotationOrigin": [ 0.03, 0.57, 0.03 ],
													"rotationZ": -67.5,
													"faces": {
														"north": { "texture": "#trader", "uv": [ 0.0, 2.0, 6.0, 2.5 ], "rotation": 90, "autoUv": false },
														"east": { "texture": "#trader", "uv": [ 1.5, 3.5, 7.5, 4.0 ], "rotation": 90, "autoUv": false },
														"south": { "texture": "#trader", "uv": [ 1.0, 4.5, 7.0, 5.0 ], "rotation": 90, "autoUv": false },
														"west": { "texture": "#trader", "uv": [ 0.5, 2.5, 6.5, 3.0 ], "rotation": 90, "autoUv": false },
														"up": { "texture": "#trader", "uv": [ 0.0, 0.0, 0.25, 0.25 ], "autoUv": false }
													}
												}
											]
										},
										{
											"name": "BowLowerLimb",
											"from": [ 0.01, -0.58, 0.01 ],
											"to": [ 0.07, 0.02, 0.07 ],
											"uv": [ 0.0, 0.0 ],
											"rotationOrigin": [ 0.04, 0.02, 0.04 ],
											"rotationZ": -10.0,
											"faces": {
												"north": { "texture": "#trader", "uv": [ 0.5, 5.0, 6.5, 5.5 ], "rotation": 90, "autoUv": false },
												"east": { "texture": "#trader", "uv": [ 0.0, 0.0, 6.0, 0.5 ], "rotation": 90, "autoUv": false },
												"south": { "texture": "#trader", "uv": [ 2.0, 1.5, 8.0, 2.0 ], "rotation": 90, "autoUv": false },
												"west": { "texture": "#trader", "uv": [ 1.0, 2.0, 7.0, 2.5 ], "rotation": 90, "autoUv": false },
												"down": { "texture": "#trader", "uv": [ 1.0, 0.75, 1.5, 1.25 ], "autoUv": false }
											},
											"children": [
												{
													"name": "BowLowerLimb2",
													"from": [ 0.01, -0.58, 0.01 ],
													"to": [ 0.05, 0.02, 0.05 ],
													"uv": [ 0.5, 1.0 ],
													"rotationOrigin": [ 0.01, 0.02, 0.01 ],
													"rotationZ": 67.5,
													"faces": {
														"north": { "texture": "#trader", "uv": [ 0.5, 3.5, 6.5, 4.0 ], "rotation": 90, "autoUv": false },
														"east": { "texture": "#trader", "uv": [ 1.5, 4.0, 7.5, 4.5 ], "rotation": 90, "autoUv": false },
														"south": { "texture": "#trader", "uv": [ 1.5, 6.5, 7.5, 7.0 ], "rotation": 90, "autoUv": false },
														"west": { "texture": "#trader", "uv": [ 2.0, 1.0, 8.0, 1.5 ], "rotation": 90, "autoUv": false },
														"down": { "texture": "#trader", "uv": [ 0.5, 1.25, 0.75, 1.5 ], "autoUv": false }
													}
												}
											]
										},
										{
											"name": "BowStringBottom",
											"from": [ 0.4, -0.85, 0.03 ],
											"to": [ 0.42, -0.05, 0.05 ],
											"uv": [ 0.0, 1.5 ],
											"rotationOrigin": [ 0.4, -0.85, 0.03 ],
											"faces": {
												"north": { "texture": "#trader", "uv": [ 0.0, 2.0, 8.0, 2.5 ], "rotation": 90, "autoUv": false },
												"east": { "texture": "#trader", "uv": [ 0.0, 2.5, 8.0, 3.0 ], "rotation": 90, "autoUv": false },
												"south": { "texture": "#trader", "uv": [ 0.0, 2.5, 8.0, 3.0 ], "rotation": 90, "autoUv": false },
												"west": { "texture": "#trader", "uv": [ 0.0, 1.5, 8.0, 2.0 ], "rotation": 90, "autoUv": false }
											}
										},
										{
											"name": "BowStringTop",
											"from": [ 0.4, 0.45, 0.03 ],
											"to": [ 0.42, 1.25, 0.05 ],
											"uv": [ 0.0, 2.0 ],
											"rotationOrigin": [ 0.4, 1.25, 0.03 ],
											"faces": {
												"north": { "texture": "#trader", "uv": [ 0.0, 3.5, 8.0, 4.0 ], "rotation": 90, "autoUv": false },
												"east": { "texture": "#trader", "uv": [ 0.0, 3.0, 8.0, 3.5 ], "rotation": 90, "autoUv": false },
												"south": { "texture": "#trader", "uv": [ 0.0, 2.5, 8.0, 3.0 ], "rotation": 90, "autoUv": false },
												"west": { "texture": "#trader", "uv": [ 0.0, 2.0, 8.0, 2.5 ], "rotation": 90, "autoUv": false }
											}
										},
										{
											"name": "BowStringMid",
											"from": [ 0.4, -0.05, 0.03 ],
											"to": [ 0.42, 0.45, 0.05 ],
											"uv": [ 0.75, 0.5 ],
											"rotationOrigin": [ 0.4, 0.75, 0.03 ],
											"faces": {
												"north": { "texture": "#trader", "uv": [ 1.75, 1.25, 2.0, 6.25 ], "autoUv": false },
												"east": { "texture": "#trader", "uv": [ 1.5, 1.0, 1.75, 6.0 ], "autoUv": false },
												"south": { "texture": "#trader", "uv": [ 2.0, 1.5, 2.25, 6.5 ], "autoUv": false },
												"west": { "texture": "#trader", "uv": [ 0.75, 0.5, 1.0, 5.5 ], "autoUv": false }
											}
										}
									]
								}
							]
						},
						{
							"name": "UpperFootL",
							"from": [ 0.15, -0.1, 0.3 ],
							"to": [ 0.55, 0.5, 0.62 ],
							"unwrapMode": 4,
							"uv": [ 15.0, 38.5 ],
							"rotationOrigin": [ 0.25, 0.25, 0.43 ],
							"rotationX": -3.0,
							"rotationZ": -100.0,
							"faces": {
								"north": { "texture": "#trader", "uv": [ 15.0, 42.5, 19.0, 48.5 ], "autoUv": false },
								"east": { "texture": "#trader", "uv": [ 26.0, 42.5, 29.0, 48.5 ], "autoUv": false },
								"south": { "texture": "#trader", "uv": [ 22.0, 42.5, 26.0, 48.5 ], "autoUv": false },
								"west": { "texture": "#trader", "uv": [ 19.0, 42.5, 22.0, 48.5 ], "autoUv": false },
								"up": { "texture": "#trader", "uv": [ 19.0, 38.5, 22.0, 42.5 ], "rotation": 90, "autoUv": false },
								"down": { "texture": "#trader", "uv": [ 19.0, 48.5, 22.0, 52.5 ], "rotation": 90, "autoUv": false }
							},
							"children": [
								{
									"name": "LowerFootL",
									"from": [ 0.01, -0.7, 0.01 ],
									"to": [ 0.39, 0.1, 0.31 ],
									"unwrapMode": 4,
									"uv": [ 15.5, 49.0 ],
									"rotationOrigin": [ 0.21, 0.1, 0.14 ],
									"rotationX": 2.0,
									"rotationZ": 100.0,
									"faces": {
										"north": { "texture": "#trader", "uv": [ 15.5, 52.5, 19.0, 60.5 ], "autoUv": false },
										"east": { "texture": "#trader", "uv": [ 25.5, 52.5, 28.5, 60.5 ], "autoUv": false },
										"south": { "texture": "#trader", "uv": [ 22.0, 52.5, 25.5, 60.5 ], "autoUv": false },
										"west": { "texture": "#trader", "uv": [ 19.0, 52.5, 22.0, 60.5 ], "autoUv": false },
										"up": { "texture": "#trader", "uv": [ 19.0, 49.0, 22.0, 52.5 ], "rotation": 90, "autoUv": false },
										"down": { "texture": "#trader", "uv": [ 19.0, 60.5, 22.0, 64.0 ], "rotation": 90, "autoUv": false }
									}
								}
							]
						},
						{
							"name": "UpperFootR",
							"from": [ 0.05, -0.3, -0.02 ],
							"to": [ 0.45, 0.3, 0.3 ],
							"unwrapMode": 4,
							"autoUnwrap": false,
							"uv": [ 1.0, 37.5 ],
							"rotationOrigin": [ 0.15, 0.05, 0.13 ],
							"rotationX": 3.0,
							"rotationZ": -5.0,
							"faces": {
								"north": { "texture": "#trader", "uv": [ 3.0, 42.5, 7.0, 48.5 ], "autoUv": false },
								"east": { "texture": "#trader", "uv": [ 0.0, 42.5, 3.0, 48.5 ], "autoUv": false },
								"south": { "texture": "#trader", "uv": [ 10.0, 42.5, 14.0, 48.5 ], "autoUv": false },
								"west": { "texture": "#trader", "uv": [ 7.0, 42.5, 10.0, 48.5 ], "autoUv": false },
								"up": { "texture": "#trader", "uv": [ 7.0, 38.5, 10.0, 42.5 ], "rotation": 90, "autoUv": false },
								"down": { "texture": "#trader", "uv": [ 7.0, 48.5, 10.0, 52.5 ], "rotation": 90, "autoUv": false }
							},
							"children": [
								{
									"name": "LowerFootR",
									"from": [ 0.01, -0.7, 0.01 ],
									"to": [ 0.39, 0.1, 0.31 ],
									"unwrapMode": 4,
									"autoUnwrap": false,
									"uv": [ 1.5, 47.5 ],
									"rotationOrigin": [ 0.21, 0.1, 0.14 ],
									"rotationX": -2.0,
									"rotationZ": 80.0,
									"faces": {
										"north": { "texture": "#trader", "uv": [ 3.5, 52.5, 7.0, 60.5 ], "autoUv": false },
										"east": { "texture": "#trader", "uv": [ 0.5, 52.5, 3.5, 60.5 ], "autoUv": false },
										"south": { "texture": "#trader", "uv": [ 10.0, 52.5, 13.5, 60.5 ], "autoUv": false },
										"west": { "texture": "#trader", "uv": [ 7.0, 52.5, 10.0, 60.5 ], "autoUv": false },
										"up": { "texture": "#trader", "uv": [ 7.0, 49.0, 10.0, 52.5 ], "rotation": 90, "autoUv": false },
										"down": { "texture": "#trader", "uv": [ 7.0, 60.5, 10.0, 64.0 ], "rotation": 90, "autoUv": false }
									}
								}
							]
						}
					],
					"attachmentpoints": [
						{
							"code": "Center",
							"posX": "2.5","posY": "4.0","posZ": "3.0",
							"rotationX": "0.0","rotationY": "0.0","rotationZ": "0.0"
						}
					]
				}
			]
		}
	]
	}