{
	"editor": {
		"collapsedPaths": "Root/BootR,Root/Armor-ArmR,Root/Armor-LowerTorso,Root/SwordBlade,Root/Armor-ArmL,Root/BootL,Root/BackpackMain,Root/Cube2/origin2,Root/origin,Root/LowerTorso,Root/Cube2/VerticalPole,Root/Armor-Head,Root/Cube2/LowerTorso,Root/Cube2/origin",
		"allAngles": true,
		"entityTextureMode": true
	},
	"textureWidth": 64,
	"textureHeight": 64,
	"textureSizes": {
	},
	"textures": {
	},
	"elements": [
		{
			"name": "Base2",
			"from": [ 8.0, 0.0, 8.0 ],
			"to": [ 9.0, 0.25, 9.0 ],
			"unwrapMode": 4,
			"uv": [ 1.0, 0.5 ],
			"rotationOrigin": [ 8.3774, 0.0349, 8.3095 ],
			"faces": {
				"north": { "texture": "#base", "uv": [ 1.0, 6.0, 6.5, 11.0 ], "autoUv": false },
				"east": { "texture": "#base", "uv": [ 17.0, 6.0, 22.0, 11.0 ], "autoUv": false },
				"south": { "texture": "#base", "uv": [ 11.5, 6.0, 17.0, 11.0 ], "autoUv": false },
				"west": { "texture": "#base", "uv": [ 6.5, 6.0, 11.5, 11.0 ], "autoUv": false },
				"up": { "texture": "#base", "uv": [ 6.5, 0.5, 11.5, 6.0 ], "rotation": 90, "autoUv": false },
				"down": { "texture": "#base", "uv": [ 6.5, 11.0, 11.5, 16.5 ], "rotation": 90, "autoUv": false }
			},
			"children": [
				{
					"name": "Base3",
					"from": [ -1.0, 0.0, 0.0 ],
					"to": [ 0.0, 0.25, 1.0 ],
					"unwrapMode": 4,
					"uv": [ 1.0, 0.5 ],
					"rotationOrigin": [ -0.6226, 0.0049, 0.3096 ],
					"faces": {
						"north": { "texture": "#base", "uv": [ 1.0, 6.0, 6.5, 11.0 ], "autoUv": false },
						"east": { "texture": "#base", "uv": [ 17.0, 6.0, 22.0, 11.0 ], "autoUv": false },
						"south": { "texture": "#base", "uv": [ 11.5, 6.0, 17.0, 11.0 ], "autoUv": false },
						"west": { "texture": "#base", "uv": [ 6.5, 6.0, 11.5, 11.0 ], "autoUv": false },
						"up": { "texture": "#base", "uv": [ 6.5, 0.5, 11.5, 6.0 ], "rotation": 90, "autoUv": false },
						"down": { "texture": "#base", "uv": [ 6.5, 11.0, 11.5, 16.5 ], "rotation": 90, "autoUv": false }
					}
				},
				{
					"name": "Base12",
					"from": [ -1.0, 0.0, -1.0 ],
					"to": [ 0.0, 0.25, 0.0 ],
					"unwrapMode": 4,
					"uv": [ 1.0, 0.5 ],
					"rotationOrigin": [ -0.6226, 0.0049, -0.6905 ],
					"faces": {
						"north": { "texture": "#base", "uv": [ 1.0, 6.0, 6.5, 11.0 ], "autoUv": false },
						"east": { "texture": "#base", "uv": [ 17.0, 6.0, 22.0, 11.0 ], "autoUv": false },
						"south": { "texture": "#base", "uv": [ 11.5, 6.0, 17.0, 11.0 ], "autoUv": false },
						"west": { "texture": "#base", "uv": [ 6.5, 6.0, 11.5, 11.0 ], "autoUv": false },
						"up": { "texture": "#base", "uv": [ 6.5, 0.5, 11.5, 6.0 ], "rotation": 90, "autoUv": false },
						"down": { "texture": "#base", "uv": [ 6.5, 11.0, 11.5, 16.5 ], "rotation": 90, "autoUv": false }
					}
				},
				{
					"name": "Base17",
					"from": [ 0.0, 0.0, -1.0 ],
					"to": [ 1.0, 0.25, 0.0 ],
					"unwrapMode": 4,
					"uv": [ 1.0, 0.5 ],
					"rotationOrigin": [ 0.3774, 0.0049, -0.6904 ],
					"faces": {
						"north": { "texture": "#base", "uv": [ 1.0, 6.0, 6.5, 11.0 ], "autoUv": false },
						"east": { "texture": "#base", "uv": [ 17.0, 6.0, 22.0, 11.0 ], "autoUv": false },
						"south": { "texture": "#base", "uv": [ 11.5, 6.0, 17.0, 11.0 ], "autoUv": false },
						"west": { "texture": "#base", "uv": [ 6.5, 6.0, 11.5, 11.0 ], "autoUv": false },
						"up": { "texture": "#base", "uv": [ 6.5, 0.5, 11.5, 6.0 ], "rotation": 90, "autoUv": false },
						"down": { "texture": "#base", "uv": [ 6.5, 11.0, 11.5, 16.5 ], "rotation": 90, "autoUv": false }
					}
				},
				{
					"name": "Base4",
					"from": [ -1.3, 0.0, 0.0 ],
					"to": [ -1.0, 0.25, 1.0 ],
					"unwrapMode": 4,
					"uv": [ 1.0, 0.5 ],
					"rotationOrigin": [ -0.9226, 0.0049, 0.3096 ],
					"faces": {
						"north": { "texture": "#base", "uv": [ 1.0, 6.0, 6.5, 11.0 ], "autoUv": false },
						"east": { "texture": "#base", "uv": [ 17.0, 6.0, 22.0, 11.0 ], "autoUv": false },
						"south": { "texture": "#base", "uv": [ 11.5, 6.0, 17.0, 11.0 ], "autoUv": false },
						"west": { "texture": "#base", "uv": [ 6.5, 6.0, 11.5, 11.0 ], "autoUv": false },
						"up": { "texture": "#base", "uv": [ 6.5, 0.5, 11.5, 6.0 ], "rotation": 90, "autoUv": false },
						"down": { "texture": "#base", "uv": [ 6.5, 11.0, 11.5, 16.5 ], "rotation": 90, "autoUv": false }
					}
				},
				{
					"name": "Base5",
					"from": [ -1.3, 0.0, -1.0 ],
					"to": [ -1.0, 0.25, 0.0 ],
					"unwrapMode": 4,
					"uv": [ 1.0, 0.5 ],
					"rotationOrigin": [ -0.9226, 0.0049, -0.6904 ],
					"faces": {
						"north": { "texture": "#base", "uv": [ 1.0, 6.0, 6.5, 11.0 ], "autoUv": false },
						"east": { "texture": "#base", "uv": [ 17.0, 6.0, 22.0, 11.0 ], "autoUv": false },
						"south": { "texture": "#base", "uv": [ 11.5, 6.0, 17.0, 11.0 ], "autoUv": false },
						"west": { "texture": "#base", "uv": [ 6.5, 6.0, 11.5, 11.0 ], "autoUv": false },
						"up": { "texture": "#base", "uv": [ 6.5, 0.5, 11.5, 6.0 ], "rotation": 90, "autoUv": false },
						"down": { "texture": "#base", "uv": [ 6.5, 11.0, 11.5, 16.5 ], "rotation": 90, "autoUv": false }
					}
				},
				{
					"name": "Base6",
					"from": [ -1.3, 0.0, -1.3 ],
					"to": [ -1.0, 0.25, -1.0 ],
					"unwrapMode": 4,
					"uv": [ 1.0, 0.5 ],
					"rotationOrigin": [ -0.9226, 0.0049, -0.9904 ],
					"faces": {
						"north": { "texture": "#base", "uv": [ 1.0, 6.0, 6.5, 11.0 ], "autoUv": false },
						"east": { "texture": "#base", "uv": [ 17.0, 6.0, 22.0, 11.0 ], "autoUv": false },
						"south": { "texture": "#base", "uv": [ 11.5, 6.0, 17.0, 11.0 ], "autoUv": false },
						"west": { "texture": "#base", "uv": [ 6.5, 6.0, 11.5, 11.0 ], "autoUv": false },
						"up": { "texture": "#base", "uv": [ 6.5, 0.5, 11.5, 6.0 ], "rotation": 90, "autoUv": false },
						"down": { "texture": "#base", "uv": [ 6.5, 11.0, 11.5, 16.5 ], "rotation": 90, "autoUv": false }
					}
				},
				{
					"name": "Base7",
					"from": [ -1.0, 0.0, -1.3 ],
					"to": [ 0.0, 0.25, -1.0 ],
					"unwrapMode": 4,
					"uv": [ 1.0, 0.5 ],
					"rotationOrigin": [ -0.6226, 0.0049, -0.9904 ],
					"faces": {
						"north": { "texture": "#base", "uv": [ 1.0, 6.0, 6.5, 11.0 ], "autoUv": false },
						"east": { "texture": "#base", "uv": [ 17.0, 6.0, 22.0, 11.0 ], "autoUv": false },
						"south": { "texture": "#base", "uv": [ 11.5, 6.0, 17.0, 11.0 ], "autoUv": false },
						"west": { "texture": "#base", "uv": [ 6.5, 6.0, 11.5, 11.0 ], "autoUv": false },
						"up": { "texture": "#base", "uv": [ 6.5, 0.5, 11.5, 6.0 ], "rotation": 90, "autoUv": false },
						"down": { "texture": "#base", "uv": [ 6.5, 11.0, 11.5, 16.5 ], "rotation": 90, "autoUv": false }
					}
				},
				{
					"name": "Base8",
					"from": [ 0.0, 0.0, -1.3 ],
					"to": [ 1.0, 0.25, -1.0 ],
					"unwrapMode": 4,
					"uv": [ 1.0, 0.5 ],
					"rotationOrigin": [ 0.3774, 0.0049, -0.9904 ],
					"faces": {
						"north": { "texture": "#base", "uv": [ 1.0, 6.0, 6.5, 11.0 ], "autoUv": false },
						"east": { "texture": "#base", "uv": [ 17.0, 6.0, 22.0, 11.0 ], "autoUv": false },
						"south": { "texture": "#base", "uv": [ 11.5, 6.0, 17.0, 11.0 ], "autoUv": false },
						"west": { "texture": "#base", "uv": [ 6.5, 6.0, 11.5, 11.0 ], "autoUv": false },
						"up": { "texture": "#base", "uv": [ 6.5, 0.5, 11.5, 6.0 ], "rotation": 90, "autoUv": false },
						"down": { "texture": "#base", "uv": [ 6.5, 11.0, 11.5, 16.5 ], "rotation": 90, "autoUv": false }
					}
				},
				{
					"name": "Base9",
					"from": [ 0.0, 0.0, 1.0 ],
					"to": [ 1.0, 0.25, 1.3 ],
					"unwrapMode": 4,
					"uv": [ 1.0, 0.5 ],
					"rotationOrigin": [ 0.3774, 0.0049, 1.3096 ],
					"faces": {
						"north": { "texture": "#base", "uv": [ 1.0, 6.0, 6.5, 11.0 ], "autoUv": false },
						"east": { "texture": "#base", "uv": [ 17.0, 6.0, 22.0, 11.0 ], "autoUv": false },
						"south": { "texture": "#base", "uv": [ 11.5, 6.0, 17.0, 11.0 ], "autoUv": false },
						"west": { "texture": "#base", "uv": [ 6.5, 6.0, 11.5, 11.0 ], "autoUv": false },
						"up": { "texture": "#base", "uv": [ 6.5, 0.5, 11.5, 6.0 ], "rotation": 90, "autoUv": false },
						"down": { "texture": "#base", "uv": [ 6.5, 11.0, 11.5, 16.5 ], "rotation": 90, "autoUv": false }
					}
				},
				{
					"name": "Base10",
					"from": [ -1.0, 0.0, 1.0 ],
					"to": [ 0.0, 0.25, 1.3 ],
					"unwrapMode": 4,
					"uv": [ 1.0, 0.5 ],
					"rotationOrigin": [ -0.6226, 0.0049, 1.3096 ],
					"faces": {
						"north": { "texture": "#base", "uv": [ 1.0, 6.0, 6.5, 11.0 ], "autoUv": false },
						"east": { "texture": "#base", "uv": [ 17.0, 6.0, 22.0, 11.0 ], "autoUv": false },
						"south": { "texture": "#base", "uv": [ 11.5, 6.0, 17.0, 11.0 ], "autoUv": false },
						"west": { "texture": "#base", "uv": [ 6.5, 6.0, 11.5, 11.0 ], "autoUv": false },
						"up": { "texture": "#base", "uv": [ 6.5, 0.5, 11.5, 6.0 ], "rotation": 90, "autoUv": false },
						"down": { "texture": "#base", "uv": [ 6.5, 11.0, 11.5, 16.5 ], "rotation": 90, "autoUv": false }
					}
				},
				{
					"name": "Base11",
					"from": [ -1.3, 0.0, 1.0 ],
					"to": [ -1.0, 0.25, 1.3 ],
					"unwrapMode": 4,
					"uv": [ 1.0, 0.5 ],
					"rotationOrigin": [ -0.9226, 0.0049, 1.3096 ],
					"faces": {
						"north": { "texture": "#base", "uv": [ 1.0, 6.0, 6.5, 11.0 ], "autoUv": false },
						"east": { "texture": "#base", "uv": [ 17.0, 6.0, 22.0, 11.0 ], "autoUv": false },
						"south": { "texture": "#base", "uv": [ 11.5, 6.0, 17.0, 11.0 ], "autoUv": false },
						"west": { "texture": "#base", "uv": [ 6.5, 6.0, 11.5, 11.0 ], "autoUv": false },
						"up": { "texture": "#base", "uv": [ 6.5, 0.5, 11.5, 6.0 ], "rotation": 90, "autoUv": false },
						"down": { "texture": "#base", "uv": [ 6.5, 11.0, 11.5, 16.5 ], "rotation": 90, "autoUv": false }
					}
				},
				{
					"name": "Base13",
					"from": [ 1.0, 0.0, 0.0 ],
					"to": [ 1.3, 0.25, 1.0 ],
					"unwrapMode": 4,
					"uv": [ 1.0, 0.5 ],
					"rotationOrigin": [ 1.3774, 0.0049, 0.3096 ],
					"faces": {
						"north": { "texture": "#base", "uv": [ 1.0, 6.0, 6.5, 11.0 ], "autoUv": false },
						"east": { "texture": "#base", "uv": [ 17.0, 6.0, 22.0, 11.0 ], "autoUv": false },
						"south": { "texture": "#base", "uv": [ 11.5, 6.0, 17.0, 11.0 ], "autoUv": false },
						"west": { "texture": "#base", "uv": [ 6.5, 6.0, 11.5, 11.0 ], "autoUv": false },
						"up": { "texture": "#base", "uv": [ 6.5, 0.5, 11.5, 6.0 ], "rotation": 90, "autoUv": false },
						"down": { "texture": "#base", "uv": [ 6.5, 11.0, 11.5, 16.5 ], "rotation": 90, "autoUv": false }
					}
				},
				{
					"name": "Base14",
					"from": [ 1.0, 0.0, -1.0 ],
					"to": [ 1.3, 0.25, 0.0 ],
					"unwrapMode": 4,
					"uv": [ 1.0, 0.5 ],
					"rotationOrigin": [ 1.3774, 0.0049, -0.6904 ],
					"faces": {
						"north": { "texture": "#base", "uv": [ 1.0, 6.0, 6.5, 11.0 ], "autoUv": false },
						"east": { "texture": "#base", "uv": [ 17.0, 6.0, 22.0, 11.0 ], "autoUv": false },
						"south": { "texture": "#base", "uv": [ 11.5, 6.0, 17.0, 11.0 ], "autoUv": false },
						"west": { "texture": "#base", "uv": [ 6.5, 6.0, 11.5, 11.0 ], "autoUv": false },
						"up": { "texture": "#base", "uv": [ 6.5, 0.5, 11.5, 6.0 ], "rotation": 90, "autoUv": false },
						"down": { "texture": "#base", "uv": [ 6.5, 11.0, 11.5, 16.5 ], "rotation": 90, "autoUv": false }
					}
				},
				{
					"name": "Base15",
					"from": [ 1.0, 0.0, -1.3 ],
					"to": [ 1.3, 0.25, -1.0 ],
					"unwrapMode": 4,
					"uv": [ 1.0, 0.5 ],
					"rotationOrigin": [ 1.3774, 0.0049, -0.9904 ],
					"faces": {
						"north": { "texture": "#base", "uv": [ 1.0, 6.0, 6.5, 11.0 ], "autoUv": false },
						"east": { "texture": "#base", "uv": [ 17.0, 6.0, 22.0, 11.0 ], "autoUv": false },
						"south": { "texture": "#base", "uv": [ 11.5, 6.0, 17.0, 11.0 ], "autoUv": false },
						"west": { "texture": "#base", "uv": [ 6.5, 6.0, 11.5, 11.0 ], "autoUv": false },
						"up": { "texture": "#base", "uv": [ 6.5, 0.5, 11.5, 6.0 ], "rotation": 90, "autoUv": false },
						"down": { "texture": "#base", "uv": [ 6.5, 11.0, 11.5, 16.5 ], "rotation": 90, "autoUv": false }
					}
				},
				{
					"name": "Base16",
					"from": [ 1.0, 0.0, 1.0 ],
					"to": [ 1.3, 0.25, 1.3 ],
					"unwrapMode": 4,
					"uv": [ 1.0, 0.5 ],
					"rotationOrigin": [ 1.3774, 0.0049, 1.3096 ],
					"faces": {
						"north": { "texture": "#base", "uv": [ 1.0, 6.0, 6.5, 11.0 ], "autoUv": false },
						"east": { "texture": "#base", "uv": [ 17.0, 6.0, 22.0, 11.0 ], "autoUv": false },
						"south": { "texture": "#base", "uv": [ 11.5, 6.0, 17.0, 11.0 ], "autoUv": false },
						"west": { "texture": "#base", "uv": [ 6.5, 6.0, 11.5, 11.0 ], "autoUv": false },
						"up": { "texture": "#base", "uv": [ 6.5, 0.5, 11.5, 6.0 ], "rotation": 90, "autoUv": false },
						"down": { "texture": "#base", "uv": [ 6.5, 11.0, 11.5, 16.5 ], "rotation": 90, "autoUv": false }
					}
				},
				{
					"name": "VerticalPole",
					"from": [ -0.22, 0.25, 0.7 ],
					"to": [ 0.02, 1.53, 0.94 ],
					"uv": [ 1.0, 0.0 ],
					"rotationOrigin": [ -0.3, 0.25, 0.7 ],
					"rotationX": -13.0,
					"faces": {
						"north": { "texture": "#trader", "uv": [ 1.0, 0.0, 4.0, 16.0 ], "autoUv": false },
						"east": { "texture": "#trader", "uv": [ 1.0, 0.0, 4.0, 16.0 ], "autoUv": false },
						"south": { "texture": "#trader", "uv": [ 1.0, 0.0, 4.0, 16.0 ], "autoUv": false },
						"west": { "texture": "#trader", "uv": [ 1.0, 0.0, 4.0, 16.0 ], "autoUv": false },
						"up": { "texture": "#trader", "uv": [ 4.5, 11.0, 7.5, 14.0 ], "autoUv": false },
						"down": { "texture": "#trader", "uv": [ 4.5, 11.0, 7.5, 14.0 ], "autoUv": false }
					},
					"children": [
						{
							"name": "VerticalPole2",
							"from": [ 0.88, 0.0, 0.0 ],
							"to": [ 1.12, 1.28, 0.24 ],
							"uv": [ 8.0, 0.0 ],
							"rotationOrigin": [ -0.16, 0.0, 0.0 ],
							"faces": {
								"north": { "texture": "#trader", "uv": [ 12.0, 0.0, 15.0, 16.0 ], "autoUv": false },
								"east": { "texture": "#trader", "uv": [ 12.0, 0.0, 15.0, 16.0 ], "autoUv": false },
								"south": { "texture": "#trader", "uv": [ 12.0, 0.0, 15.0, 16.0 ], "autoUv": false },
								"west": { "texture": "#trader", "uv": [ 12.0, 0.0, 15.0, 16.0 ], "autoUv": false },
								"up": { "texture": "#trader", "uv": [ 8.0, 13.0, 11.0, 16.0 ], "autoUv": false },
								"down": { "texture": "#trader", "uv": [ 8.0, 13.0, 11.0, 16.0 ], "autoUv": false }
							}
						},
						{
							"name": "HorizontalPole1",
							"from": [ 0.24, 0.16, 0.04 ],
							"to": [ 0.88, 0.32, 0.2 ],
							"uv": [ 4.0, 6.0 ],
							"rotationOrigin": [ -0.08, 0.0, 0.0 ],
							"faces": {
								"north": { "texture": "#trader", "uv": [ 4.0, 8.0, 12.0, 10.0 ], "autoUv": false },
								"south": { "texture": "#trader", "uv": [ 4.0, 8.0, 12.0, 10.0 ], "autoUv": false },
								"up": { "texture": "#trader", "uv": [ 4.0, 6.0, 12.0, 8.0 ], "autoUv": false },
								"down": { "texture": "#trader", "uv": [ 4.0, 7.0, 12.0, 9.0 ], "autoUv": false }
							}
						},
						{
							"name": "HorizontalPole2",
							"from": [ 0.24, 0.56, 0.04 ],
							"to": [ 0.88, 0.72, 0.2 ],
							"uv": [ 4.0, 2.0 ],
							"rotationOrigin": [ -0.08, 0.0, 0.0 ],
							"faces": {
								"north": { "texture": "#trader", "uv": [ 4.0, 4.0, 12.0, 6.0 ], "autoUv": false },
								"south": { "texture": "#trader", "uv": [ 4.0, 4.0, 12.0, 6.0 ], "autoUv": false },
								"up": { "texture": "#trader", "uv": [ 4.0, 2.0, 12.0, 4.0 ], "autoUv": false },
								"down": { "texture": "#trader", "uv": [ 4.0, 3.0, 12.0, 5.0 ], "autoUv": false }
							}
						},
						{
							"name": "HorizontalPole3",
							"from": [ 0.24, 0.96, 0.04 ],
							"to": [ 0.88, 1.12, 0.2 ],
							"uv": [ 4.0, 0.0 ],
							"rotationOrigin": [ -0.08, 0.0, 0.0 ],
							"faces": {
								"north": { "texture": "#trader", "uv": [ 4.0, 0.0, 12.0, 2.0 ], "autoUv": false },
								"south": { "texture": "#trader", "uv": [ 4.0, 0.0, 12.0, 2.0 ], "autoUv": false },
								"up": { "texture": "#trader", "uv": [ 4.0, 6.0, 12.0, 8.0 ], "autoUv": false },
								"down": { "texture": "#trader", "uv": [ 4.0, 6.0, 12.0, 8.0 ], "autoUv": false }
							}
						},
						{
							"name": "VerticalPole3",
							"from": [ 0.0, 1.25, 0.0 ],
							"to": [ 0.24, 2.53, 0.24 ],
							"uv": [ 1.0, 0.0 ],
							"rotationOrigin": [ -0.08, 1.2, 0.0 ],
							"faces": {
								"north": { "texture": "#trader", "uv": [ 1.0, 0.0, 4.0, 16.0 ], "autoUv": false },
								"east": { "texture": "#trader", "uv": [ 1.0, 0.0, 4.0, 16.0 ], "autoUv": false },
								"south": { "texture": "#trader", "uv": [ 1.0, 0.0, 4.0, 16.0 ], "autoUv": false },
								"west": { "texture": "#trader", "uv": [ 1.0, 0.0, 4.0, 16.0 ], "autoUv": false },
								"up": { "texture": "#trader", "uv": [ 4.5, 11.0, 7.5, 14.0 ], "autoUv": false },
								"down": { "texture": "#trader", "uv": [ 4.5, 11.0, 7.5, 14.0 ], "autoUv": false }
							},
							"children": [
								{
									"name": "VerticalPole4",
									"from": [ 0.88, 0.0, 0.0 ],
									"to": [ 1.12, 1.28, 0.24 ],
									"uv": [ 8.0, 0.0 ],
									"rotationOrigin": [ -0.16, 0.0, 0.0 ],
									"faces": {
										"north": { "texture": "#trader", "uv": [ 12.0, 0.0, 15.0, 16.0 ], "autoUv": false },
										"east": { "texture": "#trader", "uv": [ 12.0, 0.0, 15.0, 16.0 ], "autoUv": false },
										"south": { "texture": "#trader", "uv": [ 12.0, 0.0, 15.0, 16.0 ], "autoUv": false },
										"west": { "texture": "#trader", "uv": [ 12.0, 0.0, 15.0, 16.0 ], "autoUv": false },
										"up": { "texture": "#trader", "uv": [ 8.0, 13.0, 11.0, 16.0 ], "autoUv": false },
										"down": { "texture": "#trader", "uv": [ 8.0, 13.0, 11.0, 16.0 ], "autoUv": false }
									}
								},
								{
									"name": "HorizontalPole4",
									"from": [ 0.24, 0.16, 0.04 ],
									"to": [ 0.88, 0.32, 0.2 ],
									"uv": [ 4.0, 6.0 ],
									"rotationOrigin": [ -0.08, 0.0, 0.0 ],
									"faces": {
										"north": { "texture": "#trader", "uv": [ 4.0, 8.0, 12.0, 10.0 ], "autoUv": false },
										"south": { "texture": "#trader", "uv": [ 4.0, 8.0, 12.0, 10.0 ], "autoUv": false },
										"up": { "texture": "#trader", "uv": [ 4.0, 6.0, 12.0, 8.0 ], "autoUv": false },
										"down": { "texture": "#trader", "uv": [ 4.0, 7.0, 12.0, 9.0 ], "autoUv": false }
									}
								},
								{
									"name": "HorizontalPole5",
									"from": [ 0.24, 0.56, 0.04 ],
									"to": [ 0.88, 0.72, 0.2 ],
									"uv": [ 4.0, 2.0 ],
									"rotationOrigin": [ -0.08, 0.0, 0.0 ],
									"faces": {
										"north": { "texture": "#trader", "uv": [ 4.0, 4.0, 12.0, 6.0 ], "autoUv": false },
										"south": { "texture": "#trader", "uv": [ 4.0, 4.0, 12.0, 6.0 ], "autoUv": false },
										"up": { "texture": "#trader", "uv": [ 4.0, 2.0, 12.0, 4.0 ], "autoUv": false },
										"down": { "texture": "#trader", "uv": [ 4.0, 3.0, 12.0, 5.0 ], "autoUv": false }
									}
								},
								{
									"name": "HorizontalPole6",
									"from": [ 0.24, 0.96, 0.04 ],
									"to": [ 0.88, 1.12, 0.2 ],
									"uv": [ 4.0, 0.0 ],
									"rotationOrigin": [ -0.08, 0.0, 0.0 ],
									"faces": {
										"north": { "texture": "#trader", "uv": [ 4.0, 0.0, 12.0, 2.0 ], "autoUv": false },
										"south": { "texture": "#trader", "uv": [ 4.0, 0.0, 12.0, 2.0 ], "autoUv": false },
										"up": { "texture": "#trader", "uv": [ 4.0, 6.0, 12.0, 8.0 ], "autoUv": false },
										"down": { "texture": "#trader", "uv": [ 4.0, 6.0, 12.0, 8.0 ], "autoUv": false }
									}
								},
								{
									"name": "VerticalPole5",
									"from": [ 0.0, 1.25, 0.0 ],
									"to": [ 0.24, 2.53, 0.24 ],
									"uv": [ 1.0, 0.0 ],
									"rotationOrigin": [ -0.08, 1.2, 0.0 ],
									"faces": {
										"north": { "texture": "#trader", "uv": [ 1.0, 0.0, 4.0, 16.0 ], "autoUv": false },
										"east": { "texture": "#trader", "uv": [ 1.0, 0.0, 4.0, 16.0 ], "autoUv": false },
										"south": { "texture": "#trader", "uv": [ 1.0, 0.0, 4.0, 16.0 ], "autoUv": false },
										"west": { "texture": "#trader", "uv": [ 1.0, 0.0, 4.0, 16.0 ], "autoUv": false },
										"up": { "texture": "#trader", "uv": [ 4.5, 11.0, 7.5, 14.0 ], "autoUv": false },
										"down": { "texture": "#trader", "uv": [ 4.5, 11.0, 7.5, 14.0 ], "autoUv": false }
									},
									"children": [
										{
											"name": "VerticalPole6",
											"from": [ 0.88, 0.0, 0.0 ],
											"to": [ 1.12, 1.28, 0.24 ],
											"uv": [ 8.0, 0.0 ],
											"rotationOrigin": [ -0.16, 0.0, 0.0 ],
											"faces": {
												"north": { "texture": "#trader", "uv": [ 12.0, 0.0, 15.0, 16.0 ], "autoUv": false },
												"east": { "texture": "#trader", "uv": [ 12.0, 0.0, 15.0, 16.0 ], "autoUv": false },
												"south": { "texture": "#trader", "uv": [ 12.0, 0.0, 15.0, 16.0 ], "autoUv": false },
												"west": { "texture": "#trader", "uv": [ 12.0, 0.0, 15.0, 16.0 ], "autoUv": false },
												"up": { "texture": "#trader", "uv": [ 8.0, 13.0, 11.0, 16.0 ], "autoUv": false },
												"down": { "texture": "#trader", "uv": [ 8.0, 13.0, 11.0, 16.0 ], "autoUv": false }
											}
										},
										{
											"name": "HorizontalPole7",
											"from": [ 0.24, 0.16, 0.04 ],
											"to": [ 0.88, 0.32, 0.2 ],
											"uv": [ 4.0, 6.0 ],
											"rotationOrigin": [ -0.08, 0.0, 0.0 ],
											"faces": {
												"north": { "texture": "#trader", "uv": [ 4.0, 8.0, 12.0, 10.0 ], "autoUv": false },
												"south": { "texture": "#trader", "uv": [ 4.0, 8.0, 12.0, 10.0 ], "autoUv": false },
												"up": { "texture": "#trader", "uv": [ 4.0, 6.0, 12.0, 8.0 ], "autoUv": false },
												"down": { "texture": "#trader", "uv": [ 4.0, 7.0, 12.0, 9.0 ], "autoUv": false }
											}
										},
										{
											"name": "HorizontalPole8",
											"from": [ 0.24, 0.56, 0.04 ],
											"to": [ 0.88, 0.72, 0.2 ],
											"uv": [ 4.0, 2.0 ],
											"rotationOrigin": [ -0.08, 0.0, 0.0 ],
											"faces": {
												"north": { "texture": "#trader", "uv": [ 4.0, 4.0, 12.0, 6.0 ], "autoUv": false },
												"south": { "texture": "#trader", "uv": [ 4.0, 4.0, 12.0, 6.0 ], "autoUv": false },
												"up": { "texture": "#trader", "uv": [ 4.0, 2.0, 12.0, 4.0 ], "autoUv": false },
												"down": { "texture": "#trader", "uv": [ 4.0, 3.0, 12.0, 5.0 ], "autoUv": false }
											}
										},
										{
											"name": "HorizontalPole9",
											"from": [ 0.24, 0.96, 0.04 ],
											"to": [ 0.88, 1.12, 0.2 ],
											"uv": [ 4.0, 0.0 ],
											"rotationOrigin": [ -0.08, 0.0, 0.0 ],
											"faces": {
												"north": { "texture": "#trader", "uv": [ 4.0, 0.0, 12.0, 2.0 ], "autoUv": false },
												"south": { "texture": "#trader", "uv": [ 4.0, 0.0, 12.0, 2.0 ], "autoUv": false },
												"up": { "texture": "#trader", "uv": [ 4.0, 6.0, 12.0, 8.0 ], "autoUv": false },
												"down": { "texture": "#trader", "uv": [ 4.0, 6.0, 12.0, 8.0 ], "autoUv": false }
											}
										}
									]
								}
							]
						}
					]
				},
				{
					"name": "origin2",
					"from": [ -0.4, 1.43, -1.1 ],
					"to": [ -0.4, 1.43, -1.1 ],
					"uv": [ 999.0, 999.0 ],
					"rotationOrigin": [ -0.4, 1.35, -1.1 ],
					"rotationY": 3.0,
					"faces": {
					},
					"children": [
						{
							"name": "east2",
							"from": [ 1.12, 0.0, 0.08 ],
							"to": [ 1.2, 1.28, 1.2 ],
							"uv": [ 0.0, 0.0 ],
							"rotationOrigin": [ -0.08, 0.0, 0.0 ],
							"faces": {
								"east": { "texture": "#trader", "uv": [ 0.5, 0.0, 14.5, 16.0 ], "autoUv": false },
								"west": { "texture": "#trader", "uv": [ 0.5, 0.0, 14.5, 16.0 ], "autoUv": false },
								"up": { "texture": "#trader", "uv": [ 0.0, 7.0, 14.0, 8.0 ], "rotation": 90, "autoUv": false },
								"down": { "texture": "#trader", "uv": [ 0.0, 0.5, 14.0, 1.5 ], "rotation": 90, "autoUv": false }
							},
							"children": [
								{
									"name": "Cube19",
									"from": [ 0.08, 1.12, -0.04 ],
									"to": [ 0.12, 1.28, 1.16 ],
									"uv": [ 0.0, 0.5 ],
									"rotationOrigin": [ 0.08, 1.12, -0.04 ],
									"faces": {
										"north": { "texture": "#trader", "uv": [ 5.5, 7.5, 6.0, 9.5 ], "autoUv": false },
										"east": { "texture": "#trader", "uv": [ 1.0, 7.0, 16.0, 9.0 ], "autoUv": false },
										"south": { "texture": "#trader", "uv": [ 3.0, 1.5, 3.5, 3.5 ], "autoUv": false },
										"up": { "texture": "#trader", "uv": [ 0.0, 0.5, 15.0, 1.0 ], "rotation": 90, "autoUv": false },
										"down": { "texture": "#trader", "uv": [ 0.5, 12.0, 15.5, 12.5 ], "rotation": 90, "autoUv": false }
									}
								},
								{
									"name": "Cube20",
									"from": [ 0.08, 0.0, -0.04 ],
									"to": [ 0.12, 0.16, 1.16 ],
									"uv": [ 0.0, 0.5 ],
									"rotationOrigin": [ 0.08, 0.0, -0.04 ],
									"faces": {
										"north": { "texture": "#trader", "uv": [ 4.5, 1.5, 5.0, 3.5 ], "autoUv": false },
										"east": { "texture": "#trader", "uv": [ 0.0, 2.0, 15.0, 4.0 ], "autoUv": false },
										"south": { "texture": "#trader", "uv": [ 5.0, 2.0, 5.5, 4.0 ], "autoUv": false },
										"up": { "texture": "#trader", "uv": [ 0.5, 0.5, 15.5, 1.0 ], "rotation": 90, "autoUv": false },
										"down": { "texture": "#trader", "uv": [ 0.0, 4.5, 15.0, 5.0 ], "rotation": 90, "autoUv": false }
									}
								}
							]
						},
						{
							"name": "west2",
							"from": [ 0.08, 0.0, 0.08 ],
							"to": [ 0.16, 1.28, 1.2 ],
							"uv": [ 0.0, 0.0 ],
							"rotationOrigin": [ 0.08, 0.0, 0.0 ],
							"faces": {
								"east": { "texture": "#trader", "uv": [ 1.0, 0.0, 15.0, 16.0 ], "autoUv": false },
								"west": { "texture": "#trader", "uv": [ 0.5, 0.0, 14.5, 16.0 ], "autoUv": false },
								"up": { "texture": "#trader", "uv": [ 0.0, 0.0, 14.0, 1.0 ], "rotation": 270, "autoUv": false },
								"down": { "texture": "#trader", "uv": [ 1.0, 0.0, 15.0, 1.0 ], "rotation": 90, "autoUv": false }
							},
							"children": [
								{
									"name": "Cube4",
									"from": [ -0.04, 1.12, -0.04 ],
									"to": [ 0.0, 1.28, 1.16 ],
									"uv": [ 0.0, 0.0 ],
									"rotationOrigin": [ -0.04, 1.12, -0.04 ],
									"faces": {
										"north": { "texture": "#trader", "uv": [ 1.5, 1.0, 2.0, 3.0 ], "autoUv": false, "windMode": [-1,-1,-1,-1], "windData": [0,1,1,0] },
										"east": { "texture": "#trader", "uv": [ 0.0, 6.5, 15.0, 8.5 ], "autoUv": false },
										"south": { "texture": "#trader", "uv": [ 0.0, 0.0, 0.5, 2.0 ], "autoUv": false, "windMode": [-1,-1,-1,-1], "windData": [0,0,1,1] },
										"west": { "texture": "#trader", "uv": [ 1.0, 7.0, 16.0, 9.0 ], "autoUv": false },
										"up": { "texture": "#trader", "uv": [ 0.0, 0.5, 15.0, 1.0 ], "rotation": 90, "autoUv": false },
										"down": { "texture": "#trader", "uv": [ 0.0, 1.5, 15.0, 2.0 ], "rotation": 90, "autoUv": false }
									}
								},
								{
									"name": "Cube21",
									"from": [ -0.04, 0.0, -0.04 ],
									"to": [ 0.0, 0.16, 1.16 ],
									"uv": [ 0.0, 1.5 ],
									"rotationOrigin": [ -0.04, 0.0, -0.04 ],
									"faces": {
										"north": { "texture": "#trader", "uv": [ 0.0, 1.5, 0.5, 3.5 ], "autoUv": false },
										"south": { "texture": "#trader", "uv": [ 2.0, 2.0, 2.5, 4.0 ], "autoUv": false },
										"west": { "texture": "#trader", "uv": [ 0.0, 2.0, 15.0, 4.0 ], "autoUv": false },
										"up": { "texture": "#trader", "uv": [ 1.0, 10.5, 16.0, 11.0 ], "rotation": 90, "autoUv": false },
										"down": { "texture": "#trader", "uv": [ 0.5, 3.0, 15.5, 3.5 ], "rotation": 90, "autoUv": false }
									}
								}
							]
						},
						{
							"name": "south2",
							"from": [ 0.16, 0.0, 1.12 ],
							"to": [ 1.12, 1.28, 1.2 ],
							"uv": [ 0.0, 0.0 ],
							"rotationOrigin": [ 0.16, 0.0, -0.08 ],
							"faces": {
								"north": { "texture": "#trader", "uv": [ 2.0, 0.0, 14.0, 16.0 ], "autoUv": false },
								"south": { "texture": "#trader", "uv": [ 1.5, 0.0, 13.5, 16.0 ], "autoUv": false },
								"up": { "texture": "#trader", "uv": [ 1.5, 14.5, 13.5, 15.5 ], "autoUv": false },
								"down": { "texture": "#trader", "uv": [ 0.0, 0.0, 12.0, 1.0 ], "autoUv": false }
							},
							"children": [
								{
									"name": "Cube22",
									"from": [ -0.08, 1.12, 0.08 ],
									"to": [ 1.04, 1.28, 0.12 ],
									"uv": [ 0.5, 2.0 ],
									"rotationOrigin": [ -0.08, 1.12, 0.08 ],
									"faces": {
										"south": { "texture": "#trader", "uv": [ 0.5, 2.0, 14.5, 4.0 ], "autoUv": false },
										"up": { "texture": "#trader", "uv": [ 0.5, 4.0, 14.5, 4.5 ], "autoUv": false },
										"down": { "texture": "#trader", "uv": [ 1.5, 8.0, 15.5, 8.5 ], "autoUv": false }
									}
								},
								{
									"name": "Cube25",
									"from": [ -0.08, 0.0, 0.08 ],
									"to": [ 1.04, 0.16, 0.12 ],
									"uv": [ 1.0, 2.5 ],
									"rotationOrigin": [ -0.08, 0.0, 0.08 ],
									"faces": {
										"south": { "texture": "#trader", "uv": [ 1.0, 7.5, 15.0, 9.5 ], "autoUv": false },
										"up": { "texture": "#trader", "uv": [ 1.0, 14.5, 15.0, 15.0 ], "autoUv": false },
										"down": { "texture": "#trader", "uv": [ 1.5, 2.5, 15.5, 3.0 ], "autoUv": false }
									}
								}
							]
						},
						{
							"name": "north2",
							"from": [ 0.16, 0.0, 0.08 ],
							"to": [ 1.12, 1.28, 0.16 ],
							"uv": [ 0.0, 0.0 ],
							"rotationOrigin": [ 0.16, 0.0, 0.08 ],
							"faces": {
								"north": { "texture": "#trader", "uv": [ 1.5, 0.0, 13.5, 16.0 ], "autoUv": false },
								"south": { "texture": "#trader", "uv": [ 0.0, 0.0, 12.0, 16.0 ], "autoUv": false },
								"up": { "texture": "#trader", "uv": [ 1.0, 0.5, 13.0, 1.5 ], "autoUv": false },
								"down": { "texture": "#trader", "uv": [ 0.0, 0.0, 12.0, 1.0 ], "rotation": 180, "autoUv": false }
							},
							"children": [
								{
									"name": "Cube26",
									"from": [ -0.08, 1.12, -0.04 ],
									"to": [ 1.04, 1.28, 0.0 ],
									"uv": [ 0.0, 0.5 ],
									"rotationOrigin": [ -0.08, 1.12, -0.04 ],
									"faces": {
										"north": { "texture": "#trader", "uv": [ 0.5, 2.0, 14.5, 4.0 ], "autoUv": false },
										"up": { "texture": "#trader", "uv": [ 1.5, 0.5, 15.5, 1.0 ], "autoUv": false },
										"down": { "texture": "#trader", "uv": [ 0.0, 3.0, 14.0, 3.5 ], "autoUv": false }
									}
								},
								{
									"name": "Cube27",
									"from": [ -0.08, 0.0, -0.04 ],
									"to": [ 1.04, 0.16, 0.0 ],
									"uv": [ 0.5, 0.5 ],
									"rotationOrigin": [ -0.08, 0.0, -0.04 ],
									"faces": {
										"north": { "texture": "#trader", "uv": [ 0.5, 1.5, 14.5, 3.5 ], "autoUv": false },
										"up": { "texture": "#trader", "uv": [ 0.5, 0.5, 14.5, 1.0 ], "autoUv": false },
										"down": { "texture": "#trader", "uv": [ 0.5, 2.5, 14.5, 3.0 ], "autoUv": false }
									}
								}
							]
						},
						{
							"name": "floor2",
							"from": [ 0.16, 0.04, 0.16 ],
							"to": [ 1.12, 0.12, 1.12 ],
							"uv": [ 1.5, 2.0 ],
							"rotationOrigin": [ 0.08, 0.04, 0.08 ],
							"faces": {
								"down": { "texture": "#trader", "uv": [ 1.5, 2.0, 13.5, 14.0 ], "rotation": 90, "autoUv": false, "windMode": [-1,-1,-1,-1] }
							}
						},
						{
							"name": "Cube29",
							"from": [ 0.04, 0.16, 0.04 ],
							"to": [ 0.2, 1.12, 0.2 ],
							"uv": [ 0.0, 0.0 ],
							"rotationOrigin": [ 0.04, 0.16, 0.04 ],
							"faces": {
								"north": { "texture": "#trader", "uv": [ 0.5, 3.5, 12.5, 5.5 ], "rotation": 90, "autoUv": false },
								"east": { "texture": "#trader", "uv": [ 0.0, 0.0, 12.0, 2.0 ], "rotation": 90, "autoUv": false },
								"south": { "texture": "#trader", "uv": [ 0.0, 0.5, 12.0, 2.5 ], "rotation": 90, "autoUv": false },
								"west": { "texture": "#trader", "uv": [ 2.5, 7.0, 14.5, 9.0 ], "rotation": 90, "autoUv": false }
							}
						},
						{
							"name": "Cube31",
							"from": [ 0.04, 0.16, 1.08 ],
							"to": [ 0.2, 1.12, 1.24 ],
							"uv": [ 0.5, 1.5 ],
							"rotationOrigin": [ 0.04, 0.16, 1.08 ],
							"faces": {
								"north": { "texture": "#trader", "uv": [ 2.5, 7.5, 14.5, 9.5 ], "rotation": 90, "autoUv": false },
								"east": { "texture": "#trader", "uv": [ 1.0, 2.0, 13.0, 4.0 ], "rotation": 90, "autoUv": false },
								"south": { "texture": "#trader", "uv": [ 4.0, 10.5, 16.0, 12.5 ], "rotation": 90, "autoUv": false },
								"west": { "texture": "#trader", "uv": [ 0.5, 1.5, 12.5, 3.5 ], "rotation": 90, "autoUv": false }
							}
						},
						{
							"name": "Cube32",
							"from": [ 1.08, 0.16, 1.08 ],
							"to": [ 1.24, 1.12, 1.24 ],
							"uv": [ 0.0, 6.5 ],
							"rotationOrigin": [ 1.08, 0.16, 1.08 ],
							"faces": {
								"north": { "texture": "#trader", "uv": [ 3.0, 8.0, 15.0, 10.0 ], "rotation": 90, "autoUv": false },
								"east": { "texture": "#trader", "uv": [ 0.0, 6.5, 12.0, 8.5 ], "rotation": 90, "autoUv": false },
								"south": { "texture": "#trader", "uv": [ 1.0, 7.0, 13.0, 9.0 ], "rotation": 90, "autoUv": false },
								"west": { "texture": "#trader", "uv": [ 2.5, 12.0, 14.5, 14.0 ], "rotation": 90, "autoUv": false }
							}
						},
						{
							"name": "Cube33",
							"from": [ 1.08, 0.16, 0.04 ],
							"to": [ 1.24, 1.12, 0.2 ],
							"uv": [ 1.0, 0.5 ],
							"rotationOrigin": [ 1.08, 0.16, 0.04 ],
							"faces": {
								"north": { "texture": "#trader", "uv": [ 1.0, 0.5, 13.0, 2.5 ], "rotation": 90, "autoUv": false },
								"east": { "texture": "#trader", "uv": [ 1.0, 6.5, 13.0, 8.5 ], "rotation": 90, "autoUv": false },
								"south": { "texture": "#trader", "uv": [ 2.5, 7.5, 14.5, 9.5 ], "rotation": 90, "autoUv": false },
								"west": { "texture": "#trader", "uv": [ 2.5, 6.5, 14.5, 8.5 ], "rotation": 90, "autoUv": false }
							}
						},
						{
							"name": "lid2",
							"from": [ 0.16, 1.16, 0.16 ],
							"to": [ 1.12, 1.24, 1.12 ],
							"uv": [ 1.5, 2.0 ],
							"rotationOrigin": [ 0.64, 1.16, 0.08 ],
							"faces": {
								"up": { "texture": "#trader", "uv": [ 1.5, 2.0, 13.5, 14.0 ], "rotation": 90, "autoUv": false }
							}
						},
						{
							"name": "W cross 3",
							"from": [ 0.008, 0.104, 1.04 ],
							"to": [ 0.088, 1.384, 1.24 ],
							"uv": [ 0.0, 1.5 ],
							"rotationOrigin": [ 0.008, 0.104, 1.136 ],
							"rotationX": -43.0,
							"faces": {
								"north": { "texture": "#trader", "uv": [ 0.0, 2.5, 16.0, 3.5 ], "rotation": 90, "autoUv": false },
								"south": { "texture": "#trader", "uv": [ 0.0, 7.5, 16.0, 8.5 ], "rotation": 90, "autoUv": false },
								"west": { "texture": "#trader", "uv": [ 0.0, 6.5, 16.0, 9.0 ], "rotation": 90, "autoUv": false },
								"down": { "texture": "#trader", "uv": [ 0.0, 1.5, 1.0, 4.0 ], "autoUv": false }
							},
							"children": [
								{
									"name": "Cube34",
									"from": [ 0.0, 1.28, 0.0 ],
									"to": [ 0.08, 1.48, 0.2 ],
									"uv": [ 1.5, 2.0 ],
									"rotationOrigin": [ 0.0, 1.28, 0.0 ],
									"faces": {
										"north": { "texture": "#trader", "uv": [ 1.5, 2.0, 4.0, 3.0 ], "rotation": 90, "autoUv": false },
										"south": { "texture": "#trader", "uv": [ 2.5, 3.0, 5.0, 4.0 ], "rotation": 90, "autoUv": false },
										"west": { "texture": "#trader", "uv": [ 4.5, 5.5, 7.0, 8.0 ], "rotation": 90, "autoUv": false },
										"up": { "texture": "#trader", "uv": [ 3.5, 2.5, 6.0, 3.5 ], "rotation": 90, "autoUv": false }
									}
								}
							]
						},
						{
							"name": "W cross 4",
							"from": [ 0.0, 0.096, 0.024 ],
							"to": [ 0.08, 1.376, 0.224 ],
							"uv": [ 0.0, 1.5 ],
							"rotationOrigin": [ 0.0, 0.096, 0.128 ],
							"rotationX": 43.0,
							"faces": {
								"north": { "texture": "#trader", "uv": [ 0.0, 2.5, 16.0, 3.5 ], "rotation": 90, "autoUv": false },
								"south": { "texture": "#trader", "uv": [ 0.0, 7.5, 16.0, 8.5 ], "rotation": 90, "autoUv": false },
								"west": { "texture": "#trader", "uv": [ 0.0, 2.0, 16.0, 4.5 ], "rotation": 90, "autoUv": false },
								"down": { "texture": "#trader", "uv": [ 0.0, 1.5, 1.0, 4.0 ], "autoUv": false }
							},
							"children": [
								{
									"name": "Cube35",
									"from": [ 0.0, 1.28, 0.0 ],
									"to": [ 0.08, 1.48, 0.2 ],
									"uv": [ 2.5, 1.5 ],
									"rotationOrigin": [ 0.0, 1.28, 0.0 ],
									"faces": {
										"north": { "texture": "#trader", "uv": [ 2.5, 3.0, 5.0, 4.0 ], "rotation": 90, "autoUv": false },
										"south": { "texture": "#trader", "uv": [ 3.5, 2.0, 6.0, 3.0 ], "rotation": 90, "autoUv": false },
										"west": { "texture": "#trader", "uv": [ 8.5, 3.5, 11.0, 6.0 ], "rotation": 90, "autoUv": false },
										"up": { "texture": "#trader", "uv": [ 3.0, 1.5, 4.0, 4.0 ], "autoUv": false }
									}
								}
							]
						},
						{
							"name": "E cross 2",
							"from": [ 1.192, 0.104, 1.04 ],
							"to": [ 1.272, 1.384, 1.24 ],
							"uv": [ 0.0, 0.5 ],
							"rotationOrigin": [ 1.192, 0.104, 1.136 ],
							"rotationX": -43.0,
							"faces": {
								"north": { "texture": "#trader", "uv": [ 0.0, 2.5, 16.0, 3.5 ], "rotation": 90, "autoUv": false },
								"east": { "texture": "#trader", "uv": [ 0.0, 0.5, 16.0, 3.0 ], "rotation": 90, "autoUv": false },
								"south": { "texture": "#trader", "uv": [ 0.0, 7.5, 16.0, 8.5 ], "rotation": 90, "autoUv": false },
								"down": { "texture": "#trader", "uv": [ 0.0, 1.5, 1.0, 4.0 ], "autoUv": false }
							},
							"children": [
								{
									"name": "Cube36",
									"from": [ 0.0, 1.28, 0.0 ],
									"to": [ 0.08, 1.48, 0.2 ],
									"uv": [ 1.0, 0.5 ],
									"rotationOrigin": [ 0.0, 1.28, 0.0 ],
									"faces": {
										"north": { "texture": "#trader", "uv": [ 1.5, 2.0, 4.0, 3.0 ], "rotation": 90, "autoUv": false },
										"east": { "texture": "#trader", "uv": [ 1.0, 0.5, 3.5, 3.0 ], "rotation": 90, "autoUv": false },
										"south": { "texture": "#trader", "uv": [ 2.5, 3.0, 5.0, 4.0 ], "rotation": 90, "autoUv": false },
										"up": { "texture": "#trader", "uv": [ 3.5, 2.5, 6.0, 3.5 ], "rotation": 90, "autoUv": false }
									}
								}
							]
						},
						{
							"name": "W cross 30",
							"from": [ 1.2, 0.096, 0.024 ],
							"to": [ 1.28, 1.376, 0.224 ],
							"uv": [ 0.0, 1.5 ],
							"rotationOrigin": [ 1.2, 0.096, 0.128 ],
							"rotationX": 43.0,
							"faces": {
								"north": { "texture": "#trader", "uv": [ 0.0, 2.5, 16.0, 3.5 ], "rotation": 90, "autoUv": false },
								"east": { "texture": "#trader", "uv": [ 0.0, 6.5, 16.0, 9.0 ], "rotation": 90, "autoUv": false },
								"south": { "texture": "#trader", "uv": [ 0.0, 7.5, 16.0, 8.5 ], "rotation": 90, "autoUv": false },
								"down": { "texture": "#trader", "uv": [ 0.0, 1.5, 1.0, 4.0 ], "autoUv": false }
							},
							"children": [
								{
									"name": "Cube37",
									"from": [ 0.0, 1.28, 0.0 ],
									"to": [ 0.08, 1.48, 0.2 ],
									"uv": [ 1.0, 0.5 ],
									"rotationOrigin": [ 0.0, 1.28, 0.0 ],
									"faces": {
										"north": { "texture": "#trader", "uv": [ 2.5, 3.0, 5.0, 4.0 ], "rotation": 90, "autoUv": false },
										"east": { "texture": "#trader", "uv": [ 2.0, 6.5, 4.5, 9.0 ], "rotation": 90, "autoUv": false },
										"south": { "texture": "#trader", "uv": [ 1.0, 0.5, 3.5, 1.5 ], "rotation": 90, "autoUv": false },
										"up": { "texture": "#trader", "uv": [ 3.0, 1.5, 4.0, 4.0 ], "autoUv": false }
									}
								}
							]
						}
					]
				},
				{
					"name": "origin",
					"from": [ -0.3, 0.15, -1.0 ],
					"to": [ -0.3, 0.15, -1.0 ],
					"uv": [ 999.0, 999.0 ],
					"rotationOrigin": [ -0.3, 0.15, -1.0 ],
					"faces": {
					},
					"children": [
						{
							"name": "east",
							"from": [ 1.12, 0.0, 0.08 ],
							"to": [ 1.2, 1.28, 1.2 ],
							"uv": [ 0.0, 0.0 ],
							"rotationOrigin": [ -0.08, 0.0, 0.0 ],
							"faces": {
								"east": { "texture": "#trader", "uv": [ 0.5, 0.0, 14.5, 16.0 ], "autoUv": false },
								"west": { "texture": "#trader", "uv": [ 0.5, 0.0, 14.5, 16.0 ], "autoUv": false },
								"up": { "texture": "#trader", "uv": [ 0.0, 7.0, 14.0, 8.0 ], "rotation": 90, "autoUv": false },
								"down": { "texture": "#trader", "uv": [ 0.0, 0.5, 14.0, 1.5 ], "rotation": 90, "autoUv": false }
							},
							"children": [
								{
									"name": "Cube8",
									"from": [ 0.08, 1.12, -0.04 ],
									"to": [ 0.12, 1.28, 1.16 ],
									"uv": [ 0.0, 0.5 ],
									"rotationOrigin": [ 0.08, 1.12, -0.04 ],
									"faces": {
										"north": { "texture": "#trader", "uv": [ 5.5, 7.5, 6.0, 9.5 ], "autoUv": false },
										"east": { "texture": "#trader", "uv": [ 1.0, 7.0, 16.0, 9.0 ], "autoUv": false },
										"south": { "texture": "#trader", "uv": [ 3.0, 1.5, 3.5, 3.5 ], "autoUv": false },
										"up": { "texture": "#trader", "uv": [ 0.0, 0.5, 15.0, 1.0 ], "rotation": 90, "autoUv": false },
										"down": { "texture": "#trader", "uv": [ 0.5, 12.0, 15.5, 12.5 ], "rotation": 90, "autoUv": false }
									}
								},
								{
									"name": "Cube11",
									"from": [ 0.08, 0.0, -0.04 ],
									"to": [ 0.12, 0.16, 1.16 ],
									"uv": [ 0.0, 0.5 ],
									"rotationOrigin": [ 0.08, 0.0, -0.04 ],
									"faces": {
										"north": { "texture": "#trader", "uv": [ 4.5, 1.5, 5.0, 3.5 ], "autoUv": false },
										"east": { "texture": "#trader", "uv": [ 0.0, 2.0, 15.0, 4.0 ], "autoUv": false },
										"south": { "texture": "#trader", "uv": [ 5.0, 2.0, 5.5, 4.0 ], "autoUv": false },
										"up": { "texture": "#trader", "uv": [ 0.5, 0.5, 15.5, 1.0 ], "rotation": 90, "autoUv": false },
										"down": { "texture": "#trader", "uv": [ 0.0, 4.5, 15.0, 5.0 ], "rotation": 90, "autoUv": false }
									}
								}
							]
						},
						{
							"name": "west",
							"from": [ 0.08, 0.0, 0.08 ],
							"to": [ 0.16, 1.28, 1.2 ],
							"uv": [ 0.0, 0.0 ],
							"rotationOrigin": [ 0.08, 0.0, 0.0 ],
							"faces": {
								"east": { "texture": "#trader", "uv": [ 1.0, 0.0, 15.0, 16.0 ], "autoUv": false },
								"west": { "texture": "#trader", "uv": [ 0.5, 0.0, 14.5, 16.0 ], "autoUv": false },
								"up": { "texture": "#trader", "uv": [ 0.0, 0.0, 14.0, 1.0 ], "rotation": 270, "autoUv": false },
								"down": { "texture": "#trader", "uv": [ 1.0, 0.0, 15.0, 1.0 ], "rotation": 90, "autoUv": false }
							},
							"children": [
								{
									"name": "Cube1",
									"from": [ -0.04, 1.12, -0.04 ],
									"to": [ 0.0, 1.28, 1.16 ],
									"uv": [ 0.0, 0.0 ],
									"rotationOrigin": [ -0.04, 1.12, -0.04 ],
									"faces": {
										"north": { "texture": "#trader", "uv": [ 1.5, 1.0, 2.0, 3.0 ], "autoUv": false, "windMode": [-1,-1,-1,-1], "windData": [0,1,1,0] },
										"east": { "texture": "#trader", "uv": [ 0.0, 6.5, 15.0, 8.5 ], "autoUv": false },
										"south": { "texture": "#trader", "uv": [ 0.0, 0.0, 0.5, 2.0 ], "autoUv": false, "windMode": [-1,-1,-1,-1], "windData": [0,0,1,1] },
										"west": { "texture": "#trader", "uv": [ 1.0, 7.0, 16.0, 9.0 ], "autoUv": false },
										"up": { "texture": "#trader", "uv": [ 0.0, 0.5, 15.0, 1.0 ], "rotation": 90, "autoUv": false },
										"down": { "texture": "#trader", "uv": [ 0.0, 1.5, 15.0, 2.0 ], "rotation": 90, "autoUv": false }
									}
								},
								{
									"name": "Cube13",
									"from": [ -0.04, 0.0, -0.04 ],
									"to": [ 0.0, 0.16, 1.16 ],
									"uv": [ 0.0, 1.5 ],
									"rotationOrigin": [ -0.04, 0.0, -0.04 ],
									"faces": {
										"north": { "texture": "#trader", "uv": [ 0.0, 1.5, 0.5, 3.5 ], "autoUv": false },
										"south": { "texture": "#trader", "uv": [ 2.0, 2.0, 2.5, 4.0 ], "autoUv": false },
										"west": { "texture": "#trader", "uv": [ 0.0, 2.0, 15.0, 4.0 ], "autoUv": false },
										"up": { "texture": "#trader", "uv": [ 1.0, 10.5, 16.0, 11.0 ], "rotation": 90, "autoUv": false },
										"down": { "texture": "#trader", "uv": [ 0.5, 3.0, 15.5, 3.5 ], "rotation": 90, "autoUv": false }
									}
								}
							]
						},
						{
							"name": "south",
							"from": [ 0.16, 0.0, 1.12 ],
							"to": [ 1.12, 1.28, 1.2 ],
							"uv": [ 0.0, 0.0 ],
							"rotationOrigin": [ 0.16, 0.0, -0.08 ],
							"faces": {
								"north": { "texture": "#trader", "uv": [ 2.0, 0.0, 14.0, 16.0 ], "autoUv": false },
								"south": { "texture": "#trader", "uv": [ 1.5, 0.0, 13.5, 16.0 ], "autoUv": false },
								"up": { "texture": "#trader", "uv": [ 1.5, 14.5, 13.5, 15.5 ], "autoUv": false },
								"down": { "texture": "#trader", "uv": [ 0.0, 0.0, 12.0, 1.0 ], "autoUv": false }
							},
							"children": [
								{
									"name": "Cube10",
									"from": [ -0.08, 1.12, 0.08 ],
									"to": [ 1.04, 1.28, 0.12 ],
									"uv": [ 0.5, 2.0 ],
									"rotationOrigin": [ -0.08, 1.12, 0.08 ],
									"faces": {
										"south": { "texture": "#trader", "uv": [ 0.5, 2.0, 14.5, 4.0 ], "autoUv": false },
										"up": { "texture": "#trader", "uv": [ 0.5, 4.0, 14.5, 4.5 ], "autoUv": false },
										"down": { "texture": "#trader", "uv": [ 1.5, 8.0, 15.5, 8.5 ], "autoUv": false }
									}
								},
								{
									"name": "Cube14",
									"from": [ -0.08, 0.0, 0.08 ],
									"to": [ 1.04, 0.16, 0.12 ],
									"uv": [ 1.0, 2.5 ],
									"rotationOrigin": [ -0.08, 0.0, 0.08 ],
									"faces": {
										"south": { "texture": "#trader", "uv": [ 1.0, 7.5, 15.0, 9.5 ], "autoUv": false },
										"up": { "texture": "#trader", "uv": [ 1.0, 14.5, 15.0, 15.0 ], "autoUv": false },
										"down": { "texture": "#trader", "uv": [ 1.5, 2.5, 15.5, 3.0 ], "autoUv": false }
									}
								}
							]
						},
						{
							"name": "north",
							"from": [ 0.16, 0.0, 0.08 ],
							"to": [ 1.12, 1.28, 0.16 ],
							"uv": [ 0.0, 0.0 ],
							"rotationOrigin": [ 0.16, 0.0, 0.08 ],
							"faces": {
								"north": { "texture": "#trader", "uv": [ 1.5, 0.0, 13.5, 16.0 ], "autoUv": false },
								"south": { "texture": "#trader", "uv": [ 0.0, 0.0, 12.0, 16.0 ], "autoUv": false },
								"up": { "texture": "#trader", "uv": [ 1.0, 0.5, 13.0, 1.5 ], "autoUv": false },
								"down": { "texture": "#trader", "uv": [ 0.0, 0.0, 12.0, 1.0 ], "rotation": 180, "autoUv": false }
							},
							"children": [
								{
									"name": "Cube9",
									"from": [ -0.08, 1.12, -0.04 ],
									"to": [ 1.04, 1.28, 0.0 ],
									"uv": [ 0.0, 0.5 ],
									"rotationOrigin": [ -0.08, 1.12, -0.04 ],
									"faces": {
										"north": { "texture": "#trader", "uv": [ 0.5, 2.0, 14.5, 4.0 ], "autoUv": false },
										"up": { "texture": "#trader", "uv": [ 1.5, 0.5, 15.5, 1.0 ], "autoUv": false },
										"down": { "texture": "#trader", "uv": [ 0.0, 3.0, 14.0, 3.5 ], "autoUv": false }
									}
								},
								{
									"name": "Cube12",
									"from": [ -0.08, 0.0, -0.04 ],
									"to": [ 1.04, 0.16, 0.0 ],
									"uv": [ 0.5, 0.5 ],
									"rotationOrigin": [ -0.08, 0.0, -0.04 ],
									"faces": {
										"north": { "texture": "#trader", "uv": [ 0.5, 1.5, 14.5, 3.5 ], "autoUv": false },
										"up": { "texture": "#trader", "uv": [ 0.5, 0.5, 14.5, 1.0 ], "autoUv": false },
										"down": { "texture": "#trader", "uv": [ 0.5, 2.5, 14.5, 3.0 ], "autoUv": false }
									}
								}
							]
						},
						{
							"name": "floor",
							"from": [ 0.16, 0.04, 0.16 ],
							"to": [ 1.12, 0.12, 1.12 ],
							"uv": [ 1.5, 2.0 ],
							"rotationOrigin": [ 0.08, 0.04, 0.08 ],
							"faces": {
								"down": { "texture": "#trader", "uv": [ 1.5, 2.0, 13.5, 14.0 ], "rotation": 90, "autoUv": false, "windMode": [-1,-1,-1,-1] }
							}
						},
						{
							"name": "Cube15",
							"from": [ 0.04, 0.16, 0.04 ],
							"to": [ 0.2, 1.12, 0.2 ],
							"uv": [ 0.0, 0.0 ],
							"rotationOrigin": [ 0.04, 0.16, 0.04 ],
							"faces": {
								"north": { "texture": "#trader", "uv": [ 0.5, 3.5, 12.5, 5.5 ], "rotation": 90, "autoUv": false },
								"east": { "texture": "#trader", "uv": [ 0.0, 0.0, 12.0, 2.0 ], "rotation": 90, "autoUv": false },
								"south": { "texture": "#trader", "uv": [ 0.0, 0.5, 12.0, 2.5 ], "rotation": 90, "autoUv": false },
								"west": { "texture": "#trader", "uv": [ 2.5, 7.0, 14.5, 9.0 ], "rotation": 90, "autoUv": false }
							}
						},
						{
							"name": "Cube16",
							"from": [ 0.04, 0.16, 1.08 ],
							"to": [ 0.2, 1.12, 1.24 ],
							"uv": [ 0.5, 1.5 ],
							"rotationOrigin": [ 0.04, 0.16, 1.08 ],
							"faces": {
								"north": { "texture": "#trader", "uv": [ 2.5, 7.5, 14.5, 9.5 ], "rotation": 90, "autoUv": false },
								"east": { "texture": "#trader", "uv": [ 1.0, 2.0, 13.0, 4.0 ], "rotation": 90, "autoUv": false },
								"south": { "texture": "#trader", "uv": [ 4.0, 10.5, 16.0, 12.5 ], "rotation": 90, "autoUv": false },
								"west": { "texture": "#trader", "uv": [ 0.5, 1.5, 12.5, 3.5 ], "rotation": 90, "autoUv": false }
							}
						},
						{
							"name": "Cube17",
							"from": [ 1.08, 0.16, 1.08 ],
							"to": [ 1.24, 1.12, 1.24 ],
							"uv": [ 0.0, 6.5 ],
							"rotationOrigin": [ 1.08, 0.16, 1.08 ],
							"faces": {
								"north": { "texture": "#trader", "uv": [ 3.0, 8.0, 15.0, 10.0 ], "rotation": 90, "autoUv": false },
								"east": { "texture": "#trader", "uv": [ 0.0, 6.5, 12.0, 8.5 ], "rotation": 90, "autoUv": false },
								"south": { "texture": "#trader", "uv": [ 1.0, 7.0, 13.0, 9.0 ], "rotation": 90, "autoUv": false },
								"west": { "texture": "#trader", "uv": [ 2.5, 12.0, 14.5, 14.0 ], "rotation": 90, "autoUv": false }
							}
						},
						{
							"name": "Cube18",
							"from": [ 1.08, 0.16, 0.04 ],
							"to": [ 1.24, 1.12, 0.2 ],
							"uv": [ 1.0, 0.5 ],
							"rotationOrigin": [ 1.08, 0.16, 0.04 ],
							"faces": {
								"north": { "texture": "#trader", "uv": [ 1.0, 0.5, 13.0, 2.5 ], "rotation": 90, "autoUv": false },
								"east": { "texture": "#trader", "uv": [ 1.0, 6.5, 13.0, 8.5 ], "rotation": 90, "autoUv": false },
								"south": { "texture": "#trader", "uv": [ 2.5, 7.5, 14.5, 9.5 ], "rotation": 90, "autoUv": false },
								"west": { "texture": "#trader", "uv": [ 2.5, 6.5, 14.5, 8.5 ], "rotation": 90, "autoUv": false }
							}
						},
						{
							"name": "lid",
							"from": [ 0.16, 1.16, 0.16 ],
							"to": [ 1.12, 1.24, 1.12 ],
							"uv": [ 1.5, 2.0 ],
							"rotationOrigin": [ 0.64, 1.16, 0.08 ],
							"faces": {
								"up": { "texture": "#trader", "uv": [ 1.5, 2.0, 13.5, 14.0 ], "rotation": 90, "autoUv": false }
							}
						},
						{
							"name": "W cross 1",
							"from": [ 0.008, 0.104, 1.04 ],
							"to": [ 0.088, 1.384, 1.24 ],
							"uv": [ 0.0, 1.5 ],
							"rotationOrigin": [ 0.008, 0.104, 1.136 ],
							"rotationX": -43.0,
							"faces": {
								"north": { "texture": "#trader", "uv": [ 0.0, 2.5, 16.0, 3.5 ], "rotation": 90, "autoUv": false },
								"south": { "texture": "#trader", "uv": [ 0.0, 7.5, 16.0, 8.5 ], "rotation": 90, "autoUv": false },
								"west": { "texture": "#trader", "uv": [ 0.0, 6.5, 16.0, 9.0 ], "rotation": 90, "autoUv": false },
								"down": { "texture": "#trader", "uv": [ 0.0, 1.5, 1.0, 4.0 ], "autoUv": false }
							},
							"children": [
								{
									"name": "Cube24",
									"from": [ 0.0, 1.28, 0.0 ],
									"to": [ 0.08, 1.48, 0.2 ],
									"uv": [ 1.5, 2.0 ],
									"rotationOrigin": [ 0.0, 1.28, 0.0 ],
									"faces": {
										"north": { "texture": "#trader", "uv": [ 1.5, 2.0, 4.0, 3.0 ], "rotation": 90, "autoUv": false },
										"south": { "texture": "#trader", "uv": [ 2.5, 3.0, 5.0, 4.0 ], "rotation": 90, "autoUv": false },
										"west": { "texture": "#trader", "uv": [ 4.5, 5.5, 7.0, 8.0 ], "rotation": 90, "autoUv": false },
										"up": { "texture": "#trader", "uv": [ 3.5, 2.5, 6.0, 3.5 ], "rotation": 90, "autoUv": false }
									}
								}
							]
						},
						{
							"name": "W cross 2",
							"from": [ 0.0, 0.096, 0.024 ],
							"to": [ 0.08, 1.376, 0.224 ],
							"uv": [ 0.0, 1.5 ],
							"rotationOrigin": [ 0.0, 0.096, 0.128 ],
							"rotationX": 43.0,
							"faces": {
								"north": { "texture": "#trader", "uv": [ 0.0, 2.5, 16.0, 3.5 ], "rotation": 90, "autoUv": false },
								"south": { "texture": "#trader", "uv": [ 0.0, 7.5, 16.0, 8.5 ], "rotation": 90, "autoUv": false },
								"west": { "texture": "#trader", "uv": [ 0.0, 2.0, 16.0, 4.5 ], "rotation": 90, "autoUv": false },
								"down": { "texture": "#trader", "uv": [ 0.0, 1.5, 1.0, 4.0 ], "autoUv": false }
							},
							"children": [
								{
									"name": "Cube23",
									"from": [ 0.0, 1.28, 0.0 ],
									"to": [ 0.08, 1.48, 0.2 ],
									"uv": [ 2.5, 1.5 ],
									"rotationOrigin": [ 0.0, 1.28, 0.0 ],
									"faces": {
										"north": { "texture": "#trader", "uv": [ 2.5, 3.0, 5.0, 4.0 ], "rotation": 90, "autoUv": false },
										"south": { "texture": "#trader", "uv": [ 3.5, 2.0, 6.0, 3.0 ], "rotation": 90, "autoUv": false },
										"west": { "texture": "#trader", "uv": [ 8.5, 3.5, 11.0, 6.0 ], "rotation": 90, "autoUv": false },
										"up": { "texture": "#trader", "uv": [ 3.0, 1.5, 4.0, 4.0 ], "autoUv": false }
									}
								}
							]
						},
						{
							"name": "E cross 1",
							"from": [ 1.192, 0.104, 1.04 ],
							"to": [ 1.272, 1.384, 1.24 ],
							"uv": [ 0.0, 0.5 ],
							"rotationOrigin": [ 1.192, 0.104, 1.136 ],
							"rotationX": -43.0,
							"faces": {
								"north": { "texture": "#trader", "uv": [ 0.0, 2.5, 16.0, 3.5 ], "rotation": 90, "autoUv": false },
								"east": { "texture": "#trader", "uv": [ 0.0, 0.5, 16.0, 3.0 ], "rotation": 90, "autoUv": false },
								"south": { "texture": "#trader", "uv": [ 0.0, 7.5, 16.0, 8.5 ], "rotation": 90, "autoUv": false },
								"down": { "texture": "#trader", "uv": [ 0.0, 1.5, 1.0, 4.0 ], "autoUv": false }
							},
							"children": [
								{
									"name": "Cube28",
									"from": [ 0.0, 1.28, 0.0 ],
									"to": [ 0.08, 1.48, 0.2 ],
									"uv": [ 1.0, 0.5 ],
									"rotationOrigin": [ 0.0, 1.28, 0.0 ],
									"faces": {
										"north": { "texture": "#trader", "uv": [ 1.5, 2.0, 4.0, 3.0 ], "rotation": 90, "autoUv": false },
										"east": { "texture": "#trader", "uv": [ 1.0, 0.5, 3.5, 3.0 ], "rotation": 90, "autoUv": false },
										"south": { "texture": "#trader", "uv": [ 2.5, 3.0, 5.0, 4.0 ], "rotation": 90, "autoUv": false },
										"up": { "texture": "#trader", "uv": [ 3.5, 2.5, 6.0, 3.5 ], "rotation": 90, "autoUv": false }
									}
								}
							]
						},
						{
							"name": "W cross 29",
							"from": [ 1.2, 0.096, 0.024 ],
							"to": [ 1.28, 1.376, 0.224 ],
							"uv": [ 0.0, 1.5 ],
							"rotationOrigin": [ 1.2, 0.096, 0.128 ],
							"rotationX": 43.0,
							"faces": {
								"north": { "texture": "#trader", "uv": [ 0.0, 2.5, 16.0, 3.5 ], "rotation": 90, "autoUv": false },
								"east": { "texture": "#trader", "uv": [ 0.0, 6.5, 16.0, 9.0 ], "rotation": 90, "autoUv": false },
								"south": { "texture": "#trader", "uv": [ 0.0, 7.5, 16.0, 8.5 ], "rotation": 90, "autoUv": false },
								"down": { "texture": "#trader", "uv": [ 0.0, 1.5, 1.0, 4.0 ], "autoUv": false }
							},
							"children": [
								{
									"name": "Cube30",
									"from": [ 0.0, 1.28, 0.0 ],
									"to": [ 0.08, 1.48, 0.2 ],
									"uv": [ 1.0, 0.5 ],
									"rotationOrigin": [ 0.0, 1.28, 0.0 ],
									"faces": {
										"north": { "texture": "#trader", "uv": [ 2.5, 3.0, 5.0, 4.0 ], "rotation": 90, "autoUv": false },
										"east": { "texture": "#trader", "uv": [ 2.0, 6.5, 4.5, 9.0 ], "rotation": 90, "autoUv": false },
										"south": { "texture": "#trader", "uv": [ 1.0, 0.5, 3.5, 1.5 ], "rotation": 90, "autoUv": false },
										"up": { "texture": "#trader", "uv": [ 3.0, 1.5, 4.0, 4.0 ], "autoUv": false }
									}
								}
							]
						}
					]
				},
				{
					"name": "LowerTorso",
					"from": [ -1.0, 1.25, -0.28 ],
					"to": [ -0.5, 1.75, 0.32 ],
					"unwrapMode": 4,
					"autoUnwrap": false,
					"uv": [ 41.5, 5.5 ],
					"rotationOrigin": [ -0.8, 1.75, 0.02 ],
					"rotationZ": 3.0,
					"faces": {
						"north": { "texture": "#trader", "uv": [ 40.0, 10.0, 45.0, 15.0 ], "autoUv": false },
						"east": { "texture": "#trader", "uv": [ 56.0, 10.0, 62.0, 15.0 ], "autoUv": false },
						"south": { "texture": "#trader", "uv": [ 51.0, 10.0, 56.0, 15.0 ], "autoUv": false },
						"west": { "texture": "#trader", "uv": [ 45.0, 10.0, 51.0, 15.0 ], "autoUv": false },
						"up": { "texture": "#trader", "uv": [ 32.5, 5.0, 38.5, 10.0 ], "rotation": 90, "autoUv": false },
						"down": { "texture": "#trader", "uv": [ 32.5, 10.0, 38.5, 15.0 ], "rotation": 90, "autoUv": false }
					},
					"children": [
						{
							"name": "UpperTorso",
							"from": [ 0.0, 0.43, -0.01 ],
							"to": [ 0.5, 0.93, 0.61 ],
							"unwrapMode": 4,
							"autoUnwrap": false,
							"uv": [ 41.5, 0.5 ],
							"rotationOrigin": [ 0.2, 0.53, 0.29 ],
							"rotationX": -8.0,
							"rotationY": 3.0,
							"rotationZ": -3.0,
							"faces": {
								"north": { "texture": "#trader", "uv": [ 40.0, 5.0, 45.0, 10.0 ], "autoUv": false },
								"east": { "texture": "#trader", "uv": [ 56.0, 5.0, 62.0, 10.0 ], "autoUv": false },
								"south": { "texture": "#trader", "uv": [ 51.0, 5.0, 56.0, 10.0 ], "autoUv": false },
								"west": { "texture": "#trader", "uv": [ 45.0, 5.0, 51.0, 10.0 ], "autoUv": false },
								"up": { "texture": "#trader", "uv": [ 45.0, 0.0, 51.0, 5.0 ], "rotation": 90, "autoUv": false },
								"down": { "texture": "#trader", "uv": [ 32.5, 5.0, 38.5, 10.0 ], "rotation": 90, "autoUv": false }
							},
							"children": [
								{
									"name": "UpperArmR",
									"from": [ 0.1, -0.21, -0.12 ],
									"to": [ 0.4, 0.49, 0.08 ],
									"unwrapMode": 4,
									"autoUnwrap": false,
									"uv": [ 31.0, 38.5 ],
									"rotationOrigin": [ 0.2, 0.47, 0.08 ],
									"rotationX": 44.0,
									"rotationY": 11.0,
									"rotationZ": 11.0,
									"faces": {
										"north": { "texture": "#trader", "uv": [ 32.0, 45.5, 35.0, 52.5 ], "autoUv": false },
										"east": { "texture": "#trader", "uv": [ 30.0, 45.5, 32.0, 52.5 ], "autoUv": false },
										"south": { "texture": "#trader", "uv": [ 37.0, 45.5, 40.0, 52.5 ], "autoUv": false },
										"west": { "texture": "#trader", "uv": [ 35.0, 45.5, 37.0, 52.5 ], "autoUv": false },
										"up": { "texture": "#trader", "uv": [ 35.0, 42.5, 37.0, 45.5 ], "rotation": 90, "autoUv": false },
										"down": { "texture": "#trader", "uv": [ 35.0, 52.5, 37.0, 55.5 ], "rotation": 90, "autoUv": false }
									},
									"children": [
										{
											"name": "LowerArmR",
											"from": [ 0.01, -0.54, 0.0 ],
											"to": [ 0.26, 0.06, 0.2 ],
											"unwrapMode": 4,
											"autoUnwrap": false,
											"uv": [ 31.0, 51.5 ],
											"rotationOrigin": [ 0.13, 0.06, 0.1 ],
											"rotationX": -42.0,
											"rotationY": 14.0,
											"rotationZ": -19.0,
											"faces": {
												"north": { "texture": "#trader", "uv": [ 32.5, 55.5, 35.0, 61.5 ], "autoUv": false },
												"east": { "texture": "#trader", "uv": [ 30.5, 55.5, 32.5, 61.5 ], "autoUv": false },
												"south": { "texture": "#trader", "uv": [ 37.0, 55.5, 39.5, 61.5 ], "autoUv": false },
												"west": { "texture": "#trader", "uv": [ 35.0, 55.5, 37.0, 61.5 ], "autoUv": false },
												"up": { "texture": "#trader", "uv": [ 35.0, 53.0, 37.0, 55.5 ], "rotation": 90, "autoUv": false },
												"down": { "texture": "#trader", "uv": [ 35.0, 61.5, 37.0, 64.0 ], "rotation": 90, "autoUv": false }
											},
											"children": [
												{
													"name": "PickHandle",
													"from": [ 0.1128, -1.035, -0.0947 ],
													"to": [ 0.1928, -0.335, -0.0147 ],
													"uv": [ 0.5, 1.0 ],
													"rotationOrigin": [ 0.2249, -0.4396, -0.0267 ],
													"rotationX": 33.3024,
													"rotationY": -70.2161,
													"rotationZ": -158.044,
													"faces": {
														"north": { "texture": "#trader", "uv": [ 1.0, 4.0, 8.0, 4.5 ], "rotation": 90, "autoUv": false },
														"east": { "texture": "#trader", "uv": [ 1.0, 5.5, 8.0, 6.0 ], "rotation": 90, "autoUv": false },
														"south": { "texture": "#trader", "uv": [ 0.5, 4.0, 7.5, 4.5 ], "rotation": 90, "autoUv": false },
														"west": { "texture": "#trader", "uv": [ 0.5, 2.5, 7.5, 3.0 ], "rotation": 90, "autoUv": false },
														"down": { "texture": "#trader", "uv": [ 2.0, 1.0, 2.75, 1.75 ], "autoUv": false }
													},
													"children": [
														{
															"name": "PickHead",
															"from": [ -0.01, 0.9, -0.05 ],
															"to": [ 0.09, 1.0, 0.15 ],
															"uv": [ 1.0, 1.0 ],
															"rotationOrigin": [ 0.05, 0.9, 0.1 ],
															"faces": {
																"north": { "texture": "#trader", "uv": [ 1.0, 1.25, 2.0, 2.25 ], "autoUv": false },
																"east": { "texture": "#trader", "uv": [ 1.5, 2.0, 3.5, 3.0 ], "autoUv": false },
																"south": { "texture": "#trader", "uv": [ 2.0, 1.75, 3.0, 2.75 ], "autoUv": false },
																"west": { "texture": "#trader", "uv": [ 1.0, 1.0, 3.0, 2.0 ], "autoUv": false },
																"up": { "texture": "#trader", "uv": [ 2.125, 2.75, 3.125, 4.75 ], "autoUv": false },
																"down": { "texture": "#trader", "uv": [ 1.625, 1.0, 2.625, 3.0 ], "autoUv": false }
															},
															"children": [
																{
																	"name": "PickLeft1",
																	"from": [ 0.01, 0.01, 0.17 ],
																	"to": [ 0.09, 0.09, 0.37 ],
																	"uv": [ 0.75, 0.5 ],
																	"rotationOrigin": [ 0.05, 0.05, 0.17 ],
																	"rotationX": 15.0,
																	"faces": {
																		"east": { "texture": "#trader", "uv": [ 1.375, 0.75, 3.375, 1.5 ], "autoUv": false },
																		"south": { "texture": "#trader", "uv": [ 1.75, 1.75, 2.5, 2.5 ], "autoUv": false },
																		"west": { "texture": "#trader", "uv": [ 0.75, 1.0, 2.75, 1.75 ], "autoUv": false },
																		"up": { "texture": "#trader", "uv": [ 0.75, 0.5, 1.5, 2.5 ], "autoUv": false },
																		"down": { "texture": "#trader", "uv": [ 1.625, 1.75, 2.375, 3.75 ], "autoUv": false }
																	},
																	"children": [
																		{
																			"name": "PickLeft2",
																			"from": [ 0.01, 0.01, 0.17 ],
																			"to": [ 0.07, 0.07, 0.37 ],
																			"uv": [ 0.375, 0.75 ],
																			"rotationOrigin": [ 0.01, 0.01, 0.17 ],
																			"rotationX": 15.0,
																			"faces": {
																				"east": { "texture": "#trader", "uv": [ 2.125, 1.0, 4.125, 1.5 ], "autoUv": false },
																				"south": { "texture": "#trader", "uv": [ 0.375, 0.75, 0.875, 1.25 ], "autoUv": false },
																				"west": { "texture": "#trader", "uv": [ 1.125, 1.25, 3.125, 1.75 ], "autoUv": false },
																				"up": { "texture": "#trader", "uv": [ 1.25, 1.0, 1.75, 3.0 ], "autoUv": false },
																				"down": { "texture": "#trader", "uv": [ 2.25, 1.25, 2.75, 3.25 ], "autoUv": false }
																			}
																		}
																	]
																},
																{
																	"name": "PickRight1",
																	"from": [ 0.01, 0.01, -0.17 ],
																	"to": [ 0.09, 0.09, 0.03 ],
																	"uv": [ 0.875, 0.75 ],
																	"rotationOrigin": [ 0.05, 0.05, 0.03 ],
																	"rotationX": -15.0,
																	"faces": {
																		"north": { "texture": "#trader", "uv": [ 1.875, 2.75, 2.625, 3.5 ], "autoUv": false },
																		"east": { "texture": "#trader", "uv": [ 1.25, 0.75, 3.25, 1.5 ], "autoUv": false },
																		"west": { "texture": "#trader", "uv": [ 1.875, 2.25, 3.875, 3.0 ], "autoUv": false },
																		"up": { "texture": "#trader", "uv": [ 0.875, 1.0, 1.625, 3.0 ], "autoUv": false },
																		"down": { "texture": "#trader", "uv": [ 1.375, 1.5, 2.125, 3.5 ], "autoUv": false }
																	},
																	"children": [
																		{
																			"name": "PickRight2",
																			"from": [ 0.01, 0.01, -0.17 ],
																			"to": [ 0.07, 0.07, 0.03 ],
																			"uv": [ 0.875, 0.5 ],
																			"rotationOrigin": [ 0.04, 0.04, 0.03 ],
																			"rotationX": -15.0,
																			"faces": {
																				"north": { "texture": "#trader", "uv": [ 1.75, 1.5, 2.25, 2.0 ], "autoUv": false },
																				"east": { "texture": "#trader", "uv": [ 0.875, 0.75, 2.875, 1.25 ], "autoUv": false },
																				"south": { "texture": "#trader", "uv": [ 1.0, 0.5, 1.5, 1.0 ], "autoUv": false },
																				"west": { "texture": "#trader", "uv": [ 1.5, 1.5, 3.5, 2.0 ], "autoUv": false },
																				"up": { "texture": "#trader", "uv": [ 1.625, 1.75, 2.125, 3.75 ], "autoUv": false },
																				"down": { "texture": "#trader", "uv": [ 1.5, 1.0, 2.0, 3.0 ], "autoUv": false }
																			}
																		}
																	]
																}
															]
														},
														{
															"name": "PickCover",
															"from": [ -0.01, 0.7, -0.01 ],
															"to": [ 0.09, 0.9, 0.09 ],
															"uv": [ 0.75, 0.25 ],
															"rotationOrigin": [ -0.01, 0.7, -0.01 ],
															"faces": {
																"north": { "texture": "#trader", "uv": [ 0.875, 0.75, 1.875, 2.75 ], "autoUv": false },
																"east": { "texture": "#trader", "uv": [ 0.75, 0.25, 1.75, 2.25 ], "autoUv": false },
																"south": { "texture": "#trader", "uv": [ 1.625, 0.75, 2.625, 2.75 ], "autoUv": false },
																"west": { "texture": "#trader", "uv": [ 1.25, 0.75, 2.25, 2.75 ], "autoUv": false },
																"down": { "texture": "#trader", "uv": [ 2.125, 2.0, 3.125, 3.0 ], "autoUv": false }
															}
														}
													]
												}
											],
											"attachmentpoints": [
												{
													"code": "RightHand",
													"posX": "1.0","posY": "1.0","posZ": "1.0",
													"rotationX": "0.0","rotationY": "-180.0","rotationZ": "0.0"
												}
											]
										}
									]
								},
								{
									"name": "UpperArmL",
									"from": [ 0.1, -0.21, 0.54 ],
									"to": [ 0.4, 0.49, 0.74 ],
									"unwrapMode": 4,
									"uv": [ 41.0, 42.5 ],
									"rotationOrigin": [ 0.2, 0.47, 0.54 ],
									"rotationX": -19.0,
									"rotationY": 44.0,
									"rotationZ": -3.0,
									"faces": {
										"north": { "texture": "#trader", "uv": [ 41.0, 45.5, 44.0, 52.5 ], "autoUv": false },
										"east": { "texture": "#trader", "uv": [ 49.0, 45.5, 51.0, 52.5 ], "autoUv": false },
										"south": { "texture": "#trader", "uv": [ 46.0, 45.5, 49.0, 52.5 ], "autoUv": false },
										"west": { "texture": "#trader", "uv": [ 44.0, 45.5, 46.0, 52.5 ], "autoUv": false },
										"up": { "texture": "#trader", "uv": [ 44.0, 42.5, 46.0, 45.5 ], "rotation": 90, "autoUv": false },
										"down": { "texture": "#trader", "uv": [ 44.0, 52.5, 46.0, 55.5 ], "rotation": 90, "autoUv": false }
									},
									"children": [
										{
											"name": "LowerArmL",
											"from": [ 0.02, -0.52, 0.0 ],
											"to": [ 0.27, 0.08, 0.2 ],
											"unwrapMode": 4,
											"uv": [ 41.5, 53.0 ],
											"rotationOrigin": [ 0.14, 0.08, 0.1 ],
											"rotationX": 6.0,
											"rotationY": -6.0,
											"rotationZ": -78.0,
											"faces": {
												"north": { "texture": "#trader", "uv": [ 41.5, 55.5, 44.0, 61.5 ], "autoUv": false },
												"east": { "texture": "#trader", "uv": [ 48.5, 55.5, 50.5, 61.5 ], "autoUv": false },
												"south": { "texture": "#trader", "uv": [ 46.0, 55.5, 48.5, 61.5 ], "autoUv": false },
												"west": { "texture": "#trader", "uv": [ 44.0, 55.5, 46.0, 61.5 ], "autoUv": false },
												"up": { "texture": "#trader", "uv": [ 44.0, 53.0, 46.0, 55.5 ], "rotation": 90, "autoUv": false },
												"down": { "texture": "#trader", "uv": [ 44.0, 61.5, 46.0, 64.0 ], "rotation": 90, "autoUv": false }
											},
											"children": [
												{
													"name": "origin",
													"from": [ -0.13, 0.03, -0.05 ],
													"to": [ -0.13, 0.03, -0.05 ],
													"uv": [ 999.0, 999.0 ],
													"rotationOrigin": [ 0.0034, 0.0667, 0.1063 ],
													"rotationX": -8.0,
													"rotationZ": 90.8838,
													"faces": {
													},
													"children": [
														{
															"name": "native1",
															"from": [ 0.04, 0.08, -0.04 ],
															"to": [ 0.2, 0.24, 0.2 ],
															"uv": [ 2.5, 4.0 ],
															"rotationOrigin": [ 0.0, 0.0, 0.04 ],
															"faces": {
																"north": { "texture": "#trader", "uv": [ 11.5, 8.0, 13.5, 10.0 ], "autoUv": false },
																"east": { "texture": "#trader", "uv": [ 5.5, 6.0, 8.5, 8.0 ], "autoUv": false },
																"south": { "texture": "#trader", "uv": [ 5.0, 6.0, 7.0, 8.0 ], "autoUv": false },
																"west": { "texture": "#trader", "uv": [ 2.5, 4.0, 5.5, 6.0 ], "autoUv": false },
																"up": { "texture": "#trader", "uv": [ 6.0, 5.0, 8.0, 8.0 ], "autoUv": false },
																"down": { "texture": "#trader", "uv": [ 5.0, 7.0, 7.0, 10.0 ], "autoUv": false }
															}
														},
														{
															"name": "native2",
															"from": [ -0.04, 0.12, 0.04 ],
															"to": [ 0.16, 0.28, 0.16 ],
															"uv": [ 2.0, 4.0 ],
															"rotationOrigin": [ -0.12, 0.0, 0.16 ],
															"faces": {
																"north": { "texture": "#trader", "uv": [ 11.0, 7.5, 13.5, 9.5 ], "autoUv": false },
																"east": { "texture": "#trader", "uv": [ 5.0, 8.0, 6.5, 10.0 ], "autoUv": false },
																"south": { "texture": "#trader", "uv": [ 6.0, 9.0, 8.5, 11.0 ], "autoUv": false },
																"west": { "texture": "#trader", "uv": [ 2.0, 8.5, 3.5, 10.5 ], "autoUv": false },
																"up": { "texture": "#trader", "uv": [ 5.5, 6.0, 8.0, 7.5 ], "autoUv": false },
																"down": { "texture": "#trader", "uv": [ 9.0, 4.0, 11.5, 5.5 ], "autoUv": false }
															}
														},
														{
															"name": "native3",
															"from": [ 0.2, 0.08, 0.04 ],
															"to": [ 0.32, 0.2, 0.2 ],
															"uv": [ 6.5, 2.0 ],
															"faces": {
																"north": { "texture": "#trader", "uv": [ 7.0, 9.5, 8.5, 11.0 ], "autoUv": false },
																"east": { "texture": "#trader", "uv": [ 8.5, 2.0, 10.5, 3.5 ], "autoUv": false },
																"south": { "texture": "#trader", "uv": [ 8.0, 2.0, 9.5, 3.5 ], "autoUv": false },
																"up": { "texture": "#trader", "uv": [ 6.5, 10.0, 8.0, 12.0 ], "autoUv": false },
																"down": { "texture": "#trader", "uv": [ 8.0, 12.0, 9.5, 14.0 ], "autoUv": false }
															}
														},
														{
															"name": "native4",
															"from": [ 0.08, 0.16, 0.12 ],
															"to": [ 0.28, 0.32, 0.24 ],
															"uv": [ 1.0, 4.0 ],
															"faces": {
																"north": { "texture": "#trader", "uv": [ 6.0, 6.5, 8.5, 8.5 ], "autoUv": false },
																"east": { "texture": "#trader", "uv": [ 5.5, 13.0, 7.0, 15.0 ], "autoUv": false },
																"south": { "texture": "#trader", "uv": [ 5.0, 5.5, 7.5, 7.5 ], "autoUv": false },
																"west": { "texture": "#trader", "uv": [ 2.0, 9.0, 3.5, 11.0 ], "autoUv": false },
																"up": { "texture": "#trader", "uv": [ 11.0, 4.0, 13.5, 5.5 ], "autoUv": false },
																"down": { "texture": "#trader", "uv": [ 1.0, 8.5, 3.5, 10.0 ], "autoUv": false }
															}
														},
														{
															"name": "native5",
															"from": [ 0.0, 0.04, 0.0 ],
															"to": [ 0.24, 0.16, 0.28 ],
															"uv": [ 5.5, 5.5 ],
															"faces": {
																"north": { "texture": "#trader", "uv": [ 5.5, 6.0, 8.5, 7.5 ], "autoUv": false },
																"east": { "texture": "#trader", "uv": [ 10.5, 8.0, 14.0, 9.5 ], "autoUv": false },
																"south": { "texture": "#trader", "uv": [ 10.0, 7.0, 13.0, 8.5 ], "autoUv": false },
																"west": { "texture": "#trader", "uv": [ 6.0, 7.0, 9.5, 8.5 ], "autoUv": false },
																"up": { "texture": "#trader", "uv": [ 10.5, 7.0, 13.5, 10.5 ], "autoUv": false },
																"down": { "texture": "#trader", "uv": [ 5.5, 5.5, 8.5, 9.0 ], "autoUv": false }
															}
														},
														{
															"name": "native7",
															"from": [ 0.08, 0.12, 0.24 ],
															"to": [ 0.2, 0.24, 0.32 ],
															"uv": [ 5.0, 2.5 ],
															"rotationOrigin": [ 0.08, 0.08, 0.16 ],
															"faces": {
																"east": { "texture": "#trader", "uv": [ 8.5, 2.5, 9.5, 4.0 ], "autoUv": false },
																"south": { "texture": "#trader", "uv": [ 5.0, 5.5, 6.5, 7.0 ], "autoUv": false },
																"west": { "texture": "#trader", "uv": [ 6.0, 6.0, 7.0, 7.5 ], "autoUv": false },
																"up": { "texture": "#trader", "uv": [ 6.5, 7.0, 8.0, 8.0 ], "autoUv": false },
																"down": { "texture": "#trader", "uv": [ 6.5, 3.5, 8.0, 4.5 ], "autoUv": false }
															}
														}
													]
												}
											],
											"attachmentpoints": [
												{
													"code": "LeftHand",
													"posX": "1.0","posY": "1.0","posZ": "1.0",
													"rotationX": "0.0","rotationY": "-180.0","rotationZ": "0.0"
												}
											]
										}
									]
								},
								{
									"name": "Neck",
									"from": [ 0.1, 0.35, 0.16 ],
									"to": [ 0.4, 0.75, 0.46 ],
									"unwrapMode": 4,
									"uv": [ 12.5, 1.0 ],
									"rotationOrigin": [ 0.25, 0.46, 0.31 ],
									"rotationZ": 8.0,
									"faces": {
										"north": { "texture": "#trader", "uv": [ 12.5, 1.0, 15.5, 5.0 ], "autoUv": false },
										"east": { "texture": "#trader", "uv": [ 21.5, 1.0, 24.5, 5.0 ], "autoUv": false },
										"south": { "texture": "#trader", "uv": [ 18.5, 1.0, 21.5, 5.0 ], "autoUv": false },
										"west": { "texture": "#trader", "uv": [ 15.5, 1.0, 18.5, 5.0 ], "autoUv": false }
									},
									"children": [
										{
											"name": "Cube3",
											"from": [ -0.11, 0.32, -0.1 ],
											"to": [ 0.44, 0.82, 0.4 ],
											"uv": [ 0.0, 0.0 ],
											"rotationOrigin": [ -0.1137, 0.3234, -0.1 ],
											"rotationZ": -3.0,
											"faces": {
												"north": { "texture": "#trader", "uv": [ 0.0, 0.5, 0.5, 1.0 ] },
												"east": { "texture": "#trader", "uv": [ 0.5, 0.5, 1.0, 1.0 ] },
												"south": { "texture": "#trader", "uv": [ 1.0, 0.5, 1.5, 1.0 ] },
												"west": { "texture": "#trader", "uv": [ 1.5, 0.5, 2.0, 1.0 ] },
												"up": { "texture": "#trader", "uv": [ 0.0, 0.0, 0.5, 0.5 ] },
												"down": { "texture": "#trader", "uv": [ 0.5, 0.0, 1.0, 0.5 ] }
											},
											"children": [
												{
													"name": "MinerHelmetMain",
													"from": [ -0.06, 0.39, -0.08 ],
													"to": [ 0.63, 0.55, 0.57 ],
													"autoUnwrap": false,
													"uv": [ 0.5, 0.5 ],
													"rotationOrigin": [ -0.0568, 0.3856, -0.147 ],
													"rotationZ": -1.0,
													"faces": {
														"north": { "texture": "#trader", "uv": [ 0.0, 0.0, 6.5, 1.5 ], "autoUv": false },
														"east": { "texture": "#trader", "uv": [ 7.5, 1.5, 9.0, 8.0 ], "rotation": 90, "autoUv": false },
														"south": { "texture": "#trader", "uv": [ 7.0, 0.0, 13.5, 1.5 ], "autoUv": false },
														"west": { "texture": "#trader", "uv": [ 9.5, 8.0, 16.0, 9.5 ], "autoUv": false },
														"up": { "texture": "#trader", "uv": [ 9.0, 1.5, 15.5, 8.0 ], "autoUv": false }
													},
													"children": [
														{
															"name": "MinerHelmetRim",
															"from": [ -0.02, -0.1, -0.02 ],
															"to": [ 0.71, 0.0, 0.67 ],
															"autoUnwrap": false,
															"uv": [ 0.0, 5.5 ],
															"rotationOrigin": [ -0.02, -0.1, -0.02 ],
															"faces": {
																"north": { "texture": "#trader", "uv": [ 0.0, 12.5, 7.0, 13.5 ], "autoUv": false },
																"east": { "texture": "#trader", "uv": [ 9.0, 15.0, 15.5, 16.0 ], "autoUv": false },
																"south": { "texture": "#trader", "uv": [ 0.0, 12.5, 7.0, 13.5 ], "autoUv": false },
																"west": { "texture": "#trader", "uv": [ 9.0, 15.0, 15.5, 16.0 ], "autoUv": false },
																"up": { "texture": "#trader", "uv": [ 0.0, 6.0, 7.0, 12.5 ], "autoUv": false },
																"down": { "texture": "#trader", "uv": [ 0.0, 6.0, 7.0, 12.5 ], "autoUv": false }
															}
														},
														{
															"name": "MinerHelmetLamp",
															"from": [ -0.13, -0.05, 0.22 ],
															"to": [ 0.0, 0.15, 0.42 ],
															"autoUnwrap": false,
															"uv": [ 11.5, 7.5 ],
															"rotationOrigin": [ -0.13, -0.05, 0.22 ],
															"faces": {
																"north": { "texture": "#trader", "uv": [ 14.0, 9.5, 16.0, 10.5 ], "rotation": 90, "autoUv": false },
																"south": { "texture": "#trader", "uv": [ 13.0, 11.5, 14.0, 13.5 ], "autoUv": false },
																"west": { "texture": "#trader", "uv": [ 14.0, 12.5, 16.0, 14.5 ], "autoUv": false },
																"up": { "texture": "#trader", "uv": [ 14.0, 10.5, 15.0, 12.5 ], "autoUv": false },
																"down": { "texture": "#trader", "uv": [ 15.0, 10.5, 16.0, 12.5 ], "autoUv": false }
															}
														},
														{
															"name": "MinerHelmetTopRim",
															"from": [ -0.04, 0.0, 0.27 ],
															"to": [ 0.71, 0.19, 0.37 ],
															"autoUnwrap": false,
															"uv": [ 0.0, 13.5 ],
															"rotationOrigin": [ -0.04, 0.0, 0.27 ],
															"faces": {
																"north": { "texture": "#trader", "uv": [ 0.0, 14.5, 7.5, 16.0 ], "autoUv": false },
																"east": { "texture": "#trader", "uv": [ 8.0, 14.5, 9.0, 16.0 ], "autoUv": false },
																"south": { "texture": "#trader", "uv": [ 0.0, 14.5, 7.5, 16.0 ], "autoUv": false },
																"west": { "texture": "#trader", "uv": [ 8.0, 14.5, 9.0, 16.0 ], "autoUv": false },
																"up": { "texture": "#trader", "uv": [ 0.0, 13.5, 7.5, 14.5 ], "autoUv": false }
															}
														},
														{
															"name": "MinerHelmetReinforcementR",
															"from": [ 0.27, 0.04, -0.02 ],
															"to": [ 0.37, 0.18, 0.08 ],
															"uv": [ 7.5, 9.5 ],
															"rotationOrigin": [ 0.32, 0.04, -0.02 ],
															"faces": {
																"north": { "texture": "#trader", "uv": [ 7.5, 10.5, 8.5, 11.5 ], "autoUv": false },
																"east": { "texture": "#trader", "uv": [ 8.5, 10.5, 9.5, 11.5 ], "autoUv": false },
																"south": { "texture": "#trader", "uv": [ 9.5, 10.5, 10.5, 11.5 ], "autoUv": false },
																"west": { "texture": "#trader", "uv": [ 10.5, 10.5, 11.5, 11.5 ], "autoUv": false },
																"up": { "texture": "#trader", "uv": [ 7.5, 9.5, 8.5, 10.5 ], "autoUv": false },
																"down": { "texture": "#trader", "uv": [ 8.5, 9.5, 9.5, 10.5 ], "autoUv": false }
															}
														},
														{
															"name": "MinerHelmetReinforcementL",
															"from": [ 0.28, 0.04, 0.57 ],
															"to": [ 0.38, 0.18, 0.67 ],
															"autoUnwrap": false,
															"uv": [ 10.5, 9.5 ],
															"rotationOrigin": [ 0.33, 0.04, 0.57 ],
															"faces": {
																"north": { "texture": "#trader", "uv": [ 10.5, 10.5, 11.5, 11.5 ], "autoUv": false },
																"east": { "texture": "#trader", "uv": [ 11.5, 10.5, 12.5, 11.5 ], "autoUv": false },
																"south": { "texture": "#trader", "uv": [ 12.5, 10.5, 13.5, 11.5 ], "autoUv": false },
																"west": { "texture": "#trader", "uv": [ 12.5, 9.5, 13.5, 10.5 ], "autoUv": false },
																"up": { "texture": "#trader", "uv": [ 10.5, 9.5, 11.5, 10.5 ], "autoUv": false },
																"down": { "texture": "#trader", "uv": [ 11.5, 9.5, 12.5, 10.5 ], "autoUv": false }
															}
														},
														{
															"name": "MinerHelmetTop",
															"from": [ 0.05, 0.16, 0.1 ],
															"to": [ 0.64, 0.22, 0.55 ],
															"autoUnwrap": false,
															"uv": [ 0.5, 1.0 ],
															"rotationOrigin": [ 0.1, 0.16, 0.1 ],
															"faces": {
																"north": { "texture": "#trader", "uv": [ 7.5, 12.0, 13.0, 12.5 ], "autoUv": false },
																"east": { "texture": "#trader", "uv": [ 8.0, 14.0, 12.5, 14.5 ], "autoUv": false },
																"south": { "texture": "#trader", "uv": [ 7.5, 11.5, 13.0, 12.0 ], "autoUv": false },
																"west": { "texture": "#trader", "uv": [ 9.0, 14.5, 13.5, 15.0 ], "autoUv": false },
																"up": { "texture": "#trader", "uv": [ 0.0, 1.5, 5.5, 6.0 ], "autoUv": false }
															}
														}
													]
												}
											]
										}
									]
								}
							]
						},
						{
							"name": "UpperFootL",
							"from": [ 0.05, -0.3, 0.3 ],
							"to": [ 0.45, 0.3, 0.62 ],
							"unwrapMode": 4,
							"uv": [ 15.0, 38.5 ],
							"rotationOrigin": [ 0.15, 0.05, 0.43 ],
							"rotationX": -3.0,
							"rotationZ": -5.0,
							"faces": {
								"north": { "texture": "#trader", "uv": [ 15.0, 42.5, 19.0, 48.5 ], "autoUv": false },
								"east": { "texture": "#trader", "uv": [ 26.0, 42.5, 29.0, 48.5 ], "autoUv": false },
								"south": { "texture": "#trader", "uv": [ 22.0, 42.5, 26.0, 48.5 ], "autoUv": false },
								"west": { "texture": "#trader", "uv": [ 19.0, 42.5, 22.0, 48.5 ], "autoUv": false },
								"up": { "texture": "#trader", "uv": [ 19.0, 38.5, 22.0, 42.5 ], "rotation": 90, "autoUv": false },
								"down": { "texture": "#trader", "uv": [ 19.0, 48.5, 22.0, 52.5 ], "rotation": 90, "autoUv": false }
							},
							"children": [
								{
									"name": "LowerFootL",
									"from": [ 0.01, -0.7, 0.01 ],
									"to": [ 0.39, 0.1, 0.31 ],
									"unwrapMode": 4,
									"uv": [ 15.5, 49.0 ],
									"rotationOrigin": [ 0.21, 0.1, 0.14 ],
									"rotationX": -6.0,
									"rotationZ": 2.0,
									"faces": {
										"north": { "texture": "#trader", "uv": [ 15.5, 52.5, 19.0, 60.5 ], "autoUv": false },
										"east": { "texture": "#trader", "uv": [ 25.5, 52.5, 28.5, 60.5 ], "autoUv": false },
										"south": { "texture": "#trader", "uv": [ 22.0, 52.5, 25.5, 60.5 ], "autoUv": false },
										"west": { "texture": "#trader", "uv": [ 19.0, 52.5, 22.0, 60.5 ], "autoUv": false },
										"up": { "texture": "#trader", "uv": [ 19.0, 49.0, 22.0, 52.5 ], "rotation": 90, "autoUv": false },
										"down": { "texture": "#trader", "uv": [ 19.0, 60.5, 22.0, 64.0 ], "rotation": 90, "autoUv": false }
									}
								}
							]
						},
						{
							"name": "UpperFootR",
							"from": [ 0.05, -0.3, -0.02 ],
							"to": [ 0.45, 0.3, 0.3 ],
							"unwrapMode": 4,
							"autoUnwrap": false,
							"uv": [ 1.0, 37.5 ],
							"rotationOrigin": [ 0.15, 0.05, 0.13 ],
							"rotationX": 3.0,
							"rotationZ": -5.0,
							"faces": {
								"north": { "texture": "#trader", "uv": [ 3.0, 42.5, 7.0, 48.5 ], "autoUv": false },
								"east": { "texture": "#trader", "uv": [ 0.0, 42.5, 3.0, 48.5 ], "autoUv": false },
								"south": { "texture": "#trader", "uv": [ 10.0, 42.5, 14.0, 48.5 ], "autoUv": false },
								"west": { "texture": "#trader", "uv": [ 7.0, 42.5, 10.0, 48.5 ], "autoUv": false },
								"up": { "texture": "#trader", "uv": [ 7.0, 38.5, 10.0, 42.5 ], "rotation": 90, "autoUv": false },
								"down": { "texture": "#trader", "uv": [ 7.0, 48.5, 10.0, 52.5 ], "rotation": 90, "autoUv": false }
							},
							"children": [
								{
									"name": "LowerFootR",
									"from": [ 0.01, -0.7, 0.01 ],
									"to": [ 0.39, 0.1, 0.31 ],
									"unwrapMode": 4,
									"autoUnwrap": false,
									"uv": [ 1.5, 47.5 ],
									"rotationOrigin": [ 0.21, 0.1, 0.14 ],
									"rotationX": -2.0,
									"rotationZ": 2.0,
									"faces": {
										"north": { "texture": "#trader", "uv": [ 3.5, 52.5, 7.0, 60.5 ], "autoUv": false },
										"east": { "texture": "#trader", "uv": [ 0.5, 52.5, 3.5, 60.5 ], "autoUv": false },
										"south": { "texture": "#trader", "uv": [ 10.0, 52.5, 13.5, 60.5 ], "autoUv": false },
										"west": { "texture": "#trader", "uv": [ 7.0, 52.5, 10.0, 60.5 ], "autoUv": false },
										"up": { "texture": "#trader", "uv": [ 7.0, 49.0, 10.0, 52.5 ], "rotation": 90, "autoUv": false },
										"down": { "texture": "#trader", "uv": [ 7.0, 60.5, 10.0, 64.0 ], "rotation": 90, "autoUv": false }
									}
								}
							]
						},
						{
							"name": "FrontShirtTile",
							"from": [ 0.0, -0.6, 0.0 ],
							"to": [ 0.2, 0.0, 0.6 ],
							"unwrapMode": 4,
							"uv": [ 43.0, 15.0 ],
							"rotationOrigin": [ 0.0, 0.0, 0.3 ],
							"rotationZ": -3.0,
							"faces": {
								"north": { "texture": "#trader", "uv": [ 43.0, 15.0, 45.0, 21.0 ], "autoUv": false },
								"south": { "texture": "#trader", "uv": [ 51.0, 15.0, 53.0, 21.0 ], "autoUv": false },
								"west": { "texture": "#trader", "uv": [ 45.0, 15.0, 51.0, 21.0 ], "autoUv": false }
							}
						},
						{
							"name": "BackShirtTile",
							"from": [ 0.3, -0.6, 0.0 ],
							"to": [ 0.5, 0.0, 0.6 ],
							"uv": [ 54.0, 15.0 ],
							"rotationOrigin": [ 0.5, 0.0, 0.3 ],
							"faces": {
								"north": { "texture": "#trader", "uv": [ 54.0, 15.0, 56.0, 21.0 ], "autoUv": false },
								"east": { "texture": "#trader", "uv": [ 56.0, 15.0, 62.0, 21.0 ], "autoUv": false },
								"south": { "texture": "#trader", "uv": [ 62.0, 15.0, 64.0, 21.0 ], "autoUv": false }
							}
						}
					],
					"attachmentpoints": [
						{
							"code": "Center",
							"posX": "2.5","posY": "4.0","posZ": "3.0",
							"rotationX": "0.0","rotationY": "0.0","rotationZ": "0.0"
						}
					]
				}
			]
		}
	]}