{
	"editor": {
		"collapsedPaths": "Root/BootR,Root/Armor-ArmR,Root/Armor-LowerTorso,Root/SwordBlade,Root/Armor-ArmL,Root/BootL,Root/BackpackMain,Root/origin,Root/Armor-Head,Root/Cube2/LowerTorso",
		"allAngles": true,
		"entityTextureMode": true
	},
	"textureWidth": 64,
	"textureHeight": 64,
	"textureSizes": {
	},
	"textures": {
	},
	"elements": [
		{
			"name": "Base2",
			"from": [ 8.0, 0.0, 8.0 ],
			"to": [ 9.0, 0.25, 9.0 ],
			"unwrapMode": 4,
			"uv": [ 1.0, 0.5 ],
			"rotationOrigin": [ 8.3774, 0.0349, 8.3095 ],
			"faces": {
				"north": { "texture": "#base", "uv": [ 1.0, 6.0, 6.5, 11.0 ], "autoUv": false },
				"east": { "texture": "#base", "uv": [ 17.0, 6.0, 22.0, 11.0 ], "autoUv": false },
				"south": { "texture": "#base", "uv": [ 11.5, 6.0, 17.0, 11.0 ], "autoUv": false },
				"west": { "texture": "#base", "uv": [ 6.5, 6.0, 11.5, 11.0 ], "autoUv": false },
				"up": { "texture": "#base", "uv": [ 6.5, 0.5, 11.5, 6.0 ], "rotation": 90, "autoUv": false },
				"down": { "texture": "#base", "uv": [ 6.5, 11.0, 11.5, 16.5 ], "rotation": 90, "autoUv": false }
			},
			"children": [
				{
					"name": "Base3",
					"from": [ -1.0, 0.0, 0.0 ],
					"to": [ 0.0, 0.25, 1.0 ],
					"unwrapMode": 4,
					"uv": [ 1.0, 0.5 ],
					"rotationOrigin": [ -0.6226, 0.0049, 0.3096 ],
					"faces": {
						"north": { "texture": "#base", "uv": [ 1.0, 6.0, 6.5, 11.0 ], "autoUv": false },
						"east": { "texture": "#base", "uv": [ 17.0, 6.0, 22.0, 11.0 ], "autoUv": false },
						"south": { "texture": "#base", "uv": [ 11.5, 6.0, 17.0, 11.0 ], "autoUv": false },
						"west": { "texture": "#base", "uv": [ 6.5, 6.0, 11.5, 11.0 ], "autoUv": false },
						"up": { "texture": "#base", "uv": [ 6.5, 0.5, 11.5, 6.0 ], "rotation": 90, "autoUv": false },
						"down": { "texture": "#base", "uv": [ 6.5, 11.0, 11.5, 16.5 ], "rotation": 90, "autoUv": false }
					}
				},
				{
					"name": "Base12",
					"from": [ -1.0, 0.0, -1.0 ],
					"to": [ 0.0, 0.25, 0.0 ],
					"unwrapMode": 4,
					"uv": [ 1.0, 0.5 ],
					"rotationOrigin": [ -0.6226, 0.0049, -0.6905 ],
					"faces": {
						"north": { "texture": "#base", "uv": [ 1.0, 6.0, 6.5, 11.0 ], "autoUv": false },
						"east": { "texture": "#base", "uv": [ 17.0, 6.0, 22.0, 11.0 ], "autoUv": false },
						"south": { "texture": "#base", "uv": [ 11.5, 6.0, 17.0, 11.0 ], "autoUv": false },
						"west": { "texture": "#base", "uv": [ 6.5, 6.0, 11.5, 11.0 ], "autoUv": false },
						"up": { "texture": "#base", "uv": [ 6.5, 0.5, 11.5, 6.0 ], "rotation": 90, "autoUv": false },
						"down": { "texture": "#base", "uv": [ 6.5, 11.0, 11.5, 16.5 ], "rotation": 90, "autoUv": false }
					}
				},
				{
					"name": "Base17",
					"from": [ 0.0, 0.0, -1.0 ],
					"to": [ 1.0, 0.25, 0.0 ],
					"unwrapMode": 4,
					"uv": [ 1.0, 0.5 ],
					"rotationOrigin": [ 0.3774, 0.0049, -0.6904 ],
					"faces": {
						"north": { "texture": "#base", "uv": [ 1.0, 6.0, 6.5, 11.0 ], "autoUv": false },
						"east": { "texture": "#base", "uv": [ 17.0, 6.0, 22.0, 11.0 ], "autoUv": false },
						"south": { "texture": "#base", "uv": [ 11.5, 6.0, 17.0, 11.0 ], "autoUv": false },
						"west": { "texture": "#base", "uv": [ 6.5, 6.0, 11.5, 11.0 ], "autoUv": false },
						"up": { "texture": "#base", "uv": [ 6.5, 0.5, 11.5, 6.0 ], "rotation": 90, "autoUv": false },
						"down": { "texture": "#base", "uv": [ 6.5, 11.0, 11.5, 16.5 ], "rotation": 90, "autoUv": false }
					}
				},
				{
					"name": "Base4",
					"from": [ -1.3, 0.0, 0.0 ],
					"to": [ -1.0, 0.25, 1.0 ],
					"unwrapMode": 4,
					"uv": [ 1.0, 0.5 ],
					"rotationOrigin": [ -0.9226, 0.0049, 0.3096 ],
					"faces": {
						"north": { "texture": "#base", "uv": [ 1.0, 6.0, 6.5, 11.0 ], "autoUv": false },
						"east": { "texture": "#base", "uv": [ 17.0, 6.0, 22.0, 11.0 ], "autoUv": false },
						"south": { "texture": "#base", "uv": [ 11.5, 6.0, 17.0, 11.0 ], "autoUv": false },
						"west": { "texture": "#base", "uv": [ 6.5, 6.0, 11.5, 11.0 ], "autoUv": false },
						"up": { "texture": "#base", "uv": [ 6.5, 0.5, 11.5, 6.0 ], "rotation": 90, "autoUv": false },
						"down": { "texture": "#base", "uv": [ 6.5, 11.0, 11.5, 16.5 ], "rotation": 90, "autoUv": false }
					}
				},
				{
					"name": "Base5",
					"from": [ -1.3, 0.0, -1.0 ],
					"to": [ -1.0, 0.25, 0.0 ],
					"unwrapMode": 4,
					"uv": [ 1.0, 0.5 ],
					"rotationOrigin": [ -0.9226, 0.0049, -0.6904 ],
					"faces": {
						"north": { "texture": "#base", "uv": [ 1.0, 6.0, 6.5, 11.0 ], "autoUv": false },
						"east": { "texture": "#base", "uv": [ 17.0, 6.0, 22.0, 11.0 ], "autoUv": false },
						"south": { "texture": "#base", "uv": [ 11.5, 6.0, 17.0, 11.0 ], "autoUv": false },
						"west": { "texture": "#base", "uv": [ 6.5, 6.0, 11.5, 11.0 ], "autoUv": false },
						"up": { "texture": "#base", "uv": [ 6.5, 0.5, 11.5, 6.0 ], "rotation": 90, "autoUv": false },
						"down": { "texture": "#base", "uv": [ 6.5, 11.0, 11.5, 16.5 ], "rotation": 90, "autoUv": false }
					}
				},
				{
					"name": "Base6",
					"from": [ -1.3, 0.0, -1.3 ],
					"to": [ -1.0, 0.25, -1.0 ],
					"unwrapMode": 4,
					"uv": [ 1.0, 0.5 ],
					"rotationOrigin": [ -0.9226, 0.0049, -0.9904 ],
					"faces": {
						"north": { "texture": "#base", "uv": [ 1.0, 6.0, 6.5, 11.0 ], "autoUv": false },
						"east": { "texture": "#base", "uv": [ 17.0, 6.0, 22.0, 11.0 ], "autoUv": false },
						"south": { "texture": "#base", "uv": [ 11.5, 6.0, 17.0, 11.0 ], "autoUv": false },
						"west": { "texture": "#base", "uv": [ 6.5, 6.0, 11.5, 11.0 ], "autoUv": false },
						"up": { "texture": "#base", "uv": [ 6.5, 0.5, 11.5, 6.0 ], "rotation": 90, "autoUv": false },
						"down": { "texture": "#base", "uv": [ 6.5, 11.0, 11.5, 16.5 ], "rotation": 90, "autoUv": false }
					}
				},
				{
					"name": "Base7",
					"from": [ -1.0, 0.0, -1.3 ],
					"to": [ 0.0, 0.25, -1.0 ],
					"unwrapMode": 4,
					"uv": [ 1.0, 0.5 ],
					"rotationOrigin": [ -0.6226, 0.0049, -0.9904 ],
					"faces": {
						"north": { "texture": "#base", "uv": [ 1.0, 6.0, 6.5, 11.0 ], "autoUv": false },
						"east": { "texture": "#base", "uv": [ 17.0, 6.0, 22.0, 11.0 ], "autoUv": false },
						"south": { "texture": "#base", "uv": [ 11.5, 6.0, 17.0, 11.0 ], "autoUv": false },
						"west": { "texture": "#base", "uv": [ 6.5, 6.0, 11.5, 11.0 ], "autoUv": false },
						"up": { "texture": "#base", "uv": [ 6.5, 0.5, 11.5, 6.0 ], "rotation": 90, "autoUv": false },
						"down": { "texture": "#base", "uv": [ 6.5, 11.0, 11.5, 16.5 ], "rotation": 90, "autoUv": false }
					}
				},
				{
					"name": "Base8",
					"from": [ 0.0, 0.0, -1.3 ],
					"to": [ 1.0, 0.25, -1.0 ],
					"unwrapMode": 4,
					"uv": [ 1.0, 0.5 ],
					"rotationOrigin": [ 0.3774, 0.0049, -0.9904 ],
					"faces": {
						"north": { "texture": "#base", "uv": [ 1.0, 6.0, 6.5, 11.0 ], "autoUv": false },
						"east": { "texture": "#base", "uv": [ 17.0, 6.0, 22.0, 11.0 ], "autoUv": false },
						"south": { "texture": "#base", "uv": [ 11.5, 6.0, 17.0, 11.0 ], "autoUv": false },
						"west": { "texture": "#base", "uv": [ 6.5, 6.0, 11.5, 11.0 ], "autoUv": false },
						"up": { "texture": "#base", "uv": [ 6.5, 0.5, 11.5, 6.0 ], "rotation": 90, "autoUv": false },
						"down": { "texture": "#base", "uv": [ 6.5, 11.0, 11.5, 16.5 ], "rotation": 90, "autoUv": false }
					}
				},
				{
					"name": "Base9",
					"from": [ 0.0, 0.0, 1.0 ],
					"to": [ 1.0, 0.25, 1.3 ],
					"unwrapMode": 4,
					"uv": [ 1.0, 0.5 ],
					"rotationOrigin": [ 0.3774, 0.0049, 1.3096 ],
					"faces": {
						"north": { "texture": "#base", "uv": [ 1.0, 6.0, 6.5, 11.0 ], "autoUv": false },
						"east": { "texture": "#base", "uv": [ 17.0, 6.0, 22.0, 11.0 ], "autoUv": false },
						"south": { "texture": "#base", "uv": [ 11.5, 6.0, 17.0, 11.0 ], "autoUv": false },
						"west": { "texture": "#base", "uv": [ 6.5, 6.0, 11.5, 11.0 ], "autoUv": false },
						"up": { "texture": "#base", "uv": [ 6.5, 0.5, 11.5, 6.0 ], "rotation": 90, "autoUv": false },
						"down": { "texture": "#base", "uv": [ 6.5, 11.0, 11.5, 16.5 ], "rotation": 90, "autoUv": false }
					}
				},
				{
					"name": "Base10",
					"from": [ -1.0, 0.0, 1.0 ],
					"to": [ 0.0, 0.25, 1.3 ],
					"unwrapMode": 4,
					"uv": [ 1.0, 0.5 ],
					"rotationOrigin": [ -0.6226, 0.0049, 1.3096 ],
					"faces": {
						"north": { "texture": "#base", "uv": [ 1.0, 6.0, 6.5, 11.0 ], "autoUv": false },
						"east": { "texture": "#base", "uv": [ 17.0, 6.0, 22.0, 11.0 ], "autoUv": false },
						"south": { "texture": "#base", "uv": [ 11.5, 6.0, 17.0, 11.0 ], "autoUv": false },
						"west": { "texture": "#base", "uv": [ 6.5, 6.0, 11.5, 11.0 ], "autoUv": false },
						"up": { "texture": "#base", "uv": [ 6.5, 0.5, 11.5, 6.0 ], "rotation": 90, "autoUv": false },
						"down": { "texture": "#base", "uv": [ 6.5, 11.0, 11.5, 16.5 ], "rotation": 90, "autoUv": false }
					}
				},
				{
					"name": "Base11",
					"from": [ -1.3, 0.0, 1.0 ],
					"to": [ -1.0, 0.25, 1.3 ],
					"unwrapMode": 4,
					"uv": [ 1.0, 0.5 ],
					"rotationOrigin": [ -0.9226, 0.0049, 1.3096 ],
					"faces": {
						"north": { "texture": "#base", "uv": [ 1.0, 6.0, 6.5, 11.0 ], "autoUv": false },
						"east": { "texture": "#base", "uv": [ 17.0, 6.0, 22.0, 11.0 ], "autoUv": false },
						"south": { "texture": "#base", "uv": [ 11.5, 6.0, 17.0, 11.0 ], "autoUv": false },
						"west": { "texture": "#base", "uv": [ 6.5, 6.0, 11.5, 11.0 ], "autoUv": false },
						"up": { "texture": "#base", "uv": [ 6.5, 0.5, 11.5, 6.0 ], "rotation": 90, "autoUv": false },
						"down": { "texture": "#base", "uv": [ 6.5, 11.0, 11.5, 16.5 ], "rotation": 90, "autoUv": false }
					}
				},
				{
					"name": "Base13",
					"from": [ 1.0, 0.0, 0.0 ],
					"to": [ 1.3, 0.25, 1.0 ],
					"unwrapMode": 4,
					"uv": [ 1.0, 0.5 ],
					"rotationOrigin": [ 1.3774, 0.0049, 0.3096 ],
					"faces": {
						"north": { "texture": "#base", "uv": [ 1.0, 6.0, 6.5, 11.0 ], "autoUv": false },
						"east": { "texture": "#base", "uv": [ 17.0, 6.0, 22.0, 11.0 ], "autoUv": false },
						"south": { "texture": "#base", "uv": [ 11.5, 6.0, 17.0, 11.0 ], "autoUv": false },
						"west": { "texture": "#base", "uv": [ 6.5, 6.0, 11.5, 11.0 ], "autoUv": false },
						"up": { "texture": "#base", "uv": [ 6.5, 0.5, 11.5, 6.0 ], "rotation": 90, "autoUv": false },
						"down": { "texture": "#base", "uv": [ 6.5, 11.0, 11.5, 16.5 ], "rotation": 90, "autoUv": false }
					}
				},
				{
					"name": "Base14",
					"from": [ 1.0, 0.0, -1.0 ],
					"to": [ 1.3, 0.25, 0.0 ],
					"unwrapMode": 4,
					"uv": [ 1.0, 0.5 ],
					"rotationOrigin": [ 1.3774, 0.0049, -0.6904 ],
					"faces": {
						"north": { "texture": "#base", "uv": [ 1.0, 6.0, 6.5, 11.0 ], "autoUv": false },
						"east": { "texture": "#base", "uv": [ 17.0, 6.0, 22.0, 11.0 ], "autoUv": false },
						"south": { "texture": "#base", "uv": [ 11.5, 6.0, 17.0, 11.0 ], "autoUv": false },
						"west": { "texture": "#base", "uv": [ 6.5, 6.0, 11.5, 11.0 ], "autoUv": false },
						"up": { "texture": "#base", "uv": [ 6.5, 0.5, 11.5, 6.0 ], "rotation": 90, "autoUv": false },
						"down": { "texture": "#base", "uv": [ 6.5, 11.0, 11.5, 16.5 ], "rotation": 90, "autoUv": false }
					}
				},
				{
					"name": "Base15",
					"from": [ 1.0, 0.0, -1.3 ],
					"to": [ 1.3, 0.25, -1.0 ],
					"unwrapMode": 4,
					"uv": [ 1.0, 0.5 ],
					"rotationOrigin": [ 1.3774, 0.0049, -0.9904 ],
					"faces": {
						"north": { "texture": "#base", "uv": [ 1.0, 6.0, 6.5, 11.0 ], "autoUv": false },
						"east": { "texture": "#base", "uv": [ 17.0, 6.0, 22.0, 11.0 ], "autoUv": false },
						"south": { "texture": "#base", "uv": [ 11.5, 6.0, 17.0, 11.0 ], "autoUv": false },
						"west": { "texture": "#base", "uv": [ 6.5, 6.0, 11.5, 11.0 ], "autoUv": false },
						"up": { "texture": "#base", "uv": [ 6.5, 0.5, 11.5, 6.0 ], "rotation": 90, "autoUv": false },
						"down": { "texture": "#base", "uv": [ 6.5, 11.0, 11.5, 16.5 ], "rotation": 90, "autoUv": false }
					}
				},
				{
					"name": "Base16",
					"from": [ 1.0, 0.0, 1.0 ],
					"to": [ 1.3, 0.25, 1.3 ],
					"unwrapMode": 4,
					"uv": [ 1.0, 0.5 ],
					"rotationOrigin": [ 1.3774, 0.0049, 1.3096 ],
					"faces": {
						"north": { "texture": "#base", "uv": [ 1.0, 6.0, 6.5, 11.0 ], "autoUv": false },
						"east": { "texture": "#base", "uv": [ 17.0, 6.0, 22.0, 11.0 ], "autoUv": false },
						"south": { "texture": "#base", "uv": [ 11.5, 6.0, 17.0, 11.0 ], "autoUv": false },
						"west": { "texture": "#base", "uv": [ 6.5, 6.0, 11.5, 11.0 ], "autoUv": false },
						"up": { "texture": "#base", "uv": [ 6.5, 0.5, 11.5, 6.0 ], "rotation": 90, "autoUv": false },
						"down": { "texture": "#base", "uv": [ 6.5, 11.0, 11.5, 16.5 ], "rotation": 90, "autoUv": false }
					}
				},
				{
					"name": "LowerTorso",
					"from": [ 0.4, 1.25, -0.28 ],
					"to": [ 0.9, 1.75, 0.32 ],
					"unwrapMode": 4,
					"autoUnwrap": false,
					"uv": [ 41.5, 5.5 ],
					"rotationOrigin": [ 0.6, 1.7461, 0.02 ],
					"rotationZ": 3.0,
					"faces": {
						"north": { "texture": "#trader", "uv": [ 40.0, 10.0, 45.0, 15.0 ], "autoUv": false },
						"east": { "texture": "#trader", "uv": [ 56.0, 10.0, 62.0, 15.0 ], "autoUv": false },
						"south": { "texture": "#trader", "uv": [ 51.0, 10.0, 56.0, 15.0 ], "autoUv": false },
						"west": { "texture": "#trader", "uv": [ 45.0, 10.0, 51.0, 15.0 ], "autoUv": false },
						"up": { "texture": "#trader", "uv": [ 32.5, 5.0, 38.5, 10.0 ], "rotation": 90, "autoUv": false },
						"down": { "texture": "#trader", "uv": [ 32.5, 10.0, 38.5, 15.0 ], "rotation": 90, "autoUv": false }
					},
					"children": [
						{
							"name": "UpperTorso",
							"from": [ 0.0, 0.43, -0.01 ],
							"to": [ 0.5, 0.93, 0.61 ],
							"unwrapMode": 4,
							"autoUnwrap": false,
							"uv": [ 41.5, 0.5 ],
							"rotationOrigin": [ 0.2, 0.53, 0.29 ],
							"rotationZ": -7.0,
							"faces": {
								"north": { "texture": "#trader", "uv": [ 40.0, 5.0, 45.0, 10.0 ], "autoUv": false },
								"east": { "texture": "#trader", "uv": [ 56.0, 5.0, 62.0, 10.0 ], "autoUv": false },
								"south": { "texture": "#trader", "uv": [ 51.0, 5.0, 56.0, 10.0 ], "autoUv": false },
								"west": { "texture": "#trader", "uv": [ 45.0, 5.0, 51.0, 10.0 ], "autoUv": false },
								"up": { "texture": "#trader", "uv": [ 45.0, 0.0, 51.0, 5.0 ], "rotation": 90, "autoUv": false },
								"down": { "texture": "#trader", "uv": [ 32.5, 5.0, 38.5, 10.0 ], "rotation": 90, "autoUv": false }
							},
							"children": [
								{
									"name": "UpperArmR",
									"from": [ 0.1, -0.21, -0.12 ],
									"to": [ 0.4, 0.49, 0.08 ],
									"unwrapMode": 4,
									"autoUnwrap": false,
									"uv": [ 31.0, 38.5 ],
									"rotationOrigin": [ 0.2, 0.47, 0.08 ],
									"rotationX": 22.0,
									"faces": {
										"north": { "texture": "#trader", "uv": [ 32.0, 45.5, 35.0, 52.5 ], "autoUv": false },
										"east": { "texture": "#trader", "uv": [ 30.0, 45.5, 32.0, 52.5 ], "autoUv": false },
										"south": { "texture": "#trader", "uv": [ 37.0, 45.5, 40.0, 52.5 ], "autoUv": false },
										"west": { "texture": "#trader", "uv": [ 35.0, 45.5, 37.0, 52.5 ], "autoUv": false },
										"up": { "texture": "#trader", "uv": [ 35.0, 42.5, 37.0, 45.5 ], "rotation": 90, "autoUv": false },
										"down": { "texture": "#trader", "uv": [ 35.0, 52.5, 37.0, 55.5 ], "rotation": 90, "autoUv": false }
									},
									"children": [
										{
											"name": "LowerArmR",
											"from": [ 0.01, -0.54, 0.0 ],
											"to": [ 0.26, 0.06, 0.2 ],
											"unwrapMode": 4,
											"autoUnwrap": false,
											"uv": [ 31.0, 51.5 ],
											"rotationOrigin": [ 0.13, 0.06, 0.1 ],
											"rotationX": -8.0,
											"rotationZ": -97.0,
											"faces": {
												"north": { "texture": "#trader", "uv": [ 32.5, 55.5, 35.0, 61.5 ], "autoUv": false },
												"east": { "texture": "#trader", "uv": [ 30.5, 55.5, 32.5, 61.5 ], "autoUv": false },
												"south": { "texture": "#trader", "uv": [ 37.0, 55.5, 39.5, 61.5 ], "autoUv": false },
												"west": { "texture": "#trader", "uv": [ 35.0, 55.5, 37.0, 61.5 ], "autoUv": false },
												"up": { "texture": "#trader", "uv": [ 35.0, 53.0, 37.0, 55.5 ], "rotation": 90, "autoUv": false },
												"down": { "texture": "#trader", "uv": [ 35.0, 61.5, 37.0, 64.0 ], "rotation": 90, "autoUv": false }
											},
											"attachmentpoints": [
												{
													"code": "RightHand",
													"posX": "1.0","posY": "1.0","posZ": "1.0",
													"rotationX": "0.0","rotationY": "-180.0","rotationZ": "0.0"
												}
											]
										}
									]
								},
								{
									"name": "UpperArmL",
									"from": [ 0.1, -0.21, 0.54 ],
									"to": [ 0.4, 0.49, 0.74 ],
									"unwrapMode": 4,
									"uv": [ 41.0, 42.5 ],
									"rotationOrigin": [ 0.2, 0.47, 0.54 ],
									"rotationX": -28.0,
									"rotationY": -11.0,
									"rotationZ": -3.0,
									"faces": {
										"north": { "texture": "#trader", "uv": [ 41.0, 45.5, 44.0, 52.5 ], "autoUv": false },
										"east": { "texture": "#trader", "uv": [ 49.0, 45.5, 51.0, 52.5 ], "autoUv": false },
										"south": { "texture": "#trader", "uv": [ 46.0, 45.5, 49.0, 52.5 ], "autoUv": false },
										"west": { "texture": "#trader", "uv": [ 44.0, 45.5, 46.0, 52.5 ], "autoUv": false },
										"up": { "texture": "#trader", "uv": [ 44.0, 42.5, 46.0, 45.5 ], "rotation": 90, "autoUv": false },
										"down": { "texture": "#trader", "uv": [ 44.0, 52.5, 46.0, 55.5 ], "rotation": 90, "autoUv": false }
									},
									"children": [
										{
											"name": "LowerArmL",
											"from": [ 0.02, -0.52, 0.0 ],
											"to": [ 0.27, 0.08, 0.2 ],
											"unwrapMode": 4,
											"uv": [ 41.5, 53.0 ],
											"rotationOrigin": [ 0.14, 0.08, 0.1 ],
											"rotationX": 6.0,
											"rotationZ": -100.0,
											"faces": {
												"north": { "texture": "#trader", "uv": [ 41.5, 55.5, 44.0, 61.5 ], "autoUv": false },
												"east": { "texture": "#trader", "uv": [ 48.5, 55.5, 50.5, 61.5 ], "autoUv": false },
												"south": { "texture": "#trader", "uv": [ 46.0, 55.5, 48.5, 61.5 ], "autoUv": false },
												"west": { "texture": "#trader", "uv": [ 44.0, 55.5, 46.0, 61.5 ], "autoUv": false },
												"up": { "texture": "#trader", "uv": [ 44.0, 53.0, 46.0, 55.5 ], "rotation": 90, "autoUv": false },
												"down": { "texture": "#trader", "uv": [ 44.0, 61.5, 46.0, 64.0 ], "rotation": 90, "autoUv": false }
											},
											"attachmentpoints": [
												{
													"code": "LeftHand",
													"posX": "1.0","posY": "1.0","posZ": "1.0",
													"rotationX": "0.0","rotationY": "-180.0","rotationZ": "0.0"
												}
											]
										}
									]
								},
								{
									"name": "Neck",
									"from": [ 0.1, 0.35, 0.16 ],
									"to": [ 0.4, 0.75, 0.46 ],
									"unwrapMode": 4,
									"uv": [ 12.5, 1.0 ],
									"rotationOrigin": [ 0.25, 0.46, 0.31 ],
									"rotationZ": 8.0,
									"faces": {
										"north": { "texture": "#trader", "uv": [ 12.5, 1.0, 15.5, 5.0 ], "autoUv": false },
										"east": { "texture": "#trader", "uv": [ 21.5, 1.0, 24.5, 5.0 ], "autoUv": false },
										"south": { "texture": "#trader", "uv": [ 18.5, 1.0, 21.5, 5.0 ], "autoUv": false },
										"west": { "texture": "#trader", "uv": [ 15.5, 1.0, 18.5, 5.0 ], "autoUv": false }
									},
									"children": [
										{
											"name": "Cube3",
											"from": [ -0.11, 0.22, -0.1 ],
											"to": [ 0.44, 0.72, 0.4 ],
											"uv": [ 0.0, 0.0 ],
											"rotationOrigin": [ -0.1137, 0.2234, -0.1 ],
											"rotationZ": 19.0,
											"faces": {
												"north": { "texture": "#trader", "uv": [ 0.0, 0.5, 0.5, 1.0 ] },
												"east": { "texture": "#trader", "uv": [ 0.5, 0.5, 1.0, 1.0 ] },
												"south": { "texture": "#trader", "uv": [ 1.0, 0.5, 1.5, 1.0 ] },
												"west": { "texture": "#trader", "uv": [ 1.5, 0.5, 2.0, 1.0 ] },
												"up": { "texture": "#trader", "uv": [ 0.0, 0.0, 0.5, 0.5 ] },
												"down": { "texture": "#trader", "uv": [ 0.5, 0.0, 1.0, 0.5 ] }
											}
										}
									]
								}
							]
						},
						{
							"name": "UpperFootL",
							"from": [ 0.05, -0.3, 0.3 ],
							"to": [ 0.45, 0.3, 0.62 ],
							"unwrapMode": 4,
							"uv": [ 15.0, 38.5 ],
							"rotationOrigin": [ 0.15, 0.05, 0.43 ],
							"rotationX": -3.0,
							"rotationZ": -5.0,
							"faces": {
								"north": { "texture": "#trader", "uv": [ 15.0, 42.5, 19.0, 48.5 ], "autoUv": false },
								"east": { "texture": "#trader", "uv": [ 26.0, 42.5, 29.0, 48.5 ], "autoUv": false },
								"south": { "texture": "#trader", "uv": [ 22.0, 42.5, 26.0, 48.5 ], "autoUv": false },
								"west": { "texture": "#trader", "uv": [ 19.0, 42.5, 22.0, 48.5 ], "autoUv": false },
								"up": { "texture": "#trader", "uv": [ 19.0, 38.5, 22.0, 42.5 ], "rotation": 90, "autoUv": false },
								"down": { "texture": "#trader", "uv": [ 19.0, 48.5, 22.0, 52.5 ], "rotation": 90, "autoUv": false }
							},
							"children": [
								{
									"name": "LowerFootL",
									"from": [ 0.01, -0.7, 0.01 ],
									"to": [ 0.39, 0.1, 0.31 ],
									"unwrapMode": 4,
									"uv": [ 15.5, 49.0 ],
									"rotationOrigin": [ 0.21, 0.1, 0.14 ],
									"rotationX": 2.0,
									"rotationZ": 2.0,
									"faces": {
										"north": { "texture": "#trader", "uv": [ 15.5, 52.5, 19.0, 60.5 ], "autoUv": false },
										"east": { "texture": "#trader", "uv": [ 25.5, 52.5, 28.5, 60.5 ], "autoUv": false },
										"south": { "texture": "#trader", "uv": [ 22.0, 52.5, 25.5, 60.5 ], "autoUv": false },
										"west": { "texture": "#trader", "uv": [ 19.0, 52.5, 22.0, 60.5 ], "autoUv": false },
										"up": { "texture": "#trader", "uv": [ 19.0, 49.0, 22.0, 52.5 ], "rotation": 90, "autoUv": false },
										"down": { "texture": "#trader", "uv": [ 19.0, 60.5, 22.0, 64.0 ], "rotation": 90, "autoUv": false }
									}
								}
							]
						},
						{
							"name": "UpperFootR",
							"from": [ 0.05, -0.3, -0.02 ],
							"to": [ 0.45, 0.3, 0.3 ],
							"unwrapMode": 4,
							"autoUnwrap": false,
							"uv": [ 1.0, 37.5 ],
							"rotationOrigin": [ 0.15, 0.05, 0.13 ],
							"rotationX": 3.0,
							"rotationZ": -5.0,
							"faces": {
								"north": { "texture": "#trader", "uv": [ 3.0, 42.5, 7.0, 48.5 ], "autoUv": false },
								"east": { "texture": "#trader", "uv": [ 0.0, 42.5, 3.0, 48.5 ], "autoUv": false },
								"south": { "texture": "#trader", "uv": [ 10.0, 42.5, 14.0, 48.5 ], "autoUv": false },
								"west": { "texture": "#trader", "uv": [ 7.0, 42.5, 10.0, 48.5 ], "autoUv": false },
								"up": { "texture": "#trader", "uv": [ 7.0, 38.5, 10.0, 42.5 ], "rotation": 90, "autoUv": false },
								"down": { "texture": "#trader", "uv": [ 7.0, 48.5, 10.0, 52.5 ], "rotation": 90, "autoUv": false }
							},
							"children": [
								{
									"name": "LowerFootR",
									"from": [ 0.01, -0.7, 0.01 ],
									"to": [ 0.39, 0.1, 0.31 ],
									"unwrapMode": 4,
									"autoUnwrap": false,
									"uv": [ 1.5, 47.5 ],
									"rotationOrigin": [ 0.21, 0.1, 0.14 ],
									"rotationX": -2.0,
									"rotationZ": 2.0,
									"faces": {
										"north": { "texture": "#trader", "uv": [ 3.5, 52.5, 7.0, 60.5 ], "autoUv": false },
										"east": { "texture": "#trader", "uv": [ 0.5, 52.5, 3.5, 60.5 ], "autoUv": false },
										"south": { "texture": "#trader", "uv": [ 10.0, 52.5, 13.5, 60.5 ], "autoUv": false },
										"west": { "texture": "#trader", "uv": [ 7.0, 52.5, 10.0, 60.5 ], "autoUv": false },
										"up": { "texture": "#trader", "uv": [ 7.0, 49.0, 10.0, 52.5 ], "rotation": 90, "autoUv": false },
										"down": { "texture": "#trader", "uv": [ 7.0, 60.5, 10.0, 64.0 ], "rotation": 90, "autoUv": false }
									}
								}
							]
						},
						{
							"name": "FrontShirtTile",
							"from": [ 0.0, -0.6, 0.0 ],
							"to": [ 0.2, 0.0, 0.6 ],
							"unwrapMode": 4,
							"uv": [ 43.0, 15.0 ],
							"rotationOrigin": [ 0.0, 0.0, 0.3 ],
							"rotationZ": -3.0,
							"faces": {
								"north": { "texture": "#trader", "uv": [ 43.0, 15.0, 45.0, 21.0 ], "autoUv": false },
								"south": { "texture": "#trader", "uv": [ 51.0, 15.0, 53.0, 21.0 ], "autoUv": false },
								"west": { "texture": "#trader", "uv": [ 45.0, 15.0, 51.0, 21.0 ], "autoUv": false }
							}
						},
						{
							"name": "BackShirtTile",
							"from": [ 0.3, -0.6, 0.0 ],
							"to": [ 0.5, 0.0, 0.6 ],
							"uv": [ 54.0, 15.0 ],
							"rotationOrigin": [ 0.5, 0.0, 0.3 ],
							"faces": {
								"north": { "texture": "#trader", "uv": [ 54.0, 15.0, 56.0, 21.0 ], "autoUv": false },
								"east": { "texture": "#trader", "uv": [ 56.0, 15.0, 62.0, 21.0 ], "autoUv": false },
								"south": { "texture": "#trader", "uv": [ 62.0, 15.0, 64.0, 21.0 ], "autoUv": false }
							}
						},
						{
							"name": "origin",
							"from": [ -1.4273, -0.9529, -0.42 ],
							"to": [ -1.4273, -0.9529, -0.42 ],
							"uv": [ 999.0, 999.0 ],
							"rotationOrigin": [ -0.7373, -0.9529, 0.22 ],
							"rotationX": 71.5554,
							"rotationY": 86.8378,
							"rotationZ": -71.5815,
							"faces": {
							},
							"children": [
								{
									"name": "floor",
									"from": [ 0.16, 0.08, 0.16 ],
									"to": [ 1.12, 0.16, 1.04 ],
									"uv": [ 1.0, 2.0 ],
									"rotationOrigin": [ 0.08, 0.08, 0.08 ],
									"faces": {
										"up": { "texture": "#trader", "uv": [ 1.0, 3.5, 13.0, 14.5 ], "autoUv": false },
										"down": { "texture": "#trader", "uv": [ 1.0, 2.0, 13.0, 13.0 ], "autoUv": false }
									},
									"children": [
										{
											"name": "S",
											"from": [ -0.08, 0.0, 0.88 ],
											"to": [ 1.04, 0.8, 0.96 ],
											"uv": [ 0.0, 2.0 ],
											"rotationOrigin": [ -0.16, -0.08, -0.08 ],
											"faces": {
												"north": { "texture": "#trader", "uv": [ 0.5, 4.0, 14.5, 14.0 ], "autoUv": false },
												"east": { "texture": "#trader", "uv": [ 0.0, 2.0, 1.0, 12.0 ], "autoUv": false },
												"south": { "texture": "#trader", "uv": [ 0.0, 2.0, 14.0, 12.0 ], "autoUv": false },
												"west": { "texture": "#trader", "uv": [ 13.0, 2.0, 14.0, 12.0 ], "autoUv": false },
												"up": { "texture": "#trader", "uv": [ 2.0, 9.0, 16.0, 10.0 ], "autoUv": false },
												"down": { "texture": "#trader", "uv": [ 2.0, 3.0, 16.0, 4.0 ], "autoUv": false }
											}
										},
										{
											"name": "W",
											"from": [ -0.08, 0.0, 0.0 ],
											"to": [ 0.0, 0.8, 0.88 ],
											"uv": [ 1.0, 2.0 ],
											"rotationOrigin": [ -0.16, -0.08, -0.16 ],
											"faces": {
												"east": { "texture": "#trader", "uv": [ 1.5, 2.0, 12.5, 12.0 ], "autoUv": false },
												"west": { "texture": "#trader", "uv": [ 1.5, 2.0, 12.5, 12.0 ], "autoUv": false },
												"up": { "texture": "#trader", "uv": [ 4.5, 9.0, 15.5, 10.0 ], "rotation": 90, "autoUv": false },
												"down": { "texture": "#trader", "uv": [ 1.0, 2.0, 2.0, 13.0 ], "autoUv": false }
											},
											"children": [
												{
													"name": "L holder",
													"from": [ -0.04, 0.56, 0.24 ],
													"to": [ 0.0, 0.68, 0.36 ],
													"uv": [ 0.0, 0.5 ],
													"rotationOrigin": [ 0.32, 0.72, -0.8 ],
													"faces": {
														"north": { "texture": "#trader", "uv": [ 0.0, 1.0, 0.5, 2.5 ], "autoUv": false },
														"south": { "texture": "#trader", "uv": [ 4.0, 1.0, 4.5, 2.5 ], "autoUv": false },
														"west": { "texture": "#trader", "uv": [ 1.0, 0.5, 2.5, 2.0 ], "autoUv": false },
														"up": { "texture": "#trader", "uv": [ 4.0, 1.0, 4.5, 2.5 ], "autoUv": false },
														"down": { "texture": "#trader", "uv": [ 0.0, 1.5, 0.5, 3.0 ], "autoUv": false }
													}
												},
												{
													"name": "R holder",
													"from": [ -0.04, 0.56, 0.52 ],
													"to": [ 0.0, 0.68, 0.64 ],
													"uv": [ 0.0, 0.0 ],
													"rotationOrigin": [ 0.32, 0.72, -0.52 ],
													"faces": {
														"north": { "texture": "#trader", "uv": [ 0.0, 1.0, 0.5, 2.5 ], "autoUv": false },
														"south": { "texture": "#trader", "uv": [ 4.0, 0.5, 4.5, 2.0 ], "autoUv": false },
														"west": { "texture": "#trader", "uv": [ 0.5, 1.0, 2.0, 2.5 ], "autoUv": false },
														"up": { "texture": "#trader", "uv": [ 0.0, 1.0, 0.5, 2.5 ], "autoUv": false },
														"down": { "texture": "#trader", "uv": [ 0.0, 0.0, 0.5, 1.5 ], "autoUv": false }
													}
												},
												{
													"name": "handle 1",
													"from": [ -0.08, 0.6, 0.28 ],
													"to": [ -0.04, 0.64, 0.6 ],
													"uv": [ 0.0, 1.0 ],
													"rotationOrigin": [ 0.28, 0.76, -0.76 ],
													"faces": {
														"north": { "texture": "#trader", "uv": [ 2.5, 3.0, 3.0, 3.5 ], "autoUv": false },
														"east": { "texture": "#trader", "uv": [ 0.0, 3.0, 4.0, 3.5 ], "autoUv": false },
														"south": { "texture": "#trader", "uv": [ 4.0, 2.5, 4.5, 3.0 ], "autoUv": false },
														"west": { "texture": "#trader", "uv": [ 0.0, 3.0, 4.0, 3.5 ], "autoUv": false },
														"up": { "texture": "#trader", "uv": [ 0.0, 1.0, 4.0, 1.5 ], "rotation": 90, "autoUv": false },
														"down": { "texture": "#trader", "uv": [ 0.0, 2.5, 4.0, 3.0 ], "rotation": 90, "autoUv": false }
													}
												}
											]
										},
										{
											"name": "E",
											"from": [ 0.96, 0.0, 0.0 ],
											"to": [ 1.04, 0.8, 0.88 ],
											"uv": [ 1.0, 1.5 ],
											"rotationOrigin": [ 0.0, -0.08, -0.16 ],
											"faces": {
												"east": { "texture": "#trader", "uv": [ 1.5, 2.0, 12.5, 12.0 ], "autoUv": false },
												"west": { "texture": "#trader", "uv": [ 1.5, 2.0, 12.5, 12.0 ], "autoUv": false },
												"up": { "texture": "#trader", "uv": [ 1.0, 1.5, 12.0, 2.5 ], "rotation": 90, "autoUv": false },
												"down": { "texture": "#trader", "uv": [ 1.0, 2.0, 2.0, 13.0 ], "autoUv": false }
											},
											"children": [
												{
													"name": "L holder1",
													"from": [ 0.08, 0.56, 0.24 ],
													"to": [ 0.12, 0.68, 0.36 ],
													"uv": [ 0.0, 1.0 ],
													"rotationOrigin": [ 0.08, 0.68, 0.24 ],
													"faces": {
														"north": { "texture": "#trader", "uv": [ 0.0, 1.0, 0.5, 2.5 ], "autoUv": false },
														"east": { "texture": "#trader", "uv": [ 0.5, 1.0, 2.0, 2.5 ], "autoUv": false },
														"south": { "texture": "#trader", "uv": [ 4.0, 1.0, 4.5, 2.5 ], "autoUv": false },
														"up": { "texture": "#trader", "uv": [ 4.0, 1.0, 4.5, 2.5 ], "autoUv": false },
														"down": { "texture": "#trader", "uv": [ 0.0, 1.5, 0.5, 3.0 ], "autoUv": false }
													}
												},
												{
													"name": "R holder2",
													"from": [ 0.08, 0.56, 0.52 ],
													"to": [ 0.12, 0.68, 0.64 ],
													"uv": [ 0.0, 0.0 ],
													"rotationOrigin": [ 0.08, 0.68, 0.64 ],
													"faces": {
														"north": { "texture": "#trader", "uv": [ 0.0, 1.0, 0.5, 2.5 ], "autoUv": false },
														"east": { "texture": "#trader", "uv": [ 1.5, 1.5, 3.0, 3.0 ], "autoUv": false },
														"south": { "texture": "#trader", "uv": [ 4.0, 0.5, 4.5, 2.0 ], "autoUv": false },
														"up": { "texture": "#trader", "uv": [ 0.0, 1.0, 0.5, 2.5 ], "autoUv": false },
														"down": { "texture": "#trader", "uv": [ 0.0, 0.0, 0.5, 1.5 ], "autoUv": false }
													}
												},
												{
													"name": "handle 2",
													"from": [ 0.12, 0.6, 0.28 ],
													"to": [ 0.16, 0.64, 0.6 ],
													"uv": [ 0.0, 1.0 ],
													"rotationOrigin": [ 0.16, 0.6, 0.28 ],
													"faces": {
														"north": { "texture": "#trader", "uv": [ 2.5, 3.0, 3.0, 3.5 ], "autoUv": false },
														"east": { "texture": "#trader", "uv": [ 0.0, 3.0, 4.0, 3.5 ], "autoUv": false },
														"south": { "texture": "#trader", "uv": [ 4.0, 2.5, 4.5, 3.0 ], "autoUv": false },
														"west": { "texture": "#trader", "uv": [ 0.0, 3.0, 4.0, 3.5 ], "autoUv": false },
														"up": { "texture": "#trader", "uv": [ 0.0, 1.0, 4.0, 1.5 ], "rotation": 90, "autoUv": false },
														"down": { "texture": "#trader", "uv": [ 0.0, 2.5, 4.0, 3.0 ], "rotation": 90, "autoUv": false }
													}
												}
											]
										},
										{
											"name": "N",
											"from": [ -0.08, 0.0, -0.08 ],
											"to": [ 1.04, 0.8, 0.0 ],
											"uv": [ 0.0, 2.0 ],
											"rotationOrigin": [ -0.16, -0.08, -0.16 ],
											"faces": {
												"north": { "texture": "#trader", "uv": [ 0.0, 2.0, 14.0, 12.0 ], "autoUv": false },
												"east": { "texture": "#trader", "uv": [ 13.0, 2.0, 14.0, 12.0 ], "autoUv": false },
												"south": { "texture": "#trader", "uv": [ 1.0, 2.0, 15.0, 12.0 ], "autoUv": false },
												"west": { "texture": "#trader", "uv": [ 0.0, 2.0, 1.0, 12.0 ], "autoUv": false },
												"up": { "texture": "#trader", "uv": [ 2.0, 4.0, 16.0, 5.0 ], "rotation": 180, "autoUv": false },
												"down": { "texture": "#trader", "uv": [ 1.0, 4.0, 15.0, 5.0 ], "autoUv": false }
											},
											"children": [
												{
													"name": "hinge 1",
													"from": [ 0.2, 0.72, 0.064 ],
													"to": [ 0.28, 0.88, 0.104 ],
													"uv": [ 0.0, 0.0 ],
													"rotationOrigin": [ 0.24, 0.72, 0.088 ],
													"faces": {
														"north": { "texture": "#trader", "uv": [ 0.0, 0.0, 1.0, 2.0 ], "autoUv": false },
														"east": { "texture": "#trader", "uv": [ 0.0, 0.0, 0.5, 2.0 ], "autoUv": false },
														"south": { "texture": "#trader", "uv": [ 0.0, 0.0, 1.0, 2.0 ], "autoUv": false },
														"west": { "texture": "#trader", "uv": [ 0.0, 0.0, 0.5, 2.0 ], "autoUv": false },
														"up": { "texture": "#trader", "uv": [ 0.0, 0.0, 1.0, 0.5 ], "autoUv": false },
														"down": { "texture": "#trader", "uv": [ 0.0, 0.0, 1.0, 0.5 ], "autoUv": false }
													}
												},
												{
													"name": "hinge 2",
													"from": [ 0.84, 0.72, 0.064 ],
													"to": [ 0.92, 0.88, 0.104 ],
													"uv": [ 0.0, 0.0 ],
													"rotationOrigin": [ 0.88, 0.72, 0.088 ],
													"faces": {
														"north": { "texture": "#trader", "uv": [ 0.0, 0.0, 1.0, 2.0 ], "autoUv": false },
														"east": { "texture": "#trader", "uv": [ 0.0, 0.0, 0.5, 2.0 ], "autoUv": false },
														"south": { "texture": "#trader", "uv": [ 0.0, 0.0, 1.0, 2.0 ], "autoUv": false },
														"west": { "texture": "#trader", "uv": [ 0.0, 0.0, 0.5, 2.0 ], "autoUv": false },
														"up": { "texture": "#trader", "uv": [ 0.0, 0.0, 1.0, 0.5 ], "autoUv": false },
														"down": { "texture": "#trader", "uv": [ 0.0, 0.0, 1.0, 0.5 ], "autoUv": false }
													}
												}
											]
										},
										{
											"name": "feet 1",
											"from": [ -0.08, -0.08, -0.08 ],
											"to": [ 0.08, 0.0, 0.08 ],
											"uv": [ 0.0, 12.0 ],
											"rotationOrigin": [ -0.08, -0.08, -0.08 ],
											"faces": {
												"north": { "texture": "#trader", "uv": [ 0.0, 12.0, 2.0, 13.0 ], "autoUv": false },
												"east": { "texture": "#trader", "uv": [ 2.0, 12.0, 4.0, 13.0 ], "autoUv": false },
												"south": { "texture": "#trader", "uv": [ 2.5, 12.0, 4.5, 13.0 ], "autoUv": false },
												"west": { "texture": "#trader", "uv": [ 3.5, 12.0, 5.5, 13.0 ], "autoUv": false },
												"down": { "texture": "#trader", "uv": [ 0.0, 14.0, 2.0, 16.0 ], "autoUv": false }
											},
											"children": [
												{
													"name": "Cube14",
													"from": [ 0.16, 0.04, 0.0 ],
													"to": [ 0.28, 0.08, 0.08 ],
													"uv": [ 1.0, 12.0 ],
													"rotationOrigin": [ 0.16, 0.04, 0.0 ],
													"faces": {
														"north": { "texture": "#trader", "uv": [ 1.0, 12.0, 2.5, 12.5 ], "autoUv": false },
														"east": { "texture": "#trader", "uv": [ 2.5, 12.0, 3.5, 12.5 ], "autoUv": false },
														"south": { "texture": "#trader", "uv": [ 6.5, 12.0, 8.0, 12.5 ], "autoUv": false },
														"down": { "texture": "#trader", "uv": [ 6.0, 12.0, 7.5, 13.0 ], "autoUv": false }
													}
												},
												{
													"name": "Cube15",
													"from": [ 0.0, 0.04, 0.16 ],
													"to": [ 0.08, 0.08, 0.28 ],
													"uv": [ 0.0, 12.0 ],
													"rotationOrigin": [ 0.0, 0.04, 0.16 ],
													"faces": {
														"east": { "texture": "#trader", "uv": [ 0.0, 12.0, 1.5, 12.5 ], "autoUv": false },
														"south": { "texture": "#trader", "uv": [ 1.5, 12.0, 2.5, 12.5 ], "autoUv": false },
														"west": { "texture": "#trader", "uv": [ 2.5, 12.0, 4.0, 12.5 ], "autoUv": false },
														"down": { "texture": "#trader", "uv": [ 0.0, 14.5, 1.0, 16.0 ], "autoUv": false }
													}
												}
											]
										},
										{
											"name": "feet 16",
											"from": [ 0.88, -0.08, -0.08 ],
											"to": [ 1.04, 0.0, 0.08 ],
											"uv": [ 0.0, 12.0 ],
											"rotationOrigin": [ 0.88, -0.08, -0.08 ],
											"faces": {
												"north": { "texture": "#trader", "uv": [ 1.5, 12.0, 3.5, 13.0 ], "autoUv": false },
												"east": { "texture": "#trader", "uv": [ 6.0, 12.0, 8.0, 13.0 ], "autoUv": false },
												"south": { "texture": "#trader", "uv": [ 9.5, 12.0, 11.5, 13.0 ], "autoUv": false },
												"west": { "texture": "#trader", "uv": [ 10.0, 12.0, 12.0, 13.0 ], "autoUv": false },
												"down": { "texture": "#trader", "uv": [ 0.0, 14.0, 2.0, 16.0 ], "autoUv": false }
											},
											"children": [
												{
													"name": "Cube17",
													"from": [ -0.12, 0.04, 0.0 ],
													"to": [ 0.0, 0.08, 0.08 ],
													"uv": [ 2.5, 12.0 ],
													"rotationOrigin": [ -0.12, 0.04, 0.0 ],
													"faces": {
														"north": { "texture": "#trader", "uv": [ 2.5, 12.5, 4.0, 13.0 ], "autoUv": false },
														"south": { "texture": "#trader", "uv": [ 8.5, 13.0, 10.0, 13.5 ], "autoUv": false },
														"west": { "texture": "#trader", "uv": [ 10.0, 12.0, 11.0, 12.5 ], "autoUv": false },
														"down": { "texture": "#trader", "uv": [ 4.5, 12.0, 6.0, 13.0 ], "autoUv": false }
													}
												},
												{
													"name": "Cube18",
													"from": [ 0.08, 0.04, 0.16 ],
													"to": [ 0.16, 0.08, 0.28 ],
													"uv": [ 1.5, 12.0 ],
													"rotationOrigin": [ 0.08, 0.04, 0.16 ],
													"faces": {
														"east": { "texture": "#trader", "uv": [ 4.5, 12.0, 6.0, 12.5 ], "autoUv": false },
														"south": { "texture": "#trader", "uv": [ 14.5, 12.0, 15.5, 12.5 ], "autoUv": false },
														"west": { "texture": "#trader", "uv": [ 3.0, 12.0, 4.5, 12.5 ], "autoUv": false },
														"down": { "texture": "#trader", "uv": [ 1.5, 15.0, 3.0, 16.0 ], "rotation": 90, "autoUv": false }
													}
												}
											]
										},
										{
											"name": "feet 19",
											"from": [ 0.88, -0.08, 0.8 ],
											"to": [ 1.04, 0.0, 0.96 ],
											"uv": [ 0.0, 12.0 ],
											"rotationOrigin": [ 0.88, -0.08, 0.8 ],
											"faces": {
												"north": { "texture": "#trader", "uv": [ 8.5, 12.0, 10.5, 13.0 ], "autoUv": false },
												"east": { "texture": "#trader", "uv": [ 6.0, 12.0, 8.0, 13.0 ], "autoUv": false },
												"south": { "texture": "#trader", "uv": [ 4.5, 12.0, 6.5, 13.0 ], "autoUv": false },
												"west": { "texture": "#trader", "uv": [ 6.0, 12.0, 8.0, 13.0 ], "autoUv": false },
												"down": { "texture": "#trader", "uv": [ 0.0, 14.0, 2.0, 16.0 ], "autoUv": false }
											},
											"children": [
												{
													"name": "Cube20",
													"from": [ -0.12, 0.04, 0.08 ],
													"to": [ 0.0, 0.08, 0.16 ],
													"uv": [ 0.0, 12.0 ],
													"rotationOrigin": [ -0.12, 0.04, 0.08 ],
													"faces": {
														"north": { "texture": "#trader", "uv": [ 5.5, 12.0, 7.0, 12.5 ], "autoUv": false },
														"south": { "texture": "#trader", "uv": [ 5.0, 12.0, 6.5, 12.5 ], "autoUv": false },
														"west": { "texture": "#trader", "uv": [ 2.5, 12.0, 3.5, 12.5 ], "autoUv": false },
														"down": { "texture": "#trader", "uv": [ 0.0, 12.0, 1.5, 13.0 ], "autoUv": false }
													}
												},
												{
													"name": "Cube21",
													"from": [ 0.08, 0.04, -0.12 ],
													"to": [ 0.16, 0.08, 0.0 ],
													"uv": [ 1.0, 12.0 ],
													"rotationOrigin": [ 0.08, 0.04, -0.12 ],
													"faces": {
														"north": { "texture": "#trader", "uv": [ 10.0, 12.0, 11.0, 12.5 ], "autoUv": false },
														"east": { "texture": "#trader", "uv": [ 6.0, 12.0, 7.5, 12.5 ], "autoUv": false },
														"west": { "texture": "#trader", "uv": [ 1.0, 12.0, 2.5, 12.5 ], "autoUv": false },
														"down": { "texture": "#trader", "uv": [ 2.0, 12.0, 3.5, 13.0 ], "rotation": 90, "autoUv": false }
													}
												}
											]
										},
										{
											"name": "feet 22",
											"from": [ -0.08, -0.08, 0.8 ],
											"to": [ 0.08, 0.0, 0.96 ],
											"uv": [ 0.0, 12.0 ],
											"rotationOrigin": [ -0.08, -0.08, 0.8 ],
											"faces": {
												"north": { "texture": "#trader", "uv": [ 5.5, 12.0, 7.5, 13.0 ], "autoUv": false },
												"east": { "texture": "#trader", "uv": [ 6.5, 12.0, 8.5, 13.0 ], "autoUv": false },
												"south": { "texture": "#trader", "uv": [ 4.0, 12.0, 6.0, 13.0 ], "autoUv": false },
												"west": { "texture": "#trader", "uv": [ 1.5, 12.0, 3.5, 13.0 ], "autoUv": false },
												"down": { "texture": "#trader", "uv": [ 0.0, 14.0, 2.0, 16.0 ], "autoUv": false }
											},
											"children": [
												{
													"name": "Cube23",
													"from": [ 0.16, 0.04, 0.08 ],
													"to": [ 0.28, 0.08, 0.16 ],
													"uv": [ 0.5, 12.0 ],
													"rotationOrigin": [ 0.16, 0.04, 0.08 ],
													"faces": {
														"north": { "texture": "#trader", "uv": [ 6.0, 12.0, 7.5, 12.5 ], "autoUv": false },
														"east": { "texture": "#trader", "uv": [ 0.5, 12.0, 1.5, 12.5 ], "autoUv": false },
														"south": { "texture": "#trader", "uv": [ 9.0, 12.0, 10.5, 12.5 ], "autoUv": false },
														"down": { "texture": "#trader", "uv": [ 0.5, 12.0, 2.0, 13.0 ], "autoUv": false }
													}
												},
												{
													"name": "Cube24",
													"from": [ 0.0, 0.04, -0.12 ],
													"to": [ 0.08, 0.08, 0.0 ],
													"uv": [ 2.0, 11.5 ],
													"rotationOrigin": [ 0.0, 0.04, -0.12 ],
													"faces": {
														"north": { "texture": "#trader", "uv": [ 4.5, 12.0, 5.5, 12.5 ], "autoUv": false },
														"east": { "texture": "#trader", "uv": [ 4.5, 11.5, 6.0, 12.0 ], "autoUv": false },
														"west": { "texture": "#trader", "uv": [ 3.5, 12.0, 5.0, 12.5 ], "autoUv": false },
														"down": { "texture": "#trader", "uv": [ 2.0, 14.5, 3.5, 15.5 ], "rotation": 90, "autoUv": false }
													}
												}
											]
										},
										{
											"name": "W2",
											"from": [ 0.0, 0.0, 0.0 ],
											"to": [ 0.98, 0.7, 0.88 ],
											"uv": [ 1.0, 2.0 ],
											"rotationOrigin": [ -0.06, -0.08, -0.16 ],
											"faces": {
												"east": { "texture": "#trader", "uv": [ 1.5, 2.0, 12.5, 12.0 ], "autoUv": false },
												"west": { "texture": "#trader", "uv": [ 1.5, 2.0, 12.5, 12.0 ], "autoUv": false },
												"up": { "texture": "#trader", "uv": [ 4.5, 9.0, 15.5, 10.0 ], "rotation": 90, "autoUv": false },
												"down": { "texture": "#trader", "uv": [ 1.0, 2.0, 2.0, 13.0 ], "autoUv": false }
											}
										}
									]
								},
								{
									"name": "trader",
									"from": [ 0.16, 0.96, 0.16 ],
									"to": [ 1.12, 1.04, 1.04 ],
									"uv": [ 0.0, 0.0 ],
									"rotationOrigin": [ 0.64, 0.88, 0.08 ],
									"rotationX": -36.0,
									"faces": {
										"up": { "texture": "#trader", "uv": [ 0.0, 0.0, 12.0, 11.0 ], "autoUv": false },
										"down": { "texture": "#trader", "uv": [ 0.0, 0.0, 12.0, 11.0 ], "rotation": 180, "autoUv": false }
									},
									"children": [
										{
											"name": "West",
											"from": [ -0.08, -0.08, 0.0 ],
											"to": [ 0.0, 0.08, 0.88 ],
											"uv": [ 0.0, 0.0 ],
											"rotationOrigin": [ -0.08, -0.08, 0.0 ],
											"faces": {
												"east": { "texture": "#trader", "uv": [ 1.0, 11.0, 12.0, 13.0 ], "autoUv": false },
												"west": { "texture": "#trader", "uv": [ 1.5, 0.0, 12.5, 2.0 ], "autoUv": false },
												"up": { "texture": "#trader", "uv": [ 0.0, 0.0, 1.0, 11.0 ], "autoUv": false },
												"down": { "texture": "#trader", "uv": [ 3.5, 12.5, 14.5, 13.5 ], "rotation": 90, "autoUv": false }
											}
										},
										{
											"name": "East",
											"from": [ 0.96, -0.08, 0.0 ],
											"to": [ 1.04, 0.08, 0.88 ],
											"uv": [ 1.5, 0.0 ],
											"rotationOrigin": [ 0.96, -0.08, 0.0 ],
											"faces": {
												"east": { "texture": "#trader", "uv": [ 1.5, 0.0, 12.5, 2.0 ], "autoUv": false },
												"west": { "texture": "#trader", "uv": [ 3.0, 11.0, 14.0, 13.0 ], "autoUv": false },
												"up": { "texture": "#trader", "uv": [ 13.0, 0.0, 14.0, 11.0 ], "autoUv": false },
												"down": { "texture": "#trader", "uv": [ 2.5, 13.5, 13.5, 14.5 ], "rotation": 90, "autoUv": false }
											}
										},
										{
											"name": "North",
											"from": [ -0.08, -0.08, -0.08 ],
											"to": [ 1.04, 0.08, 0.0 ],
											"uv": [ 0.0, 0.0 ],
											"rotationOrigin": [ -0.08, -0.08, -0.08 ],
											"faces": {
												"north": { "texture": "#trader", "uv": [ 0.0, 0.0, 14.0, 2.0 ], "autoUv": false },
												"east": { "texture": "#trader", "uv": [ 13.0, 0.0, 14.0, 2.0 ], "autoUv": false },
												"south": { "texture": "#trader", "uv": [ 2.0, 11.0, 16.0, 13.0 ], "autoUv": false },
												"west": { "texture": "#trader", "uv": [ 0.0, 0.0, 1.0, 2.0 ], "autoUv": false },
												"up": { "texture": "#trader", "uv": [ 0.0, 0.0, 14.0, 1.0 ], "autoUv": false },
												"down": { "texture": "#trader", "uv": [ 0.0, 14.5, 14.0, 15.5 ], "autoUv": false }
											},
											"children": [
												{
													"name": "hinge 3",
													"from": [ 0.2, -0.064, 0.08 ],
													"to": [ 0.28, 0.096, 0.12 ],
													"uv": [ 0.0, 0.0 ],
													"rotationOrigin": [ 0.24, -0.064, 0.08 ],
													"faces": {
														"north": { "texture": "#trader", "uv": [ 0.0, 0.0, 1.0, 2.0 ], "autoUv": false },
														"east": { "texture": "#trader", "uv": [ 0.0, 0.0, 0.5, 2.0 ], "autoUv": false },
														"south": { "texture": "#trader", "uv": [ 0.0, 0.0, 1.0, 2.0 ], "autoUv": false },
														"west": { "texture": "#trader", "uv": [ 0.0, 0.0, 0.5, 2.0 ], "autoUv": false },
														"up": { "texture": "#trader", "uv": [ 0.0, 0.0, 1.0, 0.5 ], "autoUv": false },
														"down": { "texture": "#trader", "uv": [ 0.0, 0.0, 1.0, 0.5 ], "autoUv": false }
													}
												},
												{
													"name": "hinge 4",
													"from": [ 0.84, -0.064, 0.08 ],
													"to": [ 0.92, 0.096, 0.12 ],
													"uv": [ 0.0, 0.0 ],
													"rotationOrigin": [ 0.88, -0.064, 0.08 ],
													"faces": {
														"north": { "texture": "#trader", "uv": [ 0.0, 0.0, 1.0, 2.0 ], "autoUv": false },
														"east": { "texture": "#trader", "uv": [ 0.0, 0.0, 0.5, 2.0 ], "autoUv": false },
														"south": { "texture": "#trader", "uv": [ 0.0, 0.0, 1.0, 2.0 ], "autoUv": false },
														"west": { "texture": "#trader", "uv": [ 0.0, 0.0, 0.5, 2.0 ], "autoUv": false },
														"up": { "texture": "#trader", "uv": [ 0.0, 0.0, 1.0, 0.5 ], "autoUv": false },
														"down": { "texture": "#trader", "uv": [ 0.0, 0.0, 1.0, 0.5 ], "autoUv": false }
													}
												}
											]
										},
										{
											"name": "South",
											"from": [ -0.08, -0.08, 0.88 ],
											"to": [ 1.04, 0.08, 0.96 ],
											"uv": [ 0.0, 0.0 ],
											"rotationOrigin": [ -0.08, -0.08, 0.88 ],
											"faces": {
												"north": { "texture": "#trader", "uv": [ 0.5, 11.0, 14.5, 13.0 ], "autoUv": false },
												"east": { "texture": "#trader", "uv": [ 0.0, 0.0, 1.0, 2.0 ], "autoUv": false },
												"south": { "texture": "#trader", "uv": [ 0.0, 0.0, 14.0, 2.0 ], "autoUv": false },
												"west": { "texture": "#trader", "uv": [ 13.0, 0.0, 14.0, 2.0 ], "autoUv": false },
												"up": { "texture": "#trader", "uv": [ 0.0, 0.0, 14.0, 1.0 ], "autoUv": false },
												"down": { "texture": "#trader", "uv": [ 0.5, 13.5, 14.5, 14.5 ], "autoUv": false }
											}
										},
										{
											"name": "Cube34",
											"from": [ 0.36, -0.2, 0.96 ],
											"to": [ 0.6, 0.0, 1.0 ],
											"uv": [ 0.0, 0.0 ],
											"rotationOrigin": [ 0.36, -0.2, 0.96 ],
											"faces": {
												"north": { "texture": "#trader", "uv": [ 0.0, 0.0, 3.0, 2.5 ], "autoUv": false },
												"east": { "texture": "#trader", "uv": [ 0.0, 0.0, 0.5, 2.5 ], "autoUv": false },
												"south": { "texture": "#trader", "uv": [ 9.0, 0.5, 12.0, 3.0 ], "autoUv": false },
												"west": { "texture": "#trader", "uv": [ 0.0, 0.0, 0.5, 2.5 ], "autoUv": false },
												"up": { "texture": "#trader", "uv": [ 0.0, 0.0, 3.0, 0.5 ], "autoUv": false },
												"down": { "texture": "#trader", "uv": [ 0.0, 0.0, 3.0, 0.5 ], "autoUv": false }
											}
										},
										{
											"name": "Cube35",
											"from": [ 0.4, 0.0, 0.96 ],
											"to": [ 0.56, 0.04, 1.0 ],
											"uv": [ 0.0, 0.0 ],
											"rotationOrigin": [ 0.4, 0.0, 0.96 ],
											"faces": {
												"east": { "texture": "#trader", "uv": [ 0.0, 0.0, 0.5, 0.5 ], "autoUv": false },
												"south": { "texture": "#trader", "uv": [ 9.5, 0.0, 11.5, 0.5 ], "autoUv": false },
												"west": { "texture": "#trader", "uv": [ 0.0, 0.0, 0.5, 0.5 ], "autoUv": false },
												"up": { "texture": "#trader", "uv": [ 0.0, 0.0, 2.0, 0.5 ], "autoUv": false }
											}
										}
									]
								}
							]
						},
						{
							"name": "BackpackMain",
							"from": [ 0.53, 0.22, -0.02 ],
							"to": [ 0.83, 0.82, 0.58 ],
							"autoUnwrap": false,
							"uv": [ 0.0, 4.0 ],
							"rotationOrigin": [ 0.6272, 0.5209, 0.28 ],
							"rotationZ": -3.0,
							"faces": {
								"north": { "texture": "#trader", "uv": [ 0.0, 10.0, 3.0, 16.0 ], "autoUv": false },
								"east": { "texture": "#trader", "uv": [ 3.0, 10.0, 9.0, 16.0 ], "autoUv": false },
								"south": { "texture": "#trader", "uv": [ 9.0, 10.0, 12.0, 16.0 ], "autoUv": false },
								"up": { "texture": "#trader", "uv": [ 0.0, 4.0, 3.0, 10.0 ], "autoUv": false },
								"down": { "texture": "#trader", "uv": [ 3.0, 4.0, 6.0, 10.0 ], "autoUv": false }
							},
							"children": [
								{
									"name": "BackpackTop",
									"from": [ 0.05, 0.6, 0.05 ],
									"to": [ 0.25, 0.66, 0.55 ],
									"autoUnwrap": false,
									"uv": [ 1.0, -2.0 ],
									"rotationOrigin": [ 0.15, 0.6, 0.3 ],
									"faces": {
										"north": { "texture": "#trader", "uv": [ 0.0, 0.0, 2.0, 0.5 ], "autoUv": false },
										"east": { "texture": "#trader", "uv": [ 2.0, 0.0, 7.0, 0.5 ], "autoUv": false },
										"south": { "texture": "#trader", "uv": [ 7.0, 0.0, 9.0, 0.5 ], "autoUv": false },
										"west": { "texture": "#trader", "uv": [ 9.0, 0.0, 14.0, 0.5 ], "autoUv": false },
										"up": { "texture": "#trader", "uv": [ 14.0, 0.0, 16.0, 5.0 ], "autoUv": false }
									}
								},
								{
									"name": "BackpackDown",
									"from": [ 0.05, -0.05, 0.05 ],
									"to": [ 0.25, 0.0, 0.55 ],
									"autoUnwrap": false,
									"uv": [ 2.5, -2.0 ],
									"rotationOrigin": [ 0.15, -0.05, 0.3 ],
									"faces": {
										"north": { "texture": "#trader", "uv": [ 0.0, 0.5, 2.0, 1.0 ], "autoUv": false },
										"east": { "texture": "#trader", "uv": [ 2.0, 0.5, 7.0, 1.0 ], "autoUv": false },
										"south": { "texture": "#trader", "uv": [ 7.0, 0.5, 9.0, 1.0 ], "autoUv": false },
										"west": { "texture": "#trader", "uv": [ 9.0, 0.5, 14.0, 1.0 ], "autoUv": false },
										"down": { "texture": "#trader", "uv": [ 12.0, 1.0, 14.0, 6.0 ], "autoUv": false }
									}
								},
								{
									"name": "BackpackPocket",
									"from": [ 0.3, 0.05, 0.05 ],
									"to": [ 0.36, 0.35, 0.55 ],
									"autoUnwrap": false,
									"uv": [ 9.5, 0.0 ],
									"rotationOrigin": [ 0.3, 0.15, 0.3 ],
									"faces": {
										"north": { "texture": "#trader", "uv": [ 6.0, 4.5, 9.0, 5.0 ], "rotation": 90, "autoUv": false },
										"east": { "texture": "#trader", "uv": [ 5.0, 1.0, 10.0, 4.0 ], "autoUv": false },
										"south": { "texture": "#trader", "uv": [ 10.5, 1.5, 11.0, 4.5 ], "autoUv": false },
										"up": { "texture": "#trader", "uv": [ 6.0, 5.0, 11.0, 5.5 ], "rotation": 90, "autoUv": false },
										"down": { "texture": "#trader", "uv": [ 11.5, 5.0, 12.0, 10.0 ], "autoUv": false }
									}
								},
								{
									"name": "BackpackPocketL",
									"from": [ 0.05, 0.05, 0.6 ],
									"to": [ 0.25, 0.35, 0.66 ],
									"autoUnwrap": false,
									"uv": [ 8.0, 1.0 ],
									"rotationOrigin": [ 0.15, 0.05, 0.6 ],
									"faces": {
										"east": { "texture": "#trader", "uv": [ 0.0, 1.0, 0.5, 4.0 ], "autoUv": false },
										"south": { "texture": "#trader", "uv": [ 0.5, 1.0, 2.5, 4.0 ], "autoUv": false },
										"west": { "texture": "#trader", "uv": [ 2.5, 1.0, 3.0, 4.0 ], "autoUv": false },
										"up": { "texture": "#trader", "uv": [ 14.0, 5.5, 16.0, 6.0 ], "autoUv": false },
										"down": { "texture": "#trader", "uv": [ 14.0, 5.0, 16.0, 5.5 ], "autoUv": false }
									}
								},
								{
									"name": "BackpackPocketR",
									"from": [ 0.05, 0.05, -0.06 ],
									"to": [ 0.25, 0.35, 0.0 ],
									"autoUnwrap": false,
									"uv": [ 7.0, 1.0 ],
									"rotationOrigin": [ 0.15, 0.05, -0.06 ],
									"faces": {
										"north": { "texture": "#trader", "uv": [ 3.0, 1.0, 5.0, 4.0 ], "autoUv": false },
										"east": { "texture": "#trader", "uv": [ 10.0, 1.5, 10.5, 4.5 ], "autoUv": false },
										"west": { "texture": "#trader", "uv": [ 9.0, 4.5, 12.0, 5.0 ], "rotation": 90, "autoUv": false },
										"up": { "texture": "#trader", "uv": [ 6.0, 4.0, 8.0, 4.5 ], "autoUv": false },
										"down": { "texture": "#trader", "uv": [ 8.0, 4.0, 10.0, 4.5 ], "autoUv": false }
									}
								},
								{
									"name": "StrapR",
									"from": [ -0.55, 0.28, 0.02 ],
									"to": [ 0.025, 0.74, 0.12 ],
									"autoUnwrap": false,
									"uv": [ 6.0, 4.5 ],
									"rotationOrigin": [ -0.25, 0.53, 0.07 ],
									"rotationX": 5.0,
									"faces": {
										"north": { "texture": "#trader", "uv": [ 6.0, 5.5, 11.5, 10.0 ], "autoUv": false },
										"east": { "texture": "#trader", "uv": [ 12.0, 6.0, 13.0, 10.5 ], "autoUv": false },
										"south": { "texture": "#trader", "uv": [ 6.0, 5.5, 11.5, 10.0 ], "autoUv": false },
										"west": { "texture": "#trader", "uv": [ 13.0, 6.0, 14.0, 10.5 ], "autoUv": false },
										"up": { "texture": "#trader", "uv": [ 14.0, 6.0, 15.0, 11.5 ], "rotation": 90, "autoUv": false },
										"down": { "texture": "#trader", "uv": [ 15.0, 6.0, 16.0, 11.5 ], "rotation": 90, "autoUv": false }
									}
								},
								{
									"name": "StrapL",
									"from": [ -0.55, 0.28, 0.5 ],
									"to": [ 0.025, 0.74, 0.6 ],
									"autoUnwrap": false,
									"uv": [ 10.5, 8.5 ],
									"rotationOrigin": [ -0.25, 0.53, 0.55 ],
									"rotationX": -5.0,
									"faces": {
										"north": { "texture": "#trader", "uv": [ 6.0, 5.5, 11.5, 10.0 ], "autoUv": false },
										"east": { "texture": "#trader", "uv": [ 14.0, 11.5, 15.0, 16.0 ], "autoUv": false },
										"south": { "texture": "#trader", "uv": [ 6.0, 5.5, 11.5, 10.0 ], "autoUv": false },
										"west": { "texture": "#trader", "uv": [ 15.0, 11.5, 16.0, 16.0 ], "autoUv": false },
										"up": { "texture": "#trader", "uv": [ 12.0, 10.5, 13.0, 16.0 ], "rotation": 90, "autoUv": false },
										"down": { "texture": "#trader", "uv": [ 13.0, 10.5, 14.0, 16.0 ], "rotation": 90, "autoUv": false }
									}
								}
							]
						},
						{
							"name": "Armor-Head",
							"from": [ -0.2, 1.26, -0.02 ],
							"to": [ 0.56, 1.52, 0.62 ],
							"unwrapMode": 4,
							"uv": [ 0.0, 3.5 ],
							"rotationOrigin": [ -0.2314, 1.2557, -0.09 ],
							"rotationZ": 22.0,
							"faces": {
								"north": { "texture": "#trader", "uv": [ 0.0, 11.0, 7.5, 13.5 ], "autoUv": false },
								"east": { "texture": "#trader", "uv": [ 21.0, 11.0, 27.0, 13.5 ], "autoUv": false },
								"south": { "texture": "#trader", "uv": [ 13.5, 11.0, 21.0, 13.5 ], "autoUv": false },
								"west": { "texture": "#trader", "uv": [ 7.5, 11.0, 13.5, 13.5 ], "autoUv": false },
								"up": { "texture": "#trader", "uv": [ 7.5, 3.5, 13.5, 11.0 ], "rotation": 90, "autoUv": false },
								"down": { "texture": "#trader", "uv": [ 7.5, 13.5, 13.5, 21.0 ], "rotation": 90, "autoUv": false }
							},
							"children": [
								{
									"name": "Nasal",
									"from": [ 0.0, -0.2, 0.27 ],
									"to": [ 0.05, 0.0, 0.37 ],
									"uv": [ 13.5, 3.5 ],
									"rotationOrigin": [ 0.0, -0.2, 0.27 ],
									"faces": {
										"north": { "texture": "#trader", "uv": [ 13.5, 4.5, 14.0, 6.5 ], "autoUv": false },
										"south": { "texture": "#trader", "uv": [ 14.0, 4.5, 14.5, 6.5 ], "autoUv": false },
										"west": { "texture": "#trader", "uv": [ 14.5, 4.5, 15.5, 6.5 ], "autoUv": false },
										"down": { "texture": "#trader", "uv": [ 13.5, 3.5, 14.0, 4.5 ], "autoUv": false }
									}
								},
								{
									"name": "Back",
									"from": [ 0.31, -0.33, 0.01 ],
									"to": [ 0.75, 0.0, 0.63 ],
									"unwrapMode": 2,
									"autoUnwrap": false,
									"uv": [ 13.0, 0.5 ],
									"rotationOrigin": [ 0.31, -0.33, 0.01 ],
									"faces": {
										"north": { "texture": "#trader", "uv": [ 23.0, 0.5, 27.0, 3.5 ], "autoUv": false },
										"east": { "texture": "#trader", "uv": [ 17.0, 0.5, 23.0, 3.5 ], "autoUv": false },
										"south": { "texture": "#trader", "uv": [ 13.0, 0.5, 17.0, 3.5 ], "autoUv": false },
										"west": { "texture": "#trader", "uv": [ 27.0, 0.5, 33.0, 3.5 ], "autoUv": false },
										"down": { "texture": "#trader", "uv": [ 17.0, 3.5, 23.0, 7.5 ], "rotation": 90, "autoUv": false }
									}
								},
								{
									"name": "Facecover",
									"from": [ 0.01, -0.3, 0.01 ],
									"to": [ 0.11, 0.0, 0.63 ],
									"unwrapMode": 4,
									"uv": [ 13.5, 13.5 ],
									"rotationOrigin": [ 0.01, -0.3, 0.01 ],
									"faces": {
										"north": { "texture": "#trader", "uv": [ 13.5, 13.5, 14.5, 16.5 ], "autoUv": false },
										"east": { "texture": "#trader", "uv": [ 21.5, 13.5, 27.5, 16.5 ], "autoUv": false },
										"south": { "texture": "#trader", "uv": [ 20.5, 13.5, 21.5, 16.5 ], "autoUv": false },
										"west": { "texture": "#trader", "uv": [ 14.5, 13.5, 20.5, 16.5 ], "autoUv": false },
										"down": { "texture": "#trader", "uv": [ 14.5, 16.5, 20.5, 17.5 ], "rotation": 90, "autoUv": false }
									}
								}
							]
						},
						{
							"name": "Armor-UpperTorso",
							"from": [ 0.0, 0.43, -0.04 ],
							"to": [ 0.54, 0.96, 0.62 ],
							"unwrapMode": 4,
							"autoUnwrap": false,
							"uv": [ 20.0, 3.0 ],
							"rotationOrigin": [ 0.0417, 0.4314, -0.04 ],
							"rotationZ": -3.0,
							"faces": {
								"north": { "texture": "#trader", "uv": [ 39.5, 5.0, 44.5, 10.0 ], "autoUv": false },
								"east": { "texture": "#trader", "uv": [ 56.0, 5.0, 62.5, 10.0 ], "autoUv": false },
								"south": { "texture": "#trader", "uv": [ 51.0, 5.0, 56.0, 10.0 ], "autoUv": false },
								"west": { "texture": "#trader", "uv": [ 44.5, 5.0, 51.0, 10.0 ], "autoUv": false },
								"up": { "texture": "#trader", "uv": [ 44.5, 0.0, 51.0, 5.0 ], "rotation": 90, "autoUv": false },
								"down": { "texture": "#trader", "uv": [ 32.0, 5.0, 38.5, 10.0 ], "rotation": 90, "autoUv": false }
							}
						},
						{
							"name": "Armor-LowerTorso",
							"from": [ 0.0, -0.18, -0.04 ],
							"to": [ 0.54, 0.32, 0.6 ],
							"unwrapMode": 4,
							"autoUnwrap": false,
							"uv": [ 38.5, 15.5 ],
							"rotationOrigin": [ 0.0013, -0.1765, -0.04 ],
							"rotationZ": -3.0,
							"faces": {
								"north": { "texture": "#trader", "uv": [ 40.0, 10.5, 45.0, 15.5 ], "autoUv": false },
								"east": { "texture": "#trader", "uv": [ 56.0, 10.5, 62.0, 15.5 ], "autoUv": false },
								"south": { "texture": "#trader", "uv": [ 51.0, 10.5, 56.0, 15.5 ], "autoUv": false },
								"west": { "texture": "#trader", "uv": [ 45.0, 10.5, 51.0, 15.5 ], "autoUv": false },
								"down": { "texture": "#trader", "uv": [ 32.5, 10.5, 38.5, 15.5 ], "rotation": 90, "autoUv": false }
							},
							"children": [
								{
									"name": "Belt",
									"from": [ -0.02, 0.2, -0.02 ],
									"to": [ 0.56, 0.4, 0.66 ],
									"unwrapMode": 4,
									"autoUnwrap": false,
									"uv": [ 31.0, 19.0 ],
									"rotationOrigin": [ -0.02, 0.2, -0.02 ],
									"faces": {
										"north": { "texture": "#trader", "uv": [ 38.5, 16.5, 44.0, 18.5 ], "autoUv": false },
										"east": { "texture": "#trader", "uv": [ 56.0, 16.5, 62.5, 18.5 ], "autoUv": false },
										"south": { "texture": "#trader", "uv": [ 50.5, 16.5, 56.0, 18.5 ], "autoUv": false },
										"west": { "texture": "#trader", "uv": [ 44.0, 16.5, 50.5, 18.5 ], "autoUv": false },
										"up": { "texture": "#trader", "uv": [ 38.5, 19.0, 45.0, 24.5 ], "rotation": 90, "autoUv": false },
										"down": { "texture": "#trader", "uv": [ 45.0, 19.0, 51.5, 24.5 ], "rotation": 90, "autoUv": false }
									}
								}
							]
						},
						{
							"name": "BootL",
							"from": [ -0.01, -1.02, 0.32 ],
							"to": [ 0.39, -0.37, 0.64 ],
							"autoUnwrap": false,
							"uv": [ 0.0, 15.0 ],
							"rotationOrigin": [ 0.0118, -1.067, 0.37 ],
							"rotationZ": -3.0,
							"faces": {
								"north": { "texture": "#trader", "uv": [ 0.0, 17.5, 4.0, 24.0 ], "autoUv": false },
								"east": { "texture": "#trader", "uv": [ 4.0, 17.5, 7.0, 24.0 ], "autoUv": false },
								"south": { "texture": "#trader", "uv": [ 7.0, 17.5, 11.0, 24.0 ], "autoUv": false },
								"west": { "texture": "#trader", "uv": [ 11.0, 17.5, 14.0, 24.0 ], "autoUv": false },
								"down": { "texture": "#trader", "uv": [ 9.5, 4.0, 13.5, 7.0 ], "autoUv": false }
							},
							"children": [
								{
									"name": "BootLRim",
									"from": [ -0.03, 0.5, -0.02 ],
									"to": [ 0.42, 0.7, 0.34 ],
									"autoUnwrap": false,
									"uv": [ 6.0, 4.0 ],
									"rotationOrigin": [ -0.03, 0.5, -0.02 ],
									"faces": {
										"north": { "texture": "#trader", "uv": [ 0.0, 0.0, 4.5, 2.0 ], "autoUv": false },
										"east": { "texture": "#trader", "uv": [ 4.5, 0.0, 8.0, 2.0 ], "autoUv": false },
										"south": { "texture": "#trader", "uv": [ 8.0, 0.0, 12.5, 2.0 ], "autoUv": false },
										"west": { "texture": "#trader", "uv": [ 12.5, 0.0, 16.0, 2.0 ], "autoUv": false },
										"up": { "texture": "#trader", "uv": [ 0.0, 4.0, 4.5, 7.5 ], "autoUv": false }
									}
								},
								{
									"name": "BootLFoot",
									"from": [ -0.1, 0.0, 0.0 ],
									"to": [ 0.0, 0.15, 0.32 ],
									"autoUnwrap": false,
									"uv": [ 14.0, 16.0 ],
									"rotationOrigin": [ -0.1, 0.0, 0.0 ],
									"faces": {
										"north": { "texture": "#trader", "uv": [ 14.0, 20.0, 15.0, 21.5 ], "autoUv": false },
										"south": { "texture": "#trader", "uv": [ 18.0, 20.0, 19.0, 21.5 ], "autoUv": false },
										"west": { "texture": "#trader", "uv": [ 15.0, 20.0, 18.0, 21.5 ], "autoUv": false },
										"up": { "texture": "#trader", "uv": [ 15.0, 22.5, 18.0, 23.5 ], "rotation": 90, "autoUv": false },
										"down": { "texture": "#trader", "uv": [ 13.5, 4.0, 14.5, 7.0 ], "autoUv": false }
									}
								}
							]
						},
						{
							"name": "BootR",
							"from": [ -0.01, -1.02, -0.04 ],
							"to": [ 0.39, -0.37, 0.28 ],
							"autoUnwrap": false,
							"uv": [ 0.0, 7.5 ],
							"rotationOrigin": [ 0.0118, -0.967, -0.03 ],
							"rotationZ": -3.0,
							"faces": {
								"north": { "texture": "#trader", "uv": [ 0.0, 10.5, 4.0, 17.0 ], "autoUv": false },
								"east": { "texture": "#trader", "uv": [ 4.0, 10.5, 7.0, 17.0 ], "autoUv": false },
								"south": { "texture": "#trader", "uv": [ 7.0, 10.5, 11.0, 17.0 ], "autoUv": false },
								"west": { "texture": "#trader", "uv": [ 11.0, 10.5, 14.0, 17.0 ], "autoUv": false },
								"down": { "texture": "#trader", "uv": [ 16.0, 0.0, 20.0, 3.0 ], "autoUv": false }
							},
							"children": [
								{
									"name": "BootRRim",
									"from": [ -0.03, 0.5, -0.02 ],
									"to": [ 0.42, 0.7, 0.34 ],
									"autoUnwrap": false,
									"uv": [ 0.0, 0.0 ],
									"rotationOrigin": [ -0.03, 0.5, -0.02 ],
									"faces": {
										"north": { "texture": "#trader", "uv": [ 0.0, 2.0, 4.5, 4.0 ], "autoUv": false },
										"east": { "texture": "#trader", "uv": [ 4.5, 2.0, 8.0, 4.0 ], "autoUv": false },
										"south": { "texture": "#trader", "uv": [ 8.0, 2.0, 12.5, 4.0 ], "autoUv": false },
										"west": { "texture": "#trader", "uv": [ 12.5, 2.0, 16.0, 4.0 ], "autoUv": false },
										"up": { "texture": "#trader", "uv": [ 4.5, 4.0, 9.0, 7.5 ], "autoUv": false }
									}
								},
								{
									"name": "BootRfoot",
									"from": [ -0.1, 0.0, 0.0 ],
									"to": [ 0.0, 0.15, 0.32 ],
									"autoUnwrap": false,
									"uv": [ 14.0, 20.0 ],
									"rotationOrigin": [ -0.1, 0.0, 0.0 ],
									"faces": {
										"north": { "texture": "#trader", "uv": [ 14.0, 22.5, 15.0, 24.0 ], "autoUv": false },
										"south": { "texture": "#trader", "uv": [ 18.0, 22.5, 19.0, 24.0 ], "autoUv": false },
										"west": { "texture": "#trader", "uv": [ 15.0, 22.5, 18.0, 24.0 ], "autoUv": false },
										"up": { "texture": "#trader", "uv": [ 15.0, 20.0, 18.0, 21.0 ], "rotation": 90, "autoUv": false },
										"down": { "texture": "#trader", "uv": [ 20.0, 0.0, 21.0, 3.0 ], "autoUv": false }
									}
								}
							]
						},
						{
							"name": "SwordBlade",
							"from": [ 0.04, -0.65, 0.62 ],
							"to": [ 0.14, 0.15, 0.68 ],
							"uv": [ 2.5, 0.0 ],
							"rotationOrigin": [ 0.0937, 0.1493, 0.65 ],
							"rotationX": -0.2623,
							"rotationY": -4.9931,
							"rotationZ": 41.9886,
							"faces": {
								"north": { "texture": "#trader", "uv": [ 4.75, 0.0, 5.75, 8.0 ], "autoUv": false },
								"east": { "texture": "#trader", "uv": [ 2.5, 0.0, 3.0, 8.0 ], "autoUv": false },
								"south": { "texture": "#trader", "uv": [ 4.0, 0.0, 5.0, 8.0 ], "autoUv": false },
								"west": { "texture": "#trader", "uv": [ 3.5, 0.0, 4.0, 8.0 ], "autoUv": false },
								"down": { "texture": "#trader", "uv": [ 3.25, 1.75, 4.25, 2.25 ], "autoUv": false }
							},
							"children": [
								{
									"name": "SwordTip",
									"from": [ 0.02, -0.1, 0.0 ],
									"to": [ 0.08, 0.0, 0.06 ],
									"uv": [ 1.0, 0.75 ],
									"rotationOrigin": [ 0.02, -0.1, 0.0 ],
									"faces": {
										"north": { "texture": "#trader", "uv": [ 1.0, 1.25, 1.5, 2.25 ], "autoUv": false },
										"east": { "texture": "#trader", "uv": [ 1.5, 0.75, 2.0, 1.75 ], "autoUv": false },
										"south": { "texture": "#trader", "uv": [ 1.0, 0.75, 1.5, 1.75 ], "autoUv": false },
										"west": { "texture": "#trader", "uv": [ 2.75, 3.5, 3.25, 4.5 ], "autoUv": false },
										"down": { "texture": "#trader", "uv": [ 1.25, 1.75, 1.75, 2.25 ], "autoUv": false }
									}
								},
								{
									"name": "SwordHilt",
									"from": [ -0.05, 0.8, -0.02 ],
									"to": [ 0.15, 0.85, 0.08 ],
									"uv": [ 0.875, 0.5 ],
									"rotationOrigin": [ 0.05, 0.8, -0.02 ],
									"faces": {
										"north": { "texture": "#trader", "uv": [ 5.125, 4.0, 7.125, 4.5 ], "autoUv": false },
										"east": { "texture": "#trader", "uv": [ 0.875, 0.5, 1.875, 1.0 ], "autoUv": false },
										"south": { "texture": "#trader", "uv": [ 2.625, 2.0, 4.625, 2.5 ], "autoUv": false },
										"west": { "texture": "#trader", "uv": [ 0.875, 0.5, 1.875, 1.0 ], "autoUv": false },
										"up": { "texture": "#trader", "uv": [ 2.0, 1.5, 4.0, 2.5 ], "autoUv": false },
										"down": { "texture": "#trader", "uv": [ 1.125, 0.75, 3.125, 1.75 ], "autoUv": false }
									}
								},
								{
									"name": "SwordHandle",
									"from": [ 0.02, 0.85, 0.0 ],
									"to": [ 0.08, 1.15, 0.06 ],
									"uv": [ 1.25, 0.75 ],
									"rotationOrigin": [ 0.04, 0.85, 0.02 ],
									"faces": {
										"north": { "texture": "#trader", "uv": [ 2.0, 1.5, 2.5, 4.5 ], "autoUv": false },
										"east": { "texture": "#trader", "uv": [ 1.25, 1.0, 1.75, 4.0 ], "autoUv": false },
										"south": { "texture": "#trader", "uv": [ 2.25, 1.25, 2.75, 4.25 ], "autoUv": false },
										"west": { "texture": "#trader", "uv": [ 2.25, 0.75, 2.75, 3.75 ], "autoUv": false }
									}
								},
								{
									"name": "SwordPommel",
									"from": [ 0.01, 1.15, -0.01 ],
									"to": [ 0.09, 1.23, 0.07 ],
									"uv": [ 0.875, 0.5 ],
									"rotationOrigin": [ 0.05, 1.15, 0.03 ],
									"faces": {
										"north": { "texture": "#trader", "uv": [ 2.625, 2.25, 3.375, 3.0 ], "autoUv": false },
										"east": { "texture": "#trader", "uv": [ 1.25, 0.75, 2.0, 1.5 ], "autoUv": false },
										"south": { "texture": "#trader", "uv": [ 1.875, 1.5, 2.625, 2.25 ], "autoUv": false },
										"west": { "texture": "#trader", "uv": [ 1.0, 0.5, 1.75, 1.25 ], "autoUv": false },
										"up": { "texture": "#trader", "uv": [ 0.875, 0.75, 1.625, 1.5 ], "autoUv": false },
										"down": { "texture": "#trader", "uv": [ 1.5, 0.75, 2.25, 1.5 ], "autoUv": false }
									}
								}
							]
						},
						{
							"name": "Armor-ArmR",
							"from": [ 0.08, 0.55, -0.34 ],
							"to": [ 0.421, 1.06, -0.1 ],
							"autoUnwrap": false,
							"uv": [ 4.5, 35.5 ],
							"rotationOrigin": [ 0.0133, 0.5532, -0.34 ],
							"rotationX": 22.0,
							"rotationZ": -3.0,
							"faces": {
								"north": { "texture": "#trader", "uv": [ 32.0, 45.5, 35.0, 50.5 ], "autoUv": false },
								"east": { "texture": "#trader", "uv": [ 30.0, 45.5, 32.0, 50.5 ], "autoUv": false },
								"south": { "texture": "#trader", "uv": [ 37.0, 45.5, 40.0, 50.5 ], "autoUv": false },
								"west": { "texture": "#trader", "uv": [ 35.0, 45.5, 37.0, 50.5 ], "autoUv": false },
								"up": { "texture": "#trader", "uv": [ 32.0, 43.5, 35.0, 45.5 ], "autoUv": false },
								"down": { "texture": "#trader", "uv": [ 32.0, 50.5, 35.0, 52.5 ], "autoUv": false }
							},
							"children": [
								{
									"name": "ShoulderR",
									"from": [ -0.02, 0.27, -0.04 ],
									"to": [ 0.36, 0.57, 0.18 ],
									"autoUnwrap": false,
									"uv": [ 24.0, 33.5 ],
									"rotationOrigin": [ -0.02, 0.27, -0.04 ],
									"faces": {
										"north": { "texture": "#trader", "uv": [ 32.0, 38.0, 35.5, 41.0 ], "autoUv": false },
										"east": { "texture": "#trader", "uv": [ 30.0, 38.0, 32.0, 41.0 ], "autoUv": false },
										"south": { "texture": "#trader", "uv": [ 26.5, 38.0, 30.0, 41.0 ], "autoUv": false },
										"west": { "texture": "#trader", "uv": [ 35.5, 38.0, 37.5, 41.0 ], "autoUv": false },
										"up": { "texture": "#trader", "uv": [ 32.0, 36.0, 35.5, 38.0 ], "autoUv": false },
										"down": { "texture": "#trader", "uv": [ 32.0, 41.0, 35.5, 43.0 ], "autoUv": false }
									}
								}
							]
						},
						{
							"name": "Armor-ArmL",
							"from": [ 0.02, 0.45, 0.768 ],
							"to": [ 0.361, 0.96, 1.008 ],
							"unwrapRotation": 1,
							"autoUnwrap": false,
							"uv": [ 25.0, 34.0 ],
							"rotationOrigin": [ 0.0133, 0.4532, 0.78 ],
							"rotationX": -33.0,
							"rotationZ": -8.0,
							"faces": {
								"north": { "texture": "#trader", "uv": [ 41.0, 45.5, 44.0, 50.5 ], "autoUv": false },
								"east": { "texture": "#trader", "uv": [ 49.0, 45.5, 51.0, 50.5 ], "autoUv": false },
								"south": { "texture": "#trader", "uv": [ 46.0, 45.5, 49.0, 50.5 ], "autoUv": false },
								"west": { "texture": "#trader", "uv": [ 44.0, 45.5, 46.0, 50.5 ], "autoUv": false },
								"up": { "texture": "#trader", "uv": [ 46.0, 43.5, 49.0, 45.5 ], "autoUv": false },
								"down": { "texture": "#trader", "uv": [ 46.0, 50.5, 49.0, 52.5 ], "autoUv": false }
							},
							"children": [
								{
									"name": "ShoulderL",
									"from": [ -0.02, 0.27, 0.08 ],
									"to": [ 0.36, 0.57, 0.29 ],
									"unwrapMode": 4,
									"autoUnwrap": false,
									"uv": [ 41.5, 33.0 ],
									"rotationOrigin": [ -0.02, 0.27, -0.01 ],
									"faces": {
										"north": { "texture": "#trader", "uv": [ 39.0, 38.0, 42.5, 41.0 ], "autoUv": false },
										"east": { "texture": "#trader", "uv": [ 48.0, 38.0, 50.0, 41.0 ], "autoUv": false },
										"south": { "texture": "#trader", "uv": [ 44.5, 38.0, 48.0, 41.0 ], "autoUv": false },
										"west": { "texture": "#trader", "uv": [ 42.5, 38.0, 44.5, 41.0 ], "autoUv": false },
										"up": { "texture": "#trader", "uv": [ 44.5, 36.0, 48.0, 38.0 ], "autoUv": false },
										"down": { "texture": "#trader", "uv": [ 44.5, 41.0, 48.0, 43.0 ], "autoUv": false }
									}
								}
							]
						}
					],
					"attachmentpoints": [
						{
							"code": "Center",
							"posX": "2.5","posY": "4.0","posZ": "3.0",
							"rotationX": "0.0","rotationY": "0.0","rotationZ": "0.0"
						}
					]
				}
			]
		}
	]}