[
  {
    "op": "add",
    "path": "/dwarf/AvailableClasses",
    "value": [ "hill-dwarf", "miner-dwarf" ],
    "file": "racialequality:config/customplayermodels/dwarf-char.json"
  },
  {
    "op": "add",
    "path": "/elf/AvailableClasses",
    "value": [ "duskborn-elf", "forestborn-elf", "drow-elf", "high-elf" ],
    "file": "racialequality:config/customplayermodels/elf-char.json"
  },
  {
    "op": "add",
    "path": "/goblin/AvailableClasses",
    "value": [ "bungleborn-goblin", "brute-gifted-goblin", "scrawny-swineherd-goblin", "crazy-sage-goblin" ],
    "file": "racialequality:config/customplayermodels/goblin-char.json"
  },
  {
    "op": "add",
    "path": "/human/AvailableClasses",
    "value": [ "exploder-human", "ranger-human", "brute-human", "vagabond-human" ],
    "file": "racialequality:config/customplayermodels/human-char.json"
  },
  {
    "op": "add",
    "path": "/ork/AvailableClasses",
    "value": [ "glutton-ork", "stonecrusher-ork" ],
    "file": "racialequality:config/customplayermodels/ork-char.json"
  }
]