{
	"editor": {
		"backDropShape": "C:/Users/Cal/Desktop/boobold",
		"collapsedPaths": "Root/SideDecorationCrown/CrownFront,Root/ArmorHelmet/PlumeP3/Plume22,Root/ArmorHelmet/SideDecorationCrown/CrownBack,Root/ArmorHelmet/TopDecorationLion/leg2/legdown2,Root/ArmorHelmet/TopDecorationLion/hand2,Root/ArmorHelmet/TopDecorationLion/hand1,Root/ArmorHelmet/SideDecorationCrown/CrownRight,Root/SideDecorationCrown,Root/ArmorHelmet/Plume/Plume12,Root/ArmorHelmet/ArmorNose,Root/ArmorHelmet/TopDecorationLion/hand1/forearm1,Root/ArmorHelmet/lining,Root/TopDecorationLion/hand1,Root/ArmorHelmet/TopDecorationLion/Tail,Root/ArmorHelmet/SideDecorationCrown/CrownLeft,Root/ArmorHelmet/HeadDecCrownBase,Root/TopDecorationLion/hand2,Root/TopDecorationLion/Head,Root/ArmorHelmet/Plume/Plume4,Root/ArmorHelmet/Plume/Plume3,Root/ArmorHelmet/HeadDecCrownBase/CrownBack,Root/ArmorHelmet/TopDecorationLion/leg2,Root/ArmorHelmet/TopDecorationLion/leg1,Root/ArmorHelmet/Plume/Plume21,Root/TopDecorationLion/leg2,Root/ArmorHelmet/TopDecorationLion/hand2/forearm2,Root/ArmorHelmet/TopDecorationLion/Head,Root/ArmorHelmet/SideDecorationCrown/CrownFront,Root/ArmorHelmet/PlumeP2,Root/ArmorHelmet/TopDecorationLion/Bottomtop,Root/ArmorHelmet/Plume/Plume3/Plume4,Root/TopDecorationLion,Root/ArmorHelmet/TopDecorationLion/Head/Nose,Root/ArmorHelmet/HeadDecCrownBase/CrownFront3,Root/SideDecorationCrown/CrownRight,Root/ArmorHelmet/Plume/Plume21/Plume22,Root/ArmorHelmet/HeadDecCrownBase/CrownFront4,Root/ArmorHelmet/PlumeP1/Plume4,Root/ArmorHelmet/TopDecorationLion/leg1/legdown1,Root/ArmorHelmet/WreathCenter,Root/ArmorHelmet/HeadDecCrownBase/CrownLeft,Root/ArmorHelmet/HeadDecCrownBase/CrownFront2,Root/ArmorHelmet/Fin,Root/ArmorHelmet/Hinge1,Root/ArmorHelmet/HeadDecCrownBase/CrownFront,Root/ArmorHelmet/Hinge4,Root/SideDecorationCrown/CrownLeft,Root/ArmorHelmet/HeadDecCrownBase/CrownRight,Root/ArmorHelmet/HeadDecCrownBase/CrownRight2,Root/ArmorHelmet/PlumeBase,Root/SideDecorationCrown/CrownFront4,Root/SideDecorationCrown/CrownFront3,Root/SideDecorationCrown/CrownFront2",
		"allAngles": true,
		"entityTextureMode": true
	},
	"textureWidth": 64,
	"textureHeight": 64,
	"textureSizes": {
	},
	"textures": {
		"templarhead": "armor/entity/templar_helmets_steel",
		"plume": "block/plume/plumered"
	},
	"elements": [
		{
			"name": "ArmorHelmet",
			"stepParentName": "Head",
			"from": [ 0.9, 7.1, -0.7 ],
			"to": [ 7.9, 9.1, 5.8 ],
			"autoUnwrap": false,
			"uv": [ 27.0, 14.0 ],
			"rotationOrigin": [ 0.9, 7.1, -0.7 ],
			"rotationZ": -25.0,
			"faces": {
				"north": { "texture": "#templarhead", "uv": [ 26.5, 24.5, 33.5, 26.5 ], "windMode": [-1,-1,-1,-1], "windData": [1,1,1,1] },
				"east": { "texture": "#templarhead", "uv": [ 45.0, 24.5, 51.5, 26.5 ], "windMode": [-1,-1,-1,-1], "windData": [0,0,0,0] },
				"south": { "texture": "#templarhead", "uv": [ 38.5, 24.5, 45.5, 26.5 ], "windMode": [-1,-1,-1,-1], "windData": [1,1,1,1] },
				"west": { "texture": "#templarhead", "uv": [ 33.0, 21.0, 39.5, 23.0 ], "autoUv": false, "windMode": [-1,-1,-1,-1], "windData": [1,1,1,1] },
				"up": { "texture": "#templarhead", "uv": [ 33.0, 20.5, 39.5, 27.5 ], "rotation": 90, "windMode": [-1,-1,-1,-1], "windData": [1,1,1,1] },
				"down": { "texture": "#templarhead", "uv": [ 33.0, 26.0, 39.5, 33.0 ], "rotation": 90, "windMode": [-1,-1,-1,-1], "windData": [1,1,1,1] }
			},
			"children": [
				{
					"name": "ArmorHelmetTop",
					"from": [ 0.6, 2.0, 0.6 ],
					"to": [ 6.2, 2.2, 5.9 ],
					"unwrapMode": 4,
					"autoUnwrap": false,
					"uv": [ 23.5, 7.5 ],
					"rotationOrigin": [ 0.6, 2.0, 0.6 ],
					"faces": {
						"north": { "texture": "#templarhead", "uv": [ 33.5, 16.0, 39.0, 16.5 ], "windMode": [-1,-1,-1,-1], "windData": [1,1,1,1] },
						"east": { "texture": "#templarhead", "uv": [ 34.0, 16.0, 39.0, 16.5 ], "windMode": [-1,-1,-1,-1], "windData": [1,1,1,1] },
						"south": { "texture": "#templarhead", "uv": [ 33.0, 16.0, 38.5, 16.5 ], "windMode": [-1,-1,-1,-1], "windData": [1,1,1,1] },
						"west": { "texture": "#templarhead", "uv": [ 33.5, 19.5, 38.5, 20.0 ], "windMode": [-1,-1,-1,-1], "windData": [1,1,1,1] },
						"up": { "texture": "#templarhead", "uv": [ 33.5, 14.5, 38.5, 20.0 ], "rotation": 90, "windMode": [-1,-1,-1,-1], "windData": [1,1,1,1] },
						"down": { "texture": "#null", "uv": [ 5.5, 0.0, 11.0, 5.0 ], "enabled": false }
					}
				},
				{
					"name": "FaceMask1",
					"from": [ -0.5, -2.2, 3.3 ],
					"to": [ 0.0, -1.3, 6.11 ],
					"autoUnwrap": false,
					"uv": [ 32.0, 36.0 ],
					"rotationOrigin": [ -0.5, -2.2, 3.3 ],
					"rotationY": 5.0,
					"rotationZ": -21.0,
					"faces": {
						"north": { "texture": "#templarhead", "uv": [ 32.0, 38.5, 32.5, 39.0 ] },
						"east": { "texture": "#templarhead", "uv": [ 32.5, 38.5, 35.0, 39.0 ] },
						"south": { "texture": "#templarhead", "uv": [ 35.0, 38.5, 35.5, 39.0 ], "autoUv": false },
						"west": { "texture": "#templarhead", "uv": [ 34.5, 38.0, 39.0, 39.3 ], "autoUv": false },
						"up": { "texture": "#templarhead", "uv": [ 32.0, 36.0, 32.5, 38.5 ] },
						"down": { "texture": "#templarhead", "uv": [ 32.5, 36.0, 33.0, 38.5 ] }
					}
				},
				{
					"name": "FaceMask2",
					"from": [ -0.5, -2.2, 0.29 ],
					"to": [ 0.0, -1.3, 3.09 ],
					"autoUnwrap": false,
					"uv": [ 27.5, 36.0 ],
					"rotationOrigin": [ -0.5, -2.2, 3.5 ],
					"rotationY": -5.0,
					"rotationZ": -21.0,
					"faces": {
						"north": { "texture": "#templarhead", "uv": [ 28.5, 38.5, 29.0, 39.0 ] },
						"east": { "texture": "#templarhead", "uv": [ 28.5, 38.5, 31.0, 39.0 ] },
						"south": { "texture": "#templarhead", "uv": [ 30.5, 38.5, 31.0, 39.0 ] },
						"west": { "texture": "#templarhead", "uv": [ 30.0, 38.0, 34.2, 39.3 ], "autoUv": false },
						"up": { "texture": "#templarhead", "uv": [ 27.5, 36.0, 28.0, 38.5 ] },
						"down": { "texture": "#templarhead", "uv": [ 28.0, 36.0, 28.5, 38.5 ] }
					}
				},
				{
					"name": "FaceMask3",
					"from": [ -0.5, -3.5, 0.3 ],
					"to": [ 0.1, -2.2, 3.1 ],
					"autoUnwrap": false,
					"uv": [ 27.5, 36.0 ],
					"rotationOrigin": [ -0.5, -3.5, 3.5 ],
					"rotationY": -5.0,
					"faces": {
						"north": { "texture": "#templarhead", "uv": [ 28.5, 38.5, 28.0, 39.5 ], "autoUv": false },
						"east": { "texture": "#templarhead", "uv": [ 28.0, 38.5, 30.5, 39.5 ], "autoUv": false },
						"south": { "texture": "#templarhead", "uv": [ 30.5, 38.5, 31.0, 39.5 ] },
						"west": { "texture": "#templarhead", "uv": [ 30.1, 37.2, 34.2, 39.2 ], "autoUv": false },
						"up": { "texture": "#templarhead", "uv": [ 27.5, 36.0, 28.0, 38.5 ] },
						"down": { "texture": "#templarhead", "uv": [ 28.0, 36.0, 28.5, 38.5 ] }
					}
				},
				{
					"name": "FaceMask4",
					"from": [ -0.48, -3.5, 3.3 ],
					"to": [ 0.12, -2.2, 6.1 ],
					"autoUnwrap": false,
					"uv": [ 32.5, 35.5 ],
					"rotationOrigin": [ -0.5, -3.5, 3.3 ],
					"rotationY": 5.0,
					"rotationZ": 1.0,
					"faces": {
						"north": { "texture": "#templarhead", "uv": [ 32.5, 38.0, 33.0, 39.0 ] },
						"east": { "texture": "#templarhead", "uv": [ 33.0, 38.0, 35.5, 39.0 ], "autoUv": false },
						"south": { "texture": "#templarhead", "uv": [ 36.0, 38.0, 36.5, 39.0 ] },
						"west": { "texture": "#templarhead", "uv": [ 34.5, 37.3, 39.0, 39.5 ], "autoUv": false, "windMode": [-1,-1,-1,-1], "windData": [1,1,1,1] },
						"up": { "texture": "#templarhead", "uv": [ 32.5, 35.5, 33.0, 38.0 ] },
						"down": { "texture": "#templarhead", "uv": [ 33.0, 35.5, 33.5, 38.0 ] }
					}
				},
				{
					"name": "FaceMask5",
					"from": [ 0.07, -4.7, 3.3 ],
					"to": [ 0.77, -3.4, 6.0 ],
					"autoUnwrap": false,
					"uv": [ 32.0, 34.5 ],
					"rotationOrigin": [ 0.1, -4.7, 3.3 ],
					"rotationY": 5.0,
					"rotationZ": 20.0,
					"faces": {
						"north": { "texture": "#templarhead", "uv": [ 32.0, 37.0, 32.5, 38.0 ] },
						"east": { "texture": "#templarhead", "uv": [ 32.5, 37.0, 35.0, 38.0 ] },
						"south": { "texture": "#templarhead", "uv": [ 35.0, 37.0, 35.5, 38.0 ] },
						"west": { "texture": "#templarhead", "uv": [ 34.7, 36.4, 39.0, 38.4 ], "autoUv": false },
						"up": { "texture": "#templarhead", "uv": [ 32.0, 34.5, 32.5, 37.0 ] },
						"down": { "texture": "#templarhead", "uv": [ 32.5, 34.5, 33.0, 37.0 ] }
					}
				},
				{
					"name": "FaceMask6",
					"from": [ 0.05, -4.7, 0.4 ],
					"to": [ 0.75, -3.4, 3.1 ],
					"autoUnwrap": false,
					"uv": [ 29.0, 35.5 ],
					"rotationOrigin": [ 0.1, -4.7, 3.6 ],
					"rotationY": -5.0,
					"rotationZ": 20.0,
					"faces": {
						"north": { "texture": "#templarhead", "uv": [ 29.0, 38.0, 29.5, 39.0 ] },
						"east": { "texture": "#templarhead", "uv": [ 29.5, 38.0, 32.0, 39.0 ] },
						"south": { "texture": "#templarhead", "uv": [ 32.0, 38.0, 32.5, 39.0 ] },
						"west": { "texture": "#templarhead", "uv": [ 30.2, 37.3, 34.0, 39.3 ], "autoUv": false },
						"up": { "texture": "#templarhead", "uv": [ 29.0, 35.5, 29.5, 38.0 ] },
						"down": { "texture": "#templarhead", "uv": [ 29.5, 35.5, 30.0, 38.0 ] }
					}
				},
				{
					"name": "FaceCoverL1",
					"from": [ 0.21, -2.8, 6.0 ],
					"to": [ 1.11, 0.1, 6.4 ],
					"uv": [ 28.5, 20.5 ],
					"rotationOrigin": [ 0.2, -3.8, 6.0 ],
					"faces": {
						"north": { "texture": "#templarhead", "uv": [ 28.5, 21.0, 29.0, 23.5 ] },
						"east": { "texture": "#templarhead", "uv": [ 29.0, 21.0, 29.5, 23.5 ] },
						"south": { "texture": "#templarhead", "uv": [ 29.5, 21.0, 30.0, 23.5 ] },
						"west": { "texture": "#templarhead", "uv": [ 30.0, 21.0, 30.5, 23.5 ] },
						"up": { "texture": "#templarhead", "uv": [ 28.5, 20.5, 29.0, 21.0 ] },
						"down": { "texture": "#templarhead", "uv": [ 29.0, 20.5, 29.5, 21.0 ] }
					},
					"children": [
						{
							"name": "FaceCoverL2",
							"from": [ 0.21, -1.39, -0.22 ],
							"to": [ 1.61, 0.21, 0.38 ],
							"uv": [ 40.0, 24.5 ],
							"rotationOrigin": [ 0.2069, -1.3907, -0.2209 ],
							"rotationX": 2.9995,
							"rotationY": 0.0523,
							"rotationZ": 17.9986,
							"faces": {
								"north": { "texture": "#templarhead", "uv": [ 40.0, 25.0, 41.0, 26.5 ] },
								"east": { "texture": "#templarhead", "uv": [ 41.0, 25.0, 41.5, 26.5 ] },
								"south": { "texture": "#templarhead", "uv": [ 41.5, 25.0, 42.5, 26.5 ] },
								"west": { "texture": "#templarhead", "uv": [ 42.5, 25.0, 43.0, 26.5 ] },
								"up": { "texture": "#templarhead", "uv": [ 40.0, 24.5, 41.0, 25.0 ] },
								"down": { "texture": "#templarhead", "uv": [ 41.0, 24.5, 42.0, 25.0 ] }
							}
						}
					]
				},
				{
					"name": "FaceCoverR1",
					"from": [ 0.2, -2.8, 0.1 ],
					"to": [ 1.1, 0.1, 0.5 ],
					"uv": [ 45.2, 20.3 ],
					"rotationOrigin": [ 0.2, -3.8, 0.1 ],
					"faces": {
						"north": { "texture": "#templarhead", "uv": [ 45.0, 21.0, 45.5, 23.5 ] },
						"east": { "texture": "#templarhead", "uv": [ 46.0, 21.0, 46.5, 23.5 ] },
						"south": { "texture": "#templarhead", "uv": [ 46.5, 21.0, 47.0, 23.5 ] },
						"west": { "texture": "#templarhead", "uv": [ 47.0, 21.0, 47.5, 23.5 ] },
						"up": { "texture": "#templarhead", "uv": [ 45.0, 20.5, 45.5, 21.0 ] },
						"down": { "texture": "#templarhead", "uv": [ 46.0, 20.5, 46.5, 21.0 ] }
					},
					"children": [
						{
							"name": "FaceCoverR2",
							"from": [ 0.21, -1.39, -0.2 ],
							"to": [ 1.61, 0.21, 0.4 ],
							"uv": [ 26.9, 24.5 ],
							"rotationOrigin": [ 0.2069, -1.3907, -0.1209 ],
							"rotationX": 2.9995,
							"rotationY": 0.0523,
							"rotationZ": 17.9986,
							"faces": {
								"north": { "texture": "#templarhead", "uv": [ 27.0, 25.0, 28.0, 26.5 ] },
								"east": { "texture": "#templarhead", "uv": [ 28.0, 25.0, 28.5, 26.5 ] },
								"south": { "texture": "#templarhead", "uv": [ 28.5, 25.0, 29.5, 26.5 ] },
								"west": { "texture": "#templarhead", "uv": [ 29.5, 25.0, 30.0, 26.5 ] },
								"up": { "texture": "#templarhead", "uv": [ 27.0, 24.5, 28.0, 25.0 ] },
								"down": { "texture": "#templarhead", "uv": [ 28.0, 24.5, 29.0, 25.0 ] }
							}
						}
					]
				},
				{
					"name": "ArmorNeck1",
					"from": [ 1.5492, -5.6701, 1.3 ],
					"to": [ 5.1492, -3.8701, 4.9 ],
					"unwrapMode": 4,
					"uv": [ 5.5, 26.5 ],
					"rotationOrigin": [ 1.5492, -3.6701, 1.3 ],
					"rotationZ": 7.0,
					"faces": {
						"north": { "texture": "#templarhead", "uv": [ 5.5, 26.5, 9.0, 28.0 ] },
						"east": { "texture": "#templarhead", "uv": [ 16.0, 26.5, 19.5, 28.0 ] },
						"south": { "texture": "#templarhead", "uv": [ 12.5, 26.5, 16.0, 28.0 ] },
						"west": { "texture": "#templarhead", "uv": [ 9.0, 26.5, 12.5, 28.0 ] },
						"up": { "texture": "#null", "uv": [ 9.0, 26.5, 12.5, 30.0 ], "rotation": 90, "enabled": false },
						"down": { "texture": "#null", "uv": [ 9.0, 31.5, 12.5, 35.0 ], "rotation": 90, "enabled": false }
					}
				},
				{
					"name": "InnerCowl",
					"from": [ 0.5, -3.7, 0.2 ],
					"to": [ 6.8, 0.6, 6.28 ],
					"autoUnwrap": false,
					"uv": [ 53.5, 46.0 ],
					"rotationOrigin": [ 0.5, -3.7, 0.2 ],
					"faces": {
						"north": { "texture": "#templarhead", "uv": [ 53.5, 51.5, 59.5, 55.5 ] },
						"east": { "texture": "#templarhead", "uv": [ 57.0, 51.5, 63.0, 55.5 ] },
						"south": { "texture": "#templarhead", "uv": [ 56.0, 51.5, 62.0, 55.0 ], "autoUv": false, "windMode": [-1,-1,-1,-1], "windData": [1,1,1,1] },
						"west": { "texture": "#templarhead", "uv": [ 56.0, 51.5, 62.0, 55.5 ], "windMode": [-1,-1,-1,-1], "windData": [1,1,1,1] },
						"up": { "texture": "#templarhead", "uv": [ 53.5, 44.0, 59.5, 50.0 ], "windMode": [-1,-1,-1,-1], "windData": [1,1,1,1] },
						"down": { "texture": "#templarhead", "uv": [ 57.0, 44.0, 63.0, 50.0 ], "windMode": [-1,-1,-1,-1], "windData": [1,1,1,1] }
					}
				},
				{
					"name": "FaceMask7",
					"from": [ 0.0, -1.5, 0.3 ],
					"to": [ 0.4, 0.1, 3.1 ],
					"autoUnwrap": false,
					"uv": [ 18.4, 30.1 ],
					"rotationOrigin": [ 0.0, -1.5, 3.1 ],
					"rotationY": -2.0,
					"faces": {
						"north": { "texture": "#templarhead", "uv": [ 20.5, 26.5, 21.0, 28.0 ] },
						"east": { "texture": "#templarhead", "uv": [ 22.5, 26.5, 25.0, 28.0 ] },
						"south": { "texture": "#templarhead", "uv": [ 21.5, 33.0, 22.0, 34.5 ] },
						"west": { "texture": "#templarhead", "uv": [ 21.6, 32.0, 24.5, 35.5 ], "autoUv": false },
						"up": { "texture": "#templarhead", "uv": [ 19.5, 24.5, 20.0, 27.0 ] },
						"down": { "texture": "#templarhead", "uv": [ 20.0, 26.5, 20.5, 29.0 ] }
					}
				},
				{
					"name": "FaceMask8",
					"from": [ 0.0, -1.5, 3.3 ],
					"to": [ 0.4, 0.1, 6.1 ],
					"autoUnwrap": false,
					"uv": [ 23.0, 30.5 ],
					"rotationOrigin": [ 0.0, -1.5, 3.3 ],
					"rotationY": 2.0,
					"rotationZ": 1.0,
					"faces": {
						"north": { "texture": "#templarhead", "uv": [ 23.0, 33.0, 23.5, 34.5 ] },
						"east": { "texture": "#templarhead", "uv": [ 23.5, 33.0, 26.0, 34.5 ] },
						"south": { "texture": "#templarhead", "uv": [ 26.0, 35.0, 26.5, 36.5 ] },
						"west": { "texture": "#templarhead", "uv": [ 26.5, 32.0, 29.4, 35.5 ], "autoUv": false, "windMode": [-1,-1,-1,-1], "windData": [1,1,1,1] },
						"up": { "texture": "#templarhead", "uv": [ 23.0, 30.5, 23.5, 33.0 ] },
						"down": { "texture": "#templarhead", "uv": [ 23.5, 30.5, 24.0, 33.0 ] }
					}
				},
				{
					"name": "Nose1",
					"from": [ -0.6, -1.5, 2.8 ],
					"to": [ 0.0, 0.1, 3.6 ],
					"uv": [ 5.5, 18.5 ],
					"rotationOrigin": [ -0.6, -1.5, 2.8 ],
					"rotationY": 2.0,
					"rotationZ": -3.0,
					"faces": {
						"north": { "texture": "#templarhead", "uv": [ 5.5, 19.0, 6.0, 20.5 ] },
						"east": { "texture": "#templarhead", "uv": [ 6.0, 19.0, 6.5, 20.5 ] },
						"south": { "texture": "#templarhead", "uv": [ 6.5, 19.0, 7.0, 20.5 ] },
						"west": { "texture": "#templarhead", "uv": [ 7.0, 19.0, 7.5, 20.5 ], "windMode": [-1,-1,-1,-1], "windData": [1,1,1,1] },
						"up": { "texture": "#templarhead", "uv": [ 5.5, 18.5, 6.0, 19.0 ] },
						"down": { "texture": "#templarhead", "uv": [ 6.0, 18.5, 6.5, 19.0 ] }
					}
				},
				{
					"name": "Nose2",
					"from": [ -0.5, 0.1, 2.8 ],
					"to": [ 0.1, 2.5, 3.6 ],
					"uv": [ 5.5, 19.0 ],
					"rotationOrigin": [ -0.5, 0.1, 2.8 ],
					"rotationY": 2.0,
					"rotationZ": -11.0,
					"faces": {
						"north": { "texture": "#templarhead", "uv": [ 5.5, 19.5, 6.0, 21.5 ] },
						"east": { "texture": "#templarhead", "uv": [ 6.0, 19.5, 6.5, 21.5 ] },
						"south": { "texture": "#templarhead", "uv": [ 6.5, 19.5, 7.0, 21.5 ] },
						"west": { "texture": "#templarhead", "uv": [ 7.0, 19.5, 7.5, 21.5 ], "windMode": [-1,-1,-1,-1], "windData": [1,1,1,1] },
						"up": { "texture": "#templarhead", "uv": [ 5.5, 19.0, 6.0, 19.5 ] },
						"down": { "texture": "#templarhead", "uv": [ 6.0, 19.0, 6.5, 19.5 ] }
					}
				},
				{
					"name": "Nose3",
					"from": [ -0.9, -2.7, 2.8 ],
					"to": [ -0.3, -1.4, 3.6 ],
					"uv": [ 6.5, 20.0 ],
					"rotationOrigin": [ -0.9, -2.7, 2.8 ],
					"rotationY": 2.0,
					"rotationZ": -12.0,
					"faces": {
						"north": { "texture": "#templarhead", "uv": [ 6.5, 20.5, 7.0, 21.5 ] },
						"east": { "texture": "#templarhead", "uv": [ 7.0, 20.5, 7.5, 21.5 ] },
						"south": { "texture": "#templarhead", "uv": [ 7.5, 20.5, 8.0, 21.5 ] },
						"west": { "texture": "#templarhead", "uv": [ 8.0, 20.5, 8.5, 21.5 ], "windMode": [-1,-1,-1,-1], "windData": [1,1,1,1] },
						"up": { "texture": "#templarhead", "uv": [ 6.5, 20.0, 7.0, 20.5 ] },
						"down": { "texture": "#templarhead", "uv": [ 7.0, 20.0, 7.5, 20.5 ] }
					}
				},
				{
					"name": "Nose4",
					"from": [ -0.8, -4.0, 2.8 ],
					"to": [ -0.2, -2.7, 3.6 ],
					"uv": [ 8.0, 20.5 ],
					"rotationOrigin": [ -0.8, -4.0, 2.8 ],
					"rotationY": 2.0,
					"rotationZ": 1.0,
					"faces": {
						"north": { "texture": "#templarhead", "uv": [ 8.0, 21.0, 8.5, 22.0 ] },
						"east": { "texture": "#templarhead", "uv": [ 8.5, 21.0, 9.0, 22.0 ] },
						"south": { "texture": "#templarhead", "uv": [ 9.0, 21.0, 9.5, 22.0 ] },
						"west": { "texture": "#templarhead", "uv": [ 9.5, 21.0, 10.0, 22.0 ], "windMode": [-1,-1,-1,-1], "windData": [1,1,1,1] },
						"up": { "texture": "#templarhead", "uv": [ 8.0, 20.5, 8.5, 21.0 ] },
						"down": { "texture": "#templarhead", "uv": [ 8.5, 20.5, 9.0, 21.0 ] }
					}
				},
				{
					"name": "Nose5",
					"from": [ -0.1, -5.2, 2.8 ],
					"to": [ 0.5, -3.9, 3.6 ],
					"uv": [ 7.5, 21.0 ],
					"rotationOrigin": [ -0.1, -5.2, 2.8 ],
					"rotationY": 2.0,
					"rotationZ": 30.0,
					"faces": {
						"north": { "texture": "#templarhead", "uv": [ 7.5, 21.5, 8.0, 22.5 ] },
						"east": { "texture": "#templarhead", "uv": [ 8.0, 21.5, 8.5, 22.5 ] },
						"south": { "texture": "#templarhead", "uv": [ 8.5, 21.5, 9.0, 22.5 ] },
						"west": { "texture": "#templarhead", "uv": [ 9.0, 21.5, 9.5, 22.5 ], "windMode": [-1,-1,-1,-1], "windData": [1,1,1,1] },
						"up": { "texture": "#templarhead", "uv": [ 7.5, 21.0, 8.0, 21.5 ] },
						"down": { "texture": "#templarhead", "uv": [ 8.0, 21.0, 8.5, 21.5 ] }
					}
				},
				{
					"name": "Nose6",
					"from": [ -0.1, -4.9, 2.5 ],
					"to": [ 0.5, -4.2, 3.9 ],
					"uv": [ 7.5, 18.5 ],
					"rotationOrigin": [ -0.1, -4.9, 2.5 ],
					"rotationY": 2.0,
					"rotationZ": 30.0,
					"faces": {
						"north": { "texture": "#templarhead", "uv": [ 7.5, 19.5, 8.0, 20.0 ] },
						"east": { "texture": "#templarhead", "uv": [ 8.0, 19.5, 9.0, 20.0 ] },
						"south": { "texture": "#templarhead", "uv": [ 9.0, 19.5, 9.5, 20.0 ] },
						"west": { "texture": "#templarhead", "uv": [ 9.5, 19.5, 10.5, 20.0 ], "windMode": [-1,-1,-1,-1], "windData": [1,1,1,1] },
						"up": { "texture": "#templarhead", "uv": [ 7.5, 18.5, 8.0, 19.5 ] },
						"down": { "texture": "#templarhead", "uv": [ 8.0, 18.5, 8.5, 19.5 ] }
					}
				},
				{
					"name": "Nose7",
					"from": [ -0.3, 1.0, 2.5 ],
					"to": [ 0.3, 1.7, 3.9 ],
					"uv": [ 6.0, 23.0 ],
					"rotationOrigin": [ -0.3, 1.0, 2.5 ],
					"rotationY": 2.0,
					"rotationZ": -11.0,
					"faces": {
						"north": { "texture": "#templarhead", "uv": [ 6.0, 24.0, 6.5, 24.5 ] },
						"east": { "texture": "#templarhead", "uv": [ 6.5, 24.0, 7.5, 24.5 ] },
						"south": { "texture": "#templarhead", "uv": [ 7.5, 24.0, 8.0, 24.5 ] },
						"west": { "texture": "#templarhead", "uv": [ 8.0, 24.0, 9.0, 24.5 ], "windMode": [-1,-1,-1,-1], "windData": [1,1,1,1] },
						"up": { "texture": "#templarhead", "uv": [ 6.0, 23.0, 6.5, 24.0 ] },
						"down": { "texture": "#templarhead", "uv": [ 6.5, 23.0, 7.0, 24.0 ] }
					}
				},
				{
					"name": "Nose8",
					"from": [ -0.6, -1.6, 3.6 ],
					"to": [ 0.0, -0.7, 6.1 ],
					"autoUnwrap": false,
					"uv": [ 19.5, 32.0 ],
					"rotationOrigin": [ -0.6, -1.6, 3.6 ],
					"rotationY": 12.0,
					"rotationZ": -3.0,
					"faces": {
						"north": { "texture": "#templarhead", "uv": [ 21.5, 34.5, 22.0, 35.0 ] },
						"east": { "texture": "#templarhead", "uv": [ 21.5, 34.5, 24.0, 35.0 ] },
						"south": { "texture": "#templarhead", "uv": [ 22.5, 34.5, 23.0, 35.0 ] },
						"west": { "texture": "#templarhead", "uv": [ 25.5, 33.7, 29.5, 34.7 ], "autoUv": false, "windMode": [-1,-1,-1,-1], "windData": [1,1,1,1] },
						"up": { "texture": "#templarhead", "uv": [ 26.2, 33.6, 28.5, 33.9 ], "autoUv": false },
						"down": { "texture": "#templarhead", "uv": [ 21.5, 32.0, 22.0, 34.5 ] }
					}
				},
				{
					"name": "Nose9",
					"from": [ -0.6, -1.6, 0.3 ],
					"to": [ 0.0, -0.7, 2.8 ],
					"autoUnwrap": false,
					"uv": [ 20.5, 32.0 ],
					"rotationOrigin": [ -0.6, -1.6, 2.8 ],
					"rotationY": -12.0,
					"rotationZ": -3.0,
					"faces": {
						"north": { "texture": "#templarhead", "uv": [ 20.5, 34.5, 21.0, 35.0 ] },
						"east": { "texture": "#templarhead", "uv": [ 21.0, 34.5, 23.5, 35.0 ] },
						"south": { "texture": "#templarhead", "uv": [ 23.5, 34.5, 24.0, 35.0 ] },
						"west": { "texture": "#templarhead", "uv": [ 21.5, 33.7, 25.5, 34.7 ], "autoUv": false, "windMode": [-1,-1,-1,-1], "windData": [1,1,1,1] },
						"up": { "texture": "#templarhead", "uv": [ 22.0, 35.0, 22.2, 34.6 ], "autoUv": false },
						"down": { "texture": "#templarhead", "uv": [ 21.0, 32.0, 21.5, 34.5 ] }
					}
				},
				{
					"name": "BearHead",
					"from": [ -0.27, -0.8, 0.05 ],
					"to": [ 5.23, 3.2, 6.45 ],
					"unwrapMode": 4,
					"autoUnwrap": false,
					"uv": [ 25.5, 13.5 ],
					"rotationOrigin": [ 2.6314, 2.1994, 3.0 ],
					"rotationZ": 1.0,
					"faces": {
						"north": { "texture": "#plume", "uv": [ 25.5, 19.0, 31.0, 23.0 ] },
						"east": { "texture": "#plume", "uv": [ 42.5, 19.0, 48.5, 23.0 ], "windMode": [-1,-1,-1,-1], "windData": [1,1,1,1] },
						"south": { "texture": "#plume", "uv": [ 37.0, 19.0, 42.5, 23.0 ] },
						"west": { "texture": "#plume", "uv": [ 31.0, 19.3, 37.0, 23.0 ], "autoUv": false },
						"up": { "texture": "#plume", "uv": [ 31.0, 13.5, 37.0, 19.0 ], "rotation": 90 },
						"down": { "texture": "#plume", "uv": [ 58.0, 58.5, 64.0, 64.0 ], "rotation": 90 }
					},
					"children": [
						{
							"name": "BearMouth",
							"from": [ -2.5, 0.7, 1.7 ],
							"to": [ 0.5, 2.7, 4.7 ],
							"unwrapMode": 4,
							"uv": [ 41.0, 11.0 ],
							"rotationOrigin": [ 0.0, 2.2, 3.2 ],
							"rotationZ": 14.0,
							"faces": {
								"north": { "texture": "#plume", "uv": [ 41.0, 14.0, 44.0, 16.0 ] },
								"east": { "texture": "#null", "uv": [ 50.0, 14.0, 53.0, 16.0 ], "enabled": false },
								"south": { "texture": "#plume", "uv": [ 47.0, 14.0, 50.0, 16.0 ] },
								"west": { "texture": "#plume", "uv": [ 44.0, 14.0, 47.0, 16.0 ] },
								"up": { "texture": "#plume", "uv": [ 44.0, 11.0, 47.0, 14.0 ], "rotation": 90 },
								"down": { "texture": "#plume", "uv": [ 44.0, 16.0, 47.0, 19.0 ], "rotation": 90 }
							},
							"children": [
								{
									"name": "BearNose",
									"from": [ -0.1, 1.5, 1.1 ],
									"to": [ 0.6, 2.1, 1.9 ],
									"uv": [ 4.0, 0.0 ],
									"rotationOrigin": [ 0.0, 1.5, 1.5 ],
									"faces": {
										"north": { "texture": "#plume", "uv": [ 4.0, 0.5, 4.5, 1.0 ] },
										"east": { "texture": "#plume", "uv": [ 4.5, 0.5, 5.0, 1.0 ] },
										"south": { "texture": "#plume", "uv": [ 5.0, 0.5, 5.5, 1.0 ] },
										"west": { "texture": "#plume", "uv": [ 5.5, 0.5, 6.0, 1.0 ] },
										"up": { "texture": "#plume", "uv": [ 4.0, 0.0, 4.5, 0.5 ] },
										"down": { "texture": "#plume", "uv": [ 4.5, 0.0, 5.0, 0.5 ] }
									}
								},
								{
									"name": "BearTooth1",
									"from": [ 0.1, -0.7, 0.1 ],
									"to": [ 0.4, 0.0, 0.4 ],
									"uv": [ 24.5, 0.5 ],
									"rotationOrigin": [ 0.1, 0.0, 0.1 ],
									"rotationZ": 8.0,
									"faces": {
										"north": { "texture": "#plume", "uv": [ 24.5, 1.0, 25.0, 1.5 ] },
										"east": { "texture": "#plume", "uv": [ 25.0, 1.0, 25.5, 1.5 ] },
										"south": { "texture": "#plume", "uv": [ 25.5, 1.0, 26.0, 1.5 ] },
										"west": { "texture": "#plume", "uv": [ 26.0, 1.0, 26.5, 1.5 ] },
										"up": { "texture": "#null", "uv": [ 24.5, 0.5, 25.0, 1.0 ], "enabled": false },
										"down": { "texture": "#plume", "uv": [ 24.5, 0.5, 25.0, 1.0 ] }
									}
								},
								{
									"name": "BearTooth2",
									"from": [ 0.1, -0.7, 2.6 ],
									"to": [ 0.4, 0.0, 2.9 ],
									"uv": [ 24.5, 0.0 ],
									"rotationOrigin": [ 0.1, 0.0, 2.9 ],
									"rotationZ": 8.0,
									"faces": {
										"north": { "texture": "#plume", "uv": [ 24.5, 0.5, 25.0, 1.0 ] },
										"east": { "texture": "#plume", "uv": [ 25.0, 0.5, 25.5, 1.0 ] },
										"south": { "texture": "#plume", "uv": [ 25.5, 0.5, 26.0, 1.0 ] },
										"west": { "texture": "#plume", "uv": [ 26.0, 0.5, 26.5, 1.0 ] },
										"up": { "texture": "#null", "uv": [ 24.5, 0.0, 25.0, 0.5 ], "enabled": false },
										"down": { "texture": "#plume", "uv": [ 24.5, 0.0, 25.0, 0.5 ] }
									}
								},
								{
									"name": "BearTooth3",
									"from": [ 0.7, -0.5, 0.1 ],
									"to": [ 1.0, 0.0, 0.4 ],
									"uv": [ 24.5, 1.0 ],
									"rotationOrigin": [ 0.7, 0.0, 0.1 ],
									"rotationZ": 8.0,
									"faces": {
										"north": { "texture": "#plume", "uv": [ 24.5, 1.5, 25.0, 2.0 ] },
										"east": { "texture": "#plume", "uv": [ 25.0, 1.5, 25.5, 2.0 ] },
										"south": { "texture": "#plume", "uv": [ 25.5, 1.5, 26.0, 2.0 ] },
										"west": { "texture": "#plume", "uv": [ 26.0, 1.5, 26.5, 2.0 ] },
										"up": { "texture": "#null", "uv": [ 24.5, 1.0, 25.0, 1.5 ], "enabled": false },
										"down": { "texture": "#plume", "uv": [ 24.5, 1.0, 25.0, 1.5 ] }
									}
								},
								{
									"name": "BearTooth4",
									"from": [ 0.7, -0.5, 2.6 ],
									"to": [ 1.0, 0.0, 2.9 ],
									"uv": [ 24.5, 1.5 ],
									"rotationOrigin": [ 0.7, 0.0, 2.9 ],
									"rotationZ": 8.0,
									"faces": {
										"north": { "texture": "#plume", "uv": [ 24.5, 2.0, 25.0, 2.5 ] },
										"east": { "texture": "#plume", "uv": [ 25.0, 2.0, 25.5, 2.5 ] },
										"south": { "texture": "#plume", "uv": [ 25.5, 2.0, 26.0, 2.5 ] },
										"west": { "texture": "#plume", "uv": [ 26.0, 2.0, 26.5, 2.5 ] },
										"up": { "texture": "#null", "uv": [ 24.5, 1.5, 25.0, 2.0 ], "enabled": false },
										"down": { "texture": "#plume", "uv": [ 24.5, 1.5, 25.0, 2.0 ] }
									}
								}
							]
						},
						{
							"name": "BearCheek",
							"from": [ 0.0, 0.0, 0.3 ],
							"to": [ 1.9, 1.9, 6.1 ],
							"unwrapMode": 5,
							"uv": [ 45.0, 24.0 ],
							"rotationOrigin": [ 0.0, 0.0, 0.3 ],
							"rotationZ": 44.0,
							"faces": {
								"north": { "texture": "#plume", "uv": [ 46.5, 24.0, 48.0, 25.5 ], "rotation": 180 },
								"east": { "texture": "#null", "uv": [ 48.0, 25.5, 49.5, 31.0 ], "rotation": 90, "enabled": false },
								"south": { "texture": "#plume", "uv": [ 46.5, 31.0, 48.0, 32.5 ] },
								"west": { "texture": "#plume", "uv": [ 45.0, 25.5, 46.5, 31.0 ], "rotation": 270 },
								"up": { "texture": "#plume", "uv": [ 46.5, 25.5, 48.0, 31.0 ] },
								"down": { "texture": "#plume", "uv": [ 48.0, 25.5, 49.5, 31.0 ] }
							}
						},
						{
							"name": "BearEarL",
							"from": [ 1.9, 3.9, 4.7 ],
							"to": [ 2.4, 5.4, 6.2 ],
							"unwrapMode": 4,
							"uv": [ 36.0, 51.0 ],
							"rotationOrigin": [ 1.9, 3.9, 4.7 ],
							"rotationX": 36.0,
							"faces": {
								"north": { "texture": "#plume", "uv": [ 36.0, 51.5, 36.5, 53.0 ] },
								"east": { "texture": "#plume", "uv": [ 38.5, 51.5, 40.0, 53.0 ] },
								"south": { "texture": "#plume", "uv": [ 38.0, 51.5, 38.5, 53.0 ] },
								"west": { "texture": "#plume", "uv": [ 36.5, 51.5, 38.0, 53.0 ] },
								"up": { "texture": "#plume", "uv": [ 36.5, 51.0, 38.0, 51.5 ], "rotation": 90 },
								"down": { "texture": "#null", "uv": [ 36.5, 53.0, 38.0, 53.5 ], "rotation": 90, "enabled": false }
							}
						},
						{
							"name": "BearEarR",
							"from": [ 1.9, 3.8, -0.2 ],
							"to": [ 2.4, 5.3, 1.3 ],
							"unwrapMode": 4,
							"uv": [ 36.0, 53.0 ],
							"rotationOrigin": [ 1.9, 3.8, 1.2 ],
							"rotationX": -36.0,
							"faces": {
								"north": { "texture": "#plume", "uv": [ 36.0, 53.5, 36.5, 55.0 ] },
								"east": { "texture": "#plume", "uv": [ 38.5, 53.5, 40.0, 55.0 ] },
								"south": { "texture": "#plume", "uv": [ 38.0, 53.5, 38.5, 55.0 ] },
								"west": { "texture": "#plume", "uv": [ 36.5, 53.5, 38.0, 55.0 ] },
								"up": { "texture": "#plume", "uv": [ 36.5, 53.0, 38.0, 53.5 ], "rotation": 90 },
								"down": { "texture": "#null", "uv": [ 36.5, 55.0, 38.0, 55.5 ], "rotation": 90, "enabled": false }
							}
						},
						{
							"name": "HelmetFluffUp1",
							"from": [ 3.6, 1.2, 0.2 ],
							"to": [ 9.1, 3.7, 5.8 ],
							"unwrapMode": 5,
							"uv": [ 57.0, 47.0 ],
							"rotationOrigin": [ 3.6, 3.2, 3.0 ],
							"faces": {
								"north": { "texture": "#plume", "uv": [ 57.0, 47.0, 62.5, 49.5 ], "rotation": 180 },
								"east": { "texture": "#null", "uv": [ 65.0, 49.5, 67.5, 55.0 ], "rotation": 90, "enabled": false },
								"south": { "texture": "#plume", "uv": [ 57.0, 55.0, 62.5, 57.5 ] },
								"west": { "texture": "#null", "uv": [ 57.0, 49.5, 59.5, 55.0 ], "rotation": 270, "enabled": false },
								"up": { "texture": "#plume", "uv": [ 57.0, 49.5, 62.5, 55.0 ] },
								"down": { "texture": "#null", "uv": [ 67.5, 49.5, 73.0, 55.0 ], "enabled": false }
							}
						},
						{
							"name": "HelmetFluffUp2",
							"from": [ 2.3, 0.4, -0.3 ],
							"to": [ 6.8, 3.4, 6.3 ],
							"unwrapMode": 5,
							"autoUnwrap": false,
							"uv": [ 55.0, 11.0 ],
							"rotationOrigin": [ 2.3, 3.4, 2.8 ],
							"rotationZ": 22.0,
							"faces": {
								"north": { "texture": "#plume", "uv": [ 51.0, 14.0, 54.0, 18.5 ], "rotation": 270 },
								"east": { "texture": "#null", "uv": [ 4.5, 6.5, 11.0, 9.5 ], "enabled": false },
								"south": { "texture": "#plume", "uv": [ 60.0, 14.0, 63.0, 18.5 ], "rotation": 90 },
								"west": { "texture": "#null", "uv": [ 15.5, 6.5, 22.0, 9.5 ], "enabled": false },
								"up": { "texture": "#plume", "uv": [ 54.0, 14.0, 60.5, 18.5 ], "rotation": 90 },
								"down": { "texture": "#null", "uv": [ 4.5, 0.0, 9.0, 6.5 ], "enabled": false }
							}
						},
						{
							"name": "HelmetBackFluff1",
							"from": [ 5.7, -4.4, 0.29 ],
							"to": [ 7.7, -0.4, 6.101 ],
							"unwrapMode": 2,
							"autoUnwrap": false,
							"uv": [ 24.5, 9.5 ],
							"rotationOrigin": [ 7.7, -0.4, 2.8 ],
							"rotationZ": 29.0,
							"faces": {
								"north": { "texture": "#plume", "uv": [ 31.5, 9.5, 33.5, 13.5 ] },
								"east": { "texture": "#plume", "uv": [ 26.5, 9.5, 32.0, 13.5 ] },
								"south": { "texture": "#plume", "uv": [ 24.5, 9.5, 26.5, 13.5 ] },
								"west": { "texture": "#null", "uv": [ 9.5, 5.5, 15.0, 9.5 ], "enabled": false },
								"up": { "texture": "#null", "uv": [ 0.0, 0.0, 2.0, 5.5 ], "enabled": false },
								"down": { "texture": "#null", "uv": [ 2.0, 0.0, 4.0, 5.5 ], "enabled": false }
							}
						},
						{
							"name": "HelmetBackFluff2",
							"from": [ 5.8, -1.8, 0.35 ],
							"to": [ 7.8, 2.2, 6.05 ],
							"unwrapMode": 2,
							"uv": [ 38.5, 0.0 ],
							"rotationOrigin": [ 7.8, 2.2, 2.9 ],
							"rotationZ": 33.0,
							"faces": {
								"north": { "texture": "#plume", "uv": [ 46.0, 0.0, 48.0, 4.0 ] },
								"east": { "texture": "#plume", "uv": [ 40.5, 0.0, 46.0, 4.0 ] },
								"south": { "texture": "#plume", "uv": [ 38.5, 0.0, 40.5, 4.0 ] },
								"west": { "texture": "#null", "uv": [ 48.0, 2.0, 53.5, 6.0 ], "enabled": false },
								"up": { "texture": "#null", "uv": [ 40.5, 0.0, 46.0, 2.0 ], "rotation": 270, "enabled": false },
								"down": { "texture": "#null", "uv": [ 40.5, 6.0, 46.0, 8.0 ], "rotation": 270, "enabled": false }
							}
						},
						{
							"name": "HelmetFluffL1",
							"from": [ 0.9, -1.7, 4.7 ],
							"to": [ 7.4, 1.3, 6.7 ],
							"autoUnwrap": false,
							"uv": [ 47.5, 56.5 ],
							"rotationOrigin": [ 4.4, 1.3, 6.7 ],
							"rotationX": -36.0,
							"faces": {
								"north": { "texture": "#null", "uv": [ 0.0, 2.0, 6.5, 5.0 ], "enabled": false },
								"east": { "texture": "#plume", "uv": [ 48.0, 56.5, 50.0, 59.5 ] },
								"south": { "texture": "#plume", "uv": [ 50.0, 56.5, 56.5, 59.5 ] },
								"west": { "texture": "#plume", "uv": [ 55.0, 56.5, 57.0, 59.5 ] },
								"up": { "texture": "#null", "uv": [ 0.0, 0.0, 6.5, 2.0 ], "enabled": false },
								"down": { "texture": "#null", "uv": [ 6.5, 0.0, 13.0, 2.0 ], "enabled": false }
							}
						},
						{
							"name": "HelmetFluffL2",
							"from": [ 0.2, 0.1, 4.2 ],
							"to": [ 7.5, 3.1, 6.2 ],
							"unwrapMode": 3,
							"autoUnwrap": false,
							"uv": [ 54.0, 0.5 ],
							"rotationOrigin": [ 4.7, 3.1, 6.2 ],
							"rotationX": -44.0,
							"faces": {
								"north": { "texture": "#null", "uv": [ 0.0, 2.0, 7.0, 5.0 ], "enabled": false },
								"east": { "texture": "#plume", "uv": [ 62.0, 0.0, 64.0, 3.0 ] },
								"south": { "texture": "#plume", "uv": [ 56.0, 0.0, 63.0, 3.0 ] },
								"west": { "texture": "#plume", "uv": [ 54.0, 0.0, 56.0, 3.0 ] },
								"up": { "texture": "#null", "uv": [ 0.0, 0.0, 7.0, 2.0 ], "enabled": false },
								"down": { "texture": "#null", "uv": [ 7.0, 0.0, 14.0, 2.0 ], "enabled": false }
							}
						},
						{
							"name": "HelmetFluffR2",
							"from": [ 0.2, 0.1, 0.0 ],
							"to": [ 7.5, 3.1, 2.0 ],
							"unwrapMode": 1,
							"autoUnwrap": false,
							"uv": [ 54.0, 39.5 ],
							"rotationOrigin": [ 4.7, 3.1, 0.0 ],
							"rotationX": 44.0,
							"faces": {
								"north": { "texture": "#plume", "uv": [ 56.0, 39.5, 63.0, 42.5 ], "windMode": [-1,-1,-1,-1] },
								"east": { "texture": "#plume", "uv": [ 54.0, 39.5, 56.0, 42.5 ] },
								"south": { "texture": "#null", "uv": [ 9.0, 2.0, 16.0, 5.0 ], "enabled": false },
								"west": { "texture": "#plume", "uv": [ 62.0, 39.5, 64.0, 42.5 ] },
								"up": { "texture": "#null", "uv": [ 0.0, 0.0, 7.0, 2.0 ], "enabled": false },
								"down": { "texture": "#null", "uv": [ 7.0, 0.0, 14.0, 2.0 ], "enabled": false }
							}
						},
						{
							"name": "HelmetFluff1",
							"from": [ 0.9, -1.7, -0.5 ],
							"to": [ 7.4, 1.3, 1.5 ],
							"unwrapMode": 1,
							"autoUnwrap": false,
							"uv": [ 46.5, 53.0 ],
							"rotationOrigin": [ 4.4, 1.3, -0.5 ],
							"rotationX": 36.0,
							"faces": {
								"north": { "texture": "#plume", "uv": [ 48.5, 53.0, 55.0, 56.0 ], "windMode": [-1,-1,-1,-1] },
								"east": { "texture": "#plume", "uv": [ 48.0, 53.0, 50.0, 56.0 ] },
								"south": { "texture": "#null", "uv": [ 8.5, 2.0, 15.0, 5.0 ], "enabled": false },
								"west": { "texture": "#plume", "uv": [ 55.0, 53.0, 57.0, 56.0 ] },
								"up": { "texture": "#null", "uv": [ 0.0, 0.0, 6.5, 2.0 ], "enabled": false },
								"down": { "texture": "#null", "uv": [ 6.5, 0.0, 13.0, 2.0 ], "enabled": false }
							}
						},
						{
							"name": "HelmetFluffUp3",
							"from": [ 4.5, 1.0, 0.3 ],
							"to": [ 10.0, 3.5, 6.1 ],
							"unwrapMode": 5,
							"uv": [ 57.0, 47.0 ],
							"rotationOrigin": [ 4.5, 3.0, 3.1 ],
							"rotationZ": -19.0,
							"faces": {
								"north": { "texture": "#plume", "uv": [ 57.0, 47.0, 62.5, 49.5 ], "rotation": 180 },
								"east": { "texture": "#null", "uv": [ 65.0, 49.5, 67.5, 55.0 ], "rotation": 90, "enabled": false },
								"south": { "texture": "#plume", "uv": [ 57.0, 55.0, 62.5, 57.5 ] },
								"west": { "texture": "#null", "uv": [ 57.0, 49.5, 59.5, 55.0 ], "rotation": 270, "enabled": false },
								"up": { "texture": "#plume", "uv": [ 57.0, 49.5, 62.5, 55.0 ] },
								"down": { "texture": "#null", "uv": [ 67.5, 49.5, 73.0, 55.0 ], "enabled": false }
							}
						}
					]
				}
			]
		}
	],
	"animations": [
	]
}