[
  {
    "ingredientPattern": "SC",
    "ingredients": {
      "S": { "type": "block", "code": "game:sign-ground-north" },
      "C": { "type": "block", "code": "game:trunk-east", "attributes": { "type": "normal-generic" } } },
    "width": 1,
    "height": 2,
    "shapeless": true,
    "output": { "type": "block", "code": "labeledtrunk-east", "attributes": { "type": "generic" } }
  },

  {
    "ingredientPattern": "CC",
    "ingredients": {
      "C": { "type": "block", "code": "game:labeledchest-east", "attributes": { "type": "normal-labeled" } } },
    "width": 2,
    "height": 1,
    "output": { "type": "block", "code": "labeledtrunk-east", "attributes": { "type": "generic" } }
  }
]