[
  {
    "ingredientPattern": "NPN,SCS,_S_",
    "ingredients": {
      "N": { "type": "item", "code": "game:metalnailsandstrips-steel" },
      "S": { "type": "item", "code": "game:plank-*", "quantity": 4 },
      "C": { "type": "block", "code": "labeledtrunk-east", "attributes": { "type": "iron" } },
      "P": { "type": "item", "code": "game:metalplate-steel", "quantity": 2 } },
    "width": 3,
    "height": 3,   
    "output": { "type": "block", "code": "labeledtrunk-east", "attributes": { "type": "steel" } }
  },

  {
    "ingredientPattern": "SC",
    "ingredients": {
      "S": { "type": "block", "code": "game:sign-ground-north" },
      "C": { "type": "block", "code": "trunk-east", "attributes": { "type": "steel" } }
    },
    "width": 1,
    "height": 2,
    "shapeless": true,
    "output": { "type": "block", "code": "labeledtrunk-east", "attributes": { "type": "steel" }
    }
  },

  {
    "ingredientPattern": "CC",
    "ingredients": {
      "C": { "type": "block", "code": "labeledchest-east", "attributes": { "type": "steel" } }
    },
    "width": 2,
    "height": 1,
    "output": { "type": "block", "code": "labeledtrunk-east", "attributes": { "type": "steel" }
    }
  }
]