{
	"code": "vecncprogram",
	"storageFlags": 4097,
	"attributes": {
		"rackable": true,
		"toolrackTransform": {
			"translation": { "x": -0.06, "y": 0.48, "z": 0 },
			"rotation": { "x": -20, "y": -15, "z": 0 },
			"origin": { "x": 0.5, "y": 0, "z": 0.5 },
			"scale": 0.75
		},
		"groundStorageTransform": {
				"translation": { "x": 0.02, "y": -0.17, "z": -0.02 },
				"rotation": { "x": 90, "y": 90, "z": -90 },
				"scale": 0.67
		},
		"handbook": {
			"groupBy": ["vecncprogram-*"]
		}
	},
	"behaviors": [{
		"name": "GroundStorable",
		"properties": {
			"layout": "Quadrants",
			"selectionBox": { "x1": 0, "y1": 0, "z1": 0, "x2": 1, "y2": 0.1, "z2": 1 },
			"collisionBox": { "x1": 0, "y1": 0, "z1": 0, "x2": 0, "y2": 0.1, "z2": 0 }
		}
	}],
	"variantgroups": [
		{ "code": "type", "states": ["grid"] },
		{ "code": "status", "states": ["blank", "encoded"] }
	],
    "maxstacksizeByType": {
		"*-blank": 64,
		"*-encoded": 1
	},
	"heldTpHitAnimation": "smithing",
	"shapeByType": {
		"*": { "base": "vinteng:item/vecncprogram" }
	},
	"creativeinventory": { "general": ["*"], "items": ["*"], "tools": ["*"], "vinteng": ["*"] },
	"fpHandTransform": {
		"translation": { "x": 0, "y": 0.4, "z": 0 },
		"rotation": { "x": -33, "y": 6, "z": 90 },
		"origin": { "x": 0.5, "y": 0, "z": 0.5 },
		"scale": 2.75
	},
	"guiTransform": {
		"translation": { "x": 3, "y": 0, "z": 0 },
		"rotation": { "x": -41, "y": 47, "z": -23 },
		"origin": { "x": 0.5299, "y": 0, "z": 0.48 },
		"scale": 1.46
	},
	"groundTransform": {
		"translation": { "x": 0, "y": 0, "z": 0 },
		"rotation": { "x": 0, "y": 0, "z": 0 },
		"origin": { "x": 0.5, "y": 0, "z": 0.5 },
		"scale": 4.5
	},
	"tpHandTransform": {
		"translation": { "x": -0.85, "y": -0.6, "z": -0.22 },
		"rotation": { "x": 41, "y": 0, "z": 0 },
		"scale": 0.7
	}
}