{
	"code": "vediecast",
	"storageFlags": 4097,
	"attributes": {
		"rackable": true,
		"toolrackTransform": {
			"translation": { "x": 0.4, "y": 0.58, "z": 0 },
			"rotation": { "x": -180, "y": 0, "z": -9 },
			"origin": { "x": 0.5, "y": 0, "z": 0.5 },
			"scale": 2.41
		},
		"groundStorageTransform": {
			"translation": { "x": 0.02, "y": -0.001, "z": -0.02 },
			"rotation": { "x": 90, "y": 90, "z": -90 },
			"origin": { "x": 0.5, "y": 0, "z": 0.5 },
			"scale": 1.53
		},
		"handbook": {
			"groupBy": ["vediecast-*"]
		}
	},
	"behaviors": [{
		"name": "GroundStorable",
		"properties": {
			"layout": "Quadrants",
			"selectionBox": { "x1": 0, "y1": 0, "z1": 0, "x2": 1, "y2": 0.1, "z2": 1 },
			"collisionBox": { "x1": 0, "y1": 0, "z1": 0, "x2": 0, "y2": 0.1, "z2": 0 }
		}
	}],
	"variantgroups": [
        { "code": "type", "states": ["lv", "mv", "hv", "rod", "screw", "pipe" ] },
		{ "code": "metal", "states": ["tinbronze", "iron", "meteoriciron", "steel", "titanium"] }
	],
    "maxstacksize": 1,
	"heldTpHitAnimation": "smithing",
	"shapeByType": {
		"*-lv-*": { "base": "vinteng:item/vediecast-lv" },
        "*-mv-*": { "base": "vinteng:item/vediecast-mv" },
		"*-hv-*": { "base": "vinteng:item/vediecast-hv" },
		"*-rod-*": { "base": "vinteng:item/vediecast-rod" },
		"*-screw-*": { "base": "vinteng:item/vediecast-lv" },
		"*-pipe-*": { "base": "vinteng:item/vediecast-pipe" }
	},
	"texturesByType": {
		"*": {
			"steel": { "base": "game:block/metal/plate/{metal}" },
			"null": { "base": "game:block/metal/plate/{metal}" }
		}
	},
	"durabilitybytype": {
		"*-tinbronze": 200,
		"*-iron": 800,
		"*-meteoriciron": 2000,
		"*-steel": 4500,
        "*-titanium": 10000
	},
	"creativeinventory": { "general": ["*"], "items": ["*"], "tools": ["*"],"vinteng": ["*"]  },
	"fpHandTransform": {
		"translation": { "x": 0, "y": 0.4, "z": 0 },
		"rotation": { "x": -33, "y": 6, "z": 90 },
		"origin": { "x": 0.5, "y": 0, "z": 0.5 },
		"scale": 2.75
	},
	"guiTransform": {
		"translation": { "x": 3, "y": 0, "z": 0 },
		"rotation": { "x": -41, "y": 47, "z": -23 },
		"origin": { "x": 0.5299, "y": 0, "z": 0.48 },
		"scale": 4
	},
	"groundTransform": {
		"translation": { "x": 0, "y": 0, "z": 0 },
		"rotation": { "x": 0, "y": 0, "z": 0 },
		"origin": { "x": 0.5, "y": 0, "z": 0.5 },
		"scale": 4.5
	},
	"tpHandTransform": {
		"translation": { "x": -0.85, "y": -0.6, "z": -0.22 },
		"rotation": { "x": 41, "y": 0, "z": 0 },
		"scale": 0.74
	}
}