{
	"code": "vepipeupgrade",
	"class": "VEPipeUpgrade",
	"attributes": {
		"rackable": true,
		"toolrackTransform": {
			"translation": { "x": 0.26, "y": 0.48, "z": 0 },
			"rotation": { "x": -19, "y": -89, "z": -21 },
			"origin": { "x": 0.5, "y": 0.15, "z": 0.5 },
			"scale": 1.33
		},
		"groundStorageTransform": {
				"translation": { "x": 0.02, "y": -0.17, "z": -0.02 },
				"rotation": { "x": 90, "y": 90, "z": -90 },
				"scale": 0.67
		},
		"handbook": {
			"groupBy": ["vepipeupgrade-*"]
		}
	},
	"attributesByType": {
		"*-copper": 	{ "delay": 1000, "rate": 4, "canfilter": false, "changedistro": false },
		"*-tinbronze": 	{ "delay": 1000, "rate": 16, "canfilter": false, "changedistro": false },
		"*-iron":		{ "delay": 500, "rate": 32, "canfilter": false, "changedistro": true },
		"*-cupronickel":{ "delay": 250, "rate": 64, "canfilter": true, "changedistro": true },
		"*-steel": 		{ "delay": 100, "rate": -1, "canfilter": true, "changedistro": true },
		"*-silver": 	{ "delay": 1000, "rate": 4, "canfilter": true, "changedistro": false },
		"*-brass": 		{ "delay": 1000, "rate": 4, "canfilter": false, "changedistro": true }
	},
	"behaviors": [{
		"name": "GroundStorable",
		"properties": {
			"layout": "Quadrants",
			"selectionBox": { "x1": 0, "y1": 0, "z1": 0, "x2": 1, "y2": 0.1, "z2": 1 },
			"collisionBox": { "x1": 0, "y1": 0, "z1": 0, "x2": 0, "y2": 0.1, "z2": 0 }
		}
	}],
	"variantgroups": [
		{ "code": "tier", "states": ["copper", "tinbronze", "iron", "cupronickel", "steel", "silver", "brass"] }
	],
    "maxstacksizeByType": {
		"*": 16
	},
	"heldTpHitAnimation": "smithing",
	"shapeByType": {
		"*": { "base": "vinteng:item/vepipeupgrade" }
	},
	"texturesByType": {
		"*-copper": { "shinybrass": { "base": "game:block/metal/ingot/copper"} },
		"*-silver": { "shinybrass": { "base": "game:block/metal/ingot/silver"} },
		"*-brass": { "shinybrass": { "base": "vinteng:block/shinybrass"} },
		"*-tinbronze": { "shinybrass": { "base": "game:block/metal/ingot/tinbronze"} },
		"*-iron": { "shinybrass": { "base": "game:block/metal/ingot/iron"} },
		"*-cupronickel": { "shinybrass": { "base": "game:block/metal/ingot/cupronickel"} },
		"*-steel": { "shinybrass": { "base": "game:block/metal/ingot/steel"} }
	},
	"creativeinventory": { "general": ["*"], "items": ["*"], "tools": ["*"], "vinteng": ["*"]  },
	"fpHandTransform": {
		"translation": { "x": 0, "y": 0.4, "z": 0 },
		"rotation": { "x": -33, "y": 6, "z": 90 },
		"origin": { "x": 0.5, "y": 0, "z": 0.5 },
		"scale": 2.75
	},
	"guiTransform": {
		"translation": { "x": 3, "y": 0, "z": 0 },
		"rotation": { "x": -72, "y": 23, "z": -3 },
		"origin": { "x": 0.5299, "y": 0, "z": 0.48 },
		"scale": 2.73
	},
	"groundTransform": {
		"translation": { "x": 0, "y": 0, "z": 0 },
		"rotation": { "x": 0, "y": 0, "z": 0 },
		"origin": { "x": 0.5, "y": 0, "z": 0.5 },
		"scale": 4.5
	},
	"tpHandTransform": {
		"translation": { "x": -0.85, "y": -0.6, "z": -0.22 },
		"rotation": { "x": 41, "y": 0, "z": 0 },
		"scale": 0.7
	}
}