[
  {
    "ingredientPattern": "_P_,FCF,_F_",
    "ingredients": {
      "F": { "type": "item", "code": "game:burnedbrick-fire", "quantity": 4},
      "C": { "type": "block", "code": "storagevessel-{color}", "attributes": { "type": "tinbronze" } },
      "P": { "type": "item", "code": "game:metalplate-iron" } },
    "width": 3,
    "height": 3,
    "output": { "type": "block", "code": "storagevessel-{color}", "attributes": { "type": "iron" } }
  },

  {
    "ingredientPattern": "_P_,FCF,_F_",
    "ingredients": {
      "F": { "type": "item", "code": "game:burnedbrick-fire", "quantity": 4},
      "C": { "type": "block", "code": "storagevessel-{color}", "attributes": { "type": "bismuthbronze" } },
      "P": { "type": "item", "code": "game:metalplate-iron" } },
    "width": 3,
    "height": 3,   
    "output": { "type": "block", "code": "storagevessel-{color}", "attributes": { "type": "iron" } }
  },

  {
    "ingredientPattern": "_P_,FCF,_F_",
    "ingredients": {
      "F": { "type": "item", "code": "game:burnedbrick-fire", "quantity": 4},
      "C": { "type": "block", "code": "storagevessel-{color}", "attributes": { "type": "blackbronze" } },
      "P": { "type": "item", "code": "game:metalplate-iron" } },
    "width": 3,
    "height": 3,    
    "output": { "type": "block", "code": "storagevessel-{color}", "attributes": { "type": "iron" } }
  }
]

