﻿{
	"editor": {
		"allAngles": false,
		"entityTextureMode": false
	},
	"textureWidth": 16,
	"textureHeight": 16,
	"textureSizes": {
	},
	"textures": {
		"steel": "electricalprogressivebasics:block/steel"
	},
	"elements": [
		{
			"name": "Cube2",
			"from": [ 3.0, 0.0, 1.0 ],
			"to": [ 13.0, 1.0, 7.5 ],
			"rotationOrigin": [ 3.0, 0.0, 3.0 ],
			"faces": {
				"north": {
					"texture": "#steel",
					"uv": [ 0.0, 9.0, 10.0, 10.0 ]
				},
				"south": {
					"texture": "#steel",
					"uv": [ 0.0, 9.0, 10.0, 11.0 ],
					"autoUv": false
				},
				"up": {
					"texture": "#steel",
					"uv": [ 0.0, 7.0, 10.0, 13.5 ]
				},
				"down": {
					"texture": "#steel",
					"uv": [ 0.0, 7.0, 10.0, 9.0 ],
					"autoUv": false
				}
			},
			"children": [
				{
					"name": "Cube4",
					"from": [ -2.0, 0.0, 0.0 ],
					"to": [ 0.0, 1.0, 14.0 ],
					"rotationOrigin": [ 0.0, 0.0, 2.0 ],
					"faces": {
						"north": {
							"texture": "#steel",
							"uv": [ 10.0, 11.0, 12.0, 13.0 ],
							"autoUv": false
						},
						"east": {
							"texture": "#steel",
							"uv": [ 0.0, 14.0, 14.0, 15.0 ]
						},
						"south": {
							"texture": "#steel",
							"uv": [ 14.0, 14.0, 16.0, 15.0 ]
						},
						"west": {
							"texture": "#steel",
							"uv": [ 2.0, 14.0, 16.0, 16.0 ],
							"autoUv": false
						},
						"up": {
							"texture": "#steel",
							"uv": [ 0.0, 0.0, 2.0, 14.0 ]
						},
						"down": {
							"texture": "#steel",
							"uv": [ 2.0, 0.0, 4.0, 14.0 ]
						}
					}
				},
				{
					"name": "Cube5",
					"from": [ 10.0, 0.0, 0.0 ],
					"to": [ 12.0, 1.0, 14.0 ],
					"rotationOrigin": [ 0.0, 0.0, 2.0 ],
					"faces": {
						"north": {
							"texture": "#steel",
							"uv": [ 0.0, 14.0, 2.0, 15.0 ]
						},
						"east": {
							"texture": "#steel",
							"uv": [ 2.0, 14.0, 16.0, 15.0 ]
						},
						"south": {
							"texture": "#steel",
							"uv": [ 10.0, 11.0, 12.0, 13.0 ],
							"autoUv": false
						},
						"west": {
							"texture": "#steel",
							"uv": [ 2.0, 14.0, 16.0, 16.0 ],
							"autoUv": false
						},
						"up": {
							"texture": "#steel",
							"uv": [ 0.0, 0.0, 2.0, 14.0 ]
						},
						"down": {
							"texture": "#steel",
							"uv": [ 2.0, 0.0, 4.0, 14.0 ]
						}
					}
				},
				{
					"name": "Cube3",
					"from": [ 0.0, 0.0, 7.5 ],
					"to": [ 10.0, 1.0, 14.0 ],
					"rotationOrigin": [ 0.0, 0.0, -2.0 ],
					"faces": {
						"north": {
							"texture": "#steel",
							"uv": [ 0.0, 9.0, 10.0, 10.0 ]
						},
						"south": {
							"texture": "#steel",
							"uv": [ 0.0, 9.0, 10.0, 11.0 ],
							"autoUv": false
						},
						"up": {
							"texture": "#steel",
							"uv": [ 0.0, 7.0, 10.0, 13.5 ]
						},
						"down": {
							"texture": "#steel",
							"uv": [ 0.0, 7.0, 10.0, 9.0 ],
							"autoUv": false
						}
					}
				}
			]
		},
		{
			"name": "Cube9",
			"from": [ 3.0, 0.0, 7.5 ],
			"to": [ 7.5, 1.0, 8.5 ],
			"rotationOrigin": [ 3.0, 0.0, -2.0 ],
			"faces": {
				"north": {
					"texture": "#steel",
					"uv": [ 0.0, 9.0, 4.5, 10.0 ]
				},
				"east": {
					"texture": "#steel",
					"uv": [ 0.0, 0.0, 1.0, 1.0 ],
					"windMode": [ -1, -1, -1, -1 ]
				},
				"south": {
					"texture": "#steel",
					"uv": [ 0.0, 9.0, 10.0, 11.0 ],
					"autoUv": false
				},
				"west": {
					"texture": "#steel",
					"uv": [ 0.0, 0.0, 1.0, 1.0 ],
					"windMode": [ -1, -1, -1, -1 ]
				},
				"up": {
					"texture": "#steel",
					"uv": [ 0.0, 7.0, 4.5, 8.0 ]
				},
				"down": {
					"texture": "#steel",
					"uv": [ 0.0, 7.0, 10.0, 9.0 ],
					"autoUv": false
				}
			}
		},
		{
			"name": "Cube10",
			"from": [ 8.5, 0.0, 7.5 ],
			"to": [ 13.0, 1.0, 8.5 ],
			"rotationOrigin": [ 9.0, 0.0, -2.0 ],
			"faces": {
				"north": {
					"texture": "#steel",
					"uv": [ 0.0, 9.0, 4.5, 10.0 ]
				},
				"south": {
					"texture": "#steel",
					"uv": [ 0.0, 9.0, 10.0, 11.0 ],
					"autoUv": false
				},
				"up": {
					"texture": "#steel",
					"uv": [ 0.0, 7.0, 4.5, 8.0 ]
				},
				"down": {
					"texture": "#steel",
					"uv": [ 0.0, 7.0, 10.0, 9.0 ],
					"autoUv": false
				}
			}
		}
	]
}