{
	"code": "vembcreosoteoven",
	"class": "Block",
	"entityClass": "",
	"behaviors": [
		{"name": "HorizontalOrientable", "properties": { "drop": { "type":"block", "code": "vembcreosoteoven-incomplete-north" }}},
		{"name": "VEMultiblockBeh", "properties": {
			"highlightID": 55,
			"blockHighlightColors": [
				{ "w": 1, "r": 215, "g": 94, "b": 94, "a": 64 },
				{ "w": 2, "r": 94, "g": 215, "b": 94, "a": 64 }
			],
			"multiblockStructure": {
				"blockNumbers": {
					"game:brickcourse-four-running-gray": 1,
					"vinteng:vembcreosoteoven-incomplete-north": 2
				},
				"offsets": [
					{ "x": 0, "y": 2, "z": 0, "w": 1 },
					{ "x": 0, "y": 2, "z": 1, "w": 1 },
					{ "x": 0, "y": 2, "z": -1, "w": 1 },
					{ "x": 0, "y": 3, "z": 0, "w": 1 },
					{ "x": 0, "y": 3, "z": 1, "w": 1 },
					{ "x": 0, "y": 3, "z": -1, "w": 1 },
					{ "x": 0, "y": 1, "z": 0, "w": 1 },
					{ "x": 0, "y": 1, "z": 1, "w": 1 },
					{ "x": 0, "y": 1, "z": -1, "w": 1 },
					{ "x": 0, "y": 0, "z": 0, "w": 2 },
					{ "x": 0, "y": 0, "z": 1, "w": 1 },
					{ "x": 0, "y": 0, "z": -1, "w": 1 },
					{ "x": 1, "y": 2, "z": 0, "w": 1 },
					{ "x": 1, "y": 2, "z": 1, "w": 1 },
					{ "x": 1, "y": 2, "z": -1, "w": 1 },
					{ "x": 1, "y": 3, "z": 0, "w": 1 },
					{ "x": 1, "y": 3, "z": 1, "w": 1 },
					{ "x": 1, "y": 3, "z": -1, "w": 1 },
					{ "x": 1, "y": 1, "z": 0, "w": 1 },
					{ "x": 1, "y": 1, "z": 1, "w": 1 },
					{ "x": 1, "y": 1, "z": -1, "w": 1 },
					{ "x": 1, "y": 0, "z": 0, "w": 1 },
					{ "x": 1, "y": 0, "z": 1, "w": 1 },
					{ "x": 1, "y": 0, "z": -1, "w": 1 },
					{ "x": -1, "y": 2, "z": 0, "w": 1 },
					{ "x": -1, "y": 2, "z": 1, "w": 1 },
					{ "x": -1, "y": 2, "z": -1, "w": 1 },
					{ "x": -1, "y": 3, "z": 0, "w": 1 },
					{ "x": -1, "y": 3, "z": 1, "w": 1 },
					{ "x": -1, "y": 3, "z": -1, "w": 1 },
					{ "x": -1, "y": 1, "z": 0, "w": 1 },
					{ "x": -1, "y": 1, "z": 1, "w": 1 },
					{ "x": -1, "y": 1, "z": -1, "w": 1 },
					{ "x": -1, "y": 0, "z": 0, "w": 1 },
					{ "x": -1, "y": 0, "z": 1, "w": 1 },
					{ "x": -1, "y": 0, "z": -1, "w": 1 }
				]
			}
		}}
	],
	"variantgroups": [
		{ "code": "state", "states": ["incomplete", "built"]},
		{ "code":"side", "loadFromProperties": "abstract/horizontalorientation" }
	],
	"entityBehaviors": [

	],
	"attributes": {
		"handbook": {
			"groupBy": ["vembcreosoteoven-*"],
			"excludeByType": {
				"*-incomplete-north": false,
				"*": true
			}
		},
		"allowHeldLiquidTransfer": true,
		"allowPipeLiquidTransfer": true,
		"transferLitresPerSecond": 5,
		"heatpersecond": 180,
        "recipeMachineByType": {
            "*-north": [ "creosoteoven" ]
        }
	},
	"shapeinventory": { "base": "block/lv/creosoteoven-inventory" },
	"creativeinventory": { "general": ["vembcreosoteoven-incomplete-north"], "terrain": ["*"], "mechanics": ["*"], "vinteng": ["*-incomplete-north"] },
	"shapeByType": {
		"*-incomplete-north": 	{ "base": "vinteng:block/lv/creosoteoven-inventory", "rotateY":0 },
		"*-incomplete-east": 	{ "base": "vinteng:block/lv/creosoteoven-inventory", "rotateY":270 },
		"*-incomplete-south": 	{ "base": "vinteng:block/lv/creosoteoven-inventory", "rotateY":180 },
		"*-incomplete-west": 	{ "base": "vinteng:block/lv/creosoteoven-inventory", "rotateY":90 },
		"*-built-north": 	{ "base": "vinteng:block/lv/creosoteoven", "rotateY":0 },
		"*-built-east": 	{ "base": "vinteng:block/lv/creosoteoven", "rotateY":270 },
		"*-built-south": 	{ "base": "vinteng:block/lv/creosoteoven", "rotateY":180 },
		"*-built-west": 	{ "base": "vinteng:block/lv/creosoteoven", "rotateY":90 }
	},
	"blockmaterial": "Metal",
	"textures": {},
	"sidesolid": {
		"all": false, "down": true
	},
	"sideopaque": {
		"all": false
	},
	"lightAbsorption": 1,
	"maxStackSize": 8,
	"replaceable": 600,
	"resistance": 1.5,
	"collisionSelectionBoxes": [
		{ "x1": 0, "y1": 0, "z1": 0, "x2": 1, "y2": 1, "z2": 1 }
	],
	"guiTransform": {
		"rotation": { "x": -22.6, "y": -149, "z": 0 }
	}
}
