{
	"editor": {
		"backDropShape": "C:/Users/Cal/Desktop/boobold",
		"allAngles": true,
		"entityTextureMode": true
	},
	"textureWidth": 64,
	"textureHeight": 64,
	"textureSizes": {
	},
	"textures": {
	},
	"elements": [
		{
			"name": "_ArmorUpperLegR",
			"stepParentName": "UpperFootR",
			"from": [ -0.19, -0.5, -0.1 ],
			"to": [ 4.41, 9.0, 3.4 ],
			"autoUnwrap": false,
			"uv": [ 17.5, 40.5 ],
			"rotationOrigin": [ -0.2, -0.5, -0.1 ],
			"faces": {
				"north": { "texture": "#default", "uv": [ 16.0, 40.0, 20.5, 49.5 ] },
				"east": { "texture": "#default", "uv": [ 20.5, 40.0, 24.0, 49.5 ] },
				"south": { "texture": "#default", "uv": [ 24.0, 40.0, 28.5, 49.5 ] },
				"west": { "texture": "#default", "uv": [ 28.5, 40.0, 32.0, 49.5 ] },
				"up": { "texture": "#default", "uv": [ 32.0, 4.0, 36.5, 7.5 ] },
				"down": { "texture": "#default", "uv": [ 36.5, 4.0, 41.0, 7.5 ] }
			},
			"children": [
				{
					"name": "ArmorUpperLegR-Base",
					"from": [ 0.0, 0.0, 0.0 ],
					"to": [ 4.6, 9.5, 3.5 ],
					"autoUnwrap": false,
					"uv": [ 17.5, 40.5 ],
					"rotationOrigin": [ -0.01, 0.0, 0.0 ],
					"faces": {
						"north": { "texture": "#material1", "uv": [ 16.0, 40.0, 20.5, 49.5 ] },
						"east": { "texture": "#material1", "uv": [ 20.5, 40.0, 24.0, 49.5 ] },
						"south": { "texture": "#material1", "uv": [ 24.0, 40.0, 28.5, 49.5 ] },
						"west": { "texture": "#material1", "uv": [ 28.5, 40.0, 32.0, 49.5 ] },
						"up": { "texture": "#material1", "uv": [ 32.0, 4.0, 36.5, 7.5 ] },
						"down": { "texture": "#material1", "uv": [ 36.5, 4.0, 41.0, 7.5 ] }
					}
				}
			]
		},
		{
			"name": "_ArmorUpperLegL",
			"stepParentName": "UpperFootL",
			"from": [ -0.19, -0.5, -0.2 ],
			"to": [ 4.41, 9.0, 3.3 ],
			"autoUnwrap": false,
			"uv": [ 0.0, 40.0 ],
			"rotationOrigin": [ -0.2, -0.5, -0.2 ],
			"faces": {
				"north": { "texture": "#default", "uv": [ 0.0, 40.0, 4.5, 49.5 ] },
				"east": { "texture": "#default", "uv": [ 4.5, 40.0, 8.0, 49.5 ] },
				"south": { "texture": "#default", "uv": [ 8.0, 40.0, 12.5, 49.5 ] },
				"west": { "texture": "#default", "uv": [ 12.5, 40.0, 16.0, 49.5 ] },
				"up": { "texture": "#default", "uv": [ 32.0, 0.5, 36.5, 4.0 ] },
				"down": { "texture": "#default", "uv": [ 36.5, 0.5, 41.0, 4.0 ] }
			},
			"children": [
				{
					"name": "ArmorUpperLegL-Base",
					"from": [ 0.0, 0.0, 0.0 ],
					"to": [ 4.6, 9.5, 3.5 ],
					"autoUnwrap": false,
					"uv": [ 0.0, 40.0 ],
					"rotationOrigin": [ -0.01, 0.0, 0.0 ],
					"faces": {
						"north": { "texture": "#material1", "uv": [ 0.0, 40.0, 4.5, 49.5 ] },
						"east": { "texture": "#material1", "uv": [ 4.5, 40.0, 8.0, 49.5 ] },
						"south": { "texture": "#material1", "uv": [ 8.0, 40.0, 12.5, 49.5 ] },
						"west": { "texture": "#material1", "uv": [ 12.5, 40.0, 16.0, 49.5 ] },
						"up": { "texture": "#material1", "uv": [ 32.0, 0.5, 36.5, 4.0 ] },
						"down": { "texture": "#material1", "uv": [ 36.5, 0.5, 41.0, 4.0 ] }
					}
				}
			]
		},
		{
			"name": "_ArmorLowerLegR",
			"stepParentName": "LowerFootR",
			"from": [ -0.3, -0.2, -0.15 ],
			"to": [ 3.6, 6.3, 3.35 ],
			"uv": [ 16.0, 51.0 ],
			"rotationOrigin": [ -0.3, -0.2, -0.3 ],
			"faces": {
				"north": { "texture": "#default", "uv": [ 16.0, 54.5, 19.5, 61.0 ] },
				"east": { "texture": "#default", "uv": [ 19.5, 54.5, 23.0, 61.0 ] },
				"south": { "texture": "#default", "uv": [ 23.0, 54.5, 26.5, 61.0 ] },
				"west": { "texture": "#default", "uv": [ 26.5, 54.5, 30.0, 61.0 ] },
				"up": { "texture": "#default", "uv": [ 16.0, 51.0, 19.5, 54.5 ] },
				"down": { "texture": "#default", "uv": [ 19.5, 51.0, 23.0, 54.5 ] }
			},
			"children": [
				{
					"name": "_ArmorKneeSideR",
					"from": [ 1.5, 2.6, -0.5 ],
					"to": [ 5.5, 6.6, 0.0 ],
					"unwrapMode": 1,
					"uv": [ 4.5, 8.5 ],
					"rotationOrigin": [ 1.5, 2.6, -0.5 ],
					"faces": {
						"north": { "texture": "#default", "uv": [ 5.0, 9.0, 9.0, 13.0 ] },
						"east": { "texture": "#default", "uv": [ 4.5, 9.0, 5.0, 13.0 ] },
						"south": { "texture": "#default", "uv": [ 9.5, 9.0, 13.5, 13.0 ] },
						"west": { "texture": "#default", "uv": [ 9.0, 9.0, 9.5, 13.0 ] },
						"up": { "texture": "#default", "uv": [ 5.0, 8.5, 9.0, 9.0 ], "rotation": 180 },
						"down": { "texture": "#default", "uv": [ 5.0, 13.0, 9.0, 13.5 ] }
					},
					"children": [
						{
							"name": "ArmorKneeSideR-Base",
							"from": [ 0.0, 0.0, 0.0 ],
							"to": [ 4.0, 4.0, 0.5 ],
							"unwrapMode": 1,
							"uv": [ 4.5, 8.5 ],
							"faces": {
								"north": { "texture": "#material4", "uv": [ 5.0, 9.0, 9.0, 13.0 ] },
								"east": { "texture": "#material4", "uv": [ 4.5, 9.0, 5.0, 13.0 ] },
								"south": { "texture": "#material4", "uv": [ 9.5, 9.0, 13.5, 13.0 ] },
								"west": { "texture": "#material4", "uv": [ 9.0, 9.0, 9.5, 13.0 ] },
								"up": { "texture": "#material4", "uv": [ 5.0, 8.5, 9.0, 9.0 ], "rotation": 180 },
								"down": { "texture": "#material4", "uv": [ 5.0, 13.0, 9.0, 13.5 ] }
							}
						}
					]
				},
				{
					"name": "_ArmorKneeR",
					"from": [ -0.3, 1.5, -0.3 ],
					"to": [ 1.7, 4.8, 3.7 ],
					"unwrapMode": 4,
					"uv": [ 44.5, 56.0 ],
					"rotationOrigin": [ -0.3, 1.5, -0.3 ],
					"faces": {
						"north": { "texture": "#default", "uv": [ 44.5, 58.0, 46.5, 61.0 ] },
						"east": { "texture": "#default", "uv": [ 52.5, 58.0, 56.5, 61.0 ] },
						"south": { "texture": "#default", "uv": [ 50.5, 58.0, 52.5, 61.0 ] },
						"west": { "texture": "#default", "uv": [ 46.5, 58.0, 50.5, 61.0 ] },
						"up": { "texture": "#default", "uv": [ 46.5, 56.0, 50.5, 58.0 ], "rotation": 90 },
						"down": { "texture": "#default", "uv": [ 46.5, 61.0, 50.5, 63.0 ], "rotation": 90 }
					},
					"children": [
						{
							"name": "ArmorKneeR50",
							"from": [ -0.3, 2.6, 0.0 ],
							"to": [ 1.9, 5.6, 4.0 ],
							"unwrapMode": 4,
							"uv": [ 44.5, 56.0 ],
							"rotationOrigin": [ -0.3, 2.6, 0.0 ],
							"faces": {
								"north": { "texture": "#material4", "uv": [ 44.5, 58.0, 46.5, 61.0 ] },
								"east": { "texture": "#material4", "uv": [ 52.5, 58.0, 56.5, 61.0 ] },
								"south": { "texture": "#material4", "uv": [ 50.5, 58.0, 52.5, 61.0 ] },
								"west": { "texture": "#material4", "uv": [ 46.5, 58.0, 50.5, 61.0 ] },
								"up": { "texture": "#material4", "uv": [ 46.5, 56.0, 50.5, 58.0 ], "rotation": 90 },
								"down": { "texture": "#material4", "uv": [ 46.5, 61.0, 50.5, 63.0 ], "rotation": 90 }
							},
							"children": [
								{
									"name": "ArmorKneeR51",
									"from": [ -0.1, 0.5, 0.5 ],
									"to": [ 1.9, 2.5, 3.5 ],
									"unwrapMode": 4,
									"uv": [ 44.5, 56.0 ],
									"rotationOrigin": [ -0.1, 0.5, 0.5 ],
									"faces": {
										"north": { "texture": "#material3", "uv": [ 44.5, 58.0, 46.5, 60.0 ] },
										"east": { "texture": "#material3", "uv": [ 51.5, 58.0, 54.5, 60.0 ] },
										"south": { "texture": "#material3", "uv": [ 49.5, 58.0, 51.5, 60.0 ] },
										"west": { "texture": "#material3", "uv": [ 46.5, 58.0, 49.5, 60.0 ] },
										"up": { "texture": "#material3", "uv": [ 46.5, 56.0, 49.5, 58.0 ], "rotation": 90 },
										"down": { "texture": "#material3", "uv": [ 46.5, 60.0, 49.5, 62.0 ], "rotation": 90 }
									},
									"children": [
										{
											"name": "gemsocket1",
											"from": [ -0.1, 0.25, 0.75 ],
											"to": [ 0.1, 1.75, 2.25 ],
											"uv": [ 0.0, 0.0 ],
											"rotationOrigin": [ -0.1, 0.2, 0.8 ],
											"faces": {
												"north": { "texture": "#gemsocket", "uv": [ 0.0, 1.5, 0.5, 3.0 ] },
												"east": { "texture": "#gemsocket", "uv": [ 0.5, 1.5, 2.0, 3.0 ] },
												"south": { "texture": "#gemsocket", "uv": [ 2.0, 1.5, 2.5, 3.0 ] },
												"west": { "texture": "#gemsocket", "uv": [ 2.5, 1.5, 4.0, 3.0 ] },
												"up": { "texture": "#gemsocket", "uv": [ 0.0, 0.0, 0.5, 1.5 ] },
												"down": { "texture": "#gemsocket", "uv": [ 0.5, 0.0, 1.0, 1.5 ] }
											},
											"children": [
												{
													"name": "gem1",
													"from": [ -0.1, 0.1, 0.1 ],
													"to": [ 0.1, 1.4, 1.4 ],
													"uv": [ 0.0, 0.0 ],
													"rotationOrigin": [ -0.1, 0.05, 0.1 ],
													"faces": {
														"north": { "texture": "#gem", "uv": [ 0.0, 1.0, 0.5, 2.0 ], "glow": 100 },
														"east": { "texture": "#gem", "uv": [ 0.5, 1.0, 1.5, 2.0 ], "glow": 100, "windMode": [-1,-1,-1,-1] },
														"south": { "texture": "#gem", "uv": [ 1.5, 1.0, 2.0, 2.0 ], "glow": 100, "windMode": [-1,-1,-1,-1] },
														"west": { "texture": "#gem", "uv": [ 2.0, 1.0, 3.0, 2.0 ], "glow": 100, "windMode": [-1,-1,-1,-1] },
														"up": { "texture": "#gem", "uv": [ 0.0, 0.0, 0.5, 1.0 ], "glow": 100, "windMode": [-1,-1,-1,-1] },
														"down": { "texture": "#gem", "uv": [ 0.5, 0.0, 1.0, 1.0 ], "glow": 100, "windMode": [-1,-1,-1,-1] }
													}
												}
											]
										}
									]
								}
							]
						}
					]
				},
				{
					"name": "ArmorLowerLegR-Base",
					"from": [ 0.0, 0.0, 0.0 ],
					"to": [ 3.8, 6.21, 3.5 ],
					"uv": [ 16.0, 51.0 ],
					"rotationOrigin": [ 0.0, 0.0, -0.15 ],
					"faces": {
						"north": { "texture": "#material1", "uv": [ 16.0, 54.5, 19.5, 60.5 ] },
						"east": { "texture": "#material1", "uv": [ 19.5, 54.5, 23.0, 60.5 ] },
						"south": { "texture": "#material1", "uv": [ 23.0, 54.5, 26.5, 60.5 ] },
						"west": { "texture": "#material1", "uv": [ 26.5, 54.5, 30.0, 60.5 ] },
						"up": { "texture": "#material1", "uv": [ 16.0, 51.0, 19.5, 54.5 ] },
						"down": { "texture": "#material1", "uv": [ 19.5, 51.0, 23.0, 54.5 ] }
					},
					"children": [
						{
							"name": "ArmorLowerLegR-Base-1",
							"from": [ -0.01, -0.01, -0.01 ],
							"to": [ 3.91, 2.49, 3.51 ],
							"uv": [ 16.0, 51.0 ],
							"rotationOrigin": [ 0.0, 0.0, -0.15 ],
							"faces": {
								"north": { "texture": "#material2", "uv": [ 16.0, 54.5, 19.5, 57.0 ] },
								"east": { "texture": "#material2", "uv": [ 19.5, 54.5, 23.0, 57.0 ] },
								"south": { "texture": "#material2", "uv": [ 23.0, 54.5, 26.5, 57.0 ] },
								"west": { "texture": "#material2", "uv": [ 26.5, 54.5, 30.0, 57.0 ] },
								"up": { "texture": "#material2", "uv": [ 16.0, 51.0, 19.5, 54.5 ] },
								"down": { "texture": "#material2", "uv": [ 19.5, 51.0, 23.0, 54.5 ] }
							}
						},
						{
							"name": "ArmorLowerLegR-Base-2",
							"from": [ 0.2, 5.0, 0.09 ],
							"to": [ 4.1, 7.21, 3.2 ],
							"uv": [ 16.0, 51.0 ],
							"rotationOrigin": [ 0.2, 5.0, -0.05 ],
							"faces": {
								"north": { "texture": "#material1", "uv": [ 16.0, 54.0, 19.5, 56.0 ] },
								"east": { "texture": "#material1", "uv": [ 19.5, 54.0, 22.5, 56.0 ] },
								"south": { "texture": "#material1", "uv": [ 22.5, 54.0, 26.0, 56.0 ] },
								"west": { "texture": "#material1", "uv": [ 26.0, 54.0, 29.0, 56.0 ] },
								"up": { "texture": "#material1", "uv": [ 16.0, 51.0, 19.5, 54.0 ] },
								"down": { "texture": "#material1", "uv": [ 19.5, 51.0, 23.0, 54.0 ] }
							}
						},
						{
							"name": "ArmorLowerLegR-Base-48",
							"from": [ -0.02, -0.02, -0.02 ],
							"to": [ 3.92, 1.98, 3.52 ],
							"uv": [ 16.0, 51.0 ],
							"rotationOrigin": [ 0.0, 0.0, -0.15 ],
							"faces": {
								"north": { "texture": "#material4", "uv": [ 16.0, 54.5, 19.5, 56.5 ] },
								"east": { "texture": "#material4", "uv": [ 19.5, 54.5, 23.0, 56.5 ] },
								"south": { "texture": "#material4", "uv": [ 23.0, 54.5, 26.5, 56.5 ] },
								"west": { "texture": "#material4", "uv": [ 26.5, 54.5, 30.0, 56.5 ] },
								"up": { "texture": "#material4", "uv": [ 16.0, 51.0, 19.5, 54.5 ] },
								"down": { "texture": "#material4", "uv": [ 19.5, 51.0, 23.0, 54.5 ] }
							}
						}
					]
				},
				{
					"name": "_ArmorKneeSideR54",
					"from": [ 1.5, 3.6, -0.5 ],
					"to": [ 5.5, 7.6, 0.0 ],
					"unwrapMode": 1,
					"uv": [ 4.5, 8.5 ],
					"rotationOrigin": [ 1.5, 3.6, -0.5 ],
					"faces": {
						"north": { "texture": "#default", "uv": [ 5.0, 9.0, 9.0, 13.0 ] },
						"east": { "texture": "#default", "uv": [ 4.5, 9.0, 5.0, 13.0 ] },
						"south": { "texture": "#default", "uv": [ 9.5, 9.0, 13.5, 13.0 ] },
						"west": { "texture": "#default", "uv": [ 9.0, 9.0, 9.5, 13.0 ] },
						"up": { "texture": "#default", "uv": [ 5.0, 8.5, 9.0, 9.0 ], "rotation": 180 },
						"down": { "texture": "#default", "uv": [ 5.0, 13.0, 9.0, 13.5 ] }
					},
					"children": [
						{
							"name": "ArmorKneeSideR-Base55",
							"from": [ 0.3, 0.3, -0.2 ],
							"to": [ 3.7, 3.7, 0.3 ],
							"unwrapMode": 1,
							"uv": [ 4.5, 8.5 ],
							"rotationOrigin": [ 0.3, 0.3, -0.2 ],
							"faces": {
								"north": { "texture": "#material3", "uv": [ 5.0, 9.0, 8.0, 12.0 ] },
								"east": { "texture": "#material3", "uv": [ 4.5, 9.0, 5.0, 12.0 ] },
								"south": { "texture": "#material3", "uv": [ 8.5, 9.0, 11.5, 12.0 ] },
								"west": { "texture": "#material3", "uv": [ 8.0, 9.0, 8.5, 12.0 ] },
								"up": { "texture": "#material3", "uv": [ 5.0, 8.5, 8.0, 9.0 ], "rotation": 180 },
								"down": { "texture": "#material3", "uv": [ 5.0, 12.0, 8.0, 12.5 ] }
							}
						}
					]
				}
			]
		},
		{
			"name": "_ArmorLowerLegL",
			"stepParentName": "LowerFootL",
			"from": [ -0.3, -0.2, -0.35 ],
			"to": [ 3.6, 6.3, 3.16 ],
			"uv": [ 0.0, 51.0 ],
			"rotationOrigin": [ -0.3, -0.2, -0.5 ],
			"faces": {
				"north": { "texture": "#default", "uv": [ 0.0, 54.5, 3.5, 61.0 ] },
				"east": { "texture": "#default", "uv": [ 3.5, 54.5, 7.0, 61.0 ] },
				"south": { "texture": "#default", "uv": [ 7.0, 54.5, 10.5, 61.0 ] },
				"west": { "texture": "#default", "uv": [ 10.5, 54.5, 14.0, 61.0 ] },
				"up": { "texture": "#default", "uv": [ 0.0, 51.0, 3.5, 54.5 ] },
				"down": { "texture": "#default", "uv": [ 3.5, 51.0, 7.0, 54.5 ] }
			},
			"children": [
				{
					"name": "_ArmorKneeSideL",
					"from": [ 1.5, 3.6, 3.49 ],
					"to": [ 5.5, 7.6, 3.99 ],
					"unwrapMode": 3,
					"uv": [ 4.5, 2.5 ],
					"rotationOrigin": [ 1.5, 3.6, 3.5 ],
					"faces": {
						"north": { "texture": "#default", "uv": [ 9.5, 3.0, 13.5, 7.0 ] },
						"east": { "texture": "#default", "uv": [ 9.0, 3.0, 9.5, 7.0 ] },
						"south": { "texture": "#default", "uv": [ 5.0, 3.0, 9.0, 7.0 ] },
						"west": { "texture": "#default", "uv": [ 4.5, 3.0, 5.0, 7.0 ] },
						"up": { "texture": "#default", "uv": [ 5.0, 2.5, 9.0, 3.0 ] },
						"down": { "texture": "#default", "uv": [ 5.0, 7.0, 9.0, 7.5 ], "rotation": 180 }
					},
					"children": [
						{
							"name": "ArmorKneeSideL-Base",
							"from": [ 0.0, 0.0, 0.0 ],
							"to": [ 4.0, 4.0, 0.5 ],
							"unwrapMode": 3,
							"uv": [ 4.5, 2.5 ],
							"rotationOrigin": [ 0.0, 0.0, 0.01 ],
							"faces": {
								"north": { "texture": "#material4", "uv": [ 9.5, 3.0, 13.5, 7.0 ] },
								"east": { "texture": "#material4", "uv": [ 9.0, 3.0, 9.5, 7.0 ] },
								"south": { "texture": "#material4", "uv": [ 5.0, 3.0, 9.0, 7.0 ] },
								"west": { "texture": "#material4", "uv": [ 4.5, 3.0, 5.0, 7.0 ] },
								"up": { "texture": "#material4", "uv": [ 5.0, 2.5, 9.0, 3.0 ] },
								"down": { "texture": "#material4", "uv": [ 5.0, 7.0, 9.0, 7.5 ], "rotation": 180 }
							}
						},
						{
							"name": "ArmorKneeSideL-Base53-inner",
							"from": [ 0.3, 0.3, 0.2 ],
							"to": [ 3.7, 3.7, 0.7 ],
							"unwrapMode": 3,
							"uv": [ 4.5, 2.5 ],
							"rotationOrigin": [ 0.3, 0.3, 0.21 ],
							"faces": {
								"north": { "texture": "#material3", "uv": [ 8.5, 3.0, 11.5, 6.0 ] },
								"east": { "texture": "#material3", "uv": [ 8.0, 3.0, 8.5, 6.0 ] },
								"south": { "texture": "#material3", "uv": [ 5.0, 3.0, 8.0, 6.0 ] },
								"west": { "texture": "#material3", "uv": [ 4.5, 3.0, 5.0, 6.0 ] },
								"up": { "texture": "#material3", "uv": [ 5.0, 2.5, 8.0, 3.0 ] },
								"down": { "texture": "#material3", "uv": [ 5.0, 6.0, 8.0, 6.5 ], "rotation": 180 }
							}
						}
					]
				},
				{
					"name": "_ArmorKneeL",
					"from": [ -0.3, 1.5, -0.3 ],
					"to": [ 1.7, 4.8, 3.7 ],
					"unwrapMode": 4,
					"uv": [ 32.0, 54.0 ],
					"rotationOrigin": [ -0.3, 1.5, -0.3 ],
					"faces": {
						"north": { "texture": "#default", "uv": [ 32.0, 56.0, 34.0, 59.0 ] },
						"east": { "texture": "#default", "uv": [ 40.0, 56.0, 44.0, 59.0 ] },
						"south": { "texture": "#default", "uv": [ 38.0, 56.0, 40.0, 59.0 ] },
						"west": { "texture": "#default", "uv": [ 34.0, 56.0, 38.0, 59.0 ] },
						"up": { "texture": "#default", "uv": [ 34.0, 54.0, 38.0, 56.0 ], "rotation": 90 },
						"down": { "texture": "#default", "uv": [ 34.0, 59.0, 38.0, 61.0 ], "rotation": 90 }
					},
					"children": [
						{
							"name": "ArmorKneeL49",
							"from": [ -0.3, 2.6, 0.0 ],
							"to": [ 1.9, 5.6, 4.0 ],
							"unwrapMode": 4,
							"uv": [ 32.0, 54.0 ],
							"rotationOrigin": [ -0.3, 2.6, 0.0 ],
							"faces": {
								"north": { "texture": "#material4", "uv": [ 32.0, 56.0, 34.0, 59.0 ] },
								"east": { "texture": "#material4", "uv": [ 40.0, 56.0, 44.0, 59.0 ] },
								"south": { "texture": "#material4", "uv": [ 38.0, 56.0, 40.0, 59.0 ] },
								"west": { "texture": "#material4", "uv": [ 34.0, 56.0, 38.0, 59.0 ] },
								"up": { "texture": "#material4", "uv": [ 34.0, 54.0, 38.0, 56.0 ], "rotation": 90 },
								"down": { "texture": "#material4", "uv": [ 34.0, 59.0, 38.0, 61.0 ], "rotation": 90 }
							},
							"children": [
								{
									"name": "ArmorKneeL52",
									"from": [ -0.1, 0.5, 0.5 ],
									"to": [ 1.9, 2.5, 3.5 ],
									"unwrapMode": 4,
									"uv": [ 32.0, 54.0 ],
									"rotationOrigin": [ -0.1, 0.5, 0.5 ],
									"faces": {
										"north": { "texture": "#material3", "uv": [ 32.0, 56.0, 34.0, 58.0 ] },
										"east": { "texture": "#material3", "uv": [ 39.0, 56.0, 42.0, 58.0 ] },
										"south": { "texture": "#material3", "uv": [ 37.0, 56.0, 39.0, 58.0 ] },
										"west": { "texture": "#material3", "uv": [ 34.0, 56.0, 37.0, 58.0 ] },
										"up": { "texture": "#material3", "uv": [ 34.0, 54.0, 37.0, 56.0 ], "rotation": 90 },
										"down": { "texture": "#material3", "uv": [ 34.0, 58.0, 37.0, 60.0 ], "rotation": 90 }
									},
									"children": [
										{
											"name": "gemsocket58",
											"from": [ -0.1, 0.25, 0.75 ],
											"to": [ 0.1, 1.75, 2.25 ],
											"uv": [ 0.0, 0.0 ],
											"rotationOrigin": [ -0.1, 0.2, 1.0 ],
											"faces": {
												"north": { "texture": "#gemsocket", "uv": [ 0.0, 1.5, 0.5, 3.0 ] },
												"east": { "texture": "#gemsocket", "uv": [ 0.5, 1.5, 2.0, 3.0 ] },
												"south": { "texture": "#gemsocket", "uv": [ 2.0, 1.5, 2.5, 3.0 ] },
												"west": { "texture": "#gemsocket", "uv": [ 2.5, 1.5, 4.0, 3.0 ] },
												"up": { "texture": "#gemsocket", "uv": [ 0.0, 0.0, 0.5, 1.5 ] },
												"down": { "texture": "#gemsocket", "uv": [ 0.5, 0.0, 1.0, 1.5 ] }
											},
											"children": [
												{
													"name": "gem59",
													"from": [ -0.1, 0.1, 0.1 ],
													"to": [ 0.1, 1.4, 1.4 ],
													"uv": [ 0.0, 0.0 ],
													"rotationOrigin": [ -0.1, 0.05, 0.1 ],
													"faces": {
														"north": { "texture": "#gem", "uv": [ 0.0, 1.0, 0.5, 2.0 ], "glow": 100 },
														"east": { "texture": "#gem", "uv": [ 0.5, 1.0, 1.5, 2.0 ], "glow": 100 },
														"south": { "texture": "#gem", "uv": [ 1.5, 1.0, 2.0, 2.0 ], "glow": 100 },
														"west": { "texture": "#gem", "uv": [ 2.0, 1.0, 3.0, 2.0 ], "glow": 100 },
														"up": { "texture": "#gem", "uv": [ 0.0, 0.0, 0.5, 1.0 ], "glow": 100 },
														"down": { "texture": "#gem", "uv": [ 0.5, 0.0, 1.0, 1.0 ], "glow": 100 }
													}
												}
											]
										}
									]
								}
							]
						}
					]
				},
				{
					"name": "ArmorLowerLegL-Base",
					"from": [ 0.0, 0.0, 0.0 ],
					"to": [ 3.9, 6.21, 3.5 ],
					"uv": [ 0.0, 51.0 ],
					"rotationOrigin": [ 0.0, 0.0, -0.15 ],
					"faces": {
						"north": { "texture": "#material1", "uv": [ 0.0, 54.5, 3.5, 60.5 ] },
						"east": { "texture": "#material1", "uv": [ 3.5, 54.5, 7.0, 60.5 ] },
						"south": { "texture": "#material1", "uv": [ 7.0, 54.5, 10.5, 60.5 ] },
						"west": { "texture": "#material1", "uv": [ 10.5, 54.5, 14.0, 60.5 ] },
						"up": { "texture": "#material1", "uv": [ 0.0, 51.0, 3.5, 54.5 ] },
						"down": { "texture": "#material1", "uv": [ 3.5, 51.0, 7.0, 54.5 ] }
					},
					"children": [
						{
							"name": "ArmorLowerLegL-Base-1",
							"from": [ -0.01, -0.01, -0.01 ],
							"to": [ 4.01, 2.49, 3.51 ],
							"uv": [ 0.0, 51.0 ],
							"rotationOrigin": [ 0.0, 0.0, -0.15 ],
							"faces": {
								"north": { "texture": "#material2", "uv": [ 0.0, 54.5, 4.0, 57.0 ] },
								"east": { "texture": "#material2", "uv": [ 4.0, 54.5, 7.5, 57.0 ] },
								"south": { "texture": "#material2", "uv": [ 7.5, 54.5, 11.5, 57.0 ] },
								"west": { "texture": "#material2", "uv": [ 11.5, 54.5, 15.0, 57.0 ] },
								"up": { "texture": "#material2", "uv": [ 0.0, 51.0, 4.0, 54.5 ] },
								"down": { "texture": "#material2", "uv": [ 4.0, 51.0, 8.0, 54.5 ] }
							}
						},
						{
							"name": "ArmorLowerLegL-Base-2",
							"from": [ 0.2, 5.0, 0.3 ],
							"to": [ 4.1, 7.21, 3.41 ],
							"uv": [ 0.0, 51.0 ],
							"rotationOrigin": [ 0.2, 5.0, 0.15 ],
							"faces": {
								"north": { "texture": "#material1", "uv": [ 0.0, 54.0, 3.5, 56.0 ] },
								"east": { "texture": "#material1", "uv": [ 3.5, 54.0, 6.5, 56.0 ] },
								"south": { "texture": "#material1", "uv": [ 6.5, 54.0, 10.0, 56.0 ] },
								"west": { "texture": "#material1", "uv": [ 10.0, 54.0, 13.0, 56.0 ] },
								"up": { "texture": "#material1", "uv": [ 0.0, 51.0, 3.5, 54.0 ] },
								"down": { "texture": "#material1", "uv": [ 3.5, 51.0, 7.0, 54.0 ] }
							}
						},
						{
							"name": "ArmorLowerLegL-Base-47",
							"from": [ -0.02, -0.02, -0.02 ],
							"to": [ 3.92, 1.98, 3.52 ],
							"uv": [ 0.0, 51.0 ],
							"rotationOrigin": [ 0.0, 0.0, -0.15 ],
							"faces": {
								"north": { "texture": "#material4", "uv": [ 0.0, 54.5, 3.5, 56.5 ] },
								"east": { "texture": "#material4", "uv": [ 3.5, 54.5, 7.0, 56.5 ] },
								"south": { "texture": "#material4", "uv": [ 7.0, 54.5, 10.5, 56.5 ] },
								"west": { "texture": "#material4", "uv": [ 10.5, 54.5, 14.0, 56.5 ] },
								"up": { "texture": "#material4", "uv": [ 0.0, 51.0, 3.5, 54.5 ] },
								"down": { "texture": "#material4", "uv": [ 3.5, 51.0, 7.0, 54.5 ] }
							}
						}
					]
				}
			]
		}
	],
	"animations": [
	]
}