{
	"editor": {
		"collapsedPaths": "Root/root/slope2",
		"allAngles": false,
		"entityTextureMode": true
	},
	"textureWidth": 64,
	"textureHeight": 64,
	"textureSizes": {
	},
	
	"elements": [
		{
			"name": "origin",
			"from": [ 4.0, 0.0, -1.0 ],
			"to": [ 4.0, 0.0, -1.0 ],
			"uv": [ 0.0, 0.0 ],
			"rotationOrigin": [ 12.0, 0.0, 7.0 ],
			"rotationY": 3.0,
			"faces": {
			},
			"children": [
				{
					"name": "BookDown",
					"from": [ 5.0, 0.2, 5.0 ],
					"to": [ 11.0, 0.6, 13.0 ],
					"autoUnwrap": false,
					"uv": [ 10.0, 15.5 ],
					"rotationOrigin": [ 5.0, 0.2, 5.0 ],
					"rotationZ": -2.0,
					"faces": {
						"north": { "texture": "#bellbook", "uv": [ 0.0, 8.0, 6.0, 8.5 ], "windMode": [-1,-1,-1,-1] },
						"east": { "texture": "#bellbook", "uv": [ 0.0, 8.5, 8.0, 9.0 ], "windMode": [-1,-1,-1,-1] },
						"south": { "texture": "#bellbook", "uv": [ 0.0, 8.0, 6.0, 8.5 ] },
						"west": { "texture": "#bellbook", "uv": [ 0.0, 8.5, 8.0, 9.0 ] },
						"up": { "texture": "#bellbook", "uv": [ 5.5, 0.0, 11.5, 8.0 ] },
						"down": { "texture": "#bellbook", "uv": [ 6.0, 0.0, 12.0, 8.0 ] }
					},
					"children": [
						{
							"name": "BookBack",
							"from": [ -0.4, 0.2, 0.0 ],
							"to": [ 0.2, 1.9, 8.0 ],
							"autoUnwrap": false,
							"uv": [ 22.5, 13.0 ],
							"rotationOrigin": [ 0.0, 0.2, 0.0 ],
							"rotationZ": 92.0,
							"faces": {
								"north": { "texture": "#bellbook", "uv": [ 9.0, 8.0, 9.5, 9.5 ] },
								"east": { "texture": "#bellbook", "uv": [ 10.0, 8.0, 18.0, 9.5 ] },
								"south": { "texture": "#bellbook", "uv": [ 9.5, 8.0, 10.0, 9.5 ] },
								"west": { "texture": "#bellbook", "uv": [ 10.0, 8.0, 18.0, 9.5 ] },
								"up": { "texture": "#bellbook", "uv": [ 12.0, 0.0, 12.5, 8.0 ] },
								"down": { "texture": "#bellbook", "uv": [ 12.0, 0.0, 12.5, 8.0 ] }
							},
							"children": [
								{
									"name": "BookUp",
									"from": [ 0.4, 1.5, 0.0 ],
									"to": [ 6.4, 1.9, 8.0 ],
									"autoUnwrap": false,
									"uv": [ -2.5, 5.0 ],
									"rotationOrigin": [ 0.4, 1.7, 0.0 ],
									"rotationZ": 93.0,
									"faces": {
										"north": { "texture": "#bellbook", "uv": [ 0.0, 8.0, 6.0, 8.5 ] },
										"east": { "texture": "#bellbook", "uv": [ 0.0, 8.5, 8.0, 9.0 ] },
										"south": { "texture": "#bellbook", "uv": [ 0.0, 8.0, 6.0, 8.5 ] },
										"west": { "texture": "#bellbook", "uv": [ 0.0, 8.5, 8.0, 9.0 ] },
										"up": { "texture": "#bellbook", "uv": [ 0.0, 0.0, 6.0, 8.0 ] },
										"down": { "texture": "#bellbook", "uv": [ 6.5, 0.0, 12.5, 8.0 ], "autoUv": false }
									},
									"children": [
										{
											"name": "lock",
											"from": [ 6.0, -1.6, 3.5 ],
											"to": [ 6.2, 0.1, 4.5 ],
											"autoUnwrap": false,
											"uv": [ 0.0, 0.0 ],
											"rotationOrigin": [ 6.0, 0.0, 3.5 ],
											"rotationZ": 92.0,
											"faces": {
												"north": { "texture": "#bellbook", "uv": [ 5.0, 3.0, 5.5, 4.5 ] },
												"east": { "texture": "#bellbook", "uv": [ 3.0, 3.5, 4.0, 4.5 ], "autoUv": false },
												"south": { "texture": "#bellbook", "uv": [ 5.0, 3.0, 5.5, 4.5 ] },
												"west": { "texture": "#bellbook", "uv": [ 4.0, 3.5, 5.0, 4.5 ], "autoUv": false },
												"up": { "texture": "#bellbook", "uv": [ 5.0, 3.5, 5.5, 4.5 ] },
												"down": { "texture": "#bellbook", "uv": [ 5.0, 3.0, 5.5, 4.0 ] }
											}
										}
									]
								}
							]
						}
					]
				},
				{
					"name": "pages",
					"from": [ 4.8, 0.4, 5.2 ],
					"to": [ 10.8, 1.1, 12.7 ],
					"autoUnwrap": false,
					"uv": [ 0.0, 9.0 ],
					"rotationOrigin": [ 4.8, 0.4, 5.2 ],
					"rotationZ": -3.0,
					"faces": {
						"north": { "texture": "#bellbook", "uv": [ 18.0, 0.0, 23.5, 5.0 ], "autoUv": false },
						"east": { "texture": "#bellbook", "uv": [ 18.0, 0.0, 25.5, 5.0 ], "autoUv": false },
						"south": { "texture": "#bellbook", "uv": [ 18.0, 0.0, 23.5, 5.0 ], "autoUv": false },
						"west": { "texture": "#bellbook", "uv": [ 18.0, 0.0, 25.5, 5.0 ], "autoUv": false },
						"up": { "texture": "#bellbook", "uv": [ 14.0, 9.5, 25.0, 24.5 ], "autoUv": false, "windMode": [-1,-1,-1,-1] }
					},
					"children": [
						{
							"name": "pages1",
							"from": [ -0.8, 0.2, 0.02 ],
							"to": [ 0.0, 0.7, 7.49 ],
							"autoUnwrap": false,
							"uv": [ 1.5, 17.0 ],
							"rotationOrigin": [ 0.0, 0.7, 0.0 ],
							"rotationZ": 30.0,
							"faces": {
								"north": { "texture": "#bellbook", "uv": [ 18.0, 0.0, 19.5, 2.5 ], "autoUv": false },
								"south": { "texture": "#bellbook", "uv": [ 18.0, 0.0, 19.5, 2.5 ], "autoUv": false },
								"up": { "texture": "#bellbook", "uv": [ 12.5, 9.5, 14.0, 24.5 ], "autoUv": false }
							}
						}
					]
				},
				{
					"name": "pages2",
					"from": [ -2.5, 0.4, 5.2 ],
					"to": [ 3.5, 1.1, 12.7 ],
					"autoUnwrap": false,
					"uv": [ 0.0, 9.0 ],
					"rotationOrigin": [ 3.3, 0.4, 5.2 ],
					"rotationZ": 3.0,
					"faces": {
						"north": { "texture": "#bellbook", "uv": [ 20.0, 0.0, 25.5, 5.0 ], "autoUv": false },
						"east": { "texture": "#bellbook", "uv": [ 18.0, 0.0, 25.5, 5.0 ], "autoUv": false },
						"south": { "texture": "#bellbook", "uv": [ 20.0, 0.0, 25.5, 5.0 ], "autoUv": false },
						"west": { "texture": "#bellbook", "uv": [ 18.0, 0.0, 25.5, 5.0 ], "autoUv": false },
						"up": { "texture": "#bellbook", "uv": [ 0.0, 9.5, 11.0, 24.5 ], "autoUv": false, "windMode": [-1,-1,-1,-1] }
					},
					"children": [
						{
							"name": "pages3",
							"from": [ 6.0, 0.2, 0.01 ],
							"to": [ 6.9, 0.7, 7.49 ],
							"autoUnwrap": false,
							"uv": [ 1.0, 10.0 ],
							"rotationOrigin": [ 6.0, 0.7, 0.0 ],
							"rotationZ": -30.0,
							"faces": {
								"north": { "texture": "#bellbook", "uv": [ 18.0, 0.0, 19.5, 2.5 ], "autoUv": false, "windMode": [-1,-1,-1,-1] },
								"south": { "texture": "#bellbook", "uv": [ 18.0, 0.0, 19.5, 2.5 ], "autoUv": false },
								"up": { "texture": "#bellbook", "uv": [ 11.0, 9.5, 12.5, 24.5 ], "autoUv": false }
							}
						}
					]
				},
				{
					"name": "RightPage",
					"from": [ 4.8366, 0.109, 5.2 ],
					"to": [ 10.8366, 1.109, 12.7 ],
					"autoUnwrap": false,
					"uv": [ 32.0, 25.3 ],
					"rotationOrigin": [ 4.8366, 1.099, 5.2 ],
					"rotationZ": -3.0,
					"faces": {
						"up": { "texture": "#bellbook", "uv": [ 32.0, 25.5, 64.0, 64.0 ], "autoUv": false }
					}
				},
				{
					"name": "LeftPage",
					"from": [ -2.5287, -0.1945, 5.2 ],
					"to": [ 3.4713, 0.8055, 12.7 ],
					"autoUnwrap": false,
					"uv": [ 0.0, 25.5 ],
					"rotationOrigin": [ -2.5287, 0.7955, 5.2 ],
					"rotationZ": 3.0,
					"faces": {
						"up": { "texture": "#bellbook", "uv": [ 0.0, 25.5, 32.0, 64.0 ], "autoUv": false }
					}
				}
			]
		}
	]}