{
	"editor": {
		"collapsedPaths": "Root/root/slope2",
		"allAngles": false,
		"entityTextureMode": true
	},
	"textureWidth": 64,
	"textureHeight": 64,
	"textureSizes": {
	},
	"textures": {
		"bellbook": "C:/Users/Wanja/Pictures/vintage story textures/bellbook"
	},
	"elements": [
		{
			"name": "origin",
			"from": [ 4.0, 0.0, -1.0 ],
			"to": [ 4.0, 0.0, -1.0 ],
			"uv": [ 0.0, 0.0 ],
			"rotationOrigin": [ 12.0, 0.0, 7.0 ],
			"rotationY": 3.0,
			"faces": {
			},
			"children": [
				{
					"name": "BookDown",
					"from": [ 5.0, 0.0, 5.0 ],
					"to": [ 11.0, 0.4, 13.0 ],
					"autoUnwrap": false,
					"uv": [ 10.0, 15.5 ],
					"rotationOrigin": [ 5.0, 0.0, 5.0 ],
					"faces": {
						"north": { "texture": "#bellbook", "uv": [ 0.0, 8.0, 6.0, 8.5 ], "windMode": [-1,-1,-1,-1] },
						"east": { "texture": "#bellbook", "uv": [ 0.0, 8.5, 8.0, 9.0 ], "windMode": [-1,-1,-1,-1] },
						"south": { "texture": "#bellbook", "uv": [ 0.0, 8.0, 6.0, 8.5 ] },
						"west": { "texture": "#bellbook", "uv": [ 0.0, 8.5, 8.0, 9.0 ] },
						"up": { "texture": "#bellbook", "uv": [ 6.0, 0.0, 12.0, 8.0 ] },
						"down": { "texture": "#bellbook", "uv": [ 6.0, 0.0, 12.0, 8.0 ] }
					},
					"children": [
						{
							"name": "BookBack",
							"from": [ -0.4, 0.2, 0.0 ],
							"to": [ 0.2, 1.9, 8.0 ],
							"autoUnwrap": false,
							"uv": [ 22.5, 13.0 ],
							"rotationOrigin": [ -0.4, 0.2, 0.0 ],
							"faces": {
								"north": { "texture": "#bellbook", "uv": [ 9.0, 8.0, 9.5, 9.5 ] },
								"east": { "texture": "#bellbook", "uv": [ 10.0, 8.0, 18.0, 9.5 ] },
								"south": { "texture": "#bellbook", "uv": [ 9.5, 8.0, 10.0, 9.5 ] },
								"west": { "texture": "#bellbook", "uv": [ 10.0, 8.0, 18.0, 9.5 ] },
								"up": { "texture": "#bellbook", "uv": [ 12.0, 0.0, 12.5, 8.0 ] },
								"down": { "texture": "#bellbook", "uv": [ 12.0, 0.0, 12.5, 8.0 ] }
							}
						},
						{
							"name": "BookUp",
							"from": [ 0.0, 1.7, 0.0 ],
							"to": [ 6.0, 2.1, 8.0 ],
							"autoUnwrap": false,
							"uv": [ -2.5, 5.0 ],
							"rotationOrigin": [ 0.0, 1.7, 0.0 ],
							"faces": {
								"north": { "texture": "#bellbook", "uv": [ 0.0, 8.0, 6.0, 8.5 ] },
								"east": { "texture": "#bellbook", "uv": [ 0.0, 8.5, 8.0, 9.0 ] },
								"south": { "texture": "#bellbook", "uv": [ 0.0, 8.0, 6.0, 8.5 ] },
								"west": { "texture": "#bellbook", "uv": [ 0.0, 8.5, 8.0, 9.0 ] },
								"up": { "texture": "#bellbook", "uv": [ 0.0, 0.0, 6.0, 8.0 ] },
								"down": { "texture": "#bellbook", "uv": [ 0.0, 0.0, 6.0, 8.0 ], "autoUv": false }
							}
						},
						{
							"name": "BookUpDeco",
							"from": [ 0.0, 2.11, 0.0 ],
							"to": [ 6.0, 2.11, 8.0 ],
							"uv": [ 12.0, 0.0 ],
							"rotationOrigin": [ 0.0, 2.1, 0.0 ],
							"faces": {
								"up": { "texture": "#bellbook", "uv": [ 12.0, 0.0, 18.0, 8.0 ], "windMode": [-1,-1,-1,-1] }
							}
						},
						{
							"name": "lock",
							"from": [ 6.0, 0.2, 3.5 ],
							"to": [ 6.2, 1.9, 4.5 ],
							"autoUnwrap": false,
							"uv": [ 0.0, 0.0 ],
							"rotationOrigin": [ 6.0, 0.2, 3.5 ],
							"faces": {
								"north": { "texture": "#bellbook", "uv": [ 5.0, 3.0, 5.5, 4.5 ] },
								"east": { "texture": "#bellbook", "uv": [ 3.0, 3.5, 4.0, 4.5 ], "autoUv": false },
								"south": { "texture": "#bellbook", "uv": [ 5.0, 3.0, 5.5, 4.5 ] },
								"west": { "texture": "#bellbook", "uv": [ 4.0, 3.5, 5.0, 4.5 ], "autoUv": false },
								"up": { "texture": "#bellbook", "uv": [ 5.0, 3.5, 5.5, 4.5 ] },
								"down": { "texture": "#bellbook", "uv": [ 5.0, 3.0, 5.5, 4.0 ] }
							}
						}
					]
				},
				{
					"name": "pages",
					"from": [ 5.0, 0.4, 5.2 ],
					"to": [ 10.8, 1.7, 12.7 ],
					"autoUnwrap": false,
					"uv": [ 0.0, 9.0 ],
					"rotationOrigin": [ 5.0, 0.4, 5.2 ],
					"faces": {
						"north": { "texture": "#bellbook", "uv": [ 18.0, 0.0, 23.5, 5.0 ], "autoUv": false },
						"east": { "texture": "#bellbook", "uv": [ 18.0, 0.0, 25.5, 5.0 ], "autoUv": false },
						"south": { "texture": "#bellbook", "uv": [ 18.0, 0.0, 23.5, 5.0 ], "autoUv": false },
						"west": { "texture": "#bellbook", "uv": [ 18.0, 0.0, 25.5, 5.0 ], "autoUv": false }
					}
				}
			]
		}
	]}