[
  {
    "enabled": true,
    "height": 3,
    "width": 3,
    "ingredientPattern": "FFF,FTF,FFF",
    "ingredients": {
      "F": {
        "type": "block",
        "code": "game:flower-*",
        "allowedVariants": [
          "lupine-white-free",
          "edelweiss-free",
          "wilddaisy-free",
          "cowparsley-free"
        ]
      },
      "T": {
        "type": "item",
        "code": "game:flaxfibers"
      }
    },
    "output": {
      "code": "flowercrown-whiteroses",
      "type": "item"
    }
  },
  {
    "enabled": true,
    "height": 3,
    "width": 3,
    "ingredientPattern": "FFF,FTF,FFF",
    "ingredients": {
      "F": {
        "type": "block",
        "code": "game:flower-*",
        "allowedVariants": [
          "lupine-orange-free",
          "goldenpoppy-free",
          "westerngorse-free",
          "orangemallow-free",
          "woad-free"
        ]
      },
      "T": {
        "type": "item",
        "code": "game:flaxfibers"
      }
    },
    "output": {
      "code": "flowercrown-goldroses",
      "type": "item"
    }
  },
  {
    "enabled": true,
    "ingredientPattern": "FFF,FTF,FFF",
    "width": 3,
    "height": 3,
    "ingredients": {
      "F": {
        "type": "block",
        "code": "game:flower-lupine-red-free"
      },
      "T": {
        "type": "item",
        "code": "game:flaxfibers"
      }
    },
    "output": {
      "code": "flowercrown-redroses",
      "type": "item"
    }
  },
  {
    "enabled": true,
    "shapeless": true,
    "height": 3,
    "width": 3,
    "ingredientPattern": "ROY,GTB,_P_",
    "ingredients": {
      "T": {
        "type": "item",
        "code": "game:flaxfibers"
      },
      "R": {
        "type": "block",
        "code": "game:flower-lupine-red-free"
      },
      "O": {
        "type": "block",
        "code": "game:flower-lupine-orange-free"
      },
      "Y": {
        "type": "block",
        "code": "game:flower-woad-free"
      },
      "G": {
        "type": "block",
        "code": "game:flower-horsetail-free"
      },
      "B": {
        "type": "block",
        "code": "game:flower-cornflower-free"
      },
      "P": {
        "type": "block",
        "code": "game:flower-catmint-free"
      }
    },
    "output": {
      "code": "flowercrown-rainbow",
      "type": "item"
    }
  },
  {
    "enabled": true,
    "ingredientPattern": "FFF,FTF,FFF",
    "width": 3,
    "height": 3,
    "ingredients": {
      "F": {
        "type": "block",
        "code": "game:flower-*",
        "allowedVariants": [
          "lupine-red-free",
          "lupine-white-free",
          "lupine-orange-free",
          "lupine-purple-free",
          "goldenpoppy-free",
          "edelweiss-free",
          "orangemallow-free",
          "wilddaisy-free",
          "catmint-free",
          "heather-free",
          "woad-free",
          "cowparsley-free",
          "redtopgrass-free",
          "westerngorse-free"
        ]
      },
      "T": {
        "type": "item",
        "code": "game:flaxfibers"
      }
    },
    "output": {
      "code": "flowercrown-wild1",
      "type": "item"
    }
  },
  {
    "enabled": true,
    "height": 3,
    "width": 3,
    "ingredientPattern": "FFF,FTF,FFF",
    "ingredients": {
      "F": {
        "type": "block",
        "code": "game:flower-*",
        "allowedVariants": [
          "lupine-blue-free",
          "lupine-white-free",
          "lupine-purple-free",
          "edelweiss-free",
          "wilddaisy-free",
          "catmint-free",
          "heather-free",
          "woad-free",
          "cowparsley-free",
          "cornflower-free",
          "lilyofthevalley-free",
          "forgetmenot-free",
          "westerngorse-free"
        ]
      },
      "T": {
        "type": "item",
        "code": "game:flaxfibers"
      }
    },
    "output": {
      "code": "flowercrown-wild2",
      "type": "item"
    }
  },
  {
    "enabled": true,
    "height": 3,
    "width": 3,
    "ingredientPattern": "FFF,FTF,FFF",
    "ingredients": {
      "F": {
        "type": "item",
        "code": "game:grain-sunflower",
        "quantity": 4
      },
      "T": {
        "type": "item",
        "code": "game:flaxfibers"
      }
    },
    "output": {
      "code": "flowercrown-sunflower",
      "type": "item"
    }
  }
]
