[
  {
    "ingredientPattern": "BGB,G_G",
    "ingredients": {
      "B": { "type": "item", "code": "game:cloth-black" },
      "G": { "type": "item", "code": "game:cloth-green" }
    },
    "width": 3,
    "height": 2,
    "output": { "type": "item", "code": "froghats:froghat-head-froghat-green", "quantity": 1 }
  },
  {
    "ingredientPattern": "BGB,G_G",
    "ingredients": {
      "B": { "type": "item", "code": "game:cloth-black" },
      "G": { "type": "item", "code": "game:cloth-blue" }
    },
    "width": 3,
    "height": 2,
    "output": { "type": "item", "code": "froghats:froghat-head-froghat-blue", "quantity": 1 }
  },
  {
    "ingredientPattern": "BGB,G_G",
    "ingredients": {
      "B": { "type": "item", "code": "game:cloth-black" },
      "G": { "type": "item", "code": "game:cloth-yellow" }
    },
    "width": 3,
    "height": 2,
    "output": { "type": "item", "code": "froghats:froghat-head-froghat-yellow", "quantity": 1 }
  },
  {
    "ingredientPattern": "BGB,G_G",
    "ingredients": {
      "B": { "type": "item", "code": "game:cloth-black" },
      "G": { "type": "item", "code": "game:cloth-pink" }
    },
    "width": 3,
    "height": 2,
    "output": { "type": "item", "code": "froghats:froghat-head-froghat-pink", "quantity": 1 }
  },
  {
    "ingredientPattern": "BGB,G_G",
    "ingredients": {
      "B": { "type": "item", "code": "game:cloth-black" },
      "G": { "type": "item", "code": "game:cloth-orange" }
    },
    "width": 3,
    "height": 2,
    "output": { "type": "item", "code": "froghats:froghat-head-froghat-orange", "quantity": 1 }
  },
  {
    "ingredientPattern": "BGB,G_G",
    "ingredients": {
      "B": { "type": "item", "code": "game:cloth-black" },
      "G": { "type": "item", "code": "game:cloth-black" }
    },
    "width": 3,
    "height": 2,
    "output": { "type": "item", "code": "froghats:froghat-head-froghat-black", "quantity": 1 }
  }
]
