{
    "code": "storedboat",
    "class": "ItemStoredBoat",
    "variantgroups": [
        {
            "code": "wood",
            "states": [
                "oak",
                "birch",
                "pine",
                "acacia",
                "maple"
            ]
        }
    ],
    "texturesByType": {
        "*-oak": {
            "wood": {
                "base": "game:block/wood/debarked/oak"
            }
        },
        "*-birch": {
            "wood": {
                "base": "game:block/wood/debarked/birch"
            }
        },
        "*-pine": {
            "wood": {
                "base": "game:block/wood/debarked/pine"
            }
        },
        "*-acacia": {
            "wood": {
                "base": "game:block/wood/debarked/acacia"
            }
        },
        "*-maple": {
            "wood": {
                "base": "game:block/wood/debarked/maple"
            }
        }
    },
    "maxstacksize": 1,
    "creativeinventory": {
        "general": [
            "*"
        ],
        "items": [
            "*"
        ]
    },
    "heldTpIdleAnimation": "holdunderarm",
    "heldTpUseAnimation": "placeblock"
}