{
  "code": "magicbucket",
  "class": "BlockBucket",
  "enabled": false,

  "behaviors": [
    { "name": "Lockable" },
    { "name": "UnstableFalling" },
    { "name": "RightClickPickup" },
    { "name": "MilkingContainer" }
  ],
  "entityClass": "Bucket",
  "attributes": {
    "reinforcable": true,
    "liquidContainerProps": {
      "capacityLitres": 19,
      "transferSizeLitres": 1,
      "emptyShapeLoc": "game:shapes/block/wood/bucket/empty",
      "opaqueContentShapeLoc": "game:shapes/block/wood/bucket/contents",
      "liquidContentShapeLoc": "game:shapes/block/wood/bucket/liquidcontents",
      "liquidMaxYTranslate": 0.4375
    },
    "shelvable": true,
    "displaycaseable": true
  },
  "heldRightReadyAnimation": "helditemreadybucket",
  "creativeinventoryStacks": [
    {
      "tabs": [ "general", "decorative", "rustboundmagic" ],
      "stacks": [
        {
          "type": "block",
          "code": "magicbucket"
        }
      ]
    }
  ],
  "shape": { "base": "game:block/wood/bucket/empty" },
  "sidesolid": {
    "all": false
  },
  "sideopaque": {
    "all": false
  },
  "blockmaterial": "Wood",
  "textures": {
    "wood": { "base": "blocks/resources/eldrathium/eldrathium" }
  },
  "replaceable": 500,
  "resistance": 1.5,
  "maxStackSize": 5,
  "liquidSelectable": 1,
  "lightAbsorption": 0,
  "sounds": {
    "place": "game:block/planks",
    "hit": "game:block/planks",
    "break": "game:block/planks",
    "walk": "game:walk/wood"
  },
  "collisionbox": {
    "x1": 0.25,
    "y1": 0,
    "z1": 0.25,
    "x2": 0.75,
    "y2": 0.75,
    "z2": 0.75
  },
  "selectionbox": {
    "x1": 0.25,
    "y1": 0,
    "z1": 0.25,
    "x2": 0.75,
    "y2": 0.75,
    "z2": 0.75
  },
  "materialDensity": 400,
  "tpHandTransform": {
    "translation": {
      "x": -0.85,
      "y": -1,
      "z": -0.8
    },
    "rotation": {
      "x": 0,
      "y": 0,
      "z": 0
    },
    "scale": 0.62
  },
  "guiTransform": {
    "origin": {
      "x": 0.5,
      "y": 0.3,
      "z": 0.5
    },
    "scale": 1.75
  },
  "fpHandTransform": {
    "scale": 1.5
  },
  "groundTransform": {
    "origin": {
      "x": 0.5,
      "y": 0,
      "z": 0.5
    },
    "scale": 2
  }
}