{
	"editor": {
		"allAngles": false,
		"entityTextureMode": false
	},
	"textureWidth": 16,
	"textureHeight": 16,
	"textureSizes": {
	},
	"textures": {
		"castiron": "block/castiron",
		"gold": "block/gold",
		"shinyiron": "block/shinyiron"
	},
	"elements": [
		{
			"name": "CenterPole",
			"from": [ 7.0, 3.0, 7.0 ],
			"to": [ 9.0, 5.0, 9.0 ],
			"rotationOrigin": [ 7.0, 3.0, 7.0 ],
			"faces": {
				"north": { "texture": "#gold", "uv": [ 0.0, 0.0, 2.0, 2.0 ] },
				"east": { "texture": "#gold", "uv": [ 0.0, 0.0, 2.0, 2.0 ] },
				"south": { "texture": "#gold", "uv": [ 0.0, 0.0, 2.0, 2.0 ] },
				"west": { "texture": "#gold", "uv": [ 0.0, 0.0, 2.0, 2.0 ] },
				"up": { "texture": "#gold", "uv": [ 0.0, 0.0, 2.0, 2.0 ] },
				"down": { "texture": "#gold", "uv": [ 0.0, 0.0, 2.0, 2.0 ] }
			}
		},
		{
			"name": "Insulator1",
			"from": [ 6.0, 0.0, 6.0 ],
			"to": [ 10.0, 1.0, 10.0 ],
			"rotationOrigin": [ 6.0, 0.0, 6.0 ],
			"faces": {
				"north": { "texture": "#castiron", "uv": [ 0.0, 0.0, 4.0, 1.0 ] },
				"east": { "texture": "#castiron", "uv": [ 0.0, 0.0, 4.0, 1.0 ] },
				"south": { "texture": "#castiron", "uv": [ 0.0, 0.0, 4.0, 1.0 ] },
				"west": { "texture": "#castiron", "uv": [ 0.0, 0.0, 4.0, 1.0 ] },
				"up": { "texture": "#castiron", "uv": [ 0.0, 0.0, 4.0, 4.0 ] },
				"down": { "texture": "#castiron", "uv": [ 0.0, 0.0, 4.0, 4.0 ] }
			}
		},
		{
			"name": "Insulator2",
			"from": [ 6.0, 2.0, 6.0 ],
			"to": [ 10.0, 3.0, 10.0 ],
			"rotationOrigin": [ 6.0, 2.0, 6.0 ],
			"faces": {
				"north": { "texture": "#castiron", "uv": [ 0.0, 0.0, 4.0, 1.0 ] },
				"east": { "texture": "#castiron", "uv": [ 0.0, 0.0, 4.0, 1.0 ] },
				"south": { "texture": "#castiron", "uv": [ 0.0, 0.0, 4.0, 1.0 ] },
				"west": { "texture": "#castiron", "uv": [ 0.0, 0.0, 4.0, 1.0 ] },
				"up": { "texture": "#castiron", "uv": [ 0.0, 0.0, 4.0, 4.0 ] },
				"down": { "texture": "#castiron", "uv": [ 0.0, 0.0, 4.0, 4.0 ] }
			}
		},
		{
			"name": "Cube2",
			"from": [ 7.0, 1.0, 7.0 ],
			"to": [ 9.0, 2.0, 9.0 ],
			"rotationOrigin": [ 7.0, 1.0, 7.0 ],
			"faces": {
				"north": { "texture": "#shinyiron", "uv": [ 0.0, 0.0, 2.0, 1.0 ] },
				"east": { "texture": "#shinyiron", "uv": [ 0.0, 0.0, 2.0, 1.0 ] },
				"south": { "texture": "#shinyiron", "uv": [ 0.0, 0.0, 2.0, 1.0 ] },
				"west": { "texture": "#shinyiron", "uv": [ 0.0, 0.0, 2.0, 1.0 ] },
				"up": { "texture": "#shinyiron", "uv": [ 0.0, 0.0, 2.0, 2.0 ] },
				"down": { "texture": "#shinyiron", "uv": [ 0.0, 0.0, 2.0, 2.0 ] }
			}
		},
		{
			"name": "Cube3",
			"from": [ 7.5, 0.0, 6.75 ],
			"to": [ 7.75, 5.0, 7.0 ],
			"rotationOrigin": [ 7.0, 0.0, 6.0 ],
			"faces": {
				"north": { "texture": "#shinyiron", "uv": [ 0.0, 0.0, 0.5, 5.0 ] },
				"east": { "texture": "#shinyiron", "uv": [ 0.0, 0.0, 0.5, 5.0 ] },
				"south": { "texture": "#shinyiron", "uv": [ 0.0, 0.0, 0.5, 5.0 ] },
				"west": { "texture": "#shinyiron", "uv": [ 0.0, 0.0, 0.5, 5.0 ] },
				"up": { "texture": "#shinyiron", "uv": [ 0.0, 0.0, 0.5, 0.5 ] },
				"down": { "texture": "#shinyiron", "uv": [ 0.0, 0.0, 0.5, 0.5 ] }
			}
		},
		{
			"name": "Cube4",
			"from": [ 7.48, 5.0, 6.75 ],
			"to": [ 7.76, 5.25, 8.0 ],
			"rotationOrigin": [ 7.625, 5.0, 6.875 ],
			"rotationY": 22.5,
			"faces": {
				"north": { "texture": "#shinyiron", "uv": [ 0.0, 0.0, 0.5, 0.5 ] },
				"east": { "texture": "#shinyiron", "uv": [ 0.0, 0.0, 1.0, 0.5 ] },
				"south": { "texture": "#shinyiron", "uv": [ 0.0, 0.0, 0.5, 0.5 ] },
				"west": { "texture": "#shinyiron", "uv": [ 0.0, 0.0, 1.0, 0.5 ] },
				"up": { "texture": "#shinyiron", "uv": [ 0.0, 0.0, 0.5, 1.0 ] },
				"down": { "texture": "#shinyiron", "uv": [ 0.0, 0.0, 0.5, 1.0 ] }
			}
		}
	]}