{
	"editor": {
		"backDropShape": "E:/Programs/VSModelCreator/human",
		"allAngles": true,
		"entityTextureMode": true
	},
	"textureWidth": 32,
	"textureHeight": 76,
	"textureSizes": {
	},
	"textures": {
		"seraph": "body"
	},
	"elements": [
		{
			"name": "Breasts-S-root",
			"stepParentName": "Breasts-S",
			"from": [ 0.0, 0.0, 0.0 ],
			"to": [ 0.0, 0.0, 0.0 ],
			"uv": [ 0.0, 0.0 ],
			"faces": {
			},
			"children": [
				{
					"name": "BreastR",
					"from": [ -1.2, 2.6, 0.21 ],
					"to": [ 0.3, 4.6, 2.41 ],
					"unwrapMode": 4,
					"uv": [ 11.5, 16.5 ],
					"rotationOrigin": [ -1.0, 2.0, -1.0 ],
					"rotationZ": -28.0,
					"faces": {
						"north": { "texture": "#seraph", "uv": [ 11.5, 18.0, 13.0, 20.0 ], "windMode": [-1,-1,-1,-1], "windData": [1,1,1,1] },
						"south": { "texture": "#seraph", "uv": [ 15.0, 18.0, 16.5, 20.0 ], "windMode": [-1,-1,-1,-1], "windData": [1,1,1,1] },
						"west": { "texture": "#seraph", "uv": [ 13.0, 18.0, 15.0, 20.0 ], "windMode": [-1,-1,-1,-1], "windData": [1,1,1,1] },
						"up": { "texture": "#seraph", "uv": [ 13.0, 16.5, 15.0, 18.0 ], "rotation": 90, "windMode": [-1,-1,-1,-1], "windData": [1,1,1,1] },
						"down": { "texture": "#seraph", "uv": [ 13.0, 20.0, 15.0, 21.5 ], "rotation": 90, "windMode": [-1,-1,-1,-1], "windData": [1,1,1,1] }
					}
				},
				{
					"name": "BreastL",
					"from": [ -1.2, 2.6, 3.85 ],
					"to": [ 0.3, 4.6, 6.05 ],
					"unwrapMode": 4,
					"uv": [ 15.5, 16.5 ],
					"rotationOrigin": [ -1.0, 2.0, 3.0 ],
					"rotationZ": -28.0,
					"faces": {
						"north": { "texture": "#seraph", "uv": [ 15.5, 18.0, 17.0, 20.0 ], "windMode": [-1,-1,-1,-1], "windData": [1,1,1,1] },
						"south": { "texture": "#seraph", "uv": [ 19.0, 18.0, 20.5, 20.0 ], "windMode": [-1,-1,-1,-1], "windData": [1,1,1,1] },
						"west": { "texture": "#seraph", "uv": [ 17.0, 18.0, 19.0, 20.0 ], "windMode": [-1,-1,-1,-1], "windData": [1,1,1,1] },
						"up": { "texture": "#seraph", "uv": [ 17.0, 16.5, 19.0, 18.0 ], "rotation": 90 },
						"down": { "texture": "#seraph", "uv": [ 17.0, 20.0, 19.0, 21.5 ], "rotation": 90, "windMode": [-1,-1,-1,-1], "windData": [1,1,1,1] }
					}
				}
			]
		}
	]}