{
	"editor": {
		"backDropShape": "E:/Programs/VSModelCreator/human",
		"allAngles": true,
		"entityTextureMode": true
	},
	"textureWidth": 32,
	"textureHeight": 76,
	"textureSizes": {
	},
	"textures": {
		"seraph": "body"
	},
	"elements": [
		{
			"name": "Breasts-M-root",
			"stepParentName": "Breasts-M",
			"from": [ 0.0, 0.0, 0.0 ],
			"to": [ 0.0, 0.0, 0.0 ],
			"uv": [ 0.0, 0.0 ],
			"faces": {
			},
			"children": [
				{
					"name": "BreastR",
					"from": [ -1.01, 2.2, 0.01 ],
					"to": [ 0.99, 4.7, 2.61 ],
					"unwrapMode": 4,
					"uv": [ 11.0, 15.5 ],
					"rotationOrigin": [ -1.0, 2.0, -1.0 ],
					"rotationZ": -22.0,
					"faces": {
						"north": { "texture": "#seraph", "uv": [ 11.0, 17.5, 13.0, 20.0 ], "windMode": [-1,-1,-1,-1], "windData": [1,1,1,1] },
						"south": { "texture": "#seraph", "uv": [ 15.5, 17.5, 17.5, 20.0 ], "windMode": [-1,-1,-1,-1], "windData": [1,1,1,1] },
						"west": { "texture": "#seraph", "uv": [ 13.0, 17.5, 15.5, 20.0 ], "windMode": [-1,-1,-1,-1], "windData": [1,1,1,1] },
						"up": { "texture": "#seraph", "uv": [ 13.0, 15.5, 15.5, 17.5 ], "rotation": 90, "windMode": [-1,-1,-1,-1], "windData": [1,1,1,1] },
						"down": { "texture": "#seraph", "uv": [ 13.0, 20.0, 15.5, 22.0 ], "rotation": 90, "windMode": [-1,-1,-1,-1], "windData": [1,1,1,1] }
					}
				},
				{
					"name": "BreastL",
					"from": [ -1.01, 2.2, 3.59 ],
					"to": [ 0.99, 4.7, 6.19 ],
					"unwrapMode": 4,
					"uv": [ 14.5, 15.5 ],
					"rotationOrigin": [ -1.0, 2.0, 3.0 ],
					"rotationZ": -22.0,
					"faces": {
						"north": { "texture": "#seraph", "uv": [ 14.5, 17.5, 16.5, 20.0 ], "windMode": [-1,-1,-1,-1], "windData": [1,1,1,1] },
						"south": { "texture": "#seraph", "uv": [ 19.0, 17.5, 21.0, 20.0 ], "windMode": [-1,-1,-1,-1], "windData": [1,1,1,1] },
						"west": { "texture": "#seraph", "uv": [ 16.5, 17.5, 19.0, 20.0 ], "windMode": [-1,-1,-1,-1], "windData": [1,1,1,1] },
						"up": { "texture": "#seraph", "uv": [ 16.5, 15.5, 19.0, 17.5 ], "rotation": 90 },
						"down": { "texture": "#seraph", "uv": [ 16.5, 20.0, 19.0, 22.0 ], "rotation": 90, "windMode": [-1,-1,-1,-1], "windData": [1,1,1,1] }
					}
				}
			]
		}
	]}