{
	"editor": {
		"backDropShape": "E:/Programs/VSModelCreator/human",
		"allAngles": true,
		"entityTextureMode": true
	},
	"textureWidth": 32,
	"textureHeight": 76,
	"textureSizes": {
	},
	"textures": {
		"seraph": "body"
	},
	"elements": [
		{
			"name": "Breasts-L-root",
			"stepParentName": "Breasts-L",
			"from": [ 0.0, 0.0, 0.0 ],
			"to": [ 0.0, 0.0, 0.0 ],
			"uv": [ 0.0, 0.0 ],
			"faces": {
			},
			"children": [
				{
					"name": "BreastR",
					"from": [ -1.51, 2.0, 0.01 ],
					"to": [ 0.99, 5.0, 2.81 ],
					"unwrapMode": 4,
					"uv": [ 10.5, 16.0 ],
					"rotationOrigin": [ -2.0, 2.0, -1.0 ],
					"rotationZ": -32.0,
					"faces": {
						"north": { "texture": "#seraph", "uv": [ 10.5, 18.5, 13.0, 21.5 ], "windMode": [-1,-1,-1,-1], "windData": [1,1,1,1] },
						"south": { "texture": "#seraph", "uv": [ 15.5, 18.5, 18.0, 21.5 ], "windMode": [-1,-1,-1,-1], "windData": [1,1,1,1] },
						"west": { "texture": "#seraph", "uv": [ 13.0, 18.5, 15.5, 21.5 ], "windMode": [-1,-1,-1,-1], "windData": [1,1,1,1] },
						"up": { "texture": "#seraph", "uv": [ 13.0, 16.0, 15.5, 18.5 ], "rotation": 90, "windMode": [-1,-1,-1,-1], "windData": [1,1,1,1] },
						"down": { "texture": "#seraph", "uv": [ 13.0, 21.5, 15.5, 24.0 ], "rotation": 90, "windMode": [-1,-1,-1,-1], "windData": [1,1,1,1] }
					}
				},
				{
					"name": "BreastL",
					"from": [ -1.51, 2.0, 3.39 ],
					"to": [ 0.99, 5.0, 6.19 ],
					"unwrapMode": 4,
					"uv": [ 14.0, 16.0 ],
					"rotationOrigin": [ -2.0, 2.0, 3.0 ],
					"rotationZ": -32.0,
					"faces": {
						"north": { "texture": "#seraph", "uv": [ 14.0, 18.5, 16.5, 21.5 ], "windMode": [-1,-1,-1,-1], "windData": [1,1,1,1] },
						"south": { "texture": "#seraph", "uv": [ 19.0, 18.5, 21.5, 21.5 ], "windMode": [-1,-1,-1,-1], "windData": [1,1,1,1] },
						"west": { "texture": "#seraph", "uv": [ 16.5, 18.5, 19.0, 21.5 ], "windMode": [-1,-1,-1,-1], "windData": [1,1,1,1] },
						"up": { "texture": "#seraph", "uv": [ 16.5, 16.0, 19.0, 18.5 ], "rotation": 90 },
						"down": { "texture": "#seraph", "uv": [ 16.5, 21.5, 19.0, 24.0 ], "rotation": 90, "windMode": [-1,-1,-1,-1], "windData": [1,1,1,1] }
					}
				}
			]
		}
	]}