{
	"code": "armor",
	"class": "ItemWearable",
	"variantgroups": [
		{ "code": "bodypart", "states": [ "head", "body", "legs" ] },
		{ "code": "type", "states": [ "hunterblack" ] }
	],
	"shapeByType": {
		"armor-head-hunterblack": { "base": "entity/humanoid/seraph/armor/hunter/hunterhelm-black" },
		"armor-body-hunterblack": { "base": "entity/humanoid/seraph/armor/hunter/huntertop-black" },
		"armor-legs-hunterblack": { "base": "entity/humanoid/seraph/armor/hunter/hunterpants-black" }
	},
	"texturesByType": {
		"*": {
			"seraph": { "base": "game:block/transparent" }
		}
	},
	"storageFlags": 128,
	"attributes": {
		"wearableAttachment": true,
		"clothescategoryByType": {
			"armor-head-*": "armorhead",
			"armor-body-*": "armorbody",
			"armor-legs-*": "armorlegs"
		},
		"disableElementsByType": {
			"armor-head-hunterblack": ["Hair tile upper part", "Ponytail1", "Hair", "hideme"]
		},
		"defaultProtLoss": {
			"perTierRelativeProtectionLoss": [ 0.03, 0.15 ],
			"perTierFlatDamageReductionLoss": [ 0.1, 0.2 ]
		},
		"footStepSoundByType": {
			"armor-body-hunterblack": "game:wearable/leather*"
		},
		"protectionModifiersByType": {
			"*-hunterblack": {
				"relativeProtection": 0.7,
				"flatDamageReduction": 0.7,
				"protectionTier": 2,
				"perTierRelativeProtectionLoss": [ 0.015, 0.075 ],
				"perTierFlatDamageReductionLoss": [ 0.05, 0.1 ]
			}

		},
		"statModifiersByType": {
			"*-hunterblack": {
				"rangedWeaponsAcc": 0.05,
				"hungerrate": -0.02,
				"walkspeed": 0.03
			}
		}
	},
	"creativeinventory": {
		"general": [ "*" ],
		"items": [ "*" ],
		"clothing": [ "*" ]
	},
	"renderAlphaTest": 0.25,
	"durabilityByType": {
		"*-hunterblack": 900
	},

	"fpHandTransformByType": {
		"armor-head-*": {
			"translation": {
				"x": 0.4,
				"y": -1.9,
				"z": -0.5
			},
			"rotation": {
				"x": 163,
				"y": -111,
				"z": -180
			},
			"origin": {
				"x": 0.5,
				"y": 1.7,
				"z": 0.5
			},
			"scale": 2.15
		},
		"armor-body-*": {
			"translation": {
				"x": 0.4,
				"y": -1.2,
				"z": -0.5
			},
			"rotation": {
				"x": 163,
				"y": -111,
				"z": -180
			},
			"origin": {
				"x": 0.5,
				"y": 1.6,
				"z": 0.5
			},
			"scale": 2.15
		},
		"armor-legs-*": {
			"translation": {
				"x": 0.4,
				"y": -1.2,
				"z": -0.5
			},
			"rotation": {
				"x": 163,
				"y": -111,
				"z": -180
			},
			"origin": {
				"x": 0.5,
				"y": 1.6,
				"z": 0.5
			},
			"scale": 2.15
		}
	},
	"tpHandTransformByType": {
		"armor-head-*": {
			"translation": {
				"x": -0.92,
				"y": -3.2,
				"z": -0.8
			},
			"rotation": {
				"x": -26,
				"y": -26,
				"z": -34
			},
			"origin": {
				"x": 0.5,
				"y": 1.7,
				"z": 0.5
			},
			"scale": 0.55
		},
		"armor-body-*": {
			"translation": {
				"x": -1,
				"y": -2.5,
				"z": -0.8
			},
			"rotation": {
				"x": -13,
				"y": -80,
				"z": 16
			},
			"origin": {
				"x": 0.5,
				"y": 1.5,
				"z": 0.5
			},
			"scale": 0.55
		},
		"armor-legs-*": {
			"translation": {
				"x": -0.7,
				"y": -1.1,
				"z": -0.8
			},
			"rotation": {
				"x": 71,
				"y": 17,
				"z": 88
			},
			"origin": {
				"x": 0.5,
				"y": 0.7,
				"z": 0.5
			},
			"scale": 0.55
		}
	},
	"guiTransformByType": {
		"armor-head-*": {
			"translation": {
				"x": 0,
				"y": 0,
				"z": 0
			},
			"rotation": {
				"x": -26,
				"y": -46,
				"z": -180
			},
			"origin": {
				"x": 0.6,
				"y": 1.72,
				"z": 0.5
			},
			"scale": 2
		},
		"armor-body-*": {
			"translation": {
				"x": 3,
				"y": 0,
				"z": 0
			},
			"rotation": {
				"x": -26,
				"y": -46,
				"z": -180
			},
			"origin": {
				"x": 0.5,
				"y": 1.11,
				"z": 0.5
			},
			"scale": 1.37
		},
		"armor-legs-*": {
			"translation": {
				"x": 1,
				"y": 0,
				"z": 0
			},
			"rotation": {
				"x": -26,
				"y": -46,
				"z": -180
			},
			"origin": {
				"x": 0.5,
				"y": 0.6,
				"z": 0.5
			},
			"scale": 1.25
		}
	},
	"groundTransformByType": {
		"armor-head-*": {
			"translation": {
				"x": 0,
				"y": 0,
				"z": 0
			},
			"rotation": {
				"x": 0,
				"y": 0,
				"z": 0
			},
			"origin": {
				"x": 0.34,
				"y": 1.71,
				"z": 0.5
			},
			"scale": 3.1
		},
		"armor-body-*": {
			"translation": {
				"x": 0,
				"y": 0,
				"z": 0
			},
			"rotation": {
				"x": 0,
				"y": 0,
				"z": 90
			},
			"origin": {
				"x": 0.34,
				"y": 1.12,
				"z": 0.5
			},
			"scale": 3.1
		},
		"armor-legs-*": {
			"translation": {
				"x": 0,
				"y": 0,
				"z": 0
			},
			"rotation": {
				"x": 0,
				"y": 0,
				"z": 90
			},
			"origin": {
				"x": 0.34,
				"y": 1.12,
				"z": 0.5
			},
			"scale": 3.1
		}
	}

}