{
	"code": "fsmountwearables-lowerbackside-pillion",
	"enabled": false,
	"behaviors": [
		{ "name": "GroundStorable", "properties": { "layout": "SingleCenter", "collisionBox": { "x1": 0, "y1": 0, "z1": 0, "x2": 1, "y2": 0.1, "z2": 1 } } }
	],
	"variantgroups": [
		{ "code": "type", "states": [ "leather", "sturdyleather" ] },
		{ "code": "breed", "states": [ "percheron", "arabian", "donkey", "shire", "quarter", "bison" ] }
	],
	"shapeByType": { 
		"*": { "base": "game:item/wearable/hooved/pillion1" }
	},
	"texturesByType": {
		"*-sturdyleather-*": {
			"pillmat": { "base": "game:block/leather/chromium" }
		},
		"*": {
			"pillmat": { "base": "game:block/leather/plain" }
		}
	},
	"attributes": {
		"attachableToEntity": {
			"categoryCode": "fswpillion-{breed}",
			"attachedShape": { "base": "game:item/wearable/hooved/pillion1" },
			"seatConfigByType": {
				"*-shire": {
					"bodyYawLimit": -135,
					"controllable": false,
					"mountOffset": { "x": 1, "y": -0.7, "z": 1.45 },
					"MountRotation": { "y": 0 },
					"eyeOffsetx": 0.2
				},
				"*-quarter": {
					"bodyYawLimit": -135,
					"controllable": false,
					"mountOffset": { "x": 1.15, "y": -0.65, "z": 1.30 },
					"MountRotation": { "y": 0 },
					"eyeOffsetx": 0.2
				},
				"*-donkey": {
					"bodyYawLimit": -135,
					"controllable": false,
					"mountOffset": { "x": 1, "y": -0.85, "z": 1.30 },
					"MountRotation": { "y": 0 },
					"eyeOffsetx": 0.2
				}
			}
		},
		"handbook": {
			"groupBy": ["fsmountwearables-{breed}-lowerbackside-*"]
		}
	},
	"maxStackSize": 1,
	"creativeinventory": { "general": ["*"], "items": ["*"], "clothing": ["*"] },
	"renderAlphaTest": 0.25,
	"tpHandTransform": {
		"translation": { "x": -0.2, "y": 0.1, "z": 0.03 },
		"rotation": { "x": 0, "y": -90, "z": -90 },
		"origin": { "x": -0.5, "y": 0.5, "z": -0.5 },
		"scale": 1
	},
	"guiTransform": {
		"translation": { "x": 0, "y": 0, "z": 0 },
		"rotation": { "x": -26, "y": -140, "z": -180 },
		"origin": { "x": 0.5, "y": -0.18, "z": 0.54 },
		"scale": 3.02
	},
	"groundTransformByType": {
		"*": {
			"translation": { "x": 0, "y": 0, "z": 0 },
			"rotation": { "x": 0, "y": 0, "z": 0 },
			"origin": { "x": 0.5, "y": 0, "z": 0.53 },
			"scale": 5
		}
	}
}
