{
	"code": "stonetiles",
	"class": "Block",
	"attributes": {
		"handbook": {
			"groupBy": [ "stonetiles-dull-*", "stonetiles-polished-*" ]
		},
		"mapColorCode": "settlement",
		"canChisel": true
	},
	"variantgroups": [
		{ "code": "edge", "states": [ "dull", "polished" ] },
		{ "code": "rock", "states": [ "andesite", "bauxite", "chalk", "chert", "conglomerate", "limestone", "claystone", "granite", "sandstone", "shale", "basalt", "peridotite", "phyllite", "slate", "greenmarble", "kimberlite", "obsidian", "redmarble", "suevite", "whitemarble" ] }
	],
	"creativeinventory": { "general": ["*"], "construction": ["*"] },
	"drawtype": "Cube",
	"shape": { "base": "game:block/basic/cube" },
	"blockmaterial": "Stone",
 	"sidesolid": { "all": true },
        "sideopaque": { "all": true },
	"emitSideAo": { "all": false },
	"replaceable": 240,
	"resistance": 2,
	"lightAbsorption": 1,
	"vertexFlagsByType": {
		"stonetiles-dull-*": { "reflective": false },
		"stonetiles-polished-*": { "reflective": true }
	},
	"texturesByType": {
		"*-obsidian": { "all": { "base": "bricklayers:block/stone/polishedrock/obsidian_*" } },
		"*": { "all": { "base": "game:block/stone/polishedrock/{rock}" } }
	},
	"sounds": {
		"walk": "game:walk/stone",
		"byTool": {
			"Pickaxe": { "hit": "game:block/rock-hit-pickaxe", "break": "game:block/rock-break-pickaxe" }
		}
	},
	"heldTpIdleAnimation": "holdbothhandslarge",
	"heldTpUseAnimation": "twohandplaceblock",
	"tpHandTransform": {
		"translation": { "x": -1.2, "y": -1.1, "z": -0.8 },
		"rotation": { "x": -2, "y": 25, "z": -78 },
		"scale": 0.37
	}
}
