{
	"code": "glasstile",
	"behaviorsByType": {
		"*-opaque-*": [ {
			"name": "Decor", "properties": { "sides": [ "north", "east", "south", "west", "up", "down" ], "thickness": 0.0312, "removable": true }
		} ],
		"*": [ {
			"name": "Decor", "properties": { "sides": [ "north", "east", "south", "west", "up", "down" ], "thickness": 0.0312, "removable": true, "alternateZOffset": true, "drawIfCulled": true, "notFullFace": true
			}
		} ]
	},
	"attributes": {
		"handbook": { "groupBy": ["glasstile-*"] },
		"moldrackable": true,
		"onmoldrackTransform": { "rotation": { "z": 83 }, "translation": { "y": 0.1 }, "scale": 0.9 }
	},
	"variantgroups": [
		{ "code": "size", "states": [ "normal" ] },
		{ "code": "type",  "states": [ "plain", "dark", "milky", "opaque", "quartz", "smoky", "dull" ] },
		{ "code": "color", "states": [ "black", "blue", "brown", "green", "orange", "pink", "red", "violet", "white", "yellow" ] }
	],
	"skipVariants": [ "@.*-dark-white" ],
	"materialDensity": 6000,
	"shape": { "base": "bricklayers:block/basic/layers/05voxel" },
	"sidesolid": { "all": false, "down": true },
	"sideopaque": { "all": false, "down": true },
	"blockmaterial": "Glass",
	"creativeinventory": { "general": ["*"], "decorative": ["*"], "glass": ["*"] },
	"replaceable": 900,
	"resistance": 0.25,
	"lightAbsorption": 1,
	"emitSideAo": { "all": false },
	"texturesByType": {
		"*-plain-white": { "all": { "base": "bricklayers:block/glass/normal/plain_normal" } },
		"*-plain-black": { "all": { "base": "bricklayers:block/glass/normal/black_normal" } },
		"*-plain-*": { "all": { "base": "bricklayers:block/glass/normal/{color}" } },
		"*-dark-*": { "all": { "base": "bricklayers:block/glass/dark/{color}" } },
		"*-opaque-*": { "all": { "base": "bricklayers:block/glass/opaque/{color}" } },
		"*-dull-*": { "all": { "base": "bricklayers:block/glass/opaque/{color}" } },
		"*": { "all": { "base": "bricklayers:block/glass/normal/{color}", "overlays": [ "bricklayers:block/glass/overlay_{type}" ] } }
	},
	"renderPassByType": {
		"*-opaque-*": "Opaque",
		"*-dull-*": "Opaque",
		"*": "Transparent"
	},
	"vertexFlagsByType": {
		"*-opaque-*": { "reflective": true, "windDataByType": { "*": 1 } },
		"*-dull-*": { "zOffset": 0 },
		"*": { "zOffset": 2 }
	},
	"selectionbox": { "x1": 0, "y1": 0, "z1": 0, "x2": 1, "y2": 0.0312, "z2": 1 },
	"collisionbox": { "x1": 0, "y1": 0, "z1": 0, "x2": 1, "y2": 0.0312, "z2": 1 },
	"sounds": {
		"place": "game:player/buildhigh",
		"break": "game:block/glass",
		"hit": "game:block/glass",
		"walk": "game:walk/glass*"
	},
	"materialDensity": 120,
	"guiTransform": {
		"translation": { "x": 0, "y": 3, "z": 0 },
		"origin": { "x": 0.5, "y": 0.0312, "z": 0.5 }
	},
	"tpHandTransform": {
		"translation": { "x": -1.6, "y": -1.19, "z": -1.69 },
		"rotation": { "x": 66, "y": 89, "z": 154 },
		"scale": 0.45
	},
	"groundTransform": {
		"scale": 3.5
	}
}
