{
  "ingredientPattern": "A_,GF",
  "ingredients": {
    "F": {
      "type": "item",
      "code": "frameparts"
    },
    "G": {
      "type": "item",
      "code": "game:metalbit-copper",
      "quantity": 1
    },
    "A": {
      "type": "item",
      "code": "toolarcspanner-*",
      "name": "material",
      "allowedVariants": [ "copper", "tinbronze", "bismuthbronze", "blackbronze", "iron", "meteoriciron", "steel" ],
      "isTool": true
    }
  },
  "width": 2,
  "height": 2,
  "output": {
    "type": "item",
    "code": "logiccircuit",
    "quantity": 1
  }
}