{
  "ingredientPattern": "XFX,XMX,XFX",
  "ingredients": {
    "X": {
      "type": "item",
      "code": "game:plank-*",
      "name": "wood",
      "allowedVariants": [ "birch", "oak", "maple", "pine", "acacia", "kapok", "baldcypress", "larch", "redwood", "ebony", "walnut", "purpleheart" ]
    },
    "F": {
      "type": "item",
      "code": "frameparts",
      "quantity": 2
    },
    "M": {
      "type": "item",
      "code": "logiccircuit",
      "quantity": 4
    }
  },
  "width": 3,
  "height": 3,
  "output": {
    "type": "item",
    "code": "constructionpanelkit-basic",
    "quantity": 1
  }
}
