{
  "ingredientPattern": "XFX,XMX,XFX",
  "ingredients": {
    "X": {
      "type": "item",
      "code": "game:metalnailsandstrips-copper",
      "quantity": 2
    },
    "F": {
      "type": "item",
      "code": "frameparts",
      "quantity": 2
    },
    "M": {
      "type": "item",
      "code": "logiccircuit",
      "quantity": 4
    }
  },
  "width": 3,
  "height": 3,
  "output": {
    "type": "item",
    "code": "constructionmetalkit-basic",
    "quantity": 1
  }
}
