{
  "ingredientPattern": "_A_,F_F,MFM",
  "ingredients": {
    "F": {
      "type": "item",
      "code": "frameparts",
      "quantity": 10
    },
    "M": {
      "type": "item",
      "code": "game:metalnailsandstrips-copper",
      "quantity": 4
    },
    "A": {
      "type": "item",
      "code": "toolarcspanner-*",
      "name": "material",
      "allowedVariants": [ "copper", "tinbronze", "bismuthbronze", "blackbronze", "iron", "meteoriciron", "steel" ],
      "isTool": true
    }
  },
  "width": 3,
  "height": 3,
  "output": {
    "type": "item",
    "code": "machinechassis-basic",
    "quantity": 1
  }
}