{
  "ingredientPattern": "CAC,TWT,FGF",
  "ingredients": {
    "F": {
      "type": "item",
      "code": "frameparts",
      "quantity": 8
    },
    "G": {
      "type": "block",
      "code": "game:glass-plain",
      "quantity": 1
    },
    "C": {
      "type": "item",
      "code": "logiccircuit",
      "quantity": 8
    },
    "W": {
      "type": "block",
      "code": "game:windmillrotor-north",
      "quantity": 1
    },
    "T": {
      "type": "item",
      "code": "game:gear-temporal",
      "quantity": 1
    },
    "A": {
      "type": "item",
      "code": "toolarcspanner-*",
      "name": "material",
      "allowedVariants": [ "copper", "tinbronze", "bismuthbronze", "blackbronze", "iron", "meteoriciron", "steel" ],
      "isTool": true
    }
  },
  "width": 3,
  "height": 3,
  "output": {
    "type": "block",
    "code": "machinecharger",
    "quantity": 1
  }
}