﻿{
  "code": "slug",
  "class": "CombatOverhaul:Projectile",
  "variantgroups": [{"code": "material", "states": ["lead", "copper"]}],
  "SelectionBoxSize": {"x": 0.1, "y": 0.1},
  "CollisionBoxSize": {"x": 0.01, "y": 0.01},
  "client": {
    "size": 0.5,
    "renderer": "Shape",
    "shape": {"base": "maltiezfirearms:ammo/slug"},
    "textures": {"metal": {"base": "game:block/metal/plate/{material}"}},
    "behaviors": [{"code": "CombatOverhaul:ProjectilePhysics", "groundDragFactor": 1, "airDragFactor": 1, "gravityFactor": 2}, {"code": "interpolateposition"}]
  },
  "server": {"behaviors": [{"code": "CombatOverhaul:ProjectilePhysics", "groundDragFactor": 1, "airDragFactor": 1, "gravityFactor": 2}, {"code": "despawn", "minSeconds": 0}]},
  "sounds": {}
}