[
{
	"code": "woodcharcoal",
	"powerpercraft": 2,
	"attributes": {
		"mintemp": 230
	},
	"ingredients": [
		{ "type": "block", "code": "game:log-placed-*-ud", "name": "wood", "allowedVariants":["redwood", "birch", "maple", "ebony", "walnut", "purpleheart"], "quantity": 1 }
	],
	"outputs": [
		{ "type": "item", "code": "game:charcoal", "quantity": 1 }
	]
},
{
	"code": "woodcharcoal",
	"powerpercraft": 2,
	"attributes": {
		"mintemp": 230
	},
	"ingredients": [
		{ "type": "block", "code": "game:logsection-placed-*-ne-ud", "name": "wood", "allowedVariants":["redwood"], "quantity": 1 }
	],
	"outputs": [
		{ "type": "item", "code": "game:charcoal", "quantity": 1 }
	]
}
]