[
{
	"code": "coaltarcreosote",
	"powerpercraft": 2,
	"attributes": {
		"mintemp": 215
	},
	"ingredients": [
		{ "type": "item", "code": "game:ore-*", "name": "type", "allowedVariants":["lignite", "bituminouscoal", "anthracite"], "quantity": 1 }
	],
	"outputs": [
		{ "type": "item", "code": "vinteng:creosoteportion-coal", "litres": 0.5 }
	]
},
{
	"code": "woodtarcreosote",
	"powerpercraft": 2,
	"attributes": {
		"mintemp": 205
	},
	"ingredients": [
		{ "type": "block", "code": "game:log-placed-*-ud", "name": "wood", "allowedVariants":["pine", "oak"], "quantity": 1 }
	],
	"outputs": [
		{ "type": "item", "code": "vinteng:creosoteportion-wood", "litres": 0.25 }
	]
}
]