{
  "code": "labeledchest",
  "class": "BlockGenericTypedContainer",
  "entityclass": "LabeledChest",
  "attributes": {
    "humanoidTraversalCost": 100,
    "reinforcable": true,
    "partialAttachable": true,
    "inventoryClassName": "chest",
    "defaultType": "copper",
    "types": [ "copper", "tinbronze", "bismuthbronze", "blackbronze", "iron", "steel" ],
    "rotatatableInterval": "22.5degnot45deg",
    
    "drop": {
      "copper": true,
      "tinbronze": true,
      "bismuthbronze": true,
      "blackbronze": true,
      "iron": true,
      "steel": true
    },

    "quantitySlots": {
      "copper": 24,
      "tinbronze": 32,
      "bismuthbronze": 32,
      "blackbronze": 32,
      "iron": 40,
      "steel": 48
    },

    "quantityColumns": {
      "copper": 6,
      "tinbronze": 8,
      "bismuthbronze": 8,
      "blackbronze": 8,
      "iron": 10,
      "steel": 12
    },

    "dialogTitleLangCode": "chestcontents",

    "storageType": 189,

    "retrieveOnly": false,

    "shape": {
      "copper": "upgradablestorage:block/chest/normal-labeled-copper",
      "tinbronze": "upgradablestorage:block/chest/normal-labeled-tinbronze",
      "bismuthbronze": "upgradablestorage:block/chest/normal-labeled-bismuthbronze",
      "blackbronze": "upgradablestorage:block/chest/normal-labeled-blackbronze",
      "iron": "upgradablestorage:block/chest/normal-labeled-iron",
      "steel": "upgradablestorage:block/chest/normal-labeled-steel"
    },

    "typedOpenSound": "game:sounds/block/largechestopen",
    "typedCloseSound": "game:sounds/block/largechestclose",

    "variantByGroup": "side",
    "variantByGroupInventory": null
  },

  "behaviors": [
    { "name": "Lockable" },
    { "name": "Container" },
    { "name": "BoatableGenericTypedContainer" }
  ],

  "entityBehaviors": [ { "name": "Animatable" } ],

  "variantgroups": [ { "code": "side", "loadFromProperties": "game:abstract/horizontalorientation" } ],
  "creativeinventory": {},
  "creativeinventoryStacksByType": {
    "*-east": [
      {
        "tabs": [ "general", "decorative" ],
        "stacks": [
          { "type": "block", "code": "labeledchest-east", "attributes": { "type": "copper" } },
          { "type": "block", "code": "labeledchest-east", "attributes": { "type": "tinbronze" } },
          { "type": "block", "code": "labeledchest-east", "attributes": { "type": "bismuthbronze" } },
          { "type": "block", "code": "labeledchest-east", "attributes": { "type": "blackbronze" } },
          { "type": "block", "code": "labeledchest-east", "attributes": { "type": "iron" } },
          { "type": "block", "code": "labeledchest-east", "attributes": { "type": "steel" } }
        ]
      }
    ]
  },
  "heldTpIdleAnimation": "holdunderarm",
  "shapeInventory": { "base": "game:block/wood/chest/normal-labeled", "rotateY": 270 },
  "shapeByType": {
    "*-north": { "base": "game:block/wood/chest/normal-labeled", "rotateY": 0 },
    "*-east": { "base": "game:block/wood/chest/normal-labeled", "rotateY": 270 },
    "*-west": { "base": "game:block/wood/chest/normal-labeled", "rotateY": 90 },
    "*-south": { "base": "game:block/wood/chest/normal-labeled", "rotateY": 180 }
  },

  "_comment": "Must declare textures so they get added to the block texture atlas",
  
  "textures": {
    "copper-sides2": { "base": "block/chest/copper/sides" },
    "copper-lid": { "base": "block/chest/copper/lid" },
    "copper-accessories": { "base": "game:block/wood/trunk/accessories" },
    "copper-labeled-label": { "base": "game:block/wood/chest/label" },

    "tinbronze-sides2": { "base": "block/chest/tinbronze/sides" },
    "tinbronze-lid": { "base": "block/chest/tinbronze/lid" },
    "tinbronze-accessories": { "base": "game:block/wood/trunk/accessories" },
    "tinbronze-labeled-label": { "base": "game:block/wood/chest/label" },

    "bismuthbronze-sides2": { "base": "block/chest/bismuthbronze/sides" },
    "bismuthbronze-lid": { "base": "block/chest/bismuthbronze/lid" },
    "bismuthbronze-accessories": { "base": "game:block/wood/trunk/accessories" },
    "bismuthbronze-labeled-label": { "base": "game:block/wood/chest/label" },


    "blackbronze-sides2": { "base": "block/chest/blackbronze/sides" },
    "blackbronze-lid": { "base": "block/chest/blackbronze/lid" },
    "blackbronze-accessories": { "base": "game:block/wood/trunk/accessories" },
    "blackbronze-labeled-label": { "base": "game:block/wood/chest/label" },

    "iron-sides2": { "base": "block/chest/iron/sides" },
    "iron-lid": { "base": "block/chest/iron/lid" },
    "iron-accessories": { "base": "game:block/wood/trunk/accessories" },
    "iron-labeled-label": { "base": "game:block/wood/chest/label" },

    "steel-sides2": { "base": "block/chest/steel/sides" },
    "steel-lid": { "base": "block/chest/steel/lid" },
    "steel-accessories": { "base": "game:block/wood/trunk/accessories" },
    "steel-labeled-label": { "base": "game:block/wood/chest/label" }
  },
  "blockmaterial": "Wood",
  "replaceable": 900,
  "resistance": 3,
  "lightAbsorption": 0,
  "sideAo": { "all": false },
  "sidesolid": { "all": false },
  "sideopaque": { "all": false },

  "sounds": {
    "place": "game:block/planks",
    "hit": "game:block/planks",
    "break": "game:block/planks",
    "walk": "game:walk/wood"
  },

  "materialDensity": 600,

  "collisionSelectionBox": { "x1": 0.0625, "y1": 0, "z1": 0.0625, "x2": 0.9375, "y2": 0.8125, "z2": 0.9375 },

  "tpHandTransform": { "translation": { "x": -0.9, "y": -0.5, "z": -0.3 }, "rotation": { "x": 0, "y": 90, "z": -102 }, "scale": 0.56 },

  "guiTransform": { "origin": { "x": 0.5, "y": 0.4, "z": 0.5 }, "scale": 1.16 }
}