{
  "code": "labeledtrunk",
  "class": "BlockGenericTypedContainerTrunk",
  "entityclass": "LabeledTrunk",
  "attributes": {
    "reinforcable": true,
    "humanoidTraversalCost": 100,
    "partialAttachable": true,
    "inventoryClassName": "chest",
    "defaultType": "copper",
    "types": [ "generic", "copper", "tinbronze", "bismuthbronze", "blackbronze", "iron", "steel" ],
    "rotatatableInterval": "22.5degnot45deg",

    "drop": {
      "generic": true,
      "copper": true,
      "tinbronze": true,
      "bismuthbronze": true,
      "blackbronze": true,
      "iron": true,
      "steel": true
    },

    "quantitySlots": {
      "generic": 36,
      "copper": 52,
      "tinbronze": 68,
      "bismuthbronze": 68,
      "blackbronze": 68,
      "iron": 84,
      "steel": 100
    },

    "quantityColumns": {
      "generic": 9,
      "copper": 9,
      "tinbronze": 9,
      "bismuthbronze": 9,
      "blackbronze": 9,
      "iron": 9,
      "steel": 12
    },

    "dialogTitleLangCode": "chestcontents",

    "storageType": 189,

    "retrieveOnly": false,

    "shape": {
      "generic": "upgradablestorage:block/trunk/normal-labeled-generic",
      "copper": "upgradablestorage:block/trunk/normal-labeled-copper",
      "tinbronze": "upgradablestorage:block/trunk/normal-labeled-tinbronze",
      "bismuthbronze": "upgradablestorage:block/trunk/normal-labeled-bismuthbronze",
      "blackbronze": "upgradablestorage:block/trunk/normal-labeled-blackbronze",
      "iron": "upgradablestorage:block/trunk/normal-labeled-iron",
      "steel": "upgradablestorage:block/trunk/normal-labeled-steel"
    },

    "typedOpenSound": "game:sounds/block/largechestopen",
    "typedCloseSound": "game:sounds/block/largechestclose",

    "variantByGroup": "side",
    "variantByGroupInventory": null
  },

  "allowHeldInteract": true,

  "behaviors": [
		{ "name": "HorizontalOrientable"},
		{ "name": "Multiblock", "propertiesByType": {
				"*-north": { "sizex": 2, "sizey": 1, "sizez": 1, "cposition": { "x": 0, "y": 0, "z": 0 } },
				"*-east": { "sizex": 1, "sizey": 1, "sizez": 2, "cposition": { "x": 0, "y": 0, "z": 0 } },
				"*-south": { "sizex": 2, "sizey": 1, "sizez": 1, "cposition": { "x": 1, "y": 0, "z": 0 } },
				"*-west": { "sizex": 1, "sizey": 1, "sizez": 2, "cposition": { "x": 0, "y": 0, "z": 1 } } 
			}
		},
		{ "name": "Lockable" },
		{ "name": "Container"}
  ],

  "entityBehaviors": [ { "name": "Animatable" } ],

  "variantgroups": [ { "code": "side", "loadFromProperties": "game:abstract/horizontalorientation" } ],

  "creativeinventory": {},
  "creativeinventoryStacksByType": {
    "*-east": [
      {
        "tabs": [ "general", "decorative" ],
        "stacks": [
          { "type": "block", "code": "labeledtrunk-east", "attributes": { "type": "generic" } },
          { "type": "block", "code": "labeledtrunk-east", "attributes": { "type": "copper" } },
          { "type": "block", "code": "labeledtrunk-east", "attributes": { "type": "tinbronze" } },
          { "type": "block", "code": "labeledtrunk-east", "attributes": { "type": "bismuthbronze" } },
          { "type": "block", "code": "labeledtrunk-east", "attributes": { "type": "blackbronze" } },
          { "type": "block", "code": "labeledtrunk-east", "attributes": { "type": "iron" } },
          { "type": "block", "code": "labeledtrunk-east", "attributes": { "type": "steel" } }
        ]
      }
    ]
  },
  "heldTpIdleAnimation": "holdunderarm",
  "shapeInventory": { "base": "game:block/wood/chest/normal-labeled", "rotateY": 270 },
  "shapeByType": {
    "*-north": { "base": "game:block/wood/chest/normal-labeled", "rotateY": 0 },
    "*-east": {"base": "game:block/wood/chest/normal-labeled", "rotateY": 270 },
    "*-west": {"base": "game:block/wood/chest/normal-labeled", "rotateY": 90 },
    "*-south": {"base": "game:block/wood/chest/normal-labeled", "rotateY": 180 }
  },

  "_comment": "Must declare textures so they get added to the block texture atlas",
  
  "textures": {
    "generic-right-side": { "base": "block/trunk/generic/right-side" },
    "generic-sides2": { "base": "block/trunk/generic/sides" },
    "generic-lid": { "base": "block/trunk/generic/lid" },
    "generic-accessories": { "base": "block/trunk/accessories" },
    "generic-left-side": { "base": "block/trunk/generic/left-side" },
    "generic-label": { "base": "game:block/wood/chest/label" },

    "copper-right-side": { "base": "block/trunk/copper/right-side" },
    "copper-sides2": { "base": "block/trunk/copper/sides" },
    "copper-lid": { "base": "block/trunk/copper/lid" },
    "copper-accessories": { "base": "block/trunk/accessories" },
    "copper-left-side": { "base": "block/trunk/copper/left-side" },
    "copper-label": { "base": "game:block/wood/chest/label" },

    "tinbronze-right-side": { "base": "block/trunk/tinbronze/right-side" },
    "tinbronze-sides2": { "base": "block/trunk/tinbronze/sides" },
    "tinbronze-lid": { "base": "block/trunk/tinbronze/lid" },
    "tinbronze-accessories": { "base": "block/trunk/accessories" },
    "tinbronze-left-side": { "base": "block/trunk/tinbronze/left-side" },
    "tinbronze-label": { "base": "game:block/wood/chest/label" },

    "bismuthbronze-right-side": { "base": "block/trunk/bismuthbronze/right-side" },
    "bismuthbronze-sides2": { "base": "block/trunk/bismuthbronze/sides" },
    "bismuthbronze-lid": { "base": "block/trunk/bismuthbronze/lid" },
    "bismuthbronze-accessories": { "base": "block/trunk/accessories" },
    "bismuthbronze-left-side": { "base": "block/trunk/bismuthbronze/left-side" },
    "bismuthbronze-label": { "base": "game:block/wood/chest/label" },

    "blackbronze-right-side": { "base": "block/trunk/blackbronze/right-side" },
    "blackbronze-sides2": { "base": "block/trunk/blackbronze/sides" },
    "blackbronze-lid": { "base": "block/trunk/blackbronze/lid" },
    "blackbronze-accessories": { "base": "block/trunk/accessories" },
    "blackbronze-left-side": { "base": "block/trunk/blackbronze/left-side" },
    "blackbronze-label": { "base": "game:block/wood/chest/label" },

    "iron-right-side": { "base": "block/trunk/iron/right-side" },
    "iron-sides2": { "base": "block/trunk/iron/sides" },
    "iron-lid": { "base": "block/trunk/iron/lid" },
    "iron-accessories": { "base": "block/trunk/accessories" },
    "iron-left-side": { "base": "block/trunk/iron/left-side" },
    "iron-label": { "base": "game:block/wood/chest/label" },

    "steel-right-side": { "base": "block/trunk/steel/right-side" },
    "steel-sides2": { "base": "block/trunk/steel/sides" },
    "steel-lid": { "base": "block/trunk/steel/lid" },
    "steel-accessories": { "base": "block/trunk/accessories" },
    "steel-left-side": { "base": "block/trunk/steel/left-side" },
    "steel-label": { "base": "game:block/wood/chest/label" }
  },

  "blockmaterial": "Wood",
  "replaceable": 900,
  "resistance": 3,
  "lightAbsorption": 0,
  "sideAo": { "all": false },
  "sidesolid": { "all": false },
  "sideopaque": { "all": false },
	"collisionSelectionBox": { "x1": 0.0625, "y1": 0, "z1": 0.0625, "x2": 1, "y2": 0.8125, "z2": 0.9375,
		"rotateYByType": { "*-east": 270, "*-west": 90, "*-south": 180 }
	},

  "combustibleProps": {
		"burnTemperature": 600,
		"burnDuration": 35
	},

  "sounds": {
    "place": "game:block/planks",
    "hit": "game:block/planks",
    "break": "game:block/planks",
    "walk": "game:walk/wood"
  },

	"materialDensity": 600,

	"tpHandTransform": { "translation": { "x": -0.3, "y": -0.5, "z": -0.3 }, "rotation": { "x": 0, "y": 90, "z": -102 }, "scale": 0.56 },
  
	"guiTransform": { "origin": { "x": 0.5, "y": 0.5, "z": 0.97 }, "scale": 0.95 }
}