{
	"code": "storagevessel",
	"class": "BlockGenericTypedContainer",
	"entityclass": "GenericTypedContainer",
	"attributes": {
		"reinforcable": true,
		"humanoidTraversalCost": 100,
		"tempGlowMode": 1,
		"partialAttachable": true,
		"inventoryClassName": "chest",
		"defaultType": "copper",
    	"types": [ "copper", "tinbronze", "bismuthbronze", "blackbronze", "iron", "steel" ],
		"rotatatableInterval": "22.5degnot45deg",
		
		"drop": {
			"copper": true,
			"tinbronze": true,
			"bismuthbronze": true,
			"blackbronze": true,
			"iron": true,
			"steel": true
    	},

		"quantitySlots": {
			"copper": 18,
			"tinbronze": 24,
			"bismuthbronze": 24,
			"blackbronze": 24,
			"iron": 30,
			"steel": 36
		},

		"quantityColumns": 6,

		"dialogTitleLangCode": "vesselcontents",

		"storageType": 32,

		"retrieveOnly": false,

	    "shape": {
			"copper": "upgradablestorage:block/storagevessel/normal-copper",
			"tinbronze": "upgradablestorage:block/storagevessel/normal-tinbronze",
			"bismuthbronze": "upgradablestorage:block/storagevessel/normal-bismuthbronze",
			"blackbronze": "upgradablestorage:block/storagevessel/normal-blackbronze",
			"iron": "upgradablestorage:block/storagevessel/normal-iron",
			"steel": "upgradablestorage:block/storagevessel/normal-steel"
		},

		"openSound":"game:sounds/block/vesselopen",
		"closeSound": "game:sounds/block/vesselclose",

		"spoilSpeedMulByFoodCat": {
			"copper": { "vegetable": 0.70, "grain": 0.45 },
			"tinbronze": { "vegetable": 0.6, "grain": 0.40 },
			"bismuthbronze": { "vegetable": 0.6, "grain": 0.40 },
			"blackbronze": { "vegetable": 0.6, "grain": 0.40 },
			"iron": { "vegetable": 0.5, "grain": 0.35 },
			"steel": { "vegetable": 0.3, "grain": 0.25 }
		},

		"variantByGroup": "color",
		"variantByGroupInventory": "color",

		"onTongTransform": {
			"translation": { "x": -1.3, "y": -1.06, "z": -0.4 },
			"rotation": { "x": -88, "y": -16, "z": -2 },
			"scale": 0.7
		},

		"handbook": {
			"groupBy": ["storagevessel-*"]
		}
	},

	"behaviors": [
			{ "name": "BoatableGenericTypedContainer" },
			{ "name": "Lockable" }, 
			{ "name": "Container"}, 
			{ "name": "UnstableFalling"}
	],

	"entityBehaviors": [{ "name": "Animatable" }],

	"variantgroups": [
		{ "code": "color", "states": [ "black", "blue", "brown", "cream", "fire", "gray", "orange", "red", "tan" ] }
	],
	"creativeinventory": {},
	"creativeinventoryStacks": [
		{
			"tabs": [ "general", "decorative" ],
			"stacks": [ 
				{ "type": "block", "code": "storagevessel-{color}", "attributes": { "type": "copper"} },
				{ "type": "block", "code": "storagevessel-{color}", "attributes": { "type": "tinbronze"} },
				{ "type": "block", "code": "storagevessel-{color}", "attributes": { "type": "bismuthbronze"} },
				{ "type": "block", "code": "storagevessel-{color}", "attributes": { "type": "blackbronze"} },
				{ "type": "block", "code": "storagevessel-{color}", "attributes": { "type": "iron"} },
				{ "type": "block", "code": "storagevessel-{color}", "attributes": { "type": "steel"} }
		]
		}
		],

	"heldTpIdleAnimation": "holdunderarm",
	"shapeInventory": { "base": "game:block/clay/storagevessel", "rotateY": 270 },

	"textures": {
		"copper-ceramic": { "base": "block/vessel/ceramic" },
		"copper-top": { "base": "block/vessel/top/copper/{color}", "overlays": [ "block/vessel/overlay/vessel-top" ] },
		"copper-sides": { "base": "block/vessel/sides/copper/{color}", "overlays": [ "block/vessel/overlay/vessel-sides" ] },
		"copper-inside": { "base": "block/vessel/inside/copper/{color}", "overlays": [ "block/vessel/overlay/vessel-inside" ] },

		"tinbronze-ceramic": { "base": "block/vessel/ceramic" },
		"tinbronze-top": { "base": "block/vessel/top/tinbronze/{color}", "overlays": [ "block/vessel/overlay/vessel-top" ] },
		"tinbronze-sides": { "base": "block/vessel/sides/tinbronze/{color}", "overlays": [ "block/vessel/overlay/vessel-sides" ] },
		"tinbronze-inside": { "base": "block/vessel/inside/tinbronze/{color}", "overlays": [ "block/vessel/overlay/vessel-inside" ] },

		"bismuthbronze-ceramic": { "base": "block/vessel/ceramic" },
		"bismuthbronze-top": { "base": "block/vessel/top/bismuthbronze/{color}", "overlays": [ "block/vessel/overlay/vessel-top" ] },
		"bismuthbronze-sides": { "base": "block/vessel/sides/bismuthbronze/{color}", "overlays": [ "block/vessel/overlay/vessel-sides" ] },
		"bismuthbronze-inside": { "base": "block/vessel/inside/bismuthbronze/{color}", "overlays": [ "block/vessel/overlay/vessel-inside" ] },

		"blackbronze-ceramic": { "base": "block/vessel/ceramic" },
		"blackbronze-top": { "base": "block/vessel/top/blackbronze/{color}", "overlays": [ "block/vessel/overlay/vessel-top" ] },
		"blackbronze-sides": { "base": "block/vessel/sides/blackbronze/{color}", "overlays": [ "block/vessel/overlay/vessel-sides" ] },
		"blackbronze-inside": { "base": "block/vessel/inside/blackbronze/{color}", "overlays": [ "block/vessel/overlay/vessel-inside" ] },

		"iron-ceramic": { "base": "block/vessel/ceramic" },
		"iron-top": { "base": "block/vessel/top/iron/{color}", "overlays": [ "block/vessel/overlay/vessel-top" ] },
		"iron-sides": { "base": "block/vessel/sides/iron/{color}", "overlays": [ "block/vessel/overlay/vessel-sides" ] },
		"iron-inside": { "base": "block/vessel/inside/iron/{color}", "overlays": [ "block/vessel/overlay/vessel-inside" ] },

		"steel-ceramic": { "base": "block/vessel/ceramic" },
		"steel-top": { "base": "block/vessel/top/steel/{color}", "overlays": [ "block/vessel/overlay/vessel-top" ] },
		"steel-sides": { "base": "block/vessel/sides/steel/{color}", "overlays": [ "block/vessel/overlay/vessel-sides" ] },
		"steel-inside": { "base": "block/vessel/inside/steel/{color}", "overlays": [ "block/vessel/overlay/vessel-inside" ] }
	},

	"blockmaterial": "Ceramic",
	"replaceable": 1000,
	"resistance": 0.8,
	"maxStackSize": 16,
	"lightAbsorption": 0,
	"sideAo": { "all": false },
	"sideopaque": { "all": false },
	"sidesolid": { "all": false },

	"sounds": {
		"walk": "game:walk/stone",
		"break": "game:block/ceramicplace",
		"hit": "game:block/ceramichit",
		"place": "game:block/ceramicplace"
	},

	"collisionSelectionBox": { "x1": 0.125, "y1": 0, "z1": 0.125, "x2": 0.875, "y2": 1, "z2": 0.875 },
	
	"guiTransform": { "scale": 1.25 },

	"tpHandTransform": { "translation": { "x": -1, "y": -0.5, "z": -0.5 }, "rotation": { "x": 25, "y": -20, "z": -99 }, "scale": 0.56 }
}