﻿{
  "code": "summonedobject",
  "classByType": {
    "*": "ItemSummonedObjectRM"
  },
  "enabled": true,

  "storageFlags": 131329,

  "variantgroups": [
    {
      "code": "glyphs",
      "states": [ "none" ],
      "loadFromProperties": "rustboundmagic:abstract/glyphs"
    },
    {
      "code": "state",
      "states": [ "unstable", "permanent", "admin" ]
    }
  ],
  "allowedVariants": [ "*-food1-*", "*-food2-*" ],
  "skipVariants": [ "*-permanent", "*-admin" ],

  "behaviors": [
    {
      "name": "GroundStorable",
      "properties": {
        "layout": "Quadrants",
        "collisionBox": {
          "x1": 0,
          "y1": 0,
          "z1": 0,
          "x2": 1,
          "y2": 0.125,
          "z2": 1
        }
      }
    }
  ],

  "attributesByType": {
    "*": {
      "rackable": true,
      "toolrackTransformByType": {
        "*": {
          "rotation": {
            "y": 1,
            "z": -1
          },
          "translation": {
            "x": -0.3,
            "y": 0.6
          },
          "scale": 1.25
        }
      },
      "groundStorageTransform": {
        "translation": {
          "x": 0,
          "y": -0.06,
          "z": 0
        },
        "rotation": {
          "x": 0,
          "y": 45,
          "z": 0
        },
        "scale": 0.88
      },
      "handbookByType": {
        "*": {
          "groupBy": [ "summonedobject-*" ]
        }
      }
    }
  },

  "creativeinventory": {
    "general": [ "*" ],
    "items": [ "*" ],
    "tools": [ "*" ],
    "rustboundmagicequipment": [ "*" ]
  },

  "maxstacksize": 16,
  "materialDensity": 200,

  "shapeByType": {
    "*": { "base": "items/spells/summoneditems/{glyphs}" }
  },
  "texturesByType": {
    //"*-food1-*": {
    //  "default": { "base": "default" },
    //  "string": { "base": "items/resources/shiftingfibers" },
    //  "handle": { "base": "items/spells/summoneditems/tier0-handle" },
    //  "material1": { "base": "items/spells/summoneditems/food1-tier1" },
    //  "material2": { "base": "items/spells/summoneditems/food2-tier1" },
    //  "material3": { "base": "items/spells/summoneditems/food3-tier1" }
    //},
    "*-food1-*": {
      "default": { "base": "default" },
      "string": { "base": "items/resources/shiftingfibers" },
      "handle": { "base": "items/spells/summoneditems/tier0-handle" },
      "material1": { "base": "items/spells/summoneditems/food1-tier1" },
      "material2": { "base": "items/spells/summoneditems/food2-tier1" },
      "material3": { "base": "items/spells/summoneditems/food3-tier1" }
    },
    "*-food2-*": {
      "default": { "base": "default" },
      "string": { "base": "items/resources/shiftingfibers" },
      "handle": { "base": "items/spells/summoneditems/tier0-handle" },
      "material1": { "base": "items/spells/summoneditems/food1-tier1" },
      "material2": { "base": "items/spells/summoneditems/food2-tier1" },
      "material3": { "base": "items/spells/summoneditems/food3-tier1" }
    }
  },

  "nutritionPropsByType": {
    //"*-food1-*": {
    //  "saturation": 50,
    //  "foodcategory": "NoNutrition"
    //},
    "*-food1-*": {
      "saturation": 100,
      "foodcategory": "NoNutrition"
    },
    "*-food2-*": {
      "saturation": 250,
      "foodcategory": "NoNutrition"
    }
  },

  "transitionablePropsByType": {
    "*-unstable": [
      {
        "type": "Harden",
        "freshHours": { "avg": 0 },
        "transitionHoursByType": {
          //"*-food1-*": { "avg": 12 },
          "*-food1-*": { "avg": 24 },
          "*-food2-*": { "avg": 48 },
          "*": { "avg": 4 }
        },
        "transitionedStack": {
          "type": "item",
          "code": "game:rot"
        },
        "transitionRatio": 0
      }
    ]
  },

  "guiTransformByType": {
    "*": {
      "translation": {
        "x": 0,
        "y": 0,
        "z": 0
      },
      "rotation": {
        "x": -22,
        "y": -45,
        "z": 180
      },
      "origin": {
        "x": 0.55,
        "y": 0.15,
        "z": 0.5
      },
      "scale": 2.5
    }
  },
  "groundTransformByType": {
    "*": {
      "translation": {
        "x": 0,
        "y": 0,
        "z": 0
      },
      "rotation": {
        "x": 0,
        "y": 0,
        "z": 0
      },
      "origin": {
        "x": 0.5,
        "y": 0,
        "z": 0.5
      },
      "scale": 3.6
    }
  },
  "fpHandTransformByType": {
    "*": {
      "translation": {
        "x": -0.3,
        "y": -0.5,
        "z": 0.3
      },
      "rotation": {
        "x": -29,
        "y": 1,
        "z": 88
      },
      "origin": {
        "x": 0.2,
        "y": 0.5,
        "z": 0.5
      },
      "scale": 2.5
    }
  },
  "tpHandTransformByType": {
    "*": {
      "translation": {
        "x": -1.24,
        "y": -0.73,
        "z": -0.65
      },
      "rotation": {
        "x": 90,
        "y": 0,
        "z": -90
      },
      "scale": 0.75
    }
  }
}