[
  {
    "op": "add",
    "path": "/structures/-",
    "value": {
                  "code": "quentin-waystones",
                  "name": "quentin-waystones",
                  "group": "specialwaystones",
                  "minGroupDistance": 5000, 
                  "chance": 0.005, 
                  "schematics": [
                    "overground/special/waystones/quentin/default-o0/*"
                  ],
                  "rockTypeRemapGroup": "standard",
                  "minY": 1,
                  "offsety": 0,
                  "MaxBelowSealevel": 0,
                  "MinSpawnDistance": 600
    },
    "file": "game:worldgen/structures.json",
    "side": "Server"
  },
  {
    "op": "add",
    "path": "/structures/-",
    "value": {
                  "code": "quentin-waystones",
                  "name": "quentin-waystones",
                  "group": "specialwaystones",
                  "minGroupDistance": 5000, 
                  "chance": 0.0005, 
                  "schematics": [
                    "overground/special/waystones/quentin/waystone-quentin-legendarychisel-o3"
                  ],
                  "rockTypeRemapGroup": "standard",
                  "minY": 1,
                  "offsety": -3,
                  "MaxBelowSealevel": 0,
                  "MinSpawnDistance": 600
    },
    "file": "game:worldgen/structures.json",
    "side": "Server"
  },
  {
    "op": "add",
    "path": "/structures/-",
    "value": {
                  "code": "quentin-waystones",
                  "name": "quentin-waystones",
                  "group": "specialwaystones",
                  "minGroupDistance": 5000, 
                  "chance": 0.00025, 
                  "schematics": [
                    "overground/special/waystones/quentin/waystone-quentin-locusttrap-o1"
                  ],
                  "rockTypeRemapGroup": "standard",
                  "minY": 1,
                  "offsety": -1,
                  "MaxBelowSealevel": 0,
                  "MinSpawnDistance": 600
    },
    "file": "game:worldgen/structures.json",
    "side": "Server"
  },
  {
    "op": "add",
    "path": "/structures/-",
    "value": {
                  "code": "quentin-waystones",
                  "name": "quentin-waystones",
                  "group": "specialwaystones",
                  "minGroupDistance": 5000, 
                  "chance": 0.005, 
                  "schematics": [
                    "overground/special/waystones/quentin/waystone-quentin-tropical-o8"
                  ],
                  "rockTypeRemapGroup": "standard",
                  "minY": 1,
                  "offsety": -8,
                  "minTemp": 28,
                  "maxTemp": 39,
                  "minRain": 0.75,
                  "maxRain": 1,
                  "minForest": 0.1,
                  "maxForest": 1,
                  "MaxBelowSealevel": 0,
                  "MinSpawnDistance": 600
    },
    "file": "game:worldgen/structures.json",
    "side": "Server"
  },
  {
    "op": "add",
    "path": "/structures/-",
    "value": {
                  "code": "quentin-waystones",
                  "name": "quentin-waystones",
                  "group": "specialwaystones",
                  "minGroupDistance": 5000, 
                  "chance": 0.00025, 
                  "schematics": [
                    "overground/special/waystones/quentin/waystone-quentin-whitemarble1-o2"
                  ],
                  "rockTypeRemapGroup": "standard",
                  "minY": 1,
                  "offsety": -2,
                  "MaxBelowSealevel": 0,
                  "MinSpawnDistance": 600
    },
    "file": "game:worldgen/structures.json",
    "side": "Server"
  },
  {
    "op": "add",
    "path": "/structures/-",
    "value": {
                  "code": "bellcross-waystones",
                  "name": "bellcross-waystones",
                  "group": "specialwaystones",
                  "minGroupDistance": 5000,
                  "replacewithblocklayers": ["soil-low-none", "soil-medium-none", "soil-medium-normal", "soil-low-normal", "forestfloor-1", "soil-verylow-normal", "soil-verylow-none", "soil-verylow-sparse", "soil-verylow-verysparse"],
                  "chance": 0.014,
                  "schematics": [
                    "overground/special/waystones/bellcross/o3/*"
                  ],
                  "rockTypeRemapGroup": "standard",
                  "minY": 1,
                  "offsety": -3,
                  "MaxBelowSealevel": 0,
                  "MinSpawnDistance": 600
    },
    "file": "game:worldgen/structures.json",
    "side": "Server"
  },
  {
    "op": "add",
    "path": "/structures/-",
    "value": {
                  "code": "bellcross-waystones",
                  "name": "bellcross-waystones",
                  "group": "specialwaystones",
                  "minGroupDistance": 5000,
                  "replacewithblocklayers": ["soil-low-none", "soil-medium-none", "soil-medium-normal", "soil-low-normal", "forestfloor-1", "soil-verylow-normal", "soil-verylow-none", "soil-verylow-sparse", "soil-verylow-verysparse"],
                  "chance": 0.001,
                  "schematics": [
                    "overground/special/waystones/bellcross/o1/*"
                  ],
                  "rockTypeRemapGroup": "standard",
                  "minY": 1,
                  "offsety": -1,
                  "MaxBelowSealevel": 0,
                  "MinSpawnDistance": 600
    },
    "file": "game:worldgen/structures.json",
    "side": "Server"
  },
  {
    "op": "add",
    "path": "/structures/-",
    "value": {
                  "code": "ogdred-waystones",
                  "name": "ogdred-waystones",
                  "group": "specialwaystones",
                  "minGroupDistance": 5000,
                  "replacewithblocklayers": ["soil-low-none", "soil-medium-none", "soil-medium-normal", "soil-low-normal", "forestfloor-1", "soil-verylow-normal", "soil-verylow-none", "soil-verylow-sparse", "soil-verylow-verysparse"],
                  "chance": 0.001,
                  "schematics": [
                    "overground/special/waystones/ogdred/o1/*"
                  ],
                  "rockTypeRemapGroup": "standard",
                  "minY": 1,
                  "offsety": -1,
                  "MaxBelowSealevel": 0,
                  "MinSpawnDistance": 600
    },
    "file": "game:worldgen/structures.json",
    "side": "Server"
  },
  {
    "op": "add",
    "path": "/structures/-",
    "value": {
                  "code": "niclass-waystones",
                  "name": "niclass-waystones",
                  "group": "specialwaystones",
                  "minGroupDistance": 5000,
                  "replacewithblocklayers": ["soil-low-none", "soil-medium-none", "soil-medium-normal", "soil-low-normal", "forestfloor-1", "soil-verylow-normal", "soil-verylow-none", "soil-verylow-sparse", "soil-verylow-verysparse", "dirtygravel-dry-stoney"],
                  "chance": 0.001,
                  "schematics": [
                    "overground/special/waystones/niclass/o3/*"
                  ],
                  "rockTypeRemapGroup": "standard",
                  "minY": 1,
                  "offsety": -2,
                  "MaxBelowSealevel": 0,
                  "MinSpawnDistance": 600
    },
    "file": "game:worldgen/structures.json",
    "side": "Server"
  }
]