{
  "koboldrdx:kobold": {
	"game:entity/humanoid/seraph/armor/antique/blackguard-broken/legs": "koboldrdx:entity/humanoid/seraph/armor/antique/blackguard-broken/legs",
	"game:entity/humanoid/seraph/armor/antique/blackguard-damaged/legs": "koboldrdx:entity/humanoid/seraph/armor/antique/blackguard-damaged/legs",
	"game:entity/humanoid/seraph/armor/antique/blackguard-pristine/head": "koboldrdx:entity/humanoid/seraph/armor/antique/blackguard-pristine/head",
	"game:entity/humanoid/seraph/armor/antique/blackguard-pristine/legs": "koboldrdx:entity/humanoid/seraph/armor/antique/blackguard-pristine/legs",
	"game:entity/humanoid/seraph/armor/antique/forlorn-broken/legs": "koboldrdx:entity/humanoid/seraph/armor/antique/forlorn-broken/legs",
	"game:entity/humanoid/seraph/armor/antique/forlorn-damaged/legs": "koboldrdx:entity/humanoid/seraph/armor/antique/forlorn-damaged/legs",
	"game:entity/humanoid/seraph/armor/antique/forlorn-pristine/head": "koboldrdx:entity/humanoid/seraph/armor/antique/forlorn-pristine/head",
	"game:entity/humanoid/seraph/armor/antique/forlorn-pristine/legs": "koboldrdx:entity/humanoid/seraph/armor/antique/forlorn-pristine/legs",
	"game:entity/humanoid/seraph/armor/brigandine/legs": "koboldrdx:entity/humanoid/seraph/armor/brigandine/legs",
	"game:entity/humanoid/seraph/armor/chain/legs": "koboldrdx:entity/humanoid/seraph/armor/chain/legs",
	"game:entity/humanoid/seraph/armor/gambeson/legs": "koboldrdx:entity/humanoid/seraph/armor/gambeson/legs",
	"game:entity/humanoid/seraph/armor/hide/bear/legs": "koboldrdx:entity/humanoid/seraph/armor/hide/bear/legs",
	"game:entity/humanoid/seraph/armor/improvised/body-full": "koboldrdx:entity/humanoid/seraph/armor/improvised/body-full",
	"game:entity/humanoid/seraph/armor/jerkin/legs": "koboldrdx:entity/humanoid/seraph/armor/jerkin/legs",
	"game:entity/humanoid/seraph/armor/lamellar/legs": "koboldrdx:entity/humanoid/seraph/armor/lamellar/legs",
	"game:entity/humanoid/seraph/armor/leather/legs": "koboldrdx:entity/humanoid/seraph/armor/leather/legs",
	"game:entity/humanoid/seraph/armor/padded/legs": "koboldrdx:entity/humanoid/seraph/armor/padded/legs",
	"game:entity/humanoid/seraph/armor/plate/head-copper": "koboldrdx:entity/humanoid/seraph/armor/plate/head-copper",
	"game:entity/humanoid/seraph/armor/plate/head-gold": "koboldrdx:entity/humanoid/seraph/armor/plate/head-gold",
	"game:entity/humanoid/seraph/armor/plate/head-meteoriciron": "koboldrdx:entity/humanoid/seraph/armor/plate/head-meteoriciron",
	"game:entity/humanoid/seraph/armor/plate/head-silver": "koboldrdx:entity/humanoid/seraph/armor/plate/head-silver",
	"game:entity/humanoid/seraph/armor/plate/head-steel": "koboldrdx:entity/humanoid/seraph/armor/plate/head-steel",
	"game:entity/humanoid/seraph/armor/plate/legs": "koboldrdx:entity/humanoid/seraph/armor/plate/legs",
	"game:entity/humanoid/seraph/armor/scale/legs": "koboldrdx:entity/humanoid/seraph/armor/scale/legs",
	"game:entity/humanoid/seraph/clothing/face/cat": "koboldrdx:entity/humanoid/seraph/clothing/face/cat",
	"game:entity/humanoid/seraph/clothing/face/corroded": "koboldrdx:entity/humanoid/seraph/clothing/face/corroded",
	"game:entity/humanoid/seraph/clothing/face/crow": "koboldrdx:entity/humanoid/seraph/clothing/face/crow",
	"game:entity/humanoid/seraph/clothing/face/festivecat": "koboldrdx:entity/humanoid/seraph/clothing/face/festivecat",
	"game:entity/humanoid/seraph/clothing/face/forgotten": "koboldrdx:entity/humanoid/seraph/clothing/face/forgotten",
	"game:entity/humanoid/seraph/clothing/face/forlorn-veil": "koboldrdx:entity/humanoid/seraph/clothing/face/forlorn-veil",
	"game:entity/humanoid/seraph/clothing/face/hummingbird": "koboldrdx:entity/humanoid/seraph/clothing/face/hummingbird",
	"game:entity/humanoid/seraph/clothing/face/hunter-mask": "koboldrdx:entity/humanoid/seraph/clothing/face/hunter-mask",
	"game:entity/humanoid/seraph/clothing/face/leather-reinforced-mask": "koboldrdx:entity/humanoid/seraph/clothing/face/leather-reinforced-mask",
	"game:entity/humanoid/seraph/clothing/face/malefactor-mask": "koboldrdx:entity/humanoid/seraph/clothing/face/malefactor-mask",
	"game:entity/humanoid/seraph/clothing/face/marketeer": "koboldrdx:entity/humanoid/seraph/clothing/face/marketeer",
	"game:entity/humanoid/seraph/clothing/face/miner": "koboldrdx:entity/humanoid/seraph/clothing/face/miner",
	"game:entity/humanoid/seraph/clothing/face/rottenking": "koboldrdx:entity/humanoid/seraph/clothing/face/rottenking",
	"game:entity/humanoid/seraph/clothing/face/rotwalker": "koboldrdx:entity/humanoid/seraph/clothing/face/rotwalker",
	"game:entity/humanoid/seraph/clothing/face/sheepskull": "koboldrdx:entity/humanoid/seraph/clothing/face/sheepskull",
	"game:entity/humanoid/seraph/clothing/face/surgeon": "koboldrdx:entity/humanoid/seraph/clothing/face/surgeon",
	"game:entity/humanoid/seraph/clothing/face/surgeonhood": "koboldrdx:entity/humanoid/seraph/clothing/face/surgeonhood",
	"game:entity/humanoid/seraph/clothing/face/survivor": "koboldrdx:entity/humanoid/seraph/clothing/face/survivor",
	"game:entity/humanoid/seraph/clothing/face/tailor-mask": "koboldrdx:entity/humanoid/seraph/clothing/face/tailor-mask",
	"game:entity/humanoid/seraph/clothing/foot/alchemist": "koboldrdx:entity/humanoid/seraph/clothing/foot/alchemist",
	"game:entity/humanoid/seraph/clothing/foot/aristocrat-shoes": "koboldrdx:entity/humanoid/seraph/clothing/foot/aristocrat-shoes",
	"game:entity/humanoid/seraph/clothing/foot/blackguard-shoes": "koboldrdx:entity/humanoid/seraph/clothing/foot/blackguard-shoes",
	"game:entity/humanoid/seraph/clothing/foot/clockmaker-shoes": "koboldrdx:entity/humanoid/seraph/clothing/foot/clockmaker-shoes",
	"game:entity/humanoid/seraph/clothing/foot/commoner-boots": "koboldrdx:entity/humanoid/seraph/clothing/foot/commoner-boots",
	"game:entity/humanoid/seraph/clothing/foot/forgotten": "koboldrdx:entity/humanoid/seraph/clothing/foot/forgotten",
	"game:entity/humanoid/seraph/clothing/foot/forlorn-shoes": "koboldrdx:entity/humanoid/seraph/clothing/foot/forlorn-shoes",
	"game:entity/humanoid/seraph/clothing/foot/fur-lined-reindeer-herder-shoes": "koboldrdx:entity/humanoid/seraph/clothing/foot/fur-lined-reindeer-herder-shoes",
	"game:entity/humanoid/seraph/clothing/foot/great-steppe-boots": "koboldrdx:entity/humanoid/seraph/clothing/foot/great-steppe-boots",
	"game:entity/humanoid/seraph/clothing/foot/high-leather-boots": "koboldrdx:entity/humanoid/seraph/clothing/foot/high-leather-boots",
	"game:entity/humanoid/seraph/clothing/foot/hunter-boots": "koboldrdx:entity/humanoid/seraph/clothing/foot/hunter-boots",
	"game:entity/humanoid/seraph/clothing/foot/jailor-boots": "koboldrdx:entity/humanoid/seraph/clothing/foot/jailor-boots",
	"game:entity/humanoid/seraph/clothing/foot/king": "koboldrdx:entity/humanoid/seraph/clothing/foot/king",
	"game:entity/humanoid/seraph/clothing/foot/knee-high-fur-boots": "koboldrdx:entity/humanoid/seraph/clothing/foot/knee-high-fur-boots",
	"game:entity/humanoid/seraph/clothing/foot/lackey-shoes": "koboldrdx:entity/humanoid/seraph/clothing/foot/lackey-shoes",
	"game:entity/humanoid/seraph/clothing/foot/malefactor-boots": "koboldrdx:entity/humanoid/seraph/clothing/foot/malefactor-boots",
	"game:entity/humanoid/seraph/clothing/foot/marketeer": "koboldrdx:entity/humanoid/seraph/clothing/foot/marketeer",
	"game:entity/humanoid/seraph/clothing/foot/merchant-shoes": "koboldrdx:entity/humanoid/seraph/clothing/foot/merchant-shoes",
	"game:entity/humanoid/seraph/clothing/foot/messenger-shoes": "koboldrdx:entity/humanoid/seraph/clothing/foot/messenger-shoes",
	"game:entity/humanoid/seraph/clothing/foot/metalcap-boots": "koboldrdx:entity/humanoid/seraph/clothing/foot/metalcap-boots",
	"game:entity/humanoid/seraph/clothing/foot/miner": "koboldrdx:entity/humanoid/seraph/clothing/foot/miner",
	"game:entity/humanoid/seraph/clothing/foot/minstrel-boots": "koboldrdx:entity/humanoid/seraph/clothing/foot/minstrel-boots",
	"game:entity/humanoid/seraph/clothing/foot/noble-shoes": "koboldrdx:entity/humanoid/seraph/clothing/foot/noble-shoes",
	"game:entity/humanoid/seraph/clothing/foot/nomad-boots": "koboldrdx:entity/humanoid/seraph/clothing/foot/nomad-boots",
	"game:entity/humanoid/seraph/clothing/foot/peasent-slippers": "koboldrdx:entity/humanoid/seraph/clothing/foot/peasent-slippers",
	"game:entity/humanoid/seraph/clothing/foot/prince-boots": "koboldrdx:entity/humanoid/seraph/clothing/foot/prince-boots",
	"game:entity/humanoid/seraph/clothing/foot/prisoner-binds": "koboldrdx:entity/humanoid/seraph/clothing/foot/prisoner-binds",
	"game:entity/humanoid/seraph/clothing/foot/rottenking": "koboldrdx:entity/humanoid/seraph/clothing/foot/rottenking",
	"game:entity/humanoid/seraph/clothing/foot/rotwalker": "koboldrdx:entity/humanoid/seraph/clothing/foot/rotwalker",
	"game:entity/humanoid/seraph/clothing/foot/rusty-ankle-manacles": "koboldrdx:entity/humanoid/seraph/clothing/foot/rusty-ankle-manacles",
	"game:entity/humanoid/seraph/clothing/foot/scribe": "koboldrdx:entity/humanoid/seraph/clothing/foot/scribe",
	"game:entity/humanoid/seraph/clothing/foot/shepherd-sandals": "koboldrdx:entity/humanoid/seraph/clothing/foot/shepherd-sandals",
	"game:entity/humanoid/seraph/clothing/foot/soldier-boots": "koboldrdx:entity/humanoid/seraph/clothing/foot/soldier-boots",
	"game:entity/humanoid/seraph/clothing/foot/squire-boots": "koboldrdx:entity/humanoid/seraph/clothing/foot/squire-boots",
	"game:entity/humanoid/seraph/clothing/foot/surgeon": "koboldrdx:entity/humanoid/seraph/clothing/foot/surgeon",
	"game:entity/humanoid/seraph/clothing/foot/survivor": "koboldrdx:entity/humanoid/seraph/clothing/foot/survivor",
	"game:entity/humanoid/seraph/clothing/foot/tailor-shoes": "koboldrdx:entity/humanoid/seraph/clothing/foot/tailor-shoes",
	"game:entity/humanoid/seraph/clothing/foot/temptress-velvet-shoes": "koboldrdx:entity/humanoid/seraph/clothing/foot/temptress-velvet-shoes",
	"game:entity/humanoid/seraph/clothing/foot/tigh-high-boots": "koboldrdx:entity/humanoid/seraph/clothing/foot/tigh-high-boots",
	"game:entity/humanoid/seraph/clothing/foot/wool-lined-knee-high-boots": "koboldrdx:entity/humanoid/seraph/clothing/foot/wool-lined-knee-high-boots",
	"game:entity/humanoid/seraph/clothing/foot/worn-leather-boots": "koboldrdx:entity/humanoid/seraph/clothing/foot/worn-leather-boots",
	"game:entity/humanoid/seraph/clothing/lowerbody/clockmaker-pants": "koboldrdx:entity/humanoid/seraph/clothing/lowerbody/clockmaker-pants",
	"game:entity/humanoid/seraph/clothing/lowerbody/fisher": "koboldrdx:entity/humanoid/seraph/clothing/lowerbody/fisher",
	"game:entity/humanoid/seraph/clothing/lowerbody/king": "koboldrdx:entity/humanoid/seraph/clothing/lowerbody/king",
	"game:entity/humanoid/seraph/clothing/lowerbody/pants7": "koboldrdx:entity/humanoid/seraph/clothing/lowerbody/pants7",
	"game:entity/humanoid/seraph/clothing/lowerbody/skirt": "koboldrdx:entity/humanoid/seraph/clothing/lowerbody/skirt",
	"game:entity/humanoid/seraph/clothing/upperbody/longsleeve": "koboldrdx:entity/humanoid/seraph/clothing/upperbody/longsleeve",
	"game:entity/humanoid/seraph/clothing/upperbody/longsleeve-extended": "koboldrdx:entity/humanoid/seraph/clothing/upperbody/longsleeve-extended",
	"game:entity/humanoid/seraph/clothing/upperbodyover/longsleeve": "koboldrdx:entity/humanoid/seraph/clothing/upperbodyover/longsleeve",
	"game:entity/humanoid/seraph/clothing/upperbodyover/longsleeve-hood": "koboldrdx:entity/humanoid/seraph/clothing/upperbodyover/longsleeve-hood",
	"game:entity/humanoid/seraph/clothing/upperbodyover/longsleeve-extended": "koboldrdx:entity/humanoid/seraph/clothing/upperbodyover/longsleeve-extended",
	"game:entity/humanoid/seraph/clothing/upperbodyover/shortsleeve": "koboldrdx:entity/humanoid/seraph/clothing/upperbodyover/shortsleeve",
	"game:entity/humanoid/seraph/clothing/shoulder/shortsleeve": "koboldrdx:entity/humanoid/seraph/clothing/shoulder/shortsleeve",
	"game:entity/humanoid/seraph/clothing/shoulder/shortsleeve-extended": "koboldrdx:entity/humanoid/seraph/clothing/shoulder/shortsleeve-extended",
	"game:entity/humanoid/seraph/clothing/emblem/falcon": "koboldrdx:entity/humanoid/seraph/clothing/emblem/falcon",
	"game:entity/humanoid/villageraccessories/foot/alchemist": "koboldrdx:entity/humanoid/villageraccessories/foot/alchemist",
	"game:entity/humanoid/villageraccessories/foot/barber": "koboldrdx:entity/humanoid/villageraccessories/foot/barber",
	"game:entity/humanoid/villageraccessories/foot/beekeeper": "koboldrdx:entity/humanoid/villageraccessories/foot/beekeeper",
	"game:entity/humanoid/villageraccessories/foot/blacksmith": "koboldrdx:entity/humanoid/villageraccessories/foot/blacksmith",
	"game:entity/humanoid/villageraccessories/foot/fisher": "koboldrdx:entity/humanoid/villageraccessories/foot/fisher",
	"game:entity/humanoid/villageraccessories/foot/guard": "koboldrdx:entity/humanoid/villageraccessories/foot/guard",
	"game:entity/humanoid/villageraccessories/foot/hunter": "koboldrdx:entity/humanoid/villageraccessories/foot/hunter",
	"game:entity/humanoid/villageraccessories/foot/innkeeper": "koboldrdx:entity/humanoid/villageraccessories/foot/innkeeper",
	"game:entity/humanoid/villageraccessories/foot/miner": "koboldrdx:entity/humanoid/villageraccessories/foot/miner",
	"game:entity/humanoid/villageraccessories/foot/musician": "koboldrdx:entity/humanoid/villageraccessories/foot/musician",
	"game:entity/humanoid/villageraccessories/foot/peasant1": "koboldrdx:entity/humanoid/villageraccessories/foot/peasant1",
	"game:entity/humanoid/villageraccessories/foot/peasant2": "koboldrdx:entity/humanoid/villageraccessories/foot/peasant2",
	"game:entity/humanoid/villageraccessories/foot/shepherd": "koboldrdx:entity/humanoid/villageraccessories/foot/shepherd",
	"game:entity/humanoid/villageraccessories/foot/tailor": "koboldrdx:entity/humanoid/villageraccessories/foot/tailor",
	"game:entity/humanoid/villageraccessories/foot/winter1": "koboldrdx:entity/humanoid/villageraccessories/foot/winter1",
	"game:entity/humanoid/villageraccessories/foot/winter2": "koboldrdx:entity/humanoid/villageraccessories/foot/winter2",
	"game:entity/humanoid/villageraccessories/foot/winter2": "koboldrdx:entity/humanoid/villageraccessories/foot/winter2",
	"game:entity/humanoid/villageraccessories/face/fullmask": "koboldrdx:entity/humanoid/villageraccessories/face/fullmask",
	"game:entity/humanoid/villageraccessories/face/mask": "koboldrdx:entity/humanoid/villageraccessories/face/mask",
	"game:entity/humanoid/villageraccessories/head/blacksmith": "koboldrdx:entity/humanoid/villageraccessories/head/blacksmith",
	"game:entity/humanoid/villageraccessories/head/beekeeper": "koboldrdx:entity/humanoid/villageraccessories/head/beekeeper",
	"game:entity/humanoid/villageraccessories/lowerbody/skirt": "koboldrdx:entity/humanoid/villageraccessories/lowerbody/skirt",
	"game:entity/humanoid/villageraccessories/lowerbody/male/fisher": "koboldrdx:entity/humanoid/villageraccessories/lowerbody/male/fisher",
	"game:entity/humanoid/villageraccessories/lowerbody/male/pants": "koboldrdx:entity/humanoid/villageraccessories/lowerbody/male/pants",
	"game:entity/humanoid/villageraccessories/upperbody/male/longsleeve-extended": "koboldrdx:entity/humanoid/villageraccessories/upperbody/male/longsleeve-extended",
	"game:entity/humanoid/villageraccessories/upperbodyover/male/longsleeve-extended": "koboldrdx:entity/humanoid/villageraccessories/upperbodyover/male/longsleeve-extended",
	"game:entity/humanoid/seraph/armor/antique/blackguard-broken/body": "koboldrdx:entity/humanoid/seraph/chestcompat/armor/antique/blackguard-broken/body",
	"game:entity/humanoid/seraph/armor/antique/blackguard-damaged/body": "koboldrdx:entity/humanoid/seraph/chestcompat/armor/antique/blackguard-damaged/body",
	"game:entity/humanoid/seraph/armor/antique/blackguard-pristine/body": "koboldrdx:entity/humanoid/seraph/chestcompat/armor/antique/blackguard-pristine/body",
	"game:entity/humanoid/seraph/armor/antique/forlorn-broken/body": "koboldrdx:entity/humanoid/seraph/chestcompat/armor/antique/forlorn-broken/body",
	"game:entity/humanoid/seraph/armor/antique/forlorn-damaged/body": "koboldrdx:entity/humanoid/seraph/chestcompat/armor/antique/forlorn-damaged/body",
	"game:entity/humanoid/seraph/armor/antique/forlorn-pristine/body": "koboldrdx:entity/humanoid/seraph/chestcompat/armor/antique/forlorn-pristine/body",
	"game:entity/humanoid/seraph/armor/brigandine/body": "koboldrdx:entity/humanoid/seraph/chestcompat/armor/brigandine/body",
	"game:entity/humanoid/seraph/armor/chain/body": "koboldrdx:entity/humanoid/seraph/chestcompat/armor/chain/body",
	"game:entity/humanoid/seraph/armor/gambeson/body": "koboldrdx:entity/humanoid/seraph/chestcompat/armor/gambeson/body",
	"game:entity/humanoid/seraph/armor/hide/bear/body": "koboldrdx:entity/humanoid/seraph/chestcompat/armor/hide/bear/body",
	"game:entity/humanoid/seraph/armor/improvised/body-full": "koboldrdx:entity/humanoid/seraph/chestcompat/armor/improvised/body-full",
	"game:entity/humanoid/seraph/armor/improvised/body": "koboldrdx:entity/humanoid/seraph/chestcompat/armor/improvised/body",
	"game:entity/humanoid/seraph/armor/jerkin/body": "koboldrdx:entity/humanoid/seraph/chestcompat/armor/jerkin/body",
	"game:entity/humanoid/seraph/armor/lamellar/body": "koboldrdx:entity/humanoid/seraph/chestcompat/armor/lamellar/body",
	"game:entity/humanoid/seraph/armor/leather/body": "koboldrdx:entity/humanoid/seraph/chestcompat/armor/leather/body",
	"game:entity/humanoid/seraph/armor/padded/body": "koboldrdx:entity/humanoid/seraph/chestcompat/armor/padded/body",
	"game:entity/humanoid/seraph/armor/plate/body": "koboldrdx:entity/humanoid/seraph/chestcompat/armor/plate/body",
	"game:entity/humanoid/seraph/armor/scale/body": "koboldrdx:entity/humanoid/seraph/chestcompat/armor/scale/body",
	"game:entity/humanoid/seraph/clothing/shoulder/blacksmith-apron": "koboldrdx:entity/humanoid/seraph/chestcompat/clothing/shoulder/blacksmith-apron",
	"game:entity/humanoid/seraph/clothing/shoulder/cape-hood": "koboldrdx:entity/humanoid/seraph/chestcompat/clothing/shoulder/cape-hood",
	"game:entity/humanoid/seraph/clothing/shoulder/cape": "koboldrdx:entity/humanoid/seraph/chestcompat/clothing/shoulder/cape",
	"game:entity/humanoid/seraph/clothing/shoulder/clockmaker-apron": "koboldrdx:entity/humanoid/seraph/chestcompat/clothing/shoulder/clockmaker-apron",
	"game:entity/humanoid/seraph/clothing/shoulder/longsleeve-hood": "koboldrdx:entity/humanoid/seraph/chestcompat/clothing/shoulder/longsleeve-hood",
	"game:entity/humanoid/seraph/clothing/shoulder/longsleeve": "koboldrdx:entity/humanoid/seraph/chestcompat/clothing/shoulder/longsleeve",
	"game:entity/humanoid/seraph/clothing/shoulder/scarf-fancy1": "koboldrdx:entity/humanoid/seraph/chestcompat/clothing/shoulder/scarf-fancy1",
	"game:entity/humanoid/seraph/clothing/shoulder/scarf-simple": "koboldrdx:entity/humanoid/seraph/chestcompat/clothing/shoulder/scarf-simple",
	"game:entity/humanoid/seraph/clothing/shoulder/shortsleeve-extended": "koboldrdx:entity/humanoid/seraph/chestcompat/clothing/shoulder/shortsleeve-extended",
	"game:entity/humanoid/seraph/clothing/shoulder/shortsleeve": "koboldrdx:entity/humanoid/seraph/chestcompat/clothing/shoulder/shortsleeve",
	"game:entity/humanoid/seraph/clothing/upperbody/longsleeve-extended": "koboldrdx:entity/humanoid/seraph/chestcompat/clothing/upperbody/longsleeve-extended",
	"game:entity/humanoid/seraph/clothing/upperbody/longsleeve": "koboldrdx:entity/humanoid/seraph/chestcompat/clothing/upperbody/longsleeve",
	"game:entity/humanoid/seraph/clothing/upperbody/shortsleeve": "koboldrdx:entity/humanoid/seraph/chestcompat/clothing/upperbody/shortsleeve",
	"game:entity/humanoid/seraph/clothing/upperbodyover/longsleeve-extended": "koboldrdx:entity/humanoid/seraph/chestcompat/clothing/upperbodyover/longsleeve-extended",
	"game:entity/humanoid/seraph/clothing/upperbodyover/longsleeve-hood": "koboldrdx:entity/humanoid/seraph/chestcompat/clothing/upperbodyover/longsleeve-hood",
	"game:entity/humanoid/seraph/clothing/upperbodyover/longsleeve": "koboldrdx:entity/humanoid/seraph/chestcompat/clothing/upperbodyover/longsleeve",
	"game:entity/humanoid/seraph/clothing/upperbodyover/shortsleeve": "koboldrdx:entity/humanoid/seraph/chestcompat/clothing/upperbodyover/shortsleeve",
	"game:entity/humanoid/seraph/clothing/upperbodyover/surgeon-apron": "koboldrdx:entity/humanoid/seraph/chestcompat/clothing/upperbodyover/surgeon-apron",
	"game:entity/humanoid/traderaccessories/masks/mask": "koboldrdx:entity/humanoid/traderaccessories/masks/mask",
	"game:item/jonas/nightvision": "koboldrdx:item/jonas/nightvision"
  }
}