[
  {
    "op": "addmerge",
    "path": "/skipVariants",
    "value": [ "*-lightaged-*" ],
    "file": "game:blocktypes/wood/woodtyped/scrollrack.json",
    "side": "Server"
  },
  {
    "op": "addmerge",
    "path": "/skipVariants",
    "value": [ "*-lightaged-*-*" ],
    "file": "game:blocktypes/wood/woodtyped/roughhewnfence-free.json",
    "side": "Server"
  },
  {
    "op": "addmerge",
    "path": "/skipVariants",
    "value": [ "*-lightaged-*-*" ],
    "file": "game:blocktypes/wood/woodtyped/roughhewnfencegate.json",
    "side": "Server"
  },
  {
    "op": "addmerge",
    "path": "/skipVariants",
    "value": [ "*-*-lightaged-*" ],
    "file": "game:blocktypes/wood/woodtyped/trapdoor.json",
    "side": "Server"
  },
  {
    "op": "addmerge",
    "path": "/skipVariants",
    "value": [ "*-*-lightaged-*" ],
    "file": "game:blocktypes/wood/woodtyped/log.json",
    "side": "Server"
  },
  {
    "op": "addmerge",
    "path": "/skipVariants",
    "value": [ "*-*-lightaged-*" ],
    "file": "game:blocktypes/wood/woodtyped/log-quad.json",
    "side": "Server"
  },
  {
    "op": "addmerge",
    "path": "/skipVariants",
    "value": [ "*-*-lightaged-*" ],
    "file": "game:blocktypes/wood/woodtyped/log-quad-corner.json",
    "side": "Server"
  },
]