{
	"editor": {
		"backDropShape": "C:/Users/ahron/Documents/GitHub/VS_FeverstoneWilds/feverstonewilds/resources/assets/feverstonewilds/shapes/entity/land/bison-male",
		"collapsedPaths": "Root/RHornHoop/RHornReinVKnot",
		"allAngles": false,
		"entityTextureMode": false
	},
	"textureWidth": 16,
	"textureHeight": 16,
	"textureSizes": {
	},
	"textures": {
		"plain": "game:block/leather/plain",
		"tinbronze1": "game:block/metal/sheet-plain/tinbronze1",
		"oak": "game:block/wood/debarked/oak"
	},
	"elements": [
		{
			"name": "Origin",
			"stepParentName": "head",
			"from": [ 2.5, 4.3, 5.0 ],
			"to": [ 2.5, 4.3, 5.0 ],
			"rotationOrigin": [ 2.5, 4.3, 5.0 ],
			"rotationZ": -30.0,
			"faces": {
				"north": { "texture": "#null", "uv": [ 0.0, 0.0, 0.5, 0.5 ] },
				"east": { "texture": "#null", "uv": [ 0.0, 0.0, 0.5, 0.5 ] },
				"south": { "texture": "#null", "uv": [ 0.0, 0.0, 0.5, 0.5 ] },
				"west": { "texture": "#null", "uv": [ 0.0, 0.0, 0.5, 0.5 ] },
				"up": { "texture": "#null", "uv": [ 0.0, 0.0, 0.5, 0.5 ] },
				"down": { "texture": "#null", "uv": [ 0.0, 0.0, 0.5, 0.5 ] }
			},
			"children": [
				{
					"name": "LHornHoop",
					"from": [ 0.2, 2.55, 8.0 ],
					"to": [ 5.2, 7.55, 9.0 ],
					"rotationOrigin": [ 3.1, 5.6, 8.5 ],
					"rotationZ": 25.0,
					"faces": {
						"north": { "texture": "#plain", "uv": [ 0.0, 0.0, 5.0, 5.0 ] },
						"east": { "texture": "#plain", "uv": [ 0.0, 0.0, 1.0, 5.0 ] },
						"south": { "texture": "#plain", "uv": [ 0.0, 0.0, 5.0, 5.0 ] },
						"west": { "texture": "#plain", "uv": [ 0.0, 0.0, 1.0, 5.0 ] },
						"up": { "texture": "#plain", "uv": [ 0.0, 0.0, 5.0, 1.0 ] },
						"down": { "texture": "#plain", "uv": [ 0.0, 0.0, 5.0, 1.0 ] }
					},
					"children": [
						{
							"name": "LHornKnotLower",
							"from": [ 4.4, -0.4, -0.1 ],
							"to": [ 5.6, 0.8, 1.1 ],
							"rotationOrigin": [ 5.0, 0.2, 0.5 ],
							"rotationZ": 18.0,
							"faces": {
								"north": { "texture": "#plain", "uv": [ 0.0, 0.0, 1.0, 1.0 ] },
								"east": { "texture": "#plain", "uv": [ 0.0, 0.0, 1.0, 1.0 ] },
								"south": { "texture": "#plain", "uv": [ 0.0, 0.0, 1.0, 1.0 ] },
								"west": { "texture": "#plain", "uv": [ 0.0, 0.0, 1.0, 1.0 ] },
								"up": { "texture": "#plain", "uv": [ 0.0, 0.0, 1.0, 1.0 ] },
								"down": { "texture": "#plain", "uv": [ 0.0, 0.0, 1.0, 1.0 ] }
							},
							"children": [
								{
									"name": "LHornVStrapBottom",
									"from": [ 0.86, -0.05, 0.1 ],
									"to": [ 4.86, 0.95, 1.1 ],
									"rotationOrigin": [ 0.864, -0.0492, 0.1 ],
									"rotationZ": 17.0,
									"faces": {
										"north": { "texture": "#plain", "uv": [ 0.0, 0.0, 4.0, 1.0 ] },
										"east": { "texture": "#plain", "uv": [ 0.0, 0.0, 1.0, 1.0 ] },
										"south": { "texture": "#plain", "uv": [ 0.0, 0.0, 4.0, 1.0 ] },
										"west": { "texture": "#plain", "uv": [ 0.0, 0.0, 1.0, 1.0 ] },
										"up": { "texture": "#plain", "uv": [ 0.0, 0.0, 4.0, 1.0 ] },
										"down": { "texture": "#plain", "uv": [ 0.0, 0.0, 4.0, 1.0 ] }
									}
								}
							]
						},
						{
							"name": "LHornKnotUpper",
							"from": [ 4.4, 4.1, -0.1 ],
							"to": [ 5.6, 5.3, 1.1 ],
							"rotationOrigin": [ 5.0, 4.7, 0.5 ],
							"rotationZ": -25.0,
							"faces": {
								"north": { "texture": "#plain", "uv": [ 0.0, 0.0, 1.0, 1.0 ] },
								"east": { "texture": "#plain", "uv": [ 0.0, 0.0, 1.0, 1.0 ] },
								"south": { "texture": "#plain", "uv": [ 0.0, 0.0, 1.0, 1.0 ] },
								"west": { "texture": "#plain", "uv": [ 0.0, 0.0, 1.0, 1.0 ] },
								"up": { "texture": "#plain", "uv": [ 0.0, 0.0, 1.0, 1.0 ] },
								"down": { "texture": "#plain", "uv": [ 0.0, 0.0, 1.0, 1.0 ] }
							},
							"children": [
								{
									"name": "LHornVStrapTop",
									"from": [ 0.8, 0.2, 0.1 ],
									"to": [ 4.8, 1.2, 1.1 ],
									"rotationOrigin": [ 0.8, 0.2, 0.1 ],
									"rotationZ": -14.0,
									"faces": {
										"north": { "texture": "#plain", "uv": [ 0.0, 0.0, 4.0, 1.0 ] },
										"east": { "texture": "#plain", "uv": [ 0.0, 0.0, 1.0, 1.0 ] },
										"south": { "texture": "#plain", "uv": [ 0.0, 0.0, 4.0, 1.0 ] },
										"west": { "texture": "#plain", "uv": [ 0.0, 0.0, 1.0, 1.0 ] },
										"up": { "texture": "#plain", "uv": [ 0.0, 0.0, 4.0, 1.0 ] },
										"down": { "texture": "#plain", "uv": [ 0.0, 0.0, 4.0, 1.0 ] }
									}
								}
							]
						},
						{
							"name": "LHornReinVBuckle",
							"from": [ 7.3, 1.4, -0.25 ],
							"to": [ 8.9, 3.0, 1.35 ],
							"rotationOrigin": [ 7.3, 1.4, -0.2 ],
							"rotationZ": 10.0,
							"faces": {
								"north": { "texture": "#tinbronze1", "uv": [ 0.0, 0.0, 1.5, 1.5 ] },
								"east": { "texture": "#tinbronze1", "uv": [ 0.0, 0.0, 1.5, 1.5 ] },
								"south": { "texture": "#tinbronze1", "uv": [ 0.0, 0.0, 1.5, 1.5 ] },
								"west": { "texture": "#tinbronze1", "uv": [ 0.0, 0.0, 1.5, 1.5 ] },
								"up": { "texture": "#tinbronze1", "uv": [ 0.0, 0.0, 1.5, 1.5 ] },
								"down": { "texture": "#tinbronze1", "uv": [ 0.0, 0.0, 1.5, 1.5 ] }
							},
							"children": [
								{
									"name": "LeftVRein1",
									"from": [ 0.3, 0.3, 0.25 ],
									"to": [ 10.3, 1.3, 1.25 ],
									"rotationOrigin": [ 0.8, 0.8, 0.7 ],
									"rotationY": 1.0,
									"rotationZ": -10.0,
									"faces": {
										"north": { "texture": "#plain", "uv": [ 0.0, 0.0, 10.0, 1.0 ] },
										"east": { "texture": "#plain", "uv": [ 0.0, 0.0, 1.0, 1.0 ] },
										"south": { "texture": "#plain", "uv": [ 0.0, 0.0, 10.0, 1.0 ] },
										"west": { "texture": "#plain", "uv": [ 0.0, 0.0, 1.0, 1.0 ] },
										"up": { "texture": "#plain", "uv": [ 0.0, 0.0, 10.0, 1.0 ] },
										"down": { "texture": "#plain", "uv": [ 0.0, 0.0, 10.0, 1.0 ] }
									},
									"children": [
										{
											"name": "LeftVRein2",
											"from": [ 9.5, 0.0, 0.0 ],
											"to": [ 24.5, 1.0, 1.0 ],
											"rotationOrigin": [ 10.0, 0.5, 0.5 ],
											"rotationY": 1.0,
											"rotationZ": 17.0,
											"faces": {
												"north": { "texture": "#plain", "uv": [ 0.0, 0.0, 15.0, 1.0 ] },
												"east": { "texture": "#plain", "uv": [ 0.0, 0.0, 1.0, 1.0 ] },
												"south": { "texture": "#plain", "uv": [ 0.0, 0.0, 15.0, 1.0 ] },
												"west": { "texture": "#plain", "uv": [ 0.0, 0.0, 1.0, 1.0 ] },
												"up": { "texture": "#plain", "uv": [ 0.0, 0.0, 15.0, 1.0 ] },
												"down": { "texture": "#plain", "uv": [ 0.0, 0.0, 15.0, 1.0 ] }
											},
											"children": [
												{
													"name": "LeftVRein3",
													"from": [ 14.0, 0.0, 0.0 ],
													"to": [ 21.0, 1.0, 1.0 ],
													"rotationOrigin": [ 14.5, 0.5, 0.5 ],
													"rotationY": 25.0,
													"faces": {
														"north": { "texture": "#plain", "uv": [ 0.0, 0.0, 7.0, 1.0 ] },
														"east": { "texture": "#plain", "uv": [ 0.0, 0.0, 1.0, 1.0 ] },
														"south": { "texture": "#plain", "uv": [ 0.0, 0.0, 7.0, 1.0 ] },
														"west": { "texture": "#plain", "uv": [ 0.0, 0.0, 1.0, 1.0 ] },
														"up": { "texture": "#plain", "uv": [ 0.0, 0.0, 7.0, 1.0 ] },
														"down": { "texture": "#plain", "uv": [ 0.0, 0.0, 7.0, 1.0 ] }
													}
												}
											]
										}
									]
								}
							]
						}
					]
				},
				{
					"name": "RHornHoop",
					"from": [ 0.6, 1.65, -9.2 ],
					"to": [ 5.6, 6.65, -8.2 ],
					"rotationOrigin": [ 2.5, 4.7, -8.7 ],
					"rotationZ": 25.0,
					"faces": {
						"north": { "texture": "#plain", "uv": [ 0.0, 0.0, 5.0, 5.0 ] },
						"east": { "texture": "#plain", "uv": [ 0.0, 0.0, 1.0, 5.0 ] },
						"south": { "texture": "#plain", "uv": [ 0.0, 0.0, 5.0, 5.0 ] },
						"west": { "texture": "#plain", "uv": [ 0.0, 0.0, 1.0, 5.0 ] },
						"up": { "texture": "#plain", "uv": [ 0.0, 0.0, 5.0, 1.0 ] },
						"down": { "texture": "#plain", "uv": [ 0.0, 0.0, 5.0, 1.0 ] }
					},
					"children": [
						{
							"name": "RHornKnotLower",
							"from": [ 4.4, -0.4, -0.1 ],
							"to": [ 5.6, 0.8, 1.1 ],
							"rotationOrigin": [ 5.0, 0.2, 0.5 ],
							"rotationZ": 18.0,
							"faces": {
								"north": { "texture": "#plain", "uv": [ 0.0, 0.0, 1.0, 1.0 ] },
								"east": { "texture": "#plain", "uv": [ 0.0, 0.0, 1.0, 1.0 ] },
								"south": { "texture": "#plain", "uv": [ 0.0, 0.0, 1.0, 1.0 ] },
								"west": { "texture": "#plain", "uv": [ 0.0, 0.0, 1.0, 1.0 ] },
								"up": { "texture": "#plain", "uv": [ 0.0, 0.0, 1.0, 1.0 ] },
								"down": { "texture": "#plain", "uv": [ 0.0, 0.0, 1.0, 1.0 ] }
							},
							"children": [
								{
									"name": "RHornVStrapBottom",
									"from": [ 0.86, -0.05, 0.1 ],
									"to": [ 4.86, 0.95, 1.1 ],
									"rotationOrigin": [ 0.864, -0.0492, 0.1 ],
									"rotationZ": 17.0,
									"faces": {
										"north": { "texture": "#plain", "uv": [ 0.0, 0.0, 4.0, 1.0 ] },
										"east": { "texture": "#plain", "uv": [ 0.0, 0.0, 1.0, 1.0 ] },
										"south": { "texture": "#plain", "uv": [ 0.0, 0.0, 4.0, 1.0 ] },
										"west": { "texture": "#plain", "uv": [ 0.0, 0.0, 1.0, 1.0 ] },
										"up": { "texture": "#plain", "uv": [ 0.0, 0.0, 4.0, 1.0 ] },
										"down": { "texture": "#plain", "uv": [ 0.0, 0.0, 4.0, 1.0 ] }
									}
								}
							]
						},
						{
							"name": "RHornKnotUpper",
							"from": [ 4.4, 4.1, -0.1 ],
							"to": [ 5.6, 5.3, 1.1 ],
							"rotationOrigin": [ 5.0, 4.7, 0.5 ],
							"rotationZ": -25.0,
							"faces": {
								"north": { "texture": "#plain", "uv": [ 0.0, 0.0, 1.0, 1.0 ] },
								"east": { "texture": "#plain", "uv": [ 0.0, 0.0, 1.0, 1.0 ] },
								"south": { "texture": "#plain", "uv": [ 0.0, 0.0, 1.0, 1.0 ] },
								"west": { "texture": "#plain", "uv": [ 0.0, 0.0, 1.0, 1.0 ] },
								"up": { "texture": "#plain", "uv": [ 0.0, 0.0, 1.0, 1.0 ] },
								"down": { "texture": "#plain", "uv": [ 0.0, 0.0, 1.0, 1.0 ] }
							},
							"children": [
								{
									"name": "RHornVStrapTop",
									"from": [ 0.8, 0.2, 0.1 ],
									"to": [ 4.8, 1.2, 1.1 ],
									"rotationOrigin": [ 0.8, 0.2, 0.1 ],
									"rotationZ": -14.0,
									"faces": {
										"north": { "texture": "#plain", "uv": [ 0.0, 0.0, 4.0, 1.0 ] },
										"east": { "texture": "#plain", "uv": [ 0.0, 0.0, 1.0, 1.0 ] },
										"south": { "texture": "#plain", "uv": [ 0.0, 0.0, 4.0, 1.0 ] },
										"west": { "texture": "#plain", "uv": [ 0.0, 0.0, 1.0, 1.0 ] },
										"up": { "texture": "#plain", "uv": [ 0.0, 0.0, 4.0, 1.0 ] },
										"down": { "texture": "#plain", "uv": [ 0.0, 0.0, 4.0, 1.0 ] }
									}
								}
							]
						},
						{
							"name": "RHornReinVBuckle",
							"from": [ 7.3, 1.4, -0.25 ],
							"to": [ 8.9, 3.0, 1.35 ],
							"rotationOrigin": [ 7.3, 1.4, -0.3 ],
							"rotationZ": 10.0,
							"faces": {
								"north": { "texture": "#tinbronze1", "uv": [ 0.0, 0.0, 1.5, 1.5 ] },
								"east": { "texture": "#tinbronze1", "uv": [ 0.0, 0.0, 1.5, 1.5 ] },
								"south": { "texture": "#tinbronze1", "uv": [ 0.0, 0.0, 1.5, 1.5 ] },
								"west": { "texture": "#tinbronze1", "uv": [ 0.0, 0.0, 1.5, 1.5 ] },
								"up": { "texture": "#tinbronze1", "uv": [ 0.0, 0.0, 1.5, 1.5 ] },
								"down": { "texture": "#tinbronze1", "uv": [ 0.0, 0.0, 1.5, 1.5 ] }
							},
							"children": [
								{
									"name": "RightVRein1",
									"from": [ 0.3, 0.3, 0.25 ],
									"to": [ 10.3, 1.3, 1.25 ],
									"rotationOrigin": [ 0.8, 0.8, 0.7 ],
									"rotationY": -1.0,
									"rotationZ": -9.0,
									"faces": {
										"north": { "texture": "#plain", "uv": [ 0.0, 0.0, 10.0, 1.0 ] },
										"east": { "texture": "#plain", "uv": [ 0.0, 0.0, 1.0, 1.0 ] },
										"south": { "texture": "#plain", "uv": [ 0.0, 0.0, 10.0, 1.0 ] },
										"west": { "texture": "#plain", "uv": [ 0.0, 0.0, 1.0, 1.0 ] },
										"up": { "texture": "#plain", "uv": [ 0.0, 0.0, 10.0, 1.0 ] },
										"down": { "texture": "#plain", "uv": [ 0.0, 0.0, 10.0, 1.0 ] }
									},
									"children": [
										{
											"name": "RightVRein2",
											"from": [ 9.5, 0.0, 0.0 ],
											"to": [ 24.5, 1.0, 1.0 ],
											"rotationOrigin": [ 10.0, 0.5, 0.5 ],
											"rotationY": -1.0,
											"rotationZ": 17.0,
											"faces": {
												"north": { "texture": "#plain", "uv": [ 0.0, 0.0, 15.0, 1.0 ] },
												"east": { "texture": "#plain", "uv": [ 0.0, 0.0, 1.0, 1.0 ] },
												"south": { "texture": "#plain", "uv": [ 0.0, 0.0, 15.0, 1.0 ] },
												"west": { "texture": "#plain", "uv": [ 0.0, 0.0, 1.0, 1.0 ] },
												"up": { "texture": "#plain", "uv": [ 0.0, 0.0, 15.0, 1.0 ] },
												"down": { "texture": "#plain", "uv": [ 0.0, 0.0, 15.0, 1.0 ] }
											},
											"children": [
												{
													"name": "RightVRein3",
													"from": [ 14.0, 0.0, 0.0 ],
													"to": [ 21.0, 1.0, 1.0 ],
													"rotationOrigin": [ 14.5, 0.5, 0.5 ],
													"rotationY": -25.0,
													"faces": {
														"north": { "texture": "#plain", "uv": [ 0.0, 0.0, 7.0, 1.0 ] },
														"east": { "texture": "#plain", "uv": [ 0.0, 0.0, 1.0, 1.0 ] },
														"south": { "texture": "#plain", "uv": [ 0.0, 0.0, 7.0, 1.0 ] },
														"west": { "texture": "#plain", "uv": [ 0.0, 0.0, 1.0, 1.0 ] },
														"up": { "texture": "#plain", "uv": [ 0.0, 0.0, 7.0, 1.0 ] },
														"down": { "texture": "#plain", "uv": [ 0.0, 0.0, 7.0, 1.0 ] }
													},
													"children": [
														{
															"name": "ReinHandle",
															"from": [ 6.0, 0.0, 0.0 ],
															"to": [ 17.0, 1.0, 1.0 ],
															"rotationOrigin": [ 6.5, 0.5, 0.5 ],
															"rotationY": -63.0,
															"faces": {
																"north": { "texture": "#oak", "uv": [ 0.0, 0.0, 11.0, 1.0 ] },
																"east": { "texture": "#oak", "uv": [ 0.0, 0.0, 1.0, 1.0 ] },
																"south": { "texture": "#oak", "uv": [ 0.0, 0.0, 11.0, 1.0 ] },
																"west": { "texture": "#oak", "uv": [ 0.0, 0.0, 1.0, 1.0 ] },
																"up": { "texture": "#oak", "uv": [ 0.0, 0.0, 11.0, 1.0 ] },
																"down": { "texture": "#oak", "uv": [ 0.0, 0.0, 11.0, 1.0 ] }
															}
														}
													]
												}
											]
										}
									]
								}
							]
						}
					]
				}
			]
		}
	]}