{
	"editor": {
		"backDropShape": "entity/land/bird/ostrich",
		"collapsedPaths": "Root/ORIGINBridle/NeckLoop1/NeckLoopKnotR,Root/ORIGINBridle/NeckLoop1/NeckLoopKnotL,Root/ORIGINBridle/MouthLoop,Root/ORIGINBridle/NeckLoop1",
		"allAngles": false,
		"entityTextureMode": false
	},
	"textureWidth": 16,
	"textureHeight": 16,
	"textureSizes": {
	},
	"textures": {
		"tinbronze1": "game:block/metal/sheet-plain/tinbronze1",
		"ostrichsaddle": "items/ostrichsaddle"
	},
	"elements": [
		{
			"name": "ORIGINBridle",
			"stepParentName": "mouth",
			"from": [ 0.0, 0.0, 0.0 ],
			"to": [ 0.0, 0.0, 0.0 ],
			"rotationOrigin": [ 1.0, 0.0, 1.2 ],
			"rotationZ": -23.0,
			"faces": {
				"north": { "texture": "#ostrichsaddle", "uv": [ 0.0, 0.0, 0.5, 0.5 ], "enabled": false },
				"east": { "texture": "#ostrichsaddle", "uv": [ 0.0, 0.0, 0.5, 0.5 ], "enabled": false },
				"south": { "texture": "#ostrichsaddle", "uv": [ 0.0, 0.0, 0.5, 0.5 ], "enabled": false },
				"west": { "texture": "#ostrichsaddle", "uv": [ 0.0, 0.0, 0.5, 0.5 ], "enabled": false },
				"up": { "texture": "#ostrichsaddle", "uv": [ 0.0, 0.0, 0.5, 0.5 ], "enabled": false },
				"down": { "texture": "#ostrichsaddle", "uv": [ 0.0, 0.0, 0.5, 0.5 ], "enabled": false }
			},
			"children": [
				{
					"name": "MouthLoop",
					"from": [ 0.7861, -1.2232, -0.4 ],
					"to": [ 1.2861, 1.3768, 2.8 ],
					"rotationOrigin": [ 0.9861, -0.2232, 1.3 ],
					"faces": {
						"north": { "texture": "#ostrichsaddle", "uv": [ 11.75, 2.0, 12.25, 4.5 ] },
						"east": { "texture": "#ostrichsaddle", "uv": [ 11.5, 2.25, 14.5, 4.75 ] },
						"south": { "texture": "#ostrichsaddle", "uv": [ 12.5, 2.0, 13.0, 4.5 ] },
						"west": { "texture": "#ostrichsaddle", "uv": [ 11.75, 2.0, 14.75, 4.5 ] },
						"up": { "texture": "#ostrichsaddle", "uv": [ 12.5, 2.0, 13.0, 5.0 ] },
						"down": { "texture": "#ostrichsaddle", "uv": [ 12.25, 1.75, 12.75, 4.75 ] }
					},
					"children": [
						{
							"name": "MouthLoopBuckleR",
							"from": [ 0.1, -0.3, -0.3 ],
							"to": [ 0.7, 0.3, 0.3 ],
							"rotationOrigin": [ 0.4, 0.0, 0.0 ],
							"faces": {
								"north": { "texture": "#tinbronze1", "uv": [ 0.0, 0.0, 0.5, 0.5 ] },
								"east": { "texture": "#tinbronze1", "uv": [ 0.0, 0.0, 0.5, 0.5 ] },
								"south": { "texture": "#tinbronze1", "uv": [ 0.0, 0.0, 0.5, 0.5 ] },
								"west": { "texture": "#tinbronze1", "uv": [ 0.0, 0.0, 0.5, 0.5 ] },
								"up": { "texture": "#tinbronze1", "uv": [ 0.0, 0.0, 0.5, 0.5 ] },
								"down": { "texture": "#tinbronze1", "uv": [ 0.0, 0.0, 0.5, 0.5 ] }
							},
							"children": [
								{
									"name": "MouthNeckKnotStrapR1",
									"from": [ 0.05, -0.9, 0.05 ],
									"to": [ 0.55, 0.1, 0.55 ],
									"rotationOrigin": [ 0.3, 0.1, 0.3 ],
									"faces": {
										"north": { "texture": "#ostrichsaddle", "uv": [ 13.5, 3.0, 14.0, 4.0 ] },
										"east": { "texture": "#ostrichsaddle", "uv": [ 12.5, 2.5, 13.0, 3.5 ] },
										"south": { "texture": "#ostrichsaddle", "uv": [ 10.75, 2.5, 11.25, 3.5 ] },
										"west": { "texture": "#ostrichsaddle", "uv": [ 10.75, 3.25, 11.25, 4.25 ] },
										"up": { "texture": "#ostrichsaddle", "uv": [ 11.75, 2.75, 12.25, 3.25 ] },
										"down": { "texture": "#ostrichsaddle", "uv": [ 12.0, 2.5, 12.5, 3.0 ] }
									}
								}
							]
						},
						{
							"name": "MouthLoopBuckleL",
							"from": [ 0.1, -0.3, 3.0 ],
							"to": [ 0.7, 0.3, 3.6 ],
							"rotationOrigin": [ 0.4, 0.0, 3.3 ],
							"faces": {
								"north": { "texture": "#tinbronze1", "uv": [ 0.0, 0.0, 0.5, 0.5 ] },
								"east": { "texture": "#tinbronze1", "uv": [ 0.0, 0.0, 0.5, 0.5 ] },
								"south": { "texture": "#tinbronze1", "uv": [ 0.0, 0.0, 0.5, 0.5 ] },
								"west": { "texture": "#tinbronze1", "uv": [ 0.0, 0.0, 0.5, 0.5 ] },
								"up": { "texture": "#tinbronze1", "uv": [ 0.0, 0.0, 0.5, 0.5 ] },
								"down": { "texture": "#tinbronze1", "uv": [ 0.0, 0.0, 0.5, 0.5 ] }
							},
							"children": [
								{
									"name": "MouthNeckKnotStrapL",
									"from": [ 0.05, -0.9, 0.05 ],
									"to": [ 0.55, 0.1, 0.55 ],
									"rotationOrigin": [ 0.3, 0.1, 0.3 ],
									"faces": {
										"north": { "texture": "#ostrichsaddle", "uv": [ 10.75, 2.5, 11.25, 3.5 ] },
										"east": { "texture": "#ostrichsaddle", "uv": [ 13.0, 2.75, 13.5, 3.75 ] },
										"south": { "texture": "#ostrichsaddle", "uv": [ 11.25, 2.5, 11.75, 3.5 ] },
										"west": { "texture": "#ostrichsaddle", "uv": [ 12.75, 3.25, 13.25, 4.25 ] },
										"up": { "texture": "#ostrichsaddle", "uv": [ 12.25, 2.5, 12.75, 3.0 ] },
										"down": { "texture": "#ostrichsaddle", "uv": [ 12.25, 2.75, 12.75, 3.25 ] }
									}
								}
							]
						}
					]
				},
				{
					"name": "NeckLoop1",
					"from": [ 2.79, -4.22, -0.4 ],
					"to": [ 3.29, 0.18, 2.8 ],
					"rotationOrigin": [ 2.9861, -3.2232, 1.3 ],
					"rotationZ": -90.0,
					"faces": {
						"north": { "texture": "#ostrichsaddle", "uv": [ 13.5, 2.0, 14.0, 4.5 ], "autoUv": false },
						"east": { "texture": "#ostrichsaddle", "uv": [ 11.25, 2.25, 13.75, 4.25 ], "autoUv": false },
						"south": { "texture": "#ostrichsaddle", "uv": [ 12.75, 2.25, 13.25, 4.25 ], "autoUv": false },
						"west": { "texture": "#ostrichsaddle", "uv": [ 12.0, 2.25, 14.25, 4.5 ], "autoUv": false },
						"up": { "texture": "#ostrichsaddle", "uv": [ 13.0, 2.25, 13.5, 3.75 ], "autoUv": false },
						"down": { "texture": "#ostrichsaddle", "uv": [ 12.0, 2.25, 12.5, 4.25 ], "autoUv": false }
					},
					"children": [
						{
							"name": "NeckLoopBuckleR",
							"from": [ -0.2, -0.3, -0.3 ],
							"to": [ 0.4, 0.3, 0.3 ],
							"rotationOrigin": [ 0.1, 0.0, 0.0 ],
							"rotationZ": -18.0,
							"faces": {
								"north": { "texture": "#tinbronze1", "uv": [ 0.0, 0.0, 0.5, 0.5 ] },
								"east": { "texture": "#tinbronze1", "uv": [ 0.0, 0.0, 0.5, 0.5 ] },
								"south": { "texture": "#tinbronze1", "uv": [ 0.0, 0.0, 0.5, 0.5 ] },
								"west": { "texture": "#tinbronze1", "uv": [ 0.0, 0.0, 0.5, 0.5 ] },
								"up": { "texture": "#tinbronze1", "uv": [ 0.0, 0.0, 0.5, 0.5 ] },
								"down": { "texture": "#tinbronze1", "uv": [ 0.0, 0.0, 0.5, 0.5 ] }
							},
							"children": [
								{
									"name": "MouthNeckKnotStrapR2",
									"from": [ 0.0, -1.0, 0.1 ],
									"to": [ 0.5, 0.2, 0.5 ],
									"rotationOrigin": [ 0.2961, -0.0032, 0.3 ],
									"rotationZ": -35.0,
									"faces": {
										"north": { "texture": "#ostrichsaddle", "uv": [ 11.75, 2.25, 12.25, 3.25 ] },
										"east": { "texture": "#ostrichsaddle", "uv": [ 12.75, 2.5, 13.0, 3.5 ] },
										"south": { "texture": "#ostrichsaddle", "uv": [ 12.75, 3.0, 13.25, 4.0 ] },
										"west": { "texture": "#ostrichsaddle", "uv": [ 12.25, 2.75, 12.5, 3.75 ] },
										"up": { "texture": "#ostrichsaddle", "uv": [ 11.5, 2.75, 12.0, 3.0 ] },
										"down": { "texture": "#ostrichsaddle", "uv": [ 11.0, 3.0, 11.5, 3.25 ] }
									}
								},
								{
									"name": "NeckReinR1",
									"from": [ 0.2, 0.3, 0.1 ],
									"to": [ 0.7, 8.3, 0.5 ],
									"rotationOrigin": [ 0.5, 0.3, 0.3 ],
									"rotationZ": -59.0,
									"faces": {
										"north": { "texture": "#ostrichsaddle", "uv": [ 12.25, 2.0, 12.75, 4.75 ], "autoUv": false },
										"east": { "texture": "#ostrichsaddle", "uv": [ 12.75, 4.5, 13.25, 2.25 ], "autoUv": false },
										"south": { "texture": "#ostrichsaddle", "uv": [ 12.5, 2.0, 13.0, 4.5 ], "autoUv": false },
										"west": { "texture": "#ostrichsaddle", "uv": [ 12.25, 2.0, 12.75, 4.75 ], "autoUv": false },
										"up": { "texture": "#ostrichsaddle", "uv": [ 11.0, 3.25, 11.5, 3.5 ] },
										"down": { "texture": "#ostrichsaddle", "uv": [ 10.5, 3.25, 11.0, 3.5 ] }
									},
									"children": [
										{
											"name": "ReinKnotR",
											"from": [ -0.04, 7.6, -0.1 ],
											"to": [ 0.56, 8.2, 0.5 ],
											"rotationOrigin": [ 0.2586, 7.9, 0.2 ],
											"rotationZ": 31.0,
											"faces": {
												"north": { "texture": "#ostrichsaddle", "uv": [ 14.5, 2.75, 15.0, 3.25 ] },
												"east": { "texture": "#ostrichsaddle", "uv": [ 12.5, 2.75, 13.0, 3.25 ] },
												"south": { "texture": "#ostrichsaddle", "uv": [ 12.25, 2.75, 12.75, 3.25 ] },
												"west": { "texture": "#ostrichsaddle", "uv": [ 13.0, 3.25, 13.5, 3.75 ] },
												"up": { "texture": "#ostrichsaddle", "uv": [ 11.75, 3.25, 12.25, 3.75 ] },
												"down": { "texture": "#ostrichsaddle", "uv": [ 13.0, 3.5, 13.5, 4.0 ] }
											},
											"children": [
												{
													"name": "NeckReinR2",
													"from": [ 0.1212, 0.2272, 0.1 ],
													"to": [ 0.6212, 6.2272, 0.5 ],
													"rotationOrigin": [ 0.4212, 0.2272, 0.3 ],
													"rotationZ": 14.0,
													"faces": {
														"north": { "texture": "#ostrichsaddle", "uv": [ 12.75, 2.25, 13.25, 4.5 ], "autoUv": false },
														"east": { "texture": "#ostrichsaddle", "uv": [ 12.25, 2.0, 12.75, 4.75 ], "autoUv": false },
														"south": { "texture": "#ostrichsaddle", "uv": [ 12.5, 2.25, 13.0, 5.0 ], "autoUv": false },
														"west": { "texture": "#ostrichsaddle", "uv": [ 12.75, 2.0, 13.25, 5.0 ], "autoUv": false },
														"up": { "texture": "#ostrichsaddle", "uv": [ 12.0, 2.75, 12.5, 3.0 ] },
														"down": { "texture": "#ostrichsaddle", "uv": [ 13.25, 3.75, 13.75, 4.0 ] }
													},
													"children": [
														{
															"name": "ReinHandleR",
															"from": [ 0.0, 5.6, 0.0 ],
															"to": [ 0.6, 6.2, 2.2 ],
															"rotationOrigin": [ 0.3, 5.9, 0.0 ],
															"rotationX": -23.5,
															"rotationZ": 0.5,
															"faces": {
																"north": { "texture": "#ostrichsaddle", "uv": [ 8.75, 1.75, 9.25, 2.25 ] },
																"east": { "texture": "#ostrichsaddle", "uv": [ 8.75, 3.0, 9.25, 5.0 ], "rotation": 90 },
																"south": { "texture": "#ostrichsaddle", "uv": [ 8.75, 2.5, 9.25, 3.0 ] },
																"west": { "texture": "#ostrichsaddle", "uv": [ 8.75, 3.75, 9.25, 5.75 ], "rotation": 90 },
																"up": { "texture": "#ostrichsaddle", "uv": [ 8.75, 3.0, 9.25, 5.0 ] },
																"down": { "texture": "#ostrichsaddle", "uv": [ 9.0, 4.0, 9.5, 6.0 ] }
															}
														}
													]
												}
											]
										}
									]
								}
							]
						},
						{
							"name": "NeckLoopBuckleL",
							"from": [ -0.2, -0.3, 3.0 ],
							"to": [ 0.4, 0.3, 3.6 ],
							"rotationOrigin": [ 0.1, 0.0, 3.3 ],
							"rotationZ": -18.0,
							"faces": {
								"north": { "texture": "#tinbronze1", "uv": [ 0.0, 0.0, 0.5, 0.5 ] },
								"east": { "texture": "#tinbronze1", "uv": [ 0.0, 0.0, 0.5, 0.5 ] },
								"south": { "texture": "#tinbronze1", "uv": [ 0.0, 0.0, 0.5, 0.5 ] },
								"west": { "texture": "#tinbronze1", "uv": [ 0.0, 0.0, 0.5, 0.5 ] },
								"up": { "texture": "#tinbronze1", "uv": [ 0.0, 0.0, 0.5, 0.5 ] },
								"down": { "texture": "#tinbronze1", "uv": [ 0.0, 0.0, 0.5, 0.5 ] }
							},
							"children": [
								{
									"name": "MouthNeckKnotStrapL2",
									"from": [ 0.0, -1.0, 0.1 ],
									"to": [ 0.5, 0.2, 0.5 ],
									"rotationOrigin": [ 0.2961, -0.0032, 0.3 ],
									"rotationZ": -35.0,
									"faces": {
										"north": { "texture": "#ostrichsaddle", "uv": [ 12.25, 2.5, 12.75, 3.5 ] },
										"east": { "texture": "#ostrichsaddle", "uv": [ 11.75, 3.0, 12.0, 4.0 ] },
										"south": { "texture": "#ostrichsaddle", "uv": [ 11.75, 3.25, 12.25, 4.25 ] },
										"west": { "texture": "#ostrichsaddle", "uv": [ 10.5, 2.5, 10.75, 3.5 ] },
										"up": { "texture": "#ostrichsaddle", "uv": [ 13.75, 3.5, 14.25, 3.75 ] },
										"down": { "texture": "#ostrichsaddle", "uv": [ 12.0, 3.25, 12.5, 3.5 ] }
									}
								},
								{
									"name": "NeckReinL1",
									"from": [ 0.2, 0.3, 0.1 ],
									"to": [ 0.7, 8.3, 0.5 ],
									"rotationOrigin": [ 0.5, 0.3, 0.3 ],
									"rotationZ": -59.0,
									"faces": {
										"north": { "texture": "#ostrichsaddle", "uv": [ 12.0, 2.0, 12.5, 4.75 ], "autoUv": false },
										"east": { "texture": "#ostrichsaddle", "uv": [ 12.0, 2.0, 12.5, 4.5 ], "autoUv": false },
										"south": { "texture": "#ostrichsaddle", "uv": [ 12.5, 2.0, 13.0, 4.25 ], "autoUv": false },
										"west": { "texture": "#ostrichsaddle", "uv": [ 11.75, 2.0, 12.25, 5.0 ], "autoUv": false },
										"up": { "texture": "#ostrichsaddle", "uv": [ 12.0, 3.5, 12.5, 3.75 ] },
										"down": { "texture": "#ostrichsaddle", "uv": [ 12.25, 3.25, 12.75, 3.5 ] }
									},
									"children": [
										{
											"name": "ReinKnotL",
											"from": [ -0.04, 7.6, -0.1 ],
											"to": [ 0.56, 8.2, 0.5 ],
											"rotationOrigin": [ 0.2586, 7.9, 0.2 ],
											"rotationZ": 31.0,
											"faces": {
												"north": { "texture": "#ostrichsaddle", "uv": [ 12.0, 3.25, 12.5, 3.75 ] },
												"east": { "texture": "#ostrichsaddle", "uv": [ 12.5, 3.25, 13.0, 3.75 ] },
												"south": { "texture": "#ostrichsaddle", "uv": [ 11.75, 3.5, 12.25, 4.0 ] },
												"west": { "texture": "#ostrichsaddle", "uv": [ 10.75, 3.25, 11.25, 3.75 ] },
												"up": { "texture": "#ostrichsaddle", "uv": [ 12.75, 3.5, 13.25, 4.0 ] },
												"down": { "texture": "#ostrichsaddle", "uv": [ 13.25, 3.0, 13.75, 3.5 ] }
											},
											"children": [
												{
													"name": "NeckReinL2",
													"from": [ 0.1212, 0.2272, 0.1 ],
													"to": [ 0.6212, 6.2272, 0.5 ],
													"rotationOrigin": [ 0.4212, 0.2272, 0.3 ],
													"rotationZ": 14.0,
													"faces": {
														"north": { "texture": "#ostrichsaddle", "uv": [ 12.0, 2.0, 12.5, 4.5 ], "autoUv": false },
														"east": { "texture": "#ostrichsaddle", "uv": [ 11.75, 2.25, 12.25, 4.5 ], "autoUv": false },
														"south": { "texture": "#ostrichsaddle", "uv": [ 12.0, 2.5, 12.5, 4.5 ], "autoUv": false },
														"west": { "texture": "#ostrichsaddle", "uv": [ 12.25, 2.0, 12.75, 5.0 ], "autoUv": false },
														"up": { "texture": "#ostrichsaddle", "uv": [ 13.75, 3.25, 14.25, 3.5 ] },
														"down": { "texture": "#ostrichsaddle", "uv": [ 11.0, 3.0, 11.5, 3.25 ] }
													},
													"children": [
														{
															"name": "ReinHandleL",
															"from": [ 0.0, 5.6, 0.5 ],
															"to": [ 0.6, 6.2, 2.7 ],
															"rotationOrigin": [ 0.3, 5.9, 0.5 ],
															"rotationX": -156.5,
															"rotationY": 0.0,
															"rotationZ": 0.5,
															"faces": {
																"north": { "texture": "#ostrichsaddle", "uv": [ 8.75, 3.5, 9.25, 4.0 ] },
																"east": { "texture": "#ostrichsaddle", "uv": [ 8.75, 2.5, 9.25, 4.5 ], "rotation": 90 },
																"south": { "texture": "#ostrichsaddle", "uv": [ 8.75, 4.0, 9.25, 4.5 ] },
																"west": { "texture": "#ostrichsaddle", "uv": [ 8.75, 4.0, 9.25, 6.0 ], "rotation": 90 },
																"up": { "texture": "#ostrichsaddle", "uv": [ 9.0, 3.5, 9.5, 5.5 ] },
																"down": { "texture": "#ostrichsaddle", "uv": [ 8.75, 3.75, 9.25, 5.75 ] }
															}
														}
													]
												}
											]
										}
									]
								}
							]
						}
					]
				}
			]
		}
	]}