{
	"editor": {
		"backDropShape": "game:seraph",
		"allAngles": false,
		"entityTextureMode": false
	},
	"textureWidth": 16,
	"textureHeight": 16,
	"textureSizes": {
	},
	"textures": {
		"hunteroutfitskin1": "items/armor/hunteroutfitskin1"
	},
	"elements": [
		{
			"name": "armortop",
			"stepParentName": "UpperTorso",
			"from": [ -0.3, 4.7, -1.5 ],
			"to": [ 5.2, 5.6, 1.5 ],
			"rotationOrigin": [ 2.0, 5.0, 3.0 ],
			"rotationZ": 2.0,
			"faces": {
				"north": { "texture": "#hunteroutfitskin1", "uv": [ 1.5, 0.5, 2.25, 6.0 ], "rotation": 90 },
				"east": { "texture": "#hunteroutfitskin1", "uv": [ 0.75, 1.0, 3.75, 1.75 ] },
				"south": { "texture": "#hunteroutfitskin1", "uv": [ 0.25, 1.0, 5.75, 1.75 ] },
				"west": { "texture": "#hunteroutfitskin1", "uv": [ 0.25, 0.5, 3.25, 1.25 ] },
				"up": { "texture": "#hunteroutfitskin1", "uv": [ 0.75, 0.5, 6.25, 3.5 ] },
				"down": { "texture": "#hunteroutfitskin1", "uv": [ 0.25, 0.5, 5.75, 3.5 ] }
			},
			"children": [
				{
					"name": "Cube38",
					"from": [ -0.3, -2.0, 1.0 ],
					"to": [ 0.2, 0.0, 4.0 ],
					"rotationOrigin": [ 0.3, 0.0, 3.0 ],
					"faces": {
						"north": { "texture": "#hunteroutfitskin1", "uv": [ 0.75, 0.5, 1.25, 2.5 ] },
						"east": { "texture": "#hunteroutfitskin1", "uv": [ 0.5, 0.25, 3.5, 2.25 ] },
						"south": { "texture": "#hunteroutfitskin1", "uv": [ 0.25, 0.25, 0.75, 2.25 ] },
						"west": { "texture": "#hunteroutfitskin1", "uv": [ 0.25, 0.25, 3.25, 2.25 ] },
						"up": { "texture": "#hunteroutfitskin1", "uv": [ 0.25, 0.25, 0.75, 3.25 ] },
						"down": { "texture": "#hunteroutfitskin1", "uv": [ 0.25, 0.75, 0.75, 3.75 ] }
					}
				},
				{
					"name": "Cube39",
					"from": [ -0.3, -2.0, 5.5 ],
					"to": [ 0.2, 0.0, 8.5 ],
					"rotationOrigin": [ 0.3, 0.0, 7.0 ],
					"faces": {
						"north": { "texture": "#hunteroutfitskin1", "uv": [ 0.25, 0.75, 0.75, 2.75 ] },
						"east": { "texture": "#hunteroutfitskin1", "uv": [ 0.25, 0.5, 3.25, 2.5 ] },
						"south": { "texture": "#hunteroutfitskin1", "uv": [ 0.5, 0.25, 1.0, 2.25 ] },
						"west": { "texture": "#hunteroutfitskin1", "uv": [ 0.25, 0.75, 3.25, 2.75 ] },
						"up": { "texture": "#hunteroutfitskin1", "uv": [ 0.75, 0.25, 1.25, 3.25 ] },
						"down": { "texture": "#hunteroutfitskin1", "uv": [ 0.25, 0.75, 0.75, 3.75 ] }
					},
					"children": [
						{
							"name": "Cube40",
							"from": [ -0.01, 1.5, 0.2 ],
							"to": [ 0.69, 3.0, 1.2 ],
							"rotationOrigin": [ 1.0, 2.0, 0.5 ],
							"rotationX": 45.0,
							"faces": {
								"north": { "texture": "#hunteroutfitskin1", "uv": [ 1.0, 0.75, 1.5, 2.25 ] },
								"east": { "texture": "#hunteroutfitskin1", "uv": [ 0.25, 0.25, 1.25, 1.75 ] },
								"south": { "texture": "#hunteroutfitskin1", "uv": [ 0.25, 0.75, 0.75, 2.25 ] },
								"west": { "texture": "#hunteroutfitskin1", "uv": [ 0.5, 0.75, 1.5, 2.25 ] },
								"up": { "texture": "#hunteroutfitskin1", "uv": [ 0.25, 0.75, 0.75, 1.75 ] },
								"down": { "texture": "#hunteroutfitskin1", "uv": [ 1.0, 0.5, 1.5, 1.5 ] }
							}
						},
						{
							"name": "Cube41",
							"from": [ -0.01, 1.35, -2.35 ],
							"to": [ 0.69, 2.85, -1.35 ],
							"rotationOrigin": [ 1.0, 1.5, -2.0 ],
							"rotationX": -45.0,
							"faces": {
								"north": { "texture": "#hunteroutfitskin1", "uv": [ 0.5, 0.5, 1.0, 2.0 ] },
								"east": { "texture": "#hunteroutfitskin1", "uv": [ 0.25, 0.75, 1.25, 2.25 ] },
								"south": { "texture": "#hunteroutfitskin1", "uv": [ 0.5, 0.25, 1.0, 1.75 ] },
								"west": { "texture": "#hunteroutfitskin1", "uv": [ 0.25, 1.0, 1.25, 2.5 ] },
								"up": { "texture": "#hunteroutfitskin1", "uv": [ 0.5, 0.25, 1.0, 1.25 ] },
								"down": { "texture": "#hunteroutfitskin1", "uv": [ 0.5, 0.5, 1.0, 1.5 ] }
							}
						},
						{
							"name": "Cube42",
							"from": [ 0.05, -1.5, -2.5 ],
							"to": [ 0.55, 0.0, -1.5 ],
							"rotationOrigin": [ 1.0, -0.5, -1.8 ],
							"faces": {
								"north": { "texture": "#hunteroutfitskin1", "uv": [ 1.0, 1.0, 1.5, 2.5 ] },
								"east": { "texture": "#hunteroutfitskin1", "uv": [ 2.25, 1.25, 3.25, 2.75 ] },
								"south": { "texture": "#hunteroutfitskin1", "uv": [ 0.5, 0.75, 1.0, 2.25 ] },
								"west": { "texture": "#hunteroutfitskin1", "uv": [ 5.0, 1.0, 6.5, 2.0 ], "rotation": 90 },
								"up": { "texture": "#hunteroutfitskin1", "uv": [ 0.25, 0.5, 0.75, 1.5 ] },
								"down": { "texture": "#hunteroutfitskin1", "uv": [ 7.0, 0.75, 7.5, 1.75 ] }
							}
						},
						{
							"name": "Cube43",
							"from": [ 0.05, -1.5, 0.0 ],
							"to": [ 0.55, 0.0, 1.0 ],
							"rotationOrigin": [ 1.0, -0.5, 0.2 ],
							"faces": {
								"north": { "texture": "#hunteroutfitskin1", "uv": [ 0.25, 1.0, 0.75, 2.5 ] },
								"east": { "texture": "#hunteroutfitskin1", "uv": [ 0.5, 0.5, 1.5, 2.0 ] },
								"south": { "texture": "#hunteroutfitskin1", "uv": [ 0.75, 1.25, 1.25, 2.75 ] },
								"west": { "texture": "#hunteroutfitskin1", "uv": [ 5.0, 1.0, 6.5, 2.0 ], "rotation": 90 },
								"up": { "texture": "#hunteroutfitskin1", "uv": [ 2.0, 1.25, 2.5, 2.25 ] },
								"down": { "texture": "#hunteroutfitskin1", "uv": [ 6.75, 0.5, 7.25, 1.5 ] }
							}
						}
					]
				},
				{
					"name": "Cube29",
					"from": [ 3.8, 0.2, -1.0 ],
					"to": [ 5.2, 0.7, 2.0 ],
					"rotationOrigin": [ 4.0, -0.6, 1.0 ],
					"rotationX": -40.0,
					"rotationZ": -67.5,
					"faces": {
						"north": { "texture": "#hunteroutfitskin1", "uv": [ 0.5, 0.75, 1.75, 1.25 ] },
						"east": { "texture": "#hunteroutfitskin1", "uv": [ 0.5, 1.0, 3.5, 1.5 ] },
						"south": { "texture": "#hunteroutfitskin1", "uv": [ 1.5, 0.5, 2.75, 1.0 ] },
						"west": { "texture": "#hunteroutfitskin1", "uv": [ 0.5, 1.0, 3.5, 1.5 ] },
						"up": { "texture": "#hunteroutfitskin1", "uv": [ 0.5, 0.75, 1.75, 3.75 ] },
						"down": { "texture": "#hunteroutfitskin1", "uv": [ 0.75, 0.75, 2.0, 3.75 ] }
					}
				},
				{
					"name": "Cube48",
					"from": [ 4.3, -0.8, 7.1 ],
					"to": [ 5.7, -0.3, 10.1 ],
					"rotationOrigin": [ 5.0, -0.6, 8.0 ],
					"rotationX": 36.0,
					"rotationZ": -67.5,
					"faces": {
						"north": { "texture": "#hunteroutfitskin1", "uv": [ 0.75, 1.0, 2.0, 1.5 ] },
						"east": { "texture": "#hunteroutfitskin1", "uv": [ 0.5, 1.0, 3.5, 1.5 ] },
						"south": { "texture": "#hunteroutfitskin1", "uv": [ 0.75, 0.75, 2.0, 1.25 ] },
						"west": { "texture": "#hunteroutfitskin1", "uv": [ 1.0, 0.75, 4.0, 1.25 ] },
						"up": { "texture": "#hunteroutfitskin1", "uv": [ 0.75, 0.25, 2.0, 3.25 ] },
						"down": { "texture": "#hunteroutfitskin1", "uv": [ 0.75, 1.25, 2.0, 4.25 ] }
					}
				},
				{
					"name": "Cube35",
					"from": [ 1.0, 0.0, -1.0 ],
					"to": [ 5.0, 0.9, 2.0 ],
					"rotationOrigin": [ 2.8, -0.1, 2.0 ],
					"rotationX": -22.5,
					"faces": {
						"north": { "texture": "#hunteroutfitskin1", "uv": [ 0.5, 0.5, 4.5, 1.25 ] },
						"east": { "texture": "#hunteroutfitskin1", "uv": [ 0.5, 0.75, 3.5, 1.5 ] },
						"south": { "texture": "#hunteroutfitskin1", "uv": [ 0.5, 0.75, 4.5, 1.5 ] },
						"west": { "texture": "#hunteroutfitskin1", "uv": [ 1.0, 0.75, 4.0, 1.5 ] },
						"up": { "texture": "#hunteroutfitskin1", "uv": [ 0.25, 0.25, 4.25, 3.25 ] },
						"down": { "texture": "#hunteroutfitskin1", "uv": [ 0.5, 0.5, 4.5, 3.5 ] }
					}
				},
				{
					"name": "Cube36",
					"from": [ 1.2, -0.7, -1.0 ],
					"to": [ 4.8, 0.2, 2.0 ],
					"rotationOrigin": [ 2.8, -1.1, 2.0 ],
					"rotationX": -31.0,
					"faces": {
						"north": { "texture": "#hunteroutfitskin1", "uv": [ 0.25, 0.5, 3.75, 1.25 ] },
						"east": { "texture": "#hunteroutfitskin1", "uv": [ 0.5, 0.5, 3.5, 1.25 ] },
						"south": { "texture": "#hunteroutfitskin1", "uv": [ 1.25, 0.75, 4.75, 1.5 ] },
						"west": { "texture": "#hunteroutfitskin1", "uv": [ 0.25, 0.75, 3.25, 1.5 ] },
						"up": { "texture": "#hunteroutfitskin1", "uv": [ 0.25, 0.25, 3.75, 3.25 ] },
						"down": { "texture": "#hunteroutfitskin1", "uv": [ 0.5, 0.25, 4.0, 3.25 ] }
					}
				},
				{
					"name": "Cube37",
					"from": [ 0.0, 0.0, 6.5 ],
					"to": [ 5.5, 0.9, 9.5 ],
					"rotationOrigin": [ 2.8, -0.1, 6.1 ],
					"faces": {
						"north": { "texture": "#hunteroutfitskin1", "uv": [ 0.25, 0.5, 5.75, 1.25 ] },
						"east": { "texture": "#hunteroutfitskin1", "uv": [ 0.25, 0.75, 3.25, 1.5 ] },
						"south": { "texture": "#hunteroutfitskin1", "uv": [ 0.25, 0.5, 5.75, 1.25 ] },
						"west": { "texture": "#hunteroutfitskin1", "uv": [ 1.0, 0.75, 4.0, 1.5 ] },
						"up": { "texture": "#hunteroutfitskin1", "uv": [ 0.25, 0.5, 5.75, 3.5 ] },
						"down": { "texture": "#hunteroutfitskin1", "uv": [ 0.5, 0.5, 6.0, 3.5 ] }
					},
					"children": [
						{
							"name": "Cube47",
							"from": [ 1.0, 0.2, 0.8 ],
							"to": [ 5.0, 1.1, 3.8 ],
							"rotationOrigin": [ 2.8, -0.1, 0.5 ],
							"rotationX": 22.5,
							"faces": {
								"north": { "texture": "#hunteroutfitskin1", "uv": [ 0.5, 0.25, 4.5, 1.0 ] },
								"east": { "texture": "#hunteroutfitskin1", "uv": [ 0.75, 0.5, 3.75, 1.25 ] },
								"south": { "texture": "#hunteroutfitskin1", "uv": [ 0.5, 0.25, 4.5, 1.0 ] },
								"west": { "texture": "#hunteroutfitskin1", "uv": [ 0.5, 0.75, 3.5, 1.5 ] },
								"up": { "texture": "#hunteroutfitskin1", "uv": [ 0.5, 0.25, 4.5, 3.25 ] },
								"down": { "texture": "#hunteroutfitskin1", "uv": [ 0.25, 0.75, 4.25, 3.75 ] }
							}
						}
					]
				},
				{
					"name": "Cube49",
					"from": [ 1.2, -0.6, 7.5 ],
					"to": [ 4.8, 0.3, 10.5 ],
					"rotationOrigin": [ 2.8, -0.6, 8.0 ],
					"rotationX": 40.0,
					"faces": {
						"north": { "texture": "#hunteroutfitskin1", "uv": [ 0.5, 0.25, 4.0, 1.0 ] },
						"east": { "texture": "#hunteroutfitskin1", "uv": [ 0.5, 0.5, 3.5, 1.25 ] },
						"south": { "texture": "#hunteroutfitskin1", "uv": [ 0.5, 0.75, 4.0, 1.5 ] },
						"west": { "texture": "#hunteroutfitskin1", "uv": [ 0.5, 0.5, 3.5, 1.25 ] },
						"up": { "texture": "#hunteroutfitskin1", "uv": [ 0.75, 0.25, 4.25, 3.25 ] },
						"down": { "texture": "#hunteroutfitskin1", "uv": [ 0.25, 0.5, 3.75, 3.5 ] }
					}
				},
				{
					"name": "furcape",
					"from": [ 5.0, -2.8, 1.5 ],
					"to": [ 6.0, 1.1, 7.8 ],
					"rotationOrigin": [ 5.1, -2.1, 4.7 ],
					"faces": {
						"north": { "texture": "#hunteroutfitskin1", "uv": [ 0.25, 0.25, 1.25, 4.0 ] },
						"east": { "texture": "#hunteroutfitskin1", "uv": [ 0.25, 0.75, 5.75, 4.5 ], "autoUv": false },
						"south": { "texture": "#hunteroutfitskin1", "uv": [ 0.5, 1.0, 1.5, 4.75 ] },
						"west": { "texture": "#hunteroutfitskin1", "uv": [ 0.25, 0.5, 5.75, 4.25 ], "autoUv": false },
						"up": { "texture": "#hunteroutfitskin1", "uv": [ 0.5, 0.75, 1.5, 7.0 ] },
						"down": { "texture": "#hunteroutfitskin1", "uv": [ 0.5, 1.0, 1.5, 7.25 ] }
					},
					"children": [
						{
							"name": "Cube44",
							"from": [ 0.1, -3.2, -0.2 ],
							"to": [ 0.8, 3.5, 6.6 ],
							"rotationOrigin": [ -0.2, 2.7, 3.3 ],
							"rotationZ": -1.0,
							"faces": {
								"north": { "texture": "#hunteroutfitskin1", "uv": [ 0.5, 1.5, 7.0, 2.0 ], "rotation": 90 },
								"east": { "texture": "#hunteroutfitskin1", "uv": [ 1.25, 0.5, 6.75, 6.0 ], "rotation": 90, "autoUv": false },
								"south": { "texture": "#hunteroutfitskin1", "uv": [ 1.0, 2.5, 7.5, 3.0 ], "rotation": 90 },
								"west": { "texture": "#hunteroutfitskin1", "uv": [ 0.25, 0.25, 5.75, 6.25 ], "autoUv": false },
								"up": { "texture": "#hunteroutfitskin1", "uv": [ 1.75, 0.75, 2.25, 7.5 ] },
								"down": { "texture": "#hunteroutfitskin1", "uv": [ 7.25, 0.25, 7.75, 6.25 ], "autoUv": false }
							},
							"children": [
								{
									"name": "Cube45",
									"from": [ -0.0389, -2.9995, 1.0 ],
									"to": [ 0.4611, 2.7005, 5.8 ],
									"rotationOrigin": [ -0.2389, 2.4005, 3.2 ],
									"rotationZ": 3.0,
									"faces": {
										"north": { "texture": "#hunteroutfitskin1", "uv": [ 0.25, 0.5, 0.75, 6.0 ], "windMode": [-1,-1,-1,-1], "windData": [0,1,1,0] },
										"east": { "texture": "#hunteroutfitskin1", "uv": [ 1.0, 1.0, 6.5, 5.5 ], "rotation": 90 },
										"south": { "texture": "#hunteroutfitskin1", "uv": [ 0.75, 0.25, 1.25, 5.75 ] },
										"west": { "texture": "#hunteroutfitskin1", "uv": [ 1.0, 0.5, 5.75, 6.0 ] },
										"up": { "texture": "#hunteroutfitskin1", "uv": [ 0.25, 0.5, 0.75, 5.25 ] },
										"down": { "texture": "#hunteroutfitskin1", "uv": [ 7.0, 0.75, 7.5, 5.5 ] }
									},
									"children": [
										{
											"name": "Cube46",
											"from": [ 0.1251, -3.0214, 1.0 ],
											"to": [ 0.4251, 0.6786, 3.8 ],
											"rotationOrigin": [ 0.3251, 0.3786, 2.3 ],
											"rotationZ": -2.0,
											"faces": {
												"north": { "texture": "#hunteroutfitskin1", "uv": [ 0.75, 0.75, 1.0, 4.25 ], "windMode": [-1,-1,-1,-1] },
												"east": { "texture": "#hunteroutfitskin1", "uv": [ 3.5, 1.0, 7.0, 3.5 ], "rotation": 90 },
												"south": { "texture": "#hunteroutfitskin1", "uv": [ 0.5, 1.25, 0.75, 4.75 ] },
												"west": { "texture": "#hunteroutfitskin1", "uv": [ 3.5, 2.0, 7.0, 4.5 ], "rotation": 90 },
												"up": { "texture": "#hunteroutfitskin1", "uv": [ 0.0, 0.0, 0.25, 2.75 ] },
												"down": { "texture": "#hunteroutfitskin1", "uv": [ 6.75, 1.0, 7.0, 3.75 ] }
											}
										}
									]
								}
							]
						}
					]
				},
				{
					"name": "Cube138",
					"from": [ -0.3, 0.0, 1.2 ],
					"to": [ 0.0, 0.8, 3.2 ],
					"rotationOrigin": [ -1.0, 0.5, 1.2 ],
					"faces": {
						"north": { "texture": "#hunteroutfitskin1", "uv": [ 0.5, 0.25, 0.75, 1.0 ] },
						"east": { "texture": "#hunteroutfitskin1", "uv": [ 0.5, 0.25, 2.5, 1.0 ] },
						"south": { "texture": "#hunteroutfitskin1", "uv": [ 0.5, 0.25, 0.75, 1.0 ] },
						"west": { "texture": "#hunteroutfitskin1", "uv": [ 0.25, 0.25, 2.25, 1.0 ] },
						"up": { "texture": "#hunteroutfitskin1", "uv": [ 0.75, 0.75, 1.0, 2.75 ] },
						"down": { "texture": "#hunteroutfitskin1", "uv": [ 0.5, 0.5, 0.75, 2.5 ] }
					}
				},
				{
					"name": "Cube139",
					"from": [ -0.25, 0.0, 6.4 ],
					"to": [ 0.05, 0.8, 8.4 ],
					"rotationOrigin": [ 0.0, 0.4, 6.4 ],
					"faces": {
						"north": { "texture": "#hunteroutfitskin1", "uv": [ 1.0, 0.5, 1.25, 1.25 ] },
						"east": { "texture": "#hunteroutfitskin1", "uv": [ 0.5, 1.0, 2.5, 1.75 ] },
						"south": { "texture": "#hunteroutfitskin1", "uv": [ 0.5, 0.25, 0.75, 1.0 ] },
						"west": { "texture": "#hunteroutfitskin1", "uv": [ 0.25, 0.75, 2.25, 1.5 ] },
						"up": { "texture": "#hunteroutfitskin1", "uv": [ 0.75, 0.5, 1.0, 2.5 ] },
						"down": { "texture": "#hunteroutfitskin1", "uv": [ 1.25, 0.75, 1.5, 2.75 ] }
					}
				},
				{
					"name": "Cube124",
					"from": [ -0.1, -4.4, 3.1 ],
					"to": [ 0.1, -2.25, 6.3 ],
					"rotationOrigin": [ 0.3, -3.1, 4.8 ],
					"rotationZ": -2.0,
					"faces": {
						"north": { "texture": "#hunteroutfitskin1", "uv": [ 6.75, 13.75, 7.0, 15.75 ] },
						"east": { "texture": "#hunteroutfitskin1", "uv": [ 6.25, 13.5, 9.25, 15.5 ] },
						"south": { "texture": "#hunteroutfitskin1", "uv": [ 7.0, 13.5, 7.25, 15.5 ] },
						"west": { "texture": "#hunteroutfitskin1", "uv": [ 9.5, 13.25, 12.5, 15.25 ] },
						"up": { "texture": "#hunteroutfitskin1", "uv": [ 6.5, 13.0, 6.75, 16.0 ] },
						"down": { "texture": "#hunteroutfitskin1", "uv": [ 6.5, 13.0, 6.75, 16.0 ] }
					},
					"children": [
						{
							"name": "Cube125",
							"from": [ -0.0249, 0.7994, 2.5 ],
							"to": [ 0.1751, 2.7994, 4.0 ],
							"rotationOrigin": [ 0.3651, 2.2994, 4.1 ],
							"rotationX": -22.488,
							"rotationY": -0.765,
							"rotationZ": -0.152,
							"faces": {
								"north": { "texture": "#hunteroutfitskin1", "uv": [ 7.25, 13.75, 7.5, 15.75 ] },
								"east": { "texture": "#hunteroutfitskin1", "uv": [ 6.75, 13.5, 8.25, 15.5 ] },
								"south": { "texture": "#hunteroutfitskin1", "uv": [ 7.5, 13.5, 7.75, 15.5 ] },
								"west": { "texture": "#hunteroutfitskin1", "uv": [ 6.5, 13.25, 8.0, 15.25 ] },
								"up": { "texture": "#hunteroutfitskin1", "uv": [ 7.5, 13.75, 7.75, 15.25 ] },
								"down": { "texture": "#hunteroutfitskin1", "uv": [ 7.0, 13.25, 7.25, 14.75 ] }
							}
						},
						{
							"name": "Cube126",
							"from": [ -0.0149, 1.7994, 3.5 ],
							"to": [ 0.1851, 2.7994, 4.5 ],
							"rotationOrigin": [ 0.3651, 2.2994, 3.9 ],
							"rotationX": -44.983,
							"rotationY": -1.414,
							"rotationZ": -0.585,
							"faces": {
								"north": { "texture": "#hunteroutfitskin1", "uv": [ 7.0, 13.75, 7.25, 14.75 ] },
								"east": { "texture": "#hunteroutfitskin1", "uv": [ 6.75, 14.0, 7.75, 15.0 ] },
								"south": { "texture": "#hunteroutfitskin1", "uv": [ 7.5, 13.5, 7.75, 14.5 ] },
								"west": { "texture": "#hunteroutfitskin1", "uv": [ 6.75, 14.0, 7.75, 15.0 ] },
								"up": { "texture": "#hunteroutfitskin1", "uv": [ 6.75, 13.75, 7.0, 14.75 ] },
								"down": { "texture": "#hunteroutfitskin1", "uv": [ 7.75, 13.5, 8.0, 14.5 ] }
							}
						},
						{
							"name": "Cube127",
							"from": [ -0.0249, 0.3994, -0.7 ],
							"to": [ 0.1751, 2.3994, 0.8 ],
							"rotationOrigin": [ 0.3651, 2.2994, -0.2 ],
							"rotationX": 22.488,
							"rotationY": 0.765,
							"rotationZ": -0.152,
							"faces": {
								"north": { "texture": "#hunteroutfitskin1", "uv": [ 7.0, 13.25, 7.25, 15.25 ] },
								"east": { "texture": "#hunteroutfitskin1", "uv": [ 7.25, 13.25, 8.75, 15.25 ] },
								"south": { "texture": "#hunteroutfitskin1", "uv": [ 7.0, 13.25, 7.25, 15.25 ] },
								"west": { "texture": "#hunteroutfitskin1", "uv": [ 7.25, 13.5, 8.75, 15.5 ] },
								"up": { "texture": "#hunteroutfitskin1", "uv": [ 7.5, 13.0, 7.75, 14.5 ] },
								"down": { "texture": "#hunteroutfitskin1", "uv": [ 7.25, 13.0, 7.5, 14.5 ] }
							}
						},
						{
							"name": "Cube128",
							"from": [ -0.0149, 1.8494, -1.5 ],
							"to": [ 0.1851, 2.8494, -0.5 ],
							"rotationOrigin": [ 0.3651, 2.2994, -1.1 ],
							"rotationX": 44.983,
							"rotationY": 1.414,
							"rotationZ": -0.585,
							"faces": {
								"north": { "texture": "#hunteroutfitskin1", "uv": [ 7.0, 13.75, 7.25, 14.75 ] },
								"east": { "texture": "#hunteroutfitskin1", "uv": [ 7.0, 13.5, 8.0, 14.5 ] },
								"south": { "texture": "#hunteroutfitskin1", "uv": [ 7.5, 14.25, 7.75, 15.25 ] },
								"west": { "texture": "#hunteroutfitskin1", "uv": [ 6.75, 14.0, 7.75, 15.0 ] },
								"up": { "texture": "#hunteroutfitskin1", "uv": [ 6.5, 13.5, 6.75, 14.5 ] },
								"down": { "texture": "#hunteroutfitskin1", "uv": [ 6.75, 13.75, 7.0, 14.75 ] }
							}
						},
						{
							"name": "Cube129",
							"from": [ -0.09, 2.5, 3.8 ],
							"to": [ 0.21, 4.7, 4.3 ],
							"rotationOrigin": [ 0.0, 3.0, 4.0 ],
							"rotationZ": -1.0,
							"faces": {
								"north": { "texture": "#hunteroutfitskin1", "uv": [ 1.75, 13.25, 2.0, 15.25 ] },
								"east": { "texture": "#hunteroutfitskin1", "uv": [ 2.0, 13.25, 2.5, 15.25 ] },
								"south": { "texture": "#hunteroutfitskin1", "uv": [ 0.75, 13.5, 1.0, 15.5 ] },
								"west": { "texture": "#hunteroutfitskin1", "uv": [ 1.75, 13.25, 2.25, 15.25 ] },
								"up": { "texture": "#hunteroutfitskin1", "uv": [ 1.75, 13.75, 2.0, 14.25 ] },
								"down": { "texture": "#hunteroutfitskin1", "uv": [ 1.0, 14.25, 1.25, 14.75 ] }
							}
						},
						{
							"name": "Cube130",
							"from": [ -0.09, 2.5, -1.4 ],
							"to": [ 0.21, 4.7, -0.9 ],
							"rotationOrigin": [ 0.0, 3.0, -1.0 ],
							"rotationZ": -1.0,
							"faces": {
								"north": { "texture": "#hunteroutfitskin1", "uv": [ 1.25, 13.5, 1.5, 15.5 ] },
								"east": { "texture": "#hunteroutfitskin1", "uv": [ 1.0, 13.25, 1.5, 15.25 ] },
								"south": { "texture": "#hunteroutfitskin1", "uv": [ 1.0, 13.5, 1.25, 15.5 ] },
								"west": { "texture": "#hunteroutfitskin1", "uv": [ 1.0, 13.5, 1.5, 15.5 ] },
								"up": { "texture": "#hunteroutfitskin1", "uv": [ 1.5, 13.75, 1.75, 14.25 ] },
								"down": { "texture": "#hunteroutfitskin1", "uv": [ 0.75, 14.25, 1.0, 14.75 ] }
							}
						}
					]
				},
				{
					"name": "Cube131",
					"from": [ 5.2, -4.7, 3.1 ],
					"to": [ 5.4, -2.55, 6.3 ],
					"rotationOrigin": [ 5.3, -3.1, 4.8 ],
					"rotationZ": -2.0,
					"faces": {
						"north": { "texture": "#hunteroutfitskin1", "uv": [ 7.25, 13.25, 7.5, 15.25 ] },
						"east": { "texture": "#hunteroutfitskin1", "uv": [ 6.25, 13.5, 9.25, 15.5 ] },
						"south": { "texture": "#hunteroutfitskin1", "uv": [ 7.5, 13.5, 7.75, 15.5 ] },
						"west": { "texture": "#hunteroutfitskin1", "uv": [ 6.5, 13.5, 9.5, 15.5 ] },
						"up": { "texture": "#hunteroutfitskin1", "uv": [ 6.75, 13.25, 7.0, 15.75 ], "autoUv": false },
						"down": { "texture": "#hunteroutfitskin1", "uv": [ 6.75, 13.25, 7.0, 15.5 ], "autoUv": false }
					},
					"children": [
						{
							"name": "Cube132",
							"from": [ -0.0249, 0.7994, 2.5 ],
							"to": [ 0.1751, 2.7994, 4.0 ],
							"rotationOrigin": [ 0.3651, 2.2994, 4.1 ],
							"rotationX": -22.488,
							"rotationY": -0.765,
							"rotationZ": -0.152,
							"faces": {
								"north": { "texture": "#hunteroutfitskin1", "uv": [ 7.0, 13.0, 7.25, 15.0 ] },
								"east": { "texture": "#hunteroutfitskin1", "uv": [ 6.75, 13.5, 8.25, 15.5 ] },
								"south": { "texture": "#hunteroutfitskin1", "uv": [ 8.0, 13.5, 8.25, 15.5 ] },
								"west": { "texture": "#hunteroutfitskin1", "uv": [ 7.0, 13.75, 8.5, 15.75 ] },
								"up": { "texture": "#hunteroutfitskin1", "uv": [ 7.0, 14.25, 7.25, 15.75 ] },
								"down": { "texture": "#hunteroutfitskin1", "uv": [ 7.25, 13.75, 7.5, 15.25 ] }
							}
						},
						{
							"name": "Cube133",
							"from": [ -0.0149, 1.7994, 3.5 ],
							"to": [ 0.1851, 2.7994, 4.5 ],
							"rotationOrigin": [ 0.3651, 2.2994, 3.9 ],
							"rotationX": -44.983,
							"rotationY": -1.414,
							"rotationZ": -0.585,
							"faces": {
								"north": { "texture": "#hunteroutfitskin1", "uv": [ 7.5, 14.25, 7.75, 15.25 ] },
								"east": { "texture": "#hunteroutfitskin1", "uv": [ 7.0, 14.0, 8.0, 15.0 ] },
								"south": { "texture": "#hunteroutfitskin1", "uv": [ 6.75, 13.75, 7.0, 14.75 ] },
								"west": { "texture": "#hunteroutfitskin1", "uv": [ 7.25, 14.75, 8.25, 15.75 ] },
								"up": { "texture": "#hunteroutfitskin1", "uv": [ 7.25, 14.5, 7.5, 15.5 ] },
								"down": { "texture": "#hunteroutfitskin1", "uv": [ 7.0, 13.75, 7.25, 14.75 ] }
							}
						},
						{
							"name": "Cube134",
							"from": [ -0.0249, 0.3994, -0.7 ],
							"to": [ 0.1751, 2.3994, 0.8 ],
							"rotationOrigin": [ 0.3651, 2.2994, -0.2 ],
							"rotationX": 22.488,
							"rotationY": 0.765,
							"rotationZ": -0.152,
							"faces": {
								"north": { "texture": "#hunteroutfitskin1", "uv": [ 7.0, 13.5, 7.25, 15.5 ] },
								"east": { "texture": "#hunteroutfitskin1", "uv": [ 7.0, 13.5, 8.5, 15.5 ] },
								"south": { "texture": "#hunteroutfitskin1", "uv": [ 6.75, 13.5, 7.0, 15.5 ] },
								"west": { "texture": "#hunteroutfitskin1", "uv": [ 6.5, 13.5, 8.0, 15.5 ] },
								"up": { "texture": "#hunteroutfitskin1", "uv": [ 6.5, 13.5, 6.75, 15.0 ] },
								"down": { "texture": "#hunteroutfitskin1", "uv": [ 6.75, 13.75, 7.0, 15.25 ] }
							}
						},
						{
							"name": "Cube135",
							"from": [ -0.0149, 1.8494, -1.5 ],
							"to": [ 0.1851, 2.8494, -0.5 ],
							"rotationOrigin": [ 0.3651, 2.2994, -1.1 ],
							"rotationX": 44.983,
							"rotationY": 1.414,
							"rotationZ": -0.585,
							"faces": {
								"north": { "texture": "#hunteroutfitskin1", "uv": [ 6.75, 13.25, 7.0, 14.25 ] },
								"east": { "texture": "#hunteroutfitskin1", "uv": [ 7.0, 14.25, 8.0, 15.25 ] },
								"south": { "texture": "#hunteroutfitskin1", "uv": [ 7.0, 13.75, 7.25, 14.75 ] },
								"west": { "texture": "#hunteroutfitskin1", "uv": [ 6.75, 13.5, 7.75, 14.5 ] },
								"up": { "texture": "#hunteroutfitskin1", "uv": [ 7.75, 14.0, 8.0, 15.0 ] },
								"down": { "texture": "#hunteroutfitskin1", "uv": [ 7.0, 13.5, 7.25, 14.5 ] }
							}
						},
						{
							"name": "Cube136",
							"from": [ -0.09, 2.5, 3.8 ],
							"to": [ 0.21, 4.7, 4.3 ],
							"rotationOrigin": [ 0.0, 3.0, 4.0 ],
							"rotationZ": -1.0,
							"faces": {
								"north": { "texture": "#hunteroutfitskin1", "uv": [ 0.75, 13.25, 1.0, 15.25 ] },
								"east": { "texture": "#hunteroutfitskin1", "uv": [ 0.5, 13.0, 1.0, 15.0 ] },
								"south": { "texture": "#hunteroutfitskin1", "uv": [ 0.75, 13.5, 1.0, 15.5 ] },
								"west": { "texture": "#hunteroutfitskin1", "uv": [ 0.75, 13.5, 1.25, 15.5 ] },
								"up": { "texture": "#hunteroutfitskin1", "uv": [ 1.25, 13.5, 1.5, 14.0 ] },
								"down": { "texture": "#hunteroutfitskin1", "uv": [ 1.75, 13.25, 2.0, 13.75 ] }
							}
						},
						{
							"name": "Cube137",
							"from": [ -0.09, 2.5, -1.4 ],
							"to": [ 0.21, 4.7, -0.9 ],
							"rotationOrigin": [ 0.0, 3.0, -1.0 ],
							"rotationZ": -1.0,
							"faces": {
								"north": { "texture": "#hunteroutfitskin1", "uv": [ 0.25, 13.5, 0.5, 15.5 ] },
								"east": { "texture": "#hunteroutfitskin1", "uv": [ 0.5, 13.25, 1.0, 15.25 ] },
								"south": { "texture": "#hunteroutfitskin1", "uv": [ 0.5, 13.5, 0.75, 15.5 ] },
								"west": { "texture": "#hunteroutfitskin1", "uv": [ 0.75, 13.5, 1.25, 15.5 ] },
								"up": { "texture": "#hunteroutfitskin1", "uv": [ 0.75, 13.0, 1.0, 13.5 ] },
								"down": { "texture": "#hunteroutfitskin1", "uv": [ 1.25, 13.25, 1.5, 13.75 ] }
							}
						}
					]
				}
			]
		},
		{
			"name": "lsleevelow",
			"stepParentName": "LowerArmL",
			"from": [ -0.2, 2.0, -0.1 ],
			"to": [ 2.6, 8.0, 2.2 ],
			"rotationOrigin": [ 0.8, 2.0, 0.6 ],
			"rotationX": -1.0,
			"rotationY": 0.0,
			"rotationZ": -1.0,
			"faces": {
				"north": { "texture": "#hunteroutfitskin1", "uv": [ 8.0, 13.25, 13.75, 15.75 ], "rotation": 90, "autoUv": false },
				"east": { "texture": "#hunteroutfitskin1", "uv": [ 8.0, 13.5, 14.0, 15.75 ], "rotation": 90 },
				"south": { "texture": "#hunteroutfitskin1", "uv": [ 6.5, 13.0, 12.5, 15.75 ], "rotation": 90 },
				"west": { "texture": "#hunteroutfitskin1", "uv": [ 8.0, 13.5, 14.0, 15.75 ], "rotation": 90 },
				"up": { "texture": "#hunteroutfitskin1", "uv": [ 6.75, 13.5, 9.5, 15.75 ] },
				"down": { "texture": "#hunteroutfitskin1", "uv": [ 6.75, 13.5, 9.5, 15.75 ] }
			},
			"children": [
				{
					"name": "Cube50",
					"from": [ -0.1, -0.1, -0.1 ],
					"to": [ 2.9, 0.2, 2.4 ],
					"rotationOrigin": [ -0.1, 0.0, 1.2 ],
					"faces": {
						"north": { "texture": "#hunteroutfitskin1", "uv": [ 0.75, 13.75, 3.75, 14.0 ] },
						"east": { "texture": "#hunteroutfitskin1", "uv": [ 1.5, 13.75, 4.0, 14.0 ] },
						"south": { "texture": "#hunteroutfitskin1", "uv": [ 1.5, 13.75, 4.5, 14.0 ] },
						"west": { "texture": "#hunteroutfitskin1", "uv": [ 1.0, 13.25, 3.5, 13.5 ] },
						"up": { "texture": "#hunteroutfitskin1", "uv": [ 0.5, 13.5, 3.5, 16.0 ] },
						"down": { "texture": "#hunteroutfitskin1", "uv": [ 1.0, 13.25, 4.0, 15.75 ] }
					}
				},
				{
					"name": "Cube51",
					"from": [ -0.1, 0.9, -0.1 ],
					"to": [ 2.9, 1.2, 2.5 ],
					"rotationOrigin": [ -0.1, 1.0, 1.2 ],
					"rotationX": -22.5,
					"faces": {
						"north": { "texture": "#hunteroutfitskin1", "uv": [ 0.5, 13.5, 3.5, 13.75 ] },
						"east": { "texture": "#hunteroutfitskin1", "uv": [ 0.5, 14.5, 3.0, 14.75 ] },
						"south": { "texture": "#hunteroutfitskin1", "uv": [ 1.0, 13.25, 4.0, 13.5 ] },
						"west": { "texture": "#hunteroutfitskin1", "uv": [ 0.5, 13.5, 3.0, 13.75 ] },
						"up": { "texture": "#hunteroutfitskin1", "uv": [ 0.5, 13.25, 3.5, 15.75 ] },
						"down": { "texture": "#hunteroutfitskin1", "uv": [ 0.25, 13.0, 3.25, 15.5 ] }
					},
					"children": [
						{
							"name": "Cube52",
							"from": [ -0.01, 0.0, -0.12 ],
							"to": [ 2.99, 0.3, 2.48 ],
							"rotationOrigin": [ 0.0, 0.1, 1.3 ],
							"rotationX": 45.0,
							"faces": {
								"north": { "texture": "#hunteroutfitskin1", "uv": [ 1.0, 13.75, 4.0, 14.0 ] },
								"east": { "texture": "#hunteroutfitskin1", "uv": [ 1.5, 13.25, 4.0, 13.5 ] },
								"south": { "texture": "#hunteroutfitskin1", "uv": [ 0.25, 13.5, 3.25, 13.75 ] },
								"west": { "texture": "#hunteroutfitskin1", "uv": [ 0.75, 13.5, 3.25, 13.75 ] },
								"up": { "texture": "#hunteroutfitskin1", "uv": [ 1.5, 13.25, 4.5, 15.75 ] },
								"down": { "texture": "#hunteroutfitskin1", "uv": [ 1.0, 13.25, 4.0, 15.75 ] }
							}
						}
					]
				},
				{
					"name": "Cube53",
					"from": [ -0.1, 1.9, -0.1 ],
					"to": [ 2.9, 2.2, 2.5 ],
					"rotationOrigin": [ -0.1, 2.0, 1.2 ],
					"rotationX": -22.5,
					"faces": {
						"north": { "texture": "#hunteroutfitskin1", "uv": [ 0.75, 14.5, 3.75, 14.75 ] },
						"east": { "texture": "#hunteroutfitskin1", "uv": [ 2.0, 13.75, 4.5, 14.0 ] },
						"south": { "texture": "#hunteroutfitskin1", "uv": [ 0.75, 14.75, 3.75, 15.0 ] },
						"west": { "texture": "#hunteroutfitskin1", "uv": [ 1.25, 13.5, 3.75, 13.75 ] },
						"up": { "texture": "#hunteroutfitskin1", "uv": [ 0.25, 13.25, 3.25, 15.75 ] },
						"down": { "texture": "#hunteroutfitskin1", "uv": [ 0.25, 13.0, 3.25, 15.5 ] }
					},
					"children": [
						{
							"name": "Cube54",
							"from": [ -0.01, 0.0, -0.12 ],
							"to": [ 2.99, 0.3, 2.48 ],
							"rotationOrigin": [ 0.0, 0.1, 1.3 ],
							"rotationX": 45.0,
							"faces": {
								"north": { "texture": "#hunteroutfitskin1", "uv": [ 0.25, 14.75, 3.25, 15.0 ] },
								"east": { "texture": "#hunteroutfitskin1", "uv": [ 0.5, 14.0, 3.0, 14.25 ] },
								"south": { "texture": "#hunteroutfitskin1", "uv": [ 0.75, 13.5, 3.75, 13.75 ] },
								"west": { "texture": "#hunteroutfitskin1", "uv": [ 1.0, 13.5, 3.5, 13.75 ] },
								"up": { "texture": "#hunteroutfitskin1", "uv": [ 0.0, 13.25, 3.0, 15.75 ] },
								"down": { "texture": "#hunteroutfitskin1", "uv": [ 0.25, 13.25, 3.25, 15.75 ] }
							}
						}
					]
				},
				{
					"name": "Cube55",
					"from": [ -0.1, 2.9, -0.1 ],
					"to": [ 2.9, 3.2, 2.5 ],
					"rotationOrigin": [ -0.1, 3.0, 1.2 ],
					"rotationX": -22.5,
					"faces": {
						"north": { "texture": "#hunteroutfitskin1", "uv": [ 0.5, 13.5, 3.5, 13.75 ] },
						"east": { "texture": "#hunteroutfitskin1", "uv": [ 1.0, 13.5, 3.5, 13.75 ] },
						"south": { "texture": "#hunteroutfitskin1", "uv": [ 1.0, 13.25, 4.0, 13.5 ] },
						"west": { "texture": "#hunteroutfitskin1", "uv": [ 1.25, 13.5, 3.75, 13.75 ] },
						"up": { "texture": "#hunteroutfitskin1", "uv": [ 0.25, 13.0, 3.25, 15.5 ] },
						"down": { "texture": "#hunteroutfitskin1", "uv": [ 0.25, 13.25, 3.25, 15.75 ] }
					},
					"children": [
						{
							"name": "Cube56",
							"from": [ -0.01, 0.0, -0.12 ],
							"to": [ 2.99, 0.3, 2.48 ],
							"rotationOrigin": [ 0.0, 0.1, 1.3 ],
							"rotationX": 45.0,
							"faces": {
								"north": { "texture": "#hunteroutfitskin1", "uv": [ 1.25, 13.25, 4.25, 13.5 ] },
								"east": { "texture": "#hunteroutfitskin1", "uv": [ 1.75, 13.75, 4.25, 14.0 ] },
								"south": { "texture": "#hunteroutfitskin1", "uv": [ 1.5, 14.25, 4.5, 14.5 ] },
								"west": { "texture": "#hunteroutfitskin1", "uv": [ 1.5, 14.25, 4.0, 14.5 ] },
								"up": { "texture": "#hunteroutfitskin1", "uv": [ 0.25, 13.0, 3.25, 15.5 ] },
								"down": { "texture": "#hunteroutfitskin1", "uv": [ 0.75, 13.0, 3.75, 15.5 ] }
							}
						}
					]
				},
				{
					"name": "Cube57",
					"from": [ -0.1, 3.9, -0.1 ],
					"to": [ 2.9, 4.2, 2.5 ],
					"rotationOrigin": [ -0.1, 4.0, 1.2 ],
					"rotationX": -22.5,
					"faces": {
						"north": { "texture": "#hunteroutfitskin1", "uv": [ 0.75, 13.0, 3.75, 13.25 ] },
						"east": { "texture": "#hunteroutfitskin1", "uv": [ 1.25, 13.75, 3.75, 14.0 ] },
						"south": { "texture": "#hunteroutfitskin1", "uv": [ 0.75, 14.0, 3.75, 14.25 ] },
						"west": { "texture": "#hunteroutfitskin1", "uv": [ 1.0, 13.75, 3.5, 14.0 ] },
						"up": { "texture": "#hunteroutfitskin1", "uv": [ 0.5, 13.0, 3.5, 15.5 ] },
						"down": { "texture": "#hunteroutfitskin1", "uv": [ 0.75, 13.0, 3.75, 15.5 ] }
					},
					"children": [
						{
							"name": "Cube58",
							"from": [ -0.01, 0.0, -0.12 ],
							"to": [ 2.99, 0.3, 2.48 ],
							"rotationOrigin": [ 0.0, 0.1, 1.3 ],
							"rotationX": 45.0,
							"faces": {
								"north": { "texture": "#hunteroutfitskin1", "uv": [ 0.5, 13.25, 3.5, 13.5 ] },
								"east": { "texture": "#hunteroutfitskin1", "uv": [ 1.25, 13.5, 3.75, 13.75 ] },
								"south": { "texture": "#hunteroutfitskin1", "uv": [ 0.5, 13.5, 3.5, 13.75 ] },
								"west": { "texture": "#hunteroutfitskin1", "uv": [ 1.75, 13.25, 4.25, 13.5 ] },
								"up": { "texture": "#hunteroutfitskin1", "uv": [ 0.75, 13.0, 3.75, 15.5 ] },
								"down": { "texture": "#hunteroutfitskin1", "uv": [ 0.5, 13.25, 3.5, 15.75 ] }
							}
						}
					]
				},
				{
					"name": "Cube59",
					"from": [ -0.1, 4.9, -0.1 ],
					"to": [ 2.9, 5.2, 2.5 ],
					"rotationOrigin": [ -0.1, 5.0, 1.2 ],
					"rotationX": -22.5,
					"faces": {
						"north": { "texture": "#hunteroutfitskin1", "uv": [ 0.5, 13.75, 3.5, 14.0 ] },
						"east": { "texture": "#hunteroutfitskin1", "uv": [ 0.5, 13.5, 3.0, 13.75 ] },
						"south": { "texture": "#hunteroutfitskin1", "uv": [ 1.0, 13.5, 4.0, 13.75 ] },
						"west": { "texture": "#hunteroutfitskin1", "uv": [ 0.75, 14.25, 3.25, 14.5 ] },
						"up": { "texture": "#hunteroutfitskin1", "uv": [ 0.25, 13.25, 3.25, 15.75 ] },
						"down": { "texture": "#hunteroutfitskin1", "uv": [ 0.25, 13.0, 3.25, 15.5 ] }
					},
					"children": [
						{
							"name": "Cube60",
							"from": [ -0.01, 0.0, -0.12 ],
							"to": [ 2.99, 0.3, 2.48 ],
							"rotationOrigin": [ 0.0, 0.1, 1.3 ],
							"rotationX": 45.0,
							"faces": {
								"north": { "texture": "#hunteroutfitskin1", "uv": [ 0.75, 14.5, 3.75, 14.75 ] },
								"east": { "texture": "#hunteroutfitskin1", "uv": [ 1.5, 14.5, 4.0, 14.75 ] },
								"south": { "texture": "#hunteroutfitskin1", "uv": [ 0.75, 13.25, 3.75, 13.5 ] },
								"west": { "texture": "#hunteroutfitskin1", "uv": [ 1.25, 13.25, 3.75, 13.5 ] },
								"up": { "texture": "#hunteroutfitskin1", "uv": [ 0.5, 13.0, 3.5, 15.5 ] },
								"down": { "texture": "#hunteroutfitskin1", "uv": [ 0.25, 13.0, 3.25, 15.5 ] }
							}
						}
					]
				},
				{
					"name": "furcuff",
					"from": [ -0.2, -1.0, 0.0 ],
					"to": [ 3.0, 0.0, 2.45 ],
					"rotationOrigin": [ 1.5, -1.0, 1.0 ],
					"faces": {
						"north": { "texture": "#hunteroutfitskin1", "uv": [ 0.5, 0.5, 3.5, 1.5 ] },
						"east": { "texture": "#hunteroutfitskin1", "uv": [ 0.5, 1.0, 2.75, 2.0 ] },
						"south": { "texture": "#hunteroutfitskin1", "uv": [ 0.25, 0.5, 3.25, 1.5 ] },
						"west": { "texture": "#hunteroutfitskin1", "uv": [ 0.25, 0.75, 2.5, 1.75 ] },
						"up": { "texture": "#hunteroutfitskin1", "uv": [ 0.5, 0.75, 3.5, 3.0 ] },
						"down": { "texture": "#hunteroutfitskin1", "uv": [ 0.5, 0.75, 3.5, 3.0 ] }
					}
				},
				{
					"name": "furcuff2",
					"from": [ -0.3, 4.7, 0.0 ],
					"to": [ 3.25, 6.0, 2.45 ],
					"rotationOrigin": [ 1.5, 5.0, 1.0 ],
					"faces": {
						"north": { "texture": "#hunteroutfitskin1", "uv": [ 0.75, 0.25, 4.25, 1.5 ] },
						"east": { "texture": "#hunteroutfitskin1", "uv": [ 0.5, 0.5, 2.75, 1.75 ] },
						"south": { "texture": "#hunteroutfitskin1", "uv": [ 0.25, 0.25, 3.75, 1.5 ] },
						"west": { "texture": "#hunteroutfitskin1", "uv": [ 0.25, 0.5, 2.5, 1.75 ] },
						"up": { "texture": "#hunteroutfitskin1", "uv": [ 0.25, 0.5, 3.75, 2.75 ] },
						"down": { "texture": "#hunteroutfitskin1", "uv": [ 0.25, 0.25, 3.75, 2.5 ] }
					}
				}
			]
		},
		{
			"name": "larmwraps",
			"stepParentName": "UpperArmL",
			"from": [ -0.25, 4.5, -0.3 ],
			"to": [ 3.2, 4.8, 2.25 ],
			"rotationOrigin": [ 1.8, 4.8, 1.3 ],
			"rotationX": -10.0,
			"faces": {
				"north": { "texture": "#hunteroutfitskin1", "uv": [ 2.25, 13.25, 5.5, 13.5 ] },
				"east": { "texture": "#hunteroutfitskin1", "uv": [ 2.25, 14.25, 4.75, 14.5 ] },
				"south": { "texture": "#hunteroutfitskin1", "uv": [ 1.0, 13.75, 4.25, 14.0 ] },
				"west": { "texture": "#hunteroutfitskin1", "uv": [ 1.0, 13.75, 3.5, 14.0 ] },
				"up": { "texture": "#hunteroutfitskin1", "uv": [ 0.5, 13.0, 3.75, 15.5 ] },
				"down": { "texture": "#hunteroutfitskin1", "uv": [ 0.5, 13.5, 3.75, 16.0 ] }
			},
			"children": [
				{
					"name": "Cube78",
					"from": [ 0.0, -0.9239, -0.0827 ],
					"to": [ 3.45, -0.6239, 2.4173 ],
					"rotationOrigin": [ 1.69, -0.9239, 1.4173 ],
					"rotationX": 37.5,
					"faces": {
						"north": { "texture": "#hunteroutfitskin1", "uv": [ 1.25, 13.5, 4.5, 13.75 ] },
						"east": { "texture": "#hunteroutfitskin1", "uv": [ 1.0, 13.25, 3.5, 13.5 ] },
						"south": { "texture": "#hunteroutfitskin1", "uv": [ 0.75, 13.75, 4.0, 14.0 ] },
						"west": { "texture": "#hunteroutfitskin1", "uv": [ 1.5, 13.5, 4.0, 13.75 ] },
						"up": { "texture": "#hunteroutfitskin1", "uv": [ 0.25, 13.0, 3.5, 15.5 ] },
						"down": { "texture": "#hunteroutfitskin1", "uv": [ 0.5, 13.0, 3.75, 15.5 ] }
					}
				},
				{
					"name": "Cube77",
					"from": [ 0.0, -1.7351, -0.1783 ],
					"to": [ 3.45, -1.4351, 2.3217 ],
					"rotationOrigin": [ 1.69, -1.6376, 1.1217 ],
					"faces": {
						"north": { "texture": "#hunteroutfitskin1", "uv": [ 0.25, 14.25, 3.5, 14.5 ] },
						"east": { "texture": "#hunteroutfitskin1", "uv": [ 0.25, 13.5, 2.75, 13.75 ] },
						"south": { "texture": "#hunteroutfitskin1", "uv": [ 0.75, 13.25, 4.0, 13.5 ] },
						"west": { "texture": "#hunteroutfitskin1", "uv": [ 1.0, 14.5, 3.5, 14.75 ] },
						"up": { "texture": "#hunteroutfitskin1", "uv": [ 0.5, 13.5, 3.75, 16.0 ] },
						"down": { "texture": "#hunteroutfitskin1", "uv": [ 0.75, 13.5, 4.0, 16.0 ] }
					}
				},
				{
					"name": "Cube76",
					"from": [ -0.01, -1.7351, -0.1783 ],
					"to": [ 3.44, -1.4351, 2.3217 ],
					"rotationOrigin": [ 1.69, -1.6376, 1.1217 ],
					"rotationX": 22.5,
					"faces": {
						"north": { "texture": "#hunteroutfitskin1", "uv": [ 0.25, 13.25, 3.5, 13.5 ] },
						"east": { "texture": "#hunteroutfitskin1", "uv": [ 1.0, 13.5, 3.5, 13.75 ] },
						"south": { "texture": "#hunteroutfitskin1", "uv": [ 1.25, 14.5, 4.5, 14.75 ] },
						"west": { "texture": "#hunteroutfitskin1", "uv": [ 0.75, 13.75, 3.25, 14.0 ] },
						"up": { "texture": "#hunteroutfitskin1", "uv": [ 0.25, 13.5, 3.5, 16.0 ] },
						"down": { "texture": "#hunteroutfitskin1", "uv": [ 0.25, 13.25, 3.5, 15.75 ] }
					}
				},
				{
					"name": "Cube75",
					"from": [ -0.01, -2.659, -0.561 ],
					"to": [ 3.44, -2.359, 1.939 ],
					"rotationOrigin": [ 1.69, -2.5615, 0.739 ],
					"rotationX": 12.5,
					"faces": {
						"north": { "texture": "#hunteroutfitskin1", "uv": [ 1.25, 14.0, 4.5, 14.25 ] },
						"east": { "texture": "#hunteroutfitskin1", "uv": [ 1.0, 14.5, 3.5, 14.75 ] },
						"south": { "texture": "#hunteroutfitskin1", "uv": [ 0.5, 13.75, 3.75, 14.0 ] },
						"west": { "texture": "#hunteroutfitskin1", "uv": [ 0.75, 13.75, 3.25, 14.0 ] },
						"up": { "texture": "#hunteroutfitskin1", "uv": [ 0.75, 13.25, 4.0, 15.75 ] },
						"down": { "texture": "#hunteroutfitskin1", "uv": [ 1.25, 13.25, 4.5, 15.75 ] }
					}
				}
			]
		},
		{
			"name": "rarmwraps",
			"stepParentName": "UpperArmR",
			"from": [ 0.4, 4.5, -0.6 ],
			"to": [ 3.85, 4.8, 1.95 ],
			"rotationOrigin": [ 1.8, 4.8, 0.8 ],
			"rotationX": -170.0,
			"rotationY": 0.0,
			"rotationZ": -180.0,
			"faces": {
				"north": { "texture": "#hunteroutfitskin1", "uv": [ 1.25, 14.25, 4.5, 14.5 ] },
				"east": { "texture": "#hunteroutfitskin1", "uv": [ 1.0, 13.5, 3.5, 13.75 ] },
				"south": { "texture": "#hunteroutfitskin1", "uv": [ 1.25, 13.5, 4.5, 13.75 ] },
				"west": { "texture": "#hunteroutfitskin1", "uv": [ 1.25, 13.5, 3.75, 13.75 ] },
				"up": { "texture": "#hunteroutfitskin1", "uv": [ 0.5, 13.25, 3.75, 15.75 ] },
				"down": { "texture": "#hunteroutfitskin1", "uv": [ 1.0, 13.0, 4.25, 15.5 ] }
			},
			"children": [
				{
					"name": "Cube94",
					"from": [ 0.0, -0.9239, -0.0827 ],
					"to": [ 3.45, -0.6239, 2.4173 ],
					"rotationOrigin": [ 1.69, -0.9239, 1.4173 ],
					"rotationX": 37.5,
					"faces": {
						"north": { "texture": "#hunteroutfitskin1", "uv": [ 0.75, 13.25, 4.0, 13.5 ] },
						"east": { "texture": "#hunteroutfitskin1", "uv": [ 1.25, 14.5, 3.75, 14.75 ] },
						"south": { "texture": "#hunteroutfitskin1", "uv": [ 1.0, 14.0, 4.25, 14.25 ] },
						"west": { "texture": "#hunteroutfitskin1", "uv": [ 1.25, 13.5, 3.75, 13.75 ] },
						"up": { "texture": "#hunteroutfitskin1", "uv": [ 0.75, 13.25, 4.0, 15.75 ] },
						"down": { "texture": "#hunteroutfitskin1", "uv": [ 1.25, 13.25, 4.5, 15.75 ] }
					}
				},
				{
					"name": "Cube109",
					"from": [ 0.0, -1.7351, -0.1783 ],
					"to": [ 3.45, -1.4351, 2.3217 ],
					"rotationOrigin": [ 1.69, -1.6376, 1.1217 ],
					"faces": {
						"north": { "texture": "#hunteroutfitskin1", "uv": [ 0.75, 15.5, 4.0, 15.75 ] },
						"east": { "texture": "#hunteroutfitskin1", "uv": [ 0.5, 13.0, 3.0, 13.25 ] },
						"south": { "texture": "#hunteroutfitskin1", "uv": [ 1.75, 13.5, 5.0, 13.75 ] },
						"west": { "texture": "#hunteroutfitskin1", "uv": [ 0.25, 14.75, 2.75, 15.0 ] },
						"up": { "texture": "#hunteroutfitskin1", "uv": [ 0.5, 13.25, 3.75, 15.75 ] },
						"down": { "texture": "#hunteroutfitskin1", "uv": [ 0.5, 13.0, 3.75, 15.5 ] }
					}
				},
				{
					"name": "Cube110",
					"from": [ -0.01, -1.7351, -0.1783 ],
					"to": [ 3.44, -1.4351, 2.3217 ],
					"rotationOrigin": [ 1.69, -1.6376, 1.1217 ],
					"rotationX": 22.5,
					"faces": {
						"north": { "texture": "#hunteroutfitskin1", "uv": [ 1.0, 13.75, 4.25, 14.0 ] },
						"east": { "texture": "#hunteroutfitskin1", "uv": [ 1.25, 14.5, 3.75, 14.75 ] },
						"south": { "texture": "#hunteroutfitskin1", "uv": [ 1.0, 13.5, 4.25, 13.75 ] },
						"west": { "texture": "#hunteroutfitskin1", "uv": [ 2.25, 14.75, 4.75, 15.0 ] },
						"up": { "texture": "#hunteroutfitskin1", "uv": [ 0.25, 13.25, 3.5, 15.75 ] },
						"down": { "texture": "#hunteroutfitskin1", "uv": [ 0.5, 13.0, 3.75, 15.5 ] }
					}
				},
				{
					"name": "Cube111",
					"from": [ -0.01, -2.659, -0.561 ],
					"to": [ 3.44, -2.359, 1.939 ],
					"rotationOrigin": [ 1.69, -2.5615, 0.739 ],
					"rotationX": 12.5,
					"faces": {
						"north": { "texture": "#hunteroutfitskin1", "uv": [ 0.75, 13.5, 4.0, 13.75 ] },
						"east": { "texture": "#hunteroutfitskin1", "uv": [ 0.75, 13.75, 3.25, 14.0 ] },
						"south": { "texture": "#hunteroutfitskin1", "uv": [ 0.75, 13.5, 4.0, 13.75 ] },
						"west": { "texture": "#hunteroutfitskin1", "uv": [ 1.25, 13.75, 3.75, 14.0 ] },
						"up": { "texture": "#hunteroutfitskin1", "uv": [ 0.5, 13.25, 3.75, 15.75 ] },
						"down": { "texture": "#hunteroutfitskin1", "uv": [ 0.75, 13.0, 4.0, 15.5 ] }
					}
				}
			]
		},
		{
			"name": "rsleevelow",
			"stepParentName": "LowerArmR",
			"from": [ -0.3, 2.0, -0.2 ],
			"to": [ 2.5, 8.0, 2.1 ],
			"rotationOrigin": [ 1.8, 2.0, 0.6 ],
			"rotationX": 1.0,
			"rotationY": 0.0,
			"rotationZ": -1.0,
			"faces": {
				"north": { "texture": "#hunteroutfitskin1", "uv": [ 8.0, 13.0, 14.0, 15.75 ], "rotation": 90 },
				"east": { "texture": "#hunteroutfitskin1", "uv": [ 7.5, 13.5, 13.5, 15.75 ], "rotation": 90 },
				"south": { "texture": "#hunteroutfitskin1", "uv": [ 7.5, 13.0, 13.5, 15.75 ], "rotation": 90 },
				"west": { "texture": "#hunteroutfitskin1", "uv": [ 7.5, 13.5, 13.5, 15.75 ], "rotation": 90 },
				"up": { "texture": "#hunteroutfitskin1", "uv": [ 6.5, 13.25, 9.25, 15.5 ] },
				"down": { "texture": "#hunteroutfitskin1", "uv": [ 6.75, 13.5, 9.5, 15.75 ] }
			},
			"children": [
				{
					"name": "Cube79",
					"from": [ -0.1, -0.1, -0.1 ],
					"to": [ 2.9, 0.2, 2.4 ],
					"rotationOrigin": [ -0.1, 0.0, 1.2 ],
					"faces": {
						"north": { "texture": "#hunteroutfitskin1", "uv": [ 1.25, 13.75, 4.25, 14.0 ] },
						"east": { "texture": "#hunteroutfitskin1", "uv": [ 1.25, 13.5, 3.75, 13.75 ] },
						"south": { "texture": "#hunteroutfitskin1", "uv": [ 1.25, 13.75, 4.25, 14.0 ] },
						"west": { "texture": "#hunteroutfitskin1", "uv": [ 2.0, 14.75, 4.5, 15.0 ] },
						"up": { "texture": "#hunteroutfitskin1", "uv": [ 0.75, 13.25, 3.75, 15.75 ] },
						"down": { "texture": "#hunteroutfitskin1", "uv": [ 1.75, 13.25, 4.75, 15.75 ] }
					}
				},
				{
					"name": "Cube93",
					"from": [ -0.1, 0.9, -0.1 ],
					"to": [ 2.9, 1.2, 2.5 ],
					"rotationOrigin": [ -0.1, 1.0, 1.2 ],
					"rotationX": -22.5,
					"faces": {
						"north": { "texture": "#hunteroutfitskin1", "uv": [ 1.0, 13.5, 4.0, 13.75 ] },
						"east": { "texture": "#hunteroutfitskin1", "uv": [ 1.0, 13.75, 3.5, 14.0 ] },
						"south": { "texture": "#hunteroutfitskin1", "uv": [ 1.0, 14.25, 4.0, 14.5 ] },
						"west": { "texture": "#hunteroutfitskin1", "uv": [ 1.5, 14.0, 4.0, 14.25 ] },
						"up": { "texture": "#hunteroutfitskin1", "uv": [ 1.0, 13.5, 4.0, 16.0 ] },
						"down": { "texture": "#hunteroutfitskin1", "uv": [ 0.5, 13.0, 3.5, 15.5 ] }
					},
					"children": [
						{
							"name": "Cube112",
							"from": [ -0.01, 0.0, -0.12 ],
							"to": [ 2.99, 0.3, 2.48 ],
							"rotationOrigin": [ 0.0, 0.1, 1.3 ],
							"rotationX": 45.0,
							"faces": {
								"north": { "texture": "#hunteroutfitskin1", "uv": [ 0.75, 13.75, 3.75, 14.0 ] },
								"east": { "texture": "#hunteroutfitskin1", "uv": [ 1.0, 13.0, 3.5, 13.25 ] },
								"south": { "texture": "#hunteroutfitskin1", "uv": [ 2.0, 13.5, 5.0, 13.75 ] },
								"west": { "texture": "#hunteroutfitskin1", "uv": [ 1.0, 13.5, 3.5, 13.75 ] },
								"up": { "texture": "#hunteroutfitskin1", "uv": [ 0.75, 13.0, 3.75, 15.5 ] },
								"down": { "texture": "#hunteroutfitskin1", "uv": [ 1.0, 13.0, 4.0, 15.5 ] }
							}
						}
					]
				},
				{
					"name": "Cube113",
					"from": [ -0.1, 1.9, -0.1 ],
					"to": [ 2.9, 2.2, 2.5 ],
					"rotationOrigin": [ -0.1, 2.0, 1.2 ],
					"rotationX": -22.5,
					"faces": {
						"north": { "texture": "#hunteroutfitskin1", "uv": [ 1.0, 13.5, 4.0, 13.75 ] },
						"east": { "texture": "#hunteroutfitskin1", "uv": [ 1.0, 13.75, 3.5, 14.0 ] },
						"south": { "texture": "#hunteroutfitskin1", "uv": [ 0.25, 13.25, 3.25, 13.5 ] },
						"west": { "texture": "#hunteroutfitskin1", "uv": [ 1.5, 14.0, 4.0, 14.25 ] },
						"up": { "texture": "#hunteroutfitskin1", "uv": [ 1.5, 13.0, 4.5, 15.5 ] },
						"down": { "texture": "#hunteroutfitskin1", "uv": [ 1.0, 13.25, 4.0, 15.75 ] }
					},
					"children": [
						{
							"name": "Cube114",
							"from": [ -0.01, 0.0, -0.12 ],
							"to": [ 2.99, 0.3, 2.48 ],
							"rotationOrigin": [ 0.0, 0.1, 1.3 ],
							"rotationX": 45.0,
							"faces": {
								"north": { "texture": "#hunteroutfitskin1", "uv": [ 0.5, 13.5, 3.5, 13.75 ] },
								"east": { "texture": "#hunteroutfitskin1", "uv": [ 1.0, 13.25, 3.5, 13.5 ] },
								"south": { "texture": "#hunteroutfitskin1", "uv": [ 1.0, 13.25, 4.0, 13.5 ] },
								"west": { "texture": "#hunteroutfitskin1", "uv": [ 1.5, 13.75, 4.0, 14.0 ] },
								"up": { "texture": "#hunteroutfitskin1", "uv": [ 1.0, 13.0, 4.0, 15.5 ] },
								"down": { "texture": "#hunteroutfitskin1", "uv": [ 0.75, 13.5, 3.75, 16.0 ] }
							}
						}
					]
				},
				{
					"name": "Cube115",
					"from": [ -0.1, 2.9, -0.1 ],
					"to": [ 2.9, 3.2, 2.5 ],
					"rotationOrigin": [ -0.1, 3.0, 1.2 ],
					"rotationX": -22.5,
					"faces": {
						"north": { "texture": "#hunteroutfitskin1", "uv": [ 0.75, 14.0, 3.75, 14.25 ] },
						"east": { "texture": "#hunteroutfitskin1", "uv": [ 1.25, 13.25, 3.75, 13.5 ] },
						"south": { "texture": "#hunteroutfitskin1", "uv": [ 0.75, 13.25, 3.75, 13.5 ] },
						"west": { "texture": "#hunteroutfitskin1", "uv": [ 1.25, 13.0, 3.75, 13.25 ] },
						"up": { "texture": "#hunteroutfitskin1", "uv": [ 1.0, 13.5, 4.0, 16.0 ] },
						"down": { "texture": "#hunteroutfitskin1", "uv": [ 0.5, 13.25, 3.5, 15.75 ] }
					},
					"children": [
						{
							"name": "Cube116",
							"from": [ -0.01, 0.0, -0.12 ],
							"to": [ 2.99, 0.3, 2.48 ],
							"rotationOrigin": [ 0.0, 0.1, 1.3 ],
							"rotationX": 45.0,
							"faces": {
								"north": { "texture": "#hunteroutfitskin1", "uv": [ 1.0, 14.5, 4.0, 14.75 ] },
								"east": { "texture": "#hunteroutfitskin1", "uv": [ 1.0, 14.5, 3.5, 14.75 ] },
								"south": { "texture": "#hunteroutfitskin1", "uv": [ 1.0, 14.25, 4.0, 14.5 ] },
								"west": { "texture": "#hunteroutfitskin1", "uv": [ 1.75, 13.5, 4.25, 13.75 ] },
								"up": { "texture": "#hunteroutfitskin1", "uv": [ 0.75, 13.0, 3.75, 15.5 ] },
								"down": { "texture": "#hunteroutfitskin1", "uv": [ 0.75, 13.25, 3.75, 15.75 ] }
							}
						}
					]
				},
				{
					"name": "Cube117",
					"from": [ -0.1, 3.9, -0.1 ],
					"to": [ 2.9, 4.2, 2.5 ],
					"rotationOrigin": [ -0.1, 4.0, 1.2 ],
					"rotationX": -22.5,
					"faces": {
						"north": { "texture": "#hunteroutfitskin1", "uv": [ 0.25, 13.25, 3.25, 13.5 ] },
						"east": { "texture": "#hunteroutfitskin1", "uv": [ 0.5, 13.75, 3.0, 14.0 ] },
						"south": { "texture": "#hunteroutfitskin1", "uv": [ 1.5, 13.25, 4.5, 13.5 ] },
						"west": { "texture": "#hunteroutfitskin1", "uv": [ 1.0, 13.5, 3.5, 13.75 ] },
						"up": { "texture": "#hunteroutfitskin1", "uv": [ 0.5, 13.25, 3.5, 15.75 ] },
						"down": { "texture": "#hunteroutfitskin1", "uv": [ 1.25, 13.0, 4.25, 15.5 ] }
					},
					"children": [
						{
							"name": "Cube118",
							"from": [ -0.01, 0.0, -0.12 ],
							"to": [ 2.99, 0.3, 2.48 ],
							"rotationOrigin": [ 0.0, 0.1, 1.3 ],
							"rotationX": 45.0,
							"faces": {
								"north": { "texture": "#hunteroutfitskin1", "uv": [ 0.75, 13.5, 3.75, 13.75 ] },
								"east": { "texture": "#hunteroutfitskin1", "uv": [ 1.25, 13.75, 3.75, 14.0 ] },
								"south": { "texture": "#hunteroutfitskin1", "uv": [ 1.0, 13.25, 4.0, 13.5 ] },
								"west": { "texture": "#hunteroutfitskin1", "uv": [ 1.0, 13.75, 3.5, 14.0 ] },
								"up": { "texture": "#hunteroutfitskin1", "uv": [ 1.0, 13.25, 4.0, 15.75 ] },
								"down": { "texture": "#hunteroutfitskin1", "uv": [ 0.5, 13.25, 3.5, 15.75 ] }
							}
						}
					]
				},
				{
					"name": "Cube119",
					"from": [ -0.1, 4.9, -0.1 ],
					"to": [ 2.9, 5.2, 2.5 ],
					"rotationOrigin": [ -0.1, 5.0, 1.2 ],
					"rotationX": -22.5,
					"faces": {
						"north": { "texture": "#hunteroutfitskin1", "uv": [ 0.75, 13.25, 3.75, 13.5 ] },
						"east": { "texture": "#hunteroutfitskin1", "uv": [ 1.5, 13.25, 4.0, 13.5 ] },
						"south": { "texture": "#hunteroutfitskin1", "uv": [ 0.25, 14.0, 3.25, 14.25 ] },
						"west": { "texture": "#hunteroutfitskin1", "uv": [ 0.75, 13.5, 3.25, 13.75 ] },
						"up": { "texture": "#hunteroutfitskin1", "uv": [ 0.75, 13.25, 3.75, 15.75 ] },
						"down": { "texture": "#hunteroutfitskin1", "uv": [ 0.75, 13.0, 3.75, 15.5 ] }
					},
					"children": [
						{
							"name": "Cube120",
							"from": [ -0.01, 0.0, -0.12 ],
							"to": [ 2.99, 0.3, 2.48 ],
							"rotationOrigin": [ 0.0, 0.1, 1.3 ],
							"rotationX": 45.0,
							"faces": {
								"north": { "texture": "#hunteroutfitskin1", "uv": [ 0.75, 13.75, 3.75, 14.0 ] },
								"east": { "texture": "#hunteroutfitskin1", "uv": [ 0.75, 13.25, 3.25, 13.5 ] },
								"south": { "texture": "#hunteroutfitskin1", "uv": [ 0.75, 14.0, 3.75, 14.25 ] },
								"west": { "texture": "#hunteroutfitskin1", "uv": [ 1.25, 13.25, 3.75, 13.5 ] },
								"up": { "texture": "#hunteroutfitskin1", "uv": [ 0.75, 13.0, 3.75, 15.5 ] },
								"down": { "texture": "#hunteroutfitskin1", "uv": [ 1.0, 13.5, 4.0, 16.0 ] }
							}
						}
					]
				},
				{
					"name": "furcuff3",
					"from": [ -0.2, -1.0, 0.0 ],
					"to": [ 3.0, 0.0, 2.45 ],
					"rotationOrigin": [ 1.5, -1.0, 1.0 ],
					"faces": {
						"north": { "texture": "#hunteroutfitskin1", "uv": [ 0.5, 1.0, 3.5, 2.0 ] },
						"east": { "texture": "#hunteroutfitskin1", "uv": [ 0.25, 0.25, 2.5, 1.25 ] },
						"south": { "texture": "#hunteroutfitskin1", "uv": [ 0.5, 1.5, 3.5, 2.5 ] },
						"west": { "texture": "#hunteroutfitskin1", "uv": [ 0.5, 0.5, 2.75, 1.5 ] },
						"up": { "texture": "#hunteroutfitskin1", "uv": [ 0.5, 0.5, 3.5, 2.75 ] },
						"down": { "texture": "#hunteroutfitskin1", "uv": [ 0.5, 0.5, 3.5, 2.75 ] }
					}
				},
				{
					"name": "furcuff4",
					"from": [ -0.3, 4.71, -0.2 ],
					"to": [ 3.25, 6.01, 2.35 ],
					"rotationOrigin": [ 1.5, 5.0, 1.0 ],
					"faces": {
						"north": { "texture": "#hunteroutfitskin1", "uv": [ 0.5, 0.25, 4.0, 1.5 ] },
						"east": { "texture": "#hunteroutfitskin1", "uv": [ 0.5, 0.5, 3.0, 1.75 ] },
						"south": { "texture": "#hunteroutfitskin1", "uv": [ 0.25, 0.25, 3.75, 1.5 ] },
						"west": { "texture": "#hunteroutfitskin1", "uv": [ 0.5, 0.5, 3.0, 1.75 ] },
						"up": { "texture": "#hunteroutfitskin1", "uv": [ 0.75, 0.25, 4.25, 2.75 ] },
						"down": { "texture": "#hunteroutfitskin1", "uv": [ 0.5, 0.5, 4.0, 3.0 ] }
					}
				}
			]
		}
	]}