{
	"editor": {
		"backDropShape": "game:seraph",
		"allAngles": false,
		"entityTextureMode": false
	},
	"textureWidth": 16,
	"textureHeight": 16,
	"textureSizes": {
	},
	"textures": {
		"hunteroutfitskin1": "items/armor/hunteroutfitskin1"
	},
	"elements": [
		{
			"name": "rboot",
			"stepParentName": "LowerFootR",
			"from": [ -0.3, 0.0, -0.16 ],
			"to": [ 4.1, 1.0, 3.24 ],
			"rotationOrigin": [ 2.5, 0.0, 1.5 ],
			"faces": {
				"north": { "texture": "#hunteroutfitskin1", "uv": [ 0.25, 0.25, 4.5, 1.25 ] },
				"east": { "texture": "#hunteroutfitskin1", "uv": [ 0.25, 0.5, 3.5, 1.5 ] },
				"south": { "texture": "#hunteroutfitskin1", "uv": [ 0.25, 0.25, 4.5, 1.25 ] },
				"west": { "texture": "#hunteroutfitskin1", "uv": [ 0.5, 0.5, 3.75, 1.5 ] },
				"up": { "texture": "#hunteroutfitskin1", "uv": [ 0.25, 1.0, 4.5, 4.25 ] },
				"down": { "texture": "#hunteroutfitskin1", "uv": [ 0.5, 0.75, 4.75, 4.0 ] }
			},
			"children": [
				{
					"name": "Cube95",
					"from": [ -0.5, 0.0, 1.75 ],
					"to": [ 0.9, 1.2, 2.95 ],
					"rotationOrigin": [ 0.2, 0.0, 2.5 ],
					"faces": {
						"north": { "texture": "#hunteroutfitskin1", "uv": [ 0.75, 0.25, 2.0, 1.25 ] },
						"east": { "texture": "#hunteroutfitskin1", "uv": [ 0.75, 0.5, 1.75, 1.5 ] },
						"south": { "texture": "#hunteroutfitskin1", "uv": [ 0.25, 1.0, 1.5, 2.0 ] },
						"west": { "texture": "#hunteroutfitskin1", "uv": [ 0.5, 0.5, 1.5, 1.5 ] },
						"up": { "texture": "#hunteroutfitskin1", "uv": [ 0.5, 0.25, 1.75, 1.25 ] },
						"down": { "texture": "#hunteroutfitskin1", "uv": [ 0.5, 0.25, 1.75, 1.25 ] }
					},
					"children": [
						{
							"name": "Cube96",
							"from": [ -0.25, 0.0, 0.45 ],
							"to": [ 0.05, 0.7, 0.65 ],
							"rotationOrigin": [ 0.0, 0.0, 0.65 ],
							"faces": {
								"north": { "texture": "#hunteroutfitskin1", "uv": [ 0.25, 11.5, 0.5, 12.0 ] },
								"east": { "texture": "#hunteroutfitskin1", "uv": [ 0.25, 11.25, 0.5, 11.75 ] },
								"south": { "texture": "#hunteroutfitskin1", "uv": [ 0.25, 11.5, 0.5, 12.0 ] },
								"west": { "texture": "#hunteroutfitskin1", "uv": [ 0.25, 11.75, 0.5, 12.25 ] },
								"up": { "texture": "#hunteroutfitskin1", "uv": [ 0.25, 12.0, 0.5, 12.25 ] },
								"down": { "texture": "#hunteroutfitskin1", "uv": [ 0.25, 11.25, 0.5, 11.5 ] }
							}
						}
					]
				},
				{
					"name": "Cube97",
					"from": [ -0.3, 0.0, 2.45 ],
					"to": [ 0.9, 1.1, 3.45 ],
					"rotationOrigin": [ 0.2, 0.0, 3.5 ],
					"faces": {
						"north": { "texture": "#hunteroutfitskin1", "uv": [ 0.5, 1.25, 1.5, 2.25 ] },
						"east": { "texture": "#hunteroutfitskin1", "uv": [ 1.5, 1.75, 2.5, 2.75 ] },
						"south": { "texture": "#hunteroutfitskin1", "uv": [ 1.25, 1.0, 2.25, 2.0 ] },
						"west": { "texture": "#hunteroutfitskin1", "uv": [ 0.25, 0.75, 1.25, 1.75 ] },
						"up": { "texture": "#hunteroutfitskin1", "uv": [ 0.5, 0.75, 1.5, 1.75 ] },
						"down": { "texture": "#hunteroutfitskin1", "uv": [ 0.5, 1.0, 1.5, 2.0 ] }
					},
					"children": [
						{
							"name": "Cube98",
							"from": [ -0.25, 0.0, 0.6 ],
							"to": [ 0.05, 0.5, 0.8 ],
							"rotationOrigin": [ 0.0, 0.0, 0.75 ],
							"faces": {
								"north": { "texture": "#hunteroutfitskin1", "uv": [ 0.25, 11.5, 0.5, 12.0 ] },
								"east": { "texture": "#hunteroutfitskin1", "uv": [ 0.25, 11.25, 0.5, 11.75 ] },
								"south": { "texture": "#hunteroutfitskin1", "uv": [ 0.25, 11.0, 0.5, 11.5 ] },
								"west": { "texture": "#hunteroutfitskin1", "uv": [ 0.25, 11.5, 0.5, 12.0 ] },
								"up": { "texture": "#hunteroutfitskin1", "uv": [ 0.25, 11.75, 0.5, 12.0 ] },
								"down": { "texture": "#hunteroutfitskin1", "uv": [ 0.25, 11.25, 0.5, 11.5 ] }
							}
						}
					]
				},
				{
					"name": "Cube99",
					"from": [ -0.3, 0.0, -0.1 ],
					"to": [ 0.9, 1.1, 0.9 ],
					"rotationOrigin": [ 0.2, 0.0, 0.5 ],
					"faces": {
						"north": { "texture": "#hunteroutfitskin1", "uv": [ 0.25, 0.5, 1.25, 1.5 ] },
						"east": { "texture": "#hunteroutfitskin1", "uv": [ 0.75, 0.5, 1.75, 1.5 ] },
						"south": { "texture": "#hunteroutfitskin1", "uv": [ 0.5, 0.5, 1.5, 1.5 ] },
						"west": { "texture": "#hunteroutfitskin1", "uv": [ 0.75, 0.75, 1.75, 1.75 ] },
						"up": { "texture": "#hunteroutfitskin1", "uv": [ 0.25, 0.5, 1.25, 1.5 ] },
						"down": { "texture": "#hunteroutfitskin1", "uv": [ 0.25, 0.75, 1.25, 1.75 ] }
					},
					"children": [
						{
							"name": "Cube100",
							"from": [ -0.25, 0.0, 0.3 ],
							"to": [ 0.05, 0.5, 0.5 ],
							"rotationOrigin": [ 0.0, 0.0, 0.3 ],
							"faces": {
								"north": { "texture": "#hunteroutfitskin1", "uv": [ 0.25, 11.25, 0.5, 11.75 ] },
								"east": { "texture": "#hunteroutfitskin1", "uv": [ 0.25, 11.25, 0.5, 11.75 ] },
								"south": { "texture": "#hunteroutfitskin1", "uv": [ 0.0, 11.5, 0.25, 12.0 ] },
								"west": { "texture": "#hunteroutfitskin1", "uv": [ 0.25, 11.75, 0.5, 12.25 ] },
								"up": { "texture": "#hunteroutfitskin1", "uv": [ 0.25, 11.5, 0.5, 11.75 ] },
								"down": { "texture": "#hunteroutfitskin1", "uv": [ 0.25, 11.0, 0.5, 11.25 ] }
							}
						}
					]
				},
				{
					"name": "Cube101",
					"from": [ -0.5, 0.0, 0.5 ],
					"to": [ 0.9, 1.2, 1.7 ],
					"rotationOrigin": [ 0.2, 0.0, 1.5 ],
					"faces": {
						"north": { "texture": "#hunteroutfitskin1", "uv": [ 0.75, 1.25, 2.0, 2.25 ] },
						"east": { "texture": "#hunteroutfitskin1", "uv": [ 0.25, 0.25, 1.25, 1.25 ] },
						"south": { "texture": "#hunteroutfitskin1", "uv": [ 0.25, 0.75, 1.5, 1.75 ] },
						"west": { "texture": "#hunteroutfitskin1", "uv": [ 1.75, 0.75, 2.75, 1.75 ] },
						"up": { "texture": "#hunteroutfitskin1", "uv": [ 0.5, 0.25, 1.75, 1.25 ] },
						"down": { "texture": "#hunteroutfitskin1", "uv": [ 0.25, 0.75, 1.5, 1.75 ] }
					},
					"children": [
						{
							"name": "Cube102",
							"from": [ -0.25, 0.0, 0.5 ],
							"to": [ 0.05, 0.7, 0.7 ],
							"rotationOrigin": [ 0.0, 0.0, 0.7 ],
							"faces": {
								"north": { "texture": "#hunteroutfitskin1", "uv": [ 0.25, 11.25, 0.5, 11.75 ] },
								"east": { "texture": "#hunteroutfitskin1", "uv": [ 0.25, 11.25, 0.5, 11.75 ] },
								"south": { "texture": "#hunteroutfitskin1", "uv": [ 0.0, 11.75, 0.25, 12.25 ] },
								"west": { "texture": "#hunteroutfitskin1", "uv": [ 0.25, 11.25, 0.5, 11.75 ] },
								"up": { "texture": "#hunteroutfitskin1", "uv": [ 0.25, 11.25, 0.5, 11.5 ] },
								"down": { "texture": "#hunteroutfitskin1", "uv": [ 0.25, 11.5, 0.5, 11.75 ] }
							}
						}
					]
				},
				{
					"name": "Cube103",
					"from": [ 0.0, 5.2, -0.1 ],
					"to": [ 4.5, 8.2, 3.4 ],
					"rotationOrigin": [ 2.5, 7.0, 1.5 ],
					"faces": {
						"north": { "texture": "#hunteroutfitskin1", "uv": [ 0.5, 1.25, 5.0, 4.25 ] },
						"east": { "texture": "#hunteroutfitskin1", "uv": [ 0.5, 0.25, 4.0, 3.25 ] },
						"south": { "texture": "#hunteroutfitskin1", "uv": [ 0.5, 0.75, 5.0, 3.75 ] },
						"west": { "texture": "#hunteroutfitskin1", "uv": [ 0.75, 0.75, 4.25, 3.75 ] },
						"up": { "texture": "#hunteroutfitskin1", "uv": [ 0.5, 0.25, 5.0, 3.75 ] },
						"down": { "texture": "#hunteroutfitskin1", "uv": [ 0.25, 0.25, 4.75, 3.75 ] }
					}
				},
				{
					"name": "Cube104",
					"from": [ 0.2, -0.07, 0.1 ],
					"to": [ 4.35, 5.43, 3.2 ],
					"rotationOrigin": [ 2.4, 9.0, 1.8 ],
					"faces": {
						"north": { "texture": "#hunteroutfitskin1", "uv": [ 7.0, 13.5, 12.5, 15.5 ], "rotation": 90, "autoUv": false },
						"east": { "texture": "#hunteroutfitskin1", "uv": [ 7.75, 13.0, 13.0, 14.75 ], "rotation": 90, "autoUv": false },
						"south": { "texture": "#hunteroutfitskin1", "uv": [ 7.5, 13.25, 12.75, 15.0 ], "rotation": 90, "autoUv": false },
						"west": { "texture": "#hunteroutfitskin1", "uv": [ 7.5, 13.5, 13.0, 15.5 ], "rotation": 90, "autoUv": false },
						"up": { "texture": "#hunteroutfitskin1", "uv": [ 6.75, 13.25, 10.75, 15.75 ], "autoUv": false },
						"down": { "texture": "#hunteroutfitskin1", "uv": [ 6.5, 13.5, 10.25, 15.5 ], "autoUv": false }
					}
				},
				{
					"name": "Cube105",
					"from": [ 0.0, 1.93, -0.1 ],
					"to": [ 4.5, 2.23, 3.4 ],
					"rotationOrigin": [ 0.8, 2.0274, 1.7 ],
					"rotationX": -25.0,
					"faces": {
						"north": { "texture": "#hunteroutfitskin1", "uv": [ 0.5, 14.25, 5.0, 14.5 ] },
						"east": { "texture": "#hunteroutfitskin1", "uv": [ 1.5, 13.75, 5.0, 14.0 ] },
						"south": { "texture": "#hunteroutfitskin1", "uv": [ 0.5, 13.75, 5.0, 14.0 ] },
						"west": { "texture": "#hunteroutfitskin1", "uv": [ 1.5, 13.75, 5.0, 14.0 ] },
						"up": { "texture": "#hunteroutfitskin1", "uv": [ 0.75, 14.0, 4.25, 15.75 ], "autoUv": false },
						"down": { "texture": "#hunteroutfitskin1", "uv": [ 0.25, 13.25, 3.75, 15.25 ], "autoUv": false }
					},
					"children": [
						{
							"name": "Cube106",
							"from": [ 0.0, 0.0, 0.0 ],
							"to": [ 4.5, 0.3, 3.5 ],
							"rotationOrigin": [ 0.8, 0.0974, 1.8 ],
							"rotationX": 47.5,
							"faces": {
								"north": { "texture": "#hunteroutfitskin1", "uv": [ 0.75, 13.5, 5.25, 13.75 ] },
								"east": { "texture": "#hunteroutfitskin1", "uv": [ 1.75, 13.5, 5.25, 13.75 ] },
								"south": { "texture": "#hunteroutfitskin1", "uv": [ 0.75, 13.5, 5.25, 13.75 ] },
								"west": { "texture": "#hunteroutfitskin1", "uv": [ 0.75, 15.0, 4.25, 15.25 ] },
								"up": { "texture": "#hunteroutfitskin1", "uv": [ 0.75, 13.25, 4.25, 15.5 ], "autoUv": false },
								"down": { "texture": "#hunteroutfitskin1", "uv": [ 1.0, 13.25, 4.75, 15.75 ], "autoUv": false }
							}
						}
					]
				},
				{
					"name": "Cube107",
					"from": [ 0.0, 3.93, -0.1 ],
					"to": [ 4.5, 4.23, 3.4 ],
					"rotationOrigin": [ 0.8, 4.0274, 1.7 ],
					"rotationX": -25.0,
					"faces": {
						"north": { "texture": "#hunteroutfitskin1", "uv": [ 0.75, 14.0, 5.25, 14.25 ] },
						"east": { "texture": "#hunteroutfitskin1", "uv": [ 1.25, 14.0, 4.75, 14.25 ] },
						"south": { "texture": "#hunteroutfitskin1", "uv": [ 1.0, 13.5, 5.5, 13.75 ] },
						"west": { "texture": "#hunteroutfitskin1", "uv": [ 0.75, 13.25, 4.25, 13.5 ] },
						"up": { "texture": "#hunteroutfitskin1", "uv": [ 1.0, 13.5, 4.75, 15.75 ], "autoUv": false },
						"down": { "texture": "#hunteroutfitskin1", "uv": [ 1.25, 13.0, 4.75, 15.0 ], "autoUv": false }
					},
					"children": [
						{
							"name": "Cube108",
							"from": [ 0.0, 0.0, 0.0 ],
							"to": [ 4.5, 0.3, 3.5 ],
							"rotationOrigin": [ 0.8, 0.0974, 1.8 ],
							"rotationX": 47.5,
							"faces": {
								"north": { "texture": "#hunteroutfitskin1", "uv": [ 0.75, 13.5, 5.25, 13.75 ] },
								"east": { "texture": "#hunteroutfitskin1", "uv": [ 1.0, 13.75, 4.5, 14.0 ] },
								"south": { "texture": "#hunteroutfitskin1", "uv": [ 0.5, 14.0, 5.0, 14.25 ] },
								"west": { "texture": "#hunteroutfitskin1", "uv": [ 0.75, 14.0, 4.25, 14.25 ] },
								"up": { "texture": "#hunteroutfitskin1", "uv": [ 1.0, 13.25, 4.25, 15.5 ], "autoUv": false },
								"down": { "texture": "#hunteroutfitskin1", "uv": [ 1.25, 13.0, 4.75, 15.0 ], "autoUv": false }
							}
						}
					]
				}
			]
		},
		{
			"name": "lboot",
			"stepParentName": "LowerFootL",
			"from": [ -0.3, 0.0, -0.16 ],
			"to": [ 4.1, 1.0, 3.24 ],
			"rotationOrigin": [ 1.5, 0.0, 1.5 ],
			"faces": {
				"north": { "texture": "#hunteroutfitskin1", "uv": [ 0.5, 1.5, 4.75, 2.5 ] },
				"east": { "texture": "#hunteroutfitskin1", "uv": [ 0.25, 0.25, 3.5, 1.25 ] },
				"south": { "texture": "#hunteroutfitskin1", "uv": [ 0.5, 0.5, 4.75, 1.5 ] },
				"west": { "texture": "#hunteroutfitskin1", "uv": [ 0.5, 1.0, 3.75, 2.0 ] },
				"up": { "texture": "#hunteroutfitskin1", "uv": [ 0.75, 0.75, 5.0, 4.0 ] },
				"down": { "texture": "#hunteroutfitskin1", "uv": [ 0.5, 1.5, 4.75, 4.75 ] }
			},
			"children": [
				{
					"name": "Cube63",
					"from": [ -0.5, 0.0, 1.75 ],
					"to": [ 0.9, 1.2, 2.95 ],
					"rotationOrigin": [ 0.2, 0.0, 2.5 ],
					"faces": {
						"north": { "texture": "#hunteroutfitskin1", "uv": [ 0.75, 0.75, 2.0, 1.75 ] },
						"east": { "texture": "#hunteroutfitskin1", "uv": [ 1.25, 1.0, 2.25, 2.0 ] },
						"south": { "texture": "#hunteroutfitskin1", "uv": [ 0.75, 0.5, 2.0, 1.5 ] },
						"west": { "texture": "#hunteroutfitskin1", "uv": [ 1.25, 1.5, 2.25, 2.5 ] },
						"up": { "texture": "#hunteroutfitskin1", "uv": [ 0.25, 0.25, 1.5, 1.25 ] },
						"down": { "texture": "#hunteroutfitskin1", "uv": [ 0.25, 0.25, 1.5, 1.25 ] }
					},
					"children": [
						{
							"name": "Cube66",
							"from": [ -0.25, 0.0, 0.45 ],
							"to": [ 0.05, 0.7, 0.65 ],
							"rotationOrigin": [ 0.0, 0.0, 0.65 ],
							"faces": {
								"north": { "texture": "#hunteroutfitskin1", "uv": [ 0.25, 11.5, 0.5, 12.0 ] },
								"east": { "texture": "#hunteroutfitskin1", "uv": [ 0.25, 11.25, 0.5, 11.75 ] },
								"south": { "texture": "#hunteroutfitskin1", "uv": [ 0.25, 11.0, 0.5, 11.5 ] },
								"west": { "texture": "#hunteroutfitskin1", "uv": [ 0.25, 11.5, 0.5, 12.0 ] },
								"up": { "texture": "#hunteroutfitskin1", "uv": [ 0.25, 12.5, 0.5, 12.75 ] },
								"down": { "texture": "#hunteroutfitskin1", "uv": [ 0.25, 11.5, 0.5, 11.75 ] }
							}
						}
					]
				},
				{
					"name": "Cube64",
					"from": [ -0.3, 0.0, 2.45 ],
					"to": [ 0.9, 1.1, 3.45 ],
					"rotationOrigin": [ 0.2, 0.0, 3.5 ],
					"faces": {
						"north": { "texture": "#hunteroutfitskin1", "uv": [ 0.5, 0.5, 1.5, 1.5 ] },
						"east": { "texture": "#hunteroutfitskin1", "uv": [ 0.75, 0.5, 1.75, 1.5 ] },
						"south": { "texture": "#hunteroutfitskin1", "uv": [ 0.25, 0.75, 1.25, 1.75 ] },
						"west": { "texture": "#hunteroutfitskin1", "uv": [ 0.75, 0.25, 1.75, 1.25 ] },
						"up": { "texture": "#hunteroutfitskin1", "uv": [ 0.5, 0.25, 1.5, 1.25 ] },
						"down": { "texture": "#hunteroutfitskin1", "uv": [ 0.5, 1.0, 1.5, 2.0 ] }
					},
					"children": [
						{
							"name": "Cube69",
							"from": [ -0.25, 0.0, 0.6 ],
							"to": [ 0.05, 0.5, 0.8 ],
							"rotationOrigin": [ 0.0, 0.0, 0.75 ],
							"faces": {
								"north": { "texture": "#hunteroutfitskin1", "uv": [ 0.25, 11.75, 0.5, 12.25 ] },
								"east": { "texture": "#hunteroutfitskin1", "uv": [ 0.25, 11.5, 0.5, 12.0 ] },
								"south": { "texture": "#hunteroutfitskin1", "uv": [ 0.25, 11.25, 0.5, 11.75 ] },
								"west": { "texture": "#hunteroutfitskin1", "uv": [ 0.25, 11.75, 0.5, 12.25 ] },
								"up": { "texture": "#hunteroutfitskin1", "uv": [ 0.25, 12.0, 0.5, 12.25 ] },
								"down": { "texture": "#hunteroutfitskin1", "uv": [ 0.25, 11.75, 0.5, 12.0 ] }
							}
						}
					]
				},
				{
					"name": "Cube65",
					"from": [ -0.3, 0.0, -0.1 ],
					"to": [ 0.9, 1.1, 0.9 ],
					"rotationOrigin": [ 0.2, 0.0, 0.5 ],
					"faces": {
						"north": { "texture": "#hunteroutfitskin1", "uv": [ 0.25, 1.0, 1.25, 2.0 ] },
						"east": { "texture": "#hunteroutfitskin1", "uv": [ 0.75, 0.5, 1.75, 1.5 ] },
						"south": { "texture": "#hunteroutfitskin1", "uv": [ 0.5, 1.0, 1.5, 2.0 ] },
						"west": { "texture": "#hunteroutfitskin1", "uv": [ 1.25, 1.5, 2.25, 2.5 ] },
						"up": { "texture": "#hunteroutfitskin1", "uv": [ 1.0, 1.75, 2.0, 2.75 ] },
						"down": { "texture": "#hunteroutfitskin1", "uv": [ 0.25, 0.5, 1.25, 1.5 ] }
					},
					"children": [
						{
							"name": "Cube68",
							"from": [ -0.25, 0.0, 0.3 ],
							"to": [ 0.05, 0.5, 0.5 ],
							"rotationOrigin": [ 0.0, 0.0, 0.3 ],
							"faces": {
								"north": { "texture": "#hunteroutfitskin1", "uv": [ 0.25, 11.75, 0.5, 12.25 ] },
								"east": { "texture": "#hunteroutfitskin1", "uv": [ 0.25, 11.75, 0.5, 12.25 ] },
								"south": { "texture": "#hunteroutfitskin1", "uv": [ 0.25, 11.5, 0.5, 12.0 ] },
								"west": { "texture": "#hunteroutfitskin1", "uv": [ 0.25, 11.25, 0.5, 11.75 ] },
								"up": { "texture": "#hunteroutfitskin1", "uv": [ 0.25, 11.75, 0.5, 12.0 ] },
								"down": { "texture": "#hunteroutfitskin1", "uv": [ 0.25, 11.5, 0.5, 11.75 ] }
							}
						}
					]
				},
				{
					"name": "Cube62",
					"from": [ -0.5, 0.0, 0.5 ],
					"to": [ 0.9, 1.2, 1.7 ],
					"rotationOrigin": [ 0.2, 0.0, 1.5 ],
					"faces": {
						"north": { "texture": "#hunteroutfitskin1", "uv": [ 0.5, 0.25, 1.75, 1.25 ] },
						"east": { "texture": "#hunteroutfitskin1", "uv": [ 0.75, 0.5, 1.75, 1.5 ] },
						"south": { "texture": "#hunteroutfitskin1", "uv": [ 0.5, 1.0, 1.75, 2.0 ] },
						"west": { "texture": "#hunteroutfitskin1", "uv": [ 0.25, 0.5, 1.25, 1.5 ] },
						"up": { "texture": "#hunteroutfitskin1", "uv": [ 1.0, 0.25, 2.25, 1.25 ] },
						"down": { "texture": "#hunteroutfitskin1", "uv": [ 0.25, 0.25, 1.5, 1.25 ] }
					},
					"children": [
						{
							"name": "Cube67",
							"from": [ -0.25, 0.0, 0.5 ],
							"to": [ 0.05, 0.7, 0.7 ],
							"rotationOrigin": [ 0.0, 0.0, 0.7 ],
							"faces": {
								"north": { "texture": "#hunteroutfitskin1", "uv": [ 0.25, 11.0, 0.5, 11.5 ] },
								"east": { "texture": "#hunteroutfitskin1", "uv": [ 0.25, 11.5, 0.5, 12.0 ] },
								"south": { "texture": "#hunteroutfitskin1", "uv": [ 0.25, 11.75, 0.5, 12.25 ] },
								"west": { "texture": "#hunteroutfitskin1", "uv": [ 0.25, 11.75, 0.5, 12.25 ] },
								"up": { "texture": "#hunteroutfitskin1", "uv": [ 0.25, 11.75, 0.5, 12.0 ] },
								"down": { "texture": "#hunteroutfitskin1", "uv": [ 0.25, 12.0, 0.5, 12.25 ] }
							}
						}
					]
				},
				{
					"name": "Cube70",
					"from": [ 0.0, 5.2, -0.1 ],
					"to": [ 4.5, 8.2, 3.4 ],
					"rotationOrigin": [ 2.5, 7.0, 1.5 ],
					"faces": {
						"north": { "texture": "#hunteroutfitskin1", "uv": [ 0.25, 1.25, 4.75, 4.25 ] },
						"east": { "texture": "#hunteroutfitskin1", "uv": [ 0.5, 0.75, 4.0, 3.75 ] },
						"south": { "texture": "#hunteroutfitskin1", "uv": [ 0.5, 0.75, 5.0, 3.75 ] },
						"west": { "texture": "#hunteroutfitskin1", "uv": [ 0.5, 0.5, 4.0, 3.5 ] },
						"up": { "texture": "#hunteroutfitskin1", "uv": [ 0.25, 0.5, 4.75, 4.0 ] },
						"down": { "texture": "#hunteroutfitskin1", "uv": [ 0.5, 0.75, 5.0, 4.25 ] }
					}
				},
				{
					"name": "Cube61",
					"from": [ 0.2, -0.07, 0.1 ],
					"to": [ 4.35, 5.43, 3.2 ],
					"rotationOrigin": [ 2.4, 5.0, 1.8 ],
					"faces": {
						"north": { "texture": "#hunteroutfitskin1", "uv": [ 6.5, 13.25, 12.75, 15.75 ], "rotation": 90, "autoUv": false },
						"east": { "texture": "#hunteroutfitskin1", "uv": [ 7.75, 13.25, 14.0, 15.5 ], "rotation": 90, "autoUv": false },
						"south": { "texture": "#hunteroutfitskin1", "uv": [ 6.75, 13.25, 12.25, 15.25 ], "rotation": 90, "autoUv": false },
						"west": { "texture": "#hunteroutfitskin1", "uv": [ 6.75, 13.0, 12.25, 15.75 ], "rotation": 90, "autoUv": false },
						"up": { "texture": "#hunteroutfitskin1", "uv": [ 6.25, 13.5, 9.25, 15.5 ], "autoUv": false },
						"down": { "texture": "#hunteroutfitskin1", "uv": [ 6.5, 13.0, 9.75, 15.5 ], "autoUv": false }
					}
				},
				{
					"name": "Cube71",
					"from": [ 0.0, 1.93, -0.1 ],
					"to": [ 4.5, 2.23, 3.4 ],
					"rotationOrigin": [ 0.8, 2.0274, 1.7 ],
					"rotationX": -25.0,
					"faces": {
						"north": { "texture": "#hunteroutfitskin1", "uv": [ 0.5, 13.75, 5.0, 14.0 ] },
						"east": { "texture": "#hunteroutfitskin1", "uv": [ 1.5, 13.75, 5.0, 14.0 ] },
						"south": { "texture": "#hunteroutfitskin1", "uv": [ 0.5, 13.75, 5.0, 14.0 ] },
						"west": { "texture": "#hunteroutfitskin1", "uv": [ 1.25, 13.5, 4.75, 13.75 ] },
						"up": { "texture": "#hunteroutfitskin1", "uv": [ 0.75, 13.75, 4.75, 15.5 ], "autoUv": false },
						"down": { "texture": "#hunteroutfitskin1", "uv": [ 1.25, 13.5, 5.0, 15.5 ], "autoUv": false }
					},
					"children": [
						{
							"name": "Cube72",
							"from": [ 0.0, 0.0, 0.0 ],
							"to": [ 4.5, 0.3, 3.5 ],
							"rotationOrigin": [ 0.8, 0.0974, 1.8 ],
							"rotationX": 47.5,
							"faces": {
								"north": { "texture": "#hunteroutfitskin1", "uv": [ 0.75, 14.75, 5.25, 15.0 ] },
								"east": { "texture": "#hunteroutfitskin1", "uv": [ 1.25, 13.5, 4.75, 13.75 ] },
								"south": { "texture": "#hunteroutfitskin1", "uv": [ 1.0, 13.5, 5.5, 13.75 ] },
								"west": { "texture": "#hunteroutfitskin1", "uv": [ 1.75, 14.0, 5.25, 14.25 ] },
								"up": { "texture": "#hunteroutfitskin1", "uv": [ 1.25, 13.25, 5.0, 15.5 ], "autoUv": false },
								"down": { "texture": "#hunteroutfitskin1", "uv": [ 1.25, 13.25, 5.0, 15.5 ], "autoUv": false }
							}
						}
					]
				},
				{
					"name": "Cube73",
					"from": [ 0.0, 3.93, -0.1 ],
					"to": [ 4.5, 4.23, 3.4 ],
					"rotationOrigin": [ 0.8, 4.0274, 1.7 ],
					"rotationX": -25.0,
					"faces": {
						"north": { "texture": "#hunteroutfitskin1", "uv": [ 0.75, 14.0, 5.25, 14.25 ] },
						"east": { "texture": "#hunteroutfitskin1", "uv": [ 0.75, 14.5, 4.25, 14.75 ] },
						"south": { "texture": "#hunteroutfitskin1", "uv": [ 0.75, 14.5, 5.25, 14.75 ] },
						"west": { "texture": "#hunteroutfitskin1", "uv": [ 1.5, 14.0, 5.0, 14.25 ] },
						"up": { "texture": "#hunteroutfitskin1", "uv": [ 1.0, 13.25, 5.0, 15.5 ], "autoUv": false },
						"down": { "texture": "#hunteroutfitskin1", "uv": [ 1.25, 13.25, 4.75, 15.25 ], "autoUv": false }
					},
					"children": [
						{
							"name": "Cube74",
							"from": [ 0.0, 0.0, 0.0 ],
							"to": [ 4.5, 0.3, 3.5 ],
							"rotationOrigin": [ 0.8, 0.0974, 1.8 ],
							"rotationX": 47.5,
							"faces": {
								"north": { "texture": "#hunteroutfitskin1", "uv": [ 0.5, 14.25, 5.0, 14.5 ] },
								"east": { "texture": "#hunteroutfitskin1", "uv": [ 1.0, 14.0, 4.5, 14.25 ] },
								"south": { "texture": "#hunteroutfitskin1", "uv": [ 0.5, 14.0, 5.0, 14.25 ] },
								"west": { "texture": "#hunteroutfitskin1", "uv": [ 1.5, 13.75, 5.0, 14.0 ] },
								"up": { "texture": "#hunteroutfitskin1", "uv": [ 1.25, 13.5, 5.0, 15.5 ], "autoUv": false },
								"down": { "texture": "#hunteroutfitskin1", "uv": [ 1.75, 13.25, 5.0, 15.0 ], "autoUv": false }
							}
						}
					]
				}
			]
		}
	]}