﻿{
  "version": 2,
  "file": "spinningwheel.json",
  "settings": {
    "boolean": {
      "REQUIRE_CLASS_OR_TRAIT": {
        "name": "RequireClassOrTrait",
        "ingui": "spinningwheel:RequireClassOrTrait",
        "weight": 0.91,
        "comment": "spinningwheel:RequireClassOrTrait-Comment",
        "default": false
      },
      "TWINE_GRID_RECIPE_TOGGLE": {
        "name": "DisableTwineGridRecipes",
        "ingui": "spinningwheel:setting-twine-grid-recipe-toggle",
        "weight": 0.92,
        "comment": "spinningwheel:setting-twine-grid-recipe-toggle-comment",
        "default": true
      },
      "SHOW_DROP_SPINDLE_PROGRESS": {
        "name": "ShowDropSpindleProgressMessages",
        "ingui": "spinningwheel:setting-show-dropspindle-progress",
        "weight": 0.93,
        "comment": "spinningwheel:setting-show-dropspindle-progress-comment",
        "default": false
      }
    },
    "float": {
      "FLAX_SPIN_TIME": {
        "name": "FlaxSpinTime",
        "ingui": "spinningwheel:setting-flax-spin-time",
        "weight": 1.51,
        "comment": "spinningwheel:setting-flax-spin-time-comment",
        "default": 4.0,
        "range": {
          "min": 1.0,
          "max": 30.0
        }
      },
      "COTTON_SPIN_TIME": {
        "name": "CottonSpinTime",
        "ingui": "spinningwheel:setting-cotton-spin-time",
        "weight": 2.01,
        "comment": "spinningwheel:setting-cotton-spin-time-comment",
        "default": 4.0,
        "range": {
          "min": 1.0,
          "max": 30.0
        }
      },
      "WOOL_FIBER_SPIN_TIME": {
        "name": "WoolFiberSpinTime",
        "ingui": "spinningwheel:setting-wool-fiber-spin-time",
        "weight": 2.51,
        "comment": "spinningwheel:setting-wool-fiber-spin-time-comment",
        "default": 4.0,
        "range": {
          "min": 1.0,
          "max": 30.0
        }
      },
      "WOOL_TWINE_SPIN_TIME": {
        "name": "WoolTwineSpinTime",
        "ingui": "spinningwheel:setting-wool-twine-spin-time",
        "weight": 2.58,
        "comment": "spinningwheel:setting-wool-twine-spin-time-comment",
        "default": 4.0,
        "range": {
          "min": 1.0,
          "max": 30.0
        }
      },
      "PAPYRUS_SPIN_TIME": {
        "name": "PapyrusSpinTime",
        "ingui": "spinningwheel:setting-papyrus-spin-time",
        "weight": 3.03,
        "comment": "spinningwheel:setting-papyrus-spin-time-comment",
        "default": 4.0,
        "range": {
          "min": 1.0,
          "max": 30.0
        }
      },
      "ALGAE_SPIN_TIME": {
        "name": "AlgaeSpinTime",
        "ingui": "spinningwheel:setting-algae-spin-time",
        "weight": 3.06,
        "comment": "spinningwheel:setting-algae-spin-time-comment",
        "default": 6.5,
        "range": {
          "min": 1.0,
          "max": 30.0
        }
      },
      "SHIFTING_FIBERS_SPIN_TIME": {
        "name": "ShiftingFibersSpinTime",
        "ingui": "spinningwheel:setting-shiftingfibers-spin-time",
        "weight": 4.01,
        "comment": "spinningwheel:setting-shiftingfibers-spin-time-comment",
        "default": 4.0,
        "range": {
          "min": 1.0,
          "max": 30.0
        }
      }
    },
    "integer": {
      "FLAX_INPUT_QUANTITY": {
        "name": "FlaxInputQuantity",
        "ingui": "spinningwheel:setting-flax-input-quantity",
        "weight": 1.52,
        "comment": "spinningwheel:setting-flax-input-quantity-comment",
        "default": 2,
        "range": {
          "min": 1,
          "max": 20
        }
      },
      "FLAX_OUTPUT_QUANTITY": {
        "name": "FlaxOutputQuantity",
        "ingui": "spinningwheel:setting-flax-output-quantity",
        "weight": 1.53,
        "comment": "spinningwheel:setting-flax-output-quantity-comment",
        "default": 1,
        "range": {
          "min": 1,
          "max": 10
        }
      },
      "FLAX_TWINE_WEAVE_INPUT_QUANTITY": {
        "name": "FlaxTwineWeaveInputQuantity",
        "ingui": "spinningwheel:setting-flax-weaving-input-quantity",
        "weight": 1.61,
        "comment": "spinningwheel:setting-flax-weaving-input-quantity-comment",
        "default": 9,
        "range": {
          "min": 1,
          "max": 20
        }
      },
      "FLAX_TWINE_WEAVE_OUTPUT_QUANTITY": {
        "name": "FlaxTwineWeaveOutputQuantity",
        "ingui": "spinningwheel:setting-flax-weaving-output-quantity",
        "weight": 1.62,
        "comment": "spinningwheel:setting-flax-weaving-output-quantity-comment",
        "default": 3,
        "range": {
          "min": 1,
          "max": 10
        }
      },
      "COTTON_INPUT_QUANTITY": {
        "name": "CottonInputQuantity",
        "ingui": "spinningwheel:setting-cotton-input-quantity",
        "weight": 2.02,
        "comment": "spinningwheel:setting-cotton-input-quantity-comment",
        "default": 2,
        "range": {
          "min": 1,
          "max": 20
        }
      },
      "COTTON_OUTPUT_QUANTITY": {
        "name": "CottonOutputQuantity",
        "ingui": "spinningwheel:setting-cotton-output-quantity",
        "weight": 2.03,
        "comment": "spinningwheel:setting-cotton-output-quantity-comment",
        "default": 1,
        "range": {
          "min": 1,
          "max": 10
        }
      },
      "WOOL_FIBER_INPUT_QUANTITY": {
        "name": "WoolFiberInputQuantity",
        "ingui": "spinningwheel:setting-wool-fiber-input-quantity",
        "weight": 2.52,
        "comment": "spinningwheel:setting-wool-fiber-input-quantity-comment",
        "default": 2,
        "range": {
          "min": 1,
          "max": 20
        }
      },
      "WOOL_FIBER_OUTPUT_QUANTITY": {
        "name": "WoolFiberOutputQuantity",
        "ingui": "spinningwheel:setting-wool-fiber-output-quantity",
        "weight": 2.53,
        "comment": "spinningwheel:setting-wool-fiber-output-quantity-comment",
        "default": 1,
        "range": {
          "min": 1,
          "max": 10
        }
      },
      "WOOL_TWINE_INPUT_QUANTITY": {
        "name": "WoolTwineInputQuantity",
        "ingui": "spinningwheel:setting-wool-twine-input-quantity",
        "weight": 2.59,
        "comment": "spinningwheel:setting-wool-twine-input-quantity-comment",
        "default": 2,
        "range": {
          "min": 1,
          "max": 20
        }
      },
      "WOOL_TWINE_OUTPUT_QUANTITY": {
        "name": "WoolTwineOutputQuantity",
        "ingui": "spinningwheel:setting-wool-twine-output-quantity",
        "weight": 2.60,
        "comment": "spinningwheel:setting-wool-twine-output-quantity-comment",
        "default": 2,
        "range": {
          "min": 1,
          "max": 10
        }
      },
      "WOOL_TWINE_WEAVE_INPUT_QUANTITY": {
        "name": "WoolTwineWeaveInputQuantity",
        "ingui": "spinningwheel:setting-wool-twine-weave-input",
        "weight": 2.61,
        "comment": "spinningwheel:setting-wool-twine-weave-input-comment",
        "default": 2,
        "range": {
          "min": 1,
          "max": 20
        }
      },
      "WOOL_TWINE_WEAVE_OUTPUT_QUANTITY": {
        "name": "WoolTwineWeaveOutputQuantity",
        "ingui": "spinningwheel:setting-wool-twine-weave-output",
        "weight": 2.62,
        "comment": "spinningwheel:setting-wool-twine-weave-output-comment",
        "default": 2,
        "range": {
          "min": 1,
          "max": 10
        }
      },
      "THREAD_WEAVE_INPUT_QUANTITY": {
        "name": "TailorsDelightThreadWeaveInputQuantity",
        "ingui": "spinningwheel:setting-tailorsdelight-thread-weave-input",
        "weight": 2.71,
        "comment": "spinningwheel:setting-tailorsdelight-thread-weave-input-comment",
        "default": 9,
        "range": {
          "min": 1,
          "max": 20
        }
      },
      "THREAD_WEAVE_OUTPUT_QUANTITY": {
        "name": "TailorsDelightThreadWeaveOutputQuantity",
        "ingui": "spinningwheel:setting-tailorsdelight-thread-weave-output",
        "weight": 2.72,
        "comment": "spinningwheel:setting-tailorsdelight-thread-weave-output-comment",
        "default": 3,
        "range": {
          "min": 1,
          "max": 10
        }
      },
      "PAPYRUS_INPUT_QUANTITY": {
        "name": "PapyrusInputQuantity",
        "ingui": "spinningwheel:setting-papyrus-input-quantity",
        "weight": 3.01,
        "comment": "spinningwheel:setting-papyrus-input-quantity-comment",
        "default": 2,
        "range": {
          "min": 1,
          "max": 20
        }
      },
      "PAPYRUS_OUTPUT_QUANTITY": {
        "name": "PapyrusOutputQuantity",
        "ingui": "spinningwheel:setting-papyrus-output-quantity",
        "weight": 3.02,
        "comment": "spinningwheel:setting-papyrus-output-quantity-comment",
        "default": 1,
        "range": {
          "min": 1,
          "max": 10
        }
      },
      "ALGAE_INPUT_QUANTITY": {
        "name": "AlgaeInputQuantity",
        "ingui": "spinningwheel:setting-algae-input-quantity",
        "weight": 3.04,
        "comment": "spinningwheel:setting-algae-input-quantity-comment",
        "default": 1,
        "range": {
          "min": 1,
          "max": 20
        }
      },
      "ALGAE_OUTPUT_QUANTITY": {
        "name": "AlgaeOutputQuantity",
        "ingui": "spinningwheel:setting-algae-output-quantity",
        "weight": 3.05,
        "comment": "spinningwheel:setting-algae-output-quantity-comment",
        "default": 1,
        "range": {
          "min": 1,
          "max": 10
        }
      },
      "SHIFTING_FIBERS_INPUT_QUANTITY": {
        "name": "ShiftingFibersInputQuantity",
        "ingui": "spinningwheel:setting-shiftingfibers-input-quantity",
        "weight": 4.02,
        "comment": "spinningwheel:setting-shiftingfibers-input-quantity-comment",
        "default": 6,
        "range": {
          "min": 1,
          "max": 20
        }
      },
      "SHIFTING_FIBERS_OUTPUT_QUANTITY": {
        "name": "ShiftingFibersOutputQuantity",
        "ingui": "spinningwheel:setting-shiftingfibers-output-quantity",
        "weight": 4.03,
        "comment": "spinningwheel:setting-shiftingfibers-output-quantity-comment",
        "default": 1,
        "range": {
          "min": 1,
          "max": 10
        }
      },
      "SHIFTING_FIBERS_WEAVE_INPUT_QUANTITY": {
        "name": "ShiftingFibersWeaveInputQuantity",
        "ingui": "spinningwheel:setting-shiftingfibers-weave-input",
        "weight": 4.11,
        "comment": "spinningwheel:setting-shiftingfibers-weave-input-comment",
        "default": 23,
        "range": {
          "min": 1,
          "max": 64
        }
      },
      "SHIFTING_FIBERS_WEAVE_OUTPUT_QUANTITY": {
        "name": "ShiftingFibersWeaveOutputQuantity",
        "ingui": "spinningwheel:setting-shiftingfibers-weave-output",
        "weight": 4.12,
        "comment": "spinningwheel:setting-shiftingfibers-weave-output-comment",
        "default": 3,
        "range": {
          "min": 1,
          "max": 10
        }
      }
    },
    "stringarray": {
      "ALLOWED_CLASSES": {
        "name": "AllowedClasses",
        "ingui": "spinningwheel:setting-allowed-classes",
        "weight": 0.92,
        "comment": "spinningwheel:setting-allowed-classes-comment",
        "default": [
          "tailor"
        ]
      },
      "ALLOWED_TRAITS": {
        "name": "AllowedTraits",
        "ingui": "spinningwheel:setting-allowed-traits",
        "weight": 0.93,
        "comment": "spinningwheel:setting-allowed-traits-comment",
        "default": [
          "clothier"
        ]
      }
    }
  },
  "formatting": [
    { "type": "title",       "value": "spinningwheel:config-title",       "weight": 0.1 },
    { "type": "separator",   "weight": 0.5 },
    { "type": "separator",   "title": "spinningwheel:section-tailor",     "weight": 0.9 },
    { "type": "separator",   "title": "spinningwheel:section-flax-spinning",       "weight": 1.5 },
    { "type": "separator",   "title": "spinningwheel:section-flax-weaving",       "weight": 1.6 },
    { "type": "separator",   "title": "spinningwheel:section-cotton",     "weight": 2.0 },
    { "type": "separator",   "title": "spinningwheel:section-wool",       "weight": 2.5 },
    { "type": "separator",   "title": "spinningwheel:section-tailorsdelight",       "weight": 2.7 },
    { "type": "separator",   "title": "spinningwheel:section-pemmican",   "weight": 3.0 },
    { "type": "separator",   "title": "spinningwheel:section-rustboundmagic",   "weight": 4.0 }
  ]
}