{
	"editor": {
		"collapsedPaths": "Root/origin/handle,Root/Spear/Head/Blade/Cube12,Root/Spear/Dec/Cube27,Root/Spear/Head/Blade/blade_13,Root/origin/Large gear 2,Root/origin/Large gear 1,Root/Sowrd/Blade/Guard,Root/Spear/Dec/Cube10/Cube12,Root/Spear/Head/Blade/blade_2/blade_8,Root/Sowrd/Metal/Blade/blade_11/blade_15,Root/Spear/Head/Blade/blade_2/blade_3,Root/Spear/Head/Blade/blade_2/blade_14,Root/Spear/Head/Blade/Cube7,Root/Spear/Head/Blade/Cube5,Root/Spear/Head/Blade/Cube4,Root/origin,Root/Spear/Dec/Cube35,Root/Spear/Head/Blade/blade_2,Root/Sowrd/Blade/blade_3,Root/Sowrd/Blade/tong,Root/Sowrd/Blade/blade_1,Root/origin/segment end,Root/Sowrd/Blade/blade_6",
		"allAngles": false,
		"entityTextureMode": false
	},
	"textureWidth": 16,
	"textureHeight": 16,
	"textureSizes": {
	},
	"textures": {
		"blade": "game:block/metal/plate/iron",
		"handle": "game:block/wood/debarked/ebony"
	},
	"elements": [
		{
			"name": "Sowrd",
			"from": [ 8.0, 0.0, 8.0 ],
			"to": [ 8.0, 0.0, 8.0 ],
			"rotationOrigin": [ 8.0, 0.0, 8.0 ],
			"rotationY": -90.0,
			"rotationZ": -90.0,
			"faces": {
				"north": { "texture": "#blade", "uv": [ 0.0, 0.0, 0.5, 0.5 ] },
				"east": { "texture": "#blade", "uv": [ 0.0, 0.0, 0.5, 0.5 ] },
				"south": { "texture": "#blade", "uv": [ 0.0, 0.0, 0.5, 0.5 ] },
				"west": { "texture": "#blade", "uv": [ 0.0, 0.0, 0.5, 0.5 ] },
				"up": { "texture": "#blade", "uv": [ 0.0, 0.0, 0.5, 0.5 ] },
				"down": { "texture": "#blade", "uv": [ 0.0, 0.0, 0.5, 0.5 ] }
			},
			"children": [
				{
					"name": "Metal",
					"from": [ 0.0, 0.0, 0.0 ],
					"to": [ 0.0, 0.0, 0.0 ],
					"faces": {
						"north": { "texture": "#blade", "uv": [ 0.0, 0.0, 0.5, 0.5 ] },
						"east": { "texture": "#blade", "uv": [ 0.0, 0.0, 0.5, 0.5 ] },
						"south": { "texture": "#blade", "uv": [ 0.0, 0.0, 0.5, 0.5 ] },
						"west": { "texture": "#blade", "uv": [ 0.0, 0.0, 0.5, 0.5 ] },
						"up": { "texture": "#blade", "uv": [ 0.0, 0.0, 0.5, 0.5 ] },
						"down": { "texture": "#blade", "uv": [ 0.0, 0.0, 0.5, 0.5 ] }
					},
					"children": [
						{
							"name": "tong",
							"from": [ -0.6, -0.4, 0.0 ],
							"to": [ 0.6, 0.4, 4.0 ],
							"rotationOrigin": [ -0.6, -0.4, 0.0 ],
							"faces": {
								"north": { "texture": "#blade", "uv": [ 0.0, 0.0, 1.0, 0.5 ] },
								"east": { "texture": "#blade", "uv": [ 0.0, 0.0, 4.0, 0.5 ] },
								"south": { "texture": "#blade", "uv": [ 0.0, 0.0, 1.0, 0.5 ] },
								"west": { "texture": "#blade", "uv": [ 0.0, 0.0, 4.0, 0.5 ] },
								"up": { "texture": "#blade", "uv": [ 0.0, 0.0, 1.0, 4.0 ] },
								"down": { "texture": "#blade", "uv": [ 0.0, 0.0, 1.0, 4.0 ] }
							}
						},
						{
							"name": "Guard",
							"from": [ -1.0, -0.6, -1.5 ],
							"to": [ 1.0, 0.6, 0.0 ],
							"rotationOrigin": [ -1.0, -0.6, -1.5 ],
							"faces": {
								"north": { "texture": "#blade", "uv": [ 9.5, 4.0, 11.5, 5.0 ] },
								"east": { "texture": "#blade", "uv": [ 9.0, 4.0, 10.5, 5.0 ] },
								"south": { "texture": "#blade", "uv": [ 9.0, 5.0, 11.0, 6.0 ] },
								"west": { "texture": "#blade", "uv": [ 9.5, 4.0, 11.0, 5.0 ] },
								"up": { "texture": "#blade", "uv": [ 9.0, 4.0, 11.0, 5.5 ] },
								"down": { "texture": "#blade", "uv": [ 9.0, 4.0, 11.0, 5.5 ] }
							},
							"children": [
								{
									"name": "guard_0",
									"from": [ -1.5, 0.2, 0.4 ],
									"to": [ 0.0, 1.0, 1.2 ],
									"rotationOrigin": [ -1.5, 0.2, 0.4 ],
									"faces": {
										"north": { "texture": "#blade", "uv": [ 5.0, 4.5, 6.5, 5.0 ] },
										"east": { "texture": "#blade", "uv": [ 2.0, 4.5, 2.5, 5.0 ] },
										"south": { "texture": "#blade", "uv": [ 2.0, 2.5, 3.5, 3.0 ] },
										"west": { "texture": "#blade", "uv": [ 4.0, 4.5, 4.5, 5.0 ] },
										"up": { "texture": "#blade", "uv": [ 3.0, 5.5, 4.5, 6.0 ] },
										"down": { "texture": "#blade", "uv": [ 4.0, 3.0, 5.5, 3.5 ] }
									},
									"children": [
										{
											"name": "guard_7",
											"from": [ -2.0, 0.01, 0.0 ],
											"to": [ 0.0, 0.79, 0.8 ],
											"rotationOrigin": [ 0.0, 0.0, 0.8 ],
											"rotationY": -14.0,
											"faces": {
												"north": { "texture": "#blade", "uv": [ 4.0, 6.0, 6.0, 6.5 ] },
												"east": { "texture": "#blade", "uv": [ 2.5, 2.5, 3.0, 3.0 ] },
												"south": { "texture": "#blade", "uv": [ 3.0, 3.5, 5.0, 4.0 ] },
												"west": { "texture": "#blade", "uv": [ 3.0, 4.0, 3.5, 4.5 ] },
												"up": { "texture": "#blade", "uv": [ 2.5, 2.5, 4.5, 3.0 ] },
												"down": { "texture": "#blade", "uv": [ 2.5, 5.5, 4.5, 6.0 ] }
											},
											"children": [
												{
													"name": "guard_8",
													"from": [ -0.1, -0.11, -0.1 ],
													"to": [ 0.7, 0.89, 0.9 ],
													"rotationOrigin": [ 1.9, -0.1, 0.9 ],
													"faces": {
														"north": { "texture": "#blade", "uv": [ 0.0, 0.0, 0.5, 1.0 ] },
														"east": { "texture": "#blade", "uv": [ 0.0, 0.0, 1.0, 1.0 ] },
														"south": { "texture": "#blade", "uv": [ 0.0, 0.0, 0.5, 1.0 ] },
														"west": { "texture": "#blade", "uv": [ 0.0, 0.0, 1.0, 1.0 ] },
														"up": { "texture": "#blade", "uv": [ 0.0, 0.0, 0.5, 1.0 ] },
														"down": { "texture": "#blade", "uv": [ 0.0, 0.0, 0.5, 1.0 ] }
													}
												}
											]
										}
									]
								},
								{
									"name": "guard_1",
									"from": [ 2.0, 0.2, 0.4 ],
									"to": [ 3.5, 1.0, 1.2 ],
									"rotationOrigin": [ 2.0, 0.2, 0.4 ],
									"faces": {
										"north": { "texture": "#blade", "uv": [ 7.0, 7.5, 8.5, 8.0 ] },
										"east": { "texture": "#blade", "uv": [ 4.5, 3.0, 5.0, 3.5 ] },
										"south": { "texture": "#blade", "uv": [ 2.0, 4.5, 3.5, 5.0 ] },
										"west": { "texture": "#blade", "uv": [ 2.5, 4.0, 3.0, 4.5 ] },
										"up": { "texture": "#blade", "uv": [ 3.5, 5.0, 5.0, 5.5 ] },
										"down": { "texture": "#blade", "uv": [ 2.5, 3.5, 4.0, 4.0 ] }
									},
									"children": [
										{
											"name": "guard_2",
											"from": [ 1.5, 0.01, 0.0 ],
											"to": [ 3.5, 0.79, 0.8 ],
											"rotationOrigin": [ 1.5, 0.0, 0.0 ],
											"rotationY": -14.0,
											"faces": {
												"north": { "texture": "#blade", "uv": [ 3.0, 2.0, 5.0, 2.5 ] },
												"east": { "texture": "#blade", "uv": [ 2.0, 7.0, 2.5, 7.5 ] },
												"south": { "texture": "#blade", "uv": [ 3.5, 0.5, 5.5, 1.0 ] },
												"west": { "texture": "#blade", "uv": [ 2.5, 4.5, 3.0, 5.0 ] },
												"up": { "texture": "#blade", "uv": [ 3.5, 3.0, 5.5, 3.5 ] },
												"down": { "texture": "#blade", "uv": [ 4.0, 5.0, 6.0, 5.5 ] }
											},
											"children": [
												{
													"name": "guard_3",
													"from": [ 1.3, -0.11, -0.1 ],
													"to": [ 2.1, 0.89, 0.9 ],
													"rotationOrigin": [ 1.3, -0.1, -0.1 ],
													"faces": {
														"north": { "texture": "#blade", "uv": [ 0.0, 0.0, 0.5, 1.0 ] },
														"east": { "texture": "#blade", "uv": [ 0.0, 0.0, 1.0, 1.0 ] },
														"south": { "texture": "#blade", "uv": [ 0.0, 0.0, 0.5, 1.0 ] },
														"west": { "texture": "#blade", "uv": [ 0.0, 0.0, 1.0, 1.0 ] },
														"up": { "texture": "#blade", "uv": [ 0.0, 0.0, 0.5, 1.0 ] },
														"down": { "texture": "#blade", "uv": [ 0.0, 0.0, 0.5, 1.0 ] }
													}
												}
											]
										}
									]
								}
							]
						},
						{
							"name": "Blade",
							"from": [ -0.3, -0.25, -8.5 ],
							"to": [ -0.3, -0.25, -8.5 ],
							"rotationOrigin": [ -0.3, -0.2, -1.5 ],
							"faces": {
								"north": { "texture": "#blade", "uv": [ 0.0, 0.0, 0.5, 0.5 ] },
								"east": { "texture": "#blade", "uv": [ 0.0, 0.0, 0.5, 0.5 ] },
								"south": { "texture": "#blade", "uv": [ 0.0, 0.0, 0.5, 0.5 ] },
								"west": { "texture": "#blade", "uv": [ 0.0, 0.0, 0.5, 0.5 ] },
								"up": { "texture": "#blade", "uv": [ 0.0, 0.0, 0.5, 0.5 ] },
								"down": { "texture": "#blade", "uv": [ 0.0, 0.0, 0.5, 0.5 ] }
							},
							"children": [
								{
									"name": "blade_13",
									"from": [ -0.5, 0.2, 2.0 ],
									"to": [ 1.3, 0.3, 7.0 ],
									"rotationOrigin": [ 0.4, 0.2, 18.0 ],
									"faces": {
										"north": { "texture": "#blade", "uv": [ 0.0, 0.0, 1.5, 0.5 ] },
										"east": { "texture": "#blade", "uv": [ 0.0, 0.0, 5.0, 0.5 ] },
										"south": { "texture": "#blade", "uv": [ 0.0, 0.0, 1.5, 0.5 ] },
										"west": { "texture": "#blade", "uv": [ 0.0, 0.0, 5.0, 0.5 ] },
										"up": { "texture": "#blade", "uv": [ 0.0, 0.0, 1.5, 5.0 ] },
										"down": { "texture": "#blade", "uv": [ 0.0, 0.0, 1.5, 5.0 ] }
									}
								},
								{
									"name": "blade_11",
									"from": [ -0.5, 0.2, -7.0 ],
									"to": [ 1.3, 0.3, 2.0 ],
									"rotationOrigin": [ 1.3, 0.2, 2.0 ],
									"rotationY": 3.0,
									"faces": {
										"north": { "texture": "#blade", "uv": [ 0.0, 0.0, 1.5, 0.5 ] },
										"east": { "texture": "#blade", "uv": [ 0.0, 0.0, 9.0, 0.5 ] },
										"south": { "texture": "#blade", "uv": [ 0.0, 0.0, 1.5, 0.5 ] },
										"west": { "texture": "#blade", "uv": [ 0.0, 0.0, 9.0, 0.5 ] },
										"up": { "texture": "#blade", "uv": [ 0.0, 7.0, 1.5, 16.0 ] },
										"down": { "texture": "#blade", "uv": [ 0.0, 7.0, 1.5, 16.0 ] }
									},
									"children": [
										{
											"name": "blade_12",
											"from": [ 0.0, 0.0, -12.0 ],
											"to": [ 1.8, 0.1, 0.0 ],
											"rotationOrigin": [ 1.8, 0.0, 0.0 ],
											"rotationY": 8.0,
											"faces": {
												"north": { "texture": "#blade", "uv": [ 0.0, 0.0, 1.5, 0.5 ] },
												"east": { "texture": "#blade", "uv": [ 0.0, 0.0, 12.0, 0.5 ] },
												"south": { "texture": "#blade", "uv": [ 0.0, 0.0, 1.5, 0.5 ] },
												"west": { "texture": "#blade", "uv": [ 0.0, 0.0, 12.0, 0.5 ] },
												"up": { "texture": "#blade", "uv": [ 0.0, 0.0, 1.5, 12.0 ] },
												"down": { "texture": "#blade", "uv": [ 0.0, 0.0, 1.5, 12.0 ] }
											},
											"children": [
												{
													"name": "blade_14",
													"from": [ 0.0, 0.0, -8.0 ],
													"to": [ 1.8, 0.1, 0.0 ],
													"rotationOrigin": [ 1.8, 0.0, 0.0 ],
													"rotationY": 11.0,
													"faces": {
														"north": { "texture": "#blade", "uv": [ 0.0, 0.0, 1.5, 0.5 ] },
														"east": { "texture": "#blade", "uv": [ 0.0, 0.0, 8.0, 0.5 ] },
														"south": { "texture": "#blade", "uv": [ 0.0, 0.0, 1.5, 0.5 ] },
														"west": { "texture": "#blade", "uv": [ 0.0, 0.0, 8.0, 0.5 ] },
														"up": { "texture": "#blade", "uv": [ 0.0, 8.0, 1.5, 16.0 ] },
														"down": { "texture": "#blade", "uv": [ 0.0, 8.0, 1.5, 16.0 ] }
													},
													"children": [
														{
															"name": "blade_15",
															"from": [ 1.0, 0.0, -4.0 ],
															"to": [ 1.8, 0.1, 0.0 ],
															"rotationOrigin": [ 1.8, 0.0, 0.0 ],
															"rotationY": 15.0,
															"faces": {
																"north": { "texture": "#blade", "uv": [ 0.0, 0.0, 0.5, 0.5 ] },
																"east": { "texture": "#blade", "uv": [ 0.0, 0.0, 4.0, 0.5 ] },
																"south": { "texture": "#blade", "uv": [ 0.0, 0.0, 0.5, 0.5 ] },
																"west": { "texture": "#blade", "uv": [ 0.0, 0.0, 4.0, 0.5 ] },
																"up": { "texture": "#blade", "uv": [ 0.0, 0.0, 0.5, 4.0 ] },
																"down": { "texture": "#blade", "uv": [ 0.0, 0.0, 0.5, 4.0 ] }
															}
														},
														{
															"name": "blade_16",
															"from": [ 0.0, 0.0, -2.0 ],
															"to": [ 1.0, 0.1, 0.0 ],
															"faces": {
																"north": { "texture": "#blade", "uv": [ 0.0, 0.0, 1.0, 0.5 ] },
																"east": { "texture": "#blade", "uv": [ 0.0, 0.0, 2.0, 0.5 ] },
																"south": { "texture": "#blade", "uv": [ 0.0, 0.0, 1.0, 0.5 ] },
																"west": { "texture": "#blade", "uv": [ 0.0, 0.0, 2.0, 0.5 ] },
																"up": { "texture": "#blade", "uv": [ 0.0, 0.0, 1.0, 2.0 ] },
																"down": { "texture": "#blade", "uv": [ 0.0, 0.0, 1.0, 2.0 ] }
															},
															"children": [
																{
																	"name": "blade_17",
																	"from": [ 0.0, 0.0, -1.9 ],
																	"to": [ 0.7, 0.1, 0.0 ],
																	"faces": {
																		"north": { "texture": "#blade", "uv": [ 0.0, 0.0, 0.5, 0.5 ] },
																		"east": { "texture": "#blade", "uv": [ 0.0, 0.0, 1.5, 0.5 ] },
																		"south": { "texture": "#blade", "uv": [ 0.0, 0.0, 0.5, 0.5 ] },
																		"west": { "texture": "#blade", "uv": [ 0.0, 0.0, 1.5, 0.5 ] },
																		"up": { "texture": "#blade", "uv": [ 0.0, 0.0, 0.5, 1.5 ] },
																		"down": { "texture": "#blade", "uv": [ 0.0, 0.0, 0.5, 1.5 ] }
																	}
																}
															]
														}
													]
												}
											]
										}
									]
								},
								{
									"name": "blade_7",
									"from": [ -0.6, 0.1, 2.0 ],
									"to": [ 0.4, 0.4, 7.0 ],
									"rotationOrigin": [ -0.6, 0.1, 18.0 ],
									"faces": {
										"north": { "texture": "#blade", "uv": [ 0.0, 0.0, 1.0, 0.5 ] },
										"east": { "texture": "#blade", "uv": [ 6.0, 9.5, 11.0, 10.0 ] },
										"south": { "texture": "#blade", "uv": [ 0.0, 0.0, 1.0, 0.5 ] },
										"west": { "texture": "#blade", "uv": [ 5.5, 10.5, 10.5, 11.0 ] },
										"up": { "texture": "#blade", "uv": [ 15.0, 0.0, 16.0, 5.0 ] },
										"down": { "texture": "#blade", "uv": [ 15.0, 0.0, 16.0, 5.0 ] }
									},
									"children": [
										{
											"name": "blade_3",
											"from": [ 0.0, 0.0, -9.0 ],
											"to": [ 1.0, 0.3, 0.0 ],
											"rotationOrigin": [ 1.0, 0.0, 0.0 ],
											"rotationY": 3.0,
											"faces": {
												"north": { "texture": "#blade", "uv": [ 0.0, 0.0, 1.0, 0.5 ] },
												"east": { "texture": "#blade", "uv": [ 0.0, 8.5, 9.0, 9.0 ] },
												"south": { "texture": "#blade", "uv": [ 0.0, 0.0, 1.0, 0.5 ] },
												"west": { "texture": "#blade", "uv": [ 0.0, 8.5, 9.0, 9.0 ] },
												"up": { "texture": "#blade", "uv": [ 15.0, 7.0, 16.0, 16.0 ] },
												"down": { "texture": "#blade", "uv": [ 15.0, 7.0, 16.0, 16.0 ] }
											},
											"children": [
												{
													"name": "blade_4",
													"from": [ 0.0, 0.0, -12.0 ],
													"to": [ 1.0, 0.3, 0.0 ],
													"rotationOrigin": [ 1.0, 0.0, 0.0 ],
													"rotationY": 8.0,
													"faces": {
														"north": { "texture": "#blade", "uv": [ 0.0, 0.0, 1.0, 0.5 ] },
														"east": { "texture": "#blade", "uv": [ 0.0, 8.5, 12.0, 9.0 ] },
														"south": { "texture": "#blade", "uv": [ 0.0, 0.0, 1.0, 0.5 ] },
														"west": { "texture": "#blade", "uv": [ 0.0, 8.5, 12.0, 9.0 ] },
														"up": { "texture": "#blade", "uv": [ 15.0, 0.0, 16.0, 12.0 ] },
														"down": { "texture": "#blade", "uv": [ 15.0, 0.0, 16.0, 12.0 ] }
													},
													"children": [
														{
															"name": "blade_5",
															"from": [ 0.0, 0.0, -8.0 ],
															"to": [ 1.0, 0.3, 0.0 ],
															"rotationOrigin": [ 1.0, 0.0, 0.0 ],
															"rotationY": 10.7,
															"faces": {
																"north": { "texture": "#blade", "uv": [ 0.0, 0.0, 1.0, 0.5 ] },
																"east": { "texture": "#blade", "uv": [ 0.0, 8.5, 8.0, 9.0 ] },
																"south": { "texture": "#blade", "uv": [ 0.0, 0.0, 1.0, 0.5 ] },
																"west": { "texture": "#blade", "uv": [ 0.0, 8.5, 8.0, 9.0 ] },
																"up": { "texture": "#blade", "uv": [ 15.0, 8.0, 16.0, 16.0 ] },
																"down": { "texture": "#blade", "uv": [ 15.0, 8.0, 16.0, 16.0 ] }
															}
														}
													]
												}
											]
										}
									]
								}
							]
						}
					]
				},
				{
					"name": "Handle",
					"from": [ 0.0, 0.0, 0.0 ],
					"to": [ 0.0, 0.0, 1.0 ],
					"faces": {
						"north": { "texture": "#blade", "uv": [ 0.0, 0.0, 0.5, 0.5 ] },
						"east": { "texture": "#blade", "uv": [ 0.0, 0.0, 1.0, 0.5 ] },
						"south": { "texture": "#blade", "uv": [ 0.0, 0.0, 0.5, 0.5 ] },
						"west": { "texture": "#blade", "uv": [ 0.0, 0.0, 1.0, 0.5 ] },
						"up": { "texture": "#blade", "uv": [ 0.0, 0.0, 0.5, 1.0 ] },
						"down": { "texture": "#blade", "uv": [ 0.0, 0.0, 0.5, 1.0 ] }
					},
					"children": [
						{
							"name": "handle_0",
							"from": [ -0.9, -0.5, -0.4 ],
							"to": [ 0.9, 0.5, 3.1 ],
							"rotationOrigin": [ -0.9, -0.5, -0.4 ],
							"faces": {
								"north": { "texture": "#handle", "uv": [ 0.0, 0.0, 1.5, 1.0 ] },
								"east": { "texture": "#handle", "uv": [ 0.0, 0.0, 3.5, 1.0 ] },
								"south": { "texture": "#handle", "uv": [ 0.0, 0.0, 1.5, 1.0 ] },
								"west": { "texture": "#handle", "uv": [ 0.0, 0.0, 3.5, 1.0 ] },
								"up": { "texture": "#handle", "uv": [ 0.0, 0.0, 1.5, 3.5 ] },
								"down": { "texture": "#handle", "uv": [ 0.0, 0.0, 1.5, 3.5 ] }
							}
						},
						{
							"name": "handle_3",
							"from": [ -0.9, -0.5, 0.0 ],
							"to": [ 0.9, 0.5, 0.0 ],
							"rotationOrigin": [ -0.9, -0.5, 0.0 ],
							"faces": {
								"north": { "texture": "#blade", "uv": [ 0.0, 0.0, 1.5, 1.0 ] },
								"east": { "texture": "#blade", "uv": [ 0.0, 0.0, 0.5, 1.0 ] },
								"south": { "texture": "#blade", "uv": [ 0.0, 0.0, 1.5, 1.0 ] },
								"west": { "texture": "#blade", "uv": [ 0.0, 0.0, 0.5, 1.0 ] },
								"up": { "texture": "#blade", "uv": [ 0.0, 0.0, 1.5, 0.5 ] },
								"down": { "texture": "#blade", "uv": [ 0.0, 0.0, 1.5, 0.5 ] }
							}
						},
						{
							"name": "handle_2",
							"from": [ -0.9, -0.51, 3.1 ],
							"to": [ 0.9, 0.49, 5.6 ],
							"rotationOrigin": [ -0.9, -0.5, 3.1 ],
							"rotationY": 12.0,
							"faces": {
								"north": { "texture": "#handle", "uv": [ 0.0, 0.0, 1.5, 1.0 ] },
								"east": { "texture": "#handle", "uv": [ 0.0, 0.0, 2.5, 1.0 ] },
								"south": { "texture": "#handle", "uv": [ 0.0, 0.0, 1.5, 1.0 ] },
								"west": { "texture": "#handle", "uv": [ 0.0, 0.0, 2.5, 1.0 ] },
								"up": { "texture": "#handle", "uv": [ 0.0, 0.0, 1.5, 2.5 ] },
								"down": { "texture": "#handle", "uv": [ 0.0, 0.0, 1.5, 2.5 ] }
							},
							"children": [
								{
									"name": "handle_1",
									"from": [ -0.2, -0.2, 2.5 ],
									"to": [ 2.0, 1.2, 4.0 ],
									"rotationOrigin": [ -0.2, -0.2, 2.5 ],
									"faces": {
										"north": { "texture": "#handle", "uv": [ 0.0, 0.0, 2.0, 1.0 ] },
										"east": { "texture": "#handle", "uv": [ 0.0, 0.0, 1.5, 1.0 ] },
										"south": { "texture": "#handle", "uv": [ 0.0, 0.0, 2.0, 1.0 ] },
										"west": { "texture": "#handle", "uv": [ 0.0, 0.0, 1.5, 1.0 ] },
										"up": { "texture": "#handle", "uv": [ 0.0, 0.0, 2.0, 1.5 ] },
										"down": { "texture": "#handle", "uv": [ 0.0, 0.0, 2.0, 1.5 ] }
									}
								}
							]
						}
					]
				}
			]
		}
	]}