{
	"editor": {
		"collapsedPaths": "Root/origin/handle,Root/Spear/Head/Blade/Cube12,Root/Spear/Dec/Cube27,Root/Spear/Head/Blade/blade_13,Root/origin/Large gear 2,Root/origin/Large gear 1,Root/Sowrd/Blade/Guard,Root/Spear/Dec/Cube10/Cube12,Root/Spear/Head/Blade/blade_2/blade_8,Root/Sowrd/Metal/Blade/blade_11/blade_15,Root/Spear/Head/Blade/blade_2/blade_3,Root/Spear/Head/Blade/blade_2/blade_14,Root/Spear/Head/Blade/Cube7,Root/Spear/Head/Blade/Cube5,Root/Spear/Head/Blade/Cube4,Root/origin,Root/Spear/Dec/Cube35,Root/Spear/Head/Blade/blade_2,Root/Sowrd/Blade/blade_3,Root/Sowrd/Blade/tong,Root/Sowrd/Blade/blade_1,Root/origin/segment end,Root/Sowrd/Blade/blade_6",
		"allAngles": false,
		"entityTextureMode": false
	},
	"textureWidth": 16,
	"textureHeight": 16,
	"textureSizes": {
	},
	"textures": {
		"blade": "game:block/metal/plate/bismuthbronze",
		"handle": "game:block/wood/debarked/ebony"
	},
	"elements": [
		{
			"name": "Sowrd",
			"from": [ 8.0, 0.0, 8.0 ],
			"to": [ 8.0, 0.0, 8.0 ],
			"rotationOrigin": [ 8.0, 0.0, 8.0 ],
			"rotationY": -90.0,
			"rotationZ": -90.0,
			"faces": {
				"north": { "texture": "#blade", "uv": [ 0.0, 0.0, 0.5, 0.5 ] },
				"east": { "texture": "#blade", "uv": [ 0.0, 0.0, 0.5, 0.5 ] },
				"south": { "texture": "#blade", "uv": [ 0.0, 0.0, 0.5, 0.5 ] },
				"west": { "texture": "#blade", "uv": [ 0.0, 0.0, 0.5, 0.5 ] },
				"up": { "texture": "#blade", "uv": [ 0.0, 0.0, 0.5, 0.5 ] },
				"down": { "texture": "#blade", "uv": [ 0.0, 0.0, 0.5, 0.5 ] }
			},
			"children": [
				{
					"name": "Metal",
					"from": [ 0.0, 0.0, 0.0 ],
					"to": [ 0.0, 0.0, 0.0 ],
					"faces": {
						"north": { "texture": "#blade", "uv": [ 0.0, 0.0, 0.5, 0.5 ] },
						"east": { "texture": "#blade", "uv": [ 0.0, 0.0, 0.5, 0.5 ] },
						"south": { "texture": "#blade", "uv": [ 0.0, 0.0, 0.5, 0.5 ] },
						"west": { "texture": "#blade", "uv": [ 0.0, 0.0, 0.5, 0.5 ] },
						"up": { "texture": "#blade", "uv": [ 0.0, 0.0, 0.5, 0.5 ] },
						"down": { "texture": "#blade", "uv": [ 0.0, 0.0, 0.5, 0.5 ] }
					},
					"children": [
						{
							"name": "tong",
							"from": [ -0.6, -0.4, 0.0 ],
							"to": [ 0.6, 0.4, 3.0 ],
							"rotationOrigin": [ -0.6, -0.4, 0.0 ],
							"faces": {
								"north": { "texture": "#blade", "uv": [ 0.0, 0.0, 1.0, 0.5 ] },
								"east": { "texture": "#blade", "uv": [ 0.0, 0.0, 3.0, 0.5 ] },
								"south": { "texture": "#blade", "uv": [ 0.0, 0.0, 1.0, 0.5 ] },
								"west": { "texture": "#blade", "uv": [ 0.0, 0.0, 3.0, 0.5 ] },
								"up": { "texture": "#blade", "uv": [ 0.0, 0.0, 1.0, 3.0 ] },
								"down": { "texture": "#blade", "uv": [ 0.0, 0.0, 1.0, 3.0 ] }
							}
						},
						{
							"name": "Guard",
							"from": [ -1.0, -0.8, -2.0 ],
							"to": [ 1.0, 0.8, 0.04 ],
							"rotationOrigin": [ -1.0, -0.8, -2.0 ],
							"faces": {
								"north": { "texture": "#handle", "uv": [ 13.0, 6.0, 15.0, 7.5 ] },
								"east": { "texture": "#handle", "uv": [ 12.5, 6.0, 14.5, 7.5 ] },
								"south": { "texture": "#handle", "uv": [ 13.5, 5.5, 15.5, 7.0 ] },
								"west": { "texture": "#handle", "uv": [ 12.5, 6.0, 14.5, 7.5 ] },
								"up": { "texture": "#handle", "uv": [ 8.5, 3.5, 10.5, 5.5 ] },
								"down": { "texture": "#handle", "uv": [ 10.5, 3.5, 12.5, 5.5 ] }
							},
							"children": [
								{
									"name": "guard_2",
									"from": [ 2.0, 0.5, 0.02 ],
									"to": [ 3.0, 1.1, 2.02 ],
									"rotationOrigin": [ 2.0, 0.7, 0.0 ],
									"faces": {
										"north": { "texture": "#handle", "uv": [ 0.0, 0.0, 1.0, 0.5 ] },
										"east": { "texture": "#handle", "uv": [ 10.5, 6.5, 12.5, 7.0 ] },
										"south": { "texture": "#handle", "uv": [ 13.5, 7.5, 14.5, 8.0 ] },
										"west": { "texture": "#handle", "uv": [ 13.0, 5.5, 15.0, 6.0 ] },
										"up": { "texture": "#handle", "uv": [ 14.0, 5.0, 15.0, 7.0 ] },
										"down": { "texture": "#handle", "uv": [ 14.5, 6.0, 15.5, 8.0 ] }
									},
									"children": [
										{
											"name": "guard_1",
											"from": [ 0.0, 0.6, -0.01 ],
											"to": [ 1.1, 1.1, 2.01 ],
											"rotationOrigin": [ 0.0, 1.1, 0.0 ],
											"rotationZ": -24.0,
											"faces": {
												"north": { "texture": "#handle", "uv": [ 0.0, 0.0, 1.0, 0.5 ] },
												"east": { "texture": "#handle", "uv": [ 0.0, 0.0, 2.0, 0.5 ] },
												"south": { "texture": "#handle", "uv": [ 13.5, 6.5, 14.5, 7.0 ] },
												"west": { "texture": "#handle", "uv": [ 0.0, 0.0, 2.0, 0.5 ] },
												"up": { "texture": "#handle", "uv": [ 13.0, 3.5, 14.0, 5.5 ] },
												"down": { "texture": "#handle", "uv": [ 12.0, 3.5, 13.0, 5.5 ] }
											}
										},
										{
											"name": "guard_0",
											"from": [ 0.0, -0.5, -0.01 ],
											"to": [ 1.1, 0.0, 2.01 ],
											"rotationOrigin": [ 0.0, -0.5, 0.0 ],
											"rotationZ": 24.0,
											"faces": {
												"north": { "texture": "#handle", "uv": [ 0.0, 0.0, 1.0, 0.5 ] },
												"east": { "texture": "#handle", "uv": [ 0.0, 0.0, 2.0, 0.5 ] },
												"south": { "texture": "#handle", "uv": [ 13.0, 7.0, 14.0, 7.5 ] },
												"west": { "texture": "#handle", "uv": [ 0.0, 0.0, 2.0, 0.5 ] },
												"up": { "texture": "#handle", "uv": [ 10.5, 3.5, 11.5, 5.5 ] },
												"down": { "texture": "#handle", "uv": [ 11.5, 3.5, 12.5, 5.5 ] }
											}
										}
									]
								},
								{
									"name": "guard_3",
									"from": [ 0.0, 0.7, 0.02 ],
									"to": [ 1.0, 1.3, 2.02 ],
									"rotationOrigin": [ 0.0, 0.9, 0.0 ],
									"rotationZ": 180.0,
									"faces": {
										"north": { "texture": "#handle", "uv": [ 12.5, 6.0, 13.5, 6.5 ] },
										"east": { "texture": "#handle", "uv": [ 11.0, 5.5, 13.0, 6.0 ] },
										"south": { "texture": "#handle", "uv": [ 13.5, 5.5, 14.5, 6.0 ] },
										"west": { "texture": "#handle", "uv": [ 14.0, 6.0, 16.0, 6.5 ] },
										"up": { "texture": "#handle", "uv": [ 14.5, 6.0, 15.5, 8.0 ] },
										"down": { "texture": "#handle", "uv": [ 14.0, 6.0, 15.0, 8.0 ] }
									},
									"children": [
										{
											"name": "guard_4",
											"from": [ 0.0, 0.6, -0.01 ],
											"to": [ 1.1, 1.1, 2.01 ],
											"rotationOrigin": [ 0.0, 1.1, 0.0 ],
											"rotationZ": -24.0,
											"faces": {
												"north": { "texture": "#handle", "uv": [ 0.0, 0.0, 1.0, 0.5 ] },
												"east": { "texture": "#handle", "uv": [ 0.0, 0.0, 2.0, 0.5 ] },
												"south": { "texture": "#handle", "uv": [ 13.0, 6.0, 14.0, 6.5 ] },
												"west": { "texture": "#handle", "uv": [ 0.0, 0.0, 2.0, 0.5 ] },
												"up": { "texture": "#handle", "uv": [ 13.0, 3.5, 14.0, 5.5 ] },
												"down": { "texture": "#handle", "uv": [ 12.5, 3.5, 13.5, 5.5 ] }
											}
										},
										{
											"name": "guard_5",
											"from": [ 0.0, -0.5, -0.01 ],
											"to": [ 1.1, 0.0, 2.01 ],
											"rotationOrigin": [ 0.0, -0.5, 0.0 ],
											"rotationZ": 24.0,
											"faces": {
												"north": { "texture": "#handle", "uv": [ 0.0, 0.0, 1.0, 0.5 ] },
												"east": { "texture": "#handle", "uv": [ 0.0, 0.0, 2.0, 0.5 ] },
												"south": { "texture": "#handle", "uv": [ 13.0, 6.0, 14.0, 6.5 ] },
												"west": { "texture": "#handle", "uv": [ -0.5, 0.0, 1.5, 0.5 ] },
												"up": { "texture": "#handle", "uv": [ 11.5, 3.5, 12.5, 5.5 ] },
												"down": { "texture": "#handle", "uv": [ 12.5, 3.5, 13.5, 5.5 ] }
											}
										}
									]
								}
							]
						},
						{
							"name": "Blade",
							"from": [ -0.3, -0.3, 10.0 ],
							"to": [ -0.3, -0.3, 10.0 ],
							"rotationOrigin": [ -0.3, -0.3, -2.0 ],
							"faces": {
								"north": { "texture": "#blade", "uv": [ 0.0, 0.0, 0.5, 0.5 ] },
								"east": { "texture": "#blade", "uv": [ 0.0, 0.0, 0.5, 0.5 ] },
								"south": { "texture": "#blade", "uv": [ 0.0, 0.0, 0.5, 0.5 ] },
								"west": { "texture": "#blade", "uv": [ 0.0, 0.0, 0.5, 0.5 ] },
								"up": { "texture": "#blade", "uv": [ 0.0, 0.0, 0.5, 0.5 ] },
								"down": { "texture": "#blade", "uv": [ 0.0, 0.0, 0.5, 0.5 ] }
							},
							"children": [
								{
									"name": "blade_6",
									"from": [ -1.0, 0.2, -16.0 ],
									"to": [ 0.3, 0.4, -12.0 ],
									"rotationOrigin": [ -1.0, 0.2, 0.0 ],
									"faces": {
										"north": { "texture": "#blade", "uv": [ 0.0, 0.0, 1.0, 0.5 ] },
										"east": { "texture": "#blade", "uv": [ 0.0, 0.0, 4.0, 0.5 ] },
										"south": { "texture": "#blade", "uv": [ 0.0, 0.0, 1.0, 0.5 ] },
										"west": { "texture": "#blade", "uv": [ 0.0, 0.0, 4.0, 0.5 ] },
										"up": { "texture": "#blade", "uv": [ 0.0, 0.0, 1.0, 4.0 ] },
										"down": { "texture": "#blade", "uv": [ 0.0, 0.0, 1.0, 4.0 ] }
									},
									"children": [
										{
											"name": "blade_9",
											"from": [ 0.0, 0.0, -14.0 ],
											"to": [ 0.6, 0.2, 0.0 ],
											"faces": {
												"north": { "texture": "#blade", "uv": [ 0.0, 0.0, 0.5, 0.5 ] },
												"east": { "texture": "#blade", "uv": [ 0.0, 0.0, 14.0, 0.5 ] },
												"south": { "texture": "#blade", "uv": [ 0.0, 0.0, 0.5, 0.5 ] },
												"west": { "texture": "#blade", "uv": [ 0.0, 0.0, 14.0, 0.5 ] },
												"up": { "texture": "#blade", "uv": [ 0.0, 0.0, 0.5, 14.0 ] },
												"down": { "texture": "#blade", "uv": [ 0.0, 0.0, 0.5, 14.0 ] }
											},
											"children": [
												{
													"name": "blade_8",
													"from": [ 0.0, 0.0, -4.0 ],
													"to": [ 0.6, 0.2, 0.0 ],
													"rotationOrigin": [ 0.0, 0.0, 0.0 ],
													"rotationY": -10.9,
													"faces": {
														"north": { "texture": "#blade", "uv": [ 0.0, 0.0, 0.5, 0.5 ] },
														"east": { "texture": "#blade", "uv": [ 0.0, 0.0, 4.0, 0.5 ] },
														"south": { "texture": "#blade", "uv": [ 0.0, 0.0, 0.5, 0.5 ] },
														"west": { "texture": "#blade", "uv": [ 0.0, 0.0, 4.0, 0.5 ] },
														"up": { "texture": "#blade", "uv": [ 0.0, 0.0, 0.5, 4.0 ] },
														"down": { "texture": "#blade", "uv": [ 0.0, 0.0, 0.5, 4.0 ] }
													},
													"children": [
														{
															"name": "blade_16",
															"from": [ 0.0, 0.0, -1.05 ],
															"to": [ 0.6, 0.2, 0.0 ],
															"faces": {
																"north": { "texture": "#blade", "uv": [ 0.0, 0.0, 0.5, 0.5 ] },
																"east": { "texture": "#blade", "uv": [ 0.0, 0.0, 1.0, 0.5 ] },
																"south": { "texture": "#blade", "uv": [ 0.0, 0.0, 0.5, 0.5 ] },
																"west": { "texture": "#blade", "uv": [ 0.0, 0.0, 1.0, 0.5 ] },
																"up": { "texture": "#blade", "uv": [ 0.0, 0.0, 0.5, 1.0 ] },
																"down": { "texture": "#blade", "uv": [ 0.0, 0.0, 0.5, 1.0 ] }
															}
														}
													]
												}
											]
										}
									]
								},
								{
									"name": "blade_3",
									"from": [ -0.2, 0.1, -14.0 ],
									"to": [ -0.2, 0.1, -14.0 ],
									"rotationOrigin": [ -0.2, 0.1, 2.0 ],
									"faces": {
										"north": { "texture": "#blade", "uv": [ 0.0, 0.0, 0.5, 0.5 ] },
										"east": { "texture": "#blade", "uv": [ 0.0, 0.0, 0.5, 0.5 ] },
										"south": { "texture": "#blade", "uv": [ 0.0, 0.0, 0.5, 0.5 ] },
										"west": { "texture": "#blade", "uv": [ 0.0, 0.0, 0.5, 0.5 ] },
										"up": { "texture": "#blade", "uv": [ 0.0, 0.0, 0.5, 0.5 ] },
										"down": { "texture": "#blade", "uv": [ 0.0, 0.0, 0.5, 0.5 ] }
									},
									"children": [
										{
											"name": "blade_4",
											"from": [ -0.4, 0.01, -16.0 ],
											"to": [ 1.4, 0.41, -2.0 ],
											"rotationOrigin": [ -0.4, 0.1, -1.2 ],
											"faces": {
												"north": { "texture": "#blade", "uv": [ 0.0, 0.0, 1.5, 0.5 ] },
												"east": { "texture": "#blade", "uv": [ 0.0, 0.0, 14.0, 0.5 ] },
												"south": { "texture": "#blade", "uv": [ 0.0, 0.0, 1.5, 0.5 ] },
												"west": { "texture": "#blade", "uv": [ 0.0, 0.0, 14.0, 0.5 ] },
												"up": { "texture": "#blade", "uv": [ 0.0, 0.0, 1.5, 14.0 ] },
												"down": { "texture": "#blade", "uv": [ 0.0, 0.0, 1.5, 14.0 ] }
											},
											"children": [
												{
													"name": "blade_5",
													"from": [ 0.0, 0.0, -3.8 ],
													"to": [ 0.4, 0.4, 0.0 ],
													"rotationOrigin": [ 0.0, 0.4, -0.1 ],
													"rotationY": -10.0,
													"faces": {
														"north": { "texture": "#blade", "uv": [ 0.0, 0.0, 0.5, 0.5 ] },
														"east": { "texture": "#blade", "uv": [ 0.0, 0.0, 3.5, 0.5 ] },
														"south": { "texture": "#blade", "uv": [ 0.0, 0.0, 0.5, 0.5 ] },
														"west": { "texture": "#blade", "uv": [ 0.0, 0.0, 3.5, 0.5 ] },
														"up": { "texture": "#blade", "uv": [ 0.0, 0.0, 0.5, 3.5 ] },
														"down": { "texture": "#blade", "uv": [ 0.0, 0.0, 0.5, 3.5 ] }
													}
												},
												{
													"name": "blade_7",
													"from": [ 1.4, 0.0, -3.8 ],
													"to": [ 1.8, 0.4, 0.0 ],
													"rotationOrigin": [ 1.8, 0.4, 0.0 ],
													"rotationY": 10.0,
													"faces": {
														"north": { "texture": "#blade", "uv": [ 0.0, 0.0, 0.5, 0.5 ] },
														"east": { "texture": "#blade", "uv": [ 0.0, 0.0, 3.5, 0.5 ] },
														"south": { "texture": "#blade", "uv": [ 0.0, 0.0, 0.5, 0.5 ] },
														"west": { "texture": "#blade", "uv": [ 0.0, 0.0, 3.5, 0.5 ] },
														"up": { "texture": "#blade", "uv": [ 0.0, 0.0, 0.5, 3.5 ] },
														"down": { "texture": "#blade", "uv": [ 0.0, 0.0, 0.5, 3.5 ] }
													}
												},
												{
													"name": "blade_10",
													"from": [ 0.4, 0.01, -1.8 ],
													"to": [ 1.4, 0.39, 0.0 ],
													"rotationOrigin": [ 0.4, 0.09, 13.0 ],
													"faces": {
														"north": { "texture": "#blade", "uv": [ 0.0, 0.0, 1.0, 0.5 ] },
														"east": { "texture": "#blade", "uv": [ 0.0, 0.0, 1.5, 0.5 ] },
														"south": { "texture": "#blade", "uv": [ 0.0, 0.0, 1.0, 0.5 ] },
														"west": { "texture": "#blade", "uv": [ 0.0, 0.0, 1.5, 0.5 ] },
														"up": { "texture": "#blade", "uv": [ 0.0, 0.0, 1.0, 1.5 ] },
														"down": { "texture": "#blade", "uv": [ 0.0, 0.0, 1.0, 1.5 ] }
													}
												},
												{
													"name": "blade_13",
													"from": [ 0.7, 0.01, -2.9 ],
													"to": [ 1.1, 0.39, -1.8 ],
													"rotationOrigin": [ 0.7, 0.09, 11.9 ],
													"faces": {
														"north": { "texture": "#blade", "uv": [ 0.0, 0.0, 0.5, 0.5 ] },
														"east": { "texture": "#blade", "uv": [ 0.0, 0.0, 1.0, 0.5 ] },
														"south": { "texture": "#blade", "uv": [ 0.0, 0.0, 0.5, 0.5 ] },
														"west": { "texture": "#blade", "uv": [ 0.0, 0.0, 1.0, 0.5 ] },
														"up": { "texture": "#blade", "uv": [ 0.0, 0.0, 0.5, 1.0 ] },
														"down": { "texture": "#blade", "uv": [ 0.0, 0.0, 0.5, 1.0 ] }
													}
												},
												{
													"name": "blade_20",
													"from": [ 0.65, 0.1, -5.2 ],
													"to": [ 1.15, 0.3, -4.7 ],
													"rotationOrigin": [ 0.9, 0.3, -4.95 ],
													"rotationY": 45.0,
													"faces": {
														"north": { "texture": "#blade", "uv": [ 0.0, 0.0, 0.5, 0.5 ] },
														"east": { "texture": "#blade", "uv": [ 0.0, 0.0, 0.5, 0.5 ] },
														"south": { "texture": "#blade", "uv": [ 0.0, 0.0, 0.5, 0.5 ] },
														"west": { "texture": "#blade", "uv": [ 0.0, 0.0, 0.5, 0.5 ] },
														"up": { "texture": "#blade", "uv": [ 0.0, 0.0, 0.5, 0.5 ] },
														"down": { "texture": "#blade", "uv": [ 0.0, 0.0, 0.5, 0.5 ] }
													}
												}
											]
										},
										{
											"name": "blade_17",
											"from": [ -0.4, 0.01, -2.0 ],
											"to": [ 1.4, 0.41, 2.0 ],
											"rotationOrigin": [ -0.4, 0.1, 12.8 ],
											"faces": {
												"north": { "texture": "#blade", "uv": [ 0.0, 0.0, 1.5, 0.5 ] },
												"east": { "texture": "#blade", "uv": [ 0.0, 0.0, 4.0, 0.5 ] },
												"south": { "texture": "#blade", "uv": [ 0.0, 0.0, 1.5, 0.5 ] },
												"west": { "texture": "#blade", "uv": [ 0.0, 0.0, 4.0, 0.5 ] },
												"up": { "texture": "#blade", "uv": [ 0.0, 0.0, 1.5, 4.0 ] },
												"down": { "texture": "#blade", "uv": [ 0.0, 0.0, 1.5, 4.0 ] }
											}
										},
										{
											"name": "blade_18",
											"from": [ 0.1, -0.2, -14.0 ],
											"to": [ 0.9, 0.6, 2.0 ],
											"rotationOrigin": [ 0.5, 0.2, -14.0 ],
											"rotationZ": 45.0,
											"faces": {
												"north": { "texture": "#blade", "uv": [ 0.0, 0.0, 0.5, 0.5 ] },
												"east": { "texture": "#blade", "uv": [ 0.0, 0.0, 16.0, 0.5 ] },
												"south": { "texture": "#blade", "uv": [ 0.0, 0.0, 0.5, 0.5 ] },
												"west": { "texture": "#blade", "uv": [ 0.0, 0.0, 16.0, 0.5 ] },
												"up": { "texture": "#blade", "uv": [ 0.0, 0.0, 0.5, 16.0 ] },
												"down": { "texture": "#blade", "uv": [ 0.0, 0.0, 0.5, 16.0 ] }
											},
											"children": [
												{
													"name": "blade_19",
													"from": [ 0.0, 0.0, -2.0 ],
													"to": [ 0.8, 0.8, 0.0 ],
													"rotationOrigin": [ 0.4, 0.4, -2.0 ],
													"faces": {
														"north": { "texture": "#blade", "uv": [ 0.0, 0.0, 0.5, 0.5 ] },
														"east": { "texture": "#blade", "uv": [ 0.0, 0.0, 2.0, 0.5 ] },
														"south": { "texture": "#blade", "uv": [ 0.0, 0.0, 0.5, 0.5 ] },
														"west": { "texture": "#blade", "uv": [ 0.0, 0.0, 2.0, 0.5 ] },
														"up": { "texture": "#blade", "uv": [ 0.0, 0.0, 0.5, 2.0 ] },
														"down": { "texture": "#blade", "uv": [ 0.0, 0.0, 0.5, 2.0 ] }
													}
												}
											]
										}
									]
								},
								{
									"name": "blade_11",
									"from": [ 0.3, 0.2, -16.0 ],
									"to": [ 1.6, 0.4, -12.0 ],
									"rotationOrigin": [ 1.6, 0.2, 0.0 ],
									"faces": {
										"north": { "texture": "#blade", "uv": [ 0.0, 0.0, 1.0, 0.5 ] },
										"east": { "texture": "#blade", "uv": [ 0.0, 0.0, 4.0, 0.5 ] },
										"south": { "texture": "#blade", "uv": [ 0.0, 0.0, 1.0, 0.5 ] },
										"west": { "texture": "#blade", "uv": [ 0.0, 0.0, 4.0, 0.5 ] },
										"up": { "texture": "#blade", "uv": [ 0.0, 0.0, 1.0, 4.0 ] },
										"down": { "texture": "#blade", "uv": [ 0.0, 0.0, 1.0, 4.0 ] }
									},
									"children": [
										{
											"name": "blade_12",
											"from": [ 0.7, 0.0, -14.0 ],
											"to": [ 1.3, 0.2, 0.0 ],
											"rotationOrigin": [ 1.3, 0.0, 0.0 ],
											"faces": {
												"north": { "texture": "#blade", "uv": [ 0.0, 0.0, 0.5, 0.5 ] },
												"east": { "texture": "#blade", "uv": [ 0.0, 0.0, 14.0, 0.5 ] },
												"south": { "texture": "#blade", "uv": [ 0.0, 0.0, 0.5, 0.5 ] },
												"west": { "texture": "#blade", "uv": [ 0.0, 0.0, 14.0, 0.5 ] },
												"up": { "texture": "#blade", "uv": [ 0.0, 0.0, 0.5, 14.0 ] },
												"down": { "texture": "#blade", "uv": [ 0.0, 0.0, 0.5, 14.0 ] }
											},
											"children": [
												{
													"name": "blade_14",
													"from": [ 0.0, 0.0, -4.0 ],
													"to": [ 0.6, 0.2, 0.0 ],
													"rotationOrigin": [ 0.6, 0.0, 0.0 ],
													"rotationY": 10.9,
													"faces": {
														"north": { "texture": "#blade", "uv": [ 0.0, 0.0, 0.5, 0.5 ] },
														"east": { "texture": "#blade", "uv": [ 0.0, 0.0, 4.0, 0.5 ] },
														"south": { "texture": "#blade", "uv": [ 0.0, 0.0, 0.5, 0.5 ] },
														"west": { "texture": "#blade", "uv": [ 0.0, 0.0, 4.0, 0.5 ] },
														"up": { "texture": "#blade", "uv": [ 0.0, 0.0, 0.5, 4.0 ] },
														"down": { "texture": "#blade", "uv": [ 0.0, 0.0, 0.5, 4.0 ] }
													},
													"children": [
														{
															"name": "blade_15",
															"from": [ 0.0, 0.0, -1.05 ],
															"to": [ 0.6, 0.2, 0.0 ],
															"rotationOrigin": [ 0.6, 0.0, 0.0 ],
															"faces": {
																"north": { "texture": "#blade", "uv": [ 0.0, 0.0, 0.5, 0.5 ] },
																"east": { "texture": "#blade", "uv": [ 0.0, 0.0, 1.0, 0.5 ] },
																"south": { "texture": "#blade", "uv": [ 0.0, 0.0, 0.5, 0.5 ] },
																"west": { "texture": "#blade", "uv": [ 0.0, 0.0, 1.0, 0.5 ] },
																"up": { "texture": "#blade", "uv": [ 0.0, 0.0, 0.5, 1.0 ] },
																"down": { "texture": "#blade", "uv": [ 0.0, 0.0, 0.5, 1.0 ] }
															}
														}
													]
												}
											]
										}
									]
								}
							]
						}
					]
				},
				{
					"name": "Handle",
					"from": [ 0.0, 0.0, 0.0 ],
					"to": [ 0.0, 0.0, 1.0 ],
					"faces": {
						"north": { "texture": "#blade", "uv": [ 0.0, 0.0, 0.5, 0.5 ] },
						"east": { "texture": "#blade", "uv": [ 0.0, 0.0, 1.0, 0.5 ] },
						"south": { "texture": "#blade", "uv": [ 0.0, 0.0, 0.5, 0.5 ] },
						"west": { "texture": "#blade", "uv": [ 0.0, 0.0, 1.0, 0.5 ] },
						"up": { "texture": "#blade", "uv": [ 0.0, 0.0, 0.5, 1.0 ] },
						"down": { "texture": "#blade", "uv": [ 0.0, 0.0, 0.5, 1.0 ] }
					},
					"children": [
						{
							"name": "handle_0",
							"from": [ -0.8, -0.5, 0.0 ],
							"to": [ 0.8, 0.5, 4.0 ],
							"rotationOrigin": [ -0.8, -0.5, 0.0 ],
							"faces": {
								"north": { "texture": "#handle", "uv": [ 0.0, 0.0, 1.5, 1.0 ] },
								"east": { "texture": "#handle", "uv": [ 8.5, 9.0, 12.5, 10.0 ] },
								"south": { "texture": "#handle", "uv": [ 0.0, 0.0, 1.5, 1.0 ] },
								"west": { "texture": "#handle", "uv": [ 6.0, 9.0, 10.0, 10.0 ] },
								"up": { "texture": "#handle", "uv": [ 10.0, 9.0, 14.0, 10.5 ], "rotation": 90 },
								"down": { "texture": "#handle", "uv": [ 9.5, 9.0, 13.5, 10.5 ], "rotation": 90 }
							}
						},
						{
							"name": "tong2",
							"from": [ -1.2, -1.0, 4.0 ],
							"to": [ 1.2, 1.0, 6.0 ],
							"rotationOrigin": [ -1.2, -1.0, 4.0 ],
							"faces": {
								"north": { "texture": "#handle", "uv": [ 12.5, 7.0, 14.5, 9.0 ] },
								"east": { "texture": "#handle", "uv": [ 1.5, 3.5, 3.5, 5.5 ], "rotation": 90 },
								"south": { "texture": "#handle", "uv": [ 13.0, 5.5, 15.0, 7.5 ] },
								"west": { "texture": "#handle", "uv": [ 3.0, 3.5, 5.0, 5.5 ], "rotation": 90 },
								"up": { "texture": "#handle", "uv": [ 1.5, 3.5, 3.5, 5.5 ], "windMode": [-1,-1,-1,-1] },
								"down": { "texture": "#handle", "uv": [ 2.0, 3.5, 4.0, 5.5 ] }
							}
						},
						{
							"name": "tong3",
							"from": [ -0.9, -0.7, 6.0 ],
							"to": [ 0.9, 0.7, 6.5 ],
							"rotationOrigin": [ -0.9, -0.7, 6.0 ],
							"faces": {
								"north": { "texture": "#handle", "uv": [ 13.5, 7.0, 15.0, 8.0 ] },
								"east": { "texture": "#handle", "uv": [ 13.0, 6.5, 13.5, 7.5 ] },
								"south": { "texture": "#handle", "uv": [ 13.5, 6.0, 15.0, 7.0 ] },
								"west": { "texture": "#handle", "uv": [ 14.0, 6.0, 14.5, 7.0 ] },
								"up": { "texture": "#handle", "uv": [ 13.0, 6.5, 14.5, 7.0 ] },
								"down": { "texture": "#handle", "uv": [ 14.0, 6.5, 15.5, 7.0 ] }
							}
						}
					]
				}
			]
		}
	]}