[
  {
    "code": "hill-dwarf",
    "traits": [ "peacetime-l", "dwarfism-l", "mighty-shoulders-l", "dwarven-diligence-l", "big-belly-1" ],
    "gear": [
      {
        "type": "item",
        "code": "game:clothes-nadiya-upperbodyover-alchemist"
      },
      {
        "type": "item",
        "code": "game:clothes-upperbody-shepherd-tunic"
      },
      {
        "type": "item",
        "code": "game:clothes-lowerbody-shepherd-pants"
      },
      {
        "type": "item",
        "code": "game:clothes-hand-malefactor-gloves"
      },
      {
        "type": "item",
        "code": "game:clothes-foot-shepherd-sandals"
      }
    ]
  },
  {
    "code": "miner-dwarf",
    "traits": [ "perseverance-n", "dwarfism-n", "mighty-shoulders-n", "dwarven-diligence-n", "big-belly-2", "merciless" ],
    "gear": [
      {
        "type": "item",
        "code": "game:clothes-shoulder-miner"
      },
      {
        "type": "item",
        "code": "game:clothes-upperbody-miner"
      },
      {
        "type": "item",
        "code": "game:clothes-lowerbody-miner"
      },
      {
        "type": "item",
        "code": "game:clothes-nadiya-hand-miner"
      },
      {
        "type": "item",
        "code": "game:clothes-nadiya-foot-miner-clean"
      }
    ]
  },
  {
    "code": "duskborn-elf",
    "traits": [ "elven-agility-1", "heavy-hands", "elegant-bearing-1" ],
    "gear": [
      {
        "type": "item",
        "code": "game:clothes-shoulder-marketeer"
      },
      {
        "type": "item",
        "code": "game:clothes-upperbodyover-clockmaker-tunic"
      },
      {
        "type": "item",
        "code": "game:clothes-lowerbody-malefactor-trousers"
      },
      {
        "type": "item",
        "code": "game:clothes-face-tailor-mask"
      },
      {
        "type": "item",
        "code": "game:clothes-hand-miner"
      },
      {
        "type": "item",
        "code": "game:clothes-nadiya-foot-peasantblue"
      }
    ]
  },
  {
    "code": "forestborn-elf",
    "traits": [ "elven-agility-2", "anchor-point", "bowyer", "elegant-bearing-2", "thorough-scavenger", "unnatural-labor-2", "delicate-combatant" ],
    "gear": [
      {
        "type": "item",
        "code": "game:clothes-nadiya-hand-peasant1"
      },
      {
        "type": "item",
        "code": "game:clothes-face-hunter-mask"
      },
      {
        "type": "item",
        "code": "game:clothes-head-hunter-cape"
      },
      {
        "type": "item",
        "code": "game:clothes-upperbody-hunters-green"
      },
      {
        "type": "item",
        "code": "game:clothes-nadiya-lowerbody-winter2"
      },
      {
        "type": "item",
        "code": "game:clothes-foot-hunter-boots"
      }
    ]
  },
  {
    "code": "drow-elf",
    "traits": [ "elven-agility-3", "elegant-bearing-3", "unnatural-labor-3" ],
    "gear": [
      {
        "type": "item",
        "code": "game:clothes-upperbody-commoner-shirt"
      },
      {
        "type": "item",
        "code": "game:clothes-lowerbody-survivor"
      },
      {
        "type": "item",
        "code": "game:clothes-foot-malefactor-boots"
      },
      {
        "type": "item",
        "code": "game:clothes-hand-malefactor-gloves"
      }
    ]
  },
  {
    "code": "high-elf",
    "traits": [ "elven-agility-4", "elegant-bearing-4", "expert-agriculture", "unnatural-labor-4", "beastfriends-burden", "exquisite-armorer" ],
    "gear": [
      {
        "type": "item",
        "code": "game:clothes-upperbody-clockmaker-shirt"
      },
      {
        "type": "item",
        "code": "game:clothes-lowerbody-aristocrat-leggings"
      },
      {
        "type": "item",
        "code": "game:clothes-nadiya-hand-peasant1"
      },
      {
        "type": "item",
        "code": "game:clothes-nadiya-foot-guard"
      }
    ]
  },
  {
    "code": "bungleborn-goblin",
    "traits": [ "goblin-nimbleness-1", "improviser", "brute-forager", "brittle-bones-1", "dullstrike" ],
    "gear": [
      {
        "type": "item",
        "code": "game:clothes-lowerbody-torn-riding-pants"
      },
      {
        "type": "item",
        "code": "game:clothes-waist-sturdy-belt"
      }
    ]
  },
  {
    "code": "brute-gifted-goblin",
    "traits": [ "goblin-nimbleness-2", "dirty-fighter-2", "brittle-bones-2", "rustbite" ],
    "gear": [
      {
        "type": "item",
        "code": "game:clothes-head-rotwalker"
      },
      {
        "type": "item",
        "code": "game:clothes-lowerbody-torn-riding-pants"
      },
      {
        "type": "item",
        "code": "game:clothes-upperbodyover-malefactor-tunic"
      },
      {
        "type": "item",
        "code": "game:clothes-foot-survivor"
      }
    ]
  },
  {
    "code": "scrawny-swineherd-goblin",
    "traits": [ "goblin-nimbleness-3", "dirty-fighter-3", "scavenger-instinct", "brittle-bones-3" ],
    "gear": [
      {
        "type": "item",
        "code": "game:clothes-lowerbody-torn-riding-pants"
      },
      {
        "type": "item",
        "code": "game:clothes-hand-clockmaker-wristguard"
      },
      {
        "type": "item",
        "code": "game:clothes-shoulder-survivor"
      }
    ]
  },
  {
    "code": "crazy-sage-goblin",
    "traits": [ "goblin-nimbleness-4", "dirty-fighter-4", "technical", "tinkerer", "brittle-bones-4" ],
    "gear": [
      {
        "type": "item",
        "code": "game:clothes-lowerbody-torn-riding-pants"
      },
      {
        "type": "item",
        "code": "game:clothes-waist-sturdy-belt"
      },
      {
        "type": "item",
        "code": "game:clothes-neck-gear-amulet-rusty"
      },
      {
        "type": "item",
        "code": "game:clothes-upperbodyover-clockmaker-tunic"
      }
    ]
  },
  {
    "code": "exploder-human",
    "traits": [ "flameforged-vitality", "pyromaniacs-handicap" ],
    "gear": [
      {
        "type": "item",
        "code": "game:clothes-shoulder-survivor"
      },
      {
        "type": "item",
        "code": "game:clothes-upperbody-miner"
      },
      {
        "type": "item",
        "code": "game:clothes-lowerbody-blackguard-leggings"
      },
      {
        "type": "item",
        "code": "game:clothes-waist-peasant-strap"
      },
      {
        "type": "item",
        "code": "game:clothes-foot-blackguard-shoes"
      }
    ]
  },
  {
    "code": "ranger-human",
    "traits": [ "bow-mastery", "bowyer", "graceful-swiftness", "gutluck", "brittle", "tunnelblind" ],
    "gear": [
      {
        "type": "item",
        "code": "game:clothes-head-hunter-cape"
      },
      {
        "type": "item",
        "code": "game:clothes-nadiya-face-hunter"
      },
      {
        "type": "item",
        "code": "game:clothes-upperbodyover-great-steppe-mantle"
      },
      {
        "type": "item",
        "code": "game:clothes-lowerbody-hunter-leggings"
      },
      {
        "type": "item",
        "code": "game:clothes-hand-malefactor-gloves"
      },
      {
        "type": "item",
        "code": "game:clothes-foot-hunter-boots"
      }
    ]
  },
  {
    "code": "brute-human",
    "traits": [ "sturdy", "unstoppable", "steelhold", "bouldergut", "merciless" ],
    "gear": [
      {
        "type": "item",
        "code": "game:clothes-upperbodyover-miner"
      },
      {
        "type": "item",
        "code": "game:clothes-lowerbody-hunter-leggings"
      },
      {
        "type": "item",
        "code": "game:clothes-foot-commoner-boots"
      },
      {
        "type": "item",
        "code": "game:clothes-waist-blackguard-belt"
      }
    ]
  },
  {
    "code": "vagabond-human",
    "traits": [ "scoutsprowess", "ironstomach", "weakconstitution" ],
    "gear": [
      {
        "type": "item",
        "code": "game:clothes-waist-malefactor-sash"
      },
      {
        "type": "item",
        "code": "game:clothes-upperbodyover-malefactor-tunic"
      },
      {
        "type": "item",
        "code": "game:clothes-hand-malefactor-gloves"
      },
      {
        "type": "item",
        "code": "game:clothes-lowerbody-malefactor-trousers"
      },
      {
        "type": "item",
        "code": "game:clothes-foot-malefactor-boots"
      }
    ]
  },
  {
    "code": "glutton-ork",
    "traits": [ "warlords-stride", "brutal-cleave", "scavenger-sgreed", "ironhide-vitality", "ravenous-appetite", "bottomless-stomach-1" ],
    "gear": [
      {
        "type": "item",
        "code": "game:clothes-upperbody-blackguard-shirt"
      },
      {
        "type": "item",
        "code": "game:clothes-waist-blackguard-belt"
      },
      {
        "type": "item",
        "code": "game:clothes-foot-hunter-boots"
      }
    ]
  },
  {
    "code": "stonecrusher-ork",
    "traits": [ "ironhide-constitution", "clumsy-butcher", "heavy-stride", "ravenous-gut", "boulderheave", "bottomless-stomach-2" ],
    "gear": [
      {
        "type": "item",
        "code": "game:clothes-upperbodyover-malefactor-tunic"
      },
      {
        "type": "item",
        "code": "game:clothes-hand-malefactor-gloves"
      },
      {
        "type": "item",
        "code": "game:clothes-lowerbody-blackguard-leggings"
      },
      {
        "type": "item",
        "code": "game:clothes-waist-heavy-tool-belt"
      },
      {
        "type": "item",
        "code": "game:clothes-foot-hunter-boots"
      }
    ]
  }
]