[
  {
    "code": "dwarf",
    "type": "positive",
    "attributes": {}
  },
  {
    "code": "peacetime-l",
    "type": "negative",
    "attributes": {
      "maxhealthExtraPoints": -3
    }
  },
  {
    "code": "perseverance-n",
    "type": "positive",
    "attributes": {
      "maxhealthExtraPoints": 4
    }
  },
  {
    "code": "dwarfism-l",
    "type": "negative",
    "attributes": {
      "walkspeed": -0.05,
      "hungerrate": 0.15
    }
  },
  {
    "code": "dwarfism-n",
    "type": "negative",
    "attributes": {
      "walkspeed": -0.1,
      "hungerrate": 0.3
    }
  },
  {
    "code": "mighty-shoulders-l",
    "type": "positive",
    "attributes": {
      "armorWalkSpeedAffectedness": -0.45,
      "armorDurabilityLoss": -0.30
    }
  },
  {
    "code": "mighty-shoulders-n",
    "type": "positive",
    "attributes": {
      "armorWalkSpeedAffectedness": -0.55,
      "armorDurabilityLoss": -0.30
    }
  },
  {
    "code": "dwarven-diligence-l",
    "type": "positive",
    "attributes": {
      "miningSpeedMul": 0.05,
      "forageDropRate": 0.3
    }
  },
  {
    "code": "dwarven-diligence-n",
    "type": "positive",
    "attributes": {
      "miningSpeedMul": 0.20,
      "oreDropRate": 0.1
    }
  },
  {
    "code": "alcohol-addiction",
    "type": "negative",
    "attributes": {}
  },
  {
    "code": "big-belly-1",
    "type": "positive",
    "attributes": {
      "maxSaturationFactor": 0.34
    }
  },
  {
    "code": "big-belly-2",
    "type": "positive",
    "attributes": {
      "maxSaturationFactor": 0.34
    }
  },
  {
    "code": "elven-agility-1",
    "type": "positive",
    "attributes": {
      "walkspeed": 0.05,
      "hungerrate": -0.2
    }
  },
  {
    "code": "elven-agility-2",
    "type": "positive",
    "attributes": {
      "walkspeed": 0.05,
      "hungerrate": -0.1
    }
  },
  {
    "code": "elven-agility-3",
    "type": "positive",
    "attributes": {
      "walkspeed": 0.12,
      "hungerrate": -0.1
    }
  },
  {
    "code": "elven-agility-4",
    "type": "positive",
    "attributes": {
      "walkspeed": 0.10,
      "hungerrate": -0.1
    }
  },
  {
    "code": "anchor-point",
    "type": "positive",
    "attributes": {
      "rangedWeaponsDamage": 0.2,
      "rangedWeaponsAcc": 0.5,
      "bowDrawingStrength": 0.25
    }
  },
  {
    "code": "heavy-hands",
    "type": "positive",
    "attributes": {
      "miningSpeedMul": 0.2
    }
  },
  {
    "code": "elegant-bearing-1",
    "type": "negative",
    "attributes": {
      "maxhealthExtraPoints": -2,
      "armorWalkSpeedAffectedness": 0.15
    }
  },
  {
    "code": "elegant-bearing-2",
    "type": "negative",
    "attributes": {
      "maxhealthExtraPoints": -4,
      "armorWalkSpeedAffectedness": 0.20
    }
  },
  {
    "code": "elegant-bearing-3",
    "type": "negative",
    "attributes": {
      "armorWalkSpeedAffectedness": 0.20
    }
  },
  {
    "code": "elegant-bearing-4",
    "type": "negative",
    "attributes": {
      "maxhealthExtraPoints": -4,
      "armorWalkSpeedAffectedness": 0.20
    }
  },
  {
    "code": "thorough-scavenger",
    "type": "positive",
    "attributes": {
      "forageDropRate": 0.25
    }
  },
  {
    "code": "expert-agriculture",
    "type": "positive",
    "attributes": {
      "forageDropRate": 0.3
    }
  },
  {
    "code": "unnatural-labor-2",
    "type": "negative",
    "attributes": {
      "miningSpeedMul": -0.2,
      "oreDropRate": -0.1
    }
  },
  {
    "code": "unnatural-labor-3",
    "type": "negative",
    "attributes": {
      "miningSpeedMul": -0.4,
      "oreDropRate": -0.1
    }
  },
  {
    "code": "unnatural-labor-4",
    "type": "negative",
    "attributes": {
      "miningSpeedMul": -0.4,
      "oreDropRate": -0.1
    }
  },
  {
    "code": "delicate-combatant",
    "type": "negative",
    "attributes": {
      "meleeWeaponsDamage": -0.4
    }
  },
  {
    "code": "beastfriends-burden",
    "type": "negative",
    "attributes": {
      "animalLootDropRate": -0.8,
      "animalHarvestingTime": 0.8
    }
  },
  {
    "code": "arboreal-bond",
    "type": "negative",
    "attributes": {}
  },
  {
    "code": "exquisite-armorer",
    "type": "positive",
    "attributes": {}
  },
  {
    "code": "goblin-nimbleness-1",
    "type": "positive",
    "attributes": {
      "walkspeed": 0.18
    }
  },
  {
    "code": "goblin-nimbleness-2",
    "type": "positive",
    "attributes": {
      "walkspeed": 0.15
    }
  },
  {
    "code": "goblin-nimbleness-3",
    "type": "positive",
    "attributes": {
      "walkspeed": 0.15
    }
  },
  {
    "code": "goblin-nimbleness-4",
    "type": "positive",
    "attributes": {
      "walkspeed": 0.15
    }
  },
  {
    "code": "brute-forager",
    "type": "positive",
    "attributes": {
      "forageDropRate": 0.25
    }
  },
  {
    "code": "dirty-fighter-2",
    "type": "positive",
    "attributes": {
      "meleeWeaponsDamage": 0.2
    }
  },
  {
    "code": "dirty-fighter-3",
    "type": "positive",
    "attributes": {
      "meleeWeaponsDamage": 0.2
    }
  },
  {
    "code": "dirty-fighter-4",
    "type": "positive",
    "attributes": {
      "meleeWeaponsDamage": 0.2
    }
  },
  {
    "code": "scavenger-instinct",
    "type": "positive",
    "attributes": {
      "animalLootDropRate": 0.2
    }
  },
  {
    "code": "brittle-bones-1",
    "type": "negative",
    "attributes": {
      "maxhealthExtraPoints": -4,
      "armorWalkSpeedAffectedness": 0.30,
      "animalHarvestingTime": 0.60
    }
  },
  {
    "code": "brittle-bones-2",
    "type": "negative",
    "attributes": {
      "maxhealthExtraPoints": -3,
      "armorWalkSpeedAffectedness": 0.30,
      "animalHarvestingTime": 0.60
    }
  },
  {
    "code": "brittle-bones-3",
    "type": "negative",
    "attributes": {
      "maxhealthExtraPoints": -8,
      "armorWalkSpeedAffectedness": 0.30,
      "animalHarvestingTime": 0.40
    }
  },
  {
    "code": "brittle-bones-4",
    "type": "negative",
    "attributes": {
      "maxhealthExtraPoints": -7,
      "armorWalkSpeedAffectedness": 0.40,
      "animalHarvestingTime": 0.30
    }
  },
  {
    "code": "dullstrike",
    "type": "negative",
    "attributes": {
      "meleeWeaponsDamage": -0.15
    }
  },
  {
    "code": "rustbite",
    "type": "negative",
    "attributes": {
      "armorDurabilityLoss": 0.25
    }
  },
  {
    "code": "flameforged-vitality",
    "type": "positive",
    "attributes": {
      "maxhealthExtraPoints": 2,
      "oreDropRate": 0.2
    }
  },
  {
    "code": "pyromaniacs-handicap",
    "type": "negative",
    "attributes": {
      "meleeWeaponsDamage": -0.2,
      "rangedWeaponsDamage": -0.1,
      "bowDrawingStrength": -0.35,
      "hungerrate": 0.1
    }
  },
  {
    "code": "bow-mastery",
    "type": "positive",
    "attributes": {
      "rangedWeaponsDamage": 0.2,
      "rangedWeaponsAcc": 0.3,
      "bowDrawingStrength": 0.25
    }
  },
  {
    "code": "graceful-swiftness",
    "type": "positive",
    "attributes": {
      "walkspeed": 0.08
    }
  },
  {
    "code": "gutluck",
    "type": "positive",
    "attributes": {
      "animalLootDropRate": 0.15,
      "animalHarvestingTime": -0.30
    }
  },
  {
    "code": "brittle",
    "type": "negative",
    "attributes": {
      "meleeWeaponsDamage": -0.2
    }
  },
  {
    "code": "tunnelblind",
    "type": "negative",
    "attributes": {
      "miningSpeedMul": -0.3,
      "oreDropRate": -0.15
    }
  },
  {
    "code": "sturdy",
    "type": "positive",
    "attributes": {
      "maxhealthExtraPoints": 8,
      "meleeWeaponsDamage": 0.1
    }
  },
  {
    "code": "unstoppable",
    "type": "positive",
    "attributes": {
      "armorDurabilityLoss": -0.2,
      "armorWalkSpeedAffectedness": -0.40
    }
  },
  {
    "code": "steelhold",
    "type": "positive",
    "attributes": {
      "miningSpeedMul": 0.2
    }
  },
  {
    "code": "bouldergut",
    "type": "negative",
    "attributes": {
      "hungerrate": 0.4,
      "walkspeed": -0.10,
      "animalSeekingRange": 0.40
    }
  },
  {
    "code": "scoutsprowess",
    "type": "positive",
    "attributes": {
      "walkspeed": 0.05,
      "forageDropRate": 0.2
    }
  },
  {
    "code": "ironstomach",
    "type": "positive",
    "attributes": {
      "hungerrate": -0.15
    }
  },
  {
    "code": "weakconstitution",
    "type": "negative",
    "attributes": {
      "maxhealthExtraPoints": -3,
      "meleeWeaponsDamage": -0.1
    }
  },
  {
    "code": "warlords-stride",
    "type": "positive",
    "attributes": {
      "armorWalkSpeedAffectedness": -0.15
    }
  },
  {
    "code": "brutal-cleave",
    "type": "positive",
    "attributes": {
      "meleeWeaponsDamage": 0.2
    }
  },
  {
    "code": "scavenger-sgreed",
    "type": "positive",
    "attributes": {
      "animalLootDropRate": 0.2
    }
  },
  {
    "code": "ironhide-vitality",
    "type": "positive",
    "attributes": {
      "maxhealthExtraPoints": 6
    }
  },
  {
    "code": "ravenous-appetite",
    "type": "negative",
    "attributes": {
      "hungerrate": 0.8,
      "walkspeed": -0.05,
      "animalHarvestingTime": 0.80
    }
  },
  {
    "code": "ironhide-constitution",
    "type": "positive",
    "attributes": {
      "maxhealthExtraPoints": 4
    }
  },
  {
    "code": "clumsy-butcher",
    "type": "negative",
    "attributes": {
      "animalHarvestingTime": 0.80,
      "animalLootDropRate": -0.2
    }
  },
  {
    "code": "heavy-stride",
    "type": "negative",
    "attributes": {
      "walkspeed": -0.05
    }
  },
  {
    "code": "ravenous-gut",
    "type": "negative",
    "attributes": {
      "hungerrate": 0.4
    }
  },
  {
    "code": "boulderheave",
    "type": "positive",
    "attributes": {
      "rangedStrengthDamage": 0.5,
      "rangedStrengthRange": 0.3
    }
  },
  {
    "code": "bottomless-stomach-1",
    "type": "positive",
    "attributes": {
      "maxSaturationFactor": 2
    }
  },
  {
    "code": "bottomless-stomach-2",
    "type": "positive",
    "attributes": {
      "maxSaturationFactor": 1
    }
  }
]