[
    {
		"op": "addmerge",
		"path": "/animations",
		"value": [
			{
				"name": "SitFloorIdleComfy",
				"code": "sitflooridlecomfy",
				"quantityframes": 40,
				"onActivityStopped": "EaseOut",
				"onAnimationEnd": "Repeat",
				"keyframes": [
					{
						"frame": 0,
						"elements": {
							"LowerTorso": { "offsetX": -13.0, "offsetY": -1.0, "offsetZ": 0.0, "rotationX": 0.0, "rotationY": 0.0, "rotationZ": 80.0 },
							"UpperTorso": { "rotationX": 0.0, "rotationY": 0.0, "rotationZ": -22.0 },
							"UpperArmR": { "rotationX": -36.0, "rotationY": -17.0, "rotationZ": -114.0 },
							"LowerArmR": { "rotationX": 19.0, "rotationY": 0.0, "rotationZ": -136.0 },
							"UpperArmL": { "rotationX": 36.0, "rotationY": 17.0, "rotationZ": -114.0 },
							"LowerArmL": { "rotationX": -19.0, "rotationY": 0.0, "rotationZ": -136.0 },
							"Neck": { "rotationX": 0.0, "rotationY": 0.0, "rotationZ": -19.0 },
							"Head": { "rotationX": 0.0, "rotationY": 0.0, "rotationZ": -33.0 },
							"UpperFootL": { "rotationX": 0.0, "rotationY": 0.0, "rotationZ": 30.0 },
							"AnkleL": { "rotationX": 0.0, "rotationY": 0.0, "rotationZ": 69.0 },
							"UpperFootR": { "rotationX": 0.0, "rotationY": 0.0, "rotationZ": 30.0 },
							"AnkleR": { "rotationX": 0.0, "rotationY": 0.0, "rotationZ": 8.0 }
						}
					},
					{
						"frame": 19,
						"elements": {
							"LowerTorso": { "offsetX": -13.0, "offsetY": -1.0, "offsetZ": 0.0, "rotationX": 0.0, "rotationY": 0.0, "rotationZ": 80.0 },
							"UpperTorso": { "rotationX": 0.0, "rotationY": 0.0, "rotationZ": -22.0 },
							"UpperArmR": { "rotationX": -36.0, "rotationY": -17.0, "rotationZ": -114.0 },
							"LowerArmR": { "rotationX": 19.0, "rotationY": 0.0, "rotationZ": -136.0 },
							"UpperArmL": { "rotationX": 36.0, "rotationY": 17.0, "rotationZ": -114.0 },
							"LowerArmL": { "rotationX": -19.0, "rotationY": 0.0, "rotationZ": -136.0 },
							"Neck": { "rotationX": 0.0, "rotationY": 0.0, "rotationZ": -19.0 },
							"Head": { "rotationX": 0.0, "rotationY": 0.0, "rotationZ": -33.0 },
							"UpperFootL": { "rotationX": 0.0, "rotationY": 0.0, "rotationZ": 30.0 },
							"AnkleL": { "rotationX": 0.0, "rotationY": 0.0, "rotationZ": 8.0 },
							"UpperFootR": { "rotationX": 0.0, "rotationY": 0.0, "rotationZ": 30.0 },
							"AnkleR": { "rotationX": 0.0, "rotationY": 0.0, "rotationZ": 69.0 }
						}
					}
				]
			}
		],
		"file": "insectoid:shapes/insectoid-faceless.json",
		"dependsOn": [
				{"modid": "playermodellib"},  
				{"modid": "insectoid"}
		]
	}
]