{
    "ingredientPattern": "GSM,D__",
    "ingredients": {
        "G": {
            "type": "item",
            "code": "morefloors:sandgravelmix"
        },
        "S": {
            "type": "item",
            "code": "morefloors:pavingbrick-*",
            "name": "stone",
            "quantity": 8
        },
        "M": {
            "type": "item",
            "code": "game:mortar"
        },
        "D": {
            "type": "block",
            "code": "game:soil-*-none",
            "allowedVariants": [
                "verylow",
                "low",
                "medium"
            ],
            "name": "soil"
        }
    },
    "width": 3,
    "height": 2,
    "shapeless": true,
    "output": {
        "type": "block",
        "code": "morefloors:pavingstones-{stone}-{soil}-n"
    }
}