[
    {
        "ingredientPattern": "PS",
        "ingredients": {
            "P": {
                "type": "block",
                "code": "morefloors:pavingstones-*-low-n",
                "name": "rock"
            },
            "S": {
                "type": "item",
                "isTool": true,
                "code": "game:shovel-*",
                "toolDurabilityCost": 0
            }
        },
        "width": 2,
        "height": 1,
        "output": {
            "type": "block",
            "code": "morefloors:pavingstonesstairs-{rock}-low-north"
    }
    },
    {
        "ingredientPattern": "PS",
        "ingredients": {
            "P": {
                "type": "block",
                "code": "morefloors:pavingstones-*-medium-n",
                "name": "rock"
            },
            "S": {
                "type": "item",
                "isTool": true,
                "code": "game:shovel-*",
                "toolDurabilityCost": 0
            }
        },
        "width": 2,
        "height": 1,
        "output": {
            "type": "block",
            "code": "morefloors:pavingstonesstairs-{rock}-medium-north"
    }
    },
    {
        "ingredientPattern": "PS",
        "ingredients": {
            "P": {
                "type": "block",
                "code": "morefloors:pavingstones-*-verylow-n",
                "name": "rock"
            },
            "S": {
                "type": "item",
                "isTool": true,
                "code": "game:shovel-*",
                "toolDurabilityCost": 0
            }
        },
        "width": 2,
        "height": 1,
        "output": {
            "type": "block",
            "code": "morefloors:pavingstonesstairs-{rock}-verylow-north"
    }
    }
]