{
	"ingredient": { "type": "item", "code": "game:clay-*", "name": "color", "allowedVariants": [ "lavender", "paleblue", "palegreen", "palered", "peach", "sunflower", "white" ] },
	"pattern": [[
		"######",
		"######",
		"######",
		"######",
		"######",
		"######"
	],
	[
		"######",
		"#____#",
		"#____#",
		"#____#",
		"#____#",
		"######"
	],
	[
		"######",
		"#____#",
		"#____#",
		"#____#",
		"#____#",
		"######"
	],
	[
		"######",
		"#____#",
		"#____#",
		"#____#",
		"#____#",
		"######"
	],
	[
		"######",
		"#____#",
		"#____#",
		"#____#",
		"#____#",
		"######"
	],
	[
		"######",
		"#____#",
		"#____#",
		"#____#",
		"#____#",
		"######"
	],
	[
		"######",
		"#____#",
		"#____#",
		"#____#",
		"#____#",
		"######"
	]],
	"name": "recipe-clayforming-colored-flowerpot",
	"output": { "type": "block", "code": "bricklayers:flowerpotcolored-raw-{color}" }
}
