{
	"code": "creosoteportion",
	"class": "ItemLiquidPortion",
	"variantGroups": [
		{ "code": "source", "states": ["wood", "coal"] }
	],
	"matterState": "liquid",
	"liquidCode": "creosote",
	"attributes": {
		"handbook": {
			"ignoreCreativeInvStacks": true
		},
		"waterTightContainerProps": {
			"containable": true,
			"itemsPerLitre": 100,
			"texture": {
				"base": "vinteng:item/liquid/creosote-{source}",
				"alphaByType": {
					"*-wood": 178,
					"*-coal": 200,
					"*" : 255
				}
			},
			"isOpaqueByType": {
				"*-wood": false,
				"*-coal": true,
				"*": false
			},
			"allowSpill": true,
			"whenSpilled": {
				"action": "DropContents",
				"stack": { "type": "item", "code": "vinteng:creosoteportion-{source}" }
			}
		}
	},
	"shape": { "base": "game:item/liquid" },
	"texture": { "base": "vinteng:item/liquid/creosote-{source}" },
	"creativeinventoryStacks": [ { "tabs": ["general", "liquids"], "stacks": [ { "type": "block", "code": "game:woodbucket", "attributes": { "ucontents": [ { "type":"item", "code": "vinteng:creosoteportion-{source}", "makefull": true } ] } } ] } ],
	"maxstacksize": 5000,
	"materialDensity": 500,
	"guiTransform": {
		"translation": { "x": 0, "y": 1, "z": 0 },
		"rotation": { "x": 123, "y": -33, "z": -13 },
		"origin": { "x": 0.5, "y": 0, "z": 0.5 },
		"scale": 1.4
	},
	"fpHandTransform": {
		"translation": { "x": 0, "y": 0, "z": 0 },
		"rotation": { "x": 25, "y": 157, "z": -5 }
	},
	"tpHandTransform": {
		"translation": { "x": -1.5, "y": -1, "z": -1.4 }
	}
}