{
  "code": "creature",
  "class": "ItemCreature",
  "maxstacksize": 64,
  "materialDensity": 600,
  "variantgroups": [
    {
      "code": "type",
      "states": [
        "tamefox-red-baby-male",
        "tamefox-red-baby-female",
        "tamefox-arctic-baby-male",
        "tamefox-arctic-baby-female",
        "tamefox-red-adult-male",
        "tamefox-red-adult-female",
        "tamefox-arctic-adult-male",
        "tamefox-arctic-adult-female"
      ]
    }
  ],
  "attributes": {
    "handbook": {
      "exclude": true
    }
  },
  "shapeByType": {
    "*-baby-*": {
      "base": "game:entity/animal/mammal/fox/fox-baby"
    },
    "*-male": {
      "base": "game:entity/animal/mammal/fox/fox-male"
    },
    "*-female": {
      "base": "game:entity/animal/mammal/fox/fox-female"
    }
  },
  "texturesByType": {
    "*-red-adult-male": {
      "skin": {
        "base": "game:entity/animal/mammal/fox/red-male"
      }
    },
    "*-red-adult-female": {
      "skin": {
        "base": "game:entity/animal/mammal/fox/red-female"
      }
    },
    "*-red-baby-*": {
      "skin": {
        "base": "game:entity/animal/mammal/fox/red-baby"
      }
    },
    "*-arctic-adult-male": {
      "skin": {
        "base": "game:entity/animal/mammal/fox/arctic-male"
      }
    },
    "*-arctic-adult-female": {
      "skin": {
        "base": "game:entity/animal/mammal/fox/arctic-female"
      }
    },
    "*-arctic-baby-*": {
      "skin": {
        "base": "game:entity/animal/mammal/fox/arctic-baby"
      }
    }
  },
  "creativeinventory": {
    "general": [
      "*"
    ],
    "items": [
      "*"
    ],
    "creatures": [
      "*"
    ]
  },
  "guiTransformByType": {
    "*-adult-*": {
      "rotate": true,
      "translation": {
        "x": 2,
        "y": -2,
        "z": 0
      },
      "rotation": {
        "x": 4,
        "y": -59,
        "z": -180
      },
      "origin": {
        "x": 0.5,
        "y": 0.4,
        "z": 0.5
      },
      "scale": 2
    },
    "*-baby-*": {
      "rotate": true,
      "translation": {
        "x": 3,
        "y": 0,
        "z": 0
      },
      "rotation": {
        "x": -12,
        "y": -48,
        "z": -180
      },
      "origin": {
        "x": 0.5,
        "y": 0.3,
        "z": 0.5
      },
      "scale": 2.18
    }
  },
  "tpHandTransformByType": {
    "*-adult-*": {
      "translation": {
        "x": -0.8,
        "y": -0.4,
        "z": -0.5
      },
      "rotation": {
        "x": -180,
        "y": 0,
        "z": -156
      },
      "scale": 0.65
    },
    "*-baby-*": {
      "translation": {
        "x": -1,
        "y": -0.2,
        "z": -0.6
      },
      "rotation": {
        "x": 17,
        "y": -173,
        "z": 68
      },
      "origin": {
        "x": 0.5,
        "y": 0.2,
        "z": 0.5
      },
      "scale": 0.61
    }
  }
}
