﻿[
  {
    "ingredientPattern": "MXS,MLS,_H_",
    "width": 3,
    "height": 3,
    "ingredients": {
      "X": {
        "type": "block",
        "code": "game:anvil-iron",
        "quantity": 1
      },
      "S": {
        "type": "item",
        "code": "electricalprogressivebasics:engineshaft",
        "quantity": 1
      },
      "M": {
        "type": "item",
        "code": "game:metalplate-iron",
        "quantity": 1
      },
      "L": {
        "type": "item",
        "code": "game:helvehammerhead-steel",
        "quantity": 1
      },
      "H": {
        "type": "item",
        "code": "game:hammer-*",
        "isTool": true,
        "toolDurabilityCost": 8
      }
    },
    "output": {
      "type": "block",
      "code": "electricalprogressiveindustry:ehammer-north",
      "quantity": 1
    }
  }
]