{
  "enabled": false,
  "code": "flowercrown-elk",
  "class": "ItemMedallion",
  "variantgroups": [
    {
      "code": "color",
      "states": [
        "1",
        "2",
        "3",
        "gaypride",
        "lesbianpride",
        "transpride",
        "rainbowpride"
      ]
    }
  ],
  "attributes": {
    "attachableToEntity": {
      "categoryCode": "face",
      "attachedShapeBySlotCode": {
        "face": {
          "base": "item/wearable/hooved/flowercrown1-elk"
        }
      }
    }
  },
  "shapeByType": {
    "*": {
      "base": "item/wearable/hooved/flowercrown1-elk"
    }
  },
  "texturesByType": {
    "*-redroses": {
      "col1": { "base": "natural/redrose1" },
      "col2": { "base": "natural/redrose2" },
      "col3": { "base": "natural/redrose1" },
      "col4": { "base": "natural/redrose2" },
      "col5": { "base": "natural/redrose1" },
      "col6": { "base": "natural/redrose2" },
      "col7": { "base": "natural/redrose1" },
      "col8": { "base": "natural/redrose2" },
      "col9": { "base": "natural/redrose1" }
    },
    "*-whiteroses": {
      "col1": { "base": "natural/whiterose1" },
      "col2": { "base": "natural/whiterose2" },
      "col3": { "base": "natural/whiterose1" },
      "col4": { "base": "natural/whiterose2" },
      "col5": { "base": "natural/whiterose1" },
      "col6": { "base": "natural/whiterose2" },
      "col7": { "base": "natural/whiterose1" },
      "col8": { "base": "natural/whiterose2" },
      "col9": { "base": "natural/whiterose1" }
    },
    "*-blackroses": {
      "col1": { "base": "natural/blackrose1" },
      "col2": { "base": "natural/blackrose2" },
      "col3": { "base": "natural/blackrose1" },
      "col4": { "base": "natural/blackrose2" },
      "col5": { "base": "natural/blackrose1" },
      "col6": { "base": "natural/blackrose2" },
      "col7": { "base": "natural/blackrose1" },
      "col8": { "base": "natural/blackrose2" },
      "col9": { "base": "natural/blackrose1" }
    },
    "*-sunset": {
      "col1": { "base": "pride/lesbian1" },
      "col2": { "base": "pride/lesbian2" },
      "col3": { "base": "pride/trans3" },
      "col4": { "base": "pride/lesbian3" },
      "col5": { "base": "pride/lesbian4" },
      "col6": { "base": "pride/lesbian1" },
      "col7": { "base": "pride/lesbian2" },
      "col8": { "base": "pride/trans3" },
      "col9": { "base": "pride/lesbian3" }
    },
    "*-seaside": {
      "col1": { "base": "pride/gay1" },
      "col2": { "base": "pride/gay2" },
      "col3": { "base": "pride/trans3" },
      "col4": { "base": "pride/gay3" },
      "col5": { "base": "pride/gay4" },
      "col6": { "base": "pride/gay1" },
      "col7": { "base": "pride/gay2" },
      "col8": { "base": "pride/trans3" },
      "col9": { "base": "pride/gay3" }
    },
    "*-rainbow": {
      "col1": { "base": "pride/rainbow1red" },
      "col2": { "base": "pride/rainbow2orange" },
      "col3": { "base": "pride/rainbow3yellow" },
      "col4": { "base": "pride/rainbow4green" },
      "col5": { "base": "pride/rainbow5indigo" },
      "col6": { "base": "pride/rainbow6purple" },
      "col7": { "base": "pride/rainbow1red" },
      "col8": { "base": "pride/rainbow2orange" },
      "col9": { "base": "pride/rainbow3yellow" }
    },
    "*-change": {
      "col1": { "base": "pride/trans1" },
      "col2": { "base": "pride/trans2" },
      "col3": { "base": "pride/trans3" },
      "col4": { "base": "pride/trans2" },
      "col5": { "base": "pride/trans1" },
      "col6": { "base": "pride/trans2" },
      "col7": { "base": "pride/trans3" },
      "col8": { "base": "pride/trans2" },
      "col9": { "base": "pride/trans1" }
    },
    "*-treefrog": {
      "col1": { "base": "pride/aro1" },
      "col2": { "base": "pride/aro2" },
      "col3": { "base": "pride/trans3" },
      "col4": { "base": "pride/ace2" },
      "col5": { "base": "pride/ace1" },
      "col6": { "base": "pride/aro1" },
      "col7": { "base": "pride/aro2" },
      "col8": { "base": "pride/trans3" },
      "col9": { "base": "pride/ace2" }
    },
    "*-orchid": {
      "col1": { "base": "pride/ace3" },
      "col2": { "base": "pride/ace1" },
      "col3": { "base": "pride/ace2" },
      "col4": { "base": "pride/trans3" },
      "col5": { "base": "pride/ace3" },
      "col6": { "base": "pride/ace1" },
      "col7": { "base": "pride/ace2" },
      "col8": { "base": "pride/trans3" },
      "col9": { "base": "pride/ace3" }
    },
    "*-wildberry": {
      "col1": { "base": "pride/bi1" },
      "col2": { "base": "pride/bi2" },
      "col3": { "base": "pride/bi3" },
      "col4": { "base": "pride/bi1" },
      "col5": { "base": "pride/bi2" },
      "col6": { "base": "pride/bi3" },
      "col7": { "base": "pride/bi1" },
      "col8": { "base": "pride/bi2" },
      "col9": { "base": "pride/bi3" }
    },
    "*-complete": {
      "col1": { "base": "pride/rainbow3yellow" },
      "col2": { "base": "pride/rainbow6purple" },
      "col3": { "base": "pride/rainbow3yellow" },
      "col4": { "base": "pride/rainbow6purple" },
      "col5": { "base": "pride/rainbow3yellow" },
      "col6": { "base": "pride/rainbow3yellow" },
      "col7": { "base": "pride/rainbow6purple" },
      "col8": { "base": "pride/rainbow3yellow" },
      "col9": { "base": "pride/rainbow6purple" }
    },
    "*": {
      "col1": { "base": "game:block/creative/col79" },
      "col2": { "base": "game:block/creative/col79" },
      "col3": { "base": "game:block/creative/col79" },
      "col4": { "base": "game:block/creative/col79" },
      "col5": { "base": "game:block/creative/col79" },
      "col6": { "base": "game:block/creative/col79" },
      "col7": { "base": "game:block/creative/col79" },
      "col8": { "base": "game:block/creative/col79" },
      "col9": { "base": "game:block/creative/col79" }
    }
  },
  "maxStackSize": 1,
  "creativeinventory": {
    "general": [
      "*"
    ],
    "items": [
      "*"
    ],
    "clothing": [
      "*"
    ]
  },
  "renderAlphaTest": 0.25,
  "guiTransformByType": {
    "*": {
      "translation": {
        "x": 20,
        "y": 21,
        "z": 0
      },
      "rotation": {
        "x": -38,
        "y": -42,
        "z": -180
      },
      "origin": {
        "x": 0,
        "y": 0,
        "z": 0
      },
      "scale": 3.93
    }
  },
  "groundTransformByType": {
    "*": {
      "translation": {
        "x": 0,
        "y": 0.5,
        "z": 0
      },
      "rotation": {
        "x": 0,
        "y": 0,
        "z": 0
      },
      "scale": 5
    }
  },
  "tpHandTransformByType": {
    "*": {
      "translation": {
        "x": -0.48,
        "y": -0.03,
        "z": -0.49
      },
      "rotation": {
        "x": -53,
        "y": -10,
        "z": 18
      },
      "origin": {
        "x": 0.5,
        "y": 0.1,
        "z": 0.5
      },
      "scale": 1.2
    }
  }
}
