{
  enabled: true,
  code: "flowercrown",
  //class: "ItemWearable",
  variantgroups: [
    {
      code: "color",
      states: [
        "wild1",
        "wild2",
        "redroses",
        "whiteroses",
        "blackroses",
        "goldroses",
        "seaside",
        "sunset",
        "rainbow",
        "change",
        "treefrog",
        "orchid",
        "wildberry",
        "fireworks",
        "complete",
        "undefinable",
        "sunflower"
      ]
    }
  ],
  //storageFlags: 128,
  attributes: {
/*    "clothescategory": "head",
    "wearableAttachment": true,
    handbook: {
      groupBy: ["clothes-{category}-*"]
    },*/
    attachableToEntity: {
      texturePrefixCode: "flowercrowns:flowercrown-{color}",
      categoryCode: "crown",
      attachedShapeBySlotCodeByType: {
        "crown": {"game:tameddeer-*-adult": {"base": "item/wearable/hooved/flowercrown1-elk"}}
      }
    }
  },
  shapeByType: {
    "*-sunflower": {"base": "item/wearable/hooved/flowercrown_sunflower-elk"},
    "*": {"base": "item/wearable/hooved/flowercrown1-elk"}
    },
  texturesByType: { 
    "*-wild1": {"flower": { "base": "floral/{color}" }},
    "*-wild2": {"flower": { "base": "floral/{color}" }},
    "*-redroses": {"flower": { "base": "floral/{color}" }},
    "*-whiteroses": {"flower": { "base": "floral/{color}" }},
    "*-blackroses": {"flower": { "base": "floral/{color}" }},
    "*-goldroses": {"flower": { "base": "floral/{color}" }},
    "*-sunset": {"flower": { "base": "pride/{color}" }},
    "*-seaside": {"flower": { "base": "pride/{color}" }},
    "*-rainbow": {"flower": { "base": "pride/{color}" }},
    "*-change": {"flower": { "base": "pride/{color}" }},
    "*-treefrog": {"flower": { "base": "pride/{color}" }},
    "*-orchid": {"flower": { "base": "pride/{color}" }},
    "*-wildberry": {"flower": { "base": "pride/{color}" }},
    "*-fireworks": {"flower": { "base": "pride/{color}" }},
    "*-complete": {"flower": { "base": "pride/{color}" }},
    "*-undefinable": {"flower": { "base": "pride/{color}" }},
    "*": {"flower": { "base": "pride/flowercrowntextest" }}
  },
  maxStackSize: 1,
  creativeinventory: {"general": ["*"],"items": ["*"],"clothing": ["*"]},
  renderAlphaTest: 0.25,
  guiTransformByType: {
    "*": {
      translation: { x: 3, y: 5, z: 0 },
      rotation: { x: -37, y: -44, z: -180 },
      origin: { x: 0.2, y: 0.1, z: 0 },
      scale: 4.12
    }
  },
  tpHandTransformByType: {
    "*": {
      translation: { x: -0.3, y: -0.07, z: 0.2 },
      rotation: { x: -180, y: -180, z: -84 },
      origin: { x: 0, y: 0, z: 0 },
      scale: 0.75
    }
  }
}
