{
	"editor": {
		"allAngles": false,
		"entityTextureMode": false
	},
	"textureWidth": 16,
	"textureHeight": 16,
	"textureSizes": {
	},
	"textures": {
		"flammable-lit": "block/wood/torch/flammable-lit",
		"wood": "block/wood/torch/wood"
	},
	"elements": [
		{
			"name": "Origin",
			"from": [ 1.0, 2.0, 1.0 ],
			"to": [ 1.0, 2.0, 1.0 ],
			"rotationOrigin": [ 1.0, 2.0, 1.0 ],
			"faces": {
			},
			"children": [
				{
					"name": "handle 1",
					"from": [ -1.3, 5.0, 5.4 ],
					"to": [ 1.2, 12.0, 7.9 ],
					"rotationOrigin": [ -0.3, -7.0, 6.4 ],
					"faces": {
						"north": { "texture": "#wood", "uv": [ 11.0, 1.5, 13.5, 8.5 ] },
						"east": { "texture": "#wood", "uv": [ 11.5, 0.5, 14.0, 7.5 ] },
						"south": { "texture": "#wood", "uv": [ 2.5, 9.0, 5.0, 16.0 ] },
						"west": { "texture": "#wood", "uv": [ 4.5, 3.0, 7.0, 10.0 ] },
						"down": { "texture": "#wood", "uv": [ 0.0, 13.5, 2.5, 16.0 ] }
					},
					"children": [
						{
							"name": "Cube9",
							"from": [ 0.0, -4.0, 0.0 ],
							"to": [ 1.0, 0.0, 1.0 ],
							"rotationOrigin": [ 0.0, -4.0, 0.0 ],
							"faces": {
								"north": { "texture": "#wood", "uv": [ 6.5, 10.0, 7.5, 14.0 ] },
								"east": { "texture": "#wood", "uv": [ 11.0, 10.5, 12.0, 14.5 ] },
								"south": { "texture": "#wood", "uv": [ 2.5, 0.0, 3.5, 4.0 ] },
								"west": { "texture": "#wood", "uv": [ 2.5, 0.5, 3.5, 4.5 ] },
								"down": { "texture": "#wood", "uv": [ 0.0, 0.0, 1.0, 1.0 ] }
							}
						},
						{
							"name": "Cube11",
							"from": [ 0.0, -3.0, 1.5 ],
							"to": [ 0.5, 0.0, 2.5 ],
							"rotationOrigin": [ 0.0, -3.0, 1.5 ],
							"faces": {
								"north": { "texture": "#wood", "uv": [ 12.0, 11.5, 12.5, 14.5 ] },
								"east": { "texture": "#wood", "uv": [ 4.5, 0.5, 5.5, 3.5 ] },
								"south": { "texture": "#wood", "uv": [ 4.5, 1.5, 5.0, 4.5 ] },
								"west": { "texture": "#wood", "uv": [ 3.0, 1.0, 4.0, 4.0 ] },
								"down": { "texture": "#wood", "uv": [ 0.0, 0.0, 0.5, 1.0 ] }
							}
						},
						{
							"name": "Cube12",
							"from": [ 1.0, -2.0, 1.5 ],
							"to": [ 2.5, 0.0, 2.5 ],
							"rotationOrigin": [ 1.0, -2.0, 1.5 ],
							"faces": {
								"north": { "texture": "#wood", "uv": [ 9.0, 10.0, 10.5, 12.0 ] },
								"east": { "texture": "#wood", "uv": [ 4.5, 7.5, 5.5, 9.5 ] },
								"south": { "texture": "#wood", "uv": [ 3.5, 0.5, 5.0, 2.5 ] },
								"west": { "texture": "#wood", "uv": [ 6.5, 0.5, 7.5, 2.5 ] },
								"down": { "texture": "#wood", "uv": [ 0.0, 0.0, 1.5, 1.0 ] }
							}
						},
						{
							"name": "Cube13",
							"from": [ 1.0, -3.0, 0.0 ],
							"to": [ 2.5, 0.0, 0.5 ],
							"rotationOrigin": [ 1.0, -3.0, 0.0 ],
							"faces": {
								"north": { "texture": "#wood", "uv": [ 11.5, 8.5, 13.0, 11.5 ] },
								"east": { "texture": "#wood", "uv": [ 11.5, 3.0, 12.0, 6.0 ] },
								"south": { "texture": "#wood", "uv": [ 3.5, 5.5, 5.0, 8.5 ] },
								"down": { "texture": "#wood", "uv": [ 0.0, 0.0, 1.5, 0.5 ] }
							}
						},
						{
							"name": "Cube14",
							"from": [ 0.0, -5.0, 0.0 ],
							"to": [ 0.5, -4.0, 0.5 ],
							"rotationOrigin": [ 0.0, -5.0, 0.0 ],
							"faces": {
								"north": { "texture": "#wood", "uv": [ 7.0, 5.0, 7.5, 6.0 ] },
								"east": { "texture": "#wood", "uv": [ 11.5, 14.5, 12.0, 15.5 ] },
								"south": { "texture": "#wood", "uv": [ 13.5, 11.5, 14.0, 12.5 ] },
								"west": { "texture": "#wood", "uv": [ 2.5, 2.0, 3.0, 3.0 ] },
								"down": { "texture": "#wood", "uv": [ 0.0, 0.0, 0.5, 0.5 ] }
							}
						},
						{
							"name": "string 2",
							"from": [ -0.1, 4.4, -0.1 ],
							"to": [ 2.8, 5.4, 2.8 ],
							"rotationOrigin": [ 1.3, 4.4, 1.3 ],
							"rotationX": -3.0,
							"rotationZ": 5.0,
							"faces": {
								"north": { "texture": "#flammable-lit", "uv": [ 11.0, 0.5, 13.5, 1.5 ], "glow": 255 },
								"east": { "texture": "#flammable-lit", "uv": [ 3.5, 0.5, 6.0, 1.5 ], "glow": 255 },
								"south": { "texture": "#flammable-lit", "uv": [ 0.0, 0.5, 2.5, 1.5 ], "glow": 255 },
								"west": { "texture": "#flammable-lit", "uv": [ 11.0, 0.5, 13.5, 1.5 ], "glow": 255 },
								"up": { "texture": "#flammable-lit", "uv": [ 13.5, 13.0, 16.0, 15.5 ], "glow": 255 },
								"down": { "texture": "#flammable-lit", "uv": [ 12.5, 13.0, 15.0, 15.5 ], "glow": 255 }
							}
						},
						{
							"name": "string 1",
							"from": [ -0.3, 5.7, -0.3 ],
							"to": [ 2.7, 6.2, 2.7 ],
							"rotationOrigin": [ 1.1, 5.7, 1.1 ],
							"rotationX": 6.0,
							"rotationZ": -13.0,
							"faces": {
								"north": { "texture": "#flammable-lit", "uv": [ 10.5, 0.5, 13.5, 1.0 ], "glow": 255 },
								"east": { "texture": "#flammable-lit", "uv": [ 4.5, 0.5, 7.5, 1.0 ], "glow": 255 },
								"south": { "texture": "#flammable-lit", "uv": [ 5.5, 0.5, 8.5, 1.0 ], "glow": 255 },
								"west": { "texture": "#flammable-lit", "uv": [ 1.5, 0.5, 4.5, 1.0 ], "glow": 255 },
								"up": { "texture": "#flammable-lit", "uv": [ 13.0, 13.0, 16.0, 16.0 ], "glow": 255 },
								"down": { "texture": "#flammable-lit", "uv": [ 12.5, 13.0, 15.5, 16.0 ], "glow": 255 }
							}
						},
						{
							"name": "string 3",
							"from": [ -0.3, 3.8, -0.2 ],
							"to": [ 2.7, 4.3, 2.8 ],
							"rotationOrigin": [ 1.1, 3.8, 1.2 ],
							"rotationX": -10.0,
							"rotationZ": -9.0,
							"faces": {
								"north": { "texture": "#flammable-lit", "uv": [ 11.0, 1.0, 14.0, 1.5 ], "glow": 255 },
								"east": { "texture": "#flammable-lit", "uv": [ 4.0, 1.0, 7.0, 1.5 ], "glow": 255 },
								"south": { "texture": "#flammable-lit", "uv": [ 6.0, 1.0, 9.0, 1.5 ], "glow": 255 },
								"west": { "texture": "#flammable-lit", "uv": [ 13.0, 1.0, 16.0, 1.5 ], "glow": 255 },
								"up": { "texture": "#flammable-lit", "uv": [ 12.5, 12.5, 15.5, 15.5 ], "glow": 255 },
								"down": { "texture": "#flammable-lit", "uv": [ 13.0, 12.5, 16.0, 15.5 ], "glow": 255 }
							}
						},
						{
							"name": "string 4",
							"from": [ -0.2, 3.0, -0.3 ],
							"to": [ 2.8, 3.5, 2.7 ],
							"rotationOrigin": [ 1.2, 3.0, 1.1 ],
							"rotationX": 11.0,
							"rotationZ": 3.0,
							"faces": {
								"north": { "texture": "#flammable-lit", "uv": [ 3.5, 0.5, 6.5, 1.0 ], "glow": 255 },
								"east": { "texture": "#flammable-lit", "uv": [ 9.5, 0.5, 12.5, 1.0 ], "glow": 255 },
								"south": { "texture": "#flammable-lit", "uv": [ 0.5, 0.5, 3.5, 1.0 ], "glow": 255 },
								"west": { "texture": "#flammable-lit", "uv": [ 8.5, 0.5, 11.5, 1.0 ], "glow": 255 },
								"up": { "texture": "#flammable-lit", "uv": [ 13.0, 13.0, 16.0, 16.0 ], "glow": 255 },
								"down": { "texture": "#flammable-lit", "uv": [ 12.5, 13.0, 15.5, 16.0 ], "glow": 255 }
							}
						},
						{
							"name": "flammable",
							"from": [ -0.1, 2.6, -0.1 ],
							"to": [ 2.6, 7.1, 2.6 ],
							"rotationOrigin": [ -0.1, 2.6, -0.1 ],
							"faces": {
								"north": { "texture": "#flammable-lit", "uv": [ 0.0, 0.0, 2.5, 4.5 ], "glow": 255 },
								"east": { "texture": "#flammable-lit", "uv": [ 2.5, 0.0, 5.0, 4.5 ], "glow": 255 },
								"south": { "texture": "#flammable-lit", "uv": [ 4.0, 0.0, 6.5, 4.5 ], "glow": 255 },
								"west": { "texture": "#flammable-lit", "uv": [ 11.0, 0.0, 13.5, 4.5 ], "glow": 255 },
								"up": { "texture": "#flammable-lit", "uv": [ 13.0, 13.0, 15.5, 15.5 ], "glow": 255 },
								"down": { "texture": "#flammable-lit", "uv": [ 13.0, 13.0, 15.5, 15.5 ], "glow": 255 }
							}
						},
						{
							"name": "handle 2",
							"from": [ 0.3, -3.0, 0.3 ],
							"to": [ 2.3, 1.0, 2.3 ],
							"rotationOrigin": [ 0.3, -3.0, 0.3 ],
							"faces": {
								"north": { "texture": "#wood", "uv": [ 13.5, 9.0, 15.5, 13.0 ] },
								"east": { "texture": "#wood", "uv": [ 11.5, 7.5, 13.5, 11.5 ] },
								"south": { "texture": "#wood", "uv": [ 12.0, 8.0, 14.0, 12.0 ] },
								"west": { "texture": "#wood", "uv": [ 13.5, 8.5, 15.5, 12.5 ] },
								"down": { "texture": "#wood", "uv": [ 13.5, 11.0, 15.5, 13.0 ] }
							}
						},
						{
							"name": "handle 7",
							"from": [ -0.7, -1.0, -0.7 ],
							"to": [ 3.3, 0.0, 3.3 ],
							"rotationOrigin": [ -0.2, -35.0, -1.2 ],
							"faces": {
								"north": { "texture": "#wood", "uv": [ 12.0, 14.5, 16.0, 15.5 ] },
								"east": { "texture": "#wood", "uv": [ 12.0, 15.0, 16.0, 16.0 ] },
								"south": { "texture": "#wood", "uv": [ 12.0, 14.5, 16.0, 15.5 ] },
								"west": { "texture": "#wood", "uv": [ 12.0, 14.5, 16.0, 15.5 ] },
								"up": { "texture": "#wood", "uv": [ 0.0, 0.0, 4.0, 4.0 ] },
								"down": { "texture": "#wood", "uv": [ 12.0, 12.0, 16.0, 16.0 ] }
							}
						},
						{
							"name": "handle 8",
							"from": [ -0.2, -1.5, -1.8 ],
							"to": [ 2.8, -0.5, 1.2 ],
							"rotationOrigin": [ 0.3, -0.5, -2.3 ],
							"rotationX": 67.5,
							"faces": {
								"north": { "texture": "#wood", "uv": [ 13.0, 11.5, 16.0, 12.5 ] },
								"east": { "texture": "#wood", "uv": [ 13.0, 12.0, 16.0, 13.0 ] },
								"south": { "texture": "#wood", "uv": [ 12.5, 12.0, 15.5, 13.0 ] },
								"west": { "texture": "#wood", "uv": [ 12.5, 12.0, 15.5, 13.0 ] },
								"up": { "texture": "#wood", "uv": [ 0.0, 0.0, 3.0, 3.0 ] },
								"down": { "texture": "#wood", "uv": [ 12.5, 12.5, 15.5, 15.5 ] }
							}
						},
						{
							"name": "handle 9",
							"from": [ -1.2, -0.5, -1.2 ],
							"to": [ 3.8, 0.5, 3.8 ],
							"rotationOrigin": [ -0.7, -35.5, -1.7 ],
							"faces": {
								"north": { "texture": "#wood", "uv": [ 11.0, 15.0, 16.0, 16.0 ] },
								"east": { "texture": "#wood", "uv": [ 11.0, 14.5, 16.0, 15.5 ] },
								"south": { "texture": "#wood", "uv": [ 11.0, 15.0, 16.0, 16.0 ] },
								"west": { "texture": "#wood", "uv": [ 11.0, 15.0, 16.0, 16.0 ] },
								"up": { "texture": "#wood", "uv": [ 3.0, 1.5, 8.0, 6.5 ] },
								"down": { "texture": "#wood", "uv": [ 11.0, 11.0, 16.0, 16.0 ] }
							}
						}
					]
				},
				{
					"name": "handle 6",
					"from": [ -1.01, 2.0, -1.01 ],
					"to": [ 0.99, 10.0, 0.99 ],
					"rotationOrigin": [ -0.5, 2.0, -1.5 ],
					"rotationX": 67.5,
					"faces": {
						"north": { "texture": "#wood", "uv": [ 10.5, 2.5, 12.5, 10.5 ] },
						"east": { "texture": "#wood", "uv": [ 8.0, 2.5, 10.0, 10.5 ] },
						"south": { "texture": "#wood", "uv": [ 8.5, 3.5, 10.5, 11.5 ] },
						"west": { "texture": "#wood", "uv": [ 10.5, 1.0, 12.5, 9.0 ] },
						"up": { "texture": "#wood", "uv": [ 5.0, 8.0, 7.0, 10.0 ] },
						"down": { "texture": "#wood", "uv": [ 12.5, 12.5, 14.5, 14.5 ] }
					}
				},
				{
					"name": "handle 3",
					"from": [ -1.4, 0.0, -1.2 ],
					"to": [ 1.4, 4.0, 1.5 ],
					"rotationOrigin": [ -0.9, 0.0, -1.7 ],
					"faces": {
						"north": { "texture": "#wood", "uv": [ 12.5, 11.5, 15.0, 15.5 ] },
						"east": { "texture": "#wood", "uv": [ 13.0, 12.0, 15.5, 16.0 ] },
						"south": { "texture": "#wood", "uv": [ 12.5, 12.0, 15.0, 16.0 ] },
						"west": { "texture": "#wood", "uv": [ 13.0, 12.0, 15.5, 16.0 ] },
						"up": { "texture": "#wood", "uv": [ 0.0, 0.0, 2.5, 2.5 ] },
						"down": { "texture": "#wood", "uv": [ 12.5, 12.5, 15.0, 15.0 ] }
					}
				}
			]
		}
	]}