{
	"editor": {
		"allAngles": false,
		"entityTextureMode": false
	},
	"textureWidth": 16,
	"textureHeight": 16,
	"textureSizes": {
	},
	"textures": {
		"torch-lit": "block/wood/torch/torch-lit"
	},
	"elements": [
		{
			"name": "Origin",
			"from": [ 8.0, 0.0, 8.0 ], 
			"to": [ 8.0, 0.0, 8.0 ], 
			"rotationOrigin": [ 8.0, 0.0, 8.0 ],
			"faces": {
				"north": { "texture": "#torch-lit", "uv": [ 0.0, 0.0, 0.5, 0.5 ], "enabled": false },
				"east": { "texture": "#torch-lit", "uv": [ 0.0, 0.0, 0.5, 0.5 ], "enabled": false },
				"south": { "texture": "#torch-lit", "uv": [ 0.0, 0.0, 0.5, 0.5 ], "enabled": false },
				"west": { "texture": "#torch-lit", "uv": [ 0.0, 0.0, 0.5, 0.5 ], "enabled": false },
				"up": { "texture": "#torch-lit", "uv": [ 0.0, 0.0, 0.5, 0.5 ], "enabled": false },
				"down": { "texture": "#torch-lit", "uv": [ 0.0, 0.0, 0.5, 0.5 ], "enabled": false }
			},
			"children": [
				{
					"name": "string 2",
					"from": [ -1.1, 14.5, -1.1 ], 
					"to": [ 1.3, 15.5, 1.3 ], 
					"rotationOrigin": [ 0.0, 14.5, 0.0 ],
					"rotationX": -3.0,
					"rotationZ": 5.0,
					"faces": {
						"north": { "texture": "#torch-lit", "uv": [ 7.5, 1.0, 9.5, 2.0 ], "glow": 255 },
						"east": { "texture": "#torch-lit", "uv": [ 9.0, 1.5, 11.0, 2.5 ], "glow": 255 },
						"south": { "texture": "#torch-lit", "uv": [ 8.5, 0.5, 10.5, 1.5 ], "glow": 255 },
						"west": { "texture": "#torch-lit", "uv": [ 8.5, 1.0, 10.5, 2.0 ], "glow": 255 },
						"up": { "texture": "#torch-lit", "uv": [ 14.0, 0.5, 16.0, 2.5 ], "glow": 255 },
						"down": { "texture": "#torch-lit", "uv": [ 14.0, 2.5, 16.0, 4.5 ], "glow": 255 }
					}
				},
				{
					"name": "string 1",
					"from": [ -1.3, 16.0, -1.2 ], 
					"to": [ 1.1, 16.5, 1.2 ], 
					"rotationOrigin": [ -0.2, 16.0, -0.2 ],
					"rotationX": 6.0,
					"rotationZ": -13.0,
					"faces": {
						"north": { "texture": "#torch-lit", "uv": [ 9.0, 1.0, 11.0, 1.5 ], "glow": 255 },
						"east": { "texture": "#torch-lit", "uv": [ 10.0, 1.0, 12.0, 1.5 ], "glow": 255 },
						"south": { "texture": "#torch-lit", "uv": [ 7.5, 1.0, 9.5, 1.5 ], "glow": 255 },
						"west": { "texture": "#torch-lit", "uv": [ 9.5, 2.0, 11.5, 2.5 ], "glow": 255 },
						"up": { "texture": "#torch-lit", "uv": [ 14.0, 0.0, 16.0, 2.0 ], "glow": 255 },
						"down": { "texture": "#torch-lit", "uv": [ 14.0, 0.0, 16.0, 2.0 ], "glow": 255 }
					}
				},
				{
					"name": "string 3",
					"from": [ -1.4, 14.0, -1.2 ], 
					"to": [ 1.2, 14.5, 1.4 ], 
					"rotationOrigin": [ -0.2, 14.0, -0.1 ],
					"rotationX": -10.0,
					"rotationZ": -9.0,
					"faces": {
						"north": { "texture": "#torch-lit", "uv": [ 7.5, 3.0, 10.0, 3.5 ], "glow": 255 },
						"east": { "texture": "#torch-lit", "uv": [ 9.0, 2.0, 11.5, 2.5 ], "glow": 255 },
						"south": { "texture": "#torch-lit", "uv": [ 13.0, 0.0, 15.5, 0.5 ], "glow": 255 },
						"west": { "texture": "#torch-lit", "uv": [ 8.0, 4.0, 10.5, 4.5 ], "glow": 255 },
						"up": { "texture": "#torch-lit", "uv": [ 13.5, 1.0, 16.0, 3.5 ], "glow": 255 },
						"down": { "texture": "#torch-lit", "uv": [ 13.5, 1.0, 16.0, 3.5 ], "glow": 255 }
					}
				},
				{
					"name": "string 4",
					"from": [ -1.1, 13.1, -1.2 ], 
					"to": [ 1.1, 13.6, 1.0 ], 
					"rotationOrigin": [ -0.1, 13.1, -0.2 ],
					"rotationX": 11.0,
					"rotationZ": 3.0,
					"faces": {
						"north": { "texture": "#torch-lit", "uv": [ 13.0, 0.5, 15.0, 1.0 ], "glow": 255 },
						"east": { "texture": "#torch-lit", "uv": [ 8.5, 2.0, 10.5, 2.5 ], "glow": 255 },
						"south": { "texture": "#torch-lit", "uv": [ 8.0, 4.0, 10.0, 4.5 ], "glow": 255 },
						"west": { "texture": "#torch-lit", "uv": [ 9.5, 4.0, 11.5, 4.5 ], "glow": 255 },
						"up": { "texture": "#torch-lit", "uv": [ 14.0, 1.0, 16.0, 3.0 ], "glow": 255 },
						"down": { "texture": "#torch-lit", "uv": [ 14.0, 1.0, 16.0, 3.0 ], "glow": 255 }
					}
				},
				{
					"name": "flammable",
					"from": [ -1.0, 12.6, -1.0 ], 
					"to": [ 1.0, 17.1, 1.0 ], 
					"rotationOrigin": [ -0.1, 12.6, 0.0 ],
					"faces": {
						"north": { "texture": "#torch-lit", "uv": [ 8.0, 0.5, 10.0, 5.0 ], "glow": 255 },
						"east": { "texture": "#torch-lit", "uv": [ 8.0, 0.5, 10.0, 5.0 ], "glow": 255 },
						"south": { "texture": "#torch-lit", "uv": [ 7.5, 0.5, 9.5, 5.0 ], "glow": 255 },
						"west": { "texture": "#torch-lit", "uv": [ 8.0, 0.5, 10.0, 5.0 ], "glow": 255 },
						"up": { "texture": "#torch-lit", "uv": [ 14.0, 0.0, 16.0, 2.0 ], "glow": 255 },
						"down": { "texture": "#torch-lit", "uv": [ 14.0, 3.0, 16.0, 5.0 ], "glow": 255 }
					}
				},
				{
					"name": "handle 2",
					"from": [ -0.8, 0.0, -0.8 ], 
					"to": [ 0.7, 16.0, 0.7 ], 
					"faces": {
						"north": { "texture": "#torch-lit", "uv": [ 6.0, 0.0, 7.5, 16.0 ] },
						"east": { "texture": "#torch-lit", "uv": [ 5.5, 0.0, 7.0, 16.0 ] },
						"south": { "texture": "#torch-lit", "uv": [ 6.0, 0.0, 7.5, 16.0 ] },
						"west": { "texture": "#torch-lit", "uv": [ 5.5, 0.0, 7.0, 16.0 ] },
						"up": { "texture": "#torch-lit", "uv": [ 0.0, 0.0, 1.5, 1.5 ], "enabled": false },
						"down": { "texture": "#torch-lit", "uv": [ 6.0, 14.0, 7.5, 15.5 ] }
					}
				}
			]
		}
	]}