{
	"editor": {
		"backDropShape": "C:/Users/Cal/Desktop/boobold",
		"collapsedPaths": "Root/ArmorUpperTorso,Root/SideDecorationCrown/CrownFront,Root/ArmorHelmet/PlumeP3/Plume22,Root/ArmorHelmet/SideDecorationCrown/CrownBack,Root/ArmorHelmet/TopDecorationLion/leg2/legdown2,Root/ArmorHelmet/TopDecorationLion/hand2,Root/ArmorHelmet/HeadcrownR3,Root/ArmorHelmet/TopDecorationLion/hand1,Root/ArmorHelmet/SideDecorationCrown/CrownRight,Root/SideDecorationCrown,Root/ArmorHelmet/Plume/Plume12,Root/ArmorHelmet/ArmorNose,Root/ArmorHelmet/TopDecorationLion/hand1/forearm1,Root/ArmorHelmet/lining,Root/TopDecorationLion/hand1,Root/ArmorHelmet/TopDecorationLion/Tail,Root/ArmorHelmet/SideDecorationCrown/CrownLeft,Root/ArmorHelmet/HeadDecCrownBase,Root/TopDecorationLion/hand2,Root/ArmorLowerLegL,Root/TopDecorationLion/Head,Root/ArmorHelmet/Plume/Plume4,Root/ArmorHelmet/Plume/Plume3,Root/ArmorHelmet/HeadDecCrownBase/CrownBack,Root/ArmorHelmet/TopDecorationLion/leg2,Root/ArmorHelmet/TopDecorationLion/leg1,Root/ArmorHelmet/HeadcrownL,Root/ArmorHelmet/Plume/Plume21,Root/ArmorLowerLegR,Root/TopDecorationLion/leg2,Root/ArmorUpperArmR,Root/ArmorHelmet/HeadcrownR,Root/ArmorUpperArmL,Root/ArmorHelmet/TopDecorationLion/hand2/forearm2,Root/ArmorHelmet/TopDecorationLion/Head,Root/ArmorHelmet/SideDecorationCrown/CrownFront,Root/ArmorHelmet/PlumeP2,Root/ArmorHelmet/TopDecorationLion/Bottomtop,Root/ArmorHelmet/ArmorHelmetBottom,Root/ArmorHelmet/ArmorHelmetTop/FaceRim2/OcularL/CheekL2/Bolt9,Root/ArmorHelmet/Plume/Plume3/Plume4,Root/TopDecorationLion,Root/ArmorHelmet/TopDecorationLion/Head/Nose,Root/ArmorUpperLegL,Root/ArmorHelmet/HeadDecCrownBase/CrownFront3,Root/SideDecorationCrown/CrownRight,Root/ArmorHelmet/Plume/Plume21/Plume22,Root/ArmorHelmet/HeadDecCrownBase/CrownFront4,Root/ArmorHelmet/PlumeP1/Plume4,Root/ArmorLowerTorso,Root/ArmorUpperLegR,Root/ArmorHelmet/TopDecorationLion/leg1/legdown1,Root/ArmorLowerArmR,Root/ArmorHelmet/HeadDecCrownBase/CrownLeft,Root/ArmorHelmet/HeadDecCrownBase/CrownFront2,Root/ArmorLowerArmL,Root/ArmorHelmet/Fin,Root/ArmorHelmet/Hinge1,Root/ArmorHelmet/HeadDecCrownBase/CrownFront,Root/ArmorHelmet/Hinge4,Root/SideDecorationCrown/CrownLeft,Root/ArmorHelmet/HeadDecCrownBase/CrownRight,Root/ArmorHelmet/HeadDecCrownBase/CrownRight2,Root/SideDecorationCrown/CrownFront4,Root/SideDecorationCrown/CrownFront3,Root/SideDecorationCrown/CrownFront2",
		"allAngles": true,
		"entityTextureMode": true
	},
	"textureWidth": 64,
	"textureHeight": 64,
	"textureSizes": {
	},
	"textures": {
		"stoneforgehead": "armor/entity/stoneforge_heavysteel",
		"plume": "block/plume/plumered"
	},
	"elements": [
		{
			"name": "ArmorHelmet",
			"stepParentName": "Head",
			"from": [ -0.5, 3.2, -0.6 ],
			"to": [ 6.2, 5.3, 5.7 ],
			"autoUnwrap": false,
			"uv": [ 36.0, 17.5 ],
			"rotationOrigin": [ -0.5, 3.2, -0.6 ],
			"rotationZ": 2.0,
			"faces": {
				"north": { "texture": "#stoneforgehead", "uv": [ 42.0, 30.0, 47.5, 32.0 ], "autoUv": false, "windMode": [-1,-1,-1,-1], "windData": [1,1,1,1] },
				"east": { "texture": "#stoneforgehead", "uv": [ 42.0, 30.0, 48.0, 32.0 ], "windMode": [-1,-1,-1,-1], "windData": [0,0,0,0] },
				"south": { "texture": "#stoneforgehead", "uv": [ 49.0, 30.0, 55.5, 32.0 ], "windMode": [-1,-1,-1,-1], "windData": [1,1,1,1] },
				"west": { "texture": "#stoneforgehead", "uv": [ 42.0, 30.0, 48.0, 32.0 ], "windMode": [-1,-1,-1,-1], "windData": [1,1,1,1] },
				"up": { "texture": "#stoneforgehead", "uv": [ 44.0, 20.5, 50.0, 27.0 ], "rotation": 90, "windMode": [-1,-1,-1,-1], "windData": [1,1,1,1] },
				"down": { "texture": "#stoneforgehead", "uv": [ 0.0, 0.0, 6.5, 6.0 ], "enabled": false }
			},
			"children": [
				{
					"name": "ArmorHelmetTop",
					"from": [ 0.5, 2.1, 0.5 ],
					"to": [ 6.1, 2.6, 5.8 ],
					"autoUnwrap": false,
					"uv": [ 44.5, 21.0 ],
					"rotationOrigin": [ 0.5, 2.1, 0.5 ],
					"faces": {
						"north": { "texture": "#stoneforgehead", "uv": [ 48.0, 29.0, 53.5, 29.5 ], "windMode": [-1,-1,-1,-1], "windData": [1,1,1,1] },
						"east": { "texture": "#stoneforgehead", "uv": [ 54.0, 29.0, 59.0, 29.5 ], "windMode": [-1,-1,-1,-1], "windData": [1,1,1,1] },
						"south": { "texture": "#stoneforgehead", "uv": [ 48.0, 29.0, 53.5, 29.5 ], "windMode": [-1,-1,-1,-1], "windData": [1,1,1,1] },
						"west": { "texture": "#stoneforgehead", "uv": [ 54.0, 29.0, 59.0, 29.5 ], "windMode": [-1,-1,-1,-1], "windData": [1,1,1,1] },
						"up": { "texture": "#stoneforgehead", "uv": [ 44.5, 21.0, 49.5, 26.5 ], "rotation": 90, "windMode": [-1,-1,-1,-1], "windData": [1,1,1,1] },
						"down": { "texture": "#stoneforgehead", "uv": [ 0.0, 0.0, 5.5, 5.0 ], "enabled": false }
					},
					"children": [
						{
							"name": "FaceRim2",
							"from": [ -1.2, -2.9, 1.5 ],
							"to": [ -0.5, -1.2, 3.8 ],
							"autoUnwrap": false,
							"uv": [ 6.0, 24.5 ],
							"rotationOrigin": [ -1.2, -2.9, 1.5 ],
							"faces": {
								"north": { "texture": "#stoneforgehead", "uv": [ 6.0, 26.5, 6.5, 28.0 ] },
								"east": { "texture": "#stoneforgehead", "uv": [ 7.0, 28.0, 9.0, 29.5 ] },
								"south": { "texture": "#stoneforgehead", "uv": [ 10.0, 20.0, 10.5, 21.5 ] },
								"west": { "texture": "#stoneforgehead", "uv": [ 20.8, 59.5, 25.0, 64.0 ], "autoUv": false },
								"up": { "texture": "#stoneforgehead", "uv": [ 6.0, 24.5, 6.5, 26.5 ] },
								"down": { "texture": "#stoneforgehead", "uv": [ 6.5, 24.5, 7.0, 26.5 ] }
							},
							"children": [
								{
									"name": "OcularL",
									"from": [ 0.53, -0.99, 3.55 ],
									"to": [ 1.23, 0.31, 4.55 ],
									"uv": [ 46.0, 40.0 ],
									"rotationOrigin": [ 0.5303, -0.9918, 3.55 ],
									"rotationX": 0.3526,
									"rotationY": 9.9938,
									"rotationZ": -2.0308,
									"faces": {
										"north": { "texture": "#stoneforgehead", "uv": [ 46.0, 41.0, 46.5, 42.0 ] },
										"east": { "texture": "#stoneforgehead", "uv": [ 0.0, 0.0, 1.0, 1.0 ], "enabled": false },
										"south": { "texture": "#stoneforgehead", "uv": [ 46.5, 41.0, 47.0, 42.0 ] },
										"west": { "texture": "#stoneforgehead", "uv": [ 47.0, 41.0, 48.0, 42.0 ] },
										"up": { "texture": "#stoneforgehead", "uv": [ 0.0, 0.0, 0.5, 1.0 ], "enabled": false },
										"down": { "texture": "#stoneforgehead", "uv": [ 46.0, 40.0, 46.5, 41.0 ] }
									},
									"children": [
										{
											"name": "CheekL2",
											"from": [ -0.01, -0.6, -2.1 ],
											"to": [ 0.49, 0.4, 0.9 ],
											"autoUnwrap": false,
											"uv": [ 32.0, 10.0 ],
											"rotationOrigin": [ 0.0, -0.6, -2.1 ],
											"rotationX": -5.0,
											"faces": {
												"north": { "texture": "#stoneforgehead", "uv": [ 32.0, 13.0, 32.5, 14.0 ] },
												"east": { "texture": "#stoneforgehead", "uv": [ 0.0, 0.0, 3.0, 1.0 ], "enabled": false },
												"south": { "texture": "#stoneforgehead", "uv": [ 32.5, 13.0, 33.0, 14.0 ] },
												"west": { "texture": "#stoneforgehead", "uv": [ 33.0, 13.0, 36.0, 14.0 ] },
												"up": { "texture": "#stoneforgehead", "uv": [ 58.5, 41.5, 59.0, 44.5 ] },
												"down": { "texture": "#stoneforgehead", "uv": [ 59.0, 41.5, 59.5, 44.5 ] }
											}
										},
										{
											"name": "CheekL3",
											"from": [ 0.2, 0.3, -2.1 ],
											"to": [ 0.2, 1.0, 0.2 ],
											"uv": [ 55.5, 9.5 ],
											"rotationOrigin": [ 0.2, 0.3, -2.1 ],
											"rotationX": -5.0,
											"faces": {
												"north": { "texture": "#stoneforgehead", "uv": [ 55.5, 11.5, 56.0, 12.0 ] },
												"east": { "texture": "#stoneforgehead", "uv": [ 0.0, 0.0, 3.0, 1.0 ], "enabled": false },
												"south": { "texture": "#stoneforgehead", "uv": [ 56.0, 11.5, 56.5, 12.0 ] },
												"west": { "texture": "#stoneforgehead", "uv": [ 56.5, 11.5, 58.5, 12.0 ] },
												"up": { "texture": "#stoneforgehead", "uv": [ 55.5, 9.5, 56.0, 11.5 ] },
												"down": { "texture": "#stoneforgehead", "uv": [ 56.0, 9.5, 56.5, 11.5 ] }
											}
										}
									]
								},
								{
									"name": "OcularR",
									"from": [ 0.73, -1.0, -2.25 ],
									"to": [ 1.43, 0.3, -1.25 ],
									"uv": [ 46.0, 39.5 ],
									"rotationOrigin": [ 0.7302, -0.9988, -2.25 ],
									"rotationX": -0.3526,
									"rotationY": -9.9938,
									"rotationZ": -2.0308,
									"faces": {
										"north": { "texture": "#stoneforgehead", "uv": [ 46.0, 40.5, 46.5, 41.5 ] },
										"east": { "texture": "#stoneforgehead", "uv": [ 0.0, 0.0, 1.0, 1.0 ], "enabled": false },
										"south": { "texture": "#stoneforgehead", "uv": [ 46.5, 40.5, 47.0, 41.5 ] },
										"west": { "texture": "#stoneforgehead", "uv": [ 47.0, 40.5, 48.0, 41.5 ] },
										"up": { "texture": "#stoneforgehead", "uv": [ 0.0, 0.0, 0.5, 1.0 ], "enabled": false },
										"down": { "texture": "#stoneforgehead", "uv": [ 46.0, 39.5, 46.5, 40.5 ] }
									},
									"children": [
										{
											"name": "CheekR2",
											"from": [ -0.01, -0.6, 0.0 ],
											"to": [ 0.49, 0.4, 3.0 ],
											"autoUnwrap": false,
											"uv": [ 28.5, 9.5 ],
											"rotationOrigin": [ 0.0, -0.6, 3.0 ],
											"rotationX": 5.0,
											"faces": {
												"north": { "texture": "#stoneforgehead", "uv": [ 29.5, 13.0, 30.0, 14.0 ] },
												"east": { "texture": "#stoneforgehead", "uv": [ 0.0, 0.0, 3.0, 1.0 ], "enabled": false },
												"south": { "texture": "#stoneforgehead", "uv": [ 29.0, 12.5, 29.5, 13.5 ] },
												"west": { "texture": "#stoneforgehead", "uv": [ 29.5, 12.5, 32.5, 13.5 ] },
												"up": { "texture": "#stoneforgehead", "uv": [ 59.0, 41.5, 59.5, 44.5 ] },
												"down": { "texture": "#stoneforgehead", "uv": [ 59.5, 41.5, 60.0, 44.5 ] }
											}
										},
										{
											"name": "CheekR3",
											"from": [ 0.2, 0.3, 0.4 ],
											"to": [ 0.2, 1.0, 2.7 ],
											"uv": [ 55.3, 9.5 ],
											"rotationOrigin": [ 0.2, 0.3, 2.7 ],
											"rotationX": 5.0,
											"faces": {
												"north": { "texture": "#stoneforgehead", "uv": [ 55.5, 11.5, 56.0, 12.0 ] },
												"east": { "texture": "#stoneforgehead", "uv": [ 0.0, 0.0, 3.0, 1.0 ], "enabled": false },
												"south": { "texture": "#stoneforgehead", "uv": [ 56.0, 11.5, 56.5, 12.0 ] },
												"west": { "texture": "#stoneforgehead", "uv": [ 56.5, 11.5, 58.5, 12.0 ] },
												"up": { "texture": "#stoneforgehead", "uv": [ 55.5, 9.5, 56.0, 11.5 ] },
												"down": { "texture": "#stoneforgehead", "uv": [ 56.0, 9.5, 56.5, 11.5 ] }
											}
										}
									]
								},
								{
									"name": "ArmorHelmetNasal",
									"from": [ -1.61, -0.18, 0.45 ],
									"to": [ -1.11, 2.92, 1.65 ],
									"unwrapMode": 1,
									"uv": [ 45.3, 39.0 ],
									"rotationOrigin": [ -1.6148, -0.1771, 0.45 ],
									"rotationZ": -90.0,
									"faces": {
										"north": { "texture": "#stoneforgehead", "uv": [ 45.5, 39.0, 46.0, 42.0 ] },
										"east": { "texture": "#stoneforgehead", "uv": [ 45.5, 39.0, 46.5, 42.0 ], "enabled": false },
										"south": { "texture": "#stoneforgehead", "uv": [ 47.0, 39.0, 47.5, 42.0 ] },
										"west": { "texture": "#stoneforgehead", "uv": [ 46.0, 39.0, 47.0, 42.0 ] },
										"up": { "texture": "#stoneforgehead", "uv": [ 45.5, 39.0, 46.0, 40.0 ], "rotation": 180, "enabled": false },
										"down": { "texture": "#stoneforgehead", "uv": [ 45.5, 42.0, 46.0, 43.0 ] }
									},
									"children": [
										{
											"name": "Bolt1",
											"from": [ -0.1, 0.2, -0.2 ],
											"to": [ 0.6, 1.4, 1.0 ],
											"uv": [ 59.5, 48.0 ],
											"rotationOrigin": [ -0.1, 0.2, -0.2 ],
											"rotationX": 45.0,
											"faces": {
												"north": { "texture": "#stoneforgehead", "uv": [ 59.5, 49.0, 60.0, 50.0 ] },
												"east": { "texture": "#stoneforgehead", "uv": [ 60.0, 49.0, 61.0, 50.0 ] },
												"south": { "texture": "#stoneforgehead", "uv": [ 61.0, 49.0, 61.5, 50.0 ] },
												"west": { "texture": "#stoneforgehead", "uv": [ 61.5, 49.0, 62.5, 50.0 ] },
												"up": { "texture": "#stoneforgehead", "uv": [ 59.5, 48.0, 60.0, 49.0 ] },
												"down": { "texture": "#stoneforgehead", "uv": [ 60.0, 48.0, 60.5, 49.0 ] }
											}
										}
									]
								}
							]
						},
						{
							"name": "FaceRim3",
							"from": [ -1.2, -2.91, 3.8 ],
							"to": [ -0.5, -1.19, 5.1 ],
							"autoUnwrap": false,
							"uv": [ 30.0, 25.0 ],
							"rotationOrigin": [ -1.2, -2.9, 3.8 ],
							"rotationY": 20.0,
							"faces": {
								"north": { "texture": "#stoneforgehead", "uv": [ 60.0, 21.0, 60.5, 22.5 ] },
								"east": { "texture": "#stoneforgehead", "uv": [ 57.5, 21.0, 58.5, 22.5 ] },
								"south": { "texture": "#stoneforgehead", "uv": [ 55.5, 21.0, 56.0, 22.5 ] },
								"west": { "texture": "#stoneforgehead", "uv": [ 25.1, 59.5, 27.5, 64.0 ], "autoUv": false },
								"up": { "texture": "#stoneforgehead", "uv": [ 57.0, 21.0, 57.5, 22.0 ] },
								"down": { "texture": "#stoneforgehead", "uv": [ 56.5, 20.5, 57.0, 21.5 ] }
							}
						},
						{
							"name": "FaceRim4",
							"from": [ -1.2, -2.91, 0.2 ],
							"to": [ -0.5, -1.19, 1.5 ],
							"autoUnwrap": false,
							"uv": [ 30.0, 25.0 ],
							"rotationOrigin": [ -1.2, -2.9, 1.5 ],
							"rotationY": -20.0,
							"faces": {
								"north": { "texture": "#stoneforgehead", "uv": [ 56.5, 20.5, 57.0, 22.0 ] },
								"east": { "texture": "#stoneforgehead", "uv": [ 56.5, 21.5, 57.5, 23.0 ] },
								"south": { "texture": "#stoneforgehead", "uv": [ 60.0, 20.5, 60.5, 22.0 ] },
								"west": { "texture": "#stoneforgehead", "uv": [ 18.0, 59.5, 20.7, 64.0 ], "autoUv": false },
								"up": { "texture": "#stoneforgehead", "uv": [ 60.0, 20.5, 60.5, 21.5 ] },
								"down": { "texture": "#stoneforgehead", "uv": [ 55.5, 20.5, 56.0, 21.5 ] }
							}
						}
					]
				},
				{
					"name": "ArmorHelmetTop2",
					"from": [ 1.0, 2.6, 1.0 ],
					"to": [ 5.6, 3.1, 5.3 ],
					"autoUnwrap": false,
					"uv": [ 45.0, 22.0 ],
					"rotationOrigin": [ 1.0, 2.6, 1.0 ],
					"faces": {
						"north": { "texture": "#stoneforgehead", "uv": [ 41.5, 29.5, 46.0, 30.0 ], "windMode": [-1,-1,-1,-1], "windData": [1,1,1,1] },
						"east": { "texture": "#stoneforgehead", "uv": [ 46.0, 29.5, 50.0, 30.0 ], "windMode": [-1,-1,-1,-1], "windData": [1,1,1,1] },
						"south": { "texture": "#stoneforgehead", "uv": [ 50.0, 29.5, 54.5, 30.0 ], "windMode": [-1,-1,-1,-1], "windData": [1,1,1,1] },
						"west": { "texture": "#stoneforgehead", "uv": [ 54.5, 29.5, 58.5, 30.0 ], "windMode": [-1,-1,-1,-1], "windData": [1,1,1,1] },
						"up": { "texture": "#stoneforgehead", "uv": [ 45.0, 21.5, 49.0, 26.0 ], "rotation": 90, "windMode": [-1,-1,-1,-1], "windData": [1,1,1,1] },
						"down": { "texture": "#stoneforgehead", "uv": [ 0.0, 0.0, 4.5, 4.0 ], "enabled": false }
					}
				},
				{
					"name": "ArmorHelmetRim",
					"from": [ -1.01, 0.32, 2.55 ],
					"to": [ 7.29, 2.52, 3.55 ],
					"unwrapMode": 1,
					"autoUnwrap": false,
					"uv": [ 43.5, 34.0 ],
					"rotationOrigin": [ -1.0148, 0.323, 2.55 ],
					"rotationZ": -2.0,
					"faces": {
						"north": { "texture": "#stoneforgehead", "uv": [ 41.5, 30.0, 49.5, 32.0 ] },
						"east": { "texture": "#stoneforgehead", "uv": [ 60.0, 23.0, 61.5, 26.5 ], "autoUv": false, "windMode": [-1,-1,-1,-1], "windData": [1,1,1,1] },
						"south": { "texture": "#stoneforgehead", "uv": [ 47.5, 30.0, 55.5, 32.0 ] },
						"west": { "texture": "#stoneforgehead", "uv": [ 60.0, 35.5, 61.5, 39.0 ], "autoUv": false },
						"up": { "texture": "#stoneforgehead", "uv": [ 43.0, 27.0, 50.0, 28.5 ], "rotation": 180, "autoUv": false, "windMode": [-1,-1,-1,-1], "windData": [1,1,1,1] },
						"down": { "texture": "#stoneforgehead", "uv": [ 0.0, 0.0, 8.0, 1.0 ], "enabled": false }
					},
					"children": [
						{
							"name": "ArmorHelmetRim2",
							"from": [ 0.1, 1.8, -0.01 ],
							"to": [ 7.8, 2.7, 1.01 ],
							"unwrapMode": 1,
							"autoUnwrap": false,
							"uv": [ 43.5, 36.0 ],
							"rotationOrigin": [ 0.0952, 1.803, 0.0 ],
							"rotationZ": 2.0,
							"faces": {
								"north": { "texture": "#stoneforgehead", "uv": [ 52.5, 27.0, 59.0, 28.5 ], "autoUv": false },
								"east": { "texture": "#stoneforgehead", "uv": [ 60.0, 33.0, 61.5, 34.5 ], "autoUv": false, "windMode": [-1,-1,-1,-1], "windData": [1,1,1,1] },
								"south": { "texture": "#stoneforgehead", "uv": [ 49.0, 32.0, 55.5, 31.0 ], "autoUv": false },
								"west": { "texture": "#stoneforgehead", "uv": [ 60.0, 33.3, 61.5, 34.8 ], "autoUv": false },
								"up": { "texture": "#stoneforgehead", "uv": [ 52.5, 27.0, 59.0, 28.5 ], "rotation": 180, "autoUv": false, "windMode": [-1,-1,-1,-1], "windData": [1,1,1,1] },
								"down": { "texture": "#stoneforgehead", "uv": [ 49.0, 31.0, 56.5, 32.0 ] }
							}
						},
						{
							"name": "ArmorHelmetRim3",
							"from": [ 0.2, 2.2, 0.0 ],
							"to": [ 7.0, 3.2, 1.0 ],
							"unwrapMode": 1,
							"autoUnwrap": false,
							"uv": [ 43.5, 35.0 ],
							"rotationOrigin": [ 0.1952, 2.203, 0.0 ],
							"rotationZ": 2.0,
							"faces": {
								"north": { "texture": "#stoneforgehead", "uv": [ 42.5, 31.0, 49.0, 32.0 ] },
								"east": { "texture": "#stoneforgehead", "uv": [ 60.0, 27.8, 61.5, 29.5 ], "autoUv": false, "windMode": [-1,-1,-1,-1], "windData": [1,2,2,1] },
								"south": { "texture": "#stoneforgehead", "uv": [ 42.5, 31.0, 49.0, 32.0 ] },
								"west": { "texture": "#stoneforgehead", "uv": [ 60.0, 27.8, 61.5, 29.5 ], "autoUv": false },
								"up": { "texture": "#stoneforgehead", "uv": [ 43.0, 27.0, 51.0, 28.5 ], "rotation": 180, "autoUv": false, "windMode": [-1,-1,-1,-1], "windData": [1,1,1,1] },
								"down": { "texture": "#stoneforgehead", "uv": [ 0.0, 0.0, 6.5, 1.0 ], "enabled": false }
							}
						},
						{
							"name": "ArmorHelmetRim4",
							"from": [ 3.69, 2.2, -3.4 ],
							"to": [ 4.71, 3.3, 4.6 ],
							"unwrapMode": 5,
							"unwrapRotation": 1,
							"autoUnwrap": false,
							"uv": [ 19.5, 34.0 ],
							"rotationOrigin": [ 3.6952, 2.203, -3.4 ],
							"faces": {
								"north": { "texture": "#stoneforgehead", "uv": [ 54.5, 27.0, 56.5, 28.5 ], "rotation": 270, "autoUv": false },
								"east": { "texture": "#stoneforgehead", "uv": [ 43.0, 19.5, 51.0, 20.5 ], "rotation": 180, "windMode": [-1,-1,-1,-1], "windData": [1,2,2,1] },
								"south": { "texture": "#stoneforgehead", "uv": [ 54.2, 26.9, 52.7, 28.5 ], "rotation": 90, "autoUv": false },
								"west": { "texture": "#stoneforgehead", "uv": [ 29.0, 7.5, 37.0, 8.5 ] },
								"up": { "texture": "#stoneforgehead", "uv": [ 43.0, 27.0, 51.1, 28.5 ], "rotation": 90, "autoUv": false, "windMode": [-1,-1,-1,-1], "windData": [1,1,1,1] },
								"down": { "texture": "#stoneforgehead", "uv": [ 42.0, 31.0, 50.0, 32.0 ], "rotation": 270 }
							}
						},
						{
							"name": "ArmorHelmetRim5",
							"from": [ 3.7, 1.7, -3.2 ],
							"to": [ 4.7, 2.8, 4.4 ],
							"unwrapMode": 5,
							"unwrapRotation": 1,
							"autoUnwrap": false,
							"uv": [ 19.0, 34.5 ],
							"rotationOrigin": [ 3.6952, 1.703, -3.2 ],
							"faces": {
								"north": { "texture": "#stoneforgehead", "uv": [ 60.0, 31.0, 61.2, 32.5 ], "rotation": 270, "autoUv": false },
								"east": { "texture": "#stoneforgehead", "uv": [ 49.0, 31.0, 56.5, 32.0 ], "rotation": 180, "windMode": [-1,-1,-1,-1], "windData": [1,2,2,1] },
								"south": { "texture": "#stoneforgehead", "uv": [ 51.3, 27.0, 52.9, 28.5 ], "rotation": 90, "autoUv": false },
								"west": { "texture": "#stoneforgehead", "uv": [ 54.0, 22.0, 61.5, 23.0 ] },
								"up": { "texture": "#stoneforgehead", "uv": [ 43.0, 27.0, 48.9, 28.5 ], "rotation": 90, "autoUv": false, "windMode": [-1,-1,-1,-1], "windData": [1,1,1,1] },
								"down": { "texture": "#stoneforgehead", "uv": [ 49.5, 31.0, 57.0, 32.0 ], "rotation": 270 }
							}
						},
						{
							"name": "ArmorHelmetRim6",
							"from": [ 3.71, 0.1, -3.0 ],
							"to": [ 4.69, 2.3, 4.2 ],
							"unwrapMode": 5,
							"unwrapRotation": 1,
							"autoUnwrap": false,
							"uv": [ 20.0, 32.5 ],
							"rotationOrigin": [ 3.6952, 0.103, -3.0 ],
							"faces": {
								"north": { "texture": "#stoneforgehead", "uv": [ 43.5, 27.0, 46.5, 28.5 ], "rotation": 270, "autoUv": false },
								"east": { "texture": "#stoneforgehead", "uv": [ 41.5, 30.0, 48.5, 32.0 ], "rotation": 180, "windMode": [-1,-1,-1,-1], "windData": [1,2,2,1] },
								"south": { "texture": "#stoneforgehead", "uv": [ 43.0, 27.0, 46.5, 28.5 ], "rotation": 90, "autoUv": false },
								"west": { "texture": "#stoneforgehead", "uv": [ 49.0, 30.0, 56.0, 32.0 ] },
								"up": { "texture": "#stoneforgehead", "uv": [ 42.0, 29.0, 49.0, 29.5 ], "rotation": 90, "windMode": [-1,-1,-1,-1], "windData": [1,1,1,1] },
								"down": { "texture": "#stoneforgehead", "uv": [ 44.0, 29.0, 51.0, 29.5 ], "rotation": 270 }
							}
						},
						{
							"name": "ArmorHelmetRim7",
							"from": [ 0.15, -0.84, -0.1 ],
							"to": [ 0.65, 0.16, 1.1 ],
							"uv": [ 31.4, 12.9 ],
							"rotationOrigin": [ 0.1461, -0.8433, -0.05 ],
							"rotationZ": 13.0,
							"faces": {
								"north": { "texture": "#stoneforgehead", "uv": [ 31.5, 14.0, 32.0, 15.0 ] },
								"east": { "texture": "#stoneforgehead", "uv": [ 32.0, 14.0, 33.0, 15.0 ] },
								"south": { "texture": "#stoneforgehead", "uv": [ 33.0, 14.0, 33.5, 15.0 ] },
								"west": { "texture": "#stoneforgehead", "uv": [ 33.5, 14.0, 34.5, 15.0 ] },
								"up": { "texture": "#stoneforgehead", "uv": [ 31.5, 13.0, 32.0, 14.0 ] },
								"down": { "texture": "#stoneforgehead", "uv": [ 32.0, 13.0, 32.5, 14.0 ] }
							},
							"children": [
								{
									"name": "ArmorHelmetRim9",
									"from": [ 0.0044, 1.0, 0.0 ],
									"to": [ 0.5044, 2.0, 1.2 ],
									"uv": [ 34.0, 13.0 ],
									"rotationOrigin": [ -0.0039, 0.9967, 0.05 ],
									"rotationZ": -8.0,
									"faces": {
										"north": { "texture": "#stoneforgehead", "uv": [ 34.0, 14.0, 34.5, 15.0 ] },
										"east": { "texture": "#stoneforgehead", "uv": [ 34.5, 14.0, 35.5, 15.0 ] },
										"south": { "texture": "#stoneforgehead", "uv": [ 35.5, 14.0, 36.0, 15.0 ] },
										"west": { "texture": "#stoneforgehead", "uv": [ 36.0, 14.0, 37.0, 15.0 ] },
										"up": { "texture": "#stoneforgehead", "uv": [ 34.0, 13.0, 34.5, 14.0 ] },
										"down": { "texture": "#stoneforgehead", "uv": [ 34.5, 13.0, 35.0, 14.0 ] }
									},
									"children": [
										{
											"name": "ArmorHelmetRim10",
											"from": [ 0.0, 1.0, 0.0 ],
											"to": [ 0.5, 2.0, 1.2 ],
											"uv": [ 34.0, 8.0 ],
											"rotationOrigin": [ -0.0083, 0.9967, 0.05 ],
											"rotationZ": -3.0,
											"faces": {
												"north": { "texture": "#stoneforgehead", "uv": [ 34.0, 9.0, 34.5, 10.0 ] },
												"east": { "texture": "#stoneforgehead", "uv": [ 34.5, 9.0, 35.5, 10.0 ] },
												"south": { "texture": "#stoneforgehead", "uv": [ 35.5, 9.0, 36.0, 10.0 ] },
												"west": { "texture": "#stoneforgehead", "uv": [ 36.0, 9.0, 37.0, 10.0 ] },
												"up": { "texture": "#stoneforgehead", "uv": [ 34.0, 8.0, 34.5, 9.0 ] },
												"down": { "texture": "#stoneforgehead", "uv": [ 34.5, 8.0, 35.0, 9.0 ] }
											},
											"children": [
												{
													"name": "ArmorHelmetRim11",
													"from": [ 0.0, 1.0, 0.0 ],
													"to": [ 0.5, 2.2, 1.2 ],
													"uv": [ 29.0, 7.5 ],
													"rotationOrigin": [ -0.0083, 1.0, 0.05 ],
													"faces": {
														"north": { "texture": "#stoneforgehead", "uv": [ 29.0, 8.5, 29.5, 9.5 ] },
														"east": { "texture": "#stoneforgehead", "uv": [ 29.5, 8.5, 30.5, 9.5 ] },
														"south": { "texture": "#stoneforgehead", "uv": [ 30.5, 8.5, 31.0, 9.5 ] },
														"west": { "texture": "#stoneforgehead", "uv": [ 31.0, 8.5, 32.0, 9.5 ] },
														"up": { "texture": "#stoneforgehead", "uv": [ 29.0, 7.5, 29.5, 8.5 ] },
														"down": { "texture": "#stoneforgehead", "uv": [ 29.5, 7.5, 30.0, 8.5 ] }
													}
												}
											]
										}
									]
								}
							]
						},
						{
							"name": "ArmorHelmetRim8",
							"from": [ 0.35, -1.84, 0.1 ],
							"to": [ 0.55, -0.84, 0.9 ],
							"uv": [ 34.5, 7.5 ],
							"rotationOrigin": [ 0.3461, -1.8433, 0.15 ],
							"rotationZ": 6.0,
							"faces": {
								"north": { "texture": "#stoneforgehead", "uv": [ 34.5, 8.0, 35.0, 9.0 ] },
								"east": { "texture": "#stoneforgehead", "uv": [ 35.0, 8.0, 35.5, 9.0 ] },
								"south": { "texture": "#stoneforgehead", "uv": [ 35.5, 8.0, 36.0, 9.0 ] },
								"west": { "texture": "#stoneforgehead", "uv": [ 36.0, 8.0, 36.5, 9.0 ] },
								"up": { "texture": "#stoneforgehead", "uv": [ 34.5, 7.5, 35.0, 8.0 ] },
								"down": { "texture": "#stoneforgehead", "uv": [ 35.0, 7.5, 35.5, 8.0 ] }
							}
						},
						{
							"name": "Cube2",
							"from": [ 7.3, -1.0, 0.01 ],
							"to": [ 8.3, 0.0, 0.99 ],
							"uv": [ 43.5, 25.5 ],
							"rotationOrigin": [ 8.3, 0.0, 0.0 ],
							"rotationZ": -23.0,
							"faces": {
								"north": { "texture": "#stoneforgehead", "uv": [ 43.5, 26.0, 44.5, 27.0 ] },
								"east": { "texture": "#stoneforgehead", "uv": [ 44.5, 26.0, 45.0, 27.0 ] },
								"south": { "texture": "#stoneforgehead", "uv": [ 45.0, 26.0, 46.0, 27.0 ] },
								"west": { "texture": "#stoneforgehead", "uv": [ 46.0, 26.0, 46.5, 27.0 ] },
								"up": { "texture": "#stoneforgehead", "uv": [ 43.5, 25.5, 44.5, 26.0 ] },
								"down": { "texture": "#stoneforgehead", "uv": [ 44.5, 25.5, 45.5, 26.0 ] }
							}
						}
					]
				},
				{
					"name": "ArmorHelmet3",
					"from": [ -0.2278, -0.7925, -0.3 ],
					"to": [ 6.7722, 0.8075, 6.6 ],
					"autoUnwrap": false,
					"uv": [ 27.0, 14.0 ],
					"rotationOrigin": [ -0.2278, -0.7925, -0.3 ],
					"faces": {
						"north": { "texture": "#stoneforgehead", "uv": [ 36.0, 59.5, 53.5, 64.0 ], "autoUv": false, "windMode": [-1,-1,-1,-1], "windData": [1,1,1,1] },
						"east": { "texture": "#stoneforgehead", "uv": [ 18.0, 59.5, 27.5, 64.0 ], "autoUv": false, "windMode": [-1,-1,-1,-1], "windData": [0,0,0,0] },
						"south": { "texture": "#stoneforgehead", "uv": [ 0.0, 59.5, 18.0, 64.0 ], "autoUv": false, "windMode": [-1,-1,-1,-1], "windData": [1,1,1,1] },
						"west": { "texture": "#stoneforgehead", "uv": [ 14.4, 59.5, 31.2, 64.0 ], "autoUv": false, "windMode": [-1,-1,-1,-1], "windData": [1,1,1,1] },
						"up": { "texture": "#stoneforgehead", "uv": [ 43.5, 20.0, 50.0, 27.0 ], "rotation": 90, "windMode": [-1,-1,-1,-1], "windData": [1,1,1,1] },
						"down": { "texture": "#stoneforgehead", "uv": [ 44.0, 20.0, 50.5, 27.0 ], "rotation": 90, "windMode": [-1,-1,-1,-1], "windData": [1,1,1,1] }
					}
				},
				{
					"name": "SideCoverL1",
					"from": [ 0.39, -2.2, 5.4 ],
					"to": [ 6.91, -0.5, 6.4 ],
					"autoUnwrap": false,
					"uv": [ 24.0, 24.5 ],
					"rotationOrigin": [ 0.386, -2.1998, 5.4 ],
					"faces": {
						"north": { "texture": "#stoneforgehead", "uv": [ 24.0, 25.5, 30.5, 27.0 ], "enabled": false },
						"east": { "texture": "#stoneforgehead", "uv": [ 30.5, 25.5, 31.5, 27.0 ], "enabled": false },
						"south": { "texture": "#stoneforgehead", "uv": [ 44.0, 21.0, 50.5, 22.5 ] },
						"west": { "texture": "#stoneforgehead", "uv": [ 38.0, 25.5, 39.0, 27.0 ], "enabled": false },
						"up": { "texture": "#stoneforgehead", "uv": [ 24.0, 24.5, 30.5, 25.5 ], "enabled": false },
						"down": { "texture": "#stoneforgehead", "uv": [ 30.5, 24.5, 37.0, 25.5 ], "enabled": false }
					},
					"children": [
						{
							"name": "SideCoverL2",
							"from": [ -0.59, -1.7002, 0.8 ],
							"to": [ 6.51, 0.3998, 1.8 ],
							"autoUnwrap": false,
							"uv": [ 27.5, 34.0 ],
							"rotationOrigin": [ -0.6, -1.7, 0.8 ],
							"rotationX": -15.0,
							"faces": {
								"north": { "texture": "#stoneforgehead", "uv": [ 29.5, 28.5, 36.5, 30.5 ], "enabled": false },
								"east": { "texture": "#stoneforgehead", "uv": [ 50.0, 25.0, 51.0, 27.0 ] },
								"south": { "texture": "#stoneforgehead", "uv": [ 43.5, 25.0, 50.5, 27.0 ] },
								"west": { "texture": "#stoneforgehead", "uv": [ 43.0, 25.0, 44.0, 27.0 ] },
								"up": { "texture": "#stoneforgehead", "uv": [ 43.5, 24.5, 50.5, 25.5 ] },
								"down": { "texture": "#stoneforgehead", "uv": [ 43.5, 26.5, 50.5, 27.5 ] }
							},
							"children": [
								{
									"name": "MouthCoverL1",
									"from": [ -2.2, 0.49, 0.0 ],
									"to": [ 0.0, 2.11, 1.0 ],
									"uv": [ 31.0, 11.3 ],
									"rotationOrigin": [ 0.0, 0.5, 1.0 ],
									"rotationY": -39.0,
									"faces": {
										"north": { "texture": "#stoneforgehead", "uv": [ 31.0, 12.5, 33.0, 14.0 ] },
										"east": { "texture": "#stoneforgehead", "uv": [ 33.0, 12.5, 34.0, 14.0 ] },
										"south": { "texture": "#stoneforgehead", "uv": [ 34.0, 12.5, 36.0, 14.0 ] },
										"west": { "texture": "#stoneforgehead", "uv": [ 36.0, 12.5, 37.0, 14.0 ] },
										"up": { "texture": "#stoneforgehead", "uv": [ 31.0, 11.5, 33.0, 12.5 ] },
										"down": { "texture": "#stoneforgehead", "uv": [ 33.0, 11.5, 35.0, 12.5 ] }
									}
								}
							]
						},
						{
							"name": "SideCoverL3",
							"from": [ -0.6, -1.7002, 0.8 ],
							"to": [ 6.52, -0.7002, 1.8 ],
							"uv": [ 43.5, 26.5 ],
							"rotationOrigin": [ -0.6, -1.7, 0.8 ],
							"rotationX": 15.0,
							"faces": {
								"north": { "texture": "#stoneforgehead", "uv": [ 43.5, 27.5, 50.5, 28.5 ] },
								"east": { "texture": "#stoneforgehead", "uv": [ 50.5, 27.5, 51.5, 28.5 ] },
								"south": { "texture": "#stoneforgehead", "uv": [ 51.5, 27.5, 58.5, 28.5 ] },
								"west": { "texture": "#stoneforgehead", "uv": [ 58.5, 27.5, 59.5, 28.5 ] },
								"up": { "texture": "#stoneforgehead", "uv": [ 43.5, 26.5, 50.5, 27.5 ] },
								"down": { "texture": "#stoneforgehead", "uv": [ 50.5, 26.5, 57.5, 27.5 ] }
							},
							"children": [
								{
									"name": "SideCoverL4",
									"from": [ -0.5, -0.01, 0.5 ],
									"to": [ 0.0, 1.01, 1.0 ],
									"uv": [ 45.5, 34.0 ],
									"rotationOrigin": [ 0.0, 2.0E-4, 1.0 ],
									"rotationY": -75.0,
									"faces": {
										"north": { "texture": "#stoneforgehead", "uv": [ 45.5, 34.5, 46.0, 35.5 ] },
										"east": { "texture": "#stoneforgehead", "uv": [ 46.0, 34.5, 46.5, 35.5 ] },
										"south": { "texture": "#stoneforgehead", "uv": [ 46.5, 34.5, 47.0, 35.5 ] },
										"west": { "texture": "#stoneforgehead", "uv": [ 47.0, 34.5, 47.5, 35.5 ] },
										"up": { "texture": "#stoneforgehead", "uv": [ 45.5, 34.0, 46.0, 34.5 ] },
										"down": { "texture": "#stoneforgehead", "uv": [ 46.0, 34.0, 46.5, 34.5 ] }
									},
									"children": [
										{
											"name": "SideCoverL5",
											"from": [ -2.5, 0.0, 0.01 ],
											"to": [ 0.0, 1.0, 0.51 ],
											"uv": [ 50.0, 26.8 ],
											"rotationOrigin": [ 0.0, 1.0, 0.5 ],
											"rotationY": 33.0,
											"rotationZ": 19.0,
											"faces": {
												"north": { "texture": "#stoneforgehead", "uv": [ 50.0, 27.5, 52.5, 28.5 ] },
												"east": { "texture": "#stoneforgehead", "uv": [ 52.5, 27.5, 53.0, 28.5 ] },
												"south": { "texture": "#stoneforgehead", "uv": [ 53.0, 27.5, 55.5, 28.5 ] },
												"west": { "texture": "#stoneforgehead", "uv": [ 55.5, 27.5, 56.0, 28.5 ] },
												"up": { "texture": "#stoneforgehead", "uv": [ 50.0, 27.0, 52.5, 27.5 ] },
												"down": { "texture": "#stoneforgehead", "uv": [ 52.5, 27.0, 55.0, 27.5 ] }
											}
										}
									]
								}
							]
						}
					]
				},
				{
					"name": "SideCoverR1",
					"from": [ 0.39, -2.2, -0.1 ],
					"to": [ 6.91, -0.5, 0.9 ],
					"autoUnwrap": false,
					"uv": [ 28.5, 34.5 ],
					"rotationOrigin": [ 0.386, -2.1998, 0.7 ],
					"faces": {
						"north": { "texture": "#stoneforgehead", "uv": [ 43.5, 24.0, 50.0, 25.5 ] },
						"east": { "texture": "#stoneforgehead", "uv": [ 35.0, 35.5, 36.0, 37.0 ], "enabled": false },
						"south": { "texture": "#stoneforgehead", "uv": [ 36.0, 35.5, 42.5, 37.0 ], "enabled": false },
						"west": { "texture": "#stoneforgehead", "uv": [ 42.5, 35.5, 43.5, 37.0 ], "enabled": false },
						"up": { "texture": "#stoneforgehead", "uv": [ 28.5, 34.5, 35.0, 35.5 ], "enabled": false },
						"down": { "texture": "#stoneforgehead", "uv": [ 35.0, 34.5, 41.5, 35.5 ], "enabled": false }
					},
					"children": [
						{
							"name": "SideCoverR2",
							"from": [ -0.6, -1.7002, -0.8 ],
							"to": [ 6.5, 0.3998, 0.2 ],
							"autoUnwrap": false,
							"uv": [ 27.5, 34.0 ],
							"rotationOrigin": [ 0.4, -1.7, 0.0 ],
							"rotationX": 15.0,
							"faces": {
								"north": { "texture": "#stoneforgehead", "uv": [ 43.5, 25.0, 50.5, 27.0 ] },
								"east": { "texture": "#stoneforgehead", "uv": [ 50.0, 25.0, 51.0, 27.0 ] },
								"south": { "texture": "#stoneforgehead", "uv": [ 35.5, 35.0, 42.5, 37.0 ], "enabled": false },
								"west": { "texture": "#stoneforgehead", "uv": [ 43.0, 25.0, 44.0, 27.0 ] },
								"up": { "texture": "#stoneforgehead", "uv": [ 43.0, 24.5, 50.0, 25.5 ] },
								"down": { "texture": "#stoneforgehead", "uv": [ 44.0, 26.5, 51.0, 27.5 ] }
							},
							"children": [
								{
									"name": "MouthCoverR1",
									"from": [ -2.2, 0.49, 0.0 ],
									"to": [ 0.0, 2.11, 1.0 ],
									"uv": [ 30.0, 11.9 ],
									"rotationOrigin": [ 0.0, 0.5, 0.0 ],
									"rotationY": 39.0,
									"faces": {
										"north": { "texture": "#stoneforgehead", "uv": [ 30.0, 13.0, 32.0, 14.5 ] },
										"east": { "texture": "#stoneforgehead", "uv": [ 32.0, 13.0, 33.0, 14.5 ] },
										"south": { "texture": "#stoneforgehead", "uv": [ 33.0, 13.0, 35.0, 14.5 ] },
										"west": { "texture": "#stoneforgehead", "uv": [ 35.0, 13.0, 36.0, 14.5 ] },
										"up": { "texture": "#stoneforgehead", "uv": [ 30.0, 12.0, 32.0, 13.0 ] },
										"down": { "texture": "#stoneforgehead", "uv": [ 32.0, 12.0, 34.0, 13.0 ] }
									}
								}
							]
						},
						{
							"name": "SideCoverR3",
							"from": [ -0.6, -1.7002, -0.8 ],
							"to": [ 6.22, -0.7002, 0.2 ],
							"uv": [ 44.2, 26.1 ],
							"rotationOrigin": [ -0.6, -1.7, 0.0 ],
							"rotationX": -15.0,
							"faces": {
								"north": { "texture": "#stoneforgehead", "uv": [ 44.0, 27.5, 50.5, 28.5 ] },
								"east": { "texture": "#stoneforgehead", "uv": [ 51.0, 27.5, 52.0, 28.5 ] },
								"south": { "texture": "#stoneforgehead", "uv": [ 52.0, 27.5, 58.5, 28.5 ] },
								"west": { "texture": "#stoneforgehead", "uv": [ 58.5, 27.5, 59.5, 28.5 ] },
								"up": { "texture": "#stoneforgehead", "uv": [ 44.0, 26.0, 50.5, 27.0 ] },
								"down": { "texture": "#stoneforgehead", "uv": [ 51.0, 26.0, 57.5, 27.0 ] }
							},
							"children": [
								{
									"name": "SideCoverR4",
									"from": [ -0.5, -0.01, 0.0 ],
									"to": [ 0.0, 1.01, 0.5 ],
									"uv": [ 45.5, 34.0 ],
									"rotationOrigin": [ 0.0, 0.0, 0.0 ],
									"rotationY": 75.0,
									"faces": {
										"north": { "texture": "#stoneforgehead", "uv": [ 45.5, 34.5, 46.0, 35.5 ] },
										"east": { "texture": "#stoneforgehead", "uv": [ 46.0, 34.5, 46.5, 35.5 ] },
										"south": { "texture": "#stoneforgehead", "uv": [ 46.5, 34.5, 47.0, 35.5 ] },
										"west": { "texture": "#stoneforgehead", "uv": [ 47.0, 34.5, 47.5, 35.5 ] },
										"up": { "texture": "#stoneforgehead", "uv": [ 45.5, 34.0, 46.0, 34.5 ] },
										"down": { "texture": "#stoneforgehead", "uv": [ 46.0, 34.0, 46.5, 34.5 ] }
									},
									"children": [
										{
											"name": "SideCoverR5",
											"from": [ -2.51, 0.0, -0.01 ],
											"to": [ -0.01, 1.0, 0.49 ],
											"uv": [ 45.1, 27.0 ],
											"rotationOrigin": [ 0.0, 1.0, 0.0 ],
											"rotationY": -33.0,
											"rotationZ": 19.0,
											"faces": {
												"north": { "texture": "#stoneforgehead", "uv": [ 45.0, 27.5, 47.5, 28.5 ] },
												"east": { "texture": "#stoneforgehead", "uv": [ 48.0, 27.5, 48.5, 28.5 ] },
												"south": { "texture": "#stoneforgehead", "uv": [ 48.5, 27.5, 51.0, 28.5 ] },
												"west": { "texture": "#stoneforgehead", "uv": [ 51.0, 27.5, 51.5, 28.5 ] },
												"up": { "texture": "#stoneforgehead", "uv": [ 45.0, 27.0, 47.5, 27.5 ] },
												"down": { "texture": "#stoneforgehead", "uv": [ 48.0, 27.0, 50.5, 27.5 ] }
											}
										}
									]
								}
							]
						}
					]
				},
				{
					"name": "SideCoverB1",
					"from": [ 6.09, -2.3998, 6.1 ],
					"to": [ 12.19, -0.3998, 7.1 ],
					"autoUnwrap": false,
					"uv": [ 27.5, 33.0 ],
					"rotationOrigin": [ 6.086, -2.3998, 6.1 ],
					"rotationY": 90.0,
					"faces": {
						"north": { "texture": "#stoneforgehead", "uv": [ 27.5, 34.0, 33.5, 36.0 ] },
						"east": { "texture": "#stoneforgehead", "uv": [ 29.0, 13.0, 30.0, 15.0 ] },
						"south": { "texture": "#stoneforgehead", "uv": [ 30.0, 11.5, 36.0, 13.5 ] },
						"west": { "texture": "#stoneforgehead", "uv": [ 36.0, 13.0, 37.0, 15.0 ] },
						"up": { "texture": "#stoneforgehead", "uv": [ 30.5, 12.5, 36.5, 13.5 ] },
						"down": { "texture": "#stoneforgehead", "uv": [ 30.0, 12.5, 36.0, 13.5 ] }
					},
					"children": [
						{
							"name": "SideCoverB2",
							"from": [ 0.0, -1.7002, 0.5 ],
							"to": [ 6.1, 0.2998, 1.5 ],
							"autoUnwrap": false,
							"uv": [ 25.5, 20.0 ],
							"rotationOrigin": [ 0.0, -1.7, 0.5 ],
							"rotationX": -10.0,
							"faces": {
								"north": { "texture": "#stoneforgehead", "uv": [ 30.0, 12.5, 36.0, 14.5 ] },
								"east": { "texture": "#stoneforgehead", "uv": [ 29.0, 13.0, 30.0, 15.0 ] },
								"south": { "texture": "#stoneforgehead", "uv": [ 30.0, 13.0, 36.0, 15.0 ] },
								"west": { "texture": "#stoneforgehead", "uv": [ 36.0, 13.0, 37.0, 15.0 ] },
								"up": { "texture": "#stoneforgehead", "uv": [ 30.0, 12.5, 36.0, 13.5 ] },
								"down": { "texture": "#stoneforgehead", "uv": [ 30.5, 12.5, 36.5, 13.5 ] }
							}
						},
						{
							"name": "SideCoverB3",
							"from": [ -0.8, -1.7002, 0.4 ],
							"to": [ 6.7, -0.7002, 1.4 ],
							"uv": [ 42.5, 26.5 ],
							"rotationOrigin": [ -0.8, -1.7, 0.4 ],
							"rotationX": 15.0,
							"faces": {
								"north": { "texture": "#stoneforgehead", "uv": [ 42.5, 27.5, 50.0, 28.5 ] },
								"east": { "texture": "#stoneforgehead", "uv": [ 50.0, 27.5, 51.0, 28.5 ] },
								"south": { "texture": "#stoneforgehead", "uv": [ 51.0, 27.5, 58.5, 28.5 ] },
								"west": { "texture": "#stoneforgehead", "uv": [ 58.5, 27.5, 59.5, 28.5 ] },
								"up": { "texture": "#stoneforgehead", "uv": [ 42.5, 26.5, 50.0, 27.5 ] },
								"down": { "texture": "#stoneforgehead", "uv": [ 50.0, 26.5, 57.5, 27.5 ] }
							},
							"children": [
								{
									"name": "Corner1",
									"from": [ -0.7, -0.3, 0.3 ],
									"to": [ 0.0, 1.1, 1.3 ],
									"uv": [ 12.5, 10.5 ],
									"rotationOrigin": [ -0.7, -0.3, 0.3 ],
									"rotationX": -13.0,
									"faces": {
										"north": { "texture": "#stoneforgehead", "uv": [ 12.5, 11.5, 13.0, 12.5 ] },
										"east": { "texture": "#stoneforgehead", "uv": [ 13.0, 11.5, 14.0, 12.5 ] },
										"south": { "texture": "#stoneforgehead", "uv": [ 14.0, 11.5, 14.5, 12.5 ] },
										"west": { "texture": "#stoneforgehead", "uv": [ 14.5, 11.5, 15.5, 12.5 ] },
										"up": { "texture": "#stoneforgehead", "uv": [ 12.5, 10.5, 13.0, 11.5 ] },
										"down": { "texture": "#stoneforgehead", "uv": [ 13.0, 10.5, 13.5, 11.5 ] }
									},
									"children": [
										{
											"name": "Corner3",
											"from": [ 0.7, 1.1, -0.16 ],
											"to": [ 1.4, 2.5, 0.54 ],
											"uv": [ 12.5, 10.5 ],
											"rotationOrigin": [ 0.6, 1.1, -0.1622 ],
											"faces": {
												"north": { "texture": "#stoneforgehead", "uv": [ 12.5, 11.0, 13.0, 12.0 ] },
												"east": { "texture": "#stoneforgehead", "uv": [ 13.0, 11.0, 13.5, 12.0 ] },
												"south": { "texture": "#stoneforgehead", "uv": [ 13.5, 11.0, 14.0, 12.0 ] },
												"west": { "texture": "#stoneforgehead", "uv": [ 14.0, 11.0, 14.5, 12.0 ] },
												"up": { "texture": "#stoneforgehead", "uv": [ 12.5, 10.5, 13.0, 11.0 ] },
												"down": { "texture": "#stoneforgehead", "uv": [ 13.0, 10.5, 13.5, 11.0 ] }
											}
										},
										{
											"name": "Corner8",
											"from": [ 0.9, 2.5, -0.3 ],
											"to": [ 1.5, 3.9, 0.3 ],
											"uv": [ 13.5, 10.5 ],
											"rotationOrigin": [ 0.9, 2.5, -0.3 ],
											"faces": {
												"north": { "texture": "#stoneforgehead", "uv": [ 13.5, 11.0, 14.0, 12.0 ] },
												"east": { "texture": "#stoneforgehead", "uv": [ 14.0, 11.0, 14.5, 12.0 ] },
												"south": { "texture": "#stoneforgehead", "uv": [ 14.5, 11.0, 15.0, 12.0 ] },
												"west": { "texture": "#stoneforgehead", "uv": [ 15.0, 11.0, 15.5, 12.0 ] },
												"up": { "texture": "#stoneforgehead", "uv": [ 13.5, 10.5, 14.0, 11.0 ] },
												"down": { "texture": "#stoneforgehead", "uv": [ 14.0, 10.5, 14.5, 11.0 ] }
											}
										},
										{
											"name": "Corner9",
											"from": [ 1.0, 3.9, -0.3 ],
											"to": [ 1.5, 5.3, 0.2 ],
											"uv": [ 13.5, 10.5 ],
											"rotationOrigin": [ 1.0, 3.9, -0.3 ],
											"faces": {
												"north": { "texture": "#stoneforgehead", "uv": [ 13.5, 11.0, 14.0, 12.0 ] },
												"east": { "texture": "#stoneforgehead", "uv": [ 14.0, 11.0, 14.5, 12.0 ] },
												"south": { "texture": "#stoneforgehead", "uv": [ 14.5, 11.0, 15.0, 12.0 ] },
												"west": { "texture": "#stoneforgehead", "uv": [ 15.0, 11.0, 15.5, 12.0 ] },
												"up": { "texture": "#stoneforgehead", "uv": [ 13.5, 10.5, 14.0, 11.0 ] },
												"down": { "texture": "#stoneforgehead", "uv": [ 14.0, 10.5, 14.5, 11.0 ] }
											}
										},
										{
											"name": "Corner10",
											"from": [ 1.2, 5.3, -0.4 ],
											"to": [ 1.7, 6.8, 0.1 ],
											"uv": [ 13.0, 10.0 ],
											"rotationOrigin": [ 1.2, 5.3, -0.4 ],
											"faces": {
												"north": { "texture": "#stoneforgehead", "uv": [ 13.0, 10.5, 13.5, 12.0 ] },
												"east": { "texture": "#stoneforgehead", "uv": [ 13.5, 10.5, 14.0, 12.0 ] },
												"south": { "texture": "#stoneforgehead", "uv": [ 14.0, 10.5, 14.5, 12.0 ] },
												"west": { "texture": "#stoneforgehead", "uv": [ 14.5, 10.5, 15.0, 12.0 ] },
												"up": { "texture": "#stoneforgehead", "uv": [ 13.0, 10.0, 13.5, 10.5 ] },
												"down": { "texture": "#stoneforgehead", "uv": [ 13.5, 10.0, 14.0, 10.5 ] }
											}
										}
									]
								},
								{
									"name": "Corner2",
									"from": [ 7.5, -0.3, 0.3 ],
									"to": [ 8.2, 1.1, 1.3 ],
									"uv": [ 13.0, 7.5 ],
									"rotationOrigin": [ 7.5, -0.3, 0.3 ],
									"rotationX": -13.0,
									"faces": {
										"north": { "texture": "#stoneforgehead", "uv": [ 13.0, 8.5, 13.5, 9.5 ] },
										"east": { "texture": "#stoneforgehead", "uv": [ 13.5, 8.5, 14.5, 9.5 ] },
										"south": { "texture": "#stoneforgehead", "uv": [ 14.5, 8.5, 15.0, 9.5 ] },
										"west": { "texture": "#stoneforgehead", "uv": [ 15.0, 8.5, 16.0, 9.5 ] },
										"up": { "texture": "#stoneforgehead", "uv": [ 13.0, 7.5, 13.5, 8.5 ] },
										"down": { "texture": "#stoneforgehead", "uv": [ 13.5, 7.5, 14.0, 8.5 ] }
									},
									"children": [
										{
											"name": "Corner4",
											"from": [ -0.6, 1.1, -0.2 ],
											"to": [ 0.1, 2.5, 0.5 ],
											"uv": [ 12.5, 10.5 ],
											"rotationOrigin": [ -0.6, 1.1, -0.2 ],
											"faces": {
												"north": { "texture": "#stoneforgehead", "uv": [ 12.5, 11.0, 13.0, 12.0 ] },
												"east": { "texture": "#stoneforgehead", "uv": [ 13.0, 11.0, 13.5, 12.0 ] },
												"south": { "texture": "#stoneforgehead", "uv": [ 13.5, 11.0, 14.0, 12.0 ] },
												"west": { "texture": "#stoneforgehead", "uv": [ 14.0, 11.0, 14.5, 12.0 ] },
												"up": { "texture": "#stoneforgehead", "uv": [ 12.5, 10.5, 13.0, 11.0 ] },
												"down": { "texture": "#stoneforgehead", "uv": [ 13.0, 10.5, 13.5, 11.0 ] }
											}
										},
										{
											"name": "Corner5",
											"from": [ -0.7, 2.5, -0.3 ],
											"to": [ -0.1, 3.9, 0.3 ],
											"uv": [ 13.0, 11.0 ],
											"rotationOrigin": [ -0.7, 2.5, -0.3 ],
											"faces": {
												"north": { "texture": "#stoneforgehead", "uv": [ 13.0, 11.5, 13.5, 12.5 ] },
												"east": { "texture": "#stoneforgehead", "uv": [ 13.5, 11.5, 14.0, 12.5 ] },
												"south": { "texture": "#stoneforgehead", "uv": [ 14.0, 11.5, 14.5, 12.5 ] },
												"west": { "texture": "#stoneforgehead", "uv": [ 14.5, 11.5, 15.0, 12.5 ] },
												"up": { "texture": "#stoneforgehead", "uv": [ 13.0, 11.0, 13.5, 11.5 ] },
												"down": { "texture": "#stoneforgehead", "uv": [ 13.5, 11.0, 14.0, 11.5 ] }
											}
										},
										{
											"name": "Corner6",
											"from": [ -0.8, 3.9, -0.3 ],
											"to": [ -0.3, 5.3, 0.2 ],
											"uv": [ 12.5, 10.5 ],
											"rotationOrigin": [ -0.8, 3.9, -0.3 ],
											"faces": {
												"north": { "texture": "#stoneforgehead", "uv": [ 12.5, 11.0, 13.0, 12.0 ] },
												"east": { "texture": "#stoneforgehead", "uv": [ 13.0, 11.0, 13.5, 12.0 ] },
												"south": { "texture": "#stoneforgehead", "uv": [ 13.5, 11.0, 14.0, 12.0 ] },
												"west": { "texture": "#stoneforgehead", "uv": [ 14.0, 11.0, 14.5, 12.0 ] },
												"up": { "texture": "#stoneforgehead", "uv": [ 12.5, 10.5, 13.0, 11.0 ] },
												"down": { "texture": "#stoneforgehead", "uv": [ 13.0, 10.5, 13.5, 11.0 ] }
											}
										},
										{
											"name": "Corner7",
											"from": [ -1.0, 5.3, -0.4 ],
											"to": [ -0.5, 6.8, 0.1 ],
											"uv": [ 13.0, 11.0 ],
											"rotationOrigin": [ -1.0, 5.3, -0.4 ],
											"faces": {
												"north": { "texture": "#stoneforgehead", "uv": [ 13.0, 11.5, 13.5, 13.0 ] },
												"east": { "texture": "#stoneforgehead", "uv": [ 13.5, 11.5, 14.0, 13.0 ] },
												"south": { "texture": "#stoneforgehead", "uv": [ 14.0, 11.5, 14.5, 13.0 ] },
												"west": { "texture": "#stoneforgehead", "uv": [ 14.5, 11.5, 15.0, 13.0 ] },
												"up": { "texture": "#stoneforgehead", "uv": [ 13.0, 11.0, 13.5, 11.5 ] },
												"down": { "texture": "#stoneforgehead", "uv": [ 13.5, 11.0, 14.0, 11.5 ] }
											}
										}
									]
								}
							]
						}
					]
				},
				{
					"name": "PlumeBase",
					"from": [ 2.76, 3.02, 2.8 ],
					"to": [ 3.76, 4.02, 3.3 ],
					"autoUnwrap": false,
					"uv": [ 19.0, 7.0 ],
					"rotationOrigin": [ 2.7648, 3.0151, 2.8 ],
					"rotationZ": -2.0,
					"faces": {
						"north": { "texture": "#plume", "uv": [ 0.0, 8.0, 1.0, 9.0 ] },
						"east": { "texture": "#plume", "uv": [ 0.5, 9.0, 1.0, 10.0 ] },
						"south": { "texture": "#plume", "uv": [ 0.0, 9.0, 1.0, 10.0 ] },
						"west": { "texture": "#plume", "uv": [ 0.0, 8.5, 0.5, 9.5 ] },
						"up": { "texture": "#plume", "uv": [ 0.5, 9.5, 1.5, 10.0 ] },
						"down": { "texture": "#plume", "uv": [ 0.0, 9.0, 1.0, 9.5 ] }
					},
					"children": [
						{
							"name": "PlumeSubBase1",
							"from": [ 0.0, 1.0, -0.8 ],
							"to": [ 2.0, 1.5, 1.4 ],
							"autoUnwrap": false,
							"uv": [ 19.0, 7.5 ],
							"rotationOrigin": [ 0.0, 1.0, -0.8 ],
							"faces": {
								"north": { "texture": "#plume", "uv": [ 0.5, 9.5, 2.5, 10.0 ] },
								"east": { "texture": "#plume", "uv": [ 1.0, 9.0, 3.0, 9.5 ] },
								"south": { "texture": "#plume", "uv": [ 0.5, 9.0, 2.5, 9.5 ] },
								"west": { "texture": "#plume", "uv": [ 1.0, 9.0, 3.0, 9.5 ] },
								"up": { "texture": "#plume", "uv": [ 0.5, 8.5, 2.5, 10.5 ] },
								"down": { "texture": "#plume", "uv": [ 0.5, 9.0, 2.5, 11.0 ] }
							}
						},
						{
							"name": "PlumeSubBase2",
							"from": [ -2.4, 0.7, -0.79 ],
							"to": [ 0.1, 1.2, 1.39 ],
							"unwrapMode": 5,
							"unwrapRotation": 1,
							"autoUnwrap": false,
							"uv": [ 11.0, 20.5 ],
							"rotationOrigin": [ -2.4, 0.7, -0.8 ],
							"rotationZ": 5.0,
							"faces": {
								"north": { "texture": "#plume", "uv": [ 11.0, 21.0, 11.5, 23.5 ], "rotation": 270 },
								"east": { "texture": "#plume", "uv": [ 11.5, 20.5, 13.5, 21.0 ], "rotation": 180 },
								"south": { "texture": "#plume", "uv": [ 13.5, 21.0, 14.0, 23.5 ], "rotation": 90 },
								"west": { "texture": "#plume", "uv": [ 11.5, 22.5, 13.5, 23.0 ] },
								"up": { "texture": "#plume", "uv": [ 11.5, 21.0, 13.5, 23.5 ], "rotation": 90 },
								"down": { "texture": "#plume", "uv": [ 14.0, 21.0, 16.0, 23.5 ], "rotation": 270 }
							},
							"children": [
								{
									"name": "Tusk1",
									"from": [ -1.2, 0.0, -0.1 ],
									"to": [ 0.0, 0.6, 0.5 ],
									"uv": [ 11.0, 21.0 ],
									"rotationOrigin": [ -1.2, 0.0, -0.1 ],
									"faces": {
										"north": { "texture": "#plume", "uv": [ 11.0, 21.5, 12.0, 22.0 ] },
										"east": { "texture": "#plume", "uv": [ 12.0, 21.5, 12.5, 22.0 ] },
										"south": { "texture": "#plume", "uv": [ 12.5, 21.5, 13.5, 22.0 ] },
										"west": { "texture": "#plume", "uv": [ 13.5, 21.5, 14.0, 22.0 ] },
										"up": { "texture": "#plume", "uv": [ 11.0, 21.0, 12.0, 21.5 ] },
										"down": { "texture": "#plume", "uv": [ 12.0, 21.0, 13.0, 21.5 ] }
									},
									"children": [
										{
											"name": "Cube4",
											"from": [ -0.2, 0.1, 0.1 ],
											"to": [ 0.2, 1.1, 0.5 ],
											"uv": [ 11.0, 21.0 ],
											"rotationOrigin": [ -0.2, 0.1, 0.1 ],
											"rotationZ": 10.0,
											"faces": {
												"north": { "texture": "#plume", "uv": [ 11.0, 21.5, 11.5, 22.5 ] },
												"east": { "texture": "#plume", "uv": [ 11.5, 21.5, 12.0, 22.5 ] },
												"south": { "texture": "#plume", "uv": [ 12.0, 21.5, 12.5, 22.5 ] },
												"west": { "texture": "#plume", "uv": [ 12.5, 21.5, 13.0, 22.5 ] },
												"up": { "texture": "#plume", "uv": [ 11.0, 21.0, 11.5, 21.5 ] },
												"down": { "texture": "#plume", "uv": [ 11.5, 21.0, 12.0, 21.5 ] }
											}
										}
									]
								},
								{
									"name": "Tusk2",
									"from": [ -1.2, 0.0, 1.7 ],
									"to": [ 0.0, 0.6, 2.3 ],
									"uv": [ 11.5, 21.0 ],
									"rotationOrigin": [ -1.2, 0.0, 1.7 ],
									"faces": {
										"north": { "texture": "#plume", "uv": [ 11.5, 21.5, 12.5, 22.0 ] },
										"east": { "texture": "#plume", "uv": [ 12.5, 21.5, 13.0, 22.0 ] },
										"south": { "texture": "#plume", "uv": [ 13.0, 21.5, 14.0, 22.0 ] },
										"west": { "texture": "#plume", "uv": [ 14.0, 21.5, 14.5, 22.0 ] },
										"up": { "texture": "#plume", "uv": [ 11.5, 21.0, 12.5, 21.5 ] },
										"down": { "texture": "#plume", "uv": [ 12.5, 21.0, 13.5, 21.5 ] }
									},
									"children": [
										{
											"name": "Cube3",
											"from": [ -0.2, 0.0, 0.1 ],
											"to": [ 0.2, 1.0, 0.5 ],
											"uv": [ 11.0, 21.0 ],
											"rotationOrigin": [ -0.2, 0.0, 0.1 ],
											"rotationZ": 10.0,
											"faces": {
												"north": { "texture": "#plume", "uv": [ 11.0, 21.5, 11.5, 22.5 ] },
												"east": { "texture": "#plume", "uv": [ 11.5, 21.5, 12.0, 22.5 ] },
												"south": { "texture": "#plume", "uv": [ 12.0, 21.5, 12.5, 22.5 ] },
												"west": { "texture": "#plume", "uv": [ 12.5, 21.5, 13.0, 22.5 ] },
												"up": { "texture": "#plume", "uv": [ 11.0, 21.0, 11.5, 21.5 ] },
												"down": { "texture": "#plume", "uv": [ 11.5, 21.0, 12.0, 21.5 ] }
											}
										}
									]
								}
							]
						},
						{
							"name": "PlumeSubBase3",
							"from": [ 1.9, 1.0, -0.69 ],
							"to": [ 3.0, 1.5, 1.29 ],
							"unwrapMode": 6,
							"unwrapRotation": 1,
							"uv": [ 0.0, 8.0 ],
							"rotationOrigin": [ 1.9, 1.0, -0.7 ],
							"rotationZ": -8.0,
							"faces": {
								"north": { "texture": "#plume", "uv": [ 0.0, 8.5, 0.5, 9.5 ], "rotation": 90 },
								"east": { "texture": "#plume", "uv": [ 0.5, 9.5, 2.0, 10.0 ], "rotation": 180 },
								"south": { "texture": "#plume", "uv": [ 2.0, 8.5, 2.5, 9.5 ], "rotation": 270 },
								"west": { "texture": "#plume", "uv": [ 0.5, 8.0, 2.0, 8.5 ] },
								"up": { "texture": "#plume", "uv": [ 2.5, 8.5, 4.0, 9.5 ], "rotation": 270 },
								"down": { "texture": "#plume", "uv": [ 0.5, 8.5, 2.0, 9.5 ], "rotation": 90 }
							}
						},
						{
							"name": "Plume2",
							"from": [ -0.8, -0.3, 0.2 ],
							"to": [ -0.8, -0.3, 0.2 ],
							"uv": [ 18.0, 4.0 ],
							"rotationOrigin": [ -1.2, 1.2, 0.3 ],
							"faces": {
								"north": { "texture": "#plume", "uv": [ 18.0, 4.5, 18.5, 5.0 ] },
								"east": { "texture": "#plume", "uv": [ 18.5, 4.5, 19.0, 5.0 ] },
								"south": { "texture": "#plume", "uv": [ 19.0, 4.5, 19.5, 5.0 ] },
								"west": { "texture": "#plume", "uv": [ 19.5, 4.5, 20.0, 5.0 ] },
								"up": { "texture": "#plume", "uv": [ 18.0, 4.0, 18.5, 4.5 ] },
								"down": { "texture": "#plume", "uv": [ 18.5, 4.0, 19.0, 4.5 ] }
							},
							"children": [
								{
									"name": "Plume2b",
									"from": [ -2.43, 0.92, -0.69 ],
									"to": [ 1.07, 3.42, 0.61 ],
									"autoUnwrap": false,
									"uv": [ 8.4, 0.8 ],
									"rotationOrigin": [ -2.4337, 0.9193, -0.7 ],
									"rotationX": -8.9663,
									"rotationY": 0.7812,
									"rotationZ": 15.0613,
									"faces": {
										"north": { "texture": "#plume", "uv": [ 17.5, 4.5, 21.0, 7.0 ] },
										"east": { "texture": "#plume", "uv": [ 17.5, 4.0, 18.5, 6.5 ] },
										"south": { "texture": "#plume", "uv": [ 16.5, 4.0, 20.0, 6.5 ] },
										"west": { "texture": "#plume", "uv": [ 22.0, 4.0, 23.0, 6.5 ] },
										"up": { "texture": "#plume", "uv": [ 17.5, 5.0, 21.0, 6.0 ] },
										"down": { "texture": "#plume", "uv": [ 17.0, 4.5, 20.5, 5.5 ] }
									},
									"children": [
										{
											"name": "Plume2b2",
											"from": [ 3.5, 0.0, 0.01 ],
											"to": [ 4.5, 2.5, 1.29 ],
											"autoUnwrap": false,
											"uv": [ 8.4, 0.8 ],
											"rotationOrigin": [ 3.5, 2.5, 0.0 ],
											"rotationZ": -30.0,
											"faces": {
												"north": { "texture": "#plume", "uv": [ 16.5, 4.0, 17.5, 6.5 ] },
												"east": { "texture": "#plume", "uv": [ 20.5, 4.5, 21.5, 7.0 ] },
												"south": { "texture": "#plume", "uv": [ 18.5, 4.5, 19.5, 7.0 ] },
												"west": { "texture": "#plume", "uv": [ 18.5, 4.0, 19.5, 6.5 ] },
												"up": { "texture": "#plume", "uv": [ 18.0, 4.0, 19.0, 5.0 ] },
												"down": { "texture": "#plume", "uv": [ 23.0, 4.5, 24.0, 5.5 ] }
											}
										}
									]
								},
								{
									"name": "Plume2a",
									"from": [ -2.41, 1.1181, -0.39 ],
									"to": [ 1.09, 3.6181, 0.91 ],
									"autoUnwrap": false,
									"uv": [ 0.5, 3.0 ],
									"rotationOrigin": [ -2.4123, 1.1181, -0.4 ],
									"rotationX": 8.9663,
									"rotationY": -0.7812,
									"rotationZ": 15.06,
									"faces": {
										"north": { "texture": "#plume", "uv": [ 18.5, 4.0, 22.0, 6.5 ] },
										"east": { "texture": "#plume", "uv": [ 19.5, 4.0, 20.5, 6.5 ] },
										"south": { "texture": "#plume", "uv": [ 19.0, 4.5, 22.5, 7.0 ], "windMode": [-1,-1,-1,-1], "windData": [1,2,2,2] },
										"west": { "texture": "#plume", "uv": [ 23.5, 4.0, 24.5, 6.5 ] },
										"up": { "texture": "#plume", "uv": [ 16.5, 6.0, 20.0, 7.0 ] },
										"down": { "texture": "#plume", "uv": [ 21.5, 4.0, 25.0, 5.0 ] }
									},
									"children": [
										{
											"name": "Plume2a2",
											"from": [ 3.5, 0.0, 0.01 ],
											"to": [ 4.5, 2.5, 1.29 ],
											"autoUnwrap": false,
											"uv": [ 0.5, 3.0 ],
											"rotationOrigin": [ 3.4977, 2.5, 0.0 ],
											"rotationZ": -30.0,
											"faces": {
												"north": { "texture": "#plume", "uv": [ 17.0, 4.5, 18.0, 7.0 ] },
												"east": { "texture": "#plume", "uv": [ 19.0, 4.0, 20.0, 6.5 ] },
												"south": { "texture": "#plume", "uv": [ 18.5, 4.0, 19.5, 6.5 ], "windMode": [-1,-1,-1,-1], "windData": [1,2,2,2] },
												"west": { "texture": "#plume", "uv": [ 17.0, 4.0, 18.0, 6.5 ] },
												"up": { "texture": "#plume", "uv": [ 19.0, 4.0, 20.0, 5.0 ] },
												"down": { "texture": "#plume", "uv": [ 17.5, 4.0, 18.5, 5.0 ] }
											}
										}
									]
								}
							]
						},
						{
							"name": "Plume10",
							"from": [ 1.9, -0.1, 0.2 ],
							"to": [ 1.9, -0.1, 0.2 ],
							"uv": [ 20.0, 4.5 ],
							"rotationOrigin": [ 1.5, 1.4, 0.3 ],
							"rotationZ": -4.0,
							"faces": {
								"north": { "texture": "#plume", "uv": [ 20.0, 5.0, 20.5, 5.5 ] },
								"east": { "texture": "#plume", "uv": [ 20.5, 5.0, 21.0, 5.5 ] },
								"south": { "texture": "#plume", "uv": [ 21.0, 5.0, 21.5, 5.5 ] },
								"west": { "texture": "#plume", "uv": [ 21.5, 5.0, 22.0, 5.5 ] },
								"up": { "texture": "#plume", "uv": [ 20.0, 4.5, 20.5, 5.0 ] },
								"down": { "texture": "#plume", "uv": [ 20.5, 4.5, 21.0, 5.0 ] }
							},
							"children": [
								{
									"name": "Plume2b3",
									"from": [ -2.43, 0.92, -0.69 ],
									"to": [ 1.07, 3.02, 0.61 ],
									"autoUnwrap": false,
									"uv": [ 8.4, 0.8 ],
									"rotationOrigin": [ -2.4337, 0.9193, -0.7 ],
									"rotationX": -8.9663,
									"rotationY": 0.7812,
									"rotationZ": 15.0613,
									"faces": {
										"north": { "texture": "#plume", "uv": [ 17.0, 4.5, 20.5, 6.5 ] },
										"east": { "texture": "#plume", "uv": [ 20.5, 4.5, 21.5, 6.5 ] },
										"south": { "texture": "#plume", "uv": [ 19.5, 4.5, 23.0, 6.5 ] },
										"west": { "texture": "#plume", "uv": [ 22.0, 4.5, 23.0, 6.5 ] },
										"up": { "texture": "#plume", "uv": [ 17.5, 4.5, 21.0, 5.5 ] },
										"down": { "texture": "#plume", "uv": [ 19.0, 4.0, 22.5, 5.0 ] }
									},
									"children": [
										{
											"name": "Plume2b4",
											"from": [ 3.5, 0.0, 0.01 ],
											"to": [ 4.5, 2.1, 1.29 ],
											"autoUnwrap": false,
											"uv": [ 8.4, 0.8 ],
											"rotationOrigin": [ 3.5, 2.1, 0.0 ],
											"rotationZ": -30.0,
											"faces": {
												"north": { "texture": "#plume", "uv": [ 19.0, 4.0, 20.0, 6.0 ] },
												"east": { "texture": "#plume", "uv": [ 22.0, 4.0, 23.0, 6.0 ] },
												"south": { "texture": "#plume", "uv": [ 20.0, 4.5, 21.0, 6.5 ] },
												"west": { "texture": "#plume", "uv": [ 23.5, 5.0, 24.5, 7.0 ] },
												"up": { "texture": "#plume", "uv": [ 17.0, 4.5, 18.0, 5.5 ] },
												"down": { "texture": "#plume", "uv": [ 19.0, 5.0, 20.0, 6.0 ] }
											}
										}
									]
								},
								{
									"name": "Plume2a3",
									"from": [ -2.41, 1.1181, -0.39 ],
									"to": [ 1.09, 3.2181, 0.91 ],
									"autoUnwrap": false,
									"uv": [ 0.5, 3.0 ],
									"rotationOrigin": [ -2.4123, 1.1181, -0.4 ],
									"rotationX": 8.9663,
									"rotationY": -0.7812,
									"rotationZ": 15.0613,
									"faces": {
										"north": { "texture": "#plume", "uv": [ 16.5, 4.5, 20.0, 6.5 ] },
										"east": { "texture": "#plume", "uv": [ 21.0, 5.0, 22.0, 7.0 ] },
										"south": { "texture": "#plume", "uv": [ 20.0, 4.5, 23.5, 6.5 ], "windMode": [-1,-1,-1,-1], "windData": [1,2,2,2] },
										"west": { "texture": "#plume", "uv": [ 19.5, 5.0, 20.5, 7.0 ] },
										"up": { "texture": "#plume", "uv": [ 17.0, 4.0, 20.5, 5.0 ] },
										"down": { "texture": "#plume", "uv": [ 18.5, 4.0, 22.0, 5.0 ] }
									},
									"children": [
										{
											"name": "Plume2a4",
											"from": [ 3.5, 0.0, 0.01 ],
											"to": [ 4.5, 2.1, 1.29 ],
											"autoUnwrap": false,
											"uv": [ 0.5, 3.0 ],
											"rotationOrigin": [ 3.4977, 2.1, 0.0 ],
											"rotationZ": -30.0,
											"faces": {
												"north": { "texture": "#plume", "uv": [ 18.0, 4.0, 19.0, 6.0 ] },
												"east": { "texture": "#plume", "uv": [ 17.5, 5.0, 18.5, 7.0 ] },
												"south": { "texture": "#plume", "uv": [ 19.0, 4.5, 20.0, 6.5 ], "windMode": [-1,-1,-1,-1], "windData": [1,2,2,2] },
												"west": { "texture": "#plume", "uv": [ 17.5, 4.5, 18.5, 6.5 ] },
												"up": { "texture": "#plume", "uv": [ 17.0, 4.5, 18.0, 5.5 ] },
												"down": { "texture": "#plume", "uv": [ 17.0, 4.5, 18.0, 5.5 ] }
											}
										}
									]
								}
							]
						},
						{
							"name": "Plume11",
							"from": [ 5.2, -0.6, 0.2 ],
							"to": [ 5.2, -0.6, 0.2 ],
							"uv": [ 0.0, 0.0 ],
							"rotationOrigin": [ 4.8, 0.9, 0.3 ],
							"rotationZ": -20.0,
							"faces": {
								"north": { "texture": "#plume", "uv": [ 0.0, 0.5, 0.5, 1.0 ] },
								"east": { "texture": "#plume", "uv": [ 0.5, 0.5, 1.0, 1.0 ] },
								"south": { "texture": "#plume", "uv": [ 1.0, 0.5, 1.5, 1.0 ] },
								"west": { "texture": "#plume", "uv": [ 1.5, 0.5, 2.0, 1.0 ] },
								"up": { "texture": "#plume", "uv": [ 0.0, 0.0, 0.5, 0.5 ] },
								"down": { "texture": "#plume", "uv": [ 0.5, 0.0, 1.0, 0.5 ] }
							},
							"children": [
								{
									"name": "Plume2b5",
									"from": [ -2.43, 0.92, -0.69 ],
									"to": [ 0.07, 3.02, 0.61 ],
									"autoUnwrap": false,
									"uv": [ 8.4, 0.8 ],
									"rotationOrigin": [ -2.4337, 0.9193, -0.7 ],
									"rotationX": -8.9663,
									"rotationY": 0.7812,
									"rotationZ": 15.0613,
									"faces": {
										"north": { "texture": "#plume", "uv": [ 18.0, 5.0, 20.5, 7.0 ] },
										"east": { "texture": "#plume", "uv": [ 19.5, 5.0, 20.5, 7.0 ] },
										"south": { "texture": "#plume", "uv": [ 19.0, 4.0, 21.5, 6.0 ] },
										"west": { "texture": "#plume", "uv": [ 22.5, 5.0, 23.5, 7.0 ] },
										"up": { "texture": "#plume", "uv": [ 19.5, 4.0, 22.0, 5.0 ] },
										"down": { "texture": "#plume", "uv": [ 19.5, 4.5, 22.0, 5.5 ] }
									},
									"children": [
										{
											"name": "Plume2b6",
											"from": [ 2.5, 0.0, 0.01 ],
											"to": [ 3.5, 2.1, 1.29 ],
											"autoUnwrap": false,
											"uv": [ 8.4, 0.8 ],
											"rotationOrigin": [ 2.5, 2.1, 0.0 ],
											"rotationZ": -30.0,
											"faces": {
												"north": { "texture": "#plume", "uv": [ 18.0, 5.0, 19.0, 7.0 ] },
												"east": { "texture": "#plume", "uv": [ 18.0, 4.0, 19.0, 6.0 ] },
												"south": { "texture": "#plume", "uv": [ 22.5, 4.5, 23.5, 6.5 ] },
												"west": { "texture": "#plume", "uv": [ 24.0, 5.0, 25.0, 7.0 ] },
												"up": { "texture": "#plume", "uv": [ 19.0, 4.5, 20.0, 5.5 ] },
												"down": { "texture": "#plume", "uv": [ 19.0, 4.5, 20.0, 5.5 ] }
											}
										}
									]
								},
								{
									"name": "Plume2a5",
									"from": [ -2.41, 1.1181, -0.39 ],
									"to": [ 0.09, 3.2181, 0.91 ],
									"autoUnwrap": false,
									"uv": [ 0.5, 3.0 ],
									"rotationOrigin": [ -2.4123, 1.1181, -0.4 ],
									"rotationX": 8.9663,
									"rotationY": -0.7812,
									"rotationZ": 15.0613,
									"faces": {
										"north": { "texture": "#plume", "uv": [ 22.5, 4.5, 25.0, 6.5 ] },
										"east": { "texture": "#plume", "uv": [ 18.5, 5.0, 19.5, 7.0 ] },
										"south": { "texture": "#plume", "uv": [ 20.0, 4.5, 22.5, 6.5 ], "windMode": [-1,-1,-1,-1], "windData": [1,2,2,2] },
										"west": { "texture": "#plume", "uv": [ 19.0, 4.5, 20.0, 6.5 ] },
										"up": { "texture": "#plume", "uv": [ 16.5, 4.0, 19.0, 5.0 ] },
										"down": { "texture": "#plume", "uv": [ 18.0, 4.5, 20.5, 5.5 ] }
									},
									"children": [
										{
											"name": "Plume2a6",
											"from": [ 2.5, 0.0, 0.01 ],
											"to": [ 3.5, 2.1, 1.29 ],
											"autoUnwrap": false,
											"uv": [ 0.5, 3.0 ],
											"rotationOrigin": [ 2.4977, 2.1, 0.0 ],
											"rotationZ": -30.0,
											"faces": {
												"north": { "texture": "#plume", "uv": [ 19.5, 4.0, 20.5, 6.0 ] },
												"east": { "texture": "#plume", "uv": [ 16.5, 4.5, 17.5, 6.5 ] },
												"south": { "texture": "#plume", "uv": [ 17.5, 4.0, 18.5, 6.0 ], "windMode": [-1,-1,-1,-1], "windData": [1,2,2,2] },
												"west": { "texture": "#plume", "uv": [ 18.5, 4.5, 19.5, 6.5 ] },
												"up": { "texture": "#plume", "uv": [ 18.5, 4.5, 19.5, 5.5 ] },
												"down": { "texture": "#plume", "uv": [ 18.5, 4.0, 19.5, 5.0 ] }
											}
										}
									]
								}
							]
						},
						{
							"name": "Plume12",
							"from": [ 7.5, -0.9, 0.2 ],
							"to": [ 7.5, -0.9, 0.2 ],
							"uv": [ 0.0, 0.0 ],
							"rotationOrigin": [ 7.1, 0.6, 0.3 ],
							"rotationZ": -30.0,
							"faces": {
								"north": { "texture": "#plume", "uv": [ 0.0, 0.5, 0.5, 1.0 ] },
								"east": { "texture": "#plume", "uv": [ 0.5, 0.5, 1.0, 1.0 ] },
								"south": { "texture": "#plume", "uv": [ 1.0, 0.5, 1.5, 1.0 ] },
								"west": { "texture": "#plume", "uv": [ 1.5, 0.5, 2.0, 1.0 ] },
								"up": { "texture": "#plume", "uv": [ 0.0, 0.0, 0.5, 0.5 ] },
								"down": { "texture": "#plume", "uv": [ 0.5, 0.0, 1.0, 0.5 ] }
							},
							"children": [
								{
									"name": "Plume2b7",
									"from": [ -2.43, 0.92, -0.69 ],
									"to": [ -0.93, 2.02, 0.61 ],
									"autoUnwrap": false,
									"uv": [ 8.4, 0.8 ],
									"rotationOrigin": [ -2.4337, 0.9193, -0.7 ],
									"rotationX": -8.9663,
									"rotationY": 0.7812,
									"rotationZ": 15.0613,
									"faces": {
										"north": { "texture": "#plume", "uv": [ 17.5, 5.5, 19.0, 6.5 ] },
										"east": { "texture": "#plume", "uv": [ 18.0, 5.5, 19.0, 6.5 ] },
										"south": { "texture": "#plume", "uv": [ 20.5, 5.0, 22.0, 6.0 ] },
										"west": { "texture": "#plume", "uv": [ 21.5, 5.0, 22.5, 6.0 ] },
										"up": { "texture": "#plume", "uv": [ 18.0, 4.0, 19.5, 5.0 ] },
										"down": { "texture": "#plume", "uv": [ 19.0, 5.0, 20.5, 6.0 ] }
									},
									"children": [
										{
											"name": "Plume2b8",
											"from": [ 1.5, 0.0, 0.01 ],
											"to": [ 2.5, 1.1, 1.29 ],
											"autoUnwrap": false,
											"uv": [ 8.4, 0.8 ],
											"rotationOrigin": [ 1.5, 1.1, 0.0 ],
											"rotationZ": -30.0,
											"faces": {
												"north": { "texture": "#plume", "uv": [ 17.5, 5.0, 18.5, 6.0 ] },
												"east": { "texture": "#plume", "uv": [ 18.0, 5.0, 19.0, 6.0 ] },
												"south": { "texture": "#plume", "uv": [ 19.5, 4.5, 20.5, 5.5 ] },
												"west": { "texture": "#plume", "uv": [ 21.5, 4.5, 22.5, 5.5 ] },
												"up": { "texture": "#plume", "uv": [ 18.0, 4.5, 19.0, 5.5 ] },
												"down": { "texture": "#plume", "uv": [ 19.0, 4.5, 20.0, 5.5 ] }
											}
										}
									]
								},
								{
									"name": "Plume2a7",
									"from": [ -2.41, 1.1181, -0.39 ],
									"to": [ -0.91, 2.2181, 0.91 ],
									"autoUnwrap": false,
									"uv": [ 0.5, 3.0 ],
									"rotationOrigin": [ -2.4123, 1.1181, -0.4 ],
									"rotationX": 8.9663,
									"rotationY": -0.7812,
									"rotationZ": 15.0613,
									"faces": {
										"north": { "texture": "#plume", "uv": [ 19.0, 4.0, 20.5, 5.0 ] },
										"east": { "texture": "#plume", "uv": [ 16.5, 5.5, 17.5, 6.5 ] },
										"south": { "texture": "#plume", "uv": [ 22.5, 4.5, 24.0, 5.5 ], "windMode": [-1,-1,-1,-1], "windData": [1,2,2,2] },
										"west": { "texture": "#plume", "uv": [ 18.0, 5.0, 19.0, 6.0 ] },
										"up": { "texture": "#plume", "uv": [ 20.0, 4.0, 21.5, 5.0 ] },
										"down": { "texture": "#plume", "uv": [ 18.0, 4.0, 19.5, 5.0 ] }
									},
									"children": [
										{
											"name": "Plume2a8",
											"from": [ 1.5, 0.0, 0.01 ],
											"to": [ 2.5, 1.1, 1.29 ],
											"autoUnwrap": false,
											"uv": [ 0.5, 3.0 ],
											"rotationOrigin": [ 1.4977, 1.1, 0.0 ],
											"rotationZ": -30.0,
											"faces": {
												"north": { "texture": "#plume", "uv": [ 22.5, 4.0, 23.5, 5.0 ] },
												"east": { "texture": "#plume", "uv": [ 17.5, 4.5, 18.5, 5.5 ] },
												"south": { "texture": "#plume", "uv": [ 19.0, 4.5, 20.0, 5.5 ], "windMode": [-1,-1,-1,-1], "windData": [1,2,2,2] },
												"west": { "texture": "#plume", "uv": [ 17.0, 4.5, 18.0, 5.5 ] },
												"up": { "texture": "#plume", "uv": [ 19.0, 4.0, 20.0, 5.0 ] },
												"down": { "texture": "#plume", "uv": [ 19.0, 4.0, 20.0, 5.0 ] }
											}
										}
									]
								}
							]
						}
					]
				}
			]
		},
		{
			"name": "ArmorNeck",
			"stepParentName": "Neck",
			"from": [ -0.3, 0.6, -0.3 ],
			"to": [ 3.3, 2.4, 3.3 ],
			"unwrapMode": 4,
			"uv": [ 0.5, 6.0 ],
			"rotationOrigin": [ -0.3, 2.6, -0.3 ],
			"faces": {
				"north": { "texture": "#stoneforgehead", "uv": [ 0.5, 6.0, 4.0, 7.5 ] },
				"east": { "texture": "#stoneforgehead", "uv": [ 11.0, 6.0, 14.5, 7.5 ] },
				"south": { "texture": "#stoneforgehead", "uv": [ 7.5, 6.0, 11.0, 7.5 ] },
				"west": { "texture": "#stoneforgehead", "uv": [ 4.0, 6.0, 7.5, 7.5 ] },
				"up": { "texture": "#stoneforgehead", "uv": [ 4.0, 6.0, 7.5, 9.5 ], "rotation": 90, "enabled": false },
				"down": { "texture": "#stoneforgehead", "uv": [ 4.0, 7.5, 7.5, 11.0 ], "rotation": 90, "enabled": false }
			}
		}
	],
	"animations": [
	]
}