{
	"editor": {
		"allAngles": false,
		"entityTextureMode": false
	},
	"textureWidth": 16,
	"textureHeight": 16,
	"textureSizes": {
	},
	"textures": {
	},
	"elements": [
		{
			"name": "_moveall",
			"from": [ 7.0, 0.0, 4.0 ],
			"to": [ 7.0, 0.0, 4.0 ],
			"rotationOrigin": [ 8.0, 0.5, 8.0 ],
			"rotationY": 180.0,
			"rotationZ": -180.0,
			"faces": {
				"north": { "texture": "#default", "uv": [ 0.0, 0.0, 0.5, 0.5 ] },
				"east": { "texture": "#default", "uv": [ 0.0, 0.0, 0.5, 0.5 ] },
				"south": { "texture": "#default", "uv": [ 0.0, 0.0, 0.5, 0.5 ] },
				"west": { "texture": "#default", "uv": [ 0.0, 0.0, 0.5, 0.5 ] },
				"up": { "texture": "#default", "uv": [ 0.0, 0.0, 0.5, 0.5 ] },
				"down": { "texture": "#default", "uv": [ 0.0, 0.0, 0.5, 0.5 ] }
			},
			"children": [
				{
					"name": "Cube16",
					"from": [ -1.0, 0.0, 3.8 ],
					"to": [ 2.5, 1.0, 6.475 ],
					"rotationOrigin": [ -1.0, 0.0, 3.3 ],
					"faces": {
						"north": { "texture": "#framestatic", "uv": [ 0.0, 0.0, 3.5, 1.0 ] },
						"east": { "texture": "#framestatic", "uv": [ 0.0, 0.0, 2.5, 1.0 ] },
						"south": { "texture": "#framestatic", "uv": [ 0.0, 0.0, 3.5, 1.0 ] },
						"west": { "texture": "#framestatic", "uv": [ 0.0, 0.0, 2.5, 1.0 ] },
						"up": { "texture": "#framestatic", "uv": [ 0.0, 0.0, 3.5, 2.5 ] },
						"down": { "texture": "#framestatic", "uv": [ 0.0, 0.0, 3.5, 2.5 ] }
					}
				},
				{
					"name": "_ringhole33",
					"from": [ 0.0, 0.0, 0.0 ],
					"to": [ 0.0, 0.0, 0.0 ],
					"faces": {
						"north": { "texture": "#metalstatic", "uv": [ 0.0, 0.0, 0.5, 0.5 ] },
						"east": { "texture": "#metalstatic", "uv": [ 0.0, 0.0, 0.5, 0.5 ] },
						"south": { "texture": "#metalstatic", "uv": [ 0.0, 0.0, 0.5, 0.5 ] },
						"west": { "texture": "#metalstatic", "uv": [ 0.0, 0.0, 0.5, 0.5 ] },
						"up": { "texture": "#metalstatic", "uv": [ 0.0, 0.0, 0.5, 0.5 ] },
						"down": { "texture": "#metalstatic", "uv": [ 0.0, 0.0, 0.5, 0.5 ] }
					},
					"children": [
						{
							"name": "Cube34",
							"from": [ 0.0, 0.25, 5.0 ],
							"to": [ 0.5, 0.75, 5.75 ],
							"rotationOrigin": [ 0.5, 0.0, 5.0 ],
							"rotationY": -45.0,
							"faces": {
								"north": { "texture": "#metalstatic", "uv": [ 0.0, 0.0, 0.5, 0.5 ] },
								"east": { "texture": "#metalstatic", "uv": [ 0.0, 0.0, 0.5, 0.5 ] },
								"south": { "texture": "#metalstatic", "uv": [ 0.0, 0.0, 0.5, 0.5 ] },
								"west": { "texture": "#metalstatic", "uv": [ 0.0, 0.0, 0.5, 0.5 ] },
								"up": { "texture": "#metalstatic", "uv": [ 0.0, 0.0, 0.5, 0.5 ] },
								"down": { "texture": "#metalstatic", "uv": [ 0.0, 0.0, 0.5, 0.5 ] }
							},
							"children": [
								{
									"name": "Cube35",
									"from": [ 0.0, 0.01, 0.75 ],
									"to": [ 0.5, 0.51, 1.5 ],
									"rotationOrigin": [ 0.0, 0.0, 0.75 ],
									"rotationY": 22.5,
									"faces": {
										"north": { "texture": "#metalstatic", "uv": [ 0.0, 0.0, 0.5, 0.5 ] },
										"east": { "texture": "#metalstatic", "uv": [ 0.0, 0.0, 0.5, 0.5 ] },
										"south": { "texture": "#metalstatic", "uv": [ 0.0, 0.0, 0.5, 0.5 ] },
										"west": { "texture": "#metalstatic", "uv": [ 0.0, 0.0, 0.5, 0.5 ] },
										"up": { "texture": "#metalstatic", "uv": [ 0.0, 0.0, 0.5, 0.5 ] },
										"down": { "texture": "#metalstatic", "uv": [ 0.0, 0.0, 0.5, 0.5 ] }
									},
									"children": [
										{
											"name": "Cube36",
											"from": [ 0.0, 0.0, 0.75 ],
											"to": [ 0.5, 0.5, 1.5 ],
											"rotationOrigin": [ 0.0, 0.0, 0.75 ],
											"rotationY": 22.5,
											"faces": {
												"north": { "texture": "#metalstatic", "uv": [ 0.0, 0.0, 0.5, 0.5 ] },
												"east": { "texture": "#metalstatic", "uv": [ 0.0, 0.0, 0.5, 0.5 ] },
												"south": { "texture": "#metalstatic", "uv": [ 0.0, 0.0, 0.5, 0.5 ] },
												"west": { "texture": "#metalstatic", "uv": [ 0.0, 0.0, 0.5, 0.5 ] },
												"up": { "texture": "#metalstatic", "uv": [ 0.0, 0.0, 0.5, 0.5 ] },
												"down": { "texture": "#metalstatic", "uv": [ 0.0, 0.0, 0.5, 0.5 ] }
											},
											"children": [
												{
													"name": "Cube37",
													"from": [ 0.0, 0.01, 0.75 ],
													"to": [ 0.5, 0.51, 1.5 ],
													"rotationOrigin": [ 0.0, 0.0, 0.75 ],
													"rotationY": 22.5,
													"faces": {
														"north": { "texture": "#metalstatic", "uv": [ 0.0, 0.0, 0.5, 0.5 ] },
														"east": { "texture": "#metalstatic", "uv": [ 0.0, 0.0, 0.5, 0.5 ] },
														"south": { "texture": "#metalstatic", "uv": [ 0.0, 0.0, 0.5, 0.5 ] },
														"west": { "texture": "#metalstatic", "uv": [ 0.0, 0.0, 0.5, 0.5 ] },
														"up": { "texture": "#metalstatic", "uv": [ 0.0, 0.0, 0.5, 0.5 ] },
														"down": { "texture": "#metalstatic", "uv": [ 0.0, 0.0, 0.5, 0.5 ] }
													},
													"children": [
														{
															"name": "Cube38",
															"from": [ 0.0, 0.0, 0.75 ],
															"to": [ 0.5, 0.5, 1.5 ],
															"rotationOrigin": [ 0.0, 0.0, 0.75 ],
															"rotationY": 22.5,
															"faces": {
																"north": { "texture": "#metalstatic", "uv": [ 0.0, 0.0, 0.5, 0.5 ] },
																"east": { "texture": "#metalstatic", "uv": [ 0.0, 0.0, 0.5, 0.5 ] },
																"south": { "texture": "#metalstatic", "uv": [ 0.0, 0.0, 0.5, 0.5 ] },
																"west": { "texture": "#metalstatic", "uv": [ 0.0, 0.0, 0.5, 0.5 ] },
																"up": { "texture": "#metalstatic", "uv": [ 0.0, 0.0, 0.5, 0.5 ] },
																"down": { "texture": "#metalstatic", "uv": [ 0.0, 0.0, 0.5, 0.5 ] }
															},
															"children": [
																{
																	"name": "Cube39",
																	"from": [ 0.0, 0.01, 0.75 ],
																	"to": [ 0.5, 0.51, 1.95 ],
																	"rotationOrigin": [ 0.0, 0.0, 0.75 ],
																	"rotationY": 45.0,
																	"faces": {
																		"north": { "texture": "#metalstatic", "uv": [ 0.0, 0.0, 0.5, 0.5 ] },
																		"east": { "texture": "#metalstatic", "uv": [ 0.0, 0.0, 1.0, 0.5 ] },
																		"south": { "texture": "#metalstatic", "uv": [ 0.0, 0.0, 0.5, 0.5 ] },
																		"west": { "texture": "#metalstatic", "uv": [ 0.0, 0.0, 1.0, 0.5 ] },
																		"up": { "texture": "#metalstatic", "uv": [ 0.0, 0.0, 0.5, 1.0 ] },
																		"down": { "texture": "#metalstatic", "uv": [ 0.0, 0.0, 0.5, 1.0 ] }
																	}
																}
															]
														}
													]
												}
											]
										}
									]
								}
							]
						},
						{
							"name": "Cube40",
							"from": [ 1.0, 0.25, 5.0 ],
							"to": [ 1.5, 0.75, 5.75 ],
							"rotationOrigin": [ 1.0, 0.0, 5.0 ],
							"rotationY": 45.0,
							"faces": {
								"north": { "texture": "#metalstatic", "uv": [ 0.0, 0.0, 0.5, 0.5 ] },
								"east": { "texture": "#metalstatic", "uv": [ 0.0, 0.0, 0.5, 0.5 ] },
								"south": { "texture": "#metalstatic", "uv": [ 0.0, 0.0, 0.5, 0.5 ] },
								"west": { "texture": "#metalstatic", "uv": [ 0.0, 0.0, 0.5, 0.5 ] },
								"up": { "texture": "#metalstatic", "uv": [ 0.0, 0.0, 0.5, 0.5 ] },
								"down": { "texture": "#metalstatic", "uv": [ 0.0, 0.0, 0.5, 0.5 ] }
							},
							"children": [
								{
									"name": "Cube41",
									"from": [ 0.0, 0.01, 0.75 ],
									"to": [ 0.5, 0.51, 1.5 ],
									"rotationOrigin": [ 0.5, 0.0, 0.75 ],
									"rotationY": -22.5,
									"faces": {
										"north": { "texture": "#metalstatic", "uv": [ 0.0, 0.0, 0.5, 0.5 ] },
										"east": { "texture": "#metalstatic", "uv": [ 0.0, 0.0, 0.5, 0.5 ] },
										"south": { "texture": "#metalstatic", "uv": [ 0.0, 0.0, 0.5, 0.5 ] },
										"west": { "texture": "#metalstatic", "uv": [ 0.0, 0.0, 0.5, 0.5 ] },
										"up": { "texture": "#metalstatic", "uv": [ 0.0, 0.0, 0.5, 0.5 ] },
										"down": { "texture": "#metalstatic", "uv": [ 0.0, 0.0, 0.5, 0.5 ] }
									},
									"children": [
										{
											"name": "Cube42",
											"from": [ 0.0, 0.0, 0.75 ],
											"to": [ 0.5, 0.5, 1.5 ],
											"rotationOrigin": [ 0.5, 0.0, 0.75 ],
											"rotationY": -22.5,
											"faces": {
												"north": { "texture": "#metalstatic", "uv": [ 0.0, 0.0, 0.5, 0.5 ] },
												"east": { "texture": "#metalstatic", "uv": [ 0.0, 0.0, 0.5, 0.5 ] },
												"south": { "texture": "#metalstatic", "uv": [ 0.0, 0.0, 0.5, 0.5 ] },
												"west": { "texture": "#metalstatic", "uv": [ 0.0, 0.0, 0.5, 0.5 ] },
												"up": { "texture": "#metalstatic", "uv": [ 0.0, 0.0, 0.5, 0.5 ] },
												"down": { "texture": "#metalstatic", "uv": [ 0.0, 0.0, 0.5, 0.5 ] }
											},
											"children": [
												{
													"name": "Cube43",
													"from": [ 0.0, 0.01, 0.75 ],
													"to": [ 0.5, 0.51, 1.5 ],
													"rotationOrigin": [ 0.5, 0.0, 0.75 ],
													"rotationY": -22.5,
													"faces": {
														"north": { "texture": "#metalstatic", "uv": [ 0.0, 0.0, 0.5, 0.5 ] },
														"east": { "texture": "#metalstatic", "uv": [ 0.0, 0.0, 0.5, 0.5 ] },
														"south": { "texture": "#metalstatic", "uv": [ 0.0, 0.0, 0.5, 0.5 ] },
														"west": { "texture": "#metalstatic", "uv": [ 0.0, 0.0, 0.5, 0.5 ] },
														"up": { "texture": "#metalstatic", "uv": [ 0.0, 0.0, 0.5, 0.5 ] },
														"down": { "texture": "#metalstatic", "uv": [ 0.0, 0.0, 0.5, 0.5 ] }
													},
													"children": [
														{
															"name": "Cube44",
															"from": [ 0.0, 0.0, 0.75 ],
															"to": [ 0.5, 0.5, 1.5 ],
															"rotationOrigin": [ 0.5, 0.0, 0.75 ],
															"rotationY": -22.5,
															"faces": {
																"north": { "texture": "#metalstatic", "uv": [ 0.0, 0.0, 0.5, 0.5 ] },
																"east": { "texture": "#metalstatic", "uv": [ 0.0, 0.0, 0.5, 0.5 ] },
																"south": { "texture": "#metalstatic", "uv": [ 0.0, 0.0, 0.5, 0.5 ] },
																"west": { "texture": "#metalstatic", "uv": [ 0.0, 0.0, 0.5, 0.5 ] },
																"up": { "texture": "#metalstatic", "uv": [ 0.0, 0.0, 0.5, 0.5 ] },
																"down": { "texture": "#metalstatic", "uv": [ 0.0, 0.0, 0.5, 0.5 ] }
															}
														}
													]
												}
											]
										}
									]
								}
							]
						}
					]
				}
			]
		}
	]}