[
  {
    "enabled": true,
    "file": "game:worldproperties/block/metal.json",
    "op": "addmerge",
    "path": "/variants/-",
    "value": {
      "code": "eldrathium",
      "meltPoint": 1084.62,
      "boilPoint": 2562,
      "density": 8960,
      "specificHeatCapacity": 0.39,
      "elemental": true,
      "tier": 1
    }
  },



  //{
  //  "_comment": "Removes eldrathium variant for ingot.",
  //  "enabled": false,
  //  "op": "addmerge",
  //  "path": "/skipVariants",
  //  "value": [ "*-eldrathium" ],
  //  "file": "game:itemtypes/resource/ingot.json"
  //},
  //{
  //  "_comment": "Removes eldrathium variant for metalbit.",
  //  "enabled": false,
  //  "op": "addmerge",
  //  "path": "/skipVariants",
  //  "value": [ "*-eldrathium" ],
  //  "file": "game:itemtypes/resource/metalbit.json"
  //},
  {
    "_comment": "Removes eldrathium variant for metalplate.",
    "enabled": true,
    "op": "addmerge",
    "path": "/skipVariants",
    "value": [ "*-eldrathium" ],
    "file": "game:itemtypes/resource/metalplate.json"
  },
  {
    "_comment": "Removes eldrathium variant for metalscale.",
    "enabled": true,
    "op": "addmerge",
    "path": "/skipVariants/-",
    "value": "*-eldrathium",
    "file": "game:itemtypes/resource/metalscale.json"
  },
  {
    "_comment": "Removes eldrathium variant for metallamellae.",
    "enabled": true,
    "op": "addmerge",
    "path": "/skipVariants/-",
    "value": "*-eldrathium",
    "file": "game:itemtypes/resource/metallamellae.json"
  },
  {
    "_comment": "Removes eldrathium variant for metalchain.",
    "enabled": true,
    "op": "addmerge",
    "path": "/skipVariants/-",
    "value": "*-eldrathium",
    "file": "game:itemtypes/resource/metalchain.json"
  },
  {
    "_comment": "Removes eldrathium variant for metalsheet.",
    "enabled": true,
    "op": "addmerge",
    "path": "/skipVariants",
    "value": [ "*-eldrathium-*" ],
    "file": "game:blocktypes/metal/sheet.json"
  },
  {
    "_comment": "Removes eldrathium variant for metalblock.",
    "enabled": true,
    "op": "addmerge",
    "path": "/skipVariants/-",
    "value": "*-eldrathium",
    "file": "game:blocktypes/metal/metalblock.json"
  },


  {
    "_comment": "Adds eldrathium variant for nails and stripes.",
    "enabled": true,
    "op": "addmerge",
    "path": "/allowedVariants/-",
    "value": "*-eldrathium",
    "file": "game:itemtypes/resource/metalnailsandstrips.json"
  },



  {
    "_comment": "This adds combustible props for eldrathium workitem. Shows up in tooltip.",
    "enabled": true,
    "op": "addmerge",
    "path": "/combustiblePropsByType/*-eldrathium",
    "value": {
      "meltingPoint": 1084,
      "meltingDuration": 30,
      "smeltedRatio": 1,
      "smeltedStack": {
        "type": "item",
        "code": "ingot-eldrathium"
      }
    },
    "file": "game:itemtypes/resource/workitem.json"
  },
  {
    "_comment": "This adds combustible props for eldrathium ingots. Shows up in tooltip.",
    "enabled": true,
    "op": "addmerge",
    "path": "/combustiblePropsByType/*-eldrathium",
    "value": {
      "meltingPoint": 1084,
      "meltingDuration": 30,
      "smeltedRatio": 1,
      "smeltedStack": {
        "type": "item",
        "code": "ingot-eldrathium"
      }
    },
    "file": "game:itemtypes/resource/ingot.json"
  },



  {
    "_comment": "This adds combustible props for eldrathium metalbit. Shows up in tooltip.",
    "enabled": true,
    "op": "addmerge",
    "path": "/combustiblePropsByType/*-eldrathium",
    "value": {
      "meltingPoint": 1084,
      "meltingDuration": 30,
      "smeltedRatio": 20,
      "smeltedStack": {
        "type": "item",
        "code": "ingot-eldrathium"
      }
    },
    "file": "game:itemtypes/resource/metalbit.json"
  },
  {
    "_comment": "This adds combustible props for eldrathium metalbit. Shows up in tooltip.",
    "enabled": false,
    "op": "addmerge",
    "path": "/attributes/handbookByType",
    "value": {
      "*-eldrathium": {
        "extraSections": [
          {
            "title": "game:Created by",
            "text": "rustboundmagic:handbook-thaumicworkbenchtier1pluscrucible-text"
          },
          {
            "title": "rustboundmagic:handbook-spelldrop-title",
            "text": "rustboundmagic:handbook-spelldropentropy1mechanical-text"
          }
        ]
      }
    },
    "file": "game:itemtypes/resource/metalbit.json"
  },



  {
    "_comment": "Adds combustible props for eldrathium nails and strips.Shows up in tooltip.",
    "enabled": true,
    "op": "addmerge",
    "path": "/combustiblePropsByType/*-eldrathium",
    "value": {
      "meltingPoint": 1084,
      "meltingDuration": 30,
      "smeltedRatio": 4,
      "smeltedStack": {
        "type": "item",
        "code": "ingot-eldrathium",
        "stacksize": 1
      }
    },
    "file": "game:itemtypes/resource/metalnailsandstrips.json"
  },



  {
    "_comment": "This fixes worked anvil items and the forge textures.",
    "enabled": true,
    "op": "addmerge",
    "path": "/textures",
    "value": {
      "eldrathium": {
        "base": "block/metal/ingot/eldrathium"
      }
    },
    "file": "game:blocktypes/legacy/ingotpile.json"
  },



  {
    "_comment": "Adds eldrathium ingot variant for creative.",
    "enabled": true,
    "op": "addmerge",
    "path": "/creativeinventory",
    "value": {
      "rustboundmagic": [ "*-eldrathium" ]
    },
    "file": "game:itemtypes/resource/ingot.json"
  },
  {
    "_comment": "Adds eldrathium metalbit variant for creative.",
    "enabled": true,
    "op": "addmerge",
    "path": "/creativeinventory",
    "value": {
      "rustboundmagic": [ "*-eldrathium" ]
    },
    "file": "game:itemtypes/resource/metalbit.json"
  },
  {
    "_comment": "Adds eldrathium metalbit variant for creative.",
    "enabled": true,
    "op": "addmerge",
    "path": "/creativeinventory",
    "value": {
      "rustboundmagic": [ "*-eldrathium" ]
    },
    "file": "game:itemtypes/resource/metalnailsandstrips.json"
  }
]