{
	"editor": {
		"allAngles": false,
		"entityTextureMode": false
	},
	"textureWidth": 16,
	"textureHeight": 16,
	"textureSizes": { },
	"textures": { },
	"elements": [
		{
			"name": "pot bottom",
			"from": [ 2.0, 0.0, 2.0 ],
			"to": [ 14.0, 1.0, 14.0 ],
			"faces": {
				"north": { "texture": "#bottom", "uv": [ 2.0, 15.0, 14.0, 16.0 ] },
				"east": { "texture": "#bottom", "uv": [ 2.0, 15.0, 14.0, 16.0 ] },
				"south": { "texture": "#bottom", "uv": [ 2.0, 15.0, 14.0, 16.0 ] },
				"west": { "texture": "#bottom", "uv": [ 2.0, 15.0, 14.0, 16.0 ] },
				"up": { "texture": "#ceramicdark", "uv": [ 2.0, 2.0, 14.0, 14.0 ] },
				"down": { "texture": "#ceramic", "uv": [ 2.0, 2.0, 14.0, 14.0 ] }
			}
		},
		{
			"name": "pot west wall",
			"from": [ 2.0, 1.0, 2.0 ],
			"to": [ 3.0, 5.5, 14.0 ],
			"faces": {
				"north": { "texture": "#bottom", "uv": [ 13.0, 10.5, 14.0, 15.0 ] },
				"east": { "texture": "#ceramic", "uv": [ 0.0, 10.5, 12.0, 15.0 ] },
				"south": { "texture": "#bottom", "uv": [ 2.0, 10.5, 3.0, 15.0 ] },
				"west": { "texture": "#bottom", "uv": [ 2.0, 10.5, 14.0, 15.0 ] },
				"up": { "texture": "#0", "uv": [ 0.0, 2.0, 1.0, 14.0 ], "enabled": false },
				"down": { "texture": "#0", "uv": [ 0.0, 2.0, 1.0, 14.0 ], "enabled": false }
			}
		},
		{
			"name": "pot east wall",
			"from": [ 13.0, 1.0, 2.0 ],
			"to": [ 14.0, 5.5, 14.0 ],
			"faces": {
				"north": { "texture": "#bottom", "uv": [ 2.0, 10.5, 3.0, 15.0 ] },
				"east": { "texture": "#bottom", "uv": [ 2.0, 10.5, 14.0, 15.0 ] },
				"south": { "texture": "#bottom", "uv": [ 13.0, 10.5, 14.0, 15.0 ] },
				"west": { "texture": "#ceramic", "uv": [ 0.0, 10.5, 12.0, 15.0 ] },
				"up": { "texture": "#0", "uv": [ 0.0, 0.0, 1.0, 12.0 ], "enabled": false },
				"down": { "texture": "#0", "uv": [ 0.0, 0.0, 1.0, 12.0 ], "enabled": false }
			}
		},
		{
			"name": "pot north wall",
			"from": [ 3.0, 1.0, 2.0 ],
			"to": [ 13.0, 5.5, 3.0 ],
			"faces": {
				"north": { "texture": "#bottom", "uv": [ 3.0, 10.5, 13.0, 15.0 ] },
				"east": { "texture": "#0", "uv": [ 0.0, 0.0, 1.0, 4.5 ], "enabled": false },
				"south": { "texture": "#ceramic", "uv": [ 0.0, 10.5, 10.0, 15.0 ] },
				"west": { "texture": "#0", "uv": [ 0.0, 0.0, 1.0, 4.5 ], "enabled": false },
				"up": { "texture": "#0", "uv": [ 0.0, 0.0, 10.0, 1.0 ], "enabled": false },
				"down": { "texture": "#0", "uv": [ 0.0, 0.0, 10.0, 1.0 ], "enabled": false }
			}
		},
		{
			"name": "pot south wall",
			"from": [ 3.0, 1.0, 13.0 ],
			"to": [ 13.0, 5.5, 14.0 ],
			"faces": {
				"north": { "texture": "#ceramic", "uv": [ 3.0, 10.5, 13.0, 15.0 ] },
				"east": { "texture": "#0", "uv": [ 0.0, 0.0, 1.0, 4.5 ], "enabled": false },
				"south": { "texture": "#bottom", "uv": [ 3.0, 10.5, 13.0, 15.0 ] },
				"west": { "texture": "#0", "uv": [ 0.0, 0.0, 1.0, 4.5 ], "enabled": false },
				"up": { "texture": "#0", "uv": [ 0.0, 0.0, 10.0, 1.0 ], "enabled": false },
				"down": { "texture": "#0", "uv": [ 0.0, 0.0, 10.0, 1.0 ], "enabled": false }
			}
		},
		{
			"name": "pot east top",
			"from": [ 13.0, 5.5, 2.0 ],
			"to": [ 14.0, 9.0, 14.0 ],
			"rotationOrigin": [ 0.0, 5.0, 0.0 ],
			"faces": {
				"north": { "reflectiveMode": 2, "texture": "#top", "uv": [ 2.0, 7.0, 3.0, 10.5 ] },
				"east": { "reflectiveMode": 2, "texture": "#top", "uv": [ 2.0, 7.0, 14.0, 10.5 ] },
				"south": { "reflectiveMode": 2, "texture": "#top", "uv": [ 13.0, 7.0, 14.0, 10.5 ] },
				"west": { "texture": "#ceramic", "uv": [ 0.0, 7.0, 12.0, 10.5 ] },
				"up": { "reflectiveMode": 2, "texture": "#top", "uv": [ 0.5, 6.0, 12.5, 7.0 ], "rotation": 90, "autoUv": false },
				"down": { "texture": "#0", "uv": [ 0.0, 0.0, 1.0, 12.0 ], "enabled": false }
			}
		},
		{
			"name": "pot south top",
			"from": [ 3.0, 5.5, 13.0 ],
			"to": [ 13.0, 9.0, 14.0 ],
			"faces": {
				"north": { "texture": "#ceramic", "uv": [ 3.0, 7.0, 13.0, 10.5 ] },
				"east": { "texture": "#0", "uv": [ 0.0, 0.0, 1.0, 3.5 ], "enabled": false },
				"south": { "reflectiveMode": 2, "texture": "#top", "uv": [ 3.0, 7.0, 13.0, 10.5 ] },
				"west": { "texture": "#0", "uv": [ 0.0, 0.0, 1.0, 3.5 ], "enabled": false },
				"up": { "reflectiveMode": 2, "texture": "#top", "uv": [ 4.0, 6.0, 14.0, 7.0 ], "rotation": 180, "autoUv": false },
				"down": { "texture": "#0", "uv": [ 0.0, 0.0, 10.0, 1.0 ], "enabled": false }
			}
		},
		{
			"name": "pot west top",
			"from": [ 2.0, 5.5, 2.0 ],
			"to": [ 3.0, 9.0, 14.0 ],
			"faces": {
				"north": { "reflectiveMode": 2, "texture": "#top", "uv": [ 13.0, 7.0, 14.0, 10.5 ] },
				"east": { "texture": "#ceramic", "uv": [ 0.0, 7.0, 12.0, 10.5 ] },
				"south": { "reflectiveMode": 2, "texture": "#top", "uv": [ 2.0, 7.0, 3.0, 10.5 ] },
				"west": { "reflectiveMode": 2, "texture": "#top", "uv": [ 2.0, 7.0, 14.0, 10.5 ] },
				"up": { "reflectiveMode": 2, "texture": "#top", "uv": [ 0.5, 6.0, 12.5, 7.0 ], "rotation": 90, "autoUv": false },
				"down": { "texture": "#0", "uv": [ 0.0, 0.0, 1.0, 12.0 ], "enabled": false }
			}
		},
		{
			"name": "pot north top",
			"from": [ 3.0, 5.5, 2.0 ],
			"to": [ 13.0, 9.0, 3.0 ],
			"faces": {
				"north": { "reflectiveMode": 2, "texture": "#top", "uv": [ 3.0, 7.0, 13.0, 10.5 ] },
				"east": { "texture": "#0", "uv": [ 0.0, 0.0, 1.0, 3.5 ], "enabled": false },
				"south": { "texture": "#ceramic", "uv": [ 0.0, 7.0, 10.0, 10.5 ] },
				"west": { "texture": "#0", "uv": [ 0.0, 0.0, 1.0, 3.5 ], "enabled": false },
				"up": { "reflectiveMode": 2, "texture": "#top", "uv": [ 4.0, 6.0, 14.0, 7.0 ], "rotation": 180, "autoUv": false },
				"down": { "texture": "#0", "uv": [ 0.0, 0.0, 10.0, 1.0 ], "enabled": false }
			}
		}
	]}
