{
    "code": "anchorblockdeco",
    "class": "Block",
    "creativeinventory": {
        "general": [
            "*"
        ],
        "decorative": [
            "*"
        ],
        "construction": [
            "*"
        ]
    },
    "texturesByType": {
        "*": {
            "all": {
                "base": "game:block/metal/plate/iron"
            }
        }
    },
    "shape": {
        "base": "functionalanchor:block/anchorblock"
    },
    "sidesolid": {
        "all": false
    },
    "sideopaque": {
        "all": false
    },
    "blockmaterial": "Metal",
    "resistance": 6.0,
    "requiredMiningTier": 1,
    "lightAbsorption": 0,
    "sounds": {
        "place": "game:sounds/block/anvil",
        "break": "game:sounds/block/heavyice",
        "hit": "game:sounds/block/anvil",
        "walk": "game:sounds/walk/stone"
    },
    "collisionbox": {
        "x1": 0.25,
        "y1": 0,
        "z1": 0.25,
        "x2": 0.75,
        "y2": 0.8,
        "z2": 0.75
    },
    "selectionbox": {
        "x1": 0.25,
        "y1": 0,
        "z1": 0.25,
        "x2": 0.75,
        "y2": 0.8,
        "z2": 0.75
    },
    "guiTransform": {
        "translation": {
            "x": 0,
            "y": 0,
            "z": 0
        },
        "rotation": {
            "x": -22.5,
            "y": 45,
            "z": 0
        },
        "origin": {
            "x": 0.5,
            "y": 0,
            "z": 0.5
        },
        "scale": 3.0
    }
}