{
	"editor": {
		"collapsedPaths": "Root/Origin",
		"allAngles": false,
		"entityTextureMode": false
	},
	"textureWidth": 16,
	"textureHeight": 16,
	"textureSizes": {
	},
	"textures": {
		"oak1": "oak1"
	},
	"elements": [
		{
			"name": "Cube2",
			"from": [ 5.0, 0.0, 5.0 ],
			"to": [ 6.5, 1.5, 11.0 ],
			"rotationOrigin": [ 5.0, 0.0, 5.0 ],
			"faces": {
				"north": { "texture": "#oak1", "uv": [ 0.0, 0.0, 1.5, 1.5 ] },
				"east": { "texture": "#oak1", "uv": [ 0.0, 0.0, 6.0, 1.5 ] },
				"south": { "texture": "#oak1", "uv": [ 0.0, 0.0, 1.5, 1.5 ] },
				"west": { "texture": "#oak1", "uv": [ 0.0, 0.0, 6.0, 1.5 ] },
				"up": { "texture": "#oak1", "uv": [ 0.0, 0.0, 1.5, 6.0 ] },
				"down": { "texture": "#oak1", "uv": [ 0.0, 0.0, 1.5, 6.0 ] }
			},
			"children": [
				{
					"name": "Cube3",
					"from": [ 4.5, 0.0, 0.0 ],
					"to": [ 6.0, 1.5, 6.0 ],
					"rotationOrigin": [ 5.0, 0.0, 0.0 ],
					"faces": {
						"north": { "texture": "#oak1", "uv": [ 0.0, 0.0, 1.5, 1.5 ] },
						"east": { "texture": "#oak1", "uv": [ 0.0, 0.0, 6.0, 1.5 ] },
						"south": { "texture": "#oak1", "uv": [ 0.0, 0.0, 1.5, 1.5 ] },
						"west": { "texture": "#oak1", "uv": [ 0.0, 0.0, 6.0, 1.5 ] },
						"up": { "texture": "#oak1", "uv": [ 0.5, 0.0, 2.0, 6.0 ] },
						"down": { "texture": "#oak1", "uv": [ 0.0, 0.0, 1.5, 6.0 ] }
					}
				},
				{
					"name": "Cube5",
					"from": [ 1.5, 0.0, 4.5 ],
					"to": [ 4.5, 1.5, 6.0 ],
					"rotationOrigin": [ 1.0, 0.0, 5.0 ],
					"faces": {
						"north": { "texture": "#oak1", "uv": [ 0.0, 0.0, 3.0, 1.5 ] },
						"east": { "texture": "#oak1", "uv": [ 0.0, 0.0, 1.5, 1.5 ] },
						"south": { "texture": "#oak1", "uv": [ 0.0, 0.0, 3.0, 1.5 ] },
						"west": { "texture": "#oak1", "uv": [ 0.0, 0.0, 1.5, 1.5 ] },
						"up": { "texture": "#oak1", "uv": [ 0.0, 0.0, 3.0, 1.5 ] },
						"down": { "texture": "#oak1", "uv": [ 0.0, 0.0, 3.0, 1.5 ] }
					}
				},
				{
					"name": "Cube4",
					"from": [ 1.5, 0.0, 0.0 ],
					"to": [ 4.5, 1.5, 1.5 ],
					"rotationOrigin": [ 1.0, 0.0, 0.0 ],
					"faces": {
						"north": { "texture": "#oak1", "uv": [ 0.0, 0.0, 3.0, 1.5 ] },
						"east": { "texture": "#oak1", "uv": [ 0.0, 0.0, 1.5, 1.5 ] },
						"south": { "texture": "#oak1", "uv": [ 0.0, 0.0, 3.0, 1.5 ] },
						"west": { "texture": "#oak1", "uv": [ 0.0, 0.0, 1.5, 1.5 ] },
						"up": { "texture": "#oak1", "uv": [ 0.0, 0.0, 3.0, 1.5 ] },
						"down": { "texture": "#oak1", "uv": [ 0.0, 0.0, 3.0, 1.5 ] }
					}
				}
			]
		}
	]}