{
  "code": "mossculture",
  "behaviors": [
    {
      "name": "GroundStorable",
      "properties": {
        "layout": "Messy12",
        "collisionBox": {
          "x1": 0.0,
          "y1": 0,
          "z1": 0.0,
          "x2": 1,
          "y2": 0.08,
          "z2": 1
        },
        "selectionBox": {
          "x1": 0,
          "y1": 0,
          "z1": 0,
          "x2": 1,
          "y2": 0.08,
          "z2": 1
        },
        "PlaceRemoveSound": "game:sounds/block/leafy-picking"
      }
    }
  ],
  "attributes": {
    "inContainerTexture": {
      "base": "koboldcomforts:block/wood/barrel/mossculture"
    },
    "displaycaseable": true,
    "shelvable": true,
    "handbook": {
      "groupBy": ["mossculture"]
    }
  },
  "creativeinventory": {
    "general": ["*"],
    "items": ["*"]
  },
  "shape": {
    "base": "koboldcomforts:item/resource/mossculture"
  },
  "textures": {
    "mossculture": {
      "base": "koboldcomforts:item/resource/mossculture"
    }
  },
  "maxstacksize": 64,
  "materialDensity": 200,
  "heldTpIdleAnimation": "holdbothhands",
  "guiTransform": {
    "translation": { "x": 0, "y": 0, "z": 0 },
    "rotation": { "x": -30, "y": -20, "z": 0 },
    "origin": { "x": 0.49, "y": 0.02, "z": 0.5 },
    "scale": 2.95
  }
}
