﻿[
  {
    "ingredient": { "type": "item", "code": "game:ingot-steel"},
    "pattern": [
      [
        "#########",
        "#########",
        "#########",
        "#########",
        "####_####",
        "#########",
        "#########",
        "#########",
        "#########"
      ]
    ],
    "name": "32V",
    "output": { "type": "block", "code": "electricalprogressiveindustry:gauge-32v"  }
  },
  {
    "ingredient": { "type": "item", "code": "game:ingot-steel"},
    "pattern": [
      [
        "#########",
        "#########",
        "#########",
        "#########",
        "###__####",
        "#########",
        "#########",
        "#########",
        "#########"
      ]
    ],
    "name": "128V",
    "output": { "type": "block", "code": "electricalprogressiveindustry:gauge-128v"  }
  } 
]