{
  "code": "type",
  "variants": [
    {
      "code": "nospell"
    },

    //// Innate:
    {
      "code": "transmutation1"
    },
    {
      "code": "transmutation2"
    },
    {
      "code": "transmutation3"
    },
    //{
    //  "code": "lifetap"
    //},
    //{
    //  "code": "conjureobject"
    //},
    //{
    //  "code": "imbueelement"
    //},
    //{
    //  "code": "familiar"
    //},

    {
      "code": "serenity1"
    },
    {
      "code": "serenity2"
    },

    {
      "code": "entropy1"
    },


    // Tier 0:
    {
      "code": "magiciansbrick0"
    },



    // General Tier 1:
    {
      "code": "befriendanimal1"
    },
    {
      "code": "dig1"
    },
    {
      "code": "fertilize1"
    },
    {
      "code": "growth1"
    },
    {
      "code": "hydration1"
    },
    {
      "code": "ignite1"
    },
    {
      "code": "reap1"
    },
    {
      "code": "telekinesis1"
    },
    {
      "code": "temporaltouch1"
    },
    {
      "code": "firetouch1"
    },
    {
      "code": "watertouch1"
    },
    {
      "code": "windtouch1"
    },
    {
      "code": "earthtouch1"
    },
    {
      "code": "lightningtouch1"
    },
    {
      "code": "frosttouch1"
    },
    {
      "code": "naturetouch1"
    },
    {
      "code": "arcanetouch1"
    },
    {
      "code": "truenorth1"
    },



    // General Tier 2:
    {
      "code": "befriendanimal2"
    },
    {
      "code": "dig2"
    },
    {
      "code": "fertilize2"
    },
    {
      "code": "growth2"
    },
    {
      "code": "ignite2"
    },
    {
      "code": "mendobject1"
    },
    {
      "code": "prise1"
    },
    {
      "code": "reap2"
    },
    {
      "code": "telekinesis2"
    },
    {
      "code": "temporaltouch2"
    },
    {
      "code": "firetouch2"
    },
    {
      "code": "watertouch2"
    },
    {
      "code": "windtouch2"
    },
    {
      "code": "earthtouch2"
    },
    {
      "code": "lightningtouch2"
    },
    {
      "code": "frosttouch2"
    },
    {
      "code": "naturetouch2"
    },
    {
      "code": "arcanetouch2"
    },



    // General Tier 3:
    {
      "code": "befriendanimal3"
    },
    {
      "code": "bindaffinity1"
    },
    {
      "code": "blink1"
    },
    {
      "code": "dig3"
    },
    {
      "code": "fertilize3"
    },
    {
      "code": "growth3"
    },
    {
      "code": "ignite3"
    },
    {
      "code": "preservation1"
    },
    {
      "code": "reap3"
    },
    {
      "code": "telekinesis3"
    },
    {
      "code": "temporaltouch3"
    },
    {
      "code": "firetouch3"
    },
    {
      "code": "watertouch3"
    },
    {
      "code": "windtouch3"
    },
    {
      "code": "earthtouch3"
    },
    {
      "code": "lightningtouch3"
    },
    {
      "code": "frosttouch3"
    },
    {
      "code": "naturetouch3"
    },
    {
      "code": "arcanetouch3"
    },



    // Evocation Tier 2:
    {
      "code": "corpseexplosion1"
    },
    {
      "code": "daze1"
    },
    {
      "code": "fear1"
    },
    {
      "code": "root1"
    },
    {
      "code": "rustnova1"
    },
    {
      "code": "incinerate1"
    },
    {
      "code": "tidalwave1"
    },
    {
      "code": "whirlwind1"
    },
    {
      "code": "rockslide1"
    },
    {
      "code": "electrocute1"
    },
    {
      "code": "icestrike1"
    },
    {
      "code": "verdantsurge1"
    },
    {
      "code": "arcaneexplosion1"
    },
    {
      "code": "rustorb1"
    },
    {
      "code": "fireball1"
    },
    {
      "code": "aquaburst1"
    },
    {
      "code": "aeroblast1"
    },
    {
      "code": "stonefist1"
    },
    {
      "code": "thunderbolt1"
    },
    {
      "code": "coldsnap1"
    },
    {
      "code": "wealdburst1"
    },
    {
      "code": "shadowbolt1"
    },
    {
      "code": "shockwave1"
    },
    {
      "code": "spikeshield1"
    },



    // Evocation Tier 3:
    {
      "code": "cataclysm1"
    },
    {
      "code": "corpseexplosion2"
    },
    {
      "code": "delirium1"
    },
    {
      "code": "immobilize1"
    },
    {
      "code": "rustnova2"
    },
    {
      "code": "incinerate2"
    },
    {
      "code": "tidalwave2"
    },
    {
      "code": "whirlwind2"
    },
    {
      "code": "rockslide2"
    },
    {
      "code": "electrocute2"
    },
    {
      "code": "icestrike2"
    },
    {
      "code": "verdantsurge2"
    },
    {
      "code": "arcaneexplosion2"
    },
    {
      "code": "rustorb2"
    },
    {
      "code": "fireball2"
    },
    {
      "code": "aquaburst2"
    },
    {
      "code": "aeroblast2"
    },
    {
      "code": "stonefist2"
    },
    {
      "code": "thunderbolt2"
    },
    {
      "code": "coldsnap2"
    },
    {
      "code": "wealdburst2"
    },
    {
      "code": "shadowbolt2"
    },
    {
      "code": "spikeshield2"
    },
    {
      "code": "terror1"
    },
    {
      "code": "voidpulse1"
    },
    {
      "code": "inferno1"
    },
    {
      "code": "torrent1"
    },
    {
      "code": "cyclone1"
    },
    {
      "code": "earthquake1"
    },
    {
      "code": "staticshock1"
    },
    {
      "code": "frostbite1"
    },
    {
      "code": "sylvanwrath1"
    },
    {
      "code": "arcanesurge1"
    },



    // Alteration Tier 2:
    {
      "code": "agility1"
    },
    {
      "code": "butcher1"
    },
    {
      "code": "equilibrium1"
    },
    {
      "code": "excavation1"
    },
    {
      "code": "flashheal1"
    },
    {
      "code": "intellect1"
    },
    {
      "code": "judgement1"
    },
    {
      "code": "nourishingaura1"
    },
    {
      "code": "plunder1"
    },
    {
      "code": "rapidshot1"
    },
    {
      "code": "regeneration1"
    },
    {
      "code": "silentsteps1"
    },
    {
      "code": "strengthen1"
    },
    {
      "code": "swiftness1"
    },
    {
      "code": "tinkerer1"
    },



    // Alteration Tier 3:
    {
      "code": "agility2"
    },
    {
      "code": "butcher2"
    },
    {
      "code": "equilibrium2"
    },
    {
      "code": "excavation2"
    },
    {
      "code": "flashheal2"
    },
    {
      "code": "healingsurge1"
    },
    {
      "code": "intellect2"
    },
    {
      "code": "judgement2"
    },
    {
      "code": "nourishingaura2"
    },
    {
      "code": "plunder2"
    },
    {
      "code": "prosperity1"
    },
    {
      "code": "rapidshot2"
    },
    {
      "code": "regeneration2"
    },
    {
      "code": "revive1"
    },
    {
      "code": "silentsteps2"
    },
    {
      "code": "soaringleap1"
    },
    {
      "code": "strengthen2"
    },
    {
      "code": "swiftness2"
    },
    {
      "code": "temperance1"
    },
    {
      "code": "tinkerer2"
    },



    // Incantation Tier 2:
    {
      "code": "dispel1"
    },
    {
      "code": "endlessbreath1"
    },
    {
      "code": "featherfall1"
    },
    {
      "code": "giftofthemage1"
    },
    {
      "code": "markofthezephyr1"
    },
    {
      "code": "resistelements1"
    },
    {
      "code": "resistfire1"
    },
    {
      "code": "resistwater1"
    },
    {
      "code": "resistwind1"
    },
    {
      "code": "resistearth1"
    },
    {
      "code": "resistlightning1"
    },
    {
      "code": "resistfrost1"
    },
    {
      "code": "resistnature1"
    },
    {
      "code": "resistarcane1"
    },
    {
      "code": "siphon1"
    },
    {
      "code": "shadowstep1"
    },
    {
      "code": "surfaceascent1"
    },
    {
      "code": "temporalfunnel1"
    },



    // Incantation Tier 3:
    {
      "code": "dispel2"
    },
    {
      "code": "fly1"
    },
    {
      "code": "giftofthemage2"
    },
    {
      "code": "resistelements2"
    },
    {
      "code": "resistfire2"
    },
    {
      "code": "resistwater2"
    },
    {
      "code": "resistwind2"
    },
    {
      "code": "resistearth2"
    },
    {
      "code": "resistlightning2"
    },
    {
      "code": "resistfrost2"
    },
    {
      "code": "resistnature2"
    },
    {
      "code": "resistarcane2"
    },
    {
      "code": "riftwalker1"
    },
    {
      "code": "sacrifice1"
    },
    {
      "code": "siphon2"
    },
    {
      "code": "surfaceascent2"
    },
    {
      "code": "temporalfunnel2"
    },
    {
      "code": "tiderunner1"
    },
    {
      "code": "whisperingvoid1"
    },
    {
      "code": "wraithwalk1"
    },



    // Conjuration Tier 2:
    {
      "code": "barrier1"
    },
    {
      "code": "corpseswap1"
    },
    {
      "code": "runeofexplosion1"
    },
    {
      "code": "summoncorpse1"
    },
    {
      "code": "summonlight1"
    },
    {
      "code": "summonobjectaxe1"
    },
    {
      "code": "summonobjectbag1"
    },
    {
      "code": "summonobjectfood1"
    },
    {
      "code": "summonobjecthoe1"
    },
    {
      "code": "summonobjectknife1"
    },
    {
      "code": "summonobjectpickaxe1"
    },
    {
      "code": "summonobjectsaw1"
    },
    {
      "code": "summonobjectshovel1"
    },
    {
      "code": "summonobjectweapon1"
    },
    {
      "code": "summonobjectweaponfire1"
    },
    {
      "code": "summonobjectweaponwater1"
    },
    {
      "code": "summonobjectweaponwind1"
    },
    {
      "code": "summonobjectweaponearth1"
    },
    {
      "code": "summonobjectweaponlightning1"
    },
    {
      "code": "summonobjectweaponfrost1"
    },
    {
      "code": "summonobjectweaponnature1"
    },
    {
      "code": "summonobjectweaponarcane1"
    },
    {
      "code": "summonerssoul1"
    },
    {
      "code": "animateobject1"
    },


    // Conjuration Tier 3:
    {
      "code": "barrier2"
    },
    {
      "code": "duplicate1"
    },
    {
      "code": "runeofexplosion2"
    },
    {
      "code": "summonlight2"
    },
    {
      "code": "summonobjectaxe2"
    },
    {
      "code": "summonobjectfood2"
    },
    {
      "code": "summonobjecthoe2"
    },
    {
      "code": "summonobjectknife2"
    },
    {
      "code": "summonobjectpickaxe2"
    },
    {
      "code": "summonobjectsaw2"
    },
    {
      "code": "summonobjectshovel2"
    },
    {
      "code": "summonobjectweapon2"
    },
    {
      "code": "summonobjectultimateweaponfire1"
    },
    {
      "code": "summonobjectultimateweaponwater1"
    },
    {
      "code": "summonobjectultimateweaponwind1"
    },
    {
      "code": "summonobjectultimateweaponearth1"
    },
    {
      "code": "summonobjectultimateweaponlightning1"
    },
    {
      "code": "summonobjectultimateweaponfrost1"
    },
    {
      "code": "summonobjectultimateweaponnature1"
    },
    {
      "code": "summonobjectultimateweaponarcane1"
    },
    {
      "code": "summonportal1"
    },
    //{
    //  "code": "projectedreturn1"
    //},
    {
      "code": "summonvoidvault1"
    },
    {
      "code": "summonerssoul2"
    },
    {
      "code": "animateobject2"
    }

    //,{
    //  "code": "magicmissiles1"
    //}


  ]
}
