{
  "code": "tabletenchantedstone",
  "variants": [
    {
      "code": "magecandleritualup"
    },
    {
      "code": "arcanusnormal"
    },
    {
      "code": "runicscrolltier1"
    },
    {
      "code": "grimoireblanknormal"
    },
    //{
    //  "code": "magictiersigilofawakening"
    //},



    {
      "code": "toolspellcastingapprenticestaffcrudeplain"
    },
    {
      "code": "armorheadbasicplaintier1"
    },
    {
      "code": "armorbodybasicplaintier1"
    },
    {
      "code": "armorlegsbasicplaintier1"
    },
    {
      "code": "magicalrepairkit"
    },

    {
      "code": "armorarmtier1eldrathiumgeneric"
    },
    {
      "code": "armorwaisttier1eldrathiumgeneric"
    },
    {
      "code": "armornecktier1eldrathiumgeneric"
    },



    {
      "code": "magicstationspellforgenormalnorth"
    },
    {
      "code": "magicstationoculusnormalpedestalnorth"
    },
    {
      "code": "magicstationoculusnormalcorenorth"
    },
    {
      "code": "magicstationsanctumnormalnorth"
    }




    //,
    //{
    //  "code": "metalbiteldrathium"
    //}
  ]
}
