{
	"editor": {
		"allAngles": false,
		"entityTextureMode": false
	},
	"textureWidth": 16,
	"textureHeight": 16,
	"textureSizes": {
	},
	"textures": {
		"top1": "block/plant/seaweed/top1",
		"section1": "block/plant/seaweed/section1",
		"section2": "block/plant/seaweed/section2"
	},
	"elements": [
		{
			"name": "Face",
			"from": [ 0.0, -2.0, 8.0 ], 
			"to": [ 16.0, 14.0, 8.0 ], 
			"shade": false,
			"climateColorMap": "climatePlantTint",
			"rotationOrigin": [ 8.0, -2.0, 8.0 ],
			"rotationY": -45.0,
			"faces": {
				"north": { "texture": "#weed", "uv": [ 0.0, 0.0, 16.0, 16.0 ] },
				"east": { "texture": "#null", "uv": [ 0.0, 0.0, 0.5, 16.0 ], "enabled": false },
				"south": { "texture": "#null", "uv": [ 0.0, 0.0, 16.0, 16.0 ], "enabled": false },
				"west": { "texture": "#null", "uv": [ 0.0, 0.0, 0.5, 16.0 ], "enabled": false },
				"up": { "texture": "#null", "uv": [ 0.0, 0.0, 16.0, 0.5 ], "enabled": false },
				"down": { "texture": "#null", "uv": [ 0.0, 0.0, 16.0, 0.5 ], "enabled": false }
			},
			"children": [
				{
					"name": "Face2",
					"from": [ 0.0028, 0.0, 0.0028 ], 
					"to": [ 16.0028, 16.0, 0.0028 ], 
					"shade": false,
					"climateColorMap": "climatePlantTint",
					"rotationOrigin": [ 8.0, 0.0, 0.0 ],
					"rotationY": 89.98,
					"faces": {
						"north": { "texture": "#null", "uv": [ 0.0, 0.0, 16.0, 16.0 ], "enabled": false },
						"east": { "texture": "#null", "uv": [ 0.0, 0.0, 0.5, 16.0 ], "enabled": false },
						"south": { "texture": "#weed", "uv": [ 0.0, 0.0, 16.0, 16.0 ] },
						"west": { "texture": "#null", "uv": [ 0.0, 0.0, 0.5, 16.0 ], "enabled": false },
						"up": { "texture": "#null", "uv": [ 0.0, 0.0, 16.0, 0.5 ], "enabled": false },
						"down": { "texture": "#null", "uv": [ 0.0, 0.0, 16.0, 0.5 ], "enabled": false }
					}
				},
				{
					"name": "bulbflower",
					"from": [ 6.2422, 7.0, -1.4678 ], 
					"to": [ 6.3222, 9.0, -1.1678 ], 
					"rotationOrigin": [ 6.2322, 7.0, -1.7678 ],
					"rotationY": 45.0,
					"faces": {
						"north": { "texture": "#top1", "uv": [ 4.6667, 7.3333, 5.0, 9.3333 ] },
						"east": { "texture": "#top1", "uv": [ 7.6667, 7.0, 8.0, 9.0 ] },
						"south": { "texture": "#top1", "uv": [ 7.6667, 7.3333, 8.0, 9.3333 ] },
						"west": { "texture": "#top1", "uv": [ 7.6667, 7.6667, 8.0, 9.6667 ] },
						"up": { "texture": "#top1", "uv": [ 7.6667, 7.0, 8.0, 7.3333 ] },
						"down": { "texture": "#top1", "uv": [ 7.6667, 8.0, 8.0, 8.3333 ] }
					},
					"children": [
						{
							"name": "Cube5",
							"from": [ -0.01, -2.0, 0.2 ], 
							"to": [ 0.09, 0.0, 0.5 ], 
							"rotationOrigin": [ -0.01, -2.0, 0.2 ],
							"faces": {
								"north": { "texture": "#top1", "uv": [ 4.6667, 7.3333, 5.0, 9.3333 ] },
								"east": { "texture": "#top1", "uv": [ 7.6667, 7.0, 8.0, 9.0 ] },
								"south": { "texture": "#top1", "uv": [ 7.6667, 7.3333, 8.0, 9.3333 ] },
								"west": { "texture": "#top1", "uv": [ 7.6667, 7.6667, 8.0, 9.6667 ] },
								"up": { "texture": "#top1", "uv": [ 7.6667, 7.0, 8.0, 7.3333 ] },
								"down": { "texture": "#top1", "uv": [ 7.6667, 8.0, 8.0, 8.3333 ] }
							},
							"children": [
								{
									"name": "Cube4",
									"from": [ 0.01, -1.7, 0.2 ], 
									"to": [ 0.09, 0.3, 0.5 ], 
									"rotationOrigin": [ 0.0, -2.0, 0.5 ],
									"faces": {
										"north": { "texture": "#top1", "uv": [ 4.6667, 7.3333, 5.0, 9.3333 ] },
										"east": { "texture": "#top1", "uv": [ 7.6667, 7.0, 8.0, 9.0 ] },
										"south": { "texture": "#top1", "uv": [ 7.6667, 7.3333, 8.0, 9.3333 ] },
										"west": { "texture": "#top1", "uv": [ 7.6667, 7.6667, 8.0, 9.6667 ] },
										"up": { "texture": "#top1", "uv": [ 7.6667, 7.0, 8.0, 7.3333 ] },
										"down": { "texture": "#top1", "uv": [ 7.6667, 8.0, 8.0, 8.3333 ] }
									},
									"children": [
										{
											"name": "Cube1",
											"from": [ -0.01, -1.5, 1.6 ], 
											"to": [ 0.09, 0.5, 1.9 ], 
											"rotationOrigin": [ -0.01, -1.3, 1.4 ],
											"rotationX": -45.0,
											"faces": {
												"north": { "texture": "#top1", "uv": [ 4.6667, 7.3333, 5.0, 9.3333 ] },
												"east": { "texture": "#top1", "uv": [ 7.6667, 7.0, 8.0, 9.0 ] },
												"south": { "texture": "#top1", "uv": [ 7.6667, 7.3333, 8.0, 9.3333 ] },
												"west": { "texture": "#top1", "uv": [ 7.6667, 7.6667, 8.0, 9.6667 ] },
												"up": { "texture": "#top1", "uv": [ 7.6667, 7.0, 8.0, 7.3333 ] },
												"down": { "texture": "#top1", "uv": [ 7.6667, 8.0, 8.0, 8.3333 ] }
											}
										}
									]
								}
							]
						},
						{
							"name": "bulb",
							"from": [ -0.5, 2.0, -0.35 ], 
							"to": [ 0.5, 3.5, 0.65 ], 
							"rotationOrigin": [ 0.0, 2.0, 0.0 ],
							"faces": {
								"north": { "texture": "#top1", "uv": [ 8.3333, 7.0, 9.0, 8.3333 ], "glow": 1600, "autoUv": false },
								"east": { "texture": "#top1", "uv": [ 8.3333, 7.0, 9.0, 8.3333 ], "glow": 1600, "autoUv": false },
								"south": { "texture": "#top1", "uv": [ 8.3333, 7.3333, 9.0, 8.6667 ], "glow": 1600, "autoUv": false },
								"west": { "texture": "#top1", "uv": [ 8.3333, 7.0, 9.0, 8.3333 ], "glow": 1600, "autoUv": false },
								"up": { "texture": "#top1", "uv": [ 8.3333, 7.3333, 9.0, 8.3333 ], "glow": 1600, "autoUv": false },
								"down": { "texture": "#top1", "uv": [ 8.3333, 7.0, 9.0, 8.0 ], "glow": 1600, "autoUv": false }
							},
							"children": [
								{
									"name": "Cube8",
									"from": [ 0.1, -0.2, 0.2 ], 
									"to": [ 0.9, 1.9, 0.8 ], 
									"rotationOrigin": [ 0.5, -1.0, 0.35 ],
									"faces": {
										"north": { "texture": "#top1", "uv": [ 8.3333, 7.0, 9.0, 8.3333 ], "glow": 1600, "autoUv": false },
										"east": { "texture": "#top1", "uv": [ 8.3333, 7.0, 9.0, 8.3333 ], "glow": 1600, "autoUv": false },
										"south": { "texture": "#top1", "uv": [ 8.3333, 7.3333, 9.0, 8.6667 ], "glow": 1600, "autoUv": false },
										"west": { "texture": "#top1", "uv": [ 8.3333, 7.0, 9.0, 8.3333 ], "glow": 1600, "autoUv": false },
										"up": { "texture": "#top1", "uv": [ 8.3333, 7.3333, 9.0, 8.3333 ], "glow": 1600, "autoUv": false },
										"down": { "texture": "#top1", "uv": [ 8.3333, 7.0, 9.0, 8.0 ], "glow": 1600, "autoUv": false }
									}
								}
							]
						},
						{
							"name": "Cube9",
							"from": [ 0.0, -3.0, 0.0 ], 
							"to": [ 0.0, -2.0, 1.0 ], 
							"rotationOrigin": [ 0.0, -3.0, 0.5 ],
							"rotationZ": -22.5,
							"faces": {
								"north": { "texture": "#top1", "uv": [ 5.0, 1.3333, 5.3333, 2.3333 ] },
								"east": { "texture": "#top1", "uv": [ 5.0, 2.0, 6.0, 3.0 ] },
								"south": { "texture": "#top1", "uv": [ 4.6667, 2.6667, 5.0, 3.6667 ] },
								"west": { "texture": "#top1", "uv": [ 5.0, 2.0, 6.0, 3.0 ] },
								"up": { "texture": "#top1", "uv": [ 5.0, 2.3333, 5.3333, 3.3333 ] },
								"down": { "texture": "#top1", "uv": [ 5.0, 3.6667, 5.3333, 4.6667 ] }
							}
						},
						{
							"name": "Cube10",
							"from": [ 0.0, -2.0, 0.0 ], 
							"to": [ 0.0, -1.0, 1.0 ], 
							"rotationOrigin": [ 0.0, -2.0, 0.5 ],
							"rotationZ": 22.5,
							"faces": {
								"north": { "texture": "#top1", "uv": [ 5.0, 1.3333, 5.3333, 2.3333 ] },
								"east": { "texture": "#top1", "uv": [ 5.0, 2.0, 6.0, 3.0 ] },
								"south": { "texture": "#top1", "uv": [ 4.6667, 2.6667, 5.0, 3.6667 ] },
								"west": { "texture": "#top1", "uv": [ 5.0, 2.0, 6.0, 3.0 ] },
								"up": { "texture": "#top1", "uv": [ 5.0, 2.3333, 5.3333, 3.3333 ] },
								"down": { "texture": "#top1", "uv": [ 5.0, 3.6667, 5.3333, 4.6667 ] }
							}
						},
						{
							"name": "Cube11",
							"from": [ 0.0, 0.0, 0.0 ], 
							"to": [ 0.0, 1.0, 1.0 ], 
							"rotationOrigin": [ 0.0, 0.0, 0.5 ],
							"rotationY": -45.0,
							"rotationZ": -22.5,
							"faces": {
								"north": { "texture": "#top1", "uv": [ 5.0, 1.3333, 5.3333, 2.3333 ] },
								"east": { "texture": "#top1", "uv": [ 5.0, 2.0, 6.0, 3.0 ] },
								"south": { "texture": "#top1", "uv": [ 4.6667, 2.6667, 5.0, 3.6667 ] },
								"west": { "texture": "#top1", "uv": [ 5.0, 2.0, 6.0, 3.0 ] },
								"up": { "texture": "#top1", "uv": [ 5.0, 2.3333, 5.3333, 3.3333 ] },
								"down": { "texture": "#top1", "uv": [ 5.0, 3.6667, 5.3333, 4.6667 ] }
							}
						},
						{
							"name": "Cube12",
							"from": [ 0.6, 1.0, -1.0 ], 
							"to": [ 0.6, 2.0, 0.0 ], 
							"rotationOrigin": [ 0.0, 1.0, -0.5 ],
							"rotationY": -90.0,
							"rotationZ": 35.0,
							"faces": {
								"north": { "texture": "#top1", "uv": [ 5.0, 1.3333, 5.3333, 2.3333 ] },
								"east": { "texture": "#top1", "uv": [ 5.0, 2.0, 6.0, 3.0 ] },
								"south": { "texture": "#top1", "uv": [ 4.6667, 2.6667, 5.0, 3.6667 ] },
								"west": { "texture": "#top1", "uv": [ 5.0, 2.0, 6.0, 3.0 ] },
								"up": { "texture": "#top1", "uv": [ 5.0, 2.3333, 5.3333, 3.3333 ] },
								"down": { "texture": "#top1", "uv": [ 5.0, 3.6667, 5.3333, 4.6667 ] }
							}
						},
						{
							"name": "bulbflower2",
							"from": [ -3.0, 5.0, 2.5 ], 
							"to": [ -2.92, 7.0, 2.8 ], 
							"rotationOrigin": [ -3.01, 5.0, 1.7 ],
							"rotationX": 0.0,
							"rotationY": 80.0,
							"rotationZ": 0.0,
							"faces": {
								"north": { "texture": "#top1", "uv": [ 4.6667, 7.3333, 5.0, 9.3333 ] },
								"east": { "texture": "#top1", "uv": [ 7.6667, 7.0, 8.0, 9.0 ] },
								"south": { "texture": "#top1", "uv": [ 7.6667, 7.3333, 8.0, 9.3333 ] },
								"west": { "texture": "#top1", "uv": [ 7.6667, 7.6667, 8.0, 9.6667 ] },
								"up": { "texture": "#top1", "uv": [ 7.6667, 7.0, 8.0, 7.3333 ] },
								"down": { "texture": "#top1", "uv": [ 7.6667, 8.0, 8.0, 8.3333 ] }
							},
							"children": [
								{
									"name": "Cube14",
									"from": [ -0.01, -2.0, 0.2 ], 
									"to": [ 0.09, 0.0, 0.5 ], 
									"rotationOrigin": [ -0.01, -2.0, 0.2 ],
									"faces": {
										"north": { "texture": "#top1", "uv": [ 4.6667, 7.3333, 5.0, 9.3333 ] },
										"east": { "texture": "#top1", "uv": [ 7.6667, 7.0, 8.0, 9.0 ] },
										"south": { "texture": "#top1", "uv": [ 7.6667, 7.3333, 8.0, 9.3333 ] },
										"west": { "texture": "#top1", "uv": [ 7.6667, 7.6667, 8.0, 9.6667 ] },
										"up": { "texture": "#top1", "uv": [ 7.6667, 7.0, 8.0, 7.3333 ] },
										"down": { "texture": "#top1", "uv": [ 7.6667, 8.0, 8.0, 8.3333 ] }
									},
									"children": [
										{
											"name": "Cube15",
											"from": [ 0.01, -1.7, 0.2 ], 
											"to": [ 0.09, 0.3, 0.5 ], 
											"rotationOrigin": [ 0.0, -2.0, 0.5 ],
											"faces": {
												"north": { "texture": "#top1", "uv": [ 4.6667, 7.3333, 5.0, 9.3333 ] },
												"east": { "texture": "#top1", "uv": [ 7.6667, 7.0, 8.0, 9.0 ] },
												"south": { "texture": "#top1", "uv": [ 7.6667, 7.3333, 8.0, 9.3333 ] },
												"west": { "texture": "#top1", "uv": [ 7.6667, 7.6667, 8.0, 9.6667 ] },
												"up": { "texture": "#top1", "uv": [ 7.6667, 7.0, 8.0, 7.3333 ] },
												"down": { "texture": "#top1", "uv": [ 7.6667, 8.0, 8.0, 8.3333 ] }
											},
											"children": [
												{
													"name": "Cube16",
													"from": [ -0.01, -1.5, 1.6 ], 
													"to": [ 0.09, 0.5, 1.9 ], 
													"rotationOrigin": [ -0.01, -1.3, 1.4 ],
													"rotationX": -45.0,
													"faces": {
														"north": { "texture": "#top1", "uv": [ 4.6667, 7.3333, 5.0, 9.3333 ] },
														"east": { "texture": "#top1", "uv": [ 7.6667, 7.0, 8.0, 9.0 ] },
														"south": { "texture": "#top1", "uv": [ 7.6667, 7.3333, 8.0, 9.3333 ] },
														"west": { "texture": "#top1", "uv": [ 7.6667, 7.6667, 8.0, 9.6667 ] },
														"up": { "texture": "#top1", "uv": [ 7.6667, 7.0, 8.0, 7.3333 ] },
														"down": { "texture": "#top1", "uv": [ 7.6667, 8.0, 8.0, 8.3333 ] }
													}
												}
											]
										}
									]
								},
								{
									"name": "bulb17",
									"from": [ -0.5, 2.0, -0.35 ], 
									"to": [ 0.5, 3.5, 0.65 ], 
									"rotationOrigin": [ 0.0, 2.0, 0.0 ],
									"faces": {
										"north": { "texture": "#top1", "uv": [ 8.3333, 7.0, 9.0, 8.3333 ], "glow": 1600, "autoUv": false },
										"east": { "texture": "#top1", "uv": [ 8.3333, 7.0, 9.0, 8.3333 ], "glow": 1600, "autoUv": false },
										"south": { "texture": "#top1", "uv": [ 8.3333, 7.3333, 9.0, 8.6667 ], "glow": 1600, "autoUv": false },
										"west": { "texture": "#top1", "uv": [ 8.3333, 7.0, 9.0, 8.3333 ], "glow": 1600, "autoUv": false },
										"up": { "texture": "#top1", "uv": [ 8.3333, 7.3333, 9.0, 8.3333 ], "glow": 1600, "autoUv": false },
										"down": { "texture": "#top1", "uv": [ 8.3333, 7.0, 9.0, 8.0 ], "glow": 1600, "autoUv": false }
									},
									"children": [
										{
											"name": "Cube18",
											"from": [ 0.1, -0.2, 0.2 ], 
											"to": [ 0.9, 1.9, 0.8 ], 
											"rotationOrigin": [ 0.5, -1.0, 0.35 ],
											"faces": {
												"north": { "texture": "#top1", "uv": [ 8.3333, 7.0, 9.0, 8.3333 ], "glow": 1600, "autoUv": false },
												"east": { "texture": "#top1", "uv": [ 8.3333, 7.0, 9.0, 8.3333 ], "glow": 1600, "autoUv": false },
												"south": { "texture": "#top1", "uv": [ 8.3333, 7.3333, 9.0, 8.6667 ], "glow": 1600, "autoUv": false },
												"west": { "texture": "#top1", "uv": [ 8.3333, 7.0, 9.0, 8.3333 ], "glow": 1600, "autoUv": false },
												"up": { "texture": "#top1", "uv": [ 8.3333, 7.3333, 9.0, 8.3333 ], "glow": 1600, "autoUv": false },
												"down": { "texture": "#top1", "uv": [ 8.3333, 7.0, 9.0, 8.0 ], "glow": 1600, "autoUv": false }
											}
										}
									]
								},
								{
									"name": "Cube19",
									"from": [ 0.0, -3.0, 0.0 ], 
									"to": [ 0.0, -2.0, 1.0 ], 
									"rotationOrigin": [ 0.0, -3.0, 0.5 ],
									"rotationZ": -22.5,
									"faces": {
										"north": { "texture": "#top1", "uv": [ 5.0, 1.3333, 5.3333, 2.3333 ] },
										"east": { "texture": "#top1", "uv": [ 5.0, 2.0, 6.0, 3.0 ] },
										"south": { "texture": "#top1", "uv": [ 4.6667, 2.6667, 5.0, 3.6667 ] },
										"west": { "texture": "#top1", "uv": [ 5.0, 2.0, 6.0, 3.0 ] },
										"up": { "texture": "#top1", "uv": [ 5.0, 2.3333, 5.3333, 3.3333 ] },
										"down": { "texture": "#top1", "uv": [ 5.0, 3.6667, 5.3333, 4.6667 ] }
									}
								},
								{
									"name": "Cube20",
									"from": [ 0.0, -2.0, 0.0 ], 
									"to": [ 0.0, -1.0, 1.0 ], 
									"rotationOrigin": [ 0.0, -2.0, 0.5 ],
									"rotationZ": 22.5,
									"faces": {
										"north": { "texture": "#top1", "uv": [ 5.0, 1.3333, 5.3333, 2.3333 ] },
										"east": { "texture": "#top1", "uv": [ 5.0, 2.0, 6.0, 3.0 ] },
										"south": { "texture": "#top1", "uv": [ 4.6667, 2.6667, 5.0, 3.6667 ] },
										"west": { "texture": "#top1", "uv": [ 5.0, 2.0, 6.0, 3.0 ] },
										"up": { "texture": "#top1", "uv": [ 5.0, 2.3333, 5.3333, 3.3333 ] },
										"down": { "texture": "#top1", "uv": [ 5.0, 3.6667, 5.3333, 4.6667 ] }
									}
								},
								{
									"name": "Cube21",
									"from": [ 0.0, 0.0, 0.0 ], 
									"to": [ 0.0, 1.0, 1.0 ], 
									"rotationOrigin": [ 0.0, 0.0, 0.5 ],
									"rotationY": -45.0,
									"rotationZ": -22.5,
									"faces": {
										"north": { "texture": "#top1", "uv": [ 5.0, 1.3333, 5.3333, 2.3333 ] },
										"east": { "texture": "#top1", "uv": [ 5.0, 2.0, 6.0, 3.0 ] },
										"south": { "texture": "#top1", "uv": [ 4.6667, 2.6667, 5.0, 3.6667 ] },
										"west": { "texture": "#top1", "uv": [ 5.0, 2.0, 6.0, 3.0 ] },
										"up": { "texture": "#top1", "uv": [ 5.0, 2.3333, 5.3333, 3.3333 ] },
										"down": { "texture": "#top1", "uv": [ 5.0, 3.6667, 5.3333, 4.6667 ] }
									}
								},
								{
									"name": "Cube22",
									"from": [ 0.6, 1.0, -1.0 ], 
									"to": [ 0.6, 2.0, 0.0 ], 
									"rotationOrigin": [ 0.0, 1.0, -0.5 ],
									"rotationY": -90.0,
									"rotationZ": 35.0,
									"faces": {
										"north": { "texture": "#top1", "uv": [ 5.0, 1.3333, 5.3333, 2.3333 ] },
										"east": { "texture": "#top1", "uv": [ 5.0, 2.0, 6.0, 3.0 ] },
										"south": { "texture": "#top1", "uv": [ 4.6667, 2.6667, 5.0, 3.6667 ] },
										"west": { "texture": "#top1", "uv": [ 5.0, 2.0, 6.0, 3.0 ] },
										"up": { "texture": "#top1", "uv": [ 5.0, 2.3333, 5.3333, 3.3333 ] },
										"down": { "texture": "#top1", "uv": [ 5.0, 3.6667, 5.3333, 4.6667 ] }
									}
								}
							]
						},
						{
							"name": "bulbflower3",
							"from": [ 0.0, -2.0, 5.0 ], 
							"to": [ 0.08, 0.0, 5.3 ], 
							"rotationOrigin": [ -0.01, -2.0, 4.7 ],
							"rotationX": -180.0,
							"rotationY": 0.0,
							"rotationZ": -180.0,
							"faces": {
								"north": { "texture": "#top1", "uv": [ 4.6667, 7.3333, 5.0, 9.3333 ] },
								"east": { "texture": "#top1", "uv": [ 7.6667, 7.0, 8.0, 9.0 ] },
								"south": { "texture": "#top1", "uv": [ 7.6667, 7.3333, 8.0, 9.3333 ] },
								"west": { "texture": "#top1", "uv": [ 7.6667, 7.6667, 8.0, 9.6667 ] },
								"up": { "texture": "#top1", "uv": [ 7.6667, 7.0, 8.0, 7.3333 ] },
								"down": { "texture": "#top1", "uv": [ 7.6667, 8.0, 8.0, 8.3333 ] }
							},
							"children": [
								{
									"name": "Cube24",
									"from": [ -0.01, -2.0, 0.2 ], 
									"to": [ 0.09, 0.0, 0.5 ], 
									"rotationOrigin": [ -0.01, -2.0, 0.2 ],
									"faces": {
										"north": { "texture": "#top1", "uv": [ 4.6667, 7.3333, 5.0, 9.3333 ] },
										"east": { "texture": "#top1", "uv": [ 7.6667, 7.0, 8.0, 9.0 ] },
										"south": { "texture": "#top1", "uv": [ 7.6667, 7.3333, 8.0, 9.3333 ] },
										"west": { "texture": "#top1", "uv": [ 7.6667, 7.6667, 8.0, 9.6667 ] },
										"up": { "texture": "#top1", "uv": [ 7.6667, 7.0, 8.0, 7.3333 ] },
										"down": { "texture": "#top1", "uv": [ 7.6667, 8.0, 8.0, 8.3333 ] }
									},
									"children": [
										{
											"name": "Cube25",
											"from": [ 0.01, -1.7, 0.2 ], 
											"to": [ 0.09, 0.3, 0.5 ], 
											"rotationOrigin": [ 0.0, -2.0, 0.5 ],
											"faces": {
												"north": { "texture": "#top1", "uv": [ 4.6667, 7.3333, 5.0, 9.3333 ] },
												"east": { "texture": "#top1", "uv": [ 7.6667, 7.0, 8.0, 9.0 ] },
												"south": { "texture": "#top1", "uv": [ 7.6667, 7.3333, 8.0, 9.3333 ] },
												"west": { "texture": "#top1", "uv": [ 7.6667, 7.6667, 8.0, 9.6667 ] },
												"up": { "texture": "#top1", "uv": [ 7.6667, 7.0, 8.0, 7.3333 ] },
												"down": { "texture": "#top1", "uv": [ 7.6667, 8.0, 8.0, 8.3333 ] }
											},
											"children": [
												{
													"name": "Cube26",
													"from": [ -0.01, -1.5, 1.6 ], 
													"to": [ 0.09, 0.5, 1.9 ], 
													"rotationOrigin": [ -0.01, -1.3, 1.4 ],
													"rotationX": -45.0,
													"faces": {
														"north": { "texture": "#top1", "uv": [ 4.6667, 7.3333, 5.0, 9.3333 ] },
														"east": { "texture": "#top1", "uv": [ 7.6667, 7.0, 8.0, 9.0 ] },
														"south": { "texture": "#top1", "uv": [ 7.6667, 7.3333, 8.0, 9.3333 ] },
														"west": { "texture": "#top1", "uv": [ 7.6667, 7.6667, 8.0, 9.6667 ] },
														"up": { "texture": "#top1", "uv": [ 7.6667, 7.0, 8.0, 7.3333 ] },
														"down": { "texture": "#top1", "uv": [ 7.6667, 8.0, 8.0, 8.3333 ] }
													}
												}
											]
										}
									]
								},
								{
									"name": "bulb27",
									"from": [ -0.5, 2.0, -0.35 ], 
									"to": [ 0.5, 3.5, 0.65 ], 
									"rotationOrigin": [ 0.0, 2.0, 0.0 ],
									"faces": {
										"north": { "texture": "#top1", "uv": [ 8.3333, 7.0, 9.0, 8.3333 ], "glow": 1600, "autoUv": false },
										"east": { "texture": "#top1", "uv": [ 8.3333, 7.0, 9.0, 8.3333 ], "glow": 1600, "autoUv": false },
										"south": { "texture": "#top1", "uv": [ 8.3333, 7.3333, 9.0, 8.6667 ], "glow": 1600, "autoUv": false },
										"west": { "texture": "#top1", "uv": [ 8.3333, 7.0, 9.0, 8.3333 ], "glow": 1600, "autoUv": false },
										"up": { "texture": "#top1", "uv": [ 8.3333, 7.3333, 9.0, 8.3333 ], "glow": 1600, "autoUv": false },
										"down": { "texture": "#top1", "uv": [ 8.3333, 7.0, 9.0, 8.0 ], "glow": 1600, "autoUv": false }
									},
									"children": [
										{
											"name": "Cube28",
											"from": [ 0.1, -0.2, 0.2 ], 
											"to": [ 0.9, 1.9, 0.8 ], 
											"rotationOrigin": [ 0.5, -1.0, 0.35 ],
											"faces": {
												"north": { "texture": "#top1", "uv": [ 8.3333, 7.0, 9.0, 8.3333 ], "glow": 1600, "autoUv": false },
												"east": { "texture": "#top1", "uv": [ 8.3333, 7.0, 9.0, 8.3333 ], "glow": 1600, "autoUv": false },
												"south": { "texture": "#top1", "uv": [ 8.3333, 7.3333, 9.0, 8.6667 ], "glow": 1600, "autoUv": false },
												"west": { "texture": "#top1", "uv": [ 8.3333, 7.0, 9.0, 8.3333 ], "glow": 1600, "autoUv": false },
												"up": { "texture": "#top1", "uv": [ 8.3333, 7.3333, 9.0, 8.3333 ], "glow": 1600, "autoUv": false },
												"down": { "texture": "#top1", "uv": [ 8.3333, 7.0, 9.0, 8.0 ], "glow": 1600, "autoUv": false }
											}
										}
									]
								},
								{
									"name": "Cube29",
									"from": [ 0.0, -3.0, 0.0 ], 
									"to": [ 0.0, -2.0, 1.0 ], 
									"rotationOrigin": [ 0.0, -3.0, 0.5 ],
									"rotationZ": -22.5,
									"faces": {
										"north": { "texture": "#top1", "uv": [ 5.0, 1.3333, 5.3333, 2.3333 ] },
										"east": { "texture": "#top1", "uv": [ 5.0, 2.0, 6.0, 3.0 ] },
										"south": { "texture": "#top1", "uv": [ 4.6667, 2.6667, 5.0, 3.6667 ] },
										"west": { "texture": "#top1", "uv": [ 5.0, 2.0, 6.0, 3.0 ] },
										"up": { "texture": "#top1", "uv": [ 5.0, 2.3333, 5.3333, 3.3333 ] },
										"down": { "texture": "#top1", "uv": [ 5.0, 3.6667, 5.3333, 4.6667 ] }
									}
								},
								{
									"name": "Cube30",
									"from": [ 0.0, -2.0, 0.0 ], 
									"to": [ 0.0, -1.0, 1.0 ], 
									"rotationOrigin": [ 0.0, -2.0, 0.5 ],
									"rotationZ": 22.5,
									"faces": {
										"north": { "texture": "#top1", "uv": [ 5.0, 1.3333, 5.3333, 2.3333 ] },
										"east": { "texture": "#top1", "uv": [ 5.0, 2.0, 6.0, 3.0 ] },
										"south": { "texture": "#top1", "uv": [ 4.6667, 2.6667, 5.0, 3.6667 ] },
										"west": { "texture": "#top1", "uv": [ 5.0, 2.0, 6.0, 3.0 ] },
										"up": { "texture": "#top1", "uv": [ 5.0, 2.3333, 5.3333, 3.3333 ] },
										"down": { "texture": "#top1", "uv": [ 5.0, 3.6667, 5.3333, 4.6667 ] }
									}
								},
								{
									"name": "Cube31",
									"from": [ 0.0, 0.0, 0.0 ], 
									"to": [ 0.0, 1.0, 1.0 ], 
									"rotationOrigin": [ 0.0, 0.0, 0.5 ],
									"rotationY": -45.0,
									"rotationZ": -22.5,
									"faces": {
										"north": { "texture": "#top1", "uv": [ 5.0, 1.3333, 5.3333, 2.3333 ] },
										"east": { "texture": "#top1", "uv": [ 5.0, 2.0, 6.0, 3.0 ] },
										"south": { "texture": "#top1", "uv": [ 4.6667, 2.6667, 5.0, 3.6667 ] },
										"west": { "texture": "#top1", "uv": [ 5.0, 2.0, 6.0, 3.0 ] },
										"up": { "texture": "#top1", "uv": [ 5.0, 2.3333, 5.3333, 3.3333 ] },
										"down": { "texture": "#top1", "uv": [ 5.0, 3.6667, 5.3333, 4.6667 ] }
									}
								},
								{
									"name": "Cube32",
									"from": [ 0.6, 1.0, -1.0 ], 
									"to": [ 0.6, 2.0, 0.0 ], 
									"rotationOrigin": [ 0.0, 1.0, -0.5 ],
									"rotationY": -90.0,
									"rotationZ": 35.0,
									"faces": {
										"north": { "texture": "#top1", "uv": [ 5.0, 1.3333, 5.3333, 2.3333 ] },
										"east": { "texture": "#top1", "uv": [ 5.0, 2.0, 6.0, 3.0 ] },
										"south": { "texture": "#top1", "uv": [ 4.6667, 2.6667, 5.0, 3.6667 ] },
										"west": { "texture": "#top1", "uv": [ 5.0, 2.0, 6.0, 3.0 ] },
										"up": { "texture": "#top1", "uv": [ 5.0, 2.3333, 5.3333, 3.3333 ] },
										"down": { "texture": "#top1", "uv": [ 5.0, 3.6667, 5.3333, 4.6667 ] }
									}
								}
							]
						}
					]
				}
			]
		}
	]}