[
  {
      "code": "rammed-light-cobalt-plain",
      "sealHours": 4,
      "ingredients": [
        {
          "type": "item",
          "code": "game:dye-blue",
          "litres": 2,
          "consumeLitres": 2,
        },
        {
          "type": "block",
          "code": "game:rammed-light-plain",
          "name": "color",
          "allowedVariants": [
            "russet",
            "chestnut"
          ],
          "quantity": 1
        }
      ],
      "output": {
        "type": "block",
        "code": "rammed-light-cobalt-plain",
        "quantity": 1
      }
  },
  {
      "code": "rammed-light-violet-plain",
      "sealHours": 4,
      "ingredients": [
        {
          "type": "item",
          "code": "game:dye-purple",
          "litres": 2,
          "consumeLitres": 2,
        },
        {
          "type": "block",
          "code": "game:rammed-light-plain",
          "name": "color",
          "allowedVariants": [
            "russet",
            "chestnut"
          ],
          "quantity": 1
        }
      ],
      "output": {
        "type": "block",
        "code": "rammed-light-violet-plain",
        "quantity": 1
      }
  },
  {
      "code": "rammed-light-magenta-plain",
      "sealHours": 4,
      "ingredients": [
        {
          "type": "item",
          "code": "game:dye-magenta",
          "litres": 2,
          "consumeLitres": 2,
        },
        {
          "type": "block",
          "code": "game:rammed-light-plain",
          "name": "color",
          "allowedVariants": [
            "russet",
            "chestnut"
          ],
          "quantity": 1
        }
      ],
      "output": {
        "type": "block",
        "code": "rammed-light-magenta-plain",
        "quantity": 1
      }
  },
  {
      "code": "rammed-light-pink-plain",
      "sealHours": 4,
      "ingredients": [
        {
          "type": "item",
          "code": "game:dye-pink",
          "litres": 2,
          "consumeLitres": 2,
        },
        {
          "type": "block",
          "code": "game:rammed-light-plain",
          "name": "color",
          "allowedVariants": [
            "tan"
          ],
          "quantity": 1
        }
      ],
      "output": {
        "type": "block",
        "code": "rammed-light-pink-plain",
        "quantity": 1
      }
  },
]