[
	{
		"dependsOn": [{"modid": "combatoverhaul"}],
		"file": "cobaltkcp:config/characterclasses.json",
		"op": "addeach",
		"path": "/0/traits/-",
		"value": [
					"bowsProficiency",
					"crossbowsProficiency",
					"firearmsProficiency",
					"spearsProficiency",
					"javelinsProficiency",
					"slingsProficiency"
					]
	},
	{
		"dependsOn": [{"modid": "combatoverhaul"}],
		"file": "cobaltkcp:config/characterclasses.json",
		"op": "addeach",
		"path": "/1/traits/-",
		"value": [
					"oneHandedSwordsProficiency",
					"twoHandedSwordsProficiency",
					"spearsProficiency",
					"macesProficiency",
					"clubsProficiency",
					"halberdsProficiency",
					"axesProficiency",
					"canParryProjectiles"
					]
	}
]