{
  "code": "cartconstruction",
  "maxstacksize": 1,
  "behaviors": [
    {
      "name": "GroundStorable",
      "properties": {
        "layout": "SingleCenter",
        "collisionBox": {
          "x1": 0,
          "y1": 0,
          "z1": 0,
          "x2": 1,
          "y2": 0.125,
          "z2": 1
        }
      }
    }
  ],
  "variantgroups": [
    {
      "code": "stage",
      "states": [ "frame", "unfinished" ]
    },
    {
      "code": "type",
      "states": [ "basiccart", "slimcart", "classicstall", "slantedstall", "openstall", "basicsled" ]
    },
    {
      "code": "wood",
      "states": [ "aged" ],
      "loadFromProperties": "game:block/wood"
    }
  ],
  "skipVariants": [
    "*aged*",
    "*unfinished-basicsled-*"
  ],
  "attributes": {
    "handbook": {
      "groupBy": [ "*-{stage}-{type}-*" ]},
      "noConsumeOnCrafting": false,
      "groundStorageTransform": {
        "translation": {
          "x": 0.2,
          "y": 0,
          "z": 0
        },
        "rotation": {
          "x": 0,
          "y": 5,
          "z": 0
        },
        "origin": {
          "x": 0.45,
          "y": 0,
          "z": 0.5
        },
        "scale": 1.8
      }

    },
    "shape": { "base": "item/construction/{stage}-{type}" },
    "texturesByType": {
      "*": {
        "blackbronze": { "base": "game:block/metal/plate/blackbronze" },
        "iron": { "base": "game:block/metal/plate/iron" },
        "oak-h": { "base": "game:block/wood/bark/{wood}-h" },
        "oak2": { "base": "game:block/wood/debarked/{wood}" },
        "oak": { "base": "game:block/wood/bark/{wood}" },
        "top": { "base": "game:block/wood/echochamber/top" },
        "generic": { "base": "game:block/wood/planks/generic" },
        "mordant": { "base": "game:block/cloth/linen/mordant" },
        "mordant2": { "base": "game:block/cloth/pelt" }
      }
    },
    "creativeinventory": {
      "general": [ "*" ]
    },
    "guiTransform": {
      "translation": {
        "x": 0,
        "y": 0,
        "z": 0
      },
      "rotation": {
        "x": -54,
        "y": -24,
        "z": -180
      },
      "origin": {
        "x": 0.5,
        "y": 0.1,
        "z": 0.5
      },
      "scaleXyz": {
        "x": -1.3,
        "y": 1.3,
        "z": 1.3
      }
    },
    "fpHandTransform": {
      "translation": {
        "x": -0.1,
        "y": 0,
        "z": 0
      },
      "rotation": {
        "x": 3,
        "y": 3,
        "z": 8
      },
      "origin": {
        "x": 0.5,
        "y": 0.02,
        "z": 0.5
      },
      "scale": 1.36
    },
    "groundTransform": {
      "translation": {
        "x": 0,
        "y": 0,
        "z": 0
      },
      "rotation": {
        "x": 0,
        "y": 0,
        "z": 0
      },
      "origin": {
        "x": 0.5,
        "y": -0.02,
        "z": 0.5
      },
      "scale": 1.8
    },
    "tpHandTransform": {
      "translation": {
        "x": -1.3,
        "y": -0.7,
        "z": -1.2
      },
      "rotation": {
        "x": -57,
        "y": -165,
        "z": 92
      },
      "origin": {
        "x": 0.4,
        "y": 0.2,
        "z": 0.4
      }
    }
  }