{
  "ingredientPattern": "_A_,GFG",
  "ingredients": {
    "F": {
      "type": "item",
      "code": "logiccircuit",
      "quantity": 1
    },
    "G": {
      "type": "item",
      "code": "game:metalnailsandstrips-copper",
      "quantity": 1
    },
    "A": {
      "type": "item",
      "code": "toolarcspanner-*",
      "name": "material",
      "allowedVariants": [ "copper", "tinbronze", "bismuthbronze", "blackbronze", "iron", "meteoriciron", "steel" ],
      "isTool": true
    }
  },
  "width": 3,
  "height": 2,
  "output": {
    "type": "item",
    "code": "basicmachinerideableaccessories-ignitionkey",
    "quantity": 1
  }
}