{
  "ingredientPattern": "_A_,NLN,FLF",
  "ingredients": {
    "L": {
      "type": "item",
      "code": "game:cloth-plain",
      "quantity": 2
    },
    "F": {
      "type": "item",
      "code": "frameparts",
      "quantity": 1
    },
    "N": {
      "type": "item",
      "code": "game:metalnailsandstrips-copper",
      "quantity": 2
    },
    "A": {
      "type": "item",
      "code": "toolarcspanner-*",
      "name": "material",
      "allowedVariants": [ "copper", "tinbronze", "bismuthbronze", "blackbronze", "iron", "meteoriciron", "steel" ],
      "isTool": true
    }
  },
  "width": 3,
  "height": 3,
  "output": {
    "type": "item",
    "code": "basicmachinerideableaccessories-ridingseat",
    "quantity": 1
  }
}