{
  "ingredientPattern": "FAF,NLN,FGF",
  "ingredients": {
    "L": {
      "type": "item",
      "code": "logiccircuit",
      "quantity": 16
    },
    "G": {
      "type": "item",
      "code": "game:gear-temporal"
    },
    "F": {
      "type": "item",
      "code": "frameparts",
      "quantity": 4
    },
    "N": {
      "type": "item",
      "code": "game:metalnailsandstrips-steel",
      "quantity": 4
    },
    "A": {
      "type": "item",
      "code": "toolarcspanner-*",
      "name": "material",
      "allowedVariants": [ "copper", "tinbronze", "bismuthbronze", "blackbronze", "iron", "meteoriciron", "steel" ],
      "isTool": true
    }
  },
  "width": 3,
  "height": 3,
  "output": {
    "type": "item",
    "code": "basicmachinerideableaccessories-speedadapter-basic",
    "quantity": 1
  }
}