{
  "ingredientPattern": "_A_,NCN,LGL",
  "ingredients": {
    "L": {
      "type": "item",
      "code": "logiccircuit",
      "quantity": 4
    },
    "G": {
      "type": "item",
      "code": "game:gear-temporal"
    },
    "C": {
      "type": "item",
      "code": "basicmachinerideableaccessories-storagecontainer-advanced",
      "quantity": 1
    },
    "N": {
      "type": "item",
      "code": "game:metalnailsandstrips-steel",
      "quantity": 2
    },
    "A": {
      "type": "item",
      "code": "toolarcspanner-*",
      "name": "material",
      "allowedVariants": [ "copper", "tinbronze", "bismuthbronze", "blackbronze", "iron", "meteoriciron", "steel" ],
      "isTool": true
    }
  },
  "width": 3,
  "height": 3,
  "output": {
    "type": "item",
    "code": "basicmachinerideableaccessories-storagecontainer-mastercraft",
    "quantity": 1
  }
}