{
	"editor": {
		"backDropShape": "C:/Users/Cal/AppData/Roaming/VintagestoryData/Mods/koboldplayerrdx_1.0.21/assets/koboldrdx/shapes/entity/humanoid/kobold-faceless",
		"collapsedPaths": "Root/Boot Base L/Boot Top L/Fringe Lri23,Root/Boot Base L,Root/Boot Base L/Knot L,Root/Boot Base R/Boot Top R/Fringe Rr2,Root/Boot Base L/Boot Top L/Fringe Lle,Root/Boot Base L/Boot Top L/Fringe LW 1,Root/Boot Base R/Boot Center R,Root/Boot Base R/Boot Top R/Fringe R,Root/Boot Base R/Knot R,Root/Boot Base R/Boot Top R/Fringe RW 1,Root/Boot Base R/Boot Top B,Root/Boot Base L/Boot Top L/Fringe Lf17,Root/Boot Base R/Boot Top R/Fringe Rr,Root/Boot Base R/Boot Top L,Root/Boot Base R,Root/Boot Base R/Boot Center L,Root/Boot Base L/Boot Top L/Fringe LE 1",
		"allAngles": true,
		"entityTextureMode": true
	},
	"textureWidth": 16,
	"textureHeight": 16,
	"textureSizes": {
		"Mukluks 2": [20,20],
		"mukluks": [20,20]
	},
	"textures": {
		"mukluks": "item/mukluks"
	},
	"elements": [
		{
			"name": "Boot Base R",
			"stepParentName": "PawR",
			"from": [ -0.3, 1.3, -0.2 ],
			"to": [ 3.1, 5.0, 3.0 ],
			"uv": [ 0.0, 3.5 ],
			"rotationOrigin": [ -0.3, 1.3, -0.2 ],
			"faces": {
				"north": { "texture": "#mukluks", "uv": [ 0.0, 6.5, 3.0, 10.0 ] },
				"east": { "texture": "#mukluks", "uv": [ 3.0, 6.5, 6.0, 10.0 ] },
				"south": { "texture": "#mukluks", "uv": [ 6.0, 6.5, 9.0, 10.0 ] },
				"west": { "texture": "#mukluks", "uv": [ 9.0, 6.5, 12.0, 10.0 ], "windMode": [-1,-1,-1,-1] },
				"up": { "texture": "#mukluks", "uv": [ 0.0, 3.5, 3.0, 6.5 ] },
				"down": { "texture": "#mukluks", "uv": [ 3.0, 3.5, 6.0, 6.5 ] }
			},
			"children": [
				{
					"name": "Boot Top R",
					"from": [ -0.05, 3.6, -0.05 ],
					"to": [ 3.45, 4.1, 3.25 ],
					"uv": [ 0.0, 0.0 ],
					"rotationOrigin": [ 0.0, 3.6, -0.1 ],
					"faces": {
						"north": { "texture": "#mukluks", "uv": [ 0.0, 3.0, 3.5, 3.5 ] },
						"east": { "texture": "#mukluks", "uv": [ 3.5, 3.0, 6.5, 3.5 ] },
						"south": { "texture": "#mukluks", "uv": [ 6.5, 3.0, 10.0, 3.5 ] },
						"west": { "texture": "#mukluks", "uv": [ 10.0, 3.0, 13.0, 3.5 ] },
						"up": { "texture": "#mukluks", "uv": [ 0.0, 0.0, 3.5, 3.0 ] },
						"down": { "texture": "#mukluks", "uv": [ 3.5, 0.0, 7.0, 3.0 ] }
					},
					"children": [
						{
							"name": "Fringe RW 1",
							"from": [ 0.0, -0.8, 0.15 ],
							"to": [ 0.01, 0.0, 0.35 ],
							"uv": [ 16.0, 1.5 ],
							"rotationOrigin": [ 0.0, -0.8, 0.1 ],
							"faces": {
								"north": { "texture": "#mukluks", "uv": [ 16.0, 2.0, 16.5, 2.5 ] },
								"east": { "texture": "#mukluks", "uv": [ 16.5, 2.0, 17.0, 2.5 ] },
								"south": { "texture": "#mukluks", "uv": [ 17.0, 2.0, 17.5, 2.5 ] },
								"west": { "texture": "#mukluks", "uv": [ 17.5, 2.0, 18.0, 2.5 ] },
								"up": { "texture": "#mukluks", "uv": [ 16.0, 1.5, 16.5, 2.0 ] },
								"down": { "texture": "#mukluks", "uv": [ 16.5, 1.5, 17.0, 2.0 ] }
							},
							"children": [
								{
									"name": "Fringe RW 2",
									"from": [ 0.0, 0.0, 0.4 ],
									"to": [ 0.01, 0.8, 0.6 ],
									"uv": [ 16.0, 0.5 ],
									"rotationOrigin": [ 0.0, 0.0, 0.4 ],
									"faces": {
										"north": { "texture": "#mukluks", "uv": [ 16.0, 1.0, 16.5, 1.5 ] },
										"east": { "texture": "#mukluks", "uv": [ 16.5, 1.0, 17.0, 1.5 ] },
										"south": { "texture": "#mukluks", "uv": [ 17.0, 1.0, 17.5, 1.5 ] },
										"west": { "texture": "#mukluks", "uv": [ 17.5, 1.0, 18.0, 1.5 ] },
										"up": { "texture": "#mukluks", "uv": [ 16.0, 0.5, 16.5, 1.0 ] },
										"down": { "texture": "#mukluks", "uv": [ 16.5, 0.5, 17.0, 1.0 ] }
									}
								},
								{
									"name": "Fringe RW 3",
									"from": [ 0.0, 0.0, 0.8 ],
									"to": [ 0.01, 0.8, 1.0 ],
									"uv": [ 16.0, 1.0 ],
									"rotationOrigin": [ 0.0, 0.0, 0.8 ],
									"faces": {
										"north": { "texture": "#mukluks", "uv": [ 16.0, 1.5, 16.5, 2.0 ] },
										"east": { "texture": "#mukluks", "uv": [ 16.5, 1.5, 17.0, 2.0 ] },
										"south": { "texture": "#mukluks", "uv": [ 17.0, 1.5, 17.5, 2.0 ] },
										"west": { "texture": "#mukluks", "uv": [ 17.5, 1.5, 18.0, 2.0 ] },
										"up": { "texture": "#mukluks", "uv": [ 16.0, 1.0, 16.5, 1.5 ] },
										"down": { "texture": "#mukluks", "uv": [ 16.5, 1.0, 17.0, 1.5 ] }
									}
								},
								{
									"name": "Fringe RW 4",
									"from": [ 0.0, 0.0, 1.2 ],
									"to": [ 0.01, 0.8, 1.4 ],
									"uv": [ 18.0, 0.0 ],
									"rotationOrigin": [ 0.0, 0.0, 1.2 ],
									"faces": {
										"north": { "texture": "#mukluks", "uv": [ 18.0, 0.5, 18.5, 1.0 ] },
										"east": { "texture": "#mukluks", "uv": [ 18.5, 0.5, 19.0, 1.0 ] },
										"south": { "texture": "#mukluks", "uv": [ 19.0, 0.5, 19.5, 1.0 ] },
										"west": { "texture": "#mukluks", "uv": [ 19.5, 0.5, 20.0, 1.0 ] },
										"up": { "texture": "#mukluks", "uv": [ 18.0, 0.0, 18.5, 0.5 ] },
										"down": { "texture": "#mukluks", "uv": [ 18.5, 0.0, 19.0, 0.5 ] }
									}
								},
								{
									"name": "Fringe RW 5",
									"from": [ 0.0, 0.0, 1.6 ],
									"to": [ 0.01, 0.8, 1.8 ],
									"uv": [ 18.0, 0.5 ],
									"rotationOrigin": [ 0.0, 0.0, 1.6 ],
									"faces": {
										"north": { "texture": "#mukluks", "uv": [ 18.0, 1.0, 18.5, 1.5 ] },
										"east": { "texture": "#mukluks", "uv": [ 18.5, 1.0, 19.0, 1.5 ] },
										"south": { "texture": "#mukluks", "uv": [ 19.0, 1.0, 19.5, 1.5 ] },
										"west": { "texture": "#mukluks", "uv": [ 19.5, 1.0, 20.0, 1.5 ] },
										"up": { "texture": "#mukluks", "uv": [ 18.0, 0.5, 18.5, 1.0 ] },
										"down": { "texture": "#mukluks", "uv": [ 18.5, 0.5, 19.0, 1.0 ] }
									}
								},
								{
									"name": "Fringe RW 6",
									"from": [ 0.0, 0.0, 2.0 ],
									"to": [ 0.01, 0.8, 2.2 ],
									"uv": [ 18.0, 1.0 ],
									"rotationOrigin": [ 0.0, 0.0, 2.0 ],
									"faces": {
										"north": { "texture": "#mukluks", "uv": [ 18.0, 1.5, 18.5, 2.0 ] },
										"east": { "texture": "#mukluks", "uv": [ 18.5, 1.5, 19.0, 2.0 ] },
										"south": { "texture": "#mukluks", "uv": [ 19.0, 1.5, 19.5, 2.0 ] },
										"west": { "texture": "#mukluks", "uv": [ 19.5, 1.5, 20.0, 2.0 ] },
										"up": { "texture": "#mukluks", "uv": [ 18.0, 1.0, 18.5, 1.5 ] },
										"down": { "texture": "#mukluks", "uv": [ 18.5, 1.0, 19.0, 1.5 ] }
									}
								},
								{
									"name": "Fringe RW 7",
									"from": [ 0.0, 0.0, 2.4 ],
									"to": [ 0.01, 0.8, 2.6 ],
									"uv": [ 18.0, 1.5 ],
									"rotationOrigin": [ 0.0, 0.0, 2.4 ],
									"faces": {
										"north": { "texture": "#mukluks", "uv": [ 18.0, 2.0, 18.5, 2.5 ] },
										"east": { "texture": "#mukluks", "uv": [ 18.5, 2.0, 19.0, 2.5 ] },
										"south": { "texture": "#mukluks", "uv": [ 19.0, 2.0, 19.5, 2.5 ] },
										"west": { "texture": "#mukluks", "uv": [ 19.5, 2.0, 20.0, 2.5 ] },
										"up": { "texture": "#mukluks", "uv": [ 18.0, 1.5, 18.5, 2.0 ] },
										"down": { "texture": "#mukluks", "uv": [ 18.5, 1.5, 19.0, 2.0 ] }
									}
								},
								{
									"name": "Fringe RW 8",
									"from": [ 0.0, 0.0, 2.8 ],
									"to": [ 0.01, 0.8, 3.0 ],
									"uv": [ 18.0, 2.0 ],
									"rotationOrigin": [ 0.0, 0.0, 2.8 ],
									"faces": {
										"north": { "texture": "#mukluks", "uv": [ 18.0, 2.5, 18.5, 3.0 ] },
										"east": { "texture": "#mukluks", "uv": [ 18.5, 2.5, 19.0, 3.0 ] },
										"south": { "texture": "#mukluks", "uv": [ 19.0, 2.5, 19.5, 3.0 ] },
										"west": { "texture": "#mukluks", "uv": [ 19.5, 2.5, 20.0, 3.0 ] },
										"up": { "texture": "#mukluks", "uv": [ 18.0, 2.0, 18.5, 2.5 ] },
										"down": { "texture": "#mukluks", "uv": [ 18.5, 2.0, 19.0, 2.5 ] }
									}
								}
							]
						},
						{
							"name": "Fringe RE 1",
							"from": [ 3.49, -0.8, 2.95 ],
							"to": [ 3.5, 0.0, 3.15 ],
							"uv": [ 18.0, 2.5 ],
							"rotationOrigin": [ 3.4, -0.8, 2.95 ],
							"faces": {
								"north": { "texture": "#mukluks", "uv": [ 18.0, 3.0, 18.5, 3.5 ] },
								"east": { "texture": "#mukluks", "uv": [ 18.5, 3.0, 19.0, 3.5 ] },
								"south": { "texture": "#mukluks", "uv": [ 19.0, 3.0, 19.5, 3.5 ] },
								"west": { "texture": "#mukluks", "uv": [ 19.5, 3.0, 20.0, 3.5 ] },
								"up": { "texture": "#mukluks", "uv": [ 18.0, 2.5, 18.5, 3.0 ] },
								"down": { "texture": "#mukluks", "uv": [ 18.5, 2.5, 19.0, 3.0 ] }
							},
							"children": [
								{
									"name": "Fringe RE 2",
									"from": [ 0.0, 0.0, -0.4 ],
									"to": [ 0.01, 0.8, -0.2 ],
									"uv": [ 18.0, 3.0 ],
									"rotationOrigin": [ -0.09, 0.0, -0.4 ],
									"faces": {
										"north": { "texture": "#mukluks", "uv": [ 18.0, 3.5, 18.5, 4.0 ] },
										"east": { "texture": "#mukluks", "uv": [ 18.5, 3.5, 19.0, 4.0 ] },
										"south": { "texture": "#mukluks", "uv": [ 19.0, 3.5, 19.5, 4.0 ] },
										"west": { "texture": "#mukluks", "uv": [ 19.5, 3.5, 20.0, 4.0 ] },
										"up": { "texture": "#mukluks", "uv": [ 18.0, 3.0, 18.5, 3.5 ] },
										"down": { "texture": "#mukluks", "uv": [ 18.5, 3.0, 19.0, 3.5 ] }
									}
								},
								{
									"name": "Fringe RE 3",
									"from": [ 0.0, 0.0, -0.8 ],
									"to": [ 0.01, 0.8, -0.6 ],
									"uv": [ 17.0, 3.0 ],
									"rotationOrigin": [ -0.09, 0.0, -0.8 ],
									"faces": {
										"north": { "texture": "#mukluks", "uv": [ 17.0, 3.5, 17.5, 4.0 ] },
										"east": { "texture": "#mukluks", "uv": [ 17.5, 3.5, 18.0, 4.0 ] },
										"south": { "texture": "#mukluks", "uv": [ 18.0, 3.5, 18.5, 4.0 ] },
										"west": { "texture": "#mukluks", "uv": [ 18.5, 3.5, 19.0, 4.0 ] },
										"up": { "texture": "#mukluks", "uv": [ 17.0, 3.0, 17.5, 3.5 ] },
										"down": { "texture": "#mukluks", "uv": [ 17.5, 3.0, 18.0, 3.5 ] }
									}
								},
								{
									"name": "Fringe RE 4",
									"from": [ 0.0, 0.0, -1.2 ],
									"to": [ 0.01, 0.8, -1.0 ],
									"uv": [ 17.0, 2.5 ],
									"rotationOrigin": [ -0.09, 0.0, -1.2 ],
									"faces": {
										"north": { "texture": "#mukluks", "uv": [ 17.0, 3.0, 17.5, 3.5 ] },
										"east": { "texture": "#mukluks", "uv": [ 17.5, 3.0, 18.0, 3.5 ] },
										"south": { "texture": "#mukluks", "uv": [ 18.0, 3.0, 18.5, 3.5 ] },
										"west": { "texture": "#mukluks", "uv": [ 18.5, 3.0, 19.0, 3.5 ] },
										"up": { "texture": "#mukluks", "uv": [ 17.0, 2.5, 17.5, 3.0 ] },
										"down": { "texture": "#mukluks", "uv": [ 17.5, 2.5, 18.0, 3.0 ] }
									}
								},
								{
									"name": "Fringe RE 5",
									"from": [ 0.0, 0.0, -1.6 ],
									"to": [ 0.01, 0.8, -1.4 ],
									"uv": [ 17.0, 2.0 ],
									"rotationOrigin": [ -0.09, 0.0, -1.6 ],
									"faces": {
										"north": { "texture": "#mukluks", "uv": [ 17.0, 2.5, 17.5, 3.0 ] },
										"east": { "texture": "#mukluks", "uv": [ 17.5, 2.5, 18.0, 3.0 ] },
										"south": { "texture": "#mukluks", "uv": [ 18.0, 2.5, 18.5, 3.0 ] },
										"west": { "texture": "#mukluks", "uv": [ 18.5, 2.5, 19.0, 3.0 ] },
										"up": { "texture": "#mukluks", "uv": [ 17.0, 2.0, 17.5, 2.5 ] },
										"down": { "texture": "#mukluks", "uv": [ 17.5, 2.0, 18.0, 2.5 ] }
									}
								},
								{
									"name": "Fringe RE 6",
									"from": [ 0.0, 0.0, -2.0 ],
									"to": [ 0.01, 0.8, -1.8 ],
									"uv": [ 17.0, 1.5 ],
									"rotationOrigin": [ -0.09, 0.0, -2.0 ],
									"faces": {
										"north": { "texture": "#mukluks", "uv": [ 17.0, 2.0, 17.5, 2.5 ] },
										"east": { "texture": "#mukluks", "uv": [ 17.5, 2.0, 18.0, 2.5 ] },
										"south": { "texture": "#mukluks", "uv": [ 18.0, 2.0, 18.5, 2.5 ] },
										"west": { "texture": "#mukluks", "uv": [ 18.5, 2.0, 19.0, 2.5 ] },
										"up": { "texture": "#mukluks", "uv": [ 17.0, 1.5, 17.5, 2.0 ] },
										"down": { "texture": "#mukluks", "uv": [ 17.5, 1.5, 18.0, 2.0 ] }
									}
								},
								{
									"name": "Fringe RE 7",
									"from": [ 0.0, 0.0, -2.4 ],
									"to": [ 0.01, 0.8, -2.2 ],
									"uv": [ 17.0, 1.0 ],
									"rotationOrigin": [ -0.09, 0.0, -2.4 ],
									"faces": {
										"north": { "texture": "#mukluks", "uv": [ 17.0, 1.5, 17.5, 2.0 ] },
										"east": { "texture": "#mukluks", "uv": [ 17.5, 1.5, 18.0, 2.0 ] },
										"south": { "texture": "#mukluks", "uv": [ 18.0, 1.5, 18.5, 2.0 ] },
										"west": { "texture": "#mukluks", "uv": [ 18.5, 1.5, 19.0, 2.0 ] },
										"up": { "texture": "#mukluks", "uv": [ 17.0, 1.0, 17.5, 1.5 ] },
										"down": { "texture": "#mukluks", "uv": [ 17.5, 1.0, 18.0, 1.5 ] }
									}
								},
								{
									"name": "Fringe RE 8",
									"from": [ 0.0, 0.0, -2.8 ],
									"to": [ 0.01, 0.8, -2.6 ],
									"uv": [ 17.0, 0.5 ],
									"rotationOrigin": [ -0.09, 0.0, -2.8 ],
									"faces": {
										"north": { "texture": "#mukluks", "uv": [ 17.0, 1.0, 17.5, 1.5 ] },
										"east": { "texture": "#mukluks", "uv": [ 17.5, 1.0, 18.0, 1.5 ] },
										"south": { "texture": "#mukluks", "uv": [ 18.0, 1.0, 18.5, 1.5 ] },
										"west": { "texture": "#mukluks", "uv": [ 18.5, 1.0, 19.0, 1.5 ] },
										"up": { "texture": "#mukluks", "uv": [ 17.0, 0.5, 17.5, 1.0 ] },
										"down": { "texture": "#mukluks", "uv": [ 17.5, 0.5, 18.0, 1.0 ] }
									}
								}
							]
						},
						{
							"name": "Fringe RN 1",
							"from": [ 0.1, -0.8, 0.0 ],
							"to": [ 0.3, 0.0, 0.01 ],
							"uv": [ 17.0, 0.0 ],
							"rotationOrigin": [ 0.1, -0.8, 0.0 ],
							"faces": {
								"north": { "texture": "#mukluks", "uv": [ 17.0, 0.5, 17.5, 1.0 ] },
								"east": { "texture": "#mukluks", "uv": [ 17.5, 0.5, 18.0, 1.0 ] },
								"south": { "texture": "#mukluks", "uv": [ 18.0, 0.5, 18.5, 1.0 ] },
								"west": { "texture": "#mukluks", "uv": [ 18.5, 0.5, 19.0, 1.0 ] },
								"up": { "texture": "#mukluks", "uv": [ 17.0, 0.0, 17.5, 0.5 ] },
								"down": { "texture": "#mukluks", "uv": [ 17.5, 0.0, 18.0, 0.5 ] }
							},
							"children": [
								{
									"name": "Fringe RN 2",
									"from": [ 0.4, 0.0, 0.0 ],
									"to": [ 0.6, 0.8, 0.01 ],
									"uv": [ 16.0, 0.0 ],
									"rotationOrigin": [ 0.4, 0.0, 0.0 ],
									"faces": {
										"north": { "texture": "#mukluks", "uv": [ 16.0, 0.5, 16.5, 1.0 ] },
										"east": { "texture": "#mukluks", "uv": [ 16.5, 0.5, 17.0, 1.0 ] },
										"south": { "texture": "#mukluks", "uv": [ 17.0, 0.5, 17.5, 1.0 ] },
										"west": { "texture": "#mukluks", "uv": [ 17.5, 0.5, 18.0, 1.0 ] },
										"up": { "texture": "#mukluks", "uv": [ 16.0, 0.0, 16.5, 0.5 ] },
										"down": { "texture": "#mukluks", "uv": [ 16.5, 0.0, 17.0, 0.5 ] }
									}
								},
								{
									"name": "Fringe RN 3",
									"from": [ 0.8, 0.0, 0.0 ],
									"to": [ 1.0, 0.8, 0.01 ],
									"uv": [ 16.0, 2.0 ],
									"rotationOrigin": [ 0.8, 0.0, 0.0 ],
									"faces": {
										"north": { "texture": "#mukluks", "uv": [ 16.0, 2.5, 16.5, 3.0 ] },
										"east": { "texture": "#mukluks", "uv": [ 16.5, 2.5, 17.0, 3.0 ] },
										"south": { "texture": "#mukluks", "uv": [ 17.0, 2.5, 17.5, 3.0 ] },
										"west": { "texture": "#mukluks", "uv": [ 17.5, 2.5, 18.0, 3.0 ] },
										"up": { "texture": "#mukluks", "uv": [ 16.0, 2.0, 16.5, 2.5 ] },
										"down": { "texture": "#mukluks", "uv": [ 16.5, 2.0, 17.0, 2.5 ] }
									}
								},
								{
									"name": "Fringe RN 4",
									"from": [ 1.2, 0.0, 0.0 ],
									"to": [ 1.4, 0.8, 0.01 ],
									"uv": [ 16.0, 2.5 ],
									"rotationOrigin": [ 1.2, 0.0, 0.0 ],
									"faces": {
										"north": { "texture": "#mukluks", "uv": [ 16.0, 3.0, 16.5, 3.5 ] },
										"east": { "texture": "#mukluks", "uv": [ 16.5, 3.0, 17.0, 3.5 ] },
										"south": { "texture": "#mukluks", "uv": [ 17.0, 3.0, 17.5, 3.5 ] },
										"west": { "texture": "#mukluks", "uv": [ 17.5, 3.0, 18.0, 3.5 ] },
										"up": { "texture": "#mukluks", "uv": [ 16.0, 2.5, 16.5, 3.0 ] },
										"down": { "texture": "#mukluks", "uv": [ 16.5, 2.5, 17.0, 3.0 ] }
									}
								},
								{
									"name": "Fringe RN 5",
									"from": [ 1.6, 0.0, 0.0 ],
									"to": [ 1.8, 0.8, 0.01 ],
									"uv": [ 16.0, 3.0 ],
									"rotationOrigin": [ 1.6, 0.0, 0.0 ],
									"faces": {
										"north": { "texture": "#mukluks", "uv": [ 16.0, 3.5, 16.5, 4.0 ] },
										"east": { "texture": "#mukluks", "uv": [ 16.5, 3.5, 17.0, 4.0 ] },
										"south": { "texture": "#mukluks", "uv": [ 17.0, 3.5, 17.5, 4.0 ] },
										"west": { "texture": "#mukluks", "uv": [ 17.5, 3.5, 18.0, 4.0 ] },
										"up": { "texture": "#mukluks", "uv": [ 16.0, 3.0, 16.5, 3.5 ] },
										"down": { "texture": "#mukluks", "uv": [ 16.5, 3.0, 17.0, 3.5 ] }
									}
								},
								{
									"name": "Fringe RN 6",
									"from": [ 2.0, 0.0, 0.0 ],
									"to": [ 2.2, 0.8, 0.01 ],
									"uv": [ 15.0, 0.0 ],
									"rotationOrigin": [ 2.0, 0.0, 0.0 ],
									"faces": {
										"north": { "texture": "#mukluks", "uv": [ 15.0, 0.5, 15.5, 1.0 ] },
										"east": { "texture": "#mukluks", "uv": [ 15.5, 0.5, 16.0, 1.0 ] },
										"south": { "texture": "#mukluks", "uv": [ 16.0, 0.5, 16.5, 1.0 ] },
										"west": { "texture": "#mukluks", "uv": [ 16.5, 0.5, 17.0, 1.0 ] },
										"up": { "texture": "#mukluks", "uv": [ 15.0, 0.0, 15.5, 0.5 ] },
										"down": { "texture": "#mukluks", "uv": [ 15.5, 0.0, 16.0, 0.5 ] }
									}
								},
								{
									"name": "Fringe RN 7",
									"from": [ 2.4, 0.0, 0.0 ],
									"to": [ 2.6, 0.8, 0.01 ],
									"uv": [ 15.0, 0.5 ],
									"rotationOrigin": [ 2.4, 0.0, 0.0 ],
									"faces": {
										"north": { "texture": "#mukluks", "uv": [ 15.0, 1.0, 15.5, 1.5 ] },
										"east": { "texture": "#mukluks", "uv": [ 15.5, 1.0, 16.0, 1.5 ] },
										"south": { "texture": "#mukluks", "uv": [ 16.0, 1.0, 16.5, 1.5 ] },
										"west": { "texture": "#mukluks", "uv": [ 16.5, 1.0, 17.0, 1.5 ] },
										"up": { "texture": "#mukluks", "uv": [ 15.0, 0.5, 15.5, 1.0 ] },
										"down": { "texture": "#mukluks", "uv": [ 15.5, 0.5, 16.0, 1.0 ] }
									}
								},
								{
									"name": "Fringe RN 8",
									"from": [ 2.8, 0.0, 0.0 ],
									"to": [ 3.0, 0.8, 0.01 ],
									"uv": [ 15.0, 1.0 ],
									"rotationOrigin": [ 2.8, 0.0, 0.0 ],
									"faces": {
										"north": { "texture": "#mukluks", "uv": [ 15.0, 1.5, 15.5, 2.0 ] },
										"east": { "texture": "#mukluks", "uv": [ 15.5, 1.5, 16.0, 2.0 ] },
										"south": { "texture": "#mukluks", "uv": [ 16.0, 1.5, 16.5, 2.0 ] },
										"west": { "texture": "#mukluks", "uv": [ 16.5, 1.5, 17.0, 2.0 ] },
										"up": { "texture": "#mukluks", "uv": [ 15.0, 1.0, 15.5, 1.5 ] },
										"down": { "texture": "#mukluks", "uv": [ 15.5, 1.0, 16.0, 1.5 ] }
									}
								},
								{
									"name": "Fringe RN 9",
									"from": [ 3.2, 0.0, 0.0 ],
									"to": [ 3.4, 0.8, 0.01 ],
									"uv": [ 15.0, 1.5 ],
									"rotationOrigin": [ 3.2, 0.0, 0.0 ],
									"faces": {
										"north": { "texture": "#mukluks", "uv": [ 15.0, 2.0, 15.5, 2.5 ] },
										"east": { "texture": "#mukluks", "uv": [ 15.5, 2.0, 16.0, 2.5 ] },
										"south": { "texture": "#mukluks", "uv": [ 16.0, 2.0, 16.5, 2.5 ] },
										"west": { "texture": "#mukluks", "uv": [ 16.5, 2.0, 17.0, 2.5 ] },
										"up": { "texture": "#mukluks", "uv": [ 15.0, 1.5, 15.5, 2.0 ] },
										"down": { "texture": "#mukluks", "uv": [ 15.5, 1.5, 16.0, 2.0 ] }
									}
								}
							]
						},
						{
							"name": "Fringe RS 1",
							"from": [ 4.1, -0.8, 3.29 ],
							"to": [ 4.1, -0.8, 3.3 ],
							"uv": [ 15.0, 3.0 ],
							"rotationOrigin": [ 4.1, -0.8, 3.3 ],
							"faces": {
								"north": { "texture": "#mukluks", "uv": [ 15.0, 3.5, 15.5, 4.0 ] },
								"east": { "texture": "#mukluks", "uv": [ 15.5, 3.5, 16.0, 4.0 ] },
								"south": { "texture": "#mukluks", "uv": [ 16.0, 3.5, 16.5, 4.0 ] },
								"west": { "texture": "#mukluks", "uv": [ 16.5, 3.5, 17.0, 4.0 ] },
								"up": { "texture": "#mukluks", "uv": [ 15.0, 3.0, 15.5, 3.5 ] },
								"down": { "texture": "#mukluks", "uv": [ 15.5, 3.0, 16.0, 3.5 ] }
							},
							"children": [
								{
									"name": "Fringe RS 3",
									"from": [ -0.8, 0.0, 0.0 ],
									"to": [ -0.6, 0.8, 0.01 ],
									"uv": [ 14.0, 0.5 ],
									"rotationOrigin": [ -0.8, 0.0, 0.01 ],
									"faces": {
										"north": { "texture": "#mukluks", "uv": [ 14.0, 1.0, 14.5, 1.5 ] },
										"east": { "texture": "#mukluks", "uv": [ 14.5, 1.0, 15.0, 1.5 ] },
										"south": { "texture": "#mukluks", "uv": [ 15.0, 1.0, 15.5, 1.5 ] },
										"west": { "texture": "#mukluks", "uv": [ 15.5, 1.0, 16.0, 1.5 ] },
										"up": { "texture": "#mukluks", "uv": [ 14.0, 0.5, 14.5, 1.0 ] },
										"down": { "texture": "#mukluks", "uv": [ 14.5, 0.5, 15.0, 1.0 ] }
									}
								},
								{
									"name": "Fringe RS 4",
									"from": [ -1.2, 0.0, 0.0 ],
									"to": [ -1.0, 0.8, 0.01 ],
									"uv": [ 14.0, 1.0 ],
									"rotationOrigin": [ -1.2, 0.0, 0.01 ],
									"faces": {
										"north": { "texture": "#mukluks", "uv": [ 14.0, 1.5, 14.5, 2.0 ] },
										"east": { "texture": "#mukluks", "uv": [ 14.5, 1.5, 15.0, 2.0 ] },
										"south": { "texture": "#mukluks", "uv": [ 15.0, 1.5, 15.5, 2.0 ] },
										"west": { "texture": "#mukluks", "uv": [ 15.5, 1.5, 16.0, 2.0 ] },
										"up": { "texture": "#mukluks", "uv": [ 14.0, 1.0, 14.5, 1.5 ] },
										"down": { "texture": "#mukluks", "uv": [ 14.5, 1.0, 15.0, 1.5 ] }
									}
								},
								{
									"name": "Fringe RS 5",
									"from": [ -1.6, 0.0, 0.0 ],
									"to": [ -1.4, 0.8, 0.01 ],
									"uv": [ 14.0, 1.5 ],
									"rotationOrigin": [ -1.6, 0.0, 0.01 ],
									"faces": {
										"north": { "texture": "#mukluks", "uv": [ 14.0, 2.0, 14.5, 2.5 ] },
										"east": { "texture": "#mukluks", "uv": [ 14.5, 2.0, 15.0, 2.5 ] },
										"south": { "texture": "#mukluks", "uv": [ 15.0, 2.0, 15.5, 2.5 ] },
										"west": { "texture": "#mukluks", "uv": [ 15.5, 2.0, 16.0, 2.5 ] },
										"up": { "texture": "#mukluks", "uv": [ 14.0, 1.5, 14.5, 2.0 ] },
										"down": { "texture": "#mukluks", "uv": [ 14.5, 1.5, 15.0, 2.0 ] }
									}
								},
								{
									"name": "Fringe RS 6",
									"from": [ -2.0, 0.0, 0.0 ],
									"to": [ -1.8, 0.8, 0.01 ],
									"uv": [ 14.0, 2.0 ],
									"rotationOrigin": [ -2.0, 0.0, 0.01 ],
									"faces": {
										"north": { "texture": "#mukluks", "uv": [ 14.0, 2.5, 14.5, 3.0 ] },
										"east": { "texture": "#mukluks", "uv": [ 14.5, 2.5, 15.0, 3.0 ] },
										"south": { "texture": "#mukluks", "uv": [ 15.0, 2.5, 15.5, 3.0 ] },
										"west": { "texture": "#mukluks", "uv": [ 15.5, 2.5, 16.0, 3.0 ] },
										"up": { "texture": "#mukluks", "uv": [ 14.0, 2.0, 14.5, 2.5 ] },
										"down": { "texture": "#mukluks", "uv": [ 14.5, 2.0, 15.0, 2.5 ] }
									}
								},
								{
									"name": "Fringe RS 7",
									"from": [ -2.4, 0.0, 0.0 ],
									"to": [ -2.2, 0.8, 0.01 ],
									"uv": [ 14.0, 2.5 ],
									"rotationOrigin": [ -2.4, 0.0, 0.01 ],
									"faces": {
										"north": { "texture": "#mukluks", "uv": [ 14.0, 3.0, 14.5, 3.5 ] },
										"east": { "texture": "#mukluks", "uv": [ 14.5, 3.0, 15.0, 3.5 ] },
										"south": { "texture": "#mukluks", "uv": [ 15.0, 3.0, 15.5, 3.5 ] },
										"west": { "texture": "#mukluks", "uv": [ 15.5, 3.0, 16.0, 3.5 ] },
										"up": { "texture": "#mukluks", "uv": [ 14.0, 2.5, 14.5, 3.0 ] },
										"down": { "texture": "#mukluks", "uv": [ 14.5, 2.5, 15.0, 3.0 ] }
									}
								},
								{
									"name": "Fringe RS 8",
									"from": [ -2.8, 0.0, 0.0 ],
									"to": [ -2.6, 0.8, 0.01 ],
									"uv": [ 17.0, 3.5 ],
									"rotationOrigin": [ -2.8, 0.0, 0.01 ],
									"faces": {
										"north": { "texture": "#mukluks", "uv": [ 17.0, 4.0, 17.5, 4.5 ] },
										"east": { "texture": "#mukluks", "uv": [ 17.5, 4.0, 18.0, 4.5 ] },
										"south": { "texture": "#mukluks", "uv": [ 18.0, 4.0, 18.5, 4.5 ] },
										"west": { "texture": "#mukluks", "uv": [ 18.5, 4.0, 19.0, 4.5 ] },
										"up": { "texture": "#mukluks", "uv": [ 17.0, 3.5, 17.5, 4.0 ] },
										"down": { "texture": "#mukluks", "uv": [ 17.5, 3.5, 18.0, 4.0 ] }
									}
								},
								{
									"name": "Fringe RS 9",
									"from": [ -3.2, 0.0, 0.0 ],
									"to": [ -3.0, 0.8, 0.01 ],
									"uv": [ 18.0, 3.5 ],
									"rotationOrigin": [ -3.2, 0.0, 0.01 ],
									"faces": {
										"north": { "texture": "#mukluks", "uv": [ 18.0, 4.0, 18.5, 4.5 ] },
										"east": { "texture": "#mukluks", "uv": [ 18.5, 4.0, 19.0, 4.5 ] },
										"south": { "texture": "#mukluks", "uv": [ 19.0, 4.0, 19.5, 4.5 ] },
										"west": { "texture": "#mukluks", "uv": [ 19.5, 4.0, 20.0, 4.5 ] },
										"up": { "texture": "#mukluks", "uv": [ 18.0, 3.5, 18.5, 4.0 ] },
										"down": { "texture": "#mukluks", "uv": [ 18.5, 3.5, 19.0, 4.0 ] }
									}
								},
								{
									"name": "Fringe RS 10",
									"from": [ -3.6, 0.0, 0.0 ],
									"to": [ -3.4, 0.8, 0.01 ],
									"uv": [ 14.0, 3.0 ],
									"rotationOrigin": [ -3.6, 0.0, 0.01 ],
									"faces": {
										"north": { "texture": "#mukluks", "uv": [ 14.0, 3.5, 14.5, 4.0 ] },
										"east": { "texture": "#mukluks", "uv": [ 14.5, 3.5, 15.0, 4.0 ] },
										"south": { "texture": "#mukluks", "uv": [ 15.0, 3.5, 15.5, 4.0 ] },
										"west": { "texture": "#mukluks", "uv": [ 15.5, 3.5, 16.0, 4.0 ] },
										"up": { "texture": "#mukluks", "uv": [ 14.0, 3.0, 14.5, 3.5 ] },
										"down": { "texture": "#mukluks", "uv": [ 14.5, 3.0, 15.0, 3.5 ] }
									}
								},
								{
									"name": "Fringe RS 11",
									"from": [ -4.0, 0.0, 0.0 ],
									"to": [ -3.8, 0.8, 0.01 ],
									"uv": [ 16.0, 3.5 ],
									"rotationOrigin": [ -4.0, 0.0, 0.01 ],
									"faces": {
										"north": { "texture": "#mukluks", "uv": [ 16.0, 4.0, 16.5, 4.5 ] },
										"east": { "texture": "#mukluks", "uv": [ 16.5, 4.0, 17.0, 4.5 ] },
										"south": { "texture": "#mukluks", "uv": [ 17.0, 4.0, 17.5, 4.5 ] },
										"west": { "texture": "#mukluks", "uv": [ 17.5, 4.0, 18.0, 4.5 ] },
										"up": { "texture": "#mukluks", "uv": [ 16.0, 3.5, 16.5, 4.0 ] },
										"down": { "texture": "#mukluks", "uv": [ 16.5, 3.5, 17.0, 4.0 ] }
									}
								}
							]
						}
					]
				},
				{
					"name": "Boot Foot R",
					"from": [ -0.2, -1.4, 0.0 ],
					"to": [ 3.5, 0.0, 3.2 ],
					"uv": [ 0.0, 10.0 ],
					"rotationOrigin": [ -0.2, -1.4, 0.0 ],
					"faces": {
						"north": { "texture": "#mukluks", "uv": [ 0.0, 13.0, 3.5, 14.0 ] },
						"east": { "texture": "#mukluks", "uv": [ 3.5, 13.0, 6.5, 14.0 ] },
						"south": { "texture": "#mukluks", "uv": [ 6.5, 13.0, 10.0, 14.0 ] },
						"west": { "texture": "#mukluks", "uv": [ 10.0, 13.0, 13.0, 14.0 ] },
						"up": { "texture": "#mukluks", "uv": [ 0.0, 10.0, 3.5, 13.0 ] },
						"down": { "texture": "#mukluks", "uv": [ 3.5, 10.0, 7.0, 13.0 ] }
					}
				},
				{
					"name": "Knot R",
					"from": [ -0.05, 1.55, 1.25 ],
					"to": [ 0.05, 2.15, 1.95 ],
					"uv": [ 4.5, 11.0 ],
					"rotationOrigin": [ -0.1, 1.5, 1.2 ],
					"faces": {
						"north": { "texture": "#mukluks", "uv": [ 4.5, 11.5, 5.0, 12.0 ] },
						"east": { "texture": "#mukluks", "uv": [ 5.0, 11.5, 5.5, 12.0 ] },
						"south": { "texture": "#mukluks", "uv": [ 5.5, 11.5, 6.0, 12.0 ] },
						"west": { "texture": "#mukluks", "uv": [ 6.0, 11.5, 6.5, 12.0 ] },
						"up": { "texture": "#mukluks", "uv": [ 4.5, 11.0, 5.0, 11.5 ] },
						"down": { "texture": "#mukluks", "uv": [ 5.0, 11.0, 5.5, 11.5 ] }
					},
					"children": [
						{
							"name": "Lace R 1",
							"from": [ 0.03, -0.8, -0.2 ],
							"to": [ 0.13, 0.2, 0.1 ],
							"uv": [ 4.5, 10.0 ],
							"rotationOrigin": [ 0.1, -0.8, -0.2 ],
							"rotationX": 14.0,
							"faces": {
								"north": { "texture": "#mukluks", "uv": [ 4.5, 10.5, 5.0, 11.5 ] },
								"east": { "texture": "#mukluks", "uv": [ 5.0, 10.5, 5.5, 11.5 ] },
								"south": { "texture": "#mukluks", "uv": [ 5.5, 10.5, 6.0, 11.5 ] },
								"west": { "texture": "#mukluks", "uv": [ 6.0, 10.5, 6.5, 11.5 ] },
								"up": { "texture": "#mukluks", "uv": [ 4.5, 10.0, 5.0, 10.5 ] },
								"down": { "texture": "#mukluks", "uv": [ 5.0, 10.0, 5.5, 10.5 ] }
							}
						},
						{
							"name": "Lace R 2",
							"from": [ 0.03, -0.9, 0.6 ],
							"to": [ 0.13, 0.1, 0.9 ],
							"uv": [ 4.5, 11.5 ],
							"rotationOrigin": [ 0.1, -0.9, 0.6 ],
							"rotationX": -14.0,
							"faces": {
								"north": { "texture": "#mukluks", "uv": [ 4.5, 12.0, 5.0, 13.0 ] },
								"east": { "texture": "#mukluks", "uv": [ 5.0, 12.0, 5.5, 13.0 ] },
								"south": { "texture": "#mukluks", "uv": [ 5.5, 12.0, 6.0, 13.0 ] },
								"west": { "texture": "#mukluks", "uv": [ 6.0, 12.0, 6.5, 13.0 ] },
								"up": { "texture": "#mukluks", "uv": [ 4.5, 11.5, 5.0, 12.0 ] },
								"down": { "texture": "#mukluks", "uv": [ 5.0, 11.5, 5.5, 12.0 ] }
							}
						}
					]
				}
			]
		},
		{
			"name": "Boot Base L",
			"stepParentName": "PawL",
			"from": [ -0.3, 1.3, -0.2 ],
			"to": [ 3.1, 5.0, 3.0 ],
			"uv": [ 0.0, 3.5 ],
			"rotationOrigin": [ -0.3, 1.3, -0.2 ],
			"faces": {
				"north": { "texture": "#mukluks", "uv": [ 0.0, 6.5, 3.0, 10.0 ] },
				"east": { "texture": "#mukluks", "uv": [ 3.0, 6.5, 6.0, 10.0 ] },
				"south": { "texture": "#mukluks", "uv": [ 6.0, 6.5, 9.0, 10.0 ] },
				"west": { "texture": "#mukluks", "uv": [ 9.0, 6.5, 12.0, 10.0 ] },
				"up": { "texture": "#mukluks", "uv": [ 0.0, 3.5, 3.0, 6.5 ] },
				"down": { "texture": "#mukluks", "uv": [ 3.0, 3.5, 6.0, 6.5 ] }
			},
			"children": [
				{
					"name": "Boot Foot L",
					"from": [ -0.2, -1.4, 0.0 ],
					"to": [ 3.5, 0.0, 3.2 ],
					"uv": [ 0.0, 10.0 ],
					"rotationOrigin": [ -0.2, -1.4, 0.0 ],
					"faces": {
						"north": { "texture": "#mukluks", "uv": [ 0.0, 13.0, 3.5, 14.0 ] },
						"east": { "texture": "#mukluks", "uv": [ 3.5, 13.0, 6.5, 14.0 ] },
						"south": { "texture": "#mukluks", "uv": [ 6.5, 13.0, 10.0, 14.0 ] },
						"west": { "texture": "#mukluks", "uv": [ 10.0, 13.0, 13.0, 14.0 ] },
						"up": { "texture": "#mukluks", "uv": [ 0.0, 10.0, 3.5, 13.0 ] },
						"down": { "texture": "#mukluks", "uv": [ 3.5, 10.0, 7.0, 13.0 ] }
					}
				},
				{
					"name": "Boot Top L",
					"from": [ -0.05, 3.6, -0.05 ],
					"to": [ 3.45, 4.1, 3.25 ],
					"uv": [ 0.0, 0.0 ],
					"rotationOrigin": [ 0.0, 3.6, 0.0 ],
					"faces": {
						"north": { "texture": "#mukluks", "uv": [ 0.0, 3.0, 3.5, 3.5 ] },
						"east": { "texture": "#mukluks", "uv": [ 3.5, 3.0, 6.5, 3.5 ] },
						"south": { "texture": "#mukluks", "uv": [ 6.5, 3.0, 10.0, 3.5 ] },
						"west": { "texture": "#mukluks", "uv": [ 10.0, 3.0, 13.0, 3.5 ] },
						"up": { "texture": "#mukluks", "uv": [ 0.0, 0.0, 3.5, 3.0 ] },
						"down": { "texture": "#mukluks", "uv": [ 3.5, 0.0, 7.0, 3.0 ] }
					},
					"children": [
						{
							"name": "Fringe LW 1",
							"from": [ 0.0, -0.8, 0.15 ],
							"to": [ 0.01, 0.0, 0.35 ],
							"uv": [ 15.0, 3.5 ],
							"rotationOrigin": [ 0.0, -0.8, 0.1 ],
							"faces": {
								"north": { "texture": "#mukluks", "uv": [ 15.0, 4.0, 15.5, 4.5 ] },
								"east": { "texture": "#mukluks", "uv": [ 15.5, 4.0, 16.0, 4.5 ] },
								"south": { "texture": "#mukluks", "uv": [ 16.0, 4.0, 16.5, 4.5 ] },
								"west": { "texture": "#mukluks", "uv": [ 16.5, 4.0, 17.0, 4.5 ] },
								"up": { "texture": "#mukluks", "uv": [ 15.0, 3.5, 15.5, 4.0 ] },
								"down": { "texture": "#mukluks", "uv": [ 15.5, 3.5, 16.0, 4.0 ] }
							},
							"children": [
								{
									"name": "Fringe LW 2",
									"from": [ 0.0, 0.0, 0.4 ],
									"to": [ 0.01, 0.8, 0.6 ],
									"uv": [ 14.0, 3.5 ],
									"rotationOrigin": [ 0.0, 0.0, 0.35 ],
									"faces": {
										"north": { "texture": "#mukluks", "uv": [ 14.0, 4.0, 14.5, 4.5 ] },
										"east": { "texture": "#mukluks", "uv": [ 14.5, 4.0, 15.0, 4.5 ] },
										"south": { "texture": "#mukluks", "uv": [ 15.0, 4.0, 15.5, 4.5 ] },
										"west": { "texture": "#mukluks", "uv": [ 15.5, 4.0, 16.0, 4.5 ] },
										"up": { "texture": "#mukluks", "uv": [ 14.0, 3.5, 14.5, 4.0 ] },
										"down": { "texture": "#mukluks", "uv": [ 14.5, 3.5, 15.0, 4.0 ] }
									}
								},
								{
									"name": "Fringe LW 3",
									"from": [ 0.0, 0.0, 0.8 ],
									"to": [ 0.01, 0.8, 1.0 ],
									"uv": [ 18.0, 4.0 ],
									"rotationOrigin": [ 0.0, 0.0, 0.75 ],
									"faces": {
										"north": { "texture": "#mukluks", "uv": [ 18.0, 4.5, 18.5, 5.0 ] },
										"east": { "texture": "#mukluks", "uv": [ 18.5, 4.5, 19.0, 5.0 ] },
										"south": { "texture": "#mukluks", "uv": [ 19.0, 4.5, 19.5, 5.0 ] },
										"west": { "texture": "#mukluks", "uv": [ 19.5, 4.5, 20.0, 5.0 ] },
										"up": { "texture": "#mukluks", "uv": [ 18.0, 4.0, 18.5, 4.5 ] },
										"down": { "texture": "#mukluks", "uv": [ 18.5, 4.0, 19.0, 4.5 ] }
									}
								},
								{
									"name": "Fringe LW 4",
									"from": [ 0.0, 0.0, 1.2 ],
									"to": [ 0.01, 0.8, 1.4 ],
									"uv": [ 17.0, 4.0 ],
									"rotationOrigin": [ 0.0, 0.0, 1.15 ],
									"faces": {
										"north": { "texture": "#mukluks", "uv": [ 17.0, 4.5, 17.5, 5.0 ] },
										"east": { "texture": "#mukluks", "uv": [ 17.5, 4.5, 18.0, 5.0 ] },
										"south": { "texture": "#mukluks", "uv": [ 18.0, 4.5, 18.5, 5.0 ] },
										"west": { "texture": "#mukluks", "uv": [ 18.5, 4.5, 19.0, 5.0 ] },
										"up": { "texture": "#mukluks", "uv": [ 17.0, 4.0, 17.5, 4.5 ] },
										"down": { "texture": "#mukluks", "uv": [ 17.5, 4.0, 18.0, 4.5 ] }
									}
								},
								{
									"name": "Fringe LW 5",
									"from": [ 0.0, 0.0, 1.6 ],
									"to": [ 0.01, 0.8, 1.8 ],
									"uv": [ 16.0, 4.0 ],
									"rotationOrigin": [ 0.0, 0.0, 1.55 ],
									"faces": {
										"north": { "texture": "#mukluks", "uv": [ 16.0, 4.5, 16.5, 5.0 ] },
										"east": { "texture": "#mukluks", "uv": [ 16.5, 4.5, 17.0, 5.0 ] },
										"south": { "texture": "#mukluks", "uv": [ 17.0, 4.5, 17.5, 5.0 ] },
										"west": { "texture": "#mukluks", "uv": [ 17.5, 4.5, 18.0, 5.0 ] },
										"up": { "texture": "#mukluks", "uv": [ 16.0, 4.0, 16.5, 4.5 ] },
										"down": { "texture": "#mukluks", "uv": [ 16.5, 4.0, 17.0, 4.5 ] }
									}
								},
								{
									"name": "Fringe LW 6",
									"from": [ 0.0, 0.0, 2.0 ],
									"to": [ 0.01, 0.8, 2.2 ],
									"uv": [ 15.0, 4.0 ],
									"rotationOrigin": [ 0.0, 0.0, 1.95 ],
									"faces": {
										"north": { "texture": "#mukluks", "uv": [ 15.0, 4.5, 15.5, 5.0 ] },
										"east": { "texture": "#mukluks", "uv": [ 15.5, 4.5, 16.0, 5.0 ] },
										"south": { "texture": "#mukluks", "uv": [ 16.0, 4.5, 16.5, 5.0 ] },
										"west": { "texture": "#mukluks", "uv": [ 16.5, 4.5, 17.0, 5.0 ] },
										"up": { "texture": "#mukluks", "uv": [ 15.0, 4.0, 15.5, 4.5 ] },
										"down": { "texture": "#mukluks", "uv": [ 15.5, 4.0, 16.0, 4.5 ] }
									}
								},
								{
									"name": "Fringe LW 7",
									"from": [ 0.0, 0.0, 2.4 ],
									"to": [ 0.01, 0.8, 2.6 ],
									"uv": [ 14.0, 4.0 ],
									"rotationOrigin": [ 0.0, 0.0, 2.35 ],
									"faces": {
										"north": { "texture": "#mukluks", "uv": [ 14.0, 4.5, 14.5, 5.0 ] },
										"east": { "texture": "#mukluks", "uv": [ 14.5, 4.5, 15.0, 5.0 ] },
										"south": { "texture": "#mukluks", "uv": [ 15.0, 4.5, 15.5, 5.0 ] },
										"west": { "texture": "#mukluks", "uv": [ 15.5, 4.5, 16.0, 5.0 ] },
										"up": { "texture": "#mukluks", "uv": [ 14.0, 4.0, 14.5, 4.5 ] },
										"down": { "texture": "#mukluks", "uv": [ 14.5, 4.0, 15.0, 4.5 ] }
									}
								},
								{
									"name": "Fringe LW 8",
									"from": [ 0.0, 0.0, 2.8 ],
									"to": [ 0.01, 0.8, 3.0 ],
									"uv": [ 14.0, 4.5 ],
									"rotationOrigin": [ 0.0, 0.0, 2.75 ],
									"faces": {
										"north": { "texture": "#mukluks", "uv": [ 14.0, 5.0, 14.5, 5.5 ] },
										"east": { "texture": "#mukluks", "uv": [ 14.5, 5.0, 15.0, 5.5 ] },
										"south": { "texture": "#mukluks", "uv": [ 15.0, 5.0, 15.5, 5.5 ] },
										"west": { "texture": "#mukluks", "uv": [ 15.5, 5.0, 16.0, 5.5 ] },
										"up": { "texture": "#mukluks", "uv": [ 14.0, 4.5, 14.5, 5.0 ] },
										"down": { "texture": "#mukluks", "uv": [ 14.5, 4.5, 15.0, 5.0 ] }
									}
								}
							]
						},
						{
							"name": "Fringe LE 1",
							"from": [ 3.49, -0.8, 0.15 ],
							"to": [ 3.5, 0.0, 0.35 ],
							"uv": [ 15.0, 4.5 ],
							"rotationOrigin": [ 3.5, -0.8, 0.1 ],
							"faces": {
								"north": { "texture": "#mukluks", "uv": [ 15.0, 5.0, 15.5, 5.5 ] },
								"east": { "texture": "#mukluks", "uv": [ 15.5, 5.0, 16.0, 5.5 ] },
								"south": { "texture": "#mukluks", "uv": [ 16.0, 5.0, 16.5, 5.5 ] },
								"west": { "texture": "#mukluks", "uv": [ 16.5, 5.0, 17.0, 5.5 ] },
								"up": { "texture": "#mukluks", "uv": [ 15.0, 4.5, 15.5, 5.0 ] },
								"down": { "texture": "#mukluks", "uv": [ 15.5, 4.5, 16.0, 5.0 ] }
							},
							"children": [
								{
									"name": "Fringe LE 2",
									"from": [ 0.0, 0.0, 0.4 ],
									"to": [ 0.01, 0.8, 0.6 ],
									"uv": [ 16.0, 4.5 ],
									"rotationOrigin": [ 0.01, 0.0, 0.35 ],
									"faces": {
										"north": { "texture": "#mukluks", "uv": [ 16.0, 5.0, 16.5, 5.5 ] },
										"east": { "texture": "#mukluks", "uv": [ 16.5, 5.0, 17.0, 5.5 ] },
										"south": { "texture": "#mukluks", "uv": [ 17.0, 5.0, 17.5, 5.5 ] },
										"west": { "texture": "#mukluks", "uv": [ 17.5, 5.0, 18.0, 5.5 ] },
										"up": { "texture": "#mukluks", "uv": [ 16.0, 4.5, 16.5, 5.0 ] },
										"down": { "texture": "#mukluks", "uv": [ 16.5, 4.5, 17.0, 5.0 ] }
									}
								},
								{
									"name": "Fringe LE 3",
									"from": [ 0.0, 0.0, 0.8 ],
									"to": [ 0.01, 0.8, 1.0 ],
									"uv": [ 17.5, 4.5 ],
									"rotationOrigin": [ 0.01, 0.0, 0.75 ],
									"faces": {
										"north": { "texture": "#mukluks", "uv": [ 17.5, 5.0, 18.0, 5.5 ] },
										"east": { "texture": "#mukluks", "uv": [ 18.0, 5.0, 18.5, 5.5 ] },
										"south": { "texture": "#mukluks", "uv": [ 18.5, 5.0, 19.0, 5.5 ] },
										"west": { "texture": "#mukluks", "uv": [ 19.0, 5.0, 19.5, 5.5 ] },
										"up": { "texture": "#mukluks", "uv": [ 17.5, 4.5, 18.0, 5.0 ] },
										"down": { "texture": "#mukluks", "uv": [ 18.0, 4.5, 18.5, 5.0 ] }
									}
								},
								{
									"name": "Fringe LE 4",
									"from": [ 0.0, 0.0, 1.2 ],
									"to": [ 0.01, 0.8, 1.4 ],
									"uv": [ 18.0, 4.5 ],
									"rotationOrigin": [ 0.01, 0.0, 1.15 ],
									"faces": {
										"north": { "texture": "#mukluks", "uv": [ 18.0, 5.0, 18.5, 5.5 ] },
										"east": { "texture": "#mukluks", "uv": [ 18.5, 5.0, 19.0, 5.5 ] },
										"south": { "texture": "#mukluks", "uv": [ 19.0, 5.0, 19.5, 5.5 ] },
										"west": { "texture": "#mukluks", "uv": [ 19.5, 5.0, 20.0, 5.5 ] },
										"up": { "texture": "#mukluks", "uv": [ 18.0, 4.5, 18.5, 5.0 ] },
										"down": { "texture": "#mukluks", "uv": [ 18.5, 4.5, 19.0, 5.0 ] }
									}
								},
								{
									"name": "Fringe LE 5",
									"from": [ 0.0, 0.0, 1.6 ],
									"to": [ 0.01, 0.8, 1.8 ],
									"uv": [ 18.0, 5.0 ],
									"rotationOrigin": [ 0.01, 0.0, 1.55 ],
									"faces": {
										"north": { "texture": "#mukluks", "uv": [ 18.0, 5.5, 18.5, 6.0 ] },
										"east": { "texture": "#mukluks", "uv": [ 18.5, 5.5, 19.0, 6.0 ] },
										"south": { "texture": "#mukluks", "uv": [ 19.0, 5.5, 19.5, 6.0 ] },
										"west": { "texture": "#mukluks", "uv": [ 19.5, 5.5, 20.0, 6.0 ] },
										"up": { "texture": "#mukluks", "uv": [ 18.0, 5.0, 18.5, 5.5 ] },
										"down": { "texture": "#mukluks", "uv": [ 18.5, 5.0, 19.0, 5.5 ] }
									}
								},
								{
									"name": "Fringe LE 6",
									"from": [ 0.0, 0.0, 2.0 ],
									"to": [ 0.01, 0.8, 2.2 ],
									"uv": [ 17.0, 5.0 ],
									"rotationOrigin": [ 0.01, 0.0, 1.95 ],
									"faces": {
										"north": { "texture": "#mukluks", "uv": [ 17.0, 5.5, 17.5, 6.0 ] },
										"east": { "texture": "#mukluks", "uv": [ 17.5, 5.5, 18.0, 6.0 ] },
										"south": { "texture": "#mukluks", "uv": [ 18.0, 5.5, 18.5, 6.0 ] },
										"west": { "texture": "#mukluks", "uv": [ 18.5, 5.5, 19.0, 6.0 ] },
										"up": { "texture": "#mukluks", "uv": [ 17.0, 5.0, 17.5, 5.5 ] },
										"down": { "texture": "#mukluks", "uv": [ 17.5, 5.0, 18.0, 5.5 ] }
									}
								},
								{
									"name": "Fringe LE 7",
									"from": [ 0.0, 0.0, 2.4 ],
									"to": [ 0.01, 0.8, 2.6 ],
									"uv": [ 16.0, 5.0 ],
									"rotationOrigin": [ 0.01, 0.0, 2.35 ],
									"faces": {
										"north": { "texture": "#mukluks", "uv": [ 16.0, 5.5, 16.5, 6.0 ] },
										"east": { "texture": "#mukluks", "uv": [ 16.5, 5.5, 17.0, 6.0 ] },
										"south": { "texture": "#mukluks", "uv": [ 17.0, 5.5, 17.5, 6.0 ] },
										"west": { "texture": "#mukluks", "uv": [ 17.5, 5.5, 18.0, 6.0 ] },
										"up": { "texture": "#mukluks", "uv": [ 16.0, 5.0, 16.5, 5.5 ] },
										"down": { "texture": "#mukluks", "uv": [ 16.5, 5.0, 17.0, 5.5 ] }
									}
								},
								{
									"name": "Fringe LE 8",
									"from": [ 0.0, 0.0, 2.8 ],
									"to": [ 0.01, 0.8, 3.0 ],
									"uv": [ 15.0, 5.0 ],
									"rotationOrigin": [ 0.01, 0.0, 2.75 ],
									"faces": {
										"north": { "texture": "#mukluks", "uv": [ 15.0, 5.5, 15.5, 6.0 ] },
										"east": { "texture": "#mukluks", "uv": [ 15.5, 5.5, 16.0, 6.0 ] },
										"south": { "texture": "#mukluks", "uv": [ 16.0, 5.5, 16.5, 6.0 ] },
										"west": { "texture": "#mukluks", "uv": [ 16.5, 5.5, 17.0, 6.0 ] },
										"up": { "texture": "#mukluks", "uv": [ 15.0, 5.0, 15.5, 5.5 ] },
										"down": { "texture": "#mukluks", "uv": [ 15.5, 5.0, 16.0, 5.5 ] }
									}
								}
							]
						},
						{
							"name": "Fringe LS 1",
							"from": [ 0.1, -0.8, 3.29 ],
							"to": [ 0.3, 0.0, 3.3 ],
							"uv": [ 14.0, 5.0 ],
							"rotationOrigin": [ 0.1, -0.8, 3.2 ],
							"faces": {
								"north": { "texture": "#mukluks", "uv": [ 14.0, 5.5, 14.5, 6.0 ] },
								"east": { "texture": "#mukluks", "uv": [ 14.5, 5.5, 15.0, 6.0 ] },
								"south": { "texture": "#mukluks", "uv": [ 15.0, 5.5, 15.5, 6.0 ] },
								"west": { "texture": "#mukluks", "uv": [ 15.5, 5.5, 16.0, 6.0 ] },
								"up": { "texture": "#mukluks", "uv": [ 14.0, 5.0, 14.5, 5.5 ] },
								"down": { "texture": "#mukluks", "uv": [ 14.5, 5.0, 15.0, 5.5 ] }
							},
							"children": [
								{
									"name": "Fringe LS 2",
									"from": [ 0.4, 0.0, 0.0 ],
									"to": [ 0.6, 0.8, 0.01 ],
									"uv": [ 14.0, 5.5 ],
									"rotationOrigin": [ 0.4, 0.0, -0.09 ],
									"faces": {
										"north": { "texture": "#mukluks", "uv": [ 14.0, 6.0, 14.5, 6.5 ] },
										"east": { "texture": "#mukluks", "uv": [ 14.5, 6.0, 15.0, 6.5 ] },
										"south": { "texture": "#mukluks", "uv": [ 15.0, 6.0, 15.5, 6.5 ] },
										"west": { "texture": "#mukluks", "uv": [ 15.5, 6.0, 16.0, 6.5 ] },
										"up": { "texture": "#mukluks", "uv": [ 14.0, 5.5, 14.5, 6.0 ] },
										"down": { "texture": "#mukluks", "uv": [ 14.5, 5.5, 15.0, 6.0 ] }
									}
								},
								{
									"name": "Fringe LS 3",
									"from": [ 0.8, 0.0, 0.0 ],
									"to": [ 1.0, 0.8, 0.01 ],
									"uv": [ 15.0, 5.5 ],
									"rotationOrigin": [ 0.8, 0.0, -0.09 ],
									"faces": {
										"north": { "texture": "#mukluks", "uv": [ 15.0, 6.0, 15.5, 6.5 ] },
										"east": { "texture": "#mukluks", "uv": [ 15.5, 6.0, 16.0, 6.5 ] },
										"south": { "texture": "#mukluks", "uv": [ 16.0, 6.0, 16.5, 6.5 ] },
										"west": { "texture": "#mukluks", "uv": [ 16.5, 6.0, 17.0, 6.5 ] },
										"up": { "texture": "#mukluks", "uv": [ 15.0, 5.5, 15.5, 6.0 ] },
										"down": { "texture": "#mukluks", "uv": [ 15.5, 5.5, 16.0, 6.0 ] }
									}
								},
								{
									"name": "Fringe LS 4",
									"from": [ 1.2, 0.0, 0.0 ],
									"to": [ 1.4, 0.8, 0.01 ],
									"uv": [ 16.0, 5.5 ],
									"rotationOrigin": [ 1.2, 0.0, -0.09 ],
									"faces": {
										"north": { "texture": "#mukluks", "uv": [ 16.0, 6.0, 16.5, 6.5 ] },
										"east": { "texture": "#mukluks", "uv": [ 16.5, 6.0, 17.0, 6.5 ] },
										"south": { "texture": "#mukluks", "uv": [ 17.0, 6.0, 17.5, 6.5 ] },
										"west": { "texture": "#mukluks", "uv": [ 17.5, 6.0, 18.0, 6.5 ] },
										"up": { "texture": "#mukluks", "uv": [ 16.0, 5.5, 16.5, 6.0 ] },
										"down": { "texture": "#mukluks", "uv": [ 16.5, 5.5, 17.0, 6.0 ] }
									}
								},
								{
									"name": "Fringe LS 5",
									"from": [ 1.6, 0.0, 0.0 ],
									"to": [ 1.8, 0.8, 0.01 ],
									"uv": [ 17.5, 5.5 ],
									"rotationOrigin": [ 1.6, 0.0, -0.09 ],
									"faces": {
										"north": { "texture": "#mukluks", "uv": [ 17.5, 6.0, 18.0, 6.5 ] },
										"east": { "texture": "#mukluks", "uv": [ 18.0, 6.0, 18.5, 6.5 ] },
										"south": { "texture": "#mukluks", "uv": [ 18.5, 6.0, 19.0, 6.5 ] },
										"west": { "texture": "#mukluks", "uv": [ 19.0, 6.0, 19.5, 6.5 ] },
										"up": { "texture": "#mukluks", "uv": [ 17.5, 5.5, 18.0, 6.0 ] },
										"down": { "texture": "#mukluks", "uv": [ 18.0, 5.5, 18.5, 6.0 ] }
									}
								},
								{
									"name": "Fringe LS 6",
									"from": [ 2.0, 0.0, 0.0 ],
									"to": [ 2.2, 0.8, 0.01 ],
									"uv": [ 18.0, 5.5 ],
									"rotationOrigin": [ 2.0, 0.0, -0.09 ],
									"faces": {
										"north": { "texture": "#mukluks", "uv": [ 18.0, 6.0, 18.5, 6.5 ] },
										"east": { "texture": "#mukluks", "uv": [ 18.5, 6.0, 19.0, 6.5 ] },
										"south": { "texture": "#mukluks", "uv": [ 19.0, 6.0, 19.5, 6.5 ] },
										"west": { "texture": "#mukluks", "uv": [ 19.5, 6.0, 20.0, 6.5 ] },
										"up": { "texture": "#mukluks", "uv": [ 18.0, 5.5, 18.5, 6.0 ] },
										"down": { "texture": "#mukluks", "uv": [ 18.5, 5.5, 19.0, 6.0 ] }
									}
								},
								{
									"name": "Fringe LS 7",
									"from": [ 2.4, 0.0, 0.0 ],
									"to": [ 2.6, 0.8, 0.01 ],
									"uv": [ 14.0, 6.0 ],
									"rotationOrigin": [ 2.4, 0.0, -0.09 ],
									"faces": {
										"north": { "texture": "#mukluks", "uv": [ 14.0, 6.5, 14.5, 7.0 ] },
										"east": { "texture": "#mukluks", "uv": [ 14.5, 6.5, 15.0, 7.0 ] },
										"south": { "texture": "#mukluks", "uv": [ 15.0, 6.5, 15.5, 7.0 ] },
										"west": { "texture": "#mukluks", "uv": [ 15.5, 6.5, 16.0, 7.0 ] },
										"up": { "texture": "#mukluks", "uv": [ 14.0, 6.0, 14.5, 6.5 ] },
										"down": { "texture": "#mukluks", "uv": [ 14.5, 6.0, 15.0, 6.5 ] }
									}
								},
								{
									"name": "Fringe LS 8",
									"from": [ 2.8, 0.0, 0.0 ],
									"to": [ 3.0, 0.8, 0.01 ],
									"uv": [ 15.0, 6.0 ],
									"rotationOrigin": [ 2.8, 0.0, -0.09 ],
									"faces": {
										"north": { "texture": "#mukluks", "uv": [ 15.0, 6.5, 15.5, 7.0 ] },
										"east": { "texture": "#mukluks", "uv": [ 15.5, 6.5, 16.0, 7.0 ] },
										"south": { "texture": "#mukluks", "uv": [ 16.0, 6.5, 16.5, 7.0 ] },
										"west": { "texture": "#mukluks", "uv": [ 16.5, 6.5, 17.0, 7.0 ] },
										"up": { "texture": "#mukluks", "uv": [ 15.0, 6.0, 15.5, 6.5 ] },
										"down": { "texture": "#mukluks", "uv": [ 15.5, 6.0, 16.0, 6.5 ] }
									}
								},
								{
									"name": "Fringe LS 9",
									"from": [ 3.2, 0.0, 0.0 ],
									"to": [ 3.4, 0.8, 0.01 ],
									"uv": [ 16.0, 6.0 ],
									"rotationOrigin": [ 3.2, 0.0, -0.09 ],
									"faces": {
										"north": { "texture": "#mukluks", "uv": [ 16.0, 6.5, 16.5, 7.0 ] },
										"east": { "texture": "#mukluks", "uv": [ 16.5, 6.5, 17.0, 7.0 ] },
										"south": { "texture": "#mukluks", "uv": [ 17.0, 6.5, 17.5, 7.0 ] },
										"west": { "texture": "#mukluks", "uv": [ 17.5, 6.5, 18.0, 7.0 ] },
										"up": { "texture": "#mukluks", "uv": [ 16.0, 6.0, 16.5, 6.5 ] },
										"down": { "texture": "#mukluks", "uv": [ 16.5, 6.0, 17.0, 6.5 ] }
									}
								},
								{
									"name": "Fringe LS 11",
									"from": [ 4.0, 0.0, 0.0 ],
									"to": [ 4.0, 0.0, 0.01 ],
									"uv": [ 18.0, 6.0 ],
									"rotationOrigin": [ 4.0, 0.0, -0.09 ],
									"faces": {
										"north": { "texture": "#mukluks", "uv": [ 18.0, 6.5, 18.5, 7.0 ] },
										"east": { "texture": "#mukluks", "uv": [ 18.5, 6.5, 19.0, 7.0 ] },
										"south": { "texture": "#mukluks", "uv": [ 19.0, 6.5, 19.5, 7.0 ] },
										"west": { "texture": "#mukluks", "uv": [ 19.5, 6.5, 20.0, 7.0 ] },
										"up": { "texture": "#mukluks", "uv": [ 18.0, 6.0, 18.5, 6.5 ] },
										"down": { "texture": "#mukluks", "uv": [ 18.5, 6.0, 19.0, 6.5 ] }
									}
								}
							]
						},
						{
							"name": "Fringe LN 1",
							"from": [ 0.1, -0.8, 0.0 ],
							"to": [ 0.3, 0.0, 0.01 ],
							"uv": [ 14.0, 6.5 ],
							"rotationOrigin": [ 0.1, -0.8, -0.1 ],
							"faces": {
								"north": { "texture": "#mukluks", "uv": [ 14.0, 7.0, 14.5, 7.5 ] },
								"east": { "texture": "#mukluks", "uv": [ 14.5, 7.0, 15.0, 7.5 ] },
								"south": { "texture": "#mukluks", "uv": [ 15.0, 7.0, 15.5, 7.5 ] },
								"west": { "texture": "#mukluks", "uv": [ 15.5, 7.0, 16.0, 7.5 ] },
								"up": { "texture": "#mukluks", "uv": [ 14.0, 6.5, 14.5, 7.0 ] },
								"down": { "texture": "#mukluks", "uv": [ 14.5, 6.5, 15.0, 7.0 ] }
							},
							"children": [
								{
									"name": "Fringe LN 2",
									"from": [ 0.4, 0.0, 0.0 ],
									"to": [ 0.6, 0.8, 0.01 ],
									"uv": [ 15.0, 6.5 ],
									"rotationOrigin": [ 0.4, 0.0, -0.1 ],
									"faces": {
										"north": { "texture": "#mukluks", "uv": [ 15.0, 7.0, 15.5, 7.5 ] },
										"east": { "texture": "#mukluks", "uv": [ 15.5, 7.0, 16.0, 7.5 ] },
										"south": { "texture": "#mukluks", "uv": [ 16.0, 7.0, 16.5, 7.5 ] },
										"west": { "texture": "#mukluks", "uv": [ 16.5, 7.0, 17.0, 7.5 ] },
										"up": { "texture": "#mukluks", "uv": [ 15.0, 6.5, 15.5, 7.0 ] },
										"down": { "texture": "#mukluks", "uv": [ 15.5, 6.5, 16.0, 7.0 ] }
									}
								},
								{
									"name": "Fringe LN 3",
									"from": [ 0.8, 0.0, 0.0 ],
									"to": [ 1.0, 0.8, 0.01 ],
									"uv": [ 16.5, 6.5 ],
									"rotationOrigin": [ 0.8, 0.0, -0.1 ],
									"faces": {
										"north": { "texture": "#mukluks", "uv": [ 16.5, 7.0, 17.0, 7.5 ] },
										"east": { "texture": "#mukluks", "uv": [ 17.0, 7.0, 17.5, 7.5 ] },
										"south": { "texture": "#mukluks", "uv": [ 17.5, 7.0, 18.0, 7.5 ] },
										"west": { "texture": "#mukluks", "uv": [ 18.0, 7.0, 18.5, 7.5 ] },
										"up": { "texture": "#mukluks", "uv": [ 16.5, 6.5, 17.0, 7.0 ] },
										"down": { "texture": "#mukluks", "uv": [ 17.0, 6.5, 17.5, 7.0 ] }
									}
								},
								{
									"name": "Fringe LN 4",
									"from": [ 1.2, 0.0, 0.0 ],
									"to": [ 1.4, 0.8, 0.01 ],
									"uv": [ 18.0, 6.5 ],
									"rotationOrigin": [ 1.2, 0.0, -0.1 ],
									"faces": {
										"north": { "texture": "#mukluks", "uv": [ 18.0, 7.0, 18.5, 7.5 ] },
										"east": { "texture": "#mukluks", "uv": [ 18.5, 7.0, 19.0, 7.5 ] },
										"south": { "texture": "#mukluks", "uv": [ 19.0, 7.0, 19.5, 7.5 ] },
										"west": { "texture": "#mukluks", "uv": [ 19.5, 7.0, 20.0, 7.5 ] },
										"up": { "texture": "#mukluks", "uv": [ 18.0, 6.5, 18.5, 7.0 ] },
										"down": { "texture": "#mukluks", "uv": [ 18.5, 6.5, 19.0, 7.0 ] }
									}
								},
								{
									"name": "Fringe LN 5",
									"from": [ 1.6, 0.0, 0.0 ],
									"to": [ 1.8, 0.8, 0.01 ],
									"uv": [ 14.0, 7.0 ],
									"rotationOrigin": [ 1.6, 0.0, -0.1 ],
									"faces": {
										"north": { "texture": "#mukluks", "uv": [ 14.0, 7.5, 14.5, 8.0 ] },
										"east": { "texture": "#mukluks", "uv": [ 14.5, 7.5, 15.0, 8.0 ] },
										"south": { "texture": "#mukluks", "uv": [ 15.0, 7.5, 15.5, 8.0 ] },
										"west": { "texture": "#mukluks", "uv": [ 15.5, 7.5, 16.0, 8.0 ] },
										"up": { "texture": "#mukluks", "uv": [ 14.0, 7.0, 14.5, 7.5 ] },
										"down": { "texture": "#mukluks", "uv": [ 14.5, 7.0, 15.0, 7.5 ] }
									}
								},
								{
									"name": "Fringe LN 6",
									"from": [ 2.0, 0.0, 0.0 ],
									"to": [ 2.2, 0.8, 0.01 ],
									"uv": [ 15.0, 7.0 ],
									"rotationOrigin": [ 2.0, 0.0, -0.1 ],
									"faces": {
										"north": { "texture": "#mukluks", "uv": [ 15.0, 7.5, 15.5, 8.0 ] },
										"east": { "texture": "#mukluks", "uv": [ 15.5, 7.5, 16.0, 8.0 ] },
										"south": { "texture": "#mukluks", "uv": [ 16.0, 7.5, 16.5, 8.0 ] },
										"west": { "texture": "#mukluks", "uv": [ 16.5, 7.5, 17.0, 8.0 ] },
										"up": { "texture": "#mukluks", "uv": [ 15.0, 7.0, 15.5, 7.5 ] },
										"down": { "texture": "#mukluks", "uv": [ 15.5, 7.0, 16.0, 7.5 ] }
									}
								},
								{
									"name": "Fringe LN 7",
									"from": [ 2.4, 0.0, 0.0 ],
									"to": [ 2.6, 0.8, 0.01 ],
									"uv": [ 16.0, 7.0 ],
									"rotationOrigin": [ 2.4, 0.0, -0.1 ],
									"faces": {
										"north": { "texture": "#mukluks", "uv": [ 16.0, 7.5, 16.5, 8.0 ] },
										"east": { "texture": "#mukluks", "uv": [ 16.5, 7.5, 17.0, 8.0 ] },
										"south": { "texture": "#mukluks", "uv": [ 17.0, 7.5, 17.5, 8.0 ] },
										"west": { "texture": "#mukluks", "uv": [ 17.5, 7.5, 18.0, 8.0 ] },
										"up": { "texture": "#mukluks", "uv": [ 16.0, 7.0, 16.5, 7.5 ] },
										"down": { "texture": "#mukluks", "uv": [ 16.5, 7.0, 17.0, 7.5 ] }
									}
								},
								{
									"name": "Fringe LN 8",
									"from": [ 2.8, 0.0, 0.0 ],
									"to": [ 3.0, 0.8, 0.01 ],
									"uv": [ 17.0, 7.0 ],
									"rotationOrigin": [ 2.8, 0.0, -0.1 ],
									"faces": {
										"north": { "texture": "#mukluks", "uv": [ 17.0, 7.5, 17.5, 8.0 ] },
										"east": { "texture": "#mukluks", "uv": [ 17.5, 7.5, 18.0, 8.0 ] },
										"south": { "texture": "#mukluks", "uv": [ 18.0, 7.5, 18.5, 8.0 ] },
										"west": { "texture": "#mukluks", "uv": [ 18.5, 7.5, 19.0, 8.0 ] },
										"up": { "texture": "#mukluks", "uv": [ 17.0, 7.0, 17.5, 7.5 ] },
										"down": { "texture": "#mukluks", "uv": [ 17.5, 7.0, 18.0, 7.5 ] }
									}
								},
								{
									"name": "Fringe LN 9",
									"from": [ 3.2, 0.0, 0.0 ],
									"to": [ 3.4, 0.8, 0.01 ],
									"uv": [ 18.0, 7.0 ],
									"rotationOrigin": [ 3.2, 0.0, -0.1 ],
									"faces": {
										"north": { "texture": "#mukluks", "uv": [ 18.0, 7.5, 18.5, 8.0 ] },
										"east": { "texture": "#mukluks", "uv": [ 18.5, 7.5, 19.0, 8.0 ] },
										"south": { "texture": "#mukluks", "uv": [ 19.0, 7.5, 19.5, 8.0 ] },
										"west": { "texture": "#mukluks", "uv": [ 19.5, 7.5, 20.0, 8.0 ] },
										"up": { "texture": "#mukluks", "uv": [ 18.0, 7.0, 18.5, 7.5 ] },
										"down": { "texture": "#mukluks", "uv": [ 18.5, 7.0, 19.0, 7.5 ] }
									}
								}
							]
						}
					]
				},
				{
					"name": "Knot L",
					"from": [ -0.05, 1.55, 1.25 ],
					"to": [ 0.05, 2.15, 1.95 ],
					"uv": [ 6.5, 11.0 ],
					"faces": {
						"north": { "texture": "#mukluks", "uv": [ 6.5, 11.5, 7.0, 12.0 ] },
						"east": { "texture": "#mukluks", "uv": [ 7.0, 11.5, 7.5, 12.0 ] },
						"south": { "texture": "#mukluks", "uv": [ 7.5, 11.5, 8.0, 12.0 ] },
						"west": { "texture": "#mukluks", "uv": [ 8.0, 11.5, 8.5, 12.0 ] },
						"up": { "texture": "#mukluks", "uv": [ 6.5, 11.0, 7.0, 11.5 ] },
						"down": { "texture": "#mukluks", "uv": [ 7.0, 11.0, 7.5, 11.5 ] }
					},
					"children": [
						{
							"name": "Lace L 1",
							"from": [ 0.03, -0.8, -0.2 ],
							"to": [ 0.13, 0.2, 0.1 ],
							"uv": [ 6.5, 11.5 ],
							"rotationOrigin": [ 0.0, -0.8, -0.2 ],
							"rotationX": 14.0,
							"faces": {
								"north": { "texture": "#mukluks", "uv": [ 6.5, 12.0, 7.0, 13.0 ] },
								"east": { "texture": "#mukluks", "uv": [ 7.0, 12.0, 7.5, 13.0 ] },
								"south": { "texture": "#mukluks", "uv": [ 7.5, 12.0, 8.0, 13.0 ] },
								"west": { "texture": "#mukluks", "uv": [ 8.0, 12.0, 8.5, 13.0 ] },
								"up": { "texture": "#mukluks", "uv": [ 6.5, 11.5, 7.0, 12.0 ] },
								"down": { "texture": "#mukluks", "uv": [ 7.0, 11.5, 7.5, 12.0 ] }
							}
						},
						{
							"name": "Lace L 2",
							"from": [ 0.03, -0.8, 0.6 ],
							"to": [ 0.13, 0.2, 0.9 ],
							"uv": [ 6.5, 10.5 ],
							"rotationOrigin": [ 0.0, -0.8, 0.6 ],
							"rotationX": -14.0,
							"faces": {
								"north": { "texture": "#mukluks", "uv": [ 6.5, 11.0, 7.0, 12.0 ] },
								"east": { "texture": "#mukluks", "uv": [ 7.0, 11.0, 7.5, 12.0 ] },
								"south": { "texture": "#mukluks", "uv": [ 7.5, 11.0, 8.0, 12.0 ] },
								"west": { "texture": "#mukluks", "uv": [ 8.0, 11.0, 8.5, 12.0 ] },
								"up": { "texture": "#mukluks", "uv": [ 6.5, 10.5, 7.0, 11.0 ] },
								"down": { "texture": "#mukluks", "uv": [ 7.0, 10.5, 7.5, 11.0 ] }
							}
						}
					]
				}
			]
		}
	]}