{
	"editor": {
		"backDropShape": "entity/direwolf-adult",
		"allAngles": false,
		"entityTextureMode": false
	},
	"textureWidth": 16,
	"textureHeight": 16,
	"textureSizes": {
	},
	"textures": {
	},
	"elements": [
		{
			"name": "CookingPotBody",
			"stepParentName": "PotParentL",
			"from": [ -2.0, -2.0, 0.5 ],
			"to": [ 3.0, 2.0, 5.5 ],
			"rotationOrigin": [ -2.0, -2.0, 0.0 ],
			"rotationY": -9.0,
			"faces": {
				"north": { "texture": "#ceramic", "uv": [ 1.0, 2.0, 6.0, 6.0 ], "windMode": [-1,-1,-1,-1], "windData": [1,1,1,1] },
				"east": { "texture": "#ceramic", "uv": [ 1.0, 8.0, 6.0, 12.0 ] },
				"south": { "texture": "#ceramic", "uv": [ 1.0, 2.0, 6.0, 6.0 ], "windMode": [-1,-1,-1,-1], "windData": [1,1,1,1] },
				"west": { "texture": "#ceramic", "uv": [ 1.0, 8.0, 6.0, 12.0 ] },
				"up": { "texture": "#ceramic", "uv": [ 9.0, 0.5, 14.0, 5.5 ], "rotation": 90 },
				"down": { "texture": "#ceramic", "uv": [ 9.0, 0.5, 14.0, 5.5 ], "rotation": 90, "windMode": [-1,-1,-1,-1], "windData": [1,1,1,1] }
			},
			"children": [
				{
					"name": "floor",
					"from": [ 0.5, -0.5, 0.5 ],
					"to": [ 4.5, 0.0, 4.5 ],
					"rotationOrigin": [ 3.5, -0.5, 3.5 ],
					"faces": {
						"north": { "texture": "#ceramic", "uv": [ 8.5, 1.0, 9.0, 5.0 ], "rotation": 90 },
						"east": { "texture": "#ceramic", "uv": [ 9.5, 5.0, 13.5, 5.5 ] },
						"south": { "texture": "#ceramic", "uv": [ 14.0, 1.0, 14.5, 5.0 ], "rotation": 90 },
						"west": { "texture": "#ceramic", "uv": [ 9.5, 0.5, 13.5, 1.0 ] },
						"down": { "texture": "#ceramic", "uv": [ 9.5, 1.0, 13.5, 5.0 ] }
					}
				},
				{
					"name": "PotNeck",
					"from": [ 0.5, 4.0, 0.5 ],
					"to": [ 4.5, 5.0, 4.5 ],
					"rotationOrigin": [ 0.5, -0.5, 0.5 ],
					"faces": {
						"north": { "texture": "#ceramic", "uv": [ 1.5, 1.0, 5.5, 2.0 ] },
						"east": { "texture": "#ceramic", "uv": [ 1.5, 7.0, 5.5, 8.0 ] },
						"south": { "texture": "#ceramic", "uv": [ 1.5, 1.0, 5.5, 2.0 ] },
						"west": { "texture": "#ceramic", "uv": [ 1.5, 7.0, 5.5, 8.0 ] },
						"up": { "texture": "#ceramic", "uv": [ 1.5, 2.0, 5.5, 6.0 ], "windMode": [-1,-1,-1,-1], "windData": [1,1,1,1] }
					}
				},
				{
					"name": "lid",
					"from": [ 0.7, 5.0, 0.7 ],
					"to": [ 4.3, 5.5, 4.3 ],
					"rotationOrigin": [ 3.2, 5.0, 0.7 ],
					"faces": {
						"north": { "texture": "#ceramic", "uv": [ 9.5, 15.0, 13.0, 15.5 ] },
						"east": { "texture": "#ceramic", "uv": [ 9.0, 11.0, 9.5, 14.5 ], "rotation": 90 },
						"south": { "texture": "#ceramic", "uv": [ 9.5, 10.5, 13.0, 11.0 ] },
						"west": { "texture": "#ceramic", "uv": [ 13.5, 11.0, 14.0, 14.5 ], "rotation": 90 },
						"up": { "texture": "#ceramic", "uv": [ 9.5, 11.0, 13.0, 14.5 ] }
					},
					"children": [
						{
							"name": "Cube2",
							"from": [ 1.3, 0.5, 1.3 ],
							"to": [ 2.3, 1.0, 2.3 ],
							"rotationOrigin": [ 1.3, 0.5, 1.3 ],
							"faces": {
								"north": { "texture": "#ceramic", "uv": [ 9.5, 13.0, 10.5, 13.5 ] },
								"east": { "texture": "#ceramic", "uv": [ 12.0, 12.0, 13.0, 12.5 ] },
								"south": { "texture": "#ceramic", "uv": [ 11.0, 11.0, 12.0, 11.5 ] },
								"west": { "texture": "#ceramic", "uv": [ 9.0, 12.0, 10.0, 12.5 ] },
								"up": { "texture": "#ceramic", "uv": [ 9.5, 12.0, 10.5, 13.0 ] }
							}
						}
					]
				},
				{
					"name": "RopeOrigin",
					"from": [ 0.0, 4.8, 2.5 ],
					"to": [ 0.0, 4.8, 2.5 ],
					"rotationOrigin": [ 0.0, 4.0, 2.7 ],
					"rotationX": -22.0,
					"faces": {
					},
					"children": [
						{
							"name": "RopeW",
							"from": [ 0.0, -1.0, 0.0 ],
							"to": [ 0.5, 1.5, 0.5 ],
							"rotationOrigin": [ 0.0, -1.0, 0.0 ],
							"rotationZ": -2.0,
							"faces": {
								"north": { "texture": "#rope", "uv": [ 0.0, 0.0, 0.5, 2.5 ] },
								"east": { "texture": "#rope", "uv": [ 0.0, 0.5, 0.5, 3.0 ] },
								"south": { "texture": "#rope", "uv": [ 0.0, 1.0, 0.5, 3.5 ] },
								"west": { "texture": "#rope", "uv": [ 0.0, 1.5, 0.5, 4.0 ] },
								"up": { "texture": "#rope", "uv": [ 0.0, 0.0, 0.5, 0.5 ] },
								"down": { "texture": "#rope", "uv": [ 0.0, 0.0, 0.5, 0.5 ] }
							},
							"children": [
								{
									"name": "RopeW2",
									"from": [ 0.0, 2.5, 0.0 ],
									"to": [ 0.5, 7.4, 0.5 ],
									"rotationOrigin": [ 0.0, 2.5, 0.0 ],
									"rotationY": -1.0,
									"rotationZ": -28.0,
									"faces": {
										"north": { "texture": "#rope", "uv": [ 0.0, 0.0, 0.5, 4.5 ] },
										"east": { "texture": "#rope", "uv": [ 0.0, 0.5, 0.5, 5.0 ] },
										"south": { "texture": "#rope", "uv": [ 0.0, 1.0, 0.5, 5.5 ] },
										"west": { "texture": "#rope", "uv": [ 0.0, 1.5, 0.5, 6.0 ] },
										"up": { "texture": "#rope", "uv": [ 0.0, 0.0, 0.5, 0.5 ] },
										"down": { "texture": "#rope", "uv": [ 0.0, 0.0, 0.5, 0.5 ] }
									}
								}
							]
						},
						{
							"name": "RopeE",
							"from": [ 4.5, -1.0, 0.0 ],
							"to": [ 5.0, 5.5, 0.5 ],
							"rotationOrigin": [ 5.0, -1.0, 0.0 ],
							"rotationZ": 9.0,
							"faces": {
								"north": { "texture": "#rope", "uv": [ 0.0, 0.0, 0.5, 6.5 ] },
								"east": { "texture": "#rope", "uv": [ 0.0, 0.5, 0.5, 7.0 ] },
								"south": { "texture": "#rope", "uv": [ 0.0, 1.0, 0.5, 7.5 ] },
								"west": { "texture": "#rope", "uv": [ 0.0, 1.5, 0.5, 8.0 ] },
								"up": { "texture": "#rope", "uv": [ 0.0, 0.0, 0.5, 0.5 ] },
								"down": { "texture": "#rope", "uv": [ 0.0, 0.0, 0.5, 0.5 ] }
							},
							"children": [
								{
									"name": "RopeTop",
									"from": [ -1.0, 6.5, 0.0 ],
									"to": [ 0.5, 7.0, 0.5 ],
									"rotationOrigin": [ -1.0, 7.0, 0.0 ],
									"rotationX": -1.0,
									"faces": {
										"north": { "texture": "#rope", "uv": [ 0.0, 0.0, 1.5, 0.5 ] },
										"east": { "texture": "#rope", "uv": [ 0.0, 0.5, 0.5, 1.0 ] },
										"south": { "texture": "#rope", "uv": [ 0.0, 1.0, 1.5, 1.5 ] },
										"west": { "texture": "#rope", "uv": [ 0.0, 1.5, 0.5, 2.0 ] },
										"up": { "texture": "#rope", "uv": [ 0.0, 0.0, 1.5, 0.5 ] },
										"down": { "texture": "#rope", "uv": [ 0.0, 0.0, 1.5, 0.5 ] }
									}
								}
							]
						}
					]
				}
			]
		}
	],
	"animations": [
	]
}