[
    {
        "ingredientPattern": "P,S",
        "ingredients": {
            "P": {
                "type": "block",
                "code": "morefloors:cobbleroad-*-low-n",
                "name": "rock"
            },
            "S": {
                "type": "item",
                "isTool": true,
                "code": "game:shovel-*",
                "toolDurabilityCost": 0
            }
        },
        "width": 1,
        "height": 2,
        "output": {
            "type": "block",
            "code": "morefloors:cobbleroadslab-{rock}-low-n"
    }
    },
    {
        "ingredientPattern": "P,S",
        "ingredients": {
            "P": {
                "type": "block",
                "code": "morefloors:cobbleroad-*-medium-n",
                "name": "rock"
            },
            "S": {
                "type": "item",
                "isTool": true,
                "code": "game:shovel-*",
                "toolDurabilityCost": 0
            }
        },
        "width": 1,
        "height": 2,
        "output": {
            "type": "block",
            "code": "morefloors:cobbleroadslab-{rock}-medium-n"
    }
    },
    {
        "ingredientPattern": "P,S",
        "ingredients": {
            "P": {
                "type": "block",
                "code": "morefloors:cobbleroad-*-verylow-n",
                "name": "rock"
            },
            "S": {
                "type": "item",
                "isTool": true,
                "code": "game:shovel-*",
                "toolDurabilityCost": 0
            }
        },
        "width": 1,
        "height": 2,
        "output": {
            "type": "block",
            "code": "morefloors:cobbleroadslab-{rock}-verylow-n"
    }
    }
]