{
    "ingredientPattern": "RS",
    "ingredients": {
        "R": {
            "type": "item",
            "code": "game:stone-*",
            "allowedVariants": [
                "andesite",
                "basalt",
                "bauxite",
                "granite",
                "peridotite"
            ],
            "name": "stone",
            "quantity": 8
        },
        "S": {
            "type": "block",
            "code": "game:soil-*-none",
            "allowedVariants": [
                "verylow",
                "low",
                "medium"
            ],
            "name": "soil"
        }   
    },
    "width": 2,
    "height": 1,
    "shapeless": true,
    "output": {
        "type": "block",
        "code": "morefloors:cobbleroad-{stone}-{soil}-n"
    }
}