{
	"code": "windowstorageslidingslab",
	"class": "BlockWindowStorage",
	"entityClass": "BEWindowStorageSliding",
	"variantgroups": [
		{
			"code": "wood",
			"states": [ "aged" ],
			"loadFromProperties": "game:block/wood"
		},
		{
			"code": "glass",
			"states": [ "leaded" ]
		},
		{
			"code": "state",
			"states": [ "unlit", "lit" ]
		},
		{
			"code": "side",
			"loadFromProperties": "abstract/horizontalorientation"
		}
	],
	"behaviors": [
		{ "name": "HorizontalOrientable" }
	],
	"shapeByType": {
		"*-north": {
			"base": "windowstorage:block/windowstorage/normal-sliding-slab",
			"rotateY": 0
		},
		"*-east": {
			"base": "windowstorage:block/windowstorage/normal-sliding-slab",
			"rotateY": 270
		},
		"*-west": {
			"base": "windowstorage:block/windowstorage/normal-sliding-slab",
			"rotateY": 90
		},
		"*-south": {
			"base": "windowstorage:block/windowstorage/normal-sliding-slab",
			"rotateY": 180
		}
	},
	"shapeInventoryByType": {
		"*": { "base": "windowstorage:block/windowstorage/normal-inventory" }
	},
	"textures": {
		"lead": { "base": "game:block/glass/frame" },
		"frame": {
			"base": "game:block/wood/debarked/{wood}",
			"overlays": [ "game:block/slightlydarker" ]
		},
		"glass": { "base": "windowstorage:block/glass/{glass}" },
		"putty": { "base": "game:block/glass/frame" }
	},
	"attributes": {
		"reinforcable": false,
		"maxStackSize": 1,
		"transitionSpeedMul": 0.75,
		"handbook": {
			"groupBy": [ "windowstorageslidingslab-*-unlit-*" ],
			"exclude": "*-lit-*"
		}
	},
	"heldTpIdleAnimation": "holdbothhands",
	"creativeinventory": {
		"general": [ "*-unlit-north" ],
		"decorative": [ "*-unlit-north" ],
		"construction": [ "*-unlit-north" ],
		"windowstorage": [ "*-unlit-north" ]
	},
	"drawtype": "json",
	"blockmaterial": "Glass",
	"replaceable": 900,
	"resistance": 1.5,
	"lightAbsorption": 0,
	"lightHsvByType": {
		"*-lit-*": [ 4, 4, 10 ],
		"*-unlit-*": null
	},
	"sidesolid": { "all": true},
	"sideopaque": { "all": false },
	"emitSideAo": { "all": false },
	"sounds": {
		"place": "game:player/buildhigh",
		"break": "game:block/glass",
		"hit": "game:block/glass",
		"walk": "game:walk/wood"
	},
	"combustibleProps": {
		"burnTemperature": 600,
		"burnDuration": 35
	},
	"materialDensity": 400,
	"guiTransform": {
		"translation": {
			"x": -6,
			"y": 0,
			"z": 0
		},
		"rotation": {
			"x": -11,
			"y": 57,
			"z": 91
		},
		"origin": {
			"x": 0.5,
			"y": 0.1,
			"z": 0.5
		},
		"scale": 0.99
	},
	"tpHandTransform": {
		"translation": {
			"x": -0.5,
			"y": -1.1,
			"z": -0.3
		},
		"rotation": {
			"x": 121,
			"y": -11,
			"z": 24
		},
		"scale": 0.9
	},
	"fpHandTransform": {
		"translation": {
			"x": 0.08,
			"y": -0.2,
			"z": 0.6
		},
		"rotation": {
			"x": 33,
			"y": 134,
			"z": -102
		}
	},
	"collisionBoxes": [
		{
			"x1": 0,
			"y1": 0,
			"z1": 0.425,
			"x2": 1,
			"y2": 1,
			"z2": 0.575,
			"rotateYByType": {
				"*-north": 0,
				"*-east": 270,
				"*-west": 90,
				"*-south": 180
			}
		}
	],
	"selectionBoxes": [
		{
			"x1": 0.09375,
			"y1": 0,
			"z1": 1,
			"x2": 0.20982,
			"y2": 0.1,
			"z2": 0.55,
			"rotateYByType": {
				"*-north": 0,
				"*-east": 270,
				"*-west": 90,
				"*-south": 180
			}
		},
		{
			"x1": 0.20982,
			"y1": 0,
			"z1": 1,
			"x2": 0.32589,
			"y2": 0.1,
			"z2": 0.55,
			"rotateYByType": {
				"*-north": 0,
				"*-east": 270,
				"*-west": 90,
				"*-south": 180
			}
		},
		{
			"x1": 0.32589,
			"y1": 0,
			"z1": 1,
			"x2": 0.44196,
			"y2": 0.1,
			"z2": 0.55,
			"rotateYByType": {
				"*-north": 0,
				"*-east": 270,
				"*-west": 90,
				"*-south": 180
			}
		},
		{
			"x1": 0.44196,
			"y1": 0,
			"z1": 1,
			"x2": 0.55804,
			"y2": 0.1,
			"z2": 0.55,
			"rotateYByType": {
				"*-north": 0,
				"*-east": 270,
				"*-west": 90,
				"*-south": 180
			}
		},
		{
			"x1": 0.55804,
			"y1": 0,
			"z1": 1,
			"x2": 0.67411,
			"y2": 0.1,
			"z2": 0.55,
			"rotateYByType": {
				"*-north": 0,
				"*-east": 270,
				"*-west": 90,
				"*-south": 180
			}
		},
		{
			"x1": 0.67411,
			"y1": 0,
			"z1": 1,
			"x2": 0.79018,
			"y2": 0.1,
			"z2": 0.55,
			"rotateYByType": {
				"*-north": 0,
				"*-east": 270,
				"*-west": 90,
				"*-south": 180
			}
		},
		{
			"x1": 0.79018,
			"y1": 0,
			"z1": 1,
			"x2": 0.90625,
			"y2": 0.1,
			"z2": 0.55,
			"rotateYByType": {
				"*-north": 0,
				"*-east": 270,
				"*-west": 90,
				"*-south": 180
			}
		},
		{
			"x1": 0,
			"y1": 0,
			"z1": 0.425,
			"x2": 1,
			"y2": 1,
			"z2": 0.575,
			"rotateYByType": {
				"*-north": 0,
				"*-east": 270,
				"*-west": 90,
				"*-south": 180
			}
		}
	]
}
