[
    {
        "op": "add",
        "path": "/server/behaviors/8/aitasks/-",
        "value": {
            "code": "freezeNear",
            "entityCodes": [
                "cat-*"
            ],
            "priorityByType": {
                "*-surface": 4,
                "*-deep": 1.9,
                "*-tainted": 1.4,
                "*-corrupt": 1.2,
                "*-nightmare": 0.9,
                "*-stilt": 0.9,
                "*-bellhead": 0.9,
                "*-deepsplit": 0.9
            },
            "movespeed": 0.018,
            "seekingRange": 8,
            "animationSpeed": 1.0,
            "animation": "headbang"
        },
        "file": "game:entities/lore/shiver.json"
    }
]