{
	"editor": {
		"allAngles": true,
		"entityTextureMode": false
	},
	"textureWidth": 64,
	"textureHeight": 64,
	"textureSizes": {
	},
	"textures": {
	},
	"elements": [
		{
			"name": "body",
			"from": [ 7.7, 0.25, 7.65 ],
			"to": [ 9.0, 1.05, 8.35 ],
			"rotationOrigin": [ 8.3, 0.6, 8.05 ],
			"rotationX": -80.0,
			"rotationZ": -2.0,
			"faces": {
				"north": { "texture": "#grade", "uv": [ 0.0, 8.0, 8.0, 21.0 ], "rotation": 270, "autoUv": false },
				"east": { "texture": "#grade", "uv": [ 8.0, 0.0, 15.0, 8.0 ], "rotation": 180, "autoUv": false },
				"south": { "texture": "#grade", "uv": [ 15.0, 8.0, 23.0, 21.0 ], "rotation": 90, "autoUv": false },
				"west": { "texture": "#grade", "uv": [ 8.0, 21.0, 15.0, 29.0 ], "autoUv": false },
				"up": { "texture": "#grade", "uv": [ 8.0, 8.0, 15.0, 21.0 ], "rotation": 90, "autoUv": false },
				"down": { "texture": "#grade", "uv": [ 23.0, 8.0, 30.0, 21.0 ], "rotation": 270, "autoUv": false }
			},
			"children": [
				{
					"name": "neck",
					"from": [ -0.5, 0.08, 0.1 ],
					"to": [ 0.2, 0.78, 0.6 ],
					"rotationOrigin": [ 0.2, 0.48, 0.35 ],
					"rotationZ": -22.0,
					"faces": {
						"north": { "texture": "#grade", "uv": [ 32.0, 9.0, 39.0, 16.0 ], "autoUv": false },
						"south": { "texture": "#grade", "uv": [ 44.0, 9.0, 51.0, 16.0 ], "autoUv": false },
						"west": { "texture": "#grade", "uv": [ 39.0, 9.0, 44.0, 16.0 ], "autoUv": false },
						"up": { "texture": "#grade", "uv": [ 39.0, 2.0, 44.0, 9.0 ], "rotation": 90, "autoUv": false },
						"down": { "texture": "#grade", "uv": [ 39.0, 16.0, 44.0, 23.0 ], "rotation": 90, "autoUv": false }
					},
					"children": [
						{
							"name": "cheeks",
							"from": [ -0.15, 0.02, -0.05 ],
							"to": [ 0.25, 0.42, 0.55 ],
							"rotationOrigin": [ 0.15, 0.22, 0.25 ],
							"rotationZ": -4.0,
							"faces": {
								"north": { "texture": "#grade", "uv": [ 16.0, 29.0, 20.0, 33.0 ], "autoUv": false },
								"east": { "texture": "#grade", "uv": [ 30.0, 29.0, 36.0, 33.0 ], "autoUv": false },
								"south": { "texture": "#grade", "uv": [ 26.0, 29.0, 30.0, 33.0 ], "autoUv": false },
								"west": { "texture": "#grade", "uv": [ 20.0, 29.0, 26.0, 33.0 ], "autoUv": false },
								"up": { "texture": "#grade", "uv": [ 20.0, 25.0, 26.0, 29.0 ], "rotation": 90, "autoUv": false },
								"down": { "texture": "#grade", "uv": [ 20.0, 33.0, 26.0, 37.0 ], "rotation": 90, "autoUv": false }
							}
						},
						{
							"name": "head",
							"from": [ -0.65, 0.5, 0.1 ],
							"to": [ 0.05, 0.7, 0.4 ],
							"rotationOrigin": [ 0.05, 0.65, 0.25 ],
							"rotationZ": 46.0,
							"faces": {
								"north": { "texture": "#grade", "uv": [ 44.0, 26.0, 46.0, 33.0 ], "rotation": 270, "autoUv": false },
								"south": { "texture": "#grade", "uv": [ 49.0, 26.0, 51.0, 33.0 ], "rotation": 90, "autoUv": false },
								"west": { "texture": "#grade", "uv": [ 46.0, 33.0, 49.0, 35.0 ], "autoUv": false },
								"up": { "texture": "#grade", "uv": [ 46.0, 26.0, 49.0, 33.0 ], "rotation": 90, "autoUv": false },
								"down": { "texture": "#grade", "uv": [ 51.0, 26.0, 54.0, 33.0 ], "rotation": 270, "autoUv": false }
							}
						},
						{
							"name": "jaw",
							"from": [ -0.31, 0.17, 0.15 ],
							"to": [ 0.09, 0.27, 0.35 ],
							"rotationOrigin": [ 0.09, 0.22, 0.25 ],
							"rotationZ": 23.0,
							"faces": {
								"north": { "texture": "#grade", "uv": [ 56.0, 29.0, 57.0, 33.0 ], "rotation": 270, "autoUv": false },
								"south": { "texture": "#grade", "uv": [ 59.0, 29.0, 60.0, 33.0 ], "rotation": 90, "autoUv": false },
								"west": { "texture": "#grade", "uv": [ 57.0, 33.0, 59.0, 34.0 ], "autoUv": false },
								"up": { "texture": "#grade", "uv": [ 57.0, 29.0, 59.0, 33.0 ], "rotation": 90, "autoUv": false },
								"down": { "texture": "#grade", "uv": [ 60.0, 29.0, 62.0, 33.0 ], "rotation": 270, "autoUv": false }
							},
							"children": [
								{
									"name": "R tooth",
									"from": [ 0.08, 0.05, -0.02 ],
									"to": [ 0.18, 0.25, 0.08 ],
									"rotationOrigin": [ 0.13, 0.05, 0.03 ],
									"rotationX": -25.0,
									"rotationZ": 15.0,
									"faces": {
										"north": { "texture": "#grade", "uv": [ 3.0, 32.0, 4.0, 34.0 ], "autoUv": false },
										"east": { "texture": "#grade", "uv": [ 6.0, 32.0, 7.0, 34.0 ], "autoUv": false },
										"south": { "texture": "#grade", "uv": [ 5.0, 32.0, 6.0, 34.0 ], "autoUv": false },
										"west": { "texture": "#grade", "uv": [ 4.0, 32.0, 5.0, 34.0 ], "autoUv": false },
										"up": { "texture": "#grade", "uv": [ 4.0, 31.0, 5.0, 32.0 ], "rotation": 90, "autoUv": false },
										"down": { "texture": "#grade", "uv": [ 4.0, 34.0, 5.0, 35.0 ], "rotation": 90, "autoUv": false }
									}
								},
								{
									"name": "R tooth18",
									"from": [ 0.08, 0.05, 0.12 ],
									"to": [ 0.18, 0.25, 0.22 ],
									"rotationOrigin": [ 0.13, 0.05, 0.17 ],
									"rotationX": 25.0,
									"rotationZ": 15.0,
									"faces": {
										"north": { "texture": "#grade", "uv": [ 7.0, 32.0, 8.0, 34.0 ], "autoUv": false },
										"east": { "texture": "#grade", "uv": [ 10.0, 32.0, 11.0, 34.0 ], "autoUv": false },
										"south": { "texture": "#grade", "uv": [ 9.0, 32.0, 10.0, 34.0 ], "autoUv": false },
										"west": { "texture": "#grade", "uv": [ 8.0, 32.0, 9.0, 34.0 ], "autoUv": false },
										"up": { "texture": "#grade", "uv": [ 8.0, 31.0, 9.0, 32.0 ], "rotation": 90, "autoUv": false },
										"down": { "texture": "#grade", "uv": [ 8.0, 34.0, 9.0, 35.0 ], "rotation": 90, "autoUv": false }
									}
								}
							]
						},
						{
							"name": "R ear",
							"from": [ 0.05, 0.63, -0.02 ],
							"to": [ 0.15, 0.93, 0.18 ],
							"rotationOrigin": [ 0.1, 0.63, 0.08 ],
							"rotationX": -40.0,
							"rotationY": -20.0,
							"faces": {
								"north": { "texture": "#grade", "uv": [ 18.0, 2.0, 19.0, 5.0 ], "autoUv": false },
								"east": { "texture": "#grade", "uv": [ 22.0, 2.0, 24.0, 5.0 ], "autoUv": false },
								"south": { "texture": "#grade", "uv": [ 21.0, 2.0, 22.0, 5.0 ], "autoUv": false },
								"west": { "texture": "#grade", "uv": [ 19.0, 2.0, 21.0, 5.0 ], "autoUv": false },
								"up": { "texture": "#grade", "uv": [ 19.0, 1.0, 21.0, 2.0 ], "rotation": 90, "autoUv": false }
							}
						},
						{
							"name": "L eat",
							"from": [ 0.05, 0.63, 0.32 ],
							"to": [ 0.15, 0.93, 0.52 ],
							"rotationOrigin": [ 0.1, 0.63, 0.42 ],
							"rotationX": 40.0,
							"rotationY": 20.0,
							"faces": {
								"north": { "texture": "#grade", "uv": [ 26.0, 2.0, 27.0, 5.0 ], "autoUv": false },
								"east": { "texture": "#grade", "uv": [ 30.0, 2.0, 32.0, 5.0 ], "autoUv": false },
								"south": { "texture": "#grade", "uv": [ 29.0, 2.0, 30.0, 5.0 ], "autoUv": false },
								"west": { "texture": "#grade", "uv": [ 27.0, 2.0, 29.0, 5.0 ], "autoUv": false },
								"up": { "texture": "#grade", "uv": [ 27.0, 1.0, 29.0, 2.0 ], "rotation": 90, "autoUv": false }
							}
						},
						{
							"name": "R front leg",
							"from": [ 0.3, -0.1, -0.08 ],
							"to": [ 0.6, 0.5, 0.22 ],
							"rotationOrigin": [ 0.45, 0.4, 0.06 ],
							"rotationX": -6.0,
							"rotationZ": 12.0,
							"faces": {
								"north": { "texture": "#grade", "uv": [ 2.0, 42.0, 5.0, 48.0 ], "autoUv": false },
								"east": { "texture": "#grade", "uv": [ 11.0, 42.0, 14.0, 48.0 ], "autoUv": false },
								"south": { "texture": "#grade", "uv": [ 8.0, 42.0, 11.0, 48.0 ], "autoUv": false },
								"west": { "texture": "#grade", "uv": [ 5.0, 42.0, 8.0, 48.0 ], "autoUv": false },
								"up": { "texture": "#grade", "uv": [ 5.0, 39.0, 8.0, 42.0 ], "rotation": 90, "autoUv": false },
								"down": { "texture": "#grade", "uv": [ 5.0, 48.0, 8.0, 51.0 ], "rotation": 90, "autoUv": false }
							},
							"children": [
								{
									"name": "R front feet",
									"from": [ 0.05, -0.48, 0.05 ],
									"to": [ 0.25, 0.12, 0.25 ],
									"rotationOrigin": [ 0.15, 0.12, 0.15 ],
									"rotationX": 3.0,
									"rotationZ": -22.0,
									"faces": {
										"north": { "texture": "#grade", "uv": [ 3.0, 55.0, 5.0, 61.0 ], "autoUv": false },
										"east": { "texture": "#grade", "uv": [ 9.0, 55.0, 11.0, 61.0 ], "autoUv": false },
										"south": { "texture": "#grade", "uv": [ 7.0, 55.0, 9.0, 61.0 ], "autoUv": false },
										"west": { "texture": "#grade", "uv": [ 5.0, 55.0, 7.0, 61.0 ], "autoUv": false },
										"up": { "texture": "#grade", "uv": [ 5.0, 53.0, 7.0, 55.0 ], "rotation": 90, "autoUv": false },
										"down": { "texture": "#grade", "uv": [ 5.0, 61.0, 7.0, 63.0 ], "rotation": 90, "autoUv": false }
									}
								}
							]
						},
						{
							"name": "L front leg",
							"from": [ 0.3, -0.1, 0.28 ],
							"to": [ 0.6, 0.5, 0.58 ],
							"rotationOrigin": [ 0.45, 0.4, 0.42 ],
							"rotationX": 8.0,
							"rotationZ": 8.0,
							"faces": {
								"north": { "texture": "#grade", "uv": [ 16.0, 42.0, 19.0, 48.0 ], "autoUv": false },
								"east": { "texture": "#grade", "uv": [ 25.0, 42.0, 28.0, 48.0 ], "autoUv": false },
								"south": { "texture": "#grade", "uv": [ 22.0, 42.0, 25.0, 48.0 ], "autoUv": false },
								"west": { "texture": "#grade", "uv": [ 19.0, 42.0, 22.0, 48.0 ], "autoUv": false },
								"up": { "texture": "#grade", "uv": [ 19.0, 39.0, 22.0, 42.0 ], "rotation": 90, "autoUv": false },
								"down": { "texture": "#grade", "uv": [ 19.0, 48.0, 22.0, 51.0 ], "rotation": 90, "autoUv": false }
							},
							"children": [
								{
									"name": "L front feet",
									"from": [ 0.05, -0.48, 0.05 ],
									"to": [ 0.25, 0.12, 0.25 ],
									"rotationOrigin": [ 0.15, 0.12, 0.15 ],
									"rotationX": -4.0,
									"rotationZ": -22.0,
									"faces": {
										"north": { "texture": "#grade", "uv": [ 17.0, 55.0, 19.0, 61.0 ], "autoUv": false },
										"east": { "texture": "#grade", "uv": [ 23.0, 55.0, 25.0, 61.0 ], "autoUv": false },
										"south": { "texture": "#grade", "uv": [ 21.0, 55.0, 23.0, 61.0 ], "autoUv": false },
										"west": { "texture": "#grade", "uv": [ 19.0, 55.0, 21.0, 61.0 ], "autoUv": false },
										"up": { "texture": "#grade", "uv": [ 19.0, 53.0, 21.0, 55.0 ], "rotation": 90, "autoUv": false },
										"down": { "texture": "#grade", "uv": [ 19.0, 61.0, 21.0, 63.0 ], "rotation": 90, "autoUv": false }
									}
								}
							]
						}
					],
					"attachmentpoints": [
						{
							"code": "rope",
							"posX": "3.0","posY": "5.0","posZ": "2.6",
							"rotationX": "0.0","rotationY": "0.0","rotationZ": "0.0"
						}
					]
				},
				{
					"name": "R back leg",
					"from": [ 0.8, -0.11, -0.1 ],
					"to": [ 1.2, 0.49, 0.2 ],
					"rotationOrigin": [ 1.0, 0.49, 0.05 ],
					"rotationX": -11.0,
					"rotationZ": 6.0,
					"faces": {
						"north": { "texture": "#grade", "uv": [ 39.0, 42.0, 43.0, 48.0 ], "autoUv": false },
						"east": { "texture": "#grade", "uv": [ 36.0, 42.0, 39.0, 48.0 ], "autoUv": false },
						"south": { "texture": "#grade", "uv": [ 32.0, 42.0, 36.0, 48.0 ], "autoUv": false },
						"west": { "texture": "#grade", "uv": [ 43.0, 42.0, 46.0, 48.0 ], "autoUv": false },
						"up": { "texture": "#grade", "uv": [ 36.0, 38.0, 39.0, 42.0 ], "rotation": 270, "autoUv": false },
						"down": { "texture": "#grade", "uv": [ 36.0, 48.0, 39.0, 52.0 ], "rotation": 270, "autoUv": false }
					},
					"children": [
						{
							"name": "R back feet",
							"from": [ 0.13, -0.44, 0.05 ],
							"to": [ 0.33, 0.16, 0.25 ],
							"rotationOrigin": [ 0.23, 0.16, 0.2 ],
							"rotationX": -6.0,
							"rotationZ": -22.0,
							"faces": {
								"north": { "texture": "#grade", "uv": [ 42.0, 55.0, 44.0, 61.0 ], "autoUv": false },
								"east": { "texture": "#grade", "uv": [ 40.0, 55.0, 42.0, 61.0 ], "autoUv": false },
								"south": { "texture": "#grade", "uv": [ 38.0, 55.0, 40.0, 61.0 ], "autoUv": false },
								"west": { "texture": "#grade", "uv": [ 44.0, 55.0, 46.0, 61.0 ], "autoUv": false },
								"up": { "texture": "#grade", "uv": [ 40.0, 53.0, 42.0, 55.0 ], "rotation": 270, "autoUv": false },
								"down": { "texture": "#grade", "uv": [ 40.0, 61.0, 42.0, 63.0 ], "rotation": 270, "autoUv": false }
							}
						}
					]
				},
				{
					"name": "L back leg",
					"from": [ 0.8, -0.11, 0.5 ],
					"to": [ 1.2, 0.49, 0.8 ],
					"rotationOrigin": [ 1.0, 0.49, 0.65 ],
					"rotationX": 9.0,
					"rotationZ": 3.0,
					"faces": {
						"north": { "texture": "#grade", "uv": [ 55.0, 42.0, 59.0, 48.0 ], "autoUv": false },
						"east": { "texture": "#grade", "uv": [ 52.0, 42.0, 55.0, 48.0 ], "autoUv": false },
						"south": { "texture": "#grade", "uv": [ 48.0, 42.0, 52.0, 48.0 ], "autoUv": false },
						"west": { "texture": "#grade", "uv": [ 59.0, 42.0, 62.0, 48.0 ], "autoUv": false },
						"up": { "texture": "#grade", "uv": [ 52.0, 38.0, 55.0, 42.0 ], "rotation": 270, "autoUv": false },
						"down": { "texture": "#grade", "uv": [ 52.0, 48.0, 55.0, 52.0 ], "rotation": 270, "autoUv": false }
					},
					"children": [
						{
							"name": "L back feet",
							"from": [ 0.13, -0.44, 0.0 ],
							"to": [ 0.33, 0.16, 0.2 ],
							"rotationOrigin": [ 0.23, 0.16, 0.1 ],
							"rotationX": -8.0,
							"rotationZ": -22.0,
							"faces": {
								"north": { "texture": "#grade", "uv": [ 58.0, 55.0, 60.0, 61.0 ], "autoUv": false },
								"east": { "texture": "#grade", "uv": [ 56.0, 55.0, 58.0, 61.0 ], "autoUv": false },
								"south": { "texture": "#grade", "uv": [ 54.0, 55.0, 56.0, 61.0 ], "autoUv": false },
								"west": { "texture": "#grade", "uv": [ 60.0, 55.0, 62.0, 61.0 ], "autoUv": false },
								"up": { "texture": "#grade", "uv": [ 56.0, 53.0, 58.0, 55.0 ], "rotation": 270, "autoUv": false },
								"down": { "texture": "#grade", "uv": [ 56.0, 61.0, 58.0, 63.0 ], "rotation": 270, "autoUv": false }
							}
						}
					]
				},
				{
					"name": "tail",
					"from": [ 1.2, 0.25, 0.3 ],
					"to": [ 1.3, 0.65, 0.4 ],
					"rotationOrigin": [ 1.25, 0.65, 0.35 ],
					"rotationZ": 39.0,
					"faces": {
						"north": { "texture": "#grade", "uv": [ 58.0, 11.0, 59.0, 15.0 ], "autoUv": false },
						"east": { "texture": "#grade", "uv": [ 57.0, 11.0, 58.0, 15.0 ], "autoUv": false },
						"south": { "texture": "#grade", "uv": [ 56.0, 11.0, 57.0, 15.0 ], "autoUv": false },
						"west": { "texture": "#grade", "uv": [ 59.0, 11.0, 60.0, 15.0 ], "autoUv": false },
						"up": { "texture": "#grade", "uv": [ 57.0, 10.0, 58.0, 11.0 ], "rotation": 270, "autoUv": false },
						"down": { "texture": "#grade", "uv": [ 57.0, 15.0, 58.0, 16.0 ], "rotation": 270, "autoUv": false }
					}
				}
			],
			"attachmentpoints": [
				{
					"code": "Center",
					"posX": "6.0","posY": "4.0","posZ": "3.5",
					"rotationX": "0.0","rotationY": "0.0","rotationZ": "0.0"
				}
			]
		},
		{
			"name": "Base2",
			"from": [ 8.0, 0.0, 8.0 ],
			"to": [ 9.0, 0.25, 9.0 ],
			"rotationOrigin": [ 8.3774, 0.0349, 8.3095 ],
			"faces": {
				"north": { "texture": "#base", "uv": [ 1.0, 6.0, 6.5, 11.0 ], "autoUv": false },
				"east": { "texture": "#base", "uv": [ 17.0, 6.0, 22.0, 11.0 ], "autoUv": false },
				"south": { "texture": "#base", "uv": [ 11.5, 6.0, 17.0, 11.0 ], "autoUv": false },
				"west": { "texture": "#base", "uv": [ 6.5, 6.0, 11.5, 11.0 ], "autoUv": false },
				"up": { "texture": "#base", "uv": [ 6.5, 0.5, 11.5, 6.0 ], "rotation": 90, "autoUv": false },
				"down": { "texture": "#base", "uv": [ 6.5, 11.0, 11.5, 16.5 ], "rotation": 90, "autoUv": false }
			},
			"children": [
				{
					"name": "Base3",
					"from": [ -1.0, 0.0, 0.0 ],
					"to": [ 0.0, 0.25, 1.0 ],
					"rotationOrigin": [ -0.6226, 0.0049, 0.3096 ],
					"faces": {
						"north": { "texture": "#base", "uv": [ 1.0, 6.0, 6.5, 11.0 ], "autoUv": false },
						"east": { "texture": "#base", "uv": [ 17.0, 6.0, 22.0, 11.0 ], "autoUv": false },
						"south": { "texture": "#base", "uv": [ 11.5, 6.0, 17.0, 11.0 ], "autoUv": false },
						"west": { "texture": "#base", "uv": [ 6.5, 6.0, 11.5, 11.0 ], "autoUv": false },
						"up": { "texture": "#base", "uv": [ 6.5, 0.5, 11.5, 6.0 ], "rotation": 90, "autoUv": false },
						"down": { "texture": "#base", "uv": [ 6.5, 11.0, 11.5, 16.5 ], "rotation": 90, "autoUv": false }
					}
				},
				{
					"name": "Base4",
					"from": [ -1.6, 0.0, 0.0 ],
					"to": [ -1.0, 0.25, 1.0 ],
					"rotationOrigin": [ -1.2226, 0.0049, 0.3096 ],
					"faces": {
						"north": { "texture": "#base", "uv": [ 1.0, 6.0, 6.5, 11.0 ], "autoUv": false },
						"east": { "texture": "#base", "uv": [ 17.0, 6.0, 22.0, 11.0 ], "autoUv": false },
						"south": { "texture": "#base", "uv": [ 11.5, 6.0, 17.0, 11.0 ], "autoUv": false },
						"west": { "texture": "#base", "uv": [ 6.5, 6.0, 11.5, 11.0 ], "autoUv": false },
						"up": { "texture": "#base", "uv": [ 6.5, 0.5, 11.5, 6.0 ], "rotation": 90, "autoUv": false },
						"down": { "texture": "#base", "uv": [ 6.5, 11.0, 11.5, 16.5 ], "rotation": 90, "autoUv": false }
					}
				},
				{
					"name": "Base5",
					"from": [ -1.6, 0.0, -1.0 ],
					"to": [ -1.0, 0.25, 0.0 ],
					"rotationOrigin": [ -1.2226, 0.0049, -0.6905 ],
					"faces": {
						"north": { "texture": "#base", "uv": [ 1.0, 6.0, 6.5, 11.0 ], "autoUv": false },
						"east": { "texture": "#base", "uv": [ 17.0, 6.0, 22.0, 11.0 ], "autoUv": false },
						"south": { "texture": "#base", "uv": [ 11.5, 6.0, 17.0, 11.0 ], "autoUv": false },
						"west": { "texture": "#base", "uv": [ 6.5, 6.0, 11.5, 11.0 ], "autoUv": false },
						"up": { "texture": "#base", "uv": [ 6.5, 0.5, 11.5, 6.0 ], "rotation": 90, "autoUv": false },
						"down": { "texture": "#base", "uv": [ 6.5, 11.0, 11.5, 16.5 ], "rotation": 90, "autoUv": false }
					}
				},
				{
					"name": "Base12",
					"from": [ -1.0, 0.0, -1.0 ],
					"to": [ 0.0, 0.25, 0.0 ],
					"rotationOrigin": [ -0.6226, 0.0049, -0.6905 ],
					"faces": {
						"north": { "texture": "#base", "uv": [ 1.0, 6.0, 6.5, 11.0 ], "autoUv": false },
						"east": { "texture": "#base", "uv": [ 17.0, 6.0, 22.0, 11.0 ], "autoUv": false },
						"south": { "texture": "#base", "uv": [ 11.5, 6.0, 17.0, 11.0 ], "autoUv": false },
						"west": { "texture": "#base", "uv": [ 6.5, 6.0, 11.5, 11.0 ], "autoUv": false },
						"up": { "texture": "#base", "uv": [ 6.5, 0.5, 11.5, 6.0 ], "rotation": 90, "autoUv": false },
						"down": { "texture": "#base", "uv": [ 6.5, 11.0, 11.5, 16.5 ], "rotation": 90, "autoUv": false }
					}
				},
				{
					"name": "Base13",
					"from": [ 1.0, 0.0, 0.0 ],
					"to": [ 1.6, 0.25, 1.0 ],
					"rotationOrigin": [ 1.3774, 0.0049, 0.3096 ],
					"faces": {
						"north": { "texture": "#base", "uv": [ 1.0, 6.0, 6.5, 11.0 ], "autoUv": false },
						"east": { "texture": "#base", "uv": [ 17.0, 6.0, 22.0, 11.0 ], "autoUv": false },
						"south": { "texture": "#base", "uv": [ 11.5, 6.0, 17.0, 11.0 ], "autoUv": false },
						"west": { "texture": "#base", "uv": [ 6.5, 6.0, 11.5, 11.0 ], "autoUv": false },
						"up": { "texture": "#base", "uv": [ 6.5, 0.5, 11.5, 6.0 ], "rotation": 90, "autoUv": false },
						"down": { "texture": "#base", "uv": [ 6.5, 11.0, 11.5, 16.5 ], "rotation": 90, "autoUv": false }
					}
				},
				{
					"name": "Base14",
					"from": [ 1.0, 0.0, -1.0 ],
					"to": [ 1.6, 0.25, 0.0 ],
					"rotationOrigin": [ 1.3774, 0.0049, -0.6905 ],
					"faces": {
						"north": { "texture": "#base", "uv": [ 1.0, 6.0, 6.5, 11.0 ], "autoUv": false },
						"east": { "texture": "#base", "uv": [ 17.0, 6.0, 22.0, 11.0 ], "autoUv": false },
						"south": { "texture": "#base", "uv": [ 11.5, 6.0, 17.0, 11.0 ], "autoUv": false },
						"west": { "texture": "#base", "uv": [ 6.5, 6.0, 11.5, 11.0 ], "autoUv": false },
						"up": { "texture": "#base", "uv": [ 6.5, 0.5, 11.5, 6.0 ], "rotation": 90, "autoUv": false },
						"down": { "texture": "#base", "uv": [ 6.5, 11.0, 11.5, 16.5 ], "rotation": 90, "autoUv": false }
					}
				},
				{
					"name": "Base17",
					"from": [ 0.0, 0.0, -1.0 ],
					"to": [ 1.0, 0.25, 0.0 ],
					"rotationOrigin": [ 0.3774, 0.0049, -0.6904 ],
					"faces": {
						"north": { "texture": "#base", "uv": [ 1.0, 6.0, 6.5, 11.0 ], "autoUv": false },
						"east": { "texture": "#base", "uv": [ 17.0, 6.0, 22.0, 11.0 ], "autoUv": false },
						"south": { "texture": "#base", "uv": [ 11.5, 6.0, 17.0, 11.0 ], "autoUv": false },
						"west": { "texture": "#base", "uv": [ 6.5, 6.0, 11.5, 11.0 ], "autoUv": false },
						"up": { "texture": "#base", "uv": [ 6.5, 0.5, 11.5, 6.0 ], "rotation": 90, "autoUv": false },
						"down": { "texture": "#base", "uv": [ 6.5, 11.0, 11.5, 16.5 ], "rotation": 90, "autoUv": false }
					}
				},
				{
					"name": "Base15",
					"from": [ -1.0, 0.0, -1.5 ],
					"to": [ 0.0, 0.25, -1.0 ],
					"rotationOrigin": [ -0.6226, 0.0049, -1.1905 ],
					"faces": {
						"north": { "texture": "#base", "uv": [ 1.0, 6.0, 6.5, 11.0 ], "autoUv": false },
						"east": { "texture": "#base", "uv": [ 17.0, 6.0, 22.0, 11.0 ], "autoUv": false },
						"south": { "texture": "#base", "uv": [ 11.5, 6.0, 17.0, 11.0 ], "autoUv": false },
						"west": { "texture": "#base", "uv": [ 6.5, 6.0, 11.5, 11.0 ], "autoUv": false },
						"up": { "texture": "#base", "uv": [ 6.5, 0.5, 11.5, 6.0 ], "rotation": 90, "autoUv": false },
						"down": { "texture": "#base", "uv": [ 6.5, 11.0, 11.5, 16.5 ], "rotation": 90, "autoUv": false }
					}
				},
				{
					"name": "Base16",
					"from": [ 0.0, 0.0, -1.5 ],
					"to": [ 1.0, 0.25, -1.0 ],
					"rotationOrigin": [ 0.3774, 0.0049, -1.1905 ],
					"faces": {
						"north": { "texture": "#base", "uv": [ 1.0, 6.0, 6.5, 11.0 ], "autoUv": false },
						"east": { "texture": "#base", "uv": [ 17.0, 6.0, 22.0, 11.0 ], "autoUv": false },
						"south": { "texture": "#base", "uv": [ 11.5, 6.0, 17.0, 11.0 ], "autoUv": false },
						"west": { "texture": "#base", "uv": [ 6.5, 6.0, 11.5, 11.0 ], "autoUv": false },
						"up": { "texture": "#base", "uv": [ 6.5, 0.5, 11.5, 6.0 ], "rotation": 90, "autoUv": false },
						"down": { "texture": "#base", "uv": [ 6.5, 11.0, 11.5, 16.5 ], "rotation": 90, "autoUv": false }
					}
				},
				{
					"name": "Base18",
					"from": [ 1.0, 0.0, -1.5 ],
					"to": [ 1.6, 0.25, -1.0 ],
					"rotationOrigin": [ 1.3774, 0.0049, -1.1905 ],
					"faces": {
						"north": { "texture": "#base", "uv": [ 1.0, 6.0, 6.5, 11.0 ], "autoUv": false },
						"east": { "texture": "#base", "uv": [ 17.0, 6.0, 22.0, 11.0 ], "autoUv": false },
						"south": { "texture": "#base", "uv": [ 11.5, 6.0, 17.0, 11.0 ], "autoUv": false },
						"west": { "texture": "#base", "uv": [ 6.5, 6.0, 11.5, 11.0 ], "autoUv": false },
						"up": { "texture": "#base", "uv": [ 6.5, 0.5, 11.5, 6.0 ], "rotation": 90, "autoUv": false },
						"down": { "texture": "#base", "uv": [ 6.5, 11.0, 11.5, 16.5 ], "rotation": 90, "autoUv": false }
					}
				},
				{
					"name": "Base19",
					"from": [ -1.6, 0.0, -1.5 ],
					"to": [ -1.0, 0.25, -1.0 ],
					"rotationOrigin": [ -1.2226, 0.0049, -1.1905 ],
					"faces": {
						"north": { "texture": "#base", "uv": [ 1.0, 6.0, 6.5, 11.0 ], "autoUv": false },
						"east": { "texture": "#base", "uv": [ 17.0, 6.0, 22.0, 11.0 ], "autoUv": false },
						"south": { "texture": "#base", "uv": [ 11.5, 6.0, 17.0, 11.0 ], "autoUv": false },
						"west": { "texture": "#base", "uv": [ 6.5, 6.0, 11.5, 11.0 ], "autoUv": false },
						"up": { "texture": "#base", "uv": [ 6.5, 0.5, 11.5, 6.0 ], "rotation": 90, "autoUv": false },
						"down": { "texture": "#base", "uv": [ 6.5, 11.0, 11.5, 16.5 ], "rotation": 90, "autoUv": false }
					}
				},
				{
					"name": "Base20",
					"from": [ -1.0, 0.0, 1.0 ],
					"to": [ 0.0, 0.25, 1.5 ],
					"rotationOrigin": [ -0.6226, 0.0049, 1.3095 ],
					"faces": {
						"north": { "texture": "#base", "uv": [ 1.0, 6.0, 6.5, 11.0 ], "autoUv": false },
						"east": { "texture": "#base", "uv": [ 17.0, 6.0, 22.0, 11.0 ], "autoUv": false },
						"south": { "texture": "#base", "uv": [ 11.5, 6.0, 17.0, 11.0 ], "autoUv": false },
						"west": { "texture": "#base", "uv": [ 6.5, 6.0, 11.5, 11.0 ], "autoUv": false },
						"up": { "texture": "#base", "uv": [ 6.5, 0.5, 11.5, 6.0 ], "rotation": 90, "autoUv": false },
						"down": { "texture": "#base", "uv": [ 6.5, 11.0, 11.5, 16.5 ], "rotation": 90, "autoUv": false }
					}
				},
				{
					"name": "Base21",
					"from": [ 0.0, 0.0, 1.0 ],
					"to": [ 1.0, 0.25, 1.5 ],
					"rotationOrigin": [ 0.3774, 0.0049, 1.3095 ],
					"faces": {
						"north": { "texture": "#base", "uv": [ 1.0, 6.0, 6.5, 11.0 ], "autoUv": false },
						"east": { "texture": "#base", "uv": [ 17.0, 6.0, 22.0, 11.0 ], "autoUv": false },
						"south": { "texture": "#base", "uv": [ 11.5, 6.0, 17.0, 11.0 ], "autoUv": false },
						"west": { "texture": "#base", "uv": [ 6.5, 6.0, 11.5, 11.0 ], "autoUv": false },
						"up": { "texture": "#base", "uv": [ 6.5, 0.5, 11.5, 6.0 ], "rotation": 90, "autoUv": false },
						"down": { "texture": "#base", "uv": [ 6.5, 11.0, 11.5, 16.5 ], "rotation": 90, "autoUv": false }
					}
				},
				{
					"name": "Base22",
					"from": [ -1.6, 0.0, 1.0 ],
					"to": [ -1.0, 0.25, 1.5 ],
					"rotationOrigin": [ -1.2226, 0.0049, 1.3095 ],
					"faces": {
						"north": { "texture": "#base", "uv": [ 1.0, 6.0, 6.5, 11.0 ], "autoUv": false },
						"east": { "texture": "#base", "uv": [ 17.0, 6.0, 22.0, 11.0 ], "autoUv": false },
						"south": { "texture": "#base", "uv": [ 11.5, 6.0, 17.0, 11.0 ], "autoUv": false },
						"west": { "texture": "#base", "uv": [ 6.5, 6.0, 11.5, 11.0 ], "autoUv": false },
						"up": { "texture": "#base", "uv": [ 6.5, 0.5, 11.5, 6.0 ], "rotation": 90, "autoUv": false },
						"down": { "texture": "#base", "uv": [ 6.5, 11.0, 11.5, 16.5 ], "rotation": 90, "autoUv": false }
					}
				},
				{
					"name": "Base23",
					"from": [ 1.0, 0.0, 1.0 ],
					"to": [ 1.6, 0.25, 1.5 ],
					"rotationOrigin": [ 1.3774, 0.0049, 1.3095 ],
					"faces": {
						"north": { "texture": "#base", "uv": [ 1.0, 6.0, 6.5, 11.0 ], "autoUv": false },
						"east": { "texture": "#base", "uv": [ 17.0, 6.0, 22.0, 11.0 ], "autoUv": false },
						"south": { "texture": "#base", "uv": [ 11.5, 6.0, 17.0, 11.0 ], "autoUv": false },
						"west": { "texture": "#base", "uv": [ 6.5, 6.0, 11.5, 11.0 ], "autoUv": false },
						"up": { "texture": "#base", "uv": [ 6.5, 0.5, 11.5, 6.0 ], "rotation": 90, "autoUv": false },
						"down": { "texture": "#base", "uv": [ 6.5, 11.0, 11.5, 16.5 ], "rotation": 90, "autoUv": false }
					}
				},
				{
					"name": "Base24",
					"from": [ -1.9, 0.0, -1.5 ],
					"to": [ -1.6, 0.25, -1.0 ],
					"rotationOrigin": [ -1.5226, 0.0049, -1.1905 ],
					"faces": {
						"north": { "texture": "#base", "uv": [ 1.0, 6.0, 6.5, 11.0 ], "autoUv": false },
						"east": { "texture": "#base", "uv": [ 17.0, 6.0, 22.0, 11.0 ], "autoUv": false },
						"south": { "texture": "#base", "uv": [ 11.5, 6.0, 17.0, 11.0 ], "autoUv": false },
						"west": { "texture": "#base", "uv": [ 6.5, 6.0, 11.5, 11.0 ], "autoUv": false },
						"up": { "texture": "#base", "uv": [ 6.5, 0.5, 11.5, 6.0 ], "rotation": 90, "autoUv": false },
						"down": { "texture": "#base", "uv": [ 6.5, 11.0, 11.5, 16.5 ], "rotation": 90, "autoUv": false }
					}
				},
				{
					"name": "Base25",
					"from": [ -1.9, 0.0, -1.0 ],
					"to": [ -1.6, 0.25, 0.0 ],
					"rotationOrigin": [ -1.5226, 0.0049, -0.6905 ],
					"faces": {
						"north": { "texture": "#base", "uv": [ 1.0, 6.0, 6.5, 11.0 ], "autoUv": false },
						"east": { "texture": "#base", "uv": [ 17.0, 6.0, 22.0, 11.0 ], "autoUv": false },
						"south": { "texture": "#base", "uv": [ 11.5, 6.0, 17.0, 11.0 ], "autoUv": false },
						"west": { "texture": "#base", "uv": [ 6.5, 6.0, 11.5, 11.0 ], "autoUv": false },
						"up": { "texture": "#base", "uv": [ 6.5, 0.5, 11.5, 6.0 ], "rotation": 90, "autoUv": false },
						"down": { "texture": "#base", "uv": [ 6.5, 11.0, 11.5, 16.5 ], "rotation": 90, "autoUv": false }
					}
				},
				{
					"name": "Base26",
					"from": [ -1.9, 0.0, 0.0 ],
					"to": [ -1.6, 0.25, 1.0 ],
					"rotationOrigin": [ -1.5226, 0.0049, 0.3095 ],
					"faces": {
						"north": { "texture": "#base", "uv": [ 1.0, 6.0, 6.5, 11.0 ], "autoUv": false },
						"east": { "texture": "#base", "uv": [ 17.0, 6.0, 22.0, 11.0 ], "autoUv": false },
						"south": { "texture": "#base", "uv": [ 11.5, 6.0, 17.0, 11.0 ], "autoUv": false },
						"west": { "texture": "#base", "uv": [ 6.5, 6.0, 11.5, 11.0 ], "autoUv": false },
						"up": { "texture": "#base", "uv": [ 6.5, 0.5, 11.5, 6.0 ], "rotation": 90, "autoUv": false },
						"down": { "texture": "#base", "uv": [ 6.5, 11.0, 11.5, 16.5 ], "rotation": 90, "autoUv": false }
					}
				},
				{
					"name": "Base27",
					"from": [ -1.9, 0.0, 1.0 ],
					"to": [ -1.6, 0.25, 1.5 ],
					"rotationOrigin": [ -1.5226, 0.0049, 1.3095 ],
					"faces": {
						"north": { "texture": "#base", "uv": [ 1.0, 6.0, 6.5, 11.0 ], "autoUv": false },
						"east": { "texture": "#base", "uv": [ 17.0, 6.0, 22.0, 11.0 ], "autoUv": false },
						"south": { "texture": "#base", "uv": [ 11.5, 6.0, 17.0, 11.0 ], "autoUv": false },
						"west": { "texture": "#base", "uv": [ 6.5, 6.0, 11.5, 11.0 ], "autoUv": false },
						"up": { "texture": "#base", "uv": [ 6.5, 0.5, 11.5, 6.0 ], "rotation": 90, "autoUv": false },
						"down": { "texture": "#base", "uv": [ 6.5, 11.0, 11.5, 16.5 ], "rotation": 90, "autoUv": false }
					}
				},
				{
					"name": "Base28",
					"from": [ 1.6, 0.0, 0.0 ],
					"to": [ 1.9, 0.25, 1.0 ],
					"rotationOrigin": [ 1.9774, 0.0049, 0.3095 ],
					"faces": {
						"north": { "texture": "#base", "uv": [ 1.0, 6.0, 6.5, 11.0 ], "autoUv": false },
						"east": { "texture": "#base", "uv": [ 17.0, 6.0, 22.0, 11.0 ], "autoUv": false },
						"south": { "texture": "#base", "uv": [ 11.5, 6.0, 17.0, 11.0 ], "autoUv": false },
						"west": { "texture": "#base", "uv": [ 6.5, 6.0, 11.5, 11.0 ], "autoUv": false },
						"up": { "texture": "#base", "uv": [ 6.5, 0.5, 11.5, 6.0 ], "rotation": 90, "autoUv": false },
						"down": { "texture": "#base", "uv": [ 6.5, 11.0, 11.5, 16.5 ], "rotation": 90, "autoUv": false }
					}
				},
				{
					"name": "Base29",
					"from": [ 1.6, 0.0, -1.0 ],
					"to": [ 1.9, 0.25, 0.0 ],
					"rotationOrigin": [ 1.9774, 0.0049, -0.6905 ],
					"faces": {
						"north": { "texture": "#base", "uv": [ 1.0, 6.0, 6.5, 11.0 ], "autoUv": false },
						"east": { "texture": "#base", "uv": [ 17.0, 6.0, 22.0, 11.0 ], "autoUv": false },
						"south": { "texture": "#base", "uv": [ 11.5, 6.0, 17.0, 11.0 ], "autoUv": false },
						"west": { "texture": "#base", "uv": [ 6.5, 6.0, 11.5, 11.0 ], "autoUv": false },
						"up": { "texture": "#base", "uv": [ 6.5, 0.5, 11.5, 6.0 ], "rotation": 90, "autoUv": false },
						"down": { "texture": "#base", "uv": [ 6.5, 11.0, 11.5, 16.5 ], "rotation": 90, "autoUv": false }
					}
				},
				{
					"name": "Base30",
					"from": [ 1.6, 0.0, -1.5 ],
					"to": [ 1.9, 0.25, -1.0 ],
					"rotationOrigin": [ 1.9774, 0.0049, -1.1905 ],
					"faces": {
						"north": { "texture": "#base", "uv": [ 1.0, 6.0, 6.5, 11.0 ], "autoUv": false },
						"east": { "texture": "#base", "uv": [ 17.0, 6.0, 22.0, 11.0 ], "autoUv": false },
						"south": { "texture": "#base", "uv": [ 11.5, 6.0, 17.0, 11.0 ], "autoUv": false },
						"west": { "texture": "#base", "uv": [ 6.5, 6.0, 11.5, 11.0 ], "autoUv": false },
						"up": { "texture": "#base", "uv": [ 6.5, 0.5, 11.5, 6.0 ], "rotation": 90, "autoUv": false },
						"down": { "texture": "#base", "uv": [ 6.5, 11.0, 11.5, 16.5 ], "rotation": 90, "autoUv": false }
					}
				},
				{
					"name": "Base31",
					"from": [ 1.6, 0.0, 1.0 ],
					"to": [ 1.9, 0.25, 1.5 ],
					"rotationOrigin": [ 1.9774, 0.0049, 1.3095 ],
					"faces": {
						"north": { "texture": "#base", "uv": [ 1.0, 6.0, 6.5, 11.0 ], "autoUv": false },
						"east": { "texture": "#base", "uv": [ 17.0, 6.0, 22.0, 11.0 ], "autoUv": false },
						"south": { "texture": "#base", "uv": [ 11.5, 6.0, 17.0, 11.0 ], "autoUv": false },
						"west": { "texture": "#base", "uv": [ 6.5, 6.0, 11.5, 11.0 ], "autoUv": false },
						"up": { "texture": "#base", "uv": [ 6.5, 0.5, 11.5, 6.0 ], "rotation": 90, "autoUv": false },
						"down": { "texture": "#base", "uv": [ 6.5, 11.0, 11.5, 16.5 ], "rotation": 90, "autoUv": false }
					}
				}
			]
		}
	],
	"animations": [
		{
			"name": "Idle",
			"code": "idle",
			"quantityframes": 30,
			"onActivityStopped": "EaseOut",
			"onAnimationEnd": "Repeat",
			"keyframes": [
				{
					"frame": 0,
					"elements": {
						"body": { "offsetX": 0.0, "offsetY": 0.0, "offsetZ": 0.0 },
						"neck": { "rotationX": 0.0, "rotationY": 0.0, "rotationZ": 0.0 },
						"R ear": { "rotationX": 0.0, "rotationY": 0.0, "rotationZ": 0.0 },
						"L eat": { "rotationX": 0.0, "rotationY": 0.0, "rotationZ": 0.0 },
						"L front leg": { "rotationX": 0.0, "rotationY": 0.0, "rotationZ": 0.0 },
						"R front leg": { "rotationX": 0.0, "rotationY": 0.0, "rotationZ": 0.0 },
						"tail": { "rotationX": 0.0, "rotationY": 0.0, "rotationZ": 0.0 },
						"L back feet": { "offsetX": 0.0, "offsetY": 0.0, "offsetZ": 0.0 },
						"R back feet": { "offsetX": 0.0, "offsetY": 0.0, "offsetZ": 0.0 }
					}
				},
				{
					"frame": 15,
					"elements": {
						"body": { "offsetX": 0.0, "offsetY": -0.01, "offsetZ": 0.0 },
						"neck": { "rotationX": 0.0, "rotationY": 0.0, "rotationZ": -1.0 },
						"R ear": { "rotationX": 0.0, "rotationY": 3.0, "rotationZ": 0.0 },
						"L eat": { "rotationX": 0.0, "rotationY": 3.0, "rotationZ": 0.0 },
						"L front leg": { "rotationX": 0.0, "rotationY": 0.0, "rotationZ": 1.0 },
						"R front leg": { "rotationX": 0.0, "rotationY": 0.0, "rotationZ": 1.0 },
						"tail": { "rotationX": 0.0, "rotationY": 0.0, "rotationZ": -2.0 },
						"L back feet": { "offsetX": 0.0, "offsetY": 0.01, "offsetZ": 0.0 },
						"R back feet": { "offsetX": 0.0, "offsetY": 0.01, "offsetZ": 0.0 }
					}
				}
			]
		},

		{
			"name": "Walk",
			"code": "walk",
			"quantityframes": 90,
			"onActivityStopped": "EaseOut",
			"onAnimationEnd": "Repeat",
			"keyframes": [
				{
					"frame": 0,
					"elements": {
						"body": { "offsetX": 0.0, "offsetY": 0.0, "offsetZ": 0.0, "rotationX": -1.0, "rotationY": 1.0, "rotationZ": 2.0 },
						"neck": { "offsetX": 0.0, "offsetY": 0.0, "offsetZ": 0.0, "rotationX": 1.0, "rotationY": 0.0, "rotationZ": -2.0 },
						"R ear": { "offsetX": 0.0, "offsetY": 0.0, "offsetZ": 0.0, "rotationX": 0.0, "rotationY": 0.0, "rotationZ": 0.0 },
						"L eat": { "offsetX": 0.0, "offsetY": 0.0, "offsetZ": 0.0, "rotationX": 0.0, "rotationY": 0.0, "rotationZ": 0.0 },
						"L front leg": { "offsetX": 0.0, "offsetY": 0.1, "offsetZ": 0.0, "rotationX": -1.0, "rotationY": 0.0, "rotationZ": 14.0 },
						"L front feet": { "offsetX": 0.0, "offsetY": 0.0, "offsetZ": 0.0, "rotationX": 0.0, "rotationY": 0.0, "rotationZ": -22.5 },
						"R back leg": { "offsetX": 0.0, "offsetY": 0.1, "offsetZ": 0.0, "rotationX": 1.0, "rotationY": 0.0, "rotationZ": -22.5 },
						"R back feet": { "offsetX": 0.0, "offsetY": 0.0, "offsetZ": 0.0, "rotationX": 0.0, "rotationY": 0.0, "rotationZ": 0.0 },
						"L back leg": { "offsetX": 0.0, "offsetY": 0.0, "offsetZ": 0.0, "rotationX": -1.0, "rotationY": 0.0, "rotationZ": 6.0 },
						"L back feet": { "offsetX": 0.0, "offsetY": 0.0, "offsetZ": 0.0, "rotationX": 0.0, "rotationY": 0.0, "rotationZ": 0.0 },
						"tail": { "offsetX": 0.0, "offsetY": 0.0, "offsetZ": 0.0, "rotationX": 0.0, "rotationY": -4.0, "rotationZ": 0.0 }
					}
				},
				{
					"frame": 15,
					"elements": {
						"body": { "offsetX": 0.0, "offsetY": 0.0, "offsetZ": 0.0, "rotationX": 1.0, "rotationY": 1.0, "rotationZ": 4.0 },
						"neck": { "offsetX": 0.0, "offsetY": 0.0, "offsetZ": 0.0, "rotationX": 0.0, "rotationY": 0.0, "rotationZ": 0.0 },
						"R ear": { "offsetX": 0.0, "offsetY": 0.0, "offsetZ": 0.0, "rotationX": 0.0, "rotationY": 0.0, "rotationZ": -5.0 },
						"L eat": { "offsetX": 0.0, "offsetY": 0.0, "offsetZ": 0.0, "rotationX": 0.0, "rotationY": 0.0, "rotationZ": -5.0 },
						"R front leg": { "offsetX": 0.0, "offsetY": -0.1, "offsetZ": 0.0, "rotationX": 0.0, "rotationY": 0.0, "rotationZ": 20.0 },
						"R front feet": { "offsetX": 0.0, "offsetY": 0.0, "offsetZ": 0.0, "rotationX": 0.0, "rotationY": 0.0, "rotationZ": -10.0 },
						"L front leg": { "offsetX": 0.1, "offsetY": 0.03, "offsetZ": 0.0, "rotationX": -1.0, "rotationY": 0.0, "rotationZ": -30.0 },
						"L front feet": { "offsetX": 0.0, "offsetY": 0.0, "offsetZ": 0.0, "rotationX": 0.0, "rotationY": 0.0, "rotationZ": 0.0 },
						"R back leg": { "offsetX": 0.0, "offsetY": 0.0, "offsetZ": 0.0, "rotationX": 1.0, "rotationY": 0.0, "rotationZ": -30.0 },
						"R back feet": { "offsetX": 0.0, "offsetY": 0.0, "offsetZ": 0.0, "rotationX": 0.0, "rotationY": 0.0, "rotationZ": 8.0 },
						"L back leg": { "offsetX": 0.0, "offsetY": -0.03, "offsetZ": 0.0, "rotationX": 1.0, "rotationY": 0.0, "rotationZ": 12.0 },
						"L back feet": { "offsetX": 0.0, "offsetY": 0.0, "offsetZ": 0.0, "rotationX": 0.0, "rotationY": 0.0, "rotationZ": 8.0 },
						"tail": { "offsetX": 0.0, "offsetY": 0.0, "offsetZ": 0.0, "rotationX": 0.0, "rotationY": 7.0, "rotationZ": 0.0 }
					}
				},
				{
					"frame": 30,
					"elements": {
						"body": { "offsetX": 0.0, "offsetY": 0.0, "offsetZ": 0.0, "rotationX": 0.0, "rotationY": 0.0, "rotationZ": 3.0 },
						"neck": { "offsetX": 0.0, "offsetY": 0.0, "offsetZ": 0.0, "rotationX": 0.0, "rotationY": 0.0, "rotationZ": -3.0 },
						"R front leg": { "offsetX": 0.0, "offsetY": 0.0, "offsetZ": 0.0, "rotationX": 0.0, "rotationY": 0.0, "rotationZ": 30.0 },
						"R front feet": { "offsetX": 0.0, "offsetY": -0.05, "offsetZ": 0.0, "rotationX": 0.0, "rotationY": 0.0, "rotationZ": -20.0 },
						"L front leg": { "offsetX": 0.1, "offsetY": -0.05, "offsetZ": 0.0, "rotationX": -1.0, "rotationY": 0.0, "rotationZ": 4.0 },
						"L front feet": { "offsetX": 0.0, "offsetY": 0.0, "offsetZ": 0.0, "rotationX": 0.0, "rotationY": 0.0, "rotationZ": -14.0 },
						"R back leg": { "offsetX": 0.0, "offsetY": 0.02, "offsetZ": 0.0, "rotationX": 1.0, "rotationY": 0.0, "rotationZ": -10.0 },
						"R back feet": { "offsetX": 0.0, "offsetY": 0.0, "offsetZ": 0.0, "rotationX": 0.0, "rotationY": 0.0, "rotationZ": 6.0 },
						"L back leg": { "offsetX": 0.0, "offsetY": 0.04, "offsetZ": 0.0, "rotationX": 1.0, "rotationY": 0.0, "rotationZ": 8.0 },
						"L back feet": { "offsetX": 0.0, "offsetY": 0.0, "offsetZ": 0.0, "rotationX": 0.0, "rotationY": 0.0, "rotationZ": 8.0 }
					}
				},
				{
					"frame": 45,
					"elements": {
						"body": { "offsetX": 0.0, "offsetY": 0.0, "offsetZ": 0.0, "rotationX": 1.0, "rotationY": -1.0, "rotationZ": 2.0 },
						"neck": { "offsetX": 0.0, "offsetY": 0.0, "offsetZ": 0.0, "rotationX": -1.0, "rotationY": 0.0, "rotationZ": -2.0 },
						"R ear": { "offsetX": 0.0, "offsetY": 0.0, "offsetZ": 0.0, "rotationX": 0.0, "rotationY": 0.0, "rotationZ": 0.0 },
						"L eat": { "offsetX": 0.0, "offsetY": 0.0, "offsetZ": 0.0, "rotationX": 0.0, "rotationY": 0.0, "rotationZ": 0.0 },
						"R front leg": { "offsetX": 0.0, "offsetY": 0.1, "offsetZ": 0.0, "rotationX": 1.0, "rotationY": 0.0, "rotationZ": 14.0 },
						"R front feet": { "offsetX": 0.0, "offsetY": 0.0, "offsetZ": 0.0, "rotationX": 0.0, "rotationY": 0.0, "rotationZ": -22.5 },
						"R back leg": { "offsetX": 0.0, "offsetY": 0.0, "offsetZ": 0.0, "rotationX": 1.0, "rotationY": 0.0, "rotationZ": 6.0 },
						"R back feet": { "offsetX": 0.0, "offsetY": 0.0, "offsetZ": 0.0, "rotationX": 0.0, "rotationY": 0.0, "rotationZ": 0.0 },
						"L back leg": { "offsetX": 0.0, "offsetY": 0.1, "offsetZ": 0.0, "rotationX": -1.0, "rotationY": 0.0, "rotationZ": -22.5 },
						"L back feet": { "offsetX": 0.0, "offsetY": 0.0, "offsetZ": 0.0, "rotationX": 0.0, "rotationY": 0.0, "rotationZ": 0.0 },
						"tail": { "offsetX": 0.0, "offsetY": 0.0, "offsetZ": 0.0, "rotationX": 0.0, "rotationY": 4.0, "rotationZ": 0.0 }
					}
				},
				{
					"frame": 60,
					"elements": {
						"body": { "offsetX": 0.0, "offsetY": 0.0, "offsetZ": 0.0, "rotationX": -1.0, "rotationY": -1.0, "rotationZ": 4.0 },
						"neck": { "offsetX": 0.0, "offsetY": 0.0, "offsetZ": 0.0, "rotationX": 0.0, "rotationY": 0.0, "rotationZ": 0.0 },
						"R ear": { "offsetX": 0.0, "offsetY": 0.0, "offsetZ": 0.0, "rotationX": 0.0, "rotationY": 0.0, "rotationZ": -5.0 },
						"L eat": { "offsetX": 0.0, "offsetY": 0.0, "offsetZ": 0.0, "rotationX": 0.0, "rotationY": 0.0, "rotationZ": -5.0 },
						"R front leg": { "offsetX": 0.1, "offsetY": 0.03, "offsetZ": 0.0, "rotationX": 1.0, "rotationY": 0.0, "rotationZ": -30.0 },
						"R front feet": { "offsetX": 0.0, "offsetY": 0.0, "offsetZ": 0.0, "rotationX": 0.0, "rotationY": 0.0, "rotationZ": 0.0 },
						"L front leg": { "offsetX": 0.0, "offsetY": -0.1, "offsetZ": 0.0, "rotationX": 0.0, "rotationY": 0.0, "rotationZ": 20.0 },
						"L front feet": { "offsetX": 0.0, "offsetY": 0.0, "offsetZ": 0.0, "rotationX": 0.0, "rotationY": 0.0, "rotationZ": -10.0 },
						"R back leg": { "offsetX": 0.0, "offsetY": -0.03, "offsetZ": 0.0, "rotationX": 1.0, "rotationY": 0.0, "rotationZ": 12.0 },
						"R back feet": { "offsetX": 0.0, "offsetY": 0.0, "offsetZ": 0.0, "rotationX": 0.0, "rotationY": 0.0, "rotationZ": 8.0 },
						"L back leg": { "offsetX": 0.0, "offsetY": 0.0, "offsetZ": 0.0, "rotationX": -1.0, "rotationY": 0.0, "rotationZ": -30.0 },
						"L back feet": { "offsetX": 0.0, "offsetY": 0.0, "offsetZ": 0.0, "rotationX": 0.0, "rotationY": 0.0, "rotationZ": 8.0 },
						"tail": { "offsetX": 0.0, "offsetY": 0.0, "offsetZ": 0.0, "rotationX": 0.0, "rotationY": -7.0, "rotationZ": 0.0 }
					}
				},
				{
					"frame": 75,
					"elements": {
						"body": { "offsetX": 0.0, "offsetY": 0.0, "offsetZ": 0.0, "rotationX": 0.0, "rotationY": 0.0, "rotationZ": 3.0 },
						"neck": { "offsetX": 0.0, "offsetY": 0.0, "offsetZ": 0.0, "rotationX": 0.0, "rotationY": 0.0, "rotationZ": -3.0 },
						"R front leg": { "offsetX": 0.1, "offsetY": -0.05, "offsetZ": 0.0, "rotationX": 1.0, "rotationY": 0.0, "rotationZ": 4.0 },
						"R front feet": { "offsetX": 0.0, "offsetY": 0.0, "offsetZ": 0.0, "rotationX": 0.0, "rotationY": 0.0, "rotationZ": -14.0 },
						"L front leg": { "offsetX": 0.0, "offsetY": 0.0, "offsetZ": 0.0, "rotationX": 0.0, "rotationY": 0.0, "rotationZ": 30.0 },
						"L front feet": { "offsetX": 0.0, "offsetY": -0.05, "offsetZ": 0.0, "rotationX": 0.0, "rotationY": 0.0, "rotationZ": -20.0 },
						"R back leg": { "offsetX": 0.0, "offsetY": 0.04, "offsetZ": 0.0, "rotationX": 1.0, "rotationY": 0.0, "rotationZ": 8.0 },
						"R back feet": { "offsetX": 0.0, "offsetY": 0.0, "offsetZ": 0.0, "rotationX": 0.0, "rotationY": 0.0, "rotationZ": 8.0 },
						"L back leg": { "offsetX": 0.0, "offsetY": 0.02, "offsetZ": 0.0, "rotationX": 1.0, "rotationY": 0.0, "rotationZ": -10.0 },
						"L back feet": { "offsetX": 0.0, "offsetY": 0.0, "offsetZ": 0.0, "rotationX": 0.0, "rotationY": 0.0, "rotationZ": 6.0 }
					}
				}
			]
		},

		{
			"name": "Run",
			"code": "run",
			"quantityframes": 60,
			"onActivityStopped": "EaseOut",
			"onAnimationEnd": "Repeat",
			"keyframes": [
				{
					"frame": 0,
					"elements": {
						"body": { "offsetX": 0.1, "offsetY": -0.2, "offsetZ": 0.0, "rotationX": 0.0, "rotationY": 0.0, "rotationZ": 8.0 },
						"neck": { "offsetX": 0.0, "offsetY": 0.0, "offsetZ": 0.0, "rotationX": 0.0, "rotationY": 0.0, "rotationZ": -6.0 },
						"R ear": { "offsetX": 0.0, "offsetY": 0.0, "offsetZ": 0.0, "rotationX": 0.0, "rotationY": 0.0, "rotationZ": 0.0 },
						"L eat": { "offsetX": 0.0, "offsetY": 0.0, "offsetZ": 0.0, "rotationX": 0.0, "rotationY": 0.0, "rotationZ": 0.0 },
						"R front leg": { "offsetX": 0.05, "offsetY": 0.2, "offsetZ": 0.0, "rotationX": 0.0, "rotationY": 0.0, "rotationZ": 10.0 },
						"R front feet": { "offsetX": 0.0, "offsetY": 0.0, "offsetZ": 0.0, "rotationX": 2.0, "rotationY": 0.0, "rotationZ": -25.0 },
						"L front leg": { "offsetX": 0.05, "offsetY": 0.2, "offsetZ": 0.0, "rotationX": -2.0, "rotationY": 0.0, "rotationZ": 8.0 },
						"L front feet": { "offsetX": 0.0, "offsetY": 0.0, "offsetZ": 0.0, "rotationX": 0.0, "rotationY": 0.0, "rotationZ": -30.0 },
						"R back leg": { "offsetX": 0.0, "offsetY": 0.08, "offsetZ": 0.0, "rotationX": 0.0, "rotationY": 0.0, "rotationZ": -4.0 },
						"R back feet": { "offsetX": 0.0, "offsetY": 0.0, "offsetZ": 0.0, "rotationX": 0.0, "rotationY": 0.0, "rotationZ": -27.0 },
						"L back leg": { "offsetX": 0.0, "offsetY": 0.08, "offsetZ": 0.0, "rotationX": 0.0, "rotationY": 0.0, "rotationZ": 0.0 },
						"L back feet": { "offsetX": 0.0, "offsetY": 0.0, "offsetZ": 0.0, "rotationX": 0.0, "rotationY": 0.0, "rotationZ": -28.0 }
					}
				},
				{
					"frame": 15,
					"elements": {
						"body": { "offsetX": -0.1, "offsetY": 0.0, "offsetZ": 0.0, "rotationX": 0.0, "rotationY": 0.0, "rotationZ": -4.0 },
						"neck": { "offsetX": 0.0, "offsetY": 0.0, "offsetZ": 0.0, "rotationX": 0.0, "rotationY": 0.0, "rotationZ": -4.0 },
						"R ear": { "offsetX": 0.0, "offsetY": 0.0, "offsetZ": 0.0, "rotationX": 0.0, "rotationY": 0.0, "rotationZ": -22.5 },
						"L eat": { "offsetX": 0.0, "offsetY": 0.0, "offsetZ": 0.0, "rotationX": 0.0, "rotationY": 0.0, "rotationZ": -22.5 },
						"R front leg": { "offsetX": 0.1, "offsetY": -0.1, "offsetZ": 0.0, "rotationX": 0.0, "rotationY": 0.0, "rotationZ": 25.0 },
						"R front feet": { "offsetX": 0.0, "offsetY": 0.0, "offsetZ": 0.0, "rotationX": 2.0, "rotationY": 0.0, "rotationZ": 0.0 },
						"L front leg": { "offsetX": 0.1, "offsetY": -0.1, "offsetZ": 0.0, "rotationX": -2.0, "rotationY": 0.0, "rotationZ": 30.0 },
						"L front feet": { "offsetX": 0.0, "offsetY": 0.0, "offsetZ": 0.0, "rotationX": 0.0, "rotationY": 0.0, "rotationZ": 0.0 },
						"R back leg": { "offsetX": -0.05, "offsetY": -0.02, "offsetZ": 0.0, "rotationX": 0.0, "rotationY": 0.0, "rotationZ": 22.0 },
						"R back feet": { "offsetX": 0.0, "offsetY": 0.0, "offsetZ": 0.0, "rotationX": 0.0, "rotationY": 0.0, "rotationZ": 2.0 },
						"L back leg": { "offsetX": 0.0, "offsetY": 0.0, "offsetZ": 0.0, "rotationX": 0.0, "rotationY": 0.0, "rotationZ": 22.0 },
						"L back feet": { "offsetX": 0.0, "offsetY": 0.0, "offsetZ": 0.0, "rotationX": 0.0, "rotationY": 0.0, "rotationZ": 0.0 },
						"tail": { "offsetX": 0.0, "offsetY": 0.0, "offsetZ": 0.0, "rotationX": 0.0, "rotationY": 0.0, "rotationZ": 0.0 }
					}
				},
				{
					"frame": 30,
					"elements": {
						"body": { "offsetX": -0.1, "offsetY": 0.0, "offsetZ": 0.0, "rotationX": 0.0, "rotationY": 0.0, "rotationZ": 2.0 },
						"neck": { "offsetX": 0.0, "offsetY": 0.0, "offsetZ": 0.0, "rotationX": 0.0, "rotationY": 0.0, "rotationZ": 0.0 },
						"R front leg": { "offsetX": 0.1, "offsetY": 0.0, "offsetZ": 0.0, "rotationX": 0.0, "rotationY": 0.0, "rotationZ": 15.0 },
						"R front feet": { "offsetX": 0.0, "offsetY": 0.0, "offsetZ": 0.0, "rotationX": 2.0, "rotationY": 0.0, "rotationZ": -50.0 },
						"L front leg": { "offsetX": 0.1, "offsetY": 0.0, "offsetZ": 0.0, "rotationX": -2.0, "rotationY": 0.0, "rotationZ": 30.0 },
						"L front feet": { "offsetX": 0.0, "offsetY": -0.1, "offsetZ": 0.0, "rotationX": 0.0, "rotationY": 0.0, "rotationZ": -45.0 },
						"R back leg": { "offsetX": 0.0, "offsetY": 0.1, "offsetZ": 0.0, "rotationX": 0.0, "rotationY": 0.0, "rotationZ": 0.0 },
						"R back feet": { "offsetX": 0.0, "offsetY": 0.0, "offsetZ": 0.0, "rotationX": 0.0, "rotationY": 0.0, "rotationZ": -35.0 },
						"L back leg": { "offsetX": 0.0, "offsetY": 0.1, "offsetZ": 0.0, "rotationX": 0.0, "rotationY": 0.0, "rotationZ": -5.0 },
						"L back feet": { "offsetX": 0.0, "offsetY": 0.0, "offsetZ": 0.0, "rotationX": 0.0, "rotationY": 0.0, "rotationZ": -25.0 },
						"tail": { "offsetX": 0.0, "offsetY": 0.0, "offsetZ": 0.0, "rotationX": 0.0, "rotationY": 0.0, "rotationZ": 15.0 }
					}
				},
				{
					"frame": 45,
					"elements": {
						"body": { "offsetX": -0.2, "offsetY": -0.1, "offsetZ": 0.0, "rotationX": 0.0, "rotationY": 0.0, "rotationZ": 8.0 },
						"neck": { "offsetX": 0.0, "offsetY": 0.0, "offsetZ": 0.0, "rotationX": 0.0, "rotationY": 0.0, "rotationZ": -5.0 },
						"R back leg": { "offsetX": 0.0, "offsetY": 0.05, "offsetZ": 0.0, "rotationX": 0.0, "rotationY": 0.0, "rotationZ": -5.0 },
						"R back feet": { "offsetX": 0.0, "offsetY": 0.0, "offsetZ": 0.0, "rotationX": 0.0, "rotationY": 0.0, "rotationZ": -35.0 }
					}
				}
			]
		},

		{
			"name": "Attack",
			"code": "attack",
			"quantityframes": 70,
			"onActivityStopped": "Stop",
			"onAnimationEnd": "Stop",
			"keyframes": [
				{
					"frame": 0,
					"elements": {
						"body": { "offsetX": 0.0, "offsetY": 0.0, "offsetZ": 0.0, "rotationX": 0.0, "rotationY": 0.0, "rotationZ": 0.0 },
						"neck": { "offsetX": 0.0, "offsetY": 0.0, "offsetZ": 0.0, "rotationX": 0.0, "rotationY": 0.0, "rotationZ": 0.0 },
						"L front leg": { "offsetX": 0.0, "offsetY": 0.0, "offsetZ": 0.0, "rotationX": 0.0, "rotationY": 0.0, "rotationZ": 0.0 },
						"L front feet": { "offsetX": 0.0, "offsetY": 0.0, "offsetZ": 0.0, "rotationX": 0.0, "rotationY": 0.0, "rotationZ": 0.0 },
						"R front leg": { "offsetX": 0.0, "offsetY": 0.0, "offsetZ": 0.0, "rotationX": 0.0, "rotationY": 0.0, "rotationZ": 0.0 },
						"R front feet": { "offsetX": 0.0, "offsetY": 0.0, "offsetZ": 0.0, "rotationX": 0.0, "rotationY": 0.0, "rotationZ": 0.0 },
						"R back leg": { "offsetX": 0.0, "offsetY": 0.0, "offsetZ": 0.0, "rotationX": 0.0, "rotationY": 0.0, "rotationZ": 0.0 },
						"R back feet": { "offsetX": 0.0, "offsetY": 0.0, "offsetZ": 0.0, "rotationX": 0.0, "rotationY": 0.0, "rotationZ": 0.0 },
						"L back leg": { "offsetX": 0.0, "offsetY": 0.0, "offsetZ": 0.0, "rotationX": 0.0, "rotationY": 0.0, "rotationZ": 0.0 },
						"L back feet": { "offsetX": 0.0, "offsetY": 0.0, "offsetZ": 0.0, "rotationX": 0.0, "rotationY": 0.0, "rotationZ": 0.0 },
						"tail": { "offsetX": 0.0, "offsetY": 0.0, "offsetZ": 0.0, "rotationX": 0.0, "rotationY": 0.0, "rotationZ": 0.0 }
					}
				},
				{
					"frame": 13,
					"elements": {
						"body": { "offsetX": 0.1, "offsetY": -0.1, "offsetZ": 0.0, "rotationX": 4.0, "rotationY": -3.0, "rotationZ": 8.0 },
						"neck": { "offsetX": 0.0, "offsetY": 0.0, "offsetZ": 0.0, "rotationX": 8.0, "rotationY": -6.0, "rotationZ": 14.0 },
						"jaw": { "offsetX": 0.0, "offsetY": 0.0, "offsetZ": 0.0, "rotationX": 0.0, "rotationY": 0.0, "rotationZ": 0.0 },
						"R ear": { "offsetX": 0.0, "offsetY": 0.0, "offsetZ": 0.0, "rotationX": 0.0, "rotationY": 0.0, "rotationZ": 0.0 },
						"L eat": { "offsetX": 0.0, "offsetY": 0.0, "offsetZ": 0.0, "rotationX": 0.0, "rotationY": 0.0, "rotationZ": 0.0 },
						"R front leg": { "offsetX": 0.0, "offsetY": 0.0, "offsetZ": 0.0, "rotationX": 5.0, "rotationY": -5.0, "rotationZ": 10.0 },
						"R front feet": { "offsetX": 0.0, "offsetY": 0.0, "offsetZ": 0.0, "rotationX": 0.0, "rotationY": 0.0, "rotationZ": -40.0 },
						"L front leg": { "offsetX": 0.05, "offsetY": 0.05, "offsetZ": 0.0, "rotationX": -20.0, "rotationY": 5.0, "rotationZ": 4.0 },
						"L front feet": { "offsetX": 0.0, "offsetY": 0.05, "offsetZ": 0.0, "rotationX": 0.0, "rotationY": 0.0, "rotationZ": -40.0 },
						"R back leg": { "offsetX": 0.0, "offsetY": 0.0, "offsetZ": 0.0, "rotationX": 10.0, "rotationY": -4.0, "rotationZ": -5.0 },
						"R back feet": { "offsetX": 0.0, "offsetY": 0.0, "offsetZ": 0.0, "rotationX": 0.0, "rotationY": 0.0, "rotationZ": -15.0 },
						"L back leg": { "offsetX": 0.0, "offsetY": 0.0, "offsetZ": 0.0, "rotationX": -5.0, "rotationY": 2.0, "rotationZ": 0.0 },
						"L back feet": { "offsetX": 0.0, "offsetY": 0.0, "offsetZ": 0.0, "rotationX": 0.0, "rotationY": 0.0, "rotationZ": -15.0 },
						"tail": { "offsetX": 0.0, "offsetY": 0.0, "offsetZ": 0.0, "rotationX": 0.0, "rotationY": 0.0, "rotationZ": 5.0 }
					}
				},
				{
					"frame": 24,
					"elements": {
						"body": { "offsetX": -0.2, "offsetY": 0.1, "offsetZ": 0.0, "rotationX": 8.0, "rotationY": 6.0, "rotationZ": -7.0 },
						"neck": { "offsetX": 0.0, "offsetY": 0.0, "offsetZ": 0.0, "rotationX": 14.0, "rotationY": 10.0, "rotationZ": -22.0 },
						"jaw": { "offsetX": 0.0, "offsetY": 0.0, "offsetZ": 0.0, "rotationX": 0.0, "rotationY": 0.0, "rotationZ": 30.0 },
						"R ear": { "offsetX": 0.0, "offsetY": 0.0, "offsetZ": 0.0, "rotationX": 0.0, "rotationY": 0.0, "rotationZ": -40.0 },
						"L eat": { "offsetX": 0.0, "offsetY": 0.0, "offsetZ": 0.0, "rotationX": 0.0, "rotationY": 0.0, "rotationZ": -40.0 },
						"R front leg": { "offsetX": 0.0, "offsetY": -0.1, "offsetZ": 0.0, "rotationX": -10.0, "rotationY": 0.0, "rotationZ": 30.0 },
						"R front feet": { "offsetX": 0.0, "offsetY": 0.0, "offsetZ": 0.0, "rotationX": 0.0, "rotationY": 0.0, "rotationZ": 0.0 },
						"L front leg": { "offsetX": 0.0, "offsetY": 0.0, "offsetZ": 0.0, "rotationX": -10.0, "rotationY": 0.0, "rotationZ": 30.0 },
						"L front feet": { "offsetX": 0.0, "offsetY": 0.05, "offsetZ": 0.0, "rotationX": 0.0, "rotationY": 0.0, "rotationZ": 0.0 },
						"R back leg": { "offsetX": 0.0, "offsetY": -0.1, "offsetZ": 0.0, "rotationX": 5.0, "rotationY": -4.0, "rotationZ": 10.0 },
						"R back feet": { "offsetX": 0.0, "offsetY": 0.0, "offsetZ": 0.0, "rotationX": 0.0, "rotationY": 0.0, "rotationZ": 0.0 },
						"L back leg": { "offsetX": 0.0, "offsetY": -0.05, "offsetZ": 0.0, "rotationX": -10.0, "rotationY": 2.0, "rotationZ": 15.0 },
						"L back feet": { "offsetX": 0.0, "offsetY": 0.0, "offsetZ": 0.0, "rotationX": 0.0, "rotationY": 0.0, "rotationZ": 0.0 },
						"tail": { "offsetX": 0.0, "offsetY": 0.0, "offsetZ": 0.0, "rotationX": 8.0, "rotationY": 0.0, "rotationZ": 0.0 }
					}
				},
				{
					"frame": 40,
					"elements": {
						"body": { "offsetX": -0.3, "offsetY": -0.1, "offsetZ": 0.0, "rotationX": 4.0, "rotationY": 8.0, "rotationZ": 4.0 },
						"neck": { "offsetX": 0.0, "offsetY": 0.0, "offsetZ": 0.0, "rotationX": 8.0, "rotationY": 6.0, "rotationZ": 4.0 },
						"R front leg": { "offsetX": 0.05, "offsetY": 0.0, "offsetZ": 0.0, "rotationX": 0.0, "rotationY": -5.0, "rotationZ": 10.0 },
						"R front feet": { "offsetX": 0.0, "offsetY": 0.0, "offsetZ": 0.0, "rotationX": 0.0, "rotationY": 0.0, "rotationZ": -25.0 },
						"L front leg": { "offsetX": 0.05, "offsetY": 0.05, "offsetZ": 0.0, "rotationX": -20.0, "rotationY": 5.0, "rotationZ": 0.0 },
						"L front feet": { "offsetX": 0.0, "offsetY": 0.05, "offsetZ": 0.0, "rotationX": 0.0, "rotationY": 0.0, "rotationZ": -30.0 },
						"R back leg": { "offsetX": 0.0, "offsetY": 0.0, "offsetZ": 0.0, "rotationX": 5.0, "rotationY": -4.0, "rotationZ": 10.0 },
						"R back feet": { "offsetX": 0.0, "offsetY": 0.0, "offsetZ": 0.0, "rotationX": 0.0, "rotationY": 0.0, "rotationZ": 0.0 },
						"L back leg": { "offsetX": 0.0, "offsetY": 0.05, "offsetZ": 0.0, "rotationX": -10.0, "rotationY": 2.0, "rotationZ": 15.0 },
						"L back feet": { "offsetX": 0.0, "offsetY": 0.0, "offsetZ": 0.0, "rotationX": 0.0, "rotationY": 0.0, "rotationZ": 0.0 },
						"tail": { "offsetX": 0.0, "offsetY": 0.0, "offsetZ": 0.0, "rotationX": -4.0, "rotationY": 0.0, "rotationZ": 5.0 }
					}
				}
			]
		},

		{
			"name": "Die",
			"code": "die",
			"quantityframes": 40,
			"onActivityStopped": "Stop",
			"onAnimationEnd": "Hold",
			"keyframes": [
				{
					"frame": 0,
					"elements": {
						"body": { "offsetX": 0.0, "offsetY": 0.0, "offsetZ": 0.0, "rotationX": 0.0, "rotationY": 0.0, "rotationZ": 0.0 },
						"neck": { "offsetX": 0.0, "offsetY": 0.0, "offsetZ": 0.0, "rotationX": 0.0, "rotationY": 0.0, "rotationZ": 0.0 },
						"R ear": { "offsetX": 0.0, "offsetY": 0.0, "offsetZ": 0.0, "rotationX": 0.0, "rotationY": 0.0, "rotationZ": 0.0 },
						"L eat": { "offsetX": 0.0, "offsetY": 0.0, "offsetZ": 0.0, "rotationX": 0.0, "rotationY": 0.0, "rotationZ": 0.0 },
						"R front leg": { "offsetX": 0.0, "offsetY": 0.0, "offsetZ": 0.0, "rotationX": 0.0, "rotationY": 0.0, "rotationZ": 0.0 },
						"R front feet": { "offsetX": 0.0, "offsetY": 0.0, "offsetZ": 0.0, "rotationX": 0.0, "rotationY": 0.0, "rotationZ": 0.0 },
						"L front leg": { "offsetX": 0.0, "offsetY": 0.0, "offsetZ": 0.0, "rotationX": 0.0, "rotationY": 0.0, "rotationZ": 0.0 },
						"L front feet": { "offsetX": 0.0, "offsetY": 0.0, "offsetZ": 0.0, "rotationX": 0.0, "rotationY": 0.0, "rotationZ": 0.0 },
						"jaw": { "offsetX": 0.0, "offsetY": 0.0, "offsetZ": 0.0, "rotationX": 0.0, "rotationY": 0.0, "rotationZ": 0.0 },
						"R back leg": { "offsetX": 0.0, "offsetY": 0.0, "offsetZ": 0.0, "rotationX": 0.0, "rotationY": 0.0, "rotationZ": 0.0 },
						"R back feet": { "offsetX": 0.0, "offsetY": 0.0, "offsetZ": 0.0, "rotationX": 0.0, "rotationY": 0.0, "rotationZ": 0.0 },
						"L back leg": { "offsetX": 0.0, "offsetY": 0.0, "offsetZ": 0.0, "rotationX": 0.0, "rotationY": 0.0, "rotationZ": 0.0 },
						"L back feet": { "offsetX": 0.0, "offsetY": 0.0, "offsetZ": 0.0, "rotationX": 0.0, "rotationY": 0.0, "rotationZ": 0.0 },
						"tail": { "offsetX": 0.0, "offsetY": 0.0, "offsetZ": 0.0, "rotationX": 0.0, "rotationY": 0.0, "rotationZ": 0.0 }
					}
				},
				{
					"frame": 5,
					"elements": {
						"body": { "offsetX": 0.0, "offsetY": 0.1, "offsetZ": 0.0 }
					}
				},
				{
					"frame": 20,
					"elements": {
						"body": { "offsetX": 0.0, "offsetY": -0.4, "offsetZ": 0.0, "rotationX": 0.0, "rotationY": 0.0, "rotationZ": 7.0 },
						"neck": { "offsetX": 0.0, "offsetY": 0.0, "offsetZ": 0.0, "rotationX": -4.0, "rotationY": 6.0, "rotationZ": -6.0 },
						"jaw": { "offsetX": 0.0, "offsetY": 0.0, "offsetZ": 0.0, "rotationX": 0.0, "rotationY": 0.0, "rotationZ": 20.0 },
						"R ear": { "offsetX": 0.0, "offsetY": 0.0, "offsetZ": 0.0, "rotationX": 0.0, "rotationY": 0.0, "rotationZ": 0.0 },
						"L eat": { "offsetX": 0.0, "offsetY": 0.0, "offsetZ": 0.0, "rotationX": 0.0, "rotationY": 0.0, "rotationZ": 0.0 },
						"R front leg": { "offsetX": 0.0, "offsetY": 0.0, "offsetZ": 0.0, "rotationX": 10.0, "rotationY": -10.0, "rotationZ": -45.0 },
						"R front feet": { "offsetX": 0.0, "offsetY": 0.0, "offsetZ": 0.0, "rotationX": 0.0, "rotationY": 0.0, "rotationZ": -30.0 },
						"L front leg": { "offsetX": 0.0, "offsetY": 0.1, "offsetZ": 0.0, "rotationX": 0.0, "rotationY": 22.5, "rotationZ": -45.0 },
						"L front feet": { "offsetX": 0.0, "offsetY": 0.0, "offsetZ": 0.0, "rotationX": 0.0, "rotationY": 0.0, "rotationZ": -20.0 },
						"R back leg": { "offsetX": -0.1, "offsetY": 0.0, "offsetZ": 0.0, "rotationX": 40.0, "rotationY": 0.0, "rotationZ": 30.0 },
						"R back feet": { "offsetX": 0.0, "offsetY": 0.0, "offsetZ": 0.0, "rotationX": 0.0, "rotationY": -15.0, "rotationZ": 10.0 },
						"L back leg": { "offsetX": -0.1, "offsetY": 0.0, "offsetZ": 0.0, "rotationX": -25.0, "rotationY": -15.0, "rotationZ": 30.0 },
						"L back feet": { "offsetX": 0.0, "offsetY": 0.0, "offsetZ": 0.0, "rotationX": 0.0, "rotationY": 20.0, "rotationZ": 10.0 },
						"tail": { "offsetX": 0.0, "offsetY": 0.0, "offsetZ": 0.0, "rotationX": 0.0, "rotationY": 0.0, "rotationZ": 0.0 }
					}
				},
				{
					"frame": 39,
					"elements": {
						"body": { "offsetX": 0.0, "offsetY": -0.4, "offsetZ": 0.0, "rotationX": 0.0, "rotationY": 0.0, "rotationZ": 7.0 },
						"neck": { "offsetX": 0.0, "offsetY": 0.0, "offsetZ": 0.0, "rotationX": -4.0, "rotationY": 6.0, "rotationZ": -6.0 },
						"jaw": { "offsetX": 0.0, "offsetY": 0.0, "offsetZ": 0.0, "rotationX": 0.0, "rotationY": 0.0, "rotationZ": 20.0 },
						"R ear": { "offsetX": 0.0, "offsetY": 0.0, "offsetZ": 0.0, "rotationX": 0.0, "rotationY": 0.0, "rotationZ": 0.0 },
						"L eat": { "offsetX": 0.0, "offsetY": 0.0, "offsetZ": 0.0, "rotationX": 0.0, "rotationY": 0.0, "rotationZ": 0.0 },
						"R front leg": { "offsetX": 0.0, "offsetY": 0.0, "offsetZ": 0.0, "rotationX": 10.0, "rotationY": -10.0, "rotationZ": -45.0 },
						"R front feet": { "offsetX": 0.0, "offsetY": 0.0, "offsetZ": 0.0, "rotationX": 0.0, "rotationY": 0.0, "rotationZ": -30.0 },
						"L front leg": { "offsetX": 0.0, "offsetY": 0.1, "offsetZ": 0.0, "rotationX": 0.0, "rotationY": 22.5, "rotationZ": -45.0 },
						"L front feet": { "offsetX": 0.0, "offsetY": 0.0, "offsetZ": 0.0, "rotationX": 0.0, "rotationY": 0.0, "rotationZ": -20.0 },
						"R back leg": { "offsetX": -0.1, "offsetY": 0.0, "offsetZ": 0.0, "rotationX": 40.0, "rotationY": 0.0, "rotationZ": 30.0 },
						"R back feet": { "offsetX": 0.0, "offsetY": 0.0, "offsetZ": 0.0, "rotationX": 0.0, "rotationY": -15.0, "rotationZ": 10.0 },
						"L back leg": { "offsetX": -0.1, "offsetY": 0.0, "offsetZ": 0.0, "rotationX": -25.0, "rotationY": -15.0, "rotationZ": 30.0 },
						"L back feet": { "offsetX": 0.0, "offsetY": 0.0, "offsetZ": 0.0, "rotationX": 0.0, "rotationY": 20.0, "rotationZ": 10.0 },
						"tail": { "offsetX": 0.0, "offsetY": 0.0, "offsetZ": 0.0, "rotationX": 0.0, "rotationY": 0.0, "rotationZ": 0.0 }
					}
				}
			]
		},

		{
			"name": "Eat",
			"code": "eat",
			"quantityframes": 140,
			"onActivityStopped": "Stop",
			"onAnimationEnd": "Stop",
			"keyframes": [
				{
					"frame": 0,
					"elements": {
						"body": { "offsetX": 0.0, "offsetY": 0.0, "offsetZ": 0.0, "rotationX": 0.0, "rotationY": 0.0, "rotationZ": 0.0 },
						"neck": { "offsetX": 0.0, "offsetY": 0.0, "offsetZ": 0.0, "rotationX": 0.0, "rotationY": 0.0, "rotationZ": 0.0 },
						"R front leg": { "offsetX": 0.0, "offsetY": 0.0, "offsetZ": 0.0, "rotationX": 0.0, "rotationY": 0.0, "rotationZ": 0.0 },
						"R front feet": { "offsetX": 0.0, "offsetY": 0.0, "offsetZ": 0.0, "rotationX": 0.0, "rotationY": 0.0, "rotationZ": 0.0 },
						"L front leg": { "offsetX": 0.0, "offsetY": 0.0, "offsetZ": 0.0, "rotationX": 0.0, "rotationY": 0.0, "rotationZ": 0.0 },
						"L front feet": { "offsetX": 0.0, "offsetY": 0.0, "offsetZ": 0.0, "rotationX": 0.0, "rotationY": 0.0, "rotationZ": 0.0 },
						"R ear": { "rotationX": 0.0, "rotationY": 0.0, "rotationZ": 0.0 },
						"L eat": { "rotationX": 0.0, "rotationY": 0.0, "rotationZ": 0.0 },
						"head": { "rotationX": 0.0, "rotationY": 0.0, "rotationZ": 0.0 },
						"R back leg": { "offsetX": 0.0, "offsetY": 0.0, "offsetZ": 0.0, "rotationX": 0.0, "rotationY": 0.0, "rotationZ": 0.0 },
						"R back feet": { "offsetX": 0.0, "offsetY": 0.0, "offsetZ": 0.0, "rotationX": 0.0, "rotationY": 0.0, "rotationZ": 0.0 },
						"L back leg": { "offsetX": 0.0, "offsetY": 0.0, "offsetZ": 0.0, "rotationX": 0.0, "rotationY": 0.0, "rotationZ": 0.0 },
						"L back feet": { "offsetX": 0.0, "offsetY": 0.0, "offsetZ": 0.0, "rotationX": 0.0, "rotationY": 0.0, "rotationZ": 0.0 },
						"tail": { "rotationX": 0.0, "rotationY": 0.0, "rotationZ": 0.0 }
					}
				},
				{
					"frame": 17,
					"elements": {
						"L back leg": { "offsetX": 0.0, "offsetY": 0.0, "offsetZ": 0.0 }
					}
				},
				{
					"frame": 30,
					"elements": {
						"body": { "offsetX": -0.2, "offsetY": 0.0, "offsetZ": 0.0, "rotationX": 0.0, "rotationY": 0.0, "rotationZ": 22.5 },
						"neck": { "offsetX": 0.0, "offsetY": 0.0, "offsetZ": 0.0, "rotationX": 0.0, "rotationY": 0.0, "rotationZ": -5.0 },
						"R front leg": { "offsetX": 0.3, "offsetY": 0.25, "offsetZ": 0.0, "rotationX": 0.0, "rotationY": 0.0, "rotationZ": -45.0 },
						"R front feet": { "offsetX": 0.0, "offsetY": 0.05, "offsetZ": 0.0, "rotationX": 0.0, "rotationY": 0.0, "rotationZ": 0.0 },
						"L front leg": { "offsetX": 0.1, "offsetY": 0.2, "offsetZ": 0.0, "rotationX": 0.0, "rotationY": 0.0, "rotationZ": 0.0 },
						"L front feet": { "offsetX": 0.0, "offsetY": 0.0, "offsetZ": 0.0, "rotationX": 0.0, "rotationY": 0.0, "rotationZ": 0.0 },
						"R back leg": { "offsetX": 0.0, "offsetY": -0.1, "offsetZ": 0.0, "rotationX": 0.0, "rotationY": 0.0, "rotationZ": -15.0 },
						"R back feet": { "offsetX": 0.0, "offsetY": 0.0, "offsetZ": 0.0, "rotationX": 0.0, "rotationY": 0.0, "rotationZ": 0.0 },
						"L back leg": { "offsetX": 0.0, "offsetY": -0.05, "offsetZ": 0.0, "rotationX": 0.0, "rotationY": 0.0, "rotationZ": -28.0 },
						"L back feet": { "offsetX": 0.0, "offsetY": 0.0, "offsetZ": 0.0, "rotationX": 0.0, "rotationY": 0.0, "rotationZ": 0.0 }
					}
				},
				{
					"frame": 35,
					"elements": {
						"body": { "offsetX": -0.2, "offsetY": 0.0, "offsetZ": 0.0, "rotationX": 0.0, "rotationY": 0.0, "rotationZ": 22.5 },
						"neck": { "offsetX": 0.0, "offsetY": 0.0, "offsetZ": 0.0, "rotationX": 0.0, "rotationY": 0.0, "rotationZ": -8.0 },
						"R front leg": { "offsetX": 0.3, "offsetY": 0.25, "offsetZ": 0.0, "rotationX": 0.0, "rotationY": 0.0, "rotationZ": -42.0 },
						"R front feet": { "offsetX": 0.0, "offsetY": 0.05, "offsetZ": 0.0, "rotationX": 0.0, "rotationY": 0.0, "rotationZ": 0.0 },
						"L front leg": { "offsetX": 0.1, "offsetY": 0.2, "offsetZ": 0.0, "rotationX": 0.0, "rotationY": 0.0, "rotationZ": 3.0 },
						"L front feet": { "offsetX": 0.0, "offsetY": 0.0, "offsetZ": 0.0, "rotationX": 0.0, "rotationY": 0.0, "rotationZ": 0.0 },
						"head": { "rotationX": 0.0, "rotationY": 0.0, "rotationZ": -2.0 },
						"R back leg": { "offsetX": 0.0, "offsetY": -0.1, "offsetZ": 0.0, "rotationX": 0.0, "rotationY": 0.0, "rotationZ": -15.0 },
						"R back feet": { "offsetX": 0.0, "offsetY": 0.0, "offsetZ": 0.0, "rotationX": 0.0, "rotationY": 0.0, "rotationZ": 0.0 },
						"L back leg": { "offsetX": 0.0, "offsetY": -0.05, "offsetZ": 0.0, "rotationX": 0.0, "rotationY": 0.0, "rotationZ": -28.0 },
						"L back feet": { "offsetX": 0.0, "offsetY": 0.0, "offsetZ": 0.0, "rotationX": 0.0, "rotationY": 0.0, "rotationZ": 0.0 }
					}
				},
				{
					"frame": 40,
					"elements": {
						"body": { "offsetX": -0.2, "offsetY": 0.0, "offsetZ": 0.0, "rotationX": 0.0, "rotationY": 0.0, "rotationZ": 22.5 },
						"neck": { "offsetX": 0.0, "offsetY": 0.0, "offsetZ": 0.0, "rotationX": 0.0, "rotationY": 0.0, "rotationZ": -5.0 },
						"R front leg": { "offsetX": 0.3, "offsetY": 0.25, "offsetZ": 0.0, "rotationX": 0.0, "rotationY": 0.0, "rotationZ": -45.0 },
						"R front feet": { "offsetX": 0.0, "offsetY": 0.05, "offsetZ": 0.0, "rotationX": 0.0, "rotationY": 0.0, "rotationZ": 0.0 },
						"L front leg": { "offsetX": 0.1, "offsetY": 0.2, "offsetZ": 0.0, "rotationX": 0.0, "rotationY": 0.0, "rotationZ": 0.0 },
						"L front feet": { "offsetX": 0.0, "offsetY": 0.0, "offsetZ": 0.0, "rotationX": 0.0, "rotationY": 0.0, "rotationZ": 0.0 },
						"head": { "rotationX": 0.0, "rotationY": 0.0, "rotationZ": 0.0 },
						"R back leg": { "offsetX": 0.0, "offsetY": -0.1, "offsetZ": 0.0, "rotationX": 0.0, "rotationY": 0.0, "rotationZ": -15.0 },
						"R back feet": { "offsetX": 0.0, "offsetY": 0.0, "offsetZ": 0.0, "rotationX": 0.0, "rotationY": 0.0, "rotationZ": 0.0 },
						"L back leg": { "offsetX": 0.0, "offsetY": -0.05, "offsetZ": 0.0, "rotationX": 0.0, "rotationY": 0.0, "rotationZ": -28.0 },
						"L back feet": { "offsetX": 0.0, "offsetY": 0.0, "offsetZ": 0.0, "rotationX": 0.0, "rotationY": 0.0, "rotationZ": 0.0 }
					}
				},
				{
					"frame": 45,
					"elements": {
						"body": { "offsetX": -0.2, "offsetY": 0.0, "offsetZ": 0.0, "rotationX": 0.0, "rotationY": 0.0, "rotationZ": 22.5 },
						"neck": { "offsetX": 0.0, "offsetY": 0.0, "offsetZ": 0.0, "rotationX": 0.0, "rotationY": 0.0, "rotationZ": -8.0 },
						"R front leg": { "offsetX": 0.3, "offsetY": 0.25, "offsetZ": 0.0, "rotationX": 0.0, "rotationY": 0.0, "rotationZ": -42.0 },
						"R front feet": { "offsetX": 0.0, "offsetY": 0.05, "offsetZ": 0.0, "rotationX": 0.0, "rotationY": 0.0, "rotationZ": 0.0 },
						"L front leg": { "offsetX": 0.1, "offsetY": 0.2, "offsetZ": 0.0, "rotationX": 0.0, "rotationY": 0.0, "rotationZ": 3.0 },
						"L front feet": { "offsetX": 0.0, "offsetY": 0.0, "offsetZ": 0.0, "rotationX": 0.0, "rotationY": 0.0, "rotationZ": 0.0 },
						"head": { "rotationX": 0.0, "rotationY": 0.0, "rotationZ": -2.0 },
						"R back leg": { "offsetX": 0.0, "offsetY": -0.1, "offsetZ": 0.0, "rotationX": 0.0, "rotationY": 0.0, "rotationZ": -15.0 },
						"R back feet": { "offsetX": 0.0, "offsetY": 0.0, "offsetZ": 0.0, "rotationX": 0.0, "rotationY": 0.0, "rotationZ": 0.0 },
						"L back leg": { "offsetX": 0.0, "offsetY": -0.05, "offsetZ": 0.0, "rotationX": 0.0, "rotationY": 0.0, "rotationZ": -28.0 },
						"L back feet": { "offsetX": 0.0, "offsetY": 0.0, "offsetZ": 0.0, "rotationX": 0.0, "rotationY": 0.0, "rotationZ": 0.0 }
					}
				},
				{
					"frame": 50,
					"elements": {
						"body": { "offsetX": -0.2, "offsetY": 0.0, "offsetZ": 0.0, "rotationX": 0.0, "rotationY": 0.0, "rotationZ": 22.5 },
						"neck": { "offsetX": 0.0, "offsetY": 0.0, "offsetZ": 0.0, "rotationX": 0.0, "rotationY": 0.0, "rotationZ": -5.0 },
						"R front leg": { "offsetX": 0.3, "offsetY": 0.25, "offsetZ": 0.0, "rotationX": 0.0, "rotationY": 0.0, "rotationZ": -45.0 },
						"R front feet": { "offsetX": 0.0, "offsetY": 0.05, "offsetZ": 0.0, "rotationX": 0.0, "rotationY": 0.0, "rotationZ": 0.0 },
						"L front leg": { "offsetX": 0.1, "offsetY": 0.2, "offsetZ": 0.0, "rotationX": 0.0, "rotationY": 0.0, "rotationZ": 0.0 },
						"L front feet": { "offsetX": 0.0, "offsetY": 0.0, "offsetZ": 0.0, "rotationX": 0.0, "rotationY": 0.0, "rotationZ": 0.0 },
						"head": { "rotationX": 0.0, "rotationY": 0.0, "rotationZ": 0.0 },
						"R back leg": { "offsetX": 0.0, "offsetY": -0.1, "offsetZ": 0.0, "rotationX": 0.0, "rotationY": 0.0, "rotationZ": -15.0 },
						"R back feet": { "offsetX": 0.0, "offsetY": 0.0, "offsetZ": 0.0, "rotationX": 0.0, "rotationY": 0.0, "rotationZ": 0.0 },
						"L back leg": { "offsetX": 0.0, "offsetY": -0.05, "offsetZ": 0.0, "rotationX": 0.0, "rotationY": 0.0, "rotationZ": -28.0 },
						"L back feet": { "offsetX": 0.0, "offsetY": 0.0, "offsetZ": 0.0, "rotationX": 0.0, "rotationY": 0.0, "rotationZ": 0.0 }
					}
				},
				{
					"frame": 55,
					"elements": {
						"body": { "offsetX": -0.2, "offsetY": 0.0, "offsetZ": 0.0, "rotationX": 0.0, "rotationY": 0.0, "rotationZ": 22.5 },
						"neck": { "offsetX": 0.0, "offsetY": 0.0, "offsetZ": 0.0, "rotationX": 0.0, "rotationY": 0.0, "rotationZ": -5.0 },
						"R front leg": { "offsetX": 0.3, "offsetY": 0.25, "offsetZ": 0.0, "rotationX": 0.0, "rotationY": 0.0, "rotationZ": -45.0 },
						"R front feet": { "offsetX": 0.0, "offsetY": 0.05, "offsetZ": 0.0, "rotationX": 0.0, "rotationY": 0.0, "rotationZ": 0.0 },
						"L front leg": { "offsetX": 0.1, "offsetY": 0.2, "offsetZ": 0.0, "rotationX": 0.0, "rotationY": 0.0, "rotationZ": 0.0 },
						"L front feet": { "offsetX": 0.0, "offsetY": 0.0, "offsetZ": 0.0, "rotationX": 0.0, "rotationY": 0.0, "rotationZ": 0.0 },
						"R back leg": { "offsetX": 0.0, "offsetY": -0.1, "offsetZ": 0.0, "rotationX": 0.0, "rotationY": 0.0, "rotationZ": -15.0 },
						"R back feet": { "offsetX": 0.0, "offsetY": 0.0, "offsetZ": 0.0, "rotationX": 0.0, "rotationY": 0.0, "rotationZ": 0.0 },
						"L back leg": { "offsetX": 0.0, "offsetY": -0.05, "offsetZ": 0.0, "rotationX": 0.0, "rotationY": 0.0, "rotationZ": -28.0 },
						"L back feet": { "offsetX": 0.0, "offsetY": 0.0, "offsetZ": 0.0, "rotationX": 0.0, "rotationY": 0.0, "rotationZ": 0.0 }
					}
				},
				{
					"frame": 70,
					"elements": {
						"body": { "offsetX": -0.1, "offsetY": 0.0, "offsetZ": 0.0, "rotationX": 0.0, "rotationY": 0.0, "rotationZ": 22.5 },
						"neck": { "offsetX": 0.1, "offsetY": 0.0, "offsetZ": 0.0, "rotationX": 0.0, "rotationY": 0.0, "rotationZ": 8.0 },
						"R ear": { "rotationX": 0.0, "rotationY": 0.0, "rotationZ": 0.0 },
						"L eat": { "rotationX": 0.0, "rotationY": 0.0, "rotationZ": 0.0 },
						"R front leg": { "offsetX": 0.3, "offsetY": 0.25, "offsetZ": 0.0, "rotationX": 0.0, "rotationY": 0.0, "rotationZ": -70.0 },
						"R front feet": { "offsetX": 0.0, "offsetY": 0.05, "offsetZ": 0.0, "rotationX": 0.0, "rotationY": 0.0, "rotationZ": 0.0 },
						"L front leg": { "offsetX": 0.1, "offsetY": 0.2, "offsetZ": 0.0, "rotationX": 0.0, "rotationY": 0.0, "rotationZ": -25.0 },
						"L front feet": { "offsetX": 0.0, "offsetY": 0.0, "offsetZ": 0.0, "rotationX": 0.0, "rotationY": 0.0, "rotationZ": 0.0 },
						"head": { "rotationX": 0.0, "rotationY": 0.0, "rotationZ": -5.0 },
						"R back leg": { "offsetX": 0.0, "offsetY": -0.1, "offsetZ": 0.0, "rotationX": 0.0, "rotationY": 0.0, "rotationZ": -20.0 },
						"R back feet": { "offsetX": 0.0, "offsetY": 0.0, "offsetZ": 0.0, "rotationX": 0.0, "rotationY": 0.0, "rotationZ": 0.0 },
						"L back leg": { "offsetX": 0.0, "offsetY": -0.1, "offsetZ": 0.0, "rotationX": 0.0, "rotationY": 0.0, "rotationZ": -32.0 },
						"L back feet": { "offsetX": 0.0, "offsetY": 0.0, "offsetZ": 0.0, "rotationX": 0.0, "rotationY": 0.0, "rotationZ": 0.0 },
						"tail": { "rotationX": 0.0, "rotationY": 0.0, "rotationZ": 0.0 }
					}
				},
				{
					"frame": 80,
					"elements": {
						"body": { "offsetX": -0.3, "offsetY": 0.0, "offsetZ": 0.0, "rotationX": 2.0, "rotationY": 3.0, "rotationZ": 22.5 },
						"neck": { "offsetX": 0.0, "offsetY": 0.0, "offsetZ": 0.0, "rotationX": 2.0, "rotationY": 4.0, "rotationZ": -5.0 },
						"R ear": { "rotationX": 0.0, "rotationY": 0.0, "rotationZ": -30.0 },
						"L eat": { "rotationX": 0.0, "rotationY": 0.0, "rotationZ": -30.0 },
						"R front leg": { "offsetX": 0.3, "offsetY": 0.25, "offsetZ": 0.0, "rotationX": 2.0, "rotationY": 0.0, "rotationZ": -35.0 },
						"R front feet": { "offsetX": 0.0, "offsetY": 0.05, "offsetZ": 0.0, "rotationX": 0.0, "rotationY": 0.0, "rotationZ": 0.0 },
						"L front leg": { "offsetX": 0.1, "offsetY": 0.15, "offsetZ": 0.0, "rotationX": -2.0, "rotationY": 0.0, "rotationZ": 10.0 },
						"L front feet": { "offsetX": 0.0, "offsetY": 0.0, "offsetZ": 0.0, "rotationX": 0.0, "rotationY": 0.0, "rotationZ": 0.0 },
						"head": { "rotationX": 0.0, "rotationY": 0.0, "rotationZ": 5.0 },
						"R back leg": { "offsetX": 0.0, "offsetY": -0.1, "offsetZ": 0.0, "rotationX": 2.0, "rotationY": 0.0, "rotationZ": -10.0 },
						"R back feet": { "offsetX": 0.0, "offsetY": 0.0, "offsetZ": 0.0, "rotationX": 0.0, "rotationY": 0.0, "rotationZ": 0.0 },
						"L back leg": { "offsetX": 0.0, "offsetY": -0.03, "offsetZ": 0.0, "rotationX": -2.0, "rotationY": 0.0, "rotationZ": -20.0 },
						"L back feet": { "offsetX": 0.0, "offsetY": 0.0, "offsetZ": 0.0, "rotationX": 0.0, "rotationY": 0.0, "rotationZ": 0.0 },
						"tail": { "rotationX": 0.0, "rotationY": 0.0, "rotationZ": 10.0 }
					}
				},
				{
					"frame": 90,
					"elements": {
						"body": { "offsetX": -0.1, "offsetY": 0.0, "offsetZ": 0.0, "rotationX": 0.0, "rotationY": 0.0, "rotationZ": 22.5 },
						"neck": { "offsetX": 0.1, "offsetY": 0.0, "offsetZ": 0.0, "rotationX": 0.0, "rotationY": 0.0, "rotationZ": 8.0 },
						"R ear": { "rotationX": 0.0, "rotationY": 0.0, "rotationZ": 0.0 },
						"L eat": { "rotationX": 0.0, "rotationY": 0.0, "rotationZ": 0.0 },
						"R front leg": { "offsetX": 0.3, "offsetY": 0.25, "offsetZ": 0.0, "rotationX": 0.0, "rotationY": 0.0, "rotationZ": -70.0 },
						"R front feet": { "offsetX": 0.0, "offsetY": 0.05, "offsetZ": 0.0, "rotationX": 0.0, "rotationY": 0.0, "rotationZ": 0.0 },
						"L front leg": { "offsetX": 0.1, "offsetY": 0.2, "offsetZ": 0.0, "rotationX": 0.0, "rotationY": 0.0, "rotationZ": -25.0 },
						"L front feet": { "offsetX": 0.0, "offsetY": 0.0, "offsetZ": 0.0, "rotationX": 0.0, "rotationY": 0.0, "rotationZ": 0.0 },
						"head": { "rotationX": 0.0, "rotationY": 0.0, "rotationZ": -5.0 },
						"R back leg": { "offsetX": 0.0, "offsetY": -0.1, "offsetZ": 0.0, "rotationX": 0.0, "rotationY": 0.0, "rotationZ": -20.0 },
						"R back feet": { "offsetX": 0.0, "offsetY": 0.0, "offsetZ": 0.0, "rotationX": 0.0, "rotationY": 0.0, "rotationZ": 0.0 },
						"L back leg": { "offsetX": 0.0, "offsetY": -0.1, "offsetZ": 0.0, "rotationX": 0.0, "rotationY": 0.0, "rotationZ": -32.0 },
						"L back feet": { "offsetX": 0.0, "offsetY": 0.0, "offsetZ": 0.0, "rotationX": 0.0, "rotationY": 0.0, "rotationZ": 0.0 },
						"tail": { "rotationX": 0.0, "rotationY": 0.0, "rotationZ": 0.0 }
					}
				},
				{
					"frame": 100,
					"elements": {
						"body": { "offsetX": -0.3, "offsetY": 0.0, "offsetZ": 0.0, "rotationX": -2.0, "rotationY": -3.0, "rotationZ": 22.5 },
						"neck": { "offsetX": 0.0, "offsetY": 0.0, "offsetZ": 0.0, "rotationX": -2.0, "rotationY": -4.0, "rotationZ": -5.0 },
						"R ear": { "rotationX": 0.0, "rotationY": 0.0, "rotationZ": -30.0 },
						"L eat": { "rotationX": 0.0, "rotationY": 0.0, "rotationZ": -30.0 },
						"R front leg": { "offsetX": 0.3, "offsetY": 0.25, "offsetZ": 0.0, "rotationX": 2.0, "rotationY": 0.0, "rotationZ": -35.0 },
						"R front feet": { "offsetX": 0.0, "offsetY": 0.05, "offsetZ": 0.0, "rotationX": 0.0, "rotationY": 0.0, "rotationZ": 0.0 },
						"L front leg": { "offsetX": 0.1, "offsetY": 0.15, "offsetZ": 0.0, "rotationX": -2.0, "rotationY": 0.0, "rotationZ": 10.0 },
						"L front feet": { "offsetX": 0.0, "offsetY": 0.0, "offsetZ": 0.0, "rotationX": 0.0, "rotationY": 0.0, "rotationZ": 0.0 },
						"head": { "rotationX": 0.0, "rotationY": 0.0, "rotationZ": 5.0 },
						"R back leg": { "offsetX": 0.0, "offsetY": -0.1, "offsetZ": 0.0, "rotationX": 2.0, "rotationY": 0.0, "rotationZ": -10.0 },
						"R back feet": { "offsetX": 0.0, "offsetY": 0.0, "offsetZ": 0.0, "rotationX": 0.0, "rotationY": 0.0, "rotationZ": 0.0 },
						"L back leg": { "offsetX": 0.0, "offsetY": -0.03, "offsetZ": 0.0, "rotationX": -2.0, "rotationY": 0.0, "rotationZ": -20.0 },
						"L back feet": { "offsetX": 0.0, "offsetY": 0.0, "offsetZ": 0.0, "rotationX": 0.0, "rotationY": 0.0, "rotationZ": 0.0 },
						"tail": { "rotationX": 0.0, "rotationY": 0.0, "rotationZ": 10.0 }
					}
				},
				{
					"frame": 110,
					"elements": {
						"body": { "offsetX": -0.1, "offsetY": 0.0, "offsetZ": 0.0, "rotationX": 0.0, "rotationY": 0.0, "rotationZ": 22.5 },
						"neck": { "offsetX": 0.1, "offsetY": 0.0, "offsetZ": 0.0, "rotationX": 0.0, "rotationY": 0.0, "rotationZ": 8.0 },
						"R ear": { "rotationX": 0.0, "rotationY": 0.0, "rotationZ": 0.0 },
						"L eat": { "rotationX": 0.0, "rotationY": 0.0, "rotationZ": 0.0 },
						"R front leg": { "offsetX": 0.3, "offsetY": 0.25, "offsetZ": 0.0, "rotationX": 0.0, "rotationY": 0.0, "rotationZ": -70.0 },
						"R front feet": { "offsetX": 0.0, "offsetY": 0.05, "offsetZ": 0.0, "rotationX": 0.0, "rotationY": 0.0, "rotationZ": 0.0 },
						"L front leg": { "offsetX": 0.1, "offsetY": 0.2, "offsetZ": 0.0, "rotationX": 0.0, "rotationY": 0.0, "rotationZ": -25.0 },
						"L front feet": { "offsetX": 0.0, "offsetY": 0.0, "offsetZ": 0.0, "rotationX": 0.0, "rotationY": 0.0, "rotationZ": 0.0 },
						"head": { "rotationX": 0.0, "rotationY": 0.0, "rotationZ": -5.0 },
						"R back leg": { "offsetX": 0.0, "offsetY": -0.1, "offsetZ": 0.0, "rotationX": 0.0, "rotationY": 0.0, "rotationZ": -20.0 },
						"R back feet": { "offsetX": 0.0, "offsetY": 0.0, "offsetZ": 0.0, "rotationX": 0.0, "rotationY": 0.0, "rotationZ": 0.0 },
						"L back leg": { "offsetX": 0.0, "offsetY": -0.1, "offsetZ": 0.0, "rotationX": 0.0, "rotationY": 0.0, "rotationZ": -32.0 },
						"L back feet": { "offsetX": 0.0, "offsetY": 0.0, "offsetZ": 0.0, "rotationX": 0.0, "rotationY": 0.0, "rotationZ": 0.0 },
						"tail": { "rotationX": 0.0, "rotationY": 0.0, "rotationZ": 0.0 }
					}
				}
			]
		},

		{
			"name": "Hurt",
			"code": "hurt",
			"quantityframes": 30,
			"onActivityStopped": "PlayTillEnd",
			"onAnimationEnd": "Stop",
			"keyframes": [
				{
					"frame": 0,
					"elements": {
						"body": { "offsetX": 0.0, "offsetY": 0.0, "offsetZ": 0.0, "rotationX": 0.0, "rotationY": 0.0, "rotationZ": 0.0 },
						"neck": { "offsetX": 0.0, "offsetY": 0.0, "offsetZ": 0.0, "rotationX": 0.0, "rotationY": 0.0, "rotationZ": 0.0 },
						"R ear": { "rotationX": 0.0, "rotationY": 0.0, "rotationZ": 0.0 },
						"L eat": { "rotationX": 0.0, "rotationY": 0.0, "rotationZ": 0.0 },
						"R front leg": { "offsetX": 0.0, "offsetY": 0.0, "offsetZ": 0.0, "rotationX": 0.0, "rotationY": 0.0, "rotationZ": 0.0 },
						"R front feet": { "offsetX": 0.0, "offsetY": 0.0, "offsetZ": 0.0, "rotationX": 0.0, "rotationY": 0.0, "rotationZ": 0.0 },
						"L front leg": { "offsetX": 0.0, "offsetY": 0.0, "offsetZ": 0.0, "rotationX": 0.0, "rotationY": 0.0, "rotationZ": 0.0 },
						"L front feet": { "offsetX": 0.0, "offsetY": 0.0, "offsetZ": 0.0, "rotationX": 0.0, "rotationY": 0.0, "rotationZ": 0.0 },
						"jaw": { "rotationX": 0.0, "rotationY": 0.0, "rotationZ": 0.0 },
						"R back leg": { "offsetX": 0.0, "offsetY": 0.0, "offsetZ": 0.0, "rotationX": 0.0, "rotationY": 0.0, "rotationZ": 0.0 },
						"R back feet": { "offsetX": 0.0, "offsetY": 0.0, "offsetZ": 0.0, "rotationX": 0.0, "rotationY": 0.0, "rotationZ": 0.0 },
						"L back leg": { "offsetX": 0.0, "offsetY": 0.0, "offsetZ": 0.0, "rotationX": 0.0, "rotationY": 0.0, "rotationZ": 0.0 },
						"L back feet": { "offsetX": 0.0, "offsetY": 0.0, "offsetZ": 0.0, "rotationX": 0.0, "rotationY": 0.0, "rotationZ": 0.0 },
						"tail": { "rotationX": 0.0, "rotationY": 0.0, "rotationZ": 0.0 }
					}
				},
				{
					"frame": 6,
					"elements": {
						"body": { "offsetX": 0.0, "offsetY": -0.05, "offsetZ": 0.0, "rotationX": 0.0, "rotationY": 0.0, "rotationZ": 10.0 },
						"neck": { "offsetX": 0.0, "offsetY": 0.0, "offsetZ": 0.0, "rotationX": -2.0, "rotationY": -3.0, "rotationZ": -5.0 },
						"jaw": { "rotationX": 0.0, "rotationY": 0.0, "rotationZ": 10.0 },
						"R ear": { "rotationX": 0.0, "rotationY": 0.0, "rotationZ": -30.0 },
						"L eat": { "rotationX": 0.0, "rotationY": 0.0, "rotationZ": -30.0 },
						"R front leg": { "offsetX": 0.1, "offsetY": 0.1, "offsetZ": 0.0, "rotationX": 0.0, "rotationY": 0.0, "rotationZ": 0.0 },
						"R front feet": { "offsetX": 0.0, "offsetY": 0.0, "offsetZ": 0.0, "rotationX": 0.0, "rotationY": 0.0, "rotationZ": -10.0 },
						"L front leg": { "offsetX": 0.1, "offsetY": 0.1, "offsetZ": 0.0, "rotationX": 0.0, "rotationY": 0.0, "rotationZ": 0.0 },
						"L front feet": { "offsetX": 0.0, "offsetY": 0.0, "offsetZ": 0.0, "rotationX": 0.0, "rotationY": 0.0, "rotationZ": -10.0 },
						"R back leg": { "offsetX": 0.0, "offsetY": -0.01, "offsetZ": 0.0, "rotationX": 0.0, "rotationY": 0.0, "rotationZ": -8.0 },
						"R back feet": { "offsetX": 0.0, "offsetY": 0.0, "offsetZ": 0.0, "rotationX": 0.0, "rotationY": 0.0, "rotationZ": -2.0 },
						"L back leg": { "offsetX": 0.0, "offsetY": -0.01, "offsetZ": 0.0, "rotationX": 0.0, "rotationY": 0.0, "rotationZ": -8.0 },
						"L back feet": { "offsetX": 0.0, "offsetY": 0.0, "offsetZ": 0.0, "rotationX": 0.0, "rotationY": 0.0, "rotationZ": -2.0 },
						"tail": { "rotationX": 0.0, "rotationY": 0.0, "rotationZ": -5.0 }
					}
				}
			]
		},

		{
			"name": "Sit",
			"code": "sit",
			"quantityframes": 30,
			"onActivityStopped": "EaseOut",
			"onAnimationEnd": "Repeat",
			"keyframes": [
				{
					"frame": 0,
					"elements": {
						"body": { "offsetX": 0.3, "offsetY": -0.1, "offsetZ": 0.0, "rotationX": -3.0, "rotationY": -8.0, "rotationZ": -36.0 },
						"neck": { "offsetX": 0.1, "offsetY": 0.08, "offsetZ": 0.0, "rotationX": 11.0, "rotationY": 3.0, "rotationZ": 28.0 },
						"R front leg": { "offsetX": 0.0, "offsetY": -0.14, "offsetZ": 0.0, "rotationX": 3.0, "rotationY": 6.0, "rotationZ": -25.0 },
						"R front feet": { "rotationX": 0.0, "rotationY": 0.0, "rotationZ": 11.0 },
						"L front leg": { "offsetX": 0.0, "offsetY": -0.1, "offsetZ": 0.0, "rotationX": -14.0, "rotationY": -6.0, "rotationZ": -22.0 },
						"L front feet": { "rotationX": 0.0, "rotationY": 0.0, "rotationZ": 6.0 },
						"R back leg": { "offsetX": 0.0, "offsetY": 0.1, "offsetZ": -0.02, "rotationX": 8.0, "rotationY": -11.0, "rotationZ": -83.0 },
						"R back feet": { "offsetX": 0.0, "offsetY": 0.1, "offsetZ": -0.03, "rotationX": 0.0, "rotationY": 0.0, "rotationZ": 116.0 },
						"L back leg": { "offsetX": 0.0, "offsetY": 0.1, "offsetZ": 0.02, "rotationX": -14.0, "rotationY": 8.0, "rotationZ": -94.0 },
						"L back feet": { "rotationX": 0.0, "rotationY": 0.0, "rotationZ": 130.0 },
						"tail": { "rotationX": -6.0, "rotationY": 0.0, "rotationZ": -19.0 }
					}
				},
				{
					"frame": 15,
					"elements": {
						"body": { "offsetX": 0.3, "offsetY": -0.09, "offsetZ": 0.0, "rotationX": -3.0, "rotationY": -8.0, "rotationZ": -37.0 },
						"neck": { "offsetX": 0.1, "offsetY": 0.08, "offsetZ": 0.0, "rotationX": 11.0, "rotationY": 3.0, "rotationZ": 29.0 },
						"R front leg": { "offsetX": 0.0, "offsetY": -0.15, "offsetZ": 0.0, "rotationX": 3.0, "rotationY": 6.0, "rotationZ": -25.0 },
						"R front feet": { "rotationX": 0.0, "rotationY": 0.0, "rotationZ": 11.0 },
						"L front leg": { "offsetX": 0.0, "offsetY": -0.11, "offsetZ": 0.0, "rotationX": -14.0, "rotationY": -6.0, "rotationZ": -22.0 },
						"L front feet": { "rotationX": 0.0, "rotationY": 0.0, "rotationZ": 6.0 },
						"R back leg": { "offsetX": 0.0, "offsetY": 0.1, "offsetZ": -0.02, "rotationX": 8.0, "rotationY": -11.0, "rotationZ": -82.0 },
						"R back feet": { "offsetX": 0.0, "offsetY": 0.1, "offsetZ": -0.03, "rotationX": 0.0, "rotationY": 0.0, "rotationZ": 116.0 },
						"L back leg": { "offsetX": 0.0, "offsetY": 0.1, "offsetZ": 0.02, "rotationX": -14.0, "rotationY": 8.0, "rotationZ": -93.0 },
						"L back feet": { "rotationX": 0.0, "rotationY": 0.0, "rotationZ": 130.0 },
						"tail": { "rotationX": -6.0, "rotationY": 0.0, "rotationZ": -19.0 }
					}
				}
			]
		},

		{
			"name": "Lie",
			"code": "lie",
			"quantityframes": 30,
			"onActivityStopped": "EaseOut",
			"onAnimationEnd": "Repeat",
			"keyframes": [
				{
					"frame": 0,
					"elements": {
						"body": { "offsetX": 0.0, "offsetY": -0.5, "offsetZ": 0.0, "rotationX": 6.0, "rotationY": 0.0, "rotationZ": 0.0 },
						"neck": { "rotationX": -5.0, "rotationY": 0.0, "rotationZ": -8.0 },
						"R front leg": { "offsetX": 0.1, "offsetY": -0.1, "offsetZ": 0.0, "rotationX": 0.0, "rotationY": 0.0, "rotationZ": 19.0 },
						"R front feet": { "rotationX": 0.0, "rotationY": 0.0, "rotationZ": -97.0 },
						"L front leg": { "offsetX": 0.0, "offsetY": -0.1, "offsetZ": 0.0, "rotationX": -3.0, "rotationY": 17.0, "rotationZ": 33.0 },
						"L front feet": { "rotationX": 0.0, "rotationY": 0.0, "rotationZ": -108.0 },
						"R back leg": { "offsetX": 0.0, "offsetY": 0.0, "offsetZ": -0.02, "rotationX": 14.0, "rotationY": -14.0, "rotationZ": 25.0 },
						"R back feet": { "offsetX": 0.1, "offsetY": 0.0, "offsetZ": 0.0, "rotationX": 0.0, "rotationY": 0.0, "rotationZ": -108.0 },
						"L back leg": { "offsetX": 0.0, "offsetY": 0.0, "offsetZ": 0.0, "rotationX": 8.0, "rotationY": -3.0, "rotationZ": 22.0 },
						"L back feet": { "offsetX": 0.05, "offsetY": 0.0, "offsetZ": 0.0, "rotationX": 0.0, "rotationY": 0.0, "rotationZ": -100.0 }
					}
				},
				{
					"frame": 15,
					"elements": {
						"body": { "offsetX": 0.01, "offsetY": -0.5, "offsetZ": 0.0, "rotationX": 6.0, "rotationY": 0.0, "rotationZ": -1.0 },
						"neck": { "rotationX": -5.0, "rotationY": 0.0, "rotationZ": -7.0 },
						"R front leg": { "offsetX": 0.1, "offsetY": -0.11, "offsetZ": 0.0, "rotationX": 0.0, "rotationY": 0.0, "rotationZ": 18.0 },
						"R front feet": { "rotationX": 0.0, "rotationY": 0.0, "rotationZ": -97.0 },
						"L front leg": { "offsetX": 0.0, "offsetY": -0.11, "offsetZ": 0.0, "rotationX": -3.0, "rotationY": 17.0, "rotationZ": 32.0 },
						"L front feet": { "rotationX": 0.0, "rotationY": 0.0, "rotationZ": -108.0 },
						"R back leg": { "offsetX": 0.01, "offsetY": 0.0, "offsetZ": -0.02, "rotationX": 14.0, "rotationY": -14.0, "rotationZ": 26.0 },
						"R back feet": { "offsetX": 0.1, "offsetY": 0.0, "offsetZ": 0.0, "rotationX": 0.0, "rotationY": 0.0, "rotationZ": -108.0 },
						"L back leg": { "offsetX": 0.0, "offsetY": 0.0, "offsetZ": 0.0, "rotationX": 8.0, "rotationY": -3.0, "rotationZ": 23.0 },
						"L back feet": { "offsetX": 0.05, "offsetY": 0.0, "offsetZ": 0.0, "rotationX": 0.0, "rotationY": 0.0, "rotationZ": -100.0 }
					}
				}
			]
		},

		{
			"name": "Sleep",
			"code": "sleep",
			"quantityframes": 30,
			"onActivityStopped": "EaseOut",
			"onAnimationEnd": "Repeat",
			"keyframes": [
				{
					"frame": 0,
					"elements": {
						"body": { "offsetX": 0.0, "offsetY": -0.1, "offsetZ": -0.55, "rotationX": -72.0, "rotationY": 0.0, "rotationZ": 0.0 },
						"neck": { "rotationX": 0.0, "rotationY": -9.0, "rotationZ": -11.0 },
						"R front leg": { "rotationX": -8.0, "rotationY": 3.0, "rotationZ": -6.0 },
						"R front feet": { "rotationX": 0.0, "rotationY": 0.0, "rotationZ": 0.0 },
						"L front leg": { "rotationX": 0.0, "rotationY": 0.0, "rotationZ": -14.0 },
						"L front feet": { "rotationX": 0.0, "rotationY": 0.0, "rotationZ": 0.0 },
						"R back leg": { "rotationX": -8.0, "rotationY": 0.0, "rotationZ": 11.0 },
						"R back feet": { "rotationX": 0.0, "rotationY": 0.0, "rotationZ": 0.0 },
						"L back leg": { "offsetX": 0.0, "offsetY": 0.0, "offsetZ": 0.05, "rotationX": 22.0, "rotationY": 0.0, "rotationZ": 22.0 },
						"L back feet": { "rotationX": 0.0, "rotationY": 0.0, "rotationZ": 0.0 },
						"tail": { "rotationX": 33.0, "rotationY": 0.0, "rotationZ": 0.0 }
					}
				},
				{
					"frame": 15,
					"elements": {
						"body": { "offsetX": 0.01, "offsetY": -0.1, "offsetZ": -0.55, "rotationX": -72.0, "rotationY": 1.0, "rotationZ": 0.0 },
						"neck": { "rotationX": 0.0, "rotationY": -10.0, "rotationZ": -11.0 },
						"R front leg": { "rotationX": -8.0, "rotationY": 3.0, "rotationZ": -6.0 },
						"R front feet": { "rotationX": 1.0, "rotationY": 0.0, "rotationZ": 0.0 },
						"L front leg": { "rotationX": 0.0, "rotationY": 0.0, "rotationZ": -14.0 },
						"L front feet": { "rotationX": 1.0, "rotationY": 0.0, "rotationZ": 0.0 },
						"R back leg": { "rotationX": -9.0, "rotationY": 0.0, "rotationZ": 11.0 },
						"R back feet": { "rotationX": 0.0, "rotationY": 0.0, "rotationZ": 0.0 },
						"L back leg": { "offsetX": 0.0, "offsetY": 0.0, "offsetZ": 0.05, "rotationX": 21.0, "rotationY": 0.0, "rotationZ": 22.0 },
						"L back feet": { "rotationX": 0.0, "rotationY": 0.0, "rotationZ": 0.0 },
						"tail": { "rotationX": 33.0, "rotationY": 0.0, "rotationZ": 0.0 }
					}
				}
			]
		}
	]
}