{
    "code": "animal-figurine",
    "class": "Item",
    "maxStackSize": 8,
    "variantcode": "{grade}",


    "variantgroups": [
        {
            "code": "animal",
            "states": [
                "bear",
                "deer",
                "elk",
                "fox",
                "gazelle",
                "goat",
                "hare",
                "hen",
                "hyena",
                "moose",
                "muskox",
                "pig",
                "raccoon",
                "rooster",
                "sheep",
                "wolf"
            ]
        },


        {
            "code": "grade",
            "states": [ "standard", "fine", "special" ]
        }


    ],

    "allowedVariants": [
        "animal-figurine-bear-standard",
        "animal-figurine-bear-fine",
        "animal-figurine-bear-special",

        "animal-figurine-deer-standard",
        "animal-figurine-deer-fine",

        "animal-figurine-elk-standard",
        "animal-figurine-elk-fine",
        "animal-figurine-elk-special",

        "animal-figurine-fox-standard",
        "animal-figurine-fox-fine",
        "animal-figurine-fox-special",

        "animal-figurine-gazelle-standard",
        "animal-figurine-gazelle-fine",

        "animal-figurine-goat-standard",
        "animal-figurine-goat-fine",

        "animal-figurine-hare-standard",
        "animal-figurine-hare-fine",

        "animal-figurine-hen-standard",
        "animal-figurine-hen-fine",

        "animal-figurine-hyena-standard",
        "animal-figurine-hyena-fine",

        "animal-figurine-moose-standard",
        "animal-figurine-moose-fine",

        "animal-figurine-muskox-standard",
        "animal-figurine-muskox-fine",

        "animal-figurine-pig-standard",
        "animal-figurine-pig-fine",

        "animal-figurine-raccoon-standard",
        "animal-figurine-raccoon-fine",
        "animal-figurine-raccoon-special",

        "animal-figurine-rooster-standard",
        "animal-figurine-rooster-fine",

        "animal-figurine-sheep-standard",
        "animal-figurine-sheep-fine",

        "animal-figurine-wolf-standard",
        "animal-figurine-wolf-fine",
        "animal-figurine-wolf-special"
    ],


    "shapeByType": {
        "animal-figurine-bear-standard": { "base": "figurines:item/animal/bear/bear-figurine-standard" },
        "animal-figurine-bear-fine": { "base": "figurines:item/animal/bear/bear-figurine-fine" },
        "animal-figurine-bear-special": { "base": "figurines:item/animal/bear/bear-figurine-special" },
        "animal-figurine-deer-standard": { "base": "figurines:item/animal/deer/deer-figurine-standard" },
        "animal-figurine-deer-fine": { "base": "figurines:item/animal/deer/deer-figurine-fine" },
        "animal-figurine-elk-standard": { "base": "figurines:item/animal/elk/elk-figurine-standard" },
        "animal-figurine-elk-fine": { "base": "figurines:item/animal/elk/elk-figurine-fine" },
        "animal-figurine-elk-special": { "base": "figurines:item/animal/elk/elk-figurine-special" },
        "animal-figurine-fox-standard": { "base": "figurines:item/animal/fox/fox-figurine-standard" },
        "animal-figurine-fox-fine": { "base": "figurines:item/animal/fox/fox-figurine-fine" },
        "animal-figurine-fox-special": { "base": "figurines:item/animal/fox/fox-figurine-special" },
        "animal-figurine-gazelle-standard": { "base": "figurines:item/animal/gazelle/gazelle-figurine-standard" },
        "animal-figurine-gazelle-fine": { "base": "figurines:item/animal/gazelle/gazelle-figurine-fine" },
        "animal-figurine-goat-standard": { "base": "figurines:item/animal/goat/goat-figurine-standard" },
        "animal-figurine-goat-fine": { "base": "figurines:item/animal/goat/goat-figurine-fine" },
        "animal-figurine-hare-standard": { "base": "figurines:item/animal/hare/hare-figurine-standard" },
        "animal-figurine-hare-fine": { "base": "figurines:item/animal/hare/hare-figurine-fine" },
        "animal-figurine-hen-standard": { "base": "figurines:item/animal/hen/hen-figurine-standard" },
        "animal-figurine-hen-fine": { "base": "figurines:item/animal/hen/hen-figurine-fine" },
        "animal-figurine-hyena-standard": { "base": "figurines:item/animal/hyena/hyena-figurine-standard" },
        "animal-figurine-hyena-fine": { "base": "figurines:item/animal/hyena/hyena-figurine-fine" },
        "animal-figurine-moose-standard": { "base": "figurines:item/animal/moose/moose-figurine-standard" },
        "animal-figurine-moose-fine": { "base": "figurines:item/animal/moose/moose-figurine-fine" },
        "animal-figurine-muskox-standard": { "base": "figurines:item/animal/muskox/muskox-figurine-standard" },
        "animal-figurine-muskox-fine": { "base": "figurines:item/animal/muskox/muskox-figurine-fine" },
        "animal-figurine-pig-standard": { "base": "figurines:item/animal/pig/pig-figurine-standard" },
        "animal-figurine-pig-fine": { "base": "figurines:item/animal/pig/pig-figurine-fine" },
        "animal-figurine-raccoon-standard": { "base": "figurines:item/animal/raccoon/raccoon-figurine-standard" },
        "animal-figurine-raccoon-fine": { "base": "figurines:item/animal/raccoon/raccoon-figurine-fine" },
        "animal-figurine-raccoon-special": { "base": "figurines:item/animal/raccoon/raccoon-figurine-special" },
        "animal-figurine-rooster-standard": { "base": "figurines:item/animal/rooster/rooster-figurine-standard" },
        "animal-figurine-rooster-fine": { "base": "figurines:item/animal/rooster/rooster-figurine-fine" },
        "animal-figurine-sheep-standard": { "base": "figurines:item/animal/sheep/sheep-figurine-standard" },
        "animal-figurine-sheep-fine": { "base": "figurines:item/animal/sheep/sheep-figurine-fine" },
        "animal-figurine-wolf-standard": { "base": "figurines:item/animal/wolf/wolf-figurine-standard" },
        "animal-figurine-wolf-fine": { "base": "figurines:item/animal/wolf/wolf-figurine-fine" },
        "animal-figurine-wolf-special": { "base": "figurines:item/animal/wolf/wolf-figurine-special" }
    },

    "textures": {
        "grade": { "base": "figurines:item/animal/{grade}" },
        "base": { "base": "figurines:item/base/base" }

    },

    "creativeinventoryByType": {
        "*": {
            "general": [ "*" ],
            "figurines": [ "*" ]
        }
    },

    "guiTransformByType": {
        "*": {
            "translation": {
                "x": 0,
                "y": 0,
                "z": 0
            },
            "rotation": {
                "x": -18,
                "y": -52,
                "z": 180
            },
            "origin": {
                "x": 0.5,
                "y": 0.1,
                "z": 0.5
            },
            "scale": 6
        }
    },

    "tpHandTransformByType": {
        "*": {
            "translation": {
                "x": -1.0,
                "y": -0.5,
                "z": -0.48
            },
            "rotation": {
                "x": 0,
                "y": -180,
                "z": 90
            },
            "scale": 1.05
        }
    },

    "groundTransformByType": {
        "*": {
            "translation": {
                "x": -0,
                "y": -0,
                "z": 0
            },
            "rotation": {
                "x": 90,
                "y": 4,
                "z": -3
            },
            "origin": {
                "x": 0.5,
                "y": 0.1,
                "z": 0.55
            },
            "scale": 6
        }
    },

    "attributes": {
        "groundstorable": true,
        "displaycaseable": true,
        "shelvable": true,
        "moldrackable": true,
        "groundStorageTransformByType": {
            "*": {
                "translation": {
                    "x": 0,
                    "y": 0,
                    "z": 0
                },
                "rotation": {
                    "x": 90,
                    "y": 90,
                    "z": -90
                },
                "origin": {
                    "x": 0.5,
                    "y": 0.0,
                    "z": 0.5
                },
                "scale": 1.2
            }
        },
        "onDisplayTransformByType": {
            "*": {
                "translation": {
                    "x": 0,
                    "y": 0,
                    "z": 0
                },
                "rotation": {
                    "x": 90,
                    "y": 90,
                    "z": -90
                },
                "origin": {
                    "x": 0.5,
                    "y": 0.0,
                    "z": 0.5
                },
                "scale": 1.4
            }
        },
        "onshelfTransformByType": {
            "*": {
                "translation": {
                    "x": 0,
                    "y": 0,
                    "z": 0
                },
                "rotation": {
                    "x": 90,
                    "y": 90,
                    "z": -90
                },
                "origin": {
                    "x": 0.5,
                    "y": 0.0,
                    "z": 0.5
                },
                "scale": 1.2
            }
        },
        "onmoldrackTransformByType": {
            "*": {
                "translation": {
                    "x": 0.44,
                    "y": 0.07,
                    "z": 0.25
                },
                "rotation": {
                    "x": 0,
                    "y": 90,
                    "z": 0
                },
                "origin": {
                    "x": 0.5,
                    "y": 0.0,
                    "z": 0.5
                },
                "scale": 1.2
            }
        }
    },


    "behaviors": [
        {
            "name": "GroundStorable",
            "properties": {
                "layout": "quadrants",
                "rotation": true,
                "wallOffYByType": { "*": 1 },
                "ctrlKey": true,
                "selectionBox": {
                    "x1": 0,
                    "y1": 0,
                    "z1": 0,
                    "x2": 1,
                    "y2": 0.1,
                    "z2": 1
                },
                "collisionBox": {
                    "x1": 0,
                    "y1": 0,
                    "z1": 0,
                    "x2": 0,
                    "y2": 0,
                    "z2": 0
                }
            }
        }
    ]
}


   


