﻿[
  {
    "ingredientPattern": "S_,PK",
    "shapeless": true,
    "ingredients": {
      "S": { "type": "item", "code": "game:stone-*", "quantity": 1, "isTool": true, "toolDurabilityCost": 0 },
      "P": { "type": "item", "code": "game:papyrustops", "quantity": 4 },
      "K": { "type": "item", "code": "game:knife-*", "quantity": 1, "isTool": true, "toolDurabilityCost": 4  }
    },
    "width": 2,
    "height": 2,
    "output": { "type": "item", "code": "paper-papyrus" },
  },
  {
    "ingredientPattern": "S_,CK",
    "shapeless": true,
    "ingredients": {
      "S": { "type": "item", "code": "game:stone-*", "quantity": 1, "isTool": true, "toolDurabilityCost": 0 },
      "C": { "type": "item", "code": "game:cattailtops", "quantity": 4 },
      "K": { "type": "item", "code": "game:knife-*", "quantity": 1, "isTool": true, "toolDurabilityCost": 4 }
    },
    "width": 2,
    "height": 2,
    "output": { "type": "item", "code": "paper-papyrus" },
  }
]