{
	"editor": {
		"allAngles": false,
		"entityTextureMode": false
	},
	"textureWidth": 16,
	"textureHeight": 16,
	"textureSizes": {
	},
	"textures": {
	},
	"elements": [
		{
			"name": "_origin",
			"from": [ 0.0, 0.5, 5.7 ], 
			"to": [ 0.0, 0.5, 5.7 ], 
			"rotationOrigin": [ 8.0, 0.0, 8.0 ],
			"faces": {
				"north": { "texture": "#default", "uv": [ 0.0, 0.0, 0.5, 0.5 ] },
				"east": { "texture": "#default", "uv": [ 0.0, 0.0, 0.5, 0.5 ] },
				"south": { "texture": "#default", "uv": [ 0.0, 0.0, 0.5, 0.5 ] },
				"west": { "texture": "#default", "uv": [ 0.0, 0.0, 0.5, 0.5 ] },
				"up": { "texture": "#default", "uv": [ 0.0, 0.0, 0.5, 0.5 ] },
				"down": { "texture": "#default", "uv": [ 0.0, 0.0, 0.5, 0.5 ] }
			},
			"children": [
				{
					"name": "casing-1.1",
					"from": [ 5.0, 0.0, 0.0 ], 
					"to": [ 11.0, 1.5, 1.0 ], 
					"rotationOrigin": [ 5.0, 0.0, 0.0 ],
					"faces": {
						"north": { "texture": "#frame2", "uv": [ 0.0, 0.0, 6.0, 1.5 ] },
						"east": { "texture": "#frame2", "uv": [ 0.0, 0.0, 1.0, 1.5 ] },
						"south": { "texture": "#frame2", "uv": [ 0.0, 0.0, 6.0, 1.5 ] },
						"west": { "texture": "#frame2", "uv": [ 0.0, 0.0, 1.0, 1.5 ] },
						"up": { "texture": "#frame2", "uv": [ 0.0, 0.0, 6.0, 1.0 ] },
						"down": { "texture": "#frame2", "uv": [ 0.0, 0.0, 6.0, 1.0 ] }
					},
					"children": [
						{
							"name": "casing-1.2",
							"from": [ 6.0, 0.01, 0.0 ], 
							"to": [ 7.5, 1.51, 1.0 ], 
							"rotationOrigin": [ 6.0, 0.0, 0.0 ],
							"rotationY": -45.0,
							"faces": {
								"north": { "texture": "#frame2", "uv": [ 0.0, 0.0, 1.5, 1.5 ] },
								"east": { "texture": "#frame2", "uv": [ 0.0, 0.0, 1.0, 1.5 ] },
								"south": { "texture": "#frame2", "uv": [ 0.0, 0.0, 1.5, 1.5 ] },
								"west": { "texture": "#frame2", "uv": [ 0.0, 0.0, 1.0, 1.5 ] },
								"up": { "texture": "#frame2", "uv": [ 0.0, 0.0, 1.5, 1.0 ] },
								"down": { "texture": "#frame2", "uv": [ 0.0, 0.0, 1.5, 1.0 ] }
							},
							"children": [
								{
									"name": "casing-1.3",
									"from": [ 1.5, -0.01, 0.0 ], 
									"to": [ 4.0, 1.49, 1.0 ], 
									"rotationOrigin": [ 1.5, 0.0, 0.0 ],
									"rotationY": -45.0,
									"faces": {
										"north": { "texture": "#frame2", "uv": [ 0.0, 0.0, 2.5, 1.5 ] },
										"east": { "texture": "#frame2", "uv": [ 0.0, 0.0, 1.0, 1.5 ] },
										"south": { "texture": "#frame2", "uv": [ 0.0, 0.0, 2.5, 1.5 ] },
										"west": { "texture": "#frame2", "uv": [ 0.0, 0.0, 1.0, 1.5 ] },
										"up": { "texture": "#frame2", "uv": [ 0.0, 0.0, 2.5, 1.0 ] },
										"down": { "texture": "#frame2", "uv": [ 0.0, 0.0, 2.5, 1.0 ] }
									},
									"children": [
										{
											"name": "casing-1.4",
											"from": [ 2.5, 0.01, 0.0 ], 
											"to": [ 4.0, 1.51, 1.0 ], 
											"rotationOrigin": [ 2.5, 0.0, 0.0 ],
											"rotationY": -45.0,
											"faces": {
												"north": { "texture": "#frame2", "uv": [ 0.0, 0.0, 1.5, 1.5 ] },
												"east": { "texture": "#frame2", "uv": [ 0.0, 0.0, 1.0, 1.5 ] },
												"south": { "texture": "#frame2", "uv": [ 0.0, 0.0, 1.5, 1.5 ] },
												"west": { "texture": "#frame2", "uv": [ 0.0, 0.0, 1.0, 1.5 ] },
												"up": { "texture": "#frame2", "uv": [ 0.0, 0.0, 1.5, 1.0 ] },
												"down": { "texture": "#frame2", "uv": [ 0.0, 0.0, 1.5, 1.0 ] }
											},
											"children": [
												{
													"name": "casing-1.5",
													"from": [ 1.5, -0.01, 0.0 ], 
													"to": [ 7.5, 1.49, 1.0 ], 
													"rotationOrigin": [ 1.5, -0.01, 0.0 ],
													"rotationY": -45.0,
													"faces": {
														"north": { "texture": "#frame2", "uv": [ 0.0, 0.0, 6.0, 1.5 ] },
														"east": { "texture": "#frame2", "uv": [ 0.0, 0.0, 1.0, 1.5 ] },
														"south": { "texture": "#frame2", "uv": [ 0.0, 0.0, 6.0, 1.5 ] },
														"west": { "texture": "#frame2", "uv": [ 0.0, 0.0, 1.0, 1.5 ] },
														"up": { "texture": "#frame2", "uv": [ 0.0, 0.0, 6.0, 1.0 ] },
														"down": { "texture": "#frame2", "uv": [ 0.0, 0.0, 6.0, 1.0 ] }
													},
													"children": [
														{
															"name": "casing-1.6",
															"from": [ 6.0, 0.01, 0.0 ], 
															"to": [ 7.5, 1.51, 1.0 ], 
															"rotationOrigin": [ 6.0, 0.0, 0.0 ],
															"rotationY": -45.0,
															"faces": {
																"north": { "texture": "#frame2", "uv": [ 0.0, 0.0, 1.5, 1.5 ] },
																"east": { "texture": "#frame2", "uv": [ 0.0, 0.0, 1.0, 1.5 ] },
																"south": { "texture": "#frame2", "uv": [ 0.0, 0.0, 1.5, 1.5 ] },
																"west": { "texture": "#frame2", "uv": [ 0.0, 0.0, 1.0, 1.5 ] },
																"up": { "texture": "#frame2", "uv": [ 0.0, 0.0, 1.5, 1.0 ] },
																"down": { "texture": "#frame2", "uv": [ 0.0, 0.0, 1.5, 1.0 ] }
															},
															"children": [
																{
																	"name": "casing-1.7",
																	"from": [ 1.5, -0.01, 0.0 ], 
																	"to": [ 4.0, 1.49, 1.0 ], 
																	"rotationOrigin": [ 1.5, 0.0, 0.0 ],
																	"rotationY": -45.0,
																	"faces": {
																		"north": { "texture": "#frame2", "uv": [ 0.0, 0.0, 2.5, 1.5 ] },
																		"east": { "texture": "#frame2", "uv": [ 0.0, 0.0, 1.0, 1.5 ] },
																		"south": { "texture": "#frame2", "uv": [ 0.0, 0.0, 2.5, 1.5 ] },
																		"west": { "texture": "#frame2", "uv": [ 0.0, 0.0, 1.0, 1.5 ] },
																		"up": { "texture": "#frame2", "uv": [ 0.0, 0.0, 2.5, 1.0 ] },
																		"down": { "texture": "#frame2", "uv": [ 0.0, 0.0, 2.5, 1.0 ] }
																	},
																	"children": [
																		{
																			"name": "casing-1.8",
																			"from": [ 2.5, 0.01, 0.0 ], 
																			"to": [ 4.0, 1.51, 1.0 ], 
																			"rotationOrigin": [ 2.5, 0.0, 0.0 ],
																			"rotationY": -45.0,
																			"faces": {
																				"north": { "texture": "#frame2", "uv": [ 0.0, 0.0, 1.5, 1.5 ] },
																				"east": { "texture": "#frame2", "uv": [ 0.0, 0.0, 1.0, 1.5 ] },
																				"south": { "texture": "#frame2", "uv": [ 0.0, 0.0, 1.5, 1.5 ] },
																				"west": { "texture": "#frame2", "uv": [ 0.0, 0.0, 1.0, 1.5 ] },
																				"up": { "texture": "#frame2", "uv": [ 0.0, 0.0, 1.5, 1.0 ] },
																				"down": { "texture": "#frame2", "uv": [ 0.0, 0.0, 1.5, 1.0 ] }
																			}
																		}
																	]
																}
															]
														}
													]
												}
											]
										}
									]
								}
							]
						}
					]
				},
				{
					"name": "bolt-1.1",
					"from": [ 4.75, -0.25, 0.75 ], 
					"to": [ 5.0, 1.75, 1.0 ], 
					"rotationOrigin": [ 4.0, 0.0, 0.0 ],
					"faces": {
						"north": { "texture": "#rustyglow", "uv": [ 0.0, 0.0, 0.5, 2.0 ] },
						"east": { "texture": "#rustyglow", "uv": [ 0.0, 0.0, 0.5, 2.0 ] },
						"south": { "texture": "#rustyglow", "uv": [ 0.0, 0.0, 0.5, 2.0 ] },
						"west": { "texture": "#rustyglow", "uv": [ 0.0, 0.0, 0.5, 2.0 ] },
						"up": { "texture": "#rustyglow", "uv": [ 0.0, 0.0, 0.5, 0.5 ] },
						"down": { "texture": "#rustyglow", "uv": [ 0.0, 0.0, 0.5, 0.5 ] }
					},
					"children": [
						{
							"name": "bolt-1.2",
							"from": [ 6.25, 0.0, 0.0 ], 
							"to": [ 6.5, 2.0, 0.25 ], 
							"rotationOrigin": [ 6.25, 0.0, -0.75 ],
							"faces": {
								"north": { "texture": "#rustyglow", "uv": [ 0.0, 0.0, 0.5, 2.0 ] },
								"east": { "texture": "#rustyglow", "uv": [ 0.0, 0.0, 0.5, 2.0 ] },
								"south": { "texture": "#rustyglow", "uv": [ 0.0, 0.0, 0.5, 2.0 ] },
								"west": { "texture": "#rustyglow", "uv": [ 0.0, 0.0, 0.5, 2.0 ] },
								"up": { "texture": "#rustyglow", "uv": [ 0.0, 0.0, 0.5, 0.5 ] },
								"down": { "texture": "#rustyglow", "uv": [ 0.0, 0.0, 0.5, 0.5 ] }
							},
							"children": [
								{
									"name": "bolt-1.3",
									"from": [ -6.25, 0.0, 2.9 ], 
									"to": [ -6.0, 2.0, 3.15 ], 
									"rotationOrigin": [ -7.0, 0.25, 2.25 ],
									"faces": {
										"north": { "texture": "#rustyglow", "uv": [ 0.0, 0.0, 0.5, 2.0 ] },
										"east": { "texture": "#rustyglow", "uv": [ 0.0, 0.0, 0.5, 2.0 ] },
										"south": { "texture": "#rustyglow", "uv": [ 0.0, 0.0, 0.5, 2.0 ] },
										"west": { "texture": "#rustyglow", "uv": [ 0.0, 0.0, 0.5, 2.0 ] },
										"up": { "texture": "#rustyglow", "uv": [ 0.0, 0.0, 0.5, 0.5 ] },
										"down": { "texture": "#rustyglow", "uv": [ 0.0, 0.0, 0.5, 0.5 ] }
									},
									"children": [
										{
											"name": "bolt-1.4",
											"from": [ 6.25, 0.0, 0.0 ], 
											"to": [ 6.5, 2.0, 0.25 ], 
											"rotationOrigin": [ 6.25, 0.0, -0.75 ],
											"faces": {
												"north": { "texture": "#rustyglow", "uv": [ 0.0, 0.0, 0.5, 2.0 ] },
												"east": { "texture": "#rustyglow", "uv": [ 0.0, 0.0, 0.5, 2.0 ] },
												"south": { "texture": "#rustyglow", "uv": [ 0.0, 0.0, 0.5, 2.0 ] },
												"west": { "texture": "#rustyglow", "uv": [ 0.0, 0.0, 0.5, 2.0 ] },
												"up": { "texture": "#rustyglow", "uv": [ 0.0, 0.0, 0.5, 0.5 ] },
												"down": { "texture": "#rustyglow", "uv": [ 0.0, 0.0, 0.5, 0.5 ] }
											}
										}
									]
								}
							]
						}
					]
				},
				{
					"name": "connector-1.1",
					"from": [ 5.75, 0.25, -0.25 ], 
					"to": [ 10.25, 1.25, 0.75 ], 
					"rotationOrigin": [ 5.0, 0.0, -1.0 ],
					"faces": {
						"north": { "texture": "#metal", "uv": [ 0.0, 0.0, 4.5, 1.0 ] },
						"east": { "texture": "#metal", "uv": [ 0.0, 0.0, 1.0, 1.0 ] },
						"south": { "texture": "#metal", "uv": [ 0.0, 0.0, 4.5, 1.0 ] },
						"west": { "texture": "#metal", "uv": [ 0.0, 0.0, 1.0, 1.0 ] },
						"up": { "texture": "#metal", "uv": [ 0.0, 0.0, 4.5, 1.0 ] },
						"down": { "texture": "#metal", "uv": [ 0.0, 0.0, 4.5, 1.0 ] }
					},
					"children": [
						{
							"name": "connector-1.2",
							"from": [ 0.15, 0.375, -1.0 ], 
							"to": [ 4.35, 0.625, 0.0 ], 
							"rotationOrigin": [ -0.75, -0.25, -1.75 ],
							"faces": {
								"north": { "texture": "#connector", "uv": [ 0.0, 0.0, 8.0, 1.0 ], "autoUv": false },
								"east": { "texture": "#connector", "uv": [ 0.0, 0.0, 0.5, 1.0 ], "rotation": 90, "autoUv": false },
								"south": { "texture": "#connector", "uv": [ 0.0, 0.0, 8.0, 1.0 ], "autoUv": false },
								"west": { "texture": "#connector", "uv": [ 0.0, 0.0, 0.5, 1.0 ], "rotation": 90, "autoUv": false },
								"up": { "texture": "#connector", "uv": [ 0.0, 0.0, 8.0, 2.0 ], "autoUv": false },
								"down": { "texture": "#connector", "uv": [ 0.0, 0.0, 8.0, 2.0 ], "autoUv": false }
							},
							"children": [
								{
									"name": "connector-1.3",
									"from": [ 5.85, -0.375, 8.35 ], 
									"to": [ 10.35, 0.625, 9.35 ], 
									"rotationOrigin": [ 5.1, -0.625, 7.25 ],
									"rotationX": -180.0,
									"rotationZ": -180.0,
									"faces": {
										"north": { "texture": "#metal", "uv": [ 0.0, 0.0, 4.5, 1.0 ] },
										"east": { "texture": "#metal", "uv": [ 0.0, 0.0, 1.0, 1.0 ] },
										"south": { "texture": "#metal", "uv": [ 0.0, 0.0, 4.5, 1.0 ] },
										"west": { "texture": "#metal", "uv": [ 0.0, 0.0, 1.0, 1.0 ] },
										"up": { "texture": "#metal", "uv": [ 0.0, 0.0, 4.5, 1.0 ] },
										"down": { "texture": "#metal", "uv": [ 0.0, 0.0, 4.5, 1.0 ] }
									},
									"children": [
										{
											"name": "connector-1.4",
											"from": [ 6.15, 0.375, 1.8 ], 
											"to": [ 10.35, 0.625, 2.8 ], 
											"rotationOrigin": [ 5.25, -0.25, 0.9 ],
											"rotationX": -180.0,
											"rotationZ": -180.0,
											"faces": {
												"north": { "texture": "#connector", "uv": [ 0.0, 0.0, 8.0, 1.0 ], "autoUv": false },
												"east": { "texture": "#connector", "uv": [ 0.0, 0.0, 0.5, 1.0 ], "rotation": 90, "autoUv": false },
												"south": { "texture": "#connector", "uv": [ 0.0, 0.0, 8.0, 1.0 ], "autoUv": false },
												"west": { "texture": "#connector", "uv": [ 0.0, 0.0, 0.5, 1.0 ], "rotation": 90, "autoUv": false },
												"up": { "texture": "#connector", "uv": [ 0.0, 0.0, 8.0, 2.0 ], "autoUv": false },
												"down": { "texture": "#connector", "uv": [ 0.0, 0.0, 8.0, 2.0 ], "autoUv": false }
											}
										}
									]
								}
							]
						}
					]
				},
				{
					"name": "frame-casing1",
					"from": [ 4.0, 0.25, 5.05 ], 
					"to": [ 12.0, 1.25, 6.55 ], 
					"rotationOrigin": [ 4.0, 0.0, 4.3 ],
					"faces": {
						"north": { "texture": "#obsidian", "uv": [ 0.0, 0.0, 8.0, 1.0 ] },
						"east": { "texture": "#obsidian", "uv": [ 0.0, 0.0, 1.5, 1.0 ] },
						"south": { "texture": "#obsidian", "uv": [ 0.0, 0.0, 8.0, 1.0 ] },
						"west": { "texture": "#obsidian", "uv": [ 0.0, 0.0, 1.5, 1.0 ] },
						"up": { "texture": "#obsidian", "uv": [ 0.0, 0.0, 8.0, 1.5 ] },
						"down": { "texture": "#obsidian", "uv": [ 0.0, 0.0, 8.0, 1.5 ] }
					},
					"children": [
						{
							"name": "frame-casing30",
							"from": [ 0.0, -0.1, -0.2 ], 
							"to": [ 8.0, 1.1, 0.05 ], 
							"rotationOrigin": [ 0.0, -0.25, -0.7 ],
							"faces": {
								"north": { "texture": "#rustyglow", "uv": [ 0.0, 0.0, 8.0, 1.0 ] },
								"east": { "texture": "#rustyglow", "uv": [ 0.0, 0.0, 0.5, 1.0 ] },
								"south": { "texture": "#rustyglow", "uv": [ 0.0, 0.0, 8.0, 1.0 ] },
								"west": { "texture": "#rustyglow", "uv": [ 0.0, 0.0, 0.5, 1.0 ] },
								"up": { "texture": "#rustyglow", "uv": [ 0.0, 0.0, 8.0, 0.5 ] },
								"down": { "texture": "#rustyglow", "uv": [ 0.0, 0.0, 8.0, 0.5 ] }
							}
						},
						{
							"name": "frame-casing31",
							"from": [ 0.0, -0.1, 1.5 ], 
							"to": [ 8.0, 1.1, 1.75 ], 
							"rotationOrigin": [ 0.0, -0.25, 1.3 ],
							"faces": {
								"north": { "texture": "#frame", "uv": [ 0.0, 0.0, 8.0, 1.0 ] },
								"east": { "texture": "#frame", "uv": [ 0.0, 0.0, 0.5, 1.0 ] },
								"south": { "texture": "#frame", "uv": [ 0.0, 0.0, 8.0, 1.0 ] },
								"west": { "texture": "#frame", "uv": [ 0.0, 0.0, 0.5, 1.0 ] },
								"up": { "texture": "#frame", "uv": [ 0.0, 0.0, 8.0, 0.5 ] },
								"down": { "texture": "#frame", "uv": [ 0.0, 0.0, 8.0, 0.5 ] }
							}
						}
					]
				},
				{
					"name": "frame-outercasing1",
					"from": [ 2.0, -0.25, -2.2 ], 
					"to": [ 4.0, 1.75, 6.8 ], 
					"rotationOrigin": [ 2.0, -0.25, -2.7 ],
					"faces": {
						"north": { "texture": "#frame", "uv": [ 0.0, 0.0, 2.0, 2.0 ] },
						"east": { "texture": "#frame", "uv": [ 0.0, 0.0, 9.0, 2.0 ] },
						"south": { "texture": "#frame", "uv": [ 0.0, 0.0, 2.0, 2.0 ] },
						"west": { "texture": "#frame", "uv": [ 0.0, 0.0, 9.0, 2.0 ] },
						"up": { "texture": "#frame", "uv": [ 0.0, 0.0, 2.0, 9.0 ] },
						"down": { "texture": "#frame", "uv": [ 0.0, 0.0, 2.0, 9.0 ] }
					}
				},
				{
					"name": "frame-outercasing2",
					"from": [ 12.0, -0.25, -2.2 ], 
					"to": [ 14.0, 1.75, 6.8 ], 
					"rotationOrigin": [ 12.0, -0.25, -2.7 ],
					"faces": {
						"north": { "texture": "#frame", "uv": [ 0.0, 0.0, 2.0, 2.0 ] },
						"east": { "texture": "#frame", "uv": [ 0.0, 0.0, 9.0, 2.0 ] },
						"south": { "texture": "#frame", "uv": [ 0.0, 0.0, 2.0, 2.0 ] },
						"west": { "texture": "#frame", "uv": [ 0.0, 0.0, 9.0, 2.0 ] },
						"up": { "texture": "#frame", "uv": [ 0.0, 0.0, 2.0, 9.0 ] },
						"down": { "texture": "#frame", "uv": [ 0.0, 0.0, 2.0, 9.0 ] }
					}
				},
				{
					"name": "bolt1",
					"from": [ 2.5, -0.5, -1.75 ], 
					"to": [ 3.5, 2.0, -0.75 ], 
					"rotationOrigin": [ 2.0, -1.0, -2.0 ],
					"faces": {
						"north": { "texture": "#rustyglow", "uv": [ 0.0, 0.0, 1.0, 2.5 ] },
						"east": { "texture": "#rustyglow", "uv": [ 0.0, 0.0, 1.0, 2.5 ] },
						"south": { "texture": "#rustyglow", "uv": [ 0.0, 0.0, 1.0, 2.5 ] },
						"west": { "texture": "#rustyglow", "uv": [ 0.0, 0.0, 1.0, 2.5 ] },
						"up": { "texture": "#rustyglow", "uv": [ 0.0, 0.0, 1.0, 1.0 ] },
						"down": { "texture": "#rustyglow", "uv": [ 0.0, 0.0, 1.0, 1.0 ] }
					},
					"children": [
						{
							"name": "bolt2",
							"from": [ 0.0, 0.0, 7.0 ], 
							"to": [ 1.0, 2.5, 8.0 ], 
							"rotationOrigin": [ -0.5, -0.5, 6.75 ],
							"faces": {
								"north": { "texture": "#rustyglow", "uv": [ 0.0, 0.0, 1.0, 2.5 ] },
								"east": { "texture": "#rustyglow", "uv": [ 0.0, 0.0, 1.0, 2.5 ] },
								"south": { "texture": "#rustyglow", "uv": [ 0.0, 0.0, 1.0, 2.5 ] },
								"west": { "texture": "#rustyglow", "uv": [ 0.0, 0.0, 1.0, 2.5 ] },
								"up": { "texture": "#rustyglow", "uv": [ 0.0, 0.0, 1.0, 1.0 ] },
								"down": { "texture": "#rustyglow", "uv": [ 0.0, 0.0, 1.0, 1.0 ] }
							}
						}
					]
				},
				{
					"name": "bolt3",
					"from": [ 12.5, -0.5, -1.75 ], 
					"to": [ 13.5, 2.0, -0.75 ], 
					"rotationOrigin": [ 12.0, -1.0, -2.0 ],
					"faces": {
						"north": { "texture": "#rustyglow", "uv": [ 0.0, 0.0, 1.0, 2.5 ] },
						"east": { "texture": "#rustyglow", "uv": [ 0.0, 0.0, 1.0, 2.5 ] },
						"south": { "texture": "#rustyglow", "uv": [ 0.0, 0.0, 1.0, 2.5 ] },
						"west": { "texture": "#rustyglow", "uv": [ 0.0, 0.0, 1.0, 2.5 ] },
						"up": { "texture": "#rustyglow", "uv": [ 0.0, 0.0, 1.0, 1.0 ] },
						"down": { "texture": "#rustyglow", "uv": [ 0.0, 0.0, 1.0, 1.0 ] }
					},
					"children": [
						{
							"name": "bolt4",
							"from": [ 0.0, 0.0, 7.0 ], 
							"to": [ 1.0, 2.5, 8.0 ], 
							"rotationOrigin": [ -0.5, -0.5, 6.75 ],
							"faces": {
								"north": { "texture": "#rustyglow", "uv": [ 0.0, 0.0, 1.0, 2.5 ] },
								"east": { "texture": "#rustyglow", "uv": [ 0.0, 0.0, 1.0, 2.5 ] },
								"south": { "texture": "#rustyglow", "uv": [ 0.0, 0.0, 1.0, 2.5 ] },
								"west": { "texture": "#rustyglow", "uv": [ 0.0, 0.0, 1.0, 2.5 ] },
								"up": { "texture": "#rustyglow", "uv": [ 0.0, 0.0, 1.0, 1.0 ] },
								"down": { "texture": "#rustyglow", "uv": [ 0.0, 0.0, 1.0, 1.0 ] }
							}
						}
					]
				},
				{
					"name": "frame-casing32",
					"from": [ 4.0, 0.25, -2.0 ], 
					"to": [ 12.0, 1.25, -0.5 ], 
					"rotationOrigin": [ 4.0, 0.0, -2.7 ],
					"faces": {
						"north": { "texture": "#obsidian", "uv": [ 0.0, 0.0, 8.0, 1.0 ] },
						"east": { "texture": "#obsidian", "uv": [ 0.0, 0.0, 1.5, 1.0 ] },
						"south": { "texture": "#obsidian", "uv": [ 0.0, 0.0, 8.0, 1.0 ] },
						"west": { "texture": "#obsidian", "uv": [ 0.0, 0.0, 1.5, 1.0 ] },
						"up": { "texture": "#obsidian", "uv": [ 0.0, 0.0, 8.0, 1.5 ] },
						"down": { "texture": "#obsidian", "uv": [ 0.0, 0.0, 8.0, 1.5 ] }
					},
					"children": [
						{
							"name": "frame-casing33",
							"from": [ 0.0, -0.1, -0.2 ], 
							"to": [ 8.0, 1.1, 0.05 ], 
							"rotationOrigin": [ 0.0, -0.25, -0.7 ],
							"faces": {
								"north": { "texture": "#frame", "uv": [ 0.0, 0.0, 8.0, 1.0 ] },
								"east": { "texture": "#frame", "uv": [ 0.0, 0.0, 0.5, 1.0 ] },
								"south": { "texture": "#frame", "uv": [ 0.0, 0.0, 8.0, 1.0 ] },
								"west": { "texture": "#frame", "uv": [ 0.0, 0.0, 0.5, 1.0 ] },
								"up": { "texture": "#frame", "uv": [ 0.0, 0.0, 8.0, 0.5 ] },
								"down": { "texture": "#frame", "uv": [ 0.0, 0.0, 8.0, 0.5 ] }
							}
						},
						{
							"name": "frame-casing34",
							"from": [ 0.0, -0.1, 1.5 ], 
							"to": [ 8.0, 1.1, 1.75 ], 
							"rotationOrigin": [ 0.0, -0.25, 1.3 ],
							"faces": {
								"north": { "texture": "#rustyglow", "uv": [ 0.0, 0.0, 8.0, 1.0 ] },
								"east": { "texture": "#rustyglow", "uv": [ 0.0, 0.0, 0.5, 1.0 ] },
								"south": { "texture": "#rustyglow", "uv": [ 0.0, 0.0, 8.0, 1.0 ] },
								"west": { "texture": "#rustyglow", "uv": [ 0.0, 0.0, 0.5, 1.0 ] },
								"up": { "texture": "#rustyglow", "uv": [ 0.0, 0.0, 8.0, 0.5 ] },
								"down": { "texture": "#rustyglow", "uv": [ 0.0, 0.0, 8.0, 0.5 ] }
							}
						}
					]
				}
			]
		},
		{
			"name": "_runewriting",
			"from": [ 0.0, 0.0, 0.0 ], 
			"to": [ 0.0, 0.0, 0.0 ], 
			"faces": {
				"north": { "texture": "#default", "uv": [ 0.0, 0.0, 0.5, 0.5 ] },
				"east": { "texture": "#default", "uv": [ 0.0, 0.0, 0.5, 0.5 ] },
				"south": { "texture": "#default", "uv": [ 0.0, 0.0, 0.5, 0.5 ] },
				"west": { "texture": "#default", "uv": [ 0.0, 0.0, 0.5, 0.5 ] },
				"up": { "texture": "#default", "uv": [ 0.0, 0.0, 0.5, 0.5 ] },
				"down": { "texture": "#default", "uv": [ 0.0, 0.0, 0.5, 0.5 ] }
			},
			"children": [
				{
					"name": "rune2",
					"from": [ 4.0, 0.74, 10.75 ], 
					"to": [ 12.0, 1.76, 12.25 ], 
					"rotationOrigin": [ 4.0, 0.5, 10.0 ],
					"faces": {
						"north": { "texture": "#runewriting", "uv": [ 0.0, 0.0, 8.0, 1.0 ], "enabled": false, "windMode": [-1,-1,-1,-1] },
						"east": { "texture": "#runewriting", "uv": [ 0.0, 0.0, 1.5, 1.0 ], "enabled": false, "windMode": [-1,-1,-1,-1] },
						"south": { "texture": "#runewriting", "uv": [ 0.0, 0.0, 8.0, 1.0 ], "enabled": false, "windMode": [-1,-1,-1,-1] },
						"west": { "texture": "#runewriting", "uv": [ 0.0, 0.0, 1.5, 1.0 ], "enabled": false },
						"up": { "texture": "#runewriting", "uv": [ 0.0, 0.0, 16.0, 3.0 ], "glow": 255, "autoUv": false, "windMode": [-1,-1,-1,-1] },
						"down": { "texture": "#runewriting", "uv": [ 0.0, 0.0, 16.0, 3.0 ], "glow": 255, "autoUv": false }
					}
				},
				{
					"name": "rune1",
					"from": [ 4.0, 0.74, 3.7 ], 
					"to": [ 12.0, 1.76, 5.2 ], 
					"rotationOrigin": [ 4.0, 0.5, 3.0 ],
					"faces": {
						"north": { "texture": "#runewriting", "uv": [ 0.0, 0.0, 8.0, 1.0 ], "enabled": false },
						"east": { "texture": "#runewriting", "uv": [ 0.0, 0.0, 1.5, 1.0 ], "enabled": false },
						"south": { "texture": "#runewriting", "uv": [ 0.0, 0.0, 8.0, 1.0 ], "enabled": false },
						"west": { "texture": "#runewriting", "uv": [ 0.0, 0.0, 1.5, 1.0 ], "enabled": false },
						"up": { "texture": "#runewriting", "uv": [ 0.0, 0.0, 16.0, 3.0 ], "rotation": 180, "glow": 255, "autoUv": false },
						"down": { "texture": "#runewriting", "uv": [ 0.0, 0.0, 16.0, 3.0 ], "rotation": 180, "glow": 255, "autoUv": false }
					}
				}
			]
		},
		{
			"name": "_origin1",
			"from": [ 0.0, 0.5, 5.7 ], 
			"to": [ 0.0, 0.5, 5.7 ], 
			"rotationOrigin": [ 8.0, 0.0, 8.0 ],
			"faces": {
				"north": { "texture": "#default", "uv": [ 0.0, 0.0, 0.5, 0.5 ] },
				"east": { "texture": "#default", "uv": [ 0.0, 0.0, 0.5, 0.5 ] },
				"south": { "texture": "#default", "uv": [ 0.0, 0.0, 0.5, 0.5 ] },
				"west": { "texture": "#default", "uv": [ 0.0, 0.0, 0.5, 0.5 ] },
				"up": { "texture": "#default", "uv": [ 0.0, 0.0, 0.5, 0.5 ] },
				"down": { "texture": "#default", "uv": [ 0.0, 0.0, 0.5, 0.5 ] }
			},
			"children": [
				{
					"name": "filament-1.1",
					"from": [ 4.65, 0.65, 2.18 ], 
					"to": [ 5.9, 0.9, 2.43 ], 
					"rotationOrigin": [ 4.65, 0.775, 2.305 ],
					"rotationX": 45.0,
					"faces": {
						"north": { "texture": "#gold", "uv": [ 0.0, 0.0, 1.0, 0.5 ] },
						"east": { "texture": "#gold", "uv": [ 0.0, 0.0, 0.5, 0.5 ] },
						"south": { "texture": "#gold", "uv": [ 0.0, 0.0, 1.0, 0.5 ] },
						"west": { "texture": "#gold", "uv": [ 0.0, 0.0, 0.5, 0.5 ] },
						"up": { "texture": "#gold", "uv": [ 0.0, 0.0, 1.0, 0.5 ] },
						"down": { "texture": "#gold", "uv": [ 0.0, 0.0, 1.0, 0.5 ] }
					},
					"children": [
						{
							"name": "filament-1.2",
							"from": [ 5.5, 0.0, 0.0 ], 
							"to": [ 6.75, 0.25, 0.25 ], 
							"rotationOrigin": [ 5.0, 0.125, 0.125 ],
							"faces": {
								"north": { "texture": "#gold", "uv": [ 0.0, 0.0, 1.0, 0.5 ] },
								"east": { "texture": "#gold", "uv": [ 0.0, 0.0, 0.5, 0.5 ] },
								"south": { "texture": "#gold", "uv": [ 0.0, 0.0, 1.0, 0.5 ] },
								"west": { "texture": "#gold", "uv": [ 0.0, 0.0, 0.5, 0.5 ] },
								"up": { "texture": "#gold", "uv": [ 0.0, 0.0, 1.0, 0.5 ] },
								"down": { "texture": "#gold", "uv": [ 0.0, 0.0, 1.0, 0.5 ] }
							}
						},
						{
							"name": "filament-2.2",
							"from": [ 1.25, 0.5, -0.75 ], 
							"to": [ 5.5, 1.5, 0.25 ], 
							"rotationOrigin": [ 1.0, 1.0089, 0.8321 ],
							"rotationX": -45.0,
							"faces": {
								"north": { "texture": "#filament2", "uv": [ 0.0, 0.0, 4.0, 1.0 ], "glow": 100 },
								"east": { "texture": "#filament2", "uv": [ 0.0, 0.0, 1.0, 1.0 ], "glow": 100 },
								"south": { "texture": "#filament2", "uv": [ 0.0, 0.0, 4.0, 1.0 ], "glow": 100 },
								"west": { "texture": "#filament2", "uv": [ 0.0, 0.0, 1.0, 1.0 ], "glow": 100 },
								"up": { "texture": "#filament2", "uv": [ 0.0, 0.0, 4.0, 1.0 ], "glow": 100 },
								"down": { "texture": "#filament2", "uv": [ 0.0, 0.0, 4.0, 1.0 ], "glow": 100 }
							},
							"children": [
								{
									"name": "filament-2.1",
									"from": [ -0.01, -0.8232, -0.359 ], 
									"to": [ 4.26, 0.1768, 0.641 ], 
									"rotationOrigin": [ -0.25, -0.3232, 1.341 ],
									"rotationX": 45.0,
									"faces": {
										"north": { "texture": "#filament2", "uv": [ 0.0, 0.0, 4.0, 1.0 ], "glow": 150 },
										"east": { "texture": "#filament2", "uv": [ 0.0, 0.0, 1.0, 1.0 ], "glow": 150 },
										"south": { "texture": "#filament2", "uv": [ 0.0, 0.0, 4.0, 1.0 ], "glow": 150 },
										"west": { "texture": "#filament2", "uv": [ 0.0, 0.0, 1.0, 1.0 ], "glow": 150 },
										"up": { "texture": "#filament2", "uv": [ 0.0, 0.0, 4.0, 1.0 ], "glow": 150 },
										"down": { "texture": "#filament2", "uv": [ 0.0, 0.0, 4.0, 1.0 ], "glow": 150 }
									}
								}
							]
						}
					]
				}
			]
		}
	]}