{
	"editor": {
		"collapsedPaths": "Root/W long3,Root/centermount/_Cube2,Root/W long2,Root/W long",
		"allAngles": false,
		"entityTextureMode": false
	},
	"textureWidth": 16,
	"textureHeight": 16,
	"textureSizes": {
	},
	"textures": {
	},
	"elements": [
		{
			"name": "centermount",
			"stepParentName": "UtilitySlot",
			"from": [ -0.5, 6.0, 1.5 ],
			"to": [ 5.5, 6.5, 7.5 ],
			"rotationOrigin": [ 6.5, 6.0, 1.5 ],
			"faces": {
			},
			"children": [
				{
					"name": "_Cube2",
					"from": [ 1.0024, -16.0, 7.4997 ],
					"to": [ 1.0024, -16.0, 7.4997 ],
					"rotationOrigin": [ 0.5, -16.0, 7.5 ],
					"rotationY": 89.98,
					"faces": {
						"north": { "texture": "#null", "uv": [ 0.0, 0.0, 0.5, 0.5 ] },
						"east": { "texture": "#null", "uv": [ 0.0, 0.0, 0.5, 0.5 ] },
						"south": { "texture": "#null", "uv": [ 0.0, 0.0, 0.5, 0.5 ] },
						"west": { "texture": "#null", "uv": [ 0.0, 0.0, 0.5, 0.5 ] },
						"up": { "texture": "#null", "uv": [ 0.0, 0.0, 0.5, 0.5 ] },
						"down": { "texture": "#null", "uv": [ 0.0, 0.0, 0.5, 0.5 ] }
					},
					"children": [
						{
							"name": "carrier-seatone-base-1-1",
							"from": [ -6.9979, 9.5, 15.094 ],
							"to": [ 2.0021, 10.5, 21.094 ],
							"rotationOrigin": [ 3.0046, 10.522, 18.0 ],
							"rotationY": -89.98,
							"faces": {
								"north": { "texture": "#metal", "uv": [ 0.0, 3.0, 9.0, 4.0 ], "rotation": 180 },
								"east": { "texture": "#metal", "uv": [ 7.0, 8.5, 8.0, 14.5 ], "rotation": 90 },
								"south": { "texture": "#metal", "uv": [ 3.0, 5.0, 12.0, 6.0 ], "rotation": 180 },
								"west": { "texture": "#metal", "uv": [ 3.5, 7.0, 4.5, 13.0 ], "rotation": 90 },
								"up": { "texture": "#metal", "uv": [ 6.0, 3.0, 15.0, 9.0 ], "rotation": 180 },
								"down": { "texture": "#metal", "uv": [ 6.0, 3.5, 15.0, 9.5 ], "rotation": 180 }
							},
							"children": [
								{
									"name": "carrier-seatone-base-1-2",
									"from": [ -9.0, 0.0, 0.0 ],
									"to": [ 0.0, 1.0, 6.0 ],
									"rotationOrigin": [ 1.0, 1.522, 2.9054 ],
									"faces": {
										"north": { "texture": "#metal", "uv": [ 2.5, 6.5, 11.5, 7.5 ], "rotation": 180 },
										"east": { "texture": "#metal", "uv": [ 2.0, 6.0, 3.0, 12.0 ], "rotation": 90 },
										"south": { "texture": "#metal", "uv": [ 2.0, 5.0, 11.0, 6.0 ], "rotation": 180 },
										"west": { "texture": "#metal", "uv": [ 0.0, 2.5, 1.0, 8.5 ], "rotation": 90 },
										"up": { "texture": "#metal", "uv": [ 0.0, 3.0, 9.0, 9.0 ], "rotation": 180 },
										"down": { "texture": "#metal", "uv": [ 0.0, 3.5, 9.0, 9.5 ], "rotation": 180 }
									},
									"children": [
										{
											"name": "carrier-seatone-backbase-1-1",
											"from": [ 3.75, 0.5, -0.5 ],
											"to": [ 14.25, 6.25, 0.0 ],
											"rotationOrigin": [ 13.5, 1.022, 2.4054 ],
											"faces": {
												"north": { "texture": "#frame", "uv": [ 3.0, 8.5, 13.5, 14.0 ], "rotation": 180 },
												"east": { "texture": "#frame", "uv": [ 1.0, 12.5, 6.5, 13.0 ], "rotation": 90 },
												"south": { "texture": "#frame", "uv": [ 2.5, 4.5, 13.0, 10.0 ], "rotation": 180 },
												"west": { "texture": "#frame", "uv": [ 2.5, 14.5, 8.0, 15.0 ], "rotation": 90 },
												"up": { "texture": "#frame", "uv": [ 3.0, 1.5, 13.5, 2.0 ], "rotation": 180 },
												"down": { "texture": "#frame", "uv": [ 2.5, 7.5, 13.0, 8.0 ], "rotation": 180 }
											},
											"children": [
												{
													"name": "carrier-seatone-backbase-1-2",
													"from": [ 10.5, 2.75, 0.0 ],
													"to": [ 13.25, 3.25, 0.5 ],
													"rotationOrigin": [ 19.75, 3.522, 2.9054 ],
													"faces": {
														"north": { "texture": "#frame", "uv": [ 3.0, 8.5, 5.5, 9.0 ], "rotation": 180 },
														"east": { "texture": "#frame", "uv": [ 1.0, 12.5, 1.5, 13.0 ], "rotation": 90 },
														"south": { "texture": "#frame", "uv": [ 2.5, 4.5, 5.0, 5.0 ], "rotation": 180 },
														"west": { "texture": "#frame", "uv": [ 2.5, 14.5, 3.0, 15.0 ], "rotation": 90 },
														"up": { "texture": "#frame", "uv": [ 3.0, 1.5, 5.5, 2.0 ], "rotation": 180 },
														"down": { "texture": "#frame", "uv": [ 2.5, 7.5, 5.0, 8.0 ], "rotation": 180 }
													},
													"children": [
														{
															"name": "carrier-seatone-backbase-1-3",
															"from": [ -13.25, 0.0, 0.0 ],
															"to": [ -10.5, 0.5, 0.5 ],
															"rotationOrigin": [ -3.75, 0.772, 2.9054 ],
															"faces": {
																"north": { "texture": "#frame", "uv": [ 3.0, 8.5, 5.5, 9.0 ], "rotation": 180 },
																"east": { "texture": "#frame", "uv": [ 1.0, 12.5, 1.5, 13.0 ], "rotation": 90 },
																"south": { "texture": "#frame", "uv": [ 2.5, 4.5, 5.0, 5.0 ], "rotation": 180 },
																"west": { "texture": "#frame", "uv": [ 2.5, 14.5, 3.0, 15.0 ], "rotation": 90 },
																"up": { "texture": "#frame", "uv": [ 3.0, 1.5, 5.5, 2.0 ], "rotation": 180 },
																"down": { "texture": "#frame", "uv": [ 2.5, 7.5, 5.0, 8.0 ], "rotation": 180 }
															}
														}
													]
												}
											]
										},
										{
											"name": "carrier-seatone-basetrim-1-1",
											"from": [ 1.0, 0.5, 6.0 ],
											"to": [ 17.0, 1.25, 6.5 ],
											"rotationOrigin": [ 10.5, 1.022, 8.4054 ],
											"faces": {
												"north": { "texture": "#frame", "uv": [ 3.0, 8.5, 19.0, 9.0 ], "rotation": 180 },
												"east": { "texture": "#frame", "uv": [ 1.0, 12.5, 1.5, 13.0 ], "rotation": 90 },
												"south": { "texture": "#frame", "uv": [ 2.5, 4.5, 18.5, 5.0 ], "rotation": 180 },
												"west": { "texture": "#frame", "uv": [ 2.5, 14.5, 3.0, 15.0 ], "rotation": 90 },
												"up": { "texture": "#frame", "uv": [ 3.0, 1.5, 19.0, 2.0 ], "rotation": 180 },
												"down": { "texture": "#frame", "uv": [ 2.5, 7.5, 18.5, 8.0 ], "rotation": 180 }
											},
											"children": [
												{
													"name": "carrier-seatone-basetrim-1-2",
													"from": [ 13.25, 0.0, -6.5 ],
													"to": [ 16.0, 0.75, -6.0 ],
													"rotationOrigin": [ 22.5, 0.522, -3.5946 ],
													"faces": {
														"north": { "texture": "#frame", "uv": [ 3.0, 8.5, 5.5, 9.0 ], "rotation": 180 },
														"east": { "texture": "#frame", "uv": [ 1.0, 12.5, 1.5, 13.0 ], "rotation": 90 },
														"south": { "texture": "#frame", "uv": [ 2.5, 4.5, 5.0, 5.0 ], "rotation": 180 },
														"west": { "texture": "#frame", "uv": [ 2.5, 14.5, 3.0, 15.0 ], "rotation": 90 },
														"up": { "texture": "#frame", "uv": [ 3.0, 1.5, 5.5, 2.0 ], "rotation": 180 },
														"down": { "texture": "#frame", "uv": [ 2.5, 7.5, 5.0, 8.0 ], "rotation": 180 }
													},
													"children": [
														{
															"name": "carrier-seatone-basetrim-1-3",
															"from": [ -13.25, 0.0, 0.0 ],
															"to": [ -10.5, 0.75, 0.5 ],
															"rotationOrigin": [ -3.75, 0.522, 2.9054 ],
															"faces": {
																"north": { "texture": "#frame", "uv": [ 3.0, 8.5, 5.5, 9.0 ], "rotation": 180 },
																"east": { "texture": "#frame", "uv": [ 1.0, 12.5, 1.5, 13.0 ], "rotation": 90 },
																"south": { "texture": "#frame", "uv": [ 2.5, 4.5, 5.0, 5.0 ], "rotation": 180 },
																"west": { "texture": "#frame", "uv": [ 2.5, 14.5, 3.0, 15.0 ], "rotation": 90 },
																"up": { "texture": "#frame", "uv": [ 3.0, 1.5, 5.5, 2.0 ], "rotation": 180 },
																"down": { "texture": "#frame", "uv": [ 2.5, 7.5, 5.0, 8.0 ], "rotation": 180 }
															}
														}
													]
												}
											]
										}
									]
								}
							]
						},
						{
							"name": "origin",
							"from": [ -9.1, 6.0, 0.0 ],
							"to": [ -9.1, 6.0, 0.0 ],
							"rotationOrigin": [ -1.0996, 6.0, 8.0006 ],
							"rotationY": -89.98,
							"faces": {
							},
							"children": [
								{
									"name": "floor",
									"from": [ 2.0, 5.0, 2.0 ],
									"to": [ 14.0, 6.0, 11.0 ],
									"rotationOrigin": [ 1.0, 5.0, 1.0 ],
									"faces": {
										"up": { "texture": "#lid", "uv": [ 1.0, 3.5, 13.0, 12.5 ] },
										"down": { "texture": "#lid", "uv": [ 1.0, 2.0, 13.0, 11.0 ] }
									},
									"children": [
										{
											"name": "S",
											"from": [ -1.0, 0.0, 9.0 ],
											"to": [ 13.0, 6.0, 10.0 ],
											"rotationOrigin": [ -2.0, -1.0, -3.0 ],
											"faces": {
												"north": { "texture": "#lid", "uv": [ 0.5, 4.0, 14.5, 10.0 ] },
												"east": { "texture": "#sides2", "uv": [ 0.0, 2.0, 1.0, 8.0 ] },
												"south": { "texture": "#sides2", "uv": [ 0.0, 2.0, 14.0, 8.0 ] },
												"west": { "texture": "#sides2", "uv": [ 13.0, 2.0, 14.0, 8.0 ] },
												"up": { "texture": "#lid", "uv": [ 2.0, 9.0, 16.0, 10.0 ] },
												"down": { "texture": "#sides2", "uv": [ 2.0, 3.0, 16.0, 4.0 ] }
											}
										},
										{
											"name": "W",
											"from": [ -1.0, 0.0, 0.0 ],
											"to": [ 0.0, 6.0, 9.0 ],
											"rotationOrigin": [ -2.0, -1.0, -2.0 ],
											"faces": {
												"east": { "texture": "#lid", "uv": [ 1.5, 2.0, 10.5, 8.0 ] },
												"west": { "texture": "#sides2", "uv": [ 1.5, 2.0, 10.5, 8.0 ] },
												"up": { "texture": "#lid", "uv": [ 4.5, 9.0, 13.5, 10.0 ], "rotation": 90 },
												"down": { "texture": "#sides2", "uv": [ 1.0, 2.0, 2.0, 11.0 ] }
											},
											"children": [
												{
													"name": "handle 1",
													"from": [ -1.0, 5.5, 2.5 ],
													"to": [ -0.5, 6.0, 6.5 ],
													"rotationOrigin": [ 3.5, 7.5, -10.5 ],
													"faces": {
														"north": { "texture": "#accessories", "uv": [ 2.5, 3.0, 3.0, 3.5 ] },
														"east": { "texture": "#accessories", "uv": [ 0.0, 3.0, 4.0, 3.5 ] },
														"south": { "texture": "#accessories", "uv": [ 4.0, 2.5, 4.5, 3.0 ] },
														"west": { "texture": "#accessories", "uv": [ 0.0, 3.0, 4.0, 3.5 ] },
														"up": { "texture": "#accessories", "uv": [ 0.0, 1.0, 4.0, 1.5 ], "rotation": 90 },
														"down": { "texture": "#accessories", "uv": [ 0.0, 2.5, 4.0, 3.0 ], "rotation": 90 }
													},
													"children": [
														{
															"name": "R holder",
															"from": [ 0.5, -0.5, 3.0 ],
															"to": [ 1.0, 1.0, 4.5 ],
															"rotationOrigin": [ 5.0, 1.5, -10.0 ],
															"faces": {
																"north": { "texture": "#accessories", "uv": [ 0.0, 1.0, 0.5, 2.5 ] },
																"south": { "texture": "#accessories", "uv": [ 4.0, 0.5, 4.5, 2.0 ] },
																"west": { "texture": "#accessories", "uv": [ 0.5, 1.0, 2.0, 2.5 ] },
																"up": { "texture": "#accessories", "uv": [ 0.0, 1.0, 0.5, 2.5 ] },
																"down": { "texture": "#accessories", "uv": [ 0.0, 0.0, 0.5, 1.5 ] }
															}
														},
														{
															"name": "L holder",
															"from": [ 0.5, -0.5, -0.5 ],
															"to": [ 1.0, 1.0, 1.0 ],
															"rotationOrigin": [ 5.0, 1.5, -13.5 ],
															"faces": {
																"north": { "texture": "#accessories", "uv": [ 0.0, 1.0, 0.5, 2.5 ] },
																"south": { "texture": "#accessories", "uv": [ 4.0, 1.0, 4.5, 2.5 ] },
																"west": { "texture": "#accessories", "uv": [ 1.0, 0.5, 2.5, 2.0 ] },
																"up": { "texture": "#accessories", "uv": [ 4.0, 1.0, 4.5, 2.5 ] },
																"down": { "texture": "#accessories", "uv": [ 0.0, 1.5, 0.5, 3.0 ] }
															}
														}
													]
												}
											]
										},
										{
											"name": "E",
											"from": [ 12.0, 0.0, 0.0 ],
											"to": [ 13.0, 6.0, 9.0 ],
											"rotationOrigin": [ 0.0, -1.0, -2.0 ],
											"faces": {
												"east": { "texture": "#sides2", "uv": [ 1.5, 2.0, 10.5, 8.0 ] },
												"west": { "texture": "#lid", "uv": [ 1.5, 2.0, 10.5, 8.0 ] },
												"up": { "texture": "#lid", "uv": [ 1.0, 1.5, 10.0, 2.5 ], "rotation": 90 },
												"down": { "texture": "#sides2", "uv": [ 1.0, 2.0, 2.0, 11.0 ] }
											},
											"children": [
												{
													"name": "handle 2",
													"from": [ 1.5, 5.5, 2.5 ],
													"to": [ 2.0, 6.0, 6.5 ],
													"rotationOrigin": [ 2.0, 5.5, 2.5 ],
													"faces": {
														"north": { "texture": "#accessories", "uv": [ 2.5, 3.0, 3.0, 3.5 ] },
														"east": { "texture": "#accessories", "uv": [ 0.0, 3.0, 4.0, 3.5 ] },
														"south": { "texture": "#accessories", "uv": [ 4.0, 2.5, 4.5, 3.0 ] },
														"west": { "texture": "#accessories", "uv": [ 0.0, 3.0, 4.0, 3.5 ] },
														"up": { "texture": "#accessories", "uv": [ 0.0, 1.0, 4.0, 1.5 ], "rotation": 90 },
														"down": { "texture": "#accessories", "uv": [ 0.0, 2.5, 4.0, 3.0 ], "rotation": 90 }
													},
													"children": [
														{
															"name": "R holder2",
															"from": [ -0.5, -0.5, 3.0 ],
															"to": [ 0.0, 1.0, 4.5 ],
															"rotationOrigin": [ -0.5, 1.0, 4.5 ],
															"faces": {
																"north": { "texture": "#accessories", "uv": [ 0.0, 1.0, 0.5, 2.5 ] },
																"east": { "texture": "#accessories", "uv": [ 1.5, 1.5, 3.0, 3.0 ] },
																"south": { "texture": "#accessories", "uv": [ 4.0, 0.5, 4.5, 2.0 ] },
																"up": { "texture": "#accessories", "uv": [ 0.0, 1.0, 0.5, 2.5 ] },
																"down": { "texture": "#accessories", "uv": [ 0.0, 0.0, 0.5, 1.5 ] }
															}
														},
														{
															"name": "L holder1",
															"from": [ -0.5, -0.5, -0.5 ],
															"to": [ 0.0, 1.0, 1.0 ],
															"rotationOrigin": [ -0.5, 1.0, -0.5 ],
															"faces": {
																"north": { "texture": "#accessories", "uv": [ 0.0, 1.0, 0.5, 2.5 ] },
																"east": { "texture": "#accessories", "uv": [ 0.5, 1.0, 2.0, 2.5 ] },
																"south": { "texture": "#accessories", "uv": [ 4.0, 1.0, 4.5, 2.5 ] },
																"up": { "texture": "#accessories", "uv": [ 4.0, 1.0, 4.5, 2.5 ] },
																"down": { "texture": "#accessories", "uv": [ 0.0, 1.5, 0.5, 3.0 ] }
															}
														}
													]
												}
											]
										},
										{
											"name": "N",
											"from": [ -1.0, 0.0, -1.0 ],
											"to": [ 13.0, 6.0, 0.0 ],
											"rotationOrigin": [ -2.0, -1.0, -2.0 ],
											"faces": {
												"north": { "texture": "#sides2", "uv": [ 0.0, 2.0, 14.0, 8.0 ] },
												"east": { "texture": "#sides2", "uv": [ 13.0, 2.0, 14.0, 8.0 ] },
												"south": { "texture": "#lid", "uv": [ 1.0, 2.0, 15.0, 8.0 ] },
												"west": { "texture": "#sides2", "uv": [ 0.0, 2.0, 1.0, 8.0 ] },
												"up": { "texture": "#lid", "uv": [ 2.0, 4.0, 16.0, 5.0 ], "rotation": 180 },
												"down": { "texture": "#sides2", "uv": [ 1.0, 4.0, 15.0, 5.0 ] }
											},
											"children": [
												{
													"name": "hinge 1",
													"from": [ 2.5, 5.0, 0.8 ],
													"to": [ 3.5, 7.0, 1.3 ],
													"rotationOrigin": [ 3.0, 5.0, 1.1 ],
													"faces": {
														"north": { "texture": "#accessories", "uv": [ 0.0, 0.0, 1.0, 2.0 ] },
														"east": { "texture": "#accessories", "uv": [ 0.0, 0.0, 0.5, 2.0 ] },
														"south": { "texture": "#accessories", "uv": [ 0.0, 0.0, 1.0, 2.0 ] },
														"west": { "texture": "#accessories", "uv": [ 0.0, 0.0, 0.5, 2.0 ] },
														"up": { "texture": "#accessories", "uv": [ 0.0, 0.0, 1.0, 0.5 ] },
														"down": { "texture": "#accessories", "uv": [ 0.0, 0.0, 1.0, 0.5 ] }
													}
												},
												{
													"name": "hinge 2",
													"from": [ 10.5, 5.0, 0.8 ],
													"to": [ 11.5, 7.0, 1.3 ],
													"rotationOrigin": [ 11.0, 5.0, 1.1 ],
													"faces": {
														"north": { "texture": "#accessories", "uv": [ 0.0, 0.0, 1.0, 2.0 ] },
														"east": { "texture": "#accessories", "uv": [ 0.0, 0.0, 0.5, 2.0 ] },
														"south": { "texture": "#accessories", "uv": [ 0.0, 0.0, 1.0, 2.0 ] },
														"west": { "texture": "#accessories", "uv": [ 0.0, 0.0, 0.5, 2.0 ] },
														"up": { "texture": "#accessories", "uv": [ 0.0, 0.0, 1.0, 0.5 ] },
														"down": { "texture": "#accessories", "uv": [ 0.0, 0.0, 1.0, 0.5 ] }
													}
												}
											]
										},
										{
											"name": "feet 1",
											"from": [ -1.0, -1.0, -1.0 ],
											"to": [ 1.0, 0.0, 1.0 ],
											"rotationOrigin": [ -1.0, -1.0, -1.0 ],
											"faces": {
												"north": { "texture": "#sides2", "uv": [ 0.0, 12.0, 2.0, 13.0 ] },
												"east": { "texture": "#sides2", "uv": [ 2.0, 12.0, 4.0, 13.0 ] },
												"south": { "texture": "#sides2", "uv": [ 2.5, 12.0, 4.5, 13.0 ] },
												"west": { "texture": "#sides2", "uv": [ 3.5, 12.0, 5.5, 13.0 ] },
												"down": { "texture": "#sides2", "uv": [ 0.0, 14.0, 2.0, 16.0 ] }
											},
											"children": [
												{
													"name": "Cube14",
													"from": [ 2.0, 0.5, 0.0 ],
													"to": [ 3.5, 1.0, 1.0 ],
													"rotationOrigin": [ 2.0, 0.5, 0.0 ],
													"faces": {
														"north": { "texture": "#sides2", "uv": [ 1.0, 12.0, 2.5, 12.5 ] },
														"east": { "texture": "#sides2", "uv": [ 2.5, 12.0, 3.5, 12.5 ] },
														"south": { "texture": "#sides2", "uv": [ 6.5, 12.0, 8.0, 12.5 ] },
														"down": { "texture": "#sides2", "uv": [ 6.0, 12.0, 7.5, 13.0 ] }
													}
												},
												{
													"name": "Cube15",
													"from": [ 0.0, 0.5, 2.0 ],
													"to": [ 1.0, 1.0, 3.5 ],
													"rotationOrigin": [ 0.0, 0.5, 2.0 ],
													"faces": {
														"east": { "texture": "#sides2", "uv": [ 0.0, 12.0, 1.5, 12.5 ] },
														"south": { "texture": "#sides2", "uv": [ 1.5, 12.0, 2.5, 12.5 ] },
														"west": { "texture": "#sides2", "uv": [ 2.5, 12.0, 4.0, 12.5 ] },
														"down": { "texture": "#sides2", "uv": [ 0.0, 14.5, 1.0, 16.0 ] }
													}
												}
											]
										},
										{
											"name": "feet 16",
											"from": [ 11.0, -1.0, -1.0 ],
											"to": [ 13.0, 0.0, 1.0 ],
											"rotationOrigin": [ 11.0, -1.0, -1.0 ],
											"faces": {
												"north": { "texture": "#sides2", "uv": [ 1.5, 12.0, 3.5, 13.0 ] },
												"east": { "texture": "#sides2", "uv": [ 6.0, 12.0, 8.0, 13.0 ] },
												"south": { "texture": "#sides2", "uv": [ 9.5, 12.0, 11.5, 13.0 ] },
												"west": { "texture": "#sides2", "uv": [ 10.0, 12.0, 12.0, 13.0 ] },
												"down": { "texture": "#sides2", "uv": [ 0.0, 14.0, 2.0, 16.0 ] }
											},
											"children": [
												{
													"name": "Cube17",
													"from": [ -1.5, 0.5, 0.0 ],
													"to": [ 0.0, 1.0, 1.0 ],
													"rotationOrigin": [ -1.5, 0.5, 0.0 ],
													"faces": {
														"north": { "texture": "#sides2", "uv": [ 2.5, 12.5, 4.0, 13.0 ] },
														"south": { "texture": "#sides2", "uv": [ 8.5, 13.0, 10.0, 13.5 ] },
														"west": { "texture": "#sides2", "uv": [ 10.0, 12.0, 11.0, 12.5 ] },
														"down": { "texture": "#sides2", "uv": [ 4.5, 12.0, 6.0, 13.0 ] }
													}
												},
												{
													"name": "Cube18",
													"from": [ 1.0, 0.5, 2.0 ],
													"to": [ 2.0, 1.0, 3.5 ],
													"rotationOrigin": [ 1.0, 0.5, 2.0 ],
													"faces": {
														"east": { "texture": "#sides2", "uv": [ 4.5, 12.0, 6.0, 12.5 ] },
														"south": { "texture": "#sides2", "uv": [ 14.5, 12.0, 15.5, 12.5 ] },
														"west": { "texture": "#sides2", "uv": [ 3.0, 12.0, 4.5, 12.5 ] },
														"down": { "texture": "#sides2", "uv": [ 1.5, 15.0, 3.0, 16.0 ], "rotation": 90 }
													}
												}
											]
										},
										{
											"name": "feet 19",
											"from": [ 11.0, -1.0, 8.0 ],
											"to": [ 13.0, 0.0, 10.0 ],
											"rotationOrigin": [ 11.0, -1.0, 8.0 ],
											"faces": {
												"north": { "texture": "#sides2", "uv": [ 8.5, 12.0, 10.5, 13.0 ] },
												"east": { "texture": "#sides2", "uv": [ 6.0, 12.0, 8.0, 13.0 ] },
												"south": { "texture": "#sides2", "uv": [ 4.5, 12.0, 6.5, 13.0 ] },
												"west": { "texture": "#sides2", "uv": [ 6.0, 12.0, 8.0, 13.0 ] },
												"down": { "texture": "#sides2", "uv": [ 0.0, 14.0, 2.0, 16.0 ] }
											},
											"children": [
												{
													"name": "Cube20",
													"from": [ -1.5, 0.5, 1.0 ],
													"to": [ 0.0, 1.0, 2.0 ],
													"rotationOrigin": [ -1.5, 0.5, 1.0 ],
													"faces": {
														"north": { "texture": "#sides2", "uv": [ 5.5, 12.0, 7.0, 12.5 ] },
														"south": { "texture": "#sides2", "uv": [ 5.0, 12.0, 6.5, 12.5 ] },
														"west": { "texture": "#sides2", "uv": [ 2.5, 12.0, 3.5, 12.5 ] },
														"down": { "texture": "#sides2", "uv": [ 0.0, 12.0, 1.5, 13.0 ] }
													}
												},
												{
													"name": "Cube21",
													"from": [ 1.0, 0.5, -1.5 ],
													"to": [ 2.0, 1.0, 0.0 ],
													"rotationOrigin": [ 1.0, 0.5, -1.5 ],
													"faces": {
														"north": { "texture": "#sides2", "uv": [ 10.0, 12.0, 11.0, 12.5 ] },
														"east": { "texture": "#sides2", "uv": [ 6.0, 12.0, 7.5, 12.5 ] },
														"west": { "texture": "#sides2", "uv": [ 1.0, 12.0, 2.5, 12.5 ] },
														"down": { "texture": "#sides2", "uv": [ 2.0, 12.0, 3.5, 13.0 ], "rotation": 90 }
													}
												}
											]
										},
										{
											"name": "feet 22",
											"from": [ -1.0, -1.0, 8.0 ],
											"to": [ 1.0, 0.0, 10.0 ],
											"rotationOrigin": [ -1.0, -1.0, 8.0 ],
											"faces": {
												"north": { "texture": "#sides2", "uv": [ 5.5, 12.0, 7.5, 13.0 ] },
												"east": { "texture": "#sides2", "uv": [ 6.5, 12.0, 8.5, 13.0 ] },
												"south": { "texture": "#sides2", "uv": [ 4.0, 12.0, 6.0, 13.0 ] },
												"west": { "texture": "#sides2", "uv": [ 1.5, 12.0, 3.5, 13.0 ] },
												"down": { "texture": "#sides2", "uv": [ 0.0, 14.0, 2.0, 16.0 ] }
											},
											"children": [
												{
													"name": "Cube23",
													"from": [ 2.0, 0.5, 1.0 ],
													"to": [ 3.5, 1.0, 2.0 ],
													"rotationOrigin": [ 2.0, 0.5, 1.0 ],
													"faces": {
														"north": { "texture": "#sides2", "uv": [ 6.0, 12.0, 7.5, 12.5 ] },
														"east": { "texture": "#sides2", "uv": [ 0.5, 12.0, 1.5, 12.5 ] },
														"south": { "texture": "#sides2", "uv": [ 9.0, 12.0, 10.5, 12.5 ] },
														"down": { "texture": "#sides2", "uv": [ 0.5, 12.0, 2.0, 13.0 ] }
													}
												},
												{
													"name": "Cube24",
													"from": [ 0.0, 0.5, -1.5 ],
													"to": [ 1.0, 1.0, 0.0 ],
													"rotationOrigin": [ 0.0, 0.5, -1.5 ],
													"faces": {
														"north": { "texture": "#sides2", "uv": [ 4.5, 12.0, 5.5, 12.5 ] },
														"east": { "texture": "#sides2", "uv": [ 4.5, 11.5, 6.0, 12.0 ] },
														"west": { "texture": "#sides2", "uv": [ 3.5, 12.0, 5.0, 12.5 ] },
														"down": { "texture": "#sides2", "uv": [ 2.0, 14.5, 3.5, 15.5 ], "rotation": 90 }
													}
												}
											]
										}
									]
								},
								{
									"name": "lid",
									"from": [ 2.0, 12.0, 2.0 ],
									"to": [ 14.0, 13.0, 11.0 ],
									"rotationOrigin": [ 8.0, 11.0, 1.0 ],
									"faces": {
										"up": { "texture": "#lid", "uv": [ 0.0, 0.0, 12.0, 9.0 ] },
										"down": { "texture": "#lid", "uv": [ 0.0, 0.0, 12.0, 9.0 ], "rotation": 180 }
									},
									"children": [
										{
											"name": "West",
											"from": [ -1.0, -1.0, 0.0 ],
											"to": [ 0.0, 1.0, 9.0 ],
											"rotationOrigin": [ -1.0, -1.0, 0.0 ],
											"faces": {
												"east": { "texture": "#sides2", "uv": [ 1.0, 11.0, 10.0, 13.0 ] },
												"west": { "texture": "#sides2", "uv": [ 1.5, 0.0, 10.5, 2.0 ] },
												"up": { "texture": "#sides2", "uv": [ 0.0, 0.0, 1.0, 9.0 ] },
												"down": { "texture": "#sides2", "uv": [ 3.5, 12.5, 12.5, 13.5 ], "rotation": 90 }
											}
										},
										{
											"name": "East",
											"from": [ 12.0, -1.0, 0.0 ],
											"to": [ 13.0, 1.0, 9.0 ],
											"rotationOrigin": [ 12.0, -1.0, 0.0 ],
											"faces": {
												"east": { "texture": "#sides2", "uv": [ 1.5, 0.0, 10.5, 2.0 ] },
												"west": { "texture": "#sides2", "uv": [ 3.0, 11.0, 12.0, 13.0 ] },
												"up": { "texture": "#sides2", "uv": [ 13.0, 0.0, 14.0, 9.0 ] },
												"down": { "texture": "#sides2", "uv": [ 2.5, 13.5, 11.5, 14.5 ], "rotation": 90 }
											}
										},
										{
											"name": "North",
											"from": [ -1.0, -1.0, -1.0 ],
											"to": [ 13.0, 1.0, 0.0 ],
											"rotationOrigin": [ -1.0, -1.0, -1.0 ],
											"faces": {
												"north": { "texture": "#sides2", "uv": [ 0.0, 0.0, 14.0, 2.0 ] },
												"east": { "texture": "#sides2", "uv": [ 13.0, 0.0, 14.0, 2.0 ] },
												"south": { "texture": "#sides2", "uv": [ 2.0, 11.0, 16.0, 13.0 ] },
												"west": { "texture": "#sides2", "uv": [ 0.0, 0.0, 1.0, 2.0 ] },
												"up": { "texture": "#sides2", "uv": [ 0.0, 0.0, 14.0, 1.0 ] },
												"down": { "texture": "#sides2", "uv": [ 0.0, 14.5, 14.0, 15.5 ] }
											},
											"children": [
												{
													"name": "hinge 3",
													"from": [ 2.5, -0.8, 1.0 ],
													"to": [ 3.5, 1.2, 1.5 ],
													"rotationOrigin": [ 3.0, -0.8, 1.0 ],
													"faces": {
														"north": { "texture": "#accessories", "uv": [ 0.0, 0.0, 1.0, 2.0 ] },
														"east": { "texture": "#accessories", "uv": [ 0.0, 0.0, 0.5, 2.0 ] },
														"south": { "texture": "#accessories", "uv": [ 0.0, 0.0, 1.0, 2.0 ] },
														"west": { "texture": "#accessories", "uv": [ 0.0, 0.0, 0.5, 2.0 ] },
														"up": { "texture": "#accessories", "uv": [ 0.0, 0.0, 1.0, 0.5 ] },
														"down": { "texture": "#accessories", "uv": [ 0.0, 0.0, 1.0, 0.5 ] }
													}
												},
												{
													"name": "hinge 4",
													"from": [ 10.5, -0.8, 1.0 ],
													"to": [ 11.5, 1.2, 1.5 ],
													"rotationOrigin": [ 11.0, -0.8, 1.0 ],
													"faces": {
														"north": { "texture": "#accessories", "uv": [ 0.0, 0.0, 1.0, 2.0 ] },
														"east": { "texture": "#accessories", "uv": [ 0.0, 0.0, 0.5, 2.0 ] },
														"south": { "texture": "#accessories", "uv": [ 0.0, 0.0, 1.0, 2.0 ] },
														"west": { "texture": "#accessories", "uv": [ 0.0, 0.0, 0.5, 2.0 ] },
														"up": { "texture": "#accessories", "uv": [ 0.0, 0.0, 1.0, 0.5 ] },
														"down": { "texture": "#accessories", "uv": [ 0.0, 0.0, 1.0, 0.5 ] }
													}
												}
											]
										},
										{
											"name": "South",
											"from": [ -1.0, -1.0, 9.0 ],
											"to": [ 13.0, 1.0, 10.0 ],
											"rotationOrigin": [ -1.0, -1.0, 9.0 ],
											"faces": {
												"north": { "texture": "#sides2", "uv": [ 0.5, 11.0, 14.5, 13.0 ] },
												"east": { "texture": "#sides2", "uv": [ 0.0, 0.0, 1.0, 2.0 ] },
												"south": { "texture": "#sides2", "uv": [ 0.0, 0.0, 14.0, 2.0 ] },
												"west": { "texture": "#sides2", "uv": [ 13.0, 0.0, 14.0, 2.0 ] },
												"up": { "texture": "#sides2", "uv": [ 0.0, 0.0, 14.0, 1.0 ] },
												"down": { "texture": "#sides2", "uv": [ 0.5, 13.5, 14.5, 14.5 ] }
											}
										},
										{
											"name": "Cube34",
											"from": [ 4.5, -2.5, 10.0 ],
											"to": [ 7.5, 0.0, 10.5 ],
											"rotationOrigin": [ 4.5, -2.5, 10.0 ],
											"faces": {
												"north": { "texture": "#accessories", "uv": [ 0.0, 0.0, 3.0, 2.5 ] },
												"east": { "texture": "#accessories", "uv": [ 0.0, 0.0, 0.5, 2.5 ] },
												"south": { "texture": "#accessories", "uv": [ 9.0, 0.5, 12.0, 3.0 ] },
												"west": { "texture": "#accessories", "uv": [ 0.0, 0.0, 0.5, 2.5 ] },
												"up": { "texture": "#accessories", "uv": [ 0.0, 0.0, 3.0, 0.5 ] },
												"down": { "texture": "#accessories", "uv": [ 0.0, 0.0, 3.0, 0.5 ] }
											}
										},
										{
											"name": "Cube35",
											"from": [ 5.0, 0.0, 10.0 ],
											"to": [ 7.0, 0.5, 10.5 ],
											"rotationOrigin": [ 5.0, 0.0, 10.0 ],
											"faces": {
												"east": { "texture": "#accessories", "uv": [ 0.0, 0.0, 0.5, 0.5 ] },
												"south": { "texture": "#accessories", "uv": [ 9.5, 0.0, 11.5, 0.5 ] },
												"west": { "texture": "#accessories", "uv": [ 0.0, 0.0, 0.5, 0.5 ] },
												"up": { "texture": "#accessories", "uv": [ 0.0, 0.0, 2.0, 0.5 ] }
											}
										}
									]
								}
							]
						},
						{
							"name": "W long",
							"from": [ 1.1244, 18.57, 2.8743 ],
							"to": [ 1.8744, 19.47, 7.3743 ],
							"rotationOrigin": [ 2.2494, 18.95, 5.1243 ],
							"rotationX": -180.0,
							"rotationY": -67.52,
							"rotationZ": -180.0,
							"faces": {
								"north": { "texture": "#rusty-iron", "uv": [ 2.0, 3.0, 3.0, 4.0 ], "autoUv": false },
								"east": { "texture": "#rusty-iron", "uv": [ 10.0, 1.0, 16.0, 2.0 ], "autoUv": false },
								"south": { "texture": "#rusty-iron", "uv": [ 6.0, 6.0, 7.0, 7.0 ], "autoUv": false },
								"west": { "texture": "#rusty-iron", "uv": [ 0.0, 0.0, 6.0, 1.0 ], "autoUv": false },
								"up": { "texture": "#rusty-iron", "uv": [ 3.0, 3.0, 4.0, 9.0 ], "autoUv": false },
								"down": { "texture": "#rusty-iron", "uv": [ 0.0, 0.0, 1.0, 6.0 ], "autoUv": false }
							},
							"children": [
								{
									"name": "E long",
									"from": [ 1.5, 0.0, 0.0 ],
									"to": [ 2.25, 0.9, 4.5 ],
									"faces": {
										"north": { "texture": "#rusty-iron", "uv": [ 0.0, 6.0, 1.0, 7.0 ], "autoUv": false },
										"east": { "texture": "#rusty-iron", "uv": [ 10.0, 2.0, 16.0, 3.0 ], "autoUv": false },
										"south": { "texture": "#rusty-iron", "uv": [ 6.0, 3.0, 7.0, 4.0 ], "autoUv": false },
										"west": { "texture": "#rusty-iron", "uv": [ 0.0, 0.0, 6.0, 1.0 ], "autoUv": false },
										"up": { "texture": "#rusty-iron", "uv": [ 3.0, 6.0, 4.0, 12.0 ], "autoUv": false },
										"down": { "texture": "#rusty-iron", "uv": [ 0.0, 0.0, 1.0, 6.0 ], "autoUv": false }
									}
								},
								{
									"name": "W short",
									"from": [ -0.75, 0.075, 0.375 ],
									"to": [ 0.0, 0.825, 4.125 ],
									"faces": {
										"north": { "texture": "#rusty-iron", "uv": [ 2.0, 0.0, 3.0, 1.0 ], "autoUv": false },
										"south": { "texture": "#rusty-iron", "uv": [ 4.0, 5.0, 5.0, 6.0 ], "autoUv": false },
										"west": { "texture": "#rusty-iron", "uv": [ 0.0, 0.0, 5.0, 1.0 ], "autoUv": false },
										"up": { "texture": "#rusty-iron", "uv": [ 2.0, 3.0, 3.0, 8.0 ], "autoUv": false },
										"down": { "texture": "#rusty-iron", "uv": [ 0.0, 0.0, 1.0, 5.0 ], "autoUv": false }
									}
								},
								{
									"name": "E short",
									"from": [ 2.25, 0.075, 0.375 ],
									"to": [ 3.0, 0.825, 4.125 ],
									"faces": {
										"north": { "texture": "#rusty-iron", "uv": [ 0.0, 7.0, 1.0, 8.0 ], "autoUv": false },
										"east": { "texture": "#rusty-iron", "uv": [ 10.0, 6.0, 15.0, 7.0 ], "autoUv": false },
										"south": { "texture": "#rusty-iron", "uv": [ 8.0, 1.0, 9.0, 2.0 ], "autoUv": false },
										"up": { "texture": "#rusty-iron", "uv": [ 5.0, 6.0, 6.0, 11.0 ], "autoUv": false },
										"down": { "texture": "#rusty-iron", "uv": [ 0.0, 0.0, 1.0, 5.0 ], "autoUv": false }
									}
								},
								{
									"name": "N long",
									"from": [ -1.125, -0.075, 1.125 ],
									"to": [ 3.375, 0.975, 1.875 ],
									"faces": {
										"north": { "texture": "#rusty-iron", "uv": [ 10.0, 3.0, 16.0, 4.0 ], "autoUv": false },
										"east": { "texture": "#rusty-iron", "uv": [ 5.0, 0.0, 6.0, 1.0 ], "autoUv": false },
										"south": { "texture": "#rusty-iron", "uv": [ 0.0, 0.0, 6.0, 1.0 ], "autoUv": false },
										"west": { "texture": "#rusty-iron", "uv": [ 2.0, 3.0, 3.0, 4.0 ], "autoUv": false },
										"up": { "texture": "#rusty-iron", "uv": [ 3.0, 1.0, 9.0, 2.0 ], "autoUv": false },
										"down": { "texture": "#rusty-iron", "uv": [ 2.0, 3.0, 8.0, 4.0 ], "autoUv": false }
									}
								},
								{
									"name": "S long",
									"from": [ -1.125, -0.075, 2.625 ],
									"to": [ 3.375, 0.975, 3.375 ],
									"faces": {
										"north": { "texture": "#rusty-iron", "uv": [ 10.0, 1.0, 16.0, 2.0 ], "autoUv": false },
										"east": { "texture": "#rusty-iron", "uv": [ 7.0, 6.0, 8.0, 7.0 ], "autoUv": false },
										"south": { "texture": "#rusty-iron", "uv": [ 0.0, 0.0, 6.0, 1.0 ], "autoUv": false },
										"west": { "texture": "#rusty-iron", "uv": [ 0.0, 3.0, 1.0, 4.0 ], "autoUv": false },
										"up": { "texture": "#rusty-iron", "uv": [ 1.0, 6.0, 7.0, 7.0 ], "autoUv": false },
										"down": { "texture": "#rusty-iron", "uv": [ 1.0, 5.0, 7.0, 6.0 ], "autoUv": false }
									}
								},
								{
									"name": "S short",
									"from": [ 0.75, 0.075, 3.375 ],
									"to": [ 1.5, 0.825, 4.125 ],
									"faces": {
										"south": { "texture": "#rusty-iron", "uv": [ 4.0, 8.0, 5.0, 9.0 ], "autoUv": false },
										"up": { "texture": "#rusty-iron", "uv": [ 7.0, 3.0, 8.0, 4.0 ], "autoUv": false },
										"down": { "texture": "#rusty-iron", "uv": [ 6.0, 7.0, 7.0, 8.0 ], "autoUv": false }
									}
								},
								{
									"name": "N short",
									"from": [ 0.75, 0.075, 0.375 ],
									"to": [ 1.5, 0.825, 1.125 ],
									"faces": {
										"north": { "texture": "#rusty-iron", "uv": [ 0.0, 0.0, 1.0, 1.0 ], "autoUv": false },
										"up": { "texture": "#rusty-iron", "uv": [ 0.0, 0.0, 1.0, 1.0 ], "autoUv": false },
										"down": { "texture": "#rusty-iron", "uv": [ 0.0, 0.0, 1.0, 1.0 ], "autoUv": false }
									}
								},
								{
									"name": "metal 1",
									"from": [ 0.75, 0.225, 1.275 ],
									"to": [ 0.9, 1.725, 1.425 ],
									"faces": {
										"north": { "texture": "#rusty-iron", "uv": [ 4.0, 7.0, 4.0, 9.0 ], "autoUv": false },
										"east": { "texture": "#rusty-iron", "uv": [ 2.0, 7.0, 2.0, 9.0 ], "autoUv": false },
										"south": { "texture": "#rusty-iron", "uv": [ 4.0, 8.0, 4.0, 10.0 ], "autoUv": false },
										"west": { "texture": "#rusty-iron", "uv": [ 5.0, 7.0, 5.0, 9.0 ], "autoUv": false },
										"up": { "texture": "#rusty-iron", "uv": [ 7.0, 6.0, 7.0, 6.0 ], "autoUv": false },
										"down": { "texture": "#rusty-iron", "uv": [ 1.0, 0.0, 1.0, 0.0 ], "autoUv": false }
									}
								},
								{
									"name": "metal 2",
									"from": [ 1.95, -0.15, 1.65 ],
									"to": [ 2.1, 1.35, 1.8 ],
									"faces": {
										"north": { "texture": "#rusty-iron", "uv": [ 0.0, 3.0, 0.0, 5.0 ], "autoUv": false },
										"east": { "texture": "#rusty-iron", "uv": [ 2.0, 1.0, 2.0, 3.0 ], "autoUv": false },
										"south": { "texture": "#rusty-iron", "uv": [ 1.0, 2.0, 1.0, 4.0 ], "autoUv": false },
										"west": { "texture": "#rusty-iron", "uv": [ 1.0, 3.0, 1.0, 5.0 ], "autoUv": false },
										"up": { "texture": "#rusty-iron", "uv": [ 2.0, 3.0, 2.0, 3.0 ], "autoUv": false },
										"down": { "texture": "#rusty-iron", "uv": [ 1.0, 0.0, 1.0, 0.0 ], "autoUv": false }
									}
								},
								{
									"name": "metal 3",
									"from": [ 1.2, -0.45, 2.7 ],
									"to": [ 1.35, 1.05, 2.85 ],
									"faces": {
										"north": { "texture": "#rusty-iron", "uv": [ 2.0, 1.0, 2.0, 3.0 ], "autoUv": false },
										"east": { "texture": "#rusty-iron", "uv": [ 2.0, 0.0, 2.0, 2.0 ], "autoUv": false },
										"south": { "texture": "#rusty-iron", "uv": [ 1.0, 2.0, 1.0, 4.0 ], "autoUv": false },
										"west": { "texture": "#rusty-iron", "uv": [ 3.0, 2.0, 3.0, 4.0 ], "autoUv": false },
										"up": { "texture": "#rusty-iron", "uv": [ 3.0, 4.0, 3.0, 4.0 ], "autoUv": false },
										"down": { "texture": "#rusty-iron", "uv": [ 1.0, 0.0, 1.0, 0.0 ], "autoUv": false }
									}
								},
								{
									"name": "metal 4",
									"from": [ 0.45, -0.225, 2.4 ],
									"to": [ 0.6, 1.275, 2.55 ],
									"faces": {
										"north": { "texture": "#rusty-iron", "uv": [ 0.0, 3.0, 0.0, 5.0 ], "autoUv": false },
										"east": { "texture": "#rusty-iron", "uv": [ 1.0, 3.0, 1.0, 5.0 ], "autoUv": false },
										"south": { "texture": "#rusty-iron", "uv": [ 1.0, 3.0, 1.0, 5.0 ], "autoUv": false },
										"west": { "texture": "#rusty-iron", "uv": [ 1.0, 3.0, 1.0, 5.0 ], "autoUv": false },
										"up": { "texture": "#rusty-iron", "uv": [ 2.0, 5.0, 2.0, 5.0 ], "autoUv": false },
										"down": { "texture": "#rusty-iron", "uv": [ 1.0, 0.0, 1.0, 0.0 ], "autoUv": false }
									}
								}
							]
						},
						{
							"name": "W long2",
							"from": [ 1.1265, 18.57, 8.8743 ],
							"to": [ 1.8765, 19.47, 13.3743 ],
							"rotationOrigin": [ 2.2515, 18.95, 11.1243 ],
							"rotationY": -67.48,
							"faces": {
								"north": { "texture": "#rusty-iron", "uv": [ 2.0, 3.0, 3.0, 4.0 ], "autoUv": false },
								"east": { "texture": "#rusty-iron", "uv": [ 10.0, 1.0, 16.0, 2.0 ], "autoUv": false },
								"south": { "texture": "#rusty-iron", "uv": [ 6.0, 6.0, 7.0, 7.0 ], "autoUv": false },
								"west": { "texture": "#rusty-iron", "uv": [ 0.0, 0.0, 6.0, 1.0 ], "autoUv": false },
								"up": { "texture": "#rusty-iron", "uv": [ 3.0, 3.0, 4.0, 9.0 ], "autoUv": false },
								"down": { "texture": "#rusty-iron", "uv": [ 0.0, 0.0, 1.0, 6.0 ], "autoUv": false }
							},
							"children": [
								{
									"name": "E long2",
									"from": [ 1.5, 0.0, 0.0 ],
									"to": [ 2.25, 0.9, 4.5 ],
									"faces": {
										"north": { "texture": "#rusty-iron", "uv": [ 0.0, 6.0, 1.0, 7.0 ], "autoUv": false },
										"east": { "texture": "#rusty-iron", "uv": [ 10.0, 2.0, 16.0, 3.0 ], "autoUv": false },
										"south": { "texture": "#rusty-iron", "uv": [ 6.0, 3.0, 7.0, 4.0 ], "autoUv": false },
										"west": { "texture": "#rusty-iron", "uv": [ 0.0, 0.0, 6.0, 1.0 ], "autoUv": false },
										"up": { "texture": "#rusty-iron", "uv": [ 3.0, 6.0, 4.0, 12.0 ], "autoUv": false },
										"down": { "texture": "#rusty-iron", "uv": [ 0.0, 0.0, 1.0, 6.0 ], "autoUv": false }
									}
								},
								{
									"name": "W short2",
									"from": [ -0.75, 0.075, 0.375 ],
									"to": [ 0.0, 0.825, 4.125 ],
									"faces": {
										"north": { "texture": "#rusty-iron", "uv": [ 2.0, 0.0, 3.0, 1.0 ], "autoUv": false },
										"south": { "texture": "#rusty-iron", "uv": [ 4.0, 5.0, 5.0, 6.0 ], "autoUv": false },
										"west": { "texture": "#rusty-iron", "uv": [ 0.0, 0.0, 5.0, 1.0 ], "autoUv": false },
										"up": { "texture": "#rusty-iron", "uv": [ 2.0, 3.0, 3.0, 8.0 ], "autoUv": false },
										"down": { "texture": "#rusty-iron", "uv": [ 0.0, 0.0, 1.0, 5.0 ], "autoUv": false }
									}
								},
								{
									"name": "E short2",
									"from": [ 2.25, 0.075, 0.375 ],
									"to": [ 3.0, 0.825, 4.125 ],
									"faces": {
										"north": { "texture": "#rusty-iron", "uv": [ 0.0, 7.0, 1.0, 8.0 ], "autoUv": false },
										"east": { "texture": "#rusty-iron", "uv": [ 10.0, 6.0, 15.0, 7.0 ], "autoUv": false },
										"south": { "texture": "#rusty-iron", "uv": [ 8.0, 1.0, 9.0, 2.0 ], "autoUv": false },
										"up": { "texture": "#rusty-iron", "uv": [ 5.0, 6.0, 6.0, 11.0 ], "autoUv": false },
										"down": { "texture": "#rusty-iron", "uv": [ 0.0, 0.0, 1.0, 5.0 ], "autoUv": false }
									}
								},
								{
									"name": "N long2",
									"from": [ -1.125, -0.075, 1.125 ],
									"to": [ 3.375, 0.975, 1.875 ],
									"faces": {
										"north": { "texture": "#rusty-iron", "uv": [ 10.0, 3.0, 16.0, 4.0 ], "autoUv": false },
										"east": { "texture": "#rusty-iron", "uv": [ 5.0, 0.0, 6.0, 1.0 ], "autoUv": false },
										"south": { "texture": "#rusty-iron", "uv": [ 0.0, 0.0, 6.0, 1.0 ], "autoUv": false },
										"west": { "texture": "#rusty-iron", "uv": [ 2.0, 3.0, 3.0, 4.0 ], "autoUv": false },
										"up": { "texture": "#rusty-iron", "uv": [ 3.0, 1.0, 9.0, 2.0 ], "autoUv": false },
										"down": { "texture": "#rusty-iron", "uv": [ 2.0, 3.0, 8.0, 4.0 ], "autoUv": false }
									}
								},
								{
									"name": "S long2",
									"from": [ -1.125, -0.075, 2.625 ],
									"to": [ 3.375, 0.975, 3.375 ],
									"faces": {
										"north": { "texture": "#rusty-iron", "uv": [ 10.0, 1.0, 16.0, 2.0 ], "autoUv": false },
										"east": { "texture": "#rusty-iron", "uv": [ 7.0, 6.0, 8.0, 7.0 ], "autoUv": false },
										"south": { "texture": "#rusty-iron", "uv": [ 0.0, 0.0, 6.0, 1.0 ], "autoUv": false },
										"west": { "texture": "#rusty-iron", "uv": [ 0.0, 3.0, 1.0, 4.0 ], "autoUv": false },
										"up": { "texture": "#rusty-iron", "uv": [ 1.0, 6.0, 7.0, 7.0 ], "autoUv": false },
										"down": { "texture": "#rusty-iron", "uv": [ 1.0, 5.0, 7.0, 6.0 ], "autoUv": false }
									}
								},
								{
									"name": "S short2",
									"from": [ 0.75, 0.075, 3.375 ],
									"to": [ 1.5, 0.825, 4.125 ],
									"faces": {
										"south": { "texture": "#rusty-iron", "uv": [ 4.0, 8.0, 5.0, 9.0 ], "autoUv": false },
										"up": { "texture": "#rusty-iron", "uv": [ 7.0, 3.0, 8.0, 4.0 ], "autoUv": false },
										"down": { "texture": "#rusty-iron", "uv": [ 6.0, 7.0, 7.0, 8.0 ], "autoUv": false }
									}
								},
								{
									"name": "N short2",
									"from": [ 0.75, 0.075, 0.375 ],
									"to": [ 1.5, 0.825, 1.125 ],
									"faces": {
										"north": { "texture": "#rusty-iron", "uv": [ 0.0, 0.0, 1.0, 1.0 ], "autoUv": false },
										"up": { "texture": "#rusty-iron", "uv": [ 0.0, 0.0, 1.0, 1.0 ], "autoUv": false },
										"down": { "texture": "#rusty-iron", "uv": [ 0.0, 0.0, 1.0, 1.0 ], "autoUv": false }
									}
								},
								{
									"name": "metal 5",
									"from": [ 0.75, 0.225, 1.275 ],
									"to": [ 0.9, 1.725, 1.425 ],
									"faces": {
										"north": { "texture": "#rusty-iron", "uv": [ 4.0, 7.0, 4.0, 9.0 ], "autoUv": false },
										"east": { "texture": "#rusty-iron", "uv": [ 2.0, 7.0, 2.0, 9.0 ], "autoUv": false },
										"south": { "texture": "#rusty-iron", "uv": [ 4.0, 8.0, 4.0, 10.0 ], "autoUv": false },
										"west": { "texture": "#rusty-iron", "uv": [ 5.0, 7.0, 5.0, 9.0 ], "autoUv": false },
										"up": { "texture": "#rusty-iron", "uv": [ 7.0, 6.0, 7.0, 6.0 ], "autoUv": false },
										"down": { "texture": "#rusty-iron", "uv": [ 1.0, 0.0, 1.0, 0.0 ], "autoUv": false }
									}
								},
								{
									"name": "metal 6",
									"from": [ 1.95, -0.15, 1.65 ],
									"to": [ 2.1, 1.35, 1.8 ],
									"faces": {
										"north": { "texture": "#rusty-iron", "uv": [ 0.0, 3.0, 0.0, 5.0 ], "autoUv": false },
										"east": { "texture": "#rusty-iron", "uv": [ 2.0, 1.0, 2.0, 3.0 ], "autoUv": false },
										"south": { "texture": "#rusty-iron", "uv": [ 1.0, 2.0, 1.0, 4.0 ], "autoUv": false },
										"west": { "texture": "#rusty-iron", "uv": [ 1.0, 3.0, 1.0, 5.0 ], "autoUv": false },
										"up": { "texture": "#rusty-iron", "uv": [ 2.0, 3.0, 2.0, 3.0 ], "autoUv": false },
										"down": { "texture": "#rusty-iron", "uv": [ 1.0, 0.0, 1.0, 0.0 ], "autoUv": false }
									}
								},
								{
									"name": "metal 7",
									"from": [ 1.2, -0.45, 2.7 ],
									"to": [ 1.35, 1.05, 2.85 ],
									"faces": {
										"north": { "texture": "#rusty-iron", "uv": [ 2.0, 1.0, 2.0, 3.0 ], "autoUv": false },
										"east": { "texture": "#rusty-iron", "uv": [ 2.0, 0.0, 2.0, 2.0 ], "autoUv": false },
										"south": { "texture": "#rusty-iron", "uv": [ 1.0, 2.0, 1.0, 4.0 ], "autoUv": false },
										"west": { "texture": "#rusty-iron", "uv": [ 3.0, 2.0, 3.0, 4.0 ], "autoUv": false },
										"up": { "texture": "#rusty-iron", "uv": [ 3.0, 4.0, 3.0, 4.0 ], "autoUv": false },
										"down": { "texture": "#rusty-iron", "uv": [ 1.0, 0.0, 1.0, 0.0 ], "autoUv": false }
									}
								},
								{
									"name": "metal 8",
									"from": [ 0.45, -0.225, 2.4 ],
									"to": [ 0.6, 1.275, 2.55 ],
									"faces": {
										"north": { "texture": "#rusty-iron", "uv": [ 0.0, 3.0, 0.0, 5.0 ], "autoUv": false },
										"east": { "texture": "#rusty-iron", "uv": [ 1.0, 3.0, 1.0, 5.0 ], "autoUv": false },
										"south": { "texture": "#rusty-iron", "uv": [ 1.0, 3.0, 1.0, 5.0 ], "autoUv": false },
										"west": { "texture": "#rusty-iron", "uv": [ 1.0, 3.0, 1.0, 5.0 ], "autoUv": false },
										"up": { "texture": "#rusty-iron", "uv": [ 2.0, 5.0, 2.0, 5.0 ], "autoUv": false },
										"down": { "texture": "#rusty-iron", "uv": [ 1.0, 0.0, 1.0, 0.0 ], "autoUv": false }
									}
								}
							]
						},
						{
							"name": "W long3",
							"from": [ -2.8746, 18.57, 5.8757 ],
							"to": [ -2.1246, 19.47, 10.3757 ],
							"rotationOrigin": [ -1.7496, 18.95, 8.1257 ],
							"rotationY": -44.98,
							"faces": {
								"north": { "texture": "#rusty-iron", "uv": [ 2.0, 3.0, 3.0, 4.0 ], "autoUv": false },
								"east": { "texture": "#rusty-iron", "uv": [ 10.0, 1.0, 16.0, 2.0 ], "autoUv": false },
								"south": { "texture": "#rusty-iron", "uv": [ 6.0, 6.0, 7.0, 7.0 ], "autoUv": false },
								"west": { "texture": "#rusty-iron", "uv": [ 0.0, 0.0, 6.0, 1.0 ], "autoUv": false },
								"up": { "texture": "#rusty-iron", "uv": [ 3.0, 3.0, 4.0, 9.0 ], "autoUv": false },
								"down": { "texture": "#rusty-iron", "uv": [ 0.0, 0.0, 1.0, 6.0 ], "autoUv": false }
							},
							"children": [
								{
									"name": "E long3",
									"from": [ 1.5, 0.0, 0.0 ],
									"to": [ 2.25, 0.9, 4.5 ],
									"faces": {
										"north": { "texture": "#rusty-iron", "uv": [ 0.0, 6.0, 1.0, 7.0 ], "autoUv": false },
										"east": { "texture": "#rusty-iron", "uv": [ 10.0, 2.0, 16.0, 3.0 ], "autoUv": false },
										"south": { "texture": "#rusty-iron", "uv": [ 6.0, 3.0, 7.0, 4.0 ], "autoUv": false },
										"west": { "texture": "#rusty-iron", "uv": [ 0.0, 0.0, 6.0, 1.0 ], "autoUv": false },
										"up": { "texture": "#rusty-iron", "uv": [ 3.0, 6.0, 4.0, 12.0 ], "autoUv": false },
										"down": { "texture": "#rusty-iron", "uv": [ 0.0, 0.0, 1.0, 6.0 ], "autoUv": false }
									}
								},
								{
									"name": "W short3",
									"from": [ -0.75, 0.075, 0.375 ],
									"to": [ 0.0, 0.825, 4.125 ],
									"faces": {
										"north": { "texture": "#rusty-iron", "uv": [ 2.0, 0.0, 3.0, 1.0 ], "autoUv": false },
										"south": { "texture": "#rusty-iron", "uv": [ 4.0, 5.0, 5.0, 6.0 ], "autoUv": false },
										"west": { "texture": "#rusty-iron", "uv": [ 0.0, 0.0, 5.0, 1.0 ], "autoUv": false },
										"up": { "texture": "#rusty-iron", "uv": [ 2.0, 3.0, 3.0, 8.0 ], "autoUv": false },
										"down": { "texture": "#rusty-iron", "uv": [ 0.0, 0.0, 1.0, 5.0 ], "autoUv": false }
									}
								},
								{
									"name": "E short3",
									"from": [ 2.25, 0.075, 0.375 ],
									"to": [ 3.0, 0.825, 4.125 ],
									"faces": {
										"north": { "texture": "#rusty-iron", "uv": [ 0.0, 7.0, 1.0, 8.0 ], "autoUv": false },
										"east": { "texture": "#rusty-iron", "uv": [ 10.0, 6.0, 15.0, 7.0 ], "autoUv": false },
										"south": { "texture": "#rusty-iron", "uv": [ 8.0, 1.0, 9.0, 2.0 ], "autoUv": false },
										"up": { "texture": "#rusty-iron", "uv": [ 5.0, 6.0, 6.0, 11.0 ], "autoUv": false },
										"down": { "texture": "#rusty-iron", "uv": [ 0.0, 0.0, 1.0, 5.0 ], "autoUv": false }
									}
								},
								{
									"name": "N long3",
									"from": [ -1.125, -0.075, 1.125 ],
									"to": [ 3.375, 0.975, 1.875 ],
									"faces": {
										"north": { "texture": "#rusty-iron", "uv": [ 10.0, 3.0, 16.0, 4.0 ], "autoUv": false },
										"east": { "texture": "#rusty-iron", "uv": [ 5.0, 0.0, 6.0, 1.0 ], "autoUv": false },
										"south": { "texture": "#rusty-iron", "uv": [ 0.0, 0.0, 6.0, 1.0 ], "autoUv": false },
										"west": { "texture": "#rusty-iron", "uv": [ 2.0, 3.0, 3.0, 4.0 ], "autoUv": false },
										"up": { "texture": "#rusty-iron", "uv": [ 3.0, 1.0, 9.0, 2.0 ], "autoUv": false },
										"down": { "texture": "#rusty-iron", "uv": [ 2.0, 3.0, 8.0, 4.0 ], "autoUv": false }
									}
								},
								{
									"name": "S long3",
									"from": [ -1.125, -0.075, 2.625 ],
									"to": [ 3.375, 0.975, 3.375 ],
									"faces": {
										"north": { "texture": "#rusty-iron", "uv": [ 10.0, 1.0, 16.0, 2.0 ], "autoUv": false },
										"east": { "texture": "#rusty-iron", "uv": [ 7.0, 6.0, 8.0, 7.0 ], "autoUv": false },
										"south": { "texture": "#rusty-iron", "uv": [ 0.0, 0.0, 6.0, 1.0 ], "autoUv": false },
										"west": { "texture": "#rusty-iron", "uv": [ 0.0, 3.0, 1.0, 4.0 ], "autoUv": false },
										"up": { "texture": "#rusty-iron", "uv": [ 1.0, 6.0, 7.0, 7.0 ], "autoUv": false },
										"down": { "texture": "#rusty-iron", "uv": [ 1.0, 5.0, 7.0, 6.0 ], "autoUv": false }
									}
								},
								{
									"name": "S short3",
									"from": [ 0.75, 0.075, 3.375 ],
									"to": [ 1.5, 0.825, 4.125 ],
									"faces": {
										"south": { "texture": "#rusty-iron", "uv": [ 4.0, 8.0, 5.0, 9.0 ], "autoUv": false },
										"up": { "texture": "#rusty-iron", "uv": [ 7.0, 3.0, 8.0, 4.0 ], "autoUv": false },
										"down": { "texture": "#rusty-iron", "uv": [ 6.0, 7.0, 7.0, 8.0 ], "autoUv": false }
									}
								},
								{
									"name": "N short3",
									"from": [ 0.75, 0.075, 0.375 ],
									"to": [ 1.5, 0.825, 1.125 ],
									"faces": {
										"north": { "texture": "#rusty-iron", "uv": [ 0.0, 0.0, 1.0, 1.0 ], "autoUv": false },
										"up": { "texture": "#rusty-iron", "uv": [ 0.0, 0.0, 1.0, 1.0 ], "autoUv": false },
										"down": { "texture": "#rusty-iron", "uv": [ 0.0, 0.0, 1.0, 1.0 ], "autoUv": false }
									}
								},
								{
									"name": "metal 9",
									"from": [ 0.75, 0.225, 1.275 ],
									"to": [ 0.9, 1.725, 1.425 ],
									"faces": {
										"north": { "texture": "#rusty-iron", "uv": [ 4.0, 7.0, 4.0, 9.0 ], "autoUv": false },
										"east": { "texture": "#rusty-iron", "uv": [ 2.0, 7.0, 2.0, 9.0 ], "autoUv": false },
										"south": { "texture": "#rusty-iron", "uv": [ 4.0, 8.0, 4.0, 10.0 ], "autoUv": false },
										"west": { "texture": "#rusty-iron", "uv": [ 5.0, 7.0, 5.0, 9.0 ], "autoUv": false },
										"up": { "texture": "#rusty-iron", "uv": [ 7.0, 6.0, 7.0, 6.0 ], "autoUv": false },
										"down": { "texture": "#rusty-iron", "uv": [ 1.0, 0.0, 1.0, 0.0 ], "autoUv": false }
									}
								},
								{
									"name": "metal 10",
									"from": [ 1.95, -0.15, 1.65 ],
									"to": [ 2.1, 1.35, 1.8 ],
									"faces": {
										"north": { "texture": "#rusty-iron", "uv": [ 0.0, 3.0, 0.0, 5.0 ], "autoUv": false },
										"east": { "texture": "#rusty-iron", "uv": [ 2.0, 1.0, 2.0, 3.0 ], "autoUv": false },
										"south": { "texture": "#rusty-iron", "uv": [ 1.0, 2.0, 1.0, 4.0 ], "autoUv": false },
										"west": { "texture": "#rusty-iron", "uv": [ 1.0, 3.0, 1.0, 5.0 ], "autoUv": false },
										"up": { "texture": "#rusty-iron", "uv": [ 2.0, 3.0, 2.0, 3.0 ], "autoUv": false },
										"down": { "texture": "#rusty-iron", "uv": [ 1.0, 0.0, 1.0, 0.0 ], "autoUv": false }
									}
								},
								{
									"name": "metal 11",
									"from": [ 1.2, -0.45, 2.7 ],
									"to": [ 1.35, 1.05, 2.85 ],
									"faces": {
										"north": { "texture": "#rusty-iron", "uv": [ 2.0, 1.0, 2.0, 3.0 ], "autoUv": false },
										"east": { "texture": "#rusty-iron", "uv": [ 2.0, 0.0, 2.0, 2.0 ], "autoUv": false },
										"south": { "texture": "#rusty-iron", "uv": [ 1.0, 2.0, 1.0, 4.0 ], "autoUv": false },
										"west": { "texture": "#rusty-iron", "uv": [ 3.0, 2.0, 3.0, 4.0 ], "autoUv": false },
										"up": { "texture": "#rusty-iron", "uv": [ 3.0, 4.0, 3.0, 4.0 ], "autoUv": false },
										"down": { "texture": "#rusty-iron", "uv": [ 1.0, 0.0, 1.0, 0.0 ], "autoUv": false }
									}
								},
								{
									"name": "metal 12",
									"from": [ 0.45, -0.225, 2.4 ],
									"to": [ 0.6, 1.275, 2.55 ],
									"faces": {
										"north": { "texture": "#rusty-iron", "uv": [ 0.0, 3.0, 0.0, 5.0 ], "autoUv": false },
										"east": { "texture": "#rusty-iron", "uv": [ 1.0, 3.0, 1.0, 5.0 ], "autoUv": false },
										"south": { "texture": "#rusty-iron", "uv": [ 1.0, 3.0, 1.0, 5.0 ], "autoUv": false },
										"west": { "texture": "#rusty-iron", "uv": [ 1.0, 3.0, 1.0, 5.0 ], "autoUv": false },
										"up": { "texture": "#rusty-iron", "uv": [ 2.0, 5.0, 2.0, 5.0 ], "autoUv": false },
										"down": { "texture": "#rusty-iron", "uv": [ 1.0, 0.0, 1.0, 0.0 ], "autoUv": false }
									}
								}
							]
						}
					]
				}
			]
		}
	]}