{
	"editor": {
		"collapsedPaths": "Root/_moveall/_chassis,Root/_moveall/_controlframe,Root/_moveall/_moveall1,Root/_moveall/_skids",
		"allAngles": false,
		"entityTextureMode": false
	},
	"textureWidth": 16,
	"textureHeight": 16,
	"textureSizes": {
	},
	"textures": {
	},
	"elements": [
		{
			"name": "_Cube2",
			"from": [ 0.5, -10.0, 5.0 ],
			"to": [ 0.5, -10.0, 5.0 ],
			"rotationOrigin": [ 0.0, -10.0, 5.0 ],
			"rotationY": 90.0,
			"faces": {
				"north": { "texture": "#null", "uv": [ 0.0, 0.0, 0.5, 0.5 ] },
				"east": { "texture": "#null", "uv": [ 0.0, 0.0, 0.5, 0.5 ] },
				"south": { "texture": "#null", "uv": [ 0.0, 0.0, 0.5, 0.5 ] },
				"west": { "texture": "#null", "uv": [ 0.0, 0.0, 0.5, 0.5 ] },
				"up": { "texture": "#null", "uv": [ 0.0, 0.0, 0.5, 0.5 ] },
				"down": { "texture": "#null", "uv": [ 0.0, 0.0, 0.5, 0.5 ] }
			},
			"children": [
				{
					"name": "carrier-seatone-base-1-1",
					"from": [ -6.9979, 9.5, 15.094 ],
					"to": [ 2.0021, 10.5, 21.094 ],
					"rotationOrigin": [ 3.0046, 10.522, 18.0 ],
					"rotationY": -89.98,
					"faces": {
						"north": { "texture": "#metal", "uv": [ 0.0, 3.0, 9.0, 4.0 ], "rotation": 180 },
						"east": { "texture": "#metal", "uv": [ 7.0, 8.5, 8.0, 14.5 ], "rotation": 90 },
						"south": { "texture": "#metal", "uv": [ 3.0, 5.0, 12.0, 6.0 ], "rotation": 180 },
						"west": { "texture": "#metal", "uv": [ 3.5, 7.0, 4.5, 13.0 ], "rotation": 90 },
						"up": { "texture": "#metal", "uv": [ 6.0, 3.0, 15.0, 9.0 ], "rotation": 180 },
						"down": { "texture": "#metal", "uv": [ 6.0, 3.5, 15.0, 9.5 ], "rotation": 180 }
					},
					"children": [
						{
							"name": "carrier-seatone-base-1-2",
							"from": [ -9.0, 0.0, 0.0 ],
							"to": [ 0.0, 1.0, 6.0 ],
							"rotationOrigin": [ 1.0, 1.522, 2.9054 ],
							"faces": {
								"north": { "texture": "#metal", "uv": [ 2.5, 6.5, 11.5, 7.5 ], "rotation": 180 },
								"east": { "texture": "#metal", "uv": [ 2.0, 6.0, 3.0, 12.0 ], "rotation": 90 },
								"south": { "texture": "#metal", "uv": [ 2.0, 5.0, 11.0, 6.0 ], "rotation": 180 },
								"west": { "texture": "#metal", "uv": [ 0.0, 2.5, 1.0, 8.5 ], "rotation": 90 },
								"up": { "texture": "#metal", "uv": [ 0.0, 3.0, 9.0, 9.0 ], "rotation": 180 },
								"down": { "texture": "#metal", "uv": [ 0.0, 3.5, 9.0, 9.5 ], "rotation": 180 }
							},
							"children": [
								{
									"name": "carrier-seatone-backbase-1-1",
									"from": [ 3.75, 0.5, -0.5 ],
									"to": [ 14.25, 6.25, 0.0 ],
									"rotationOrigin": [ 13.5, 1.022, 2.4054 ],
									"faces": {
										"north": { "texture": "#frame", "uv": [ 3.0, 8.5, 13.5, 14.0 ], "rotation": 180 },
										"east": { "texture": "#frame", "uv": [ 1.0, 12.5, 6.5, 13.0 ], "rotation": 90 },
										"south": { "texture": "#frame", "uv": [ 2.5, 4.5, 13.0, 10.0 ], "rotation": 180 },
										"west": { "texture": "#frame", "uv": [ 2.5, 14.5, 8.0, 15.0 ], "rotation": 90 },
										"up": { "texture": "#frame", "uv": [ 3.0, 1.5, 13.5, 2.0 ], "rotation": 180 },
										"down": { "texture": "#frame", "uv": [ 2.5, 7.5, 13.0, 8.0 ], "rotation": 180 }
									},
									"children": [
										{
											"name": "carrier-seatone-backbase-1-2",
											"from": [ 10.5, 2.75, 0.0 ],
											"to": [ 13.25, 3.25, 0.5 ],
											"rotationOrigin": [ 19.75, 3.522, 2.9054 ],
											"faces": {
												"north": { "texture": "#frame", "uv": [ 3.0, 8.5, 5.5, 9.0 ], "rotation": 180 },
												"east": { "texture": "#frame", "uv": [ 1.0, 12.5, 1.5, 13.0 ], "rotation": 90 },
												"south": { "texture": "#frame", "uv": [ 2.5, 4.5, 5.0, 5.0 ], "rotation": 180 },
												"west": { "texture": "#frame", "uv": [ 2.5, 14.5, 3.0, 15.0 ], "rotation": 90 },
												"up": { "texture": "#frame", "uv": [ 3.0, 1.5, 5.5, 2.0 ], "rotation": 180 },
												"down": { "texture": "#frame", "uv": [ 2.5, 7.5, 5.0, 8.0 ], "rotation": 180 }
											},
											"children": [
												{
													"name": "carrier-seatone-backbase-1-3",
													"from": [ -13.25, 0.0, 0.0 ],
													"to": [ -10.5, 0.5, 0.5 ],
													"rotationOrigin": [ -3.75, 0.772, 2.9054 ],
													"faces": {
														"north": { "texture": "#frame", "uv": [ 3.0, 8.5, 5.5, 9.0 ], "rotation": 180 },
														"east": { "texture": "#frame", "uv": [ 1.0, 12.5, 1.5, 13.0 ], "rotation": 90 },
														"south": { "texture": "#frame", "uv": [ 2.5, 4.5, 5.0, 5.0 ], "rotation": 180 },
														"west": { "texture": "#frame", "uv": [ 2.5, 14.5, 3.0, 15.0 ], "rotation": 90 },
														"up": { "texture": "#frame", "uv": [ 3.0, 1.5, 5.5, 2.0 ], "rotation": 180 },
														"down": { "texture": "#frame", "uv": [ 2.5, 7.5, 5.0, 8.0 ], "rotation": 180 }
													}
												}
											]
										}
									]
								},
								{
									"name": "carrier-seatone-cushion-1-1",
									"from": [ 4.0, 0.5, 0.99 ],
									"to": [ 14.0, 2.0, 6.99 ],
									"rotationOrigin": [ 13.5, 2.022, 2.9054 ],
									"faces": {
										"north": { "texture": "#cloth", "uv": [ 2.5, 10.0, 12.5, 11.5 ], "rotation": 180 },
										"east": { "texture": "#cloth", "uv": [ 5.5, 2.5, 7.0, 8.5 ], "rotation": 90 },
										"south": { "texture": "#cloth", "uv": [ 4.5, 12.5, 14.5, 14.0 ], "rotation": 180 },
										"west": { "texture": "#cloth", "uv": [ 5.5, 7.5, 7.0, 13.5 ], "rotation": 90 },
										"up": { "texture": "#cloth", "uv": [ 0.5, 2.0, 10.5, 8.0 ], "rotation": 180 },
										"down": { "texture": "#cloth", "uv": [ 3.0, 3.0, 13.0, 9.0 ], "rotation": 180 }
									},
									"children": [
										{
											"name": "carrier-seatone-cushion-1-2",
											"from": [ 0.0, 0.0, -1.0 ],
											"to": [ 10.0, 5.5, 0.0 ],
											"rotationOrigin": [ 9.5, 0.522, 1.4054 ],
											"faces": {
												"north": { "texture": "#cloth", "uv": [ 1.5, 1.0, 11.5, 6.5 ], "rotation": 180 },
												"east": { "texture": "#cloth", "uv": [ 1.0, 7.0, 6.5, 8.0 ], "rotation": 90 },
												"south": { "texture": "#cloth", "uv": [ 3.0, 5.0, 13.0, 10.5 ], "rotation": 180 },
												"west": { "texture": "#cloth", "uv": [ 1.5, 5.5, 7.0, 6.5 ], "rotation": 90 },
												"up": { "texture": "#cloth", "uv": [ 0.5, 12.0, 10.5, 13.0 ], "rotation": 180 },
												"down": { "texture": "#cloth", "uv": [ 4.0, 9.5, 14.0, 10.5 ], "rotation": 180 }
											}
										}
									]
								},
								{
									"name": "carrier-seatone-basetrim-1-1",
									"from": [ 1.0, 0.5, 6.0 ],
									"to": [ 17.0, 1.25, 6.5 ],
									"rotationOrigin": [ 10.5, 1.022, 8.4054 ],
									"faces": {
										"north": { "texture": "#frame", "uv": [ 3.0, 8.5, 19.0, 9.0 ], "rotation": 180 },
										"east": { "texture": "#frame", "uv": [ 1.0, 12.5, 1.5, 13.0 ], "rotation": 90 },
										"south": { "texture": "#frame", "uv": [ 2.5, 4.5, 18.5, 5.0 ], "rotation": 180 },
										"west": { "texture": "#frame", "uv": [ 2.5, 14.5, 3.0, 15.0 ], "rotation": 90 },
										"up": { "texture": "#frame", "uv": [ 3.0, 1.5, 19.0, 2.0 ], "rotation": 180 },
										"down": { "texture": "#frame", "uv": [ 2.5, 7.5, 18.5, 8.0 ], "rotation": 180 }
									},
									"children": [
										{
											"name": "carrier-seatone-basetrim-1-2",
											"from": [ 13.25, 0.0, -6.5 ],
											"to": [ 16.0, 0.75, -6.0 ],
											"rotationOrigin": [ 22.5, 0.522, -3.5946 ],
											"faces": {
												"north": { "texture": "#frame", "uv": [ 3.0, 8.5, 5.5, 9.0 ], "rotation": 180 },
												"east": { "texture": "#frame", "uv": [ 1.0, 12.5, 1.5, 13.0 ], "rotation": 90 },
												"south": { "texture": "#frame", "uv": [ 2.5, 4.5, 5.0, 5.0 ], "rotation": 180 },
												"west": { "texture": "#frame", "uv": [ 2.5, 14.5, 3.0, 15.0 ], "rotation": 90 },
												"up": { "texture": "#frame", "uv": [ 3.0, 1.5, 5.5, 2.0 ], "rotation": 180 },
												"down": { "texture": "#frame", "uv": [ 2.5, 7.5, 5.0, 8.0 ], "rotation": 180 }
											},
											"children": [
												{
													"name": "carrier-seatone-basetrim-1-3",
													"from": [ -13.25, 0.0, 0.0 ],
													"to": [ -10.5, 0.75, 0.5 ],
													"rotationOrigin": [ -3.75, 0.522, 2.9054 ],
													"faces": {
														"north": { "texture": "#frame", "uv": [ 3.0, 8.5, 5.5, 9.0 ], "rotation": 180 },
														"east": { "texture": "#frame", "uv": [ 1.0, 12.5, 1.5, 13.0 ], "rotation": 90 },
														"south": { "texture": "#frame", "uv": [ 2.5, 4.5, 5.0, 5.0 ], "rotation": 180 },
														"west": { "texture": "#frame", "uv": [ 2.5, 14.5, 3.0, 15.0 ], "rotation": 90 },
														"up": { "texture": "#frame", "uv": [ 3.0, 1.5, 5.5, 2.0 ], "rotation": 180 },
														"down": { "texture": "#frame", "uv": [ 2.5, 7.5, 5.0, 8.0 ], "rotation": 180 }
													}
												}
											]
										}
									]
								}
							]
						}
					]
				}
			]
		}
	]}