[
	{
		"ingredientPattern": "A,L",
		"recipeGroup": 2,
		"ingredients": {
			"A": { "type": "item", "code": "armor-head-hunterblack"  },
			"L": { "type": "item", "code": "game:leather-normal-black" }
		},
		"width": 1,
		"height": 2,
		"shapeless": true,
		"copyAttributesFrom": 'A',
		"averageDurability": false,
		"name": "hunterblack helmet repair",
		"output": { "type": "item", "code": "armor-head-hunterblack"  }
	},
	{
		"ingredientPattern": "A,L",
		"recipeGroup": 2,
		"ingredients": {
			"A": { "type": "item", "code": "armor-body-hunterblack"  },
			"L": { "type": "item", "code": "game:leather-normal-black" }
		},
		"width": 1,
		"height": 2,
		"shapeless": true,
		"copyAttributesFrom": 'A',
		"averageDurability": false,
		"name": "hunterblack body armor repair",
		"output": { "type": "item", "code": "armor-body-hunterblack"  }
	},
	{
		"ingredientPattern": "A,L",
		"recipeGroup": 2,
		"ingredients": {
			"A": { "type": "item", "code": "armor-legs-hunterblack"  },
			"L": { "type": "item", "code": "game:leather-normal-black" }
		},
		"width": 1,
		"height": 2,
		"shapeless": true,
		"copyAttributesFrom": 'A',
		"averageDurability": false,
		"name": "hunterblack leg armor repair",
		"output": { "type": "item", "code": "armor-legs-hunterblack"  }
	}
]