{
	"editor": {
		"allAngles": false,
		"entityTextureMode": false
	},
	"textureWidth": 16,
	"textureHeight": 16,
	"textureSizes": {
	},
	"textures": {
		"rock": "block/stone/rock/andesite1"
	},
	"elements": [
		{
			"name": "Cube2",
			"from": [ 0.0, 0.0, 0.0 ],
			"to": [ 7.0, 2.0, 15.0 ],
			"faces": {
				"north": { "texture": "#andesite1", "uv": [ 2.5, 5.0, 9.5, 7.0 ] },
				"east": { "texture": "#andesite1", "uv": [ 0.0, 0.0, 15.0, 2.0 ] },
				"south": { "texture": "#andesite1", "uv": [ 0.0, 0.0, 7.0, 2.0 ] },
				"west": { "texture": "#andesite1", "uv": [ 0.0, 0.0, 15.0, 2.0 ] },
				"up": { "texture": "#andesite1", "uv": [ 0.0, 0.0, 7.0, 15.0 ] },
				"down": { "texture": "#andesite1", "uv": [ 0.0, 0.0, 7.0, 15.0 ] }
			}
		}
	]}