{
	"editor": {
		"allAngles": false,
		"entityTextureMode": false
	},
	"textureWidth": 16,
	"textureHeight": 16,
	"textureSizes": {
	},
	"textures": {
		"base": "morefloors:item/sandgravelmix"
	},
	"elements": [
		{
			"name": "Cube",
			"from": [ 4.0, 0.0, 4.0 ],
			"to": [ 12.0, 1.0, 12.0 ],
			"rotationOrigin": [ 4.0, 0.0, 4.0 ],
			"faces": {
				"north": { "texture": "#null", "uv": [ 0.0, 0.0, 8.0, 1.0 ] },
				"east": { "texture": "#null", "uv": [ 0.0, 0.0, 8.0, 1.0 ] },
				"south": { "texture": "#null", "uv": [ 0.0, 0.0, 8.0, 1.0 ] },
				"west": { "texture": "#null", "uv": [ 0.0, 0.0, 8.0, 1.0 ] },
				"up": { "texture": "#null", "uv": [ 0.0, 0.0, 8.0, 8.0 ] },
				"down": { "texture": "#null", "uv": [ 0.0, 0.0, 8.0, 8.0 ] }
			},
			"children": [
				{
					"name": "Cube2",
					"from": [ -1.0, 0.0, 2.0 ],
					"to": [ 0.0, 1.0, 5.0 ],
					"rotationOrigin": [ -1.0, 0.0, 2.0 ],
					"faces": {
						"north": { "texture": "#null", "uv": [ 0.0, 0.0, 1.0, 1.0 ] },
						"east": { "texture": "#null", "uv": [ 0.0, 0.0, 3.0, 1.0 ] },
						"south": { "texture": "#null", "uv": [ 0.0, 0.0, 1.0, 1.0 ] },
						"west": { "texture": "#null", "uv": [ 0.0, 0.0, 3.0, 1.0 ] },
						"up": { "texture": "#null", "uv": [ 0.0, 0.0, 1.0, 3.0 ] },
						"down": { "texture": "#null", "uv": [ 0.0, 0.0, 1.0, 3.0 ] }
					}
				},
				{
					"name": "Cube3",
					"from": [ 2.0, 0.0, -1.0 ],
					"to": [ 7.0, 1.0, 0.0 ],
					"rotationOrigin": [ 2.0, 0.0, -1.0 ],
					"faces": {
						"north": { "texture": "#null", "uv": [ 0.0, 0.0, 5.0, 1.0 ] },
						"east": { "texture": "#null", "uv": [ 0.0, 0.0, 1.0, 1.0 ] },
						"south": { "texture": "#null", "uv": [ 0.0, 0.0, 5.0, 1.0 ] },
						"west": { "texture": "#null", "uv": [ 0.0, 0.0, 1.0, 1.0 ] },
						"up": { "texture": "#null", "uv": [ 0.0, 0.0, 5.0, 1.0 ] },
						"down": { "texture": "#null", "uv": [ 0.0, 0.0, 5.0, 1.0 ] }
					}
				},
				{
					"name": "Cube4",
					"from": [ 8.0, 0.0, 1.0 ],
					"to": [ 9.0, 1.0, 6.0 ],
					"rotationOrigin": [ 8.0, 0.0, 1.0 ],
					"faces": {
						"north": { "texture": "#null", "uv": [ 0.0, 0.0, 1.0, 1.0 ] },
						"east": { "texture": "#null", "uv": [ 0.0, 0.0, 5.0, 1.0 ] },
						"south": { "texture": "#null", "uv": [ 0.0, 0.0, 1.0, 1.0 ] },
						"west": { "texture": "#null", "uv": [ 0.0, 0.0, 5.0, 1.0 ] },
						"up": { "texture": "#null", "uv": [ 0.0, 0.0, 1.0, 5.0 ] },
						"down": { "texture": "#null", "uv": [ 0.0, 0.0, 1.0, 5.0 ] }
					}
				},
				{
					"name": "Cube5",
					"from": [ 1.0, 0.0, 8.0 ],
					"to": [ 7.0, 1.0, 9.0 ],
					"rotationOrigin": [ 1.0, 0.0, 8.0 ],
					"faces": {
						"north": { "texture": "#null", "uv": [ 0.0, 0.0, 6.0, 1.0 ] },
						"east": { "texture": "#null", "uv": [ 0.0, 0.0, 1.0, 1.0 ] },
						"south": { "texture": "#null", "uv": [ 0.0, 0.0, 6.0, 1.0 ] },
						"west": { "texture": "#null", "uv": [ 0.0, 0.0, 1.0, 1.0 ] },
						"up": { "texture": "#null", "uv": [ 0.0, 0.0, 6.0, 1.0 ] },
						"down": { "texture": "#null", "uv": [ 0.0, 0.0, 6.0, 1.0 ] }
					}
				},
				{
					"name": "Cube6",
					"from": [ 1.0, 1.0, 1.0 ],
					"to": [ 7.0, 2.0, 7.0 ],
					"rotationOrigin": [ 1.0, 1.0, 1.0 ],
					"faces": {
						"north": { "texture": "#null", "uv": [ 0.0, 0.0, 6.0, 1.0 ] },
						"east": { "texture": "#null", "uv": [ 0.0, 0.0, 6.0, 1.0 ] },
						"south": { "texture": "#null", "uv": [ 0.0, 0.0, 6.0, 1.0 ] },
						"west": { "texture": "#null", "uv": [ 0.0, 0.0, 6.0, 1.0 ] },
						"up": { "texture": "#null", "uv": [ 0.0, 0.0, 6.0, 6.0 ] },
						"down": { "texture": "#null", "uv": [ 0.0, 0.0, 6.0, 6.0 ] }
					},
					"children": [
						{
							"name": "Cube7",
							"from": [ 2.0, 0.0, -1.0 ],
							"to": [ 4.0, 1.0, 0.0 ],
							"rotationOrigin": [ 2.0, 0.0, -1.0 ],
							"faces": {
								"north": { "texture": "#null", "uv": [ 0.0, 0.0, 2.0, 1.0 ] },
								"east": { "texture": "#null", "uv": [ 0.0, 0.0, 1.0, 1.0 ] },
								"south": { "texture": "#null", "uv": [ 0.0, 0.0, 2.0, 1.0 ] },
								"west": { "texture": "#null", "uv": [ 0.0, 0.0, 1.0, 1.0 ] },
								"up": { "texture": "#null", "uv": [ 0.0, 0.0, 2.0, 1.0 ] },
								"down": { "texture": "#null", "uv": [ 0.0, 0.0, 2.0, 1.0 ] }
							}
						},
						{
							"name": "Cube8",
							"from": [ 1.0, 0.0, 6.0 ],
							"to": [ 5.0, 1.0, 7.0 ],
							"rotationOrigin": [ 1.0, 0.0, 6.0 ],
							"faces": {
								"north": { "texture": "#null", "uv": [ 0.0, 0.0, 4.0, 1.0 ] },
								"east": { "texture": "#null", "uv": [ 0.0, 0.0, 1.0, 1.0 ] },
								"south": { "texture": "#null", "uv": [ 0.0, 0.0, 4.0, 1.0 ] },
								"west": { "texture": "#null", "uv": [ 0.0, 0.0, 1.0, 1.0 ] },
								"up": { "texture": "#null", "uv": [ 0.0, 0.0, 4.0, 1.0 ] },
								"down": { "texture": "#null", "uv": [ 0.0, 0.0, 4.0, 1.0 ] }
							}
						},
						{
							"name": "Cube9",
							"from": [ 6.0, 0.0, 1.0 ],
							"to": [ 7.0, 1.0, 4.0 ],
							"rotationOrigin": [ 6.0, 0.0, 1.0 ],
							"faces": {
								"north": { "texture": "#null", "uv": [ 0.0, 0.0, 1.0, 1.0 ] },
								"east": { "texture": "#null", "uv": [ 0.0, 0.0, 3.0, 1.0 ] },
								"south": { "texture": "#null", "uv": [ 0.0, 0.0, 1.0, 1.0 ] },
								"west": { "texture": "#null", "uv": [ 0.0, 0.0, 3.0, 1.0 ] },
								"up": { "texture": "#null", "uv": [ 0.0, 0.0, 1.0, 3.0 ] },
								"down": { "texture": "#null", "uv": [ 0.0, 0.0, 1.0, 3.0 ] }
							}
						},
						{
							"name": "Cube10",
							"from": [ 1.0, 1.0, 1.0 ],
							"to": [ 5.0, 2.0, 5.0 ],
							"rotationOrigin": [ 1.0, 1.0, 1.0 ],
							"faces": {
								"north": { "texture": "#null", "uv": [ 0.0, 0.0, 4.0, 1.0 ] },
								"east": { "texture": "#null", "uv": [ 0.0, 0.0, 4.0, 1.0 ] },
								"south": { "texture": "#null", "uv": [ 0.0, 0.0, 4.0, 1.0 ] },
								"west": { "texture": "#null", "uv": [ 0.0, 0.0, 4.0, 1.0 ] },
								"up": { "texture": "#null", "uv": [ 0.0, 0.0, 4.0, 4.0 ] },
								"down": { "texture": "#null", "uv": [ 0.0, 0.0, 4.0, 4.0 ] }
							},
							"children": [
								{
									"name": "Cube11",
									"from": [ 1.0, 1.0, 1.0 ],
									"to": [ 3.0, 2.0, 2.0 ],
									"rotationOrigin": [ 1.0, 1.0, 1.0 ],
									"faces": {
										"north": { "texture": "#null", "uv": [ 0.0, 0.0, 2.0, 1.0 ] },
										"east": { "texture": "#null", "uv": [ 0.0, 0.0, 1.0, 1.0 ] },
										"south": { "texture": "#null", "uv": [ 0.0, 0.0, 2.0, 1.0 ] },
										"west": { "texture": "#null", "uv": [ 0.0, 0.0, 1.0, 1.0 ] },
										"up": { "texture": "#null", "uv": [ 0.0, 0.0, 2.0, 1.0 ] },
										"down": { "texture": "#null", "uv": [ 0.0, 0.0, 2.0, 1.0 ] }
									}
								}
							]
						}
					]
				}
			]
		}
	]}