[

    {
        "op": "add",
        "path": "/attributes/moldrackable",
        "value": true,
        "file": "game:itemtypes/wearable/animal/blanket"
    },
    {
        "op": "add",
        "path": "/attributes/onmoldrackTransformByType",
        "value": {
            "*": {
                "translation": {
                    "x": 0.0,
                    "y": 0.00,
                    "z": 0.05
                },
                "rotation": {
                    "x": 0,
                    "y": -43,
                    "z": 0
                },
                "origin": {
                    "x": 0.5,
                    "y": 0.0,
                    "z": 0.5
                },
                "scale": 0.8
            }
        },
        "file": "game:itemtypes/wearable/animal/blanket"
    },
    {
        "op": "add",
        "path": "/attributes/moldrackable",
        "value": true,
        "file": "game:itemtypes/wearable/animal/hooved"
    },
    {
        "op": "add",
        "path": "/attributes/onmoldrackTransformByType",
        "value": {
            "*": {
                "translation": {
                    "x": 0.0,
                    "y": 0.0,
                    "z": 0.05
                },
                "rotation": {
                    "x": 0,
                    "y": 93,
                    "z": 0
                },
                "origin": {
                    "x": 0.5,
                    "y": 0.0,
                    "z": 0.5
                },
                "scale": 0.8
            }
        },
        "file": "game:itemtypes/wearable/animal/hooved"
    },
    {
        "op": "add",
        "path": "/attributes/moldrackable",
        "value": true,
        "file": "game:itemtypes/wearable/animal/pillion"
    },
    {
        "op": "add",
        "path": "/attributes/onmoldrackTransformByType",
        "value": {
            "*": {
                "translation": {
                    "x": 0.25,
                    "y": 0,
                    "z": -0.2
                },
                "rotation": {
                    "x": 0,
                    "y": 93,
                    "z": 0
                },
                "origin": {
                    "x": 0.5,
                    "y": 0.0,
                    "z": 0.5
                },
                "scale": 0.8
            }
        },
        "file": "game:itemtypes/wearable/animal/pillion"
    }

]