[
	{
		"dependsOn": [
			{ "modid": "geoaddons" }
		],
		"side": "Server",
		"file": "game:worldgen/deposits/metalore/hemimorphite.json",
		"op": "addeach",
		"path": "/0/attributes/inblock/allowedVariants/-",
		"value": [
			"arenite",
			"arkose",
			"marl",
			"travertine"
		]
	},
	{
		"dependsOn": [
			{ "modid": "geoaddons" }
		],
		"side": "Server",
		"file": "game:worldgen/deposits/metalore/hemimorphite.json",
		"op": "add",
		"path": "/0/attributes/placeblock/allowedVariantsByInBlock/rock-arenite",
		"value": [
			"poor",
			"medium"
		]
	},
	{
		"dependsOn": [
			{ "modid": "geoaddons" }
		],
		"side": "Server",
		"file": "game:worldgen/deposits/metalore/hemimorphite.json",
		"op": "add",
		"path": "/0/attributes/placeblock/allowedVariantsByInBlock/rock-arkose",
		"value": [
			"poor",
			"medium"
		]
	},
	{
		"dependsOn": [
			{ "modid": "geoaddons" }
		],
		"side": "Server",
		"file": "game:worldgen/deposits/metalore/hemimorphite.json",
		"op": "add",
		"path": "/0/attributes/placeblock/allowedVariantsByInBlock/rock-marl",
		"value": [
			"poor",
			"medium",
			"rich"
		]
	},
	{
		"dependsOn": [
			{ "modid": "geoaddons" }
		],
		"side": "Server",
		"file": "game:worldgen/deposits/metalore/hemimorphite.json",
		"op": "add",
		"path": "/0/attributes/placeblock/allowedVariantsByInBlock/rock-travertine",
		"value": [
			"poor",
			"medium",
			"rich"
		]
	}
]