[
	{
		"dependsOn": [
			{ "modid": "geoaddons" }
		],
		"side": "Server",
		"file": "game:worldgen/deposits/metalore/pyrite.json",
		"op": "addeach",
		"path": "/0/attributes/inblock/allowedVariants/-",
		"value": [
			"arenite",
			"arkose",
			"marl",
			"wacke",
			"komatiite",
			"monzonite",
			"syenite",
			"pyroxenite",
			"serpentinite"
		]
	},
	{
		"dependsOn": [
			{ "modid": "geoaddons" }
		],
		"side": "Server",
		"file": "game:worldgen/deposits/metalore/pyrite.json",
		"op": "add",
		"path": "/0/attributes/placeblock/allowedVariantsByInBlock/rock-arenite",
		"value": [
			"poor",
			"medium",
			"rich"
		]
	},
	{
		"dependsOn": [
			{ "modid": "geoaddons" }
		],
		"side": "Server",
		"file": "game:worldgen/deposits/metalore/pyrite.json",
		"op": "add",
		"path": "/0/attributes/placeblock/allowedVariantsByInBlock/rock-arkose",
		"value": [
			"poor",
			"medium",
			"rich"
		]
	},
	{
		"dependsOn": [
			{ "modid": "geoaddons" }
		],
		"side": "Server",
		"file": "game:worldgen/deposits/metalore/pyrite.json",
		"op": "add",
		"path": "/0/attributes/placeblock/allowedVariantsByInBlock/rock-marl",
		"value": [
			"poor",
			"medium",
			"rich",
			"bountiful"
		]
	},
	{
		"dependsOn": [
			{ "modid": "geoaddons" }
		],
		"side": "Server",
		"file": "game:worldgen/deposits/metalore/pyrite.json",
		"op": "add",
		"path": "/0/attributes/placeblock/allowedVariantsByInBlock/rock-wacke",
		"value": [
			"poor",
			"medium",
			"rich",
			"bountiful"
		]
	},
	{
		"dependsOn": [
			{ "modid": "geoaddons" }
		],
		"side": "Server",
		"file": "game:worldgen/deposits/metalore/pyrite.json",
		"op": "add",
		"path": "/0/attributes/placeblock/allowedVariantsByInBlock/rock-komatiite",
		"value": [
			"poor"
		]
	},
	{
		"dependsOn": [
			{ "modid": "geoaddons" }
		],
		"side": "Server",
		"file": "game:worldgen/deposits/metalore/pyrite.json",
		"op": "add",
		"path": "/0/attributes/placeblock/allowedVariantsByInBlock/rock-monzonite",
		"value": [
			"poor",
			"medium",
			"rich"
		]
	},
	{
		"dependsOn": [
			{ "modid": "geoaddons" }
		],
		"side": "Server",
		"file": "game:worldgen/deposits/metalore/pyrite.json",
		"op": "add",
		"path": "/0/attributes/placeblock/allowedVariantsByInBlock/rock-syenite",
		"value": [
			"poor",
			"medium",
			"rich"
		]
	},
	{
		"dependsOn": [
			{ "modid": "geoaddons" }
		],
		"side": "Server",
		"file": "game:worldgen/deposits/metalore/pyrite.json",
		"op": "add",
		"path": "/0/attributes/placeblock/allowedVariantsByInBlock/rock-pyroxenite",
		"value": [
			"poor"
		]
	},
	{
		"dependsOn": [
			{ "modid": "geoaddons" }
		],
		"side": "Server",
		"file": "game:worldgen/deposits/metalore/pyrite.json",
		"op": "add",
		"path": "/0/attributes/placeblock/allowedVariantsByInBlock/rock-serpentinite",
		"value": [
			"poor",
			"medium"
		]
	}
]