[
	{
		"dependsOn": [
			{ "modid": "geoaddons" }
		],
		"side": "Server",
		"file": "game:worldgen/deposits/metalore/wulfenite.json",
		"op": "addeach",
		"path": "/0/attributes/inblock/allowedVariants/-",
		"value": [
			"marl",
			"travertine"
		]
	},
	{
		"dependsOn": [
			{ "modid": "geoaddons" }
		],
		"side": "Server",
		"file": "game:worldgen/deposits/metalore/wulfenite.json",
		"op": "add",
		"path": "/0/attributes/placeblock/allowedVariantsByInBlock/rock-marl",
		"value": [
			"poor",
			"medium"
		]
	},
	{
		"dependsOn": [
			{ "modid": "geoaddons" }
		],
		"side": "Server",
		"file": "game:worldgen/deposits/metalore/wulfenite.json",
		"op": "add",
		"path": "/0/attributes/placeblock/allowedVariantsByInBlock/rock-travertine",
		"value": [
			"poor",
			"medium"
		]
	}
]