{
    "code": "figurineboxdecorative",
    "class": "Block",
    "behaviorsByType": {
        "figurineboxdecorative-*": [
            { "name": "HorizontalOrientable" },
            {
                "name": "Multiblock",
                "propertiesByType": {
                    "*-north": {
                        "sizex": 1,
                        "sizey": 1,
                        "sizez": 1,
                        "cposition": {
                            "x": 0,
                            "y": 0,
                            "z": 0
                        }
                    },
                    "*-east": {
                        "sizex": 1,
                        "sizey": 1,
                        "sizez": 1,
                        "cposition": {
                            "x": 0,
                            "y": 0,
                            "z": 0
                        }
                    },
                    "*-south": {
                        "sizex": 1,
                        "sizey": 1,
                        "sizez": 1,
                        "cposition": {
                            "x": 0,
                            "y": 0,
                            "z": 0
                        }
                    },
                    "*-west": {
                        "sizex": 1,
                        "sizey": 1,
                        "sizez": 1,
                        "cposition": {
                            "x": 0,
                            "y": 0,
                            "z": 0
                        }
                    }
                }
            }
        ]
    },
    "maxStackSize": 8,
    "durability": 2,


    "variantgroups": [
        {
            "code": "labelanimal",
            "loadFromProperties": "block/grade"
        },
        {
            "code": "side",
            "loadFromProperties": "abstract/horizontalorientation"
        }
    ],



    "shapeByType": {
        "*": {
            "base": "figurines:block/figurine-box-decorative",
            "rotateYByType": {
                "*-north": 180,
                "*-east": 90,
                "*-south": 0,
                "*-west": 270
            }
        }
    },

    "textures": {
        "labelanimal": { "base": "figurines:item/label/normal/{labelanimal}" },
        "wood": { "base": "figurines:item/wood/wood" }

    },

    "creativeinventoryByType": {
        "*": {
            "general": [
                "figurineboxdecorative-standard-north",
                "figurineboxdecorative-standard2-north"
            ],
            "figurines": [
                "figurineboxdecorative-standard-north",
                "figurineboxdecorative-standard2-north"

            ]
        }
    },
    "blockmaterial": "Wood",
    "lightAbsorption": 0,
    "faceCullMode": "NeverCull",

    "sidesolid": {
        "all": false
    },
    "sideopaque": {
        "all": false
    },
    "sideao": { "all": false },
    "replaceable": 5001,
    "requiresSupport": true,
    "placementFace": "down",
    "requiresSolidSupport": true,
    "resistance": 0.1,
    "collisionbox": {
        "x1": 0,
        "y1": 0,
        "z1": 0,
        "x2": 1,
        "y2": 0.0625,
        "z2": 1,
        "rotateYByType": {
            "*-east": 270,
            "*-south": 180,
            "*-west": 90,
            "*-north": 0
        }

    },

    "selectionbox": {
        "x1": 0,
        "y1": 0,
        "z1": 0,
        "x2": 1,
        "y2": 0.0625,
        "z2": 1,
        "rotateYByType": {
            "*-east": 270,
            "*-south": 180,
            "*-west": 90,
            "*-north": 0
        }
    },
    "sounds": {
        "place": "block/planks",
        "hit": "block/planks",
        "break": "block/planks",
        "walk": "walk/wood"
    },
    "rainPermeable": true,
    "materialDensity": 600,
    "heldTpIdleAnimation": "holdbothhandslarge",
    "heldRightReadyAnimation": "heldblockready",
    "heldTpUseAnimation": "twohandplaceblock",

    "guiTransformByType": {
        "*": {
            "translation": {
                "x": 0,
                "y": 8,
                "z": 0
            },
            "rotation": {
                "x": -18,
                "y": -52,
                "z": 180
            },
            "origin": {
                "x": 0.5,
                "y": 0.1,
                "z": 0.5
            },
            "scale": 2.4
        }
    },

    "tpHandTransformByType": {
        "*": {
            "translation": {
                "x": -0.9,
                "y": -0.26,
                "z": -0.14
            },
            "rotation": {
                "x": 14,
                "y": -168,
                "z": 75
            },
            "scale": 1.05
        }
    },

    "groundTransformByType": {
        "*": {
            "translation": {
                "x": 0,
                "y": 0.12,
                "z": 0
            },
            "rotation": {
                "x": 0,
                "y": 0,
                "z": 0
            },
            "origin": {
                "x": 0.5,
                "y": 0.1,
                "z": 0.55
            },
            "scale": 5.5
        }
    },

    "attributes": {
        "handbook": {
            "groupBy": [
                "figurineboxdecorative-north"

            ]
        },
        "groundstorable": true,
        "displaycaseable": true,
        "shelvable": true,
        "groundStorageTransformByType": {
            "*": {
                "translation": {
                    "x": 0,
                    "y": 0,
                    "z": 0
                },
                "rotation": {
                    "x": 90,
                    "y": 90,
                    "z": -90
                },
                "origin": {
                    "x": 0.5,
                    "y": 0.0,
                    "z": 0.5
                },
                "scale": 1.04
            }
        },
        "onDisplayTransformByType": {
            "*": {
                "translation": {
                    "x": 0,
                    "y": 0,
                    "z": 0
                },
                "rotation": {
                    "x": 90,
                    "y": 90,
                    "z": -90
                },
                "origin": {
                    "x": 0.5,
                    "y": 0.0,
                    "z": 0.5
                },
                "scale": 1.4
            }
        },
        "onshelfTransformByType": {
            "*": {
                "translation": {
                    "x": 0,
                    "y": 0,
                    "z": 0
                },
                "rotation": {
                    "x": 90,
                    "y": 90,
                    "z": -90
                },
                "origin": {
                    "x": 0.5,
                    "y": 0.0,
                    "z": 0.5
                },
                "scale": 1.04
            }
        }
    },


    "behaviors": [
        {
            "name": "GroundStorable",
            "properties": {
                "layout": "quadrants",
                "rotation": true,
                "wallOffYByType": { "*": 1 },
                "ctrlKey": true,
                "selectionBox": {
                    "x1": 0,
                    "y1": 0,
                    "z1": 0,
                    "x2": 1,
                    "y2": 0.1,
                    "z2": 1
                },
                "collisionBox": {
                    "x1": 0,
                    "y1": 0,
                    "z1": 0,
                    "x2": 0,
                    "y2": 0,
                    "z2": 0
                }
            }
        }
    ]
}


   


