{"editor": {"allAngles": false, "entityTextureMode": false}, "textureWidth": 16, "textureHeight": 16, "textureSizes": {}, "textures": {"material": "block/stone/shingles/slate1"}, "elements": [{"name": "main", "from": [0.0, 0.0, 0.0], "to": [0.0, 0.0, 0.0], "faces": {}, "children": [{"name": "lower", "from": [0.0, 0.0, 0.0], "to": [0.0, 0.0, 0.0], "faces": {}, "children": [{"name": "0", "from": [0.0, 0.0, 0.0], "to": [0.0, 0.0, 0.0], "faces": {}, "children": [{"name": "0", "from": [3.76, 7.5729, -0.02], "to": [11.76, 13.0729, 1.98], "rotationOrigin": [3.7639, 10.3229, 8.0], "rotationZ": 33.75, "faces": {"north": {"texture": "#material", "uv": [0.0, 0.0, 5.5, 8.0], "rotation": 90}, "east": {"texture": "#material", "uv": [0, 0.0, 2, 5.5]}, "south": {"texture": "#material", "uv": [0.0, 0.0, 5.5, 8.0], "rotation": 90}, "west": {"texture": "#material", "uv": [0, 0.0, 2, 5.5]}, "up": {"texture": "#material", "uv": [0, 0.0, 2, 8.0], "rotation": 90}, "down": {"texture": "#material", "uv": [0, 0.0, 2, 8.0], "rotation": 90}}, "children": [{"name": "snow", "from": [0.0, 5.500000000000001, 0.025], "to": [8.0, 6.500000000000001, 2.0], "rotationOrigin": [3.7639, 10.3229, 8.0], "faces": {"north": {"uv": [0.0, 5.500000000000001, 8.0, 6.500000000000001], "texture": "#snowcover"}, "east": {"uv": [0.005000000000000001, 5.500000000000001, 1.98, 6.500000000000001], "texture": "#snowcover"}, "south": {"uv": [0.0, 5.500000000000001, 8.0, 6.500000000000001], "texture": "#snowcover"}, "west": {"uv": [0.005000000000000001, 5.500000000000001, 1.98, 6.500000000000001], "texture": "#snowcover"}, "up": {"texture": "#snowcover", "uv": [0, 0.0, 2, 8.0], "rotation": 90}, "down": {"texture": "#snowcover", "uv": [0, 0.0, 2, 8.0], "rotation": 90}}}]}, {"name": "1", "from": [3.76, 7.5729, 1.98], "to": [11.76, 13.0729, 3.98], "rotationOrigin": [3.7639, 10.3229, 8.0], "rotationZ": 33.75, "faces": {"north": {"texture": "#material", "uv": [0.0, 0.0, 5.5, 8.0], "rotation": 90}, "east": {"texture": "#material", "uv": [2, 0.0, 4, 5.5]}, "south": {"texture": "#material", "uv": [0.0, 0.0, 5.5, 8.0], "rotation": 90}, "west": {"texture": "#material", "uv": [2, 0.0, 4, 5.5]}, "up": {"texture": "#material", "uv": [2, 0.0, 4, 8.0], "rotation": 90}, "down": {"texture": "#material", "uv": [2, 0.0, 4, 8.0], "rotation": 90}}, "children": [{"name": "snow", "from": [0.0, 5.500000000000001, 0.0], "to": [8.0, 6.500000000000001, 2.0], "rotationOrigin": [3.7639, 10.3229, 8.0], "faces": {"north": {"uv": [0.0, 5.500000000000001, 8.0, 6.500000000000001], "texture": "#snowcover"}, "east": {"uv": [1.98, 5.500000000000001, 3.98, 6.500000000000001], "texture": "#snowcover"}, "south": {"uv": [0.0, 5.500000000000001, 8.0, 6.500000000000001], "texture": "#snowcover"}, "west": {"uv": [1.98, 5.500000000000001, 3.98, 6.500000000000001], "texture": "#snowcover"}, "up": {"texture": "#snowcover", "uv": [2, 0.0, 4, 8.0], "rotation": 90}, "down": {"texture": "#snowcover", "uv": [2, 0.0, 4, 8.0], "rotation": 90}}}]}, {"name": "2", "from": [3.76, 7.5729, 3.98], "to": [11.76, 13.0729, 5.98], "rotationOrigin": [3.7639, 10.3229, 8.0], "rotationZ": 33.75, "faces": {"north": {"texture": "#material", "uv": [0.0, 0.0, 5.5, 8.0], "rotation": 90}, "east": {"texture": "#material", "uv": [4, 0.0, 6, 5.5]}, "south": {"texture": "#material", "uv": [0.0, 0.0, 5.5, 8.0], "rotation": 90}, "west": {"texture": "#material", "uv": [4, 0.0, 6, 5.5]}, "up": {"texture": "#material", "uv": [4, 0.0, 6, 8.0], "rotation": 90}, "down": {"texture": "#material", "uv": [4, 0.0, 6, 8.0], "rotation": 90}}, "children": [{"name": "snow", "from": [0.0, 5.500000000000001, 0.0], "to": [8.0, 6.500000000000001, 2.0000000000000004], "rotationOrigin": [3.7639, 10.3229, 8.0], "faces": {"north": {"uv": [0.0, 5.500000000000001, 8.0, 6.500000000000001], "texture": "#snowcover"}, "east": {"uv": [3.98, 5.500000000000001, 5.98, 6.500000000000001], "texture": "#snowcover"}, "south": {"uv": [0.0, 5.500000000000001, 8.0, 6.500000000000001], "texture": "#snowcover"}, "west": {"uv": [3.98, 5.500000000000001, 5.98, 6.500000000000001], "texture": "#snowcover"}, "up": {"texture": "#snowcover", "uv": [4, 0.0, 6, 8.0], "rotation": 90}, "down": {"texture": "#snowcover", "uv": [4, 0.0, 6, 8.0], "rotation": 90}}}]}, {"name": "3", "from": [3.76, 7.5729, 5.98], "to": [11.76, 13.0729, 7.98], "rotationOrigin": [3.7639, 10.3229, 8.0], "rotationZ": 33.75, "faces": {"north": {"texture": "#material", "uv": [0.0, 0.0, 5.5, 8.0], "rotation": 90}, "east": {"texture": "#material", "uv": [6, 0.0, 8, 5.5]}, "south": {"texture": "#material", "uv": [0.0, 0.0, 5.5, 8.0], "rotation": 90}, "west": {"texture": "#material", "uv": [6, 0.0, 8, 5.5]}, "up": {"texture": "#material", "uv": [6, 0.0, 8, 8.0], "rotation": 90}, "down": {"texture": "#material", "uv": [6, 0.0, 8, 8.0], "rotation": 90}}, "children": [{"name": "snow", "from": [0.0, 5.500000000000001, 0.0], "to": [8.0, 6.500000000000001, 2.0], "rotationOrigin": [3.7639, 10.3229, 8.0], "faces": {"north": {"uv": [0.0, 5.500000000000001, 8.0, 6.500000000000001], "texture": "#snowcover"}, "east": {"uv": [5.98, 5.500000000000001, 7.98, 6.500000000000001], "texture": "#snowcover"}, "south": {"uv": [0.0, 5.500000000000001, 8.0, 6.500000000000001], "texture": "#snowcover"}, "west": {"uv": [5.98, 5.500000000000001, 7.98, 6.500000000000001], "texture": "#snowcover"}, "up": {"texture": "#snowcover", "uv": [6, 0.0, 8, 8.0], "rotation": 90}, "down": {"texture": "#snowcover", "uv": [6, 0.0, 8, 8.0], "rotation": 90}}}]}, {"name": "4", "from": [3.76, 7.5729, 7.98], "to": [11.76, 13.0729, 9.98], "rotationOrigin": [3.7639, 10.3229, 8.0], "rotationZ": 33.75, "faces": {"north": {"texture": "#material", "uv": [0.0, 0.0, 5.5, 8.0], "rotation": 90}, "east": {"texture": "#material", "uv": [8, 0.0, 10, 5.5]}, "south": {"texture": "#material", "uv": [0.0, 0.0, 5.5, 8.0], "rotation": 90}, "west": {"texture": "#material", "uv": [8, 0.0, 10, 5.5]}, "up": {"texture": "#material", "uv": [8, 0.0, 10, 8.0], "rotation": 90}, "down": {"texture": "#material", "uv": [8, 0.0, 10, 8.0], "rotation": 90}}, "children": [{"name": "snow", "from": [0.0, 5.500000000000001, 0.0], "to": [8.0, 6.500000000000001, 2.0], "rotationOrigin": [3.7639, 10.3229, 8.0], "faces": {"north": {"uv": [0.0, 5.500000000000001, 8.0, 6.500000000000001], "texture": "#snowcover"}, "east": {"uv": [7.98, 5.500000000000001, 9.98, 6.500000000000001], "texture": "#snowcover"}, "south": {"uv": [0.0, 5.500000000000001, 8.0, 6.500000000000001], "texture": "#snowcover"}, "west": {"uv": [7.98, 5.500000000000001, 9.98, 6.500000000000001], "texture": "#snowcover"}, "up": {"texture": "#snowcover", "uv": [8, 0.0, 10, 8.0], "rotation": 90}, "down": {"texture": "#snowcover", "uv": [8, 0.0, 10, 8.0], "rotation": 90}}}]}, {"name": "5", "from": [3.76, 7.5729, 9.98], "to": [11.76, 13.0729, 11.98], "rotationOrigin": [3.7639, 10.3229, 8.0], "rotationZ": 33.75, "faces": {"north": {"texture": "#material", "uv": [0.0, 0.0, 5.5, 8.0], "rotation": 90}, "east": {"texture": "#material", "uv": [10, 0.0, 12, 5.5]}, "south": {"texture": "#material", "uv": [0.0, 0.0, 5.5, 8.0], "rotation": 90}, "west": {"texture": "#material", "uv": [10, 0.0, 12, 5.5]}, "up": {"texture": "#material", "uv": [10, 0.0, 12, 8.0], "rotation": 90}, "down": {"texture": "#material", "uv": [10, 0.0, 12, 8.0], "rotation": 90}}, "children": [{"name": "snow", "from": [0.0, 5.500000000000001, 0.0], "to": [8.0, 6.500000000000001, 2.0], "rotationOrigin": [3.7639, 10.3229, 8.0], "faces": {"north": {"uv": [0.0, 5.500000000000001, 8.0, 6.500000000000001], "texture": "#snowcover"}, "east": {"uv": [9.98, 5.500000000000001, 11.98, 6.500000000000001], "texture": "#snowcover"}, "south": {"uv": [0.0, 5.500000000000001, 8.0, 6.500000000000001], "texture": "#snowcover"}, "west": {"uv": [9.98, 5.500000000000001, 11.98, 6.500000000000001], "texture": "#snowcover"}, "up": {"texture": "#snowcover", "uv": [10, 0.0, 12, 8.0], "rotation": 90}, "down": {"texture": "#snowcover", "uv": [10, 0.0, 12, 8.0], "rotation": 90}}}]}, {"name": "6", "from": [3.76, 7.5729, 11.98], "to": [11.76, 13.0729, 13.98], "rotationOrigin": [3.7639, 10.3229, 8.0], "rotationZ": 33.75, "faces": {"north": {"texture": "#material", "uv": [0.0, 0.0, 5.5, 8.0], "rotation": 90}, "east": {"texture": "#material", "uv": [12, 0.0, 14, 5.5]}, "south": {"texture": "#material", "uv": [0.0, 0.0, 5.5, 8.0], "rotation": 90}, "west": {"texture": "#material", "uv": [12, 0.0, 14, 5.5]}, "up": {"texture": "#material", "uv": [12, 0.0, 14, 8.0], "rotation": 90}, "down": {"texture": "#material", "uv": [12, 0.0, 14, 8.0], "rotation": 90}}, "children": [{"name": "snow", "from": [0.0, 5.500000000000001, 0.0], "to": [8.0, 6.500000000000001, 2.0], "rotationOrigin": [3.7639, 10.3229, 8.0], "faces": {"north": {"uv": [0.0, 5.500000000000001, 8.0, 6.500000000000001], "texture": "#snowcover"}, "east": {"uv": [11.98, 5.500000000000001, 13.98, 6.500000000000001], "texture": "#snowcover"}, "south": {"uv": [0.0, 5.500000000000001, 8.0, 6.500000000000001], "texture": "#snowcover"}, "west": {"uv": [11.98, 5.500000000000001, 13.98, 6.500000000000001], "texture": "#snowcover"}, "up": {"texture": "#snowcover", "uv": [12, 0.0, 14, 8.0], "rotation": 90}, "down": {"texture": "#snowcover", "uv": [12, 0.0, 14, 8.0], "rotation": 90}}}]}, {"name": "7", "from": [3.76, 7.5729, 13.98], "to": [11.76, 13.0729, 16.01], "rotationOrigin": [3.7639, 10.3229, 8.0], "rotationZ": 33.75, "faces": {"north": {"texture": "#material", "uv": [0.0, 0.0, 5.5, 8.0], "rotation": 90}, "east": {"texture": "#material", "uv": [14, 0.0, 16, 5.5]}, "south": {"texture": "#material", "uv": [0.0, 0.0, 5.5, 8.0], "rotation": 90}, "west": {"texture": "#material", "uv": [14, 0.0, 16, 5.5]}, "up": {"texture": "#material", "uv": [14, 0.0, 16, 8.0], "rotation": 90}, "down": {"texture": "#material", "uv": [14, 0.0, 16, 8.0], "rotation": 90}}, "children": [{"name": "snow", "from": [0.0, 5.500000000000001, 0.0], "to": [8.0, 6.500000000000001, 2.030000000000001], "rotationOrigin": [3.7639, 10.3229, 8.0], "faces": {"north": {"uv": [0.0, 5.500000000000001, 8.0, 6.500000000000001], "texture": "#snowcover"}, "east": {"uv": [13.98, 5.500000000000001, 16, 6.500000000000001], "texture": "#snowcover"}, "south": {"uv": [0.0, 5.500000000000001, 8.0, 6.500000000000001], "texture": "#snowcover"}, "west": {"uv": [13.98, 5.500000000000001, 16, 6.500000000000001], "texture": "#snowcover"}, "up": {"texture": "#snowcover", "uv": [14, 0.0, 16, 8.0], "rotation": 90}, "down": {"texture": "#snowcover", "uv": [14, 0.0, 16, 8.0], "rotation": 90}}}]}]}, {"name": "1", "from": [0.0, 0.0, 0.0], "to": [0.0, 0.0, 0.0], "faces": {}, "children": [{"name": "0", "from": [-4.2361, 7.5729, -0.02], "to": [3.7639, 13.0729, 1.98], "rotationOrigin": [3.7639, 10.3229, 8.0], "rotationZ": 33.75, "faces": {"north": {"texture": "#material", "uv": [0.0, 8.0, 5.5, 16.0], "rotation": 90}, "east": {"texture": "#material", "uv": [0, 0.0, 2, 5.5]}, "south": {"texture": "#material", "uv": [0.0, 8.0, 5.5, 16.0], "rotation": 90}, "west": {"texture": "#material", "uv": [0, 0.0, 2, 5.5]}, "up": {"texture": "#material", "uv": [0, 8.0, 2, 16.0], "rotation": 90}, "down": {"texture": "#material", "uv": [0, 8.0, 2, 16.0], "rotation": 90}}, "children": [{"name": "snow", "from": [0.0, 5.500000000000001, 0.02], "to": [8.0, 6.500000000000001, 2.0], "rotationOrigin": [3.7639, 10.3229, 8.0], "faces": {"north": {"uv": [0.0, 5.500000000000001, 8.0, 6.500000000000001], "texture": "#snowcover"}, "east": {"uv": [0.0, 5.500000000000001, 1.98, 6.500000000000001], "texture": "#snowcover"}, "south": {"uv": [0.0, 5.500000000000001, 8.0, 6.500000000000001], "texture": "#snowcover"}, "west": {"uv": [0.0, 5.500000000000001, 1.98, 6.500000000000001], "texture": "#snowcover"}, "up": {"texture": "#snowcover", "uv": [0, 8.0, 2, 16.0], "rotation": 90}, "down": {"texture": "#snowcover", "uv": [0, 8.0, 2, 16.0], "rotation": 90}}}]}, {"name": "1", "from": [-4.2361, 7.5729, 1.98], "to": [3.7639, 13.0729, 3.98], "rotationOrigin": [3.7639, 10.3229, 8.0], "rotationZ": 33.75, "faces": {"north": {"texture": "#material", "uv": [0.0, 8.0, 5.5, 16.0], "rotation": 90}, "east": {"texture": "#material", "uv": [2, 0.0, 4, 5.5]}, "south": {"texture": "#material", "uv": [0.0, 8.0, 5.5, 16.0], "rotation": 90}, "west": {"texture": "#material", "uv": [2, 0.0, 4, 5.5]}, "up": {"texture": "#material", "uv": [2, 8.0, 4, 16.0], "rotation": 90}, "down": {"texture": "#material", "uv": [2, 8.0, 4, 16.0], "rotation": 90}}, "children": [{"name": "snow", "from": [0.0, 5.500000000000001, 0.0], "to": [8.0, 6.500000000000001, 2.0], "rotationOrigin": [3.7639, 10.3229, 8.0], "faces": {"north": {"uv": [0.0, 5.500000000000001, 8.0, 6.500000000000001], "texture": "#snowcover"}, "east": {"uv": [1.98, 5.500000000000001, 3.98, 6.500000000000001], "texture": "#snowcover"}, "south": {"uv": [0.0, 5.500000000000001, 8.0, 6.500000000000001], "texture": "#snowcover"}, "west": {"uv": [1.98, 5.500000000000001, 3.98, 6.500000000000001], "texture": "#snowcover"}, "up": {"texture": "#snowcover", "uv": [2, 8.0, 4, 16.0], "rotation": 90}, "down": {"texture": "#snowcover", "uv": [2, 8.0, 4, 16.0], "rotation": 90}}}]}, {"name": "2", "from": [-4.2361, 7.5729, 3.98], "to": [3.7639, 13.0729, 5.98], "rotationOrigin": [3.7639, 10.3229, 8.0], "rotationZ": 33.75, "faces": {"north": {"texture": "#material", "uv": [0.0, 8.0, 5.5, 16.0], "rotation": 90}, "east": {"texture": "#material", "uv": [4, 0.0, 6, 5.5]}, "south": {"texture": "#material", "uv": [0.0, 8.0, 5.5, 16.0], "rotation": 90}, "west": {"texture": "#material", "uv": [4, 0.0, 6, 5.5]}, "up": {"texture": "#material", "uv": [4, 8.0, 6, 16.0], "rotation": 90}, "down": {"texture": "#material", "uv": [4, 8.0, 6, 16.0], "rotation": 90}}, "children": [{"name": "snow", "from": [0.0, 5.500000000000001, 0.0], "to": [8.0, 6.500000000000001, 2.0000000000000004], "rotationOrigin": [3.7639, 10.3229, 8.0], "faces": {"north": {"uv": [0.0, 5.500000000000001, 8.0, 6.500000000000001], "texture": "#snowcover"}, "east": {"uv": [3.98, 5.500000000000001, 5.98, 6.500000000000001], "texture": "#snowcover"}, "south": {"uv": [0.0, 5.500000000000001, 8.0, 6.500000000000001], "texture": "#snowcover"}, "west": {"uv": [3.98, 5.500000000000001, 5.98, 6.500000000000001], "texture": "#snowcover"}, "up": {"texture": "#snowcover", "uv": [4, 8.0, 6, 16.0], "rotation": 90}, "down": {"texture": "#snowcover", "uv": [4, 8.0, 6, 16.0], "rotation": 90}}}]}, {"name": "3", "from": [-4.2361, 7.5729, 5.98], "to": [3.7639, 13.0729, 7.98], "rotationOrigin": [3.7639, 10.3229, 8.0], "rotationZ": 33.75, "faces": {"north": {"texture": "#material", "uv": [0.0, 8.0, 5.5, 16.0], "rotation": 90}, "east": {"texture": "#material", "uv": [6, 0.0, 8, 5.5]}, "south": {"texture": "#material", "uv": [0.0, 8.0, 5.5, 16.0], "rotation": 90}, "west": {"texture": "#material", "uv": [6, 0.0, 8, 5.5]}, "up": {"texture": "#material", "uv": [6, 8.0, 8, 16.0], "rotation": 90}, "down": {"texture": "#material", "uv": [6, 8.0, 8, 16.0], "rotation": 90}}, "children": [{"name": "snow", "from": [0.0, 5.500000000000001, 0.0], "to": [8.0, 6.500000000000001, 2.0], "rotationOrigin": [3.7639, 10.3229, 8.0], "faces": {"north": {"uv": [0.0, 5.500000000000001, 8.0, 6.500000000000001], "texture": "#snowcover"}, "east": {"uv": [5.98, 5.500000000000001, 7.98, 6.500000000000001], "texture": "#snowcover"}, "south": {"uv": [0.0, 5.500000000000001, 8.0, 6.500000000000001], "texture": "#snowcover"}, "west": {"uv": [5.98, 5.500000000000001, 7.98, 6.500000000000001], "texture": "#snowcover"}, "up": {"texture": "#snowcover", "uv": [6, 8.0, 8, 16.0], "rotation": 90}, "down": {"texture": "#snowcover", "uv": [6, 8.0, 8, 16.0], "rotation": 90}}}]}, {"name": "4", "from": [-4.2361, 7.5729, 7.98], "to": [3.7639, 13.0729, 9.98], "rotationOrigin": [3.7639, 10.3229, 8.0], "rotationZ": 33.75, "faces": {"north": {"texture": "#material", "uv": [0.0, 8.0, 5.5, 16.0], "rotation": 90}, "east": {"texture": "#material", "uv": [8, 0.0, 10, 5.5]}, "south": {"texture": "#material", "uv": [0.0, 8.0, 5.5, 16.0], "rotation": 90}, "west": {"texture": "#material", "uv": [8, 0.0, 10, 5.5]}, "up": {"texture": "#material", "uv": [8, 8.0, 10, 16.0], "rotation": 90}, "down": {"texture": "#material", "uv": [8, 8.0, 10, 16.0], "rotation": 90}}, "children": [{"name": "snow", "from": [0.0, 5.500000000000001, 0.0], "to": [8.0, 6.500000000000001, 2.0], "rotationOrigin": [3.7639, 10.3229, 8.0], "faces": {"north": {"uv": [0.0, 5.500000000000001, 8.0, 6.500000000000001], "texture": "#snowcover"}, "east": {"uv": [7.98, 5.500000000000001, 9.98, 6.500000000000001], "texture": "#snowcover"}, "south": {"uv": [0.0, 5.500000000000001, 8.0, 6.500000000000001], "texture": "#snowcover"}, "west": {"uv": [7.98, 5.500000000000001, 9.98, 6.500000000000001], "texture": "#snowcover"}, "up": {"texture": "#snowcover", "uv": [8, 8.0, 10, 16.0], "rotation": 90}, "down": {"texture": "#snowcover", "uv": [8, 8.0, 10, 16.0], "rotation": 90}}}]}, {"name": "5", "from": [-4.2361, 7.5729, 9.98], "to": [3.7639, 13.0729, 11.98], "rotationOrigin": [3.7639, 10.3229, 8.0], "rotationZ": 33.75, "faces": {"north": {"texture": "#material", "uv": [0.0, 8.0, 5.5, 16.0], "rotation": 90}, "east": {"texture": "#material", "uv": [10, 0.0, 12, 5.5]}, "south": {"texture": "#material", "uv": [0.0, 8.0, 5.5, 16.0], "rotation": 90}, "west": {"texture": "#material", "uv": [10, 0.0, 12, 5.5]}, "up": {"texture": "#material", "uv": [10, 8.0, 12, 16.0], "rotation": 90}, "down": {"texture": "#material", "uv": [10, 8.0, 12, 16.0], "rotation": 90}}, "children": [{"name": "snow", "from": [0.0, 5.500000000000001, 0.0], "to": [8.0, 6.500000000000001, 2.0], "rotationOrigin": [3.7639, 10.3229, 8.0], "faces": {"north": {"uv": [0.0, 5.500000000000001, 8.0, 6.500000000000001], "texture": "#snowcover"}, "east": {"uv": [9.98, 5.500000000000001, 11.98, 6.500000000000001], "texture": "#snowcover"}, "south": {"uv": [0.0, 5.500000000000001, 8.0, 6.500000000000001], "texture": "#snowcover"}, "west": {"uv": [9.98, 5.500000000000001, 11.98, 6.500000000000001], "texture": "#snowcover"}, "up": {"texture": "#snowcover", "uv": [10, 8.0, 12, 16.0], "rotation": 90}, "down": {"texture": "#snowcover", "uv": [10, 8.0, 12, 16.0], "rotation": 90}}}]}, {"name": "6", "from": [-4.2361, 7.5729, 11.98], "to": [3.7639, 13.0729, 13.98], "rotationOrigin": [3.7639, 10.3229, 8.0], "rotationZ": 33.75, "faces": {"north": {"texture": "#material", "uv": [0.0, 8.0, 5.5, 16.0], "rotation": 90}, "east": {"texture": "#material", "uv": [12, 0.0, 14, 5.5]}, "south": {"texture": "#material", "uv": [0.0, 8.0, 5.5, 16.0], "rotation": 90}, "west": {"texture": "#material", "uv": [12, 0.0, 14, 5.5]}, "up": {"texture": "#material", "uv": [12, 8.0, 14, 16.0], "rotation": 90}, "down": {"texture": "#material", "uv": [12, 8.0, 14, 16.0], "rotation": 90}}, "children": [{"name": "snow", "from": [0.0, 5.500000000000001, 0.0], "to": [8.0, 6.500000000000001, 2.0], "rotationOrigin": [3.7639, 10.3229, 8.0], "faces": {"north": {"uv": [0.0, 5.500000000000001, 8.0, 6.500000000000001], "texture": "#snowcover"}, "east": {"uv": [11.98, 5.500000000000001, 13.98, 6.500000000000001], "texture": "#snowcover"}, "south": {"uv": [0.0, 5.500000000000001, 8.0, 6.500000000000001], "texture": "#snowcover"}, "west": {"uv": [11.98, 5.500000000000001, 13.98, 6.500000000000001], "texture": "#snowcover"}, "up": {"texture": "#snowcover", "uv": [12, 8.0, 14, 16.0], "rotation": 90}, "down": {"texture": "#snowcover", "uv": [12, 8.0, 14, 16.0], "rotation": 90}}}]}, {"name": "7", "from": [-4.2361, 7.5729, 13.98], "to": [3.7639, 13.0729, 16.01], "rotationOrigin": [3.7639, 10.3229, 8.0], "rotationZ": 33.75, "faces": {"north": {"texture": "#material", "uv": [0.0, 8.0, 5.5, 16.0], "rotation": 90}, "east": {"texture": "#material", "uv": [14, 0.0, 16, 5.5]}, "south": {"texture": "#material", "uv": [0.0, 8.0, 5.5, 16.0], "rotation": 90}, "west": {"texture": "#material", "uv": [14, 0.0, 16, 5.5]}, "up": {"texture": "#material", "uv": [14, 8.0, 16, 16.0], "rotation": 90}, "down": {"texture": "#material", "uv": [14, 8.0, 16, 16.0], "rotation": 90}}, "children": [{"name": "snow", "from": [0.0, 5.500000000000001, 0.0], "to": [8.0, 6.500000000000001, 2.030000000000001], "rotationOrigin": [3.7639, 10.3229, 8.0], "faces": {"north": {"uv": [0.0, 5.500000000000001, 8.0, 6.500000000000001], "texture": "#snowcover"}, "east": {"uv": [13.98, 5.500000000000001, 16, 6.500000000000001], "texture": "#snowcover"}, "south": {"uv": [0.0, 5.500000000000001, 8.0, 6.500000000000001], "texture": "#snowcover"}, "west": {"uv": [13.98, 5.500000000000001, 16, 6.500000000000001], "texture": "#snowcover"}, "up": {"texture": "#snowcover", "uv": [14, 8.0, 16, 16.0], "rotation": 90}, "down": {"texture": "#snowcover", "uv": [14, 8.0, 16, 16.0], "rotation": 90}}}]}]}, {"name": "2", "from": [0.0, 0.0, 0.0], "to": [0.0, 0.0, 0.0], "faces": {}, "children": [{"name": "0", "from": [-0.24, -0.1771, -0.04], "to": [7.76, 4.8229, 1.96], "rotationOrigin": [-0.2361, 2.3229, 8.0], "rotationZ": 33.75, "faces": {"north": {"texture": "#material", "uv": [0.0, 0.0, 5.0, 8.0], "rotation": 90}, "east": {"texture": "#material", "uv": [0, 0.0, 2, 5.0]}, "south": {"texture": "#material", "uv": [0.0, 0.0, 5.0, 8.0], "rotation": 90}, "west": {"texture": "#material", "uv": [0, 0.0, 2, 5.0]}, "up": {"texture": "#material", "uv": [0, 0.0, 2, 8.0], "rotation": 90}, "down": {"texture": "#material", "uv": [0, 0.0, 2, 8.0], "rotation": 90}}, "children": [{"name": "snow", "from": [0.0, 5.0, 0.045], "to": [8.0, 6.0, 2.0], "rotationOrigin": [-0.2361, 2.3229, 8.0], "faces": {"north": {"uv": [0.0, 5.0, 8.0, 6.0], "texture": "#snowcover"}, "east": {"uv": [0.0049999999999999975, 5.0, 1.96, 6.0], "texture": "#snowcover"}, "south": {"uv": [0.0, 5.0, 8.0, 6.0], "texture": "#snowcover"}, "west": {"uv": [0.0049999999999999975, 5.0, 1.96, 6.0], "texture": "#snowcover"}, "up": {"texture": "#snowcover", "uv": [0, 0.0, 2, 8.0], "rotation": 90}, "down": {"texture": "#snowcover", "uv": [0, 0.0, 2, 8.0], "rotation": 90}}}]}, {"name": "1", "from": [-0.24, -0.1771, 1.96], "to": [7.76, 4.8229, 3.96], "rotationOrigin": [-0.2361, 2.3229, 8.0], "rotationZ": 33.75, "faces": {"north": {"texture": "#material", "uv": [0.0, 0.0, 5.0, 8.0], "rotation": 90}, "east": {"texture": "#material", "uv": [2, 0.0, 4, 5.0]}, "south": {"texture": "#material", "uv": [0.0, 0.0, 5.0, 8.0], "rotation": 90}, "west": {"texture": "#material", "uv": [2, 0.0, 4, 5.0]}, "up": {"texture": "#material", "uv": [2, 0.0, 4, 8.0], "rotation": 90}, "down": {"texture": "#material", "uv": [2, 0.0, 4, 8.0], "rotation": 90}}, "children": [{"name": "snow", "from": [0.0, 5.0, 0.0], "to": [8.0, 6.0, 2.0], "rotationOrigin": [-0.2361, 2.3229, 8.0], "faces": {"north": {"uv": [0.0, 5.0, 8.0, 6.0], "texture": "#snowcover"}, "east": {"uv": [1.96, 5.0, 3.96, 6.0], "texture": "#snowcover"}, "south": {"uv": [0.0, 5.0, 8.0, 6.0], "texture": "#snowcover"}, "west": {"uv": [1.96, 5.0, 3.96, 6.0], "texture": "#snowcover"}, "up": {"texture": "#snowcover", "uv": [2, 0.0, 4, 8.0], "rotation": 90}, "down": {"texture": "#snowcover", "uv": [2, 0.0, 4, 8.0], "rotation": 90}}}]}, {"name": "2", "from": [-0.24, -0.1771, 3.96], "to": [7.76, 4.8229, 5.96], "rotationOrigin": [-0.2361, 2.3229, 8.0], "rotationZ": 33.75, "faces": {"north": {"texture": "#material", "uv": [0.0, 0.0, 5.0, 8.0], "rotation": 90}, "east": {"texture": "#material", "uv": [4, 0.0, 6, 5.0]}, "south": {"texture": "#material", "uv": [0.0, 0.0, 5.0, 8.0], "rotation": 90}, "west": {"texture": "#material", "uv": [4, 0.0, 6, 5.0]}, "up": {"texture": "#material", "uv": [4, 0.0, 6, 8.0], "rotation": 90}, "down": {"texture": "#material", "uv": [4, 0.0, 6, 8.0], "rotation": 90}}, "children": [{"name": "snow", "from": [0.0, 5.0, 0.0], "to": [8.0, 6.0, 2.0], "rotationOrigin": [-0.2361, 2.3229, 8.0], "faces": {"north": {"uv": [0.0, 5.0, 8.0, 6.0], "texture": "#snowcover"}, "east": {"uv": [3.96, 5.0, 5.96, 6.0], "texture": "#snowcover"}, "south": {"uv": [0.0, 5.0, 8.0, 6.0], "texture": "#snowcover"}, "west": {"uv": [3.96, 5.0, 5.96, 6.0], "texture": "#snowcover"}, "up": {"texture": "#snowcover", "uv": [4, 0.0, 6, 8.0], "rotation": 90}, "down": {"texture": "#snowcover", "uv": [4, 0.0, 6, 8.0], "rotation": 90}}}]}, {"name": "3", "from": [-0.24, -0.1771, 5.96], "to": [7.76, 4.8229, 7.96], "rotationOrigin": [-0.2361, 2.3229, 8.0], "rotationZ": 33.75, "faces": {"north": {"texture": "#material", "uv": [0.0, 0.0, 5.0, 8.0], "rotation": 90}, "east": {"texture": "#material", "uv": [6, 0.0, 8, 5.0]}, "south": {"texture": "#material", "uv": [0.0, 0.0, 5.0, 8.0], "rotation": 90}, "west": {"texture": "#material", "uv": [6, 0.0, 8, 5.0]}, "up": {"texture": "#material", "uv": [6, 0.0, 8, 8.0], "rotation": 90}, "down": {"texture": "#material", "uv": [6, 0.0, 8, 8.0], "rotation": 90}}, "children": [{"name": "snow", "from": [0.0, 5.0, 0.0], "to": [8.0, 6.0, 2.0], "rotationOrigin": [-0.2361, 2.3229, 8.0], "faces": {"north": {"uv": [0.0, 5.0, 8.0, 6.0], "texture": "#snowcover"}, "east": {"uv": [5.96, 5.0, 7.96, 6.0], "texture": "#snowcover"}, "south": {"uv": [0.0, 5.0, 8.0, 6.0], "texture": "#snowcover"}, "west": {"uv": [5.96, 5.0, 7.96, 6.0], "texture": "#snowcover"}, "up": {"texture": "#snowcover", "uv": [6, 0.0, 8, 8.0], "rotation": 90}, "down": {"texture": "#snowcover", "uv": [6, 0.0, 8, 8.0], "rotation": 90}}}]}, {"name": "4", "from": [-0.24, -0.1771, 7.96], "to": [7.76, 4.8229, 9.96], "rotationOrigin": [-0.2361, 2.3229, 8.0], "rotationZ": 33.75, "faces": {"north": {"texture": "#material", "uv": [0.0, 0.0, 5.0, 8.0], "rotation": 90}, "east": {"texture": "#material", "uv": [8, 0.0, 10, 5.0]}, "south": {"texture": "#material", "uv": [0.0, 0.0, 5.0, 8.0], "rotation": 90}, "west": {"texture": "#material", "uv": [8, 0.0, 10, 5.0]}, "up": {"texture": "#material", "uv": [8, 0.0, 10, 8.0], "rotation": 90}, "down": {"texture": "#material", "uv": [8, 0.0, 10, 8.0], "rotation": 90}}, "children": [{"name": "snow", "from": [0.0, 5.0, 0.0], "to": [8.0, 6.0, 2.000000000000001], "rotationOrigin": [-0.2361, 2.3229, 8.0], "faces": {"north": {"uv": [0.0, 5.0, 8.0, 6.0], "texture": "#snowcover"}, "east": {"uv": [7.96, 5.0, 9.96, 6.0], "texture": "#snowcover"}, "south": {"uv": [0.0, 5.0, 8.0, 6.0], "texture": "#snowcover"}, "west": {"uv": [7.96, 5.0, 9.96, 6.0], "texture": "#snowcover"}, "up": {"texture": "#snowcover", "uv": [8, 0.0, 10, 8.0], "rotation": 90}, "down": {"texture": "#snowcover", "uv": [8, 0.0, 10, 8.0], "rotation": 90}}}]}, {"name": "5", "from": [-0.24, -0.1771, 9.96], "to": [7.76, 4.8229, 11.96], "rotationOrigin": [-0.2361, 2.3229, 8.0], "rotationZ": 33.75, "faces": {"north": {"texture": "#material", "uv": [0.0, 0.0, 5.0, 8.0], "rotation": 90}, "east": {"texture": "#material", "uv": [10, 0.0, 12, 5.0]}, "south": {"texture": "#material", "uv": [0.0, 0.0, 5.0, 8.0], "rotation": 90}, "west": {"texture": "#material", "uv": [10, 0.0, 12, 5.0]}, "up": {"texture": "#material", "uv": [10, 0.0, 12, 8.0], "rotation": 90}, "down": {"texture": "#material", "uv": [10, 0.0, 12, 8.0], "rotation": 90}}, "children": [{"name": "snow", "from": [0.0, 5.0, 0.0], "to": [8.0, 6.0, 2.0], "rotationOrigin": [-0.2361, 2.3229, 8.0], "faces": {"north": {"uv": [0.0, 5.0, 8.0, 6.0], "texture": "#snowcover"}, "east": {"uv": [9.96, 5.0, 11.96, 6.0], "texture": "#snowcover"}, "south": {"uv": [0.0, 5.0, 8.0, 6.0], "texture": "#snowcover"}, "west": {"uv": [9.96, 5.0, 11.96, 6.0], "texture": "#snowcover"}, "up": {"texture": "#snowcover", "uv": [10, 0.0, 12, 8.0], "rotation": 90}, "down": {"texture": "#snowcover", "uv": [10, 0.0, 12, 8.0], "rotation": 90}}}]}, {"name": "6", "from": [-0.24, -0.1771, 11.96], "to": [7.76, 4.8229, 13.96], "rotationOrigin": [-0.2361, 2.3229, 8.0], "rotationZ": 33.75, "faces": {"north": {"texture": "#material", "uv": [0.0, 0.0, 5.0, 8.0], "rotation": 90}, "east": {"texture": "#material", "uv": [12, 0.0, 14, 5.0]}, "south": {"texture": "#material", "uv": [0.0, 0.0, 5.0, 8.0], "rotation": 90}, "west": {"texture": "#material", "uv": [12, 0.0, 14, 5.0]}, "up": {"texture": "#material", "uv": [12, 0.0, 14, 8.0], "rotation": 90}, "down": {"texture": "#material", "uv": [12, 0.0, 14, 8.0], "rotation": 90}}, "children": [{"name": "snow", "from": [0.0, 5.0, 0.0], "to": [8.0, 6.0, 2.0], "rotationOrigin": [-0.2361, 2.3229, 8.0], "faces": {"north": {"uv": [0.0, 5.0, 8.0, 6.0], "texture": "#snowcover"}, "east": {"uv": [11.96, 5.0, 13.96, 6.0], "texture": "#snowcover"}, "south": {"uv": [0.0, 5.0, 8.0, 6.0], "texture": "#snowcover"}, "west": {"uv": [11.96, 5.0, 13.96, 6.0], "texture": "#snowcover"}, "up": {"texture": "#snowcover", "uv": [12, 0.0, 14, 8.0], "rotation": 90}, "down": {"texture": "#snowcover", "uv": [12, 0.0, 14, 8.0], "rotation": 90}}}]}, {"name": "7", "from": [-0.24, -0.1771, 13.96], "to": [7.76, 4.8229, 16.02], "rotationOrigin": [-0.2361, 2.3229, 8.0], "rotationZ": 33.75, "faces": {"north": {"texture": "#material", "uv": [0.0, 0.0, 5.0, 8.0], "rotation": 90}, "east": {"texture": "#material", "uv": [14, 0.0, 16, 5.0]}, "south": {"texture": "#material", "uv": [0.0, 0.0, 5.0, 8.0], "rotation": 90}, "west": {"texture": "#material", "uv": [14, 0.0, 16, 5.0]}, "up": {"texture": "#material", "uv": [14, 0.0, 16, 8.0], "rotation": 90}, "down": {"texture": "#material", "uv": [14, 0.0, 16, 8.0], "rotation": 90}}, "children": [{"name": "snow", "from": [0.0, 5.0, 0.0], "to": [8.0, 6.0, 2.0599999999999987], "rotationOrigin": [-0.2361, 2.3229, 8.0], "faces": {"north": {"uv": [0.0, 5.0, 8.0, 6.0], "texture": "#snowcover"}, "east": {"uv": [13.96, 5.0, 16, 6.0], "texture": "#snowcover"}, "south": {"uv": [0.0, 5.0, 8.0, 6.0], "texture": "#snowcover"}, "west": {"uv": [13.96, 5.0, 16, 6.0], "texture": "#snowcover"}, "up": {"texture": "#snowcover", "uv": [14, 0.0, 16, 8.0], "rotation": 90}, "down": {"texture": "#snowcover", "uv": [14, 0.0, 16, 8.0], "rotation": 90}}}]}]}, {"name": "3", "from": [0.0, 0.0, 0.0], "to": [0.0, 0.0, 0.0], "faces": {}, "children": [{"name": "0", "from": [-8.2361, -0.1771, -0.04], "to": [-0.2361, 4.8229, 1.96], "rotationOrigin": [-0.2361, 2.3229, 8.0], "rotationZ": 33.75, "faces": {"north": {"texture": "#material", "uv": [0.0, 8.0, 5.0, 16.0], "rotation": 90}, "east": {"texture": "#material", "uv": [0, 0.0, 2, 5.0]}, "south": {"texture": "#material", "uv": [0.0, 8.0, 5.0, 16.0], "rotation": 90}, "west": {"texture": "#material", "uv": [0, 0.0, 2, 5.0]}, "up": {"texture": "#material", "uv": [0, 8.0, 2, 16.0], "rotation": 90}, "down": {"texture": "#material", "uv": [0, 8.0, 2, 16.0], "rotation": 90}}, "children": [{"name": "snow", "from": [0.0, 5.0, 0.04], "to": [8.0, 6.0, 2.0], "rotationOrigin": [-0.2361, 2.3229, 8.0], "faces": {"north": {"uv": [0.0, 5.0, 8.0, 6.0], "texture": "#snowcover"}, "east": {"uv": [0.0, 5.0, 1.96, 6.0], "texture": "#snowcover"}, "south": {"uv": [0.0, 5.0, 8.0, 6.0], "texture": "#snowcover"}, "west": {"uv": [0.0, 5.0, 1.96, 6.0], "texture": "#snowcover"}, "up": {"texture": "#snowcover", "uv": [0, 8.0, 2, 16.0], "rotation": 90}, "down": {"texture": "#snowcover", "uv": [0, 8.0, 2, 16.0], "rotation": 90}}}]}, {"name": "1", "from": [-8.2361, -0.1771, 1.96], "to": [-0.2361, 4.8229, 3.96], "rotationOrigin": [-0.2361, 2.3229, 8.0], "rotationZ": 33.75, "faces": {"north": {"texture": "#material", "uv": [0.0, 8.0, 5.0, 16.0], "rotation": 90}, "east": {"texture": "#material", "uv": [2, 0.0, 4, 5.0]}, "south": {"texture": "#material", "uv": [0.0, 8.0, 5.0, 16.0], "rotation": 90}, "west": {"texture": "#material", "uv": [2, 0.0, 4, 5.0]}, "up": {"texture": "#material", "uv": [2, 8.0, 4, 16.0], "rotation": 90}, "down": {"texture": "#material", "uv": [2, 8.0, 4, 16.0], "rotation": 90}}, "children": [{"name": "snow", "from": [0.0, 5.0, 0.0], "to": [8.0, 6.0, 2.0], "rotationOrigin": [-0.2361, 2.3229, 8.0], "faces": {"north": {"uv": [0.0, 5.0, 8.0, 6.0], "texture": "#snowcover"}, "east": {"uv": [1.96, 5.0, 3.96, 6.0], "texture": "#snowcover"}, "south": {"uv": [0.0, 5.0, 8.0, 6.0], "texture": "#snowcover"}, "west": {"uv": [1.96, 5.0, 3.96, 6.0], "texture": "#snowcover"}, "up": {"texture": "#snowcover", "uv": [2, 8.0, 4, 16.0], "rotation": 90}, "down": {"texture": "#snowcover", "uv": [2, 8.0, 4, 16.0], "rotation": 90}}}]}, {"name": "2", "from": [-8.2361, -0.1771, 3.96], "to": [-0.2361, 4.8229, 5.96], "rotationOrigin": [-0.2361, 2.3229, 8.0], "rotationZ": 33.75, "faces": {"north": {"texture": "#material", "uv": [0.0, 8.0, 5.0, 16.0], "rotation": 90}, "east": {"texture": "#material", "uv": [4, 0.0, 6, 5.0]}, "south": {"texture": "#material", "uv": [0.0, 8.0, 5.0, 16.0], "rotation": 90}, "west": {"texture": "#material", "uv": [4, 0.0, 6, 5.0]}, "up": {"texture": "#material", "uv": [4, 8.0, 6, 16.0], "rotation": 90}, "down": {"texture": "#material", "uv": [4, 8.0, 6, 16.0], "rotation": 90}}, "children": [{"name": "snow", "from": [0.0, 5.0, 0.0], "to": [8.0, 6.0, 2.0], "rotationOrigin": [-0.2361, 2.3229, 8.0], "faces": {"north": {"uv": [0.0, 5.0, 8.0, 6.0], "texture": "#snowcover"}, "east": {"uv": [3.96, 5.0, 5.96, 6.0], "texture": "#snowcover"}, "south": {"uv": [0.0, 5.0, 8.0, 6.0], "texture": "#snowcover"}, "west": {"uv": [3.96, 5.0, 5.96, 6.0], "texture": "#snowcover"}, "up": {"texture": "#snowcover", "uv": [4, 8.0, 6, 16.0], "rotation": 90}, "down": {"texture": "#snowcover", "uv": [4, 8.0, 6, 16.0], "rotation": 90}}}]}, {"name": "3", "from": [-8.2361, -0.1771, 5.96], "to": [-0.2361, 4.8229, 7.96], "rotationOrigin": [-0.2361, 2.3229, 8.0], "rotationZ": 33.75, "faces": {"north": {"texture": "#material", "uv": [0.0, 8.0, 5.0, 16.0], "rotation": 90}, "east": {"texture": "#material", "uv": [6, 0.0, 8, 5.0]}, "south": {"texture": "#material", "uv": [0.0, 8.0, 5.0, 16.0], "rotation": 90}, "west": {"texture": "#material", "uv": [6, 0.0, 8, 5.0]}, "up": {"texture": "#material", "uv": [6, 8.0, 8, 16.0], "rotation": 90}, "down": {"texture": "#material", "uv": [6, 8.0, 8, 16.0], "rotation": 90}}, "children": [{"name": "snow", "from": [0.0, 5.0, 0.0], "to": [8.0, 6.0, 2.0], "rotationOrigin": [-0.2361, 2.3229, 8.0], "faces": {"north": {"uv": [0.0, 5.0, 8.0, 6.0], "texture": "#snowcover"}, "east": {"uv": [5.96, 5.0, 7.96, 6.0], "texture": "#snowcover"}, "south": {"uv": [0.0, 5.0, 8.0, 6.0], "texture": "#snowcover"}, "west": {"uv": [5.96, 5.0, 7.96, 6.0], "texture": "#snowcover"}, "up": {"texture": "#snowcover", "uv": [6, 8.0, 8, 16.0], "rotation": 90}, "down": {"texture": "#snowcover", "uv": [6, 8.0, 8, 16.0], "rotation": 90}}}]}, {"name": "4", "from": [-8.2361, -0.1771, 7.96], "to": [-0.2361, 4.8229, 9.96], "rotationOrigin": [-0.2361, 2.3229, 8.0], "rotationZ": 33.75, "faces": {"north": {"texture": "#material", "uv": [0.0, 8.0, 5.0, 16.0], "rotation": 90}, "east": {"texture": "#material", "uv": [8, 0.0, 10, 5.0]}, "south": {"texture": "#material", "uv": [0.0, 8.0, 5.0, 16.0], "rotation": 90}, "west": {"texture": "#material", "uv": [8, 0.0, 10, 5.0]}, "up": {"texture": "#material", "uv": [8, 8.0, 10, 16.0], "rotation": 90}, "down": {"texture": "#material", "uv": [8, 8.0, 10, 16.0], "rotation": 90}}, "children": [{"name": "snow", "from": [0.0, 5.0, 0.0], "to": [8.0, 6.0, 2.000000000000001], "rotationOrigin": [-0.2361, 2.3229, 8.0], "faces": {"north": {"uv": [0.0, 5.0, 8.0, 6.0], "texture": "#snowcover"}, "east": {"uv": [7.96, 5.0, 9.96, 6.0], "texture": "#snowcover"}, "south": {"uv": [0.0, 5.0, 8.0, 6.0], "texture": "#snowcover"}, "west": {"uv": [7.96, 5.0, 9.96, 6.0], "texture": "#snowcover"}, "up": {"texture": "#snowcover", "uv": [8, 8.0, 10, 16.0], "rotation": 90}, "down": {"texture": "#snowcover", "uv": [8, 8.0, 10, 16.0], "rotation": 90}}}]}, {"name": "5", "from": [-8.2361, -0.1771, 9.96], "to": [-0.2361, 4.8229, 11.96], "rotationOrigin": [-0.2361, 2.3229, 8.0], "rotationZ": 33.75, "faces": {"north": {"texture": "#material", "uv": [0.0, 8.0, 5.0, 16.0], "rotation": 90}, "east": {"texture": "#material", "uv": [10, 0.0, 12, 5.0]}, "south": {"texture": "#material", "uv": [0.0, 8.0, 5.0, 16.0], "rotation": 90}, "west": {"texture": "#material", "uv": [10, 0.0, 12, 5.0]}, "up": {"texture": "#material", "uv": [10, 8.0, 12, 16.0], "rotation": 90}, "down": {"texture": "#material", "uv": [10, 8.0, 12, 16.0], "rotation": 90}}, "children": [{"name": "snow", "from": [0.0, 5.0, 0.0], "to": [8.0, 6.0, 2.0], "rotationOrigin": [-0.2361, 2.3229, 8.0], "faces": {"north": {"uv": [0.0, 5.0, 8.0, 6.0], "texture": "#snowcover"}, "east": {"uv": [9.96, 5.0, 11.96, 6.0], "texture": "#snowcover"}, "south": {"uv": [0.0, 5.0, 8.0, 6.0], "texture": "#snowcover"}, "west": {"uv": [9.96, 5.0, 11.96, 6.0], "texture": "#snowcover"}, "up": {"texture": "#snowcover", "uv": [10, 8.0, 12, 16.0], "rotation": 90}, "down": {"texture": "#snowcover", "uv": [10, 8.0, 12, 16.0], "rotation": 90}}}]}, {"name": "6", "from": [-8.2361, -0.1771, 11.96], "to": [-0.2361, 4.8229, 13.96], "rotationOrigin": [-0.2361, 2.3229, 8.0], "rotationZ": 33.75, "faces": {"north": {"texture": "#material", "uv": [0.0, 8.0, 5.0, 16.0], "rotation": 90}, "east": {"texture": "#material", "uv": [12, 0.0, 14, 5.0]}, "south": {"texture": "#material", "uv": [0.0, 8.0, 5.0, 16.0], "rotation": 90}, "west": {"texture": "#material", "uv": [12, 0.0, 14, 5.0]}, "up": {"texture": "#material", "uv": [12, 8.0, 14, 16.0], "rotation": 90}, "down": {"texture": "#material", "uv": [12, 8.0, 14, 16.0], "rotation": 90}}, "children": [{"name": "snow", "from": [0.0, 5.0, 0.0], "to": [8.0, 6.0, 2.0], "rotationOrigin": [-0.2361, 2.3229, 8.0], "faces": {"north": {"uv": [0.0, 5.0, 8.0, 6.0], "texture": "#snowcover"}, "east": {"uv": [11.96, 5.0, 13.96, 6.0], "texture": "#snowcover"}, "south": {"uv": [0.0, 5.0, 8.0, 6.0], "texture": "#snowcover"}, "west": {"uv": [11.96, 5.0, 13.96, 6.0], "texture": "#snowcover"}, "up": {"texture": "#snowcover", "uv": [12, 8.0, 14, 16.0], "rotation": 90}, "down": {"texture": "#snowcover", "uv": [12, 8.0, 14, 16.0], "rotation": 90}}}]}, {"name": "7", "from": [-8.2361, -0.1771, 13.96], "to": [-0.2361, 4.8229, 16.02], "rotationOrigin": [-0.2361, 2.3229, 8.0], "rotationZ": 33.75, "faces": {"north": {"texture": "#material", "uv": [0.0, 8.0, 5.0, 16.0], "rotation": 90}, "east": {"texture": "#material", "uv": [14, 0.0, 16, 5.0]}, "south": {"texture": "#material", "uv": [0.0, 8.0, 5.0, 16.0], "rotation": 90}, "west": {"texture": "#material", "uv": [14, 0.0, 16, 5.0]}, "up": {"texture": "#material", "uv": [14, 8.0, 16, 16.0], "rotation": 90}, "down": {"texture": "#material", "uv": [14, 8.0, 16, 16.0], "rotation": 90}}, "children": [{"name": "snow", "from": [0.0, 5.0, 0.0], "to": [8.0, 6.0, 2.0599999999999987], "rotationOrigin": [-0.2361, 2.3229, 8.0], "faces": {"north": {"uv": [0.0, 5.0, 8.0, 6.0], "texture": "#snowcover"}, "east": {"uv": [13.96, 5.0, 16, 6.0], "texture": "#snowcover"}, "south": {"uv": [0.0, 5.0, 8.0, 6.0], "texture": "#snowcover"}, "west": {"uv": [13.96, 5.0, 16, 6.0], "texture": "#snowcover"}, "up": {"texture": "#snowcover", "uv": [14, 8.0, 16, 16.0], "rotation": 90}, "down": {"texture": "#snowcover", "uv": [14, 8.0, 16, 16.0], "rotation": 90}}}]}]}]}, {"name": "upper", "from": [8.0, 0.0, 0.0], "to": [8.0, 0.0, 0.0], "faces": {}, "children": [{"name": "0", "from": [0.0, 0.0, 0.0], "to": [0.0, 0.0, 0.0], "faces": {}, "children": [{"name": "0", "from": [3.76, 7.5729, -0.02], "to": [11.76, 13.0729, 1.98], "rotationOrigin": [3.7639, 10.3229, 8.0], "rotationZ": 33.75, "faces": {"north": {"texture": "#material", "uv": [0.0, 0.0, 5.5, 8.0], "rotation": 90}, "east": {"texture": "#material", "uv": [0, 0.0, 2, 5.5]}, "south": {"texture": "#material", "uv": [0.0, 0.0, 5.5, 8.0], "rotation": 90}, "west": {"texture": "#material", "uv": [0, 0.0, 2, 5.5]}, "up": {"texture": "#material", "uv": [0, 0.0, 2, 8.0], "rotation": 90}, "down": {"texture": "#material", "uv": [0, 0.0, 2, 8.0], "rotation": 90}}, "children": [{"name": "snow", "from": [0.0, 5.500000000000001, 0.025], "to": [8.0, 6.500000000000001, 2.0], "rotationOrigin": [3.7639, 10.3229, 8.0], "faces": {"north": {"uv": [0.0, 5.500000000000001, 8.0, 6.500000000000001], "texture": "#snowcover"}, "east": {"uv": [0.005000000000000001, 5.500000000000001, 1.98, 6.500000000000001], "texture": "#snowcover"}, "south": {"uv": [0.0, 5.500000000000001, 8.0, 6.500000000000001], "texture": "#snowcover"}, "west": {"uv": [0.005000000000000001, 5.500000000000001, 1.98, 6.500000000000001], "texture": "#snowcover"}, "up": {"texture": "#snowcover", "uv": [0, 0.0, 2, 8.0], "rotation": 90}, "down": {"texture": "#snowcover", "uv": [0, 0.0, 2, 8.0], "rotation": 90}}}]}, {"name": "1", "from": [3.76, 7.5729, 1.98], "to": [11.76, 13.0729, 3.98], "rotationOrigin": [3.7639, 10.3229, 8.0], "rotationZ": 33.75, "faces": {"north": {"texture": "#material", "uv": [0.0, 0.0, 5.5, 8.0], "rotation": 90}, "east": {"texture": "#material", "uv": [2, 0.0, 4, 5.5]}, "south": {"texture": "#material", "uv": [0.0, 0.0, 5.5, 8.0], "rotation": 90}, "west": {"texture": "#material", "uv": [2, 0.0, 4, 5.5]}, "up": {"texture": "#material", "uv": [2, 0.0, 4, 8.0], "rotation": 90}, "down": {"texture": "#material", "uv": [2, 0.0, 4, 8.0], "rotation": 90}}, "children": [{"name": "snow", "from": [0.0, 5.500000000000001, 0.0], "to": [8.0, 6.500000000000001, 2.0], "rotationOrigin": [3.7639, 10.3229, 8.0], "faces": {"north": {"uv": [0.0, 5.500000000000001, 8.0, 6.500000000000001], "texture": "#snowcover"}, "east": {"uv": [1.98, 5.500000000000001, 3.98, 6.500000000000001], "texture": "#snowcover"}, "south": {"uv": [0.0, 5.500000000000001, 8.0, 6.500000000000001], "texture": "#snowcover"}, "west": {"uv": [1.98, 5.500000000000001, 3.98, 6.500000000000001], "texture": "#snowcover"}, "up": {"texture": "#snowcover", "uv": [2, 0.0, 4, 8.0], "rotation": 90}, "down": {"texture": "#snowcover", "uv": [2, 0.0, 4, 8.0], "rotation": 90}}}]}, {"name": "2", "from": [3.76, 7.5729, 3.98], "to": [11.76, 13.0729, 5.98], "rotationOrigin": [3.7639, 10.3229, 8.0], "rotationZ": 33.75, "faces": {"north": {"texture": "#material", "uv": [0.0, 0.0, 5.5, 8.0], "rotation": 90}, "east": {"texture": "#material", "uv": [4, 0.0, 6, 5.5]}, "south": {"texture": "#material", "uv": [0.0, 0.0, 5.5, 8.0], "rotation": 90}, "west": {"texture": "#material", "uv": [4, 0.0, 6, 5.5]}, "up": {"texture": "#material", "uv": [4, 0.0, 6, 8.0], "rotation": 90}, "down": {"texture": "#material", "uv": [4, 0.0, 6, 8.0], "rotation": 90}}, "children": [{"name": "snow", "from": [0.0, 5.500000000000001, 0.0], "to": [8.0, 6.500000000000001, 2.0000000000000004], "rotationOrigin": [3.7639, 10.3229, 8.0], "faces": {"north": {"uv": [0.0, 5.500000000000001, 8.0, 6.500000000000001], "texture": "#snowcover"}, "east": {"uv": [3.98, 5.500000000000001, 5.98, 6.500000000000001], "texture": "#snowcover"}, "south": {"uv": [0.0, 5.500000000000001, 8.0, 6.500000000000001], "texture": "#snowcover"}, "west": {"uv": [3.98, 5.500000000000001, 5.98, 6.500000000000001], "texture": "#snowcover"}, "up": {"texture": "#snowcover", "uv": [4, 0.0, 6, 8.0], "rotation": 90}, "down": {"texture": "#snowcover", "uv": [4, 0.0, 6, 8.0], "rotation": 90}}}]}, {"name": "3", "from": [3.76, 7.5729, 5.98], "to": [11.76, 13.0729, 7.98], "rotationOrigin": [3.7639, 10.3229, 8.0], "rotationZ": 33.75, "faces": {"north": {"texture": "#material", "uv": [0.0, 0.0, 5.5, 8.0], "rotation": 90}, "east": {"texture": "#material", "uv": [6, 0.0, 8, 5.5]}, "south": {"texture": "#material", "uv": [0.0, 0.0, 5.5, 8.0], "rotation": 90}, "west": {"texture": "#material", "uv": [6, 0.0, 8, 5.5]}, "up": {"texture": "#material", "uv": [6, 0.0, 8, 8.0], "rotation": 90}, "down": {"texture": "#material", "uv": [6, 0.0, 8, 8.0], "rotation": 90}}, "children": [{"name": "snow", "from": [0.0, 5.500000000000001, 0.0], "to": [8.0, 6.500000000000001, 2.0], "rotationOrigin": [3.7639, 10.3229, 8.0], "faces": {"north": {"uv": [0.0, 5.500000000000001, 8.0, 6.500000000000001], "texture": "#snowcover"}, "east": {"uv": [5.98, 5.500000000000001, 7.98, 6.500000000000001], "texture": "#snowcover"}, "south": {"uv": [0.0, 5.500000000000001, 8.0, 6.500000000000001], "texture": "#snowcover"}, "west": {"uv": [5.98, 5.500000000000001, 7.98, 6.500000000000001], "texture": "#snowcover"}, "up": {"texture": "#snowcover", "uv": [6, 0.0, 8, 8.0], "rotation": 90}, "down": {"texture": "#snowcover", "uv": [6, 0.0, 8, 8.0], "rotation": 90}}}]}, {"name": "4", "from": [3.76, 7.5729, 7.98], "to": [11.76, 13.0729, 9.98], "rotationOrigin": [3.7639, 10.3229, 8.0], "rotationZ": 33.75, "faces": {"north": {"texture": "#material", "uv": [0.0, 0.0, 5.5, 8.0], "rotation": 90}, "east": {"texture": "#material", "uv": [8, 0.0, 10, 5.5]}, "south": {"texture": "#material", "uv": [0.0, 0.0, 5.5, 8.0], "rotation": 90}, "west": {"texture": "#material", "uv": [8, 0.0, 10, 5.5]}, "up": {"texture": "#material", "uv": [8, 0.0, 10, 8.0], "rotation": 90}, "down": {"texture": "#material", "uv": [8, 0.0, 10, 8.0], "rotation": 90}}, "children": [{"name": "snow", "from": [0.0, 5.500000000000001, 0.0], "to": [8.0, 6.500000000000001, 2.0], "rotationOrigin": [3.7639, 10.3229, 8.0], "faces": {"north": {"uv": [0.0, 5.500000000000001, 8.0, 6.500000000000001], "texture": "#snowcover"}, "east": {"uv": [7.98, 5.500000000000001, 9.98, 6.500000000000001], "texture": "#snowcover"}, "south": {"uv": [0.0, 5.500000000000001, 8.0, 6.500000000000001], "texture": "#snowcover"}, "west": {"uv": [7.98, 5.500000000000001, 9.98, 6.500000000000001], "texture": "#snowcover"}, "up": {"texture": "#snowcover", "uv": [8, 0.0, 10, 8.0], "rotation": 90}, "down": {"texture": "#snowcover", "uv": [8, 0.0, 10, 8.0], "rotation": 90}}}]}, {"name": "5", "from": [3.76, 7.5729, 9.98], "to": [11.76, 13.0729, 11.98], "rotationOrigin": [3.7639, 10.3229, 8.0], "rotationZ": 33.75, "faces": {"north": {"texture": "#material", "uv": [0.0, 0.0, 5.5, 8.0], "rotation": 90}, "east": {"texture": "#material", "uv": [10, 0.0, 12, 5.5]}, "south": {"texture": "#material", "uv": [0.0, 0.0, 5.5, 8.0], "rotation": 90}, "west": {"texture": "#material", "uv": [10, 0.0, 12, 5.5]}, "up": {"texture": "#material", "uv": [10, 0.0, 12, 8.0], "rotation": 90}, "down": {"texture": "#material", "uv": [10, 0.0, 12, 8.0], "rotation": 90}}, "children": [{"name": "snow", "from": [0.0, 5.500000000000001, 0.0], "to": [8.0, 6.500000000000001, 2.0], "rotationOrigin": [3.7639, 10.3229, 8.0], "faces": {"north": {"uv": [0.0, 5.500000000000001, 8.0, 6.500000000000001], "texture": "#snowcover"}, "east": {"uv": [9.98, 5.500000000000001, 11.98, 6.500000000000001], "texture": "#snowcover"}, "south": {"uv": [0.0, 5.500000000000001, 8.0, 6.500000000000001], "texture": "#snowcover"}, "west": {"uv": [9.98, 5.500000000000001, 11.98, 6.500000000000001], "texture": "#snowcover"}, "up": {"texture": "#snowcover", "uv": [10, 0.0, 12, 8.0], "rotation": 90}, "down": {"texture": "#snowcover", "uv": [10, 0.0, 12, 8.0], "rotation": 90}}}]}, {"name": "6", "from": [3.76, 7.5729, 11.98], "to": [11.76, 13.0729, 13.98], "rotationOrigin": [3.7639, 10.3229, 8.0], "rotationZ": 33.75, "faces": {"north": {"texture": "#material", "uv": [0.0, 0.0, 5.5, 8.0], "rotation": 90}, "east": {"texture": "#material", "uv": [12, 0.0, 14, 5.5]}, "south": {"texture": "#material", "uv": [0.0, 0.0, 5.5, 8.0], "rotation": 90}, "west": {"texture": "#material", "uv": [12, 0.0, 14, 5.5]}, "up": {"texture": "#material", "uv": [12, 0.0, 14, 8.0], "rotation": 90}, "down": {"texture": "#material", "uv": [12, 0.0, 14, 8.0], "rotation": 90}}, "children": [{"name": "snow", "from": [0.0, 5.500000000000001, 0.0], "to": [8.0, 6.500000000000001, 2.0], "rotationOrigin": [3.7639, 10.3229, 8.0], "faces": {"north": {"uv": [0.0, 5.500000000000001, 8.0, 6.500000000000001], "texture": "#snowcover"}, "east": {"uv": [11.98, 5.500000000000001, 13.98, 6.500000000000001], "texture": "#snowcover"}, "south": {"uv": [0.0, 5.500000000000001, 8.0, 6.500000000000001], "texture": "#snowcover"}, "west": {"uv": [11.98, 5.500000000000001, 13.98, 6.500000000000001], "texture": "#snowcover"}, "up": {"texture": "#snowcover", "uv": [12, 0.0, 14, 8.0], "rotation": 90}, "down": {"texture": "#snowcover", "uv": [12, 0.0, 14, 8.0], "rotation": 90}}}]}, {"name": "7", "from": [3.76, 7.5729, 13.98], "to": [11.76, 13.0729, 16.01], "rotationOrigin": [3.7639, 10.3229, 8.0], "rotationZ": 33.75, "faces": {"north": {"texture": "#material", "uv": [0.0, 0.0, 5.5, 8.0], "rotation": 90}, "east": {"texture": "#material", "uv": [14, 0.0, 16, 5.5]}, "south": {"texture": "#material", "uv": [0.0, 0.0, 5.5, 8.0], "rotation": 90}, "west": {"texture": "#material", "uv": [14, 0.0, 16, 5.5]}, "up": {"texture": "#material", "uv": [14, 0.0, 16, 8.0], "rotation": 90}, "down": {"texture": "#material", "uv": [14, 0.0, 16, 8.0], "rotation": 90}}, "children": [{"name": "snow", "from": [0.0, 5.500000000000001, 0.0], "to": [8.0, 6.500000000000001, 2.030000000000001], "rotationOrigin": [3.7639, 10.3229, 8.0], "faces": {"north": {"uv": [0.0, 5.500000000000001, 8.0, 6.500000000000001], "texture": "#snowcover"}, "east": {"uv": [13.98, 5.500000000000001, 16, 6.500000000000001], "texture": "#snowcover"}, "south": {"uv": [0.0, 5.500000000000001, 8.0, 6.500000000000001], "texture": "#snowcover"}, "west": {"uv": [13.98, 5.500000000000001, 16, 6.500000000000001], "texture": "#snowcover"}, "up": {"texture": "#snowcover", "uv": [14, 0.0, 16, 8.0], "rotation": 90}, "down": {"texture": "#snowcover", "uv": [14, 0.0, 16, 8.0], "rotation": 90}}}]}]}, {"name": "1", "from": [0.0, 0.0, 0.0], "to": [0.0, 0.0, 0.0], "faces": {}, "children": [{"name": "0", "from": [-4.2361, 7.5729, -0.02], "to": [3.7639, 13.0729, 1.98], "rotationOrigin": [3.7639, 10.3229, 8.0], "rotationZ": 33.75, "faces": {"north": {"texture": "#material", "uv": [0.0, 8.0, 5.5, 16.0], "rotation": 90}, "east": {"texture": "#material", "uv": [0, 0.0, 2, 5.5]}, "south": {"texture": "#material", "uv": [0.0, 8.0, 5.5, 16.0], "rotation": 90}, "west": {"texture": "#material", "uv": [0, 0.0, 2, 5.5]}, "up": {"texture": "#material", "uv": [0, 8.0, 2, 16.0], "rotation": 90}, "down": {"texture": "#material", "uv": [0, 8.0, 2, 16.0], "rotation": 90}}, "children": [{"name": "snow", "from": [0.0, 5.500000000000001, 0.02], "to": [8.0, 6.500000000000001, 2.0], "rotationOrigin": [3.7639, 10.3229, 8.0], "faces": {"north": {"uv": [0.0, 5.500000000000001, 8.0, 6.500000000000001], "texture": "#snowcover"}, "east": {"uv": [0.0, 5.500000000000001, 1.98, 6.500000000000001], "texture": "#snowcover"}, "south": {"uv": [0.0, 5.500000000000001, 8.0, 6.500000000000001], "texture": "#snowcover"}, "west": {"uv": [0.0, 5.500000000000001, 1.98, 6.500000000000001], "texture": "#snowcover"}, "up": {"texture": "#snowcover", "uv": [0, 8.0, 2, 16.0], "rotation": 90}, "down": {"texture": "#snowcover", "uv": [0, 8.0, 2, 16.0], "rotation": 90}}}]}, {"name": "1", "from": [-4.2361, 7.5729, 1.98], "to": [3.7639, 13.0729, 3.98], "rotationOrigin": [3.7639, 10.3229, 8.0], "rotationZ": 33.75, "faces": {"north": {"texture": "#material", "uv": [0.0, 8.0, 5.5, 16.0], "rotation": 90}, "east": {"texture": "#material", "uv": [2, 0.0, 4, 5.5]}, "south": {"texture": "#material", "uv": [0.0, 8.0, 5.5, 16.0], "rotation": 90}, "west": {"texture": "#material", "uv": [2, 0.0, 4, 5.5]}, "up": {"texture": "#material", "uv": [2, 8.0, 4, 16.0], "rotation": 90}, "down": {"texture": "#material", "uv": [2, 8.0, 4, 16.0], "rotation": 90}}, "children": [{"name": "snow", "from": [0.0, 5.500000000000001, 0.0], "to": [8.0, 6.500000000000001, 2.0], "rotationOrigin": [3.7639, 10.3229, 8.0], "faces": {"north": {"uv": [0.0, 5.500000000000001, 8.0, 6.500000000000001], "texture": "#snowcover"}, "east": {"uv": [1.98, 5.500000000000001, 3.98, 6.500000000000001], "texture": "#snowcover"}, "south": {"uv": [0.0, 5.500000000000001, 8.0, 6.500000000000001], "texture": "#snowcover"}, "west": {"uv": [1.98, 5.500000000000001, 3.98, 6.500000000000001], "texture": "#snowcover"}, "up": {"texture": "#snowcover", "uv": [2, 8.0, 4, 16.0], "rotation": 90}, "down": {"texture": "#snowcover", "uv": [2, 8.0, 4, 16.0], "rotation": 90}}}]}, {"name": "2", "from": [-4.2361, 7.5729, 3.98], "to": [3.7639, 13.0729, 5.98], "rotationOrigin": [3.7639, 10.3229, 8.0], "rotationZ": 33.75, "faces": {"north": {"texture": "#material", "uv": [0.0, 8.0, 5.5, 16.0], "rotation": 90}, "east": {"texture": "#material", "uv": [4, 0.0, 6, 5.5]}, "south": {"texture": "#material", "uv": [0.0, 8.0, 5.5, 16.0], "rotation": 90}, "west": {"texture": "#material", "uv": [4, 0.0, 6, 5.5]}, "up": {"texture": "#material", "uv": [4, 8.0, 6, 16.0], "rotation": 90}, "down": {"texture": "#material", "uv": [4, 8.0, 6, 16.0], "rotation": 90}}, "children": [{"name": "snow", "from": [0.0, 5.500000000000001, 0.0], "to": [8.0, 6.500000000000001, 2.0000000000000004], "rotationOrigin": [3.7639, 10.3229, 8.0], "faces": {"north": {"uv": [0.0, 5.500000000000001, 8.0, 6.500000000000001], "texture": "#snowcover"}, "east": {"uv": [3.98, 5.500000000000001, 5.98, 6.500000000000001], "texture": "#snowcover"}, "south": {"uv": [0.0, 5.500000000000001, 8.0, 6.500000000000001], "texture": "#snowcover"}, "west": {"uv": [3.98, 5.500000000000001, 5.98, 6.500000000000001], "texture": "#snowcover"}, "up": {"texture": "#snowcover", "uv": [4, 8.0, 6, 16.0], "rotation": 90}, "down": {"texture": "#snowcover", "uv": [4, 8.0, 6, 16.0], "rotation": 90}}}]}, {"name": "3", "from": [-4.2361, 7.5729, 5.98], "to": [3.7639, 13.0729, 7.98], "rotationOrigin": [3.7639, 10.3229, 8.0], "rotationZ": 33.75, "faces": {"north": {"texture": "#material", "uv": [0.0, 8.0, 5.5, 16.0], "rotation": 90}, "east": {"texture": "#material", "uv": [6, 0.0, 8, 5.5]}, "south": {"texture": "#material", "uv": [0.0, 8.0, 5.5, 16.0], "rotation": 90}, "west": {"texture": "#material", "uv": [6, 0.0, 8, 5.5]}, "up": {"texture": "#material", "uv": [6, 8.0, 8, 16.0], "rotation": 90}, "down": {"texture": "#material", "uv": [6, 8.0, 8, 16.0], "rotation": 90}}, "children": [{"name": "snow", "from": [0.0, 5.500000000000001, 0.0], "to": [8.0, 6.500000000000001, 2.0], "rotationOrigin": [3.7639, 10.3229, 8.0], "faces": {"north": {"uv": [0.0, 5.500000000000001, 8.0, 6.500000000000001], "texture": "#snowcover"}, "east": {"uv": [5.98, 5.500000000000001, 7.98, 6.500000000000001], "texture": "#snowcover"}, "south": {"uv": [0.0, 5.500000000000001, 8.0, 6.500000000000001], "texture": "#snowcover"}, "west": {"uv": [5.98, 5.500000000000001, 7.98, 6.500000000000001], "texture": "#snowcover"}, "up": {"texture": "#snowcover", "uv": [6, 8.0, 8, 16.0], "rotation": 90}, "down": {"texture": "#snowcover", "uv": [6, 8.0, 8, 16.0], "rotation": 90}}}]}, {"name": "4", "from": [-4.2361, 7.5729, 7.98], "to": [3.7639, 13.0729, 9.98], "rotationOrigin": [3.7639, 10.3229, 8.0], "rotationZ": 33.75, "faces": {"north": {"texture": "#material", "uv": [0.0, 8.0, 5.5, 16.0], "rotation": 90}, "east": {"texture": "#material", "uv": [8, 0.0, 10, 5.5]}, "south": {"texture": "#material", "uv": [0.0, 8.0, 5.5, 16.0], "rotation": 90}, "west": {"texture": "#material", "uv": [8, 0.0, 10, 5.5]}, "up": {"texture": "#material", "uv": [8, 8.0, 10, 16.0], "rotation": 90}, "down": {"texture": "#material", "uv": [8, 8.0, 10, 16.0], "rotation": 90}}, "children": [{"name": "snow", "from": [0.0, 5.500000000000001, 0.0], "to": [8.0, 6.500000000000001, 2.0], "rotationOrigin": [3.7639, 10.3229, 8.0], "faces": {"north": {"uv": [0.0, 5.500000000000001, 8.0, 6.500000000000001], "texture": "#snowcover"}, "east": {"uv": [7.98, 5.500000000000001, 9.98, 6.500000000000001], "texture": "#snowcover"}, "south": {"uv": [0.0, 5.500000000000001, 8.0, 6.500000000000001], "texture": "#snowcover"}, "west": {"uv": [7.98, 5.500000000000001, 9.98, 6.500000000000001], "texture": "#snowcover"}, "up": {"texture": "#snowcover", "uv": [8, 8.0, 10, 16.0], "rotation": 90}, "down": {"texture": "#snowcover", "uv": [8, 8.0, 10, 16.0], "rotation": 90}}}]}, {"name": "5", "from": [-4.2361, 7.5729, 9.98], "to": [3.7639, 13.0729, 11.98], "rotationOrigin": [3.7639, 10.3229, 8.0], "rotationZ": 33.75, "faces": {"north": {"texture": "#material", "uv": [0.0, 8.0, 5.5, 16.0], "rotation": 90}, "east": {"texture": "#material", "uv": [10, 0.0, 12, 5.5]}, "south": {"texture": "#material", "uv": [0.0, 8.0, 5.5, 16.0], "rotation": 90}, "west": {"texture": "#material", "uv": [10, 0.0, 12, 5.5]}, "up": {"texture": "#material", "uv": [10, 8.0, 12, 16.0], "rotation": 90}, "down": {"texture": "#material", "uv": [10, 8.0, 12, 16.0], "rotation": 90}}, "children": [{"name": "snow", "from": [0.0, 5.500000000000001, 0.0], "to": [8.0, 6.500000000000001, 2.0], "rotationOrigin": [3.7639, 10.3229, 8.0], "faces": {"north": {"uv": [0.0, 5.500000000000001, 8.0, 6.500000000000001], "texture": "#snowcover"}, "east": {"uv": [9.98, 5.500000000000001, 11.98, 6.500000000000001], "texture": "#snowcover"}, "south": {"uv": [0.0, 5.500000000000001, 8.0, 6.500000000000001], "texture": "#snowcover"}, "west": {"uv": [9.98, 5.500000000000001, 11.98, 6.500000000000001], "texture": "#snowcover"}, "up": {"texture": "#snowcover", "uv": [10, 8.0, 12, 16.0], "rotation": 90}, "down": {"texture": "#snowcover", "uv": [10, 8.0, 12, 16.0], "rotation": 90}}}]}, {"name": "6", "from": [-4.2361, 7.5729, 11.98], "to": [3.7639, 13.0729, 13.98], "rotationOrigin": [3.7639, 10.3229, 8.0], "rotationZ": 33.75, "faces": {"north": {"texture": "#material", "uv": [0.0, 8.0, 5.5, 16.0], "rotation": 90}, "east": {"texture": "#material", "uv": [12, 0.0, 14, 5.5]}, "south": {"texture": "#material", "uv": [0.0, 8.0, 5.5, 16.0], "rotation": 90}, "west": {"texture": "#material", "uv": [12, 0.0, 14, 5.5]}, "up": {"texture": "#material", "uv": [12, 8.0, 14, 16.0], "rotation": 90}, "down": {"texture": "#material", "uv": [12, 8.0, 14, 16.0], "rotation": 90}}, "children": [{"name": "snow", "from": [0.0, 5.500000000000001, 0.0], "to": [8.0, 6.500000000000001, 2.0], "rotationOrigin": [3.7639, 10.3229, 8.0], "faces": {"north": {"uv": [0.0, 5.500000000000001, 8.0, 6.500000000000001], "texture": "#snowcover"}, "east": {"uv": [11.98, 5.500000000000001, 13.98, 6.500000000000001], "texture": "#snowcover"}, "south": {"uv": [0.0, 5.500000000000001, 8.0, 6.500000000000001], "texture": "#snowcover"}, "west": {"uv": [11.98, 5.500000000000001, 13.98, 6.500000000000001], "texture": "#snowcover"}, "up": {"texture": "#snowcover", "uv": [12, 8.0, 14, 16.0], "rotation": 90}, "down": {"texture": "#snowcover", "uv": [12, 8.0, 14, 16.0], "rotation": 90}}}]}, {"name": "7", "from": [-4.2361, 7.5729, 13.98], "to": [3.7639, 13.0729, 16.01], "rotationOrigin": [3.7639, 10.3229, 8.0], "rotationZ": 33.75, "faces": {"north": {"texture": "#material", "uv": [0.0, 8.0, 5.5, 16.0], "rotation": 90}, "east": {"texture": "#material", "uv": [14, 0.0, 16, 5.5]}, "south": {"texture": "#material", "uv": [0.0, 8.0, 5.5, 16.0], "rotation": 90}, "west": {"texture": "#material", "uv": [14, 0.0, 16, 5.5]}, "up": {"texture": "#material", "uv": [14, 8.0, 16, 16.0], "rotation": 90}, "down": {"texture": "#material", "uv": [14, 8.0, 16, 16.0], "rotation": 90}}, "children": [{"name": "snow", "from": [0.0, 5.500000000000001, 0.0], "to": [8.0, 6.500000000000001, 2.030000000000001], "rotationOrigin": [3.7639, 10.3229, 8.0], "faces": {"north": {"uv": [0.0, 5.500000000000001, 8.0, 6.500000000000001], "texture": "#snowcover"}, "east": {"uv": [13.98, 5.500000000000001, 16, 6.500000000000001], "texture": "#snowcover"}, "south": {"uv": [0.0, 5.500000000000001, 8.0, 6.500000000000001], "texture": "#snowcover"}, "west": {"uv": [13.98, 5.500000000000001, 16, 6.500000000000001], "texture": "#snowcover"}, "up": {"texture": "#snowcover", "uv": [14, 8.0, 16, 16.0], "rotation": 90}, "down": {"texture": "#snowcover", "uv": [14, 8.0, 16, 16.0], "rotation": 90}}}]}]}, {"name": "2", "from": [0.0, 0.0, 0.0], "to": [0.0, 0.0, 0.0], "faces": {}, "children": [{"name": "0", "from": [-0.24, -0.1771, -0.04], "to": [7.76, 4.8229, 1.96], "rotationOrigin": [-0.2361, 2.3229, 8.0], "rotationZ": 33.75, "faces": {"north": {"texture": "#material", "uv": [0.0, 0.0, 5.0, 8.0], "rotation": 90}, "east": {"texture": "#material", "uv": [0, 0.0, 2, 5.0]}, "south": {"texture": "#material", "uv": [0.0, 0.0, 5.0, 8.0], "rotation": 90}, "west": {"texture": "#material", "uv": [0, 0.0, 2, 5.0]}, "up": {"texture": "#material", "uv": [0, 0.0, 2, 8.0], "rotation": 90}, "down": {"texture": "#material", "uv": [0, 0.0, 2, 8.0], "rotation": 90}}, "children": [{"name": "snow", "from": [0.0, 5.0, 0.045], "to": [8.0, 6.0, 2.0], "rotationOrigin": [-0.2361, 2.3229, 8.0], "faces": {"north": {"uv": [0.0, 5.0, 8.0, 6.0], "texture": "#snowcover"}, "east": {"uv": [0.0049999999999999975, 5.0, 1.96, 6.0], "texture": "#snowcover"}, "south": {"uv": [0.0, 5.0, 8.0, 6.0], "texture": "#snowcover"}, "west": {"uv": [0.0049999999999999975, 5.0, 1.96, 6.0], "texture": "#snowcover"}, "up": {"texture": "#snowcover", "uv": [0, 0.0, 2, 8.0], "rotation": 90}, "down": {"texture": "#snowcover", "uv": [0, 0.0, 2, 8.0], "rotation": 90}}}]}, {"name": "1", "from": [-0.24, -0.1771, 1.96], "to": [7.76, 4.8229, 3.96], "rotationOrigin": [-0.2361, 2.3229, 8.0], "rotationZ": 33.75, "faces": {"north": {"texture": "#material", "uv": [0.0, 0.0, 5.0, 8.0], "rotation": 90}, "east": {"texture": "#material", "uv": [2, 0.0, 4, 5.0]}, "south": {"texture": "#material", "uv": [0.0, 0.0, 5.0, 8.0], "rotation": 90}, "west": {"texture": "#material", "uv": [2, 0.0, 4, 5.0]}, "up": {"texture": "#material", "uv": [2, 0.0, 4, 8.0], "rotation": 90}, "down": {"texture": "#material", "uv": [2, 0.0, 4, 8.0], "rotation": 90}}, "children": [{"name": "snow", "from": [0.0, 5.0, 0.0], "to": [8.0, 6.0, 2.0], "rotationOrigin": [-0.2361, 2.3229, 8.0], "faces": {"north": {"uv": [0.0, 5.0, 8.0, 6.0], "texture": "#snowcover"}, "east": {"uv": [1.96, 5.0, 3.96, 6.0], "texture": "#snowcover"}, "south": {"uv": [0.0, 5.0, 8.0, 6.0], "texture": "#snowcover"}, "west": {"uv": [1.96, 5.0, 3.96, 6.0], "texture": "#snowcover"}, "up": {"texture": "#snowcover", "uv": [2, 0.0, 4, 8.0], "rotation": 90}, "down": {"texture": "#snowcover", "uv": [2, 0.0, 4, 8.0], "rotation": 90}}}]}, {"name": "2", "from": [-0.24, -0.1771, 3.96], "to": [7.76, 4.8229, 5.96], "rotationOrigin": [-0.2361, 2.3229, 8.0], "rotationZ": 33.75, "faces": {"north": {"texture": "#material", "uv": [0.0, 0.0, 5.0, 8.0], "rotation": 90}, "east": {"texture": "#material", "uv": [4, 0.0, 6, 5.0]}, "south": {"texture": "#material", "uv": [0.0, 0.0, 5.0, 8.0], "rotation": 90}, "west": {"texture": "#material", "uv": [4, 0.0, 6, 5.0]}, "up": {"texture": "#material", "uv": [4, 0.0, 6, 8.0], "rotation": 90}, "down": {"texture": "#material", "uv": [4, 0.0, 6, 8.0], "rotation": 90}}, "children": [{"name": "snow", "from": [0.0, 5.0, 0.0], "to": [8.0, 6.0, 2.0], "rotationOrigin": [-0.2361, 2.3229, 8.0], "faces": {"north": {"uv": [0.0, 5.0, 8.0, 6.0], "texture": "#snowcover"}, "east": {"uv": [3.96, 5.0, 5.96, 6.0], "texture": "#snowcover"}, "south": {"uv": [0.0, 5.0, 8.0, 6.0], "texture": "#snowcover"}, "west": {"uv": [3.96, 5.0, 5.96, 6.0], "texture": "#snowcover"}, "up": {"texture": "#snowcover", "uv": [4, 0.0, 6, 8.0], "rotation": 90}, "down": {"texture": "#snowcover", "uv": [4, 0.0, 6, 8.0], "rotation": 90}}}]}, {"name": "3", "from": [-0.24, -0.1771, 5.96], "to": [7.76, 4.8229, 7.96], "rotationOrigin": [-0.2361, 2.3229, 8.0], "rotationZ": 33.75, "faces": {"north": {"texture": "#material", "uv": [0.0, 0.0, 5.0, 8.0], "rotation": 90}, "east": {"texture": "#material", "uv": [6, 0.0, 8, 5.0]}, "south": {"texture": "#material", "uv": [0.0, 0.0, 5.0, 8.0], "rotation": 90}, "west": {"texture": "#material", "uv": [6, 0.0, 8, 5.0]}, "up": {"texture": "#material", "uv": [6, 0.0, 8, 8.0], "rotation": 90}, "down": {"texture": "#material", "uv": [6, 0.0, 8, 8.0], "rotation": 90}}, "children": [{"name": "snow", "from": [0.0, 5.0, 0.0], "to": [8.0, 6.0, 2.0], "rotationOrigin": [-0.2361, 2.3229, 8.0], "faces": {"north": {"uv": [0.0, 5.0, 8.0, 6.0], "texture": "#snowcover"}, "east": {"uv": [5.96, 5.0, 7.96, 6.0], "texture": "#snowcover"}, "south": {"uv": [0.0, 5.0, 8.0, 6.0], "texture": "#snowcover"}, "west": {"uv": [5.96, 5.0, 7.96, 6.0], "texture": "#snowcover"}, "up": {"texture": "#snowcover", "uv": [6, 0.0, 8, 8.0], "rotation": 90}, "down": {"texture": "#snowcover", "uv": [6, 0.0, 8, 8.0], "rotation": 90}}}]}, {"name": "4", "from": [-0.24, -0.1771, 7.96], "to": [7.76, 4.8229, 9.96], "rotationOrigin": [-0.2361, 2.3229, 8.0], "rotationZ": 33.75, "faces": {"north": {"texture": "#material", "uv": [0.0, 0.0, 5.0, 8.0], "rotation": 90}, "east": {"texture": "#material", "uv": [8, 0.0, 10, 5.0]}, "south": {"texture": "#material", "uv": [0.0, 0.0, 5.0, 8.0], "rotation": 90}, "west": {"texture": "#material", "uv": [8, 0.0, 10, 5.0]}, "up": {"texture": "#material", "uv": [8, 0.0, 10, 8.0], "rotation": 90}, "down": {"texture": "#material", "uv": [8, 0.0, 10, 8.0], "rotation": 90}}, "children": [{"name": "snow", "from": [0.0, 5.0, 0.0], "to": [8.0, 6.0, 2.000000000000001], "rotationOrigin": [-0.2361, 2.3229, 8.0], "faces": {"north": {"uv": [0.0, 5.0, 8.0, 6.0], "texture": "#snowcover"}, "east": {"uv": [7.96, 5.0, 9.96, 6.0], "texture": "#snowcover"}, "south": {"uv": [0.0, 5.0, 8.0, 6.0], "texture": "#snowcover"}, "west": {"uv": [7.96, 5.0, 9.96, 6.0], "texture": "#snowcover"}, "up": {"texture": "#snowcover", "uv": [8, 0.0, 10, 8.0], "rotation": 90}, "down": {"texture": "#snowcover", "uv": [8, 0.0, 10, 8.0], "rotation": 90}}}]}, {"name": "5", "from": [-0.24, -0.1771, 9.96], "to": [7.76, 4.8229, 11.96], "rotationOrigin": [-0.2361, 2.3229, 8.0], "rotationZ": 33.75, "faces": {"north": {"texture": "#material", "uv": [0.0, 0.0, 5.0, 8.0], "rotation": 90}, "east": {"texture": "#material", "uv": [10, 0.0, 12, 5.0]}, "south": {"texture": "#material", "uv": [0.0, 0.0, 5.0, 8.0], "rotation": 90}, "west": {"texture": "#material", "uv": [10, 0.0, 12, 5.0]}, "up": {"texture": "#material", "uv": [10, 0.0, 12, 8.0], "rotation": 90}, "down": {"texture": "#material", "uv": [10, 0.0, 12, 8.0], "rotation": 90}}, "children": [{"name": "snow", "from": [0.0, 5.0, 0.0], "to": [8.0, 6.0, 2.0], "rotationOrigin": [-0.2361, 2.3229, 8.0], "faces": {"north": {"uv": [0.0, 5.0, 8.0, 6.0], "texture": "#snowcover"}, "east": {"uv": [9.96, 5.0, 11.96, 6.0], "texture": "#snowcover"}, "south": {"uv": [0.0, 5.0, 8.0, 6.0], "texture": "#snowcover"}, "west": {"uv": [9.96, 5.0, 11.96, 6.0], "texture": "#snowcover"}, "up": {"texture": "#snowcover", "uv": [10, 0.0, 12, 8.0], "rotation": 90}, "down": {"texture": "#snowcover", "uv": [10, 0.0, 12, 8.0], "rotation": 90}}}]}, {"name": "6", "from": [-0.24, -0.1771, 11.96], "to": [7.76, 4.8229, 13.96], "rotationOrigin": [-0.2361, 2.3229, 8.0], "rotationZ": 33.75, "faces": {"north": {"texture": "#material", "uv": [0.0, 0.0, 5.0, 8.0], "rotation": 90}, "east": {"texture": "#material", "uv": [12, 0.0, 14, 5.0]}, "south": {"texture": "#material", "uv": [0.0, 0.0, 5.0, 8.0], "rotation": 90}, "west": {"texture": "#material", "uv": [12, 0.0, 14, 5.0]}, "up": {"texture": "#material", "uv": [12, 0.0, 14, 8.0], "rotation": 90}, "down": {"texture": "#material", "uv": [12, 0.0, 14, 8.0], "rotation": 90}}, "children": [{"name": "snow", "from": [0.0, 5.0, 0.0], "to": [8.0, 6.0, 2.0], "rotationOrigin": [-0.2361, 2.3229, 8.0], "faces": {"north": {"uv": [0.0, 5.0, 8.0, 6.0], "texture": "#snowcover"}, "east": {"uv": [11.96, 5.0, 13.96, 6.0], "texture": "#snowcover"}, "south": {"uv": [0.0, 5.0, 8.0, 6.0], "texture": "#snowcover"}, "west": {"uv": [11.96, 5.0, 13.96, 6.0], "texture": "#snowcover"}, "up": {"texture": "#snowcover", "uv": [12, 0.0, 14, 8.0], "rotation": 90}, "down": {"texture": "#snowcover", "uv": [12, 0.0, 14, 8.0], "rotation": 90}}}]}, {"name": "7", "from": [-0.24, -0.1771, 13.96], "to": [7.76, 4.8229, 16.02], "rotationOrigin": [-0.2361, 2.3229, 8.0], "rotationZ": 33.75, "faces": {"north": {"texture": "#material", "uv": [0.0, 0.0, 5.0, 8.0], "rotation": 90}, "east": {"texture": "#material", "uv": [14, 0.0, 16, 5.0]}, "south": {"texture": "#material", "uv": [0.0, 0.0, 5.0, 8.0], "rotation": 90}, "west": {"texture": "#material", "uv": [14, 0.0, 16, 5.0]}, "up": {"texture": "#material", "uv": [14, 0.0, 16, 8.0], "rotation": 90}, "down": {"texture": "#material", "uv": [14, 0.0, 16, 8.0], "rotation": 90}}, "children": [{"name": "snow", "from": [0.0, 5.0, 0.0], "to": [8.0, 6.0, 2.0599999999999987], "rotationOrigin": [-0.2361, 2.3229, 8.0], "faces": {"north": {"uv": [0.0, 5.0, 8.0, 6.0], "texture": "#snowcover"}, "east": {"uv": [13.96, 5.0, 16, 6.0], "texture": "#snowcover"}, "south": {"uv": [0.0, 5.0, 8.0, 6.0], "texture": "#snowcover"}, "west": {"uv": [13.96, 5.0, 16, 6.0], "texture": "#snowcover"}, "up": {"texture": "#snowcover", "uv": [14, 0.0, 16, 8.0], "rotation": 90}, "down": {"texture": "#snowcover", "uv": [14, 0.0, 16, 8.0], "rotation": 90}}}]}]}, {"name": "3", "from": [0.0, 0.0, 0.0], "to": [0.0, 0.0, 0.0], "faces": {}, "children": [{"name": "0", "from": [-8.2361, -0.1771, -0.04], "to": [-0.2361, 4.8229, 1.96], "rotationOrigin": [-0.2361, 2.3229, 8.0], "rotationZ": 33.75, "faces": {"north": {"texture": "#material", "uv": [0.0, 8.0, 5.0, 16.0], "rotation": 90}, "east": {"texture": "#material", "uv": [0, 0.0, 2, 5.0]}, "south": {"texture": "#material", "uv": [0.0, 8.0, 5.0, 16.0], "rotation": 90}, "west": {"texture": "#material", "uv": [0, 0.0, 2, 5.0]}, "up": {"texture": "#material", "uv": [0, 8.0, 2, 16.0], "rotation": 90}, "down": {"texture": "#material", "uv": [0, 8.0, 2, 16.0], "rotation": 90}}, "children": [{"name": "snow", "from": [0.0, 5.0, 0.04], "to": [8.0, 6.0, 2.0], "rotationOrigin": [-0.2361, 2.3229, 8.0], "faces": {"north": {"uv": [0.0, 5.0, 8.0, 6.0], "texture": "#snowcover"}, "east": {"uv": [0.0, 5.0, 1.96, 6.0], "texture": "#snowcover"}, "south": {"uv": [0.0, 5.0, 8.0, 6.0], "texture": "#snowcover"}, "west": {"uv": [0.0, 5.0, 1.96, 6.0], "texture": "#snowcover"}, "up": {"texture": "#snowcover", "uv": [0, 8.0, 2, 16.0], "rotation": 90}, "down": {"texture": "#snowcover", "uv": [0, 8.0, 2, 16.0], "rotation": 90}}}]}, {"name": "1", "from": [-8.2361, -0.1771, 1.96], "to": [-0.2361, 4.8229, 3.96], "rotationOrigin": [-0.2361, 2.3229, 8.0], "rotationZ": 33.75, "faces": {"north": {"texture": "#material", "uv": [0.0, 8.0, 5.0, 16.0], "rotation": 90}, "east": {"texture": "#material", "uv": [2, 0.0, 4, 5.0]}, "south": {"texture": "#material", "uv": [0.0, 8.0, 5.0, 16.0], "rotation": 90}, "west": {"texture": "#material", "uv": [2, 0.0, 4, 5.0]}, "up": {"texture": "#material", "uv": [2, 8.0, 4, 16.0], "rotation": 90}, "down": {"texture": "#material", "uv": [2, 8.0, 4, 16.0], "rotation": 90}}, "children": [{"name": "snow", "from": [0.0, 5.0, 0.0], "to": [8.0, 6.0, 2.0], "rotationOrigin": [-0.2361, 2.3229, 8.0], "faces": {"north": {"uv": [0.0, 5.0, 8.0, 6.0], "texture": "#snowcover"}, "east": {"uv": [1.96, 5.0, 3.96, 6.0], "texture": "#snowcover"}, "south": {"uv": [0.0, 5.0, 8.0, 6.0], "texture": "#snowcover"}, "west": {"uv": [1.96, 5.0, 3.96, 6.0], "texture": "#snowcover"}, "up": {"texture": "#snowcover", "uv": [2, 8.0, 4, 16.0], "rotation": 90}, "down": {"texture": "#snowcover", "uv": [2, 8.0, 4, 16.0], "rotation": 90}}}]}, {"name": "2", "from": [-8.2361, -0.1771, 3.96], "to": [-0.2361, 4.8229, 5.96], "rotationOrigin": [-0.2361, 2.3229, 8.0], "rotationZ": 33.75, "faces": {"north": {"texture": "#material", "uv": [0.0, 8.0, 5.0, 16.0], "rotation": 90}, "east": {"texture": "#material", "uv": [4, 0.0, 6, 5.0]}, "south": {"texture": "#material", "uv": [0.0, 8.0, 5.0, 16.0], "rotation": 90}, "west": {"texture": "#material", "uv": [4, 0.0, 6, 5.0]}, "up": {"texture": "#material", "uv": [4, 8.0, 6, 16.0], "rotation": 90}, "down": {"texture": "#material", "uv": [4, 8.0, 6, 16.0], "rotation": 90}}, "children": [{"name": "snow", "from": [0.0, 5.0, 0.0], "to": [8.0, 6.0, 2.0], "rotationOrigin": [-0.2361, 2.3229, 8.0], "faces": {"north": {"uv": [0.0, 5.0, 8.0, 6.0], "texture": "#snowcover"}, "east": {"uv": [3.96, 5.0, 5.96, 6.0], "texture": "#snowcover"}, "south": {"uv": [0.0, 5.0, 8.0, 6.0], "texture": "#snowcover"}, "west": {"uv": [3.96, 5.0, 5.96, 6.0], "texture": "#snowcover"}, "up": {"texture": "#snowcover", "uv": [4, 8.0, 6, 16.0], "rotation": 90}, "down": {"texture": "#snowcover", "uv": [4, 8.0, 6, 16.0], "rotation": 90}}}]}, {"name": "3", "from": [-8.2361, -0.1771, 5.96], "to": [-0.2361, 4.8229, 7.96], "rotationOrigin": [-0.2361, 2.3229, 8.0], "rotationZ": 33.75, "faces": {"north": {"texture": "#material", "uv": [0.0, 8.0, 5.0, 16.0], "rotation": 90}, "east": {"texture": "#material", "uv": [6, 0.0, 8, 5.0]}, "south": {"texture": "#material", "uv": [0.0, 8.0, 5.0, 16.0], "rotation": 90}, "west": {"texture": "#material", "uv": [6, 0.0, 8, 5.0]}, "up": {"texture": "#material", "uv": [6, 8.0, 8, 16.0], "rotation": 90}, "down": {"texture": "#material", "uv": [6, 8.0, 8, 16.0], "rotation": 90}}, "children": [{"name": "snow", "from": [0.0, 5.0, 0.0], "to": [8.0, 6.0, 2.0], "rotationOrigin": [-0.2361, 2.3229, 8.0], "faces": {"north": {"uv": [0.0, 5.0, 8.0, 6.0], "texture": "#snowcover"}, "east": {"uv": [5.96, 5.0, 7.96, 6.0], "texture": "#snowcover"}, "south": {"uv": [0.0, 5.0, 8.0, 6.0], "texture": "#snowcover"}, "west": {"uv": [5.96, 5.0, 7.96, 6.0], "texture": "#snowcover"}, "up": {"texture": "#snowcover", "uv": [6, 8.0, 8, 16.0], "rotation": 90}, "down": {"texture": "#snowcover", "uv": [6, 8.0, 8, 16.0], "rotation": 90}}}]}, {"name": "4", "from": [-8.2361, -0.1771, 7.96], "to": [-0.2361, 4.8229, 9.96], "rotationOrigin": [-0.2361, 2.3229, 8.0], "rotationZ": 33.75, "faces": {"north": {"texture": "#material", "uv": [0.0, 8.0, 5.0, 16.0], "rotation": 90}, "east": {"texture": "#material", "uv": [8, 0.0, 10, 5.0]}, "south": {"texture": "#material", "uv": [0.0, 8.0, 5.0, 16.0], "rotation": 90}, "west": {"texture": "#material", "uv": [8, 0.0, 10, 5.0]}, "up": {"texture": "#material", "uv": [8, 8.0, 10, 16.0], "rotation": 90}, "down": {"texture": "#material", "uv": [8, 8.0, 10, 16.0], "rotation": 90}}, "children": [{"name": "snow", "from": [0.0, 5.0, 0.0], "to": [8.0, 6.0, 2.000000000000001], "rotationOrigin": [-0.2361, 2.3229, 8.0], "faces": {"north": {"uv": [0.0, 5.0, 8.0, 6.0], "texture": "#snowcover"}, "east": {"uv": [7.96, 5.0, 9.96, 6.0], "texture": "#snowcover"}, "south": {"uv": [0.0, 5.0, 8.0, 6.0], "texture": "#snowcover"}, "west": {"uv": [7.96, 5.0, 9.96, 6.0], "texture": "#snowcover"}, "up": {"texture": "#snowcover", "uv": [8, 8.0, 10, 16.0], "rotation": 90}, "down": {"texture": "#snowcover", "uv": [8, 8.0, 10, 16.0], "rotation": 90}}}]}, {"name": "5", "from": [-8.2361, -0.1771, 9.96], "to": [-0.2361, 4.8229, 11.96], "rotationOrigin": [-0.2361, 2.3229, 8.0], "rotationZ": 33.75, "faces": {"north": {"texture": "#material", "uv": [0.0, 8.0, 5.0, 16.0], "rotation": 90}, "east": {"texture": "#material", "uv": [10, 0.0, 12, 5.0]}, "south": {"texture": "#material", "uv": [0.0, 8.0, 5.0, 16.0], "rotation": 90}, "west": {"texture": "#material", "uv": [10, 0.0, 12, 5.0]}, "up": {"texture": "#material", "uv": [10, 8.0, 12, 16.0], "rotation": 90}, "down": {"texture": "#material", "uv": [10, 8.0, 12, 16.0], "rotation": 90}}, "children": [{"name": "snow", "from": [0.0, 5.0, 0.0], "to": [8.0, 6.0, 2.0], "rotationOrigin": [-0.2361, 2.3229, 8.0], "faces": {"north": {"uv": [0.0, 5.0, 8.0, 6.0], "texture": "#snowcover"}, "east": {"uv": [9.96, 5.0, 11.96, 6.0], "texture": "#snowcover"}, "south": {"uv": [0.0, 5.0, 8.0, 6.0], "texture": "#snowcover"}, "west": {"uv": [9.96, 5.0, 11.96, 6.0], "texture": "#snowcover"}, "up": {"texture": "#snowcover", "uv": [10, 8.0, 12, 16.0], "rotation": 90}, "down": {"texture": "#snowcover", "uv": [10, 8.0, 12, 16.0], "rotation": 90}}}]}, {"name": "6", "from": [-8.2361, -0.1771, 11.96], "to": [-0.2361, 4.8229, 13.96], "rotationOrigin": [-0.2361, 2.3229, 8.0], "rotationZ": 33.75, "faces": {"north": {"texture": "#material", "uv": [0.0, 8.0, 5.0, 16.0], "rotation": 90}, "east": {"texture": "#material", "uv": [12, 0.0, 14, 5.0]}, "south": {"texture": "#material", "uv": [0.0, 8.0, 5.0, 16.0], "rotation": 90}, "west": {"texture": "#material", "uv": [12, 0.0, 14, 5.0]}, "up": {"texture": "#material", "uv": [12, 8.0, 14, 16.0], "rotation": 90}, "down": {"texture": "#material", "uv": [12, 8.0, 14, 16.0], "rotation": 90}}, "children": [{"name": "snow", "from": [0.0, 5.0, 0.0], "to": [8.0, 6.0, 2.0], "rotationOrigin": [-0.2361, 2.3229, 8.0], "faces": {"north": {"uv": [0.0, 5.0, 8.0, 6.0], "texture": "#snowcover"}, "east": {"uv": [11.96, 5.0, 13.96, 6.0], "texture": "#snowcover"}, "south": {"uv": [0.0, 5.0, 8.0, 6.0], "texture": "#snowcover"}, "west": {"uv": [11.96, 5.0, 13.96, 6.0], "texture": "#snowcover"}, "up": {"texture": "#snowcover", "uv": [12, 8.0, 14, 16.0], "rotation": 90}, "down": {"texture": "#snowcover", "uv": [12, 8.0, 14, 16.0], "rotation": 90}}}]}, {"name": "7", "from": [-8.2361, -0.1771, 13.96], "to": [-0.2361, 4.8229, 16.02], "rotationOrigin": [-0.2361, 2.3229, 8.0], "rotationZ": 33.75, "faces": {"north": {"texture": "#material", "uv": [0.0, 8.0, 5.0, 16.0], "rotation": 90}, "east": {"texture": "#material", "uv": [14, 0.0, 16, 5.0]}, "south": {"texture": "#material", "uv": [0.0, 8.0, 5.0, 16.0], "rotation": 90}, "west": {"texture": "#material", "uv": [14, 0.0, 16, 5.0]}, "up": {"texture": "#material", "uv": [14, 8.0, 16, 16.0], "rotation": 90}, "down": {"texture": "#material", "uv": [14, 8.0, 16, 16.0], "rotation": 90}}, "children": [{"name": "snow", "from": [0.0, 5.0, 0.0], "to": [8.0, 6.0, 2.0599999999999987], "rotationOrigin": [-0.2361, 2.3229, 8.0], "faces": {"north": {"uv": [0.0, 5.0, 8.0, 6.0], "texture": "#snowcover"}, "east": {"uv": [13.96, 5.0, 16, 6.0], "texture": "#snowcover"}, "south": {"uv": [0.0, 5.0, 8.0, 6.0], "texture": "#snowcover"}, "west": {"uv": [13.96, 5.0, 16, 6.0], "texture": "#snowcover"}, "up": {"texture": "#snowcover", "uv": [14, 8.0, 16, 16.0], "rotation": 90}, "down": {"texture": "#snowcover", "uv": [14, 8.0, 16, 16.0], "rotation": 90}}}]}]}]}]}]}