{
	"editor": {
		"collapsedPaths": ",Root/origin/handle1/handle2/Handle3/tie1,Root/origin/handle1/handle2/Handle3/tie2,Root/origin/handle1/handle2/Handle3/tie3",
		"allAngles": false,
		"entityTextureMode": false
	},
	"textureWidth": 16,
	"textureHeight": 16,
	"textureSizes": {
	},
	"textures": {
		"charred": "game:block/wood/charred",
		"wood": "game:block/wood/plainoak",
		"rope": "game:item/resource/rope"
	},
	"elements": [
		{
			"name": "origin",
			"from": [ 8.0, 0.0, 8.0 ],
			"to": [ 8.0, 0.0, 8.0 ],
			"rotationOrigin": [ 8.0, 0.0, 8.0 ],
			"faces": {
				"north": { "texture": "#null", "uv": [ 0.0, 0.0, 0.5, 0.5 ] },
				"east": { "texture": "#null", "uv": [ 0.0, 0.0, 0.5, 0.5 ] },
				"south": { "texture": "#null", "uv": [ 0.0, 0.0, 0.5, 0.5 ] },
				"west": { "texture": "#null", "uv": [ 0.0, 0.0, 0.5, 0.5 ] },
				"up": { "texture": "#null", "uv": [ 0.0, 0.0, 0.5, 0.5 ] },
				"down": { "texture": "#null", "uv": [ 0.0, 0.0, 0.5, 0.5 ] }
			},
			"children": [
				{
					"name": "handle1",
					"from": [ 0.0, 0.0, 0.0 ],
					"to": [ 6.0, 1.0, 1.0 ],
					"faces": {
						"north": { "texture": "#charred", "uv": [ 0.0, 0.0, 6.0, 1.0 ], "windMode": [-1,-1,-1,-1] },
						"east": { "texture": "#charred", "uv": [ 0.0, 0.0, 1.0, 1.0 ], "windMode": [-1,-1,-1,-1] },
						"south": { "texture": "#charred", "uv": [ 0.0, 0.0, 6.0, 1.0 ], "windMode": [-1,-1,-1,-1] },
						"west": { "texture": "#charred", "uv": [ 0.0, 0.0, 1.0, 1.0 ], "windMode": [-1,-1,-1,-1] },
						"up": { "texture": "#charred", "uv": [ 0.0, 0.0, 6.0, 1.0 ], "windMode": [-1,-1,-1,-1] },
						"down": { "texture": "#charred", "uv": [ 0.0, 0.0, 6.0, 1.0 ], "windMode": [-1,-1,-1,-1] }
					},
					"children": [
						{
							"name": "handle2",
							"from": [ 6.0, -0.125, -0.125 ],
							"to": [ 19.0, 1.125, 1.125 ],
							"rotationOrigin": [ 6.0, -0.3, -0.4 ],
							"faces": {
								"north": { "texture": "#wood", "uv": [ 0.0, 0.0, 13.0, 1.0 ] },
								"east": { "texture": "#wood", "uv": [ 0.0, 0.0, 1.0, 1.0 ], "windMode": [-1,-1,-1,-1] },
								"south": { "texture": "#wood", "uv": [ 0.0, 0.0, 13.0, 1.0 ], "windMode": [-1,-1,-1,-1] },
								"west": { "texture": "#wood", "uv": [ 0.0, 0.0, 1.0, 1.0 ], "windMode": [-1,-1,-1,-1] },
								"up": { "texture": "#wood", "uv": [ 0.0, 0.0, 13.0, 1.0 ], "windMode": [-1,-1,-1,-1] },
								"down": { "texture": "#wood", "uv": [ 0.0, 0.0, 13.0, 1.0 ], "windMode": [-1,-1,-1,-1] }
							},
							"children": [
								{
									"name": "Handle3",
									"from": [ 13.0, -0.125, -0.125 ],
									"to": [ 21.0, 1.375, 1.375 ],
									"rotationOrigin": [ 13.0, -0.1, -0.1 ],
									"faces": {
										"north": { "texture": "#wood", "uv": [ 0.0, 0.0, 8.0, 1.5 ] },
										"east": { "texture": "#wood", "uv": [ 0.0, 0.0, 1.5, 1.5 ], "windMode": [-1,-1,-1,-1] },
										"south": { "texture": "#wood", "uv": [ 0.0, 0.0, 8.0, 1.5 ], "windMode": [-1,-1,-1,-1] },
										"west": { "texture": "#wood", "uv": [ 0.0, 0.0, 1.5, 1.5 ], "windMode": [-1,-1,-1,-1] },
										"up": { "texture": "#wood", "uv": [ 0.0, 0.0, 8.0, 1.5 ], "windMode": [-1,-1,-1,-1] },
										"down": { "texture": "#wood", "uv": [ 0.0, 0.0, 8.0, 1.5 ], "windMode": [-1,-1,-1,-1] }
									},
									"children": [
										{
											"name": "paddlemain",
											"from": [ 8.0, 0.25, -1.75 ],
											"to": [ 15.0, 1.25, 3.25 ],
											"rotationOrigin": [ 8.0, 0.2, -1.7 ],
											"faces": {
												"north": { "texture": "#wood", "uv": [ 0.0, 0.0, 7.0, 1.0 ] },
												"east": { "texture": "#wood", "uv": [ 0.0, 0.0, 5.0, 1.0 ], "windMode": [-1,-1,-1,-1] },
												"south": { "texture": "#wood", "uv": [ 0.0, 0.0, 7.0, 1.0 ], "windMode": [-1,-1,-1,-1] },
												"west": { "texture": "#wood", "uv": [ 0.0, 0.0, 5.0, 1.0 ], "windMode": [-1,-1,-1,-1] },
												"up": { "texture": "#wood", "uv": [ 0.0, 0.0, 7.0, 5.0 ], "windMode": [-1,-1,-1,-1] },
												"down": { "texture": "#wood", "uv": [ 0.0, 0.0, 7.0, 5.0 ], "windMode": [-1,-1,-1,-1] }
											},
											"children": [
												{
													"name": "taperL",
													"from": [ -4.6, 0.05, 1.7 ],
													"to": [ 0.4, 0.95, 3.3 ],
													"rotationOrigin": [ -4.6, 0.0, 1.7 ],
													"rotationY": 20.0,
													"faces": {
														"north": { "texture": "#wood", "uv": [ 0.0, 0.0, 5.0, 1.0 ], "autoUv": false },
														"east": { "texture": "#wood", "uv": [ 0.0, 0.0, 1.5, 0.5 ], "windMode": [-1,-1,-1,-1] },
														"south": { "texture": "#wood", "uv": [ 0.0, 0.0, 5.0, 0.5 ], "windMode": [-1,-1,-1,-1] },
														"west": { "texture": "#wood", "uv": [ 0.0, 0.0, 1.5, 0.5 ], "windMode": [-1,-1,-1,-1] },
														"up": { "texture": "#wood", "uv": [ 0.0, 0.0, 5.0, 1.5 ], "windMode": [-1,-1,-1,-1] },
														"down": { "texture": "#wood", "uv": [ 0.0, 0.0, 5.0, 1.5 ], "windMode": [-1,-1,-1,-1] }
													}
												},
												{
													"name": "taperR",
													"from": [ -4.0, 0.05, 1.8 ],
													"to": [ 1.0, 0.95, 3.4 ],
													"rotationOrigin": [ -4.0, 0.0, 1.8 ],
													"rotationY": -20.0,
													"faces": {
														"north": { "texture": "#wood", "uv": [ 0.0, 0.0, 5.0, 0.5 ] },
														"east": { "texture": "#wood", "uv": [ 0.0, 0.0, 1.5, 0.5 ], "windMode": [-1,-1,-1,-1] },
														"south": { "texture": "#wood", "uv": [ 0.0, 0.0, 5.0, 0.5 ], "windMode": [-1,-1,-1,-1] },
														"west": { "texture": "#wood", "uv": [ 0.0, 0.0, 1.5, 0.5 ], "windMode": [-1,-1,-1,-1] },
														"up": { "texture": "#wood", "uv": [ 0.0, 0.0, 5.0, 1.5 ], "windMode": [-1,-1,-1,-1] },
														"down": { "texture": "#wood", "uv": [ 0.0, 0.0, 5.0, 1.5 ], "windMode": [-1,-1,-1,-1] }
													}
												},
												{
													"name": "bottomedge",
													"from": [ 7.0, 0.0, 1.1 ],
													"to": [ 8.1, 1.0, 3.9 ],
													"rotationOrigin": [ 7.0, 0.0, 1.1 ],
													"faces": {
														"north": { "texture": "#wood", "uv": [ 0.0, 0.0, 1.0, 1.0 ] },
														"east": { "texture": "#wood", "uv": [ 0.0, 0.0, 2.5, 1.0 ], "windMode": [-1,-1,-1,-1] },
														"south": { "texture": "#wood", "uv": [ 0.0, 0.0, 1.0, 1.0 ], "windMode": [-1,-1,-1,-1] },
														"west": { "texture": "#wood", "uv": [ 0.0, 0.0, 2.5, 1.0 ], "windMode": [-1,-1,-1,-1] },
														"up": { "texture": "#wood", "uv": [ 0.0, 0.0, 1.0, 2.5 ], "windMode": [-1,-1,-1,-1] },
														"down": { "texture": "#wood", "uv": [ 0.0, 0.0, 1.0, 2.5 ], "windMode": [-1,-1,-1,-1] }
													}
												},
												{
													"name": "bottomtaperL",
													"from": [ 7.4, 0.05, 3.2 ],
													"to": [ 8.4, 0.95, 4.7 ],
													"rotationOrigin": [ 7.4, 0.0, 3.2 ],
													"rotationY": -45.0,
													"faces": {
														"north": { "texture": "#wood", "uv": [ 0.0, 0.0, 1.0, 0.5 ] },
														"east": { "texture": "#wood", "uv": [ 0.0, 0.0, 1.5, 0.5 ], "windMode": [-1,-1,-1,-1] },
														"south": { "texture": "#wood", "uv": [ 0.0, 0.0, 1.0, 0.5 ], "windMode": [-1,-1,-1,-1] },
														"west": { "texture": "#wood", "uv": [ 0.0, 0.0, 1.5, 0.5 ], "windMode": [-1,-1,-1,-1] },
														"up": { "texture": "#wood", "uv": [ 0.0, 0.0, 1.0, 1.5 ], "windMode": [-1,-1,-1,-1] },
														"down": { "texture": "#wood", "uv": [ 0.0, 0.0, 1.0, 1.5 ], "windMode": [-1,-1,-1,-1] }
													}
												},
												{
													"name": "bottomtaperL2",
													"from": [ 7.4, 1.05, 1.8 ],
													"to": [ 8.4, 1.95, 3.3 ],
													"rotationOrigin": [ 7.4, 1.0, 1.8 ],
													"rotationY": -135.0,
													"rotationZ": -180.0,
													"faces": {
														"north": { "texture": "#wood", "uv": [ 0.0, 0.0, 1.0, 0.5 ] },
														"east": { "texture": "#wood", "uv": [ 0.0, 0.0, 1.5, 0.5 ], "windMode": [-1,-1,-1,-1] },
														"south": { "texture": "#wood", "uv": [ 0.0, 0.0, 1.0, 0.5 ], "windMode": [-1,-1,-1,-1] },
														"west": { "texture": "#wood", "uv": [ 0.0, 0.0, 1.5, 0.5 ], "windMode": [-1,-1,-1,-1] },
														"up": { "texture": "#wood", "uv": [ 0.0, 0.0, 1.0, 1.5 ], "windMode": [-1,-1,-1,-1] },
														"down": { "texture": "#wood", "uv": [ 0.0, 0.0, 1.0, 1.5 ], "windMode": [-1,-1,-1,-1] }
													}
												}
											]
										},
										{
											"name": "taper",
											"from": [ 8.0, 0.0, 0.25 ],
											"to": [ 9.0, 1.5, 1.25 ],
											"rotationOrigin": [ 8.0, 0.0, 0.3 ],
											"faces": {
												"north": { "texture": "#wood", "uv": [ 0.0, 0.0, 1.0, 1.5 ] },
												"east": { "texture": "#wood", "uv": [ 0.0, 0.0, 1.0, 1.5 ] },
												"south": { "texture": "#wood", "uv": [ 0.0, 0.0, 1.0, 1.5 ] },
												"west": { "texture": "#wood", "uv": [ 0.0, 0.0, 1.0, 1.5 ] },
												"up": { "texture": "#wood", "uv": [ 0.0, 0.0, 1.0, 1.0 ] },
												"down": { "texture": "#wood", "uv": [ 0.0, 0.0, 1.0, 1.0 ] }
											}
										},
										{
											"name": "tie1",
											"from": [ 4.0, -0.5, 1.5 ],
											"to": [ 4.5, 2.0, 2.0 ],
											"rotationOrigin": [ 4.0, -0.5, 1.5 ],
											"faces": {
												"north": { "texture": "#rope", "uv": [ 0.0, 0.0, 0.5, 2.5 ] },
												"east": { "texture": "#rope", "uv": [ 0.0, 0.0, 0.5, 2.5 ], "windMode": [-1,-1,-1,-1] },
												"south": { "texture": "#rope", "uv": [ 0.0, 0.0, 0.5, 2.5 ], "windMode": [-1,-1,-1,-1] },
												"west": { "texture": "#rope", "uv": [ 0.0, 0.0, 0.5, 2.5 ], "windMode": [-1,-1,-1,-1] },
												"up": { "texture": "#rope", "uv": [ 0.0, 0.0, 0.5, 0.5 ], "windMode": [-1,-1,-1,-1] },
												"down": { "texture": "#rope", "uv": [ 0.0, 0.0, 0.5, 0.5 ], "windMode": [-1,-1,-1,-1] }
											},
											"children": [
												{
													"name": "tietop",
													"from": [ 0.0, 2.0, -1.5 ],
													"to": [ 0.5, 2.5, 0.0 ],
													"rotationOrigin": [ 0.0, 2.0, -1.5 ],
													"faces": {
														"north": { "texture": "#rope", "uv": [ 0.0, 0.0, 0.5, 0.5 ] },
														"east": { "texture": "#rope", "uv": [ 0.0, 0.0, 1.5, 0.5 ], "windMode": [-1,-1,-1,-1] },
														"south": { "texture": "#rope", "uv": [ 0.0, 0.0, 0.5, 0.5 ], "windMode": [-1,-1,-1,-1] },
														"west": { "texture": "#rope", "uv": [ 0.0, 0.0, 1.5, 0.5 ], "windMode": [-1,-1,-1,-1] },
														"up": { "texture": "#rope", "uv": [ 0.0, 0.0, 0.5, 1.5 ], "windMode": [-1,-1,-1,-1] },
														"down": { "texture": "#rope", "uv": [ 0.0, 0.0, 0.5, 1.5 ], "windMode": [-1,-1,-1,-1] }
													}
												},
												{
													"name": "tiebottom",
													"from": [ 0.0, 0.0, -1.5 ],
													"to": [ 0.5, 0.5, 0.0 ],
													"rotationOrigin": [ 0.0, 0.0, -1.5 ],
													"faces": {
														"north": { "texture": "#rope", "uv": [ 0.0, 0.0, 0.5, 0.5 ] },
														"east": { "texture": "#rope", "uv": [ 0.0, 0.0, 1.5, 0.5 ], "windMode": [-1,-1,-1,-1] },
														"south": { "texture": "#rope", "uv": [ 0.0, 0.0, 0.5, 0.5 ], "windMode": [-1,-1,-1,-1] },
														"west": { "texture": "#rope", "uv": [ 0.0, 0.0, 1.5, 0.5 ], "windMode": [-1,-1,-1,-1] },
														"up": { "texture": "#rope", "uv": [ 0.0, 0.0, 0.5, 1.5 ], "windMode": [-1,-1,-1,-1] },
														"down": { "texture": "#rope", "uv": [ 0.0, 0.0, 0.5, 1.5 ], "windMode": [-1,-1,-1,-1] }
													}
												},
												{
													"name": "tieotherside",
													"from": [ 0.0, 0.0, -2.0 ],
													"to": [ 0.5, 2.5, -1.5 ],
													"rotationOrigin": [ 0.0, 0.0, -2.0 ],
													"faces": {
														"north": { "texture": "#rope", "uv": [ 0.0, 0.0, 0.5, 2.5 ] },
														"east": { "texture": "#rope", "uv": [ 0.0, 0.0, 0.5, 2.5 ], "windMode": [-1,-1,-1,-1] },
														"south": { "texture": "#rope", "uv": [ 0.0, 0.0, 0.5, 2.5 ], "windMode": [-1,-1,-1,-1] },
														"west": { "texture": "#rope", "uv": [ 0.0, 0.0, 0.5, 2.5 ], "windMode": [-1,-1,-1,-1] },
														"up": { "texture": "#rope", "uv": [ 0.0, 0.0, 0.5, 0.5 ], "windMode": [-1,-1,-1,-1] },
														"down": { "texture": "#rope", "uv": [ 0.0, 0.0, 0.5, 0.5 ], "windMode": [-1,-1,-1,-1] }
													}
												}
											]
										},
										{
											"name": "tie2",
											"from": [ 3.0, -0.5, 1.5 ],
											"to": [ 3.5, 2.0, 2.0 ],
											"rotationOrigin": [ 3.0, -0.5, 1.5 ],
											"rotationY": -22.5,
											"faces": {
												"north": { "texture": "#rope", "uv": [ 0.0, 0.0, 0.5, 2.5 ] },
												"east": { "texture": "#rope", "uv": [ 0.0, 0.0, 0.5, 2.5 ], "windMode": [-1,-1,-1,-1] },
												"south": { "texture": "#rope", "uv": [ 0.0, 0.0, 0.5, 2.5 ], "windMode": [-1,-1,-1,-1] },
												"west": { "texture": "#rope", "uv": [ 0.0, 0.0, 0.5, 2.5 ], "windMode": [-1,-1,-1,-1] },
												"up": { "texture": "#rope", "uv": [ 0.0, 0.0, 0.5, 0.5 ], "windMode": [-1,-1,-1,-1] },
												"down": { "texture": "#rope", "uv": [ 0.0, 0.0, 0.5, 0.5 ], "windMode": [-1,-1,-1,-1] }
											},
											"children": [
												{
													"name": "tietop2",
													"from": [ 0.0, 2.0, -1.5 ],
													"to": [ 0.5, 2.5, 0.0 ],
													"rotationOrigin": [ 0.0, 2.0, -1.5 ],
													"faces": {
														"north": { "texture": "#rope", "uv": [ 0.0, 0.0, 0.5, 0.5 ] },
														"east": { "texture": "#rope", "uv": [ 0.0, 0.0, 1.5, 0.5 ], "windMode": [-1,-1,-1,-1] },
														"south": { "texture": "#rope", "uv": [ 0.0, 0.0, 0.5, 0.5 ], "windMode": [-1,-1,-1,-1] },
														"west": { "texture": "#rope", "uv": [ 0.0, 0.0, 1.5, 0.5 ], "windMode": [-1,-1,-1,-1] },
														"up": { "texture": "#rope", "uv": [ 0.0, 0.0, 0.5, 1.5 ], "windMode": [-1,-1,-1,-1] },
														"down": { "texture": "#rope", "uv": [ 0.0, 0.0, 0.5, 1.5 ], "windMode": [-1,-1,-1,-1] }
													}
												},
												{
													"name": "tiebottom2",
													"from": [ 0.0, 0.0, -1.5 ],
													"to": [ 0.5, 0.5, 0.0 ],
													"rotationOrigin": [ 0.0, 0.0, -1.5 ],
													"faces": {
														"north": { "texture": "#rope", "uv": [ 0.0, 0.0, 0.5, 0.5 ] },
														"east": { "texture": "#rope", "uv": [ 0.0, 0.0, 1.5, 0.5 ], "windMode": [-1,-1,-1,-1] },
														"south": { "texture": "#rope", "uv": [ 0.0, 0.0, 0.5, 0.5 ], "windMode": [-1,-1,-1,-1] },
														"west": { "texture": "#rope", "uv": [ 0.0, 0.0, 1.5, 0.5 ], "windMode": [-1,-1,-1,-1] },
														"up": { "texture": "#rope", "uv": [ 0.0, 0.0, 0.5, 1.5 ], "windMode": [-1,-1,-1,-1] },
														"down": { "texture": "#rope", "uv": [ 0.0, 0.0, 0.5, 1.5 ], "windMode": [-1,-1,-1,-1] }
													}
												},
												{
													"name": "tieotherside2",
													"from": [ 0.0, 0.0, -2.0 ],
													"to": [ 0.5, 2.5, -1.5 ],
													"rotationOrigin": [ 0.0, 0.0, -2.0 ],
													"faces": {
														"north": { "texture": "#rope", "uv": [ 0.0, 0.0, 0.5, 2.5 ] },
														"east": { "texture": "#rope", "uv": [ 0.0, 0.0, 0.5, 2.5 ], "windMode": [-1,-1,-1,-1] },
														"south": { "texture": "#rope", "uv": [ 0.0, 0.0, 0.5, 2.5 ], "windMode": [-1,-1,-1,-1] },
														"west": { "texture": "#rope", "uv": [ 0.0, 0.0, 0.5, 2.5 ], "windMode": [-1,-1,-1,-1] },
														"up": { "texture": "#rope", "uv": [ 0.0, 0.0, 0.5, 0.5 ], "windMode": [-1,-1,-1,-1] },
														"down": { "texture": "#rope", "uv": [ 0.0, 0.0, 0.5, 0.5 ], "windMode": [-1,-1,-1,-1] }
													}
												}
											]
										},
										{
											"name": "tie3",
											"from": [ 3.0, -0.3, 1.9 ],
											"to": [ 3.5, 2.2, 2.4 ],
											"rotationOrigin": [ 3.0, -0.3, 1.9 ],
											"rotationY": 22.5,
											"rotationZ": -22.5,
											"faces": {
												"north": { "texture": "#rope", "uv": [ 0.0, 0.0, 0.5, 2.5 ] },
												"east": { "texture": "#rope", "uv": [ 0.0, 0.0, 0.5, 2.5 ], "windMode": [-1,-1,-1,-1] },
												"south": { "texture": "#rope", "uv": [ 0.0, 0.0, 0.5, 2.5 ], "windMode": [-1,-1,-1,-1] },
												"west": { "texture": "#rope", "uv": [ 0.0, 0.0, 0.5, 2.5 ], "windMode": [-1,-1,-1,-1] },
												"up": { "texture": "#rope", "uv": [ 0.0, 0.0, 0.5, 0.5 ], "windMode": [-1,-1,-1,-1] },
												"down": { "texture": "#rope", "uv": [ 0.0, 0.0, 0.5, 0.5 ], "windMode": [-1,-1,-1,-1] }
											},
											"children": [
												{
													"name": "tietop3",
													"from": [ 0.0, 2.0, -1.5 ],
													"to": [ 0.5, 2.5, 0.0 ],
													"rotationOrigin": [ 0.0, 2.0, -1.5 ],
													"faces": {
														"north": { "texture": "#rope", "uv": [ 0.0, 0.0, 0.5, 0.5 ] },
														"east": { "texture": "#rope", "uv": [ 0.0, 0.0, 1.5, 0.5 ], "windMode": [-1,-1,-1,-1] },
														"south": { "texture": "#rope", "uv": [ 0.0, 0.0, 0.5, 0.5 ], "windMode": [-1,-1,-1,-1] },
														"west": { "texture": "#rope", "uv": [ 0.0, 0.0, 1.5, 0.5 ], "windMode": [-1,-1,-1,-1] },
														"up": { "texture": "#rope", "uv": [ 0.0, 0.0, 0.5, 1.5 ], "windMode": [-1,-1,-1,-1] },
														"down": { "texture": "#rope", "uv": [ 0.0, 0.0, 0.5, 1.5 ], "windMode": [-1,-1,-1,-1] }
													}
												},
												{
													"name": "tiebottom3",
													"from": [ 0.0, 0.0, -1.5 ],
													"to": [ 0.5, 0.5, 0.0 ],
													"rotationOrigin": [ 0.0, 0.0, -1.5 ],
													"faces": {
														"north": { "texture": "#rope", "uv": [ 0.0, 0.0, 0.5, 0.5 ] },
														"east": { "texture": "#rope", "uv": [ 0.0, 0.0, 1.5, 0.5 ], "windMode": [-1,-1,-1,-1] },
														"south": { "texture": "#rope", "uv": [ 0.0, 0.0, 0.5, 0.5 ], "windMode": [-1,-1,-1,-1] },
														"west": { "texture": "#rope", "uv": [ 0.0, 0.0, 1.5, 0.5 ], "windMode": [-1,-1,-1,-1] },
														"up": { "texture": "#rope", "uv": [ 0.0, 0.0, 0.5, 1.5 ], "windMode": [-1,-1,-1,-1] },
														"down": { "texture": "#rope", "uv": [ 0.0, 0.0, 0.5, 1.5 ], "windMode": [-1,-1,-1,-1] }
													}
												},
												{
													"name": "tieotherside3",
													"from": [ 0.0, 0.0, -2.0 ],
													"to": [ 0.5, 2.5, -1.5 ],
													"rotationOrigin": [ 0.0, 0.0, -2.0 ],
													"faces": {
														"north": { "texture": "#rope", "uv": [ 0.0, 0.0, 0.5, 2.5 ] },
														"east": { "texture": "#rope", "uv": [ 0.0, 0.0, 0.5, 2.5 ], "windMode": [-1,-1,-1,-1] },
														"south": { "texture": "#rope", "uv": [ 0.0, 0.0, 0.5, 2.5 ], "windMode": [-1,-1,-1,-1] },
														"west": { "texture": "#rope", "uv": [ 0.0, 0.0, 0.5, 2.5 ], "windMode": [-1,-1,-1,-1] },
														"up": { "texture": "#rope", "uv": [ 0.0, 0.0, 0.5, 0.5 ], "windMode": [-1,-1,-1,-1] },
														"down": { "texture": "#rope", "uv": [ 0.0, 0.0, 0.5, 0.5 ], "windMode": [-1,-1,-1,-1] }
													}
												}
											]
										}
									]
								}
							]
						},
						{
							"name": "handletop",
							"from": [ -1.0, 0.0, -1.0 ],
							"to": [ 0.0, 1.0, 2.0 ],
							"rotationOrigin": [ -1.0, 0.0, -1.0 ],
							"faces": {
								"north": { "texture": "#wood", "uv": [ 0.0, 0.0, 1.0, 1.0 ], "windMode": [-1,-1,-1,-1] },
								"east": { "texture": "#wood", "uv": [ 0.0, 0.0, 3.0, 1.0 ], "windMode": [-1,-1,-1,-1] },
								"south": { "texture": "#wood", "uv": [ 0.0, 0.0, 1.0, 1.0 ], "windMode": [-1,-1,-1,-1] },
								"west": { "texture": "#wood", "uv": [ 0.0, 0.0, 3.0, 1.0 ], "windMode": [-1,-1,-1,-1] },
								"up": { "texture": "#wood", "uv": [ 0.0, 0.0, 1.0, 3.0 ], "windMode": [-1,-1,-1,-1] },
								"down": { "texture": "#wood", "uv": [ 0.0, 0.0, 1.0, 3.0 ], "windMode": [-1,-1,-1,-1] }
							}
						}
					]
				}
			]
		}
	]}