{
	"code": "egg-cockatrice",
	"behaviors": [{"name": "UnstableFalling"}, {"name": "RightClickPickup", "properties": { "dropsPickupMode": true}} ],
	"entityClass": "Transient",
	"attributes": {
		"transientProps": {
			"convertFrom": "*", 
			"convertTo": "air", 
			"inGameHours": "72"
		},
		"handbook": {
			"groupBy": ["egg-cockatrice-*"]
		}
	},
	"variantgroups": [
		{ "code":"amount", "states": ["1", "2", "3", "4", "5"] }
	],	
	"creativeinventory": { "general": ["*"], "decorative": ["*"] },
	"blockmaterial": "Soil",
	"drawtype": "json",
	"shapebytype": {
		"*-1": { 
			"base": "block/egg/1cockatriceegg",
			"alternates": [ { "base": "block/egg/1cockatriceegg", "rotateY": 90 }, { "base": "block/egg/1cockatriceegg", "rotateY": 180 }, { "base": "block/egg/1cockatriceegg", "rotateY": 270 } ]
		},
		"*-2": { 
			"base": "block/egg/2cockatriceeggs",
			"alternates": [ { "base": "block/egg/2cockatriceeggs", "rotateY": 90 }, { "base": "block/egg/2cockatriceeggs", "rotateY": 180 }, { "base": "block/egg/2cockatriceeggs", "rotateY": 270 } ]
		},
		"*-3": { 
			"base": "block/egg/3cockatriceeggs",
			"alternates": [ { "base": "block/egg/3cockatriceeggs", "rotateY": 90 }, { "base": "block/egg/3cockatriceeggs", "rotateY": 180 }, { "base": "block/egg/3cockatriceeggs", "rotateY": 270 } ]
		},
		"*-4": { 
			"base": "block/egg/4cockatriceeggs",
			"alternates": [ { "base": "block/egg/4cockatriceeggs", "rotateY": 90 }, { "base": "block/egg/4cockatriceeggs", "rotateY": 180 }, { "base": "block/egg/4cockatriceeggs", "rotateY": 270 } ]
		},
		"*-5": { 
			"base": "block/egg/5cockatriceeggs",
			"alternates": [ { "base": "block/egg/5cockatriceeggs", "rotateY": 90 }, { "base": "block/egg/5cockatriceeggs", "rotateY": 180 }, { "base": "block/egg/5cockatriceeggs", "rotateY": 270 } ]
		}
	},
	"doNotRenderAtLod2": true,
	"lightAbsorption": 0,
	"sidesolid": { "all": false },
	"sideopaque": { "all": false },
	"replaceable": 100,
	"resistance": 0.25,
	"selectionbox": { "x1": 0, "y1": 0, "x2": 1, "y2": 0.125, "z2": 1 },
	"collisionbox": null,
	"dropsByType": {
		"*-1": [ { "type": "item", "code": "egg-cockatrice-raw", "quantity": { "avg": 1 }  } ],
		"*-2": [ { "type": "item", "code": "egg-cockatrice-raw", "quantity": { "avg": 2 }  } ],
		"*-3": [ { "type": "item", "code": "egg-cockatrice-raw", "quantity": { "avg": 3 }  } ],
		"*-4": [ { "type": "item", "code": "egg-cockatrice-raw", "quantity": { "avg": 4 }  } ],
		"*-5": [ { "type": "item", "code": "egg-cockatrice-raw", "quantity": { "avg": 5 }  } ]
	},
	"materialDensity": 300,
	"guiTransform": {
		"origin": { "x": 0.5, "y": 0.15, "z": 0.5 },
		"scale": 2.5
	}
}