[
	{
		"code": "firewood",
		"enabled": true,
		"attributes": {
		},
		"powerpercraft": 512,
		"ingredients": [
			{ "type": "block", "code": "game:log-*", "quantity": 1, "name":"woodtype", "allowedVariants": ["placed-birch-ud", "placed-oak-ud", "placed-maple-ud", "placed-pine-ud", "placed-acacia-ud", "placed-redwood-ud", "placed-larch-ud", "placed-baldcypress-ud", "placed-walnut-ud"] }
		],
		"outputs": [ 
			{ "type": "item", "code": "game:firewood", "stacksize": 8 },
			{ "type": "item", "code": "game:stick", "stacksize": 2, "variable": 1 }
		]
	},
	{
		"code": "firewood-from-redwood",
		"enabled": true,
		"attributes": {
		},
		"powerpercraft": 512,
		"ingredients": [
			{ "type": "block", "code": "game:logsection-placed-*", "quantity": 1, "name":"woodtype" }
		],
		"outputs": [ 
			{ "type": "item", "code": "game:firewood", "stacksize": 8 },
			{ "type": "item", "code": "game:stick", "stacksize": 2, "variable": 1 }
		]
	},
	{
		"code": "firewood-from-tropical",
		"enabled": true,
		"attributes": {
		},
		"powerpercraft": 640,
		"ingredients": [
			{ "type": "block", "code": "game:log-*", "quantity": 1, "name":"woodtype", "allowedVariants": ["placed-kapok-ud", "placed-purpleheart-ud", "placed-ebony-ud"] }
		],
		"outputs": [ 
			{ "type": "item", "code": "game:firewood", "stacksize": 8 },
			{ "type": "item", "code": "game:stick", "stacksize": 3, "variable": 1 }
		]
	}			
]