{
	"editor": {
		"backDropShape": "game:entity/humanoid/seraph-hairless",
		"allAngles": true,
		"entityTextureMode": true
	},
	"textureWidth": 64,
	"textureHeight": 64,
	"textureSizes": {
	},
	"textures": {
		"material": "game:entity/humanoid/serapharmor/lamellar/bismuthbronze"
	},
	"elements": [
		{
			"name": "ArmorHelmet",
			"stepParentName": "Head",
			"from": [ 0.1, 2.3, -0.65 ],
			"to": [ 6.1, 5.8, 5.65 ],
			"unwrapMode": 4,
			"autoUnwrap": false,
			"uv": [ 36.5, 18.5 ],
			"rotationOrigin": [ 0.1, 2.3, -0.65 ],
			"faces": {
				"north": { "texture": "#material", "uv": [ 36.5, 24.5, 42.5, 28.0 ] },
				"east": { "texture": "#material", "uv": [ 55.0, 24.5, 61.0, 28.0 ] },
				"south": { "texture": "#material", "uv": [ 48.5, 24.5, 54.5, 28.0 ] },
				"west": { "texture": "#material", "uv": [ 42.5, 24.5, 48.5, 28.0 ] },
				"up": { "texture": "#material", "uv": [ 42.5, 18.5, 48.5, 24.5 ], "rotation": 90 },
				"down": { "texture": "#material", "uv": [ 42.5, 28.0, 48.5, 34.0 ], "rotation": 90 }
			},
			"children": [
				{
					"name": "ArmorHelmetstrap",
					"from": [ 0.5, -2.5, 0.2 ],
					"to": [ 2.0, 0.5, 6.1 ],
					"unwrapMode": 5,
					"autoUnwrap": false,
					"uv": [ 46.5, 1.0 ],
					"rotationOrigin": [ 0.5, -2.5, 0.2 ],
					"faces": {
						"north": { "texture": "#material", "uv": [ 49.5, 1.0, 51.0, 4.0 ], "rotation": 180 },
						"east": { "texture": "#material", "uv": [ 51.0, 4.0, 54.0, 9.5 ], "rotation": 90 },
						"south": { "texture": "#material", "uv": [ 49.5, 9.5, 51.0, 12.5 ] },
						"west": { "texture": "#material", "uv": [ 46.5, 4.0, 49.5, 9.5 ], "rotation": 270 },
						"down": { "texture": "#material", "uv": [ 49.5, 4.0, 51.0, 9.5 ] }
					}
				},
				{
					"name": "ArmorHelmetFace",
					"from": [ -0.7, 0.8, 0.0 ],
					"to": [ 0.0, 3.5, 6.3 ],
					"unwrapMode": 1,
					"autoUnwrap": false,
					"uv": [ 32.0, 35.5 ],
					"rotationOrigin": [ -0.5, 0.8, 0.0 ],
					"faces": {
						"north": { "texture": "#material", "uv": [ 38.5, 41.5, 39.0, 44.0 ] },
						"south": { "texture": "#material", "uv": [ 32.0, 41.5, 32.5, 44.0 ] },
						"west": { "texture": "#material", "uv": [ 32.5, 41.5, 38.5, 44.0 ] },
						"up": { "texture": "#material", "uv": [ 32.0, 35.5, 32.5, 41.5 ], "rotation": 180 },
						"down": { "texture": "#material", "uv": [ 32.0, 44.0, 32.5, 50.0 ] }
					}
				},
				{
					"name": "ArmorHelmetMid",
					"from": [ 0.0, 3.5, 0.5 ],
					"to": [ 5.5, 5.0, 5.8 ],
					"unwrapMode": 5,
					"autoUnwrap": false,
					"uv": [ 48.5, 16.5 ],
					"rotationOrigin": [ 0.0, 3.5, 0.5 ],
					"faces": {
						"north": { "texture": "#material", "uv": [ 50.0, 16.5, 55.5, 18.0 ], "rotation": 180 },
						"east": { "texture": "#material", "uv": [ 56.0, 18.0, 57.5, 23.0 ], "rotation": 90 },
						"south": { "texture": "#material", "uv": [ 50.0, 23.0, 55.5, 24.5 ] },
						"west": { "texture": "#material", "uv": [ 48.5, 18.0, 50.0, 23.0 ], "rotation": 270 },
						"up": { "texture": "#material", "uv": [ 50.0, 18.0, 55.5, 23.0 ] }
					}
				},
				{
					"name": "ArmorHelmetNeck",
					"from": [ 4.6, -3.0, 0.2 ],
					"to": [ 5.6, 0.3, 6.2 ],
					"unwrapMode": 2,
					"uv": [ 48.5, 28.0 ],
					"rotationOrigin": [ 5.6, 0.0, 3.2 ],
					"rotationZ": 8.0,
					"faces": {
						"north": { "texture": "#material", "uv": [ 55.5, 28.0, 56.5, 31.0 ] },
						"east": { "texture": "#material", "uv": [ 49.5, 28.0, 55.5, 31.0 ] },
						"south": { "texture": "#material", "uv": [ 48.5, 28.0, 49.5, 31.0 ] },
						"west": { "texture": "#material", "uv": [ 56.5, 28.0, 62.5, 31.0 ] },
						"down": { "texture": "#material", "uv": [ 49.5, 31.0, 55.5, 32.0 ], "rotation": 270 }
					}
				},
				{
					"name": "ArmorHelmetNeckR",
					"from": [ 2.1, -3.0, 0.2 ],
					"to": [ 4.6, 0.3, 1.2 ],
					"unwrapMode": 2,
					"autoUnwrap": false,
					"uv": [ 50.0, 32.5 ],
					"rotationOrigin": [ 3.1, 0.0, 1.2 ],
					"faces": {
						"north": { "texture": "#material", "uv": [ 49.5, 28.0, 52.0, 31.0 ] },
						"east": { "texture": "#material", "uv": [ 48.5, 28.0, 49.5, 31.0 ] },
						"south": { "texture": "#material", "uv": [ 52.5, 28.0, 55.0, 31.0 ] },
						"west": { "texture": "#material", "uv": [ 55.5, 28.0, 56.5, 31.0 ] },
						"down": { "texture": "#material", "uv": [ 52.5, 31.0, 55.0, 32.0 ], "rotation": 180 }
					}
				},
				{
					"name": "ArmorHelmetNeckL",
					"from": [ 2.1, -3.0, 5.2 ],
					"to": [ 4.6, 0.3, 6.2 ],
					"unwrapMode": 2,
					"autoUnwrap": false,
					"uv": [ 52.5, 33.0 ],
					"rotationOrigin": [ 3.1, 0.0, 5.2 ],
					"faces": {
						"north": { "texture": "#material", "uv": [ 52.5, 28.0, 55.0, 31.0 ] },
						"east": { "texture": "#material", "uv": [ 55.5, 28.0, 56.5, 31.0 ] },
						"south": { "texture": "#material", "uv": [ 49.0, 28.0, 51.5, 31.0 ] },
						"west": { "texture": "#material", "uv": [ 48.5, 28.0, 49.5, 31.0 ] },
						"down": { "texture": "#material", "uv": [ 52.5, 31.0, 55.0, 32.0 ], "rotation": 180 }
					}
				}
			]
		}
	]}