{
	"editor": {
		"backDropShape": "shapes/entity/humanoid/seraph",
		"allAngles": true,
		"singleTexture": true
	},
	"textureWidth": 64,
	"textureHeight": 64,
	"textures": {
		"material": "game:entity/humanoid/serapharmor/lamellar/bismuthbronze"
	},
	"elements": [
		{
			"name": "ArmorLowerLegR",
			"stepParentName": "LowerFootR",
			"from": [ -0.3, 1.8, -0.25 ], 
			"to": [ 3.1, 7.3, 3.25 ], 
			"uv": [ 16.0, 46.0 ],
			"rotationOrigin": [ -0.3, 1.8, -0.4 ],
			"faces": {
				"north": { "texture": "#material", "uv": [ 16.0, 49.5, 19.0, 55.0 ] },
				"east": { "texture": "#material", "uv": [ 19.0, 49.5, 22.5, 55.0 ] },
				"south": { "texture": "#material", "uv": [ 22.5, 49.5, 25.5, 55.0 ] },
				"west": { "texture": "#material", "uv": [ 25.5, 49.5, 29.0, 55.0 ] },
				"up": { "texture": "#material", "uv": [ 16.0, 46.0, 19.0, 49.5 ] },
				"down": { "texture": "#material", "uv": [ 19.0, 46.0, 22.0, 49.5 ] }
			},
			"children": [
				{
					"name": "ArmorLegKneeR",
					"from": [ 0.0, 4.9, 0.1 ], 
					"to": [ 0.5, 6.9, 3.4 ], 
					"unwrapMode": 4,
					"uv": [ 22.0, 47.0 ],
					"rotationOrigin": [ 0.0, 4.9, 0.1 ],
					"rotationZ": 33.0,
					"faces": {
						"north": { "texture": "#material", "uv": [ 22.0, 47.5, 22.5, 49.5 ] },
						"east": { "texture": "#material", "uv": [ 26.0, 47.5, 29.0, 49.5 ] },
						"south": { "texture": "#material", "uv": [ 25.5, 47.5, 26.0, 49.5 ] },
						"west": { "texture": "#material", "uv": [ 22.5, 47.5, 25.5, 49.5 ] },
						"up": { "texture": "#material", "uv": [ 22.5, 47.0, 25.5, 47.5 ], "rotation": 90 },
						"down": { "texture": "#material", "uv": [ 22.5, 49.5, 25.5, 50.0 ], "rotation": 90, "enabled": false }
					}
				},
				{
					"name": "LegStrapR3",
					"from": [ 3.0, 0.5, 0.1 ], 
					"to": [ 4.5, 1.5, 3.4 ], 
					"unwrapMode": 2,
					"uv": [ 0.0, 59.0 ],
					"rotationOrigin": [ 3.0, 0.5, 0.1 ],
					"faces": {
						"north": { "texture": "#material", "uv": [ 4.5, 60.5, 6.0, 61.5 ] },
						"east": { "texture": "#material", "uv": [ 1.5, 60.5, 4.5, 61.5 ] },
						"south": { "texture": "#material", "uv": [ 0.0, 60.5, 1.5, 61.5 ] },
						"west": { "texture": "#material", "uv": [ 6.0, 60.5, 9.0, 61.5 ], "enabled": false },
						"up": { "texture": "#material", "uv": [ 1.5, 59.0, 4.5, 60.5 ], "rotation": 270 },
						"down": { "texture": "#material", "uv": [ 1.5, 61.5, 4.5, 63.0 ], "rotation": 270 }
					}
				},
				{
					"name": "LegStrapR1",
					"from": [ 3.0, 4.0, 0.1 ], 
					"to": [ 4.5, 5.0, 3.4 ], 
					"unwrapMode": 2,
					"uv": [ 0.0, 55.0 ],
					"rotationOrigin": [ 3.0, 4.0, 0.1 ],
					"faces": {
						"north": { "texture": "#material", "uv": [ 4.5, 56.5, 6.0, 57.5 ] },
						"east": { "texture": "#material", "uv": [ 1.5, 56.5, 4.5, 57.5 ] },
						"south": { "texture": "#material", "uv": [ 0.0, 56.5, 1.5, 57.5 ] },
						"west": { "texture": "#material", "uv": [ 6.0, 56.5, 9.0, 57.5 ], "enabled": false },
						"up": { "texture": "#material", "uv": [ 1.5, 55.0, 4.5, 56.5 ], "rotation": 270 },
						"down": { "texture": "#material", "uv": [ 1.5, 57.5, 4.5, 59.0 ], "rotation": 270 }
					}
				},
				{
					"name": "LegStrapR2",
					"from": [ 3.0, 2.3, 0.1 ], 
					"to": [ 4.5, 3.3, 3.4 ], 
					"unwrapMode": 2,
					"uv": [ 4.5, 57.0 ],
					"rotationOrigin": [ 3.0, 3.3, 0.1 ],
					"faces": {
						"north": { "texture": "#material", "uv": [ 9.0, 58.5, 10.5, 59.5 ] },
						"east": { "texture": "#material", "uv": [ 6.0, 58.5, 9.0, 59.5 ] },
						"south": { "texture": "#material", "uv": [ 4.5, 58.5, 6.0, 59.5 ] },
						"west": { "texture": "#material", "uv": [ 10.5, 58.5, 13.5, 59.5 ], "enabled": false },
						"up": { "texture": "#material", "uv": [ 6.0, 57.0, 9.0, 58.5 ], "rotation": 270 },
						"down": { "texture": "#material", "uv": [ 6.0, 59.5, 9.0, 61.0 ], "rotation": 270 }
					}
				}
			]
		},
		{
			"name": "ArmorLowerLegL",
			"stepParentName": "LowerFootL",
			"from": [ -0.3, 1.8, -0.25 ], 
			"to": [ 3.1, 7.3, 3.25 ], 
			"uv": [ 0.0, 46.0 ],
			"rotationOrigin": [ -0.3, 1.8, -0.4 ],
			"faces": {
				"north": { "texture": "#material", "uv": [ 0.0, 49.5, 3.0, 55.0 ] },
				"east": { "texture": "#material", "uv": [ 3.0, 49.5, 6.5, 55.0 ] },
				"south": { "texture": "#material", "uv": [ 6.5, 49.5, 9.5, 55.0 ] },
				"west": { "texture": "#material", "uv": [ 9.5, 49.5, 13.0, 55.0 ] },
				"up": { "texture": "#material", "uv": [ 0.0, 46.0, 3.0, 49.5 ] },
				"down": { "texture": "#material", "uv": [ 3.0, 46.0, 6.0, 49.5 ] }
			},
			"children": [
				{
					"name": "ArmorLegKneeL",
					"from": [ 0.0, 4.9, 0.1 ], 
					"to": [ 0.5, 6.9, 3.4 ], 
					"unwrapMode": 4,
					"uv": [ 6.0, 47.0 ],
					"rotationOrigin": [ 0.0, 4.9, 0.1 ],
					"rotationZ": 33.0,
					"faces": {
						"north": { "texture": "#material", "uv": [ 6.0, 47.5, 6.5, 49.5 ] },
						"east": { "texture": "#material", "uv": [ 10.0, 47.5, 13.0, 49.5 ] },
						"south": { "texture": "#material", "uv": [ 9.5, 47.5, 10.0, 49.5 ] },
						"west": { "texture": "#material", "uv": [ 6.5, 47.5, 9.5, 49.5 ] },
						"up": { "texture": "#material", "uv": [ 6.5, 47.0, 9.5, 47.5 ], "rotation": 90 },
						"down": { "texture": "#material", "uv": [ 6.5, 49.5, 9.5, 50.0 ], "rotation": 90, "enabled": false }
					}
				},
				{
					"name": "LegStrapL3",
					"from": [ 3.0, 0.5, 0.1 ], 
					"to": [ 4.5, 1.5, 3.4 ], 
					"unwrapMode": 2,
					"uv": [ 16.0, 59.0 ],
					"rotationOrigin": [ 3.0, 0.9, 0.1 ],
					"faces": {
						"north": { "texture": "#material", "uv": [ 20.5, 60.5, 22.0, 61.5 ] },
						"east": { "texture": "#material", "uv": [ 17.5, 60.5, 20.5, 61.5 ] },
						"south": { "texture": "#material", "uv": [ 16.0, 60.5, 17.5, 61.5 ] },
						"west": { "texture": "#material", "uv": [ 22.0, 60.5, 25.0, 61.5 ], "enabled": false },
						"up": { "texture": "#material", "uv": [ 17.5, 59.0, 20.5, 60.5 ], "rotation": 270 },
						"down": { "texture": "#material", "uv": [ 17.5, 61.5, 20.5, 63.0 ], "rotation": 270 }
					}
				},
				{
					"name": "LegStrapL1",
					"from": [ 3.0, 4.0, 0.1 ], 
					"to": [ 4.5, 5.0, 3.4 ], 
					"unwrapMode": 2,
					"uv": [ 16.0, 55.0 ],
					"rotationOrigin": [ 3.0, 4.0, 0.1 ],
					"faces": {
						"north": { "texture": "#material", "uv": [ 20.5, 56.5, 22.0, 57.5 ] },
						"east": { "texture": "#material", "uv": [ 17.5, 56.5, 20.5, 57.5 ] },
						"south": { "texture": "#material", "uv": [ 16.0, 56.5, 17.5, 57.5 ] },
						"west": { "texture": "#material", "uv": [ 22.0, 56.5, 25.0, 57.5 ], "enabled": false },
						"up": { "texture": "#material", "uv": [ 17.5, 55.0, 20.5, 56.5 ], "rotation": 270 },
						"down": { "texture": "#material", "uv": [ 17.5, 57.5, 20.5, 59.0 ], "rotation": 270 }
					}
				},
				{
					"name": "LegStrapL2",
					"from": [ 3.0, 2.3, 0.1 ], 
					"to": [ 4.5, 3.3, 3.4 ], 
					"unwrapMode": 2,
					"uv": [ 20.5, 57.0 ],
					"rotationOrigin": [ 3.0, 4.3, 0.1 ],
					"faces": {
						"north": { "texture": "#material", "uv": [ 25.0, 58.5, 26.5, 59.5 ] },
						"east": { "texture": "#material", "uv": [ 22.0, 58.5, 25.0, 59.5 ] },
						"south": { "texture": "#material", "uv": [ 20.5, 58.5, 22.0, 59.5 ] },
						"west": { "texture": "#material", "uv": [ 26.5, 58.5, 29.5, 59.5 ], "enabled": false },
						"up": { "texture": "#material", "uv": [ 22.0, 57.0, 25.0, 58.5 ], "rotation": 270 },
						"down": { "texture": "#material", "uv": [ 22.0, 59.5, 25.0, 61.0 ], "rotation": 270 }
					}
				}
			]
		}
	]}