{
	"editor": {
		"backDropShape": "E:/Programs/VSModelCreator/seraph-faceless",
		"allAngles": true,
		"entityTextureMode": true
	},
	"textureWidth": 64,
	"textureHeight": 64,
	"textureSizes": {
	},
	"textures": {
		"material": "game:entity/humanoid/serapharmor/lamellar/bismuthbronze"
	},
	"elements": [
		{
			"name": "ArmorUpperTorso",
			"stepParentName": "UpperTorso",
			"from": [ -0.3, -0.2, -0.3 ],
			"to": [ 5.3, 5.2, 6.5 ],
			"autoUnwrap": false,
			"uv": [ 0.0, 0.0 ],
			"rotationOrigin": [ -0.3, -0.2, -0.3 ],
			"faces": {
				"north": { "texture": "#material", "uv": [ 12.0, 6.5, 17.5, 11.5 ] },
				"east": { "texture": "#material", "uv": [ 5.5, 6.5, 12.0, 11.5 ] },
				"south": { "texture": "#material", "uv": [ 0.0, 6.5, 5.5, 11.5 ] },
				"west": { "texture": "#material", "uv": [ 17.5, 6.5, 24.0, 11.5 ] },
				"up": { "texture": "#material", "uv": [ 0.0, 0.0, 5.5, 6.5 ] },
				"down": { "texture": "#material", "uv": [ 5.5, 0.0, 11.0, 6.5 ] }
			}
		},
		{
			"name": "ArmorLowerTorso",
			"stepParentName": "LowerTorso",
			"from": [ -0.3, -0.5, -0.3 ],
			"to": [ 5.3, 5.1, 6.3 ],
			"autoUnwrap": false,
			"uv": [ 0.0, 11.5 ],
			"rotationOrigin": [ -0.3, -0.5, -0.3 ],
			"faces": {
				"north": { "texture": "#material", "uv": [ 12.0, 18.0, 17.5, 23.5 ] },
				"east": { "texture": "#material", "uv": [ 5.5, 18.0, 12.0, 23.5 ] },
				"south": { "texture": "#material", "uv": [ 0.0, 18.0, 5.5, 23.5 ] },
				"west": { "texture": "#material", "uv": [ 17.5, 18.0, 24.0, 23.5 ] },
				"up": { "texture": "#material", "uv": [ 0.0, 11.5, 5.5, 18.0 ] },
				"down": { "texture": "#material", "uv": [ 5.5, 11.5, 11.0, 18.0 ] }
			}
		},
		{
			"name": "ArmorCoatR",
			"stepParentName": "UpperFootR",
			"from": [ -0.7, -0.8, -0.45 ],
			"to": [ 4.9, 6.2, 3.05 ],
			"autoUnwrap": false,
			"uv": [ 18.0, 24.5 ],
			"rotationOrigin": [ -0.7, -0.8, -0.6 ],
			"faces": {
				"north": { "texture": "#material", "uv": [ 18.0, 28.0, 23.5, 35.0 ] },
				"east": { "texture": "#material", "uv": [ 32.5, 28.0, 36.0, 35.0 ] },
				"south": { "texture": "#material", "uv": [ 27.0, 28.0, 32.5, 35.0 ] },
				"west": { "texture": "#material", "uv": [ 23.5, 28.0, 27.0, 35.0 ] },
				"up": { "texture": "#material", "uv": [ 18.0, 24.5, 23.5, 28.0 ], "rotation": 180 },
				"down": { "texture": "#material", "uv": [ 23.5, 24.5, 29.0, 28.0 ], "rotation": 180 }
			},
			"children": [
				{
					"name": "ArmorLegCoverR",
					"from": [ 0.5, 0.7, 0.4 ],
					"to": [ 5.1, 10.1, 3.7 ],
					"autoUnwrap": false,
					"uv": [ 45.5, 48.0 ],
					"rotationOrigin": [ 0.5, 0.7, 0.4 ],
					"faces": {
						"north": { "texture": "#material", "uv": [ 58.5, 52.0, 63.0, 61.0 ] },
						"east": { "texture": "#material", "uv": [ 59.5, 52.0, 62.5, 61.0 ] },
						"south": { "texture": "#material", "uv": [ 56.0, 52.0, 60.5, 61.0 ] },
						"west": { "texture": "#material", "uv": [ 61.0, 52.0, 64.0, 61.0 ] },
						"up": { "texture": "#material", "uv": [ 57.5, 52.0, 62.0, 55.0 ] }
					}
				}
			]
		},
		{
			"name": "ArmorCoatL",
			"stepParentName": "UpperFootL",
			"from": [ -0.7, -0.8, 0.15 ],
			"to": [ 4.9, 6.2, 3.65 ],
			"autoUnwrap": false,
			"uv": [ 0.0, 24.5 ],
			"rotationOrigin": [ -0.7, -0.8, 0.0 ],
			"faces": {
				"north": { "texture": "#material", "uv": [ 0.0, 28.0, 5.5, 35.0 ] },
				"east": { "texture": "#material", "uv": [ 14.5, 28.0, 18.0, 35.0 ] },
				"south": { "texture": "#material", "uv": [ 9.0, 28.0, 14.5, 35.0 ] },
				"west": { "texture": "#material", "uv": [ 5.5, 28.0, 9.0, 35.0 ] },
				"up": { "texture": "#material", "uv": [ 0.0, 24.5, 5.5, 28.0 ] },
				"down": { "texture": "#material", "uv": [ 5.5, 24.5, 11.0, 28.0 ] }
			},
			"children": [
				{
					"name": "ArmorLegCoverL",
					"from": [ 0.5, 0.7, -0.2 ],
					"to": [ 5.1, 10.1, 3.1 ],
					"autoUnwrap": false,
					"uv": [ 0.0, 0.0 ],
					"rotationOrigin": [ 0.5, 0.7, -0.2 ],
					"faces": {
						"north": { "texture": "#material", "uv": [ 58.5, 52.0, 63.0, 61.0 ] },
						"east": { "texture": "#material", "uv": [ 59.5, 52.0, 62.5, 61.0 ] },
						"south": { "texture": "#material", "uv": [ 56.0, 52.0, 60.5, 61.0 ] },
						"west": { "texture": "#material", "uv": [ 61.0, 52.0, 64.0, 61.0 ] },
						"up": { "texture": "#material", "uv": [ 57.5, 52.0, 62.0, 55.0 ] }
					}
				}
			]
		}
	]}