{
	"code": "vemvtransformer",
	"class": "VEElectricBlock",
	"entityClass": "VEBEMVTransformer",
	"behaviors": [
		{"name": "HorizontalOrientable", "properties": { "drop": { "type":"block", "code": "vemvtransformer-north" }}}
	],
	"variantgroups": [
		{ "code":"side", "loadFromProperties": "abstract/horizontalorientation" }
	],
	"entityBehaviors": [
		{ "name": "Animatable" },
		{
			"name": "Electric",
			"properties": {
				"canExtractPower": true,
				"canReceivePower": true,
				"entitytype": "Transformer",
				"maxpower": 4000,
				"maxpps": 500
			}
		}
	],
	"attributes": {
		"handbook": {
			"groupBy": ["vemvtransformer-*"],
			"excludeByType": {
				"*-north": false,
				"*": true
			}
		},
		"craftinganimcode": "craft",
		"priority": 4,
        "wireNodes": [
            {
                "index": 0,
                "wirefunction": "Power",
				"powertier": "LV",
				"maxconnections": 1,
                "x1": 0.40625,
                "y1": 0.40625,
                "z1": 0.8125,
                "x2": 0.59375,
                "y2": 0.59375,
                "z2": 1,
                "rotateYByType": {
					"*-north": 0,
					"*-east": 270,
                    "*-south": 180,
                    "*-west": 90
                }
            },
            {
                "index": 1,
                "wirefunction": "Power",
				"powertier": "MV",
				"maxconnections": 1,
                "x1": 0.375,
                "y1": 0.8125,
                "z1": 0.375,
                "x2": 0.5625,
                "y2": 1,
                "z2": 0.5625,
                "rotateYByType": {
					"*-north": 0,
					"*-east": 270,
                    "*-south": 180,
                    "*-west": 90
                }
            }
        ]
	},
	"creativeinventory": { "general": ["vemvtransformer-north"], "terrain": ["*"], "mechanics": ["*"], "vinteng": ["vemvtransformer-north"]},
	"shapeByType": {
		"*-north": 	{ "base": "vinteng:block/mvlvtransformer", "rotateY":0 },
		"*-east": 	{ "base": "vinteng:block/mvlvtransformer", "rotateY":270 },
		"*-south": 	{ "base": "vinteng:block/mvlvtransformer", "rotateY":180 },
		"*-west": 	{ "base": "vinteng:block/mvlvtransformer", "rotateY":90 }
	},
	"blockmaterial": "Metal",
	"textures": {},
	"sidesolid": {
		"all": false, "down": true
	},
	"sideopaque": {
		"all": false
	},
	"lightAbsorption": 1,
	"maxStackSize": 8,
	"replaceable": 600,
	"resistance": 1.5,
	"collisionSelectionBoxes": [
		{ "x1": 0, "y1": 0, "z1": 0, "x2": 1, "y2": 1, "z2": 1 }
	],
	"guiTransform": {
		"rotation": { "x": -22.6, "y": -149, "z": 0 }
	}
}
