[
	{
		"code": "vildgamkobold",
		"traits": ["fangsclawsv", "digitigradev", "shinyseeker", "bowyer", "improviser", "packhunter", "naturist"],
		"gear": [
			{
				"type": "item",
				"code": "game:clothes-lowerbody-torn-riding-pants"
			}
		]
	},
	{
		"code": "stahlzahnekobold",
		"traits": ["fangsclawss", "digitigrades", "apexpredator", "packleader", "ravenous", "heavyhanded"],
		"gear": [
			{
				"type": "item",
				"code": "game:clothes-lowerbody-blackguard-leggings"
			},
			{
				"type": "item",
				"code": "game:clothes-waist-sturdy-belt"
			}
		]
	}
]