[
	{
		"code": "fangsclawsv",
		"type": "positive",
		"attributes": {"meleeWeaponsDamage": 0.15}
	},
	{
		"code": "digitigradev",
		"type": "positive",
		"attributes": {"walkspeed": 0.15}
	},
	{
		"code": "shinyseeker",
		"type": "positive",
		"attributes": {
			"miningSpeedMul": 0.15,
			"oreDropRate": 0.15
		}
	},
	{
		"code": "packhunter",
		"type": "negative",
		"attributes": {"maxhealthExtraPoints": -5}
	},
	{
		"code": "naturist",
		"type": "negative",
		"attributes": {"armorWalkSpeedAffectedness": 0.5}
	},
	{
		"code": "fangsclawss",
		"type": "positive",
		"attributes": {"meleeWeaponsDamage": 0.25}
	},
	{
		"code": "digitigrades",
		"type": "positive",
		"attributes": {"walkspeed": 0.05}
	},
	{
		"code": "apexpredator",
		"type": "positive",
		"attributes": {
			"animalLootDropRate": 0.15,
			"animalHarvestingTime": -0.15
		}
	},
	{
		"code": "packleader",
		"type": "positive",
		"attributes": {
			"maxhealthExtraPoints": 5,
			"maxsaturation": 500
		}
	}
]