{
	"editor": {
		"allAngles": false,
		"entityTextureMode": false
	},
	"textureWidth": 16,
	"textureHeight": 16,
	"textureSizes": {
	},
	"textures": {
	},
	"elements": [
		{
			"name": "PlateMoldTop",
			"from": [ 2.0, 0.0, 2.0 ],
			"to": [ 14.0, 1.5, 4.0 ],
			"rotationOrigin": [ 2.0, 0.0, 2.0 ],
			"faces": {
				"north": { "texture": "#steel", "uv": [ 0.0, 0.0, 12.0, 1.5 ] },
				"east": { "texture": "#steel", "uv": [ 0.0, 0.0, 1.0, 1.0 ], "autoUv": false },
				"south": { "texture": "#steel", "uv": [ 0.0, 0.0, 12.0, 1.5 ] },
				"west": { "texture": "#steel", "uv": [ 0.0, 0.0, 2.0, 1.5 ] },
				"up": { "texture": "#steel", "uv": [ 0.0, 0.0, 12.0, 2.0 ] },
				"down": { "texture": "#steel", "uv": [ 0.0, 0.0, 12.0, 2.0 ] }
			}
		},
		{
			"name": "PlateMoldBottom",
			"from": [ 2.0, 0.0, 12.0 ],
			"to": [ 14.0, 1.5, 14.0 ],
			"rotationOrigin": [ 2.0, 0.0, 12.0 ],
			"faces": {
				"north": { "texture": "#steel", "uv": [ 0.0, 0.0, 12.0, 1.5 ] },
				"east": { "texture": "#steel", "uv": [ 0.0, 0.0, 2.0, 1.5 ] },
				"south": { "texture": "#steel", "uv": [ 0.0, 0.0, 12.0, 1.5 ] },
				"west": { "texture": "#steel", "uv": [ 0.0, 0.0, 2.0, 1.5 ] },
				"up": { "texture": "#steel", "uv": [ 0.0, 0.0, 12.0, 2.0 ] },
				"down": { "texture": "#steel", "uv": [ 0.0, 0.0, 12.0, 2.0 ] }
			}
		},
		{
			"name": "PlateMoldLeft",
			"from": [ 2.0, 0.0, 4.0 ],
			"to": [ 4.0, 1.5, 12.0 ],
			"rotationOrigin": [ 2.0, 0.0, 4.0 ],
			"faces": {
				"north": { "texture": "#steel", "uv": [ 0.0, 0.0, 2.0, 1.5 ] },
				"east": { "texture": "#steel", "uv": [ 0.0, 0.0, 8.0, 1.5 ] },
				"south": { "texture": "#steel", "uv": [ 0.0, 0.0, 2.0, 1.5 ] },
				"west": { "texture": "#steel", "uv": [ 0.0, 0.0, 8.0, 1.5 ] },
				"up": { "texture": "#steel", "uv": [ 0.0, 0.0, 2.0, 8.0 ] },
				"down": { "texture": "#steel", "uv": [ 0.0, 0.0, 2.0, 8.0 ] }
			}
		},
		{
			"name": "PlateMoldRight",
			"from": [ 12.0, 0.0, 4.0 ],
			"to": [ 14.0, 1.5, 12.0 ],
			"rotationOrigin": [ 12.0, 0.0, 4.0 ],
			"faces": {
				"north": { "texture": "#steel", "uv": [ 0.0, 0.0, 2.0, 1.5 ] },
				"east": { "texture": "#steel", "uv": [ 0.0, 0.0, 8.0, 1.5 ] },
				"south": { "texture": "#steel", "uv": [ 0.0, 0.0, 2.0, 1.5 ] },
				"west": { "texture": "#steel", "uv": [ 0.0, 0.0, 8.0, 1.5 ] },
				"up": { "texture": "#steel", "uv": [ 0.0, 0.0, 2.0, 8.0 ] },
				"down": { "texture": "#steel", "uv": [ 0.0, 0.0, 2.0, 8.0 ] }
			}
		}
	]}