{
	"editor": {
		"allAngles": false,
		"entityTextureMode": false
	},
	"textureWidth": 16,
	"textureHeight": 16,
	"textureSizes": {
	},
	"textures": {
	},
	"elements": [
		{
			"name": "Main",
			"from": [ 7.5, 0.0, 7.5 ],
			"to": [ 8.5, 1.0, 8.5 ],
			"rotationOrigin": [ 7.0, 0.0, 7.0 ],
			"faces": {
			},
			"children": [
				{
					"name": "MoldPart W",
					"from": [ -5.5, 0.0, -5.5 ],
					"to": [ -3.0, 1.5, 6.5 ],
					"rotationOrigin": [ -5.5, 0.0, -5.5 ],
					"faces": {
						"north": { "texture": "#steel", "uv": [ 0.0, 0.0, 2.5, 1.5 ] },
						"east": { "texture": "#steel", "uv": [ 0.0, 0.0, 12.0, 1.5 ] },
						"south": { "texture": "#steel", "uv": [ 0.0, 0.0, 2.5, 1.5 ] },
						"west": { "texture": "#steel", "uv": [ 0.0, 0.0, 12.0, 1.5 ] },
						"up": { "texture": "#steel", "uv": [ 0.0, 0.0, 2.5, 12.0 ] },
						"down": { "texture": "#steel", "uv": [ 0.0, 0.0, 2.5, 12.0 ] }
					},
					"children": [
						{
							"name": "Part N",
							"from": [ 5.5, 0.0, 3.0 ],
							"to": [ 6.5, 1.5, 3.5 ],
							"rotationOrigin": [ 5.0, 0.0, 3.0 ],
							"faces": {
								"east": { "texture": "#steel", "uv": [ 0.0, 0.0, 0.5, 1.5 ] },
								"south": { "texture": "#steel", "uv": [ 0.0, 0.0, 1.0, 1.5 ] },
								"west": { "texture": "#steel", "uv": [ 0.0, 0.0, 0.5, 1.5 ] },
								"up": { "texture": "#steel", "uv": [ 0.0, 0.0, 1.0, 0.5 ] },
								"down": { "texture": "#steel", "uv": [ 0.0, 0.0, 1.0, 0.5 ] }
							},
							"children": [
								{
									"name": "Cube7",
									"from": [ 2.0, 0.0, 0.0 ],
									"to": [ 4.0, 1.5, 0.5 ],
									"rotationOrigin": [ 1.5, 0.0, 0.0 ],
									"faces": {
										"east": { "texture": "#steel", "uv": [ 0.0, 0.0, 0.5, 1.5 ] },
										"south": { "texture": "#steel", "uv": [ 0.0, 0.0, 2.0, 1.5 ] },
										"west": { "texture": "#steel", "uv": [ 0.0, 0.0, 0.5, 1.5 ] },
										"up": { "texture": "#steel", "uv": [ 0.0, 0.0, 2.0, 0.5 ] },
										"down": { "texture": "#steel", "uv": [ 0.0, 0.0, 2.0, 0.5 ] }
									},
									"children": [
										{
											"name": "Cube6",
											"from": [ -5.0, 0.0, 0.0 ],
											"to": [ -3.0, 1.5, 0.5 ],
											"rotationOrigin": [ -5.5, 0.0, 0.0 ],
											"faces": {
												"east": { "texture": "#steel", "uv": [ 0.0, 0.0, 0.5, 1.5 ], "windMode": [-1,-1,-1,-1] },
												"south": { "texture": "#steel", "uv": [ 0.0, 0.0, 2.0, 1.5 ] },
												"up": { "texture": "#steel", "uv": [ 0.0, 0.0, 2.0, 0.5 ] },
												"down": { "texture": "#steel", "uv": [ 0.0, 0.0, 2.0, 0.5 ] }
											}
										}
									]
								}
							]
						},
						{
							"name": "Part S",
							"from": [ 5.5, 0.0, 8.5 ],
							"to": [ 6.5, 1.5, 9.0 ],
							"rotationOrigin": [ 5.0, 0.0, 8.5 ],
							"faces": {
								"north": { "texture": "#steel", "uv": [ 0.0, 0.0, 1.0, 1.5 ], "windMode": [-1,-1,-1,-1] },
								"east": { "texture": "#steel", "uv": [ 0.0, 0.0, 0.5, 1.5 ] },
								"west": { "texture": "#steel", "uv": [ 0.0, 0.0, 0.5, 1.5 ] },
								"up": { "texture": "#steel", "uv": [ 0.0, 0.0, 1.0, 0.5 ] },
								"down": { "texture": "#steel", "uv": [ 0.0, 0.0, 1.0, 0.5 ] }
							},
							"children": [
								{
									"name": "Cube19",
									"from": [ 2.0, 0.0, 0.0 ],
									"to": [ 4.0, 1.5, 0.5 ],
									"rotationOrigin": [ 1.5, 0.0, 0.0 ],
									"faces": {
										"north": { "texture": "#steel", "uv": [ 0.0, 0.0, 2.0, 1.5 ] },
										"west": { "texture": "#steel", "uv": [ 0.0, 0.0, 0.5, 1.5 ] },
										"up": { "texture": "#steel", "uv": [ 0.0, 0.0, 2.0, 0.5 ] },
										"down": { "texture": "#steel", "uv": [ 0.0, 0.0, 2.0, 0.5 ] }
									}
								},
								{
									"name": "Cube20",
									"from": [ -3.0, 0.0, 0.0 ],
									"to": [ -1.0, 1.5, 0.5 ],
									"rotationOrigin": [ -3.5, 0.0, 0.0 ],
									"faces": {
										"north": { "texture": "#steel", "uv": [ 0.0, 0.0, 2.0, 1.5 ] },
										"east": { "texture": "#steel", "uv": [ 0.0, 0.0, 0.5, 1.5 ] },
										"up": { "texture": "#steel", "uv": [ 0.0, 0.0, 2.0, 0.5 ] },
										"down": { "texture": "#steel", "uv": [ 0.0, 0.0, 2.0, 0.5 ] }
									}
								}
							]
						},
						{
							"name": "Part W",
							"from": [ 2.5, 0.0, 4.5 ],
							"to": [ 3.0, 1.48, 7.5 ],
							"rotationOrigin": [ 5.0, 0.0, 6.0 ],
							"faces": {
								"east": { "texture": "#steel", "uv": [ 0.0, 0.0, 3.0, 1.0 ], "windMode": [-1,-1,-1,-1] },
								"up": { "texture": "#steel", "uv": [ 0.0, 0.0, 0.5, 3.0 ] },
								"down": { "texture": "#steel", "uv": [ 0.0, 0.0, 0.5, 3.0 ] }
							},
							"children": [
								{
									"name": "Cube12",
									"from": [ 0.0, 0.0, 3.0 ],
									"to": [ 1.0, 1.5, 4.0 ],
									"rotationOrigin": [ 2.5, 0.0, 4.5 ],
									"faces": {
										"north": { "texture": "#steel", "uv": [ 0.0, 0.0, 1.0, 1.5 ], "windMode": [-1,-1,-1,-1] },
										"east": { "texture": "#steel", "uv": [ 0.0, 0.0, 1.0, 1.5 ] },
										"south": { "texture": "#steel", "uv": [ 0.0, 0.0, 1.0, 1.5 ] },
										"up": { "texture": "#steel", "uv": [ 0.0, 0.0, 1.0, 1.0 ] },
										"down": { "texture": "#steel", "uv": [ 0.0, 0.0, 1.0, 1.0 ] }
									}
								},
								{
									"name": "Cube11",
									"from": [ 0.0, 0.0, 1.0 ],
									"to": [ 1.0, 1.5, 2.0 ],
									"rotationOrigin": [ 2.5, 0.0, 2.5 ],
									"faces": {
										"east": { "texture": "#steel", "uv": [ 0.0, 0.0, 1.0, 1.5 ] },
										"south": { "texture": "#steel", "uv": [ 0.0, 0.0, 1.0, 1.5 ] },
										"up": { "texture": "#steel", "uv": [ 0.0, 0.0, 1.0, 1.0 ] },
										"down": { "texture": "#steel", "uv": [ 0.0, 0.0, 1.0, 1.0 ] }
									}
								},
								{
									"name": "Cube10",
									"from": [ 0.0, 0.0, -1.0 ],
									"to": [ 1.0, 1.5, 0.0 ],
									"rotationOrigin": [ 2.5, 0.0, 0.5 ],
									"faces": {
										"east": { "texture": "#steel", "uv": [ 0.0, 0.0, 1.0, 1.5 ], "windMode": [-1,-1,-1,-1] },
										"south": { "texture": "#steel", "uv": [ 0.0, 0.0, 1.0, 1.5 ] },
										"up": { "texture": "#steel", "uv": [ 0.0, 0.0, 1.0, 1.0 ] },
										"down": { "texture": "#steel", "uv": [ 0.0, 0.0, 1.0, 1.0 ] }
									}
								}
							]
						},
						{
							"name": "Part E",
							"from": [ 9.0, 0.0, 4.5 ],
							"to": [ 9.5, 1.48, 7.5 ],
							"rotationOrigin": [ 11.0, 0.0, 6.0 ],
							"faces": {
								"west": { "texture": "#steel", "uv": [ 0.0, 0.0, 3.0, 1.0 ], "windMode": [-1,-1,-1,-1] },
								"up": { "texture": "#steel", "uv": [ 0.0, 0.0, 0.5, 3.0 ] },
								"down": { "texture": "#steel", "uv": [ 0.0, 0.0, 0.5, 3.0 ] }
							},
							"children": [
								{
									"name": "Cube16",
									"from": [ -0.5, 0.0, 1.0 ],
									"to": [ 0.5, 1.5, 2.0 ],
									"rotationOrigin": [ 2.0, 0.0, 2.5 ],
									"faces": {
										"north": { "texture": "#steel", "uv": [ 0.0, 0.0, 1.0, 1.5 ], "windMode": [-1,-1,-1,-1] },
										"south": { "texture": "#steel", "uv": [ 0.0, 0.0, 1.0, 1.5 ] },
										"west": { "texture": "#steel", "uv": [ 0.0, 0.0, 1.0, 1.5 ], "windMode": [-1,-1,-1,-1] },
										"up": { "texture": "#steel", "uv": [ 0.0, 0.0, 1.0, 1.0 ] },
										"down": { "texture": "#steel", "uv": [ 0.0, 0.0, 1.0, 1.0 ] }
									}
								},
								{
									"name": "Cube17",
									"from": [ -0.5, 0.0, 3.0 ],
									"to": [ 0.5, 1.5, 4.0 ],
									"rotationOrigin": [ 2.0, 0.0, 4.5 ],
									"faces": {
										"north": { "texture": "#steel", "uv": [ 0.0, 0.0, 1.0, 1.5 ], "windMode": [-1,-1,-1,-1] },
										"west": { "texture": "#steel", "uv": [ 0.0, 0.0, 1.0, 1.5 ] },
										"up": { "texture": "#steel", "uv": [ 0.0, 0.0, 1.0, 1.0 ] },
										"down": { "texture": "#steel", "uv": [ 0.0, 0.0, 1.0, 1.0 ] }
									}
								},
								{
									"name": "Cube18",
									"from": [ -0.5, 0.0, -1.0 ],
									"to": [ 0.5, 1.5, 0.0 ],
									"rotationOrigin": [ 2.0, 0.0, 0.5 ],
									"faces": {
										"south": { "texture": "#steel", "uv": [ 0.0, 0.0, 1.0, 1.5 ] },
										"west": { "texture": "#steel", "uv": [ 0.0, 0.0, 1.0, 1.5 ] },
										"up": { "texture": "#steel", "uv": [ 0.0, 0.0, 1.0, 1.0 ] },
										"down": { "texture": "#steel", "uv": [ 0.0, 0.0, 1.0, 1.0 ] }
									}
								}
							]
						},
						{
							"name": "Part Middle",
							"from": [ 5.5, 0.0, 5.5 ],
							"to": [ 6.5, 1.5, 6.5 ],
							"rotationOrigin": [ 8.0, 0.0, 7.0 ],
							"faces": {
								"north": { "texture": "#steel", "uv": [ 0.0, 0.0, 1.0, 1.5 ], "windMode": [-1,-1,-1,-1] },
								"east": { "texture": "#steel", "uv": [ 0.0, 0.0, 1.0, 1.5 ], "windMode": [-1,-1,-1,-1] },
								"south": { "texture": "#steel", "uv": [ 0.0, 0.0, 1.0, 1.5 ], "windMode": [-1,-1,-1,-1] },
								"west": { "texture": "#steel", "uv": [ 0.0, 0.0, 1.0, 1.5 ], "windMode": [-1,-1,-1,-1] },
								"up": { "texture": "#steel", "uv": [ 0.0, 0.0, 1.0, 1.0 ] },
								"down": { "texture": "#steel", "uv": [ 0.0, 0.0, 1.0, 1.0 ] }
							}
						}
					]
				},
				{
					"name": "MoldPart E",
					"from": [ 4.0, 0.0, -2.5 ],
					"to": [ 6.5, 1.5, 3.5 ],
					"rotationOrigin": [ 3.5, 0.0, -2.5 ],
					"faces": {
						"east": { "texture": "#steel", "uv": [ 0.0, 0.0, 6.0, 1.5 ], "windMode": [-1,-1,-1,-1] },
						"west": { "texture": "#steel", "uv": [ 0.0, 0.0, 6.0, 1.5 ], "windMode": [-1,-1,-1,-1] },
						"up": { "texture": "#steel", "uv": [ 0.0, 0.0, 2.5, 6.0 ] },
						"down": { "texture": "#steel", "uv": [ 0.0, 0.0, 2.5, 6.0 ] }
					}
				},
				{
					"name": "MoldPart N",
					"from": [ -3.0, 0.0, -5.5 ],
					"to": [ 6.5, 1.5, -2.5 ],
					"rotationOrigin": [ -4.5, 0.0, -5.5 ],
					"faces": {
						"north": { "texture": "#steel", "uv": [ 0.0, 0.0, 9.5, 1.5 ] },
						"east": { "texture": "#steel", "uv": [ 0.0, 0.0, 3.0, 1.5 ] },
						"south": { "texture": "#steel", "uv": [ 0.0, 0.0, 9.5, 1.5 ] },
						"up": { "texture": "#steel", "uv": [ 0.0, 0.0, 9.5, 3.0 ] },
						"down": { "texture": "#steel", "uv": [ 0.0, 0.0, 9.5, 3.0 ] }
					}
				},
				{
					"name": "MoldPart S",
					"from": [ -3.0, 0.0, 3.5 ],
					"to": [ 6.5, 1.5, 6.5 ],
					"rotationOrigin": [ -3.5, 0.0, 3.5 ],
					"faces": {
						"north": { "texture": "#steel", "uv": [ 0.0, 0.0, 9.5, 1.5 ] },
						"east": { "texture": "#steel", "uv": [ 0.0, 0.0, 3.0, 1.5 ] },
						"south": { "texture": "#steel", "uv": [ 0.0, 0.0, 9.5, 1.5 ] },
						"up": { "texture": "#steel", "uv": [ 0.0, 0.0, 9.5, 3.0 ] },
						"down": { "texture": "#steel", "uv": [ 0.0, 0.0, 9.5, 3.0 ] }
					}
				}
			]
		}
	]}