{
	"editor": {
		"allAngles": false,
		"entityTextureMode": false
	},
	"textureWidth": 16,
	"textureHeight": 16,
	"textureSizes": {
	},
	"textures": {
		"cncprogram-grid": "item/cncprogram-grid"
	},
	"elements": [
		{
			"name": "Base",
			"from": [ 6.0, 0.0, 6.0 ],
			"to": [ 10.0, 0.25, 10.0 ],
			"rotationOrigin": [ 8.0, 0.0, 8.0 ],
			"faces": {
				"north": { "texture": "#cncprogram-grid", "uv": [ 0.0, 0.0, 4.0, 0.5 ] },
				"east": { "texture": "#cncprogram-grid", "uv": [ 0.0, 0.0, 4.0, 0.5 ] },
				"south": { "texture": "#cncprogram-grid", "uv": [ 0.0, 0.0, 4.0, 0.5 ] },
				"west": { "texture": "#cncprogram-grid", "uv": [ 0.0, 0.0, 4.0, 0.5 ] },
				"up": { "texture": "#cncprogram-grid", "uv": [ 0.5, 4.0, 8.0, 12.0 ], "autoUv": false },
				"down": { "texture": "#cncprogram-grid", "uv": [ 0.5, 4.0, 8.0, 12.0 ], "autoUv": false }
			}
		},
		{
			"name": "Top",
			"from": [ 5.5, -0.02, 5.25 ],
			"to": [ 10.5, 0.38, 6.25 ],
			"rotationOrigin": [ 8.0, 0.0, 7.0 ],
			"faces": {
				"north": { "texture": "#cncprogram-grid", "uv": [ 1.5, 5.0, 6.5, 5.5 ] },
				"east": { "texture": "#cncprogram-grid", "uv": [ 3.0, 5.0, 4.0, 5.5 ] },
				"south": { "texture": "#cncprogram-grid", "uv": [ 1.0, 5.0, 7.5, 5.5 ], "autoUv": false },
				"west": { "texture": "#cncprogram-grid", "uv": [ 2.0, 5.0, 3.0, 5.5 ] },
				"up": { "texture": "#cncprogram-grid", "uv": [ 3.5, 0.0, 16.0, 3.0 ], "autoUv": false },
				"down": { "texture": "#cncprogram-grid", "uv": [ 0.0, 0.0, 5.0, 1.0 ] }
			}
		},
		{
			"name": "contacts",
			"from": [ 6.15, 0.1, 10.0 ],
			"to": [ 9.9, 0.15, 10.4 ],
			"rotationOrigin": [ 6.0, 0.0, 10.0 ],
			"faces": {
				"north": { "texture": "#cncprogram-grid", "uv": [ 0.0, 0.0, 3.5, 0.5 ] },
				"east": { "texture": "#cncprogram-grid", "uv": [ 0.0, 0.0, 0.5, 0.5 ] },
				"south": { "texture": "#cncprogram-grid", "uv": [ 0.0, 0.0, 3.5, 0.5 ] },
				"west": { "texture": "#cncprogram-grid", "uv": [ 0.0, 0.0, 0.5, 0.5 ] },
				"up": { "texture": "#cncprogram-grid", "uv": [ 0.5, 14.0, 11.0, 15.5 ], "autoUv": false },
				"down": { "texture": "#cncprogram-grid", "uv": [ 0.5, 14.0, 11.0, 15.5 ], "autoUv": false }
			}
		}
	]}