{
	"editor": {
		"allAngles": false,
		"entityTextureMode": false
	},
	"textureWidth": 16,
	"textureHeight": 16,
	"textureSizes": {
	},
	"textures": {
	},
	"elements": [
		{
			"name": "DieTop",
			"from": [ 6.0, 0.0, 6.0 ],
			"to": [ 10.0, 1.0, 7.25 ],
			"rotationOrigin": [ 8.0, 0.0, 8.0 ],
			"faces": {
				"north": { "texture": "#steel", "uv": [ 0.0, 0.0, 4.0, 1.0 ] },
				"east": { "texture": "#steel", "uv": [ 0.0, 0.0, 1.0, 1.0 ] },
				"south": { "texture": "#steel", "uv": [ 0.0, 0.0, 4.0, 1.0 ] },
				"west": { "texture": "#steel", "uv": [ 0.0, 0.0, 1.0, 1.0 ] },
				"up": { "texture": "#steel", "uv": [ 0.0, 0.0, 4.0, 1.0 ] },
				"down": { "texture": "#steel", "uv": [ 0.0, 0.0, 4.0, 1.0 ] }
			}
		},
		{
			"name": "DieBottom",
			"from": [ 6.0, 0.0, 8.75 ],
			"to": [ 10.0, 1.0, 10.0 ],
			"rotationOrigin": [ 8.0, 0.0, 8.0 ],
			"faces": {
				"north": { "texture": "#steel", "uv": [ 0.0, 0.0, 4.0, 1.0 ] },
				"east": { "texture": "#steel", "uv": [ 0.0, 0.0, 1.0, 1.0 ] },
				"south": { "texture": "#steel", "uv": [ 0.0, 0.0, 4.0, 1.0 ] },
				"west": { "texture": "#steel", "uv": [ 0.0, 0.0, 1.0, 1.0 ] },
				"up": { "texture": "#steel", "uv": [ 0.0, 0.0, 4.0, 1.0 ] },
				"down": { "texture": "#steel", "uv": [ 0.5, 0.0, 4.5, 1.0 ] }
			}
		},
		{
			"name": "DieLeft",
			"from": [ 6.0, 0.0, 7.25 ],
			"to": [ 7.25, 1.0, 8.75 ],
			"rotationOrigin": [ 8.0, 0.0, 8.0 ],
			"faces": {
				"north": { "texture": "#steel", "uv": [ 0.0, 0.0, 1.0, 1.0 ] },
				"east": { "texture": "#steel", "uv": [ 0.0, 0.0, 1.5, 1.0 ] },
				"south": { "texture": "#steel", "uv": [ 0.0, 0.0, 1.0, 1.0 ] },
				"west": { "texture": "#steel", "uv": [ 0.0, 0.0, 1.5, 1.0 ] },
				"up": { "texture": "#steel", "uv": [ 0.0, 0.0, 1.0, 1.5 ] },
				"down": { "texture": "#steel", "uv": [ 0.0, 0.0, 1.0, 1.5 ] }
			}
		},
		{
			"name": "DieRight",
			"from": [ 8.75, 0.0, 7.25 ],
			"to": [ 10.0, 1.0, 8.75 ],
			"rotationOrigin": [ 8.0, 0.0, 8.0 ],
			"faces": {
				"north": { "texture": "#steel", "uv": [ 0.0, 0.0, 1.0, 1.0 ] },
				"east": { "texture": "#steel", "uv": [ 0.0, 0.0, 1.5, 1.0 ] },
				"south": { "texture": "#steel", "uv": [ 0.0, 0.0, 1.0, 1.0 ] },
				"west": { "texture": "#steel", "uv": [ 0.0, 0.0, 1.5, 1.0 ] },
				"up": { "texture": "#steel", "uv": [ 0.0, 0.0, 1.0, 1.5 ] },
				"down": { "texture": "#steel", "uv": [ 0.0, 0.0, 1.0, 1.5 ] }
			}
		}
	]}