{
	"editor": {
		"allAngles": false,
		"entityTextureMode": false
	},
	"textureWidth": 16,
	"textureHeight": 16,
	"textureSizes": {
	},
	"textures": {
		"cable": "block/cable",
		"shinybrass": "block/shinybrass"
	},
	"elements": [
		{
			"name": "Base",
			"from": [ 5.0, 0.05, 5.0 ],
			"to": [ 11.0, 0.25, 11.0 ],
			"rotationOrigin": [ 5.0, 0.0, 5.0 ],
			"faces": {
				"up": { "texture": "#shinybrass", "uv": [ 0.0, 0.0, 6.0, 6.0 ] },
				"down": { "texture": "#shinybrass", "uv": [ 0.0, 0.0, 6.0, 6.0 ] }
			}
		},
		{
			"name": "TopEdge",
			"from": [ 4.5, 0.0, 4.5 ],
			"to": [ 11.5, 0.35, 5.0 ],
			"rotationOrigin": [ 4.0, 0.0, 4.0 ],
			"faces": {
				"north": { "texture": "#cable", "uv": [ 0.0, 0.0, 7.0, 0.5 ] },
				"east": { "texture": "#cable", "uv": [ 0.0, 0.0, 0.5, 0.5 ] },
				"south": { "texture": "#cable", "uv": [ 0.0, 0.0, 7.0, 0.5 ] },
				"west": { "texture": "#cable", "uv": [ 0.0, 0.0, 0.5, 0.5 ] },
				"up": { "texture": "#cable", "uv": [ 0.0, 0.0, 7.0, 0.5 ] },
				"down": { "texture": "#cable", "uv": [ 0.0, 0.0, 7.0, 0.5 ] }
			}
		},
		{
			"name": "BottomEdge",
			"from": [ 4.5, 0.0, 11.0 ],
			"to": [ 11.5, 0.35, 11.5 ],
			"rotationOrigin": [ 4.0, 0.0, 11.0 ],
			"faces": {
				"north": { "texture": "#cable", "uv": [ 0.0, 0.0, 7.0, 0.5 ] },
				"east": { "texture": "#cable", "uv": [ 0.0, 0.0, 0.5, 0.5 ] },
				"south": { "texture": "#cable", "uv": [ 0.0, 0.0, 7.0, 0.5 ] },
				"west": { "texture": "#cable", "uv": [ 0.0, 0.0, 0.5, 0.5 ] },
				"up": { "texture": "#cable", "uv": [ 0.0, 0.0, 7.0, 0.5 ] },
				"down": { "texture": "#cable", "uv": [ 0.0, 0.0, 7.0, 0.5 ] }
			}
		},
		{
			"name": "LeftEdge",
			"from": [ 4.5, 0.0, 5.0 ],
			"to": [ 5.0, 0.35, 11.0 ],
			"rotationOrigin": [ 4.0, 0.0, 5.0 ],
			"faces": {
				"north": { "texture": "#cable", "uv": [ 0.0, 0.0, 0.5, 0.5 ] },
				"east": { "texture": "#cable", "uv": [ 0.0, 0.0, 6.0, 0.5 ] },
				"south": { "texture": "#cable", "uv": [ 0.0, 0.0, 0.5, 0.5 ] },
				"west": { "texture": "#cable", "uv": [ 0.0, 0.0, 6.0, 0.5 ] },
				"up": { "texture": "#cable", "uv": [ 0.0, 0.0, 0.5, 6.0 ] },
				"down": { "texture": "#cable", "uv": [ 0.0, 0.0, 0.5, 6.0 ] }
			}
		},
		{
			"name": "RightEdge",
			"from": [ 11.0, 0.0, 5.0 ],
			"to": [ 11.5, 0.35, 11.0 ],
			"rotationOrigin": [ 11.0, 0.0, 5.0 ],
			"faces": {
				"north": { "texture": "#cable", "uv": [ 0.0, 0.0, 0.5, 0.5 ] },
				"east": { "texture": "#cable", "uv": [ 0.0, 0.0, 6.0, 0.5 ] },
				"south": { "texture": "#cable", "uv": [ 0.0, 0.0, 0.5, 0.5 ] },
				"west": { "texture": "#cable", "uv": [ 0.0, 0.0, 6.0, 0.5 ] },
				"up": { "texture": "#cable", "uv": [ 0.0, 0.0, 0.5, 6.0 ] },
				"down": { "texture": "#cable", "uv": [ 0.0, 0.0, 0.5, 6.0 ] }
			}
		},
		{
			"name": "ArrowLeft1",
			"from": [ 8.0, 0.0, 6.0 ],
			"to": [ 8.5, 0.35, 7.75 ],
			"rotationOrigin": [ 8.0, 0.0, 6.0 ],
			"rotationY": -45.0,
			"faces": {
				"north": { "texture": "#cable", "uv": [ 0.0, 0.0, 0.5, 0.5 ] },
				"east": { "texture": "#cable", "uv": [ 0.0, 0.0, 1.5, 0.5 ] },
				"south": { "texture": "#cable", "uv": [ 0.0, 0.0, 0.5, 0.5 ] },
				"west": { "texture": "#cable", "uv": [ 0.0, 0.0, 1.5, 0.5 ] },
				"up": { "texture": "#cable", "uv": [ 0.0, 0.0, 0.5, 1.5 ] },
				"down": { "texture": "#cable", "uv": [ 0.0, 0.0, 0.5, 1.5 ] }
			},
			"children": [
				{
					"name": "ArrowRight1",
					"from": [ 0.5, 0.0, 0.0 ],
					"to": [ 1.75, 0.35, 0.5 ],
					"faces": {
						"north": { "texture": "#cable", "uv": [ 0.0, 0.0, 1.0, 0.5 ] },
						"east": { "texture": "#cable", "uv": [ 0.0, 0.0, 0.5, 0.5 ] },
						"south": { "texture": "#cable", "uv": [ 0.0, 0.0, 1.0, 0.5 ] },
						"west": { "texture": "#cable", "uv": [ 0.0, 0.0, 0.5, 0.5 ] },
						"up": { "texture": "#cable", "uv": [ 0.0, 0.0, 1.0, 0.5 ] },
						"down": { "texture": "#cable", "uv": [ 0.0, 0.0, 1.0, 0.5 ] }
					}
				}
			]
		},
		{
			"name": "ArrowLeft2",
			"from": [ 8.0, 0.0, 8.0 ],
			"to": [ 8.5, 0.35, 9.75 ],
			"rotationOrigin": [ 8.0, 0.0, 8.0 ],
			"rotationY": -45.0,
			"faces": {
				"north": { "texture": "#cable", "uv": [ 0.0, 0.0, 0.5, 0.5 ] },
				"east": { "texture": "#cable", "uv": [ 0.0, 0.0, 1.5, 0.5 ] },
				"south": { "texture": "#cable", "uv": [ 0.0, 0.0, 0.5, 0.5 ] },
				"west": { "texture": "#cable", "uv": [ 0.0, 0.0, 1.5, 0.5 ] },
				"up": { "texture": "#cable", "uv": [ 0.0, 0.0, 0.5, 1.5 ] },
				"down": { "texture": "#cable", "uv": [ 0.0, 0.0, 0.5, 1.5 ] }
			},
			"children": [
				{
					"name": "ArrowRight2",
					"from": [ 0.5, 0.0, 0.0 ],
					"to": [ 1.75, 0.35, 0.5 ],
					"faces": {
						"north": { "texture": "#cable", "uv": [ 0.0, 0.0, 1.0, 0.5 ] },
						"east": { "texture": "#cable", "uv": [ 0.0, 0.0, 0.5, 0.5 ] },
						"south": { "texture": "#cable", "uv": [ 0.0, 0.0, 1.0, 0.5 ] },
						"west": { "texture": "#cable", "uv": [ 0.0, 0.0, 0.5, 0.5 ] },
						"up": { "texture": "#cable", "uv": [ 0.0, 0.0, 1.0, 0.5 ] },
						"down": { "texture": "#cable", "uv": [ 0.0, 0.0, 1.0, 0.5 ] }
					}
				}
			]
		}
	]}