﻿{
  "extrafirearms:firearms-hallrifle-aim-koboldrdx-kobold":{
  "Hold": true,
  "PlayerKeyFrames": [
    {
      "EasingTime": 300.0,
      "EasingFunction": "Sin",
      "DetachedAnchor": false,
      "SwitchArms": false,
      "PitchFollow": true,
      "PitchDontFollow": false,
      "FOVMultiplier": 0.85,
      "BobbingAmplitude": 0.65,
      "Elements": {
        "ItemAnchor": [
          4.0,
          2.1200001,
          0.64,
          11.0,
          21.4,
          144.4
        ],
        "LowerArmR": [
          0.0,
          0.0,
          0.0,
          0.0,
          0.0,
          -107.0
        ],
        "UpperArmR": [
          0.0,
          0.0,
          0.0,
          0.0,
          21.0,
          -39.0
        ],
        "ItemAnchorL": [
          5.6,
          1.7,
          -0.5,
          -6.0,
          3.0,
          53.0
        ],
        "LowerArmL": [
          0.0,
          0.0,
          0.0,
          0.0,
          0.0,
          -11.0
        ],
        "UpperArmL": [
          0.0,
          0.0,
          0.0,
          0.0,
          -10.0,
          -92.0
        ]
      }
    }
  ],
  "ItemKeyFrames": [],
  "SoundFrames": [],
  "ParticlesFrames": [],
  "CallbackFrames": [],
  "ItemAnimationStart": -1,
  "ItemAnimationEnd": -1
}
}