{
  "code": "woodentorchholderempty",
  "class": "ndlwoodentorchholder.LegacyWoodenHolderEmpty",
  "entityClass": "TorchHolder",


  "behaviors": [
    {
      "name": "HorizontalAttachable",
      "properties": {
        "handleDrops": false,
        "attachmentAreas": {
          "north": {
            "x1": 7,
            "y1": 0,
            "z1": 15,
            "x2": 8,
            "y2": 6,
            "z2": 15,
            "rotateY": 180
          },
          "east": {
            "x1": 7,
            "y1": 0,
            "z1": 15,
            "x2": 8,
            "y2": 6,
            "z2": 15,
            "rotateY": 270
          },
          "south": {
            "x1": 7,
            "y1": 0,
            "z1": 15,
            "x2": 8,
            "y2": 6,
            "z2": 15,
            "rotateY": 0
          },
          "west": {
            "x1": 7,
            "y1": 0,
            "z1": 15,
            "x2": 8,
            "y2": 6,
            "z2": 15,
            "rotateY": 90
          }
        }
      }
    }
  ],

  "variantgroups": [
    {
      "code": "side",
      "loadFromProperties": "abstract/horizontalorientation"
    }
  ],


  "shapebytype": {
    "*-north": {
      "base": "legacy/woodenholderempty",
      "rotateY": 0
    },
    "*-east": {
      "base": "legacy/woodenholderempty",
      "rotateY": 270
    },
    "*-south": {
      "base": "legacy/woodenholderempty",
      "rotateY": 180
    },
    "*-west": {
      "base": "legacy/woodenholderempty",
      "rotateY": 90
    }
  },

  "doNotRenderAtLod2": true,
  "sidesolid": {
    "all": false
  },
  "sideopaque": {
    "all": false
  },
  "creativeinventory": {
    "general": [ "*-north" ],
    "decorative": [ "*-north" ],
    "NDLWoodenTorchHolder": [ "*-north" ]
  },
  "replaceable": 5001,
  "resistance": 0.5,
  "maxStackSize": 999,
  "lightAbsorption": 0,

  "collisionbox": null,
  "selectionbox": {
    "x1": 0.3125,
    "y1": 0.125,
    "z1": 0.5625,
    "x2": 0.6875,
    "y2": 0.875,
    "z2": 1,
    "rotateYByType": {
      "*-east": 90,
      "*-south": 0,
      "*-west": 270,
      "*-north": 180
    }
  },
  "guiTransform": {
    "rotation": {
      "x": -23,
      "y": 137,
      "z": 0
    },
    "origin": {
      "x": 0.5,
      "y": 0.5,
      "z": 0.18
    },
    "scale": 3.5
  },
  "fpHandTransform": {
    "translation": {
      "x": 0.29,
      "y": -0.1,
      "z": 0
    },
    "rotation": {
      "x": 0,
      "y": -130,
      "z": 2
    },
    "scale": 2.5
  },
  "groundTransform": {
    "rotation": {
      "x": 0,
      "y": 0,
      "z": 90
    },
    "origin": {
      "x": 0.39,
      "y": 0.6,
      "z": 0.1
    },
    "scale": 4.5
  },
  "tpHandTransform": {
    "translation": {
      "x": -4.2,
      "y": -1.8,
      "z": 2.3
    },
    "rotation": {
      "x": 85,
      "y": 130,
      "z": 69
    },
    "origin": {
      "x": 2.8,
      "y": 1.3,
      "z": 0.1
    },
    "scale": 0.66
  },

  "sounds": {
    "place": "planks",
    "break": "planks",
    "hit": "planks"
  },

  "rainPermeable": true,
  "materialDensity": 600
}