[{
	ingredientPattern: "L	H",
	ingredients: {
		"L": { type: "item", code: "game:chisel-*", quantity: 1, "isTool": true },
		"H": { type: "block", code: "game:woodbucket", quantity: 1 }
	},
	width: 1,
	height: 2,
	name: "Decorative Water Source",
	output: { type: "block", code: "chiseledwatersource"  }
},
 {
	ingredientPattern: "L	H",
	ingredients: {
		"L": { type: "item", code: "truechisel-*", quantity: 1, "isTool": true },
		"H": { type: "block", code: "game:woodbucket", quantity: 1 }
	},
	width: 1,
	height: 2,
	name: "Decorative Water Source Truechisel",
	output: { type: "block", code: "chiseledwatersource"  }
}
]