{
	"editor": {
		"allAngles": false,
		"entityTextureMode": false
	},
	"textureWidth": 16,
	"textureHeight": 16,
	"textureSizes": {
	},
	"textures": {
		"castiron": "block/castiron",
		"metal": "block/deco/stairs",
		"mesh": "block/mesh"
	},
	"elements": [
		{
			"name": "StepMesh",
			"from": [ 1.0, 15.5, 1.0 ],
			"to": [ 15.0, 15.75, 7.0 ],
			"renderPass": 1,
			"rotationOrigin": [ 1.0, 15.5, 1.0 ],
			"faces": {
				"up": { "texture": "#mesh", "uv": [ 0.0, 7.5, 16.0, 16.0 ], "rotation": 180, "autoUv": false }
			},
			"children": [
				{
					"name": "StepNorth",
					"from": [ -1.0, -2.5, -1.0 ],
					"to": [ 15.0, 0.5, 0.0 ],
					"rotationOrigin": [ -1.0, -2.5, -1.0 ],
					"faces": {
						"north": { "texture": "#castiron", "uv": [ 0.0, 0.0, 16.0, 3.0 ] },
						"east": { "texture": "#castiron", "uv": [ 0.0, 0.0, 1.0, 3.0 ] },
						"south": { "texture": "#castiron", "uv": [ 0.0, 0.0, 16.0, 3.0 ] },
						"west": { "texture": "#castiron", "uv": [ 0.0, 0.0, 1.0, 3.0 ] },
						"up": { "texture": "#castiron", "uv": [ 0.0, 0.0, 16.0, 1.0 ] },
						"down": { "texture": "#castiron", "uv": [ 0.0, 0.0, 16.0, 1.0 ] }
					}
				},
				{
					"name": "StepSouth",
					"from": [ -1.0, -2.5, 6.0 ],
					"to": [ 15.0, 0.5, 7.0 ],
					"rotationOrigin": [ -1.0, -2.5, 6.0 ],
					"faces": {
						"north": { "texture": "#castiron", "uv": [ 0.0, 0.0, 16.0, 3.0 ] },
						"east": { "texture": "#castiron", "uv": [ 0.0, 0.0, 1.0, 3.0 ] },
						"south": { "texture": "#castiron", "uv": [ 0.0, 0.0, 16.0, 3.0 ] },
						"west": { "texture": "#castiron", "uv": [ 0.0, 0.0, 1.0, 3.0 ] },
						"up": { "texture": "#castiron", "uv": [ 0.0, 0.0, 16.0, 1.0 ] },
						"down": { "texture": "#castiron", "uv": [ 0.0, 0.0, 16.0, 1.0 ] }
					}
				},
				{
					"name": "StepWest",
					"from": [ -1.0, -2.5, 0.0 ],
					"to": [ 0.0, 0.5, 6.0 ],
					"rotationOrigin": [ -1.0, -2.5, 0.0 ],
					"faces": {
						"north": { "texture": "#castiron", "uv": [ 0.0, 0.0, 1.0, 3.0 ] },
						"east": { "texture": "#castiron", "uv": [ 0.0, 0.0, 6.0, 3.0 ] },
						"south": { "texture": "#castiron", "uv": [ 0.0, 0.0, 1.0, 3.0 ] },
						"west": { "texture": "#castiron", "uv": [ 0.0, 0.0, 6.0, 3.0 ] },
						"up": { "texture": "#castiron", "uv": [ 0.0, 0.0, 1.0, 6.0 ] },
						"down": { "texture": "#castiron", "uv": [ 0.0, 0.0, 1.0, 6.0 ] }
					}
				},
				{
					"name": "StepEast",
					"from": [ 14.0, -2.5, 0.0 ],
					"to": [ 15.0, 0.5, 6.0 ],
					"rotationOrigin": [ 14.0, -2.5, 0.0 ],
					"faces": {
						"north": { "texture": "#castiron", "uv": [ 0.0, 0.0, 1.0, 3.0 ] },
						"east": { "texture": "#castiron", "uv": [ 0.0, 0.0, 6.0, 3.0 ] },
						"south": { "texture": "#castiron", "uv": [ 0.0, 0.0, 1.0, 3.0 ] },
						"west": { "texture": "#castiron", "uv": [ 0.0, 0.0, 6.0, 3.0 ] },
						"up": { "texture": "#castiron", "uv": [ 0.0, 0.0, 1.0, 6.0 ] },
						"down": { "texture": "#castiron", "uv": [ 0.0, 0.0, 1.0, 6.0 ] }
					}
				}
			]
		},
		{
			"name": "Support 3",
			"from": [ 0.0, 0.5, 0.52 ],
			"to": [ 16.0, 2.5, 2.47 ],
			"renderPass": 1,
			"rotationOrigin": [ 1.0, -8.0, 0.0 ],
			"faces": {
				"north": { "texture": "#castiron", "uv": [ 0.0, 4.0, 16.0, 6.0 ] },
				"east": { "texture": "#castiron", "uv": [ 4.0, 4.0, 5.5, 6.0 ] },
				"south": { "texture": "#castiron", "uv": [ 0.0, 4.0, 16.0, 6.0 ] },
				"west": { "texture": "#castiron", "uv": [ 4.0, 3.5, 5.5, 5.5 ] },
				"up": { "texture": "#castiron", "uv": [ 0.0, 0.0, 16.0, 1.5 ], "rotation": 180 },
				"down": { "texture": "#castiron", "uv": [ 0.0, 0.5, 16.0, 2.0 ] }
			}
		},
		{
			"name": "Support 2",
			"from": [ 13.5, 0.0, 0.5 ],
			"to": [ 15.5, 13.2, 2.5 ],
			"rotationOrigin": [ 13.0, -8.0, 0.0 ],
			"faces": {
				"north": { "texture": "#castiron", "uv": [ 0.0, 4.0, 13.0, 6.0 ], "rotation": 90 },
				"east": { "texture": "#castiron", "uv": [ 0.0, 4.0, 13.0, 6.0 ], "rotation": 90 },
				"south": { "texture": "#castiron", "uv": [ 0.0, 4.0, 13.0, 6.0 ], "rotation": 90 },
				"west": { "texture": "#castiron", "uv": [ 0.0, 4.0, 13.0, 6.0 ], "rotation": 90 },
				"up": { "texture": "#castiron", "uv": [ 0.0, 4.0, 2.0, 6.0 ], "rotation": 180 },
				"down": { "texture": "#castiron", "uv": [ 0.0, 4.0, 2.0, 6.0 ] }
			},
			"children": [
				{
					"name": "Part 9",
					"from": [ 0.5, 3.5, 2.0 ],
					"to": [ 1.5, 4.5, 7.5 ],
					"rotationOrigin": [ 0.0, -5.0, 2.0 ],
					"faces": {
						"east": { "texture": "#castiron", "uv": [ 5.5, 4.0, 11.0, 5.0 ] },
						"west": { "texture": "#castiron", "uv": [ 4.0, 4.0, 9.5, 5.0 ] },
						"up": { "texture": "#castiron", "uv": [ 5.5, 4.0, 11.0, 5.0 ], "rotation": 90 },
						"down": { "texture": "#castiron", "uv": [ 5.0, 4.5, 10.5, 5.5 ], "rotation": 90 }
					}
				},
				{
					"name": "Part 8",
					"from": [ 1.0, 9.0, 0.0 ],
					"to": [ 2.0, 10.0, 9.0 ],
					"rotationOrigin": [ 0.0, 7.0, 6.0 ],
					"rotationX": 67.5,
					"faces": {
						"north": { "texture": "#castiron", "uv": [ 2.5, 4.0, 3.5, 5.0 ] },
						"east": { "texture": "#castiron", "uv": [ 0.0, 4.0, 16.0, 5.0 ], "autoUv": false },
						"south": { "texture": "#castiron", "uv": [ 2.5, 4.0, 3.5, 5.0 ] },
						"west": { "texture": "#castiron", "uv": [ 0.0, 3.5, 16.0, 4.5 ], "autoUv": false },
						"up": { "texture": "#castiron", "uv": [ 0.0, 4.0, 16.0, 5.0 ], "rotation": 270, "autoUv": false },
						"down": { "texture": "#castiron", "uv": [ 0.0, 4.0, 16.0, 5.0 ], "rotation": 90, "autoUv": false }
					}
				}
			]
		},
		{
			"name": "Support 1",
			"from": [ 0.5, 0.0, 0.5 ],
			"to": [ 2.5, 13.2, 2.5 ],
			"rotationOrigin": [ 0.0, -8.0, 0.0 ],
			"faces": {
				"north": { "texture": "#castiron", "uv": [ 0.0, 4.0, 13.0, 6.0 ], "rotation": 90 },
				"east": { "texture": "#castiron", "uv": [ 0.0, 4.0, 13.0, 6.0 ], "rotation": 90 },
				"south": { "texture": "#castiron", "uv": [ 0.0, 4.0, 13.0, 6.0 ], "rotation": 90 },
				"west": { "texture": "#castiron", "uv": [ 0.0, 4.0, 13.0, 6.0 ], "rotation": 90 },
				"up": { "texture": "#castiron", "uv": [ 0.0, 4.0, 2.0, 6.0 ], "rotation": 180 },
				"down": { "texture": "#castiron", "uv": [ 0.0, 4.0, 2.0, 6.0 ] }
			},
			"children": [
				{
					"name": "Part 12",
					"from": [ 0.5, 3.5, 2.0 ],
					"to": [ 1.5, 4.5, 7.5 ],
					"rotationOrigin": [ 0.0, -5.0, 2.0 ],
					"faces": {
						"east": { "texture": "#castiron", "uv": [ 5.5, 4.0, 11.0, 5.0 ] },
						"west": { "texture": "#castiron", "uv": [ 4.0, 4.0, 9.5, 5.0 ] },
						"up": { "texture": "#castiron", "uv": [ 5.5, 4.0, 11.0, 5.0 ], "rotation": 90 },
						"down": { "texture": "#castiron", "uv": [ 5.0, 4.5, 10.5, 5.5 ], "rotation": 90 }
					}
				},
				{
					"name": "Part 10",
					"from": [ 0.0, 9.0, 0.0 ],
					"to": [ 1.0, 10.0, 9.0 ],
					"rotationOrigin": [ -1.0, 7.0, 6.0 ],
					"rotationX": 67.5,
					"faces": {
						"north": { "texture": "#castiron", "uv": [ 2.5, 4.0, 3.5, 5.0 ] },
						"east": { "texture": "#castiron", "uv": [ 0.0, 4.0, 16.0, 5.0 ], "autoUv": false },
						"south": { "texture": "#castiron", "uv": [ 2.5, 4.0, 3.5, 5.0 ] },
						"west": { "texture": "#castiron", "uv": [ 0.0, 3.5, 16.0, 4.5 ], "autoUv": false },
						"up": { "texture": "#castiron", "uv": [ 0.0, 4.0, 16.0, 5.0 ], "rotation": 270, "autoUv": false },
						"down": { "texture": "#castiron", "uv": [ 0.0, 4.0, 16.0, 5.0 ], "rotation": 90, "autoUv": false }
					}
				}
			]
		},
		{
			"name": "LowerSupportSW",
			"from": [ 0.5, 0.0, 13.5 ],
			"to": [ 2.5, 3.2, 15.5 ],
			"rotationOrigin": [ 0.0, 0.0, 14.0 ],
			"faces": {
				"north": { "texture": "#castiron", "uv": [ 0.0, 0.0, 2.0, 3.0 ] },
				"east": { "texture": "#castiron", "uv": [ 0.0, 0.0, 2.0, 3.0 ] },
				"south": { "texture": "#castiron", "uv": [ 0.0, 0.0, 2.0, 3.0 ] },
				"west": { "texture": "#castiron", "uv": [ 0.0, 0.0, 2.0, 3.0 ] },
				"up": { "texture": "#castiron", "uv": [ 0.0, 0.0, 2.0, 2.0 ] },
				"down": { "texture": "#castiron", "uv": [ 0.0, 0.0, 2.0, 2.0 ] }
			}
		},
		{
			"name": "LowerSupportSE",
			"from": [ 13.5, 0.0, 13.5 ],
			"to": [ 15.5, 3.2, 15.5 ],
			"rotationOrigin": [ 13.0, 0.0, 14.0 ],
			"faces": {
				"north": { "texture": "#castiron", "uv": [ 0.0, 0.0, 2.0, 3.0 ] },
				"east": { "texture": "#castiron", "uv": [ 0.0, 0.0, 2.0, 3.0 ] },
				"south": { "texture": "#castiron", "uv": [ 0.0, 0.0, 2.0, 3.0 ] },
				"west": { "texture": "#castiron", "uv": [ 0.0, 0.0, 2.0, 3.0 ] },
				"up": { "texture": "#castiron", "uv": [ 0.0, 0.0, 2.0, 2.0 ] },
				"down": { "texture": "#castiron", "uv": [ 0.0, 0.0, 2.0, 2.0 ] }
			}
		},
		{
			"name": "StepMesh2",
			"from": [ 1.0, 5.5, 9.0 ],
			"to": [ 15.0, 5.75, 15.0 ],
			"renderPass": 1,
			"rotationOrigin": [ 1.0, 5.5, 9.0 ],
			"faces": {
				"up": { "texture": "#mesh", "uv": [ 0.0, 7.5, 16.0, 16.0 ], "rotation": 180, "autoUv": false }
			},
			"children": [
				{
					"name": "StepNorth2",
					"from": [ -1.0, -2.5, -1.0 ],
					"to": [ 15.0, 0.5, 0.0 ],
					"rotationOrigin": [ -1.0, -2.5, -1.0 ],
					"faces": {
						"north": { "texture": "#castiron", "uv": [ 0.0, 0.0, 16.0, 3.0 ] },
						"east": { "texture": "#castiron", "uv": [ 0.0, 0.0, 1.0, 3.0 ] },
						"south": { "texture": "#castiron", "uv": [ 0.0, 0.0, 16.0, 3.0 ] },
						"west": { "texture": "#castiron", "uv": [ 0.0, 0.0, 1.0, 3.0 ] },
						"up": { "texture": "#castiron", "uv": [ 0.0, 0.0, 16.0, 1.0 ] },
						"down": { "texture": "#castiron", "uv": [ 0.0, 0.0, 16.0, 1.0 ] }
					}
				},
				{
					"name": "StepSouth2",
					"from": [ -1.0, -2.5, 6.0 ],
					"to": [ 15.0, 0.5, 7.0 ],
					"rotationOrigin": [ -1.0, -2.5, 6.0 ],
					"faces": {
						"north": { "texture": "#castiron", "uv": [ 0.0, 0.0, 16.0, 3.0 ] },
						"east": { "texture": "#castiron", "uv": [ 0.0, 0.0, 1.0, 3.0 ] },
						"south": { "texture": "#castiron", "uv": [ 0.0, 0.0, 16.0, 3.0 ] },
						"west": { "texture": "#castiron", "uv": [ 0.0, 0.0, 1.0, 3.0 ] },
						"up": { "texture": "#castiron", "uv": [ 0.0, 0.0, 16.0, 1.0 ] },
						"down": { "texture": "#castiron", "uv": [ 0.0, 0.0, 16.0, 1.0 ] }
					}
				},
				{
					"name": "StepWest2",
					"from": [ -1.0, -2.5, 0.0 ],
					"to": [ 0.0, 0.5, 6.0 ],
					"rotationOrigin": [ -1.0, -2.5, 0.0 ],
					"faces": {
						"north": { "texture": "#castiron", "uv": [ 0.0, 0.0, 1.0, 3.0 ] },
						"east": { "texture": "#castiron", "uv": [ 0.0, 0.0, 6.0, 3.0 ] },
						"south": { "texture": "#castiron", "uv": [ 0.0, 0.0, 1.0, 3.0 ] },
						"west": { "texture": "#castiron", "uv": [ 0.0, 0.0, 6.0, 3.0 ] },
						"up": { "texture": "#castiron", "uv": [ 0.0, 0.0, 1.0, 6.0 ] },
						"down": { "texture": "#castiron", "uv": [ 0.0, 0.0, 1.0, 6.0 ] }
					}
				},
				{
					"name": "StepEast2",
					"from": [ 14.0, -2.5, 0.0 ],
					"to": [ 15.0, 0.5, 6.0 ],
					"rotationOrigin": [ 14.0, -2.5, 0.0 ],
					"faces": {
						"north": { "texture": "#castiron", "uv": [ 0.0, 0.0, 1.0, 3.0 ] },
						"east": { "texture": "#castiron", "uv": [ 0.0, 0.0, 6.0, 3.0 ] },
						"south": { "texture": "#castiron", "uv": [ 0.0, 0.0, 1.0, 3.0 ] },
						"west": { "texture": "#castiron", "uv": [ 0.0, 0.0, 6.0, 3.0 ] },
						"up": { "texture": "#castiron", "uv": [ 0.0, 0.0, 1.0, 6.0 ] },
						"down": { "texture": "#castiron", "uv": [ 0.0, 0.0, 1.0, 6.0 ] }
					}
				}
			]
		}
	]}