{
	"editor": {
		"allAngles": false,
		"entityTextureMode": false
	},
	"textureWidth": 16,
	"textureHeight": 16,
	"textureSizes": {
	},
	"textures": {
		"castiron": "block/castiron",
		"metal": "block/deco/stairs",
		"mesh": "block/mesh"
	},
	"elements": [
		{
			"name": "northwestside",
			"from": [ 1.0, 2.6, 1.0 ],
			"to": [ 7.5, 2.85, 7.5 ],
			"renderPass": 1,
			"rotationOrigin": [ 1.0, 2.6, 1.0 ],
			"faces": {
				"up": { "texture": "#mesh", "uv": [ 0.0, 0.0, 9.5, 9.5 ], "rotation": 180, "autoUv": false }
			}
		},
		{
			"name": "North",
			"from": [ 0.0, 0.0, 0.0 ],
			"to": [ 16.0, 3.0, 1.0 ],
			"faces": {
				"north": { "texture": "#castiron", "uv": [ 0.0, 0.0, 16.0, 3.0 ] },
				"east": { "texture": "#castiron", "uv": [ 0.0, 0.0, 1.0, 3.0 ] },
				"south": { "texture": "#castiron", "uv": [ 0.0, 0.0, 16.0, 3.0 ] },
				"west": { "texture": "#castiron", "uv": [ 0.0, 0.0, 1.0, 3.0 ] },
				"up": { "texture": "#castiron", "uv": [ 0.0, 0.0, 16.0, 1.0 ] },
				"down": { "texture": "#castiron", "uv": [ 0.0, 0.0, 16.0, 1.0 ] }
			}
		},
		{
			"name": "Middle",
			"from": [ 1.0, 2.0, 7.5 ],
			"to": [ 15.0, 3.0, 8.5 ],
			"rotationOrigin": [ 1.0, 2.0, 7.0 ],
			"faces": {
				"north": { "texture": "#castiron", "uv": [ 0.0, 0.0, 14.0, 1.0 ] },
				"east": { "texture": "#castiron", "uv": [ 0.0, 0.0, 1.0, 1.0 ] },
				"south": { "texture": "#castiron", "uv": [ 0.0, 0.0, 14.0, 1.0 ] },
				"west": { "texture": "#castiron", "uv": [ 0.0, 0.0, 1.0, 1.0 ] },
				"up": { "texture": "#castiron", "uv": [ 0.0, 0.0, 14.0, 1.0 ] },
				"down": { "texture": "#castiron", "uv": [ 0.0, 0.0, 14.0, 1.0 ] }
			}
		},
		{
			"name": "Bottom",
			"from": [ 0.0, 0.0, 15.0 ],
			"to": [ 16.0, 3.0, 16.0 ],
			"rotationOrigin": [ 0.0, 0.0, 15.0 ],
			"faces": {
				"north": { "texture": "#castiron", "uv": [ 0.0, 0.0, 16.0, 3.0 ] },
				"east": { "texture": "#castiron", "uv": [ 0.0, 0.0, 1.0, 3.0 ] },
				"south": { "texture": "#castiron", "uv": [ 0.0, 0.0, 16.0, 3.0 ] },
				"west": { "texture": "#castiron", "uv": [ 0.0, 0.0, 1.0, 3.0 ] },
				"up": { "texture": "#castiron", "uv": [ 0.0, 0.0, 16.0, 1.0 ] },
				"down": { "texture": "#castiron", "uv": [ 0.0, 0.0, 16.0, 1.0 ] }
			}
		},
		{
			"name": "West",
			"from": [ 0.0, 0.0, 1.0 ],
			"to": [ 1.0, 3.0, 15.0 ],
			"rotationOrigin": [ 0.0, 0.0, 1.0 ],
			"faces": {
				"north": { "texture": "#castiron", "uv": [ 0.0, 0.0, 1.0, 3.0 ] },
				"east": { "texture": "#castiron", "uv": [ 0.0, 0.0, 14.0, 3.0 ] },
				"south": { "texture": "#castiron", "uv": [ 0.0, 0.0, 1.0, 3.0 ] },
				"west": { "texture": "#castiron", "uv": [ 0.0, 0.0, 14.0, 3.0 ] },
				"up": { "texture": "#castiron", "uv": [ 0.0, 0.0, 1.0, 14.0 ] },
				"down": { "texture": "#castiron", "uv": [ 0.0, 0.0, 1.0, 14.0 ] }
			}
		},
		{
			"name": "East",
			"from": [ 15.0, 0.0, 1.0 ],
			"to": [ 16.0, 3.0, 15.0 ],
			"rotationOrigin": [ 15.0, 0.0, 1.0 ],
			"faces": {
				"north": { "texture": "#castiron", "uv": [ 0.0, 0.0, 1.0, 3.0 ] },
				"east": { "texture": "#castiron", "uv": [ 0.0, 0.0, 14.0, 3.0 ] },
				"south": { "texture": "#castiron", "uv": [ 0.0, 0.0, 1.0, 3.0 ] },
				"west": { "texture": "#castiron", "uv": [ 0.0, 0.0, 14.0, 3.0 ] },
				"up": { "texture": "#castiron", "uv": [ 0.0, 0.0, 1.0, 14.0 ] },
				"down": { "texture": "#castiron", "uv": [ 0.0, 0.0, 1.0, 14.0 ] }
			}
		},
		{
			"name": "northeastside",
			"from": [ 8.5, 2.6, 1.0 ],
			"to": [ 15.0, 2.85, 7.5 ],
			"renderPass": 1,
			"rotationOrigin": [ 8.5, 2.6, 1.0 ],
			"faces": {
				"up": { "texture": "#mesh", "uv": [ 0.0, 0.0, 9.5, 9.5 ], "rotation": 180, "autoUv": false }
			}
		},
		{
			"name": "southwestside",
			"from": [ 1.0, 2.6, 8.5 ],
			"to": [ 7.5, 2.85, 15.0 ],
			"renderPass": 1,
			"rotationOrigin": [ 1.0, 2.6, 8.5 ],
			"faces": {
				"up": { "texture": "#mesh", "uv": [ 0.0, 0.0, 9.5, 9.5 ], "rotation": 180, "autoUv": false }
			}
		},
		{
			"name": "southeastside",
			"from": [ 8.5, 2.6, 8.5 ],
			"to": [ 15.0, 2.85, 15.0 ],
			"renderPass": 1,
			"rotationOrigin": [ 8.5, 2.6, 8.5 ],
			"faces": {
				"up": { "texture": "#mesh", "uv": [ 0.0, 0.0, 9.5, 9.5 ], "rotation": 180, "autoUv": false }
			}
		},
		{
			"name": "Middlenorth",
			"from": [ 7.5, 2.0, 1.0 ],
			"to": [ 8.5, 3.0, 7.5 ],
			"rotationOrigin": [ 7.0, 2.0, 1.0 ],
			"faces": {
				"north": { "texture": "#castiron", "uv": [ 0.0, 0.0, 1.0, 1.0 ] },
				"east": { "texture": "#castiron", "uv": [ 0.0, 0.0, 6.5, 1.0 ] },
				"south": { "texture": "#castiron", "uv": [ 0.0, 0.0, 1.0, 1.0 ] },
				"west": { "texture": "#castiron", "uv": [ 0.0, 0.0, 6.5, 1.0 ] },
				"up": { "texture": "#castiron", "uv": [ 0.0, 0.0, 1.0, 6.5 ] },
				"down": { "texture": "#castiron", "uv": [ 0.0, 0.0, 1.0, 6.5 ] }
			}
		},
		{
			"name": "Middlesouth",
			"from": [ 7.5, 2.0, 8.5 ],
			"to": [ 8.5, 3.0, 15.0 ],
			"rotationOrigin": [ 7.0, 2.0, 8.0 ],
			"faces": {
				"north": { "texture": "#castiron", "uv": [ 0.0, 0.0, 1.0, 1.0 ] },
				"east": { "texture": "#castiron", "uv": [ 0.0, 0.0, 6.5, 1.0 ] },
				"south": { "texture": "#castiron", "uv": [ 0.0, 0.0, 1.0, 1.0 ] },
				"west": { "texture": "#castiron", "uv": [ 0.0, 0.0, 6.5, 1.0 ] },
				"up": { "texture": "#castiron", "uv": [ 0.0, 0.0, 1.0, 6.5 ] },
				"down": { "texture": "#castiron", "uv": [ 0.0, 0.0, 1.0, 6.5 ] }
			}
		}
	]}