{
	"editor": {
		"collapsedPaths": ",Root/root",
		"allAngles": true,
		"entityTextureMode": true
	},
	"textureWidth": 32,
	"textureHeight": 76,
	"textureSizes": {
	},
	"textures": {
	},
	"elements": [
		{
			"name": "Base2",
			"from": [ 8.9, 0.0, 6.85 ],
			"to": [ 9.9, 0.25, 7.85 ],
			"unwrapMode": 4,
			"uv": [ 1.0, 0.5 ],
			"rotationOrigin": [ 9.2774, 0.0349, 7.1095 ],
			"rotationY": 90.0,
			"faces": {
				"north": { "texture": "#base", "uv": [ 1.0, 6.0, 6.5, 11.0 ], "autoUv": false },
				"east": { "texture": "#base", "uv": [ 17.0, 6.0, 22.0, 11.0 ], "autoUv": false },
				"south": { "texture": "#base", "uv": [ 11.5, 6.0, 17.0, 11.0 ], "autoUv": false },
				"west": { "texture": "#base", "uv": [ 6.5, 6.0, 11.5, 11.0 ], "autoUv": false },
				"up": { "texture": "#base", "uv": [ 6.5, 0.5, 11.5, 6.0 ], "rotation": 90, "autoUv": false },
				"down": { "texture": "#base", "uv": [ 6.5, 11.0, 11.5, 16.5 ], "rotation": 90, "autoUv": false }
			},
			"children": [
				{
					"name": "Base5",
					"from": [ -2.0, 0.0, -1.0 ],
					"to": [ -1.0, 0.25, 0.0 ],
					"unwrapMode": 4,
					"uv": [ 1.0, 0.5 ],
					"rotationOrigin": [ -1.6226, 0.0049, -0.6905 ],
					"faces": {
						"north": { "texture": "#base", "uv": [ 1.0, 6.0, 6.5, 11.0 ], "autoUv": false },
						"east": { "texture": "#base", "uv": [ 17.0, 6.0, 22.0, 11.0 ], "autoUv": false },
						"south": { "texture": "#base", "uv": [ 11.5, 6.0, 17.0, 11.0 ], "autoUv": false },
						"west": { "texture": "#base", "uv": [ 6.5, 6.0, 11.5, 11.0 ], "autoUv": false },
						"up": { "texture": "#base", "uv": [ 6.5, 0.5, 11.5, 6.0 ], "rotation": 90, "autoUv": false },
						"down": { "texture": "#base", "uv": [ 6.5, 11.0, 11.5, 16.5 ], "rotation": 90, "autoUv": false }
					}
				},
				{
					"name": "Base6",
					"from": [ -2.0, 0.0, -2.0 ],
					"to": [ -1.0, 0.25, -1.0 ],
					"unwrapMode": 4,
					"uv": [ 1.0, 0.5 ],
					"rotationOrigin": [ -1.6226, 0.0049, -1.6905 ],
					"faces": {
						"north": { "texture": "#base", "uv": [ 1.0, 6.0, 6.5, 11.0 ], "autoUv": false },
						"east": { "texture": "#base", "uv": [ 17.0, 6.0, 22.0, 11.0 ], "autoUv": false },
						"south": { "texture": "#base", "uv": [ 11.5, 6.0, 17.0, 11.0 ], "autoUv": false },
						"west": { "texture": "#base", "uv": [ 6.5, 6.0, 11.5, 11.0 ], "autoUv": false },
						"up": { "texture": "#base", "uv": [ 6.5, 0.5, 11.5, 6.0 ], "rotation": 90, "autoUv": false },
						"down": { "texture": "#base", "uv": [ 6.5, 11.0, 11.5, 16.5 ], "rotation": 90, "autoUv": false }
					}
				},
				{
					"name": "Base7",
					"from": [ -2.0, 0.0, -3.0 ],
					"to": [ -1.0, 0.25, -2.0 ],
					"unwrapMode": 4,
					"uv": [ 1.0, 0.5 ],
					"rotationOrigin": [ -1.6226, 0.0049, -2.6905 ],
					"faces": {
						"north": { "texture": "#base", "uv": [ 1.0, 6.0, 6.5, 11.0 ], "autoUv": false },
						"east": { "texture": "#base", "uv": [ 17.0, 6.0, 22.0, 11.0 ], "autoUv": false },
						"south": { "texture": "#base", "uv": [ 11.5, 6.0, 17.0, 11.0 ], "autoUv": false },
						"west": { "texture": "#base", "uv": [ 6.5, 6.0, 11.5, 11.0 ], "autoUv": false },
						"up": { "texture": "#base", "uv": [ 6.5, 0.5, 11.5, 6.0 ], "rotation": 90, "autoUv": false },
						"down": { "texture": "#base", "uv": [ 6.5, 11.0, 11.5, 16.5 ], "rotation": 90, "autoUv": false }
					}
				},
				{
					"name": "Base8",
					"from": [ -1.0, 0.0, -3.0 ],
					"to": [ 0.0, 0.25, -2.0 ],
					"unwrapMode": 4,
					"uv": [ 1.0, 0.5 ],
					"rotationOrigin": [ -0.6226, 0.0049, -2.6905 ],
					"faces": {
						"north": { "texture": "#base", "uv": [ 1.0, 6.0, 6.5, 11.0 ], "autoUv": false },
						"east": { "texture": "#base", "uv": [ 17.0, 6.0, 22.0, 11.0 ], "autoUv": false },
						"south": { "texture": "#base", "uv": [ 11.5, 6.0, 17.0, 11.0 ], "autoUv": false },
						"west": { "texture": "#base", "uv": [ 6.5, 6.0, 11.5, 11.0 ], "autoUv": false },
						"up": { "texture": "#base", "uv": [ 6.5, 0.5, 11.5, 6.0 ], "rotation": 90, "autoUv": false },
						"down": { "texture": "#base", "uv": [ 6.5, 11.0, 11.5, 16.5 ], "rotation": 90, "autoUv": false }
					}
				},
				{
					"name": "Base9",
					"from": [ 0.0, 0.0, -3.0 ],
					"to": [ 1.0, 0.25, -2.0 ],
					"unwrapMode": 4,
					"uv": [ 1.0, 0.5 ],
					"rotationOrigin": [ 0.3774, 0.0049, -2.6905 ],
					"faces": {
						"north": { "texture": "#base", "uv": [ 1.0, 6.0, 6.5, 11.0 ], "autoUv": false },
						"east": { "texture": "#base", "uv": [ 17.0, 6.0, 22.0, 11.0 ], "autoUv": false },
						"south": { "texture": "#base", "uv": [ 11.5, 6.0, 17.0, 11.0 ], "autoUv": false },
						"west": { "texture": "#base", "uv": [ 6.5, 6.0, 11.5, 11.0 ], "autoUv": false },
						"up": { "texture": "#base", "uv": [ 6.5, 0.5, 11.5, 6.0 ], "rotation": 90, "autoUv": false },
						"down": { "texture": "#base", "uv": [ 6.5, 11.0, 11.5, 16.5 ], "rotation": 90, "autoUv": false }
					}
				},
				{
					"name": "Base10",
					"from": [ 0.0, 0.0, -2.0 ],
					"to": [ 1.0, 0.25, -1.0 ],
					"unwrapMode": 4,
					"uv": [ 1.0, 0.5 ],
					"rotationOrigin": [ 0.3774, 0.0049, -1.6905 ],
					"faces": {
						"north": { "texture": "#base", "uv": [ 1.0, 6.0, 6.5, 11.0 ], "autoUv": false },
						"east": { "texture": "#base", "uv": [ 17.0, 6.0, 22.0, 11.0 ], "autoUv": false },
						"south": { "texture": "#base", "uv": [ 11.5, 6.0, 17.0, 11.0 ], "autoUv": false },
						"west": { "texture": "#base", "uv": [ 6.5, 6.0, 11.5, 11.0 ], "autoUv": false },
						"up": { "texture": "#base", "uv": [ 6.5, 0.5, 11.5, 6.0 ], "rotation": 90, "autoUv": false },
						"down": { "texture": "#base", "uv": [ 6.5, 11.0, 11.5, 16.5 ], "rotation": 90, "autoUv": false }
					}
				},
				{
					"name": "Base11",
					"from": [ -1.0, 0.0, -2.0 ],
					"to": [ 0.0, 0.25, -1.0 ],
					"unwrapMode": 4,
					"uv": [ 1.0, 0.5 ],
					"rotationOrigin": [ -0.6226, 0.0049, -1.6905 ],
					"faces": {
						"north": { "texture": "#base", "uv": [ 1.0, 6.0, 6.5, 11.0 ], "autoUv": false },
						"east": { "texture": "#base", "uv": [ 17.0, 6.0, 22.0, 11.0 ], "autoUv": false },
						"south": { "texture": "#base", "uv": [ 11.5, 6.0, 17.0, 11.0 ], "autoUv": false },
						"west": { "texture": "#base", "uv": [ 6.5, 6.0, 11.5, 11.0 ], "autoUv": false },
						"up": { "texture": "#base", "uv": [ 6.5, 0.5, 11.5, 6.0 ], "rotation": 90, "autoUv": false },
						"down": { "texture": "#base", "uv": [ 6.5, 11.0, 11.5, 16.5 ], "rotation": 90, "autoUv": false }
					}
				},
				{
					"name": "Base12",
					"from": [ -1.0, 0.0, -1.0 ],
					"to": [ 0.0, 0.25, 0.0 ],
					"unwrapMode": 4,
					"uv": [ 1.0, 0.5 ],
					"rotationOrigin": [ -0.6226, 0.0049, -0.6905 ],
					"faces": {
						"north": { "texture": "#base", "uv": [ 1.0, 6.0, 6.5, 11.0 ], "autoUv": false },
						"east": { "texture": "#base", "uv": [ 17.0, 6.0, 22.0, 11.0 ], "autoUv": false },
						"south": { "texture": "#base", "uv": [ 11.5, 6.0, 17.0, 11.0 ], "autoUv": false },
						"west": { "texture": "#base", "uv": [ 6.5, 6.0, 11.5, 11.0 ], "autoUv": false },
						"up": { "texture": "#base", "uv": [ 6.5, 0.5, 11.5, 6.0 ], "rotation": 90, "autoUv": false },
						"down": { "texture": "#base", "uv": [ 6.5, 11.0, 11.5, 16.5 ], "rotation": 90, "autoUv": false }
					}
				},
				{
					"name": "Base17",
					"from": [ 0.0, 0.0, -1.0 ],
					"to": [ 1.0, 0.25, 0.0 ],
					"unwrapMode": 4,
					"uv": [ 1.0, 0.5 ],
					"rotationOrigin": [ 0.3774, 0.0049, -0.6904 ],
					"faces": {
						"north": { "texture": "#base", "uv": [ 1.0, 6.0, 6.5, 11.0 ], "autoUv": false },
						"east": { "texture": "#base", "uv": [ 17.0, 6.0, 22.0, 11.0 ], "autoUv": false },
						"south": { "texture": "#base", "uv": [ 11.5, 6.0, 17.0, 11.0 ], "autoUv": false },
						"west": { "texture": "#base", "uv": [ 6.5, 6.0, 11.5, 11.0 ], "autoUv": false },
						"up": { "texture": "#base", "uv": [ 6.5, 0.5, 11.5, 6.0 ], "rotation": 90, "autoUv": false },
						"down": { "texture": "#base", "uv": [ 6.5, 11.0, 11.5, 16.5 ], "rotation": 90, "autoUv": false }
					}
				},
				{
					"name": "Base14",
					"from": [ 1.0, 0.0, -1.0 ],
					"to": [ 1.5, 0.25, 0.0 ],
					"unwrapMode": 4,
					"uv": [ 1.0, 0.5 ],
					"rotationOrigin": [ 1.3774, 0.0049, -0.6904 ],
					"faces": {
						"north": { "texture": "#base", "uv": [ 1.0, 6.0, 6.5, 11.0 ], "autoUv": false },
						"east": { "texture": "#base", "uv": [ 17.0, 6.0, 22.0, 11.0 ], "autoUv": false },
						"south": { "texture": "#base", "uv": [ 11.5, 6.0, 17.0, 11.0 ], "autoUv": false },
						"west": { "texture": "#base", "uv": [ 6.5, 6.0, 11.5, 11.0 ], "autoUv": false },
						"up": { "texture": "#base", "uv": [ 6.5, 0.5, 11.5, 6.0 ], "rotation": 90, "autoUv": false },
						"down": { "texture": "#base", "uv": [ 6.5, 11.0, 11.5, 16.5 ], "rotation": 90, "autoUv": false }
					}
				},
				{
					"name": "Base15",
					"from": [ 1.0, 0.0, -2.0 ],
					"to": [ 1.5, 0.25, -1.0 ],
					"unwrapMode": 4,
					"uv": [ 1.0, 0.5 ],
					"rotationOrigin": [ 1.3774, 0.0049, -1.6904 ],
					"faces": {
						"north": { "texture": "#base", "uv": [ 1.0, 6.0, 6.5, 11.0 ], "autoUv": false },
						"east": { "texture": "#base", "uv": [ 17.0, 6.0, 22.0, 11.0 ], "autoUv": false },
						"south": { "texture": "#base", "uv": [ 11.5, 6.0, 17.0, 11.0 ], "autoUv": false },
						"west": { "texture": "#base", "uv": [ 6.5, 6.0, 11.5, 11.0 ], "autoUv": false },
						"up": { "texture": "#base", "uv": [ 6.5, 0.5, 11.5, 6.0 ], "rotation": 90, "autoUv": false },
						"down": { "texture": "#base", "uv": [ 6.5, 11.0, 11.5, 16.5 ], "rotation": 90, "autoUv": false }
					}
				},
				{
					"name": "Base16",
					"from": [ 1.0, 0.0, -3.0 ],
					"to": [ 1.5, 0.25, -2.0 ],
					"unwrapMode": 4,
					"uv": [ 1.0, 0.5 ],
					"rotationOrigin": [ 1.3774, 0.0049, -2.6904 ],
					"faces": {
						"north": { "texture": "#base", "uv": [ 1.0, 6.0, 6.5, 11.0 ], "autoUv": false },
						"east": { "texture": "#base", "uv": [ 17.0, 6.0, 22.0, 11.0 ], "autoUv": false },
						"south": { "texture": "#base", "uv": [ 11.5, 6.0, 17.0, 11.0 ], "autoUv": false },
						"west": { "texture": "#base", "uv": [ 6.5, 6.0, 11.5, 11.0 ], "autoUv": false },
						"up": { "texture": "#base", "uv": [ 6.5, 0.5, 11.5, 6.0 ], "rotation": 90, "autoUv": false },
						"down": { "texture": "#base", "uv": [ 6.5, 11.0, 11.5, 16.5 ], "rotation": 90, "autoUv": false }
					}
				},
				{
					"name": "Base22",
					"from": [ -2.5, 0.0, -3.0 ],
					"to": [ -2.0, 0.25, -2.0 ],
					"unwrapMode": 4,
					"uv": [ 1.0, 0.5 ],
					"rotationOrigin": [ -2.1226, 0.0049, -2.6904 ],
					"faces": {
						"north": { "texture": "#base", "uv": [ 1.0, 6.0, 6.5, 11.0 ], "autoUv": false },
						"east": { "texture": "#base", "uv": [ 17.0, 6.0, 22.0, 11.0 ], "autoUv": false },
						"south": { "texture": "#base", "uv": [ 11.5, 6.0, 17.0, 11.0 ], "autoUv": false },
						"west": { "texture": "#base", "uv": [ 6.5, 6.0, 11.5, 11.0 ], "autoUv": false },
						"up": { "texture": "#base", "uv": [ 6.5, 0.5, 11.5, 6.0 ], "rotation": 90, "autoUv": false },
						"down": { "texture": "#base", "uv": [ 6.5, 11.0, 11.5, 16.5 ], "rotation": 90, "autoUv": false }
					}
				},
				{
					"name": "Base23",
					"from": [ -2.5, 0.0, -2.0 ],
					"to": [ -2.0, 0.25, -1.0 ],
					"unwrapMode": 4,
					"uv": [ 1.0, 0.5 ],
					"rotationOrigin": [ -2.1226, 0.0049, -1.6904 ],
					"faces": {
						"north": { "texture": "#base", "uv": [ 1.0, 6.0, 6.5, 11.0 ], "autoUv": false },
						"east": { "texture": "#base", "uv": [ 17.0, 6.0, 22.0, 11.0 ], "autoUv": false },
						"south": { "texture": "#base", "uv": [ 11.5, 6.0, 17.0, 11.0 ], "autoUv": false },
						"west": { "texture": "#base", "uv": [ 6.5, 6.0, 11.5, 11.0 ], "autoUv": false },
						"up": { "texture": "#base", "uv": [ 6.5, 0.5, 11.5, 6.0 ], "rotation": 90, "autoUv": false },
						"down": { "texture": "#base", "uv": [ 6.5, 11.0, 11.5, 16.5 ], "rotation": 90, "autoUv": false }
					}
				},
				{
					"name": "Base24",
					"from": [ -2.5, 0.0, -1.0 ],
					"to": [ -2.0, 0.25, 0.0 ],
					"unwrapMode": 4,
					"uv": [ 1.0, 0.5 ],
					"rotationOrigin": [ -2.1226, 0.0049, -0.6904 ],
					"faces": {
						"north": { "texture": "#base", "uv": [ 1.0, 6.0, 6.5, 11.0 ], "autoUv": false },
						"east": { "texture": "#base", "uv": [ 17.0, 6.0, 22.0, 11.0 ], "autoUv": false },
						"south": { "texture": "#base", "uv": [ 11.5, 6.0, 17.0, 11.0 ], "autoUv": false },
						"west": { "texture": "#base", "uv": [ 6.5, 6.0, 11.5, 11.0 ], "autoUv": false },
						"up": { "texture": "#base", "uv": [ 6.5, 0.5, 11.5, 6.0 ], "rotation": 90, "autoUv": false },
						"down": { "texture": "#base", "uv": [ 6.5, 11.0, 11.5, 16.5 ], "rotation": 90, "autoUv": false }
					}
				},
				{
					"name": "Base25",
					"from": [ 1.0, 0.0, 0.0 ],
					"to": [ 1.5, 0.25, 1.0 ],
					"unwrapMode": 4,
					"uv": [ 1.0, 0.5 ],
					"rotationOrigin": [ 1.3774, 0.0049, 0.3096 ],
					"faces": {
						"north": { "texture": "#base", "uv": [ 1.0, 6.0, 6.5, 11.0 ], "autoUv": false },
						"east": { "texture": "#base", "uv": [ 17.0, 6.0, 22.0, 11.0 ], "autoUv": false },
						"south": { "texture": "#base", "uv": [ 11.5, 6.0, 17.0, 11.0 ], "autoUv": false },
						"west": { "texture": "#base", "uv": [ 6.5, 6.0, 11.5, 11.0 ], "autoUv": false },
						"up": { "texture": "#base", "uv": [ 6.5, 0.5, 11.5, 6.0 ], "rotation": 90, "autoUv": false },
						"down": { "texture": "#base", "uv": [ 6.5, 11.0, 11.5, 16.5 ], "rotation": 90, "autoUv": false }
					}
				},
				{
					"name": "Base45",
					"from": [ -1.0, 0.0, -1.0 ],
					"to": [ 0.0, 0.25, 0.0 ],
					"unwrapMode": 4,
					"uv": [ 1.0, 0.5 ],
					"rotationOrigin": [ -0.6226, 0.0049, -0.6905 ],
					"faces": {
						"north": { "texture": "#base", "uv": [ 1.0, 6.0, 6.5, 11.0 ], "autoUv": false },
						"east": { "texture": "#base", "uv": [ 17.0, 6.0, 22.0, 11.0 ], "autoUv": false },
						"south": { "texture": "#base", "uv": [ 11.5, 6.0, 17.0, 11.0 ], "autoUv": false },
						"west": { "texture": "#base", "uv": [ 6.5, 6.0, 11.5, 11.0 ], "autoUv": false },
						"up": { "texture": "#base", "uv": [ 6.5, 0.5, 11.5, 6.0 ], "rotation": 90, "autoUv": false },
						"down": { "texture": "#base", "uv": [ 6.5, 11.0, 11.5, 16.5 ], "rotation": 90, "autoUv": false }
					}
				},
				{
					"name": "Base13",
					"from": [ -1.0, 0.0, 0.0 ],
					"to": [ 0.0, 0.25, 1.0 ],
					"unwrapMode": 4,
					"uv": [ 1.0, 0.5 ],
					"rotationOrigin": [ -0.6226, 0.0049, 0.3095 ],
					"faces": {
						"north": { "texture": "#base", "uv": [ 1.0, 6.0, 6.5, 11.0 ], "autoUv": false },
						"east": { "texture": "#base", "uv": [ 17.0, 6.0, 22.0, 11.0 ], "autoUv": false },
						"south": { "texture": "#base", "uv": [ 11.5, 6.0, 17.0, 11.0 ], "autoUv": false },
						"west": { "texture": "#base", "uv": [ 6.5, 6.0, 11.5, 11.0 ], "autoUv": false },
						"up": { "texture": "#base", "uv": [ 6.5, 0.5, 11.5, 6.0 ], "rotation": 90, "autoUv": false },
						"down": { "texture": "#base", "uv": [ 6.5, 11.0, 11.5, 16.5 ], "rotation": 90, "autoUv": false }
					}
				},
				{
					"name": "Base26",
					"from": [ -2.0, 0.0, 0.0 ],
					"to": [ -1.0, 0.25, 1.0 ],
					"unwrapMode": 4,
					"uv": [ 1.0, 0.5 ],
					"rotationOrigin": [ -1.6226, 0.0049, 0.3095 ],
					"faces": {
						"north": { "texture": "#base", "uv": [ 1.0, 6.0, 6.5, 11.0 ], "autoUv": false },
						"east": { "texture": "#base", "uv": [ 17.0, 6.0, 22.0, 11.0 ], "autoUv": false },
						"south": { "texture": "#base", "uv": [ 11.5, 6.0, 17.0, 11.0 ], "autoUv": false },
						"west": { "texture": "#base", "uv": [ 6.5, 6.0, 11.5, 11.0 ], "autoUv": false },
						"up": { "texture": "#base", "uv": [ 6.5, 0.5, 11.5, 6.0 ], "rotation": 90, "autoUv": false },
						"down": { "texture": "#base", "uv": [ 6.5, 11.0, 11.5, 16.5 ], "rotation": 90, "autoUv": false }
					}
				},
				{
					"name": "Base27",
					"from": [ -2.5, 0.0, 0.0 ],
					"to": [ -2.0, 0.25, 1.0 ],
					"unwrapMode": 4,
					"uv": [ 1.0, 0.5 ],
					"rotationOrigin": [ -2.1226, 0.0049, 0.3096 ],
					"faces": {
						"north": { "texture": "#base", "uv": [ 1.0, 6.0, 6.5, 11.0 ], "autoUv": false },
						"east": { "texture": "#base", "uv": [ 17.0, 6.0, 22.0, 11.0 ], "autoUv": false },
						"south": { "texture": "#base", "uv": [ 11.5, 6.0, 17.0, 11.0 ], "autoUv": false },
						"west": { "texture": "#base", "uv": [ 6.5, 6.0, 11.5, 11.0 ], "autoUv": false },
						"up": { "texture": "#base", "uv": [ 6.5, 0.5, 11.5, 6.0 ], "rotation": 90, "autoUv": false },
						"down": { "texture": "#base", "uv": [ 6.5, 11.0, 11.5, 16.5 ], "rotation": 90, "autoUv": false }
					}
				},
				{
					"name": "root",
					"from": [ -1.2, -0.3, -9.3 ],
					"to": [ -1.2, -0.3, -9.3 ],
					"uv": [ 0.0, 0.0 ],
					"rotationOrigin": [ 0.1, 0.9, -2.5 ],
					"rotationX": -180.0,
					"rotationY": -83.0,
					"rotationZ": -180.0,
					"faces": {
					},
					"children": [
						{
							"name": "LowerTorso",
							"from": [ 2.4, 1.9, 6.2 ],
							"to": [ 2.9, 2.4, 6.8 ],
							"unwrapMode": 4,
							"autoUnwrap": false,
							"uv": [ 8.0, 17.5 ],
							"rotationOrigin": [ 2.6, 1.9, 6.5 ],
							"rotationY": 11.0,
							"rotationZ": 3.0,
							"faces": {
								"north": { "texture": "#seraph", "uv": [ 8.0, 22.0, 13.0, 27.0 ], "autoUv": false },
								"east": { "texture": "#seraph", "uv": [ 24.0, 22.0, 30.0, 27.0 ], "autoUv": false },
								"south": { "texture": "#seraph", "uv": [ 19.0, 22.0, 24.0, 27.0 ], "autoUv": false },
								"west": { "texture": "#seraph", "uv": [ 13.0, 22.0, 19.0, 27.0 ], "autoUv": false },
								"up": { "texture": "#seraph", "uv": [ 0.5, 22.5, 6.5, 27.5 ], "rotation": 90, "autoUv": false, "windMode": [-1,-1,-1,-1], "windData": [1,1,1,1] },
								"down": { "texture": "#seraph", "uv": [ 13.0, 27.0, 19.0, 32.0 ], "rotation": 90, "autoUv": false, "windMode": [-1,-1,-1,-1] }
							},
							"children": [
								{
									"name": "UpperTorso",
									"from": [ 0.0, 0.43, -0.01 ],
									"to": [ 0.5, 0.93, 0.61 ],
									"unwrapMode": 4,
									"autoUnwrap": false,
									"uv": [ 8.0, 12.5 ],
									"rotationOrigin": [ 0.2, 0.5, 0.3 ],
									"rotationZ": 14.0,
									"faces": {
										"north": { "texture": "#seraph", "uv": [ 8.0, 17.5, 13.0, 22.5 ], "autoUv": false },
										"east": { "texture": "#seraph", "uv": [ 24.0, 17.5, 30.0, 22.5 ], "autoUv": false },
										"south": { "texture": "#seraph", "uv": [ 19.0, 17.5, 24.0, 22.5 ], "autoUv": false },
										"west": { "texture": "#seraph", "uv": [ 13.0, 17.5, 19.0, 22.5 ], "autoUv": false },
										"up": { "texture": "#seraph", "uv": [ 13.0, 12.5, 19.0, 17.5 ], "rotation": 90, "autoUv": false },
										"down": { "texture": "#seraph", "uv": [ 0.5, 17.5, 6.5, 22.5 ], "rotation": 90, "autoUv": false }
									},
									"children": [
										{
											"name": "UpperArmR",
											"from": [ 0.1, -0.21, -0.12 ],
											"to": [ 0.4, 0.49, 0.08 ],
											"unwrapMode": 4,
											"autoUnwrap": false,
											"uv": [ 1.0, 29.0 ],
											"rotationOrigin": [ 0.2, 0.47, 0.08 ],
											"rotationX": 30.0,
											"rotationY": 17.0,
											"rotationZ": 11.0,
											"faces": {
												"north": { "texture": "#seraph", "uv": [ 3.0, 31.5, 6.0, 38.5 ], "autoUv": false },
												"east": { "texture": "#seraph", "uv": [ 1.0, 31.5, 3.0, 38.5 ], "autoUv": false },
												"south": { "texture": "#seraph", "uv": [ 8.0, 31.5, 11.0, 38.5 ], "autoUv": false },
												"west": { "texture": "#seraph", "uv": [ 6.0, 31.5, 8.0, 38.5 ], "autoUv": false },
												"up": { "texture": "#seraph", "uv": [ 6.0, 28.5, 8.0, 31.5 ], "rotation": 90, "autoUv": false },
												"down": { "texture": "#seraph", "uv": [ 12.0, 36.0, 14.0, 39.0 ], "rotation": 90, "autoUv": false }
											},
											"children": [
												{
													"name": "LowerArmR",
													"from": [ 0.01, -0.73, 0.01 ],
													"to": [ 0.26, 0.07, 0.21 ],
													"unwrapMode": 4,
													"autoUnwrap": false,
													"uv": [ 31.5, 49.0 ],
													"rotationOrigin": [ 0.13, 0.07, 0.11 ],
													"rotationX": -3.0,
													"rotationY": -19.0,
													"rotationZ": -80.0,
													"faces": {
														"north": { "texture": "#seraph", "uv": [ 3.5, 38.0, 6.0, 46.0 ], "autoUv": false },
														"east": { "texture": "#seraph", "uv": [ 1.5, 38.0, 3.5, 46.0 ], "autoUv": false },
														"south": { "texture": "#seraph", "uv": [ 8.0, 38.0, 10.5, 46.0 ], "autoUv": false },
														"west": { "texture": "#seraph", "uv": [ 6.0, 38.0, 8.0, 46.0 ], "autoUv": false },
														"up": { "texture": "#seraph", "uv": [ 12.0, 39.0, 14.0, 41.5 ], "rotation": 90, "autoUv": false },
														"down": { "texture": "#seraph", "uv": [ 6.0, 46.0, 8.0, 48.5 ], "rotation": 90, "autoUv": false }
													},
													"children": [
														{
															"name": "ItemAnchor",
															"from": [ 0.15, 0.05, 0.1 ],
															"to": [ 0.25, 0.15, 0.2 ],
															"uv": [ 0.0, 0.0 ],
															"rotationOrigin": [ 0.1, 0.1, 0.1 ],
															"faces": {
															},
															"attachmentpoints": [
																{
																	"code": "RightHand",
																	"posX": "0.0","posY": "0.0","posZ": "0.0",
																	"rotationX": "0.0","rotationY": "-180.0","rotationZ": "0.0"
																}
															]
														},
														{
															"name": "handle",
															"from": [ 0.8361, 0.6706, -0.5553 ],
															"to": [ 1.7161, 0.7506, -0.4753 ],
															"uv": [ 0.0, 0.0 ],
															"rotationOrigin": [ 0.6361, 0.1206, -0.5153 ],
															"rotationX": -91.0659,
															"rotationY": -4.7465,
															"rotationZ": -178.146,
															"faces": {
																"north": { "texture": "#seraph", "uv": [ 2.0, 3.0, 13.0, 4.0 ], "autoUv": false },
																"east": { "texture": "#seraph", "uv": [ 3.0, 0.0, 4.0, 1.0 ], "autoUv": false },
																"south": { "texture": "#seraph", "uv": [ 1.0, 5.5, 12.0, 6.5 ], "autoUv": false },
																"west": { "texture": "#seraph", "uv": [ 4.0, 0.0, 5.0, 1.0 ], "autoUv": false },
																"up": { "texture": "#seraph", "uv": [ 5.0, 2.0, 16.0, 3.0 ], "autoUv": false },
																"down": { "texture": "#seraph", "uv": [ 0.0, 5.0, 11.0, 6.0 ], "autoUv": false }
															},
															"children": [
																{
																	"name": "Cube1",
																	"from": [ 0.68, -0.04, -0.12 ],
																	"to": [ 0.84, 0.12, 0.2 ],
																	"uv": [ 1.0, 1.0 ],
																	"rotationOrigin": [ -0.28, -0.6, -0.6 ],
																	"faces": {
																		"north": { "texture": "#seraph", "uv": [ 1.0, 5.0, 3.0, 7.0 ], "autoUv": false },
																		"east": { "texture": "#seraph", "uv": [ 2.0, 1.0, 6.0, 3.0 ], "autoUv": false },
																		"south": { "texture": "#seraph", "uv": [ 2.0, 3.0, 4.0, 5.0 ], "autoUv": false },
																		"west": { "texture": "#seraph", "uv": [ 1.0, 5.0, 5.0, 7.0 ], "autoUv": false },
																		"up": { "texture": "#seraph", "uv": [ 5.0, 2.0, 7.0, 6.0 ], "autoUv": false },
																		"down": { "texture": "#seraph", "uv": [ 1.0, 3.0, 3.0, 7.0 ], "autoUv": false }
																	}
																}
															]
														}
													]
												}
											]
										},
										{
											"name": "UpperArmL",
											"from": [ 0.1, -0.21, 0.54 ],
											"to": [ 0.4, 0.49, 0.74 ],
											"unwrapMode": 4,
											"autoUnwrap": false,
											"uv": [ 21.0, 29.0 ],
											"rotationOrigin": [ 0.2, 0.47, 0.52 ],
											"rotationX": -28.0,
											"rotationY": -25.0,
											"rotationZ": 6.0,
											"faces": {
												"north": { "texture": "#seraph", "uv": [ 21.0, 31.5, 24.0, 38.5 ], "autoUv": false },
												"east": { "texture": "#seraph", "uv": [ 29.0, 31.5, 31.0, 38.5 ], "autoUv": false },
												"south": { "texture": "#seraph", "uv": [ 26.0, 31.5, 29.0, 38.5 ], "autoUv": false },
												"west": { "texture": "#seraph", "uv": [ 24.0, 31.5, 26.0, 38.5 ], "autoUv": false },
												"up": { "texture": "#seraph", "uv": [ 24.0, 28.5, 26.0, 31.5 ], "rotation": 90, "autoUv": false },
												"down": { "texture": "#seraph", "uv": [ 18.0, 36.0, 20.0, 39.0 ], "rotation": 90, "autoUv": false }
											},
											"children": [
												{
													"name": "LowerArmL",
													"from": [ 0.02, -0.73, -0.01 ],
													"to": [ 0.27, 0.07, 0.19 ],
													"unwrapMode": 4,
													"autoUnwrap": false,
													"uv": [ 21.5, 36.5 ],
													"rotationOrigin": [ 0.14, 0.07, 0.09 ],
													"rotationX": 8.0,
													"rotationY": 11.0,
													"rotationZ": -75.0,
													"faces": {
														"north": { "texture": "#seraph", "uv": [ 21.5, 38.0, 24.0, 46.0 ], "autoUv": false },
														"east": { "texture": "#seraph", "uv": [ 28.5, 38.0, 30.5, 46.0 ], "autoUv": false },
														"south": { "texture": "#seraph", "uv": [ 26.0, 38.0, 28.5, 46.0 ], "autoUv": false },
														"west": { "texture": "#seraph", "uv": [ 24.0, 38.0, 26.0, 46.0 ], "autoUv": false },
														"up": { "texture": "#seraph", "uv": [ 18.0, 39.0, 20.0, 41.5 ], "rotation": 90, "autoUv": false },
														"down": { "texture": "#seraph", "uv": [ 24.0, 46.0, 26.0, 48.5 ], "rotation": 90, "autoUv": false }
													},
													"children": [
														{
															"name": "ItemAnchorL",
															"from": [ 0.15, 0.05, 0.1 ],
															"to": [ 0.25, 0.15, 0.2 ],
															"uv": [ 0.0, 0.0 ],
															"rotationOrigin": [ 0.1, 0.1, 0.1 ],
															"faces": {
															},
															"attachmentpoints": [
																{
																	"code": "LeftHand",
																	"posX": "0.0","posY": "0.0","posZ": "0.0",
																	"rotationX": "0.0","rotationY": "-180.0","rotationZ": "0.0"
																}
															]
														}
													]
												},
												{
													"name": "ShoulderAttachment",
													"from": [ 0.3, 0.7, 0.2 ],
													"to": [ 0.3, 0.7, 0.2 ],
													"uv": [ 0.0, 0.0 ],
													"rotationOrigin": [ 0.3, 0.7, 0.2 ],
													"faces": {
													}
												}
											]
										},
										{
											"name": "Neck",
											"from": [ 0.15, 0.39, 0.16 ],
											"to": [ 0.45, 0.79, 0.46 ],
											"unwrapMode": 4,
											"uv": [ 13.0, 1.0 ],
											"rotationOrigin": [ 0.32, 0.36, 0.31 ],
											"faces": {
												"north": { "texture": "#seraph", "uv": [ 13.0, 1.0, 16.0, 5.0 ], "autoUv": false },
												"east": { "texture": "#seraph", "uv": [ 22.0, 1.0, 25.0, 5.0 ], "autoUv": false },
												"south": { "texture": "#seraph", "uv": [ 19.0, 1.0, 22.0, 5.0 ], "autoUv": false },
												"west": { "texture": "#seraph", "uv": [ 16.0, 1.0, 19.0, 5.0 ], "autoUv": false }
											},
											"children": [
												{
													"name": "Head",
													"from": [ -0.17, 0.21, -0.1 ],
													"to": [ 0.38, 0.71, 0.4 ],
													"unwrapMode": 4,
													"uv": [ 1.0, 0.5 ],
													"rotationOrigin": [ 0.17, 0.21, 0.15 ],
													"rotationX": -6.0,
													"rotationY": -6.0,
													"rotationZ": 17.0,
													"faces": {
														"north": { "texture": "#seraph", "uv": [ 1.0, 6.0, 6.5, 11.0 ], "autoUv": false },
														"east": { "texture": "#seraph", "uv": [ 17.0, 6.0, 22.0, 11.0 ], "autoUv": false },
														"south": { "texture": "#seraph", "uv": [ 11.5, 6.0, 17.0, 11.0 ], "autoUv": false },
														"west": { "texture": "#seraph", "uv": [ 6.5, 6.0, 11.5, 11.0 ], "autoUv": false },
														"up": { "texture": "#seraph", "uv": [ 6.5, 0.5, 11.5, 6.0 ], "rotation": 90, "autoUv": false },
														"down": { "texture": "#seraph", "uv": [ 6.5, 11.0, 11.5, 16.5 ], "rotation": 90, "autoUv": false }
													},
													"attachmentpoints": [
														{
															"code": "Eyes",
															"posX": "1.3","posY": "3.5","posZ": "2.5",
															"rotationX": "0.0","rotationY": "-90.0","rotationZ": "0.0"
														}
													]
												}
											]
										},
										{
											"name": "UpperBackAttachment",
											"from": [ 0.55, 0.2, 0.3 ],
											"to": [ 0.55, 0.2, 0.3 ],
											"uv": [ 0.0, 0.0 ],
											"rotationOrigin": [ 0.55, 0.2, 0.3 ],
											"faces": {
											}
										}
									],
									"attachmentpoints": [
										{
											"code": "Back",
											"posX": "5.0","posY": "3.0","posZ": "3.0",
											"rotationX": "0.0","rotationY": "0.0","rotationZ": "0.0"
										}
									]
								},
								{
									"name": "UpperFootL",
									"from": [ 0.04, -0.6, 0.3 ],
									"to": [ 0.46, 0.3, 0.62 ],
									"unwrapMode": 4,
									"autoUnwrap": false,
									"uv": [ 16.5, 49.0 ],
									"rotationOrigin": [ 0.15, 0.05, 0.46 ],
									"faces": {
										"north": { "texture": "#seraph", "uv": [ 16.5, 53.0, 20.5, 62.0 ], "autoUv": false, "windMode": [-1,-1,-1,-1] },
										"east": { "texture": "#seraph", "uv": [ 27.5, 53.0, 30.5, 62.0 ], "autoUv": false },
										"south": { "texture": "#seraph", "uv": [ 23.5, 53.0, 27.5, 62.0 ], "autoUv": false },
										"west": { "texture": "#seraph", "uv": [ 20.5, 53.0, 23.5, 62.0 ], "autoUv": false },
										"up": { "texture": "#seraph", "uv": [ 20.5, 49.0, 23.5, 53.0 ], "rotation": 90, "autoUv": false },
										"down": { "texture": "#seraph", "uv": [ 16.5, 43.5, 19.5, 47.5 ], "rotation": 90, "autoUv": false }
									},
									"children": [
										{
											"name": "LowerFootL",
											"from": [ 0.01, -0.9, 0.01 ],
											"to": [ 0.41, 0.1, 0.31 ],
											"unwrapMode": 4,
											"autoUnwrap": false,
											"uv": [ 16.5, 58.0 ],
											"rotationOrigin": [ 0.21, 0.05, 0.14 ],
											"faces": {
												"north": { "texture": "#seraph", "uv": [ 16.5, 61.0, 20.5, 71.0 ], "autoUv": false, "windMode": [-1,-1,-1,-1] },
												"east": { "texture": "#seraph", "uv": [ 27.5, 61.0, 30.5, 71.0 ], "autoUv": false },
												"south": { "texture": "#seraph", "uv": [ 23.5, 61.0, 27.5, 71.0 ], "autoUv": false },
												"west": { "texture": "#seraph", "uv": [ 20.5, 61.0, 23.5, 71.0 ], "autoUv": false },
												"up": { "texture": "#seraph", "uv": [ 16.5, 47.5, 19.5, 51.5 ], "rotation": 90, "autoUv": false },
												"down": { "texture": "#seraph", "uv": [ 20.5, 71.0, 23.5, 75.0 ], "rotation": 90, "autoUv": false }
											}
										},
										{
											"name": "FootAttachmentL",
											"from": [ 0.2, 0.5, 0.32 ],
											"to": [ 0.2, 0.5, 0.32 ],
											"uv": [ 0.0, 0.0 ],
											"rotationOrigin": [ 0.2, 0.5, 0.32 ],
											"faces": {
											}
										}
									]
								},
								{
									"name": "UpperFootR",
									"from": [ 0.04, -0.6, -0.02 ],
									"to": [ 0.46, 0.3, 0.3 ],
									"unwrapMode": 4,
									"autoUnwrap": false,
									"uv": [ 4.5, 49.0 ],
									"rotationOrigin": [ 0.15, 0.05, 0.14 ],
									"rotationZ": -14.0,
									"faces": {
										"north": { "texture": "#seraph", "uv": [ 4.5, 53.0, 8.5, 62.0 ], "autoUv": false, "windMode": [-1,-1,-1,-1] },
										"east": { "texture": "#seraph", "uv": [ 1.5, 53.0, 4.5, 62.0 ], "autoUv": false },
										"south": { "texture": "#seraph", "uv": [ 11.5, 53.0, 15.5, 62.0 ], "autoUv": false },
										"west": { "texture": "#seraph", "uv": [ 8.5, 53.0, 11.5, 62.0 ], "autoUv": false },
										"up": { "texture": "#seraph", "uv": [ 8.5, 49.0, 11.5, 53.0 ], "rotation": 90, "autoUv": false },
										"down": { "texture": "#seraph", "uv": [ 12.5, 43.5, 15.5, 47.5 ], "rotation": 90, "autoUv": false }
									},
									"children": [
										{
											"name": "LowerFootR",
											"from": [ 0.01, -0.9, 0.01 ],
											"to": [ 0.41, 0.1, 0.31 ],
											"unwrapMode": 4,
											"autoUnwrap": false,
											"uv": [ 4.5, 58.0 ],
											"rotationOrigin": [ 0.21, 0.05, 0.14 ],
											"rotationZ": 11.0,
											"faces": {
												"north": { "texture": "#seraph", "uv": [ 4.5, 61.0, 8.5, 71.0 ], "autoUv": false, "windMode": [-1,-1,-1,-1] },
												"east": { "texture": "#seraph", "uv": [ 1.5, 61.0, 4.5, 71.0 ], "autoUv": false },
												"south": { "texture": "#seraph", "uv": [ 11.5, 61.0, 15.5, 71.0 ], "autoUv": false },
												"west": { "texture": "#seraph", "uv": [ 8.5, 61.0, 11.5, 71.0 ], "autoUv": false },
												"up": { "texture": "#seraph", "uv": [ 12.5, 47.5, 15.5, 51.5 ], "rotation": 90, "autoUv": false },
												"down": { "texture": "#seraph", "uv": [ 8.5, 71.0, 11.5, 75.0 ], "rotation": 90, "autoUv": false }
											}
										},
										{
											"name": "FootAttachmentR",
											"from": [ 0.2, 0.5, -0.02 ],
											"to": [ 0.2, 0.5, -0.02 ],
											"uv": [ 0.0, 0.0 ],
											"rotationOrigin": [ 0.2, 0.5, -0.02 ],
											"faces": {
											}
										}
									]
								},
								{
									"name": "LowerBackAttachment",
									"from": [ 0.54, 0.14, 0.3 ],
									"to": [ 0.54, 0.14, 0.3 ],
									"uv": [ 0.0, 0.0 ],
									"rotationOrigin": [ 0.54, 0.14, 0.3 ],
									"faces": {
									}
								}
							]
						}
					]
				},
				{
					"name": "Layer_0_left",
					"from": [ -0.2, 0.25, -2.6 ],
					"to": [ 0.2, 0.35, -1.6 ],
					"uv": [ 0.0, 0.0 ],
					"rotationOrigin": [ -0.4, 0.2, -2.9 ],
					"faces": {
						"north": { "texture": "#seraph", "uv": [ 0.0, 0.0, 4.0, 1.0 ], "autoUv": false },
						"east": { "texture": "#seraph", "uv": [ 0.0, 0.0, 7.0, 7.0 ], "autoUv": false },
						"south": { "texture": "#seraph", "uv": [ 0.0, 0.0, 4.0, 1.0 ], "autoUv": false },
						"west": { "texture": "#seraph", "uv": [ 0.0, 0.0, 10.0, 1.0 ], "autoUv": false },
						"up": { "texture": "#seraph", "uv": [ 0.0, 0.0, 4.0, 10.0 ], "autoUv": false },
						"down": { "texture": "#seraph", "uv": [ 0.0, 0.0, 4.0, 10.0 ], "autoUv": false }
					},
					"children": [
						{
							"name": "Layer_1",
							"from": [ 0.1, 0.1, 0.2 ],
							"to": [ 1.0, 0.3, 0.8 ],
							"uv": [ 0.0, 0.0 ],
							"rotationOrigin": [ -0.2, 0.0, -0.3 ],
							"faces": {
								"north": { "texture": "#seraph", "uv": [ 0.0, 0.0, 9.0, 2.0 ], "autoUv": false },
								"east": { "texture": "#seraph", "uv": [ 0.0, 0.0, 6.0, 2.0 ], "autoUv": false },
								"south": { "texture": "#seraph", "uv": [ 0.0, 0.0, 9.0, 2.0 ], "autoUv": false },
								"west": { "texture": "#seraph", "uv": [ 0.0, 0.0, 6.0, 2.0 ], "autoUv": false },
								"up": { "texture": "#seraph", "uv": [ 0.0, 0.0, 9.0, 6.0 ], "autoUv": false },
								"down": { "texture": "#seraph", "uv": [ 0.0, 0.0, 9.0, 6.0 ], "autoUv": false }
							}
						},
						{
							"name": "Layer_2",
							"from": [ 0.2, 0.3, 0.3 ],
							"to": [ 0.9, 0.7, 0.7 ],
							"uv": [ 0.0, 0.0 ],
							"rotationOrigin": [ -0.2, 0.0, -0.3 ],
							"faces": {
								"north": { "texture": "#seraph", "uv": [ 0.0, 0.0, 7.0, 4.0 ], "autoUv": false },
								"east": { "texture": "#seraph", "uv": [ 0.0, 0.0, 4.0, 4.0 ], "autoUv": false },
								"south": { "texture": "#seraph", "uv": [ 0.0, 0.0, 7.0, 4.0 ], "autoUv": false },
								"west": { "texture": "#seraph", "uv": [ 0.0, 0.0, 4.0, 4.0 ], "autoUv": false },
								"up": { "texture": "#seraph", "uv": [ 0.0, 0.0, 7.0, 4.0 ], "autoUv": false },
								"down": { "texture": "#seraph", "uv": [ 0.0, 0.0, 7.0, 4.0 ], "autoUv": false }
							}
						},
						{
							"name": "Layer_3",
							"from": [ 0.1, 0.7, 0.3 ],
							"to": [ 1.0, 0.8, 0.7 ],
							"uv": [ 0.0, 0.0 ],
							"rotationOrigin": [ -0.2, 0.0, -0.3 ],
							"faces": {
								"north": { "texture": "#seraph", "uv": [ 0.0, 0.0, 9.0, 1.0 ], "autoUv": false },
								"east": { "texture": "#seraph", "uv": [ 0.0, 0.0, 4.0, 1.0 ], "autoUv": false },
								"south": { "texture": "#seraph", "uv": [ 0.0, 0.0, 9.0, 1.0 ], "autoUv": false },
								"west": { "texture": "#seraph", "uv": [ 0.0, 0.0, 4.0, 1.0 ], "autoUv": false },
								"up": { "texture": "#seraph", "uv": [ 0.0, 0.0, 9.0, 4.0 ], "autoUv": false },
								"down": { "texture": "#seraph", "uv": [ 0.0, 0.0, 9.0, 4.0 ], "autoUv": false }
							}
						},
						{
							"name": "Layer_4",
							"from": [ 0.0, 0.8, 0.3 ],
							"to": [ 1.0, 0.9, 0.7 ],
							"uv": [ 0.0, 0.0 ],
							"rotationOrigin": [ -0.2, 0.0, -0.3 ],
							"faces": {
								"north": { "texture": "#seraph", "uv": [ 0.0, 8.0, 10.0, 9.0 ], "autoUv": false },
								"east": { "texture": "#seraph", "uv": [ 0.0, 0.0, 4.0, 1.0 ], "autoUv": false },
								"south": { "texture": "#seraph", "uv": [ 0.0, 10.0, 10.0, 11.0 ], "autoUv": false },
								"west": { "texture": "#seraph", "uv": [ 0.0, 0.0, 2.0, 1.0 ], "autoUv": false },
								"up": { "texture": "#seraph", "uv": [ 0.0, 0.0, 10.0, 4.0 ], "autoUv": false },
								"down": { "texture": "#seraph", "uv": [ 0.0, 0.0, 10.0, 4.0 ], "autoUv": false }
							}
						},
						{
							"name": "Layer_5",
							"from": [ -0.1, 0.9, 0.2 ],
							"to": [ 1.0, 1.0, 0.8 ],
							"uv": [ 0.0, 0.0 ],
							"rotationOrigin": [ -0.2, 0.0, -0.3 ],
							"faces": {
								"north": { "texture": "#seraph", "uv": [ 0.0, 13.0, 11.0, 14.0 ], "autoUv": false },
								"east": { "texture": "#seraph", "uv": [ 0.0, 0.0, 6.0, 1.0 ], "autoUv": false },
								"south": { "texture": "#seraph", "uv": [ 0.0, 10.0, 11.0, 11.0 ], "autoUv": false },
								"west": { "texture": "#seraph", "uv": [ 0.0, 0.0, 6.0, 1.0 ], "autoUv": false },
								"up": { "texture": "#seraph", "uv": [ 0.0, 10.0, 11.0, 16.0 ], "autoUv": false },
								"down": { "texture": "#seraph", "uv": [ 0.0, 0.0, 11.0, 6.0 ], "autoUv": false }
							}
						},
						{
							"name": "Horn",
							"from": [ 1.0, 0.8, 0.3 ],
							"to": [ 1.2, 1.0, 0.7 ],
							"uv": [ 0.0, 0.0 ],
							"rotationOrigin": [ -0.2, 0.0, -0.3 ],
							"faces": {
								"north": { "texture": "#seraph", "uv": [ 0.0, 0.0, 2.0, 2.0 ], "autoUv": false },
								"east": { "texture": "#seraph", "uv": [ 0.0, 0.0, 4.0, 2.0 ], "autoUv": false },
								"south": { "texture": "#seraph", "uv": [ 0.0, 0.0, 2.0, 2.0 ], "autoUv": false },
								"west": { "texture": "#seraph", "uv": [ 0.0, 0.0, 4.0, 2.0 ], "autoUv": false },
								"up": { "texture": "#seraph", "uv": [ 0.0, 11.0, 2.0, 15.0 ], "autoUv": false },
								"down": { "texture": "#seraph", "uv": [ 0.0, 0.0, 2.0, 4.0 ], "autoUv": false }
							}
						},
						{
							"name": "Horn_tip",
							"from": [ 1.2, 0.9, 0.4 ],
							"to": [ 1.4, 1.0, 0.6 ],
							"uv": [ 0.0, 0.0 ],
							"rotationOrigin": [ -0.2, 0.0, -0.3 ],
							"faces": {
								"north": { "texture": "#seraph", "uv": [ 0.0, 13.0, 2.0, 14.0 ], "autoUv": false },
								"east": { "texture": "#seraph", "uv": [ 12.0, 14.0, 14.0, 15.0 ], "autoUv": false },
								"south": { "texture": "#seraph", "uv": [ 0.0, 8.0, 2.0, 9.0 ], "autoUv": false },
								"west": { "texture": "#seraph", "uv": [ 0.0, 0.0, 2.0, 1.0 ], "autoUv": false },
								"up": { "texture": "#seraph", "uv": [ 0.0, 13.0, 2.0, 15.0 ], "autoUv": false },
								"down": { "texture": "#seraph", "uv": [ 0.0, 0.0, 2.0, 2.0 ], "autoUv": false }
							}
						},
						{
							"name": "Horn_2pixbelow",
							"from": [ 1.0, 0.7, 0.4 ],
							"to": [ 1.1, 0.8, 0.6 ],
							"uv": [ 0.0, 0.0 ],
							"rotationOrigin": [ -0.2, 0.0, -0.3 ],
							"faces": {
								"north": { "texture": "#seraph", "uv": [ 0.0, 0.0, 1.0, 1.0 ], "autoUv": false },
								"east": { "texture": "#seraph", "uv": [ 0.0, 0.0, 2.0, 1.0 ], "autoUv": false },
								"south": { "texture": "#seraph", "uv": [ 0.0, 0.0, 1.0, 1.0 ], "autoUv": false },
								"west": { "texture": "#seraph", "uv": [ 0.0, 0.0, 2.0, 1.0 ], "autoUv": false },
								"up": { "texture": "#seraph", "uv": [ 0.0, 0.0, 1.0, 2.0 ], "autoUv": false },
								"down": { "texture": "#seraph", "uv": [ 0.0, 0.0, 1.0, 2.0 ], "autoUv": false }
							}
						},
						{
							"name": "Layer_0_middle",
							"from": [ 0.4, 0.0, 0.1 ],
							"to": [ 0.7, 0.1, 0.9 ],
							"uv": [ 0.0, 0.0 ],
							"rotationOrigin": [ -0.2, 0.0, -0.3 ],
							"faces": {
								"north": { "texture": "#seraph", "uv": [ 0.0, 0.0, 3.0, 1.0 ], "autoUv": false },
								"east": { "texture": "#seraph", "uv": [ 0.0, 0.0, 8.0, 1.0 ], "autoUv": false },
								"south": { "texture": "#seraph", "uv": [ 0.0, 0.0, 3.0, 1.0 ], "autoUv": false },
								"west": { "texture": "#seraph", "uv": [ 0.0, 1.0, 8.0, 2.0 ], "autoUv": false },
								"up": { "texture": "#seraph", "uv": [ 0.0, 0.0, 3.0, 8.0 ], "autoUv": false },
								"down": { "texture": "#seraph", "uv": [ 0.0, 0.0, 3.0, 8.0 ], "autoUv": false }
							}
						},
						{
							"name": "Layer_0_right",
							"from": [ 0.7, 0.0, 0.0 ],
							"to": [ 1.1, 0.1, 1.0 ],
							"uv": [ 0.0, 0.0 ],
							"rotationOrigin": [ -0.2, 0.0, -0.3 ],
							"faces": {
								"north": { "texture": "#seraph", "uv": [ 0.0, 0.0, 4.0, 1.0 ], "autoUv": false },
								"east": { "texture": "#seraph", "uv": [ 0.0, 0.0, 10.0, 1.0 ], "autoUv": false },
								"south": { "texture": "#seraph", "uv": [ 0.0, 0.0, 4.0, 1.0 ], "autoUv": false },
								"west": { "texture": "#seraph", "uv": [ 0.0, 0.0, 10.0, 1.0 ], "autoUv": false },
								"up": { "texture": "#seraph", "uv": [ 0.0, 0.0, 4.0, 10.0 ], "autoUv": false },
								"down": { "texture": "#seraph", "uv": [ 0.0, 0.0, 4.0, 10.0 ], "autoUv": false }
							}
						}
					]
				},
				{
					"name": "S",
					"from": [ -2.32, 0.225, -1.74 ],
					"to": [ -1.06, 1.485, -1.56 ],
					"uv": [ 1.0, 0.0 ],
					"rotationOrigin": [ -2.41, 0.18, -2.91 ],
					"faces": {
						"north": { "texture": "#seraph", "uv": [ 1.0, 0.0, 15.0, 14.0 ], "autoUv": false },
						"east": { "texture": "#seraph", "uv": [ 1.0, 0.0, 3.0, 14.0 ], "autoUv": false },
						"south": { "texture": "#seraph", "uv": [ 1.0, 0.0, 15.0, 14.0 ], "autoUv": false },
						"west": { "texture": "#seraph", "uv": [ 13.0, 0.0, 15.0, 14.0 ], "autoUv": false },
						"up": { "texture": "#seraph", "uv": [ 1.0, 9.0, 15.0, 11.0 ], "autoUv": false },
						"down": { "texture": "#seraph", "uv": [ 1.0, 5.0, 15.0, 7.0 ], "autoUv": false }
					},
					"children": [
						{
							"name": "N",
							"from": [ 0.0, 0.0, -1.08 ],
							"to": [ 1.26, 1.26, -0.9 ],
							"uv": [ 0.0, 0.0 ],
							"rotationOrigin": [ -0.09, 0.0, -1.17 ],
							"faces": {
								"north": { "texture": "#seraph", "uv": [ 1.0, 0.0, 15.0, 14.0 ], "autoUv": false },
								"east": { "texture": "#seraph", "uv": [ 13.0, 0.0, 15.0, 14.0 ], "autoUv": false },
								"south": { "texture": "#seraph", "uv": [ 0.0, 0.0, 14.0, 14.0 ], "autoUv": false },
								"west": { "texture": "#seraph", "uv": [ 1.0, 0.0, 3.0, 14.0 ], "autoUv": false },
								"up": { "texture": "#seraph", "uv": [ 0.0, 13.0, 14.0, 15.0 ], "rotation": 180, "autoUv": false },
								"down": { "texture": "#seraph", "uv": [ 1.0, 11.0, 15.0, 13.0 ], "autoUv": false }
							}
						},
						{
							"name": "W",
							"from": [ 0.0, 0.0, -0.9 ],
							"to": [ 0.18, 1.26, 0.0 ],
							"uv": [ 2.0, 0.0 ],
							"rotationOrigin": [ -0.09, 0.0, -1.17 ],
							"faces": {
								"east": { "texture": "#seraph", "uv": [ 2.0, 0.0, 12.0, 14.0 ], "autoUv": false },
								"west": { "texture": "#seraph", "uv": [ 3.0, 0.0, 13.0, 14.0 ], "autoUv": false },
								"up": { "texture": "#seraph", "uv": [ 4.0, 14.0, 14.0, 16.0 ], "rotation": 90, "autoUv": false },
								"down": { "texture": "#seraph", "uv": [ 13.0, 3.0, 15.0, 13.0 ], "autoUv": false }
							}
						},
						{
							"name": "E",
							"from": [ 1.08, 0.0, -0.9 ],
							"to": [ 1.26, 1.26, 0.0 ],
							"uv": [ 3.0, 0.0 ],
							"rotationOrigin": [ -0.09, 0.0, -1.17 ],
							"faces": {
								"east": { "texture": "#seraph", "uv": [ 3.0, 0.0, 13.0, 14.0 ], "autoUv": false },
								"west": { "texture": "#seraph", "uv": [ 4.0, 1.0, 14.0, 15.0 ], "autoUv": false },
								"up": { "texture": "#seraph", "uv": [ 4.0, 10.0, 14.0, 12.0 ], "rotation": 270, "autoUv": false },
								"down": { "texture": "#seraph", "uv": [ 4.0, 3.0, 6.0, 13.0 ], "autoUv": false }
							}
						},
						{
							"name": "Floor",
							"from": [ 0.18, 0.0, -0.9 ],
							"to": [ 1.08, 1.143, 0.0 ],
							"uv": [ 3.0, 3.0 ],
							"rotationOrigin": [ -0.09, 0.0, -1.17 ],
							"faces": {
								"up": { "texture": "#seraph", "uv": [ 3.0, 3.0, 13.0, 13.0 ], "autoUv": false },
								"down": { "texture": "#seraph", "uv": [ 13.0, 3.0, 23.0, 13.0 ], "autoUv": false }
							}
						}
					]
				},
				{
					"name": "N1-0",
					"from": [ -2.34, 0.25, 0.26 ],
					"to": [ -2.1, 0.41, 0.82 ],
					"uv": [ 2.0, 2.0 ],
					"rotationOrigin": [ -2.7, 0.2, -0.1 ],
					"faces": {
						"north": { "texture": "#seraph", "uv": [ 3.0, 8.0, 6.0, 10.0 ], "autoUv": false },
						"east": { "texture": "#seraph", "uv": [ 5.0, 8.0, 12.0, 10.0 ], "autoUv": false },
						"south": { "texture": "#seraph", "uv": [ 2.0, 2.0, 5.0, 4.0 ], "autoUv": false },
						"west": { "texture": "#seraph", "uv": [ 5.0, 14.0, 12.0, 16.0 ], "autoUv": false },
						"up": { "texture": "#seraph", "uv": [ 9.0, 5.0, 12.0, 12.0 ], "autoUv": false },
						"down": { "texture": "#seraph", "uv": [ 10.0, 2.0, 13.0, 9.0 ], "autoUv": false }
					},
					"children": [
						{
							"name": "N2-0",
							"from": [ 0.32, 0.0, 0.008 ],
							"to": [ 0.56, 0.16, 0.568 ],
							"uv": [ 2.0, 2.0 ],
							"rotationOrigin": [ -0.36, 0.0, -0.36 ],
							"faces": {
								"north": { "texture": "#seraph", "uv": [ 2.0, 7.0, 5.0, 9.0 ], "autoUv": false },
								"east": { "texture": "#seraph", "uv": [ 5.0, 11.0, 12.0, 13.0 ], "autoUv": false },
								"south": { "texture": "#seraph", "uv": [ 2.0, 2.0, 5.0, 4.0 ], "autoUv": false },
								"west": { "texture": "#seraph", "uv": [ 5.0, 10.0, 12.0, 12.0 ], "autoUv": false },
								"up": { "texture": "#seraph", "uv": [ 2.0, 5.0, 5.0, 12.0 ], "autoUv": false },
								"down": { "texture": "#seraph", "uv": [ 10.0, 2.0, 13.0, 9.0 ], "autoUv": false }
							}
						},
						{
							"name": "N3-0",
							"from": [ 0.008, 0.16, 0.04 ],
							"to": [ 0.568, 0.32, 0.28 ],
							"uv": [ 2.0, 2.0 ],
							"rotationOrigin": [ -0.36, 0.0, -0.36 ],
							"faces": {
								"north": { "texture": "#seraph", "uv": [ 4.0, 4.0, 11.0, 6.0 ], "autoUv": false },
								"east": { "texture": "#seraph", "uv": [ 5.0, 8.0, 8.0, 10.0 ], "autoUv": false },
								"south": { "texture": "#seraph", "uv": [ 2.0, 2.0, 9.0, 4.0 ], "autoUv": false },
								"west": { "texture": "#seraph", "uv": [ 5.0, 8.0, 8.0, 10.0 ], "autoUv": false },
								"up": { "texture": "#seraph", "uv": [ 7.0, 7.0, 14.0, 10.0 ], "autoUv": false },
								"down": { "texture": "#seraph", "uv": [ 10.0, 2.0, 17.0, 5.0 ], "autoUv": false }
							}
						},
						{
							"name": "N4-0",
							"from": [ 0.016, 0.16, 0.32 ],
							"to": [ 0.576, 0.32, 0.56 ],
							"uv": [ 2.0, 2.0 ],
							"rotationOrigin": [ -0.36, 0.0, -0.36 ],
							"faces": {
								"north": { "texture": "#seraph", "uv": [ 3.0, 2.0, 10.0, 4.0 ], "autoUv": false },
								"east": { "texture": "#seraph", "uv": [ 5.0, 8.0, 8.0, 10.0 ], "autoUv": false },
								"south": { "texture": "#seraph", "uv": [ 2.0, 2.0, 9.0, 4.0 ], "autoUv": false },
								"west": { "texture": "#seraph", "uv": [ 5.0, 8.0, 8.0, 10.0 ], "autoUv": false },
								"up": { "texture": "#seraph", "uv": [ 2.0, 2.0, 9.0, 5.0 ], "autoUv": false },
								"down": { "texture": "#seraph", "uv": [ 10.0, 2.0, 17.0, 5.0 ], "autoUv": false }
							}
						},
						{
							"name": "N2-1",
							"from": [ 0.32, 1.1, -2.73 ],
							"to": [ 0.56, 1.26, -2.17 ],
							"uv": [ 2.0, 2.0 ],
							"rotationOrigin": [ -0.36, 1.1, -3.06 ],
							"faces": {
								"north": { "texture": "#seraph", "uv": [ 2.0, 7.0, 5.0, 9.0 ], "autoUv": false },
								"east": { "texture": "#seraph", "uv": [ 5.0, 11.0, 12.0, 13.0 ], "autoUv": false },
								"south": { "texture": "#seraph", "uv": [ 2.0, 2.0, 5.0, 4.0 ], "autoUv": false },
								"west": { "texture": "#seraph", "uv": [ 5.0, 10.0, 12.0, 12.0 ], "autoUv": false },
								"up": { "texture": "#seraph", "uv": [ 2.0, 5.0, 5.0, 12.0 ], "autoUv": false },
								"down": { "texture": "#seraph", "uv": [ 10.0, 2.0, 13.0, 9.0 ], "autoUv": false }
							}
						},
						{
							"name": "N2-2",
							"from": [ 0.72, 1.1, -2.73 ],
							"to": [ 0.96, 1.26, -2.17 ],
							"uv": [ 2.0, 2.0 ],
							"rotationOrigin": [ 0.04, 1.1, -3.06 ],
							"faces": {
								"north": { "texture": "#seraph", "uv": [ 2.0, 7.0, 5.0, 9.0 ], "autoUv": false },
								"east": { "texture": "#seraph", "uv": [ 5.0, 11.0, 12.0, 13.0 ], "autoUv": false },
								"south": { "texture": "#seraph", "uv": [ 2.0, 2.0, 5.0, 4.0 ], "autoUv": false },
								"west": { "texture": "#seraph", "uv": [ 5.0, 10.0, 12.0, 12.0 ], "autoUv": false },
								"up": { "texture": "#seraph", "uv": [ 2.0, 5.0, 5.0, 12.0 ], "autoUv": false },
								"down": { "texture": "#seraph", "uv": [ 10.0, 2.0, 13.0, 9.0 ], "autoUv": false }
							}
						},
						{
							"name": "N2-3",
							"from": [ 3.92, 1.0, -2.83 ],
							"to": [ 4.16, 1.16, -2.27 ],
							"uv": [ 2.0, 2.0 ],
							"rotationOrigin": [ 3.24, 1.0, -3.16 ],
							"rotationY": -90.0,
							"faces": {
								"north": { "texture": "#seraph", "uv": [ 2.0, 7.0, 5.0, 9.0 ], "autoUv": false },
								"east": { "texture": "#seraph", "uv": [ 5.0, 11.0, 12.0, 13.0 ], "autoUv": false },
								"south": { "texture": "#seraph", "uv": [ 2.0, 2.0, 5.0, 4.0 ], "autoUv": false },
								"west": { "texture": "#seraph", "uv": [ 5.0, 10.0, 12.0, 12.0 ], "autoUv": false },
								"up": { "texture": "#seraph", "uv": [ 2.0, 5.0, 5.0, 12.0 ], "autoUv": false },
								"down": { "texture": "#seraph", "uv": [ 10.0, 2.0, 13.0, 9.0 ], "autoUv": false }
							}
						}
					]
				},
				{
					"name": "origin",
					"from": [ -1.39, 1.06, -1.6 ],
					"to": [ -1.39, 1.06, -1.6 ],
					"uv": [ 999.0, 999.0 ],
					"rotationOrigin": [ -1.36, 1.1, -1.56 ],
					"rotationX": 0.0,
					"rotationY": -75.0,
					"rotationZ": -69.0,
					"faces": {
					},
					"children": [
						{
							"name": "HandleB",
							"from": [ -0.28, 0.16, 0.2 ],
							"to": [ 0.36, 0.24, 0.28 ],
							"uv": [ 0.5, 2.0 ],
							"rotationOrigin": [ -0.28, 0.24, 0.28 ],
							"faces": {
								"north": { "texture": "#seraph", "uv": [ 3.0, 7.5, 11.0, 8.5 ], "autoUv": false },
								"east": { "texture": "#seraph", "uv": [ 12.5, 13.5, 13.5, 14.5 ], "autoUv": false },
								"south": { "texture": "#seraph", "uv": [ 0.5, 9.0, 8.5, 10.0 ], "autoUv": false },
								"west": { "texture": "#seraph", "uv": [ 4.0, 2.0, 5.0, 3.0 ], "autoUv": false },
								"up": { "texture": "#seraph", "uv": [ 4.5, 5.5, 12.5, 6.5 ], "autoUv": false },
								"down": { "texture": "#seraph", "uv": [ 7.0, 10.0, 15.0, 11.0 ], "autoUv": false }
							},
							"children": [
								{
									"name": "HandleBfore",
									"from": [ 0.0, 0.0, 0.08 ],
									"to": [ 0.72, 0.08, 0.16 ],
									"uv": [ 3.0, 4.0 ],
									"rotationOrigin": [ 0.0, 0.08, 0.08 ],
									"rotationX": -177.0,
									"rotationY": 30.0,
									"rotationZ": -180.0,
									"faces": {
										"north": { "texture": "#seraph", "uv": [ 3.0, 9.0, 12.0, 10.0 ], "autoUv": false },
										"east": { "texture": "#seraph", "uv": [ 14.5, 7.0, 15.5, 8.0 ], "autoUv": false },
										"south": { "texture": "#seraph", "uv": [ 4.5, 12.5, 13.5, 13.5 ], "autoUv": false },
										"west": { "texture": "#seraph", "uv": [ 13.5, 11.0, 14.5, 12.0 ], "autoUv": false },
										"up": { "texture": "#seraph", "uv": [ 6.0, 9.0, 15.0, 10.0 ], "autoUv": false },
										"down": { "texture": "#seraph", "uv": [ 4.5, 4.0, 13.5, 5.0 ], "autoUv": false }
									},
									"children": [
										{
											"name": "RopeLeft",
											"from": [ 0.4, -0.016, -0.016 ],
											"to": [ 0.64, 0.096, 0.096 ],
											"uv": [ 0.5, 1.5 ],
											"rotationOrigin": [ 0.536, -0.016, 0.04 ],
											"faces": {
												"north": { "texture": "#seraph", "uv": [ 12.0, 13.5, 15.0, 14.5 ], "autoUv": false },
												"east": { "texture": "#seraph", "uv": [ 9.5, 6.0, 10.5, 7.0 ], "autoUv": false },
												"south": { "texture": "#seraph", "uv": [ 1.5, 1.5, 4.5, 2.5 ], "autoUv": false },
												"west": { "texture": "#seraph", "uv": [ 7.5, 2.5, 8.5, 3.5 ], "autoUv": false },
												"up": { "texture": "#seraph", "uv": [ 0.5, 3.0, 3.5, 4.0 ], "autoUv": false },
												"down": { "texture": "#seraph", "uv": [ 12.0, 4.0, 15.0, 5.0 ], "autoUv": false }
											}
										},
										{
											"name": "TwigB",
											"from": [ 0.08, 0.016, 0.0 ],
											"to": [ 0.16, 0.064, 0.048 ],
											"uv": [ 0.0, 0.0 ],
											"rotationOrigin": [ 0.08, 0.016, 0.0 ],
											"rotationY": 61.0,
											"faces": {
												"north": { "texture": "#seraph", "uv": [ 0.0, 0.0, 1.0, 0.5 ], "autoUv": false },
												"east": { "texture": "#seraph", "uv": [ 0.0, 0.0, 0.5, 0.5 ], "autoUv": false },
												"south": { "texture": "#seraph", "uv": [ 0.0, 0.0, 1.0, 0.5 ], "autoUv": false },
												"west": { "texture": "#seraph", "uv": [ 0.0, 0.0, 0.5, 0.5 ], "autoUv": false },
												"up": { "texture": "#seraph", "uv": [ 0.0, 0.0, 1.0, 0.5 ], "autoUv": false },
												"down": { "texture": "#seraph", "uv": [ 0.0, 0.0, 1.0, 0.5 ], "autoUv": false }
											}
										}
									]
								},
								{
									"name": "HandleBBack",
									"from": [ 0.64, 0.0, 0.0 ],
									"to": [ 1.28, 0.08, 0.08 ],
									"uv": [ 1.5, 3.0 ],
									"rotationOrigin": [ 0.64, 0.04, 0.08 ],
									"rotationX": -3.0,
									"rotationY": 6.0,
									"faces": {
										"north": { "texture": "#seraph", "uv": [ 7.5, 4.0, 15.5, 5.0 ], "autoUv": false },
										"east": { "texture": "#seraph", "uv": [ 2.5, 12.0, 3.5, 13.0 ], "autoUv": false },
										"south": { "texture": "#seraph", "uv": [ 3.0, 8.5, 11.0, 9.5 ], "autoUv": false },
										"west": { "texture": "#seraph", "uv": [ 6.5, 11.0, 7.5, 12.0 ], "autoUv": false },
										"up": { "texture": "#seraph", "uv": [ 1.5, 3.0, 9.5, 4.0 ], "autoUv": false },
										"down": { "texture": "#seraph", "uv": [ 2.5, 14.5, 10.5, 15.5 ], "autoUv": false }
									},
									"children": [
										{
											"name": "TwigC",
											"from": [ 0.08, 0.08, 0.016 ],
											"to": [ 0.24, 0.128, 0.064 ],
											"uv": [ 1.0, 1.0 ],
											"rotationOrigin": [ 0.08, 0.08, 0.016 ],
											"rotationX": 8.0,
											"rotationZ": 127.0,
											"faces": {
												"north": { "texture": "#seraph", "uv": [ 8.5, 11.5, 10.5, 12.0 ], "autoUv": false },
												"east": { "texture": "#seraph", "uv": [ 9.0, 1.0, 9.5, 1.5 ], "autoUv": false },
												"south": { "texture": "#seraph", "uv": [ 1.5, 5.0, 3.5, 5.5 ], "autoUv": false },
												"west": { "texture": "#seraph", "uv": [ 1.0, 14.0, 1.5, 14.5 ], "autoUv": false },
												"up": { "texture": "#seraph", "uv": [ 11.0, 5.0, 13.0, 5.5 ], "autoUv": false },
												"down": { "texture": "#seraph", "uv": [ 2.0, 13.0, 4.0, 13.5 ], "autoUv": false }
											}
										}
									]
								}
							],
							"attachmentpoints": [
								{
									"code": "Center",
									"posX": "4.0","posY": "0.0","posZ": "-2.5",
									"rotationX": "0.0","rotationY": "0.0","rotationZ": "0.0"
								}
							]
						},
						{
							"name": "HandleA",
							"from": [ -0.24, 0.24, -0.28 ],
							"to": [ 0.4, 0.32, -0.2 ],
							"uv": [ 2.0, 7.5 ],
							"rotationOrigin": [ -0.24, 0.24, -0.28 ],
							"faces": {
								"north": { "texture": "#seraph", "uv": [ 5.0, 12.0, 13.0, 13.0 ], "autoUv": false },
								"east": { "texture": "#seraph", "uv": [ 13.5, 10.5, 14.5, 11.5 ], "autoUv": false },
								"south": { "texture": "#seraph", "uv": [ 2.0, 13.0, 10.0, 14.0 ], "autoUv": false },
								"west": { "texture": "#seraph", "uv": [ 5.0, 9.5, 6.0, 10.5 ], "autoUv": false },
								"up": { "texture": "#seraph", "uv": [ 4.5, 10.0, 12.5, 11.0 ], "autoUv": false },
								"down": { "texture": "#seraph", "uv": [ 4.5, 7.5, 12.5, 8.5 ], "autoUv": false }
							},
							"children": [
								{
									"name": "diagonalA",
									"from": [ 0.0, 0.0, -0.08 ],
									"to": [ 0.792, 0.08, 0.0 ],
									"uv": [ 2.5, 2.0 ],
									"rotationOrigin": [ 0.0, 0.08, 0.0 ],
									"rotationX": -1.0,
									"rotationY": -157.5,
									"faces": {
										"north": { "texture": "#seraph", "uv": [ 4.0, 5.5, 13.5, 6.5 ], "autoUv": false },
										"east": { "texture": "#seraph", "uv": [ 6.0, 2.0, 7.0, 3.0 ], "autoUv": false },
										"south": { "texture": "#seraph", "uv": [ 2.5, 14.0, 12.0, 15.0 ], "autoUv": false },
										"west": { "texture": "#seraph", "uv": [ 11.0, 12.0, 12.0, 13.0 ], "autoUv": false },
										"up": { "texture": "#seraph", "uv": [ 4.0, 12.5, 13.5, 13.5 ], "autoUv": false },
										"down": { "texture": "#seraph", "uv": [ 4.5, 5.5, 14.0, 6.5 ], "autoUv": false }
									},
									"children": [
										{
											"name": "RopeRight",
											"from": [ 0.44, -0.016, -0.016 ],
											"to": [ 0.68, 0.096, 0.096 ],
											"uv": [ 4.0, 0.0 ],
											"rotationOrigin": [ 0.56, -0.016, 0.04 ],
											"faces": {
												"north": { "texture": "#seraph", "uv": [ 10.5, 0.0, 13.5, 1.0 ], "autoUv": false },
												"east": { "texture": "#seraph", "uv": [ 13.5, 14.0, 14.5, 15.0 ], "autoUv": false },
												"south": { "texture": "#seraph", "uv": [ 4.0, 14.5, 7.0, 15.5 ], "autoUv": false },
												"west": { "texture": "#seraph", "uv": [ 13.0, 5.5, 14.0, 6.5 ], "autoUv": false },
												"up": { "texture": "#seraph", "uv": [ 6.5, 7.5, 9.5, 8.5 ], "autoUv": false },
												"down": { "texture": "#seraph", "uv": [ 8.5, 4.5, 11.5, 5.5 ], "autoUv": false }
											}
										}
									]
								},
								{
									"name": "TwigA",
									"from": [ 0.168, 0.0, 0.0 ],
									"to": [ 0.4, 0.08, 0.08 ],
									"uv": [ 0.5, 5.5 ],
									"rotationOrigin": [ 0.168, 0.04, 0.04 ],
									"rotationX": -5.0,
									"rotationY": 135.0,
									"rotationZ": -5.0,
									"faces": {
										"north": { "texture": "#seraph", "uv": [ 12.5, 11.0, 15.0, 12.0 ], "autoUv": false },
										"east": { "texture": "#seraph", "uv": [ 2.0, 9.5, 3.0, 10.5 ], "autoUv": false },
										"south": { "texture": "#seraph", "uv": [ 1.0, 13.0, 3.5, 14.0 ], "autoUv": false },
										"west": { "texture": "#seraph", "uv": [ 11.0, 5.5, 12.0, 6.5 ], "autoUv": false },
										"up": { "texture": "#seraph", "uv": [ 11.0, 5.5, 13.5, 6.5 ], "autoUv": false },
										"down": { "texture": "#seraph", "uv": [ 0.5, 6.5, 3.0, 7.5 ], "autoUv": false }
									}
								},
								{
									"name": "HandleABack",
									"from": [ 0.64, 0.0, 0.0 ],
									"to": [ 1.28, 0.08, 0.08 ],
									"uv": [ 0.5, 0.5 ],
									"rotationOrigin": [ 0.64, 0.08, 0.0 ],
									"rotationY": -8.0,
									"rotationZ": -3.0,
									"faces": {
										"north": { "texture": "#seraph", "uv": [ 3.0, 8.0, 11.0, 9.0 ], "autoUv": false },
										"east": { "texture": "#seraph", "uv": [ 13.0, 6.0, 14.0, 7.0 ], "autoUv": false },
										"south": { "texture": "#seraph", "uv": [ 0.5, 0.5, 8.5, 1.5 ], "autoUv": false },
										"west": { "texture": "#seraph", "uv": [ 3.0, 6.0, 4.0, 7.0 ], "autoUv": false },
										"up": { "texture": "#seraph", "uv": [ 7.5, 3.0, 15.5, 4.0 ], "autoUv": false },
										"down": { "texture": "#seraph", "uv": [ 8.0, 8.0, 16.0, 9.0 ], "autoUv": false }
									}
								}
							]
						}
					]
				},
				{
					"name": "origin",
					"from": [ 0.82, 0.25, 0.44 ],
					"to": [ 0.9, 0.25, 0.44 ],
					"uv": [ 0.0, 0.0 ],
					"rotationOrigin": [ 0.82, 0.2, 0.44 ],
					"faces": {
						"north": { "texture": "#seraph", "uv": [ 0.0, 0.5, 1.0, 1.0 ], "autoUv": false },
						"east": { "texture": "#seraph", "uv": [ 1.0, 0.5, 1.5, 1.0 ], "autoUv": false },
						"south": { "texture": "#seraph", "uv": [ 1.5, 0.5, 2.5, 1.0 ], "autoUv": false },
						"west": { "texture": "#seraph", "uv": [ 2.5, 0.5, 3.0, 1.0 ], "autoUv": false },
						"up": { "texture": "#seraph", "uv": [ 0.0, 0.0, 1.0, 0.5 ], "autoUv": false },
						"down": { "texture": "#seraph", "uv": [ 1.0, 0.0, 2.0, 0.5 ], "autoUv": false }
					},
					"children": [
						{
							"name": "Floor",
							"from": [ -0.28, 0.008, -0.28 ],
							"to": [ 0.38, 0.488, 0.28 ],
							"uv": [ 5.5, 1.0 ],
							"rotationOrigin": [ 0.0, 0.008, 0.0 ],
							"faces": {
								"up": { "texture": "#seraph", "uv": [ 8.0, 4.0, 15.0, 11.0 ], "autoUv": false },
								"down": { "texture": "#seraph", "uv": [ 5.5, 1.0, 12.5, 8.0 ], "autoUv": false }
							}
						},
						{
							"name": "N",
							"from": [ -0.24, -0.008, -0.36 ],
							"to": [ 0.0, 0.72, -0.28 ],
							"uv": [ 1.0, 0.5 ],
							"rotationOrigin": [ -0.16, -0.008, -0.28 ],
							"faces": {
								"north": { "texture": "#seraph", "uv": [ 1.0, 6.5, 10.0, 9.5 ], "rotation": 90, "autoUv": false },
								"south": { "texture": "#seraph", "uv": [ 3.0, 7.0, 12.0, 10.0 ], "rotation": 90, "autoUv": false },
								"west": { "texture": "#seraph", "uv": [ 8.0, 6.0, 9.0, 15.0 ], "autoUv": false },
								"up": { "texture": "#seraph", "uv": [ 11.0, 4.0, 14.0, 5.0 ], "autoUv": false },
								"down": { "texture": "#seraph", "uv": [ 6.0, 0.5, 9.0, 1.5 ], "autoUv": false }
							}
						},
						{
							"name": "S",
							"from": [ -0.24, -0.008, 0.28 ],
							"to": [ 0.0, 0.72, 0.36 ],
							"uv": [ 0.0, 2.0 ],
							"rotationOrigin": [ -0.16, -0.008, -0.2 ],
							"faces": {
								"north": { "texture": "#seraph", "uv": [ 2.5, 11.5, 11.5, 14.5 ], "rotation": 90, "autoUv": false },
								"south": { "texture": "#seraph", "uv": [ 4.5, 2.0, 13.5, 5.0 ], "rotation": 90, "autoUv": false },
								"west": { "texture": "#seraph", "uv": [ 3.5, 5.5, 12.5, 6.5 ], "rotation": 90, "autoUv": false },
								"up": { "texture": "#seraph", "uv": [ 6.5, 11.0, 9.5, 12.0 ], "rotation": 180, "autoUv": false },
								"down": { "texture": "#seraph", "uv": [ 0.0, 5.0, 3.0, 6.0 ], "autoUv": false }
							}
						},
						{
							"name": "W",
							"from": [ -0.36, -0.008, -0.24 ],
							"to": [ -0.28, 0.72, 0.0 ],
							"uv": [ 2.0, 1.5 ],
							"rotationOrigin": [ -0.28, -0.008, -0.24 ],
							"faces": {
								"north": { "texture": "#seraph", "uv": [ 6.0, 1.5, 15.0, 2.5 ], "rotation": 90, "autoUv": false },
								"east": { "texture": "#seraph", "uv": [ 6.0, 12.5, 15.0, 15.5 ], "rotation": 90, "autoUv": false },
								"west": { "texture": "#seraph", "uv": [ 2.5, 2.5, 11.5, 5.5 ], "rotation": 90, "autoUv": false },
								"up": { "texture": "#seraph", "uv": [ 6.0, 14.0, 9.0, 15.0 ], "rotation": 270, "autoUv": false },
								"down": { "texture": "#seraph", "uv": [ 2.0, 11.5, 3.0, 14.5 ], "autoUv": false }
							}
						},
						{
							"name": "E",
							"from": [ 0.28, -0.008, -0.24 ],
							"to": [ 0.36, 0.72, 0.0 ],
							"uv": [ 0.0, 6.0 ],
							"rotationOrigin": [ -0.2, -0.008, -0.24 ],
							"faces": {
								"north": { "texture": "#seraph", "uv": [ 0.0, 12.5, 9.0, 13.5 ], "rotation": 90, "autoUv": false },
								"east": { "texture": "#seraph", "uv": [ 1.5, 9.0, 10.5, 12.0 ], "rotation": 90, "autoUv": false },
								"west": { "texture": "#seraph", "uv": [ 5.0, 7.5, 14.0, 10.5 ], "rotation": 90, "autoUv": false },
								"up": { "texture": "#seraph", "uv": [ 2.0, 7.0, 5.0, 8.0 ], "rotation": 90, "autoUv": false },
								"down": { "texture": "#seraph", "uv": [ 2.0, 6.0, 3.0, 9.0 ], "autoUv": false }
							}
						},
						{
							"name": "WE",
							"from": [ -0.32, 0.0, 0.24 ],
							"to": [ -0.16, 0.728, 0.32 ],
							"uv": [ 1.0, 0.0 ],
							"rotationOrigin": [ -0.24, 0.0, 0.24 ],
							"rotationY": -45.0,
							"faces": {
								"north": { "texture": "#seraph", "uv": [ 3.0, 0.0, 12.0, 2.0 ], "rotation": 90, "autoUv": false },
								"east": { "texture": "#seraph", "uv": [ 2.0, 7.0, 11.0, 8.0 ], "rotation": 90, "autoUv": false },
								"south": { "texture": "#seraph", "uv": [ 6.0, 9.5, 15.0, 11.5 ], "rotation": 90, "autoUv": false },
								"west": { "texture": "#seraph", "uv": [ 1.0, 0.5, 10.0, 1.5 ], "rotation": 90, "autoUv": false },
								"up": { "texture": "#seraph", "uv": [ 13.0, 11.0, 15.0, 12.0 ], "rotation": 180, "autoUv": false },
								"down": { "texture": "#seraph", "uv": [ 13.5, 11.5, 15.5, 12.5 ], "autoUv": false }
							}
						},
						{
							"name": "SE",
							"from": [ 0.16, 0.0, 0.24 ],
							"to": [ 0.32, 0.728, 0.32 ],
							"uv": [ 0.0, 0.0 ],
							"rotationOrigin": [ 0.24, 0.0, 0.24 ],
							"rotationY": 45.0,
							"faces": {
								"north": { "texture": "#seraph", "uv": [ 1.5, 0.0, 10.5, 2.0 ], "rotation": 90, "autoUv": false },
								"east": { "texture": "#seraph", "uv": [ 2.0, 2.0, 11.0, 3.0 ], "rotation": 90, "autoUv": false },
								"south": { "texture": "#seraph", "uv": [ 0.0, 0.5, 9.0, 2.5 ], "rotation": 90, "autoUv": false },
								"west": { "texture": "#seraph", "uv": [ 1.5, 4.5, 10.5, 5.5 ], "rotation": 90, "autoUv": false },
								"up": { "texture": "#seraph", "uv": [ 10.0, 9.0, 12.0, 10.0 ], "rotation": 180, "autoUv": false },
								"down": { "texture": "#seraph", "uv": [ 1.0, 2.5, 3.0, 3.5 ], "autoUv": false }
							}
						},
						{
							"name": "NE",
							"from": [ 0.224, 0.0, -0.304 ],
							"to": [ 0.384, 0.728, -0.224 ],
							"uv": [ 1.0, 0.0 ],
							"rotationOrigin": [ 0.304, 0.0, -0.304 ],
							"rotationY": -45.0,
							"faces": {
								"north": { "texture": "#seraph", "uv": [ 5.5, 13.5, 14.5, 15.5 ], "rotation": 90, "autoUv": false },
								"east": { "texture": "#seraph", "uv": [ 2.0, 0.0, 11.0, 1.0 ], "rotation": 90, "autoUv": false },
								"south": { "texture": "#seraph", "uv": [ 3.0, 2.5, 12.0, 4.5 ], "rotation": 90, "autoUv": false },
								"west": { "texture": "#seraph", "uv": [ 6.5, 10.5, 15.5, 11.5 ], "rotation": 90, "autoUv": false },
								"up": { "texture": "#seraph", "uv": [ 1.0, 12.5, 3.0, 13.5 ], "rotation": 180, "autoUv": false },
								"down": { "texture": "#seraph", "uv": [ 6.0, 1.5, 8.0, 2.5 ], "autoUv": false }
							}
						},
						{
							"name": "NW",
							"from": [ -0.384, 0.0, -0.304 ],
							"to": [ -0.224, 0.728, -0.224 ],
							"uv": [ 0.0, 0.5 ],
							"rotationOrigin": [ -0.304, 0.0, -0.304 ],
							"rotationY": 45.0,
							"faces": {
								"north": { "texture": "#seraph", "uv": [ 0.0, 13.5, 9.0, 15.5 ], "rotation": 90, "autoUv": false },
								"east": { "texture": "#seraph", "uv": [ 0.0, 5.5, 9.0, 6.5 ], "rotation": 90, "autoUv": false },
								"south": { "texture": "#seraph", "uv": [ 2.5, 8.0, 11.5, 10.0 ], "rotation": 90, "autoUv": false },
								"west": { "texture": "#seraph", "uv": [ 2.0, 14.5, 11.0, 15.5 ], "rotation": 90, "autoUv": false },
								"up": { "texture": "#seraph", "uv": [ 1.0, 12.5, 3.0, 13.5 ], "rotation": 180, "autoUv": false },
								"down": { "texture": "#seraph", "uv": [ 1.0, 0.5, 3.0, 1.5 ], "autoUv": false }
							}
						},
						{
							"name": "S2",
							"from": [ 0.0, -0.008, 0.28 ],
							"to": [ 0.24, 0.72, 0.36 ],
							"uv": [ 4.0, 2.5 ],
							"rotationOrigin": [ 0.08, -0.008, -0.2 ],
							"faces": {
								"north": { "texture": "#seraph", "uv": [ 4.0, 5.5, 13.0, 8.5 ], "rotation": 90, "autoUv": false },
								"east": { "texture": "#seraph", "uv": [ 5.0, 2.5, 14.0, 3.5 ], "rotation": 90, "autoUv": false },
								"south": { "texture": "#seraph", "uv": [ 5.0, 11.5, 14.0, 14.5 ], "rotation": 90, "autoUv": false },
								"up": { "texture": "#seraph", "uv": [ 12.5, 4.0, 15.5, 5.0 ], "rotation": 180, "autoUv": false },
								"down": { "texture": "#seraph", "uv": [ 12.5, 14.0, 15.5, 15.0 ], "autoUv": false }
							}
						},
						{
							"name": "W2",
							"from": [ -0.36, -0.008, 0.0 ],
							"to": [ -0.28, 0.72, 0.24 ],
							"uv": [ 0.5, 1.5 ],
							"rotationOrigin": [ -0.28, -0.008, 0.0 ],
							"faces": {
								"east": { "texture": "#seraph", "uv": [ 1.5, 6.0, 10.5, 9.0 ], "rotation": 90, "autoUv": false },
								"south": { "texture": "#seraph", "uv": [ 4.0, 3.5, 13.0, 4.5 ], "rotation": 90, "autoUv": false },
								"west": { "texture": "#seraph", "uv": [ 0.5, 7.0, 9.5, 10.0 ], "rotation": 90, "autoUv": false },
								"up": { "texture": "#seraph", "uv": [ 1.5, 13.0, 4.5, 14.0 ], "rotation": 270, "autoUv": false },
								"down": { "texture": "#seraph", "uv": [ 7.5, 1.5, 8.5, 4.5 ], "autoUv": false }
							}
						},
						{
							"name": "N2",
							"from": [ 0.0, -0.008, -0.36 ],
							"to": [ 0.24, 0.72, -0.28 ],
							"uv": [ 0.0, 2.0 ],
							"rotationOrigin": [ 0.08, -0.008, -0.28 ],
							"faces": {
								"north": { "texture": "#seraph", "uv": [ 2.0, 11.0, 11.0, 14.0 ], "rotation": 90, "autoUv": false },
								"east": { "texture": "#seraph", "uv": [ 0.0, 8.0, 9.0, 9.0 ], "rotation": 90, "autoUv": false },
								"south": { "texture": "#seraph", "uv": [ 5.5, 2.5, 14.5, 5.5 ], "rotation": 90, "autoUv": false },
								"up": { "texture": "#seraph", "uv": [ 1.0, 2.0, 4.0, 3.0 ], "autoUv": false },
								"down": { "texture": "#seraph", "uv": [ 4.5, 12.5, 7.5, 13.5 ], "autoUv": false }
							}
						},
						{
							"name": "E2",
							"from": [ 0.28, -0.008, 0.0 ],
							"to": [ 0.36, 0.72, 0.24 ],
							"uv": [ 0.0, 1.5 ],
							"rotationOrigin": [ -0.2, -0.008, 0.0 ],
							"faces": {
								"east": { "texture": "#seraph", "uv": [ 1.5, 1.5, 10.5, 4.5 ], "rotation": 90, "autoUv": false },
								"south": { "texture": "#seraph", "uv": [ 0.0, 6.5, 9.0, 7.5 ], "rotation": 90, "autoUv": false },
								"west": { "texture": "#seraph", "uv": [ 5.0, 2.5, 14.0, 5.5 ], "rotation": 90, "autoUv": false },
								"up": { "texture": "#seraph", "uv": [ 6.0, 2.0, 9.0, 3.0 ], "rotation": 90, "autoUv": false },
								"down": { "texture": "#seraph", "uv": [ 9.5, 4.5, 10.5, 7.5 ], "autoUv": false }
							}
						},
						{
							"name": "origin ring 1",
							"from": [ 0.0, 0.0, 0.0 ],
							"to": [ 0.0, 0.0, 0.0 ],
							"uv": [ 0.0, 0.0 ],
							"faces": {
								"north": { "texture": "#seraph", "uv": [ 0.0, 0.0, 0.5, 0.5 ], "autoUv": false },
								"east": { "texture": "#seraph", "uv": [ 0.0, 0.0, 0.5, 0.5 ], "autoUv": false },
								"south": { "texture": "#seraph", "uv": [ 0.0, 0.0, 0.5, 0.5 ], "autoUv": false },
								"west": { "texture": "#seraph", "uv": [ 0.0, 0.0, 0.5, 0.5 ], "autoUv": false },
								"up": { "texture": "#seraph", "uv": [ 0.0, 0.0, 0.5, 0.5 ], "autoUv": false },
								"down": { "texture": "#seraph", "uv": [ 0.0, 0.0, 0.5, 0.5 ], "autoUv": false }
							},
							"children": [
								{
									"name": "S ring",
									"from": [ -0.264, 0.48, 0.336 ],
									"to": [ 0.264, 0.56, 0.376 ],
									"uv": [ 5.0, 1.5 ],
									"rotationOrigin": [ -0.264, 0.48, 0.336 ],
									"faces": {
										"east": { "texture": "#seraph", "uv": [ 13.0, 14.5, 13.5, 15.5 ], "autoUv": false },
										"south": { "texture": "#seraph", "uv": [ 5.0, 1.5, 11.5, 2.5 ], "autoUv": false },
										"west": { "texture": "#seraph", "uv": [ 12.5, 5.5, 13.0, 6.5 ], "autoUv": false, "windMode": [-1,-1,-1,-1] },
										"up": { "texture": "#seraph", "uv": [ 7.5, 2.5, 14.0, 3.0 ], "autoUv": false },
										"down": { "texture": "#seraph", "uv": [ 5.0, 8.5, 11.5, 9.0 ], "autoUv": false }
									}
								},
								{
									"name": "N ring",
									"from": [ -0.264, 0.48, -0.376 ],
									"to": [ 0.264, 0.56, -0.336 ],
									"uv": [ 1.0, 0.0 ],
									"rotationOrigin": [ -0.264, 0.48, -0.336 ],
									"faces": {
										"north": { "texture": "#seraph", "uv": [ 9.0, 1.5, 15.5, 2.5 ], "autoUv": false },
										"east": { "texture": "#seraph", "uv": [ 1.0, 13.5, 1.5, 14.5 ], "autoUv": false },
										"west": { "texture": "#seraph", "uv": [ 9.5, 10.5, 10.0, 11.5 ], "autoUv": false },
										"up": { "texture": "#seraph", "uv": [ 6.0, 0.0, 12.5, 0.5 ], "autoUv": false },
										"down": { "texture": "#seraph", "uv": [ 1.5, 0.5, 8.0, 1.0 ], "autoUv": false }
									}
								},
								{
									"name": "W ring",
									"from": [ -0.376, 0.48, -0.264 ],
									"to": [ -0.336, 0.56, 0.264 ],
									"uv": [ 2.5, 1.0 ],
									"rotationOrigin": [ -0.376, 0.48, -0.224 ],
									"faces": {
										"north": { "texture": "#seraph", "uv": [ 9.0, 4.0, 9.5, 5.0 ], "autoUv": false },
										"south": { "texture": "#seraph", "uv": [ 8.0, 2.0, 8.5, 3.0 ], "autoUv": false },
										"west": { "texture": "#seraph", "uv": [ 5.0, 1.5, 11.5, 2.5 ], "autoUv": false },
										"up": { "texture": "#seraph", "uv": [ 15.0, 4.5, 15.5, 11.0 ], "autoUv": false },
										"down": { "texture": "#seraph", "uv": [ 2.5, 1.0, 3.0, 7.5 ], "autoUv": false }
									}
								},
								{
									"name": "E ring",
									"from": [ 0.336, 0.48, -0.264 ],
									"to": [ 0.376, 0.56, 0.264 ],
									"uv": [ 2.5, 1.0 ],
									"rotationOrigin": [ 0.336, 0.48, -0.224 ],
									"faces": {
										"north": { "texture": "#seraph", "uv": [ 9.0, 4.0, 9.5, 5.0 ], "autoUv": false },
										"east": { "texture": "#seraph", "uv": [ 4.5, 1.5, 11.0, 2.5 ], "autoUv": false },
										"south": { "texture": "#seraph", "uv": [ 8.0, 2.0, 8.5, 3.0 ], "autoUv": false },
										"up": { "texture": "#seraph", "uv": [ 15.0, 4.5, 15.5, 11.0 ], "autoUv": false },
										"down": { "texture": "#seraph", "uv": [ 2.5, 1.0, 3.0, 7.5 ], "autoUv": false }
									}
								},
								{
									"name": "ring SE",
									"from": [ 0.2, 0.48, 0.264 ],
									"to": [ 0.36, 0.56, 0.304 ],
									"uv": [ 0.0, 0.0 ],
									"rotationOrigin": [ 0.32, 0.48, 0.264 ],
									"rotationX": -0.1,
									"rotationY": 45.0,
									"faces": {
										"east": { "texture": "#seraph", "uv": [ 10.0, 7.5, 10.5, 8.5 ], "autoUv": false },
										"south": { "texture": "#seraph", "uv": [ 7.0, 10.5, 9.0, 11.5 ], "autoUv": false },
										"west": { "texture": "#seraph", "uv": [ 11.5, 14.0, 12.0, 15.0 ], "autoUv": false },
										"up": { "texture": "#seraph", "uv": [ 9.0, 0.0, 11.0, 0.5 ], "autoUv": false },
										"down": { "texture": "#seraph", "uv": [ 0.0, 13.5, 2.0, 14.0 ], "autoUv": false }
									}
								},
								{
									"name": "ring SW",
									"from": [ -0.384, 0.48, 0.32 ],
									"to": [ -0.224, 0.56, 0.36 ],
									"uv": [ 0.0, 0.0 ],
									"rotationOrigin": [ -0.264, 0.48, 0.32 ],
									"rotationX": -0.1,
									"rotationY": -45.0,
									"faces": {
										"north": { "texture": "#seraph", "uv": [ 4.5, 14.0, 6.5, 15.0 ], "autoUv": false },
										"south": { "texture": "#seraph", "uv": [ 3.5, 12.0, 5.5, 13.0 ], "autoUv": false },
										"west": { "texture": "#seraph", "uv": [ 11.5, 14.0, 12.0, 15.0 ], "autoUv": false },
										"up": { "texture": "#seraph", "uv": [ 4.0, 0.0, 6.0, 0.5 ], "autoUv": false },
										"down": { "texture": "#seraph", "uv": [ 0.0, 13.5, 2.0, 14.0 ], "autoUv": false }
									}
								},
								{
									"name": "ring NW",
									"from": [ -0.416, 0.48, -0.352 ],
									"to": [ -0.256, 0.56, -0.312 ],
									"uv": [ 0.0, 7.5 ],
									"rotationOrigin": [ -0.296, 0.48, -0.352 ],
									"rotationX": -0.1,
									"rotationY": 45.0,
									"faces": {
										"north": { "texture": "#seraph", "uv": [ 4.5, 12.0, 6.5, 13.0 ], "autoUv": false },
										"east": { "texture": "#seraph", "uv": [ 10.0, 7.5, 10.5, 8.5 ], "autoUv": false },
										"west": { "texture": "#seraph", "uv": [ 11.5, 14.0, 12.0, 15.0 ], "autoUv": false },
										"up": { "texture": "#seraph", "uv": [ 9.5, 13.5, 11.5, 14.0 ], "autoUv": false },
										"down": { "texture": "#seraph", "uv": [ 0.0, 13.5, 2.0, 14.0 ], "autoUv": false }
									}
								},
								{
									"name": "ring NE",
									"from": [ 0.232, 0.48, -0.296 ],
									"to": [ 0.392, 0.56, -0.256 ],
									"uv": [ 3.5, 0.5 ],
									"rotationOrigin": [ 0.352, 0.48, -0.296 ],
									"rotationX": 0.1,
									"rotationY": -45.0,
									"faces": {
										"north": { "texture": "#seraph", "uv": [ 4.5, 13.0, 6.5, 14.0 ], "autoUv": false },
										"east": { "texture": "#seraph", "uv": [ 10.0, 7.5, 10.5, 8.5 ], "autoUv": false },
										"south": { "texture": "#seraph", "uv": [ 3.5, 12.0, 5.5, 13.0 ], "autoUv": false },
										"up": { "texture": "#seraph", "uv": [ 10.5, 0.5, 12.5, 1.0 ], "autoUv": false },
										"down": { "texture": "#seraph", "uv": [ 3.5, 13.0, 5.5, 13.5 ], "autoUv": false }
									}
								}
							]
						},
						{
							"name": "origin handle E",
							"from": [ 0.0, 0.0, 0.0 ],
							"to": [ 0.0, 0.0, 0.0 ],
							"uv": [ 0.0, 0.0 ],
							"faces": {
								"north": { "texture": "#seraph", "uv": [ 0.0, 0.0, 0.5, 0.5 ], "autoUv": false },
								"east": { "texture": "#seraph", "uv": [ 0.0, 0.0, 0.5, 0.5 ], "autoUv": false },
								"south": { "texture": "#seraph", "uv": [ 0.0, 0.0, 0.5, 0.5 ], "autoUv": false },
								"west": { "texture": "#seraph", "uv": [ 0.0, 0.0, 0.5, 0.5 ], "autoUv": false },
								"up": { "texture": "#seraph", "uv": [ 0.0, 0.0, 0.5, 0.5 ], "autoUv": false },
								"down": { "texture": "#seraph", "uv": [ 0.0, 0.0, 0.5, 0.5 ], "autoUv": false }
							},
							"children": [
								{
									"name": "E handle 1",
									"from": [ 0.272, 0.68, -0.16 ],
									"to": [ 0.368, 0.84, -0.12 ],
									"uv": [ 0.0, 0.0 ],
									"rotationOrigin": [ 0.272, 0.68, -0.16 ],
									"rotationX": 25.0,
									"faces": {
										"north": { "texture": "#seraph", "uv": [ 0.0, 0.0, 1.0, 2.0 ], "autoUv": false },
										"east": { "texture": "#seraph", "uv": [ 0.0, 0.0, 0.5, 2.0 ], "autoUv": false },
										"south": { "texture": "#seraph", "uv": [ 0.0, 0.0, 1.0, 2.0 ], "autoUv": false },
										"west": { "texture": "#seraph", "uv": [ 0.0, 0.0, 0.5, 2.0 ], "autoUv": false },
										"up": { "texture": "#seraph", "uv": [ 0.0, 0.0, 1.0, 0.5 ], "autoUv": false },
										"down": { "texture": "#seraph", "uv": [ 0.0, 0.0, 1.0, 0.5 ], "autoUv": false }
									}
								},
								{
									"name": "E handle 2",
									"from": [ 0.272, 0.68, 0.12 ],
									"to": [ 0.368, 0.84, 0.16 ],
									"uv": [ 0.0, 0.0 ],
									"rotationOrigin": [ 0.272, 0.68, 0.16 ],
									"rotationX": -25.0,
									"faces": {
										"north": { "texture": "#seraph", "uv": [ 0.0, 0.0, 1.0, 2.0 ], "autoUv": false },
										"east": { "texture": "#seraph", "uv": [ 0.0, 0.0, 0.5, 2.0 ], "autoUv": false },
										"south": { "texture": "#seraph", "uv": [ 0.0, 0.0, 1.0, 2.0 ], "autoUv": false },
										"west": { "texture": "#seraph", "uv": [ 0.0, 0.0, 0.5, 2.0 ], "autoUv": false },
										"up": { "texture": "#seraph", "uv": [ 0.0, 0.0, 1.0, 0.5 ], "autoUv": false },
										"down": { "texture": "#seraph", "uv": [ 0.0, 0.0, 1.0, 0.5 ], "autoUv": false }
									}
								},
								{
									"name": "E handle top",
									"from": [ 0.28, 0.792, -0.08 ],
									"to": [ 0.36, 0.832, 0.08 ],
									"uv": [ 0.0, 0.0 ],
									"rotationOrigin": [ 0.28, 0.792, -0.08 ],
									"faces": {
										"north": { "texture": "#seraph", "uv": [ 0.0, 0.0, 1.0, 0.5 ], "autoUv": false },
										"east": { "texture": "#seraph", "uv": [ 0.0, 0.0, 2.0, 0.5 ], "autoUv": false },
										"south": { "texture": "#seraph", "uv": [ 0.0, 0.0, 1.0, 0.5 ], "autoUv": false },
										"west": { "texture": "#seraph", "uv": [ 0.0, 0.0, 2.0, 0.5 ], "autoUv": false },
										"up": { "texture": "#seraph", "uv": [ 0.0, 0.0, 1.0, 2.0 ], "autoUv": false },
										"down": { "texture": "#seraph", "uv": [ 0.0, 0.0, 1.0, 2.0 ], "autoUv": false }
									}
								}
							]
						},
						{
							"name": "origin handle W",
							"from": [ -0.64, 0.0, 0.0 ],
							"to": [ -0.64, 0.0, 0.0 ],
							"uv": [ 1.5, 0.0 ],
							"rotationOrigin": [ -0.64, 0.0, 0.0 ],
							"faces": {
								"north": { "texture": "#seraph", "uv": [ 2.0, 13.5, 2.5, 14.0 ], "autoUv": false },
								"east": { "texture": "#seraph", "uv": [ 6.0, 12.5, 6.5, 13.0 ], "autoUv": false },
								"south": { "texture": "#seraph", "uv": [ 10.0, 11.0, 10.5, 11.5 ], "autoUv": false },
								"west": { "texture": "#seraph", "uv": [ 7.5, 0.0, 8.0, 0.5 ], "autoUv": false },
								"up": { "texture": "#seraph", "uv": [ 1.5, 2.0, 2.0, 2.5 ], "autoUv": false },
								"down": { "texture": "#seraph", "uv": [ 13.0, 6.0, 13.5, 6.5 ], "autoUv": false }
							},
							"children": [
								{
									"name": "W handle 1",
									"from": [ 0.272, 0.68, -0.16 ],
									"to": [ 0.368, 0.84, -0.12 ],
									"uv": [ 3.0, 1.5 ],
									"rotationOrigin": [ 0.272, 0.68, -0.16 ],
									"rotationX": 25.0,
									"faces": {
										"north": { "texture": "#seraph", "uv": [ 11.0, 12.5, 12.0, 14.5 ], "autoUv": false },
										"east": { "texture": "#seraph", "uv": [ 11.0, 5.5, 11.5, 7.5 ], "autoUv": false },
										"south": { "texture": "#seraph", "uv": [ 9.0, 2.5, 10.0, 4.5 ], "autoUv": false },
										"west": { "texture": "#seraph", "uv": [ 3.0, 2.5, 3.5, 4.5 ], "autoUv": false },
										"up": { "texture": "#seraph", "uv": [ 12.5, 7.5, 13.5, 8.0 ], "autoUv": false },
										"down": { "texture": "#seraph", "uv": [ 4.0, 1.5, 5.0, 2.0 ], "autoUv": false }
									}
								},
								{
									"name": "W handle 2",
									"from": [ 0.272, 0.68, 0.12 ],
									"to": [ 0.368, 0.84, 0.16 ],
									"uv": [ 2.0, 2.5 ],
									"rotationOrigin": [ 0.272, 0.68, 0.16 ],
									"rotationX": -25.0,
									"faces": {
										"north": { "texture": "#seraph", "uv": [ 2.0, 6.5, 3.0, 8.5 ], "autoUv": false },
										"east": { "texture": "#seraph", "uv": [ 2.5, 9.5, 3.0, 11.5 ], "autoUv": false },
										"south": { "texture": "#seraph", "uv": [ 9.5, 3.5, 10.5, 5.5 ], "autoUv": false },
										"west": { "texture": "#seraph", "uv": [ 5.5, 2.5, 6.0, 4.5 ], "autoUv": false },
										"up": { "texture": "#seraph", "uv": [ 7.0, 4.0, 8.0, 4.5 ], "autoUv": false },
										"down": { "texture": "#seraph", "uv": [ 5.5, 9.5, 6.5, 10.0 ], "autoUv": false }
									}
								},
								{
									"name": "W handle top",
									"from": [ 0.28, 0.792, -0.08 ],
									"to": [ 0.36, 0.832, 0.08 ],
									"uv": [ 2.0, 1.5 ],
									"rotationOrigin": [ 0.28, 0.792, -0.08 ],
									"faces": {
										"north": { "texture": "#seraph", "uv": [ 11.5, 13.5, 12.5, 14.0 ], "autoUv": false },
										"east": { "texture": "#seraph", "uv": [ 11.5, 13.0, 13.5, 13.5 ], "autoUv": false },
										"south": { "texture": "#seraph", "uv": [ 4.5, 1.5, 5.5, 2.0 ], "autoUv": false },
										"west": { "texture": "#seraph", "uv": [ 4.0, 14.5, 6.0, 15.0 ], "autoUv": false },
										"up": { "texture": "#seraph", "uv": [ 2.0, 8.0, 3.0, 10.0 ], "autoUv": false },
										"down": { "texture": "#seraph", "uv": [ 11.0, 4.5, 12.0, 6.5 ], "autoUv": false }
									}
								}
							]
						},
						{
							"name": "origin ring 2",
							"from": [ 0.0, -0.4, 0.0 ],
							"to": [ 0.0, -0.4, 0.0 ],
							"uv": [ 0.0, 0.0 ],
							"faces": {
								"north": { "texture": "#seraph", "uv": [ 0.0, 0.0, 0.5, 0.5 ], "autoUv": false },
								"east": { "texture": "#seraph", "uv": [ 0.0, 0.0, 0.5, 0.5 ], "autoUv": false },
								"south": { "texture": "#seraph", "uv": [ 0.0, 0.0, 0.5, 0.5 ], "autoUv": false },
								"west": { "texture": "#seraph", "uv": [ 0.0, 0.0, 0.5, 0.5 ], "autoUv": false },
								"up": { "texture": "#seraph", "uv": [ 0.0, 0.0, 0.5, 0.5 ], "autoUv": false },
								"down": { "texture": "#seraph", "uv": [ 0.0, 0.0, 0.5, 0.5 ], "autoUv": false }
							},
							"children": [
								{
									"name": "S ring3",
									"from": [ -0.264, 0.48, 0.336 ],
									"to": [ 0.264, 0.56, 0.376 ],
									"uv": [ 5.0, 1.5 ],
									"rotationOrigin": [ -0.264, 0.48, 0.336 ],
									"faces": {
										"east": { "texture": "#seraph", "uv": [ 13.0, 14.5, 13.5, 15.5 ], "autoUv": false },
										"south": { "texture": "#seraph", "uv": [ 5.0, 1.5, 11.5, 2.5 ], "autoUv": false },
										"west": { "texture": "#seraph", "uv": [ 12.5, 5.5, 13.0, 6.5 ], "autoUv": false },
										"up": { "texture": "#seraph", "uv": [ 7.5, 2.5, 14.0, 3.0 ], "autoUv": false },
										"down": { "texture": "#seraph", "uv": [ 5.0, 8.5, 11.5, 9.0 ], "autoUv": false }
									}
								},
								{
									"name": "N ring3",
									"from": [ -0.264, 0.48, -0.376 ],
									"to": [ 0.264, 0.56, -0.336 ],
									"uv": [ 1.0, 0.0 ],
									"rotationOrigin": [ -0.264, 0.48, -0.336 ],
									"faces": {
										"north": { "texture": "#seraph", "uv": [ 9.0, 1.5, 15.5, 2.5 ], "autoUv": false },
										"east": { "texture": "#seraph", "uv": [ 1.0, 13.5, 1.5, 14.5 ], "autoUv": false },
										"west": { "texture": "#seraph", "uv": [ 9.5, 10.5, 10.0, 11.5 ], "autoUv": false },
										"up": { "texture": "#seraph", "uv": [ 6.0, 0.0, 12.5, 0.5 ], "autoUv": false },
										"down": { "texture": "#seraph", "uv": [ 1.5, 0.5, 8.0, 1.0 ], "autoUv": false }
									}
								},
								{
									"name": "W ring3",
									"from": [ -0.376, 0.48, -0.264 ],
									"to": [ -0.336, 0.56, 0.264 ],
									"uv": [ 2.5, 1.0 ],
									"rotationOrigin": [ -0.376, 0.48, -0.224 ],
									"faces": {
										"north": { "texture": "#seraph", "uv": [ 9.0, 4.0, 9.5, 5.0 ], "autoUv": false },
										"south": { "texture": "#seraph", "uv": [ 8.0, 2.0, 8.5, 3.0 ], "autoUv": false },
										"west": { "texture": "#seraph", "uv": [ 5.0, 1.5, 11.5, 2.5 ], "autoUv": false },
										"up": { "texture": "#seraph", "uv": [ 15.0, 4.5, 15.5, 11.0 ], "autoUv": false },
										"down": { "texture": "#seraph", "uv": [ 2.5, 1.0, 3.0, 7.5 ], "autoUv": false }
									}
								},
								{
									"name": "E ring3",
									"from": [ 0.336, 0.48, -0.264 ],
									"to": [ 0.376, 0.56, 0.264 ],
									"uv": [ 2.5, 1.0 ],
									"rotationOrigin": [ 0.336, 0.48, -0.224 ],
									"faces": {
										"north": { "texture": "#seraph", "uv": [ 9.0, 4.0, 9.5, 5.0 ], "autoUv": false },
										"east": { "texture": "#seraph", "uv": [ 4.5, 1.5, 11.0, 2.5 ], "autoUv": false },
										"south": { "texture": "#seraph", "uv": [ 8.0, 2.0, 8.5, 3.0 ], "autoUv": false },
										"up": { "texture": "#seraph", "uv": [ 15.0, 4.5, 15.5, 11.0 ], "autoUv": false },
										"down": { "texture": "#seraph", "uv": [ 2.5, 1.0, 3.0, 7.5 ], "autoUv": false }
									}
								},
								{
									"name": "ring SE3",
									"from": [ 0.2, 0.48, 0.264 ],
									"to": [ 0.36, 0.56, 0.304 ],
									"uv": [ 0.0, 0.0 ],
									"rotationOrigin": [ 0.32, 0.48, 0.264 ],
									"rotationX": -0.1,
									"rotationY": 45.0,
									"faces": {
										"east": { "texture": "#seraph", "uv": [ 10.0, 7.5, 10.5, 8.5 ], "autoUv": false },
										"south": { "texture": "#seraph", "uv": [ 7.0, 10.5, 9.0, 11.5 ], "autoUv": false },
										"west": { "texture": "#seraph", "uv": [ 11.5, 14.0, 12.0, 15.0 ], "autoUv": false },
										"up": { "texture": "#seraph", "uv": [ 9.0, 0.0, 11.0, 0.5 ], "autoUv": false },
										"down": { "texture": "#seraph", "uv": [ 0.0, 13.5, 2.0, 14.0 ], "autoUv": false }
									}
								},
								{
									"name": "ring SW3",
									"from": [ -0.384, 0.48, 0.32 ],
									"to": [ -0.224, 0.56, 0.36 ],
									"uv": [ 0.0, 0.0 ],
									"rotationOrigin": [ -0.264, 0.48, 0.32 ],
									"rotationX": -0.1,
									"rotationY": -45.0,
									"faces": {
										"north": { "texture": "#seraph", "uv": [ 4.5, 14.0, 6.5, 15.0 ], "autoUv": false },
										"south": { "texture": "#seraph", "uv": [ 3.5, 12.0, 5.5, 13.0 ], "autoUv": false },
										"west": { "texture": "#seraph", "uv": [ 11.5, 14.0, 12.0, 15.0 ], "autoUv": false },
										"up": { "texture": "#seraph", "uv": [ 4.0, 0.0, 6.0, 0.5 ], "autoUv": false },
										"down": { "texture": "#seraph", "uv": [ 0.0, 13.5, 2.0, 14.0 ], "autoUv": false }
									}
								},
								{
									"name": "ring NW3",
									"from": [ -0.416, 0.48, -0.352 ],
									"to": [ -0.256, 0.56, -0.312 ],
									"uv": [ 0.0, 7.5 ],
									"rotationOrigin": [ -0.296, 0.48, -0.352 ],
									"rotationX": -0.1,
									"rotationY": 45.0,
									"faces": {
										"north": { "texture": "#seraph", "uv": [ 4.5, 12.0, 6.5, 13.0 ], "autoUv": false },
										"east": { "texture": "#seraph", "uv": [ 10.0, 7.5, 10.5, 8.5 ], "autoUv": false },
										"west": { "texture": "#seraph", "uv": [ 11.5, 14.0, 12.0, 15.0 ], "autoUv": false },
										"up": { "texture": "#seraph", "uv": [ 9.5, 13.5, 11.5, 14.0 ], "autoUv": false },
										"down": { "texture": "#seraph", "uv": [ 0.0, 13.5, 2.0, 14.0 ], "autoUv": false }
									}
								},
								{
									"name": "ring NE3",
									"from": [ 0.232, 0.48, -0.296 ],
									"to": [ 0.392, 0.56, -0.256 ],
									"uv": [ 3.5, 0.5 ],
									"rotationOrigin": [ 0.352, 0.48, -0.296 ],
									"rotationX": 0.1,
									"rotationY": -45.0,
									"faces": {
										"north": { "texture": "#seraph", "uv": [ 4.5, 13.0, 6.5, 14.0 ], "autoUv": false },
										"east": { "texture": "#seraph", "uv": [ 10.0, 7.5, 10.5, 8.5 ], "autoUv": false },
										"south": { "texture": "#seraph", "uv": [ 3.5, 12.0, 5.5, 13.0 ], "autoUv": false },
										"up": { "texture": "#seraph", "uv": [ 10.5, 0.5, 12.5, 1.0 ], "autoUv": false },
										"down": { "texture": "#seraph", "uv": [ 3.5, 13.0, 5.5, 13.5 ], "autoUv": false }
									}
								}
							]
						},
						{
							"name": "origin seraph",
							"from": [ 0.0, 0.0, 0.0 ],
							"to": [ 0.0, 0.0, 0.0 ],
							"uv": [ 0.0, 0.0 ],
							"faces": {
								"north": { "texture": "#seraph", "uv": [ 0.0, 0.0, 0.5, 0.5 ], "autoUv": false },
								"east": { "texture": "#seraph", "uv": [ 0.0, 0.0, 0.5, 0.5 ], "autoUv": false },
								"south": { "texture": "#seraph", "uv": [ 0.0, 0.0, 0.5, 0.5 ], "autoUv": false },
								"west": { "texture": "#seraph", "uv": [ 0.0, 0.0, 0.5, 0.5 ], "autoUv": false },
								"up": { "texture": "#seraph", "uv": [ 0.0, 0.0, 0.5, 0.5 ], "autoUv": false },
								"down": { "texture": "#seraph", "uv": [ 0.0, 0.0, 0.5, 0.5 ], "autoUv": false }
							},
							"children": [
								{
									"name": "Cube2",
									"from": [ -0.364, 0.788, -0.064 ],
									"to": [ -0.276, 0.836, 0.056 ],
									"uv": [ 5.0, 4.0 ],
									"rotationOrigin": [ -0.32, 0.784, 0.0 ],
									"faces": {
										"north": { "texture": "#seraph", "uv": [ 11.5, 5.5, 12.5, 6.0 ], "autoUv": false },
										"east": { "texture": "#seraph", "uv": [ 14.5, 5.0, 16.0, 5.5 ], "autoUv": false },
										"south": { "texture": "#seraph", "uv": [ 5.0, 12.0, 6.0, 12.5 ], "autoUv": false },
										"west": { "texture": "#seraph", "uv": [ 8.5, 8.0, 10.0, 8.5 ], "autoUv": false },
										"up": { "texture": "#seraph", "uv": [ 12.5, 13.5, 13.5, 15.0 ], "autoUv": false },
										"down": { "texture": "#seraph", "uv": [ 6.5, 4.0, 7.5, 5.5 ], "autoUv": false }
									}
								},
								{
									"name": "Cube4",
									"from": [ -0.304, 0.8, -0.04 ],
									"to": [ -0.104, 0.84, 0.04 ],
									"uv": [ 4.5, 9.5 ],
									"rotationOrigin": [ -0.304, 0.8, 0.0 ],
									"rotationX": 83.0,
									"rotationZ": 34.0,
									"faces": {
										"north": { "texture": "#seraph", "uv": [ 7.0, 10.0, 9.5, 10.5 ], "autoUv": false },
										"east": { "texture": "#seraph", "uv": [ 8.0, 13.0, 9.0, 13.5 ], "autoUv": false },
										"south": { "texture": "#seraph", "uv": [ 5.5, 10.5, 8.0, 11.0 ], "autoUv": false },
										"west": { "texture": "#seraph", "uv": [ 8.5, 12.5, 9.5, 13.0 ], "autoUv": false },
										"up": { "texture": "#seraph", "uv": [ 7.0, 10.5, 9.5, 11.5 ], "autoUv": false },
										"down": { "texture": "#seraph", "uv": [ 4.5, 9.5, 7.0, 10.5 ], "autoUv": false }
									},
									"children": [
										{
											"name": "Cube5",
											"from": [ 0.184, 0.0, 0.0 ],
											"to": [ 0.344, 0.04, 0.08 ],
											"uv": [ 0.0, 0.5 ],
											"rotationOrigin": [ 0.184, 0.0, 0.0 ],
											"rotationX": -0.1,
											"rotationZ": -21.0,
											"faces": {
												"north": { "texture": "#seraph", "uv": [ 11.0, 12.5, 13.0, 13.0 ], "autoUv": false },
												"east": { "texture": "#seraph", "uv": [ 14.5, 6.0, 15.5, 6.5 ], "autoUv": false },
												"south": { "texture": "#seraph", "uv": [ 10.0, 14.5, 12.0, 15.0 ], "autoUv": false },
												"west": { "texture": "#seraph", "uv": [ 0.0, 0.5, 1.0, 1.0 ], "autoUv": false },
												"up": { "texture": "#seraph", "uv": [ 9.5, 14.0, 11.5, 15.0 ], "autoUv": false },
												"down": { "texture": "#seraph", "uv": [ 9.5, 1.5, 11.5, 2.5 ], "autoUv": false }
											}
										}
									]
								},
								{
									"name": "Cube3",
									"from": [ 0.276, 0.788, -0.064 ],
									"to": [ 0.364, 0.836, 0.056 ],
									"uv": [ 5.0, 4.0 ],
									"rotationOrigin": [ 0.32, 0.784, 0.0 ],
									"faces": {
										"north": { "texture": "#seraph", "uv": [ 11.5, 5.5, 12.5, 6.0 ], "autoUv": false },
										"east": { "texture": "#seraph", "uv": [ 14.5, 5.0, 16.0, 5.5 ], "autoUv": false },
										"south": { "texture": "#seraph", "uv": [ 5.0, 12.0, 6.0, 12.5 ], "autoUv": false },
										"west": { "texture": "#seraph", "uv": [ 8.5, 8.0, 10.0, 8.5 ], "autoUv": false },
										"up": { "texture": "#seraph", "uv": [ 12.5, 13.5, 13.5, 15.0 ], "autoUv": false },
										"down": { "texture": "#seraph", "uv": [ 6.5, 4.0, 7.5, 5.5 ], "autoUv": false }
									}
								},
								{
									"name": "Cube6",
									"from": [ 0.096, 0.8, -0.04 ],
									"to": [ 0.296, 0.84, 0.04 ],
									"uv": [ 4.0, 1.0 ],
									"rotationOrigin": [ 0.296, 0.8, 0.0 ],
									"rotationX": 83.0,
									"rotationZ": -34.0,
									"faces": {
										"north": { "texture": "#seraph", "uv": [ 5.0, 10.0, 7.5, 10.5 ], "autoUv": false },
										"east": { "texture": "#seraph", "uv": [ 13.5, 6.5, 14.5, 7.0 ], "autoUv": false },
										"south": { "texture": "#seraph", "uv": [ 12.5, 12.5, 15.0, 13.0 ], "autoUv": false },
										"west": { "texture": "#seraph", "uv": [ 13.5, 9.0, 14.5, 9.5 ], "autoUv": false },
										"up": { "texture": "#seraph", "uv": [ 4.0, 6.0, 6.5, 7.0 ], "autoUv": false },
										"down": { "texture": "#seraph", "uv": [ 5.0, 1.0, 7.5, 2.0 ], "autoUv": false }
									},
									"children": [
										{
											"name": "Cube7",
											"from": [ -0.144, 0.0, 0.0 ],
											"to": [ 0.016, 0.04, 0.08 ],
											"uv": [ 5.0, 9.5 ],
											"rotationOrigin": [ 0.016, 0.0, 0.0 ],
											"rotationX": 0.1,
											"rotationZ": 21.0,
											"faces": {
												"north": { "texture": "#seraph", "uv": [ 5.0, 10.0, 7.0, 10.5 ], "autoUv": false },
												"east": { "texture": "#seraph", "uv": [ 5.5, 12.0, 6.5, 12.5 ], "autoUv": false },
												"south": { "texture": "#seraph", "uv": [ 5.5, 9.5, 7.5, 10.0 ], "autoUv": false },
												"west": { "texture": "#seraph", "uv": [ 10.5, 12.0, 11.5, 12.5 ], "autoUv": false },
												"up": { "texture": "#seraph", "uv": [ 9.0, 11.5, 11.0, 12.5 ], "autoUv": false },
												"down": { "texture": "#seraph", "uv": [ 9.0, 12.0, 11.0, 13.0 ], "autoUv": false }
											}
										}
									]
								}
							]
						}
					]
				}
			]
		}
	]}