[
  {
    "op": "addmerge",
    "path": "/0/ingredients/P/skipVariants",
    "value": [ "aged", "lightaged", "darkaged" ],
    "file": "game:recipes/grid/antlermount.json",
    "side": "Server"
  },
  {
    "op": "addmerge",
    "path": "/1/ingredients/P/skipVariants",
    "value": [ "aged", "lightaged", "darkaged" ],
    "file": "game:recipes/grid/antlermount.json",
    "side": "Server"
  },
  {
    "op": "addmerge",
    "path": "/2/ingredients/P/skipVariants",
    "value": [ "aged", "lightaged", "darkaged" ],
    "file": "game:recipes/grid/antlermount.json",
    "side": "Server"
  }
]