{
  "version": 3,
  "patches": {
    "float": {
      "maltiezfirearms:itemtypes/firearms/pistol.json": {
        "attributes/BulletDamageMultiplier": "value * damage_multiplier",
        "attributes/Aiming/AimDifficulty": "aiming_difficulty",
        "attributes/DispersionMOA/0": "value * firearms_spread",
        "attributes/DispersionMOA/1": "value * firearms_spread",
        "attributes/ReloadAnimationSpeed": "value * firearms_reload_speed"
      },
      "maltiezfirearms:itemtypes/firearms/pistol-flintlock.json": {
        "attributes/BulletDamageMultiplier": "value * damage_multiplier",
        "attributes/Aiming/AimDifficulty": "aiming_difficulty",
        "attributes/DispersionMOA/0": "value * firearms_spread",
        "attributes/DispersionMOA/1": "value * firearms_spread",
        "attributes/ReloadAnimationSpeed": "value * firearms_reload_speed"
      },
      "maltiezfirearms:itemtypes/firearms/arquebus.json": {
        "attributes/BulletDamageMultiplier": "value * damage_multiplier",
        "attributes/Aiming/AimDifficulty": "aiming_difficulty",
        "attributes/DispersionMOA/0": "value * firearms_spread",
        "attributes/DispersionMOA/1": "value * firearms_spread",
        "attributes/ReloadAnimationSpeed": "value * firearms_reload_speed"
      },
      "maltiezfirearms:itemtypes/firearms/carbine.json": {
        "attributes/BulletDamageMultiplier": "value * damage_multiplier",
        "attributes/Aiming/AimDifficulty": "aiming_difficulty",
        "attributes/DispersionMOA/0": "value * firearms_spread",
        "attributes/DispersionMOA/1": "value * firearms_spread",
        "attributes/ReloadAnimationSpeed": "value * firearms_reload_speed"
      },
      "maltiezfirearms:itemtypes/firearms/musket.json": {
        "attributes/BulletDamageMultiplier": "value * damage_multiplier",
        "attributes/Aiming/AimDifficulty": "aiming_difficulty",
        "attributes/DispersionMOA/0": "value * firearms_spread",
        "attributes/DispersionMOA/1": "value * firearms_spread",
        "attributes/ReloadAnimationSpeed": "value * firearms_reload_speed"
      },
      "maltiezfirearms:itemtypes/firearms/superimposed.json": {
        "attributes/BulletDamageMultiplier": "value * damage_multiplier",
        "attributes/Aiming/AimDifficulty": "aiming_difficulty",
        "attributes/DispersionMOA/0": "value * firearms_spread",
        "attributes/DispersionMOA/1": "value * firearms_spread",
        "attributes/ReloadAnimationSpeed": "value * firearms_reload_speed"
      },
      "maltiezfirearms:itemtypes/firearms/blunderbuss.json": {
        "attributes/BulletDamageMultiplier": "value * damage_multiplier",
        "attributes/Aiming/AimDifficulty": "aiming_difficulty",
        "attributes/DispersionMOA/0": "blunderbuss_spread",
        "attributes/DispersionMOA/1": "blunderbuss_spread",
        "attributes/ReloadAnimationSpeed": "value * firearms_reload_speed"
      },
      "maltiezfirearms:itemtypes/firearms/blunderbuss-flintlock.json": {
        "attributes/BulletDamageMultiplier": "value * damage_multiplier",
        "attributes/Aiming/AimDifficulty": "aiming_difficulty",
        "attributes/DispersionMOA/0": "blunderbuss_spread",
        "attributes/DispersionMOA/1": "blunderbuss_spread",
        "attributes/ReloadAnimationSpeed": "value * firearms_reload_speed"
      },
      "maltiezfirearms:itemtypes/firearms/arquebus-revolver.json": {
        "attributes/FiringStats/BulletDamageMultiplier": "value * damage_multiplier",
        "attributes/Aiming/AimDifficulty": "aiming_difficulty",
        "attributes/FiringStats/DispersionMOA/0": "value * firearms_spread",
        "attributes/FiringStats/DispersionMOA/1": "value * firearms_spread",
        "attributes/ReloadAnimationSpeed": "value * firearms_reload_speed"
      },
      "maltiezfirearms:patches/schematics.json": {
        "0/value/chance": "value * schematic_drop_chance",
        "1/value/chance": "value * schematic_drop_chance"
      }
    },
    "boolean": {
      "maltiezfirearms:itemtypes/firearms/arquebus.json": {
        "attributes/CancelReloadOnInAir": "cancel_reload_on_inair"
      },
      "maltiezfirearms:itemtypes/firearms/carbine.json": {
        "attributes/CancelReloadOnInAir": "cancel_reload_on_inair"
      },
      "maltiezfirearms:itemtypes/firearms/musket.json": {
        "attributes/CancelReloadOnInAir": "cancel_reload_on_inair"
      },
      "maltiezfirearms:itemtypes/firearms/superimposed.json": {
        "attributes/CancelReloadOnInAir": "cancel_reload_on_inair"
      },
      "maltiezfirearms:itemtypes/firearms/blunderbuss.json": {
        "attributes/CancelReloadOnInAir": "cancel_reload_on_inair"
      },
      "maltiezfirearms:itemtypes/firearms/blunderbuss-flintlock.json": {
        "attributes/CancelReloadOnInAir": "cancel_reload_on_inair"
      },
      "maltiezfirearms:itemtypes/firearms/arquebus-revolver.json": {
        "attributes/CancelReloadOnInAir": "cancel_reload_on_inair"
      }
    },
    "string": {
      "maltiezfirearms:itemtypes/firearms/pistol.json": {
        "attributes/Aiming/CursorType": "aiming_cursor_type"
      },
      "maltiezfirearms:itemtypes/firearms/pistol-flintlock.json": {
        "attributes/Aiming/CursorType": "aiming_cursor_type"
      },
      "maltiezfirearms:itemtypes/firearms/arquebus.json": {
        "attributes/Aiming/CursorType": "aiming_cursor_type"
      },
      "maltiezfirearms:itemtypes/firearms/carbine.json": {
        "attributes/Aiming/CursorType": "aiming_cursor_type"
      },
      "maltiezfirearms:itemtypes/firearms/musket.json": {
        "attributes/Aiming/CursorType": "aiming_cursor_type"
      },
      "maltiezfirearms:itemtypes/firearms/superimposed.json": {
        "attributes/Aiming/CursorType": "aiming_cursor_type"
      },
      "maltiezfirearms:itemtypes/firearms/blunderbuss.json": {
        "attributes/Aiming/CursorType": "aiming_cursor_type"
      },
      "maltiezfirearms:itemtypes/firearms/blunderbuss-flintlock.json": {
        "attributes/Aiming/CursorType": "aiming_cursor_type"
      },
      "maltiezfirearms:itemtypes/firearms/arquebus-revolver.json": {
        "attributes/Aiming/CursorType": "aiming_cursor_type"
      }
    },
    "integer": {
      "maltiezfirearms:itemtypes/firearms/pistol.json": {
        "durabilityByType/*": "value * durability_wheellock_pistol / 600"
      },
      "maltiezfirearms:itemtypes/firearms/pistol-flintlock.json": {
        "durabilityByType/*": "value * durability_flintlock_pistol / 750"
      },
      "maltiezfirearms:itemtypes/firearms/arquebus.json": {
        "durabilityByType/*": "value * durability_matchlock_arquebus / 500"
      },
      "maltiezfirearms:itemtypes/firearms/carbine.json": {
        "durability": "value * durability_flintlock_carbine / 750"
      },
      "maltiezfirearms:itemtypes/firearms/musket.json": {
        "durability": "value * durability_flintlock_musket / 600"
      },
      "maltiezfirearms:itemtypes/firearms/superimposed.json": {
        "durabilityByType/*": "value * durability_wheellock_bossi / 750"
      },
      "maltiezfirearms:itemtypes/firearms/blunderbuss.json": {
        "durabilityByType/*": "value * durability_matchlock_blunderbuss / 400"
      },
      "maltiezfirearms:itemtypes/firearms/blunderbuss-flintlock.json": {
        "durabilityByType/*": "value * durability_flintlock_blunderbuss / 600"
      },
      "maltiezfirearms:itemtypes/ammunition/powderflask.json": {
        "attributes/durabilityPerPowderItem": "powder_to_flask_ratio"
      }
    },
    "other": {
      "maltiezfirearms:recipes/grid/firearms/locks.json": {
        "0/requiresTrait": "trait_requirement",
        "1/requiresTrait": "trait_requirement",
        "2/requiresTrait": "trait_requirement",
        "6/requiresTrait": "trait_requirement"
      }
    }
  },
  "settings": [
    {
      "code": "damage_multiplier",
      "type": "float",
      "ingui": "maltiezfirearms:setting-damage-multiplier",
      "default": 1.0,
      "range": {
        "min": 0.1,
        "max": 5.0
      }
    },
    {
      "code": "powder_to_flask_ratio",
      "type": "integer",
      "ingui": "maltiezfirearms:setting-powder_to_flask_ratio",
      "default": 4,
      "logarithmic": true,
      "range": {
        "min": 1,
        "max": 512
      }
    },
    {
      "code": "trait_requirement",
      "type": "other",
      "ingui": "maltiezfirearms:setting-trait",
      "default": "Required",
      "mapping": {
        "Required": "tinkerer",
        "Not Required": null
      }
    },
    {
      "code": "aiming_cursor_type",
      "type": "string",
      "ingui": "maltiezfirearms:setting-cursortype",
      "comment": "maltiezfirearms:setting-comment-cursortype",
      "default": "None",
      "clientSide": true,
      "values": [
        "None",
        "Vanilla",
        "Fixed",
        "Moving"
      ]
    },
    {
      "code": "aiming_difficulty",
      "type": "float",
      "ingui": "maltiezfirearms:setting-aiming_difficulty",
      "default": 1.0,
      "range": {
        "min": 0.0,
        "max": 2.0
      }
    },
    {
      "code": "blunderbuss_spread",
      "type": "float",
      "ingui": "maltiezfirearms:setting-blunderbuss_spread",
      "default": 120,
      "range": {
        "min": 0,
        "max": 300
      }
    },
    {
      "code": "firearms_spread",
      "type": "float",
      "ingui": "maltiezfirearms:setting-firearms_spread",
      "default": 1.0,
      "logarithmic": true,
      "range": {
        "min": 0.0,
        "max": 5.0
      }
    },
    {
      "code": "cancel_reload_on_inair",
      "type": "boolean",
      "ingui": "maltiezfirearms:setting-cancel_reload_on_inair",
      "default": true
    },
    {
      "code": "schematic_drop_chance",
      "type": "float",
      "ingui": "maltiezfirearms:setting-schematic_drop_chance",
      "default": 1.0,
      "range": {
        "min": 0.0,
        "max": 10.0
      }
    },
    {
      "code": "firearms_reload_speed",
      "type": "float",
      "ingui": "maltiezfirearms:setting-firearms_reload_speed",
      "default": 1,
      "range": {
        "min": 0.3,
        "max": 3
      }
    },
    {
      "type": "separator",
      "title": "maltiezfirearms:setting-title-durabilities",
      "collapsible": true
    },
    {
      "code": "durability_wheellock_pistol",
      "type": "integer",
      "ingui": "maltiezfirearms:setting-durability_wheellock_pistol",
      "default": 600,
      "range": {
        "min": 1
      }
    },
    {
      "code": "durability_wheellock_bossi",
      "type": "integer",
      "ingui": "maltiezfirearms:setting-durability_wheellock_bossi",
      "default": 750,
      "range": {
        "min": 1
      }
    },
    {
      "code": "durability_matchlock_arquebus",
      "type": "integer",
      "ingui": "maltiezfirearms:setting-durability_matchlock_arquebus",
      "default": 500,
      "range": {
        "min": 1
      }
    },
    {
      "code": "durability_matchlock_blunderbuss",
      "type": "integer",
      "ingui": "maltiezfirearms:setting-durability_matchlock_blunderbuss",
      "default": 400,
      "range": {
        "min": 1
      }
    },
    {
      "code": "durability_flintlock_pistol",
      "type": "integer",
      "ingui": "maltiezfirearms:setting-durability_flintlock_pistol",
      "default": 750,
      "range": {
        "min": 1
      }
    },
    {
      "code": "durability_flintlock_blunderbuss",
      "type": "integer",
      "ingui": "maltiezfirearms:setting-durability_flintlock_blunderbuss",
      "default": 600,
      "range": {
        "min": 1
      }
    },
    {
      "code": "durability_flintlock_carbine",
      "type": "integer",
      "ingui": "maltiezfirearms:setting-durability_flintlock_carbine",
      "default": 750,
      "range": {
        "min": 1
      }
    },
    {
      "code": "durability_flintlock_musket",
      "type": "integer",
      "ingui": "maltiezfirearms:setting-durability_flintlock_musket",
      "default": 600,
      "range": {
        "min": 1
      }
    }
  ]
}