{
	"editor": {
		"backDropShape": "C:/Users/Cal/Desktop/kobold-faceless",
		"collapsedPaths": "",
		"allAngles": true,
		"entityTextureMode": true
	},
	"textureWidth": 32,
	"textureHeight": 76,
	"textureSizes": {
		"koboldbodytex": [64,64],
		"playermodellib-iris": [8,8]
	},
	"textures": {
		"koboldbodytex": "koboldrdx:entity/humanoid/koboldbodytex",
		"playermodellib-iris": "payermodellib:eyes/topaz"
	},
	"elements": [
		{
			"name": "eyesroot",
			"stepParentName": "Head",
			"from": [ 0.0, 0.2, 0.0 ],
			"to": [ 5.5, 5.2, 5.0 ],
			"unwrapMode": 4,
			"uv": [ 0.0, 0.0 ],
			"rotationOrigin": [ 0.0, 0.2, 0.0 ],
			"faces": {
				"north": { "texture": "#null", "uv": [ 0.0, 0.0, 5.5, 5.0 ], "enabled": false },
				"east": { "texture": "#null", "uv": [ 0.0, 0.0, 5.0, 5.0 ], "enabled": false },
				"south": { "texture": "#null", "uv": [ 0.0, 0.0, 5.5, 5.0 ], "enabled": false },
				"west": { "texture": "#null", "uv": [ 0.0, 0.0, 5.0, 5.0 ], "enabled": false },
				"up": { "texture": "#null", "uv": [ 0.0, 0.0, 5.0, 5.5 ], "rotation": 90, "enabled": false },
				"down": { "texture": "#null", "uv": [ 0.0, 5.0, 5.0, 10.5 ], "rotation": 90, "enabled": false }
			},
			"children": [
				{
					"name": "R eye",
					"from": [ -0.01, 1.75, 0.8 ],
					"to": [ 0.09, 2.75, 2.3 ],
					"autoUnwrap": false,
					"uv": [ 2.0, 0.0 ],
					"rotationOrigin": [ 0.0, 1.75, 2.0 ],
					"rotationX": -2.0,
					"faces": {
						"north": { "texture": "#playermodellib-iris", "uv": [ 2.0, 1.0, 3.0, 2.0 ] },
						"east": { "texture": "#null", "uv": [ 0.5, 1.0, 2.0, 2.0 ], "enabled": false },
						"south": { "texture": "#playermodellib-iris", "uv": [ 3.0, 1.0, 4.0, 2.0 ], "autoUv": false },
						"west": { "texture": "#playermodellib-iris", "uv": [ 2.0, 0.0, 6.0, 3.0 ], "autoUv": false },
						"up": { "texture": "#playermodellib-iris", "uv": [ 2.0, 0.0, 3.5, 0.5 ], "rotation": 90 },
						"down": { "texture": "#playermodellib-iris", "uv": [ 3.0, 0.0, 4.5, 0.5 ], "rotation": 90 }
					},
					"children": [
						{
							"name": "R iris",
							"from": [ -0.03, 0.12, 0.3 ],
							"to": [ 0.07, 0.67, 1.0 ],
							"unwrapMode": 4,
							"uv": [ 58.625, 0.5 ],
							"rotationOrigin": [ 0.0, 0.15, 1.05 ],
							"faces": {
								"north": { "texture": "#koboldbodytex", "uv": [ 58.5, 1.0, 59.0, 1.5 ] },
								"east": { "texture": "#null", "uv": [ 60.5, 1.0, 61.0, 1.5 ], "enabled": false },
								"south": { "texture": "#koboldbodytex", "uv": [ 60.0, 1.0, 60.5, 1.5 ] },
								"west": { "texture": "#koboldbodytex", "uv": [ 59.5, 1.0, 60.0, 1.5 ] },
								"up": { "texture": "#koboldbodytex", "uv": [ 59.5, 0.5, 60.0, 1.0 ], "rotation": 90 },
								"down": { "texture": "#koboldbodytex", "uv": [ 59.5, 1.5, 60.0, 2.0 ], "rotation": 90 }
							},
							"children": [
								{
									"name": "shine large 1",
									"from": [ -0.01, 0.37, 0.1 ],
									"to": [ 0.09, 0.54, 0.27 ],
									"unwrapMode": 4,
									"uv": [ 52.375, -0.125 ],
									"rotationOrigin": [ 0.03, 0.5, 0.1 ],
									"faces": {
										"north": { "texture": "#koboldbodytex", "uv": [ 52.5, 0.5, 53.0, 1.0 ] },
										"east": { "texture": "#null", "uv": [ 54.0, 0.5, 54.5, 1.0 ], "enabled": false },
										"south": { "texture": "#koboldbodytex", "uv": [ 53.5, 0.5, 54.0, 1.0 ] },
										"west": { "texture": "#koboldbodytex", "uv": [ 53.0, 0.5, 53.5, 1.0 ] },
										"up": { "texture": "#koboldbodytex", "uv": [ 53.0, 0.0, 53.5, 0.5 ], "rotation": 90 },
										"down": { "texture": "#koboldbodytex", "uv": [ 53.0, 1.0, 53.5, 1.5 ], "rotation": 90 }
									}
								},
								{
									"name": "shine small 1",
									"from": [ -0.01, 0.33, 0.05 ],
									"to": [ 0.09, 0.43, 0.15 ],
									"unwrapMode": 4,
									"uv": [ 51.875, 1.0 ],
									"rotationOrigin": [ 0.03, 0.4, 0.1 ],
									"faces": {
										"north": { "texture": "#koboldbodytex", "uv": [ 52.0, 1.5, 52.5, 2.0 ] },
										"east": { "texture": "#null", "uv": [ 53.5, 1.5, 54.0, 2.0 ], "enabled": false },
										"south": { "texture": "#koboldbodytex", "uv": [ 53.0, 1.5, 53.5, 2.0 ] },
										"west": { "texture": "#koboldbodytex", "uv": [ 52.5, 1.5, 53.0, 2.0 ] },
										"up": { "texture": "#koboldbodytex", "uv": [ 52.5, 1.0, 53.0, 1.5 ], "rotation": 90 },
										"down": { "texture": "#koboldbodytex", "uv": [ 52.5, 2.0, 53.0, 2.5 ], "rotation": 90 }
									}
								}
							]
						},
						{
							"name": "R iris2",
							"from": [ -0.02, 0.1, 0.2 ],
							"to": [ 0.08, 0.75, 1.1 ],
							"unwrapMode": 4,
							"uv": [ 58.75, 0.25 ],
							"rotationOrigin": [ 0.0, 0.05, 0.95 ],
							"faces": {
								"north": { "texture": "#koboldbodytex", "uv": [ 59.0, 1.0, 59.5, 1.5 ] },
								"east": { "texture": "#null", "uv": [ 60.5, 1.0, 61.0, 1.5 ], "enabled": false },
								"south": { "texture": "#koboldbodytex", "uv": [ 60.0, 1.0, 60.5, 1.5 ] },
								"west": { "texture": "#koboldbodytex", "uv": [ 59.5, 1.0, 60.0, 1.5 ] },
								"up": { "texture": "#koboldbodytex", "uv": [ 59.5, 0.5, 60.0, 1.0 ], "rotation": 90 },
								"down": { "texture": "#koboldbodytex", "uv": [ 59.5, 1.5, 60.0, 2.0 ], "rotation": 90 }
							}
						}
					]
				},
				{
					"name": "L eye2",
					"from": [ -0.01, 1.75, 2.95 ],
					"to": [ 0.09, 2.75, 4.35 ],
					"autoUnwrap": false,
					"uv": [ 2.0, 5.0 ],
					"rotationOrigin": [ 0.0, 1.75, 3.0 ],
					"rotationX": 2.0,
					"faces": {
						"north": { "texture": "#playermodellib-iris", "uv": [ 3.0, 6.0, 4.0, 7.0 ], "autoUv": false },
						"east": { "texture": "#null", "uv": [ 0.5, 1.0, 1.5, 2.0 ], "enabled": false },
						"south": { "texture": "#playermodellib-iris", "uv": [ 3.0, 5.0, 4.0, 6.0 ] },
						"west": { "texture": "#playermodellib-iris", "uv": [ 2.0, 5.0, 6.0, 8.0 ], "autoUv": false },
						"up": { "texture": "#playermodellib-iris", "uv": [ 2.0, 6.0, 3.0, 6.5 ], "rotation": 90 },
						"down": { "texture": "#playermodellib-iris", "uv": [ 2.0, 5.0, 3.0, 5.5 ], "rotation": 90 }
					},
					"children": [
						{
							"name": "L iris",
							"from": [ -0.03, 0.12, 0.25 ],
							"to": [ 0.07, 0.67, 0.95 ],
							"unwrapMode": 4,
							"uv": [ 58.875, 0.5 ],
							"rotationOrigin": [ 0.0, 0.15, 0.35 ],
							"faces": {
								"north": { "texture": "#koboldbodytex", "uv": [ 59.0, 1.0, 59.5, 1.5 ] },
								"east": { "texture": "#null", "uv": [ 60.5, 1.0, 61.0, 1.5 ], "enabled": false },
								"south": { "texture": "#koboldbodytex", "uv": [ 60.0, 1.0, 60.5, 1.5 ] },
								"west": { "texture": "#koboldbodytex", "uv": [ 59.5, 1.0, 60.0, 1.5 ] },
								"up": { "texture": "#koboldbodytex", "uv": [ 59.5, 0.5, 60.0, 1.0 ], "rotation": 90 },
								"down": { "texture": "#koboldbodytex", "uv": [ 59.5, 1.5, 60.0, 2.0 ], "rotation": 90 }
							},
							"children": [
								{
									"name": "shine small 2",
									"from": [ -0.01, 0.33, 0.07 ],
									"to": [ 0.09, 0.43, 0.17 ],
									"unwrapMode": 4,
									"uv": [ 52.375, 2.5 ],
									"rotationOrigin": [ 0.03, 0.4, 0.3 ],
									"faces": {
										"north": { "texture": "#koboldbodytex", "uv": [ 52.5, 3.0, 53.0, 3.5 ] },
										"east": { "texture": "#null", "uv": [ 54.0, 3.0, 54.5, 3.5 ], "enabled": false },
										"south": { "texture": "#koboldbodytex", "uv": [ 53.5, 3.0, 54.0, 3.5 ] },
										"west": { "texture": "#koboldbodytex", "uv": [ 53.0, 3.0, 53.5, 3.5 ] },
										"up": { "texture": "#koboldbodytex", "uv": [ 53.0, 2.5, 53.5, 3.0 ], "rotation": 90 },
										"down": { "texture": "#koboldbodytex", "uv": [ 53.0, 3.5, 53.5, 4.0 ], "rotation": 90 }
									}
								},
								{
									"name": "shine large 2",
									"from": [ -0.01, 0.37, 0.12 ],
									"to": [ 0.09, 0.54, 0.29 ],
									"unwrapMode": 4,
									"uv": [ 52.0, 1.125 ],
									"rotationOrigin": [ -0.07, 0.5, 0.1 ],
									"faces": {
										"north": { "texture": "#koboldbodytex", "uv": [ 52.0, 2.0, 52.5, 2.5 ] },
										"east": { "texture": "#null", "uv": [ 53.5, 2.0, 54.0, 2.5 ], "enabled": false },
										"south": { "texture": "#koboldbodytex", "uv": [ 53.0, 2.0, 53.5, 2.5 ] },
										"west": { "texture": "#koboldbodytex", "uv": [ 52.5, 2.0, 53.0, 2.5 ] },
										"up": { "texture": "#koboldbodytex", "uv": [ 52.5, 1.0, 53.0, 1.5 ], "rotation": 90 },
										"down": { "texture": "#koboldbodytex", "uv": [ 52.5, 2.5, 53.0, 3.0 ], "rotation": 90 }
									}
								}
							]
						},
						{
							"name": "L iris2",
							"from": [ -0.02, 0.1, 0.1 ],
							"to": [ 0.08, 0.75, 1.0 ],
							"unwrapMode": 4,
							"uv": [ 58.75, 0.375 ],
							"rotationOrigin": [ 0.0, 0.05, 0.05 ],
							"faces": {
								"north": { "texture": "#koboldbodytex", "uv": [ 59.0, 1.0, 59.5, 1.5 ] },
								"east": { "texture": "#null", "uv": [ 60.5, 1.0, 61.0, 1.5 ], "enabled": false },
								"south": { "texture": "#koboldbodytex", "uv": [ 60.0, 1.0, 60.5, 1.5 ] },
								"west": { "texture": "#koboldbodytex", "uv": [ 59.5, 1.0, 60.0, 1.5 ] },
								"up": { "texture": "#koboldbodytex", "uv": [ 59.5, 0.5, 60.0, 1.0 ], "rotation": 90 },
								"down": { "texture": "#koboldbodytex", "uv": [ 59.5, 1.5, 60.0, 2.0 ], "rotation": 90 }
							}
						}
					]
				},
				{
					"name": "R eyebrow 1",
					"from": [ -0.1, 3.0, 1.7 ],
					"to": [ 0.0, 3.3, 2.4 ],
					"unwrapMode": 4,
					"uv": [ 44.25, 0.625 ],
					"rotationOrigin": [ -0.1, 3.0, 2.4 ],
					"rotationX": -14.0,
					"faces": {
						"north": { "texture": "#koboldbodytex", "uv": [ 44.5, 1.5, 45.0, 2.0 ] },
						"east": { "texture": "#null", "uv": [ 46.0, 1.5, 46.5, 2.0 ], "enabled": false },
						"south": { "texture": "#koboldbodytex", "uv": [ 45.5, 1.5, 46.0, 2.0 ] },
						"west": { "texture": "#koboldbodytex", "uv": [ 45.0, 1.5, 45.5, 2.0 ] },
						"up": { "texture": "#koboldbodytex", "uv": [ 45.0, 0.5, 45.5, 1.0 ], "rotation": 90 },
						"down": { "texture": "#koboldbodytex", "uv": [ 45.0, 2.0, 45.5, 2.5 ], "rotation": 90 }
					},
					"children": [
						{
							"name": "R eyebrow 2",
							"from": [ 0.0, 0.05, -0.6 ],
							"to": [ 0.1, 0.27, 0.1 ],
							"unwrapMode": 4,
							"uv": [ 42.625, 0.625 ],
							"rotationOrigin": [ 0.0, 0.05, 0.1 ],
							"rotationX": 3.0,
							"rotationZ": -1.0,
							"faces": {
								"north": { "texture": "#koboldbodytex", "uv": [ 42.5, 1.5, 43.0, 2.0 ] },
								"east": { "texture": "#null", "uv": [ 44.5, 1.5, 45.0, 2.0 ], "enabled": false },
								"south": { "texture": "#koboldbodytex", "uv": [ 44.0, 1.5, 44.5, 2.0 ] },
								"west": { "texture": "#koboldbodytex", "uv": [ 43.5, 1.5, 44.0, 2.0 ] },
								"up": { "texture": "#koboldbodytex", "uv": [ 43.5, 0.5, 44.0, 1.0 ], "rotation": 90 },
								"down": { "texture": "#koboldbodytex", "uv": [ 43.5, 2.0, 44.0, 2.5 ], "rotation": 90 }
							},
							"children": [
								{
									"name": "Cube2",
									"from": [ 0.03, 0.02, -0.4 ],
									"to": [ 0.13, 0.22, 0.1 ],
									"unwrapMode": 4,
									"uv": [ 41.0, 0.875 ],
									"rotationOrigin": [ 0.1, 0.1, 0.1 ],
									"faces": {
										"north": { "texture": "#koboldbodytex", "uv": [ 41.0, 1.5, 41.5, 2.0 ] },
										"east": { "texture": "#null", "uv": [ 42.5, 1.5, 43.0, 2.0 ], "enabled": false },
										"south": { "texture": "#koboldbodytex", "uv": [ 42.0, 1.5, 42.5, 2.0 ] },
										"west": { "texture": "#koboldbodytex", "uv": [ 41.5, 1.5, 42.0, 2.0 ] },
										"up": { "texture": "#koboldbodytex", "uv": [ 41.5, 1.0, 42.0, 1.5 ], "rotation": 90 },
										"down": { "texture": "#koboldbodytex", "uv": [ 41.5, 2.0, 42.0, 2.5 ], "rotation": 90 }
									}
								}
							]
						}
					]
				},
				{
					"name": "L eyebrow 1",
					"from": [ -0.1, 3.0, 2.75 ],
					"to": [ 0.0, 3.3, 3.45 ],
					"unwrapMode": 4,
					"uv": [ 44.375, 2.625 ],
					"rotationOrigin": [ -0.1, 3.0, 2.7 ],
					"rotationX": 14.0,
					"faces": {
						"north": { "texture": "#koboldbodytex", "uv": [ 44.5, 3.5, 45.0, 4.0 ] },
						"east": { "texture": "#null", "uv": [ 46.0, 3.5, 46.5, 4.0 ], "enabled": false },
						"south": { "texture": "#koboldbodytex", "uv": [ 45.5, 3.5, 46.0, 4.0 ] },
						"west": { "texture": "#koboldbodytex", "uv": [ 45.0, 3.5, 45.5, 4.0 ] },
						"up": { "texture": "#koboldbodytex", "uv": [ 45.0, 2.5, 45.5, 3.0 ], "rotation": 90 },
						"down": { "texture": "#koboldbodytex", "uv": [ 45.0, 4.0, 45.5, 4.5 ], "rotation": 90 }
					},
					"children": [
						{
							"name": "L eyebrow 2",
							"from": [ 0.0, 0.05, 0.6 ],
							"to": [ 0.1, 0.27, 1.3 ],
							"unwrapMode": 4,
							"uv": [ 43.0, 2.625 ],
							"rotationOrigin": [ 0.0, 0.05, 0.6 ],
							"rotationX": -3.0,
							"rotationZ": -1.0,
							"faces": {
								"north": { "texture": "#koboldbodytex", "uv": [ 43.0, 3.5, 43.5, 4.0 ] },
								"east": { "texture": "#null", "uv": [ 44.5, 3.5, 45.0, 4.0 ], "enabled": false },
								"south": { "texture": "#koboldbodytex", "uv": [ 44.0, 3.5, 44.5, 4.0 ] },
								"west": { "texture": "#koboldbodytex", "uv": [ 43.5, 3.5, 44.0, 4.0 ] },
								"up": { "texture": "#koboldbodytex", "uv": [ 43.5, 2.5, 44.0, 3.0 ], "rotation": 90 },
								"down": { "texture": "#koboldbodytex", "uv": [ 43.5, 4.0, 44.0, 4.5 ], "rotation": 90 }
							},
							"children": [
								{
									"name": "Cube3",
									"from": [ 0.03, 0.02, 0.6 ],
									"to": [ 0.13, 0.22, 1.1 ],
									"unwrapMode": 4,
									"uv": [ 41.375, 2.875 ],
									"rotationOrigin": [ 0.0, 0.0, 0.6 ],
									"faces": {
										"north": { "texture": "#koboldbodytex", "uv": [ 41.5, 3.5, 42.0, 4.0 ] },
										"east": { "texture": "#null", "uv": [ 43.0, 3.5, 43.5, 4.0 ], "enabled": false },
										"south": { "texture": "#koboldbodytex", "uv": [ 42.5, 3.5, 43.0, 4.0 ] },
										"west": { "texture": "#koboldbodytex", "uv": [ 42.0, 3.5, 42.5, 4.0 ] },
										"up": { "texture": "#koboldbodytex", "uv": [ 42.0, 3.0, 42.5, 3.5 ], "rotation": 90 },
										"down": { "texture": "#koboldbodytex", "uv": [ 42.0, 4.0, 42.5, 4.5 ], "rotation": 90 }
									}
								}
							]
						}
					]
				},
				{
					"name": "eyelid r",
					"from": [ -0.1, 2.65, 0.7 ],
					"to": [ 0.0, 2.82, 2.3 ],
					"unwrapMode": 4,
					"uv": [ 29.5, 2.0 ],
					"rotationOrigin": [ -0.1, 2.8, 2.05 ],
					"rotationX": -3.0,
					"faces": {
						"north": { "texture": "#koboldbodytex", "uv": [ 29.5, 2.5, 30.0, 3.0 ] },
						"east": { "texture": "#null", "uv": [ 32.0, 2.5, 33.5, 3.0 ], "enabled": false },
						"south": { "texture": "#koboldbodytex", "uv": [ 31.5, 2.5, 32.0, 3.0 ] },
						"west": { "texture": "#koboldbodytex", "uv": [ 30.0, 2.5, 31.5, 3.0 ] },
						"up": { "texture": "#koboldbodytex", "uv": [ 30.0, 2.0, 31.5, 2.5 ], "rotation": 90 },
						"down": { "texture": "#koboldbodytex", "uv": [ 30.0, 3.0, 31.5, 3.5 ], "rotation": 90 }
					}
				},
				{
					"name": "eyelid l",
					"from": [ -0.1, 2.65, 2.85 ],
					"to": [ 0.0, 2.82, 4.45 ],
					"unwrapMode": 4,
					"uv": [ 29.0, 2.5 ],
					"rotationOrigin": [ -0.1, 2.7, 3.0 ],
					"rotationX": 3.0,
					"faces": {
						"north": { "texture": "#koboldbodytex", "uv": [ 29.0, 3.0, 29.5, 3.5 ] },
						"east": { "texture": "#null", "uv": [ 31.5, 3.0, 33.0, 3.5 ], "enabled": false },
						"south": { "texture": "#koboldbodytex", "uv": [ 31.0, 3.0, 31.5, 3.5 ] },
						"west": { "texture": "#koboldbodytex", "uv": [ 29.5, 3.0, 31.0, 3.5 ] },
						"up": { "texture": "#koboldbodytex", "uv": [ 29.5, 2.5, 31.0, 3.0 ], "rotation": 90 },
						"down": { "texture": "#koboldbodytex", "uv": [ 29.5, 3.5, 31.0, 4.0 ], "rotation": 90 }
					}
				},
				{
					"name": "eyelid r2",
					"from": [ -0.1, 1.72, 0.8 ],
					"to": [ 0.0, 1.79, 2.35 ],
					"unwrapMode": 4,
					"uv": [ 29.0, 1.0 ],
					"rotationOrigin": [ -0.1, 1.7, 2.15 ],
					"rotationX": -2.0,
					"faces": {
						"north": { "texture": "#koboldbodytex", "uv": [ 29.0, 1.5, 29.5, 2.0 ] },
						"east": { "texture": "#null", "uv": [ 31.5, 1.5, 33.0, 2.0 ], "enabled": false },
						"south": { "texture": "#koboldbodytex", "uv": [ 31.0, 1.5, 31.5, 2.0 ] },
						"west": { "texture": "#koboldbodytex", "uv": [ 29.5, 1.5, 31.0, 2.0 ] },
						"up": { "texture": "#koboldbodytex", "uv": [ 29.5, 1.0, 31.0, 1.5 ], "rotation": 90 },
						"down": { "texture": "#koboldbodytex", "uv": [ 29.5, 2.0, 31.0, 2.5 ], "rotation": 90 }
					}
				},
				{
					"name": "eyelid l2",
					"from": [ -0.1, 1.72, 2.9 ],
					"to": [ 0.0, 1.79, 4.35 ],
					"unwrapMode": 4,
					"uv": [ 30.0, 1.0 ],
					"rotationOrigin": [ -0.1, 1.7, 2.9 ],
					"rotationX": 2.0,
					"faces": {
						"north": { "texture": "#koboldbodytex", "uv": [ 30.0, 1.5, 30.5, 2.0 ] },
						"east": { "texture": "#null", "uv": [ 32.0, 1.5, 33.0, 2.0 ], "enabled": false },
						"south": { "texture": "#koboldbodytex", "uv": [ 31.5, 1.5, 32.0, 2.0 ] },
						"west": { "texture": "#koboldbodytex", "uv": [ 30.5, 1.5, 31.5, 2.0 ] },
						"up": { "texture": "#koboldbodytex", "uv": [ 30.5, 1.0, 31.5, 1.5 ], "rotation": 90 },
						"down": { "texture": "#koboldbodytex", "uv": [ 30.5, 2.0, 31.5, 2.5 ], "rotation": 90 }
					}
				}
			],
			"attachmentpoints": [
				{
					"code": "Eyes",
					"posX": "1.3","posY": "3.5","posZ": "2.5",
					"rotationX": "0.0","rotationY": "-90.0","rotationZ": "0.0"
				}
			]
		},
		{
			"name": "Snout",
			"stepParentName": "Head",
			"from": [ -2.6, 0.0, 1.0 ],
			"to": [ 0.0, 2.0, 4.0 ],
			"unwrapRotation": 1,
			"autoUnwrap": false,
			"uv": [ 16.5, 5.5 ],
			"rotationOrigin": [ 0.0, 1.0, 2.5 ],
			"faces": {
				"north": { "texture": "#koboldbodytex", "uv": [ 45.5, 31.5, 48.0, 33.5 ], "windMode": [-1,-1,-1,-1], "windData": [1,1,1,1] },
				"east": { "texture": "#koboldbodytex", "uv": [ 21.0, 6.5, 24.0, 8.5 ], "windMode": [-1,-1,-1,-1], "windData": [1,1,1,1], "enabled": false },
				"south": { "texture": "#koboldbodytex", "uv": [ 48.0, 31.5, 50.5, 33.5 ], "windMode": [-1,-1,-1,-1], "windData": [1,1,1,1] },
				"west": { "texture": "#koboldbodytex", "uv": [ 50.5, 31.5, 53.5, 33.5 ], "windMode": [-1,-1,-1,-1], "windData": [1,1,1,1] },
				"up": { "texture": "#koboldbodytex", "uv": [ 45.5, 29.0, 48.5, 31.5 ], "rotation": 90, "windMode": [-1,-1,-1,-1], "windData": [1,1,1,1] },
				"down": { "texture": "#koboldbodytex", "uv": [ 48.5, 29.0, 51.5, 31.5 ], "rotation": 90, "windMode": [-1,-1,-1,-1], "windData": [1,1,1,1] }
			},
			"children": [
				{
					"name": "Jaw",
					"from": [ 0.6, -0.4, 0.1 ],
					"to": [ 4.6, 0.6, 2.9 ],
					"autoUnwrap": false,
					"uv": [ 35.0, 10.0 ],
					"rotationOrigin": [ 4.6, 0.6, 1.5 ],
					"rotationZ": 6.0,
					"faces": {
						"north": { "texture": "#koboldbodytex", "uv": [ 45.5, 36.0, 49.5, 37.0 ], "windMode": [-1,-1,-1,-1], "windData": [1,1,1,1] },
						"east": { "texture": "#koboldbodytex", "uv": [ 49.5, 36.0, 52.0, 37.0 ], "windMode": [-1,-1,-1,-1], "windData": [1,1,1,1] },
						"south": { "texture": "#koboldbodytex", "uv": [ 52.0, 36.0, 56.0, 37.0 ], "windMode": [-1,-1,-1,-1], "windData": [1,1,1,1] },
						"west": { "texture": "#koboldbodytex", "uv": [ 56.0, 36.0, 58.5, 37.0 ], "windMode": [-1,-1,-1,-1], "windData": [1,1,1,1] },
						"up": { "texture": "#koboldbodytex", "uv": [ 45.5, 33.5, 49.5, 36.0 ], "windMode": [-1,-1,-1,-1], "windData": [1,1,1,1] },
						"down": { "texture": "#koboldbodytex", "uv": [ 49.5, 33.5, 53.5, 36.0 ], "windMode": [-1,-1,-1,-1], "windData": [1,1,1,1] }
					},
					"children": [
						{
							"name": "mouth",
							"from": [ -0.06, 0.633, 0.0 ],
							"to": [ 0.04, 1.033, 2.8 ],
							"unwrapMode": 4,
							"uv": [ 60.25, 2.25 ],
							"rotationOrigin": [ -0.0612, 0.633, 0.5 ],
							"rotationZ": -6.0,
							"faces": {
								"north": { "texture": "#koboldbodytex", "uv": [ 60.5, 3.0, 61.0, 3.5 ] },
								"east": { "texture": "#null", "uv": [ 64.0, 3.0, 66.5, 3.5 ], "enabled": false },
								"south": { "texture": "#koboldbodytex", "uv": [ 63.5, 3.0, 64.0, 3.5 ] },
								"west": { "texture": "#koboldbodytex", "uv": [ 61.0, 3.0, 63.5, 3.5 ] },
								"up": { "texture": "#koboldbodytex", "uv": [ 61.0, 2.5, 63.5, 3.0 ], "rotation": 90 },
								"down": { "texture": "#koboldbodytex", "uv": [ 61.0, 3.5, 63.5, 4.0 ], "rotation": 90 }
							}
						},
						{
							"name": "mouth L",
							"from": [ -0.02, 0.61, -0.05 ],
							"to": [ 0.98, 1.01, 0.05 ],
							"unwrapMode": 4,
							"uv": [ 61.25, 1.0 ],
							"rotationOrigin": [ -0.0207, 0.5282, 0.7 ],
							"faces": {
								"north": { "texture": "#koboldbodytex", "uv": [ 61.5, 2.0, 62.5, 2.5 ] },
								"east": { "texture": "#null", "uv": [ 64.0, 2.0, 64.5, 2.5 ], "enabled": false },
								"south": { "texture": "#koboldbodytex", "uv": [ 63.0, 2.0, 64.0, 2.5 ] },
								"west": { "texture": "#koboldbodytex", "uv": [ 62.5, 2.0, 63.0, 2.5 ] },
								"up": { "texture": "#koboldbodytex", "uv": [ 62.5, 1.0, 63.0, 2.0 ], "rotation": 90 },
								"down": { "texture": "#koboldbodytex", "uv": [ 62.5, 2.5, 63.0, 3.5 ], "rotation": 90 }
							}
						},
						{
							"name": "mouth R",
							"from": [ -0.02, 0.61, 2.75 ],
							"to": [ 0.98, 1.01, 2.85 ],
							"unwrapMode": 4,
							"uv": [ 61.25, 1.5 ],
							"rotationOrigin": [ -0.0207, 0.5282, 3.5 ],
							"faces": {
								"north": { "texture": "#koboldbodytex", "uv": [ 61.5, 2.5, 62.5, 3.0 ] },
								"east": { "texture": "#null", "uv": [ 64.0, 2.5, 64.5, 3.0 ], "enabled": false },
								"south": { "texture": "#koboldbodytex", "uv": [ 63.0, 2.5, 64.0, 3.0 ] },
								"west": { "texture": "#koboldbodytex", "uv": [ 62.5, 2.5, 63.0, 3.0 ] },
								"up": { "texture": "#koboldbodytex", "uv": [ 62.5, 1.5, 63.0, 2.5 ], "rotation": 90 },
								"down": { "texture": "#koboldbodytex", "uv": [ 62.5, 3.0, 63.0, 4.0 ], "rotation": 90 }
							}
						},
						{
							"name": "mouth R2",
							"from": [ 0.8, 0.6, 2.76 ],
							"to": [ 1.4, 1.0, 2.86 ],
							"unwrapMode": 4,
							"uv": [ 61.75, 1.5 ],
							"rotationOrigin": [ 0.8, 0.6, 2.76 ],
							"rotationZ": -17.0,
							"faces": {
								"north": { "texture": "#koboldbodytex", "uv": [ 62.0, 2.0, 62.5, 2.5 ] },
								"east": { "texture": "#null", "uv": [ 63.5, 2.0, 64.0, 2.5 ], "enabled": false },
								"south": { "texture": "#koboldbodytex", "uv": [ 63.0, 2.0, 63.5, 2.5 ] },
								"west": { "texture": "#koboldbodytex", "uv": [ 62.5, 2.0, 63.0, 2.5 ] },
								"up": { "texture": "#koboldbodytex", "uv": [ 62.5, 1.5, 63.0, 2.0 ], "rotation": 90 },
								"down": { "texture": "#koboldbodytex", "uv": [ 62.5, 2.5, 63.0, 3.0 ], "rotation": 90 }
							}
						},
						{
							"name": "mouth L2",
							"from": [ 0.8, 0.6, -0.06 ],
							"to": [ 1.4, 1.0, 0.04 ],
							"unwrapMode": 4,
							"uv": [ 61.75, 1.5 ],
							"rotationOrigin": [ 0.8, 0.6, 1.76 ],
							"rotationZ": -17.0,
							"faces": {
								"north": { "texture": "#koboldbodytex", "uv": [ 62.0, 2.0, 62.5, 2.5 ] },
								"east": { "texture": "#null", "uv": [ 63.5, 2.0, 64.0, 2.5 ], "enabled": false },
								"south": { "texture": "#koboldbodytex", "uv": [ 63.0, 2.0, 63.5, 2.5 ] },
								"west": { "texture": "#koboldbodytex", "uv": [ 62.5, 2.0, 63.0, 2.5 ] },
								"up": { "texture": "#koboldbodytex", "uv": [ 62.5, 1.5, 63.0, 2.0 ], "rotation": 90 },
								"down": { "texture": "#koboldbodytex", "uv": [ 62.5, 2.5, 63.0, 3.0 ], "rotation": 90 }
							}
						}
					]
				}
			]
		}
	],
	"animations": [
		{
			"name": "Eat",
			"code": "eat",
			"quantityframes": 30,
			"onActivityStopped": "EaseOut",
			"onAnimationEnd": "EaseOut",
			"keyframes": [
				{
					"frame": 5,
					"elements": {
						"Jaw": { "rotationX": 0.0, "rotationY": 0.0, "rotationZ": 8.0 }
					}
				},
				{
					"frame": 9,
					"elements": {
						"Jaw": { "rotationX": 0.0, "rotationY": 0.0, "rotationZ": -3.0 }
					}
				},
				{
					"frame": 12,
					"elements": {
						"Jaw": { "rotationX": 0.0, "rotationY": 0.0, "rotationZ": 0.0 }
					}
				},
				{
					"frame": 16,
					"elements": {
						"Jaw": { "rotationX": 0.0, "rotationY": 0.0, "rotationZ": 6.0 }
					}
				},
				{
					"frame": 20,
					"elements": {
						"Jaw": { "rotationX": 0.0, "rotationY": 0.0, "rotationZ": 0.0 }
					}
				}
			]
		},

		{
			"name": "Bowl Eat",
			"code": "bowleat",
			"quantityframes": 30,
			"onActivityStopped": "PlayTillEnd",
			"onAnimationEnd": "EaseOut",
			"keyframes": [
				{
					"frame": 5,
					"elements": {
						"Jaw": { "rotationX": 0.0, "rotationY": 0.0, "rotationZ": 7.0 }
					}
				},
				{
					"frame": 9,
					"elements": {
						"Jaw": { "rotationX": 0.0, "rotationY": 0.0, "rotationZ": -1.0 }
					}
				},
				{
					"frame": 12,
					"elements": {
						"Jaw": { "rotationX": 0.0, "rotationY": 0.0, "rotationZ": 7.0 }
					}
				},
				{
					"frame": 16,
					"elements": {
						"Jaw": { "rotationX": 0.0, "rotationY": 0.0, "rotationZ": 0.0 }
					}
				}
			]
		},

		{
			"name": "Drink",
			"code": "drink",
			"quantityframes": 40,
			"onActivityStopped": "EaseOut",
			"onAnimationEnd": "EaseOut",
			"keyframes": [
				{
					"frame": 14,
					"elements": {
						"Jaw": { "rotationX": 0.0, "rotationY": 0.0, "rotationZ": 5.0 }
					}
				},
				{
					"frame": 28,
					"elements": {
						"Jaw": { "rotationX": 0.0, "rotationY": 0.0, "rotationZ": 0.0 }
					}
				}
			]
		}
	]
}