{
	"editor": {
		"backDropShape": "C:/Users/Cal/AppData/Roaming/VintagestoryData/Mods/koboldplayerrdx_1.2.5/assets/koboldrdx/shapes/entity/humanoid/kobold-faceless",
		"collapsedPaths": "",
		"allAngles": true,
		"entityTextureMode": true
	},
	"textureWidth": 32,
	"textureHeight": 76,
	"textureSizes": {
		"koboldbodytex": [64,64],
		"playermodellib-iris": [8,8],
		"flesh": [32,32]
	},
	"textures": {
		"koboldbodytex": "koboldrdx:entity/humanoid/koboldbodytex",
		"playermodellib-iris": "payermodellib:eyes/topaz",
		"flesh": "entity/humanoid/flesh"
	},
	"elements": [
		{
			"name": "eyesroot",
			"stepParentName": "Head",
			"from": [ 0.0, 0.2, 0.0 ],
			"to": [ 5.5, 5.2, 5.0 ],
			"unwrapMode": 4,
			"uv": [ 0.0, 0.0 ],
			"rotationOrigin": [ 0.0, 0.2, 0.0 ],
			"faces": {
				"north": { "texture": "#null", "uv": [ 0.0, 0.0, 5.5, 5.0 ], "enabled": false },
				"east": { "texture": "#null", "uv": [ 0.0, 0.0, 5.0, 5.0 ], "enabled": false },
				"south": { "texture": "#null", "uv": [ 0.0, 0.0, 5.5, 5.0 ], "enabled": false },
				"west": { "texture": "#null", "uv": [ 0.0, 0.0, 5.0, 5.0 ], "enabled": false },
				"up": { "texture": "#null", "uv": [ 0.0, 0.0, 5.0, 5.5 ], "rotation": 90, "enabled": false },
				"down": { "texture": "#null", "uv": [ 0.0, 5.0, 5.0, 10.5 ], "rotation": 90, "enabled": false }
			},
			"children": [
				{
					"name": "R eye",
					"from": [ -0.01, 1.75, 0.8 ],
					"to": [ 0.09, 2.75, 2.3 ],
					"autoUnwrap": false,
					"uv": [ 2.0, 0.0 ],
					"rotationOrigin": [ 0.0, 1.75, 2.0 ],
					"rotationX": 2.0,
					"faces": {
						"north": { "texture": "#playermodellib-iris", "uv": [ 2.0, 1.0, 3.0, 2.0 ] },
						"east": { "texture": "#null", "uv": [ 0.5, 1.0, 2.0, 2.0 ], "enabled": false },
						"south": { "texture": "#playermodellib-iris", "uv": [ 3.0, 1.0, 4.0, 2.0 ], "autoUv": false },
						"west": { "texture": "#playermodellib-iris", "uv": [ 2.0, 0.0, 6.0, 3.0 ], "autoUv": false },
						"up": { "texture": "#playermodellib-iris", "uv": [ 2.0, 0.0, 3.5, 0.5 ], "rotation": 90 },
						"down": { "texture": "#playermodellib-iris", "uv": [ 3.0, 0.0, 4.5, 0.5 ], "rotation": 90 }
					},
					"children": [
						{
							"name": "R iris",
							"from": [ -0.03, 0.17, 0.45 ],
							"to": [ 0.07, 0.72, 1.15 ],
							"unwrapMode": 4,
							"uv": [ 58.625, 0.5 ],
							"rotationOrigin": [ 0.0, 0.15, 1.15 ],
							"faces": {
								"north": { "texture": "#koboldbodytex", "uv": [ 58.5, 1.0, 59.0, 1.5 ] },
								"east": { "texture": "#null", "uv": [ 60.5, 1.0, 61.0, 1.5 ], "enabled": false },
								"south": { "texture": "#koboldbodytex", "uv": [ 60.0, 1.0, 60.5, 1.5 ] },
								"west": { "texture": "#koboldbodytex", "uv": [ 59.5, 1.0, 60.0, 1.5 ] },
								"up": { "texture": "#koboldbodytex", "uv": [ 59.5, 0.5, 60.0, 1.0 ], "rotation": 90 },
								"down": { "texture": "#koboldbodytex", "uv": [ 59.5, 1.5, 60.0, 2.0 ], "rotation": 90 }
							},
							"children": [
								{
									"name": "shine large 1",
									"from": [ -0.01, 0.37, 0.1 ],
									"to": [ 0.09, 0.54, 0.27 ],
									"unwrapMode": 4,
									"uv": [ 52.375, -0.125 ],
									"rotationOrigin": [ 0.03, 0.5, 0.1 ],
									"faces": {
										"north": { "texture": "#koboldbodytex", "uv": [ 52.5, 0.5, 53.0, 1.0 ] },
										"east": { "texture": "#null", "uv": [ 54.0, 0.5, 54.5, 1.0 ], "enabled": false },
										"south": { "texture": "#koboldbodytex", "uv": [ 53.5, 0.5, 54.0, 1.0 ] },
										"west": { "texture": "#koboldbodytex", "uv": [ 53.0, 0.5, 53.5, 1.0 ] },
										"up": { "texture": "#koboldbodytex", "uv": [ 53.0, 0.0, 53.5, 0.5 ], "rotation": 90 },
										"down": { "texture": "#koboldbodytex", "uv": [ 53.0, 1.0, 53.5, 1.5 ], "rotation": 90 }
									}
								},
								{
									"name": "shine small 1",
									"from": [ -0.01, 0.33, 0.05 ],
									"to": [ 0.09, 0.43, 0.15 ],
									"unwrapMode": 4,
									"uv": [ 51.875, 1.0 ],
									"rotationOrigin": [ 0.03, 0.4, 0.1 ],
									"faces": {
										"north": { "texture": "#koboldbodytex", "uv": [ 52.0, 1.5, 52.5, 2.0 ] },
										"east": { "texture": "#null", "uv": [ 53.5, 1.5, 54.0, 2.0 ], "enabled": false },
										"south": { "texture": "#koboldbodytex", "uv": [ 53.0, 1.5, 53.5, 2.0 ] },
										"west": { "texture": "#koboldbodytex", "uv": [ 52.5, 1.5, 53.0, 2.0 ] },
										"up": { "texture": "#koboldbodytex", "uv": [ 52.5, 1.0, 53.0, 1.5 ], "rotation": 90 },
										"down": { "texture": "#koboldbodytex", "uv": [ 52.5, 2.0, 53.0, 2.5 ], "rotation": 90 }
									}
								}
							]
						},
						{
							"name": "R iris2",
							"from": [ -0.02, 0.15, 0.35 ],
							"to": [ 0.08, 0.8, 1.25 ],
							"unwrapMode": 4,
							"uv": [ 31.25, -0.25 ],
							"rotationOrigin": [ 0.0, 0.05, 1.05 ],
							"faces": {
								"north": { "texture": "#koboldbodytex", "uv": [ 39.0, 3.0, 39.5, 3.5 ] },
								"east": { "texture": "#null", "uv": [ 40.5, 3.0, 41.0, 3.5 ], "enabled": false },
								"south": { "texture": "#koboldbodytex", "uv": [ 40.0, 3.0, 40.5, 3.5 ] },
								"west": { "texture": "#koboldbodytex", "uv": [ 39.5, 3.0, 40.0, 3.5 ] },
								"up": { "texture": "#koboldbodytex", "uv": [ 39.5, 2.5, 40.0, 3.0 ], "rotation": 90 },
								"down": { "texture": "#koboldbodytex", "uv": [ 39.5, 3.5, 40.0, 4.0 ], "rotation": 90 }
							}
						}
					]
				},
				{
					"name": "L eye2",
					"from": [ -0.01, 1.75, 2.95 ],
					"to": [ 0.09, 2.75, 4.35 ],
					"autoUnwrap": false,
					"uv": [ 2.0, 5.0 ],
					"rotationOrigin": [ 0.0, 1.75, 3.0 ],
					"rotationX": -1.0,
					"faces": {
						"north": { "texture": "#playermodellib-iris", "uv": [ 3.0, 6.0, 4.0, 7.0 ], "autoUv": false },
						"east": { "texture": "#null", "uv": [ 0.5, 1.0, 1.5, 2.0 ], "enabled": false },
						"south": { "texture": "#playermodellib-iris", "uv": [ 3.0, 5.0, 4.0, 6.0 ] },
						"west": { "texture": "#playermodellib-iris", "uv": [ 2.0, 5.0, 6.0, 8.0 ], "autoUv": false },
						"up": { "texture": "#playermodellib-iris", "uv": [ 2.0, 6.0, 3.0, 6.5 ], "rotation": 90 },
						"down": { "texture": "#playermodellib-iris", "uv": [ 2.0, 5.0, 3.0, 5.5 ], "rotation": 90 }
					},
					"children": [
						{
							"name": "L iris",
							"from": [ -0.03, 0.17, 0.25 ],
							"to": [ 0.07, 0.72, 0.95 ],
							"unwrapMode": 4,
							"uv": [ 58.875, 0.5 ],
							"rotationOrigin": [ 0.0, 0.15, 0.45 ],
							"faces": {
								"north": { "texture": "#koboldbodytex", "uv": [ 59.0, 1.0, 59.5, 1.5 ] },
								"east": { "texture": "#null", "uv": [ 60.5, 1.0, 61.0, 1.5 ], "enabled": false },
								"south": { "texture": "#koboldbodytex", "uv": [ 60.0, 1.0, 60.5, 1.5 ] },
								"west": { "texture": "#koboldbodytex", "uv": [ 59.5, 1.0, 60.0, 1.5 ] },
								"up": { "texture": "#koboldbodytex", "uv": [ 59.5, 0.5, 60.0, 1.0 ], "rotation": 90 },
								"down": { "texture": "#koboldbodytex", "uv": [ 59.5, 1.5, 60.0, 2.0 ], "rotation": 90 }
							},
							"children": [
								{
									"name": "shine small 2",
									"from": [ -0.01, 0.33, 0.07 ],
									"to": [ 0.09, 0.43, 0.17 ],
									"unwrapMode": 4,
									"uv": [ 52.375, 2.5 ],
									"rotationOrigin": [ 0.03, 0.4, 0.3 ],
									"faces": {
										"north": { "texture": "#koboldbodytex", "uv": [ 52.5, 3.0, 53.0, 3.5 ] },
										"east": { "texture": "#null", "uv": [ 54.0, 3.0, 54.5, 3.5 ], "enabled": false },
										"south": { "texture": "#koboldbodytex", "uv": [ 53.5, 3.0, 54.0, 3.5 ] },
										"west": { "texture": "#koboldbodytex", "uv": [ 53.0, 3.0, 53.5, 3.5 ] },
										"up": { "texture": "#koboldbodytex", "uv": [ 53.0, 2.5, 53.5, 3.0 ], "rotation": 90 },
										"down": { "texture": "#koboldbodytex", "uv": [ 53.0, 3.5, 53.5, 4.0 ], "rotation": 90 }
									}
								},
								{
									"name": "shine large 2",
									"from": [ -0.01, 0.37, 0.12 ],
									"to": [ 0.09, 0.54, 0.29 ],
									"unwrapMode": 4,
									"uv": [ 52.0, 1.125 ],
									"rotationOrigin": [ -0.07, 0.5, 0.1 ],
									"faces": {
										"north": { "texture": "#koboldbodytex", "uv": [ 52.0, 2.0, 52.5, 2.5 ] },
										"east": { "texture": "#null", "uv": [ 53.5, 2.0, 54.0, 2.5 ], "enabled": false },
										"south": { "texture": "#koboldbodytex", "uv": [ 53.0, 2.0, 53.5, 2.5 ] },
										"west": { "texture": "#koboldbodytex", "uv": [ 52.5, 2.0, 53.0, 2.5 ] },
										"up": { "texture": "#koboldbodytex", "uv": [ 52.5, 1.0, 53.0, 1.5 ], "rotation": 90 },
										"down": { "texture": "#koboldbodytex", "uv": [ 52.5, 2.5, 53.0, 3.0 ], "rotation": 90 }
									}
								}
							]
						},
						{
							"name": "L iris2",
							"from": [ -0.02, 0.15, 0.15 ],
							"to": [ 0.08, 0.8, 1.05 ],
							"unwrapMode": 4,
							"uv": [ 38.25, 0.875 ],
							"rotationOrigin": [ 0.0, 0.05, 0.15 ],
							"faces": {
								"north": { "texture": "#koboldbodytex", "uv": [ 39.0, 3.0, 39.5, 3.5 ] },
								"east": { "texture": "#null", "uv": [ 40.5, 3.0, 41.0, 3.5 ], "enabled": false },
								"south": { "texture": "#koboldbodytex", "uv": [ 40.0, 3.0, 40.5, 3.5 ] },
								"west": { "texture": "#koboldbodytex", "uv": [ 39.5, 3.0, 40.0, 3.5 ] },
								"up": { "texture": "#koboldbodytex", "uv": [ 39.5, 2.5, 40.0, 3.0 ], "rotation": 90 },
								"down": { "texture": "#koboldbodytex", "uv": [ 39.5, 3.5, 40.0, 4.0 ], "rotation": 90 }
							}
						}
					]
				},
				{
					"name": "R eyebrow 1",
					"from": [ -0.1, 3.05, 1.5 ],
					"to": [ 0.0, 3.35, 2.2 ],
					"unwrapMode": 4,
					"uv": [ 44.25, 0.625 ],
					"rotationOrigin": [ -0.1, 3.0, 2.2 ],
					"rotationX": -6.0,
					"faces": {
						"north": { "texture": "#koboldbodytex", "uv": [ 44.5, 1.5, 45.0, 2.0 ] },
						"east": { "texture": "#null", "uv": [ 46.0, 1.5, 46.5, 2.0 ], "enabled": false },
						"south": { "texture": "#koboldbodytex", "uv": [ 45.5, 1.5, 46.0, 2.0 ] },
						"west": { "texture": "#koboldbodytex", "uv": [ 45.0, 1.5, 45.5, 2.0 ] },
						"up": { "texture": "#koboldbodytex", "uv": [ 45.0, 0.5, 45.5, 1.0 ], "rotation": 90 },
						"down": { "texture": "#koboldbodytex", "uv": [ 45.0, 2.0, 45.5, 2.5 ], "rotation": 90 }
					},
					"children": [
						{
							"name": "R eyebrow 2",
							"from": [ 0.0, 0.05, -0.6 ],
							"to": [ 0.1, 0.27, 0.1 ],
							"unwrapMode": 4,
							"uv": [ 42.625, 0.625 ],
							"rotationOrigin": [ 0.0, 0.05, 0.1 ],
							"rotationX": -4.0,
							"rotationZ": -1.0,
							"faces": {
								"north": { "texture": "#koboldbodytex", "uv": [ 42.5, 1.5, 43.0, 2.0 ] },
								"east": { "texture": "#null", "uv": [ 44.5, 1.5, 45.0, 2.0 ], "enabled": false },
								"south": { "texture": "#koboldbodytex", "uv": [ 44.0, 1.5, 44.5, 2.0 ] },
								"west": { "texture": "#koboldbodytex", "uv": [ 43.5, 1.5, 44.0, 2.0 ] },
								"up": { "texture": "#koboldbodytex", "uv": [ 43.5, 0.5, 44.0, 1.0 ], "rotation": 90 },
								"down": { "texture": "#koboldbodytex", "uv": [ 43.5, 2.0, 44.0, 2.5 ], "rotation": 90 }
							},
							"children": [
								{
									"name": "Cube2",
									"from": [ 0.03, 0.02, -0.4 ],
									"to": [ 0.13, 0.22, 0.1 ],
									"unwrapMode": 4,
									"uv": [ 41.0, 0.875 ],
									"rotationOrigin": [ 0.1, 0.1, 0.1 ],
									"faces": {
										"north": { "texture": "#koboldbodytex", "uv": [ 41.0, 1.5, 41.5, 2.0 ] },
										"east": { "texture": "#null", "uv": [ 42.5, 1.5, 43.0, 2.0 ], "enabled": false },
										"south": { "texture": "#koboldbodytex", "uv": [ 42.0, 1.5, 42.5, 2.0 ] },
										"west": { "texture": "#koboldbodytex", "uv": [ 41.5, 1.5, 42.0, 2.0 ] },
										"up": { "texture": "#koboldbodytex", "uv": [ 41.5, 1.0, 42.0, 1.5 ], "rotation": 90 },
										"down": { "texture": "#koboldbodytex", "uv": [ 41.5, 2.0, 42.0, 2.5 ], "rotation": 90 }
									}
								}
							]
						}
					]
				},
				{
					"name": "L eyebrow 1",
					"from": [ -0.1, 3.05, 2.95 ],
					"to": [ 0.0, 3.35, 3.65 ],
					"unwrapMode": 4,
					"uv": [ 44.375, 2.625 ],
					"rotationOrigin": [ -0.1, 3.0, 2.9 ],
					"rotationX": 6.0,
					"faces": {
						"north": { "texture": "#koboldbodytex", "uv": [ 44.5, 3.5, 45.0, 4.0 ] },
						"east": { "texture": "#null", "uv": [ 46.0, 3.5, 46.5, 4.0 ], "enabled": false },
						"south": { "texture": "#koboldbodytex", "uv": [ 45.5, 3.5, 46.0, 4.0 ] },
						"west": { "texture": "#koboldbodytex", "uv": [ 45.0, 3.5, 45.5, 4.0 ] },
						"up": { "texture": "#koboldbodytex", "uv": [ 45.0, 2.5, 45.5, 3.0 ], "rotation": 90 },
						"down": { "texture": "#koboldbodytex", "uv": [ 45.0, 4.0, 45.5, 4.5 ], "rotation": 90 }
					},
					"children": [
						{
							"name": "L eyebrow 2",
							"from": [ 0.0, 0.05, 0.6 ],
							"to": [ 0.1, 0.27, 1.3 ],
							"unwrapMode": 4,
							"uv": [ 43.0, 2.625 ],
							"rotationOrigin": [ 0.0, 0.05, 0.6 ],
							"rotationX": 5.0,
							"rotationZ": -1.0,
							"faces": {
								"north": { "texture": "#koboldbodytex", "uv": [ 43.0, 3.5, 43.5, 4.0 ] },
								"east": { "texture": "#null", "uv": [ 44.5, 3.5, 45.0, 4.0 ], "enabled": false },
								"south": { "texture": "#koboldbodytex", "uv": [ 44.0, 3.5, 44.5, 4.0 ] },
								"west": { "texture": "#koboldbodytex", "uv": [ 43.5, 3.5, 44.0, 4.0 ] },
								"up": { "texture": "#koboldbodytex", "uv": [ 43.5, 2.5, 44.0, 3.0 ], "rotation": 90 },
								"down": { "texture": "#koboldbodytex", "uv": [ 43.5, 4.0, 44.0, 4.5 ], "rotation": 90 }
							},
							"children": [
								{
									"name": "Cube3",
									"from": [ 0.03, 0.02, 0.6 ],
									"to": [ 0.13, 0.22, 1.1 ],
									"unwrapMode": 4,
									"uv": [ 41.375, 2.875 ],
									"rotationOrigin": [ 0.0, 0.0, 0.6 ],
									"faces": {
										"north": { "texture": "#koboldbodytex", "uv": [ 41.5, 3.5, 42.0, 4.0 ] },
										"east": { "texture": "#null", "uv": [ 43.0, 3.5, 43.5, 4.0 ], "enabled": false },
										"south": { "texture": "#koboldbodytex", "uv": [ 42.5, 3.5, 43.0, 4.0 ] },
										"west": { "texture": "#koboldbodytex", "uv": [ 42.0, 3.5, 42.5, 4.0 ] },
										"up": { "texture": "#koboldbodytex", "uv": [ 42.0, 3.0, 42.5, 3.5 ], "rotation": 90 },
										"down": { "texture": "#koboldbodytex", "uv": [ 42.0, 4.0, 42.5, 4.5 ], "rotation": 90 }
									}
								}
							]
						}
					]
				},
				{
					"name": "eyelid r",
					"from": [ -0.1, 2.65, 0.8 ],
					"to": [ 0.0, 2.92, 2.3 ],
					"unwrapMode": 4,
					"uv": [ 30.5, 1.0 ],
					"rotationOrigin": [ -0.1, 2.8, 2.15 ],
					"rotationX": 3.0,
					"faces": {
						"north": { "texture": "#koboldbodytex", "uv": [ 30.5, 1.5, 31.0, 2.0 ] },
						"east": { "texture": "#null", "uv": [ 33.0, 1.5, 34.5, 2.0 ], "enabled": false },
						"south": { "texture": "#koboldbodytex", "uv": [ 32.5, 1.5, 33.0, 2.0 ] },
						"west": { "texture": "#koboldbodytex", "uv": [ 31.0, 1.5, 32.5, 2.0 ] },
						"up": { "texture": "#koboldbodytex", "uv": [ 31.0, 1.0, 32.5, 1.5 ], "rotation": 90 },
						"down": { "texture": "#koboldbodytex", "uv": [ 31.0, 2.0, 32.5, 2.5 ], "rotation": 90 }
					}
				},
				{
					"name": "eyelid l",
					"from": [ -0.1, 2.65, 2.85 ],
					"to": [ 0.0, 2.92, 4.35 ],
					"unwrapMode": 4,
					"uv": [ 29.5, 1.5 ],
					"rotationOrigin": [ -0.1, 2.7, 3.0 ],
					"rotationX": -3.0,
					"faces": {
						"north": { "texture": "#koboldbodytex", "uv": [ 29.5, 2.0, 30.0, 2.5 ] },
						"east": { "texture": "#null", "uv": [ 32.0, 2.0, 33.5, 2.5 ], "enabled": false },
						"south": { "texture": "#koboldbodytex", "uv": [ 31.5, 2.0, 32.0, 2.5 ] },
						"west": { "texture": "#koboldbodytex", "uv": [ 30.0, 2.0, 31.5, 2.5 ] },
						"up": { "texture": "#koboldbodytex", "uv": [ 30.0, 1.5, 31.5, 2.0 ], "rotation": 90 },
						"down": { "texture": "#koboldbodytex", "uv": [ 30.0, 2.5, 31.5, 3.0 ], "rotation": 90 }
					}
				},
				{
					"name": "eyelid r2",
					"from": [ -0.1, 1.75, 0.8 ],
					"to": [ 0.0, 1.92, 2.3 ],
					"unwrapMode": 4,
					"uv": [ 29.5, 1.0 ],
					"rotationOrigin": [ -0.1, 1.9, 2.15 ],
					"rotationX": -1.0,
					"faces": {
						"north": { "texture": "#koboldbodytex", "uv": [ 29.5, 1.5, 30.0, 2.0 ] },
						"east": { "texture": "#null", "uv": [ 32.0, 1.5, 33.5, 2.0 ], "enabled": false },
						"south": { "texture": "#koboldbodytex", "uv": [ 31.5, 1.5, 32.0, 2.0 ] },
						"west": { "texture": "#koboldbodytex", "uv": [ 30.0, 1.5, 31.5, 2.0 ] },
						"up": { "texture": "#koboldbodytex", "uv": [ 30.0, 1.0, 31.5, 1.5 ], "rotation": 90 },
						"down": { "texture": "#koboldbodytex", "uv": [ 30.0, 2.0, 31.5, 2.5 ], "rotation": 90 }
					}
				},
				{
					"name": "eyelid l2",
					"from": [ -0.1, 1.75, 2.85 ],
					"to": [ 0.0, 1.92, 4.35 ],
					"unwrapMode": 4,
					"uv": [ 29.0, 2.5 ],
					"rotationOrigin": [ -0.1, 1.8, 3.0 ],
					"rotationX": 1.0,
					"faces": {
						"north": { "texture": "#koboldbodytex", "uv": [ 29.0, 3.0, 29.5, 3.5 ] },
						"east": { "texture": "#null", "uv": [ 31.5, 3.0, 33.0, 3.5 ], "enabled": false },
						"south": { "texture": "#koboldbodytex", "uv": [ 31.0, 3.0, 31.5, 3.5 ] },
						"west": { "texture": "#koboldbodytex", "uv": [ 29.5, 3.0, 31.0, 3.5 ] },
						"up": { "texture": "#koboldbodytex", "uv": [ 29.5, 2.5, 31.0, 3.0 ], "rotation": 90 },
						"down": { "texture": "#koboldbodytex", "uv": [ 29.5, 3.5, 31.0, 4.0 ], "rotation": 90 }
					}
				}
			],
			"attachmentpoints": [
				{
					"code": "Eyes",
					"posX": "1.3","posY": "3.5","posZ": "2.5",
					"rotationX": "0.0","rotationY": "-90.0","rotationZ": "0.0"
				}
			]
		},
		{
			"name": "Snout",
			"stepParentName": "Head",
			"from": [ -2.6, 0.0, 1.0 ],
			"to": [ 0.0, 2.0, 4.0 ],
			"unwrapRotation": 1,
			"autoUnwrap": false,
			"uv": [ 16.5, 5.5 ],
			"rotationOrigin": [ 0.0, 1.0, 2.5 ],
			"faces": {
				"north": { "texture": "#koboldbodytex", "uv": [ 45.5, 31.5, 48.0, 33.5 ], "windMode": [-1,-1,-1,-1], "windData": [1,1,1,1] },
				"east": { "texture": "#koboldbodytex", "uv": [ 21.0, 6.5, 24.0, 8.5 ], "windMode": [-1,-1,-1,-1], "windData": [1,1,1,1], "enabled": false },
				"south": { "texture": "#koboldbodytex", "uv": [ 48.0, 31.5, 50.5, 33.5 ], "windMode": [-1,-1,-1,-1], "windData": [1,1,1,1] },
				"west": { "texture": "#koboldbodytex", "uv": [ 50.5, 31.5, 53.5, 33.5 ], "windMode": [-1,-1,-1,-1], "windData": [1,1,1,1] },
				"up": { "texture": "#koboldbodytex", "uv": [ 45.5, 29.0, 48.5, 31.5 ], "rotation": 90, "windMode": [-1,-1,-1,-1], "windData": [1,1,1,1] },
				"down": { "texture": "#koboldbodytex", "uv": [ 48.5, 29.0, 51.5, 31.5 ], "rotation": 90, "windMode": [-1,-1,-1,-1], "windData": [1,1,1,1] }
			},
			"children": [
				{
					"name": "Blush",
					"from": [ 2.7, 1.8, -0.5 ],
					"to": [ 2.85, 1.95, 0.7 ],
					"unwrapMode": 4,
					"uv": [ 9.25, 12.25 ],
					"rotationOrigin": [ 2.7, 1.8, -0.5 ],
					"rotationX": 5.0,
					"rotationZ": 180.0,
					"faces": {
						"north": { "texture": "#flesh", "uv": [ 9.0, 14.0, 10.0, 15.0 ], "windMode": [-1,-1,-1,-1], "windData": [1,1,1,1] },
						"east": { "texture": "#flesh", "uv": [ 13.0, 14.0, 14.0, 15.0 ], "windMode": [-1,-1,-1,-1], "windData": [1,1,1,1] },
						"south": { "texture": "#flesh", "uv": [ 12.0, 14.0, 13.0, 15.0 ], "windMode": [-1,-1,-1,-1], "windData": [1,1,1,1] },
						"west": { "texture": "#flesh", "uv": [ 11.0, 14.0, 12.0, 15.0 ], "windMode": [-1,-1,-1,-1], "windData": [1,1,1,1] },
						"up": { "texture": "#flesh", "uv": [ 11.0, 12.0, 12.0, 13.0 ], "rotation": 90, "windMode": [-1,-1,-1,-1], "windData": [1,1,1,1] },
						"down": { "texture": "#flesh", "uv": [ 11.0, 15.0, 12.0, 16.0 ], "rotation": 90, "windMode": [-1,-1,-1,-1], "windData": [1,1,1,1] }
					}
				},
				{
					"name": "Blush2",
					"from": [ 2.7, 1.5, -0.6 ],
					"to": [ 2.85, 1.65, 0.6 ],
					"unwrapMode": 4,
					"uv": [ 3.25, 19.25 ],
					"rotationOrigin": [ 2.7, 1.5, -0.6 ],
					"rotationX": 5.0,
					"rotationZ": 180.0,
					"faces": {
						"north": { "texture": "#flesh", "uv": [ 3.0, 21.0, 4.0, 22.0 ], "windMode": [-1,-1,-1,-1], "windData": [1,1,1,1] },
						"east": { "texture": "#flesh", "uv": [ 7.0, 21.0, 8.0, 22.0 ], "windMode": [-1,-1,-1,-1], "windData": [1,1,1,1] },
						"south": { "texture": "#flesh", "uv": [ 6.0, 21.0, 7.0, 22.0 ], "windMode": [-1,-1,-1,-1], "windData": [1,1,1,1] },
						"west": { "texture": "#flesh", "uv": [ 5.0, 21.0, 6.0, 22.0 ], "windMode": [-1,-1,-1,-1], "windData": [1,1,1,1] },
						"up": { "texture": "#flesh", "uv": [ 5.0, 19.0, 6.0, 20.0 ], "rotation": 90, "windMode": [-1,-1,-1,-1], "windData": [1,1,1,1] },
						"down": { "texture": "#flesh", "uv": [ 5.0, 22.0, 6.0, 23.0 ], "rotation": 90, "windMode": [-1,-1,-1,-1], "windData": [1,1,1,1] }
					}
				},
				{
					"name": "Blush3",
					"from": [ 2.7, 1.8, 2.6 ],
					"to": [ 2.85, 1.95, 3.6 ],
					"unwrapMode": 4,
					"uv": [ 14.25, 24.25 ],
					"rotationOrigin": [ 2.7, 1.8, 2.6 ],
					"rotationX": -5.0,
					"rotationZ": 180.0,
					"faces": {
						"north": { "texture": "#flesh", "uv": [ 14.0, 26.0, 15.0, 27.0 ], "windMode": [-1,-1,-1,-1], "windData": [1,1,1,1] },
						"east": { "texture": "#flesh", "uv": [ 18.0, 26.0, 19.0, 27.0 ], "windMode": [-1,-1,-1,-1], "windData": [1,1,1,1] },
						"south": { "texture": "#flesh", "uv": [ 17.0, 26.0, 18.0, 27.0 ], "windMode": [-1,-1,-1,-1], "windData": [1,1,1,1] },
						"west": { "texture": "#flesh", "uv": [ 16.0, 26.0, 17.0, 27.0 ], "windMode": [-1,-1,-1,-1], "windData": [1,1,1,1] },
						"up": { "texture": "#flesh", "uv": [ 16.0, 24.0, 17.0, 25.0 ], "rotation": 90, "windMode": [-1,-1,-1,-1], "windData": [1,1,1,1] },
						"down": { "texture": "#flesh", "uv": [ 16.0, 27.0, 17.0, 28.0 ], "rotation": 90, "windMode": [-1,-1,-1,-1], "windData": [1,1,1,1] }
					}
				},
				{
					"name": "Blush4",
					"from": [ 2.7, 1.5, 2.6 ],
					"to": [ 2.85, 1.65, 3.7 ],
					"unwrapMode": 4,
					"uv": [ 22.25, 4.25 ],
					"rotationOrigin": [ 2.7, 1.5, 2.6 ],
					"rotationX": -5.0,
					"rotationZ": 180.0,
					"faces": {
						"north": { "texture": "#flesh", "uv": [ 22.0, 6.0, 23.0, 7.0 ], "windMode": [-1,-1,-1,-1], "windData": [1,1,1,1] },
						"east": { "texture": "#flesh", "uv": [ 26.0, 6.0, 27.0, 7.0 ], "windMode": [-1,-1,-1,-1], "windData": [1,1,1,1] },
						"south": { "texture": "#flesh", "uv": [ 25.0, 6.0, 26.0, 7.0 ], "windMode": [-1,-1,-1,-1], "windData": [1,1,1,1] },
						"west": { "texture": "#flesh", "uv": [ 24.0, 6.0, 25.0, 7.0 ], "windMode": [-1,-1,-1,-1], "windData": [1,1,1,1] },
						"up": { "texture": "#flesh", "uv": [ 24.0, 4.0, 25.0, 5.0 ], "rotation": 90, "windMode": [-1,-1,-1,-1], "windData": [1,1,1,1] },
						"down": { "texture": "#flesh", "uv": [ 24.0, 7.0, 25.0, 8.0 ], "rotation": 90, "windMode": [-1,-1,-1,-1], "windData": [1,1,1,1] }
					}
				},
				{
					"name": "Blush5",
					"from": [ 2.7, 1.2, 2.6 ],
					"to": [ 2.85, 1.35, 3.8 ],
					"unwrapMode": 4,
					"uv": [ 19.25, 18.25 ],
					"rotationOrigin": [ 2.7, 1.2, 2.6 ],
					"rotationX": -5.0,
					"rotationZ": 180.0,
					"faces": {
						"north": { "texture": "#flesh", "uv": [ 19.0, 20.0, 20.0, 21.0 ], "windMode": [-1,-1,-1,-1], "windData": [1,1,1,1] },
						"east": { "texture": "#flesh", "uv": [ 23.0, 20.0, 24.0, 21.0 ], "windMode": [-1,-1,-1,-1], "windData": [1,1,1,1] },
						"south": { "texture": "#flesh", "uv": [ 22.0, 20.0, 23.0, 21.0 ], "windMode": [-1,-1,-1,-1], "windData": [1,1,1,1] },
						"west": { "texture": "#flesh", "uv": [ 21.0, 20.0, 22.0, 21.0 ], "windMode": [-1,-1,-1,-1], "windData": [1,1,1,1] },
						"up": { "texture": "#flesh", "uv": [ 21.0, 18.0, 22.0, 19.0 ], "rotation": 90, "windMode": [-1,-1,-1,-1], "windData": [1,1,1,1] },
						"down": { "texture": "#flesh", "uv": [ 21.0, 21.0, 22.0, 22.0 ], "rotation": 90, "windMode": [-1,-1,-1,-1], "windData": [1,1,1,1] }
					}
				},
				{
					"name": "Blush6",
					"from": [ 2.7, 1.2, -0.7 ],
					"to": [ 2.85, 1.35, 0.5 ],
					"unwrapMode": 4,
					"uv": [ 16.25, 11.25 ],
					"rotationOrigin": [ 2.7, 1.2, -0.7 ],
					"rotationX": 5.0,
					"rotationZ": 180.0,
					"faces": {
						"north": { "texture": "#flesh", "uv": [ 16.0, 13.0, 17.0, 14.0 ], "windMode": [-1,-1,-1,-1], "windData": [1,1,1,1] },
						"east": { "texture": "#flesh", "uv": [ 20.0, 13.0, 21.0, 14.0 ], "windMode": [-1,-1,-1,-1], "windData": [1,1,1,1] },
						"south": { "texture": "#flesh", "uv": [ 19.0, 13.0, 20.0, 14.0 ], "windMode": [-1,-1,-1,-1], "windData": [1,1,1,1] },
						"west": { "texture": "#flesh", "uv": [ 18.0, 13.0, 19.0, 14.0 ], "windMode": [-1,-1,-1,-1], "windData": [1,1,1,1] },
						"up": { "texture": "#flesh", "uv": [ 18.0, 11.0, 19.0, 12.0 ], "rotation": 90, "windMode": [-1,-1,-1,-1], "windData": [1,1,1,1] },
						"down": { "texture": "#flesh", "uv": [ 18.0, 14.0, 19.0, 15.0 ], "rotation": 90, "windMode": [-1,-1,-1,-1], "windData": [1,1,1,1] }
					}
				},
				{
					"name": "Blush7",
					"from": [ 2.0, 2.15, -0.1 ],
					"to": [ 2.25, 2.9, 3.1 ],
					"unwrapMode": 4,
					"uv": [ 16.25, 11.25 ],
					"rotationOrigin": [ 2.0, 2.1, -0.1 ],
					"rotationY": 10.0,
					"rotationZ": 180.0,
					"faces": {
						"north": { "texture": "#flesh", "uv": [ 16.0, 13.0, 17.0, 14.0 ], "windMode": [-1,-1,-1,-1], "windData": [1,1,1,1] },
						"east": { "texture": "#flesh", "uv": [ 22.0, 13.0, 25.0, 14.0 ], "windMode": [-1,-1,-1,-1], "windData": [1,1,1,1] },
						"south": { "texture": "#flesh", "uv": [ 21.0, 13.0, 22.0, 14.0 ], "windMode": [-1,-1,-1,-1], "windData": [1,1,1,1] },
						"west": { "texture": "#flesh", "uv": [ 18.0, 13.0, 21.0, 14.0 ], "windMode": [-1,-1,-1,-1], "windData": [1,1,1,1] },
						"up": { "texture": "#flesh", "uv": [ 18.0, 11.0, 21.0, 12.0 ], "rotation": 90, "windMode": [-1,-1,-1,-1], "windData": [1,1,1,1] },
						"down": { "texture": "#flesh", "uv": [ 18.0, 14.0, 21.0, 15.0 ], "rotation": 90, "windMode": [-1,-1,-1,-1], "windData": [1,1,1,1] }
					}
				},
				{
					"name": "Blush8",
					"from": [ 2.4, 2.15, -0.1 ],
					"to": [ 2.65, 2.9, 3.1 ],
					"unwrapMode": 4,
					"uv": [ 16.25, 11.25 ],
					"rotationOrigin": [ 2.4, 2.1, -0.1 ],
					"rotationY": 10.0,
					"rotationZ": 180.0,
					"faces": {
						"north": { "texture": "#flesh", "uv": [ 16.0, 13.0, 17.0, 14.0 ], "windMode": [-1,-1,-1,-1], "windData": [1,1,1,1] },
						"east": { "texture": "#flesh", "uv": [ 22.0, 13.0, 25.0, 14.0 ], "windMode": [-1,-1,-1,-1], "windData": [1,1,1,1] },
						"south": { "texture": "#flesh", "uv": [ 21.0, 13.0, 22.0, 14.0 ], "windMode": [-1,-1,-1,-1], "windData": [1,1,1,1] },
						"west": { "texture": "#flesh", "uv": [ 18.0, 13.0, 21.0, 14.0 ], "windMode": [-1,-1,-1,-1], "windData": [1,1,1,1] },
						"up": { "texture": "#flesh", "uv": [ 18.0, 11.0, 21.0, 12.0 ], "rotation": 90, "windMode": [-1,-1,-1,-1], "windData": [1,1,1,1] },
						"down": { "texture": "#flesh", "uv": [ 18.0, 14.0, 21.0, 15.0 ], "rotation": 90, "windMode": [-1,-1,-1,-1], "windData": [1,1,1,1] }
					}
				},
				{
					"name": "Blush9",
					"from": [ 1.6, 2.15, -0.1 ],
					"to": [ 1.85, 2.9, 3.1 ],
					"unwrapMode": 4,
					"uv": [ 16.25, 11.25 ],
					"rotationOrigin": [ 1.6, 2.1, -0.1 ],
					"rotationY": 10.0,
					"rotationZ": 180.0,
					"faces": {
						"north": { "texture": "#flesh", "uv": [ 16.0, 13.0, 17.0, 14.0 ], "windMode": [-1,-1,-1,-1], "windData": [1,1,1,1] },
						"east": { "texture": "#flesh", "uv": [ 22.0, 13.0, 25.0, 14.0 ], "windMode": [-1,-1,-1,-1], "windData": [1,1,1,1] },
						"south": { "texture": "#flesh", "uv": [ 21.0, 13.0, 22.0, 14.0 ], "windMode": [-1,-1,-1,-1], "windData": [1,1,1,1] },
						"west": { "texture": "#flesh", "uv": [ 18.0, 13.0, 21.0, 14.0 ], "windMode": [-1,-1,-1,-1], "windData": [1,1,1,1] },
						"up": { "texture": "#flesh", "uv": [ 18.0, 11.0, 21.0, 12.0 ], "rotation": 90, "windMode": [-1,-1,-1,-1], "windData": [1,1,1,1] },
						"down": { "texture": "#flesh", "uv": [ 18.0, 14.0, 21.0, 15.0 ], "rotation": 90, "windMode": [-1,-1,-1,-1], "windData": [1,1,1,1] }
					}
				},
				{
					"name": "Jaw",
					"from": [ 0.6, -0.4, 0.1 ],
					"to": [ 4.6, 0.6, 2.9 ],
					"autoUnwrap": false,
					"uv": [ 35.0, 10.0 ],
					"rotationOrigin": [ 4.6, 0.6, 1.5 ],
					"rotationZ": 8.0,
					"faces": {
						"north": { "texture": "#koboldbodytex", "uv": [ 45.5, 36.0, 49.5, 37.0 ], "windMode": [-1,-1,-1,-1], "windData": [1,1,1,1] },
						"east": { "texture": "#koboldbodytex", "uv": [ 49.5, 36.0, 52.0, 37.0 ], "windMode": [-1,-1,-1,-1], "windData": [1,1,1,1] },
						"south": { "texture": "#koboldbodytex", "uv": [ 52.0, 36.0, 56.0, 37.0 ], "windMode": [-1,-1,-1,-1], "windData": [1,1,1,1] },
						"west": { "texture": "#koboldbodytex", "uv": [ 56.0, 36.0, 58.5, 37.0 ], "windMode": [-1,-1,-1,-1], "windData": [1,1,1,1] },
						"up": { "texture": "#koboldbodytex", "uv": [ 45.5, 33.5, 49.5, 36.0 ], "windMode": [-1,-1,-1,-1], "windData": [1,1,1,1] },
						"down": { "texture": "#koboldbodytex", "uv": [ 49.5, 33.5, 53.5, 36.0 ], "windMode": [-1,-1,-1,-1], "windData": [1,1,1,1] }
					},
					"children": [
						{
							"name": "Tongue",
							"from": [ -1.2, 0.5, 0.8 ],
							"to": [ 0.5, 0.85, 2.0 ],
							"unwrapMode": 4,
							"uv": [ 11.25, 18.25 ],
							"rotationOrigin": [ -1.2612, 1.133, 1.4 ],
							"rotationZ": 14.0,
							"faces": {
								"north": { "texture": "#flesh", "uv": [ 11.0, 20.0, 12.0, 21.0 ], "windMode": [-1,-1,-1,-1], "windData": [1,1,1,1] },
								"east": { "texture": "#flesh", "uv": [ 15.0, 20.0, 16.0, 21.0 ], "windMode": [-1,-1,-1,-1], "windData": [1,1,1,1], "enabled": false },
								"south": { "texture": "#flesh", "uv": [ 14.0, 20.0, 15.0, 21.0 ], "windMode": [-1,-1,-1,-1], "windData": [1,1,1,1] },
								"west": { "texture": "#flesh", "uv": [ 13.0, 20.0, 14.0, 21.0 ], "windMode": [-1,-1,-1,-1], "windData": [1,1,1,1] },
								"up": { "texture": "#flesh", "uv": [ 13.0, 18.0, 14.0, 19.0 ], "rotation": 90, "windMode": [-1,-1,-1,-1], "windData": [1,1,1,1] },
								"down": { "texture": "#flesh", "uv": [ 13.0, 21.0, 14.0, 22.0 ], "rotation": 90, "windMode": [-1,-1,-1,-1], "windData": [1,1,1,1] }
							}
						},
						{
							"name": "mouth",
							"from": [ -0.06, 0.633, 0.0 ],
							"to": [ 0.04, 1.033, 2.8 ],
							"unwrapMode": 4,
							"uv": [ 59.75, 2.25 ],
							"rotationOrigin": [ -0.0612, 0.633, 0.5 ],
							"rotationZ": -6.0,
							"faces": {
								"north": { "texture": "#koboldbodytex", "uv": [ 60.0, 3.0, 60.5, 3.5 ] },
								"east": { "texture": "#null", "uv": [ 63.5, 3.0, 66.0, 3.5 ], "enabled": false },
								"south": { "texture": "#koboldbodytex", "uv": [ 63.0, 3.0, 63.5, 3.5 ] },
								"west": { "texture": "#koboldbodytex", "uv": [ 60.5, 3.0, 63.0, 3.5 ] },
								"up": { "texture": "#koboldbodytex", "uv": [ 60.5, 2.5, 63.0, 3.0 ], "rotation": 90 },
								"down": { "texture": "#koboldbodytex", "uv": [ 60.5, 3.5, 63.0, 4.0 ], "rotation": 90 }
							},
							"children": [
								{
									"name": "mouth L",
									"from": [ 0.0507, -0.0182, -0.05 ],
									"to": [ 1.0507, 0.3818, 0.05 ],
									"unwrapMode": 4,
									"uv": [ 60.75, 1.0 ],
									"rotationOrigin": [ 0.05, -0.1, 0.7 ],
									"rotationZ": 6.0,
									"faces": {
										"north": { "texture": "#koboldbodytex", "uv": [ 61.0, 2.0, 62.0, 2.5 ] },
										"east": { "texture": "#null", "uv": [ 63.5, 2.0, 64.0, 2.5 ], "enabled": false },
										"south": { "texture": "#koboldbodytex", "uv": [ 62.5, 2.0, 63.5, 2.5 ] },
										"west": { "texture": "#koboldbodytex", "uv": [ 62.0, 2.0, 62.5, 2.5 ] },
										"up": { "texture": "#koboldbodytex", "uv": [ 62.0, 1.0, 62.5, 2.0 ], "rotation": 90 },
										"down": { "texture": "#koboldbodytex", "uv": [ 62.0, 2.5, 62.5, 3.5 ], "rotation": 90 }
									}
								},
								{
									"name": "mouth R",
									"from": [ 0.0507, -0.0182, 2.75 ],
									"to": [ 1.0507, 0.3818, 2.85 ],
									"unwrapMode": 4,
									"uv": [ 61.25, 1.0 ],
									"rotationOrigin": [ 0.05, -0.1, 3.5 ],
									"rotationZ": 6.0,
									"faces": {
										"north": { "texture": "#koboldbodytex", "uv": [ 61.5, 2.0, 62.5, 2.5 ] },
										"east": { "texture": "#null", "uv": [ 64.0, 2.0, 64.5, 2.5 ], "enabled": false },
										"south": { "texture": "#koboldbodytex", "uv": [ 63.0, 2.0, 64.0, 2.5 ] },
										"west": { "texture": "#koboldbodytex", "uv": [ 62.5, 2.0, 63.0, 2.5 ] },
										"up": { "texture": "#koboldbodytex", "uv": [ 62.5, 1.0, 63.0, 2.0 ], "rotation": 90 },
										"down": { "texture": "#koboldbodytex", "uv": [ 62.5, 2.5, 63.0, 3.5 ], "rotation": 90 }
									}
								},
								{
									"name": "mouth R2",
									"from": [ 0.8587, 0.06, 2.86 ],
									"to": [ 1.6587, 0.26, 2.96 ],
									"unwrapMode": 4,
									"uv": [ 61.75, 2.0 ],
									"rotationOrigin": [ 0.8587, 0.0572, 2.86 ],
									"rotationZ": 15.0,
									"faces": {
										"north": { "texture": "#koboldbodytex", "uv": [ 62.0, 2.5, 62.5, 3.0 ] },
										"east": { "texture": "#null", "uv": [ 63.5, 2.5, 64.0, 3.0 ], "enabled": false },
										"south": { "texture": "#koboldbodytex", "uv": [ 63.0, 2.5, 63.5, 3.0 ] },
										"west": { "texture": "#koboldbodytex", "uv": [ 62.5, 2.5, 63.0, 3.0 ] },
										"up": { "texture": "#koboldbodytex", "uv": [ 62.5, 2.0, 63.0, 2.5 ], "rotation": 90 },
										"down": { "texture": "#koboldbodytex", "uv": [ 62.5, 3.0, 63.0, 3.5 ], "rotation": 90 }
									}
								},
								{
									"name": "mouth L2",
									"from": [ 0.8587, 0.0572, -0.16 ],
									"to": [ 1.7587, 0.2572, -0.06 ],
									"unwrapMode": 4,
									"uv": [ 61.25, 2.5 ],
									"rotationOrigin": [ 0.8587, 0.0572, 1.66 ],
									"rotationZ": 15.0,
									"faces": {
										"north": { "texture": "#koboldbodytex", "uv": [ 61.5, 3.0, 62.0, 3.5 ] },
										"east": { "texture": "#null", "uv": [ 63.0, 3.0, 63.5, 3.5 ], "enabled": false },
										"south": { "texture": "#koboldbodytex", "uv": [ 62.5, 3.0, 63.0, 3.5 ] },
										"west": { "texture": "#koboldbodytex", "uv": [ 62.0, 3.0, 62.5, 3.5 ] },
										"up": { "texture": "#koboldbodytex", "uv": [ 62.0, 2.5, 62.5, 3.0 ], "rotation": 90 },
										"down": { "texture": "#koboldbodytex", "uv": [ 62.0, 3.5, 62.5, 4.0 ], "rotation": 90 }
									}
								},
								{
									"name": "mouth R3",
									"from": [ 1.56, 0.26, 2.86 ],
									"to": [ 1.96, 0.46, 2.96 ],
									"unwrapMode": 4,
									"uv": [ 61.25, 2.5 ],
									"rotationOrigin": [ 1.5587, 0.2572, 2.86 ],
									"rotationZ": 25.0,
									"faces": {
										"north": { "texture": "#koboldbodytex", "uv": [ 61.5, 3.0, 62.0, 3.5 ] },
										"east": { "texture": "#null", "uv": [ 63.0, 3.0, 63.5, 3.5 ], "enabled": false },
										"south": { "texture": "#koboldbodytex", "uv": [ 62.5, 3.0, 63.0, 3.5 ] },
										"west": { "texture": "#koboldbodytex", "uv": [ 62.0, 3.0, 62.5, 3.5 ] },
										"up": { "texture": "#koboldbodytex", "uv": [ 62.0, 2.5, 62.5, 3.0 ], "rotation": 90 },
										"down": { "texture": "#koboldbodytex", "uv": [ 62.0, 3.5, 62.5, 4.0 ], "rotation": 90 }
									}
								},
								{
									"name": "mouth R4",
									"from": [ 1.56, 0.26, -0.17 ],
									"to": [ 1.96, 0.46, -0.07 ],
									"unwrapMode": 4,
									"uv": [ 61.75, 1.5 ],
									"rotationOrigin": [ 1.5587, 0.2572, 2.66 ],
									"rotationZ": 25.0,
									"faces": {
										"north": { "texture": "#koboldbodytex", "uv": [ 62.0, 2.0, 62.5, 2.5 ] },
										"east": { "texture": "#null", "uv": [ 63.5, 2.0, 64.0, 2.5 ], "enabled": false },
										"south": { "texture": "#koboldbodytex", "uv": [ 63.0, 2.0, 63.5, 2.5 ] },
										"west": { "texture": "#koboldbodytex", "uv": [ 62.5, 2.0, 63.0, 2.5 ] },
										"up": { "texture": "#koboldbodytex", "uv": [ 62.5, 1.5, 63.0, 2.0 ], "rotation": 90 },
										"down": { "texture": "#koboldbodytex", "uv": [ 62.5, 2.5, 63.0, 3.0 ], "rotation": 90 }
									}
								}
							]
						}
					]
				}
			]
		}
	],
	"animations": [
		{
			"name": "Eat",
			"code": "eat",
			"quantityframes": 30,
			"onActivityStopped": "EaseOut",
			"onAnimationEnd": "EaseOut",
			"keyframes": [
				{
					"frame": 5,
					"elements": {
						"Jaw": { "rotationX": 0.0, "rotationY": 0.0, "rotationZ": 8.0 }
					}
				},
				{
					"frame": 9,
					"elements": {
						"Jaw": { "rotationX": 0.0, "rotationY": 0.0, "rotationZ": -3.0 }
					}
				},
				{
					"frame": 12,
					"elements": {
						"Jaw": { "rotationX": 0.0, "rotationY": 0.0, "rotationZ": 0.0 }
					}
				},
				{
					"frame": 16,
					"elements": {
						"Jaw": { "rotationX": 0.0, "rotationY": 0.0, "rotationZ": 6.0 }
					}
				},
				{
					"frame": 20,
					"elements": {
						"Jaw": { "rotationX": 0.0, "rotationY": 0.0, "rotationZ": 0.0 }
					}
				}
			]
		},

		{
			"name": "Bowl Eat",
			"code": "bowleat",
			"quantityframes": 30,
			"onActivityStopped": "PlayTillEnd",
			"onAnimationEnd": "EaseOut",
			"keyframes": [
				{
					"frame": 5,
					"elements": {
						"Jaw": { "rotationX": 0.0, "rotationY": 0.0, "rotationZ": 7.0 }
					}
				},
				{
					"frame": 9,
					"elements": {
						"Jaw": { "rotationX": 0.0, "rotationY": 0.0, "rotationZ": -1.0 }
					}
				},
				{
					"frame": 12,
					"elements": {
						"Jaw": { "rotationX": 0.0, "rotationY": 0.0, "rotationZ": 7.0 }
					}
				},
				{
					"frame": 16,
					"elements": {
						"Jaw": { "rotationX": 0.0, "rotationY": 0.0, "rotationZ": 0.0 }
					}
				}
			]
		},

		{
			"name": "Drink",
			"code": "drink",
			"quantityframes": 40,
			"onActivityStopped": "EaseOut",
			"onAnimationEnd": "EaseOut",
			"keyframes": [
				{
					"frame": 14,
					"elements": {
						"Jaw": { "rotationX": 0.0, "rotationY": 0.0, "rotationZ": 5.0 }
					}
				},
				{
					"frame": 28,
					"elements": {
						"Jaw": { "rotationX": 0.0, "rotationY": 0.0, "rotationZ": 0.0 }
					}
				}
			]
		}
	]
}