{
	"code": "crudeoilwell",
	"class": "VEBlockCrudeOilWell",
	"entityClass": "VEBECrudeOilWell",
	"drawtype": "cube",
	"shape": { "base": "game:block/basic/cube" },
	"sidesolid": { "all": true },
	"sideopaque": { "all": true },
	"attributes": {
		"maxDepositRadius": 9,
		"minDepositRadius": 5,
		"minTempForLarge": 18,
		"maxTempForLarge": 50,
		"minRainForLarge": 0,
		"maxRainForLarge": 0.4,
		"extraRadiusLarge": 5,
		"oddsForLarge": 0.25,
		"fluidblockcode": "vinteng:crudeoil-still-7",
		"fluidportioncode": "vinteng:crudeoilportion",
		"trickleportions": 100,
		"canbeinfinite": true,
		"maxdepositblocks": 200000,
		"mindepositblocks": 1500,
		"portionpersecond": 50000
	},
	"blockmaterial": "Metal",
	"creativeinventory": { "general": ["*"] },
	"replaceable": 0,
	"resistance": 10000,
	"requiredMiningTier": 50,
	"lightAbsorption": 1,
	"emitSideAo": {
		"all": false
	},
	"textures": {
		"all": {"base": "block/darkiron" }
	},
	"sounds": {
		"place": "game:block/anvil",
		"break": "game:block/anvil",
		"hit": "game:block/rock-hit-pickaxe",
		"walk": "game:walk/stone"
	},
	"drops": []
}