[
	{ "op": "addmerge", "path": "/allowedVariants/-", "value": "crystalizedore-poor-quartz_nativesilver-arenite", "file": "game:itemtypes/resource/crystalizedore-graded.json", },
	{ "op": "addmerge", "path": "/allowedVariants/-", "value": "crystalizedore-medium-quartz_nativesilver-arenite", "file": "game:itemtypes/resource/crystalizedore-graded.json", },
	{ "op": "addmerge", "path": "/allowedVariants/-", "value": "crystalizedore-rich-quartz_nativesilver-arenite", "file": "game:itemtypes/resource/crystalizedore-graded.json", },

	{ "op": "addmerge", "path": "/allowedVariants/-", "value": "crystalizedore-poor-quartz_nativesilver-arkose", "file": "game:itemtypes/resource/crystalizedore-graded.json", },
	{ "op": "addmerge", "path": "/allowedVariants/-", "value": "crystalizedore-medium-quartz_nativesilver-arkose", "file": "game:itemtypes/resource/crystalizedore-graded.json", },
	{ "op": "addmerge", "path": "/allowedVariants/-", "value": "crystalizedore-rich-quartz_nativesilver-arkose", "file": "game:itemtypes/resource/crystalizedore-graded.json", },

	{ "op": "addmerge", "path": "/allowedVariants/-", "value": "crystalizedore-poor-quartz_nativesilver-marl", "file": "game:itemtypes/resource/crystalizedore-graded.json", },
	{ "op": "addmerge", "path": "/allowedVariants/-", "value": "crystalizedore-medium-quartz_nativesilver-marl", "file": "game:itemtypes/resource/crystalizedore-graded.json", },
	{ "op": "addmerge", "path": "/allowedVariants/-", "value": "crystalizedore-rich-quartz_nativesilver-marl", "file": "game:itemtypes/resource/crystalizedore-graded.json", },

	{ "op": "addmerge", "path": "/allowedVariants/-", "value": "crystalizedore-poor-quartz_nativesilver-wacke", "file": "game:itemtypes/resource/crystalizedore-graded.json", },
	{ "op": "addmerge", "path": "/allowedVariants/-", "value": "crystalizedore-medium-quartz_nativesilver-wacke", "file": "game:itemtypes/resource/crystalizedore-graded.json", },
	{ "op": "addmerge", "path": "/allowedVariants/-", "value": "crystalizedore-rich-quartz_nativesilver-wacke", "file": "game:itemtypes/resource/crystalizedore-graded.json", },

	{ "op": "addmerge", "path": "/allowedVariants/-", "value": "crystalizedore-poor-quartz_nativesilver-monzonite", "file": "game:itemtypes/resource/crystalizedore-graded.json", },
	{ "op": "addmerge", "path": "/allowedVariants/-", "value": "crystalizedore-medium-quartz_nativesilver-monzonite", "file": "game:itemtypes/resource/crystalizedore-graded.json", },
	{ "op": "addmerge", "path": "/allowedVariants/-", "value": "crystalizedore-rich-quartz_nativesilver-monzonite", "file": "game:itemtypes/resource/crystalizedore-graded.json", },
]