[
	{ "op": "addmerge", "path": "/allowedVariants/-", "value": "crystalizedore-poor-sphalerite-wacke", "file": "game:itemtypes/resource/crystalizedore-graded.json", },
	{ "op": "addmerge", "path": "/allowedVariants/-", "value": "crystalizedore-medium-sphalerite-wacke", "file": "game:itemtypes/resource/crystalizedore-graded.json", },
	{ "op": "addmerge", "path": "/allowedVariants/-", "value": "crystalizedore-rich-sphalerite-wacke", "file": "game:itemtypes/resource/crystalizedore-graded.json", },

	{ "op": "addmerge", "path": "/allowedVariants/-", "value": "crystalizedore-poor-sphalerite-marl", "file": "game:itemtypes/resource/crystalizedore-graded.json", },
	{ "op": "addmerge", "path": "/allowedVariants/-", "value": "crystalizedore-medium-sphalerite-marl", "file": "game:itemtypes/resource/crystalizedore-graded.json", },
	{ "op": "addmerge", "path": "/allowedVariants/-", "value": "crystalizedore-rich-sphalerite-marl", "file": "game:itemtypes/resource/crystalizedore-graded.json", },

	{ "op": "addmerge", "path": "/allowedVariants/-", "value": "crystalizedore-poor-sphalerite-arenite", "file": "game:itemtypes/resource/crystalizedore-graded.json", },
	{ "op": "addmerge", "path": "/allowedVariants/-", "value": "crystalizedore-medium-sphalerite-arenite", "file": "game:itemtypes/resource/crystalizedore-graded.json", },

	{ "op": "addmerge", "path": "/allowedVariants/-", "value": "crystalizedore-poor-sphalerite-arkose", "file": "game:itemtypes/resource/crystalizedore-graded.json", },
	{ "op": "addmerge", "path": "/allowedVariants/-", "value": "crystalizedore-medium-sphalerite-arkose", "file": "game:itemtypes/resource/crystalizedore-graded.json", },

	{ "op": "addmerge", "path": "/allowedVariants/-", "value": "crystalizedore-poor-sphalerite-monzonite", "file": "game:itemtypes/resource/crystalizedore-graded.json", },
	{ "op": "addmerge", "path": "/allowedVariants/-", "value": "crystalizedore-medium-sphalerite-monzonite", "file": "game:itemtypes/resource/crystalizedore-graded.json", },
	{ "op": "addmerge", "path": "/allowedVariants/-", "value": "crystalizedore-rich-sphalerite-monzonite", "file": "game:itemtypes/resource/crystalizedore-graded.json", },

	{ "op": "addmerge", "path": "/allowedVariants/-", "value": "crystalizedore-poor-sphalerite-syenite", "file": "game:itemtypes/resource/crystalizedore-graded.json", },
	{ "op": "addmerge", "path": "/allowedVariants/-", "value": "crystalizedore-medium-sphalerite-syenite", "file": "game:itemtypes/resource/crystalizedore-graded.json", },
	{ "op": "addmerge", "path": "/allowedVariants/-", "value": "crystalizedore-rich-sphalerite-syenite", "file": "game:itemtypes/resource/crystalizedore-graded.json", },
]