[
	{ "op": "addmerge", "path": "/allowedVariants/-", "value": "crystalizedore-poor-rhodochrosite-arenite", "file": "game:itemtypes/resource/crystalizedore-graded.json", },
	{ "op": "addmerge", "path": "/allowedVariants/-", "value": "crystalizedore-medium-rhodochrosite-arenite", "file": "game:itemtypes/resource/crystalizedore-graded.json", },
	{ "op": "addmerge", "path": "/allowedVariants/-", "value": "crystalizedore-rich-rhodochrosite-arenite", "file": "game:itemtypes/resource/crystalizedore-graded.json", },

	{ "op": "addmerge", "path": "/allowedVariants/-", "value": "crystalizedore-poor-rhodochrosite-marl", "file": "game:itemtypes/resource/crystalizedore-graded.json", },
	{ "op": "addmerge", "path": "/allowedVariants/-", "value": "crystalizedore-medium-rhodochrosite-marl", "file": "game:itemtypes/resource/crystalizedore-graded.json", },
	{ "op": "addmerge", "path": "/allowedVariants/-", "value": "crystalizedore-rich-rhodochrosite-marl", "file": "game:itemtypes/resource/crystalizedore-graded.json", },

	{ "op": "addmerge", "path": "/allowedVariants/-", "value": "crystalizedore-poor-rhodochrosite-wacke", "file": "game:itemtypes/resource/crystalizedore-graded.json", },
	{ "op": "addmerge", "path": "/allowedVariants/-", "value": "crystalizedore-medium-rhodochrosite-wacke", "file": "game:itemtypes/resource/crystalizedore-graded.json", },
	{ "op": "addmerge", "path": "/allowedVariants/-", "value": "crystalizedore-rich-rhodochrosite-wacke", "file": "game:itemtypes/resource/crystalizedore-graded.json", },
]