[
	{ "op": "addmerge", "path": "/allowedVariants/-", "value": "crystalizedore-poor-ilmenite-pyroxenite", "file": "game:itemtypes/resource/crystalizedore-graded.json", },
	{ "op": "addmerge", "path": "/allowedVariants/-", "value": "crystalizedore-medium-ilmenite-pyroxenite", "file": "game:itemtypes/resource/crystalizedore-graded.json", },
	{ "op": "addmerge", "path": "/allowedVariants/-", "value": "crystalizedore-rich-ilmenite-pyroxenite", "file": "game:itemtypes/resource/crystalizedore-graded.json", },
	{ "op": "addmerge", "path": "/allowedVariants/-", "value": "crystalizedore-bountiful-ilmenite-pyroxenite", "file": "game:itemtypes/resource/crystalizedore-graded.json", },

	{ "op": "addmerge", "path": "/allowedVariants/-", "value": "crystalizedore-poor-ilmenite-komatiite", "file": "game:itemtypes/resource/crystalizedore-graded.json", },
	{ "op": "addmerge", "path": "/allowedVariants/-", "value": "crystalizedore-medium-ilmenite-komatiite", "file": "game:itemtypes/resource/crystalizedore-graded.json", },
	{ "op": "addmerge", "path": "/allowedVariants/-", "value": "crystalizedore-rich-ilmenite-komatiite", "file": "game:itemtypes/resource/crystalizedore-graded.json", },
	{ "op": "addmerge", "path": "/allowedVariants/-", "value": "crystalizedore-bountiful-ilmenite-komatiite", "file": "game:itemtypes/resource/crystalizedore-graded.json", },

	{ "op": "addmerge", "path": "/allowedVariants/-", "value": "crystalizedore-poor-ilmenite-monzonite", "file": "game:itemtypes/resource/crystalizedore-graded.json", },
	{ "op": "addmerge", "path": "/allowedVariants/-", "value": "crystalizedore-medium-ilmenite-monzonite", "file": "game:itemtypes/resource/crystalizedore-graded.json", },
	{ "op": "addmerge", "path": "/allowedVariants/-", "value": "crystalizedore-rich-ilmenite-monzonite", "file": "game:itemtypes/resource/crystalizedore-graded.json", },
	{ "op": "addmerge", "path": "/allowedVariants/-", "value": "crystalizedore-bountiful-ilmenite-monzonite", "file": "game:itemtypes/resource/crystalizedore-graded.json", },

	{ "op": "addmerge", "path": "/allowedVariants/-", "value": "crystalizedore-poor-ilmenite-syenite", "file": "game:itemtypes/resource/crystalizedore-graded.json", },
	{ "op": "addmerge", "path": "/allowedVariants/-", "value": "crystalizedore-medium-ilmenite-syenite", "file": "game:itemtypes/resource/crystalizedore-graded.json", },
	{ "op": "addmerge", "path": "/allowedVariants/-", "value": "crystalizedore-rich-ilmenite-syenite", "file": "game:itemtypes/resource/crystalizedore-graded.json", },
	{ "op": "addmerge", "path": "/allowedVariants/-", "value": "crystalizedore-bountiful-ilmenite-syenite", "file": "game:itemtypes/resource/crystalizedore-graded.json", },
]