[
	{
		"dependsOn": [
			{ "modid": "geoaddons" }
		],
		"side": "Server",
		"file": "game:itemtypes/resource/ore-graded.json",
		"op": "add",
		"path": "/allowedVariants/-",
		"value": "ore-poor-teallite-syenite"
	},
	{
		"dependsOn": [
			{ "modid": "geoaddons" }
		],
		"side": "Server",
		"file": "game:itemtypes/resource/ore-graded.json",
		"op": "add",
		"path": "/allowedVariants/-",
		"value": "ore-medium-teallite-syenite"
	},
	{
		"dependsOn": [
			{ "modid": "geoaddons" }
		],
		"side": "Server",
		"file": "game:itemtypes/resource/crystalizedore-graded.json",
		"op": "add",
		"path": "/allowedVariants/-",
		"value": "crystalizedore-poor-teallite-syenite"
	},
	{
		"dependsOn": [
			{ "modid": "geoaddons" }
		],
		"side": "Server",
		"file": "game:itemtypes/resource/crystalizedore-graded.json",
		"op": "add",
		"path": "/allowedVariants/-",
		"value": "crystalizedore-medium-teallite-syenite"
	},
]