[

    {
        "op": "add",
        "path": "/attributes/onmoldrackTransformByType",
        "value": {
            "*": {
                "translation": {
                    "x": 0.0,
                    "y": 0.0,
                    "z": 0.0
                },
                "rotation": {
                    "x": 0,
                    "y": 0,
                    "z": 0
                },
                "origin": {
                    "x": 0.5,
                    "y": 0.0,
                    "z": 0.5
                },
                "scale": 0.8
            }
        },
        "file": "alchemy:blocktypes/clay/fired/claypotionflask",
        "dependsOn": [ { "modid": "alchemy" } ]
    },

    {
        "op": "add",
        "path": "/attributes/onmoldrackTransformByType",
        "value": {
            "*": {
                "translation": {
                    "x": 0.0,
                    "y": 0.0,
                    "z": 0.0
                },
                "rotation": {
                    "x": 0,
                    "y": 0,
                    "z": 0
                },
                "origin": {
                    "x": 0.5,
                    "y": 0.0,
                    "z": 0.5
                },
                "scale": 0.8
            }
        },
        "file": "alchemy:blocktypes/clay/raw/claypotionflask",
        "dependsOn": [ { "modid": "alchemy" } ]
    },

    {
        "op": "add",
        "path": "/attributes/onmoldrackTransformByType",
        "value": {
            "*": {
                "translation": {
                    "x": 0.0,
                    "y": 0.0,
                    "z": 0.0
                },
                "rotation": {
                    "x": 0,
                    "y": 0,
                    "z": 0
                },
                "origin": {
                    "x": 0.5,
                    "y": 0.0,
                    "z": 0.5
                },
                "scale": 0.8
            }
        },
        "file": "alchemy:blocktypes/flasks/potionflask",
        "dependsOn": [ { "modid": "alchemy" } ]
    },
    {
        "op": "add",
        "path": "/attributes",
        "value": {},
        "file": "alchemy:itemtypes/mortarpestle",
        "dependsOn": [ { "modid": "alchemy" } ]
    },

    {
        "op": "add",
        "path": "/attributes/onmoldrackTransformByType",
        "value": {
            "*": {
                "translation": {
                    "x": 0.0,
                    "y": 0.0,
                    "z": 0.0
                },
                "rotation": {
                    "x": 0,
                    "y": 0,
                    "z": 0
                },
                "origin": {
                    "x": 0.5,
                    "y": 0.0,
                    "z": 0.5
                },
                "scale": 0.8
            }
        },
        "file": "alchemy:itemtypes/mortarpestle",
        "dependsOn": [ { "modid": "alchemy" } ]
    }
]