[

    {
        "op": "add",
        "path": "/attributes/onmoldrackTransformByType",
        "value": {
            "*": {
                "translation": {
                    "x": 0.11,
                    "y": 0.4,
                    "z": -0.4
                },
                "rotation": {
                    "x": 0,
                    "y": 90,
                    "z": 0
                },
                "origin": {
                    "x": 0.5,
                    "y": 0.0,
                    "z": 0.5
                },
                "scale": 0.4
            }
        },
        "file": "bagofholding:itemtypes/backpacks/bagofholding",
        "dependsOn": [ { "modid": "bagofholding" } ]
    },
    {
        "op": "add",
        "path": "/attributes/onmoldrackTransformByType",
        "value": {
            "*": {
                "translation": {
                    "x": 0.11,
                    "y": 0.4,
                    "z": -0.4
                },
                "rotation": {
                    "x": 0,
                    "y": 90,
                    "z": 0
                },
                "origin": {
                    "x": 0.5,
                    "y": 0.0,
                    "z": 0.5
                },
                "scale": 0.4
            }
        },
        "file": "bagofholding:itemtypes/backpacks/bagoffarming",
        "dependsOn": [ { "modid": "bagofholding" } ]
    },
    {
        "op": "add",
        "path": "/attributes/onmoldrackTransformByType",
        "value": {
            "*": {
                "translation": {
                    "x": 0.11,
                    "y": 0.4,
                    "z": -0.4
                },
                "rotation": {
                    "x": 0,
                    "y": 90,
                    "z": 0
                },
                "origin": {
                    "x": 0.5,
                    "y": 0.0,
                    "z": 0.5
                },
                "scale": 0.4
            }
        },
        "file": "bagofholding:itemtypes/backpacks/bagofmining",
        "dependsOn": [ { "modid": "bagofholding" } ]
    },
    {
        "op": "add",
        "path": "/attributes/onmoldrackTransformByType",
        "value": {
            "*": {
                "translation": {
                    "x": 0.11,
                    "y": 0.4,
                    "z": -0.4
                },
                "rotation": {
                    "x": 0,
                    "y": 90,
                    "z": 0
                },
                "origin": {
                    "x": 0.5,
                    "y": 0.0,
                    "z": 0.5
                },
                "scale": 0.4
            }
        },
        "file": "bagofholding:itemtypes/backpacks/greaterbagofholding",
        "dependsOn": [ { "modid": "bagofholding" } ]
    },
    {
        "op": "add",
        "path": "/attributes/onmoldrackTransformByType",
        "value": {
            "*": {
                "translation": {
                    "x": 0.11,
                    "y": 0.4,
                    "z": -0.4
                },
                "rotation": {
                    "x": 0,
                    "y": 90,
                    "z": 0
                },
                "origin": {
                    "x": 0.5,
                    "y": 0.0,
                    "z": 0.5
                },
                "scale": 0.4
            }
        },
        "file": "bagofholding:itemtypes/backpacks/lesserbagofholding",
        "dependsOn": [ { "modid": "bagofholding" } ]
    }


]