[

    {
        "op": "add",
        "path": "/attributes/onmoldrackTransformByType",
        "value": {
            "*": {
                "translation": {
                    "x": 0.002,
                    "y": 0,
                    "z": 0
                },
                "rotation": {
                    "x": 0,
                    "y": 90,
                    "z": 0
                },
                "origin": {
                    "x": 0.5,
                    "y": 0.0,
                    "z": 0.5
                },
                "scale": 1.2
            }
        },
        "file": "bookends:itemtypes/bookend/bookend",
        "dependsOn": [ { "modid": "bookends" } ]
    }
   

]