[

    {
        "op": "add",
        "path": "/attributes/onmoldrackTransformByType",
        "value": {
            "*": {
                "translation": {
                    "x": 0.0,
                    "y": 0.0,
                    "z": 0
                },
                "rotation": {
                    "x": 0,
                    "y": 0,
                    "z": 0
                },
                "origin": {
                    "x": 0.5,
                    "y": 0.0,
                    "z": 0.5
                },
                "scale": 0.8
            }
        },
        "file": "desk-frame:blocktypes/block/desk-landscape",
        "dependsOn": [ { "modid": "deskpictureframe" } ]
    },

    {
        "op": "add",
        "path": "/attributes/onmoldrackTransformByType",
        "value": {
            "*": {
                "translation": {
                    "x": 0.0,
                    "y": 0.0,
                    "z": 0
                },
                "rotation": {
                    "x": 0,
                    "y": 0,
                    "z": 0
                },
                "origin": {
                    "x": 0.5,
                    "y": 0.0,
                    "z": 0.5
                },
                "scale": 0.8
            }
        },
        "file": "desk-frame:blocktypes/block/desk-portrait",
        "dependsOn": [ { "modid": "deskpictureframe" } ]
    },

    {
        "op": "add",
        "path": "/attributes/onmoldrackTransformByType",
        "value": {
            "*": {
                "translation": {
                    "x": 0.0,
                    "y": 0.0,
                    "z": 0
                },
                "rotation": {
                    "x": 0,
                    "y": 0,
                    "z": 0
                },
                "origin": {
                    "x": 0.5,
                    "y": 0.0,
                    "z": 0.5
                },
                "scale": 0.8
            }
        },
        "file": "desk-frame:blocktypes/block/desk-landscape-single",
        "dependsOn": [ { "modid": "deskpictureframe" } ]
    },

    {
        "op": "add",
        "path": "/attributes/onmoldrackTransformByType",
        "value": {
            "*": {
                "translation": {
                    "x": 0.0,
                    "y": 0.0,
                    "z": 0
                },
                "rotation": {
                    "x": 0,
                    "y": 0,
                    "z": 0
                },
                "origin": {
                    "x": 0.5,
                    "y": 0.0,
                    "z": 0.5
                },
                "scale": 0.8
            }
        },
        "file": "desk-frame:blocktypes/block/desk-portrait-single",
        "dependsOn": [ { "modid": "deskpictureframe" } ]
    }


]