[
    {
        "op": "add",
        "path": "/attributes",
        "value": {},
        "file": "dreamcatchers:blocktypes/dreamcatcher",
        "dependsOn": [ { "modid": "dreamcatchers" } ]
    },

    {
        "op": "add",
        "path": "/attributes/onmoldrackTransformByType",
        "value": {
            "*": {
                "translation": {
                    "x": 0,
                    "y": 0.1,
                    "z": 0.4
                },
                "rotation": {
                    "x": 0,
                    "y": 0,
                    "z": 0
                },
                "origin": {
                    "x": 0.5,
                    "y": 0.0,
                    "z": 0.5
                },
                "scale": 1.0
            }
        },
        "file": "dreamcatchers:blocktypes/dreamcatcher",
        "dependsOn": [ { "modid": "dreamcatchers" } ]
    },
    {
        "op": "add",
        "path": "/attributes/onmoldrackTransformByType",
        "value": {
            "*": {
                "translation": {
                    "x": 0,
                    "y": 0.0,
                    "z": 0.0
                },
                "rotation": {
                    "x": 0,
                    "y": -90,
                    "z": 0
                },
                "origin": {
                    "x": 0.5,
                    "y": 0.0,
                    "z": 0.5
                },
                "scale": 0.7
            }
        },
        "file": "dreamcatchers:itemtypes/awl",
        "dependsOn": [ { "modid": "dreamcatchers" } ]
    },
    {
        "op": "add",
        "path": "/attributes/onmoldrackTransformByType",
        "value": {
            "*": {
                "translation": {
                    "x": 0,
                    "y": 0.0,
                    "z": 0.0
                },
                "rotation": {
                    "x": 0,
                    "y": -90,
                    "z": 0
                },
                "origin": {
                    "x": 0.5,
                    "y": 0.0,
                    "z": 0.5
                },
                "scale": 0.7
            }
        },
        "file": "dreamcatchers:itemtypes/file",
        "dependsOn": [ { "modid": "dreamcatchers" } ]
    }
]