[

    {
        "op": "add",
        "path": "/attributes/onmoldrackTransformByType",
        "value": {
            "*": {
                "translation": {
                    "x": 0.0,
                    "y": 0.0,
                    "z": 0.0
                },
                "rotation": {
                    "x": 0,
                    "y": 0,
                    "z": 0
                },
                "origin": {
                    "x": 0.5,
                    "y": 0.0,
                    "z": 0.5
                },
                "scale": 0.3
            }
        },
        "file": "figurines-seasons:itemtypes/halloween/halloween-nom",
        "dependsOn": [ { "modid": "figurinesseasons" } ]
    },
    {
        "op": "add",
        "path": "/attributes/onmoldrackTransformByType",
        "value": {
            "*": {
                "translation": {
                    "x": 0.0,
                    "y": 0.0,
                    "z": 0.0
                },
                "rotation": {
                    "x": 0,
                    "y": 90,
                    "z": 0
                },
                "origin": {
                    "x": 0.5,
                    "y": 0.0,
                    "z": 0.5
                },
                "scale": 0.6
            }
        },
        "file": "figurines-seasons:itemtypes/figurine-box/halloween-nom-box",
        "dependsOn": [ { "modid": "figurinesseasons" } ]
    }
   
]