[

    {
        "op": "add",
        "path": "/attributes/onmoldrackTransformByType",
        "value": {
            "*": {
                "translation": {
                    "x": 0,
                    "y": 0,
                    "z": 0
                },
                "rotation": {
                    "x": 0,
                    "y": 128,
                    "z": 0
                },
                "origin": {
                    "x": 0.5,
                    "y": 0.0,
                    "z": 0.5
                },
                "scale": 0.8
            }
        },
        "file": "liquidcontainers:blocktypes/watercontainer/watercontainer",
        "dependsOn": [ { "modid": "liquidcontainers" } ]
    },

    {
        "op": "add",
        "path": "/attributes/onmoldrackTransformByType",
        "value": {
            "*": {
                "translation": {
                    "x": 0,
                    "y": 0,
                    "z": 0
                },
                "rotation": {
                    "x": 0,
                    "y": 48,
                    "z": 0
                },
                "origin": {
                    "x": 0.5,
                    "y": 0.0,
                    "z": 0.5
                },
                "scale": 0.8
            }
        },
        "file": "liquidcontainers:blocktypes/watercontainer/watercontainermetal",
        "dependsOn": [ { "modid": "liquidcontainers" } ]
    }



]