[

    {
        "op": "add",
        "path": "/attributes/onmoldrackTransformByType",
        "value": {
            "*": {
                "translation": {
                    "x": 0,
                    "y": 0,
                    "z": 0
                },
                "rotation": {
                    "x": 0,
                    "y": 0,
                    "z": 0
                },
                "origin": {
                    "x": 0.5,
                    "y": 0.0,
                    "z": 0.5
                },
                "scale": 0.8
            }
        },
        "file": "maketeaforked:blocktypes/clay/mug",
        "dependsOn": [ { "modid": "maketeaforked" } ]
    },

    {
        "op": "add",
        "path": "/attributes/onmoldrackTransformByType",
        "value": {
            "*": {
                "translation": {
                    "x": 0,
                    "y": 0,
                    "z": 0
                },
                "rotation": {
                    "x": 0,
                    "y": 0,
                    "z": 0
                },
                "origin": {
                    "x": 0.5,
                    "y": 0.0,
                    "z": 0.5
                },
                "scale": 0.8
            }
        },
        "file": "maketeaforked:blocktypes/clay/teapot",
        "dependsOn": [ { "modid": "maketeaforked" } ]
    },

    {
        "op": "add",
        "path": "/attributes/onmoldrackTransformByType",
        "value": {
            "*": {
                "translation": {
                    "x": 0,
                    "y": 0,
                    "z": 0
                },
                "rotation": {
                    "x": 0,
                    "y": 0,
                    "z": 0
                },
                "origin": {
                    "x": 0.5,
                    "y": 0.0,
                    "z": 0.5
                },
                "scale": 0.8
            }
        },
        "file": "maketeaforked:itemtypes/liquid/tea",
        "dependsOn": [ { "modid": "maketeaforked" } ]
    }


]