[

    {
        "op": "add",
        "path": "/attributes/onmoldrackTransformByType",
        "value": {
            "*": {
                "translation": {
                    "x": 0.0,
                    "y": 0.0,
                    "z": 0.0
                },
                "rotation": {
                    "x": 0,
                    "y": 0,
                    "z": 0
                },
                "origin": {
                    "x": 0.5,
                    "y": 0.0,
                    "z": 0.5
                },
                "scale": 0.5
            }
        },
        "file": "apelanterns:blocktypes/apefloatinglantern",
        "dependsOn": [ { "modid": "apelanterns" } ]
    },
    {
        "op": "add",
        "path": "/attributes",
        "value": {},
        "file": "apelanterns:blocktypes/apepaperlantern",
        "dependsOn": [ { "modid": "apelanterns" } ]
    },
    {
        "op": "add",
        "path": "/attributes/onmoldrackTransformByType",
        "value": {
            "*": {
                "translation": {
                    "x": 0.0,
                    "y": 0.0,
                    "z": 0.0
                },
                "rotation": {
                    "x": 0,
                    "y": 0,
                    "z": 0
                },
                "origin": {
                    "x": 0.5,
                    "y": 0.0,
                    "z": 0.5
                },
                "scale": 0.6
            }
        },
        "file": "apelanterns:blocktypes/apepaperlantern",
        "dependsOn": [ { "modid": "apelanterns" } ]
    }


]