[

    {
        "op": "add",
        "path": "/attributes/onmoldrackTransformByType",
        "value": {
            "*": {
                "translation": {
                    "x": 0.0,
                    "y": 0.0,
                    "z": 0.0
                },
                "rotation": {
                    "x": 0,
                    "y": 0,
                    "z": -90
                },
                "origin": {
                    "x": 0.5,
                    "y": 0.0,
                    "z": 0.5
                },
                "scale": 0.25
            }
        },
        "file": "pencil:itemtype/pencil",
        "dependsOn": [ { "modid": "pencil" } ]
    }


]