[

    {
        "op": "add",
        "path": "/attributes/onmoldrackTransformByType",
        "value": {
            "*": {
                "translation": {
                    "x": 0.62,
                    "y": -1.18,
                    "z": 0
                },
                "rotation": {
                    "x": 0,
                    "y": -30,
                    "z": 0
                },
                "origin": {
                    "x": 0.5,
                    "y": 0.0,
                    "z": 0.5
                },
                "scale": 0.8
            }
        },
        "file": "pipeleaf:itemtypes/antlerpipe",
        "dependsOn": [ { "modid": "pipeleaf" } ]
    },

    {
        "op": "add",
        "path": "/attributes/onmoldrackTransformByType",
        "value": {
            "*": {
                "translation": {
                    "x": 0.62,
                    "y": -1.18,
                    "z": 0
                },
                "rotation": {
                    "x": 0,
                    "y": -30,
                    "z": 0
                },
                "origin": {
                    "x": 0.5,
                    "y": 0.0,
                    "z": 0.5
                },
                "scale": 0.8
            }
        },
        "file": "pipeleaf:itemtypes/briarburl",
        "dependsOn": [ { "modid": "pipeleaf" } ]
    },

    {
        "op": "add",
        "path": "/attributes/onmoldrackTransformByType",
        "value": {
            "*": {
                "translation": {
                    "x": 0,
                    "y": 0,
                    "z": 0
                },
                "rotation": {
                    "x": 0,
                    "y": 0,
                    "z": 0
                },
                "origin": {
                    "x": 0.5,
                    "y": 0.0,
                    "z": 0.5
                },
                "scale": 0.8
            }
        },
        "file": "pipeleaf:itemtypes/claysmokingpipe",
        "dependsOn": [ { "modid": "pipeleaf" } ]
    },

    {
        "op": "add",
        "path": "/attributes/onmoldrackTransformByType",
        "value": {
            "*": {
                "translation": {
                    "x": 0,
                    "y": 0,
                    "z": 0
                },
                "rotation": {
                    "x": 0,
                    "y": 0,
                    "z": 0
                },
                "origin": {
                    "x": 0.5,
                    "y": 0.0,
                    "z": 0.5
                },
                "scale": 0.8
            }
        },
        "file": "pipeleaf:itemtypes/matches",
        "dependsOn": [ { "modid": "pipeleaf" } ]
    },

    {
        "op": "add",
        "path": "/attributes/onmoldrackTransformByType",
        "value": {
            "*": {
                "translation": {
                    "x": 0,
                    "y": 0,
                    "z": 0
                },
                "rotation": {
                    "x": 0,
                    "y": 0,
                    "z": 0
                },
                "origin": {
                    "x": 0.5,
                    "y": 0.0,
                    "z": 0.5
                },
                "scale": 0.25
            }
        },
        "file": "pipeleaf:itemtypes/pipelighter",
        "dependsOn": [ { "modid": "pipeleaf" } ]
    },

    {
        "op": "add",
        "path": "/attributes/onmoldrackTransformByType",
        "value": {
            "*": {
                "translation": {
                    "x": 0.7,
                    "y": -1.14,
                    "z": 0.1
                },
                "rotation": {
                    "x": 12,
                    "y": -6,
                    "z": 0
                },
                "origin": {
                    "x": 0.5,
                    "y": 0.0,
                    "z": 0.5
                },
                "scale": 0.8
            }
        },
        "file": "pipeleaf:itemtypes/smokingpipe",
        "dependsOn": [ { "modid": "pipeleaf" } ]
    }
]