[

    {
        "op": "add",
        "path": "/attributes/onmoldrackTransformByType",
        "value": {
            "*": {
                "translation": {
                    "x": 0.2,
                    "y": 0.1,
                    "z": 0.5
                },
                "rotation": {
                    "x": -90,
                    "y": -90,
                    "z": -100
                },
                "origin": {
                    "x": 0.5,
                    "y": 0.0,
                    "z": 0.5
                },
                "scale": 0.8
            }
        },
        "file": "backracks:itemtypes/basketbackrack-normal",
        "dependsOn": [ { "modid": "primitivebackpacks" } ]
    },

    {
        "op": "add",
        "path": "/attributes/onmoldrackTransformByType",
        "value": {
            "*": {
                "translation": {
                    "x": 0,
                    "y": 0.0,
                    "z": 0.5
                },
                "rotation": {
                    "x": -90,
                    "y": -90,
                    "z": -106
                },
                "origin": {
                    "x": 0.5,
                    "y": 0.0,
                    "z": 0.5
                },
                "scale": 0.8
            }
        },
        "file": "backracks:itemtypes/firewoodbackrack-normal",
        "dependsOn": [ { "modid": "primitivebackpacks" } ]
    }

]