[

    {
        "op": "add",
        "path": "/attributes/onmoldrackTransformByType",
        "value": {
            "*": {
                "translation": {
                    "x": 0.48,
                    "y": -1.27,
                    "z": 0.2
                },
                "rotation": {
                    "x": 0,
                    "y": 70,
                    "z": 0
                },
                "origin": {
                    "x": 0.5,
                    "y": 0.0,
                    "z": 0.5
                },
                "scale": 0.8
            }
        },
        "file": "strangeglasses:itemtypes/wearable/seraph/face/strangeglasses",
        "dependsOn": [ { "modid": "strangeglasses" } ]
    }
    

]