[

    {
        "op": "add",
        "path": "/attributes/windowShelfTransform",
        "value": {
            "*": {
                "translation": {
                    "x": 0,
                    "y": 0.26,
                    "z": -0.1
                },
                "rotation": {
                    "x": 0,
                    "y": -79,
                    "z": -90
                },
                "origin": {
                    "x": 0.5,
                    "y": 0.0,
                    "z": 0.5
                },
                "scale": 0.8
            }
        },
        "file": "spyglass:itemtypes/spyglass",
        "dependsOn": [ { "modid": "spyglass" } ]
    }
    
]