[

    {
        "op": "add",
        "path": "/attributes/onmoldrackTransformByType",
        "value": {
            "*": {
                "translation": {
                    "x": -0.15,
                    "y": 0.08,
                    "z": 0
                },
                "rotation": {
                    "x": 0,
                    "y": 179,
                    "z": 2
                },
                "origin": {
                    "x": 0.5,
                    "y": 0.0,
                    "z": 0.5
                },
                "scale": 0.8
            }
        },
        "file": "walkingstick:itemtypes/tool/walkingsticks/walkingstick",
        "dependsOn": [ { "modid": "walkingstick" } ]
    },

    {
        "op": "add",
        "path": "/attributes/onmoldrackTransformByType",
        "value": {
            "*": {
                "translation": {
                    "x": -0.15,
                    "y": 0.1,
                    "z": 0.1
                },
                "rotation": {
                    "x": 90,
                    "y": -5,
                    "z": -177
                },
                "origin": {
                    "x": 0.5,
                    "y": 0.0,
                    "z": 0.5
                },
                "scale": 0.8
            }
        },
        "file": "walkingstick:itemtypes/tool/walkingsticks/walkingstick-cowskull",
        "dependsOn": [ { "modid": "walkingstick" } ]
    },

    {
        "op": "add",
        "path": "/attributes/onmoldrackTransformByType",
        "value": {
            "*": {
                "translation": {
                    "x": -0.15,
                    "y": 0.1,
                    "z": 0.1
                },
                "rotation": {
                    "x": -54,
                    "y": -171,
                    "z": -4
                },
                "origin": {
                    "x": 0.5,
                    "y": 0.0,
                    "z": 0.5
                },
                "scale": 0.8
            }
        },
        "file": "walkingstick:itemtypes/tool/walkingsticks/walkingstick-crude",
        "dependsOn": [ { "modid": "walkingstick" } ]
    },

    {
        "op": "add",
        "path": "/attributes/onmoldrackTransformByType",
        "value": {
            "*": {
                "translation": {
                    "x": -0.15,
                    "y": 0.1,
                    "z": 0.0
                },
                "rotation": {
                    "x": 0,
                    "y": -172,
                    "z": 2
                },
                "origin": {
                    "x": 0.5,
                    "y": 0.0,
                    "z": 0.5
                },
                "scale": 0.8
            }
        },
        "file": "walkingstick:itemtypes/tool/walkingsticks/walkingstick-lantern",
        "dependsOn": [ { "modid": "walkingstick" } ]
    },

    {
        "op": "add",
        "path": "/attributes/onmoldrackTransformByType",
        "value": {
            "*": {
                "translation": {
                    "x": -0.05,
                    "y": 0.1,
                    "z": 0.1
                },
                "rotation": {
                    "x": 0,
                    "y": 175,
                    "z": 2
                },
                "origin": {
                    "x": 0.5,
                    "y": 0.0,
                    "z": 0.5
                },
                "scale": 0.8
            }
        },
        "file": "walkingstick:itemtypes/tool/walkingsticks/walkingstick-reinforced",
        "dependsOn": [ { "modid": "walkingstick" } ]
    }




]