[
    {
        "op": "add",
        "path": "/attributes",
        "value": {},
        "file": "windchimes:blocktypes/dreamcatcher",
        "dependsOn": [ { "modid": "windchimes" } ]
    },
    {
        "op": "add",
        "path": "/attributes/onmoldrackTransformByType",
        "value": {
            "*": {
                "translation": {
                    "x": 0.6,
                    "y": 0.0,
                    "z": 0.0
                },
                "rotation": {
                    "x": 0,
                    "y": 0,
                    "z": 0
                },
                "origin": {
                    "x": 0.5,
                    "y": 0.0,
                    "z": 0.5
                },
                "scale": 0.4
            }
        },
        "file": "windchimes:blocktypes/dreamcatcher",
        "dependsOn": [ { "modid": "windchimes" } ]
    },
    {
        "op": "add",
        "path": "/attributes",
        "value": {},
        "file": "windchimes:blocktypes/windchime",
        "dependsOn": [ { "modid": "windchimes" } ]
    },
    {
        "op": "add",
        "path": "/attributes/onmoldrackTransformByType",
        "value": {
            "*": {
                "translation": {
                    "x": 0.6,
                    "y": 0.0,
                    "z": 0.0
                },
                "rotation": {
                    "x": 0,
                    "y": 0,
                    "z": 0
                },
                "origin": {
                    "x": 0.5,
                    "y": 0.0,
                    "z": 0.5
                },
                "scale": 0.4
            }
        },
        "file": "windchimes:blocktypes/windchime",
        "dependsOn": [ { "modid": "windchimes" } ]
    }


]