{
  "code": "armorarm",
  "class": "ItemWearable", //"ItemWearableSoulboundRM",
  "enabled": true,

  "storageFlags": 128,

  "variantgroups": [
    {
      "code": "type",
      "states": [

        //"etchedaurora", // increases potency of neutral magic
        //"radienttouch", // increases potency of light magic
        //"shadowsembrace", // increases potency of dark spells


        "elementalresonance", // decreases elemental aggro range?
        "travelerssoul", // runspeed
        "markofeternity", // buff duration increase
        "heartofharmony", // increases meditation amount per tick
        "codexofdestruction" // increases potency of attack magic


      ]
    }
  ],
  "skipVariants": [ "*-elementalresonance" ],

  //"transitionablePropsByType": {
  //  "*": [
  //    {
  //      "type": "Harden",
  //      "freshHours": { "avg": 0 },
  //      "transitionHours": { "avg": 4 },
  //      "transitionedStack": {
  //        "type": "item",
  //        "code": "game:rot"
  //      },
  //      "transitionRatio": 0
  //    }
  //  ]
  //},

  "behaviorsByType": {
    "*": [
      { "name": "CollectibleBehaviorMagicEquipStatsDisplayRM" }//,
      //{ "name": "CollectibleBehaviorHeldBagRM" }//,
      // { "name": "CollectibleBehaviorWearableSoulbindRM" }
    ]
  },

  "attributesByType": {
    "*": {
      "handbook": {
        "groupBy": [ "armorarm-*" ] //,
        //"extraSections": [
        //  {
        //    "title": "game:Created by",
        //    "text": "rustboundmagic:handbook-synthesis-text"
        //  }
        //]
      },

      //"accessorybagrm": {
      //  "quantitySlots": 10,
      //  "storageFlags": 131072,
      //  "slotBgColor": "#d6a7cc"
      //},

      "wearableAttachment": true,
      "clothescategory": "arm",
      "warmth": 0,

      "magicStatModifiersByType": {
        "*-elementalresonance": {
          "maxmana": 10
        },
        "*-travelerssoul": {
          "maxmana": 10,
          "walkspeedmodifier": 0.10
        },
        "*-markofeternity": {
          "maxmana": 10,
          "genericmodifierduration": 1.0
        },
        "*-heartofharmony": {
          "maxmana": 10,
          "meditationstabilitylossmodifier": 10,
          "immunitytorustsickness": 1,
          "immunitytoessenceexhaustion": 1,
          "immunitytospellscrollexhaustion": 1,
          "immunitytopetspawningexhaustion": 1,
          "grantspassiveskillclairvoyance": 1
        },
        "*-codexofdestruction": {
          "maxmana": 10,
          "genericmodifiercasttime": -1.0,
          //"maxmana": 10,
          //"manaregen": 1,
          //"buffdurationmodifier": 1,
          "genericmodifierdamage": 0.5 //,
          //"meditationstabilitylossmodifier": 1,
          //"walkspeedmodifier": 0.50
        }
      }
    }
  },

  "creativeinventory": {
    "general": [ "*" ],
    "items": [ "*" ],
    "clothing": [ "*" ],
    "rustboundmagicequipment": [ "*" ]
  },

  "shapeByType": {
    "*": {
      "base": "entities/humanoids/armorarm/temporal-bracelet"
    }
  },

  "texturesByType": {
    "*-elementalresonance": {
      "seraph": { "base": "game:block/transparent" },
      "default": { "base": "default" },
      "metal": { "base": "game:block/metal/ingot/uranium" },
      "arcanus": { "base": "game:block/stone/gem/onyx" },
      "manastone": { "base": "game:block/stone/gem/onyx" },
      //"smallgem": { "base": "game:block/stone/gem/lapislazuli" },
      //"biggem": { "base": "game:block/stone/gem/lapislazuli" },
      "biggemsocket": { "base": "rust-inert" },
      "socket": { "base": "rust-inert" },
      "energy": { "base": "default" }
    },
    "*-travelerssoul": {
      "seraph": { "base": "game:block/transparent" },
      "default": { "base": "default" },
      "metal": { "base": "game:block/metal/ingot/meteoriciron" },
      "arcanus": { "base": "game:block/stone/gem/sapphire" },
      "manastone": { "base": "game:block/stone/gem/sapphire" },
      //"smallgem": { "base": "game:block/stone/gem/lapislazuli" },
      //"biggem": { "base": "game:block/stone/gem/lapislazuli" },
      "biggemsocket": { "base": "rust-inert" },
      "socket": { "base": "rust-inert" },
      "energy": { "base": "default" }
    },
    "*-markofeternity": {
      "seraph": { "base": "game:block/transparent" },
      "default": { "base": "default" },
      "metal": { "base": "game:block/metal/ingot/silversolder" },
      "arcanus": { "base": "game:block/stone/gem/citrine" },
      "manastone": { "base": "game:block/stone/gem/citrine" },
      //"smallgem": { "base": "game:block/stone/gem/malachite" },
      //"biggem": { "base": "game:block/stone/gem/malachite" },
      "biggemsocket": { "base": "rust-inert" },
      "socket": { "base": "rust-inert" },
      "energy": { "base": "default" }
    },
    "*-heartofharmony": {
      "seraph": { "base": "game:block/transparent" },
      "default": { "base": "default" },
      "metal": { "base": "game:block/metal/ingot/bismuthbronze" },
      "arcanus": { "base": "game:block/stone/gem/diamond" },
      "manastone": { "base": "game:block/stone/gem/diamond" },
      //"smallgem": { "base": "game:block/stone/gem/ruby" },
      //"biggem": { "base": "game:block/stone/gem/citrine" },
      "biggemsocket": { "base": "rust-inert" },
      "socket": { "base": "rust-inert" },
      "energy": { "base": "default" }
    },
    "*-codexofdestruction": {
      "seraph": { "base": "game:block/transparent" },
      "default": { "base": "default" },
      "metal": { "base": "game:block/metal/ingot/blackbronze" },
      "arcanus": { "base": "game:block/stone/gem/ruby" },
      "manastone": { "base": "game:block/stone/gem/ruby" },
      //"smallgem": { "base": "game:block/stone/gem/ruby" },
      //"biggem": { "base": "game:block/stone/gem/ruby" },
      "biggemsocket": { "base": "rust-inert" },
      "socket": { "base": "rust-inert" },
      "energy": { "base": "default" }
    }
  },

  "heldTpUseAnimation": "interactstatic",

  "renderAlphaTest": 0.25,

  "fpHandTransformByType": {
    "*": {
      "translation": {
        "x": 0.6,
        "y": 0,
        "z": -0.5
      },
      "rotation": {
        "x": 180,
        "y": 42,
        "z": -29
      },
      "scale": 2.5
    }
  },
  "fpOffHandTransformByType": {
    "*": {
      "translation": {
        "x": 0.6,
        "y": 0,
        "z": -0.5
      },
      "rotation": {
        "x": 180,
        "y": 42,
        "z": -29
      },
      "scale": 5.5
    }
  },
  "tpHandTransformByType": {

    "*": {
      "translation": {
        "x": -0.8,
        "y": -1.2,
        "z": -1.1
      },
      "rotation": {
        "x": -13,
        "y": -64,
        "z": 49
      },
      "scale": 0.55
    } //,
    //"*": {
    //  "translation": {
    //    "x": -0.9,
    //    "y": -1,
    //    "z": -1
    //  },
    //  "rotation": {
    //    "x": -13,
    //    "y": -64,
    //    "z": 49
    //  },
    //  "scale": 0.55
    //}
  },
  "guiTransformByType": {
    "*": {
      "rotate": false,
      "translation": {
        "x": 0,
        "y": 0,
        "z": 0
      },
      "rotation": {
        "x": 180,
        "y": -32,
        "z": -8
      },
      "origin": {
        "x": 1.1,
        "y": 0.9,
        "z": 1.2
      },
      "scale": 4.5
    } //,
    //"*": {
    //  "rotate": false,
    //  "translation": {
    //    "x": 0,
    //    "y": 0,
    //    "z": 19
    //  },
    //  "rotation": {
    //    "x": 174,
    //    "y": -30,
    //    "z": 23
    //  },
    //  "origin": {
    //    "x": 0.52,
    //    "y": 0.78,
    //    "z": 0.5
    //  },
    //  "scale": 2.5
    //}
  },

  "groundTransform": {
    "translation": {
      "x": 0,
      "y": 0,
      "z": 0
    },
    "rotation": {
      "x": 0,
      "y": 0,
      "z": 0
    },
    "origin": {
      "x": 0.5,
      "y": 0.77,
      "z": 0.5
    },
    "scale": 4.5
  }
}
