[
	{
	"op": "addmerge",
	"path": "/attributes/handbook/excludeByType",
	"value": { "ore-olivine-syenite": true },
	"file": "game:blocktypes/stone/ore-ungraded.json",
	},
	{
	"op": "remove",
	"path": "/creativeinventory",
	"file": "game:blocktypes/stone/ore-ungraded.json",
	},
	{
	"op": "addmerge",
	"path": "/creativeinventoryByType",
	"value": { 
		"ore-olivine-syenite": {},
		"*": { "general": ["*"],
		"terrain": ["*"] }
	},
	"file": "game:blocktypes/stone/ore-ungraded.json",
	},

]