[
  {
    "key": "bw-creative",
    "name": "Black & White (Creative)",
    "include": [
      "creativeblock-64",
      "creativeblock-79"
    ],
    "except": [],
    "hideFromMenu": true,
    "validForHighPixelDensity": false,
    "validForLowPixelDensity": true
  },
  {
    "key": "bw-survival",
    "name": "Black & White (Survival)",
    "include": [
      "rock-basalt",
      "sand-chalk"
    ],
    "except": [],
    "hideFromMenu": true,
    "validForHighPixelDensity": false,
    "validForLowPixelDensity": true
  },
  {
    "key": "survival",
    "name": "Simple Survival Materials",
    "include": [
      "rock-*",
      "rockpolished-*",
      "sand-*",
      "rammed-light-plain",
      "plaster-plain"
    ],
    "except": [
      "rock-tuff",
      "sand-*-*"
    ],
    "validForHighPixelDensity": false,
    "validForLowPixelDensity": true
  },
  {
    "key": "survival",
    "name": "Survival Materials",
    "include": [
      "rock-*",
      "rockpolished-*",
      "cobblestone-*",
      "sand-*",
      "soil-*-none",
      "packeddirt",
      "gravel-*",
      "stonebricks-*",
      "planks-*-ud",
      "polishedrockold-full-*",
      "crackedrock-*",
      "daub-*",
      "rammed-light-*",
      "agedstonebricks-*",
      "muddygravel",
      "brickcourse-*",
      "claybricks-good-*",
      "refractorybricks-good-*",
      "plaster-plain",
      "plaster-square",
      "snowblock",
      "strawbedding"
    ],
    "except": [
      "rock-tuff",
      "crackedrock-tuff",
      "rock-scoria",
      "crackedrock-scoria",
      "soil-verylow-none",
      "gravel-*-*-*",
      "cobblestone-coral",
      "sand-*-*",
      "planks-rottenebony-*",
      "planks-agedebony-*"
    ],
    "validForHighPixelDensity": true,
    "validForLowPixelDensity": false
  },
  {
    "key": "stainedglass",
    "name": "Stained Glass",
    "include": [
      "glassslab-*-down-free",
      "glass-*"
    ],
    "except": [
      "glass-plain",
      "glass-vintage",
      "glassslab-plain-down-free",
      "glassslab-vintage-down-free"
    ],
    "validForHighPixelDensity": true,
    "validForLowPixelDensity": true
  },
  {
    "key": "stainedglassbasalt",
    "name": "Stained Glass + Basalt",
    "include": [
      "glassslab-*-down-free",
      "glass-*",
      "rock-basalt"
    ],
    "except": [
      "glass-plain",
      "glass-vintage",
      "glassslab-plain-down-free",
      "glassslab-vintage-down-free"
    ],
    "validForHighPixelDensity": true,
    "validForLowPixelDensity": true
  },
  {
    "key": "creative",
    "name": "Creative Blocks",
    "include": [
      "creativeblock-*"
    ],
    "except": [],
    "requiresCreativeMode": true,
    "validForHighPixelDensity": true,
    "validForLowPixelDensity": true
  },
  {
    "key": "creativecomp",
    "name": "Comprehensive (Creative + Survival)",
    "include": [
      "creativeblock-*",
      "rock-*",
      "rockpolished-*",
      "cobblestone-*",
      "sand-*",
      "soil-*-none",
      "packeddirt",
      "gravel-*",
      "stonebricks-*",
      "planks-*-ud",
      "polishedrockold-full-*",
      "polishedrockold-cobbled-*",
      "crackedrock-*",
      "daub-*",
      "rammed-light-*",
      "agedstonebricks-*",
      "randomizer-normal",
      "sludgygravel",
      "muddygravel",
      "dirtygravel-*",
      "cobbleskull-*",
      "rawclay-*-none",
      "ore-*",
      "brickcourse-*",
      "brickruin-*",
      "claybricks-good-*",
      "claybricks-uneven-*",
      "refractorybricks-good-*",
      "plaster-plain",
      "plaster-square",
      "snowblock",
      "strawbedding"
    ],
    "except": [
      "cobblestone-coral",
      "gravel-*-*-*",
      "sand-*-*"
    ],
    "requiresCreativeMode": true,
    "validForHighPixelDensity": true,
    "validForLowPixelDensity": false
  }
]