{
	"editor": {
		"allAngles": false,
		"entityTextureMode": false
	},
	"textureWidth": 16,
	"textureHeight": 16,
	"textureSizes": {
	},
	"textures": {
		"oak": "game:item/resource/plate/iron",
			 "temporal": "game:item/resource/temporalgear"
	},
	"elements": [
		{
			"name": "base",
			"from": [ 9.0, 0.0, 8.0 ],
			"to": [ 9.0, 0.0, 8.0 ],
			"rotationOrigin": [ 8.0, 0.0, 8.0 ],
			"faces": {
			},
			"children": [
				{
					"name": "long",
					"from": [ -8.8, 0.0, 0.0 ],
					"to": [ 7.2, 1.3, 1.0 ],
					"rotationOrigin": [ 0.0, 0.0, 0.0 ],
					"rotationY": -45.0,
					"faces": {
						"north": { "texture": "#oak", "uv": [ 0.0, 3.5, 16.0, 4.5 ] },
						"east": { "texture": "#oak", "uv": [ 1.5, 3.0, 2.5, 4.0 ] },
						"south": { "texture": "#oak", "uv": [ 0.0, 13.0, 16.0, 14.0 ] },
						"west": { "texture": "#oak", "uv": [ 1.0, 3.5, 2.0, 4.5 ] },
						"up": { "texture": "#oak", "uv": [ 0.0, 12.5, 16.0, 13.5 ] },
						"down": { "texture": "#oak", "uv": [ 0.0, 2.5, 16.0, 3.5 ] }
					}
				}
			]
		},
		{
			"name": "base ",
			"from": [ 12.5, -2.3, 13.5 ],
			"to": [ 13.5, 3.7, 14.7 ],
			"rotationOrigin": [ 14.0, 0.7, 14.0 ],
			"rotationX": -90.0,
			"rotationZ": -22.5,
			"faces": {
				"north": { "texture": "#temporal", "uv": [ 0.0, 0.0, 1.0, 6.0 ], "glow": 35 },
				"east": { "texture": "#temporal", "uv": [ 0.0, 0.0, 1.0, 6.0 ], "glow": 35 },
				"south": { "texture": "#temporal", "uv": [ 9.0, 9.0, 10.0, 15.0 ], "glow": 35 },
				"west": { "texture": "#temporal", "uv": [ 0.0, 0.0, 1.0, 6.0 ], "glow": 35 },
				"up": { "texture": "#temporal", "uv": [ 7.0, 6.0, 8.0, 7.0 ], "glow": 35 },
				"down": { "texture": "#temporal", "uv": [ 5.0, 5.0, 6.0, 6.0 ], "glow": 35 }
			},
			"children": [
				{
					"name": "vertical",
					"from": [ 2.0, 0.0, 0.0 ],
					"to": [ 3.0, 6.0, 1.2 ],
					"faces": {
						"north": { "texture": "#temporal", "uv": [ 6.0, 5.0, 7.0, 11.0 ], "glow": 35 },
						"east": { "texture": "#temporal", "uv": [ 5.0, 6.0, 6.0, 12.0 ], "glow": 35 },
						"south": { "texture": "#temporal", "uv": [ 13.0, 10.0, 14.0, 16.0 ], "glow": 35 },
						"west": { "texture": "#temporal", "uv": [ 0.0, 0.0, 1.0, 6.0 ], "glow": 35 },
						"up": { "texture": "#temporal", "uv": [ 3.0, 4.0, 4.0, 5.0 ], "glow": 35 },
						"down": { "texture": "#temporal", "uv": [ 0.0, 0.0, 1.0, 1.0 ], "glow": 35 }
					},
					"children": [
						{
							"name": "Cube1",
							"from": [ 0.5, 3.5, -0.1 ],
							"to": [ 0.7, 3.7, 1.9 ],
							"rotationOrigin": [ 0.6, 2.5, 0.0 ],
							"faces": {
								"north": { "texture": "#temporal", "uv": [ 0.0, 0.0, 0.0, 0.0 ], "glow": 35 },
								"east": { "texture": "#temporal", "uv": [ 0.0, 0.0, 2.0, 0.0 ], "glow": 35 },
								"south": { "texture": "#temporal", "uv": [ 0.0, 0.0, 0.0, 0.0 ], "glow": 35 },
								"west": { "texture": "#temporal", "uv": [ 0.0, 0.0, 2.0, 0.0 ], "glow": 35 },
								"up": { "texture": "#temporal", "uv": [ 0.0, 0.0, 0.0, 2.0 ], "glow": 35 },
								"down": { "texture": "#temporal", "uv": [ 0.0, 0.0, 0.0, 2.0 ], "glow": 35 }
							}
						},
						{
							"name": "Cube10",
							"from": [ -1.5, 2.4, -0.3 ],
							"to": [ -1.3, 2.6, 1.7 ],
							"rotationOrigin": [ 0.6, 2.5, 0.0 ],
							"faces": {
								"north": { "texture": "#temporal", "uv": [ 0.0, 0.0, 0.0, 0.0 ], "glow": 35 },
								"east": { "texture": "#temporal", "uv": [ 0.0, 0.0, 2.0, 0.0 ], "glow": 35 },
								"south": { "texture": "#temporal", "uv": [ 0.0, 0.0, 0.0, 0.0 ], "glow": 35 },
								"west": { "texture": "#temporal", "uv": [ 0.0, 0.0, 2.0, 0.0 ], "glow": 35 },
								"up": { "texture": "#temporal", "uv": [ 0.0, 0.0, 0.0, 2.0 ], "glow": 35 },
								"down": { "texture": "#temporal", "uv": [ 0.0, 0.0, 0.0, 2.0 ], "glow": 35 }
							}
						},
						{
							"name": "Cube11",
							"from": [ -1.0, 4.0, 0.4 ],
							"to": [ -0.8, 4.2, 2.4 ],
							"rotationOrigin": [ 0.6, 2.5, 0.0 ],
							"faces": {
								"north": { "texture": "#temporal", "uv": [ 0.0, 0.0, 0.0, 0.0 ], "glow": 35 },
								"east": { "texture": "#temporal", "uv": [ 0.0, 0.0, 2.0, 0.0 ], "glow": 35 },
								"south": { "texture": "#temporal", "uv": [ 0.0, 0.0, 0.0, 0.0 ], "glow": 35 },
								"west": { "texture": "#temporal", "uv": [ 0.0, 0.0, 2.0, 0.0 ], "glow": 35 },
								"up": { "texture": "#temporal", "uv": [ 0.0, 0.0, 0.0, 2.0 ], "glow": 35 },
								"down": { "texture": "#temporal", "uv": [ 0.0, 0.0, 0.0, 2.0 ], "glow": 35 }
							}
						},
						{
							"name": "Cube12",
							"from": [ -0.2, 2.0, -0.5 ],
							"to": [ 0.0, 2.2, 1.5 ],
							"rotationOrigin": [ 0.6, 2.5, 0.0 ],
							"faces": {
								"north": { "texture": "#temporal", "uv": [ 0.0, 0.0, 0.0, 0.0 ], "glow": 35 },
								"east": { "texture": "#temporal", "uv": [ 0.0, 0.0, 2.0, 0.0 ], "glow": 35 },
								"south": { "texture": "#temporal", "uv": [ 0.0, 0.0, 0.0, 0.0 ], "glow": 35 },
								"west": { "texture": "#temporal", "uv": [ 0.0, 0.0, 2.0, 0.0 ], "glow": 35 },
								"up": { "texture": "#temporal", "uv": [ 0.0, 0.0, 0.0, 2.0 ], "glow": 35 },
								"down": { "texture": "#temporal", "uv": [ 0.0, 0.0, 0.0, 2.0 ], "glow": 35 }
							}
						}
					]
				},
				{
					"name": "horizontal 1",
					"from": [ -1.5, 3.5, -0.1 ],
					"to": [ 4.5, 4.5, 1.3 ],
					"faces": {
						"north": { "texture": "#temporal", "uv": [ 0.0, 1.0, 6.0, 2.0 ], "glow": 35 },
						"east": { "texture": "#temporal", "uv": [ 4.0, 0.0, 5.0, 1.0 ], "glow": 35 },
						"south": { "texture": "#temporal", "uv": [ 3.0, 7.0, 9.0, 8.0 ], "glow": 35 },
						"west": { "texture": "#temporal", "uv": [ 6.0, 7.0, 7.0, 8.0 ], "glow": 35 },
						"up": { "texture": "#temporal", "uv": [ 0.0, 1.0, 6.0, 2.0 ], "glow": 35 },
						"down": { "texture": "#temporal", "uv": [ 0.0, 0.0, 6.0, 1.0 ], "glow": 35 }
					}
				},
				{
					"name": "horizontal 2",
					"from": [ -1.5, 1.5, -0.1 ],
					"to": [ 4.5, 2.5, 1.3 ],
					"faces": {
						"north": { "texture": "#temporal", "uv": [ 0.0, 0.0, 6.0, 1.0 ], "glow": 35 },
						"east": { "texture": "#temporal", "uv": [ 2.0, 11.0, 3.0, 12.0 ], "glow": 35 },
						"south": { "texture": "#temporal", "uv": [ 9.0, 6.0, 15.0, 7.0 ], "glow": 35 },
						"west": { "texture": "#temporal", "uv": [ 13.0, 12.0, 14.0, 13.0 ], "glow": 35 },
						"up": { "texture": "#temporal", "uv": [ 0.0, 0.0, 6.0, 1.0 ], "glow": 35 },
						"down": { "texture": "#temporal", "uv": [ 0.0, 0.0, 6.0, 1.0 ], "glow": 35 }
					}
				},
				{
					"name": "secondary vertical 1",
					"from": [ -1.0, 0.5, 0.1 ],
					"to": [ 0.0, 5.5, 1.1 ],
					"faces": {
						"north": { "texture": "#temporal", "uv": [ 0.0, 0.0, 1.0, 5.0 ], "glow": 35 },
						"east": { "texture": "#temporal", "uv": [ 0.0, 0.0, 1.0, 5.0 ], "glow": 35 },
						"south": { "texture": "#temporal", "uv": [ 3.0, 3.0, 4.0, 8.0 ], "glow": 35 },
						"west": { "texture": "#temporal", "uv": [ 0.0, 0.0, 1.0, 5.0 ], "glow": 35 },
						"up": { "texture": "#temporal", "uv": [ 11.0, 4.0, 12.0, 5.0 ], "glow": 35 },
						"down": { "texture": "#temporal", "uv": [ 3.0, 9.0, 4.0, 10.0 ], "glow": 35 }
					}
				},
				{
					"name": "secondary vertical 2",
					"from": [ 3.0, 0.5, 0.1 ],
					"to": [ 4.0, 5.5, 1.1 ],
					"faces": {
						"north": { "texture": "#temporal", "uv": [ 0.0, 0.0, 1.0, 5.0 ], "glow": 35 },
						"east": { "texture": "#temporal", "uv": [ 0.0, 0.0, 1.0, 5.0 ], "glow": 35 },
						"south": { "texture": "#temporal", "uv": [ 6.0, 1.0, 7.0, 6.0 ], "glow": 35 },
						"west": { "texture": "#temporal", "uv": [ 5.0, 6.0, 6.0, 11.0 ], "glow": 35 },
						"up": { "texture": "#temporal", "uv": [ 5.0, 3.0, 6.0, 4.0 ], "glow": 35 },
						"down": { "texture": "#temporal", "uv": [ 1.0, 10.0, 2.0, 11.0 ], "glow": 35 }
					}
				},
				{
					"name": "cube up",
					"from": [ 1.0, 4.5, 0.1 ],
					"to": [ 2.0, 5.5, 1.1 ],
					"faces": {
						"north": { "texture": "#temporal", "uv": [ 5.0, 13.0, 6.0, 14.0 ], "glow": 35 },
						"east": { "texture": "#temporal", "uv": [ 4.0, 6.0, 5.0, 7.0 ], "glow": 35 },
						"south": { "texture": "#temporal", "uv": [ 8.0, 6.0, 9.0, 7.0 ], "glow": 35 },
						"west": { "texture": "#temporal", "uv": [ 4.0, 11.0, 5.0, 12.0 ], "glow": 35 },
						"up": { "texture": "#temporal", "uv": [ 3.0, 4.0, 4.0, 5.0 ], "glow": 35 },
						"down": { "texture": "#temporal", "uv": [ 0.0, 0.0, 1.0, 1.0 ], "glow": 35 }
					}
				},
				{
					"name": "Cube16",
					"from": [ 1.0, 0.5, 0.1 ],
					"to": [ 2.0, 1.5, 1.1 ],
					"faces": {
						"north": { "texture": "#temporal", "uv": [ 0.0, 0.0, 1.0, 1.0 ], "glow": 35 },
						"east": { "texture": "#temporal", "uv": [ 0.0, 0.0, 1.0, 1.0 ], "glow": 35 },
						"south": { "texture": "#temporal", "uv": [ 13.0, 15.0, 14.0, 16.0 ], "glow": 35 },
						"west": { "texture": "#temporal", "uv": [ 0.0, 0.0, 1.0, 1.0 ], "glow": 35 },
						"up": { "texture": "#temporal", "uv": [ 2.0, 3.0, 3.0, 4.0 ], "glow": 35 },
						"down": { "texture": "#temporal", "uv": [ 2.0, 1.0, 3.0, 2.0 ], "glow": 35 }
					}
				}
			]
		}
	]}