[
	{
	"ingredientPattern": "H_,C_,RS",
	"ingredients": {
		"H": { "type": "item", "code": "game:hammer-*", "isTool": true, "toolDurabilityCost": 8 },
		"C": { "type": "item", "code": "game:chisel-*", "isTool": true, "toolDurabilityCost": 8 },
		"S": { "type": "item", "code": "game:saw-*", "isTool": true, "toolDurabilityCost": 8 },
		"R": { "type": "block", "code": "bricklayers:claytilesslab-dull-*-down-free", "name": "color", "quantity": 1 }
	},
	"width": 2,
	"height": 3,
	"output": { "type": "block", "code": "bricklayers:claytile-dull-{color}", "quantity": 6 }
	},

	{
	"ingredientPattern": "H_,C_,RS",
	"ingredients": {
		"H": { "type": "item", "code": "game:hammer-*", "isTool": true, "toolDurabilityCost": 16 },
		"C": { "type": "item", "code": "game:chisel-*", "isTool": true, "toolDurabilityCost": 16 },
		"S": { "type": "item", "code": "game:saw-*", "isTool": true, "toolDurabilityCost": 16 },
		"R": { "type": "block", "code": "bricklayers:claytiles-dull-*", "name": "color", "quantity": 1 }
	},
	"width": 2,
	"height": 3,
	"output": { "type": "block", "code": "bricklayers:claytile-dull-{color}", "quantity": 6 }
	},

	{
	"ingredientPattern": "H_,C_,RS",
	"ingredients": {
		"H": { "type": "item", "code": "game:hammer-*", "isTool": true, "toolDurabilityCost": 16 },
		"C": { "type": "item", "code": "game:chisel-*", "isTool": true, "toolDurabilityCost": 16 },
		"S": { "type": "item", "code": "game:saw-*", "isTool": true, "toolDurabilityCost": 16 },
		"R": { "type": "block", "code": "bricklayers:claytiles-polished-*", "name": "color", "quantity": 1 }
	},
	"width": 2,
	"height": 3,
	"output": { "type": "block", "code": "bricklayers:claytile-polished-{color}", "quantity": 6 }
	}
]
