{
	"code": "machinecharger",
	"class": "BlockMachineChargerVM",
	"entityclass": "BlockEntityMachineChargerVM",
	"enabled": true,

	"entityBehaviors": [
		{ "name": "MPConsumer" },
		{ "name": "Animatable" }
	],
	"behaviors": [
		{ "name": "Container" }
	],

	"creativeinventory": {
		"general": [ "*" ],
		"construction": [ "*" ],
		"viescraftmachines": [ "*" ]
	},

	"shapeinventory": { "base": "blocks/machinecharger" },

	"shapebytype": {
		"*": {
			"base": "blocks/machinecharger",
			"rotateY": 0
		}
	},

	"texturesbytype": {
		"*": {
			"default": { "base": "default" },
			"frame": { "base": "entities/machines/frame" },
			"metal": { "base": "entities/machines/metalbasic" },
			"panel": { "base": "entities/machines/panelbasic" },

			"rustyglow": { "base": "game:block/machine/statictranslocator/rustyglow" },
			"rustyglowon": { "base": "game:block/machine/statictranslocator/rustyglow" },
			"rustyglowoff": { "base": "game:block/machine/statictranslocator/rusty" },

			"vintageglass": { "base": "game:block/glass/vintage" },
			"wood": { "base": "game:block/wood/planks/generic" },
			"gold": { "base": "game:block/metal/plate/gold" },
			"lead2": { "base": "game:block/metal/sheet-plain/lead2" },
			"cupronickel1": { "base": "game:block/metal/sheet/cupronickel1" },
			"bituminous": { "base": "game:block/coal/bituminous" },
			"quartzglass": { "base": "game:block/glass/quartzglass" },
			"cupronickel12": { "base": "game:block/metal/sheet-plain/cupronickel1" },
			"gold2": { "base": "game:block/metal/sheet-plain/gold2" },
			"ebony": { "base": "game:block/wood/debarked/ebony" },
			"gold1": { "base": "game:block/metal/sheet-plain/gold1" },
			"temporal": { "base": "game:item/resource/temporalgear" },
			"lead": { "base": "game:block/metal/sheet-plain/lead1" },
			"tarnished-bronze": { "base": "game:block/metal/tarnished/tarnished-bronze" },
			"whitemarble2": { "base": "game:block/stone/rock/whitemarble1" },
			"patternscrolls": { "base": "game:block/machine/patternscrolls" },
			"plain": { "base": "game:block/wood/carved/acacia/normal/plain1" }
		}
	},

	"sounds": {
		"place": "game:block/rock-hit-pickaxe",
		"walk": "game:walk/stone"
	},

	"sidesolid": {
		"all": false
	},
	"sideopaque": {
		"all": false
	},



	"maxstacksize": 1,
	"blockmaterial": "Other",
	"materialDensity": 1200,
	"replaceable": 140,
	"resistance": 2,
	"lightAbsorption": 0,
	"heldTpIdleAnimation": "holdbothhandslarge",
	"heldTpUseAnimation": "twohandplaceblock",

	"tpHandTransform": {
		"translation": {
			"x": -1.23,
			"y": -0.91,
			"z": -0.8
		},
		"rotation": {
			"x": -2,
			"y": 25,
			"z": -78
		},
		"scale": 0.4
	}

}
