{
	"editor": {
		"allAngles": false,
		"entityTextureMode": false
	},
	"textureWidth": 32,
	"textureHeight": 32,
	"textureSizes": {
		"flax": [32,32]
	},
	"textures": {
		"flax": "game:block/food/grain/flax"
	},
	"elements": [
		{
			"name": "food_group",
			"from": [ 17.2, 0.0, -0.3 ],
			"to": [ 17.2, 0.0, -0.3 ],
			"rotationOrigin": [ 17.2, 0.0, -0.3 ],
			"faces": {
			},
			"children": [
				{
					"name": "top_group",
					"from": [ -17.2, 0.0, 0.3 ],
					"to": [ -17.2, 0.0, 0.3 ],
					"rotationOrigin": [ -17.2, 0.0, 0.3 ],
					"faces": {
					},
					"children": [
						{
							"name": "top2",
							"from": [ 26.85, 1.0, -0.35 ],
							"to": [ 27.85, 2.0, 11.85 ],
							"faces": {
								"north": { "texture": "#flax", "uv": [ 0.0, 0.0, 1.0, 1.0 ] },
								"east": { "texture": "#flax", "uv": [ 0.0, 0.0, 1.0, 1.0 ] },
								"south": { "texture": "#flax", "uv": [ 0.0, 0.0, 1.0, 1.0 ] },
								"west": { "texture": "#flax", "uv": [ 0.0, 0.0, 1.0, 1.0 ] },
								"up": { "texture": "#flax", "uv": [ 26.0, 15.0, 27.0, 27.2 ] },
								"down": { "texture": "#flax", "uv": [ 0.0, 0.0, 1.0, 1.0 ] }
							}
						},
						{
							"name": "top3",
							"from": [ 26.85, 1.0, -11.85 ],
							"to": [ 27.85, 2.0, -0.35 ],
							"faces": {
								"north": { "texture": "#flax", "uv": [ 0.0, 0.0, 1.0, 1.0 ] },
								"east": { "texture": "#flax", "uv": [ 0.0, 0.0, 1.0, 1.0 ] },
								"south": { "texture": "#flax", "uv": [ 0.0, 0.0, 1.0, 1.0 ] },
								"west": { "texture": "#flax", "uv": [ 0.0, 0.0, 1.0, 1.0 ] },
								"up": { "texture": "#flax", "uv": [ 26.0, 3.5, 27.0, 15.0 ] },
								"down": { "texture": "#flax", "uv": [ 0.0, 0.0, 1.0, 1.0 ] }
							}
						},
						{
							"name": "tub4",
							"from": [ 27.85, 1.0, -10.85 ],
							"to": [ 28.35, 2.0, -0.35 ],
							"faces": {
								"north": { "texture": "#flax", "uv": [ 0.0, 0.0, 1.0, 1.0 ] },
								"east": { "texture": "#flax", "uv": [ 0.0, 0.0, 1.0, 1.0 ] },
								"south": { "texture": "#flax", "uv": [ 0.0, 0.0, 1.0, 1.0 ] },
								"west": { "texture": "#flax", "uv": [ 0.0, 0.0, 1.0, 1.0 ] },
								"up": { "texture": "#flax", "uv": [ 27.0, 4.5, 27.5, 15.0 ] },
								"down": { "texture": "#flax", "uv": [ 0.0, 0.0, 1.0, 1.0 ] }
							}
						},
						{
							"name": "tub5",
							"from": [ 27.85, 1.0, -0.35 ],
							"to": [ 28.35, 2.0, 10.85 ],
							"faces": {
								"north": { "texture": "#flax", "uv": [ 0.0, 0.0, 1.0, 1.0 ] },
								"east": { "texture": "#flax", "uv": [ 0.0, 0.0, 1.0, 1.0 ] },
								"south": { "texture": "#flax", "uv": [ 0.0, 0.0, 1.0, 1.0 ] },
								"west": { "texture": "#flax", "uv": [ 0.0, 0.0, 1.0, 1.0 ] },
								"up": { "texture": "#flax", "uv": [ 27.0, 15.0, 27.5, 26.2 ] },
								"down": { "texture": "#flax", "uv": [ 0.0, 0.0, 1.0, 1.0 ] }
							}
						}
					]
				},
				{
					"name": "center_group",
					"from": [ -17.2, 0.0, 0.3 ],
					"to": [ -17.2, 0.0, 0.3 ],
					"rotationOrigin": [ -17.2, 0.0, 0.3 ],
					"faces": {
					},
					"children": [
						{
							"name": "centerNE",
							"from": [ 15.85, 1.0, -12.35 ],
							"to": [ 26.85, 2.0, -0.35 ],
							"faces": {
								"north": { "texture": "#flax", "uv": [ 0.0, 0.0, 1.0, 1.0 ] },
								"east": { "texture": "#flax", "uv": [ 0.0, 0.0, 1.0, 1.0 ] },
								"south": { "texture": "#flax", "uv": [ 0.0, 0.0, 1.0, 1.0 ] },
								"west": { "texture": "#flax", "uv": [ 0.0, 0.0, 1.0, 1.0 ] },
								"up": { "texture": "#flax", "uv": [ 15.0, 3.0, 26.0, 15.0 ] },
								"down": { "texture": "#flax", "uv": [ 0.0, 0.0, 1.0, 1.0 ] }
							}
						},
						{
							"name": "centerNW",
							"from": [ 5.15, 1.0, -12.35 ],
							"to": [ 15.85, 2.0, -0.35 ],
							"faces": {
								"north": { "texture": "#flax", "uv": [ 0.0, 0.0, 1.0, 1.0 ] },
								"east": { "texture": "#flax", "uv": [ 0.0, 0.0, 1.0, 1.0 ] },
								"south": { "texture": "#flax", "uv": [ 0.0, 0.0, 1.0, 1.0 ] },
								"west": { "texture": "#flax", "uv": [ 0.0, 0.0, 1.0, 1.0 ] },
								"up": { "texture": "#flax", "uv": [ 4.25, 3.0, 14.95, 15.0 ] },
								"down": { "texture": "#flax", "uv": [ 0.0, 0.0, 1.0, 1.0 ] }
							}
						},
						{
							"name": "centerSE",
							"from": [ 15.85, 1.0, -0.35 ],
							"to": [ 26.85, 2.0, 12.35 ],
							"faces": {
								"north": { "texture": "#flax", "uv": [ 0.0, 0.0, 1.0, 1.0 ] },
								"east": { "texture": "#flax", "uv": [ 0.0, 0.0, 1.0, 1.0 ] },
								"south": { "texture": "#flax", "uv": [ 0.0, 0.0, 1.0, 1.0 ] },
								"west": { "texture": "#flax", "uv": [ 0.0, 0.0, 1.0, 1.0 ] },
								"up": { "texture": "#flax", "uv": [ 15.0, 15.0, 26.0, 27.7 ] },
								"down": { "texture": "#flax", "uv": [ 0.0, 0.0, 1.0, 1.0 ] }
							}
						},
						{
							"name": "centerSW",
							"from": [ 5.15, 1.0, -0.35 ],
							"to": [ 15.85, 2.0, 12.35 ],
							"faces": {
								"north": { "texture": "#flax", "uv": [ 0.0, 0.0, 1.0, 1.0 ] },
								"east": { "texture": "#flax", "uv": [ 0.0, 0.0, 1.0, 1.0 ] },
								"south": { "texture": "#flax", "uv": [ 0.0, 0.0, 1.0, 1.0 ] },
								"west": { "texture": "#flax", "uv": [ 0.0, 0.0, 1.0, 1.0 ] },
								"up": { "texture": "#flax", "uv": [ 4.25, 15.0, 14.95, 27.7 ] },
								"down": { "texture": "#flax", "uv": [ 0.0, 0.0, 1.0, 1.0 ] }
							}
						}
					]
				},
				{
					"name": "lower_group",
					"from": [ -17.2, 0.0, 0.3 ],
					"to": [ -17.2, 0.0, 0.3 ],
					"rotationOrigin": [ -17.2, 0.0, 0.3 ],
					"faces": {
					},
					"children": [
						{
							"name": "lower1",
							"from": [ 4.15, 1.0, -11.85 ],
							"to": [ 5.15, 2.0, -0.35 ],
							"faces": {
								"north": { "texture": "#flax", "uv": [ 0.0, 0.0, 1.0, 1.0 ] },
								"east": { "texture": "#flax", "uv": [ 0.0, 0.0, 1.0, 1.0 ] },
								"south": { "texture": "#flax", "uv": [ 0.0, 0.0, 1.0, 1.0 ] },
								"west": { "texture": "#flax", "uv": [ 0.0, 0.0, 1.0, 1.0 ] },
								"up": { "texture": "#flax", "uv": [ 3.25, 3.5, 4.25, 15.0 ] },
								"down": { "texture": "#flax", "uv": [ 0.0, 0.0, 1.0, 1.0 ] }
							}
						},
						{
							"name": "lower2",
							"from": [ 3.65, 1.0, -0.35 ],
							"to": [ 4.15, 2.0, 10.85 ],
							"faces": {
								"north": { "texture": "#flax", "uv": [ 0.0, 0.0, 1.0, 1.0 ] },
								"east": { "texture": "#flax", "uv": [ 0.0, 0.0, 1.0, 1.0 ] },
								"south": { "texture": "#flax", "uv": [ 0.0, 0.0, 1.0, 1.0 ] },
								"west": { "texture": "#flax", "uv": [ 0.0, 0.0, 1.0, 1.0 ] },
								"up": { "texture": "#flax", "uv": [ 2.75, 15.0, 3.25, 26.2 ] },
								"down": { "texture": "#flax", "uv": [ 0.0, 0.0, 1.0, 1.0 ] }
							}
						},
						{
							"name": "lower3",
							"from": [ 4.15, 1.0, -0.35 ],
							"to": [ 5.15, 2.0, 11.85 ],
							"faces": {
								"north": { "texture": "#flax", "uv": [ 0.0, 0.0, 1.0, 1.0 ] },
								"east": { "texture": "#flax", "uv": [ 0.0, 0.0, 1.0, 1.0 ] },
								"south": { "texture": "#flax", "uv": [ 0.0, 0.0, 1.0, 1.0 ] },
								"west": { "texture": "#flax", "uv": [ 0.0, 0.0, 1.0, 1.0 ] },
								"up": { "texture": "#flax", "uv": [ 3.25, 15.0, 4.25, 27.2 ] },
								"down": { "texture": "#flax", "uv": [ 0.0, 0.0, 1.0, 1.0 ] }
							}
						},
						{
							"name": "lower4",
							"from": [ 3.65, 1.0, -10.85 ],
							"to": [ 4.15, 2.0, -0.35 ],
							"faces": {
								"north": { "texture": "#flax", "uv": [ 0.0, 0.0, 1.0, 1.0 ] },
								"east": { "texture": "#flax", "uv": [ 0.0, 0.0, 1.0, 1.0 ] },
								"south": { "texture": "#flax", "uv": [ 0.0, 0.0, 1.0, 1.0 ] },
								"west": { "texture": "#flax", "uv": [ 0.0, 0.0, 1.0, 1.0 ] },
								"up": { "texture": "#flax", "uv": [ 2.75, 4.5, 3.25, 15.0 ] },
								"down": { "texture": "#flax", "uv": [ 0.0, 0.0, 1.0, 1.0 ] }
							}
						}
					]
				},
				{
					"name": "Origin grain pile_group",
					"from": [ -1.2, 1.75, 0.05 ],
					"to": [ -1.2, 1.75, 0.05 ],
					"rotationOrigin": [ -1.2, 1.75, 0.05 ],
					"faces": {
					},
					"children": [
						{
							"name": "Cube1",
							"from": [ -2.0, 0.0, 0.0 ],
							"to": [ 8.0, 2.0, 10.0 ],
							"faces": {
								"north": { "texture": "#flax", "uv": [ 6.5, 5.5, 11.5, 6.5 ] },
								"east": { "texture": "#flax", "uv": [ 2.0, 8.0, 7.0, 9.0 ] },
								"south": { "texture": "#flax", "uv": [ 10.0, 7.5, 15.0, 8.5 ] },
								"west": { "texture": "#flax", "uv": [ 9.5, 5.0, 14.5, 6.0 ] },
								"up": { "texture": "#flax", "uv": [ 2.5, 2.0, 7.5, 7.0 ] },
								"down": { "texture": "#flax", "uv": [ 0.0, 0.0, 1.0, 1.0 ] }
							}
						},
						{
							"name": "Cube3",
							"from": [ -5.0, 0.0, -7.0 ],
							"to": [ -1.0, 2.0, -1.0 ],
							"faces": {
								"north": { "texture": "#flax", "uv": [ 12.0, 9.5, 14.0, 10.5 ] },
								"east": { "texture": "#flax", "uv": [ 0.5, 2.5, 3.5, 3.5 ] },
								"south": { "texture": "#flax", "uv": [ 3.5, 4.0, 5.5, 5.0 ] },
								"west": { "texture": "#flax", "uv": [ 5.5, 14.0, 8.5, 15.0 ] },
								"up": { "texture": "#flax", "uv": [ 5.0, 4.5, 7.0, 7.5 ] },
								"down": { "texture": "#flax", "uv": [ 0.0, 0.0, 1.0, 1.0 ] }
							}
						},
						{
							"name": "Cube5",
							"from": [ -8.0, 0.0, -9.0 ],
							"to": [ 6.0, 1.0, 4.0 ],
							"faces": {
								"north": { "texture": "#flax", "uv": [ 1.5, 12.5, 8.5, 13.0 ] },
								"east": { "texture": "#flax", "uv": [ 3.0, 6.0, 9.5, 6.5 ] },
								"south": { "texture": "#flax", "uv": [ 1.5, 15.0, 8.5, 15.5 ] },
								"west": { "texture": "#flax", "uv": [ 8.0, 5.5, 14.5, 6.0 ] },
								"up": { "texture": "#flax", "uv": [ 7.0, 8.5, 14.0, 15.0 ] },
								"down": { "texture": "#flax", "uv": [ 0.0, 0.0, 1.0, 1.0 ] }
							}
						},
						{
							"name": "Cube11",
							"from": [ -9.0, 0.0, -1.0 ],
							"to": [ -8.0, 1.0, 2.0 ],
							"faces": {
								"north": { "texture": "#flax", "uv": [ 5.0, 4.0, 5.5, 4.5 ] },
								"east": { "texture": "#flax", "uv": [ 0.0, 0.0, 1.0, 1.0 ] },
								"south": { "texture": "#flax", "uv": [ 9.0, 2.5, 9.5, 3.0 ] },
								"west": { "texture": "#flax", "uv": [ 0.5, 5.0, 2.0, 5.5 ] },
								"up": { "texture": "#flax", "uv": [ 8.0, 4.0, 8.5, 5.5 ] },
								"down": { "texture": "#flax", "uv": [ 0.0, 0.0, 1.0, 1.0 ] }
							}
						},
						{
							"name": "Cube13",
							"from": [ -1.0, 0.0, -6.0 ],
							"to": [ 5.0, 3.0, 6.0 ],
							"faces": {
								"north": { "texture": "#flax", "uv": [ 1.0, 8.0, 4.0, 9.5 ] },
								"east": { "texture": "#flax", "uv": [ 9.5, 11.5, 15.5, 13.0 ] },
								"south": { "texture": "#flax", "uv": [ 0.0, 0.0, 3.0, 1.5 ] },
								"west": { "texture": "#flax", "uv": [ 5.5, 10.0, 11.5, 11.5 ] },
								"up": { "texture": "#flax", "uv": [ 7.0, 7.5, 10.0, 13.5 ] },
								"down": { "texture": "#flax", "uv": [ 0.0, 0.0, 1.0, 1.0 ] }
							}
						},
						{
							"name": "Cube15",
							"from": [ 7.0, 0.2, -6.2 ],
							"to": [ 9.0, 1.2, -4.2 ],
							"faces": {
								"north": { "texture": "#flax", "uv": [ 13.5, 5.5, 14.5, 6.0 ] },
								"east": { "texture": "#flax", "uv": [ 9.0, 2.0, 10.0, 2.5 ] },
								"south": { "texture": "#flax", "uv": [ 14.5, 10.5, 15.5, 11.0 ] },
								"west": { "texture": "#flax", "uv": [ 0.0, 0.0, 1.0, 1.0 ] },
								"up": { "texture": "#flax", "uv": [ 7.5, 13.5, 8.5, 14.5 ] },
								"down": { "texture": "#flax", "uv": [ 0.0, 0.0, 1.0, 1.0 ] }
							}
						},
						{
							"name": "Cube16",
							"from": [ -5.0, 0.0, 1.0 ],
							"to": [ -2.0, 2.0, 3.0 ],
							"faces": {
								"north": { "texture": "#flax", "uv": [ 13.5, 4.0, 15.0, 5.0 ] },
								"east": { "texture": "#flax", "uv": [ 0.0, 0.0, 1.0, 1.0 ] },
								"south": { "texture": "#flax", "uv": [ 2.5, 11.5, 4.0, 12.5 ] },
								"west": { "texture": "#flax", "uv": [ 8.5, 12.0, 9.5, 13.0 ] },
								"up": { "texture": "#flax", "uv": [ 12.0, 8.0, 13.5, 9.0 ] },
								"down": { "texture": "#flax", "uv": [ 0.0, 0.0, 1.0, 1.0 ] }
							}
						},
						{
							"name": "Cube17",
							"from": [ -7.0, 0.0, 6.0 ],
							"to": [ 0.0, 1.0, 11.0 ],
							"faces": {
								"north": { "texture": "#flax", "uv": [ 4.5, 10.5, 8.0, 11.0 ] },
								"east": { "texture": "#flax", "uv": [ 7.5, 14.5, 10.0, 15.0 ] },
								"south": { "texture": "#flax", "uv": [ 12.0, 11.5, 15.5, 12.0 ] },
								"west": { "texture": "#flax", "uv": [ 12.5, 3.5, 15.0, 4.0 ] },
								"up": { "texture": "#flax", "uv": [ 11.5, 11.5, 15.0, 14.0 ] },
								"down": { "texture": "#flax", "uv": [ 0.0, 0.0, 1.0, 1.0 ] }
							}
						},
						{
							"name": "Cube18",
							"from": [ 1.0, 0.0, 10.0 ],
							"to": [ 4.0, 1.0, 12.0 ],
							"faces": {
								"north": { "texture": "#flax", "uv": [ 0.0, 0.0, 1.0, 1.0 ] },
								"east": { "texture": "#flax", "uv": [ 6.0, 3.5, 7.0, 4.0 ] },
								"south": { "texture": "#flax", "uv": [ 3.5, 8.5, 5.0, 9.0 ] },
								"west": { "texture": "#flax", "uv": [ 9.0, 3.0, 10.0, 3.5 ] },
								"up": { "texture": "#flax", "uv": [ 13.5, 10.0, 15.0, 11.0 ] },
								"down": { "texture": "#flax", "uv": [ 0.0, 0.0, 1.0, 1.0 ] }
							}
						},
						{
							"name": "Cube19",
							"from": [ 3.0, 0.0, -7.0 ],
							"to": [ 7.0, 2.0, -3.0 ],
							"faces": {
								"north": { "texture": "#flax", "uv": [ 8.5, 13.0, 10.5, 14.0 ] },
								"east": { "texture": "#flax", "uv": [ 13.5, 9.0, 15.5, 10.0 ] },
								"south": { "texture": "#flax", "uv": [ 0.5, 10.0, 2.5, 11.0 ] },
								"west": { "texture": "#flax", "uv": [ 6.5, 6.5, 8.5, 7.5 ] },
								"up": { "texture": "#flax", "uv": [ 2.0, 11.5, 4.0, 13.5 ] },
								"down": { "texture": "#flax", "uv": [ 0.0, 0.0, 1.0, 1.0 ] }
							}
						},
						{
							"name": "Cube20",
							"from": [ 5.0, 0.0, -3.0 ],
							"to": [ 11.0, 1.0, 3.0 ],
							"faces": {
								"north": { "texture": "#flax", "uv": [ 7.0, 1.5, 10.0, 2.0 ] },
								"east": { "texture": "#flax", "uv": [ 11.5, 6.0, 14.5, 6.5 ] },
								"south": { "texture": "#flax", "uv": [ 5.5, 7.5, 8.5, 8.0 ] },
								"west": { "texture": "#flax", "uv": [ 0.0, 0.0, 1.0, 1.0 ] },
								"up": { "texture": "#flax", "uv": [ 10.0, 11.0, 13.0, 14.0 ] },
								"down": { "texture": "#flax", "uv": [ 0.0, 0.0, 1.0, 1.0 ] }
							}
						},
						{
							"name": "Cube21",
							"from": [ 7.0, 0.0, -9.0 ],
							"to": [ 9.0, 1.0, -7.0 ],
							"faces": {
								"north": { "texture": "#flax", "uv": [ 6.5, 5.0, 7.5, 5.5 ] },
								"east": { "texture": "#flax", "uv": [ 2.0, 10.0, 3.0, 10.5 ] },
								"south": { "texture": "#flax", "uv": [ 0.0, 13.5, 1.0, 14.0 ] },
								"west": { "texture": "#flax", "uv": [ 14.5, 9.5, 15.5, 10.0 ] },
								"up": { "texture": "#flax", "uv": [ 3.5, 8.0, 4.5, 9.0 ] },
								"down": { "texture": "#flax", "uv": [ 0.0, 0.0, 1.0, 1.0 ] }
							}
						},
						{
							"name": "Cube22",
							"from": [ -9.0, 0.2, -8.0 ],
							"to": [ -8.0, 1.2, -6.0 ],
							"faces": {
								"north": { "texture": "#flax", "uv": [ 6.5, 2.5, 7.0, 3.0 ] },
								"east": { "texture": "#flax", "uv": [ 0.0, 5.5, 1.0, 6.0 ] },
								"south": { "texture": "#flax", "uv": [ 0.0, 0.0, 1.0, 1.0 ] },
								"west": { "texture": "#flax", "uv": [ 14.5, 8.5, 15.5, 9.0 ] },
								"up": { "texture": "#flax", "uv": [ 11.0, 5.5, 11.5, 6.5 ] },
								"down": { "texture": "#flax", "uv": [ 0.0, 0.0, 1.0, 1.0 ] }
							}
						},
						{
							"name": "Cube23",
							"from": [ -10.0, 0.0, -6.0 ],
							"to": [ -6.0, 2.0, -2.0 ],
							"faces": {
								"north": { "texture": "#flax", "uv": [ 2.5, 12.0, 4.5, 13.0 ] },
								"east": { "texture": "#flax", "uv": [ 9.0, 11.0, 11.0, 12.0 ] },
								"south": { "texture": "#flax", "uv": [ 13.0, 1.0, 15.0, 2.0 ] },
								"west": { "texture": "#flax", "uv": [ 7.0, 10.5, 9.0, 11.5 ] },
								"up": { "texture": "#flax", "uv": [ 3.0, 9.0, 5.0, 11.0 ] },
								"down": { "texture": "#flax", "uv": [ 0.0, 0.0, 1.0, 1.0 ] }
							}
						},
						{
							"name": "Cube24",
							"from": [ -11.0, 0.0, 6.0 ],
							"to": [ -10.0, 1.0, 7.0 ],
							"faces": {
								"north": { "texture": "#flax", "uv": [ 7.0, 5.0, 7.5, 5.5 ] },
								"east": { "texture": "#flax", "uv": [ 10.5, 6.5, 11.0, 7.0 ] },
								"south": { "texture": "#flax", "uv": [ 5.5, 0.0, 6.0, 0.5 ] },
								"west": { "texture": "#flax", "uv": [ 2.0, 9.5, 2.5, 10.0 ] },
								"up": { "texture": "#flax", "uv": [ 12.5, 12.0, 13.0, 12.5 ] },
								"down": { "texture": "#flax", "uv": [ 0.0, 0.0, 1.0, 1.0 ] }
							}
						},
						{
							"name": "Cube25",
							"from": [ -9.0, 0.2, 3.0 ],
							"to": [ -8.0, 1.2, 4.0 ],
							"faces": {
								"north": { "texture": "#flax", "uv": [ 10.5, 10.0, 11.0, 10.5 ] },
								"east": { "texture": "#flax", "uv": [ 0.0, 0.0, 1.0, 1.0 ] },
								"south": { "texture": "#flax", "uv": [ 0.0, 0.0, 1.0, 1.0 ] },
								"west": { "texture": "#flax", "uv": [ 10.5, 14.0, 11.0, 14.5 ] },
								"up": { "texture": "#flax", "uv": [ 5.0, 15.0, 5.5, 15.5 ] },
								"down": { "texture": "#flax", "uv": [ 0.0, 0.0, 1.0, 1.0 ] }
							}
						},
						{
							"name": "Cube26",
							"from": [ -10.0, 0.0, 4.0 ],
							"to": [ -7.0, 1.0, 6.0 ],
							"faces": {
								"north": { "texture": "#flax", "uv": [ 13.5, 7.5, 15.0, 8.0 ] },
								"east": { "texture": "#flax", "uv": [ 10.5, 4.0, 11.5, 4.5 ] },
								"south": { "texture": "#flax", "uv": [ 10.5, 0.0, 12.0, 0.5 ] },
								"west": { "texture": "#flax", "uv": [ 5.0, 4.5, 6.0, 5.0 ] },
								"up": { "texture": "#flax", "uv": [ 1.0, 3.5, 2.5, 4.5 ] },
								"down": { "texture": "#flax", "uv": [ 0.0, 0.0, 1.0, 1.0 ] }
							}
						},
						{
							"name": "Cube27",
							"from": [ -11.0, 0.0, -2.0 ],
							"to": [ -10.0, 1.0, -1.0 ],
							"faces": {
								"north": { "texture": "#flax", "uv": [ 3.5, 9.0, 4.0, 9.5 ] },
								"east": { "texture": "#flax", "uv": [ 0.0, 1.5, 0.5, 2.0 ] },
								"south": { "texture": "#flax", "uv": [ 1.0, 11.0, 1.5, 11.5 ] },
								"west": { "texture": "#flax", "uv": [ 12.5, 14.0, 13.0, 14.5 ] },
								"up": { "texture": "#flax", "uv": [ 6.5, 11.0, 7.0, 11.5 ] },
								"down": { "texture": "#flax", "uv": [ 0.0, 0.0, 1.0, 1.0 ] }
							}
						},
						{
							"name": "Cube30",
							"from": [ 8.0, 0.0, 4.0 ],
							"to": [ 9.0, 2.0, 5.0 ],
							"faces": {
								"north": { "texture": "#flax", "uv": [ 12.5, 3.0, 13.0, 4.0 ] },
								"east": { "texture": "#flax", "uv": [ 14.5, 10.0, 15.0, 11.0 ] },
								"south": { "texture": "#flax", "uv": [ 1.5, 3.5, 2.0, 4.5 ] },
								"west": { "texture": "#flax", "uv": [ 0.0, 0.0, 1.0, 1.0 ] },
								"up": { "texture": "#flax", "uv": [ 1.5, 2.0, 2.0, 2.5 ] },
								"down": { "texture": "#flax", "uv": [ 0.0, 0.0, 1.0, 1.0 ] }
							}
						},
						{
							"name": "Cube32",
							"from": [ 9.0, 0.0, -4.0 ],
							"to": [ 10.0, 1.0, -3.0 ],
							"faces": {
								"north": { "texture": "#flax", "uv": [ 13.0, 7.5, 13.5, 8.0 ] },
								"east": { "texture": "#flax", "uv": [ 8.0, 3.5, 8.5, 4.0 ] },
								"south": { "texture": "#flax", "uv": [ 0.0, 0.0, 1.0, 1.0 ] },
								"west": { "texture": "#flax", "uv": [ 13.0, 9.0, 13.5, 9.5 ] },
								"up": { "texture": "#flax", "uv": [ 0.5, 6.5, 1.0, 7.0 ] },
								"down": { "texture": "#flax", "uv": [ 0.0, 0.0, 1.0, 1.0 ] }
							}
						},
						{
							"name": "Cube33",
							"from": [ 3.0, 0.0, -11.0 ],
							"to": [ 4.0, 1.0, -10.0 ],
							"faces": {
								"north": { "texture": "#flax", "uv": [ 0.0, 10.5, 0.5, 11.0 ] },
								"east": { "texture": "#flax", "uv": [ 10.5, 11.0, 11.0, 11.5 ] },
								"south": { "texture": "#flax", "uv": [ 0.0, 0.0, 1.0, 1.0 ] },
								"west": { "texture": "#flax", "uv": [ 8.0, 9.0, 8.5, 9.5 ] },
								"up": { "texture": "#flax", "uv": [ 6.5, 12.0, 7.0, 12.5 ] },
								"down": { "texture": "#flax", "uv": [ 0.0, 0.0, 1.0, 1.0 ] }
							}
						},
						{
							"name": "Cube34",
							"from": [ 8.0, 0.2, -8.0 ],
							"to": [ 11.0, 2.2, -6.0 ],
							"faces": {
								"north": { "texture": "#flax", "uv": [ 11.5, 3.0, 13.0, 4.0 ] },
								"east": { "texture": "#flax", "uv": [ 13.5, 11.0, 14.5, 12.0 ] },
								"south": { "texture": "#flax", "uv": [ 4.0, 13.0, 5.5, 14.0 ] },
								"west": { "texture": "#flax", "uv": [ 1.5, 9.5, 2.5, 10.5 ] },
								"up": { "texture": "#flax", "uv": [ 8.0, 0.5, 9.5, 1.5 ] },
								"down": { "texture": "#flax", "uv": [ 0.0, 0.0, 1.0, 1.0 ] }
							}
						},
						{
							"name": "Cube35",
							"from": [ 1.0, 0.0, -11.0 ],
							"to": [ 2.0, 1.0, -10.0 ],
							"faces": {
								"north": { "texture": "#flax", "uv": [ 4.5, 13.0, 5.0, 13.5 ] },
								"east": { "texture": "#flax", "uv": [ 0.0, 2.0, 0.5, 2.5 ] },
								"south": { "texture": "#flax", "uv": [ 9.0, 11.0, 9.5, 11.5 ] },
								"west": { "texture": "#flax", "uv": [ 10.5, 8.0, 11.0, 8.5 ] },
								"up": { "texture": "#flax", "uv": [ 5.0, 14.5, 5.5, 15.0 ] },
								"down": { "texture": "#flax", "uv": [ 0.0, 0.0, 1.0, 1.0 ] }
							}
						},
						{
							"name": "Cube36",
							"from": [ -9.0, 0.0, -10.0 ],
							"to": [ -8.0, 1.0, -9.0 ],
							"faces": {
								"north": { "texture": "#flax", "uv": [ 1.5, 4.0, 2.0, 4.5 ] },
								"east": { "texture": "#flax", "uv": [ 10.0, 10.5, 10.5, 11.0 ] },
								"south": { "texture": "#flax", "uv": [ 1.5, 8.0, 2.0, 8.5 ] },
								"west": { "texture": "#flax", "uv": [ 10.0, 3.0, 10.5, 3.5 ] },
								"up": { "texture": "#flax", "uv": [ 13.5, 4.5, 14.0, 5.0 ] },
								"down": { "texture": "#flax", "uv": [ 0.0, 0.0, 1.0, 1.0 ] }
							}
						},
						{
							"name": "Cube39",
							"from": [ 2.0, 0.0, -10.0 ],
							"to": [ 5.0, 1.0, -9.0 ],
							"faces": {
								"north": { "texture": "#flax", "uv": [ 14.0, 7.5, 15.5, 8.0 ] },
								"east": { "texture": "#flax", "uv": [ 4.0, 9.5, 4.5, 10.0 ] },
								"south": { "texture": "#flax", "uv": [ 0.0, 0.0, 1.0, 1.0 ] },
								"west": { "texture": "#flax", "uv": [ 11.0, 8.5, 11.5, 9.0 ] },
								"up": { "texture": "#flax", "uv": [ 7.5, 8.5, 9.0, 9.0 ] },
								"down": { "texture": "#flax", "uv": [ 0.0, 0.0, 1.0, 1.0 ] }
							}
						},
						{
							"name": "Cube41",
							"from": [ -9.0, 0.2, 7.0 ],
							"to": [ -7.0, 1.2, 10.0 ],
							"faces": {
								"north": { "texture": "#flax", "uv": [ 4.0, 4.0, 5.0, 4.5 ] },
								"east": { "texture": "#flax", "uv": [ 0.0, 0.0, 1.0, 1.0 ] },
								"south": { "texture": "#flax", "uv": [ 3.5, 11.0, 4.5, 11.5 ] },
								"west": { "texture": "#flax", "uv": [ 8.0, 0.5, 9.5, 1.0 ] },
								"up": { "texture": "#flax", "uv": [ 13.5, 1.0, 14.5, 2.5 ] },
								"down": { "texture": "#flax", "uv": [ 0.0, 0.0, 1.0, 1.0 ] }
							}
						},
						{
							"name": "Cube42",
							"from": [ -6.0, 0.0, 11.0 ],
							"to": [ -4.0, 1.0, 12.0 ],
							"faces": {
								"north": { "texture": "#flax", "uv": [ 0.0, 0.0, 1.0, 1.0 ] },
								"east": { "texture": "#flax", "uv": [ 3.0, 0.5, 3.5, 1.0 ] },
								"south": { "texture": "#flax", "uv": [ 2.5, 1.5, 3.5, 2.0 ] },
								"west": { "texture": "#flax", "uv": [ 13.0, 13.0, 13.5, 13.5 ] },
								"up": { "texture": "#flax", "uv": [ 10.0, 13.0, 11.0, 13.5 ] },
								"down": { "texture": "#flax", "uv": [ 0.0, 0.0, 1.0, 1.0 ] }
							}
						},
						{
							"name": "Cube43",
							"from": [ -5.0, 0.0, 5.0 ],
							"to": [ -3.0, 1.0, 6.0 ],
							"faces": {
								"north": { "texture": "#flax", "uv": [ 7.0, 2.5, 8.0, 3.0 ] },
								"east": { "texture": "#flax", "uv": [ 4.5, 0.5, 5.0, 1.0 ] },
								"south": { "texture": "#flax", "uv": [ 0.0, 0.0, 1.0, 1.0 ] },
								"west": { "texture": "#flax", "uv": [ 5.0, 13.5, 5.5, 14.0 ] },
								"up": { "texture": "#flax", "uv": [ 5.5, 5.0, 6.5, 5.5 ] },
								"down": { "texture": "#flax", "uv": [ 0.0, 0.0, 1.0, 1.0 ] }
							}
						},
						{
							"name": "Cube44",
							"from": [ -12.0, 0.2, -7.0 ],
							"to": [ -11.0, 1.2, -5.0 ],
							"faces": {
								"north": { "texture": "#flax", "uv": [ 5.5, 5.0, 6.0, 5.5 ] },
								"east": { "texture": "#flax", "uv": [ 2.0, 6.5, 3.0, 7.0 ] },
								"south": { "texture": "#flax", "uv": [ 11.0, 4.0, 11.5, 4.5 ] },
								"west": { "texture": "#flax", "uv": [ 8.0, 0.0, 9.0, 0.5 ] },
								"up": { "texture": "#flax", "uv": [ 10.5, 3.0, 11.0, 4.0 ] },
								"down": { "texture": "#flax", "uv": [ 0.0, 0.0, 1.0, 1.0 ] }
							}
						},
						{
							"name": "Cube45",
							"from": [ -6.0, 0.0, -11.0 ],
							"to": [ -5.0, 1.0, -10.0 ],
							"faces": {
								"north": { "texture": "#flax", "uv": [ 3.0, 1.0, 3.5, 1.5 ] },
								"east": { "texture": "#flax", "uv": [ 0.0, 0.0, 1.0, 1.0 ] },
								"south": { "texture": "#flax", "uv": [ 4.5, 13.5, 5.0, 14.0 ] },
								"west": { "texture": "#flax", "uv": [ 12.5, 3.5, 13.0, 4.0 ] },
								"up": { "texture": "#flax", "uv": [ 12.0, 0.0, 12.5, 0.5 ] },
								"down": { "texture": "#flax", "uv": [ 0.0, 0.0, 1.0, 1.0 ] }
							}
						},
						{
							"name": "Cube47",
							"from": [ 8.0, 0.0, 5.0 ],
							"to": [ 10.0, 1.0, 8.0 ],
							"faces": {
								"north": { "texture": "#flax", "uv": [ 1.5, 10.0, 2.5, 10.5 ] },
								"east": { "texture": "#flax", "uv": [ 7.0, 5.0, 8.5, 5.5 ] },
								"south": { "texture": "#flax", "uv": [ 10.5, 6.5, 11.5, 7.0 ] },
								"west": { "texture": "#flax", "uv": [ 0.0, 0.0, 1.0, 1.0 ] },
								"up": { "texture": "#flax", "uv": [ 4.0, 13.0, 5.0, 14.5 ] },
								"down": { "texture": "#flax", "uv": [ 0.0, 0.0, 1.0, 1.0 ] }
							}
						},
						{
							"name": "Cube48",
							"from": [ 11.0, 0.0, 1.0 ],
							"to": [ 12.0, 1.0, 2.0 ],
							"faces": {
								"north": { "texture": "#flax", "uv": [ 12.5, 12.5, 13.0, 13.0 ] },
								"east": { "texture": "#flax", "uv": [ 4.5, 4.0, 5.0, 4.5 ] },
								"south": { "texture": "#flax", "uv": [ 6.5, 3.0, 7.0, 3.5 ] },
								"west": { "texture": "#flax", "uv": [ 0.0, 0.0, 1.0, 1.0 ] },
								"up": { "texture": "#flax", "uv": [ 9.5, 0.0, 10.0, 0.5 ] },
								"down": { "texture": "#flax", "uv": [ 0.0, 0.0, 1.0, 1.0 ] }
							}
						},
						{
							"name": "Cube40",
							"from": [ -5.0, 0.0, -11.0 ],
							"to": [ -1.0, 1.0, -9.0 ],
							"faces": {
								"north": { "texture": "#flax", "uv": [ 0.5, 7.0, 2.5, 7.5 ] },
								"east": { "texture": "#flax", "uv": [ 14.0, 8.0, 15.0, 8.5 ] },
								"south": { "texture": "#flax", "uv": [ 0.0, 0.0, 1.0, 1.0 ] },
								"west": { "texture": "#flax", "uv": [ 1.5, 9.0, 2.5, 9.5 ] },
								"up": { "texture": "#flax", "uv": [ 5.5, 7.0, 7.5, 8.0 ] },
								"down": { "texture": "#flax", "uv": [ 0.0, 0.0, 1.0, 1.0 ] }
							}
						},
						{
							"name": "Cube46",
							"from": [ -5.0, 0.0, 7.0 ],
							"to": [ -3.0, 2.0, 10.0 ],
							"faces": {
								"north": { "texture": "#flax", "uv": [ 12.0, 4.0, 13.0, 5.0 ] },
								"east": { "texture": "#flax", "uv": [ 8.0, 9.0, 9.5, 10.0 ] },
								"south": { "texture": "#flax", "uv": [ 3.0, 11.0, 4.0, 12.0 ] },
								"west": { "texture": "#flax", "uv": [ 14.0, 4.0, 15.5, 5.0 ] },
								"up": { "texture": "#flax", "uv": [ 14.5, 3.5, 15.5, 5.0 ] },
								"down": { "texture": "#flax", "uv": [ 0.0, 0.0, 1.0, 1.0 ] }
							}
						},
						{
							"name": "Cube49",
							"from": [ 5.0, 1.0, -3.0 ],
							"to": [ 6.0, 3.0, 0.0 ],
							"faces": {
								"north": { "texture": "#flax", "uv": [ 7.0, 11.0, 7.5, 12.0 ] },
								"east": { "texture": "#flax", "uv": [ 2.0, 3.0, 3.5, 4.0 ] },
								"south": { "texture": "#flax", "uv": [ 14.0, 8.5, 14.5, 9.5 ] },
								"west": { "texture": "#flax", "uv": [ 0.0, 0.0, 1.0, 1.0 ] },
								"up": { "texture": "#flax", "uv": [ 1.5, 0.0, 2.0, 1.5 ] },
								"down": { "texture": "#flax", "uv": [ 0.0, 0.0, 1.0, 1.0 ] }
							}
						},
						{
							"name": "Cube50",
							"from": [ -3.0, 0.0, 4.0 ],
							"to": [ -2.0, 1.0, 5.0 ],
							"faces": {
								"north": { "texture": "#flax", "uv": [ 0.0, 0.0, 1.0, 1.0 ] },
								"east": { "texture": "#flax", "uv": [ 0.0, 0.0, 1.0, 1.0 ] },
								"south": { "texture": "#flax", "uv": [ 6.5, 8.5, 7.0, 9.0 ] },
								"west": { "texture": "#flax", "uv": [ 1.0, 13.0, 1.5, 13.5 ] },
								"up": { "texture": "#flax", "uv": [ 7.0, 14.5, 7.5, 15.0 ] },
								"down": { "texture": "#flax", "uv": [ 0.0, 0.0, 1.0, 1.0 ] }
							}
						},
						{
							"name": "Cube51",
							"from": [ 6.0, 0.0, 8.0 ],
							"to": [ 9.0, 1.0, 11.0 ],
							"faces": {
								"north": { "texture": "#flax", "uv": [ 0.0, 0.0, 1.0, 1.0 ] },
								"east": { "texture": "#flax", "uv": [ 5.5, 5.5, 7.0, 6.0 ] },
								"south": { "texture": "#flax", "uv": [ 12.0, 4.5, 13.5, 5.0 ] },
								"west": { "texture": "#flax", "uv": [ 0.5, 2.5, 2.0, 3.0 ] },
								"up": { "texture": "#flax", "uv": [ 11.0, 4.5, 12.5, 6.0 ] },
								"down": { "texture": "#flax", "uv": [ 0.0, 0.0, 1.0, 1.0 ] }
							}
						},
						{
							"name": "Cube52",
							"from": [ 10.0, 0.0, 7.0 ],
							"to": [ 11.0, 1.0, 8.0 ],
							"faces": {
								"north": { "texture": "#flax", "uv": [ 14.5, 2.0, 15.0, 2.5 ] },
								"east": { "texture": "#flax", "uv": [ 11.5, 7.5, 12.0, 8.0 ] },
								"south": { "texture": "#flax", "uv": [ 14.0, 3.5, 14.5, 4.0 ] },
								"west": { "texture": "#flax", "uv": [ 0.0, 0.0, 1.0, 1.0 ] },
								"up": { "texture": "#flax", "uv": [ 12.5, 5.0, 13.0, 5.5 ] },
								"down": { "texture": "#flax", "uv": [ 2.0, 2.0, 2.5, 2.5 ] }
							}
						},
						{
							"name": "Cube53",
							"from": [ -3.0, 2.0, -5.0 ],
							"to": [ -1.0, 3.0, -2.0 ],
							"faces": {
								"north": { "texture": "#flax", "uv": [ 1.5, 11.5, 2.5, 12.0 ] },
								"east": { "texture": "#flax", "uv": [ 0.0, 0.0, 1.0, 1.0 ] },
								"south": { "texture": "#flax", "uv": [ 4.5, 3.5, 5.5, 4.0 ] },
								"west": { "texture": "#flax", "uv": [ 9.5, 1.5, 11.0, 2.0 ] },
								"up": { "texture": "#flax", "uv": [ 3.0, 6.5, 4.0, 8.0 ] },
								"down": { "texture": "#flax", "uv": [ 0.0, 0.0, 1.0, 1.0 ] }
							}
						}
					]
				}
			]
		}
	]}