{
	"editor": {
		"collapsedPaths": "Root/origintub/westgroup,Root/origintub/eastgroup,Root/origintub/southgroup,Root/originlowerring/originlowerringgroup,Root/origintub/northgroup",
		"allAngles": false,
		"entityTextureMode": false
	},
	"textureWidth": 16,
	"textureHeight": 16,
	"textureSizes": {
		"blackbronze4": [16,16],
		"aged": [16,16],
		"bottom": [32,32]
	},
	"textures": {
		"blackbronze4": "game:block/metal/sheet/blackbronze4",
		"bottom": "game:block/wood/barrel/bottom",
		"aged": "game:block/wood/debarked/aged"
	},
	"elements": [
		{
			"name": "origintub",
			"from": [ 16.0, 0.0, 16.0 ],
			"to": [ 16.0, 0.0, 16.0 ],
			"rotationOrigin": [ 16.0, 0.0, 16.0 ],
			"faces": {
			},
			"children": [
				{
					"name": "northgroup",
					"from": [ 0.0, 0.0, -16.0 ],
					"to": [ 0.0, 0.0, -16.0 ],
					"rotationOrigin": [ 0.0, 0.0, -16.0 ],
					"rotationY": 90.0,
					"faces": {
					},
					"children": [
						{
							"name": "N1",
							"from": [ 12.0, 0.0, -9.0 ],
							"to": [ 13.0, 11.8, -6.0 ],
							"faces": {
								"north": { "texture": "#aged", "uv": [ 0.0, 10.5, 11.5, 11.5 ], "rotation": 90 },
								"east": { "texture": "#aged", "uv": [ 0.0, 8.0, 11.5, 11.0 ], "rotation": 90 },
								"south": { "texture": "#aged", "uv": [ 0.5, 10.5, 12.0, 11.5 ], "rotation": 90 },
								"west": { "texture": "#aged", "uv": [ 0.0, 7.0, 11.5, 10.0 ], "rotation": 90 },
								"up": { "texture": "#aged", "uv": [ 8.0, 8.0, 9.0, 11.0 ] },
								"down": { "texture": "#aged", "uv": [ 4.0, 8.5, 5.0, 11.5 ] }
							}
						},
						{
							"name": "N2",
							"from": [ 12.2, 0.0, -10.5 ],
							"to": [ 13.2, 12.3, -9.0 ],
							"faces": {
								"north": { "texture": "#aged", "uv": [ 0.0, 3.5, 12.0, 4.5 ], "rotation": 90 },
								"east": { "texture": "#aged", "uv": [ 0.0, 11.0, 12.0, 12.5 ], "rotation": 90 },
								"south": { "texture": "#aged", "uv": [ 0.0, 4.5, 12.0, 5.5 ], "rotation": 90 },
								"west": { "texture": "#aged", "uv": [ 0.0, 9.5, 12.0, 11.0 ], "rotation": 90 },
								"up": { "texture": "#aged", "uv": [ 12.0, 7.0, 13.0, 8.5 ] },
								"down": { "texture": "#aged", "uv": [ 3.5, 2.5, 4.5, 4.0 ] }
							}
						},
						{
							"name": "E20",
							"from": [ 12.3, 0.0, -6.0 ],
							"to": [ 13.3, 12.3, -3.0 ],
							"faces": {
								"north": { "texture": "#aged", "uv": [ 0.0, 7.5, 12.0, 8.5 ], "rotation": 90 },
								"east": { "texture": "#aged", "uv": [ 0.0, 0.0, 12.0, 3.0 ], "rotation": 90 },
								"south": { "texture": "#aged", "uv": [ 0.0, 5.0, 12.0, 6.0 ], "rotation": 90 },
								"west": { "texture": "#aged", "uv": [ 0.0, 7.5, 12.0, 10.5 ], "rotation": 90 },
								"up": { "texture": "#aged", "uv": [ 7.0, 10.0, 8.0, 13.0 ] },
								"down": { "texture": "#aged", "uv": [ 5.5, 9.5, 6.5, 12.5 ] }
							}
						},
						{
							"name": "E2",
							"from": [ 12.0, 0.0, 3.0 ],
							"to": [ 13.0, 11.8, 6.0 ],
							"faces": {
								"north": { "texture": "#aged", "uv": [ 0.0, 10.5, 11.5, 11.5 ], "rotation": 90 },
								"east": { "texture": "#aged", "uv": [ 0.0, 8.0, 11.5, 11.0 ], "rotation": 90 },
								"south": { "texture": "#aged", "uv": [ 0.5, 10.5, 12.0, 11.5 ], "rotation": 90 },
								"west": { "texture": "#aged", "uv": [ 0.0, 7.0, 11.5, 10.0 ], "rotation": 90 },
								"up": { "texture": "#aged", "uv": [ 8.0, 8.0, 9.0, 11.0 ] },
								"down": { "texture": "#aged", "uv": [ 4.0, 8.5, 5.0, 11.5 ] }
							}
						},
						{
							"name": "E1",
							"from": [ 12.2, 0.0, -3.0 ],
							"to": [ 13.2, 11.8, -1.5 ],
							"faces": {
								"north": { "texture": "#aged", "uv": [ 0.0, 0.0, 11.5, 1.0 ], "rotation": 90 },
								"east": { "texture": "#aged", "uv": [ 0.5, 11.5, 12.0, 13.0 ], "rotation": 90 },
								"south": { "texture": "#aged", "uv": [ 0.0, 0.0, 1.0, 11.8 ] },
								"west": { "texture": "#aged", "uv": [ 0.0, 12.5, 11.5, 14.0 ], "rotation": 90 },
								"up": { "texture": "#aged", "uv": [ 5.0, 4.0, 6.0, 5.5 ] },
								"down": { "texture": "#aged", "uv": [ 8.0, 5.0, 9.0, 6.5 ] }
							}
						},
						{
							"name": "E23",
							"from": [ 12.0, 0.0, -1.5 ],
							"to": [ 13.0, 12.3, 1.5 ],
							"faces": {
								"north": { "texture": "#aged", "uv": [ 0.0, 3.5, 12.0, 4.5 ], "rotation": 90 },
								"east": { "texture": "#aged", "uv": [ 0.0, 11.0, 12.0, 14.0 ], "rotation": 90 },
								"south": { "texture": "#aged", "uv": [ 0.0, 4.5, 12.0, 5.5 ], "rotation": 90 },
								"west": { "texture": "#aged", "uv": [ 0.0, 9.5, 12.0, 12.5 ], "rotation": 90 },
								"up": { "texture": "#aged", "uv": [ 12.0, 7.0, 13.0, 10.0 ] },
								"down": { "texture": "#aged", "uv": [ 3.5, 2.5, 4.5, 5.5 ] }
							}
						},
						{
							"name": "E21",
							"from": [ 12.2, 0.0, 1.5 ],
							"to": [ 13.2, 12.3, 3.0 ],
							"faces": {
								"north": { "texture": "#aged", "uv": [ 0.0, 3.5, 12.0, 4.5 ], "rotation": 90 },
								"east": { "texture": "#aged", "uv": [ 0.0, 11.0, 12.0, 12.5 ], "rotation": 90 },
								"south": { "texture": "#aged", "uv": [ 0.0, 4.5, 12.0, 5.5 ], "rotation": 90 },
								"west": { "texture": "#aged", "uv": [ 0.0, 9.5, 12.0, 11.0 ], "rotation": 90 },
								"up": { "texture": "#aged", "uv": [ 12.0, 7.0, 13.0, 8.5 ] },
								"down": { "texture": "#aged", "uv": [ 3.5, 2.5, 4.5, 4.0 ] }
							}
						},
						{
							"name": "E20",
							"from": [ 12.3, 0.0, 6.0 ],
							"to": [ 13.3, 12.3, 9.0 ],
							"faces": {
								"north": { "texture": "#aged", "uv": [ 0.0, 7.5, 12.0, 8.5 ], "rotation": 90 },
								"east": { "texture": "#aged", "uv": [ 0.0, 0.0, 12.0, 3.0 ], "rotation": 90 },
								"south": { "texture": "#aged", "uv": [ 0.0, 5.0, 12.0, 6.0 ], "rotation": 90 },
								"west": { "texture": "#aged", "uv": [ 0.0, 7.5, 12.0, 10.5 ], "rotation": 90 },
								"up": { "texture": "#aged", "uv": [ 7.0, 10.0, 8.0, 13.0 ] },
								"down": { "texture": "#aged", "uv": [ 5.5, 9.5, 6.5, 12.5 ] }
							}
						},
						{
							"name": "E1",
							"from": [ 12.2, 0.0, 9.0 ],
							"to": [ 13.2, 11.8, 10.5 ],
							"faces": {
								"north": { "texture": "#aged", "uv": [ 0.0, 0.0, 11.5, 1.0 ], "rotation": 90 },
								"east": { "texture": "#aged", "uv": [ 0.5, 11.5, 12.0, 13.0 ], "rotation": 90 },
								"west": { "texture": "#aged", "uv": [ 0.0, 12.5, 11.5, 14.0 ], "rotation": 90 },
								"up": { "texture": "#aged", "uv": [ 5.0, 4.0, 6.0, 5.5 ] },
								"down": { "texture": "#aged", "uv": [ 8.0, 5.0, 9.0, 6.5 ] }
							}
						}
					]
				},
				{
					"name": "southgroup",
					"from": [ 0.0, 0.0, -16.0 ],
					"to": [ 0.0, 0.0, -16.0 ],
					"rotationOrigin": [ 0.0, 0.0, -16.0 ],
					"rotationY": -90.0,
					"faces": {
					},
					"children": [
						{
							"name": "E1",
							"from": [ 12.2, 0.0, 9.0 ],
							"to": [ 13.2, 11.8, 10.5 ],
							"faces": {
								"north": { "texture": "#aged", "uv": [ 0.0, 0.0, 11.5, 1.0 ], "rotation": 90 },
								"east": { "texture": "#aged", "uv": [ 0.5, 11.5, 12.0, 13.0 ], "rotation": 90 },
								"south": { "texture": "#aged", "uv": [ 0.0, 0.0, 1.0, 11.8 ] },
								"west": { "texture": "#aged", "uv": [ 0.0, 12.5, 11.5, 14.0 ], "rotation": 90 },
								"up": { "texture": "#aged", "uv": [ 5.0, 4.0, 6.0, 5.5 ] },
								"down": { "texture": "#aged", "uv": [ 8.0, 5.0, 9.0, 6.5 ] }
							}
						},
						{
							"name": "E20",
							"from": [ 12.3, 0.0, 6.0 ],
							"to": [ 13.3, 12.3, 9.0 ],
							"faces": {
								"north": { "texture": "#aged", "uv": [ 0.0, 7.5, 12.0, 8.5 ], "rotation": 90 },
								"east": { "texture": "#aged", "uv": [ 0.0, 0.0, 12.0, 3.0 ], "rotation": 90 },
								"south": { "texture": "#aged", "uv": [ 0.0, 5.0, 12.0, 6.0 ], "rotation": 90 },
								"west": { "texture": "#aged", "uv": [ 0.0, 7.5, 12.0, 10.5 ], "rotation": 90 },
								"up": { "texture": "#aged", "uv": [ 7.0, 10.0, 8.0, 13.0 ] },
								"down": { "texture": "#aged", "uv": [ 5.5, 9.5, 6.5, 12.5 ] }
							}
						},
						{
							"name": "E21",
							"from": [ 12.2, 0.0, 1.5 ],
							"to": [ 13.2, 12.3, 3.0 ],
							"faces": {
								"north": { "texture": "#aged", "uv": [ 0.0, 3.5, 12.0, 4.5 ], "rotation": 90 },
								"east": { "texture": "#aged", "uv": [ 0.0, 11.0, 12.0, 12.5 ], "rotation": 90 },
								"south": { "texture": "#aged", "uv": [ 0.0, 4.5, 12.0, 5.5 ], "rotation": 90 },
								"west": { "texture": "#aged", "uv": [ 0.0, 9.5, 12.0, 11.0 ], "rotation": 90 },
								"up": { "texture": "#aged", "uv": [ 12.0, 7.0, 13.0, 8.5 ] },
								"down": { "texture": "#aged", "uv": [ 3.5, 2.5, 4.5, 4.0 ] }
							}
						},
						{
							"name": "E22",
							"from": [ 12.0, 0.0, 3.0 ],
							"to": [ 13.0, 11.8, 6.0 ],
							"faces": {
								"north": { "texture": "#aged", "uv": [ 0.0, 10.5, 11.5, 11.5 ], "rotation": 90 },
								"east": { "texture": "#aged", "uv": [ 0.0, 8.0, 11.5, 11.0 ], "rotation": 90 },
								"south": { "texture": "#aged", "uv": [ 0.5, 10.5, 12.0, 11.5 ], "rotation": 90 },
								"west": { "texture": "#aged", "uv": [ 0.0, 7.0, 11.5, 10.0 ], "rotation": 90 },
								"up": { "texture": "#aged", "uv": [ 8.0, 8.0, 9.0, 11.0 ] },
								"down": { "texture": "#aged", "uv": [ 4.0, 8.5, 5.0, 11.5 ] }
							}
						},
						{
							"name": "E1",
							"from": [ 12.2, 0.0, -3.0 ],
							"to": [ 13.2, 11.8, -1.5 ],
							"faces": {
								"north": { "texture": "#aged", "uv": [ 0.0, 0.0, 11.5, 1.0 ], "rotation": 90 },
								"east": { "texture": "#aged", "uv": [ 0.5, 11.5, 12.0, 13.0 ], "rotation": 90 },
								"south": { "texture": "#aged", "uv": [ 0.0, 0.0, 1.0, 11.8 ] },
								"west": { "texture": "#aged", "uv": [ 0.0, 12.5, 11.5, 14.0 ], "rotation": 90 },
								"up": { "texture": "#aged", "uv": [ 5.0, 4.0, 6.0, 5.5 ] },
								"down": { "texture": "#aged", "uv": [ 8.0, 5.0, 9.0, 6.5 ] }
							}
						},
						{
							"name": "E21",
							"from": [ 12.2, 0.0, -10.5 ],
							"to": [ 13.2, 12.3, -9.0 ],
							"faces": {
								"north": { "texture": "#aged", "uv": [ 0.0, 3.5, 12.0, 4.5 ], "rotation": 90 },
								"east": { "texture": "#aged", "uv": [ 0.0, 11.0, 12.0, 12.5 ], "rotation": 90 },
								"south": { "texture": "#aged", "uv": [ 0.0, 4.5, 12.0, 5.5 ], "rotation": 90 },
								"west": { "texture": "#aged", "uv": [ 0.0, 9.5, 12.0, 11.0 ], "rotation": 90 },
								"up": { "texture": "#aged", "uv": [ 12.0, 7.0, 13.0, 8.5 ] },
								"down": { "texture": "#aged", "uv": [ 3.5, 2.5, 4.5, 4.0 ] }
							}
						},
						{
							"name": "E23",
							"from": [ 12.001, 0.0, -1.4917 ],
							"to": [ 13.001, 12.3, 1.5083 ],
							"rotationOrigin": [ 0.0, 0.0, 0.0 ],
							"rotationY": 0.0198,
							"faces": {
								"north": { "texture": "#aged", "uv": [ 0.0, 3.5, 12.0, 4.5 ], "rotation": 90 },
								"east": { "texture": "#aged", "uv": [ 0.0, 11.0, 12.0, 14.0 ], "rotation": 90 },
								"south": { "texture": "#aged", "uv": [ 0.0, 4.5, 12.0, 5.5 ], "rotation": 90 },
								"west": { "texture": "#aged", "uv": [ 0.0, 9.5, 12.0, 12.5 ], "rotation": 90 },
								"up": { "texture": "#aged", "uv": [ 12.0, 7.0, 13.0, 10.0 ] },
								"down": { "texture": "#aged", "uv": [ 3.5, 2.5, 4.5, 5.5 ] }
							}
						},
						{
							"name": "E20",
							"from": [ 12.3, 0.0, -6.0 ],
							"to": [ 13.3, 12.3, -3.0 ],
							"faces": {
								"north": { "texture": "#aged", "uv": [ 0.0, 7.5, 12.0, 8.5 ], "rotation": 90 },
								"east": { "texture": "#aged", "uv": [ 0.0, 0.0, 12.0, 3.0 ], "rotation": 90 },
								"south": { "texture": "#aged", "uv": [ 0.0, 5.0, 12.0, 6.0 ], "rotation": 90 },
								"west": { "texture": "#aged", "uv": [ 0.0, 7.5, 12.0, 10.5 ], "rotation": 90 },
								"up": { "texture": "#aged", "uv": [ 7.0, 10.0, 8.0, 13.0 ] },
								"down": { "texture": "#aged", "uv": [ 5.5, 9.5, 6.5, 12.5 ] }
							}
						},
						{
							"name": "E22",
							"from": [ 12.0, 0.0, -9.0 ],
							"to": [ 13.0, 11.8, -6.0 ],
							"faces": {
								"north": { "texture": "#aged", "uv": [ 0.0, 10.5, 11.5, 11.5 ], "rotation": 90 },
								"east": { "texture": "#aged", "uv": [ 0.0, 8.0, 11.5, 11.0 ], "rotation": 90 },
								"south": { "texture": "#aged", "uv": [ 0.5, 10.5, 12.0, 11.5 ], "rotation": 90 },
								"west": { "texture": "#aged", "uv": [ 0.0, 7.0, 11.5, 10.0 ], "rotation": 90 },
								"up": { "texture": "#aged", "uv": [ 8.0, 8.0, 9.0, 11.0 ] },
								"down": { "texture": "#aged", "uv": [ 4.0, 8.5, 5.0, 11.5 ] }
							}
						}
					]
				},
				{
					"name": "eastgroup",
					"from": [ 0.0, 0.0, -16.0 ],
					"to": [ 0.0, 0.0, -16.0 ],
					"rotationOrigin": [ 0.0, 0.0, -16.0 ],
					"faces": {
					},
					"children": [
						{
							"name": "E20",
							"from": [ 12.3, 0.0, 6.0 ],
							"to": [ 13.3, 12.3, 9.0 ],
							"faces": {
								"north": { "texture": "#aged", "uv": [ 0.0, 7.5, 12.0, 8.5 ], "rotation": 90 },
								"east": { "texture": "#aged", "uv": [ 0.0, 0.0, 12.0, 3.0 ], "rotation": 90 },
								"south": { "texture": "#aged", "uv": [ 0.0, 5.0, 12.0, 6.0 ], "rotation": 90 },
								"west": { "texture": "#aged", "uv": [ 0.0, 7.5, 12.0, 10.5 ], "rotation": 90 },
								"up": { "texture": "#aged", "uv": [ 7.0, 10.0, 8.0, 13.0 ] },
								"down": { "texture": "#aged", "uv": [ 5.5, 9.5, 6.5, 12.5 ] }
							}
						},
						{
							"name": "E1",
							"from": [ 12.2, 0.0, 9.0 ],
							"to": [ 13.2, 11.8, 10.5 ],
							"faces": {
								"north": { "texture": "#aged", "uv": [ 0.0, 0.0, 11.5, 1.0 ], "rotation": 90 },
								"east": { "texture": "#aged", "uv": [ 0.5, 11.5, 12.0, 13.0 ], "rotation": 90 },
								"west": { "texture": "#aged", "uv": [ 0.0, 12.5, 11.5, 14.0 ], "rotation": 90 },
								"up": { "texture": "#aged", "uv": [ 5.0, 4.0, 6.0, 5.5 ] },
								"down": { "texture": "#aged", "uv": [ 8.0, 5.0, 9.0, 6.5 ] }
							}
						},
						{
							"name": "E23",
							"from": [ 12.2, 0.0, 1.5 ],
							"to": [ 13.2, 12.3, 3.0 ],
							"faces": {
								"north": { "texture": "#aged", "uv": [ 0.0, 3.5, 12.0, 4.5 ], "rotation": 90 },
								"east": { "texture": "#aged", "uv": [ 0.0, 11.0, 12.0, 12.5 ], "rotation": 90 },
								"south": { "texture": "#aged", "uv": [ 0.0, 4.5, 12.0, 5.5 ], "rotation": 90 },
								"west": { "texture": "#aged", "uv": [ 0.0, 9.5, 12.0, 11.0 ], "rotation": 90 },
								"up": { "texture": "#aged", "uv": [ 12.0, 7.0, 13.0, 8.5 ] },
								"down": { "texture": "#aged", "uv": [ 3.5, 2.5, 4.5, 4.0 ] }
							}
						},
						{
							"name": "E21",
							"from": [ 12.0, 0.0, -1.5 ],
							"to": [ 13.0, 12.3, 1.5 ],
							"faces": {
								"north": { "texture": "#aged", "uv": [ 0.0, 3.5, 12.0, 4.5 ], "rotation": 90 },
								"east": { "texture": "#aged", "uv": [ 0.0, 11.0, 12.0, 14.0 ], "rotation": 90 },
								"south": { "texture": "#aged", "uv": [ 0.0, 4.5, 12.0, 5.5 ], "rotation": 90 },
								"west": { "texture": "#aged", "uv": [ 0.0, 9.5, 12.0, 12.5 ], "rotation": 90 },
								"up": { "texture": "#aged", "uv": [ 12.0, 7.0, 13.0, 10.0 ] },
								"down": { "texture": "#aged", "uv": [ 3.5, 2.5, 4.5, 5.5 ] }
							}
						},
						{
							"name": "E22",
							"from": [ 12.0, 0.0, 3.0 ],
							"to": [ 13.0, 11.8, 6.0 ],
							"faces": {
								"north": { "texture": "#aged", "uv": [ 0.0, 10.5, 11.5, 11.5 ], "rotation": 90 },
								"east": { "texture": "#aged", "uv": [ 0.0, 8.0, 11.5, 11.0 ], "rotation": 90 },
								"south": { "texture": "#aged", "uv": [ 0.5, 10.5, 12.0, 11.5 ], "rotation": 90 },
								"west": { "texture": "#aged", "uv": [ 0.0, 7.0, 11.5, 10.0 ], "rotation": 90 },
								"up": { "texture": "#aged", "uv": [ 8.0, 8.0, 9.0, 11.0 ] },
								"down": { "texture": "#aged", "uv": [ 4.0, 8.5, 5.0, 11.5 ] }
							}
						},
						{
							"name": "E1",
							"from": [ 12.2, 0.0, -3.0 ],
							"to": [ 13.2, 11.8, -1.5 ],
							"faces": {
								"north": { "texture": "#aged", "uv": [ 0.0, 0.0, 11.5, 1.0 ], "rotation": 90 },
								"east": { "texture": "#aged", "uv": [ 0.5, 11.5, 12.0, 13.0 ], "rotation": 90 },
								"south": { "texture": "#aged", "uv": [ 0.0, 0.0, 1.0, 11.8 ] },
								"west": { "texture": "#aged", "uv": [ 0.0, 12.5, 11.5, 14.0 ], "rotation": 90 },
								"up": { "texture": "#aged", "uv": [ 5.0, 4.0, 6.0, 5.5 ] },
								"down": { "texture": "#aged", "uv": [ 8.0, 5.0, 9.0, 6.5 ] }
							}
						},
						{
							"name": "E20",
							"from": [ 12.3, 0.0, -6.0 ],
							"to": [ 13.3, 12.3, -3.0 ],
							"faces": {
								"north": { "texture": "#aged", "uv": [ 0.0, 7.5, 12.0, 8.5 ], "rotation": 90 },
								"east": { "texture": "#aged", "uv": [ 0.0, 0.0, 12.0, 3.0 ], "rotation": 90 },
								"south": { "texture": "#aged", "uv": [ 0.0, 5.0, 12.0, 6.0 ], "rotation": 90 },
								"west": { "texture": "#aged", "uv": [ 0.0, 7.5, 12.0, 10.5 ], "rotation": 90 },
								"up": { "texture": "#aged", "uv": [ 7.0, 10.0, 8.0, 13.0 ] },
								"down": { "texture": "#aged", "uv": [ 5.5, 9.5, 6.5, 12.5 ] }
							}
						},
						{
							"name": "E21",
							"from": [ 12.2, 0.0, -10.5 ],
							"to": [ 13.2, 12.3, -9.0 ],
							"faces": {
								"north": { "texture": "#aged", "uv": [ 0.0, 3.5, 12.0, 4.5 ], "rotation": 90 },
								"east": { "texture": "#aged", "uv": [ 0.0, 11.0, 12.0, 12.5 ], "rotation": 90 },
								"south": { "texture": "#aged", "uv": [ 0.0, 4.5, 12.0, 5.5 ], "rotation": 90 },
								"west": { "texture": "#aged", "uv": [ 0.0, 9.5, 12.0, 11.0 ], "rotation": 90 },
								"up": { "texture": "#aged", "uv": [ 12.0, 7.0, 13.0, 8.5 ] },
								"down": { "texture": "#aged", "uv": [ 3.5, 2.5, 4.5, 4.0 ] }
							}
						},
						{
							"name": "E22",
							"from": [ 12.0, 0.0, -9.0 ],
							"to": [ 13.0, 11.8, -6.0 ],
							"faces": {
								"north": { "texture": "#aged", "uv": [ 0.0, 10.5, 11.5, 11.5 ], "rotation": 90 },
								"east": { "texture": "#aged", "uv": [ 0.0, 8.0, 11.5, 11.0 ], "rotation": 90 },
								"south": { "texture": "#aged", "uv": [ 0.5, 10.5, 12.0, 11.5 ], "rotation": 90 },
								"west": { "texture": "#aged", "uv": [ 0.0, 7.0, 11.5, 10.0 ], "rotation": 90 },
								"up": { "texture": "#aged", "uv": [ 8.0, 8.0, 9.0, 11.0 ] },
								"down": { "texture": "#aged", "uv": [ 4.0, 8.5, 5.0, 11.5 ] }
							}
						}
					]
				},
				{
					"name": "westgroup",
					"from": [ 0.0, 0.0, -16.0 ],
					"to": [ 0.0, 0.0, -16.0 ],
					"rotationOrigin": [ 0.0, 0.0, -16.0 ],
					"rotationX": 180.0,
					"rotationZ": 180.0,
					"faces": {
					},
					"children": [
						{
							"name": "E22",
							"from": [ 12.0, 0.0, -9.0 ],
							"to": [ 13.0, 11.8, -6.0 ],
							"faces": {
								"north": { "texture": "#aged", "uv": [ 0.0, 10.5, 11.5, 11.5 ], "rotation": 90 },
								"east": { "texture": "#aged", "uv": [ 0.0, 8.0, 11.5, 11.0 ], "rotation": 90 },
								"south": { "texture": "#aged", "uv": [ 0.5, 10.5, 12.0, 11.5 ], "rotation": 90 },
								"west": { "texture": "#aged", "uv": [ 0.0, 7.0, 11.5, 10.0 ], "rotation": 90 },
								"up": { "texture": "#aged", "uv": [ 8.0, 8.0, 9.0, 11.0 ] },
								"down": { "texture": "#aged", "uv": [ 4.0, 8.5, 5.0, 11.5 ] }
							}
						},
						{
							"name": "E20",
							"from": [ 12.3, 0.0, -6.0 ],
							"to": [ 13.3, 12.3, -3.0 ],
							"faces": {
								"north": { "texture": "#aged", "uv": [ 0.0, 7.5, 12.0, 8.5 ], "rotation": 90 },
								"east": { "texture": "#aged", "uv": [ 0.0, 0.0, 12.0, 3.0 ], "rotation": 90 },
								"south": { "texture": "#aged", "uv": [ 0.0, 5.0, 12.0, 6.0 ], "rotation": 90 },
								"west": { "texture": "#aged", "uv": [ 0.0, 7.5, 12.0, 10.5 ], "rotation": 90 },
								"up": { "texture": "#aged", "uv": [ 7.0, 10.0, 8.0, 13.0 ] },
								"down": { "texture": "#aged", "uv": [ 5.5, 9.5, 6.5, 12.5 ] }
							}
						},
						{
							"name": "E21",
							"from": [ 12.2, 0.0, -10.5 ],
							"to": [ 13.2, 12.3, -9.0 ],
							"faces": {
								"north": { "texture": "#aged", "uv": [ 0.0, 3.5, 12.0, 4.5 ], "rotation": 90 },
								"east": { "texture": "#aged", "uv": [ 0.0, 11.0, 12.0, 12.5 ], "rotation": 90 },
								"south": { "texture": "#aged", "uv": [ 0.0, 4.5, 12.0, 5.5 ], "rotation": 90 },
								"west": { "texture": "#aged", "uv": [ 0.0, 9.5, 12.0, 11.0 ], "rotation": 90 },
								"up": { "texture": "#aged", "uv": [ 12.0, 7.0, 13.0, 8.5 ] },
								"down": { "texture": "#aged", "uv": [ 3.5, 2.5, 4.5, 4.0 ] }
							}
						},
						{
							"name": "E22",
							"from": [ 12.0, 0.0, 3.0 ],
							"to": [ 13.0, 11.8, 6.0 ],
							"faces": {
								"north": { "texture": "#aged", "uv": [ 0.0, 10.5, 11.5, 11.5 ], "rotation": 90 },
								"east": { "texture": "#aged", "uv": [ 0.0, 8.0, 11.5, 11.0 ], "rotation": 90 },
								"south": { "texture": "#aged", "uv": [ 0.5, 10.5, 12.0, 11.5 ], "rotation": 90 },
								"west": { "texture": "#aged", "uv": [ 0.0, 7.0, 11.5, 10.0 ], "rotation": 90 },
								"up": { "texture": "#aged", "uv": [ 8.0, 8.0, 9.0, 11.0 ] },
								"down": { "texture": "#aged", "uv": [ 4.0, 8.5, 5.0, 11.5 ] }
							}
						},
						{
							"name": "E23",
							"from": [ 12.0, 0.0, -1.5 ],
							"to": [ 13.0, 12.3, 1.5 ],
							"faces": {
								"north": { "texture": "#aged", "uv": [ 0.0, 3.5, 12.0, 4.5 ], "rotation": 90 },
								"east": { "texture": "#aged", "uv": [ 0.0, 11.0, 12.0, 14.0 ], "rotation": 90 },
								"south": { "texture": "#aged", "uv": [ 0.0, 4.5, 12.0, 5.5 ], "rotation": 90 },
								"west": { "texture": "#aged", "uv": [ 0.0, 9.5, 12.0, 12.5 ], "rotation": 90 },
								"up": { "texture": "#aged", "uv": [ 12.0, 7.0, 13.0, 10.0 ] },
								"down": { "texture": "#aged", "uv": [ 3.5, 2.5, 4.5, 5.5 ] }
							}
						},
						{
							"name": "E1",
							"from": [ 12.2, 0.0, -3.0 ],
							"to": [ 13.2, 11.8, -1.5 ],
							"faces": {
								"north": { "texture": "#aged", "uv": [ 0.0, 0.0, 11.5, 1.0 ], "rotation": 90 },
								"east": { "texture": "#aged", "uv": [ 0.5, 11.5, 12.0, 13.0 ], "rotation": 90 },
								"south": { "texture": "#aged", "uv": [ 0.0, 0.0, 1.0, 11.8 ] },
								"west": { "texture": "#aged", "uv": [ 0.0, 12.5, 11.5, 14.0 ], "rotation": 90 },
								"up": { "texture": "#aged", "uv": [ 5.0, 4.0, 6.0, 5.5 ] },
								"down": { "texture": "#aged", "uv": [ 8.0, 5.0, 9.0, 6.5 ] }
							}
						},
						{
							"name": "E21",
							"from": [ 12.2, 0.0, 1.5 ],
							"to": [ 13.2, 12.3, 3.0 ],
							"faces": {
								"north": { "texture": "#aged", "uv": [ 0.0, 3.5, 12.0, 4.5 ], "rotation": 90 },
								"east": { "texture": "#aged", "uv": [ 0.0, 11.0, 12.0, 12.5 ], "rotation": 90 },
								"south": { "texture": "#aged", "uv": [ 0.0, 4.5, 12.0, 5.5 ], "rotation": 90 },
								"west": { "texture": "#aged", "uv": [ 0.0, 9.5, 12.0, 11.0 ], "rotation": 90 },
								"up": { "texture": "#aged", "uv": [ 12.0, 7.0, 13.0, 8.5 ] },
								"down": { "texture": "#aged", "uv": [ 3.5, 2.5, 4.5, 4.0 ] }
							}
						},
						{
							"name": "E20",
							"from": [ 12.3, 0.0, 6.0 ],
							"to": [ 13.3, 12.3, 9.0 ],
							"faces": {
								"north": { "texture": "#aged", "uv": [ 0.0, 7.5, 12.0, 8.5 ], "rotation": 90 },
								"east": { "texture": "#aged", "uv": [ 0.0, 0.0, 12.0, 3.0 ], "rotation": 90 },
								"south": { "texture": "#aged", "uv": [ 0.0, 5.0, 12.0, 6.0 ], "rotation": 90 },
								"west": { "texture": "#aged", "uv": [ 0.0, 7.5, 12.0, 10.5 ], "rotation": 90 },
								"up": { "texture": "#aged", "uv": [ 7.0, 10.0, 8.0, 13.0 ] },
								"down": { "texture": "#aged", "uv": [ 5.5, 9.5, 6.5, 12.5 ] }
							}
						},
						{
							"name": "E1",
							"from": [ 12.2, 0.0, 9.0 ],
							"to": [ 13.2, 11.8, 10.5 ],
							"faces": {
								"north": { "texture": "#aged", "uv": [ 0.0, 0.0, 11.5, 1.0 ], "rotation": 90 },
								"east": { "texture": "#aged", "uv": [ 0.5, 11.5, 12.0, 13.0 ], "rotation": 90 },
								"west": { "texture": "#aged", "uv": [ 0.0, 12.5, 11.5, 14.0 ], "rotation": 90 },
								"up": { "texture": "#aged", "uv": [ 5.0, 4.0, 6.0, 5.5 ] },
								"down": { "texture": "#aged", "uv": [ 8.0, 5.0, 9.0, 6.5 ] }
							}
						}
					]
				},
				{
					"name": "Corners",
					"from": [ -5.4, 0.0, -21.5 ],
					"to": [ -5.4, 0.0, -21.5 ],
					"rotationOrigin": [ -5.4, 0.0, -21.5 ],
					"rotationY": -45.0,
					"faces": {
					},
					"children": [
						{
							"name": "cornerNW",
							"from": [ -9.1267, 0.0, -2.0 ],
							"to": [ -8.1267, 12.0, 2.0 ],
							"faces": {
								"north": { "texture": "#aged", "uv": [ 0.5, 12.0, 12.5, 13.0 ], "rotation": 90 },
								"east": { "texture": "#aged", "uv": [ 0.5, 1.5, 12.5, 5.5 ], "rotation": 90 },
								"south": { "texture": "#aged", "uv": [ 0.5, 12.5, 12.5, 13.5 ], "rotation": 90 },
								"west": { "texture": "#aged", "uv": [ 0.5, 5.0, 12.5, 9.0 ], "rotation": 90 },
								"up": { "texture": "#aged", "uv": [ 14.0, 2.0, 15.0, 6.0 ] },
								"down": { "texture": "#aged", "uv": [ 4.0, 4.0, 5.0, 8.0 ] }
							}
						},
						{
							"name": "cornerSE",
							"from": [ 23.5416, 0.0, -1.8586 ],
							"to": [ 24.5416, 12.0, 2.1414 ],
							"rotationOrigin": [ 15.4149, 0.0, 0.1414 ],
							"faces": {
								"north": { "texture": "#aged", "uv": [ 0.0, 11.0, 12.0, 12.0 ], "rotation": 90 },
								"east": { "texture": "#aged", "uv": [ 0.0, 3.5, 12.0, 7.5 ], "rotation": 90 },
								"south": { "texture": "#aged", "uv": [ 0.0, 14.0, 12.0, 15.0 ], "rotation": 90 },
								"west": { "texture": "#aged", "uv": [ 0.5, 3.0, 12.5, 7.0 ], "rotation": 90 },
								"up": { "texture": "#aged", "uv": [ 12.0, 5.0, 13.0, 9.0 ] },
								"down": { "texture": "#aged", "uv": [ 1.5, 7.5, 2.5, 11.5 ] }
							}
						},
						{
							"name": "cornerSEgroup",
							"from": [ 15.4149, 0.0, 0.1414 ],
							"to": [ 15.4149, 0.0, 0.1414 ],
							"rotationOrigin": [ 15.4149, 0.0, 0.1414 ],
							"faces": {
							}
						},
						{
							"name": "cornerSW",
							"from": [ -1.3499, 0.0, 5.7845 ],
							"to": [ -0.3499, 12.0, 9.7845 ],
							"rotationOrigin": [ 7.7781, 0.0, 7.7782 ],
							"rotationY": 89.9802,
							"faces": {
								"north": { "texture": "#aged", "uv": [ 0.0, 3.0, 12.0, 4.0 ], "rotation": 90 },
								"east": { "texture": "#aged", "uv": [ 1.0, 1.0, 13.0, 5.0 ], "rotation": 90 },
								"south": { "texture": "#aged", "uv": [ 0.5, 6.0, 12.5, 7.0 ], "rotation": 90 },
								"west": { "texture": "#aged", "uv": [ 0.0, 0.5, 12.0, 4.5 ], "rotation": 90 },
								"up": { "texture": "#aged", "uv": [ 9.5, 5.5, 10.5, 9.5 ] },
								"down": { "texture": "#aged", "uv": [ 0.0, 10.0, 1.0, 14.0 ] }
							}
						},
						{
							"name": "cornerNE",
							"from": [ 7.1354, 0.0, -18.2631 ],
							"to": [ 8.1354, 12.0, -14.2631 ],
							"rotationOrigin": [ 7.6367, 0.0, -16.2635 ],
							"rotationY": 89.9802,
							"faces": {
								"north": { "texture": "#aged", "uv": [ 0.0, 3.0, 12.0, 4.0 ], "rotation": 90 },
								"east": { "texture": "#aged", "uv": [ 0.5, 8.5, 12.5, 12.5 ], "rotation": 90 },
								"south": { "texture": "#aged", "uv": [ 0.5, 6.0, 12.5, 7.0 ], "rotation": 90 },
								"west": { "texture": "#aged", "uv": [ 0.0, 0.5, 12.0, 4.5 ], "rotation": 90 },
								"up": { "texture": "#aged", "uv": [ 9.5, 5.5, 10.5, 9.5 ] },
								"down": { "texture": "#aged", "uv": [ 0.0, 10.0, 1.0, 14.0 ] }
							}
						}
					]
				},
				{
					"name": "floor",
					"from": [ -12.3, 0.1, -28.3 ],
					"to": [ 12.7, 1.1, -3.3 ],
					"rotationOrigin": [ -14.3, 0.1, -30.3 ],
					"faces": {
						"up": { "texture": "#bottom", "uv": [ 0.0, 0.0, 25.0, 25.0 ] },
						"down": { "texture": "#bottom", "uv": [ 0.0, 0.0, 25.0, 25.0 ] }
					}
				}
			]
		},
		{
			"name": "originlowerring",
			"from": [ 32.0, 2.1, 16.0 ],
			"to": [ 32.0, 2.1, 16.0 ],
			"rotationOrigin": [ 32.0, 2.1, 16.0 ],
			"faces": {
			},
			"children": [
				{
					"name": "LringS",
					"from": [ -14.5, 1.0, -3.8 ],
					"to": [ -14.5, 1.0, -3.8 ],
					"rotationOrigin": [ -14.5, 1.0, -3.8 ],
					"faces": {
					},
					"children": [
						{
							"name": "LS1",
							"from": [ -1.5, -1.0, 0.8 ],
							"to": [ 9.2, 1.0, 1.4 ],
							"faces": {
								"east": { "texture": "#blackbronze4", "uv": [ 0.0, 3.0, 0.5, 5.0 ] },
								"south": { "texture": "#blackbronze4", "uv": [ 0.0, 0.5, 9.0, 2.5 ] },
								"west": { "texture": "#blackbronze4", "uv": [ 15.0, 3.0, 15.5, 5.0 ] },
								"up": { "texture": "#blackbronze4", "uv": [ 0.0, 0.0, 9.0, 0.5 ] },
								"down": { "texture": "#blackbronze4", "uv": [ 0.0, 0.0, 10.5, 0.5 ], "rotation": 180 }
							}
						},
						{
							"name": "LS2",
							"from": [ -12.2, -1.0, 0.8 ],
							"to": [ -1.5, 1.0, 1.4 ],
							"faces": {
								"east": { "texture": "#blackbronze4", "uv": [ 0.0, 3.0, 0.5, 5.0 ] },
								"south": { "texture": "#blackbronze4", "uv": [ 0.0, 0.5, 9.0, 2.5 ] },
								"west": { "texture": "#blackbronze4", "uv": [ 15.0, 3.0, 15.5, 5.0 ] },
								"up": { "texture": "#blackbronze4", "uv": [ 0.0, 0.0, 9.0, 0.5 ] },
								"down": { "texture": "#blackbronze4", "uv": [ 0.0, 0.0, 10.5, 0.5 ], "rotation": 180 }
							}
						}
					]
				},
				{
					"name": "LowercornerSE",
					"from": [ -10.3, 1.0, -10.3 ],
					"to": [ -10.3, 1.0, -10.3 ],
					"rotationOrigin": [ -10.3, 1.0, -10.3 ],
					"rotationY": 45.0,
					"faces": {
					},
					"children": [
						{
							"name": "LowercornerSEe",
							"from": [ -2.05, -0.999, 8.6267 ],
							"to": [ 2.05, 1.001, 9.1267 ],
							"faces": {
								"east": { "texture": "#blackbronze4", "uv": [ 4.0, 0.5, 4.5, 2.5 ] },
								"south": { "texture": "#blackbronze4", "uv": [ 4.5, 0.5, 8.5, 2.5 ] },
								"west": { "texture": "#blackbronze4", "uv": [ 8.5, 0.5, 9.0, 2.5 ] },
								"up": { "texture": "#blackbronze4", "uv": [ 0.0, 0.0, 4.0, 0.5 ] },
								"down": { "texture": "#blackbronze4", "uv": [ 4.0, 0.0, 8.0, 0.5 ], "rotation": 180 }
							}
						}
					]
				},
				{
					"name": "LowerringE",
					"from": [ -9.0, 1.0, -15.5 ],
					"to": [ -9.0, 1.0, -15.5 ],
					"rotationOrigin": [ -9.0, 1.0, -15.5 ],
					"faces": {
					},
					"children": [
						{
							"name": "LowerringE1",
							"from": [ 6.0, -1.0, -0.5 ],
							"to": [ 6.6, 1.0, 10.2 ],
							"faces": {
								"north": { "texture": "#blackbronze4", "uv": [ 0.0, 12.0, 0.5, 14.0 ] },
								"east": { "texture": "#blackbronze4", "uv": [ 3.0, 0.5, 12.0, 2.5 ] },
								"south": { "texture": "#blackbronze4", "uv": [ 0.0, 12.0, 0.5, 14.0 ] },
								"up": { "texture": "#blackbronze4", "uv": [ 1.0, 0.0, 11.5, 0.5 ], "rotation": 270 },
								"down": { "texture": "#blackbronze4", "uv": [ 1.0, 0.0, 11.5, 0.5 ], "rotation": 270 }
							}
						},
						{
							"name": "LowerringEe",
							"from": [ 6.0, -1.0, -11.2 ],
							"to": [ 6.6, 1.0, -0.5 ],
							"faces": {
								"north": { "texture": "#blackbronze4", "uv": [ 0.0, 12.0, 0.5, 14.0 ] },
								"east": { "texture": "#blackbronze4", "uv": [ 3.0, 0.5, 12.0, 2.5 ] },
								"south": { "texture": "#blackbronze4", "uv": [ 0.0, 12.0, 0.5, 14.0 ] },
								"up": { "texture": "#blackbronze4", "uv": [ 1.0, 0.0, 11.5, 0.5 ], "rotation": 270 },
								"down": { "texture": "#blackbronze4", "uv": [ 1.0, 0.0, 11.5, 0.5 ], "rotation": 270 }
							}
						}
					]
				},
				{
					"name": "LowercornerNEgroup",
					"from": [ -9.9, 0.0, -22.1 ],
					"to": [ -9.9, 0.0, -22.1 ],
					"rotationOrigin": [ -9.9, 0.0, -22.1 ],
					"rotationY": -45.0,
					"faces": {
					},
					"children": [
						{
							"name": "LowercornerNE",
							"from": [ -2.05, 0.001, -8.5517 ],
							"to": [ 2.05, 2.001, -8.1017 ],
							"faces": {
								"north": { "texture": "#blackbronze4", "uv": [ 0.0, 0.5, 4.0, 2.5 ] },
								"east": { "texture": "#blackbronze4", "uv": [ 4.0, 0.5, 4.5, 2.5 ] },
								"west": { "texture": "#blackbronze4", "uv": [ 8.5, 0.5, 9.0, 2.5 ] },
								"up": { "texture": "#blackbronze4", "uv": [ 0.0, 0.0, 4.0, 0.5 ] },
								"down": { "texture": "#blackbronze4", "uv": [ 4.0, 0.0, 8.0, 0.5 ], "rotation": 180 }
							}
						}
					]
				},
				{
					"name": "LowercornerSWgroupgroup",
					"from": [ -21.7, 0.0, -10.3 ],
					"to": [ -21.7, 0.0, -10.3 ],
					"rotationOrigin": [ -21.7, 0.0, -10.3 ],
					"rotationY": -45.0,
					"faces": {
					},
					"children": [
						{
							"name": "LowercornerSW",
							"from": [ -2.05, 0.001, 8.6267 ],
							"to": [ 2.05, 2.001, 9.1267 ],
							"faces": {
								"east": { "texture": "#blackbronze4", "uv": [ 4.0, 0.5, 4.5, 2.5 ] },
								"south": { "texture": "#blackbronze4", "uv": [ 4.5, 0.5, 8.5, 2.5 ] },
								"west": { "texture": "#blackbronze4", "uv": [ 8.5, 0.5, 9.0, 2.5 ] },
								"up": { "texture": "#blackbronze4", "uv": [ 0.0, 0.0, 4.0, 0.5 ] },
								"down": { "texture": "#blackbronze4", "uv": [ 4.0, 0.0, 8.0, 0.5 ], "rotation": 180 }
							}
						}
					]
				},
				{
					"name": "LowerringWgroupgroup",
					"from": [ -23.5, 1.0, -15.5 ],
					"to": [ -23.5, 1.0, -15.5 ],
					"rotationOrigin": [ -23.5, 1.0, -15.5 ],
					"faces": {
					},
					"children": [
						{
							"name": "LowerringW",
							"from": [ -6.1, -1.0, -0.5 ],
							"to": [ -5.5, 1.0, 10.2 ],
							"faces": {
								"north": { "texture": "#blackbronze4", "uv": [ 0.0, 12.0, 0.5, 14.0 ] },
								"south": { "texture": "#blackbronze4", "uv": [ 0.0, 12.0, 0.5, 14.0 ] },
								"west": { "texture": "#blackbronze4", "uv": [ 3.0, 0.5, 12.0, 2.5 ] },
								"up": { "texture": "#blackbronze4", "uv": [ 1.0, 0.0, 11.5, 0.5 ], "rotation": 270 },
								"down": { "texture": "#blackbronze4", "uv": [ 1.0, 0.0, 11.5, 0.5 ], "rotation": 270 }
							}
						},
						{
							"name": "LowerringWe",
							"from": [ -6.1, -1.0, -11.2 ],
							"to": [ -5.5, 1.0, -0.5 ],
							"faces": {
								"north": { "texture": "#blackbronze4", "uv": [ 0.0, 12.0, 0.5, 14.0 ] },
								"south": { "texture": "#blackbronze4", "uv": [ 0.0, 12.0, 0.5, 14.0 ] },
								"west": { "texture": "#blackbronze4", "uv": [ 3.0, 0.5, 12.0, 2.5 ] },
								"up": { "texture": "#blackbronze4", "uv": [ 1.0, 0.0, 11.5, 0.5 ], "rotation": 270 },
								"down": { "texture": "#blackbronze4", "uv": [ 1.0, 0.0, 11.5, 0.5 ], "rotation": 270 }
							}
						}
					]
				},
				{
					"name": "LowerringNgroupgroup",
					"from": [ -14.5, 1.0, -23.5 ],
					"to": [ -14.5, 1.0, -23.5 ],
					"rotationOrigin": [ -14.5, 1.0, -23.5 ],
					"faces": {
					},
					"children": [
						{
							"name": "LowerringN",
							"from": [ -1.5, -1.0, -6.1 ],
							"to": [ 9.2, 1.0, -5.5 ],
							"faces": {
								"north": { "texture": "#blackbronze4", "uv": [ 3.5, 0.5, 12.5, 2.5 ] },
								"east": { "texture": "#blackbronze4", "uv": [ 0.0, 3.0, 0.5, 5.0 ] },
								"west": { "texture": "#blackbronze4", "uv": [ 15.0, 3.0, 15.5, 5.0 ] },
								"up": { "texture": "#blackbronze4", "uv": [ 0.0, 0.0, 9.0, 0.5 ] },
								"down": { "texture": "#blackbronze4", "uv": [ 0.0, 0.0, 10.5, 0.5 ], "rotation": 180 }
							}
						},
						{
							"name": "2",
							"from": [ -12.2, -1.0, -6.1 ],
							"to": [ -1.5, 1.0, -5.5 ],
							"faces": {
								"north": { "texture": "#blackbronze4", "uv": [ 3.5, 0.5, 12.5, 2.5 ] },
								"east": { "texture": "#blackbronze4", "uv": [ 0.0, 3.0, 0.5, 5.0 ] },
								"west": { "texture": "#blackbronze4", "uv": [ 15.0, 3.0, 15.5, 5.0 ] },
								"up": { "texture": "#blackbronze4", "uv": [ 0.0, 0.0, 9.0, 0.5 ] },
								"down": { "texture": "#blackbronze4", "uv": [ 0.0, 0.0, 10.5, 0.5 ], "rotation": 180 }
							}
						}
					]
				},
				{
					"name": "LowercornerNWgroupgroup",
					"from": [ -22.1, 0.0, -22.1 ],
					"to": [ -22.1, 0.0, -22.1 ],
					"rotationOrigin": [ -22.1, 0.0, -22.1 ],
					"rotationY": 45.0,
					"faces": {
					},
					"children": [
						{
							"name": "LowercornerNW",
							"from": [ -2.05, 0.001, -8.58 ],
							"to": [ 2.05, 2.001, -8.08 ],
							"faces": {
								"north": { "texture": "#blackbronze4", "uv": [ 0.0, 0.5, 4.0, 2.5 ] },
								"east": { "texture": "#blackbronze4", "uv": [ 4.0, 0.5, 4.5, 2.5 ] },
								"west": { "texture": "#blackbronze4", "uv": [ 8.5, 0.5, 9.0, 2.5 ] },
								"up": { "texture": "#blackbronze4", "uv": [ 0.0, 0.0, 4.0, 0.5 ] },
								"down": { "texture": "#blackbronze4", "uv": [ 4.0, 0.0, 8.0, 0.5 ], "rotation": 180 }
							}
						}
					]
				},
				{
					"name": "originlowerringgroup",
					"from": [ -16.0, 0.0, -16.0 ],
					"to": [ -16.0, 0.0, -16.0 ],
					"rotationOrigin": [ -16.0, 0.0, -16.0 ],
					"faces": {
					},
					"children": [
						{
							"name": "originlowerring",
							"from": [ 0.0, -11.0, 0.0 ],
							"to": [ 0.0, -11.0, 0.0 ],
							"faces": {
								"north": { "texture": "#aged", "uv": [ 0.0, 0.0, 0.5, 0.5 ] },
								"east": { "texture": "#aged", "uv": [ 0.0, 0.0, 0.5, 0.5 ] },
								"south": { "texture": "#aged", "uv": [ 0.0, 0.0, 0.5, 0.5 ] },
								"west": { "texture": "#aged", "uv": [ 0.0, 0.0, 0.5, 0.5 ] },
								"up": { "texture": "#aged", "uv": [ 0.0, 0.0, 0.5, 0.5 ] },
								"down": { "texture": "#aged", "uv": [ 0.0, 0.0, 0.5, 0.5 ] }
							}
						}
					]
				}
			]
		},
		{
			"name": "originupperring",
			"from": [ 32.0, 6.2, 16.0 ],
			"to": [ 32.0, 6.2, 16.0 ],
			"rotationOrigin": [ 32.0, 6.2, 16.0 ],
			"faces": {
			},
			"children": [
				{
					"name": "LowerringSgroupgroup2",
					"from": [ -14.5, 1.0, -3.8 ],
					"to": [ -14.5, 1.0, -3.8 ],
					"rotationOrigin": [ -14.5, 1.0, -3.8 ],
					"faces": {
					},
					"children": [
						{
							"name": "LowerringS",
							"from": [ -1.5, -1.0, 0.8 ],
							"to": [ 9.2, 1.0, 1.4 ],
							"faces": {
								"east": { "texture": "#blackbronze4", "uv": [ 0.0, 3.0, 0.5, 5.0 ] },
								"south": { "texture": "#blackbronze4", "uv": [ 0.0, 0.5, 9.0, 2.5 ] },
								"west": { "texture": "#blackbronze4", "uv": [ 15.0, 3.0, 15.5, 5.0 ] },
								"up": { "texture": "#blackbronze4", "uv": [ 0.0, 0.0, 9.0, 0.5 ] },
								"down": { "texture": "#blackbronze4", "uv": [ 0.0, 0.0, 10.5, 0.5 ], "rotation": 180 }
							}
						},
						{
							"name": "LowerringS2",
							"from": [ -12.2, -1.0, 0.8 ],
							"to": [ -1.5, 1.0, 1.4 ],
							"faces": {
								"east": { "texture": "#blackbronze4", "uv": [ 0.0, 3.0, 0.5, 5.0 ] },
								"south": { "texture": "#blackbronze4", "uv": [ 0.0, 0.5, 9.0, 2.5 ] },
								"west": { "texture": "#blackbronze4", "uv": [ 15.0, 3.0, 15.5, 5.0 ] },
								"up": { "texture": "#blackbronze4", "uv": [ 0.0, 0.0, 9.0, 0.5 ] },
								"down": { "texture": "#blackbronze4", "uv": [ 0.0, 0.0, 10.5, 0.5 ], "rotation": 180 }
							}
						}
					]
				},
				{
					"name": "UpperCorners",
					"from": [ -10.3, 1.0, -10.3 ],
					"to": [ -10.3, 1.0, -10.3 ],
					"rotationOrigin": [ -10.3, 1.0, -10.3 ],
					"rotationY": 45.0,
					"faces": {
					},
					"children": [
						{
							"name": "UCSE",
							"from": [ -2.05, -0.999, 8.6267 ],
							"to": [ 2.05, 1.001, 9.1267 ],
							"faces": {
								"east": { "texture": "#blackbronze4", "uv": [ 4.0, 0.5, 4.5, 2.5 ] },
								"south": { "texture": "#blackbronze4", "uv": [ 4.5, 0.5, 8.5, 2.5 ] },
								"west": { "texture": "#blackbronze4", "uv": [ 8.5, 0.5, 9.0, 2.5 ] },
								"up": { "texture": "#blackbronze4", "uv": [ 0.0, 0.0, 4.0, 0.5 ] },
								"down": { "texture": "#blackbronze4", "uv": [ 4.0, 0.0, 8.0, 0.5 ], "rotation": 180 }
							}
						},
						{
							"name": "ucornerNE",
							"from": [ 6.5826, -0.999, -16.6141 ],
							"to": [ 10.6826, 1.001, -16.1641 ],
							"rotationOrigin": [ 8.6267, -1.0, -8.061 ],
							"rotationY": -89.9802,
							"faces": {
								"north": { "texture": "#blackbronze4", "uv": [ 0.0, 0.5, 4.0, 2.5 ] },
								"east": { "texture": "#blackbronze4", "uv": [ 4.0, 0.5, 4.5, 2.5 ] },
								"west": { "texture": "#blackbronze4", "uv": [ 8.5, 0.5, 9.0, 2.5 ] },
								"up": { "texture": "#blackbronze4", "uv": [ 0.0, 0.0, 4.0, 0.5 ] },
								"down": { "texture": "#blackbronze4", "uv": [ 4.0, 0.0, 8.0, 0.5 ], "rotation": 180 }
							}
						},
						{
							"name": "ucornerSW",
							"from": [ -10.1227, -0.999, 0.5643 ],
							"to": [ -6.0227, 1.001, 1.0643 ],
							"rotationOrigin": [ -8.061, -1.0, -8.061 ],
							"rotationY": -89.9802,
							"faces": {
								"east": { "texture": "#blackbronze4", "uv": [ 4.0, 0.5, 4.5, 2.5 ] },
								"south": { "texture": "#blackbronze4", "uv": [ 4.5, 0.5, 8.5, 2.5 ] },
								"west": { "texture": "#blackbronze4", "uv": [ 8.5, 0.5, 9.0, 2.5 ] },
								"up": { "texture": "#blackbronze4", "uv": [ 0.0, 0.0, 4.0, 0.5 ] },
								"down": { "texture": "#blackbronze4", "uv": [ 4.0, 0.0, 8.0, 0.5 ], "rotation": 180 }
							}
						}
					]
				},
				{
					"name": "LowerringE2",
					"from": [ -9.0, 1.0, -15.5 ],
					"to": [ -9.0, 1.0, -15.5 ],
					"rotationOrigin": [ -9.0, 1.0, -15.5 ],
					"faces": {
					},
					"children": [
						{
							"name": "UE1",
							"from": [ 6.0, -1.0, -0.5 ],
							"to": [ 6.6, 1.0, 10.2 ],
							"faces": {
								"north": { "texture": "#blackbronze4", "uv": [ 0.0, 12.0, 0.5, 14.0 ] },
								"east": { "texture": "#blackbronze4", "uv": [ 3.0, 0.5, 12.0, 2.5 ] },
								"south": { "texture": "#blackbronze4", "uv": [ 0.0, 12.0, 0.5, 14.0 ] },
								"up": { "texture": "#blackbronze4", "uv": [ 1.0, 0.0, 11.5, 0.5 ], "rotation": 270 },
								"down": { "texture": "#blackbronze4", "uv": [ 1.0, 0.0, 11.5, 0.5 ], "rotation": 270 }
							}
						},
						{
							"name": "UE2",
							"from": [ 6.0, -1.0, -11.2 ],
							"to": [ 6.6, 1.0, -0.5 ],
							"faces": {
								"north": { "texture": "#blackbronze4", "uv": [ 0.0, 12.0, 0.5, 14.0 ] },
								"east": { "texture": "#blackbronze4", "uv": [ 3.0, 0.5, 12.0, 2.5 ] },
								"south": { "texture": "#blackbronze4", "uv": [ 0.0, 12.0, 0.5, 14.0 ] },
								"up": { "texture": "#blackbronze4", "uv": [ 1.0, 0.0, 11.5, 0.5 ], "rotation": 270 },
								"down": { "texture": "#blackbronze4", "uv": [ 1.0, 0.0, 11.5, 0.5 ], "rotation": 270 }
							}
						}
					]
				},
				{
					"name": "LowercornerNEgroup2",
					"from": [ -9.9, 0.0, -22.1 ],
					"to": [ -9.9, 0.0, -22.1 ],
					"rotationOrigin": [ -9.9, 0.0, -22.1 ],
					"rotationY": -45.0,
					"faces": {
					}
				},
				{
					"name": "LowercornerSWgroupgroup2",
					"from": [ -21.7, 0.0, -10.3 ],
					"to": [ -21.7, 0.0, -10.3 ],
					"rotationOrigin": [ -21.7, 0.0, -10.3 ],
					"rotationY": -45.0,
					"faces": {
					}
				},
				{
					"name": "LowerringWgroupgroup2",
					"from": [ -23.5, 1.0, -15.5 ],
					"to": [ -23.5, 1.0, -15.5 ],
					"rotationOrigin": [ -23.5, 1.0, -15.5 ],
					"faces": {
					},
					"children": [
						{
							"name": "LW1",
							"from": [ -6.1, -1.0, -0.5 ],
							"to": [ -5.5, 1.0, 10.2 ],
							"faces": {
								"north": { "texture": "#blackbronze4", "uv": [ 0.0, 12.0, 0.5, 14.0 ] },
								"south": { "texture": "#blackbronze4", "uv": [ 0.0, 12.0, 0.5, 14.0 ] },
								"west": { "texture": "#blackbronze4", "uv": [ 3.0, 0.5, 12.0, 2.5 ] },
								"up": { "texture": "#blackbronze4", "uv": [ 1.0, 0.0, 11.5, 0.5 ], "rotation": 270 },
								"down": { "texture": "#blackbronze4", "uv": [ 1.0, 0.0, 11.5, 0.5 ], "rotation": 270 }
							}
						},
						{
							"name": "LW2",
							"from": [ -6.1, -1.0, -11.2 ],
							"to": [ -5.5, 1.0, -0.5 ],
							"faces": {
								"north": { "texture": "#blackbronze4", "uv": [ 0.0, 12.0, 0.5, 14.0 ] },
								"south": { "texture": "#blackbronze4", "uv": [ 0.0, 12.0, 0.5, 14.0 ] },
								"west": { "texture": "#blackbronze4", "uv": [ 3.0, 0.5, 12.0, 2.5 ] },
								"up": { "texture": "#blackbronze4", "uv": [ 1.0, 0.0, 11.5, 0.5 ], "rotation": 270 },
								"down": { "texture": "#blackbronze4", "uv": [ 1.0, 0.0, 11.5, 0.5 ], "rotation": 270 }
							}
						}
					]
				},
				{
					"name": "LringN",
					"from": [ -14.5, 1.0, -23.5 ],
					"to": [ -14.5, 1.0, -23.5 ],
					"rotationOrigin": [ -14.5, 1.0, -23.5 ],
					"faces": {
					},
					"children": [
						{
							"name": "LN1",
							"from": [ -1.5, -1.0, -6.1 ],
							"to": [ 9.2, 1.0, -5.5 ],
							"faces": {
								"north": { "texture": "#blackbronze4", "uv": [ 3.5, 0.5, 12.5, 2.5 ] },
								"east": { "texture": "#blackbronze4", "uv": [ 0.0, 3.0, 0.5, 5.0 ] },
								"west": { "texture": "#blackbronze4", "uv": [ 15.0, 3.0, 15.5, 5.0 ] },
								"up": { "texture": "#blackbronze4", "uv": [ 0.0, 0.0, 9.0, 0.5 ] },
								"down": { "texture": "#blackbronze4", "uv": [ 0.0, 0.0, 10.5, 0.5 ], "rotation": 180 }
							}
						},
						{
							"name": "LN2",
							"from": [ -12.2, -1.0, -6.1 ],
							"to": [ -1.5, 1.0, -5.5 ],
							"faces": {
								"north": { "texture": "#blackbronze4", "uv": [ 3.5, 0.5, 12.5, 2.5 ] },
								"east": { "texture": "#blackbronze4", "uv": [ 0.0, 3.0, 0.5, 5.0 ] },
								"west": { "texture": "#blackbronze4", "uv": [ 15.0, 3.0, 15.5, 5.0 ] },
								"up": { "texture": "#blackbronze4", "uv": [ 0.0, 0.0, 9.0, 0.5 ] },
								"down": { "texture": "#blackbronze4", "uv": [ 0.0, 0.0, 10.5, 0.5 ], "rotation": 180 }
							}
						}
					]
				},
				{
					"name": "UppercornerNW",
					"from": [ -24.15, 0.001, -30.68 ],
					"to": [ -20.05, 2.001, -30.18 ],
					"rotationOrigin": [ -22.1, 0.0, -22.1 ],
					"rotationY": 45.0,
					"faces": {
						"north": { "texture": "#blackbronze4", "uv": [ 0.0, 0.5, 4.0, 2.5 ] },
						"east": { "texture": "#blackbronze4", "uv": [ 4.0, 0.5, 4.5, 2.5 ] },
						"west": { "texture": "#blackbronze4", "uv": [ 8.5, 0.5, 9.0, 2.5 ] },
						"up": { "texture": "#blackbronze4", "uv": [ 0.0, 0.0, 4.0, 0.5 ] },
						"down": { "texture": "#blackbronze4", "uv": [ 4.0, 0.0, 8.0, 0.5 ], "rotation": 180 }
					}
				}
			]
		}
	]}