{
	"editor": {
		"allAngles": false,
		"entityTextureMode": false
	},
	"textureWidth": 32,
	"textureHeight": 32,
	"textureSizes": {
		"raw-onion": [ 32, 32 ]
	},
	"textures": {
		"raw-onion": "game:block/wood/barrel/raw-onion"
	},
	"elements": [
		{
			"name": "food",
			"from": [ 17.2, 0, -0.3 ],
			"to": [ 17.2, 0, -0.3 ],
			"rotationOrigin": [ 17.2, 0, -0.3 ],
			"children": []
		},
		{
			"name": "top",
			"from": [ 0, 0, 0 ],
			"to": [ 0, 0, 0 ],
			"rotationOrigin": [ 0, 0, 0 ],
			"children": [
				{
					"name": "food2",
					"from": [ 26.85, 1, -0.35 ],
					"to": [ 27.85, 2, 11.85 ],
					"faces": {
						"up": {
							"texture": "#raw-onion",
							"uv": [ 26, 15, 27, 27.2 ]
						}
					}
				},
				{
					"name": "food3",
					"from": [ 26.85, 1, -11.85 ],
					"to": [ 27.85, 2, -0.35 ],
					"faces": {
						"up": {
							"texture": "#raw-onion",
							"uv": [ 26, 3.5, 27, 15 ]
						}
					}
				},
				{
					"name": "food4",
					"from": [ 27.85, 1, -10.85 ],
					"to": [ 28.35, 2, -0.35 ],
					"faces": {
						"up": {
							"texture": "#raw-onion",
							"uv": [ 27, 4.5, 27.5, 15 ]
						}
					}
				},
				{
					"name": "food4",
					"from": [ 27.85, 1, -0.35 ],
					"to": [ 28.35, 2, 10.85 ],
					"faces": {
						"up": {
							"texture": "#raw-onion",
							"uv": [ 27, 15, 27.5, 26.2 ]
						}
					}
				}
			]
		},
		{
			"name": "center",
			"from": [ 0, 0, 0 ],
			"to": [ 0, 0, 0 ],
			"rotationOrigin": [ 0, 0, 0 ],
			"children": [
				{
					"name": "centerNE",
					"from": [ 15.85, 1, -12.35 ],
					"to": [ 26.85, 2, -0.35 ],
					"faces": {
						"up": {
							"texture": "#raw-onion",
							"uv": [ 15, 3, 26, 15 ]
						}
					}
				},
				{
					"name": "centerNW",
					"from": [ 5.15, 1, -12.35 ],
					"to": [ 15.85, 2, -0.35 ],
					"faces": {
						"up": {
							"texture": "#raw-onion",
							"uv": [ 4.25, 3, 14.95, 15 ]
						}
					}
				},
				{
					"name": "centerSE",
					"from": [ 15.85, 1, -0.35 ],
					"to": [ 26.85, 2, 12.35 ],
					"faces": {
						"up": {
							"texture": "#raw-onion",
							"uv": [ 15, 15, 26, 27.7 ]
						}
					}
				},
				{
					"name": "centerSW",
					"from": [ 5.15, 1, -0.35 ],
					"to": [ 15.85, 2, 12.35 ],
					"faces": {
						"up": {
							"texture": "#raw-onion",
							"uv": [ 4.25, 15, 14.95, 27.7 ]
						}
					}
				}
			]
		},
		{
			"name": "lower",
			"from": [ 0, 0, 0 ],
			"to": [ 0, 0, 0 ],
			"rotationOrigin": [ 0, 0, 0 ],
			"children": [
				{
					"name": "lower1",
					"from": [ 4.15, 1, -11.85 ],
					"to": [ 5.15, 2, -0.35 ],
					"faces": {
						"up": {
							"texture": "#raw-onion",
							"uv": [ 3.25, 3.5, 4.25, 15 ]
						}
					}
				},
				{
					"name": "lower2",
					"from": [ 3.65, 1, -0.35 ],
					"to": [ 4.15, 2, 10.85 ],
					"faces": {
						"up": {
							"texture": "#raw-onion",
							"uv": [ 2.75, 15, 3.25, 26.2 ]
						}
					}
				},
				{
					"name": "lower3",
					"from": [ 4.15, 1, -0.35 ],
					"to": [ 5.15, 2, 11.85 ],
					"faces": {
						"up": {
							"texture": "#raw-onion",
							"uv": [ 3.25, 15, 4.25, 27.2 ]
						}
					}
				},
				{
					"name": "lower4",
					"from": [ 3.65, 1, -10.85 ],
					"to": [ 4.15, 2, -0.35 ],
					"faces": {
						"up": {
							"texture": "#raw-onion",
							"uv": [ 2.75, 4.5, 3.25, 15 ]
						}
					}
				}
			]
		}
	]
}