[
    {
        "ingredientPattern": "LRL,RLR,LML",
        "ingredients": {
            "L": {
                "type": "item",
                "code": "game:leather-normal-plain",
                "quantity": 1
            },
            "R": {
                "type": "item",
                "code": "game:rope",
                "quantity": 1
            },
            "M": {
                "type": "item",
                "code": "game:metalnailsandstrips-tinbronze",
                "quantity": 1
            }
        },
        "width": 3,
        "height": 3,
        "output": {
            "type": "item",
            "code": "feverstonewilds:fsmountwearables-quarter-head-bridle",
            "quantity": 1
        }
    },
    {
        "ingredientPattern": "RLR,LRL,LML",
        "ingredients": {
            "L": {
                "type": "item",
                "code": "game:leather-normal-plain",
                "quantity": 1
            },
            "R": {
                "type": "item",
                "code": "game:rope",
                "quantity": 1
            },
            "M": {
                "type": "item",
                "code": "game:metalnailsandstrips-tinbronze",
                "quantity": 1
            }
        },
        "width": 3,
        "height": 3,
        "output": {
            "type": "item",
            "code": "feverstonewilds:fsmountwearables-shire-head-bridle",
            "quantity": 1
        }
    },
    {
        "ingredientPattern": "_R_,RLR,LML",
        "ingredients": {
            "L": {
                "type": "item",
                "code": "game:leather-normal-plain",
                "quantity": 2
            },
            "R": {
                "type": "item",
                "code": "game:rope",
                "quantity": 1
            },
            "M": {
                "type": "item",
                "code": "game:metalnailsandstrips-tinbronze",
                "quantity": 1
            }
        },
        "width": 3,
        "height": 3,
        "output": {
            "type": "item",
            "code": "feverstonewilds:fsmountwearables-donkey-head-bridle",
            "quantity": 1
        }
    },
    {
        "ingredientPattern": "_B_,RLR,LML",
        "ingredients": {
            "L": {
                "type": "item",
                "code": "game:leather-normal-plain",
                "quantity": 2
            },
            "B": {
                "type": "item",
                "code": "feverstonewilds:bone-big",
                "quantity": 2
            },
            "R": {
                "type": "item",
                "code": "game:rope",
                "quantity": 1
            },
            "M": {
                "type": "item",
                "code": "game:metalnailsandstrips-tinbronze",
                "quantity": 1
            }
        },
        "width": 3,
        "height": 3,
        "output": {
            "type": "item",
            "code": "feverstonewilds:fsmountwearables-direwolf-head-bridle",
            "quantity": 1
        }
    },
    {
        "ingredientPattern": "LPL,R_R,MLM",
        "ingredients": {
            "L": {
                "type": "item",
                "code": "game:leather-normal-plain",
                "quantity": 2
            },
            "P": {
                "type": "item",
                "code": "game:plank-*",
                "quantity": 1
            },
            "R": {
                "type": "item",
                "code": "game:rope",
                "quantity": 1
            },
            "M": {
                "type": "item",
                "code": "game:metalnailsandstrips-tinbronze",
                "quantity": 1
            }
        },
        "width": 3,
        "height": 3,
        "output": {
            "type": "item",
            "code": "feverstonewilds:fsmountwearables-bison-head-bridle",
            "quantity": 1
        }
    },
    {
        "ingredientPattern": "LML,L_L,LPL",
        "ingredients": {
            "L": {
                "type": "item",
                "code": "game:leather-normal-plain",
                "quantity": 1
            },
            "P": {
                "type": "item",
                "code": "game:plank-*",
                "quantity": 1
            },
            "M": {
                "type": "item",
                "code": "game:metalnailsandstrips-tinbronze",
                "quantity": 1
            }
        },
        "width": 3,
        "height": 3,
        "output": {
            "type": "item",
            "code": "feverstonewilds:fsmountwearables-ostrich-head-bridle",
            "quantity": 1
        }
    }
]