[
    {
        "ingredientPattern": "_L_,MLM,_C_",
        "ingredients": {
            "L": {
                "type": "item",
                "code": "game:leather-normal-plain",
                "quantity": 2
            },
            "C": {
                "type": "item",
                "code": "game:cloth-plain",
                "quantity": 1
            },
            "M": {
                "type": "item",
                "code": "game:metalnailsandstrips-*",
                "quantity": 2
            }
        },
        "width": 3,
        "height": 3,
        "output": {
            "type": "item",
            "code": "feverstonewilds:fsmountwearables-percheron-middlebackupper-saddle",
            "quantity": 1
        },
        "enabled": false
    },
    {
        "ingredientPattern": "_L_,MLM,_C_",
        "ingredients": {
            "L": {
                "type": "item",
                "code": "game:leather-normal-plain",
                "quantity": 2
            },
            "C": {
                "type": "item",
                "code": "game:cloth-plain",
                "quantity": 1
            },
            "M": {
                "type": "item",
                "code": "game:metalnailsandstrips-*",
                "quantity": 2
            }
        },
        "width": 3,
        "height": 3,
        "output": {
            "type": "item",
            "code": "feverstonewilds:fsmountwearables-arabian-middlebackupper-saddle",
            "quantity": 1
        },
        "enabled": false
    },
    {
        "ingredientPattern": "LLL,MLM,ECE",
        "ingredients": {
            "L": {
                "type": "item",
                "code": "game:leather-normal-plain",
                "quantity": 2
            },
            "C": {
                "type": "item",
                "code": "game:cloth-plain",
                "quantity": 1
            },
            "M": {
                "type": "item",
                "code": "game:metalnailsandstrips-*",
                "quantity": 1
            },
            "E": {
                "type": "item",
                "code": "game:leather-normal-plain",
                "quantity": 1
            }
        },
        "width": 3,
        "height": 3,
        "output": {
            "type": "item",
            "code": "feverstonewilds:fsmountwearables-shire-middlebackupper-saddle",
            "quantity": 1
        }
    },
    {
        "ingredientPattern": "LLL,MLM,_C_",
        "ingredients": {
            "L": {
                "type": "item",
                "code": "game:leather-normal-plain",
                "quantity": 2
            },
            "C": {
                "type": "item",
                "code": "game:cloth-plain",
                "quantity": 1
            },
            "M": {
                "type": "item",
                "code": "game:metalnailsandstrips-*",
                "quantity": 1
            }
        },
        "width": 3,
        "height": 3,
        "output": {
            "type": "item",
            "code": "feverstonewilds:fsmountwearables-quarter-middlebackupper-saddle",
            "quantity": 1
        }
    },
    {
        "ingredientPattern": "LLL,MCM,_L_",
        "ingredients": {
            "L": {
                "type": "item",
                "code": "game:leather-normal-plain",
                "quantity": 2
            },
            "C": {
                "type": "item",
                "code": "game:cloth-plain",
                "quantity": 1
            },
            "M": {
                "type": "item",
                "code": "game:metalnailsandstrips-*",
                "quantity": 1
            }
        },
        "width": 3,
        "height": 3,
        "output": {
            "type": "item",
            "code": "feverstonewilds:fsmountwearables-donkey-middlebackupper-saddle",
            "quantity": 1
        }
    },
    {
        "ingredientPattern": "LPL,MCM,_L_",
        "ingredients": {
            "L": {
                "type": "item",
                "code": "game:leather-normal-plain",
                "quantity": 2
            },
            "P": {
                "type": "item",
                "code": "game:plank-*",
                "quantity": 6
            },
            "C": {
                "type": "item",
                "code": "game:cloth-plain",
                "quantity": 1
            },
            "M": {
                "type": "item",
                "code": "game:metalnailsandstrips-*",
                "quantity": 2
            }
        },
        "width": 3,
        "height": 3,
        "output": {
            "type": "item",
            "code": "feverstonewilds:fsmountwearables-bison-middlebackupper-saddle",
            "quantity": 1
        }
    },
    {
        "ingredientPattern": "LLL,MCM,BLB",
        "ingredients": {
            "L": {
                "type": "item",
                "code": "game:leather-normal-plain",
                "quantity": 2
            },
            "C": {
                "type": "item",
                "code": "game:cloth-plain",
                "quantity": 1
            },
            "M": {
                "type": "item",
                "code": "game:metalnailsandstrips-*",
                "quantity": 1
            },
            "B": {
                "type": "item",
                "code": "game:bone",
                "quantity": 3
            }
        },
        "width": 3,
        "height": 3,
        "output": {
            "type": "item",
            "code": "feverstonewilds:fsmountwearables-direwolf-middlebackupper-saddle",
            "quantity": 1
        }
    },
    {
        "ingredientPattern": "LLL,MCM,FLF",
        "ingredients": {
            "L": {
                "type": "item",
                "code": "game:leather-normal-plain",
                "quantity": 2
            },
            "C": {
                "type": "item",
                "code": "game:cloth-plain",
                "quantity": 1
            },
            "M": {
                "type": "item",
                "code": "game:metalnailsandstrips-*",
                "quantity": 1
            },
            "F": {
                "type": "item",
                "code": "game:feather",
                "quantity": 3
            }
        },
        "width": 3,
        "height": 3,
        "output": {
            "type": "item",
            "code": "feverstonewilds:fsmountwearables-ostrich-middlebackupper-saddle",
            "quantity": 1
        }
    }
]