[
    {
        "ingredientPattern": "MLM,LLL,L_L",
        "ingredients": {
            "L": {
                "type": "item",
                "code": "game:leather-normal-plain",
                "quantity": 2
            },
            "M": {
                "type": "item",
                "code": "game:metalnailsandstrips-*",
                "quantity": 2
            }
        },
        "width": 3,
        "height": 3,
        "output": {
            "type": "item",
            "code": "feverstonewilds:fsmountwearables-shire-lowerbackside-saddlebags",
            "quantity": 1
        }
    },
    {
        "ingredientPattern": "LLL,MLM,L_L",
        "ingredients": {
            "L": {
                "type": "item",
                "code": "game:leather-normal-plain",
                "quantity": 2
            },
            "M": {
                "type": "item",
                "code": "game:metalnailsandstrips-*",
                "quantity": 2
            }
        },
        "width": 3,
        "height": 3,
        "output": {
            "type": "item",
            "code": "feverstonewilds:fsmountwearables-quarter-lowerbackside-saddlebags",
            "quantity": 1
        }
    },
    {
        "ingredientPattern": "LML,LML,L_L",
        "ingredients": {
            "L": {
                "type": "item",
                "code": "game:leather-normal-plain",
                "quantity": 2
            },
            "M": {
                "type": "item",
                "code": "game:metalnailsandstrips-*",
                "quantity": 2
            }
        },
        "width": 3,
        "height": 3,
        "output": {
            "type": "item",
            "code": "feverstonewilds:fsmountwearables-donkey-lowerbackside-saddlebags",
            "quantity": 1
        }
    },
    {
        "ingredientPattern": "LBL,LML,L_L",
        "ingredients": {
            "L": {
                "type": "item",
                "code": "game:leather-normal-plain",
                "quantity": 2
            },
            "B": {
                "type": "item",
                "code": "feverstonewilds:bone-big",
                "quantity": 1
            },
            "M": {
                "type": "item",
                "code": "game:metalnailsandstrips-*",
                "quantity": 2
            }
        },
        "width": 3,
        "height": 3,
        "output": {
            "type": "item",
            "code": "feverstonewilds:fsmountwearables-direwolf-lowerbackside-saddlebags",
            "quantity": 1
        }
    },
    {
        "ingredientPattern": "LLL,M_M,B_B",
        "ingredients": {
            "L": {
                "type": "item",
                "code": "game:leather-normal-plain",
                "quantity": 2
            },
            "B": {
                "type": "item",
                "code": "game:backpack-normal",
                "quantity": 1
            },
            "M": {
                "type": "item",
                "code": "game:metalnailsandstrips-*",
                "quantity": 2
            }
        },
        "width": 3,
        "height": 3,
        "output": {
            "type": "item",
            "code": "feverstonewilds:fsmountwearables-bison-lowerbackside-saddlebags",
            "quantity": 1
        }
    },
    {
        "ingredientPattern": "MHM,L_L,_R_",
        "ingredients": {
            "L": {
                "type": "item",
                "code": "game:leather-normal-plain",
                "quantity": 2
            },
            "H": {
                "type": "item",
                "code": "game:hunterbackpack",
                "quantity": 1
            },
            "R": {
                "type": "item",
                "code": "game:rope",
                "quantity": 1
            },
            "M": {
                "type": "item",
                "code": "game:metalnailsandstrips-*",
                "quantity": 2
            }
        },
        "width": 3,
        "height": 3,
        "output": {
            "type": "item",
            "code": "feverstonewilds:fsmountwearables-ostrich-lowerbackside-saddlebags",
            "quantity": 1
        }
    }
]