[
  {
    "op": "add",
    "path": "/structures/-",
    "value": {
        "code": "tradercaravan",
        "group": "trader",
        "minGroupDistance": 1200,
        "name": "Figurine Trader Home",
        "chance": 0.2,
        "offsetY": 0,
        "schematics": [
            "overground/tradeoutposts/settlement/figurinetradercaravan"
        ],
        "buildProtected": true,
        "buildProtectionName": "Trader",
        "buildProtectionDesc": "Trader Perimeter",
        "postPass": true,
        "suppressTrees": true,
        "placement": "surface"
    },
    "file": "game:worldgen/structures.json",
    "side": "Server"
  },
    {
        "op": "add",
        "path": "/structures/-",
        "value": {
            "code": "tradercaravan",
            "group": "trader",
            "minGroupDistance": 1200,
            "name": "Figurine Specialist Trader Home",
            "chance": 0.2,
            "offsetY": 0,
            "schematics": [
                "overground/tradeoutposts/settlement/figurinetradercaravan2"
            ],
            "buildProtected": true,
            "buildProtectionName": "Trader",
            "buildProtectionDesc": "Trader Perimeter",
            "postPass": true,
            "suppressTrees": true,
            "placement": "surface"
        },
        "file": "game:worldgen/structures.json",
        "side": "Server"
    }
]