[
    {
        "side": "server",
        "dependsOn": [ { "modid": "TabletopGames" } ],
        "file": "figurines:itemtypes/chess-piece/chesspiece",
        "op": "add",
        "path": "/behaviors/-",
        "value": {
            "name": "TabletopGames.PieceTags",
            "properties": {
                "tabletopTags": {
                    "tags": [ "boardPiece", "chess" ]
                }
            }
        }
    },
    {
        "side": "server",
        "dependsOn": [ { "modid": "TabletopGames" } ],
        "file": "figurines:itemtypes/chess-piece/chesspiece",
        "op": "add",
        "path": "/attributes/onChessboardTransform",
        "value": {
            "translation": {
                "x": -0.5,
                "y": 0.04,
                "z": -0.504
            },
            "rotation": {
                "x": 1,
                "y": 90,
                "z": 0
            },
            "origin": {
                "x": 0.5,
                "y": 0,
                "z": 0.5
            },
            "scale": 0.8
        }
    },
    {
        "side": "server",
        "dependsOn": [ { "modid": "TabletopGames" } ],
        "file": "figurines:itemtypes/chess-piece/chesspiece",
        "op": "add",
        "path": "/attributes/onChiseledBoardTransform",
        "value": {
            "translation": {
                "x": -0.5,
                "y": 0.04,
                "z": -0.504
            },
            "rotation": {
                "x": 1,
                "y": 90,
                "z": 0
            },
            "origin": {
                "x": 0.5,
                "y": 0,
                "z": 0.5
            },
            "scale": 0.8
        }
    },

    {
        "side": "server",
        "dependsOn": [ { "modid": "TabletopGames" } ],
        "file": "figurines:itemtypes/chess-piece/chesspiece",
        "op": "add",
        "path": "/attributes/rotateWhenPlacedOnBoard",
        "value": true
    }
    ]




