[

    {
        "side": "server",
        "file": "game:config/tradelists/trader-clothing.json",
        "op": "add",
        "path": "/selling/list/-",
        "value": {
            "code": "figurines:trader-figurine-clothing",
            "type": "item",
            "weight": 50,
            "stacksize": 1,
            "stock": {
                "avg": 1,
                "var": 0
            },
            "price": {
                "avg": 100,
                "var": 0
            }
        }
    },
    {
        "side": "server",
        "file": "game:config/tradelists/trader-clothing.json",
        "op": "add",
        "path": "/buying/list/-",
        "value": {
            "code": "figurines:trader-figurine-clothing",
            "type": "item",
            "weight": 50,
            "stacksize": 1,
            "stock": {
                "avg": 1,
                "var": 0
            },
            "price": {
                "avg": 50,
                "var": 0
            }
        }
    }
]