{
	"code": "veblastfurnace",
	"class": "VEElectricBlock",
	"entityClass": "VEBEBlastFurnace",
	"behaviors": [
		{"name": "HorizontalOrientable", "properties": { "drop": { "type":"block", "code": "veblastfurnace-north" }}}
	],
	"variantgroups": [
		{ "code":"side", "loadFromProperties": "abstract/horizontalorientation" }
	],
	"entityBehaviors": [
		{
			"name": "Electric",
			"properties": {
				"canExtractPower": false,
				"canReceivePower": false,
				"entitytype": "Consumer",
				"maxpower": 0,
				"maxpps": 0
			}
		}
	],
	"attributes": {
		"handbook": {
			"groupBy": ["veblastfurnace-*"],
			"excludeByType": {
				"*-north": false,
				"*": true
			}
		},
		"heatpersecond": 280,
        "recipeMachineByType": {
            "*-north": [ "veblastfurnace" ]
        }
	},
	"shapeinventory": { "base": "block/lv/blastfurnace-inventory" },
	"creativeinventory": { "general": ["veblastfurnace-north"], "terrain": ["*"], "mechanics": ["*"], "vinteng": ["veblastfurnace-north"] },
	"shapeByType": {
		"*-north": 	{ "base": "vinteng:block/lv/blastfurnace", "rotateY":0 },
		"*-east": 	{ "base": "vinteng:block/lv/blastfurnace", "rotateY":270 },
		"*-south": 	{ "base": "vinteng:block/lv/blastfurnace", "rotateY":180 },
		"*-west": 	{ "base": "vinteng:block/lv/blastfurnace", "rotateY":90 }
	},
	"blockmaterial": "Metal",
	"textures": {},
	"sidesolid": {
		"all": false, "down": true
	},
	"sideopaque": {
		"all": false
	},
	"lightAbsorption": 1,
	"maxStackSize": 8,
	"replaceable": 600,
	"resistance": 1.5,
	"collisionSelectionBoxes": [
		{ "x1": 0, "y1": 0, "z1": 0, "x2": 1, "y2": 1, "z2": 1 }
	],
	"guiTransform": {
		"rotation": { "x": -22.6, "y": -149, "z": 0 }
	}
}
