{
	"code": "vecnc",
	"class": "VEElectricBlock",
	"entityClass": "VEBECNC",
	"behaviors": [
		{"name": "HorizontalOrientable", "properties": { "drop": { "type":"block", "code": "vecnc-north" }}}
	],
	"variantgroups": [
		{ "code":"side", "loadFromProperties": "abstract/horizontalorientation" }
	],
	"entityBehaviors": [
		{ "name": "Animatable" },
		{
			"name": "Electric",
			"properties": {
				"canExtractPower": false,
				"canReceivePower": true,
				"entitytype": "Consumer",
				"maxpower": 1000,
				"maxpps": 50
			}
		}
	],
	"attributes": {
		"handbook": {
			"groupBy": ["vecnc-*"],
			"excludeByType": {
				"*-north": false,
				"*": true
			}
		},
		"craftinganimcode": "craft",
		"priority": 5,
		"powercostperinput": "5",
        "wireNodes": [
            {
                "index": 0,
                "wirefunction": "Power",
				"powertier": "LV",
				"maxconnections": 1,
				"x1": 0.0,
				"y1": 0.6875,
				"z1": 0.1875,
				"x2": 0.1875,
				"y2": 0.875,
				"z2": 0.375,
                "rotateYByType": {
					"*-north": 0,
					"*-east": 270,
                    "*-south": 180,
                    "*-west": 90
                }
            }
        ]
	},
	"creativeinventory": { "general": ["vecnc-north"], "terrain": ["*"], "mechanics": ["*"], "vinteng": ["*-north"] },
	"shapeByType": {
		"*-north": 	{ "base": "vinteng:block/lv/cnc", "rotateY":0 },
		"*-east": 	{ "base": "vinteng:block/lv/cnc", "rotateY":270 },
		"*-south": 	{ "base": "vinteng:block/lv/cnc", "rotateY":180 },
		"*-west": 	{ "base": "vinteng:block/lv/cnc", "rotateY":90 }
	},
	"blockmaterial": "Metal",
	"textures": {
	},
	"sidesolid": {
		"all": false, "down": true
	},
	"sideopaque": {
		"all": false
	},
	"lightAbsorption": 1,
	"maxStackSize": 8,
	"replaceable": 600,
	"resistance": 1.5,
	"collisionSelectionBoxes": [
		{ "x1": 0, "y1": 0, "z1": 0, "x2": 1, "y2": 1, "z2": 1 }
	]
}
