{
	"code": "vecreosoteoven",
	"class": "VEBlockFluidIO",
	"entityClass": "VEBECreosoteOven",
	"behaviors": [
		{ "name": "Multiblock", "properties": { "sizex": 3, "sizey": 4, "sizez": 3, "cposition": { "x": 1, "y": 0, "z": 1 } } },
		{"name": "HorizontalOrientable", "properties": { "drop": { "type":"block", "code": "vecreosoteoven-north" }}}
	],
	"variantgroups": [
		{ "code":"side", "loadFromProperties": "abstract/horizontalorientation" }
	],
	"entityBehaviors": [
		{
			"name": "Electric",
			"properties": {
				"canExtractPower": false,
				"canReceivePower": false,
				"entitytype": "Consumer",
				"maxpower": 0,
				"maxpps": 0
			}
		}
	],
	"attributes": {
		"handbook": {
			"groupBy": ["vecreosoteoven-*"],
			"excludeByType": {
				"*-north": false,
				"*": true
			}
		},
		"allowHeldLiquidTransfer": true,
		"allowPipeLiquidTransfer": true,
		"transferLitresPerSecond": 5,
		"heatpersecond": 180,
        "recipeMachineByType": {
            "*-north": [ "creosoteoven" ]
        }
	},
	"shapeinventory": { "base": "block/lv/creosoteoven-inventory" },
	"creativeinventory": { "general": ["vecreosoteoven-north"], "terrain": ["*"], "mechanics": ["*"], "vinteng": ["*-north"] },
	"shapeByType": {
		"*-north": 	{ "base": "vinteng:block/lv/creosoteoven", "rotateY":0 },
		"*-east": 	{ "base": "vinteng:block/lv/creosoteoven", "rotateY":270 },
		"*-south": 	{ "base": "vinteng:block/lv/creosoteoven", "rotateY":180 },
		"*-west": 	{ "base": "vinteng:block/lv/creosoteoven", "rotateY":90 }
	},
	"blockmaterial": "Metal",
	"textures": {},
	"sidesolid": {
		"all": false, "down": true
	},
	"sideopaque": {
		"all": false
	},
	"lightAbsorption": 1,
	"maxStackSize": 8,
	"replaceable": 600,
	"resistance": 1.5,
	"collisionSelectionBoxes": [
		{ "x1": 0, "y1": 0, "z1": 0, "x2": 1, "y2": 1, "z2": 1 }
	],
	"guiTransform": {
		"rotation": { "x": -22.6, "y": -149, "z": 0 }
	}
}
