{
	"code": "velvcharger",
	"class": "VEElectricBlock",
	"entityClass": "VEBELVCharger",
	"behaviors": [
		{"name": "HorizontalOrientable", "properties": { "drop": { "type":"block", "code": "velvcharger-north" }}}
	],
	"variantgroups": [
		{ "code":"side", "loadFromProperties": "abstract/horizontalorientation" }
	],
	"entityBehaviors": [
		{
			"name": "Electric",
			"properties": {
				"canExtractPower": false,
				"canReceivePower": true,
				"entitytype": "Consumer",
				"maxpower": 4000,
				"maxpps": 500
			}
		}
	],
	"attributes": {
		"handbook": {
			"groupBy": ["velvcharger-*"],
			"excludeByType": {
				"*-north": false,
				"*": true
			}
		},
		"powerperdurability": 25,
		"priority": 5,
        "wireNodes": [
            {
                "index": 0,
                "wirefunction": "Power",
				"powertier": "LV",
				"maxconnections": 1,
                "x1": 0.14375,
                "y1": 0.25625,
                "z1": 0.66875,
                "x2": 0.33125,
                "y2": 0.365625,
                "z2": 0.85625,
                "rotateYByType": {
					"*-north": 0,
					"*-east": 270,
                    "*-south": 180,
                    "*-west": 90
                }
            }
        ]
	},
	"creativeinventory": { "general": ["velvcharger-north"], "terrain": ["*"], "mechanics": ["*"], "vinteng": ["*-north"] },
	"shapeByType": {
		"*-north": 	{ "base": "vinteng:block/lv/lvcharger", "rotateY":0 },
		"*-east": 	{ "base": "vinteng:block/lv/lvcharger", "rotateY":270 },
		"*-south": 	{ "base": "vinteng:block/lv/lvcharger", "rotateY":180 },
		"*-west": 	{ "base": "vinteng:block/lv/lvcharger", "rotateY":90 }
	},
	"blockmaterial": "Metal",
	"textures": {},
	"sidesolid": {
		"all": false, "down": true
	},
	"sideopaque": {
		"all": false
	},
	"lightAbsorption": 1,
	"maxStackSize": 8,
	"replaceable": 600,
	"resistance": 1.5,
	"collisionSelectionBoxes": [
		{ "x1": 0, "y1": 0, "z1": 0, "x2": 1, "y2": 0.4375, "z2": 1 }
	],
	"guiTransform": {
		"rotation": { "x": -22.6, "y": -149, "z": 0 }
	}
}
