{
	"code": "velvbattery",
	"class": "VEElectricBlock",
	"entityClass": "VEBEBattery",
	"behaviors": [
	],
	"variantgroups": [
	],
	"entityBehaviors": [
		{ "name": "Animatable" },
		{
			"name": "Electric",
			"properties": {
				"canExtractPower": true,
				"canReceivePower": true,
				"entitytype": "Storage",
				"maxpower": 4000,
				"maxpps": 100
			}
		}
	],
	"attributes": {
		"handbook": {
			"groupBy": ["velvbattery"],
			"excludeByType": {
				"*": false
			}
		},
		"priority": 5,
        "wireNodes": [
            {
                "index": 0,
                "wirefunction": "Power",
				"powertier": "LV",
				"maxconnections": 1,
                "x1": 0.40625,
                "y1": 0.875,
                "z1": 0.40625,
                "x2": 0.59375,
                "y2": 1,
                "z2": 0.59375
            }
        ]
	},
	"creativeinventory": { "general": ["velvbattery"], "terrain": ["*"], "mechanics": ["*"], "vinteng": ["*"] },
	"shape": { "base": "vinteng:block/lv/battery" },
	"blockmaterial": "Metal",
	"textures": {},
	"sidesolid": {
		"all": false, "down": true
	},
	"sideopaque": {
		"all": false
	},
	"lightAbsorption": 1,
	"maxStackSize": 8,
	"replaceable": 600,
	"resistance": 1.5,
	"collisionSelectionBoxes": [
		{ "x1": 0, "y1": 0, "z1": 0, "x2": 1, "y2": 1, "z2": 1 }
	],
	"guiTransform": {
		"rotation": { "x": -22.6, "y": 134, "z": 0 }
	}
}
