{
	"code": "velvek",
	"class": "VEElectricKinetic",
	"entityClass": "VEBEElectricKinetic",
	"behaviorsByType": {
        "velvek-alternator-*":[{"name": "HorizontalOrientable", "properties": { "drop": { "type":"block", "code": "velvek-alternator-north" }}}],
        "velvek-motor-*":[{"name": "HorizontalOrientable", "properties": { "drop": { "type":"block", "code": "velvek-motor-north" }}}]
    },
	"variantgroups": [
        { "code": "type", "states": ["motor","alternator"]},
        { "code": "side", "loadFromProperties": "abstract/horizontalorientation" }
	],
	"entityBehaviorsByType":{
        "velvek-motor-*": [
            {
                "name": "Electric",
                "properties": {
                    "canExtractPower": false,
                    "canReceivePower": true,
                    "entitytype": "Consumer",
                    "maxpower": 2000,
                    "maxpps": 1000
                }
            },
            {"name":"VEElectricMotorBhv"}
        ],
        "velvek-alternator-*": [
            {
                "name": "Electric",
                "properties": {
                    "canExtractPower": true,
                    "canReceivePower": false,
                    "entitytype": "Producer",
                    "maxpower": 2000,
                    "maxpps": 120
                }
            },
            {"name":"VEElectricKineticGenBhv"}
        ],
        "*":[{"name":"MPBase"}]
	},
    "attributesByType": {
        "velvek-motor-*": {
            "handbook": {
                "excludeByType": {
                    "*-north": false,
                    "*": true
                }
            }
        },
        "velvek-alternator-*": {
            "handbook": {
                "excludeByType": {
                    "*-north": false,
                    "*": true
                }
            }
        }
    },
	"attributes": {
		"priority": 5,
        "wireNodes": [
            {
                "index": 0,
                "wirefunction": "Power",
				"powertier": "LV",
				"maxconnections": 1,
                "x1": 0.875,
                "y1": 0.90625,
                "z1": 1,
                "x2": 1,
                "y2": 1.03125,
                "z2": 0.875,
                "rotateYByType": {
					"*-north": 0,
					"*-east": 270,
                    "*-south": 180,
                    "*-west": 90
                }
            }
        ]
	},
	"creativeinventory": { "general": ["velvek-*-north"], "terrain": ["*"], "mechanics": ["*"], "vinteng": ["*-north"] },
	"shapeByType":{"*-north": { "base": "vinteng:block/lv/motor/motor-axle" },
                    "*-west": { "base": "vinteng:block/lv/motor/motor-axle","rotateY": 90 },
                    "*-south": { "base": "vinteng:block/lv/motor/motor-axle","rotateY": 180 },
                    "*-east": { "base": "vinteng:block/lv/motor/motor-axle","rotateY": 270 } },
    "shapeInventory": { "base": "vinteng:block/lv/motor/motor" },
	"blockmaterial": "Metal",
	"textures": {},
	"sidesolid": {
		"all": false, "down": true
	},
	"sideopaque": {
		"all": false,
        "down": true
	},
	"lightAbsorption": 1,
	"maxStackSize": 8,
	"replaceable": 600,
	"resistance": 1.5,
	"collisionSelectionBoxes": [
		{ "x1": 0, "y1": 0, "z1": 0, "x2": 1, "y2": 0.9, "z2": 1 }
	],
	"guiTransform": {
		"rotation": { "x": -22.6, "y": 134, "z": 0 }
	}
}
