{
	"code": "vemixer",
	"class": "VEBlockFluidIO",
	"entityClass": "VEBEMixer",
	"behaviors": [
		{"name": "HorizontalOrientable", "properties": { "drop": { "type":"block", "code": "vemixer-north" }}}
	],
	"variantgroups": [
		{ "code":"side", "loadFromProperties": "abstract/horizontalorientation" }
	],
	"entityBehaviors": [
		{ "name": "Animatable" },
		{
			"name": "Electric",
			"properties": {
				"canExtractPower": false,
				"canReceivePower": true,
				"entitytype": "Consumer",
				"maxpower": 1000,
				"maxpps": 100
			}
		}
	],
	"attributes": {
		"handbook": {
			"groupBy": ["vemixer-*"],
			"excludeByType": {
				"*-north": false,
				"*": true
			}
		},
		"allowHeldLiquidTransfer": true,
		"allowPipeLiquidTransfer": true,
		"transferLitresPerSecond": 5,
		"craftinganimcode": "craft",
		"priority": 5,
        "wireNodes": [
            {
                "index": 0,
                "wirefunction": "Power",
				"powertier": "LV",
				"maxconnections": 1,
                "x1": 0.4375,
                "y1": 0.75,
                "z1": 0,
                "x2": 0.625,
                "y2": 0.9375,
                "z2": 0.1875,
                "rotateYByType": {
					"*-north": 0,
					"*-east": 270,
                    "*-south": 180,
                    "*-west": 90
                }
            }
        ],
        "recipeMachineByType": {
            "*-north": [ "mixer" ]
        }
	},
	"creativeinventory": { "general": ["vemixer-north"], "terrain": ["*"], "mechanics": ["*"], "vinteng":["*-north"] },
	"shapeByType": {
		"*-north": 	{ "base": "vinteng:block/lv/mixer", "rotateY":0 },
		"*-east": 	{ "base": "vinteng:block/lv/mixer", "rotateY":270 },
		"*-south": 	{ "base": "vinteng:block/lv/mixer", "rotateY":180 },
		"*-west": 	{ "base": "vinteng:block/lv/mixer", "rotateY":90 }
	},
	"blockmaterial": "Metal",
	"textures": {},
	"sidesolid": {
		"all": false, "down": true
	},
	"sideopaque": {
		"all": false
	},
	"lightAbsorption": 1,
	"maxStackSize": 8,
	"replaceable": 600,
	"resistance": 1.5,
	"collisionSelectionBoxes": [
		{ "x1": 0, "y1": 0, "z1": 0, "x2": 1, "y2": 1, "z2": 1 }
	],
	"guiTransform": {
		"rotation": { "x": -22.6, "y": 134, "z": 0 }
	}
}
