{
	"ingredientPattern": "SPS,TRW,SPS",
	"ingredients": {
		"W": { "type": "block", "code": "game:catenary-lvpower", "quantity": 2 },
		"P": { "type": "item", "code": "vinteng:machineplate-tinbronze", "quantity": 1 },
		"S": { "type": "item", "code": "vinteng:screw-brass", "quantity": 1 },
		"R": { "type": "item", "code": "vinteng:metalrod-tinbronze", "quantity": 1 },
		"T": { "type": "item", "code": "game:wiretool-*", "isTool": true }


	},
	"width": 3,
	"height": 3,
	"output": { "type": "item", "code": "vinteng:motor-lv", "quantity": 1  }
}