{
  "code": "instructioncircuit",
  "class": "ItemInstructionCircuit",
  "enabled": false,

  "variantgroups": [
    {
      "code": "type",
      "states": [ "flying", "ground", "sea", "underwater" ]
    }
  ],

  "attributes": {
    "handbook": {
      "groupBy": [ "instructioncircuit-*" ]
    }
  },

  "behaviors": [
    {
      "name": "GroundStorable",
      "properties": {
        "layout": "Quadrants",
        "collisionBox": {
          "x1": 0,
          "y1": 0,
          "z1": 0,
          "x2": 1,
          "y2": 0.125,
          "z2": 1
        }
      }
    }
  ],

  "shapeByType": {
    "*": { "base": "items/shapeinstructioncircuit" }
  },
  "texturesByType": {
    "*-flying": {
      "default": { "base": "default" },
      "obsidian": { "base": "entities/machines/frame" },
      "metal": { "base": "entities/machines/frame" },
      "connector": { "base": "items/parts/connector" },
      "filament": { "base": "color-purple" },
      "rustyglow": { "base": "game:block/machine/statictranslocator/rustyglow" },
      "gold": { "base": "game:block/metal/plate/gold" }
    },
    "*-ground": {
      "default": { "base": "default" },
      "obsidian": { "base": "entities/machines/frame" },
      "metal": { "base": "entities/machines/frame" },
      "connector": { "base": "items/parts/connector" },
      "filament": { "base": "color-green" },
      "rustyglow": { "base": "game:block/machine/statictranslocator/rustyglow" },
      "gold": { "base": "game:block/metal/plate/gold" }
    },
    "*-sea": {
      "default": { "base": "default" },
      "obsidian": { "base": "entities/machines/frame" },
      "metal": { "base": "entities/machines/frame" },
      "connector": { "base": "items/parts/connector" },
      "filament": { "base": "color-blue" },
      "rustyglow": { "base": "game:block/machine/statictranslocator/rustyglow" },
      "gold": { "base": "game:block/metal/plate/gold" }
    },
    "*-underwater": {
      "default": { "base": "default" },
      "obsidian": { "base": "game:block/stone/rock/obsidian1" },
      "metal": { "base": "entities/machines/frame" },
      "connector": { "base": "items/parts/connector" },
      "filament": { "base": "color-cyan" },
      "rustyglow": { "base": "game:block/machine/statictranslocator/rustyglow" },
      "gold": { "base": "game:block/metal/plate/gold" }
    },
    "*-digger": {
      "default": { "base": "default" },
      "obsidian": { "base": "game:block/stone/rock/obsidian1" },
      "metal": { "base": "entities/machines/frame" },
      "connector": { "base": "items/parts/connector" },
      "filament": { "base": "color-yellow" },
      "rustyglow": { "base": "game:block/machine/statictranslocator/rustyglow" },
      "gold": { "base": "game:block/metal/plate/gold" }
    },
    "*": {
      "default": { "base": "default" },
      "obsidian": { "base": "game:block/stone/rock/obsidian1" },
      "metal": { "base": "entities/machines/frame" },
      "connector": { "base": "items/parts/connector" },
      "filament": { "base": "color-red" },
      "rustyglow": { "base": "game:block/machine/statictranslocator/rustyglow" },
      "gold": { "base": "game:block/metal/plate/gold" }
    }
  },

  "creativeinventory": {
    "general": [ "*-flying", "*-ground", "*-sea", "*-hauler" ],
    "items": [ "*-flying", "*-ground", "*-sea", "*-hauler" ],
    "viescraftmachines": [ "*-flying", "*-ground", "*-sea", "*-hauler" ]
  },

  "maxstacksize": 1,

  "materialDensity": 900,

  "attributes": {
    "groundStorageTransform": {
      "rotation": {
        "x": 0,
        "y": 45,
        "z": 0
      },
      "translation": {
        "x": 0,
        "y": -0.125,
        "z": 0
      },
      "scale": 0.75
    }
  },

  "guiTransform": {
    "translation": {
      "x": 2.5,
      "y": 0,
      "z": 0
    },
    "rotation": {
      "x": 90,
      "y": 0,
      "z": 0
    },
    "origin": {
      "x": 0.5,
      "y": 0.6,
      "z": 0.5
    },
    "scale": 1.88
  },
  "fpHandTransform": {
    "rotation": {
      "x": 81,
      "y": 109,
      "z": -35
    },
    "scale": 1.75
  },
  "tpHandTransform": {
    "translation": {
      "x": -1.2,
      "y": -1.4,
      "z": -0.75
    },
    "rotation": {
      "x": 12,
      "y": -74,
      "z": 88
    },
    "scale": 0.44
  },
  "groundTransform": {
    "translation": {
      "x": 0,
      "y": 0.2,
      "z": 0
    },
    "rotation": {
      "x": 0,
      "y": 0,
      "z": 0
    },
    "origin": {
      "x": 0.5,
      "y": 0.5,
      "z": 0.5299
    },
    "scale": 2.00
  }
}