{
  "code": "servicekit",
  "class": "ItemServiceKit",
  "enabled": false,

  "variantgroups": [
    {
      "code": "type",
      "states": [ "durability", "energy" ]
    },
    {
      "code": "strength",
      "states": [ "small", "large" ]
    }
  ],

  "behaviors": [
    {
      "name": "GroundStorable",
      "properties": {
        "layout": "Quadrants",
        "collisionBox": {
          "x1": 0,
          "y1": 0,
          "z1": 0,
          "x2": 1,
          "y2": 0.125,
          "z2": 1
        }
      }
    }
  ],

  "maxstacksize": 64,

  "shapeByType": {
    "*-large": { "base": "items/shapelargeservicekit" },
    "*-small": { "base": "items/shapesmallservicekit" }
  },
  "texturesByType": {
    "*-durability-large": {
      "default": { "base": "default" },
      "kitlabel": { "base": "items/labelkit-large" },
      "frame": { "base": "entities/machines/frame" },
      "material": { "base": "items/durability" }
    },
    "*-durability-small": {
      "default": { "base": "default" },
      "kitlabel": { "base": "items/labelkit-small" },
      "frame": { "base": "entities/machines/frame" },
      "material": { "base": "items/durability" }
    },
    "*-energy-large": {
      "default": { "base": "default" },
      "kitlabel": { "base": "items/labelkit-large" },
      "frame": { "base": "entities/machines/frame" },
      "material": { "base": "items/energy" }
    },
    "*-energy-small": {
      "default": { "base": "default" },
      "kitlabel": { "base": "items/labelkit-small" },
      "frame": { "base": "entities/machines/frame" },
      "material": { "base": "items/energy" }
    }
  },

  "creativeinventory": {
    "general": [ "*-durability-*" ],
    "items": [ "*-durability-*" ],
    "viescraftmachines": [ "*-durability-*" ]
  },

  "materialDensity": 600,

  "attributesByType": {
    "*-small": {
      "kitStrength": 50,
      "handbook": {
        "groupBy": [ "servicekit-*" ]
      },
      "displaycaseable": true,
      "shelvable": true,
      "onDisplayTransform": {
        "translation": {
          "x": 0,
          "y": -0.2,
          "z": 0
        },
        "scale": 0.6
      },
      "groundStorageTransform": {
        "rotation": {
          "x": 0,
          "y": 0,
          "z": 0
        },
        "translation": {
          "x": 0,
          "y": -0.25,
          "z": 0
        },
        "scale": 0.5
      }
    },
    "*-large": {
      "kitStrength": 250,
      "handbook": {
        "groupBy": [ "servicekit-*" ]
      },
      "displaycaseable": true,
      "shelvable": true,
      "onDisplayTransform": {
        "translation": {
          "x": 0,
          "y": -0.2,
          "z": 0
        },
        "scale": 0.6
      },
      "groundStorageTransform": {
        "rotation": {
          "x": 0,
          "y": 0,
          "z": 0
        },
        "translation": {
          "x": 0,
          "y": -0.25,
          "z": 0
        },
        "scale": 0.5
      }
    },
    "*": {
      "kitStrength": 10,
      "handbook": {
        "groupBy": [ "servicekit-*" ]
      },
      "displaycaseable": true,
      "shelvable": true,
      "onDisplayTransform": {
        "translation": {
          "x": 0,
          "y": -0.2,
          "z": 0
        },
        "scale": 0.6
      },
      "groundStorageTransform": {
        "rotation": {
          "x": 0,
          "y": 0,
          "z": 0
        },
        "translation": {
          "x": 0,
          "y": -0.125,
          "z": 0
        },
        "scale": 0.75
      }
    }
  },

  "heldTpIdleAnimation": "holdunderarm",

  "guiTransform": {
    "translation": {
      "x": 2,
      "y": -2,
      "z": 0
    },
    "rotation": {
      "x": -25,
      "y": 45,
      "z": -180
    },
    "origin": {
      "x": 0.5,
      "y": 0.375,
      "z": 0.42
    },
    "scale": 1.14
  },
  "fpHandTransform": {
    "translation": {
      "x": 0,
      "y": -0.25,
      "z": 0
    },
    "rotation": {
      "x": 68,
      "y": -84,
      "z": 81
    },
    "origin": {
      "x": 0.8,
      "y": 1.3,
      "z": 0.5
    },
    "scale": 1.5
  },
  "groundTransform": {
    "translation": {
      "x": 0,
      "y": 0,
      "z": 0
    },
    "rotation": {
      "x": 180,
      "y": 180,
      "z": -180
    },
    "origin": {
      "x": 0.5,
      "y": 0,
      "z": 0.5
    },
    "scale": 2.75
  },
  "tpHandTransform": {
    "translation": {
      "x": -0.9,
      "y": -0.5,
      "z": -0.3
    },
    "rotation": {
      "x": 0,
      "y": 90,
      "z": -102
    },
    "scale": 0.56
  }
}