{
	"editor": {
		"allAngles": true,
		"entityTextureMode": false
	},
	"textureWidth": 16,
	"textureHeight": 16,
	"textureSizes": {
	},
	"elements": [
		{
			"name": "origin",
			"from": [ 0.0, 0.0, 0.0 ],
			"to": [ 0.0, 0.0, 0.0 ],
			"faces": {
			},
			"children": [
				{
					"name": "east",
					"from": [ 14.0, 0.0, 1.0 ],
					"to": [ 15.0, 16.0, 15.0 ],
					"rotationOrigin": [ -1.0, 0.0, 0.0 ],
					"faces": {
						"north": { "texture": "#wood", "uv": [ 0.0, 0.0, 1.0, 16.0 ] },
						"east": { "texture": "#wood2", "uv": [ 0.5, 0.0, 14.5, 16.0 ] },
						"south": { "texture": "#wood", "uv": [ 0.0, 0.0, 1.0, 16.0 ] },
						"west": { "texture": "#wood2", "uv": [ 0.5, 0.0, 14.5, 16.0 ] },
						"up": { "texture": "#wood", "uv": [ 0.0, 7.0, 14.0, 8.0 ], "rotation": 90 },
						"down": { "texture": "#wood", "uv": [ 0.0, 0.5, 14.0, 1.5 ], "rotation": 90 }
					},
					"children": [
						{
							"name": "Cube8",
							"from": [ 1.0, 14.0, -0.5 ],
							"to": [ 1.5, 16.0, 14.5 ],
							"rotationOrigin": [ 1.0, 14.0, -0.5 ],
							"faces": {
								"north": { "texture": "#wood", "uv": [ 5.5, 7.5, 6.0, 9.5 ] },
								"east": { "texture": "#wood", "uv": [ 1.0, 7.0, 16.0, 9.0 ] },
								"south": { "texture": "#wood", "uv": [ 3.0, 1.5, 3.5, 3.5 ] },
								"west": { "texture": "#wood", "uv": [ 0.0, 11.5, 15.0, 13.5 ] },
								"up": { "texture": "#wood", "uv": [ 0.0, 0.5, 15.0, 1.0 ], "rotation": 90 },
								"down": { "texture": "#wood", "uv": [ 0.5, 12.0, 15.5, 12.5 ], "rotation": 90 }
							}
						},
						{
							"name": "Cube11",
							"from": [ 1.0, 0.0, -0.5 ],
							"to": [ 1.5, 2.0, 14.5 ],
							"rotationOrigin": [ 1.0, 0.0, -0.5 ],
							"faces": {
								"north": { "texture": "#wood", "uv": [ 4.5, 1.5, 5.0, 3.5 ] },
								"east": { "texture": "#wood", "uv": [ 0.0, 2.0, 15.0, 4.0 ] },
								"south": { "texture": "#wood", "uv": [ 5.0, 2.0, 5.5, 4.0 ] },
								"west": { "texture": "#wood", "uv": [ 0.5, 7.0, 15.5, 9.0 ] },
								"up": { "texture": "#wood", "uv": [ 0.5, 0.5, 15.5, 1.0 ], "rotation": 90 },
								"down": { "texture": "#wood", "uv": [ 0.0, 4.5, 15.0, 5.0 ], "rotation": 90 }
							}
						}
					]
				},
				{
					"name": "west",
					"from": [ 1.0, 0.0, 1.0 ],
					"to": [ 2.0, 16.0, 15.0 ],
					"rotationOrigin": [ 1.0, 0.0, 0.0 ],
					"faces": {
						"north": { "texture": "#wood", "uv": [ 0.0, 0.0, 1.0, 16.0 ] },
						"east": { "texture": "#wood2", "uv": [ 1.0, 0.0, 15.0, 16.0 ] },
						"south": { "texture": "#wood", "uv": [ 0.0, 0.0, 1.0, 16.0 ] },
						"west": { "texture": "#wood2", "uv": [ 0.5, 0.0, 14.5, 16.0 ] },
						"up": { "texture": "#wood", "uv": [ 0.0, 0.0, 14.0, 1.0 ], "rotation": 270 },
						"down": { "texture": "#wood", "uv": [ 1.0, 0.0, 15.0, 1.0 ], "rotation": 90 }
					},
					"children": [
						{
							"name": "Cube1",
							"from": [ -0.5, 14.0, -0.5 ],
							"to": [ 0.0, 16.0, 14.5 ],
							"rotationOrigin": [ -0.5, 14.0, -0.5 ],
							"faces": {
								"north": { "texture": "#wood", "uv": [ 1.5, 1.0, 2.0, 3.0 ] },
								"east": { "texture": "#wood", "uv": [ 0.0, 6.5, 15.0, 8.5 ] },
								"south": { "texture": "#wood", "uv": [ 0.0, 0.0, 0.5, 2.0 ] },
								"west": { "texture": "#wood", "uv": [ 1.0, 7.0, 16.0, 9.0 ] },
								"up": { "texture": "#wood", "uv": [ 0.0, 0.5, 15.0, 1.0 ], "rotation": 90 },
								"down": { "texture": "#wood", "uv": [ 0.0, 1.5, 15.0, 2.0 ], "rotation": 90 }
							}
						},
						{
							"name": "Cube13",
							"from": [ -0.5, 0.0, -0.5 ],
							"to": [ 0.0, 2.0, 14.5 ],
							"rotationOrigin": [ -0.5, 0.0, -0.5 ],
							"faces": {
								"north": { "texture": "#wood", "uv": [ 0.0, 1.5, 0.5, 3.5 ] },
								"east": { "texture": "#wood", "uv": [ 0.0, 2.5, 15.0, 4.5 ] },
								"south": { "texture": "#wood", "uv": [ 2.0, 2.0, 2.5, 4.0 ] },
								"west": { "texture": "#wood", "uv": [ 0.0, 2.0, 15.0, 4.0 ] },
								"up": { "texture": "#wood", "uv": [ 1.0, 10.5, 16.0, 11.0 ], "rotation": 90 },
								"down": { "texture": "#wood", "uv": [ 0.5, 3.0, 15.5, 3.5 ], "rotation": 90 }
							}
						}
					]
				},
				{
					"name": "south",
					"from": [ 2.0, 0.0, 14.0 ],
					"to": [ 14.0, 16.0, 15.0 ],
					"rotationOrigin": [ 2.0, 0.0, -1.0 ],
					"faces": {
						"north": { "texture": "#wood2", "uv": [ 2.0, 0.0, 14.0, 16.0 ] },
						"east": { "texture": "#wood", "uv": [ 0.0, 0.0, 1.0, 16.0 ], "rotation": 180 },
						"south": { "texture": "#sideB", "uv": [ 2.0, 0.0, 14.0, 16.0 ] },
						"west": { "texture": "#wood", "uv": [ 0.0, 0.0, 1.0, 16.0 ], "rotation": 180 },
						"up": { "texture": "#wood", "uv": [ 1.5, 14.5, 13.5, 15.5 ] },
						"down": { "texture": "#wood", "uv": [ 0.0, 0.0, 12.0, 1.0 ] }
					},
					"children": [
						{
							"name": "Cube10",
							"from": [ -1.0, 14.0, 1.0 ],
							"to": [ 13.0, 16.0, 1.5 ],
							"rotationOrigin": [ -1.0, 14.0, 1.0 ],
							"faces": {
								"north": { "texture": "#wood", "uv": [ 0.0, 1.5, 14.0, 3.5 ] },
								"east": { "texture": "#wood", "uv": [ 0.0, 0.0, 0.5, 2.0 ] },
								"south": { "texture": "#wood", "uv": [ 0.5, 2.0, 14.5, 4.0 ] },
								"west": { "texture": "#wood", "uv": [ 2.0, 2.5, 2.5, 4.5 ] },
								"up": { "texture": "#wood", "uv": [ 0.5, 4.0, 14.5, 4.5 ] },
								"down": { "texture": "#wood", "uv": [ 1.5, 8.0, 15.5, 8.5 ] }
							}
						},
						{
							"name": "Cube14",
							"from": [ -1.0, 0.0, 1.0 ],
							"to": [ 13.0, 2.0, 1.5 ],
							"rotationOrigin": [ -1.0, 0.0, 1.0 ],
							"faces": {
								"north": { "texture": "#wood", "uv": [ 1.5, 6.5, 15.5, 8.5 ] },
								"east": { "texture": "#wood", "uv": [ 0.0, 0.0, 0.5, 2.0 ] },
								"south": { "texture": "#wood", "uv": [ 1.0, 7.5, 15.0, 9.5 ] },
								"west": { "texture": "#wood", "uv": [ 4.5, 2.5, 5.0, 4.5 ] },
								"up": { "texture": "#wood", "uv": [ 1.0, 14.5, 15.0, 15.0 ] },
								"down": { "texture": "#wood", "uv": [ 1.5, 2.5, 15.5, 3.0 ] }
							}
						}
					]
				},
				{
					"name": "north",
					"from": [ 2.0, 0.0, 1.0 ],
					"to": [ 14.0, 16.0, 2.0 ],
					"rotationOrigin": [ 2.0, 0.0, 1.0 ],
					"faces": {
						"north": { "texture": "#wood2", "uv": [ 1.5, 0.0, 13.5, 16.0 ] },
						"east": { "texture": "#wood", "uv": [ 0.0, 0.0, 1.0, 16.0 ], "rotation": 180 },
						"south": { "texture": "#wood2", "uv": [ 0.0, 0.0, 12.0, 16.0 ] },
						"west": { "texture": "#wood", "uv": [ 0.0, 0.0, 1.0, 16.0 ], "rotation": 180 },
						"up": { "texture": "#wood", "uv": [ 1.0, 0.5, 13.0, 1.5 ] },
						"down": { "texture": "#wood", "uv": [ 0.0, 0.0, 12.0, 1.0 ], "rotation": 180 }
					},
					"children": [
						{
							"name": "Cube9",
							"from": [ -1.0, 14.0, -0.5 ],
							"to": [ 13.0, 16.0, 0.0 ],
							"rotationOrigin": [ -1.0, 14.0, -0.5 ],
							"faces": {
								"north": { "texture": "#wood", "uv": [ 0.5, 2.0, 14.5, 4.0 ] },
								"east": { "texture": "#wood", "uv": [ 0.0, 0.0, 0.5, 2.0 ] },
								"south": { "texture": "#wood", "uv": [ 1.5, 2.5, 15.5, 4.5 ] },
								"west": { "texture": "#wood", "uv": [ 2.0, 1.0, 2.5, 3.0 ] },
								"up": { "texture": "#wood", "uv": [ 1.5, 0.5, 15.5, 1.0 ] },
								"down": { "texture": "#wood", "uv": [ 0.0, 3.0, 14.0, 3.5 ] }
							}
						},
						{
							"name": "Cube12",
							"from": [ -1.0, 0.0, -0.5 ],
							"to": [ 13.0, 2.0, 0.0 ],
							"rotationOrigin": [ -1.0, 0.0, -0.5 ],
							"faces": {
								"north": { "texture": "#wood", "uv": [ 0.5, 1.5, 14.5, 3.5 ] },
								"east": { "texture": "#wood", "uv": [ 1.0, 1.0, 1.5, 3.0 ] },
								"south": { "texture": "#wood", "uv": [ 1.5, 1.5, 15.5, 3.5 ] },
								"west": { "texture": "#wood", "uv": [ 1.5, 1.5, 2.0, 3.5 ] },
								"up": { "texture": "#wood", "uv": [ 0.5, 0.5, 14.5, 1.0 ] },
								"down": { "texture": "#wood", "uv": [ 0.5, 2.5, 14.5, 3.0 ] }
							}
						}
					]
				},
				{
					"name": "floor",
					"from": [ 2.0, 0.5, 2.0 ],
					"to": [ 14.0, 1.5, 14.0 ],
					"rotationOrigin": [ 1.0, 0.5, 1.0 ],
					"faces": {
						"north": { "texture": "#wood", "uv": [ 0.0, 15.0, 12.0, 16.0 ] },
						"east": { "texture": "#wood", "uv": [ 0.0, 0.0, 12.0, 1.0 ] },
						"south": { "texture": "#wood", "uv": [ 0.0, 15.0, 12.0, 16.0 ] },
						"west": { "texture": "#wood", "uv": [ 0.0, 2.0, 12.0, 3.0 ] },
						"up": { "texture": "#wood2", "uv": [ 1.5, 2.0, 13.5, 14.0 ], "rotation": 90 },
						"down": { "texture": "#wood2", "uv": [ 1.5, 2.0, 13.5, 14.0 ], "rotation": 90 }
					}
				},
				{
					"name": "Cube15",
					"from": [ 0.5, 2.0, 0.5 ],
					"to": [ 2.5, 14.0, 2.5 ],
					"rotationOrigin": [ 0.5, 2.0, 0.5 ],
					"faces": {
						"north": { "texture": "#wood", "uv": [ 0.5, 3.5, 12.5, 5.5 ], "rotation": 90 },
						"east": { "texture": "#wood", "uv": [ 0.0, 0.0, 12.0, 2.0 ], "rotation": 90 },
						"south": { "texture": "#wood", "uv": [ 0.0, 0.5, 12.0, 2.5 ], "rotation": 90 },
						"west": { "texture": "#wood", "uv": [ 2.5, 7.0, 14.5, 9.0 ], "rotation": 90 },
						"up": { "texture": "#wood", "uv": [ 0.0, 0.0, 2.0, 2.0 ] },
						"down": { "texture": "#wood", "uv": [ 0.0, 0.0, 2.0, 2.0 ] }
					}
				},
				{
					"name": "Cube16",
					"from": [ 0.5, 2.0, 13.5 ],
					"to": [ 2.5, 14.0, 15.5 ],
					"rotationOrigin": [ 0.5, 2.0, 13.5 ],
					"faces": {
						"north": { "texture": "#wood", "uv": [ 2.5, 7.5, 14.5, 9.5 ], "rotation": 90 },
						"east": { "texture": "#wood", "uv": [ 1.0, 2.0, 13.0, 4.0 ], "rotation": 90 },
						"south": { "texture": "#wood", "uv": [ 4.0, 10.5, 16.0, 12.5 ], "rotation": 90 },
						"west": { "texture": "#wood", "uv": [ 0.5, 1.5, 12.5, 3.5 ], "rotation": 90 },
						"up": { "texture": "#wood", "uv": [ 0.0, 0.0, 2.0, 2.0 ] },
						"down": { "texture": "#wood", "uv": [ 0.0, 0.0, 2.0, 2.0 ] }
					}
				},
				{
					"name": "Cube17",
					"from": [ 13.5, 2.0, 13.5 ],
					"to": [ 15.5, 14.0, 15.5 ],
					"rotationOrigin": [ 13.5, 2.0, 13.5 ],
					"faces": {
						"north": { "texture": "#wood", "uv": [ 3.0, 8.0, 15.0, 10.0 ], "rotation": 90 },
						"east": { "texture": "#wood", "uv": [ 0.0, 6.5, 12.0, 8.5 ], "rotation": 90 },
						"south": { "texture": "#wood", "uv": [ 1.0, 7.0, 13.0, 9.0 ], "rotation": 90 },
						"west": { "texture": "#wood", "uv": [ 2.5, 12.0, 14.5, 14.0 ], "rotation": 90 },
						"up": { "texture": "#wood", "uv": [ 0.0, 0.0, 2.0, 2.0 ] },
						"down": { "texture": "#wood", "uv": [ 0.0, 0.0, 2.0, 2.0 ] }
					}
				},
				{
					"name": "Cube18",
					"from": [ 13.5, 2.0, 0.5 ],
					"to": [ 15.5, 14.0, 2.5 ],
					"rotationOrigin": [ 13.5, 2.0, 0.5 ],
					"faces": {
						"north": { "texture": "#wood", "uv": [ 1.0, 0.5, 13.0, 2.5 ], "rotation": 90 },
						"east": { "texture": "#wood", "uv": [ 1.0, 6.5, 13.0, 8.5 ], "rotation": 90 },
						"south": { "texture": "#wood", "uv": [ 2.5, 7.5, 14.5, 9.5 ], "rotation": 90 },
						"west": { "texture": "#wood", "uv": [ 2.5, 6.5, 14.5, 8.5 ], "rotation": 90 },
						"up": { "texture": "#wood", "uv": [ 0.0, 0.0, 2.0, 2.0 ] },
						"down": { "texture": "#wood", "uv": [ 0.0, 0.0, 2.0, 2.0 ] }
					}
				},
				{
					"name": "lid",
					"from": [ 2.0, 14.5, 2.0 ],
					"to": [ 14.0, 15.5, 14.0 ],
					"rotationOrigin": [ 8.0, 14.5, 1.0 ],
					"faces": {
						"north": { "texture": "#wood", "uv": [ 0.0, 15.0, 12.0, 16.0 ] },
						"east": { "texture": "#wood", "uv": [ 0.0, 0.0, 12.0, 1.0 ] },
						"south": { "texture": "#wood", "uv": [ 0.0, 15.0, 12.0, 16.0 ] },
						"west": { "texture": "#wood", "uv": [ 0.0, 2.0, 12.0, 3.0 ] },
						"up": { "texture": "#sideA", "uv": [ 2.0, 2.0, 14.0, 14.0 ], "rotation": 90 },
						"down": { "texture": "#wood2", "uv": [ 2.0, 2.0, 14.0, 14.0 ], "rotation": 90 }
					}
				},
				{
					"name": "W cross 1",
					"from": [ 0.1, 1.3, 13.0 ],
					"to": [ 1.1, 17.3, 15.5 ],
					"rotationOrigin": [ 0.1, 1.3, 14.2 ],
					"rotationX": -43.0,
					"faces": {
						"north": { "texture": "#wood", "uv": [ 0.0, 2.5, 16.0, 3.5 ], "rotation": 90 },
						"east": { "texture": "#wood", "uv": [ 0.0, 6.5, 16.0, 9.0 ], "rotation": 90 },
						"south": { "texture": "#wood", "uv": [ 0.0, 7.5, 16.0, 8.5 ], "rotation": 90 },
						"west": { "texture": "#wood", "uv": [ 0.0, 6.5, 16.0, 9.0 ], "rotation": 90 },
						"up": { "texture": "#wood", "uv": [ 0.5, 1.5, 1.5, 4.0 ] },
						"down": { "texture": "#wood", "uv": [ 0.0, 1.5, 1.0, 4.0 ] }
					},
					"children": [
						{
							"name": "Cube24",
							"from": [ 0.0, 16.0, 0.0 ],
							"to": [ 1.0, 18.5, 2.5 ],
							"rotationOrigin": [ 0.0, 16.0, 0.0 ],
							"faces": {
								"north": { "texture": "#wood", "uv": [ 1.5, 2.0, 4.0, 3.0 ], "rotation": 90 },
								"east": { "texture": "#wood", "uv": [ 5.5, 2.0, 8.0, 4.5 ], "rotation": 90 },
								"south": { "texture": "#wood", "uv": [ 2.5, 3.0, 5.0, 4.0 ], "rotation": 90 },
								"west": { "texture": "#wood", "uv": [ 4.5, 5.5, 7.0, 8.0 ], "rotation": 90 },
								"up": { "texture": "#wood", "uv": [ 3.5, 2.5, 6.0, 3.5 ], "rotation": 90 },
								"down": { "texture": "#wood", "uv": [ 3.5, 3.5, 6.0, 4.5 ], "rotation": 90 }
							}
						}
					]
				},
				{
					"name": "W cross 2",
					"from": [ 0.0, 1.2, 0.3 ],
					"to": [ 1.0, 17.2, 2.8 ],
					"rotationOrigin": [ 0.0, 1.2, 1.6 ],
					"rotationX": 43.0,
					"faces": {
						"north": { "texture": "#wood", "uv": [ 0.0, 2.5, 16.0, 3.5 ], "rotation": 90 },
						"east": { "texture": "#wood", "uv": [ 0.0, 6.5, 16.0, 9.0 ], "rotation": 90 },
						"south": { "texture": "#wood", "uv": [ 0.0, 7.5, 16.0, 8.5 ], "rotation": 90 },
						"west": { "texture": "#wood", "uv": [ 0.0, 2.0, 16.0, 4.5 ], "rotation": 90 },
						"up": { "texture": "#wood", "uv": [ 0.5, 1.5, 1.5, 4.0 ] },
						"down": { "texture": "#wood", "uv": [ 0.0, 1.5, 1.0, 4.0 ] }
					},
					"children": [
						{
							"name": "Cube23",
							"from": [ 0.0, 16.0, 0.0 ],
							"to": [ 1.0, 18.5, 2.5 ],
							"rotationOrigin": [ 0.0, 16.0, 0.0 ],
							"faces": {
								"north": { "texture": "#wood", "uv": [ 2.5, 3.0, 5.0, 4.0 ], "rotation": 90 },
								"east": { "texture": "#wood", "uv": [ 3.0, 1.5, 5.5, 4.0 ], "rotation": 90 },
								"south": { "texture": "#wood", "uv": [ 3.5, 2.0, 6.0, 3.0 ], "rotation": 90 },
								"west": { "texture": "#wood", "uv": [ 8.5, 3.5, 11.0, 6.0 ], "rotation": 90 },
								"up": { "texture": "#wood", "uv": [ 3.0, 1.5, 4.0, 4.0 ] },
								"down": { "texture": "#wood", "uv": [ 2.0, 1.0, 3.0, 3.5 ] }
							}
						}
					]
				},
				{
					"name": "E cross 1",
					"from": [ 14.9, 1.3, 13.0 ],
					"to": [ 15.9, 17.3, 15.5 ],
					"rotationOrigin": [ 14.9, 1.3, 14.2 ],
					"rotationX": -43.0,
					"faces": {
						"north": { "texture": "#wood", "uv": [ 0.0, 2.5, 16.0, 3.5 ], "rotation": 90 },
						"east": { "texture": "#wood", "uv": [ 0.0, 0.5, 16.0, 3.0 ], "rotation": 90 },
						"south": { "texture": "#wood", "uv": [ 0.0, 7.5, 16.0, 8.5 ], "rotation": 90 },
						"west": { "texture": "#wood", "uv": [ 0.0, 6.5, 16.0, 9.0 ], "rotation": 90 },
						"up": { "texture": "#wood", "uv": [ 0.5, 1.5, 1.5, 4.0 ] },
						"down": { "texture": "#wood", "uv": [ 0.0, 1.5, 1.0, 4.0 ] }
					},
					"children": [
						{
							"name": "Cube28",
							"from": [ 0.0, 16.0, 0.0 ],
							"to": [ 1.0, 18.5, 2.5 ],
							"rotationOrigin": [ 0.0, 16.0, 0.0 ],
							"faces": {
								"north": { "texture": "#wood", "uv": [ 1.5, 2.0, 4.0, 3.0 ], "rotation": 90 },
								"east": { "texture": "#wood", "uv": [ 1.0, 0.5, 3.5, 3.0 ], "rotation": 90 },
								"south": { "texture": "#wood", "uv": [ 2.5, 3.0, 5.0, 4.0 ], "rotation": 90 },
								"west": { "texture": "#wood", "uv": [ 5.5, 6.5, 8.0, 9.0 ], "rotation": 90 },
								"up": { "texture": "#wood", "uv": [ 3.5, 2.5, 6.0, 3.5 ], "rotation": 90 },
								"down": { "texture": "#wood", "uv": [ 3.5, 3.5, 6.0, 4.5 ], "rotation": 90 }
							}
						}
					]
				},
				{
					"name": "W cross 29",
					"from": [ 15.0, 1.2, 0.3 ],
					"to": [ 16.0, 17.2, 2.8 ],
					"rotationOrigin": [ 15.0, 1.2, 1.6 ],
					"rotationX": 43.0,
					"faces": {
						"north": { "texture": "#wood", "uv": [ 0.0, 2.5, 16.0, 3.5 ], "rotation": 90 },
						"east": { "texture": "#wood", "uv": [ 0.0, 6.5, 16.0, 9.0 ], "rotation": 90 },
						"south": { "texture": "#wood", "uv": [ 0.0, 7.5, 16.0, 8.5 ], "rotation": 90 },
						"west": { "texture": "#wood", "uv": [ 0.0, 2.0, 16.0, 4.5 ], "rotation": 90 },
						"up": { "texture": "#wood", "uv": [ 0.5, 1.5, 1.5, 4.0 ] },
						"down": { "texture": "#wood", "uv": [ 0.0, 1.5, 1.0, 4.0 ] }
					},
					"children": [
						{
							"name": "Cube30",
							"from": [ 0.0, 16.0, 0.0 ],
							"to": [ 1.0, 18.5, 2.5 ],
							"rotationOrigin": [ 0.0, 16.0, 0.0 ],
							"faces": {
								"north": { "texture": "#wood", "uv": [ 2.5, 3.0, 5.0, 4.0 ], "rotation": 90 },
								"east": { "texture": "#wood", "uv": [ 2.0, 6.5, 4.5, 9.0 ], "rotation": 90 },
								"south": { "texture": "#wood", "uv": [ 1.0, 0.5, 3.5, 1.5 ], "rotation": 90 },
								"west": { "texture": "#wood", "uv": [ 11.0, 7.0, 13.5, 9.5 ], "rotation": 90 },
								"up": { "texture": "#wood", "uv": [ 3.0, 1.5, 4.0, 4.0 ] },
								"down": { "texture": "#wood", "uv": [ 2.0, 1.0, 3.0, 3.5 ] }
							}
						}
					]
				}
			]
		}
	]}