{
	"ingredient": { "type": "item", "code": "game:clay-*", "name": "type", "allowedVariants": ["blue", "fire"] },
	"pattern": [
		[
			"####_####_####",
			"#__#_#__#_#__#",
			"#__#_#__#_#__#",
			"####_####_####",
			"______________",
			"####_####_####",
			"#__#_#__#_#__#",
			"#__#_#__#_#__#",
			"####_####_####",
            "______________",
			"####_####_####",
			"#__#_#__#_#__#",
			"#__#_#__#_#__#",
			"####_####_####"
		],
		[
			"####_####_####",
			"#__#_#__#_#__#",
			"#__#_#__#_#__#",
			"####_####_####",
			"______________",
			"####_####_####",
			"#__#_#__#_#__#",
			"#__#_#__#_#__#",
			"####_####_####",
            "______________",
			"####_####_####",
			"#__#_#__#_#__#",
			"#__#_#__#_#__#",
			"####_####_####"
		]],
	"name": "lvrelaybases",
	"output": { "type": "item", "code": "vinteng:lvrelaybase-raw", "stacksize": 9  }
}