﻿{
  "code": "pellet",
  "class": "Item",
  "maxstacksize": 128,
  "storageFlags": 513,
  "variantgroups": [{"code": "material", "states": ["lead", "copper"]}],
  "shape": {"base": "ammo/pellet"},
  "textures": {"metal": {"base": "game:block/metal/plate/{material}"}},
  "behaviors": [
    {
      "name": "CombatOverhaul:Projectile",
      "properties": {
        "stats": {
          "AdditionalDurabilityCost": 0,
          "CollisionRadius": 0.01,
          "PenetrationDistance": 0.2,
          "DamageStatsByType": {"*-lead": {"DamageType": "BluntAttack", "Damage": 4}, "*-copper": {"DamageType": "BluntAttack", "Damage": 2}},
          "SpeedThreshold": 0.3,
          "Knockback": 0.1,
          "EntityCode": "maltiezfirearms:pellet-{material}",
          "DurabilityDamage": 0,
          "DropChance": 0
        }
      }
    }
  ],
  "attributes": {"attachableShape": "maltiezfirearms:shapes/ammo/pellets-shot"},
  "creativeinventory": {"general": ["*"], "maltiezfirearms": ["*"]},
  "guiTransform": {"translation": {"x": 0, "y": 0, "z": 0}, "rotation": {"x": 66, "y": 0, "z": 44}, "origin": {"x": 0, "y": -0.5, "z": 0.2}, "scale": 4},
  "tpHandTransform": {"translation": {"x": -1.7, "y": -1.15, "z": -1.4}},
  "groundTransform": {"translation": {"x": 0, "y": 0, "z": 0}, "rotation": {"x": 0, "y": 0, "z": 0}, "origin": {"x": 0.5, "y": 0.47, "z": 0.5}, "scale": 2}
}