[
  {
    "op": "remove",
    "path": "/shapeByType/*",
    "file": "game:blocktypes/plant/flower.json",
    "side": "Server"
  },
  {
    "op": "addmerge",
    "path": "/shapeByType/*-whitecatmint-*",
    "value": { base: "block/plant/flower/1patch-3faces-24x24" },
    "file": "game:blocktypes/plant/flower.json",
    "side": "Server"
  },
  {
    "op": "addmerge",
    "path": "/shapeByType/*-pinkcatmint-*",
    "value": { base: "block/plant/flower/1patch-3faces-24x24" },
    "file": "game:blocktypes/plant/flower.json",
    "side": "Server"
  },
  {
    "op": "addmerge",
    "path": "/shapeByType/*-persianbluecatmint-*",
    "value": { base: "block/plant/flower/1patch-3faces-24x24" },
    "file": "game:blocktypes/plant/flower.json",
    "side": "Server"
  },
  {
    "op": "addmerge",
    "path": "/shapeByType/*-bluecatmint-*",
    "value": { base: "block/plant/flower/1patch-3faces-24x24" },
    "file": "game:blocktypes/plant/flower.json",
    "side": "Server"
  },
  {
    "op": "addmerge",
    "path": "/shapeByType/*-scarletheather-*",
    "value": { base: "block/plant/flower/1patch-dense-24x24" },
    "file": "game:blocktypes/plant/flower.json",
    "side": "Server"
  },
  {
    "op": "addmerge",
    "path": "/shapeByType/*-blueheather-*",
    "value": { base: "block/plant/flower/1patch-dense-24x24" },
    "file": "game:blocktypes/plant/flower.json",
    "side": "Server"
  },
  {
    "op": "addmerge",
    "path": "/shapeByType/*-orangeheather-*",
    "value": { base: "block/plant/flower/1patch-dense-24x24" },
    "file": "game:blocktypes/plant/flower.json",
    "side": "Server"
  },
  {
    "op": "addmerge",
    "path": "/shapeByType/*-yellowheather-*",
    "value": { base: "block/plant/flower/1patch-dense-24x24" },
    "file": "game:blocktypes/plant/flower.json",
    "side": "Server"
  },
  {
    "op": "addmerge",
    "path": "/shapeByType/*-pinkcornflower-*",
    "value": { base: "block/plant/flower/1patch-3faces-24x24" },
    "file": "game:blocktypes/plant/flower.json",
    "side": "Server"
  },
  {
    "op": "addmerge",
    "path": "/shapeByType/*-burgundycornflower-*",
    "value": { base: "block/plant/flower/1patch-3faces-24x24" },
    "file": "game:blocktypes/plant/flower.json",
    "side": "Server"
  },
  {
    "op": "addmerge",
    "path": "/shapeByType/*-redcornflower-*",
    "value": { base: "block/plant/flower/1patch-3faces-24x24" },
    "file": "game:blocktypes/plant/flower.json",
    "side": "Server"
  },
  {
    "op": "addmerge",
    "path": "/shapeByType/*-whitecornflower-*",
    "value": { base: "block/plant/flower/1patch-3faces-24x24" },
    "file": "game:blocktypes/plant/flower.json",
    "side": "Server"
  },
  {
    "op": "addmerge",
    "path": "/shapeByType/*-redmallow-*",
    "value": { base: "block/plant/flower/1patch-dense-24x24" },
    "file": "game:blocktypes/plant/flower.json",
    "side": "Server"
  },
  {
    "op": "addmerge",
    "path": "/shapeByType/*-yellowmallow-*",
    "value": { base: "block/plant/flower/1patch-dense-24x24" },
    "file": "game:blocktypes/plant/flower.json",
    "side": "Server"
  },
  {
    "op": "addmerge",
    "path": "/shapeByType/*-bluemallow-*",
    "value": { base: "block/plant/flower/1patch-dense-24x24" },
    "file": "game:blocktypes/plant/flower.json",
    "side": "Server"
  },
  {
    "op": "addmerge",
    "path": "/shapeByType/*-pinkmallow-*",
    "value": { base: "block/plant/flower/1patch-dense-24x24" },
    "file": "game:blocktypes/plant/flower.json",
    "side": "Server"
  },
  {
    "op": "addmerge",
    "path": "/shapeByType/*-yellowdaisy-*",
    "value": { base: "block/plant/flower/1patch-3faces-24x24" },
    "file": "game:blocktypes/plant/flower.json",
    "side": "Server"
  },
  {
    "op": "addmerge",
    "path": "/shapeByType/*-pinkdaisy-*",
    "value": { base: "block/plant/flower/1patch-3faces-24x24" },
    "file": "game:blocktypes/plant/flower.json",
    "side": "Server"
  },
  {
    "op": "addmerge",
    "path": "/shapeByType/*-orangedaisy-*",
    "value": { base: "block/plant/flower/1patch-3faces-24x24" },
    "file": "game:blocktypes/plant/flower.json",
    "side": "Server"
  },
  {
    "op": "addmerge",
    "path": "/shapeByType/*-bluedaisy-*",
    "value": { base: "block/plant/flower/1patch-3faces-24x24" },
    "file": "game:blocktypes/plant/flower.json",
    "side": "Server"
  },
  {
    "op": "addmerge",
    "path": "/shapeByType/*-bluepoppy-*",
    "value": { base: "block/plant/flower/3patches-3faces-24x24" },
    "file": "game:blocktypes/plant/flower.json",
    "side": "Server"
  },
  {
    "op": "addmerge",
    "path": "/shapeByType/*-redpoppy-*",
    "value": { base: "block/plant/flower/3patches-3faces-24x24" },
    "file": "game:blocktypes/plant/flower.json",
    "side": "Server"
  },
  {
    "op": "addmerge",
    "path": "/shapeByType/*-pinkpoppy-*",
    "value": { base: "block/plant/flower/3patches-3faces-24x24" },
    "file": "game:blocktypes/plant/flower.json",
    "side": "Server"
  },
  {
    "op": "addmerge",
    "path": "/shapeByType/*-yellowpoppy-*",
    "value": { base: "block/plant/flower/3patches-3faces-24x24" },
    "file": "game:blocktypes/plant/flower.json",
    "side": "Server"
  },
  {
    "op": "addmerge",
    "path": "/shapeByType/*-pinklilyofthevalley-*",
    "value": { base: "block/plant/flower/pinklilyofthevalley" },
    "file": "game:blocktypes/plant/flower.json",
    "side": "Server"
  },
  {
    "op": "addmerge",
    "path": "/shapeByType/*-purplelilyofthevalley-*",
    "value": { base: "block/plant/flower/purplelilyofthevalley" },
    "file": "game:blocktypes/plant/flower.json",
    "side": "Server"
  },
  {
    "op": "addmerge",
    "path": "/shapeByType/*-redbroom-*",
    "value": { base: "block/plant/flower/1patch-dense-24x24" },
    "file": "game:blocktypes/plant/flower.json",
    "side": "Server"
  },
  {
    "op": "addmerge",
    "path": "/shapeByType/*-orangebroom-*",
    "value": { base: "block/plant/flower/1patch-dense-24x24" },
    "file": "game:blocktypes/plant/flower.json",
    "side": "Server"
  },
  {
    "op": "addmerge",
    "path": "/shapeByType/*-pinkbroom-*",
    "value": { base: "block/plant/flower/1patch-dense-24x24" },
    "file": "game:blocktypes/plant/flower.json",
    "side": "Server"
  },
  {
    "op": "addmerge",
    "path": "/shapeByType/*-burgundybroom-*",
    "value": { base: "block/plant/flower/1patch-dense-24x24" },
    "file": "game:blocktypes/plant/flower.json",
    "side": "Server"
  },
  {
    "op": "addmerge",
    "path": "/shapeByType/*-pinkforgetmenot-*",
    "value": { base: "block/plant/flower/3patches-3faces-16x16" },
    "file": "game:blocktypes/plant/flower.json",
    "side": "Server"
  },
  {
    "op": "addmerge",
    "path": "/shapeByType/*-blueforgetmenot-*",
    "value": { base: "block/plant/flower/3patches-3faces-16x16" },
    "file": "game:blocktypes/plant/flower.json",
    "side": "Server"
  },
  {
    "op": "addmerge",
    "path": "/shapeByType/*",
    "value": { base: "block/plant/flower/1patch-cross-24x24" },
    "file": "game:blocktypes/plant/flower.json",
    "side": "Server"
  },
]