[
  {
    "op": "addmerge",
    "path": "/attributes/sitHeightByType/*-scarletheather-*",
    "value": "0.4375",
    "file": "game:blocktypes/plant/flower.json",
    "side": "Server"
  },
  {
    "op": "addmerge",
    "path": "/attributes/sitHeightByType/*-blueheather-*",
    "value": "0.4375",
    "file": "game:blocktypes/plant/flower.json",
    "side": "Server"
  },
  {
    "op": "addmerge",
    "path": "/attributes/sitHeightByType/*-orangeheather-*",
    "value": "0.4375",
    "file": "game:blocktypes/plant/flower.json",
    "side": "Server"
  },
  {
    "op": "addmerge",
    "path": "/attributes/sitHeightByType/*-yellowheather-*",
    "value": "0.4375",
    "file": "game:blocktypes/plant/flower.json",
    "side": "Server"
  },
  {
    "op": "addmerge",
    "path": "/attributes/sitHeightByType/*-redmallow-*",
    "value": "0.6875",
    "file": "game:blocktypes/plant/flower.json",
    "side": "Server"
  },
  {
    "op": "addmerge",
    "path": "/attributes/sitHeightByType/*-yellowmallow-*",
    "value": "0.6875",
    "file": "game:blocktypes/plant/flower.json",
    "side": "Server"
  },
  {
    "op": "addmerge",
    "path": "/attributes/sitHeightByType/*-bluemallow-*",
    "value": "0.6875",
    "file": "game:blocktypes/plant/flower.json",
    "side": "Server"
  },
  {
    "op": "addmerge",
    "path": "/attributes/sitHeightByType/*-pinkmallow-*",
    "value": "0.6875",
    "file": "game:blocktypes/plant/flower.json",
    "side": "Server"
  },
  {
    "op": "addmerge",
    "path": "/attributes/sitHeightByType/*-yellowdaisy-*",
    "value": "0.85",
    "file": "game:blocktypes/plant/flower.json",
    "side": "Server"
  },
  {
    "op": "addmerge",
    "path": "/attributes/sitHeightByType/*-pinkdaisy-*",
    "value": "0.85",
    "file": "game:blocktypes/plant/flower.json",
    "side": "Server"
  },
  {
    "op": "addmerge",
    "path": "/attributes/sitHeightByType/*-orangedaisy-*",
    "value": "0.85",
    "file": "game:blocktypes/plant/flower.json",
    "side": "Server"
  },
  {
    "op": "addmerge",
    "path": "/attributes/sitHeightByType/*-bluedaisy-*",
    "value": "0.85",
    "file": "game:blocktypes/plant/flower.json",
    "side": "Server"
  },
  {
    "op": "addmerge",
    "path": "/attributes/sitHeightByType/*-bluepoppy-*",
    "value": "0.41",
    "file": "game:blocktypes/plant/flower.json",
    "side": "Server"
  },
  {
    "op": "addmerge",
    "path": "/attributes/sitHeightByType/*-redpoppy-*",
    "value": "0.41",
    "file": "game:blocktypes/plant/flower.json",
    "side": "Server"
  },
  {
    "op": "addmerge",
    "path": "/attributes/sitHeightByType/*-pinkpoppy-*",
    "value": "0.41",
    "file": "game:blocktypes/plant/flower.json",
    "side": "Server"
  },
  {
    "op": "addmerge",
    "path": "/attributes/sitHeightByType/*-yellowpoppy-*",
    "value": "0.41",
    "file": "game:blocktypes/plant/flower.json",
    "side": "Server"
  },
  {
    "op": "addmerge",
    "path": "/attributes/sitHeightByType/*-redbroom-*",
    "value": "0.45",
    "file": "game:blocktypes/plant/flower.json",
    "side": "Server"
  },
  {
    "op": "addmerge",
    "path": "/attributes/sitHeightByType/*-orangebroom-*",
    "value": "0.45",
    "file": "game:blocktypes/plant/flower.json",
    "side": "Server"
  },
  {
    "op": "addmerge",
    "path": "/attributes/sitHeightByType/*-pinkbroom-*",
    "value": "0.45",
    "file": "game:blocktypes/plant/flower.json",
    "side": "Server"
  },
  {
    "op": "addmerge",
    "path": "/attributes/sitHeightByType/*-burgundybroom-*",
    "value": "0.45",
    "file": "game:blocktypes/plant/flower.json",
    "side": "Server"
  },
  {
    "op": "addmerge",
    "path": "/attributes/sitHeightByType/*-pinklilyofthevalley-*",
    "value": "0.2",
    "file": "game:blocktypes/plant/flower.json",
    "side": "Server"
  },
  {
    "op": "addmerge",
    "path": "/attributes/sitHeightByType/*-purplelilyofthevalley-*",
    "value": "0.2",
    "file": "game:blocktypes/plant/flower.json",
    "side": "Server"
  },
  {
    "op": "addmerge",
    "path": "/attributes/sitHeightByType/*-pinkforgetmenot-*",
    "value": "0.2",
    "file": "game:blocktypes/plant/flower.json",
    "side": "Server"
  },
  {
    "op": "addmerge",
    "path": "/attributes/sitHeightByType/*-blueforgetmenot-*",
    "value": "0.2",
    "file": "game:blocktypes/plant/flower.json",
    "side": "Server"
  },
]