[
	{
		"dependsOn": [
			{ "modid": "geoaddons" }
		],
		"side": "Server",
		"file": "game:blocktypes/stone/ore-graded.json",
		"op": "add",
		"path": "/allowedVariants/-",
		"value": "ore-poor-azurite-arkose"
	},
	{
		"dependsOn": [
			{ "modid": "geoaddons" }
		],
		"side": "Server",
		"file": "game:blocktypes/stone/ore-graded.json",
		"op": "add",
		"path": "/allowedVariants/-",
		"value": "ore-poor-azurite-travertine"
	},
	{
		"dependsOn": [
			{ "modid": "geoaddons" }
		],
		"side": "Server",
		"file": "game:blocktypes/stone/ore-graded.json",
		"op": "add",
		"path": "/allowedVariants/-",
		"value": "ore-medium-azurite-travertine"
	},
	{
		"dependsOn": [
			{ "modid": "geoaddons" }
		],
		"side": "Server",
		"file": "game:blocktypes/stone/ore-graded.json",
		"op": "add",
		"path": "/allowedVariants/-",
		"value": "ore-rich-azurite-travertine"
	},
	{
		"dependsOn": [
			{ "modid": "geoaddons" }
		],
		"side": "Server",
		"file": "game:blocktypes/stone/ore-graded.json",
		"op": "add",
		"path": "/allowedVariants/-",
		"value": "ore-poor-azurite-wacke"
	},
	{
		"dependsOn": [
			{ "modid": "geoaddons" }
		],
		"side": "Server",
		"file": "game:blocktypes/stone/ore-graded.json",
		"op": "add",
		"path": "/allowedVariants/-",
		"value": "ore-medium-azurite-wacke"
	},
	{
		"dependsOn": [
			{ "modid": "geoaddons" }
		],
		"side": "Server",
		"file": "game:blocktypes/stone/ore-graded.json",
		"op": "add",
		"path": "/allowedVariants/-",
		"value": "ore-poor-azurite-monzonite"
	},
	{
		"dependsOn": [
			{ "modid": "geoaddons" }
		],
		"side": "Server",
		"file": "game:blocktypes/stone/looseores.json",
		"op": "add",
		"path": "/allowedVariants/-",
		"value": "looseores-azurite-arkose-free"
	},
	{
		"dependsOn": [
			{ "modid": "geoaddons" }
		],
		"side": "Server",
		"file": "game:blocktypes/stone/looseores.json",
		"op": "add",
		"path": "/allowedVariants/-",
		"value": "looseores-azurite-travertine-free"
	},
	{
		"dependsOn": [
			{ "modid": "geoaddons" }
		],
		"side": "Server",
		"file": "game:blocktypes/stone/looseores.json",
		"op": "add",
		"path": "/allowedVariants/-",
		"value": "looseores-azurite-wacke-free"
	},
	{
		"dependsOn": [
			{ "modid": "geoaddons" }
		],
		"side": "Server",
		"file": "game:blocktypes/stone/looseores.json",
		"op": "add",
		"path": "/allowedVariants/-",
		"value": "looseores-azurite-monzonite-free"
	},
]