[
	{
		"dependsOn": [
			{ "modid": "geoaddons" }
		],
		"side": "Server",
		"file": "game:blocktypes/stone/ore-graded.json",
		"op": "add",
		"path": "/allowedVariants/-",
		"value": "ore-poor-teallite-syenite"
	},
	{
		"dependsOn": [
			{ "modid": "geoaddons" }
		],
		"side": "Server",
		"file": "game:blocktypes/stone/ore-graded.json",
		"op": "add",
		"path": "/allowedVariants/-",
		"value": "ore-medium-teallite-syenite",
	},
	{
		"dependsOn": [
			{ "modid": "geoaddons" }
		],
		"side": "Server",
		"file": "game:blocktypes/stone/looseores.json",
		"op": "add",
		"path": "/allowedVariants/-",
		"value": "looseores-teallite-syenite-free"
	},
]