[
	{
		"dependsOn": [
			{ "modid": "geoaddons" }
		],
		"side": "Server",
		"file": "game:blocktypes/stone/ore-graded.json",
		"op": "add",
		"path": "/allowedVariants/-",
		"value": "ore-poor-wulfenite-marl"
	},
	{
		"dependsOn": [
			{ "modid": "geoaddons" }
		],
		"side": "Server",
		"file": "game:blocktypes/stone/ore-graded.json",
		"op": "add",
		"path": "/allowedVariants/-",
		"value": "ore-medium-wulfenite-marl"
	},
	{
		"dependsOn": [
			{ "modid": "geoaddons" }
		],
		"side": "Server",
		"file": "game:blocktypes/stone/ore-graded.json",
		"op": "add",
		"path": "/allowedVariants/-",
		"value": "ore-poor-wulfenite-travertine"
	},
	{
		"dependsOn": [
			{ "modid": "geoaddons" }
		],
		"side": "Server",
		"file": "game:blocktypes/stone/ore-graded.json",
		"op": "add",
		"path": "/allowedVariants/-",
		"value": "ore-medium-wulfenite-travertine"
	},
	{
		"dependsOn": [
			{ "modid": "geoaddons" }
		],
		"side": "Server",
		"file": "game:blocktypes/stone/looseores.json",
		"op": "add",
		"path": "/allowedVariants/-",
		"value": "looseores-wulfenite-marl-free"
	},
	{
		"dependsOn": [
			{ "modid": "geoaddons" }
		],
		"side": "Server",
		"file": "game:blocktypes/stone/looseores.json",
		"op": "add",
		"path": "/allowedVariants/-",
		"value": "looseores-wulfenite-travertine-free"
	},
]