﻿[
  { "dependsOn": [{ "modid": "maltiezcrossbows" }], "file": "skeletons:config/characterclasses", "op": "replace", "path": "/2/enabled", "value": true },
  { "dependsOn": [{ "modid": "combatoverhaul", "invert": true }], "file": "skeletons:config/characterclasses", "op": "addEach", "path": "/1/traits/-", "value": ["skeletons-vanilla-archer"] },
  { "dependsOn": [{ "modid": "combatoverhaul", "invert": true }], "file": "skeletons:config/characterclasses", "op": "addEach", "path": "/3/traits/-", "value": ["skeletons-vanilla-spearman"] },
  { "dependsOn": [{ "modid": "combatoverhaul", "invert": true }], "file": "skeletons:config/characterclasses", "op": "addEach", "path": "/4/traits/-", "value": ["skeletons-vanilla-swordsman"] },
  { "dependsOn": [{ "modid": "combatoverhaul", "invert": true }], "file": "skeletons:config/characterclasses", "op": "addEach", "path": "/5/traits/-", "value": ["skeletons-vanilla-smith"] }
]
