{
  "code": "woodenholder",
  "class": "ndlwoodentorchholder.WoodenHolder",
  "entityClass": "TorchHolder",

  "variantgroups": [
    {
      "code": "plank",
      "states": [ "acacia", "aged", "baldcypress", "birch", "ebony", "kapok", "larch", "lightaged", "maple", "oak", "pine", "purpleheart", "redwood", "rottenebony", "walnut" ]
    }
  ],

  "maxstacksize": 999,
  "enabled": true,

  "creativeinventory": {
    "general": [ "*" ],
    "NDLWoodenTorchHolder": [ "*" ]
  },

  "shape": {
    "base": "woodenholder"
  },

  "textures": {
    "plank": { "base": "game:block/wood/planks/{plank}1" }
  },


  "guiTransform": {
    "translation": {
      "x": 0,
      "y": 0,
      "z": 0
    },
    "rotation": {
      "x": 154,
      "y": 20,
      "z": -5
    },
    "origin": {
      "x": 0.48,
      "y": 0.06,
      "z": 0.5
    },
    "scale": 3.55
  },
  "tpHandTransform": {
    "translation": {
      "x": -1.1,
      "y": -1.2,
      "z": -1.5
    },
    "rotation": {
      "x": 90,
      "y": -92,
      "z": -180
    },
    "scale": 0.43
  },

  "fpHandTransform": {
    "translation": {
      "x": 0.0468,
      "y": -0.15,
      "z": 0
    },
    "rotation": {
      "x": 26,
      "y": 135,
      "z": -12
    },
    "scale": 1.29
  },

  "groundTransform": {
    "translation": {
      "x": 0,
      "y": 0.17,
      "z": 0
    },
    "rotation": {
      "x": -1,
      "y": 0,
      "z": 0
    },
    "origin": {
      "x": 0,
      "y": 0,
      "z": 0
    },
    "scale": 4
  },

  "sounds": {
    "place": "ndlwoodentorchholder:planks"
  }
}