[
    {
        "ingredientPattern": "KM",
        "ingredients": {
            "K": {
                "type": "Item",
                "code": "betterruins:locatormap-*",
                "skipVariants": [ "forlornhopetower", "university", "sunrift", "calix" ]
            },
            "M": {
                "type": "Item",
                "code": "game:knife-generic-*",
                "isTool": true
            }
        },
        "width": 2,
        "height": 1,
        "recipeGroup": 333,
        "output": {
            "type": "Item",
            "code": "game:flaxtwine"
        }
    }
]