﻿{
  "code": "barrel",
  "class": "Item",
  "variantgroups": [{"code": "weapon", "states": ["pistol", "arquebus", "blunderbuss", "carbine", "musket"]}, {"code": "material", "loadFromProperties": "block/toolmetal"}],
  "allowedVariants": [
    "*-pistol-*bronze",
    "*-arquebus-*iron",
    "*-arquebus-*steel",
    "*-blunderbuss-*iron",
    "*-blunderbuss-steel",
    "*-carbine-steel",
    "*-musket-steel",
    "*-pistol-steel"
  ],
  "shape": {"base": "maltiezfirearms:parts/barrel-{weapon}"},
  "textures": {"metal": {"base": "game:block/metal/plate/{material}"}},
  "attributes": {
    "groundStorageTransformByType": {
      "*-pistol-*": {"translation": {"x": 0.1, "y": 0.09, "z": 0.4}, "rotation": {"x": 1, "y": -114, "z": 169}, "origin": {"x": 0, "y": 0, "z": 0}, "scale": 0.8},
      "*-arquebus-*": {"translation": {"x": 0.5, "y": 0.1, "z": 0.74}, "rotation": {"x": 99, "y": 0, "z": 0}, "origin": {"x": 0, "y": 0, "z": 0}, "scale": 0.8},
      "*-blunderbuss-*": {"translation": {"x": 0.5, "y": -0.1, "z": 0.78}, "rotation": {"x": 99, "y": 0, "z": 0}, "origin": {"x": 0, "y": 0, "z": 0}, "scale": 0.8},
      "*-carbine-*": {"translation": {"x": 0.5, "y": -0.12, "z": 0.76}, "rotation": {"x": 98, "y": 0, "z": 0}, "origin": {"x": 0, "y": 0, "z": 0}, "scale": 0.8},
      "*-musket-*": {"translation": {"x": 0.5, "y": -0.19, "z": 0.66}, "rotation": {"x": 99, "y": 0, "z": 0}, "origin": {"x": 0, "y": 0, "z": 0}, "scale": 0.8}
    },
    "handbook": {"groupBy": ["barrel-{weapon}-*"]}
  },
  "behaviors": [
    {
      "name": "GroundStorable",
      "properties": {
        "layoutByType": {"*-pistol-*": "Quadrants", "*": "WallHalves"},
        "wallOffY": 2,
        "sprintKey": true,
        "selectionBox": {"x1": 0, "y1": 0, "z1": 0, "x2": 1, "y2": 0.1, "z2": 1},
        "collisionBox": {"x1": 0, "y1": 0, "z1": 0, "x2": 0, "y2": 0, "z2": 0}
      }
    }
  ],
  "creativeinventory": {"general": ["*"], "maltiezfirearms": ["*"]},
  "guiTransformByType": {
    "*-arquebus-*": {"translation": {"x": 0, "y": 0, "z": 0}, "rotation": {"x": -17, "y": -18, "z": 0}, "origin": {"x": -0.35, "y": 0.4, "z": -1.5}, "scale": 3.16},
    "*-blunderbuss-*": {"translation": {"x": 0, "y": 0, "z": 0}, "rotation": {"x": -17, "y": -18, "z": 0}, "origin": {"x": -0.35, "y": 0.35, "z": -1.6}, "scale": 3.16},
    "*-carbine-*": {"translation": {"x": 0, "y": 0, "z": 0}, "rotation": {"x": -13, "y": -13, "z": -180}, "origin": {"x": 0.26, "y": -0.19, "z": -2}, "scale": 3.71},
    "*-musket-*": {"translation": {"x": 0, "y": 0, "z": 0}, "rotation": {"x": -8, "y": -8, "z": 0}, "origin": {"x": -0.29, "y": 0.325, "z": -3.2}, "scale": 4.43},
    "*-pistol-*": {"translation": {"x": 0, "y": 0, "z": 0}, "rotation": {"x": -23, "y": -25, "z": 0}, "origin": {"x": -0.3, "y": 0.3, "z": -1.1}, "scale": 3.71}
  },
  "fpHandTransform": {"translation": {"x": 0.6, "y": 0.2, "z": 0.3}, "rotation": {"x": 82, "y": -4, "z": 161}, "origin": {"x": 0, "y": 0, "z": 0}, "scale": 3.43},
  "tpHandTransform": {"translation": {"x": 0.5, "y": 0, "z": 0}, "rotation": {"x": 0, "y": -91, "z": 0}, "origin": {"x": 0, "y": 0, "z": 0}, "scale": 0.8},
  "groundTransform": {"translation": {"x": 0, "y": 0.06, "z": 0}, "rotation": {"x": -2, "y": 0, "z": 3}, "origin": {"x": 0, "y": 0, "z": 0}, "scale": 4.8}
}