{
	"editor": {
		"allAngles": false,
		"entityTextureMode": false
	},
	"textureWidth": 16,
	"textureHeight": 8,
	"textureSizes": {
		"rope": [16,16]
	},
	"textures": {
		"rope": "game:item/resource/rope",
		"metal": "game:item/tool/material/iron",
		"wood": "game:item/tool/material/wood"
	},
	"elements": [
		{
			"name": "handle",
			"from": [ 5.9, -8.5, 2.2 ],
			"to": [ 16.9, -7.5, 3.2 ],
			"rotationOrigin": [ 2.4, -8.0, 2.7 ],
			"rotationZ": 87.0,
			"faces": {
				"north": { "texture": "#wood", "uv": [ 2.0, 3.0, 13.0, 4.0 ] },
				"east": { "texture": "#wood", "uv": [ 3.0, 0.0, 4.0, 1.0 ] },
				"south": { "texture": "#wood", "uv": [ 1.0, 5.5, 12.0, 6.5 ] },
				"west": { "texture": "#wood", "uv": [ 4.0, 0.0, 5.0, 1.0 ] },
				"up": { "texture": "#wood", "uv": [ 5.0, 2.0, 16.0, 3.0 ] },
				"down": { "texture": "#wood", "uv": [ 0.0, 5.0, 11.0, 6.0 ] }
			},
			"children": [
				{
					"name": "Cube1",
					"from": [ 8.5, -0.5, -1.5 ],
					"to": [ 10.5, 1.5, 2.5 ],
					"rotationOrigin": [ -3.5, -7.5, -7.5 ],
					"faces": {
						"north": { "texture": "#metal", "uv": [ 1.0, 5.0, 3.0, 7.0 ] },
						"east": { "texture": "#metal", "uv": [ 2.0, 1.0, 6.0, 3.0 ] },
						"south": { "texture": "#metal", "uv": [ 2.0, 3.0, 4.0, 5.0 ] },
						"west": { "texture": "#metal", "uv": [ 1.0, 5.0, 5.0, 7.0 ] },
						"up": { "texture": "#metal", "uv": [ 5.0, 2.0, 7.0, 6.0 ] },
						"down": { "texture": "#metal", "uv": [ 1.0, 3.0, 3.0, 7.0 ] }
					}
				},
				{
					"name": "ToolBinding",
					"from": [ 7.3349, -0.2754, -0.3 ],
					"to": [ 8.3349, 0.9246, 1.7 ],
					"rotationOrigin": [ 7.3309, -0.2802, 1.2 ],
					"rotationX": 1.0,
					"rotationY": 0.0,
					"rotationZ": 0.0,
					"faces": {
						"north": { "texture": "#rope", "uv": [ 1.0, 0.5, 2.0, 1.5 ], "rotation": 90 },
						"east": { "texture": "#rope", "uv": [ 0.0, 2.0, 2.0, 3.0 ] },
						"south": { "texture": "#rope", "uv": [ 0.0, 2.5, 1.0, 3.5 ], "rotation": 90 },
						"west": { "texture": "#rope", "uv": [ 2.0, 2.5, 4.0, 3.5 ] },
						"up": { "texture": "#rope", "uv": [ 4.5, 0.0, 6.5, 1.0 ], "rotation": 90 },
						"down": { "texture": "#rope", "uv": [ 2.5, 2.0, 4.5, 3.0 ], "rotation": 90 }
					},
					"children": [
						{
							"name": "ToolBinding2",
							"from": [ 0.0, 1.2, -0.5 ],
							"to": [ 1.0, 4.2, 2.5 ],
							"rotationOrigin": [ 1.0, 1.2, 1.0 ],
							"rotationZ": 3.0,
							"faces": {
								"north": { "texture": "#rope", "uv": [ 1.0, 0.5, 4.0, 1.5 ], "rotation": 90 },
								"east": { "texture": "#rope", "uv": [ 0.0, 2.0, 3.0, 5.0 ] },
								"south": { "texture": "#rope", "uv": [ 0.0, 2.5, 3.0, 3.5 ], "rotation": 90 },
								"west": { "texture": "#rope", "uv": [ 2.0, 2.5, 5.0, 5.5 ] },
								"up": { "texture": "#rope", "uv": [ 4.5, 0.0, 7.5, 1.0 ], "rotation": 90 },
								"down": { "texture": "#rope", "uv": [ 2.5, 2.0, 5.5, 3.0 ], "rotation": 90 }
							}
						}
					]
				}
			]
		}
	]}