{
	"editor": {
		"allAngles": false,
		"entityTextureMode": false
	},
	"textureWidth": 16,
	"textureHeight": 16,
	"textureSizes": {
	},
	"textures": {
		"metal": "game:block/metal/ingot/copper",
		"rope": "game:item/resource/rope",
		"handle": "game:item/tool/material/handle",
		"string": "game:item/tool/material/string"
	},
	"elements": [
		{
			"name": "origin",
			"from": [ 15.8, 8.5, 3.0 ],
			"to": [ 15.8, 8.5, 3.0 ],
			"rotationOrigin": [ 3.8, 8.0, 3.0 ],
			"rotationX": 10.0,
			"rotationZ": 90.0,
			"faces": {
				"north": { "texture": "#string", "uv": [ 0.0, 0.0, 0.5, 0.5 ] },
				"east": { "texture": "#string", "uv": [ 0.0, 0.0, 0.5, 0.5 ] },
				"south": { "texture": "#string", "uv": [ 0.0, 0.0, 0.5, 0.5 ] },
				"west": { "texture": "#string", "uv": [ 0.0, 0.0, 0.5, 0.5 ] },
				"up": { "texture": "#string", "uv": [ 0.0, 0.0, 0.5, 0.5 ] },
				"down": { "texture": "#string", "uv": [ 0.0, 0.0, 0.5, 0.5 ] }
			},
			"children": [
				{
					"name": "handle 1",
					"from": [ -8.0, -0.5, -0.5 ],
					"to": [ 8.0, 1.0, 1.0 ],
					"rotationOrigin": [ -9.5, -8.0, 0.0 ],
					"faces": {
						"north": { "texture": "#handle", "uv": [ 0.0, 5.5, 16.0, 7.0 ] },
						"east": { "texture": "#handle", "uv": [ 0.5, 0.5, 2.0, 2.0 ] },
						"south": { "texture": "#handle", "uv": [ 0.0, 10.5, 16.0, 12.0 ] },
						"west": { "texture": "#handle", "uv": [ 14.0, 10.0, 15.5, 11.5 ] },
						"up": { "texture": "#handle", "uv": [ 0.0, 4.5, 16.0, 6.0 ] },
						"down": { "texture": "#handle", "uv": [ 0.0, 5.0, 16.0, 6.5 ] }
					}
				},
				{
					"name": "string 1",
					"from": [ 5.9, -0.9, -1.3 ],
					"to": [ 6.4, 1.3, 2.2 ],
					"rotationOrigin": [ 5.9, -0.9, 0.2 ],
					"rotationY": 51.0,
					"rotationZ": -1.0,
					"faces": {
						"north": { "texture": "#string", "uv": [ 9.5, 0.0, 11.5, 0.5 ], "rotation": 90 },
						"east": { "texture": "#string", "uv": [ 2.0, 2.0, 5.5, 4.0 ] },
						"south": { "texture": "#string", "uv": [ 5.5, 2.0, 7.5, 2.5 ], "rotation": 90 },
						"west": { "texture": "#string", "uv": [ 1.0, 1.5, 4.5, 3.5 ] },
						"up": { "texture": "#string", "uv": [ 1.0, 0.0, 4.5, 0.5 ], "rotation": 90 },
						"down": { "texture": "#string", "uv": [ 7.5, 1.0, 11.0, 1.5 ], "rotation": 90 }
					}
				},
				{
					"name": "string 2",
					"from": [ 5.9, -0.9, -1.7 ],
					"to": [ 6.4, 1.3, 1.8 ],
					"rotationOrigin": [ 5.9, -0.9, -0.2 ],
					"rotationY": -52.0,
					"faces": {
						"north": { "texture": "#string", "uv": [ 1.0, 0.0, 3.0, 0.5 ], "rotation": 90 },
						"east": { "texture": "#string", "uv": [ 0.0, 0.0, 3.5, 2.0 ] },
						"south": { "texture": "#string", "uv": [ 0.0, 0.0, 0.5, 2.0 ] },
						"west": { "texture": "#string", "uv": [ 0.0, 0.0, 3.5, 2.0 ] },
						"up": { "texture": "#string", "uv": [ 3.5, 0.0, 7.0, 0.5 ], "rotation": 90 },
						"down": { "texture": "#string", "uv": [ 0.0, 0.0, 0.5, 3.5 ] }
					}
				},
				{
					"name": "string 3",
					"from": [ 4.0, -0.6, -0.7 ],
					"to": [ 4.5, 1.1, 1.3 ],
					"rotationOrigin": [ 4.0, -0.6, 0.8 ],
					"rotationY": 12.0,
					"faces": {
						"north": { "texture": "#string", "uv": [ 8.5, 0.5, 10.0, 1.0 ], "rotation": 90 },
						"east": { "texture": "#string", "uv": [ 0.0, 0.0, 2.0, 1.5 ] },
						"south": { "texture": "#string", "uv": [ 1.0, 0.5, 2.5, 1.0 ], "rotation": 90 },
						"west": { "texture": "#string", "uv": [ 2.0, 2.5, 4.0, 4.0 ] },
						"up": { "texture": "#string", "uv": [ 0.0, 0.0, 0.5, 2.0 ] },
						"down": { "texture": "#string", "uv": [ 0.0, 0.0, 0.5, 2.0 ] }
					}
				},
				{
					"name": "string 4",
					"from": [ 3.2, -0.6, -0.9 ],
					"to": [ 3.7, 1.1, 1.1 ],
					"rotationOrigin": [ 3.2, -0.6, 0.6 ],
					"rotationX": 2.0,
					"rotationY": -26.0,
					"faces": {
						"north": { "texture": "#string", "uv": [ 0.0, 0.5, 1.5, 1.0 ], "rotation": 90 },
						"east": { "texture": "#string", "uv": [ 0.0, 0.0, 2.0, 1.5 ] },
						"south": { "texture": "#string", "uv": [ 2.0, 0.5, 3.5, 1.0 ], "rotation": 90 },
						"west": { "texture": "#string", "uv": [ 0.0, 4.0, 2.0, 5.5 ] },
						"up": { "texture": "#string", "uv": [ 3.0, 0.5, 5.0, 1.0 ], "rotation": 90 },
						"down": { "texture": "#string", "uv": [ 6.5, 0.5, 8.5, 1.0 ], "rotation": 90 }
					}
				},
				{
					"name": "string 5",
					"from": [ 2.8, -0.6, -0.8 ],
					"to": [ 3.3, 1.1, 1.2 ],
					"rotationOrigin": [ 2.8, -0.6, 0.7 ],
					"rotationX": 1.0,
					"faces": {
						"north": { "texture": "#string", "uv": [ 1.0, 0.5, 2.5, 1.0 ], "rotation": 90 },
						"east": { "texture": "#string", "uv": [ 0.0, 2.0, 2.0, 3.5 ] },
						"south": { "texture": "#string", "uv": [ 0.0, 2.5, 1.5, 3.0 ], "rotation": 90 },
						"west": { "texture": "#string", "uv": [ 2.0, 2.5, 4.0, 4.0 ] },
						"up": { "texture": "#string", "uv": [ 4.5, 0.0, 6.5, 0.5 ], "rotation": 90 },
						"down": { "texture": "#string", "uv": [ 2.5, 2.0, 4.5, 2.5 ], "rotation": 90 }
					}
				},
				{
					"name": "holder",
					"from": [ 4.5, -0.8, -0.8 ],
					"to": [ 7.5, 1.2, 1.2 ],
					"rotationOrigin": [ 4.5, -0.8, -0.8 ],
					"faces": {
						"north": { "texture": "#metal", "uv": [ 7.0, 3.0, 10.0, 5.0 ] },
						"east": { "texture": "#metal", "uv": [ 1.0, 2.0, 3.0, 4.0 ] },
						"south": { "texture": "#metal", "uv": [ 6.0, 4.0, 9.0, 6.0 ] },
						"west": { "texture": "#metal", "uv": [ 6.0, 2.0, 8.0, 4.0 ] },
						"up": { "texture": "#metal", "uv": [ 6.0, 7.5, 8.0, 10.5 ], "rotation": 90 },
						"down": { "texture": "#metal", "uv": [ 4.0, 3.0, 7.0, 5.0 ] }
					},
					"children": [
						{
							"name": "connector",
							"from": [ 1.0, 0.8, -0.9 ],
							"to": [ 2.5, 1.0, 0.1 ],
							"rotationOrigin": [ 1.8, 0.8, -0.4 ],
							"faces": {
								"north": { "texture": "#metal", "uv": [ 1.0, 5.0, 2.5, 5.5 ] },
								"east": { "texture": "#metal", "uv": [ 2.0, 5.0, 3.0, 5.5 ] },
								"south": { "texture": "#metal", "uv": [ 2.0, 7.0, 3.5, 7.5 ] },
								"west": { "texture": "#metal", "uv": [ 2.0, 6.0, 3.0, 6.5 ] },
								"up": { "texture": "#metal", "uv": [ 2.0, 9.5, 3.0, 11.0 ], "rotation": 90 },
								"down": { "texture": "#metal", "uv": [ 3.0, 3.0, 4.5, 4.0 ] }
							},
							"children": [
								{
									"name": "segment 1",
									"from": [ -0.7, -0.2, -3.9 ],
									"to": [ 2.3, 0.3, 0.1 ],
									"rotationOrigin": [ 0.8, -0.2, 0.1 ],
									"rotationY": 3.0,
									"faces": {
										"north": { "texture": "#metal", "uv": [ 1.0, 5.0, 4.0, 5.5 ] },
										"east": { "texture": "#metal", "uv": [ 2.0, 5.0, 6.0, 5.5 ] },
										"south": { "texture": "#metal", "uv": [ 2.0, 7.0, 5.0, 7.5 ] },
										"west": { "texture": "#metal", "uv": [ 2.0, 6.0, 6.0, 6.5 ] },
										"up": { "texture": "#metal", "uv": [ 7.0, 3.5, 10.0, 7.5 ] },
										"down": { "texture": "#metal", "uv": [ 3.0, 3.0, 6.0, 7.0 ] }
									},
									"children": [
										{
											"name": "segment 2",
											"from": [ 0.3, 0.0, -3.9 ],
											"to": [ 2.8, 0.5, 0.1 ],
											"rotationOrigin": [ 1.6, 0.6, 0.1 ],
											"rotationY": 5.0,
											"faces": {
												"north": { "texture": "#metal", "uv": [ 0.0, 0.0, 2.5, 0.5 ] },
												"east": { "texture": "#metal", "uv": [ 0.0, 0.0, 4.0, 0.5 ] },
												"south": { "texture": "#metal", "uv": [ 0.0, 0.0, 2.5, 0.5 ] },
												"west": { "texture": "#metal", "uv": [ 0.0, 0.0, 4.0, 0.5 ] },
												"up": { "texture": "#metal", "uv": [ 7.5, 1.5, 11.5, 4.0 ], "rotation": 90 },
												"down": { "texture": "#metal", "uv": [ 0.0, 0.0, 2.5, 4.0 ] }
											},
											"children": [
												{
													"name": "segment 3",
													"from": [ 0.2, 0.0, -3.3 ],
													"to": [ 2.2, 0.5, 0.2 ],
													"rotationOrigin": [ 1.2, 0.0, 0.2 ],
													"rotationY": 8.0,
													"faces": {
														"north": { "texture": "#metal", "uv": [ 0.0, 0.0, 2.0, 0.5 ] },
														"east": { "texture": "#metal", "uv": [ 0.0, 0.0, 3.5, 0.5 ] },
														"south": { "texture": "#metal", "uv": [ 0.0, 0.0, 2.0, 0.5 ] },
														"west": { "texture": "#metal", "uv": [ 0.0, 0.0, 3.5, 0.5 ] },
														"up": { "texture": "#metal", "uv": [ 1.5, 7.0, 5.0, 9.0 ], "rotation": 90 },
														"down": { "texture": "#metal", "uv": [ 0.0, 0.0, 2.0, 3.5 ] }
													},
													"children": [
														{
															"name": "segment 4",
															"from": [ 0.2, 0.0, -2.9 ],
															"to": [ 1.7, 0.5, 0.1 ],
															"rotationOrigin": [ 1.0, 0.0, 0.0 ],
															"rotationY": 10.0,
															"faces": {
																"north": { "texture": "#metal", "uv": [ 0.0, 0.0, 1.5, 0.5 ] },
																"east": { "texture": "#metal", "uv": [ 0.0, 0.0, 3.0, 0.5 ] },
																"south": { "texture": "#metal", "uv": [ 0.0, 0.0, 1.5, 0.5 ] },
																"west": { "texture": "#metal", "uv": [ 0.0, 0.0, 3.0, 0.5 ] },
																"up": { "texture": "#metal", "uv": [ 6.0, 5.5, 9.0, 7.0 ], "rotation": 90 },
																"down": { "texture": "#metal", "uv": [ 0.0, 0.0, 1.5, 3.0 ] }
															},
															"children": [
																{
																	"name": "segment 5",
																	"from": [ 0.2, 0.2, -2.9 ],
																	"to": [ 1.2, 0.4, 0.1 ],
																	"rotationOrigin": [ 0.7, 0.2, 0.0 ],
																	"rotationY": 12.0,
																	"faces": {
																		"north": { "texture": "#metal", "uv": [ 0.0, 0.0, 1.0, 0.5 ] },
																		"east": { "texture": "#metal", "uv": [ 0.0, 0.0, 3.0, 0.5 ] },
																		"south": { "texture": "#metal", "uv": [ 0.0, 0.0, 1.0, 0.5 ] },
																		"west": { "texture": "#metal", "uv": [ 0.0, 0.0, 3.0, 0.5 ] },
																		"up": { "texture": "#metal", "uv": [ 4.0, 10.0, 7.0, 11.0 ], "rotation": 90 },
																		"down": { "texture": "#metal", "uv": [ 0.0, 0.0, 1.0, 3.0 ] }
																	}
																}
															]
														}
													]
												}
											]
										},
										{
											"name": "spike 1",
											"from": [ -1.5, 0.2, 3.0 ],
											"to": [ 0.0, 0.4, 3.5 ],
											"rotationOrigin": [ 0.0, 0.2, 3.0 ],
											"rotationY": 8.0,
											"faces": {
												"north": { "texture": "#metal", "uv": [ 0.0, 0.0, 1.5, 0.5 ] },
												"east": { "texture": "#metal", "uv": [ 0.0, 0.0, 0.5, 0.5 ] },
												"south": { "texture": "#metal", "uv": [ 0.0, 0.0, 1.5, 0.5 ] },
												"west": { "texture": "#metal", "uv": [ 0.0, 0.0, 0.5, 0.5 ] },
												"up": { "texture": "#metal", "uv": [ 10.0, 3.0, 11.5, 3.5 ] },
												"down": { "texture": "#metal", "uv": [ 10.0, 3.0, 11.5, 3.5 ] }
											}
										},
										{
											"name": "spike 2",
											"from": [ -1.0, 0.2, 2.0 ],
											"to": [ 0.0, 0.4, 2.5 ],
											"rotationOrigin": [ 0.0, 0.2, 2.0 ],
											"faces": {
												"north": { "texture": "#metal", "uv": [ 0.0, 0.0, 1.0, 0.5 ] },
												"east": { "texture": "#metal", "uv": [ 0.0, 0.0, 0.5, 0.5 ] },
												"south": { "texture": "#metal", "uv": [ 0.0, 0.0, 1.0, 0.5 ] },
												"west": { "texture": "#metal", "uv": [ 0.0, 0.0, 0.5, 0.5 ] },
												"up": { "texture": "#metal", "uv": [ 8.0, 6.0, 9.0, 6.5 ] },
												"down": { "texture": "#metal", "uv": [ 6.5, 5.0, 7.5, 5.5 ] }
											}
										},
										{
											"name": "Cube31",
											"from": [ 3.0, 0.2, 1.0 ],
											"to": [ 3.5, 0.4, 4.5 ],
											"rotationOrigin": [ 3.0, 0.2, 1.0 ],
											"faces": {
												"north": { "texture": "#metal", "uv": [ 0.0, 0.0, 0.5, 0.5 ] },
												"east": { "texture": "#metal", "uv": [ 0.0, 0.0, 3.5, 0.5 ] },
												"south": { "texture": "#metal", "uv": [ 0.0, 0.0, 0.5, 0.5 ] },
												"west": { "texture": "#metal", "uv": [ 0.0, 0.0, 3.5, 0.5 ] },
												"up": { "texture": "#metal", "uv": [ 0.0, 0.0, 0.5, 3.5 ] },
												"down": { "texture": "#metal", "uv": [ 0.0, 0.0, 0.5, 3.5 ] }
											}
										}
									]
								}
							]
						}
					]
				},
				{
					"name": "string 6",
					"from": [ -18.5, -0.6, -1.2 ],
					"to": [ -17.5, 1.1, 1.3 ],
					"rotationOrigin": [ -18.5, -0.6, 0.3 ],
					"rotationY": -34.0,
					"rotationZ": 2.0,
					"faces": {
						"north": { "texture": "#string", "uv": [ 7.5, 1.0, 9.0, 2.0 ], "rotation": 90 },
						"east": { "texture": "#string", "uv": [ 0.0, 2.0, 2.5, 3.5 ] },
						"south": { "texture": "#string", "uv": [ 6.0, 3.5, 7.5, 4.5 ], "rotation": 90 },
						"west": { "texture": "#string", "uv": [ 3.0, 2.5, 5.5, 4.0 ] },
						"up": { "texture": "#string", "uv": [ 8.0, 1.5, 10.5, 2.5 ], "rotation": 90 },
						"down": { "texture": "#string", "uv": [ 7.0, 2.0, 9.5, 3.0 ], "rotation": 90 }
					}
				},
				{
					"name": "handle 2",
					"from": [ -24.0, -0.5, -0.5 ],
					"to": [ -8.0, 1.0, 1.0 ],
					"rotationOrigin": [ -25.5, -8.0, 0.0 ],
					"faces": {
						"north": { "texture": "#handle", "uv": [ 0.0, 5.5, 16.0, 7.0 ] },
						"east": { "texture": "#handle", "uv": [ 0.5, 0.5, 2.0, 2.0 ] },
						"south": { "texture": "#handle", "uv": [ 0.0, 10.5, 16.0, 12.0 ] },
						"west": { "texture": "#handle", "uv": [ 14.0, 10.0, 15.5, 11.5 ] },
						"up": { "texture": "#handle", "uv": [ 0.0, 4.5, 16.0, 6.0 ] },
						"down": { "texture": "#handle", "uv": [ 0.0, 5.0, 16.0, 6.5 ] }
					},
					"children": [
						{
							"name": "Cube21",
							"from": [ 5.9, 0.0, -5.0 ],
							"to": [ 6.9, 1.5, 3.0 ],
							"rotationOrigin": [ 5.9, 0.0, 3.0 ],
							"rotationY": 10.0,
							"faces": {
								"north": { "texture": "#handle", "uv": [ 0.0, 0.0, 1.0, 1.5 ] },
								"east": { "texture": "#handle", "uv": [ 1.0, 5.5, 9.0, 7.0 ] },
								"south": { "texture": "#handle", "uv": [ 0.0, 0.0, 1.0, 1.5 ] },
								"west": { "texture": "#handle", "uv": [ 5.0, 4.5, 13.0, 6.0 ] },
								"up": { "texture": "#handle", "uv": [ 0.0, 6.0, 8.0, 7.0 ], "rotation": 90 },
								"down": { "texture": "#handle", "uv": [ 6.0, 11.0, 14.0, 12.0 ], "rotation": 90 }
							}
						},
						{
							"name": "Cube25",
							"from": [ 8.0, 0.3, -1.0 ],
							"to": [ 9.0, 1.3, 2.0 ],
							"rotationOrigin": [ 8.0, 0.3, 2.0 ],
							"faces": {
								"north": { "texture": "#handle", "uv": [ 0.0, 0.0, 1.0, 1.0 ] },
								"east": { "texture": "#handle", "uv": [ 4.5, 0.0, 7.5, 1.0 ] },
								"south": { "texture": "#handle", "uv": [ 0.0, 0.0, 1.0, 1.0 ] },
								"west": { "texture": "#handle", "uv": [ 6.5, 0.5, 9.5, 1.5 ] },
								"up": { "texture": "#handle", "uv": [ 6.5, 0.0, 9.5, 1.0 ], "rotation": 90 },
								"down": { "texture": "#handle", "uv": [ 5.5, 2.5, 8.5, 3.5 ], "rotation": 90 }
							}
						}
					]
				},
				{
					"name": "handle 3",
					"from": [ -32.0, -0.5, -0.5 ],
					"to": [ -24.0, 1.0, 1.0 ],
					"rotationOrigin": [ -33.5, -8.0, 0.0 ],
					"faces": {
						"north": { "texture": "#handle", "uv": [ 0.0, 5.5, 8.0, 7.0 ] },
						"east": { "texture": "#handle", "uv": [ 0.5, 0.5, 2.0, 2.0 ] },
						"south": { "texture": "#handle", "uv": [ 0.0, 10.5, 8.0, 12.0 ] },
						"west": { "texture": "#handle", "uv": [ 14.0, 10.0, 15.5, 11.5 ] },
						"up": { "texture": "#handle", "uv": [ 0.0, 4.5, 8.0, 6.0 ] },
						"down": { "texture": "#handle", "uv": [ 0.0, 5.0, 8.0, 6.5 ] }
					},
					"children": [
						{
							"name": "Cube1",
							"from": [ 2.0, 0.0, -3.5 ],
							"to": [ 3.0, 1.5, 2.5 ],
							"rotationOrigin": [ 2.0, 0.0, 2.5 ],
							"faces": {
								"north": { "texture": "#handle", "uv": [ 0.0, 0.0, 1.0, 1.5 ] },
								"east": { "texture": "#handle", "uv": [ 4.0, 1.5, 10.0, 3.0 ] },
								"south": { "texture": "#handle", "uv": [ 0.0, 0.0, 1.0, 1.5 ] },
								"west": { "texture": "#handle", "uv": [ 10.0, 2.5, 16.0, 4.0 ] },
								"up": { "texture": "#handle", "uv": [ 5.0, 0.5, 11.0, 1.5 ], "rotation": 90 },
								"down": { "texture": "#handle", "uv": [ 3.5, 0.5, 9.5, 1.5 ], "rotation": 90 }
							}
						}
					]
				},
				{
					"name": "string 22",
					"from": [ -17.3, -0.6, -1.2 ],
					"to": [ -16.8, 1.1, 1.3 ],
					"rotationOrigin": [ -17.3, -0.6, 1.3 ],
					"rotationX": 3.0,
					"rotationY": 43.0,
					"rotationZ": 1.0,
					"faces": {
						"north": { "texture": "#string", "uv": [ 7.5, 1.0, 9.0, 1.5 ], "rotation": 90 },
						"east": { "texture": "#string", "uv": [ 0.0, 2.0, 2.5, 3.5 ] },
						"south": { "texture": "#string", "uv": [ 0.0, 2.5, 1.5, 3.0 ], "rotation": 90 },
						"west": { "texture": "#string", "uv": [ 2.0, 2.5, 4.5, 4.0 ] },
						"up": { "texture": "#string", "uv": [ 8.5, 4.0, 11.0, 4.5 ], "rotation": 90 },
						"down": { "texture": "#string", "uv": [ 2.5, 2.0, 5.0, 2.5 ], "rotation": 90 }
					}
				},
				{
					"name": "string 23",
					"from": [ -19.4, -0.6, -0.7 ],
					"to": [ -18.9, 1.1, 1.3 ],
					"rotationOrigin": [ -19.4, -0.6, 0.8 ],
					"rotationY": -6.0,
					"faces": {
						"north": { "texture": "#string", "uv": [ 0.0, 0.5, 1.5, 1.0 ], "rotation": 90 },
						"east": { "texture": "#string", "uv": [ 0.0, 0.0, 2.0, 1.5 ] },
						"south": { "texture": "#string", "uv": [ 2.0, 0.5, 3.5, 1.0 ], "rotation": 90 },
						"west": { "texture": "#string", "uv": [ 0.0, 4.0, 2.0, 5.5 ] },
						"up": { "texture": "#string", "uv": [ 3.0, 0.5, 5.0, 1.0 ], "rotation": 90 },
						"down": { "texture": "#string", "uv": [ 6.5, 0.5, 8.5, 1.0 ], "rotation": 90 }
					}
				},
				{
					"name": "string 24",
					"from": [ -20.1, -0.6, -0.9 ],
					"to": [ -19.6, 1.2, 1.1 ],
					"rotationOrigin": [ -20.1, -0.6, 0.6 ],
					"rotationX": 1.0,
					"rotationY": -21.1,
					"rotationZ": -2.0,
					"faces": {
						"north": { "texture": "#string", "uv": [ 4.0, 0.0, 5.5, 0.5 ], "rotation": 90 },
						"east": { "texture": "#string", "uv": [ 0.0, 2.0, 2.0, 3.5 ] },
						"south": { "texture": "#string", "uv": [ 0.0, 2.5, 1.5, 3.0 ], "rotation": 90 },
						"west": { "texture": "#string", "uv": [ 2.0, 2.5, 4.0, 4.0 ] },
						"up": { "texture": "#string", "uv": [ 6.5, 0.0, 8.5, 0.5 ], "rotation": 90 },
						"down": { "texture": "#string", "uv": [ 2.5, 2.0, 4.5, 2.5 ], "rotation": 90 }
					}
				},
				{
					"name": "string 26",
					"from": [ -28.8, -0.6, -1.2 ],
					"to": [ -28.3, 1.1, 1.3 ],
					"rotationOrigin": [ -28.8, -0.6, 1.3 ],
					"rotationX": 3.0,
					"rotationY": 43.0,
					"rotationZ": 1.0,
					"faces": {
						"north": { "texture": "#string", "uv": [ 7.5, 1.0, 9.0, 1.5 ], "rotation": 90 },
						"east": { "texture": "#string", "uv": [ 0.0, 2.0, 2.5, 3.5 ] },
						"south": { "texture": "#string", "uv": [ 0.0, 2.5, 1.5, 3.0 ], "rotation": 90 },
						"west": { "texture": "#string", "uv": [ 2.0, 2.5, 4.5, 4.0 ] },
						"up": { "texture": "#string", "uv": [ 8.5, 4.0, 11.0, 4.5 ], "rotation": 90 },
						"down": { "texture": "#string", "uv": [ 2.5, 2.0, 5.0, 2.5 ], "rotation": 90 }
					}
				},
				{
					"name": "string 27",
					"from": [ -30.1, -0.6, -1.2 ],
					"to": [ -29.1, 1.1, 1.3 ],
					"rotationOrigin": [ -30.1, -0.6, 0.3 ],
					"rotationY": -34.0,
					"rotationZ": 2.0,
					"faces": {
						"north": { "texture": "#string", "uv": [ 7.5, 1.0, 9.0, 2.0 ], "rotation": 90 },
						"east": { "texture": "#string", "uv": [ 0.0, 2.0, 2.5, 3.5 ] },
						"south": { "texture": "#string", "uv": [ 6.0, 3.5, 7.5, 4.5 ], "rotation": 90 },
						"west": { "texture": "#string", "uv": [ 3.0, 2.5, 5.5, 4.0 ] },
						"up": { "texture": "#string", "uv": [ 3.5, 3.0, 6.0, 4.0 ], "rotation": 90 },
						"down": { "texture": "#string", "uv": [ 7.0, 2.0, 9.5, 3.0 ], "rotation": 90 }
					}
				},
				{
					"name": "string 28",
					"from": [ -28.8, -0.6, -0.7 ],
					"to": [ -28.3, 1.1, 1.3 ],
					"rotationOrigin": [ -28.8, -0.6, 0.8 ],
					"rotationY": -6.0,
					"faces": {
						"north": { "texture": "#string", "uv": [ 0.0, 0.5, 1.5, 1.0 ], "rotation": 90 },
						"east": { "texture": "#string", "uv": [ 0.0, 0.0, 2.0, 1.5 ] },
						"south": { "texture": "#string", "uv": [ 2.0, 0.5, 3.5, 1.0 ], "rotation": 90 },
						"west": { "texture": "#string", "uv": [ 0.0, 4.0, 2.0, 5.5 ] },
						"up": { "texture": "#string", "uv": [ 3.0, 0.5, 5.0, 1.0 ], "rotation": 90 },
						"down": { "texture": "#string", "uv": [ 6.5, 0.5, 8.5, 1.0 ], "rotation": 90 }
					}
				},
				{
					"name": "string 29",
					"from": [ -31.1, -0.6, -0.9 ],
					"to": [ -30.6, 1.2, 1.1 ],
					"rotationOrigin": [ -31.1, -0.6, 0.6 ],
					"rotationX": 1.0,
					"rotationY": -21.1,
					"rotationZ": -2.0,
					"faces": {
						"north": { "texture": "#string", "uv": [ 4.0, 0.0, 5.5, 0.5 ], "rotation": 90 },
						"east": { "texture": "#string", "uv": [ 0.0, 2.0, 2.0, 3.5 ] },
						"south": { "texture": "#string", "uv": [ 0.0, 2.5, 1.5, 3.0 ], "rotation": 90 },
						"west": { "texture": "#string", "uv": [ 2.0, 2.5, 4.0, 4.0 ] },
						"up": { "texture": "#string", "uv": [ 6.5, 0.0, 8.5, 0.5 ], "rotation": 90 },
						"down": { "texture": "#string", "uv": [ 2.5, 2.0, 4.5, 2.5 ], "rotation": 90 }
					}
				},
				{
					"name": "string 30",
					"from": [ -28.1, -0.6, -0.9 ],
					"to": [ -27.6, 1.2, 1.1 ],
					"rotationOrigin": [ -28.1, -0.6, 0.6 ],
					"rotationX": 1.0,
					"rotationY": -21.1,
					"rotationZ": -2.0,
					"faces": {
						"north": { "texture": "#string", "uv": [ 4.0, 0.0, 5.5, 0.5 ], "rotation": 90 },
						"east": { "texture": "#string", "uv": [ 0.0, 2.0, 2.0, 3.5 ] },
						"south": { "texture": "#string", "uv": [ 0.0, 2.5, 1.5, 3.0 ], "rotation": 90 },
						"west": { "texture": "#string", "uv": [ 2.0, 2.5, 4.0, 4.0 ] },
						"up": { "texture": "#string", "uv": [ 6.5, 0.0, 8.5, 0.5 ], "rotation": 90 },
						"down": { "texture": "#string", "uv": [ 2.5, 2.0, 4.5, 2.5 ], "rotation": 90 }
					}
				}
			]
		},
		{
			"name": "ToolBinding",
			"from": [ 4.25, 2.7752, 1.3 ],
			"to": [ 5.25, 4.4752, 3.8 ],
			"rotationOrigin": [ 4.246, 2.7752, 2.8 ],
			"rotationX": 0.0523,
			"rotationY": 0.9986,
			"rotationZ": 86.9995,
			"faces": {
				"north": { "texture": "#rope", "uv": [ 1.0, 0.5, 2.5, 1.5 ], "rotation": 90 },
				"east": { "texture": "#rope", "uv": [ 0.0, 2.0, 2.5, 3.5 ] },
				"south": { "texture": "#rope", "uv": [ 0.0, 2.5, 1.5, 3.5 ], "rotation": 90 },
				"west": { "texture": "#rope", "uv": [ 2.0, 2.5, 4.5, 4.0 ] },
				"up": { "texture": "#rope", "uv": [ 4.5, 0.0, 7.0, 1.0 ], "rotation": 90 },
				"down": { "texture": "#rope", "uv": [ 2.5, 2.0, 5.0, 3.0 ], "rotation": 90 }
			},
			"children": [
				{
					"name": "ToolBinding2",
					"from": [ 0.0, 1.7, 0.0 ],
					"to": [ 1.0, 4.7, 3.0 ],
					"rotationOrigin": [ 1.0, 1.7, 1.5 ],
					"rotationZ": 3.0,
					"faces": {
						"north": { "texture": "#rope", "uv": [ 1.0, 0.5, 4.0, 1.5 ], "rotation": 90 },
						"east": { "texture": "#rope", "uv": [ 0.0, 2.0, 3.0, 5.0 ] },
						"south": { "texture": "#rope", "uv": [ 0.0, 2.5, 3.0, 3.5 ], "rotation": 90 },
						"west": { "texture": "#rope", "uv": [ 2.0, 2.5, 5.0, 5.5 ] },
						"up": { "texture": "#rope", "uv": [ 4.5, 0.0, 7.5, 1.0 ], "rotation": 90 },
						"down": { "texture": "#rope", "uv": [ 2.5, 2.0, 5.5, 3.0 ], "rotation": 90 }
					}
				}
			]
		}
	]}