{
	"editor": {
		"backDropShape": "entity/land/hooved/deer/elk/female",
		"collapsedPaths": ",Root/ORIGINcrown/flower1,Root/ORIGINcrown/pinkrose,Root/ORIGINcrown/smallwhiterose1,Root/ORIGINcrown/flower3,Root/ORIGINcrown/flower8,Root/ORIGINcrown/flower9",
		"allAngles": true,
		"entityTextureMode": true
	},
	"textureWidth": 8,
	"textureHeight": 8,
	"textureSizes": {
		"flower": [8,8]
	},
	"textures": {
	},
	"elements": [
		{
			"name": "ORIGINcrown",
			"stepParentName": "Head",
			"from": [ 2.0, 4.0, 2.0 ],
			"to": [ 2.0, 4.0, 2.0 ],
			"uv": [ 999.0, 999.0 ],
			"rotationOrigin": [ 2.0, 4.0, 2.0 ],
			"faces": {
			},
			"children": [
				{
					"name": "flower9",
					"from": [ -0.5, 0.2, 2.7 ],
					"to": [ 0.5, 1.2, 3.2 ],
					"autoUnwrap": false,
					"uv": [ 2.0, 2.5 ],
					"rotationOrigin": [ 0.0, 0.7, 2.7 ],
					"rotationY": -3.0,
					"rotationZ": -22.0,
					"faces": {
						"north": { "texture": "#flower", "uv": [ 2.0, 3.0, 3.0, 4.0 ] },
						"east": { "texture": "#flower", "uv": [ 3.0, 3.0, 3.5, 4.0 ] },
						"south": { "texture": "#flower", "uv": [ 2.0, 3.0, 3.0, 4.0 ], "windMode": [-1,-1,-1,-1], "windData": [1,1,1,1] },
						"west": { "texture": "#flower", "uv": [ 3.5, 3.0, 4.0, 4.0 ], "windMode": [-1,-1,-1,-1], "windData": [1,1,1,1] },
						"up": { "texture": "#flower", "uv": [ 2.0, 2.5, 3.0, 3.0 ] },
						"down": { "texture": "#flower", "uv": [ 3.0, 2.5, 4.0, 3.0 ] }
					},
					"children": [
						{
							"name": "flower9_1",
							"from": [ 0.0, 0.0, 0.0 ],
							"to": [ 1.0, 1.0, 0.5 ],
							"autoUnwrap": false,
							"uv": [ 2.0, 2.5 ],
							"rotationOrigin": [ 0.5, 0.5, 0.0 ],
							"rotationZ": 45.0,
							"faces": {
								"north": { "texture": "#flower", "uv": [ 2.0, 3.0, 3.0, 4.0 ] },
								"east": { "texture": "#flower", "uv": [ 3.0, 3.0, 3.5, 4.0 ] },
								"south": { "texture": "#flower", "uv": [ 2.0, 3.0, 3.0, 4.0 ], "windMode": [-1,-1,-1,-1], "windData": [1,1,1,1] },
								"west": { "texture": "#flower", "uv": [ 3.5, 3.0, 4.0, 4.0 ], "windMode": [-1,-1,-1,-1], "windData": [1,1,1,1] },
								"up": { "texture": "#flower", "uv": [ 2.0, 2.5, 3.0, 3.0 ] },
								"down": { "texture": "#flower", "uv": [ 3.0, 2.5, 4.0, 3.0 ] }
							}
						}
					]
				},
				{
					"name": "flower8",
					"from": [ -1.8, 0.2, 2.5 ],
					"to": [ -0.6, 1.4, 3.2 ],
					"autoUnwrap": false,
					"uv": [ 0.0, 3.0 ],
					"rotationOrigin": [ -1.2, 0.8, 2.5 ],
					"rotationX": -11.0,
					"rotationY": -11.0,
					"rotationZ": -22.5,
					"faces": {
						"north": { "texture": "#flower", "uv": [ 0.0, 3.5, 1.0, 4.5 ] },
						"east": { "texture": "#flower", "uv": [ 1.0, 3.5, 1.5, 4.5 ] },
						"south": { "texture": "#flower", "uv": [ 0.0, 3.5, 1.0, 4.5 ], "windMode": [-1,-1,-1,-1] },
						"west": { "texture": "#flower", "uv": [ 1.5, 3.5, 2.0, 4.5 ], "windMode": [-1,-1,-1,-1] },
						"up": { "texture": "#flower", "uv": [ 0.0, 3.0, 1.0, 3.5 ] },
						"down": { "texture": "#flower", "uv": [ 1.0, 3.0, 2.0, 3.5 ] }
					},
					"children": [
						{
							"name": "flower8_1",
							"from": [ 0.0, 0.0, 0.0 ],
							"to": [ 1.2, 1.2, 0.6 ],
							"autoUnwrap": false,
							"uv": [ 0.0, 3.0 ],
							"rotationOrigin": [ 0.6, 0.6, 0.0 ],
							"rotationZ": -45.0,
							"faces": {
								"north": { "texture": "#flower", "uv": [ 0.0, 3.5, 1.0, 4.5 ] },
								"east": { "texture": "#flower", "uv": [ 1.0, 3.5, 1.5, 4.5 ] },
								"south": { "texture": "#flower", "uv": [ 0.0, 3.5, 1.0, 4.5 ], "windMode": [-1,-1,-1,-1] },
								"west": { "texture": "#flower", "uv": [ 1.5, 3.5, 2.0, 4.5 ], "windMode": [-1,-1,-1,-1] },
								"up": { "texture": "#flower", "uv": [ 0.0, 3.0, 1.0, 3.5 ] },
								"down": { "texture": "#flower", "uv": [ 1.0, 3.0, 2.0, 3.5 ] }
							}
						}
					]
				},
				{
					"name": "flower7",
					"from": [ -2.4, -0.1, 1.1 ],
					"to": [ -1.9, 1.1, 2.4 ],
					"autoUnwrap": false,
					"uv": [ 2.0, 1.0 ],
					"rotationOrigin": [ -1.5, 0.9, 1.8 ],
					"rotationX": 3.0,
					"rotationY": 28.0,
					"rotationZ": -11.0,
					"faces": {
						"north": { "texture": "#flower", "uv": [ 2.0, 1.5, 2.5, 2.5 ] },
						"east": { "texture": "#flower", "uv": [ 2.5, 1.5, 3.5, 2.5 ] },
						"south": { "texture": "#flower", "uv": [ 3.5, 1.5, 4.0, 2.5 ] },
						"west": { "texture": "#flower", "uv": [ 2.5, 1.5, 3.5, 2.5 ], "windMode": [-1,-1,-1,-1], "windData": [1,1,1,1] },
						"up": { "texture": "#flower", "uv": [ 2.0, 1.0, 3.0, 1.5 ], "rotation": 90, "windMode": [-1,-1,-1,-1] },
						"down": { "texture": "#flower", "uv": [ 3.0, 1.0, 4.0, 1.5 ], "rotation": 90, "windMode": [-1,-1,-1,-1] }
					}
				},
				{
					"name": "flower6",
					"from": [ -2.2, 0.7, 1.0 ],
					"to": [ -1.7, 1.5, 1.8 ],
					"autoUnwrap": false,
					"uv": [ 3.0, 0.0 ],
					"rotationOrigin": [ -1.8, 1.1, 1.4 ],
					"rotationX": -28.0,
					"rotationY": 36.0,
					"rotationZ": -36.0,
					"faces": {
						"north": { "texture": "#flower", "uv": [ 3.0, 0.5, 3.5, 1.0 ] },
						"east": { "texture": "#flower", "uv": [ 3.5, 0.5, 4.0, 1.0 ], "windMode": [-1,-1,-1,-1], "windData": [1,1,1,1] },
						"south": { "texture": "#flower", "uv": [ 3.0, 0.5, 3.5, 1.0 ], "windMode": [-1,-1,-1,-1], "windData": [1,1,1,1] },
						"west": { "texture": "#flower", "uv": [ 3.5, 0.5, 4.0, 1.0 ], "windMode": [-1,-1,-1,-1], "windData": [1,1,1,1] },
						"up": { "texture": "#flower", "uv": [ 3.0, 0.0, 3.5, 0.5 ] },
						"down": { "texture": "#flower", "uv": [ 3.5, 0.0, 4.0, 0.5 ] }
					}
				},
				{
					"name": "flower5",
					"from": [ -2.2, 0.4, 0.0 ],
					"to": [ -1.7, 1.5, 1.1 ],
					"autoUnwrap": false,
					"uv": [ 0.0, 1.5 ],
					"rotationOrigin": [ -1.8, 1.0, 0.6 ],
					"rotationX": -8.0,
					"rotationY": 19.0,
					"rotationZ": -36.0,
					"faces": {
						"north": { "texture": "#flower", "uv": [ 0.0, 2.0, 0.5, 3.0 ] },
						"east": { "texture": "#flower", "uv": [ 0.5, 2.0, 1.5, 3.0 ] },
						"south": { "texture": "#flower", "uv": [ 1.5, 2.0, 2.0, 3.0 ], "windMode": [-1,-1,-1,-1] },
						"west": { "texture": "#flower", "uv": [ 0.5, 2.0, 1.5, 3.0 ], "windMode": [-1,-1,-1,-1] },
						"up": { "texture": "#flower", "uv": [ 0.0, 1.5, 1.0, 2.0 ], "rotation": 90, "windMode": [-1,-1,-1,-1] },
						"down": { "texture": "#flower", "uv": [ 1.0, 1.5, 2.0, 2.0 ], "rotation": 90, "windMode": [-1,-1,-1,-1] }
					}
				},
				{
					"name": "flower2",
					"from": [ -1.7, 0.1, -2.5 ],
					"to": [ -0.9, 0.9, -2.1 ],
					"autoUnwrap": false,
					"uv": [ 2.0, 0.0 ],
					"rotationOrigin": [ -1.3, 0.6, -2.1 ],
					"rotationX": -8.0,
					"rotationY": 8.0,
					"rotationZ": 11.0,
					"faces": {
						"north": { "texture": "#flower", "uv": [ 2.0, 0.5, 2.5, 1.0 ] },
						"east": { "texture": "#flower", "uv": [ 2.5, 0.5, 3.0, 1.0 ] },
						"south": { "texture": "#flower", "uv": [ 2.0, 0.5, 2.5, 1.0 ], "windMode": [-1,-1,-1,-1], "windData": [1,1,1,1] },
						"west": { "texture": "#flower", "uv": [ 2.5, 0.5, 3.0, 1.0 ], "windMode": [-1,-1,-1,-1], "windData": [1,1,1,1] },
						"up": { "texture": "#flower", "uv": [ 2.0, 0.0, 2.5, 0.5 ] },
						"down": { "texture": "#flower", "uv": [ 2.5, 0.0, 3.0, 0.5 ] }
					}
				},
				{
					"name": "flower3",
					"from": [ -2.4, 0.2, -2.1 ],
					"to": [ -1.1, 1.5, -1.7 ],
					"autoUnwrap": false,
					"uv": [ 4.0, 0.0 ],
					"rotationOrigin": [ -1.8, 0.8, -1.6 ],
					"rotationX": 30.0,
					"rotationY": 53.0,
					"rotationZ": -28.0,
					"faces": {
						"north": { "texture": "#flower", "uv": [ 4.0, 0.5, 5.0, 1.5 ], "windMode": [-1,-1,-1,-1] },
						"east": { "texture": "#flower", "uv": [ 5.0, 0.5, 5.5, 1.5 ], "windMode": [-1,-1,-1,-1] },
						"south": { "texture": "#flower", "uv": [ 4.0, 0.5, 5.0, 1.5 ], "windMode": [-1,-1,-1,-1], "windData": [1,1,1,1] },
						"west": { "texture": "#flower", "uv": [ 5.5, 0.5, 6.0, 1.5 ], "windMode": [-1,-1,-1,-1], "windData": [1,1,1,1] },
						"up": { "texture": "#flower", "uv": [ 4.0, 0.0, 5.0, 0.5 ], "rotation": 180, "windMode": [-1,-1,-1,-1] },
						"down": { "texture": "#flower", "uv": [ 5.0, 0.0, 6.0, 0.5 ], "rotation": 180, "windMode": [-1,-1,-1,-1] }
					},
					"children": [
						{
							"name": "flower3_1",
							"from": [ 0.0, 0.0, 0.1 ],
							"to": [ 1.3, 1.3, 0.5 ],
							"autoUnwrap": false,
							"uv": [ 4.0, 0.0 ],
							"rotationOrigin": [ 0.6, 0.6, 0.5 ],
							"rotationZ": 45.0,
							"faces": {
								"north": { "texture": "#flower", "uv": [ 4.0, 0.5, 5.0, 1.5 ] },
								"east": { "texture": "#flower", "uv": [ 5.0, 0.5, 5.5, 1.5 ] },
								"south": { "texture": "#flower", "uv": [ 4.0, 0.5, 5.0, 1.5 ], "windMode": [-1,-1,-1,-1], "windData": [1,1,1,1] },
								"west": { "texture": "#flower", "uv": [ 5.5, 0.5, 6.0, 1.5 ], "windMode": [-1,-1,-1,-1], "windData": [1,1,1,1] },
								"up": { "texture": "#flower", "uv": [ 4.0, 0.0, 5.0, 0.5 ] },
								"down": { "texture": "#flower", "uv": [ 5.0, 0.0, 6.0, 0.5 ] }
							}
						}
					]
				},
				{
					"name": "flower4",
					"from": [ -2.62, 0.16, -0.88 ],
					"to": [ -1.58, 1.2, -0.56 ],
					"autoUnwrap": false,
					"uv": [ 4.0, 1.5 ],
					"rotationOrigin": [ -2.14, 0.64, -0.48 ],
					"rotationX": 89.0,
					"rotationY": 55.0,
					"rotationZ": -89.0,
					"faces": {
						"north": { "texture": "#flower", "uv": [ 4.0, 2.0, 5.0, 3.0 ], "windMode": [-1,-1,-1,-1] },
						"east": { "texture": "#flower", "uv": [ 5.0, 2.0, 5.5, 3.0 ], "windMode": [-1,-1,-1,-1] },
						"south": { "texture": "#flower", "uv": [ 4.0, 2.0, 5.0, 3.0 ], "windMode": [-1,-1,-1,-1], "windData": [1,1,1,1] },
						"west": { "texture": "#flower", "uv": [ 5.5, 2.0, 6.0, 3.0 ], "windMode": [-1,-1,-1,-1], "windData": [1,1,1,1] },
						"up": { "texture": "#flower", "uv": [ 4.0, 1.5, 5.0, 2.0 ], "rotation": 180, "windMode": [-1,-1,-1,-1] },
						"down": { "texture": "#flower", "uv": [ 5.0, 1.5, 6.0, 2.0 ], "rotation": 180, "windMode": [-1,-1,-1,-1] }
					}
				},
				{
					"name": "flower1",
					"from": [ -0.9, 0.2, -2.6 ],
					"to": [ 0.4, 1.5, -2.2 ],
					"autoUnwrap": false,
					"uv": [ 0.0, -0.5 ],
					"rotationOrigin": [ -0.3, 0.8, -2.2 ],
					"rotationX": 28.0,
					"rotationY": 3.0,
					"rotationZ": -28.0,
					"faces": {
						"north": { "texture": "#flower", "uv": [ 0.0, 0.5, 1.0, 1.5 ], "windMode": [-1,-1,-1,-1] },
						"east": { "texture": "#flower", "uv": [ 1.0, 0.5, 1.5, 1.5 ], "windMode": [-1,-1,-1,-1] },
						"south": { "texture": "#flower", "uv": [ 0.0, 0.5, 1.0, 1.5 ], "windMode": [-1,-1,-1,-1] },
						"west": { "texture": "#flower", "uv": [ 1.5, 0.5, 2.0, 1.5 ], "windMode": [-1,-1,-1,-1] },
						"up": { "texture": "#flower", "uv": [ 0.0, 0.0, 1.0, 0.5 ], "rotation": 180, "windMode": [-1,-1,-1,-1] },
						"down": { "texture": "#flower", "uv": [ 1.0, 0.0, 2.0, 0.5 ], "rotation": 180, "windMode": [-1,-1,-1,-1] }
					},
					"children": [
						{
							"name": "flower1_2",
							"from": [ 0.0, 0.0, 0.1 ],
							"to": [ 1.3, 1.3, 0.5 ],
							"autoUnwrap": false,
							"uv": [ 0.0, 0.0 ],
							"rotationOrigin": [ 0.6, 0.6, 0.5 ],
							"rotationZ": 45.0,
							"faces": {
								"north": { "texture": "#flower", "uv": [ 0.0, 0.5, 1.0, 1.5 ] },
								"east": { "texture": "#flower", "uv": [ 1.0, 0.5, 1.5, 1.5 ] },
								"south": { "texture": "#flower", "uv": [ 0.0, 0.5, 1.0, 1.5 ], "windMode": [-1,-1,-1,-1] },
								"west": { "texture": "#flower", "uv": [ 1.5, 0.5, 2.0, 1.5 ], "windMode": [-1,-1,-1,-1] },
								"up": { "texture": "#flower", "uv": [ 0.0, 0.0, 1.0, 0.5 ] },
								"down": { "texture": "#flower", "uv": [ 1.0, 0.0, 2.0, 0.5 ] }
							}
						}
					]
				}
			]
		}
	]}