{
	"editor": {
		"backDropShape": "C:/Users/saber/AppData/Roaming/VintagestoryPRERELEASE/assets/survival/shapes/entity/animal/mammal/hooved/deer/elk/female",
		"collapsedPaths": "Root/origin/stemdown28,Root/head2,Root/ORIGIN/small,Root/origin/stemdown15,Root/ORIGIN/head2,Root/ORIGIN/head3,Root/ORIGIN/med,Root/ORIGIN/head4,Root/origin/stemdown41,Root/ORIGIN/small3,Root/ORIGIN/large,Root/ORIGIN/small2,Root/ORIGIN/med2",
		"allAngles": true,
		"entityTextureMode": false
	},
	"textureWidth": 16,
	"textureHeight": 16,
	"textureSizes": {
	},
	"textures": {
		"normal7-12": "game:block/plant/crop/sunflower/normal7-12"
	},
	"elements": [
		{
			"name": "ORIGIN",
			"stepParentName": "Head",
			"from": [ 2.5, 5.0, 2.0 ],
			"to": [ 2.5, 5.0, 2.0 ],
			"rotationOrigin": [ 2.5, 5.0, 2.0 ],
			"faces": {
				"north": { "texture": "#normal7-12", "uv": [ 0.0, 0.0, 0.5, 0.5 ] },
				"east": { "texture": "#normal7-12", "uv": [ 0.0, 0.0, 0.5, 0.5 ] },
				"south": { "texture": "#normal7-12", "uv": [ 0.0, 0.0, 0.5, 0.5 ] },
				"west": { "texture": "#normal7-12", "uv": [ 0.0, 0.0, 0.5, 0.5 ] },
				"up": { "texture": "#normal7-12", "uv": [ 0.0, 0.0, 0.5, 0.5 ] },
				"down": { "texture": "#normal7-12", "uv": [ 0.0, 0.0, 0.5, 0.5 ] }
			},
			"children": [
				{
					"name": "large",
					"from": [ -3.2, -0.3, -2.6 ],
					"to": [ -1.2, 0.2, -0.6 ],
					"rotationOrigin": [ -2.2007, -0.3, -1.7 ],
					"rotationX": 25.0,
					"rotationY": -33.0,
					"rotationZ": 80.0,
					"faces": {
						"north": { "texture": "#normal7-12", "uv": [ 9.0, 0.0, 9.5, 2.0 ], "rotation": 270},
						"east": { "texture": "#normal7-12", "uv": [ 9.0, 0.0, 9.5, 2.0 ], "rotation": 270},
						"south": { "texture": "#normal7-12", "uv": [ 9.0, 0.0, 9.5, 2.0 ], "rotation": 270},
						"west": { "texture": "#normal7-12", "uv": [ 9.0, 0.0, 9.5, 2.0 ], "rotation": 270},
						"up": { "texture": "#normal7-12", "uv": [ 10.0, 0.0, 12.0, 2.0 ]},
						"down": { "texture": "#normal7-12", "uv": [ 10.0, 4.0, 12.0, 6.0 ]}
					},
					"children": [
						{
							"name": "flowerN4",
							"from": [ 0.0, 0.5, -0.75 ],
							"to": [ 2.25, 0.5, 0.0 ],
							"rotationOrigin": [ 1.25, 0.5, 0.0 ],
							"rotationX": 9.0,
							"faces": {
								"up": { "texture": "#normal7-12", "uv": [ 8.0, 4.0, 8.95, 8.2 ], "rotation": 270, "autoUv": false}
							}
						},
						{
							"name": "flowerS4",
							"from": [ -0.25, 0.5, 2.0 ],
							"to": [ 2.0, 0.5, 2.75 ],
							"rotationOrigin": [ 1.0, 0.5, 2.0 ],
							"rotationX": -9.0,
							"faces": {
								"up": { "texture": "#normal7-12", "uv": [ 8.0, 4.0, 9.0, 7.45 ], "rotation": 90, "autoUv": false}
							}
						},
						{
							"name": "flowerW4",
							"from": [ -0.75, 0.5, -0.25 ],
							"to": [ 0.0, 0.5, 2.0 ],
							"rotationOrigin": [ 0.0, 0.5, 1.0 ],
							"rotationZ": -9.0,
							"faces": {
								"up": { "texture": "#normal7-12", "uv": [ 8.0, 4.0, 9.0, 6.85 ], "rotation": 180, "autoUv": false}
							}
						},
						{
							"name": "flowerE4",
							"from": [ 2.0, 0.5, 0.0 ],
							"to": [ 2.75, 0.5, 2.25 ],
							"rotationOrigin": [ 2.0, 0.5, 1.0 ],
							"rotationZ": 9.0,
							"faces": {
								"up": { "texture": "#normal7-12", "uv": [ 8.0, 4.0, 9.05, 7.0 ], "autoUv": false}
							}
						}
					]
				},
				{
					"name": "small2",
					"from": [ -3.12, -0.39, -0.68 ],
					"to": [ -2.04, -0.12, 0.4 ],
					"rotationOrigin": [ -2.5811, -0.3792, -0.6748 ],
					"rotationZ": 69.0,
					"faces": {
						"north": { "texture": "#normal7-12", "uv": [ 9.0, 0.0, 9.5, 1.0 ], "rotation": 270},
						"east": { "texture": "#normal7-12", "uv": [ 9.0, 0.0, 9.5, 1.0 ], "rotation": 270},
						"south": { "texture": "#normal7-12", "uv": [ 9.0, 0.0, 9.5, 1.0 ], "rotation": 270},
						"west": { "texture": "#normal7-12", "uv": [ 9.0, 0.0, 9.5, 1.0 ], "rotation": 270},
						"up": { "texture": "#normal7-12", "uv": [ 11.0, 1.0, 12.5, 2.5 ], "autoUv": false},
						"down": { "texture": "#normal7-12", "uv": [ 10.0, 4.0, 11.0, 5.0 ]}
					},
					"children": [
						{
							"name": "flowerN5",
							"from": [ 0.0, 0.27, -0.405 ],
							"to": [ 1.215, 0.27, 0.0 ],
							"rotationOrigin": [ 0.675, 0.27, 0.0 ],
							"rotationX": 9.0,
							"faces": {
								"up": { "texture": "#normal7-12", "uv": [ 8.0, 4.0, 8.43, 5.52 ], "rotation": 270, "autoUv": false}
							}
						},
						{
							"name": "flowerS5",
							"from": [ -0.135, 0.27, 1.08 ],
							"to": [ 1.08, 0.27, 1.485 ],
							"rotationOrigin": [ 0.54, 0.27, 1.08 ],
							"rotationX": -9.0,
							"faces": {
								"up": { "texture": "#normal7-12", "uv": [ 8.0, 4.0, 8.33, 5.52 ], "rotation": 90, "autoUv": false}
							}
						},
						{
							"name": "flowerW5",
							"from": [ -0.405, 0.27, -0.135 ],
							"to": [ 0.0, 0.27, 1.08 ],
							"rotationOrigin": [ 0.0, 0.27, 0.54 ],
							"rotationZ": -9.0,
							"faces": {
								"up": { "texture": "#normal7-12", "uv": [ 8.0, 4.0, 8.33, 5.52 ], "rotation": 180, "autoUv": false}
							}
						},
						{
							"name": "flowerE5",
							"from": [ 1.08, 0.27, 0.0 ],
							"to": [ 1.485, 0.27, 1.215 ],
							"rotationOrigin": [ 1.08, 0.27, 0.54 ],
							"rotationZ": 9.0,
							"faces": {
								"up": { "texture": "#normal7-12", "uv": [ 8.0, 4.2, 8.33, 5.22 ], "autoUv": false}
							}
						}
					]
				},
				{
					"name": "med2",
					"from": [ -3.54, -0.46, 0.7 ],
					"to": [ -2.1, -0.1, 2.14 ],
					"rotationOrigin": [ -2.816, -0.4551, 0.7036 ],
					"rotationY": 19.0,
					"rotationZ": 61.0,
					"faces": {
						"north": { "texture": "#normal7-12", "uv": [ 9.0, 0.0, 9.0, 1.0 ], "rotation": 270, "autoUv": false},
						"east": { "texture": "#normal7-12", "uv": [ 9.0, 0.0, 9.5, 1.0 ], "rotation": 270},
						"south": { "texture": "#normal7-12", "uv": [ 9.0, 0.0, 9.5, 1.0 ], "rotation": 270},
						"west": { "texture": "#normal7-12", "uv": [ 9.0, 0.0, 9.5, 1.0 ], "rotation": 270},
						"up": { "texture": "#normal7-12", "uv": [ 11.0, 1.0, 13.0, 3.0 ], "autoUv": false},
						"down": { "texture": "#normal7-12", "uv": [ 10.0, 4.0, 11.0, 5.0 ]}
					},
					"children": [
						{
							"name": "flowerN6",
							"from": [ 0.0, 0.36, -0.54 ],
							"to": [ 1.62, 0.36, 0.0 ],
							"rotationOrigin": [ 0.9, 0.36, 0.0 ],
							"rotationX": 9.0,
							"faces": {
								"up": { "texture": "#normal7-12", "uv": [ 8.0, 4.0, 9.04, 7.5 ], "rotation": 270, "autoUv": false}
							}
						},
						{
							"name": "flowerS6",
							"from": [ -0.18, 0.36, 1.44 ],
							"to": [ 1.44, 0.36, 1.98 ],
							"rotationOrigin": [ 0.72, 0.36, 1.44 ],
							"rotationX": -9.0,
							"faces": {
								"up": { "texture": "#normal7-12", "uv": [ 8.0, 4.0, 9.04, 7.5 ], "rotation": 90, "autoUv": false}
							}
						},
						{
							"name": "flowerW6",
							"from": [ -0.54, 0.36, -0.18 ],
							"to": [ 0.0, 0.36, 1.44 ],
							"rotationOrigin": [ 0.0, 0.36, 0.72 ],
							"rotationZ": -9.0,
							"faces": {
								"up": { "texture": "#normal7-12", "uv": [ 8.0, 4.0, 9.04, 7.5 ], "rotation": 180, "autoUv": false}
							}
						},
						{
							"name": "flowerE6",
							"from": [ 1.44, 0.36, 0.0 ],
							"to": [ 1.98, 0.36, 1.62 ],
							"rotationOrigin": [ 1.44, 0.36, 0.72 ],
							"rotationZ": 9.0,
							"faces": {
								"up": { "texture": "#normal7-12", "uv": [ 8.0, 4.0, 9.04, 7.5 ], "autoUv": false}
							}
						}
					]
				},
				{
					"name": "small",
					"from": [ -2.78, 0.25, 2.23 ],
					"to": [ -1.7, 0.52, 3.31 ],
					"rotationOrigin": [ -2.2403, 0.16, 2.2339 ],
					"rotationX": 44.0,
					"rotationY": 17.0,
					"rotationZ": 36.0,
					"faces": {
						"north": { "texture": "#normal7-12", "uv": [ 9.0, 0.0, 9.0, 1.0 ], "rotation": 270, "autoUv": false},
						"east": { "texture": "#normal7-12", "uv": [ 9.0, 0.0, 9.5, 1.0 ], "rotation": 270},
						"south": { "texture": "#normal7-12", "uv": [ 9.0, 0.0, 9.5, 1.0 ], "rotation": 270},
						"west": { "texture": "#normal7-12", "uv": [ 9.0, 0.0, 9.5, 1.0 ], "rotation": 270},
						"up": { "texture": "#normal7-12", "uv": [ 11.0, 1.0, 12.5, 2.5 ], "autoUv": false},
						"down": { "texture": "#normal7-12", "uv": [ 10.0, 4.0, 11.0, 5.0 ]}
					},
					"children": [
						{
							"name": "flowerN3",
							"from": [ 0.0, 0.27, -0.405 ],
							"to": [ 1.215, 0.27, 0.0 ],
							"rotationOrigin": [ 0.675, 0.27, 0.0 ],
							"rotationX": 9.0,
							"faces": {
								"up": { "texture": "#normal7-12", "uv": [ 8.0, 4.0, 8.43, 5.52 ], "rotation": 270, "autoUv": false}
							}
						},
						{
							"name": "flowerS3",
							"from": [ -0.135, 0.27, 1.08 ],
							"to": [ 1.08, 0.27, 1.485 ],
							"rotationOrigin": [ 0.54, 0.27, 1.08 ],
							"rotationX": -9.0,
							"faces": {
								"up": { "texture": "#normal7-12", "uv": [ 8.0, 4.0, 8.33, 5.52 ], "rotation": 90, "autoUv": false}
							}
						},
						{
							"name": "flowerW3",
							"from": [ -0.405, 0.27, -0.135 ],
							"to": [ 0.0, 0.27, 1.08 ],
							"rotationOrigin": [ 0.0, 0.27, 0.54 ],
							"rotationZ": -9.0,
							"faces": {
								"up": { "texture": "#normal7-12", "uv": [ 8.0, 4.0, 8.33, 5.52 ], "rotation": 180, "autoUv": false}
							}
						},
						{
							"name": "flowerE3",
							"from": [ 1.08, 0.27, 0.0 ],
							"to": [ 1.485, 0.27, 1.215 ],
							"rotationOrigin": [ 1.08, 0.27, 0.54 ],
							"rotationZ": 9.0,
							"faces": {
								"up": { "texture": "#normal7-12", "uv": [ 8.0, 4.2, 8.33, 5.22 ], "autoUv": false}
							}
						}
					]
				},
				{
					"name": "med",
					"from": [ -1.44, 0.47, 2.04 ],
					"to": [ 0.0, 0.83, 3.48 ],
					"rotationOrigin": [ -0.7205, 0.4749, 2.0451 ],
					"rotationX": 58.0,
					"rotationY": -6.0,
					"faces": {
						"north": { "texture": "#normal7-12", "uv": [ 9.0, 0.0, 9.5, 1.0 ], "rotation": 270},
						"east": { "texture": "#normal7-12", "uv": [ 9.0, 0.0, 9.5, 1.0 ], "rotation": 270},
						"south": { "texture": "#normal7-12", "uv": [ 9.0, 0.0, 9.5, 1.0 ], "rotation": 270},
						"west": { "texture": "#normal7-12", "uv": [ 9.0, 0.0, 9.5, 1.0 ], "rotation": 270},
						"up": { "texture": "#normal7-12", "uv": [ 11.0, 1.0, 13.0, 3.0 ], "autoUv": false},
						"down": { "texture": "#normal7-12", "uv": [ 10.0, 4.0, 11.0, 5.0 ]}
					},
					"children": [
						{
							"name": "flowerN2",
							"from": [ 0.0, 0.36, -0.54 ],
							"to": [ 1.62, 0.36, 0.0 ],
							"rotationOrigin": [ 0.9, 0.36, 0.0 ],
							"rotationX": 9.0,
							"faces": {
								"up": { "texture": "#normal7-12", "uv": [ 8.0, 4.0, 8.84, 7.5 ], "rotation": 270, "autoUv": false}
							}
						},
						{
							"name": "flowerS2",
							"from": [ -0.18, 0.36, 1.44 ],
							"to": [ 1.44, 0.36, 1.98 ],
							"rotationOrigin": [ 0.72, 0.36, 1.44 ],
							"rotationX": -9.0,
							"faces": {
								"up": { "texture": "#normal7-12", "uv": [ 8.0, 4.0, 8.84, 7.5 ], "rotation": 90, "autoUv": false}
							}
						},
						{
							"name": "flowerW2",
							"from": [ -0.54, 0.36, -0.18 ],
							"to": [ 0.0, 0.36, 1.44 ],
							"rotationOrigin": [ 0.0, 0.36, 0.72 ],
							"rotationZ": -9.0,
							"faces": {
								"up": { "texture": "#normal7-12", "uv": [ 8.0, 4.0, 8.84, 7.5 ], "rotation": 180, "autoUv": false}
							}
						},
						{
							"name": "flowerE2",
							"from": [ 1.44, 0.36, 0.0 ],
							"to": [ 1.98, 0.36, 1.62 ],
							"rotationOrigin": [ 1.44, 0.36, 0.72 ],
							"rotationZ": 9.0,
							"faces": {
								"up": { "texture": "#normal7-12", "uv": [ 8.0, 4.0, 8.84, 7.5 ], "autoUv": false}
							}
						}
					]
				},
				{
					"name": "small3",
					"from": [ -0.92, -0.19, -2.48 ],
					"to": [ 0.16, 0.08, -1.4 ],
					"rotationOrigin": [ -0.3811, -0.1792, -2.4748 ],
					"rotationX": 17.0,
					"rotationY": -72.0,
					"rotationZ": 75.0,
					"faces": {
						"north": { "texture": "#normal7-12", "uv": [ 9.0, 0.0, 9.5, 1.0 ], "rotation": 270, "autoUv": false},
						"east": { "texture": "#normal7-12", "uv": [ 9.0, 0.0, 9.5, 1.0 ], "rotation": 270},
						"south": { "texture": "#normal7-12", "uv": [ 9.0, 0.0, 9.5, 1.0 ], "rotation": 270},
						"west": { "texture": "#normal7-12", "uv": [ 9.0, 0.0, 9.5, 1.0 ], "rotation": 270},
						"up": { "texture": "#normal7-12", "uv": [ 11.0, 1.0, 12.5, 2.5 ], "autoUv": false},
						"down": { "texture": "#normal7-12", "uv": [ 10.0, 4.0, 11.0, 5.0 ]}
					},
					"children": [
						{
							"name": "flowerN7",
							"from": [ 0.0, 0.27, -0.405 ],
							"to": [ 1.215, 0.27, 0.0 ],
							"rotationOrigin": [ 0.675, 0.27, 0.0 ],
							"rotationX": 9.0,
							"faces": {
								"up": { "texture": "#normal7-12", "uv": [ 8.0, 4.0, 8.43, 5.52 ], "rotation": 270, "autoUv": false}
							}
						},
						{
							"name": "flowerS7",
							"from": [ -0.135, 0.27, 1.08 ],
							"to": [ 1.08, 0.27, 1.485 ],
							"rotationOrigin": [ 0.54, 0.27, 1.08 ],
							"rotationX": -9.0,
							"faces": {
								"up": { "texture": "#normal7-12", "uv": [ 8.0, 4.0, 8.33, 5.52 ], "rotation": 90, "autoUv": false}
							}
						},
						{
							"name": "flowerW7",
							"from": [ -0.405, 0.27, -0.135 ],
							"to": [ 0.0, 0.27, 1.08 ],
							"rotationOrigin": [ 0.0, 0.27, 0.54 ],
							"rotationZ": -9.0,
							"faces": {
								"up": { "texture": "#normal7-12", "uv": [ 8.0, 4.0, 8.33, 5.52 ], "rotation": 180, "autoUv": false}
							}
						},
						{
							"name": "flowerE7",
							"from": [ 1.08, 0.27, 0.0 ],
							"to": [ 1.485, 0.27, 1.215 ],
							"rotationOrigin": [ 1.08, 0.27, 0.54 ],
							"rotationZ": 9.0,
							"faces": {
								"up": { "texture": "#normal7-12", "uv": [ 8.0, 4.2, 8.33, 5.22 ], "autoUv": false}
							}
						}
					]
				}
			]
		}
	]}