{
  "code": "basicmachinerideableaccessories",
  "class": "ItemBasicEngineBatteryVM",
  "enabled": true,

  "variantgroups": [
    {
      "code": "type",
      "states": [ "enginebattery" ]
    },
    {
      "code": "variant",
      "states": [ "basic", "advanced", "mastercraft" ]
    }
  ],
  //"skipVariants": [ "*-underwater-*" ],

  "attributes": {
    "handbook": {
      "groupBy": [ "basicmachinerideableaccessories-enginebattery-*" ]
    },
    "attachableToEntityByType": {
      "*": {
        //"texturePrefixCode": "temporalassembly-{mode}-{type}",
        "categoryCode": "basicmachinebatteryslot",
        "attachedShapeBySlotCode": {
          "Battery Slot": { "base": "entities/rideableaccessories/basic/shapemachinebasic-enginebattery-{variant}" }
        }
      }
    }
  },

  "behaviors": [
    {
      "name": "GroundStorable",
      "properties": {
        "layout": "SingleCenter"
      }
    }
  ],

  "maxstacksize": 1,

  "creativeinventory": {
    "general": [ "*" ],
    "items": [ "*" ],
    "viescraftmachines": [ "*" ]
  },

  "shapeByType": {
    "*": { "base": "items/rideableaccessories/basic/shapemachinebasic-enginebattery-{variant}" }
  },
  "texturesByType": {
    "*": {
      "default": { "base": "default" },
      "frame": { "base": "entities/machines/frame" },
      "panel": { "base": "entities/machines/panelbasic" },
      "metal": { "base": "entities/machines/metalbasic" },
      "cloth": { "base": "entities/machines/clothbasic" },
      "cupronickel1": { "base": "game:block/metal/sheet/cupronickel1" },
      "gold": { "base": "game:block/metal/plate/gold" },
      "lead": { "base": "game:block/metal/sheet-plain/lead1" },
      "rustyglow": { "base": "game:block/machine/statictranslocator/rustyglow" }
    }
  },

  "materialDensity": 600,

  "guiTransform": {
    "translation": {
      "x": 0,
      "y": 0,
      "z": 0
    },
    "rotation": {
      "x": 154,
      "y": -38,
      "z": 0
    },
    "origin": {
      "x": 0.5,
      "y": 0.1,
      "z": 0.5
    },
    "scale": 3
  },
  "tpHandTransform": {
    "translation": {
      "x": -1.01,
      "y": -0.44,
      "z": -0.185
    },
    "rotation": {
      "x": 95,
      "y": 175,
      "z": 77
    },
    "scale": 1
  },
  "groundTransform": {
    "translation": {
      "x": 0,
      "y": 0.37,
      "z": 0
    },
    "rotation": {
      "x": 0,
      "y": 0,
      "z": 0
    },
    "origin": {
      "x": 0.5,
      "y": 0.5,
      "z": 0.5299
    },
    "scale": 3.5
  }
}
