{
  "code": "basicmachinerideableaccessories",
  "class": "ItemBasicLockingKeyVM",
  "enabled": true,

  "variantgroups": [
    {
      "code": "type",
      "states": [ "lockingkey" ]
    }
  ],
  //"skipVariants": [ "*-underwater-*" ],

  "behaviors": [
    {
      "name": "GroundStorable",
      "properties": {
        "layout": "Quadrants",
        "collisionBox": {
          "x1": 0,
          "y1": 0,
          "z1": 0,
          "x2": 1,
          "y2": 0.125,
          "z2": 1
        }
      }
    }
  ],

  "shapeByType": {
    "*": { "base": "items/shapelockingkey" }
  },
  "texturesByType": {
    "*": {
      "default": { "base": "default" },
      "obsidian": { "base": "game:block/stone/rock/obsidian1" },
      "metalstatic": { "base": "game:block/metal/ingot/copper" },
      "framestatic": { "base": "game:block/metal/ingot/copper" },
      "connector": { "base": "items/parts/connector" }
    }
  },

  "creativeinventory": {
    "general": [ "*" ],
    "items": [ "*" ],
    "viescraftmachines": [ "*" ]
  },

  "maxstacksize": 1,

  "materialDensity": 900,

  "attributes": {
    "groundStorageTransform": {
      "rotation": {
        "x": 0,
        "y": 45,
        "z": 0
      },
      "translation": {
        "x": 0,
        "y": -0.125,
        "z": 0
      },
      "scale": 0.75
    },
    "attachableToEntityByType": {
      "*": {
        //"texturePrefixCode": "temporalassembly-{mode}-{type}",
        "categoryCode": "basicmachinelockingkey",
        "attachedShapeBySlotCode": {
          "Locking Slot": { "base": "entities/rideableaccessories/basic/shapemachinebasic-lockingkey" }
        }
      }
    }
  },

  "guiTransform": {
    "translation": {
      "x": 0,
      "y": 0,
      "z": 0
    },
    "rotation": {
      "x": 73,
      "y": 166,
      "z": 22
    },
    "origin": {
      "x": 0.46,
      "y": -0.1,
      "z": 0.42
    },
    "scale": 3
  },
  "fpHandTransform": {
    "translation": {
      "x": -0.5,
      "y": -0.3,
      "z": 0
    },
    "rotation": {
      "x": 10,
      "y": -160,
      "z": -93
    },
    "scale": 1.75
  },
  "tpHandTransform": {
    "translation": {
      "x": -1.4,
      "y": -1.4,
      "z": -0.7
    },
    "rotation": {
      "x": -84,
      "y": 28,
      "z": -180
    },
    "scale": 0.44
  },
  "groundTransform": {
    "translation": {
      "x": 0,
      "y": 0.25,
      "z": 0
    },
    "rotation": {
      "x": 0,
      "y": 0,
      "z": 0
    },
    "origin": {
      "x": 0.5,
      "y": 0.5,
      "z": 0.5299
    },
    "scale": 2.50
  }
}