{
  "code": "basicmachinerideableaccessories",
  "class": "ItemBasicRidingSeatVM",
  "enabled": true,

  "variantgroups": [
    {
      "code": "type",
      "states": [ "ridingseat" ]
    }
  ],
  //"skipVariants": [ "*-underwater-*" ],

  "attributes": {
    "handbook": {
      "groupBy": [ "basicmachinerideableaccessories-ridingseat" ]
    },
    "groundStorageTransform": {
      "translation": {
        "x": 0,
        "y": 0,
        "z": 0.35
      }
    },
    "attachableToEntityByType": {
      "*": {
        //"texturePrefixCode": "temporalassembly-{mode}-{type}",
        "categoryCode": "basicmachineridingseat",
        "attachedShapeBySlotCode": {
          "Utility Slot": { "base": "entities/rideableaccessories/basic/shapemachinebasic-ridingseat" }
        },
        "seatConfig": {
          "controllable": false,
          "bodyYawLimit": 0.25,
          "mountOffset": {
            "x": 0.135,
            "y": 0,
            "z": 0
          },
          "eyeHeight": 1,
          "reverse": true
        }
      }
    }
  },

  "behaviors": [
    {
      "name": "GroundStorable",
      "properties": {
        "layout": "SingleCenter"
      }
    }
  ],

  "maxstacksize": 1,

  "creativeinventory": {
    "general": [ "*" ],
    "items": [ "*" ],
    "viescraftmachines": [ "*" ]
  },

  "shapeByType": {
    "*": { "base": "items/rideableaccessories/basic/shapemachinebasic-ridingseat" }
  },
  "texturesByType": {
    "*": {
      "default": { "base": "default" },
      "frame": { "base": "entities/machines/frame" },
      "panel": { "base": "entities/machines/panelbasic" },
      "metal": { "base": "entities/machines/metalbasic" },
      "cloth": { "base": "entities/machines/clothbasic" }
    }
  },

  "materialDensity": 600,

  "guiTransform": {
    "translation": {
      "x": 0,
      "y": 0,
      "z": 20
    },
    "rotation": {
      "x": 140,
      "y": 131,
      "z": 12
    },
    "origin": {
      "x": 0.75,
      "y": 0.34,
      "z": 0.2
    },
    "scale": 1.45
  },
  "tpHandTransform": {
    "translation": {
      "x": -1.16,
      "y": -0.7,
      "z": -0.27
    },
    "rotation": {
      "x": 100,
      "y": 166,
      "z": 77
    },
    "scale": 1
  },
  "groundTransform": {
    "translation": {
      "x": 0,
      "y": 0.37,
      "z": 0
    },
    "rotation": {
      "x": 0,
      "y": 0,
      "z": 0
    },
    "origin": {
      "x": 0.5,
      "y": 0.5,
      "z": 0.5299
    },
    "scale": 3.5
  }
}
