{
  "code": "basicmachinerideableaccessories",
  "class": "ItemBasicSpeedAdapterVM",
  "enabled": true,

  "variantgroups": [
    {
      "code": "type",
      "states": [ "speedadapter" ]
    },
    {
      "code": "variant",
      "states": [ "basic", "advanced", "mastercraft" ]
    }
  ],
  "skipVariants": [ "*-advanced", "*-mastercraft" ],

  "attributes": {
    "handbook": {
      "groupBy": [ "basicmachinerideableaccessories-speedadapter-*" ]
    },
    "groundStorageTransform": {
      "translation": {
        "x": 0,
        "y": -0.1,
        "z": 0.15
      },
      "scale": 0.75
    },
    "attachableToEntityByType": {
      "*": {
        //"texturePrefixCode": "temporalassembly-{mode}-{type}",
        "categoryCode": "basicmachinespeedadapter",
        "attachedShapeBySlotCode": {
          "Utility Slot": { "base": "entities/rideableaccessories/basic/shapemachinebasic-speedadapter" }
        }
      }
    }
  },

  "behaviors": [
    {
      "name": "GroundStorable",
      "properties": {
        "layout": "SingleCenter"
      }
    }
  ],

  "maxstacksize": 1,

  "creativeinventory": {
    "general": [ "*" ],
    "items": [ "*" ],
    "viescraftmachines": [ "*" ]
  },

  "shapeByType": {
    "*-basic": { "base": "items/rideableaccessories/basic/shapemachinebasic-speedadapter" },
    "*-advanced": { "base": "items/rideableaccessories/basic/shapemachinebasic-speedadapter" },
    "*-mastercraft": { "base": "items/rideableaccessories/basic/shapemachinebasic-speedadapter" }
  },
  "texturesByType": {
    "*": {
      "default": { "base": "default" },
      "frame": { "base": "entities/machines/frame" },
      "panel": { "base": "entities/machines/panelbasic" },
      "metal": { "base": "entities/machines/metalbasic" },
      "cloth": { "base": "entities/machines/clothbasic" },

      "rustyglow": { "base": "game:block/machine/statictranslocator/rustyglow" },

      "rustyglowon": { "base": "game:block/machine/statictranslocator/rustyglow" },
      "rustyglowoff": { "base": "game:block/machine/statictranslocator/rusty" },

      "gold": { "base": "game:block/metal/plate/gold" },
      "lead2": { "base": "game:block/metal/sheet-plain/lead2" },
      "cupronickel1": { "base": "game:block/metal/sheet/cupronickel1" },
      "bituminous": { "base": "game:block/coal/bituminous" },
      "quartzglass": { "base": "game:block/glass/quartzglass" },
      "cupronickel12": { "base": "game:block/metal/sheet-plain/cupronickel1" },
      "gold2": { "base": "game:block/metal/sheet-plain/gold2" },
      "ebony": { "base": "game:block/wood/debarked/ebony" },
      "gold1": { "base": "game:block/metal/sheet-plain/gold1" },
      "temporal": { "base": "game:item/resource/temporalgear" },
      "lead": { "base": "game:block/metal/sheet-plain/lead1" },
      "tarnished-bronze": { "base": "game:block/metal/tarnished/tarnished-bronze" },
      "whitemarble2": { "base": "game:block/stone/rock/whitemarble1" },
      "patternscrolls": { "base": "game:block/machine/patternscrolls" },
      "plain": { "base": "game:block/wood/carved/acacia/normal/plain1" }
    }
  },

  "materialDensity": 600,

  "guiTransform": {
    "translation": {
      "x": -0,
      "y": 1,
      "z": 20
    },
    "rotation": {
      "x": 140,
      "y": 131,
      "z": 12
    },
    "origin": {
      "x": 0.55,
      "y": 0.34,
      "z": 0.2
    }
  },
  "tpHandTransform": {
    "translation": {
      "x": -1.16,
      "y": -0.7,
      "z": -0.27
    },
    "rotation": {
      "x": 100,
      "y": 166,
      "z": 77
    },
    "scale": 0.75
  },
  "groundTransform": {
    "translation": {
      "x": 0,
      "y": 0.37,
      "z": 0
    },
    "rotation": {
      "x": 0,
      "y": 0,
      "z": 0
    },
    "origin": {
      "x": 0.5,
      "y": 0.5,
      "z": 0.5299
    },
    "scale": 3.5
  }
}
