{
  "code": "basicmachinerideableaccessories",
  "class": "ItemBasicStorageContainerVM",
  "enabled": true,

  "variantgroups": [
    {
      "code": "type",
      "states": [ "storagecontainer" ]
    },
    {
      "code": "variant",
      "states": [ "basic", "advanced", "mastercraft" ]
    }
  ],
  //"skipVariants": [ "*-underwater-*" ],

  "attributes": {
    "handbook": {
      "groupBy": [ "basicmachinerideableaccessories-storagecontainer-*" ]
    },
    "groundStorageTransform": {
      "translation": {
        "x": 0,
        "y": -0.1,
        "z": 0
      },
      "scale": 0.75
    },
    "attachableToEntityByType": {
      "*": {
        //"texturePrefixCode": "temporalassembly-{mode}-{type}",
        "categoryCode": "basicmachinestoragecontainer",
        "attachedShapeBySlotCode": {
          "Utility Slot": { "base": "entities/rideableaccessories/basic/shapemachinebasic-storagecontainer-{variant}" }
        }
      }
    },
    "backpackByType": {
      "*-basic": { "quantitySlots": 8 },
      "*-advanced": { "quantitySlots": 12 },
      "*-mastercraft": { "quantitySlots": 16 }
    }
  },

  "behaviors": [
    {
      "name": "GroundStorable",
      "properties": {
        "layout": "SingleCenter"
      }
    },
    { "name": "HeldBag" }
  ],

  "maxstacksize": 1,

  "creativeinventory": {
    "general": [ "*" ],
    "items": [ "*" ],
    "viescraftmachines": [ "*" ]
  },

  "shapeByType": {
    "*": { "base": "items/rideableaccessories/basic/shapemachinebasic-storagecontainer-{variant}" }
  },
  "texturesByType": {
    "*": {
      "default": { "base": "default" },
      "frame": { "base": "entities/machines/frame" },
      "panel": { "base": "entities/machines/panelbasic" },
      "metal": { "base": "entities/machines/metalbasic" },
      "cloth": { "base": "entities/machines/clothbasic" },

      "cupronickel1": { "base": "game:block/metal/sheet/cupronickel1" },
      "lead": { "base": "game:block/metal/sheet-plain/lead1" },
      "gold": { "base": "game:block/metal/plate/gold" },
      "rustyglow": { "base": "game:block/machine/statictranslocator/rustyglow" },

      "rusty-iron": { "base": "game:block/metal/tarnished/rusty-iron" },

      "sides2": { "base": "game:block/wood/trunk/sides" },
      "lid": { "base": "game:block/wood/trunk/lid" },
      "accessories": { "base": "game:block/wood/trunk/accessories" },

      "storagechest-top": { "base": "game:block/wood/chest/golden-aged/top" },
      "storagechest-sides2": { "base": "game:block/wood/chest/golden-aged/sides2" },
      "storagechest-sides1": { "base": "game:block/wood/chest/golden-aged/sides1" },
      "storagechest-inside": { "base": "game:block/wood/chest/golden-aged/inside" }
    }
  },

  "materialDensity": 600,

  "guiTransform": {
    "translation": {
      "x": 0,
      "y": 0,
      "z": 20
    },
    "rotation": {
      "x": 140,
      "y": 131,
      "z": 12
    },
    "origin": {
      "x": 0.2,
      "y": 0,
      "z": 0.2
    },
    "scale": 1.25
  },
  "tpHandTransform": {
    "translation": {
      "x": -1.06,
      "y": -0.7,
      "z": -0.3
    },
    "rotation": {
      "x": 100,
      "y": 166,
      "z": 77
    },
    "scale": 0.75
  },
  "groundTransform": {
    "translation": {
      "x": 0,
      "y": 0.37,
      "z": 0
    },
    "rotation": {
      "x": 0,
      "y": 0,
      "z": 0
    },
    "origin": {
      "x": 0.5,
      "y": 0.5,
      "z": 0.5299
    },
    "scale": 3.5
  }
}
