{
  "code": "basicmachinerideableaccessories",
  "class": "ItemBasicTemporalAssemblyVM",
  "enabled": true,

  "variantgroups": [
    {
      "code": "type",
      "states": [ "temporalassembly" ]
    },
    {
      "code": "variant",
      "states": [ "basic", "advanced", "mastercraft" ]
    }
  ],
  //"skipVariants": [ "*-underwater-*" ],

  "attributes": {
    "handbook": {
      "groupBy": [ "basicmachinerideableaccessories-temporalassembly-*" ]
    },
    "groundStorageTransform": {
      "translation": {
        "x": 0,
        "y": -0.19,
        "z": 0
      },
      "scale": 0.65
    },
    "attachableToEntityByType": {
      "*-basic": {
        //"texturePrefixCode": "temporalassembly-{mode}-{type}",
        "categoryCode": "basicmachinetemporalassembly",
        "attachedShapeBySlotCode": {
          "Temporal Assembly Slot": { "base": "entities/rideableaccessories/basic/shapemachinebasic-temoralassembly-basic" }
        }
      },
      "*-advanced": {
        //"texturePrefixCode": "temporalassembly-{mode}-{type}",
        "categoryCode": "basicmachinetemporalassembly",
        "attachedShapeBySlotCode": {
          "Temporal Assembly Slot": { "base": "entities/rideableaccessories/basic/shapemachinebasic-temoralassembly-advanced" }
        }
      },
      "*-mastercraft": {
        //"texturePrefixCode": "temporalassembly-{mode}-{type}",
        "categoryCode": "basicmachinetemporalassembly",
        "attachedShapeBySlotCode": {
          "Temporal Assembly Slot": { "base": "entities/rideableaccessories/basic/shapemachinebasic-temoralassembly-mastercraft" }
        }
      }
    }
  },

  "behaviors": [
    {
      "name": "GroundStorable",
      "properties": {
        "layout": "SingleCenter"
      }
    }
  ],

  "maxstacksize": 1,

  "creativeinventory": {
    "general": [ "*" ],
    "items": [ "*" ],
    "viescraftmachines": [ "*" ]
  },

  "shapeByType": {
    "*-basic": { "base": "items/rideableaccessories/basic/shapemachinebasic-temoralassembly-basic" },
    "*-advanced": { "base": "items/rideableaccessories/basic/shapemachinebasic-temoralassembly-advanced" },
    "*-mastercraft": { "base": "items/rideableaccessories/basic/shapemachinebasic-temoralassembly-mastercraft" }
  },
  "texturesByType": {
    "*-basic": {
      "default": { "base": "default" },
      "obsidian": { "base": "entities/machines/frame" },
      "frame": { "base": "entities/machines/frame" },
      "frame2": { "base": "game:block/metal/plate/brass" },
      "metal": { "base": "entities/machines/frame" },
      "connector": { "base": "items/parts/connector" },
      "filament": { "base": "game:block/machine/statictranslocator/rustyglow" },
      "filament2": { "base": "game:block/machine/statictranslocator/rustyglow" },
      "rustyglow": { "base": "game:block/machine/statictranslocator/rusty" },
      //"runewriting": { "base": "items/runewritingdarter" },
      "runewriting": { "base": "default" },
      "vintageglass": { "base": "game:block/glass/vintage" },
      "gold": { "base": "game:block/metal/plate/gold" }
    },
    "*-advanced": {
      "default": { "base": "default" },
      "obsidian": { "base": "entities/machines/frame" },
      "frame": { "base": "entities/machines/frame" },
      "frame2": { "base": "game:block/metal/plate/brass" },
      "metal": { "base": "entities/machines/frame" },
      "connector": { "base": "items/parts/connector" },
      "filament": { "base": "game:block/machine/statictranslocator/rustyglow" },
      "filament2": { "base": "game:block/machine/statictranslocator/rustyglow" },
      "rustyglow": { "base": "game:block/machine/statictranslocator/rusty" },
      //"runewriting": { "base": "items/runewritingcarrier" },
      "runewriting": { "base": "default" },
      "vintageglass": { "base": "game:block/glass/vintage" },
      "gold": { "base": "game:block/metal/plate/gold" }
    },
    "*-mastercraft": {
      "default": { "base": "default" },
      "obsidian": { "base": "entities/machines/frame" },
      "frame": { "base": "entities/machines/frame" },
      "frame2": { "base": "game:block/metal/plate/brass" },
      "metal": { "base": "entities/machines/frame" },
      "connector": { "base": "items/parts/connector" },
      "filament": { "base": "game:block/machine/statictranslocator/rustyglow" },
      "filament2": { "base": "game:block/machine/statictranslocator/rustyglow" },
      "rustyglow": { "base": "game:block/machine/statictranslocator/rusty" },
      //"runewriting": { "base": "items/runewritinghauler" },
      "runewriting": { "base": "default" },
      "vintageglass": { "base": "game:block/glass/vintage" },
      "gold": { "base": "game:block/metal/plate/gold" }
    },



    "*": {
      "default": { "base": "default" },
      "obsidian": { "base": "entities/machines/frame" },
      "frame": { "base": "entities/machines/frame" },
      "frame2": { "base": "game:block/metal/plate/brass" },
      "metal": { "base": "entities/machines/frame" },
      "connector": { "base": "items/parts/connector" },
      "filament": { "base": "color-red" },
      "rustyglow": { "base": "game:block/machine/statictranslocator/rusty" },
      "runewriting": { "base": "items/runewritingdarter" },
      "vintageglass": { "base": "game:block/glass/vintage" },
      "gold": { "base": "game:block/metal/plate/gold" }
    }
  },

  "materialDensity": 600,

  "guiTransform": {
    "translation": {
      "x": 2.5,
      "y": 0,
      "z": 0
    },
    "rotation": {
      "x": 90,
      "y": 0,
      "z": 0
    },
    "origin": {
      "x": 0.5,
      "y": 0,
      "z": 0.5
    },
    "scale": 1.5
  },
  "fpHandTransform": {
    "translation": {
      "x": 0.05,
      "y": -0.1,
      "z": 0
    },
    "rotation": {
      "x": 125,
      "y": 119,
      "z": -88
    },
    "scale": 1.5
  },
  "groundTransform": {
    "translation": {
      "x": 0,
      "y": 0.2,
      "z": 0
    },
    "rotation": {
      "x": 0,
      "y": 0,
      "z": 0
    },
    "origin": {
      "x": 0.5,
      "y": 0.5,
      "z": 0.5299
    },
    "scale": 2.01
  },
  "tpHandTransform": {
    "translation": {
      "x": -1.6,
      "y": -1,
      "z": -0.45
    },
    "rotation": {
      "x": 13,
      "y": -170,
      "z": 68
    },
    "scale": 0.56
  }

}