{
	"editor": {
		"backDropShape": "C:/Users/Cal/AppData/Roaming/VintagestoryData/Mods/koboldplayerrdx_1.1.6/assets/koboldrdx/shapes/entity/humanoid/kobold-faceless",
		"collapsedPaths": "Root/LowerTorso",
		"allAngles": true,
		"entityTextureMode": true
	},
	"textureWidth": 32,
	"textureHeight": 76,
	"textureSizes": {
		"koboldbodytex": [64,64]
	},
	"textures": {
		"koboldbodytex": "koboldrdx:textures/entity/humanoid/koboldbodytex"
	},
	"elements": [
		{
			"name": "monoboob",
			"stepParentName": "Chest",
			"from": [ 0.0, -0.4, 0.1 ],
			"to": [ 3.0, 1.6, 6.1 ],
			"unwrapMode": 2,
			"autoUnwrap": false,
			"uv": [ 30.5, 3.375 ],
			"rotationOrigin": [ -1.0, 0.3, 0.0 ],
			"rotationZ": 55.0,
			"faces": {
				"north": { "texture": "#koboldbodytex", "uv": [ 44.0, 5.5, 46.0, 8.5 ], "rotation": 270, "windMode": [-1,-1,-1,-1], "windData": [0,0,0,0] },
				"east": { "texture": "#null", "uv": [ 3.0, 6.0, 9.0, 8.0 ], "enabled": false },
				"south": { "texture": "#koboldbodytex", "uv": [ 52.0, 5.5, 54.0, 8.5 ], "rotation": 90, "windMode": [-1,-1,-1,-1], "windData": [0,0,0,0] },
				"west": { "texture": "#koboldbodytex", "uv": [ 46.0, 8.0, 52.0, 10.0 ], "windMode": [-1,-1,-1,-1], "windData": [0,0,0,0] },
				"up": { "texture": "#koboldbodytex", "uv": [ 46.0, 5.5, 52.0, 8.5 ], "rotation": 90, "windMode": [-1,-1,-1,-1], "windData": [0,0,0,0] },
				"down": { "texture": "#null", "uv": [ 3.0, 0.0, 6.0, 6.0 ], "enabled": false }
			}
		}
	]}