{
	"editor": {
		"collapsedPaths": "Root/origin/handle,Root/origin/Large gear 2,Root/origin/Large gear 1,Root/origin/segment end",
		"allAngles": false,
		"entityTextureMode": false
	},
	"textureWidth": 16,
	"textureHeight": 16,
	"textureSizes": {
	},
	"textures": {
		"head": "game:block/metal/plate/meteoriciron",
		"handle": "game:block/wood/debarked/oak"
	},
	"elements": [
		{
			"name": "Halberd",
			"from": [ 2.0, -0.25, 7.75 ],
			"to": [ 2.0, -0.25, 7.75 ],
			"rotationOrigin": [ 2.0, 0.0, 8.0 ],
			"rotationX": 180.0,
			"faces": {
				"north": { "texture": "#handle", "uv": [ 0.0, 0.0, 0.5, 0.5 ] },
				"east": { "texture": "#handle", "uv": [ 0.0, 0.0, 0.5, 0.5 ] },
				"south": { "texture": "#handle", "uv": [ 0.0, 0.0, 0.5, 0.5 ] },
				"west": { "texture": "#handle", "uv": [ 0.0, 0.0, 0.5, 0.5 ] },
				"up": { "texture": "#handle", "uv": [ 0.0, 0.0, 0.5, 0.5 ] },
				"down": { "texture": "#handle", "uv": [ 0.0, 0.0, 0.5, 0.5 ] }
			},
			"children": [
				{
					"name": "Shaft",
					"from": [ 0.0, 0.0, 0.0 ],
					"to": [ 0.0, 0.0, 0.0 ],
					"faces": {
						"north": { "texture": "#head", "uv": [ 0.0, 0.0, 0.5, 0.5 ] },
						"east": { "texture": "#head", "uv": [ 0.0, 0.0, 0.5, 0.5 ] },
						"south": { "texture": "#head", "uv": [ 0.0, 0.0, 0.5, 0.5 ] },
						"west": { "texture": "#head", "uv": [ 0.0, 0.0, 0.5, 0.5 ] },
						"up": { "texture": "#head", "uv": [ 0.0, 0.0, 0.5, 0.5 ] },
						"down": { "texture": "#head", "uv": [ 0.0, 0.0, 0.5, 0.5 ] }
					},
					"children": [
						{
							"name": "handle_1",
							"from": [ -8.0, -0.5, -0.5 ],
							"to": [ 7.0, 1.0, 1.0 ],
							"rotationOrigin": [ -9.5, -8.0, 0.0 ],
							"faces": {
								"north": { "texture": "#handle", "uv": [ 0.0, 5.5, 15.0, 7.0 ] },
								"east": { "texture": "#handle", "uv": [ 7.0, 0.5, 8.5, 2.0 ] },
								"south": { "texture": "#handle", "uv": [ 0.0, 10.5, 15.0, 12.0 ] },
								"west": { "texture": "#handle", "uv": [ 14.0, 10.0, 15.5, 11.5 ] },
								"up": { "texture": "#handle", "uv": [ 0.0, 4.5, 15.0, 6.0 ] },
								"down": { "texture": "#handle", "uv": [ 0.0, 5.0, 15.0, 6.5 ] }
							}
						},
						{
							"name": "handle_2",
							"from": [ -24.0, -0.5, -0.5 ],
							"to": [ -8.0, 1.0, 1.0 ],
							"rotationOrigin": [ -25.5, -8.0, 0.0 ],
							"faces": {
								"north": { "texture": "#handle", "uv": [ 0.0, 5.5, 16.0, 7.0 ] },
								"east": { "texture": "#handle", "uv": [ 0.5, 0.5, 2.0, 2.0 ] },
								"south": { "texture": "#handle", "uv": [ 0.0, 10.5, 16.0, 12.0 ] },
								"west": { "texture": "#handle", "uv": [ 14.0, 10.0, 15.5, 11.5 ] },
								"up": { "texture": "#handle", "uv": [ 0.0, 4.5, 16.0, 6.0 ] },
								"down": { "texture": "#handle", "uv": [ 0.0, 5.0, 16.0, 6.5 ] }
							}
						},
						{
							"name": "handle_3",
							"from": [ -40.0, -0.5, -0.5 ],
							"to": [ -24.0, 1.0, 1.0 ],
							"rotationOrigin": [ -40.5, 0.0, 0.0 ],
							"faces": {
								"north": { "texture": "#handle", "uv": [ 0.0, 7.5, 16.0, 9.0 ] },
								"east": { "texture": "#handle", "uv": [ 0.0, 3.5, 1.5, 5.0 ] },
								"south": { "texture": "#handle", "uv": [ 0.0, 9.0, 16.0, 10.5 ] },
								"west": { "texture": "#handle", "uv": [ 13.5, 3.5, 15.0, 5.0 ] },
								"up": { "texture": "#handle", "uv": [ 0.0, 4.5, 16.0, 6.0 ] },
								"down": { "texture": "#handle", "uv": [ 0.0, 13.5, 16.0, 15.0 ] }
							}
						},
						{
							"name": "handle_4",
							"from": [ -42.0, -0.5, -0.5 ],
							"to": [ -40.0, 1.0, 1.0 ],
							"rotationOrigin": [ -42.5, 0.0, 0.0 ],
							"faces": {
								"north": { "texture": "#handle", "uv": [ 0.0, 11.5, 2.0, 13.0 ] },
								"east": { "texture": "#handle", "uv": [ 0.5, 11.5, 2.0, 13.0 ] },
								"south": { "texture": "#handle", "uv": [ 1.0, 11.5, 3.0, 13.0 ] },
								"west": { "texture": "#handle", "uv": [ 14.5, 2.5, 16.0, 4.0 ] },
								"up": { "texture": "#handle", "uv": [ 3.0, 11.5, 5.0, 13.0 ] },
								"down": { "texture": "#handle", "uv": [ 13.5, 11.5, 15.5, 13.0 ] }
							}
						}
					]
				},
				{
					"name": "Head",
					"from": [ -3.0, 0.0, 0.0 ],
					"to": [ -3.0, 0.0, 0.0 ],
					"rotationOrigin": [ -3.0, 0.0, 0.0 ],
					"faces": {
						"north": { "texture": "#head", "uv": [ 0.0, 0.0, 0.5, 0.5 ] },
						"east": { "texture": "#head", "uv": [ 0.0, 0.0, 0.5, 0.5 ] },
						"south": { "texture": "#head", "uv": [ 0.0, 0.0, 0.5, 0.5 ] },
						"west": { "texture": "#head", "uv": [ 0.0, 0.0, 0.5, 0.5 ] },
						"up": { "texture": "#head", "uv": [ 0.0, 0.0, 0.5, 0.5 ] },
						"down": { "texture": "#head", "uv": [ 0.0, 0.0, 0.5, 0.5 ] }
					},
					"children": [
						{
							"name": "Nail_0",
							"from": [ 9.0, 0.0, -0.6 ],
							"to": [ 9.5, 0.5, 1.1 ],
							"rotationOrigin": [ 9.0, 0.0, -0.6 ],
							"faces": {
								"north": { "texture": "#head", "uv": [ 1.0, 14.0, 1.5, 14.5 ] },
								"east": { "texture": "#head", "uv": [ 4.0, 0.0, 5.5, 0.5 ] },
								"south": { "texture": "#head", "uv": [ 5.5, 1.0, 6.0, 1.5 ] },
								"west": { "texture": "#head", "uv": [ 1.5, 0.0, 3.0, 0.5 ] },
								"up": { "texture": "#head", "uv": [ 4.0, 0.0, 5.5, 0.5 ], "rotation": 90 },
								"down": { "texture": "#head", "uv": [ 0.0, 1.5, 0.5, 3.0 ] }
							}
						},
						{
							"name": "Nail_1",
							"from": [ 6.0, 0.0, -0.6 ],
							"to": [ 6.5, 0.5, 1.1 ],
							"rotationOrigin": [ 6.0, 0.0, -0.6 ],
							"faces": {
								"north": { "texture": "#head", "uv": [ 1.0, 14.0, 1.5, 14.5 ] },
								"east": { "texture": "#head", "uv": [ 4.0, 0.0, 5.5, 0.5 ] },
								"south": { "texture": "#head", "uv": [ 5.5, 1.0, 6.0, 1.5 ] },
								"west": { "texture": "#head", "uv": [ 1.5, 0.0, 3.0, 0.5 ] },
								"up": { "texture": "#head", "uv": [ 4.0, 0.0, 5.5, 0.5 ], "rotation": 90 },
								"down": { "texture": "#head", "uv": [ 0.0, 1.5, 0.5, 3.0 ] }
							}
						},
						{
							"name": "blade_1",
							"from": [ 2.4, -0.7, 0.1 ],
							"to": [ 11.9, 0.8, 0.4 ],
							"rotationOrigin": [ 2.4, -0.7, 0.1 ],
							"faces": {
								"north": { "texture": "#head", "uv": [ 1.0, 3.5, 10.5, 5.0 ] },
								"east": { "texture": "#head", "uv": [ 1.0, 2.0, 1.5, 3.5 ] },
								"south": { "texture": "#head", "uv": [ 2.5, 4.5, 12.0, 6.0 ] },
								"west": { "texture": "#head", "uv": [ 6.0, 2.0, 6.5, 3.5 ] },
								"up": { "texture": "#head", "uv": [ 9.0, 2.5, 9.5, 12.0 ], "rotation": 90 },
								"down": { "texture": "#head", "uv": [ 4.0, 3.0, 13.5, 3.5 ] }
							},
							"children": [
								{
									"name": "blade_0",
									"from": [ 5.0, 1.5, 0.01 ],
									"to": [ 9.5, 6.5, 0.29 ],
									"rotationOrigin": [ 9.5, 1.5, -0.01 ],
									"rotationZ": 10.0,
									"faces": {
										"north": { "texture": "#head", "uv": [ 1.0, 3.5, 5.5, 8.5 ] },
										"east": { "texture": "#head", "uv": [ 1.0, 2.0, 1.5, 7.0 ] },
										"south": { "texture": "#head", "uv": [ 2.5, 4.5, 7.0, 9.5 ] },
										"west": { "texture": "#head", "uv": [ 6.0, 2.0, 6.5, 7.0 ] },
										"up": { "texture": "#head", "uv": [ 9.0, 2.5, 9.5, 7.0 ], "rotation": 90 },
										"down": { "texture": "#head", "uv": [ 4.0, 3.0, 8.5, 3.5 ] }
									},
									"children": [
										{
											"name": "blade_5",
											"from": [ -5.5, 1.0, 0.01 ],
											"to": [ 0.0, 5.0, 0.29 ],
											"rotationOrigin": [ 0.0, 5.0, -0.02 ],
											"rotationX": 0.0,
											"rotationY": 0.0,
											"rotationZ": 10.0,
											"faces": {
												"north": { "texture": "#head", "uv": [ 1.0, 3.5, 6.5, 7.5 ] },
												"east": { "texture": "#head", "uv": [ 1.0, 2.0, 1.5, 6.0 ] },
												"south": { "texture": "#head", "uv": [ 2.5, 4.5, 8.0, 8.5 ] },
												"west": { "texture": "#head", "uv": [ 6.0, 2.0, 6.5, 6.0 ] },
												"up": { "texture": "#head", "uv": [ 9.0, 2.5, 9.5, 8.0 ], "rotation": 90 },
												"down": { "texture": "#head", "uv": [ 4.0, 3.0, 9.5, 3.5 ] }
											}
										}
									]
								},
								{
									"name": "blade_2",
									"from": [ 9.5, 0.5, 0.01 ],
									"to": [ 15.8, 1.0, 0.29 ],
									"rotationOrigin": [ 9.5, 0.5, 0.0 ],
									"faces": {
										"north": { "texture": "#head", "uv": [ 1.0, 3.5, 7.0, 4.0 ] },
										"east": { "texture": "#head", "uv": [ 1.0, 2.0, 1.5, 2.5 ] },
										"south": { "texture": "#head", "uv": [ 2.5, 4.5, 8.5, 5.0 ] },
										"west": { "texture": "#head", "uv": [ 6.0, 2.0, 6.5, 2.5 ] },
										"up": { "texture": "#head", "uv": [ 9.0, 2.5, 9.5, 8.5 ], "rotation": 90 },
										"down": { "texture": "#head", "uv": [ 4.0, 3.0, 10.0, 3.5 ] }
									}
								},
								{
									"name": "blade_3",
									"from": [ 9.5, 0.0, 0.0 ],
									"to": [ 19.0, 0.5, 0.3 ],
									"rotationOrigin": [ 9.5, 0.0, -0.01 ],
									"rotationZ": 3.0,
									"faces": {
										"north": { "texture": "#head", "uv": [ 1.0, 3.5, 10.5, 4.0 ] },
										"east": { "texture": "#head", "uv": [ 1.0, 2.0, 1.5, 2.5 ] },
										"south": { "texture": "#head", "uv": [ 2.5, 4.5, 12.0, 5.0 ] },
										"west": { "texture": "#head", "uv": [ 6.0, 2.0, 6.5, 2.5 ] },
										"up": { "texture": "#head", "uv": [ 9.0, 2.5, 9.5, 12.0 ], "rotation": 90 },
										"down": { "texture": "#head", "uv": [ 4.0, 3.0, 13.5, 3.5 ] }
									}
								},
								{
									"name": "blade_4",
									"from": [ 9.5, 1.0, 0.0 ],
									"to": [ 19.0, 1.5, 0.3 ],
									"rotationOrigin": [ 9.5, 1.5, 0.0 ],
									"rotationZ": -3.0,
									"faces": {
										"north": { "texture": "#head", "uv": [ 1.0, 3.5, 10.5, 4.0 ] },
										"east": { "texture": "#head", "uv": [ 1.0, 2.0, 1.5, 2.5 ] },
										"south": { "texture": "#head", "uv": [ 2.5, 4.5, 12.0, 5.0 ] },
										"west": { "texture": "#head", "uv": [ 6.0, 2.0, 6.5, 2.5 ] },
										"up": { "texture": "#head", "uv": [ 9.0, 2.5, 9.5, 12.0 ], "rotation": 90 },
										"down": { "texture": "#head", "uv": [ 4.0, 3.0, 13.5, 3.5 ] }
									}
								},
								{
									"name": "blade_6",
									"from": [ 9.0, -3.0, 0.01 ],
									"to": [ 9.5, 0.0, 0.29 ],
									"rotationOrigin": [ 9.5, -3.0, -0.01 ],
									"faces": {
										"north": { "texture": "#head", "uv": [ 1.0, 3.5, 1.5, 6.5 ] },
										"east": { "texture": "#head", "uv": [ 1.0, 2.0, 1.5, 5.0 ] },
										"south": { "texture": "#head", "uv": [ 2.5, 4.5, 3.0, 7.5 ] },
										"west": { "texture": "#head", "uv": [ 6.0, 2.0, 6.5, 5.0 ] },
										"up": { "texture": "#head", "uv": [ 9.0, 2.5, 9.5, 3.0 ], "rotation": 90 },
										"down": { "texture": "#head", "uv": [ 4.0, 3.0, 4.5, 3.5 ] }
									},
									"children": [
										{
											"name": "blade_7",
											"from": [ 0.0, 0.0, 0.01 ],
											"to": [ 0.5, 2.5, 0.27 ],
											"rotationOrigin": [ 0.0, 0.0, -0.02 ],
											"rotationX": 0.0,
											"rotationY": 0.0,
											"rotationZ": 11.0,
											"faces": {
												"north": { "texture": "#head", "uv": [ 1.0, 3.5, 1.5, 6.0 ] },
												"east": { "texture": "#head", "uv": [ 1.0, 2.0, 1.5, 4.5 ] },
												"south": { "texture": "#head", "uv": [ 2.5, 4.5, 3.0, 7.0 ] },
												"west": { "texture": "#head", "uv": [ 6.0, 2.0, 6.5, 4.5 ] },
												"up": { "texture": "#head", "uv": [ 9.0, 2.5, 9.5, 3.0 ], "rotation": 90 },
												"down": { "texture": "#head", "uv": [ 4.0, 3.0, 4.5, 3.5 ] }
											},
											"children": [
												{
													"name": "blade_8",
													"from": [ 0.0, 2.5, 0.0 ],
													"to": [ 1.0, 4.5, 0.26 ],
													"rotationOrigin": [ 0.0, 2.5, -0.03 ],
													"rotationX": 0.0,
													"rotationY": 0.0,
													"rotationZ": 0.0,
													"faces": {
														"north": { "texture": "#head", "uv": [ 1.0, 3.5, 2.0, 5.5 ] },
														"east": { "texture": "#head", "uv": [ 1.0, 2.0, 1.5, 4.0 ] },
														"south": { "texture": "#head", "uv": [ 2.5, 4.5, 3.5, 6.5 ] },
														"west": { "texture": "#head", "uv": [ 6.0, 2.0, 6.5, 4.0 ] },
														"up": { "texture": "#head", "uv": [ 9.0, 2.5, 9.5, 3.5 ], "rotation": 90 },
														"down": { "texture": "#head", "uv": [ 4.0, 3.0, 5.0, 3.5 ] }
													}
												}
											]
										}
									]
								}
							]
						},
						{
							"name": "Nail_2",
							"from": [ 2.9, 0.0, -0.6 ],
							"to": [ 3.4, 0.5, 1.1 ],
							"rotationOrigin": [ 2.9, 0.0, -0.6 ],
							"faces": {
								"north": { "texture": "#head", "uv": [ 1.0, 14.0, 1.5, 14.5 ] },
								"east": { "texture": "#head", "uv": [ 4.0, 0.0, 5.5, 0.5 ] },
								"south": { "texture": "#head", "uv": [ 5.5, 1.0, 6.0, 1.5 ] },
								"west": { "texture": "#head", "uv": [ 1.5, 0.0, 3.0, 0.5 ] },
								"up": { "texture": "#head", "uv": [ 4.0, 0.0, 5.5, 0.5 ], "rotation": 90 },
								"down": { "texture": "#head", "uv": [ 0.0, 1.5, 0.5, 3.0 ] }
							}
						}
					]
				}
			]
		}
	]}