[
    {
        "ingredientPattern": "P__,PS_,_PP",
        "ingredients": {
            "P": {
                "type": "item",
                "code": "game:plank-*",
                "name": "wood",
                "quantity": 1,
                "skipVariants": [
                    "aged"
                ]
            },
            "S": {
                "type": "item",
                "code": "game:saw-*",
                "isTool": true,
                "toolDurabilityCost": 0
            }
        },
        "width": 3,
        "height": 3,
        "shapeless": false,
        "output": {
            "type": "block",
            "code": "morefloors:arrowedparquet-{wood}-n",
            "quantity": 1
        }
    },
    {
        "ingredientPattern": "B__,BS_,_BB",
        "ingredients": {
            "B": {
                "type": "item",
                "code": "game:bamboostakes"
            },
            "S": {
                "type": "item",
                "code": "game:saw-*",
                "isTool": true,
                "toolDurabilityCost": 0
            }
        },
        "width": 3,
        "height": 3,
        "shapeless": false,
        "output": {
            "type": "block",
            "code": "morefloors:arrowedparquet-bamboo-n",
            "quantity": 1
        }
    }
]