[
    {
        "ingredientPattern": "PP_,PS_,__P",
        "ingredients": {
            "P": {
                "type": "item",
                "code": "game:plank-*",
                "name": "wood",
                "quantity": 1,
                "skipVariants": [
                    "aged",
                    "acacia",
                    "baldcypress",
                    "bamboo",
                    "ebony",
                    "kapok",
                    "larch",
                    "purpleheart",
                    "redwood",
                    "walnut"
                ]
            },
            "S": {
                "type": "item",
                "code": "game:saw-*",
                "isTool": true,
                "toolDurabilityCost": 0
            }
        },
        "width": 3,
        "height": 3,
        "shapeless": false,
        "output": {
            "type": "block",
            "code": "morefloors:brickbond-{wood}-n",
            "quantity": 1
        }
    }
]