[
    {
        "ingredientPattern": "_P_,PSP,_P_",
        "ingredients": {
            "P": {
                "type": "item",
                "code": "game:plank-*",
                "name": "wood",
                "quantity": 1,
                "skipVariants": [
                    "aged"
                ]
            },
            "S": {
                "type": "item",
                "code": "game:saw-*",
                "isTool": true,
                "toolDurabilityCost": 0
            }
        },
        "width": 3,
        "height": 3,
        "shapeless": false,
        "output": {
            "type": "block",
            "code": "morefloors:complexsquare-{wood}",
            "quantity": 1
        }
    },
    {
        "ingredientPattern": "_B_,BSB,_B_",
        "ingredients": {
            "B": {
                "type": "item",
                "code": "game:bamboostakes"
            },
            "S": {
                "type": "item",
                "code": "game:saw-*",
                "isTool": true,
                "toolDurabilityCost": 0
            }
        },
        "width": 3,
        "height": 3,
        "shapeless": false,
        "output": {
            "type": "block",
            "code": "morefloors:complexsquare-bamboo",
            "quantity": 1
        }
    }
]