{
    "ingredientPattern": "P_P,_S_,P_P",
    "ingredients": {
        "P": {
            "type": "item",
            "code": "game:plank-*",
            "name": "wood",
            "quantity": 1,
            "skipVariants": [
                "aged",
                "acacia",
                "kapok",
                "baldcypress",
                "larch",
                "redwood",
                "ebony",
                "purpleheart",
                "walnut"
            ]
        },
        "S": {
            "type": "item",
            "code": "game:saw-*",
            "isTool": true,
            "toolDurabilityCost": 0
        }
    },
    "width": 3,
    "height": 3,
    "shapeless": false,
    "output": {
        "type": "block",
        "code": "morefloors:diagonalplanks-{wood}-n",
        "quantity": 1
    }
}