{
	"code": "cartsideboard",

	"variantgroups": [
		{
			"code": "type",
			"states": [
				"cloth", "leather"
			]
		},
		{
			"code": "material",
			"states": [
				"white",
				"black",
				"brown",
				"green",
				"blue",
				"orange",
				"red",
				"yellow",
				"purple",
				"pink",
				"gray",
				"normal"
			]
		}
	],
	"attributesByType": {
		"*": {
			"attachableToEntity": {
				"texturePrefixCode": "",
				"categoryCodeByType": {
					"*": "cartsideboards"
				},
				"attachedShapeBySlotCodeByType": {
					"*": {
						"*storage*": { "base": "item/cartsideboard/cartsideboard-cloth-inventory" },
						"*lanket*": { "base": "item/cartsideboard/cartsideboard-cloth-divider" },
						"*ight*": { "base": "item/cartsideboard/cartsideboard-cloth" }
					}
				}
			}
		}
	},
	"behaviorsByType": {
		"*": [
			{
				"name": "GroundStorable",
				"properties": {
					"layout": "Stacking",
					"stackingModel": "item/cartsideboard/cartsideboard-cloth-stacking",
					"selectionBox": {"x1": 0, "y1": 0, "z1": 0, "x2": 1, "y2": 0.0625, "z2": 1},
		      "collisionBox": {"x1": 0, "y1": 0, "z1": 0, "x2": 1, "y2": 0.0625, "z2": 1},
					"cbScaleYByLayer": 1,
					"stackingCapacity": 16,
					"modelItemsToStackSizeRatio": 30
				}
			}
		]
	},
	"shapeByType": {
		"*": { "base": "item/cartsideboard/cartsideboard-cloth-inventory" }
	},
	"texturesByType": {
		"*cloth*": {
			"canopycolor6": { "base": "game:block/cloth/basic/{material}*" },
			"canopycolor5": { "base": "game:block/cloth/linen/{material}*" },
			"oak-h": { "base": "game:block/wood/bark/oak-h" },
			"mordant": { "base": "game:block/cloth/linen/mordant" },
			"mordant2": { "base": "game:block/cloth/pelt" }
		},
		"*leather*": {
			"canopycolor6": { "base": "game:block/cloth/linen/{material}*" },
			"canopycolor5": { "base": "game:block/leather/{material}*" },
			"oak-h": { "base": "game:block/wood/bark/oak-h" },
			"mordant": { "base": "game:block/cloth/linen/mordant" },
			"mordant2": { "base": "game:block/cloth/pelt" }
		}
	},
	"heldTpIdleAnimationByType": {
		"*": "holdbothhands"
	},
	"maxStackSize": 8,
	"creativeinventory": {
		"general": [ "*" ],
		"cartwrightscaravan": [
			"*"
		]
	},
	"renderAlphaTest": 0.25,
	"guiTransformByType": {
		"*": {
			"translation": {
				"x": 0,
				"y": 0,
				"z": 0
			},
			"rotation": {
				"x": 139,
				"y": -24,
				"z": -10
			},
			"origin": {
				"x": 0.56,
				"y": 0.1,
				"z": 0.5899
			},
			"scaleXyz": {
				"x": -1.2,
				"y": 1.2,
				"z": 1.2
			}
		}

	}

}	


