{
	"code": "cartsidetent",

	"variantgroups": [
		{
			"code": "type",
			"states": [
				"cloth"
			]
		},
		{
			"code": "form",
			"states": [
				"high",
				"low"
			]
		},
		{
			"code": "material",
			"states": [
				"white",
				"black",
				"brown",
				"green",
				"blue",
				"orange",
				"red",
				"yellow",
				"purple",
				"pink",
				"gray",
				"normal"
			]
		}
	],
	"attributesByType": {
		"*": {

			"attachableToEntity": {
				"texturePrefixCode": "",
				"categoryCodeByType": {
					"*": "cartside"
				},
				"attachedShapeBySlotCodeByType": {
					"*": {
						"*-smallstall*": { "base": "item/sidetent/cartsidetent-cloth-stall-{form}" },
						"*storage*": { "base": "item/sidetent/cartsidetent-{form}-inventory" },
						"*ight*": { "base": "item/sidetent/cartsidetent-{form}" }
					}
				}
			}
		}
	},
	"behaviorsByType": {
		"*": [
			{ "name": "GroundStorable" }
		]
	},
	"shapeByType": {
		"*": { "base": "item/sidetent/cartsidetent-{form}-inventory" }
	},
	"texturesByType": {
		"*sidetent*": {
			"canopycolor4": { "base": "game:block/cloth/basic/{material}*" },
			"canopycolor3": { "base": "game:block/cloth/linen/{material}*" },
			"oak-h": { "base": "game:block/wood/bark/oak-h" },
			"canopyitemcolor": { "base": "game:block/cloth/basic/{material}*" },
			"oak": { "base": "game:block/wood/debarked/oak" },
			"oak1": { "base": "game:block/wood/planks/oak1" },
			"mordant": { "base": "game:block/cloth/linen/mordant" },
			"mordant2": { "base": "game:block/cloth/pelt" }
		}
	},
	"heldTpIdleAnimationByType": {
		"*": "holdbothhands"
	},
	"maxStackSize": 8,
	"creativeinventory": {
		"general": [ "*" ],
		"cartwrightscaravan": [
			"*"
		]
	},
	"renderAlphaTest": 0.25,
	"guiTransformByType": {
		"*high*": {
			"translation": {
				"x": 0,
				"y": 0,
				"z": 0
			},
			"rotation": {
				"x": 139,
				"y": -62,
				"z": -14
			},
			"origin": {
				"x": 0.56,
				"y": 0.1,
				"z": 0.59
			},
			"scale": 1.4
		},
		"*": {
			"translation": {
				"x": 0,
				"y": 0,
				"z": 0
			},
			"rotation": {
				"x": 139,
				"y": -62,
				"z": -14
			},
			"origin": {
				"x": 0.56,
				"y": 0.1,
				"z": 0.4899
			},
			"scaleXyz": {
				"x": -1.4,
				"y": 1.4,
				"z": 1.4
			}
		}

	}

}	


