{
	"enabled": false,
	"code": "cartsstorage",
	"variantgroups": [
		{
			"code": "type",
			"states": [
				"mining",
				"farming",
				"butchery",
				"clothing",
				"alchemy"
			]
		}
	],
	"allowVariants": [
		"*"
	],
	"attributes": {
		"attachableToEntity": {
			"categoryCodeByType": {
				"*": "chest"
			},
			"attachedShapeByType": {
				"*": { "base": "item/storage/typedchest" }

			}
		},
		"backpackByType": {
				"*-mining": { "quantitySlots": 24, "storageFlags": 4, "slotBgColor": "#c2ffe8" },
				"*-farming": { "quantitySlots": 24, "storageFlags": 32, "slotBgColor": "#baff8f" },
				"*-butchery": { "quantitySlots": 4, "storageFlags": 2048, "slotBgColor": "#ffc2d9" },
				"*-clothing": { "quantitySlots": 24, "storageFlags": 136, "slotBgColor": "#f8ffc2" },
				"*-alchemy": { "quantitySlots": 24, "storageFlags": 16, "slotBgColor": "#e8c2ff" }
		},
		"interactPassthroughByType": {
			"cartsstorage-*": false
		}

	},
	"behaviorsByType": {
		"*": [
			{ "name": "HeldBag" },
			{ "name": "GroundStorable" }
		]
	},

	"shapeByType": {
		"*": { "base": "item/storage/typedchest" }
	},
	"texturesByType": {
		"*": {
			"blackbronze4": { "base": "game:block/metal/sheet/blackbronze4" },
			"bottom": { "base": "game:block/wood/barrel/bottom" },
			"aged34": { "base": "game:block/wood/debarked/aged" }
		}
	},
	"heldTpIdleAnimationByType": {
		"*": "holdbothhands"
	},
	"maxStackSize": 16,
	"creativeinventory": {
		"general": [ "*" ],
		"cartwrightscaravan": [ "*" ]
	},
	"renderAlphaTest": 0.25,
	"guiTransformByType": {
		"*": {
			"rotation": {
				"x": -30,
				"y": -44,
				"z": 0
			},
			"origin": {
				"x": 0.05,
				"y": 0.9,
				"z": 0
			},
			"scale": 0.97

		}
	}

}	