{
	"editor": {
		"backDropShape": "C:/Users/Cal/Desktop/boobold",
		"allAngles": true,
		"entityTextureMode": true
	},
	"textureWidth": 64,
	"textureHeight": 64,
	"textureSizes": {
	},
	"textures": {
		"material": "entity/humanoid/serapharmor/brigandine/bismuthbronze"
	},
	"elements": [
		{
			"name": "ArmorUpperLegR",
			"stepParentName": "UpperFootR",
			"from": [ -0.3, -0.5, -0.4 ],
			"to": [ 4.5, 9.5, 3.6 ],
			"uv": [ 15.5, 34.5 ],
			"rotationOrigin": [ -0.3, -0.5, -0.4 ],
			"faces": {
				"north": { "texture": "#material", "uv": [ 15.5, 38.5, 20.0, 48.5 ] },
				"east": { "texture": "#material", "uv": [ 20.0, 38.5, 24.0, 48.5 ] },
				"south": { "texture": "#material", "uv": [ 24.0, 38.5, 28.5, 48.5 ] },
				"west": { "texture": "#material", "uv": [ 28.5, 38.5, 32.5, 48.5 ] },
				"up": { "texture": "#material", "uv": [ 15.5, 34.5, 20.0, 38.5 ] },
				"down": { "texture": "#material", "uv": [ 20.0, 34.5, 24.5, 38.5 ] }
			}
		},
		{
			"name": "ArmorUpperLegL",
			"stepParentName": "UpperFootL",
			"from": [ -0.3, -0.5, -0.4 ],
			"to": [ 4.5, 9.5, 3.6 ],
			"uv": [ 0.0, 34.5 ],
			"rotationOrigin": [ -0.3, -0.5, -0.4 ],
			"faces": {
				"north": { "texture": "#material", "uv": [ 0.0, 38.5, 4.5, 48.5 ] },
				"east": { "texture": "#material", "uv": [ 4.5, 38.5, 8.5, 48.5 ] },
				"south": { "texture": "#material", "uv": [ 8.5, 38.5, 13.0, 48.5 ] },
				"west": { "texture": "#material", "uv": [ 13.0, 38.5, 17.0, 48.5 ] },
				"up": { "texture": "#material", "uv": [ 0.0, 34.5, 4.5, 38.5 ] },
				"down": { "texture": "#material", "uv": [ 4.5, 34.5, 9.0, 38.5 ] }
			}
		},
		{
			"name": "ArmorLowerLegR",
			"stepParentName": "LowerFootR",
			"from": [ -0.4, -0.2, -0.35 ],
			"to": [ 3.6, 6.3, 3.35 ],
			"uv": [ 16.0, 48.5 ],
			"rotationOrigin": [ -0.4, -0.2, -0.5 ],
			"faces": {
				"north": { "texture": "#material", "uv": [ 16.0, 52.0, 20.0, 58.5 ] },
				"east": { "texture": "#material", "uv": [ 20.0, 52.0, 23.5, 58.5 ] },
				"south": { "texture": "#material", "uv": [ 23.5, 52.0, 27.5, 58.5 ] },
				"west": { "texture": "#material", "uv": [ 27.5, 52.0, 31.0, 58.5 ] },
				"up": { "texture": "#material", "uv": [ 16.0, 48.5, 20.0, 52.0 ] },
				"down": { "texture": "#material", "uv": [ 20.0, 48.5, 24.0, 52.0 ] }
			}
		},
		{
			"name": "ArmorLowerLegL",
			"stepParentName": "LowerFootL",
			"from": [ -0.4, -0.2, -0.35 ],
			"to": [ 3.6, 6.3, 3.35 ],
			"uv": [ 0.0, 48.5 ],
			"rotationOrigin": [ -0.4, -0.2, -0.5 ],
			"faces": {
				"north": { "texture": "#material", "uv": [ 0.0, 52.0, 4.0, 58.5 ] },
				"east": { "texture": "#material", "uv": [ 4.0, 52.0, 7.5, 58.5 ] },
				"south": { "texture": "#material", "uv": [ 7.5, 52.0, 11.5, 58.5 ] },
				"west": { "texture": "#material", "uv": [ 11.5, 52.0, 15.0, 58.5 ] },
				"up": { "texture": "#material", "uv": [ 0.0, 48.5, 4.0, 52.0 ] },
				"down": { "texture": "#material", "uv": [ 4.0, 48.5, 8.0, 52.0 ] }
			}
		},
		{
			"name": "Tail1gam",
			"stepParentName": "Tail1",
			"from": [ 0.0, -0.3, -0.2 ],
			"to": [ 7.15, 4.2, 4.22 ],
			"autoUnwrap": false,
			"uv": [ 4.5, 40.5 ],
			"rotationOrigin": [ 0.0, 0.2, -0.2 ],
			"faces": {
				"north": { "texture": "#material", "uv": [ 4.5, 44.5, 11.5, 49.0 ] },
				"east": { "texture": "#material", "uv": [ 11.5, 44.5, 15.5, 49.0 ] },
				"south": { "texture": "#material", "uv": [ 15.5, 44.5, 22.5, 49.0 ] },
				"west": { "texture": "#material", "uv": [ 13.0, 40.5, 17.0, 45.0 ] },
				"up": { "texture": "#material", "uv": [ 4.5, 40.5, 11.5, 44.5 ], "rotation": 180 },
				"down": { "texture": "#material", "uv": [ 11.5, 40.5, 18.5, 44.5 ] }
			}
		},
		{
			"name": "Tail2gam",
			"stepParentName": "Tail2",
			"from": [ -0.05, -0.15, -0.2 ],
			"to": [ 5.15, 3.65, 3.6 ],
			"uv": [ 5.5, 39.5 ],
			"rotationOrigin": [ 0.0, 0.4, -0.2 ],
			"faces": {
				"north": { "texture": "#material", "uv": [ 5.5, 43.0, 10.5, 46.5 ] },
				"east": { "texture": "#material", "uv": [ 10.5, 43.0, 14.0, 46.5 ] },
				"south": { "texture": "#material", "uv": [ 14.0, 43.0, 19.0, 46.5 ] },
				"west": { "texture": "#material", "uv": [ 19.0, 43.0, 22.5, 46.5 ] },
				"up": { "texture": "#material", "uv": [ 5.5, 39.5, 10.5, 43.0 ] },
				"down": { "texture": "#material", "uv": [ 10.5, 39.5, 15.5, 43.0 ] }
			}
		},
		{
			"name": "Tail3gam",
			"stepParentName": "Tail3",
			"from": [ -0.05, -0.15, -0.1 ],
			"to": [ 5.15, 3.15, 3.1 ],
			"uv": [ 7.5, 40.0 ],
			"rotationOrigin": [ 0.0, 0.4, 0.0 ],
			"faces": {
				"north": { "texture": "#material", "uv": [ 7.5, 43.0, 12.5, 46.0 ] },
				"east": { "texture": "#material", "uv": [ 12.5, 43.0, 15.5, 46.0 ] },
				"south": { "texture": "#material", "uv": [ 15.5, 43.0, 20.5, 46.0 ] },
				"west": { "texture": "#material", "uv": [ 20.5, 43.0, 23.5, 46.0 ] },
				"up": { "texture": "#material", "uv": [ 7.5, 40.0, 12.5, 43.0 ] },
				"down": { "texture": "#material", "uv": [ 12.5, 40.0, 17.5, 43.0 ] }
			}
		},
		{
			"name": "Tail4gam",
			"stepParentName": "Tail4",
			"from": [ 0.05, -0.15, -0.1 ],
			"to": [ 4.75, 2.15, 2.1 ],
			"uv": [ 10.5, 43.5 ],
			"rotationOrigin": [ 0.0, 0.4, 0.0 ],
			"faces": {
				"north": { "texture": "#material", "uv": [ 10.5, 45.5, 15.0, 47.5 ] },
				"east": { "texture": "#material", "uv": [ 15.0, 45.5, 17.0, 47.5 ] },
				"south": { "texture": "#material", "uv": [ 17.0, 45.5, 21.5, 47.5 ] },
				"west": { "texture": "#material", "uv": [ 21.5, 45.5, 23.5, 47.5 ] },
				"up": { "texture": "#material", "uv": [ 10.5, 43.5, 15.0, 45.5 ] },
				"down": { "texture": "#material", "uv": [ 15.0, 43.5, 19.5, 45.5 ] }
			}
		}
	]}