{
	code: "boulder",
	class: "EntityProjectile",
	hitboxSize: { x: 1.5, y: 1.5 },
	attributes: {
		isProjectile: true
	},
	client: {
		"renderer": "Shape",
		"shape": { "base": "item/boulder" },
		"behaviors": [
			{
				"code": "passivephysics",
				"groundDragFactor": 0.1,
				"airDragFactor": 0.25,
				"gravityFactor": 1.25
			},
			{ "code": "interpolateposition" }
		]
	},
	server: {
		behaviors: [
			{ 
				code: "passivephysics", 
				groundDragFactor: 0.1,
				airDragFactor: 0.25,
				gravityFactor: 1.25
			}, 
			{ code: "despawn", minSeconds: 600 }
		]
	},
	sounds: { }
}