{
	"editor": {
		"allAngles": false,
		"entityTextureMode": false
	},
	"textureWidth": 16,
	"textureHeight": 16,
	"textureSizes": {
	},
	"textures": {
	},
	"elements": [
		{
			"name": "Bottom",
			"from": [ 2.0, 0.0, 2.0 ],
			"to": [ 6.0, 1.0, 6.0 ],
			"rotationOrigin": [ 4.0, 0.0, 4.0 ],
			"faces": {
				"up": { "texture": "#ceramic", "uv": [ 8.0, 10.0, 12.0, 14.0 ] },
				"down": { "texture": "#ceramic", "uv": [ 1.0, 11.0, 5.0, 15.0 ] }
			},
			"children": [
				{
					"name": "Side N bottom",
					"from": [ -1.0, 0.0, -1.0 ],
					"to": [ 5.0, 4.5, 0.0 ],
					"rotationOrigin": [ -6.0, 0.0, -6.0 ],
					"faces": {
						"north": { "texture": "#bottom", "uv": [ 5.0, 11.5, 11.0, 16.0 ] },
						"east": { "texture": "#bottom", "uv": [ 10.0, 11.5, 11.0, 16.0 ] },
						"south": { "texture": "#ceramic", "uv": [ 0.0, 7.0, 6.0, 11.5 ] },
						"west": { "texture": "#bottom", "uv": [ 5.0, 11.5, 6.0, 16.0 ] },
						"down": { "texture": "#bottom", "uv": [ 0.0, 10.0, 6.0, 11.0 ] }
					}
				},
				{
					"name": "Side S bottom",
					"from": [ -1.0, 0.0, 4.0 ],
					"to": [ 5.0, 4.5, 5.0 ],
					"rotationOrigin": [ -6.0, 0.0, -6.0 ],
					"faces": {
						"north": { "texture": "#ceramic", "uv": [ 4.0, 7.0, 10.0, 11.5 ] },
						"east": { "texture": "#bottom", "uv": [ 5.0, 11.5, 6.0, 16.0 ] },
						"south": { "texture": "#bottom", "uv": [ 5.0, 11.5, 11.0, 16.0 ] },
						"west": { "texture": "#bottom", "uv": [ 10.0, 11.5, 11.0, 16.0 ] },
						"down": { "texture": "#bottom", "uv": [ 0.0, 15.0, 6.0, 16.0 ] }
					}
				},
				{
					"name": "Side W bottom",
					"from": [ -1.0, 0.0, 0.0 ],
					"to": [ 0.0, 4.5, 4.0 ],
					"rotationOrigin": [ -6.0, 0.0, -6.0 ],
					"faces": {
						"east": { "texture": "#ceramic", "uv": [ 8.5, 7.0, 12.5, 11.5 ] },
						"west": { "texture": "#bottom", "uv": [ 6.0, 11.5, 10.0, 16.0 ] },
						"down": { "texture": "#bottom", "uv": [ 5.0, 11.0, 6.0, 15.0 ] }
					}
				},
				{
					"name": "Side E bottom",
					"from": [ 4.0, 0.0, 0.0 ],
					"to": [ 5.0, 4.5, 4.0 ],
					"rotationOrigin": [ -6.0, 0.0, -6.0 ],
					"faces": {
						"east": { "texture": "#bottom", "uv": [ 6.0, 11.5, 10.0, 16.0 ] },
						"west": { "texture": "#ceramic", "uv": [ 12.0, 7.0, 16.0, 11.5 ] },
						"down": { "texture": "#bottom", "uv": [ 0.0, 11.0, 1.0, 15.0 ] }
					}
				},
				{
					"name": "Side N top",
					"from": [ -1.0, 4.5, -1.0 ],
					"to": [ 5.0, 7.0, 0.0 ],
					"rotationOrigin": [ -6.0, 0.0, -6.0 ],
					"faces": {
						"north": { "texture": "#top", "uv": [ 5.0, 8.5, 11.0, 11.0 ] },
						"east": { "texture": "#top", "uv": [ 10.0, 8.5, 11.0, 11.0 ] },
						"south": { "texture": "#ceramic", "uv": [ 0.0, 9.0, 6.0, 11.5 ] },
						"west": { "texture": "#top", "uv": [ 5.0, 8.5, 6.0, 11.0 ] },
						"up": { "texture": "#top", "uv": [ 5.0, 6.0, 11.0, 7.0 ], "rotation": 180 }
					}
				},
				{
					"name": "Side S top",
					"from": [ -1.0, 4.5, 4.0 ],
					"to": [ 5.0, 7.0, 5.0 ],
					"rotationOrigin": [ -6.0, 0.0, -6.0 ],
					"faces": {
						"north": { "texture": "#ceramic", "uv": [ 4.0, 9.0, 10.0, 11.5 ] },
						"east": { "texture": "#top", "uv": [ 5.0, 8.5, 6.0, 11.0 ] },
						"south": { "texture": "#top", "uv": [ 5.0, 8.5, 11.0, 11.0 ] },
						"west": { "texture": "#top", "uv": [ 10.0, 8.5, 11.0, 11.0 ] },
						"up": { "texture": "#top", "uv": [ 5.0, 6.0, 11.0, 7.0 ] }
					}
				},
				{
					"name": "Side W top",
					"from": [ -1.0, 4.5, 0.0 ],
					"to": [ 0.0, 7.0, 4.0 ],
					"rotationOrigin": [ -6.0, 0.0, -6.0 ],
					"faces": {
						"east": { "texture": "#ceramic", "uv": [ 8.5, 9.0, 12.5, 11.5 ] },
						"west": { "texture": "#top", "uv": [ 6.0, 8.5, 10.0, 11.0 ] },
						"up": { "texture": "#top", "uv": [ 6.5, 6.0, 10.5, 7.0 ], "rotation": 90 }
					}
				},
				{
					"name": "Side E top",
					"from": [ 4.0, 4.5, 0.0 ],
					"to": [ 5.0, 7.0, 4.0 ],
					"rotationOrigin": [ -6.0, 0.0, -6.0 ],
					"faces": {
						"east": { "texture": "#top", "uv": [ 6.0, 8.5, 10.0, 11.0 ] },
						"west": { "texture": "#ceramic", "uv": [ 12.0, 9.0, 16.0, 11.5 ] },
						"up": { "texture": "#top", "uv": [ 6.5, 6.0, 10.5, 7.0 ], "rotation": 270 }
					}
				}
			]
		}
	]}