{
	"editor": {
		"collapsedPaths": "Root/ORIGINsaddlebags/StrawBedBody",
		"allAngles": true,
		"entityTextureMode": false
	},
	"textureWidth": 16,
	"textureHeight": 16,
	"textureSizes": {
	},
	"textures": {
	},
	"elements": [
		{
			"name": "Floor",
			"from": [ 2.5, 0.0, 2.5 ],
			"to": [ 5.5, 1.0, 5.5 ],
			"rotationOrigin": [ 2.5, 0.0, 2.5 ],
			"faces": {
				"north": { "texture": "#metal", "uv": [ 0.0, 0.0, 3.0, 1.0 ] },
				"east": { "texture": "#metal", "uv": [ 0.0, 0.0, 3.0, 1.0 ] },
				"south": { "texture": "#metal", "uv": [ 0.0, 0.0, 3.0, 1.0 ] },
				"west": { "texture": "#metal", "uv": [ 0.0, 0.0, 3.0, 1.0 ] },
				"up": { "texture": "#metal", "uv": [ 0.0, 0.0, 3.0, 3.0 ] },
				"down": { "texture": "#metal", "uv": [ 0.0, 0.0, 3.0, 3.0 ] }
			},
			"children": [
				{
					"name": "W",
					"from": [ -1.0, 0.0, 0.0 ],
					"to": [ 0.0, 6.0, 3.0 ],
					"rotationOrigin": [ -1.0, 0.0, 0.0 ],
					"faces": {
						"north": { "texture": "#metal", "uv": [ 0.0, 0.0, 1.0, 6.0 ] },
						"east": { "texture": "#metal", "uv": [ 0.0, 0.0, 3.0, 6.0 ] },
						"south": { "texture": "#metal", "uv": [ 0.0, 0.0, 1.0, 6.0 ] },
						"west": { "texture": "#metal", "uv": [ 0.0, 0.0, 3.0, 6.0 ] },
						"up": { "texture": "#metal", "uv": [ 0.0, 0.0, 1.0, 3.0 ] },
						"down": { "texture": "#metal", "uv": [ 0.0, 0.0, 1.0, 3.0 ] }
					}
				},
				{
					"name": "E",
					"from": [ 3.0, 0.0, 0.0 ],
					"to": [ 4.0, 6.0, 3.0 ],
					"rotationOrigin": [ 3.0, 0.0, 0.0 ],
					"faces": {
						"north": { "texture": "#metal", "uv": [ 0.0, 0.0, 1.0, 6.0 ] },
						"east": { "texture": "#metal", "uv": [ 0.0, 0.0, 3.0, 6.0 ] },
						"south": { "texture": "#metal", "uv": [ 0.0, 0.0, 1.0, 6.0 ] },
						"west": { "texture": "#metal", "uv": [ 0.0, 0.0, 3.0, 6.0 ] },
						"up": { "texture": "#metal", "uv": [ 0.0, 0.0, 1.0, 3.0 ] },
						"down": { "texture": "#metal", "uv": [ 0.0, 0.0, 1.0, 3.0 ] }
					}
				},
				{
					"name": "N",
					"from": [ -1.0, 0.0, -1.0 ],
					"to": [ 4.0, 6.0, 0.0 ],
					"rotationOrigin": [ -1.0, 0.0, -1.0 ],
					"faces": {
						"north": { "texture": "#metal", "uv": [ 0.0, 0.0, 5.0, 6.0 ] },
						"east": { "texture": "#metal", "uv": [ 0.0, 0.0, 1.0, 6.0 ] },
						"south": { "texture": "#metal", "uv": [ 0.0, 0.0, 5.0, 6.0 ] },
						"west": { "texture": "#metal", "uv": [ 0.0, 0.0, 1.0, 6.0 ] },
						"up": { "texture": "#metal", "uv": [ 0.0, 0.0, 5.0, 1.0 ] },
						"down": { "texture": "#metal", "uv": [ 0.0, 0.0, 5.0, 1.0 ] }
					}
				},
				{
					"name": "S",
					"from": [ -1.0, 0.0, 3.0 ],
					"to": [ 4.0, 6.0, 4.0 ],
					"rotationOrigin": [ -1.0, 0.0, 3.0 ],
					"faces": {
						"north": { "texture": "#metal", "uv": [ 0.0, 0.0, 5.0, 6.0 ] },
						"east": { "texture": "#metal", "uv": [ 0.0, 0.0, 1.0, 6.0 ] },
						"south": { "texture": "#metal", "uv": [ 0.0, 0.0, 5.0, 6.0 ] },
						"west": { "texture": "#metal", "uv": [ 0.0, 0.0, 1.0, 6.0 ] },
						"up": { "texture": "#metal", "uv": [ 0.0, 0.0, 5.0, 1.0 ] },
						"down": { "texture": "#metal", "uv": [ 0.0, 0.0, 5.0, 1.0 ] }
					}
				},
				{
					"name": "W Handle",
					"from": [ -2.0, 4.0, 3.0 ],
					"to": [ -1.0, 4.5, 3.5 ],
					"rotationOrigin": [ -2.0, 4.0, 3.0 ],
					"faces": {
						"north": { "texture": "#metal", "uv": [ 0.0, 0.0, 1.0, 0.5 ] },
						"east": { "texture": "#metal", "uv": [ 0.0, 0.0, 0.5, 0.5 ] },
						"south": { "texture": "#metal", "uv": [ 0.0, 0.0, 1.0, 0.5 ] },
						"west": { "texture": "#metal", "uv": [ 0.0, 0.0, 0.5, 0.5 ] },
						"up": { "texture": "#metal", "uv": [ 0.0, 0.0, 1.0, 0.5 ] },
						"down": { "texture": "#metal", "uv": [ 0.0, 0.0, 1.0, 0.5 ] }
					},
					"children": [
						{
							"name": "Cube10",
							"from": [ 0.0, 0.0, -3.0 ],
							"to": [ 0.5, 0.5, 0.0 ],
							"rotationOrigin": [ 0.0, 0.0, -3.0 ],
							"faces": {
								"north": { "texture": "#metal", "uv": [ 0.0, 0.0, 0.5, 0.5 ] },
								"east": { "texture": "#metal", "uv": [ 0.0, 0.0, 3.0, 0.5 ] },
								"south": { "texture": "#metal", "uv": [ 0.0, 0.0, 0.5, 0.5 ] },
								"west": { "texture": "#metal", "uv": [ 0.0, 0.0, 3.0, 0.5 ] },
								"up": { "texture": "#metal", "uv": [ 0.0, 0.0, 0.5, 3.0 ] },
								"down": { "texture": "#metal", "uv": [ 0.0, 0.0, 0.5, 3.0 ] }
							}
						},
						{
							"name": "Cube12",
							"from": [ 0.0, 0.0, -3.5 ],
							"to": [ 1.0, 0.5, -3.0 ],
							"rotationOrigin": [ 0.0, 0.0, -3.5 ],
							"faces": {
								"north": { "texture": "#metal", "uv": [ 0.0, 0.0, 1.0, 0.5 ] },
								"east": { "texture": "#metal", "uv": [ 0.0, 0.0, 0.5, 0.5 ] },
								"south": { "texture": "#metal", "uv": [ 0.0, 0.0, 1.0, 0.5 ] },
								"west": { "texture": "#metal", "uv": [ 0.0, 0.0, 0.5, 0.5 ] },
								"up": { "texture": "#metal", "uv": [ 0.0, 0.0, 1.0, 0.5 ] },
								"down": { "texture": "#metal", "uv": [ 0.0, 0.0, 1.0, 0.5 ] }
							}
						}
					]
				},
				{
					"name": "Lid",
					"from": [ -0.5, 6.0, -0.5 ],
					"to": [ 3.5, 6.5, 3.5 ],
					"rotationOrigin": [ -0.5, 6.0, -0.5 ],
					"faces": {
						"north": { "texture": "#metal", "uv": [ 0.0, 0.0, 4.0, 0.5 ] },
						"east": { "texture": "#metal", "uv": [ 0.0, 0.0, 4.0, 0.5 ] },
						"south": { "texture": "#metal", "uv": [ 0.0, 0.0, 4.0, 0.5 ] },
						"west": { "texture": "#metal", "uv": [ 0.0, 0.0, 4.0, 0.5 ] },
						"up": { "texture": "#metal", "uv": [ 0.0, 0.0, 4.0, 4.0 ] },
						"down": { "texture": "#metal", "uv": [ 0.0, 0.0, 4.0, 4.0 ] }
					},
					"children": [
						{
							"name": "Lid Handle",
							"from": [ 1.5, 0.5, 1.5 ],
							"to": [ 2.5, 1.0, 2.5 ],
							"rotationOrigin": [ 1.5, 0.5, 1.5 ],
							"faces": {
								"north": { "texture": "#metal", "uv": [ 0.0, 0.0, 1.0, 0.5 ] },
								"east": { "texture": "#metal", "uv": [ 0.0, 0.0, 1.0, 0.5 ] },
								"south": { "texture": "#metal", "uv": [ 0.0, 0.0, 1.0, 0.5 ] },
								"west": { "texture": "#metal", "uv": [ 0.0, 0.0, 1.0, 0.5 ] },
								"up": { "texture": "#metal", "uv": [ 0.0, 0.0, 1.0, 1.0 ] },
								"down": { "texture": "#metal", "uv": [ 0.0, 0.0, 1.0, 1.0 ] }
							}
						}
					]
				},
				{
					"name": "W Handle2",
					"from": [ 5.0, 4.0, 0.0 ],
					"to": [ 6.0, 4.5, 0.5 ],
					"rotationOrigin": [ 5.0, 4.0, 0.0 ],
					"rotationY": -180.0,
					"faces": {
						"north": { "texture": "#metal", "uv": [ 0.0, 0.0, 1.0, 0.5 ] },
						"east": { "texture": "#metal", "uv": [ 0.0, 0.0, 0.5, 0.5 ] },
						"south": { "texture": "#metal", "uv": [ 0.0, 0.0, 1.0, 0.5 ] },
						"west": { "texture": "#metal", "uv": [ 0.0, 0.0, 0.5, 0.5 ] },
						"up": { "texture": "#metal", "uv": [ 0.0, 0.0, 1.0, 0.5 ] },
						"down": { "texture": "#metal", "uv": [ 0.0, 0.0, 1.0, 0.5 ] }
					},
					"children": [
						{
							"name": "Cube11",
							"from": [ 0.0, 0.0, -3.0 ],
							"to": [ 0.5, 0.5, 0.0 ],
							"rotationOrigin": [ 0.0, 0.0, -3.0 ],
							"faces": {
								"north": { "texture": "#metal", "uv": [ 0.0, 0.0, 0.5, 0.5 ] },
								"east": { "texture": "#metal", "uv": [ 0.0, 0.0, 3.0, 0.5 ] },
								"south": { "texture": "#metal", "uv": [ 0.0, 0.0, 0.5, 0.5 ] },
								"west": { "texture": "#metal", "uv": [ 0.0, 0.0, 3.0, 0.5 ] },
								"up": { "texture": "#metal", "uv": [ 0.0, 0.0, 0.5, 3.0 ] },
								"down": { "texture": "#metal", "uv": [ 0.0, 0.0, 0.5, 3.0 ] }
							}
						},
						{
							"name": "Cube13",
							"from": [ 0.0, 0.0, -3.5 ],
							"to": [ 1.0, 0.5, -3.0 ],
							"rotationOrigin": [ 0.0, 0.0, -3.5 ],
							"faces": {
								"north": { "texture": "#metal", "uv": [ 0.0, 0.0, 1.0, 0.5 ] },
								"east": { "texture": "#metal", "uv": [ 0.0, 0.0, 0.5, 0.5 ] },
								"south": { "texture": "#metal", "uv": [ 0.0, 0.0, 1.0, 0.5 ] },
								"west": { "texture": "#metal", "uv": [ 0.0, 0.0, 0.5, 0.5 ] },
								"up": { "texture": "#metal", "uv": [ 0.0, 0.0, 1.0, 0.5 ] },
								"down": { "texture": "#metal", "uv": [ 0.0, 0.0, 1.0, 0.5 ] }
							}
						}
					]
				}
			]
		}
	]}