[
  {
    "ingredientPattern": "PP,NF,PP",
    "ingredients": {
      "P": {"type": "item", "code": "game:metalplate-steel", "quantity": 1},
      "N": {"type": "item", "code": "game:metalnailsandstrips-steel", "quantity": 1},
      "F": {"type": "item", "code": "game:powder-borax", "quantity": 2}
    },
    "width": 2,
    "height": 3,
    "output": {"type": "item", "code": "maltiezfirearms:barrel-musket-steel"}
  },
  {
    "ingredientPattern": "_PP,NF_,_P_",
    "ingredients": {
      "P": {"type": "item", "code": "game:metalplate-steel", "quantity": 1},
      "N": {"type": "item", "code": "game:metalnailsandstrips-steel", "quantity": 1},
      "F": {"type": "item", "code": "game:powder-borax", "quantity": 2}
    },
    "width": 3,
    "height": 3,
    "output": {"type": "item", "code": "maltiezfirearms:barrel-blunderbuss-steel"}
  },
  {
    "ingredientPattern": "_P,NF,_P",
    "ingredients": {
      "P": {"type": "item", "code": "game:metalplate-steel", "quantity": 1},
      "N": {"type": "item", "code": "game:metalnailsandstrips-steel", "quantity": 1},
      "F": {"type": "item", "code": "game:powder-borax", "quantity": 2}
    },
    "width": 2,
    "height": 3,
    "output": {"type": "item", "code": "maltiezfirearms:barrel-carbine-steel"}
  },
  {
    "ingredientPattern": "_P,NF,__",
    "ingredients": {
      "P": {"type": "item", "code": "game:metalplate-steel", "quantity": 1},
      "N": {"type": "item", "code": "game:metalnailsandstrips-steel", "quantity": 1},
      "F": {"type": "item", "code": "game:powder-borax", "quantity": 2}
    },
    "width": 2,
    "height": 3,
    "output": {"type": "item", "code": "maltiezfirearms:barrel-pistol-steel"}
  },
  {
    "ingredientPattern": "PP,NF,__",
    "ingredients": {
      "P": {"type": "item", "code": "game:metalplate-steel", "quantity": 1},
      "N": {"type": "item", "code": "game:metalnailsandstrips-steel", "quantity": 1},
      "F": {"type": "item", "code": "game:powder-borax", "quantity": 2}
    },
    "width": 2,
    "height": 3,
    "output": {"type": "item", "code": "maltiezfirearms:barrel-arquebus-steel"}
  }
]